WBANNO,USDM_WEEK,LONGITUDE,LATITUDE,SMVWC_5_CM_MEAN,SMANOM_5_CM_MEAN,SMPERC_5_CM_30COUNTS,SMPERC_5_CM_70COUNTS,SMVWC_10_CM_MEAN,SMANOM_10_CM_MEAN,SMPERC_10_CM_30COUNTS,SMPERC_10_CM_70COUNTS,SMVWC_20_CM_MEAN,SMANOM_20_CM_MEAN,SMPERC_20_CM_30COUNTS,SMPERC_20_CM_70COUNTS,SMVWC_50_CM_MEAN,SMANOM_50_CM_MEAN,SMPERC_50_CM_30COUNTS,SMPERC_50_CM_70COUNTS,SMVWC_100_CM_MEAN,SMANOM_100_CM_MEAN,SMPERC_100_CM_30COUNTS,SMPERC_100_CM_70COUNTS,SMVWC_TOP_CM_MEAN,SMANOM_TOP_CM_MEAN,SMPERC_TOP_CM_30COUNTS,SMPERC_TOP_CM_70COUNTS,SMVWC_COLUMN_CM_MEAN,SMANOM_COLUMN_CM_MEAN,SMPERC_COLUMN_CM_30COUNTS,SMPERC_COLUMN_CM_70COUNTS
54811,20090607,-88.85,41.84,,,,,,,,,,,,,,,,,,,,,,,,,,,,
54811,20090608,-88.85,41.84,,,,,,,,,,,,,,,,,,,,,,,,,,,,
54811,20090609,-88.85,41.84,,,,,,,,,,,,,,,,,,,,,,,,,,,,
54811,20090610,-88.85,41.84,,,,,,,,,,,,,,,,,,,,,,,,,,,,
54811,20090611,-88.85,41.84,,,,,,,,,,,,,,,,,,,,,,,,,,,,
54811,20090612,-88.85,41.84,,,,,,,,,,,,,,,,,,,,,,,,,,,,
54811,20090613,-88.85,41.84,0.413,0.88,0,0.974,0.374,0.51,0,0.797,0.385,0.57,0,0.791,0.426,0.79,0,1,0.504,,,,0.394,0.74,0,0.797,0.42,,,
54811,20090614,-88.85,41.84,0.426,0.94,0,0.988,0.385,0.58,0,0.88,0.394,0.63,0,0.873,0.428,0.83,0,1,0.504,,,,0.406,0.8,0,0.88,0.428,,,
54811,20090615,-88.85,41.84,0.439,1,0,1,0.398,0.66,0,1,0.405,0.71,0,1,0.433,0.89,0,1,0.505,,,,0.419,0.88,0,1,0.436,,,
54811,20090616,-88.85,41.84,0.435,0.95,0,1,0.396,0.64,0,1,0.405,0.7,0,1,0.436,0.94,0,1,0.505,,,,0.415,0.84,0,1,0.435,,,
54811,20090617,-88.85,41.84,0.432,0.92,0,1,0.394,0.64,0,1,0.405,0.7,0,1,0.438,0.97,0,1,0.506,,,,0.413,0.82,0,1,0.435,,,
54811,20090618,-88.85,41.84,0.428,0.9,0,1,0.393,0.63,0,1,0.405,0.7,0,1,0.439,0.99,0,1,0.506,,,,0.411,0.8,0,1,0.434,,,
54811,20090619,-88.85,41.84,0.428,0.89,0,1,0.393,0.63,0,1,0.405,0.7,0,1,0.441,1,0,1,0.507,,,,0.41,0.8,0,1,0.435,,,
54811,20090620,-88.85,41.84,0.43,0.89,0,1,0.393,0.63,0,1,0.406,0.71,0,1,0.442,1.03,0,1,0.508,,,,0.411,0.79,0,1,0.436,,,
54811,20090621,-88.85,41.84,0.424,0.85,0,1,0.388,0.6,0,1,0.403,0.69,0,1,0.443,1.04,0,1,0.508,,,,0.406,0.76,0,1,0.433,,,
54811,20090622,-88.85,41.84,0.421,0.82,0,1,0.386,0.59,0,1,0.401,0.68,0,1,0.443,1.03,0,1,0.508,,,,0.403,0.73,0,1,0.432,,,
54811,20090623,-88.85,41.84,0.426,0.84,0,1,0.388,0.6,0,1,0.402,0.69,0,1,0.443,1.03,0,1,0.509,,,,0.407,0.75,0,1,0.433,,,
54811,20090624,-88.85,41.84,0.431,0.86,0,1,0.39,0.61,0,1,0.402,0.7,0,1,0.443,1.04,0,1,0.509,,,,0.411,0.76,0,1,0.435,,,
54811,20090625,-88.85,41.84,0.433,0.85,0,1,0.392,0.62,0,1,0.402,0.7,0,1,0.443,1.05,0,1,0.509,,,,0.412,0.76,0,1,0.436,,,
54811,20090626,-88.85,41.84,0.43,0.83,0,1,0.392,0.62,0,1,0.401,0.71,0,1,0.444,1.06,0,1,0.51,,,,0.411,0.74,0,1,0.435,,,
54811,20090627,-88.85,41.84,0.423,0.78,0,1,0.39,0.61,0,1,0.4,0.7,0,1,0.444,1.07,0,1,0.51,,,,0.407,0.71,0,1,0.433,,,
54811,20090628,-88.85,41.84,0.412,0.71,0,0.935,0.387,0.59,0,0.976,0.398,0.69,0,1,0.444,1.09,0,1,0.511,,,,0.4,0.66,0,0.952,0.431,,,
54811,20090629,-88.85,41.84,0.399,0.64,0,0.792,0.382,0.55,0,0.833,0.394,0.67,0,1,0.444,1.1,0,1,0.512,,,,0.391,0.6,0,0.81,0.426,,,
54811,20090630,-88.85,41.84,0.378,0.52,0,0.649,0.372,0.48,0,0.69,0.387,0.63,0,1,0.443,1.11,0,1,0.512,,,,0.375,0.5,0,0.667,0.419,,,
54811,20090701,-88.85,41.84,0.358,0.41,0,0.506,0.36,0.4,0,0.548,0.38,0.58,0,1,0.442,1.12,0,1,0.513,,,,0.359,0.39,0,0.524,0.411,,,
54811,20090702,-88.85,41.84,0.339,0.3,0,0.363,0.349,0.32,0,0.405,0.372,0.53,0,0.875,0.44,1.12,0,1,0.513,,,,0.344,0.3,0,0.381,0.403,,,
54811,20090703,-88.85,41.84,0.322,0.2,0,0.22,0.337,0.24,0,0.262,0.364,0.48,0,0.732,0.438,1.11,0,1,0.513,,,,0.33,0.2,0,0.238,0.395,,,
54811,20090704,-88.85,41.84,0.308,0.12,0,0.077,0.327,0.17,0,0.119,0.357,0.44,0,0.589,0.436,1.1,0,1,0.513,,,,0.318,0.12,0,0.095,0.388,,,
54811,20090705,-88.85,41.84,0.298,0.06,0,0,0.318,0.1,0,0,0.35,0.39,0,0.446,0.434,1.09,0,1,0.513,,,,0.308,0.06,0,0,0.382,,,
54811,20090706,-88.85,41.84,0.29,0.01,0,0,0.311,0.05,0,0,0.344,0.36,0,0.304,0.431,1.07,0,1,0.513,,,,0.301,0.01,0,0,0.378,,,
54811,20090707,-88.85,41.84,0.284,-0.02,0,0,0.305,0.01,0,0,0.34,0.33,0,0.161,0.43,1.06,0,1,0.513,,,,0.295,-0.03,0,0,0.374,,,
54811,20090708,-88.85,41.84,0.278,-0.06,0,0,0.3,-0.03,0,0,0.335,0.3,0,0.018,0.428,1.05,0,1,0.513,,,,0.289,-0.07,0,0,0.371,,,
54811,20090709,-88.85,41.84,0.276,-0.07,0,0,0.295,-0.07,0,0,0.332,0.28,0,0,0.427,1.04,0,1,0.513,,,,0.286,-0.09,0,0,0.368,,,
54811,20090710,-88.85,41.84,0.277,-0.07,0,0,0.292,-0.09,0,0,0.328,0.26,0,0,0.426,1.04,0,1,0.513,,,,0.284,-0.1,0,0,0.367,,,
54811,20090711,-88.85,41.84,0.286,0.01,0,0.113,0.29,-0.11,0,0,0.326,0.25,0,0,0.425,1.03,0,1,0.512,,,,0.288,-0.07,0,0.024,0.368,,,
54811,20090712,-88.85,41.84,0.299,0.12,0,0.256,0.29,-0.1,0,0,0.324,0.24,0,0,0.424,1.03,0,1,0.512,,,,0.295,-0.01,0,0.113,0.37,,,
54811,20090713,-88.85,41.84,0.308,0.2,0,0.399,0.29,-0.1,0,0,0.323,0.24,0,0,0.423,1.03,0,1,0.512,,,,0.299,0.03,0,0.113,0.371,,,
54811,20090714,-88.85,41.84,0.314,0.26,0,0.476,0.29,-0.09,0,0,0.321,0.24,0,0,0.422,1.04,0,1,0.512,,,,0.302,0.07,0,0.113,0.372,,,
54811,20090715,-88.85,41.84,0.319,0.31,0,0.476,0.288,-0.1,0,0,0.32,0.24,0,0,0.421,1.03,0,1,0.512,,,,0.304,0.09,0,0.113,0.372,,,
54811,20090716,-88.85,41.84,0.32,0.33,0,0.476,0.287,-0.12,0,0,0.318,0.24,0,0,0.42,1.03,0,1,0.512,,,,0.304,0.09,0,0.113,0.371,,,
54811,20090717,-88.85,41.84,0.318,0.32,0,0.476,0.284,-0.14,0.006,0,0.317,0.23,0,0,0.419,1.03,0,1,0.512,,,,0.301,0.08,0,0.113,0.37,,,
54811,20090718,-88.85,41.84,0.307,0.24,0,0.363,0.28,-0.17,0.143,0,0.314,0.21,0,0,0.418,1.03,0,1,0.512,,,,0.293,0.02,0,0.089,0.366,,,
54811,20090719,-88.85,41.84,0.29,0.11,0,0.22,0.273,-0.24,0.286,0,0.31,0.17,0,0,0.417,1.02,0,1,0.511,,,,0.281,-0.08,0.024,0,0.36,,,
54811,20090720,-88.85,41.84,0.277,0.01,0,0.077,0.265,-0.3,0.429,0,0.306,0.14,0,0,0.416,1,0,1,0.511,,,,0.271,-0.16,0.167,0,0.355,,,
54811,20090721,-88.85,41.84,0.266,-0.07,0.006,0,0.258,-0.37,0.571,0,0.301,0.09,0,0,0.414,0.98,0,1,0.511,,,,0.262,-0.24,0.31,0,0.35,,,
54811,20090722,-88.85,41.84,0.257,-0.14,0.018,0,0.251,-0.42,0.714,0,0.297,0.05,0,0,0.413,0.96,0,1,0.51,,,,0.254,-0.31,0.452,0,0.346,,,
54811,20090723,-88.85,41.84,0.25,-0.19,0.018,0,0.246,-0.47,0.857,0,0.293,0,0,0,0.412,0.94,0,1,0.511,,,,0.248,-0.36,0.595,0,0.342,,,
54811,20090724,-88.85,41.84,0.253,-0.14,0.018,0.089,0.247,-0.46,0.899,0,0.291,-0.02,0,0,0.411,0.93,0,1,0.511,,,,0.25,-0.33,0.643,0,0.342,,,
54811,20090725,-88.85,41.84,0.265,-0.03,0.018,0.232,0.251,-0.42,0.762,0,0.289,-0.03,0,0,0.41,0.91,0,1,0.511,,,,0.258,-0.25,0.643,0.048,0.345,,,
54811,20090726,-88.85,41.84,0.28,0.12,0.018,0.375,0.256,-0.37,0.619,0,0.289,-0.03,0,0,0.409,0.9,0,1,0.511,,,,0.268,-0.14,0.619,0.137,0.349,,,
54811,20090727,-88.85,41.84,0.292,0.23,0.018,0.518,0.261,-0.32,0.476,0,0.29,-0.03,0,0,0.408,0.89,0,1,0.51,,,,0.277,-0.05,0.476,0.137,0.352,,,
54811,20090728,-88.85,41.84,0.302,0.33,0.012,0.607,0.266,-0.27,0.333,0,0.29,-0.01,0,0,0.407,0.89,0,1,0.51,,,,0.284,0.03,0.333,0.137,0.355,,,
54811,20090729,-88.85,41.84,0.314,0.45,0,0.75,0.272,-0.22,0.19,0,0.292,0.01,0,0,0.407,0.89,0,1,0.51,,,,0.293,0.12,0.19,0.137,0.359,,,
54811,20090730,-88.85,41.84,0.324,0.54,0,0.78,0.276,-0.16,0.048,0,0.293,0.02,0,0,0.406,0.89,0,1,0.509,,,,0.3,0.2,0.048,0.137,0.362,,,
54811,20090731,-88.85,41.84,0.323,0.54,0,0.69,0.274,-0.17,0,0,0.292,0.02,0,0,0.406,0.89,0,1,0.509,,,,0.298,0.2,0,0.137,0.361,,,
54811,20090801,-88.85,41.84,0.312,0.47,0,0.548,0.269,-0.2,0,0,0.291,0.02,0,0,0.405,0.88,0,1,0.509,,,,0.291,0.14,0,0.089,0.357,,,
54811,20090802,-88.85,41.84,0.297,0.36,0,0.405,0.263,-0.25,0.012,0,0.289,0,0,0,0.404,0.87,0,1,0.509,,,,0.28,0.06,0,0,0.352,,,
54811,20090803,-88.85,41.84,0.286,0.28,0,0.262,0.257,-0.29,0.131,0,0.287,-0.01,0,0,0.402,0.86,0,1,0.509,,,,0.272,0,0,0,0.348,,,
54811,20090804,-88.85,41.84,0.276,0.21,0,0.173,0.252,-0.32,0.274,0,0.285,-0.03,0,0,0.401,0.84,0,1,0.509,,,,0.264,-0.06,0,0,0.345,,,
54811,20090805,-88.85,41.84,0.264,0.12,0,0.03,0.247,-0.36,0.417,0,0.283,-0.05,0,0,0.399,0.82,0,1,0.509,,,,0.256,-0.13,0,0,0.34,,,
54811,20090806,-88.85,41.84,0.254,0.04,0,0,0.241,-0.41,0.56,0,0.28,-0.07,0,0,0.398,0.81,0,1,0.509,,,,0.247,-0.2,0.113,0,0.336,,,
54811,20090807,-88.85,41.84,0.243,-0.04,0,0,0.236,-0.46,0.702,0,0.277,-0.11,0,0,0.396,0.8,0,1,0.509,,,,0.24,-0.27,0.256,0,0.332,,,
54811,20090808,-88.85,41.84,0.249,0,0,0.095,0.238,-0.44,0.756,0,0.275,-0.12,0,0,0.395,0.79,0,1,0.509,,,,0.244,-0.23,0.298,0.089,0.333,,,
54811,20090809,-88.85,41.84,0.264,0.12,0,0.238,0.246,-0.36,0.744,0,0.276,-0.12,0,0,0.393,0.79,0,1,0.509,,,,0.255,-0.13,0.298,0.232,0.338,,,
54811,20090810,-88.85,41.84,0.277,0.23,0,0.381,0.254,-0.29,0.625,0,0.277,-0.1,0,0,0.392,0.79,0,1,0.509,,,,0.266,-0.03,0.298,0.327,0.342,,,
54811,20090811,-88.85,41.84,0.289,0.33,0,0.524,0.261,-0.22,0.482,0,0.278,-0.09,0,0,0.391,0.79,0,1,0.51,,,,0.275,0.05,0.298,0.327,0.346,,,
54811,20090812,-88.85,41.84,0.299,0.41,0,0.625,0.267,-0.16,0.339,0,0.28,-0.06,0,0,0.389,0.78,0,1,0.51,,,,0.283,0.12,0.298,0.327,0.349,,,
54811,20090813,-88.85,41.84,0.308,0.49,0,0.625,0.273,-0.11,0.196,0,0.281,-0.04,0,0,0.387,0.76,0,1,0.51,,,,0.29,0.19,0.185,0.327,0.352,,,
54811,20090814,-88.85,41.84,0.314,0.55,0,0.625,0.278,-0.06,0.054,0,0.283,-0.01,0,0,0.386,0.75,0,1,0.51,,,,0.296,0.25,0.042,0.327,0.354,,,
54811,20090815,-88.85,41.84,0.305,0.47,0,0.53,0.275,-0.09,0.077,0,0.284,0,0,0,0.384,0.74,0,1,0.511,,,,0.29,0.19,0,0.238,0.352,,,
54811,20090816,-88.85,41.84,0.285,0.32,0,0.387,0.264,-0.18,0.22,0,0.282,-0.02,0,0,0.383,0.73,0,1,0.511,,,,0.274,0.06,0.089,0.095,0.345,,,
54811,20090817,-88.85,41.84,0.269,0.19,0,0.244,0.253,-0.28,0.363,0,0.279,-0.04,0,0,0.381,0.71,0,1,0.511,,,,0.261,-0.07,0.22,0,0.339,,,
54811,20090818,-88.85,41.84,0.264,0.16,0,0.238,0.244,-0.36,0.506,0,0.276,-0.08,0,0,0.38,0.7,0,1,0.511,,,,0.254,-0.12,0.22,0,0.335,,,
54811,20090819,-88.85,41.84,0.26,0.14,0,0.185,0.236,-0.43,0.649,0,0.272,-0.11,0,0,0.379,0.69,0,1,0.512,,,,0.248,-0.17,0.22,0,0.332,,,
54811,20090820,-88.85,41.84,0.267,0.21,0,0.262,0.233,-0.46,0.714,0,0.269,-0.15,0,0,0.377,0.67,0,1,0.511,,,,0.25,-0.15,0.22,0.077,0.332,,,
54811,20090821,-88.85,41.84,0.285,0.37,0,0.405,0.238,-0.42,0.714,0,0.267,-0.17,0,0,0.376,0.65,0,1,0.511,,,,0.261,-0.04,0.22,0.22,0.335,,,
54811,20090822,-88.85,41.84,0.302,0.52,0,0.548,0.243,-0.37,0.637,0,0.265,-0.19,0,0,0.375,0.62,0,1,0.511,,,,0.273,0.07,0.22,0.363,0.339,,,
54811,20090823,-88.85,41.84,0.319,0.67,0,0.69,0.25,-0.32,0.494,0,0.264,-0.2,0,0,0.374,0.59,0,1,0.51,,,,0.284,0.19,0.131,0.399,0.343,,,
54811,20090824,-88.85,41.84,0.333,0.79,0,0.833,0.256,-0.26,0.351,0,0.263,-0.21,0,0,0.372,0.55,0,1,0.51,,,,0.294,0.29,0,0.399,0.347,,,
54811,20090825,-88.85,41.84,0.335,0.8,0,0.804,0.26,-0.22,0.208,0,0.263,-0.21,0,0,0.371,0.5,0,0.958,0.51,,,,0.298,0.32,0,0.399,0.348,,,
54811,20090826,-88.85,41.84,0.336,0.8,0,0.768,0.264,-0.18,0.065,0,0.264,-0.22,0,0,0.37,0.44,0,0.833,0.509,,,,0.3,0.34,0,0.399,0.349,,,
54811,20090827,-88.85,41.84,0.35,0.91,0,0.833,0.277,-0.07,0,0.095,0.269,-0.18,0,0.018,0.369,0.39,0,0.69,0.509,,,,0.314,0.47,0,0.464,0.355,,,
54811,20090828,-88.85,41.84,0.357,0.95,0,0.833,0.29,0.05,0,0.238,0.287,-0.03,0,0.161,0.369,0.36,0,0.619,0.509,,,,0.324,0.55,0,0.464,0.363,,,
54811,20090829,-88.85,41.84,0.364,1,0,0.833,0.303,0.16,0,0.381,0.304,0.1,0,0.304,0.371,0.34,0,0.619,0.509,,,,0.333,0.63,0,0.464,0.37,,,
54811,20090830,-88.85,41.84,0.371,1.05,0,0.833,0.314,0.26,0,0.524,0.319,0.22,0,0.446,0.373,0.33,0,0.619,0.509,,,,0.342,0.71,0,0.571,0.377,,,
54811,20090831,-88.85,41.84,0.378,1.11,0,0.833,0.325,0.36,0,0.667,0.334,0.33,0,0.589,0.376,0.34,0,0.619,0.508,,,,0.352,0.79,0,0.714,0.384,,,
54811,20090901,-88.85,41.84,0.388,1.18,0,0.869,0.337,0.47,0,0.81,0.347,0.44,0,0.732,0.378,0.35,0,0.661,0.508,,,,0.362,0.89,0,0.857,0.392,,,
54811,20090902,-88.85,41.84,0.397,1.27,0,1,0.349,0.58,0,0.952,0.36,0.54,0,0.875,0.381,0.37,0,0.786,0.508,,,,0.373,0.99,0,1,0.399,,,
54811,20090903,-88.85,41.84,0.385,1.17,0,1,0.349,0.58,0,0.994,0.368,0.6,0,1,0.383,0.38,0,0.929,0.507,,,,0.367,0.94,0,1,0.398,,,
54811,20090904,-88.85,41.84,0.37,1.06,0,1,0.341,0.52,0,0.905,0.362,0.55,0,1,0.385,0.39,0,1,0.507,,,,0.355,0.85,0,1,0.393,,,
54811,20090905,-88.85,41.84,0.355,0.96,0,1,0.334,0.47,0,0.762,0.357,0.51,0,0.976,0.386,0.38,0,1,0.506,,,,0.344,0.77,0,1,0.387,,,
54811,20090906,-88.85,41.84,0.341,0.86,0,1,0.326,0.42,0,0.619,0.352,0.48,0,0.833,0.385,0.36,0,1,0.506,,,,0.334,0.7,0,1,0.382,,,
54811,20090907,-88.85,41.84,0.328,0.77,0,1,0.32,0.38,0,0.476,0.348,0.45,0,0.69,0.385,0.35,0,1,0.506,,,,0.324,0.64,0,1,0.377,,,
54811,20090908,-88.85,41.84,0.315,0.69,0,0.97,0.312,0.34,0,0.333,0.345,0.42,0,0.548,0.385,0.34,0,1,0.506,,,,0.314,0.57,0,0.869,0.372,,,
54811,20090909,-88.85,41.84,0.303,0.6,0,0.827,0.303,0.28,0,0.19,0.341,0.4,0,0.405,0.384,0.33,0,1,0.506,,,,0.303,0.5,0,0.726,0.367,,,
54811,20090910,-88.85,41.84,0.292,0.52,0,0.685,0.295,0.22,0,0.054,0.337,0.37,0,0.262,0.384,0.32,0,1,0.506,,,,0.293,0.43,0,0.583,0.363,,,
54811,20090911,-88.85,41.84,0.283,0.45,0,0.542,0.286,0.16,0,0,0.333,0.34,0,0.119,0.384,0.32,0,1,0.507,,,,0.284,0.36,0,0.44,0.358,,,
54811,20090912,-88.85,41.84,0.275,0.39,0,0.399,0.276,0.1,0,0,0.328,0.31,0,0,0.383,0.31,0,1,0.507,,,,0.276,0.29,0,0.298,0.354,,,
54811,20090913,-88.85,41.84,0.268,0.34,0,0.256,0.267,0.03,0,0,0.323,0.27,0,0,0.383,0.31,0,1,0.507,,,,0.268,0.22,0,0.155,0.35,,,
54811,20090914,-88.85,41.84,0.261,0.28,0,0.113,0.258,-0.05,0,0,0.317,0.23,0,0,0.383,0.31,0,1,0.508,,,,0.26,0.15,0,0.012,0.345,,,
54811,20090915,-88.85,41.84,0.254,0.23,0,0,0.249,-0.12,0.113,0,0.311,0.19,0,0,0.382,0.3,0,1,0.507,,,,0.252,0.08,0,0,0.341,,,
54811,20090916,-88.85,41.84,0.249,0.18,0,0,0.241,-0.19,0.256,0,0.305,0.14,0,0,0.381,0.29,0,1,0.507,,,,0.245,0.02,0,0,0.336,,,
54811,20090917,-88.85,41.84,0.242,0.13,0,0,0.233,-0.26,0.399,0,0.298,0.09,0,0,0.38,0.29,0,1,0.507,,,,0.238,-0.05,0,0,0.332,,,
54811,20090918,-88.85,41.84,0.236,0.08,0,0,0.225,-0.32,0.542,0,0.29,0.04,0,0,0.379,0.28,0,1,0.508,,,,0.231,-0.11,0,0,0.328,,,
54811,20090919,-88.85,41.84,0.23,0.04,0,0,0.218,-0.37,0.685,0,0.283,-0.01,0,0,0.377,0.27,0,0.964,0.508,,,,0.224,-0.16,0,0,0.323,,,
54811,20090920,-88.85,41.84,0.225,0,0,0,0.213,-0.41,0.827,0,0.276,-0.06,0,0,0.376,0.27,0,0.958,0.508,,,,0.219,-0.21,0.006,0,0.32,,,
54811,20090921,-88.85,41.84,0.23,0.05,0,0.083,0.211,-0.42,0.887,0,0.271,-0.09,0,0,0.375,0.26,0,0.958,0.507,,,,0.22,-0.19,0.036,0.006,0.319,,,
54811,20090922,-88.85,41.84,0.24,0.14,0,0.226,0.212,-0.4,0.774,0,0.268,-0.11,0,0,0.374,0.26,0,0.952,0.508,,,,0.226,-0.13,0.036,0.006,0.32,,,
54811,20090923,-88.85,41.84,0.256,0.29,0,0.369,0.219,-0.33,0.631,0,0.267,-0.11,0,0,0.372,0.26,0,0.952,0.508,,,,0.237,-0.01,0.036,0.125,0.324,,,
54811,20090924,-88.85,41.84,0.272,0.42,0,0.512,0.227,-0.25,0.488,0,0.268,-0.1,0,0,0.371,0.27,0,0.952,0.507,,,,0.249,0.1,0.036,0.268,0.329,,,
54811,20090925,-88.85,41.84,0.288,0.56,0,0.655,0.235,-0.18,0.345,0,0.269,-0.09,0,0,0.37,0.27,0,0.952,0.507,,,,0.261,0.22,0.036,0.411,0.334,,,
54811,20090926,-88.85,41.84,0.303,0.69,0,0.798,0.243,-0.1,0.202,0,0.272,-0.06,0,0,0.369,0.28,0,0.988,0.507,,,,0.273,0.33,0.036,0.554,0.339,,,
54811,20090927,-88.85,41.84,0.318,0.83,0,0.94,0.252,-0.02,0.06,0,0.274,-0.04,0,0,0.368,0.28,0,0.994,0.506,,,,0.285,0.44,0.03,0.69,0.344,,,
54811,20090928,-88.85,41.84,0.326,0.88,0,1,0.258,0.03,0,0,0.276,-0.02,0,0,0.367,0.29,0,0.994,0.506,,,,0.292,0.5,0,0.744,0.347,,,
54811,20090929,-88.85,41.84,0.329,0.9,0,1,0.261,0.05,0,0,0.277,-0.01,0,0,0.367,0.29,0,1,0.506,,,,0.295,0.51,0,0.774,0.348,,,
54811,20090930,-88.85,41.84,0.323,0.84,0,1,0.258,0.03,0,0,0.276,-0.02,0,0,0.366,0.29,0,0.982,0.505,,,,0.291,0.46,0,0.655,0.346,,,
54811,20091001,-88.85,41.84,0.317,0.77,0,0.946,0.255,-0.01,0,0,0.274,-0.03,0,0,0.365,0.28,0,0.97,0.505,,,,0.286,0.4,0,0.512,0.343,,,
54811,20091002,-88.85,41.84,0.323,0.79,0,0.899,0.258,0.01,0,0.054,0.276,-0.01,0,0.048,0.364,0.28,0,0.923,0.505,,,,0.29,0.41,0,0.452,0.345,,,
54811,20091003,-88.85,41.84,0.338,0.88,0,0.899,0.272,0.09,0,0.196,0.287,0.08,0,0.19,0.363,0.27,0,0.821,0.506,,,,0.305,0.5,0,0.452,0.353,,,
54811,20091004,-88.85,41.84,0.352,0.96,0,0.899,0.285,0.18,0,0.339,0.298,0.17,0,0.333,0.362,0.26,0,0.69,0.506,,,,0.319,0.58,0,0.458,0.361,,,
54811,20091005,-88.85,41.84,0.363,1,0,0.899,0.298,0.26,0,0.482,0.308,0.26,0,0.476,0.361,0.25,0,0.56,0.506,,,,0.33,0.64,0,0.542,0.367,,,
54811,20091006,-88.85,41.84,0.373,1.04,0,0.899,0.31,0.34,0,0.625,0.318,0.34,0,0.619,0.36,0.25,0,0.429,0.506,,,,0.341,0.69,0,0.655,0.373,,,
54811,20091007,-88.85,41.84,0.386,1.1,0,0.899,0.322,0.41,0,0.768,0.328,0.42,0,0.762,0.359,0.24,0,0.31,0.505,,,,0.354,0.76,0,0.798,0.38,,,
54811,20091008,-88.85,41.84,0.399,1.17,0,0.952,0.334,0.48,0,0.863,0.337,0.5,0,0.905,0.358,0.24,0,0.22,0.506,,,,0.366,0.83,0,0.94,0.387,,,
54811,20091009,-88.85,41.84,0.4,1.16,0,1,0.34,0.5,0,0.81,0.343,0.54,0,1,0.358,0.24,0,0.131,0.506,,,,0.37,0.83,0,1,0.389,,,
54811,20091010,-88.85,41.84,0.4,1.13,0,1,0.34,0.46,0,0.774,0.34,0.5,0,1,0.357,0.24,0,0.119,0.506,,,,0.37,0.8,0,1,0.389,,,
54811,20091011,-88.85,41.84,0.398,1.1,0,1,0.339,0.42,0,0.744,0.338,0.47,0,1,0.356,0.24,0,0.107,0.506,,,,0.369,0.76,0,1,0.387,,,
54811,20091012,-88.85,41.84,0.398,1.07,0,1,0.338,0.38,0,0.601,0.337,0.44,0,0.988,0.356,0.24,0,0.101,0.505,,,,0.368,0.73,0,1,0.387,,,
54811,20091013,-88.85,41.84,0.398,1.05,0,1,0.339,0.33,0,0.458,0.336,0.41,0,0.94,0.355,0.24,0,0.089,0.505,,,,0.369,0.7,0,1,0.387,,,
54811,20091014,-88.85,41.84,0.397,1.01,0,1,0.339,0.29,0,0.315,0.335,0.38,0,0.798,0.354,0.23,0,0.083,0.505,,,,0.368,0.66,0,1,0.386,,,
54811,20091015,-88.85,41.84,0.398,0.99,0,1,0.339,0.26,0,0.22,0.335,0.35,0,0.655,0.353,0.22,0,0.042,0.503,,,,0.369,0.64,0,1,0.386,,,
54811,20091016,-88.85,41.84,0.406,1.01,0,1,0.345,0.26,0,0.315,0.337,0.34,0,0.589,0.352,0.22,0,0.042,0.502,,,,0.376,0.65,0,1,0.388,,,
54811,20091017,-88.85,41.84,0.405,0.98,0,1,0.346,0.23,0,0.208,0.34,0.34,0,0.56,0.351,0.21,0,0.012,0.5,,,,0.376,0.62,0,1,0.388,,,
54811,20091018,-88.85,41.84,0.405,0.95,0,1,0.346,0.21,0,0.095,0.341,0.33,0,0.417,0.35,0.21,0,0.012,0.499,,,,0.375,0.6,0,1,0.388,,,
54811,20091019,-88.85,41.84,0.404,0.92,0,1,0.346,0.18,0,0.095,0.343,0.31,0,0.292,0.35,0.2,0,0.006,0.498,,,,0.375,0.58,0,1,0.388,,,
54811,20091020,-88.85,41.84,0.404,0.9,0,1,0.347,0.17,0,0.096,0.343,0.29,0,0.198,0.349,0.19,0,0.006,0.497,,,,0.375,0.56,0,1,0.388,,,
54811,20091021,-88.85,41.84,0.404,0.89,0,1,0.347,0.15,0,0.096,0.345,0.28,0,0.198,0.349,0.19,0,0.006,0.497,,,,0.376,0.55,0,1,0.388,,,
54811,20091022,-88.85,41.84,0.403,0.86,0,1,0.348,0.14,0,0.096,0.346,0.28,0,0.198,0.349,0.18,0,0.006,0.496,,,,0.376,0.53,0,0.976,0.389,,,
54811,20091023,-88.85,41.84,0.404,0.85,0,1,0.35,0.14,0,0.084,0.35,0.29,0,0.198,0.352,0.2,0,0.048,0.496,,,,0.377,0.53,0,0.964,0.39,,,
54811,20091024,-88.85,41.84,0.407,0.84,0,1,0.352,0.15,0,0.174,0.353,0.31,0,0.228,0.361,0.28,0,0.192,0.496,,,,0.38,0.53,0,0.964,0.394,,,
54811,20091025,-88.85,41.84,0.409,0.82,0,1,0.354,0.15,0,0.174,0.356,0.33,0,0.371,0.369,0.36,0,0.335,0.495,,,,0.381,0.53,0,0.964,0.397,,,
54811,20091026,-88.85,41.84,0.415,0.83,0,1,0.357,0.17,0,0.222,0.359,0.36,0,0.509,0.378,0.43,0,0.479,0.496,,,,0.386,0.54,0,0.964,0.401,,,
54811,20091027,-88.85,41.84,0.422,0.85,0,1,0.362,0.2,0,0.315,0.364,0.41,0,0.649,0.388,0.51,0,0.619,0.496,,,,0.392,0.57,0,0.964,0.406,,,
54811,20091028,-88.85,41.84,0.428,0.86,0,1,0.365,0.23,0,0.315,0.368,0.45,0,0.792,0.397,0.58,0,0.762,0.496,,,,0.396,0.59,0,0.964,0.411,,,
54811,20091029,-88.85,41.84,0.433,0.88,0,1,0.369,0.25,0,0.315,0.372,0.48,0,0.935,0.405,0.64,0,0.905,0.496,,,,0.401,0.61,0,0.988,0.415,,,
54811,20091030,-88.85,41.84,0.432,0.87,0,1,0.369,0.26,0,0.292,0.373,0.5,0,1,0.412,0.7,0,1,0.497,,,,0.4,0.62,0,1,0.416,,,
54811,20091031,-88.85,41.84,0.434,0.9,0,1,0.371,0.29,0,0.345,0.374,0.53,0,1,0.415,0.71,0,1,0.498,,,,0.403,0.66,0,1,0.419,,,
54811,20091101,-88.85,41.84,0.434,0.9,0,1,0.372,0.3,0,0.375,0.375,0.54,0,1,0.417,0.71,0,1,0.499,,,,0.403,0.67,0,1,0.419,,,
54811,20091102,-88.85,41.84,0.431,0.89,0,1,0.37,0.28,0,0.327,0.374,0.53,0,1,0.418,0.71,0,1,0.5,,,,0.4,0.66,0,1,0.419,,,
54811,20091103,-88.85,41.84,0.426,0.86,0,1,0.367,0.24,0,0.232,0.372,0.51,0,1,0.417,0.69,0,1,0.502,,,,0.397,0.64,0,1,0.417,,,
54811,20091104,-88.85,41.84,0.423,0.83,0,1,0.365,0.21,0,0.232,0.371,0.49,0,0.97,0.417,0.68,0,1,0.504,,,,0.394,0.62,0,1,0.416,,,
54811,20091105,-88.85,41.84,0.419,0.8,0,1,0.364,0.17,0,0.232,0.37,0.47,0,0.881,0.416,0.67,0,1,0.506,,,,0.391,0.59,0,0.994,0.415,,,
54811,20091106,-88.85,41.84,0.411,0.74,0,1,0.359,0.1,0,0.173,0.366,0.42,0,0.738,0.414,0.65,0,1,0.508,,,,0.385,0.53,0,0.857,0.412,,,
54811,20091107,-88.85,41.84,0.401,0.66,0,1,0.353,-0.01,0,0.03,0.361,0.34,0,0.595,0.41,0.61,0,1,0.51,,,,0.377,0.43,0,0.714,0.407,,,
54811,20091108,-88.85,41.84,0.394,0.61,0,1,0.349,-0.07,0,0,0.358,0.29,0,0.452,0.408,0.58,0,1,0.512,,,,0.372,0.36,0,0.571,0.404,,,
54811,20091109,-88.85,41.84,0.388,0.55,0,1,0.347,-0.12,0,0,0.356,0.25,0,0.31,0.407,0.56,0,1,0.512,,,,0.367,0.3,0,0.429,0.402,,,
54811,20091110,-88.85,41.84,0.382,0.5,0,0.952,0.345,-0.16,0,0,0.355,0.21,0,0.167,0.405,0.55,0,1,0.511,,,,0.363,0.24,0,0.286,0.4,,,
54811,20091111,-88.85,41.84,0.375,0.44,0,0.81,0.343,-0.2,0.042,0,0.353,0.17,0,0.054,0.405,0.53,0,1,0.512,,,,0.359,0.18,0,0.143,0.398,,,
54811,20091112,-88.85,41.84,0.369,0.37,0,0.667,0.34,-0.25,0.185,0,0.351,0.13,0,0,0.404,0.52,0,1,0.51,,,,0.354,0.11,0,0.006,0.395,,,
54811,20091113,-88.85,41.84,0.362,0.31,0,0.524,0.338,-0.3,0.327,0,0.35,0.1,0,0,0.403,0.51,0,1,0.51,,,,0.35,0.04,0,0,0.393,,,
54811,20091114,-88.85,41.84,0.357,0.25,0,0.381,0.335,-0.34,0.47,0,0.349,0.06,0,0,0.403,0.49,0,1,0.51,,,,0.346,-0.02,0,0,0.391,,,
54811,20091115,-88.85,41.84,0.352,0.19,0,0.238,0.333,-0.38,0.613,0,0.347,0.03,0,0,0.402,0.48,0,1,0.509,,,,0.342,-0.08,0,0,0.388,,,
54811,20091116,-88.85,41.84,0.346,0.12,0,0.095,0.33,-0.42,0.756,0,0.346,0,0,0,0.401,0.46,0,1,0.509,,,,0.338,-0.14,0,0,0.386,,,
54811,20091117,-88.85,41.84,0.341,0.05,0,0,0.328,-0.48,0.899,0,0.344,-0.03,0,0,0.4,0.44,0,1,0.509,,,,0.334,-0.2,0.054,0,0.384,,,
54811,20091118,-88.85,41.84,0.336,-0.02,0.006,0,0.325,-0.52,1,0,0.342,-0.06,0,0,0.399,0.42,0,1,0.507,,,,0.33,-0.26,0.196,0,0.382,,,
54811,20091119,-88.85,41.84,0.332,-0.08,0.006,0,0.323,-0.56,1,0,0.341,-0.09,0,0,0.398,0.4,0,1,0.507,,,,0.328,-0.31,0.339,0,0.38,,,
54811,20091120,-88.85,41.84,0.329,-0.12,0.006,0,0.322,-0.6,1,0,0.341,-0.11,0,0,0.397,0.38,0,1,0.507,,,,0.325,-0.35,0.482,0,0.379,,,
54811,20091121,-88.85,41.84,0.326,-0.16,0.006,0,0.321,-0.64,1,0,0.34,-0.13,0,0,0.396,0.37,0,1,0.505,,,,0.323,-0.39,0.625,0,0.378,,,
54811,20091122,-88.85,41.84,0.324,-0.2,0.006,0,0.319,-0.68,1,0,0.339,-0.15,0,0,0.396,0.36,0,1,0.505,,,,0.321,-0.43,0.768,0,0.376,,,
54811,20091123,-88.85,41.84,0.322,-0.23,0.006,0,0.318,-0.71,1,0,0.338,-0.17,0,0,0.395,0.34,0,1,0.505,,,,0.32,-0.47,0.911,0,0.376,,,
54811,20091124,-88.85,41.84,0.321,-0.25,0.006,0,0.317,-0.74,1,0,0.338,-0.18,0,0,0.394,0.33,0,1,0.504,,,,0.319,-0.5,1,0,0.375,,,
54811,20091125,-88.85,41.84,0.332,-0.12,0,0.077,0.321,-0.7,0.935,0,0.339,-0.17,0,0,0.394,0.33,0,1,0.505,,,,0.326,-0.43,0.923,0.071,0.378,,,
54811,20091126,-88.85,41.84,0.35,0.09,0,0.22,0.33,-0.62,0.792,0,0.344,-0.11,0,0.06,0.395,0.33,0,1,0.505,,,,0.34,-0.29,0.78,0.214,0.385,,,
54811,20091127,-88.85,41.84,0.366,0.28,0,0.363,0.337,-0.54,0.649,0,0.349,-0.06,0,0.119,0.398,0.34,0,1,0.505,,,,0.352,-0.16,0.637,0.333,0.391,,,
54811,20091128,-88.85,41.84,0.38,0.43,0,0.506,0.343,-0.48,0.506,0,0.353,-0.01,0,0.119,0.4,0.35,0,1,0.506,,,,0.361,-0.06,0.494,0.333,0.396,,,
54811,20091129,-88.85,41.84,0.392,0.57,0,0.649,0.349,-0.42,0.363,0,0.356,0.03,0,0.119,0.401,0.35,0,1,0.505,,,,0.37,0.04,0.351,0.333,0.401,,,
54811,20091130,-88.85,41.84,0.405,0.69,0,0.792,0.354,-0.37,0.232,0,0.36,0.06,0,0.119,0.403,0.36,0,1,0.506,,,,0.379,0.12,0.208,0.333,0.405,,,
54811,20091201,-88.85,41.84,0.416,0.8,0,0.935,0.359,-0.32,0.19,0,0.362,0.1,0,0.119,0.404,0.36,0,1,0.506,,,,0.388,0.2,0.065,0.333,0.409,,,
54811,20091202,-88.85,41.84,0.417,0.78,0,1,0.359,-0.33,0.256,0,0.363,0.1,0,0.119,0.405,0.35,0,1,0.506,,,,0.388,0.19,0,0.262,0.41,,,
54811,20091203,-88.85,41.84,0.41,0.65,0,0.94,0.354,-0.4,0.399,0,0.36,0.06,0,0.06,0.404,0.34,0,1,0.505,,,,0.382,0.09,0,0.119,0.407,,,
54811,20091204,-88.85,41.84,0.403,0.53,0,0.804,0.35,-0.47,0.542,0,0.357,0.02,0,0,0.402,0.32,0,1,0.505,,,,0.377,-0.01,0,0,0.404,,,
54811,20091205,-88.85,41.84,0.399,0.44,0,0.661,0.347,-0.52,0.685,0,0.355,-0.01,0,0,0.4,0.3,0,1,0.505,,,,0.373,-0.07,0,0,0.401,,,
54811,20091206,-88.85,41.84,0.395,0.36,0,0.518,0.345,-0.57,0.827,0,0.353,-0.04,0,0,0.399,0.29,0,1,0.505,,,,0.37,-0.14,0,0,0.399,,,
54811,20091207,-88.85,41.84,0.391,0.29,0,0.375,0.343,-0.63,0.958,0,0.351,-0.07,0,0,0.397,0.27,0,1,0.504,,,,0.367,-0.21,0.018,0,0.398,,,
54811,20091208,-88.85,41.84,0.388,0.23,0,0.232,0.342,-0.68,1,0,0.35,-0.1,0,0,0.396,0.26,0,1,0.504,,,,0.365,-0.27,0.131,0,0.396,,,
54811,20091209,-88.85,41.84,0.386,0.19,0,0.089,0.341,-0.74,1,0,0.348,-0.12,0,0,0.395,0.25,0,1,0.503,,,,0.363,-0.33,0.274,0,0.394,,,
54811,20091210,-88.85,41.84,0.387,0.18,0,0.054,0.34,-0.8,1,0,0.347,-0.14,0,0,0.394,0.24,0,1,0.503,,,,0.363,-0.36,0.274,0,0.394,,,
54811,20091211,-88.85,41.84,0.388,0.18,0,0.048,0.34,-0.84,1,0,0.347,-0.16,0,0,0.393,0.23,0,1,0.503,,,,0.364,-0.38,0.274,0,0.394,,,
54811,20091212,-88.85,41.84,0.389,0.17,0,0.048,0.34,-0.88,1,0,0.347,-0.16,0,0,0.392,0.22,0,1,0.502,,,,0.364,-0.4,0.31,0,0.394,,,
54811,20091213,-88.85,41.84,0.39,0.17,0,0.048,0.34,-0.91,1,0,0.347,-0.17,0,0,0.391,0.22,0,1,0.502,,,,0.365,-0.42,0.452,0,0.394,,,
54811,20091214,-88.85,41.84,0.393,0.18,0,0.048,0.341,-0.94,1,0,0.347,-0.18,0,0,0.391,0.22,0,1,0.501,,,,0.367,-0.42,0.476,0,0.394,,,
54811,20091215,-88.85,41.84,0.398,0.22,0,0.179,0.342,-0.94,1,0,0.348,-0.16,0,0,0.391,0.21,0,1,0.5,,,,0.37,-0.37,0.363,0,0.396,,,
54811,20091216,-88.85,41.84,0.402,0.26,0,0.268,0.344,-0.94,1,0,0.35,-0.14,0,0,0.391,0.21,0,1,0.5,,,,0.373,-0.33,0.22,0,0.397,,,
54811,20091217,-88.85,41.84,0.405,0.29,0,0.335,0.347,-0.91,0.946,0,0.351,-0.12,0,0,0.391,0.22,0,1,0.499,,,,0.375,-0.3,0.23,0.012,0.398,,,
54811,20091218,-88.85,41.84,0.406,0.29,0,0.394,0.353,-0.82,0.804,0,0.351,-0.13,0,0,0.391,0.22,0,1,0.499,,,,0.376,-0.29,0.27,0.015,0.398,,,
54811,20091219,-88.85,41.84,,,,,0.359,-0.73,0.661,0,0.352,-0.13,0,0,0.391,0.21,0,1,0.498,,,,,,,,,,,
54811,20091220,-88.85,41.84,,,,,0.364,-0.65,0.536,0,0.352,-0.14,0,0,0.391,0.21,0,1,0.498,,,,,,,,,,,
54811,20091221,-88.85,41.84,,,,,0.366,-0.64,0.5,0,0.352,-0.16,0,0,0.391,0.21,0,1,0.498,,,,,,,,,,,
54811,20091222,-88.85,41.84,,,,,0.365,-0.67,0.5,0,0.351,-0.19,0,0,0.391,0.2,0,1,0.498,,,,,,,,,,,
54811,20091223,-88.85,41.84,,,,,0.363,-0.7,0.5,0,0.349,-0.23,0,0,0.39,0.2,0,1,0.498,,,,,,,,,,,
54811,20091224,-88.85,41.84,,,,,0.363,-0.72,0.536,0,0.349,-0.25,0,0,0.39,0.19,0,1,0.498,,,,,,,,,,,
54811,20091225,-88.85,41.84,,,,,0.365,-0.68,0.571,0,0.354,-0.17,0,0.089,0.392,0.21,0,1,0.498,,,,,,,,,,,
54811,20091226,-88.85,41.84,0.434,0.54,0,1,0.365,-0.66,0.631,0,0.359,-0.08,0,0.232,0.402,0.29,0,1,0.498,,,,0.398,-0.06,0,0.35,0.412,,,
54811,20091227,-88.85,41.84,0.433,0.54,0,1,0.363,-0.71,0.756,0,0.362,-0.03,0,0.238,0.408,0.34,0,1,0.498,,,,0.398,-0.06,0,0.333,0.413,,,
54811,20091228,-88.85,41.84,0.433,,,,0.364,-0.7,0.792,0,0.365,0.01,0,0.238,0.411,0.36,0,1,0.497,,,,0.398,,,,0.414,,,
54811,20091229,-88.85,41.84,0.433,,,,0.367,-0.66,0.78,0,0.367,0.04,0,0.238,0.413,0.38,0,1,0.497,,,,0.4,,,,0.415,,,
54811,20091230,-88.85,41.84,0.435,,,,0.374,-0.53,0.637,0,0.369,0.06,0,0.238,0.414,0.39,0,1,0.497,,,,0.404,,,,0.418,,,
54811,20091231,-88.85,41.84,0.435,,,,0.379,-0.46,0.562,0,0.375,0.16,0,0.363,0.416,0.4,0,1,0.498,,,,0.407,,,,0.42,,,
54811,20100101,-88.85,41.84,0.428,,,,0.377,-0.55,0.62,0,0.376,0.16,0,0.417,0.414,0.39,0,1,0.498,,,,0.403,,,,0.419,,,
54811,20100102,-88.85,41.84,0.421,,,,0.377,-0.62,0.667,0,0.376,0.16,0,0.417,0.405,0.32,0,1,0.498,,,,0.399,,,,0.416,,,
54811,20100103,-88.85,41.84,0.42,,,,0.381,-0.59,0.568,0,0.379,0.19,0,0.554,0.399,0.27,0,1,0.498,,,,0.4,,,,0.415,,,
54811,20100104,-88.85,41.84,,,,,0.384,-0.49,0.386,0,0.382,0.23,0,0.696,0.397,0.25,0,1,0.497,,,,,,,,,,,
54811,20100105,-88.85,41.84,,,,,0.388,-0.22,0,0,0.385,0.28,0,0.792,0.395,0.24,0,1,0.497,,,,,,,,,,,
54811,20100106,-88.85,41.84,,,,,,,,,0.389,0.33,0,0.821,0.393,0.24,0,1,0.496,,,,,,,,,,,
54811,20100107,-88.85,41.84,,,,,,,,,0.388,0.29,0,0.702,0.392,0.23,0,1,0.495,,,,,,,,,,,
54811,20100108,-88.85,41.84,,,,,,,,,0.386,0.25,0,0.56,0.39,0.22,0,1,0.494,,,,,,,,,,,
54811,20100109,-88.85,41.84,,,,,,,,,0.385,0.2,0,0.417,0.389,0.22,0,1,0.493,,,,,,,,,,,
54811,20100110,-88.85,41.84,,,,,,,,,0.385,0.17,0,0.299,0.389,0.21,0,1,0.493,,,,,,,,,,,
54811,20100111,-88.85,41.84,,,,,,,,,0.386,0.16,0,0.169,0.388,0.21,0,1,0.493,,,,,,,,,,,
54811,20100112,-88.85,41.84,,,,,,,,,0.387,0.14,0,0.057,0.387,0.21,0,1,0.493,,,,,,,,,,,
54811,20100113,-88.85,41.84,,,,,,,,,0.389,0.12,0,0.012,0.387,0.2,0,1,0.492,,,,,,,,,,,
54811,20100114,-88.85,41.84,,,,,,,,,0.39,0.1,0,0,0.386,0.2,0,1,0.492,,,,,,,,,,,
54811,20100115,-88.85,41.84,,,,,,,,,0.391,0.08,0,0,0.385,0.2,0,1,0.492,,,,,,,,,,,
54811,20100116,-88.85,41.84,,,,,,,,,0.392,0.05,0,0,0.385,0.2,0,1,0.492,,,,,,,,,,,
54811,20100117,-88.85,41.84,,,,,,,,,0.393,,,,0.385,0.2,0,1,0.492,,,,,,,,,,,
54811,20100118,-88.85,41.84,,,,,,,,,0.393,,,,0.384,0.19,0,1,0.492,,,,,,,,,,,
54811,20100119,-88.85,41.84,,,,,,,,,0.392,,,,0.384,0.19,0,1,0.492,,,,,,,,,,,
54811,20100120,-88.85,41.84,,,,,,,,,0.392,,,,0.384,0.19,0,1,0.492,,,,,,,,,,,
54811,20100121,-88.85,41.84,,,,,,,,,0.391,,,,0.383,0.19,0,1,0.492,,,,,,,,,,,
54811,20100122,-88.85,41.84,,,,,,,,,0.391,,,,0.383,0.19,0,1,0.492,,,,,,,,,,,
54811,20100123,-88.85,41.84,,,,,,,,,0.391,,,,0.383,0.19,0,1,0.492,,,,,,,,,,,
54811,20100124,-88.85,41.84,,,,,,,,,0.392,,,,0.383,0.2,0,1,0.491,,,,,,,,,,,
54811,20100125,-88.85,41.84,,,,,,,,,0.396,,,,0.385,0.22,0,1,0.491,,,,,,,,,,,
54811,20100126,-88.85,41.84,,,,,,,,,0.398,,,,0.386,0.25,0,1,0.491,,,,,,,,,,,
54811,20100127,-88.85,41.84,,,,,,,,,0.399,,,,0.387,0.28,0,1,0.491,,,,,,,,,,,
54811,20100128,-88.85,41.84,,,,,,,,,0.401,,,,0.389,0.31,0,1,0.491,,,,,,,,,,,
54811,20100129,-88.85,41.84,,,,,,,,,0.402,,,,0.39,0.34,0,1,0.491,,,,,,,,,,,
54811,20100130,-88.85,41.84,,,,,,,,,0.404,,,,0.39,0.36,0,1,0.491,,,,,,,,,,,
54811,20100131,-88.85,41.84,,,,,,,,,,,,,0.39,0.37,0,1,0.492,,,,,,,,,,,
54811,20100201,-88.85,41.84,,,,,,,,,,,,,0.39,0.39,0,1,0.492,,,,,,,,,,,
54811,20100202,-88.85,41.84,,,,,,,,,,,,,0.391,0.4,0,1,0.492,,,,,,,,,,,
54811,20100203,-88.85,41.84,,,,,,,,,,,,,0.391,0.41,0,1,0.492,,,,,,,,,,,
54811,20100204,-88.85,41.84,,,,,,,,,,,,,0.391,0.42,0,1,0.492,,,,,,,,,,,
54811,20100205,-88.85,41.84,,,,,,,,,,,,,0.391,0.42,0,1,0.492,,,,,,,,,,,
54811,20100206,-88.85,41.84,,,,,,,,,,,,,0.392,0.42,0,1,0.491,,,,,,,,,,,
54811,20100207,-88.85,41.84,,,,,,,,,,,,,0.392,0.42,0,1,0.491,,,,,,,,,,,
54811,20100208,-88.85,41.84,,,,,,,,,,,,,0.392,0.39,0,1,0.49,,,,,,,,,,,
54811,20100209,-88.85,41.84,,,,,,,,,,,,,0.391,0.36,0,1,0.49,,,,,,,,,,,
54811,20100210,-88.85,41.84,,,,,,,,,,,,,0.391,0.33,0,1,0.49,,,,,,,,,,,
54811,20100211,-88.85,41.84,,,,,,,,,,,,,0.39,0.3,0,1,0.489,,,,,,,,,,,
54811,20100212,-88.85,41.84,,,,,,,,,,,,,0.39,0.27,0,1,0.489,,,,,,,,,,,
54811,20100213,-88.85,41.84,,,,,,,,,,,,,0.39,0.26,0,1,0.489,,,,,,,,,,,
54811,20100214,-88.85,41.84,,,,,,,,,,,,,0.389,0.25,0,1,0.489,,,,,,,,,,,
54811,20100215,-88.85,41.84,,,,,,,,,,,,,0.389,0.24,0,1,0.489,,,,,,,,,,,
54811,20100216,-88.85,41.84,,,,,,,,,,,,,0.388,0.24,0,1,0.489,,,,,,,,,,,
54811,20100217,-88.85,41.84,,,,,,,,,,,,,0.388,0.23,0,1,0.488,,,,,,,,,,,
54811,20100218,-88.85,41.84,,,,,,,,,,,,,0.387,0.22,0,1,0.488,,,,,,,,,,,
54811,20100219,-88.85,41.84,,,,,,,,,,,,,0.386,0.21,0,1,0.488,,,,,,,,,,,
54811,20100220,-88.85,41.84,,,,,,,,,,,,,0.385,0.2,0,1,0.488,,,,,,,,,,,
54811,20100221,-88.85,41.84,,,,,,,,,,,,,0.385,0.2,0,1,0.488,,,,,,,,,,,
54811,20100222,-88.85,41.84,,,,,,,,,,,,,0.384,0.19,0,1,0.488,,,,,,,,,,,
54811,20100223,-88.85,41.84,,,,,,,,,,,,,0.384,0.19,0,1,0.488,,,,,,,,,,,
54811,20100224,-88.85,41.84,,,,,,,,,,,,,0.383,0.18,0,1,0.488,,,,,,,,,,,
54811,20100225,-88.85,41.84,,,,,,,,,,,,,0.383,0.18,0,0.994,0.488,,,,,,,,,,,
54811,20100226,-88.85,41.84,,,,,,,,,,,,,0.383,0.18,0,0.994,0.488,,,,,,,,,,,
54811,20100227,-88.85,41.84,,,,,,,,,,,,,0.384,0.18,0,0.994,0.489,,,,,,,,,,,
54811,20100228,-88.85,41.84,,,,,,,,,,,,,0.384,0.18,0,0.994,0.489,,,,,,,,,,,
54811,20100301,-88.85,41.84,,,,,,,,,,,,,0.384,0.18,0,0.988,0.489,,,,,,,,,,,
54811,20100302,-88.85,41.84,,,,,,,,,,,,,0.386,0.19,0,0.988,0.489,,,,,,,,,,,
54811,20100303,-88.85,41.84,,,,,,,,,,,,,0.387,0.2,0,0.988,0.488,,,,,,,,,,,
54811,20100304,-88.85,41.84,,,,,,,,,,,,,0.388,0.21,0,0.994,0.488,,,,,,,,,,,
54811,20100305,-88.85,41.84,,,,,,,,,,,,,0.39,0.22,0,0.994,0.488,,,,,,,,,,,
54811,20100306,-88.85,41.84,,,,,,,,,,,,,0.391,0.22,0,0.994,0.488,,,,,,,,,,,
54811,20100307,-88.85,41.84,,,,,,,,,,,,,0.393,0.22,0,0.994,0.488,,,,,,,,,,,
54811,20100308,-88.85,41.84,,,,,,,,,,,,,0.395,0.23,0,0.994,0.488,,,,,,,,,,,
54811,20100309,-88.85,41.84,,,,,,,,,,,,,0.397,0.24,0,0.994,0.488,,,,,,,,,,,
54811,20100310,-88.85,41.84,,,,,,,,,,,,,0.399,0.26,0,0.994,0.488,,,,,,,,,,,
54811,20100311,-88.85,41.84,,,,,,,,,,,,,0.403,0.29,0,0.994,0.488,,,,,,,,,,,
54811,20100312,-88.85,41.84,,,,,,,,,,,,,0.407,0.32,0,0.994,0.488,,,,,,,,,,,
54811,20100313,-88.85,41.84,,,,,,,,,,,,,0.41,0.35,0,0.994,0.488,,,,,,,,,,,
54811,20100314,-88.85,41.84,,,,,,,,,,,,,0.413,0.36,0,0.994,0.488,,,,,,,,,,,
54811,20100315,-88.85,41.84,,,,,,,,,,,,,0.413,0.36,0,1,0.488,,,,,,,,,,,
54811,20100316,-88.85,41.84,0.439,0.36,0,0,,,,,,,,,0.412,0.35,0,1,0.488,,,,,,,,,,,
54811,20100317,-88.85,41.84,0.432,0.33,0,0,0.368,,,,0.386,,,,0.41,0.33,0,1,0.489,,,,0.396,,,,0.414,,,
54811,20100318,-88.85,41.84,0.42,0.31,0,0,0.368,,,,0.382,,,,0.407,0.3,0,1,0.489,,,,0.393,,,,0.412,,,
54811,20100319,-88.85,41.84,0.411,0.24,0,0,0.362,-0.89,1,0,0.375,-0.2,0,0,0.403,0.26,0,1,0.489,,,,0.386,,,,0.408,,,
54811,20100320,-88.85,41.84,0.405,0.19,0,0,0.358,-0.92,1,0,0.369,-0.22,0,0,0.401,0.24,0,1,0.49,,,,0.381,-0.42,1,0,0.405,,,
54811,20100321,-88.85,41.84,0.399,0.17,0,0,0.353,-0.95,1,0,0.365,-0.26,0.048,0,0.399,0.22,0,1,0.491,,,,0.376,-0.43,0.968,0,0.401,,,
54811,20100322,-88.85,41.84,0.399,0.26,0,0.185,0.353,-0.86,0.954,0,0.364,-0.19,0.034,0,0.399,0.22,0,1,0.492,,,,0.376,-0.26,0.618,0.036,0.401,,,
54811,20100323,-88.85,41.84,0.398,0.28,0,0.211,0.352,-0.84,0.966,0,0.363,-0.17,0.027,0,0.399,0.22,0,1,0.492,,,,0.375,-0.25,0.443,0.025,0.401,,,
54811,20100324,-88.85,41.84,0.397,0.27,0,0.185,0.351,-0.85,0.973,0,0.363,-0.17,0.022,0,0.399,0.22,0,1,0.493,,,,0.374,-0.27,0.417,0.019,0.401,,,
54811,20100325,-88.85,41.84,0.396,0.26,0,0.17,0.351,-0.86,0.978,0,0.363,-0.18,0.019,0,0.399,0.21,0,1,0.493,,,,0.373,-0.29,0.524,0.016,0.4,,,
54811,20100326,-88.85,41.84,0.395,0.26,0,0.165,0.35,-0.87,0.981,0,0.362,-0.2,0.024,0,0.399,0.21,0,1,0.493,,,,0.373,-0.31,0.6,0.013,0.4,,,
54811,20100327,-88.85,41.84,0.394,0.25,0,0.162,0.349,-0.88,0.982,0,0.361,-0.22,0.132,0,0.398,0.21,0,1,0.494,,,,0.372,-0.34,0.63,0.012,0.399,,,
54811,20100328,-88.85,41.84,0.393,0.24,0,0.162,0.349,-0.89,0.982,0,0.361,-0.24,0.257,0,0.398,0.2,0,1,0.494,,,,0.371,-0.36,0.647,0.012,0.399,,,
54811,20100329,-88.85,41.84,0.386,0.15,0,0.042,0.345,-0.94,1,0,0.358,-0.3,0.401,0,0.397,0.19,0,0.994,0.493,,,,0.366,-0.44,0.766,0,0.396,,,
54811,20100330,-88.85,41.84,0.381,0.07,0,0,0.342,-0.97,1,0,0.356,-0.36,0.545,0,0.397,0.18,0,0.994,0.493,,,,0.362,-0.51,0.904,0,0.394,,,
54811,20100331,-88.85,41.84,0.375,-0.01,0.12,0,0.34,-1.01,1,0,0.354,-0.4,0.689,0,0.396,0.17,0,0.994,0.493,,,,0.357,-0.58,1,0,0.392,,,
54811,20100401,-88.85,41.84,0.368,-0.11,0.262,0,0.337,-1.03,1,0,0.352,-0.44,0.827,0,0.396,0.16,0,0.994,0.494,,,,0.353,-0.66,1,0,0.389,,,
54811,20100402,-88.85,41.84,0.359,-0.25,0.405,0,0.335,-1.07,1,0,0.351,-0.48,0.958,0.006,0.395,0.15,0,0.994,0.494,,,,0.347,-0.76,1,0,0.387,,,
54811,20100403,-88.85,41.84,0.347,-0.43,0.548,0,0.332,-1.11,1,0,0.35,-0.51,0.994,0.006,0.396,0.15,0,0.994,0.494,,,,0.34,-0.88,1,0,0.384,,,
54811,20100404,-88.85,41.84,0.339,-0.55,0.69,0,0.328,-1.15,1,0,0.349,-0.54,0.994,0.006,0.396,0.15,0,0.994,0.495,,,,0.334,-0.98,1,0,0.381,,,
54811,20100405,-88.85,41.84,0.341,-0.51,0.762,0.071,0.33,-1.13,0.935,0,0.35,-0.51,0.923,0.06,0.396,0.15,0,1,0.496,,,,0.335,-0.95,0.935,0.065,0.382,,,
54811,20100406,-88.85,41.84,0.349,-0.35,0.762,0.214,0.335,-1.05,0.929,0,0.354,-0.4,0.78,0.083,0.398,0.16,0,1,0.496,,,,0.342,-0.81,0.792,0.077,0.387,,,
54811,20100407,-88.85,41.84,0.362,-0.12,0.643,0.357,0.342,-0.93,0.845,0.006,0.36,-0.26,0.637,0.202,0.402,0.19,0,1,0.497,,,,0.352,-0.61,0.649,0.208,0.393,,,
54811,20100408,-88.85,41.84,0.375,0.11,0.5,0.5,0.349,-0.83,0.792,0.006,0.366,-0.13,0.494,0.292,0.405,0.22,0,1,0.498,,,,0.362,-0.42,0.506,0.345,0.399,,,
54811,20100409,-88.85,41.84,0.389,0.36,0.357,0.643,0.355,-0.74,0.792,0.006,0.37,-0.02,0.357,0.286,0.408,0.24,0,1,0.499,,,,0.372,-0.23,0.363,0.345,0.404,,,
54811,20100410,-88.85,41.84,0.405,0.64,0.214,0.786,0.361,-0.64,0.792,0.006,0.374,0.07,0.214,0.292,0.41,0.25,0,1,0.5,,,,0.383,-0.02,0.22,0.345,0.41,,,
54811,20100411,-88.85,41.84,0.415,0.82,0.071,0.929,0.367,-0.54,0.792,0.006,0.377,0.16,0.071,0.292,0.411,0.26,0,1,0.501,,,,0.391,0.15,0.077,0.345,0.414,,,
54811,20100412,-88.85,41.84,0.414,0.82,0,0.893,0.367,-0.52,0.857,0.006,0.377,0.18,0,0.238,0.413,0.27,0,1,0.502,,,,0.39,0.16,0,0.28,0.415,,,
54811,20100413,-88.85,41.84,0.402,0.66,0,0.75,0.363,-0.56,0.863,0.006,0.374,0.11,0,0.214,0.413,0.26,0,1,0.503,,,,0.383,0.04,0.119,0.268,0.411,,,
54811,20100414,-88.85,41.84,0.384,0.4,0.107,0.607,0.355,-0.66,0.946,0,0.369,0,0,0.095,0.411,0.24,0,1,0.503,,,,0.369,-0.17,0.262,0.137,0.404,,,
54811,20100415,-88.85,41.84,0.363,0.12,0.25,0.464,0.346,-0.76,1,0,0.364,-0.1,0.006,0.006,0.409,0.22,0,1,0.503,,,,0.355,-0.4,0.405,0,0.397,,,
54811,20100416,-88.85,41.84,0.341,-0.16,0.393,0.321,0.336,-0.88,1,0,0.359,-0.2,0.113,0.006,0.407,0.2,0,1,0.503,,,,0.339,-0.64,0.548,0,0.389,,,
54811,20100417,-88.85,41.84,0.318,-0.45,0.536,0.179,0.324,-1.02,1,0,0.354,-0.29,0.256,0,0.406,0.2,0,1,0.503,,,,0.321,-0.89,0.69,0,0.381,,,
54811,20100418,-88.85,41.84,0.295,-0.72,0.679,0.036,0.309,-1.19,1,0,0.348,-0.4,0.399,0,0.405,0.19,0,1,0.503,,,,0.302,-1.16,0.833,0,0.372,,,
54811,20100419,-88.85,41.84,0.274,-0.96,0.821,0,0.293,-1.37,1,0,0.34,-0.53,0.542,0,0.404,0.18,0,1,0.503,,,,0.284,-1.41,0.976,0,0.363,,,
54811,20100420,-88.85,41.84,0.256,-1.15,0.964,0,0.277,-1.57,1,0,0.332,-0.66,0.685,0,0.403,0.17,0,1,0.504,,,,0.266,-1.64,1,0,0.354,,,
54811,20100421,-88.85,41.84,0.241,-1.29,1,0,0.261,-1.75,1,0,0.324,-0.8,0.827,0,0.402,0.15,0,0.923,0.504,,,,0.251,-1.84,1,0,0.346,,,
54811,20100422,-88.85,41.84,0.229,-1.38,1,0,0.245,-1.93,1,0,0.314,-0.96,0.964,0,0.4,0.14,0,0.815,0.504,,,,0.237,-2,1,0,0.338,,,
54811,20100423,-88.85,41.84,0.22,-1.44,1,0,0.231,-2.08,1,0,0.303,-1.12,1,0,0.399,0.13,0,0.679,0.504,,,,0.226,-2.11,1,0,0.332,,,
54811,20100424,-88.85,41.84,0.213,-1.46,1,0,0.22,-2.21,1,0,0.293,-1.28,1,0,0.397,0.11,0,0.536,0.504,,,,0.217,-2.18,1,0,0.326,,,
54811,20100425,-88.85,41.84,0.215,-1.39,0.964,0.012,0.213,-2.28,1,0,0.285,-1.4,1,0,0.396,0.1,0,0.435,0.504,,,,0.214,-2.17,1,0,0.323,,,
54811,20100426,-88.85,41.84,0.234,-1.15,0.821,0.012,0.208,-2.32,1,0,0.278,-1.49,1,0,0.395,0.1,0,0.357,0.505,,,,0.221,-2.02,1,0,0.324,,,
54811,20100427,-88.85,41.84,0.248,-0.96,0.679,0.012,0.204,-2.33,1,0,0.273,-1.56,1,0,0.394,0.1,0,0.298,0.505,,,,0.226,-1.89,1,0,0.325,,,
54811,20100428,-88.85,41.84,0.257,-0.82,0.637,0.012,0.202,-2.32,1,0,0.268,-1.6,1,0,0.393,0.1,0,0.351,0.506,,,,0.229,-1.77,1,0,0.325,,,
54811,20100429,-88.85,41.84,0.263,-0.71,0.637,0.012,0.201,-2.28,1,0,0.265,-1.62,1,0,0.392,0.1,0,0.369,0.506,,,,0.232,-1.66,1,0,0.326,,,
54811,20100430,-88.85,41.84,0.268,-0.62,0.637,0.012,0.201,-2.22,1,0,0.263,-1.62,1,0,0.392,0.1,0,0.399,0.507,,,,0.234,-1.56,1,0,0.326,,,
54811,20100501,-88.85,41.84,0.271,-0.54,0.637,0.012,0.201,-2.14,1,0,0.261,-1.61,1,0,0.391,0.1,0,0.399,0.507,,,,0.236,-1.46,1,0,0.326,,,
54811,20100502,-88.85,41.84,0.267,-0.53,0.673,0,0.201,-2.07,1,0,0.258,-1.59,1,0,0.39,0.1,0,0.369,0.508,,,,0.234,-1.41,1,0,0.325,,,
54811,20100503,-88.85,41.84,0.248,-0.68,0.815,0,0.201,-1.99,1,0,0.256,-1.58,1,0,0.389,0.09,0,0.315,0.509,,,,0.224,-1.46,1,0,0.32,,,
54811,20100504,-88.85,41.84,0.234,-0.76,0.958,0,0.2,-1.91,1,0,0.253,-1.56,1,0,0.388,0.08,0,0.232,0.51,,,,0.217,-1.47,1,0,0.317,,,
54811,20100505,-88.85,41.84,0.226,-0.8,1,0,0.2,-1.83,1,0,0.25,-1.56,1,0,0.387,0.07,0,0.113,0.511,,,,0.213,-1.46,1,0,0.315,,,
54811,20100506,-88.85,41.84,0.219,-0.82,1,0,0.198,-1.76,1,0,0.247,-1.57,1,0,0.386,0.05,0,0.06,0.511,,,,0.209,-1.44,1,0,0.312,,,
54811,20100507,-88.85,41.84,0.217,-0.81,0.988,0.006,0.196,-1.7,1,0,0.243,-1.58,1,0,0.383,0.02,0,0.024,0.511,,,,0.207,-1.41,1,0,0.31,,,
54811,20100508,-88.85,41.84,0.243,-0.58,0.845,0.149,0.203,-1.57,1,0,0.24,-1.59,1,0,0.381,-0.01,0,0.024,0.511,,,,0.223,-1.21,0.857,0,0.316,,,
54811,20100509,-88.85,41.84,0.264,-0.4,0.702,0.262,0.211,-1.44,1,0,0.237,-1.59,1,0,0.379,-0.04,0,0.012,0.511,,,,0.238,-1.04,0.714,0,0.321,,,
54811,20100510,-88.85,41.84,0.282,-0.24,0.56,0.262,0.218,-1.32,1,0,0.235,-1.59,1,0,0.376,-0.08,0,0,0.511,,,,0.25,-0.88,0.583,0,0.324,,,
54811,20100511,-88.85,41.84,0.301,-0.09,0.417,0.292,0.227,-1.19,0.976,0,0.233,-1.57,1,0,0.374,-0.11,0,0,0.511,,,,0.264,-0.73,0.554,0.024,0.329,,,
54811,20100512,-88.85,41.84,0.331,0.14,0.274,0.435,0.251,-0.97,0.833,0,0.25,-1.33,0.863,0,0.371,-0.15,0,0,0.511,,,,0.291,-0.48,0.411,0.089,0.343,,,
54811,20100513,-88.85,41.84,0.361,0.36,0.131,0.577,0.275,-0.74,0.69,0.012,0.269,-1.08,0.72,0.024,0.371,-0.15,0,0.018,0.511,,,,0.318,-0.22,0.268,0.119,0.357,,,
54811,20100514,-88.85,41.84,0.39,0.58,0,0.714,0.301,-0.52,0.548,0.012,0.291,-0.79,0.577,0.077,0.379,-0.03,0,0.161,0.511,,,,0.345,0.03,0.125,0.173,0.374,,,
54811,20100515,-88.85,41.84,0.39,0.57,0,0.714,0.315,-0.39,0.405,0.012,0.312,-0.53,0.435,0.077,0.385,0.08,0,0.304,0.511,,,,0.352,0.09,0.125,0.173,0.383,,,
54811,20100516,-88.85,41.84,0.392,0.58,0,0.726,0.328,-0.28,0.262,0.012,0.331,-0.29,0.292,0.077,0.391,0.19,0,0.446,0.511,,,,0.36,0.16,0.125,0.173,0.391,,,
54811,20100517,-88.85,41.84,0.395,0.6,0,0.726,0.341,-0.17,0.119,0.012,0.349,-0.07,0.149,0.077,0.398,0.28,0,0.589,0.511,,,,0.368,0.24,0.113,0.173,0.399,,,
54811,20100518,-88.85,41.84,0.396,0.61,0,0.696,0.351,-0.08,0,0.012,0.366,0.13,0.006,0.077,0.404,0.38,0,0.732,0.512,,,,0.373,0.29,0,0.149,0.406,,,
54811,20100519,-88.85,41.84,0.383,0.53,0,0.554,0.346,-0.11,0,0.012,0.364,0.13,0,0.077,0.41,0.48,0,0.875,0.511,,,,0.364,0.23,0,0.083,0.403,,,
54811,20100520,-88.85,41.84,0.367,0.45,0,0.411,0.34,-0.13,0,0,0.361,0.11,0,0.054,0.414,0.55,0,1,0.511,,,,0.353,0.17,0,0.054,0.399,,,
54811,20100521,-88.85,41.84,0.349,0.34,0,0.268,0.331,-0.17,0,0,0.355,0.05,0,0,0.412,0.5,0,1,0.511,,,,0.34,0.09,0,0,0.391,,,
54811,20100522,-88.85,41.84,0.339,0.3,0,0.125,0.324,-0.19,0,0,0.351,0.03,0,0,0.41,0.48,0,1,0.511,,,,0.332,0.05,0,0,0.387,,,
54811,20100523,-88.85,41.84,0.33,0.26,0,0,0.319,-0.2,0,0,0.347,0.01,0,0,0.409,0.46,0,1,0.511,,,,0.324,0.03,0,0,0.383,,,
54811,20100524,-88.85,41.84,0.321,0.23,0,0,0.313,-0.21,0,0,0.343,0,0,0,0.408,0.46,0,1,0.511,,,,0.317,0,0,0,0.379,,,
54811,20100525,-88.85,41.84,0.312,0.2,0,0,0.307,-0.22,0,0,0.339,-0.02,0,0,0.408,0.45,0,1,0.511,,,,0.31,-0.02,0,0,0.376,,,
54811,20100526,-88.85,41.84,0.304,0.17,0,0,0.3,-0.23,0,0,0.335,-0.03,0,0,0.408,0.45,0,1,0.512,,,,0.302,-0.05,0,0,0.372,,,
54811,20100527,-88.85,41.84,0.298,0.15,0,0,0.293,-0.24,0,0,0.329,-0.05,0,0,0.407,0.45,0,1,0.513,,,,0.296,-0.06,0,0,0.368,,,
54811,20100528,-88.85,41.84,0.291,0.12,0,0,0.285,-0.27,0.113,0,0.323,-0.07,0,0,0.407,0.44,0,1,0.514,,,,0.288,-0.09,0,0,0.364,,,
54811,20100529,-88.85,41.84,0.279,0.05,0,0,0.276,-0.3,0.256,0,0.314,-0.11,0,0,0.406,0.43,0,0.899,0.514,,,,0.277,-0.14,0.095,0,0.358,,,
54811,20100530,-88.85,41.84,0.266,-0.03,0,0,0.265,-0.36,0.399,0,0.303,-0.16,0.036,0,0.404,0.4,0,0.756,0.515,,,,0.265,-0.21,0.238,0,0.35,,,
54811,20100531,-88.85,41.84,0.254,-0.1,0,0,0.253,-0.42,0.542,0,0.292,-0.22,0.179,0,0.401,0.36,0,0.613,0.515,,,,0.253,-0.27,0.381,0,0.343,,,
54811,20100601,-88.85,41.84,0.245,-0.15,0,0,0.242,-0.48,0.685,0,0.281,-0.27,0.321,0,0.398,0.32,0,0.47,0.516,,,,0.243,-0.33,0.524,0,0.336,,,
54811,20100602,-88.85,41.84,0.238,-0.19,0,0,0.232,-0.53,0.827,0,0.271,-0.32,0.464,0,0.395,0.27,0,0.327,0.517,,,,0.235,-0.37,0.655,0,0.331,,,
54811,20100603,-88.85,41.84,0.239,-0.17,0,0,0.224,-0.58,0.97,0,0.262,-0.37,0.607,0,0.391,0.23,0,0.185,0.518,,,,0.232,-0.39,0.655,0,0.327,,,
54811,20100604,-88.85,41.84,0.24,-0.16,0,0,0.217,-0.61,1,0,0.255,-0.41,0.75,0,0.388,0.18,0,0.042,0.519,,,,0.229,-0.4,0.667,0,0.324,,,
54811,20100605,-88.85,41.84,0.24,-0.14,0,0,0.213,-0.63,1,0,0.25,-0.43,0.893,0,0.385,0.15,0,0,0.519,,,,0.227,-0.41,0.708,0,0.321,,,
54811,20100606,-88.85,41.84,0.242,-0.13,0,0,0.21,-0.64,1,0,0.247,-0.44,0.982,0,0.382,0.12,0,0,0.52,,,,0.226,-0.4,0.619,0,0.32,,,
54811,20100607,-88.85,41.84,0.243,-0.1,0,0,0.209,-0.64,1,0,0.245,-0.44,0.94,0,0.38,0.1,0,0,0.52,,,,0.226,-0.39,0.488,0,0.32,,,
54811,20100608,-88.85,41.84,0.246,-0.08,0,0,0.208,-0.64,1,0,0.243,-0.44,0.893,0,0.379,0.08,0,0,0.521,,,,0.227,-0.38,0.399,0,0.319,,,
54811,20100609,-88.85,41.84,0.259,0,0,0.095,0.208,-0.63,1,0,0.243,-0.43,0.887,0,0.377,0.07,0,0,0.521,,,,0.234,-0.33,0.298,0,0.322,,,
54811,20100610,-88.85,41.84,0.268,0.05,0,0.161,0.209,-0.61,1,0,0.242,-0.43,0.833,0,0.376,0.05,0,0,0.522,,,,0.238,-0.29,0.298,0,0.323,,,
54811,20100611,-88.85,41.84,0.274,0.08,0,0.161,0.209,-0.6,1,0,0.241,-0.42,0.744,0,0.375,0.04,0,0,0.522,,,,0.242,-0.26,0.286,0,0.324,,,
54811,20100612,-88.85,41.84,0.279,0.1,0,0.161,0.21,-0.59,1,0,0.241,-0.41,0.607,0,0.373,0.03,0,0,0.522,,,,0.245,-0.24,0.149,0,0.325,,,
54811,20100613,-88.85,41.84,0.299,0.21,0,0.286,0.219,-0.53,0.875,0,0.248,-0.37,0.482,0,0.375,0.05,0,0.071,0.523,,,,0.259,-0.14,0.095,0.018,0.333,,,
54811,20100614,-88.85,41.84,0.324,0.34,0,0.429,0.233,-0.43,0.732,0,0.255,-0.32,0.381,0,0.376,0.07,0,0.077,0.523,,,,0.278,-0.02,0.083,0.113,0.342,,,
54811,20100615,-88.85,41.84,0.347,0.47,0,0.571,0.249,-0.32,0.589,0,0.263,-0.26,0.286,0,0.377,0.09,0,0.077,0.523,,,,0.298,0.1,0.03,0.256,0.352,,,
54811,20100616,-88.85,41.84,0.357,0.5,0,0.619,0.264,-0.22,0.446,0,0.271,-0.2,0.149,0,0.378,0.11,0,0.077,0.523,,,,0.31,0.17,0,0.381,0.359,,,
54811,20100617,-88.85,41.84,0.361,0.52,0,0.696,0.278,-0.13,0.304,0,0.279,-0.15,0.06,0,0.379,0.13,0,0.077,0.523,,,,0.32,0.23,0,0.381,0.364,,,
54811,20100618,-88.85,41.84,0.369,0.56,0,0.786,0.291,-0.04,0.161,0,0.286,-0.1,0.006,0,0.379,0.14,0,0.077,0.524,,,,0.33,0.29,0,0.399,0.37,,,
54811,20100619,-88.85,41.84,0.392,0.68,0,0.929,0.312,0.1,0.018,0.06,0.299,-0.02,0,0.048,0.38,0.16,0,0.083,0.524,,,,0.352,0.42,0,0.542,0.381,,,
54811,20100620,-88.85,41.84,0.396,0.7,0,0.946,0.325,0.18,0,0.161,0.311,0.07,0,0.19,0.38,0.16,0,0.018,0.524,,,,0.36,0.47,0,0.667,0.387,,,
54811,20100621,-88.85,41.84,0.393,0.67,0,0.946,0.331,0.22,0,0.161,0.32,0.13,0,0.304,0.379,0.16,0,0.012,0.524,,,,0.362,0.48,0,0.714,0.389,,,
54811,20100622,-88.85,41.84,0.395,0.68,0,0.946,0.336,0.26,0,0.256,0.329,0.19,0,0.393,0.378,0.17,0,0.012,0.525,,,,0.366,0.49,0,0.714,0.392,,,
54811,20100623,-88.85,41.84,0.397,0.68,0,0.946,0.341,0.29,0,0.256,0.337,0.25,0,0.476,0.378,0.18,0,0.012,0.524,,,,0.369,0.51,0,0.732,0.395,,,
54811,20100624,-88.85,41.84,0.405,0.71,0,0.942,0.349,0.34,0,0.331,0.33,0.21,0.077,0.524,0.378,0.19,0.006,0.065,0.524,,,,0.377,0.55,0,0.864,0.401,,,
54811,20100625,-88.85,41.84,,,,,,,,,0.307,0.05,0.22,0.524,,,,,,,,,,,,,,,,
54811,20100626,-88.85,41.84,,,,,,,,,0.279,-0.14,0.359,0.479,,,,,,,,,,,,,,,,
54811,20100627,-88.85,41.84,,,,,,,,,0.244,-0.38,0.503,0.335,,,,,,,,,,,,,,,,
54811,20100628,-88.85,41.84,,,,,,,,,0.21,-0.61,0.647,0.222,,,,,,,,,,,,,,,,
54811,20100629,-88.85,41.84,,,,,,,,,0.177,-0.85,0.79,0.132,,,,,,,,,,,,,,,,
54811,20100630,-88.85,41.84,,,,,,,,,0.144,-1.09,0.934,0.048,,,,,,,,,,,,,,,,
54811,20100701,-88.85,41.84,,,,,,,,,0.127,-1.22,1,0,,,,,,,,,,,,,,,,
54811,20100702,-88.85,41.84,,,,,,,,,0.127,-1.26,1,0,,,,,,,,,,,,,,,,
54811,20100703,-88.85,41.84,,,,,,,,,0.127,-1.3,1,0,,,,,,,,,,,,,,,,
54811,20100704,-88.85,41.84,,,,,,,,,0.126,-1.35,1,0,,,,,,,,,,,,,,,,
54811,20100705,-88.85,41.84,,,,,,,,,0.126,-1.4,1,0,,,,,,,,,,,,,,,,
54811,20100706,-88.85,41.84,,,,,,,,,0.125,-1.45,1,0,,,,,,,,,,,,,,,,
54811,20100707,-88.85,41.84,,,,,,,,,0.124,-1.5,1,0,,,,,,,,,,,,,,,,
54811,20100708,-88.85,41.84,,,,,,,,,0.124,-1.56,1,0,,,,,,,,,,,,,,,,
54811,20100709,-88.85,41.84,,,,,,,,,0.123,-1.61,1,0,,,,,,,,,,,,,,,,
54811,20100710,-88.85,41.84,,,,,,,,,0.122,-1.66,1,0,,,,,,,,,,,,,,,,
54811,20100711,-88.85,41.84,,,,,,,,,0.121,-1.71,1,0,,,,,,,,,,,,,,,,
54811,20100712,-88.85,41.84,,,,,,,,,0.121,-1.76,1,0,,,,,,,,,,,,,,,,
54811,20100713,-88.85,41.84,,,,,,,,,0.121,-1.8,1,0,,,,,,,,,,,,,,,,
54811,20100714,-88.85,41.84,,,,,,,,,0.121,-1.85,1,0,,,,,,,,,,,,,,,,
54811,20100715,-88.85,41.84,,,,,,,,,0.121,-1.89,1,0,,,,,,,,,,,,,,,,
54811,20100716,-88.85,41.84,,,,,,,,,0.121,-1.93,1,0,,,,,,,,,,,,,,,,
54811,20100717,-88.85,41.84,,,,,,,,,0.121,-1.96,1,0,,,,,,,,,,,,,,,,
54811,20100718,-88.85,41.84,,,,,,,,,0.12,-1.99,1,0,,,,,,,,,,,,,,,,
54811,20100719,-88.85,41.84,,,,,,,,,0.12,-2.01,1,0,,,,,,,,,,,,,,,,
54811,20100720,-88.85,41.84,,,,,,,,,0.119,-2.03,1,0,,,,,,,,,,,,,,,,
54811,20100721,-88.85,41.84,,,,,,,,,0.117,-2.03,1,0,,,,,,,,,,,,,,,,
54811,20100722,-88.85,41.84,,,,,,,,,0.116,-2.03,1,0,,,,,,,,,,,,,,,,
54811,20100723,-88.85,41.84,,,,,,,,,0.13,-1.87,0.913,0.006,,,,,,,,,,,,,,,,
54811,20100724,-88.85,41.84,,,,,,,,,0.169,-1.41,0.763,0.156,,,,,,,,,,,,,,,,
54811,20100725,-88.85,41.84,,,,,,,,,0.22,-0.83,0.613,0.306,,,,,,,,,,,,,,,,
54811,20100726,-88.85,41.84,,,,,,,,,0.269,-0.27,0.463,0.456,,,,,,,,,,,,,,,,
54811,20100727,-88.85,41.84,,,,,,,,,0.318,0.27,0.313,0.606,,,,,,,,,,,,,,,,
54811,20100728,-88.85,41.84,,,,,,,,,0.365,0.8,0.163,0.756,,,,,,,,,,,,,,,,
54811,20100729,-88.85,41.84,0.36,0.83,0.082,0.892,0.355,0.55,0.082,0.778,0.412,1.31,0.013,0.906,0.353,0.22,0.019,0.006,0.528,,,,0.358,0.71,0.082,0.88,0.402,,,
54811,20100730,-88.85,41.84,0.376,0.97,0,0.982,0.367,0.67,0,0.875,0.427,1.48,0,1,0.356,0.26,0,0.006,0.528,,,,0.372,0.85,0,0.97,0.411,,,
54811,20100731,-88.85,41.84,0.379,1,0,1,0.369,0.7,0,1,0.433,1.53,0,1,0.359,0.31,0,0.006,0.528,,,,0.374,0.88,0,1,0.414,,,
54811,20100801,-88.85,41.84,0.372,0.96,0,1,0.36,0.63,0,1,0.426,1.45,0,1,0.358,0.29,0,0,0.528,,,,0.366,0.82,0,1,0.409,,,
54811,20100802,-88.85,41.84,0.368,0.94,0,1,0.354,0.59,0,1,0.421,1.39,0,1,0.357,0.28,0,0,0.528,,,,0.361,0.79,0,1,0.406,,,
54811,20100803,-88.85,41.84,0.368,0.95,0,1,0.351,0.57,0,1,0.419,1.36,0,1,0.355,0.26,0,0,0.525,,,,0.359,0.79,0,1,0.404,,,
54811,20100804,-88.85,41.84,0.375,1.03,0,1,0.355,0.61,0,1,0.422,1.38,0,1,0.348,0.17,0.054,0,0.496,,,,0.365,0.85,0,1,0.399,,,
54811,20100805,-88.85,41.84,0.384,1.12,0,1,0.361,0.68,0,1,0.426,1.43,0,1,0.341,0.08,0.06,0,0.466,,,,0.372,0.93,0,1,0.396,,,
54811,20100806,-88.85,41.84,0.392,1.18,0,1,0.365,0.73,0,1,0.43,1.47,0,1,0.334,-0.02,0.107,0,0.436,,,,0.378,0.98,0,1,0.391,,,
54811,20100807,-88.85,41.84,0.399,1.24,0,1,0.37,0.78,0,1,0.433,1.51,0,1,0.327,-0.11,0.167,0,0.406,,,,0.384,1.04,0,1,0.387,,,
54811,20100808,-88.85,41.84,0.405,1.29,0,1,0.375,0.83,0,1,0.436,1.54,0,1,0.319,-0.2,0.274,0,0.377,,,,0.39,1.09,0,1,0.382,,,
54811,20100809,-88.85,41.84,0.409,1.32,0,1,0.379,0.87,0,1,0.439,1.58,0,1,0.312,-0.29,0.375,0,0.346,,,,0.394,1.12,0,1,0.377,,,
54811,20100810,-88.85,41.84,0.413,1.35,0,1,0.382,0.89,0,1,0.44,1.61,0,1,0.306,-0.37,0.47,0,0.32,,,,0.397,1.15,0,1,0.372,,,
54811,20100811,-88.85,41.84,0.408,1.31,0,1,0.377,0.86,0,1,0.437,1.58,0,1,0.305,-0.37,0.494,0,0.32,,,,0.393,1.11,0,1,0.369,,,
54811,20100812,-88.85,41.84,0.402,1.26,0,1,0.372,0.81,0,1,0.432,1.55,0,1,0.304,-0.38,0.548,0,0.32,,,,0.387,1.06,0,1,0.366,,,
54811,20100813,-88.85,41.84,0.396,1.22,0,1,0.368,0.77,0,1,0.43,1.52,0,1,0.303,-0.39,0.571,0,0.321,,,,0.382,1.02,0,1,0.363,,,
54811,20100814,-88.85,41.84,0.395,1.23,0,1,0.367,0.77,0,1,0.43,1.51,0,1,0.303,-0.38,0.524,0,0.321,,,,0.381,1.03,0,1,0.363,,,
54811,20100815,-88.85,41.84,0.397,1.28,0,1,0.369,0.79,0,1,0.431,1.52,0,1,0.304,-0.37,0.417,0,0.321,,,,0.383,1.06,0,1,0.364,,,
54811,20100816,-88.85,41.84,0.398,1.32,0,1,0.37,0.8,0,1,0.431,1.51,0,1,0.304,-0.36,0.315,0,0.322,,,,0.384,1.09,0,1,0.365,,,
54811,20100817,-88.85,41.84,0.395,1.32,0,1,0.369,0.8,0,1,0.431,1.49,0,1,0.304,-0.35,0.22,0,0.322,,,,0.382,1.09,0,1,0.364,,,
54811,20100818,-88.85,41.84,0.39,1.3,0,1,0.367,0.78,0,1,0.43,1.45,0,1,0.304,-0.34,0.143,0,0.321,,,,0.379,1.07,0,1,0.362,,,
54811,20100819,-88.85,41.84,0.386,1.27,0,1,0.365,0.76,0,1,0.428,1.41,0,1,0.303,-0.33,0.083,0,0.321,,,,0.375,1.05,0,1,0.361,,,
54811,20100820,-88.85,41.84,0.381,1.24,0,1,0.363,0.74,0,1,0.427,1.37,0,1,0.303,-0.33,0.012,0,0.321,,,,0.372,1.03,0,1,0.359,,,
54811,20100821,-88.85,41.84,0.37,1.15,0,1,0.356,0.67,0,0.994,0.423,1.3,0,1,0.302,-0.34,0,0,0.321,,,,0.363,0.95,0,1,0.354,,,
54811,20100822,-88.85,41.84,0.356,1.02,0,1,0.347,0.58,0,0.857,0.417,1.23,0,1,0.301,-0.36,0,0,0.321,,,,0.351,0.83,0,0.994,0.348,,,
54811,20100823,-88.85,41.84,0.342,0.89,0,0.964,0.338,0.49,0,0.714,0.412,1.16,0,1,0.3,-0.38,0.006,0,0.321,,,,0.34,0.73,0,0.863,0.343,,,
54811,20100824,-88.85,41.84,0.33,0.77,0,0.821,0.328,0.4,0,0.571,0.407,1.09,0,1,0.299,-0.4,0.107,0,0.32,,,,0.329,0.62,0,0.72,0.337,,,
54811,20100825,-88.85,41.84,0.317,0.65,0,0.679,0.319,0.31,0,0.429,0.401,1.02,0,1,0.299,-0.43,0.19,0,0.32,,,,0.318,0.51,0,0.577,0.331,,,
54811,20100826,-88.85,41.84,0.302,0.51,0,0.536,0.309,0.22,0,0.286,0.395,0.94,0,1,0.298,-0.45,0.298,0,0.32,,,,0.306,0.4,0,0.435,0.325,,,
54811,20100827,-88.85,41.84,0.289,0.39,0,0.393,0.298,0.12,0,0.143,0.388,0.86,0,1,0.298,-0.48,0.417,0,0.32,,,,0.293,0.28,0,0.292,0.318,,,
54811,20100828,-88.85,41.84,0.276,0.28,0,0.25,0.287,0.03,0,0.006,0.38,0.77,0,1,0.297,-0.5,0.56,0,0.32,,,,0.282,0.18,0,0.149,0.312,,,
54811,20100829,-88.85,41.84,0.264,0.18,0,0.107,0.276,-0.07,0,0,0.372,0.69,0,0.952,0.297,-0.51,0.69,0,0.32,,,,0.27,0.08,0,0.012,0.306,,,
54811,20100830,-88.85,41.84,0.254,0.09,0,0,0.266,-0.15,0.048,0,0.363,0.6,0,0.81,0.296,-0.53,0.78,0,0.32,,,,0.26,-0.01,0,0,0.3,,,
54811,20100831,-88.85,41.84,0.245,0.01,0,0,0.256,-0.22,0.179,0,0.355,0.52,0,0.667,0.295,-0.53,0.798,0,0.32,,,,0.25,-0.09,0,0,0.294,,,
54811,20100901,-88.85,41.84,0.237,-0.05,0,0,0.248,-0.27,0.268,0,0.347,0.44,0,0.524,0.295,-0.53,0.786,0,0.321,,,,0.243,-0.15,0,0,0.29,,,
54811,20100902,-88.85,41.84,0.231,-0.1,0,0,0.242,-0.32,0.405,0,0.34,0.38,0,0.381,0.294,-0.53,0.72,0,0.321,,,,0.236,-0.19,0,0,0.286,,,
54811,20100903,-88.85,41.84,0.24,-0.02,0,0.125,0.25,-0.24,0.417,0.113,0.343,0.4,0,0.363,0.294,-0.53,0.601,0,0.321,,,,0.245,-0.11,0,0.125,0.29,,,
54811,20100904,-88.85,41.84,0.251,0.08,0,0.268,0.261,-0.14,0.417,0.226,0.347,0.43,0,0.363,0.293,-0.52,0.458,0,0.321,,,,0.256,0,0,0.268,0.295,,,
54811,20100905,-88.85,41.84,0.261,0.18,0,0.411,0.27,-0.05,0.417,0.226,0.35,0.46,0,0.411,0.293,-0.51,0.333,0,0.321,,,,0.265,0.1,0,0.411,0.299,,,
54811,20100906,-88.85,41.84,0.27,0.27,0,0.554,0.279,0.04,0.369,0.226,0.354,0.49,0,0.554,0.293,-0.5,0.238,0.006,0.321,,,,0.274,0.19,0,0.542,0.304,,,
54811,20100907,-88.85,41.84,0.279,0.36,0,0.696,0.288,0.12,0.238,0.226,0.358,0.52,0,0.696,0.293,-0.5,0.137,0.006,0.321,,,,0.283,0.29,0,0.565,0.308,,,
54811,20100908,-88.85,41.84,0.286,0.43,0,0.696,0.294,0.19,0.149,0.226,0.361,0.55,0,0.833,0.292,-0.49,0.065,0.006,0.321,,,,0.29,0.36,0,0.565,0.311,,,
54811,20100909,-88.85,41.84,0.291,0.49,0,0.696,0.3,0.25,0.012,0.226,0.364,0.57,0,0.857,0.292,-0.49,0.024,0.006,0.321,,,,0.295,0.42,0,0.565,0.313,,,
54811,20100910,-88.85,41.84,0.282,0.42,0,0.571,0.29,0.18,0,0.113,0.357,0.52,0,0.732,0.291,-0.49,0.024,0.006,0.321,,,,0.286,0.35,0,0.44,0.308,,,
54811,20100911,-88.85,41.84,0.271,0.34,0,0.429,0.279,0.1,0,0,0.349,0.47,0,0.589,0.29,-0.49,0.03,0.006,0.321,,,,0.275,0.26,0,0.298,0.302,,,
54811,20100912,-88.85,41.84,0.261,0.27,0,0.286,0.269,0.03,0,0,0.343,0.42,0,0.446,0.289,-0.5,0.024,0.006,0.32,,,,0.265,0.19,0,0.155,0.296,,,
54811,20100913,-88.85,41.84,0.253,0.2,0,0.143,0.26,-0.04,0,0,0.336,0.37,0,0.304,0.288,-0.5,0.036,0.006,0.32,,,,0.257,0.11,0,0.024,0.291,,,
54811,20100914,-88.85,41.84,0.246,0.14,0,0,0.251,-0.11,0.012,0,0.33,0.32,0,0.161,0.287,-0.5,0.03,0.006,0.319,,,,0.248,0.04,0,0,0.287,,,
54811,20100915,-88.85,41.84,0.239,0.08,0,0,0.243,-0.17,0.143,0,0.323,0.28,0,0.024,0.286,-0.5,0.042,0.006,0.319,,,,0.241,-0.03,0,0,0.282,,,
54811,20100916,-88.85,41.84,0.233,0.04,0,0,0.236,-0.23,0.286,0,0.317,0.23,0,0,0.286,-0.5,0.048,0.006,0.319,,,,0.234,-0.09,0,0,0.278,,,
54811,20100917,-88.85,41.84,0.229,0.01,0,0,0.23,-0.28,0.429,0,0.311,0.19,0,0,0.285,-0.51,0.065,0.006,0.319,,,,0.229,-0.13,0,0,0.275,,,
54811,20100918,-88.85,41.84,0.226,-0.01,0,0,0.224,-0.33,0.571,0,0.305,0.15,0,0,0.284,-0.51,0.113,0.006,0.319,,,,0.225,-0.16,0,0,0.272,,,
54811,20100919,-88.85,41.84,0.223,-0.03,0,0,0.22,-0.36,0.714,0,0.299,0.11,0,0,0.283,-0.52,0.202,0.006,0.319,,,,0.221,-0.2,0,0,0.269,,,
54811,20100920,-88.85,41.84,0.22,-0.05,0,0,0.216,-0.39,0.857,0,0.294,0.08,0,0,0.281,-0.53,0.274,0,0.319,,,,0.218,-0.22,0,0,0.266,,,
54811,20100921,-88.85,41.84,0.218,-0.06,0,0,0.212,-0.41,0.988,0,0.29,0.06,0,0,0.281,-0.54,0.387,0,0.318,,,,0.215,-0.24,0,0,0.264,,,
54811,20100922,-88.85,41.84,0.223,-0.01,0,0.077,0.215,-0.37,0.917,0,0.294,0.09,0,0.083,0.281,-0.55,0.518,0,0.318,,,,0.219,-0.2,0,0.006,0.266,,,
54811,20100923,-88.85,41.84,0.232,0.07,0,0.208,0.22,-0.32,0.774,0,0.301,0.16,0,0.226,0.282,-0.55,0.637,0.006,0.318,,,,0.226,-0.12,0,0.006,0.27,,,
54811,20100924,-88.85,41.84,0.238,0.12,0,0.208,0.225,-0.27,0.631,0,0.308,0.22,0,0.369,0.282,-0.56,0.762,0.006,0.317,,,,0.231,-0.07,0,0.006,0.274,,,
54811,20100925,-88.85,41.84,0.246,0.19,0,0.25,0.229,-0.22,0.488,0,0.314,0.27,0,0.5,0.283,-0.56,0.845,0.012,0.317,,,,0.237,-0.01,0,0.006,0.278,,,
54811,20100926,-88.85,41.84,0.252,0.24,0,0.25,0.233,-0.18,0.345,0,0.319,0.32,0,0.518,0.284,-0.57,0.899,0.012,0.318,,,,0.243,0.04,0,0.006,0.281,,,
54811,20100927,-88.85,41.84,0.258,0.29,0,0.25,0.237,-0.14,0.202,0,0.324,0.37,0,0.518,0.284,-0.57,0.958,0.012,0.318,,,,0.247,0.09,0,0.006,0.284,,,
54811,20100928,-88.85,41.84,0.262,0.32,0,0.25,0.24,-0.11,0.06,0,0.328,0.4,0,0.518,0.283,-0.58,0.976,0.012,0.318,,,,0.251,0.12,0,0.006,0.286,,,
54811,20100929,-88.85,41.84,0.26,0.3,0,0.173,0.239,-0.13,0,0,0.325,0.38,0,0.435,0.283,-0.58,0.976,0.012,0.317,,,,0.249,0.09,0,0,0.285,,,
54811,20100930,-88.85,41.84,0.252,0.23,0,0.042,0.236,-0.16,0,0,0.318,0.33,0,0.292,0.281,-0.6,0.994,0.006,0.317,,,,0.244,0.04,0,0,0.281,,,
54811,20101001,-88.85,41.84,0.245,0.16,0,0.042,0.231,-0.2,0.024,0,0.313,0.29,0,0.149,0.28,-0.6,0.994,0.006,0.317,,,,0.238,-0.02,0,0,0.277,,,
54811,20101002,-88.85,41.84,0.235,0.08,0,0,0.227,-0.24,0.167,0,0.307,0.24,0,0.018,0.278,-0.61,0.994,0,0.317,,,,0.231,-0.09,0,0,0.273,,,
54811,20101003,-88.85,41.84,0.226,0,0,0,0.223,-0.28,0.31,0,0.302,0.2,0,0,0.277,-0.61,0.988,0,0.317,,,,0.224,-0.16,0.101,0,0.269,,,
54811,20101004,-88.85,41.84,0.217,-0.08,0.006,0,0.218,-0.33,0.452,0,0.296,0.16,0,0,0.276,-0.62,0.988,0,0.316,,,,0.218,-0.23,0.244,0,0.265,,,
54811,20101005,-88.85,41.84,0.209,-0.15,0.119,0,0.213,-0.38,0.595,0,0.291,0.11,0,0,0.277,-0.6,0.976,0.012,0.316,,,,0.211,-0.29,0.387,0,0.261,,,
54811,20101006,-88.85,41.84,0.202,-0.22,0.262,0,0.208,-0.44,0.738,0,0.286,0.07,0,0,0.279,-0.58,0.952,0.036,0.316,,,,0.205,-0.35,0.53,0,0.258,,,
54811,20101007,-88.85,41.84,0.195,-0.29,0.405,0,0.203,-0.49,0.881,0,0.281,0.02,0,0,0.278,-0.58,0.946,0.042,0.316,,,,0.199,-0.4,0.673,0,0.255,,,
54811,20101008,-88.85,41.84,0.19,-0.33,0.548,0,0.199,-0.53,1,0,0.276,-0.02,0,0,0.277,-0.59,0.94,0.048,0.317,,,,0.195,-0.44,0.815,0,0.252,,,
54811,20101009,-88.85,41.84,0.186,-0.38,0.69,0,0.195,-0.58,1,0,0.271,-0.07,0,0,0.277,-0.59,0.94,0.054,0.316,,,,0.191,-0.48,0.958,0,0.249,,,
54811,20101010,-88.85,41.84,0.183,-0.41,0.833,0,0.193,-0.63,1,0,0.268,-0.11,0,0,0.275,-0.6,0.94,0.054,0.315,,,,0.188,-0.51,1,0,0.247,,,
54811,20101011,-88.85,41.84,0.18,-0.44,0.97,0,0.19,-0.67,1,0,0.264,-0.16,0,0,0.275,-0.6,0.935,0.054,0.315,,,,0.185,-0.54,1,0,0.245,,,
54811,20101012,-88.85,41.84,0.177,-0.47,1,0,0.188,-0.72,1,0,0.261,-0.2,0,0,0.273,-0.61,0.94,0.048,0.315,,,,0.183,-0.58,1,0,0.243,,,
54811,20101013,-88.85,41.84,0.174,-0.5,1,0,0.186,-0.77,1,0,0.258,-0.24,0,0,0.27,-0.63,0.958,0.03,0.315,,,,0.18,-0.62,1,0,0.241,,,
54811,20101014,-88.85,41.84,0.171,-0.53,1,0,0.183,-0.82,1,0,0.255,-0.29,0.054,0,0.27,-0.63,0.964,0.024,0.315,,,,0.177,-0.66,1,0,0.239,,,
54811,20101015,-88.85,41.84,0.168,-0.56,1,0,0.18,-0.88,1,0,0.252,-0.35,0.196,0,0.271,-0.61,0.952,0.036,0.315,,,,0.174,-0.71,1,0,0.237,,,
54811,20101016,-88.85,41.84,0.165,-0.59,1,0,0.178,-0.93,1,0,0.249,-0.4,0.339,0,0.269,-0.62,0.952,0.036,0.315,,,,0.172,-0.75,1,0,0.235,,,
54811,20101017,-88.85,41.84,0.162,-0.62,1,0,0.175,-0.99,1,0,0.246,-0.45,0.482,0,0.27,-0.6,0.946,0.048,0.315,,,,0.169,-0.79,1,0,0.234,,,
54811,20101018,-88.85,41.84,0.16,-0.65,1,0,0.173,-1.06,1,0,0.243,-0.5,0.625,0,0.271,-0.59,0.935,0.065,0.315,,,,0.166,-0.83,1,0,0.232,,,
54811,20101019,-88.85,41.84,0.157,-0.69,1,0,0.17,-1.12,1,0,0.24,-0.55,0.768,0,0.271,-0.58,0.929,0.071,0.314,,,,0.164,-0.87,1,0,0.23,,,
54811,20101020,-88.85,41.84,0.155,-0.72,1,0,0.168,-1.18,1,0,0.237,-0.6,0.911,0,0.269,-0.6,0.929,0.071,0.314,,,,0.161,-0.91,1,0,0.228,,,
54811,20101021,-88.85,41.84,0.153,-0.75,1,0,0.166,-1.24,1,0,0.234,-0.65,1,0,0.269,-0.59,0.917,0.083,0.313,,,,0.159,-0.95,1,0,0.227,,,
54811,20101022,-88.85,41.84,0.151,-0.78,1,0,0.164,-1.31,1,0,0.232,-0.7,1,0,0.268,-0.6,0.911,0.089,0.313,,,,0.158,-1,1,0,0.226,,,
54811,20101023,-88.85,41.84,0.149,-0.82,1,0,0.163,-1.37,1,0,0.23,-0.75,1,0,0.27,-0.58,0.892,0.108,0.312,,,,0.156,-1.05,1,0,0.225,,,
54811,20101024,-88.85,41.84,0.158,-0.8,1,0,0.165,-1.42,1,0,0.232,-0.77,1,0,0.268,-0.6,0.892,0.102,0.311,,,,0.162,-1.07,1,0,0.227,,,
54811,20101025,-88.85,41.84,0.173,-0.74,0.928,0,0.171,-1.44,1,0,0.235,-0.77,1,0,0.267,-0.62,0.892,0.102,0.311,,,,0.172,-1.05,1,0,0.231,,,
54811,20101026,-88.85,41.84,0.19,-0.67,0.784,0,0.179,-1.43,1,0,0.238,-0.78,0.994,0,0.265,-0.64,0.898,0.096,0.31,,,,0.185,-1.01,0.994,0,0.237,,,
54811,20101027,-88.85,41.84,0.211,-0.57,0.641,0,0.196,-1.34,1,0,0.252,-0.67,0.85,0,0.265,-0.64,0.892,0.102,0.31,,,,0.203,-0.92,0.916,0,0.247,,,
54811,20101028,-88.85,41.84,0.229,-0.49,0.497,0,0.21,-1.28,1,0,0.265,-0.57,0.707,0,0.264,-0.66,0.898,0.096,0.31,,,,0.22,-0.86,0.916,0,0.256,,,
54811,20101029,-88.85,41.84,0.246,-0.42,0.461,0,0.223,-1.23,1,0,0.277,-0.48,0.563,0,0.262,-0.68,0.904,0.09,0.309,,,,0.235,-0.8,0.916,0,0.264,,,
54811,20101030,-88.85,41.84,0.261,-0.36,0.464,0,0.236,-1.19,1,0,0.288,-0.4,0.423,0,0.258,-0.72,0.917,0.077,0.309,,,,0.248,-0.75,0.917,0,0.27,,,
54811,20101031,-88.85,41.84,0.265,-0.37,0.464,0,0.245,-1.18,1,0,0.295,-0.36,0.28,0,0.259,-0.72,0.911,0.089,0.309,,,,0.255,-0.76,0.917,0,0.275,,,
54811,20101101,-88.85,41.84,0.262,-0.42,0.536,0,0.25,-1.21,1,0,0.301,-0.32,0.179,0,0.254,-0.76,0.929,0.071,0.309,,,,0.256,-0.8,0.917,0,0.275,,,
54811,20101102,-88.85,41.84,0.256,-0.49,0.679,0,0.252,-1.27,1,0,0.307,-0.3,0.185,0,0.255,-0.76,0.917,0.083,0.308,,,,0.254,-0.88,0.923,0,0.276,,,
54811,20101103,-88.85,41.84,0.245,-0.59,0.821,0,0.246,-1.4,1,0,0.302,-0.38,0.327,0,0.254,-0.77,0.923,0.077,0.308,,,,0.245,-1,1,0,0.271,,,
54811,20101104,-88.85,41.84,0.237,-0.68,0.964,0,0.241,-1.52,1,0,0.298,-0.46,0.47,0,0.254,-0.76,0.917,0.083,0.308,,,,0.239,-1.1,1,0,0.268,,,
54811,20101105,-88.85,41.84,0.23,-0.76,1,0,0.238,-1.62,1,0,0.295,-0.53,0.613,0,0.254,-0.76,0.917,0.071,0.308,,,,0.234,-1.19,1,0,0.265,,,
54811,20101106,-88.85,41.84,0.224,-0.85,1,0,0.234,-1.71,1,0,0.292,-0.59,0.756,0,0.255,-0.75,0.911,0.065,0.308,,,,0.229,-1.27,1,0,0.263,,,
54811,20101107,-88.85,41.84,0.217,-0.94,1,0,0.23,-1.79,1,0,0.289,-0.66,0.899,0,0.254,-0.76,0.923,0.048,0.308,,,,0.224,-1.35,1,0,0.26,,,
54811,20101108,-88.85,41.84,0.212,-1.02,1,0,0.227,-1.85,1,0,0.286,-0.73,1,0,0.257,-0.73,0.911,0.048,0.307,,,,0.219,-1.41,1,0,0.258,,,
54811,20101109,-88.85,41.84,0.207,-1.11,1,0,0.224,-1.89,1,0,0.284,-0.78,1,0,0.258,-0.72,0.905,0.03,0.306,,,,0.216,-1.48,1,0,0.256,,,
54811,20101110,-88.85,41.84,0.203,-1.21,1,0,0.221,-1.93,1,0,0.282,-0.83,1,0,0.26,-0.71,0.887,0.03,0.306,,,,0.212,-1.55,1,0,0.254,,,
54811,20101111,-88.85,41.84,0.198,-1.31,1,0,0.218,-1.96,1,0,0.281,-0.87,1,0,0.26,-0.7,0.881,0.036,0.305,,,,0.208,-1.63,1,0,0.253,,,
54811,20101112,-88.85,41.84,0.195,-1.41,1,0,0.216,-1.98,1,0,0.279,-0.9,1,0,0.261,-0.7,0.875,0.036,0.304,,,,0.205,-1.71,1,0,0.251,,,
54811,20101113,-88.85,41.84,0.192,-1.5,1,0,0.213,-1.99,1,0,0.278,-0.93,1,0,0.259,-0.71,0.887,0.03,0.303,,,,0.203,-1.78,1,0,0.249,,,
54811,20101114,-88.85,41.84,0.189,-1.6,1,0,0.211,-1.99,1,0,0.277,-0.94,1,0,0.259,-0.71,0.875,0.048,0.303,,,,0.2,-1.86,1,0,0.248,,,
54811,20101115,-88.85,41.84,0.186,-1.72,1,0,0.209,-2,1,0,0.276,-0.97,1,0,0.259,-0.71,0.875,0.048,0.303,,,,0.198,-1.93,1,0,0.247,,,
54811,20101116,-88.85,41.84,0.184,-1.82,1,0,0.206,-2.02,1,0,0.274,-0.99,1,0,0.259,-0.71,0.881,0.054,0.303,,,,0.195,-1.99,1,0,0.245,,,
54811,20101117,-88.85,41.84,0.183,-1.91,1,0,0.204,-2.03,1,0,0.272,-1.02,1,0,0.257,-0.73,0.893,0.054,0.303,,,,0.193,-2.03,1,0,0.244,,,
54811,20101118,-88.85,41.84,0.182,-2,1,0,0.202,-2.05,1,0,0.27,-1.05,1,0,0.256,-0.73,0.899,0.036,0.302,,,,0.192,-2.07,1,0,0.242,,,
54811,20101119,-88.85,41.84,0.18,-2.07,1,0,0.2,-2.07,1,0,0.268,-1.08,1,0,0.254,-0.75,0.923,0.03,0.302,,,,0.19,-2.1,1,0,0.241,,,
54811,20101120,-88.85,41.84,0.179,-2.12,1,0,0.199,-2.09,1,0,0.266,-1.11,1,0,0.255,-0.74,0.905,0.03,0.302,,,,0.189,-2.12,1,0,0.24,,,
54811,20101121,-88.85,41.84,0.178,-2.15,1,0,0.197,-2.11,1,0,0.263,-1.15,1,0,0.257,-0.72,0.899,0.012,0.302,,,,0.187,-2.15,1,0,0.239,,,
54811,20101122,-88.85,41.84,0.178,-2.15,1,0,0.196,-2.13,1,0,0.262,-1.17,1,0,0.259,-0.71,0.881,0.012,0.302,,,,0.187,-2.16,1,0,0.239,,,
54811,20101123,-88.85,41.84,0.189,-2,1,0,0.2,-2.09,1,0,0.261,-1.18,1,0,0.257,-0.72,0.893,0.006,0.301,,,,0.195,-2.07,1,0,0.242,,,
54811,20101124,-88.85,41.84,0.202,-1.82,1,0,0.205,-2.03,1,0,0.26,-1.2,1,0,0.258,-0.71,0.887,0,0.301,,,,0.203,-1.97,1,0,0.245,,,
54811,20101125,-88.85,41.84,0.213,-1.65,1,0,0.209,-1.98,1,0,0.259,-1.22,1,0,0.256,-0.73,0.899,0,0.301,,,,0.211,-1.89,1,0,0.248,,,
54811,20101126,-88.85,41.84,0.225,-1.49,1,0,0.214,-1.92,1,0,0.258,-1.24,1,0,0.258,-0.71,0.881,0,0.301,,,,0.22,-1.8,1,0,0.251,,,
54811,20101127,-88.85,41.84,0.238,-1.33,1,0,0.219,-1.87,1,0,0.257,-1.26,1,0,0.256,-0.73,0.899,0,0.301,,,,0.229,-1.72,1,0,0.254,,,
54811,20101128,-88.85,41.84,0.254,-1.14,1,0,0.224,-1.81,1,0,0.255,-1.28,1,0,0.253,-0.75,0.917,0,0.301,,,,0.239,-1.61,1,0,0.257,,,
54811,20101129,-88.85,41.84,0.267,-0.99,1,0,0.228,-1.76,1,0,0.254,-1.3,1,0,0.25,-0.78,0.94,0,0.301,,,,0.248,-1.52,1,0,0.26,,,
54811,20101130,-88.85,41.84,0.271,-0.95,0.946,0,0.234,-1.7,1,0,0.255,-1.28,0.958,0,0.25,-0.79,0.935,0,0.301,,,,0.252,-1.48,1,0,0.262,,,
54811,20101201,-88.85,41.84,0.276,-0.92,0.946,0,0.244,-1.6,1,0,0.263,-1.18,0.815,0,0.248,-0.81,0.946,0,0.301,,,,0.26,-1.42,1,0,0.266,,,
54811,20101202,-88.85,41.84,0.283,-0.86,0.881,0,0.253,-1.51,1,0,0.271,-1.09,0.714,0,0.248,-0.81,0.94,0,0.301,,,,0.268,-1.34,1,0,0.271,,,
54811,20101203,-88.85,41.84,0.292,-0.78,0.881,0,0.262,-1.44,1,0,0.278,-1,0.69,0,0.246,-0.82,0.946,0,0.301,,,,0.277,-1.25,1,0,0.276,,,
54811,20101204,-88.85,41.84,0.297,-0.73,0.863,0,0.274,-1.33,1,0,0.285,-0.9,0.69,0,0.247,-0.83,0.94,0,0.3,,,,0.283,-1.19,1,0,0.279,,,
54811,20101205,-88.85,41.84,0.302,-0.71,0.86,0,0.284,-1.27,1,0,0.293,-0.81,0.69,0,0.247,-0.83,0.935,0,0.3,,,,0.29,-1.13,1,0,0.284,,,
54811,20101206,-88.85,41.84,0.304,-0.73,0.86,0,0.292,-1.23,1,0,0.3,-0.73,0.69,0,0.247,-0.83,0.935,0,0.299,,,,0.296,-1.12,1,0,0.288,,,
54811,20101207,-88.85,41.84,0.307,-0.72,0.923,0,0.294,-1.26,1,0,0.304,-0.69,0.732,0,0.245,-0.85,0.946,0,0.299,,,,0.299,-1.17,1,0,0.289,,,
54811,20101208,-88.85,41.84,0.31,-0.72,0.919,0,0.291,-1.35,1,0,0.302,-0.73,0.875,0,0.245,-0.85,0.946,0,0.299,,,,0.298,-1.26,1,0,0.288,,,
54811,20101209,-88.85,41.84,,,,,0.294,-1.38,1,0,0.301,-0.76,0.976,0,0.244,-0.86,0.952,0,0.298,,,,,,,,,,,
54811,20101210,-88.85,41.84,,,,,0.295,-1.4,1,0,0.3,-0.79,1,0,0.242,-0.88,0.964,0,0.298,,,,,,,,,,,
54811,20101211,-88.85,41.84,,,,,,,,,0.299,-0.82,1,0,0.241,-0.89,0.976,0,0.298,,,,,,,,,,,
54811,20101212,-88.85,41.84,,,,,,,,,0.3,-0.83,1,0,0.239,-0.9,0.988,0,0.298,,,,,,,,,,,
54811,20101213,-88.85,41.84,,,,,,,,,0.302,-0.81,1,0,0.239,-0.91,0.994,0,0.298,,,,,,,,,,,
54811,20101214,-88.85,41.84,,,,,,,,,0.304,-0.8,1,0,0.239,-0.91,0.994,0,0.298,,,,,,,,,,,
54811,20101215,-88.85,41.84,,,,,,,,,0.306,-0.79,1,0,0.238,-0.91,1,0,0.298,,,,,,,,,,,
54811,20101216,-88.85,41.84,,,,,,,,,0.307,-0.78,1,0,0.237,-0.92,1,0,0.298,,,,,,,,,,,
54811,20101217,-88.85,41.84,,,,,,,,,0.309,-0.78,1,0,0.238,-0.92,0.994,0,0.298,,,,,,,,,,,
54811,20101218,-88.85,41.84,,,,,,,,,0.31,-0.78,1,0,0.238,-0.92,0.994,0,0.298,,,,,,,,,,,
54811,20101219,-88.85,41.84,,,,,,,,,0.311,-0.81,1,0,0.239,-0.92,0.982,0,0.298,,,,,,,,,,,
54811,20101220,-88.85,41.84,,,,,,,,,0.31,-0.86,1,0,0.239,-0.93,0.982,0,0.298,,,,,,,,,,,
54811,20101221,-88.85,41.84,,,,,,,,,0.311,-0.86,0.949,0,0.238,-0.94,0.982,0,0.297,,,,,,,,,,,
54811,20101222,-88.85,41.84,,,,,,,,,0.308,-0.96,0.94,0,0.238,-0.95,0.976,0,0.297,,,,,,,,,,,
54811,20101223,-88.85,41.84,,,,,,,,,0.306,-1.03,0.94,0,0.238,-0.96,0.976,0,0.297,,,,,,,,,,,
54811,20101224,-88.85,41.84,,,,,,,,,0.305,-1.08,0.94,0,0.238,-0.97,0.964,0,0.297,,,,,,,,,,,
54811,20101225,-88.85,41.84,,,,,,,,,0.305,-1.13,0.94,0,0.238,-0.99,0.964,0,0.296,,,,,,,,,,,
54811,20101226,-88.85,41.84,,,,,,,,,0.304,-1.18,0.94,0,0.237,-1,0.964,0,0.296,,,,,,,,,,,
54811,20101227,-88.85,41.84,,,,,,,,,0.304,-1.21,0.94,0,0.238,-1.01,0.952,0,0.296,,,,,,,,,,,
54811,20101228,-88.85,41.84,,,,,,,,,0.302,-1.28,0.994,0,0.238,-1.02,0.946,0,0.296,,,,,,,,,,,
54811,20101229,-88.85,41.84,,,,,,,,,0.303,-1.26,1,0,0.24,-1.02,0.935,0,0.295,,,,,,,,,,,
54811,20101230,-88.85,41.84,,,,,,,,,0.304,-1.28,1,0,0.242,-1.02,0.911,0,0.295,,,,,,,,,,,
54811,20101231,-88.85,41.84,,,,,,,,,0.304,-1.3,0.988,0,0.242,-1.04,0.917,0,0.295,,,,,,,,,,,
54811,20110101,-88.85,41.84,,,,,,,,,0.317,-1.06,0.845,0.131,0.246,-1.01,0.917,0,0.295,,,,,,,,,,,
54811,20110102,-88.85,41.84,,,,,,,,,0.326,-0.88,0.702,0.131,0.25,-1,0.929,0,0.295,,,,,,,,,,,
54811,20110103,-88.85,41.84,,,,,,,,,0.335,-0.74,0.56,0.131,0.254,-0.99,0.94,0,0.295,,,,,,,,,,,
54811,20110104,-88.85,41.84,,,,,,,,,0.344,-0.58,0.419,0.132,0.258,-0.98,0.946,0,0.295,,,,,,,,,,,
54811,20110105,-88.85,41.84,,,,,,,,,0.352,-0.42,0.293,0.14,0.26,-0.99,0.964,0,0.295,,,,,,,,,,,
54811,20110106,-88.85,41.84,,,,,,,,,,,,,0.263,-1,0.988,0,0.295,,,,,,,,,,,
54811,20110107,-88.85,41.84,,,,,,,,,,,,,0.265,-1,1,0,0.296,,,,,,,,,,,
54811,20110108,-88.85,41.84,,,,,,,,,,,,,0.265,-1.03,1,0,0.296,,,,,,,,,,,
54811,20110109,-88.85,41.84,,,,,,,,,,,,,0.263,-1.07,1,0,0.296,,,,,,,,,,,
54811,20110110,-88.85,41.84,,,,,,,,,,,,,0.262,-1.1,1,0,0.296,,,,,,,,,,,
54811,20110111,-88.85,41.84,,,,,,,,,,,,,0.261,-1.12,1,0,0.295,,,,,,,,,,,
54811,20110112,-88.85,41.84,,,,,,,,,,,,,0.261,-1.13,1,0,0.295,,,,,,,,,,,
54811,20110113,-88.85,41.84,,,,,,,,,,,,,0.261,-1.14,1,0,0.295,,,,,,,,,,,
54811,20110114,-88.85,41.84,,,,,,,,,,,,,0.26,-1.15,1,0,0.294,,,,,,,,,,,
54811,20110115,-88.85,41.84,,,,,,,,,,,,,0.26,-1.16,1,0,0.294,,,,,,,,,,,
54811,20110116,-88.85,41.84,,,,,,,,,,,,,0.259,-1.17,1,0,0.293,,,,,,,,,,,
54811,20110117,-88.85,41.84,,,,,,,,,,,,,0.26,-1.18,1,0,0.293,,,,,,,,,,,
54811,20110118,-88.85,41.84,,,,,,,,,,,,,0.26,-1.18,1,0,0.293,,,,,,,,,,,
54811,20110119,-88.85,41.84,,,,,,,,,,,,,0.259,-1.2,1,0,0.293,,,,,,,,,,,
54811,20110120,-88.85,41.84,,,,,,,,,,,,,0.258,-1.22,1,0,0.293,,,,,,,,,,,
54811,20110121,-88.85,41.84,,,,,,,,,,,,,0.258,-1.22,1,0,0.293,,,,,,,,,,,
54811,20110122,-88.85,41.84,,,,,,,,,,,,,0.257,-1.24,1,0,0.293,,,,,,,,,,,
54811,20110123,-88.85,41.84,,,,,,,,,,,,,0.257,-1.26,1,0,0.292,,,,,,,,,,,
54811,20110124,-88.85,41.84,,,,,,,,,,,,,0.249,-1.37,1,0,0.293,,,,,,,,,,,
54811,20110125,-88.85,41.84,,,,,,,,,,,,,0.231,-1.62,1,0,0.293,,,,,,,,,,,
54811,20110126,-88.85,41.84,,,,,,,,,,,,,0.211,-1.94,1,0,0.292,,,,,,,,,,,
54811,20110127,-88.85,41.84,,,,,,,,,,,,,0.193,-2.31,1,0,0.292,,,,,,,,,,,
54811,20110128,-88.85,41.84,,,,,,,,,,,,,0.175,-2.67,1,0,0.292,,,,,,,,,,,
54811,20110129,-88.85,41.84,,,,,,,,,,,,,0.156,-3.05,1,0,0.291,,,,,,,,,,,
54811,20110130,-88.85,41.84,,,,,,,,,,,,,0.138,-3.42,1,0,0.291,,,,,,,,,,,
54811,20110131,-88.85,41.84,,,,,,,,,,,,,0.128,-3.66,1,0,0.291,,,,,,,,,,,
54811,20110201,-88.85,41.84,,,,,,,,,,,,,0.133,-3.7,1,0,0.291,,,,,,,,,,,
54811,20110202,-88.85,41.84,,,,,,,,,,,,,0.151,-3.46,1,0,0.291,,,,,,,,,,,
54811,20110203,-88.85,41.84,,,,,,,,,,,,,0.169,-3.16,1,0,0.291,,,,,,,,,,,
54811,20110204,-88.85,41.84,,,,,,,,,,,,,0.185,-2.89,1,0,0.291,,,,,,,,,,,
54811,20110205,-88.85,41.84,,,,,,,,,,,,,0.186,-2.83,1,0,0.291,,,,,,,,,,,
54811,20110206,-88.85,41.84,,,,,,,,,,,,,0.185,-2.72,1,0,0.291,,,,,,,,,,,
54811,20110207,-88.85,41.84,,,,,,,,,,,,,0.185,-2.56,1,0,0.291,,,,,,,,,,,
54811,20110208,-88.85,41.84,,,,,,,,,,,,,0.178,-2.45,1,0,0.291,,,,,,,,,,,
54811,20110209,-88.85,41.84,,,,,,,,,,,,,0.159,-2.55,1,0,0.291,,,,,,,,,,,
54811,20110210,-88.85,41.84,,,,,,,,,,,,,0.142,-2.62,1,0,0.291,,,,,,,,,,,
54811,20110211,-88.85,41.84,,,,,,,,,,,,,0.124,-2.69,1,0,0.292,,,,,,,,,,,
54811,20110212,-88.85,41.84,,,,,,,,,,,,,0.125,-2.5,1,0,0.293,,,,,,,,,,,
54811,20110213,-88.85,41.84,,,,,,,,,,,,,0.126,-2.37,1,0,0.292,,,,,,,,,,,
54811,20110214,-88.85,41.84,,,,,,,,,,,,,0.125,-2.33,1,0,0.292,,,,,,,,,,,
54811,20110215,-88.85,41.84,,,,,,,,,,,,,0.125,-2.31,1,0,0.292,,,,,,,,,,,
54811,20110216,-88.85,41.84,,,,,,,,,,,,,0.126,-2.28,1,0,0.292,,,,,,,,,,,
54811,20110217,-88.85,41.84,,,,,,,,,,,,,0.125,-2.27,1,0,0.293,,,,,,,,,,,
54811,20110218,-88.85,41.84,,,,,,,,,,,,,0.127,-2.24,1,0,0.293,,,,,,,,,,,
54811,20110219,-88.85,41.84,,,,,,,,,,,,,0.125,-2.26,1,0,0.294,,,,,,,,,,,
54811,20110220,-88.85,41.84,,,,,,,,,,,,,0.125,-2.25,1,0,0.296,,,,,,,,,,,
54811,20110221,-88.85,41.84,,,,,,,,,,,,,0.124,-2.25,1,0,0.297,,,,,,,,,,,
54811,20110222,-88.85,41.84,,,,,,,,,,,,,0.125,-2.24,1,0,0.299,,,,,,,,,,,
54811,20110223,-88.85,41.84,,,,,,,,,,,,,0.132,-2.16,1,0,0.3,,,,,,,,,,,
54811,20110224,-88.85,41.84,,,,,,,,,,,,,0.152,-1.97,1,0,0.3,,,,,,,,,,,
54811,20110225,-88.85,41.84,,,,,,,,,,,,,0.172,-1.78,1,0,0.301,,,,,,,,,,,
54811,20110226,-88.85,41.84,,,,,,,,,,,,,0.194,-1.58,1,0,0.301,,,,,,,,,,,
54811,20110227,-88.85,41.84,,,,,,,,,,,,,0.215,-1.38,1,0,0.302,,,,,,,,,,,
54811,20110228,-88.85,41.84,,,,,,,,,,,,,0.237,-1.18,1,0,0.302,,,,,,,,,,,
54811,20110301,-88.85,41.84,,,,,,,,,,,,,0.258,-0.98,1,0,0.302,,,,,,,,,,,
54811,20110302,-88.85,41.84,,,,,,,,,,,,,0.273,-0.84,1,0,0.301,,,,,,,,,,,
54811,20110303,-88.85,41.84,,,,,,,,,,,,,0.273,-0.84,1,0,0.301,,,,,,,,,,,
54811,20110304,-88.85,41.84,,,,,,,,,,,,,0.274,-0.84,1,0,0.301,,,,,,,,,,,
54811,20110305,-88.85,41.84,,,,,,,,,,,,,0.275,-0.83,1,0,0.301,,,,,,,,,,,
54811,20110306,-88.85,41.84,,,,,,,,,,,,,0.276,-0.82,1,0,0.301,,,,,,,,,,,
54811,20110307,-88.85,41.84,,,,,,,,,,,,,0.276,-0.82,1,0,0.302,,,,,,,,,,,
54811,20110308,-88.85,41.84,,,,,,,,,,,,,0.276,-0.83,1,0,0.302,,,,,,,,,,,
54811,20110309,-88.85,41.84,,,,,,,,,,,,,0.276,-0.84,1,0,0.302,,,,,,,,,,,
54811,20110310,-88.85,41.84,,,,,,,,,0.373,,,,0.277,-0.84,1,0,0.302,,,,,,,,,,,
54811,20110311,-88.85,41.84,,,,,,,,,0.374,,,,0.277,-0.84,1,0,0.302,,,,,,,,,,,
54811,20110312,-88.85,41.84,,,,,0.34,,,,0.372,,,,0.276,-0.86,1,0,0.302,,,,,,,,,,,
54811,20110313,-88.85,41.84,,,,,0.341,,,,0.372,,,,0.276,-0.87,1,0,0.302,,,,,,,,,,,
54811,20110314,-88.85,41.84,0.378,,,,0.344,,,,0.373,,,,0.276,-0.88,1,0,0.302,,,,0.362,,,,0.335,,,
54811,20110315,-88.85,41.84,0.375,,,,0.345,,,,0.374,,,,0.276,-0.88,1,0,0.302,,,,0.36,,,,0.335,,,
54811,20110316,-88.85,41.84,0.371,-0.44,1,0,0.343,,,,0.375,,,,0.276,-0.89,1,0,0.303,,,,0.358,,,,0.334,,,
54811,20110317,-88.85,41.84,0.365,-0.44,1,0,0.34,,,,0.372,,,,0.275,-0.9,1,0,0.303,,,,0.353,,,,0.331,,,
54811,20110318,-88.85,41.84,0.362,-0.44,1,0,0.339,,,,0.37,,,,0.275,-0.9,1,0,0.303,,,,0.35,,,,0.33,,,
54811,20110319,-88.85,41.84,0.359,-0.48,1,0,0.337,-1.13,1,0,0.37,-0.04,0,0,0.275,-0.91,1,0,0.304,,,,0.348,,,,0.329,,,
54811,20110320,-88.85,41.84,0.356,-0.53,1,0,0.335,-1.18,1,0,0.369,-0.06,0,0,0.275,-0.91,1,0,0.304,,,,0.345,-0.95,1,0,0.328,,,
54811,20110321,-88.85,41.84,0.357,-0.44,0.798,0,0.336,-1.06,1,0,0.369,-0.04,0,0,0.276,-0.9,1,0,0.304,,,,0.346,-0.69,1,0,0.328,,,
54811,20110322,-88.85,41.84,0.361,-0.32,0.62,0.056,0.339,-0.94,0.923,0,0.371,0.03,0,0.057,0.276,-0.9,1,0,0.304,,,,0.35,-0.53,0.891,0,0.33,,,
54811,20110323,-88.85,41.84,0.367,-0.18,0.492,0.086,0.344,-0.83,0.854,0,0.375,0.14,0,0.261,0.278,-0.89,1,0,0.304,,,,0.356,-0.38,0.62,0,0.334,,,
54811,20110324,-88.85,41.84,0.373,-0.09,0.39,0.096,0.349,-0.78,0.867,0,0.378,0.21,0,0.37,0.279,-0.88,1,0,0.305,,,,0.361,-0.33,0.476,0,0.337,,,
54811,20110325,-88.85,41.84,0.376,-0.05,0.294,0.088,0.351,-0.78,0.891,0,0.381,0.22,0,0.314,0.281,-0.86,1,0,0.305,,,,0.364,-0.34,0.567,0,0.339,,,
54811,20110326,-88.85,41.84,0.38,0.01,0.17,0.085,0.353,-0.8,0.906,0,0.382,0.24,0,0.298,0.282,-0.85,1,0,0.306,,,,0.367,-0.37,0.636,0,0.341,,,
54811,20110327,-88.85,41.84,0.383,0.07,0.042,0.083,0.355,-0.79,0.91,0,0.383,0.27,0,0.298,0.282,-0.86,1,0,0.306,,,,0.369,-0.36,0.663,0,0.342,,,
54811,20110328,-88.85,41.84,0.383,0.07,0.006,0.083,0.355,-0.8,0.911,0,0.384,0.28,0,0.298,0.282,-0.87,1,0,0.306,,,,0.369,-0.4,0.673,0,0.342,,,
54811,20110329,-88.85,41.84,0.379,0.02,0.024,0.048,0.352,-0.84,0.94,0,0.382,0.25,0,0.268,0.282,-0.87,1,0,0.306,,,,0.365,-0.46,0.708,0,0.34,,,
54811,20110330,-88.85,41.84,0.372,-0.08,0.083,0.018,0.346,-0.92,0.988,0,0.379,0.17,0,0.125,0.282,-0.88,1,0,0.307,,,,0.359,-0.56,0.851,0,0.337,,,
54811,20110331,-88.85,41.84,0.366,-0.16,0.208,0,0.341,-0.98,1,0,0.375,0.1,0,0,0.28,-0.91,1,0,0.307,,,,0.354,-0.65,0.994,0,0.334,,,
54811,20110401,-88.85,41.84,0.361,-0.23,0.351,0,0.338,-1.02,1,0,0.373,0.06,0,0,0.279,-0.92,1,0,0.307,,,,0.349,-0.72,1,0,0.332,,,
54811,20110402,-88.85,41.84,0.356,-0.29,0.494,0,0.336,-1.05,1,0,0.371,0.03,0,0,0.278,-0.94,1,0,0.307,,,,0.346,-0.77,1,0,0.33,,,
54811,20110403,-88.85,41.84,0.353,-0.33,0.637,0,0.334,-1.07,1,0,0.37,0.01,0,0,0.277,-0.96,1,0,0.307,,,,0.344,-0.81,1,0,0.328,,,
54811,20110404,-88.85,41.84,0.351,-0.34,0.726,0,0.334,-1.07,1,0,0.37,0,0,0,0.277,-0.98,1,0,0.306,,,,0.343,-0.82,1,0,0.328,,,
54811,20110405,-88.85,41.84,0.353,-0.29,0.708,0,0.337,-1.03,1,0,0.371,0.02,0,0,0.277,-0.99,1,0,0.306,,,,0.345,-0.77,0.994,0,0.329,,,
54811,20110406,-88.85,41.84,0.354,-0.26,0.649,0,0.338,-1,1,0,0.372,0.03,0,0,0.276,-1.01,1,0,0.306,,,,0.346,-0.73,0.994,0,0.329,,,
54811,20110407,-88.85,41.84,0.355,-0.23,0.524,0,0.34,-0.98,1,0,0.372,0.05,0,0,0.277,-1.01,1,0,0.306,,,,0.347,-0.71,0.994,0,0.33,,,
54811,20110408,-88.85,41.84,0.359,-0.14,0.381,0.036,0.343,-0.93,0.97,0,0.374,0.09,0,0.03,0.277,-1.01,1,0,0.306,,,,0.351,-0.64,0.946,0.03,0.332,,,
54811,20110409,-88.85,41.84,0.367,0,0.238,0.179,0.349,-0.83,0.899,0,0.379,0.21,0,0.173,0.278,-1.01,1,0,0.306,,,,0.358,-0.5,0.804,0.036,0.336,,,
54811,20110410,-88.85,41.84,0.373,0.13,0.095,0.321,0.354,-0.74,0.899,0,0.383,0.31,0,0.315,0.28,-0.99,1,0,0.306,,,,0.364,-0.38,0.661,0.036,0.339,,,
54811,20110411,-88.85,41.84,0.378,0.22,0,0.399,0.358,-0.67,0.899,0,0.387,0.41,0,0.458,0.282,-0.97,1,0,0.306,,,,0.368,-0.29,0.518,0.036,0.342,,,
54811,20110412,-88.85,41.84,0.376,0.21,0,0.399,0.358,-0.65,0.899,0,0.39,0.48,0,0.601,0.283,-0.95,1,0,0.307,,,,0.367,-0.28,0.393,0.036,0.343,,,
54811,20110413,-88.85,41.84,0.373,0.2,0,0.399,0.358,-0.63,0.899,0,0.392,0.53,0,0.744,0.284,-0.93,1,0,0.307,,,,0.366,-0.28,0.393,0.036,0.343,,,
54811,20110414,-88.85,41.84,0.369,0.16,0.03,0.399,0.358,-0.62,0.899,0,0.393,0.58,0,0.887,0.284,-0.93,1,0,0.308,,,,0.364,-0.29,0.393,0.036,0.343,,,
54811,20110415,-88.85,41.84,0.36,0.05,0.173,0.363,0.354,-0.64,0.929,0,0.393,0.59,0,0.988,0.286,-0.91,1,0,0.308,,,,0.357,-0.37,0.44,0.006,0.34,,,
54811,20110416,-88.85,41.84,0.348,-0.1,0.238,0.22,0.347,-0.72,1,0,0.389,0.51,0,0.875,0.286,-0.9,1,0,0.308,,,,0.348,-0.5,0.583,0,0.336,,,
54811,20110417,-88.85,41.84,0.345,-0.13,0.238,0.077,0.345,-0.72,1,0,0.387,0.46,0,0.839,0.287,-0.9,1,0,0.308,,,,0.345,-0.53,0.583,0,0.334,,,
54811,20110418,-88.85,41.84,0.345,-0.13,0.238,0.036,0.345,-0.7,0.97,0,0.385,0.42,0,0.804,0.286,-0.9,1,0,0.309,,,,0.345,-0.51,0.583,0.024,0.334,,,
54811,20110419,-88.85,41.84,0.35,-0.06,0.238,0.179,0.348,-0.63,0.827,0,0.387,0.45,0,0.804,0.287,-0.9,1,0,0.309,,,,0.349,-0.43,0.571,0.065,0.336,,,
54811,20110420,-88.85,41.84,0.361,0.07,0.238,0.321,0.355,-0.53,0.685,0.012,0.39,0.51,0,0.804,0.288,-0.89,1,0,0.309,,,,0.358,-0.3,0.429,0.161,0.341,,,
54811,20110421,-88.85,41.84,0.37,0.19,0.208,0.464,0.359,-0.44,0.542,0.012,0.392,0.54,0,0.804,0.289,-0.88,1,0,0.31,,,,0.365,-0.17,0.286,0.161,0.344,,,
54811,20110422,-88.85,41.84,0.382,0.34,0.065,0.607,0.364,-0.36,0.399,0.012,0.394,0.57,0,0.815,0.289,-0.88,1,0,0.31,,,,0.373,-0.03,0.143,0.161,0.348,,,
54811,20110423,-88.85,41.84,0.397,0.52,0,0.75,0.373,-0.22,0.256,0.018,0.399,0.65,0,0.929,0.29,-0.87,1,0,0.31,,,,0.385,0.16,0,0.304,0.354,,,
54811,20110424,-88.85,41.84,0.401,0.57,0,0.893,0.376,-0.17,0.113,0.018,0.403,0.71,0,0.964,0.289,-0.88,1,0,0.311,,,,0.388,0.23,0,0.339,0.356,,,
54811,20110425,-88.85,41.84,0.401,0.59,0,1,0.377,-0.15,0,0.018,0.405,0.74,0,1,0.29,-0.88,1,0,0.311,,,,0.389,0.25,0,0.315,0.357,,,
54811,20110426,-88.85,41.84,0.4,0.59,0,1,0.376,-0.15,0,0.036,0.405,0.73,0,1,0.29,-0.9,1,0,0.311,,,,0.388,0.26,0,0.315,0.356,,,
54811,20110427,-88.85,41.84,0.4,0.6,0,1,0.376,-0.13,0,0.024,0.405,0.73,0,1,0.29,-0.92,1,0,0.312,,,,0.388,0.28,0,0.363,0.357,,,
54811,20110428,-88.85,41.84,0.403,0.64,0,1,0.378,-0.09,0,0.024,0.407,0.76,0,1,0.29,-0.96,1,0,0.312,,,,0.391,0.33,0,0.506,0.358,,,
54811,20110429,-88.85,41.84,0.405,0.66,0,1,0.38,-0.06,0,0.024,0.409,0.78,0,1,0.29,-1.01,1,0,0.313,,,,0.392,0.37,0,0.625,0.359,,,
54811,20110430,-88.85,41.84,0.4,0.63,0,1,0.376,-0.08,0,0.018,0.407,0.74,0,1,0.29,-1.06,1,0,0.313,,,,0.388,0.33,0,0.482,0.357,,,
54811,20110501,-88.85,41.84,0.396,0.61,0,0.982,0.374,-0.09,0,0.018,0.406,0.72,0,1,0.291,-1.1,1,0,0.314,,,,0.385,0.31,0,0.446,0.356,,,
54811,20110502,-88.85,41.84,0.392,0.58,0,0.839,0.372,-0.09,0.006,0.018,0.405,0.69,0,1,0.291,-1.15,1,0,0.314,,,,0.382,0.29,0,0.446,0.355,,,
54811,20110503,-88.85,41.84,0.382,0.5,0,0.696,0.367,-0.13,0.048,0,0.403,0.64,0,1,0.291,-1.2,1,0,0.314,,,,0.375,0.22,0,0.405,0.351,,,
54811,20110504,-88.85,41.84,0.367,0.38,0,0.557,0.359,-0.2,0.174,0,0.398,0.56,0,0.982,0.29,-1.26,1,0,0.314,,,,0.363,0.1,0,0.263,0.346,,,
54811,20110505,-88.85,41.84,0.35,0.25,0,0.413,0.35,-0.27,0.317,0,0.393,0.48,0,0.838,0.289,-1.33,1,0,0.314,,,,0.35,-0.02,0,0.12,0.339,,,
54811,20110506,-88.85,41.84,0.332,0.12,0,0.269,0.341,-0.34,0.461,0,0.389,0.41,0,0.695,0.289,-1.38,1,0,0.314,,,,0.337,-0.14,0.078,0,0.333,,,
54811,20110507,-88.85,41.84,0.313,-0.02,0.042,0.126,0.331,-0.41,0.605,0,0.384,0.34,0,0.551,0.289,-1.42,1,0,0.314,,,,0.322,-0.27,0.222,0,0.326,,,
54811,20110508,-88.85,41.84,0.294,-0.15,0.186,0,0.321,-0.48,0.749,0,0.379,0.27,0,0.407,0.287,-1.49,1,0,0.314,,,,0.308,-0.38,0.365,0,0.319,,,
54811,20110509,-88.85,41.84,0.276,-0.27,0.329,0,0.311,-0.54,0.886,0,0.373,0.19,0,0.263,0.286,-1.53,1,0,0.315,,,,0.293,-0.49,0.509,0,0.312,,,
54811,20110510,-88.85,41.84,0.26,-0.37,0.473,0,0.299,-0.6,0.988,0,0.365,0.1,0,0.12,0.287,-1.56,1,0,0.315,,,,0.279,-0.58,0.653,0,0.305,,,
54811,20110511,-88.85,41.84,0.245,-0.47,0.613,0,0.288,-0.66,1,0,0.356,-0.01,0.018,0,0.286,-1.57,0.982,0,0.315,,,,0.266,-0.67,0.792,0,0.298,,,
54811,20110512,-88.85,41.84,0.231,-0.56,0.756,0,0.276,-0.73,1,0,0.346,-0.12,0.149,0,0.287,-1.56,0.97,0,0.315,,,,0.254,-0.75,0.935,0,0.291,,,
54811,20110513,-88.85,41.84,0.22,-0.63,0.899,0,0.266,-0.78,1,0,0.335,-0.23,0.292,0,0.288,-1.54,0.94,0,0.315,,,,0.243,-0.81,1,0,0.285,,,
54811,20110514,-88.85,41.84,0.236,-0.52,0.926,0.074,0.275,-0.69,0.926,0.074,0.34,-0.18,0.337,0.074,0.289,-1.52,0.939,0,0.315,,,,0.255,-0.7,0.926,0.074,0.291,,,
54811,20110515,-88.85,41.84,0.263,-0.32,0.794,0.206,0.293,-0.55,0.794,0.125,0.352,-0.06,0.344,0.206,0.301,-1.32,0.838,0,0.324,,,,0.278,-0.51,0.794,0.206,0.307,,,
54811,20110516,-88.85,41.84,0.294,-0.1,0.644,0.356,0.31,-0.41,0.644,0.125,0.364,0.06,0.344,0.356,0.317,-1.05,0.688,0,0.336,,,,0.302,-0.3,0.644,0.356,0.324,,,
54811,20110517,-88.85,41.84,0.323,0.1,0.494,0.506,0.329,-0.26,0.494,0.125,0.376,0.18,0.344,0.506,0.331,-0.81,0.538,0,0.349,,,,0.326,-0.1,0.494,0.481,0.342,,,
54811,20110518,-88.85,41.84,0.35,0.29,0.344,0.638,0.348,-0.11,0.344,0.125,0.389,0.32,0.325,0.656,0.345,-0.57,0.406,0,0.362,,,,0.349,0.09,0.344,0.481,0.359,,,
54811,20110519,-88.85,41.84,0.376,0.48,0.194,0.738,0.367,0.04,0.194,0.125,0.403,0.47,0.188,0.806,0.359,-0.33,0.269,0,0.374,,,,0.371,0.29,0.194,0.481,0.376,,,
54811,20110520,-88.85,41.84,0.401,0.67,0.044,0.813,0.384,0.19,0.044,0.125,0.418,0.63,0.038,0.956,0.371,-0.13,0.15,0,0.387,,,,0.393,0.48,0.044,0.481,0.392,,,
54811,20110521,-88.85,41.84,0.392,0.63,0,0.715,0.38,0.18,0,0.048,0.415,0.6,0,1,0.381,0.04,0.03,0,0.397,,,,0.386,0.45,0,0.394,0.393,,,
54811,20110522,-88.85,41.84,0.373,0.53,0,0.577,0.368,0.12,0,0,0.406,0.51,0,1,0.382,0.05,0,0,0.399,,,,0.371,0.36,0,0.262,0.386,,,
54811,20110523,-88.85,41.84,0.354,0.42,0,0.435,0.359,0.08,0,0,0.399,0.46,0,0.899,0.38,0.02,0,0,0.4,,,,0.356,0.27,0,0.119,0.378,,,
54811,20110524,-88.85,41.84,0.336,0.33,0,0.292,0.349,0.04,0,0,0.393,0.42,0,0.756,0.378,0,0,0,0.4,,,,0.342,0.2,0,0,0.371,,,
54811,20110525,-88.85,41.84,0.321,0.25,0,0.167,0.339,0.01,0,0,0.387,0.37,0,0.613,0.377,-0.01,0,0,0.4,,,,0.33,0.14,0,0,0.365,,,
54811,20110526,-88.85,41.84,0.33,0.35,0,0.208,0.344,0.08,0,0.131,0.388,0.39,0,0.601,0.377,-0.01,0,0,0.399,,,,0.337,0.22,0,0.137,0.368,,,
54811,20110527,-88.85,41.84,0.339,0.44,0,0.28,0.35,0.15,0,0.274,0.392,0.43,0,0.601,0.378,0.01,0,0,0.4,,,,0.344,0.3,0,0.28,0.372,,,
54811,20110528,-88.85,41.84,0.348,0.52,0,0.423,0.355,0.22,0,0.417,0.394,0.46,0,0.601,0.378,0.02,0,0,0.4,,,,0.351,0.38,0,0.423,0.375,,,
54811,20110529,-88.85,41.84,0.358,0.61,0,0.565,0.36,0.29,0,0.56,0.397,0.5,0,0.601,0.379,0.03,0,0,0.4,,,,0.359,0.46,0,0.565,0.379,,,
54811,20110530,-88.85,41.84,0.385,0.81,0,0.708,0.377,0.44,0,0.702,0.41,0.61,0,0.702,0.381,0.07,0,0.018,0.4,,,,0.381,0.64,0,0.708,0.391,,,
54811,20110531,-88.85,41.84,0.407,0.97,0,0.851,0.392,0.57,0,0.845,0.423,0.72,0,0.845,0.383,0.11,0,0.018,0.4,,,,0.399,0.8,0,0.851,0.401,,,
54811,20110601,-88.85,41.84,0.426,1.11,0,0.994,0.405,0.69,0,0.988,0.433,0.81,0,0.988,0.385,0.13,0,0.018,0.4,,,,0.415,0.93,0,0.994,0.41,,,
54811,20110602,-88.85,41.84,0.417,1.05,0,1,0.402,0.69,0,1,0.433,0.83,0,1,0.386,0.15,0,0.018,0.401,,,,0.409,0.89,0,1,0.408,,,
54811,20110603,-88.85,41.84,0.405,0.98,0,1,0.397,0.67,0,1,0.431,0.83,0,1,0.386,0.15,0,0.018,0.401,,,,0.401,0.84,0,1,0.404,,,
54811,20110604,-88.85,41.84,0.393,0.89,0,0.911,0.392,0.65,0,1,0.429,0.83,0,1,0.386,0.15,0,0.018,0.402,,,,0.392,0.79,0,0.958,0.4,,,
54811,20110605,-88.85,41.84,0.378,0.8,0,0.768,0.386,0.62,0,0.887,0.427,0.82,0,1,0.386,0.16,0,0.018,0.402,,,,0.382,0.72,0,0.815,0.396,,,
54811,20110606,-88.85,41.84,0.347,0.6,0,0.625,0.369,0.5,0,0.744,0.413,0.74,0,1,0.384,0.14,0,0,0.402,,,,0.358,0.56,0,0.673,0.383,,,
54811,20110607,-88.85,41.84,0.319,0.41,0,0.482,0.352,0.38,0,0.601,0.399,0.65,0,1,0.382,0.12,0,0,0.402,,,,0.336,0.4,0,0.53,0.371,,,
54811,20110608,-88.85,41.84,0.294,0.24,0,0.339,0.335,0.27,0,0.458,0.386,0.57,0,0.881,0.381,0.1,0,0,0.402,,,,0.315,0.26,0,0.387,0.36,,,
54811,20110609,-88.85,41.84,0.28,0.15,0,0.238,0.324,0.19,0,0.357,0.378,0.52,0,0.786,0.38,0.1,0,0.012,0.402,,,,0.302,0.17,0,0.286,0.353,,,
54811,20110610,-88.85,41.84,0.293,0.21,0,0.238,0.33,0.22,0,0.357,0.383,0.56,0,0.786,0.381,0.12,0,0.137,0.402,,,,0.311,0.22,0,0.286,0.358,,,
54811,20110611,-88.85,41.84,0.31,0.29,0,0.327,0.337,0.26,0,0.357,0.389,0.6,0,0.786,0.382,0.14,0,0.274,0.402,,,,0.323,0.29,0,0.327,0.364,,,
54811,20110612,-88.85,41.84,0.328,0.38,0,0.47,0.344,0.31,0,0.47,0.394,0.64,0,0.786,0.383,0.16,0,0.381,0.403,,,,0.336,0.36,0,0.47,0.37,,,
54811,20110613,-88.85,41.84,0.347,0.48,0,0.613,0.352,0.36,0,0.613,0.4,0.68,0,0.786,0.383,0.18,0,0.381,0.403,,,,0.35,0.44,0,0.613,0.377,,,
54811,20110614,-88.85,41.84,0.363,0.57,0,0.756,0.362,0.42,0,0.756,0.407,0.72,0,0.786,0.384,0.19,0,0.381,0.403,,,,0.363,0.52,0,0.756,0.384,,,
54811,20110615,-88.85,41.84,0.378,0.64,0,0.786,0.372,0.49,0,0.792,0.416,0.78,0,0.905,0.385,0.2,0,0.381,0.403,,,,0.375,0.59,0,0.804,0.391,,,
54811,20110616,-88.85,41.84,0.394,0.72,0,0.887,0.38,0.54,0,0.833,0.421,0.81,0,1,0.385,0.21,0,0.369,0.404,,,,0.387,0.66,0,0.905,0.397,,,
54811,20110617,-88.85,41.84,0.387,0.67,0,0.887,0.373,0.5,0,0.833,0.414,0.76,0,1,0.384,0.2,0,0.244,0.404,,,,0.38,0.61,0,0.905,0.392,,,
54811,20110618,-88.85,41.84,0.376,0.6,0,0.869,0.366,0.45,0,0.744,0.407,0.71,0,1,0.382,0.19,0,0.107,0.403,,,,0.371,0.55,0,0.887,0.387,,,
54811,20110619,-88.85,41.84,0.363,0.52,0,0.726,0.359,0.41,0,0.601,0.4,0.67,0,1,0.381,0.18,0,0,0.403,,,,0.361,0.49,0,0.744,0.381,,,
54811,20110620,-88.85,41.84,0.35,0.44,0,0.583,0.353,0.37,0,0.458,0.394,0.63,0,1,0.38,0.17,0,0,0.403,,,,0.351,0.42,0,0.601,0.376,,,
54811,20110621,-88.85,41.84,0.348,0.42,0,0.571,0.35,0.35,0,0.315,0.388,0.59,0,1,0.379,0.17,0,0,0.403,,,,0.349,0.4,0,0.542,0.373,,,
54811,20110622,-88.85,41.84,0.353,0.44,0,0.655,0.35,0.35,0,0.333,0.383,0.56,0,1,0.378,0.17,0,0,0.403,,,,0.351,0.4,0,0.595,0.373,,,
54811,20110623,-88.85,41.84,0.352,0.42,0,0.655,0.35,0.35,0,0.393,0.378,0.53,0,1,0.377,0.17,0,0,0.403,,,,0.351,0.4,0,0.595,0.372,,,
54811,20110624,-88.85,41.84,0.356,0.43,0,0.655,0.352,0.36,0,0.393,0.374,0.51,0,1,0.376,0.17,0,0,0.402,,,,0.354,0.41,0,0.595,0.372,,,
54811,20110625,-88.85,41.84,0.362,0.45,0,0.673,0.354,0.38,0,0.482,0.37,0.49,0,1,0.375,0.17,0,0,0.401,,,,0.358,0.42,0,0.613,0.372,,,
54811,20110626,-88.85,41.84,0.369,0.48,0,0.815,0.357,0.39,0,0.625,0.367,0.47,0,1,0.374,0.17,0,0,0.4,,,,0.363,0.44,0,0.756,0.373,,,
54811,20110627,-88.85,41.84,0.374,0.51,0,0.857,0.359,0.41,0,0.643,0.364,0.45,0,0.988,0.373,0.17,0,0,0.398,,,,0.367,0.46,0,0.792,0.374,,,
54811,20110628,-88.85,41.84,0.368,0.46,0,0.726,0.359,0.4,0,0.643,0.361,0.44,0,0.875,0.371,0.16,0,0,0.397,,,,0.363,0.44,0,0.708,0.371,,,
54811,20110629,-88.85,41.84,0.356,0.39,0,0.613,0.355,0.37,0,0.589,0.358,0.42,0,0.732,0.37,0.16,0,0,0.396,,,,0.355,0.38,0,0.607,0.367,,,
54811,20110630,-88.85,41.84,0.337,0.28,0,0.47,0.347,0.31,0,0.446,0.353,0.39,0,0.589,0.368,0.15,0,0,0.395,,,,0.342,0.29,0,0.464,0.36,,,
54811,20110701,-88.85,41.84,0.313,0.15,0,0.327,0.335,0.23,0,0.304,0.347,0.35,0,0.446,0.367,0.15,0,0,0.394,,,,0.324,0.17,0,0.321,0.351,,,
54811,20110702,-88.85,41.84,0.29,0.02,0,0.185,0.323,0.14,0,0.161,0.341,0.3,0,0.304,0.365,0.14,0,0,0.394,,,,0.307,0.05,0,0.179,0.343,,,
54811,20110703,-88.85,41.84,0.27,-0.11,0,0.042,0.309,0.04,0,0.018,0.334,0.25,0,0.161,0.363,0.13,0,0,0.393,,,,0.289,-0.06,0,0.036,0.334,,,
54811,20110704,-88.85,41.84,0.252,-0.21,0.036,0,0.295,-0.06,0,0,0.326,0.2,0,0.03,0.361,0.12,0,0,0.392,,,,0.274,-0.17,0.042,0,0.325,,,
54811,20110705,-88.85,41.84,0.238,-0.3,0.179,0,0.281,-0.16,0.101,0,0.318,0.13,0,0,0.359,0.11,0,0,0.391,,,,0.259,-0.26,0.185,0,0.317,,,
54811,20110706,-88.85,41.84,0.227,-0.37,0.321,0,0.268,-0.26,0.244,0,0.31,0.07,0,0,0.357,0.09,0,0,0.39,,,,0.247,-0.35,0.327,0,0.31,,,
54811,20110707,-88.85,41.84,0.218,-0.44,0.464,0,0.255,-0.35,0.387,0,0.302,0,0,0,0.354,0.06,0,0,0.389,,,,0.237,-0.43,0.47,0,0.304,,,
54811,20110708,-88.85,41.84,0.21,-0.5,0.607,0,0.244,-0.43,0.53,0,0.295,-0.06,0,0,0.351,0.03,0,0,0.387,,,,0.227,-0.5,0.613,0,0.298,,,
54811,20110709,-88.85,41.84,0.204,-0.55,0.75,0,0.235,-0.51,0.673,0,0.287,-0.13,0,0,0.347,-0.01,0,0,0.386,,,,0.219,-0.57,0.756,0,0.292,,,
54811,20110710,-88.85,41.84,0.198,-0.6,0.893,0,0.226,-0.58,0.815,0,0.28,-0.19,0.119,0,0.343,-0.05,0.036,0,0.384,,,,0.212,-0.64,0.899,0,0.286,,,
54811,20110711,-88.85,41.84,0.194,-0.65,1,0,0.219,-0.64,0.958,0,0.274,-0.25,0.262,0,0.339,-0.1,0.173,0,0.382,,,,0.206,-0.7,1,0,0.282,,,
54811,20110712,-88.85,41.84,0.202,-0.59,0.863,0,0.223,-0.61,0.863,0,0.281,-0.17,0.262,0.137,0.337,-0.11,0.179,0,0.38,,,,0.213,-0.66,0.863,0,0.285,,,
54811,20110713,-88.85,41.84,0.209,-0.55,0.72,0,0.225,-0.6,0.798,0,0.288,-0.09,0.262,0.256,0.336,-0.13,0.179,0,0.378,,,,0.217,-0.63,0.786,0,0.287,,,
54811,20110714,-88.85,41.84,0.213,-0.52,0.72,0,0.228,-0.59,0.798,0,0.294,-0.02,0.262,0.256,0.334,-0.14,0.179,0,0.376,,,,0.22,-0.61,0.786,0,0.289,,,
54811,20110715,-88.85,41.84,0.215,-0.51,0.72,0,0.229,-0.58,0.798,0,0.3,0.04,0.262,0.256,0.332,-0.17,0.244,0,0.374,,,,0.222,-0.6,0.786,0,0.29,,,
54811,20110716,-88.85,41.84,0.216,-0.5,0.72,0,0.23,-0.58,0.798,0,0.305,0.1,0.262,0.256,0.33,-0.18,0.381,0,0.372,,,,0.223,-0.6,0.786,0,0.291,,,
54811,20110717,-88.85,41.84,0.217,-0.5,0.72,0,0.231,-0.58,0.798,0,0.309,0.15,0.143,0.256,0.329,-0.19,0.488,0,0.37,,,,0.224,-0.59,0.786,0,0.291,,,
54811,20110718,-88.85,41.84,0.217,-0.5,0.72,0,0.232,-0.58,0.798,0,0.314,0.2,0,0.256,0.327,-0.2,0.494,0,0.368,,,,0.224,-0.59,0.786,0,0.291,,,
54811,20110719,-88.85,41.84,0.204,-0.6,0.857,0,0.224,-0.66,0.935,0,0.305,0.11,0,0.119,0.323,-0.25,0.631,0,0.366,,,,0.214,-0.68,0.923,0,0.284,,,
54811,20110720,-88.85,41.84,0.194,-0.68,1,0,0.217,-0.72,1,0,0.297,0.03,0,0,0.319,-0.29,0.774,0,0.365,,,,0.206,-0.75,1,0,0.278,,,
54811,20110721,-88.85,41.84,0.187,-0.73,1,0,0.212,-0.77,1,0,0.289,-0.05,0,0,0.315,-0.33,0.917,0,0.363,,,,0.2,-0.81,1,0,0.273,,,
54811,20110722,-88.85,41.84,0.181,-0.77,1,0,0.208,-0.81,1,0,0.282,-0.12,0.089,0,0.31,-0.38,0.994,0,0.361,,,,0.195,-0.85,1,0,0.269,,,
54811,20110723,-88.85,41.84,0.184,-0.74,1,0,0.207,-0.82,1,0,0.279,-0.15,0.107,0,0.306,-0.42,1,0,0.36,,,,0.196,-0.84,1,0,0.267,,,
54811,20110724,-88.85,41.84,0.198,-0.61,0.869,0.018,0.21,-0.79,1,0,0.277,-0.17,0.107,0,0.302,-0.46,1,0,0.358,,,,0.204,-0.75,0.875,0,0.269,,,
54811,20110725,-88.85,41.84,0.225,-0.37,0.726,0.161,0.234,-0.58,0.857,0.143,0.296,0.04,0.107,0.143,0.301,-0.46,1,0,0.357,,,,0.229,-0.51,0.732,0.143,0.282,,,
54811,20110726,-88.85,41.84,0.245,-0.18,0.583,0.304,0.254,-0.39,0.714,0.262,0.312,0.22,0.107,0.286,0.3,-0.46,1,0,0.355,,,,0.25,-0.32,0.589,0.286,0.293,,,
54811,20110727,-88.85,41.84,0.262,-0.02,0.44,0.327,0.271,-0.23,0.571,0.262,0.327,0.38,0.107,0.429,0.299,-0.46,1,0,0.354,,,,0.267,-0.15,0.446,0.292,0.303,,,
54811,20110728,-88.85,41.84,0.281,0.15,0.298,0.369,0.291,-0.05,0.429,0.304,0.344,0.58,0.107,0.571,0.299,-0.45,1,0,0.353,,,,0.286,0.04,0.304,0.333,0.314,,,
54811,20110729,-88.85,41.84,0.311,0.42,0.155,0.512,0.319,0.21,0.286,0.446,0.368,0.83,0.018,0.714,0.301,-0.42,0.887,0,0.352,,,,0.315,0.32,0.161,0.476,0.33,,,
54811,20110730,-88.85,41.84,0.331,0.6,0.012,0.655,0.341,0.43,0.143,0.589,0.387,1.04,0,0.857,0.303,-0.39,0.798,0,0.351,,,,0.336,0.53,0.018,0.619,0.343,,,
54811,20110731,-88.85,41.84,0.337,0.66,0,0.78,0.359,0.61,0,0.732,0.403,1.21,0,1,0.305,-0.37,0.774,0,0.351,,,,0.348,0.65,0,0.762,0.351,,,
54811,20110801,-88.85,41.84,0.327,0.59,0,0.702,0.354,0.57,0,0.732,0.398,1.15,0,1,0.304,-0.38,0.774,0,0.351,,,,0.341,0.59,0,0.726,0.347,,,
54811,20110802,-88.85,41.84,0.32,0.55,0,0.56,0.351,0.56,0,0.619,0.395,1.11,0,1,0.304,-0.39,0.774,0,0.351,,,,0.336,0.56,0,0.583,0.344,,,
54811,20110803,-88.85,41.84,0.321,0.57,0,0.595,0.351,0.57,0,0.679,0.395,1.11,0,1,0.304,-0.39,0.774,0,0.351,,,,0.336,0.58,0,0.637,0.344,,,
54811,20110804,-88.85,41.84,0.324,0.6,0,0.696,0.352,0.59,0,0.78,0.395,1.1,0,1,0.304,-0.4,0.768,0,0.35,,,,0.338,0.61,0,0.738,0.345,,,
54811,20110805,-88.85,41.84,0.311,0.51,0,0.577,0.343,0.52,0,0.708,0.387,1.02,0,1,0.303,-0.41,0.881,0,0.35,,,,0.327,0.52,0,0.649,0.339,,,
54811,20110806,-88.85,41.84,0.299,0.41,0,0.435,0.335,0.45,0,0.565,0.381,0.96,0,1,0.302,-0.42,0.97,0,0.35,,,,0.317,0.43,0,0.506,0.333,,,
54811,20110807,-88.85,41.84,0.293,0.37,0,0.292,0.328,0.39,0,0.423,0.375,0.91,0,1,0.302,-0.43,0.994,0,0.35,,,,0.311,0.37,0,0.363,0.33,,,
54811,20110808,-88.85,41.84,0.289,0.33,0,0.226,0.322,0.34,0,0.28,0.37,0.86,0,1,0.301,-0.43,0.994,0,0.35,,,,0.306,0.33,0,0.256,0.326,,,
54811,20110809,-88.85,41.84,0.3,0.42,0,0.315,0.327,0.39,0,0.363,0.371,0.87,0,1,0.301,-0.43,0.994,0,0.349,,,,0.313,0.4,0,0.345,0.33,,,
54811,20110810,-88.85,41.84,0.311,0.51,0,0.399,0.332,0.44,0,0.446,0.374,0.91,0,1,0.301,-0.42,0.94,0,0.349,,,,0.322,0.47,0,0.429,0.333,,,
54811,20110811,-88.85,41.84,0.314,0.54,0,0.399,0.333,0.45,0,0.446,0.374,0.92,0,1,0.301,-0.43,0.94,0,0.349,,,,0.324,0.49,0,0.429,0.334,,,
54811,20110812,-88.85,41.84,0.318,0.57,0,0.512,0.335,0.47,0,0.512,0.374,0.93,0,1,0.3,-0.43,0.94,0,0.349,,,,0.326,0.51,0,0.476,0.335,,,
54811,20110813,-88.85,41.84,0.32,0.59,0,0.512,0.337,0.48,0,0.512,0.374,0.94,0,1,0.299,-0.44,0.94,0,0.349,,,,0.328,0.54,0,0.476,0.336,,,
54811,20110814,-88.85,41.84,0.329,0.68,0,0.607,0.343,0.55,0,0.607,0.379,0.99,0,1,0.299,-0.43,0.863,0,0.348,,,,0.336,0.61,0,0.571,0.34,,,
54811,20110815,-88.85,41.84,0.341,0.8,0,0.75,0.352,0.63,0,0.75,0.386,1.05,0,1,0.299,-0.42,0.726,0,0.347,,,,0.347,0.72,0,0.714,0.345,,,
54811,20110816,-88.85,41.84,0.338,0.79,0,0.804,0.351,0.62,0,0.804,0.386,1.05,0,1,0.299,-0.42,0.613,0,0.347,,,,0.344,0.72,0,0.768,0.344,,,
54811,20110817,-88.85,41.84,0.327,0.72,0,0.804,0.345,0.57,0,0.804,0.382,0.99,0,1,0.299,-0.42,0.565,0,0.346,,,,0.336,0.65,0,0.768,0.34,,,
54811,20110818,-88.85,41.84,0.318,0.65,0,0.714,0.34,0.53,0,0.702,0.378,0.93,0,1,0.298,-0.42,0.435,0,0.346,,,,0.329,0.6,0,0.661,0.336,,,
54811,20110819,-88.85,41.84,0.311,0.6,0,0.577,0.336,0.49,0,0.565,0.374,0.88,0,1,0.298,-0.41,0.298,0,0.345,,,,0.323,0.55,0,0.56,0.333,,,
54811,20110820,-88.85,41.84,0.306,0.57,0,0.577,0.331,0.44,0,0.565,0.37,0.83,0,1,0.297,-0.41,0.214,0,0.345,,,,0.319,0.51,0,0.56,0.33,,,
54811,20110821,-88.85,41.84,0.308,0.58,0,0.607,0.328,0.42,0,0.595,0.371,0.82,0,1,0.297,-0.4,0.161,0,0.345,,,,0.318,0.51,0,0.589,0.33,,,
54811,20110822,-88.85,41.84,0.304,0.55,0,0.607,0.323,0.37,0,0.506,0.37,0.79,0,1,0.297,-0.41,0.155,0,0.344,,,,0.314,0.47,0,0.589,0.328,,,
54811,20110823,-88.85,41.84,0.298,0.49,0,0.512,0.318,0.31,0,0.363,0.368,0.75,0,1,0.297,-0.41,0.131,0,0.344,,,,0.308,0.42,0,0.452,0.325,,,
54811,20110824,-88.85,41.84,0.314,0.62,0,0.5,0.327,0.38,0,0.351,0.376,0.8,0,1,0.298,-0.41,0.101,0,0.343,,,,0.32,0.53,0,0.44,0.332,,,
54811,20110825,-88.85,41.84,0.328,0.73,0,0.589,0.334,0.44,0,0.452,0.382,0.84,0,1,0.299,-0.42,0.095,0,0.343,,,,0.331,0.63,0,0.548,0.337,,,
54811,20110826,-88.85,41.84,0.339,0.82,0,0.732,0.341,0.5,0,0.595,0.389,0.88,0,1,0.3,-0.43,0.107,0,0.342,,,,0.34,0.71,0,0.69,0.342,,,
54811,20110827,-88.85,41.84,0.346,0.88,0,0.798,0.349,0.57,0,0.738,0.396,0.92,0,1,0.301,-0.44,0.06,0,0.341,,,,0.348,0.78,0,0.81,0.347,,,
54811,20110828,-88.85,41.84,0.335,0.78,0,0.673,0.347,0.55,0,0.655,0.393,0.88,0,1,0.301,-0.45,0.06,0,0.341,,,,0.341,0.72,0,0.69,0.343,,,
54811,20110829,-88.85,41.84,0.324,0.68,0,0.53,0.345,0.53,0,0.601,0.39,0.84,0,1,0.301,-0.47,0.083,0,0.341,,,,0.335,0.66,0,0.548,0.34,,,
54811,20110830,-88.85,41.84,0.316,0.61,0,0.482,0.343,0.53,0,0.601,0.388,0.81,0,1,0.3,-0.48,0.107,0,0.34,,,,0.33,0.62,0,0.542,0.338,,,
54811,20110831,-88.85,41.84,0.29,0.39,0,0.351,0.329,0.41,0,0.47,0.378,0.71,0,0.976,0.299,-0.49,0.113,0,0.34,,,,0.31,0.44,0,0.411,0.327,,,
54811,20110901,-88.85,41.84,0.27,0.22,0,0.208,0.317,0.31,0,0.327,0.368,0.62,0,0.833,0.293,-0.55,0.185,0,0.335,,,,0.293,0.3,0,0.268,0.317,,,
54811,20110902,-88.85,41.84,0.254,0.09,0,0.065,0.307,0.23,0,0.185,0.36,0.54,0,0.69,0.281,-0.65,0.31,0,0.324,,,,0.28,0.19,0,0.125,0.305,,,
54811,20110903,-88.85,41.84,0.241,-0.01,0,0,0.297,0.16,0,0.042,0.352,0.47,0,0.548,0.27,-0.75,0.44,0,0.313,,,,0.269,0.1,0,0.006,0.295,,,
54811,20110904,-88.85,41.84,0.232,-0.08,0,0,0.29,0.11,0,0,0.344,0.41,0,0.405,0.26,-0.83,0.571,0,0.314,,,,0.261,0.04,0,0,0.288,,,
54811,20110905,-88.85,41.84,0.226,-0.12,0,0,0.286,0.08,0,0,0.339,0.37,0,0.262,0.25,-0.91,0.69,0,0.324,,,,0.256,0.01,0,0,0.285,,,
54811,20110906,-88.85,41.84,0.222,-0.15,0,0,0.282,0.06,0,0,0.335,0.34,0,0.119,0.24,-0.99,0.804,0,0.334,,,,0.252,-0.01,0,0,0.282,,,
54811,20110907,-88.85,41.84,0.217,-0.18,0.083,0,0.278,0.04,0,0,0.33,0.31,0,0,0.23,-1.07,0.929,0,0.344,,,,0.248,-0.03,0,0,0.28,,,
54811,20110908,-88.85,41.84,0.211,-0.23,0.226,0,0.274,0.02,0,0,0.325,0.27,0,0,0.226,-1.09,1,0,0.358,,,,0.242,-0.07,0,0,0.279,,,
54811,20110909,-88.85,41.84,0.205,-0.28,0.369,0,0.269,0,0,0,0.32,0.24,0,0,0.226,-1.07,1,0,0.377,,,,0.237,-0.11,0,0,0.28,,,
54811,20110910,-88.85,41.84,0.201,-0.31,0.464,0,0.268,0,0,0.012,0.315,0.21,0,0,0.227,-1.05,1,0,0.396,,,,0.234,-0.12,0,0,0.281,,,
54811,20110911,-88.85,41.84,0.2,-0.32,0.464,0,0.268,0.02,0,0.012,0.311,0.18,0,0,0.227,-1.03,1,0,0.403,,,,0.234,-0.12,0,0,0.282,,,
54811,20110912,-88.85,41.84,0.198,-0.32,0.464,0,0.267,0.02,0,0.012,0.306,0.14,0,0,0.226,-1.03,1,0,0.401,,,,0.232,-0.13,0,0,0.28,,,
54811,20110913,-88.85,41.84,0.196,-0.33,0.512,0,0.265,0.02,0,0.012,0.301,0.11,0,0,0.226,-1.02,1,0,0.399,,,,0.231,-0.14,0,0,0.278,,,
54811,20110914,-88.85,41.84,0.194,-0.34,0.565,0,0.264,0.01,0,0.012,0.298,0.09,0,0,0.226,-1.02,1,0,0.398,,,,0.229,-0.15,0,0,0.276,,,
54811,20110915,-88.85,41.84,0.192,-0.34,0.565,0,0.262,0.01,0,0.012,0.295,0.07,0,0,0.225,-1.01,1,0,0.397,,,,0.227,-0.16,0,0,0.274,,,
54811,20110916,-88.85,41.84,0.191,-0.34,0.565,0,0.26,0,0,0.012,0.292,0.05,0,0,0.225,-1.01,1,0,0.396,,,,0.226,-0.17,0.036,0,0.273,,,
54811,20110917,-88.85,41.84,0.189,-0.34,0.613,0,0.256,-0.04,0,0,0.29,0.03,0,0,0.225,-1.01,1,0,0.395,,,,0.223,-0.19,0.131,0,0.271,,,
54811,20110918,-88.85,41.84,0.186,-0.36,0.756,0,0.249,-0.09,0,0,0.287,0.02,0,0,0.224,-1.01,1,0,0.393,,,,0.218,-0.24,0.25,0,0.268,,,
54811,20110919,-88.85,41.84,0.191,-0.31,0.821,0.054,0.248,-0.1,0,0.018,0.284,0,0,0,0.224,-1.01,1,0,0.39,,,,0.219,-0.22,0.304,0.042,0.267,,,
54811,20110920,-88.85,41.84,0.206,-0.17,0.774,0.196,0.253,-0.05,0,0.155,0.282,-0.01,0,0,0.223,-1.01,1,0,0.388,,,,0.229,-0.11,0.304,0.185,0.27,,,
54811,20110921,-88.85,41.84,0.218,-0.05,0.637,0.28,0.259,0.01,0,0.173,0.28,-0.02,0,0,0.223,-1.03,1,0,0.386,,,,0.239,-0.02,0.304,0.298,0.273,,,
54811,20110922,-88.85,41.84,0.228,0.04,0.494,0.28,0.265,0.06,0,0.173,0.279,-0.02,0,0,0.222,-1.06,1,0,0.383,,,,0.246,0.07,0.304,0.298,0.275,,,
54811,20110923,-88.85,41.84,0.236,0.11,0.351,0.28,0.27,0.12,0,0.173,0.278,-0.03,0,0,0.222,-1.09,1,0,0.381,,,,0.253,0.14,0.268,0.298,0.278,,,
54811,20110924,-88.85,41.84,0.243,0.16,0.208,0.28,0.276,0.17,0,0.173,0.278,-0.02,0,0,0.222,-1.13,1,0,0.38,,,,0.259,0.2,0.173,0.298,0.28,,,
54811,20110925,-88.85,41.84,0.248,0.21,0.065,0.28,0.28,0.22,0,0.173,0.278,-0.02,0,0,0.221,-1.16,1,0,0.379,,,,0.264,0.25,0.054,0.298,0.281,,,
54811,20110926,-88.85,41.84,0.245,0.18,0,0.232,0.282,0.23,0,0.161,0.278,-0.02,0,0,0.221,-1.19,1,0,0.378,,,,0.263,0.24,0,0.262,0.281,,,
54811,20110927,-88.85,41.84,0.262,0.33,0,0.232,0.298,0.36,0,0.167,0.298,0.15,0,0.131,0.22,-1.22,1,0,0.377,,,,0.28,0.39,0,0.262,0.291,,,
54811,20110928,-88.85,41.84,0.28,0.47,0,0.292,0.314,0.49,0,0.292,0.319,0.33,0,0.274,0.22,-1.23,1,0,0.375,,,,0.297,0.53,0,0.292,0.302,,,
54811,20110929,-88.85,41.84,0.299,0.62,0,0.435,0.329,0.6,0,0.435,0.339,0.5,0,0.417,0.22,-1.23,1,0,0.374,,,,0.314,0.67,0,0.435,0.312,,,
54811,20110930,-88.85,41.84,0.32,0.79,0,0.577,0.345,0.72,0,0.577,0.359,0.67,0,0.56,0.219,-1.23,1,0,0.372,,,,0.333,0.82,0,0.577,0.323,,,
54811,20111001,-88.85,41.84,0.34,0.95,0,0.72,0.361,0.83,0,0.72,0.378,0.83,0,0.702,0.219,-1.22,1,0,0.371,,,,0.351,0.96,0,0.72,0.334,,,
54811,20111002,-88.85,41.84,0.36,1.1,0,0.863,0.376,0.94,0,0.863,0.396,0.99,0,0.845,0.219,-1.21,1,0,0.37,,,,0.368,1.08,0,0.863,0.344,,,
54811,20111003,-88.85,41.84,0.377,1.22,0,1,0.39,1.03,0,1,0.414,1.14,0,0.988,0.219,-1.21,1,0,0.368,,,,0.383,1.19,0,1,0.354,,,
54811,20111004,-88.85,41.84,0.361,1.06,0,0.994,0.382,0.94,0,1,0.41,1.11,0,1,0.219,-1.2,1,0,0.367,,,,0.372,1.05,0,1,0.348,,,
54811,20111005,-88.85,41.84,0.346,0.9,0,0.851,0.374,0.86,0,1,0.405,1.08,0,1,0.219,-1.19,1,0,0.366,,,,0.36,0.91,0,0.982,0.342,,,
54811,20111006,-88.85,41.84,0.329,0.74,0,0.708,0.367,0.78,0,1,0.401,1.04,0,1,0.219,-1.19,1,0,0.366,,,,0.348,0.77,0,0.839,0.336,,,
54811,20111007,-88.85,41.84,0.31,0.56,0,0.565,0.359,0.7,0,1,0.396,1,0,1,0.219,-1.19,1,0,0.365,,,,0.335,0.63,0,0.696,0.33,,,
54811,20111008,-88.85,41.84,0.291,0.4,0,0.423,0.351,0.61,0,0.899,0.392,0.96,0,1,0.219,-1.19,1,0,0.364,,,,0.321,0.5,0,0.554,0.323,,,
54811,20111009,-88.85,41.84,0.273,0.25,0,0.28,0.343,0.52,0,0.756,0.387,0.91,0,1,0.219,-1.18,1,0,0.364,,,,0.308,0.38,0,0.411,0.317,,,
54811,20111010,-88.85,41.84,0.256,0.11,0,0.137,0.333,0.42,0,0.613,0.381,0.85,0,1,0.22,-1.18,1,0,0.365,,,,0.294,0.26,0,0.268,0.311,,,
54811,20111011,-88.85,41.84,0.241,-0.01,0,0,0.323,0.3,0,0.47,0.376,0.79,0,1,0.22,-1.17,1,0,0.367,,,,0.282,0.14,0,0.125,0.305,,,
54811,20111012,-88.85,41.84,0.228,-0.11,0,0,0.312,0.19,0,0.327,0.37,0.72,0,1,0.22,-1.16,1,0,0.37,,,,0.27,0.04,0,0,0.3,,,
54811,20111013,-88.85,41.84,0.221,-0.17,0.03,0.006,0.301,0.07,0,0.185,0.364,0.65,0,1,0.22,-1.15,1,0,0.372,,,,0.261,-0.05,0,0,0.296,,,
54811,20111014,-88.85,41.84,0.239,-0.08,0.03,0.149,0.301,0.02,0,0.042,0.358,0.58,0,0.994,0.22,-1.13,1,0,0.375,,,,0.27,-0.02,0,0.095,0.299,,,
54811,20111015,-88.85,41.84,0.255,0.02,0.03,0.292,0.303,0,0,0,0.354,0.51,0,0.935,0.22,-1.12,1,0,0.378,,,,0.279,0.01,0,0.167,0.302,,,
54811,20111016,-88.85,41.84,0.27,0.1,0.03,0.405,0.306,-0.02,0,0,0.35,0.45,0,0.81,0.22,-1.11,1,0,0.38,,,,0.288,0.05,0,0.167,0.305,,,
54811,20111017,-88.85,41.84,0.286,0.18,0.03,0.411,0.31,-0.03,0,0,0.347,0.4,0,0.667,0.22,-1.1,1,0,0.38,,,,0.298,0.09,0,0.167,0.308,,,
54811,20111018,-88.85,41.84,0.3,0.26,0.03,0.411,0.314,-0.02,0,0,0.345,0.35,0,0.524,0.22,-1.09,1,0,0.38,,,,0.307,0.13,0,0.167,0.312,,,
54811,20111019,-88.85,41.84,0.314,0.33,0.03,0.411,0.32,-0.01,0,0,0.343,0.31,0,0.381,0.22,-1.09,1,0,0.379,,,,0.317,0.18,0,0.167,0.315,,,
54811,20111020,-88.85,41.84,0.323,0.38,0,0.405,0.326,0.01,0,0,0.342,0.28,0,0.238,0.22,-1.08,1,0,0.377,,,,0.325,0.21,0,0.167,0.318,,,
54811,20111021,-88.85,41.84,0.311,0.28,0,0.262,0.323,-0.03,0,0,0.34,0.25,0,0.101,0.219,-1.08,1,0,0.374,,,,0.317,0.14,0,0.071,0.314,,,
54811,20111022,-88.85,41.84,0.301,0.19,0,0.119,0.319,-0.09,0,0,0.339,0.22,0,0.018,0.219,-1.08,1,0,0.371,,,,0.31,0.07,0,0,0.31,,,
54811,20111023,-88.85,41.84,0.293,0.12,0,0.006,0.315,-0.15,0,0,0.338,0.19,0,0,0.218,-1.08,1,0,0.369,,,,0.304,0,0,0,0.307,,,
54811,20111024,-88.85,41.84,0.289,0.06,0,0,0.312,-0.2,0.042,0,0.337,0.17,0,0,0.218,-1.08,1,0,0.365,,,,0.3,-0.06,0,0,0.304,,,
54811,20111025,-88.85,41.84,0.294,0.05,0,0,0.311,-0.23,0.042,0,0.336,0.15,0,0,0.218,-1.09,1,0,0.362,,,,0.302,-0.07,0,0,0.304,,,
54811,20111026,-88.85,41.84,0.297,0.04,0,0,0.311,-0.26,0.054,0,0.335,0.13,0,0,0.217,-1.09,1,0,0.36,,,,0.304,-0.1,0,0,0.304,,,
54811,20111027,-88.85,41.84,0.299,0.01,0,0,0.31,-0.29,0.143,0,0.335,0.11,0,0,0.217,-1.1,1,0,0.359,,,,0.305,-0.13,0,0,0.304,,,
54811,20111028,-88.85,41.84,0.3,-0.02,0,0,0.31,-0.33,0.286,0,0.334,0.1,0,0,0.217,-1.1,1,0,0.358,,,,0.305,-0.17,0,0,0.304,,,
54811,20111029,-88.85,41.84,0.301,-0.05,0,0,0.31,-0.36,0.425,0,0.333,0.08,0,0,0.217,-1.1,1,0,0.358,,,,0.305,-0.21,0.054,0,0.304,,,
54811,20111030,-88.85,41.84,0.301,-0.08,0.06,0,0.309,-0.41,0.569,0,0.332,0.06,0,0,0.217,-1.11,1,0,0.357,,,,0.305,-0.26,0.198,0,0.303,,,
54811,20111031,-88.85,41.84,0.297,-0.13,0.204,0,0.308,-0.46,0.671,0,0.331,0.03,0,0,0.217,-1.11,1,0,0.356,,,,0.303,-0.32,0.341,0,0.302,,,
54811,20111101,-88.85,41.84,0.287,-0.23,0.347,0,0.305,-0.54,0.814,0,0.33,0,0,0,0.216,-1.11,1,0,0.355,,,,0.296,-0.41,0.485,0,0.299,,,
54811,20111102,-88.85,41.84,0.279,-0.3,0.491,0,0.302,-0.61,0.946,0,0.329,-0.03,0,0,0.216,-1.11,1,0,0.354,,,,0.29,-0.49,0.629,0,0.296,,,
54811,20111103,-88.85,41.84,0.275,-0.35,0.605,0.018,0.3,-0.67,0.982,0,0.327,-0.06,0,0,0.216,-1.11,1,0,0.352,,,,0.288,-0.54,0.749,0.012,0.294,,,
54811,20111104,-88.85,41.84,0.287,-0.26,0.605,0.162,0.307,-0.6,0.838,0,0.326,-0.09,0,0,0.216,-1.11,1,0,0.351,,,,0.297,-0.45,0.749,0.066,0.297,,,
54811,20111105,-88.85,41.84,0.299,-0.18,0.601,0.244,0.313,-0.54,0.696,0,0.325,-0.12,0,0,0.215,-1.1,1,0,0.349,,,,0.306,-0.36,0.69,0.065,0.3,,,
54811,20111106,-88.85,41.84,0.31,-0.1,0.542,0.244,0.319,-0.48,0.554,0,0.325,-0.15,0,0,0.215,-1.1,1,0,0.347,,,,0.314,-0.28,0.548,0.065,0.303,,,
54811,20111107,-88.85,41.84,0.32,-0.03,0.399,0.244,0.325,-0.41,0.411,0,0.324,-0.17,0,0,0.215,-1.1,1,0,0.346,,,,0.323,-0.2,0.405,0.065,0.306,,,
54811,20111108,-88.85,41.84,0.332,0.06,0.256,0.274,0.334,-0.3,0.268,0.03,0.325,-0.18,0,0.006,0.215,-1.09,1,0,0.345,,,,0.333,-0.09,0.262,0.095,0.31,,,
54811,20111109,-88.85,41.84,0.354,0.27,0.113,0.417,0.352,-0.06,0.125,0.173,0.341,0.03,0,0.149,0.215,-1.09,1,0,0.345,,,,0.353,0.14,0.119,0.238,0.321,,,
54811,20111110,-88.85,41.84,0.372,0.43,0,0.539,0.367,0.14,0,0.311,0.356,0.22,0,0.287,0.215,-1.09,1,0,0.348,,,,0.37,0.33,0,0.365,0.332,,,
54811,20111111,-88.85,41.84,0.373,0.44,0,0.539,0.372,0.19,0,0.389,0.369,0.39,0,0.431,0.216,-1.08,1,0,0.349,,,,0.372,0.35,0,0.455,0.336,,,
54811,20111112,-88.85,41.84,0.374,0.45,0,0.599,0.376,0.24,0,0.389,0.381,0.55,0,0.575,0.217,-1.07,1,0,0.355,,,,0.375,0.38,0,0.515,0.341,,,
54811,20111113,-88.85,41.84,0.377,0.48,0,0.707,0.381,0.29,0,0.389,0.393,0.7,0,0.719,0.218,-1.06,1,0,0.351,,,,0.379,0.41,0,0.515,0.344,,,
54811,20111114,-88.85,41.84,0.38,0.5,0,0.719,0.386,0.33,0,0.389,0.404,0.85,0,0.862,0.219,-1.05,1,0,0.361,,,,0.383,0.45,0,0.515,0.35,,,
54811,20111115,-88.85,41.84,0.38,0.5,0,0.689,0.388,0.35,0,0.359,0.415,0.99,0,1,0.22,-1.03,1,0,0.366,,,,0.384,0.45,0,0.485,0.354,,,
54811,20111116,-88.85,41.84,0.368,0.37,0,0.545,0.38,0.21,0,0.216,0.411,0.9,0,1,0.222,-1.02,1,0,0.368,,,,0.374,0.32,0,0.341,0.35,,,
54811,20111117,-88.85,41.84,0.357,0.25,0,0.405,0.373,0.1,0,0.077,0.406,0.82,0,1,0.223,-1.01,1,0,0.374,,,,0.365,0.2,0,0.202,0.347,,,
54811,20111118,-88.85,41.84,0.35,0.15,0,0.262,0.369,0.02,0,0,0.403,0.77,0,1,0.224,-1,1,0,0.379,,,,0.359,0.11,0,0.06,0.345,,,
54811,20111119,-88.85,41.84,0.342,0.06,0,0.119,0.365,-0.05,0,0,0.401,0.72,0,1,0.224,-0.99,1,0,0.383,,,,0.354,0.03,0,0,0.343,,,
54811,20111120,-88.85,41.84,0.336,-0.03,0.024,0.012,0.362,-0.12,0,0,0.4,0.68,0,1,0.225,-0.98,1,0,0.398,,,,0.349,-0.05,0,0,0.344,,,
54811,20111121,-88.85,41.84,0.329,-0.12,0.155,0,0.359,-0.18,0.036,0,0.398,0.64,0,1,0.225,-0.97,1,0,0.398,,,,0.344,-0.13,0.024,0,0.342,,,
54811,20111122,-88.85,41.84,0.323,-0.21,0.298,0,0.356,-0.25,0.155,0,0.396,0.61,0,1,0.225,-0.97,1,0,0.401,,,,0.339,-0.2,0.155,0,0.34,,,
54811,20111123,-88.85,41.84,0.321,-0.25,0.375,0,0.354,-0.29,0.232,0,0.395,0.58,0,1,0.226,-0.96,1,0,0.408,,,,0.337,-0.25,0.226,0,0.341,,,
54811,20111124,-88.85,41.84,0.323,-0.23,0.375,0,0.355,-0.3,0.232,0,0.394,0.56,0,1,0.226,-0.96,1,0,0.409,,,,0.339,-0.25,0.226,0,0.341,,,
54811,20111125,-88.85,41.84,0.325,-0.2,0.375,0,0.356,-0.31,0.232,0,0.393,0.54,0,1,0.226,-0.95,1,0,0.411,,,,0.34,-0.25,0.226,0,0.342,,,
54811,20111126,-88.85,41.84,0.328,-0.18,0.375,0,0.357,-0.31,0.232,0,0.393,0.53,0,1,0.227,-0.95,1,0,0.412,,,,0.342,-0.25,0.226,0,0.343,,,
54811,20111127,-88.85,41.84,0.339,-0.06,0.351,0.083,0.363,-0.25,0.232,0.048,0.396,0.56,0,1,0.227,-0.95,1,0,0.411,,,,0.351,-0.17,0.226,0.077,0.347,,,
54811,20111128,-88.85,41.84,0.351,0.08,0.22,0.226,0.37,-0.18,0.196,0.048,0.4,0.6,0,1,0.228,-0.94,1,0,0.409,,,,0.36,-0.07,0.202,0.167,0.351,,,
54811,20111129,-88.85,41.84,0.363,0.21,0.077,0.363,0.375,-0.13,0.077,0.048,0.403,0.63,0,1,0.228,-0.94,1,0,0.406,,,,0.369,0.02,0.071,0.167,0.355,,,
54811,20111130,-88.85,41.84,0.371,0.27,0,0.381,0.378,-0.09,0,0.048,0.406,0.66,0,1,0.229,-0.94,1,0,0.405,,,,0.375,0.06,0,0.167,0.358,,,
54811,20111201,-88.85,41.84,0.374,0.29,0,0.381,0.38,-0.08,0,0.048,0.408,0.68,0,1,0.229,-0.95,1,0,0.406,,,,0.377,0.07,0,0.167,0.359,,,
54811,20111202,-88.85,41.84,0.378,0.29,0,0.381,0.382,-0.07,0,0.048,0.409,0.7,0,1,0.229,-0.95,1,0,0.407,,,,0.38,0.08,0,0.167,0.361,,,
54811,20111203,-88.85,41.84,0.381,0.3,0,0.387,0.383,-0.06,0,0.048,0.411,0.71,0,1,0.23,-0.95,1,0,0.408,,,,0.382,0.09,0,0.167,0.363,,,
54811,20111204,-88.85,41.84,0.386,0.33,0,0.446,0.387,-0.03,0,0.089,0.414,0.75,0,1,0.23,-0.95,1,0,0.409,,,,0.387,0.13,0,0.232,0.365,,,
54811,20111205,-88.85,41.84,0.387,0.3,0,0.44,0.388,-0.03,0,0.089,0.414,0.75,0,1,0.23,-0.95,1,0,0.412,,,,0.387,0.12,0,0.19,0.366,,,
54811,20111206,-88.85,41.84,0.388,0.28,0,0.327,0.388,-0.03,0,0.089,0.414,0.76,0,1,0.23,-0.95,1,0,0.419,,,,0.388,0.11,0,0.19,0.368,,,
54811,20111207,-88.85,41.84,0.389,0.27,0,0.31,0.389,-0.04,0,0.089,0.414,0.76,0,1,0.231,-0.95,1,0,0.421,,,,0.389,0.1,0,0.19,0.369,,,
54811,20111208,-88.85,41.84,0.39,0.25,0,0.31,0.389,-0.05,0,0.089,0.414,0.77,0,1,0.231,-0.95,1,0,0.422,,,,0.39,0.09,0,0.19,0.369,,,
54811,20111209,-88.85,41.84,0.391,0.25,0,0.31,0.39,-0.07,0.012,0.089,0.414,0.78,0,1,0.231,-0.95,1,0,0.422,,,,0.39,0.08,0,0.19,0.37,,,
54811,20111210,-88.85,41.84,0.392,0.24,0,0.304,0.39,-0.09,0.149,0.089,0.414,0.78,0,1,0.231,-0.96,1,0,0.421,,,,0.391,0.07,0,0.19,0.37,,,
54811,20111211,-88.85,41.84,0.384,0.13,0,0.161,0.383,-0.21,0.292,0,0.409,0.72,0,1,0.232,-0.96,1,0,0.419,,,,0.383,-0.06,0,0.048,0.365,,,
54811,20111212,-88.85,41.84,0.379,0.05,0,0.025,0.378,-0.3,0.435,0,0.406,0.68,0,1,0.232,-0.96,1,0,0.419,,,,0.379,-0.15,0.012,0,0.363,,,
54811,20111213,-88.85,41.84,0.376,-0.02,0,0,0.376,-0.36,0.577,0,0.404,0.65,0,1,0.232,-0.96,1,0,0.416,,,,0.376,-0.22,0.025,0,0.361,,,
54811,20111214,-88.85,41.84,0.376,-0.04,0,0.031,0.375,-0.39,0.69,0.018,0.402,0.64,0,1,0.232,-0.96,1,0,0.413,,,,0.376,-0.24,0.025,0.031,0.36,,,
54811,20111215,-88.85,41.84,0.387,0.08,0,0.179,0.382,-0.29,0.69,0.113,0.407,0.72,0,1,0.233,-0.95,1,0,0.412,,,,0.384,-0.06,0.025,0.179,0.364,,,
54811,20111216,-88.85,41.84,0.392,0.14,0,0.315,0.385,-0.24,0.679,0.113,0.41,0.77,0,1,0.235,-0.94,1,0,0.41,,,,0.389,0.03,0.025,0.296,0.367,,,
54811,20111217,-88.85,41.84,0.397,0.17,0,0.315,0.387,-0.22,0.542,0.113,0.411,0.8,0,1,0.237,-0.93,1,0,0.41,,,,0.392,0.08,0.025,0.296,0.368,,,
54811,20111218,-88.85,41.84,0.4,0.2,0,0.315,0.389,-0.19,0.399,0.113,0.411,0.83,0,1,0.238,-0.92,1,0,0.409,,,,0.395,0.12,0.025,0.296,0.37,,,
54811,20111219,-88.85,41.84,0.405,0.26,0,0.405,0.392,-0.14,0.262,0.113,0.413,0.87,0,1,0.239,-0.91,1,0,0.407,,,,0.398,0.19,0.012,0.381,0.371,,,
54811,20111220,-88.85,41.84,0.411,0.34,0,0.548,0.396,-0.08,0.119,0.113,0.415,0.93,0,1,0.241,-0.91,1,0,0.406,,,,0.403,0.28,0,0.464,0.374,,,
54811,20111221,-88.85,41.84,0.413,0.37,0,0.636,0.397,-0.06,0.006,0.095,0.416,0.98,0,1,0.242,-0.91,1,0,0.405,,,,0.405,0.32,0,0.457,0.375,,,
54811,20111222,-88.85,41.84,0.407,0.29,0,0.572,0.392,-0.16,0.006,0,0.412,0.94,0,1,0.242,-0.92,1,0,0.403,,,,0.399,0.19,0,0.362,0.371,,,
54811,20111223,-88.85,41.84,0.405,0.26,0,0.5,0.39,-0.19,0.006,0,0.411,0.93,0,1,0.241,-0.94,1,0,0.401,,,,0.397,0.14,0,0.272,0.37,,,
54811,20111224,-88.85,41.84,0.404,0.27,0,0.633,0.389,-0.2,0.006,0,0.41,0.94,0,1,0.241,-0.95,1,0,0.399,,,,0.396,0.15,0,0.344,0.369,,,
54811,20111225,-88.85,41.84,0.403,0.32,0,0.864,0.389,-0.21,0.024,0,0.41,0.94,0,1,0.24,-0.97,1,0,0.397,,,,0.396,0.2,0,0.47,0.368,,,
54811,20111226,-88.85,41.84,0.4,0.3,0,0.952,0.387,-0.25,0.06,0,0.409,0.92,0,1,0.24,-0.98,1,0,0.395,,,,0.393,0.19,0,0.357,0.366,,,
54811,20111227,-88.85,41.84,0.397,0.26,0,0.889,0.384,-0.3,0.202,0,0.408,0.89,0,1,0.24,-1,1,0,0.393,,,,0.39,0.13,0,0.056,0.364,,,
54811,20111228,-88.85,41.84,0.394,,,,0.382,-0.35,0.345,0,0.407,0.86,0,1,0.24,-1.01,1,0,0.39,,,,0.388,,,,0.363,,,
54811,20111229,-88.85,41.84,0.391,,,,0.38,-0.4,0.488,0,0.406,0.82,0,1,0.239,-1.03,1,0,0.388,,,,0.386,,,,0.361,,,
54811,20111230,-88.85,41.84,0.389,,,,0.378,-0.45,0.631,0,0.405,0.79,0,1,0.239,-1.04,1,0,0.386,,,,0.383,,,,0.359,,,
54811,20111231,-88.85,41.84,0.394,,,,0.382,-0.45,0.699,0,0.407,0.82,0,1,0.239,-1.06,1,0,0.384,,,,0.388,,,,0.361,,,
54811,20120101,-88.85,41.84,0.397,,,,0.384,-0.47,0.806,0,0.409,0.86,0,1,0.239,-1.08,1,0,0.382,,,,0.391,,,,0.362,,,
54811,20120102,-88.85,41.84,0.4,,,,0.387,-0.49,0.924,0,0.411,0.89,0,1,0.239,-1.1,1,0,0.382,,,,0.393,,,,0.364,,,
54811,20120103,-88.85,41.84,0.403,,,,0.388,-0.49,0.901,0,0.412,0.9,0,1,0.239,-1.12,1,0,0.381,,,,0.395,,,,0.365,,,
54811,20120104,-88.85,41.84,,,,,0.389,-0.49,0.86,0,0.413,0.89,0,1,0.239,-1.15,1,0,0.381,,,,,,,,,,,
54811,20120105,-88.85,41.84,,,,,,,,,0.414,0.89,0,1,0.239,-1.19,1,0,0.38,,,,,,,,,,,
54811,20120106,-88.85,41.84,,,,,,,,,0.414,0.88,0,1,0.239,-1.22,1,0,0.38,,,,,,,,,,,
54811,20120107,-88.85,41.84,,,,,,,,,0.412,0.8,0,1,0.24,-1.25,1,0,0.379,,,,,,,,,,,
54811,20120108,-88.85,41.84,,,,,,,,,0.409,0.73,0,1,0.239,-1.28,1,0,0.377,,,,,,,,,,,
54811,20120109,-88.85,41.84,,,,,,,,,0.407,0.68,0,1,0.239,-1.31,1,0,0.376,,,,,,,,,,,
54811,20120110,-88.85,41.84,,,,,,,,,0.406,0.64,0,1,0.239,-1.34,1,0,0.374,,,,,,,,,,,
54811,20120111,-88.85,41.84,,,,,,,,,0.405,0.62,0,1,0.239,-1.35,1,0,0.373,,,,,,,,,,,
54811,20120112,-88.85,41.84,,,,,0.368,,,,0.404,0.61,0,1,0.238,-1.37,1,0,0.372,,,,,,,,,,,
54811,20120113,-88.85,41.84,0.366,,,,0.368,,,,0.403,0.6,0,1,0.238,-1.38,1,0,0.37,,,,0.367,,,,0.349,,,
54811,20120114,-88.85,41.84,0.365,,,,0.37,,,,0.402,0.59,0,1,0.238,-1.39,1,0,0.369,,,,0.367,,,,0.349,,,
54811,20120115,-88.85,41.84,,,,,0.367,,,,0.402,0.57,0,1,0.238,-1.4,1,0,0.369,,,,,,,,,,,
54811,20120116,-88.85,41.84,,,,,0.367,,,,0.401,0.54,0,1,0.238,-1.41,1,0,0.368,,,,,,,,,,,
54811,20120117,-88.85,41.84,,,,,,,,,0.4,,,,0.238,-1.42,1,0,0.367,,,,,,,,,,,
54811,20120118,-88.85,41.84,,,,,,,,,0.401,,,,0.238,-1.43,1,0,0.367,,,,,,,,,,,
54811,20120119,-88.85,41.84,,,,,,,,,0.401,,,,0.238,-1.43,1,0,0.367,,,,,,,,,,,
54811,20120120,-88.85,41.84,,,,,,,,,0.402,,,,0.238,-1.44,1,0,0.367,,,,,,,,,,,
54811,20120121,-88.85,41.84,,,,,,,,,0.402,,,,0.238,-1.45,1,0,0.366,,,,,,,,,,,
54811,20120122,-88.85,41.84,,,,,,,,,0.403,,,,0.238,-1.46,1,0,0.366,,,,,,,,,,,
54811,20120123,-88.85,41.84,,,,,,,,,0.405,,,,0.238,-1.47,1,0,0.365,,,,,,,,,,,
54811,20120124,-88.85,41.84,,,,,,,,,0.412,,,,0.239,-1.49,1,0,0.364,,,,,,,,,,,
54811,20120125,-88.85,41.84,,,,,,,,,0.413,,,,0.239,-1.51,1,0,0.364,,,,,,,,,,,
54811,20120126,-88.85,41.84,,,,,,,,,0.414,,,,0.239,-1.56,1,0,0.363,,,,,,,,,,,
54811,20120127,-88.85,41.84,,,,,,,,,0.415,,,,0.239,-1.64,1,0,0.363,,,,,,,,,,,
54811,20120128,-88.85,41.84,,,,,,,,,0.417,,,,0.239,-1.72,1,0,0.363,,,,,,,,,,,
54811,20120129,-88.85,41.84,,,,,,,,,0.419,,,,0.239,-1.8,1,0,0.363,,,,,,,,,,,
54811,20120130,-88.85,41.84,,,,,,,,,0.417,,,,0.239,-1.87,1,0,0.363,,,,,,,,,,,
54811,20120131,-88.85,41.84,,,,,,,,,0.412,,,,0.239,-1.94,1,0,0.364,,,,,,,,,,,
54811,20120201,-88.85,41.84,,,,,,,,,0.412,,,,0.239,-2,1,0,0.364,,,,,,,,,,,
54811,20120202,-88.85,41.84,,,,,,,,,0.413,,,,0.24,-2.03,1,0,0.365,,,,,,,,,,,
54811,20120203,-88.85,41.84,,,,,,,,,0.413,,,,0.24,-2.01,1,0,0.365,,,,,,,,,,,
54811,20120204,-88.85,41.84,,,,,,,,,0.414,,,,0.24,-2,1,0,0.365,,,,,,,,,,,
54811,20120205,-88.85,41.84,,,,,,,,,0.416,,,,0.24,-1.97,1,0,0.365,,,,,,,,,,,
54811,20120206,-88.85,41.84,,,,,,,,,0.418,,,,0.24,-1.91,1,0,0.365,,,,,,,,,,,
54811,20120207,-88.85,41.84,,,,,,,,,0.418,,,,0.24,-1.81,1,0,0.365,,,,,,,,,,,
54811,20120208,-88.85,41.84,,,,,,,,,0.418,,,,0.241,-1.7,1,0,0.365,,,,,,,,,,,
54811,20120209,-88.85,41.84,0.398,,,,0.386,,,,0.418,,,,0.241,-1.6,1,0,0.365,,,,,,,,,,,
54811,20120210,-88.85,41.84,,,,,0.386,,,,0.417,,,,0.241,-1.49,1,0,0.365,,,,,,,,,,,
54811,20120211,-88.85,41.84,,,,,0.387,,,,0.416,,,,0.241,-1.38,1,0,0.365,,,,,,,,,,,
54811,20120212,-88.85,41.84,,,,,0.385,,,,0.412,,,,0.24,-1.29,1,0,0.365,,,,,,,,,,,
54811,20120213,-88.85,41.84,,,,,,,,,0.409,,,,0.24,-1.23,1,0,0.365,,,,,,,,,,,
54811,20120214,-88.85,41.84,,,,,,,,,0.404,,,,0.24,-1.21,1,0,0.364,,,,,,,,,,,
54811,20120215,-88.85,41.84,,,,,,,,,0.399,,,,0.24,-1.2,1,0,0.362,,,,,,,,,,,
54811,20120216,-88.85,41.84,,,,,,,,,0.395,,,,0.239,-1.19,1,0,0.361,,,,,,,,,,,
54811,20120217,-88.85,41.84,,,,,,,,,0.393,,,,0.239,-1.19,1,0,0.36,,,,,,,,,,,
54811,20120218,-88.85,41.84,,,,,,,,,0.394,,,,0.239,-1.18,1,0,0.358,,,,,,,,,,,
54811,20120219,-88.85,41.84,,,,,,,,,0.396,,,,0.239,-1.18,1,0,0.357,,,,,,,,,,,
54811,20120220,-88.85,41.84,,,,,,,,,0.4,,,,0.239,-1.18,1,0,0.356,,,,,,,,,,,
54811,20120221,-88.85,41.84,,,,,,,,,0.404,,,,0.239,-1.17,1,0,0.356,,,,,,,,,,,
54811,20120222,-88.85,41.84,,,,,,,,,0.408,,,,0.239,-1.17,1,0,0.355,,,,,,,,,,,
54811,20120223,-88.85,41.84,,,,,,,,,0.413,,,,0.239,-1.17,1,0,0.355,,,,,,,,,,,
54811,20120224,-88.85,41.84,,,,,,,,,0.418,,,,0.239,-1.16,1,0,0.355,,,,,,,,,,,
54811,20120225,-88.85,41.84,,,,,,,,,0.421,,,,0.239,-1.16,1,0,0.356,,,,,,,,,,,
54811,20120226,-88.85,41.84,,,,,,,,,0.42,,,,0.239,-1.16,1,0,0.357,,,,,,,,,,,
54811,20120227,-88.85,41.84,,,,,,,,,0.42,,,,0.239,-1.15,1,0,0.358,,,,,,,,,,,
54811,20120228,-88.85,41.84,,,,,,,,,0.422,,,,0.24,-1.15,1,0,0.359,,,,,,,,,,,
54811,20120229,-88.85,41.84,,,,,,,,,0.423,,,,0.24,-1.14,0.982,0,0.36,,,,,,,,,,,
54811,20120301,-88.85,41.84,,,,,,,,,0.426,,,,0.241,-1.14,0.952,0,0.362,,,,,,,,,,,
54811,20120302,-88.85,41.84,,,,,,,,,0.424,,,,0.241,-1.13,0.952,0,0.363,,,,,,,,,,,
54811,20120303,-88.85,41.84,,,,,,,,,0.424,,,,0.241,-1.13,0.952,0,0.363,,,,,,,,,,,
54811,20120304,-88.85,41.84,,,,,,,,,0.424,,,,0.242,-1.13,0.952,0,0.363,,,,,,,,,,,
54811,20120305,-88.85,41.84,,,,,,,,,0.424,,,,0.242,-1.13,0.952,0,0.364,,,,,,,,,,,
54811,20120306,-88.85,41.84,0.419,,,,0.407,,,,0.425,,,,0.242,-1.13,0.952,0,0.364,,,,0.413,,,,0.372,,,
54811,20120307,-88.85,41.84,0.419,,,,0.408,,,,0.427,,,,0.242,-1.13,0.97,0,0.365,,,,0.414,,,,0.372,,,
54811,20120308,-88.85,41.84,0.419,,,,0.408,,,,0.427,,,,0.243,-1.13,1,0,0.364,,,,0.413,,,,0.372,,,
54811,20120309,-88.85,41.84,0.42,,,,0.409,,,,0.428,,,,0.243,-1.13,1,0,0.365,,,,0.415,,,,0.373,,,
54811,20120310,-88.85,41.84,0.419,,,,0.407,,,,0.427,,,,0.243,-1.14,1,0,0.366,,,,0.413,,,,0.372,,,
54811,20120311,-88.85,41.84,0.416,,,,0.405,,,,0.427,,,,0.243,-1.15,1,0,0.368,,,,0.411,,,,0.372,,,
54811,20120312,-88.85,41.84,0.415,,,,0.405,,,,0.427,,,,0.244,-1.15,1,0,0.369,,,,0.41,,,,0.372,,,
54811,20120313,-88.85,41.84,0.415,,,,0.406,,,,0.428,,,,0.244,-1.16,1,0,0.371,,,,0.411,,,,0.373,,,
54811,20120314,-88.85,41.84,0.414,,,,0.406,,,,0.428,,,,0.244,-1.16,1,0,0.374,,,,0.41,,,,0.373,,,
54811,20120315,-88.85,41.84,0.412,,,,0.404,,,,0.427,,,,0.245,-1.17,1,0,0.377,,,,0.408,,,,0.373,,,
54811,20120316,-88.85,41.84,0.408,0.15,0,0,0.401,,,,0.426,,,,0.245,-1.17,1,0,0.381,,,,0.405,,,,0.372,,,
54811,20120317,-88.85,41.84,0.404,-0.03,0,0,0.4,,,,0.425,,,,0.245,-1.17,1,0,0.385,,,,0.402,,,,0.372,,,
54811,20120318,-88.85,41.84,0.398,-0.27,0.5,0,0.399,,,,0.425,,,,0.246,-1.17,1,0,0.389,,,,0.399,,,,0.371,,,
54811,20120319,-88.85,41.84,0.388,-0.59,0.744,0,0.395,-0.59,1,0,0.424,0.86,0,1,0.246,-1.16,1,0,0.394,,,,0.392,,,,0.37,,,
54811,20120320,-88.85,41.84,0.37,-0.78,0.833,0,0.387,-0.62,1,0,0.42,0.88,0,1,0.247,-1.16,1,0,0.4,,,,0.379,-0.92,1,0,0.365,,,
54811,20120321,-88.85,41.84,0.353,-0.95,0.88,0,0.38,-0.7,1,0,0.417,0.84,0,1,0.247,-1.16,1,0,0.405,,,,0.367,-1.06,1,0,0.361,,,
54811,20120322,-88.85,41.84,0.334,-1.14,0.907,0,0.372,-0.8,1,0,0.414,0.8,0,1,0.248,-1.16,1,0,0.409,,,,0.353,-1.23,1,0,0.355,,,
54811,20120323,-88.85,41.84,0.315,-1.34,0.953,0,0.363,-0.88,1,0,0.41,0.75,0,1,0.248,-1.16,1,0,0.413,,,,0.339,-1.36,1,0,0.35,,,
54811,20120324,-88.85,41.84,0.298,-1.5,1,0,0.355,-0.94,1,0,0.407,0.71,0,1,0.248,-1.16,1,0,0.416,,,,0.326,-1.44,1,0,0.345,,,
54811,20120325,-88.85,41.84,0.284,-1.65,1,0,0.348,-0.98,1,0,0.403,0.67,0,1,0.248,-1.17,1,0,0.419,,,,0.316,-1.51,1,0,0.34,,,
54811,20120326,-88.85,41.84,0.272,-1.8,1,0,0.341,-1.03,1,0,0.4,0.62,0,0.976,0.248,-1.17,1,0,0.422,,,,0.307,-1.57,1,0,0.337,,,
54811,20120327,-88.85,41.84,0.262,-1.95,1,0,0.333,-1.12,1,0,0.395,0.53,0,0.832,0.248,-1.17,1,0,0.423,,,,0.298,-1.7,1,0,0.332,,,
54811,20120328,-88.85,41.84,0.253,-2.1,1,0,0.325,-1.24,1,0,0.39,0.42,0,0.69,0.248,-1.18,1,0,0.423,,,,0.289,-1.85,1,0,0.328,,,
54811,20120329,-88.85,41.84,0.245,-2.22,1,0,0.317,-1.35,1,0,0.385,0.31,0,0.551,0.247,-1.2,1,0,0.422,,,,0.281,-2.01,1,0,0.323,,,
54811,20120330,-88.85,41.84,0.238,-2.33,1,0,0.309,-1.48,1,0,0.379,0.17,0.102,0.407,0.247,-1.21,1,0,0.42,,,,0.273,-2.17,1,0,0.318,,,
54811,20120331,-88.85,41.84,0.234,-2.38,1,0,0.3,-1.59,1,0,0.372,0.03,0.246,0.263,0.246,-1.23,1,0,0.418,,,,0.267,-2.29,1,0,0.314,,,
54811,20120401,-88.85,41.84,0.23,-2.43,1,0,0.292,-1.71,1,0,0.366,-0.12,0.389,0.12,0.245,-1.25,1,0,0.416,,,,0.261,-2.39,1,0,0.31,,,
54811,20120402,-88.85,41.84,0.228,-2.48,1,0,0.285,-1.81,1,0,0.36,-0.26,0.533,0,0.244,-1.27,1,0,0.413,,,,0.256,-2.47,1,0,0.306,,,
54811,20120403,-88.85,41.84,0.225,-2.52,1,0,0.278,-1.89,1,0,0.355,-0.4,0.677,0,0.244,-1.29,1,0,0.41,,,,0.252,-2.54,1,0,0.302,,,
54811,20120404,-88.85,41.84,0.222,-2.55,1,0,0.273,-1.97,1,0,0.349,-0.53,0.82,0,0.243,-1.31,1,0,0.408,,,,0.248,-2.6,1,0,0.299,,,
54811,20120405,-88.85,41.84,0.219,-2.58,1,0,0.269,-2.03,1,0,0.344,-0.66,0.958,0,0.242,-1.32,1,0,0.407,,,,0.244,-2.66,1,0,0.296,,,
54811,20120406,-88.85,41.84,0.217,-2.6,1,0,0.265,-2.09,1,0,0.338,-0.8,1,0,0.242,-1.34,1,0,0.405,,,,0.241,-2.71,1,0,0.293,,,
54811,20120407,-88.85,41.84,0.21,-2.68,1,0,0.26,-2.17,1,0,0.332,-0.95,1,0,0.241,-1.36,1,0,0.403,,,,0.235,-2.82,1,0,0.289,,,
54811,20120408,-88.85,41.84,0.203,-2.76,1,0,0.255,-2.25,1,0,0.326,-1.1,1,0,0.24,-1.37,1,0,0.401,,,,0.229,-2.93,1,0,0.285,,,
54811,20120409,-88.85,41.84,0.196,-2.83,1,0,0.249,-2.34,1,0,0.318,-1.28,1,0,0.239,-1.38,1,0,0.4,,,,0.222,-3.03,1,0,0.28,,,
54811,20120410,-88.85,41.84,0.188,-2.87,1,0,0.242,-2.44,1,0,0.31,-1.47,1,0,0.237,-1.39,1,0,0.398,,,,0.215,-3.13,1,0,0.275,,,
54811,20120411,-88.85,41.84,0.181,-2.88,1,0,0.235,-2.52,1,0,0.303,-1.65,1,0,0.236,-1.4,1,0,0.395,,,,0.208,-3.19,1,0,0.27,,,
54811,20120412,-88.85,41.84,0.176,-2.86,1,0,0.23,-2.59,1,0,0.295,-1.82,1,0,0.235,-1.4,1,0,0.392,,,,0.203,-3.22,1,0,0.266,,,
54811,20120413,-88.85,41.84,0.172,-2.81,1,0,0.225,-2.63,1,0,0.289,-1.95,1,0,0.233,-1.41,1,0,0.388,,,,0.199,-3.21,1,0,0.262,,,
54811,20120414,-88.85,41.84,0.169,-2.74,1,0,0.221,-2.65,1,0,0.284,-2.05,1,0,0.232,-1.42,1,0,0.386,,,,0.195,-3.19,1,0,0.258,,,
54811,20120415,-88.85,41.84,0.172,-2.59,0.97,0.018,0.22,-2.61,1,0,0.281,-2.09,1,0,0.23,-1.42,1,0,0.38,,,,0.196,-3.08,0.976,0,0.257,,,
54811,20120416,-88.85,41.84,0.202,-2.12,0.827,0.077,0.24,-2.3,0.946,0.042,0.288,-1.89,0.946,0,0.228,-1.43,1,0,0.371,,,,0.221,-2.62,0.881,0.054,0.266,,,
54811,20120417,-88.85,41.84,0.232,-1.66,0.685,0.161,0.264,-1.9,0.804,0.042,0.299,-1.6,0.804,0,0.227,-1.45,1,0,0.361,,,,0.248,-2.13,0.738,0.107,0.277,,,
54811,20120418,-88.85,41.84,0.259,-1.26,0.542,0.161,0.287,-1.54,0.661,0.042,0.31,-1.31,0.661,0,0.226,-1.46,1,0,0.35,,,,0.273,-1.69,0.595,0.107,0.286,,,
54811,20120419,-88.85,41.84,0.283,-0.91,0.399,0.161,0.308,-1.21,0.595,0.042,0.321,-1.03,0.518,0,0.225,-1.46,1,0,0.339,,,,0.296,-1.29,0.536,0.107,0.295,,,
54811,20120420,-88.85,41.84,0.305,-0.61,0.333,0.161,0.328,-0.9,0.595,0.042,0.331,-0.75,0.375,0,0.224,-1.47,1,0,0.329,,,,0.317,-0.93,0.536,0.107,0.304,,,
54811,20120421,-88.85,41.84,0.325,-0.33,0.333,0.161,0.348,-0.6,0.595,0.042,0.342,-0.48,0.232,0,0.224,-1.48,1,0,0.319,,,,0.336,-0.6,0.536,0.107,0.311,,,
54811,20120422,-88.85,41.84,0.335,-0.16,0.363,0.143,0.362,-0.38,0.595,0.042,0.351,-0.27,0.113,0,0.223,-1.48,1,0,0.312,,,,0.349,-0.36,0.56,0.107,0.317,,,
54811,20120423,-88.85,41.84,0.318,-0.34,0.506,0.083,0.356,-0.44,0.649,0,0.349,-0.28,0.155,0,0.223,-1.48,1,0,0.308,,,,0.337,-0.51,0.655,0.054,0.311,,,
54811,20120424,-88.85,41.84,0.297,-0.53,0.649,0,0.342,-0.61,0.792,0,0.344,-0.36,0.298,0,0.222,-1.49,1,0,0.305,,,,0.32,-0.72,0.798,0,0.302,,,
54811,20120425,-88.85,41.84,0.279,-0.69,0.792,0,0.33,-0.75,0.935,0,0.339,-0.43,0.44,0,0.222,-1.51,1,0,0.303,,,,0.304,-0.9,0.94,0,0.295,,,
54811,20120426,-88.85,41.84,0.263,-0.82,0.935,0,0.318,-0.89,1,0,0.335,-0.49,0.583,0,0.221,-1.55,1,0,0.301,,,,0.291,-1.05,1,0,0.288,,,
54811,20120427,-88.85,41.84,0.248,-0.93,1,0,0.306,-1.02,1,0,0.33,-0.56,0.726,0,0.22,-1.61,1,0,0.299,,,,0.277,-1.18,1,0,0.281,,,
54811,20120428,-88.85,41.84,0.234,-1.02,1,0,0.293,-1.15,1,0,0.325,-0.63,0.869,0,0.22,-1.7,1,0,0.297,,,,0.264,-1.3,1,0,0.274,,,
54811,20120429,-88.85,41.84,0.229,-1.03,1,0,0.282,-1.26,1,0,0.32,-0.7,0.988,0,0.219,-1.8,1,0,0.298,,,,0.256,-1.34,1,0,0.27,,,
54811,20120430,-88.85,41.84,0.239,-0.91,0.911,0.06,0.283,-1.22,0.935,0,0.315,-0.75,1,0,0.218,-1.9,1,0,0.296,,,,0.261,-1.24,0.917,0.024,0.27,,,
54811,20120501,-88.85,41.84,0.258,-0.7,0.768,0.19,0.294,-1.06,0.792,0,0.313,-0.77,1,0,0.217,-2,1,0,0.295,,,,0.276,-1.03,0.774,0.024,0.276,,,
54811,20120502,-88.85,41.84,0.278,-0.49,0.625,0.298,0.307,-0.89,0.649,0,0.311,-0.77,1,0,0.217,-2.1,1,0,0.294,,,,0.293,-0.8,0.631,0.024,0.281,,,
54811,20120503,-88.85,41.84,0.301,-0.26,0.482,0.44,0.322,-0.69,0.506,0,0.311,-0.75,1,0,0.216,-2.19,1,0,0.294,,,,0.312,-0.56,0.488,0.03,0.289,,,
54811,20120504,-88.85,41.84,0.325,-0.01,0.339,0.554,0.338,-0.48,0.363,0,0.313,-0.7,0.923,0,0.216,-2.29,1,0,0.294,,,,0.331,-0.3,0.345,0.06,0.297,,,
54811,20120505,-88.85,41.84,0.353,0.25,0.202,0.687,0.357,-0.25,0.227,0,0.316,-0.64,0.804,0,0.22,-2.3,1,0,0.305,,,,0.355,-0.02,0.209,0.178,0.31,,,
54811,20120506,-88.85,41.84,0.372,0.43,0.055,0.834,0.376,-0.02,0.08,0,0.32,-0.56,0.656,0,0.229,-2.23,1,0,0.327,,,,0.374,0.21,0.061,0.282,0.325,,,
54811,20120507,-88.85,41.84,0.383,0.53,0,0.896,0.387,0.11,0,0.055,0.332,-0.39,0.509,0.055,0.239,-2.15,1,0,0.352,,,,0.385,0.33,0,0.313,0.339,,,
54811,20120508,-88.85,41.84,0.391,0.6,0,0.908,0.394,0.17,0,0.19,0.352,-0.11,0.362,0.202,0.251,-2.01,1,0,0.378,,,,0.392,0.41,0,0.46,0.353,,,
54811,20120509,-88.85,41.84,0.396,0.64,0,0.945,0.397,0.21,0,0.196,0.37,0.13,0.215,0.35,0.267,-1.82,1,0,0.405,,,,0.396,0.46,0,0.607,0.367,,,
54811,20120510,-88.85,41.84,0.396,0.65,0,0.945,0.398,0.23,0,0.196,0.387,0.34,0.067,0.497,0.282,-1.61,1,0,0.431,,,,0.397,0.47,0,0.706,0.379,,,
54811,20120511,-88.85,41.84,0.392,0.62,0,0.828,0.397,0.23,0,0.196,0.401,0.53,0,0.644,0.298,-1.38,1,0,0.457,,,,0.395,0.46,0,0.675,0.389,,,
54811,20120512,-88.85,41.84,0.381,0.54,0,0.69,0.392,0.19,0,0.19,0.412,0.66,0,0.768,0.307,-1.23,1,0,0.467,,,,0.386,0.39,0,0.542,0.391,,,
54811,20120513,-88.85,41.84,0.371,0.46,0,0.548,0.386,0.16,0,0.19,0.423,0.8,0,0.911,0.313,-1.13,1,0,0.468,,,,0.378,0.33,0,0.44,0.392,,,
54811,20120514,-88.85,41.84,0.356,0.35,0,0.429,0.377,0.09,0,0.137,0.427,0.83,0,1,0.319,-1.02,1,0,0.47,,,,0.366,0.23,0,0.387,0.389,,,
54811,20120515,-88.85,41.84,0.333,0.18,0,0.286,0.36,-0.03,0.095,0.006,0.419,0.73,0,1,0.322,-0.97,1,0,0.47,,,,0.347,0.07,0.107,0.244,0.381,,,
54811,20120516,-88.85,41.84,0.311,0.03,0.137,0.143,0.344,-0.15,0.238,0,0.412,0.63,0,0.923,0.322,-0.96,1,0,0.471,,,,0.328,-0.08,0.25,0.101,0.372,,,
54811,20120517,-88.85,41.84,0.29,-0.1,0.28,0,0.327,-0.27,0.381,0,0.405,0.54,0,0.78,0.321,-0.95,1,0,0.472,,,,0.309,-0.22,0.393,0,0.363,,,
54811,20120518,-88.85,41.84,0.272,-0.22,0.423,0,0.31,-0.38,0.524,0,0.397,0.45,0,0.637,0.321,-0.94,1,0,0.472,,,,0.291,-0.35,0.536,0,0.354,,,
54811,20120519,-88.85,41.84,0.256,-0.32,0.565,0,0.293,-0.49,0.667,0,0.387,0.35,0,0.494,0.32,-0.94,1,0,0.472,,,,0.274,-0.45,0.679,0,0.346,,,
54811,20120520,-88.85,41.84,0.241,-0.4,0.708,0,0.277,-0.58,0.81,0,0.377,0.25,0,0.351,0.319,-0.94,1,0,0.473,,,,0.259,-0.55,0.821,0,0.337,,,
54811,20120521,-88.85,41.84,0.227,-0.47,0.851,0,0.262,-0.66,0.952,0,0.365,0.15,0,0.208,0.318,-0.94,1,0,0.473,,,,0.244,-0.64,0.964,0,0.329,,,
54811,20120522,-88.85,41.84,0.215,-0.53,0.994,0,0.249,-0.73,1,0,0.353,0.06,0,0.065,0.317,-0.94,1,0,0.474,,,,0.232,-0.71,1,0,0.321,,,
54811,20120523,-88.85,41.84,0.206,-0.57,1,0,0.238,-0.77,1,0,0.341,-0.03,0,0,0.316,-0.95,1,0,0.474,,,,0.222,-0.76,1,0,0.315,,,
54811,20120524,-88.85,41.84,0.199,-0.59,1,0,0.23,-0.8,1,0,0.329,-0.11,0.012,0,0.314,-0.96,1,0,0.474,,,,0.215,-0.79,1,0,0.309,,,
54811,20120525,-88.85,41.84,0.193,-0.61,1,0,0.223,-0.81,1,0,0.318,-0.18,0.065,0,0.313,-0.97,1,0,0.475,,,,0.208,-0.8,1,0,0.305,,,
54811,20120526,-88.85,41.84,0.188,-0.63,1,0,0.218,-0.81,1,0,0.309,-0.24,0.089,0,0.312,-0.97,1,0,0.475,,,,0.203,-0.81,1,0,0.3,,,
54811,20120527,-88.85,41.84,0.184,-0.64,1,0,0.214,-0.8,1,0,0.301,-0.27,0.095,0,0.31,-0.98,1,0,0.476,,,,0.199,-0.81,1,0,0.297,,,
54811,20120528,-88.85,41.84,0.18,-0.65,1,0,0.21,-0.8,1,0,0.294,-0.29,0.095,0,0.309,-1,1,0,0.475,,,,0.195,-0.8,1,0,0.294,,,
54811,20120529,-88.85,41.84,0.177,-0.66,1,0,0.207,-0.79,1,0,0.288,-0.31,0.095,0,0.307,-1,1,0,0.475,,,,0.192,-0.79,1,0,0.291,,,
54811,20120530,-88.85,41.84,0.173,-0.68,1,0,0.203,-0.79,1,0,0.283,-0.31,0.095,0,0.306,-1.02,1,0,0.475,,,,0.188,-0.78,1,0,0.288,,,
54811,20120531,-88.85,41.84,0.17,-0.69,1,0,0.2,-0.79,1,0,0.278,-0.32,0.083,0,0.304,-1.04,1,0,0.475,,,,0.185,-0.78,1,0,0.285,,,
54811,20120601,-88.85,41.84,0.187,-0.56,0.881,0.083,0.214,-0.67,0.887,0.006,0.274,-0.32,0.042,0,0.302,-1.05,1,0,0.475,,,,0.2,-0.64,0.881,0.071,0.29,,,
54811,20120602,-88.85,41.84,0.204,-0.43,0.738,0.083,0.232,-0.53,0.744,0.006,0.271,-0.32,0.018,0,0.3,-1.08,1,0,0.475,,,,0.218,-0.5,0.738,0.071,0.296,,,
54811,20120603,-88.85,41.84,0.218,-0.32,0.595,0.083,0.248,-0.4,0.601,0.006,0.27,-0.32,0.012,0,0.298,-1.1,1,0,0.475,,,,0.233,-0.37,0.595,0.071,0.302,,,
54811,20120604,-88.85,41.84,0.229,-0.23,0.452,0.083,0.263,-0.28,0.458,0.006,0.27,-0.3,0.012,0,0.296,-1.13,1,0,0.475,,,,0.246,-0.27,0.452,0.071,0.307,,,
54811,20120605,-88.85,41.84,0.242,-0.13,0.31,0.083,0.276,-0.18,0.315,0.006,0.27,-0.29,0.012,0,0.295,-1.15,1,0,0.475,,,,0.259,-0.17,0.31,0.071,0.312,,,
54811,20120606,-88.85,41.84,0.253,-0.05,0.167,0.083,0.288,-0.08,0.173,0.006,0.272,-0.26,0.012,0,0.293,-1.17,1,0,0.475,,,,0.271,-0.08,0.167,0.071,0.316,,,
54811,20120607,-88.85,41.84,0.262,0.02,0.024,0.083,0.298,0,0.03,0.006,0.274,-0.23,0.012,0,0.292,-1.19,1,0,0.475,,,,0.28,0,0.024,0.071,0.32,,,
54811,20120608,-88.85,41.84,0.247,-0.07,0.054,0,0.288,-0.07,0.054,0,0.276,-0.21,0,0,0.291,-1.2,1,0,0.474,,,,0.268,-0.08,0.065,0,0.315,,,
54811,20120609,-88.85,41.84,0.231,-0.16,0.196,0,0.273,-0.17,0.196,0,0.278,-0.18,0,0,0.29,-1.21,1,0,0.474,,,,0.252,-0.19,0.208,0,0.309,,,
54811,20120610,-88.85,41.84,0.217,-0.25,0.339,0,0.257,-0.27,0.339,0,0.279,-0.17,0,0,0.289,-1.22,1,0,0.474,,,,0.237,-0.28,0.351,0,0.303,,,
54811,20120611,-88.85,41.84,0.204,-0.33,0.482,0,0.243,-0.37,0.482,0,0.278,-0.16,0,0,0.289,-1.22,1,0,0.473,,,,0.223,-0.37,0.494,0,0.297,,,
54811,20120612,-88.85,41.84,0.189,-0.42,0.625,0,0.229,-0.46,0.625,0,0.277,-0.17,0,0,0.287,-1.23,1,0,0.473,,,,0.209,-0.46,0.637,0,0.291,,,
54811,20120613,-88.85,41.84,0.176,-0.5,0.768,0,0.216,-0.54,0.768,0,0.274,-0.18,0,0,0.285,-1.24,1,0,0.472,,,,0.196,-0.55,0.78,0,0.285,,,
54811,20120614,-88.85,41.84,0.166,-0.57,0.911,0,0.206,-0.62,0.911,0,0.271,-0.2,0,0,0.284,-1.26,1,0,0.472,,,,0.186,-0.62,0.923,0,0.28,,,
54811,20120615,-88.85,41.84,0.158,-0.62,1,0,0.197,-0.67,1,0,0.269,-0.22,0,0,0.282,-1.27,1,0,0.472,,,,0.178,-0.67,1,0,0.276,,,
54811,20120616,-88.85,41.84,0.153,-0.66,1,0,0.191,-0.71,1,0,0.266,-0.24,0,0,0.28,-1.29,1,0,0.471,,,,0.172,-0.71,1,0,0.272,,,
54811,20120617,-88.85,41.84,0.149,-0.69,1,0,0.187,-0.74,1,0,0.263,-0.26,0,0,0.278,-1.31,1,0,0.471,,,,0.168,-0.74,1,0,0.269,,,
54811,20120618,-88.85,41.84,0.146,-0.71,1,0,0.184,-0.76,1,0,0.261,-0.27,0,0,0.276,-1.32,1,0,0.47,,,,0.165,-0.76,1,0,0.267,,,
54811,20120619,-88.85,41.84,0.145,-0.72,1,0,0.182,-0.76,1,0,0.259,-0.28,0,0,0.274,-1.32,1,0,0.469,,,,0.164,-0.77,1,0,0.266,,,
54811,20120620,-88.85,41.84,0.144,-0.73,1,0,0.182,-0.77,1,0,0.258,-0.29,0,0,0.271,-1.33,1,0,0.469,,,,0.163,-0.77,1,0,0.265,,,
54811,20120621,-88.85,41.84,0.144,-0.74,1,0,0.182,-0.76,1,0,0.258,-0.29,0,0,0.268,-1.33,1,0,0.467,,,,0.163,-0.77,1,0,0.264,,,
54811,20120622,-88.85,41.84,0.143,-0.75,1,0,0.182,-0.76,1,0,0.257,-0.29,0,0,0.266,-1.33,1,0,0.467,,,,0.162,-0.78,1,0,0.263,,,
54811,20120623,-88.85,41.84,0.142,-0.77,1,0,0.181,-0.76,1,0,0.257,-0.3,0,0,0.263,-1.33,1,0,0.466,,,,0.162,-0.78,1,0,0.262,,,
54811,20120624,-88.85,41.84,0.141,-0.78,1,0,0.181,-0.76,1,0,0.256,-0.3,0,0,0.261,-1.33,1,0,0.465,,,,0.161,-0.79,1,0,0.261,,,
54811,20120625,-88.85,41.84,0.14,-0.8,1,0,0.18,-0.77,1,0,0.254,-0.31,0,0,0.258,-1.32,1,0,0.465,,,,0.16,-0.8,1,0,0.259,,,
54811,20120626,-88.85,41.84,0.138,-0.82,1,0,0.178,-0.79,1,0,0.252,-0.32,0,0,0.256,-1.33,1,0,0.464,,,,0.158,-0.82,1,0,0.258,,,
54811,20120627,-88.85,41.84,0.136,-0.84,1,0,0.176,-0.81,1,0,0.25,-0.33,0,0,0.255,-1.33,1,0,0.462,,,,0.156,-0.84,1,0,0.256,,,
54811,20120628,-88.85,41.84,0.134,-0.86,1,0,0.174,-0.83,1,0,0.248,-0.35,0,0,0.253,-1.33,1,0,0.461,,,,0.154,-0.87,1,0,0.254,,,
54811,20120629,-88.85,41.84,0.133,-0.87,1,0,0.173,-0.85,1,0,0.246,-0.36,0,0,0.252,-1.35,1,0,0.459,,,,0.153,-0.89,1,0,0.253,,,
54811,20120630,-88.85,41.84,0.135,-0.86,1,0,0.173,-0.87,1,0,0.245,-0.37,0.024,0,0.251,-1.36,1,0,0.458,,,,0.154,-0.9,1,0,0.252,,,
54811,20120701,-88.85,41.84,0.138,-0.86,1,0,0.173,-0.88,1,0,0.244,-0.39,0.107,0,0.249,-1.37,1,0,0.456,,,,0.155,-0.9,1,0,0.252,,,
54811,20120702,-88.85,41.84,0.149,-0.8,0.881,0,0.178,-0.86,1,0,0.246,-0.39,0.131,0,0.248,-1.38,1,0,0.454,,,,0.164,-0.86,0.982,0,0.255,,,
54811,20120703,-88.85,41.84,0.159,-0.75,0.857,0,0.183,-0.83,1,0,0.248,-0.38,0.131,0,0.248,-1.39,1,0,0.453,,,,0.171,-0.82,0.982,0,0.258,,,
54811,20120704,-88.85,41.84,0.165,-0.72,0.857,0,0.187,-0.82,1,0,0.25,-0.38,0.131,0,0.247,-1.39,1,0,0.452,,,,0.176,-0.8,0.982,0,0.26,,,
54811,20120705,-88.85,41.84,0.168,-0.71,0.857,0,0.19,-0.8,1,0,0.253,-0.38,0.143,0,0.247,-1.38,1,0,0.45,,,,0.179,-0.79,0.982,0,0.261,,,
54811,20120706,-88.85,41.84,0.17,-0.72,0.857,0,0.191,-0.8,1,0,0.254,-0.38,0.28,0,0.246,-1.38,1,0,0.448,,,,0.181,-0.79,0.982,0,0.262,,,
54811,20120707,-88.85,41.84,0.168,-0.75,0.857,0,0.192,-0.81,1,0,0.256,-0.38,0.399,0,0.246,-1.37,1,0,0.446,,,,0.18,-0.81,0.982,0,0.262,,,
54811,20120708,-88.85,41.84,0.165,-0.79,0.857,0,0.191,-0.82,1,0,0.257,-0.39,0.458,0,0.245,-1.37,1,0,0.444,,,,0.178,-0.85,0.982,0,0.26,,,
54811,20120709,-88.85,41.84,0.153,-0.89,0.976,0,0.185,-0.87,1,0,0.255,-0.42,0.577,0,0.244,-1.37,1,0,0.442,,,,0.169,-0.93,1,0,0.256,,,
54811,20120710,-88.85,41.84,0.142,-0.99,1,0,0.179,-0.93,1,0,0.252,-0.46,0.72,0,0.243,-1.38,1,0,0.44,,,,0.16,-1.02,1,0,0.251,,,
54811,20120711,-88.85,41.84,0.135,-1.06,1,0,0.174,-0.98,1,0,0.249,-0.49,0.863,0,0.241,-1.39,1,0,0.437,,,,0.154,-1.09,1,0,0.247,,,
54811,20120712,-88.85,41.84,0.13,-1.12,1,0,0.17,-1.02,1,0,0.246,-0.53,0.994,0,0.24,-1.41,1,0,0.436,,,,0.15,-1.15,1,0,0.244,,,
54811,20120713,-88.85,41.84,0.127,-1.17,1,0,0.167,-1.06,1,0,0.243,-0.57,1,0,0.239,-1.42,1,0,0.433,,,,0.147,-1.2,1,0,0.242,,,
54811,20120714,-88.85,41.84,0.126,-1.2,1,0,0.166,-1.08,1,0,0.242,-0.59,0.976,0,0.238,-1.43,1,0,0.432,,,,0.146,-1.24,1,0,0.241,,,
54811,20120715,-88.85,41.84,0.132,-1.16,1,0,0.17,-1.06,1,0,0.249,-0.51,0.833,0,0.238,-1.43,1,0,0.43,,,,0.151,-1.2,1,0,0.244,,,
54811,20120716,-88.85,41.84,0.138,-1.12,1,0,0.175,-1.04,1,0,0.255,-0.44,0.69,0,0.238,-1.42,1,0,0.428,,,,0.156,-1.17,1,0,0.247,,,
54811,20120717,-88.85,41.84,0.142,-1.1,1,0,0.178,-1.02,1,0,0.262,-0.38,0.548,0,0.238,-1.42,1,0,0.427,,,,0.16,-1.15,1,0,0.249,,,
54811,20120718,-88.85,41.84,0.145,-1.08,1,0,0.181,-1.01,1,0,0.267,-0.32,0.405,0,0.238,-1.41,1,0,0.426,,,,0.163,-1.13,1,0,0.251,,,
54811,20120719,-88.85,41.84,0.151,-1.03,0.994,0,0.186,-0.98,1,0,0.272,-0.25,0.262,0,0.242,-1.34,1,0,0.424,,,,0.169,-1.08,1,0,0.255,,,
54811,20120720,-88.85,41.84,0.162,-0.94,0.994,0,0.196,-0.91,1,0,0.279,-0.18,0.119,0,0.252,-1.19,1,0,0.423,,,,0.179,-0.99,1,0,0.262,,,
54811,20120721,-88.85,41.84,0.17,-0.87,0.994,0,0.203,-0.85,1,0,0.283,-0.12,0,0,0.261,-1.06,1,0,0.422,,,,0.187,-0.92,1,0,0.268,,,
54811,20120722,-88.85,41.84,0.169,-0.88,0.994,0,0.204,-0.84,1,0,0.279,-0.16,0,0,0.268,-0.95,1,0,0.422,,,,0.187,-0.92,1,0,0.268,,,
54811,20120723,-88.85,41.84,0.169,-0.87,0.994,0,0.205,-0.83,1,0,0.276,-0.19,0,0,0.275,-0.83,1,0,0.421,,,,0.187,-0.91,1,0,0.269,,,
54811,20120724,-88.85,41.84,0.169,-0.86,0.994,0,0.207,-0.82,1,0,0.274,-0.21,0,0,0.281,-0.73,1,0,0.421,,,,0.188,-0.9,1,0,0.27,,,
54811,20120725,-88.85,41.84,0.171,-0.82,0.994,0,0.208,-0.81,1,0,0.273,-0.22,0.012,0,0.288,-0.62,1,0,0.42,,,,0.19,-0.87,1,0,0.272,,,
54811,20120726,-88.85,41.84,0.173,-0.78,1,0,0.208,-0.81,1,0,0.273,-0.21,0.012,0,0.289,-0.59,1,0,0.421,,,,0.191,-0.85,1,0,0.273,,,
54811,20120727,-88.85,41.84,0.169,-0.79,1,0,0.203,-0.85,1,0,0.271,-0.23,0.012,0,0.284,-0.64,1,0,0.421,,,,0.186,-0.87,1,0,0.27,,,
54811,20120728,-88.85,41.84,0.166,-0.8,1,0,0.199,-0.89,1,0,0.271,-0.23,0.012,0,0.281,-0.67,1,0,0.422,,,,0.182,-0.89,1,0,0.268,,,
54811,20120729,-88.85,41.84,0.163,-0.8,1,0,0.195,-0.91,1,0,0.269,-0.24,0.012,0,0.278,-0.71,1,0,0.421,,,,0.179,-0.91,1,0,0.265,,,
54811,20120730,-88.85,41.84,0.16,-0.8,1,0,0.192,-0.94,1,0,0.268,-0.24,0.024,0,0.275,-0.74,1,0,0.421,,,,0.176,-0.92,1,0,0.263,,,
54811,20120731,-88.85,41.84,0.157,-0.81,1,0,0.189,-0.95,1,0,0.267,-0.24,0.048,0,0.273,-0.77,1,0,0.421,,,,0.173,-0.92,1,0,0.261,,,
54811,20120801,-88.85,41.84,0.155,-0.82,1,0,0.188,-0.94,1,0,0.268,-0.23,0.036,0,0.27,-0.81,1,0,0.421,,,,0.171,-0.93,1,0,0.26,,,
54811,20120802,-88.85,41.84,0.148,-0.86,1,0,0.187,-0.94,1,0,0.267,-0.23,0.036,0,0.268,-0.84,1,0,0.42,,,,0.167,-0.95,1,0,0.258,,,
54811,20120803,-88.85,41.84,0.143,-0.9,1,0,0.185,-0.95,1,0,0.266,-0.24,0.036,0,0.266,-0.87,1,0,0.42,,,,0.164,-0.98,1,0,0.256,,,
54811,20120804,-88.85,41.84,0.139,-0.93,1,0,0.183,-0.96,1,0,0.264,-0.24,0.089,0,0.264,-0.9,1,0,0.419,,,,0.161,-0.99,1,0,0.254,,,
54811,20120805,-88.85,41.84,0.144,-0.89,0.94,0,0.19,-0.89,0.905,0,0.268,-0.19,0.131,0.006,0.268,-0.86,0.905,0,0.424,,,,0.167,-0.93,0.905,0,0.259,,,
54811,20120806,-88.85,41.84,0.15,-0.83,0.94,0,0.2,-0.79,0.762,0,0.274,-0.13,0.119,0.012,0.274,-0.79,0.798,0,0.428,,,,0.175,-0.85,0.875,0,0.265,,,
54811,20120807,-88.85,41.84,0.155,-0.78,0.94,0,0.208,-0.71,0.732,0,0.279,-0.08,0.095,0.012,0.278,-0.73,0.78,0,0.432,,,,0.182,-0.79,0.875,0,0.271,,,
54811,20120808,-88.85,41.84,0.159,-0.75,0.94,0,0.214,-0.66,0.732,0,0.281,-0.06,0.095,0.012,0.282,-0.68,0.78,0,0.436,,,,0.186,-0.75,0.875,0,0.274,,,
54811,20120809,-88.85,41.84,0.163,-0.71,0.94,0,0.22,-0.61,0.732,0,0.283,-0.04,0.095,0.012,0.286,-0.62,0.78,0,0.44,,,,0.192,-0.7,0.875,0,0.278,,,
54811,20120810,-88.85,41.84,0.169,-0.67,0.94,0,0.226,-0.55,0.732,0,0.285,-0.01,0.095,0.012,0.29,-0.57,0.78,0,0.443,,,,0.197,-0.65,0.875,0,0.283,,,
54811,20120811,-88.85,41.84,0.173,-0.63,0.94,0,0.231,-0.5,0.732,0,0.288,0.02,0.042,0.012,0.294,-0.51,0.78,0,0.445,,,,0.202,-0.61,0.875,0,0.286,,,
54811,20120812,-88.85,41.84,0.17,-0.67,1,0,0.227,-0.54,0.827,0,0.285,-0.01,0,0.006,0.292,-0.54,0.875,0,0.442,,,,0.198,-0.65,0.97,0,0.283,,,
54811,20120813,-88.85,41.84,0.164,-0.71,1,0,0.22,-0.6,0.97,0,0.279,-0.06,0,0,0.288,-0.59,0.982,0,0.44,,,,0.192,-0.71,1,0,0.278,,,
54811,20120814,-88.85,41.84,0.169,-0.67,0.905,0,0.219,-0.61,1,0,0.277,-0.08,0,0,0.285,-0.63,1,0,0.438,,,,0.194,-0.69,0.94,0,0.278,,,
54811,20120815,-88.85,41.84,0.176,-0.62,0.827,0,0.219,-0.6,1,0,0.276,-0.08,0,0,0.283,-0.65,1,0,0.436,,,,0.197,-0.66,0.94,0,0.278,,,
54811,20120816,-88.85,41.84,0.179,-0.59,0.821,0,0.219,-0.59,1,0,0.276,-0.08,0,0,0.28,-0.68,1,0,0.434,,,,0.199,-0.64,0.94,0,0.278,,,
54811,20120817,-88.85,41.84,0.183,-0.55,0.762,0,0.22,-0.59,1,0,0.275,-0.08,0,0,0.278,-0.7,1,0,0.432,,,,0.201,-0.62,0.94,0,0.278,,,
54811,20120818,-88.85,41.84,0.187,-0.52,0.762,0,0.22,-0.58,1,0,0.275,-0.09,0,0,0.276,-0.71,1,0,0.431,,,,0.203,-0.6,0.94,0,0.278,,,
54811,20120819,-88.85,41.84,0.19,-0.49,0.762,0,0.221,-0.58,1,0,0.274,-0.1,0,0,0.275,-0.72,1,0,0.43,,,,0.205,-0.58,0.94,0,0.278,,,
54811,20120820,-88.85,41.84,0.192,-0.47,0.762,0,0.221,-0.57,1,0,0.274,-0.1,0,0,0.273,-0.74,1,0,0.429,,,,0.206,-0.57,0.94,0,0.278,,,
54811,20120821,-88.85,41.84,0.184,-0.53,0.857,0,0.216,-0.62,1,0,0.271,-0.13,0,0,0.271,-0.76,1,0,0.428,,,,0.2,-0.62,1,0,0.274,,,
54811,20120822,-88.85,41.84,0.175,-0.61,0.935,0,0.211,-0.67,1,0,0.268,-0.16,0,0,0.268,-0.79,1,0,0.426,,,,0.193,-0.68,1,0,0.27,,,
54811,20120823,-88.85,41.84,0.167,-0.66,0.94,0,0.205,-0.72,1,0,0.264,-0.2,0.024,0,0.266,-0.82,1,0,0.425,,,,0.186,-0.74,1,0,0.266,,,
54811,20120824,-88.85,41.84,0.158,-0.74,1,0,0.2,-0.77,1,0,0.261,-0.23,0.119,0,0.264,-0.86,1,0,0.424,,,,0.179,-0.8,1,0,0.261,,,
54811,20120825,-88.85,41.84,0.15,-0.8,1,0,0.194,-0.82,1,0,0.257,-0.27,0.262,0,0.261,-0.9,1,0,0.421,,,,0.172,-0.85,1,0,0.257,,,
54811,20120826,-88.85,41.84,0.144,-0.85,1,0,0.189,-0.86,1,0,0.253,-0.3,0.405,0,0.259,-0.94,1,0,0.419,,,,0.166,-0.9,1,0,0.253,,,
54811,20120827,-88.85,41.84,0.148,-0.8,0.923,0,0.187,-0.87,1,0,0.254,-0.31,0.47,0,0.257,-0.97,1,0,0.417,,,,0.167,-0.88,0.97,0,0.252,,,
54811,20120828,-88.85,41.84,0.157,-0.73,0.804,0,0.188,-0.85,1,0,0.257,-0.29,0.47,0,0.255,-0.99,1,0,0.416,,,,0.173,-0.82,0.97,0,0.255,,,
54811,20120829,-88.85,41.84,0.164,-0.67,0.792,0,0.189,-0.83,1,0,0.259,-0.28,0.47,0,0.254,-1,1,0,0.415,,,,0.177,-0.77,0.97,0,0.256,,,
54811,20120830,-88.85,41.84,0.169,-0.62,0.792,0,0.191,-0.8,1,0,0.262,-0.26,0.446,0,0.253,-1.01,1,0,0.414,,,,0.18,-0.73,0.97,0,0.258,,,
54811,20120831,-88.85,41.84,0.173,-0.58,0.792,0,0.193,-0.76,1,0,0.264,-0.25,0.351,0,0.252,-1,1,0,0.413,,,,0.183,-0.69,0.97,0,0.259,,,
54811,20120901,-88.85,41.84,0.176,-0.55,0.792,0,0.195,-0.73,1,0,0.266,-0.23,0.208,0,0.252,-0.99,1,0,0.41,,,,0.186,-0.65,0.97,0,0.26,,,
54811,20120902,-88.85,41.84,0.179,-0.52,0.792,0,0.197,-0.69,1,0,0.268,-0.22,0.065,0,0.252,-0.97,1,0,0.404,,,,0.188,-0.61,0.97,0,0.26,,,
54811,20120903,-88.85,41.84,0.172,-0.58,0.869,0,0.196,-0.68,1,0,0.265,-0.23,0.006,0,0.252,-0.95,1,0,0.398,,,,0.184,-0.63,1,0,0.257,,,
54811,20120904,-88.85,41.84,0.162,-0.66,0.988,0,0.193,-0.69,1,0,0.261,-0.26,0.006,0,0.251,-0.93,1,0,0.392,,,,0.177,-0.67,1,0,0.252,,,
54811,20120905,-88.85,41.84,0.154,-0.73,1,0,0.191,-0.7,1,0,0.257,-0.28,0.006,0,0.251,-0.91,1,0,0.385,,,,0.172,-0.71,1,0,0.248,,,
54811,20120906,-88.85,41.84,0.149,-0.77,1,0,0.189,-0.7,1,0,0.253,-0.3,0.006,0,0.251,-0.9,1,0,0.379,,,,0.169,-0.73,1,0,0.244,,,
54811,20120907,-88.85,41.84,0.145,-0.81,1,0,0.187,-0.7,1,0,0.25,-0.31,0.006,0,0.251,-0.88,1,0,0.373,,,,0.166,-0.75,1,0,0.241,,,
54811,20120908,-88.85,41.84,0.145,-0.81,1,0,0.186,-0.71,1,0,0.248,-0.31,0.006,0,0.251,-0.87,1,0,0.369,,,,0.165,-0.76,1,0,0.24,,,
54811,20120909,-88.85,41.84,0.145,-0.81,1,0,0.185,-0.71,1,0,0.246,-0.32,0.006,0,0.25,-0.86,1,0,0.369,,,,0.165,-0.77,1,0,0.239,,,
54811,20120910,-88.85,41.84,0.145,-0.82,1,0,0.184,-0.71,1,0,0.245,-0.32,0,0,0.249,-0.85,1,0,0.369,,,,0.164,-0.78,1,0,0.238,,,
54811,20120911,-88.85,41.84,0.145,-0.82,1,0,0.183,-0.72,1,0,0.243,-0.33,0,0,0.248,-0.85,1,0,0.369,,,,0.164,-0.79,1,0,0.238,,,
54811,20120912,-88.85,41.84,0.145,-0.81,1,0,0.183,-0.72,1,0,0.242,-0.33,0,0,0.247,-0.85,1,0,0.369,,,,0.164,-0.8,1,0,0.237,,,
54811,20120913,-88.85,41.84,0.144,-0.8,1,0,0.182,-0.73,1,0,0.241,-0.34,0,0,0.246,-0.85,1,0,0.368,,,,0.163,-0.81,1,0,0.236,,,
54811,20120914,-88.85,41.84,0.143,-0.8,1,0,0.181,-0.75,1,0,0.239,-0.35,0.006,0,0.246,-0.85,1,0,0.367,,,,0.162,-0.82,1,0,0.235,,,
54811,20120915,-88.85,41.84,0.141,-0.8,1,0,0.18,-0.76,1,0,0.238,-0.36,0.018,0,0.244,-0.85,1,0,0.366,,,,0.16,-0.83,1,0,0.234,,,
54811,20120916,-88.85,41.84,0.139,-0.81,1,0,0.18,-0.76,1,0,0.237,-0.36,0.024,0,0.243,-0.86,1,0,0.364,,,,0.159,-0.83,1,0,0.233,,,
54811,20120917,-88.85,41.84,0.137,-0.8,1,0,0.179,-0.76,1,0,0.235,-0.37,0.06,0,0.243,-0.86,1,0,0.363,,,,0.158,-0.83,1,0,0.232,,,
54811,20120918,-88.85,41.84,0.136,-0.8,1,0,0.179,-0.76,1,0,0.235,-0.36,0.06,0,0.242,-0.86,1,0,0.362,,,,0.157,-0.82,1,0,0.231,,,
54811,20120919,-88.85,41.84,0.135,-0.81,1,0,0.178,-0.76,1,0,0.235,-0.36,0.06,0,0.241,-0.86,1,0,0.361,,,,0.156,-0.83,1,0,0.23,,,
54811,20120920,-88.85,41.84,0.134,-0.81,1,0,0.177,-0.75,1,0,0.235,-0.36,0.065,0,0.24,-0.87,1,0,0.36,,,,0.155,-0.82,1,0,0.229,,,
54811,20120921,-88.85,41.84,0.134,-0.8,1,0,0.176,-0.74,1,0,0.235,-0.36,0.071,0,0.24,-0.89,1,0,0.359,,,,0.155,-0.81,1,0,0.229,,,
54811,20120922,-88.85,41.84,0.134,-0.81,1,0,0.175,-0.73,1,0,0.235,-0.36,0.125,0,0.239,-0.91,1,0,0.359,,,,0.154,-0.81,1,0,0.228,,,
54811,20120923,-88.85,41.84,0.133,-0.82,1,0,0.174,-0.72,1,0,0.234,-0.36,0.256,0,0.238,-0.94,1,0,0.358,,,,0.153,-0.82,1,0,0.228,,,
54811,20120924,-88.85,41.84,0.131,-0.83,1,0,0.173,-0.71,1,0,0.234,-0.37,0.363,0,0.238,-0.98,1,0,0.358,,,,0.152,-0.82,1,0,0.227,,,
54811,20120925,-88.85,41.84,0.131,-0.84,1,0,0.172,-0.7,1,0,0.233,-0.38,0.506,0,0.237,-1.01,1,0,0.357,,,,0.151,-0.82,1,0,0.226,,,
54811,20120926,-88.85,41.84,0.131,-0.84,1,0,0.172,-0.69,1,0,0.232,-0.39,0.589,0,0.236,-1.04,1,0,0.356,,,,0.151,-0.82,1,0,0.225,,,
54811,20120927,-88.85,41.84,0.131,-0.84,1,0,0.171,-0.68,1,0,0.231,-0.39,0.613,0,0.236,-1.06,1,0,0.355,,,,0.151,-0.82,1,0,0.225,,,
54811,20120928,-88.85,41.84,0.13,-0.84,1,0,0.171,-0.68,1,0,0.23,-0.4,0.69,0,0.235,-1.07,1,0,0.354,,,,0.15,-0.82,1,0,0.224,,,
54811,20120929,-88.85,41.84,0.129,-0.84,1,0,0.17,-0.69,1,0,0.23,-0.4,0.768,0,0.235,-1.07,1,0,0.353,,,,0.15,-0.83,1,0,0.223,,,
54811,20120930,-88.85,41.84,0.128,-0.84,1,0,0.17,-0.69,1,0,0.229,-0.41,0.774,0,0.234,-1.07,1,0,0.351,,,,0.149,-0.83,1,0,0.222,,,
54811,20121001,-88.85,41.84,0.127,-0.83,1,0,0.169,-0.7,1,0,0.228,-0.41,0.774,0,0.234,-1.07,1,0,0.35,,,,0.148,-0.83,1,0,0.222,,,
54811,20121002,-88.85,41.84,0.126,-0.83,1,0,0.169,-0.71,1,0,0.228,-0.42,0.774,0,0.234,-1.06,1,0,0.349,,,,0.147,-0.83,1,0,0.221,,,
54811,20121003,-88.85,41.84,0.124,-0.83,1,0,0.167,-0.72,1,0,0.227,-0.43,0.833,0,0.233,-1.06,1,0,0.347,,,,0.146,-0.84,1,0,0.22,,,
54811,20121004,-88.85,41.84,0.123,-0.83,1,0,0.166,-0.73,1,0,0.226,-0.44,0.946,0,0.233,-1.06,1,0,0.346,,,,0.145,-0.84,1,0,0.219,,,
54811,20121005,-88.85,41.84,0.122,-0.83,1,0,0.165,-0.75,1,0,0.226,-0.44,0.917,0,0.232,-1.06,1,0,0.345,,,,0.144,-0.84,1,0,0.218,,,
54811,20121006,-88.85,41.84,0.12,-0.84,1,0,0.164,-0.77,1,0,0.226,-0.44,0.893,0,0.232,-1.06,1,0,0.344,,,,0.142,-0.84,1,0,0.217,,,
54811,20121007,-88.85,41.84,0.119,-0.85,1,0,0.163,-0.79,1,0,0.225,-0.45,0.893,0,0.231,-1.07,1,0,0.344,,,,0.141,-0.85,1,0,0.216,,,
54811,20121008,-88.85,41.84,0.117,-0.87,1,0,0.161,-0.82,1,0,0.224,-0.47,0.893,0,0.23,-1.08,1,0,0.343,,,,0.139,-0.86,1,0,0.215,,,
54811,20121009,-88.85,41.84,0.116,-0.88,1,0,0.16,-0.84,1,0,0.222,-0.49,0.893,0,0.229,-1.08,1,0,0.343,,,,0.138,-0.86,1,0,0.214,,,
54811,20121010,-88.85,41.84,0.115,-0.89,1,0,0.16,-0.87,1,0,0.224,-0.49,0.827,0,0.228,-1.09,1,0,0.342,,,,0.137,-0.88,1,0,0.214,,,
54811,20121011,-88.85,41.84,0.114,-0.91,1,0,0.158,-0.91,1,0,0.226,-0.48,0.72,0,0.228,-1.08,1,0,0.342,,,,0.136,-0.9,1,0,0.213,,,
54811,20121012,-88.85,41.84,0.113,-0.92,1,0,0.158,-0.94,1,0,0.227,-0.49,0.804,0,0.227,-1.09,1,0,0.341,,,,0.135,-0.92,1,0,0.213,,,
54811,20121013,-88.85,41.84,0.113,-0.92,1,0,0.158,-0.97,1,0,0.227,-0.51,0.827,0,0.226,-1.08,1,0,0.34,,,,0.135,-0.94,1,0,0.213,,,
54811,20121014,-88.85,41.84,0.115,-0.92,1,0,0.159,-0.99,1,0,0.23,-0.51,0.81,0,0.226,-1.08,1,0,0.339,,,,0.137,-0.95,1,0,0.214,,,
54811,20121015,-88.85,41.84,0.127,-0.84,0.935,0,0.172,-0.94,1,0,0.238,-0.47,0.667,0,0.226,-1.07,1,0,0.338,,,,0.149,-0.88,0.976,0,0.22,,,
54811,20121016,-88.85,41.84,0.138,-0.78,0.911,0,0.185,-0.88,1,0,0.244,-0.44,0.524,0,0.226,-1.05,1,0,0.337,,,,0.162,-0.82,0.97,0,0.226,,,
54811,20121017,-88.85,41.84,0.15,-0.71,0.911,0,0.197,-0.83,1,0,0.247,-0.43,0.518,0,0.226,-1.05,1,0,0.339,,,,0.173,-0.76,0.97,0,0.232,,,
54811,20121018,-88.85,41.84,0.167,-0.61,0.827,0,0.216,-0.73,0.929,0,0.255,-0.4,0.554,0.012,0.228,-1.01,0.97,0,0.338,,,,0.191,-0.66,0.893,0,0.241,,,
54811,20121019,-88.85,41.84,0.19,-0.47,0.685,0,0.24,-0.58,0.786,0,0.266,-0.33,0.411,0.012,0.236,-0.93,0.833,0,0.338,,,,0.215,-0.52,0.75,0,0.254,,,
54811,20121020,-88.85,41.84,0.214,-0.33,0.542,0,0.267,-0.42,0.643,0,0.279,-0.25,0.268,0.012,0.244,-0.84,0.69,0,0.338,,,,0.24,-0.36,0.607,0,0.268,,,
54811,20121021,-88.85,41.84,0.235,-0.21,0.399,0,0.291,-0.27,0.5,0,0.29,-0.18,0.143,0.012,0.253,-0.76,0.548,0,0.339,,,,0.263,-0.22,0.464,0,0.281,,,
54811,20121022,-88.85,41.84,0.245,-0.17,0.321,0,0.302,-0.21,0.357,0,0.294,-0.16,0.143,0.012,0.26,-0.68,0.405,0,0.339,,,,0.274,-0.18,0.345,0,0.288,,,
54811,20121023,-88.85,41.84,0.261,-0.09,0.202,0,0.317,-0.11,0.214,0.006,0.305,-0.09,0.143,0.024,0.27,-0.59,0.262,0,0.338,,,,0.289,-0.09,0.208,0,0.298,,,
54811,20121024,-88.85,41.84,0.278,-0.01,0.06,0,0.333,-0.01,0.071,0.006,0.316,-0.01,0.071,0.024,0.28,-0.49,0.119,0,0.338,,,,0.305,-0.01,0.065,0,0.309,,,
54811,20121025,-88.85,41.84,0.287,0.01,0,0,0.341,0.03,0,0.006,0.322,0.02,0,0.012,0.286,-0.44,0.006,0,0.338,,,,0.314,0.02,0,0,0.315,,,
54811,20121026,-88.85,41.84,0.291,0,0,0,0.342,0.02,0,0.006,0.323,0.02,0,0.012,0.287,-0.43,0,0,0.338,,,,0.316,0,0,0,0.316,,,
54811,20121027,-88.85,41.84,0.293,-0.03,0,0,0.34,-0.01,0,0.006,0.322,-0.01,0,0.012,0.288,-0.43,0,0,0.338,,,,0.316,-0.04,0,0,0.316,,,
54811,20121028,-88.85,41.84,0.294,-0.06,0,0,0.339,-0.05,0,0.006,0.322,-0.02,0,0.012,0.288,-0.44,0,0,0.338,,,,0.316,-0.08,0,0,0.316,,,
54811,20121029,-88.85,41.84,0.295,-0.09,0.006,0,0.338,-0.08,0.119,0.006,0.323,-0.04,0,0.012,0.287,-0.45,0.018,0,0.339,,,,0.316,-0.12,0.042,0,0.316,,,
54811,20121030,-88.85,41.84,0.289,-0.17,0.107,0,0.332,-0.17,0.262,0,0.318,-0.11,0,0,0.285,-0.48,0.054,0,0.339,,,,0.31,-0.21,0.185,0,0.312,,,
54811,20121031,-88.85,41.84,0.281,-0.25,0.25,0,0.325,-0.28,0.405,0,0.314,-0.17,0.018,0,0.282,-0.51,0.131,0,0.338,,,,0.303,-0.31,0.327,0,0.308,,,
54811,20121101,-88.85,41.84,0.275,-0.32,0.393,0,0.318,-0.38,0.548,0,0.31,-0.23,0.054,0,0.28,-0.53,0.214,0,0.339,,,,0.296,-0.41,0.47,0,0.304,,,
54811,20121102,-88.85,41.84,0.267,-0.4,0.536,0,0.312,-0.49,0.69,0,0.306,-0.3,0.161,0,0.277,-0.56,0.315,0,0.339,,,,0.289,-0.5,0.613,0,0.3,,,
54811,20121103,-88.85,41.84,0.259,-0.48,0.679,0,0.306,-0.6,0.833,0,0.303,-0.36,0.298,0,0.275,-0.58,0.435,0,0.337,,,,0.282,-0.6,0.756,0,0.296,,,
54811,20121104,-88.85,41.84,0.252,-0.56,0.821,0,0.301,-0.7,0.976,0,0.301,-0.42,0.429,0,0.273,-0.6,0.571,0,0.337,,,,0.276,-0.69,0.899,0,0.293,,,
54811,20121105,-88.85,41.84,0.246,-0.63,0.958,0,0.296,-0.79,1,0,0.299,-0.48,0.571,0,0.271,-0.61,0.679,0,0.336,,,,0.271,-0.77,1,0,0.29,,,
54811,20121106,-88.85,41.84,0.24,-0.71,1,0,0.292,-0.87,1,0,0.297,-0.53,0.714,0,0.27,-0.62,0.774,0,0.336,,,,0.266,-0.84,1,0,0.287,,,
54811,20121107,-88.85,41.84,0.235,-0.78,1,0,0.288,-0.94,1,0,0.295,-0.59,0.839,0,0.268,-0.63,0.821,0,0.335,,,,0.262,-0.9,1,0,0.284,,,
54811,20121108,-88.85,41.84,0.232,-0.84,1,0,0.286,-0.99,1,0,0.293,-0.63,0.946,0,0.268,-0.64,0.851,0,0.334,,,,0.259,-0.95,1,0,0.283,,,
54811,20121109,-88.85,41.84,0.229,-0.91,1,0,0.284,-1.03,1,0,0.292,-0.67,0.982,0,0.267,-0.64,0.875,0,0.333,,,,0.256,-1,1,0,0.281,,,
54811,20121110,-88.85,41.84,0.227,-0.97,1,0,0.283,-1.05,1,0,0.292,-0.7,0.988,0,0.266,-0.65,0.887,0,0.333,,,,0.255,-1.04,1,0,0.28,,,
54811,20121111,-88.85,41.84,0.226,-1.03,1,0,0.282,-1.06,1,0,0.291,-0.72,1,0,0.266,-0.65,0.869,0,0.331,,,,0.254,-1.08,1,0,0.279,,,
54811,20121112,-88.85,41.84,0.232,-1.01,0.94,0,0.284,-1.03,0.964,0,0.292,-0.72,0.964,0,0.266,-0.65,0.851,0,0.331,,,,0.258,-1.06,0.946,0,0.281,,,
54811,20121113,-88.85,41.84,0.244,-0.93,0.857,0,0.292,-0.93,0.875,0,0.295,-0.69,0.857,0,0.266,-0.65,0.827,0,0.331,,,,0.268,-0.96,0.827,0,0.285,,,
54811,20121114,-88.85,41.84,0.255,-0.84,0.857,0,0.299,-0.84,0.869,0,0.298,-0.66,0.804,0,0.266,-0.66,0.833,0,0.33,,,,0.277,-0.87,0.815,0,0.289,,,
54811,20121115,-88.85,41.84,0.265,-0.77,0.857,0,0.305,-0.76,0.869,0,0.3,-0.63,0.78,0,0.265,-0.66,0.857,0,0.33,,,,0.285,-0.8,0.815,0,0.293,,,
54811,20121116,-88.85,41.84,0.275,-0.7,0.857,0,0.311,-0.68,0.869,0,0.302,-0.61,0.738,0,0.264,-0.67,0.875,0,0.33,,,,0.293,-0.72,0.815,0,0.296,,,
54811,20121117,-88.85,41.84,0.283,-0.64,0.857,0,0.316,-0.63,0.869,0,0.304,-0.59,0.708,0,0.263,-0.67,0.887,0,0.33,,,,0.3,-0.65,0.815,0,0.299,,,
54811,20121118,-88.85,41.84,0.292,-0.58,0.857,0,0.321,-0.58,0.869,0,0.306,-0.57,0.679,0,0.262,-0.68,0.905,0,0.331,,,,0.306,-0.58,0.815,0,0.302,,,
54811,20121119,-88.85,41.84,0.293,-0.59,0.917,0,0.322,-0.58,0.905,0,0.306,-0.57,0.69,0,0.261,-0.69,0.935,0,0.33,,,,0.308,-0.57,0.869,0,0.302,,,
54811,20121120,-88.85,41.84,0.289,-0.66,1,0,0.319,-0.64,0.994,0,0.304,-0.59,0.786,0,0.26,-0.7,0.952,0,0.33,,,,0.304,-0.63,0.988,0,0.3,,,
54811,20121121,-88.85,41.84,0.285,-0.72,1,0,0.316,-0.69,1,0,0.304,-0.61,0.821,0,0.26,-0.7,0.946,0,0.329,,,,0.3,-0.69,1,0,0.299,,,
54811,20121122,-88.85,41.84,0.281,-0.78,1,0,0.313,-0.74,1,0,0.302,-0.63,0.833,0,0.26,-0.7,0.923,0,0.329,,,,0.297,-0.75,1,0,0.297,,,
54811,20121123,-88.85,41.84,0.278,-0.81,1,0,0.311,-0.79,1,0,0.301,-0.65,0.857,0,0.26,-0.7,0.887,0,0.33,,,,0.295,-0.79,1,0,0.296,,,
54811,20121124,-88.85,41.84,0.277,-0.83,1,0,0.309,-0.83,1,0,0.301,-0.67,0.857,0,0.26,-0.69,0.792,0,0.329,,,,0.293,-0.83,1,0,0.295,,,
54811,20121125,-88.85,41.84,0.275,-0.84,1,0,0.307,-0.86,1,0,0.3,-0.69,0.887,0,0.26,-0.7,0.78,0,0.328,,,,0.291,-0.87,1,0,0.294,,,
54811,20121126,-88.85,41.84,0.275,-0.85,1,0,0.305,-0.89,1,0,0.298,-0.71,0.911,0,0.259,-0.7,0.75,0,0.329,,,,0.29,-0.92,1,0,0.293,,,
54811,20121127,-88.85,41.84,0.274,-0.87,1,0,0.303,-0.92,1,0,0.297,-0.74,0.923,0,0.259,-0.71,0.738,0,0.328,,,,0.288,-0.96,1,0,0.292,,,
54811,20121128,-88.85,41.84,0.273,-0.9,1,0,0.301,-0.95,1,0,0.295,-0.76,0.94,0,0.258,-0.71,0.75,0,0.328,,,,0.287,-1,1,0,0.291,,,
54811,20121129,-88.85,41.84,0.272,-0.92,1,0,0.299,-0.97,1,0,0.294,-0.78,0.952,0,0.257,-0.72,0.78,0,0.328,,,,0.285,-1.04,1,0,0.29,,,
54811,20121130,-88.85,41.84,0.271,-0.96,1,0,0.297,-1,1,0,0.292,-0.8,0.97,0,0.256,-0.74,0.815,0,0.326,,,,0.284,-1.08,1,0,0.289,,,
54811,20121201,-88.85,41.84,0.269,-1,1,0,0.296,-1.02,1,0,0.291,-0.82,1,0,0.255,-0.75,0.911,0,0.326,,,,0.283,-1.13,1,0,0.287,,,
54811,20121202,-88.85,41.84,0.267,-1.05,1,0,0.296,-1.04,1,0,0.291,-0.83,1,0,0.254,-0.76,0.929,0,0.325,,,,0.281,-1.17,1,0,0.287,,,
54811,20121203,-88.85,41.84,0.265,-1.1,1,0,0.295,-1.07,1,0,0.291,-0.83,1,0,0.254,-0.77,0.94,0,0.324,,,,0.28,-1.21,1,0,0.286,,,
54811,20121204,-88.85,41.84,0.264,-1.13,1,0,0.295,-1.1,1,0,0.291,-0.83,1,0,0.254,-0.77,0.935,0,0.324,,,,0.28,-1.25,1,0,0.286,,,
54811,20121205,-88.85,41.84,0.264,-1.17,1,0,0.295,-1.14,1,0,0.291,-0.83,1,0,0.254,-0.77,0.857,0,0.325,,,,0.28,-1.29,1,0,0.286,,,
54811,20121206,-88.85,41.84,0.262,-1.23,1,0,0.295,-1.19,1,0,0.291,-0.84,1,0,0.255,-0.77,0.827,0,0.325,,,,0.278,-1.36,1,0,0.286,,,
54811,20121207,-88.85,41.84,0.26,-1.29,1,0,0.294,-1.25,1,0,0.292,-0.86,1,0,0.255,-0.77,0.798,0,0.325,,,,0.277,-1.46,1,0,0.285,,,
54811,20121208,-88.85,41.84,0.26,-1.33,1,0,0.293,-1.32,1,0,0.291,-0.87,1,0,0.256,-0.77,0.78,0,0.325,,,,0.277,-1.56,1,0,0.285,,,
54811,20121209,-88.85,41.84,0.268,-1.27,1,0,0.294,-1.38,1,0,0.291,-0.9,1,0,0.256,-0.77,0.762,0,0.327,,,,0.281,-1.59,1,0,0.287,,,
54811,20121210,-88.85,41.84,0.279,-1.16,0.94,0,0.297,-1.39,1,0,0.29,-0.93,1,0,0.257,-0.77,0.762,0,0.327,,,,0.288,-1.56,1,0,0.29,,,
54811,20121211,-88.85,41.84,0.288,-1.09,0.94,0,0.302,-1.38,1,0,0.289,-0.96,1,0,0.256,-0.78,0.786,0,0.326,,,,0.295,-1.54,1,0,0.293,,,
54811,20121212,-88.85,41.84,0.297,-1.01,0.94,0,0.307,-1.37,1,0,0.289,-0.99,1,0,0.256,-0.78,0.869,0,0.326,,,,0.302,-1.53,1,0,0.295,,,
54811,20121213,-88.85,41.84,0.305,-0.95,0.94,0,0.312,-1.34,1,0,0.289,-1.01,1,0,0.255,-0.79,0.899,0,0.326,,,,0.309,-1.51,1,0,0.297,,,
54811,20121214,-88.85,41.84,0.313,-0.88,0.94,0,0.317,-1.31,1,0,0.289,-1.02,1,0,0.254,-0.79,0.929,0,0.326,,,,0.315,-1.47,1,0,0.3,,,
54811,20121215,-88.85,41.84,0.319,-0.84,0.94,0,0.322,-1.28,1,0,0.289,-1.04,1,0,0.253,-0.8,0.946,0,0.326,,,,0.32,-1.42,1,0,0.302,,,
54811,20121216,-88.85,41.84,0.326,-0.77,0.815,0,0.33,-1.16,1,0,0.298,-0.91,0.881,0.012,0.253,-0.81,0.964,0,0.324,,,,0.328,-1.29,0.946,0,0.306,,,
54811,20121217,-88.85,41.84,0.328,-0.78,0.863,0,0.335,-1.1,1,0,0.308,-0.78,0.738,0.012,0.252,-0.81,0.988,0,0.324,,,,0.331,-1.25,0.946,0,0.309,,,
54811,20121218,-88.85,41.84,0.329,-0.79,0.863,0,0.338,-1.08,1,0,0.316,-0.67,0.595,0.012,0.252,-0.81,1,0,0.324,,,,0.334,-1.23,0.946,0,0.312,,,
54811,20121219,-88.85,41.84,0.331,-0.8,0.863,0,0.341,-1.06,1,0,0.323,-0.57,0.452,0.012,0.254,-0.81,1,0,0.323,,,,0.336,-1.19,0.946,0,0.314,,,
54811,20121220,-88.85,41.84,0.336,-0.75,0.827,0.006,0.344,-1.02,0.988,0,0.332,-0.46,0.31,0.042,0.255,-0.8,1,0,0.323,,,,0.34,-1.12,0.917,0,0.318,,,
54811,20121221,-88.85,41.84,0.346,-0.63,0.71,0.019,0.352,-0.89,0.946,0,0.344,-0.26,0.167,0.137,0.262,-0.76,0.869,0,0.323,,,,0.349,-0.95,0.827,0.006,0.326,,,
54811,20121222,-88.85,41.84,0.351,-0.55,0.659,0.022,0.357,-0.82,0.946,0,0.354,-0.12,0.024,0.143,0.269,-0.71,0.726,0,0.323,,,,0.354,-0.82,0.797,0.007,0.331,,,
54811,20121223,-88.85,41.84,0.346,-0.61,0.772,0.026,0.355,-0.87,0.946,0,0.354,-0.14,0,0.131,0.274,-0.68,0.601,0,0.322,,,,0.351,-0.88,0.833,0.009,0.33,,,
54811,20121224,-88.85,41.84,0.346,-0.63,0.733,0.033,0.352,-0.92,0.946,0,0.353,-0.17,0,0.131,0.279,-0.65,0.542,0,0.322,,,,0.35,-0.9,0.789,0.011,0.331,,,
54811,20121225,-88.85,41.84,,,,,0.35,-0.96,0.946,0,0.352,-0.2,0.03,0.131,0.284,-0.63,0.452,0,0.322,,,,,,,,,,,
54811,20121226,-88.85,41.84,,,,,0.348,-1,0.946,0,0.352,-0.22,0.125,0.131,0.287,-0.61,0.369,0,0.322,,,,,,,,,,,
54811,20121227,-88.85,41.84,,,,,0.346,-1.03,0.955,0,0.35,-0.27,0.238,0.101,0.292,-0.59,0.256,0,0.321,,,,,,,,,,,
54811,20121228,-88.85,41.84,,,,,,,,,0.344,-0.41,0.375,0.006,0.291,-0.6,0.28,0,0.321,,,,,,,,,,,
54811,20121229,-88.85,41.84,,,,,,,,,0.341,-0.5,0.518,0,0.291,-0.61,0.321,0,0.321,,,,,,,,,,,
54811,20121230,-88.85,41.84,,,,,,,,,0.339,-0.57,0.661,0,0.292,-0.61,0.357,0,0.321,,,,,,,,,,,
54811,20121231,-88.85,41.84,,,,,,,,,0.337,-0.63,0.804,0,0.294,-0.6,0.345,0,0.32,,,,,,,,,,,
54811,20130101,-88.85,41.84,,,,,,,,,0.335,-0.68,0.917,0,0.295,-0.6,0.357,0,0.32,,,,,,,,,,,
54811,20130102,-88.85,41.84,,,,,,,,,0.334,-0.73,0.964,0,0.297,-0.6,0.387,0,0.32,,,,,,,,,,,
54811,20130103,-88.85,41.84,,,,,,,,,0.333,-0.78,0.994,0,0.298,-0.61,0.5,0,0.319,,,,,,,,,,,
54811,20130104,-88.85,41.84,,,,,,,,,0.332,-0.83,1,0,0.298,-0.62,0.595,0,0.319,,,,,,,,,,,
54811,20130105,-88.85,41.84,,,,,,,,,0.332,-0.85,1,0,0.299,-0.63,0.69,0,0.319,,,,,,,,,,,
54811,20130106,-88.85,41.84,,,,,,,,,,,,,0.3,-0.65,0.774,0,0.319,,,,,,,,,,,
54811,20130107,-88.85,41.84,,,,,,,,,,,,,0.3,-0.66,0.827,0,0.319,,,,,,,,,,,
54811,20130108,-88.85,41.84,,,,,,,,,,,,,0.3,-0.68,0.893,0,0.318,,,,,,,,,,,
54811,20130109,-88.85,41.84,,,,,,,,,,,,,0.3,-0.69,0.946,0,0.318,,,,,,,,,,,
54811,20130110,-88.85,41.84,,,,,,,,,,,,,0.3,-0.7,0.946,0,0.318,,,,,,,,,,,
54811,20130111,-88.85,41.84,,,,,,,,,,,,,0.305,-0.65,0.904,0.036,0.322,,,,,,,,,,,
54811,20130112,-88.85,41.84,,,,,,,,,,,,,0.315,-0.56,0.766,0.042,0.335,,,,,,,,,,,
54811,20130113,-88.85,41.84,,,,,,,,,,,,,0.324,-0.46,0.629,0.042,0.348,,,,,,,,,,,
54811,20130114,-88.85,41.84,,,,,,,,,,,,,0.332,-0.37,0.503,0.042,0.36,,,,,,,,,,,
54811,20130115,-88.85,41.84,,,,,,,,,,,,,0.34,-0.29,0.371,0.042,0.373,,,,,,,,,,,
54811,20130116,-88.85,41.84,,,,,,,,,,,,,0.348,-0.2,0.238,0.054,0.384,,,,,,,,,,,
54811,20130117,-88.85,41.84,,,,,,,,,,,,,0.355,-0.13,0.113,0.054,0.396,,,,,,,,,,,
54811,20130118,-88.85,41.84,,,,,,,,,,,,,0.357,-0.11,0.048,0.018,0.403,,,,,,,,,,,
54811,20130119,-88.85,41.84,,,,,,,,,,,,,0.354,-0.14,0.071,0.012,0.4,,,,,,,,,,,
54811,20130120,-88.85,41.84,,,,,,,,,,,,,0.351,-0.17,0.137,0.012,0.397,,,,,,,,,,,
54811,20130121,-88.85,41.84,,,,,,,,,,,,,0.349,-0.2,0.202,0.012,0.397,,,,,,,,,,,
54811,20130122,-88.85,41.84,,,,,,,,,,,,,0.347,-0.22,0.286,0.012,0.396,,,,,,,,,,,
54811,20130123,-88.85,41.84,,,,,,,,,,,,,0.346,-0.24,0.345,0,0.397,,,,,,,,,,,
54811,20130124,-88.85,41.84,,,,,,,,,,,,,0.344,-0.27,0.464,0,0.395,,,,,,,,,,,
54811,20130125,-88.85,41.84,,,,,,,,,,,,,0.343,-0.28,0.53,0,0.394,,,,,,,,,,,
54811,20130126,-88.85,41.84,,,,,,,,,,,,,0.341,-0.31,0.643,0,0.393,,,,,,,,,,,
54811,20130127,-88.85,41.84,,,,,,,,,,,,,0.34,-0.34,0.72,0,0.392,,,,,,,,,,,
54811,20130128,-88.85,41.84,,,,,,,,,,,,,0.339,-0.38,0.798,0,0.39,,,,,,,,,,,
54811,20130129,-88.85,41.84,,,,,,,,,,,,,0.337,-0.42,0.857,0,0.388,,,,,,,,,,,
54811,20130130,-88.85,41.84,,,,,,,,,,,,,0.335,-0.46,0.935,0,0.386,,,,,,,,,,,
54811,20130131,-88.85,41.84,,,,,,,,,,,,,0.337,-0.44,0.875,0,0.389,,,,,,,,,,,
54811,20130201,-88.85,41.84,,,,,,,,,,,,,0.338,-0.43,0.833,0,0.391,,,,,,,,,,,
54811,20130202,-88.85,41.84,,,,,,,,,,,,,0.34,-0.41,0.792,0,0.394,,,,,,,,,,,
54811,20130203,-88.85,41.84,,,,,,,,,,,,,0.342,-0.38,0.762,0,0.397,,,,,,,,,,,
54811,20130204,-88.85,41.84,,,,,,,,,,,,,0.344,-0.34,0.696,0,0.4,,,,,,,,,,,
54811,20130205,-88.85,41.84,,,,,,,,,,,,,0.346,-0.3,0.643,0,0.404,,,,,,,,,,,
54811,20130206,-88.85,41.84,,,,,,,,,,,,,0.347,-0.26,0.595,0,0.406,,,,,,,,,,,
54811,20130207,-88.85,41.84,,,,,,,,,,,,,0.347,-0.25,0.583,0,0.405,,,,,,,,,,,
54811,20130208,-88.85,41.84,,,,,,,,,,,,,0.346,-0.24,0.577,0,0.405,,,,,,,,,,,
54811,20130209,-88.85,41.84,,,,,,,,,,,,,0.346,-0.23,0.524,0,0.405,,,,,,,,,,,
54811,20130210,-88.85,41.84,,,,,,,,,,,,,0.346,-0.22,0.423,0,0.404,,,,,,,,,,,
54811,20130211,-88.85,41.84,,,,,,,,,,,,,0.347,-0.19,0.351,0,0.403,,,,,,,,,,,
54811,20130212,-88.85,41.84,,,,,,,,,,,,,0.348,-0.17,0.262,0,0.402,,,,,,,,,,,
54811,20130213,-88.85,41.84,,,,,,,,,,,,,0.349,-0.15,0.167,0,0.401,,,,,,,,,,,
54811,20130214,-88.85,41.84,,,,,,,,,,,,,0.351,-0.13,0.101,0,0.4,,,,,,,,,,,
54811,20130215,-88.85,41.84,,,,,,,,,,,,,0.352,-0.11,0.06,0,0.399,,,,,,,,,,,
54811,20130216,-88.85,41.84,,,,,,,,,,,,,0.353,-0.1,0.018,0,0.399,,,,,,,,,,,
54811,20130217,-88.85,41.84,,,,,,,,,,,,,0.354,-0.09,0.006,0,0.398,,,,,,,,,,,
54811,20130218,-88.85,41.84,,,,,,,,,,,,,0.354,-0.09,0,0,0.398,,,,,,,,,,,
54811,20130219,-88.85,41.84,,,,,,,,,,,,,0.353,-0.1,0.006,0,0.398,,,,,,,,,,,
54811,20130220,-88.85,41.84,,,,,,,,,,,,,0.352,-0.11,0.012,0,0.398,,,,,,,,,,,
54811,20130221,-88.85,41.84,,,,,,,,,,,,,0.351,-0.12,0.024,0,0.398,,,,,,,,,,,
54811,20130222,-88.85,41.84,,,,,,,,,,,,,0.349,-0.14,0.06,0,0.398,,,,,,,,,,,
54811,20130223,-88.85,41.84,,,,,,,,,,,,,0.346,-0.16,0.131,0,0.397,,,,,,,,,,,
54811,20130224,-88.85,41.84,,,,,,,,,,,,,0.344,-0.18,0.167,0,0.397,,,,,,,,,,,
54811,20130225,-88.85,41.84,,,,,,,,,,,,,0.342,-0.2,0.179,0,0.397,,,,,,,,,,,
54811,20130226,-88.85,41.84,,,,,,,,,,,,,0.34,-0.22,0.19,0,0.395,,,,,,,,,,,
54811,20130227,-88.85,41.84,,,,,,,,,,,,,0.338,-0.23,0.22,0,0.394,,,,,,,,,,,
54811,20130228,-88.85,41.84,,,,,,,,,,,,,0.337,-0.25,0.232,0,0.394,,,,,,,,,,,
54811,20130301,-88.85,41.84,,,,,,,,,,,,,0.336,-0.26,0.202,0,0.394,,,,,,,,,,,
54811,20130302,-88.85,41.84,,,,,,,,,,,,,0.335,-0.27,0.161,0,0.393,,,,,,,,,,,
54811,20130303,-88.85,41.84,,,,,,,,,,,,,0.335,-0.28,0.131,0,0.393,,,,,,,,,,,
54811,20130304,-88.85,41.84,,,,,,,,,,,,,0.334,-0.29,0.137,0,0.392,,,,,,,,,,,
54811,20130305,-88.85,41.84,,,,,,,,,,,,,0.334,-0.3,0.131,0,0.392,,,,,,,,,,,
54811,20130306,-88.85,41.84,,,,,,,,,,,,,0.334,-0.3,0.137,0,0.392,,,,,,,,,,,
54811,20130307,-88.85,41.84,,,,,,,,,,,,,0.333,-0.31,0.167,0,0.392,,,,,,,,,,,
54811,20130308,-88.85,41.84,,,,,,,,,,,,,0.333,-0.32,0.214,0,0.391,,,,,,,,,,,
54811,20130309,-88.85,41.84,,,,,,,,,,,,,0.333,-0.33,0.262,0,0.391,,,,,,,,,,,
54811,20130310,-88.85,41.84,,,,,,,,,,,,,0.333,-0.34,0.369,0,0.391,,,,,,,,,,,
54811,20130311,-88.85,41.84,,,,,,,,,,,,,0.332,-0.35,0.476,0,0.391,,,,,,,,,,,
54811,20130312,-88.85,41.84,,,,,,,,,,,,,0.333,-0.35,0.518,0,0.391,,,,,,,,,,,
54811,20130313,-88.85,41.84,,,,,,,,,,,,,0.333,-0.36,0.542,0,0.391,,,,,,,,,,,
54811,20130314,-88.85,41.84,,,,,,,,,,,,,0.333,-0.36,0.589,0,0.391,,,,,,,,,,,
54811,20130315,-88.85,41.84,,,,,,,,,,,,,0.332,-0.37,0.631,0,0.39,,,,,,,,,,,
54811,20130316,-88.85,41.84,,,,,,,,,,,,,0.333,-0.37,0.631,0,0.39,,,,,,,,,,,
54811,20130317,-88.85,41.84,,,,,,,,,,,,,0.333,-0.37,0.619,0,0.389,,,,,,,,,,,
54811,20130318,-88.85,41.84,,,,,,,,,,,,,0.334,-0.37,0.565,0,0.389,,,,,,,,,,,
54811,20130319,-88.85,41.84,,,,,,,,,,,,,0.334,-0.37,0.554,0,0.388,,,,,,,,,,,
54811,20130320,-88.85,41.84,,,,,,,,,,,,,0.335,-0.36,0.494,0,0.388,,,,,,,,,,,
54811,20130321,-88.85,41.84,,,,,,,,,,,,,0.337,-0.35,0.393,0,0.388,,,,,,,,,,,
54811,20130322,-88.85,41.84,,,,,,,,,,,,,0.338,-0.34,0.298,0,0.388,,,,,,,,,,,
54811,20130323,-88.85,41.84,,,,,,,,,,,,,0.338,-0.33,0.232,0,0.388,,,,,,,,,,,
54811,20130324,-88.85,41.84,,,,,,,,,,,,,0.339,-0.33,0.196,0,0.389,,,,,,,,,,,
54811,20130325,-88.85,41.84,,,,,,,,,,,,,0.339,-0.33,0.208,0,0.389,,,,,,,,,,,
54811,20130326,-88.85,41.84,,,,,,,,,,,,,0.339,-0.34,0.262,0,0.389,,,,,,,,,,,
54811,20130327,-88.85,41.84,,,,,,,,,,,,,0.338,-0.34,0.363,0,0.39,,,,,,,,,,,
54811,20130328,-88.85,41.84,,,,,,,,,,,,,0.338,-0.35,0.494,0,0.39,,,,,,,,,,,
54811,20130329,-88.85,41.84,,,,,,,,,,,,,0.337,-0.36,0.637,0,0.39,,,,,,,,,,,
54811,20130330,-88.85,41.84,,,,,,,,,,,,,0.338,-0.36,0.72,0,0.39,,,,,,,,,,,
54811,20130331,-88.85,41.84,,,,,,,,,,,,,0.339,-0.36,0.708,0,0.39,,,,,,,,,,,
54811,20130401,-88.85,41.84,,,,,,,,,,,,,0.343,-0.33,0.625,0,0.39,,,,,,,,,,,
54811,20130402,-88.85,41.84,,,,,,,,,,,,,0.347,-0.3,0.53,0,0.389,,,,,,,,,,,
54811,20130403,-88.85,41.84,,,,,,,,,,,,,0.352,-0.26,0.423,0,0.39,,,,,,,,,,,
54811,20130404,-88.85,41.84,,,,,,,,,,,,,0.356,-0.23,0.292,0,0.39,,,,,,,,,,,
54811,20130405,-88.85,41.84,0.348,-0.39,0.664,0.068,0.35,-0.83,0.964,0,,,,,0.36,-0.2,0.149,0,0.39,,,,,,,,,,,
54811,20130406,-88.85,41.84,0.34,-0.5,0.766,0.038,0.347,-0.87,0.975,0,,,,,0.363,-0.18,0.054,0,0.39,,,,0.343,-0.8,0.794,0,,,,
54811,20130407,-88.85,41.84,0.33,-0.64,0.895,0,0.343,-0.93,0.976,0,,,,,0.366,-0.16,0.006,0,0.39,,,,0.336,-0.92,0.907,0,,,,
54811,20130408,-88.85,41.84,0.325,-0.71,0.988,0.012,0.34,-0.98,0.994,0,0.343,-0.68,0.993,0,0.366,-0.16,0.006,0,0.39,,,,0.332,-0.99,0.988,0.006,0.352,,,
54811,20130409,-88.85,41.84,0.33,-0.59,0.841,0.049,0.344,-0.91,0.935,0,0.347,-0.58,0.843,0,0.367,-0.15,0.006,0,0.39,,,,0.337,-0.89,0.854,0.012,0.356,,,
54811,20130410,-88.85,41.84,0.334,-0.51,0.702,0.048,0.347,-0.85,0.935,0,0.349,-0.53,0.708,0,0.369,-0.14,0.006,0,0.39,,,,0.34,-0.81,0.839,0.012,0.358,,,
54811,20130411,-88.85,41.84,0.344,-0.32,0.56,0.173,0.354,-0.74,0.792,0.006,0.354,-0.4,0.565,0.054,0.373,-0.11,0.006,0.048,0.393,,,,0.349,-0.64,0.696,0.036,0.364,,,
54811,20130412,-88.85,41.84,0.351,-0.19,0.417,0.202,0.359,-0.64,0.69,0.006,0.359,-0.27,0.423,0.077,0.377,-0.06,0.006,0.131,0.402,,,,0.355,-0.51,0.554,0.036,0.37,,,
54811,20130413,-88.85,41.84,0.357,-0.07,0.274,0.202,0.364,-0.56,0.69,0.006,0.363,-0.18,0.28,0.077,0.381,-0.04,0.006,0.131,0.409,,,,0.36,-0.39,0.411,0.036,0.375,,,
54811,20130414,-88.85,41.84,0.362,0.03,0.131,0.202,0.367,-0.48,0.69,0.006,0.366,-0.08,0.137,0.077,0.383,-0.01,0,0.131,0.416,,,,0.364,-0.28,0.298,0.036,0.379,,,
54811,20130415,-88.85,41.84,0.363,0.08,0,0.19,0.369,-0.44,0.696,0.006,0.368,-0.01,0,0.077,0.385,0,0,0.131,0.423,,,,0.366,-0.23,0.274,0.03,0.382,,,
54811,20130416,-88.85,41.84,0.364,0.1,0,0.232,0.369,-0.41,0.631,0.006,0.368,0.01,0,0.113,0.386,0.01,0,0.131,0.43,,,,0.367,-0.2,0.262,0.06,0.384,,,
54811,20130417,-88.85,41.84,0.366,0.14,0,0.232,0.371,-0.36,0.488,0.006,0.37,0.06,0,0.113,0.388,0.02,0,0.131,0.437,,,,0.368,-0.15,0.137,0.06,0.386,,,
54811,20130418,-88.85,41.84,0.373,0.22,0,0.232,0.377,-0.26,0.494,0.083,0.377,0.21,0,0.179,0.395,0.1,0,0.202,0.445,,,,0.375,-0.05,0.137,0.155,0.393,,,
54811,20130419,-88.85,41.84,0.393,0.45,0,0.345,0.393,-0.02,0.452,0.226,0.395,0.57,0,0.298,0.412,0.25,0,0.262,0.453,,,,0.393,0.22,0.137,0.298,0.409,,,
54811,20130420,-88.85,41.84,0.405,0.59,0,0.488,0.404,0.15,0.31,0.345,0.412,0.89,0,0.44,0.43,0.42,0,0.405,0.458,,,,0.405,0.41,0.137,0.44,0.422,,,
54811,20130421,-88.85,41.84,0.41,0.67,0,0.607,0.409,0.23,0.167,0.345,0.419,1.04,0,0.583,0.447,0.57,0,0.548,0.46,,,,0.41,0.5,0.107,0.482,0.429,,,
54811,20130422,-88.85,41.84,0.414,0.72,0,0.613,0.413,0.29,0.024,0.345,0.424,1.14,0,0.726,0.459,0.68,0,0.69,0.462,,,,0.413,0.57,0,0.482,0.434,,,
54811,20130423,-88.85,41.84,0.411,0.7,0,0.536,0.412,0.29,0.006,0.345,0.427,1.18,0,0.821,0.467,0.75,0,0.833,0.463,,,,0.411,0.55,0,0.446,0.436,,,
54811,20130424,-88.85,41.84,0.416,0.76,0,0.655,0.415,0.35,0.006,0.393,0.431,1.25,0,0.964,0.475,0.83,0,0.976,0.464,,,,0.416,0.63,0,0.56,0.44,,,
54811,20130425,-88.85,41.84,0.407,0.67,0,0.655,0.409,0.27,0,0.31,0.425,1.13,0,0.988,0.475,0.84,0,1,0.46,,,,0.408,0.53,0,0.47,0.435,,,
54811,20130426,-88.85,41.84,0.387,0.45,0,0.589,0.392,0.07,0,0.167,0.408,0.8,0,0.976,0.464,0.75,0,1,0.452,,,,0.39,0.29,0,0.327,0.421,,,
54811,20130427,-88.85,41.84,0.375,0.34,0,0.446,0.382,-0.06,0,0.048,0.393,0.53,0,0.911,0.45,0.63,0,1,0.446,,,,0.378,0.15,0,0.185,0.409,,,
54811,20130428,-88.85,41.84,0.368,0.29,0,0.327,0.377,-0.1,0,0.048,0.387,0.41,0,0.768,0.437,0.53,0,1,0.445,,,,0.372,0.1,0,0.143,0.403,,,
54811,20130429,-88.85,41.84,0.362,0.25,0,0.321,0.374,-0.12,0,0.048,0.383,0.35,0,0.625,0.428,0.46,0,1,0.444,,,,0.368,0.07,0,0.143,0.398,,,
54811,20130430,-88.85,41.84,0.356,0.22,0,0.321,0.371,-0.14,0.024,0.048,0.38,0.31,0,0.494,0.422,0.42,0,0.994,0.444,,,,0.363,0.04,0,0.143,0.395,,,
54811,20130501,-88.85,41.84,0.34,0.09,0,0.202,0.362,-0.22,0.161,0,0.375,0.23,0,0.351,0.414,0.36,0,0.958,0.444,,,,0.351,-0.08,0.054,0.03,0.387,,,
54811,20130502,-88.85,41.84,0.322,-0.04,0.095,0.077,0.353,-0.31,0.304,0,0.37,0.15,0,0.208,0.406,0.28,0,0.827,0.444,,,,0.337,-0.21,0.196,0,0.379,,,
54811,20130503,-88.85,41.84,0.317,-0.07,0.149,0.083,0.35,-0.33,0.363,0.012,0.368,0.11,0,0.113,0.399,0.21,0,0.685,0.443,,,,0.334,-0.24,0.25,0.054,0.375,,,
54811,20130504,-88.85,41.84,0.322,-0.02,0.149,0.226,0.354,-0.28,0.363,0.012,0.369,0.12,0,0.131,0.395,0.17,0,0.625,0.443,,,,0.338,-0.19,0.25,0.185,0.376,,,
54811,20130505,-88.85,41.84,0.325,0.03,0.149,0.327,0.356,-0.24,0.363,0.012,0.37,0.13,0,0.131,0.393,0.15,0,0.589,0.442,,,,0.341,-0.15,0.25,0.185,0.377,,,
54811,20130506,-88.85,41.84,0.326,0.05,0.149,0.327,0.357,-0.21,0.363,0.012,0.37,0.13,0,0.131,0.391,0.13,0,0.476,0.442,,,,0.341,-0.12,0.25,0.185,0.377,,,
54811,20130507,-88.85,41.84,0.324,0.05,0.149,0.327,0.356,-0.2,0.339,0.012,0.369,0.13,0,0.131,0.389,0.12,0,0.339,0.441,,,,0.34,-0.11,0.25,0.185,0.376,,,
54811,20130508,-88.85,41.84,0.32,0.05,0.161,0.327,0.353,-0.2,0.292,0.012,0.368,0.11,0,0.131,0.388,0.1,0,0.232,0.441,,,,0.336,-0.12,0.274,0.185,0.374,,,
54811,20130509,-88.85,41.84,0.317,0.05,0.196,0.327,0.35,-0.19,0.292,0.012,0.366,0.09,0,0.131,0.387,0.09,0,0.22,0.441,,,,0.334,-0.11,0.274,0.185,0.372,,,
54811,20130510,-88.85,41.84,0.303,-0.04,0.256,0.244,0.341,-0.23,0.375,0,0.361,0.04,0,0.095,0.386,0.08,0,0.22,0.442,,,,0.322,-0.18,0.363,0.131,0.367,,,
54811,20130511,-88.85,41.84,0.285,-0.17,0.262,0.101,0.327,-0.34,0.518,0,0.354,-0.03,0,0,0.384,0.05,0,0.137,0.441,,,,0.306,-0.31,0.506,0,0.358,,,
54811,20130512,-88.85,41.84,0.27,-0.27,0.369,0,0.313,-0.43,0.661,0,0.348,-0.1,0,0,0.381,0.01,0,0.03,0.441,,,,0.292,-0.42,0.649,0,0.351,,,
54811,20130513,-88.85,41.84,0.256,-0.37,0.512,0,0.301,-0.5,0.804,0,0.341,-0.17,0,0,0.378,-0.03,0,0,0.44,,,,0.279,-0.51,0.792,0,0.343,,,
54811,20130514,-88.85,41.84,0.246,-0.44,0.655,0,0.29,-0.57,0.946,0,0.334,-0.24,0.119,0,0.376,-0.07,0,0,0.44,,,,0.268,-0.59,0.935,0,0.337,,,
54811,20130515,-88.85,41.84,0.237,-0.49,0.786,0,0.28,-0.63,1,0,0.326,-0.31,0.262,0,0.373,-0.11,0,0,0.439,,,,0.259,-0.64,1,0,0.331,,,
54811,20130516,-88.85,41.84,0.231,-0.52,0.798,0,0.272,-0.68,1,0,0.317,-0.38,0.405,0,0.37,-0.15,0,0,0.438,,,,0.251,-0.68,1,0,0.325,,,
54811,20130517,-88.85,41.84,0.223,-0.57,0.827,0,0.263,-0.73,1,0,0.306,-0.45,0.548,0,0.367,-0.2,0.012,0,0.437,,,,0.243,-0.73,1,0,0.319,,,
54811,20130518,-88.85,41.84,0.21,-0.64,0.964,0,0.253,-0.79,1,0,0.295,-0.55,0.69,0,0.364,-0.24,0.048,0,0.436,,,,0.232,-0.8,1,0,0.312,,,
54811,20130519,-88.85,41.84,0.198,-0.71,1,0,0.243,-0.84,1,0,0.283,-0.64,0.833,0,0.361,-0.29,0.149,0,0.436,,,,0.22,-0.87,1,0,0.304,,,
54811,20130520,-88.85,41.84,0.187,-0.76,1,0,0.234,-0.89,1,0,0.271,-0.72,0.976,0,0.357,-0.34,0.274,0,0.435,,,,0.211,-0.92,1,0,0.297,,,
54811,20130521,-88.85,41.84,0.178,-0.8,1,0,0.226,-0.92,1,0,0.259,-0.8,1,0,0.353,-0.4,0.417,0,0.434,,,,0.202,-0.97,1,0,0.29,,,
54811,20130522,-88.85,41.84,0.171,-0.82,1,0,0.22,-0.93,1,0,0.25,-0.85,1,0,0.348,-0.47,0.56,0,0.434,,,,0.196,-0.99,1,0,0.285,,,
54811,20130523,-88.85,41.84,0.172,-0.8,1,0,0.217,-0.93,1,0,0.244,-0.87,1,0,0.343,-0.53,0.702,0,0.434,,,,0.194,-0.97,1,0,0.282,,,
54811,20130524,-88.85,41.84,0.185,-0.69,0.857,0,0.214,-0.91,1,0,0.239,-0.88,1,0,0.338,-0.6,0.833,0,0.434,,,,0.199,-0.91,1,0,0.282,,,
54811,20130525,-88.85,41.84,0.196,-0.59,0.714,0,0.211,-0.89,1,0,0.236,-0.87,1,0,0.333,-0.67,0.94,0,0.434,,,,0.204,-0.84,1,0,0.282,,,
54811,20130526,-88.85,41.84,0.205,-0.51,0.643,0,0.21,-0.86,1,0,0.233,-0.85,1,0,0.329,-0.72,0.982,0,0.435,,,,0.208,-0.78,1,0,0.282,,,
54811,20130527,-88.85,41.84,0.213,-0.44,0.643,0,0.209,-0.83,1,0,0.231,-0.82,1,0,0.325,-0.77,1,0,0.434,,,,0.211,-0.71,1,0,0.283,,,
54811,20130528,-88.85,41.84,0.226,-0.34,0.607,0.036,0.212,-0.78,0.97,0,0.231,-0.78,1,0,0.323,-0.79,1,0,0.434,,,,0.219,-0.62,0.964,0,0.285,,,
54811,20130529,-88.85,41.84,0.251,-0.14,0.464,0.179,0.223,-0.67,0.827,0,0.231,-0.73,1,0,0.322,-0.8,1,0,0.434,,,,0.237,-0.45,0.821,0,0.292,,,
54811,20130530,-88.85,41.84,0.27,0,0.321,0.262,0.235,-0.56,0.685,0,0.232,-0.69,1,0,0.322,-0.78,1,0,0.433,,,,0.253,-0.31,0.679,0,0.299,,,
54811,20130531,-88.85,41.84,0.281,0.09,0.321,0.321,0.253,-0.41,0.542,0.054,0.237,-0.62,0.952,0,0.322,-0.77,1,0,0.433,,,,0.267,-0.18,0.536,0.054,0.305,,,
54811,20130601,-88.85,41.84,0.301,0.23,0.321,0.464,0.278,-0.21,0.399,0.196,0.251,-0.49,0.81,0,0.323,-0.75,1,0,0.432,,,,0.289,0,0.393,0.196,0.317,,,
54811,20130602,-88.85,41.84,0.325,0.41,0.25,0.607,0.304,-0.01,0.256,0.339,0.27,-0.33,0.667,0.083,0.324,-0.73,1,0,0.432,,,,0.314,0.2,0.25,0.339,0.331,,,
54811,20130603,-88.85,41.84,0.348,0.58,0.107,0.75,0.328,0.18,0.113,0.482,0.289,-0.18,0.524,0.226,0.327,-0.69,1,0,0.432,,,,0.338,0.39,0.107,0.482,0.345,,,
54811,20130604,-88.85,41.84,0.363,0.69,0,0.857,0.347,0.33,0,0.625,0.307,-0.04,0.381,0.321,0.33,-0.65,0.911,0,0.432,,,,0.355,0.52,0,0.625,0.356,,,
54811,20130605,-88.85,41.84,0.36,0.67,0,0.81,0.354,0.38,0,0.679,0.322,0.08,0.238,0.327,0.332,-0.61,0.786,0,0.432,,,,0.357,0.54,0,0.726,0.36,,,
54811,20130606,-88.85,41.84,0.357,0.66,0,0.726,0.359,0.43,0,0.679,0.336,0.19,0.095,0.327,0.334,-0.58,0.655,0,0.431,,,,0.358,0.56,0,0.726,0.364,,,
54811,20130607,-88.85,41.84,0.352,0.63,0,0.673,0.359,0.43,0,0.625,0.346,0.28,0,0.327,0.336,-0.55,0.512,0,0.431,,,,0.355,0.54,0,0.673,0.365,,,
54811,20130608,-88.85,41.84,0.339,0.54,0,0.53,0.35,0.37,0,0.482,0.345,0.28,0,0.327,0.338,-0.51,0.369,0,0.431,,,,0.345,0.47,0,0.53,0.361,,,
54811,20130609,-88.85,41.84,0.321,0.42,0,0.387,0.338,0.29,0,0.339,0.339,0.25,0,0.244,0.34,-0.48,0.25,0,0.431,,,,0.33,0.36,0,0.387,0.354,,,
54811,20130610,-88.85,41.84,0.303,0.29,0,0.244,0.326,0.2,0,0.196,0.33,0.19,0,0.101,0.34,-0.47,0.137,0,0.43,,,,0.314,0.25,0,0.244,0.346,,,
54811,20130611,-88.85,41.84,0.287,0.18,0,0.101,0.315,0.12,0,0.054,0.322,0.14,0,0.006,0.34,-0.47,0.137,0,0.43,,,,0.301,0.16,0,0.101,0.339,,,
54811,20130612,-88.85,41.84,0.274,0.09,0,0.006,0.305,0.06,0,0,0.314,0.09,0,0,0.339,-0.48,0.196,0,0.429,,,,0.289,0.07,0,0,0.332,,,
54811,20130613,-88.85,41.84,0.279,0.1,0,0.089,0.308,0.08,0,0.083,0.315,0.1,0,0.06,0.342,-0.43,0.22,0.054,0.43,,,,0.294,0.09,0,0.083,0.335,,,
54811,20130614,-88.85,41.84,0.29,0.15,0,0.226,0.317,0.13,0,0.226,0.321,0.14,0,0.196,0.35,-0.31,0.22,0.196,0.431,,,,0.303,0.14,0,0.226,0.342,,,
54811,20130615,-88.85,41.84,0.297,0.18,0,0.31,0.324,0.18,0,0.369,0.326,0.17,0,0.256,0.357,-0.2,0.22,0.321,0.432,,,,0.311,0.18,0,0.369,0.347,,,
54811,20130616,-88.85,41.84,0.309,0.23,0,0.435,0.333,0.23,0,0.512,0.332,0.2,0,0.274,0.364,-0.1,0.196,0.405,0.432,,,,0.321,0.24,0,0.512,0.354,,,
54811,20130617,-88.85,41.84,0.322,0.3,0,0.476,0.342,0.29,0,0.548,0.338,0.24,0,0.274,0.37,0,0.167,0.429,0.433,,,,0.332,0.3,0,0.571,0.361,,,
54811,20130618,-88.85,41.84,0.33,0.34,0,0.476,0.349,0.34,0,0.548,0.343,0.28,0,0.274,0.376,0.1,0.113,0.429,0.434,,,,0.34,0.35,0,0.571,0.366,,,
54811,20130619,-88.85,41.84,0.336,0.36,0,0.476,0.355,0.38,0,0.548,0.347,0.31,0,0.274,0.382,0.19,0.036,0.429,0.434,,,,0.345,0.38,0,0.571,0.371,,,
54811,20130620,-88.85,41.84,0.322,0.28,0,0.393,0.346,0.32,0,0.464,0.342,0.27,0,0.214,0.383,0.22,0,0.375,0.434,,,,0.334,0.31,0,0.488,0.365,,,
54811,20130621,-88.85,41.84,0.3,0.15,0,0.25,0.331,0.22,0,0.321,0.33,0.2,0,0.077,0.379,0.17,0,0.232,0.433,,,,0.315,0.19,0,0.345,0.355,,,
54811,20130622,-88.85,41.84,0.294,0.11,0,0.19,0.325,0.18,0,0.202,0.324,0.16,0,0.042,0.377,0.15,0,0.131,0.435,,,,0.309,0.14,0,0.226,0.351,,,
54811,20130623,-88.85,41.84,0.302,0.14,0,0.208,0.331,0.22,0,0.202,0.328,0.19,0,0.167,0.381,0.22,0,0.19,0.439,,,,0.317,0.18,0,0.226,0.356,,,
54811,20130624,-88.85,41.84,0.314,0.19,0,0.31,0.34,0.28,0,0.31,0.334,0.23,0,0.31,0.386,0.29,0,0.31,0.443,,,,0.327,0.24,0,0.31,0.363,,,
54811,20130625,-88.85,41.84,0.334,0.29,0,0.452,0.353,0.37,0,0.452,0.343,0.3,0,0.452,0.394,0.41,0,0.452,0.448,,,,0.343,0.33,0,0.452,0.374,,,
54811,20130626,-88.85,41.84,0.357,0.41,0,0.595,0.369,0.47,0,0.595,0.354,0.38,0,0.595,0.402,0.52,0,0.595,0.454,,,,0.363,0.44,0,0.595,0.387,,,
54811,20130627,-88.85,41.84,0.383,0.56,0,0.738,0.386,0.59,0,0.738,0.367,0.47,0,0.738,0.411,0.66,0,0.738,0.459,,,,0.385,0.58,0,0.738,0.401,,,
54811,20130628,-88.85,41.84,0.406,0.68,0,0.881,0.403,0.69,0,0.881,0.379,0.56,0,0.881,0.42,0.78,0,0.881,0.465,,,,0.405,0.69,0,0.881,0.415,,,
54811,20130629,-88.85,41.84,0.413,0.72,0,0.976,0.41,0.74,0,1,0.386,0.62,0,1,0.427,0.89,0,1,0.469,,,,0.411,0.73,0,1,0.421,,,
54811,20130630,-88.85,41.84,0.416,0.74,0,0.952,0.411,0.75,0,1,0.388,0.64,0,1,0.43,0.94,0,1,0.472,,,,0.413,0.74,0,1,0.423,,,
54811,20130701,-88.85,41.84,0.413,0.72,0,0.952,0.409,0.74,0,1,0.388,0.64,0,1,0.433,1,0,1,0.475,,,,0.411,0.73,0,1,0.423,,,
54811,20130702,-88.85,41.84,0.403,0.67,0,0.935,0.403,0.7,0,1,0.385,0.63,0,1,0.432,1.01,0,1,0.474,,,,0.403,0.68,0,1,0.419,,,
54811,20130703,-88.85,41.84,0.389,0.59,0,0.798,0.396,0.65,0,1,0.381,0.62,0,1,0.43,1,0,1,0.474,,,,0.392,0.61,0,0.899,0.414,,,
54811,20130704,-88.85,41.84,0.374,0.51,0,0.655,0.388,0.59,0,0.994,0.378,0.6,0,1,0.427,0.98,0,1,0.474,,,,0.381,0.54,0,0.756,0.408,,,
54811,20130705,-88.85,41.84,0.361,0.44,0,0.512,0.382,0.55,0,0.857,0.376,0.6,0,1,0.425,0.97,0,1,0.473,,,,0.371,0.48,0,0.613,0.403,,,
54811,20130706,-88.85,41.84,0.35,0.37,0,0.393,0.376,0.51,0,0.714,0.373,0.6,0,1,0.423,0.96,0,1,0.472,,,,0.363,0.42,0,0.47,0.399,,,
54811,20130707,-88.85,41.84,0.326,0.23,0,0.274,0.361,0.41,0,0.571,0.366,0.55,0,0.917,0.418,0.9,0,1,0.47,,,,0.344,0.3,0,0.327,0.388,,,
54811,20130708,-88.85,41.84,0.304,0.09,0,0.131,0.347,0.31,0,0.429,0.359,0.5,0,0.774,0.413,0.85,0,1,0.467,,,,0.326,0.18,0,0.185,0.378,,,
54811,20130709,-88.85,41.84,0.287,-0.02,0,0.006,0.334,0.22,0,0.286,0.352,0.45,0,0.631,0.409,0.8,0,1,0.466,,,,0.311,0.07,0,0.042,0.37,,,
54811,20130710,-88.85,41.84,0.274,-0.1,0,0,0.324,0.14,0,0.143,0.345,0.41,0,0.488,0.406,0.77,0,1,0.464,,,,0.299,0,0,0,0.363,,,
54811,20130711,-88.85,41.84,0.262,-0.18,0.036,0,0.314,0.07,0,0.006,0.338,0.35,0,0.345,0.403,0.74,0,1,0.463,,,,0.288,-0.09,0,0,0.356,,,
54811,20130712,-88.85,41.84,0.251,-0.25,0.179,0,0.303,-0.01,0,0,0.33,0.29,0,0.202,0.4,0.71,0,1,0.462,,,,0.277,-0.17,0.012,0,0.349,,,
54811,20130713,-88.85,41.84,0.242,-0.32,0.321,0,0.293,-0.08,0,0,0.322,0.23,0,0.06,0.397,0.69,0,0.994,0.461,,,,0.268,-0.24,0.155,0,0.343,,,
54811,20130714,-88.85,41.84,0.234,-0.37,0.464,0,0.285,-0.14,0.012,0,0.314,0.16,0,0,0.394,0.65,0,0.905,0.461,,,,0.259,-0.3,0.298,0,0.337,,,
54811,20130715,-88.85,41.84,0.228,-0.42,0.607,0,0.277,-0.2,0.155,0,0.306,0.08,0,0,0.39,0.62,0,0.786,0.46,,,,0.252,-0.36,0.44,0,0.332,,,
54811,20130716,-88.85,41.84,0.22,-0.47,0.75,0,0.269,-0.27,0.298,0,0.298,0,0.065,0,0.387,0.58,0,0.643,0.458,,,,0.245,-0.42,0.583,0,0.326,,,
54811,20130717,-88.85,41.84,0.212,-0.53,0.893,0,0.26,-0.34,0.44,0,0.289,-0.09,0.196,0,0.382,0.53,0,0.5,0.458,,,,0.236,-0.49,0.726,0,0.32,,,
54811,20130718,-88.85,41.84,0.205,-0.6,1,0,0.252,-0.42,0.583,0,0.28,-0.18,0.339,0,0.378,0.48,0,0.357,0.456,,,,0.228,-0.56,0.869,0,0.314,,,
54811,20130719,-88.85,41.84,0.198,-0.65,1,0,0.245,-0.48,0.72,0,0.271,-0.27,0.47,0,0.373,0.43,0,0.22,0.456,,,,0.221,-0.61,1,0,0.309,,,
54811,20130720,-88.85,41.84,0.192,-0.7,1,0,0.237,-0.54,0.866,0,0.263,-0.36,0.616,0,0.368,0.36,0,0.079,0.455,,,,0.215,-0.67,1,0,0.303,,,
54811,20130721,-88.85,41.84,0.189,-0.71,1,0,0.233,-0.58,1,0,0.255,-0.44,0.762,0,0.362,0.3,0,0.024,0.453,,,,0.211,-0.7,1,0,0.299,,,
54811,20130722,-88.85,41.84,0.189,-0.71,1,0,0.231,-0.6,1,0,0.249,-0.5,0.909,0,0.357,0.23,0,0,0.452,,,,0.21,-0.71,1,0,0.296,,,
54811,20130723,-88.85,41.84,0.19,-0.69,1,0,0.229,-0.62,1,0,0.245,-0.54,0.988,0,0.351,0.16,0,0,0.45,,,,0.21,-0.71,1,0,0.293,,,
54811,20130724,-88.85,41.84,0.193,-0.65,1,0,0.228,-0.63,1,0,0.241,-0.58,1,0,0.346,0.1,0,0,0.449,,,,0.21,-0.69,1,0,0.291,,,
54811,20130725,-88.85,41.84,0.194,-0.63,1,0,0.227,-0.64,1,0,0.237,-0.61,1,0,0.341,0.04,0,0,0.448,,,,0.21,-0.68,1,0,0.289,,,
54811,20130726,-88.85,41.84,0.193,-0.61,1,0,0.226,-0.65,1,0,0.235,-0.63,1,0,0.336,-0.01,0,0,0.447,,,,0.209,-0.68,1,0,0.287,,,
54811,20130727,-88.85,41.84,0.203,-0.51,0.881,0,0.229,-0.62,1,0,0.235,-0.63,1,0,0.332,-0.05,0,0,0.445,,,,0.216,-0.6,0.881,0,0.289,,,
54811,20130728,-88.85,41.84,0.21,-0.43,0.738,0,0.23,-0.6,1,0,0.235,-0.62,1,0,0.329,-0.08,0,0,0.444,,,,0.22,-0.55,0.762,0,0.29,,,
54811,20130729,-88.85,41.84,0.213,-0.38,0.595,0,0.23,-0.6,1,0,0.235,-0.61,1,0,0.326,-0.12,0,0,0.443,,,,0.221,-0.52,0.762,0,0.289,,,
54811,20130730,-88.85,41.84,0.214,-0.36,0.548,0,0.23,-0.59,1,0,0.236,-0.6,1,0,0.323,-0.15,0,0,0.442,,,,0.222,-0.5,0.762,0,0.289,,,
54811,20130731,-88.85,41.84,0.213,-0.36,0.548,0,0.229,-0.58,1,0,0.236,-0.58,1,0,0.32,-0.18,0,0,0.441,,,,0.221,-0.5,0.762,0,0.288,,,
54811,20130801,-88.85,41.84,0.214,-0.34,0.548,0,0.23,-0.56,1,0,0.237,-0.56,1,0,0.318,-0.2,0,0,0.44,,,,0.222,-0.47,0.762,0,0.288,,,
54811,20130802,-88.85,41.84,0.216,-0.31,0.548,0,0.231,-0.53,0.964,0,0.238,-0.54,1,0,0.317,-0.22,0,0,0.44,,,,0.223,-0.45,0.762,0,0.288,,,
54811,20130803,-88.85,41.84,0.21,-0.35,0.565,0,0.232,-0.52,0.833,0,0.238,-0.52,1,0,0.315,-0.25,0,0,0.439,,,,0.221,-0.46,0.851,0,0.287,,,
54811,20130804,-88.85,41.84,0.203,-0.4,0.708,0,0.232,-0.51,0.821,0,0.237,-0.52,1,0,0.313,-0.27,0.024,0,0.437,,,,0.218,-0.48,0.97,0,0.285,,,
54811,20130805,-88.85,41.84,0.198,-0.43,0.851,0,0.232,-0.5,0.821,0,0.237,-0.51,1,0,0.312,-0.3,0.071,0,0.436,,,,0.215,-0.5,0.97,0,0.283,,,
54811,20130806,-88.85,41.84,0.195,-0.45,0.899,0,0.231,-0.5,0.821,0,0.237,-0.52,1,0,0.311,-0.32,0.155,0,0.435,,,,0.213,-0.51,0.97,0,0.282,,,
54811,20130807,-88.85,41.84,0.192,-0.47,0.899,0,0.231,-0.5,0.821,0,0.236,-0.52,1,0,0.309,-0.33,0.226,0,0.434,,,,0.212,-0.52,0.97,0,0.281,,,
54811,20130808,-88.85,41.84,0.189,-0.49,0.899,0,0.231,-0.51,0.821,0,0.236,-0.53,1,0,0.308,-0.35,0.31,0,0.432,,,,0.21,-0.53,0.97,0,0.279,,,
54811,20130809,-88.85,41.84,0.186,-0.52,0.899,0,0.229,-0.52,0.857,0,0.235,-0.54,1,0,0.306,-0.36,0.446,0,0.43,,,,0.208,-0.56,0.97,0,0.277,,,
54811,20130810,-88.85,41.84,0.181,-0.57,1,0,0.224,-0.57,0.988,0,0.234,-0.55,1,0,0.304,-0.38,0.589,0,0.428,,,,0.202,-0.61,1,0,0.274,,,
54811,20130811,-88.85,41.84,0.176,-0.62,1,0,0.22,-0.61,1,0,0.233,-0.56,1,0,0.302,-0.41,0.708,0,0.426,,,,0.198,-0.66,1,0,0.271,,,
54811,20130812,-88.85,41.84,0.172,-0.65,1,0,0.216,-0.65,1,0,0.231,-0.58,1,0,0.3,-0.44,0.804,0,0.424,,,,0.194,-0.7,1,0,0.268,,,
54811,20130813,-88.85,41.84,0.168,-0.69,1,0,0.212,-0.68,1,0,0.229,-0.59,1,0,0.297,-0.47,0.863,0,0.423,,,,0.19,-0.73,1,0,0.266,,,
54811,20130814,-88.85,41.84,0.162,-0.74,1,0,0.207,-0.72,1,0,0.227,-0.6,1,0,0.293,-0.52,0.935,0,0.42,,,,0.185,-0.78,1,0,0.262,,,
54811,20130815,-88.85,41.84,0.157,-0.78,1,0,0.202,-0.76,1,0,0.223,-0.62,1,0,0.289,-0.56,0.994,0,0.417,,,,0.18,-0.83,1,0,0.258,,,
54811,20130816,-88.85,41.84,0.152,-0.82,1,0,0.198,-0.8,1,0,0.22,-0.65,1,0,0.285,-0.61,1,0,0.414,,,,0.175,-0.87,1,0,0.254,,,
54811,20130817,-88.85,41.84,0.149,-0.86,1,0,0.194,-0.83,1,0,0.217,-0.67,1,0,0.281,-0.65,1,0,0.411,,,,0.171,-0.91,1,0,0.25,,,
54811,20130818,-88.85,41.84,0.146,-0.89,1,0,0.19,-0.86,1,0,0.214,-0.69,1,0,0.278,-0.69,1,0,0.408,,,,0.168,-0.94,1,0,0.247,,,
54811,20130819,-88.85,41.84,0.143,-0.91,1,0,0.187,-0.88,1,0,0.211,-0.7,1,0,0.274,-0.73,1,0,0.405,,,,0.165,-0.97,1,0,0.244,,,
54811,20130820,-88.85,41.84,0.141,-0.93,1,0,0.185,-0.91,1,0,0.209,-0.72,1,0,0.271,-0.76,1,0,0.401,,,,0.163,-0.99,1,0,0.241,,,
54811,20130821,-88.85,41.84,0.139,-0.94,1,0,0.183,-0.93,1,0,0.207,-0.74,1,0,0.268,-0.8,1,0,0.399,,,,0.161,-1,1,0,0.239,,,
54811,20130822,-88.85,41.84,0.139,-0.94,0.994,0,0.182,-0.94,0.994,0,0.205,-0.74,0.994,0,0.266,-0.83,0.994,0,0.398,,,,0.16,-1,0.994,0,0.238,,,
54811,20130823,-88.85,41.84,0.169,-0.66,0.851,0.143,0.21,-0.68,0.851,0.143,0.229,-0.53,0.851,0.143,0.285,-0.58,0.851,0.143,0.407,,,,0.19,-0.72,0.851,0.143,0.26,,,
54811,20130824,-88.85,41.84,0.195,-0.43,0.708,0.286,0.236,-0.45,0.708,0.286,0.25,-0.35,0.708,0.286,0.303,-0.38,0.708,0.286,0.411,,,,0.215,-0.46,0.708,0.286,0.279,,,
54811,20130825,-88.85,41.84,0.217,-0.23,0.565,0.321,0.26,-0.23,0.565,0.429,0.269,-0.18,0.565,0.423,0.32,-0.19,0.565,0.429,0.416,,,,0.239,-0.24,0.565,0.423,0.296,,,
54811,20130826,-88.85,41.84,0.237,-0.06,0.423,0.321,0.283,-0.03,0.423,0.565,0.288,-0.01,0.423,0.44,0.336,-0.02,0.423,0.56,0.42,,,,0.26,-0.04,0.423,0.429,0.313,,,
54811,20130827,-88.85,41.84,0.254,0.09,0.28,0.321,0.303,0.16,0.28,0.571,0.307,0.14,0.28,0.44,0.352,0.16,0.28,0.673,0.425,,,,0.278,0.14,0.28,0.429,0.328,,,
54811,20130828,-88.85,41.84,0.268,0.2,0.137,0.321,0.322,0.33,0.137,0.571,0.324,0.28,0.137,0.44,0.368,0.33,0.137,0.756,0.428,,,,0.295,0.3,0.137,0.429,0.342,,,
54811,20130829,-88.85,41.84,0.278,0.3,0,0.321,0.338,0.48,0,0.571,0.339,0.41,0,0.44,0.383,0.49,0,0.768,0.432,,,,0.308,0.42,0,0.429,0.354,,,
54811,20130830,-88.85,41.84,0.257,0.12,0.083,0.179,0.323,0.35,0,0.429,0.33,0.31,0,0.298,0.376,0.37,0,0.637,0.425,,,,0.29,0.26,0,0.286,0.342,,,
54811,20130831,-88.85,41.84,0.246,0.02,0.155,0.042,0.315,0.28,0,0.351,0.326,0.28,0,0.22,0.372,0.32,0,0.56,0.423,,,,0.28,0.18,0,0.208,0.337,,,
54811,20130901,-88.85,41.84,0.242,-0.01,0.155,0.006,0.314,0.28,0,0.351,0.328,0.28,0,0.22,0.371,0.28,0,0.506,0.422,,,,0.278,0.16,0,0.089,0.335,,,
54811,20130902,-88.85,41.84,0.24,-0.03,0.155,0.006,0.314,0.28,0,0.351,0.33,0.29,0,0.292,0.37,0.26,0,0.393,0.42,,,,0.277,0.15,0,0.083,0.334,,,
54811,20130903,-88.85,41.84,0.237,-0.04,0.155,0.006,0.313,0.28,0,0.351,0.331,0.3,0,0.304,0.369,0.23,0,0.286,0.418,,,,0.275,0.15,0,0.083,0.334,,,
54811,20130904,-88.85,41.84,0.234,-0.06,0.155,0.006,0.312,0.28,0,0.351,0.332,0.31,0,0.304,0.367,0.21,0,0.202,0.418,,,,0.273,0.15,0,0.083,0.333,,,
54811,20130905,-88.85,41.84,0.233,-0.06,0.155,0.006,0.311,0.28,0,0.351,0.333,0.32,0,0.304,0.366,0.19,0,0.19,0.417,,,,0.272,0.15,0,0.083,0.332,,,
54811,20130906,-88.85,41.84,0.232,-0.06,0.167,0.006,0.31,0.29,0,0.351,0.334,0.33,0,0.304,0.364,0.17,0,0.179,0.417,,,,0.271,0.16,0,0.083,0.331,,,
54811,20130907,-88.85,41.84,0.225,-0.12,0.238,0,0.304,0.25,0,0.286,0.33,0.31,0,0.238,0.361,0.14,0,0.113,0.416,,,,0.265,0.11,0,0.018,0.327,,,
54811,20130908,-88.85,41.84,0.214,-0.21,0.381,0,0.292,0.17,0,0.143,0.321,0.25,0,0.101,0.357,0.1,0,0.024,0.415,,,,0.253,0.02,0,0,0.32,,,
54811,20130909,-88.85,41.84,0.204,-0.29,0.524,0,0.28,0.08,0,0.006,0.313,0.19,0,0.012,0.354,0.06,0,0.006,0.414,,,,0.242,-0.07,0,0,0.313,,,
54811,20130910,-88.85,41.84,0.197,-0.35,0.667,0,0.269,0.01,0,0,0.305,0.13,0,0,0.351,0.03,0,0,0.412,,,,0.233,-0.14,0.06,0,0.307,,,
54811,20130911,-88.85,41.84,0.192,-0.39,0.81,0,0.26,-0.06,0,0,0.297,0.08,0,0,0.347,0,0,0,0.411,,,,0.226,-0.2,0.202,0,0.301,,,
54811,20130912,-88.85,41.84,0.187,-0.42,0.952,0,0.251,-0.12,0,0,0.289,0.02,0,0,0.344,-0.02,0,0,0.41,,,,0.219,-0.26,0.345,0,0.296,,,
54811,20130913,-88.85,41.84,0.183,-0.45,1,0,0.243,-0.19,0.131,0,0.282,-0.03,0,0,0.342,-0.04,0,0,0.409,,,,0.213,-0.32,0.488,0,0.292,,,
54811,20130914,-88.85,41.84,0.179,-0.47,1,0,0.236,-0.25,0.274,0,0.274,-0.09,0,0,0.338,-0.07,0,0,0.407,,,,0.207,-0.37,0.631,0,0.287,,,
54811,20130915,-88.85,41.84,0.175,-0.5,1,0,0.228,-0.32,0.417,0,0.266,-0.15,0,0,0.335,-0.09,0,0,0.406,,,,0.201,-0.42,0.774,0,0.282,,,
54811,20130916,-88.85,41.84,0.192,-0.33,0.863,0.101,0.23,-0.29,0.464,0.095,0.265,-0.16,0,0,0.331,-0.12,0,0,0.404,,,,0.211,-0.32,0.786,0.095,0.284,,,
54811,20130917,-88.85,41.84,0.208,-0.18,0.72,0.244,0.237,-0.21,0.464,0.173,0.266,-0.14,0,0,0.328,-0.15,0,0,0.403,,,,0.223,-0.2,0.726,0.238,0.289,,,
54811,20130918,-88.85,41.84,0.223,-0.04,0.577,0.357,0.245,-0.14,0.464,0.173,0.269,-0.12,0,0,0.324,-0.17,0,0,0.402,,,,0.234,-0.08,0.583,0.256,0.293,,,
54811,20130919,-88.85,41.84,0.238,0.11,0.435,0.44,0.253,-0.05,0.464,0.173,0.272,-0.09,0,0,0.321,-0.2,0,0,0.401,,,,0.246,0.04,0.44,0.333,0.297,,,
54811,20130920,-88.85,41.84,0.254,0.26,0.292,0.583,0.263,0.04,0.333,0.173,0.276,-0.06,0,0,0.318,-0.22,0,0,0.4,,,,0.259,0.17,0.298,0.458,0.302,,,
54811,20130921,-88.85,41.84,0.272,0.42,0.149,0.726,0.273,0.14,0.19,0.173,0.281,-0.01,0,0,0.316,-0.23,0,0,0.399,,,,0.272,0.31,0.155,0.583,0.308,,,
54811,20130922,-88.85,41.84,0.287,0.56,0.006,0.792,0.283,0.24,0.048,0.173,0.287,0.04,0,0,0.315,-0.25,0,0,0.398,,,,0.285,0.44,0.012,0.583,0.314,,,
54811,20130923,-88.85,41.84,0.28,0.5,0,0.69,0.283,0.24,0,0.077,0.286,0.03,0,0,0.314,-0.26,0,0,0.397,,,,0.281,0.41,0,0.488,0.312,,,
54811,20130924,-88.85,41.84,0.272,0.42,0,0.548,0.278,0.2,0,0,0.283,0.01,0,0,0.312,-0.28,0,0,0.396,,,,0.275,0.35,0,0.345,0.308,,,
54811,20130925,-88.85,41.84,0.264,0.35,0,0.435,0.272,0.15,0,0,0.279,-0.01,0,0,0.311,-0.29,0,0,0.395,,,,0.268,0.29,0,0.327,0.304,,,
54811,20130926,-88.85,41.84,0.255,0.27,0,0.351,0.266,0.1,0,0,0.275,-0.04,0,0,0.31,-0.31,0,0,0.394,,,,0.26,0.22,0,0.25,0.3,,,
54811,20130927,-88.85,41.84,0.243,0.17,0,0.208,0.259,0.04,0,0,0.271,-0.07,0,0,0.308,-0.33,0,0,0.393,,,,0.251,0.13,0,0.125,0.295,,,
54811,20130928,-88.85,41.84,0.231,0.05,0,0.065,0.251,-0.03,0,0,0.266,-0.1,0,0,0.306,-0.35,0,0,0.392,,,,0.241,0.02,0,0,0.289,,,
54811,20130929,-88.85,41.84,0.22,-0.05,0.012,0,0.243,-0.09,0,0,0.261,-0.14,0,0,0.304,-0.36,0,0,0.391,,,,0.232,-0.07,0,0,0.284,,,
54811,20130930,-88.85,41.84,0.212,-0.12,0.012,0,0.235,-0.16,0.048,0,0.257,-0.18,0,0,0.302,-0.37,0,0,0.389,,,,0.224,-0.15,0.048,0,0.279,,,
54811,20131001,-88.85,41.84,0.204,-0.18,0.024,0,0.229,-0.22,0.185,0,0.252,-0.21,0,0,0.3,-0.39,0,0,0.387,,,,0.216,-0.22,0.19,0,0.274,,,
54811,20131002,-88.85,41.84,0.198,-0.23,0.042,0,0.223,-0.27,0.327,0,0.249,-0.24,0,0,0.298,-0.4,0,0,0.385,,,,0.211,-0.28,0.333,0,0.271,,,
54811,20131003,-88.85,41.84,0.193,-0.27,0.155,0,0.218,-0.32,0.47,0,0.245,-0.27,0,0,0.297,-0.41,0,0,0.383,,,,0.206,-0.33,0.476,0,0.267,,,
54811,20131004,-88.85,41.84,0.198,-0.24,0.167,0,0.214,-0.36,0.613,0,0.243,-0.29,0,0,0.295,-0.42,0,0,0.382,,,,0.206,-0.33,0.488,0,0.266,,,
54811,20131005,-88.85,41.84,0.205,-0.2,0.167,0,0.212,-0.39,0.756,0,0.241,-0.31,0,0,0.294,-0.43,0,0,0.38,,,,0.208,-0.32,0.488,0,0.266,,,
54811,20131006,-88.85,41.84,0.212,-0.16,0.155,0,0.211,-0.41,0.899,0,0.241,-0.32,0,0,0.293,-0.44,0,0,0.379,,,,0.212,-0.31,0.488,0,0.267,,,
54811,20131007,-88.85,41.84,0.222,-0.1,0.155,0,0.21,-0.43,0.994,0,0.24,-0.33,0,0,0.292,-0.44,0,0,0.378,,,,0.216,-0.28,0.44,0,0.268,,,
54811,20131008,-88.85,41.84,0.231,-0.05,0.143,0,0.209,-0.46,1,0,0.239,-0.34,0,0,0.292,-0.45,0,0,0.378,,,,0.22,-0.26,0.298,0,0.27,,,
54811,20131009,-88.85,41.84,0.238,0,0.125,0,0.208,-0.49,1,0,0.238,-0.35,0.048,0,0.291,-0.45,0,0,0.377,,,,0.223,-0.25,0.155,0,0.27,,,
54811,20131010,-88.85,41.84,0.245,0.03,0.012,0,0.208,-0.52,1,0,0.237,-0.37,0.185,0,0.29,-0.45,0,0,0.377,,,,0.226,-0.24,0.024,0,0.271,,,
54811,20131011,-88.85,41.84,0.241,-0.01,0,0,0.207,-0.55,1,0,0.236,-0.4,0.327,0,0.288,-0.46,0,0,0.376,,,,0.224,-0.27,0.155,0,0.27,,,
54811,20131012,-88.85,41.84,0.236,-0.06,0.012,0,0.206,-0.58,1,0,0.235,-0.43,0.47,0,0.287,-0.46,0,0,0.375,,,,0.221,-0.31,0.298,0,0.268,,,
54811,20131013,-88.85,41.84,0.234,-0.09,0.012,0,0.205,-0.63,1,0,0.233,-0.46,0.613,0,0.286,-0.47,0,0,0.374,,,,0.219,-0.34,0.411,0,0.266,,,
54811,20131014,-88.85,41.84,0.227,-0.14,0.012,0,0.204,-0.67,1,0,0.232,-0.49,0.756,0,0.284,-0.48,0,0,0.373,,,,0.216,-0.39,0.554,0,0.264,,,
54811,20131015,-88.85,41.84,0.222,-0.2,0.012,0,0.204,-0.71,1,0,0.23,-0.53,0.899,0,0.283,-0.49,0.006,0,0.372,,,,0.213,-0.44,0.696,0,0.262,,,
54811,20131016,-88.85,41.84,0.217,-0.25,0.012,0,0.203,-0.75,1,0,0.229,-0.56,0.994,0,0.282,-0.49,0.006,0,0.37,,,,0.21,-0.49,0.839,0,0.26,,,
54811,20131017,-88.85,41.84,0.213,-0.29,0.024,0,0.202,-0.8,1,0,0.229,-0.59,1,0,0.281,-0.49,0.006,0,0.369,,,,0.208,-0.53,0.97,0,0.259,,,
54811,20131018,-88.85,41.84,0.22,-0.26,0.024,0,0.201,-0.85,1,0,0.228,-0.62,1,0,0.28,-0.5,0.018,0,0.369,,,,0.211,-0.53,0.845,0,0.26,,,
54811,20131019,-88.85,41.84,0.229,-0.22,0.012,0,0.2,-0.89,1,0,0.228,-0.65,1,0,0.278,-0.51,0.036,0,0.368,,,,0.215,-0.52,0.808,0,0.261,,,
54811,20131020,-88.85,41.84,0.232,-0.21,0.012,0,0.2,-0.94,1,0,0.227,-0.68,1,0,0.277,-0.52,0.066,0,0.367,,,,0.216,-0.53,0.838,0,0.26,,,
54811,20131021,-88.85,41.84,0.236,-0.2,0.012,0,0.2,-0.98,1,0,0.226,-0.72,1,0,0.276,-0.53,0.102,0,0.366,,,,0.218,-0.54,0.838,0,0.261,,,
54811,20131022,-88.85,41.84,0.24,-0.2,0.012,0,0.199,-1.03,1,0,0.226,-0.75,1,0,0.274,-0.54,0.156,0,0.365,,,,0.22,-0.56,0.838,0,0.261,,,
54811,20131023,-88.85,41.84,0.244,-0.2,0.012,0,0.199,-1.08,1,0,0.225,-0.8,1,0,0.273,-0.55,0.246,0,0.364,,,,0.222,-0.59,0.838,0,0.261,,,
54811,20131024,-88.85,41.84,0.249,-0.2,0.042,0,0.198,-1.14,1,0,0.224,-0.84,1,0,0.271,-0.57,0.377,0,0.363,,,,0.224,-0.62,0.838,0,0.261,,,
54811,20131025,-88.85,41.84,0.244,-0.28,0.18,0,0.198,-1.21,1,0,0.223,-0.88,1,0,0.27,-0.59,0.509,0,0.362,,,,0.221,-0.69,0.964,0,0.259,,,
54811,20131026,-88.85,41.84,0.24,-0.35,0.321,0,0.198,-1.28,1,0,0.222,-0.93,1,0,0.268,-0.61,0.631,0,0.362,,,,0.219,-0.77,1,0,0.258,,,
54811,20131027,-88.85,41.84,0.235,-0.42,0.464,0,0.197,-1.37,1,0,0.222,-0.99,1,0,0.267,-0.62,0.738,0,0.362,,,,0.216,-0.85,1,0,0.257,,,
54811,20131028,-88.85,41.84,0.231,-0.5,0.607,0,0.197,-1.45,1,0,0.221,-1.05,1,0,0.266,-0.64,0.845,0,0.362,,,,0.214,-0.93,1,0,0.255,,,
54811,20131029,-88.85,41.84,0.227,-0.57,0.75,0,0.197,-1.55,1,0,0.221,-1.1,1,0,0.265,-0.66,0.923,0,0.361,,,,0.212,-1.02,1,0,0.254,,,
54811,20131030,-88.85,41.84,0.223,-0.64,0.893,0,0.197,-1.65,1,0,0.221,-1.16,1,0,0.264,-0.67,0.97,0,0.362,,,,0.21,-1.12,1,0,0.253,,,
54811,20131031,-88.85,41.84,0.231,-0.61,0.923,0.048,0.202,-1.68,0.994,0,0.225,-1.17,0.958,0,0.263,-0.68,0.982,0,0.362,,,,0.217,-1.11,0.952,0.006,0.257,,,
54811,20131101,-88.85,41.84,0.254,-0.46,0.786,0.19,0.228,-1.42,0.851,0.077,0.243,-0.98,0.815,0.101,0.263,-0.68,0.982,0,0.362,,,,0.241,-0.9,0.81,0.113,0.27,,,
54811,20131102,-88.85,41.84,0.272,-0.33,0.643,0.31,0.251,-1.18,0.708,0.077,0.263,-0.79,0.673,0.137,0.264,-0.68,0.976,0,0.361,,,,0.262,-0.72,0.667,0.119,0.282,,,
54811,20131103,-88.85,41.84,0.291,-0.2,0.5,0.321,0.273,-0.95,0.565,0.077,0.281,-0.6,0.53,0.137,0.265,-0.66,0.905,0,0.361,,,,0.282,-0.54,0.524,0.119,0.294,,,
54811,20131104,-88.85,41.84,0.309,-0.07,0.357,0.321,0.293,-0.73,0.423,0.077,0.298,-0.41,0.387,0.137,0.267,-0.65,0.798,0,0.36,,,,0.301,-0.37,0.381,0.119,0.305,,,
54811,20131105,-88.85,41.84,0.326,0.05,0.214,0.321,0.313,-0.5,0.28,0.077,0.315,-0.23,0.244,0.137,0.269,-0.63,0.667,0,0.36,,,,0.32,-0.19,0.238,0.119,0.317,,,
54811,20131106,-88.85,41.84,0.347,0.21,0.071,0.351,0.335,-0.24,0.155,0.101,0.333,-0.02,0.101,0.161,0.271,-0.61,0.53,0,0.359,,,,0.341,0.03,0.095,0.149,0.329,,,
54811,20131107,-88.85,41.84,0.362,0.33,0,0.446,0.356,0.04,0.018,0.179,0.352,0.22,0,0.304,0.281,-0.52,0.387,0,0.358,,,,0.359,0.22,0,0.262,0.342,,,
54811,20131108,-88.85,41.84,0.358,0.3,0,0.399,0.354,0,0.018,0.101,0.354,0.22,0,0.268,0.291,-0.44,0.244,0,0.357,,,,0.356,0.18,0,0.155,0.343,,,
54811,20131109,-88.85,41.84,0.357,0.28,0,0.28,0.354,-0.02,0.018,0.101,0.354,0.22,0,0.256,0.302,-0.35,0.107,0,0.356,,,,0.355,0.16,0,0.149,0.345,,,
54811,20131110,-88.85,41.84,0.356,0.27,0,0.268,0.354,-0.04,0.018,0.101,0.355,0.22,0,0.256,0.312,-0.26,0.042,0,0.355,,,,0.355,0.15,0,0.149,0.347,,,
54811,20131111,-88.85,41.84,0.355,0.25,0,0.268,0.354,-0.05,0.018,0.101,0.357,0.22,0,0.256,0.322,-0.17,0.006,0,0.356,,,,0.355,0.13,0,0.149,0.349,,,
54811,20131112,-88.85,41.84,0.355,0.24,0,0.268,0.354,-0.05,0.018,0.101,0.358,0.22,0,0.256,0.332,-0.09,0,0,0.356,,,,0.355,0.12,0,0.149,0.351,,,
54811,20131113,-88.85,41.84,0.352,0.2,0,0.238,0.353,-0.09,0.03,0.077,0.358,0.21,0,0.232,0.341,-0.02,0,0,0.356,,,,0.353,0.07,0,0.119,0.352,,,
54811,20131114,-88.85,41.84,0.343,0.1,0,0.095,0.346,-0.2,0.113,0,0.352,0.11,0,0.089,0.343,-0.01,0,0,0.355,,,,0.344,-0.04,0,0,0.348,,,
54811,20131115,-88.85,41.84,0.338,0.04,0,0,0.342,-0.26,0.196,0,0.349,0.06,0,0.024,0.343,-0.01,0,0,0.356,,,,0.34,-0.11,0,0,0.345,,,
54811,20131116,-88.85,41.84,0.334,-0.02,0,0,0.339,-0.31,0.298,0,0.347,0.02,0,0,0.343,-0.02,0,0,0.355,,,,0.337,-0.16,0,0,0.344,,,
54811,20131117,-88.85,41.84,0.337,0.01,0,0.071,0.34,-0.32,0.369,0,0.346,0,0,0,0.342,-0.04,0,0,0.354,,,,0.338,-0.15,0,0.06,0.344,,,
54811,20131118,-88.85,41.84,0.343,0.09,0,0.167,0.36,-0.1,0.369,0.113,0.346,-0.02,0,0,0.341,-0.05,0,0,0.354,,,,0.352,0.01,0,0.202,0.344,,,
54811,20131119,-88.85,41.84,0.344,0.1,0,0.179,0.382,0.13,0.369,0.256,,,,,,,,,,,,,0.363,0.15,0,0.345,,,,
54811,20131120,-88.85,41.84,0.344,0.1,0,0.179,0.404,0.36,0.339,0.399,,,,,,,,,,,,,0.374,0.27,0,0.488,,,,
54811,20131121,-88.85,41.84,0.347,0.12,0.018,0.214,0.425,0.59,0.256,0.542,,,,,,,,,,,,,0.386,0.41,0,0.631,,,,
54811,20131122,-88.85,41.84,0.349,0.14,0.018,0.238,0.448,0.82,0.173,0.685,,,,,,,,,,,,,0.399,0.55,0,0.774,,,,
54811,20131123,-88.85,41.84,0.352,0.17,0.018,0.244,0.47,1.05,0.071,0.827,,,,,,,,,,,,,0.411,0.69,0,0.917,,,,
54811,20131124,-88.85,41.84,0.348,0.1,0.018,0.173,0.488,1.23,0,0.97,,,,,,,,,,,,,0.418,0.75,0,1,,,,
54811,20131125,-88.85,41.84,0.34,-0.01,0.018,0.077,0.485,1.17,0,1,,,,,,,,,,,,,0.413,0.66,0,1,,,,
54811,20131126,-88.85,41.84,0.338,-0.04,0.018,0.065,0.482,1.11,0,1,,,,,,,,,,,,,0.41,0.61,0,1,,,,
54811,20131127,-88.85,41.84,0.34,-0.04,0.018,0.065,0.48,1.07,0,1,,,,,,,,,,,,,0.41,0.57,0,1,,,,
54811,20131128,-88.85,41.84,0.338,-0.06,0,0.035,0.477,1.02,0,1,,,,,,,,,0.463,,,,0.408,0.55,0,1,,,,
54811,20131129,-88.85,41.84,,,,,0.472,0.97,0,1,,,,,,,,,0.464,,,,,,,,,,,
54811,20131130,-88.85,41.84,,,,,0.47,0.93,0,1,,,,,,,,,0.464,,,,,,,,,,,
54811,20131201,-88.85,41.84,,,,,0.468,0.9,0,1,,,,,,,,,0.465,,,,,,,,,,,
54811,20131202,-88.85,41.84,,,,,0.467,0.89,0,1,,,,,,,,,0.465,,,,,,,,,,,
54811,20131203,-88.85,41.84,,,,,0.466,0.89,0,1,,,,,,,,,0.465,,,,,,,,,,,
54811,20131204,-88.85,41.84,,,,,0.467,0.9,0,1,,,,,,,,,0.466,,,,,,,,,,,
54811,20131205,-88.85,41.84,,,,,0.468,0.93,0,1,,,,,,,,,0.466,,,,,,,,,,,
54811,20131206,-88.85,41.84,,,,,0.469,0.96,0,1,,,,,,,,,0.466,,,,,,,,,,,
54811,20131207,-88.85,41.84,0.338,-0.34,0.281,0,0.469,0.97,0,1,,,,,,,,,0.467,,,,0.404,0.3,0,0.407,,,,
54811,20131208,-88.85,41.84,,,,,0.476,1.1,0,1,,,,,,,,,0.467,,,,,,,,,,,
54811,20131209,-88.85,41.84,,,,,,,,,,,,,,,,,0.467,,,,,,,,,,,
54811,20131210,-88.85,41.84,,,,,,,,,,,,,,,,,0.467,,,,,,,,,,,
54811,20131211,-88.85,41.84,,,,,,,,,,,,,,,,,0.468,,,,,,,,,,,
54811,20131212,-88.85,41.84,,,,,,,,,,,,,,,,,0.468,,,,,,,,,,,
54811,20131213,-88.85,41.84,,,,,,,,,,,,,,,,,0.468,,,,,,,,,,,
54811,20131214,-88.85,41.84,,,,,,,,,,,,,,,,,0.468,,,,,,,,,,,
54811,20131215,-88.85,41.84,,,,,,,,,,,,,,,,,0.468,,,,,,,,,,,
54811,20131216,-88.85,41.84,,,,,,,,,,,,,,,,,0.468,,,,,,,,,,,
54811,20131217,-88.85,41.84,,,,,,,,,,,,,,,,,0.468,,,,,,,,,,,
54811,20131218,-88.85,41.84,,,,,,,,,,,,,,,,,0.468,,,,,,,,,,,
54811,20131219,-88.85,41.84,,,,,,,,,,,,,,,,,0.468,,,,,,,,,,,
54811,20131220,-88.85,41.84,,,,,,,,,,,,,,,,,0.468,,,,,,,,,,,
54811,20131221,-88.85,41.84,,,,,,,,,,,,,,,,,0.468,,,,,,,,,,,
54811,20131222,-88.85,41.84,,,,,,,,,,,,,,,,,0.468,,,,,,,,,,,
54811,20131223,-88.85,41.84,,,,,,,,,,,,,,,,,0.468,,,,,,,,,,,
54811,20131224,-88.85,41.84,,,,,,,,,,,,,,,,,0.468,,,,,,,,,,,
54811,20131225,-88.85,41.84,,,,,,,,,,,,,,,,,0.468,,,,,,,,,,,
54811,20131226,-88.85,41.84,,,,,,,,,,,,,,,,,0.468,,,,,,,,,,,
54811,20131227,-88.85,41.84,,,,,,,,,,,,,,,,,0.468,,,,,,,,,,,
54811,20131228,-88.85,41.84,,,,,,,,,,,,,,,,,0.468,,,,,,,,,,,
54811,20131229,-88.85,41.84,,,,,,,,,,,,,,,,,0.468,,,,,,,,,,,
54811,20131230,-88.85,41.84,,,,,,,,,,,,,,,,,0.468,,,,,,,,,,,
54811,20131231,-88.85,41.84,,,,,,,,,,,,,,,,,0.468,,,,,,,,,,,
54811,20140101,-88.85,41.84,,,,,,,,,,,,,,,,,0.468,,,,,,,,,,,
54811,20140102,-88.85,41.84,,,,,,,,,,,,,,,,,0.468,,,,,,,,,,,
54811,20140103,-88.85,41.84,,,,,,,,,,,,,,,,,0.468,,,,,,,,,,,
54811,20140104,-88.85,41.84,,,,,,,,,,,,,,,,,0.468,,,,,,,,,,,
54811,20140105,-88.85,41.84,,,,,,,,,,,,,,,,,0.468,,,,,,,,,,,
54811,20140106,-88.85,41.84,,,,,,,,,,,,,,,,,0.468,,,,,,,,,,,
54811,20140107,-88.85,41.84,,,,,,,,,,,,,,,,,0.468,,,,,,,,,,,
54811,20140108,-88.85,41.84,,,,,,,,,,,,,,,,,0.469,,,,,,,,,,,
54811,20140109,-88.85,41.84,,,,,,,,,,,,,,,,,0.469,,,,,,,,,,,
54811,20140110,-88.85,41.84,,,,,,,,,,,,,,,,,0.469,,,,,,,,,,,
54811,20140111,-88.85,41.84,,,,,,,,,,,,,,,,,0.469,,,,,,,,,,,
54811,20140112,-88.85,41.84,,,,,,,,,,,,,,,,,0.469,,,,,,,,,,,
54811,20140113,-88.85,41.84,,,,,,,,,,,,,,,,,0.469,,,,,,,,,,,
54811,20140114,-88.85,41.84,,,,,,,,,,,,,,,,,0.469,,,,,,,,,,,
54811,20140115,-88.85,41.84,,,,,,,,,,,,,,,,,0.469,,,,,,,,,,,
54811,20140116,-88.85,41.84,,,,,,,,,,,,,,,,,0.469,,,,,,,,,,,
54811,20140117,-88.85,41.84,,,,,,,,,,,,,,,,,0.469,,,,,,,,,,,
54811,20140118,-88.85,41.84,,,,,,,,,,,,,,,,,0.469,,,,,,,,,,,
54811,20140119,-88.85,41.84,,,,,,,,,,,,,,,,,0.469,,,,,,,,,,,
54811,20140120,-88.85,41.84,,,,,,,,,,,,,,,,,0.469,,,,,,,,,,,
54811,20140121,-88.85,41.84,,,,,,,,,,,,,,,,,0.47,,,,,,,,,,,
54811,20140122,-88.85,41.84,,,,,,,,,,,,,,,,,0.47,,,,,,,,,,,
54811,20140123,-88.85,41.84,,,,,,,,,,,,,,,,,0.47,,,,,,,,,,,
54811,20140124,-88.85,41.84,,,,,,,,,,,,,,,,,0.47,,,,,,,,,,,
54811,20140125,-88.85,41.84,,,,,,,,,,,,,,,,,0.47,,,,,,,,,,,
54811,20140126,-88.85,41.84,,,,,,,,,,,,,,,,,0.47,,,,,,,,,,,
54811,20140127,-88.85,41.84,,,,,,,,,,,,,,,,,0.47,,,,,,,,,,,
54811,20140128,-88.85,41.84,,,,,,,,,,,,,,,,,0.47,,,,,,,,,,,
54811,20140129,-88.85,41.84,,,,,,,,,,,,,,,,,0.47,,,,,,,,,,,
54811,20140130,-88.85,41.84,,,,,,,,,,,,,,,,,0.47,,,,,,,,,,,
54811,20140131,-88.85,41.84,,,,,,,,,,,,,,,,,0.47,,,,,,,,,,,
54811,20140201,-88.85,41.84,,,,,,,,,,,,,,,,,0.47,,,,,,,,,,,
54811,20140202,-88.85,41.84,,,,,,,,,,,,,,,,,0.47,,,,,,,,,,,
54811,20140203,-88.85,41.84,,,,,,,,,,,,,,,,,0.47,,,,,,,,,,,
54811,20140204,-88.85,41.84,,,,,,,,,,,,,,,,,0.47,,,,,,,,,,,
54811,20140205,-88.85,41.84,,,,,,,,,,,,,,,,,0.47,,,,,,,,,,,
54811,20140206,-88.85,41.84,,,,,,,,,,,,,,,,,0.47,,,,,,,,,,,
54811,20140207,-88.85,41.84,,,,,,,,,,,,,,,,,0.47,,,,,,,,,,,
54811,20140208,-88.85,41.84,,,,,,,,,,,,,,,,,0.47,,,,,,,,,,,
54811,20140209,-88.85,41.84,,,,,,,,,,,,,,,,,0.47,,,,,,,,,,,
54811,20140210,-88.85,41.84,,,,,,,,,,,,,,,,,0.47,,,,,,,,,,,
54811,20140211,-88.85,41.84,,,,,,,,,,,,,,,,,0.47,,,,,,,,,,,
54811,20140212,-88.85,41.84,,,,,,,,,,,,,,,,,0.47,,,,,,,,,,,
54811,20140213,-88.85,41.84,,,,,,,,,,,,,,,,,0.47,,,,,,,,,,,
54811,20140214,-88.85,41.84,,,,,,,,,,,,,,,,,0.47,,,,,,,,,,,
54811,20140215,-88.85,41.84,,,,,,,,,,,,,,,,,0.471,,,,,,,,,,,
54811,20140216,-88.85,41.84,,,,,,,,,,,,,,,,,0.471,,,,,,,,,,,
54811,20140217,-88.85,41.84,,,,,,,,,,,,,,,,,0.471,,,,,,,,,,,
54811,20140218,-88.85,41.84,,,,,,,,,,,,,,,,,0.471,,,,,,,,,,,
54811,20140219,-88.85,41.84,,,,,,,,,,,,,,,,,0.471,,,,,,,,,,,
54811,20140220,-88.85,41.84,,,,,,,,,,,,,,,,,0.471,,,,,,,,,,,
54811,20140221,-88.85,41.84,,,,,,,,,,,,,,,,,0.471,,,,,,,,,,,
54811,20140222,-88.85,41.84,,,,,,,,,,,,,,,,,0.471,,,,,,,,,,,
54811,20140223,-88.85,41.84,,,,,,,,,,,,,,,,,0.47,,,,,,,,,,,
54811,20140224,-88.85,41.84,,,,,,,,,,,,,,,,,0.469,,,,,,,,,,,
54811,20140225,-88.85,41.84,,,,,,,,,,,,,,,,,0.466,,,,,,,,,,,
54811,20140226,-88.85,41.84,,,,,,,,,,,,,,,,,0.463,,,,,,,,,,,
54811,20140227,-88.85,41.84,,,,,,,,,,,,,,,,,0.46,,,,,,,,,,,
54811,20140228,-88.85,41.84,,,,,,,,,,,,,,,,,0.458,,,,,,,,,,,
54811,20140301,-88.85,41.84,,,,,,,,,,,,,,,,,0.456,,,,,,,,,,,
54811,20140302,-88.85,41.84,,,,,,,,,,,,,,,,,0.454,,,,,,,,,,,
54811,20140303,-88.85,41.84,,,,,,,,,,,,,,,,,0.454,,,,,,,,,,,
54811,20140304,-88.85,41.84,,,,,,,,,,,,,,,,,0.455,,,,,,,,,,,
54811,20140305,-88.85,41.84,,,,,,,,,,,,,,,,,0.457,,,,,,,,,,,
54811,20140306,-88.85,41.84,,,,,,,,,,,,,,,,,0.458,,,,,,,,,,,
54811,20140307,-88.85,41.84,,,,,,,,,,,,,,,,,0.459,,,,,,,,,,,
54811,20140308,-88.85,41.84,,,,,,,,,,,,,,,,,0.46,,,,,,,,,,,
54811,20140309,-88.85,41.84,,,,,,,,,,,,,,,,,0.461,,,,,,,,,,,
54811,20140310,-88.85,41.84,,,,,,,,,,,,,,,,,0.461,,,,,,,,,,,
54811,20140311,-88.85,41.84,,,,,,,,,,,,,,,,,0.461,,,,,,,,,,,
54811,20140312,-88.85,41.84,,,,,,,,,,,,,,,,,0.46,,,,,,,,,,,
54811,20140313,-88.85,41.84,,,,,,,,,,,,,,,,,0.459,,,,,,,,,,,
54811,20140314,-88.85,41.84,,,,,,,,,,,,,,,,,0.458,,,,,,,,,,,
54811,20140315,-88.85,41.84,,,,,,,,,,,,,,,,,0.456,,,,,,,,,,,
54811,20140316,-88.85,41.84,,,,,,,,,,,,,,,,,0.455,,,,,,,,,,,
54811,20140317,-88.85,41.84,,,,,,,,,,,,,,,,,0.453,,,,,,,,,,,
54811,20140318,-88.85,41.84,,,,,,,,,,,,,,,,,0.454,,,,,,,,,,,
54811,20140319,-88.85,41.84,,,,,,,,,,,,,,,,,0.455,,,,,,,,,,,
54811,20140320,-88.85,41.84,,,,,,,,,,,,,,,,,0.456,,,,,,,,,,,
54811,20140321,-88.85,41.84,,,,,,,,,,,,,,,,,0.457,,,,,,,,,,,
54811,20140322,-88.85,41.84,,,,,,,,,,,,,,,,,0.459,,,,,,,,,,,
54811,20140323,-88.85,41.84,,,,,,,,,,,,,,,,,0.46,,,,,,,,,,,
54811,20140324,-88.85,41.84,,,,,,,,,,,,,,,,,0.461,,,,,,,,,,,
54811,20140325,-88.85,41.84,,,,,,,,,,,,,,,,,0.461,,,,,,,,,,,
54811,20140326,-88.85,41.84,,,,,,,,,,,,,,,,,0.461,,,,,,,,,,,
54811,20140327,-88.85,41.84,,,,,,,,,,,,,,,,,0.462,,,,,,,,,,,
54811,20140328,-88.85,41.84,,,,,,,,,,,,,,,,,0.462,,,,,,,,,,,
54811,20140329,-88.85,41.84,,,,,,,,,,,,,,,,,0.462,,,,,,,,,,,
54811,20140330,-88.85,41.84,,,,,,,,,,,,,,,,,0.462,,,,,,,,,,,
54811,20140331,-88.85,41.84,,,,,,,,,,,,,,,,,0.462,,,,,,,,,,,
54811,20140401,-88.85,41.84,,,,,,,,,,,,,,,,,0.462,,,,,,,,,,,
54811,20140402,-88.85,41.84,,,,,,,,,,,,,,,,,0.462,,,,,,,,,,,
54811,20140403,-88.85,41.84,,,,,,,,,,,,,,,,,0.462,,,,,,,,,,,
54811,20140404,-88.85,41.84,,,,,,,,,,,,,,,,,0.462,,,,,,,,,,,
54811,20140405,-88.85,41.84,,,,,,,,,,,,,,,,,0.461,,,,,,,,,,,
54811,20140406,-88.85,41.84,,,,,,,,,,,,,,,,,0.461,,,,,,,,,,,
54811,20140407,-88.85,41.84,0.364,-0.07,0.229,0.05,0.475,1.04,0,0.934,,,,,,,,,0.461,,,,,,,,,,,
54811,20140408,-88.85,41.84,0.363,-0.07,0.225,0.049,0.476,1.07,0,0.957,,,,,,,,,0.461,,,,0.421,0.67,0.007,0.978,,,,
54811,20140409,-88.85,41.84,0.362,-0.06,0.118,0.046,0.48,1.15,0,1,,,,,,,,,0.461,,,,0.421,0.69,0,0.993,,,,
54811,20140410,-88.85,41.84,0.362,-0.04,0,0.038,0.481,1.17,0,1,,,,,,,,,0.46,,,,0.421,0.69,0,1,,,,
54811,20140411,-88.85,41.84,0.354,-0.14,0,0,0.481,1.18,0,1,,,,,,,,,0.46,,,,0.417,0.62,0,1,,,,
54811,20140412,-88.85,41.84,0.349,-0.18,0.012,0,0.481,1.19,0,1,,,,,,,,,0.46,,,,0.415,0.59,0,1,,,,
54811,20140413,-88.85,41.84,0.345,-0.22,0.012,0,0.481,1.2,0,1,,,,,,,,,0.461,,,,0.413,0.56,0,1,,,,
54811,20140414,-88.85,41.84,0.346,-0.19,0.012,0.06,0.485,1.26,0,1,,,,,,,,,0.461,,,,0.416,0.6,0,1,,,,
54811,20140415,-88.85,41.84,0.347,-0.17,0.012,0.06,0.488,1.31,0,1,,,,,,,,,0.461,,,,0.417,0.62,0,1,,,,
54811,20140416,-88.85,41.84,0.346,-0.16,0.012,0.06,0.489,1.33,0,1,,,,,,,,,0.461,,,,0.418,0.63,0,1,,,,
54811,20140417,-88.85,41.84,0.344,-0.16,0.012,0.06,0.49,1.34,0,1,,,,,,,,,0.461,,,,0.417,0.62,0,1,,,,
54811,20140418,-88.85,41.84,0.342,-0.17,0.012,0.06,0.491,1.35,0,1,,,,,,,,,0.461,,,,0.416,0.61,0,1,,,,
54811,20140419,-88.85,41.84,0.338,-0.19,0.125,0.06,0.492,1.36,0,1,,,,,,,,,0.461,,,,0.415,0.6,0,0.958,,,,
54811,20140420,-88.85,41.84,0.333,-0.23,0.268,0.06,0.492,1.35,0,1,,,,,,,,,0.461,,,,0.412,0.56,0,0.815,,,,
54811,20140421,-88.85,41.84,0.321,-0.35,0.411,0,0.489,1.31,0,1,,,,,,,,,0.461,,,,0.405,0.45,0,0.673,,,,
54811,20140422,-88.85,41.84,0.311,-0.45,0.554,0,0.487,1.28,0,1,,,,,,,,,0.461,,,,0.399,0.36,0,0.536,,,,
54811,20140423,-88.85,41.84,0.3,-0.54,0.696,0,0.485,1.26,0,1,,,,,,,,,0.461,,,,0.393,0.28,0,0.393,,,,
54811,20140424,-88.85,41.84,0.289,-0.63,0.839,0,0.484,1.25,0,1,,,,,,,,,0.461,,,,0.387,0.21,0,0.25,,,,
54811,20140425,-88.85,41.84,0.277,-0.72,0.982,0,0.482,1.23,0,1,,,,,,,,,0.461,,,,0.38,0.13,0,0.107,,,,
54811,20140426,-88.85,41.84,0.267,-0.79,1,0,0.48,1.2,0,1,,,,,,,,,0.461,,,,0.373,0.07,0,0.006,,,,
54811,20140427,-88.85,41.84,0.255,-0.86,1,0,0.478,1.18,0,1,,,,,,,,,0.461,,,,0.367,0,0,0.006,,,,
54811,20140428,-88.85,41.84,0.253,-0.85,0.94,0.036,0.477,1.16,0,1,,,,,,,,,0.461,,,,0.365,0.01,0,0.065,,,,
54811,20140429,-88.85,41.84,0.262,-0.72,0.798,0.054,0.481,1.2,0,1,,,,,,,,,0.461,,,,0.372,0.1,0,0.202,,,,
54811,20140430,-88.85,41.84,0.273,-0.59,0.655,0.054,0.485,1.23,0,1,,,,,,,,,0.461,,,,0.379,0.2,0,0.345,,,,
54811,20140501,-88.85,41.84,0.285,-0.45,0.512,0.054,0.489,1.25,0,1,,,,,,,,,0.461,,,,0.387,0.3,0,0.488,,,,
54811,20140502,-88.85,41.84,0.298,-0.3,0.369,0.054,0.492,1.26,0,1,,,,,,,,,0.461,,,,0.395,0.4,0,0.631,,,,
54811,20140503,-88.85,41.84,0.313,-0.14,0.226,0.054,0.496,1.27,0,1,,,,,,,,,0.461,,,,0.404,0.51,0,0.774,,,,
54811,20140504,-88.85,41.84,0.327,0.02,0.083,0.054,0.5,1.28,0,1,,,,,,,,,0.461,,,,0.413,0.61,0,0.917,,,,
54811,20140505,-88.85,41.84,0.331,0.09,0,0.018,0.501,1.27,0,1,,,,,,,,,0.461,,,,0.416,0.65,0,1,,,,
54811,20140506,-88.85,41.84,0.319,0.01,0,0,0.497,1.19,0,1,,,,,,,,,0.461,,,,0.408,0.57,0,0.917,,,,
54811,20140507,-88.85,41.84,0.304,-0.1,0.125,0,0.493,1.12,0,1,,,,,,,,,0.461,,,,0.398,0.47,0,0.774,,,,
54811,20140508,-88.85,41.84,0.286,-0.21,0.268,0,0.489,1.05,0,1,,,,,,,,,0.461,,,,0.387,0.38,0,0.631,,,,
54811,20140509,-88.85,41.84,0.267,-0.34,0.411,0,0.485,1,0,1,,,,,,,,,0.461,,,,0.376,0.28,0,0.488,,,,
54811,20140510,-88.85,41.84,0.247,-0.47,0.554,0,0.48,0.94,0,1,,,,,,,,,0.461,,,,0.364,0.19,0,0.345,,,,
54811,20140511,-88.85,41.84,0.229,-0.59,0.696,0,0.475,0.87,0,1,,,,,,,,,0.461,,,,0.352,0.09,0,0.202,,,,
54811,20140512,-88.85,41.84,0.212,-0.7,0.839,0,0.469,0.81,0,1,,,,,,,,,0.461,,,,0.341,0,0,0.06,,,,
54811,20140513,-88.85,41.84,0.202,-0.76,0.976,0,0.464,0.75,0,1,,,,,,,,,0.46,,,,0.333,-0.06,0,0,,,,
54811,20140514,-88.85,41.84,0.211,-0.69,0.851,0,0.459,0.7,0,1,,,,,,,,,0.46,,,,0.335,-0.05,0,0,,,,
54811,20140515,-88.85,41.84,0.221,-0.61,0.708,0,0.454,0.66,0,1,,,,,,,,,0.46,,,,0.338,-0.02,0,0,,,,
54811,20140516,-88.85,41.84,0.239,-0.47,0.565,0,0.453,0.65,0,1,,,,,,,,,0.461,,,,0.346,0.06,0,0.054,,,,
54811,20140517,-88.85,41.84,0.264,-0.29,0.423,0.06,0.46,0.7,0,1,,,,,,,,,0.461,,,,0.362,0.19,0,0.196,,,,
54811,20140518,-88.85,41.84,0.286,-0.14,0.28,0.06,0.467,0.75,0,1,,,,,,,,,0.461,,,,0.376,0.31,0,0.339,,,,
54811,20140519,-88.85,41.84,0.304,0,0.137,0.06,0.475,0.82,0,1,,,,,,,,,0.461,,,,0.389,0.42,0,0.482,,,,
54811,20140520,-88.85,41.84,0.315,0.1,0,0.06,0.48,0.87,0,1,,,,,,,,,0.461,,,,0.398,0.51,0,0.625,,,,
54811,20140521,-88.85,41.84,0.308,0.07,0.036,0.06,0.487,0.94,0,1,,,,,,,,,0.461,,,,0.397,0.53,0,0.738,,,,
54811,20140522,-88.85,41.84,0.306,0.08,0.037,0.062,0.478,0.9,0,0.894,,,,,,,,,0.464,,,,0.392,0.52,0,0.77,,,,
54811,20140523,-88.85,41.84,0.295,0.02,0.037,0.062,0.459,0.79,0,0.745,,,,,,,,,0.471,,,,0.377,0.43,0,0.714,,,,
54811,20140524,-88.85,41.84,0.277,-0.07,0.037,0,0.432,0.63,0,0.596,,,,,,,,,0.478,,,,0.354,0.29,0,0.565,,,,
54811,20140525,-88.85,41.84,0.263,-0.14,0.037,0,0.405,0.48,0,0.447,,,,,,,,,0.485,,,,0.334,0.17,0,0.416,,,,
54811,20140526,-88.85,41.84,0.253,-0.18,0.037,0,0.379,0.33,0,0.298,,,,,,,,,0.493,,,,0.316,0.06,0,0.267,,,,
54811,20140527,-88.85,41.84,0.249,-0.19,0.037,0,0.354,0.19,0,0.149,0.355,0.16,0,0.036,0.383,0.09,0,0.007,0.501,,,,0.301,-0.02,0,0.118,0.365,,,
54811,20140528,-88.85,41.84,0.247,-0.18,0,0,0.328,0.04,0,0,0.354,0.17,0,0.031,0.382,0.08,0,0.006,0.509,,,,0.288,-0.09,0,0,0.364,,,
54811,20140529,-88.85,41.84,0.245,-0.18,0,0,0.325,0.04,0,0,0.351,0.16,0,0,0.381,0.07,0,0,0.511,,,,0.285,-0.09,0,0,0.363,,,
54811,20140530,-88.85,41.84,0.243,-0.19,0,0,0.321,0.05,0,0,0.349,0.17,0,0,0.381,0.07,0,0,0.514,,,,0.282,-0.08,0,0,0.362,,,
54811,20140531,-88.85,41.84,0.241,-0.19,0,0,0.318,0.05,0,0,0.348,0.18,0,0,0.381,0.07,0,0,0.516,,,,0.279,-0.08,0,0,0.361,,,
54811,20140601,-88.85,41.84,0.238,-0.2,0,0,0.314,0.04,0,0,0.346,0.19,0,0,0.38,0.07,0,0,0.517,,,,0.276,-0.09,0,0,0.359,,,
54811,20140602,-88.85,41.84,0.234,-0.22,0.006,0,0.311,0.04,0,0,0.344,0.2,0,0,0.38,0.06,0,0,0.519,,,,0.272,-0.1,0,0,0.357,,,
54811,20140603,-88.85,41.84,0.23,-0.23,0.006,0,0.308,0.03,0,0,0.342,0.2,0,0,0.379,0.06,0,0,0.52,,,,0.269,-0.12,0,0,0.356,,,
54811,20140604,-88.85,41.84,0.227,-0.25,0.006,0,0.303,0.01,0,0,0.339,0.19,0,0,0.379,0.05,0,0,0.521,,,,0.265,-0.14,0,0,0.354,,,
54811,20140605,-88.85,41.84,0.224,-0.26,0.006,0,0.298,-0.02,0,0,0.334,0.17,0,0,0.378,0.05,0,0,0.522,,,,0.261,-0.16,0,0,0.351,,,
54811,20140606,-88.85,41.84,0.222,-0.26,0.006,0,0.292,-0.05,0,0,0.329,0.15,0,0,0.377,0.04,0,0,0.522,,,,0.257,-0.18,0,0,0.348,,,
54811,20140607,-88.85,41.84,0.22,-0.26,0.006,0,0.287,-0.08,0,0,0.324,0.12,0,0,0.376,0.03,0,0,0.523,,,,0.254,-0.2,0,0,0.346,,,
54811,20140608,-88.85,41.84,0.222,-0.24,0.006,0,0.283,-0.11,0,0,0.32,0.11,0,0,0.375,0.03,0,0,0.523,,,,0.252,-0.2,0,0,0.345,,,
54811,20140609,-88.85,41.84,0.232,-0.18,0,0,0.278,-0.13,0,0,0.317,0.09,0,0,0.374,0.02,0,0,0.524,,,,0.255,-0.17,0,0,0.345,,,
54811,20140610,-88.85,41.84,0.239,-0.13,0,0,0.275,-0.16,0,0,0.313,0.07,0,0,0.373,0.01,0,0,0.524,,,,0.257,-0.16,0,0,0.345,,,
54811,20140611,-88.85,41.84,0.249,-0.07,0,0.024,0.273,-0.17,0,0,0.312,0.07,0,0,0.373,0.01,0,0,0.524,,,,0.261,-0.13,0,0.018,0.346,,,
54811,20140612,-88.85,41.84,0.274,0.07,0,0.167,0.286,-0.08,0,0.137,0.32,0.13,0,0.131,0.372,0,0,0,0.524,,,,0.28,0,0,0.161,0.355,,,
54811,20140613,-88.85,41.84,0.295,0.18,0,0.31,0.299,0.01,0,0.274,0.326,0.17,0,0.155,0.371,0,0,0,0.524,,,,0.297,0.1,0,0.304,0.363,,,
54811,20140614,-88.85,41.84,0.313,0.28,0,0.405,0.311,0.09,0,0.339,0.332,0.21,0,0.155,0.371,0,0,0,0.524,,,,0.312,0.19,0,0.423,0.37,,,
54811,20140615,-88.85,41.84,0.326,0.34,0,0.405,0.322,0.16,0,0.339,0.337,0.24,0,0.155,0.371,0,0,0,0.525,,,,0.324,0.26,0,0.423,0.376,,,
54811,20140616,-88.85,41.84,0.329,0.34,0,0.405,0.332,0.22,0,0.339,0.342,0.27,0,0.155,0.371,0.01,0,0,0.525,,,,0.33,0.3,0,0.423,0.38,,,
54811,20140617,-88.85,41.84,0.332,0.36,0,0.405,0.341,0.28,0,0.339,0.346,0.3,0,0.155,0.37,0.01,0,0,0.525,,,,0.337,0.34,0,0.423,0.383,,,
54811,20140618,-88.85,41.84,0.331,0.34,0,0.381,0.348,0.34,0,0.339,0.349,0.32,0,0.155,0.37,0.01,0,0,0.525,,,,0.34,0.35,0,0.405,0.385,,,
54811,20140619,-88.85,41.84,0.331,0.34,0,0.363,0.346,0.32,0,0.25,0.347,0.31,0,0.054,0.37,0.03,0,0,0.525,,,,0.339,0.34,0,0.387,0.384,,,
54811,20140620,-88.85,41.84,0.341,0.39,0,0.363,0.353,0.36,0,0.256,0.351,0.34,0,0.173,0.371,0.05,0,0.018,0.525,,,,0.347,0.39,0,0.387,0.388,,,
54811,20140621,-88.85,41.84,0.349,0.43,0,0.411,0.359,0.41,0,0.333,0.356,0.37,0,0.315,0.376,0.12,0,0.161,0.526,,,,0.354,0.43,0,0.411,0.393,,,
54811,20140622,-88.85,41.84,0.361,0.49,0,0.554,0.368,0.47,0,0.476,0.362,0.42,0,0.458,0.381,0.2,0,0.304,0.526,,,,0.365,0.49,0,0.554,0.4,,,
54811,20140623,-88.85,41.84,0.375,0.55,0,0.696,0.379,0.54,0,0.619,0.368,0.47,0,0.601,0.387,0.29,0,0.446,0.526,,,,0.377,0.55,0,0.696,0.407,,,
54811,20140624,-88.85,41.84,0.389,0.62,0,0.839,0.39,0.61,0,0.762,0.374,0.51,0,0.744,0.393,0.38,0,0.589,0.527,,,,0.389,0.62,0,0.839,0.414,,,
54811,20140625,-88.85,41.84,0.403,0.69,0,0.982,0.401,0.68,0,0.905,0.379,0.55,0,0.887,0.398,0.46,0,0.732,0.527,,,,0.402,0.69,0,0.982,0.422,,,
54811,20140626,-88.85,41.84,0.405,0.68,0,1,0.407,0.72,0,1,0.383,0.58,0,1,0.403,0.53,0,0.875,0.528,,,,0.406,0.71,0,1,0.425,,,
54811,20140627,-88.85,41.84,0.401,0.66,0,1,0.406,0.71,0,1,0.381,0.57,0,1,0.406,0.59,0,1,0.529,,,,0.403,0.69,0,1,0.424,,,
54811,20140628,-88.85,41.84,0.397,0.63,0,1,0.404,0.7,0,1,0.379,0.56,0,1,0.406,0.6,0,1,0.529,,,,0.401,0.67,0,1,0.423,,,
54811,20140629,-88.85,41.84,0.392,0.6,0,1,0.401,0.68,0,1,0.376,0.55,0,1,0.404,0.59,0,1,0.531,,,,0.397,0.64,0,1,0.421,,,
54811,20140630,-88.85,41.84,0.395,0.62,0,1,0.402,0.69,0,1,0.375,0.55,0,1,0.401,0.57,0,1,0.531,,,,0.398,0.65,0,1,0.421,,,
54811,20140701,-88.85,41.84,0.399,0.64,0,1,0.403,0.7,0,1,0.376,0.55,0,1,0.4,0.57,0,1,0.532,,,,0.401,0.67,0,1,0.422,,,
54811,20140702,-88.85,41.84,,,,,,,,,,,,,,,,,,,,,,,,,,,,
54811,20140703,-88.85,41.84,,,,,,,,,,,,,,,,,,,,,,,,,,,,
54811,20140704,-88.85,41.84,,,,,,,,,,,,,,,,,,,,,,,,,,,,
54811,20140705,-88.85,41.84,,,,,,,,,,,,,,,,,,,,,,,,,,,,
54811,20140706,-88.85,41.84,,,,,,,,,,,,,,,,,,,,,,,,,,,,
54811,20140707,-88.85,41.84,,,,,,,,,,,,,,,,,,,,,,,,,,,,
54811,20140708,-88.85,41.84,,,,,,,,,,,,,,,,,,,,,,,,,,,,
54811,20140709,-88.85,41.84,,,,,,,,,,,,,,,,,,,,,,,,,,,,
54811,20140710,-88.85,41.84,,,,,,,,,,,,,,,,,,,,,,,,,,,,
54811,20140711,-88.85,41.84,,,,,,,,,,,,,,,,,,,,,,,,,,,,
54811,20140712,-88.85,41.84,,,,,,,,,,,,,,,,,,,,,,,,,,,,
54811,20140713,-88.85,41.84,,,,,,,,,,,,,,,,,,,,,,,,,,,,
54811,20140714,-88.85,41.84,,,,,,,,,,,,,,,,,,,,,,,,,,,,
54811,20140715,-88.85,41.84,,,,,,,,,,,,,,,,,,,,,,,,,,,,
54811,20140716,-88.85,41.84,,,,,,,,,,,,,,,,,,,,,,,,,,,,
54811,20140717,-88.85,41.84,,,,,,,,,,,,,,,,,,,,,,,,,,,,
54811,20140718,-88.85,41.84,,,,,,,,,,,,,,,,,,,,,,,,,,,,
54811,20140719,-88.85,41.84,,,,,,,,,,,,,,,,,,,,,,,,,,,,
54811,20140720,-88.85,41.84,,,,,,,,,,,,,,,,,,,,,,,,,,,,
54811,20140721,-88.85,41.84,,,,,,,,,,,,,,,,,,,,,,,,,,,,
54811,20140722,-88.85,41.84,,,,,,,,,,,,,,,,,,,,,,,,,,,,
54811,20140723,-88.85,41.84,,,,,,,,,,,,,,,,,,,,,,,,,,,,
54811,20140724,-88.85,41.84,,,,,,,,,,,,,,,,,,,,,,,,,,,,
54811,20140725,-88.85,41.84,,,,,,,,,,,,,,,,,,,,,,,,,,,,
54811,20140726,-88.85,41.84,,,,,,,,,,,,,,,,,,,,,,,,,,,,
54811,20140727,-88.85,41.84,,,,,,,,,,,,,,,,,,,,,,,,,,,,
54811,20140728,-88.85,41.84,,,,,,,,,,,,,,,,,,,,,,,,,,,,
54811,20140729,-88.85,41.84,,,,,,,,,,,,,,,,,,,,,,,,,,,,
54811,20140730,-88.85,41.84,,,,,,,,,,,,,,,,,,,,,,,,,,,,
54811,20140731,-88.85,41.84,,,,,,,,,,,,,,,,,,,,,,,,,,,,
54811,20140801,-88.85,41.84,,,,,,,,,,,,,,,,,,,,,,,,,,,,
54811,20140802,-88.85,41.84,,,,,,,,,,,,,,,,,,,,,,,,,,,,
54811,20140803,-88.85,41.84,,,,,,,,,,,,,,,,,,,,,,,,,,,,
54811,20140804,-88.85,41.84,,,,,,,,,,,,,,,,,,,,,,,,,,,,
54811,20140805,-88.85,41.84,,,,,,,,,,,,,,,,,,,,,,,,,,,,
54811,20140806,-88.85,41.84,,,,,,,,,,,,,,,,,,,,,,,,,,,,
54811,20140807,-88.85,41.84,,,,,,,,,,,,,,,,,,,,,,,,,,,,
54811,20140808,-88.85,41.84,,,,,,,,,,,,,,,,,,,,,,,,,,,,
54811,20140809,-88.85,41.84,,,,,,,,,,,,,,,,,,,,,,,,,,,,
54811,20140810,-88.85,41.84,,,,,,,,,,,,,,,,,,,,,,,,,,,,
54811,20140811,-88.85,41.84,,,,,,,,,,,,,,,,,,,,,,,,,,,,
54811,20140812,-88.85,41.84,,,,,,,,,,,,,,,,,,,,,,,,,,,,
54811,20140813,-88.85,41.84,,,,,,,,,,,,,,,,,,,,,,,,,,,,
54811,20140814,-88.85,41.84,,,,,,,,,,,,,,,,,,,,,,,,,,,,
54811,20140815,-88.85,41.84,,,,,,,,,,,,,,,,,,,,,,,,,,,,
54811,20140816,-88.85,41.84,,,,,,,,,,,,,,,,,,,,,,,,,,,,
54811,20140817,-88.85,41.84,,,,,,,,,,,,,,,,,,,,,,,,,,,,
54811,20140818,-88.85,41.84,,,,,,,,,,,,,,,,,,,,,,,,,,,,
54811,20140819,-88.85,41.84,,,,,,,,,,,,,,,,,,,,,,,,,,,,
54811,20140820,-88.85,41.84,,,,,,,,,,,,,,,,,,,,,,,,,,,,
54811,20140821,-88.85,41.84,,,,,,,,,,,,,,,,,,,,,,,,,,,,
54811,20140822,-88.85,41.84,,,,,,,,,,,,,0.371,0.57,0,1,,,,,,,,,,,,
54811,20140823,-88.85,41.84,,,,,,,,,,,,,0.37,0.55,0,1,,,,,,,,,,,,
54811,20140824,-88.85,41.84,,,,,,,,,,,,,0.37,0.51,0,0.97,,,,,,,,,,,,
54811,20140825,-88.85,41.84,,,,,,,,,,,,,0.37,0.47,0,0.917,,,,,,,,,,,,
54811,20140826,-88.85,41.84,,,,,,,,,,,,,0.369,0.43,0,0.827,,,,,,,,,,,,
54811,20140827,-88.85,41.84,,,,,,,,,,,,,0.369,0.39,0,0.744,,,,,,,,,,,,
54811,20140828,-88.85,41.84,,,,,,,,,,,,,0.369,0.36,0,0.637,,,,,,,,,,,,
54811,20140829,-88.85,41.84,,,,,,,,,,,,,0.369,0.32,0,0.5,,,,,,,,,,,,
54811,20140830,-88.85,41.84,,,,,,,,,,,,,0.368,0.28,0,0.357,,,,,,,,,,,,
54811,20140831,-88.85,41.84,,,,,,,,,,,,,0.367,0.25,0,0.244,,,,,,,,,,,,
54811,20140901,-88.85,41.84,,,,,,,,,,,,,0.366,0.23,0,0.155,,,,,,,,,,,,
54811,20140902,-88.85,41.84,,,,,,,,,,,,,0.366,0.22,0,0.101,,,,,,,,,,,,
54811,20140903,-88.85,41.84,,,,,,,,,,,,,0.365,0.2,0,0.042,,,,,,,,,,,,
54811,20140904,-88.85,41.84,,,,,,,,,,,,,0.365,0.18,0,0.006,,,,,,,,,,,,
54811,20140905,-88.85,41.84,,,,,,,,,,,,,0.364,0.17,0,0,,,,,,,,,,,,
54811,20140906,-88.85,41.84,,,,,,,,,,,,,0.364,0.16,0,0,,,,,,,,,,,,
54811,20140907,-88.85,41.84,,,,,,,,,,,,,0.363,0.15,0,0,,,,,,,,,,,,
54811,20140908,-88.85,41.84,,,,,,,,,,,,,0.363,0.14,0,0,,,,,,,,,,,,
54811,20140909,-88.85,41.84,,,,,,,,,,,,,0.362,0.13,0,0,,,,,,,,,,,,
54811,20140910,-88.85,41.84,,,,,,,,,,,,,0.361,0.12,0,0,,,,,,,,,,,,
54811,20140911,-88.85,41.84,,,,,,,,,,,,,0.363,0.13,0,0.089,,,,,,,,,,,,
54811,20140912,-88.85,41.84,,,,,,,,,,,,,0.365,0.15,0,0.228,,,,,,,,,,,,
54811,20140913,-88.85,41.84,,,,,,,,,,,,,0.368,0.18,0,0.371,,,,,,,,,,,,
54811,20140914,-88.85,41.84,,,,,,,,,,,,,0.37,0.2,0,0.515,,,,,,,,,,,,
54811,20140915,-88.85,41.84,,,,,,,,,,,,,0.372,0.22,0,0.653,,,,,,,,,,,,
54811,20140916,-88.85,41.84,,,,,,,,,,,,,0.375,0.24,0,0.772,,,,,,,,,,,,
54811,20140917,-88.85,41.84,,,,,,,,,,,,,0.377,0.26,0,0.91,,,,,,,,,,,,
54811,20140918,-88.85,41.84,,,,,,,,,,,,,0.377,0.26,0,0.94,,,,,,,,,,,,
54811,20140919,-88.85,41.84,,,,,,,,,,,,,0.376,0.26,0,0.899,,,,,,,,,,,,
54811,20140920,-88.85,41.84,,,,,,,,,,,,,0.375,0.25,0,0.899,,,,,,,,,,,,
54811,20140921,-88.85,41.84,,,,,,,,,,,,,0.374,0.25,0,0.893,,,,,,,,,,,,
54811,20140922,-88.85,41.84,,,,,,,,,,,,,0.373,0.26,0,0.899,,,,,,,,,,,,
54811,20140923,-88.85,41.84,,,,,,,,,,,,,0.372,0.27,0,0.923,,,,,,,,,,,,
54811,20140924,-88.85,41.84,,,,,,,,,,,,,0.372,0.27,0,0.929,,,,,,,,,,,,
54811,20140925,-88.85,41.84,,,,,,,,,,,,,0.371,0.28,0,0.952,,,,,,,,,,,,
54811,20140926,-88.85,41.84,,,,,,,,,,,,,0.371,0.29,0,0.994,,,,,,,,,,,,
54811,20140927,-88.85,41.84,,,,,,,,,,,,,0.37,0.3,0,0.994,,,,,,,,,,,,
54811,20140928,-88.85,41.84,,,,,,,,,,,,,0.369,0.31,0,1,,,,,,,,,,,,
54811,20140929,-88.85,41.84,,,,,,,,,,,,,0.369,0.31,0,1,,,,,,,,,,,,
54811,20140930,-88.85,41.84,,,,,,,,,,,,,0.368,0.3,0,1,,,,,,,,,,,,
54811,20141001,-88.85,41.84,,,,,,,,,,,,,0.367,0.3,0,0.976,,,,,,,,,,,,
54811,20141002,-88.85,41.84,,,,,,,,,,,,,0.366,0.3,0,0.952,,,,,,,,,,,,
54811,20141003,-88.85,41.84,,,,,,,,,,,,,0.366,0.29,0,0.929,,,,,,,,,,,,
54811,20141004,-88.85,41.84,,,,,,,,,,,,,0.365,0.29,0,0.923,,,,,,,,,,,,
54811,20141005,-88.85,41.84,,,,,,,,,,,,,0.364,0.28,0,0.899,,,,,,,,,,,,
54811,20141006,-88.85,41.84,,,,,,,,,,,,,0.363,0.28,0,0.821,,,,,,,,,,,,
54811,20141007,-88.85,41.84,,,,,,,,,,,,,0.362,0.27,0,0.708,,,,,,,,,,,,
54811,20141008,-88.85,41.84,,,,,,,,,,,,,0.361,0.27,0,0.649,,,,,,,,,,,,
54811,20141009,-88.85,41.84,,,,,,,,,,,,,0.36,0.27,0,0.571,,,,,,,,,,,,
54811,20141010,-88.85,41.84,,,,,,,,,,,,,0.359,0.26,0,0.488,,,,,,,,,,,,
54811,20141011,-88.85,41.84,,,,,,,,,,,,,0.358,0.26,0,0.393,,,,,,,,,,,,
54811,20141012,-88.85,41.84,,,,,,,,,,,,,0.357,0.25,0,0.304,,,,,,,,,,,,
54811,20141013,-88.85,41.84,,,,,,,,,,,,,0.356,0.25,0,0.256,,,,,,,,,,,,
54811,20141014,-88.85,41.84,,,,,,,,,,,,,0.356,0.25,0,0.244,,,,,,,,,,,,
54811,20141015,-88.85,41.84,,,,,,,,,,,,,0.355,0.25,0,0.232,,,,,,,,,,,,
54811,20141016,-88.85,41.84,,,,,,,,,,,,,0.355,0.26,0,0.28,,,,,,,,,,,,
54811,20141017,-88.85,41.84,,,,,,,,,,,,,0.356,0.27,0,0.375,,,,,,,,,,,,
54811,20141018,-88.85,41.84,,,,,,,,,,,,,0.357,0.28,0,0.47,,,,,,,,,,,,
54811,20141019,-88.85,41.84,,,,,,,,,,,,,0.358,0.29,0,0.571,,,,,,,,,,,,
54811,20141020,-88.85,41.84,,,,,,,,,,,,,0.36,0.3,0,0.643,,,,,,,,,,,,
54811,20141021,-88.85,41.84,,,,,,,,,,,,,0.361,0.31,0,0.702,,,,,,,,,,,,
54811,20141022,-88.85,41.84,,,,,,,,,,,,,0.362,0.31,0,0.72,,,,,,,,,,,,
54811,20141023,-88.85,41.84,,,,,,,,,,,,,0.362,0.31,0,0.685,,,,,,,,,,,,
54811,20141024,-88.85,41.84,,,,,,,,,,,,,0.363,0.3,0,0.607,,,,,,,,,,,,
54811,20141025,-88.85,41.84,,,,,,,,,,,,,0.362,0.29,0,0.506,,,,,,,,,,,,
54811,20141026,-88.85,41.84,,,,,,,,,,,,,0.362,0.28,0,0.393,,,,,,,,,,,,
54811,20141027,-88.85,41.84,,,,,,,,,,,,,0.362,0.27,0,0.315,,,,,,,,,,,,
54811,20141028,-88.85,41.84,,,,,,,,,,,,,0.362,0.25,0,0.238,,,,,,,,,,,,
54811,20141029,-88.85,41.84,,,,,,,,,,,,,0.362,0.24,0,0.173,,,,,,,,,,,,
54811,20141030,-88.85,41.84,,,,,,,,,,,,,0.362,0.23,0,0.131,,,,,,,,,,,,
54811,20141031,-88.85,41.84,,,,,,,,,,,,,0.361,0.22,0,0.083,,,,,,,,,,,,
54811,20141101,-88.85,41.84,,,,,,,,,,,,,0.361,0.2,0,0.048,,,,,,,,,,,,
54811,20141102,-88.85,41.84,,,,,,,,,,,,,0.36,0.19,0,0.03,,,,,,,,,,,,
54811,20141103,-88.85,41.84,,,,,,,,,,,,,0.36,0.18,0,0.018,,,,,,,,,,,,
54811,20141104,-88.85,41.84,,,,,,,,,,,,,0.359,0.17,0,0.018,,,,,,,,,,,,
54811,20141105,-88.85,41.84,,,,,,,,,,,,,0.358,0.15,0,0.018,,,,,,,,,,,,
54811,20141106,-88.85,41.84,,,,,,,,,,,,,0.356,0.14,0,0.006,,,,,,,,,,,,
54811,20141107,-88.85,41.84,,,,,,,,,,,,,0.356,0.13,0,0,,,,,,,,,,,,
54811,20141108,-88.85,41.84,,,,,,,,,,,,,0.355,0.12,0,0,,,,,,,,,,,,
54811,20141109,-88.85,41.84,,,,,,,,,,,,,0.354,0.11,0,0,,,,,,,,,,,,
54811,20141110,-88.85,41.84,,,,,,,,,,,,,0.354,0.1,0,0,,,,,,,,,,,,
54811,20141111,-88.85,41.84,,,,,,,,,,,,,0.354,0.1,0,0,,,,,,,,,,,,
54811,20141112,-88.85,41.84,,,,,,,,,,,,,0.353,0.09,0,0,,,,,,,,,,,,
54811,20141113,-88.85,41.84,,,,,,,,,,,,,0.353,0.08,0,0,,,,,,,,,,,,
54811,20141114,-88.85,41.84,,,,,,,,,,,,,0.352,0.07,0,0,,,,,,,,,,,,
54811,20141115,-88.85,41.84,,,,,,,,,,,,,0.351,0.06,0,0,,,,,,,,,,,,
54811,20141116,-88.85,41.84,,,,,,,,,,,,,0.35,0.04,0,0,,,,,,,,,,,,
54811,20141117,-88.85,41.84,,,,,,,,,,,,,0.349,0.03,0,0,,,,,,,,,,,,
54811,20141118,-88.85,41.84,,,,,,,,,,,,,0.348,0.01,0,0,,,,,,,,,,,,
54811,20141119,-88.85,41.84,,,,,,,,,,,,,0.347,0,0,0,,,,,,,,,,,,
54811,20141120,-88.85,41.84,,,,,,,,,,,,,0.346,-0.02,0,0,,,,,,,,,,,,
54811,20141121,-88.85,41.84,,,,,,,,,,,,,0.345,-0.03,0,0,,,,,,,,,,,,
54811,20141122,-88.85,41.84,,,,,,,,,,,,,0.344,-0.05,0,0,,,,,,,,,,,,
54811,20141123,-88.85,41.84,,,,,,,,,,,,,0.343,-0.06,0,0,,,,,,,,,,,,
54811,20141124,-88.85,41.84,,,,,,,,,,,,,0.342,-0.07,0,0,,,,,,,,,,,,
54811,20141125,-88.85,41.84,,,,,,,,,,,,,0.342,-0.07,0,0,,,,,,,,,,,,
54811,20141126,-88.85,41.84,,,,,,,,,,,,,0.342,-0.08,0,0,,,,,,,,,,,,
54811,20141127,-88.85,41.84,,,,,,,,,,,,,0.341,-0.08,0,0,,,,,,,,,,,,
54811,20141128,-88.85,41.84,,,,,,,,,,,,,0.341,-0.09,0,0,,,,,,,,,,,,
54811,20141129,-88.85,41.84,,,,,,,,,,,,,0.342,-0.09,0,0,,,,,,,,,,,,
54811,20141130,-88.85,41.84,,,,,,,,,,,,,0.342,-0.1,0,0,,,,,,,,,,,,
54811,20141201,-88.85,41.84,,,,,,,,,,,,,0.343,-0.1,0,0,,,,,,,,,,,,
54811,20141202,-88.85,41.84,,,,,,,,,,,,,0.343,-0.1,0,0,,,,,,,,,,,,
54811,20141203,-88.85,41.84,,,,,,,,,,,,,0.343,-0.11,0,0,,,,,,,,,,,,
54811,20141204,-88.85,41.84,,,,,,,,,,,,,0.343,-0.11,0,0,,,,,,,,,,,,
54811,20141205,-88.85,41.84,,,,,,,,,,,,,0.344,-0.12,0,0,,,,,,,,,,,,
54811,20141206,-88.85,41.84,,,,,,,,,,,,,0.344,-0.12,0,0,,,,,,,,,,,,
54811,20141207,-88.85,41.84,,,,,,,,,,,,,0.344,-0.12,0,0,,,,,,,,,,,,
54811,20141208,-88.85,41.84,,,,,,,,,,,,,0.344,-0.12,0,0,,,,,,,,,,,,
54811,20141209,-88.85,41.84,,,,,,,,,,,,,0.345,-0.12,0,0,,,,,,,,,,,,
54811,20141210,-88.85,41.84,,,,,,,,,,,,,0.345,-0.12,0,0,,,,,,,,,,,,
54811,20141211,-88.85,41.84,,,,,,,,,,,,,0.345,-0.12,0,0,,,,,,,,,,,,
54811,20141212,-88.85,41.84,,,,,,,,,,,,,0.346,-0.12,0,0,,,,,,,,,,,,
54811,20141213,-88.85,41.84,,,,,,,,,,,,,0.346,-0.12,0,0,,,,,,,,,,,,
54811,20141214,-88.85,41.84,,,,,,,,,,,,,0.346,-0.11,0,0,,,,,,,,,,,,
54811,20141215,-88.85,41.84,,,,,,,,,,,,,0.347,-0.11,0,0,,,,,,,,,,,,
54811,20141216,-88.85,41.84,,,,,,,,,,,,,0.347,-0.11,0,0,,,,,,,,,,,,
54811,20141217,-88.85,41.84,,,,,,,,,,,,,0.349,-0.1,0,0,,,,,,,,,,,,
54811,20141218,-88.85,41.84,,,,,,,,,,,,,0.352,-0.08,0,0,,,,,,,,,,,,
54811,20141219,-88.85,41.84,,,,,,,,,,,,,0.354,-0.06,0,0,,,,,,,,,,,,
54811,20141220,-88.85,41.84,,,,,,,,,,,,,0.357,-0.04,0,0,,,,,,,,,,,,
54811,20141221,-88.85,41.84,,,,,,,,,,,,,0.36,-0.02,0,0,,,,,,,,,,,,
54811,20141222,-88.85,41.84,,,,,,,,,,,,,0.363,-0.01,0,0,,,,,,,,,,,,
54811,20141223,-88.85,41.84,,,,,,,,,,,,,0.365,0.01,0,0,,,,,,,,,,,,
54811,20141224,-88.85,41.84,,,,,,,,,,,,,0.369,0.04,0,0.113,,,,,,,,,,,,
54811,20141225,-88.85,41.84,,,,,,,,,,,,,0.372,0.05,0,0.238,,,,,,,,,,,,
54811,20141226,-88.85,41.84,,,,,,,,,,,,,0.374,0.07,0,0.31,,,,,,,,,,,,
54811,20141227,-88.85,41.84,,,,,,,,,,,,,0.376,0.08,0,0.369,,,,,,,,,,,,
54811,20141228,-88.85,41.84,,,,,,,,,,,,,0.378,0.1,0,0.387,,,,,,,,,,,,
54811,20141229,-88.85,41.84,,,,,,,,,,,,,0.38,0.11,0,0.399,,,,,,,,,,,,
54811,20141230,-88.85,41.84,,,,,,,,,,,,,0.381,0.12,0,0.399,,,,,,,,,,,,
54811,20141231,-88.85,41.84,,,,,,,,,,,,,0.38,0.11,0,0.286,,,,,,,,,,,,
54811,20150101,-88.85,41.84,,,,,,,,,,,,,0.379,0.1,0,0.167,,,,,,,,,,,,
54811,20150102,-88.85,41.84,,,,,,,,,,,,,0.378,0.09,0,0.095,,,,,,,,,,,,
54811,20150103,-88.85,41.84,,,,,,,,,,,,,0.377,0.08,0,0.036,,,,,,,,,,,,
54811,20150104,-88.85,41.84,,,,,,,,,,,,,0.377,0.08,0,0.113,,,,,,,,,,,,
54811,20150105,-88.85,41.84,,,,,,,,,,,,,0.378,0.09,0,0.226,,,,,,,,,,,,
54811,20150106,-88.85,41.84,,,,,,,,,,,,,0.378,0.09,0,0.268,,,,,,,,,,,,
54811,20150107,-88.85,41.84,,,,,,,,,,,,,0.378,0.1,0,0.274,,,,,,,,,,,,
54811,20150108,-88.85,41.84,,,,,,,,,,,,,0.378,0.1,0,0.28,,,,,,,,,,,,
54811,20150109,-88.85,41.84,,,,,,,,,,,,,0.378,0.11,0,0.292,,,,,,,,,,,,
54811,20150110,-88.85,41.84,,,,,,,,,,,,,0.378,0.11,0,0.292,,,,,,,,,,,,
54811,20150111,-88.85,41.84,,,,,,,,,,,,,0.377,0.09,0,0.196,,,,,,,,,,,,
54811,20150112,-88.85,41.84,,,,,,,,,,,,,0.375,0.08,0,0.071,,,,,,,,,,,,
54811,20150113,-88.85,41.84,,,,,,,,,,,,,0.374,0.07,0,0.036,,,,,,,,,,,,
54811,20150114,-88.85,41.84,,,,,,,,,,,,,0.373,0.06,0,0.03,,,,,,,,,,,,
54811,20150115,-88.85,41.84,,,,,,,,,,,,,0.372,0.05,0,0.018,,,,,,,,,,,,
54811,20150116,-88.85,41.84,,,,,,,,,,,,,0.371,0.04,0,0.006,,,,,,,,,,,,
54811,20150117,-88.85,41.84,,,,,,,,,,,,,0.37,0.03,0,0.006,,,,,,,,,,,,
54811,20150118,-88.85,41.84,,,,,,,,,,,,,0.369,0.03,0,0.006,,,,,,,,,,,,
54811,20150119,-88.85,41.84,,,,,,,,,,,,,0.369,0.02,0,0.006,,,,,,,,,,,,
54811,20150120,-88.85,41.84,,,,,,,,,,,,,0.368,0.01,0,0,,,,,,,,,,,,
54811,20150121,-88.85,41.84,,,,,,,,,,,,,0.367,0.01,0,0,,,,,,,,,,,,
54811,20150122,-88.85,41.84,,,,,,,,,,,,,0.367,0.01,0,0,,,,,,,,,,,,
54811,20150123,-88.85,41.84,,,,,,,,,,,,,0.367,0.01,0,0,,,,,,,,,,,,
54811,20150124,-88.85,41.84,,,,,,,,,,,,,0.367,0.01,0,0,,,,,,,,,,,,
54811,20150125,-88.85,41.84,,,,,,,,,,,,,0.367,0.01,0,0,,,,,,,,,,,,
54811,20150126,-88.85,41.84,,,,,,,,,,,,,0.367,0,0,0,,,,,,,,,,,,
54811,20150127,-88.85,41.84,,,,,,,,,,,,,0.367,0.01,0,0.006,,,,,,,,,,,,
54811,20150128,-88.85,41.84,,,,,,,,,,,,,0.367,0.01,0,0.006,,,,,,,,,,,,
54811,20150129,-88.85,41.84,,,,,,,,,,,,,0.367,0.01,0,0.006,,,,,,,,,,,,
54811,20150130,-88.85,41.84,,,,,,,,,,,,,0.367,0.02,0,0.006,,,,,,,,,,,,
54811,20150131,-88.85,41.84,,,,,,,,,,,,,0.367,0.02,0,0.006,,,,,,,,,,,,
54811,20150201,-88.85,41.84,,,,,,,,,,,,,0.367,0.03,0,0.006,,,,,,,,,,,,
54811,20150202,-88.85,41.84,,,,,,,,,,,,,0.368,0.03,0,0.006,,,,,,,,,,,,
54811,20150203,-88.85,41.84,,,,,,,,,,,,,0.368,0.04,0,0,,,,,,,,,,,,
54811,20150204,-88.85,41.84,,,,,,,,,,,,,0.368,0.04,0,0.006,,,,,,,,,,,,
54811,20150205,-88.85,41.84,,,,,,,,,,,,,0.368,0.05,0,0.012,,,,,,,,,,,,
54811,20150206,-88.85,41.84,,,,,,,,,,,,,0.368,0.05,0,0.012,,,,,,,,,,,,
54811,20150207,-88.85,41.84,,,,,,,,,,,,,0.368,0.05,0,0.012,,,,,,,,,,,,
54811,20150208,-88.85,41.84,,,,,,,,,,,,,0.368,0.05,0,0.012,,,,,,,,,,,,
54811,20150209,-88.85,41.84,,,,,,,,,,,,,0.367,0.05,0,0.012,,,,,,,,,,,,
54811,20150210,-88.85,41.84,,,,,,,,,,,,,0.367,0.04,0,0.012,,,,,,,,,,,,
54811,20150211,-88.85,41.84,,,,,,,,,,,,,0.366,0.03,0,0.006,,,,,,,,,,,,
54811,20150212,-88.85,41.84,,,,,,,,,,,,,0.366,0.02,0,0,,,,,,,,,,,,
54811,20150213,-88.85,41.84,,,,,,,,,,,,,0.365,0.01,0,0,,,,,,,,,,,,
54811,20150214,-88.85,41.84,,,,,,,,,,,,,0.364,0.01,0,0,,,,,,,,,,,,
54811,20150215,-88.85,41.84,,,,,,,,,,,,,0.364,0,0,0,,,,,,,,,,,,
54811,20150216,-88.85,41.84,,,,,,,,,,,,,0.365,0.01,0,0.012,,,,,,,,,,,,
54811,20150217,-88.85,41.84,,,,,,,,,,,,,0.367,0.03,0,0.012,,,,,,,,,,,,
54811,20150218,-88.85,41.84,,,,,,,,,,,,,0.366,0.02,0,0.012,,,,,,,,,,,,
54811,20150219,-88.85,41.84,,,,,,,,,,,,,0.364,0,0,0.012,,,,,,,,,,,,
54811,20150220,-88.85,41.84,,,,,,,,,,,,,0.362,-0.02,0,0.012,,,,,,,,,,,,
54811,20150221,-88.85,41.84,,,,,,,,,,,,,0.362,-0.02,0,0.015,,,,,,,,,,,,
54811,20150222,-88.85,41.84,,,,,,,,,,,,,,,,,,,,,,,,,,,,
54811,20150223,-88.85,41.84,,,,,,,,,,,,,,,,,,,,,,,,,,,,
54811,20150224,-88.85,41.84,,,,,,,,,,,,,,,,,,,,,,,,,,,,
54811,20150225,-88.85,41.84,,,,,,,,,,,,,,,,,,,,,,,,,,,,
54811,20150226,-88.85,41.84,,,,,,,,,,,,,,,,,,,,,,,,,,,,
54811,20150227,-88.85,41.84,,,,,,,,,,,,,,,,,,,,,,,,,,,,
54811,20150228,-88.85,41.84,,,,,,,,,,,,,,,,,,,,,,,,,,,,
54811,20150301,-88.85,41.84,,,,,,,,,,,,,,,,,,,,,,,,,,,,
54811,20150302,-88.85,41.84,,,,,,,,,,,,,,,,,,,,,,,,,,,,
54811,20150303,-88.85,41.84,,,,,,,,,,,,,,,,,,,,,,,,,,,,
54811,20150304,-88.85,41.84,,,,,,,,,,,,,,,,,,,,,,,,,,,,
54811,20150305,-88.85,41.84,,,,,,,,,,,,,,,,,,,,,,,,,,,,
54811,20150306,-88.85,41.84,,,,,,,,,,,,,,,,,,,,,,,,,,,,
54811,20150307,-88.85,41.84,,,,,,,,,,,,,,,,,,,,,,,,,,,,
54811,20150308,-88.85,41.84,,,,,,,,,,,,,,,,,,,,,,,,,,,,
54811,20150309,-88.85,41.84,,,,,,,,,,,,,,,,,,,,,,,,,,,,
54811,20150310,-88.85,41.84,,,,,,,,,,,,,,,,,,,,,,,,,,,,
54811,20150311,-88.85,41.84,,,,,,,,,,,,,,,,,,,,,,,,,,,,
54811,20150312,-88.85,41.84,,,,,,,,,,,,,,,,,,,,,,,,,,,,
54811,20150313,-88.85,41.84,,,,,,,,,,,,,,,,,,,,,,,,,,,,
54811,20150314,-88.85,41.84,,,,,,,,,,,,,,,,,,,,,,,,,,,,
54811,20150315,-88.85,41.84,,,,,,,,,,,,,,,,,,,,,,,,,,,,
54811,20150316,-88.85,41.84,,,,,,,,,,,,,,,,,,,,,,,,,,,,
54811,20150317,-88.85,41.84,,,,,,,,,,,,,,,,,,,,,,,,,,,,
54811,20150318,-88.85,41.84,,,,,,,,,,,,,,,,,,,,,,,,,,,,
54811,20150319,-88.85,41.84,,,,,,,,,,,,,,,,,,,,,,,,,,,,
54811,20150320,-88.85,41.84,,,,,,,,,,,,,,,,,,,,,,,,,,,,
54811,20150321,-88.85,41.84,,,,,,,,,,,,,,,,,,,,,,,,,,,,
54811,20150322,-88.85,41.84,,,,,,,,,,,,,,,,,,,,,,,,,,,,
54811,20150323,-88.85,41.84,,,,,,,,,,,,,,,,,,,,,,,,,,,,
54811,20150324,-88.85,41.84,,,,,,,,,,,,,,,,,,,,,,,,,,,,
54811,20150325,-88.85,41.84,,,,,,,,,,,,,,,,,,,,,,,,,,,,
54811,20150326,-88.85,41.84,,,,,,,,,,,,,,,,,,,,,,,,,,,,
54811,20150327,-88.85,41.84,,,,,,,,,,,,,,,,,,,,,,,,,,,,
54811,20150328,-88.85,41.84,,,,,,,,,,,,,0.351,-0.23,0.019,0,,,,,,,,,,,,
54811,20150329,-88.85,41.84,,,,,,,,,,,,,0.351,-0.24,0.018,0,,,,,,,,,,,,
54811,20150330,-88.85,41.84,,,,,,,,,,,,,0.351,-0.24,0.018,0,,,,,,,,,,,,
54811,20150331,-88.85,41.84,,,,,,,,,,,,,0.353,-0.23,0.018,0,,,,,,,,,,,,
54811,20150401,-88.85,41.84,,,,,,,,,,,,,0.358,-0.19,0.006,0,,,,,,,,,,,,
54811,20150402,-88.85,41.84,,,,,,,,,,,,,0.361,-0.17,0,0,,,,,,,,,,,,
54811,20150403,-88.85,41.84,,,,,,,,,,,,,,,,,,,,,,,,,,,,
54811,20150404,-88.85,41.84,,,,,,,,,,,,,,,,,,,,,,,,,,,,
54811,20150405,-88.85,41.84,,,,,,,,,,,,,,,,,,,,,,,,,,,,
54811,20150406,-88.85,41.84,,,,,,,,,,,,,,,,,,,,,,,,,,,,
54811,20150407,-88.85,41.84,,,,,,,,,,,,,,,,,,,,,,,,,,,,
54811,20150408,-88.85,41.84,,,,,,,,,,,,,,,,,,,,,,,,,,,,
54811,20150409,-88.85,41.84,,,,,,,,,,,,,,,,,,,,,,,,,,,,
54811,20150410,-88.85,41.84,,,,,,,,,,,,,,,,,,,,,,,,,,,,
54811,20150411,-88.85,41.84,,,,,,,,,,,,,,,,,,,,,,,,,,,,
54811,20150412,-88.85,41.84,,,,,,,,,,,,,,,,,,,,,,,,,,,,
54811,20150413,-88.85,41.84,,,,,,,,,,,,,,,,,,,,,,,,,,,,
54811,20150414,-88.85,41.84,,,,,,,,,,,,,,,,,,,,,,,,,,,,
54811,20150415,-88.85,41.84,,,,,,,,,,,,,,,,,,,,,,,,,,,,
54811,20150416,-88.85,41.84,,,,,,,,,,,,,,,,,,,,,,,,,,,,
54811,20150417,-88.85,41.84,,,,,,,,,,,,,,,,,,,,,,,,,,,,
54811,20150418,-88.85,41.84,,,,,,,,,,,,,,,,,,,,,,,,,,,,
54811,20150419,-88.85,41.84,,,,,,,,,,,,,,,,,,,,,,,,,,,,
54811,20150420,-88.85,41.84,,,,,,,,,,,,,,,,,,,,,,,,,,,,
54811,20150421,-88.85,41.84,,,,,,,,,,,,,,,,,,,,,,,,,,,,
54811,20150422,-88.85,41.84,,,,,,,,,,,,,,,,,,,,,,,,,,,,
54811,20150423,-88.85,41.84,,,,,,,,,,,,,,,,,,,,,,,,,,,,
54811,20150424,-88.85,41.84,,,,,,,,,,,,,,,,,,,,,,,,,,,,
54811,20150425,-88.85,41.84,,,,,,,,,,,,,,,,,,,,,,,,,,,,
54811,20150426,-88.85,41.84,,,,,,,,,,,,,,,,,,,,,,,,,,,,
54811,20150427,-88.85,41.84,,,,,,,,,,,,,,,,,,,,,,,,,,,,
54811,20150428,-88.85,41.84,,,,,,,,,,,,,,,,,,,,,,,,,,,,
54811,20150429,-88.85,41.84,,,,,,,,,,,,,,,,,,,,,,,,,,,,
54811,20150430,-88.85,41.84,,,,,,,,,,,,,,,,,,,,,,,,,,,,
54811,20150501,-88.85,41.84,,,,,,,,,,,,,,,,,,,,,,,,,,,,
54811,20150502,-88.85,41.84,,,,,,,,,,,,,,,,,,,,,,,,,,,,
54811,20150503,-88.85,41.84,,,,,,,,,,,,,,,,,,,,,,,,,,,,
54811,20150504,-88.85,41.84,,,,,,,,,,,,,,,,,,,,,,,,,,,,
54811,20150505,-88.85,41.84,,,,,,,,,,,,,,,,,,,,,,,,,,,,
54811,20150506,-88.85,41.84,,,,,,,,,,,,,,,,,,,,,,,,,,,,
54811,20150507,-88.85,41.84,,,,,,,,,,,,,,,,,,,,,,,,,,,,
54811,20150508,-88.85,41.84,,,,,,,,,,,,,,,,,,,,,,,,,,,,
54811,20150509,-88.85,41.84,,,,,,,,,,,,,,,,,,,,,,,,,,,,
54811,20150510,-88.85,41.84,,,,,,,,,,,,,,,,,,,,,,,,,,,,
54811,20150511,-88.85,41.84,,,,,,,,,,,,,,,,,,,,,,,,,,,,
54811,20150512,-88.85,41.84,,,,,,,,,,,,,,,,,,,,,,,,,,,,
54811,20150513,-88.85,41.84,,,,,,,,,,,,,,,,,,,,,,,,,,,,
54811,20150514,-88.85,41.84,,,,,,,,,,,,,,,,,,,,,,,,,,,,
54811,20150515,-88.85,41.84,,,,,,,,,,,,,,,,,,,,,,,,,,,,
54811,20150516,-88.85,41.84,,,,,,,,,,,,,,,,,,,,,,,,,,,,
54811,20150517,-88.85,41.84,,,,,,,,,,,,,,,,,,,,,,,,,,,,
54811,20150518,-88.85,41.84,,,,,,,,,,,,,,,,,,,,,,,,,,,,
54811,20150519,-88.85,41.84,,,,,,,,,,,,,,,,,,,,,,,,,,,,
54811,20150520,-88.85,41.84,,,,,,,,,,,,,,,,,,,,,,,,,,,,
54811,20150521,-88.85,41.84,,,,,,,,,,,,,,,,,,,,,,,,,,,,
54811,20150522,-88.85,41.84,,,,,,,,,,,,,,,,,,,,,,,,,,,,
54811,20150523,-88.85,41.84,,,,,,,,,,,,,,,,,,,,,,,,,,,,
54811,20150524,-88.85,41.84,,,,,,,,,,,,,,,,,,,,,,,,,,,,
54811,20150525,-88.85,41.84,,,,,,,,,,,,,,,,,,,,,,,,,,,,
54811,20150526,-88.85,41.84,,,,,,,,,,,,,,,,,,,,,,,,,,,,
54811,20150527,-88.85,41.84,,,,,,,,,,,,,,,,,,,,,,,,,,,,
54811,20150528,-88.85,41.84,,,,,,,,,,,,,,,,,,,,,,,,,,,,
54811,20150529,-88.85,41.84,,,,,,,,,,,,,,,,,,,,,,,,,,,,
54811,20150530,-88.85,41.84,,,,,,,,,,,,,,,,,,,,,,,,,,,,
54811,20150531,-88.85,41.84,,,,,,,,,,,,,,,,,,,,,,,,,,,,
54811,20150601,-88.85,41.84,,,,,,,,,,,,,,,,,,,,,,,,,,,,
54811,20150602,-88.85,41.84,,,,,,,,,,,,,,,,,,,,,,,,,,,,
54811,20150603,-88.85,41.84,,,,,,,,,,,,,,,,,,,,,,,,,,,,
54811,20150604,-88.85,41.84,,,,,,,,,,,,,,,,,,,,,,,,,,,,
54811,20150605,-88.85,41.84,,,,,,,,,,,,,,,,,,,,,,,,,,,,
54811,20150606,-88.85,41.84,,,,,,,,,,,,,,,,,,,,,,,,,,,,
54811,20150607,-88.85,41.84,,,,,,,,,,,,,,,,,,,,,,,,,,,,
54811,20150608,-88.85,41.84,,,,,,,,,,,,,,,,,,,,,,,,,,,,
54811,20150609,-88.85,41.84,,,,,,,,,,,,,,,,,,,,,,,,,,,,
54811,20150610,-88.85,41.84,,,,,,,,,,,,,,,,,,,,,,,,,,,,
54811,20150611,-88.85,41.84,,,,,,,,,,,,,,,,,,,,,,,,,,,,
54811,20150612,-88.85,41.84,,,,,,,,,,,,,,,,,,,,,,,,,,,,
54811,20150613,-88.85,41.84,,,,,,,,,,,,,,,,,,,,,,,,,,,,
54811,20150614,-88.85,41.84,,,,,,,,,,,,,,,,,,,,,,,,,,,,
54811,20150615,-88.85,41.84,,,,,,,,,,,,,,,,,,,,,,,,,,,,
54811,20150616,-88.85,41.84,,,,,,,,,,,,,,,,,,,,,,,,,,,,
54811,20150617,-88.85,41.84,,,,,,,,,,,,,,,,,,,,,,,,,,,,
54811,20150618,-88.85,41.84,,,,,,,,,,,,,,,,,,,,,,,,,,,,
54811,20150619,-88.85,41.84,,,,,,,,,,,,,,,,,,,,,,,,,,,,
54811,20150620,-88.85,41.84,,,,,,,,,,,,,,,,,,,,,,,,,,,,
54811,20150621,-88.85,41.84,,,,,,,,,,,,,,,,,,,,,,,,,,,,
54811,20150622,-88.85,41.84,,,,,,,,,,,,,,,,,,,,,,,,,,,,
54811,20150623,-88.85,41.84,,,,,,,,,,,,,,,,,,,,,,,,,,,,
54811,20150624,-88.85,41.84,,,,,,,,,,,,,,,,,,,,,,,,,,,,
54811,20150625,-88.85,41.84,,,,,,,,,,,,,,,,,,,,,,,,,,,,
54811,20150626,-88.85,41.84,,,,,,,,,,,,,,,,,,,,,,,,,,,,
54811,20150627,-88.85,41.84,,,,,,,,,,,,,,,,,,,,,,,,,,,,
54811,20150628,-88.85,41.84,,,,,,,,,,,,,,,,,,,,,,,,,,,,
54811,20150629,-88.85,41.84,,,,,,,,,,,,,,,,,,,,,,,,,,,,
54811,20150630,-88.85,41.84,,,,,,,,,,,,,,,,,,,,,,,,,,,,
54811,20150701,-88.85,41.84,,,,,,,,,,,,,,,,,,,,,,,,,,,,
54811,20150702,-88.85,41.84,,,,,,,,,,,,,,,,,,,,,,,,,,,,
54811,20150703,-88.85,41.84,,,,,,,,,,,,,,,,,,,,,,,,,,,,
54811,20150704,-88.85,41.84,,,,,,,,,,,,,,,,,,,,,,,,,,,,
54811,20150705,-88.85,41.84,,,,,,,,,,,,,,,,,,,,,,,,,,,,
54811,20150706,-88.85,41.84,,,,,,,,,,,,,,,,,,,,,,,,,,,,
54811,20150707,-88.85,41.84,,,,,,,,,,,,,,,,,,,,,,,,,,,,
54811,20150708,-88.85,41.84,,,,,,,,,,,,,,,,,,,,,,,,,,,,
54811,20150709,-88.85,41.84,,,,,,,,,,,,,,,,,,,,,,,,,,,,
54811,20150710,-88.85,41.84,,,,,,,,,,,,,,,,,,,,,,,,,,,,
54811,20150711,-88.85,41.84,,,,,,,,,,,,,,,,,,,,,,,,,,,,
54811,20150712,-88.85,41.84,,,,,,,,,,,,,,,,,,,,,,,,,,,,
54811,20150713,-88.85,41.84,,,,,,,,,,,,,,,,,,,,,,,,,,,,
54811,20150714,-88.85,41.84,,,,,,,,,,,,,,,,,,,,,,,,,,,,
54811,20150715,-88.85,41.84,,,,,,,,,,,,,,,,,,,,,,,,,,,,
54811,20150716,-88.85,41.84,,,,,,,,,,,,,,,,,,,,,,,,,,,,
54811,20150717,-88.85,41.84,,,,,,,,,,,,,,,,,,,,,,,,,,,,
54811,20150718,-88.85,41.84,,,,,,,,,,,,,,,,,,,,,,,,,,,,
54811,20150719,-88.85,41.84,,,,,,,,,,,,,,,,,,,,,,,,,,,,
54811,20150720,-88.85,41.84,,,,,,,,,,,,,,,,,,,,,,,,,,,,
54811,20150721,-88.85,41.84,,,,,,,,,,,,,,,,,,,,,,,,,,,,
54811,20150722,-88.85,41.84,,,,,,,,,,,,,,,,,,,,,,,,,,,,
54811,20150723,-88.85,41.84,,,,,,,,,,,,,,,,,,,,,,,,,,,,
54811,20150724,-88.85,41.84,,,,,,,,,,,,,,,,,,,,,,,,,,,,
54811,20150725,-88.85,41.84,,,,,,,,,,,,,,,,,,,,,,,,,,,,
54811,20150726,-88.85,41.84,,,,,,,,,,,,,,,,,,,,,,,,,,,,
54811,20150727,-88.85,41.84,,,,,,,,,,,,,,,,,,,,,,,,,,,,
54811,20150728,-88.85,41.84,,,,,,,,,,,,,,,,,,,,,,,,,,,,
54811,20150729,-88.85,41.84,,,,,,,,,,,,,,,,,,,,,,,,,,,,
54811,20150730,-88.85,41.84,,,,,,,,,,,,,,,,,,,,,,,,,,,,
54811,20150731,-88.85,41.84,,,,,,,,,,,,,,,,,,,,,,,,,,,,
54811,20150801,-88.85,41.84,,,,,,,,,,,,,,,,,,,,,,,,,,,,
54811,20150802,-88.85,41.84,,,,,,,,,,,,,,,,,,,,,,,,,,,,
54811,20150803,-88.85,41.84,,,,,,,,,,,,,,,,,,,,,,,,,,,,
54811,20150804,-88.85,41.84,,,,,,,,,,,,,,,,,,,,,,,,,,,,
54811,20150805,-88.85,41.84,,,,,,,,,,,,,,,,,,,,,,,,,,,,
54811,20150806,-88.85,41.84,,,,,,,,,,,,,,,,,,,,,,,,,,,,
54811,20150807,-88.85,41.84,,,,,,,,,,,,,,,,,,,,,,,,,,,,
54811,20150808,-88.85,41.84,,,,,,,,,,,,,,,,,,,,,,,,,,,,
54811,20150809,-88.85,41.84,,,,,,,,,,,,,,,,,,,,,,,,,,,,
54811,20150810,-88.85,41.84,,,,,,,,,,,,,,,,,,,,,,,,,,,,
54811,20150811,-88.85,41.84,,,,,,,,,,,,,,,,,,,,,,,,,,,,
54811,20150812,-88.85,41.84,,,,,,,,,,,,,,,,,,,,,,,,,,,,
54811,20150813,-88.85,41.84,,,,,,,,,,,,,,,,,,,,,,,,,,,,
54811,20150814,-88.85,41.84,,,,,,,,,,,,,,,,,,,,,,,,,,,,
54811,20150815,-88.85,41.84,,,,,,,,,,,,,,,,,,,,,,,,,,,,
54811,20150816,-88.85,41.84,,,,,,,,,,,,,,,,,,,,,,,,,,,,
54811,20150817,-88.85,41.84,,,,,,,,,,,,,,,,,,,,,,,,,,,,
54811,20150818,-88.85,41.84,,,,,,,,,,,,,,,,,,,,,,,,,,,,
54811,20150819,-88.85,41.84,,,,,,,,,,,,,,,,,,,,,,,,,,,,
54811,20150820,-88.85,41.84,,,,,,,,,,,,,,,,,,,,,,,,,,,,
54811,20150821,-88.85,41.84,,,,,,,,,,,,,,,,,,,,,,,,,,,,
54811,20150822,-88.85,41.84,,,,,,,,,,,,,,,,,,,,,,,,,,,,
54811,20150823,-88.85,41.84,,,,,,,,,,,,,,,,,,,,,,,,,,,,
54811,20150824,-88.85,41.84,,,,,,,,,,,,,,,,,,,,,,,,,,,,
54811,20150825,-88.85,41.84,,,,,,,,,,,,,,,,,,,,,,,,,,,,
54811,20150826,-88.85,41.84,,,,,,,,,,,,,,,,,,,,,,,,,,,,
54811,20150827,-88.85,41.84,,,,,,,,,,,,,,,,,,,,,,,,,,,,
54811,20150828,-88.85,41.84,,,,,,,,,,,,,,,,,,,,,,,,,,,,
54811,20150829,-88.85,41.84,,,,,,,,,,,,,,,,,,,,,,,,,,,,
54811,20150830,-88.85,41.84,,,,,,,,,,,,,,,,,,,,,,,,,,,,
54811,20150831,-88.85,41.84,,,,,,,,,,,,,,,,,,,,,,,,,,,,
54811,20150901,-88.85,41.84,,,,,,,,,,,,,,,,,,,,,,,,,,,,
54811,20150902,-88.85,41.84,,,,,,,,,,,,,,,,,,,,,,,,,,,,
54811,20150903,-88.85,41.84,,,,,,,,,,,,,,,,,,,,,,,,,,,,
54811,20150904,-88.85,41.84,,,,,,,,,,,,,,,,,,,,,,,,,,,,
54811,20150905,-88.85,41.84,,,,,,,,,,,,,,,,,,,,,,,,,,,,
54811,20150906,-88.85,41.84,,,,,,,,,,,,,,,,,,,,,,,,,,,,
54811,20150907,-88.85,41.84,,,,,,,,,,,,,,,,,,,,,,,,,,,,
54811,20150908,-88.85,41.84,,,,,,,,,,,,,,,,,,,,,,,,,,,,
54811,20150909,-88.85,41.84,,,,,,,,,,,,,,,,,,,,,,,,,,,,
54811,20150910,-88.85,41.84,,,,,,,,,,,,,,,,,,,,,,,,,,,,
54811,20150911,-88.85,41.84,,,,,,,,,,,,,,,,,,,,,,,,,,,,
54811,20150912,-88.85,41.84,,,,,,,,,,,,,,,,,,,,,,,,,,,,
54811,20150913,-88.85,41.84,,,,,,,,,,,,,,,,,,,,,,,,,,,,
54811,20150914,-88.85,41.84,,,,,,,,,,,,,,,,,,,,,,,,,,,,
54811,20150915,-88.85,41.84,,,,,,,,,,,,,,,,,,,,,,,,,,,,
54811,20150916,-88.85,41.84,,,,,,,,,,,,,,,,,,,,,,,,,,,,
54811,20150917,-88.85,41.84,,,,,,,,,,,,,,,,,,,,,,,,,,,,
54811,20150918,-88.85,41.84,,,,,,,,,,,,,,,,,,,,,,,,,,,,
54811,20150919,-88.85,41.84,,,,,,,,,,,,,,,,,,,,,,,,,,,,
54811,20150920,-88.85,41.84,,,,,,,,,,,,,,,,,,,,,,,,,,,,
54811,20150921,-88.85,41.84,,,,,,,,,,,,,,,,,,,,,,,,,,,,
54811,20150922,-88.85,41.84,,,,,,,,,,,,,,,,,,,,,,,,,,,,
54811,20150923,-88.85,41.84,,,,,,,,,,,,,,,,,,,,,,,,,,,,
54811,20150924,-88.85,41.84,,,,,,,,,,,,,,,,,,,,,,,,,,,,
54811,20150925,-88.85,41.84,,,,,,,,,,,,,,,,,,,,,,,,,,,,
54811,20150926,-88.85,41.84,,,,,,,,,,,,,,,,,,,,,,,,,,,,
54811,20150927,-88.85,41.84,,,,,,,,,,,,,,,,,,,,,,,,,,,,
54811,20150928,-88.85,41.84,0.238,0.12,0,0.209,0.321,0.55,0,0.821,0.358,0.65,0,1,0.357,0.18,0,0.058,,,,,0.279,0.38,0,0.417,,,,
54811,20150929,-88.85,41.84,0.227,0.02,0,0.113,0.315,0.49,0,0.69,0.354,0.62,0,1,0.357,0.19,0,0.077,,,,,0.271,0.3,0,0.315,,,,
54811,20150930,-88.85,41.84,0.218,-0.07,0,0,0.312,0.46,0,0.679,0.351,0.6,0,1,0.357,0.2,0,0.119,,,,,0.265,0.23,0,0.173,,,,
54811,20151001,-88.85,41.84,0.209,-0.14,0,0,0.308,0.42,0,0.589,0.348,0.58,0,1,0.357,0.2,0,0.167,,,,,0.259,0.16,0,0.03,,,,
54811,20151002,-88.85,41.84,0.202,-0.2,0.083,0,0.305,0.37,0,0.446,0.345,0.56,0,1,0.357,0.2,0,0.196,,,,,0.253,0.09,0,0,,,,
54811,20151003,-88.85,41.84,0.195,-0.26,0.226,0,0.301,0.33,0,0.304,0.342,0.54,0,0.994,0.356,0.2,0,0.226,,,,,0.248,0.03,0,0,,,,
54811,20151004,-88.85,41.84,0.189,-0.31,0.369,0,0.296,0.27,0,0.196,0.339,0.51,0,0.958,0.355,0.19,0,0.238,,,,,0.242,-0.03,0,0,,,,
54811,20151005,-88.85,41.84,0.184,-0.35,0.512,0,0.292,0.22,0,0.185,0.336,0.49,0,0.869,0.355,0.19,0,0.268,,,,,0.238,-0.08,0,0,,,,
54811,20151006,-88.85,41.84,0.18,-0.38,0.655,0,0.289,0.18,0,0.185,0.333,0.47,0,0.756,0.353,0.18,0,0.25,,,,,0.234,-0.12,0,0,,,,
54811,20151007,-88.85,41.84,0.174,-0.44,0.798,0,0.28,0.1,0,0.054,0.328,0.42,0,0.625,0.352,0.17,0,0.232,,,,,0.227,-0.19,0,0,,,,
54811,20151008,-88.85,41.84,0.169,-0.49,0.94,0,0.273,0.03,0,0,0.323,0.38,0,0.494,0.351,0.17,0,0.22,,,,,0.221,-0.25,0.024,0,,,,
54811,20151009,-88.85,41.84,0.166,-0.52,1,0,0.268,-0.04,0,0,0.32,0.34,0,0.351,0.351,0.17,0,0.214,,,,,0.217,-0.29,0.155,0,,,,
54811,20151010,-88.85,41.84,0.163,-0.55,1,0,0.263,-0.11,0.018,0,0.316,0.3,0,0.214,0.35,0.17,0,0.196,,,,,0.213,-0.33,0.298,0,,,,
54811,20151011,-88.85,41.84,0.161,-0.58,1,0,0.259,-0.17,0.113,0,0.313,0.26,0,0.107,0.349,0.16,0,0.173,,,,,0.21,-0.37,0.44,0,,,,
54811,20151012,-88.85,41.84,0.158,-0.6,1,0,0.255,-0.23,0.256,0,0.309,0.21,0,0.054,0.348,0.16,0,0.143,,,,,0.207,-0.41,0.583,0,,,,
54811,20151013,-88.85,41.84,0.156,-0.62,1,0,0.25,-0.3,0.399,0,0.305,0.15,0,0.024,0.347,0.16,0,0.137,,,,,0.203,-0.46,0.726,0,,,,
54811,20151014,-88.85,41.84,0.153,-0.65,1,0,0.245,-0.37,0.542,0,0.301,0.09,0,0.012,0.347,0.16,0,0.125,,,,,0.199,-0.51,0.869,0,,,,
54811,20151015,-88.85,41.84,0.15,-0.68,1,0,0.24,-0.45,0.685,0,0.296,0.03,0,0,0.345,0.15,0,0.089,,,,,0.195,-0.56,0.988,0,,,,
54811,20151016,-88.85,41.84,0.148,-0.71,1,0,0.236,-0.52,0.827,0,0.292,-0.03,0,0,0.344,0.14,0,0.054,,,,,0.192,-0.61,1,0,,,,
54811,20151017,-88.85,41.84,0.145,-0.74,1,0,0.231,-0.59,0.952,0,0.287,-0.1,0,0,0.344,0.14,0,0.048,,,,,0.188,-0.66,1,0,,,,
54811,20151018,-88.85,41.84,0.143,-0.77,1,0,0.226,-0.67,1,0,0.283,-0.16,0,0,0.343,0.13,0,0.06,,,,,0.185,-0.71,1,0,,,,
54811,20151019,-88.85,41.84,0.14,-0.8,1,0,0.222,-0.74,1,0,0.278,-0.23,0.018,0,0.342,0.13,0,0.071,,,,,0.181,-0.75,1,0,,,,
54811,20151020,-88.85,41.84,0.138,-0.82,1,0,0.218,-0.8,1,0,0.274,-0.29,0.131,0,0.341,0.12,0,0.083,,,,,0.178,-0.8,1,0,,,,
54811,20151021,-88.85,41.84,0.137,-0.85,1,0,0.215,-0.87,1,0,0.271,-0.34,0.262,0,0.34,0.1,0,0.071,,,,,0.176,-0.84,1,0,,,,
54811,20151022,-88.85,41.84,0.137,-0.87,1,0,0.213,-0.92,1,0,0.269,-0.39,0.405,0,0.339,0.09,0,0.065,,,,,0.175,-0.87,1,0,,,,
54811,20151023,-88.85,41.84,0.137,-0.9,1,0,0.212,-0.97,1,0,0.266,-0.44,0.548,0,0.337,0.06,0,0.077,,,,,0.175,-0.92,1,0,,,,
54811,20151024,-88.85,41.84,0.141,-0.91,1,0,0.218,-0.97,0.982,0,0.266,-0.47,0.649,0,0.335,0.04,0,0.071,,,,,0.18,-0.93,1,0,,,,
54811,20151025,-88.85,41.84,0.151,-0.89,1,0,0.228,-0.93,0.982,0,0.267,-0.48,0.72,0,0.335,0.03,0,0.048,,,,,0.19,-0.91,1,0,,,,
54811,20151026,-88.85,41.84,0.161,-0.87,1,0,0.236,-0.91,0.982,0,0.269,-0.49,0.845,0,0.335,0.02,0,0.03,,,,,0.199,-0.91,1,0,,,,
54811,20151027,-88.85,41.84,0.17,-0.86,1,0,0.243,-0.91,0.982,0,0.27,-0.51,0.875,0,0.334,0,0,0.018,,,,,0.206,-0.91,1,0,,,,
54811,20151028,-88.85,41.84,0.188,-0.78,0.94,0.042,0.255,-0.85,0.935,0.012,0.273,-0.52,0.845,0,0.333,-0.02,0,0.018,,,,,0.222,-0.85,0.94,0.018,,,,
54811,20151029,-88.85,41.84,0.219,-0.61,0.798,0.095,0.278,-0.65,0.792,0.095,0.279,-0.49,0.702,0,0.332,-0.03,0,0.018,,,,,0.249,-0.66,0.798,0.065,,,,
54811,20151030,-88.85,41.84,0.246,-0.45,0.655,0.095,0.299,-0.47,0.649,0.113,0.284,-0.46,0.56,0,0.332,-0.04,0,0.006,,,,,0.272,-0.5,0.655,0.065,,,,
54811,20151031,-88.85,41.84,0.267,-0.32,0.515,0.096,0.312,-0.36,0.527,0.114,0.289,-0.44,0.467,0,0.332,-0.06,0,0,,,,,0.29,-0.38,0.515,0.066,,,,
54811,20151101,-88.85,41.84,0.292,-0.16,0.371,0.204,0.33,-0.16,0.383,0.251,0.304,-0.28,0.395,0.12,0.331,-0.07,0,0,,,,,0.311,-0.19,0.371,0.204,,,,
54811,20151102,-88.85,41.84,0.313,-0.01,0.228,0.204,0.346,0.02,0.24,0.383,0.319,-0.11,0.251,0.263,0.33,-0.08,0,0,,,,,0.33,-0.03,0.228,0.263,,,,
54811,20151103,-88.85,41.84,0.333,0.12,0.084,0.204,0.362,0.2,0.096,0.473,0.333,0.05,0.108,0.407,0.329,-0.09,0,0,,,,,0.348,0.13,0.084,0.263,,,,
54811,20151104,-88.85,41.84,0.341,0.17,0,0.162,0.373,0.31,0,0.473,0.346,0.2,0.006,0.545,0.329,-0.1,0,0,,,,,0.357,0.21,0,0.246,,,,
54811,20151105,-88.85,41.84,0.335,0.11,0,0.108,0.371,0.28,0,0.395,0.354,0.29,0.006,0.665,0.328,-0.11,0,0,,,,,0.353,0.17,0,0.198,,,,
54811,20151106,-88.85,41.84,0.335,0.1,0,0.138,0.372,0.29,0,0.413,0.364,0.4,0.006,0.784,0.328,-0.11,0,0,,,,,0.353,0.17,0,0.234,,,,
54811,20151107,-88.85,41.84,0.339,0.13,0,0.149,0.377,0.35,0,0.524,0.374,0.52,0,0.923,0.328,-0.11,0,0,,,,,0.358,0.21,0,0.268,,,,
54811,20151108,-88.85,41.84,0.334,0.07,0,0.042,0.372,0.26,0,0.405,0.372,0.48,0,0.935,0.328,-0.11,0,0,,,,,0.353,0.14,0,0.131,,,,
54811,20151109,-88.85,41.84,0.33,0.03,0,0.042,0.37,0.21,0,0.274,0.37,0.44,0,0.887,0.327,-0.12,0,0,,,,,0.35,0.1,0,0.071,,,,
54811,20151110,-88.85,41.84,0.328,-0.01,0,0.042,0.368,0.17,0,0.185,0.368,0.4,0,0.774,0.327,-0.13,0,0,,,,,0.348,0.06,0,0.071,,,,
54811,20151111,-88.85,41.84,0.326,-0.05,0.036,0.042,0.366,0.12,0,0.173,0.366,0.36,0,0.649,0.326,-0.14,0,0,,,,,0.346,0.02,0,0.071,,,,
54811,20151112,-88.85,41.84,0.328,-0.04,0.089,0.101,0.367,0.13,0,0.226,0.367,0.36,0,0.595,0.326,-0.14,0,0,,,,,0.348,0.03,0,0.131,,,,
54811,20151113,-88.85,41.84,0.333,0.01,0.089,0.131,0.37,0.14,0,0.232,0.37,0.38,0,0.619,0.326,-0.15,0,0,,,,,0.352,0.07,0,0.143,,,,
54811,20151114,-88.85,41.84,0.333,0,0.089,0.119,0.369,0.1,0,0.119,0.37,0.36,0,0.619,0.325,-0.16,0,0,,,,,0.351,0.05,0,0.107,,,,
54811,20151115,-88.85,41.84,0.333,-0.01,0.089,0.119,0.368,0.08,0,0.101,0.37,0.35,0,0.56,0.325,-0.16,0,0,,,,,0.351,0.04,0,0.107,,,,
54811,20151116,-88.85,41.84,0.334,-0.01,0.089,0.119,0.369,0.06,0,0.101,0.37,0.34,0,0.476,0.326,-0.16,0,0,,,,,0.351,0.03,0,0.107,,,,
54811,20151117,-88.85,41.84,0.337,0.01,0.089,0.137,0.371,0.07,0,0.113,0.372,0.35,0,0.458,0.328,-0.15,0,0,,,,,0.354,0.05,0,0.125,,,,
54811,20151118,-88.85,41.84,0.356,0.26,0.054,0.28,0.384,0.2,0,0.256,0.382,0.48,0,0.589,0.339,-0.07,0,0.113,,,,,0.37,0.25,0,0.268,,,,
54811,20151119,-88.85,41.84,0.364,0.36,0,0.363,0.389,0.23,0,0.256,0.387,0.52,0,0.667,0.351,0.02,0,0.256,,,,,0.377,0.32,0,0.351,,,,
54811,20151120,-88.85,41.84,0.365,0.38,0,0.407,0.389,0.2,0,0.216,0.387,0.51,0,0.665,0.362,0.1,0,0.395,,,,,0.377,0.31,0,0.323,,,,
54811,20151121,-88.85,41.84,0.367,0.4,0,0.413,0.39,0.18,0,0.216,0.387,0.5,0,0.665,0.372,0.18,0,0.539,,,,,0.379,0.31,0,0.323,,,,
54811,20151122,-88.85,41.84,0.37,0.43,0,0.413,0.391,0.16,0,0.216,0.389,0.51,0,0.731,0.381,0.24,0,0.647,,,,,0.381,0.32,0,0.323,,,,
54811,20151123,-88.85,41.84,0.374,0.46,0,0.413,0.392,0.15,0,0.216,0.39,0.51,0,0.79,0.388,0.29,0,0.754,,,,,0.383,0.33,0,0.323,,,,
54811,20151124,-88.85,41.84,0.376,0.48,0,0.395,0.392,0.13,0,0.204,0.39,0.51,0,0.832,0.395,0.34,0,0.868,,,,,0.384,0.33,0,0.305,,,,
54811,20151125,-88.85,41.84,0.364,0.3,0,0.251,0.382,-0.01,0,0.06,0.383,0.4,0,0.784,0.393,0.32,0,0.88,,,,,0.373,0.16,0,0.162,,,,
54811,20151126,-88.85,41.84,0.361,0.24,0,0.144,0.379,-0.05,0,0,0.38,0.36,0,0.766,0.39,0.29,0,0.88,,,,,0.37,0.1,0,0.018,,,,
54811,20151127,-88.85,41.84,0.365,0.28,0,0.131,0.383,-0.03,0,0.065,0.382,0.37,0,0.768,0.39,0.28,0,0.881,,,,,0.374,0.12,0,0.071,,,,
54811,20151128,-88.85,41.84,0.37,0.32,0,0.262,0.386,0,0,0.071,0.384,0.39,0,0.768,0.391,0.29,0,0.881,,,,,0.378,0.15,0,0.149,,,,
54811,20151129,-88.85,41.84,0.373,0.33,0,0.333,0.388,0.02,0,0.071,0.385,0.4,0,0.774,0.392,0.29,0,0.917,,,,,0.38,0.16,0,0.149,,,,
54811,20151130,-88.85,41.84,0.375,0.33,0,0.333,0.389,0.03,0,0.071,0.386,0.4,0,0.839,0.394,0.29,0,0.952,,,,,0.382,0.16,0,0.149,,,,
54811,20151201,-88.85,41.84,0.383,0.39,0,0.423,0.394,0.08,0,0.137,0.389,0.43,0,0.917,0.395,0.29,0,0.976,,,,,0.388,0.21,0,0.22,,,,
54811,20151202,-88.85,41.84,0.389,0.43,0,0.565,0.399,0.12,0,0.137,0.391,0.46,0,0.964,0.397,0.3,0,0.994,,,,,0.394,0.26,0,0.28,,,,
54811,20151203,-88.85,41.84,0.395,0.46,0,0.673,0.402,0.15,0,0.137,0.393,0.48,0,0.982,0.398,0.3,0,0.994,,,,,0.398,0.29,0,0.351,,,,
54811,20151204,-88.85,41.84,0.394,0.41,0,0.714,0.4,0.12,0,0.071,0.391,0.46,0,0.982,0.398,0.29,0,0.988,,,,,0.397,0.26,0,0.28,,,,
54811,20151205,-88.85,41.84,0.394,0.38,0,0.583,0.399,0.1,0,0.065,0.389,0.43,0,0.982,0.396,0.27,0,0.982,,,,,0.396,0.23,0,0.202,,,,
54811,20151206,-88.85,41.84,0.396,0.37,0,0.512,0.399,0.09,0,0.065,0.389,0.43,0,0.982,0.395,0.26,0,0.958,,,,,0.397,0.22,0,0.202,,,,
54811,20151207,-88.85,41.84,0.397,0.36,0,0.512,0.4,0.09,0,0.065,0.389,0.42,0,0.976,0.394,0.25,0,0.935,,,,,0.399,0.22,0,0.202,,,,
54811,20151208,-88.85,41.84,0.394,0.3,0,0.423,0.397,0.04,0,0,0.386,0.39,0,0.935,0.393,0.24,0,0.887,,,,,0.396,0.17,0,0.131,,,,
54811,20151209,-88.85,41.84,0.391,0.25,0,0.28,0.394,-0.01,0,0,0.383,0.35,0,0.863,0.39,0.21,0,0.81,,,,,0.393,0.12,0,0.071,,,,
54811,20151210,-88.85,41.84,0.388,0.2,0,0.137,0.391,-0.06,0,0,0.381,0.32,0,0.756,0.388,0.2,0,0.75,,,,,0.39,0.07,0,0,,,,
54811,20151211,-88.85,41.84,0.387,0.16,0,0.006,0.389,-0.11,0,0,0.379,0.3,0,0.649,0.387,0.18,0,0.714,,,,,0.388,0.04,0,0,,,,
54811,20151212,-88.85,41.84,0.386,0.13,0,0,0.387,-0.16,0,0,0.378,0.28,0,0.536,0.385,0.17,0,0.673,,,,,0.386,0,0,0,,,,
54811,20151213,-88.85,41.84,0.386,0.1,0,0,0.386,-0.2,0,0,0.377,0.26,0,0.47,0.384,0.16,0,0.655,,,,,0.386,-0.02,0,0,,,,
54811,20151214,-88.85,41.84,0.396,0.22,0,0.131,0.392,-0.1,0,0.095,0.382,0.34,0,0.482,0.387,0.18,0,0.655,,,,,0.394,0.16,0,0.125,,,,
54811,20151215,-88.85,41.84,0.404,0.32,0,0.274,0.398,-0.02,0,0.173,0.387,0.42,0,0.536,0.394,0.24,0,0.708,,,,,0.401,0.3,0,0.268,,,,
54811,20151216,-88.85,41.84,0.409,0.37,0,0.417,0.401,0.03,0,0.179,0.39,0.47,0,0.607,0.4,0.28,0,0.786,,,,,0.405,0.38,0,0.411,,,,
54811,20151217,-88.85,41.84,0.416,0.44,0,0.56,0.406,0.12,0,0.238,0.393,0.53,0,0.714,0.405,0.32,0,0.845,,,,,0.411,0.5,0,0.554,,,,
54811,20151218,-88.85,41.84,0.42,0.48,0,0.696,0.408,0.14,0,0.238,0.395,0.56,0,0.821,0.409,0.35,0,0.887,,,,,0.414,0.54,0,0.643,,,,
54811,20151219,-88.85,41.84,0.422,0.51,0,0.738,0.408,0.14,0.042,0.238,0.396,0.59,0,0.935,0.411,0.37,0,0.935,,,,,0.415,0.56,0,0.643,,,,
54811,20151220,-88.85,41.84,0.423,0.51,0,0.738,0.407,0.11,0.185,0.238,0.396,0.6,0,1,0.414,0.38,0,0.976,,,,,0.415,0.54,0,0.643,,,,
54811,20151221,-88.85,41.84,0.415,0.38,0,0.63,0.4,-0.01,0.298,0.173,0.392,0.54,0,1,0.412,0.36,0,1,,,,,0.408,0.35,0,0.537,,,,
54811,20151222,-88.85,41.84,0.416,0.31,0,0.565,0.399,-0.03,0.298,0.143,0.391,0.54,0,1,0.407,0.33,0,1,,,,,0.407,0.23,0,0.457,,,,
54811,20151223,-88.85,41.84,0.417,0.27,0,0.474,0.398,-0.04,0.298,0.137,0.39,0.53,0,1,0.403,0.29,0,1,,,,,0.407,0.16,0,0.342,,,,
54811,20151224,-88.85,41.84,0.419,0.16,0,0.333,0.4,0,0.298,0.208,0.391,0.56,0,1,0.402,0.29,0,1,,,,,0.41,-0.02,0,0.167,,,,
54811,20151225,-88.85,41.84,0.422,0.09,0,0.106,0.403,0.06,0.298,0.226,0.391,0.57,0,1,0.403,0.29,0,1,,,,,0.412,-0.12,0,0,,,,
54811,20151226,-88.85,41.84,0.425,0.01,0,0,0.407,0.14,0.256,0.226,0.392,0.59,0,1,0.403,0.29,0,1,,,,,0.416,-0.21,0,0,,,,
54811,20151227,-88.85,41.84,0.433,-0.01,0,0,0.413,0.26,0.113,0.321,0.393,0.6,0,1,0.403,0.3,0,1,,,,,0.423,-0.24,0,0,,,,
54811,20151228,-88.85,41.84,0.438,,,,0.419,0.35,0,0.375,0.394,0.61,0,1,0.404,0.3,0,1,,,,,0.429,,,,,,,
54811,20151229,-88.85,41.84,0.44,,,,0.421,0.38,0,0.423,0.394,0.59,0,1,0.406,0.32,0,1,,,,,0.43,,,,,,,
54811,20151230,-88.85,41.84,0.443,,,,0.424,0.42,0,0.53,0.396,0.61,0,1,0.411,0.37,0,1,,,,,0.433,,,,,,,
54811,20151231,-88.85,41.84,0.44,,,,0.423,0.39,0,0.464,0.394,0.55,0,1,0.413,0.39,0,1,,,,,0.431,,,,,,,
54811,20160101,-88.85,41.84,0.439,,,,0.423,0.4,0,0.527,0.393,0.52,0,1,0.414,0.39,0,1,,,,,0.431,,,,,,,
54811,20160102,-88.85,41.84,0.438,,,,0.422,0.44,0,0.648,0.392,0.49,0,0.946,0.414,0.4,0,1,,,,,0.43,,,,,,,
54811,20160103,-88.85,41.84,0.426,,,,0.42,0.45,0,0.642,0.391,0.46,0,0.81,0.414,0.4,0,1,,,,,0.423,,,,,,,
54811,20160104,-88.85,41.84,0.414,,,,0.417,0.47,0,0.667,0.389,0.39,0,0.667,0.413,0.4,0,1,,,,,0.415,,,,,,,
54811,20160105,-88.85,41.84,0.4,,,,0.411,0.46,0,0.667,0.386,0.29,0,0.524,0.409,0.36,0,1,,,,,0.406,,,,,,,
54811,20160106,-88.85,41.84,0.392,,,,0.406,0.42,0,0.444,0.382,0.19,0,0.381,0.401,0.3,0,1,,,,,0.401,,,,,,,
54811,20160107,-88.85,41.84,,,,,0.401,,,,0.378,0.1,0,0.238,0.395,0.25,0,1,,,,,,,,,,,,
54811,20160108,-88.85,41.84,,,,,0.398,,,,0.376,0.02,0,0.095,0.39,0.21,0,0.923,,,,,,,,,,,,
54811,20160109,-88.85,41.84,,,,,0.4,,,,0.379,0.08,0,0.119,0.388,0.2,0,0.899,,,,,,,,,,,,
54811,20160110,-88.85,41.84,,,,,0.402,,,,0.383,0.11,0,0.188,0.388,0.21,0,0.899,,,,,,,,,,,,
54811,20160111,-88.85,41.84,,,,,0.404,,,,0.385,0.12,0,0.223,0.388,0.21,0,0.899,,,,,,,,,,,,
54811,20160112,-88.85,41.84,,,,,0.406,,,,0.386,0.14,0,0.274,0.388,0.22,0,0.899,,,,,,,,,,,,
54811,20160113,-88.85,41.84,,,,,0.409,,,,0.388,0.2,0,0.354,0.388,0.22,0,0.899,,,,,,,,,,,,
54811,20160114,-88.85,41.84,,,,,,,,,0.39,0.33,0,0.5,0.388,0.23,0,0.887,,,,,,,,,,,,
54811,20160115,-88.85,41.84,,,,,,,,,0.391,0.67,0,0.853,0.389,0.23,0,0.935,,,,,,,,,,,,
54811,20160116,-88.85,41.84,,,,,,,,,0.386,0.63,0,1,0.388,0.22,0,0.923,,,,,,,,,,,,
54811,20160117,-88.85,41.84,,,,,,,,,0.382,,,,0.385,0.2,0,0.887,,,,,,,,,,,,
54811,20160118,-88.85,41.84,,,,,,,,,0.381,,,,0.383,0.18,0,0.827,,,,,,,,,,,,
54811,20160119,-88.85,41.84,,,,,,,,,,,,,0.381,0.16,0,0.702,,,,,,,,,,,,
54811,20160120,-88.85,41.84,,,,,,,,,,,,,0.379,0.14,0,0.565,,,,,,,,,,,,
54811,20160121,-88.85,41.84,,,,,,,,,,,,,0.377,0.12,0,0.435,,,,,,,,,,,,
54811,20160122,-88.85,41.84,,,,,,,,,,,,,0.376,0.1,0,0.321,,,,,,,,,,,,
54811,20160123,-88.85,41.84,,,,,,,,,,,,,0.374,0.09,0,0.214,,,,,,,,,,,,
54811,20160124,-88.85,41.84,,,,,,,,,,,,,0.372,0.06,0,0.107,,,,,,,,,,,,
54811,20160125,-88.85,41.84,,,,,,,,,,,,,0.369,0.04,0,0.024,,,,,,,,,,,,
54811,20160126,-88.85,41.84,,,,,,,,,,,,,0.367,0.01,0,0.006,,,,,,,,,,,,
54811,20160127,-88.85,41.84,,,,,,,,,,,,,0.366,-0.01,0,0,,,,,,,,,,,,
54811,20160128,-88.85,41.84,,,,,,,,,,,,,0.365,-0.02,0,0,,,,,,,,,,,,
54811,20160129,-88.85,41.84,,,,,,,,,,,,,0.364,-0.04,0,0,,,,,,,,,,,,
54811,20160130,-88.85,41.84,,,,,,,,,,,,,0.363,-0.05,0,0,,,,,,,,,,,,
54811,20160131,-88.85,41.84,,,,,,,,,,,,,0.363,-0.04,0,0.006,,,,,,,,,,,,
54811,20160201,-88.85,41.84,,,,,,,,,,,,,0.364,-0.02,0,0.048,,,,,,,,,,,,
54811,20160202,-88.85,41.84,,,,,,,,,,,,,0.365,0,0,0.077,,,,,,,,,,,,
54811,20160203,-88.85,41.84,,,,,,,,,,,,,0.366,0.02,0,0.095,,,,,,,,,,,,
54811,20160204,-88.85,41.84,,,,,,,,,,,,,0.367,0.04,0,0.155,,,,,,,,,,,,
54811,20160205,-88.85,41.84,,,,,,,,,,,,,0.369,0.06,0,0.232,,,,,,,,,,,,
54811,20160206,-88.85,41.84,,,,,,,,,,,,,0.37,0.09,0,0.286,,,,,,,,,,,,
54811,20160207,-88.85,41.84,,,,,,,,,,,,,0.371,0.1,0,0.286,,,,,,,,,,,,
54811,20160208,-88.85,41.84,,,,,,,,,,,,,0.371,0.09,0,0.25,,,,,,,,,,,,
54811,20160209,-88.85,41.84,,,,,,,,,,,,,0.371,0.09,0,0.226,,,,,,,,,,,,
54811,20160210,-88.85,41.84,,,,,,,,,,,,,0.371,0.09,0,0.208,,,,,,,,,,,,
54811,20160211,-88.85,41.84,,,,,,,,,,,,,0.371,0.08,0,0.149,,,,,,,,,,,,
54811,20160212,-88.85,41.84,,,,,,,,,,,,,0.37,0.07,0,0.071,,,,,,,,,,,,
54811,20160213,-88.85,41.84,,,,,,,,,,,,,0.369,0.06,0,0.018,,,,,,,,,,,,
54811,20160214,-88.85,41.84,,,,,,,,,,,,,0.369,0.05,0,0.012,,,,,,,,,,,,
54811,20160215,-88.85,41.84,,,,,,,,,,,,,0.367,0.04,0,0.006,,,,,,,,,,,,
54811,20160216,-88.85,41.84,,,,,,,,,,,,,0.366,0.02,0,0,,,,,,,,,,,,
54811,20160217,-88.85,41.84,,,,,,,,,,,,,0.365,0.01,0,0,,,,,,,,,,,,
54811,20160218,-88.85,41.84,,,,,,,,,,,,,0.364,0,0,0,,,,,,,,,,,,
54811,20160219,-88.85,41.84,,,,,,,,,,,,,0.362,-0.01,0,0,,,,,,,,,,,,
54811,20160220,-88.85,41.84,,,,,,,,,,,,,0.361,-0.03,0,0,,,,,,,,,,,,
54811,20160221,-88.85,41.84,,,,,,,,,,,,,0.36,-0.03,0,0,,,,,,,,,,,,
54811,20160222,-88.85,41.84,,,,,,,,,,,,,0.36,-0.03,0,0,,,,,,,,,,,,
54811,20160223,-88.85,41.84,,,,,,,,,,,,,0.36,-0.03,0,0,,,,,,,,,,,,
54811,20160224,-88.85,41.84,,,,,,,,,,,,,0.361,-0.03,0,0.006,,,,,,,,,,,,
54811,20160225,-88.85,41.84,,,,,,,,,,,,,0.361,-0.02,0,0.006,,,,,,,,,,,,
54811,20160226,-88.85,41.84,,,,,,,,,,,,,0.362,-0.01,0,0.006,,,,,,,,,,,,
54811,20160227,-88.85,41.84,,,,,,,,,,,,,0.364,0,0,0.006,,,,,,,,,,,,
54811,20160228,-88.85,41.84,,,,,,,,,,,,,0.365,0.01,0,0.006,,,,,,,,,,,,
54811,20160229,-88.85,41.84,,,,,,,,,,,,,0.366,0.01,0,0.06,,,,,,,,,,,,
54811,20160301,-88.85,41.84,,,,,,,,,,,,,0.367,0.02,0,0.119,,,,,,,,,,,,
54811,20160302,-88.85,41.84,,,,,,,,,,,,,0.367,0.02,0,0.113,,,,,,,,,,,,
54811,20160303,-88.85,41.84,,,,,,,,,,,,,0.368,0.02,0,0.113,,,,,,,,,,,,
54811,20160304,-88.85,41.84,0.343,,,,,,,,,,,,0.369,0.03,0,0.113,,,,,,,,,,,,
54811,20160305,-88.85,41.84,0.343,,,,,,,,,,,,0.37,0.03,0,0.113,,,,,,,,,,,,
54811,20160306,-88.85,41.84,0.344,,,,,,,,,,,,0.371,0.03,0,0.113,,,,,,,,,,,,
54811,20160307,-88.85,41.84,0.345,,,,,,,,,,,,0.372,0.04,0,0.06,,,,,,,,,,,,
54811,20160308,-88.85,41.84,0.346,,,,,,,,,,,,0.374,0.05,0,0.006,,,,,,,,,,,,
54811,20160309,-88.85,41.84,0.353,,,,,,,,,,,,0.377,0.07,0,0.054,,,,,,,,,,,,
54811,20160310,-88.85,41.84,0.36,,,,,,,,,,,,0.381,0.1,0,0.196,,,,,,,,,,,,
54811,20160311,-88.85,41.84,0.364,,,,,,,,0.369,,,,0.385,0.12,0,0.339,,,,,,,,,,,,
54811,20160312,-88.85,41.84,0.367,,,,,,,,0.37,,,,0.387,0.14,0,0.408,,,,,,,,,,,,
54811,20160313,-88.85,41.84,,,,,,,,,,,,,,,,,,,,,,,,,,,,
54811,20160314,-88.85,41.84,,,,,,,,,,,,,,,,,,,,,,,,,,,,
54811,20160315,-88.85,41.84,,,,,,,,,,,,,,,,,,,,,,,,,,,,
54811,20160316,-88.85,41.84,,,,,,,,,,,,,,,,,,,,,,,,,,,,
54811,20160317,-88.85,41.84,,,,,,,,,,,,,,,,,,,,,,,,,,,,
54811,20160318,-88.85,41.84,,,,,,,,,,,,,,,,,,,,,,,,,,,,
54811,20160319,-88.85,41.84,0.39,-0.2,0.333,0,0.409,-0.22,0,0,0.387,0.1,0,0,0.403,0.26,0,0.986,,,,,0.399,,,,,,,
54811,20160320,-88.85,41.84,0.385,-0.29,0.567,0,0.406,-0.3,0,0,0.384,0.05,0,0,0.402,0.25,0,0.988,,,,,0.395,-0.36,0,0,,,,
54811,20160321,-88.85,41.84,0.376,-0.34,0.69,0,0.402,-0.33,0,0,0.382,0.02,0,0,0.401,0.24,0,0.982,,,,,0.389,-0.38,0.355,0,,,,
54811,20160322,-88.85,41.84,0.37,-0.39,0.759,0,0.398,-0.35,0,0,0.38,0,0,0,0.399,0.22,0,0.923,,,,,0.384,-0.42,0.636,0,,,,
54811,20160323,-88.85,41.84,0.36,-0.46,0.828,0,0.392,-0.37,0.022,0,0.376,-0.02,0,0,0.397,0.2,0,0.827,,,,,0.376,-0.47,0.747,0,,,,
54811,20160324,-88.85,41.84,0.352,-0.52,0.856,0,0.386,-0.39,0.15,0,0.372,-0.04,0,0,0.393,0.17,0,0.738,,,,,0.369,-0.49,0.757,0,,,,
54811,20160325,-88.85,41.84,0.358,-0.37,0.781,0.088,0.39,-0.28,0.146,0.044,0.374,0.06,0,0.126,0.394,0.18,0,0.708,,,,,0.374,-0.29,0.614,0.087,,,,
54811,20160326,-88.85,41.84,0.364,-0.27,0.679,0.121,0.392,-0.23,0.126,0.038,0.376,0.11,0,0.232,0.395,0.18,0,0.708,,,,,0.378,-0.2,0.517,0.073,,,,
54811,20160327,-88.85,41.84,0.367,-0.2,0.542,0.119,0.395,-0.19,0.12,0.036,0.378,0.15,0,0.244,0.396,0.19,0,0.708,,,,,0.381,-0.15,0.479,0.067,,,,
54811,20160328,-88.85,41.84,0.37,-0.13,0.399,0.119,0.397,-0.16,0.119,0.036,0.379,0.18,0,0.244,0.397,0.19,0,0.726,,,,,0.384,-0.1,0.399,0.065,,,,
54811,20160329,-88.85,41.84,0.374,-0.06,0.256,0.119,0.399,-0.13,0.119,0.036,0.381,0.23,0,0.244,0.398,0.2,0,0.78,,,,,0.387,-0.05,0.256,0.065,,,,
54811,20160330,-88.85,41.84,0.377,0.01,0.185,0.119,0.401,-0.1,0.107,0.036,0.382,0.27,0,0.244,0.399,0.2,0,0.821,,,,,0.389,0.01,0.131,0.065,,,,
54811,20160331,-88.85,41.84,0.385,0.15,0.143,0.19,0.406,-0.01,0.018,0.101,0.386,0.35,0,0.304,0.399,0.2,0,0.857,,,,,0.396,0.14,0.089,0.131,,,,
54811,20160401,-88.85,41.84,0.387,0.22,0.143,0.25,0.409,0.03,0,0.167,0.387,0.41,0,0.327,0.4,0.2,0,0.887,,,,,0.398,0.19,0.089,0.208,,,,
54811,20160402,-88.85,41.84,0.39,0.28,0.143,0.357,0.411,0.06,0,0.173,0.388,0.45,0,0.357,0.4,0.2,0,0.887,,,,,0.4,0.24,0.089,0.351,,,,
54811,20160403,-88.85,41.84,0.392,0.35,0.143,0.482,0.412,0.08,0,0.173,0.389,0.48,0,0.488,0.401,0.2,0,0.887,,,,,0.402,0.29,0.089,0.399,,,,
54811,20160404,-88.85,41.84,0.394,0.39,0.143,0.488,0.412,0.09,0,0.173,0.389,0.5,0,0.589,0.401,0.2,0,0.887,,,,,0.403,0.31,0.089,0.399,,,,
54811,20160405,-88.85,41.84,0.393,0.39,0.143,0.488,0.412,0.09,0,0.173,0.39,0.5,0,0.595,0.401,0.2,0,0.857,,,,,0.403,0.31,0.089,0.399,,,,
54811,20160406,-88.85,41.84,0.395,0.44,0.071,0.512,0.412,0.1,0,0.173,0.39,0.5,0,0.595,0.402,0.19,0,0.81,,,,,0.404,0.33,0.071,0.423,,,,
54811,20160407,-88.85,41.84,0.401,0.56,0,0.583,0.415,0.15,0,0.232,0.391,0.51,0,0.655,0.402,0.19,0,0.798,,,,,0.408,0.43,0,0.5,,,,
54811,20160408,-88.85,41.84,0.398,0.51,0,0.583,0.412,0.12,0,0.179,0.388,0.45,0,0.655,0.401,0.18,0,0.798,,,,,0.405,0.38,0,0.5,,,,
54811,20160409,-88.85,41.84,0.396,0.49,0,0.583,0.411,0.11,0,0.173,0.387,0.41,0,0.655,0.4,0.16,0,0.774,,,,,0.404,0.36,0,0.5,,,,
54811,20160410,-88.85,41.84,0.395,0.49,0,0.601,0.411,0.11,0,0.173,0.387,0.4,0,0.649,0.398,0.14,0,0.726,,,,,0.403,0.35,0,0.542,,,,
54811,20160411,-88.85,41.84,0.396,0.52,0,0.738,0.411,0.12,0,0.173,0.386,0.39,0,0.625,0.398,0.13,0,0.613,,,,,0.404,0.37,0,0.625,,,,
54811,20160412,-88.85,41.84,0.399,0.57,0,0.851,0.412,0.15,0,0.173,0.387,0.4,0,0.738,0.397,0.12,0,0.506,,,,,0.405,0.41,0,0.679,,,,
54811,20160413,-88.85,41.84,0.399,0.59,0,0.839,0.413,0.18,0,0.173,0.387,0.42,0,0.78,0.397,0.12,0,0.47,,,,,0.406,0.43,0,0.655,,,,
54811,20160414,-88.85,41.84,0.385,0.39,0,0.696,0.406,0.09,0,0.048,0.384,0.36,0,0.661,0.396,0.11,0,0.411,,,,,0.395,0.26,0,0.512,,,,
54811,20160415,-88.85,41.84,0.371,0.2,0.107,0.554,0.4,0.02,0,0,0.381,0.31,0,0.518,0.394,0.08,0,0.274,,,,,0.385,0.1,0.095,0.369,,,,
54811,20160416,-88.85,41.84,0.353,-0.02,0.25,0.411,0.393,-0.06,0.042,0,0.379,0.25,0,0.375,0.392,0.07,0,0.155,,,,,0.373,-0.08,0.238,0.226,,,,
54811,20160417,-88.85,41.84,0.332,-0.27,0.393,0.268,0.385,-0.16,0.185,0,0.376,0.2,0,0.238,0.391,0.06,0,0.06,,,,,0.358,-0.3,0.381,0.137,,,,
54811,20160418,-88.85,41.84,0.309,-0.55,0.536,0.125,0.374,-0.28,0.327,0,0.372,0.14,0,0.161,0.39,0.04,0,0.03,,,,,0.341,-0.55,0.524,0.054,,,,
54811,20160419,-88.85,41.84,0.283,-0.84,0.679,0.012,0.36,-0.45,0.47,0,0.367,0.05,0,0.042,0.389,0.04,0,0.03,,,,,0.322,-0.82,0.667,0,,,,
54811,20160420,-88.85,41.84,0.258,-1.11,0.821,0,0.347,-0.61,0.613,0,0.363,-0.04,0.006,0,0.388,0.03,0,0.024,,,,,0.303,-1.09,0.81,0,,,,
54811,20160421,-88.85,41.84,0.237,-1.33,0.964,0,0.334,-0.77,0.756,0,0.357,-0.14,0.119,0,0.386,0.01,0,0.006,,,,,0.285,-1.32,0.952,0,,,,
54811,20160422,-88.85,41.84,0.221,-1.47,1,0,0.322,-0.91,0.899,0,0.352,-0.23,0.256,0,0.386,0.01,0,0,,,,,0.272,-1.49,1,0,,,,
54811,20160423,-88.85,41.84,0.21,-1.55,1,0,0.312,-1.03,1,0,0.346,-0.33,0.399,0,0.385,0,0,0,,,,,0.261,-1.61,1,0,,,,
54811,20160424,-88.85,41.84,0.202,-1.58,1,0,0.302,-1.13,1,0,0.34,-0.43,0.542,0,0.384,-0.01,0,0,,,,,0.252,-1.69,1,0,,,,
54811,20160425,-88.85,41.84,0.197,-1.58,1,0,0.295,-1.22,1,0,0.334,-0.53,0.685,0,0.383,-0.02,0,0,,,,,0.246,-1.73,1,0,,,,
54811,20160426,-88.85,41.84,0.194,-1.56,1,0,0.288,-1.27,1,0,0.328,-0.62,0.827,0,0.382,-0.03,0,0,,,,,0.241,-1.73,1,0,,,,
54811,20160427,-88.85,41.84,0.191,-1.52,1,0,0.282,-1.33,1,0,0.321,-0.72,0.964,0,0.381,-0.03,0,0,,,,,0.236,-1.73,1,0,,,,
54811,20160428,-88.85,41.84,0.207,-1.31,0.911,0.089,0.279,-1.34,1,0,0.317,-0.78,0.994,0,0.38,-0.04,0,0.006,,,,,0.243,-1.58,0.911,0,,,,
54811,20160429,-88.85,41.84,0.232,-1.03,0.768,0.185,0.283,-1.26,1,0,0.314,-0.81,1,0,0.379,-0.05,0,0.006,,,,,0.257,-1.35,0.768,0,,,,
54811,20160430,-88.85,41.84,0.254,-0.79,0.625,0.185,0.289,-1.16,1,0,0.311,-0.83,1,0,0.378,-0.06,0,0.006,,,,,0.271,-1.14,0.625,0,,,,
54811,20160501,-88.85,41.84,0.283,-0.49,0.482,0.292,0.306,-0.94,0.905,0.089,0.313,-0.78,0.911,0,0.377,-0.08,0,0.006,,,,,0.294,-0.83,0.482,0.095,,,,
54811,20160502,-88.85,41.84,0.314,-0.18,0.339,0.435,0.329,-0.65,0.762,0.232,0.323,-0.62,0.768,0.065,0.375,-0.1,0,0.006,,,,,0.322,-0.49,0.339,0.238,,,,
54811,20160503,-88.85,41.84,0.343,0.11,0.196,0.577,0.351,-0.38,0.619,0.375,0.335,-0.42,0.625,0.208,0.377,-0.06,0,0.101,,,,,0.347,-0.17,0.196,0.381,,,,
54811,20160504,-88.85,41.84,0.371,0.4,0.054,0.649,0.374,-0.1,0.476,0.417,0.348,-0.22,0.482,0.292,0.38,-0.03,0,0.238,,,,,0.372,0.15,0.054,0.452,,,,
54811,20160505,-88.85,41.84,0.383,0.52,0,0.702,0.397,0.16,0.333,0.56,0.36,-0.04,0.339,0.435,0.382,0.01,0,0.351,,,,,0.39,0.35,0,0.595,,,,
54811,20160506,-88.85,41.84,0.382,0.52,0,0.702,0.409,0.3,0.19,0.673,0.369,0.11,0.196,0.5,0.385,0.05,0,0.47,,,,,0.395,0.42,0,0.732,,,,
54811,20160507,-88.85,41.84,0.377,0.5,0,0.702,0.418,0.4,0.048,0.673,0.378,0.24,0.054,0.5,0.387,0.1,0,0.548,,,,,0.397,0.46,0,0.732,,,,
54811,20160508,-88.85,41.84,0.363,0.39,0,0.595,0.415,0.38,0,0.583,0.382,0.3,0,0.5,0.39,0.14,0,0.571,,,,,0.389,0.39,0,0.637,,,,
54811,20160509,-88.85,41.84,0.344,0.26,0,0.452,0.406,0.3,0,0.44,0.379,0.26,0,0.435,0.392,0.18,0,0.595,,,,,0.375,0.28,0,0.494,,,,
54811,20160510,-88.85,41.84,0.338,0.22,0,0.369,0.399,0.25,0,0.298,0.374,0.21,0,0.292,0.391,0.17,0,0.512,,,,,0.368,0.23,0,0.411,,,,
54811,20160511,-88.85,41.84,0.344,0.26,0,0.44,0.403,0.28,0,0.381,0.376,0.23,0,0.327,0.39,0.15,0,0.375,,,,,0.374,0.27,0,0.482,,,,
54811,20160512,-88.85,41.84,0.352,0.31,0,0.44,0.408,0.31,0,0.381,0.383,0.31,0,0.327,0.396,0.26,0,0.304,,,,,0.38,0.31,0,0.482,,,,
54811,20160513,-88.85,41.84,0.367,0.4,0,0.482,0.421,0.41,0,0.404,0.397,0.46,0,0.398,0.416,0.6,0,0.319,,,,,0.394,0.42,0,0.482,,,,
54811,20160514,-88.85,41.84,0.383,0.52,0,0.627,0.433,0.49,0,0.548,0.406,0.55,0,0.542,0.438,0.96,0,0.386,,,,,0.408,0.53,0,0.627,,,,
54811,20160515,-88.85,41.84,0.401,0.64,0,0.771,0.443,0.57,0,0.693,0.414,0.63,0,0.687,0.453,1.21,0,0.506,,,,,0.422,0.65,0,0.771,,,,
54811,20160516,-88.85,41.84,0.417,0.76,0,0.916,0.453,0.64,0,0.837,0.421,0.7,0,0.831,0.46,1.32,0,0.627,,,,,0.435,0.76,0,0.916,,,,
54811,20160517,-88.85,41.84,0.422,0.79,0,0.867,0.461,0.71,0,0.94,0.427,0.76,0,0.976,0.465,1.4,0,0.759,,,,,0.441,0.81,0,0.982,,,,
54811,20160518,-88.85,41.84,0.41,0.71,0,0.723,0.457,0.68,0,0.819,0.427,0.75,0,1,0.47,1.46,0,0.904,,,,,0.433,0.75,0,0.837,,,,
54811,20160519,-88.85,41.84,0.39,0.59,0,0.578,0.447,0.62,0,0.675,0.419,0.66,0,0.934,0.465,1.39,0,1,,,,,0.419,0.66,0,0.693,,,,
54811,20160520,-88.85,41.84,0.362,0.41,0,0.44,0.429,0.51,0,0.536,0.404,0.5,0,0.804,0.446,1.06,0,0.94,,,,,0.396,0.5,0,0.554,,,,
54811,20160521,-88.85,41.84,0.336,0.25,0.036,0.298,0.413,0.41,0,0.393,0.394,0.41,0,0.661,0.426,0.73,0,0.833,,,,,0.374,0.35,0,0.411,,,,
54811,20160522,-88.85,41.84,0.308,0.09,0.179,0.155,0.396,0.32,0,0.25,0.385,0.33,0,0.518,0.412,0.5,0,0.702,,,,,0.352,0.21,0,0.268,,,,
54811,20160523,-88.85,41.84,0.281,-0.07,0.321,0.012,0.378,0.22,0,0.107,0.377,0.27,0,0.375,0.405,0.4,0,0.56,,,,,0.33,0.07,0.131,0.125,,,,
54811,20160524,-88.85,41.84,0.256,-0.21,0.464,0,0.358,0.11,0,0.006,0.367,0.2,0,0.232,0.4,0.33,0,0.417,,,,,0.307,-0.07,0.274,0,,,,
54811,20160525,-88.85,41.84,0.235,-0.33,0.6,0,0.339,0.01,0.036,0,0.358,0.14,0,0.091,0.396,0.28,0,0.279,,,,,0.287,-0.2,0.406,0,,,,
54811,20160526,-88.85,41.84,0.238,-0.29,0.655,0.091,0.332,-0.01,0.073,0.091,0.35,0.09,0,0.012,0.392,0.22,0,0.133,,,,,0.285,-0.18,0.461,0.091,,,,
54811,20160527,-88.85,41.84,0.253,-0.16,0.655,0.236,0.335,0.05,0.073,0.236,0.345,0.07,0,0,0.388,0.17,0,0.048,,,,,0.294,-0.08,0.461,0.236,,,,
54811,20160528,-88.85,41.84,0.267,-0.04,0.618,0.382,0.338,0.1,0.073,0.382,0.341,0.06,0,0,0.386,0.13,0,0.012,,,,,0.302,0.01,0.461,0.382,,,,
54811,20160529,-88.85,41.84,0.283,0.08,0.473,0.485,0.342,0.16,0.073,0.448,0.337,0.06,0,0,0.383,0.1,0,0,,,,,0.312,0.11,0.461,0.509,,,,
54811,20160530,-88.85,41.84,0.3,0.22,0.327,0.558,0.346,0.22,0.073,0.448,0.335,0.07,0,0,0.381,0.07,0,0,,,,,0.323,0.21,0.327,0.564,,,,
54811,20160531,-88.85,41.84,0.313,0.32,0.182,0.558,0.351,0.28,0.073,0.448,0.333,0.08,0,0,0.379,0.05,0,0,,,,,0.332,0.31,0.182,0.564,,,,
54811,20160601,-88.85,41.84,0.337,0.49,0.054,0.649,0.358,0.35,0.036,0.476,0.332,0.1,0,0,0.378,0.03,0,0,,,,,0.348,0.44,0.054,0.655,,,,
54811,20160602,-88.85,41.84,0.344,0.55,0,0.702,0.358,0.37,0,0.53,0.33,0.1,0,0,0.377,0.01,0,0,,,,,0.351,0.47,0,0.708,,,,
54811,20160603,-88.85,41.84,0.338,0.52,0,0.702,0.349,0.33,0,0.417,0.326,0.09,0,0,0.376,0.01,0,0,,,,,0.344,0.43,0,0.696,,,,
54811,20160604,-88.85,41.84,0.332,0.47,0,0.577,0.34,0.28,0,0.274,0.323,0.07,0,0,0.375,0,0,0,,,,,0.336,0.38,0,0.554,,,,
54811,20160605,-88.85,41.84,0.328,0.46,0,0.542,0.334,0.24,0,0.208,0.32,0.06,0,0,0.373,-0.02,0,0,,,,,0.331,0.35,0,0.429,,,,
54811,20160606,-88.85,41.84,0.324,0.43,0,0.47,0.329,0.21,0,0.208,0.318,0.06,0,0,0.372,-0.03,0,0,,,,,0.326,0.33,0,0.375,,,,
54811,20160607,-88.85,41.84,0.323,0.43,0,0.47,0.325,0.19,0,0.208,0.316,0.06,0,0,0.372,-0.03,0,0,,,,,0.324,0.31,0,0.375,,,,
54811,20160608,-88.85,41.84,0.307,0.33,0,0.369,0.318,0.14,0,0.173,0.315,0.07,0,0,0.371,-0.04,0,0,,,,,0.312,0.24,0,0.274,,,,
54811,20160609,-88.85,41.84,0.286,0.19,0,0.226,0.307,0.07,0,0.03,0.313,0.06,0,0,0.37,-0.04,0,0,,,,,0.296,0.13,0,0.131,,,,
54811,20160610,-88.85,41.84,0.271,0.09,0,0.083,0.297,0,0,0,0.31,0.05,0,0,0.369,-0.05,0,0,,,,,0.284,0.04,0,0,,,,
54811,20160611,-88.85,41.84,0.262,0.03,0,0.065,0.291,-0.04,0,0,0.308,0.04,0,0,0.368,-0.07,0,0,,,,,0.276,-0.01,0,0,,,,
54811,20160612,-88.85,41.84,0.25,-0.06,0,0,0.284,-0.09,0,0,0.306,0.03,0,0,0.367,-0.07,0,0,,,,,0.267,-0.08,0,0,,,,
54811,20160613,-88.85,41.84,0.236,-0.15,0.077,0,0.277,-0.14,0,0,0.303,0.01,0,0,0.366,-0.08,0,0,,,,,0.257,-0.15,0,0,,,,
54811,20160614,-88.85,41.84,0.225,-0.23,0.22,0,0.27,-0.19,0,0,0.299,-0.01,0,0,0.364,-0.1,0,0,,,,,0.247,-0.22,0.113,0,,,,
54811,20160615,-88.85,41.84,0.225,-0.24,0.321,0.036,0.269,-0.19,0,0.042,0.3,-0.01,0,0.036,0.362,-0.12,0,0,,,,,0.247,-0.23,0.208,0.036,,,,
54811,20160616,-88.85,41.84,0.246,-0.13,0.321,0.179,0.283,-0.1,0,0.185,0.313,0.08,0,0.179,0.361,-0.13,0,0,,,,,0.265,-0.12,0.208,0.179,,,,
54811,20160617,-88.85,41.84,0.262,-0.05,0.321,0.244,0.295,-0.02,0,0.286,0.324,0.15,0,0.321,0.36,-0.14,0,0,,,,,0.279,-0.04,0.208,0.304,,,,
54811,20160618,-88.85,41.84,0.271,0,0.321,0.244,0.305,0.04,0,0.292,0.334,0.22,0,0.464,0.359,-0.14,0,0,,,,,0.288,0.02,0.208,0.304,,,,
54811,20160619,-88.85,41.84,0.278,0.03,0.321,0.244,0.312,0.09,0,0.292,0.341,0.27,0,0.476,0.358,-0.14,0,0,,,,,0.295,0.06,0.208,0.304,,,,
54811,20160620,-88.85,41.84,0.283,0.05,0.244,0.244,0.319,0.14,0,0.292,0.349,0.32,0,0.476,0.358,-0.13,0,0,,,,,0.301,0.1,0.208,0.304,,,,
54811,20160621,-88.85,41.84,0.287,0.07,0.101,0.244,0.324,0.18,0,0.292,0.356,0.37,0,0.476,0.358,-0.12,0,0,,,,,0.305,0.12,0.095,0.304,,,,
54811,20160622,-88.85,41.84,0.279,0.02,0.107,0.208,0.322,0.17,0,0.25,0.357,0.38,0,0.44,0.359,-0.09,0,0,,,,,0.301,0.09,0,0.268,,,,
54811,20160623,-88.85,41.84,0.275,-0.01,0.107,0.167,0.326,0.19,0,0.208,0.352,0.35,0,0.369,0.358,-0.08,0,0,,,,,0.301,0.08,0,0.226,,,,
54811,20160624,-88.85,41.84,0.281,0.01,0.107,0.244,0.334,0.24,0,0.25,0.354,0.37,0,0.369,0.358,-0.07,0,0,,,,,0.307,0.12,0,0.244,,,,
54811,20160625,-88.85,41.84,0.289,0.04,0.107,0.321,0.341,0.29,0,0.387,0.356,0.39,0,0.369,0.357,-0.06,0,0,,,,,0.315,0.15,0,0.387,,,,
54811,20160626,-88.85,41.84,0.296,0.07,0.107,0.321,0.349,0.34,0,0.53,0.358,0.41,0,0.5,0.357,-0.05,0,0,,,,,0.322,0.19,0,0.423,,,,
54811,20160627,-88.85,41.84,0.304,0.11,0.107,0.321,0.357,0.39,0,0.631,0.36,0.43,0,0.643,0.357,-0.03,0,0,,,,,0.331,0.24,0,0.423,,,,
54811,20160628,-88.85,41.84,0.31,0.14,0.107,0.321,0.365,0.44,0,0.631,0.363,0.45,0,0.696,0.357,-0.02,0,0,,,,,0.337,0.27,0,0.423,,,,
54811,20160629,-88.85,41.84,0.316,0.17,0,0.321,0.371,0.48,0,0.631,0.366,0.47,0,0.696,0.356,-0.01,0,0,,,,,0.344,0.3,0,0.423,,,,
54811,20160630,-88.85,41.84,0.297,0.06,0,0.22,0.357,0.38,0,0.53,0.361,0.44,0,0.625,0.356,0,0,0,,,,,0.327,0.19,0,0.321,,,,
54811,20160701,-88.85,41.84,0.272,-0.09,0.048,0.077,0.339,0.25,0,0.387,0.351,0.37,0,0.482,0.356,0,0,0,,,,,0.306,0.05,0,0.179,,,,
54811,20160702,-88.85,41.84,0.25,-0.22,0.19,0,0.322,0.14,0,0.244,0.341,0.3,0,0.339,0.355,0.01,0,0,,,,,0.286,-0.08,0,0.036,,,,
54811,20160703,-88.85,41.84,0.232,-0.33,0.333,0,0.307,0.02,0,0.101,0.331,0.23,0,0.196,0.354,0.01,0,0,,,,,0.269,-0.19,0.095,0,,,,
54811,20160704,-88.85,41.84,0.216,-0.43,0.476,0,0.291,-0.09,0,0,0.322,0.16,0,0.054,0.353,0,0,0,,,,,0.253,-0.3,0.238,0,,,,
54811,20160705,-88.85,41.84,0.204,-0.5,0.619,0,0.278,-0.19,0.036,0,0.313,0.09,0,0,0.351,0,0,0,,,,,0.241,-0.39,0.381,0,,,,
54811,20160706,-88.85,41.84,0.203,-0.52,0.732,0.03,0.273,-0.22,0.149,0.03,0.309,0.06,0,0.03,0.35,-0.01,0,0,,,,,0.238,-0.41,0.494,0.03,,,,
54811,20160707,-88.85,41.84,0.226,-0.37,0.732,0.173,0.292,-0.08,0.149,0.173,0.32,0.17,0,0.173,0.358,0.11,0,0.137,,,,,0.259,-0.26,0.494,0.173,,,,
54811,20160708,-88.85,41.84,0.249,-0.22,0.685,0.315,0.31,0.05,0.149,0.315,0.33,0.28,0,0.315,0.365,0.21,0,0.28,,,,,0.279,-0.11,0.494,0.315,,,,
54811,20160709,-88.85,41.84,0.269,-0.09,0.542,0.405,0.327,0.18,0.149,0.458,0.341,0.38,0,0.458,0.371,0.31,0,0.423,,,,,0.298,0.03,0.494,0.458,,,,
54811,20160710,-88.85,41.84,0.285,0.02,0.399,0.405,0.344,0.31,0.149,0.601,0.351,0.48,0,0.601,0.377,0.39,0,0.56,,,,,0.315,0.15,0.399,0.524,,,,
54811,20160711,-88.85,41.84,0.299,0.11,0.256,0.405,0.36,0.43,0.149,0.744,0.36,0.59,0,0.744,0.382,0.47,0,0.595,,,,,0.33,0.25,0.256,0.524,,,,
54811,20160712,-88.85,41.84,0.31,0.18,0.113,0.405,0.374,0.54,0.113,0.768,0.369,0.69,0,0.887,0.387,0.55,0,0.643,,,,,0.342,0.35,0.113,0.524,,,,
54811,20160713,-88.85,41.84,0.312,0.19,0.012,0.375,0.38,0.59,0,0.738,0.374,0.74,0,1,0.392,0.62,0,0.643,,,,,0.346,0.38,0,0.494,,,,
54811,20160714,-88.85,41.84,0.29,0.05,0.077,0.232,0.364,0.48,0,0.595,0.364,0.68,0,1,0.388,0.57,0,0.554,,,,,0.327,0.25,0,0.351,,,,
54811,20160715,-88.85,41.84,0.27,-0.09,0.22,0.089,0.349,0.37,0,0.452,0.356,0.61,0,0.994,0.383,0.53,0,0.417,,,,,0.309,0.12,0,0.208,,,,
54811,20160716,-88.85,41.84,0.252,-0.22,0.363,0,0.334,0.27,0,0.31,0.348,0.55,0,0.917,0.379,0.49,0,0.274,,,,,0.293,0,0,0.065,,,,
54811,20160717,-88.85,41.84,0.238,-0.33,0.506,0,0.321,0.17,0,0.167,0.34,0.49,0,0.786,0.376,0.45,0,0.137,,,,,0.279,-0.11,0.143,0,,,,
54811,20160718,-88.85,41.84,0.235,-0.35,0.512,0,0.312,0.1,0,0.024,0.336,0.46,0,0.774,0.373,0.42,0,0.101,,,,,0.273,-0.15,0.149,0,,,,
54811,20160719,-88.85,41.84,0.233,-0.35,0.512,0,0.304,0.04,0,0,0.332,0.43,0,0.702,0.37,0.38,0,0.054,,,,,0.269,-0.19,0.149,0,,,,
54811,20160720,-88.85,41.84,0.231,-0.36,0.631,0,0.298,-0.01,0,0,0.328,0.4,0,0.56,0.368,0.36,0,0.06,,,,,0.265,-0.22,0.149,0,,,,
54811,20160721,-88.85,41.84,0.23,-0.37,0.708,0,0.294,-0.05,0,0,0.325,0.37,0,0.417,0.365,0.33,0,0.012,,,,,0.262,-0.24,0.149,0,,,,
54811,20160722,-88.85,41.84,0.242,-0.26,0.643,0.06,0.301,0.03,0,0.06,0.329,0.42,0,0.339,0.367,0.35,0,0.06,,,,,0.272,-0.14,0.149,0.06,,,,
54811,20160723,-88.85,41.84,0.267,-0.04,0.5,0.202,0.32,0.2,0,0.202,0.34,0.54,0,0.417,0.374,0.45,0,0.202,,,,,0.293,0.07,0.149,0.202,,,,
54811,20160724,-88.85,41.84,0.294,0.21,0.357,0.345,0.343,0.42,0,0.345,0.353,0.68,0,0.548,0.384,0.57,0,0.345,,,,,0.319,0.3,0.006,0.345,,,,
54811,20160725,-88.85,41.84,0.315,0.4,0.351,0.488,0.364,0.61,0,0.488,0.364,0.8,0,0.56,0.394,0.7,0,0.488,,,,,0.339,0.5,0,0.488,,,,
54811,20160726,-88.85,41.84,0.333,0.56,0.351,0.631,0.384,0.79,0,0.631,0.374,0.91,0,0.631,0.403,0.82,0,0.631,,,,,0.358,0.68,0,0.631,,,,
54811,20160727,-88.85,41.84,0.349,0.72,0.22,0.774,0.402,0.96,0,0.774,0.384,1.01,0,0.774,0.411,0.93,0,0.768,,,,,0.375,0.85,0,0.774,,,,
54811,20160728,-88.85,41.84,0.362,0.84,0.077,0.917,0.418,1.11,0,0.917,0.392,1.11,0,0.917,0.42,1.04,0,0.911,,,,,0.39,0.99,0,0.917,,,,
54811,20160729,-88.85,41.84,0.367,0.9,0,0.964,0.424,1.18,0,1,0.394,1.13,0,1,0.424,1.09,0,1,,,,,0.396,1.06,0,1,,,,
54811,20160730,-88.85,41.84,0.361,0.85,0,0.964,0.42,1.15,0,1,0.389,1.07,0,1,0.422,1.08,0,1,,,,,0.39,1.02,0,1,,,,
54811,20160731,-88.85,41.84,0.351,0.77,0,0.964,0.411,1.08,0,1,0.383,1,0,1,0.419,1.05,0,1,,,,,0.381,0.94,0,1,,,,
54811,20160801,-88.85,41.84,0.336,0.66,0,0.917,0.4,0.99,0,1,0.376,0.92,0,1,0.415,1,0,1,,,,,0.368,0.84,0,1,,,,
54811,20160802,-88.85,41.84,0.323,0.57,0,0.774,0.39,0.91,0,1,0.369,0.85,0,1,0.412,0.97,0,1,,,,,0.356,0.75,0,0.988,,,,
54811,20160803,-88.85,41.84,0.311,0.49,0,0.631,0.379,0.83,0,1,0.364,0.78,0,1,0.409,0.94,0,1,,,,,0.345,0.66,0,0.845,,,,
54811,20160804,-88.85,41.84,0.302,0.41,0,0.488,0.37,0.76,0,0.958,0.359,0.73,0,1,0.407,0.92,0,1,,,,,0.336,0.59,0,0.702,,,,
54811,20160805,-88.85,41.84,0.287,0.31,0,0.381,0.358,0.66,0,0.815,0.354,0.68,0,1,0.404,0.89,0,1,,,,,0.323,0.48,0,0.56,,,,
54811,20160806,-88.85,41.84,0.277,0.23,0,0.238,0.347,0.56,0,0.673,0.349,0.64,0,1,0.402,0.86,0,1,,,,,0.312,0.39,0,0.417,,,,
54811,20160807,-88.85,41.84,0.268,0.16,0,0.095,0.337,0.47,0,0.53,0.345,0.59,0,1,0.4,0.84,0,1,,,,,0.302,0.3,0,0.274,,,,
54811,20160808,-88.85,41.84,0.26,0.09,0,0,0.327,0.39,0,0.387,0.34,0.55,0,0.994,0.398,0.83,0,1,,,,,0.294,0.22,0,0.131,,,,
54811,20160809,-88.85,41.84,0.253,0.03,0,0,0.319,0.31,0,0.244,0.336,0.51,0,0.929,0.396,0.82,0,1,,,,,0.286,0.15,0,0,,,,
54811,20160810,-88.85,41.84,0.246,-0.03,0,0,0.311,0.24,0,0.101,0.332,0.47,0,0.786,0.394,0.81,0,1,,,,,0.278,0.08,0,0,,,,
54811,20160811,-88.85,41.84,0.24,-0.08,0,0,0.303,0.17,0,0,0.328,0.44,0,0.643,0.391,0.79,0,1,,,,,0.272,0.01,0,0,,,,
54811,20160812,-88.85,41.84,0.235,-0.13,0.107,0.006,0.297,0.11,0,0,0.323,0.4,0,0.5,0.389,0.78,0,1,,,,,0.266,-0.04,0,0.006,,,,
54811,20160813,-88.85,41.84,0.246,-0.03,0.107,0.149,0.299,0.13,0,0.131,0.32,0.37,0,0.357,0.388,0.77,0,1,,,,,0.273,0.03,0,0.149,,,,
54811,20160814,-88.85,41.84,0.256,0.06,0.107,0.292,0.301,0.15,0,0.161,0.317,0.34,0,0.214,0.386,0.76,0,1,,,,,0.278,0.08,0,0.292,,,,
54811,20160815,-88.85,41.84,0.262,0.12,0.107,0.333,0.302,0.16,0,0.161,0.315,0.32,0,0.077,0.385,0.74,0,1,,,,,0.282,0.12,0,0.292,,,,
54811,20160816,-88.85,41.84,0.266,0.18,0.107,0.333,0.303,0.18,0,0.161,0.312,0.29,0,0,0.383,0.73,0,1,,,,,0.285,0.16,0,0.292,,,,
54811,20160817,-88.85,41.84,0.27,0.22,0.107,0.333,0.304,0.19,0,0.161,0.311,0.27,0,0,0.382,0.72,0,1,,,,,0.287,0.19,0,0.292,,,,
54811,20160818,-88.85,41.84,0.276,0.27,0.107,0.357,0.305,0.2,0,0.161,0.309,0.25,0,0,0.381,0.72,0,1,,,,,0.29,0.23,0,0.315,,,,
54811,20160819,-88.85,41.84,0.297,0.47,0,0.494,0.311,0.26,0,0.208,0.31,0.25,0,0.024,0.38,0.7,0,1,,,,,0.304,0.36,0,0.417,,,,
54811,20160820,-88.85,41.84,0.304,0.54,0,0.494,0.318,0.33,0,0.22,0.313,0.27,0,0.167,0.378,0.68,0,1,,,,,0.311,0.44,0,0.417,,,,
54811,20160821,-88.85,41.84,0.317,0.65,0,0.494,0.335,0.48,0,0.333,0.324,0.37,0,0.31,0.379,0.68,0,1,,,,,0.326,0.58,0,0.417,,,,
54811,20160822,-88.85,41.84,0.33,0.77,0,0.595,0.351,0.61,0,0.476,0.334,0.44,0,0.452,0.381,0.7,0,1,,,,,0.34,0.72,0,0.56,,,,
54811,20160823,-88.85,41.84,0.343,0.88,0,0.738,0.365,0.73,0,0.619,0.342,0.51,0,0.595,0.383,0.71,0,1,,,,,0.354,0.84,0,0.702,,,,
54811,20160824,-88.85,41.84,0.355,0.98,0,0.881,0.379,0.85,0,0.762,0.35,0.57,0,0.738,0.385,0.71,0,1,,,,,0.367,0.97,0,0.845,,,,
54811,20160825,-88.85,41.84,0.382,1.21,0,1,0.404,1.07,0,0.905,0.365,0.69,0,0.881,0.39,0.73,0,1,,,,,0.393,1.21,0,0.964,,,,
54811,20160826,-88.85,41.84,0.389,1.25,0,1,0.423,1.23,0,1,0.376,0.77,0,1,0.396,0.76,0,1,,,,,0.406,1.33,0,1,,,,
54811,20160827,-88.85,41.84,0.389,1.24,0,1,0.43,1.29,0,1,0.384,0.82,0,1,0.402,0.79,0,1,,,,,0.409,1.35,0,1,,,,
54811,20160828,-88.85,41.84,0.391,1.24,0,1,0.432,1.3,0,1,0.385,0.81,0,1,0.407,0.8,0,1,,,,,0.411,1.35,0,1,,,,
54811,20160829,-88.85,41.84,0.394,1.25,0,1,0.435,1.32,0,1,0.388,0.82,0,1,0.41,0.79,0,1,,,,,0.415,1.37,0,1,,,,
54811,20160830,-88.85,41.84,0.401,1.3,0,1,0.441,1.37,0,1,0.392,0.83,0,1,0.414,0.79,0,1,,,,,0.421,1.42,0,1,,,,
54811,20160831,-88.85,41.84,0.417,1.42,0,1,0.452,1.45,0,1,0.398,0.88,0,1,0.421,0.84,0,1,,,,,0.434,1.53,0,1,,,,
54811,20160901,-88.85,41.84,0.413,1.39,0,1,0.449,1.42,0,1,0.397,0.86,0,1,0.423,0.83,0,1,,,,,0.431,1.49,0,1,,,,
54811,20160902,-88.85,41.84,0.411,1.38,0,1,0.447,1.4,0,1,0.397,0.84,0,1,0.423,0.81,0,1,,,,,0.429,1.47,0,1,,,,
54811,20160903,-88.85,41.84,0.406,1.35,0,1,0.445,1.38,0,1,0.396,0.83,0,1,0.424,0.79,0,1,,,,,0.426,1.44,0,1,,,,
54811,20160904,-88.85,41.84,0.394,1.27,0,1,0.439,1.33,0,1,0.393,0.8,0,1,0.423,0.76,0,1,,,,,0.417,1.38,0,1,,,,
54811,20160905,-88.85,41.84,0.383,1.19,0,1,0.433,1.28,0,1,0.39,0.78,0,1,0.422,0.73,0,1,,,,,0.408,1.32,0,1,,,,
54811,20160906,-88.85,41.84,0.369,1.1,0,1,0.425,1.23,0,1,0.387,0.75,0,1,0.42,0.69,0,1,,,,,0.397,1.25,0,1,,,,
54811,20160907,-88.85,41.84,0.348,0.94,0,1,0.413,1.15,0,1,0.381,0.7,0,1,0.415,0.63,0,1,,,,,0.381,1.14,0,1,,,,
54811,20160908,-88.85,41.84,0.333,0.84,0,1,0.403,1.09,0,1,0.377,0.67,0,1,0.412,0.58,0,1,,,,,0.368,1.05,0,1,,,,
54811,20160909,-88.85,41.84,0.332,0.86,0,1,0.396,1.05,0,1,0.374,0.65,0,1,0.409,0.55,0,1,,,,,0.364,1.06,0,1,,,,
54811,20160910,-88.85,41.84,0.333,0.9,0,1,0.39,1.04,0,1,0.372,0.63,0,1,0.407,0.53,0,1,,,,,0.361,1.08,0,1,,,,
54811,20160911,-88.85,41.84,0.336,0.94,0,1,0.385,1.03,0,1,0.37,0.62,0,1,0.406,0.51,0,1,,,,,0.361,1.1,0,1,,,,
54811,20160912,-88.85,41.84,0.341,1,0,1,0.381,1.03,0,1,0.368,0.61,0,1,0.404,0.49,0,1,,,,,0.361,1.13,0,1,,,,
54811,20160913,-88.85,41.84,0.345,1.04,0,1,0.378,1.02,0,1,0.366,0.6,0,1,0.403,0.47,0,1,,,,,0.361,1.15,0,1,,,,
54811,20160914,-88.85,41.84,0.349,1.08,0,1,0.375,1.03,0,1,0.365,0.59,0,1,0.401,0.46,0,1,,,,,0.362,1.17,0,1,,,,
54811,20160915,-88.85,41.84,0.347,1.07,0,1,0.371,1.01,0,1,0.363,0.57,0,1,0.399,0.45,0,1,,,,,0.359,1.15,0,1,,,,
54811,20160916,-88.85,41.84,0.333,0.93,0,0.958,0.365,0.98,0,1,0.361,0.56,0,1,0.397,0.43,0,1,,,,,0.349,1.05,0,1,,,,
54811,20160917,-88.85,41.84,0.318,0.8,0,0.815,0.358,0.93,0,1,0.358,0.54,0,1,0.395,0.42,0,1,,,,,0.338,0.94,0,1,,,,
54811,20160918,-88.85,41.84,0.303,0.67,0,0.673,0.351,0.86,0,1,0.355,0.52,0,1,0.393,0.4,0,1,,,,,0.327,0.83,0,1,,,,
54811,20160919,-88.85,41.84,0.288,0.55,0,0.53,0.343,0.8,0,1,0.352,0.5,0,1,0.392,0.39,0,1,,,,,0.316,0.72,0,0.893,,,,
54811,20160920,-88.85,41.84,0.275,0.44,0,0.387,0.335,0.72,0,1,0.349,0.48,0,1,0.39,0.38,0,1,,,,,0.305,0.62,0,0.75,,,,
54811,20160921,-88.85,41.84,0.264,0.34,0,0.244,0.328,0.65,0,0.994,0.345,0.47,0,0.994,0.388,0.37,0,1,,,,,0.296,0.53,0,0.607,,,,
54811,20160922,-88.85,41.84,0.277,0.48,0,0.22,0.338,0.72,0,0.982,0.351,0.52,0,0.994,0.386,0.37,0,1,,,,,0.308,0.65,0,0.583,,,,
54811,20160923,-88.85,41.84,0.294,0.63,0,0.262,0.35,0.81,0,0.982,0.357,0.58,0,0.994,0.386,0.39,0,1,,,,,0.322,0.8,0,0.583,,,,
54811,20160924,-88.85,41.84,0.311,0.77,0,0.405,0.363,0.91,0,0.982,0.363,0.64,0,0.994,0.387,0.42,0,1,,,,,0.337,0.94,0,0.583,,,,
54811,20160925,-88.85,41.84,0.327,0.91,0,0.548,0.375,1.01,0,0.982,0.368,0.7,0,0.994,0.388,0.45,0,1,,,,,0.351,1.08,0,0.583,,,,
54811,20160926,-88.85,41.84,0.343,1.04,0,0.69,0.388,1.11,0,0.982,0.374,0.76,0,0.994,0.389,0.48,0,1,,,,,0.365,1.21,0,0.69,,,,
54811,20160927,-88.85,41.84,0.355,1.15,0,0.833,0.401,1.21,0,0.982,0.379,0.81,0,0.994,0.391,0.51,0,1,,,,,0.378,1.32,0,0.833,,,,
54811,20160928,-88.85,41.84,0.365,1.23,0,0.976,0.413,1.3,0,0.988,0.384,0.86,0,1,0.392,0.54,0,1,,,,,0.389,1.41,0,0.976,,,,
54811,20160929,-88.85,41.84,0.35,1.08,0,1,0.406,1.24,0,1,0.379,0.83,0,1,0.393,0.55,0,1,,,,,0.378,1.29,0,1,,,,
54811,20160930,-88.85,41.84,0.332,0.92,0,0.887,0.398,1.16,0,1,0.375,0.8,0,1,0.391,0.55,0,1,,,,,0.365,1.14,0,1,,,,
54811,20161001,-88.85,41.84,0.316,0.77,0,0.744,0.389,1.07,0,1,0.371,0.77,0,1,0.39,0.53,0,1,,,,,0.352,1,0,1,,,,
54811,20161002,-88.85,41.84,0.301,0.63,0,0.601,0.381,0.98,0,1,0.367,0.74,0,1,0.388,0.52,0,1,,,,,0.341,0.87,0,1,,,,
54811,20161003,-88.85,41.84,0.29,0.52,0,0.458,0.374,0.9,0,1,0.363,0.72,0,1,0.386,0.5,0,1,,,,,0.332,0.75,0,1,,,,
54811,20161004,-88.85,41.84,0.283,0.44,0,0.315,0.368,0.83,0,1,0.36,0.7,0,1,0.384,0.49,0,1,,,,,0.325,0.66,0,1,,,,
54811,20161005,-88.85,41.84,0.279,0.38,0,0.173,0.363,0.77,0,1,0.358,0.68,0,1,0.383,0.48,0,1,,,,,0.321,0.58,0,0.857,,,,
54811,20161006,-88.85,41.84,0.276,0.33,0,0.03,0.358,0.71,0,1,0.356,0.66,0,1,0.382,0.47,0,1,,,,,0.317,0.52,0,0.714,,,,
54811,20161007,-88.85,41.84,0.291,0.41,0,0.143,0.363,0.72,0,1,0.356,0.66,0,1,0.381,0.47,0,1,,,,,0.327,0.56,0,0.714,,,,
54811,20161008,-88.85,41.84,0.305,0.49,0,0.286,0.367,0.73,0,1,0.357,0.67,0,1,0.38,0.46,0,1,,,,,0.336,0.6,0,0.714,,,,
54811,20161009,-88.85,41.84,0.317,0.56,0,0.429,0.371,0.72,0,1,0.358,0.67,0,1,0.379,0.46,0,1,,,,,0.344,0.63,0,0.714,,,,
54811,20161010,-88.85,41.84,0.325,0.59,0,0.571,0.374,0.71,0,1,0.359,0.66,0,1,0.378,0.46,0,1,,,,,0.349,0.64,0,0.714,,,,
54811,20161011,-88.85,41.84,0.33,0.62,0,0.714,0.377,0.7,0,1,0.359,0.65,0,1,0.376,0.45,0,1,,,,,0.354,0.65,0,0.714,,,,
54811,20161012,-88.85,41.84,0.335,0.63,0,0.756,0.381,0.68,0,1,0.359,0.63,0,1,0.375,0.44,0,1,,,,,0.358,0.65,0,0.821,,,,
54811,20161013,-88.85,41.84,0.339,0.64,0,0.756,0.384,0.66,0,1,0.36,0.61,0,1,0.375,0.44,0,1,,,,,0.361,0.65,0,0.821,,,,
54811,20161014,-88.85,41.84,0.324,0.52,0,0.613,0.378,0.57,0,0.958,0.357,0.57,0,1,0.374,0.44,0,1,,,,,0.351,0.55,0,0.679,,,,
54811,20161015,-88.85,41.84,0.31,0.4,0,0.47,0.372,0.48,0,0.815,0.354,0.51,0,0.958,0.373,0.43,0,1,,,,,0.341,0.45,0,0.536,,,,
54811,20161016,-88.85,41.84,0.298,0.3,0,0.327,0.367,0.41,0,0.673,0.352,0.47,0,0.839,0.372,0.42,0,1,,,,,0.332,0.36,0,0.393,,,,
54811,20161017,-88.85,41.84,0.289,0.21,0,0.185,0.362,0.35,0,0.53,0.35,0.43,0,0.708,0.371,0.42,0,1,,,,,0.326,0.28,0,0.25,,,,
54811,20161018,-88.85,41.84,0.282,0.15,0,0.042,0.358,0.29,0,0.387,0.349,0.39,0,0.565,0.371,0.41,0,1,,,,,0.32,0.22,0,0.107,,,,
54811,20161019,-88.85,41.84,0.275,0.08,0,0,0.354,0.24,0,0.244,0.347,0.35,0,0.423,0.37,0.4,0,0.994,,,,,0.314,0.16,0,0,,,,
54811,20161020,-88.85,41.84,0.269,0.03,0,0,0.348,0.18,0,0.101,0.345,0.31,0,0.28,0.369,0.39,0,0.982,,,,,0.309,0.1,0,0,,,,
54811,20161021,-88.85,41.84,0.263,-0.03,0,0,0.343,0.12,0,0,0.344,0.27,0,0.137,0.368,0.38,0,0.964,,,,,0.303,0.05,0,0,,,,
54811,20161022,-88.85,41.84,0.258,-0.09,0,0,0.339,0.06,0,0,0.342,0.24,0,0.036,0.367,0.36,0,0.887,,,,,0.298,-0.01,0,0,,,,
54811,20161023,-88.85,41.84,0.252,-0.15,0.012,0,0.333,0,0,0,0.34,0.2,0,0.012,0.366,0.35,0,0.815,,,,,0.293,-0.08,0,0,,,,
54811,20161024,-88.85,41.84,0.246,-0.23,0.155,0,0.327,-0.07,0,0,0.337,0.16,0,0,0.365,0.32,0,0.679,,,,,0.286,-0.16,0.042,0,,,,
54811,20161025,-88.85,41.84,0.239,-0.31,0.298,0,0.32,-0.16,0.089,0,0.334,0.13,0,0,0.363,0.3,0,0.536,,,,,0.28,-0.25,0.179,0,,,,
54811,20161026,-88.85,41.84,0.233,-0.39,0.44,0,0.314,-0.24,0.226,0,0.331,0.09,0,0,0.362,0.28,0,0.399,,,,,0.274,-0.34,0.321,0,,,,
54811,20161027,-88.85,41.84,0.249,-0.32,0.452,0.101,0.324,-0.15,0.238,0.131,0.337,0.14,0,0.125,0.36,0.25,0,0.268,,,,,0.287,-0.27,0.333,0.131,,,,
54811,20161028,-88.85,41.84,0.267,-0.23,0.452,0.238,0.336,-0.04,0.238,0.274,0.343,0.2,0,0.268,0.359,0.23,0,0.149,,,,,0.301,-0.18,0.333,0.274,,,,
54811,20161029,-88.85,41.84,0.285,-0.13,0.452,0.333,0.347,0.07,0.238,0.417,0.349,0.26,0,0.411,0.359,0.22,0,0.083,,,,,0.316,-0.08,0.333,0.417,,,,
54811,20161030,-88.85,41.84,0.305,-0.02,0.44,0.369,0.361,0.22,0.238,0.56,0.356,0.34,0,0.554,0.359,0.2,0,0.012,,,,,0.333,0.05,0.333,0.56,,,,
54811,20161031,-88.85,41.84,0.331,0.15,0.298,0.512,0.379,0.43,0.238,0.702,0.365,0.44,0,0.696,0.36,0.2,0,0.024,,,,,0.355,0.24,0.292,0.702,,,,
54811,20161101,-88.85,41.84,0.355,0.31,0.155,0.655,0.397,0.65,0.149,0.845,0.374,0.53,0,0.839,0.362,0.21,0,0.119,,,,,0.376,0.43,0.155,0.845,,,,
54811,20161102,-88.85,41.84,0.378,0.48,0.012,0.798,0.414,0.87,0.012,0.988,0.382,0.63,0,0.982,0.364,0.22,0,0.19,,,,,0.396,0.63,0.012,0.988,,,,
54811,20161103,-88.85,41.84,0.389,0.56,0,0.839,0.422,1,0,1,0.385,0.67,0,1,0.367,0.25,0,0.315,,,,,0.405,0.75,0,1,,,,
54811,20161104,-88.85,41.84,0.396,0.62,0,0.845,0.428,1.1,0,1,0.387,0.71,0,1,0.371,0.27,0,0.452,,,,,0.412,0.83,0,1,,,,
54811,20161105,-88.85,41.84,0.402,0.67,0,0.893,0.434,1.18,0,1,0.389,0.74,0,1,0.374,0.3,0,0.595,,,,,0.418,0.91,0,1,,,,
54811,20161106,-88.85,41.84,0.405,0.7,0,1,0.436,1.22,0,1,0.389,0.74,0,1,0.378,0.33,0,0.738,,,,,0.421,0.94,0,1,,,,
54811,20161107,-88.85,41.84,0.403,0.68,0,1,0.435,1.19,0,1,0.387,0.71,0,1,0.38,0.34,0,0.863,,,,,0.419,0.92,0,1,,,,
54811,20161108,-88.85,41.84,0.401,0.67,0,1,0.434,1.16,0,1,0.386,0.69,0,1,0.381,0.35,0,0.911,,,,,0.418,0.9,0,1,,,,
54811,20161109,-88.85,41.84,0.4,0.66,0,1,0.434,1.13,0,1,0.386,0.66,0,1,0.382,0.35,0,0.982,,,,,0.417,0.88,0,1,,,,
54811,20161110,-88.85,41.84,0.389,0.56,0,0.893,0.427,1.02,0,1,0.381,0.59,0,1,0.382,0.35,0,1,,,,,0.408,0.77,0,1,,,,
54811,20161111,-88.85,41.84,0.379,0.47,0,0.75,0.422,0.91,0,1,0.378,0.52,0,1,0.381,0.33,0,1,,,,,0.4,0.67,0,0.946,,,,
54811,20161112,-88.85,41.84,0.368,0.36,0,0.607,0.417,0.82,0,1,0.375,0.46,0,0.923,0.38,0.32,0,0.976,,,,,0.393,0.57,0,0.804,,,,
54811,20161113,-88.85,41.84,0.358,0.26,0,0.464,0.411,0.7,0,0.887,0.372,0.41,0,0.78,0.379,0.3,0,0.935,,,,,0.384,0.47,0,0.661,,,,
54811,20161114,-88.85,41.84,0.348,0.15,0,0.321,0.404,0.59,0,0.744,0.369,0.36,0,0.637,0.377,0.28,0,0.833,,,,,0.376,0.36,0,0.518,,,,
54811,20161115,-88.85,41.84,0.339,0.04,0.042,0.179,0.398,0.48,0,0.601,0.367,0.31,0,0.494,0.376,0.26,0,0.702,,,,,0.369,0.26,0,0.375,,,,
54811,20161116,-88.85,41.84,0.33,-0.08,0.185,0.036,0.392,0.37,0,0.458,0.364,0.26,0,0.351,0.374,0.24,0,0.571,,,,,0.361,0.15,0,0.232,,,,
54811,20161117,-88.85,41.84,0.322,-0.2,0.327,0,0.386,0.26,0,0.315,0.362,0.22,0,0.208,0.373,0.22,0,0.429,,,,,0.354,0.05,0,0.089,,,,
54811,20161118,-88.85,41.84,0.314,-0.31,0.467,0,0.38,0.16,0,0.174,0.36,0.18,0,0.066,0.372,0.2,0,0.287,,,,,0.347,-0.05,0,0,,,,
54811,20161119,-88.85,41.84,0.306,-0.41,0.611,0,0.374,0.06,0,0.03,0.359,0.14,0,0,0.371,0.19,0,0.168,,,,,0.34,-0.15,0.114,0,,,,
54811,20161120,-88.85,41.84,0.298,-0.53,0.754,0,0.368,-0.04,0.096,0,0.357,0.11,0,0,0.37,0.17,0,0.066,,,,,0.333,-0.25,0.257,0,,,,
54811,20161121,-88.85,41.84,0.29,-0.64,0.898,0,0.363,-0.13,0.24,0,0.355,0.07,0,0,0.369,0.16,0,0.024,,,,,0.326,-0.35,0.401,0,,,,
54811,20161122,-88.85,41.84,0.282,-0.75,1,0,0.357,-0.23,0.383,0,0.352,0.03,0,0,0.368,0.14,0,0.012,,,,,0.32,-0.45,0.545,0,,,,
54811,20161123,-88.85,41.84,0.277,-0.82,0.982,0,0.351,-0.32,0.527,0,0.35,-0.02,0,0,0.367,0.13,0,0,,,,,0.314,-0.54,0.689,0,,,,
54811,20161124,-88.85,41.84,0.288,-0.68,0.838,0.108,0.353,-0.33,0.563,0,0.35,-0.02,0,0,0.365,0.11,0,0,,,,,0.321,-0.48,0.719,0.102,,,,
54811,20161125,-88.85,41.84,0.303,-0.5,0.696,0.25,0.357,-0.29,0.56,0,0.352,0,0,0,0.365,0.1,0,0,,,,,0.33,-0.38,0.714,0.179,,,,
54811,20161126,-88.85,41.84,0.318,-0.32,0.554,0.393,0.361,-0.26,0.56,0,0.354,0.02,0,0,0.364,0.09,0,0,,,,,0.34,-0.29,0.601,0.179,,,,
54811,20161127,-88.85,41.84,0.334,-0.13,0.411,0.536,0.367,-0.2,0.464,0,0.357,0.04,0,0,0.363,0.08,0,0,,,,,0.35,-0.17,0.458,0.179,,,,
54811,20161128,-88.85,41.84,0.353,0.1,0.268,0.679,0.377,-0.1,0.321,0.042,0.361,0.09,0,0.036,0.363,0.08,0,0,,,,,0.365,-0.01,0.315,0.232,,,,
54811,20161129,-88.85,41.84,0.382,0.43,0.125,0.821,0.395,0.1,0.179,0.185,0.371,0.22,0,0.179,0.367,0.1,0,0.095,,,,,0.388,0.26,0.173,0.375,,,,
54811,20161130,-88.85,41.84,0.404,0.68,0,0.964,0.411,0.28,0.036,0.327,0.378,0.31,0,0.321,0.374,0.14,0,0.238,,,,,0.408,0.48,0.03,0.518,,,,
54811,20161201,-88.85,41.84,0.41,0.72,0,1,0.42,0.37,0,0.47,0.382,0.35,0,0.464,0.38,0.18,0,0.381,,,,,0.415,0.55,0,0.56,,,,
54811,20161202,-88.85,41.84,0.413,0.71,0,1,0.426,0.44,0,0.613,0.384,0.37,0,0.607,0.385,0.21,0,0.524,,,,,0.42,0.58,0,0.625,,,,
54811,20161203,-88.85,41.84,0.416,0.71,0,1,0.432,0.5,0,0.756,0.385,0.38,0,0.714,0.389,0.23,0,0.667,,,,,0.424,0.62,0,0.768,,,,
54811,20161204,-88.85,41.84,0.419,0.71,0,1,0.439,0.57,0,0.899,0.386,0.39,0,0.732,0.393,0.25,0,0.81,,,,,0.429,0.66,0,0.911,,,,
54811,20161205,-88.85,41.84,0.418,0.67,0,1,0.442,0.61,0,1,0.385,0.38,0,0.702,0.397,0.27,0,0.952,,,,,0.43,0.66,0,1,,,,
54811,20161206,-88.85,41.84,0.413,0.57,0,1,0.438,0.57,0,1,0.38,0.31,0,0.565,0.396,0.27,0,1,,,,,0.425,0.6,0,1,,,,
54811,20161207,-88.85,41.84,0.414,0.56,0,1,0.437,0.57,0,1,0.378,0.29,0,0.554,0.394,0.25,0,1,,,,,0.425,0.61,0,1,,,,
54811,20161208,-88.85,41.84,0.413,0.55,0,1,0.437,0.58,0,1,0.378,0.28,0,0.554,0.392,0.23,0,1,,,,,0.425,0.63,0,1,,,,
54811,20161209,-88.85,41.84,0.412,0.52,0,0.964,0.437,0.59,0,1,0.377,0.27,0,0.476,0.391,0.22,0,1,,,,,0.425,0.64,0,1,,,,
54811,20161210,-88.85,41.84,0.409,0.46,0,0.821,0.438,0.61,0,1,0.376,0.26,0,0.369,0.39,0.21,0,1,,,,,0.423,0.64,0,1,,,,
54811,20161211,-88.85,41.84,0.406,0.41,0,0.679,0.438,0.61,0,1,0.376,0.26,0,0.351,0.389,0.2,0,1,,,,,0.422,0.63,0,1,,,,
54811,20161212,-88.85,41.84,0.405,0.37,0,0.536,0.438,0.61,0,1,0.375,0.25,0,0.345,0.388,0.2,0,0.994,,,,,0.421,0.64,0,1,,,,
54811,20161213,-88.85,41.84,0.402,0.31,0,0.393,0.437,0.61,0,1,0.375,0.23,0,0.339,0.387,0.19,0,0.994,,,,,0.42,0.64,0,1,,,,
54811,20161214,-88.85,41.84,0.397,0.24,0,0.25,0.435,0.58,0,1,0.373,0.21,0,0.208,0.387,0.18,0,0.994,,,,,0.416,0.59,0,1,,,,
54811,20161215,-88.85,41.84,0.395,0.18,0,0.107,0.434,0.56,0,1,0.372,0.19,0,0.065,0.386,0.18,0,0.982,,,,,0.414,0.56,0,1,,,,
54811,20161216,-88.85,41.84,0.393,0.14,0,0.018,0.433,0.55,0,1,0.37,0.17,0,0,0.385,0.17,0,0.929,,,,,0.413,0.54,0,0.988,,,,
54811,20161217,-88.85,41.84,0.399,0.21,0,0.161,0.432,0.54,0,1,0.369,0.15,0,0,0.384,0.16,0,0.827,,,,,0.416,0.59,0,0.988,,,,
54811,20161218,-88.85,41.84,0.401,0.21,0,0.208,0.432,0.55,0,1,0.368,0.14,0,0,0.383,0.15,0,0.714,,,,,0.416,0.59,0,0.893,,,,
54811,20161219,-88.85,41.84,0.406,0.28,0,0.345,0.431,0.55,0,1,0.367,0.12,0,0,0.382,0.15,0,0.589,,,,,0.418,0.63,0,0.887,,,,
54811,20161220,-88.85,41.84,0.409,0.33,0,0.488,0.431,0.56,0,1,0.366,0.1,0,0,0.381,0.14,0,0.458,,,,,0.42,0.65,0,0.887,,,,
54811,20161221,-88.85,41.84,0.412,0.36,0,0.617,0.43,0.56,0,1,0.365,0.08,0,0,0.381,0.13,0,0.315,,,,,0.421,0.67,0,0.883,,,,
54811,20161222,-88.85,41.84,0.416,0.39,0,0.725,0.43,0.56,0,1,0.364,0.06,0,0,0.38,0.12,0,0.185,,,,,0.423,0.68,0,0.862,,,,
54811,20161223,-88.85,41.84,0.423,0.45,0,0.851,0.429,0.55,0,1,0.364,0.04,0,0,0.379,0.11,0,0.095,,,,,0.426,0.72,0,0.851,,,,
54811,20161224,-88.85,41.84,0.426,0.42,0,0.811,0.428,0.54,0,1,0.363,0.02,0,0,0.379,0.11,0,0.054,,,,,0.427,0.68,0,0.811,,,,
54811,20161225,-88.85,41.84,0.438,0.57,0,0.985,0.428,0.55,0,1,0.364,0.03,0,0.006,0.378,0.1,0,0.03,,,,,0.433,0.79,0,0.985,,,,
54811,20161226,-88.85,41.84,0.442,0.55,0,1,0.431,0.6,0,1,0.367,0.07,0,0.06,0.379,0.11,0,0.083,,,,,0.436,0.77,0,1,,,,
54811,20161227,-88.85,41.84,0.445,0.52,0,1,0.436,0.7,0,1,0.373,0.18,0,0.202,0.384,0.15,0,0.214,,,,,0.441,0.74,0,1,,,,
54811,20161228,-88.85,41.84,0.445,,,,0.44,0.75,0,1,0.376,0.23,0,0.345,0.388,0.18,0,0.357,,,,,0.442,,,,,,,
54811,20161229,-88.85,41.84,0.442,,,,0.443,0.8,0,1,0.378,0.27,0,0.458,0.39,0.2,0,0.5,,,,,0.442,,,,,,,
54811,20161230,-88.85,41.84,0.438,,,,0.446,0.84,0,1,0.38,0.29,0,0.482,0.392,0.21,0,0.643,,,,,0.442,,,,,,,
54811,20161231,-88.85,41.84,0.43,,,,0.449,0.89,0,1,0.382,0.31,0,0.482,0.394,0.23,0,0.786,,,,,0.439,,,,,,,
54811,20170101,-88.85,41.84,0.418,,,,0.45,0.94,0,1,0.383,0.31,0,0.476,0.396,0.24,0,0.923,,,,,0.434,,,,,,,
54811,20170102,-88.85,41.84,0.4,,,,0.449,0.94,0,1,0.381,0.25,0,0.423,0.396,0.24,0,1,,,,,0.424,,,,,,,
54811,20170103,-88.85,41.84,0.382,,,,0.444,0.85,0,1,0.376,0.13,0,0.28,0.391,0.2,0,1,,,,,0.413,,,,,,,
54811,20170104,-88.85,41.84,0.378,,,,0.442,0.82,0,1,0.374,0.07,0,0.137,0.389,0.18,0,1,,,,,0.41,,,,,,,
54811,20170105,-88.85,41.84,0.372,,,,0.441,0.81,0,1,0.373,0.02,0,0.024,0.387,0.17,0,1,,,,,0.407,,,,,,,
54811,20170106,-88.85,41.84,,,,,0.44,0.79,0,1,0.371,-0.03,0,0,0.386,0.17,0,1,,,,,,,,,,,,
54811,20170107,-88.85,41.84,,,,,,,,,0.37,-0.08,0,0,0.385,0.16,0,1,,,,,,,,,,,,
54811,20170108,-88.85,41.84,,,,,,,,,0.369,-0.1,0.007,0,0.384,0.16,0,0.958,,,,,,,,,,,,
54811,20170109,-88.85,41.84,,,,,,,,,,,,,0.383,0.15,0,0.887,,,,,,,,,,,,
54811,20170110,-88.85,41.84,,,,,,,,,,,,,0.382,0.15,0,0.756,,,,,,,,,,,,
54811,20170111,-88.85,41.84,,,,,,,,,,,,,0.381,0.14,0,0.625,,,,,,,,,,,,
54811,20170112,-88.85,41.84,,,,,,,,,,,,,0.38,0.13,0,0.488,,,,,,,,,,,,
54811,20170113,-88.85,41.84,,,,,,,,,,,,,0.379,0.12,0,0.363,,,,,,,,,,,,
54811,20170114,-88.85,41.84,,,,,,,,,,,,,0.378,0.12,0,0.226,,,,,,,,,,,,
54811,20170115,-88.85,41.84,,,,,,,,,,,,,0.378,0.11,0,0.149,,,,,,,,,,,,
54811,20170116,-88.85,41.84,,,,,,,,,,,,,0.377,0.11,0,0.083,,,,,,,,,,,,
54811,20170117,-88.85,41.84,,,,,,,,,,,,,0.378,0.12,0,0.179,,,,,,,,,,,,
54811,20170118,-88.85,41.84,,,,,,,,,,,,,0.381,0.16,0,0.31,,,,,,,,,,,,
54811,20170119,-88.85,41.84,,,,,,,,,,,,,0.383,0.18,0,0.446,,,,,,,,,,,,
54811,20170120,-88.85,41.84,,,,,,,,,,,,,0.384,0.2,0,0.571,,,,,,,,,,,,
54811,20170121,-88.85,41.84,,,,,,,,,,,,,0.386,0.22,0,0.708,,,,,,,,,,,,
54811,20170122,-88.85,41.84,,,,,,,,,,,,,0.387,0.24,0,0.827,,,,,,,,,,,,
54811,20170123,-88.85,41.84,,,,,,,,,,,,,0.389,0.26,0,0.964,,,,,,,,,,,,
54811,20170124,-88.85,41.84,,,,,,,,,,,,,0.389,0.26,0,1,,,,,,,,,,,,
54811,20170125,-88.85,41.84,,,,,,,,,,,,,0.387,0.25,0,1,,,,,,,,,,,,
54811,20170126,-88.85,41.84,,,,,,,,,,,,,0.387,0.26,0,1,,,,,,,,,,,,
54811,20170127,-88.85,41.84,0.363,,,,,,,,,,,,0.389,0.3,0,1,,,,,,,,,,,,
54811,20170128,-88.85,41.84,0.357,,,,,,,,,,,,0.39,0.33,0,1,,,,,,,,,,,,
54811,20170129,-88.85,41.84,0.348,,,,,,,,,,,,0.39,0.35,0,1,,,,,,,,,,,,
54811,20170130,-88.85,41.84,0.34,,,,,,,,,,,,0.39,0.36,0,1,,,,,,,,,,,,
54811,20170131,-88.85,41.84,0.331,,,,,,,,,,,,0.39,0.38,0,1,,,,,,,,,,,,
54811,20170201,-88.85,41.84,0.323,,,,,,,,,,,,0.39,0.38,0,1,,,,,,,,,,,,
54811,20170202,-88.85,41.84,0.316,,,,,,,,0.356,,,,0.388,0.37,0,1,,,,,,,,,,,,
54811,20170203,-88.85,41.84,0.311,,,,,,,,0.354,,,,0.386,0.34,0,1,,,,,,,,,,,,
54811,20170204,-88.85,41.84,,,,,,,,,0.351,,,,0.384,0.31,0,1,,,,,,,,,,,,
54811,20170205,-88.85,41.84,,,,,,,,,0.349,,,,0.383,0.29,0,1,,,,,,,,,,,,
54811,20170206,-88.85,41.84,,,,,,,,,,,,,0.382,0.27,0,0.994,,,,,,,,,,,,
54811,20170207,-88.85,41.84,,,,,,,,,,,,,0.381,0.24,0,0.97,,,,,,,,,,,,
54811,20170208,-88.85,41.84,,,,,,,,,,,,,0.382,0.24,0,0.97,,,,,,,,,,,,
54811,20170209,-88.85,41.84,,,,,,,,,,,,,0.384,0.25,0,0.97,,,,,,,,,,,,
54811,20170210,-88.85,41.84,,,,,,,,,,,,,0.386,0.25,0,0.97,,,,,,,,,,,,
54811,20170211,-88.85,41.84,,,,,,,,,,,,,0.387,0.26,0,0.97,,,,,,,,,,,,
54811,20170212,-88.85,41.84,,,,,,,,,,,,,0.388,0.25,0,0.97,,,,,,,,,,,,
54811,20170213,-88.85,41.84,,,,,,,,,,,,,0.389,0.25,0,0.976,,,,,,,,,,,,
54811,20170214,-88.85,41.84,,,,,,,,,,,,,0.39,0.26,0,1,,,,,,,,,,,,
54811,20170215,-88.85,41.84,,,,,,,,,,,,,0.388,0.24,0,0.988,,,,,,,,,,,,
54811,20170216,-88.85,41.84,,,,,,,,,,,,,0.387,0.22,0,0.97,,,,,,,,,,,,
54811,20170217,-88.85,41.84,,,,,,,,,,,,,0.385,0.2,0,0.946,,,,,,,,,,,,
54811,20170218,-88.85,41.84,0.339,,,,,,,,,,,,0.383,0.18,0,0.911,,,,,,,,,,,,
54811,20170219,-88.85,41.84,0.34,,,,,,,,,,,,0.382,0.17,0,0.887,,,,,,,,,,,,
54811,20170220,-88.85,41.84,0.338,,,,,,,,,,,,0.382,0.17,0,0.887,,,,,,,,,,,,
54811,20170221,-88.85,41.84,0.343,,,,,,,,,,,,0.383,0.18,0,0.887,,,,,,,,,,,,
54811,20170222,-88.85,41.84,0.349,,,,,,,,,,,,0.385,0.2,0,0.899,,,,,,,,,,,,
54811,20170223,-88.85,41.84,0.354,,,,,,,,,,,,0.387,0.22,0,0.917,,,,,,,,,,,,
54811,20170224,-88.85,41.84,0.361,,,,,,,,0.366,,,,0.389,0.23,0,0.94,,,,,,,,,,,,
54811,20170225,-88.85,41.84,0.369,,,,,,,,0.368,,,,0.391,0.26,0,0.976,,,,,,,,,,,,
54811,20170226,-88.85,41.84,0.375,,,,0.42,,,,0.369,,,,0.394,0.28,0,1,,,,,0.402,,,,,,,
54811,20170227,-88.85,41.84,0.38,,,,0.419,,,,0.371,,,,0.395,0.29,0,1,,,,,0.4,,,,,,,
54811,20170228,-88.85,41.84,0.38,,,,0.416,,,,0.371,,,,0.396,0.29,0,1,,,,,0.398,,,,,,,
54811,20170301,-88.85,41.84,0.385,,,,0.419,,,,0.375,,,,0.398,0.31,0,1,,,,,0.402,,,,,,,
54811,20170302,-88.85,41.84,0.388,,,,0.423,,,,0.377,,,,0.4,0.32,0,1,,,,,0.406,,,,,,,
54811,20170303,-88.85,41.84,0.389,,,,0.424,,,,0.378,,,,0.401,0.33,0,1,,,,,0.407,,,,,,,
54811,20170304,-88.85,41.84,0.388,,,,0.423,,,,0.377,,,,0.401,0.32,0,1,,,,,0.405,,,,,,,
54811,20170305,-88.85,41.84,0.39,,,,0.424,,,,0.377,,,,0.401,0.31,0,1,,,,,0.407,,,,,,,
54811,20170306,-88.85,41.84,0.391,,,,0.426,,,,0.377,,,,0.4,0.3,0,1,,,,,0.409,,,,,,,
54811,20170307,-88.85,41.84,0.394,,,,0.429,,,,0.379,,,,0.4,0.29,0,0.994,,,,,0.412,,,,,,,
54811,20170308,-88.85,41.84,0.394,,,,0.429,,,,0.378,,,,0.399,0.27,0,0.994,,,,,0.411,,,,,,,
54811,20170309,-88.85,41.84,0.392,,,,0.427,,,,0.376,,,,0.398,0.25,0,0.994,,,,,0.41,,,,,,,
54811,20170310,-88.85,41.84,0.391,,,,0.427,,,,0.375,,,,0.397,0.24,0,0.994,,,,,0.409,,,,,,,
54811,20170311,-88.85,41.84,0.391,,,,0.426,,,,0.375,,,,0.397,0.23,0,0.994,,,,,0.408,,,,,,,
54811,20170312,-88.85,41.84,0.388,,,,0.425,,,,0.374,,,,0.397,0.22,0,0.988,,,,,0.407,,,,,,,
54811,20170313,-88.85,41.84,0.384,,,,0.423,,,,0.373,,,,0.396,0.22,0,0.964,,,,,0.403,,,,,,,
54811,20170314,-88.85,41.84,0.379,,,,0.42,,,,0.37,,,,0.396,0.21,0,0.929,,,,,0.4,,,,,,,
54811,20170315,-88.85,41.84,0.372,,,,0.415,,,,0.366,,,,0.394,0.19,0,0.845,,,,,0.393,,,,,,,
54811,20170316,-88.85,41.84,0.364,-0.91,1,0,0.413,,,,0.363,,,,0.392,0.17,0,0.732,,,,,0.389,,,,,,,
54811,20170317,-88.85,41.84,0.357,-0.93,1,0,0.413,,,,0.36,,,,0.39,0.15,0,0.601,,,,,0.385,,,,,,,
54811,20170318,-88.85,41.84,0.354,-0.62,0.6,0,0.413,,,,0.359,,,,0.389,0.13,0,0.464,,,,,0.383,,,,,,,
54811,20170319,-88.85,41.84,0.355,-0.32,0.308,0,0.413,0,0,0,0.358,-0.27,0,0,0.387,0.12,0,0.327,,,,,0.384,,,,,,,
54811,20170320,-88.85,41.84,0.359,-0.21,0.2,0,0.413,0.03,0,0,0.358,-0.26,0,0,0.386,0.1,0,0.208,,,,,0.386,0.08,0,0,,,,
54811,20170321,-88.85,41.84,0.362,-0.13,0.143,0,0.414,0.09,0,0,0.358,-0.24,0,0,0.385,0.09,0,0.131,,,,,0.388,0.14,0,0,,,,
54811,20170322,-88.85,41.84,0.365,-0.1,0.111,0,0.415,0.09,0,0,0.358,-0.23,0,0,0.385,0.09,0,0.077,,,,,0.39,0.13,0,0,,,,
54811,20170323,-88.85,41.84,0.37,-0.08,0.063,0,0.414,0.08,0,0,0.359,-0.23,0,0,0.384,0.08,0,0.06,,,,,0.392,0.1,0,0,,,,
54811,20170324,-88.85,41.84,0.375,-0.06,0.014,0,0.413,0.07,0,0,0.359,-0.24,0,0,0.384,0.08,0,0.065,,,,,0.394,0.07,0,0,,,,
54811,20170325,-88.85,41.84,0.376,-0.07,0.069,0,0.412,0.06,0,0,0.36,-0.25,0,0,0.384,0.08,0,0.071,,,,,0.394,0.04,0,0,,,,
54811,20170326,-88.85,41.84,0.383,0.06,0.067,0.139,0.418,0.16,0,0.138,0.365,-0.14,0,0.113,0.386,0.1,0,0.185,,,,,0.401,0.19,0,0.146,,,,
54811,20170327,-88.85,41.84,0.389,0.16,0.065,0.28,0.423,0.23,0,0.275,0.369,-0.04,0,0.226,0.389,0.13,0,0.327,,,,,0.406,0.29,0,0.282,,,,
54811,20170328,-88.85,41.84,0.393,0.24,0.065,0.423,0.427,0.28,0,0.417,0.372,0.02,0,0.226,0.392,0.15,0,0.446,,,,,0.41,0.37,0,0.417,,,,
54811,20170329,-88.85,41.84,0.396,0.32,0.065,0.565,0.429,0.33,0,0.554,0.374,0.09,0,0.226,0.395,0.17,0,0.583,,,,,0.413,0.45,0,0.56,,,,
54811,20170330,-88.85,41.84,0.405,0.47,0.065,0.708,0.434,0.4,0,0.679,0.378,0.18,0,0.256,0.397,0.19,0,0.714,,,,,0.42,0.58,0,0.702,,,,
54811,20170331,-88.85,41.84,0.418,0.72,0.065,0.851,0.444,0.55,0,0.821,0.387,0.4,0,0.399,0.404,0.24,0,0.839,,,,,0.431,0.82,0,0.845,,,,
54811,20170401,-88.85,41.84,0.429,0.92,0,0.994,0.451,0.65,0,0.964,0.392,0.53,0,0.542,0.408,0.28,0,0.97,,,,,0.44,0.98,0,0.988,,,,
54811,20170402,-88.85,41.84,0.427,0.91,0,1,0.45,0.64,0,0.976,0.391,0.52,0,0.56,0.41,0.29,0,1,,,,,0.438,0.97,0,1,,,,
54811,20170403,-88.85,41.84,0.426,0.92,0,1,0.449,0.63,0,0.976,0.39,0.5,0,0.476,0.41,0.29,0,1,,,,,0.437,0.96,0,1,,,,
54811,20170404,-88.85,41.84,0.43,1.01,0,1,0.452,0.67,0,0.976,0.393,0.57,0,0.565,0.411,0.29,0,1,,,,,0.441,1.03,0,1,,,,
54811,20170405,-88.85,41.84,0.435,1.1,0,1,0.455,0.72,0,0.982,0.395,0.63,0,0.708,0.412,0.3,0,1,,,,,0.445,1.1,0,1,,,,
54811,20170406,-88.85,41.84,0.441,1.22,0,1,0.46,0.81,0,1,0.4,0.74,0,0.821,0.415,0.32,0,1,,,,,0.45,1.21,0,1,,,,
54811,20170407,-88.85,41.84,0.437,1.16,0,1,0.457,0.77,0,1,0.396,0.66,0,0.821,0.414,0.31,0,1,,,,,0.447,1.15,0,1,,,,
54811,20170408,-88.85,41.84,0.435,1.14,0,1,0.455,0.75,0,1,0.395,0.61,0,0.78,0.413,0.3,0,1,,,,,0.445,1.13,0,1,,,,
54811,20170409,-88.85,41.84,0.433,1.12,0,1,0.454,0.75,0,1,0.394,0.59,0,0.649,0.413,0.28,0,1,,,,,0.443,1.1,0,1,,,,
54811,20170410,-88.85,41.84,0.43,1.08,0,1,0.453,0.74,0,1,0.394,0.58,0,0.619,0.412,0.28,0,1,,,,,0.442,1.07,0,1,,,,
54811,20170411,-88.85,41.84,0.422,0.94,0,0.988,0.448,0.69,0,1,0.391,0.5,0,0.53,0.412,0.27,0,1,,,,,0.435,0.96,0,1,,,,
54811,20170412,-88.85,41.84,0.412,0.81,0,0.857,0.443,0.62,0,0.964,0.388,0.43,0,0.387,0.41,0.25,0,0.988,,,,,0.428,0.83,0,0.935,,,,
54811,20170413,-88.85,41.84,0.396,0.55,0,0.72,0.433,0.49,0,0.821,0.38,0.26,0,0.244,0.406,0.21,0,0.976,,,,,0.415,0.6,0,0.798,,,,
54811,20170414,-88.85,41.84,0.39,0.46,0,0.72,0.428,0.42,0,0.804,0.377,0.18,0,0.101,0.403,0.17,0,0.958,,,,,0.409,0.49,0,0.798,,,,
54811,20170415,-88.85,41.84,0.389,0.43,0,0.72,0.425,0.39,0,0.786,0.375,0.15,0,0,0.401,0.15,0,0.923,,,,,0.407,0.46,0,0.798,,,,
54811,20170416,-88.85,41.84,0.392,0.46,0,0.72,0.427,0.43,0,0.786,0.376,0.19,0,0.036,0.401,0.15,0,0.911,,,,,0.41,0.5,0,0.798,,,,
54811,20170417,-88.85,41.84,0.399,0.54,0,0.72,0.432,0.5,0,0.786,0.38,0.28,0,0.179,0.404,0.18,0,0.911,,,,,0.416,0.59,0,0.798,,,,
54811,20170418,-88.85,41.84,0.404,0.6,0,0.732,0.434,0.54,0,0.786,0.381,0.32,0,0.321,0.406,0.19,0,0.911,,,,,0.419,0.64,0,0.798,,,,
54811,20170419,-88.85,41.84,0.406,0.63,0,0.857,0.435,0.57,0,0.821,0.383,0.35,0,0.429,0.407,0.2,0,0.923,,,,,0.421,0.67,0,0.863,,,,
54811,20170420,-88.85,41.84,0.41,0.68,0,0.97,0.437,0.6,0,0.964,0.384,0.39,0,0.435,0.408,0.21,0,0.935,,,,,0.423,0.72,0,1,,,,
54811,20170421,-88.85,41.84,0.406,0.64,0,0.839,0.437,0.61,0,0.923,0.385,0.41,0,0.435,0.409,0.22,0,0.952,,,,,0.421,0.69,0,0.899,,,,
54811,20170422,-88.85,41.84,0.397,0.54,0,0.696,0.433,0.57,0,0.798,0.385,0.41,0,0.435,0.41,0.23,0,0.988,,,,,0.415,0.6,0,0.756,,,,
54811,20170423,-88.85,41.84,0.379,0.35,0.048,0.557,0.424,0.46,0,0.659,0.381,0.33,0,0.401,0.41,0.23,0,1,,,,,0.402,0.42,0,0.617,,,,
54811,20170424,-88.85,41.84,0.356,0.11,0.192,0.413,0.411,0.29,0,0.515,0.375,0.21,0,0.257,0.406,0.2,0,0.988,,,,,0.383,0.17,0.144,0.473,,,,
54811,20170425,-88.85,41.84,0.332,-0.12,0.335,0.269,0.397,0.12,0.114,0.371,0.369,0.11,0,0.114,0.403,0.17,0,0.916,,,,,0.365,-0.06,0.287,0.329,,,,
54811,20170426,-88.85,41.84,0.31,-0.33,0.479,0.132,0.382,-0.06,0.257,0.228,0.364,0.01,0,0.006,0.401,0.15,0,0.796,,,,,0.346,-0.29,0.431,0.186,,,,
54811,20170427,-88.85,41.84,0.293,-0.47,0.599,0.012,0.366,-0.25,0.401,0.084,0.358,-0.07,0,0,0.398,0.13,0,0.713,,,,,0.329,-0.48,0.563,0.042,,,,
54811,20170428,-88.85,41.84,0.292,-0.46,0.599,0.048,0.352,-0.41,0.545,0,0.353,-0.15,0,0,0.396,0.12,0,0.641,,,,,0.322,-0.54,0.563,0,,,,
54811,20170429,-88.85,41.84,0.295,-0.41,0.599,0.114,0.342,-0.52,0.689,0,0.349,-0.22,0,0,0.393,0.1,0,0.497,,,,,0.318,-0.56,0.563,0,,,,
54811,20170430,-88.85,41.84,0.313,-0.23,0.548,0.226,0.348,-0.44,0.72,0.089,0.353,-0.15,0,0.089,0.396,0.15,0,0.44,,,,,0.33,-0.41,0.56,0.101,,,,
54811,20170501,-88.85,41.84,0.337,0.02,0.405,0.369,0.363,-0.26,0.72,0.232,0.361,-0.03,0,0.232,0.401,0.23,0,0.452,,,,,0.35,-0.17,0.417,0.244,,,,
54811,20170502,-88.85,41.84,0.365,0.29,0.262,0.512,0.379,-0.07,0.607,0.375,0.369,0.09,0,0.375,0.408,0.34,0,0.524,,,,,0.372,0.1,0.274,0.387,,,,
54811,20170503,-88.85,41.84,0.394,0.57,0.119,0.655,0.398,0.15,0.464,0.518,0.377,0.21,0,0.518,0.413,0.42,0,0.643,,,,,0.396,0.38,0.131,0.53,,,,
54811,20170504,-88.85,41.84,0.416,0.78,0,0.798,0.416,0.36,0.321,0.661,0.384,0.31,0,0.661,0.417,0.49,0,0.726,,,,,0.416,0.62,0,0.673,,,,
54811,20170505,-88.85,41.84,0.422,0.85,0,0.893,0.432,0.53,0.179,0.804,0.39,0.41,0,0.72,0.42,0.55,0,0.798,,,,,0.427,0.74,0,0.815,,,,
54811,20170506,-88.85,41.84,0.426,0.89,0,0.97,0.444,0.67,0.036,0.935,0.395,0.49,0,0.72,0.423,0.6,0,0.94,,,,,0.435,0.84,0,0.958,,,,
54811,20170507,-88.85,41.84,0.419,0.84,0,1,0.442,0.64,0,0.851,0.392,0.44,0,0.631,0.422,0.6,0,1,,,,,0.43,0.79,0,1,,,,
54811,20170508,-88.85,41.84,0.406,0.74,0,0.946,0.43,0.53,0,0.708,0.385,0.35,0,0.488,0.417,0.54,0,1,,,,,0.418,0.68,0,0.899,,,,
54811,20170509,-88.85,41.84,0.393,0.64,0,0.833,0.42,0.43,0,0.589,0.379,0.27,0,0.351,0.411,0.47,0,1,,,,,0.406,0.57,0,0.78,,,,
54811,20170510,-88.85,41.84,0.392,0.63,0,0.833,0.418,0.4,0,0.589,0.377,0.24,0,0.262,0.407,0.42,0,0.994,,,,,0.405,0.55,0,0.78,,,,
54811,20170511,-88.85,41.84,0.397,0.65,0,0.833,0.421,0.42,0,0.589,0.379,0.26,0,0.214,0.407,0.44,0,0.988,,,,,0.409,0.58,0,0.78,,,,
54811,20170512,-88.85,41.84,0.402,0.67,0,0.833,0.424,0.44,0,0.589,0.381,0.29,0,0.298,0.408,0.47,0,0.988,,,,,0.413,0.6,0,0.78,,,,
54811,20170513,-88.85,41.84,0.407,0.7,0,0.833,0.429,0.47,0,0.601,0.385,0.33,0,0.44,0.41,0.5,0,0.988,,,,,0.418,0.64,0,0.78,,,,
54811,20170514,-88.85,41.84,0.411,0.72,0,0.833,0.434,0.5,0,0.738,0.389,0.37,0,0.583,0.411,0.52,0,0.988,,,,,0.422,0.66,0,0.78,,,,
54811,20170515,-88.85,41.84,0.414,0.74,0,0.821,0.439,0.54,0,0.833,0.393,0.41,0,0.726,0.413,0.55,0,0.988,,,,,0.427,0.69,0,0.869,,,,
54811,20170516,-88.85,41.84,0.413,0.73,0,0.792,0.444,0.58,0,0.81,0.397,0.45,0,0.845,0.414,0.57,0,0.988,,,,,0.428,0.71,0,0.845,,,,
54811,20170517,-88.85,41.84,0.397,0.62,0,0.649,0.437,0.53,0,0.667,0.397,0.46,0,0.821,0.416,0.59,0,0.994,,,,,0.417,0.62,0,0.702,,,,
54811,20170518,-88.85,41.84,0.375,0.48,0,0.506,0.425,0.45,0,0.524,0.394,0.42,0,0.726,0.414,0.56,0,1,,,,,0.4,0.5,0,0.56,,,,
54811,20170519,-88.85,41.84,0.353,0.34,0,0.363,0.412,0.37,0,0.381,0.391,0.38,0,0.583,0.412,0.51,0,0.994,,,,,0.382,0.37,0,0.417,,,,
54811,20170520,-88.85,41.84,0.335,0.23,0,0.22,0.397,0.28,0,0.238,0.386,0.33,0,0.44,0.41,0.48,0,0.935,,,,,0.366,0.27,0,0.274,,,,
54811,20170521,-88.85,41.84,0.331,0.23,0,0.208,0.387,0.23,0,0.125,0.382,0.3,0,0.298,0.408,0.44,0,0.923,,,,,0.359,0.24,0,0.256,,,,
54811,20170522,-88.85,41.84,0.336,0.29,0,0.274,0.387,0.26,0,0.173,0.379,0.28,0,0.155,0.406,0.42,0,0.923,,,,,0.362,0.29,0,0.268,,,,
54811,20170523,-88.85,41.84,0.343,0.36,0,0.417,0.388,0.29,0,0.315,0.377,0.27,0,0.083,0.405,0.4,0,0.917,,,,,0.366,0.35,0,0.411,,,,
54811,20170524,-88.85,41.84,0.359,0.49,0,0.56,0.395,0.37,0,0.458,0.377,0.27,0,0.149,0.404,0.39,0,0.917,,,,,0.377,0.46,0,0.554,,,,
54811,20170525,-88.85,41.84,0.379,0.66,0,0.702,0.405,0.48,0,0.601,0.377,0.29,0,0.292,0.403,0.38,0,0.911,,,,,0.392,0.61,0,0.696,,,,
54811,20170526,-88.85,41.84,0.398,0.82,0,0.845,0.417,0.59,0,0.744,0.378,0.31,0,0.435,0.403,0.38,0,0.899,,,,,0.408,0.76,0,0.839,,,,
54811,20170527,-88.85,41.84,0.419,0.99,0,0.988,0.434,0.75,0,0.887,0.383,0.36,0,0.577,0.404,0.4,0,0.935,,,,,0.427,0.93,0,0.982,,,,
54811,20170528,-88.85,41.84,0.426,1.06,0,1,0.447,0.87,0,1,0.389,0.42,0,0.72,0.407,0.44,0,0.946,,,,,0.436,1.03,0,1,,,,
54811,20170529,-88.85,41.84,0.425,1.08,0,1,0.449,0.92,0,1,0.392,0.47,0,0.863,0.409,0.48,0,0.946,,,,,0.437,1.05,0,1,,,,
54811,20170530,-88.85,41.84,0.423,1.07,0,1,0.45,0.95,0,1,0.395,0.5,0,0.952,0.411,0.51,0,0.952,,,,,0.436,1.06,0,1,,,,
54811,20170531,-88.85,41.84,0.409,0.99,0,1,0.446,0.95,0,1,0.396,0.53,0,1,0.413,0.53,0,0.952,,,,,0.427,1.01,0,1,,,,
54811,20170601,-88.85,41.84,0.39,0.87,0,0.881,0.437,0.91,0,1,0.396,0.55,0,1,0.414,0.54,0,0.958,,,,,0.413,0.92,0,1,,,,
54811,20170602,-88.85,41.84,0.371,0.74,0,0.756,0.426,0.86,0,0.963,0.395,0.56,0,1,0.414,0.55,0,0.976,,,,,0.399,0.82,0,0.884,,,,
54811,20170603,-88.85,41.84,0.343,0.55,0,0.61,0.407,0.74,0,0.829,0.39,0.54,0,1,0.412,0.53,0,1,,,,,0.375,0.65,0,0.738,,,,
54811,20170604,-88.85,41.84,0.314,0.35,0,0.463,0.386,0.6,0,0.683,0.383,0.5,0,1,0.408,0.48,0,0.994,,,,,0.35,0.48,0,0.591,,,,
54811,20170605,-88.85,41.84,0.286,0.17,0,0.317,0.364,0.46,0,0.537,0.375,0.46,0,0.976,0.404,0.42,0,0.957,,,,,0.325,0.31,0,0.445,,,,
54811,20170606,-88.85,41.84,0.262,0.02,0,0.171,0.343,0.32,0,0.39,0.368,0.42,0,0.841,0.399,0.36,0,0.835,,,,,0.302,0.15,0,0.299,,,,
54811,20170607,-88.85,41.84,0.243,-0.11,0.037,0.024,0.323,0.18,0,0.244,0.359,0.37,0,0.695,0.393,0.28,0,0.689,,,,,0.283,0.02,0,0.152,,,,
54811,20170608,-88.85,41.84,0.227,-0.2,0.171,0,0.306,0.06,0,0.098,0.351,0.32,0,0.549,0.387,0.2,0,0.543,,,,,0.266,-0.09,0,0.006,,,,
54811,20170609,-88.85,41.84,0.216,-0.27,0.31,0,0.293,-0.03,0,0.012,0.343,0.28,0,0.417,0.382,0.13,0,0.411,,,,,0.254,-0.17,0.006,0,,,,
54811,20170610,-88.85,41.84,0.206,-0.33,0.452,0,0.282,-0.11,0,0,0.335,0.23,0,0.274,0.375,0.04,0,0.268,,,,,0.244,-0.24,0.06,0,,,,
54811,20170611,-88.85,41.84,0.197,-0.38,0.595,0,0.272,-0.17,0,0,0.327,0.18,0,0.131,0.37,-0.03,0,0.131,,,,,0.235,-0.3,0.19,0,,,,
54811,20170612,-88.85,41.84,0.191,-0.42,0.738,0,0.265,-0.22,0,0,0.32,0.13,0,0.012,0.365,-0.1,0,0.024,,,,,0.228,-0.34,0.333,0,,,,
54811,20170613,-88.85,41.84,0.186,-0.45,0.881,0,0.259,-0.26,0,0,0.314,0.09,0,0,0.36,-0.16,0,0,,,,,0.223,-0.38,0.476,0,,,,
54811,20170614,-88.85,41.84,0.182,-0.48,0.988,0,0.255,-0.29,0,0,0.309,0.06,0,0,0.356,-0.21,0,0,,,,,0.218,-0.41,0.619,0,,,,
54811,20170615,-88.85,41.84,0.179,-0.51,1,0,0.252,-0.3,0,0,0.306,0.03,0,0,0.354,-0.24,0,0,,,,,0.215,-0.43,0.762,0,,,,
54811,20170616,-88.85,41.84,0.18,-0.51,0.958,0,0.252,-0.31,0,0,0.302,0.01,0,0,0.352,-0.26,0,0,,,,,0.216,-0.43,0.851,0,,,,
54811,20170617,-88.85,41.84,0.195,-0.43,0.815,0,0.258,-0.27,0,0,0.3,-0.01,0,0,0.351,-0.27,0,0,,,,,0.227,-0.37,0.798,0,,,,
54811,20170618,-88.85,41.84,0.217,-0.31,0.673,0.065,0.267,-0.21,0,0,0.298,-0.02,0,0,0.35,-0.27,0,0,,,,,0.242,-0.27,0.667,0.065,,,,
54811,20170619,-88.85,41.84,0.242,-0.17,0.53,0.19,0.278,-0.13,0,0,0.296,-0.03,0,0,0.349,-0.27,0,0,,,,,0.26,-0.16,0.524,0.125,,,,
54811,20170620,-88.85,41.84,0.266,-0.04,0.387,0.268,0.289,-0.05,0,0,0.295,-0.04,0,0,0.348,-0.27,0,0,,,,,0.278,-0.05,0.381,0.131,,,,
54811,20170621,-88.85,41.84,0.294,0.12,0.244,0.411,0.301,0.02,0,0,0.295,-0.04,0,0,0.348,-0.25,0,0,,,,,0.298,0.07,0.238,0.208,,,,
54811,20170622,-88.85,41.84,0.322,0.26,0.101,0.542,0.312,0.1,0,0,0.294,-0.04,0,0,0.348,-0.23,0,0,,,,,0.317,0.19,0.095,0.208,,,,
54811,20170623,-88.85,41.84,0.345,0.38,0,0.577,0.322,0.16,0,0.012,0.294,-0.04,0,0,0.348,-0.22,0,0,,,,,0.333,0.28,0,0.226,,,,
54811,20170624,-88.85,41.84,0.36,0.45,0,0.72,0.33,0.22,0,0.071,0.296,-0.03,0,0,0.348,-0.19,0,0,,,,,0.345,0.35,0,0.369,,,,
54811,20170625,-88.85,41.84,0.364,0.46,0,0.762,0.333,0.24,0,0.071,0.298,-0.01,0,0,0.349,-0.17,0,0,,,,,0.349,0.36,0,0.339,,,,
54811,20170626,-88.85,41.84,0.361,0.44,0,0.637,0.333,0.23,0,0.071,0.299,0,0,0,0.348,-0.15,0,0,,,,,0.347,0.34,0,0.28,,,,
54811,20170627,-88.85,41.84,0.354,0.39,0,0.56,0.331,0.22,0,0.071,0.3,0.01,0,0,0.348,-0.14,0,0,,,,,0.343,0.31,0,0.274,,,,
54811,20170628,-88.85,41.84,0.341,0.31,0,0.417,0.328,0.19,0,0.071,0.301,0.02,0,0,0.348,-0.13,0,0,,,,,0.335,0.25,0,0.196,,,,
54811,20170629,-88.85,41.84,0.338,0.29,0,0.327,0.324,0.16,0,0.071,0.302,0.03,0,0,0.347,-0.13,0,0,,,,,0.331,0.23,0,0.196,,,,
54811,20170630,-88.85,41.84,0.336,0.28,0,0.321,0.32,0.13,0,0.06,0.303,0.03,0,0,0.346,-0.13,0,0,,,,,0.328,0.2,0,0.179,,,,
54811,20170701,-88.85,41.84,0.327,0.23,0,0.179,0.311,0.07,0,0,0.302,0.03,0,0,0.345,-0.13,0,0,,,,,0.319,0.15,0,0.036,,,,
54811,20170702,-88.85,41.84,0.32,0.19,0,0.071,0.305,0.02,0,0,0.302,0.02,0,0,0.345,-0.13,0,0,,,,,0.312,0.1,0,0,,,,
54811,20170703,-88.85,41.84,0.312,0.15,0,0.071,0.299,-0.03,0,0,0.301,0.01,0,0,0.344,-0.13,0,0,,,,,0.305,0.05,0,0,,,,
54811,20170704,-88.85,41.84,0.305,0.1,0,0.071,0.293,-0.07,0,0,0.3,0,0,0,0.343,-0.12,0,0,,,,,0.299,0,0,0,,,,
54811,20170705,-88.85,41.84,0.298,0.06,0,0.071,0.288,-0.11,0,0,0.3,0,0,0,0.343,-0.11,0,0,,,,,0.293,-0.04,0,0,,,,
54811,20170706,-88.85,41.84,0.281,-0.05,0.125,0.03,0.284,-0.14,0,0,0.299,-0.01,0,0,0.342,-0.1,0,0,,,,,0.282,-0.11,0.012,0,,,,
54811,20170707,-88.85,41.84,0.261,-0.17,0.268,0,0.279,-0.18,0,0,0.298,-0.02,0,0,0.342,-0.1,0,0,,,,,0.27,-0.2,0.149,0,,,,
54811,20170708,-88.85,41.84,0.24,-0.31,0.411,0,0.273,-0.23,0,0,0.297,-0.03,0,0,0.341,-0.1,0.012,0,,,,,0.257,-0.3,0.292,0,,,,
54811,20170709,-88.85,41.84,0.222,-0.44,0.554,0,0.267,-0.27,0.024,0,0.296,-0.05,0,0,0.34,-0.1,0.012,0,,,,,0.244,-0.4,0.435,0,,,,
54811,20170710,-88.85,41.84,0.209,-0.54,0.685,0.006,0.262,-0.31,0.155,0,0.294,-0.06,0,0,0.338,-0.12,0.024,0,,,,,0.235,-0.47,0.565,0.006,,,,
54811,20170711,-88.85,41.84,0.221,-0.45,0.685,0.137,0.267,-0.28,0.155,0,0.298,-0.02,0,0,0.337,-0.13,0.054,0,,,,,0.244,-0.4,0.565,0.006,,,,
54811,20170712,-88.85,41.84,0.232,-0.36,0.685,0.137,0.271,-0.24,0.155,0,0.302,0.04,0,0,0.335,-0.15,0.089,0,,,,,0.252,-0.34,0.565,0.006,,,,
54811,20170713,-88.85,41.84,0.256,-0.17,0.56,0.256,0.28,-0.17,0.155,0.024,0.308,0.1,0,0.113,0.334,-0.16,0.095,0,,,,,0.268,-0.2,0.554,0.125,,,,
54811,20170714,-88.85,41.84,0.282,0.03,0.417,0.399,0.292,-0.07,0.155,0.083,0.315,0.19,0,0.256,0.332,-0.16,0.095,0,,,,,0.287,-0.04,0.417,0.268,,,,
54811,20170715,-88.85,41.84,0.307,0.23,0.274,0.542,0.303,0.02,0.155,0.083,0.321,0.27,0,0.399,0.332,-0.17,0.083,0,,,,,0.305,0.11,0.274,0.411,,,,
54811,20170716,-88.85,41.84,0.33,0.42,0.131,0.685,0.313,0.11,0.131,0.083,0.328,0.35,0,0.542,0.331,-0.17,0.083,0,,,,,0.322,0.26,0.131,0.518,,,,
54811,20170717,-88.85,41.84,0.355,0.63,0,0.821,0.324,0.2,0,0.083,0.334,0.43,0,0.685,0.331,-0.16,0.077,0,,,,,0.34,0.42,0,0.655,,,,
54811,20170718,-88.85,41.84,0.356,0.65,0,0.833,0.325,0.22,0,0.083,0.335,0.46,0,0.827,0.331,-0.16,0.048,0,,,,,0.341,0.44,0,0.744,,,,
54811,20170719,-88.85,41.84,0.358,0.68,0,0.952,0.326,0.23,0,0.083,0.336,0.47,0,0.97,0.331,-0.15,0.012,0,,,,,0.342,0.46,0,0.744,,,,
54811,20170720,-88.85,41.84,0.357,0.69,0,0.899,0.331,0.28,0,0.125,0.341,0.54,0,0.994,0.331,-0.14,0.006,0,,,,,0.344,0.5,0,0.69,,,,
54811,20170721,-88.85,41.84,0.365,0.77,0,0.899,0.344,0.41,0,0.208,0.351,0.66,0,0.994,0.34,-0.01,0.006,0.131,,,,,0.355,0.61,0,0.69,,,,
54811,20170722,-88.85,41.84,0.379,0.9,0,0.899,0.361,0.56,0,0.351,0.362,0.79,0,0.994,0.353,0.16,0.006,0.274,,,,,0.37,0.76,0,0.69,,,,
54811,20170723,-88.85,41.84,0.394,1.05,0,0.899,0.379,0.73,0,0.494,0.374,0.92,0,0.994,0.368,0.36,0.006,0.417,,,,,0.387,0.92,0,0.726,,,,
54811,20170724,-88.85,41.84,0.403,1.14,0,0.899,0.395,0.89,0,0.637,0.384,1.02,0,0.994,0.383,0.55,0,0.56,,,,,0.399,1.05,0,0.726,,,,
54811,20170725,-88.85,41.84,0.41,1.22,0,0.899,0.41,1.03,0,0.78,0.393,1.12,0,0.994,0.396,0.72,0,0.702,,,,,0.41,1.16,0,0.78,,,,
54811,20170726,-88.85,41.84,0.418,1.29,0,0.923,0.426,1.17,0,0.923,0.402,1.22,0,0.994,0.409,0.89,0,0.845,,,,,0.422,1.27,0,0.923,,,,
54811,20170727,-88.85,41.84,0.421,1.33,0,1,0.436,1.27,0,1,0.406,1.26,0,1,0.423,1.07,0,0.988,,,,,0.428,1.34,0,1,,,,
54811,20170728,-88.85,41.84,0.421,1.33,0,1,0.437,1.29,0,1,0.406,1.26,0,1,0.429,1.15,0,1,,,,,0.429,1.35,0,1,,,,
54811,20170729,-88.85,41.84,0.415,1.28,0,1,0.435,1.28,0,1,0.403,1.23,0,1,0.43,1.17,0,1,,,,,0.425,1.32,0,1,,,,
54811,20170730,-88.85,41.84,0.405,1.21,0,1,0.431,1.25,0,1,0.4,1.19,0,1,0.427,1.14,0,1,,,,,0.418,1.26,0,1,,,,
54811,20170731,-88.85,41.84,0.395,1.13,0,1,0.427,1.23,0,1,0.398,1.16,0,1,0.425,1.12,0,1,,,,,0.411,1.21,0,1,,,,
54811,20170801,-88.85,41.84,0.384,1.05,0,1,0.423,1.21,0,1,0.396,1.13,0,1,0.423,1.11,0,1,,,,,0.404,1.16,0,1,,,,
54811,20170802,-88.85,41.84,0.374,0.98,0,0.994,0.419,1.18,0,1,0.395,1.11,0,1,0.422,1.1,0,1,,,,,0.397,1.11,0,1,,,,
54811,20170803,-88.85,41.84,0.357,0.86,0,0.851,0.411,1.12,0,1,0.391,1.07,0,1,0.419,1.07,0,1,,,,,0.384,1.01,0,1,,,,
54811,20170804,-88.85,41.84,0.334,0.68,0,0.708,0.4,1.03,0,1,0.385,1.01,0,1,0.414,1.01,0,1,,,,,0.367,0.87,0,1,,,,
54811,20170805,-88.85,41.84,0.312,0.52,0,0.565,0.39,0.95,0,1,0.381,0.96,0,1,0.411,0.97,0,1,,,,,0.351,0.73,0,0.881,,,,
54811,20170806,-88.85,41.84,0.293,0.37,0,0.423,0.38,0.87,0,1,0.376,0.91,0,1,0.408,0.93,0,1,,,,,0.337,0.61,0,0.738,,,,
54811,20170807,-88.85,41.84,0.277,0.24,0,0.28,0.371,0.78,0,1,0.372,0.87,0,1,0.404,0.91,0,1,,,,,0.324,0.49,0,0.595,,,,
54811,20170808,-88.85,41.84,0.263,0.12,0,0.137,0.361,0.7,0,0.994,0.367,0.83,0,1,0.402,0.88,0,1,,,,,0.312,0.39,0,0.452,,,,
54811,20170809,-88.85,41.84,0.251,0.01,0,0,0.351,0.61,0,0.863,0.362,0.78,0,1,0.399,0.86,0,1,,,,,0.301,0.29,0,0.31,,,,
54811,20170810,-88.85,41.84,0.24,-0.08,0,0,0.343,0.53,0,0.72,0.357,0.74,0,1,0.396,0.83,0,1,,,,,0.291,0.19,0,0.167,,,,
54811,20170811,-88.85,41.84,0.23,-0.17,0.095,0,0.334,0.46,0,0.577,0.352,0.7,0,1,0.393,0.81,0,1,,,,,0.282,0.11,0,0.024,,,,
54811,20170812,-88.85,41.84,0.222,-0.24,0.238,0,0.326,0.38,0,0.435,0.348,0.65,0,1,0.39,0.79,0,1,,,,,0.274,0.03,0,0,,,,
54811,20170813,-88.85,41.84,0.214,-0.3,0.381,0,0.318,0.31,0,0.292,0.343,0.61,0,1,0.388,0.77,0,1,,,,,0.266,-0.04,0,0,,,,
54811,20170814,-88.85,41.84,0.207,-0.36,0.524,0,0.311,0.25,0,0.149,0.338,0.56,0,0.994,0.385,0.74,0,1,,,,,0.259,-0.1,0,0,,,,
54811,20170815,-88.85,41.84,0.2,-0.41,0.667,0,0.304,0.19,0,0.012,0.333,0.51,0,0.911,0.382,0.71,0,1,,,,,0.252,-0.15,0,0,,,,
54811,20170816,-88.85,41.84,0.195,-0.45,0.81,0,0.299,0.14,0,0,0.329,0.47,0,0.768,0.38,0.69,0,1,,,,,0.247,-0.2,0.006,0,,,,
54811,20170817,-88.85,41.84,0.208,-0.33,0.863,0.089,0.305,0.21,0,0.089,0.331,0.48,0,0.685,0.378,0.66,0,1,,,,,0.257,-0.09,0.006,0.089,,,,
54811,20170818,-88.85,41.84,0.231,-0.11,0.768,0.232,0.321,0.35,0,0.232,0.34,0.55,0,0.685,0.376,0.64,0,1,,,,,0.276,0.1,0.006,0.232,,,,
54811,20170819,-88.85,41.84,0.252,0.08,0.625,0.375,0.336,0.49,0,0.375,0.347,0.61,0,0.685,0.374,0.63,0,1,,,,,0.294,0.28,0.006,0.375,,,,
54811,20170820,-88.85,41.84,0.27,0.24,0.482,0.518,0.35,0.62,0,0.518,0.354,0.66,0,0.685,0.372,0.6,0,1,,,,,0.31,0.44,0.006,0.518,,,,
54811,20170821,-88.85,41.84,0.286,0.39,0.339,0.661,0.364,0.74,0,0.661,0.362,0.72,0,0.69,0.371,0.58,0,1,,,,,0.325,0.58,0.006,0.661,,,,
54811,20170822,-88.85,41.84,0.302,0.53,0.196,0.786,0.378,0.87,0,0.804,0.37,0.78,0,0.774,0.371,0.57,0,1,,,,,0.34,0.72,0.006,0.804,,,,
54811,20170823,-88.85,41.84,0.317,0.67,0.054,0.786,0.392,0.99,0,0.946,0.378,0.84,0,0.917,0.37,0.55,0,1,,,,,0.355,0.86,0,0.946,,,,
54811,20170824,-88.85,41.84,0.312,0.62,0,0.696,0.394,1,0,1,0.379,0.84,0,1,0.37,0.52,0,1,,,,,0.353,0.85,0,0.988,,,,
54811,20170825,-88.85,41.84,0.296,0.46,0,0.554,0.386,0.91,0,1,0.374,0.78,0,1,0.37,0.48,0,0.923,,,,,0.341,0.73,0,0.857,,,,
54811,20170826,-88.85,41.84,0.281,0.33,0,0.411,0.378,0.83,0,1,0.37,0.72,0,1,0.369,0.43,0,0.827,,,,,0.329,0.62,0,0.714,,,,
54811,20170827,-88.85,41.84,0.269,0.22,0,0.268,0.37,0.76,0,1,0.365,0.66,0,1,0.369,0.39,0,0.714,,,,,0.32,0.52,0,0.571,,,,
54811,20170828,-88.85,41.84,0.259,0.14,0,0.125,0.364,0.7,0,1,0.362,0.62,0,1,0.369,0.35,0,0.577,,,,,0.311,0.45,0,0.429,,,,
54811,20170829,-88.85,41.84,0.25,0.06,0,0,0.357,0.64,0,1,0.358,0.57,0,0.994,0.368,0.31,0,0.435,,,,,0.304,0.38,0,0.286,,,,
54811,20170830,-88.85,41.84,0.243,0,0,0,0.35,0.58,0,0.923,0.354,0.52,0,0.94,0.367,0.27,0,0.292,,,,,0.296,0.31,0,0.143,,,,
54811,20170831,-88.85,41.84,0.238,-0.05,0,0,0.343,0.52,0,0.81,0.351,0.48,0,0.798,0.366,0.24,0,0.149,,,,,0.29,0.26,0,0.012,,,,
54811,20170901,-88.85,41.84,0.233,-0.09,0,0,0.337,0.48,0,0.69,0.347,0.44,0,0.655,0.365,0.22,0,0.083,,,,,0.285,0.22,0,0,,,,
54811,20170902,-88.85,41.84,0.228,-0.12,0,0,0.332,0.44,0,0.548,0.344,0.41,0,0.512,0.364,0.2,0,0.036,,,,,0.28,0.18,0,0,,,,
54811,20170903,-88.85,41.84,0.224,-0.15,0.107,0,0.327,0.4,0,0.405,0.341,0.38,0,0.369,0.363,0.18,0,0.006,,,,,0.275,0.15,0,0,,,,
54811,20170904,-88.85,41.84,0.218,-0.2,0.25,0,0.322,0.37,0,0.262,0.337,0.35,0,0.226,0.361,0.15,0,0,,,,,0.27,0.12,0,0,,,,
54811,20170905,-88.85,41.84,0.211,-0.25,0.393,0,0.317,0.33,0,0.119,0.333,0.32,0,0.089,0.36,0.13,0,0,,,,,0.264,0.08,0,0,,,,
54811,20170906,-88.85,41.84,0.203,-0.31,0.536,0,0.311,0.3,0,0.054,0.329,0.3,0,0,0.358,0.11,0,0,,,,,0.257,0.04,0,0,,,,
54811,20170907,-88.85,41.84,0.196,-0.37,0.679,0,0.306,0.27,0,0.024,0.325,0.27,0,0,0.357,0.09,0,0,,,,,0.251,-0.01,0,0,,,,
54811,20170908,-88.85,41.84,0.189,-0.43,0.821,0,0.3,0.23,0,0,0.321,0.24,0,0,0.355,0.08,0,0,,,,,0.244,-0.05,0,0,,,,
54811,20170909,-88.85,41.84,0.183,-0.48,0.964,0,0.294,0.21,0,0,0.317,0.22,0,0,0.353,0.06,0,0,,,,,0.239,-0.09,0,0,,,,
54811,20170910,-88.85,41.84,0.178,-0.52,1,0,0.29,0.18,0,0,0.313,0.2,0,0,0.352,0.04,0,0,,,,,0.234,-0.13,0,0,,,,
54811,20170911,-88.85,41.84,0.172,-0.56,1,0,0.285,0.16,0,0,0.31,0.17,0,0,0.351,0.03,0,0,,,,,0.229,-0.17,0.036,0,,,,
54811,20170912,-88.85,41.84,0.168,-0.6,1,0,0.28,0.14,0,0,0.306,0.14,0,0,0.349,0.02,0,0,,,,,0.224,-0.21,0.131,0,,,,
54811,20170913,-88.85,41.84,0.164,-0.63,1,0,0.276,0.11,0,0,0.302,0.12,0,0,0.348,0.01,0,0,,,,,0.22,-0.25,0.262,0,,,,
54811,20170914,-88.85,41.84,0.16,-0.65,1,0,0.272,0.09,0,0,0.299,0.09,0,0,0.346,0,0,0,,,,,0.216,-0.28,0.405,0,,,,
54811,20170915,-88.85,41.84,0.157,-0.66,1,0,0.269,0.07,0,0,0.296,0.07,0,0,0.345,-0.01,0,0,,,,,0.213,-0.3,0.548,0,,,,
54811,20170916,-88.85,41.84,0.154,-0.67,1,0,0.266,0.05,0,0,0.293,0.05,0,0,0.344,-0.01,0,0,,,,,0.21,-0.32,0.69,0,,,,
54811,20170917,-88.85,41.84,0.152,-0.67,1,0,0.264,0.04,0,0,0.29,0.04,0,0,0.343,-0.02,0,0,,,,,0.208,-0.34,0.833,0,,,,
54811,20170918,-88.85,41.84,0.15,-0.68,1,0,0.261,0.02,0,0,0.288,0.02,0,0,0.343,-0.02,0,0,,,,,0.206,-0.35,0.94,0,,,,
54811,20170919,-88.85,41.84,0.149,-0.68,1,0,0.259,0,0,0,0.286,0.01,0,0,0.342,-0.03,0,0,,,,,0.204,-0.37,0.988,0,,,,
54811,20170920,-88.85,41.84,0.147,-0.69,1,0,0.257,-0.01,0,0,0.283,0,0,0,0.341,-0.03,0,0,,,,,0.202,-0.37,1,0,,,,
54811,20170921,-88.85,41.84,0.147,-0.69,1,0,0.255,-0.02,0,0,0.282,-0.01,0,0,0.34,-0.03,0,0,,,,,0.201,-0.38,1,0,,,,
54811,20170922,-88.85,41.84,0.146,-0.7,1,0,0.254,-0.02,0,0,0.28,-0.02,0,0,0.34,-0.03,0,0,,,,,0.2,-0.38,1,0,,,,
54811,20170923,-88.85,41.84,0.145,-0.71,1,0,0.252,-0.03,0,0,0.278,-0.03,0,0,0.34,-0.03,0,0,,,,,0.198,-0.38,1,0,,,,
54811,20170924,-88.85,41.84,0.144,-0.72,1,0,0.25,-0.04,0,0,0.277,-0.03,0,0,0.339,-0.02,0,0,,,,,0.197,-0.39,1,0,,,,
54811,20170925,-88.85,41.84,0.143,-0.73,1,0,0.249,-0.05,0,0,0.275,-0.04,0,0,0.339,-0.03,0,0,,,,,0.196,-0.4,1,0,,,,
54811,20170926,-88.85,41.84,0.142,-0.73,1,0,0.248,-0.06,0,0,0.273,-0.05,0,0,0.339,-0.02,0,0,,,,,0.195,-0.41,1,0,,,,
54811,20170927,-88.85,41.84,0.141,-0.74,1,0,0.246,-0.07,0,0,0.272,-0.06,0,0,0.338,-0.02,0,0,,,,,0.194,-0.42,1,0,,,,
54811,20170928,-88.85,41.84,0.14,-0.75,1,0,0.244,-0.09,0,0,0.27,-0.07,0,0,0.338,-0.02,0,0,,,,,0.192,-0.44,1,0,,,,
54811,20170929,-88.85,41.84,0.138,-0.76,1,0,0.241,-0.11,0,0,0.267,-0.09,0,0,0.336,-0.03,0,0,,,,,0.189,-0.46,1,0,,,,
54811,20170930,-88.85,41.84,0.136,-0.77,1,0,0.238,-0.14,0,0,0.264,-0.11,0,0,0.335,-0.03,0,0,,,,,0.187,-0.48,1,0,,,,
54811,20171001,-88.85,41.84,0.134,-0.77,1,0,0.234,-0.17,0,0,0.262,-0.14,0,0,0.334,-0.04,0,0,,,,,0.184,-0.51,1,0,,,,
54811,20171002,-88.85,41.84,0.132,-0.78,1,0,0.231,-0.21,0,0,0.259,-0.16,0,0,0.333,-0.05,0,0,,,,,0.182,-0.53,1,0,,,,
54811,20171003,-88.85,41.84,0.131,-0.78,1,0,0.229,-0.24,0,0,0.257,-0.18,0,0,0.331,-0.06,0,0,,,,,0.18,-0.55,1,0,,,,
54811,20171004,-88.85,41.84,0.13,-0.78,1,0,0.226,-0.27,0.03,0,0.255,-0.19,0,0,0.329,-0.07,0,0,,,,,0.178,-0.56,1,0,,,,
54811,20171005,-88.85,41.84,0.129,-0.77,1,0,0.227,-0.28,0.03,0,0.253,-0.21,0,0,0.328,-0.09,0,0,,,,,0.178,-0.56,1,0,,,,
54811,20171006,-88.85,41.84,0.129,-0.78,1,0,0.227,-0.29,0.048,0,0.252,-0.22,0,0,0.327,-0.09,0,0,,,,,0.178,-0.57,1,0,,,,
54811,20171007,-88.85,41.84,0.132,-0.75,1,0,0.228,-0.3,0.095,0,0.252,-0.23,0,0,0.326,-0.1,0,0,,,,,0.18,-0.55,0.958,0,,,,
54811,20171008,-88.85,41.84,0.142,-0.69,0.911,0,0.232,-0.29,0.095,0,0.251,-0.23,0,0,0.325,-0.1,0,0,,,,,0.187,-0.51,0.815,0,,,,
54811,20171009,-88.85,41.84,0.15,-0.64,0.911,0,0.235,-0.29,0.095,0,0.251,-0.24,0,0,0.324,-0.1,0,0,,,,,0.192,-0.47,0.696,0,,,,
54811,20171010,-88.85,41.84,0.156,-0.6,0.911,0,0.237,-0.3,0.173,0,0.251,-0.25,0,0,0.324,-0.1,0,0,,,,,0.197,-0.45,0.696,0,,,,
54811,20171011,-88.85,41.84,0.179,-0.46,0.827,0.077,0.253,-0.22,0.202,0.06,0.26,-0.2,0,0.048,0.324,-0.09,0,0,,,,,0.216,-0.33,0.613,0.065,,,,
54811,20171012,-88.85,41.84,0.213,-0.23,0.685,0.22,0.278,-0.07,0.202,0.202,0.28,-0.04,0,0.19,0.323,-0.09,0,0,,,,,0.245,-0.14,0.47,0.208,,,,
54811,20171013,-88.85,41.84,0.244,-0.03,0.542,0.363,0.303,0.07,0.185,0.345,0.299,0.1,0,0.333,0.324,-0.08,0,0,,,,,0.274,0.03,0.327,0.351,,,,
54811,20171014,-88.85,41.84,0.274,0.16,0.399,0.506,0.328,0.21,0.137,0.488,0.319,0.24,0,0.476,0.328,-0.04,0,0.024,,,,,0.301,0.19,0.226,0.494,,,,
54811,20171015,-88.85,41.84,0.309,0.37,0.345,0.649,0.36,0.4,0.137,0.631,0.345,0.43,0,0.619,0.346,0.15,0,0.167,,,,,0.335,0.39,0.226,0.637,,,,
54811,20171016,-88.85,41.84,0.337,0.54,0.202,0.792,0.388,0.56,0.137,0.774,0.366,0.58,0,0.762,0.361,0.3,0,0.31,,,,,0.362,0.56,0.202,0.78,,,,
54811,20171017,-88.85,41.84,0.364,0.7,0.06,0.935,0.413,0.72,0.06,0.917,0.386,0.72,0,0.905,0.374,0.44,0,0.452,,,,,0.389,0.71,0.06,0.923,,,,
54811,20171018,-88.85,41.84,0.373,0.74,0,1,0.426,0.78,0,1,0.396,0.78,0,1,0.387,0.57,0,0.595,,,,,0.399,0.76,0,1,,,,
54811,20171019,-88.85,41.84,0.368,0.69,0,1,0.425,0.76,0,1,0.394,0.74,0,1,0.4,0.69,0,0.738,,,,,0.397,0.72,0,1,,,,
54811,20171020,-88.85,41.84,0.364,0.64,0,0.869,0.425,0.75,0,1,0.393,0.71,0,1,0.411,0.8,0,0.881,,,,,0.394,0.69,0,1,,,,
54811,20171021,-88.85,41.84,0.356,0.58,0,0.726,0.423,0.72,0,1,0.391,0.67,0,1,0.418,0.87,0,1,,,,,0.39,0.64,0,0.905,,,,
54811,20171022,-88.85,41.84,0.335,0.42,0,0.583,0.411,0.64,0,1,0.382,0.59,0,1,0.411,0.79,0,1,,,,,0.373,0.51,0,0.762,,,,
54811,20171023,-88.85,41.84,0.325,0.33,0,0.44,0.405,0.58,0,1,0.378,0.54,0,1,0.408,0.74,0,1,,,,,0.365,0.44,0,0.637,,,,
54811,20171024,-88.85,41.84,0.325,0.29,0,0.351,0.401,0.54,0,1,0.375,0.51,0,1,0.405,0.71,0,1,,,,,0.363,0.4,0,0.595,,,,
54811,20171025,-88.85,41.84,0.333,0.32,0,0.351,0.407,0.61,0,1,0.38,0.55,0,1,0.406,0.71,0,1,,,,,0.37,0.45,0,0.595,,,,
54811,20171026,-88.85,41.84,0.339,0.32,0,0.351,0.411,0.67,0,1,0.381,0.57,0,1,0.407,0.71,0,1,,,,,0.375,0.47,0,0.595,,,,
54811,20171027,-88.85,41.84,0.345,0.33,0,0.399,0.415,0.72,0,1,0.383,0.59,0,1,0.409,0.71,0,1,,,,,0.38,0.48,0,0.595,,,,
54811,20171028,-88.85,41.84,0.351,0.34,0,0.399,0.419,0.77,0,1,0.383,0.6,0,1,0.409,0.69,0,1,,,,,0.385,0.5,0,0.69,,,,
54811,20171029,-88.85,41.84,0.358,0.36,0,0.401,0.422,0.82,0,1,0.384,0.61,0,1,0.409,0.68,0,1,,,,,0.39,0.53,0,0.832,,,,
54811,20171030,-88.85,41.84,0.361,0.36,0,0.401,0.425,0.88,0,1,0.385,0.62,0,1,0.409,0.67,0,1,,,,,0.393,0.55,0,0.952,,,,
54811,20171031,-88.85,41.84,0.356,0.3,0,0.347,0.428,0.94,0,1,0.385,0.63,0,1,0.409,0.66,0,1,,,,,0.392,0.53,0,0.904,,,,
54811,20171101,-88.85,41.84,0.342,0.19,0,0.204,0.42,0.88,0,1,0.379,0.57,0,1,0.406,0.62,0,1,,,,,0.381,0.43,0,0.76,,,,
54811,20171102,-88.85,41.84,0.333,0.11,0,0.06,0.415,0.84,0,1,0.375,0.54,0,1,0.403,0.58,0,1,,,,,0.374,0.37,0,0.617,,,,
54811,20171103,-88.85,41.84,0.326,0.05,0,0,0.41,0.81,0,1,0.373,0.52,0,1,0.4,0.55,0,1,,,,,0.368,0.33,0,0.473,,,,
54811,20171104,-88.85,41.84,0.321,0.01,0,0.006,0.406,0.77,0,1,0.371,0.49,0,1,0.399,0.52,0,1,,,,,0.364,0.28,0,0.335,,,,
54811,20171105,-88.85,41.84,0.33,0.08,0,0.149,0.407,0.79,0,1,0.373,0.52,0,1,0.397,0.5,0,1,,,,,0.369,0.34,0,0.339,,,,
54811,20171106,-88.85,41.84,0.338,0.14,0,0.292,0.408,0.81,0,1,0.375,0.54,0,1,0.396,0.49,0,1,,,,,0.373,0.39,0,0.345,,,,
54811,20171107,-88.85,41.84,0.345,0.19,0,0.435,0.41,0.83,0,1,0.376,0.56,0,1,0.396,0.48,0,1,,,,,0.377,0.44,0,0.435,,,,
54811,20171108,-88.85,41.84,0.352,0.25,0,0.494,0.412,0.84,0,1,0.377,0.56,0,1,0.395,0.47,0,1,,,,,0.382,0.49,0,0.577,,,,
54811,20171109,-88.85,41.84,0.358,0.29,0,0.494,0.415,0.85,0,1,0.378,0.56,0,1,0.395,0.46,0,1,,,,,0.386,0.53,0,0.72,,,,
54811,20171110,-88.85,41.84,0.362,0.32,0,0.494,0.417,0.87,0,1,0.379,0.56,0,1,0.395,0.45,0,1,,,,,0.39,0.56,0,0.863,,,,
54811,20171111,-88.85,41.84,0.365,0.33,0,0.488,0.421,0.9,0,1,0.379,0.54,0,0.988,0.394,0.44,0,1,,,,,0.393,0.59,0,0.976,,,,
54811,20171112,-88.85,41.84,0.356,0.24,0,0.345,0.421,0.87,0,1,0.376,0.48,0,0.893,0.394,0.44,0,1,,,,,0.389,0.53,0,0.905,,,,
54811,20171113,-88.85,41.84,0.352,0.2,0,0.298,0.422,0.84,0,1,0.373,0.42,0,0.762,0.393,0.42,0,1,,,,,0.387,0.5,0,0.875,,,,
54811,20171114,-88.85,41.84,0.352,0.2,0,0.298,0.422,0.82,0,1,0.371,0.38,0,0.655,0.392,0.4,0,1,,,,,0.387,0.5,0,0.875,,,,
54811,20171115,-88.85,41.84,0.353,0.22,0,0.381,0.423,0.79,0,1,0.37,0.35,0,0.56,0.391,0.39,0,1,,,,,0.388,0.51,0,0.875,,,,
54811,20171116,-88.85,41.84,0.361,0.33,0,0.524,0.428,0.82,0,1,0.372,0.36,0,0.554,0.39,0.37,0,1,,,,,0.394,0.59,0,0.875,,,,
54811,20171117,-88.85,41.84,0.367,0.4,0,0.667,0.432,0.84,0,1,0.374,0.37,0,0.554,0.39,0.36,0,1,,,,,0.399,0.65,0,0.875,,,,
54811,20171118,-88.85,41.84,0.373,0.49,0,0.81,0.436,0.85,0,1,0.375,0.38,0,0.565,0.39,0.35,0,1,,,,,0.405,0.7,0,0.899,,,,
54811,20171119,-88.85,41.84,0.386,0.65,0,0.952,0.444,0.9,0,1,0.38,0.44,0,0.661,0.392,0.36,0,1,,,,,0.415,0.82,0,0.97,,,,
54811,20171120,-88.85,41.84,0.391,0.71,0,1,0.449,0.92,0,1,0.383,0.46,0,0.792,0.395,0.37,0,1,,,,,0.42,0.87,0,1,,,,
54811,20171121,-88.85,41.84,0.393,0.74,0,1,0.451,0.91,0,1,0.385,0.47,0,0.899,0.397,0.37,0,1,,,,,0.422,0.88,0,1,,,,
54811,20171122,-88.85,41.84,0.395,0.75,0,1,0.454,0.91,0,1,0.386,0.48,0,0.982,0.398,0.37,0,1,,,,,0.425,0.89,0,1,,,,
54811,20171123,-88.85,41.84,0.391,0.68,0,1,0.454,0.87,0,1,0.384,0.44,0,0.887,0.399,0.38,0,1,,,,,0.422,0.83,0,1,,,,
54811,20171124,-88.85,41.84,0.389,0.65,0,1,0.453,0.83,0,1,0.382,0.4,0,0.744,0.399,0.37,0,1,,,,,0.421,0.8,0,1,,,,
54811,20171125,-88.85,41.84,0.388,0.61,0,1,0.452,0.8,0,1,0.381,0.38,0,0.601,0.399,0.36,0,1,,,,,0.42,0.76,0,1,,,,
54811,20171126,-88.85,41.84,0.381,0.49,0,0.917,0.447,0.72,0,1,0.377,0.31,0,0.458,0.396,0.34,0,1,,,,,0.414,0.66,0,1,,,,
54811,20171127,-88.85,41.84,0.377,0.42,0,0.774,0.445,0.68,0,1,0.374,0.27,0,0.315,0.394,0.32,0,1,,,,,0.411,0.59,0,1,,,,
54811,20171128,-88.85,41.84,0.373,0.36,0,0.631,0.444,0.65,0,1,0.372,0.24,0,0.173,0.392,0.3,0,1,,,,,0.409,0.54,0,1,,,,
54811,20171129,-88.85,41.84,0.37,0.29,0,0.488,0.442,0.62,0,1,0.371,0.22,0,0.042,0.391,0.28,0,1,,,,,0.406,0.48,0,0.958,,,,
54811,20171130,-88.85,41.84,0.366,0.22,0,0.345,0.44,0.59,0,1,0.37,0.2,0,0,0.39,0.26,0,1,,,,,0.403,0.42,0,0.815,,,,
54811,20171201,-88.85,41.84,0.361,0.13,0,0.202,0.438,0.57,0,1,0.369,0.18,0,0,0.389,0.24,0,0.988,,,,,0.399,0.35,0,0.673,,,,
54811,20171202,-88.85,41.84,0.356,0.03,0.006,0.06,0.436,0.54,0,1,0.368,0.16,0,0,0.388,0.23,0,0.964,,,,,0.396,0.28,0,0.53,,,,
54811,20171203,-88.85,41.84,0.35,-0.08,0.113,0,0.434,0.52,0,0.994,0.367,0.15,0,0,0.387,0.22,0,0.929,,,,,0.392,0.21,0,0.387,,,,
54811,20171204,-88.85,41.84,0.344,-0.19,0.256,0,0.431,0.48,0,0.946,0.366,0.13,0,0,0.386,0.2,0,0.875,,,,,0.387,0.13,0,0.244,,,,
54811,20171205,-88.85,41.84,0.34,-0.26,0.339,0,0.429,0.46,0,0.923,0.365,0.12,0,0,0.386,0.19,0,0.821,,,,,0.385,0.08,0,0.107,,,,
54811,20171206,-88.85,41.84,0.341,-0.28,0.339,0,0.428,0.45,0,0.923,0.365,0.11,0,0,0.386,0.19,0,0.804,,,,,0.385,0.06,0,0.006,,,,
54811,20171207,-88.85,41.84,0.343,-0.29,0.339,0,0.428,0.45,0,0.917,0.364,0.1,0,0,0.385,0.18,0,0.738,,,,,0.385,0.05,0,0.006,,,,
54811,20171208,-88.85,41.84,0.345,-0.29,0.339,0,0.427,0.44,0,0.887,0.364,0.09,0,0,0.385,0.18,0,0.631,,,,,0.386,0.05,0,0.006,,,,
54811,20171209,-88.85,41.84,0.346,-0.3,0.333,0,0.427,0.44,0,0.881,0.363,0.08,0,0,0.384,0.17,0,0.518,,,,,0.386,0.05,0,0.006,,,,
54811,20171210,-88.85,41.84,0.349,-0.29,0.256,0,0.426,0.44,0,0.833,0.362,0.07,0,0,0.383,0.16,0,0.417,,,,,0.388,0.05,0,0.006,,,,
54811,20171211,-88.85,41.84,0.353,-0.27,0.131,0,0.426,0.44,0,0.786,0.362,0.05,0,0,0.382,0.15,0,0.351,,,,,0.39,0.07,0,0.006,,,,
54811,20171212,-88.85,41.84,0.353,-0.3,0.161,0,0.426,0.43,0,0.714,0.36,0.03,0,0,0.381,0.14,0,0.274,,,,,0.39,0.06,0,0,,,,
54811,20171213,-88.85,41.84,0.349,-0.38,0.259,0,0.425,0.41,0,0.595,0.359,0.01,0,0,0.38,0.13,0,0.149,,,,,0.387,0,0.057,0,,,,
54811,20171214,-88.85,41.84,,,,,0.423,0.39,0,0.47,0.358,-0.01,0,0,0.379,0.13,0,0.077,,,,,,,,,,,,
54811,20171215,-88.85,41.84,,,,,0.422,0.37,0,0.393,0.357,-0.03,0,0,0.378,0.12,0,0.054,,,,,,,,,,,,
54811,20171216,-88.85,41.84,,,,,0.418,0.31,0.006,0.262,0.356,-0.05,0,0,0.377,0.12,0,0.048,,,,,,,,,,,,
54811,20171217,-88.85,41.84,,,,,0.416,0.27,0.006,0.173,0.356,-0.06,0,0,0.377,0.11,0,0.042,,,,,,,,,,,,
54811,20171218,-88.85,41.84,,,,,0.415,0.26,0.006,0.131,0.355,-0.07,0,0,0.376,0.11,0,0.018,,,,,,,,,,,,
54811,20171219,-88.85,41.84,,,,,0.414,0.24,0.006,0.095,0.355,-0.07,0,0,0.376,0.1,0,0.006,,,,,,,,,,,,
54811,20171220,-88.85,41.84,,,,,0.413,0.24,0.006,0.095,0.356,-0.08,0,0,0.376,0.1,0,0.006,,,,,,,,,,,,
54811,20171221,-88.85,41.84,,,,,0.414,0.27,0.006,0.202,0.356,-0.08,0,0,0.375,0.09,0,0,,,,,,,,,,,,
54811,20171222,-88.85,41.84,,,,,0.414,0.27,0.006,0.25,0.357,-0.08,0,0,0.375,0.09,0,0,,,,,,,,,,,,
54811,20171223,-88.85,41.84,,,,,0.416,0.31,0,0.28,0.358,-0.07,0,0,0.375,0.08,0,0,,,,,,,,,,,,
54811,20171224,-88.85,41.84,0.327,-1.03,1,0,0.418,0.35,0,0.411,0.358,-0.07,0,0,0.375,0.08,0,0,,,,,0.373,-0.49,0.473,0,,,,
54811,20171225,-88.85,41.84,0.329,-0.99,1,0,0.419,0.37,0,0.476,0.359,-0.07,0,0,0.375,0.08,0,0,,,,,0.374,-0.45,0.409,0,,,,
54811,20171226,-88.85,41.84,0.331,-0.89,1,0,0.417,0.34,0.03,0.476,0.359,-0.08,0,0,0.375,0.07,0,0,,,,,0.375,-0.37,0.119,0,,,,
54811,20171227,-88.85,41.84,,,,,0.415,0.3,0.092,0.497,0.359,-0.09,0,0,0.375,0.07,0,0,,,,,,,,,,,,
54811,20171228,-88.85,41.84,,,,,,,,,0.359,-0.11,0,0,0.374,0.07,0,0,,,,,,,,,,,,
54811,20171229,-88.85,41.84,,,,,,,,,0.36,-0.11,0,0,0.374,0.06,0,0,,,,,,,,,,,,
54811,20171230,-88.85,41.84,,,,,,,,,0.362,-0.09,0,0,0.373,0.06,0,0,,,,,,,,,,,,
54811,20171231,-88.85,41.84,,,,,,,,,0.364,-0.07,0,0,0.373,0.05,0,0,,,,,,,,,,,,
54811,20180101,-88.85,41.84,,,,,,,,,0.366,-0.04,0,0,0.372,0.04,0,0,,,,,,,,,,,,
54811,20180102,-88.85,41.84,,,,,,,,,0.367,-0.03,0,0,0.372,0.04,0,0,,,,,,,,,,,,
54811,20180103,-88.85,41.84,,,,,,,,,,,,,0.371,0.03,0,0,,,,,,,,,,,,
54811,20180104,-88.85,41.84,,,,,,,,,,,,,0.37,0.02,0,0,,,,,,,,,,,,
54811,20180105,-88.85,41.84,,,,,,,,,,,,,0.37,0.01,0,0,,,,,,,,,,,,
54811,20180106,-88.85,41.84,,,,,,,,,,,,,0.369,0.01,0,0,,,,,,,,,,,,
54811,20180107,-88.85,41.84,,,,,,,,,,,,,0.368,0,0,0,,,,,,,,,,,,
54811,20180108,-88.85,41.84,,,,,,,,,,,,,0.367,-0.01,0,0,,,,,,,,,,,,
54811,20180109,-88.85,41.84,,,,,,,,,,,,,0.366,-0.02,0,0,,,,,,,,,,,,
54811,20180110,-88.85,41.84,,,,,,,,,,,,,0.365,-0.03,0,0,,,,,,,,,,,,
54811,20180111,-88.85,41.84,,,,,,,,,,,,,0.365,-0.03,0,0,,,,,,,,,,,,
54811,20180112,-88.85,41.84,,,,,,,,,,,,,0.364,-0.03,0,0,,,,,,,,,,,,
54811,20180113,-88.85,41.84,,,,,,,,,,,,,0.365,-0.02,0,0,,,,,,,,,,,,
54811,20180114,-88.85,41.84,,,,,,,,,,,,,0.367,-0.01,0,0,,,,,,,,,,,,
54811,20180115,-88.85,41.84,,,,,,,,,,,,,0.368,0.01,0,0,,,,,,,,,,,,
54811,20180116,-88.85,41.84,,,,,,,,,,,,,0.369,0.02,0,0,,,,,,,,,,,,
54811,20180117,-88.85,41.84,,,,,,,,,,,,,0.369,0.02,0,0,,,,,,,,,,,,
54811,20180118,-88.85,41.84,,,,,,,,,,,,,0.37,0.03,0,0,,,,,,,,,,,,
54811,20180119,-88.85,41.84,,,,,,,,,,,,,0.37,0.03,0,0,,,,,,,,,,,,
54811,20180120,-88.85,41.84,,,,,,,,,,,,,0.369,0.02,0,0,,,,,,,,,,,,
54811,20180121,-88.85,41.84,,,,,,,,,,,,,0.367,0.01,0,0,,,,,,,,,,,,
54811,20180122,-88.85,41.84,,,,,,,,,,,,,0.366,0,0,0,,,,,,,,,,,,
54811,20180123,-88.85,41.84,,,,,,,,,,,,,0.366,-0.01,0,0,,,,,,,,,,,,
54811,20180124,-88.85,41.84,,,,,,,,,,,,,0.367,0.01,0,0.071,,,,,,,,,,,,
54811,20180125,-88.85,41.84,,,,,,,,,,,,,0.369,0.03,0,0.208,,,,,,,,,,,,
54811,20180126,-88.85,41.84,,,,,,,,,,,,,0.37,0.06,0,0.321,,,,,,,,,,,,
54811,20180127,-88.85,41.84,,,,,,,,,,,,,0.372,0.08,0,0.458,,,,,,,,,,,,
54811,20180128,-88.85,41.84,,,,,,,,,,,,,0.374,0.11,0,0.595,,,,,,,,,,,,
54811,20180129,-88.85,41.84,,,,,,,,,,,,,0.376,0.14,0,0.738,,,,,,,,,,,,
54811,20180130,-88.85,41.84,,,,,,,,,,,,,0.377,0.16,0,0.875,,,,,,,,,,,,
54811,20180131,-88.85,41.84,,,,,,,,,,,,,0.377,0.17,0,0.935,,,,,,,,,,,,
54811,20180201,-88.85,41.84,,,,,,,,,,,,,0.377,0.17,0,0.935,,,,,,,,,,,,
54811,20180202,-88.85,41.84,,,,,,,,,,,,,0.376,0.17,0,0.964,,,,,,,,,,,,
54811,20180203,-88.85,41.84,,,,,,,,,,,,,0.376,0.17,0,0.964,,,,,,,,,,,,
54811,20180204,-88.85,41.84,,,,,,,,,,,,,0.376,0.17,0,0.935,,,,,,,,,,,,
54811,20180205,-88.85,41.84,,,,,,,,,,,,,0.375,0.16,0,0.845,,,,,,,,,,,,
54811,20180206,-88.85,41.84,,,,,,,,,,,,,0.374,0.15,0,0.714,,,,,,,,,,,,
54811,20180207,-88.85,41.84,,,,,,,,,,,,,0.373,0.13,0,0.583,,,,,,,,,,,,
54811,20180208,-88.85,41.84,,,,,,,,,,,,,0.371,0.11,0,0.446,,,,,,,,,,,,
54811,20180209,-88.85,41.84,,,,,,,,,,,,,0.37,0.09,0,0.304,,,,,,,,,,,,
54811,20180210,-88.85,41.84,,,,,,,,,,,,,0.368,0.06,0,0.167,,,,,,,,,,,,
54811,20180211,-88.85,41.84,,,,,,,,,,,,,0.367,0.04,0,0.06,,,,,,,,,,,,
54811,20180212,-88.85,41.84,,,,,,,,,,,,,0.366,0.02,0,0.006,,,,,,,,,,,,
54811,20180213,-88.85,41.84,,,,,,,,,,,,,0.365,0.01,0,0,,,,,,,,,,,,
54811,20180214,-88.85,41.84,,,,,,,,,,,,,0.364,0,0,0,,,,,,,,,,,,
54811,20180215,-88.85,41.84,,,,,,,,,,,,,0.363,-0.01,0,0,,,,,,,,,,,,
54811,20180216,-88.85,41.84,,,,,,,,,,,,,0.362,-0.01,0,0,,,,,,,,,,,,
54811,20180217,-88.85,41.84,,,,,,,,,,,,,0.362,-0.02,0,0,,,,,,,,,,,,
54811,20180218,-88.85,41.84,,,,,,,,,,,,,0.362,-0.02,0,0,,,,,,,,,,,,
54811,20180219,-88.85,41.84,,,,,,,,,,,,,0.362,-0.02,0,0,,,,,,,,,,,,
54811,20180220,-88.85,41.84,,,,,,,,,,,,,0.363,-0.01,0,0,,,,,,,,,,,,
54811,20180221,-88.85,41.84,,,,,,,,,,,,,0.363,-0.01,0,0,,,,,,,,,,,,
54811,20180222,-88.85,41.84,,,,,,,,,,,,,0.364,0,0,0,,,,,,,,,,,,
54811,20180223,-88.85,41.84,,,,,,,,,,,,,0.365,0.01,0,0,,,,,,,,,,,,
54811,20180224,-88.85,41.84,,,,,,,,,,,,,0.366,0.02,0,0,,,,,,,,,,,,
54811,20180225,-88.85,41.84,,,,,,,,,,,,,0.367,0.03,0,0,,,,,,,,,,,,
54811,20180226,-88.85,41.84,,,,,,,,,,,,,0.369,0.05,0,0.083,,,,,,,,,,,,
54811,20180227,-88.85,41.84,,,,,,,,,,,,,0.373,0.08,0,0.226,,,,,,,,,,,,
54811,20180228,-88.85,41.84,,,,,,,,,,,,,0.375,0.1,0,0.363,,,,,,,,,,,,
54811,20180301,-88.85,41.84,,,,,,,,,,,,,0.378,0.12,0,0.446,,,,,,,,,,,,
54811,20180302,-88.85,41.84,,,,,,,,,,,,,0.383,0.17,0,0.589,,,,,,,,,,,,
54811,20180303,-88.85,41.84,,,,,,,,,,,,,0.387,0.2,0,0.732,,,,,,,,,,,,
54811,20180304,-88.85,41.84,,,,,,,,,,,,,0.39,0.22,0,0.875,,,,,,,,,,,,
54811,20180305,-88.85,41.84,,,,,,,,,,,,,0.392,0.23,0,0.935,,,,,,,,,,,,
54811,20180306,-88.85,41.84,,,,,,,,,,,,,0.392,0.23,0,0.935,,,,,,,,,,,,
54811,20180307,-88.85,41.84,0.335,,,,,,,,,,,,0.394,0.23,0,0.94,,,,,,,,,,,,
54811,20180308,-88.85,41.84,0.331,,,,,,,,0.354,,,,0.395,0.24,0,1,,,,,,,,,,,,
54811,20180309,-88.85,41.84,0.324,,,,,,,,0.355,,,,0.393,0.21,0,1,,,,,,,,,,,,
54811,20180310,-88.85,41.84,0.324,,,,,,,,0.354,,,,0.392,0.19,0,0.923,,,,,,,,,,,,
54811,20180311,-88.85,41.84,,,,,,,,,0.355,,,,0.391,0.18,0,0.792,,,,,,,,,,,,
54811,20180312,-88.85,41.84,,,,,,,,,0.355,,,,0.39,0.16,0,0.649,,,,,,,,,,,,
54811,20180313,-88.85,41.84,,,,,,,,,0.355,,,,0.388,0.15,0,0.506,,,,,,,,,,,,
54811,20180314,-88.85,41.84,,,,,,,,,0.352,,,,0.386,0.12,0,0.363,,,,,,,,,,,,
54811,20180315,-88.85,41.84,,,,,,,,,0.349,,,,0.384,0.1,0,0.22,,,,,,,,,,,,
54811,20180316,-88.85,41.84,,,,,,,,,0.348,,,,0.383,0.08,0,0.077,,,,,,,,,,,,
54811,20180317,-88.85,41.84,,,,,,,,,0.347,,,,0.382,0.07,0,0.012,,,,,,,,,,,,
54811,20180318,-88.85,41.84,0.321,-0.65,0.5,0,0.378,,,,0.349,,,,0.381,0.06,0,0,,,,,0.35,,,,,,,
54811,20180319,-88.85,41.84,0.327,-0.52,0.718,0,0.38,-0.23,0,0,0.35,-0.21,0,0,0.381,0.06,0,0.018,,,,,0.354,,,,,,,
54811,20180320,-88.85,41.84,0.332,-0.5,0.817,0,0.382,-0.23,0,0,0.352,-0.24,0,0,0.382,0.07,0,0.06,,,,,0.357,-0.33,0,0,,,,
54811,20180321,-88.85,41.84,0.338,-0.52,0.869,0,0.385,-0.23,0,0,0.353,-0.28,0.048,0,0.383,0.07,0,0.06,,,,,0.361,-0.36,0.194,0,,,,
54811,20180322,-88.85,41.84,0.343,-0.55,0.898,0,0.387,-0.23,0,0,0.354,-0.31,0.23,0,0.383,0.08,0,0.06,,,,,0.365,-0.39,0.473,0,,,,
54811,20180323,-88.85,41.84,0.346,-0.56,0.914,0,0.389,-0.24,0,0,0.355,-0.33,0.396,0,0.384,0.08,0,0.06,,,,,0.368,-0.42,0.633,0,,,,
54811,20180324,-88.85,41.84,0.348,-0.56,0.925,0,0.392,-0.26,0,0,0.356,-0.36,0.504,0,0.384,0.08,0,0.06,,,,,0.37,-0.45,0.718,0,,,,
54811,20180325,-88.85,41.84,0.343,-0.62,0.994,0,0.39,-0.27,0,0,0.354,-0.39,0.579,0,0.385,0.09,0,0.06,,,,,0.367,-0.47,0.772,0,,,,
54811,20180326,-88.85,41.84,0.339,-0.68,1,0,0.389,-0.29,0.006,0,0.352,-0.43,0.69,0,0.384,0.08,0,0.042,,,,,0.364,-0.49,0.808,0,,,,
54811,20180327,-88.85,41.84,0.34,-0.66,0.958,0.036,0.389,-0.28,0.06,0.03,0.351,-0.44,0.798,0.012,0.383,0.07,0,0,,,,,0.365,-0.47,0.853,0.037,,,,
54811,20180328,-88.85,41.84,0.346,-0.55,0.815,0.048,0.394,-0.21,0.06,0.054,0.355,-0.36,0.78,0.036,0.385,0.08,0,0.119,,,,,0.37,-0.36,0.792,0.071,,,,
54811,20180329,-88.85,41.84,0.35,-0.46,0.673,0.048,0.397,-0.17,0.06,0.054,0.357,-0.31,0.679,0.036,0.387,0.1,0,0.262,,,,,0.373,-0.29,0.673,0.071,,,,
54811,20180330,-88.85,41.84,0.355,-0.35,0.53,0.048,0.4,-0.11,0.06,0.054,0.36,-0.25,0.536,0.036,0.389,0.11,0,0.405,,,,,0.378,-0.2,0.53,0.071,,,,
54811,20180331,-88.85,41.84,0.36,-0.26,0.387,0.048,0.404,-0.05,0.06,0.054,0.362,-0.19,0.393,0.036,0.39,0.12,0,0.548,,,,,0.382,-0.12,0.387,0.071,,,,
54811,20180401,-88.85,41.84,0.366,-0.13,0.244,0.048,0.408,0.01,0.06,0.054,0.365,-0.13,0.25,0.036,0.392,0.13,0,0.685,,,,,0.387,-0.01,0.244,0.071,,,,
54811,20180402,-88.85,41.84,0.371,-0.03,0.101,0.048,0.412,0.07,0.054,0.054,0.367,-0.08,0.107,0.036,0.394,0.14,0,0.78,,,,,0.392,0.09,0.101,0.071,,,,
54811,20180403,-88.85,41.84,0.372,-0.01,0,0.012,0.413,0.1,0,0.024,0.368,-0.06,0,0.024,0.395,0.15,0,0.792,,,,,0.392,0.11,0,0.036,,,,
54811,20180404,-88.85,41.84,0.371,0,0,0.065,0.411,0.07,0,0,0.365,-0.12,0,0,0.394,0.13,0,0.679,,,,,0.391,0.09,0,0.006,,,,
54811,20180405,-88.85,41.84,0.372,0.03,0,0.065,0.412,0.09,0,0,0.364,-0.14,0,0,0.393,0.11,0,0.536,,,,,0.392,0.11,0,0.006,,,,
54811,20180406,-88.85,41.84,0.372,0.04,0,0.065,0.412,0.09,0,0,0.363,-0.17,0,0,0.392,0.1,0,0.393,,,,,0.392,0.11,0,0.006,,,,
54811,20180407,-88.85,41.84,0.372,0.06,0,0.065,0.413,0.11,0,0,0.363,-0.19,0,0,0.391,0.08,0,0.25,,,,,0.392,0.13,0,0.006,,,,
54811,20180408,-88.85,41.84,0.369,0.03,0,0.065,0.412,0.11,0,0,0.362,-0.22,0,0,0.39,0.07,0,0.113,,,,,0.391,0.11,0,0.006,,,,
54811,20180409,-88.85,41.84,0.367,0.02,0,0.065,0.411,0.11,0,0,0.361,-0.24,0.024,0,0.389,0.05,0,0.018,,,,,0.389,0.09,0,0.006,,,,
54811,20180410,-88.85,41.84,0.367,0.04,0,0.065,0.412,0.12,0,0,0.36,-0.26,0.06,0,0.388,0.05,0,0.006,,,,,0.389,0.1,0,0.006,,,,
54811,20180411,-88.85,41.84,0.363,0,0,0,0.411,0.12,0,0,0.359,-0.29,0.071,0,0.387,0.04,0,0,,,,,0.387,0.07,0,0,,,,
54811,20180412,-88.85,41.84,0.36,-0.03,0,0,0.408,0.1,0,0,0.357,-0.31,0.071,0,0.386,0.02,0,0,,,,,0.384,0.03,0,0,,,,
54811,20180413,-88.85,41.84,0.357,-0.06,0,0,0.407,0.09,0,0,0.357,-0.32,0.071,0,0.386,0.01,0,0,,,,,0.382,0,0,0,,,,
54811,20180414,-88.85,41.84,0.354,-0.08,0,0,0.404,0.07,0,0,0.356,-0.32,0.071,0,0.385,0.01,0,0,,,,,0.379,-0.03,0,0,,,,
54811,20180415,-88.85,41.84,0.357,-0.02,0,0.065,0.406,0.1,0,0.065,0.356,-0.3,0.071,0,0.385,0,0,0,,,,,0.382,0.02,0,0.065,,,,
54811,20180416,-88.85,41.84,0.366,0.1,0,0.208,0.411,0.2,0,0.208,0.359,-0.21,0.048,0.071,0.386,0.01,0,0.054,,,,,0.388,0.15,0,0.208,,,,
54811,20180417,-88.85,41.84,0.37,0.17,0,0.351,0.415,0.27,0,0.351,0.362,-0.14,0.012,0.071,0.388,0.02,0,0.19,,,,,0.393,0.22,0,0.351,,,,
54811,20180418,-88.85,41.84,0.373,0.22,0,0.452,0.418,0.32,0,0.494,0.364,-0.07,0,0.071,0.389,0.04,0,0.268,,,,,0.396,0.28,0,0.494,,,,
54811,20180419,-88.85,41.84,0.376,0.27,0,0.452,0.421,0.38,0,0.625,0.365,-0.03,0,0.071,0.391,0.05,0,0.28,,,,,0.399,0.33,0,0.595,,,,
54811,20180420,-88.85,41.84,0.383,0.35,0,0.577,0.424,0.43,0,0.768,0.366,0.02,0,0.071,0.392,0.06,0,0.28,,,,,0.404,0.42,0,0.738,,,,
54811,20180421,-88.85,41.84,0.387,0.41,0,0.631,0.427,0.48,0,0.911,0.368,0.06,0,0.071,0.393,0.07,0,0.28,,,,,0.407,0.48,0,0.863,,,,
54811,20180422,-88.85,41.84,0.385,0.39,0,0.565,0.427,0.48,0,0.899,0.369,0.08,0,0.071,0.394,0.08,0,0.28,,,,,0.406,0.46,0,0.804,,,,
54811,20180423,-88.85,41.84,0.376,0.3,0,0.423,0.422,0.42,0,0.774,0.366,0.04,0,0,0.393,0.08,0,0.226,,,,,0.399,0.37,0,0.661,,,,
54811,20180424,-88.85,41.84,0.369,0.24,0,0.28,0.417,0.37,0,0.631,0.364,0.01,0,0,0.392,0.07,0,0.089,,,,,0.393,0.3,0,0.518,,,,
54811,20180425,-88.85,41.84,0.359,0.15,0,0.179,0.413,0.33,0,0.488,0.363,-0.01,0,0,0.391,0.06,0,0.018,,,,,0.386,0.22,0,0.375,,,,
54811,20180426,-88.85,41.84,0.346,0.04,0.119,0.179,0.409,0.28,0,0.357,0.362,-0.03,0,0,0.39,0.06,0,0.012,,,,,0.378,0.13,0,0.274,,,,
54811,20180427,-88.85,41.84,0.326,-0.14,0.262,0.054,0.403,0.22,0,0.214,0.36,-0.05,0,0,0.39,0.06,0,0.018,,,,,0.365,-0.02,0.107,0.131,,,,
54811,20180428,-88.85,41.84,0.307,-0.3,0.405,0,0.396,0.14,0,0.071,0.357,-0.08,0,0,0.389,0.05,0,0.018,,,,,0.351,-0.16,0.25,0.006,,,,
54811,20180429,-88.85,41.84,0.286,-0.46,0.548,0,0.388,0.06,0,0.018,0.355,-0.11,0,0,0.388,0.05,0,0.024,,,,,0.337,-0.3,0.393,0,,,,
54811,20180430,-88.85,41.84,0.266,-0.62,0.69,0,0.379,-0.03,0.083,0,0.353,-0.14,0,0,0.388,0.05,0,0.03,,,,,0.322,-0.45,0.536,0,,,,
54811,20180501,-88.85,41.84,0.245,-0.77,0.833,0,0.369,-0.13,0.226,0,0.35,-0.18,0,0,0.387,0.05,0,0.03,,,,,0.307,-0.59,0.679,0,,,,
54811,20180502,-88.85,41.84,0.227,-0.9,0.976,0,0.357,-0.25,0.369,0,0.346,-0.22,0,0,0.386,0.04,0,0.024,,,,,0.292,-0.73,0.821,0,,,,
54811,20180503,-88.85,41.84,0.227,-0.87,0.946,0.054,0.352,-0.3,0.458,0.048,0.347,-0.21,0,0.048,0.385,0.04,0,0.03,,,,,0.29,-0.73,0.911,0.054,,,,
54811,20180504,-88.85,41.84,0.248,-0.67,0.804,0.196,0.361,-0.2,0.458,0.19,0.354,-0.11,0,0.19,0.39,0.11,0,0.167,,,,,0.304,-0.56,0.804,0.196,,,,
54811,20180505,-88.85,41.84,0.266,-0.49,0.661,0.315,0.369,-0.11,0.458,0.333,0.358,-0.04,0,0.274,0.394,0.18,0,0.31,,,,,0.318,-0.4,0.661,0.339,,,,
54811,20180506,-88.85,41.84,0.28,-0.34,0.518,0.315,0.378,-0.03,0.458,0.47,0.363,0.02,0,0.274,0.397,0.24,0,0.446,,,,,0.329,-0.26,0.518,0.375,,,,
54811,20180507,-88.85,41.84,0.291,-0.22,0.375,0.315,0.386,0.07,0.375,0.476,0.366,0.08,0,0.274,0.4,0.29,0,0.583,,,,,0.338,-0.14,0.375,0.375,,,,
54811,20180508,-88.85,41.84,0.298,-0.13,0.321,0.315,0.392,0.15,0.232,0.476,0.37,0.13,0,0.274,0.402,0.34,0,0.726,,,,,0.345,-0.04,0.232,0.375,,,,
54811,20180509,-88.85,41.84,0.305,-0.04,0.31,0.327,0.4,0.24,0.089,0.488,0.373,0.19,0,0.274,0.405,0.38,0,0.857,,,,,0.352,0.06,0.173,0.387,,,,
54811,20180510,-88.85,41.84,0.316,0.06,0.22,0.327,0.41,0.34,0,0.571,0.374,0.2,0,0.226,0.406,0.42,0,0.964,,,,,0.363,0.18,0.083,0.44,,,,
54811,20180511,-88.85,41.84,0.302,-0.05,0.22,0.185,0.404,0.29,0,0.435,0.368,0.14,0,0.083,0.403,0.37,0,0.94,,,,,0.353,0.1,0.083,0.298,,,,
54811,20180512,-88.85,41.84,0.29,-0.14,0.22,0.065,0.399,0.25,0,0.292,0.365,0.1,0,0,0.4,0.33,0,0.833,,,,,0.345,0.02,0.083,0.155,,,,
54811,20180513,-88.85,41.84,0.286,-0.17,0.22,0.089,0.395,0.22,0,0.155,0.362,0.07,0,0,0.398,0.29,0,0.69,,,,,0.34,-0.01,0.083,0.143,,,,
54811,20180514,-88.85,41.84,0.299,-0.07,0.22,0.137,0.398,0.24,0,0.155,0.361,0.06,0,0,0.395,0.26,0,0.548,,,,,0.349,0.06,0.083,0.256,,,,
54811,20180515,-88.85,41.84,0.324,0.11,0.131,0.28,0.412,0.34,0,0.298,0.367,0.12,0,0.131,0.397,0.28,0,0.464,,,,,0.368,0.22,0.083,0.399,,,,
54811,20180516,-88.85,41.84,0.347,0.27,0,0.381,0.425,0.44,0,0.429,0.372,0.18,0,0.262,0.4,0.33,0,0.476,,,,,0.386,0.37,0,0.53,,,,
54811,20180517,-88.85,41.84,0.345,0.26,0,0.327,0.428,0.46,0,0.44,0.376,0.22,0,0.405,0.403,0.38,0,0.5,,,,,0.386,0.38,0,0.542,,,,
54811,20180518,-88.85,41.84,0.344,0.26,0,0.327,0.431,0.49,0,0.548,0.38,0.26,0,0.435,0.405,0.41,0,0.524,,,,,0.387,0.39,0,0.542,,,,
54811,20180519,-88.85,41.84,0.341,0.25,0,0.327,0.433,0.52,0,0.548,0.383,0.29,0,0.435,0.407,0.44,0,0.631,,,,,0.387,0.41,0,0.542,,,,
54811,20180520,-88.85,41.84,0.338,0.25,0,0.304,0.435,0.55,0,0.613,0.387,0.34,0,0.518,0.409,0.47,0,0.768,,,,,0.387,0.43,0,0.518,,,,
54811,20180521,-88.85,41.84,0.326,0.19,0,0.262,0.433,0.56,0,0.714,0.391,0.38,0,0.661,0.412,0.5,0,0.911,,,,,0.379,0.4,0,0.411,,,,
54811,20180522,-88.85,41.84,0.328,0.23,0,0.262,0.432,0.57,0,0.714,0.395,0.41,0,0.673,0.413,0.52,0,0.994,,,,,0.38,0.43,0,0.411,,,,
54811,20180523,-88.85,41.84,0.33,0.27,0,0.279,0.432,0.6,0,0.709,0.398,0.44,0,0.679,0.413,0.52,0,0.994,,,,,0.381,0.47,0,0.4,,,,
54811,20180524,-88.85,41.84,0.338,0.35,0,0.424,0.435,0.65,0,0.709,0.403,0.49,0,0.679,0.414,0.53,0,0.994,,,,,0.387,0.54,0,0.424,,,,
54811,20180525,-88.85,41.84,0.35,0.46,0,0.57,0.44,0.72,0,0.739,0.407,0.53,0,0.794,0.414,0.55,0,0.994,,,,,0.395,0.64,0,0.57,,,,
54811,20180526,-88.85,41.84,0.366,0.59,0,0.715,0.446,0.8,0,0.885,0.413,0.58,0,0.939,0.416,0.58,0,0.994,,,,,0.406,0.75,0,0.715,,,,
54811,20180527,-88.85,41.84,0.377,0.69,0,0.861,0.451,0.87,0,0.964,0.417,0.63,0,1,0.418,0.6,0,1,,,,,0.414,0.84,0,0.861,,,,
54811,20180528,-88.85,41.84,0.381,0.74,0,0.921,0.455,0.92,0,1,0.419,0.66,0,1,0.419,0.62,0,1,,,,,0.418,0.9,0,1,,,,
54811,20180529,-88.85,41.84,0.36,0.62,0,0.776,0.447,0.9,0,1,0.416,0.65,0,1,0.418,0.61,0,1,,,,,0.403,0.81,0,1,,,,
54811,20180530,-88.85,41.84,0.34,0.49,0,0.637,0.437,0.86,0,1,0.413,0.64,0,1,0.417,0.59,0,1,,,,,0.389,0.71,0,0.911,,,,
54811,20180531,-88.85,41.84,0.331,0.44,0,0.583,0.43,0.84,0,1,0.412,0.65,0,1,0.415,0.57,0,1,,,,,0.38,0.66,0,0.875,,,,
54811,20180601,-88.85,41.84,0.329,0.44,0,0.583,0.423,0.81,0,1,0.412,0.66,0,1,0.415,0.56,0,1,,,,,0.376,0.64,0,0.875,,,,
54811,20180602,-88.85,41.84,0.325,0.42,0,0.583,0.416,0.79,0,1,0.41,0.67,0,1,0.413,0.54,0,1,,,,,0.37,0.61,0,0.875,,,,
54811,20180603,-88.85,41.84,0.321,0.39,0,0.56,0.408,0.75,0,1,0.409,0.67,0,1,0.412,0.53,0,1,,,,,0.364,0.58,0,0.875,,,,
54811,20180604,-88.85,41.84,0.318,0.38,0,0.494,0.399,0.7,0,1,0.407,0.67,0,1,0.411,0.52,0,1,,,,,0.359,0.55,0,0.875,,,,
54811,20180605,-88.85,41.84,0.316,0.37,0,0.494,0.391,0.65,0,1,0.405,0.67,0,1,0.41,0.5,0,1,,,,,0.354,0.52,0,0.744,,,,
54811,20180606,-88.85,41.84,0.313,0.36,0,0.494,0.383,0.6,0,0.893,0.402,0.66,0,1,0.408,0.49,0,1,,,,,0.348,0.48,0,0.69,,,,
54811,20180607,-88.85,41.84,0.298,0.27,0,0.405,0.371,0.52,0,0.75,0.397,0.64,0,1,0.407,0.48,0,1,,,,,0.335,0.39,0,0.583,,,,
54811,20180608,-88.85,41.84,0.276,0.13,0,0.262,0.357,0.42,0,0.607,0.39,0.6,0,1,0.404,0.45,0,1,,,,,0.317,0.27,0,0.44,,,,
54811,20180609,-88.85,41.84,0.261,0.03,0,0.131,0.345,0.33,0,0.476,0.384,0.57,0,1,0.402,0.43,0,1,,,,,0.303,0.18,0,0.31,,,,
54811,20180610,-88.85,41.84,0.277,0.11,0,0.155,0.357,0.41,0,0.476,0.389,0.61,0,1,0.407,0.5,0,1,,,,,0.317,0.26,0,0.31,,,,
54811,20180611,-88.85,41.84,0.295,0.21,0,0.298,0.373,0.5,0,0.476,0.395,0.65,0,1,0.412,0.59,0,1,,,,,0.334,0.36,0,0.31,,,,
54811,20180612,-88.85,41.84,0.317,0.32,0,0.44,0.39,0.61,0,0.476,0.4,0.68,0,1,0.417,0.65,0,1,,,,,0.353,0.47,0,0.44,,,,
54811,20180613,-88.85,41.84,0.342,0.45,0,0.583,0.408,0.73,0,0.583,0.406,0.72,0,1,0.421,0.72,0,1,,,,,0.375,0.6,0,0.583,,,,
54811,20180614,-88.85,41.84,0.367,0.58,0,0.726,0.426,0.85,0,0.726,0.412,0.76,0,1,0.425,0.78,0,1,,,,,0.397,0.74,0,0.726,,,,
54811,20180615,-88.85,41.84,0.392,0.72,0,0.869,0.445,0.97,0,0.869,0.419,0.8,0,1,0.429,0.83,0,1,,,,,0.418,0.87,0,0.869,,,,
54811,20180616,-88.85,41.84,0.411,0.82,0,1,0.462,1.08,0,1,0.425,0.84,0,1,0.432,0.88,0,1,,,,,0.437,0.98,0,1,,,,
54811,20180617,-88.85,41.84,0.4,0.74,0,0.988,0.454,1.03,0,1,0.421,0.81,0,1,0.429,0.84,0,1,,,,,0.427,0.91,0,1,,,,
54811,20180618,-88.85,41.84,0.386,0.65,0,0.845,0.443,0.96,0,1,0.416,0.77,0,1,0.424,0.78,0,1,,,,,0.414,0.83,0,1,,,,
54811,20180619,-88.85,41.84,0.376,0.59,0,0.756,0.432,0.89,0,1,0.413,0.75,0,1,0.421,0.74,0,1,,,,,0.404,0.76,0,0.958,,,,
54811,20180620,-88.85,41.84,0.378,0.6,0,0.756,0.43,0.88,0,1,0.414,0.76,0,1,0.419,0.71,0,1,,,,,0.404,0.75,0,0.958,,,,
54811,20180621,-88.85,41.84,0.379,0.59,0,0.756,0.429,0.87,0,1,0.414,0.77,0,1,0.417,0.69,0,1,,,,,0.404,0.74,0,0.958,,,,
54811,20180622,-88.85,41.84,0.39,0.65,0,0.756,0.434,0.9,0,1,0.418,0.8,0,1,0.418,0.71,0,1,,,,,0.412,0.78,0,0.958,,,,
54811,20180623,-88.85,41.84,0.403,0.71,0,0.756,0.442,0.95,0,1,0.424,0.84,0,1,0.423,0.76,0,1,,,,,0.422,0.84,0,0.958,,,,
54811,20180624,-88.85,41.84,0.416,0.77,0,0.768,0.45,1,0,1,0.427,0.87,0,1,0.426,0.81,0,1,,,,,0.433,0.89,0,0.958,,,,
54811,20180625,-88.85,41.84,0.429,0.83,0,0.911,0.458,1.05,0,1,0.43,0.9,0,1,0.428,0.85,0,1,,,,,0.444,0.95,0,0.958,,,,
54811,20180626,-88.85,41.84,0.435,0.86,0,1,0.463,1.09,0,1,0.431,0.91,0,1,0.43,0.89,0,1,,,,,0.449,0.98,0,1,,,,
54811,20180627,-88.85,41.84,0.438,0.87,0,1,0.466,1.11,0,1,0.432,0.92,0,1,0.431,0.91,0,1,,,,,0.452,0.99,0,1,,,,
54811,20180628,-88.85,41.84,0.443,0.89,0,1,0.471,1.15,0,1,0.434,0.94,0,1,0.433,0.94,0,1,,,,,0.457,1.02,0,1,,,,
54811,20180629,-88.85,41.84,0.438,0.86,0,1,0.468,1.13,0,1,0.431,0.93,0,1,0.432,0.95,0,1,,,,,0.453,0.99,0,1,,,,
54811,20180630,-88.85,41.84,0.431,0.82,0,1,0.463,1.1,0,1,0.427,0.91,0,1,0.428,0.91,0,1,,,,,0.447,0.96,0,1,,,,
54811,20180701,-88.85,41.84,0.425,0.79,0,1,0.456,1.06,0,1,0.425,0.9,0,1,0.425,0.9,0,1,,,,,0.44,0.92,0,1,,,,
54811,20180702,-88.85,41.84,0.418,0.76,0,1,0.449,1.02,0,1,0.423,0.91,0,1,0.423,0.89,0,1,,,,,0.433,0.87,0,1,,,,
54811,20180703,-88.85,41.84,0.414,0.74,0,1,0.443,0.98,0,1,0.421,0.91,0,1,0.421,0.89,0,1,,,,,0.428,0.84,0,1,,,,
54811,20180704,-88.85,41.84,0.401,0.67,0,1,0.429,0.88,0,1,0.416,0.9,0,1,0.42,0.89,0,1,,,,,0.415,0.76,0,1,,,,
54811,20180705,-88.85,41.84,0.386,0.58,0,0.881,0.414,0.78,0,1,0.41,0.87,0,1,0.417,0.87,0,1,,,,,0.4,0.67,0,0.964,,,,
54811,20180706,-88.85,41.84,0.371,0.5,0,0.738,0.4,0.68,0,1,0.405,0.86,0,1,0.415,0.85,0,1,,,,,0.386,0.58,0,0.821,,,,
54811,20180707,-88.85,41.84,0.358,0.43,0,0.595,0.388,0.6,0,0.935,0.4,0.84,0,1,0.412,0.83,0,1,,,,,0.373,0.5,0,0.679,,,,
54811,20180708,-88.85,41.84,0.344,0.35,0,0.452,0.378,0.53,0,0.804,0.395,0.82,0,1,0.41,0.81,0,1,,,,,0.361,0.43,0,0.536,,,,
54811,20180709,-88.85,41.84,0.331,0.28,0,0.31,0.369,0.47,0,0.661,0.389,0.8,0,1,0.407,0.79,0,1,,,,,0.35,0.36,0,0.393,,,,
54811,20180710,-88.85,41.84,0.317,0.2,0,0.167,0.362,0.43,0,0.518,0.384,0.78,0,1,0.405,0.76,0,1,,,,,0.34,0.3,0,0.25,,,,
54811,20180711,-88.85,41.84,0.304,0.12,0,0.024,0.356,0.39,0,0.375,0.379,0.76,0,1,0.403,0.74,0,1,,,,,0.33,0.24,0,0.107,,,,
54811,20180712,-88.85,41.84,0.292,0.04,0,0,0.35,0.35,0,0.232,0.374,0.73,0,1,0.401,0.73,0,1,,,,,0.321,0.17,0,0,,,,
54811,20180713,-88.85,41.84,0.28,-0.04,0,0,0.342,0.3,0,0.089,0.369,0.7,0,1,0.399,0.72,0,1,,,,,0.311,0.11,0,0,,,,
54811,20180714,-88.85,41.84,0.276,-0.05,0.006,0.054,0.34,0.3,0,0.065,0.368,0.72,0,1,0.397,0.7,0,1,,,,,0.308,0.1,0,0.054,,,,
54811,20180715,-88.85,41.84,0.291,0.08,0.006,0.196,0.352,0.41,0,0.196,0.373,0.81,0,1,0.395,0.69,0,1,,,,,0.321,0.24,0,0.196,,,,
54811,20180716,-88.85,41.84,0.305,0.21,0.006,0.339,0.362,0.52,0,0.339,0.377,0.89,0,1,0.394,0.68,0,1,,,,,0.334,0.36,0,0.339,,,,
54811,20180717,-88.85,41.84,0.319,0.34,0.006,0.482,0.372,0.61,0,0.482,0.382,0.97,0,1,0.393,0.68,0,1,,,,,0.345,0.48,0,0.482,,,,
54811,20180718,-88.85,41.84,0.332,0.46,0.006,0.625,0.38,0.69,0,0.625,0.385,1.03,0,1,0.393,0.68,0,1,,,,,0.356,0.58,0,0.625,,,,
54811,20180719,-88.85,41.84,0.342,0.55,0.006,0.756,0.387,0.77,0,0.768,0.389,1.08,0,1,0.392,0.68,0,1,,,,,0.365,0.67,0,0.768,,,,
54811,20180720,-88.85,41.84,0.352,0.64,0.006,0.774,0.394,0.83,0,0.911,0.392,1.13,0,1,0.392,0.68,0,1,,,,,0.373,0.75,0,0.911,,,,
54811,20180721,-88.85,41.84,0.36,0.72,0,0.863,0.396,0.85,0,1,0.392,1.14,0,1,0.392,0.68,0,1,,,,,0.378,0.81,0,1,,,,
54811,20180722,-88.85,41.84,0.349,0.64,0,0.863,0.385,0.77,0,1,0.385,1.06,0,1,0.392,0.68,0,1,,,,,0.367,0.72,0,1,,,,
54811,20180723,-88.85,41.84,0.339,0.58,0,0.863,0.375,0.69,0,1,0.38,1,0,1,0.391,0.68,0,1,,,,,0.357,0.65,0,1,,,,
54811,20180724,-88.85,41.84,0.329,0.51,0,0.792,0.366,0.61,0,1,0.374,0.93,0,1,0.391,0.67,0,1,,,,,0.348,0.57,0,0.982,,,,
54811,20180725,-88.85,41.84,0.32,0.45,0,0.649,0.357,0.54,0,0.911,0.37,0.87,0,1,0.389,0.65,0,1,,,,,0.339,0.5,0,0.839,,,,
54811,20180726,-88.85,41.84,0.312,0.4,0,0.518,0.349,0.47,0,0.768,0.365,0.82,0,1,0.388,0.64,0,1,,,,,0.33,0.44,0,0.696,,,,
54811,20180727,-88.85,41.84,0.303,0.34,0,0.5,0.341,0.41,0,0.625,0.361,0.76,0,1,0.387,0.63,0,1,,,,,0.322,0.37,0,0.554,,,,
54811,20180728,-88.85,41.84,0.289,0.23,0,0.357,0.332,0.33,0,0.482,0.356,0.71,0,1,0.386,0.62,0,1,,,,,0.31,0.27,0,0.411,,,,
54811,20180729,-88.85,41.84,0.275,0.13,0,0.214,0.322,0.25,0,0.339,0.351,0.65,0,1,0.384,0.61,0,1,,,,,0.298,0.18,0,0.268,,,,
54811,20180730,-88.85,41.84,0.262,0.03,0,0.071,0.311,0.16,0,0.196,0.345,0.6,0,0.869,0.383,0.59,0,1,,,,,0.286,0.08,0,0.125,,,,
54811,20180731,-88.85,41.84,0.248,-0.06,0,0,0.301,0.07,0,0.054,0.34,0.54,0,0.726,0.381,0.58,0,0.994,,,,,0.275,-0.01,0,0,,,,
54811,20180801,-88.85,41.84,0.237,-0.14,0,0,0.292,0.01,0,0,0.335,0.48,0,0.583,0.379,0.56,0,0.988,,,,,0.265,-0.09,0,0,,,,
54811,20180802,-88.85,41.84,0.228,-0.21,0.012,0,0.284,-0.05,0,0,0.33,0.43,0,0.44,0.377,0.54,0,0.863,,,,,0.256,-0.15,0,0,,,,
54811,20180803,-88.85,41.84,0.22,-0.26,0.149,0,0.278,-0.1,0,0,0.325,0.39,0,0.298,0.376,0.53,0,0.732,,,,,0.249,-0.21,0,0,,,,
54811,20180804,-88.85,41.84,0.213,-0.31,0.292,0,0.272,-0.14,0,0,0.321,0.34,0,0.155,0.375,0.51,0,0.589,,,,,0.243,-0.25,0.054,0,,,,
54811,20180805,-88.85,41.84,0.208,-0.35,0.435,0,0.267,-0.18,0,0,0.317,0.3,0,0.012,0.373,0.49,0,0.446,,,,,0.237,-0.3,0.167,0,,,,
54811,20180806,-88.85,41.84,0.202,-0.39,0.577,0,0.262,-0.22,0.024,0,0.313,0.26,0,0,0.372,0.47,0,0.304,,,,,0.232,-0.34,0.31,0,,,,
54811,20180807,-88.85,41.84,0.198,-0.43,0.72,0,0.257,-0.26,0.161,0,0.309,0.22,0,0,0.37,0.46,0,0.167,,,,,0.227,-0.38,0.452,0,,,,
54811,20180808,-88.85,41.84,0.194,-0.45,0.863,0,0.26,-0.24,0.202,0.006,0.308,0.21,0,0,0.37,0.46,0,0.048,,,,,0.227,-0.38,0.494,0,,,,
54811,20180809,-88.85,41.84,0.193,-0.47,0.994,0,0.265,-0.19,0.202,0.006,0.308,0.22,0,0,0.369,0.46,0,0.03,,,,,0.229,-0.37,0.494,0,,,,
54811,20180810,-88.85,41.84,0.192,-0.48,1,0,0.269,-0.15,0.202,0.006,0.308,0.22,0,0,0.368,0.46,0,0.089,,,,,0.231,-0.35,0.494,0,,,,
54811,20180811,-88.85,41.84,0.193,-0.47,1,0,0.273,-0.11,0.202,0.006,0.309,0.24,0,0,0.367,0.46,0,0.143,,,,,0.233,-0.33,0.44,0,,,,
54811,20180812,-88.85,41.84,0.194,-0.47,1,0,0.276,-0.08,0.202,0.006,0.309,0.25,0,0,0.366,0.46,0,0.143,,,,,0.235,-0.32,0.327,0,,,,
54811,20180813,-88.85,41.84,0.195,-0.46,1,0,0.279,-0.06,0.179,0.006,0.309,0.25,0,0,0.365,0.46,0,0.232,,,,,0.237,-0.3,0.25,0,,,,
54811,20180814,-88.85,41.84,0.195,-0.45,1,0,0.281,-0.03,0.042,0.006,0.309,0.26,0,0,0.364,0.46,0,0.298,,,,,0.238,-0.29,0.244,0,,,,
54811,20180815,-88.85,41.84,0.195,-0.45,1,0,0.275,-0.08,0,0,0.306,0.23,0,0,0.363,0.45,0,0.315,,,,,0.235,-0.31,0.345,0,,,,
54811,20180816,-88.85,41.84,0.194,-0.47,1,0,0.267,-0.15,0,0,0.302,0.2,0,0,0.363,0.45,0,0.423,,,,,0.23,-0.35,0.488,0,,,,
54811,20180817,-88.85,41.84,0.192,-0.48,1,0,0.261,-0.2,0,0,0.299,0.16,0,0,0.361,0.44,0,0.47,,,,,0.226,-0.39,0.631,0,,,,
54811,20180818,-88.85,41.84,0.189,-0.5,1,0,0.258,-0.23,0,0,0.296,0.13,0,0,0.361,0.44,0,0.56,,,,,0.223,-0.41,0.774,0,,,,
54811,20180819,-88.85,41.84,0.187,-0.52,1,0,0.255,-0.26,0,0,0.293,0.09,0,0,0.36,0.44,0,0.702,,,,,0.221,-0.43,0.917,0,,,,
54811,20180820,-88.85,41.84,0.185,-0.53,1,0,0.252,-0.29,0,0,0.29,0.06,0,0,0.36,0.43,0,0.75,,,,,0.218,-0.45,0.994,0,,,,
54811,20180821,-88.85,41.84,0.183,-0.54,1,0,0.25,-0.31,0.018,0,0.288,0.03,0,0,0.359,0.42,0,0.815,,,,,0.217,-0.46,1,0,,,,
54811,20180822,-88.85,41.84,0.182,-0.55,1,0,0.247,-0.34,0.119,0,0.286,0.01,0,0,0.358,0.4,0,0.804,,,,,0.214,-0.48,1,0,,,,
54811,20180823,-88.85,41.84,0.18,-0.56,1,0,0.243,-0.37,0.262,0,0.284,-0.02,0,0,0.358,0.38,0,0.696,,,,,0.212,-0.5,1,0,,,,
54811,20180824,-88.85,41.84,0.178,-0.57,1,0,0.239,-0.41,0.405,0,0.281,-0.05,0,0,0.357,0.35,0,0.577,,,,,0.208,-0.52,1,0,,,,
54811,20180825,-88.85,41.84,0.175,-0.58,1,0,0.233,-0.47,0.548,0,0.278,-0.08,0,0,0.356,0.3,0,0.435,,,,,0.204,-0.55,1,0,,,,
54811,20180826,-88.85,41.84,0.173,-0.59,1,0,0.228,-0.51,0.69,0,0.275,-0.11,0,0,0.355,0.25,0,0.292,,,,,0.201,-0.58,1,0,,,,
54811,20180827,-88.85,41.84,0.172,-0.6,1,0,0.224,-0.54,0.833,0,0.273,-0.14,0,0,0.354,0.21,0,0.155,,,,,0.198,-0.59,1,0,,,,
54811,20180828,-88.85,41.84,0.171,-0.61,1,0,0.221,-0.56,0.958,0,0.271,-0.16,0,0,0.353,0.17,0,0.024,,,,,0.196,-0.61,1,0,,,,
54811,20180829,-88.85,41.84,0.178,-0.55,0.946,0.042,0.223,-0.53,0.952,0,0.277,-0.12,0,0.048,0.354,0.15,0,0.024,,,,,0.201,-0.56,0.952,0.03,,,,
54811,20180830,-88.85,41.84,0.201,-0.36,0.804,0.185,0.236,-0.41,0.81,0,0.293,0,0,0.19,0.36,0.19,0,0.167,,,,,0.219,-0.39,0.81,0.149,,,,
54811,20180831,-88.85,41.84,0.22,-0.2,0.661,0.298,0.25,-0.28,0.667,0,0.307,0.11,0,0.333,0.365,0.22,0,0.31,,,,,0.235,-0.24,0.667,0.155,,,,
54811,20180901,-88.85,41.84,0.238,-0.05,0.518,0.298,0.264,-0.15,0.524,0,0.32,0.21,0,0.476,0.369,0.26,0,0.452,,,,,0.251,-0.09,0.524,0.155,,,,
54811,20180902,-88.85,41.84,0.265,0.18,0.375,0.435,0.284,0.03,0.381,0.131,0.337,0.35,0,0.619,0.373,0.29,0,0.595,,,,,0.274,0.13,0.381,0.292,,,,
54811,20180903,-88.85,41.84,0.289,0.39,0.232,0.577,0.304,0.2,0.238,0.274,0.353,0.48,0,0.762,0.377,0.32,0,0.738,,,,,0.296,0.33,0.238,0.435,,,,
54811,20180904,-88.85,41.84,0.315,0.62,0.089,0.72,0.324,0.38,0.095,0.417,0.369,0.6,0,0.905,0.382,0.35,0,0.881,,,,,0.319,0.54,0.095,0.577,,,,
54811,20180905,-88.85,41.84,0.333,0.78,0,0.821,0.339,0.52,0,0.56,0.377,0.67,0,1,0.384,0.37,0,1,,,,,0.336,0.7,0,0.69,,,,
54811,20180906,-88.85,41.84,0.335,0.82,0,0.821,0.344,0.57,0,0.702,0.375,0.65,0,1,0.382,0.33,0,1,,,,,0.339,0.76,0,0.714,,,,
54811,20180907,-88.85,41.84,0.35,0.98,0,0.851,0.358,0.71,0,0.845,0.378,0.68,0,1,0.38,0.31,0,0.988,,,,,0.354,0.92,0,0.851,,,,
54811,20180908,-88.85,41.84,0.364,1.13,0,0.994,0.372,0.84,0,0.988,0.381,0.7,0,1,0.38,0.29,0,0.97,,,,,0.368,1.08,0,0.994,,,,
54811,20180909,-88.85,41.84,0.366,1.18,0,1,0.378,0.91,0,1,0.38,0.7,0,1,0.379,0.28,0,0.917,,,,,0.372,1.15,0,1,,,,
54811,20180910,-88.85,41.84,0.369,1.23,0,1,0.383,0.98,0,1,0.38,0.69,0,1,0.378,0.27,0,0.798,,,,,0.376,1.22,0,1,,,,
54811,20180911,-88.85,41.84,0.368,1.24,0,1,0.386,1.04,0,1,0.379,0.69,0,1,0.376,0.25,0,0.685,,,,,0.377,1.26,0,1,,,,
54811,20180912,-88.85,41.84,0.364,1.22,0,1,0.387,1.07,0,1,0.378,0.68,0,1,0.375,0.24,0,0.542,,,,,0.375,1.27,0,1,,,,
54811,20180913,-88.85,41.84,0.359,1.18,0,1,0.386,1.09,0,1,0.377,0.67,0,1,0.373,0.23,0,0.399,,,,,0.373,1.26,0,1,,,,
54811,20180914,-88.85,41.84,0.341,1.02,0,0.929,0.373,1,0,1,0.371,0.63,0,1,0.372,0.22,0,0.274,,,,,0.357,1.12,0,1,,,,
54811,20180915,-88.85,41.84,0.324,0.85,0,0.786,0.358,0.89,0,1,0.367,0.6,0,1,0.371,0.21,0,0.149,,,,,0.341,0.97,0,0.899,,,,
54811,20180916,-88.85,41.84,0.305,0.69,0,0.643,0.342,0.75,0,0.875,0.362,0.57,0,1,0.371,0.21,0,0.077,,,,,0.323,0.8,0,0.756,,,,
54811,20180917,-88.85,41.84,0.286,0.52,0,0.5,0.324,0.6,0,0.732,0.357,0.53,0,1,0.37,0.21,0,0.054,,,,,0.305,0.62,0,0.613,,,,
54811,20180918,-88.85,41.84,0.269,0.37,0,0.357,0.306,0.44,0,0.589,0.352,0.5,0,0.935,0.369,0.2,0,0.024,,,,,0.287,0.45,0,0.47,,,,
54811,20180919,-88.85,41.84,0.257,0.27,0,0.214,0.296,0.36,0,0.53,0.351,0.49,0,0.935,0.369,0.2,0,0.024,,,,,0.277,0.34,0,0.327,,,,
54811,20180920,-88.85,41.84,0.247,0.19,0,0.071,0.286,0.26,0,0.387,0.349,0.49,0,0.935,0.368,0.2,0,0.024,,,,,0.266,0.25,0,0.185,,,,
54811,20180921,-88.85,41.84,0.239,0.13,0,0,0.276,0.17,0,0.244,0.347,0.48,0,0.935,0.367,0.19,0,0.018,,,,,0.258,0.17,0,0.042,,,,
54811,20180922,-88.85,41.84,0.232,0.07,0,0,0.268,0.1,0,0.101,0.345,0.48,0,0.935,0.366,0.2,0,0.036,,,,,0.25,0.1,0,0,,,,
54811,20180923,-88.85,41.84,0.227,0.02,0,0,0.261,0.05,0,0.083,0.343,0.47,0,0.917,0.365,0.2,0,0.071,,,,,0.244,0.05,0,0,,,,
54811,20180924,-88.85,41.84,0.221,-0.03,0,0,0.255,0,0,0.083,0.34,0.46,0,0.792,0.364,0.2,0,0.077,,,,,0.238,0,0,0,,,,
54811,20180925,-88.85,41.84,0.217,-0.07,0.036,0,0.252,-0.02,0,0.083,0.337,0.44,0,0.714,0.363,0.2,0,0.077,,,,,0.234,-0.03,0,0,,,,
54811,20180926,-88.85,41.84,0.211,-0.12,0.071,0,0.248,-0.06,0,0.012,0.33,0.41,0,0.571,0.362,0.21,0,0.077,,,,,0.229,-0.08,0,0,,,,
54811,20180927,-88.85,41.84,0.206,-0.17,0.071,0,0.247,-0.06,0,0.012,0.324,0.37,0,0.429,0.361,0.21,0,0.077,,,,,0.226,-0.11,0,0,,,,
54811,20180928,-88.85,41.84,0.201,-0.21,0.071,0,0.246,-0.07,0,0.012,0.318,0.32,0,0.286,0.359,0.2,0,0.077,,,,,0.224,-0.14,0,0,,,,
54811,20180929,-88.85,41.84,0.198,-0.24,0.071,0,0.246,-0.07,0,0.012,0.312,0.28,0,0.143,0.358,0.19,0,0.06,,,,,0.222,-0.16,0,0,,,,
54811,20180930,-88.85,41.84,0.196,-0.26,0.077,0,0.247,-0.07,0,0.012,0.307,0.24,0,0.018,0.356,0.18,0,0.006,,,,,0.221,-0.17,0,0,,,,
54811,20181001,-88.85,41.84,0.195,-0.26,0.077,0,0.249,-0.06,0,0.012,0.304,0.21,0,0,0.354,0.17,0,0,,,,,0.222,-0.17,0,0,,,,
54811,20181002,-88.85,41.84,0.201,-0.21,0.042,0.048,0.257,0,0,0.065,0.306,0.24,0,0.048,0.352,0.16,0,0,,,,,0.229,-0.12,0,0.048,,,,
54811,20181003,-88.85,41.84,0.216,-0.11,0.006,0.137,0.272,0.1,0,0.196,0.317,0.33,0,0.19,0.351,0.15,0,0,,,,,0.244,-0.02,0,0.19,,,,
54811,20181004,-88.85,41.84,0.228,-0.02,0.006,0.137,0.288,0.2,0,0.339,0.326,0.41,0,0.333,0.351,0.14,0,0,,,,,0.258,0.08,0,0.333,,,,
54811,20181005,-88.85,41.84,0.238,0.05,0.006,0.143,0.305,0.31,0,0.482,0.336,0.49,0,0.476,0.35,0.14,0,0,,,,,0.271,0.16,0,0.435,,,,
54811,20181006,-88.85,41.84,0.26,0.19,0.006,0.286,0.331,0.49,0,0.625,0.351,0.62,0,0.619,0.353,0.18,0,0.048,,,,,0.295,0.32,0,0.577,,,,
54811,20181007,-88.85,41.84,0.282,0.34,0,0.429,0.358,0.68,0,0.768,0.365,0.74,0,0.762,0.363,0.28,0,0.19,,,,,0.32,0.49,0,0.72,,,,
54811,20181008,-88.85,41.84,0.308,0.51,0,0.571,0.388,0.88,0,0.911,0.381,0.87,0,0.905,0.373,0.4,0,0.333,,,,,0.348,0.68,0,0.863,,,,
54811,20181009,-88.85,41.84,0.328,0.64,0,0.667,0.411,1.02,0,1,0.392,0.95,0,1,0.384,0.52,0,0.476,,,,,0.37,0.82,0,0.958,,,,
54811,20181010,-88.85,41.84,0.337,0.68,0,0.72,0.42,1.06,0,1,0.393,0.95,0,1,0.394,0.63,0,0.619,,,,,0.379,0.85,0,0.958,,,,
54811,20181011,-88.85,41.84,0.347,0.74,0,0.863,0.428,1.08,0,1,0.395,0.96,0,1,0.404,0.73,0,0.762,,,,,0.388,0.89,0,0.958,,,,
54811,20181012,-88.85,41.84,0.358,0.8,0,1,0.436,1.09,0,1,0.397,0.95,0,1,0.413,0.83,0,0.905,,,,,0.397,0.93,0,1,,,,
54811,20181013,-88.85,41.84,0.358,0.77,0,1,0.434,1.02,0,1,0.394,0.9,0,1,0.418,0.89,0,1,,,,,0.396,0.89,0,1,,,,
54811,20181014,-88.85,41.84,0.356,0.73,0,1,0.43,0.95,0,1,0.391,0.85,0,1,0.416,0.87,0,1,,,,,0.393,0.84,0,1,,,,
54811,20181015,-88.85,41.84,0.349,0.66,0,1,0.424,0.86,0,1,0.386,0.78,0,1,0.414,0.84,0,1,,,,,0.386,0.76,0,1,,,,
54811,20181016,-88.85,41.84,0.342,0.59,0,1,0.418,0.78,0,1,0.381,0.71,0,1,0.41,0.81,0,1,,,,,0.38,0.68,0,1,,,,
54811,20181017,-88.85,41.84,0.336,0.52,0,0.893,0.412,0.71,0,1,0.377,0.66,0,1,0.407,0.77,0,1,,,,,0.374,0.62,0,1,,,,
54811,20181018,-88.85,41.84,0.329,0.46,0,0.75,0.407,0.65,0,1,0.374,0.6,0,1,0.403,0.74,0,1,,,,,0.368,0.55,0,0.988,,,,
54811,20181019,-88.85,41.84,0.323,0.39,0,0.607,0.402,0.6,0,1,0.371,0.55,0,1,0.401,0.71,0,1,,,,,0.363,0.49,0,0.857,,,,
54811,20181020,-88.85,41.84,0.317,0.34,0,0.464,0.398,0.55,0,1,0.368,0.5,0,1,0.398,0.67,0,1,,,,,0.358,0.44,0,0.714,,,,
54811,20181021,-88.85,41.84,0.312,0.29,0,0.321,0.394,0.51,0,1,0.366,0.46,0,1,0.396,0.65,0,1,,,,,0.353,0.39,0,0.571,,,,
54811,20181022,-88.85,41.84,0.306,0.23,0,0.179,0.39,0.47,0,1,0.364,0.43,0,0.988,0.394,0.62,0,1,,,,,0.348,0.34,0,0.429,,,,
54811,20181023,-88.85,41.84,0.298,0.15,0,0.036,0.385,0.42,0,0.886,0.362,0.4,0,0.886,0.392,0.59,0,1,,,,,0.342,0.27,0,0.287,,,,
54811,20181024,-88.85,41.84,0.29,0.06,0,0,0.38,0.37,0,0.743,0.36,0.37,0,0.743,0.39,0.57,0,1,,,,,0.335,0.2,0,0.144,,,,
54811,20181025,-88.85,41.84,0.282,-0.03,0,0,0.374,0.31,0,0.599,0.357,0.34,0,0.599,0.389,0.55,0,1,,,,,0.328,0.11,0,0.012,,,,
54811,20181026,-88.85,41.84,0.275,-0.12,0.042,0,0.368,0.25,0,0.455,0.356,0.32,0,0.455,0.388,0.52,0,1,,,,,0.321,0.03,0,0,,,,
54811,20181027,-88.85,41.84,0.267,-0.21,0.186,0,0.362,0.18,0,0.311,0.354,0.3,0,0.311,0.386,0.5,0,1,,,,,0.315,-0.07,0,0,,,,
54811,20181028,-88.85,41.84,0.26,-0.3,0.329,0,0.356,0.12,0,0.168,0.352,0.28,0,0.168,0.385,0.47,0,1,,,,,0.308,-0.16,0,0,,,,
54811,20181029,-88.85,41.84,0.254,-0.38,0.473,0,0.351,0.06,0,0.024,0.351,0.26,0,0.036,0.384,0.45,0,1,,,,,0.303,-0.24,0.12,0,,,,
54811,20181030,-88.85,41.84,0.249,-0.45,0.613,0,0.347,0,0,0,0.35,0.25,0,0,0.384,0.43,0,1,,,,,0.298,-0.32,0.262,0,,,,
54811,20181031,-88.85,41.84,0.245,-0.51,0.756,0,0.342,-0.07,0.006,0,0.349,0.23,0,0,0.383,0.42,0,1,,,,,0.293,-0.4,0.405,0,,,,
54811,20181101,-88.85,41.84,0.244,-0.55,0.899,0,0.337,-0.14,0.143,0,0.348,0.22,0,0,0.383,0.4,0,1,,,,,0.29,-0.46,0.548,0,,,,
54811,20181102,-88.85,41.84,0.242,-0.59,1,0,0.334,-0.2,0.238,0,0.348,0.21,0,0,0.382,0.39,0,1,,,,,0.288,-0.51,0.69,0,,,,
54811,20181103,-88.85,41.84,0.241,-0.62,1,0,0.33,-0.26,0.381,0,0.347,0.19,0,0,0.382,0.38,0,1,,,,,0.286,-0.56,0.833,0,,,,
54811,20181104,-88.85,41.84,0.241,-0.65,1,0,0.327,-0.33,0.524,0,0.346,0.17,0,0,0.381,0.37,0,1,,,,,0.284,-0.6,0.976,0,,,,
54811,20181105,-88.85,41.84,0.245,-0.63,0.94,0,0.328,-0.33,0.583,0,0.345,0.15,0,0,0.381,0.36,0,1,,,,,0.286,-0.59,0.929,0,,,,
54811,20181106,-88.85,41.84,0.256,-0.55,0.798,0.006,0.334,-0.27,0.583,0.054,0.348,0.18,0,0.048,0.38,0.35,0,1,,,,,0.295,-0.5,0.786,0.018,,,,
54811,20181107,-88.85,41.84,0.27,-0.46,0.655,0.006,0.343,-0.15,0.577,0.196,0.354,0.25,0,0.19,0.38,0.34,0,1,,,,,0.306,-0.39,0.643,0.018,,,,
54811,20181108,-88.85,41.84,0.281,-0.38,0.512,0.006,0.353,-0.03,0.44,0.339,0.359,0.3,0,0.333,0.381,0.35,0,1,,,,,0.317,-0.28,0.5,0.018,,,,
54811,20181109,-88.85,41.84,0.291,-0.31,0.369,0.006,0.361,0.08,0.345,0.482,0.363,0.35,0,0.476,0.382,0.35,0,1,,,,,0.326,-0.18,0.357,0.018,,,,
54811,20181110,-88.85,41.84,0.301,-0.24,0.226,0.006,0.37,0.19,0.202,0.583,0.367,0.39,0,0.619,0.383,0.35,0,1,,,,,0.336,-0.08,0.214,0.018,,,,
54811,20181111,-88.85,41.84,0.312,-0.17,0.083,0.006,0.379,0.3,0.06,0.583,0.371,0.43,0,0.744,0.384,0.36,0,1,,,,,0.345,0.02,0.071,0.018,,,,
54811,20181112,-88.85,41.84,0.319,-0.13,0,0.006,0.384,0.35,0,0.583,0.374,0.46,0,0.815,0.385,0.36,0,1,,,,,0.351,0.07,0,0.018,,,,
54811,20181113,-88.85,41.84,0.318,-0.16,0,0,0.384,0.33,0,0.53,0.374,0.44,0,0.798,0.386,0.36,0,1,,,,,0.351,0.06,0,0,,,,
54811,20181114,-88.85,41.84,0.315,-0.2,0,0,0.382,0.28,0,0.387,0.371,0.38,0,0.655,0.386,0.35,0,1,,,,,0.349,0.02,0,0,,,,
54811,20181115,-88.85,41.84,0.315,-0.23,0.012,0,0.38,0.24,0,0.244,0.369,0.33,0,0.512,0.385,0.34,0,1,,,,,0.347,-0.01,0,0,,,,
54811,20181116,-88.85,41.84,0.314,-0.26,0.155,0,0.38,0.21,0,0.101,0.367,0.29,0,0.369,0.384,0.32,0,1,,,,,0.347,-0.03,0,0,,,,
54811,20181117,-88.85,41.84,0.315,-0.26,0.185,0,0.38,0.18,0,0,0.366,0.26,0,0.226,0.382,0.3,0,0.982,,,,,0.347,-0.03,0,0,,,,
54811,20181118,-88.85,41.84,0.317,-0.25,0.185,0,0.381,0.17,0,0,0.365,0.24,0,0.101,0.381,0.28,0,0.929,,,,,0.349,-0.02,0,0,,,,
54811,20181119,-88.85,41.84,0.319,-0.23,0.185,0,0.382,0.15,0,0,0.365,0.23,0,0.03,0.381,0.26,0,0.857,,,,,0.351,-0.01,0,0,,,,
54811,20181120,-88.85,41.84,0.322,-0.21,0.185,0,0.384,0.14,0,0,0.365,0.22,0,0,0.38,0.25,0,0.78,,,,,0.353,0,0,0,,,,
54811,20181121,-88.85,41.84,0.325,-0.18,0.185,0,0.385,0.13,0,0,0.365,0.21,0,0,0.379,0.24,0,0.679,,,,,0.355,0.01,0,0,,,,
54811,20181122,-88.85,41.84,0.328,-0.15,0.173,0,0.386,0.11,0,0,0.366,0.2,0,0,0.379,0.23,0,0.625,,,,,0.357,0.02,0,0,,,,
54811,20181123,-88.85,41.84,0.331,-0.11,0.03,0,0.386,0.08,0,0,0.366,0.2,0,0,0.379,0.22,0,0.554,,,,,0.359,0.03,0,0,,,,
54811,20181124,-88.85,41.84,0.334,-0.08,0,0,0.387,0.07,0,0,0.366,0.19,0,0,0.379,0.21,0,0.494,,,,,0.361,0.03,0,0,,,,
54811,20181125,-88.85,41.84,0.339,-0.02,0,0,0.389,0.08,0,0,0.368,0.21,0,0.101,0.379,0.21,0,0.5,,,,,0.364,0.05,0,0,,,,
54811,20181126,-88.85,41.84,0.348,0.07,0,0.125,0.394,0.11,0,0.071,0.372,0.25,0,0.238,0.382,0.22,0,0.571,,,,,0.371,0.11,0,0.119,,,,
54811,20181127,-88.85,41.84,0.355,0.14,0,0.268,0.399,0.15,0,0.143,0.375,0.28,0,0.381,0.385,0.25,0,0.649,,,,,0.377,0.16,0,0.262,,,,
54811,20181128,-88.85,41.84,0.361,0.2,0,0.345,0.403,0.2,0,0.214,0.377,0.31,0,0.524,0.388,0.26,0,0.75,,,,,0.382,0.2,0,0.387,,,,
54811,20181129,-88.85,41.84,0.365,0.23,0,0.345,0.408,0.24,0,0.274,0.379,0.32,0,0.637,0.39,0.27,0,0.804,,,,,0.386,0.24,0,0.387,,,,
54811,20181130,-88.85,41.84,0.37,0.26,0,0.345,0.412,0.29,0,0.274,0.38,0.33,0,0.661,0.392,0.28,0,0.875,,,,,0.391,0.27,0,0.387,,,,
54811,20181201,-88.85,41.84,0.376,0.3,0,0.345,0.416,0.32,0,0.274,0.382,0.34,0,0.661,0.394,0.28,0,0.952,,,,,0.396,0.31,0,0.387,,,,
54811,20181202,-88.85,41.84,0.385,0.38,0,0.482,0.422,0.38,0,0.405,0.387,0.41,0,0.702,0.4,0.32,0,1,,,,,0.404,0.38,0,0.518,,,,
54811,20181203,-88.85,41.84,0.388,0.38,0,0.5,0.425,0.42,0,0.476,0.387,0.41,0,0.708,0.401,0.32,0,1,,,,,0.407,0.4,0,0.542,,,,
54811,20181204,-88.85,41.84,0.391,0.37,0,0.5,0.427,0.44,0,0.548,0.387,0.41,0,0.708,0.401,0.31,0,1,,,,,0.409,0.42,0,0.542,,,,
54811,20181205,-88.85,41.84,0.394,0.38,0,0.536,0.429,0.46,0,0.619,0.388,0.41,0,0.708,0.401,0.31,0,1,,,,,0.411,0.43,0,0.56,,,,
54811,20181206,-88.85,41.84,0.397,0.39,0,0.536,0.43,0.47,0,0.702,0.388,0.42,0,0.738,0.402,0.31,0,1,,,,,0.413,0.44,0,0.702,,,,
54811,20181207,-88.85,41.84,0.399,0.38,0,0.536,0.431,0.49,0,0.845,0.389,0.42,0,0.845,0.402,0.3,0,1,,,,,0.415,0.45,0,0.833,,,,
54811,20181208,-88.85,41.84,0.4,0.38,0,0.584,0.432,0.51,0,0.988,0.389,0.42,0,0.875,0.402,0.3,0,1,,,,,0.416,0.47,0,0.922,,,,
54811,20181209,-88.85,41.84,,,,,0.428,0.46,0,0.958,0.383,0.35,0,0.732,0.397,0.26,0,1,,,,,,,,,,,,
54811,20181210,-88.85,41.84,,,,,0.421,0.35,0.048,0.815,0.379,0.3,0,0.589,0.394,0.24,0,1,,,,,,,,,,,,
54811,20181211,-88.85,41.84,,,,,0.411,0.2,0.167,0.673,0.376,0.26,0,0.446,0.392,0.22,0,1,,,,,,,,,,,,
54811,20181212,-88.85,41.84,,,,,0.403,0.05,0.31,0.53,0.374,0.22,0,0.304,0.39,0.21,0,1,,,,,,,,,,,,
54811,20181213,-88.85,41.84,,,,,0.395,-0.07,0.423,0.387,0.372,0.19,0,0.161,0.388,0.19,0,1,,,,,,,,,,,,
54811,20181214,-88.85,41.84,,,,,0.388,-0.19,0.506,0.244,0.37,0.17,0,0.03,0.387,0.18,0,1,,,,,,,,,,,,
54811,20181215,-88.85,41.84,,,,,0.381,-0.31,0.524,0.101,0.369,0.15,0,0,0.385,0.17,0,0.988,,,,,,,,,,,,
54811,20181216,-88.85,41.84,,,,,0.377,-0.39,0.589,0,0.368,0.13,0,0,0.384,0.17,0,0.976,,,,,,,,,,,,
54811,20181217,-88.85,41.84,,,,,0.377,-0.39,0.542,0,0.367,0.11,0,0,0.384,0.16,0,0.935,,,,,,,,,,,,
54811,20181218,-88.85,41.84,,,,,0.381,-0.33,0.423,0,0.366,0.1,0,0,0.383,0.15,0,0.821,,,,,,,,,,,,
54811,20181219,-88.85,41.84,,,,,0.386,-0.25,0.28,0,0.365,0.08,0,0,0.382,0.15,0,0.685,,,,,,,,,,,,
54811,20181220,-88.85,41.84,,,,,0.391,-0.16,0.167,0.024,0.364,0.07,0,0,0.381,0.14,0,0.542,,,,,,,,,,,,
54811,20181221,-88.85,41.84,,,,,0.4,0.02,0.083,0.167,0.364,0.06,0,0,0.381,0.13,0,0.399,,,,,,,,,,,,
54811,20181222,-88.85,41.84,,,,,0.411,0.22,0.065,0.31,0.364,0.06,0,0,0.381,0.13,0,0.268,,,,,,,,,,,,
54811,20181223,-88.85,41.84,,,,,0.421,0.42,0,0.452,0.365,0.07,0,0,0.38,0.12,0,0.137,,,,,,,,,,,,
54811,20181224,-88.85,41.84,,,,,0.43,0.59,0,0.595,0.366,0.08,0,0,0.38,0.12,0,0.036,,,,,,,,,,,,
54811,20181225,-88.85,41.84,0.372,-0.38,0.5,0,0.438,0.75,0,0.738,0.367,0.08,0,0,0.38,0.11,0,0.006,,,,,0.409,0.09,0.235,0.5,,,,
54811,20181226,-88.85,41.84,0.369,-0.38,0.5,0,0.445,0.88,0,0.881,0.367,0.09,0,0,0.379,0.11,0,0,,,,,0.408,0.09,0.235,0.5,,,,
54811,20181227,-88.85,41.84,0.369,-0.1,0.056,0,0.452,1,0,1,0.368,0.09,0,0,0.379,0.11,0,0,,,,,0.411,0.46,0,0.944,,,,
54811,20181228,-88.85,41.84,0.375,,,,0.456,1.07,0,1,0.374,0.19,0,0.125,0.383,0.14,0,0.113,,,,,0.416,,,,,,,
54811,20181229,-88.85,41.84,0.377,,,,0.459,1.1,0,1,0.378,0.25,0,0.268,0.386,0.17,0,0.256,,,,,0.418,,,,,,,
54811,20181230,-88.85,41.84,0.378,,,,0.459,1.1,0,1,0.38,0.28,0,0.411,0.389,0.19,0,0.399,,,,,0.419,,,,,,,
54811,20181231,-88.85,41.84,0.379,,,,0.46,1.11,0,1,0.381,0.3,0,0.506,0.391,0.2,0,0.542,,,,,0.419,,,,,,,
54811,20190101,-88.85,41.84,0.391,,,,0.464,1.13,0,1,0.387,0.41,0,0.631,0.396,0.24,0,0.685,,,,,0.428,,,,,,,
54811,20190102,-88.85,41.84,0.398,,,,0.467,1.16,0,1,0.391,0.47,0,0.774,0.399,0.27,0,0.827,,,,,0.432,,,,,,,
54811,20190103,-88.85,41.84,0.402,,,,0.469,1.23,0,1,0.393,0.5,0,0.845,0.402,0.3,0,0.97,,,,,0.435,,,,,,,
54811,20190104,-88.85,41.84,0.394,,,,0.466,1.15,0,1,0.39,0.4,0,0.72,0.401,0.29,0,1,,,,,0.43,,,,,,,
54811,20190105,-88.85,41.84,0.393,,,,0.464,1.09,0,1,0.388,0.35,0,0.577,0.399,0.28,0,1,,,,,0.428,,,,,,,
54811,20190106,-88.85,41.84,0.394,,,,0.464,1.1,0,1,0.388,0.32,0,0.435,0.398,0.28,0,1,,,,,0.429,,,,,,,
54811,20190107,-88.85,41.84,0.395,,,,0.464,,,,0.388,0.31,0,0.339,0.397,0.28,0,1,,,,,0.43,,,,,,,
54811,20190108,-88.85,41.84,0.395,,,,0.464,,,,0.389,0.31,0,0.345,0.396,0.28,0,1,,,,,0.43,,,,,,,
54811,20190109,-88.85,41.84,0.395,,,,0.465,,,,0.391,0.32,0,0.345,0.396,0.28,0,1,,,,,0.43,,,,,,,
54811,20190110,-88.85,41.84,0.394,,,,0.465,,,,0.392,0.34,0,0.364,0.396,0.29,0,1,,,,,0.43,,,,,,,
54811,20190111,-88.85,41.84,0.397,,,,0.466,,,,0.393,0.38,0,0.431,0.396,0.3,0,1,,,,,0.432,,,,,,,
54811,20190112,-88.85,41.84,,,,,0.463,,,,0.393,0.42,0,0.528,0.396,0.3,0,1,,,,,,,,,,,,
54811,20190113,-88.85,41.84,,,,,0.458,,,,0.393,0.5,0,0.683,0.396,0.3,0,1,,,,,,,,,,,,
54811,20190114,-88.85,41.84,,,,,0.453,,,,0.393,0.64,0,0.966,0.395,0.3,0,1,,,,,,,,,,,,
54811,20190115,-88.85,41.84,,,,,0.446,,,,0.388,0.5,0,1,0.393,0.28,0,1,,,,,,,,,,,,
54811,20190116,-88.85,41.84,,,,,0.441,,,,0.385,0.38,0,1,0.391,0.26,0,1,,,,,,,,,,,,
54811,20190117,-88.85,41.84,,,,,0.436,,,,0.382,,,,0.389,0.24,0,1,,,,,,,,,,,,
54811,20190118,-88.85,41.84,,,,,0.432,,,,0.381,,,,0.387,0.22,0,1,,,,,,,,,,,,
54811,20190119,-88.85,41.84,,,,,0.432,,,,0.379,,,,0.386,0.21,0,1,,,,,,,,,,,,
54811,20190120,-88.85,41.84,,,,,0.432,,,,0.378,,,,0.385,0.2,0,1,,,,,,,,,,,,
54811,20190121,-88.85,41.84,,,,,0.432,,,,0.377,,,,0.384,0.2,0,1,,,,,,,,,,,,
54811,20190122,-88.85,41.84,,,,,0.433,,,,0.377,,,,0.383,0.19,0,1,,,,,,,,,,,,
54811,20190123,-88.85,41.84,,,,,,,,,0.376,,,,0.382,0.18,0,1,,,,,,,,,,,,
54811,20190124,-88.85,41.84,,,,,,,,,0.377,,,,0.382,0.18,0,1,,,,,,,,,,,,
54811,20190125,-88.85,41.84,,,,,,,,,0.377,,,,0.381,0.18,0,1,,,,,,,,,,,,
54811,20190126,-88.85,41.84,,,,,,,,,0.377,,,,0.381,0.18,0,0.994,,,,,,,,,,,,
54811,20190127,-88.85,41.84,,,,,,,,,0.378,,,,0.38,0.18,0,0.994,,,,,,,,,,,,
54811,20190128,-88.85,41.84,,,,,,,,,0.38,,,,0.38,0.18,0,0.994,,,,,,,,,,,,
54811,20190129,-88.85,41.84,,,,,,,,,0.383,,,,0.379,0.18,0,0.994,,,,,,,,,,,,
54811,20190130,-88.85,41.84,,,,,,,,,0.385,,,,0.379,0.18,0,0.994,,,,,,,,,,,,
54811,20190131,-88.85,41.84,,,,,,,,,0.386,,,,0.378,0.18,0,0.994,,,,,,,,,,,,
54811,20190201,-88.85,41.84,,,,,,,,,0.388,,,,0.377,0.19,0,0.994,,,,,,,,,,,,
54811,20190202,-88.85,41.84,,,,,,,,,0.39,,,,0.377,0.19,0,1,,,,,,,,,,,,
54811,20190203,-88.85,41.84,,,,,,,,,0.391,,,,0.377,0.18,0,1,,,,,,,,,,,,
54811,20190204,-88.85,41.84,,,,,,,,,0.392,,,,0.377,0.19,0,1,,,,,,,,,,,,
54811,20190205,-88.85,41.84,,,,,,,,,0.396,,,,0.381,0.26,0,1,,,,,,,,,,,,
54811,20190206,-88.85,41.84,,,,,,,,,0.402,,,,0.385,0.3,0,1,,,,,,,,,,,,
54811,20190207,-88.85,41.84,,,,,,,,,0.412,,,,0.388,0.33,0,1,,,,,,,,,,,,
54811,20190208,-88.85,41.84,,,,,,,,,0.423,,,,0.395,0.39,0,1,,,,,,,,,,,,
54811,20190209,-88.85,41.84,,,,,,,,,0.428,,,,0.399,0.43,0,1,,,,,,,,,,,,
54811,20190210,-88.85,41.84,,,,,,,,,0.433,,,,0.402,0.45,0,1,,,,,,,,,,,,
54811,20190211,-88.85,41.84,,,,,,,,,0.437,,,,0.404,0.45,0,1,,,,,,,,,,,,
54811,20190212,-88.85,41.84,,,,,,,,,0.438,,,,0.402,0.4,0,1,,,,,,,,,,,,
54811,20190213,-88.85,41.84,,,,,,,,,0.436,,,,0.401,0.37,0,1,,,,,,,,,,,,
54811,20190214,-88.85,41.84,,,,,,,,,0.433,,,,0.4,0.35,0,1,,,,,,,,,,,,
54811,20190215,-88.85,41.84,,,,,,,,,0.431,,,,0.395,0.31,0,1,,,,,,,,,,,,
54811,20190216,-88.85,41.84,,,,,,,,,0.431,,,,0.394,0.29,0,1,,,,,,,,,,,,
54811,20190217,-88.85,41.84,,,,,,,,,0.432,,,,0.393,0.27,0,1,,,,,,,,,,,,
54811,20190218,-88.85,41.84,,,,,,,,,0.432,,,,0.392,0.27,0,1,,,,,,,,,,,,
54811,20190219,-88.85,41.84,,,,,,,,,0.433,,,,0.391,0.26,0,1,,,,,,,,,,,,
54811,20190220,-88.85,41.84,,,,,,,,,0.431,,,,0.39,0.25,0,1,,,,,,,,,,,,
54811,20190221,-88.85,41.84,,,,,,,,,0.428,,,,0.39,0.24,0,1,,,,,,,,,,,,
54811,20190222,-88.85,41.84,,,,,,,,,0.423,,,,0.39,0.24,0,1,,,,,,,,,,,,
54811,20190223,-88.85,41.84,,,,,,,,,0.419,,,,0.39,0.24,0,1,,,,,,,,,,,,
54811,20190224,-88.85,41.84,,,,,,,,,0.416,,,,0.39,0.25,0,1,,,,,,,,,,,,
54811,20190225,-88.85,41.84,,,,,,,,,0.415,,,,0.392,0.26,0,1,,,,,,,,,,,,
54811,20190226,-88.85,41.84,,,,,,,,,0.413,,,,0.393,0.27,0,1,,,,,,,,,,,,
54811,20190227,-88.85,41.84,,,,,,,,,0.412,,,,0.394,0.28,0,1,,,,,,,,,,,,
54811,20190228,-88.85,41.84,,,,,,,,,0.411,,,,0.394,0.28,0,1,,,,,,,,,,,,
54811,20190301,-88.85,41.84,,,,,,,,,0.41,,,,0.393,0.27,0,1,,,,,,,,,,,,
54811,20190302,-88.85,41.84,,,,,,,,,,,,,0.392,0.25,0,1,,,,,,,,,,,,
54811,20190303,-88.85,41.84,,,,,,,,,,,,,0.391,0.24,0,0.988,,,,,,,,,,,,
54811,20190304,-88.85,41.84,,,,,,,,,,,,,0.388,0.21,0,0.875,,,,,,,,,,,,
54811,20190305,-88.85,41.84,,,,,,,,,,,,,0.387,0.19,0,0.732,,,,,,,,,,,,
54811,20190306,-88.85,41.84,,,,,,,,,,,,,0.385,0.16,0,0.589,,,,,,,,,,,,
54811,20190307,-88.85,41.84,,,,,,,,,,,,,0.384,0.14,0,0.446,,,,,,,,,,,,
54811,20190308,-88.85,41.84,,,,,,,,,,,,,0.382,0.12,0,0.304,,,,,,,,,,,,
54811,20190309,-88.85,41.84,,,,,,,,,,,,,0.381,0.1,0,0.161,,,,,,,,,,,,
54811,20190310,-88.85,41.84,,,,,,,,,,,,,0.379,0.08,0,0.03,,,,,,,,,,,,
54811,20190311,-88.85,41.84,,,,,,,,,,,,,0.377,0.05,0,0,,,,,,,,,,,,
54811,20190312,-88.85,41.84,,,,,,,,,,,,,0.375,0.03,0,0,,,,,,,,,,,,
54811,20190313,-88.85,41.84,,,,,,,,,,,,,0.375,0.03,0,0.024,,,,,,,,,,,,
54811,20190314,-88.85,41.84,,,,,,,,,,,,,0.396,0.21,0,0.167,,,,,,,,,,,,
54811,20190315,-88.85,41.84,,,,,,,,,,,,,0.417,0.39,0,0.31,,,,,,,,,,,,
54811,20190316,-88.85,41.84,,,,,,,,,,,,,0.426,0.47,0,0.452,,,,,,,,,,,,
54811,20190317,-88.85,41.84,,,,,,,,,,,,,0.43,0.51,0,0.595,,,,,,,,,,,,
54811,20190318,-88.85,41.84,,,,,,,,,,,,,0.434,0.54,0,0.738,,,,,,,,,,,,
54811,20190319,-88.85,41.84,,,,,,,,,,,,,0.437,0.57,0,0.863,,,,,,,,,,,,
54811,20190320,-88.85,41.84,,,,,,,,,,,,,0.438,0.57,0,0.923,,,,,,,,,,,,
54811,20190321,-88.85,41.84,,,,,,,,,,,,,0.419,0.4,0,0.81,,,,,,,,,,,,
54811,20190322,-88.85,41.84,,,,,,,,,,,,,0.399,0.22,0,0.667,,,,,,,,,,,,
54811,20190323,-88.85,41.84,,,,,,,,,,,,,0.391,0.15,0,0.524,,,,,,,,,,,,
54811,20190324,-88.85,41.84,,,,,,,,,,,,,0.388,0.12,0,0.381,,,,,,,,,,,,
54811,20190325,-88.85,41.84,,,,,,,,,,,,,0.387,0.1,0,0.238,,,,,,,,,,,,
54811,20190326,-88.85,41.84,0.381,0.02,0.036,0,,,,,,,,,0.386,0.1,0,0.179,,,,,,,,,,,,
54811,20190327,-88.85,41.84,0.377,-0.03,0.147,0,,,,,,,,,0.386,0.1,0,0.232,,,,,,,,,,,,
54811,20190328,-88.85,41.84,0.371,-0.11,0.293,0,,,,,,,,,0.387,0.1,0,0.298,,,,,,,,,,,,
54811,20190329,-88.85,41.84,0.369,-0.15,0.316,0,,,,,,,,,0.388,0.1,0,0.357,,,,,,,,,,,,
54811,20190330,-88.85,41.84,0.367,-0.16,0.338,0,,,,,,,,,0.389,0.11,0,0.476,,,,,,,,,,,,
54811,20190331,-88.85,41.84,0.367,-0.15,0.327,0,,,,,0.389,0.43,0,0.487,0.39,0.12,0,0.619,,,,,,,,,,,,
54811,20190401,-88.85,41.84,0.364,-0.18,0.315,0,0.405,-0.03,0.068,0.074,0.386,0.37,0,0.393,0.392,0.13,0,0.756,,,,,0.385,-0.05,0.074,0,,,,
54811,20190402,-88.85,41.84,0.363,-0.18,0.296,0,0.402,-0.07,0.063,0,0.381,0.26,0,0.25,0.393,0.13,0,0.744,,,,,0.382,-0.09,0.07,0,,,,
54811,20190403,-88.85,41.84,0.362,-0.17,0.19,0,0.402,-0.06,0.042,0,0.378,0.2,0,0.155,0.393,0.12,0,0.619,,,,,0.382,-0.08,0.048,0,,,,
54811,20190404,-88.85,41.84,0.363,-0.15,0.107,0,0.404,-0.04,0,0,0.377,0.19,0,0.155,0.393,0.12,0,0.524,,,,,0.383,-0.06,0,0,,,,
54811,20190405,-88.85,41.84,0.364,-0.1,0.077,0,0.404,-0.02,0,0,0.377,0.19,0,0.155,0.393,0.11,0,0.464,,,,,0.384,-0.03,0,0,,,,
54811,20190406,-88.85,41.84,0.364,-0.08,0.048,0,0.405,0,0,0,0.378,0.19,0,0.125,0.393,0.11,0,0.363,,,,,0.385,-0.01,0,0,,,,
54811,20190407,-88.85,41.84,0.363,-0.08,0.048,0,0.405,-0.01,0,0,0.377,0.17,0,0,0.393,0.1,0,0.24,,,,,0.384,-0.02,0,0,,,,
54811,20190408,-88.85,41.84,0.368,0.01,0.048,0.09,0.407,0.03,0,0.078,0.379,0.21,0,0.084,0.393,0.1,0,0.168,,,,,0.388,0.05,0,0.084,,,,
54811,20190409,-88.85,41.84,0.372,0.09,0.048,0.174,0.41,0.09,0,0.126,0.382,0.27,0,0.228,0.395,0.11,0,0.257,,,,,0.391,0.12,0,0.186,,,,
54811,20190410,-88.85,41.84,0.373,0.14,0.048,0.174,0.412,0.12,0,0.126,0.384,0.32,0,0.371,0.397,0.13,0,0.389,,,,,0.393,0.16,0,0.186,,,,
54811,20190411,-88.85,41.84,0.374,0.18,0,0.174,0.414,0.16,0,0.126,0.385,0.36,0,0.467,0.398,0.14,0,0.533,,,,,0.394,0.19,0,0.186,,,,
54811,20190412,-88.85,41.84,0.374,0.18,0,0.21,0.414,0.18,0,0.126,0.386,0.38,0,0.539,0.399,0.14,0,0.665,,,,,0.394,0.2,0,0.192,,,,
54811,20190413,-88.85,41.84,0.374,0.2,0,0.24,0.415,0.21,0,0.132,0.386,0.39,0,0.683,0.4,0.14,0,0.754,,,,,0.394,0.22,0,0.198,,,,
54811,20190414,-88.85,41.84,0.373,0.21,0,0.238,0.415,0.22,0,0.131,0.386,0.4,0,0.732,0.4,0.14,0,0.774,,,,,0.394,0.23,0,0.196,,,,
54811,20190415,-88.85,41.84,0.368,0.15,0,0.149,0.413,0.21,0,0.054,0.384,0.36,0,0.649,0.4,0.14,0,0.732,,,,,0.391,0.18,0,0.113,,,,
54811,20190416,-88.85,41.84,0.369,0.16,0,0.179,0.413,0.23,0,0.113,0.384,0.38,0,0.619,0.4,0.14,0,0.685,,,,,0.391,0.2,0,0.125,,,,
54811,20190417,-88.85,41.84,0.372,0.2,0,0.298,0.415,0.26,0,0.256,0.386,0.41,0,0.619,0.401,0.15,0,0.685,,,,,0.393,0.23,0,0.268,,,,
54811,20190418,-88.85,41.84,0.373,0.22,0,0.298,0.416,0.29,0,0.399,0.387,0.44,0,0.667,0.401,0.15,0,0.685,,,,,0.394,0.26,0,0.339,,,,
54811,20190419,-88.85,41.84,0.372,0.22,0,0.262,0.416,0.32,0,0.536,0.387,0.46,0,0.738,0.402,0.16,0,0.696,,,,,0.394,0.27,0,0.333,,,,
54811,20190420,-88.85,41.84,0.369,0.19,0,0.232,0.416,0.32,0,0.565,0.387,0.46,0,0.732,0.402,0.16,0,0.732,,,,,0.393,0.25,0,0.327,,,,
54811,20190421,-88.85,41.84,0.365,0.15,0,0.232,0.416,0.33,0,0.577,0.388,0.46,0,0.72,0.402,0.16,0,0.75,,,,,0.39,0.23,0,0.327,,,,
54811,20190422,-88.85,41.84,0.357,0.08,0.083,0.232,0.414,0.32,0,0.577,0.388,0.46,0,0.72,0.402,0.16,0,0.774,,,,,0.385,0.17,0,0.327,,,,
54811,20190423,-88.85,41.84,0.344,-0.05,0.143,0.119,0.409,0.25,0,0.47,0.384,0.38,0,0.607,0.4,0.14,0,0.679,,,,,0.376,0.05,0.048,0.214,,,,
54811,20190424,-88.85,41.84,0.333,-0.15,0.149,0,0.402,0.17,0,0.327,0.381,0.31,0,0.464,0.398,0.12,0,0.542,,,,,0.368,-0.05,0.048,0.071,,,,
54811,20190425,-88.85,41.84,0.322,-0.24,0.232,0,0.395,0.09,0,0.185,0.378,0.25,0,0.321,0.396,0.1,0,0.411,,,,,0.359,-0.16,0.125,0,,,,
54811,20190426,-88.85,41.84,0.311,-0.33,0.327,0,0.386,-0.01,0.042,0.048,0.375,0.2,0,0.179,0.394,0.09,0,0.274,,,,,0.349,-0.26,0.232,0,,,,
54811,20190427,-88.85,41.84,0.302,-0.39,0.399,0,0.376,-0.12,0.185,0.012,0.372,0.16,0,0.042,0.393,0.08,0,0.137,,,,,0.339,-0.36,0.369,0,,,,
54811,20190428,-88.85,41.84,0.311,-0.28,0.417,0.119,0.375,-0.13,0.22,0.071,0.374,0.19,0,0.095,0.392,0.08,0,0.125,,,,,0.343,-0.29,0.393,0.107,,,,
54811,20190429,-88.85,41.84,0.329,-0.09,0.333,0.262,0.383,-0.02,0.22,0.214,0.38,0.29,0,0.238,0.394,0.13,0,0.22,,,,,0.356,-0.11,0.393,0.25,,,,
54811,20190430,-88.85,41.84,0.347,0.11,0.274,0.405,0.395,0.12,0.22,0.357,0.388,0.41,0,0.381,0.406,0.29,0,0.363,,,,,0.371,0.09,0.345,0.393,,,,
54811,20190501,-88.85,41.84,0.367,0.3,0.268,0.548,0.41,0.29,0.22,0.5,0.397,0.54,0,0.524,0.42,0.49,0,0.5,,,,,0.388,0.3,0.345,0.536,,,,
54811,20190502,-88.85,41.84,0.387,0.5,0.185,0.69,0.424,0.45,0.22,0.643,0.405,0.66,0,0.667,0.437,0.73,0,0.631,,,,,0.406,0.5,0.268,0.679,,,,
54811,20190503,-88.85,41.84,0.414,0.75,0.089,0.833,0.449,0.71,0.179,0.786,0.422,0.89,0,0.81,0.455,0.99,0,0.768,,,,,0.431,0.78,0.161,0.821,,,,
54811,20190504,-88.85,41.84,0.434,0.95,0.018,0.976,0.468,0.92,0.036,0.929,0.433,1.04,0,0.952,0.473,1.29,0,0.905,,,,,0.451,1.01,0.024,0.964,,,,
54811,20190505,-88.85,41.84,0.436,0.97,0,1,0.477,1,0,1,0.436,1.07,0,1,0.485,1.48,0,1,,,,,0.456,1.05,0,1,,,,
54811,20190506,-88.85,41.84,0.429,0.92,0,1,0.475,0.97,0,1,0.434,1.03,0,1,0.488,1.55,0,1,,,,,0.452,1.01,0,1,,,,
54811,20190507,-88.85,41.84,0.423,0.87,0,1,0.471,0.91,0,1,0.43,0.96,0,1,0.481,1.48,0,1,,,,,0.447,0.95,0,1,,,,
54811,20190508,-88.85,41.84,0.422,0.86,0,1,0.466,0.85,0,1,0.426,0.89,0,1,0.471,1.36,0,1,,,,,0.444,0.92,0,1,,,,
54811,20190509,-88.85,41.84,0.427,0.9,0,1,0.466,0.84,0,1,0.425,0.87,0,1,0.459,1.22,0,1,,,,,0.447,0.94,0,1,,,,
54811,20190510,-88.85,41.84,0.423,0.86,0,1,0.458,0.74,0,1,0.417,0.76,0,1,0.448,1.1,0,1,,,,,0.441,0.87,0,1,,,,
54811,20190511,-88.85,41.84,0.422,0.84,0,1,0.455,0.7,0,1,0.413,0.7,0,1,0.436,0.92,0,1,,,,,0.439,0.84,0,1,,,,
54811,20190512,-88.85,41.84,0.423,0.84,0,1,0.454,0.68,0,1,0.412,0.68,0,1,0.429,0.81,0,1,,,,,0.439,0.83,0,1,,,,
54811,20190513,-88.85,41.84,0.427,0.85,0,1,0.455,0.68,0,1,0.412,0.67,0,1,0.426,0.77,0,1,,,,,0.441,0.84,0,1,,,,
54811,20190514,-88.85,41.84,0.429,0.86,0,1,0.455,0.67,0,1,0.412,0.65,0,1,0.425,0.75,0,1,,,,,0.442,0.84,0,1,,,,
54811,20190515,-88.85,41.84,0.423,0.8,0,0.964,0.453,0.65,0,0.917,0.411,0.63,0,1,0.423,0.73,0,1,,,,,0.438,0.79,0,1,,,,
54811,20190516,-88.85,41.84,0.407,0.69,0,0.821,0.444,0.58,0,0.774,0.406,0.56,0,0.994,0.421,0.68,0,1,,,,,0.425,0.69,0,0.887,,,,
54811,20190517,-88.85,41.84,0.406,0.68,0,0.798,0.443,0.57,0,0.744,0.405,0.53,0,0.994,0.417,0.62,0,1,,,,,0.425,0.68,0,0.863,,,,
54811,20190518,-88.85,41.84,0.411,0.71,0,0.798,0.446,0.6,0,0.744,0.407,0.54,0,0.994,0.418,0.61,0,1,,,,,0.428,0.71,0,0.863,,,,
54811,20190519,-88.85,41.84,0.419,0.78,0,0.798,0.451,0.65,0,0.744,0.412,0.57,0,0.994,0.42,0.63,0,1,,,,,0.435,0.78,0,0.863,,,,
54811,20190520,-88.85,41.84,0.424,0.83,0,0.798,0.455,0.69,0,0.744,0.415,0.58,0,0.994,0.422,0.66,0,1,,,,,0.439,0.83,0,0.863,,,,
54811,20190521,-88.85,41.84,0.427,0.87,0,0.798,0.457,0.72,0,0.744,0.417,0.6,0,0.994,0.423,0.68,0,1,,,,,0.442,0.88,0,0.863,,,,
54811,20190522,-88.85,41.84,0.435,0.95,0,0.833,0.463,0.79,0,0.827,0.42,0.63,0,0.994,0.425,0.71,0,1,,,,,0.449,0.96,0,0.863,,,,
54811,20190523,-88.85,41.84,0.453,1.09,0,0.976,0.475,0.91,0,0.97,0.427,0.7,0,1,0.429,0.77,0,1,,,,,0.464,1.1,0,0.976,,,,
54811,20190524,-88.85,41.84,0.458,1.16,0,1,0.481,0.98,0,1,0.429,0.72,0,1,0.433,0.82,0,1,,,,,0.469,1.18,0,1,,,,
54811,20190525,-88.85,41.84,0.46,1.21,0,1,0.483,1.02,0,1,0.429,0.72,0,1,0.432,0.82,0,1,,,,,0.472,1.22,0,1,,,,
54811,20190526,-88.85,41.84,0.459,1.23,0,1,0.483,1.06,0,1,0.427,0.71,0,1,0.431,0.8,0,1,,,,,0.471,1.25,0,1,,,,
54811,20190527,-88.85,41.84,0.459,1.27,0,1,0.486,1.11,0,1,0.427,0.71,0,1,0.43,0.78,0,1,,,,,0.472,1.28,0,1,,,,
54811,20190528,-88.85,41.84,0.468,1.35,0,1,0.493,1.19,0,1,0.431,0.75,0,1,0.432,0.81,0,1,,,,,0.48,1.36,0,1,,,,
54811,20190529,-88.85,41.84,0.476,1.43,0,1,0.499,1.27,0,1,0.435,0.79,0,1,0.435,0.85,0,1,,,,,0.487,1.43,0,1,,,,
54811,20190530,-88.85,41.84,0.479,1.46,0,1,0.502,1.32,0,1,0.437,0.81,0,1,0.439,0.9,0,1,,,,,0.49,1.46,0,1,,,,
54811,20190531,-88.85,41.84,0.482,1.49,0,1,0.506,1.38,0,1,0.442,0.86,0,1,0.451,1.08,0,1,,,,,0.494,1.49,0,1,,,,
54811,20190601,-88.85,41.84,0.482,1.5,0,1,0.508,1.42,0,1,0.443,0.89,0,1,0.458,1.18,0,1,,,,,0.495,1.51,0,1,,,,
54811,20190602,-88.85,41.84,0.48,1.49,0,1,0.508,1.45,0,1,0.444,0.91,0,1,0.461,1.22,0,1,,,,,0.494,1.51,0,1,,,,
54811,20190603,-88.85,41.84,0.475,1.46,0,1,0.508,1.47,0,1,0.444,0.92,0,1,0.462,1.24,0,1,,,,,0.492,1.5,0,1,,,,
54811,20190604,-88.85,41.84,0.46,1.36,0,1,0.502,1.44,0,1,0.44,0.91,0,1,0.461,1.23,0,1,,,,,0.481,1.43,0,1,,,,
54811,20190605,-88.85,41.84,0.457,1.33,0,1,0.501,1.44,0,1,0.439,0.91,0,1,0.459,1.21,0,1,,,,,0.479,1.42,0,1,,,,
54811,20190606,-88.85,41.84,0.452,1.3,0,1,0.497,1.42,0,1,0.436,0.9,0,1,0.453,1.14,0,1,,,,,0.475,1.4,0,1,,,,
54811,20190607,-88.85,41.84,0.442,1.22,0,1,0.49,1.36,0,1,0.43,0.87,0,1,0.438,0.94,0,1,,,,,0.466,1.35,0,1,,,,
54811,20190608,-88.85,41.84,0.432,1.14,0,1,0.485,1.32,0,1,0.426,0.85,0,1,0.43,0.82,0,1,,,,,0.458,1.28,0,1,,,,
54811,20190609,-88.85,41.84,0.419,1.04,0,0.994,0.478,1.26,0,1,0.424,0.84,0,1,0.426,0.78,0,1,,,,,0.448,1.2,0,1,,,,
54811,20190610,-88.85,41.84,0.407,0.95,0,0.905,0.469,1.19,0,1,0.421,0.83,0,1,0.423,0.74,0,1,,,,,0.438,1.12,0,1,,,,
54811,20190611,-88.85,41.84,0.397,0.87,0,0.762,0.458,1.1,0,1,0.418,0.81,0,1,0.421,0.72,0,1,,,,,0.427,1.03,0,0.946,,,,
54811,20190612,-88.85,41.84,0.37,0.68,0,0.619,0.438,0.96,0,0.982,0.409,0.75,0,1,0.418,0.68,0,1,,,,,0.404,0.85,0,0.804,,,,
54811,20190613,-88.85,41.84,0.351,0.53,0,0.536,0.42,0.83,0,0.946,0.401,0.69,0,1,0.415,0.63,0,1,,,,,0.385,0.7,0,0.768,,,,
54811,20190614,-88.85,41.84,0.336,0.42,0,0.411,0.402,0.7,0,0.893,0.393,0.63,0,1,0.412,0.59,0,1,,,,,0.369,0.57,0,0.673,,,,
54811,20190615,-88.85,41.84,0.322,0.32,0,0.268,0.384,0.57,0,0.75,0.384,0.57,0,0.911,0.408,0.54,0,1,,,,,0.353,0.46,0,0.53,,,,
54811,20190616,-88.85,41.84,0.328,0.34,0,0.238,0.381,0.54,0,0.714,0.377,0.51,0,0.768,0.405,0.5,0,1,,,,,0.354,0.45,0,0.494,,,,
54811,20190617,-88.85,41.84,0.345,0.43,0,0.327,0.384,0.57,0,0.714,0.374,0.49,0,0.762,0.402,0.46,0,1,,,,,0.365,0.51,0,0.494,,,,
54811,20190618,-88.85,41.84,0.365,0.53,0,0.47,0.392,0.62,0,0.714,0.372,0.48,0,0.762,0.4,0.43,0,1,,,,,0.378,0.6,0,0.548,,,,
54811,20190619,-88.85,41.84,0.385,0.65,0,0.613,0.403,0.7,0,0.732,0.372,0.48,0,0.762,0.398,0.41,0,1,,,,,0.394,0.69,0,0.69,,,,
54811,20190620,-88.85,41.84,0.399,0.71,0,0.696,0.412,0.75,0,0.768,0.373,0.49,0,0.762,0.397,0.4,0,1,,,,,0.405,0.75,0,0.726,,,,
54811,20190621,-88.85,41.84,0.412,0.79,0,0.821,0.422,0.83,0,0.821,0.374,0.5,0,0.762,0.396,0.39,0,1,,,,,0.417,0.83,0,0.821,,,,
54811,20190622,-88.85,41.84,0.429,0.87,0,0.964,0.434,0.9,0,0.964,0.376,0.52,0,0.851,0.395,0.39,0,1,,,,,0.432,0.91,0,0.964,,,,
54811,20190623,-88.85,41.84,0.43,0.86,0,1,0.434,0.9,0,1,0.378,0.53,0,0.994,0.395,0.4,0,1,,,,,0.432,0.9,0,1,,,,
54811,20190624,-88.85,41.84,0.42,0.79,0,1,0.427,0.86,0,1,0.377,0.53,0,1,0.394,0.41,0,1,,,,,0.424,0.84,0,1,,,,
54811,20190625,-88.85,41.84,0.411,0.73,0,1,0.423,0.82,0,1,0.375,0.52,0,1,0.394,0.42,0,1,,,,,0.417,0.79,0,1,,,,
54811,20190626,-88.85,41.84,0.403,0.68,0,1,0.412,0.75,0,0.932,0.369,0.48,0,0.877,0.389,0.36,0,0.877,,,,,0.407,0.72,0,1,,,,
54811,20190627,-88.85,41.84,0.393,0.61,0,0.988,0.399,0.66,0,0.784,0.363,0.44,0,0.728,0.382,0.28,0,0.728,,,,,0.396,0.64,0,0.883,,,,
54811,20190628,-88.85,41.84,0.381,0.54,0,0.846,0.383,0.56,0,0.636,0.356,0.4,0,0.58,0.375,0.2,0,0.58,,,,,0.382,0.55,0,0.735,,,,
54811,20190629,-88.85,41.84,0.367,0.46,0,0.698,0.368,0.45,0,0.488,0.348,0.35,0,0.432,0.368,0.13,0,0.432,,,,,0.368,0.45,0,0.586,,,,
54811,20190630,-88.85,41.84,0.354,0.38,0,0.549,0.353,0.35,0,0.34,0.341,0.3,0,0.284,0.361,0.06,0,0.284,,,,,0.354,0.36,0,0.438,,,,
54811,20190701,-88.85,41.84,0.343,0.32,0,0.401,0.339,0.25,0,0.191,0.332,0.24,0,0.136,0.354,-0.02,0,0.136,0.369,,,,0.341,0.28,0,0.29,0.342,,,
54811,20190702,-88.85,41.84,0.339,0.3,0,0.315,0.33,0.19,0,0.061,0.325,0.19,0,0.006,0.348,-0.08,0,0.006,0.369,,,,0.334,0.23,0,0.164,0.342,,,
54811,20190703,-88.85,41.84,0.336,0.29,0,0.238,0.329,0.18,0,0.054,0.322,0.17,0,0,0.348,-0.08,0,0,0.37,,,,0.333,0.22,0,0.089,0.341,,,
54811,20190704,-88.85,41.84,0.341,0.32,0,0.25,0.336,0.23,0,0.196,0.321,0.16,0,0,0.347,-0.07,0,0,0.37,,,,0.338,0.26,0,0.202,0.343,,,
54811,20190705,-88.85,41.84,0.343,0.34,0,0.387,0.341,0.26,0,0.333,0.319,0.15,0,0,0.347,-0.06,0,0,0.371,,,,0.342,0.29,0,0.345,0.344,,,
54811,20190706,-88.85,41.84,0.346,0.36,0,0.411,0.345,0.29,0,0.339,0.317,0.14,0,0,0.346,-0.06,0,0,0.371,,,,0.346,0.32,0,0.351,0.345,,,
54811,20190707,-88.85,41.84,0.348,0.38,0,0.411,0.349,0.32,0,0.339,0.315,0.12,0,0,0.345,-0.05,0,0,0.372,,,,0.349,0.34,0,0.351,0.346,,,
54811,20190708,-88.85,41.84,0.347,0.38,0,0.411,0.351,0.34,0,0.339,0.313,0.1,0,0,0.345,-0.05,0,0,0.373,,,,0.349,0.35,0,0.351,0.346,,,
54811,20190709,-88.85,41.84,0.339,0.33,0,0.363,0.347,0.31,0,0.339,0.309,0.07,0,0,0.344,-0.05,0,0,0.373,,,,0.343,0.31,0,0.345,0.342,,,
54811,20190710,-88.85,41.84,0.33,0.28,0,0.321,0.34,0.26,0,0.286,0.304,0.02,0,0,0.343,-0.06,0,0,0.374,,,,0.335,0.25,0,0.292,0.338,,,
54811,20190711,-88.85,41.84,0.317,0.2,0,0.179,0.329,0.19,0,0.143,0.297,-0.04,0,0,0.342,-0.06,0,0,0.374,,,,0.323,0.18,0,0.149,0.332,,,
54811,20190712,-88.85,41.84,0.304,0.12,0,0.036,0.319,0.11,0,0.006,0.29,-0.1,0,0,0.341,-0.07,0,0,0.373,,,,0.311,0.1,0,0.006,0.325,,,
54811,20190713,-88.85,41.84,0.29,0.04,0,0.012,0.308,0.04,0,0,0.283,-0.17,0.107,0,0.339,-0.08,0,0,0.373,,,,0.299,0.01,0,0,0.319,,,
54811,20190714,-88.85,41.84,0.277,-0.05,0.03,0.012,0.298,-0.04,0,0,0.276,-0.24,0.25,0,0.337,-0.1,0,0,0.372,,,,0.287,-0.07,0.006,0,0.312,,,
54811,20190715,-88.85,41.84,0.265,-0.13,0.173,0.012,0.29,-0.1,0,0,0.27,-0.3,0.393,0,0.336,-0.11,0,0,0.371,,,,0.277,-0.15,0.149,0,0.306,,,
54811,20190716,-88.85,41.84,0.255,-0.2,0.315,0.012,0.282,-0.16,0.113,0,0.265,-0.36,0.536,0,0.334,-0.13,0,0,0.37,,,,0.269,-0.21,0.292,0,0.301,,,
54811,20190717,-88.85,41.84,0.244,-0.28,0.458,0,0.275,-0.22,0.256,0,0.26,-0.41,0.679,0,0.332,-0.15,0,0,0.369,,,,0.259,-0.29,0.435,0,0.296,,,
54811,20190718,-88.85,41.84,0.232,-0.38,0.601,0,0.264,-0.31,0.399,0,0.256,-0.45,0.821,0,0.33,-0.16,0.012,0,0.368,,,,0.248,-0.38,0.577,0,0.29,,,
54811,20190719,-88.85,41.84,0.236,-0.33,0.601,0.006,0.278,-0.18,0.399,0.137,0.271,-0.27,0.821,0.137,0.331,-0.14,0.012,0,0.37,,,,0.257,-0.29,0.577,0.137,0.297,,,
54811,20190720,-88.85,41.84,0.241,-0.29,0.601,0.006,0.29,-0.07,0.399,0.28,0.285,-0.11,0.714,0.28,0.333,-0.11,0.012,0,0.371,,,,0.266,-0.21,0.577,0.155,0.304,,,
54811,20190721,-88.85,41.84,0.244,-0.25,0.571,0.006,0.3,0.02,0.399,0.321,0.296,0.03,0.571,0.423,0.334,-0.08,0.012,0,0.372,,,,0.272,-0.14,0.571,0.155,0.309,,,
54811,20190722,-88.85,41.84,0.247,-0.21,0.429,0.006,0.309,0.1,0.399,0.321,0.307,0.15,0.429,0.488,0.336,-0.05,0.012,0,0.373,,,,0.278,-0.08,0.429,0.155,0.314,,,
54811,20190723,-88.85,41.84,0.25,-0.18,0.286,0.006,0.316,0.17,0.286,0.321,0.316,0.26,0.286,0.488,0.337,-0.02,0.012,0,0.373,,,,0.283,-0.03,0.286,0.155,0.319,,,
54811,20190724,-88.85,41.84,0.252,-0.15,0.208,0.006,0.322,0.22,0.143,0.321,0.323,0.35,0.143,0.488,0.338,0,0.012,0,0.374,,,,0.287,0.01,0.143,0.155,0.322,,,
54811,20190725,-88.85,41.84,0.253,-0.12,0.208,0.006,0.326,0.26,0,0.321,0.329,0.42,0,0.488,0.34,0.03,0,0,0.375,,,,0.29,0.05,0,0.155,0.324,,,
54811,20190726,-88.85,41.84,0.24,-0.21,0.351,0,0.308,0.1,0,0.185,0.313,0.24,0,0.351,0.338,0.01,0,0,0.373,,,,0.274,-0.08,0.125,0.018,0.315,,,
54811,20190727,-88.85,41.84,0.229,-0.28,0.494,0,0.293,-0.04,0.042,0.042,0.299,0.09,0.065,0.208,0.335,-0.01,0,0,0.372,,,,0.261,-0.19,0.268,0,0.306,,,
54811,20190728,-88.85,41.84,0.221,-0.34,0.637,0,0.279,-0.15,0.173,0,0.287,-0.05,0.208,0.065,0.333,-0.03,0,0,0.371,,,,0.25,-0.28,0.411,0,0.298,,,
54811,20190729,-88.85,41.84,0.213,-0.38,0.774,0,0.267,-0.26,0.315,0,0.275,-0.18,0.351,0,0.331,-0.05,0,0,0.37,,,,0.24,-0.35,0.548,0,0.291,,,
54811,20190730,-88.85,41.84,0.215,-0.35,0.774,0,0.264,-0.27,0.363,0,0.268,-0.24,0.399,0,0.329,-0.07,0,0,0.37,,,,0.239,-0.34,0.565,0,0.289,,,
54811,20190731,-88.85,41.84,0.217,-0.32,0.708,0,0.264,-0.26,0.363,0,0.264,-0.29,0.399,0,0.327,-0.09,0,0,0.369,,,,0.24,-0.32,0.565,0,0.288,,,
54811,20190801,-88.85,41.84,0.218,-0.3,0.565,0,0.263,-0.26,0.363,0,0.259,-0.32,0.458,0,0.325,-0.12,0,0,0.368,,,,0.24,-0.31,0.565,0,0.287,,,
54811,20190802,-88.85,41.84,0.218,-0.29,0.435,0,0.261,-0.27,0.363,0,0.256,-0.35,0.601,0,0.323,-0.14,0,0,0.367,,,,0.239,-0.3,0.464,0,0.285,,,
54811,20190803,-88.85,41.84,0.217,-0.29,0.435,0,0.258,-0.28,0.452,0,0.252,-0.37,0.679,0,0.322,-0.16,0,0,0.367,,,,0.238,-0.31,0.464,0,0.283,,,
54811,20190804,-88.85,41.84,0.216,-0.29,0.435,0,0.255,-0.29,0.464,0,0.249,-0.39,0.679,0,0.32,-0.19,0,0,0.366,,,,0.236,-0.32,0.464,0,0.281,,,
54811,20190805,-88.85,41.84,0.215,-0.3,0.44,0,0.253,-0.31,0.464,0,0.247,-0.42,0.679,0,0.319,-0.21,0,0,0.365,,,,0.234,-0.33,0.47,0,0.28,,,
54811,20190806,-88.85,41.84,0.207,-0.35,0.548,0,0.245,-0.38,0.524,0,0.244,-0.44,0.738,0,0.317,-0.23,0,0,0.364,,,,0.226,-0.39,0.56,0,0.275,,,
54811,20190807,-88.85,41.84,0.205,-0.36,0.548,0,0.241,-0.41,0.524,0,0.25,-0.38,0.738,0,0.316,-0.24,0,0,0.364,,,,0.223,-0.42,0.56,0,0.275,,,
54811,20190808,-88.85,41.84,0.203,-0.38,0.571,0,0.238,-0.44,0.565,0,0.255,-0.33,0.679,0,0.316,-0.24,0,0,0.363,,,,0.221,-0.44,0.655,0,0.275,,,
54811,20190809,-88.85,41.84,0.202,-0.4,0.702,0,0.236,-0.45,0.708,0,0.259,-0.29,0.536,0,0.315,-0.25,0,0,0.363,,,,0.219,-0.46,0.774,0,0.275,,,
54811,20190810,-88.85,41.84,0.2,-0.41,0.702,0,0.235,-0.47,0.72,0,0.262,-0.25,0.476,0,0.314,-0.25,0,0,0.362,,,,0.217,-0.47,0.774,0,0.275,,,
54811,20190811,-88.85,41.84,0.199,-0.42,0.696,0,0.234,-0.48,0.714,0,0.264,-0.23,0.47,0,0.314,-0.25,0,0,0.362,,,,0.217,-0.48,0.768,0,0.275,,,
54811,20190812,-88.85,41.84,0.215,-0.29,0.554,0.03,0.255,-0.28,0.571,0.143,0.284,-0.01,0.327,0.143,0.316,-0.21,0,0,0.366,,,,0.235,-0.32,0.625,0.143,0.287,,,
54811,20190813,-88.85,41.84,0.229,-0.17,0.446,0.113,0.275,-0.09,0.464,0.286,0.3,0.15,0.22,0.286,0.319,-0.17,0,0,0.368,,,,0.252,-0.16,0.518,0.244,0.298,,,
54811,20190814,-88.85,41.84,0.24,-0.07,0.446,0.256,0.291,0.05,0.464,0.429,0.306,0.22,0.22,0.429,0.321,-0.14,0,0,0.371,,,,0.266,-0.03,0.518,0.387,0.306,,,
54811,20190815,-88.85,41.84,0.252,0.04,0.423,0.31,0.306,0.2,0.423,0.571,0.314,0.3,0.22,0.571,0.323,-0.1,0,0,0.373,,,,0.279,0.1,0.423,0.53,0.313,,,
54811,20190816,-88.85,41.84,0.262,0.14,0.28,0.31,0.319,0.33,0.28,0.714,0.321,0.38,0.22,0.714,0.325,-0.06,0,0,0.375,,,,0.291,0.22,0.28,0.56,0.321,,,
54811,20190817,-88.85,41.84,0.272,0.23,0.137,0.31,0.332,0.45,0.137,0.738,0.33,0.47,0.137,0.72,0.328,-0.02,0,0,0.376,,,,0.302,0.33,0.137,0.56,0.328,,,
54811,20190818,-88.85,41.84,0.28,0.31,0,0.31,0.344,0.56,0,0.738,0.339,0.56,0,0.72,0.33,0.02,0,0,0.378,,,,0.312,0.43,0,0.56,0.334,,,
54811,20190819,-88.85,41.84,0.273,0.25,0,0.28,0.334,0.47,0,0.595,0.331,0.46,0,0.577,0.329,0.02,0,0,0.376,,,,0.303,0.35,0,0.417,0.328,,,
54811,20190820,-88.85,41.84,0.263,0.17,0,0.196,0.321,0.35,0,0.452,0.322,0.37,0,0.435,0.328,0.01,0,0,0.374,,,,0.292,0.26,0,0.315,0.322,,,
54811,20190821,-88.85,41.84,0.257,0.12,0,0.054,0.315,0.29,0,0.411,0.315,0.29,0,0.292,0.327,-0.01,0,0,0.373,,,,0.286,0.2,0,0.208,0.317,,,
54811,20190822,-88.85,41.84,0.256,0.12,0,0.006,0.313,0.27,0,0.381,0.312,0.25,0,0.179,0.325,-0.03,0,0,0.372,,,,0.285,0.19,0,0.161,0.316,,,
54811,20190823,-88.85,41.84,0.256,0.12,0,0.006,0.314,0.27,0,0.363,0.31,0.22,0,0.036,0.324,-0.06,0,0,0.371,,,,0.285,0.2,0,0.173,0.315,,,
54811,20190824,-88.85,41.84,0.256,0.12,0,0.006,0.314,0.26,0,0.339,0.308,0.19,0,0.03,0.323,-0.09,0,0,0.371,,,,0.285,0.2,0,0.173,0.314,,,
54811,20190825,-88.85,41.84,0.255,0.1,0,0.006,0.312,0.25,0,0.339,0.305,0.16,0,0.03,0.322,-0.13,0,0,0.37,,,,0.283,0.19,0,0.173,0.313,,,
54811,20190826,-88.85,41.84,0.254,0.1,0,0.012,0.312,0.24,0,0.357,0.302,0.12,0,0.036,0.321,-0.17,0,0,0.369,,,,0.283,0.18,0,0.185,0.311,,,
54811,20190827,-88.85,41.84,0.269,0.22,0,0.155,0.328,0.38,0,0.5,0.312,0.2,0,0.179,0.321,-0.2,0,0,0.368,,,,0.298,0.32,0,0.327,0.319,,,
54811,20190828,-88.85,41.84,0.275,0.27,0,0.232,0.334,0.44,0,0.542,0.32,0.26,0,0.321,0.321,-0.22,0,0,0.368,,,,0.305,0.38,0,0.435,0.324,,,
54811,20190829,-88.85,41.84,0.275,0.26,0,0.226,0.334,0.44,0,0.571,0.323,0.27,0,0.321,0.32,-0.24,0,0,0.367,,,,0.305,0.38,0,0.387,0.324,,,
54811,20190830,-88.85,41.84,0.274,0.25,0,0.226,0.333,0.43,0,0.482,0.325,0.27,0,0.321,0.32,-0.26,0,0,0.366,,,,0.304,0.37,0,0.345,0.324,,,
54811,20190831,-88.85,41.84,0.273,0.24,0,0.226,0.333,0.44,0,0.482,0.327,0.28,0,0.321,0.32,-0.27,0,0,0.366,,,,0.303,0.37,0,0.345,0.324,,,
54811,20190901,-88.85,41.84,0.275,0.25,0,0.232,0.336,0.47,0,0.512,0.329,0.29,0,0.321,0.319,-0.27,0,0,0.366,,,,0.305,0.39,0,0.375,0.325,,,
54811,20190902,-88.85,41.84,0.283,0.33,0,0.226,0.347,0.56,0,0.637,0.332,0.31,0,0.315,0.319,-0.27,0,0,0.365,,,,0.315,0.48,0,0.506,0.329,,,
54811,20190903,-88.85,41.84,0.276,0.28,0,0.083,0.34,0.51,0,0.637,0.322,0.23,0,0.173,0.319,-0.27,0,0,0.365,,,,0.308,0.43,0,0.506,0.324,,,
54811,20190904,-88.85,41.84,0.285,0.37,0,0.149,0.347,0.57,0,0.637,0.328,0.27,0,0.167,0.327,-0.19,0,0.137,0.369,,,,0.316,0.52,0,0.506,0.331,,,
54811,20190905,-88.85,41.84,0.296,0.47,0,0.292,0.354,0.64,0,0.637,0.334,0.32,0,0.28,0.334,-0.13,0,0.161,0.372,,,,0.325,0.61,0,0.601,0.338,,,
54811,20190906,-88.85,41.84,0.306,0.59,0,0.435,0.363,0.72,0,0.744,0.34,0.38,0,0.423,0.341,-0.06,0,0.161,0.375,,,,0.335,0.72,0,0.744,0.345,,,
54811,20190907,-88.85,41.84,0.317,0.7,0,0.577,0.372,0.82,0,0.887,0.348,0.44,0,0.565,0.347,0,0,0.161,0.378,,,,0.345,0.83,0,0.887,0.353,,,
54811,20190908,-88.85,41.84,0.326,0.79,0,0.714,0.38,0.91,0,1,0.357,0.51,0,0.708,0.354,0.06,0,0.161,0.38,,,,0.353,0.93,0,1,0.359,,,
54811,20190909,-88.85,41.84,0.329,0.84,0,0.857,0.382,0.94,0,1,0.365,0.58,0,0.851,0.36,0.11,0,0.161,0.383,,,,0.355,0.98,0,1,0.364,,,
54811,20190910,-88.85,41.84,0.335,0.9,0,1,0.385,0.99,0,1,0.373,0.65,0,0.994,0.366,0.17,0,0.161,0.386,,,,0.36,1.05,0,1,0.369,,,
54811,20190911,-88.85,41.84,0.325,0.84,0,1,0.378,0.97,0,1,0.368,0.61,0,1,0.363,0.13,0,0.024,0.383,,,,0.352,1.01,0,1,0.364,,,
54811,20190912,-88.85,41.84,0.318,0.79,0,1,0.374,0.96,0,1,0.365,0.58,0,1,0.361,0.12,0,0,0.382,,,,0.346,0.98,0,1,0.36,,,
54811,20190913,-88.85,41.84,0.325,0.85,0,1,0.379,1.04,0,1,0.368,0.61,0,1,0.363,0.14,0,0.048,0.383,,,,0.352,1.06,0,1,0.364,,,
54811,20190914,-88.85,41.84,0.338,0.97,0,1,0.386,1.13,0,1,0.375,0.66,0,1,0.37,0.2,0,0.19,0.386,,,,0.362,1.17,0,1,0.371,,,
54811,20190915,-88.85,41.84,0.352,1.09,0,1,0.392,1.21,0,1,0.379,0.7,0,1,0.374,0.23,0,0.333,0.387,,,,0.372,1.26,0,1,0.377,,,
54811,20190916,-88.85,41.84,0.369,1.25,0,1,0.401,1.32,0,1,0.387,0.75,0,1,0.38,0.28,0,0.476,0.389,,,,0.385,1.39,0,1,0.385,,,
54811,20190917,-88.85,41.84,0.381,1.36,0,1,0.408,1.39,0,1,0.392,0.79,0,1,0.384,0.32,0,0.619,0.391,,,,0.394,1.48,0,1,0.391,,,
54811,20190918,-88.85,41.84,0.39,1.44,0,1,0.413,1.44,0,1,0.396,0.82,0,1,0.387,0.35,0,0.762,0.393,,,,0.402,1.55,0,1,0.396,,,
54811,20190919,-88.85,41.84,0.398,1.52,0,1,0.418,1.49,0,1,0.4,0.86,0,1,0.389,0.37,0,0.899,0.394,,,,0.408,1.61,0,1,0.4,,,
54811,20190920,-88.85,41.84,0.392,1.47,0,1,0.415,1.45,0,1,0.398,0.85,0,1,0.388,0.36,0,0.988,0.393,,,,0.403,1.56,0,1,0.397,,,
54811,20190921,-88.85,41.84,0.379,1.37,0,1,0.409,1.39,0,1,0.393,0.82,0,1,0.381,0.31,0,0.97,0.391,,,,0.394,1.48,0,1,0.39,,,
54811,20190922,-88.85,41.84,0.38,1.39,0,1,0.412,1.39,0,1,0.394,0.85,0,1,0.38,0.32,0,0.97,0.39,,,,0.396,1.5,0,1,0.391,,,
54811,20190923,-88.85,41.84,0.383,1.41,0,1,0.413,1.38,0,1,0.395,0.88,0,1,0.38,0.34,0,0.97,0.391,,,,0.398,1.52,0,1,0.393,,,
54811,20190924,-88.85,41.84,0.385,1.43,0,1,0.414,1.37,0,1,0.396,0.9,0,1,0.381,0.37,0,0.97,0.391,,,,0.4,1.54,0,1,0.393,,,
54811,20190925,-88.85,41.84,0.387,1.45,0,1,0.415,1.36,0,1,0.397,0.93,0,1,0.381,0.39,0,0.97,0.392,,,,0.401,1.55,0,1,0.394,,,
54811,20190926,-88.85,41.84,0.389,1.46,0,1,0.416,1.35,0,1,0.397,0.95,0,1,0.381,0.41,0,0.976,0.392,,,,0.403,1.56,0,1,0.395,,,
54811,20190927,-88.85,41.84,0.39,1.46,0,1,0.417,1.34,0,1,0.398,0.96,0,1,0.382,0.42,0,0.982,0.392,,,,0.403,1.56,0,1,0.395,,,
54811,20190928,-88.85,41.84,0.404,1.57,0,1,0.424,1.39,0,1,0.402,1.01,0,1,0.382,0.44,0,1,0.392,,,,0.414,1.64,0,1,0.401,,,
54811,20190929,-88.85,41.84,0.409,1.6,0,1,0.425,1.39,0,1,0.403,1.03,0,1,0.384,0.46,0,1,0.393,,,,0.417,1.64,0,1,0.403,,,
54811,20190930,-88.85,41.84,0.408,1.56,0,1,0.424,1.36,0,1,0.402,1.02,0,1,0.383,0.46,0,1,0.393,,,,0.416,1.59,0,1,0.402,,,
54811,20191001,-88.85,41.84,0.409,1.54,0,1,0.424,1.35,0,1,0.401,1.03,0,1,0.382,0.46,0,1,0.393,,,,0.417,1.56,0,1,0.402,,,
54811,20191002,-88.85,41.84,0.411,1.52,0,1,0.425,1.33,0,1,0.402,1.04,0,1,0.382,0.46,0,1,0.393,,,,0.418,1.52,0,1,0.402,,,
54811,20191003,-88.85,41.84,0.419,1.54,0,1,0.43,1.34,0,1,0.405,1.06,0,1,0.383,0.47,0,1,0.393,,,,0.424,1.53,0,1,0.406,,,
54811,20191004,-88.85,41.84,0.432,1.61,0,1,0.435,1.35,0,1,0.409,1.1,0,1,0.385,0.5,0,1,0.394,,,,0.434,1.55,0,1,0.411,,,
54811,20191005,-88.85,41.84,0.432,1.55,0,1,0.433,1.3,0,1,0.407,1.09,0,1,0.386,0.51,0,1,0.395,,,,0.432,1.48,0,1,0.41,,,
54811,20191006,-88.85,41.84,0.43,1.48,0,1,0.431,1.26,0,1,0.405,1.08,0,1,0.384,0.49,0,1,0.393,,,,0.43,1.4,0,1,0.409,,,
54811,20191007,-88.85,41.84,0.428,1.42,0,1,0.429,1.22,0,1,0.403,1.06,0,1,0.382,0.48,0,1,0.392,,,,0.429,1.34,0,1,0.407,,,
54811,20191008,-88.85,41.84,0.426,1.37,0,1,0.428,1.19,0,1,0.402,1.05,0,1,0.38,0.47,0,1,0.391,,,,0.427,1.28,0,1,0.405,,,
54811,20191009,-88.85,41.84,0.423,1.32,0,1,0.427,1.15,0,1,0.401,1.03,0,1,0.379,0.46,0,1,0.39,,,,0.425,1.23,0,1,0.404,,,
54811,20191010,-88.85,41.84,0.414,1.23,0,1,0.422,1.07,0,1,0.398,1,0,1,0.378,0.45,0,1,0.389,,,,0.418,1.14,0,1,0.4,,,
54811,20191011,-88.85,41.84,0.404,1.14,0,1,0.419,1.01,0,1,0.394,0.95,0,1,0.374,0.43,0,1,0.388,,,,0.411,1.06,0,1,0.396,,,
54811,20191012,-88.85,41.84,0.406,1.13,0,1,0.421,0.98,0,1,0.394,0.93,0,1,0.372,0.41,0,1,0.387,,,,0.414,1.05,0,1,0.396,,,
54811,20191013,-88.85,41.84,0.403,1.08,0,1,0.42,0.92,0,1,0.393,0.9,0,1,0.371,0.4,0,1,0.386,,,,0.411,1,0,1,0.395,,,
54811,20191014,-88.85,41.84,0.398,1.01,0,1,0.418,0.86,0,1,0.391,0.85,0,1,0.37,0.39,0,1,0.385,,,,0.408,0.94,0,1,0.392,,,
54811,20191015,-88.85,41.84,0.393,0.95,0,1,0.417,0.81,0,1,0.39,0.82,0,1,0.368,0.39,0,1,0.384,,,,0.405,0.89,0,1,0.39,,,
54811,20191016,-88.85,41.84,0.389,0.9,0,1,0.416,0.77,0,1,0.389,0.78,0,1,0.367,0.38,0,1,0.384,,,,0.402,0.84,0,1,0.389,,,
54811,20191017,-88.85,41.84,0.386,0.85,0,1,0.415,0.73,0,1,0.388,0.75,0,1,0.367,0.37,0,1,0.383,,,,0.4,0.8,0,1,0.388,,,
54811,20191018,-88.85,41.84,0.381,0.79,0,1,0.413,0.69,0,1,0.387,0.71,0,1,0.366,0.36,0,1,0.383,,,,0.397,0.75,0,1,0.386,,,
54811,20191019,-88.85,41.84,0.363,0.66,0,0.887,0.407,0.63,0,1,0.383,0.65,0,1,0.365,0.35,0,0.958,0.382,,,,0.385,0.64,0,0.994,0.38,,,
54811,20191020,-88.85,41.84,0.348,0.54,0,0.744,0.402,0.58,0,1,0.38,0.6,0,1,0.364,0.34,0,0.857,0.382,,,,0.375,0.56,0,0.881,0.375,,,
54811,20191021,-88.85,41.84,0.334,0.43,0,0.601,0.397,0.53,0,1,0.377,0.55,0,1,0.362,0.32,0,0.726,0.381,,,,0.365,0.48,0,0.738,0.37,,,
54811,20191022,-88.85,41.84,0.337,0.43,0,0.571,0.398,0.54,0,1,0.378,0.55,0,1,0.362,0.31,0,0.69,0.381,,,,0.368,0.48,0,0.708,0.371,,,
54811,20191023,-88.85,41.84,0.344,0.45,0,0.571,0.4,0.55,0,1,0.379,0.56,0,1,0.363,0.32,0,0.69,0.381,,,,0.372,0.5,0,0.708,0.374,,,
54811,20191024,-88.85,41.84,0.351,0.47,0,0.571,0.402,0.57,0,1,0.381,0.56,0,1,0.364,0.31,0,0.69,0.381,,,,0.377,0.51,0,0.708,0.376,,,
54811,20191025,-88.85,41.84,0.359,0.49,0,0.571,0.405,0.59,0,1,0.382,0.57,0,1,0.365,0.31,0,0.595,0.382,,,,0.382,0.54,0,0.708,0.378,,,
54811,20191026,-88.85,41.84,0.368,0.52,0,0.685,0.408,0.62,0,1,0.384,0.59,0,1,0.365,0.31,0,0.494,0.382,,,,0.388,0.56,0,0.714,0.381,,,
54811,20191027,-88.85,41.84,0.386,0.61,0,0.827,0.415,0.71,0,1,0.389,0.65,0,1,0.369,0.33,0,0.53,0.383,,,,0.401,0.64,0,0.827,0.389,,,
54811,20191028,-88.85,41.84,0.405,0.71,0,0.97,0.422,0.79,0,1,0.394,0.71,0,1,0.372,0.35,0,0.657,0.385,,,,0.414,0.74,0,0.97,0.396,,,
54811,20191029,-88.85,41.84,0.41,0.73,0,1,0.424,0.83,0,1,0.395,0.73,0,1,0.374,0.35,0,0.693,0.387,,,,0.417,0.76,0,1,0.398,,,
54811,20191030,-88.85,41.84,0.414,0.75,0,1,0.426,0.9,0,1,0.396,0.75,0,1,0.375,0.35,0,0.669,0.387,,,,0.42,0.81,0,1,0.399,,,
54811,20191031,-88.85,41.84,0.421,0.8,0,1,0.429,0.97,0,1,0.398,0.79,0,1,0.375,0.34,0,0.59,0.388,,,,0.425,0.87,0,1,0.402,,,
54811,20191101,-88.85,41.84,0.427,0.85,0,1,0.431,1.04,0,1,0.4,0.83,0,1,0.377,0.35,0,0.675,0.389,,,,0.429,0.94,0,1,0.405,,,
54811,20191102,-88.85,41.84,0.436,0.93,0,1,0.435,1.12,0,1,0.403,0.88,0,1,0.378,0.36,0,0.813,0.389,,,,0.435,1.03,0,1,0.408,,,
54811,20191103,-88.85,41.84,0.437,0.94,0,1,0.434,1.14,0,1,0.402,0.88,0,1,0.378,0.35,0,0.88,0.389,,,,0.435,1.06,0,1,0.408,,,
54811,20191104,-88.85,41.84,0.437,0.95,0,1,0.433,1.15,0,1,0.4,0.88,0,1,0.377,0.33,0,0.881,0.389,,,,0.435,1.08,0,1,0.407,,,
54811,20191105,-88.85,41.84,0.437,0.96,0,1,0.433,1.16,0,1,0.4,0.87,0,1,0.376,0.32,0,0.798,0.388,,,,0.435,1.09,0,1,0.407,,,
54811,20191106,-88.85,41.84,0.434,0.94,0,1,0.431,1.14,0,1,0.398,0.85,0,1,0.375,0.31,0,0.679,0.388,,,,0.432,1.07,0,1,0.405,,,
54811,20191107,-88.85,41.84,0.429,0.91,0,1,0.429,1.11,0,1,0.396,0.82,0,1,0.375,0.3,0,0.613,0.388,,,,0.429,1.04,0,1,0.403,,,
54811,20191108,-88.85,41.84,0.425,0.89,0,1,0.427,1.06,0,1,0.393,0.78,0,1,0.373,0.28,0,0.482,0.388,,,,0.426,1,0,1,0.401,,,
54811,20191109,-88.85,41.84,0.421,0.86,0,1,0.424,1,0,1,0.39,0.72,0,1,0.371,0.26,0,0.345,0.387,,,,0.423,0.95,0,1,0.399,,,
54811,20191110,-88.85,41.84,0.416,0.83,0,1,0.421,0.93,0,1,0.386,0.66,0,1,0.368,0.23,0,0.202,0.386,,,,0.419,0.9,0,1,0.396,,,
54811,20191111,-88.85,41.84,0.412,0.81,0,1,0.419,0.87,0,1,0.384,0.61,0,1,0.366,0.2,0,0.06,0.385,,,,0.416,0.86,0,1,0.393,,,
54811,20191112,-88.85,41.84,0.41,0.81,0,1,0.417,0.81,0,1,0.382,0.57,0,1,0.364,0.18,0,0,0.384,,,,0.414,0.84,0,1,0.392,,,
54811,20191113,-88.85,41.84,0.414,0.87,0,1,0.415,0.76,0,1,0.38,0.53,0,1,0.363,0.17,0,0,0.383,,,,0.415,0.85,0,1,0.391,,,
54811,20191114,-88.85,41.84,0.418,0.95,0,1,0.414,0.71,0,1,0.379,0.49,0,1,0.362,0.15,0,0,0.382,,,,0.416,0.87,0,1,0.391,,,
54811,20191115,-88.85,41.84,0.423,1.03,0,1,0.412,0.66,0,1,0.377,0.46,0,1,0.361,0.14,0,0,0.382,,,,0.417,0.89,0,1,0.391,,,
54811,20191116,-88.85,41.84,0.426,1.11,0,1,0.411,0.61,0,1,0.376,0.43,0,1,0.36,0.12,0,0,0.382,,,,0.419,0.9,0,1,0.391,,,
54811,20191117,-88.85,41.84,0.431,1.19,0,1,0.41,0.56,0,1,0.376,0.4,0,1,0.36,0.11,0,0,0.381,,,,0.421,0.92,0,1,0.392,,,
54811,20191118,-88.85,41.84,0.437,1.29,0,1,0.409,0.52,0,0.935,0.375,0.38,0,0.917,0.359,0.1,0,0,0.381,,,,0.423,0.94,0,1,0.392,,,
54811,20191119,-88.85,41.84,0.437,1.31,0,1,0.408,0.47,0,0.792,0.374,0.35,0,0.815,0.359,0.09,0,0,0.381,,,,0.422,0.92,0,1,0.392,,,
54811,20191120,-88.85,41.84,0.433,1.28,0,1,0.408,0.43,0,0.649,0.374,0.33,0,0.696,0.359,0.08,0,0,0.381,,,,0.42,0.88,0,1,0.391,,,
54811,20191121,-88.85,41.84,0.432,1.26,0,1,0.408,0.4,0,0.512,0.374,0.32,0,0.577,0.359,0.08,0,0,0.38,,,,0.42,0.85,0,1,0.391,,,
54811,20191122,-88.85,41.84,0.435,1.29,0,1,0.414,0.43,0,0.512,0.378,0.37,0,0.577,0.36,0.08,0,0,0.38,,,,0.424,0.88,0,1,0.393,,,
54811,20191123,-88.85,41.84,0.436,1.28,0,1,0.418,0.45,0,0.512,0.381,0.4,0,0.577,0.362,0.09,0,0,0.38,,,,0.427,0.89,0,1,0.395,,,
54811,20191124,-88.85,41.84,0.436,1.26,0,1,0.421,0.46,0,0.512,0.384,0.42,0,0.577,0.364,0.1,0,0,0.381,,,,0.429,0.89,0,1,0.397,,,
54811,20191125,-88.85,41.84,0.436,1.21,0,1,0.424,0.47,0,0.577,0.386,0.44,0,0.661,0.365,0.1,0,0,0.382,,,,0.43,0.88,0,1,0.399,,,
54811,20191126,-88.85,41.84,0.44,1.24,0,1,0.427,0.48,0,0.72,0.388,0.46,0,0.762,0.366,0.11,0,0,0.383,,,,0.433,0.9,0,1,0.401,,,
54811,20191127,-88.85,41.84,0.444,1.26,0,1,0.43,0.51,0,0.863,0.39,0.48,0,0.881,0.367,0.11,0,0,0.384,,,,0.437,0.92,0,1,0.403,,,
54811,20191128,-88.85,41.84,0.449,1.31,0,1,0.434,0.55,0,1,0.394,0.52,0,1,0.369,0.12,0,0,0.384,,,,0.442,0.96,0,1,0.406,,,
54811,20191129,-88.85,41.84,0.447,1.26,0,1,0.433,0.52,0,1,0.393,0.5,0,1,0.369,0.11,0,0,0.385,,,,0.44,0.92,0,1,0.405,,,
54811,20191130,-88.85,41.84,0.448,1.22,0,1,0.433,0.51,0,1,0.393,0.5,0,1,0.369,0.1,0,0,0.385,,,,0.44,0.89,0,1,0.405,,,
54811,20191201,-88.85,41.84,0.452,1.23,0,1,0.434,0.53,0,1,0.394,0.51,0,1,0.369,0.09,0,0,0.385,,,,0.443,0.91,0,1,0.407,,,
54811,20191202,-88.85,41.84,0.458,1.25,0,1,0.437,0.56,0,1,0.397,0.53,0,1,0.369,0.09,0,0,0.384,,,,0.448,0.94,0,1,0.409,,,
54811,20191203,-88.85,41.84,0.461,1.25,0,1,0.44,0.59,0,1,0.399,0.56,0,1,0.37,0.09,0,0,0.384,,,,0.451,0.96,0,1,0.411,,,
54811,20191204,-88.85,41.84,0.463,1.23,0,1,0.441,0.6,0,1,0.4,0.57,0,1,0.37,0.09,0,0,0.385,,,,0.452,0.96,0,1,0.412,,,
54811,20191205,-88.85,41.84,0.461,1.17,0,1,0.439,0.58,0,1,0.399,0.55,0,1,0.37,0.08,0,0,0.385,,,,0.45,0.92,0,1,0.411,,,
54811,20191206,-88.85,41.84,0.46,1.13,0,1,0.439,0.58,0,1,0.398,0.54,0,1,0.37,0.07,0,0,0.385,,,,0.449,0.92,0,1,0.41,,,
54811,20191207,-88.85,41.84,0.459,1.11,0,1,0.439,0.58,0,1,0.397,0.54,0,1,0.369,0.07,0,0,0.386,,,,0.449,0.92,0,1,0.41,,,
54811,20191208,-88.85,41.84,0.455,1.04,0,1,0.437,0.56,0,1,0.396,0.52,0,1,0.369,0.06,0,0,0.386,,,,0.446,0.91,0,1,0.408,,,
54811,20191209,-88.85,41.84,0.45,0.98,0,1,0.434,0.53,0,1,0.393,0.49,0,1,0.368,0.05,0,0,0.386,,,,0.442,0.88,0,1,0.406,,,
54811,20191210,-88.85,41.84,0.447,0.95,0,1,0.431,0.5,0,1,0.392,0.47,0,1,0.366,0.04,0,0,0.385,,,,0.439,0.89,0,1,0.404,,,
54811,20191211,-88.85,41.84,0.45,0.98,0,1,0.43,0.49,0,1,0.39,0.45,0,1,0.365,0.03,0,0,0.385,,,,0.44,0.96,0,1,0.404,,,
54811,20191212,-88.85,41.84,0.452,0.99,0,1,0.428,0.46,0,0.917,0.389,0.44,0,1,0.364,0.02,0,0,0.384,,,,0.44,1.01,0,1,0.404,,,
54811,20191213,-88.85,41.84,,,,,0.426,0.43,0,0.786,0.388,0.43,0,1,0.363,0.01,0,0,0.384,,,,,,,,,,,
54811,20191214,-88.85,41.84,,,,,0.424,0.4,0,0.643,0.387,0.42,0,1,0.362,0,0,0,0.383,,,,,,,,,,,
54811,20191215,-88.85,41.84,,,,,0.422,0.37,0,0.5,0.386,0.4,0,1,0.361,0,0,0,0.382,,,,,,,,,,,
54811,20191216,-88.85,41.84,,,,,0.417,0.27,0,0.357,0.385,0.4,0,1,0.36,-0.01,0,0,0.381,,,,,,,,,,,
54811,20191217,-88.85,41.84,,,,,0.411,0.17,0,0.214,0.384,0.39,0,1,0.36,-0.01,0,0,0.381,,,,,,,,,,,
54811,20191218,-88.85,41.84,,,,,0.41,0.16,0,0.155,0.383,0.38,0,1,0.359,-0.02,0,0,0.38,,,,,,,,,,,
54811,20191219,-88.85,41.84,,,,,0.412,0.22,0,0.234,0.383,0.37,0,1,0.358,-0.03,0,0,0.379,,,,,,,,,,,
54811,20191220,-88.85,41.84,,,,,0.411,0.2,0,0.259,0.382,0.36,0,1,0.358,-0.04,0,0,0.379,,,,,,,,,,,
54811,20191221,-88.85,41.84,,,,,,,,,0.381,0.35,0,1,0.357,-0.04,0,0,0.378,,,,,,,,,,,
54811,20191222,-88.85,41.84,,,,,,,,,0.38,0.34,0,1,0.357,-0.05,0,0,0.378,,,,,,,,,,,
54811,20191223,-88.85,41.84,,,,,,,,,0.379,0.32,0,1,0.357,-0.06,0,0,0.377,,,,,,,,,,,
54811,20191224,-88.85,41.84,,,,,,,,,0.378,0.3,0,1,0.356,-0.06,0,0,0.377,,,,,,,,,,,
54811,20191225,-88.85,41.84,,,,,,,,,0.377,0.28,0,0.958,0.356,-0.07,0,0,0.376,,,,,,,,,,,
54811,20191226,-88.85,41.84,,,,,,,,,0.376,0.26,0,0.821,0.356,-0.08,0,0,0.376,,,,,,,,,,,
54811,20191227,-88.85,41.84,,,,,,,,,0.376,0.24,0,0.679,0.355,-0.08,0,0,0.375,,,,,,,,,,,
54811,20191228,-88.85,41.84,,,,,,,,,0.375,0.22,0,0.536,0.355,-0.08,0,0,0.375,,,,,,,,,,,
54811,20191229,-88.85,41.84,,,,,,,,,0.378,0.26,0,0.446,0.357,-0.08,0,0.018,0.375,,,,,,,,,,,
54811,20191230,-88.85,41.84,,,,,0.421,0.36,0.05,0.403,0.385,0.39,0,0.446,0.361,-0.04,0,0.143,0.378,,,,,,,,,,,
54811,20191231,-88.85,41.84,0.4,,,,0.426,0.4,0.047,0.439,0.391,0.49,0,0.446,0.365,-0.01,0,0.22,0.381,,,,0.412,,,,0.393,,,
54811,20200101,-88.85,41.84,0.411,,,,0.427,0.36,0.054,0.357,0.395,0.57,0,0.488,0.368,0.01,0,0.22,0.383,,,,0.419,,,,0.397,,,
54811,20200102,-88.85,41.84,0.429,,,,0.435,0.49,0,0.4,0.399,0.64,0,0.625,0.37,0.03,0,0.22,0.385,,,,0.432,,,,0.403,,,
54811,20200103,-88.85,41.84,0.44,,,,0.443,0.68,0,0.519,0.404,0.72,0,0.768,0.373,0.04,0,0.22,0.387,,,,0.442,,,,0.409,,,
54811,20200104,-88.85,41.84,0.45,,,,0.448,0.84,0,0.737,0.409,0.81,0,0.911,0.375,0.07,0,0.22,0.389,,,,0.449,,,,0.414,,,
54811,20200105,-88.85,41.84,0.451,,,,0.45,1.03,0,1,0.41,0.82,0,1,0.376,0.07,0,0.202,0.39,,,,0.45,,,,0.415,,,
54811,20200106,-88.85,41.84,0.447,,,,0.447,1.04,0,1,0.408,0.74,0,1,0.374,0.05,0,0.077,0.388,,,,0.447,,,,0.413,,,
54811,20200107,-88.85,41.84,0.444,,,,0.445,,,,0.405,0.67,0,1,0.372,0.03,0,0,0.387,,,,0.445,,,,0.411,,,
54811,20200108,-88.85,41.84,0.444,,,,0.444,,,,0.404,0.63,0,1,0.37,0.02,0,0,0.386,,,,0.444,,,,0.41,,,
54811,20200109,-88.85,41.84,0.444,,,,0.443,,,,0.403,0.59,0,1,0.37,0.02,0,0,0.386,,,,0.444,,,,0.41,,,
54811,20200110,-88.85,41.84,,,,,0.436,,,,0.401,0.54,0,1,0.368,0,0,0,0.385,,,,,,,,,,,
54811,20200111,-88.85,41.84,,,,,0.433,,,,0.4,0.49,0,1,0.368,0.01,0,0.042,0.385,,,,,,,,,,,
54811,20200112,-88.85,41.84,,,,,0.434,,,,0.401,0.46,0,1,0.37,0.03,0,0.137,0.386,,,,,,,,,,,
54811,20200113,-88.85,41.84,,,,,0.433,,,,0.401,0.43,0,1,0.37,0.03,0,0.137,0.386,,,,,,,,,,,
54811,20200114,-88.85,41.84,,,,,0.433,,,,0.401,0.4,0,1,0.371,0.04,0,0.137,0.387,,,,,,,,,,,
54811,20200115,-88.85,41.84,,,,,0.434,,,,0.402,0.36,0,1,0.371,0.04,0,0.137,0.387,,,,,,,,,,,
54811,20200116,-88.85,41.84,,,,,0.437,,,,0.403,0.33,0,1,0.371,0.05,0,0.137,0.387,,,,,,,,,,,
54811,20200117,-88.85,41.84,,,,,0.438,,,,0.404,,,,0.372,0.05,0,0.137,0.387,,,,,,,,,,,
54811,20200118,-88.85,41.84,,,,,0.439,,,,0.402,,,,0.371,0.04,0,0.095,0.387,,,,,,,,,,,
54811,20200119,-88.85,41.84,,,,,0.439,,,,0.4,,,,0.369,0.03,0,0.006,0.386,,,,,,,,,,,
54811,20200120,-88.85,41.84,,,,,0.434,,,,0.399,,,,0.369,0.03,0,0.006,0.386,,,,,,,,,,,
54811,20200121,-88.85,41.84,,,,,0.424,,,,0.398,,,,0.368,0.02,0,0.006,0.386,,,,,,,,,,,
54811,20200122,-88.85,41.84,,,,,0.409,,,,0.396,,,,0.368,0.02,0,0.006,0.386,,,,,,,,,,,
54811,20200123,-88.85,41.84,,,,,0.394,,,,0.394,,,,0.367,0.01,0,0.006,0.386,,,,,,,,,,,
54811,20200124,-88.85,41.84,,,,,0.383,,,,0.392,,,,0.367,0.01,0,0.006,0.385,,,,,,,,,,,
54811,20200125,-88.85,41.84,,,,,0.373,,,,0.392,,,,0.368,0.02,0,0.089,0.387,,,,,,,,,,,
54811,20200126,-88.85,41.84,,,,,,,,,0.391,,,,0.368,0.03,0,0.095,0.388,,,,,,,,,,,
54811,20200127,-88.85,41.84,,,,,,,,,0.391,,,,0.368,0.03,0,0.095,0.388,,,,,,,,,,,
54811,20200128,-88.85,41.84,,,,,,,,,0.39,,,,0.368,0.03,0,0.095,0.388,,,,,,,,,,,
54811,20200129,-88.85,41.84,,,,,,,,,0.39,,,,0.368,0.03,0,0.095,0.388,,,,,,,,,,,
54811,20200130,-88.85,41.84,,,,,,,,,0.391,,,,0.369,0.04,0,0.095,0.389,,,,,,,,,,,
54811,20200131,-88.85,41.84,,,,,,,,,0.391,,,,0.369,0.04,0,0.095,0.389,,,,,,,,,,,
54811,20200201,-88.85,41.84,,,,,0.402,,,,0.391,,,,0.367,0.03,0,0.012,0.387,,,,,,,,,,,
54811,20200202,-88.85,41.84,,,,,0.404,,,,0.391,,,,0.366,0.01,0,0,0.386,,,,,,,,,,,
54811,20200203,-88.85,41.84,,,,,0.418,,,,0.395,,,,0.368,0.04,0,0.113,0.387,,,,,,,,,,,
54811,20200204,-88.85,41.84,,,,,0.428,,,,0.399,,,,0.371,0.1,0,0.256,0.389,,,,,,,,,,,
54811,20200205,-88.85,41.84,,,,,0.431,,,,0.403,,,,0.373,0.13,0,0.399,0.39,,,,,,,,,,,
54811,20200206,-88.85,41.84,,,,,0.433,,,,0.405,,,,0.374,0.15,0,0.488,0.39,,,,,,,,,,,
54811,20200207,-88.85,41.84,,,,,0.434,,,,0.407,,,,0.375,0.17,0,0.494,0.391,,,,,,,,,,,
54811,20200208,-88.85,41.84,,,,,0.435,,,,0.408,,,,0.376,0.18,0,0.494,0.391,,,,,,,,,,,
54811,20200209,-88.85,41.84,,,,,0.435,,,,0.408,,,,0.377,0.19,0,0.494,0.392,,,,,,,,,,,
54811,20200210,-88.85,41.84,,,,,0.428,,,,0.406,,,,0.374,0.15,0,0.381,0.39,,,,,,,,,,,
54811,20200211,-88.85,41.84,,,,,0.423,,,,0.402,,,,0.372,0.1,0,0.238,0.389,,,,,,,,,,,
54811,20200212,-88.85,41.84,,,,,0.421,,,,0.4,,,,0.37,0.07,0,0.095,0.388,,,,,,,,,,,
54811,20200213,-88.85,41.84,,,,,0.419,,,,0.398,,,,0.369,0.06,0,0.006,0.388,,,,,,,,,,,
54811,20200214,-88.85,41.84,,,,,0.422,,,,0.397,,,,0.368,0.04,0,0,0.387,,,,,,,,,,,
54811,20200215,-88.85,41.84,,,,,0.429,,,,0.396,,,,0.368,0.04,0,0,0.387,,,,,,,,,,,
54811,20200216,-88.85,41.84,,,,,0.431,,,,0.396,,,,0.367,0.03,0,0,0.386,,,,,,,,,,,
54811,20200217,-88.85,41.84,,,,,,,,,0.394,,,,0.366,0.02,0,0,0.386,,,,,,,,,,,
54811,20200218,-88.85,41.84,,,,,,,,,0.394,,,,0.366,0.02,0,0.042,0.387,,,,,,,,,,,
54811,20200219,-88.85,41.84,,,,,,,,,0.394,,,,0.367,0.03,0,0.071,0.388,,,,,,,,,,,
54811,20200220,-88.85,41.84,,,,,,,,,0.395,,,,0.368,0.04,0,0.071,0.389,,,,,,,,,,,
54811,20200221,-88.85,41.84,,,,,,,,,0.395,,,,0.369,0.04,0,0.071,0.389,,,,,,,,,,,
54811,20200222,-88.85,41.84,,,,,,,,,0.395,,,,0.369,0.05,0,0.071,0.39,,,,,,,,,,,
54811,20200223,-88.85,41.84,,,,,,,,,0.395,,,,0.37,0.06,0,0.083,0.392,,,,,,,,,,,
54811,20200224,-88.85,41.84,,,,,,,,,0.395,,,,0.372,0.08,0,0.113,0.393,,,,,,,,,,,
54811,20200225,-88.85,41.84,,,,,,,,,0.395,,,,0.372,0.07,0,0.071,0.392,,,,,,,,,,,
54811,20200226,-88.85,41.84,,,,,,,,,0.393,,,,0.37,0.06,0,0.042,0.391,,,,,,,,,,,
54811,20200227,-88.85,41.84,,,,,,,,,0.392,,,,0.369,0.05,0,0.042,0.39,,,,,,,,,,,
54811,20200228,-88.85,41.84,,,,,,,,,0.392,,,,0.368,0.04,0,0.042,0.389,,,,,,,,,,,
54811,20200229,-88.85,41.84,,,,,,,,,0.391,,,,0.367,0.03,0,0.042,0.389,,,,,,,,,,,
54811,20200301,-88.85,41.84,,,,,,,,,0.39,,,,0.366,0.01,0,0.03,0.386,,,,,,,,,,,
54811,20200302,-88.85,41.84,,,,,,,,,0.387,,,,0.364,-0.01,0,0,0.384,,,,,,,,,,,
54811,20200303,-88.85,41.84,,,,,,,,,0.384,,,,0.362,-0.03,0,0,0.382,,,,,,,,,,,
54811,20200304,-88.85,41.84,,,,,,,,,0.383,,,,0.361,-0.04,0,0,0.381,,,,,,,,,,,
54811,20200305,-88.85,41.84,,,,,,,,,0.382,,,,0.36,-0.05,0,0,0.381,,,,,,,,,,,
54811,20200306,-88.85,41.84,,,,,,,,,0.382,,,,0.36,-0.06,0,0,0.38,,,,,,,,,,,
54811,20200307,-88.85,41.84,,,,,,,,,0.384,,,,0.36,-0.07,0,0,0.38,,,,,,,,,,,
54811,20200308,-88.85,41.84,,,,,,,,,0.387,,,,0.36,-0.08,0,0,0.38,,,,,,,,,,,
54811,20200309,-88.85,41.84,,,,,,,,,0.392,,,,0.359,-0.09,0,0,0.379,,,,,,,,,,,
54811,20200310,-88.85,41.84,,,,,,,,,0.401,,,,0.363,-0.06,0,0.089,0.381,,,,,,,,,,,
54811,20200311,-88.85,41.84,,,,,,,,,0.406,,,,0.366,-0.04,0,0.107,0.383,,,,,,,,,,,
54811,20200312,-88.85,41.84,,,,,,,,,0.409,,,,0.368,-0.03,0,0.107,0.384,,,,,,,,,,,
54811,20200313,-88.85,41.84,,,,,,,,,0.411,,,,0.37,-0.02,0,0.107,0.385,,,,,,,,,,,
54811,20200314,-88.85,41.84,0.4,,,,0.428,,,,0.412,,,,0.372,-0.01,0,0.107,0.386,,,,0.419,,,,0.403,,,
54811,20200315,-88.85,41.84,0.406,,,,0.429,,,,0.412,,,,0.373,0,0,0.107,0.387,,,,0.419,,,,0.402,,,
54811,20200316,-88.85,41.84,0.415,0.39,0,0,0.44,,,,0.411,,,,0.374,0.01,0,0.107,0.388,,,,0.427,,,,0.406,,,
54811,20200317,-88.85,41.84,0.412,0.45,0,0.6,0.441,,,,0.406,,,,0.372,-0.02,0,0.018,0.387,,,,0.427,,,,0.404,,,
54811,20200318,-88.85,41.84,0.41,0.44,0,0.7,0.438,,,,0.404,,,,0.369,-0.05,0,0,0.386,,,,0.424,,,,0.401,,,
54811,20200319,-88.85,41.84,0.412,0.61,0,0.795,0.439,0.77,0,1,0.404,0.94,0,1,0.368,-0.06,0,0,0.385,,,,0.425,,,,0.401,,,
54811,20200320,-88.85,41.84,0.416,0.77,0,0.867,0.442,0.82,0,1,0.407,1.04,0,1,0.368,-0.06,0,0,0.384,,,,0.429,1.13,0,1,0.403,,,
54811,20200321,-88.85,41.84,0.42,0.78,0,0.905,0.446,0.82,0,1,0.409,1.02,0,1,0.37,-0.05,0,0,0.384,,,,0.433,1,0,1,0.406,,,
54811,20200322,-88.85,41.84,0.421,0.73,0,0.917,0.448,0.73,0,1,0.409,0.94,0,1,0.371,-0.04,0,0,0.385,,,,0.434,0.86,0,1,0.407,,,
54811,20200323,-88.85,41.84,0.421,0.7,0,0.93,0.448,0.66,0,1,0.409,0.88,0,1,0.372,-0.03,0,0,0.385,,,,0.435,0.78,0,1,0.407,,,
54811,20200324,-88.85,41.84,0.424,0.73,0,0.938,0.449,0.65,0,1,0.41,0.86,0,1,0.372,-0.02,0,0,0.385,,,,0.437,0.8,0,1,0.408,,,
54811,20200325,-88.85,41.84,0.426,0.76,0,0.956,0.452,0.65,0,1,0.411,0.87,0,1,0.374,-0.01,0,0,0.386,,,,0.439,0.82,0,1,0.41,,,
54811,20200326,-88.85,41.84,0.425,0.74,0,0.97,0.451,0.64,0,1,0.411,0.86,0,1,0.375,-0.01,0,0,0.387,,,,0.438,0.82,0,1,0.41,,,
54811,20200327,-88.85,41.84,0.421,0.69,0,0.97,0.448,0.6,0,1,0.408,0.82,0,1,0.374,-0.02,0,0,0.387,,,,0.434,0.79,0,1,0.408,,,
54811,20200328,-88.85,41.84,0.422,0.72,0,0.97,0.446,0.57,0,1,0.408,0.83,0,1,0.374,-0.02,0,0.036,0.387,,,,0.434,0.81,0,1,0.407,,,
54811,20200329,-88.85,41.84,0.43,0.88,0,0.976,0.449,0.62,0,1,0.412,0.95,0,1,0.379,0.02,0,0.179,0.389,,,,0.439,0.94,0,1,0.412,,,
54811,20200330,-88.85,41.84,0.434,0.97,0,1,0.452,0.67,0,1,0.416,1.05,0,1,0.382,0.05,0,0.256,0.39,,,,0.443,1.03,0,1,0.415,,,
54811,20200331,-88.85,41.84,0.433,0.98,0,1,0.452,0.67,0,1,0.417,1.1,0,1,0.384,0.06,0,0.256,0.391,,,,0.443,1.03,0,1,0.415,,,
54811,20200401,-88.85,41.84,0.432,0.98,0,1,0.45,0.64,0,1,0.416,1.11,0,1,0.384,0.05,0,0.256,0.391,,,,0.441,1.01,0,1,0.415,,,
54811,20200402,-88.85,41.84,0.431,0.97,0,1,0.448,0.61,0,1,0.416,1.12,0,1,0.384,0.05,0,0.256,0.391,,,,0.439,0.99,0,1,0.414,,,
54811,20200403,-88.85,41.84,0.428,0.95,0,1,0.446,0.59,0,0.935,0.415,1.12,0,1,0.384,0.04,0,0.256,0.391,,,,0.437,0.95,0,1,0.413,,,
54811,20200404,-88.85,41.84,0.421,0.85,0,0.887,0.443,0.55,0,0.792,0.414,1.1,0,1,0.382,0.02,0,0.22,0.39,,,,0.432,0.86,0,0.905,0.41,,,
54811,20200405,-88.85,41.84,0.407,0.63,0,0.744,0.436,0.45,0,0.649,0.409,0.97,0,1,0.376,-0.05,0,0.077,0.388,,,,0.421,0.67,0,0.762,0.403,,,
54811,20200406,-88.85,41.84,0.396,0.45,0,0.601,0.43,0.36,0,0.506,0.404,0.87,0,1,0.372,-0.09,0,0,0.387,,,,0.413,0.51,0,0.619,0.398,,,
54811,20200407,-88.85,41.84,0.385,0.29,0.012,0.458,0.425,0.3,0,0.363,0.402,0.79,0,1,0.37,-0.12,0,0,0.386,,,,0.405,0.37,0,0.476,0.393,,,
54811,20200408,-88.85,41.84,0.373,0.11,0.131,0.315,0.421,0.25,0,0.22,0.4,0.74,0,1,0.368,-0.14,0,0,0.385,,,,0.397,0.23,0,0.333,0.389,,,
54811,20200409,-88.85,41.84,0.36,-0.09,0.274,0.173,0.417,0.19,0,0.077,0.398,0.69,0,1,0.367,-0.15,0,0,0.384,,,,0.388,0.08,0.101,0.19,0.385,,,
54811,20200410,-88.85,41.84,0.346,-0.29,0.417,0.03,0.413,0.13,0,0,0.396,0.63,0,1,0.366,-0.17,0,0,0.383,,,,0.379,-0.08,0.244,0.048,0.381,,,
54811,20200411,-88.85,41.84,0.332,-0.47,0.56,0,0.408,0.07,0,0,0.394,0.57,0,1,0.365,-0.18,0,0,0.382,,,,0.37,-0.23,0.387,0,0.376,,,
54811,20200412,-88.85,41.84,0.319,-0.64,0.702,0,0.403,0.01,0,0,0.391,0.52,0,1,0.364,-0.19,0,0,0.382,,,,0.361,-0.38,0.53,0,0.372,,,
54811,20200413,-88.85,41.84,0.309,-0.75,0.815,0,0.398,-0.04,0,0,0.389,0.47,0,1,0.363,-0.2,0.006,0,0.381,,,,0.354,-0.48,0.643,0,0.368,,,
54811,20200414,-88.85,41.84,0.307,-0.74,0.804,0,0.393,-0.1,0,0,0.387,0.43,0,0.929,0.363,-0.2,0.006,0,0.381,,,,0.35,-0.52,0.655,0,0.366,,,
54811,20200415,-88.85,41.84,0.305,-0.74,0.786,0,0.387,-0.16,0,0,0.385,0.38,0,0.786,0.362,-0.21,0.042,0,0.38,,,,0.346,-0.56,0.798,0,0.364,,,
54811,20200416,-88.85,41.84,0.305,-0.7,0.714,0,0.383,-0.21,0,0,0.382,0.33,0,0.643,0.361,-0.22,0.143,0,0.38,,,,0.344,-0.58,0.839,0,0.362,,,
54811,20200417,-88.85,41.84,0.307,-0.65,0.714,0,0.379,-0.24,0,0,0.379,0.28,0,0.5,0.36,-0.23,0.268,0,0.379,,,,0.343,-0.57,0.839,0,0.361,,,
54811,20200418,-88.85,41.84,0.312,-0.55,0.613,0,0.381,-0.19,0,0.089,0.379,0.29,0,0.458,0.36,-0.23,0.315,0,0.379,,,,0.346,-0.49,0.738,0,0.362,,,
54811,20200419,-88.85,41.84,0.317,-0.46,0.53,0,0.385,-0.12,0,0.143,0.38,0.31,0,0.458,0.36,-0.23,0.315,0,0.379,,,,0.351,-0.4,0.595,0,0.364,,,
54811,20200420,-88.85,41.84,0.318,-0.42,0.56,0,0.388,-0.07,0,0.143,0.381,0.32,0,0.458,0.36,-0.23,0.31,0,0.379,,,,0.353,-0.35,0.482,0,0.365,,,
54811,20200421,-88.85,41.84,0.312,-0.47,0.702,0,0.389,-0.03,0,0.143,0.381,0.32,0,0.494,0.36,-0.23,0.31,0,0.379,,,,0.351,-0.37,0.601,0,0.364,,,
54811,20200422,-88.85,41.84,0.308,-0.49,0.744,0,0.39,-0.01,0,0.143,0.381,0.32,0,0.512,0.36,-0.23,0.286,0,0.379,,,,0.349,-0.37,0.601,0,0.364,,,
54811,20200423,-88.85,41.84,0.301,-0.53,0.815,0,0.39,0.01,0,0.143,0.381,0.32,0,0.512,0.36,-0.23,0.202,0,0.379,,,,0.346,-0.39,0.601,0,0.362,,,
54811,20200424,-88.85,41.84,0.296,-0.56,0.815,0,0.389,0,0,0.143,0.382,0.33,0,0.512,0.36,-0.23,0.095,0,0.379,,,,0.342,-0.42,0.601,0,0.361,,,
54811,20200425,-88.85,41.84,0.288,-0.61,0.917,0,0.382,-0.07,0.006,0.054,0.38,0.29,0,0.411,0.36,-0.23,0.065,0,0.378,,,,0.335,-0.48,0.702,0,0.358,,,
54811,20200426,-88.85,41.84,0.302,-0.45,0.869,0.113,0.379,-0.1,0.024,0.006,0.379,0.27,0,0.375,0.359,-0.24,0.107,0,0.378,,,,0.34,-0.39,0.714,0.107,0.359,,,
54811,20200427,-88.85,41.84,0.316,-0.27,0.726,0.256,0.38,-0.08,0.024,0.036,0.378,0.26,0,0.333,0.359,-0.25,0.155,0,0.377,,,,0.348,-0.27,0.714,0.25,0.362,,,
54811,20200428,-88.85,41.84,0.332,-0.08,0.583,0.399,0.384,-0.03,0.024,0.089,0.378,0.26,0,0.333,0.358,-0.26,0.185,0,0.377,,,,0.358,-0.11,0.583,0.393,0.366,,,
54811,20200429,-88.85,41.84,0.355,0.16,0.44,0.542,0.394,0.1,0.024,0.232,0.38,0.3,0,0.458,0.359,-0.27,0.173,0,0.376,,,,0.374,0.12,0.44,0.536,0.373,,,
54811,20200430,-88.85,41.84,0.385,0.45,0.298,0.685,0.408,0.28,0.024,0.375,0.39,0.44,0,0.601,0.364,-0.21,0.155,0.125,0.378,,,,0.396,0.4,0.298,0.679,0.385,,,
54811,20200501,-88.85,41.84,0.407,0.68,0.155,0.827,0.42,0.42,0.024,0.518,0.396,0.54,0,0.744,0.368,-0.16,0.137,0.149,0.381,,,,0.413,0.61,0.155,0.821,0.394,,,
54811,20200502,-88.85,41.84,0.424,0.86,0.012,0.97,0.43,0.55,0.018,0.661,0.401,0.61,0,0.887,0.371,-0.13,0.119,0.149,0.383,,,,0.427,0.79,0.012,0.964,0.402,,,
54811,20200503,-88.85,41.84,0.416,0.79,0,0.887,0.435,0.61,0,0.798,0.405,0.65,0,0.923,0.374,-0.11,0.077,0.149,0.384,,,,0.425,0.77,0,0.923,0.403,,,
54811,20200504,-88.85,41.84,0.403,0.69,0,0.744,0.436,0.61,0,0.792,0.407,0.67,0,0.964,0.376,-0.09,0.03,0.149,0.386,,,,0.419,0.7,0,0.78,0.401,,,
54811,20200505,-88.85,41.84,0.387,0.57,0,0.601,0.433,0.58,0,0.738,0.408,0.68,0,1,0.377,-0.07,0,0.149,0.388,,,,0.41,0.6,0,0.637,0.398,,,
54811,20200506,-88.85,41.84,0.374,0.47,0,0.536,0.424,0.49,0,0.595,0.407,0.66,0,1,0.379,-0.06,0,0.149,0.389,,,,0.399,0.49,0,0.565,0.395,,,
54811,20200507,-88.85,41.84,0.356,0.32,0,0.393,0.413,0.37,0,0.452,0.398,0.53,0,0.935,0.374,-0.12,0,0.024,0.388,,,,0.384,0.34,0,0.423,0.386,,,
54811,20200508,-88.85,41.84,0.34,0.2,0,0.25,0.403,0.28,0,0.31,0.392,0.44,0,0.792,0.371,-0.17,0,0,0.386,,,,0.372,0.23,0,0.28,0.379,,,
54811,20200509,-88.85,41.84,0.325,0.1,0,0.107,0.394,0.2,0,0.167,0.387,0.37,0,0.649,0.369,-0.21,0,0,0.385,,,,0.36,0.13,0,0.137,0.372,,,
54811,20200510,-88.85,41.84,0.315,0.04,0,0.077,0.385,0.12,0,0.024,0.381,0.3,0,0.506,0.367,-0.24,0,0,0.384,,,,0.35,0.05,0,0.071,0.366,,,
54811,20200511,-88.85,41.84,0.309,0,0,0.077,0.376,0.06,0,0,0.376,0.24,0,0.363,0.365,-0.26,0,0,0.383,,,,0.343,0.01,0,0.071,0.362,,,
54811,20200512,-88.85,41.84,0.305,-0.01,0,0.077,0.369,0.01,0,0,0.372,0.19,0,0.22,0.363,-0.28,0,0,0.382,,,,0.337,-0.03,0,0.071,0.358,,,
54811,20200513,-88.85,41.84,0.292,-0.11,0.054,0,0.361,-0.04,0,0,0.367,0.13,0,0.078,0.362,-0.31,0,0,0.381,,,,0.326,-0.11,0.072,0,0.352,,,
54811,20200514,-88.85,41.84,0.28,-0.2,0.186,0.006,0.35,-0.12,0.072,0,0.361,0.07,0,0,0.36,-0.33,0.006,0,0.38,,,,0.315,-0.2,0.204,0,0.346,,,
54811,20200515,-88.85,41.84,0.302,-0.04,0.186,0.15,0.362,-0.03,0.072,0.138,0.363,0.09,0,0.048,0.366,-0.23,0.006,0.048,0.38,,,,0.332,-0.07,0.204,0.144,0.348,,,
54811,20200516,-88.85,41.84,0.328,0.13,0.186,0.293,0.376,0.08,0.072,0.281,0.375,0.2,0,0.192,0.376,-0.07,0.006,0.192,0.384,,,,0.352,0.1,0.204,0.287,0.36,,,
54811,20200517,-88.85,41.84,0.348,0.28,0.186,0.437,0.388,0.17,0.072,0.425,0.382,0.27,0,0.335,0.38,0,0.006,0.192,0.386,,,,0.368,0.23,0.204,0.431,0.37,,,
54811,20200518,-88.85,41.84,0.379,0.49,0.186,0.581,0.406,0.31,0.072,0.569,0.393,0.38,0,0.479,0.388,0.12,0.006,0.293,0.39,,,,0.393,0.43,0.204,0.575,0.385,,,
54811,20200519,-88.85,41.84,0.405,0.68,0.186,0.725,0.423,0.44,0.072,0.713,0.403,0.47,0,0.623,0.394,0.22,0.006,0.353,0.393,,,,0.414,0.61,0.204,0.719,0.399,,,
54811,20200520,-88.85,41.84,0.429,0.86,0.131,0.863,0.439,0.57,0.071,0.851,0.412,0.56,0,0.762,0.398,0.29,0.006,0.351,0.395,,,,0.434,0.79,0.131,0.857,0.411,,,
54811,20200521,-88.85,41.84,0.452,1.03,0,1,0.456,0.72,0,0.994,0.422,0.65,0,0.905,0.402,0.35,0,0.351,0.398,,,,0.454,0.97,0,1,0.422,,,
54811,20200522,-88.85,41.84,0.441,0.99,0,1,0.452,0.71,0,1,0.424,0.68,0,1,0.398,0.3,0,0.304,0.398,,,,0.446,0.94,0,1,0.422,,,
54811,20200523,-88.85,41.84,0.427,0.92,0,1,0.446,0.7,0,1,0.417,0.61,0,1,0.39,0.18,0,0.161,0.395,,,,0.436,0.89,0,1,0.415,,,
54811,20200524,-88.85,41.84,0.428,0.95,0,1,0.445,0.72,0,1,0.415,0.6,0,1,0.388,0.15,0,0.161,0.394,,,,0.436,0.92,0,1,0.414,,,
54811,20200525,-88.85,41.84,0.415,0.9,0,1,0.439,0.72,0,1,0.408,0.55,0,1,0.382,0.06,0,0.06,0.391,,,,0.427,0.88,0,1,0.407,,,
54811,20200526,-88.85,41.84,0.403,0.85,0,1,0.434,0.71,0,1,0.402,0.51,0,1,0.377,0,0,0,0.389,,,,0.419,0.85,0,1,0.401,,,
54811,20200527,-88.85,41.84,0.388,0.77,0,0.994,0.428,0.71,0,1,0.397,0.48,0,1,0.374,-0.04,0,0,0.388,,,,0.408,0.8,0,1,0.395,,,
54811,20200528,-88.85,41.84,0.373,0.69,0,0.857,0.422,0.69,0,1,0.392,0.45,0,1,0.372,-0.07,0,0,0.387,,,,0.397,0.74,0,1,0.389,,,
54811,20200529,-88.85,41.84,0.359,0.6,0,0.714,0.414,0.67,0,1,0.386,0.42,0,0.929,0.37,-0.09,0,0,0.386,,,,0.386,0.68,0,1,0.383,,,
54811,20200530,-88.85,41.84,0.345,0.53,0,0.571,0.405,0.63,0,0.952,0.379,0.39,0,0.786,0.368,-0.11,0,0,0.386,,,,0.375,0.61,0,0.875,0.377,,,
54811,20200531,-88.85,41.84,0.323,0.38,0,0.429,0.391,0.56,0,0.81,0.371,0.36,0,0.643,0.366,-0.14,0,0,0.384,,,,0.357,0.49,0,0.732,0.367,,,
54811,20200601,-88.85,41.84,0.301,0.24,0,0.286,0.375,0.47,0,0.667,0.362,0.31,0,0.5,0.364,-0.17,0,0,0.383,,,,0.338,0.37,0,0.589,0.357,,,
54811,20200602,-88.85,41.84,0.284,0.13,0,0.143,0.358,0.37,0,0.524,0.353,0.26,0,0.357,0.361,-0.2,0,0,0.382,,,,0.321,0.25,0,0.446,0.348,,,
54811,20200603,-88.85,41.84,0.269,0.04,0,0.006,0.34,0.26,0,0.381,0.342,0.19,0,0.214,0.358,-0.24,0,0,0.381,,,,0.305,0.14,0,0.304,0.338,,,
54811,20200604,-88.85,41.84,0.257,-0.04,0,0,0.324,0.16,0,0.238,0.331,0.13,0,0.071,0.355,-0.29,0,0,0.38,,,,0.29,0.05,0,0.161,0.329,,,
54811,20200605,-88.85,41.84,0.245,-0.11,0,0,0.308,0.05,0,0.095,0.319,0.06,0,0,0.351,-0.34,0.113,0,0.378,,,,0.276,-0.05,0,0.018,0.32,,,
54811,20200606,-88.85,41.84,0.235,-0.17,0,0,0.293,-0.05,0,0,0.307,-0.01,0,0,0.346,-0.41,0.256,0,0.376,,,,0.264,-0.13,0,0,0.311,,,
54811,20200607,-88.85,41.84,0.227,-0.21,0,0,0.279,-0.14,0.012,0,0.295,-0.09,0,0,0.341,-0.48,0.399,0,0.373,,,,0.253,-0.2,0.03,0,0.303,,,
54811,20200608,-88.85,41.84,0.219,-0.26,0.083,0,0.266,-0.22,0.149,0,0.282,-0.16,0.03,0,0.335,-0.57,0.542,0,0.371,,,,0.243,-0.27,0.173,0,0.295,,,
54811,20200609,-88.85,41.84,0.211,-0.3,0.226,0,0.254,-0.3,0.292,0,0.27,-0.24,0.167,0,0.328,-0.66,0.685,0,0.367,,,,0.233,-0.33,0.315,0,0.286,,,
54811,20200610,-88.85,41.84,0.216,-0.27,0.268,0,0.253,-0.31,0.333,0,0.259,-0.3,0.31,0,0.32,-0.76,0.827,0,0.362,,,,0.235,-0.31,0.357,0,0.282,,,
54811,20200611,-88.85,41.84,0.228,-0.2,0.268,0,0.256,-0.28,0.333,0,0.249,-0.36,0.452,0,0.313,-0.86,0.97,0,0.358,,,,0.242,-0.26,0.357,0,0.281,,,
54811,20200612,-88.85,41.84,0.234,-0.17,0.268,0,0.259,-0.27,0.333,0,0.241,-0.41,0.595,0,0.307,-0.94,1,0,0.354,,,,0.246,-0.23,0.357,0,0.279,,,
54811,20200613,-88.85,41.84,0.237,-0.16,0.268,0,0.259,-0.26,0.333,0,0.235,-0.45,0.738,0,0.301,-1.02,1,0,0.349,,,,0.248,-0.22,0.357,0,0.276,,,
54811,20200614,-88.85,41.84,0.238,-0.16,0.268,0,0.258,-0.27,0.375,0,0.23,-0.49,0.881,0,0.295,-1.09,1,0,0.344,,,,0.248,-0.22,0.375,0,0.273,,,
54811,20200615,-88.85,41.84,0.238,-0.16,0.304,0,0.258,-0.27,0.381,0,0.226,-0.51,0.994,0,0.29,-1.15,1,0,0.339,,,,0.248,-0.22,0.357,0,0.27,,,
54811,20200616,-88.85,41.84,0.239,-0.17,0.304,0,0.258,-0.27,0.381,0,0.224,-0.52,1,0,0.289,-1.16,1,0,0.335,,,,0.248,-0.22,0.357,0,0.269,,,
54811,20200617,-88.85,41.84,0.229,-0.23,0.405,0,0.25,-0.32,0.482,0,0.223,-0.53,1,0,0.289,-1.14,1,0,0.332,,,,0.24,-0.28,0.458,0,0.265,,,
54811,20200618,-88.85,41.84,0.213,-0.33,0.548,0,0.24,-0.39,0.625,0,0.222,-0.53,1,0,0.29,-1.12,1,0,0.33,,,,0.227,-0.37,0.601,0,0.259,,,
54811,20200619,-88.85,41.84,0.204,-0.39,0.69,0,0.231,-0.44,0.768,0,0.222,-0.54,1,0,0.292,-1.08,1,0,0.327,,,,0.217,-0.43,0.744,0,0.255,,,
54811,20200620,-88.85,41.84,0.198,-0.42,0.833,0,0.226,-0.47,0.911,0,0.222,-0.54,1,0,0.294,-1.02,1,0,0.327,,,,0.212,-0.46,0.887,0,0.253,,,
54811,20200621,-88.85,41.84,0.195,-0.45,0.976,0,0.224,-0.48,1,0,0.222,-0.54,1,0,0.297,-0.95,1,0,0.328,,,,0.209,-0.48,0.982,0,0.253,,,
54811,20200622,-88.85,41.84,0.194,-0.46,1,0,0.223,-0.49,1,0,0.222,-0.53,1,0,0.301,-0.87,1,0,0.33,,,,0.208,-0.49,1,0,0.254,,,
54811,20200623,-88.85,41.84,0.192,-0.48,1,0,0.222,-0.49,1,0,0.222,-0.53,1,0,0.302,-0.82,1,0,0.333,,,,0.207,-0.5,1,0,0.254,,,
54811,20200624,-88.85,41.84,0.191,-0.5,1,0,0.221,-0.5,1,0,0.223,-0.52,1,0,0.302,-0.79,1,0,0.335,,,,0.206,-0.51,1,0,0.254,,,
54811,20200625,-88.85,41.84,0.189,-0.52,1,0,0.22,-0.51,1,0,0.223,-0.52,1,0,0.303,-0.76,1,0,0.337,,,,0.205,-0.53,1,0,0.254,,,
54811,20200626,-88.85,41.84,0.188,-0.54,1,0,0.219,-0.52,1,0,0.223,-0.52,1,0,0.303,-0.73,1,0,0.339,,,,0.203,-0.54,1,0,0.254,,,
54811,20200627,-88.85,41.84,0.198,-0.49,0.875,0,0.227,-0.47,0.875,0,0.223,-0.52,1,0,0.305,-0.68,1,0,0.34,,,,0.212,-0.49,0.875,0,0.259,,,
54811,20200628,-88.85,41.84,0.213,-0.41,0.732,0,0.237,-0.41,0.732,0,0.225,-0.51,0.982,0,0.308,-0.64,1,0,0.34,,,,0.225,-0.42,0.732,0,0.264,,,
54811,20200629,-88.85,41.84,0.228,-0.33,0.589,0,0.247,-0.35,0.589,0,0.227,-0.49,0.899,0,0.31,-0.6,1,0,0.34,,,,0.237,-0.35,0.589,0,0.27,,,
54811,20200630,-88.85,41.84,0.241,-0.25,0.446,0,0.256,-0.29,0.446,0,0.229,-0.48,0.786,0,0.313,-0.56,1,0,0.339,,,,0.249,-0.29,0.446,0,0.276,,,
54811,20200701,-88.85,41.84,0.259,-0.16,0.304,0,0.27,-0.21,0.304,0,0.234,-0.46,0.679,0,0.315,-0.52,1,0,0.338,,,,0.265,-0.2,0.304,0,0.283,,,
54811,20200702,-88.85,41.84,0.279,-0.04,0.161,0,0.287,-0.1,0.161,0,0.241,-0.42,0.536,0,0.318,-0.48,1,0,0.338,,,,0.283,-0.09,0.161,0,0.293,,,
54811,20200703,-88.85,41.84,0.298,0.07,0.018,0,0.303,0,0.018,0,0.248,-0.38,0.393,0,0.32,-0.44,1,0,0.337,,,,0.3,0.02,0.018,0,0.301,,,
54811,20200704,-88.85,41.84,0.303,0.09,0,0,0.309,0.04,0,0,0.255,-0.34,0.25,0,0.321,-0.42,1,0,0.337,,,,0.306,0.05,0,0,0.305,,,
54811,20200705,-88.85,41.84,0.301,0.08,0,0,0.31,0.05,0,0,0.26,-0.32,0.125,0,0.32,-0.41,1,0,0.337,,,,0.306,0.05,0,0,0.306,,,
54811,20200706,-88.85,41.84,0.298,0.06,0,0,0.311,0.05,0,0,0.264,-0.29,0.065,0,0.32,-0.4,1,0,0.337,,,,0.304,0.03,0,0,0.306,,,
54811,20200707,-88.85,41.84,0.294,0.03,0,0,0.31,0.04,0,0,0.268,-0.28,0.036,0,0.32,-0.39,1,0,0.337,,,,0.302,0.02,0,0,0.306,,,
54811,20200708,-88.85,41.84,0.289,0,0,0,0.307,0.02,0,0,0.27,-0.27,0.024,0,0.321,-0.37,0.94,0,0.336,,,,0.298,-0.01,0,0,0.305,,,
54811,20200709,-88.85,41.84,0.285,-0.02,0,0,0.302,-0.01,0,0,0.272,-0.26,0.024,0,0.322,-0.34,0.798,0,0.336,,,,0.294,-0.04,0,0,0.304,,,
54811,20200710,-88.85,41.84,0.287,0.01,0,0.06,0.301,-0.03,0,0.018,0.273,-0.25,0.024,0,0.324,-0.31,0.69,0,0.337,,,,0.294,-0.03,0,0.048,0.304,,,
54811,20200711,-88.85,41.84,0.297,0.09,0,0.202,0.306,0.02,0,0.077,0.274,-0.24,0.024,0,0.324,-0.29,0.69,0,0.337,,,,0.301,0.04,0,0.19,0.308,,,
54811,20200712,-88.85,41.84,0.314,0.24,0,0.345,0.318,0.12,0,0.196,0.278,-0.21,0.024,0,0.327,-0.25,0.571,0,0.337,,,,0.316,0.17,0,0.333,0.315,,,
54811,20200713,-88.85,41.84,0.332,0.39,0,0.488,0.332,0.24,0,0.339,0.284,-0.14,0.024,0,0.331,-0.19,0.429,0,0.337,,,,0.332,0.31,0,0.476,0.323,,,
54811,20200714,-88.85,41.84,0.348,0.52,0,0.631,0.345,0.35,0,0.482,0.291,-0.06,0.024,0,0.334,-0.15,0.286,0,0.338,,,,0.346,0.44,0,0.619,0.331,,,
54811,20200715,-88.85,41.84,0.356,0.6,0,0.732,0.354,0.44,0,0.625,0.297,0,0,0,0.335,-0.12,0.202,0,0.338,,,,0.355,0.53,0,0.762,0.336,,,
54811,20200716,-88.85,41.84,0.368,0.71,0,0.821,0.367,0.55,0,0.768,0.306,0.11,0,0.071,0.336,-0.1,0.202,0,0.34,,,,0.367,0.65,0,0.863,0.343,,,
54811,20200717,-88.85,41.84,0.379,0.82,0,0.905,0.379,0.67,0,0.893,0.321,0.29,0,0.214,0.339,-0.05,0.167,0,0.342,,,,0.379,0.76,0,0.958,0.352,,,
54811,20200718,-88.85,41.84,0.38,0.84,0,0.905,0.383,0.72,0,0.976,0.334,0.45,0,0.357,0.342,0,0.024,0,0.345,,,,0.382,0.81,0,0.958,0.357,,,
54811,20200719,-88.85,41.84,0.372,0.8,0,0.905,0.381,0.71,0,1,0.345,0.58,0,0.5,0.343,0.02,0,0,0.349,,,,0.377,0.78,0,0.958,0.358,,,
54811,20200720,-88.85,41.84,0.367,0.77,0,0.905,0.377,0.68,0,1,0.351,0.66,0,0.643,0.344,0.04,0,0,0.351,,,,0.372,0.75,0,0.958,0.358,,,
54811,20200721,-88.85,41.84,0.362,0.74,0,0.905,0.374,0.67,0,1,0.357,0.73,0,0.786,0.346,0.07,0,0,0.354,,,,0.368,0.72,0,0.958,0.358,,,
54811,20200722,-88.85,41.84,0.359,0.73,0,0.875,0.372,0.65,0,0.988,0.362,0.8,0,0.929,0.348,0.11,0,0,0.357,,,,0.365,0.71,0,0.929,0.36,,,
54811,20200723,-88.85,41.84,0.347,0.65,0,0.786,0.364,0.59,0,0.869,0.362,0.79,0,1,0.348,0.12,0,0,0.36,,,,0.356,0.63,0,0.827,0.356,,,
54811,20200724,-88.85,41.84,0.33,0.51,0,0.643,0.352,0.49,0,0.726,0.355,0.71,0,1,0.348,0.12,0,0,0.36,,,,0.341,0.51,0,0.685,0.349,,,
54811,20200725,-88.85,41.84,0.314,0.4,0,0.5,0.341,0.39,0,0.583,0.348,0.63,0,0.881,0.347,0.12,0,0,0.36,,,,0.327,0.4,0,0.542,0.342,,,
54811,20200726,-88.85,41.84,0.299,0.29,0,0.357,0.329,0.29,0,0.44,0.34,0.54,0,0.738,0.345,0.11,0,0,0.359,,,,0.314,0.29,0,0.399,0.334,,,
54811,20200727,-88.85,41.84,0.284,0.18,0,0.214,0.317,0.19,0,0.298,0.332,0.45,0,0.595,0.343,0.09,0,0,0.358,,,,0.301,0.18,0,0.256,0.327,,,
54811,20200728,-88.85,41.84,0.275,0.11,0,0.071,0.306,0.09,0,0.155,0.324,0.36,0,0.452,0.341,0.07,0,0,0.357,,,,0.29,0.09,0,0.113,0.321,,,
54811,20200729,-88.85,41.84,0.265,0.05,0,0,0.295,0,0,0.024,0.316,0.27,0,0.31,0.339,0.05,0,0,0.355,,,,0.28,0.01,0,0,0.314,,,
54811,20200730,-88.85,41.84,0.256,-0.02,0,0,0.285,-0.09,0,0,0.307,0.18,0,0.167,0.336,0.02,0,0,0.354,,,,0.27,-0.07,0,0,0.307,,,
54811,20200731,-88.85,41.84,0.247,-0.07,0,0,0.276,-0.16,0,0,0.298,0.09,0,0.024,0.333,-0.01,0,0,0.353,,,,0.261,-0.13,0,0,0.301,,,
54811,20200801,-88.85,41.84,0.241,-0.12,0,0,0.268,-0.21,0,0,0.29,0.01,0,0,0.33,-0.05,0,0,0.352,,,,0.254,-0.18,0,0,0.296,,,
54811,20200802,-88.85,41.84,0.235,-0.15,0,0,0.262,-0.26,0,0,0.283,-0.05,0,0,0.328,-0.09,0,0,0.351,,,,0.248,-0.22,0,0,0.292,,,
54811,20200803,-88.85,41.84,0.23,-0.19,0,0,0.256,-0.3,0.125,0,0.277,-0.11,0,0,0.325,-0.12,0,0,0.35,,,,0.243,-0.26,0.089,0,0.288,,,
54811,20200804,-88.85,41.84,0.223,-0.24,0,0,0.251,-0.34,0.268,0,0.271,-0.17,0.036,0,0.322,-0.16,0,0,0.349,,,,0.237,-0.31,0.232,0,0.283,,,
54811,20200805,-88.85,41.84,0.217,-0.28,0.006,0,0.246,-0.37,0.411,0,0.266,-0.22,0.179,0,0.319,-0.2,0,0,0.348,,,,0.231,-0.35,0.375,0,0.279,,,
54811,20200806,-88.85,41.84,0.212,-0.31,0.137,0,0.241,-0.41,0.554,0,0.261,-0.27,0.321,0,0.317,-0.24,0,0,0.347,,,,0.227,-0.39,0.518,0,0.276,,,
54811,20200807,-88.85,41.84,0.208,-0.34,0.28,0,0.237,-0.44,0.696,0,0.256,-0.32,0.464,0,0.314,-0.27,0,0,0.345,,,,0.223,-0.42,0.661,0,0.272,,,
54811,20200808,-88.85,41.84,0.205,-0.37,0.423,0,0.234,-0.48,0.839,0,0.252,-0.36,0.607,0,0.312,-0.29,0.095,0,0.342,,,,0.219,-0.45,0.804,0,0.269,,,
54811,20200809,-88.85,41.84,0.202,-0.39,0.565,0,0.23,-0.51,0.982,0,0.248,-0.4,0.75,0,0.309,-0.33,0.238,0,0.339,,,,0.216,-0.48,0.946,0,0.266,,,
54811,20200810,-88.85,41.84,0.199,-0.42,0.708,0,0.227,-0.55,1,0,0.245,-0.44,0.893,0,0.306,-0.36,0.381,0,0.336,,,,0.213,-0.52,1,0,0.263,,,
54811,20200811,-88.85,41.84,0.204,-0.38,0.756,0,0.229,-0.52,0.905,0,0.244,-0.44,0.905,0,0.303,-0.39,0.524,0,0.333,,,,0.216,-0.48,0.905,0,0.263,,,
54811,20200812,-88.85,41.84,0.21,-0.33,0.75,0,0.234,-0.48,0.762,0,0.245,-0.43,0.762,0,0.301,-0.42,0.667,0,0.331,,,,0.222,-0.44,0.762,0,0.264,,,
54811,20200813,-88.85,41.84,0.213,-0.3,0.619,0,0.238,-0.44,0.619,0,0.245,-0.41,0.714,0,0.299,-0.44,0.81,0,0.329,,,,0.226,-0.4,0.619,0,0.265,,,
54811,20200814,-88.85,41.84,0.216,-0.28,0.476,0,0.24,-0.41,0.506,0,0.246,-0.4,0.714,0,0.297,-0.47,0.952,0,0.326,,,,0.228,-0.38,0.56,0,0.265,,,
54811,20200815,-88.85,41.84,0.217,-0.27,0.411,0,0.243,-0.39,0.494,0,0.247,-0.39,0.714,0,0.294,-0.49,1,0,0.324,,,,0.23,-0.36,0.56,0,0.265,,,
54811,20200816,-88.85,41.84,0.217,-0.26,0.411,0,0.244,-0.37,0.494,0,0.247,-0.37,0.714,0,0.293,-0.51,1,0,0.321,,,,0.231,-0.35,0.56,0,0.264,,,
54811,20200817,-88.85,41.84,0.217,-0.26,0.411,0,0.245,-0.35,0.494,0,0.247,-0.36,0.714,0,0.291,-0.53,1,0,0.319,,,,0.231,-0.34,0.56,0,0.264,,,
54811,20200818,-88.85,41.84,0.21,-0.32,0.506,0,0.24,-0.4,0.589,0,0.244,-0.39,0.81,0,0.289,-0.55,1,0,0.316,,,,0.225,-0.4,0.655,0,0.26,,,
54811,20200819,-88.85,41.84,0.201,-0.39,0.649,0,0.233,-0.46,0.732,0,0.24,-0.42,0.952,0,0.286,-0.57,1,0,0.313,,,,0.217,-0.47,0.798,0,0.255,,,
54811,20200820,-88.85,41.84,0.195,-0.45,0.792,0,0.226,-0.52,0.875,0,0.236,-0.46,1,0,0.284,-0.59,1,0,0.309,,,,0.21,-0.53,0.94,0,0.25,,,
54811,20200821,-88.85,41.84,0.19,-0.48,0.935,0,0.221,-0.58,0.988,0,0.233,-0.49,1,0,0.281,-0.62,1,0,0.305,,,,0.205,-0.58,1,0,0.246,,,
54811,20200822,-88.85,41.84,0.186,-0.51,1,0,0.215,-0.63,1,0,0.229,-0.52,1,0,0.279,-0.65,1,0,0.301,,,,0.201,-0.61,1,0,0.242,,,
54811,20200823,-88.85,41.84,0.182,-0.54,1,0,0.211,-0.67,1,0,0.226,-0.55,1,0,0.276,-0.69,1,0,0.297,,,,0.197,-0.64,1,0,0.239,,,
54811,20200824,-88.85,41.84,0.179,-0.55,1,0,0.207,-0.7,1,0,0.223,-0.57,1,0,0.274,-0.73,1,0,0.294,,,,0.193,-0.66,1,0,0.235,,,
54811,20200825,-88.85,41.84,0.177,-0.57,1,0,0.203,-0.74,1,0,0.221,-0.59,1,0,0.271,-0.78,1,0,0.29,,,,0.19,-0.69,1,0,0.232,,,
54811,20200826,-88.85,41.84,0.174,-0.58,1,0,0.199,-0.77,1,0,0.219,-0.61,1,0,0.269,-0.82,1,0,0.287,,,,0.187,-0.71,1,0,0.23,,,
54811,20200827,-88.85,41.84,0.172,-0.6,1,0,0.197,-0.78,1,0,0.217,-0.63,1,0,0.266,-0.86,1,0,0.284,,,,0.184,-0.72,1,0,0.227,,,
54811,20200828,-88.85,41.84,0.171,-0.61,1,0,0.194,-0.8,1,0,0.215,-0.65,1,0,0.264,-0.89,1,0,0.281,,,,0.182,-0.73,1,0,0.225,,,
54811,20200829,-88.85,41.84,0.169,-0.62,1,0,0.192,-0.8,1,0,0.213,-0.66,1,0,0.262,-0.91,1,0,0.278,,,,0.18,-0.74,1,0,0.223,,,
54811,20200830,-88.85,41.84,0.167,-0.63,1,0,0.189,-0.81,1,0,0.212,-0.68,1,0,0.26,-0.93,1,0,0.275,,,,0.178,-0.74,1,0,0.221,,,
54811,20200831,-88.85,41.84,0.165,-0.65,1,0,0.187,-0.81,1,0,0.21,-0.7,1,0,0.258,-0.94,1,0,0.272,,,,0.176,-0.75,1,0,0.219,,,
54811,20200901,-88.85,41.84,0.163,-0.66,1,0,0.185,-0.81,1,0,0.208,-0.71,1,0,0.256,-0.94,1,0,0.269,,,,0.174,-0.75,1,0,0.216,,,
54811,20200902,-88.85,41.84,0.162,-0.66,1,0,0.183,-0.81,1,0,0.207,-0.72,1,0,0.254,-0.94,1,0,0.267,,,,0.172,-0.75,1,0,0.215,,,
54811,20200903,-88.85,41.84,0.161,-0.66,1,0,0.181,-0.8,1,0,0.207,-0.71,1,0,0.253,-0.94,1,0,0.265,,,,0.171,-0.74,1,0,0.214,,,
54811,20200904,-88.85,41.84,0.16,-0.67,1,0,0.18,-0.8,1,0,0.206,-0.7,1,0,0.251,-0.93,1,0,0.263,,,,0.17,-0.74,1,0,0.212,,,
54811,20200905,-88.85,41.84,0.159,-0.68,1,0,0.178,-0.8,1,0,0.204,-0.7,1,0,0.25,-0.93,1,0,0.261,,,,0.169,-0.74,1,0,0.211,,,
54811,20200906,-88.85,41.84,0.158,-0.69,1,0,0.177,-0.8,1,0,0.203,-0.69,1,0,0.248,-0.92,1,0,0.26,,,,0.168,-0.74,1,0,0.209,,,
54811,20200907,-88.85,41.84,0.165,-0.63,0.899,0,0.188,-0.69,0.857,0,0.203,-0.68,1,0,0.247,-0.92,1,0,0.258,,,,0.176,-0.65,0.863,0,0.212,,,
54811,20200908,-88.85,41.84,0.174,-0.54,0.774,0.018,0.201,-0.58,0.714,0.036,0.202,-0.66,1,0,0.246,-0.91,1,0,0.256,,,,0.188,-0.55,0.72,0.024,0.216,,,
54811,20200909,-88.85,41.84,0.203,-0.28,0.631,0.161,0.231,-0.31,0.571,0.179,0.219,-0.53,0.881,0.048,0.247,-0.89,0.976,0,0.255,,,,0.217,-0.26,0.577,0.167,0.231,,,
54811,20200910,-88.85,41.84,0.229,-0.04,0.488,0.304,0.259,-0.05,0.429,0.321,0.24,-0.35,0.738,0.19,0.252,-0.83,0.833,0,0.254,,,,0.244,0,0.435,0.31,0.247,,,
54811,20200911,-88.85,41.84,0.259,0.24,0.345,0.446,0.289,0.23,0.286,0.464,0.265,-0.16,0.595,0.333,0.261,-0.75,0.69,0,0.253,,,,0.274,0.3,0.292,0.452,0.265,,,
54811,20200912,-88.85,41.84,0.293,0.55,0.202,0.589,0.322,0.53,0.143,0.607,0.291,0.03,0.452,0.476,0.276,-0.61,0.548,0,0.252,,,,0.307,0.63,0.149,0.595,0.287,,,
54811,20200913,-88.85,41.84,0.328,0.88,0.06,0.732,0.356,0.85,0,0.75,0.319,0.24,0.31,0.619,0.295,-0.44,0.405,0.119,0.252,,,,0.342,0.97,0.006,0.738,0.31,,,
54811,20200914,-88.85,41.84,0.352,1.1,0.018,0.875,0.374,1.03,0,0.893,0.344,0.43,0.167,0.762,0.313,-0.28,0.262,0.125,0.252,,,,0.363,1.18,0,0.881,0.327,,,
54811,20200915,-88.85,41.84,0.371,1.28,0,1,0.39,1.19,0,1,0.367,0.61,0.024,0.905,0.33,-0.14,0.119,0.125,0.252,,,,0.38,1.36,0,1,0.342,,,
54811,20200916,-88.85,41.84,0.369,1.26,0,1,0.387,1.18,0,1,0.373,0.65,0,1,0.345,-0.01,0,0.125,0.252,,,,0.378,1.33,0,1,0.345,,,
54811,20200917,-88.85,41.84,0.367,1.24,0,1,0.385,1.17,0,1,0.373,0.65,0,1,0.354,0.07,0,0.125,0.252,,,,0.376,1.31,0,1,0.346,,,
54811,20200918,-88.85,41.84,0.358,1.16,0,1,0.379,1.13,0,1,0.369,0.63,0,1,0.361,0.13,0,0.125,0.252,,,,0.369,1.24,0,1,0.344,,,
54811,20200919,-88.85,41.84,0.344,1.04,0,1,0.371,1.05,0,1,0.364,0.59,0,1,0.36,0.12,0,0.125,0.252,,,,0.357,1.12,0,1,0.338,,,
54811,20200920,-88.85,41.84,0.326,0.89,0,0.964,0.36,0.95,0,1,0.358,0.55,0,1,0.355,0.09,0,0.006,0.253,,,,0.343,0.99,0,1,0.331,,,
54811,20200921,-88.85,41.84,0.31,0.76,0,0.821,0.352,0.87,0,1,0.353,0.52,0,1,0.352,0.07,0,0,0.253,,,,0.331,0.87,0,1,0.324,,,
54811,20200922,-88.85,41.84,0.295,0.62,0,0.679,0.344,0.79,0,1,0.348,0.5,0,1,0.348,0.04,0,0,0.253,,,,0.319,0.77,0,0.994,0.318,,,
54811,20200923,-88.85,41.84,0.279,0.49,0,0.536,0.335,0.7,0,1,0.344,0.47,0,1,0.345,0.02,0,0,0.253,,,,0.307,0.66,0,0.851,0.311,,,
54811,20200924,-88.85,41.84,0.265,0.36,0,0.393,0.327,0.62,0,0.899,0.339,0.45,0,0.952,0.343,0,0,0,0.253,,,,0.296,0.55,0,0.708,0.305,,,
54811,20200925,-88.85,41.84,0.253,0.25,0,0.25,0.318,0.54,0,0.756,0.335,0.43,0,0.815,0.34,-0.02,0,0,0.253,,,,0.285,0.45,0,0.565,0.3,,,
54811,20200926,-88.85,41.84,0.242,0.15,0,0.107,0.31,0.47,0,0.613,0.331,0.41,0,0.673,0.337,-0.04,0,0,0.253,,,,0.276,0.36,0,0.423,0.294,,,
54811,20200927,-88.85,41.84,0.233,0.07,0,0,0.302,0.39,0,0.47,0.327,0.38,0,0.53,0.335,-0.06,0,0,0.253,,,,0.267,0.28,0,0.28,0.29,,,
54811,20200928,-88.85,41.84,0.229,0.03,0,0.024,0.295,0.33,0,0.327,0.322,0.36,0,0.387,0.332,-0.08,0,0,0.252,,,,0.262,0.22,0,0.161,0.286,,,
54811,20200929,-88.85,41.84,0.235,0.08,0,0.167,0.291,0.3,0,0.185,0.318,0.33,0,0.244,0.33,-0.09,0,0,0.252,,,,0.263,0.22,0,0.119,0.286,,,
54811,20200930,-88.85,41.84,0.242,0.13,0,0.25,0.288,0.27,0,0.042,0.315,0.3,0,0.101,0.329,-0.1,0,0,0.252,,,,0.265,0.22,0,0.119,0.285,,,
54811,20201001,-88.85,41.84,0.248,0.18,0,0.25,0.286,0.24,0,0,0.311,0.28,0,0.006,0.327,-0.11,0,0,0.252,,,,0.267,0.22,0,0.119,0.285,,,
54811,20201002,-88.85,41.84,0.255,0.23,0,0.25,0.283,0.2,0,0,0.308,0.25,0,0,0.325,-0.12,0,0,0.252,,,,0.269,0.22,0,0.119,0.285,,,
54811,20201003,-88.85,41.84,0.26,0.26,0,0.25,0.281,0.17,0,0,0.305,0.22,0,0,0.324,-0.13,0,0,0.252,,,,0.27,0.22,0,0.119,0.284,,,
54811,20201004,-88.85,41.84,0.265,0.29,0,0.25,0.279,0.14,0,0,0.301,0.2,0,0,0.322,-0.14,0,0,0.252,,,,0.272,0.22,0,0.119,0.284,,,
54811,20201005,-88.85,41.84,0.269,0.3,0,0.226,0.277,0.11,0,0,0.299,0.18,0,0,0.321,-0.15,0,0,0.252,,,,0.273,0.21,0,0.095,0.284,,,
54811,20201006,-88.85,41.84,0.262,0.23,0,0.083,0.273,0.06,0,0,0.296,0.16,0,0,0.32,-0.17,0,0,0.251,,,,0.268,0.14,0,0,0.28,,,
54811,20201007,-88.85,41.84,0.256,0.16,0,0,0.269,0.01,0,0,0.294,0.14,0,0,0.318,-0.18,0,0,0.251,,,,0.262,0.08,0,0,0.278,,,
54811,20201008,-88.85,41.84,0.25,0.1,0,0,0.265,-0.03,0,0,0.292,0.11,0,0,0.317,-0.18,0,0,0.25,,,,0.257,0.02,0,0,0.275,,,
54811,20201009,-88.85,41.84,0.244,0.04,0,0,0.262,-0.08,0,0,0.29,0.09,0,0,0.316,-0.19,0,0,0.25,,,,0.253,-0.03,0,0,0.272,,,
54811,20201010,-88.85,41.84,0.238,-0.02,0,0,0.259,-0.14,0,0,0.288,0.06,0,0,0.315,-0.2,0,0,0.25,,,,0.248,-0.08,0,0,0.27,,,
54811,20201011,-88.85,41.84,0.232,-0.07,0,0,0.255,-0.19,0.095,0,0.286,0.03,0,0,0.314,-0.2,0,0,0.25,,,,0.244,-0.13,0,0,0.267,,,
54811,20201012,-88.85,41.84,0.224,-0.14,0,0,0.252,-0.25,0.234,0,0.284,-0.01,0,0,0.313,-0.2,0,0,0.25,,,,0.238,-0.19,0.102,0,0.264,,,
54811,20201013,-88.85,41.84,0.217,-0.2,0.03,0,0.248,-0.32,0.377,0,0.282,-0.05,0,0,0.312,-0.2,0,0,0.25,,,,0.232,-0.25,0.246,0,0.262,,,
54811,20201014,-88.85,41.84,0.21,-0.26,0.174,0,0.244,-0.39,0.521,0,0.279,-0.09,0,0,0.311,-0.21,0,0,0.251,,,,0.227,-0.32,0.389,0,0.259,,,
54811,20201015,-88.85,41.84,0.205,-0.31,0.317,0,0.239,-0.46,0.665,0,0.276,-0.14,0,0,0.31,-0.21,0,0,0.251,,,,0.222,-0.38,0.533,0,0.256,,,
54811,20201016,-88.85,41.84,0.2,-0.36,0.461,0,0.235,-0.53,0.808,0,0.273,-0.19,0,0,0.308,-0.22,0,0,0.251,,,,0.217,-0.43,0.677,0,0.254,,,
54811,20201017,-88.85,41.84,0.196,-0.4,0.605,0,0.23,-0.6,0.952,0,0.27,-0.24,0.006,0,0.307,-0.23,0,0,0.251,,,,0.213,-0.49,0.82,0,0.251,,,
54811,20201018,-88.85,41.84,0.192,-0.45,0.749,0,0.226,-0.67,1,0,0.267,-0.3,0.15,0,0.306,-0.23,0,0,0.251,,,,0.209,-0.54,0.964,0,0.248,,,
54811,20201019,-88.85,41.84,0.189,-0.48,0.887,0,0.222,-0.74,1,0,0.263,-0.36,0.292,0,0.305,-0.25,0,0,0.251,,,,0.205,-0.59,1,0,0.246,,,
54811,20201020,-88.85,41.84,0.186,-0.52,1,0,0.218,-0.8,1,0,0.259,-0.41,0.435,0,0.303,-0.26,0,0,0.251,,,,0.202,-0.63,1,0,0.243,,,
54811,20201021,-88.85,41.84,0.184,-0.55,1,0,0.215,-0.86,1,0,0.256,-0.46,0.577,0,0.302,-0.27,0,0,0.251,,,,0.199,-0.67,1,0,0.242,,,
54811,20201022,-88.85,41.84,0.189,-0.53,0.964,0.024,0.217,-0.89,0.976,0.018,0.257,-0.49,0.69,0,0.301,-0.28,0,0,0.25,,,,0.203,-0.68,0.97,0.024,0.243,,,
54811,20201023,-88.85,41.84,0.216,-0.38,0.821,0.167,0.239,-0.74,0.833,0.089,0.267,-0.42,0.69,0,0.3,-0.29,0,0,0.25,,,,0.228,-0.53,0.827,0.167,0.254,,,
54811,20201024,-88.85,41.84,0.247,-0.21,0.679,0.31,0.265,-0.55,0.69,0.232,0.28,-0.32,0.685,0.024,0.301,-0.29,0,0,0.249,,,,0.256,-0.35,0.685,0.31,0.268,,,
54811,20201025,-88.85,41.84,0.276,-0.06,0.536,0.452,0.288,-0.38,0.548,0.375,0.296,-0.2,0.542,0.161,0.302,-0.28,0,0,0.249,,,,0.282,-0.19,0.542,0.435,0.282,,,
54811,20201026,-88.85,41.84,0.303,0.08,0.393,0.577,0.311,-0.2,0.405,0.399,0.311,-0.07,0.399,0.304,0.304,-0.27,0,0,0.249,,,,0.307,-0.04,0.399,0.435,0.296,,,
54811,20201027,-88.85,41.84,0.329,0.23,0.25,0.696,0.334,-0.02,0.262,0.405,0.327,0.06,0.256,0.44,0.306,-0.26,0,0,0.249,,,,0.332,0.11,0.256,0.435,0.309,,,
54811,20201028,-88.85,41.84,0.355,0.37,0.107,0.762,0.357,0.16,0.119,0.423,0.343,0.2,0.113,0.583,0.309,-0.24,0,0,0.249,,,,0.356,0.27,0.113,0.435,0.323,,,
54811,20201029,-88.85,41.84,0.373,0.46,0,0.738,0.375,0.31,0,0.405,0.356,0.32,0,0.726,0.312,-0.22,0,0,0.249,,,,0.374,0.38,0,0.411,0.333,,,
54811,20201030,-88.85,41.84,0.37,0.42,0,0.595,0.374,0.31,0,0.333,0.36,0.36,0,0.869,0.315,-0.21,0,0,0.249,,,,0.372,0.35,0,0.268,0.334,,,
54811,20201031,-88.85,41.84,0.362,0.36,0,0.452,0.369,0.26,0,0.19,0.361,0.36,0,0.982,0.316,-0.2,0,0,0.249,,,,0.366,0.29,0,0.125,0.331,,,
54811,20201101,-88.85,41.84,0.358,0.32,0,0.31,0.366,0.22,0,0.048,0.36,0.35,0,0.958,0.317,-0.19,0,0,0.249,,,,0.362,0.26,0,0,0.33,,,
54811,20201102,-88.85,41.84,0.355,0.29,0,0.185,0.364,0.19,0,0.024,0.359,0.34,0,0.833,0.318,-0.19,0,0,0.249,,,,0.359,0.23,0,0,0.329,,,
54811,20201103,-88.85,41.84,0.351,0.26,0,0.065,0.361,0.15,0,0.018,0.358,0.32,0,0.696,0.318,-0.19,0,0,0.248,,,,0.356,0.2,0,0,0.327,,,
54811,20201104,-88.85,41.84,0.347,0.22,0,0,0.358,0.11,0,0,0.356,0.3,0,0.554,0.318,-0.19,0,0,0.247,,,,0.353,0.16,0,0,0.325,,,
54811,20201105,-88.85,41.84,0.344,0.18,0,0,0.356,0.06,0,0,0.355,0.28,0,0.411,0.318,-0.2,0,0,0.246,,,,0.35,0.13,0,0,0.324,,,
54811,20201106,-88.85,41.84,0.339,0.14,0,0,0.353,0.02,0,0,0.354,0.25,0,0.268,0.317,-0.2,0,0,0.246,,,,0.346,0.08,0,0,0.322,,,
54811,20201107,-88.85,41.84,0.335,0.09,0,0,0.351,-0.03,0,0,0.353,0.22,0,0.131,0.317,-0.21,0,0,0.245,,,,0.343,0.04,0,0,0.32,,,
54811,20201108,-88.85,41.84,0.329,0.03,0,0,0.35,-0.06,0,0,0.351,0.19,0,0.018,0.317,-0.21,0,0,0.245,,,,0.34,-0.01,0,0,0.319,,,
54811,20201109,-88.85,41.84,0.324,-0.04,0,0,0.348,-0.1,0,0,0.35,0.16,0,0,0.317,-0.21,0,0,0.245,,,,0.336,-0.07,0,0,0.317,,,
54811,20201110,-88.85,41.84,0.318,-0.11,0.03,0,0.346,-0.14,0,0,0.35,0.14,0,0,0.317,-0.22,0,0,0.245,,,,0.332,-0.12,0,0,0.315,,,
54811,20201111,-88.85,41.84,0.32,-0.1,0.089,0.077,0.349,-0.12,0,0.048,0.351,0.14,0,0.077,0.317,-0.22,0,0,0.245,,,,0.334,-0.11,0,0.077,0.317,,,
54811,20201112,-88.85,41.84,0.326,-0.04,0.089,0.22,0.354,-0.07,0,0.048,0.354,0.16,0,0.185,0.317,-0.22,0,0,0.246,,,,0.34,-0.06,0,0.149,0.319,,,
54811,20201113,-88.85,41.84,0.333,0.03,0.089,0.363,0.358,-0.03,0,0.048,0.356,0.18,0,0.196,0.317,-0.22,0,0,0.246,,,,0.346,0,0,0.155,0.322,,,
54811,20201114,-88.85,41.84,0.34,0.09,0.089,0.482,0.362,0,0,0.048,0.358,0.19,0,0.196,0.317,-0.23,0,0,0.246,,,,0.351,0.06,0,0.155,0.325,,,
54811,20201115,-88.85,41.84,0.35,0.21,0.089,0.601,0.367,0.06,0,0.083,0.361,0.22,0,0.238,0.317,-0.23,0,0,0.246,,,,0.359,0.14,0,0.196,0.328,,,
54811,20201116,-88.85,41.84,0.366,0.4,0.089,0.744,0.376,0.16,0,0.226,0.368,0.3,0,0.381,0.317,-0.24,0,0,0.247,,,,0.371,0.29,0,0.339,0.335,,,
54811,20201117,-88.85,41.84,0.38,0.57,0.06,0.887,0.385,0.24,0,0.268,0.373,0.36,0,0.524,0.317,-0.24,0,0,0.247,,,,0.383,0.43,0,0.482,0.34,,,
54811,20201118,-88.85,41.84,0.387,0.67,0,0.952,0.388,0.26,0,0.22,0.376,0.39,0,0.589,0.317,-0.24,0,0,0.247,,,,0.388,0.49,0,0.548,0.343,,,
54811,20201119,-88.85,41.84,0.389,0.7,0,0.952,0.39,0.25,0,0.22,0.377,0.39,0,0.625,0.317,-0.25,0,0,0.246,,,,0.39,0.5,0,0.619,0.344,,,
54811,20201120,-88.85,41.84,0.391,0.73,0,0.952,0.392,0.24,0,0.22,0.378,0.39,0,0.744,0.317,-0.25,0,0,0.246,,,,0.392,0.51,0,0.756,0.345,,,
54811,20201121,-88.85,41.84,0.393,0.75,0,0.976,0.394,0.23,0,0.22,0.38,0.4,0,0.75,0.317,-0.25,0,0,0.246,,,,0.394,0.51,0,0.792,0.346,,,
54811,20201122,-88.85,41.84,0.392,0.72,0,1,0.394,0.21,0,0.185,0.38,0.4,0,0.708,0.318,-0.25,0,0,0.246,,,,0.393,0.49,0,0.75,0.346,,,
54811,20201123,-88.85,41.84,0.386,0.62,0,1,0.39,0.13,0,0.042,0.377,0.34,0,0.565,0.319,-0.24,0,0,0.245,,,,0.388,0.4,0,0.607,0.343,,,
54811,20201124,-88.85,41.84,0.381,0.53,0,0.881,0.387,0.08,0,0,0.374,0.3,0,0.423,0.32,-0.24,0,0,0.245,,,,0.384,0.33,0,0.464,0.341,,,
54811,20201125,-88.85,41.84,0.383,0.54,0,0.851,0.39,0.09,0,0.083,0.376,0.31,0,0.375,0.324,-0.21,0,0,0.245,,,,0.387,0.34,0,0.429,0.344,,,
54811,20201126,-88.85,41.84,0.39,0.61,0,0.851,0.397,0.14,0,0.226,0.381,0.37,0,0.375,0.333,-0.14,0,0.107,0.246,,,,0.393,0.39,0,0.429,0.349,,,
54811,20201127,-88.85,41.84,0.395,0.65,0,0.851,0.4,0.17,0,0.244,0.384,0.4,0,0.387,0.341,-0.09,0,0.113,0.255,,,,0.398,0.43,0,0.429,0.355,,,
54811,20201128,-88.85,41.84,0.401,0.7,0,0.851,0.403,0.2,0,0.244,0.387,0.43,0,0.524,0.347,-0.04,0,0.113,0.265,,,,0.402,0.46,0,0.536,0.361,,,
54811,20201129,-88.85,41.84,0.406,0.74,0,0.851,0.406,0.23,0,0.244,0.389,0.45,0,0.667,0.353,-0.01,0,0.113,0.277,,,,0.406,0.49,0,0.679,0.366,,,
54811,20201130,-88.85,41.84,0.41,0.76,0,0.851,0.409,0.25,0,0.244,0.391,0.47,0,0.81,0.358,0.02,0,0.113,0.289,,,,0.41,0.51,0,0.798,0.372,,,
54811,20201201,-88.85,41.84,0.415,0.78,0,0.97,0.412,0.27,0,0.244,0.393,0.49,0,0.952,0.363,0.05,0,0.113,0.302,,,,0.413,0.53,0,0.798,0.377,,,
54811,20201202,-88.85,41.84,0.412,0.71,0,0.952,0.409,0.23,0,0.161,0.391,0.45,0,0.994,0.365,0.06,0,0.113,0.316,,,,0.41,0.47,0,0.69,0.378,,,
54811,20201203,-88.85,41.84,0.405,0.59,0,0.815,0.403,0.15,0,0.018,0.386,0.39,0,0.923,0.36,0.02,0,0.006,0.328,,,,0.404,0.36,0,0.548,0.376,,,
54811,20201204,-88.85,41.84,0.401,0.49,0,0.673,0.399,0.1,0,0,0.382,0.35,0,0.804,0.357,-0.01,0,0,0.333,,,,0.4,0.29,0,0.405,0.374,,,
54811,20201205,-88.85,41.84,0.397,0.42,0,0.53,0.396,0.06,0,0,0.38,0.31,0,0.661,0.355,-0.03,0,0,0.336,,,,0.397,0.23,0,0.262,0.373,,,
54811,20201206,-88.85,41.84,0.394,0.35,0,0.387,0.394,0.03,0,0,0.378,0.29,0,0.518,0.353,-0.05,0,0,0.338,,,,0.394,0.18,0,0.119,0.371,,,
54811,20201207,-88.85,41.84,0.392,0.3,0,0.244,0.392,-0.01,0,0,0.377,0.27,0,0.375,0.352,-0.06,0,0,0.338,,,,0.392,0.14,0,0,0.37,,,
54811,20201208,-88.85,41.84,0.391,0.27,0,0.101,0.391,-0.04,0,0,0.375,0.25,0,0.232,0.351,-0.07,0,0,0.339,,,,0.391,0.11,0,0,0.369,,,
54811,20201209,-88.85,41.84,0.39,0.24,0,0.006,0.389,-0.07,0,0,0.374,0.23,0,0.095,0.35,-0.08,0,0,0.339,,,,0.39,0.09,0,0,0.368,,,
54811,20201210,-88.85,41.84,0.39,0.22,0,0,0.388,-0.11,0,0,0.373,0.22,0,0.024,0.349,-0.09,0,0,0.339,,,,0.389,0.06,0,0,0.368,,,
54811,20201211,-88.85,41.84,0.389,0.2,0,0,0.387,-0.14,0,0,0.372,0.2,0,0,0.349,-0.09,0,0,0.338,,,,0.388,0.04,0,0,0.367,,,
54811,20201212,-88.85,41.84,0.393,0.22,0,0.065,0.39,-0.11,0,0.054,0.374,0.23,0,0.06,0.349,-0.1,0,0,0.338,,,,0.391,0.1,0,0.065,0.369,,,
54811,20201213,-88.85,41.84,0.4,0.29,0,0.208,0.396,-0.03,0,0.179,0.379,0.3,0,0.202,0.353,-0.06,0,0.042,0.34,,,,0.398,0.24,0,0.208,0.374,,,
54811,20201214,-88.85,41.84,0.404,0.34,0,0.351,0.4,0.03,0,0.179,0.383,0.36,0,0.345,0.356,-0.04,0,0.042,0.343,,,,0.402,0.33,0,0.351,0.377,,,
54811,20201215,-88.85,41.84,0.409,0.38,0,0.494,0.403,0.07,0,0.179,0.385,0.4,0,0.488,0.359,-0.02,0,0.042,0.346,,,,0.406,0.41,0,0.494,0.38,,,
54811,20201216,-88.85,41.84,0.412,0.4,0,0.637,0.407,0.12,0,0.179,0.387,0.43,0,0.631,0.361,0,0,0.042,0.349,,,,0.409,0.47,0,0.637,0.383,,,
54811,20201217,-88.85,41.84,0.415,0.43,0,0.75,0.409,0.16,0,0.179,0.389,0.47,0,0.774,0.363,0.01,0,0.042,0.352,,,,0.412,0.52,0,0.78,0.386,,,
54811,20201218,-88.85,41.84,0.418,0.45,0,0.798,0.412,0.2,0,0.179,0.391,0.5,0,0.917,0.364,0.02,0,0.042,0.355,,,,0.415,0.56,0,0.911,0.388,,,
54811,20201219,-88.85,41.84,0.411,0.33,0.095,0.732,0.41,0.17,0,0.125,0.39,0.49,0,1,0.365,0.02,0,0.042,0.358,,,,0.41,0.45,0,0.845,0.387,,,
54811,20201220,-88.85,41.84,0.405,0.24,0.095,0.655,0.405,0.09,0,0,0.386,0.43,0,1,0.362,-0.01,0,0,0.359,,,,0.405,0.32,0,0.774,0.383,,,
54811,20201221,-88.85,41.84,0.402,0.2,0.099,0.642,0.402,0.04,0,0,0.383,0.39,0,1,0.359,-0.03,0,0,0.359,,,,0.402,0.25,0,0.765,0.381,,,
54811,20201222,-88.85,41.84,0.401,0.15,0.116,0.58,0.401,0.01,0,0,0.381,0.37,0,1,0.357,-0.05,0,0,0.359,,,,0.401,0.19,0,0.725,0.38,,,
54811,20201223,-88.85,41.84,0.4,0.11,0.14,0.491,0.399,-0.01,0,0,0.38,0.35,0,1,0.356,-0.07,0,0,0.358,,,,0.4,0.14,0,0.667,0.379,,,
54811,20201224,-88.85,41.84,0.4,0.06,0.178,0.411,0.399,-0.02,0,0,0.379,0.33,0,1,0.354,-0.08,0,0,0.358,,,,0.399,0.08,0,0.578,0.378,,,
54811,20201225,-88.85,41.84,0.399,-0.02,0.242,0.439,0.398,-0.03,0,0,0.378,0.31,0,0.97,0.354,-0.09,0,0,0.358,,,,0.399,0.02,0,0.455,0.377,,,
54811,20201226,-88.85,41.84,0.406,0.21,0,0.69,0.395,-0.09,0.083,0,0.377,0.28,0,0.827,0.353,-0.1,0,0,0.358,,,,0.402,0.17,0,0.714,0.379,,,
54811,20201227,-88.85,41.84,,,,,0.386,-0.26,0.226,0,0.376,0.25,0,0.685,0.352,-0.11,0,0,0.358,,,,,,,,,,,
54811,20201228,-88.85,41.84,,,,,0.37,-0.58,0.369,0,0.375,0.22,0,0.542,0.351,-0.12,0,0,0.357,,,,,,,,,,,
54811,20201229,-88.85,41.84,,,,,0.353,-0.91,0.512,0,0.374,0.18,0,0.399,0.35,-0.13,0,0,0.357,,,,,,,,,,,
54811,20201230,-88.85,41.84,,,,,0.336,-1.25,0.655,0,0.373,0.14,0,0.256,0.35,-0.13,0,0,0.357,,,,,,,,,,,
54811,20201231,-88.85,41.84,,,,,0.321,-1.5,0.778,0,0.373,0.13,0,0.113,0.352,-0.12,0,0,0.36,,,,,,,,,,,
54811,20210101,-88.85,41.84,,,,,0.307,-1.77,0.922,0,0.373,0.11,0,0,0.353,-0.12,0,0,0.362,,,,,,,,,,,
54811,20210102,-88.85,41.84,,,,,0.304,-2.06,1,0,0.374,0.1,0,0,0.354,-0.11,0,0,0.363,,,,,,,,,,,
54811,20210103,-88.85,41.84,,,,,0.308,-2.32,1,0,0.374,0.09,0,0,0.355,-0.11,0,0,0.365,,,,,,,,,,,
54811,20210104,-88.85,41.84,,,,,0.32,-2.33,1,0,0.375,0.08,0,0,0.356,-0.11,0,0,0.366,,,,,,,,,,,
54811,20210105,-88.85,41.84,,,,,0.333,-2.33,1,0,0.375,0.08,0,0,0.357,-0.1,0,0,0.367,,,,,,,,,,,
54811,20210106,-88.85,41.84,,,,,0.347,-2.28,1,0,0.376,0.07,0,0,0.357,-0.11,0,0,0.368,,,,,,,,,,,
54811,20210107,-88.85,41.84,,,,,0.359,,,,0.376,0.05,0,0,0.355,-0.12,0,0,0.367,,,,,,,,,,,
54811,20210108,-88.85,41.84,,,,,0.372,,,,0.377,0.04,0,0,0.355,-0.13,0,0,0.366,,,,,,,,,,,
54811,20210109,-88.85,41.84,,,,,0.379,,,,0.377,0.04,0,0,0.354,-0.14,0,0,0.365,,,,,,,,,,,
54811,20210110,-88.85,41.84,,,,,0.386,,,,0.378,0.04,0,0,0.354,-0.14,0,0,0.365,,,,,,,,,,,
54811,20210111,-88.85,41.84,,,,,0.392,,,,0.38,0.04,0,0,0.354,-0.14,0,0,0.364,,,,,,,,,,,
54811,20210112,-88.85,41.84,,,,,0.398,,,,0.381,0.05,0,0,0.354,-0.14,0,0,0.364,,,,,,,,,,,
54811,20210113,-88.85,41.84,0.365,,,,0.403,,,,0.382,0.06,0,0,0.354,-0.14,0,0,0.364,,,,0.385,,,,0.374,,,
54811,20210114,-88.85,41.84,0.367,,,,0.408,,,,0.382,0.07,0,0,0.354,-0.14,0,0,0.364,,,,0.387,,,,0.375,,,
54811,20210115,-88.85,41.84,0.375,,,,0.413,,,,0.385,0.08,0,0,0.354,-0.14,0,0,0.364,,,,0.394,,,,0.378,,,
54811,20210116,-88.85,41.84,0.384,,,,0.417,,,,0.388,0.09,0,0,0.356,-0.12,0,0,0.364,,,,0.401,,,,0.382,,,
54811,20210117,-88.85,41.84,0.393,,,,0.42,,,,0.391,,,,0.358,-0.1,0,0,0.364,,,,0.406,,,,0.385,,,
54811,20210118,-88.85,41.84,0.402,,,,0.422,,,,0.393,,,,0.36,-0.08,0,0,0.365,,,,0.412,,,,0.388,,,
54811,20210119,-88.85,41.84,0.406,,,,0.424,,,,0.394,,,,0.362,-0.05,0,0,0.366,,,,0.415,,,,0.39,,,
54811,20210120,-88.85,41.84,0.411,,,,0.424,,,,0.395,,,,0.363,-0.04,0,0,0.366,,,,0.418,,,,0.392,,,
54811,20210121,-88.85,41.84,0.415,,,,0.421,,,,0.395,,,,0.364,-0.02,0,0,0.367,,,,0.418,,,,0.393,,,
54811,20210122,-88.85,41.84,0.413,,,,0.415,,,,0.393,,,,0.365,-0.01,0,0,0.367,,,,0.414,,,,0.391,,,
54811,20210123,-88.85,41.84,0.412,,,,0.407,,,,0.39,,,,0.365,-0.02,0,0,0.368,,,,0.41,,,,0.388,,,
54811,20210124,-88.85,41.84,0.411,,,,0.399,,,,0.387,,,,0.363,-0.04,0,0,0.367,,,,0.406,,,,0.386,,,
54811,20210125,-88.85,41.84,0.408,,,,0.391,,,,0.384,,,,0.361,-0.06,0,0,0.367,,,,0.402,,,,0.384,,,
54811,20210126,-88.85,41.84,,,,,0.384,,,,0.381,,,,0.359,-0.09,0,0,0.366,,,,,,,,,,,
54811,20210127,-88.85,41.84,,,,,0.378,,,,0.38,,,,0.358,-0.11,0,0,0.365,,,,,,,,,,,
54811,20210128,-88.85,41.84,,,,,0.376,,,,0.378,,,,0.356,-0.14,0.006,0,0.365,,,,,,,,,,,
54811,20210129,-88.85,41.84,,,,,0.374,,,,0.377,,,,0.355,-0.16,0.018,0,0.364,,,,,,,,,,,
54811,20210130,-88.85,41.84,,,,,0.373,,,,0.376,,,,0.354,-0.18,0.03,0,0.364,,,,,,,,,,,
54811,20210131,-88.85,41.84,,,,,0.371,,,,0.375,,,,0.353,-0.19,0.048,0,0.363,,,,,,,,,,,
54811,20210201,-88.85,41.84,,,,,0.37,,,,0.373,,,,0.353,-0.21,0.054,0,0.363,,,,,,,,,,,
54811,20210202,-88.85,41.84,,,,,0.369,,,,0.372,,,,0.352,-0.22,0.125,0,0.362,,,,,,,,,,,
54811,20210203,-88.85,41.84,,,,,0.367,,,,0.371,,,,0.352,-0.22,0.202,0,0.362,,,,,,,,,,,
54811,20210204,-88.85,41.84,,,,,0.366,,,,0.371,,,,0.351,-0.22,0.256,0,0.362,,,,,,,,,,,
54811,20210205,-88.85,41.84,,,,,0.365,,,,0.371,,,,0.351,-0.22,0.31,0,0.361,,,,,,,,,,,
54811,20210206,-88.85,41.84,,,,,0.364,,,,0.371,,,,0.35,-0.22,0.298,0,0.361,,,,,,,,,,,
54811,20210207,-88.85,41.84,,,,,0.363,,,,0.371,,,,0.35,-0.21,0.28,0,0.361,,,,,,,,,,,
54811,20210208,-88.85,41.84,,,,,0.363,,,,0.372,,,,0.349,-0.2,0.274,0,0.361,,,,,,,,,,,
54811,20210209,-88.85,41.84,,,,,0.362,,,,0.372,,,,0.349,-0.19,0.202,0,0.36,,,,,,,,,,,
54811,20210210,-88.85,41.84,,,,,0.362,,,,0.372,,,,0.349,-0.18,0.125,0,0.36,,,,,,,,,,,
54811,20210211,-88.85,41.84,,,,,0.361,,,,0.372,,,,0.348,-0.17,0.065,0,0.36,,,,,,,,,,,
54811,20210212,-88.85,41.84,,,,,0.36,,,,0.372,,,,0.348,-0.16,0,0,0.36,,,,,,,,,,,
54811,20210213,-88.85,41.84,,,,,0.363,,,,0.371,,,,0.348,-0.16,0,0,0.36,,,,,,,,,,,
54811,20210214,-88.85,41.84,,,,,0.372,,,,0.371,,,,0.347,-0.16,0,0,0.36,,,,,,,,,,,
54811,20210215,-88.85,41.84,,,,,0.382,,,,0.371,,,,0.347,-0.16,0,0,0.36,,,,,,,,,,,
54811,20210216,-88.85,41.84,,,,,0.391,,,,0.37,,,,0.347,-0.16,0,0,0.36,,,,,,,,,,,
54811,20210217,-88.85,41.84,,,,,0.401,,,,0.37,,,,0.347,-0.16,0,0,0.359,,,,,,,,,,,
54811,20210218,-88.85,41.84,,,,,0.411,,,,0.37,,,,0.346,-0.17,0,0,0.359,,,,,,,,,,,
54811,20210219,-88.85,41.84,,,,,0.422,,,,0.369,,,,0.346,-0.17,0,0,0.359,,,,,,,,,,,
54811,20210220,-88.85,41.84,,,,,0.43,,,,0.369,,,,0.346,-0.17,0,0,0.359,,,,,,,,,,,
54811,20210221,-88.85,41.84,,,,,0.431,,,,0.369,,,,0.345,-0.17,0,0,0.359,,,,,,,,,,,
54811,20210222,-88.85,41.84,,,,,0.431,,,,0.368,,,,0.345,-0.17,0,0,0.359,,,,,,,,,,,
54811,20210223,-88.85,41.84,,,,,0.431,,,,0.368,,,,0.345,-0.17,0,0,0.358,,,,,,,,,,,
54811,20210224,-88.85,41.84,,,,,0.436,,,,0.37,,,,0.345,-0.17,0,0,0.358,,,,,,,,,,,
54811,20210225,-88.85,41.84,,,,,0.449,,,,0.375,,,,0.351,-0.12,0,0.101,0.364,,,,,,,,,,,
54811,20210226,-88.85,41.84,,,,,0.462,,,,0.379,,,,0.356,-0.07,0,0.179,0.368,,,,,,,,,,,
54811,20210227,-88.85,41.84,,,,,0.474,,,,0.383,,,,0.361,-0.03,0,0.214,0.373,,,,,,,,,,,
54811,20210228,-88.85,41.84,,,,,0.485,,,,0.389,,,,0.366,0.02,0,0.304,0.378,,,,,,,,,,,
54811,20210301,-88.85,41.84,,,,,0.498,,,,0.397,,,,0.373,0.08,0,0.435,0.383,,,,,,,,,,,
54811,20210302,-88.85,41.84,,,,,0.509,,,,0.403,,,,0.378,0.13,0,0.44,0.388,,,,,,,,,,,
54811,20210303,-88.85,41.84,,,,,0.514,,,,0.407,,,,0.383,0.17,0,0.476,0.393,,,,,,,,,,,
54811,20210304,-88.85,41.84,,,,,0.513,,,,0.409,,,,0.384,0.17,0,0.44,0.393,,,,,,,,,,,
54811,20210305,-88.85,41.84,,,,,0.513,,,,0.413,,,,0.384,0.16,0,0.369,0.392,,,,,,,,,,,
54811,20210306,-88.85,41.84,,,,,0.515,,,,0.416,,,,0.384,0.15,0,0.333,0.39,,,,,,,,,,,
54811,20210307,-88.85,41.84,,,,,0.513,,,,0.419,,,,0.383,0.14,0,0.244,0.388,,,,,,,,,,,
54811,20210308,-88.85,41.84,,,,,0.504,,,,0.42,,,,0.382,0.12,0,0.131,0.385,,,,,,,,,,,
54811,20210309,-88.85,41.84,,,,,0.493,,,,0.422,,,,0.388,0.17,0,0.238,0.384,,,,,,,,,,,
54811,20210310,-88.85,41.84,,,,,0.484,,,,0.424,,,,0.395,0.22,0,0.345,0.382,,,,,,,,,,,
54811,20210311,-88.85,41.84,0.462,,,,0.474,,,,0.424,,,,0.401,0.27,0,0.423,0.38,,,,0.466,,,,0.427,,,
54811,20210312,-88.85,41.84,0.456,,,,0.462,,,,0.423,,,,0.405,0.3,0,0.56,0.378,,,,0.459,,,,0.425,,,
54811,20210313,-88.85,41.84,0.446,,,,0.448,,,,0.42,,,,0.406,0.31,0,0.619,0.378,,,,0.447,,,,0.42,,,
54811,20210314,-88.85,41.84,0.436,,,,0.437,,,,0.417,,,,0.407,0.31,0,0.619,0.377,,,,0.437,,,,0.415,,,
54811,20210315,-88.85,41.84,0.432,,,,0.432,,,,0.414,,,,0.405,0.29,0,0.601,0.376,,,,0.432,,,,0.412,,,
54811,20210316,-88.85,41.84,0.425,0.34,0,0,0.43,,,,0.409,,,,0.398,0.22,0,0.488,0.375,,,,0.427,,,,0.407,,,
54811,20210317,-88.85,41.84,0.424,0.8,0,0.6,0.432,,,,0.407,,,,0.39,0.14,0,0.345,0.373,,,,0.428,,,,0.405,,,
54811,20210318,-88.85,41.84,0.428,1.05,0,0.8,0.433,,,,0.409,,,,0.383,0.08,0,0.25,0.372,,,,0.43,,,,0.405,,,
54811,20210319,-88.85,41.84,0.431,1.05,0,0.897,0.436,0.65,0,1,0.41,1.02,0,1,0.38,0.05,0,0.214,0.373,,,,0.433,,,,0.406,,,
54811,20210320,-88.85,41.84,0.432,0.94,0,0.933,0.437,0.45,0,1,0.411,0.92,0,1,0.379,0.04,0,0.155,0.374,,,,0.434,0.71,0,1,0.407,,,
54811,20210321,-88.85,41.84,0.432,0.86,0,0.952,0.437,0.38,0,0.61,0.412,0.86,0,1,0.378,0.03,0,0.155,0.374,,,,0.435,0.64,0,1,0.407,,,
54811,20210322,-88.85,41.84,0.433,0.8,0,0.963,0.438,0.34,0,0.4,0.412,0.82,0,1,0.378,0.03,0,0.155,0.375,,,,0.436,0.59,0,0.982,0.407,,,
54811,20210323,-88.85,41.84,0.433,0.76,0,1,0.438,0.31,0,0.292,0.413,0.79,0,1,0.378,0.03,0,0.155,0.375,,,,0.436,0.54,0,0.797,0.407,,,
54811,20210324,-88.85,41.84,0.435,0.83,0,0.986,0.44,0.37,0,0.354,0.414,0.85,0,1,0.379,0.03,0,0.19,0.375,,,,0.438,0.67,0,0.757,0.409,,,
54811,20210325,-88.85,41.84,0.434,0.87,0,0.988,0.439,0.44,0,0.467,0.414,0.92,0,1,0.38,0.04,0,0.214,0.377,,,,0.437,0.78,0,0.803,0.409,,,
54811,20210326,-88.85,41.84,0.433,0.88,0,0.988,0.438,0.45,0,0.541,0.414,0.93,0,1,0.378,0.03,0,0.107,0.376,,,,0.436,0.82,0,0.834,0.408,,,
54811,20210327,-88.85,41.84,0.435,0.92,0,0.988,0.439,0.47,0,0.563,0.414,0.96,0,1,0.378,0.02,0,0.107,0.376,,,,0.437,0.86,0,0.847,0.408,,,
54811,20210328,-88.85,41.84,0.436,0.97,0,0.988,0.44,0.49,0,0.661,0.415,0.99,0,1,0.378,0.01,0,0.107,0.375,,,,0.438,0.89,0,0.851,0.409,,,
54811,20210329,-88.85,41.84,0.437,0.99,0,0.988,0.441,0.5,0,0.696,0.416,1.02,0,1,0.378,0.01,0,0.107,0.375,,,,0.439,0.92,0,0.857,0.409,,,
54811,20210330,-88.85,41.84,0.437,1.02,0,0.988,0.441,0.5,0,0.696,0.416,1.05,0,1,0.378,0.01,0,0.107,0.374,,,,0.439,0.94,0,0.946,0.409,,,
54811,20210331,-88.85,41.84,0.43,0.91,0,0.988,0.437,0.45,0,0.613,0.413,1,0,1,0.376,-0.01,0,0.071,0.374,,,,0.433,0.85,0,0.94,0.406,,,
54811,20210401,-88.85,41.84,0.42,0.77,0,0.851,0.431,0.35,0,0.47,0.409,0.92,0,1,0.373,-0.05,0,0,0.372,,,,0.425,0.71,0,0.798,0.401,,,
54811,20210402,-88.85,41.84,0.412,0.65,0,0.708,0.426,0.28,0,0.327,0.405,0.85,0,1,0.371,-0.08,0,0,0.37,,,,0.419,0.6,0,0.655,0.397,,,
54811,20210403,-88.85,41.84,0.403,0.52,0,0.565,0.42,0.21,0,0.185,0.402,0.78,0,1,0.369,-0.11,0,0,0.37,,,,0.412,0.47,0,0.512,0.393,,,
54811,20210404,-88.85,41.84,0.394,0.39,0,0.423,0.416,0.14,0,0.042,0.399,0.72,0,1,0.367,-0.13,0,0,0.37,,,,0.405,0.35,0,0.369,0.389,,,
54811,20210405,-88.85,41.84,0.384,0.24,0.083,0.28,0.412,0.09,0,0,0.396,0.67,0,1,0.366,-0.14,0,0,0.37,,,,0.398,0.23,0,0.226,0.386,,,
54811,20210406,-88.85,41.84,0.38,0.18,0.083,0.149,0.409,0.05,0,0,0.398,0.7,0,1,0.368,-0.13,0,0,0.37,,,,0.394,0.16,0,0.083,0.384,,,
54811,20210407,-88.85,41.84,0.376,0.13,0.083,0.018,0.406,0.01,0,0,0.4,0.73,0,1,0.371,-0.11,0,0,,,,,0.391,0.11,0,0,,,,
54811,20210408,-88.85,41.84,0.373,0.09,0.083,0.018,0.403,-0.02,0,0,0.402,0.77,0,1,0.373,-0.09,0,0,,,,,0.388,0.06,0,0,,,,
54811,20210409,-88.85,41.84,0.381,0.24,0.083,0.161,0.404,0,0,0.071,0.406,0.87,0,1,0.377,-0.06,0,0,,,,,0.393,0.15,0,0.137,,,,
54811,20210410,-88.85,41.84,0.391,0.41,0.083,0.304,0.409,0.08,0,0.214,0.412,1.01,0,1,0.38,-0.03,0,0,,,,,0.4,0.29,0,0.28,,,,
54811,20210411,-88.85,41.84,0.405,0.62,0.083,0.446,0.417,0.21,0,0.357,0.421,1.24,0,1,0.386,0.02,0,0.065,,,,,0.411,0.48,0,0.423,,,,
54811,20210412,-88.85,41.84,0.419,0.84,0,0.589,0.424,0.32,0,0.5,0.43,1.45,0,1,0.393,0.08,0,0.208,,,,,0.421,0.67,0,0.565,,,,
54811,20210413,-88.85,41.84,0.426,0.95,0,0.72,0.429,0.41,0,0.643,0.434,1.55,0,1,0.396,0.11,0,0.351,,,,,0.427,0.78,0,0.708,,,,
54811,20210414,-88.85,41.84,0.432,1.04,0,0.863,0.433,0.48,0,0.786,0.437,1.62,0,1,0.398,0.13,0,0.494,,,,,0.432,0.87,0,0.851,,,,
54811,20210415,-88.85,41.84,0.438,1.12,0,1,0.436,0.54,0,0.923,0.439,1.68,0,1,0.4,0.14,0,0.601,,,,,0.437,0.95,0,0.994,,,,
54811,20210416,-88.85,41.84,0.43,0.99,0,1,0.435,0.55,0,0.887,0.439,1.67,0,1,0.401,0.15,0,0.696,,,,,0.432,0.88,0,0.994,,,,
54811,20210417,-88.85,41.84,0.418,0.83,0,0.887,0.43,0.49,0,0.744,0.437,1.61,0,1,0.402,0.16,0,0.708,,,,,0.424,0.75,0,0.863,,,,
54811,20210418,-88.85,41.84,0.401,0.6,0,0.744,0.421,0.38,0,0.601,0.43,1.45,0,1,0.4,0.14,0,0.643,,,,,0.411,0.54,0,0.72,,,,
54811,20210419,-88.85,41.84,0.383,0.37,0.018,0.601,0.413,0.28,0,0.458,0.424,1.28,0,1,0.397,0.11,0,0.5,,,,,0.398,0.34,0,0.577,,,,
54811,20210420,-88.85,41.84,0.365,0.16,0.155,0.458,0.405,0.18,0,0.315,0.419,1.14,0,1,0.394,0.08,0,0.357,,,,,0.385,0.15,0.054,0.435,,,,
54811,20210421,-88.85,41.84,0.348,-0.03,0.298,0.315,0.399,0.1,0,0.173,0.415,1.02,0,1,0.392,0.06,0,0.214,,,,,0.373,-0.02,0.196,0.292,,,,
54811,20210422,-88.85,41.84,0.332,-0.2,0.44,0.173,0.392,0.02,0,0.036,0.411,0.91,0,1,0.39,0.04,0,0.107,,,,,0.362,-0.17,0.339,0.149,,,,
54811,20210423,-88.85,41.84,0.317,-0.35,0.583,0.03,0.384,-0.07,0.083,0,0.407,0.81,0,1,0.388,0.02,0,0.012,,,,,0.35,-0.32,0.482,0.012,,,,
54811,20210424,-88.85,41.84,0.304,-0.47,0.726,0,0.375,-0.18,0.226,0,0.403,0.72,0,1,0.386,0.01,0,0,,,,,0.339,-0.45,0.625,0,,,,
54811,20210425,-88.85,41.84,0.292,-0.56,0.868,0,0.365,-0.29,0.365,0,0.399,0.64,0,1,0.384,0,0,0,,,,,0.329,-0.57,0.766,0,,,,
54811,20210426,-88.85,41.84,0.282,-0.63,0.994,0,0.355,-0.41,0.509,0,0.395,0.57,0,0.994,0.383,-0.02,0,0,,,,,0.319,-0.67,0.91,0,,,,
54811,20210427,-88.85,41.84,0.272,-0.69,1,0,0.343,-0.54,0.653,0,0.391,0.48,0,0.862,0.381,-0.03,0,0,,,,,0.308,-0.77,1,0,,,,
54811,20210428,-88.85,41.84,0.262,-0.75,1,0,0.33,-0.69,0.796,0,0.385,0.39,0,0.719,0.379,-0.05,0,0,,,,,0.296,-0.88,1,0,,,,
54811,20210429,-88.85,41.84,0.252,-0.8,1,0,0.316,-0.83,0.94,0,0.378,0.28,0,0.575,0.378,-0.06,0,0,,,,,0.284,-0.98,1,0,,,,
54811,20210430,-88.85,41.84,0.242,-0.85,1,0,0.302,-0.97,1,0,0.371,0.17,0,0.431,0.377,-0.07,0,0,,,,,0.272,-1.07,1,0,,,,
54811,20210501,-88.85,41.84,0.233,-0.89,1,0,0.288,-1.09,1,0,0.363,0.04,0.036,0.287,0.376,-0.08,0,0,,,,,0.261,-1.15,1,0,,,,
54811,20210502,-88.85,41.84,0.225,-0.93,1,0,0.275,-1.2,1,0,0.353,-0.11,0.179,0.149,0.375,-0.1,0,0,,,,,0.25,-1.22,1,0,,,,
54811,20210503,-88.85,41.84,0.217,-0.96,1,0,0.261,-1.29,1,0,0.342,-0.26,0.321,0.012,0.373,-0.12,0,0,,,,,0.239,-1.29,1,0,,,,
54811,20210504,-88.85,41.84,0.21,-0.97,1,0,0.25,-1.36,1,0,0.331,-0.41,0.464,0,0.372,-0.15,0,0,,,,,0.23,-1.33,1,0,,,,
54811,20210505,-88.85,41.84,0.206,-0.97,1,0,0.241,-1.39,1,0,0.321,-0.54,0.607,0,0.37,-0.17,0,0,,,,,0.223,-1.34,1,0,,,,
54811,20210506,-88.85,41.84,0.202,-0.96,1,0,0.233,-1.41,1,0,0.311,-0.66,0.75,0,0.369,-0.19,0,0,,,,,0.217,-1.35,1,0,,,,
54811,20210507,-88.85,41.84,0.199,-0.96,1,0,0.226,-1.42,1,0,0.302,-0.77,0.893,0,0.367,-0.23,0.006,0,,,,,0.212,-1.35,1,0,,,,
54811,20210508,-88.85,41.84,0.196,-0.94,1,0,0.221,-1.4,1,0,0.294,-0.87,1,0,0.365,-0.26,0.042,0,,,,,0.208,-1.34,1,0,,,,
54811,20210509,-88.85,41.84,0.206,-0.84,0.952,0.048,0.223,-1.33,0.97,0,0.29,-0.9,0.97,0,0.363,-0.29,0.083,0,,,,,0.214,-1.24,0.952,0.03,,,,
54811,20210510,-88.85,41.84,0.236,-0.59,0.81,0.19,0.248,-1.08,0.827,0.024,0.304,-0.72,0.827,0.143,0.362,-0.32,0.143,0,,,,,0.242,-0.96,0.81,0.173,,,,
54811,20210511,-88.85,41.84,0.262,-0.38,0.667,0.327,0.271,-0.86,0.685,0.024,0.317,-0.54,0.685,0.286,0.36,-0.34,0.208,0,,,,,0.267,-0.72,0.667,0.173,,,,
54811,20210512,-88.85,41.84,0.285,-0.2,0.524,0.327,0.292,-0.65,0.542,0.024,0.329,-0.37,0.542,0.292,0.358,-0.37,0.315,0,,,,,0.288,-0.5,0.524,0.173,,,,
54811,20210513,-88.85,41.84,0.304,-0.05,0.381,0.327,0.311,-0.47,0.399,0.024,0.341,-0.21,0.399,0.292,0.356,-0.4,0.452,0,,,,,0.308,-0.31,0.381,0.173,,,,
54811,20210514,-88.85,41.84,0.321,0.08,0.238,0.327,0.329,-0.3,0.256,0.024,0.352,-0.06,0.256,0.292,0.355,-0.42,0.589,0,,,,,0.325,-0.15,0.238,0.173,,,,
54811,20210515,-88.85,41.84,0.334,0.18,0.095,0.327,0.345,-0.16,0.113,0.024,0.363,0.09,0.113,0.292,0.353,-0.44,0.696,0,,,,,0.339,0,0.125,0.173,,,,
54811,20210516,-88.85,41.84,0.334,0.19,0,0.28,0.355,-0.07,0.012,0.024,0.37,0.19,0,0.292,0.352,-0.45,0.798,0,,,,,0.344,0.05,0.101,0.143,,,,
54811,20210517,-88.85,41.84,0.313,0.05,0,0.137,0.342,-0.16,0.089,0,0.362,0.1,0,0.149,0.351,-0.46,0.881,0,,,,,0.327,-0.07,0.238,0,,,,
54811,20210518,-88.85,41.84,0.297,-0.05,0,0,0.331,-0.23,0.226,0,0.354,0.03,0,0.006,0.35,-0.47,0.952,0,,,,,0.314,-0.17,0.375,0,,,,
54811,20210519,-88.85,41.84,0.29,-0.09,0,0.048,0.322,-0.28,0.363,0,0.348,-0.02,0,0,0.349,-0.48,0.988,0,,,,,0.306,-0.21,0.446,0,,,,
54811,20210520,-88.85,41.84,0.296,-0.03,0,0.19,0.315,-0.31,0.417,0,0.343,-0.06,0,0,0.348,-0.48,0.982,0,,,,,0.305,-0.2,0.446,0,,,,
54811,20210521,-88.85,41.84,0.301,0.02,0,0.196,0.308,-0.33,0.524,0,0.339,-0.09,0,0,0.348,-0.47,0.875,0,,,,,0.304,-0.18,0.446,0,,,,
54811,20210522,-88.85,41.84,0.305,0.07,0,0.196,0.303,-0.34,0.661,0,0.336,-0.1,0,0,0.349,-0.46,0.756,0,,,,,0.304,-0.16,0.417,0,,,,
54811,20210523,-88.85,41.84,0.307,0.11,0,0.196,0.298,-0.35,0.786,0,0.332,-0.12,0,0,0.348,-0.45,0.625,0,,,,,0.302,-0.14,0.345,0,,,,
54811,20210524,-88.85,41.84,0.307,0.14,0,0.196,0.292,-0.36,0.851,0,0.328,-0.13,0,0,0.348,-0.45,0.494,0,,,,,0.3,-0.13,0.208,0,,,,
54811,20210525,-88.85,41.84,0.306,0.15,0,0.196,0.286,-0.36,0.857,0,0.324,-0.14,0,0,0.348,-0.44,0.357,0,,,,,0.296,-0.13,0.131,0,,,,
54811,20210526,-88.85,41.84,0.297,0.11,0,0.149,0.279,-0.38,0.863,0,0.319,-0.16,0,0,0.349,-0.43,0.214,0,,,,,0.288,-0.15,0.185,0,,,,
54811,20210527,-88.85,41.84,0.285,0.06,0,0.006,0.272,-0.39,0.952,0,0.313,-0.18,0,0,0.349,-0.42,0.083,0,,,,,0.279,-0.19,0.185,0,,,,
54811,20210528,-88.85,41.84,0.278,0.03,0,0.024,0.265,-0.41,0.988,0,0.307,-0.19,0,0,0.349,-0.41,0.048,0,,,,,0.272,-0.22,0.185,0.006,,,,
54811,20210529,-88.85,41.84,0.293,0.15,0,0.167,0.261,-0.41,0.911,0,0.301,-0.21,0,0,0.348,-0.41,0.03,0,,,,,0.277,-0.15,0.185,0.095,,,,
54811,20210530,-88.85,41.84,0.307,0.26,0,0.31,0.259,-0.4,0.774,0,0.296,-0.22,0,0,0.347,-0.42,0.125,0,,,,,0.283,-0.08,0.185,0.125,,,,
54811,20210531,-88.85,41.84,0.318,0.34,0,0.452,0.257,-0.39,0.631,0,0.291,-0.23,0,0,0.346,-0.43,0.244,0,,,,,0.287,-0.03,0.185,0.125,,,,
54811,20210601,-88.85,41.84,0.327,0.42,0,0.548,0.255,-0.38,0.488,0,0.288,-0.22,0,0,0.345,-0.45,0.381,0,,,,,0.291,0.02,0.125,0.125,,,,
54811,20210602,-88.85,41.84,0.333,0.47,0,0.548,0.255,-0.37,0.345,0,0.285,-0.23,0,0,0.343,-0.46,0.512,0,,,,,0.294,0.05,0,0.125,,,,
54811,20210603,-88.85,41.84,0.33,0.46,0,0.548,0.254,-0.36,0.327,0,0.283,-0.23,0,0,0.342,-0.48,0.625,0,,,,,0.292,0.05,0,0.125,,,,
54811,20210604,-88.85,41.84,0.324,0.42,0,0.524,0.253,-0.36,0.327,0,0.28,-0.23,0,0,0.34,-0.5,0.768,0,,,,,0.288,0.03,0,0.119,,,,
54811,20210605,-88.85,41.84,0.297,0.25,0,0.381,0.248,-0.38,0.411,0,0.278,-0.23,0,0,0.339,-0.52,0.905,0,,,,,0.272,-0.08,0.095,0.03,,,,
54811,20210606,-88.85,41.84,0.272,0.09,0,0.238,0.241,-0.42,0.554,0,0.274,-0.24,0,0,0.338,-0.53,0.94,0,,,,,0.256,-0.18,0.238,0,,,,
54811,20210607,-88.85,41.84,0.251,-0.05,0.107,0.095,0.234,-0.46,0.696,0,0.27,-0.26,0,0,0.337,-0.53,0.952,0,,,,,0.242,-0.27,0.381,0,,,,
54811,20210608,-88.85,41.84,0.233,-0.16,0.25,0,0.227,-0.5,0.839,0,0.265,-0.28,0,0,0.336,-0.54,0.958,0,,,,,0.23,-0.36,0.524,0,,,,
54811,20210609,-88.85,41.84,0.219,-0.25,0.357,0,0.22,-0.54,0.982,0,0.26,-0.31,0,0,0.335,-0.55,0.97,0,,,,,0.219,-0.42,0.667,0,,,,
54811,20210610,-88.85,41.84,0.207,-0.32,0.5,0,0.214,-0.58,1,0,0.255,-0.33,0.048,0,0.334,-0.57,1,0,,,,,0.211,-0.47,0.81,0,,,,
54811,20210611,-88.85,41.84,0.198,-0.37,0.643,0,0.208,-0.61,1,0,0.249,-0.36,0.19,0,0.332,-0.58,1,0,,,,,0.203,-0.52,0.952,0,,,,
54811,20210612,-88.85,41.84,0.195,-0.39,0.702,0,0.202,-0.64,1,0,0.244,-0.39,0.333,0,0.331,-0.59,1,0,,,,,0.199,-0.54,1,0,,,,
54811,20210613,-88.85,41.84,0.196,-0.39,0.702,0,0.198,-0.67,1,0,0.24,-0.42,0.476,0,0.33,-0.6,1,0,,,,,0.197,-0.55,1,0,,,,
54811,20210614,-88.85,41.84,0.196,-0.4,0.72,0,0.195,-0.69,1,0,0.237,-0.44,0.619,0,0.329,-0.61,1,0,,,,,0.195,-0.56,1,0,,,,
54811,20210615,-88.85,41.84,0.195,-0.41,0.72,0,0.192,-0.71,1,0,0.233,-0.46,0.762,0,0.328,-0.61,1,0,,,,,0.193,-0.57,1,0,,,,
54811,20210616,-88.85,41.84,0.192,-0.44,0.756,0,0.189,-0.73,1,0,0.229,-0.49,0.905,0,0.327,-0.62,1,0,,,,,0.19,-0.59,1,0,,,,
54811,20210617,-88.85,41.84,0.19,-0.45,0.756,0,0.185,-0.75,1,0,0.226,-0.51,1,0,0.326,-0.62,1,0,,,,,0.188,-0.61,1,0,,,,
54811,20210618,-88.85,41.84,0.188,-0.47,0.756,0,0.182,-0.77,1,0,0.223,-0.53,1,0,0.325,-0.62,1,0,,,,,0.185,-0.63,1,0,,,,
54811,20210619,-88.85,41.84,0.183,-0.5,0.839,0,0.181,-0.78,1,0,0.22,-0.55,1,0,0.325,-0.61,1,0,,,,,0.182,-0.65,1,0,,,,
54811,20210620,-88.85,41.84,0.177,-0.54,0.982,0,0.179,-0.78,1,0,0.218,-0.56,1,0,0.324,-0.6,1,0,,,,,0.178,-0.68,1,0,,,,
54811,20210621,-88.85,41.84,0.182,-0.52,0.946,0.012,0.184,-0.74,0.946,0,0.225,-0.52,0.946,0.048,0.323,-0.59,1,0,,,,,0.183,-0.64,0.946,0,,,,
54811,20210622,-88.85,41.84,0.201,-0.42,0.804,0.012,0.203,-0.62,0.804,0,0.244,-0.38,0.804,0.143,0.322,-0.58,1,0,,,,,0.202,-0.53,0.804,0,,,,
54811,20210623,-88.85,41.84,0.218,-0.34,0.661,0.012,0.221,-0.5,0.661,0,0.262,-0.26,0.661,0.143,0.321,-0.57,1,0,,,,,0.219,-0.43,0.661,0,,,,
54811,20210624,-88.85,41.84,0.24,-0.22,0.518,0.012,0.238,-0.39,0.518,0,0.28,-0.13,0.518,0.143,0.321,-0.55,1,0,,,,,0.239,-0.31,0.518,0,,,,
54811,20210625,-88.85,41.84,0.265,-0.09,0.375,0.042,0.258,-0.26,0.375,0.03,0.3,0.01,0.375,0.173,0.322,-0.51,0.982,0.012,,,,,0.261,-0.18,0.375,0.03,,,,
54811,20210626,-88.85,41.84,0.3,0.09,0.232,0.185,0.288,-0.06,0.232,0.173,0.329,0.21,0.232,0.315,0.335,-0.32,0.839,0.155,,,,,0.294,0.02,0.232,0.173,,,,
54811,20210627,-88.85,41.84,0.336,0.29,0.089,0.327,0.319,0.15,0.089,0.315,0.359,0.42,0.089,0.458,0.35,-0.12,0.696,0.298,,,,,0.328,0.22,0.089,0.315,,,,
54811,20210628,-88.85,41.84,0.36,0.42,0,0.458,0.341,0.29,0,0.458,0.378,0.55,0,0.554,0.364,0.08,0.554,0.44,,,,,0.35,0.36,0,0.458,,,,
54811,20210629,-88.85,41.84,0.377,0.52,0,0.601,0.356,0.39,0,0.601,0.389,0.64,0,0.601,0.38,0.3,0.411,0.583,,,,,0.367,0.46,0,0.601,,,,
54811,20210630,-88.85,41.84,0.395,0.62,0,0.744,0.37,0.48,0,0.744,0.399,0.72,0,0.744,0.396,0.51,0.268,0.726,,,,,0.382,0.55,0,0.744,,,,
54811,20210701,-88.85,41.84,0.407,0.69,0,0.887,0.382,0.56,0,0.887,0.41,0.8,0,0.887,0.408,0.68,0.125,0.869,,,,,0.394,0.63,0,0.887,,,,
54811,20210702,-88.85,41.84,0.413,0.73,0,1,0.391,0.61,0,1,0.416,0.86,0,1,0.415,0.79,0,0.923,,,,,0.402,0.67,0,1,,,,
54811,20210703,-88.85,41.84,0.406,0.69,0,1,0.388,0.59,0,0.982,0.413,0.85,0,1,0.409,0.73,0,0.78,,,,,0.397,0.64,0,0.988,,,,
54811,20210704,-88.85,41.84,0.396,0.64,0,0.869,0.382,0.55,0,0.839,0.407,0.83,0,1,0.4,0.63,0,0.637,,,,,0.389,0.59,0,0.845,,,,
54811,20210705,-88.85,41.84,0.385,0.58,0,0.726,0.377,0.52,0,0.696,0.404,0.82,0,1,0.391,0.52,0,0.494,,,,,0.381,0.54,0,0.702,,,,
54811,20210706,-88.85,41.84,0.366,0.47,0,0.583,0.365,0.44,0,0.554,0.395,0.77,0,1,0.377,0.35,0.006,0.351,,,,,0.366,0.44,0,0.56,,,,
54811,20210707,-88.85,41.84,0.347,0.36,0,0.44,0.354,0.35,0,0.411,0.386,0.72,0,1,0.363,0.18,0.012,0.208,,,,,0.35,0.34,0,0.417,,,,
54811,20210708,-88.85,41.84,0.328,0.25,0,0.298,0.342,0.27,0,0.268,0.377,0.66,0,1,0.353,0.06,0.012,0.065,,,,,0.335,0.24,0,0.274,,,,
54811,20210709,-88.85,41.84,0.311,0.14,0,0.155,0.331,0.19,0,0.125,0.368,0.6,0,0.994,0.346,-0.03,0.012,0,,,,,0.321,0.15,0,0.131,,,,
54811,20210710,-88.85,41.84,0.297,0.06,0,0.012,0.321,0.12,0,0,0.36,0.55,0,0.94,0.34,-0.09,0.06,0,,,,,0.309,0.07,0,0,,,,
54811,20210711,-88.85,41.84,0.291,0.03,0,0.036,0.312,0.06,0,0,0.353,0.5,0,0.81,0.335,-0.16,0.161,0,,,,,0.301,0.02,0,0.036,,,,
54811,20210712,-88.85,41.84,0.3,0.12,0,0.179,0.306,0.01,0,0,0.346,0.45,0,0.744,0.331,-0.2,0.28,0,,,,,0.303,0.05,0,0.179,,,,
54811,20210713,-88.85,41.84,0.31,0.21,0,0.321,0.301,-0.01,0,0,0.341,0.42,0,0.732,0.329,-0.21,0.381,0,,,,,0.305,0.08,0,0.321,,,,
54811,20210714,-88.85,41.84,0.322,0.32,0,0.464,0.299,-0.03,0,0,0.337,0.4,0,0.72,0.328,-0.22,0.488,0,,,,,0.31,0.14,0,0.458,,,,
54811,20210715,-88.85,41.84,0.336,0.45,0,0.607,0.298,-0.03,0,0.006,0.335,0.4,0,0.708,0.324,-0.28,0.595,0,,,,,0.317,0.2,0,0.524,,,,
54811,20210716,-88.85,41.84,0.362,0.67,0,0.75,0.309,0.08,0,0.077,0.343,0.52,0,0.714,0.306,-0.51,0.738,0,,,,,0.335,0.38,0,0.667,,,,
54811,20210717,-88.85,41.84,0.385,0.87,0,0.893,0.324,0.2,0,0.22,0.353,0.65,0,0.768,0.289,-0.73,0.833,0,,,,,0.354,0.55,0,0.81,,,,
54811,20210718,-88.85,41.84,0.401,1.02,0,1,0.336,0.31,0,0.363,0.362,0.77,0,0.899,0.272,-0.95,0.875,0,,,,,0.368,0.69,0,0.917,,,,
54811,20210719,-88.85,41.84,0.401,1.04,0,1,0.345,0.41,0,0.506,0.37,0.88,0,0.964,0.255,-1.16,0.899,0,,,,,0.373,0.75,0,0.917,,,,
54811,20210720,-88.85,41.84,0.402,1.06,0,1,0.354,0.49,0,0.649,0.377,0.96,0,0.976,0.238,-1.37,0.935,0,,,,,0.378,0.8,0,0.917,,,,
54811,20210721,-88.85,41.84,0.4,1.06,0,1,0.361,0.56,0,0.792,0.383,1.04,0,0.988,0.221,-1.57,0.964,0,,,,,0.381,0.84,0,0.923,,,,
54811,20210722,-88.85,41.84,0.396,1.05,0,1,0.368,0.62,0,0.929,0.389,1.1,0,1,0.208,-1.72,1,0,,,,,0.382,0.86,0,1,,,,
54811,20210723,-88.85,41.84,0.381,0.94,0,1,0.362,0.58,0,0.917,0.384,1.04,0,1,0.208,-1.68,1,0,,,,,0.372,0.78,0,1,,,,
54811,20210724,-88.85,41.84,0.366,0.83,0,1,0.353,0.5,0,0.774,0.376,0.95,0,1,0.208,-1.66,1,0,,,,,0.36,0.68,0,0.982,,,,
54811,20210725,-88.85,41.84,0.352,0.72,0,0.952,0.344,0.43,0,0.631,0.369,0.87,0,1,0.207,-1.63,1,0,,,,,0.348,0.59,0,0.839,,,,
54811,20210726,-88.85,41.84,0.338,0.61,0,0.81,0.335,0.34,0,0.488,0.362,0.79,0,1,0.207,-1.62,1,0,,,,,0.336,0.49,0,0.696,,,,
54811,20210727,-88.85,41.84,0.324,0.51,0,0.667,0.325,0.26,0,0.345,0.355,0.7,0,0.893,0.206,-1.61,1,0,,,,,0.324,0.39,0,0.554,,,,
54811,20210728,-88.85,41.84,0.312,0.42,0,0.536,0.315,0.17,0,0.202,0.347,0.61,0,0.75,0.206,-1.6,1,0,,,,,0.313,0.3,0,0.423,,,,
54811,20210729,-88.85,41.84,0.316,0.46,0,0.536,0.309,0.12,0,0.06,0.339,0.53,0,0.607,0.208,-1.57,0.982,0,,,,,0.312,0.3,0,0.423,,,,
54811,20210730,-88.85,41.84,0.326,0.56,0,0.536,0.306,0.11,0,0,0.332,0.45,0,0.464,0.231,-1.28,0.839,0.018,,,,,0.316,0.35,0,0.423,,,,
54811,20210731,-88.85,41.84,0.336,0.66,0,0.536,0.304,0.1,0,0,0.326,0.38,0,0.321,0.254,-0.99,0.696,0.024,,,,,0.32,0.4,0,0.44,,,,
54811,20210801,-88.85,41.84,0.346,0.75,0,0.583,0.303,0.1,0,0,0.32,0.33,0,0.179,0.277,-0.71,0.554,0.024,,,,,0.325,0.45,0,0.583,,,,
54811,20210802,-88.85,41.84,0.356,0.85,0,0.726,0.302,0.11,0,0,0.316,0.29,0,0.036,0.3,-0.42,0.411,0.024,,,,,0.329,0.51,0,0.726,,,,
54811,20210803,-88.85,41.84,0.366,0.94,0,0.869,0.302,0.13,0,0,0.313,0.25,0,0,0.323,-0.14,0.268,0.024,,,,,0.334,0.56,0,0.863,,,,
54811,20210804,-88.85,41.84,0.373,1,0,1,0.302,0.14,0,0,0.31,0.23,0,0,0.345,0.14,0.125,0.024,,,,,0.337,0.6,0,0.851,,,,
54811,20210805,-88.85,41.84,0.363,0.93,0,0.988,0.298,0.1,0,0,0.306,0.19,0,0,0.365,0.38,0,0.024,,,,,0.33,0.55,0,0.708,,,,
54811,20210806,-88.85,41.84,0.345,0.8,0,0.845,0.29,0.04,0,0,0.303,0.16,0,0,0.363,0.36,0,0.006,,,,,0.318,0.44,0,0.565,,,,
54811,20210807,-88.85,41.84,0.329,0.67,0,0.702,0.283,-0.03,0,0,0.299,0.12,0,0,0.361,0.35,0,0,,,,,0.306,0.33,0,0.423,,,,
54811,20210808,-88.85,41.84,0.313,0.54,0,0.56,0.275,-0.1,0,0,0.295,0.08,0,0,0.36,0.33,0,0,,,,,0.294,0.23,0,0.28,,,,
54811,20210809,-88.85,41.84,0.299,0.41,0,0.417,0.268,-0.16,0,0,0.29,0.04,0,0,0.358,0.32,0,0,,,,,0.284,0.13,0,0.137,,,,
54811,20210810,-88.85,41.84,0.291,0.34,0,0.274,0.265,-0.19,0,0,0.287,0,0,0,0.357,0.32,0,0,,,,,0.278,0.07,0,0,,,,
54811,20210811,-88.85,41.84,0.296,0.38,0,0.202,0.265,-0.19,0,0,0.285,-0.01,0,0,0.356,0.32,0,0,,,,,0.28,0.1,0,0.071,,,,
54811,20210812,-88.85,41.84,0.31,0.51,0,0.214,0.269,-0.15,0,0,0.284,-0.01,0,0,0.355,0.31,0,0,,,,,0.29,0.18,0,0.214,,,,
54811,20210813,-88.85,41.84,0.325,0.64,0,0.357,0.273,-0.11,0,0,0.284,-0.01,0,0,0.354,0.31,0,0,,,,,0.299,0.27,0,0.357,,,,
54811,20210814,-88.85,41.84,0.338,0.76,0,0.5,0.277,-0.07,0,0,0.283,-0.01,0,0,0.353,0.3,0,0,,,,,0.307,0.35,0,0.5,,,,
54811,20210815,-88.85,41.84,0.349,0.87,0,0.643,0.279,-0.04,0,0,0.282,-0.02,0,0,0.352,0.3,0,0,,,,,0.314,0.42,0,0.631,,,,
54811,20210816,-88.85,41.84,0.358,0.97,0,0.786,0.282,-0.02,0,0,0.281,-0.03,0,0,0.351,0.29,0,0,,,,,0.32,0.49,0,0.631,,,,
54811,20210817,-88.85,41.84,0.361,1.01,0,0.929,0.281,-0.02,0,0,0.279,-0.04,0,0,0.35,0.28,0,0,,,,,0.321,0.5,0,0.631,,,,
54811,20210818,-88.85,41.84,0.352,0.95,0,1,0.276,-0.06,0,0,0.277,-0.07,0,0,0.349,0.27,0,0,,,,,0.314,0.45,0,0.56,,,,
54811,20210819,-88.85,41.84,0.335,0.81,0,0.929,0.269,-0.13,0,0,0.273,-0.11,0,0,0.347,0.26,0,0,,,,,0.302,0.34,0,0.417,,,,
54811,20210820,-88.85,41.84,0.317,0.66,0,0.786,0.261,-0.2,0.024,0,0.269,-0.14,0,0,0.346,0.25,0,0,,,,,0.289,0.23,0,0.274,,,,
54811,20210821,-88.85,41.84,0.301,0.53,0,0.643,0.254,-0.27,0.161,0,0.266,-0.18,0,0,0.344,0.23,0,0,,,,,0.278,0.13,0,0.131,,,,
54811,20210822,-88.85,41.84,0.289,0.42,0,0.519,0.249,-0.32,0.278,0,0.259,-0.24,0.105,0,0.325,-0.03,0.105,0,,,,,0.269,0.04,0,0,,,,
54811,20210823,-88.85,41.84,0.276,0.31,0,0.37,0.244,-0.37,0.426,0,0.251,-0.31,0.253,0,0.297,-0.39,0.253,0,,,,,0.26,-0.04,0,0,,,,
54811,20210824,-88.85,41.84,0.267,0.22,0,0.222,0.239,-0.41,0.574,0,0.244,-0.38,0.401,0,0.269,-0.76,0.401,0,,,,,0.253,-0.1,0,0,,,,
54811,20210825,-88.85,41.84,0.259,0.14,0,0.074,0.236,-0.44,0.722,0,0.236,-0.45,0.549,0,0.242,-1.11,0.549,0,,,,,0.247,-0.15,0,0,,,,
54811,20210826,-88.85,41.84,0.253,0.09,0,0,0.233,-0.46,0.87,0,0.23,-0.51,0.698,0,0.215,-1.46,0.698,0,,,,,0.243,-0.19,0,0,,,,
54811,20210827,-88.85,41.84,0.248,0.04,0,0,0.231,-0.48,0.994,0,0.223,-0.58,0.846,0,0.188,-1.79,0.846,0,0.178,,,,0.24,-0.21,0,0,0.206,,,
54811,20210828,-88.85,41.84,0.245,0.01,0,0,0.23,-0.48,1,0,0.216,-0.64,0.994,0,0.161,-2.1,0.994,0,0.178,,,,0.237,-0.23,0,0,0.206,,,
54811,20210829,-88.85,41.84,0.244,0,0,0,0.228,-0.48,1,0,0.215,-0.65,1,0,0.16,-2.09,1,0,0.179,,,,0.236,-0.23,0,0,0.205,,,
54811,20210830,-88.85,41.84,0.242,-0.01,0,0,0.227,-0.49,1,0,0.214,-0.66,1,0,0.161,-2.05,1,0,0.179,,,,0.234,-0.24,0,0,0.205,,,
54811,20210831,-88.85,41.84,0.241,-0.02,0,0,0.225,-0.49,1,0,0.213,-0.67,1,0,0.16,-2.01,1,0,0.18,,,,0.233,-0.25,0.03,0,0.204,,,
54811,20210901,-88.85,41.84,0.239,-0.04,0,0,0.222,-0.49,1,0,0.212,-0.68,1,0,0.16,-1.97,1,0,0.18,,,,0.23,-0.26,0.173,0,0.203,,,
54811,20210902,-88.85,41.84,0.236,-0.06,0,0,0.22,-0.5,1,0,0.21,-0.69,1,0,0.16,-1.93,1,0,0.181,,,,0.228,-0.27,0.315,0,0.201,,,
54811,20210903,-88.85,41.84,0.232,-0.08,0,0,0.217,-0.51,1,0,0.208,-0.7,1,0,0.159,-1.89,1,0,0.181,,,,0.225,-0.28,0.458,0,0.2,,,
54811,20210904,-88.85,41.84,0.229,-0.1,0,0,0.214,-0.52,1,0,0.207,-0.7,1,0,0.158,-1.85,1,0,0.181,,,,0.222,-0.29,0.601,0,0.198,,,
54811,20210905,-88.85,41.84,0.226,-0.12,0,0,0.212,-0.53,1,0,0.205,-0.7,1,0,0.157,-1.82,1,0,0.181,,,,0.219,-0.31,0.744,0,0.196,,,
54811,20210906,-88.85,41.84,0.222,-0.14,0,0,0.209,-0.54,1,0,0.203,-0.69,1,0,0.156,-1.79,1,0,0.181,,,,0.216,-0.32,0.887,0,0.194,,,
54811,20210907,-88.85,41.84,0.219,-0.16,0,0,0.207,-0.54,1,0,0.201,-0.69,1,0,0.155,-1.76,1,0,0.181,,,,0.213,-0.34,1,0,0.193,,,
54811,20210908,-88.85,41.84,0.217,-0.18,0,0,0.204,-0.55,1,0,0.2,-0.68,1,0,0.154,-1.73,1,0,0.182,,,,0.211,-0.35,1,0,0.192,,,
54811,20210909,-88.85,41.84,0.215,-0.19,0,0,0.203,-0.56,1,0,0.199,-0.67,1,0,0.154,-1.71,1,0,0.182,,,,0.209,-0.37,1,0,0.19,,,
54811,20210910,-88.85,41.84,0.213,-0.2,0,0,0.201,-0.57,1,0,0.198,-0.67,1,0,0.153,-1.69,1,0,0.182,,,,0.207,-0.38,1,0,0.189,,,
54811,20210911,-88.85,41.84,0.211,-0.21,0,0,0.2,-0.58,1,0,0.197,-0.67,1,0,0.153,-1.67,1,0,0.182,,,,0.205,-0.4,1,0,0.188,,,
54811,20210912,-88.85,41.84,0.209,-0.22,0,0,0.198,-0.59,1,0,0.196,-0.68,1,0,0.152,-1.66,1,0,0.182,,,,0.203,-0.42,1,0,0.187,,,
54811,20210913,-88.85,41.84,0.207,-0.23,0,0,0.197,-0.6,1,0,0.195,-0.68,1,0,0.152,-1.65,1,0,0.182,,,,0.202,-0.43,1,0,0.186,,,
54811,20210914,-88.85,41.84,0.205,-0.24,0,0,0.196,-0.61,1,0,0.194,-0.69,1,0,0.152,-1.63,1,0,0.182,,,,0.2,-0.44,1,0,0.186,,,
54811,20210915,-88.85,41.84,0.202,-0.25,0.006,0,0.195,-0.62,1,0,0.193,-0.69,1,0,0.152,-1.63,1,0,0.182,,,,0.199,-0.45,1,0,0.185,,,
54811,20210916,-88.85,41.84,0.2,-0.26,0.083,0,0.193,-0.63,1,0,0.191,-0.7,1,0,0.152,-1.62,1,0,0.182,,,,0.197,-0.46,1,0,0.184,,,
54811,20210917,-88.85,41.84,0.197,-0.27,0.22,0,0.192,-0.64,1,0,0.19,-0.7,1,0,0.151,-1.62,1,0,0.182,,,,0.194,-0.47,1,0,0.182,,,
54811,20210918,-88.85,41.84,0.195,-0.28,0.286,0,0.19,-0.65,1,0,0.19,-0.7,1,0,0.151,-1.62,1,0,0.182,,,,0.193,-0.48,1,0,0.182,,,
54811,20210919,-88.85,41.84,0.195,-0.27,0.286,0,0.189,-0.65,1,0,0.191,-0.68,1,0,0.15,-1.62,1,0,0.182,,,,0.192,-0.48,1,0,0.181,,,
54811,20210920,-88.85,41.84,0.195,-0.27,0.286,0,0.188,-0.65,1,0,0.193,-0.67,1,0,0.15,-1.63,1,0,0.182,,,,0.191,-0.48,1,0,0.181,,,
54811,20210921,-88.85,41.84,0.199,-0.23,0.286,0.036,0.189,-0.63,0.97,0,0.195,-0.66,0.982,0,0.149,-1.65,1,0,0.182,,,,0.194,-0.45,0.958,0,0.182,,,
54811,20210922,-88.85,41.84,0.212,-0.11,0.28,0.179,0.197,-0.54,0.827,0,0.201,-0.61,0.839,0,0.148,-1.71,1,0,0.181,,,,0.204,-0.33,0.815,0,0.188,,,
54811,20210923,-88.85,41.84,0.223,-0.01,0.202,0.185,0.205,-0.45,0.685,0,0.208,-0.56,0.815,0,0.148,-1.76,1,0,0.181,,,,0.214,-0.24,0.673,0,0.193,,,
54811,20210924,-88.85,41.84,0.232,0.07,0.065,0.185,0.213,-0.37,0.542,0,0.213,-0.52,0.815,0,0.147,-1.82,1,0,0.181,,,,0.223,-0.15,0.53,0,0.197,,,
54811,20210925,-88.85,41.84,0.24,0.14,0,0.185,0.22,-0.3,0.399,0,0.217,-0.5,0.815,0,0.147,-1.88,1,0,0.181,,,,0.23,-0.07,0.387,0,0.201,,,
54811,20210926,-88.85,41.84,0.247,0.19,0,0.185,0.226,-0.24,0.256,0,0.22,-0.48,0.815,0,0.147,-1.93,1,0,0.181,,,,0.237,-0.01,0.244,0,0.204,,,
54811,20210927,-88.85,41.84,0.252,0.24,0,0.185,0.232,-0.19,0.113,0,0.221,-0.47,0.815,0,0.146,-1.97,1,0,0.18,,,,0.242,0.04,0.101,0,0.206,,,
54811,20210928,-88.85,41.84,0.253,0.24,0,0.149,0.235,-0.16,0,0,0.222,-0.47,0.833,0,0.146,-1.99,1,0,0.18,,,,0.244,0.05,0,0,0.207,,,
54811,20210929,-88.85,41.84,0.244,0.16,0,0.006,0.229,-0.21,0.077,0,0.218,-0.5,0.976,0,0.146,-1.99,1,0,0.18,,,,0.237,-0.02,0,0,0.203,,,
54811,20210930,-88.85,41.84,0.238,0.1,0,0,0.224,-0.25,0.22,0,0.213,-0.54,1,0,0.147,-1.97,1,0,0.18,,,,0.231,-0.08,0,0,0.2,,,
54811,20211001,-88.85,41.84,0.232,0.05,0,0,0.219,-0.3,0.363,0,0.21,-0.56,1,0,0.147,-1.96,1,0,0.18,,,,0.225,-0.14,0,0,0.198,,,
54811,20211002,-88.85,41.84,0.226,0,0,0,0.213,-0.35,0.506,0,0.208,-0.58,1,0,0.148,-1.94,1,0,0.18,,,,0.22,-0.2,0.018,0,0.195,,,
54811,20211003,-88.85,41.84,0.222,-0.04,0,0,0.209,-0.39,0.649,0,0.206,-0.6,1,0,0.148,-1.94,1,0,0.179,,,,0.215,-0.24,0.119,0,0.193,,,
54811,20211004,-88.85,41.84,0.219,-0.07,0,0,0.205,-0.44,0.792,0,0.207,-0.6,1,0,0.147,-1.93,1,0,0.179,,,,0.212,-0.28,0.119,0,0.191,,,
54811,20211005,-88.85,41.84,0.217,-0.1,0,0,0.202,-0.47,0.935,0,0.207,-0.6,1,0,0.148,-1.92,1,0,0.179,,,,0.209,-0.31,0.155,0,0.191,,,
54811,20211006,-88.85,41.84,0.216,-0.12,0,0,0.199,-0.5,1,0,0.207,-0.6,1,0,0.149,-1.91,1,0,0.18,,,,0.207,-0.33,0.268,0,0.19,,,
54811,20211007,-88.85,41.84,0.215,-0.14,0,0,0.197,-0.53,1,0,0.207,-0.6,1,0,0.149,-1.91,1,0,0.18,,,,0.206,-0.36,0.411,0,0.19,,,
54811,20211008,-88.85,41.84,0.227,-0.07,0,0.083,0.206,-0.49,0.869,0,0.21,-0.58,0.982,0,0.149,-1.91,1,0,0.18,,,,0.216,-0.29,0.417,0,0.194,,,
54811,20211009,-88.85,41.84,0.238,-0.01,0,0.083,0.215,-0.44,0.726,0,0.213,-0.57,0.982,0,0.149,-1.91,1,0,0.18,,,,0.226,-0.23,0.399,0,0.199,,,
54811,20211010,-88.85,41.84,0.249,0.05,0,0.083,0.223,-0.41,0.583,0,0.215,-0.56,0.982,0,0.149,-1.9,1,0,0.18,,,,0.236,-0.17,0.298,0,0.203,,,
54811,20211011,-88.85,41.84,0.257,0.1,0,0.083,0.231,-0.38,0.44,0,0.216,-0.57,0.982,0,0.15,-1.89,1,0,0.181,,,,0.244,-0.13,0.298,0,0.207,,,
54811,20211012,-88.85,41.84,0.275,0.21,0,0.179,0.246,-0.3,0.298,0,0.22,-0.55,0.917,0,0.15,-1.88,1,0,0.181,,,,0.26,-0.04,0.262,0.071,0.214,,,
54811,20211013,-88.85,41.84,0.295,0.33,0,0.321,0.265,-0.2,0.155,0,0.227,-0.51,0.774,0,0.152,-1.85,1,0,0.18,,,,0.28,0.08,0.149,0.185,0.224,,,
54811,20211014,-88.85,41.84,0.32,0.48,0,0.464,0.289,-0.06,0.012,0.107,0.239,-0.43,0.631,0,0.158,-1.77,1,0,0.179,,,,0.305,0.22,0.006,0.298,0.237,,,
54811,20211015,-88.85,41.84,0.332,0.54,0,0.524,0.304,0,0,0.196,0.251,-0.36,0.506,0,0.168,-1.66,1,0,0.18,,,,0.318,0.28,0,0.44,0.247,,,
54811,20211016,-88.85,41.84,0.343,0.59,0,0.667,0.317,0.06,0,0.196,0.263,-0.28,0.363,0,0.178,-1.55,1,0,0.181,,,,0.33,0.34,0,0.583,0.256,,,
54811,20211017,-88.85,41.84,0.354,0.64,0,0.81,0.329,0.12,0,0.196,0.274,-0.21,0.22,0,0.186,-1.45,1,0,0.182,,,,0.342,0.39,0,0.708,0.265,,,
54811,20211018,-88.85,41.84,0.364,0.68,0,0.952,0.342,0.18,0,0.196,0.285,-0.15,0.077,0,0.195,-1.35,1,0,0.183,,,,0.353,0.44,0,0.708,0.274,,,
54811,20211019,-88.85,41.84,0.365,0.67,0,1,0.346,0.18,0,0.196,0.292,-0.11,0,0,0.203,-1.26,1,0,0.184,,,,0.355,0.44,0,0.637,0.278,,,
54811,20211020,-88.85,41.84,0.359,0.61,0,0.899,0.346,0.15,0,0.196,0.297,-0.1,0,0,0.209,-1.19,1,0,0.186,,,,0.352,0.4,0,0.524,0.279,,,
54811,20211021,-88.85,41.84,0.349,0.53,0,0.756,0.339,0.09,0,0.089,0.296,-0.13,0,0,0.21,-1.17,1,0,0.187,,,,0.344,0.33,0,0.411,0.276,,,
54811,20211022,-88.85,41.84,0.338,0.44,0,0.613,0.333,0.01,0,0,0.293,-0.18,0,0,0.209,-1.17,1,0,0.189,,,,0.335,0.25,0,0.268,0.272,,,
54811,20211023,-88.85,41.84,0.328,0.35,0,0.47,0.327,-0.05,0,0,0.289,-0.24,0,0,0.208,-1.18,1,0,0.19,,,,0.328,0.17,0,0.125,0.269,,,
54811,20211024,-88.85,41.84,0.317,0.24,0,0.327,0.322,-0.11,0.018,0,0.286,-0.29,0.042,0,0.207,-1.19,1,0,0.191,,,,0.32,0.08,0,0,0.265,,,
54811,20211025,-88.85,41.84,0.317,0.21,0,0.262,0.326,-0.1,0.06,0.071,0.29,-0.27,0.083,0.054,0.209,-1.17,0.994,0,0.192,,,,0.321,0.07,0,0.077,0.267,,,
54811,20211026,-88.85,41.84,0.323,0.21,0,0.256,0.333,-0.04,0.06,0.161,0.298,-0.21,0.083,0.071,0.217,-1.1,0.988,0,0.2,,,,0.328,0.09,0,0.155,0.274,,,
54811,20211027,-88.85,41.84,0.328,0.22,0,0.244,0.338,-0.01,0.06,0.161,0.304,-0.17,0.083,0.071,0.222,-1.05,0.988,0,0.209,,,,0.333,0.1,0,0.155,0.28,,,
54811,20211028,-88.85,41.84,0.333,0.22,0,0.244,0.343,0.02,0.06,0.161,0.308,-0.15,0.083,0.071,0.228,-1,0.988,0,0.219,,,,0.338,0.11,0,0.155,0.286,,,
54811,20211029,-88.85,41.84,0.343,0.26,0,0.327,0.351,0.08,0.06,0.238,0.316,-0.09,0.083,0.071,0.233,-0.95,0.988,0,0.228,,,,0.347,0.17,0,0.232,0.294,,,
54811,20211030,-88.85,41.84,0.356,0.33,0,0.47,0.361,0.18,0.06,0.381,0.325,-0.01,0.083,0.071,0.24,-0.9,0.988,0,0.238,,,,0.358,0.25,0,0.375,0.304,,,
54811,20211031,-88.85,41.84,0.368,0.41,0,0.611,0.369,0.27,0.042,0.467,0.333,0.06,0.042,0.072,0.246,-0.84,0.988,0,0.248,,,,0.369,0.34,0,0.491,0.313,,,
54811,20211101,-88.85,41.84,0.37,0.42,0,0.641,0.369,0.27,0,0.395,0.334,0.05,0,0.018,0.249,-0.81,0.994,0,0.258,,,,0.37,0.34,0,0.413,0.316,,,
54811,20211102,-88.85,41.84,0.366,0.38,0,0.509,0.366,0.23,0,0.305,0.331,0,0,0,0.247,-0.83,1,0,0.261,,,,0.366,0.31,0,0.335,0.314,,,
54811,20211103,-88.85,41.84,0.364,0.36,0,0.479,0.365,0.2,0,0.305,0.33,-0.03,0,0,0.246,-0.84,1,0,0.263,,,,0.364,0.29,0,0.335,0.313,,,
54811,20211104,-88.85,41.84,0.363,0.34,0,0.479,0.363,0.18,0,0.305,0.329,-0.06,0,0,0.245,-0.84,1,0,0.264,,,,0.363,0.27,0,0.335,0.313,,,
54811,20211105,-88.85,41.84,0.357,0.29,0,0.395,0.36,0.11,0,0.228,0.326,-0.12,0,0,0.244,-0.85,1,0,0.265,,,,0.358,0.22,0,0.257,0.31,,,
54811,20211106,-88.85,41.84,0.349,0.22,0,0.251,0.354,0.02,0,0.084,0.321,-0.2,0,0,0.242,-0.86,1,0,0.266,,,,0.351,0.14,0,0.114,0.306,,,
54811,20211107,-88.85,41.84,0.342,0.15,0,0.113,0.349,-0.05,0,0,0.317,-0.27,0,0,0.24,-0.88,1,0,0.267,,,,0.346,0.07,0,0,0.303,,,
54811,20211108,-88.85,41.84,0.335,0.08,0,0.006,0.346,-0.11,0,0,0.315,-0.33,0.006,0,0.239,-0.89,1,0,0.266,,,,0.341,0,0,0,0.3,,,
54811,20211109,-88.85,41.84,0.329,0.01,0,0,0.343,-0.17,0,0,0.313,-0.37,0.012,0,0.238,-0.9,1,0,0.266,,,,0.336,-0.06,0,0,0.298,,,
54811,20211110,-88.85,41.84,0.323,-0.06,0.024,0,0.341,-0.22,0.054,0,0.312,-0.41,0.036,0,0.237,-0.9,1,0,0.265,,,,0.332,-0.13,0,0,0.296,,,
54811,20211111,-88.85,41.84,0.317,-0.14,0.167,0,0.339,-0.26,0.196,0,0.311,-0.44,0.179,0,0.236,-0.91,1,0,0.264,,,,0.328,-0.2,0.101,0,0.293,,,
54811,20211112,-88.85,41.84,0.313,-0.19,0.185,0,0.336,-0.31,0.339,0,0.31,-0.46,0.292,0,0.236,-0.91,1,0,0.263,,,,0.325,-0.25,0.119,0,0.292,,,
54811,20211113,-88.85,41.84,0.31,-0.24,0.185,0,0.334,-0.35,0.482,0,0.309,-0.48,0.435,0,0.235,-0.91,1,0,0.262,,,,0.322,-0.3,0.119,0,0.29,,,
54811,20211114,-88.85,41.84,0.31,-0.26,0.185,0,0.332,-0.38,0.625,0,0.309,-0.5,0.56,0,0.235,-0.92,1,0,0.261,,,,0.321,-0.33,0.119,0,0.289,,,
54811,20211115,-88.85,41.84,0.31,-0.27,0.185,0,0.332,-0.4,0.768,0,0.308,-0.51,0.685,0,0.234,-0.92,1,0,0.26,,,,0.321,-0.35,0.119,0,0.289,,,
54811,20211116,-88.85,41.84,0.312,-0.27,0.185,0,0.331,-0.42,0.911,0,0.308,-0.53,0.815,0,0.234,-0.92,1,0,0.26,,,,0.322,-0.35,0.119,0,0.289,,,
54811,20211117,-88.85,41.84,0.315,-0.25,0.161,0,0.331,-0.43,1,0,0.307,-0.54,0.935,0,0.234,-0.92,1,0,0.26,,,,0.323,-0.34,0.119,0,0.289,,,
54811,20211118,-88.85,41.84,0.319,-0.22,0.018,0,0.333,-0.43,1,0,0.307,-0.55,0.875,0,0.233,-0.92,1,0,0.26,,,,0.326,-0.32,0.018,0,0.29,,,
54811,20211119,-88.85,41.84,0.322,-0.2,0,0,0.335,-0.43,1,0,0.306,-0.56,0.881,0,0.233,-0.92,1,0,0.259,,,,0.328,-0.31,0,0,0.291,,,
54811,20211120,-88.85,41.84,0.323,-0.19,0,0,0.336,-0.43,1,0,0.306,-0.57,0.881,0,0.233,-0.91,1,0,0.259,,,,0.33,-0.3,0,0,0.292,,,
54811,20211121,-88.85,41.84,0.324,-0.19,0,0,0.337,-0.44,1,0,0.305,-0.59,0.899,0,0.233,-0.91,1,0,0.259,,,,0.33,-0.3,0.06,0,0.292,,,
54811,20211122,-88.85,41.84,0.323,-0.21,0.018,0,0.338,-0.46,1,0,0.305,-0.6,0.911,0,0.233,-0.91,1,0,0.258,,,,0.33,-0.32,0.19,0,0.291,,,
54811,20211123,-88.85,41.84,0.322,-0.23,0.131,0,0.338,-0.48,1,0,0.305,-0.61,0.917,0,0.232,-0.91,1,0,0.258,,,,0.33,-0.35,0.333,0,0.291,,,
54811,20211124,-88.85,41.84,0.32,-0.26,0.274,0,0.337,-0.5,1,0,0.304,-0.62,0.917,0,0.232,-0.91,1,0,0.258,,,,0.329,-0.38,0.476,0,0.29,,,
54811,20211125,-88.85,41.84,0.318,-0.29,0.417,0,0.336,-0.53,1,0,0.303,-0.64,0.976,0,0.232,-0.91,1,0,0.257,,,,0.327,-0.42,0.619,0,0.289,,,
54811,20211126,-88.85,41.84,0.316,-0.33,0.56,0,0.335,-0.55,1,0,0.303,-0.65,1,0,0.231,-0.91,1,0,0.257,,,,0.325,-0.47,0.762,0,0.288,,,
54811,20211127,-88.85,41.84,0.313,-0.38,0.702,0,0.334,-0.57,1,0,0.302,-0.67,1,0,0.231,-0.91,1,0,0.256,,,,0.323,-0.52,0.905,0,0.287,,,
54811,20211128,-88.85,41.84,0.31,-0.43,0.845,0,0.333,-0.59,1,0,0.301,-0.68,1,0,0.231,-0.92,1,0,0.256,,,,0.321,-0.57,0.988,0,0.286,,,
54811,20211129,-88.85,41.84,0.308,-0.47,0.97,0,0.331,-0.61,1,0,0.301,-0.69,1,0,0.231,-0.92,1,0,0.256,,,,0.32,-0.61,1,0,0.285,,,
54811,20211130,-88.85,41.84,0.307,-0.51,1,0,0.33,-0.63,1,0,0.3,-0.71,1,0,0.231,-0.93,1,0,0.256,,,,0.319,-0.65,1,0,0.285,,,
54811,20211201,-88.85,41.84,0.306,-0.55,1,0,0.329,-0.65,1,0,0.3,-0.71,1,0,0.23,-0.94,1,0,0.256,,,,0.318,-0.69,1,0,0.284,,,
54811,20211202,-88.85,41.84,0.305,-0.59,1,0,0.329,-0.67,1,0,0.299,-0.72,1,0,0.23,-0.94,1,0,0.255,,,,0.317,-0.72,1,0,0.284,,,
54811,20211203,-88.85,41.84,0.305,-0.63,1,0,0.328,-0.7,1,0,0.299,-0.73,1,0,0.23,-0.95,1,0,0.255,,,,0.316,-0.75,1,0,0.283,,,
54811,20211204,-88.85,41.84,0.304,-0.66,1,0,0.327,-0.73,1,0,0.299,-0.73,1,0,0.23,-0.95,1,0,0.255,,,,0.316,-0.79,1,0,0.283,,,
54811,20211205,-88.85,41.84,0.304,-0.69,1,0,0.326,-0.77,1,0,0.299,-0.74,1,0,0.23,-0.96,1,0,0.254,,,,0.315,-0.83,1,0,0.283,,,
54811,20211206,-88.85,41.84,0.304,-0.72,1,0,0.325,-0.82,1,0,0.299,-0.75,1,0,0.23,-0.96,1,0,0.254,,,,0.315,-0.88,1,0,0.282,,,
54811,20211207,-88.85,41.84,0.303,-0.76,1,0,0.325,-0.86,1,0,0.298,-0.77,1,0,0.229,-0.96,1,0,0.254,,,,0.314,-0.94,1,0,0.282,,,
54811,20211208,-88.85,41.84,0.303,-0.81,1,0,0.324,-0.92,1,0,0.298,-0.79,1,0,0.229,-0.97,1,0,0.254,,,,0.313,-1.02,1,0,0.282,,,
54811,20211209,-88.85,41.84,0.302,-0.84,1,0,0.323,-0.98,1,0,0.297,-0.82,1,0,0.229,-0.97,1,0,0.254,,,,0.313,-1.08,1,0,0.281,,,
54811,20211210,-88.85,41.84,0.301,-0.89,1,0,0.323,-1.04,1,0,0.296,-0.85,1,0,0.229,-0.98,1,0,0.254,,,,0.312,-1.17,1,0,0.281,,,
54811,20211211,-88.85,41.84,0.31,-0.81,0.916,0.077,0.327,-1.02,0.946,0,0.299,-0.83,0.935,0,0.23,-0.97,1,0,0.254,,,,0.319,-1.13,0.923,0.042,0.284,,,
54811,20211212,-88.85,41.84,0.325,-0.65,0.748,0.077,0.334,-0.95,0.911,0,0.304,-0.77,0.792,0,0.233,-0.95,1,0,0.255,,,,0.331,-0.98,0.755,0.042,0.291,,,
54811,20211213,-88.85,41.84,0.337,-0.53,0.58,0.077,0.341,-0.89,0.911,0,0.308,-0.73,0.649,0,0.235,-0.93,1,0,0.256,,,,0.341,-0.86,0.587,0.042,0.297,,,
54811,20211214,-88.85,41.84,0.349,-0.4,0.413,0.077,0.347,-0.83,0.911,0,0.312,-0.68,0.512,0,0.238,-0.91,1,0,0.258,,,,0.35,-0.73,0.476,0.042,0.303,,,
54811,20211215,-88.85,41.84,0.36,-0.29,0.255,0.076,0.353,-0.76,0.911,0,0.316,-0.64,0.423,0,0.24,-0.9,1,0,0.259,,,,0.359,-0.6,0.483,0.041,0.308,,,
54811,20211216,-88.85,41.84,0.367,-0.22,0.165,0.07,0.359,-0.69,0.911,0,0.32,-0.59,0.304,0,0.243,-0.88,1,0,0.261,,,,0.364,-0.52,0.449,0.038,0.311,,,
54811,20211217,-88.85,41.84,0.373,-0.15,0.071,0.065,0.364,-0.61,0.911,0,0.324,-0.55,0.298,0,0.245,-0.86,1,0,0.262,,,,0.369,-0.43,0.482,0.036,0.314,,,
54811,20211218,-88.85,41.84,0.374,-0.16,0,0,0.365,-0.62,0.964,0,0.324,-0.57,0.363,0,0.246,-0.86,1,0,0.264,,,,0.37,-0.43,0.548,0,0.315,,,
54811,20211219,-88.85,41.84,0.37,-0.24,0.024,0,0.362,-0.69,1,0,0.322,-0.62,0.506,0,0.244,-0.88,1,0,0.265,,,,0.366,-0.52,0.69,0,0.313,,,
54811,20211220,-88.85,41.84,0.368,-0.29,0.077,0,0.361,-0.73,1,0,0.32,-0.68,0.649,0,0.243,-0.89,1,0,0.265,,,,0.364,-0.59,0.833,0,0.311,,,
54811,20211221,-88.85,41.84,0.366,-0.34,0.185,0,0.359,-0.77,1,0,0.319,-0.73,0.786,0,0.242,-0.91,1,0,0.265,,,,0.362,-0.63,0.926,0,0.31,,,
54811,20211222,-88.85,41.84,0.364,-0.36,0.217,0,0.358,-0.8,1,0,0.318,-0.79,0.875,0,0.241,-0.92,1,0,0.265,,,,0.361,-0.66,0.913,0,0.309,,,
54811,20211223,-88.85,41.84,0.361,-0.4,0.263,0,0.357,-0.84,1,0,0.316,-0.85,0.994,0,0.241,-0.94,1,0,0.265,,,,0.359,-0.71,1,0,0.308,,,
54811,20211224,-88.85,41.84,0.358,-0.43,0.333,0,0.355,-0.87,1,0,0.315,-0.91,1,0,0.24,-0.96,1,0,0.265,,,,0.357,-0.75,1,0,0.307,,,
54811,20211225,-88.85,41.84,0.357,-0.45,0.455,0,0.354,-0.88,1,0,0.313,-0.96,1,0,0.239,-0.97,1,0,0.265,,,,0.356,-0.77,1,0,0.306,,,
54811,20211226,-88.85,41.84,0.356,-0.47,0.619,0,0.353,-0.9,1,0,0.313,-1,1,0,0.239,-0.99,1,0,0.265,,,,0.355,-0.8,1,0,0.305,,,
54811,20211227,-88.85,41.84,0.357,-0.49,0.944,0,0.353,-0.91,1,0,0.313,-1.02,0.982,0,0.239,-1.01,1,0,0.265,,,,0.355,-0.83,1,0,0.305,,,
54811,20211228,-88.85,41.84,0.363,,,,0.356,-0.85,1,0,0.316,-0.98,0.982,0,0.239,-1.01,1,0,0.264,,,,0.36,,,,0.308,,,
54811,20211229,-88.85,41.84,0.368,,,,0.359,-0.81,1,0,0.318,-0.96,0.982,0,0.24,-1.02,1,0,0.264,,,,0.364,,,,0.31,,,
54811,20211230,-88.85,41.84,0.374,,,,0.363,-0.75,1,0,0.321,-0.93,0.982,0,0.242,-1.02,1,0,0.265,,,,0.368,,,,0.313,,,
54811,20211231,-88.85,41.84,0.38,,,,0.367,-0.7,1,0,0.324,-0.9,0.982,0,0.243,-1.03,1,0,0.265,,,,0.373,,,,0.316,,,
54811,20220101,-88.85,41.84,0.387,,,,0.371,-0.66,1,0,0.327,-0.85,0.982,0,0.244,-1.03,1,0,0.265,,,,0.379,,,,0.319,,,
54811,20220102,-88.85,41.84,0.393,,,,0.377,-0.6,1,0,0.331,-0.8,0.982,0,0.245,-1.04,1,0,0.266,,,,0.385,,,,0.322,,,
54811,20220103,-88.85,41.84,0.398,,,,0.381,-0.5,1,0,0.333,-0.77,1,0,0.247,-1.05,1,0,0.267,,,,0.389,,,,0.325,,,
54811,20220104,-88.85,41.84,0.396,,,,0.381,-0.5,1,0,0.333,-0.81,1,0,0.247,-1.08,1,0,0.267,,,,0.388,,,,0.325,,,
54811,20220105,-88.85,41.84,0.395,,,,0.381,-0.46,1,0,0.332,-0.84,1,0,0.247,-1.11,1,0,0.268,,,,0.388,,,,0.325,,,
54811,20220106,-88.85,41.84,0.396,,,,0.381,-0.44,1,0,0.332,-0.87,1,0,0.247,-1.15,1,0,0.269,,,,0.388,,,,0.325,,,
54811,20220107,-88.85,41.84,0.396,,,,0.38,,,,0.331,-0.91,1,0,0.247,-1.18,1,0,0.269,,,,0.388,,,,0.325,,,
54811,20220108,-88.85,41.84,,,,,0.378,,,,0.335,-0.85,0.875,0,0.246,-1.22,1,0,0.269,,,,,,,,,,,
54811,20220109,-88.85,41.84,,,,,0.375,,,,0.338,-0.79,0.732,0,0.245,-1.25,1,0,0.269,,,,,,,,,,,
54811,20220110,-88.85,41.84,,,,,0.374,,,,0.343,-0.75,0.643,0,0.244,-1.28,1,0,0.269,,,,,,,,,,,
54811,20220111,-88.85,41.84,,,,,0.38,,,,0.347,-0.72,0.577,0,0.243,-1.3,1,0,0.269,,,,,,,,,,,
54811,20220112,-88.85,41.84,,,,,0.386,,,,0.353,-0.66,0.481,0,0.243,-1.32,1,0,0.268,,,,,,,,,,,
54811,20220113,-88.85,41.84,,,,,0.391,,,,0.359,-0.54,0.329,0,0.242,-1.34,1,0,0.268,,,,,,,,,,,
54811,20220114,-88.85,41.84,,,,,0.396,,,,0.364,-0.31,0.052,0,0.242,-1.35,1,0,0.267,,,,,,,,,,,
54811,20220115,-88.85,41.84,,,,,0.402,,,,0.365,-0.3,0,0,0.242,-1.35,1,0,0.267,,,,,,,,,,,
54811,20220116,-88.85,41.84,,,,,0.408,,,,0.365,-0.33,0,0,0.243,-1.36,1,0,0.267,,,,,,,,,,,
54811,20220117,-88.85,41.84,,,,,0.408,,,,0.365,,,,0.243,-1.37,1,0,0.267,,,,,,,,,,,
54811,20220118,-88.85,41.84,,,,,0.406,,,,0.366,,,,0.243,-1.37,1,0,0.267,,,,,,,,,,,
54811,20220119,-88.85,41.84,,,,,0.404,,,,0.365,,,,0.243,-1.38,1,0,0.267,,,,,,,,,,,
54811,20220120,-88.85,41.84,,,,,0.403,,,,0.365,,,,0.243,-1.38,1,0,0.267,,,,,,,,,,,
54811,20220121,-88.85,41.84,,,,,0.402,,,,0.369,,,,0.243,-1.4,1,0,0.268,,,,,,,,,,,
54811,20220122,-88.85,41.84,,,,,,,,,0.375,,,,0.243,-1.41,1,0,0.267,,,,,,,,,,,
54811,20220123,-88.85,41.84,,,,,,,,,0.381,,,,0.245,-1.4,1,0,0.267,,,,,,,,,,,
54811,20220124,-88.85,41.84,,,,,,,,,0.387,,,,0.245,-1.41,1,0,0.267,,,,,,,,,,,
54811,20220125,-88.85,41.84,,,,,,,,,0.394,,,,0.245,-1.44,1,0,0.267,,,,,,,,,,,
54811,20220126,-88.85,41.84,,,,,,,,,0.4,,,,0.244,-1.5,1,0,0.266,,,,,,,,,,,
54811,20220127,-88.85,41.84,,,,,,,,,0.406,,,,0.243,-1.6,1,0,0.266,,,,,,,,,,,
54811,20220128,-88.85,41.84,,,,,,,,,0.408,,,,0.242,-1.69,1,0,0.265,,,,,,,,,,,
54811,20220129,-88.85,41.84,,,,,,,,,0.409,,,,0.24,-1.8,1,0,0.265,,,,,,,,,,,
54811,20220130,-88.85,41.84,,,,,,,,,0.409,,,,0.237,-1.92,1,0,0.265,,,,,,,,,,,
54811,20220131,-88.85,41.84,,,,,,,,,0.408,,,,0.235,-2.01,1,0,0.265,,,,,,,,,,,
54811,20220201,-88.85,41.84,,,,,,,,,0.407,,,,0.235,-2.07,1,0,0.264,,,,,,,,,,,
54811,20220202,-88.85,41.84,,,,,,,,,0.407,,,,0.234,-2.11,1,0,0.264,,,,,,,,,,,
54811,20220203,-88.85,41.84,,,,,,,,,0.406,,,,0.234,-2.1,1,0,0.264,,,,,,,,,,,
54811,20220204,-88.85,41.84,,,,,,,,,0.405,,,,0.234,-2.1,1,0,0.264,,,,,,,,,,,
54811,20220205,-88.85,41.84,,,,,,,,,0.403,,,,0.233,-2.08,1,0,0.264,,,,,,,,,,,
54811,20220206,-88.85,41.84,,,,,,,,,0.402,,,,0.233,-2.02,1,0,0.264,,,,,,,,,,,
54811,20220207,-88.85,41.84,,,,,,,,,0.401,,,,0.233,-1.93,1,0,0.264,,,,,,,,,,,
54811,20220208,-88.85,41.84,,,,,,,,,,,,,0.232,-1.82,1,0,0.263,,,,,,,,,,,
54811,20220209,-88.85,41.84,,,,,,,,,,,,,0.232,-1.71,1,0,0.263,,,,,,,,,,,
54811,20220210,-88.85,41.84,,,,,,,,,,,,,0.234,-1.58,1,0,0.264,,,,,,,,,,,
54811,20220211,-88.85,41.84,,,,,,,,,,,,,0.236,-1.44,1,0,0.264,,,,,,,,,,,
54811,20220212,-88.85,41.84,,,,,,,,,,,,,0.239,-1.3,1,0,0.265,,,,,,,,,,,
54811,20220213,-88.85,41.84,,,,,,,,,,,,,0.242,-1.22,1,0,0.266,,,,,,,,,,,
54811,20220214,-88.85,41.84,,,,,,,,,,,,,0.244,-1.17,1,0,0.267,,,,,,,,,,,
54811,20220215,-88.85,41.84,,,,,,,,,,,,,0.245,-1.15,1,0,0.267,,,,,,,,,,,
54811,20220216,-88.85,41.84,,,,,,,,,,,,,0.246,-1.13,1,0,0.268,,,,,,,,,,,
54811,20220217,-88.85,41.84,,,,,,,,,,,,,0.246,-1.12,1,0,0.271,,,,,,,,,,,
54811,20220218,-88.85,41.84,,,,,,,,,,,,,0.246,-1.11,1,0,0.273,,,,,,,,,,,
54811,20220219,-88.85,41.84,,,,,,,,,,,,,0.244,-1.13,1,0,0.275,,,,,,,,,,,
54811,20220220,-88.85,41.84,,,,,,,,,,,,,0.243,-1.14,1,0,0.276,,,,,,,,,,,
54811,20220221,-88.85,41.84,,,,,,,,,,,,,0.243,-1.14,1,0,0.277,,,,,,,,,,,
54811,20220222,-88.85,41.84,,,,,,,,,,,,,0.242,-1.14,1,0,0.278,,,,,,,,,,,
54811,20220223,-88.85,41.84,,,,,,,,,,,,,0.243,-1.13,1,0,0.282,,,,,,,,,,,
54811,20220224,-88.85,41.84,,,,,,,,,,,,,0.242,-1.13,1,0,0.282,,,,,,,,,,,
54811,20220225,-88.85,41.84,,,,,,,,,,,,,0.241,-1.14,1,0,0.281,,,,,,,,,,,
54811,20220226,-88.85,41.84,,,,,,,,,,,,,0.241,-1.14,1,0,0.281,,,,,,,,,,,
54811,20220227,-88.85,41.84,,,,,,,,,,,,,0.24,-1.14,1,0,0.282,,,,,,,,,,,
54811,20220228,-88.85,41.84,,,,,,,,,,,,,0.24,-1.14,1,0,0.282,,,,,,,,,,,
54811,20220301,-88.85,41.84,,,,,,,,,,,,,0.24,-1.14,1,0,0.282,,,,,,,,,,,
54811,20220302,-88.85,41.84,,,,,,,,,,,,,0.239,-1.15,1,0,0.279,,,,,,,,,,,
54811,20220303,-88.85,41.84,,,,,,,,,,,,,0.238,-1.16,1,0,0.28,,,,,,,,,,,
54811,20220304,-88.85,41.84,,,,,,,,,,,,,0.238,-1.17,1,0,0.281,,,,,,,,,,,
54811,20220305,-88.85,41.84,,,,,,,,,,,,,0.237,-1.17,1,0,0.282,,,,,,,,,,,
54811,20220306,-88.85,41.84,,,,,,,,,,,,,0.238,-1.17,1,0,0.285,,,,,,,,,,,
54811,20220307,-88.85,41.84,,,,,,,,,,,,,0.241,-1.15,1,0,0.289,,,,,,,,,,,
54811,20220308,-88.85,41.84,,,,,,,,,,,,,0.243,-1.13,1,0,0.292,,,,,,,,,,,
54811,20220309,-88.85,41.84,,,,,,,,,,,,,0.247,-1.1,1,0,0.296,,,,,,,,,,,
54811,20220310,-88.85,41.84,,,,,,,,,,,,,0.251,-1.07,1,0,0.3,,,,,,,,,,,
54811,20220311,-88.85,41.84,,,,,,,,,,,,,0.254,-1.05,1,0,0.302,,,,,,,,,,,
54811,20220312,-88.85,41.84,,,,,,,,,,,,,0.255,-1.05,1,0,0.303,,,,,,,,,,,
54811,20220313,-88.85,41.84,,,,,,,,,,,,,0.256,-1.05,1,0,0.303,,,,,,,,,,,
54811,20220314,-88.85,41.84,,,,,,,,,,,,,0.254,-1.07,1,0,0.301,,,,,,,,,,,
54811,20220315,-88.85,41.84,,,,,,,,,,,,,0.253,-1.09,1,0,0.3,,,,,,,,,,,
54811,20220316,-88.85,41.84,,,,,,,,,,,,,0.252,-1.11,1,0,0.297,,,,,,,,,,,
54811,20220317,-88.85,41.84,,,,,,,,,,,,,0.252,-1.1,1,0,0.295,,,,,,,,,,,
54811,20220318,-88.85,41.84,,,,,,,,,0.402,,,,0.254,-1.09,1,0,0.295,,,,,,,,,,,
54811,20220319,-88.85,41.84,,,,,,,,,0.395,0.07,0,0,0.257,-1.07,1,0,0.295,,,,,,,,,,,
54811,20220320,-88.85,41.84,,,,,,,,,0.386,-0.07,0,0,0.26,-1.04,1,0,0.296,,,,,,,,,,,
54811,20220321,-88.85,41.84,0.376,-0.08,0.036,0,0.385,-0.48,0.341,0,0.376,-0.18,0.222,0,0.262,-1.02,1,0,0.297,,,,0.379,-0.29,0,0,0.337,,,
54811,20220322,-88.85,41.84,0.374,-0.12,0.065,0,0.379,-0.53,0.585,0,0.364,-0.26,0.425,0,0.264,-1.01,1,0,0.298,,,,0.376,-0.36,0.382,0,0.335,,,
54811,20220323,-88.85,41.84,0.374,-0.11,0.055,0,0.376,-0.52,0.629,0,0.359,-0.28,0.495,0,0.265,-1.01,1,0,0.298,,,,0.375,-0.33,0.481,0,0.334,,,
54811,20220324,-88.85,41.84,0.379,-0.02,0.027,0.055,0.38,-0.42,0.496,0.009,0.361,-0.2,0.407,0.037,0.265,-1,1,0,0.298,,,,0.38,-0.2,0.369,0.029,0.337,,,
54811,20220325,-88.85,41.84,0.381,0,0.025,0.05,0.382,-0.4,0.409,0.007,0.362,-0.19,0.346,0.031,0.265,-1.01,1,0,0.299,,,,0.381,-0.18,0.299,0.024,0.338,,,
54811,20220326,-88.85,41.84,0.38,-0.01,0.024,0.048,0.381,-0.4,0.396,0.006,0.361,-0.22,0.351,0.03,0.264,-1.02,1,0,0.3,,,,0.38,-0.18,0.252,0.02,0.337,,,
54811,20220327,-88.85,41.84,0.377,-0.03,0.048,0.048,0.38,-0.42,0.509,0.006,0.359,-0.26,0.488,0.03,0.263,-1.03,1,0,0.3,,,,0.379,-0.2,0.374,0.018,0.336,,,
54811,20220328,-88.85,41.84,0.375,-0.05,0.185,0.048,0.379,-0.43,0.577,0.006,0.358,-0.3,0.548,0.03,0.262,-1.05,1,0,0.299,,,,0.377,-0.24,0.506,0.018,0.335,,,
54811,20220329,-88.85,41.84,0.374,-0.07,0.304,0.048,0.378,-0.44,0.577,0.006,0.357,-0.33,0.554,0.03,0.261,-1.07,1,0,0.299,,,,0.376,-0.25,0.524,0.018,0.334,,,
54811,20220330,-88.85,41.84,0.37,-0.11,0.446,0.048,0.376,-0.46,0.613,0.006,0.355,-0.38,0.589,0.03,0.26,-1.08,1,0,0.299,,,,0.373,-0.3,0.565,0.018,0.332,,,
54811,20220331,-88.85,41.84,0.368,-0.13,0.482,0.042,0.373,-0.5,0.708,0.006,0.351,-0.46,0.69,0.036,0.257,-1.12,1,0,0.297,,,,0.371,-0.33,0.619,0.042,0.329,,,
54811,20220401,-88.85,41.84,0.369,-0.09,0.482,0.095,0.375,-0.48,0.708,0.006,0.352,-0.43,0.69,0.06,0.258,-1.13,1,0,0.296,,,,0.372,-0.3,0.619,0.065,0.33,,,
54811,20220402,-88.85,41.84,0.37,-0.06,0.482,0.095,0.376,-0.46,0.667,0.006,0.352,-0.43,0.673,0.06,0.258,-1.14,1,0,0.296,,,,0.373,-0.28,0.619,0.065,0.33,,,
54811,20220403,-88.85,41.84,0.373,0.01,0.458,0.149,0.378,-0.42,0.53,0.006,0.355,-0.37,0.554,0.06,0.259,-1.14,1,0,0.296,,,,0.375,-0.21,0.482,0.065,0.332,,,
54811,20220404,-88.85,41.84,0.378,0.12,0.321,0.202,0.382,-0.36,0.387,0.006,0.358,-0.3,0.411,0.06,0.26,-1.14,1,0,0.296,,,,0.38,-0.12,0.339,0.083,0.335,,,
54811,20220405,-88.85,41.84,0.384,0.23,0.179,0.31,0.386,-0.29,0.244,0.006,0.362,-0.21,0.268,0.06,0.263,-1.13,1,0,0.298,,,,0.385,-0.01,0.196,0.083,0.339,,,
54811,20220406,-88.85,41.84,0.391,0.37,0.036,0.351,0.392,-0.2,0.101,0.042,0.367,-0.09,0.125,0.095,0.265,-1.11,1,0,0.301,,,,0.392,0.11,0.054,0.125,0.343,,,
54811,20220407,-88.85,41.84,0.392,0.41,0,0.452,0.395,-0.15,0.006,0.042,0.369,-0.03,0.024,0.077,0.269,-1.09,1,0,0.316,,,,0.394,0.16,0,0.119,0.348,,,
54811,20220408,-88.85,41.84,0.391,0.4,0,0.476,0.393,-0.17,0.006,0.042,0.367,-0.08,0.024,0.054,0.269,-1.09,1,0,0.329,,,,0.392,0.13,0,0.095,0.35,,,
54811,20220409,-88.85,41.84,0.391,0.42,0,0.548,0.393,-0.17,0.006,0.042,0.367,-0.09,0.018,0.054,0.269,-1.09,1,0,0.344,,,,0.392,0.14,0,0.095,0.353,,,
54811,20220410,-88.85,41.84,0.389,0.4,0,0.494,0.392,-0.18,0.012,0.042,0.365,-0.13,0.083,0.054,0.268,-1.1,1,0,0.351,,,,0.39,0.12,0,0.095,0.353,,,
54811,20220411,-88.85,41.84,0.385,0.35,0,0.44,0.389,-0.21,0.113,0.042,0.363,-0.19,0.226,0.054,0.267,-1.1,1,0,0.355,,,,0.387,0.07,0,0.077,0.352,,,
54811,20220412,-88.85,41.84,0.379,0.28,0,0.333,0.385,-0.25,0.256,0.042,0.359,-0.27,0.369,0.054,0.266,-1.11,1,0,0.356,,,,0.382,0.01,0,0.077,0.349,,,
54811,20220413,-88.85,41.84,0.371,0.17,0,0.292,0.379,-0.32,0.399,0.006,0.355,-0.36,0.512,0.018,0.263,-1.13,1,0,0.354,,,,0.375,-0.1,0.071,0.036,0.345,,,
54811,20220414,-88.85,41.84,0.371,0.17,0,0.238,0.378,-0.32,0.452,0.042,0.354,-0.36,0.571,0.065,0.26,-1.15,1,0,0.341,,,,0.374,-0.11,0.083,0.089,0.341,,,
54811,20220415,-88.85,41.84,0.371,0.18,0,0.304,0.379,-0.28,0.452,0.042,0.355,-0.32,0.571,0.065,0.259,-1.15,1,0,0.33,,,,0.375,-0.08,0.083,0.143,0.339,,,
54811,20220416,-88.85,41.84,0.37,0.17,0,0.25,0.379,-0.27,0.452,0.042,0.355,-0.31,0.571,0.065,0.258,-1.16,1,0,0.315,,,,0.374,-0.08,0.083,0.143,0.335,,,
54811,20220417,-88.85,41.84,0.368,0.14,0,0.25,0.378,-0.26,0.44,0.042,0.355,-0.29,0.488,0.065,0.258,-1.16,1,0,0.308,,,,0.373,-0.09,0.083,0.143,0.333,,,
54811,20220418,-88.85,41.84,0.366,0.13,0,0.25,0.377,-0.25,0.339,0.042,0.354,-0.27,0.345,0.065,0.257,-1.17,1,0,0.304,,,,0.371,-0.1,0.083,0.143,0.332,,,
54811,20220419,-88.85,41.84,0.366,0.15,0,0.25,0.376,-0.24,0.202,0.042,0.354,-0.25,0.202,0.065,0.257,-1.18,1,0,0.302,,,,0.371,-0.08,0.083,0.143,0.331,,,
54811,20220420,-88.85,41.84,0.369,0.19,0,0.25,0.376,-0.22,0.095,0.042,0.354,-0.22,0.06,0.065,0.256,-1.18,1,0,0.301,,,,0.372,-0.05,0.012,0.143,0.331,,,
54811,20220421,-88.85,41.84,0.367,0.18,0,0.226,0.373,-0.25,0.089,0,0.352,-0.25,0,0,0.255,-1.19,1,0,0.3,,,,0.37,-0.07,0,0.107,0.33,,,
54811,20220422,-88.85,41.84,0.369,0.2,0,0.226,0.373,-0.23,0.089,0,0.352,-0.25,0,0,0.254,-1.2,1,0,0.298,,,,0.371,-0.06,0,0.143,0.329,,,
54811,20220423,-88.85,41.84,0.375,0.27,0,0.351,0.377,-0.17,0.089,0.048,0.355,-0.18,0,0.054,0.256,-1.18,1,0,0.299,,,,0.376,0.03,0,0.25,0.332,,,
54811,20220424,-88.85,41.84,0.38,0.34,0,0.494,0.38,-0.12,0.089,0.048,0.358,-0.13,0,0.054,0.257,-1.17,1,0,0.302,,,,0.38,0.1,0,0.387,0.335,,,
54811,20220425,-88.85,41.84,0.387,0.43,0,0.637,0.384,-0.06,0.089,0.048,0.36,-0.07,0,0.054,0.258,-1.17,1,0,0.304,,,,0.386,0.19,0,0.518,0.339,,,
54811,20220426,-88.85,41.84,0.391,0.48,0,0.78,0.387,-0.01,0.083,0.048,0.362,-0.03,0,0.054,0.259,-1.19,1,0,0.305,,,,0.389,0.27,0,0.583,0.341,,,
54811,20220427,-88.85,41.84,0.393,0.52,0,0.893,0.389,0.03,0.048,0.048,0.363,0.01,0,0.054,0.26,-1.23,1,0,0.306,,,,0.391,0.32,0,0.583,0.342,,,
54811,20220428,-88.85,41.84,0.389,0.5,0,0.827,0.387,0.03,0,0.048,0.362,0,0,0.054,0.26,-1.28,1,0,0.307,,,,0.388,0.31,0,0.53,0.341,,,
54811,20220429,-88.85,41.84,0.382,0.45,0,0.685,0.382,-0.01,0,0.048,0.359,-0.04,0,0.054,0.26,-1.36,1,0,0.308,,,,0.382,0.25,0,0.44,0.338,,,
54811,20220430,-88.85,41.84,0.369,0.35,0,0.542,0.374,-0.1,0,0,0.353,-0.13,0,0,0.257,-1.46,1,0,0.306,,,,0.372,0.15,0,0.333,0.332,,,
54811,20220501,-88.85,41.84,0.36,0.28,0,0.399,0.368,-0.16,0,0,0.349,-0.19,0,0,0.254,-1.56,1,0,0.302,,,,0.364,0.07,0,0.196,0.327,,,
54811,20220502,-88.85,41.84,0.351,0.21,0,0.256,0.362,-0.21,0,0,0.346,-0.23,0,0,0.252,-1.66,1,0,0.298,,,,0.356,-0.01,0,0.065,0.322,,,
54811,20220503,-88.85,41.84,0.343,0.15,0,0.113,0.357,-0.25,0,0,0.343,-0.26,0,0,0.25,-1.74,1,0,0.296,,,,0.35,-0.07,0,0,0.318,,,
54811,20220504,-88.85,41.84,0.35,0.22,0,0.143,0.362,-0.19,0,0.048,0.347,-0.2,0,0.054,0.252,-1.79,1,0,0.295,,,,0.356,0,0,0.143,0.321,,,
54811,20220505,-88.85,41.84,0.355,0.28,0,0.286,0.367,-0.13,0,0.048,0.35,-0.15,0,0.054,0.253,-1.84,1,0,0.295,,,,0.361,0.06,0,0.286,0.324,,,
54811,20220506,-88.85,41.84,0.362,0.35,0,0.429,0.371,-0.08,0,0.048,0.353,-0.11,0,0.054,0.254,-1.88,1,0,0.295,,,,0.366,0.13,0,0.429,0.327,,,
54811,20220507,-88.85,41.84,0.375,0.47,0,0.571,0.38,0.02,0,0.137,0.359,-0.02,0,0.119,0.257,-1.9,1,0,0.295,,,,0.378,0.25,0,0.571,0.333,,,
54811,20220508,-88.85,41.84,0.384,0.55,0,0.714,0.387,0.1,0,0.137,0.363,0.04,0,0.119,0.259,-1.92,1,0,0.297,,,,0.385,0.34,0,0.714,0.338,,,
54811,20220509,-88.85,41.84,0.389,0.6,0,0.851,0.392,0.16,0,0.137,0.365,0.08,0,0.119,0.261,-1.95,1,0,0.297,,,,0.391,0.41,0,0.738,0.341,,,
54811,20220510,-88.85,41.84,0.391,0.62,0,0.857,0.394,0.2,0,0.137,0.367,0.12,0,0.119,0.262,-1.97,1,0,0.298,,,,0.393,0.44,0,0.738,0.342,,,
54811,20220511,-88.85,41.84,0.374,0.49,0,0.714,0.385,0.13,0,0.089,0.362,0.06,0,0.065,0.26,-2.02,1,0,0.298,,,,0.379,0.33,0,0.595,0.336,,,
54811,20220512,-88.85,41.84,0.355,0.35,0.071,0.571,0.373,0.05,0.083,0.089,0.357,0.01,0,0.065,0.258,-2.06,1,0,0.297,,,,0.364,0.21,0.089,0.452,0.328,,,
54811,20220513,-88.85,41.84,0.333,0.19,0.214,0.429,0.358,-0.06,0.226,0.089,0.351,-0.04,0.048,0.065,0.255,-2.1,1,0,0.296,,,,0.345,0.06,0.232,0.31,0.319,,,
54811,20220514,-88.85,41.84,0.303,-0.02,0.357,0.286,0.334,-0.24,0.369,0,0.339,-0.17,0.19,0,0.251,-2.15,1,0,0.295,,,,0.318,-0.16,0.375,0.167,0.304,,,
54811,20220515,-88.85,41.84,0.274,-0.22,0.5,0.143,0.31,-0.41,0.512,0,0.326,-0.29,0.333,0,0.247,-2.21,1,0,0.293,,,,0.292,-0.37,0.518,0.024,0.29,,,
54811,20220516,-88.85,41.84,0.248,-0.4,0.643,0.006,0.286,-0.57,0.655,0,0.313,-0.4,0.476,0,0.243,-2.26,1,0,0.291,,,,0.267,-0.55,0.661,0,0.276,,,
54811,20220517,-88.85,41.84,0.225,-0.55,0.786,0,0.264,-0.72,0.798,0,0.3,-0.51,0.619,0,0.238,-2.29,1,0,0.289,,,,0.245,-0.71,0.804,0,0.263,,,
54811,20220518,-88.85,41.84,0.208,-0.65,0.929,0,0.245,-0.85,0.94,0,0.287,-0.62,0.762,0,0.234,-2.33,1,0,0.287,,,,0.226,-0.84,0.946,0,0.252,,,
54811,20220519,-88.85,41.84,0.195,-0.72,1,0,0.229,-0.94,1,0,0.274,-0.72,0.905,0,0.23,-2.36,1,0,0.286,,,,0.212,-0.93,1,0,0.243,,,
54811,20220520,-88.85,41.84,0.187,-0.76,1,0,0.218,-1,1,0,0.262,-0.8,1,0,0.225,-2.39,1,0,0.284,,,,0.202,-0.99,1,0,0.235,,,
54811,20220521,-88.85,41.84,0.185,-0.75,0.958,0,0.212,-1.02,1,0,0.253,-0.86,1,0,0.221,-2.41,1,0,0.283,,,,0.199,-0.99,1,0,0.231,,,
54811,20220522,-88.85,41.84,0.195,-0.66,0.83,0,0.215,-0.97,1,0,0.247,-0.88,1,0,0.218,-2.44,1,0,0.282,,,,0.205,-0.92,1,0,0.231,,,
54811,20220523,-88.85,41.84,0.206,-0.56,0.685,0,0.218,-0.92,1,0,0.242,-0.89,1,0,0.215,-2.46,1,0,0.28,,,,0.212,-0.84,1,0,0.232,,,
54811,20220524,-88.85,41.84,0.216,-0.48,0.539,0,0.22,-0.87,1,0,0.238,-0.89,1,0,0.213,-2.48,1,0,0.279,,,,0.218,-0.76,1,0,0.233,,,
54811,20220525,-88.85,41.84,0.224,-0.4,0.497,0,0.221,-0.82,1,0,0.235,-0.88,1,0,0.21,-2.51,1,0,0.278,,,,0.222,-0.69,1,0,0.233,,,
54811,20220526,-88.85,41.84,0.231,-0.33,0.485,0,0.223,-0.77,1,0,0.232,-0.85,1,0,0.208,-2.52,1,0,0.277,,,,0.227,-0.62,1,0,0.234,,,
54811,20220527,-88.85,41.84,0.251,-0.18,0.394,0.073,0.24,-0.62,0.927,0.073,0.239,-0.76,0.927,0,0.208,-2.5,1,0,0.276,,,,0.245,-0.45,0.927,0.073,0.242,,,
54811,20220528,-88.85,41.84,0.278,0.03,0.291,0.218,0.268,-0.38,0.782,0.218,0.255,-0.6,0.782,0,0.21,-2.44,1,0,0.275,,,,0.273,-0.21,0.782,0.218,0.257,,,
54811,20220529,-88.85,41.84,0.29,0.13,0.286,0.357,0.287,-0.22,0.643,0.357,0.27,-0.45,0.643,0,0.213,-2.37,1,0,0.275,,,,0.288,-0.07,0.643,0.357,0.267,,,
54811,20220530,-88.85,41.84,0.299,0.21,0.286,0.464,0.304,-0.07,0.5,0.417,0.284,-0.32,0.5,0,0.216,-2.31,1,0,0.274,,,,0.301,0.05,0.5,0.5,0.275,,,
54811,20220531,-88.85,41.84,0.306,0.26,0.286,0.464,0.318,0.05,0.357,0.417,0.295,-0.2,0.357,0,0.218,-2.26,1,0,0.274,,,,0.312,0.15,0.357,0.518,0.282,,,
54811,20220601,-88.85,41.84,0.315,0.34,0.185,0.506,0.331,0.16,0.214,0.417,0.306,-0.1,0.214,0,0.221,-2.22,1,0,0.273,,,,0.323,0.25,0.214,0.518,0.289,,,
54811,20220602,-88.85,41.84,0.328,0.44,0.054,0.583,0.343,0.27,0.071,0.417,0.316,0,0.071,0,0.223,-2.18,1,0,0.272,,,,0.336,0.36,0.071,0.518,0.297,,,
54811,20220603,-88.85,41.84,0.325,0.43,0,0.512,0.339,0.25,0,0.345,0.317,0.02,0,0,0.223,-2.17,1,0,0.272,,,,0.332,0.34,0,0.446,0.295,,,
54811,20220604,-88.85,41.84,0.308,0.31,0,0.369,0.319,0.12,0,0.202,0.306,-0.04,0,0,0.22,-2.22,1,0,0.27,,,,0.314,0.22,0,0.304,0.285,,,
54811,20220605,-88.85,41.84,0.292,0.21,0,0.226,0.301,0.01,0,0.06,0.296,-0.11,0,0,0.217,-2.27,1,0,0.269,,,,0.297,0.1,0,0.161,0.275,,,
54811,20220606,-88.85,41.84,0.278,0.12,0,0.119,0.286,-0.09,0,0,0.285,-0.17,0,0,0.214,-2.33,1,0,0.267,,,,0.282,0,0,0.018,0.266,,,
54811,20220607,-88.85,41.84,0.271,0.09,0,0.119,0.275,-0.17,0,0,0.276,-0.22,0,0,0.211,-2.38,1,0,0.265,,,,0.273,-0.05,0,0,0.26,,,
54811,20220608,-88.85,41.84,0.27,0.08,0,0.077,0.266,-0.22,0,0,0.268,-0.26,0,0,0.208,-2.42,1,0,0.264,,,,0.268,-0.08,0,0,0.255,,,
54811,20220609,-88.85,41.84,0.275,0.1,0,0.107,0.263,-0.24,0,0,0.262,-0.3,0,0,0.205,-2.46,1,0,0.262,,,,0.269,-0.08,0,0,0.253,,,
54811,20220610,-88.85,41.84,0.282,0.14,0,0.196,0.263,-0.24,0,0,0.257,-0.32,0,0,0.202,-2.5,1,0,0.26,,,,0.272,-0.05,0,0,0.253,,,
54811,20220611,-88.85,41.84,0.29,0.18,0,0.196,0.264,-0.23,0,0,0.254,-0.34,0,0,0.199,-2.52,1,0,0.258,,,,0.277,-0.02,0,0,0.253,,,
54811,20220612,-88.85,41.84,0.3,0.23,0,0.196,0.266,-0.22,0,0,0.252,-0.34,0,0,0.197,-2.54,1,0,0.257,,,,0.283,0.02,0,0,0.254,,,
54811,20220613,-88.85,41.84,0.31,0.27,0,0.196,0.269,-0.2,0,0,0.251,-0.35,0,0,0.196,-2.54,1,0,0.255,,,,0.289,0.05,0,0,0.256,,,
54811,20220614,-88.85,41.84,0.315,0.29,0,0.196,0.271,-0.18,0,0,0.25,-0.35,0,0,0.194,-2.55,1,0,0.254,,,,0.293,0.07,0,0,0.257,,,
54811,20220615,-88.85,41.84,0.311,0.26,0,0.196,0.271,-0.18,0,0,0.249,-0.36,0.012,0,0.192,-2.56,1,0,0.252,,,,0.291,0.06,0,0,0.255,,,
54811,20220616,-88.85,41.84,0.295,0.15,0,0.089,0.266,-0.22,0,0,0.246,-0.37,0.131,0,0.19,-2.57,1,0,0.25,,,,0.28,-0.02,0,0,0.249,,,
54811,20220617,-88.85,41.84,0.278,0.05,0,0,0.257,-0.27,0.113,0,0.242,-0.4,0.274,0,0.187,-2.59,1,0,0.248,,,,0.268,-0.1,0,0,0.242,,,
54811,20220618,-88.85,41.84,0.261,-0.06,0.065,0,0.249,-0.33,0.256,0,0.237,-0.43,0.417,0,0.184,-2.61,1,0,0.245,,,,0.255,-0.19,0.125,0,0.235,,,
54811,20220619,-88.85,41.84,0.243,-0.16,0.208,0,0.24,-0.38,0.399,0,0.231,-0.47,0.56,0,0.18,-2.63,1,0,0.241,,,,0.241,-0.27,0.268,0,0.227,,,
54811,20220620,-88.85,41.84,0.226,-0.27,0.351,0,0.23,-0.45,0.542,0,0.225,-0.52,0.702,0,0.175,-2.65,1,0,0.237,,,,0.228,-0.36,0.411,0,0.219,,,
54811,20220621,-88.85,41.84,0.21,-0.36,0.494,0,0.22,-0.51,0.685,0,0.218,-0.56,0.845,0,0.17,-2.67,1,0,0.233,,,,0.215,-0.44,0.554,0,0.21,,,
54811,20220622,-88.85,41.84,0.196,-0.45,0.637,0,0.211,-0.56,0.827,0,0.211,-0.61,0.976,0,0.165,-2.68,1,0,0.228,,,,0.204,-0.52,0.696,0,0.202,,,
54811,20220623,-88.85,41.84,0.185,-0.52,0.78,0,0.204,-0.61,0.97,0,0.205,-0.65,1,0,0.16,-2.69,1,0,0.223,,,,0.194,-0.58,0.839,0,0.195,,,
54811,20220624,-88.85,41.84,0.175,-0.59,0.923,0,0.197,-0.66,1,0,0.198,-0.69,1,0,0.155,-2.7,1,0,0.217,,,,0.186,-0.64,0.982,0,0.189,,,
54811,20220625,-88.85,41.84,0.168,-0.64,1,0,0.191,-0.7,1,0,0.193,-0.73,1,0,0.15,-2.71,1,0,0.212,,,,0.179,-0.68,1,0,0.183,,,
54811,20220626,-88.85,41.84,0.182,-0.57,0.881,0.006,0.196,-0.67,0.887,0,0.189,-0.75,1,0,0.146,-2.73,1,0,0.206,,,,0.189,-0.63,0.887,0,0.184,,,
54811,20220627,-88.85,41.84,0.197,-0.49,0.738,0.006,0.202,-0.63,0.792,0,0.186,-0.77,1,0,0.143,-2.75,1,0,0.201,,,,0.2,-0.57,0.744,0,0.186,,,
54811,20220628,-88.85,41.84,0.208,-0.44,0.595,0.006,0.205,-0.62,0.792,0,0.183,-0.8,1,0,0.14,-2.77,1,0,0.196,,,,0.207,-0.53,0.601,0,0.187,,,
54811,20220629,-88.85,41.84,0.216,-0.4,0.452,0.006,0.207,-0.62,0.792,0,0.181,-0.81,1,0,0.137,-2.8,1,0,0.192,,,,0.211,-0.52,0.589,0,0.187,,,
54811,20220630,-88.85,41.84,0.221,-0.37,0.429,0.006,0.208,-0.62,0.792,0,0.18,-0.83,1,0,0.136,-2.83,1,0,0.188,,,,0.215,-0.51,0.589,0,0.187,,,
54811,20220701,-88.85,41.84,0.225,-0.36,0.429,0.006,0.209,-0.63,0.792,0,0.179,-0.85,1,0,0.135,-2.86,1,0,0.185,,,,0.217,-0.51,0.589,0,0.187,,,
54811,20220702,-88.85,41.84,0.228,-0.35,0.429,0.006,0.21,-0.64,0.792,0,0.179,-0.88,1,0,0.134,-2.88,1,0,0.182,,,,0.219,-0.51,0.589,0,0.186,,,
54811,20220703,-88.85,41.84,0.209,-0.46,0.548,0,0.2,-0.72,0.905,0,0.178,-0.91,1,0,0.133,-2.89,1,0,0.179,,,,0.205,-0.61,0.702,0,0.18,,,
54811,20220704,-88.85,41.84,0.191,-0.57,0.69,0,0.191,-0.79,1,0,0.177,-0.95,1,0,0.132,-2.91,1,0,0.176,,,,0.191,-0.71,0.845,0,0.173,,,
54811,20220705,-88.85,41.84,0.183,-0.63,0.833,0,0.184,-0.84,1,0,0.176,-1,1,0,0.13,-2.92,1,0,0.173,,,,0.184,-0.76,0.988,0,0.169,,,
54811,20220706,-88.85,41.84,0.184,-0.62,0.935,0.03,0.183,-0.86,1,0,0.176,-1.03,1,0,0.129,-2.93,1,0,0.171,,,,0.184,-0.77,0.964,0,0.169,,,
54811,20220707,-88.85,41.84,0.2,-0.53,0.815,0.03,0.189,-0.82,1,0,0.181,-1.02,1,0,0.128,-2.93,1,0,0.168,,,,0.195,-0.7,0.821,0,0.173,,,
54811,20220708,-88.85,41.84,0.214,-0.45,0.673,0.03,0.195,-0.78,1,0,0.185,-1.01,1,0,0.128,-2.92,1,0,0.167,,,,0.204,-0.64,0.685,0,0.178,,,
54811,20220709,-88.85,41.84,0.227,-0.37,0.53,0.03,0.201,-0.74,1,0,0.189,-1,1,0,0.127,-2.92,1,0,0.165,,,,0.214,-0.59,0.607,0,0.182,,,
54811,20220710,-88.85,41.84,0.238,-0.32,0.458,0.03,0.207,-0.71,1,0,0.193,-1,1,0,0.126,-2.92,1,0,0.164,,,,0.222,-0.55,0.607,0,0.186,,,
54811,20220711,-88.85,41.84,0.245,-0.29,0.458,0.03,0.211,-0.69,1,0,0.196,-0.99,1,0,0.126,-2.92,1,0,0.163,,,,0.228,-0.53,0.607,0,0.188,,,
54811,20220712,-88.85,41.84,0.245,-0.3,0.458,0.03,0.214,-0.68,1,0,0.199,-0.99,1,0,0.126,-2.91,1,0,0.163,,,,0.23,-0.53,0.607,0,0.19,,,
54811,20220713,-88.85,41.84,0.238,-0.36,0.5,0,0.214,-0.7,1,0,0.199,-1.02,1,0,0.127,-2.92,1,0,0.163,,,,0.226,-0.58,0.643,0,0.188,,,
54811,20220714,-88.85,41.84,0.218,-0.51,0.643,0,0.206,-0.77,1,0,0.195,-1.08,1,0,0.126,-2.92,1,0,0.163,,,,0.212,-0.7,0.786,0,0.181,,,
54811,20220715,-88.85,41.84,0.201,-0.63,0.786,0,0.198,-0.84,1,0,0.19,-1.15,1,0,0.126,-2.93,1,0,0.163,,,,0.199,-0.81,0.923,0,0.176,,,
54811,20220716,-88.85,41.84,0.209,-0.56,0.81,0.113,0.199,-0.84,1,0,0.186,-1.22,1,0,0.126,-2.94,1,0,0.162,,,,0.204,-0.76,0.881,0,0.176,,,
54811,20220717,-88.85,41.84,0.221,-0.46,0.738,0.161,0.203,-0.82,1,0,0.182,-1.28,1,0,0.126,-2.94,1,0,0.161,,,,0.212,-0.69,0.738,0,0.178,,,
54811,20220718,-88.85,41.84,0.233,-0.35,0.595,0.161,0.206,-0.79,1,0,0.18,-1.32,1,0,0.125,-2.94,1,0,0.16,,,,0.22,-0.62,0.595,0,0.181,,,
54811,20220719,-88.85,41.84,0.243,-0.26,0.452,0.161,0.209,-0.78,1,0,0.178,-1.35,1,0,0.125,-2.92,1,0,0.159,,,,0.226,-0.56,0.589,0,0.183,,,
54811,20220720,-88.85,41.84,0.252,-0.19,0.369,0.161,0.21,-0.78,1,0,0.177,-1.36,1,0,0.124,-2.9,1,0,0.158,,,,0.231,-0.52,0.589,0,0.184,,,
54811,20220721,-88.85,41.84,0.259,-0.13,0.369,0.161,0.211,-0.78,1,0,0.176,-1.36,1,0,0.124,-2.87,1,0,0.157,,,,0.235,-0.49,0.589,0,0.185,,,
54811,20220722,-88.85,41.84,0.264,-0.08,0.369,0.161,0.212,-0.78,1,0,0.176,-1.34,1,0,0.123,-2.82,1,0,0.156,,,,0.238,-0.46,0.589,0,0.186,,,
54811,20220723,-88.85,41.84,0.243,-0.24,0.488,0.048,0.203,-0.86,1,0,0.176,-1.33,1,0,0.124,-2.77,1,0,0.155,,,,0.223,-0.59,0.708,0,0.18,,,
54811,20220724,-88.85,41.84,0.226,-0.37,0.619,0.012,0.194,-0.94,1,0,0.176,-1.31,1,0,0.123,-2.73,1,0,0.155,,,,0.21,-0.7,0.839,0,0.175,,,
54811,20220725,-88.85,41.84,0.221,-0.41,0.693,0.053,0.192,-0.96,0.96,0,0.177,-1.3,1,0,0.123,-2.7,1,0,0.155,,,,0.207,-0.72,0.94,0.013,0.171,,,
54811,20220726,-88.85,41.84,,,,,,,,,,,,,,,,,,,,,,,,,,,,
54811,20220727,-88.85,41.84,,,,,,,,,,,,,,,,,,,,,,,,,,,,
54811,20220728,-88.85,41.84,,,,,,,,,,,,,,,,,,,,,,,,,,,,
54811,20220729,-88.85,41.84,,,,,,,,,,,,,,,,,,,,,,,,,,,,
54811,20220730,-88.85,41.84,,,,,,,,,,,,,,,,,,,,,,,,,,,,
54811,20220731,-88.85,41.84,,,,,,,,,,,,,,,,,,,,,,,,,,,,
54811,20220801,-88.85,41.84,,,,,,,,,,,,,,,,,,,,,,,,,,,,
54811,20220802,-88.85,41.84,,,,,,,,,,,,,,,,,,,,,,,,,,,,
54811,20220803,-88.85,41.84,,,,,,,,,,,,,,,,,,,,,,,,,,,,
54811,20220804,-88.85,41.84,,,,,,,,,,,,,,,,,,,,,,,,,,,,
54811,20220805,-88.85,41.84,,,,,,,,,,,,,,,,,,,,,,,,,,,,
54811,20220806,-88.85,41.84,,,,,,,,,,,,,,,,,,,,,,,,,,,,
54811,20220807,-88.85,41.84,,,,,,,,,,,,,,,,,,,,,,,,,,,,
54811,20220808,-88.85,41.84,,,,,,,,,,,,,,,,,,,,,,,,,,,,
54811,20220809,-88.85,41.84,,,,,,,,,,,,,,,,,,,,,,,,,,,,
54811,20220810,-88.85,41.84,,,,,,,,,,,,,,,,,,,,,,,,,,,,
54811,20220811,-88.85,41.84,,,,,,,,,,,,,,,,,,,,,,,,,,,,
54811,20220812,-88.85,41.84,,,,,,,,,,,,,,,,,,,,,,,,,,,,
54811,20220813,-88.85,41.84,,,,,,,,,,,,,,,,,,,,,,,,,,,,
54811,20220814,-88.85,41.84,,,,,,,,,,,,,,,,,,,,,,,,,,,,
54811,20220815,-88.85,41.84,,,,,,,,,,,,,,,,,,,,,,,,,,,,
54811,20220816,-88.85,41.84,,,,,,,,,,,,,,,,,,,,,,,,,,,,
54811,20220817,-88.85,41.84,,,,,,,,,,,,,,,,,,,,,,,,,,,,
54811,20220818,-88.85,41.84,,,,,,,,,,,,,,,,,,,,,,,,,,,,
54811,20220819,-88.85,41.84,,,,,,,,,,,,,,,,,,,,,,,,,,,,
54811,20220820,-88.85,41.84,,,,,,,,,,,,,,,,,,,,,,,,,,,,
54811,20220821,-88.85,41.84,,,,,,,,,,,,,,,,,,,,,,,,,,,,
54811,20220822,-88.85,41.84,,,,,,,,,,,,,,,,,,,,,,,,,,,,
54811,20220823,-88.85,41.84,,,,,,,,,,,,,,,,,,,,,,,,,,,,
54811,20220824,-88.85,41.84,,,,,,,,,,,,,,,,,,,,,,,,,,,,
54811,20220825,-88.85,41.84,,,,,,,,,,,,,,,,,,,,,,,,,,,,
54811,20220826,-88.85,41.84,,,,,,,,,,,,,,,,,,,,,,,,,,,,
54811,20220827,-88.85,41.84,,,,,,,,,,,,,,,,,,,,,,,,,,,,
54811,20220828,-88.85,41.84,,,,,,,,,,,,,,,,,,,,,,,,,,,,
54811,20220829,-88.85,41.84,,,,,,,,,,,,,,,,,,,,,,,,,,,,
54811,20220830,-88.85,41.84,,,,,,,,,,,,,,,,,,,,,,,,,,,,
54811,20220831,-88.85,41.84,,,,,,,,,,,,,,,,,,,,,,,,,,,,
54811,20220901,-88.85,41.84,,,,,,,,,,,,,,,,,,,,,,,,,,,,
54811,20220902,-88.85,41.84,,,,,,,,,,,,,,,,,,,,,,,,,,,,
54811,20220903,-88.85,41.84,,,,,,,,,,,,,,,,,,,,,,,,,,,,
54811,20220904,-88.85,41.84,,,,,,,,,,,,,,,,,,,,,,,,,,,,
54811,20220905,-88.85,41.84,,,,,,,,,,,,,,,,,,,,,,,,,,,,
54811,20220906,-88.85,41.84,,,,,,,,,,,,,,,,,,,,,,,,,,,,
54811,20220907,-88.85,41.84,,,,,,,,,,,,,,,,,,,,,,,,,,,,
54811,20220908,-88.85,41.84,,,,,,,,,,,,,,,,,,,,,,,,,,,,
54811,20220909,-88.85,41.84,,,,,,,,,,,,,,,,,,,,,,,,,,,,
54811,20220910,-88.85,41.84,,,,,,,,,,,,,,,,,,,,,,,,,,,,
54811,20220911,-88.85,41.84,,,,,,,,,,,,,,,,,,,,,,,,,,,,
54811,20220912,-88.85,41.84,,,,,,,,,,,,,,,,,,,,,,,,,,,,
54811,20220913,-88.85,41.84,,,,,,,,,,,,,,,,,,,,,,,,,,,,
54811,20220914,-88.85,41.84,,,,,,,,,,,,,,,,,,,,,,,,,,,,
54811,20220915,-88.85,41.84,,,,,,,,,,,,,,,,,,,,,,,,,,,,
54811,20220916,-88.85,41.84,,,,,,,,,,,,,,,,,,,,,,,,,,,,
54811,20220917,-88.85,41.84,,,,,,,,,,,,,,,,,,,,,,,,,,,,
54811,20220918,-88.85,41.84,,,,,,,,,,,,,,,,,,,,,,,,,,,,
54811,20220919,-88.85,41.84,,,,,,,,,,,,,,,,,,,,,,,,,,,,
54811,20220920,-88.85,41.84,,,,,,,,,,,,,,,,,,,,,,,,,,,,
54811,20220921,-88.85,41.84,,,,,,,,,,,,,,,,,,,,,,,,,,,,
54811,20220922,-88.85,41.84,,,,,,,,,,,,,,,,,,,,,,,,,,,,
54811,20220923,-88.85,41.84,,,,,,,,,,,,,,,,,,,,,,,,,,,,
54811,20220924,-88.85,41.84,,,,,,,,,,,,,,,,,,,,,,,,,,,,
54811,20220925,-88.85,41.84,,,,,,,,,,,,,,,,,,,,,,,,,,,,
54811,20220926,-88.85,41.84,,,,,,,,,,,,,,,,,,,,,,,,,,,,
54811,20220927,-88.85,41.84,,,,,,,,,,,,,,,,,,,,,,,,,,,,
54811,20220928,-88.85,41.84,,,,,,,,,,,,,,,,,,,,,,,,,,,,
54811,20220929,-88.85,41.84,,,,,,,,,,,,,,,,,,,,,,,,,,,,
54811,20220930,-88.85,41.84,,,,,,,,,,,,,,,,,,,,,,,,,,,,
54811,20221001,-88.85,41.84,,,,,,,,,,,,,,,,,,,,,,,,,,,,
54811,20221002,-88.85,41.84,,,,,,,,,,,,,,,,,,,,,,,,,,,,
54811,20221003,-88.85,41.84,,,,,,,,,,,,,,,,,,,,,,,,,,,,
54811,20221004,-88.85,41.84,,,,,,,,,,,,,,,,,,,,,,,,,,,,
54811,20221005,-88.85,41.84,,,,,,,,,,,,,,,,,,,,,,,,,,,,
54811,20221006,-88.85,41.84,,,,,,,,,,,,,,,,,,,,,,,,,,,,
54811,20221007,-88.85,41.84,,,,,,,,,,,,,,,,,,,,,,,,,,,,
54811,20221008,-88.85,41.84,,,,,,,,,,,,,,,,,,,,,,,,,,,,
54811,20221009,-88.85,41.84,,,,,,,,,,,,,,,,,,,,,,,,,,,,
54811,20221010,-88.85,41.84,,,,,,,,,,,,,,,,,,,,,,,,,,,,
54811,20221011,-88.85,41.84,,,,,,,,,,,,,,,,,,,,,,,,,,,,
54811,20221012,-88.85,41.84,,,,,,,,,,,,,,,,,,,,,,,,,,,,
54811,20221013,-88.85,41.84,,,,,,,,,,,,,,,,,,,,,,,,,,,,
54811,20221014,-88.85,41.84,,,,,,,,,,,,,,,,,,,,,,,,,,,,
54811,20221015,-88.85,41.84,,,,,,,,,,,,,,,,,,,,,,,,,,,,
54811,20221016,-88.85,41.84,,,,,,,,,,,,,,,,,,,,,,,,,,,,
54811,20221017,-88.85,41.84,,,,,,,,,,,,,,,,,,,,,,,,,,,,
54811,20221018,-88.85,41.84,,,,,,,,,,,,,,,,,,,,,,,,,,,,
54811,20221019,-88.85,41.84,,,,,,,,,,,,,,,,,,,,,,,,,,,,
54811,20221020,-88.85,41.84,,,,,,,,,,,,,,,,,,,,,,,,,,,,
54811,20221021,-88.85,41.84,,,,,,,,,,,,,,,,,,,,,,,,,,,,
54811,20221022,-88.85,41.84,,,,,,,,,,,,,,,,,,,,,,,,,,,,
54811,20221023,-88.85,41.84,,,,,,,,,,,,,,,,,,,,,,,,,,,,
54811,20221024,-88.85,41.84,,,,,,,,,,,,,,,,,,,,,,,,,,,,
54811,20221025,-88.85,41.84,,,,,,,,,,,,,,,,,,,,,,,,,,,,
54811,20221026,-88.85,41.84,,,,,,,,,,,,,,,,,,,,,,,,,,,,
54811,20221027,-88.85,41.84,,,,,,,,,,,,,,,,,,,,,,,,,,,,
54811,20221028,-88.85,41.84,,,,,,,,,,,,,,,,,,,,,,,,,,,,
54811,20221029,-88.85,41.84,,,,,,,,,,,,,,,,,,,,,,,,,,,,
54811,20221030,-88.85,41.84,,,,,,,,,,,,,,,,,,,,,,,,,,,,
54811,20221031,-88.85,41.84,,,,,,,,,,,,,,,,,,,,,,,,,,,,
54811,20221101,-88.85,41.84,,,,,,,,,,,,,,,,,,,,,,,,,,,,
54811,20221102,-88.85,41.84,,,,,,,,,,,,,,,,,,,,,,,,,,,,
54811,20221103,-88.85,41.84,,,,,,,,,,,,,,,,,,,,,,,,,,,,
54811,20221104,-88.85,41.84,,,,,,,,,,,,,,,,,,,,,,,,,,,,
54811,20221105,-88.85,41.84,,,,,,,,,,,,,,,,,,,,,,,,,,,,
54811,20221106,-88.85,41.84,,,,,,,,,,,,,,,,,,,,,,,,,,,,
54811,20221107,-88.85,41.84,,,,,,,,,,,,,,,,,,,,,,,,,,,,
54811,20221108,-88.85,41.84,,,,,,,,,,,,,,,,,,,,,,,,,,,,
54811,20221109,-88.85,41.84,,,,,,,,,,,,,,,,,,,,,,,,,,,,
54811,20221110,-88.85,41.84,,,,,,,,,,,,,,,,,,,,,,,,,,,,
54811,20221111,-88.85,41.84,,,,,,,,,,,,,,,,,,,,,,,,,,,,
54811,20221112,-88.85,41.84,,,,,,,,,,,,,,,,,,,,,,,,,,,,
54811,20221113,-88.85,41.84,,,,,,,,,,,,,,,,,,,,,,,,,,,,
54811,20221114,-88.85,41.84,,,,,,,,,,,,,,,,,,,,,,,,,,,,
54811,20221115,-88.85,41.84,,,,,,,,,,,,,,,,,,,,,,,,,,,,
54811,20221116,-88.85,41.84,,,,,,,,,,,,,,,,,,,,,,,,,,,,
54811,20221117,-88.85,41.84,,,,,,,,,,,,,,,,,,,,,,,,,,,,
54811,20221118,-88.85,41.84,,,,,,,,,,,,,,,,,,,,,,,,,,,,
54811,20221119,-88.85,41.84,,,,,,,,,,,,,,,,,,,,,,,,,,,,
54811,20221120,-88.85,41.84,,,,,,,,,,,,,,,,,,,,,,,,,,,,
54811,20221121,-88.85,41.84,,,,,,,,,,,,,,,,,,,,,,,,,,,,
54811,20221122,-88.85,41.84,,,,,,,,,,,,,,,,,,,,,,,,,,,,
54811,20221123,-88.85,41.84,,,,,,,,,,,,,,,,,,,,,,,,,,,,
54811,20221124,-88.85,41.84,,,,,,,,,,,,,,,,,,,,,,,,,,,,
54811,20221125,-88.85,41.84,,,,,,,,,,,,,,,,,,,,,,,,,,,,
54811,20221126,-88.85,41.84,,,,,,,,,,,,,,,,,,,,,,,,,,,,
54811,20221127,-88.85,41.84,,,,,,,,,,,,,,,,,,,,,,,,,,,,
54811,20221128,-88.85,41.84,,,,,,,,,,,,,,,,,,,,,,,,,,,,
54811,20221129,-88.85,41.84,,,,,,,,,,,,,,,,,,,,,,,,,,,,
54811,20221130,-88.85,41.84,,,,,,,,,,,,,,,,,,,,,,,,,,,,
54811,20221201,-88.85,41.84,,,,,,,,,,,,,,,,,,,,,,,,,,,,
54811,20221202,-88.85,41.84,,,,,,,,,,,,,,,,,,,,,,,,,,,,
54811,20221203,-88.85,41.84,,,,,,,,,,,,,,,,,,,,,,,,,,,,
54811,20221204,-88.85,41.84,,,,,,,,,,,,,,,,,,,,,,,,,,,,
54811,20221205,-88.85,41.84,,,,,,,,,,,,,,,,,,,,,,,,,,,,
54811,20221206,-88.85,41.84,,,,,,,,,,,,,,,,,,,,,,,,,,,,
54811,20221207,-88.85,41.84,,,,,,,,,,,,,,,,,,,,,,,,,,,,
54811,20221208,-88.85,41.84,,,,,,,,,,,,,,,,,,,,,,,,,,,,
54811,20221209,-88.85,41.84,,,,,,,,,,,,,,,,,,,,,,,,,,,,
54811,20221210,-88.85,41.84,,,,,,,,,,,,,,,,,,,,,,,,,,,,
54811,20221211,-88.85,41.84,,,,,,,,,,,,,,,,,,,,,,,,,,,,
54811,20221212,-88.85,41.84,,,,,,,,,,,,,,,,,,,,,,,,,,,,
54811,20221213,-88.85,41.84,,,,,,,,,,,,,,,,,,,,,,,,,,,,
54811,20221214,-88.85,41.84,,,,,,,,,,,,,,,,,,,,,,,,,,,,
54811,20221215,-88.85,41.84,,,,,,,,,,,,,,,,,,,,,,,,,,,,
54811,20221216,-88.85,41.84,,,,,,,,,,,,,,,,,,,,,,,,,,,,
54811,20221217,-88.85,41.84,,,,,,,,,,,,,,,,,,,,,,,,,,,,
54811,20221218,-88.85,41.84,,,,,,,,,,,,,,,,,,,,,,,,,,,,
54811,20221219,-88.85,41.84,,,,,,,,,,,,,,,,,,,,,,,,,,,,
54811,20221220,-88.85,41.84,,,,,,,,,,,,,,,,,,,,,,,,,,,,
54811,20221221,-88.85,41.84,,,,,,,,,,,,,,,,,,,,,,,,,,,,
54811,20221222,-88.85,41.84,,,,,,,,,,,,,,,,,,,,,,,,,,,,
54811,20221223,-88.85,41.84,,,,,,,,,,,,,,,,,,,,,,,,,,,,
54811,20221224,-88.85,41.84,,,,,,,,,,,,,,,,,,,,,,,,,,,,
54811,20221225,-88.85,41.84,,,,,,,,,,,,,,,,,,,,,,,,,,,,
54811,20221226,-88.85,41.84,,,,,,,,,,,,,,,,,,,,,,,,,,,,
54811,20221227,-88.85,41.84,,,,,,,,,,,,,,,,,,,,,,,,,,,,
54811,20221228,-88.85,41.84,,,,,,,,,,,,,,,,,,,,,,,,,,,,
54811,20221229,-88.85,41.84,,,,,,,,,,,,,,,,,,,,,,,,,,,,
54811,20221230,-88.85,41.84,,,,,,,,,,,,,,,,,,,,,,,,,,,,
54811,20221231,-88.85,41.84,,,,,,,,,,,,,,,,,,,,,,,,,,,,
54811,20230101,-88.85,41.84,,,,,,,,,,,,,,,,,,,,,,,,,,,,
54811,20230102,-88.85,41.84,,,,,,,,,,,,,,,,,,,,,,,,,,,,
54811,20230103,-88.85,41.84,,,,,,,,,,,,,,,,,,,,,,,,,,,,
54811,20230104,-88.85,41.84,,,,,,,,,,,,,,,,,,,,,,,,,,,,
54811,20230105,-88.85,41.84,,,,,,,,,,,,,,,,,,,,,,,,,,,,
54811,20230106,-88.85,41.84,,,,,,,,,,,,,,,,,,,,,,,,,,,,
54811,20230107,-88.85,41.84,,,,,,,,,,,,,,,,,,,,,,,,,,,,
54811,20230108,-88.85,41.84,,,,,,,,,,,,,,,,,,,,,,,,,,,,
54811,20230109,-88.85,41.84,,,,,,,,,,,,,,,,,,,,,,,,,,,,
54811,20230110,-88.85,41.84,,,,,,,,,,,,,,,,,,,,,,,,,,,,
54811,20230111,-88.85,41.84,,,,,,,,,,,,,,,,,,,,,,,,,,,,
54811,20230112,-88.85,41.84,,,,,,,,,,,,,,,,,,,,,,,,,,,,
54811,20230113,-88.85,41.84,,,,,,,,,,,,,,,,,,,,,,,,,,,,
54811,20230114,-88.85,41.84,,,,,,,,,,,,,,,,,,,,,,,,,,,,
54811,20230115,-88.85,41.84,,,,,,,,,,,,,,,,,,,,,,,,,,,,
54811,20230116,-88.85,41.84,,,,,,,,,,,,,,,,,,,,,,,,,,,,
54811,20230117,-88.85,41.84,,,,,,,,,,,,,,,,,,,,,,,,,,,,
54811,20230118,-88.85,41.84,,,,,,,,,,,,,,,,,,,,,,,,,,,,
54811,20230119,-88.85,41.84,,,,,,,,,,,,,,,,,,,,,,,,,,,,
54811,20230120,-88.85,41.84,,,,,,,,,,,,,,,,,,,,,,,,,,,,
54811,20230121,-88.85,41.84,,,,,,,,,,,,,,,,,,,,,,,,,,,,
54811,20230122,-88.85,41.84,,,,,,,,,,,,,,,,,,,,,,,,,,,,
54811,20230123,-88.85,41.84,,,,,,,,,,,,,,,,,,,,,,,,,,,,
54811,20230124,-88.85,41.84,,,,,,,,,,,,,,,,,,,,,,,,,,,,
54811,20230125,-88.85,41.84,,,,,,,,,,,,,,,,,,,,,,,,,,,,
54811,20230126,-88.85,41.84,,,,,,,,,,,,,,,,,,,,,,,,,,,,
54811,20230127,-88.85,41.84,,,,,,,,,,,,,,,,,,,,,,,,,,,,
54811,20230128,-88.85,41.84,,,,,,,,,,,,,,,,,,,,,,,,,,,,
54811,20230129,-88.85,41.84,,,,,,,,,,,,,,,,,,,,,,,,,,,,
54811,20230130,-88.85,41.84,,,,,,,,,,,,,,,,,,,,,,,,,,,,
54811,20230131,-88.85,41.84,,,,,,,,,,,,,,,,,,,,,,,,,,,,
54811,20230201,-88.85,41.84,,,,,,,,,,,,,,,,,,,,,,,,,,,,
54811,20230202,-88.85,41.84,,,,,,,,,,,,,,,,,,,,,,,,,,,,
54811,20230203,-88.85,41.84,,,,,,,,,,,,,,,,,,,,,,,,,,,,
54811,20230204,-88.85,41.84,,,,,,,,,,,,,,,,,,,,,,,,,,,,
54811,20230205,-88.85,41.84,,,,,,,,,,,,,,,,,,,,,,,,,,,,
54811,20230206,-88.85,41.84,,,,,,,,,,,,,,,,,,,,,,,,,,,,
54811,20230207,-88.85,41.84,,,,,,,,,,,,,,,,,,,,,,,,,,,,
54811,20230208,-88.85,41.84,,,,,,,,,,,,,,,,,,,,,,,,,,,,
54811,20230209,-88.85,41.84,,,,,,,,,,,,,,,,,,,,,,,,,,,,
54811,20230210,-88.85,41.84,,,,,,,,,,,,,,,,,,,,,,,,,,,,
54811,20230211,-88.85,41.84,,,,,,,,,,,,,,,,,,,,,,,,,,,,
54811,20230212,-88.85,41.84,,,,,,,,,,,,,,,,,,,,,,,,,,,,
54811,20230213,-88.85,41.84,,,,,,,,,,,,,,,,,,,,,,,,,,,,
54811,20230214,-88.85,41.84,,,,,,,,,,,,,,,,,,,,,,,,,,,,
54811,20230215,-88.85,41.84,,,,,,,,,,,,,,,,,,,,,,,,,,,,
54811,20230216,-88.85,41.84,,,,,,,,,,,,,,,,,,,,,,,,,,,,
54811,20230217,-88.85,41.84,,,,,,,,,,,,,,,,,,,,,,,,,,,,
54811,20230218,-88.85,41.84,,,,,,,,,,,,,,,,,,,,,,,,,,,,
54811,20230219,-88.85,41.84,,,,,,,,,,,,,,,,,,,,,,,,,,,,
54811,20230220,-88.85,41.84,,,,,,,,,,,,,,,,,,,,,,,,,,,,
54811,20230221,-88.85,41.84,,,,,,,,,,,,,,,,,,,,,,,,,,,,
54811,20230222,-88.85,41.84,,,,,,,,,,,,,,,,,,,,,,,,,,,,
54811,20230223,-88.85,41.84,,,,,,,,,,,,,,,,,,,,,,,,,,,,
54811,20230224,-88.85,41.84,,,,,,,,,,,,,,,,,,,,,,,,,,,,
54811,20230225,-88.85,41.84,,,,,,,,,,,,,,,,,,,,,,,,,,,,
54811,20230226,-88.85,41.84,,,,,,,,,,,,,,,,,,,,,,,,,,,,
54811,20230227,-88.85,41.84,,,,,,,,,,,,,,,,,,,,,,,,,,,,
54811,20230228,-88.85,41.84,,,,,,,,,,,,,,,,,,,,,,,,,,,,
54811,20230301,-88.85,41.84,,,,,,,,,,,,,,,,,,,,,,,,,,,,
54811,20230302,-88.85,41.84,,,,,,,,,,,,,,,,,,,,,,,,,,,,
54811,20230303,-88.85,41.84,,,,,,,,,,,,,,,,,,,,,,,,,,,,
54811,20230304,-88.85,41.84,,,,,,,,,,,,,,,,,,,,,,,,,,,,
54811,20230305,-88.85,41.84,,,,,,,,,,,,,,,,,,,,,,,,,,,,
54811,20230306,-88.85,41.84,,,,,,,,,,,,,,,,,,,,,,,,,,,,
54811,20230307,-88.85,41.84,,,,,,,,,,,,,,,,,,,,,,,,,,,,
54811,20230308,-88.85,41.84,,,,,,,,,,,,,,,,,,,,,,,,,,,,
54811,20230309,-88.85,41.84,,,,,,,,,,,,,,,,,,,,,,,,,,,,
54811,20230310,-88.85,41.84,,,,,,,,,,,,,,,,,,,,,,,,,,,,
54811,20230311,-88.85,41.84,,,,,,,,,,,,,,,,,,,,,,,,,,,,
54811,20230312,-88.85,41.84,,,,,,,,,,,,,,,,,,,,,,,,,,,,
54811,20230313,-88.85,41.84,,,,,,,,,,,,,,,,,,,,,,,,,,,,
54811,20230314,-88.85,41.84,,,,,,,,,,,,,,,,,,,,,,,,,,,,
54811,20230315,-88.85,41.84,,,,,,,,,,,,,,,,,,,,,,,,,,,,
54811,20230316,-88.85,41.84,,,,,,,,,,,,,,,,,,,,,,,,,,,,
54811,20230317,-88.85,41.84,,,,,,,,,,,,,,,,,,,,,,,,,,,,
54811,20230318,-88.85,41.84,,,,,,,,,,,,,,,,,,,,,,,,,,,,
54811,20230319,-88.85,41.84,,,,,,,,,,,,,,,,,,,,,,,,,,,,
54811,20230320,-88.85,41.84,,,,,,,,,,,,,,,,,,,,,,,,,,,,
54811,20230321,-88.85,41.84,,,,,,,,,,,,,,,,,,,,,,,,,,,,
54811,20230322,-88.85,41.84,,,,,,,,,,,,,,,,,,,,,,,,,,,,
54811,20230323,-88.85,41.84,,,,,,,,,,,,,,,,,,,,,,,,,,,,
54811,20230324,-88.85,41.84,,,,,,,,,,,,,,,,,,,,,,,,,,,,
54811,20230325,-88.85,41.84,,,,,,,,,,,,,,,,,,,,,,,,,,,,
54811,20230326,-88.85,41.84,,,,,,,,,,,,,,,,,,,,,,,,,,,,
54811,20230327,-88.85,41.84,,,,,,,,,,,,,,,,,,,,,,,,,,,,
54811,20230328,-88.85,41.84,,,,,,,,,,,,,,,,,,,,,,,,,,,,
54811,20230329,-88.85,41.84,,,,,,,,,,,,,,,,,,,,,,,,,,,,
54811,20230330,-88.85,41.84,,,,,,,,,,,,,,,,,,,,,,,,,,,,
54811,20230331,-88.85,41.84,,,,,,,,,,,,,,,,,,,,,,,,,,,,
54811,20230401,-88.85,41.84,,,,,,,,,,,,,,,,,,,,,,,,,,,,
54811,20230402,-88.85,41.84,,,,,,,,,,,,,,,,,,,,,,,,,,,,
54811,20230403,-88.85,41.84,,,,,,,,,,,,,,,,,,,,,,,,,,,,
54811,20230404,-88.85,41.84,,,,,,,,,,,,,,,,,,,,,,,,,,,,
54811,20230405,-88.85,41.84,,,,,,,,,,,,,,,,,,,,,,,,,,,,
54811,20230406,-88.85,41.84,,,,,,,,,,,,,,,,,,,,,,,,,,,,
54811,20230407,-88.85,41.84,,,,,,,,,,,,,,,,,,,,,,,,,,,,
54811,20230408,-88.85,41.84,,,,,,,,,,,,,,,,,,,,,,,,,,,,
54811,20230409,-88.85,41.84,,,,,,,,,,,,,,,,,,,,,,,,,,,,
54811,20230410,-88.85,41.84,,,,,,,,,,,,,,,,,,,,,,,,,,,,
54811,20230411,-88.85,41.84,,,,,,,,,,,,,,,,,,,,,,,,,,,,
54811,20230412,-88.85,41.84,,,,,,,,,,,,,,,,,,,,,,,,,,,,
54811,20230413,-88.85,41.84,,,,,,,,,,,,,,,,,,,,,,,,,,,,
54811,20230414,-88.85,41.84,,,,,,,,,,,,,,,,,,,,,,,,,,,,
54811,20230415,-88.85,41.84,,,,,,,,,,,,,,,,,,,,,,,,,,,,
54811,20230416,-88.85,41.84,,,,,,,,,,,,,,,,,,,,,,,,,,,,
54811,20230417,-88.85,41.84,,,,,,,,,,,,,,,,,,,,,,,,,,,,
54811,20230418,-88.85,41.84,,,,,,,,,,,,,,,,,,,,,,,,,,,,
54811,20230419,-88.85,41.84,,,,,,,,,,,,,,,,,,,,,,,,,,,,
54811,20230420,-88.85,41.84,,,,,,,,,,,,,,,,,,,,,,,,,,,,
54811,20230421,-88.85,41.84,,,,,,,,,,,,,,,,,,,,,,,,,,,,
54811,20230422,-88.85,41.84,,,,,,,,,,,,,,,,,,,,,,,,,,,,
54811,20230423,-88.85,41.84,,,,,,,,,,,,,,,,,,,,,,,,,,,,
54811,20230424,-88.85,41.84,,,,,,,,,,,,,,,,,,,,,,,,,,,,
54811,20230425,-88.85,41.84,,,,,,,,,,,,,,,,,,,,,,,,,,,,
54811,20230426,-88.85,41.84,,,,,,,,,,,,,,,,,,,,,,,,,,,,
54811,20230427,-88.85,41.84,,,,,,,,,,,,,,,,,,,,,,,,,,,,
54811,20230428,-88.85,41.84,,,,,,,,,,,,,,,,,,,,,,,,,,,,
54811,20230429,-88.85,41.84,,,,,,,,,,,,,,,,,,,,,,,,,,,,
54811,20230430,-88.85,41.84,,,,,,,,,,,,,,,,,,,,,,,,,,,,
54811,20230501,-88.85,41.84,,,,,,,,,,,,,,,,,,,,,,,,,,,,
54811,20230502,-88.85,41.84,,,,,,,,,,,,,,,,,,,,,,,,,,,,
54811,20230503,-88.85,41.84,,,,,,,,,,,,,,,,,,,,,,,,,,,,
54811,20230504,-88.85,41.84,,,,,,,,,,,,,,,,,,,,,,,,,,,,
54811,20230505,-88.85,41.84,,,,,,,,,,,,,,,,,,,,,,,,,,,,
54811,20230506,-88.85,41.84,,,,,,,,,,,,,,,,,,,,,,,,,,,,
54811,20230507,-88.85,41.84,,,,,,,,,,,,,,,,,,,,,,,,,,,,
54811,20230508,-88.85,41.84,,,,,,,,,,,,,,,,,,,,,,,,,,,,
54811,20230509,-88.85,41.84,,,,,,,,,,,,,,,,,,,,,,,,,,,,
54811,20230510,-88.85,41.84,,,,,,,,,,,,,,,,,,,,,,,,,,,,
54811,20230511,-88.85,41.84,,,,,,,,,,,,,,,,,,,,,,,,,,,,
54811,20230512,-88.85,41.84,,,,,,,,,,,,,,,,,,,,,,,,,,,,
54811,20230513,-88.85,41.84,,,,,,,,,,,,,,,,,,,,,,,,,,,,
54811,20230514,-88.85,41.84,,,,,,,,,,,,,,,,,,,,,,,,,,,,
54811,20230515,-88.85,41.84,,,,,,,,,,,,,,,,,,,,,,,,,,,,
54811,20230516,-88.85,41.84,,,,,,,,,,,,,,,,,,,,,,,,,,,,
54811,20230517,-88.85,41.84,,,,,,,,,,,,,,,,,,,,,,,,,,,,
54811,20230518,-88.85,41.84,,,,,,,,,,,,,,,,,,,,,,,,,,,,
54811,20230519,-88.85,41.84,,,,,,,,,,,,,,,,,,,,,,,,,,,,
54811,20230520,-88.85,41.84,,,,,,,,,,,,,,,,,,,,,,,,,,,,
54811,20230521,-88.85,41.84,,,,,,,,,,,,,,,,,,,,,,,,,,,,
54811,20230522,-88.85,41.84,,,,,,,,,,,,,,,,,,,,,,,,,,,,
54811,20230523,-88.85,41.84,,,,,,,,,,,,,,,,,,,,,,,,,,,,
54811,20230524,-88.85,41.84,,,,,,,,,,,,,,,,,,,,,,,,,,,,
54811,20230525,-88.85,41.84,,,,,,,,,,,,,,,,,,,,,,,,,,,,
54811,20230526,-88.85,41.84,,,,,,,,,,,,,,,,,,,,,,,,,,,,
54811,20230527,-88.85,41.84,,,,,,,,,,,,,,,,,,,,,,,,,,,,
54811,20230528,-88.85,41.84,,,,,,,,,,,,,,,,,,,,,,,,,,,,
54811,20230529,-88.85,41.84,,,,,,,,,,,,,,,,,,,,,,,,,,,,
54811,20230530,-88.85,41.84,,,,,,,,,,,,,,,,,,,,,,,,,,,,
54811,20230531,-88.85,41.84,,,,,,,,,,,,,,,,,,,,,,,,,,,,
54811,20230601,-88.85,41.84,,,,,,,,,,,,,,,,,,,,,,,,,,,,
54811,20230602,-88.85,41.84,,,,,,,,,,,,,,,,,,,,,,,,,,,,
54811,20230603,-88.85,41.84,,,,,,,,,,,,,,,,,,,,,,,,,,,,
54811,20230604,-88.85,41.84,,,,,,,,,,,,,,,,,,,,,,,,,,,,
54811,20230605,-88.85,41.84,0.167,-0.64,1,0,0.187,-0.81,1,0,0.19,-0.85,1,0,,,,,,,,,0.177,-0.77,1,0,,,,
54811,20230606,-88.85,41.84,0.165,-0.64,1,0,0.186,-0.81,1,0,0.186,-0.87,1,0,,,,,,,,,0.175,-0.77,1,0,,,,
54811,20230607,-88.85,41.84,0.163,-0.64,1,0,0.184,-0.82,1,0,0.182,-0.89,1,0,,,,,,,,,0.173,-0.78,1,0,,,,
54811,20230608,-88.85,41.84,0.161,-0.64,1,0,0.182,-0.82,1,0,0.177,-0.9,1,0,,,,,,,,,0.171,-0.78,1,0,,,,
54811,20230609,-88.85,41.84,0.159,-0.64,1,0,0.18,-0.82,1,0,0.173,-0.92,1,0,,,,,,,,,0.17,-0.78,1,0,,,,
54811,20230610,-88.85,41.84,0.157,-0.64,1,0,0.179,-0.82,1,0,0.169,-0.93,1,0,,,,,,,,,0.168,-0.77,1,0,,,,
54811,20230611,-88.85,41.84,0.156,-0.64,1,0,0.177,-0.82,1,0,0.166,-0.94,1,0,,,,,,,,,0.166,-0.77,1,0,,,,
54811,20230612,-88.85,41.84,0.154,-0.64,1,0,0.176,-0.82,1,0,0.164,-0.95,1,0,,,,,,,,,0.165,-0.76,1,0,,,,
54811,20230613,-88.85,41.84,0.153,-0.65,1,0,0.175,-0.82,1,0,0.162,-0.96,1,0,,,,,,,,,0.164,-0.76,1,0,,,,
54811,20230614,-88.85,41.84,0.152,-0.66,1,0,0.175,-0.82,1,0,0.16,-0.96,1,0,,,,,,,,,0.163,-0.77,1,0,,,,
54811,20230615,-88.85,41.84,0.151,-0.66,1,0,0.174,-0.82,1,0,0.159,-0.97,1,0,,,,,,,,,0.163,-0.77,1,0,,,,
54811,20230616,-88.85,41.84,0.151,-0.67,1,0,0.174,-0.82,1,0,0.158,-0.97,1,0,,,,,,,,,0.162,-0.77,1,0,,,,
54811,20230617,-88.85,41.84,0.151,-0.68,1,0,0.174,-0.83,1,0,0.158,-0.97,1,0,,,,,,,,,0.162,-0.78,1,0,,,,
54811,20230618,-88.85,41.84,0.15,-0.69,1,0,0.173,-0.83,1,0,0.157,-0.97,1,0,,,,,,,,,0.162,-0.78,1,0,,,,
54811,20230619,-88.85,41.84,0.15,-0.69,1,0,0.173,-0.83,1,0,0.156,-0.98,1,0,,,,,,,,,0.162,-0.78,1,0,,,,
54811,20230620,-88.85,41.84,0.15,-0.7,1,0,0.173,-0.82,1,0,0.156,-0.98,1,0,,,,,,,,,0.162,-0.78,1,0,,,,
54811,20230621,-88.85,41.84,0.15,-0.7,1,0,0.173,-0.82,1,0,0.155,-0.99,1,0,,,,,,,,,0.161,-0.78,1,0,,,,
54811,20230622,-88.85,41.84,0.149,-0.72,1,0,0.172,-0.82,1,0,0.155,-0.99,1,0,,,,,,,,,0.161,-0.79,1,0,,,,
54811,20230623,-88.85,41.84,0.148,-0.73,1,0,0.172,-0.82,1,0,0.154,-1,1,0,,,,,,,,,0.16,-0.79,1,0,,,,
54811,20230624,-88.85,41.84,0.148,-0.75,1,0,0.171,-0.83,1,0,0.153,-1,1,0,,,,,,,,,0.159,-0.8,1,0,,,,
54811,20230625,-88.85,41.84,0.149,-0.75,1,0,0.173,-0.81,0.982,0,0.153,-1,1,0,,,,,,,,,0.161,-0.8,0.994,0,,,,
54811,20230626,-88.85,41.84,0.153,-0.73,1,0,0.18,-0.77,0.982,0,0.154,-0.99,1,0,,,,,,,,,0.166,-0.77,0.994,0,,,,
54811,20230627,-88.85,41.84,0.157,-0.72,1,0,0.185,-0.75,0.982,0,0.154,-0.99,1,0,,,,,,,,,0.171,-0.75,0.994,0,,,,
54811,20230628,-88.85,41.84,0.16,-0.71,1,0,0.19,-0.72,0.982,0,0.155,-0.99,1,0,,,,,,,,,0.175,-0.73,0.994,0,,,,
54811,20230629,-88.85,41.84,0.164,-0.69,1,0,0.195,-0.71,0.982,0,0.156,-0.99,1,0,,,,,,,,,0.179,-0.72,0.994,0,,,,
54811,20230630,-88.85,41.84,0.167,-0.68,1,0,0.199,-0.69,0.982,0,0.157,-1,1,0,,,,,,,,,0.183,-0.71,0.994,0,,,,
54811,20230701,-88.85,41.84,0.17,-0.67,1,0,0.203,-0.68,0.982,0,0.158,-1.01,1,0,,,,,,,,,0.187,-0.7,0.994,0,,,,
54811,20230702,-88.85,41.84,0.172,-0.67,1,0,0.204,-0.68,1,0,0.158,-1.03,1,0,,,,,,,,,0.188,-0.71,1,0,,,,
54811,20230703,-88.85,41.84,0.195,-0.54,0.863,0.048,0.214,-0.62,0.875,0,0.173,-0.94,0.881,0,,,,,,,,,0.204,-0.61,0.863,0,,,,
54811,20230704,-88.85,41.84,0.217,-0.41,0.72,0.048,0.226,-0.54,0.732,0,0.19,-0.83,0.738,0,,,,,,,,,0.221,-0.5,0.72,0,,,,
54811,20230705,-88.85,41.84,0.237,-0.29,0.577,0.048,0.237,-0.47,0.589,0,0.205,-0.73,0.595,0,,,,,,,,,0.237,-0.4,0.577,0,,,,
54811,20230706,-88.85,41.84,0.257,-0.17,0.435,0.048,0.248,-0.39,0.446,0,0.22,-0.63,0.452,0,,,,,,,,,0.253,-0.3,0.435,0,,,,
54811,20230707,-88.85,41.84,0.276,-0.06,0.292,0.048,0.259,-0.32,0.304,0,0.235,-0.54,0.423,0,,,,,,,,,0.268,-0.21,0.292,0,,,,
54811,20230708,-88.85,41.84,0.294,0.04,0.149,0.048,0.269,-0.26,0.161,0,0.248,-0.45,0.423,0,,,,,,,,,0.281,-0.12,0.149,0,,,,
54811,20230709,-88.85,41.84,0.31,0.15,0.006,0.048,0.277,-0.2,0.018,0,0.261,-0.36,0.423,0,,,,,,,,,0.294,-0.04,0.006,0,,,,
54811,20230710,-88.85,41.84,0.301,0.09,0,0,0.271,-0.24,0.125,0,0.259,-0.39,0.542,0,,,,,,,,,0.286,-0.1,0,0,,,,
54811,20230711,-88.85,41.84,0.291,0.03,0,0,0.263,-0.31,0.268,0,0.254,-0.45,0.685,0,,,,,,,,,0.277,-0.16,0.107,0,,,,
54811,20230712,-88.85,41.84,0.283,-0.02,0,0.006,0.256,-0.37,0.411,0,0.249,-0.51,0.827,0,,,,,,,,,0.269,-0.23,0.22,0,,,,
54811,20230713,-88.85,41.84,0.294,0.08,0,0.149,0.267,-0.27,0.423,0.113,0.259,-0.39,0.839,0.113,,,,,,,,,0.281,-0.12,0.22,0.113,,,,
54811,20230714,-88.85,41.84,0.302,0.16,0,0.292,0.281,-0.16,0.423,0.256,0.27,-0.28,0.726,0.238,,,,,,,,,0.291,-0.02,0.22,0.256,,,,
54811,20230715,-88.85,41.84,0.31,0.24,0,0.435,0.293,-0.05,0.423,0.399,0.279,-0.17,0.583,0.238,,,,,,,,,0.301,0.08,0.22,0.399,,,,
54811,20230716,-88.85,41.84,0.318,0.32,0,0.577,0.305,0.05,0.423,0.405,0.289,-0.07,0.44,0.238,,,,,,,,,0.312,0.17,0.22,0.542,,,,
54811,20230717,-88.85,41.84,0.326,0.39,0,0.714,0.316,0.14,0.298,0.405,0.298,0.03,0.298,0.238,,,,,,,,,0.321,0.26,0.22,0.607,,,,
54811,20230718,-88.85,41.84,0.333,0.46,0,0.714,0.327,0.24,0.155,0.405,0.306,0.13,0.155,0.238,,,,,,,,,0.33,0.35,0.113,0.607,,,,
54811,20230719,-88.85,41.84,0.337,0.5,0,0.708,0.337,0.32,0.012,0.405,0.314,0.22,0.012,0.238,,,,,,,,,0.337,0.42,0,0.607,,,,
54811,20230720,-88.85,41.84,0.323,0.4,0,0.565,0.326,0.23,0,0.292,0.306,0.14,0,0.125,,,,,,,,,0.325,0.32,0,0.494,,,,
54811,20230721,-88.85,41.84,0.31,0.3,0,0.423,0.313,0.12,0,0.149,0.298,0.05,0,0,,,,,,,,,0.311,0.2,0,0.351,,,,
54811,20230722,-88.85,41.84,0.296,0.2,0,0.28,0.3,0.01,0.006,0.006,0.29,-0.04,0.018,0,,,,,,,,,0.298,0.09,0,0.208,,,,
54811,20230723,-88.85,41.84,0.281,0.08,0,0.137,0.287,-0.1,0.131,0,0.281,-0.13,0.161,0,,,,,,,,,0.284,-0.03,0.113,0.065,,,,
54811,20230724,-88.85,41.84,0.266,-0.03,0.113,0,0.275,-0.21,0.274,0,0.273,-0.22,0.304,0,,,,,,,,,0.27,-0.14,0.256,0,,,,
54811,20230725,-88.85,41.84,0.251,-0.14,0.256,0,0.263,-0.31,0.417,0,0.264,-0.31,0.446,0,,,,,,,,,0.257,-0.25,0.399,0,,,,
54811,20230726,-88.85,41.84,0.238,-0.23,0.399,0,0.252,-0.41,0.56,0,0.256,-0.39,0.589,0,,,,,,,,,0.245,-0.35,0.542,0,,,,
54811,20230727,-88.85,41.84,0.227,-0.31,0.542,0,0.243,-0.49,0.702,0,0.249,-0.47,0.732,0,,,,,,,,,0.235,-0.43,0.685,0,,,,
54811,20230728,-88.85,41.84,0.218,-0.36,0.667,0.012,0.236,-0.55,0.833,0,0.241,-0.55,0.875,0,,,,,,,,,0.227,-0.49,0.81,0.012,,,,
54811,20230729,-88.85,41.84,0.233,-0.22,0.667,0.155,0.246,-0.45,0.827,0.048,0.237,-0.59,1,0,,,,,,,,,0.239,-0.36,0.81,0.083,,,,
54811,20230730,-88.85,41.84,0.251,-0.06,0.667,0.298,0.263,-0.29,0.702,0.19,0.237,-0.59,1,0,,,,,,,,,0.257,-0.19,0.696,0.226,,,,
54811,20230731,-88.85,41.84,0.267,0.09,0.554,0.44,0.277,-0.14,0.56,0.333,0.238,-0.57,1,0,,,,,,,,,0.272,-0.04,0.554,0.369,,,,
54811,20230801,-88.85,41.84,0.282,0.22,0.411,0.583,0.289,-0.02,0.417,0.333,0.239,-0.54,1,0,,,,,,,,,0.285,0.1,0.411,0.464,,,,
54811,20230802,-88.85,41.84,0.294,0.34,0.268,0.607,0.3,0.1,0.274,0.333,0.24,-0.52,1,0,,,,,,,,,0.297,0.22,0.268,0.464,,,,
54811,20230803,-88.85,41.84,0.306,0.44,0.125,0.607,0.31,0.19,0.131,0.333,0.242,-0.48,1,0,,,,,,,,,0.308,0.32,0.125,0.464,,,,
54811,20230804,-88.85,41.84,0.314,0.52,0,0.595,0.316,0.26,0,0.333,0.244,-0.45,1,0,,,,,,,,,0.315,0.4,0,0.452,,,,
54811,20230805,-88.85,41.84,0.299,0.41,0,0.452,0.306,0.18,0,0.286,0.244,-0.45,1,0,,,,,,,,,0.302,0.29,0,0.381,,,,
54811,20230806,-88.85,41.84,0.282,0.27,0,0.31,0.289,0.03,0,0.143,0.24,-0.48,1,0,,,,,,,,,0.285,0.15,0,0.238,,,,
54811,20230807,-88.85,41.84,0.267,0.15,0,0.167,0.275,-0.1,0.119,0,0.236,-0.52,1,0,,,,,,,,,0.271,0.01,0,0.095,,,,
54811,20230808,-88.85,41.84,0.253,0.04,0,0.024,0.262,-0.22,0.262,0,0.233,-0.56,1,0,,,,,,,,,0.258,-0.1,0.101,0,,,,
54811,20230809,-88.85,41.84,0.242,-0.06,0,0,0.251,-0.32,0.405,0,0.229,-0.6,1,0,,,,,,,,,0.247,-0.21,0.244,0,,,,
54811,20230810,-88.85,41.84,0.232,-0.15,0.006,0,0.243,-0.39,0.548,0,0.226,-0.63,1,0,,,,,,,,,0.238,-0.29,0.387,0,,,,
54811,20230811,-88.85,41.84,0.223,-0.22,0.125,0,0.236,-0.46,0.69,0,0.223,-0.67,1,0,,,,,,,,,0.23,-0.37,0.53,0,,,,
54811,20230812,-88.85,41.84,0.217,-0.28,0.244,0,0.23,-0.51,0.833,0,0.22,-0.69,1,0,,,,,,,,,0.223,-0.43,0.673,0,,,,
54811,20230813,-88.85,41.84,0.211,-0.33,0.375,0,0.224,-0.56,0.976,0,0.216,-0.72,1,0,,,,,,,,,0.218,-0.48,0.815,0,,,,
54811,20230814,-88.85,41.84,0.206,-0.37,0.518,0,0.22,-0.6,1,0,0.213,-0.74,1,0,,,,,,,,,0.213,-0.52,0.958,0,,,,
54811,20230815,-88.85,41.84,0.226,-0.18,0.536,0.119,0.24,-0.41,0.881,0.119,0.23,-0.57,0.887,0.113,,,,,,,,,0.233,-0.32,0.881,0.119,,,,
54811,20230816,-88.85,41.84,0.248,0.03,0.536,0.262,0.264,-0.18,0.738,0.262,0.248,-0.38,0.744,0.256,,,,,,,,,0.256,-0.09,0.738,0.262,,,,
54811,20230817,-88.85,41.84,0.268,0.22,0.53,0.405,0.284,0.01,0.595,0.405,0.264,-0.21,0.601,0.399,,,,,,,,,0.276,0.1,0.595,0.405,,,,
54811,20230818,-88.85,41.84,0.293,0.45,0.411,0.548,0.307,0.23,0.452,0.548,0.281,-0.05,0.458,0.476,,,,,,,,,0.3,0.34,0.452,0.548,,,,
54811,20230819,-88.85,41.84,0.315,0.65,0.292,0.69,0.329,0.43,0.31,0.69,0.296,0.11,0.315,0.476,,,,,,,,,0.322,0.55,0.31,0.69,,,,
54811,20230820,-88.85,41.84,0.334,0.83,0.161,0.833,0.348,0.61,0.167,0.833,0.311,0.25,0.173,0.476,,,,,,,,,0.341,0.74,0.167,0.833,,,,
54811,20230821,-88.85,41.84,0.352,0.99,0.018,0.976,0.366,0.77,0.024,0.976,0.326,0.39,0.03,0.476,,,,,,,,,0.359,0.91,0.024,0.976,,,,
54811,20230822,-88.85,41.84,0.343,0.9,0,0.911,0.358,0.69,0,0.881,0.32,0.32,0,0.363,,,,,,,,,0.35,0.83,0,0.893,,,,
54811,20230823,-88.85,41.84,0.33,0.78,0,0.768,0.346,0.56,0,0.738,0.311,0.24,0,0.22,,,,,,,,,0.338,0.71,0,0.75,,,,
54811,20230824,-88.85,41.84,0.319,0.68,0,0.625,0.334,0.46,0,0.595,0.304,0.16,0,0.077,,,,,,,,,0.327,0.6,0,0.607,,,,
54811,20230825,-88.85,41.84,0.3,0.5,0,0.482,0.319,0.31,0,0.452,0.296,0.08,0,0,,,,,,,,,0.309,0.43,0,0.464,,,,
54811,20230826,-88.85,41.84,0.283,0.35,0,0.339,0.305,0.18,0,0.31,0.288,0,0,0,,,,,,,,,0.294,0.29,0,0.321,,,,
54811,20230827,-88.85,41.84,0.267,0.21,0,0.196,0.293,0.07,0,0.167,0.28,-0.07,0.06,0,,,,,,,,,0.28,0.16,0,0.179,,,,
54811,20230828,-88.85,41.84,0.253,0.08,0,0.054,0.281,-0.03,0,0.024,0.273,-0.15,0.19,0,,,,,,,,,0.267,0.04,0.03,0.036,,,,
54811,20230829,-88.85,41.84,0.239,-0.03,0.101,0,0.269,-0.13,0.101,0,0.265,-0.23,0.333,0,,,,,,,,,0.254,-0.07,0.167,0,,,,
54811,20230830,-88.85,41.84,0.227,-0.13,0.244,0,0.259,-0.21,0.244,0,0.257,-0.3,0.476,0,,,,,,,,,0.243,-0.16,0.31,0,,,,
54811,20230831,-88.85,41.84,0.217,-0.22,0.387,0,0.249,-0.28,0.387,0,0.25,-0.36,0.619,0,,,,,,,,,0.233,-0.24,0.452,0,,,,
54811,20230901,-88.85,41.84,0.207,-0.3,0.53,0,0.241,-0.34,0.53,0,0.242,-0.43,0.762,0,,,,,,,,,0.224,-0.32,0.595,0,,,,
54811,20230902,-88.85,41.84,0.199,-0.36,0.673,0,0.232,-0.4,0.673,0,0.235,-0.49,0.905,0,,,,,,,,,0.216,-0.38,0.738,0,,,,
54811,20230903,-88.85,41.84,0.191,-0.42,0.815,0,0.224,-0.45,0.815,0,0.227,-0.54,0.988,0,,,,,,,,,0.208,-0.43,0.881,0,,,,
54811,20230904,-88.85,41.84,0.185,-0.47,0.958,0,0.217,-0.49,0.958,0,0.22,-0.59,1,0,,,,,,,,,0.201,-0.47,0.994,0,,,,
54811,20230905,-88.85,41.84,0.18,-0.51,1,0,0.211,-0.53,1,0,0.213,-0.63,1,0,,,,,,,,,0.196,-0.51,1,0,,,,
54811,20230906,-88.85,41.84,0.176,-0.54,1,0,0.206,-0.56,1,0,0.207,-0.66,1,0,,,,,,,,,0.191,-0.54,1,0,,,,
54811,20230907,-88.85,41.84,0.172,-0.57,1,0,0.202,-0.58,1,0,0.201,-0.69,1,0,,,,,,,,,0.187,-0.57,1,0,,,,
54811,20230908,-88.85,41.84,0.169,-0.6,1,0,0.199,-0.6,1,0,0.196,-0.71,1,0,,,,,,,,,0.184,-0.59,1,0,,,,
54811,20230909,-88.85,41.84,0.167,-0.62,1,0,0.196,-0.62,1,0,0.191,-0.73,1,0,,,,,,,,,0.181,-0.62,1,0,,,,
54811,20230910,-88.85,41.84,0.164,-0.64,1,0,0.193,-0.64,1,0,0.187,-0.75,1,0,,,,,,,,,0.179,-0.65,1,0,,,,
54811,20230911,-88.85,41.84,0.163,-0.66,1,0,0.19,-0.66,1,0,0.182,-0.78,1,0,,,,,,,,,0.176,-0.68,1,0,,,,
54811,20230912,-88.85,41.84,0.175,-0.54,0.875,0,0.188,-0.68,1,0,0.178,-0.8,1,0,,,,,,,,,0.182,-0.63,0.881,0,,,,
54811,20230913,-88.85,41.84,0.188,-0.41,0.732,0,0.187,-0.69,1,0,0.175,-0.83,1,0,,,,,,,,,0.187,-0.57,0.738,0,,,,
54811,20230914,-88.85,41.84,0.199,-0.3,0.589,0,0.185,-0.71,1,0,0.172,-0.85,1,0,,,,,,,,,0.192,-0.52,0.637,0,,,,
54811,20230915,-88.85,41.84,0.208,-0.21,0.446,0,0.184,-0.72,1,0,0.169,-0.87,1,0,,,,,,,,,0.196,-0.48,0.637,0,,,,
54811,20230916,-88.85,41.84,0.215,-0.13,0.304,0,0.183,-0.72,1,0,0.166,-0.88,1,0,,,,,,,,,0.199,-0.44,0.637,0,,,,
54811,20230917,-88.85,41.84,0.223,-0.05,0.161,0,0.183,-0.72,1,0,0.165,-0.89,1,0,,,,,,,,,0.203,-0.39,0.619,0,,,,
54811,20230918,-88.85,41.84,0.242,0.14,0.018,0.137,0.183,-0.71,1,0,0.164,-0.89,1,0,,,,,,,,,0.213,-0.29,0.476,0,,,,
54811,20230919,-88.85,41.84,0.246,0.18,0,0.28,0.183,-0.71,1,0,0.163,-0.9,1,0,,,,,,,,,0.215,-0.26,0.452,0,,,,
54811,20230920,-88.85,41.84,0.254,0.26,0,0.423,0.183,-0.69,1,0,0.162,-0.9,1,0,,,,,,,,,0.219,-0.21,0.452,0,,,,
54811,20230921,-88.85,41.84,0.27,0.4,0,0.565,0.187,-0.64,0.946,0,0.162,-0.9,1,0,,,,,,,,,0.228,-0.11,0.411,0.036,,,,
54811,20230922,-88.85,41.84,0.29,0.59,0,0.708,0.199,-0.52,0.804,0.06,0.162,-0.91,1,0,,,,,,,,,0.244,0.05,0.268,0.131,,,,
54811,20230923,-88.85,41.84,0.313,0.8,0,0.851,0.222,-0.31,0.661,0.202,0.164,-0.9,1,0,,,,,,,,,0.268,0.28,0.125,0.274,,,,
54811,20230924,-88.85,41.84,0.332,0.96,0,0.994,0.243,-0.13,0.518,0.345,0.167,-0.89,1,0,,,,,,,,,0.288,0.47,0,0.417,,,,
54811,20230925,-88.85,41.84,0.335,0.98,0,1,0.261,0.03,0.375,0.488,0.169,-0.88,1,0,,,,,,,,,0.298,0.57,0,0.56,,,,
54811,20230926,-88.85,41.84,0.338,1.01,0,1,0.277,0.18,0.232,0.524,0.172,-0.87,1,0,,,,,,,,,0.307,0.66,0,0.702,,,,
54811,20230927,-88.85,41.84,0.339,1.02,0,1,0.292,0.31,0.089,0.548,0.175,-0.85,1,0,,,,,,,,,0.316,0.73,0,0.845,,,,
54811,20230928,-88.85,41.84,0.343,1.03,0,1,0.308,0.44,0,0.69,0.178,-0.83,1,0,,,,,,,,,0.325,0.81,0,0.952,,,,
54811,20230929,-88.85,41.84,0.34,1,0,1,0.315,0.49,0,0.774,0.181,-0.81,1,0,,,,,,,,,0.328,0.81,0,1,,,,
54811,20230930,-88.85,41.84,0.335,0.93,0,1,0.309,0.43,0,0.673,0.182,-0.8,1,0,,,,,,,,,0.322,0.74,0,1,,,,
54811,20231001,-88.85,41.84,0.329,0.87,0,1,0.304,0.39,0,0.53,0.183,-0.79,1,0,,,,,,,,,0.317,0.67,0,0.917,,,,
54811,20231002,-88.85,41.84,0.325,0.82,0,0.899,0.301,0.34,0,0.387,0.184,-0.78,1,0,,,,,,,,,0.313,0.62,0,0.774,,,,
54811,20231003,-88.85,41.84,0.32,0.76,0,0.756,0.297,0.3,0,0.351,0.185,-0.78,1,0,,,,,,,,,0.308,0.55,0,0.631,,,,
54811,20231004,-88.85,41.84,0.308,0.64,0,0.613,0.292,0.24,0,0.327,0.185,-0.78,1,0,,,,,,,,,0.3,0.46,0,0.488,,,,
54811,20231005,-88.85,41.84,0.286,0.45,0,0.47,0.282,0.15,0,0.185,0.185,-0.79,1,0,,,,,,,,,0.284,0.3,0,0.345,,,,
54811,20231006,-88.85,41.84,0.266,0.27,0,0.327,0.271,0.05,0,0.042,0.184,-0.8,1,0,,,,,,,,,0.269,0.16,0,0.202,,,,
54811,20231007,-88.85,41.84,0.248,0.11,0,0.185,0.26,-0.05,0,0,0.183,-0.81,1,0,,,,,,,,,0.254,0.02,0,0.06,,,,
54811,20231008,-88.85,41.84,0.232,-0.03,0,0.042,0.251,-0.14,0.143,0,0.182,-0.82,1,0,,,,,,,,,0.241,-0.09,0,0,,,,
54811,20231009,-88.85,41.84,0.219,-0.14,0.012,0,0.242,-0.23,0.286,0,0.181,-0.84,1,0,,,,,,,,,0.231,-0.19,0.119,0,,,,
54811,20231010,-88.85,41.84,0.208,-0.23,0.143,0,0.235,-0.31,0.429,0,0.179,-0.87,1,0,,,,,,,,,0.221,-0.27,0.262,0,,,,
54811,20231011,-88.85,41.84,0.2,-0.3,0.286,0,0.228,-0.39,0.571,0,0.177,-0.9,1,0,,,,,,,,,0.214,-0.34,0.405,0,,,,
54811,20231012,-88.85,41.84,0.204,-0.28,0.369,0.054,0.225,-0.45,0.685,0.006,0.176,-0.92,0.994,0,,,,,,,,,0.215,-0.35,0.494,0.03,,,,
54811,20231013,-88.85,41.84,0.23,-0.13,0.369,0.196,0.245,-0.34,0.685,0.149,0.195,-0.78,0.851,0,,,,,,,,,0.237,-0.22,0.494,0.173,,,,
54811,20231014,-88.85,41.84,0.258,0.05,0.369,0.339,0.268,-0.21,0.685,0.292,0.219,-0.6,0.708,0.095,,,,,,,,,0.263,-0.07,0.494,0.315,,,,
54811,20231015,-88.85,41.84,0.287,0.22,0.369,0.482,0.291,-0.09,0.542,0.435,0.243,-0.43,0.565,0.161,,,,,,,,,0.289,0.08,0.494,0.458,,,,
54811,20231016,-88.85,41.84,0.314,0.38,0.357,0.625,0.312,0.03,0.399,0.577,0.265,-0.27,0.423,0.161,,,,,,,,,0.313,0.22,0.375,0.601,,,,
54811,20231017,-88.85,41.84,0.34,0.53,0.226,0.768,0.333,0.15,0.256,0.601,0.286,-0.11,0.28,0.161,,,,,,,,,0.337,0.35,0.232,0.744,,,,
54811,20231018,-88.85,41.84,0.366,0.69,0.083,0.911,0.354,0.27,0.113,0.601,0.307,0.04,0.137,0.161,,,,,,,,,0.36,0.49,0.089,0.887,,,,
54811,20231019,-88.85,41.84,0.38,0.76,0,1,0.372,0.37,0,0.595,0.327,0.18,0,0.161,,,,,,,,,0.376,0.58,0,0.964,,,,
54811,20231020,-88.85,41.84,0.378,0.73,0,1,0.368,0.32,0,0.452,0.327,0.16,0,0.161,,,,,,,,,0.373,0.54,0,0.952,,,,
54811,20231021,-88.85,41.84,0.375,0.7,0,1,0.363,0.27,0,0.31,0.323,0.1,0,0.065,,,,,,,,,0.369,0.5,0,0.952,,,,
54811,20231022,-88.85,41.84,0.372,0.66,0,1,0.359,0.23,0,0.167,0.318,0.04,0,0,,,,,,,,,0.365,0.46,0,0.94,,,,
54811,20231023,-88.85,41.84,0.369,0.61,0,1,0.357,0.19,0,0.024,0.315,-0.01,0,0,,,,,,,,,0.363,0.43,0,0.804,,,,
54811,20231024,-88.85,41.84,0.366,0.57,0,0.887,0.354,0.16,0,0,0.313,-0.05,0,0,,,,,,,,,0.36,0.38,0,0.661,,,,
54811,20231025,-88.85,41.84,0.363,0.51,0,0.744,0.352,0.12,0,0,0.311,-0.08,0,0,,,,,,,,,0.357,0.34,0,0.518,,,,
54811,20231026,-88.85,41.84,0.361,0.46,0,0.607,0.35,0.09,0,0,0.31,-0.11,0,0,,,,,,,,,0.356,0.29,0,0.411,,,,
54811,20231027,-88.85,41.84,0.367,0.48,0,0.607,0.356,0.14,0,0.125,0.314,-0.09,0,0,,,,,,,,,0.362,0.32,0,0.417,,,,
54811,20231028,-88.85,41.84,0.369,0.47,0,0.607,0.36,0.18,0,0.268,0.318,-0.05,0,0,,,,,,,,,0.365,0.33,0,0.417,,,,
54811,20231029,-88.85,41.84,0.373,0.47,0,0.6,0.363,0.21,0,0.4,0.321,-0.04,0,0,,,,,,,,,0.368,0.34,0,0.418,,,,
54811,20231030,-88.85,41.84,0.377,0.48,0,0.6,0.366,0.23,0,0.515,0.324,-0.02,0,0,,,,,,,,,0.371,0.36,0,0.558,,,,
54811,20231031,-88.85,41.84,0.381,0.51,0,0.715,0.369,0.26,0,0.539,0.327,-0.01,0,0,,,,,,,,,0.375,0.39,0,0.703,,,,
54811,20231101,-88.85,41.84,0.387,0.54,0,0.861,0.372,0.3,0,0.539,0.329,-0.01,0,0,,,,,,,,,0.379,0.43,0,0.848,,,,
54811,20231102,-88.85,41.84,0.392,0.58,0,1,0.375,0.33,0,0.539,0.331,-0.01,0,0,,,,,,,,,0.383,0.47,0,0.994,,,,
54811,20231103,-88.85,41.84,0.385,0.52,0,1,0.37,0.27,0,0.412,0.327,-0.07,0,0,,,,,,,,,0.377,0.42,0,0.891,,,,
54811,20231104,-88.85,41.84,0.38,0.48,0,1,0.365,0.2,0,0.267,0.323,-0.14,0,0,,,,,,,,,0.372,0.38,0,0.745,,,,
54811,20231105,-88.85,41.84,0.375,0.45,0,1,0.362,0.16,0,0.137,0.32,-0.2,0,0,,,,,,,,,0.369,0.34,0,0.607,,,,
54811,20231106,-88.85,41.84,0.372,0.41,0,0.94,0.36,0.11,0,0.024,0.317,-0.25,0,0,,,,,,,,,0.366,0.31,0,0.464,,,,
54811,20231107,-88.85,41.84,0.368,0.38,0,0.798,0.358,0.06,0,0,0.315,-0.3,0,0,,,,,,,,,0.363,0.27,0,0.321,,,,
54811,20231108,-88.85,41.84,0.364,0.34,0,0.655,0.355,0.02,0,0,0.314,-0.35,0.024,0,,,,,,,,,0.36,0.23,0,0.179,,,,
54811,20231109,-88.85,41.84,0.361,0.3,0,0.512,0.353,-0.03,0,0,0.312,-0.38,0.089,0,,,,,,,,,0.357,0.18,0,0.036,,,,
54811,20231110,-88.85,41.84,0.357,0.26,0,0.369,0.351,-0.07,0,0,0.311,-0.42,0.214,0,,,,,,,,,0.354,0.13,0,0,,,,
54811,20231111,-88.85,41.84,0.352,0.21,0,0.226,0.349,-0.12,0,0,0.31,-0.45,0.351,0,,,,,,,,,0.35,0.08,0,0,,,,
54811,20231112,-88.85,41.84,0.348,0.16,0,0.083,0.346,-0.17,0,0,0.308,-0.48,0.494,0,,,,,,,,,0.347,0.02,0,0,,,,
54811,20231113,-88.85,41.84,0.343,0.1,0,0,0.344,-0.21,0.036,0,0.307,-0.51,0.637,0,,,,,,,,,0.343,-0.04,0,0,,,,
54811,20231114,-88.85,41.84,0.338,0.04,0,0,0.341,-0.26,0.137,0,0.306,-0.54,0.78,0,,,,,,,,,0.339,-0.1,0,0,,,,
54811,20231115,-88.85,41.84,0.333,-0.03,0.024,0,0.339,-0.3,0.28,0,0.305,-0.56,0.899,0,,,,,,,,,0.336,-0.16,0,0,,,,
54811,20231116,-88.85,41.84,0.327,-0.11,0.167,0,0.336,-0.35,0.423,0,0.303,-0.59,0.976,0,,,,,,,,,0.332,-0.23,0.101,0,,,,
54811,20231117,-88.85,41.84,0.322,-0.18,0.31,0,0.333,-0.4,0.565,0,0.302,-0.62,0.994,0,,,,,,,,,0.328,-0.29,0.244,0,,,,
54811,20231118,-88.85,41.84,0.317,-0.26,0.452,0,0.331,-0.45,0.708,0,0.3,-0.64,1,0,,,,,,,,,0.324,-0.35,0.387,0,,,,
54811,20231119,-88.85,41.84,0.312,-0.34,0.595,0,0.329,-0.5,0.851,0,0.299,-0.66,1,0,,,,,,,,,0.32,-0.41,0.53,0,,,,
54811,20231120,-88.85,41.84,0.307,-0.42,0.738,0,0.327,-0.54,0.958,0,0.298,-0.68,1,0,,,,,,,,,0.317,-0.47,0.673,0,,,,
54811,20231121,-88.85,41.84,0.302,-0.49,0.881,0,0.325,-0.59,1,0,0.297,-0.7,1,0,,,,,,,,,0.313,-0.52,0.815,0,,,,
54811,20231122,-88.85,41.84,0.303,-0.48,0.881,0,0.323,-0.63,1,0,0.296,-0.72,1,0,,,,,,,,,0.313,-0.54,0.935,0,,,,
54811,20231123,-88.85,41.84,0.307,-0.43,0.738,0,0.323,-0.65,1,0,0.296,-0.73,1,0,,,,,,,,,0.315,-0.53,0.839,0,,,,
54811,20231124,-88.85,41.84,0.311,-0.38,0.595,0,0.323,-0.67,1,0,0.295,-0.74,1,0,,,,,,,,,0.317,-0.52,0.702,0,,,,
54811,20231125,-88.85,41.84,0.317,-0.32,0.452,0,0.323,-0.67,1,0,0.294,-0.76,1,0,,,,,,,,,0.32,-0.51,0.655,0,,,,
54811,20231126,-88.85,41.84,0.323,-0.25,0.31,0,0.324,-0.67,1,0,0.294,-0.77,1,0,,,,,,,,,0.323,-0.49,0.655,0,,,,
54811,20231127,-88.85,41.84,0.33,-0.16,0.167,0,0.326,-0.67,1,0,0.294,-0.77,1,0,,,,,,,,,0.328,-0.46,0.565,0,,,,
54811,20231128,-88.85,41.84,0.34,-0.06,0.024,0,0.327,-0.65,1,0,0.293,-0.78,1,0,,,,,,,,,0.333,-0.41,0.423,0,,,,
54811,20231129,-88.85,41.84,0.343,-0.04,0,0,0.329,-0.64,1,0,0.293,-0.79,1,0,,,,,,,,,0.336,-0.4,0.304,0,,,,
54811,20231130,-88.85,41.84,0.344,-0.05,0,0,0.33,-0.64,1,0,0.293,-0.8,1,0,,,,,,,,,0.337,-0.41,0.387,0,,,,
54811,20231201,-88.85,41.84,0.346,-0.06,0,0,0.33,-0.64,1,0,0.292,-0.81,1,0,,,,,,,,,0.338,-0.43,0.506,0,,,,
54811,20231202,-88.85,41.84,0.358,0.04,0,0.137,0.34,-0.53,0.863,0,0.299,-0.72,0.863,0,,,,,,,,,0.349,-0.31,0.411,0.113,,,,
54811,20231203,-88.85,41.84,0.369,0.14,0,0.28,0.351,-0.43,0.72,0.006,0.307,-0.63,0.72,0,,,,,,,,,0.36,-0.2,0.268,0.149,,,,
54811,20231204,-88.85,41.84,0.379,0.23,0,0.423,0.361,-0.32,0.577,0.006,0.316,-0.51,0.577,0,,,,,,,,,0.37,-0.08,0.214,0.262,,,,
54811,20231205,-88.85,41.84,0.386,0.28,0,0.565,0.37,-0.23,0.435,0.006,0.323,-0.42,0.435,0,,,,,,,,,0.378,0,0.214,0.262,,,,
54811,20231206,-88.85,41.84,0.395,0.36,0,0.708,0.379,-0.14,0.292,0.006,0.33,-0.33,0.292,0,,,,,,,,,0.387,0.1,0.214,0.357,,,,
54811,20231207,-88.85,41.84,0.404,0.44,0,0.851,0.387,-0.06,0.149,0.006,0.337,-0.25,0.149,0,,,,,,,,,0.395,0.19,0.125,0.363,,,,
54811,20231208,-88.85,41.84,0.411,0.51,0,0.982,0.395,0.02,0.006,0.006,0.344,-0.18,0.006,0,,,,,,,,,0.403,0.28,0,0.363,,,,
54811,20231209,-88.85,41.84,0.409,0.47,0,0.887,0.394,-0.02,0,0.024,0.343,-0.2,0,0,,,,,,,,,0.401,0.26,0,0.274,,,,
54811,20231210,-88.85,41.84,0.41,0.48,0,0.887,0.395,-0.01,0,0.036,0.344,-0.18,0,0,,,,,,,,,0.403,0.3,0,0.381,,,,
54811,20231211,-88.85,41.84,0.409,0.45,0,0.887,0.394,-0.04,0,0.036,0.342,-0.22,0,0,,,,,,,,,0.401,0.28,0,0.345,,,,
54811,20231212,-88.85,41.84,0.409,0.43,0,0.768,0.393,-0.07,0,0.036,0.341,-0.24,0,0,,,,,,,,,0.401,0.28,0,0.345,,,,
54811,20231213,-88.85,41.84,0.407,0.39,0,0.625,0.392,-0.1,0,0.036,0.34,-0.26,0,0,,,,,,,,,0.399,0.25,0,0.25,,,,
54811,20231214,-88.85,41.84,0.406,0.35,0,0.482,0.39,-0.14,0,0.036,0.339,-0.28,0,0,,,,,,,,,0.398,0.22,0,0.244,,,,
54811,20231215,-88.85,41.84,0.405,0.32,0,0.351,0.389,-0.17,0.024,0.036,0.339,-0.3,0,0,,,,,,,,,0.397,0.19,0,0.244,,,,
54811,20231216,-88.85,41.84,0.403,0.28,0,0.31,0.387,-0.22,0.167,0.018,0.338,-0.33,0,0,,,,,,,,,0.395,0.15,0,0.22,,,,
54811,20231217,-88.85,41.84,0.402,0.25,0,0.268,0.386,-0.25,0.214,0,0.335,-0.38,0,0,,,,,,,,,0.394,0.11,0,0.173,,,,
54811,20231218,-88.85,41.84,0.404,0.26,0,0.268,0.387,-0.24,0.214,0,0.335,-0.38,0,0,,,,,,,,,0.395,0.13,0,0.238,,,,
54811,20231219,-88.85,41.84,0.405,0.27,0,0.387,0.387,-0.23,0.214,0,0.336,-0.38,0,0,,,,,,,,,0.396,0.14,0,0.327,,,,
54811,20231220,-88.85,41.84,0.406,0.27,0,0.399,0.388,-0.22,0.214,0,0.337,-0.39,0,0,,,,,,,,,0.397,0.14,0,0.327,,,,
54811,20231221,-88.85,41.84,0.406,0.27,0,0.414,0.388,-0.22,0.214,0,0.337,-0.41,0,0,,,,,,,,,0.397,0.14,0,0.34,,,,
54811,20231222,-88.85,41.84,0.407,0.3,0,0.486,0.389,-0.21,0.19,0,0.338,-0.43,0.06,0,,,,,,,,,0.398,0.17,0,0.399,,,,
54811,20231223,-88.85,41.84,0.41,0.34,0,0.588,0.392,-0.15,0.048,0.03,0.34,-0.4,0.107,0,,,,,,,,,0.401,0.23,0,0.482,,,,
54811,20231224,-88.85,41.84,0.411,0.32,0,0.556,0.394,-0.12,0,0.03,0.343,-0.37,0.107,0,,,,,,,,,0.402,0.2,0,0.433,,,,
54811,20231225,-88.85,41.84,0.411,0.25,0,0.394,0.394,-0.12,0,0.03,0.343,-0.38,0.107,0,,,,,,,,,0.402,0.11,0,0.227,,,,
54811,20231226,-88.85,41.84,0.415,0.19,0,0.048,0.397,-0.05,0,0.089,0.346,-0.33,0.107,0.042,,,,,,,,,0.406,0.04,0,0,,,,
54811,20231227,-88.85,41.84,0.419,0.16,0,0,0.4,0.01,0,0.089,0.349,-0.29,0.107,0.042,,,,,,,,,0.41,0,0,0,,,,
54811,20231228,-88.85,41.84,0.422,,,,0.403,0.04,0,0.089,0.352,-0.26,0.107,0.042,,,,,,,,,0.412,,,,,,,
54811,20231229,-88.85,41.84,0.426,,,,0.406,0.1,0,0.089,0.355,-0.22,0.048,0.042,,,,,,,,,0.416,,,,,,,
54811,20231230,-88.85,41.84,0.427,,,,0.408,0.11,0,0.06,0.356,-0.2,0,0.042,,,,,,,,,0.417,,,,,,,
54811,20231231,-88.85,41.84,0.427,,,,0.407,0.11,0,0.065,0.356,-0.23,0,0.042,,,,,,,,,0.417,,,,,,,
54811,20240101,-88.85,41.84,0.426,,,,0.407,0.12,0,0.078,0.355,-0.27,0.083,0.042,,,,,,,,,0.417,,,,,,,
54811,20240102,-88.85,41.84,0.423,,,,0.404,0.08,0,0,0.353,-0.34,0.226,0,,,,,,,,,0.413,,,,,,,
54811,20240103,-88.85,41.84,0.42,,,,0.402,0.05,0,0,0.35,-0.42,0.369,0,,,,,,,,,0.411,,,,,,,
54811,20240104,-88.85,41.84,0.419,,,,0.401,0.08,0,0,0.349,-0.47,0.512,0,,,,,,,,,0.41,,,,,,,
54811,20240105,-88.85,41.84,0.416,,,,0.399,0.1,0,0,0.346,-0.54,0.655,0,,,,,,,,,0.407,,,,,,,
54811,20240106,-88.85,41.84,0.413,,,,0.395,0.02,0,0,0.343,-0.63,0.798,0,,,,,,,,,0.404,,,,,,,
54811,20240107,-88.85,41.84,0.411,,,,0.393,,,,0.341,-0.69,0.94,0,,,,,,,,,0.402,,,,,,,
54811,20240108,-88.85,41.84,0.412,,,,0.392,,,,0.34,-0.74,1,0,,,,,,,,,0.402,,,,,,,
54811,20240109,-88.85,41.84,0.413,,,,0.391,,,,0.339,-0.79,1,0,,,,,,,,,0.402,,,,,,,
54811,20240110,-88.85,41.84,0.415,,,,0.392,,,,0.339,-0.81,1,0,,,,,,,,,0.403,,,,,,,
54811,20240111,-88.85,41.84,0.417,,,,0.393,,,,0.34,-0.83,1,0,,,,,,,,,0.405,,,,,,,
54811,20240112,-88.85,41.84,0.419,,,,0.394,,,,0.341,-0.84,1,0,,,,,,,,,0.406,,,,,,,
54811,20240113,-88.85,41.84,0.421,,,,0.395,,,,0.342,-0.86,1,0,,,,,,,,,0.408,,,,,,,
54811,20240114,-88.85,41.84,0.422,,,,0.396,,,,0.343,-0.86,1,0,,,,,,,,,0.409,,,,,,,
54811,20240115,-88.85,41.84,0.423,,,,0.397,,,,0.344,-0.86,1,0,,,,,,,,,0.41,,,,,,,
54811,20240116,-88.85,41.84,0.423,,,,0.398,,,,0.345,-0.84,1,0,,,,,,,,,0.41,,,,,,,
54811,20240117,-88.85,41.84,0.422,,,,0.398,,,,0.344,,,,,,,,,,,,0.41,,,,,,,
54811,20240118,-88.85,41.84,0.42,,,,0.397,,,,0.343,,,,,,,,,,,,0.409,,,,,,,
54811,20240119,-88.85,41.84,0.419,,,,0.397,,,,0.342,,,,,,,,,,,,0.408,,,,,,,
54811,20240120,-88.85,41.84,0.418,,,,0.397,,,,0.34,,,,,,,,,,,,0.408,,,,,,,
54811,20240121,-88.85,41.84,0.417,,,,0.396,,,,0.339,,,,,,,,,,,,0.407,,,,,,,
54811,20240122,-88.85,41.84,0.415,,,,0.396,,,,0.338,,,,,,,,,,,,0.406,,,,,,,
54811,20240123,-88.85,41.84,0.414,,,,0.395,,,,0.337,,,,,,,,,,,,0.404,,,,,,,
54811,20240124,-88.85,41.84,0.413,,,,0.396,,,,0.337,,,,,,,,,,,,0.404,,,,,,,
54811,20240125,-88.85,41.84,0.414,,,,0.397,,,,0.338,,,,,,,,,,,,0.406,,,,,,,
54811,20240126,-88.85,41.84,0.417,,,,0.4,,,,0.341,,,,,,,,,,,,0.408,,,,,,,
54811,20240127,-88.85,41.84,0.42,,,,0.404,,,,0.345,,,,,,,,,,,,0.412,,,,,,,
54811,20240128,-88.85,41.84,0.423,,,,0.408,,,,0.35,,,,,,,,,,,,0.416,,,,,,,
54811,20240129,-88.85,41.84,0.428,,,,0.413,,,,0.354,,,,,,,,,,,,0.42,,,,,,,
54811,20240130,-88.85,41.84,0.432,,,,0.416,,,,0.359,,,,,,,,,,,,0.424,,,,,,,
54811,20240131,-88.85,41.84,0.437,,,,0.42,,,,0.362,,,,,,,,,,,,0.428,,,,,,,
54811,20240201,-88.85,41.84,0.439,,,,0.421,,,,0.364,,,,,,,,,,,,0.43,,,,,,,
54811,20240202,-88.85,41.84,0.441,,,,0.422,,,,0.364,,,,,,,,,,,,0.431,,,,,,,
54811,20240203,-88.85,41.84,0.442,,,,0.42,,,,0.363,,,,,,,,,,,,0.431,,,,,,,
54811,20240204,-88.85,41.84,0.441,,,,0.419,,,,0.361,,,,,,,,,,,,0.43,,,,,,,
54811,20240205,-88.85,41.84,0.439,,,,0.417,,,,0.358,,,,,,,,,,,,0.428,,,,,,,
54811,20240206,-88.85,41.84,0.438,,,,0.415,,,,0.356,,,,,,,,,,,,0.427,,,,,,,
54811,20240207,-88.85,41.84,0.436,,,,0.413,,,,0.353,,,,,,,,,,,,0.425,,,,,,,
54811,20240208,-88.85,41.84,0.434,,,,0.412,,,,0.351,,,,,,,,,,,,0.423,,,,,,,
54811,20240209,-88.85,41.84,0.431,,,,0.41,,,,0.348,,,,,,,,,,,,0.42,,,,,,,
54811,20240210,-88.85,41.84,0.429,,,,0.409,,,,0.346,,,,,,,,,,,,0.419,,,,,,,
54811,20240211,-88.85,41.84,0.428,,,,0.407,,,,0.345,,,,,,,,0.294,,,,0.418,,,,,,,
54811,20240212,-88.85,41.84,0.426,,,,0.406,,,,0.344,,,,,,,,0.293,,,,0.416,,,,,,,
54811,20240213,-88.85,41.84,0.425,,,,0.405,,,,0.342,,,,,,,,0.291,,,,0.415,,,,,,,
54811,20240214,-88.85,41.84,0.423,,,,0.404,,,,0.341,,,,,,,,0.289,,,,0.414,,,,,,,
54811,20240215,-88.85,41.84,0.422,,,,0.403,,,,0.34,,,,,,,,0.288,,,,0.412,,,,,,,
54811,20240216,-88.85,41.84,0.421,,,,0.402,,,,0.339,,,,,,,,0.287,,,,0.411,,,,,,,
54811,20240217,-88.85,41.84,0.419,,,,0.401,,,,0.338,,,,,,,,0.286,,,,0.41,,,,,,,
54811,20240218,-88.85,41.84,0.415,,,,0.4,,,,0.337,,,,,,,,0.285,,,,0.408,,,,,,,
54811,20240219,-88.85,41.84,0.406,,,,0.399,,,,0.337,,,,,,,,0.284,,,,0.403,,,,,,,
54811,20240220,-88.85,41.84,0.394,,,,0.399,,,,0.336,,,,,,,,0.283,,,,0.396,,,,,,,
54811,20240221,-88.85,41.84,0.389,,,,0.398,,,,0.335,,,,,,,,0.282,,,,0.393,,,,,,,
54811,20240222,-88.85,41.84,0.388,,,,0.397,,,,0.335,,,,,,,,0.282,,,,0.393,,,,,,,
54811,20240223,-88.85,41.84,0.386,,,,0.397,,,,0.335,,,,,,,,0.281,,,,0.392,,,,,,,
54811,20240224,-88.85,41.84,0.385,,,,0.396,,,,0.334,,,,,,,,0.281,,,,0.391,,,,,,,
54811,20240225,-88.85,41.84,0.387,,,,0.395,,,,0.334,,,,,,,,0.281,,,,0.391,,,,,,,
54811,20240226,-88.85,41.84,0.394,,,,0.395,,,,0.334,,,,,,,,0.28,,,,0.394,,,,,,,
54811,20240227,-88.85,41.84,0.403,,,,0.394,,,,0.334,,,,,,,,0.28,,,,0.399,,,,,,,
54811,20240228,-88.85,41.84,0.41,,,,0.398,,,,0.337,,,,,,,,0.28,,,,0.404,,,,,,,
54811,20240229,-88.85,41.84,0.415,,,,0.401,,,,0.341,,,,,,,,,,,,0.408,,,,,,,
54811,20240301,-88.85,41.84,0.418,,,,0.404,,,,0.344,,,,,,,,,,,,0.411,,,,,,,
54811,20240302,-88.85,41.84,0.422,,,,0.406,,,,0.346,,,,,,,,,,,,0.414,,,,,,,
54811,20240303,-88.85,41.84,0.426,,,,0.409,,,,0.349,,,,,,,,,,,,0.417,,,,,,,
54811,20240304,-88.85,41.84,0.429,,,,0.411,,,,0.351,,,,,,,,,,,,0.42,,,,,,,
54811,20240305,-88.85,41.84,0.435,,,,0.416,,,,0.355,,,,,,,,,,,,0.426,,,,,,,
54811,20240306,-88.85,41.84,0.448,,,,0.425,,,,0.354,,,,,,,,,,,,0.437,,,,,,,
54811,20240307,-88.85,41.84,0.458,,,,0.432,,,,0.352,,,,,,,,,,,,0.445,,,,,,,
54811,20240308,-88.85,41.84,0.469,,,,0.439,,,,0.349,,,,,,,,,,,,0.454,,,,,,,
54811,20240309,-88.85,41.84,0.484,,,,0.451,,,,0.352,,,,,,,,,,,,0.467,,,,,,,
54811,20240310,-88.85,41.84,0.497,,,,0.46,,,,0.353,,,,,,,,,,,,0.479,,,,,,,
54811,20240311,-88.85,41.84,0.509,,,,0.468,,,,0.352,,,,,,,,,,,,0.489,,,,,,,
54811,20240312,-88.85,41.84,0.518,,,,0.473,,,,0.349,,,,,,,,,,,,0.495,,,,,,,
54811,20240313,-88.85,41.84,0.514,,,,0.469,,,,0.346,,,,,,,,,,,,0.492,,,,,,,
54811,20240314,-88.85,41.84,0.512,,,,0.468,,,,0.345,,,,,,,,,,,,0.49,,,,,,,
54811,20240315,-88.85,41.84,0.516,,,,0.472,,,,0.349,,,,,,,,,,,,0.494,,,,,,,
54811,20240316,-88.85,41.84,0.512,2.16,0,1,0.469,,,,0.345,,,,,,,,,,,,0.491,,,,,,,
54811,20240317,-88.85,41.84,0.51,2.08,0,1,0.467,,,,0.343,,,,,,,,,,,,0.488,,,,,,,
54811,20240318,-88.85,41.84,0.508,1.97,0,1,0.465,,,,0.342,,,,,,,,,,,,0.486,,,,,,,
54811,20240319,-88.85,41.84,0.505,1.87,0,1,0.464,0.66,0,1,0.341,-0.85,1,0,,,,,0.299,,,,0.485,,,,,,,
54811,20240320,-88.85,41.84,0.503,1.81,0,1,0.462,0.61,0,1,0.34,-0.88,1,0,,,,,0.298,,,,0.483,1.32,0,1,,,,
54811,20240321,-88.85,41.84,0.501,1.76,0,1,0.461,0.59,0,1,0.339,-0.92,1,0,,,,,0.296,,,,0.481,1.26,0,1,,,,
54811,20240322,-88.85,41.84,0.493,1.72,0,1,0.454,0.57,0,1,0.332,-0.95,1,0,,,,,0.294,,,,0.474,1.23,0,1,,,,
54811,20240323,-88.85,41.84,0.487,1.67,0,1,0.45,0.55,0,1,0.329,-0.98,1,0,,,,,0.293,,,,0.468,1.21,0,1,,,,
54811,20240324,-88.85,41.84,0.482,1.63,0,1,0.447,0.54,0,1,0.326,-1,1,0,,,,,0.291,,,,0.464,1.2,0,1,,,,
54811,20240325,-88.85,41.84,0.477,1.58,0,1,0.444,0.52,0,1,0.324,-1.03,1,0,,,,,0.29,,,,0.461,1.18,0,1,,,,
54811,20240326,-88.85,41.84,0.48,1.65,0,1,0.448,0.59,0,1,0.328,-0.93,0.917,0.042,,,,,0.289,,,,0.464,1.3,0,1,,,,
54811,20240327,-88.85,41.84,0.486,1.78,0,1,0.454,0.69,0,1,0.334,-0.81,0.78,0.042,,,,,,,,,0.47,1.46,0,1,,,,
54811,20240328,-88.85,41.84,0.491,1.88,0,1,0.457,0.74,0,1,0.337,-0.75,0.78,0.042,,,,,,,,,0.474,1.55,0,1,,,,
54811,20240329,-88.85,41.84,0.494,1.96,0,1,0.46,0.79,0,1,0.34,-0.7,0.78,0.042,,,,,,,,,0.477,1.64,0,1,,,,
54811,20240330,-88.85,41.84,0.498,2.04,0,1,0.463,0.83,0,1,0.342,-0.67,0.778,0.042,,,,,,,,,0.48,1.72,0,1,,,,
54811,20240331,-88.85,41.84,0.502,2.13,0,1,0.466,0.87,0,1,0.344,-0.62,0.778,0.042,,,,,,,,,0.484,1.8,0,1,,,,
54811,20240401,-88.85,41.84,0.507,2.24,0,1,0.468,0.91,0,1,0.347,-0.58,0.778,0.042,,,,,,,,,0.488,1.89,0,1,,,,
54811,20240402,-88.85,41.84,0.51,2.34,0,1,0.469,0.93,0,1,0.347,-0.57,0.79,0,,,,,,,,,0.49,1.94,0,1,,,,
54811,20240403,-88.85,41.84,0.513,2.41,0,1,0.471,0.95,0,1,0.349,-0.53,0.784,0.054,,,,,,,,,0.492,1.98,0,1,,,,
54811,20240404,-88.85,41.84,0.517,2.51,0,1,0.475,1.02,0,1,0.352,-0.44,0.641,0.06,,,,,,,,,0.496,2.06,0,1,,,,
54811,20240405,-88.85,41.84,0.521,2.58,0,1,0.477,1.05,0,1,0.354,-0.39,0.539,0.06,,,,,,,,,0.499,2.11,0,1,,,,
54811,20240406,-88.85,41.84,0.524,2.64,0,1,0.479,1.09,0,1,0.356,-0.35,0.542,0.06,,,,,,,,,0.501,2.17,0,1,,,,
54811,20240407,-88.85,41.84,0.526,2.69,0,1,0.48,1.11,0,1,0.357,-0.33,0.542,0.06,,,,,,,,,0.503,2.21,0,1,,,,
54811,20240408,-88.85,41.84,0.531,2.77,0,1,0.483,1.18,0,1,0.36,-0.26,0.446,0.06,,,,,,,,,0.507,2.29,0,1,,,,
54811,20240409,-88.85,41.84,0.53,2.73,0,1,0.483,1.18,0,1,0.359,-0.28,0.446,0.06,,,,,,,,,0.507,2.28,0,1,,,,
54811,20240410,-88.85,41.84,0.525,2.62,0,1,0.478,1.12,0,1,0.354,-0.4,0.589,0.006,,,,,,,,,0.502,2.18,0,1,,,,
54811,20240411,-88.85,41.84,0.52,2.48,0,1,0.472,1.05,0,1,0.349,-0.52,0.732,0,,,,,,,,,0.496,2.06,0,1,,,,
54811,20240412,-88.85,41.84,0.515,2.36,0,1,0.469,1,0,1,0.346,-0.58,0.833,0,,,,,,,,,0.492,1.97,0,1,,,,
54811,20240413,-88.85,41.84,0.509,2.23,0,1,0.465,0.96,0,1,0.344,-0.63,0.833,0,,,,,,,,,0.487,1.86,0,1,,,,
54811,20240414,-88.85,41.84,0.5,2.06,0,1,0.461,0.91,0,1,0.342,-0.66,0.833,0,,,,,0.296,,,,0.481,1.73,0,1,,,,
54811,20240415,-88.85,41.84,0.482,1.76,0,1,0.453,0.8,0,1,0.337,-0.75,0.929,0,,,,,0.294,,,,0.468,1.49,0,1,,,,
54811,20240416,-88.85,41.84,0.459,1.41,0,0.899,0.442,0.66,0,0.887,0.332,-0.84,1,0,,,,,0.292,,,,0.451,1.19,0,0.893,,,,
54811,20240417,-88.85,41.84,0.433,1.05,0,0.756,0.431,0.5,0,0.744,0.327,-0.9,1,0,,,,,0.291,,,,0.432,0.89,0,0.75,,,,
54811,20240418,-88.85,41.84,0.408,0.71,0,0.613,0.419,0.35,0,0.601,0.324,-0.94,1,0,,,,,0.29,,,,0.413,0.6,0.024,0.607,,,,
54811,20240419,-88.85,41.84,0.384,0.39,0.03,0.47,0.406,0.19,0,0.458,0.32,-0.98,1,0,,,,,0.289,,,,0.395,0.31,0.167,0.464,,,,
54811,20240420,-88.85,41.84,0.359,0.1,0.167,0.327,0.393,0.02,0.131,0.315,0.316,-1.01,1,0,,,,,0.288,,,,0.376,0.02,0.31,0.321,,,,
54811,20240421,-88.85,41.84,0.338,-0.15,0.31,0.185,0.379,-0.16,0.274,0.173,0.313,-1.04,1,0,,,,,0.287,,,,0.358,-0.24,0.452,0.179,,,,
54811,20240422,-88.85,41.84,0.321,-0.33,0.452,0.042,0.366,-0.32,0.417,0.03,0.309,-1.08,1,0,,,,,0.286,,,,0.344,-0.44,0.595,0.036,,,,
54811,20240423,-88.85,41.84,0.31,-0.44,0.595,0,0.355,-0.45,0.56,0,0.305,-1.11,1,0,,,,,0.286,,,,0.332,-0.58,0.738,0,,,,
54811,20240424,-88.85,41.84,0.301,-0.5,0.738,0,0.345,-0.57,0.702,0,0.301,-1.15,1,0,,,,,0.285,,,,0.323,-0.69,0.881,0,,,,
54811,20240425,-88.85,41.84,0.292,-0.56,0.881,0,0.335,-0.69,0.845,0,0.296,-1.2,1,0,,,,,0.285,,,,0.314,-0.78,1,0,,,,
54811,20240426,-88.85,41.84,0.284,-0.62,0.994,0,0.324,-0.81,0.988,0,0.291,-1.26,1,0,,,,,0.284,,,,0.304,-0.87,1,0,,,,
54811,20240427,-88.85,41.84,0.276,-0.65,1,0,0.315,-0.91,1,0,0.286,-1.32,1,0,,,,,0.284,,,,0.295,-0.94,1,0,,,,
54811,20240428,-88.85,41.84,0.272,-0.66,1,0,0.309,-0.96,0.982,0,0.282,-1.37,1,0,,,,,0.283,,,,0.29,-0.96,0.988,0,,,,
54811,20240429,-88.85,41.84,0.272,-0.62,0.857,0,0.32,-0.81,0.839,0.101,0.279,-1.38,1,0,,,,,0.283,,,,0.296,-0.85,0.845,0,,,,
54811,20240430,-88.85,41.84,0.276,-0.55,0.714,0,0.332,-0.65,0.696,0.19,0.277,-1.38,1,0,,,,,0.283,,,,0.304,-0.72,0.702,0,,,,
54811,20240501,-88.85,41.84,0.28,-0.48,0.571,0,0.343,-0.5,0.554,0.19,0.275,-1.38,1,0,,,,,0.282,,,,0.311,-0.6,0.56,0,,,,
54811,20240502,-88.85,41.84,0.284,-0.42,0.429,0,0.351,-0.38,0.411,0.19,0.274,-1.35,1,0,,,,,0.282,,,,0.317,-0.49,0.423,0,,,,
54811,20240503,-88.85,41.84,0.287,-0.36,0.286,0,0.357,-0.27,0.393,0.19,0.274,-1.31,1,0,,,,,0.281,,,,0.322,-0.4,0.411,0,,,,
54811,20240504,-88.85,41.84,0.288,-0.31,0.143,0,0.362,-0.17,0.393,0.19,0.273,-1.28,1,0,,,,,0.281,,,,0.325,-0.32,0.411,0,,,,
54811,20240505,-88.85,41.84,0.288,-0.28,0,0,0.367,-0.09,0.327,0.19,0.272,-1.26,1,0,,,,,0.281,,,,0.327,-0.26,0.339,0,,,,
54811,20240506,-88.85,41.84,0.283,-0.29,0,0,0.357,-0.18,0.327,0.089,0.269,-1.27,1,0,,,,,0.28,,,,0.32,-0.32,0.345,0,,,,
54811,20240507,-88.85,41.84,0.275,-0.34,0,0,0.343,-0.3,0.435,0,0.265,-1.28,1,0,,,,,0.28,,,,0.309,-0.4,0.488,0,,,,
54811,20240508,-88.85,41.84,0.27,-0.35,0,0,0.341,-0.31,0.44,0,0.263,-1.29,1,0,,,,,0.28,,,,0.306,-0.41,0.494,0,,,,
54811,20240509,-88.85,41.84,0.271,-0.33,0,0,0.339,-0.3,0.44,0.006,0.26,-1.3,1,0,,,,,0.28,,,,0.305,-0.39,0.488,0,,,,
54811,20240510,-88.85,41.84,0.277,-0.26,0,0,0.351,-0.19,0.315,0.06,0.259,-1.28,1,0,,,,,0.279,,,,0.314,-0.29,0.357,0,,,,
54811,20240511,-88.85,41.84,0.283,-0.21,0,0,0.362,-0.08,0.173,0.06,0.257,-1.26,1,0,,,,,0.279,,,,0.322,-0.2,0.214,0,,,,
54811,20240512,-88.85,41.84,0.287,-0.16,0,0,0.366,-0.03,0.113,0.06,0.256,-1.24,1,0,,,,,0.279,,,,0.327,-0.14,0.155,0,,,,
54811,20240513,-88.85,41.84,0.29,-0.14,0,0,0.367,-0.01,0.113,0.06,0.254,-1.21,1,0,,,,,0.279,,,,0.328,-0.12,0.149,0,,,,
54811,20240514,-88.85,41.84,0.291,-0.12,0.006,0,0.367,0.01,0.054,0.06,0.253,-1.17,1,0,,,,,,,,,0.329,-0.09,0.149,0,,,,
54811,20240515,-88.85,41.84,0.29,-0.12,0.012,0,0.359,-0.05,0.19,0.06,0.251,-1.14,1,0,,,,,,,,,0.324,-0.12,0.286,0,,,,
54811,20240516,-88.85,41.84,0.285,-0.15,0.083,0,0.351,-0.09,0.333,0.054,0.249,-1.11,1,0,,,,,,,,,0.318,-0.15,0.429,0,,,,
54811,20240517,-88.85,41.84,0.274,-0.21,0.226,0,0.333,-0.23,0.476,0,0.246,-1.09,1,0,,,,,,,,,0.303,-0.26,0.571,0,,,,
54811,20240518,-88.85,41.84,0.265,-0.27,0.35,0,0.316,-0.34,0.607,0,0.242,-1.08,1,0,,,,,,,,,0.29,-0.35,0.706,0,,,,
54811,20240519,-88.85,41.84,0.254,-0.33,0.497,0,0.299,-0.44,0.755,0,0.238,-1.08,1,0,,,,,,,,,0.277,-0.44,0.853,0,,,,
54811,20240520,-88.85,41.84,0.244,-0.38,0.644,0,0.286,-0.52,0.902,0,0.233,-1.08,1,0,,,,,,,,,0.265,-0.51,1,0,,,,
54811,20240521,-88.85,41.84,0.235,-0.41,0.785,0,0.274,-0.58,1,0,0.228,-1.08,1,0,,,,,,,,,0.255,-0.56,1,0,,,,
54811,20240522,-88.85,41.84,0.226,-0.45,0.926,0,0.263,-0.63,1,0,0.221,-1.1,1,0,,,,,,,,,0.244,-0.62,1,0,,,,
54811,20240523,-88.85,41.84,0.219,-0.48,1,0,0.252,-0.67,1,0,0.214,-1.13,1,0,,,,,,,,,0.236,-0.65,1,0,,,,
54811,20240524,-88.85,41.84,0.213,-0.5,1,0,0.243,-0.7,1,0,0.205,-1.15,1,0,,,,,,,,,0.228,-0.68,1,0,,,,
54811,20240525,-88.85,41.84,0.208,-0.51,1,0,0.239,-0.7,1,0,0.198,-1.17,1,0,,,,,,,,,0.224,-0.68,1,0,,,,
54811,20240526,-88.85,41.84,0.206,-0.5,1,0,0.236,-0.68,1,0,0.191,-1.18,1,0,,,,,,,,,0.221,-0.67,1,0,,,,
54811,20240527,-88.85,41.84,0.208,-0.47,0.881,0,0.249,-0.56,0.875,0.018,0.186,-1.17,1,0,,,,,,,,,0.229,-0.58,0.875,0,,,,
54811,20240528,-88.85,41.84,0.211,-0.44,0.851,0,0.26,-0.45,0.732,0.018,0.182,-1.15,1,0,,,,,,,,,0.235,-0.5,0.732,0,,,,
54811,20240529,-88.85,41.84,0.213,-0.41,0.851,0,0.267,-0.36,0.589,0.018,0.179,-1.12,1,0,,,,,,,,,0.24,-0.43,0.589,0,,,,
54811,20240530,-88.85,41.84,0.212,-0.4,0.851,0,0.273,-0.3,0.446,0.018,0.177,-1.09,1,0,,,,,,,,,0.242,-0.38,0.548,0,,,,
54811,20240531,-88.85,41.84,0.211,-0.4,0.851,0,0.275,-0.25,0.429,0.018,0.175,-1.06,1,0,,,,,,,,,0.243,-0.35,0.548,0,,,,
54811,20240601,-88.85,41.84,0.212,-0.38,0.851,0,0.274,-0.25,0.429,0.018,0.174,-1.04,1,0,,,,,,,,,0.243,-0.33,0.548,0,,,,
54811,20240602,-88.85,41.84,0.21,-0.38,0.851,0,0.271,-0.25,0.429,0.018,0.173,-1.02,1,0,,,,,,,,,0.24,-0.33,0.548,0,,,,
54811,20240603,-88.85,41.84,0.206,-0.4,0.97,0,0.254,-0.36,0.554,0,0.172,-1.01,1,0,,,,,,,,,0.23,-0.4,0.673,0,,,,
54811,20240604,-88.85,41.84,0.203,-0.41,1,0,0.24,-0.45,0.696,0,0.171,-1.01,1,0,,,,,,,,,0.222,-0.45,0.815,0,,,,
54811,20240605,-88.85,41.84,0.201,-0.41,1,0,0.23,-0.51,0.839,0,0.169,-1,1,0,,,,,,,,,0.216,-0.49,0.958,0,,,,
54811,20240606,-88.85,41.84,0.2,-0.41,1,0,0.223,-0.55,0.982,0,0.168,-1,1,0,,,,,,,,,0.212,-0.51,1,0,,,,
54811,20240607,-88.85,41.84,0.199,-0.4,1,0,0.219,-0.57,1,0,0.167,-0.99,1,0,,,,,,,,,0.209,-0.52,1,0,,,,
54811,20240608,-88.85,41.84,0.197,-0.4,1,0,0.216,-0.58,1,0,0.165,-0.99,1,0,,,,,,,,,0.207,-0.52,1,0,,,,
54811,20240609,-88.85,41.84,0.195,-0.41,1,0,0.213,-0.59,1,0,0.163,-0.99,1,0,,,,,,,,,0.204,-0.53,1,0,,,,
54811,20240610,-88.85,41.84,0.193,-0.41,1,0,0.211,-0.6,1,0,0.162,-0.99,1,0,,,,,,,,,0.202,-0.54,1,0,,,,
54811,20240611,-88.85,41.84,0.19,-0.43,1,0,0.208,-0.61,1,0,0.16,-0.99,1,0,,,,,,,,,0.199,-0.54,1,0,,,,
54811,20240612,-88.85,41.84,0.187,-0.44,1,0,0.205,-0.62,1,0,0.158,-0.99,1,0,,,,,,,,,0.196,-0.56,1,0,,,,
54811,20240613,-88.85,41.84,0.184,-0.46,1,0,0.203,-0.64,1,0,0.155,-1,1,0,,,,,,,,,0.193,-0.57,1,0,,,,
54811,20240614,-88.85,41.84,0.182,-0.48,1,0,0.201,-0.65,1,0,0.154,-1.01,1,0,,,,,,,,,0.191,-0.59,1,0,,,,
54811,20240615,-88.85,41.84,0.18,-0.5,1,0,0.199,-0.66,1,0,0.152,-1.01,1,0,,,,,,,,,0.189,-0.6,1,0,,,,
54811,20240616,-88.85,41.84,0.178,-0.52,1,0,0.198,-0.67,1,0,0.151,-1.02,1,0,,,,,,,,,0.188,-0.61,1,0,,,,
54811,20240617,-88.85,41.84,0.176,-0.54,1,0,0.196,-0.68,1,0,0.149,-1.03,1,0,,,,,,,,,0.186,-0.62,1,0,,,,
54811,20240618,-88.85,41.84,0.175,-0.55,1,0,0.195,-0.69,1,0,0.148,-1.04,1,0,,,,,,,,,0.185,-0.63,1,0,,,,
54811,20240619,-88.85,41.84,0.173,-0.56,1,0,0.194,-0.69,1,0,0.147,-1.04,1,0,,,,,,,,,0.184,-0.64,1,0,,,,
54811,20240620,-88.85,41.84,0.172,-0.57,1,0,0.193,-0.69,1,0,0.146,-1.05,1,0,,,,,,,,,0.183,-0.65,1,0,,,,
54811,20240621,-88.85,41.84,0.171,-0.58,1,0,0.192,-0.69,1,0,0.145,-1.06,1,0,,,,,,,,,0.181,-0.65,1,0,,,,
54811,20240622,-88.85,41.84,0.17,-0.6,1,0,0.193,-0.69,0.994,0,0.144,-1.06,1,0,,,,,,,,,0.181,-0.66,1,0,,,,
54811,20240623,-88.85,41.84,0.177,-0.57,0.946,0,0.207,-0.59,0.94,0.048,0.154,-0.99,0.952,0.024,,,,,,,,,0.192,-0.6,0.946,0.036,,,,
54811,20240624,-88.85,41.84,0.193,-0.49,0.804,0,0.238,-0.39,0.798,0.19,0.181,-0.81,0.81,0.024,,,,,,,,,0.215,-0.46,0.804,0.036,,,,
54811,20240625,-88.85,41.84,0.207,-0.42,0.661,0,0.265,-0.21,0.655,0.333,0.205,-0.65,0.667,0.024,,,,,,,,,0.236,-0.34,0.661,0.036,,,,
54811,20240626,-88.85,41.84,0.229,-0.31,0.518,0.006,0.302,0.03,0.512,0.476,0.234,-0.44,0.524,0.071,,,,,,,,,0.265,-0.16,0.518,0.179,,,,
54811,20240627,-88.85,41.84,0.249,-0.2,0.375,0.006,0.335,0.25,0.369,0.619,0.261,-0.25,0.381,0.071,,,,,,,,,0.292,0,0.375,0.321,,,,
54811,20240628,-88.85,41.84,0.268,-0.1,0.232,0.006,0.365,0.45,0.226,0.762,0.287,-0.07,0.238,0.071,,,,,,,,,0.316,0.15,0.232,0.345,,,,
54811,20240629,-88.85,41.84,0.29,0.02,0.089,0.006,0.397,0.66,0.089,0.905,0.312,0.1,0.095,0.071,,,,,,,,,0.343,0.31,0.089,0.452,,,,
54811,20240630,-88.85,41.84,0.308,0.12,0,0.006,0.415,0.78,0,1,0.326,0.2,0,0.048,,,,,,,,,0.361,0.42,0,0.56,,,,
54811,20240701,-88.85,41.84,0.313,0.15,0,0.006,0.414,0.77,0,1,0.324,0.18,0,0.048,,,,,,,,,0.363,0.43,0,0.655,,,,
54811,20240702,-88.85,41.84,0.317,0.18,0,0.006,0.413,0.77,0,1,0.322,0.17,0,0.048,,,,,,,,,0.365,0.44,0,0.655,,,,
54811,20240703,-88.85,41.84,0.316,0.17,0,0.006,0.401,0.69,0,1,0.314,0.1,0,0,,,,,,,,,0.359,0.39,0,0.518,,,,
54811,20240704,-88.85,41.84,0.324,0.22,0,0.149,0.405,0.71,0,1,0.309,0.06,0,0,,,,,,,,,0.365,0.43,0,0.518,,,,
54811,20240705,-88.85,41.84,0.332,0.27,0,0.292,0.408,0.74,0,1,0.305,0.03,0,0,,,,,,,,,0.37,0.47,0,0.637,,,,
54811,20240706,-88.85,41.84,0.334,0.28,0,0.298,0.405,0.72,0,1,0.3,-0.01,0,0,,,,,,,,,0.369,0.47,0,0.673,,,,
54811,20240707,-88.85,41.84,0.331,0.27,0,0.298,0.399,0.68,0,1,0.295,-0.05,0,0,,,,,,,,,0.365,0.45,0,0.554,,,,
54811,20240708,-88.85,41.84,0.331,0.28,0,0.298,0.394,0.65,0,0.958,0.291,-0.09,0,0,,,,,,,,,0.363,0.44,0,0.458,,,,
54811,20240709,-88.85,41.84,0.332,0.29,0,0.298,0.391,0.63,0,0.815,0.287,-0.13,0,0,,,,,,,,,0.362,0.44,0,0.458,,,,
54811,20240710,-88.85,41.84,0.332,0.3,0,0.327,0.387,0.61,0,0.673,0.283,-0.17,0,0,,,,,,,,,0.36,0.44,0,0.452,,,,
54811,20240711,-88.85,41.84,0.326,0.28,0,0.262,0.372,0.5,0,0.53,0.278,-0.21,0.018,0,,,,,,,,,0.349,0.38,0,0.31,,,,
54811,20240712,-88.85,41.84,0.327,0.31,0,0.262,0.363,0.45,0,0.512,0.274,-0.26,0.161,0,,,,,,,,,0.345,0.37,0,0.31,,,,
54811,20240713,-88.85,41.84,0.327,0.33,0,0.399,0.355,0.41,0,0.494,0.269,-0.31,0.304,0,,,,,,,,,0.341,0.36,0,0.31,,,,
54811,20240714,-88.85,41.84,0.331,0.38,0,0.518,0.354,0.41,0,0.387,0.265,-0.35,0.446,0,,,,,,,,,0.342,0.39,0,0.405,,,,
54811,20240715,-88.85,41.84,0.344,0.51,0,0.661,0.371,0.58,0,0.429,0.273,-0.26,0.446,0.06,,,,,,,,,0.358,0.55,0,0.548,,,,
54811,20240716,-88.85,41.84,0.358,0.63,0,0.804,0.39,0.75,0,0.571,0.286,-0.1,0.446,0.202,,,,,,,,,0.374,0.71,0,0.69,,,,
54811,20240717,-88.85,41.84,0.37,0.75,0,0.911,0.407,0.91,0,0.714,0.298,0.04,0.446,0.345,,,,,,,,,0.389,0.86,0,0.833,,,,
54811,20240718,-88.85,41.84,0.376,0.82,0,0.976,0.423,1.06,0,0.857,0.308,0.16,0.429,0.488,,,,,,,,,0.4,0.97,0,0.976,,,,
54811,20240719,-88.85,41.84,0.375,0.82,0,0.976,0.433,1.17,0,0.875,0.317,0.27,0.286,0.571,,,,,,,,,0.404,1.02,0,0.976,,,,
54811,20240720,-88.85,41.84,0.375,0.83,0,0.976,0.443,1.26,0,0.893,0.327,0.38,0.143,0.571,,,,,,,,,0.409,1.08,0,0.976,,,,
54811,20240721,-88.85,41.84,0.371,0.81,0,0.976,0.448,1.31,0,1,0.335,0.49,0,0.571,,,,,0.29,,,,0.409,1.09,0,1,,,,
54811,20240722,-88.85,41.84,0.355,0.69,0,0.833,0.433,1.2,0,1,0.332,0.45,0,0.512,,,,,0.289,,,,0.394,0.97,0,1,,,,
54811,20240723,-88.85,41.84,0.337,0.56,0,0.69,0.418,1.08,0,1,0.323,0.35,0,0.369,,,,,0.288,,,,0.378,0.83,0,1,,,,
54811,20240724,-88.85,41.84,0.321,0.44,0,0.548,0.402,0.95,0,1,0.315,0.26,0,0.226,,,,,0.286,,,,0.362,0.7,0,0.857,,,,
54811,20240725,-88.85,41.84,0.307,0.34,0,0.405,0.388,0.82,0,0.982,0.309,0.2,0,0.083,,,,,0.285,,,,0.347,0.58,0,0.714,,,,
54811,20240726,-88.85,41.84,0.295,0.25,0,0.262,0.375,0.71,0,0.94,0.304,0.13,0,0,,,,,0.284,,,,0.335,0.48,0,0.571,,,,
54811,20240727,-88.85,41.84,0.283,0.16,0,0.119,0.364,0.61,0,0.869,0.298,0.07,0,0,,,,,0.284,,,,0.323,0.38,0,0.429,,,,
54811,20240728,-88.85,41.84,0.271,0.08,0,0,0.353,0.52,0,0.726,0.292,0,0,0,,,,,,,,,0.312,0.29,0,0.286,,,,
54811,20240729,-88.85,41.84,0.261,0.02,0,0,0.345,0.45,0,0.595,0.286,-0.06,0,0,,,,,,,,,0.303,0.22,0,0.143,,,,
54811,20240730,-88.85,41.84,0.271,0.11,0,0.143,0.352,0.53,0,0.595,0.281,-0.11,0,0,,,,,,,,,0.311,0.3,0,0.143,,,,
54811,20240731,-88.85,41.84,0.278,0.18,0,0.286,0.358,0.6,0,0.595,0.276,-0.15,0,0,,,,,,,,,0.318,0.38,0,0.286,,,,
54811,20240801,-88.85,41.84,0.282,0.23,0,0.429,0.365,0.67,0,0.613,0.271,-0.2,0,0,,,,,,,,,0.324,0.44,0,0.429,,,,
54811,20240802,-88.85,41.84,0.286,0.27,0,0.429,0.371,0.74,0,0.655,0.266,-0.24,0.024,0,,,,,,,,,0.329,0.5,0,0.571,,,,
54811,20240803,-88.85,41.84,0.291,0.32,0,0.429,0.376,0.8,0,0.726,0.262,-0.27,0.167,0,,,,,,,,,0.333,0.55,0,0.714,,,,
54811,20240804,-88.85,41.84,0.295,0.36,0,0.429,0.381,0.85,0,0.869,0.26,-0.29,0.31,0,,,,,,,,,0.338,0.61,0,0.768,,,,
54811,20240805,-88.85,41.84,0.297,0.39,0,0.429,0.384,0.89,0,1,0.257,-0.31,0.452,0,,,,,,,,,0.341,0.64,0,0.768,,,,
54811,20240806,-88.85,41.84,0.28,0.26,0,0.286,0.372,0.78,0,1,0.254,-0.35,0.595,0,,,,,,,,,0.326,0.51,0,0.625,,,,
54811,20240807,-88.85,41.84,0.266,0.14,0,0.143,0.361,0.69,0,0.97,0.251,-0.38,0.738,0,,,,,,,,,0.313,0.4,0,0.482,,,,
54811,20240808,-88.85,41.84,0.253,0.03,0,0,0.35,0.59,0,0.827,0.247,-0.41,0.881,0,,,,,,,,,0.301,0.29,0,0.339,,,,
54811,20240809,-88.85,41.84,0.241,-0.07,0.042,0,0.339,0.49,0,0.685,0.244,-0.45,1,0,,,,,,,,,0.29,0.18,0,0.196,,,,
54811,20240810,-88.85,41.84,0.23,-0.17,0.179,0,0.327,0.39,0,0.542,0.239,-0.49,1,0,,,,,,,,,0.278,0.08,0,0.054,,,,
54811,20240811,-88.85,41.84,0.22,-0.25,0.304,0,0.316,0.29,0,0.399,0.235,-0.54,1,0,,,,,,,,,0.268,-0.02,0,0,,,,
54811,20240812,-88.85,41.84,0.218,-0.27,0.304,0,0.306,0.2,0,0.256,0.229,-0.59,1,0,,,,,,,,,0.262,-0.07,0,0,,,,
54811,20240813,-88.85,41.84,0.216,-0.28,0.304,0,0.297,0.11,0,0.113,0.224,-0.64,1,0,,,,,,,,,0.256,-0.12,0,0,,,,
54811,20240814,-88.85,41.84,0.215,-0.29,0.304,0,0.287,0.03,0,0,0.218,-0.69,1,0,,,,,,,,,0.251,-0.17,0,0,,,,
54811,20240815,-88.85,41.84,0.215,-0.28,0.304,0.006,0.279,-0.05,0,0,0.212,-0.74,1,0,,,,,,,,,0.247,-0.2,0,0.006,,,,
54811,20240816,-88.85,41.84,0.24,-0.05,0.262,0.125,0.286,0.02,0,0.042,0.21,-0.75,0.964,0,,,,,,,,,0.263,-0.04,0,0.125,,,,
54811,20240817,-88.85,41.84,0.267,0.21,0.125,0.268,0.312,0.27,0,0.185,0.219,-0.65,0.821,0,,,,,,,,,0.29,0.23,0,0.268,,,,
54811,20240818,-88.85,41.84,0.293,0.45,0,0.411,0.338,0.51,0,0.327,0.231,-0.53,0.679,0,,,,,,,,,0.316,0.49,0,0.411,,,,
54811,20240819,-88.85,41.84,0.313,0.64,0,0.554,0.363,0.74,0,0.47,0.244,-0.4,0.536,0,,,,,,,,,0.338,0.71,0,0.554,,,,
54811,20240820,-88.85,41.84,0.332,0.8,0,0.696,0.387,0.96,0,0.613,0.256,-0.28,0.393,0,,,,,,,,,0.359,0.91,0,0.696,,,,
54811,20240821,-88.85,41.84,0.348,0.95,0,0.839,0.41,1.17,0,0.756,0.268,-0.17,0.25,0,,,,,,,,,0.379,1.1,0,0.839,,,,
54811,20240822,-88.85,41.84,0.361,1.06,0,0.976,0.431,1.36,0,0.899,0.28,-0.06,0.107,0,,,,,,,,,0.396,1.26,0,0.976,,,,
54811,20240823,-88.85,41.84,0.348,0.94,0,0.893,0.437,1.4,0,1,0.287,0.01,0,0,,,,,,,,,0.392,1.23,0,1,,,,
54811,20240824,-88.85,41.84,0.332,0.79,0,0.75,0.422,1.25,0,1,0.283,-0.03,0,0,,,,,,,,,0.377,1.07,0,1,,,,
54811,20240825,-88.85,41.84,0.314,0.62,0,0.607,0.407,1.1,0,1,0.276,-0.1,0.006,0,,,,,,,,,0.36,0.91,0,0.881,,,,
54811,20240826,-88.85,41.84,0.296,0.46,0,0.464,0.391,0.96,0,1,0.269,-0.17,0.131,0,,,,,,,,,0.344,0.75,0,0.738,,,,
54811,20240827,-88.85,41.84,0.279,0.31,0,0.321,0.376,0.81,0,0.899,0.262,-0.23,0.274,0,,,,,,,,,0.327,0.6,0,0.595,,,,
54811,20240828,-88.85,41.84,0.267,0.21,0,0.214,0.36,0.67,0,0.756,0.255,-0.3,0.417,0,,,,,,,,,0.313,0.47,0,0.452,,,,
54811,20240829,-88.85,41.84,0.267,0.2,0,0.214,0.345,0.54,0,0.613,0.249,-0.36,0.56,0,,,,,,,,,0.306,0.4,0,0.31,,,,
54811,20240830,-88.85,41.84,0.27,0.21,0,0.196,0.331,0.42,0,0.47,0.243,-0.42,0.702,0,,,,,,,,,0.301,0.35,0,0.179,,,,
54811,20240831,-88.85,41.84,0.29,0.38,0,0.339,0.322,0.34,0,0.327,0.238,-0.46,0.845,0,,,,,,,,,0.306,0.39,0,0.179,,,,
54811,20240901,-88.85,41.84,0.308,0.53,0,0.482,0.314,0.28,0,0.185,0.233,-0.51,0.982,0,,,,,,,,,0.311,0.44,0,0.298,,,,
54811,20240902,-88.85,41.84,0.32,0.63,0,0.583,0.309,0.24,0,0.042,0.228,-0.54,1,0,,,,,,,,,0.314,0.47,0,0.399,,,,
54811,20240903,-88.85,41.84,0.325,0.68,0,0.601,0.305,0.21,0,0,0.224,-0.57,1,0,,,,,,,,,0.315,0.49,0,0.417,,,,
54811,20240904,-88.85,41.84,0.329,0.72,0,0.667,0.302,0.2,0,0,0.219,-0.6,1,0,,,,,,,,,0.316,0.51,0,0.417,,,,
54811,20240905,-88.85,41.84,0.319,0.65,0,0.524,0.299,0.19,0,0,0.214,-0.62,1,0,,,,,,,,,0.309,0.47,0,0.417,,,,
54811,20240906,-88.85,41.84,0.305,0.54,0,0.506,0.296,0.18,0,0,0.21,-0.64,1,0,,,,,,,,,0.301,0.41,0,0.405,,,,
54811,20240907,-88.85,41.84,0.274,0.29,0.083,0.363,0.292,0.15,0,0,0.204,-0.66,1,0,,,,,,,,,0.283,0.27,0,0.262,,,,
54811,20240908,-88.85,41.84,0.246,0.07,0.226,0.22,0.286,0.12,0,0,0.199,-0.69,1,0,,,,,,,,,0.266,0.14,0,0.119,,,,
54811,20240909,-88.85,41.84,0.226,-0.1,0.369,0.119,0.28,0.08,0,0,0.194,-0.71,1,0,,,,,,,,,0.253,0.03,0,0.018,,,,
54811,20240910,-88.85,41.84,0.214,-0.2,0.512,0.101,0.273,0.04,0,0,0.19,-0.73,1,0,,,,,,,,,0.244,-0.05,0,0,,,,
54811,20240911,-88.85,41.84,0.199,-0.33,0.655,0,0.267,0,0,0,0.186,-0.75,1,0,,,,,,,,,0.233,-0.14,0.095,0,,,,
54811,20240912,-88.85,41.84,0.189,-0.41,0.798,0,0.261,-0.04,0,0,0.182,-0.78,1,0,,,,,,,,,0.225,-0.21,0.238,0,,,,
54811,20240913,-88.85,41.84,0.182,-0.45,0.94,0,0.256,-0.08,0,0,0.178,-0.8,1,0,,,,,,,,,0.219,-0.26,0.381,0,,,,
54811,20240914,-88.85,41.84,0.177,-0.49,1,0,0.25,-0.12,0,0,0.175,-0.82,1,0,,,,,,,,,0.214,-0.31,0.524,0,,,,
54811,20240915,-88.85,41.84,0.175,-0.49,0.929,0,0.245,-0.15,0,0,0.172,-0.84,1,0,,,,,,,,,0.21,-0.33,0.595,0,,,,
54811,20240916,-88.85,41.84,0.176,-0.47,0.786,0,0.241,-0.19,0,0,0.17,-0.86,1,0,,,,,,,,,0.208,-0.34,0.595,0,,,,
54811,20240917,-88.85,41.84,0.178,-0.45,0.643,0,0.237,-0.22,0.024,0,0.167,-0.87,1,0,,,,,,,,,0.207,-0.35,0.613,0,,,,
54811,20240918,-88.85,41.84,0.18,-0.42,0.571,0,0.233,-0.25,0.149,0,0.165,-0.88,1,0,,,,,,,,,0.206,-0.35,0.661,0,,,,
54811,20240919,-88.85,41.84,0.182,-0.39,0.571,0,0.229,-0.28,0.292,0,0.163,-0.89,1,0,,,,,,,,,0.205,-0.35,0.661,0,,,,
54811,20240920,-88.85,41.84,0.183,-0.37,0.571,0,0.226,-0.3,0.423,0,0.161,-0.91,1,0,,,,,,,,,0.204,-0.35,0.661,0,,,,
54811,20240921,-88.85,41.84,0.181,-0.39,0.571,0,0.223,-0.31,0.53,0,0.159,-0.93,1,0,,,,,,,,,0.202,-0.37,0.661,0,,,,
54811,20240922,-88.85,41.84,0.178,-0.41,0.643,0,0.22,-0.32,0.661,0,0.157,-0.94,1,0,,,,,,,,,0.199,-0.39,0.732,0,,,,
54811,20240923,-88.85,41.84,0.176,-0.44,0.774,0,0.218,-0.33,0.75,0,0.156,-0.97,1,0,,,,,,,,,0.197,-0.4,0.857,0,,,,
54811,20240924,-88.85,41.84,0.174,-0.45,0.893,0,0.216,-0.33,0.738,0,0.155,-0.99,1,0,,,,,,,,,0.195,-0.41,0.958,0,,,,
54811,20240925,-88.85,41.84,0.2,-0.23,0.821,0.143,0.248,-0.06,0.613,0.137,0.172,-0.85,0.863,0,,,,,,,,,0.224,-0.13,0.815,0.143,,,,
54811,20240926,-88.85,41.84,0.222,-0.03,0.679,0.286,0.278,0.19,0.47,0.28,0.189,-0.73,0.72,0,,,,,,,,,0.25,0.11,0.673,0.286,,,,
54811,20240927,-88.85,41.84,0.243,0.14,0.536,0.429,0.307,0.43,0.339,0.423,0.204,-0.6,0.577,0,,,,,,,,,0.275,0.34,0.53,0.429,,,,
54811,20240928,-88.85,41.84,0.264,0.33,0.393,0.571,0.334,0.65,0.232,0.565,0.218,-0.49,0.435,0,,,,,,,,,0.299,0.56,0.387,0.571,,,,
54811,20240929,-88.85,41.84,0.282,0.49,0.25,0.708,0.361,0.86,0.101,0.708,0.232,-0.38,0.292,0,,,,,,,,,0.322,0.75,0.244,0.714,,,,
54811,20240930,-88.85,41.84,0.296,0.6,0.119,0.708,0.386,1.06,0.012,0.851,0.245,-0.27,0.149,0,,,,,,,,,0.341,0.91,0.119,0.857,,,,
54811,20241001,-88.85,41.84,0.307,0.69,0,0.708,0.41,1.23,0,0.994,0.257,-0.17,0.006,0,,,,,,,,,0.358,1.05,0,1,,,,
54811,20241002,-88.85,41.84,0.289,0.53,0,0.565,0.398,1.12,0,1,0.25,-0.23,0.083,0,,,,,,,,,0.344,0.89,0,0.929,,,,
54811,20241003,-88.85,41.84,0.274,0.39,0,0.423,0.388,1.01,0,1,0.243,-0.29,0.226,0,,,,,,,,,0.331,0.75,0,0.786,,,,
54811,20241004,-88.85,41.84,0.26,0.26,0,0.28,0.377,0.9,0,1,0.237,-0.35,0.369,0,,,,,,,,,0.318,0.61,0,0.643,,,,
54811,20241005,-88.85,41.84,0.247,0.14,0,0.137,0.366,0.8,0,1,0.231,-0.4,0.512,0,,,,,,,,,0.307,0.48,0,0.5,,,,
54811,20241006,-88.85,41.84,0.237,0.04,0,0,0.356,0.69,0,1,0.226,-0.44,0.655,0,,,,,,,,,0.296,0.37,0,0.357,,,,
54811,20241007,-88.85,41.84,0.228,-0.05,0,0,0.345,0.59,0,0.857,0.22,-0.49,0.798,0,,,,,,,,,0.286,0.26,0,0.214,,,,
54811,20241008,-88.85,41.84,0.22,-0.12,0,0,0.334,0.48,0,0.714,0.215,-0.54,0.94,0,,,,,,,,,0.277,0.17,0,0.071,,,,
54811,20241009,-88.85,41.84,0.212,-0.19,0,0,0.324,0.38,0,0.571,0.21,-0.59,1,0,,,,,,,,,0.268,0.08,0,0,,,,
54811,20241010,-88.85,41.84,0.206,-0.24,0.125,0,0.314,0.27,0,0.429,0.205,-0.64,1,0,,,,,,,,,0.26,0.01,0,0,,,,
54811,20241011,-88.85,41.84,0.201,-0.29,0.268,0,0.305,0.17,0,0.286,0.201,-0.7,1,0,,,,,,,,,0.253,-0.06,0,0,,,,
54811,20241012,-88.85,41.84,0.196,-0.34,0.411,0,0.296,0.07,0,0.143,0.196,-0.75,1,0,,,,,,,,,0.246,-0.13,0.012,0,,,,
54811,20241013,-88.85,41.84,0.19,-0.39,0.554,0,0.287,-0.03,0,0,0.192,-0.81,1,0,,,,,,,,,0.239,-0.21,0.155,0,,,,
54811,20241014,-88.85,41.84,0.186,-0.43,0.696,0,0.28,-0.12,0.006,0,0.188,-0.87,1,0,,,,,,,,,0.233,-0.28,0.298,0,,,,
54811,20241015,-88.85,41.84,0.181,-0.47,0.839,0,0.274,-0.21,0.125,0,0.184,-0.92,1,0,,,,,,,,,0.227,-0.34,0.44,0,,,,
54811,20241016,-88.85,41.84,0.177,-0.51,0.982,0,0.268,-0.29,0.268,0,0.18,-0.98,1,0,,,,,,,,,0.222,-0.4,0.583,0,,,,
54811,20241017,-88.85,41.84,0.173,-0.55,1,0,0.262,-0.37,0.411,0,0.176,-1.03,1,0,,,,,,,,,0.218,-0.46,0.726,0,,,,
54811,20241018,-88.85,41.84,0.169,-0.59,1,0,0.257,-0.44,0.554,0,0.173,-1.08,1,0,,,,,,,,,0.213,-0.51,0.869,0,,,,
54811,20241019,-88.85,41.84,0.166,-0.63,1,0,0.253,-0.51,0.696,0,0.17,-1.13,1,0,,,,,,,,,0.21,-0.56,1,0,,,,
54811,20241020,-88.85,41.84,0.163,-0.66,1,0,0.249,-0.58,0.839,0,0.167,-1.18,1,0,,,,,,,,,0.206,-0.61,1,0,,,,
54811,20241021,-88.85,41.84,0.16,-0.7,1,0,0.244,-0.64,0.976,0,0.165,-1.24,1,0,,,,,,,,,0.202,-0.65,1,0,,,,
54811,20241022,-88.85,41.84,0.158,-0.74,1,0,0.24,-0.71,1,0,0.163,-1.3,1,0,,,,,,,,,0.199,-0.71,1,0,,,,
54811,20241023,-88.85,41.84,0.156,-0.78,1,0,0.237,-0.77,1,0,0.161,-1.35,1,0,,,,,,,,,0.197,-0.76,1,0,,,,
54811,20241024,-88.85,41.84,0.154,-0.83,1,0,0.235,-0.84,1,0,0.161,-1.4,1,0,,,,,,,,,0.195,-0.83,1,0,,,,
54811,20241025,-88.85,41.84,0.159,-0.84,0.964,0,0.237,-0.86,0.97,0.024,0.16,-1.46,1,0,,,,,,,,,0.198,-0.86,0.964,0,,,,
54811,20241026,-88.85,41.84,0.179,-0.75,0.821,0,0.254,-0.74,0.827,0.024,0.159,-1.52,1,0,,,,,,,,,0.216,-0.76,0.821,0,,,,
54811,20241027,-88.85,41.84,0.196,-0.68,0.679,0,0.269,-0.64,0.685,0.024,0.159,-1.6,1,0,,,,,,,,,0.233,-0.69,0.679,0,,,,
54811,20241028,-88.85,41.84,0.211,-0.62,0.583,0,0.283,-0.54,0.542,0.024,0.159,-1.68,1,0,,,,,,,,,0.247,-0.62,0.536,0,,,,
54811,20241029,-88.85,41.84,0.226,-0.56,0.583,0,0.297,-0.45,0.399,0.024,0.159,-1.75,1,0,,,,,,,,,0.261,-0.56,0.5,0,,,,
54811,20241030,-88.85,41.84,0.239,-0.51,0.583,0,0.31,-0.36,0.262,0.024,0.159,-1.83,1,0,,,,,,,,,0.275,-0.5,0.5,0,,,,
54811,20241031,-88.85,41.84,0.251,-0.46,0.583,0,0.323,-0.27,0.262,0.024,0.159,-1.91,1,0,,,,,,,,,0.287,-0.45,0.5,0,,,,
54811,20241101,-88.85,41.84,0.256,-0.46,0.619,0,0.331,-0.22,0.292,0,0.16,-1.99,1,0,,,,,,,,,0.294,-0.44,0.536,0,,,,
54811,20241102,-88.85,41.84,0.246,-0.57,0.762,0,0.323,-0.35,0.435,0,0.16,-2.08,1,0,,,,,,,,,0.284,-0.56,0.679,0,,,,
54811,20241103,-88.85,41.84,0.237,-0.66,0.905,0,0.316,-0.47,0.577,0,0.16,-2.16,1,0,,,,,,,,,0.276,-0.67,0.821,0,,,,
54811,20241104,-88.85,41.84,0.23,-0.74,0.994,0,0.31,-0.57,0.72,0,0.161,-2.24,1,0,,,,,,,,,0.27,-0.76,0.964,0,,,,
54811,20241105,-88.85,41.84,0.241,-0.66,0.851,0.048,0.315,-0.51,0.815,0.048,0.165,-2.26,1,0,,,,,,,,,0.278,-0.68,0.857,0.048,,,,
54811,20241106,-88.85,41.84,0.261,-0.51,0.708,0.179,0.336,-0.23,0.81,0.19,0.187,-2.01,0.875,0,,,,,,,,,0.298,-0.46,0.714,0.19,,,,
54811,20241107,-88.85,41.84,0.278,-0.38,0.565,0.179,0.356,0.03,0.667,0.333,0.21,-1.75,0.732,0,,,,,,,,,0.317,-0.27,0.571,0.333,,,,
54811,20241108,-88.85,41.84,0.295,-0.24,0.423,0.179,0.374,0.28,0.524,0.476,0.231,-1.5,0.637,0,,,,,,,,,0.335,-0.07,0.429,0.476,,,,
54811,20241109,-88.85,41.84,0.313,-0.1,0.28,0.179,0.393,0.54,0.381,0.619,0.251,-1.25,0.637,0,,,,,,,,,0.353,0.14,0.286,0.619,,,,
54811,20241110,-88.85,41.84,0.331,0.04,0.137,0.179,0.412,0.79,0.238,0.762,0.271,-0.99,0.637,0,,,,,,,,,0.372,0.35,0.143,0.762,,,,
54811,20241111,-88.85,41.84,0.35,0.2,0,0.179,0.432,1.05,0.095,0.905,0.291,-0.72,0.637,0,,,,,,,,,0.391,0.57,0,0.905,,,,
54811,20241112,-88.85,41.84,0.351,0.2,0,0.131,0.441,1.15,0,1,0.307,-0.5,0.637,0,,,,,,,,,0.396,0.62,0,1,,,,
54811,20241113,-88.85,41.84,0.345,0.13,0,0,0.434,1.02,0,1,0.304,-0.56,0.762,0,,,,,,,,,0.39,0.54,0,1,,,,
54811,20241114,-88.85,41.84,0.345,0.13,0,0.042,0.432,0.94,0,1,0.3,-0.62,0.893,0,,,,,,,,,0.388,0.52,0,1,,,,
54811,20241115,-88.85,41.84,0.35,0.18,0,0.185,0.435,0.95,0,1,0.302,-0.6,0.845,0,,,,,,,,,0.392,0.57,0,1,,,,
54811,20241116,-88.85,41.84,0.353,0.23,0,0.327,0.438,0.95,0,1,0.304,-0.58,0.702,0,,,,,,,,,0.396,0.61,0,1,,,,
54811,20241117,-88.85,41.84,0.356,0.26,0,0.363,0.441,0.95,0,1,0.306,-0.56,0.56,0,,,,,,,,,0.399,0.63,0,1,,,,
54811,20241118,-88.85,41.84,0.358,0.28,0,0.363,0.443,0.93,0,1,0.308,-0.54,0.417,0,,,,,,,,,0.4,0.65,0,1,,,,
54811,20241119,-88.85,41.84,0.365,0.37,0,0.464,0.449,0.97,0,1,0.314,-0.47,0.274,0.012,,,,,,,,,0.407,0.72,0,1,,,,
54811,20241120,-88.85,41.84,0.372,0.46,0,0.607,0.455,1.01,0,1,0.32,-0.38,0.131,0.012,,,,,,,,,0.414,0.79,0,1,,,,
54811,20241121,-88.85,41.84,0.375,0.49,0,0.708,0.458,1,0,1,0.325,-0.32,0,0.012,,,,,,,,,0.417,0.81,0,1,,,,
54811,20241122,-88.85,41.84,0.376,0.5,0,0.696,0.459,0.96,0,1,0.327,-0.31,0,0.012,,,,,,,,,0.417,0.79,0,1,,,,
54811,20241123,-88.85,41.84,0.379,0.51,0,0.696,0.46,0.94,0,1,0.33,-0.28,0,0.012,,,,,,,,,0.419,0.8,0,1,,,,
54811,20241124,-88.85,41.84,0.381,0.53,0,0.802,0.462,0.93,0,1,0.332,-0.26,0,0.012,,,,,,,,,0.421,0.8,0,1,,,,
54811,20241125,-88.85,41.84,0.383,0.55,0,0.946,0.463,0.92,0,1,0.334,-0.24,0,0.012,,,,,,,,,0.423,0.8,0,1,,,,
54811,20241126,-88.85,41.84,0.38,0.49,0,0.904,0.459,0.85,0,1,0.332,-0.27,0,0,,,,,,,,,0.419,0.72,0,1,,,,
54811,20241127,-88.85,41.84,0.377,0.43,0,0.76,0.455,0.8,0,1,0.329,-0.32,0,0,,,,,,,,,0.416,0.66,0,1,,,,
54811,20241128,-88.85,41.84,0.375,0.38,0,0.617,0.454,0.76,0,1,0.327,-0.35,0,0,,,,,,,,,0.414,0.61,0,1,,,,
54811,20241129,-88.85,41.84,0.37,0.29,0,0.485,0.449,0.71,0,1,0.325,-0.38,0,0,,,,,,,,,0.41,0.53,0,0.946,,,,
54811,20241130,-88.85,41.84,0.365,0.2,0,0.341,0.445,0.65,0,1,0.322,-0.43,0,0,,,,,,,,,0.405,0.45,0,0.802,,,,
54811,20241201,-88.85,41.84,0.361,0.12,0,0.202,0.442,0.61,0,1,0.319,-0.47,0,0,,,,,,,,,0.401,0.38,0,0.661,,,,
54811,20241202,-88.85,41.84,0.356,0.04,0,0.06,0.439,0.58,0,1,0.316,-0.5,0,0,,,,,,,,,0.398,0.31,0,0.518,,,,
54811,20241203,-88.85,41.84,0.349,-0.09,0.048,0,0.436,0.54,0,1,0.314,-0.53,0,0,,,,,,,,,0.393,0.22,0,0.375,,,,
54811,20241204,-88.85,41.84,0.336,-0.28,0.19,0,0.434,0.51,0,1,0.313,-0.54,0,0,,,,,,,,,0.385,0.1,0,0.232,,,,
54811,20241205,-88.85,41.84,0.324,-0.46,0.325,0,0.431,0.49,0,1,0.312,-0.56,0,0,,,,,,,,,0.378,-0.02,0.096,0.09,,,,
54811,20241206,-88.85,41.84,0.319,-0.54,0.38,0,0.429,0.46,0,0.97,0.312,-0.58,0.006,0,,,,,,,,,0.375,-0.08,0.113,0,,,,
54811,20241207,-88.85,41.84,,,,,0.426,0.43,0,0.827,0.311,-0.6,0.113,0,,,,,,,,,,,,,,,,
54811,20241208,-88.85,41.84,,,,,0.424,0.39,0,0.685,0.311,-0.61,0.25,0,,,,,,,,,,,,,,,,
54811,20241209,-88.85,41.84,,,,,0.421,0.36,0,0.542,0.311,-0.63,0.393,0,,,,,,,,,,,,,,,,
54811,20241210,-88.85,41.84,,,,,0.419,0.32,0,0.399,0.311,-0.65,0.536,0,,,,,,,,,,,,,,,,
54811,20241211,-88.85,41.84,,,,,0.417,0.3,0,0.256,0.31,-0.67,0.679,0,,,,,,,,,,,,,,,,
54811,20241212,-88.85,41.84,,,,,0.415,0.27,0,0.113,0.309,-0.7,0.821,0,,,,,,,,,,,,,,,,
54811,20241213,-88.85,41.84,,,,,0.414,0.25,0,0,0.309,-0.72,0.958,0,,,,,,,,,,,,,,,,
54811,20241214,-88.85,41.84,,,,,0.414,0.23,0,0,0.308,-0.74,0.994,0,,,,,,,,,,,,,,,,
54811,20241215,-88.85,41.84,,,,,0.413,0.22,0,0,0.312,-0.7,0.946,0.054,,,,,,,,,,,,,,,,
54811,20241216,-88.85,41.84,,,,,0.414,0.24,0,0,0.319,-0.6,0.833,0.137,,,,,,,,,,,,,,,,
54811,20241217,-88.85,41.84,,,,,0.415,0.27,0,0.077,0.321,-0.58,0.827,0.137,,,,,,,,,,,,,,,,
54811,20241218,-88.85,41.84,,,,,0.419,0.33,0,0.22,0.323,-0.57,0.827,0.137,,,,,,,,,,,,,,,,
54811,20241219,-88.85,41.84,,,,,0.423,0.42,0,0.363,0.325,-0.56,0.827,0.137,,,,,,,,,,,,,,,,
54811,20241220,-88.85,41.84,,,,,0.427,0.51,0,0.506,0.328,-0.55,0.827,0.137,,,,,,,,,,,,,,,,
54811,20241221,-88.85,41.84,,,,,0.432,0.6,0,0.649,0.33,-0.55,0.827,0.137,,,,,,,,,,,,,,,,
54811,20241222,-88.85,41.84,,,,,0.437,0.7,0,0.792,0.328,-0.61,0.881,0.083,,,,,,,,,,,,,,,,
54811,20241223,-88.85,41.84,0.336,-0.53,0.653,0,0.44,0.77,0,0.935,0.322,-0.74,0.994,0,,,,,,,,,0.389,0.13,0,0.378,,,,
54811,20241224,-88.85,41.84,0.329,-0.51,0.622,0,0.442,0.82,0,1,0.321,-0.78,1,0,,,,,,,,,0.386,0.16,0,0.411,,,,
54811,20241225,-88.85,41.84,0.324,-0.49,0.667,0,0.442,0.82,0,1,0.321,-0.82,1,0,,,,,,,,,0.383,0.2,0,0.379,,,,
54811,20241226,-88.85,41.84,0.317,-0.57,1,0,0.441,0.79,0,1,0.32,-0.86,1,0,,,,,,,,,0.379,0.14,0,0.048,,,,
54811,20241227,-88.85,41.84,0.317,-0.56,1,0,0.442,0.82,0,1,0.321,-0.87,1,0,,,,,,,,,0.379,0.14,0,0.111,,,,
54811,20241228,-88.85,41.84,0.324,,,,0.448,0.92,0,1,0.325,-0.79,0.905,0,,,,,,,,,0.386,,,,,,,
54811,20241229,-88.85,41.84,0.333,,,,0.453,0.99,0,1,0.329,-0.73,0.786,0,,,,,,,,,0.393,,,,,,,
54811,20241230,-88.85,41.84,0.346,,,,0.457,1.06,0,1,0.332,-0.7,0.786,0,,,,,,,,,0.402,,,,,,,
54811,20241231,-88.85,41.84,0.359,,,,0.462,1.12,0,1,0.335,-0.67,0.78,0,,,,,,,,,0.411,,,,,,,
54811,20250101,-88.85,41.84,0.371,,,,0.471,1.2,0,1,0.34,-0.57,0.649,0,,,,,,,,,0.421,,,,,,,
54811,20250102,-88.85,41.84,0.379,,,,0.476,1.32,0,1,0.343,-0.53,0.649,0,,,,,,,,,0.427,,,,,,,
54811,20250103,-88.85,41.84,0.379,,,,0.477,1.41,0,1,0.345,-0.53,0.649,0,,,,,,,,,0.428,,,,,,,
54811,20250104,-88.85,41.84,0.371,,,,0.474,1.34,0,1,0.342,-0.62,0.744,0,,,,,,,,,0.423,,,,,,,
54811,20250105,-88.85,41.84,0.362,,,,0.471,1.28,0,1,0.339,-0.69,0.863,0,,,,,,,,,0.417,,,,,,,
54811,20250106,-88.85,41.84,0.359,,,,0.469,1.25,0,1,0.338,-0.74,0.863,0,,,,,,,,,0.415,,,,,,,
54811,20250107,-88.85,41.84,,,,,0.465,,,,0.337,-0.78,0.863,0.006,,,,,,,,,,,,,,,,
54811,20250108,-88.85,41.84,,,,,0.46,,,,0.343,-0.67,0.863,0.137,,,,,,,,,,,,,,,,
54811,20250109,-88.85,41.84,,,,,,,,,0.352,-0.5,0.72,0.28,,,,,,,,,,,,,,,,
54811,20250110,-88.85,41.84,,,,,,,,,0.361,-0.39,0.63,0.37,,,,,,,,,,,,,,,,
54811,20250111,-88.85,41.84,,,,,,,,,0.37,-0.3,0.562,0.438,,,,,,,,,,,,,,,,
54811,20250112,-88.85,41.84,,,,,,,,,0.382,-0.16,0.462,0.538,,,,,,,,,,,,,,,,
54811,20250113,-88.85,41.84,,,,,,,,,0.396,0.08,0.305,0.695,,,,,,,,,,,,,,,,
54811,20250114,-88.85,41.84,,,,,,,,,0.411,0.53,0.034,0.966,,,,,,,,,,,,,,,,
54811,20250115,-88.85,41.84,,,,,,,,,0.415,0.56,0,1,,,,,,,,,,,,,,,,
54811,20250116,-88.85,41.84,,,,,,,,,0.42,0.52,0,1,,,,,,,,,,,,,,,,
54811,20250117,-88.85,41.84,,,,,,,,,0.424,,,,,,,,,,,,,,,,,,,
54811,20250118,-88.85,41.84,,,,,,,,,0.428,,,,,,,,,,,,,,,,,,,
54811,20250119,-88.85,41.84,,,,,,,,,0.429,,,,,,,,,,,,,,,,,,,
54811,20250120,-88.85,41.84,,,,,,,,,0.429,,,,,,,,,,,,,,,,,,,
54811,20250121,-88.85,41.84,,,,,,,,,,,,,,,,,,,,,,,,,,,,
54811,20250122,-88.85,41.84,,,,,,,,,,,,,,,,,,,,,,,,,,,,
54811,20250123,-88.85,41.84,,,,,,,,,,,,,,,,,,,,,,,,,,,,
54811,20250124,-88.85,41.84,,,,,,,,,,,,,,,,,,,,,,,,,,,,
54811,20250125,-88.85,41.84,,,,,,,,,,,,,,,,,,,,,,,,,,,,
54811,20250126,-88.85,41.84,,,,,,,,,,,,,,,,,,,,,,,,,,,,
54811,20250127,-88.85,41.84,,,,,,,,,,,,,,,,,,,,,,,,,,,,
54811,20250128,-88.85,41.84,,,,,,,,,,,,,,,,,,,,,,,,,,,,
54811,20250129,-88.85,41.84,,,,,,,,,,,,,,,,,,,,,,,,,,,,
54811,20250130,-88.85,41.84,,,,,,,,,,,,,,,,,,,,,,,,,,,,
54811,20250131,-88.85,41.84,,,,,,,,,,,,,,,,,,,,,,,,,,,,
54811,20250201,-88.85,41.84,,,,,,,,,,,,,,,,,,,,,,,,,,,,
54811,20250202,-88.85,41.84,,,,,,,,,,,,,,,,,,,,,,,,,,,,
54811,20250203,-88.85,41.84,,,,,,,,,,,,,,,,,,,,,,,,,,,,
54811,20250204,-88.85,41.84,,,,,,,,,,,,,,,,,,,,,,,,,,,,
54811,20250205,-88.85,41.84,,,,,,,,,,,,,,,,,,,,,,,,,,,,
54811,20250206,-88.85,41.84,,,,,,,,,,,,,,,,,,,,,,,,,,,,
54811,20250207,-88.85,41.84,,,,,,,,,,,,,,,,,,,,,,,,,,,,
54811,20250208,-88.85,41.84,,,,,,,,,,,,,,,,,,,,,,,,,,,,
54811,20250209,-88.85,41.84,,,,,,,,,,,,,,,,,,,,,,,,,,,,
54811,20250210,-88.85,41.84,,,,,,,,,,,,,,,,,,,,,,,,,,,,
54811,20250211,-88.85,41.84,,,,,,,,,,,,,,,,,,,,,,,,,,,,
54811,20250212,-88.85,41.84,,,,,,,,,,,,,,,,,,,,,,,,,,,,
54811,20250213,-88.85,41.84,,,,,,,,,,,,,,,,,,,,,,,,,,,,
54811,20250214,-88.85,41.84,,,,,,,,,,,,,,,,,,,,,,,,,,,,
54811,20250215,-88.85,41.84,,,,,,,,,,,,,,,,,,,,,,,,,,,,
54811,20250216,-88.85,41.84,,,,,,,,,,,,,,,,,,,,,,,,,,,,
54811,20250217,-88.85,41.84,,,,,,,,,,,,,,,,,,,,,,,,,,,,
54811,20250218,-88.85,41.84,,,,,,,,,,,,,,,,,,,,,,,,,,,,
54811,20250219,-88.85,41.84,,,,,,,,,,,,,,,,,,,,,,,,,,,,
54811,20250220,-88.85,41.84,,,,,,,,,,,,,,,,,,,,,,,,,,,,
54811,20250221,-88.85,41.84,,,,,,,,,,,,,,,,,,,,,,,,,,,,
54811,20250222,-88.85,41.84,,,,,,,,,,,,,,,,,,,,,,,,,,,,
54811,20250223,-88.85,41.84,,,,,,,,,,,,,,,,,,,,,,,,,,,,
54811,20250224,-88.85,41.84,,,,,,,,,,,,,,,,,,,,,,,,,,,,
54811,20250225,-88.85,41.84,,,,,,,,,,,,,,,,,,,,,,,,,,,,
54811,20250226,-88.85,41.84,,,,,,,,,,,,,,,,,,,,,,,,,,,,
54811,20250227,-88.85,41.84,,,,,,,,,,,,,,,,,,,,,,,,,,,,
54811,20250228,-88.85,41.84,,,,,,,,,,,,,,,,,,,,,,,,,,,,
54811,20250301,-88.85,41.84,,,,,,,,,,,,,,,,,,,,,,,,,,,,
54811,20250302,-88.85,41.84,,,,,,,,,,,,,,,,,,,,,,,,,,,,
54811,20250303,-88.85,41.84,,,,,,,,,,,,,,,,,,,,,,,,,,,,
54811,20250304,-88.85,41.84,,,,,,,,,,,,,,,,,,,,,,,,,,,,
54811,20250305,-88.85,41.84,,,,,,,,,,,,,,,,,,,,,,,,,,,,
54811,20250306,-88.85,41.84,,,,,,,,,,,,,,,,,,,,,,,,,,,,
54811,20250307,-88.85,41.84,,,,,,,,,,,,,,,,,,,,,,,,,,,,
54811,20250308,-88.85,41.84,,,,,,,,,,,,,,,,,,,,,,,,,,,,
54811,20250309,-88.85,41.84,,,,,,,,,,,,,,,,,,,,,,,,,,,,
54811,20250310,-88.85,41.84,,,,,,,,,,,,,,,,,,,,,,,,,,,,
54811,20250311,-88.85,41.84,,,,,,,,,,,,,,,,,,,,,,,,,,,,
54811,20250312,-88.85,41.84,,,,,,,,,,,,,,,,,,,,,,,,,,,,
54811,20250313,-88.85,41.84,,,,,,,,,,,,,,,,,,,,,,,,,,,,
54811,20250314,-88.85,41.84,,,,,,,,,,,,,,,,,,,,,,,,,,,,
54811,20250315,-88.85,41.84,,,,,,,,,,,,,,,,,,,,,,,,,,,,
54811,20250316,-88.85,41.84,,,,,,,,,,,,,,,,,,,,,,,,,,,,
54811,20250317,-88.85,41.84,,,,,,,,,,,,,,,,,,,,,,,,,,,,
54811,20250318,-88.85,41.84,,,,,,,,,,,,,,,,,,,,,,,,,,,,
54811,20250319,-88.85,41.84,,,,,,,,,,,,,,,,,,,,,,,,,,,,
54811,20250320,-88.85,41.84,0.355,-0.45,0.7,0.033,,,,,,,,,,,,,,,,,,,,,,,,
54811,20250321,-88.85,41.84,0.356,-0.41,0.702,0.024,0.432,0.56,0,0.927,0.322,-0.77,0.921,0,,,,,,,,,0.394,0.31,0,0.129,,,,
54811,20250322,-88.85,41.84,0.355,-0.4,0.741,0.019,0.432,0.49,0,0.892,0.325,-0.81,0.943,0,,,,,,,,,0.393,0.21,0,0.073,,,,
54811,20250323,-88.85,41.84,0.353,-0.42,0.781,0.016,0.43,0.44,0,0.685,0.328,-0.85,0.955,0,,,,,,,,,0.392,0.13,0,0.051,,,,
54811,20250324,-88.85,41.84,0.355,-0.4,0.733,0.014,0.432,0.44,0,0.673,0.33,-0.86,0.963,0,,,,,,,,,0.394,0.13,0,0.049,,,,
54811,20250325,-88.85,41.84,0.356,-0.4,0.775,0.013,0.434,0.43,0,0.65,0.33,-0.87,0.969,0,,,,,,,,,0.395,0.12,0,0.039,,,,
54811,20250326,-88.85,41.84,0.356,-0.39,0.782,0.012,0.435,0.41,0,0.566,0.33,-0.89,0.97,0,,,,,,,,,0.395,0.09,0,0.033,,,,
54811,20250327,-88.85,41.84,0.353,-0.44,0.875,0,0.432,0.36,0,0.449,0.328,-0.96,1,0,,,,,,,,,0.392,0.03,0,0.006,,,,
54811,20250328,-88.85,41.84,0.35,-0.48,0.917,0,0.429,0.33,0,0.31,0.325,-1.03,1,0,,,,,0.296,,,,0.39,-0.01,0,0.006,,,,
54811,20250329,-88.85,41.84,0.348,-0.49,0.935,0,0.428,0.31,0,0.19,0.324,-1.08,1,0,,,,,0.295,,,,0.388,-0.02,0,0.006,,,,
54811,20250330,-88.85,41.84,0.347,-0.49,0.935,0,0.428,0.31,0,0.179,0.323,-1.11,1,0,,,,,0.293,,,,0.388,-0.02,0,0.006,,,,
54811,20250331,-88.85,41.84,0.345,-0.51,1,0,0.427,0.29,0,0.119,0.322,-1.16,1,0,,,,,0.292,,,,0.386,-0.04,0,0,,,,
54811,20250401,-88.85,41.84,0.343,-0.54,1,0,0.425,0.27,0,0.042,0.32,-1.21,1,0,,,,,0.291,,,,0.384,-0.07,0,0,,,,
54811,20250402,-88.85,41.84,0.34,-0.56,1,0,0.424,0.26,0,0.036,0.319,-1.27,1,0,,,,,0.289,,,,0.382,-0.09,0,0,,,,
54811,20250403,-88.85,41.84,0.345,-0.46,0.857,0.018,0.429,0.33,0,0.179,0.322,-1.19,0.97,0,,,,,0.289,,,,0.387,0.01,0,0.119,,,,
54811,20250404,-88.85,41.84,0.347,-0.41,0.714,0.018,0.432,0.38,0,0.321,0.324,-1.15,0.97,0,,,,,0.289,,,,0.39,0.06,0,0.119,,,,
54811,20250405,-88.85,41.84,0.349,-0.36,0.583,0.018,0.434,0.42,0,0.464,0.326,-1.12,0.97,0,,,,,0.289,,,,0.391,0.1,0,0.149,,,,
54811,20250406,-88.85,41.84,0.351,-0.31,0.44,0.018,0.437,0.47,0,0.601,0.328,-1.07,0.97,0,,,,,0.289,,,,0.394,0.16,0,0.232,,,,
54811,20250407,-88.85,41.84,0.353,-0.26,0.298,0.018,0.439,0.5,0,0.714,0.329,-1.03,0.97,0,,,,,0.289,,,,0.396,0.2,0,0.232,,,,
54811,20250408,-88.85,41.84,0.354,-0.22,0.161,0.018,0.44,0.53,0,0.857,0.331,-1,0.97,0,,,,,0.29,,,,0.397,0.23,0,0.232,,,,
54811,20250409,-88.85,41.84,0.355,-0.17,0.06,0.018,0.442,0.56,0,1,0.332,-0.96,0.97,0,,,,,0.29,,,,0.398,0.26,0,0.232,,,,
54811,20250410,-88.85,41.84,0.35,-0.23,0.065,0,0.437,0.5,0,1,0.328,-1.04,1,0,,,,,0.29,,,,0.394,0.18,0,0.113,,,,
54811,20250411,-88.85,41.84,0.347,-0.26,0.065,0,0.434,0.48,0,1,0.326,-1.09,1,0,,,,,0.289,,,,0.391,0.14,0,0.113,,,,
54811,20250412,-88.85,41.84,0.344,-0.28,0.054,0,0.432,0.45,0,1,0.324,-1.13,1,0,,,,,0.289,,,,0.388,0.1,0,0.083,,,,
54811,20250413,-88.85,41.84,0.339,-0.31,0.054,0,0.428,0.4,0,1,0.321,-1.18,1,0,,,,,0.289,,,,0.383,0.04,0,0,,,,
54811,20250414,-88.85,41.84,0.336,-0.34,0.054,0,0.425,0.37,0,1,0.319,-1.21,1,0,,,,,,,,,0.38,-0.01,0,0,,,,
54811,20250415,-88.85,41.84,0.332,-0.35,0.054,0,0.422,0.35,0,0.911,0.317,-1.23,1,0,,,,,,,,,0.377,-0.04,0,0,,,,
54811,20250416,-88.85,41.84,0.329,-0.37,0.101,0,0.42,0.32,0,0.774,0.315,-1.24,1,0,,,,,,,,,0.374,-0.07,0,0,,,,
54811,20250417,-88.85,41.84,0.325,-0.39,0.238,0,0.417,0.29,0,0.631,0.313,-1.24,1,0,,,,,,,,,0.371,-0.11,0,0,,,,
54811,20250418,-88.85,41.84,0.324,-0.38,0.28,0,0.414,0.27,0,0.488,0.312,-1.22,1,0,,,,,,,,,0.369,-0.13,0,0,,,,
54811,20250419,-88.85,41.84,0.325,-0.36,0.28,0,0.412,0.26,0,0.387,0.311,-1.18,1,0,,,,,,,,,0.368,-0.13,0,0,,,,
54811,20250420,-88.85,41.84,0.325,-0.34,0.28,0,0.411,0.26,0,0.262,0.311,-1.14,1,0,,,,,,,,,0.368,-0.12,0,0,,,,
54811,20250421,-88.85,41.84,0.326,-0.31,0.28,0,0.411,0.26,0,0.155,0.311,-1.1,1,0,,,,,,,,,0.369,-0.1,0,0,,,,
54811,20250422,-88.85,41.84,0.33,-0.24,0.274,0,0.414,0.31,0,0.244,0.312,-1.04,1,0,,,,,,,,,0.372,-0.04,0,0.036,,,,
54811,20250423,-88.85,41.84,0.335,-0.17,0.185,0.012,0.418,0.37,0,0.381,0.313,-0.97,1,0,,,,,,,,,0.376,0.03,0,0.054,,,,
54811,20250424,-88.85,41.84,0.344,-0.06,0.042,0.071,0.427,0.49,0,0.524,0.318,-0.85,0.857,0,,,,,,,,,0.385,0.17,0,0.196,,,,
54811,20250425,-88.85,41.84,0.347,0.01,0,0.071,0.433,0.58,0,0.667,0.322,-0.76,0.833,0,,,,,,,,,0.39,0.26,0,0.339,,,,
54811,20250426,-88.85,41.84,0.35,0.06,0,0.071,0.437,0.64,0,0.768,0.324,-0.69,0.833,0,,,,,,,,,0.393,0.32,0,0.482,,,,
54811,20250427,-88.85,41.84,0.352,0.1,0,0.071,0.44,0.68,0,0.893,0.326,-0.65,0.833,0,,,,,,,,,0.396,0.38,0,0.613,,,,
54811,20250428,-88.85,41.84,0.351,0.12,0,0.071,0.441,0.71,0,1,0.327,-0.61,0.833,0,,,,,,,,,0.396,0.41,0,0.613,,,,
54811,20250429,-88.85,41.84,0.347,0.11,0,0.071,0.438,0.68,0,1,0.326,-0.59,0.833,0,,,,,,,,,0.393,0.38,0,0.577,,,,
54811,20250430,-88.85,41.84,0.342,0.09,0,0.06,0.434,0.63,0,0.905,0.325,-0.59,0.833,0,,,,,0.288,,,,0.388,0.34,0,0.56,,,,
54811,20250501,-88.85,41.84,0.332,0.02,0,0,0.425,0.52,0,0.774,0.321,-0.64,0.97,0,,,,,,,,,0.379,0.25,0,0.429,,,,
54811,20250502,-88.85,41.84,0.332,0.03,0,0,0.428,0.54,0,0.774,0.322,-0.6,0.851,0,,,,,,,,,0.38,0.26,0,0.429,,,,
54811,20250503,-88.85,41.84,0.333,0.05,0,0.018,0.43,0.55,0,0.774,0.323,-0.57,0.708,0,,,,,,,,,0.381,0.27,0,0.429,,,,
54811,20250504,-88.85,41.84,0.334,0.08,0,0.018,0.433,0.56,0,0.774,0.324,-0.54,0.565,0,,,,,,,,,0.383,0.29,0,0.44,,,,
54811,20250505,-88.85,41.84,0.335,0.11,0,0.018,0.435,0.57,0,0.774,0.326,-0.5,0.423,0,,,,,,,,,0.385,0.31,0,0.583,,,,
54811,20250506,-88.85,41.84,0.336,0.14,0,0.018,0.437,0.59,0,0.774,0.327,-0.46,0.286,0,,,,,,,,,0.387,0.34,0,0.708,,,,
54811,20250507,-88.85,41.84,0.338,0.17,0,0.018,0.44,0.61,0,0.869,0.328,-0.43,0.19,0,,,,,,,,,0.389,0.37,0,0.708,,,,
54811,20250508,-88.85,41.84,0.338,0.19,0,0.018,0.441,0.62,0,0.94,0.329,-0.4,0.196,0,,,,,0.288,,,,0.389,0.4,0,0.696,,,,
54811,20250509,-88.85,41.84,0.328,0.13,0,0.018,0.431,0.53,0,0.798,0.324,-0.45,0.339,0,,,,,,,,,0.38,0.32,0,0.554,,,,
54811,20250510,-88.85,41.84,0.317,0.06,0,0,0.422,0.44,0,0.655,0.32,-0.5,0.482,0,,,,,,,,,0.369,0.23,0,0.411,,,,
54811,20250511,-88.85,41.84,0.303,-0.04,0.083,0,0.41,0.35,0,0.512,0.314,-0.54,0.625,0,,,,,,,,,0.357,0.14,0,0.268,,,,
54811,20250512,-88.85,41.84,0.289,-0.14,0.226,0,0.398,0.25,0,0.369,0.308,-0.59,0.768,0,,,,,,,,,0.344,0.03,0.054,0.125,,,,
54811,20250513,-88.85,41.84,0.273,-0.24,0.369,0,0.385,0.15,0,0.226,0.302,-0.64,0.905,0,,,,,,,,,0.329,-0.08,0.196,0,,,,
54811,20250514,-88.85,41.84,0.258,-0.35,0.512,0,0.371,0.04,0,0.083,0.295,-0.68,1,0,,,,,,,,,0.314,-0.2,0.339,0,,,,
54811,20250515,-88.85,41.84,0.243,-0.45,0.655,0,0.356,-0.07,0.125,0,0.288,-0.73,1,0,,,,,,,,,0.3,-0.31,0.482,0,,,,
54811,20250516,-88.85,41.84,0.231,-0.52,0.798,0,0.342,-0.16,0.268,0,0.28,-0.77,1,0,,,,,,,,,0.287,-0.4,0.625,0,,,,
54811,20250517,-88.85,41.84,0.22,-0.58,0.94,0,0.328,-0.26,0.411,0,0.271,-0.82,1,0,,,,,,,,,0.274,-0.49,0.768,0,,,,
54811,20250518,-88.85,41.84,0.21,-0.64,1,0,0.315,-0.35,0.554,0,0.262,-0.87,1,0,,,,,,,,,0.262,-0.57,0.911,0,,,,
54811,20250519,-88.85,41.84,0.201,-0.69,1,0,0.302,-0.42,0.696,0,0.253,-0.93,1,0,,,,,,,,,0.251,-0.63,1,0,,,,
54811,20250520,-88.85,41.84,0.193,-0.72,1,0,0.29,-0.48,0.839,0,0.244,-0.97,1,0,,,,,,,,,0.242,-0.68,1,0,,,,
54811,20250521,-88.85,41.84,0.193,-0.7,0.982,0,0.293,-0.44,0.893,0.03,0.237,-1,1,0,,,,,,,,,0.243,-0.65,0.917,0,,,,
54811,20250522,-88.85,41.84,0.197,-0.65,0.982,0,0.303,-0.34,0.768,0.03,0.233,-1.01,1,0,,,,,,,,,0.25,-0.57,0.774,0,,,,
54811,20250523,-88.85,41.84,0.201,-0.6,0.982,0,0.313,-0.24,0.625,0.03,0.23,-1,1,0,,,,,,,,,0.257,-0.49,0.631,0,,,,
54811,20250524,-88.85,41.84,0.205,-0.55,0.982,0,0.323,-0.14,0.482,0.03,0.228,-0.97,1,0,,,,,,,,,0.264,-0.4,0.488,0,,,,
54811,20250525,-88.85,41.84,0.21,-0.5,0.982,0,0.334,-0.03,0.339,0.03,0.228,-0.93,1,0,,,,,,,,,0.272,-0.31,0.345,0,,,,
54811,20250526,-88.85,41.84,0.215,-0.44,0.982,0,0.344,0.08,0.196,0.03,0.229,-0.88,1,0,,,,,,,,,0.28,-0.22,0.202,0,,,,
54811,20250527,-88.85,41.84,0.22,-0.39,0.982,0,0.354,0.19,0.054,0.03,0.23,-0.83,1,0,,,,,,,,,0.287,-0.13,0.06,0,,,,
54811,20250528,-88.85,41.84,0.219,-0.38,1,0,0.35,0.19,0,0,0.23,-0.78,1,0,,,,,,,,,0.285,-0.12,0,0,,,,
54811,20250529,-88.85,41.84,0.214,-0.4,1,0,0.339,0.14,0,0,0.228,-0.76,1,0,,,,,,,,,0.277,-0.15,0,0,,,,
54811,20250530,-88.85,41.84,0.21,-0.42,1,0,0.329,0.1,0,0,0.225,-0.74,1,0,,,,,,,,,0.269,-0.18,0,0,,,,
54811,20250531,-88.85,41.84,0.206,-0.44,1,0,0.319,0.05,0,0,0.222,-0.72,1,0,,,,,,,,,0.263,-0.21,0,0,,,,
54811,20250601,-88.85,41.84,0.202,-0.45,1,0,0.31,0.01,0,0,0.219,-0.72,1,0,,,,,,,,,0.256,-0.24,0,0,,,,
54811,20250602,-88.85,41.84,0.198,-0.46,1,0,0.3,-0.04,0,0,0.216,-0.72,1,0,,,,,,,,,0.249,-0.27,0.127,0,,,,
54811,20250603,-88.85,41.84,0.194,-0.48,1,0,0.291,-0.1,0,0,0.212,-0.73,1,0,,,,,,,,,0.242,-0.31,0.268,0,,,,
54811,20250604,-88.85,41.84,0.194,-0.47,0.946,0,0.283,-0.13,0,0.006,0.207,-0.75,1,0,,,,,,,,,0.239,-0.33,0.357,0,,,,
54811,20250605,-88.85,41.84,0.2,-0.42,0.804,0,0.292,-0.06,0,0.149,0.203,-0.76,1,0,,,,,,,,,0.246,-0.27,0.357,0,,,,
54811,20250606,-88.85,41.84,0.204,-0.38,0.661,0,0.299,-0.01,0,0.208,0.199,-0.78,1,0,,,,,,,,,0.252,-0.22,0.357,0,,,,
54811,20250607,-88.85,41.84,0.208,-0.35,0.518,0,0.303,0.03,0,0.208,0.195,-0.79,1,0,,,,,,,,,0.255,-0.19,0.357,0,,,,
54811,20250608,-88.85,41.84,0.213,-0.31,0.375,0,0.309,0.08,0,0.25,0.192,-0.8,1,0,,,,,,,,,0.261,-0.14,0.357,0,,,,
54811,20250609,-88.85,41.84,0.221,-0.25,0.232,0,0.321,0.16,0,0.339,0.19,-0.8,1,0,,,,,,,,,0.271,-0.06,0.232,0,,,,
54811,20250610,-88.85,41.84,0.228,-0.19,0.089,0,0.332,0.23,0,0.339,0.188,-0.8,1,0,,,,,,,,,0.28,0,0.089,0,,,,
54811,20250611,-88.85,41.84,0.231,-0.17,0,0,0.339,0.28,0,0.333,0.187,-0.8,1,0,,,,,,,,,0.285,0.04,0,0,,,,
54811,20250612,-88.85,41.84,0.226,-0.21,0,0,0.329,0.21,0,0.19,0.186,-0.8,1,0,,,,,,,,,0.277,-0.01,0,0,,,,
54811,20250613,-88.85,41.84,0.221,-0.24,0.131,0,0.32,0.15,0,0.131,0.184,-0.8,1,0,,,,,,,,,0.27,-0.06,0,0,,,,
54811,20250614,-88.85,41.84,0.218,-0.27,0.274,0,0.312,0.09,0,0.131,0.183,-0.8,1,0,,,,,,,,,0.265,-0.11,0,0,,,,
54811,20250615,-88.85,41.84,0.212,-0.31,0.417,0,0.303,0.03,0,0.089,0.182,-0.81,1,0,,,,,,,,,0.258,-0.16,0,0,,,,
54811,20250616,-88.85,41.84,0.204,-0.37,0.56,0,0.288,-0.07,0,0,0.181,-0.82,1,0,,,,,,,,,0.246,-0.24,0.101,0,,,,
54811,20250617,-88.85,41.84,0.196,-0.42,0.702,0,0.275,-0.16,0,0,0.179,-0.83,1,0,,,,,,,,,0.235,-0.31,0.244,0,,,,
54811,20250618,-88.85,41.84,0.189,-0.47,0.845,0,0.263,-0.23,0,0,0.177,-0.84,1,0,,,,,,,,,0.226,-0.37,0.387,0,,,,
54811,20250619,-88.85,41.84,0.184,-0.5,0.988,0,0.255,-0.28,0,0,0.175,-0.86,1,0,,,,,,,,,0.219,-0.41,0.494,0,,,,
54811,20250620,-88.85,41.84,0.182,-0.52,1,0,0.248,-0.32,0,0,0.173,-0.87,1,0,,,,,,,,,0.215,-0.44,0.619,0,,,,
54811,20250621,-88.85,41.84,0.179,-0.54,1,0,0.243,-0.36,0,0,0.171,-0.88,1,0,,,,,,,,,0.211,-0.47,0.762,0,,,,
54811,20250622,-88.85,41.84,0.177,-0.56,1,0,0.238,-0.39,0,0,0.169,-0.9,1,0,,,,,,,,,0.207,-0.49,0.905,0,,,,
54811,20250623,-88.85,41.84,0.175,-0.58,1,0,0.235,-0.41,0.095,0,0.167,-0.91,1,0,,,,,,,,,0.205,-0.52,0.946,0,,,,
54811,20250624,-88.85,41.84,0.173,-0.6,1,0,0.232,-0.43,0.232,0,0.165,-0.92,1,0,,,,,,,,,0.202,-0.54,0.946,0,,,,
54811,20250625,-88.85,41.84,0.171,-0.62,1,0,0.229,-0.44,0.375,0,0.164,-0.93,1,0,,,,,,,,,0.2,-0.55,0.946,0,,,,
54811,20250626,-88.85,41.84,0.168,-0.65,1,0,0.228,-0.46,0.488,0,0.162,-0.94,1,0,,,,,,,,,0.198,-0.58,0.982,0,,,,
54811,20250627,-88.85,41.84,0.164,-0.68,1,0,0.226,-0.48,0.625,0,0.161,-0.95,1,0,,,,,,,,,0.195,-0.6,1,0,,,,
54811,20250628,-88.85,41.84,0.161,-0.7,1,0,0.225,-0.49,0.768,0,0.159,-0.96,1,0,,,,,,,,,0.193,-0.62,1,0,,,,
54811,20250629,-88.85,41.84,0.159,-0.72,1,0,0.223,-0.51,0.911,0,0.157,-0.98,1,0,,,,,,,,,0.191,-0.65,1,0,,,,
54811,20250630,-88.85,41.84,0.157,-0.74,1,0,0.221,-0.54,0.958,0,0.156,-1,1,0,,,,,,,,,0.189,-0.67,1,0,,,,
54811,20250701,-88.85,41.84,0.155,-0.75,1,0,0.22,-0.56,0.964,0,0.155,-1.03,1,0,,,,,,,,,0.188,-0.7,1,0,,,,
54811,20250702,-88.85,41.84,0.154,-0.77,1,0,0.218,-0.58,0.964,0,0.154,-1.06,1,0,,,,,,,,,0.186,-0.72,1,0,,,,
54811,20250703,-88.85,41.84,0.153,-0.79,1,0,0.214,-0.62,0.994,0,0.152,-1.11,1,0,,,,,,,,,0.183,-0.75,1,0,,,,
54811,20250704,-88.85,41.84,0.151,-0.81,1,0,0.211,-0.65,1,0,0.151,-1.16,1,0,,,,,,,,,0.181,-0.77,1,0,,,,
54811,20250705,-88.85,41.84,0.148,-0.83,1,0,0.207,-0.69,1,0,0.149,-1.21,1,0,,,,,,,,,0.177,-0.8,1,0,,,,
54811,20250706,-88.85,41.84,0.146,-0.86,1,0,0.204,-0.71,1,0,0.148,-1.26,1,0,,,,,,,,,0.175,-0.83,1,0,,,,
54811,20250707,-88.85,41.84,0.144,-0.9,1,0,0.203,-0.73,1,0,0.147,-1.32,1,0,,,,,,,,,0.173,-0.86,1,0,,,,
54811,20250708,-88.85,41.84,0.142,-0.93,1,0,0.202,-0.74,1,0,0.145,-1.37,1,0,,,,,,,,,0.172,-0.88,1,0,,,,
54811,20250709,-88.85,41.84,0.14,-0.96,1,0,0.203,-0.73,1,0,0.144,-1.42,1,0,,,,,,,,,0.172,-0.9,1,0,,,,
54811,20250710,-88.85,41.84,0.139,-1,1,0,0.204,-0.74,1,0,0.143,-1.46,1,0,,,,,,,,,0.172,-0.93,1,0,,,,
54811,20250711,-88.85,41.84,0.144,-0.99,0.952,0,0.215,-0.66,0.946,0.054,0.147,-1.45,1,0,,,,,,,,,0.18,-0.89,0.946,0.012,,,,
54811,20250712,-88.85,41.84,0.163,-0.87,0.839,0,0.246,-0.42,0.804,0.196,0.163,-1.33,0.946,0,,,,,,,,,0.204,-0.7,0.804,0.071,,,,
54811,20250713,-88.85,41.84,0.184,-0.72,0.696,0,0.278,-0.16,0.661,0.339,0.183,-1.14,0.804,0,,,,,,,,,0.231,-0.49,0.661,0.214,,,,
54811,20250714,-88.85,41.84,0.203,-0.58,0.554,0,0.305,0.05,0.518,0.482,0.203,-0.96,0.661,0,,,,,,,,,0.254,-0.31,0.518,0.327,,,,
54811,20250715,-88.85,41.84,0.22,-0.46,0.411,0,0.328,0.24,0.375,0.625,0.221,-0.79,0.583,0,,,,,,,,,0.274,-0.14,0.375,0.327,,,,
54811,20250716,-88.85,41.84,0.236,-0.34,0.268,0,0.347,0.4,0.232,0.708,0.238,-0.62,0.583,0,,,,,,,,,0.291,0,0.232,0.327,,,,
54811,20250717,-88.85,41.84,0.255,-0.18,0.143,0,0.367,0.56,0.089,0.81,0.254,-0.46,0.583,0,,,,,,,,,0.311,0.17,0.089,0.339,,,,
54811,20250718,-88.85,41.84,0.27,-0.06,0.048,0,0.376,0.64,0,0.81,0.265,-0.35,0.583,0,,,,,,,,,0.323,0.28,0,0.327,,,,
54811,20250719,-88.85,41.84,0.269,-0.06,0.018,0,0.363,0.54,0,0.667,0.264,-0.36,0.637,0,,,,,,,,,0.316,0.23,0,0.268,,,,
54811,20250720,-88.85,41.84,0.269,-0.05,0.018,0,0.355,0.49,0,0.643,0.259,-0.41,0.78,0,,,,,,,,,0.312,0.21,0,0.226,,,,
54811,20250721,-88.85,41.84,0.276,0.02,0.018,0.107,0.362,0.56,0,0.643,0.259,-0.4,0.786,0,,,,,,,,,0.319,0.28,0,0.25,,,,
54811,20250722,-88.85,41.84,0.282,0.08,0.018,0.107,0.369,0.63,0,0.643,0.259,-0.39,0.72,0,,,,,,,,,0.325,0.35,0,0.393,,,,
54811,20250723,-88.85,41.84,0.288,0.14,0.018,0.107,0.376,0.7,0,0.702,0.259,-0.38,0.619,0,,,,,,,,,0.332,0.42,0,0.536,,,,
54811,20250724,-88.85,41.84,0.287,0.15,0,0.107,0.379,0.74,0,0.744,0.26,-0.37,0.619,0,,,,,,,,,0.333,0.44,0,0.56,,,,
54811,20250725,-88.85,41.84,0.285,0.15,0,0.107,0.381,0.76,0,0.833,0.26,-0.36,0.619,0,,,,,,,,,0.333,0.45,0,0.56,,,,
54811,20250726,-88.85,41.84,0.285,0.16,0,0.107,0.383,0.78,0,0.899,0.26,-0.35,0.619,0,,,,,,,,,0.334,0.47,0,0.56,,,,
54811,20250727,-88.85,41.84,0.279,0.13,0,0.107,0.378,0.74,0,0.78,0.259,-0.36,0.619,0,,,,,,,,,0.328,0.43,0,0.458,,,,
54811,20250728,-88.85,41.84,0.268,0.06,0,0,0.361,0.59,0,0.637,0.254,-0.41,0.756,0,,,,,,,,,0.314,0.31,0,0.321,,,,
54811,20250729,-88.85,41.84,0.257,-0.01,0,0,0.346,0.46,0,0.494,0.249,-0.46,0.899,0,,,,,,,,,0.302,0.2,0,0.179,,,,
54811,20250730,-88.85,41.84,0.247,-0.08,0,0,0.332,0.35,0,0.351,0.244,-0.5,1,0,,,,,,,,,0.29,0.11,0,0.036,,,,
54811,20250731,-88.85,41.84,0.24,-0.13,0,0,0.324,0.28,0,0.208,0.24,-0.54,1,0,,,,,,,,,0.282,0.05,0,0,,,,
54811,20250801,-88.85,41.84,0.234,-0.17,0,0,0.318,0.24,0,0.065,0.235,-0.58,1,0,,,,,,,,,0.276,0.01,0,0,,,,
54811,20250802,-88.85,41.84,0.228,-0.21,0,0,0.312,0.2,0,0,0.23,-0.61,1,0,,,,,,,,,0.27,-0.03,0,0,,,,
54811,20250803,-88.85,41.84,0.222,-0.25,0.006,0,0.306,0.16,0,0,0.225,-0.65,1,0,,,,,,,,,0.264,-0.07,0,0,,,,
54811,20250804,-88.85,41.84,0.216,-0.29,0.149,0,0.298,0.1,0,0,0.219,-0.7,1,0,,,,,,,,,0.257,-0.13,0,0,,,,
54811,20250805,-88.85,41.84,0.211,-0.33,0.292,0,0.291,0.04,0,0,0.214,-0.75,1,0,,,,,,,,,0.251,-0.17,0.024,0,,,,
54811,20250806,-88.85,41.84,0.206,-0.36,0.435,0,0.284,-0.02,0,0,0.208,-0.81,1,0,,,,,,,,,0.245,-0.22,0.167,0,,,,
54811,20250807,-88.85,41.84,0.201,-0.4,0.577,0,0.274,-0.11,0.131,0,0.203,-0.87,1,0,,,,,,,,,0.237,-0.29,0.31,0,,,,
54811,20250808,-88.85,41.84,0.194,-0.46,0.72,0,0.263,-0.21,0.274,0,0.196,-0.94,1,0,,,,,,,,,0.228,-0.37,0.452,0,,,,
54811,20250809,-88.85,41.84,0.188,-0.51,0.863,0,0.253,-0.31,0.417,0,0.19,-1.01,1,0,,,,,,,,,0.22,-0.45,0.595,0,,,,
54811,20250810,-88.85,41.84,0.186,-0.53,0.929,0,0.245,-0.37,0.524,0,0.184,-1.07,1,0,,,,,,,,,0.216,-0.49,0.69,0,,,,
54811,20250811,-88.85,41.84,0.188,-0.51,0.786,0,0.242,-0.41,0.536,0,0.179,-1.13,1,0,,,,,,,,,0.215,-0.5,0.792,0,,,,
54811,20250812,-88.85,41.84,0.19,-0.5,0.738,0,0.239,-0.43,0.631,0,0.174,-1.17,1,0,,,,,,,,,0.214,-0.51,0.911,0,,,,
54811,20250813,-88.85,41.84,0.191,-0.49,0.738,0,0.238,-0.44,0.768,0,0.17,-1.2,1,0,,,,,,,,,0.214,-0.51,0.911,0,,,,
54811,20250814,-88.85,41.84,0.192,-0.48,0.738,0,0.236,-0.45,0.78,0,0.167,-1.22,1,0,,,,,,,,,0.214,-0.51,0.911,0,,,,
54811,20250815,-88.85,41.84,0.192,-0.48,0.738,0,0.235,-0.46,0.78,0,0.164,-1.23,1,0,,,,,,,,,0.213,-0.51,0.911,0,,,,
54811,20250816,-88.85,41.84,0.192,-0.48,0.738,0,0.233,-0.47,0.78,0,0.162,-1.24,1,0,,,,,,,,,0.213,-0.52,0.911,0,,,,
54811,20250817,-88.85,41.84,0.192,-0.48,0.744,0,0.235,-0.44,0.744,0,0.16,-1.24,1,0,,,,,,,,,0.213,-0.51,0.893,0,,,,
54811,20250818,-88.85,41.84,0.192,-0.48,0.744,0,0.239,-0.41,0.732,0,0.158,-1.24,1,0,,,,,,,,,0.215,-0.49,0.792,0,,,,
54811,20250819,-88.85,41.84,0.204,-0.37,0.649,0.089,0.257,-0.24,0.637,0.089,0.169,-1.12,0.917,0.006,,,,,,,,,0.231,-0.34,0.649,0.089,,,,
54811,20250820,-88.85,41.84,0.221,-0.21,0.506,0.232,0.283,0,0.5,0.232,0.189,-0.93,0.774,0.006,,,,,,,,,0.252,-0.13,0.506,0.232,,,,
54811,20250821,-88.85,41.84,0.239,-0.05,0.363,0.375,0.308,0.22,0.357,0.375,0.207,-0.75,0.631,0.006,,,,,,,,,0.273,0.07,0.363,0.375,,,,
54811,20250822,-88.85,41.84,0.257,0.11,0.22,0.518,0.332,0.43,0.214,0.518,0.225,-0.57,0.488,0.006,,,,,,,,,0.294,0.27,0.22,0.518,,,,
54811,20250823,-88.85,41.84,0.274,0.27,0.077,0.518,0.354,0.64,0.071,0.661,0.243,-0.41,0.345,0.006,,,,,,,,,0.314,0.47,0.077,0.661,,,,
54811,20250824,-88.85,41.84,0.287,0.38,0,0.518,0.37,0.77,0,0.804,0.26,-0.25,0.202,0.006,,,,,,,,,0.328,0.61,0,0.792,,,,
54811,20250825,-88.85,41.84,0.295,0.45,0,0.518,0.38,0.86,0,0.946,0.275,-0.1,0.06,0.006,,,,,,,,,0.337,0.69,0,0.792,,,,
54811,20250826,-88.85,41.84,0.29,0.41,0,0.429,0.374,0.8,0,0.899,0.277,-0.09,0.06,0,,,,,,,,,0.332,0.64,0,0.702,,,,
54811,20250827,-88.85,41.84,0.28,0.32,0,0.286,0.359,0.67,0,0.756,0.269,-0.17,0.202,0,,,,,,,,,0.32,0.53,0,0.56,,,,
54811,20250828,-88.85,41.84,0.272,0.24,0,0.155,0.345,0.54,0,0.613,0.262,-0.24,0.345,0,,,,,,,,,0.308,0.42,0,0.417,,,,
54811,20250829,-88.85,41.84,0.269,0.21,0,0.012,0.331,0.42,0,0.47,0.255,-0.31,0.488,0,,,,,,,,,0.3,0.35,0,0.274,,,,
54811,20250830,-88.85,41.84,0.265,0.18,0,0.012,0.318,0.31,0,0.327,0.248,-0.37,0.631,0,,,,,,,,,0.292,0.27,0,0.131,,,,
54811,20250831,-88.85,41.84,0.262,0.15,0,0.012,0.307,0.22,0,0.185,0.242,-0.43,0.774,0,,,,,,,,,0.284,0.21,0,0,,,,
54811,20250901,-88.85,41.84,0.258,0.12,0,0.012,0.297,0.14,0,0.042,0.235,-0.49,0.917,0,,,,,,,,,0.278,0.15,0,0,,,,
54811,20250902,-88.85,41.84,0.256,0.11,0,0.012,0.287,0.06,0,0,0.228,-0.54,1,0,,,,,,,,,0.272,0.11,0,0,,,,
54811,20250903,-88.85,41.84,0.254,0.1,0,0.012,0.279,0.01,0,0,0.221,-0.59,1,0,,,,,,,,,0.267,0.08,0,0,,,,
54811,20250904,-88.85,41.84,0.254,0.1,0,0,0.272,-0.04,0,0,0.215,-0.63,1,0,,,,,,,,,0.263,0.06,0,0,,,,
54811,20250905,-88.85,41.84,0.248,0.07,0,0,0.266,-0.08,0,0,0.21,-0.66,1,0,,,,,,,,,0.257,0.02,0,0,,,,
54811,20250906,-88.85,41.84,0.244,0.04,0,0,0.261,-0.11,0,0,0.204,-0.68,1,0,,,,,,,,,0.252,0,0,0,,,,
54811,20250907,-88.85,41.84,0.24,0.01,0,0,0.255,-0.15,0,0,0.198,-0.71,1,0,,,,,,,,,0.247,-0.03,0,0,,,,
54811,20250908,-88.85,41.84,0.236,-0.01,0,0,0.25,-0.18,0,0,0.193,-0.73,1,0,,,,,,,,,0.243,-0.06,0,0,,,,
54811,20250909,-88.85,41.84,0.232,-0.03,0,0,0.245,-0.2,0,0,0.188,-0.76,1,0,,,,,,,,,0.239,-0.09,0,0,,,,
54811,20250910,-88.85,41.84,0.228,-0.06,0,0,0.241,-0.23,0,0,0.184,-0.78,1,0,,,,,,,,,0.235,-0.12,0,0,,,,
54811,20250911,-88.85,41.84,0.222,-0.11,0,0,0.237,-0.26,0.113,0,0.179,-0.8,1,0,,,,,,,,,0.229,-0.17,0.077,0,,,,
54811,20250912,-88.85,41.84,0.215,-0.16,0.006,0,0.233,-0.28,0.256,0,0.175,-0.83,1,0,,,,,,,,,0.224,-0.21,0.196,0,,,,
54811,20250913,-88.85,41.84,0.209,-0.21,0.119,0,0.229,-0.31,0.399,0,0.171,-0.86,1,0,,,,,,,,,0.219,-0.26,0.339,0,,,,
54811,20250914,-88.85,41.84,0.203,-0.25,0.262,0,0.225,-0.34,0.542,0,0.167,-0.88,1,0,,,,,,,,,0.214,-0.3,0.482,0,,,,
54811,20250915,-88.85,41.84,0.198,-0.29,0.405,0,0.222,-0.36,0.685,0,0.164,-0.91,1,0,,,,,,,,,0.21,-0.33,0.625,0,,,,
54811,20250916,-88.85,41.84,0.193,-0.32,0.548,0,0.22,-0.38,0.827,0,0.161,-0.92,1,0,,,,,,,,,0.206,-0.36,0.768,0,,,,
54811,20250917,-88.85,41.84,0.188,-0.36,0.69,0,0.217,-0.4,0.97,0,0.158,-0.94,1,0,,,,,,,,,0.202,-0.39,0.911,0,,,,
54811,20250918,-88.85,41.84,0.183,-0.39,0.833,0,0.214,-0.42,1,0,0.155,-0.95,1,0,,,,,,,,,0.199,-0.42,0.976,0,,,,
54811,20250919,-88.85,41.84,0.178,-0.42,0.97,0,0.212,-0.43,1,0,0.153,-0.97,1,0,,,,,,,,,0.195,-0.45,1,0,,,,
54811,20250920,-88.85,41.84,0.174,-0.45,1,0,0.21,-0.44,1,0,0.15,-0.99,1,0,,,,,,,,,0.192,-0.47,1,0,,,,
54811,20250921,-88.85,41.84,0.174,-0.45,0.911,0,0.209,-0.44,1,0,0.149,-1.01,1,0,,,,,,,,,0.191,-0.47,0.917,0,,,,
54811,20250922,-88.85,41.84,0.175,-0.43,0.804,0,0.208,-0.44,1,0,0.147,-1.02,1,0,,,,,,,,,0.192,-0.46,0.887,0,,,,
54811,20250923,-88.85,41.84,0.176,-0.43,0.804,0,0.207,-0.43,1,0,0.146,-1.04,1,0,,,,,,,,,0.192,-0.45,0.887,0,,,,
54811,20250924,-88.85,41.84,0.177,-0.42,0.804,0,0.207,-0.42,1,0,0.145,-1.06,1,0,,,,,,,,,0.192,-0.44,0.887,0,,,,
54811,20250925,-88.85,41.84,0.177,-0.42,0.804,0,0.208,-0.4,1,0,0.145,-1.07,1,0,,,,,,,,,0.192,-0.43,0.887,0,,,,
54811,20250926,-88.85,41.84,0.178,-0.42,0.804,0,0.208,-0.39,1,0,0.145,-1.09,1,0,,,,,,,,,0.193,-0.43,0.887,0,,,,
54811,20250927,-88.85,41.84,0.178,-0.42,0.804,0,0.208,-0.38,1,0,0.144,-1.09,1,0,,,,,,,,,0.193,-0.43,0.887,0,,,,
54811,20250928,-88.85,41.84,0.174,-0.45,0.893,0,0.207,-0.39,1,0,0.144,-1.1,1,0,,,,,,,,,0.191,-0.45,0.97,0,,,,
54811,20250929,-88.85,41.84,0.169,-0.49,1,0,0.206,-0.39,1,0,0.143,-1.12,1,0,,,,,,,,,0.188,-0.47,1,0,,,,
54811,20250930,-88.85,41.84,0.165,-0.52,1,0,0.205,-0.4,1,0,0.142,-1.13,1,0,,,,,,,,,0.185,-0.5,1,0,,,,
54811,20251001,-88.85,41.84,0.162,-0.54,1,0,0.204,-0.42,1,0,0.141,-1.14,1,0,,,,,,,,,0.183,-0.52,1,0,,,,
54811,20251002,-88.85,41.84,0.158,-0.56,1,0,0.202,-0.44,1,0,0.14,-1.15,1,0,,,,,,,,,0.18,-0.54,1,0,,,,
54811,20251003,-88.85,41.84,0.155,-0.58,1,0,0.201,-0.45,1,0,0.138,-1.17,1,0,,,,,,,,,0.178,-0.56,1,0,,,,
54811,20251004,-88.85,41.84,0.152,-0.59,1,0,0.2,-0.47,1,0,0.137,-1.18,1,0,,,,,,,,,0.176,-0.57,1,0,,,,
54811,20251005,-88.85,41.84,0.15,-0.61,1,0,0.199,-0.49,1,0,0.136,-1.2,1,0,,,,,,,,,0.175,-0.59,1,0,,,,
54811,20251006,-88.85,41.84,0.148,-0.63,1,0,0.198,-0.51,1,0,0.135,-1.21,1,0,,,,,,,,,0.173,-0.6,1,0,,,,
54811,20251007,-88.85,41.84,0.149,-0.63,0.97,0,0.201,-0.5,0.97,0.018,0.137,-1.2,1,0,,,,,,,,,0.175,-0.59,0.97,0,,,,
54811,20251008,-88.85,41.84,0.162,-0.54,0.827,0,0.223,-0.36,0.827,0.161,0.149,-1.1,1,0,,,,,,,,,0.192,-0.47,0.827,0,,,,
54811,20251009,-88.85,41.84,0.173,-0.48,0.685,0,0.243,-0.24,0.685,0.28,0.161,-1.01,1,0,,,,,,,,,0.208,-0.37,0.685,0,,,,
54811,20251010,-88.85,41.84,0.182,-0.42,0.542,0,0.261,-0.13,0.542,0.28,0.172,-0.92,1,0,,,,,,,,,0.222,-0.27,0.542,0,,,,
54811,20251011,-88.85,41.84,0.192,-0.36,0.399,0,0.279,-0.03,0.399,0.28,0.183,-0.84,1,0,,,,,,,,,0.235,-0.19,0.399,0,,,,
54811,20251012,-88.85,41.84,0.2,-0.31,0.256,0,0.297,0.06,0.256,0.28,0.194,-0.77,1,0,,,,,,,,,0.248,-0.12,0.256,0,,,,
54811,20251013,-88.85,41.84,0.209,-0.26,0.143,0,0.313,0.15,0.113,0.28,0.204,-0.7,1,0,,,,,,,,,0.261,-0.06,0.113,0,,,,
54811,20251014,-88.85,41.84,0.213,-0.24,0.155,0,0.325,0.19,0,0.262,0.213,-0.65,1,0,,,,,,,,,0.269,-0.03,0,0,,,,
54811,20251015,-88.85,41.84,0.206,-0.3,0.298,0,0.317,0.1,0,0.119,0.209,-0.71,1,0,,,,,,,,,0.262,-0.1,0,0,,,,
54811,20251016,-88.85,41.84,0.202,-0.35,0.44,0,0.311,0.01,0,0,0.206,-0.75,1,0,,,,,,,,,0.256,-0.17,0,0,,,,
54811,20251017,-88.85,41.84,0.198,-0.39,0.583,0,0.304,-0.07,0,0,0.204,-0.8,1,0,,,,,,,,,0.251,-0.23,0,0,,,,
54811,20251018,-88.85,41.84,0.195,-0.42,0.714,0,0.299,-0.14,0,0,0.201,-0.84,1,0,,,,,,,,,0.247,-0.28,0.089,0,,,,
54811,20251019,-88.85,41.84,0.2,-0.41,0.714,0,0.309,-0.08,0,0.143,0.205,-0.84,0.97,0,,,,,,,,,0.255,-0.25,0.089,0,,,,
54811,20251020,-88.85,41.84,0.208,-0.37,0.685,0,0.326,0.02,0,0.286,0.214,-0.79,0.887,0,,,,,,,,,0.267,-0.18,0.089,0.03,,,,
54811,20251021,-88.85,41.84,0.215,-0.34,0.56,0,0.34,0.11,0,0.429,0.221,-0.76,0.887,0,,,,,,,,,0.278,-0.12,0.089,0.03,,,,
54811,20251022,-88.85,41.84,0.222,-0.32,0.417,0,0.354,0.21,0,0.571,0.228,-0.73,0.887,0,,,,,,,,,0.288,-0.07,0.089,0.03,,,,
54811,20251023,-88.85,41.84,0.228,-0.31,0.274,0,0.368,0.3,0,0.714,0.234,-0.71,0.887,0,,,,,,,,,0.298,-0.03,0.089,0.03,,,,
54811,20251024,-88.85,41.84,0.235,-0.3,0.22,0,0.381,0.39,0,0.857,0.24,-0.69,0.887,0,,,,,,,,,0.308,0.01,0.089,0.03,,,,
54811,20251025,-88.85,41.84,0.24,-0.31,0.232,0,0.394,0.48,0,0.982,0.246,-0.67,0.887,0,,,,,,,,,0.317,0.03,0,0.03,,,,
54811,20251026,-88.85,41.84,0.238,-0.36,0.375,0,0.391,0.45,0,0.839,0.247,-0.71,0.917,0,,,,,,,,,0.314,-0.03,0,0.03,,,,
54811,20251027,-88.85,41.84,0.232,-0.45,0.518,0,0.383,0.38,0,0.696,0.242,-0.8,1,0,,,,,,,,,0.308,-0.12,0,0,,,,
54811,20251028,-88.85,41.84,0.228,-0.52,0.661,0,0.377,0.32,0,0.554,0.238,-0.88,1,0,,,,,,,,,0.302,-0.2,0.042,0,,,,
54811,20251029,-88.85,41.84,0.224,-0.59,0.804,0,0.371,0.26,0,0.411,0.236,-0.95,1,0,,,,,,,,,0.297,-0.28,0.185,0,,,,
54811,20251030,-88.85,41.84,0.221,-0.66,0.946,0,0.365,0.2,0,0.268,0.233,-1.02,1,0,,,,,,,,,0.293,-0.36,0.327,0,,,,
54811,20251031,-88.85,41.84,0.218,-0.72,1,0,0.36,0.15,0,0.125,0.231,-1.1,1,0,,,,,,,,,0.289,-0.44,0.47,0,,,,
54811,20251101,-88.85,41.84,0.215,-0.77,1,0,0.356,0.09,0,0,0.23,-1.18,1,0,,,,,,,,,0.285,-0.51,0.613,0,,,,
54811,20251102,-88.85,41.84,0.212,-0.82,1,0,0.352,0.03,0,0,0.228,-1.25,1,0,,,,,,,,,0.282,-0.57,0.756,0,,,,
54811,20251103,-88.85,41.84,0.21,-0.87,1,0,0.347,-0.04,0,0,0.227,-1.33,1,0,,,,,,,,,0.278,-0.64,0.899,0,,,,
54811,20251104,-88.85,41.84,0.207,-0.92,1,0,0.343,-0.11,0.065,0,0.225,-1.41,1,0,,,,,,,,,0.275,-0.7,1,0,,,,
54811,20251105,-88.85,41.84,0.204,-0.98,1,0,0.339,-0.18,0.208,0,0.223,-1.49,1,0,,,,,,,,,0.272,-0.76,1,0,,,,
54811,20251106,-88.85,41.84,0.202,-1.03,1,0,0.335,-0.25,0.351,0,0.222,-1.56,1,0,,,,,,,,,0.268,-0.81,1,0,,,,
54811,20251107,-88.85,41.84,0.199,-1.09,1,0,0.33,-0.33,0.494,0,0.22,-1.63,1,0,,,,,,,,,0.265,-0.87,1,0,,,,
54811,20251108,-88.85,41.84,0.197,-1.16,1,0,0.326,-0.4,0.637,0,0.219,-1.69,1,0,,,,,,,,,0.262,-0.92,1,0,,,,
54811,20251109,-88.85,41.84,0.196,-1.21,1,0,0.328,-0.4,0.72,0.054,0.217,-1.74,1,0,,,,,,,,,0.262,-0.94,0.994,0,,,,
54811,20251110,-88.85,41.84,0.197,-1.25,1,0,0.337,-0.28,0.72,0.196,0.218,-1.75,1,0,,,,,,,,,0.267,-0.89,0.994,0,,,,
54811,20251111,-88.85,41.84,0.199,-1.3,1,0,0.346,-0.17,0.655,0.339,0.22,-1.74,1,0,,,,,,,,,0.272,-0.85,0.994,0,,,,
54811,20251112,-88.85,41.84,0.2,-1.34,1,0,0.355,-0.07,0.512,0.369,0.222,-1.71,1,0,,,,,,,,,0.277,-0.81,0.994,0,,,,
54811,20251113,-88.85,41.84,0.203,-1.38,1,0,0.363,0.03,0.369,0.369,0.225,-1.68,1,0,,,,,,,,,0.283,-0.78,0.994,0,,,,
54811,20251114,-88.85,41.84,0.205,-1.42,1,0,0.372,0.14,0.226,0.369,0.227,-1.65,1,0,,,,,,,,,0.288,-0.73,0.994,0,,,,
54811,20251115,-88.85,41.84,0.207,-1.47,1,0,0.381,0.25,0.083,0.369,0.23,-1.61,1,0,,,,,,,,,0.294,-0.69,0.994,0,,,,
54811,20251116,-88.85,41.84,0.209,-1.52,1,0,0.385,0.28,0,0.315,0.233,-1.57,1,0,,,,,,,,,0.297,-0.68,1,0,,,,
54811,20251117,-88.85,41.84,0.207,-1.6,1,0,0.381,0.2,0,0.173,0.233,-1.56,1,0,,,,,,,,,0.294,-0.72,1,0,,,,
54811,20251118,-88.85,41.84,0.207,-1.67,1,0,0.378,0.14,0,0.042,0.233,-1.56,1,0,,,,,,,,,0.293,-0.76,0.994,0,,,,
54811,20251119,-88.85,41.84,0.21,-1.67,1,0,0.384,0.17,0,0.155,0.236,-1.51,1,0,,,,,,,,,0.297,-0.71,0.917,0,,,,
54811,20251120,-88.85,41.84,0.213,-1.67,1,0,0.388,0.19,0,0.185,0.24,-1.46,1,0,,,,,,,,,0.3,-0.68,0.917,0,,,,
54811,20251121,-88.85,41.84,0.216,-1.65,1,0,0.392,0.2,0,0.185,0.244,-1.41,1,0,,,,,,,,,0.304,-0.65,0.917,0,,,,
54811,20251122,-88.85,41.84,0.219,-1.61,1,0,0.396,0.22,0,0.185,0.248,-1.36,1,0,,,,,,,,,0.307,-0.62,0.917,0,,,,
54811,20251123,-88.85,41.84,0.222,-1.57,1,0,0.399,0.23,0,0.185,0.251,-1.32,1,0,,,,,,,,,0.31,-0.6,0.917,0,,,,
54811,20251124,-88.85,41.84,0.225,-1.51,1,0,0.402,0.24,0,0.185,0.254,-1.28,1,0,,,,,,,,,0.313,-0.57,0.917,0,,,,
54811,20251125,-88.85,41.84,0.227,-1.46,1,0,0.405,0.26,0,0.173,0.258,-1.24,1,0,,,,,,,,,0.316,-0.56,0.923,0,,,,
54811,20251126,-88.85,41.84,0.23,-1.42,1,0,0.406,0.25,0,0.173,0.259,-1.23,1,0,,,,,,,,,0.318,-0.56,0.863,0,,,,
54811,20251127,-88.85,41.84,0.232,-1.39,1,0,0.407,0.25,0,0.22,0.261,-1.21,1,0,,,,,,,,,0.32,-0.56,0.863,0,,,,
54811,20251128,-88.85,41.84,0.234,-1.39,1,0,0.408,0.25,0,0.22,0.262,-1.19,1,0,,,,,,,,,0.321,-0.57,0.863,0,,,,
54811,20251129,-88.85,41.84,0.235,-1.38,1,0,0.408,0.25,0,0.22,0.264,-1.17,1,0,,,,,,,,,0.321,-0.59,0.863,0,,,,
54811,20251130,-88.85,41.84,0.236,-1.39,1,0,0.409,0.24,0,0.22,0.266,-1.15,1,0,,,,,,,,,0.322,-0.6,0.863,0,,,,
54811,20251201,-88.85,41.84,0.237,-1.39,1,0,0.409,0.25,0,0.22,0.267,-1.13,1,0,,,,,,,,,0.323,-0.62,0.863,0,,,,
54811,20251202,-88.85,41.84,0.238,-1.4,1,0,0.41,0.25,0,0.22,0.269,-1.11,1,0,,,,,,,,,0.324,-0.63,0.863,0,,,,
54811,20251203,-88.85,41.84,0.236,-1.44,1,0,0.406,0.2,0,0.077,0.269,-1.11,1,0,,,,,,,,,0.321,-0.69,1,0,,,,
54811,20251204,-88.85,41.84,0.236,-1.47,1,0,0.404,0.16,0,0,0.269,-1.12,1,0,,,,,,,,,0.32,-0.73,1,0,,,,
54811,20251205,-88.85,41.84,0.237,-1.48,1,0,0.403,0.15,0,0,0.269,-1.12,1,0,,,,,,,,,0.32,-0.76,1,0,,,,
54811,20251206,-88.85,41.84,0.239,-1.49,1,0,0.403,0.14,0,0,0.27,-1.13,1,0,,,,,,,,,0.321,-0.78,1,0,,,,
54811,20251207,-88.85,41.84,0.242,-1.5,1,0,0.404,0.15,0,0,0.271,-1.13,1,0,,,,,,,,,0.323,-0.82,1,0,,,,
54811,20251208,-88.85,41.84,0.245,-1.51,1,0,0.405,0.16,0,0,0.272,-1.13,1,0,,,,,,,,,0.325,-0.84,1,0,,,,
54811,20251209,-88.85,41.84,0.248,-1.52,1,0,0.407,0.18,0,0,0.274,-1.13,1,0,,,,,,,,,0.328,-0.87,1,0,,,,
54811,20251210,-88.85,41.84,0.25,-1.54,1,0,0.41,0.21,0,0,0.275,-1.13,1,0,,,,,,,,,0.33,-0.89,1,0,,,,
54811,20251211,-88.85,41.84,0.254,-1.54,1,0,0.412,0.24,0,0.072,0.278,-1.12,1,0,,,,,,,,,0.333,-0.91,1,0,,,,
54811,20251212,-88.85,41.84,0.258,-1.53,1,0,0.415,0.27,0,0.217,0.28,-1.11,1,0,,,,,,,,,0.336,-0.92,1,0,,,,
54811,20251213,-88.85,41.84,0.263,-1.51,1,0,0.418,0.31,0,0.361,0.282,-1.1,1,0,,,,,,,,,0.34,-0.9,1,0,,,,
54811,20251214,-88.85,41.84,0.267,-1.49,1,0,0.42,0.34,0,0.416,0.284,-1.09,1,0,,,,,,,,,0.344,-0.88,1,0,,,,
54811,20251215,-88.85,41.84,0.272,-1.47,1,0,0.421,0.36,0,0.416,0.286,-1.09,1,0,,,,,,,,,0.347,-0.86,1,0,,,,
54811,20251216,-88.85,41.84,0.276,-1.46,1,0,0.421,0.36,0,0.416,0.287,-1.09,1,0,,,,,,,,,0.349,-0.85,1,0,,,,
54811,20251217,-88.85,41.84,0.28,-1.44,1,0,0.421,0.36,0,0.411,0.288,-1.11,1,0,,,,,,,,,0.35,-0.84,1,0,,,,
54811,20251218,-88.85,41.84,0.282,-1.45,1,0,0.42,0.34,0,0.339,0.288,-1.14,1,0,,,,,,,,,0.351,-0.84,1,0,,,,
54811,20251219,-88.85,41.84,0.291,-1.37,1,0,0.42,0.36,0,0.315,0.29,-1.15,1,0,,,,,,,,,0.355,-0.76,0.881,0,,,,
54811,20251220,-88.85,41.84,0.296,-1.34,1,0,0.42,0.36,0,0.315,0.291,-1.17,1,0,,,,,,,,,0.358,-0.72,0.851,0,,,,
54811,20251221,-88.85,41.84,0.3,-1.31,1,0,0.419,0.36,0,0.321,0.291,-1.22,1,0,,,,,,,,,0.36,-0.7,0.846,0,,,,
54811,20251222,-88.85,41.84,0.304,-1.3,1,0,0.419,0.36,0,0.333,0.291,-1.27,1,0,,,,,,,,,0.361,-0.68,0.819,0,,,,
54811,20251223,-88.85,41.84,0.307,-1.26,1,0,0.418,0.35,0,0.333,0.291,-1.31,1,0,,,,,,,,,0.363,-0.64,0.781,0,,,,
54811,20251224,-88.85,41.84,0.315,-1.21,1,0,0.42,0.38,0,0.429,0.293,-1.32,1,0,,,,,,,,,0.367,-0.58,0.722,0,,,,
54811,20251225,-88.85,41.84,0.324,-1.08,1,0,0.423,0.45,0,0.571,0.297,-1.28,1,0,,,,,,,,,0.373,-0.45,0.621,0,,,,
54811,20251226,-88.85,41.84,0.326,-1.19,1,0,0.425,0.49,0,0.595,0.3,-1.25,1,0,,,,,,,,,0.376,-0.56,0.881,0,,,,
54811,20251227,-88.85,41.84,0.329,-1.23,1,0,0.427,0.52,0,0.595,0.302,-1.24,1,0,,,,,,,,,0.378,-0.62,1,0,,,,
54811,20251228,-88.85,41.84,0.333,,,,0.429,0.55,0,0.679,0.304,-1.22,1,0,,,,,,,,,0.381,,,,,,,
54811,20251229,-88.85,41.84,0.34,,,,0.434,0.64,0,0.81,0.31,-1.13,0.976,0,,,,,,,,,0.387,,,,,,,
54811,20251230,-88.85,41.84,0.343,,,,0.437,0.67,0,0.935,0.313,-1.09,0.976,0,,,,,,,,,0.39,,,,,,,
54811,20251231,-88.85,41.84,0.348,,,,0.437,0.69,0,0.948,0.314,-1.1,0.976,0,,,,,,,,,0.392,,,,,,,
54811,20260101,-88.85,41.84,0.35,,,,0.435,0.69,0,0.938,0.312,-1.16,0.952,0,,,,,,,,,0.393,,,,,,,
54811,20260102,-88.85,41.84,0.352,,,,0.431,0.65,0,0.924,0.309,-1.26,0.893,0,,,,,,,,,0.392,,,,,,,
54811,20260103,-88.85,41.84,0.354,,,,0.428,0.64,0,0.901,0.307,-1.33,0.821,0,,,,,,,,,0.392,,,,,,,
54811,20260104,-88.85,41.84,,,,,0.426,0.69,0,0.86,0.306,-1.38,0.75,0,,,,,,,,,,,,,,,,
54811,20260105,-88.85,41.84,,,,,0.42,0.5,0,0.758,0.301,-1.51,0.702,0,,,,,,,,,,,,,,,,
54811,20260106,-88.85,41.84,,,,,0.417,0.43,0,0.444,0.299,-1.57,0.631,0,,,,,,,,,,,,,,,,
54811,20260107,-88.85,41.84,,,,,0.415,,,,0.298,-1.59,0.53,0,,,,,,,,,,,,,,,,
54811,20260108,-88.85,41.84,,,,,0.414,,,,0.299,-1.6,0.429,0,,,,,,,,,,,,,,,,
54811,20260109,-88.85,41.84,,,,,0.417,,,,0.3,-1.6,0.405,0,,,,,,,,,,,,,,,,
54811,20260110,-88.85,41.84,,,,,0.42,,,,0.303,-1.59,0.429,0,,,,,,,,,,,,,,,,
54811,20260111,-88.85,41.84,,,,,0.424,,,,0.307,-1.57,0.415,0,,,,,,,,,,,,,,,,
54811,20260112,-88.85,41.84,,,,,0.427,,,,0.309,-1.55,0.396,0,,,,,,,,,,,,,,,,
54811,20260113,-88.85,41.84,,,,,0.43,,,,0.311,-1.52,0.366,0,,,,,,,,,,,,,,,,
54811,20260114,-88.85,41.84,0.347,,,,0.432,,,,0.311,-1.52,0.397,0,,,,,,,,,0.39,,,,,,,
54811,20260115,-88.85,41.84,0.343,,,,0.433,,,,0.311,-1.48,0.588,0,,,,,,,,,0.388,,,,,,,
54811,20260116,-88.85,41.84,0.33,,,,0.432,,,,0.31,-1.39,1,0,,,,,,,,,0.381,,,,,,,
54811,20260117,-88.85,41.84,0.317,,,,0.429,,,,0.308,,,,,,,,,,,,0.373,,,,,,,
54811,20260118,-88.85,41.84,0.311,,,,0.425,,,,0.305,,,,,,,,,,,,0.369,,,,,,,
54811,20260119,-88.85,41.84,,,,,0.424,,,,0.308,,,,,,,,,,,,,,,,,,,
54811,20260120,-88.85,41.84,,,,,0.423,,,,0.316,,,,,,,,,,,,,,,,,,,
54811,20260121,-88.85,41.84,,,,,,,,,0.325,,,,,,,,,,,,,,,,,,,
54811,20260122,-88.85,41.84,,,,,,,,,0.335,,,,,,,,,,,,,,,,,,,
54811,20260123,-88.85,41.84,,,,,,,,,0.345,,,,,,,,,,,,,,,,,,,
54811,20260124,-88.85,41.84,,,,,,,,,0.354,,,,,,,,,,,,,,,,,,,
54811,20260125,-88.85,41.84,,,,,,,,,0.363,,,,,,,,,,,,,,,,,,,
54811,20260126,-88.85,41.84,,,,,,,,,0.368,,,,,,,,,,,,,,,,,,,
54811,20260127,-88.85,41.84,,,,,,,,,,,,,,,,,,,,,,,,,,,,
54811,20260128,-88.85,41.84,,,,,,,,,,,,,,,,,,,,,,,,,,,,
54811,20260129,-88.85,41.84,,,,,,,,,,,,,,,,,,,,,,,,,,,,
54811,20260130,-88.85,41.84,,,,,,,,,,,,,,,,,,,,,,,,,,,,
54811,20260131,-88.85,41.84,,,,,,,,,,,,,,,,,,,,,,,,,,,,
54811,20260201,-88.85,41.84,,,,,,,,,,,,,,,,,,,,,,,,,,,,
54811,20260202,-88.85,41.84,,,,,,,,,,,,,,,,,,,,,,,,,,,,
54811,20260203,-88.85,41.84,,,,,,,,,,,,,,,,,,,,,,,,,,,,
54811,20260204,-88.85,41.84,,,,,,,,,,,,,,,,,,,,,,,,,,,,
54811,20260205,-88.85,41.84,,,,,,,,,,,,,,,,,,,,,,,,,,,,
54811,20260206,-88.85,41.84,,,,,,,,,,,,,,,,,,,,,,,,,,,,
54811,20260207,-88.85,41.84,,,,,,,,,,,,,,,,,,,,,,,,,,,,
54811,20260208,-88.85,41.84,,,,,,,,,,,,,,,,,,,,,,,,,,,,
54811,20260209,-88.85,41.84,,,,,,,,,,,,,,,,,,,,,,,,,,,,
54811,20260210,-88.85,41.84,,,,,,,,,,,,,,,,,,,,,,,,,,,,
54811,20260211,-88.85,41.84,,,,,,,,,,,,,,,,,,,,,,,,,,,,
54811,20260212,-88.85,41.84,,,,,,,,,,,,,,,,,,,,,,,,,,,,
54811,20260213,-88.85,41.84,,,,,,,,,,,,,,,,,,,,,,,,,,,,
54811,20260214,-88.85,41.84,,,,,,,,,,,,,,,,,,,,,,,,,,,,
54811,20260215,-88.85,41.84,,,,,,,,,,,,,,,,,,,,,,,,,,,,
54811,20260216,-88.85,41.84,,,,,,,,,,,,,,,,,,,,,,,,,,,,
54811,20260217,-88.85,41.84,,,,,,,,,,,,,,,,,,,,,,,,,,,,
54811,20260218,-88.85,41.84,,,,,,,,,,,,,,,,,,,,,,,,,,,,
54811,20260219,-88.85,41.84,,,,,,,,,,,,,,,,,,,,,,,,,,,,
54811,20260220,-88.85,41.84,,,,,,,,,,,,,,,,,,,,,,,,,,,,
54811,20260221,-88.85,41.84,,,,,,,,,,,,,,,,,,,,,,,,,,,,
54811,20260222,-88.85,41.84,,,,,,,,,,,,,,,,,,,,,,,,,,,,
54811,20260223,-88.85,41.84,,,,,,,,,,,,,,,,,,,,,,,,,,,,
54811,20260224,-88.85,41.84,,,,,,,,,,,,,,,,,,,,,,,,,,,,
54811,20260225,-88.85,41.84,,,,,,,,,,,,,,,,,,,,,,,,,,,,
54811,20260226,-88.85,41.84,,,,,,,,,,,,,,,,,,,,,,,,,,,,
54811,20260227,-88.85,41.84,,,,,,,,,,,,,,,,,,,,,,,,,,,,
54811,20260228,-88.85,41.84,,,,,,,,,,,,,,,,,,,,,,,,,,,,
54811,20260301,-88.85,41.84,,,,,,,,,,,,,,,,,,,,,,,,,,,,
54811,20260302,-88.85,41.84,,,,,,,,,,,,,,,,,,,,,,,,,,,,
54811,20260303,-88.85,41.84,,,,,,,,,,,,,,,,,,,,,,,,,,,,
54811,20260304,-88.85,41.84,,,,,,,,,,,,,,,,,,,,,,,,,,,,
54811,20260305,-88.85,41.84,,,,,,,,,,,,,,,,,,,,,,,,,,,,
54811,20260306,-88.85,41.84,,,,,,,,,,,,,,,,,,,,,,,,,,,,
54811,20260307,-88.85,41.84,,,,,,,,,,,,,,,,,,,,,,,,,,,,
54811,20260308,-88.85,41.84,,,,,,,,,,,,,,,,,,,,,,,,,,,,
54811,20260309,-88.85,41.84,,,,,,,,,,,,,,,,,,,,,,,,,,,,
54811,20260310,-88.85,41.84,,,,,,,,,,,,,,,,,,,,,,,,,,,,
54811,20260311,-88.85,41.84,,,,,,,,,,,,,,,,,,,,,,,,,,,,
54811,20260312,-88.85,41.84,,,,,,,,,,,,,,,,,,,,,,,,,,,,
54811,20260313,-88.85,41.84,0.353,,,,0.43,,,,0.348,,,,,,,,,,,,,,,,,,,
54811,20260314,-88.85,41.84,0.345,,,,0.427,,,,0.342,,,,,,,,,,,,0.386,,,,,,,
54811,20260315,-88.85,41.84,0.344,,,,0.419,,,,0.328,,,,,,,,,,,,0.381,,,,,,,
54811,20260316,-88.85,41.84,0.349,0.26,0,0.25,0.421,,,,0.319,,,,,,,,,,,,0.385,,,,,,,
54811,20260317,-88.85,41.84,0.35,-0.29,0.6,0.1,0.421,,,,0.314,,,,,,,,,,,,0.385,,,,,,,
54811,20260318,-88.85,41.84,0.342,-0.75,0.8,0.05,0.42,,,,0.314,,,,,,,,,,,,0.381,,,,,,,
54811,20260319,-88.85,41.84,0.332,-1.08,0.897,0.026,0.42,0.38,0,1,0.313,-1.07,1,0,,,,,,,,,0.376,,,,,,,
54811,20260320,-88.85,41.84,0.331,-0.95,0.933,0.017,0.422,0.34,0,0.167,0.314,-1.09,1,0,,,,,,,,,0.376,0,0,0,,,,
54811,20260321,-88.85,41.84,0.333,-0.83,0.952,0.012,0.424,0.3,0,0.073,0.315,-1.14,1,0,,,,,,,,,0.378,-0.04,0,0,,,,
54811,20260322,-88.85,41.84,0.334,-0.78,0.963,0.009,0.426,0.27,0,0.046,0.316,-1.18,1,0,,,,,,,,,0.38,-0.08,0,0,,,,
54811,20260323,-88.85,41.84,0.33,-0.79,1,0,0.423,0.25,0,0.034,0.313,-1.21,1,0,,,,,,,,,0.376,-0.11,0,0,,,,
54811,20260324,-88.85,41.84,0.329,-0.78,1,0,0.421,0.21,0,0.027,0.312,-1.26,1,0,,,,,,,,,0.375,-0.15,0,0,,,,
54811,20260325,-88.85,41.84,0.333,-0.75,1,0,0.421,0.19,0,0.022,0.311,-1.3,1,0,,,,,,,,,0.377,-0.19,0.126,0,,,,
54811,20260326,-88.85,41.84,0.339,-0.67,1,0,0.419,0.16,0,0.006,0.309,-1.36,1,0,,,,,,,,,0.379,-0.21,0.245,0,,,,
54811,20260327,-88.85,41.84,0.341,-0.63,0.929,0,0.42,0.18,0,0.072,0.309,-1.38,1,0,,,,,,,,,0.38,-0.18,0.288,0.025,,,,
54811,20260328,-88.85,41.84,0.341,-0.62,0.929,0,0.421,0.2,0,0.149,0.309,-1.38,1,0,,,,,,,,,0.381,-0.16,0.28,0.024,,,,
54811,20260329,-88.85,41.84,0.341,-0.61,0.929,0,0.421,0.2,0,0.149,0.31,-1.39,1,0,,,,,0.291,,,,0.381,-0.15,0.28,0.024,,,,
54811,20260330,-88.85,41.84,0.341,-0.59,0.929,0,0.421,0.21,0,0.149,0.31,-1.41,1,0,,,,,,,,,0.381,-0.14,0.28,0.024,,,,
54811,20260331,-88.85,41.84,0.342,-0.56,0.929,0,0.422,0.22,0,0.149,0.31,-1.42,1,0,,,,,,,,,0.382,-0.11,0.28,0.024,,,,
54811,20260401,-88.85,41.84,0.344,-0.51,0.929,0,0.424,0.25,0,0.149,0.311,-1.43,1,0,,,,,,,,,0.384,-0.07,0.185,0.024,,,,
54811,20260402,-88.85,41.84,0.348,-0.43,0.887,0.024,0.427,0.31,0,0.185,0.314,-1.38,0.97,0.006,,,,,,,,,0.388,0.01,0.06,0.06,,,,
54811,20260403,-88.85,41.84,0.354,-0.32,0.815,0.065,0.44,0.49,0,0.256,0.329,-1.02,0.827,0.125,,,,,,,,,0.397,0.19,0,0.179,,,,
54811,20260404,-88.85,41.84,0.359,-0.2,0.673,0.119,0.451,0.67,0,0.321,0.343,-0.66,0.685,0.268,,,,,,,,,0.405,0.35,0,0.321,,,,
54811,20260405,-88.85,41.84,0.37,-0.01,0.53,0.232,0.464,0.86,0,0.464,0.357,-0.32,0.542,0.411,,,,,,,,,0.417,0.58,0,0.464,,,,
54811,20260406,-88.85,41.84,0.374,0.07,0.387,0.232,0.471,0.98,0,0.607,0.365,-0.13,0.446,0.435,,,,,,,,,0.423,0.69,0,0.607,,,,
54811,20260407,-88.85,41.84,0.376,0.12,0.244,0.232,0.476,1.05,0,0.75,0.37,-0.02,0.446,0.435,,,,,,,,,0.426,0.76,0,0.69,,,,
54811,20260408,-88.85,41.84,0.376,0.14,0.101,0.232,0.478,1.1,0,0.893,0.372,0.04,0.446,0.435,,,,,,,,,0.427,0.79,0,0.69,,,,
54811,20260409,-88.85,41.84,0.373,0.13,0,0.208,0.478,1.11,0,1,0.372,0.05,0.476,0.429,,,,,,,,,0.426,0.78,0,0.655,,,,
54811,20260410,-88.85,41.84,0.368,0.06,0,0.19,0.467,0.95,0,1,0.358,-0.3,0.619,0.31,,,,,,,,,0.417,0.63,0,0.542,,,,
54811,20260411,-88.85,41.84,0.364,0.02,0,0.137,0.459,0.84,0,1,0.345,-0.6,0.762,0.167,,,,,,,,,0.412,0.52,0,0.542,,,,
54811,20260412,-88.85,41.84,0.355,-0.11,0,0.024,0.448,0.69,0,1,0.333,-0.89,0.905,0.024,,,,,,,,,0.402,0.34,0,0.464,,,,
54811,20260413,-88.85,41.84,0.354,-0.1,0,0.024,0.443,0.63,0,1,0.327,-1.03,1,0,,,,,,,,,0.398,0.29,0,0.375,,,,
54811,20260414,-88.85,41.84,0.355,-0.07,0,0.024,0.441,0.62,0,1,0.325,-1.05,1,0,,,,,,,,,0.398,0.3,0,0.435,,,,
54811,20260415,-88.85,41.84,0.358,-0.01,0,0.024,0.443,0.65,0,1,0.326,-1.01,1,0,,,,,,,,,0.401,0.34,0,0.577,,,,
54811,20260416,-88.85,41.84,0.365,0.09,0,0.149,0.449,0.74,0,1,0.331,-0.87,0.899,0,,,,,,,,,0.407,0.45,0,0.72,,,,
54811,20260417,-88.85,41.84,0.368,0.15,0,0.173,0.452,0.79,0,1,0.334,-0.77,0.851,0,,,,,,,,,0.41,0.51,0,0.833,,,,
54811,20260418,-88.85,41.84,0.37,0.18,0,0.232,0.454,0.82,0,1,0.336,-0.69,0.792,0.03,,,,,,,,,0.412,0.54,0,0.833,,,,
54811,20260419,-88.85,41.84,0.372,0.22,0,0.262,0.458,0.88,0,1,0.34,-0.57,0.649,0.03,,,,,,,,,0.415,0.59,0,0.911,,,,
54811,20260420,-88.85,41.84,0.372,0.23,0,0.262,0.46,0.92,0,1,0.342,-0.49,0.637,0.03,,,,,,,,,0.416,0.61,0,1,,,,
54811,20260421,-88.85,41.84,0.371,0.22,0,0.262,0.46,0.92,0,1,0.342,-0.45,0.637,0.03,,,,,,,,,0.415,0.6,0,0.964,,,,
54811,20260422,-88.85,41.84,0.368,0.2,0,0.262,0.457,0.89,0,1,0.341,-0.44,0.637,0.03,,,,,,,,,0.412,0.56,0,0.821,,,,
54811,20260423,-88.85,41.84,0.36,0.12,0,0.137,0.45,0.79,0,1,0.336,-0.53,0.738,0.03,,,,,,,,,0.405,0.46,0,0.679,,,,
54811,20260424,-88.85,41.84,0.352,0.06,0,0.089,0.443,0.71,0,0.982,0.331,-0.59,0.786,0.03,,,,,,,,,0.397,0.36,0,0.536,,,,
54811,20260425,-88.85,41.84,0.343,-0.03,0,0.03,0.434,0.6,0,0.851,0.325,-0.69,0.845,0,,,,,,,,,0.388,0.25,0,0.393,,,,
54811,20260426,-88.85,41.84,0.332,-0.11,0.006,0,0.424,0.48,0,0.708,0.317,-0.8,0.988,0,,,,,,,,,0.378,0.13,0,0.25,,,,
54811,20260427,-88.85,41.84,0.322,-0.19,0.077,0,0.415,0.37,0,0.565,0.312,-0.88,1,0,,,,,,,,,0.368,0.03,0,0.107,,,,
54811,20260428,-88.85,41.84,0.316,-0.22,0.107,0,0.407,0.28,0,0.423,0.307,-0.94,1,0,,,,,0.292,,,,0.361,-0.04,0,0,,,,
54811,20260429,-88.85,41.84,0.311,-0.24,0.107,0,0.401,0.21,0,0.28,0.303,-0.98,1,0,,,,,0.292,,,,0.356,-0.08,0,0,,,,
54811,20260430,-88.85,41.84,0.306,-0.26,0.107,0,0.394,0.14,0,0.137,0.299,-1.02,1,0,,,,,,,,,0.35,-0.13,0,0,,,,
54811,20260501,-88.85,41.84,0.303,-0.26,0.107,0,0.388,0.08,0,0.012,0.296,-1.04,1,0,,,,,,,,,0.345,-0.16,0,0,,,,
54811,20260502,-88.85,41.84,0.302,-0.25,0.107,0,0.382,0.02,0,0,0.292,-1.06,1,0,,,,,,,,,0.342,-0.18,0,0,,,,
54811,20260503,-88.85,41.84,0.3,-0.23,0.101,0,0.378,-0.02,0,0,0.289,-1.07,1,0,,,,,,,,,0.339,-0.19,0,0,,,,
54811,20260504,-88.85,41.84,0.3,-0.2,0.03,0,0.374,-0.04,0,0,0.287,-1.07,1,0,,,,,,,,,0.337,-0.19,0,0,,,,
54811,20260505,-88.85,41.84,0.294,-0.23,0,0,0.37,-0.07,0,0,0.284,-1.09,1,0,,,,,,,,,0.332,-0.22,0,0,,,,
54811,20260506,-88.85,41.84,0.286,-0.26,0.006,0,0.364,-0.12,0,0,0.28,-1.11,1,0,,,,,,,,,0.325,-0.27,0,0,,,,
54811,20260507,-88.85,41.84,0.279,-0.3,0.083,0,0.358,-0.16,0,0,0.276,-1.14,1,0,,,,,,,,,0.318,-0.31,0.089,0,,,,
54811,20260508,-88.85,41.84,0.27,-0.34,0.226,0,0.352,-0.19,0,0,0.271,-1.17,1,0,,,,,,,,,0.311,-0.35,0.232,0,,,,
54811,20260509,-88.85,41.84,0.26,-0.4,0.369,0,0.346,-0.23,0.006,0,0.267,-1.21,1,0,,,,,,,,,0.303,-0.4,0.375,0,,,,
54811,20260510,-88.85,41.84,0.25,-0.46,0.512,0,0.339,-0.27,0.083,0,0.261,-1.25,1,0,,,,,,,,,0.294,-0.45,0.518,0,,,,
54811,20260511,-88.85,41.84,0.239,-0.52,0.655,0,0.33,-0.32,0.226,0,0.255,-1.29,1,0,,,,,,,,,0.284,-0.51,0.661,0,,,,
54811,20260512,-88.85,41.84,0.229,-0.58,0.798,0,0.321,-0.37,0.369,0,0.248,-1.32,1,0,,,,,,,,,0.275,-0.57,0.804,0,,,,
54811,20260513,-88.85,41.84,0.219,-0.64,0.935,0,0.312,-0.42,0.512,0,0.242,-1.35,1,0,,,,,,,,,0.266,-0.62,0.946,0,,,,
54811,20260514,-88.85,41.84,0.211,-0.68,1,0,0.304,-0.47,0.655,0,0.235,-1.37,1,0,,,,,,,,,0.257,-0.67,1,0,,,,
54811,20260515,-88.85,41.84,0.203,-0.73,1,0,0.295,-0.53,0.798,0,0.228,-1.38,1,0,,,,,,,,,0.249,-0.72,1,0,,,,
54811,20260516,-88.85,41.84,0.195,-0.77,1,0,0.286,-0.58,0.935,0,0.221,-1.4,1,0,,,,,,,,,0.24,-0.77,1,0,,,,
54811,20260517,-88.85,41.84,0.188,-0.8,1,0,0.278,-0.62,1,0,0.214,-1.41,1,0,,,,,,,,,0.233,-0.81,1,0,,,,
54811,20260518,-88.85,41.84,0.183,-0.82,1,0,0.272,-0.66,1,0,0.208,-1.41,1,0,,,,,,,,,0.228,-0.83,1,0,,,,
54811,20260519,-88.85,41.84,0.179,-0.83,1,0,0.266,-0.68,1,0,0.203,-1.41,1,0,,,,,,,,,0.223,-0.85,1,0,,,,
54811,20260520,-88.85,41.84,0.176,-0.83,1,0,0.262,-0.69,1,0,0.198,-1.4,1,0,,,,,,,,,0.219,-0.86,1,0,,,,
54811,20260521,-88.85,41.84,0.173,-0.83,1,0,0.257,-0.7,1,0,0.194,-1.39,1,0,,,,,,,,,0.215,-0.87,1,0,,,,
54811,20260522,-88.85,41.84,0.17,-0.83,1,0,0.253,-0.7,1,0,0.189,-1.39,1,0,,,,,,,,,0.211,-0.87,1,0,,,,
54811,20260523,-88.85,41.84,0.168,-0.83,1,0,0.249,-0.69,1,0,0.185,-1.38,1,0,,,,,,,,,0.209,-0.86,1,0,,,,
54811,20260524,-88.85,41.84,0.166,-0.82,0.994,0,0.246,-0.69,1,0,0.181,-1.36,1,0,,,,,,,,,0.206,-0.86,1,0,,,,
54811,20260525,-88.85,41.84,0.173,-0.75,0.964,0,0.245,-0.66,1,0,0.178,-1.34,1,0,,,,,,,,,0.209,-0.8,1,0,,,,
54811,20260526,-88.85,41.84,0.178,-0.7,0.964,0,0.243,-0.63,1,0,0.175,-1.31,1,0,,,,,,,,,0.21,-0.75,1,0,,,,
54811,20260527,-88.85,41.84,0.181,-0.66,0.964,0,0.241,-0.61,1,0,0.172,-1.28,1,0,,,,,,,,,0.211,-0.72,1,0,,,,
54811,20260528,-88.85,41.84,0.183,-0.63,0.964,0,0.238,-0.6,1,0,0.169,-1.25,1,0,,,,,,,,,0.211,-0.68,1,0,,,,
54811,20260529,-88.85,41.84,0.184,-0.61,0.964,0,0.236,-0.58,1,0,0.166,-1.22,1,0,,,,,,,,,0.21,-0.65,1,0,,,,
54811,20260530,-88.85,41.84,0.184,-0.6,0.964,0,0.234,-0.57,1,0,0.164,-1.19,1,0,,,,,,,,,0.209,-0.63,1,0,,,,
54811,20260531,-88.85,41.84,0.183,-0.59,0.97,0,0.231,-0.57,1,0,0.162,-1.16,1,0,,,,,,,,,0.207,-0.61,1,0,,,,
54811,20260601,-88.85,41.84,0.173,-0.65,1,0,0.226,-0.59,1,0,0.159,-1.15,1,0,,,,,,,,,0.199,-0.65,1,0,,,,
54811,20260602,-88.85,41.84,0.165,-0.7,1,0,0.221,-0.61,1,0,0.156,-1.15,1,0,,,,,,,,,0.193,-0.68,1,0,,,,
54811,20260603,-88.85,41.84,0.158,-0.73,1,0,0.216,-0.63,1,0,0.153,-1.15,1,0,,,,,,,,,0.187,-0.71,1,0,,,,
54811,20260604,-88.85,41.84,0.152,-0.76,0.994,0,0.212,-0.65,1,0,0.149,-1.16,0.994,0,,,,,,,,,0.182,-0.74,1,0,,,,
54811,20260605,-88.85,41.84,0.147,-0.78,0.994,0,0.209,-0.66,1,0,0.146,-1.16,0.994,0,,,,,,,,,0.178,-0.76,1,0,,,,
54811,20260606,-88.85,41.84,0.144,-0.79,0.958,0,0.206,-0.67,1,0,0.144,-1.17,0.994,0,,,,,,,,,0.175,-0.78,1,0,,,,
54811,20260607,-88.85,41.84,0.141,-0.79,0.958,0,0.204,-0.67,1,0,0.142,-1.17,0.994,0,,,,,,,,,0.172,-0.78,1,0,,,,
54811,20260608,-88.85,41.84,0.149,-0.73,0.863,0,0.215,-0.59,0.899,0.006,0.142,-1.15,0.994,0,,,,,,,,,0.182,-0.71,0.905,0,,,,
54811,20260609,-88.85,41.84,0.163,-0.63,0.72,0,0.239,-0.42,0.756,0.065,0.145,-1.11,0.994,0,,,,,,,,,0.201,-0.57,0.762,0.036,,,,
54811,20260610,-88.85,41.84,0.177,-0.53,0.581,0,0.266,-0.23,0.617,0.204,0.15,-1.07,0.994,0,,,,,,,,,0.221,-0.42,0.623,0.036,,,,
54811,20260611,-88.85,41.84,0.194,-0.42,0.443,0,0.294,-0.04,0.473,0.347,0.157,-1.01,1,0,,,,,,,,,0.244,-0.26,0.479,0.072,,,,
54811,20260612,-88.85,41.84,0.212,-0.3,0.299,0,0.331,0.21,0.329,0.491,0.168,-0.93,1,0,,,,,,,,,0.272,-0.07,0.335,0.18,,,,
54811,20260613,-88.85,41.84,0.23,-0.2,0.192,0,0.363,0.43,0.186,0.635,0.181,-0.83,1,0,,,,,,,,,0.296,0.09,0.192,0.21,,,,
54811,20260614,-88.85,41.84,0.245,-0.11,0.048,0,0.392,0.62,0.042,0.778,0.194,-0.73,1,0,,,,,,,,,0.319,0.24,0.048,0.21,,,,
54811,20260615,-88.85,41.84,0.251,-0.09,0,0,0.405,0.71,0,0.916,0.205,-0.66,1,0,,,,,,,,,0.328,0.29,0,0.21,,,,
54811,20260616,-88.85,41.84,0.249,-0.11,0,0,0.403,0.69,0,0.928,0.212,-0.6,1,0,,,,,,,,,0.326,0.27,0,0.174,,,,
54811,20260617,-88.85,41.84,0.246,-0.14,0,0,0.395,0.64,0,0.786,0.217,-0.57,1,0,,,,,,,,,0.32,0.23,0,0.173,,,,
54811,20260618,-88.85,41.84,0.246,-0.14,0,0,0.392,0.62,0,0.75,0.222,-0.54,1,0,,,,,,,,,0.319,0.22,0,0.137,,,,
54811,20260619,-88.85,41.84,0.243,-0.16,0,0,0.381,0.56,0,0.75,0.223,-0.53,1,0,,,,,,,,,0.312,0.17,0,0.03,,,,
54811,20260620,-88.85,41.84,0.241,-0.18,0,0,0.373,0.5,0,0.75,0.221,-0.54,1,0,,,,,,,,,0.307,0.14,0,0,,,,
54811,20260621,-88.85,41.84,0.239,-0.2,0,0,0.365,0.45,0,0.625,0.22,-0.55,1,0,,,,,,,,,0.302,0.1,0,0,,,,
54811,20260622,-88.85,41.84,0.243,-0.18,0,0,0.369,0.48,0,0.565,0.225,-0.51,0.917,0,,,,,,,,,0.306,0.12,0,0.083,,,,
54811,20260623,-88.85,41.84,0.254,-0.13,0,0,0.381,0.56,0,0.637,0.237,-0.43,0.774,0,,,,,,,,,0.318,0.19,0,0.226,,,,
54811,20260624,-88.85,41.84,0.26,-0.1,0,0,0.389,0.61,0,0.752,0.243,-0.38,0.711,0,,,,,,,,,0.325,0.23,0,0.289,,,,
