WBANNO,USDM_WEEK,LONGITUDE,LATITUDE,SMVWC_5_CM_MEAN,SMANOM_5_CM_MEAN,SMPERC_5_CM_30COUNTS,SMPERC_5_CM_70COUNTS,SMVWC_10_CM_MEAN,SMANOM_10_CM_MEAN,SMPERC_10_CM_30COUNTS,SMPERC_10_CM_70COUNTS,SMVWC_20_CM_MEAN,SMANOM_20_CM_MEAN,SMPERC_20_CM_30COUNTS,SMPERC_20_CM_70COUNTS,SMVWC_50_CM_MEAN,SMANOM_50_CM_MEAN,SMPERC_50_CM_30COUNTS,SMPERC_50_CM_70COUNTS,SMVWC_100_CM_MEAN,SMANOM_100_CM_MEAN,SMPERC_100_CM_30COUNTS,SMPERC_100_CM_70COUNTS,SMVWC_TOP_CM_MEAN,SMANOM_TOP_CM_MEAN,SMPERC_TOP_CM_30COUNTS,SMPERC_TOP_CM_70COUNTS,SMVWC_COLUMN_CM_MEAN,SMANOM_COLUMN_CM_MEAN,SMPERC_COLUMN_CM_30COUNTS,SMPERC_COLUMN_CM_70COUNTS
54808,20090713,-88.37,40.05,,,,,,,,,,,,,,,,,,,,,,,,,,,,
54808,20090714,-88.37,40.05,,,,,,,,,,,,,,,,,,,,,,,,,,,,
54808,20090715,-88.37,40.05,,,,,,,,,,,,,,,,,,,,,,,,,,,,
54808,20090716,-88.37,40.05,,,,,,,,,,,,,,,,,,,,,,,,,,,,
54808,20090717,-88.37,40.05,,,,,,,,,,,,,,,,,,,,,,,,,,,,
54808,20090718,-88.37,40.05,,,,,,,,,,,,,,,,,,,,,,,,,,,,
54808,20090719,-88.37,40.05,0.438,1.2,0,1,0.439,1.26,0,1,0.407,0.94,0,1,,,,,,,,,0.438,1.25,0,1,,,,
54808,20090720,-88.37,40.05,0.437,1.21,0,1,0.44,1.28,0,1,0.406,0.95,0,1,,,,,,,,,0.438,1.26,0,1,,,,
54808,20090721,-88.37,40.05,0.434,1.21,0,1,0.44,1.3,0,1,0.407,0.97,0,1,,,,,,,,,0.437,1.27,0,1,,,,
54808,20090722,-88.37,40.05,0.43,1.2,0,1,0.44,1.31,0,1,0.408,0.99,0,1,,,,,,,,,0.435,1.28,0,1,,,,
54808,20090723,-88.37,40.05,0.42,1.16,0,1,0.437,1.32,0,1,0.407,1,0,1,,,,,,,,,0.429,1.25,0,1,,,,
54808,20090724,-88.37,40.05,0.411,1.12,0,1,0.435,1.31,0,1,0.405,1,0,1,,,,,,,,,0.423,1.23,0,1,,,,
54808,20090725,-88.37,40.05,0.404,1.1,0,1,0.432,1.31,0,1,0.405,1.02,0,1,,,,,,,,,0.418,1.22,0,1,,,,
54808,20090726,-88.37,40.05,0.405,1.14,0,1,0.431,1.33,0,1,0.406,1.05,0,1,,,,,,,,,0.418,1.24,0,1,,,,
54808,20090727,-88.37,40.05,0.403,1.16,0,1,0.43,1.34,0,1,0.407,1.08,0,1,,,,,,,,,0.417,1.26,0,1,,,,
54808,20090728,-88.37,40.05,0.402,1.18,0,1,0.429,1.36,0,1,0.408,1.1,0,1,,,,,,,,,0.415,1.27,0,1,,,,
54808,20090729,-88.37,40.05,0.403,1.22,0,1,0.429,1.38,0,1,0.409,1.13,0,1,,,,,,,,,0.416,1.3,0,1,,,,
54808,20090730,-88.37,40.05,0.409,1.29,0,1,0.43,1.4,0,1,0.411,1.16,0,1,,,,,,,,,0.42,1.34,0,1,,,,
54808,20090731,-88.37,40.05,0.414,1.36,0,1,0.431,1.43,0,1,0.413,1.18,0,1,,,,,,,,,0.423,1.39,0,1,,,,
54808,20090801,-88.37,40.05,0.417,1.4,0,1,0.432,1.45,0,1,0.414,1.2,0,1,,,,,,,,,0.424,1.43,0,1,,,,
54808,20090802,-88.37,40.05,0.412,1.4,0,1,0.431,1.47,0,1,0.413,1.2,0,1,,,,,,,,,0.422,1.45,0,1,,,,
54808,20090803,-88.37,40.05,0.41,1.41,0,1,0.43,1.49,0,1,0.413,1.19,0,1,,,,,,,,,0.42,1.47,0,1,,,,
54808,20090804,-88.37,40.05,0.407,1.43,0,1,0.43,1.51,0,1,0.412,1.19,0,1,,,,,,,,,0.418,1.5,0,1,,,,
54808,20090805,-88.37,40.05,0.41,1.48,0,1,0.43,1.55,0,1,0.413,1.2,0,1,,,,,,,,,0.42,1.56,0,1,,,,
54808,20090806,-88.37,40.05,0.41,1.52,0,1,0.431,1.59,0,1,0.413,1.21,0,1,,,,,,,,,0.42,1.6,0,1,,,,
54808,20090807,-88.37,40.05,0.41,1.55,0,1,0.43,1.62,0,1,0.413,1.22,0,1,,,,,,,,,0.42,1.64,0,1,,,,
54808,20090808,-88.37,40.05,0.41,1.59,0,1,0.431,1.64,0,1,0.413,1.22,0,1,,,,,,,,,0.42,1.67,0,1,,,,
54808,20090809,-88.37,40.05,0.411,1.63,0,1,0.431,1.67,0,1,0.413,1.23,0,1,,,,,,,,,0.421,1.71,0,1,,,,
54808,20090810,-88.37,40.05,0.413,1.66,0,1,0.432,1.69,0,1,0.414,1.24,0,1,,,,,,,,,0.422,1.74,0,1,,,,
54808,20090811,-88.37,40.05,0.414,1.69,0,1,0.433,1.7,0,1,0.415,1.26,0,1,,,,,,,,,0.423,1.76,0,1,,,,
54808,20090812,-88.37,40.05,0.405,1.64,0,1,0.431,1.68,0,1,0.414,1.25,0,1,,,,,,,,,0.418,1.73,0,1,,,,
54808,20090813,-88.37,40.05,0.394,1.56,0,1,0.428,1.66,0,1,0.412,1.25,0,1,,,,,,,,,0.411,1.68,0,1,,,,
54808,20090814,-88.37,40.05,0.38,1.46,0,1,0.424,1.63,0,1,0.41,1.23,0,1,,,,,,,,,0.402,1.62,0,1,,,,
54808,20090815,-88.37,40.05,0.366,1.35,0,1,0.419,1.59,0,1,0.408,1.21,0,1,,,,,,,,,0.393,1.55,0,1,,,,
54808,20090816,-88.37,40.05,0.349,1.23,0,1,0.414,1.56,0,1,0.405,1.19,0,1,,,,,,,,,0.381,1.46,0,1,,,,
54808,20090817,-88.37,40.05,0.339,1.17,0,1,0.409,1.53,0,1,0.403,1.17,0,1,,,,,,,,,0.374,1.42,0,1,,,,
54808,20090818,-88.37,40.05,0.336,1.17,0,1,0.405,1.52,0,1,0.402,1.16,0,1,,,,,,,,,0.37,1.41,0,1,,,,
54808,20090819,-88.37,40.05,0.337,1.21,0,1,0.402,1.51,0,1,0.401,1.15,0,1,,,,,,,,,0.369,1.42,0,1,,,,
54808,20090820,-88.37,40.05,0.349,1.34,0,1,0.402,1.52,0,1,0.401,1.16,0,1,,,,,,,,,0.376,1.5,0,1,,,,
54808,20090821,-88.37,40.05,0.366,1.5,0,1,0.404,1.55,0,1,0.404,1.19,0,1,,,,,,,,,0.385,1.59,0,1,,,,
54808,20090822,-88.37,40.05,0.383,1.65,0,1,0.407,1.58,0,1,0.406,1.21,0,1,,,,,,,,,0.395,1.69,0,1,,,,
54808,20090823,-88.37,40.05,0.401,1.8,0,1,0.411,1.61,0,1,0.408,1.24,0,1,,,,,,,,,0.406,1.78,0,1,,,,
54808,20090824,-88.37,40.05,0.413,1.88,0,1,0.414,1.62,0,1,0.41,1.25,0,1,,,,,,,,,0.414,1.83,0,1,,,,
54808,20090825,-88.37,40.05,0.418,1.89,0,1,0.416,1.62,0,1,0.41,1.25,0,1,,,,,,,,,0.417,1.84,0,1,,,,
54808,20090826,-88.37,40.05,0.42,1.86,0,1,0.417,1.61,0,1,0.411,1.24,0,1,,,,,,,,,0.418,1.82,0,1,,,,
54808,20090827,-88.37,40.05,0.411,1.75,0,1,0.416,1.58,0,1,0.41,1.22,0,1,,,,,,,,,0.414,1.74,0,1,,,,
54808,20090828,-88.37,40.05,0.405,1.66,0,1,0.415,1.54,0,1,0.409,1.2,0,1,,,,,,,,,0.41,1.67,0,1,,,,
54808,20090829,-88.37,40.05,0.409,1.65,0,1,0.418,1.52,0,1,0.411,1.19,0,1,,,,,,,,,0.413,1.65,0,1,,,,
54808,20090830,-88.37,40.05,0.41,1.62,0,1,0.419,1.5,0,1,0.413,1.19,0,1,,,,,,,,,0.414,1.62,0,1,,,,
54808,20090831,-88.37,40.05,0.41,1.59,0,1,0.42,1.47,0,1,0.414,1.17,0,1,,,,,,,,,0.415,1.59,0,1,,,,
54808,20090901,-88.37,40.05,0.411,1.57,0,1,0.421,1.45,0,1,0.415,1.16,0,1,,,,,,,,,0.416,1.57,0,1,,,,
54808,20090902,-88.37,40.05,0.411,1.56,0,1,0.422,1.44,0,1,0.416,1.15,0,1,,,,,,,,,0.417,1.55,0,1,,,,
54808,20090903,-88.37,40.05,0.412,1.55,0,1,0.422,1.42,0,1,0.417,1.14,0,1,,,,,,,,,0.417,1.55,0,1,,,,
54808,20090904,-88.37,40.05,0.406,1.51,0,1,0.422,1.41,0,1,0.416,1.13,0,1,,,,,,,,,0.414,1.52,0,1,,,,
54808,20090905,-88.37,40.05,0.39,1.39,0,1,0.418,1.37,0,1,0.414,1.1,0,1,,,,,,,,,0.404,1.44,0,1,,,,
54808,20090906,-88.37,40.05,0.376,1.29,0,1,0.414,1.33,0,1,0.411,1.08,0,1,,,,,,,,,0.395,1.37,0,1,,,,
54808,20090907,-88.37,40.05,0.363,1.2,0,1,0.411,1.3,0,1,0.41,1.06,0,1,,,,,,,,,0.387,1.31,0,1,,,,
54808,20090908,-88.37,40.05,0.35,1.11,0,1,0.408,1.26,0,1,0.409,1.05,0,1,,,,,,,,,0.379,1.24,0,1,,,,
54808,20090909,-88.37,40.05,0.338,1.03,0,1,0.404,1.22,0,1,0.407,1.04,0,1,,,,,,,,,0.371,1.18,0,1,,,,
54808,20090910,-88.37,40.05,0.327,0.95,0,1,0.401,1.19,0,1,0.406,1.03,0,1,,,,,,,,,0.364,1.12,0,1,,,,
54808,20090911,-88.37,40.05,0.317,0.88,0,1,0.397,1.15,0,1,0.404,1.02,0,1,,,,,,,,,0.357,1.07,0,1,,,,
54808,20090912,-88.37,40.05,0.308,0.81,0,0.994,0.393,1.1,0,1,0.401,1,0,1,,,,,,,,,0.351,1.01,0,1,,,,
54808,20090913,-88.37,40.05,0.299,0.74,0,0.875,0.389,1.06,0,1,0.398,0.98,0,1,,,,,,,,,0.344,0.94,0,1,,,,
54808,20090914,-88.37,40.05,0.288,0.66,0,0.732,0.383,1,0,1,0.394,0.96,0,1,,,,,,,,,0.336,0.87,0,0.994,,,,
54808,20090915,-88.37,40.05,0.278,0.57,0,0.589,0.377,0.95,0,1,0.39,0.93,0,1,,,,,,,,,0.328,0.79,0,0.923,,,,
54808,20090916,-88.37,40.05,0.269,0.49,0,0.446,0.372,0.9,0,1,0.385,0.9,0,1,,,,,,,,,0.32,0.72,0,0.78,,,,
54808,20090917,-88.37,40.05,0.26,0.41,0,0.304,0.365,0.84,0,1,0.38,0.87,0,1,,,,,,,,,0.313,0.64,0,0.637,,,,
54808,20090918,-88.37,40.05,0.251,0.34,0,0.161,0.359,0.79,0,1,0.375,0.83,0,1,,,,,,,,,0.305,0.57,0,0.494,,,,
54808,20090919,-88.37,40.05,0.243,0.26,0,0.024,0.352,0.74,0,1,0.369,0.79,0,1,,,,,,,,,0.298,0.51,0,0.351,,,,
54808,20090920,-88.37,40.05,0.236,0.2,0,0,0.347,0.7,0,1,0.364,0.75,0,1,,,,,,,,,0.291,0.46,0,0.208,,,,
54808,20090921,-88.37,40.05,0.23,0.15,0,0,0.341,0.66,0,0.994,0.359,0.71,0,1,,,,,,,,,0.286,0.42,0,0.071,,,,
54808,20090922,-88.37,40.05,0.226,0.12,0,0,0.337,0.63,0,0.994,0.354,0.68,0,1,,,,,,,,,0.282,0.39,0,0,,,,
54808,20090923,-88.37,40.05,0.23,0.15,0,0.107,0.336,0.62,0,0.988,0.351,0.65,0,1,,,,,,,,,0.283,0.4,0,0.113,,,,
54808,20090924,-88.37,40.05,0.234,0.18,0,0.244,0.335,0.61,0,0.988,0.348,0.62,0,1,,,,,,,,,0.285,0.42,0,0.256,,,,
54808,20090925,-88.37,40.05,0.238,0.21,0,0.304,0.335,0.61,0,0.988,0.346,0.6,0,1,,,,,,,,,0.287,0.44,0,0.399,,,,
54808,20090926,-88.37,40.05,0.243,0.26,0,0.399,0.336,0.61,0,0.988,0.345,0.59,0,1,,,,,,,,,0.29,0.46,0,0.542,,,,
54808,20090927,-88.37,40.05,0.249,0.3,0,0.542,0.337,0.62,0,0.988,0.344,0.59,0,1,,,,,,,,,0.293,0.49,0,0.685,,,,
54808,20090928,-88.37,40.05,0.255,0.35,0,0.583,0.337,0.62,0,0.994,0.344,0.58,0,1,,,,,,,,,0.296,0.51,0,0.827,,,,
54808,20090929,-88.37,40.05,0.258,0.37,0,0.583,0.337,0.62,0,0.994,0.343,0.56,0,0.994,,,,,,,,,0.298,0.51,0,0.964,,,,
54808,20090930,-88.37,40.05,0.253,0.32,0,0.476,0.335,0.61,0,1,0.341,0.53,0,0.929,,,,,,,,,0.294,0.48,0,0.857,,,,
54808,20091001,-88.37,40.05,0.248,0.28,0,0.339,0.332,0.59,0,1,0.339,0.51,0,0.833,,,,,,,,,0.29,0.45,0,0.714,,,,
54808,20091002,-88.37,40.05,0.255,0.33,0,0.363,0.331,0.6,0,1,0.339,0.49,0,0.786,,,,,,,,,0.293,0.47,0,0.661,,,,
54808,20091003,-88.37,40.05,0.266,0.42,0,0.411,0.331,0.6,0,1,0.338,0.47,0,0.786,,,,,,,,,0.299,0.52,0,0.661,,,,
54808,20091004,-88.37,40.05,0.275,0.48,0,0.411,0.331,0.61,0,1,0.338,0.46,0,0.786,,,,,,,,,0.303,0.55,0,0.661,,,,
54808,20091005,-88.37,40.05,0.282,0.53,0,0.512,0.331,0.61,0,1,0.337,0.44,0,0.78,,,,,,,,,0.306,0.58,0,0.661,,,,
54808,20091006,-88.37,40.05,0.289,0.57,0,0.655,0.331,0.62,0,1,0.336,0.43,0,0.78,,,,,,,,,0.31,0.61,0,0.667,,,,
54808,20091007,-88.37,40.05,0.302,0.66,0,0.798,0.333,0.63,0,1,0.337,0.43,0,0.845,,,,,,,,,0.317,0.67,0,0.804,,,,
54808,20091008,-88.37,40.05,0.314,0.74,0,0.94,0.334,0.64,0,1,0.337,0.43,0,0.929,,,,,,,,,0.324,0.72,0,0.946,,,,
54808,20091009,-88.37,40.05,0.331,0.85,0,1,0.347,0.74,0,1,0.343,0.49,0,0.976,,,,,,,,,0.339,0.84,0,1,,,,
54808,20091010,-88.37,40.05,0.345,0.93,0,1,0.361,0.86,0,1,0.353,0.57,0,0.976,,,,,,,,,0.353,0.96,0,1,,,,
54808,20091011,-88.37,40.05,0.357,1.01,0,1,0.374,0.96,0,1,0.361,0.65,0,0.976,,,,,,,,,0.365,1.08,0,1,,,,
54808,20091012,-88.37,40.05,0.37,1.09,0,1,0.386,1.05,0,1,0.37,0.72,0,0.982,,,,,,,,,0.378,1.19,0,1,,,,
54808,20091013,-88.37,40.05,0.385,1.2,0,1,0.398,1.14,0,1,0.379,0.8,0,0.988,,,,,,,,,0.391,1.3,0,1,,,,
54808,20091014,-88.37,40.05,0.397,1.27,0,1,0.41,1.24,0,1,0.387,0.88,0,0.988,,,,,,,,,0.403,1.4,0,1,,,,
54808,20091015,-88.37,40.05,0.415,1.39,0,1,0.424,1.35,0,1,0.398,0.98,0,1,,,,,,,,,0.42,1.53,0,1,,,,
54808,20091016,-88.37,40.05,0.414,1.37,0,1,0.426,1.35,0,1,0.402,1,0,1,,,,,,,,,0.42,1.51,0,1,,,,
54808,20091017,-88.37,40.05,0.412,1.32,0,1,0.426,1.32,0,1,0.401,0.99,0,1,,,,,,,,,0.419,1.46,0,1,,,,
54808,20091018,-88.37,40.05,0.413,1.29,0,1,0.426,1.3,0,1,0.402,0.99,0,1,,,,,,,,,0.419,1.41,0,1,,,,
54808,20091019,-88.37,40.05,0.414,1.25,0,1,0.427,1.27,0,1,0.403,0.98,0,1,,,,,,,,,0.42,1.36,0,1,,,,
54808,20091020,-88.37,40.05,0.413,1.2,0,1,0.427,1.25,0,1,0.403,0.97,0,1,,,,,,,,,0.42,1.3,0,1,,,,
54808,20091021,-88.37,40.05,0.411,1.12,0,1,0.427,1.22,0,1,0.404,0.96,0,1,,,,,,,,,0.419,1.23,0,1,,,,
54808,20091022,-88.37,40.05,0.404,1.01,0,1,0.424,1.17,0,1,0.402,0.94,0,1,,,,,,,,,0.414,1.12,0,1,,,,
54808,20091023,-88.37,40.05,0.404,0.96,0,1,0.424,1.14,0,1,0.403,0.93,0,1,,,,,,,,,0.414,1.06,0,1,,,,
54808,20091024,-88.37,40.05,0.41,0.94,0,1,0.426,1.15,0,1,0.412,0.99,0,1,,,,,,,,,0.418,1.04,0,1,,,,
54808,20091025,-88.37,40.05,0.413,0.91,0,1,0.427,1.15,0,1,0.413,0.99,0,1,,,,,,,,,0.42,1.01,0,1,,,,
54808,20091026,-88.37,40.05,0.416,0.89,0,1,0.428,1.15,0,1,0.414,0.99,0,1,,,,,,,,,0.422,0.98,0,1,,,,
54808,20091027,-88.37,40.05,0.421,0.89,0,1,0.43,1.14,0,1,0.415,0.99,0,1,,,,,,,,,0.425,0.97,0,1,,,,
54808,20091028,-88.37,40.05,0.43,0.92,0,1,0.434,1.15,0,1,0.418,1.01,0,1,,,,,,,,,0.432,0.99,0,1,,,,
54808,20091029,-88.37,40.05,0.439,0.95,0,1,0.438,1.16,0,1,0.421,1.04,0,1,,,,,,,,,0.438,1.01,0,1,,,,
54808,20091030,-88.37,40.05,0.443,0.95,0,1,0.441,1.16,0,1,0.423,1.05,0,1,,,,,,,,,0.442,1.01,0,1,,,,
54808,20091031,-88.37,40.05,0.447,0.96,0,1,0.444,1.16,0,1,0.423,1.06,0,1,,,,,,,,,0.445,1.02,0,1,,,,
54808,20091101,-88.37,40.05,0.451,0.97,0,1,0.448,1.15,0,1,0.429,1.11,0,1,,,,,,,,,0.449,1.03,0,1,,,,
54808,20091102,-88.37,40.05,0.453,0.98,0,1,0.449,1.13,0,1,0.43,1.12,0,1,,,,,,,,,0.451,1.02,0,1,,,,
54808,20091103,-88.37,40.05,0.453,0.98,0,1,0.45,1.11,0,1,0.43,1.11,0,1,,,,,,,,,0.452,1.02,0,1,,,,
54808,20091104,-88.37,40.05,0.449,0.95,0,1,0.449,1.07,0,1,0.429,1.09,0,1,,,,,,,,,0.449,1,0,1,,,,
54808,20091105,-88.37,40.05,0.446,0.93,0,1,0.447,1.03,0,1,0.427,1.07,0,1,,,,,,,,,0.446,0.98,0,1,,,,
54808,20091106,-88.37,40.05,0.44,0.89,0,1,0.444,0.97,0,1,0.424,1.03,0,1,,,,,,,,,0.442,0.96,0,1,,,,
54808,20091107,-88.37,40.05,0.427,0.81,0,1,0.436,0.89,0,1,0.414,0.92,0,1,,,,,,,,,0.432,0.89,0,1,,,,
54808,20091108,-88.37,40.05,0.419,0.75,0,1,0.431,0.84,0,1,0.407,0.83,0,1,,,,,,,,,0.425,0.85,0,1,,,,
54808,20091109,-88.37,40.05,0.413,0.71,0,1,0.428,0.8,0,1,0.405,0.79,0,1,,,,,,,,,0.421,0.82,0,1,,,,
54808,20091110,-88.37,40.05,0.407,0.65,0,1,0.426,0.78,0,1,0.405,0.75,0,1,,,,,,,,,0.416,0.79,0,1,,,,
54808,20091111,-88.37,40.05,0.401,0.6,0,1,0.423,0.76,0,1,0.404,0.71,0,1,,,,,,,,,0.412,0.75,0,1,,,,
54808,20091112,-88.37,40.05,0.393,0.53,0,0.935,0.42,0.73,0,1,0.403,0.67,0,1,,,,,,,,,0.407,0.7,0,1,,,,
54808,20091113,-88.37,40.05,0.385,0.46,0,0.792,0.418,0.71,0,1,0.402,0.63,0,1,,,,,,,,,0.401,0.64,0,1,,,,
54808,20091114,-88.37,40.05,0.377,0.38,0,0.649,0.414,0.68,0,1,0.401,0.59,0,1,,,,,,,,,0.396,0.57,0,1,,,,
54808,20091115,-88.37,40.05,0.369,0.31,0,0.506,0.411,0.65,0,1,0.4,0.56,0,1,,,,,,,,,0.39,0.51,0,1,,,,
54808,20091116,-88.37,40.05,0.371,0.33,0,0.452,0.411,0.64,0,1,0.401,0.55,0,1,,,,,,,,,0.391,0.5,0,0.994,,,,
54808,20091117,-88.37,40.05,0.384,0.46,0,0.452,0.416,0.68,0,1,0.408,0.6,0,1,,,,,,,,,0.4,0.57,0,0.994,,,,
54808,20091118,-88.37,40.05,0.4,0.61,0,0.452,0.423,0.73,0,1,0.416,0.66,0,1,,,,,,,,,0.412,0.67,0,0.994,,,,
54808,20091119,-88.37,40.05,0.415,0.74,0,0.518,0.43,0.79,0,1,0.425,0.73,0,1,,,,,,,,,0.422,0.75,0,0.994,,,,
54808,20091120,-88.37,40.05,0.429,0.88,0,0.661,0.436,0.83,0,1,0.432,0.78,0,1,,,,,,,,,0.433,0.84,0,0.994,,,,
54808,20091121,-88.37,40.05,0.442,0.99,0,0.804,0.441,0.85,0,1,0.436,0.81,0,1,,,,,,,,,0.442,0.91,0,0.994,,,,
54808,20091122,-88.37,40.05,0.455,1.1,0,0.946,0.446,0.88,0,1,0.438,0.82,0,1,,,,,,,,,0.451,0.98,0,0.994,,,,
54808,20091123,-88.37,40.05,0.459,1.12,0,1,0.448,0.88,0,1,0.439,0.82,0,1,,,,,,,,,0.453,0.99,0,1,,,,
54808,20091124,-88.37,40.05,0.452,1.03,0,1,0.444,0.83,0,1,0.432,0.76,0,1,,,,,,,,,0.448,0.92,0,1,,,,
54808,20091125,-88.37,40.05,0.446,0.96,0,1,0.441,0.79,0,1,0.427,0.71,0,1,,,,,,,,,0.444,0.87,0,1,,,,
54808,20091126,-88.37,40.05,0.444,0.93,0,1,0.439,0.76,0,1,0.422,0.67,0,1,,,,,,,,,0.441,0.84,0,1,,,,
54808,20091127,-88.37,40.05,0.441,0.9,0,1,0.438,0.75,0,1,0.418,0.64,0,1,,,,,,,,,0.44,0.81,0,1,,,,
54808,20091128,-88.37,40.05,0.441,0.89,0,1,0.438,0.75,0,1,0.417,0.64,0,1,,,,,,,,,0.44,0.81,0,1,,,,
54808,20091129,-88.37,40.05,0.441,0.88,0,1,0.439,0.75,0,1,0.417,0.65,0,1,,,,,,,,,0.44,0.81,0,1,,,,
54808,20091130,-88.37,40.05,0.44,0.87,0,1,0.439,0.76,0,1,0.417,0.66,0,1,,,,,,,,,0.44,0.81,0,1,,,,
54808,20091201,-88.37,40.05,0.44,0.86,0,1,0.439,0.78,0,1,0.417,0.67,0,1,,,,,,,,,0.44,0.82,0,1,,,,
54808,20091202,-88.37,40.05,0.436,0.81,0,1,0.437,0.77,0,1,0.415,0.66,0,1,,,,,,,,,0.436,0.8,0,1,,,,
54808,20091203,-88.37,40.05,0.434,0.77,0,1,0.435,0.77,0,1,0.412,0.65,0,1,,,,,,,,,0.434,0.8,0,1,,,,
54808,20091204,-88.37,40.05,0.432,0.74,0,1,0.434,0.77,0,1,0.41,0.65,0,1,,,,,,,,,0.433,0.8,0,1,,,,
54808,20091205,-88.37,40.05,0.431,0.71,0,1,0.432,0.77,0,1,0.408,0.64,0,1,,,,,,,,,0.431,0.8,0,1,,,,
54808,20091206,-88.37,40.05,0.43,0.68,0,1,0.431,0.77,0,1,0.407,0.63,0,1,,,,,,,,,0.43,0.78,0,1,,,,
54808,20091207,-88.37,40.05,0.429,0.65,0,1,0.429,0.76,0,1,0.405,0.62,0,1,,,,,,,,,0.429,0.76,0,1,,,,
54808,20091208,-88.37,40.05,0.428,0.62,0,1,0.428,0.74,0,1,0.404,0.6,0,1,,,,,,,,,0.428,0.74,0,1,,,,
54808,20091209,-88.37,40.05,0.432,0.64,0,1,0.429,0.76,0,1,0.405,0.62,0,1,,,,,,,,,0.43,0.76,0,1,,,,
54808,20091210,-88.37,40.05,0.433,0.63,0,1,0.429,0.77,0,1,0.405,0.63,0,1,,,,,,,,,0.431,0.75,0,1,,,,
54808,20091211,-88.37,40.05,0.433,0.62,0,1,0.428,0.76,0,1,0.406,0.64,0,1,,,,,,,,,0.431,0.74,0,1,,,,
54808,20091212,-88.37,40.05,,,,,0.427,0.76,0,1,0.406,0.64,0,1,,,,,,,,,,,,,,,,
54808,20091213,-88.37,40.05,,,,,,,,,0.406,0.65,0,1,,,,,,,,,,,,,,,,
54808,20091214,-88.37,40.05,,,,,,,,,0.408,0.69,0,1,,,,,,,,,,,,,,,,
54808,20091215,-88.37,40.05,,,,,,,,,0.41,0.73,0,1,,,,,,,,,,,,,,,,
54808,20091216,-88.37,40.05,,,,,,,,,0.41,0.73,0,1,,,,,,,,,,,,,,,,
54808,20091217,-88.37,40.05,,,,,,,,,0.409,0.73,0,1,,,,,,,,,,,,,,,,
54808,20091218,-88.37,40.05,,,,,,,,,0.408,0.72,0,1,,,,,,,,,,,,,,,,
54808,20091219,-88.37,40.05,,,,,,,,,0.408,0.72,0,1,,,,,,,,,,,,,,,,
54808,20091220,-88.37,40.05,,,,,0.427,0.72,0,1,0.408,0.72,0,1,,,,,,,,,,,,,,,,
54808,20091221,-88.37,40.05,,,,,0.425,0.7,0,1,0.407,0.7,0,1,,,,,,,,,,,,,,,,
54808,20091222,-88.37,40.05,,,,,0.424,0.67,0,1,0.405,0.67,0,1,,,,,,,,,,,,,,,,
54808,20091223,-88.37,40.05,,,,,0.425,0.69,0,1,0.404,0.67,0,1,,,,,,,,,,,,,,,,
54808,20091224,-88.37,40.05,,,,,0.428,0.73,0,1,0.406,0.72,0,1,,,,,,,,,,,,,,,,
54808,20091225,-88.37,40.05,0.434,0.45,0,0.544,0.431,0.8,0,1,0.412,0.86,0,1,,,,,,,,,0.433,0.65,0,0.993,,,,
54808,20091226,-88.37,40.05,0.442,0.55,0,0.625,0.435,0.86,0,1,0.419,1,0,1,,,,,,,,,0.438,0.73,0,0.994,,,,
54808,20091227,-88.37,40.05,0.446,0.61,0,0.768,0.437,0.89,0,1,0.422,1.08,0,1,,,,,,,,,0.442,0.79,0,1,,,,
54808,20091228,-88.37,40.05,0.449,0.65,0,0.911,0.438,0.91,0,1,0.424,1.13,0,1,,,,,,,,,0.444,0.82,0,1,,,,
54808,20091229,-88.37,40.05,0.45,0.66,0,0.952,0.438,0.91,0,1,0.425,1.16,0,1,,,,,,,,,0.444,0.82,0,1,,,,
54808,20091230,-88.37,40.05,0.451,0.66,0,0.952,0.438,0.9,0,1,0.425,1.17,0,1,,,,,,,,,0.444,0.82,0,1,,,,
54808,20091231,-88.37,40.05,0.448,0.63,0,0.95,0.436,0.85,0,1,0.423,1.12,0,1,,,,,,,,,0.442,0.78,0,1,,,,
54808,20100101,-88.37,40.05,0.441,0.53,0,0.924,0.433,0.8,0,1,0.417,1,0,1,,,,,,,,,0.437,0.69,0,1,,,,
54808,20100102,-88.37,40.05,,,,,0.429,0.74,0,1,0.411,0.87,0,1,,,,,,,,,,,,,,,,
54808,20100103,-88.37,40.05,,,,,,,,,0.407,0.79,0,1,,,,,,,,,,,,,,,,
54808,20100104,-88.37,40.05,,,,,,,,,0.404,0.74,0,1,,,,,,,,,,,,,,,,
54808,20100105,-88.37,40.05,,,,,,,,,0.403,0.71,0,1,,,,,,,,,,,,,,,,
54808,20100106,-88.37,40.05,,,,,,,,,,,,,,,,,,,,,,,,,,,,
54808,20100107,-88.37,40.05,,,,,,,,,,,,,,,,,,,,,,,,,,,,
54808,20100108,-88.37,40.05,,,,,,,,,,,,,,,,,,,,,,,,,,,,
54808,20100109,-88.37,40.05,,,,,,,,,,,,,,,,,,,,,,,,,,,,
54808,20100110,-88.37,40.05,,,,,,,,,,,,,,,,,,,,,,,,,,,,
54808,20100111,-88.37,40.05,,,,,,,,,,,,,,,,,,,,,,,,,,,,
54808,20100112,-88.37,40.05,,,,,,,,,,,,,,,,,,,,,,,,,,,,
54808,20100113,-88.37,40.05,,,,,,,,,,,,,,,,,,,,,,,,,,,,
54808,20100114,-88.37,40.05,,,,,,,,,,,,,,,,,,,,,,,,,,,,
54808,20100115,-88.37,40.05,,,,,,,,,,,,,,,,,,,,,,,,,,,,
54808,20100116,-88.37,40.05,,,,,,,,,,,,,,,,,,,,,,,,,,,,
54808,20100117,-88.37,40.05,,,,,,,,,,,,,,,,,,,,,,,,,,,,
54808,20100118,-88.37,40.05,,,,,,,,,,,,,,,,,,,,,,,,,,,,
54808,20100119,-88.37,40.05,,,,,,,,,,,,,,,,,,,,,,,,,,,,
54808,20100120,-88.37,40.05,,,,,,,,,,,,,,,,,,,,,,,,,,,,
54808,20100121,-88.37,40.05,,,,,,,,,,,,,,,,,,,,,,,,,,,,
54808,20100122,-88.37,40.05,,,,,,,,,,,,,,,,,,,,,,,,,,,,
54808,20100123,-88.37,40.05,,,,,,,,,,,,,,,,,,,,,,,,,,,,
54808,20100124,-88.37,40.05,,,,,,,,,,,,,,,,,,,,,,,,,,,,
54808,20100125,-88.37,40.05,,,,,,,,,,,,,,,,,,,,,,,,,,,,
54808,20100126,-88.37,40.05,,,,,,,,,,,,,,,,,,,,,,,,,,,,
54808,20100127,-88.37,40.05,,,,,,,,,,,,,,,,,,,,,,,,,,,,
54808,20100128,-88.37,40.05,,,,,,,,,,,,,,,,,,,,,,,,,,,,
54808,20100129,-88.37,40.05,,,,,,,,,,,,,,,,,,,,,,,,,,,,
54808,20100130,-88.37,40.05,,,,,,,,,,,,,,,,,,,,,,,,,,,,
54808,20100131,-88.37,40.05,,,,,,,,,,,,,,,,,,,,,,,,,,,,
54808,20100201,-88.37,40.05,,,,,,,,,,,,,,,,,,,,,,,,,,,,
54808,20100202,-88.37,40.05,,,,,,,,,,,,,,,,,,,,,,,,,,,,
54808,20100203,-88.37,40.05,,,,,,,,,,,,,,,,,,,,,,,,,,,,
54808,20100204,-88.37,40.05,,,,,,,,,,,,,,,,,,,,,,,,,,,,
54808,20100205,-88.37,40.05,,,,,,,,,,,,,,,,,,,,,,,,,,,,
54808,20100206,-88.37,40.05,,,,,,,,,,,,,,,,,,,,,,,,,,,,
54808,20100207,-88.37,40.05,,,,,,,,,,,,,,,,,,,,,,,,,,,,
54808,20100208,-88.37,40.05,,,,,,,,,,,,,,,,,,,,,,,,,,,,
54808,20100209,-88.37,40.05,,,,,,,,,,,,,,,,,,,,,,,,,,,,
54808,20100210,-88.37,40.05,,,,,,,,,,,,,,,,,,,,,,,,,,,,
54808,20100211,-88.37,40.05,,,,,,,,,,,,,,,,,,,,,,,,,,,,
54808,20100212,-88.37,40.05,,,,,,,,,,,,,,,,,,,,,,,,,,,,
54808,20100213,-88.37,40.05,,,,,,,,,,,,,,,,,,,,,,,,,,,,
54808,20100214,-88.37,40.05,,,,,,,,,,,,,,,,,,,,,,,,,,,,
54808,20100215,-88.37,40.05,,,,,,,,,,,,,,,,,,,,,,,,,,,,
54808,20100216,-88.37,40.05,,,,,,,,,,,,,,,,,,,,,,,,,,,,
54808,20100217,-88.37,40.05,,,,,,,,,,,,,,,,,,,,,,,,,,,,
54808,20100218,-88.37,40.05,,,,,,,,,,,,,,,,,,,,,,,,,,,,
54808,20100219,-88.37,40.05,,,,,,,,,,,,,,,,,,,,,,,,,,,,
54808,20100220,-88.37,40.05,,,,,,,,,,,,,,,,,,,,,,,,,,,,
54808,20100221,-88.37,40.05,,,,,,,,,,,,,,,,,,,,,,,,,,,,
54808,20100222,-88.37,40.05,,,,,,,,,,,,,,,,,,,,,,,,,,,,
54808,20100223,-88.37,40.05,,,,,,,,,,,,,,,,,,,,,,,,,,,,
54808,20100224,-88.37,40.05,,,,,,,,,,,,,,,,,,,,,,,,,,,,
54808,20100225,-88.37,40.05,,,,,,,,,,,,,,,,,,,,,,,,,,,,
54808,20100226,-88.37,40.05,,,,,,,,,,,,,,,,,,,,,,,,,,,,
54808,20100227,-88.37,40.05,,,,,,,,,,,,,,,,,,,,,,,,,,,,
54808,20100228,-88.37,40.05,,,,,,,,,,,,,,,,,,,,,,,,,,,,
54808,20100301,-88.37,40.05,,,,,,,,,,,,,,,,,,,,,,,,,,,,
54808,20100302,-88.37,40.05,,,,,,,,,,,,,,,,,,,,,,,,,,,,
54808,20100303,-88.37,40.05,,,,,,,,,,,,,,,,,,,,,,,,,,,,
54808,20100304,-88.37,40.05,,,,,,,,,,,,,,,,,,,,,,,,,,,,
54808,20100305,-88.37,40.05,,,,,,,,,,,,,,,,,,,,,,,,,,,,
54808,20100306,-88.37,40.05,,,,,,,,,,,,,,,,,,,,,,,,,,,,
54808,20100307,-88.37,40.05,,,,,,,,,,,,,,,,,,,,,,,,,,,,
54808,20100308,-88.37,40.05,,,,,,,,,,,,,,,,,,,,,,,,,,,,
54808,20100309,-88.37,40.05,,,,,,,,,,,,,,,,,,,,,,,,,,,,
54808,20100310,-88.37,40.05,,,,,,,,,,,,,,,,,,,,,,,,,,,,
54808,20100311,-88.37,40.05,,,,,,,,,,,,,,,,,,,,,,,,,,,,
54808,20100312,-88.37,40.05,,,,,,,,,,,,,,,,,,,,,,,,,,,,
54808,20100313,-88.37,40.05,,,,,,,,,,,,,,,,,,,,,,,,,,,,
54808,20100314,-88.37,40.05,0.426,0.84,0,1,,,,,,,,,,,,,,,,,,,,,,,,
54808,20100315,-88.37,40.05,0.425,0.81,0,1,0.436,0.95,0,1,0.4,0.63,0,0.97,,,,,,,,,0.431,0.96,0,1,,,,
54808,20100316,-88.37,40.05,0.423,0.77,0,1,0.435,0.93,0,1,0.399,0.59,0,0.95,,,,,,,,,0.429,0.93,0,1,,,,
54808,20100317,-88.37,40.05,0.421,0.72,0,0.994,0.434,0.91,0,1,0.398,0.56,0,0.899,,,,,,,,,0.427,0.89,0,1,,,,
54808,20100318,-88.37,40.05,0.416,0.62,0,0.923,0.431,0.86,0,1,0.395,0.49,0,0.81,,,,,,,,,0.424,0.81,0,1,,,,
54808,20100319,-88.37,40.05,0.413,0.55,0,0.804,0.428,0.81,0,1,0.393,0.41,0,0.69,,,,,,,,,0.42,0.74,0,1,,,,
54808,20100320,-88.37,40.05,0.41,0.48,0,0.661,0.425,0.77,0,1,0.391,0.36,0,0.56,,,,,,,,,0.418,0.68,0,1,,,,
54808,20100321,-88.37,40.05,0.406,0.38,0,0.518,0.422,0.71,0,1,0.389,0.28,0,0.417,,,,,,,,,0.414,0.6,0,0.929,,,,
54808,20100322,-88.37,40.05,0.402,0.3,0,0.375,0.419,0.65,0,1,0.386,0.2,0,0.28,,,,,,,,,0.411,0.54,0,0.839,,,,
54808,20100323,-88.37,40.05,0.4,0.25,0,0.232,0.416,0.61,0,1,0.385,0.16,0,0.167,,,,,,,,,0.408,0.48,0,0.78,,,,
54808,20100324,-88.37,40.05,0.397,0.2,0,0.095,0.414,0.57,0,1,0.383,0.12,0,0.083,,,,,,,,,0.405,0.44,0,0.696,,,,
54808,20100325,-88.37,40.05,0.396,0.17,0,0.024,0.411,0.54,0,1,0.382,0.09,0,0.03,,,,,,,,,0.404,0.4,0,0.631,,,,
54808,20100326,-88.37,40.05,0.399,0.23,0,0.125,0.413,0.58,0,1,0.384,0.14,0,0.119,,,,,,,,,0.406,0.45,0,0.625,,,,
54808,20100327,-88.37,40.05,0.401,0.27,0,0.262,0.414,0.6,0,1,0.385,0.19,0,0.256,,,,,,,,,0.407,0.48,0,0.625,,,,
54808,20100328,-88.37,40.05,0.403,0.32,0,0.405,0.415,0.64,0,1,0.387,0.24,0,0.399,,,,,,,,,0.409,0.52,0,0.696,,,,
54808,20100329,-88.37,40.05,0.413,0.48,0,0.548,0.422,0.78,0,1,0.396,0.49,0,0.542,,,,,,,,,0.417,0.68,0,0.786,,,,
54808,20100330,-88.37,40.05,0.417,0.55,0,0.69,0.425,0.84,0,1,0.399,0.58,0,0.679,,,,,,,,,0.421,0.75,0,0.845,,,,
54808,20100331,-88.37,40.05,0.421,0.62,0,0.833,0.427,0.9,0,1,0.401,0.66,0,0.821,,,,,,,,,0.424,0.81,0,0.929,,,,
54808,20100401,-88.37,40.05,0.425,0.68,0,0.976,0.43,0.95,0,1,0.404,0.72,0,0.958,,,,,,,,,0.427,0.87,0,0.994,,,,
54808,20100402,-88.37,40.05,0.422,0.63,0,0.97,0.429,0.95,0,1,0.403,0.71,0,0.982,,,,,,,,,0.425,0.84,0,1,,,,
54808,20100403,-88.37,40.05,0.419,0.59,0,0.845,0.428,0.94,0,1,0.403,0.7,0,0.976,,,,,,,,,0.423,0.81,0,1,,,,
54808,20100404,-88.37,40.05,0.422,0.63,0,0.845,0.43,0.99,0,1,0.405,0.74,0,0.976,,,,,,,,,0.426,0.85,0,1,,,,
54808,20100405,-88.37,40.05,0.415,0.52,0,0.845,0.426,0.9,0,1,0.4,0.58,0,0.976,,,,,,,,,0.421,0.74,0,1,,,,
54808,20100406,-88.37,40.05,0.413,0.48,0,0.845,0.425,0.89,0,1,0.399,0.55,0,0.976,,,,,,,,,0.419,0.71,0,1,,,,
54808,20100407,-88.37,40.05,0.409,0.43,0,0.744,0.424,0.86,0,1,0.399,0.54,0,0.976,,,,,,,,,0.416,0.66,0,1,,,,
54808,20100408,-88.37,40.05,0.404,0.37,0,0.601,0.422,0.82,0,1,0.399,0.53,0,0.952,,,,,,,,,0.413,0.6,0,0.97,,,,
54808,20100409,-88.37,40.05,0.398,0.31,0,0.482,0.42,0.77,0,1,0.398,0.5,0,0.881,,,,,,,,,0.409,0.53,0,0.827,,,,
54808,20100410,-88.37,40.05,0.392,0.26,0,0.47,0.417,0.71,0,1,0.396,0.46,0,0.756,,,,,,,,,0.404,0.48,0,0.685,,,,
54808,20100411,-88.37,40.05,0.376,0.11,0,0.327,0.409,0.59,0,0.917,0.392,0.37,0,0.613,,,,,,,,,0.393,0.33,0,0.542,,,,
54808,20100412,-88.37,40.05,0.36,-0.03,0.083,0.185,0.401,0.49,0,0.774,0.388,0.3,0,0.47,,,,,,,,,0.38,0.2,0,0.399,,,,
54808,20100413,-88.37,40.05,0.34,-0.19,0.226,0.042,0.392,0.36,0,0.631,0.383,0.22,0,0.327,,,,,,,,,0.366,0.05,0.042,0.256,,,,
54808,20100414,-88.37,40.05,0.32,-0.34,0.369,0,0.38,0.23,0,0.488,0.377,0.12,0,0.185,,,,,,,,,0.35,-0.09,0.185,0.113,,,,
54808,20100415,-88.37,40.05,0.299,-0.49,0.512,0,0.367,0.09,0,0.345,0.369,0.02,0,0.071,,,,,,,,,0.333,-0.24,0.327,0,,,,
54808,20100416,-88.37,40.05,0.278,-0.64,0.655,0,0.352,-0.05,0.101,0.202,0.36,-0.1,0.012,0.006,,,,,,,,,0.315,-0.39,0.47,0,,,,
54808,20100417,-88.37,40.05,0.258,-0.77,0.798,0,0.336,-0.19,0.244,0.06,0.35,-0.21,0.095,0,,,,,,,,,0.297,-0.53,0.613,0,,,,
54808,20100418,-88.37,40.05,0.239,-0.88,0.94,0,0.32,-0.33,0.387,0,0.339,-0.33,0.238,0,,,,,,,,,0.28,-0.66,0.756,0,,,,
54808,20100419,-88.37,40.05,0.224,-0.97,1,0,0.305,-0.47,0.53,0,0.328,-0.46,0.381,0,,,,,,,,,0.264,-0.77,0.899,0,,,,
54808,20100420,-88.37,40.05,0.211,-1.03,1,0,0.291,-0.58,0.673,0,0.316,-0.58,0.524,0,,,,,,,,,0.251,-0.86,1,0,,,,
54808,20100421,-88.37,40.05,0.202,-1.07,1,0,0.28,-0.67,0.815,0,0.306,-0.68,0.667,0,,,,,,,,,0.241,-0.92,1,0,,,,
54808,20100422,-88.37,40.05,0.194,-1.09,1,0,0.27,-0.74,0.958,0,0.297,-0.76,0.81,0,,,,,,,,,0.232,-0.96,1,0,,,,
54808,20100423,-88.37,40.05,0.189,-1.1,1,0,0.263,-0.78,1,0,0.29,-0.81,0.94,0,,,,,,,,,0.226,-0.98,1,0,,,,
54808,20100424,-88.37,40.05,0.185,-1.09,1,0,0.258,-0.8,1,0,0.284,-0.85,1,0,,,,,,,,,0.221,-0.99,1,0,,,,
54808,20100425,-88.37,40.05,0.183,-1.08,1,0,0.255,-0.8,1,0,0.28,-0.86,1,0,,,,,,,,,0.219,-0.98,1,0,,,,
54808,20100426,-88.37,40.05,0.206,-0.91,0.869,0.018,0.261,-0.73,0.863,0,0.278,-0.85,1,0,,,,,,,,,0.234,-0.85,0.863,0,,,,
54808,20100427,-88.37,40.05,0.23,-0.74,0.726,0.018,0.267,-0.66,0.72,0,0.276,-0.84,1,0,,,,,,,,,0.249,-0.71,0.72,0,,,,
54808,20100428,-88.37,40.05,0.25,-0.6,0.583,0.018,0.272,-0.59,0.583,0,0.275,-0.82,1,0,,,,,,,,,0.261,-0.61,0.577,0,,,,
54808,20100429,-88.37,40.05,0.264,-0.5,0.47,0.018,0.277,-0.54,0.464,0,0.274,-0.8,1,0,,,,,,,,,0.27,-0.52,0.476,0,,,,
54808,20100430,-88.37,40.05,0.274,-0.43,0.47,0.018,0.28,-0.5,0.464,0,0.274,-0.78,1,0,,,,,,,,,0.277,-0.47,0.476,0,,,,
54808,20100501,-88.37,40.05,0.28,-0.38,0.47,0.018,0.283,-0.47,0.464,0,0.274,-0.76,1,0,,,,,,,,,0.281,-0.42,0.476,0,,,,
54808,20100502,-88.37,40.05,0.288,-0.32,0.435,0.018,0.287,-0.43,0.429,0,0.273,-0.74,1,0,,,,,,,,,0.288,-0.37,0.44,0,,,,
54808,20100503,-88.37,40.05,0.285,-0.34,0.423,0,0.291,-0.39,0.423,0,0.273,-0.72,1,0,,,,,,,,,0.288,-0.35,0.435,0,,,,
54808,20100504,-88.37,40.05,0.277,-0.38,0.423,0,0.292,-0.37,0.423,0,0.273,-0.71,1,0,,,,,,,,,0.285,-0.37,0.435,0,,,,
54808,20100505,-88.37,40.05,0.27,-0.42,0.458,0,0.292,-0.36,0.417,0,0.272,-0.7,1,0,,,,,,,,,0.281,-0.39,0.452,0,,,,
54808,20100506,-88.37,40.05,0.264,-0.45,0.571,0,0.291,-0.37,0.435,0,0.272,-0.69,1,0,,,,,,,,,0.278,-0.41,0.536,0,,,,
54808,20100507,-88.37,40.05,0.259,-0.48,0.571,0,0.29,-0.37,0.435,0,0.272,-0.68,1,0,,,,,,,,,0.274,-0.43,0.536,0,,,,
54808,20100508,-88.37,40.05,0.255,-0.5,0.571,0,0.288,-0.38,0.435,0,0.272,-0.68,1,0,,,,,,,,,0.272,-0.44,0.536,0,,,,
54808,20100509,-88.37,40.05,0.248,-0.55,0.607,0,0.283,-0.42,0.47,0,0.27,-0.68,1,0,,,,,,,,,0.265,-0.49,0.571,0,,,,
54808,20100510,-88.37,40.05,0.227,-0.68,0.75,0,0.271,-0.52,0.613,0,0.269,-0.69,1,0,,,,,,,,,0.249,-0.61,0.714,0,,,,
54808,20100511,-88.37,40.05,0.217,-0.74,0.863,0,0.265,-0.57,0.72,0,0.267,-0.7,1,0,,,,,,,,,0.241,-0.67,0.821,0,,,,
54808,20100512,-88.37,40.05,0.23,-0.67,0.827,0,0.272,-0.52,0.72,0,0.266,-0.71,1,0,,,,,,,,,0.251,-0.6,0.804,0,,,,
54808,20100513,-88.37,40.05,0.253,-0.53,0.685,0.036,0.284,-0.43,0.679,0,0.265,-0.71,1,0,,,,,,,,,0.269,-0.48,0.679,0,,,,
54808,20100514,-88.37,40.05,0.276,-0.39,0.542,0.036,0.298,-0.32,0.536,0,0.265,-0.71,1,0,,,,,,,,,0.287,-0.35,0.536,0,,,,
54808,20100515,-88.37,40.05,0.296,-0.26,0.399,0.036,0.31,-0.23,0.393,0,0.265,-0.7,1,0,,,,,,,,,0.303,-0.24,0.393,0,,,,
54808,20100516,-88.37,40.05,0.314,-0.16,0.256,0.036,0.322,-0.13,0.25,0,0.265,-0.69,1,0,,,,,,,,,0.318,-0.14,0.25,0,,,,
54808,20100517,-88.37,40.05,0.331,-0.05,0.113,0.036,0.334,-0.04,0.107,0,0.266,-0.68,1,0,,,,,,,,,0.332,-0.03,0.107,0,,,,
54808,20100518,-88.37,40.05,0.359,0.14,0,0.179,0.354,0.13,0,0.137,0.27,-0.63,0.94,0,,,,,,,,,0.357,0.15,0,0.143,,,,
54808,20100519,-88.37,40.05,0.365,0.19,0,0.321,0.364,0.21,0,0.28,0.276,-0.58,0.798,0,,,,,,,,,0.365,0.22,0,0.286,,,,
54808,20100520,-88.37,40.05,0.363,0.19,0,0.339,0.368,0.26,0,0.423,0.281,-0.53,0.655,0,,,,,,,,,0.366,0.24,0,0.417,,,,
54808,20100521,-88.37,40.05,0.368,0.23,0,0.423,0.373,0.31,0,0.565,0.286,-0.48,0.512,0,,,,,,,,,0.37,0.29,0,0.548,,,,
54808,20100522,-88.37,40.05,0.381,0.33,0,0.565,0.382,0.39,0,0.708,0.291,-0.43,0.369,0,,,,,,,,,0.381,0.38,0,0.69,,,,
54808,20100523,-88.37,40.05,0.395,0.44,0,0.708,0.392,0.48,0,0.851,0.296,-0.38,0.226,0,,,,,,,,,0.394,0.49,0,0.833,,,,
54808,20100524,-88.37,40.05,0.407,0.53,0,0.798,0.4,0.56,0,0.964,0.301,-0.33,0.083,0,,,,,,,,,0.403,0.57,0,0.94,,,,
54808,20100525,-88.37,40.05,0.394,0.47,0,0.655,0.392,0.51,0,0.827,0.303,-0.32,0,0,,,,,,,,,0.393,0.52,0,0.798,,,,
54808,20100526,-88.37,40.05,0.381,0.41,0,0.512,0.384,0.46,0,0.685,0.302,-0.32,0,0,,,,,,,,,0.382,0.46,0,0.655,,,,
54808,20100527,-88.37,40.05,0.366,0.33,0,0.458,0.375,0.4,0,0.542,0.301,-0.32,0.018,0,,,,,,,,,0.371,0.39,0,0.524,,,,
54808,20100528,-88.37,40.05,0.344,0.21,0,0.375,0.365,0.33,0,0.399,0.3,-0.33,0.048,0,,,,,,,,,0.355,0.29,0,0.393,,,,
54808,20100529,-88.37,40.05,0.316,0.05,0.107,0.232,0.35,0.24,0,0.256,0.297,-0.35,0.167,0,,,,,,,,,0.333,0.15,0,0.25,,,,
54808,20100530,-88.37,40.05,0.287,-0.11,0.25,0.089,0.335,0.14,0,0.113,0.293,-0.37,0.31,0,,,,,,,,,0.311,0.01,0.071,0.107,,,,
54808,20100531,-88.37,40.05,0.261,-0.25,0.393,0,0.32,0.04,0,0,0.29,-0.38,0.452,0,,,,,,,,,0.291,-0.11,0.214,0,,,,
54808,20100601,-88.37,40.05,0.242,-0.35,0.53,0,0.307,-0.03,0,0,0.287,-0.39,0.577,0,,,,,,,,,0.274,-0.21,0.274,0,,,,
54808,20100602,-88.37,40.05,0.228,-0.41,0.649,0,0.298,-0.09,0,0,0.283,-0.4,0.685,0,,,,,,,,,0.263,-0.27,0.387,0,,,,
54808,20100603,-88.37,40.05,0.23,-0.39,0.649,0,0.296,-0.09,0,0,0.281,-0.4,0.696,0,,,,,,,,,0.263,-0.26,0.387,0,,,,
54808,20100604,-88.37,40.05,0.232,-0.36,0.649,0,0.294,-0.09,0,0,0.279,-0.4,0.673,0,,,,,,,,,0.263,-0.24,0.387,0,,,,
54808,20100605,-88.37,40.05,0.234,-0.33,0.542,0,0.293,-0.08,0,0,0.277,-0.39,0.554,0,,,,,,,,,0.264,-0.23,0.387,0,,,,
54808,20100606,-88.37,40.05,0.245,-0.26,0.399,0.042,0.298,-0.04,0,0.042,0.279,-0.36,0.411,0,,,,,,,,,0.272,-0.16,0.315,0.042,,,,
54808,20100607,-88.37,40.05,0.269,-0.1,0.256,0.161,0.313,0.08,0,0.185,0.286,-0.28,0.268,0,,,,,,,,,0.291,-0.03,0.173,0.185,,,,
54808,20100608,-88.37,40.05,0.286,0.01,0.119,0.167,0.327,0.18,0,0.321,0.292,-0.22,0.143,0,,,,,,,,,0.307,0.09,0.113,0.238,,,,
54808,20100609,-88.37,40.05,0.307,0.14,0,0.214,0.342,0.28,0,0.464,0.301,-0.14,0.036,0.042,,,,,,,,,0.325,0.21,0,0.286,,,,
54808,20100610,-88.37,40.05,0.325,0.25,0,0.357,0.355,0.37,0,0.607,0.319,0,0.006,0.185,,,,,,,,,0.34,0.31,0,0.429,,,,
54808,20100611,-88.37,40.05,0.343,0.36,0,0.5,0.369,0.46,0,0.75,0.335,0.13,0,0.327,,,,,,,,,0.356,0.41,0,0.571,,,,
54808,20100612,-88.37,40.05,0.366,0.5,0,0.643,0.387,0.58,0,0.893,0.351,0.25,0,0.47,,,,,,,,,0.377,0.54,0,0.714,,,,
54808,20100613,-88.37,40.05,0.386,0.62,0,0.744,0.404,0.68,0,0.994,0.368,0.37,0,0.613,,,,,,,,,0.395,0.65,0,0.815,,,,
54808,20100614,-88.37,40.05,0.398,0.69,0,0.768,0.412,0.73,0,0.994,0.381,0.47,0,0.756,,,,,,,,,0.405,0.71,0,0.815,,,,
54808,20100615,-88.37,40.05,0.417,0.8,0,0.905,0.425,0.8,0,1,0.4,0.6,0,0.899,,,,,,,,,0.421,0.8,0,0.905,,,,
54808,20100616,-88.37,40.05,0.434,0.89,0,1,0.436,0.87,0,1,0.416,0.7,0,1,,,,,,,,,0.435,0.89,0,1,,,,
54808,20100617,-88.37,40.05,0.439,0.93,0,1,0.441,0.9,0,1,0.421,0.74,0,1,,,,,,,,,0.44,0.92,0,1,,,,
54808,20100618,-88.37,40.05,0.445,0.97,0,1,0.446,0.93,0,1,0.424,0.76,0,1,,,,,,,,,0.445,0.95,0,1,,,,
54808,20100619,-88.37,40.05,0.45,1,0,1,0.45,0.95,0,1,0.429,0.8,0,1,,,,,,,,,0.45,0.98,0,1,,,,
54808,20100620,-88.37,40.05,0.456,1.04,0,1,0.453,0.98,0,1,0.435,0.84,0,1,,,,,,,,,0.454,1.01,0,1,,,,
54808,20100621,-88.37,40.05,0.455,1.05,0,1,0.452,0.98,0,1,0.435,0.84,0,1,,,,,,,,,0.454,1.02,0,1,,,,
54808,20100622,-88.37,40.05,0.452,1.04,0,1,0.45,0.98,0,1,0.432,0.82,0,1,,,,,,,,,0.451,1.02,0,1,,,,
54808,20100623,-88.37,40.05,0.454,1.06,0,1,0.45,0.99,0,1,0.432,0.83,0,1,,,,,,,,,0.452,1.05,0,1,,,,
54808,20100624,-88.37,40.05,0.456,1.09,0,1,0.451,1,0,1,0.433,0.84,0,1,,,,,,,,,0.454,1.08,0,1,,,,
54808,20100625,-88.37,40.05,0.459,1.12,0,1,0.452,1.02,0,1,0.434,0.86,0,1,,,,,,,,,0.456,1.11,0,1,,,,
54808,20100626,-88.37,40.05,0.457,1.11,0,1,0.451,1.02,0,1,0.433,0.85,0,1,,,,,,,,,0.454,1.11,0,1,,,,
54808,20100627,-88.37,40.05,0.449,1.07,0,1,0.447,1,0,1,0.428,0.84,0,1,,,,,,,,,0.448,1.09,0,1,,,,
54808,20100628,-88.37,40.05,0.44,1.03,0,1,0.443,0.99,0,1,0.427,0.84,0,1,,,,,,,,,0.442,1.06,0,1,,,,
54808,20100629,-88.37,40.05,0.427,0.96,0,0.994,0.438,0.96,0,1,0.424,0.83,0,1,,,,,,,,,0.432,1.01,0,1,,,,
54808,20100630,-88.37,40.05,0.403,0.82,0,0.863,0.426,0.9,0,1,0.414,0.78,0,1,,,,,,,,,0.414,0.9,0,0.988,,,,
54808,20100701,-88.37,40.05,0.377,0.66,0,0.72,0.414,0.83,0,1,0.406,0.73,0,1,,,,,,,,,0.396,0.78,0,0.851,,,,
54808,20100702,-88.37,40.05,0.35,0.5,0,0.577,0.401,0.75,0,0.958,0.398,0.68,0,0.911,,,,,,,,,0.376,0.65,0,0.708,,,,
54808,20100703,-88.37,40.05,0.323,0.34,0,0.435,0.388,0.66,0,0.815,0.389,0.62,0,0.768,,,,,,,,,0.356,0.52,0,0.565,,,,
54808,20100704,-88.37,40.05,0.298,0.18,0,0.292,0.373,0.57,0,0.673,0.378,0.54,0,0.625,,,,,,,,,0.335,0.39,0,0.423,,,,
54808,20100705,-88.37,40.05,0.275,0.04,0,0.149,0.359,0.47,0,0.53,0.367,0.46,0,0.482,,,,,,,,,0.317,0.26,0,0.28,,,,
54808,20100706,-88.37,40.05,0.254,-0.09,0.077,0.012,0.346,0.38,0,0.387,0.355,0.37,0,0.339,,,,,,,,,0.3,0.14,0,0.137,,,,
54808,20100707,-88.37,40.05,0.237,-0.19,0.22,0,0.334,0.29,0,0.244,0.343,0.28,0,0.196,,,,,,,,,0.286,0.04,0,0.006,,,,
54808,20100708,-88.37,40.05,0.224,-0.28,0.363,0,0.323,0.22,0,0.101,0.333,0.19,0,0.054,,,,,,,,,0.273,-0.04,0,0,,,,
54808,20100709,-88.37,40.05,0.213,-0.34,0.506,0,0.314,0.15,0,0,0.324,0.12,0,0,,,,,,,,,0.264,-0.11,0,0,,,,
54808,20100710,-88.37,40.05,0.206,-0.39,0.649,0,0.307,0.1,0,0,0.316,0.05,0,0,,,,,,,,,0.256,-0.16,0,0,,,,
54808,20100711,-88.37,40.05,0.199,-0.43,0.792,0,0.3,0.06,0,0,0.309,0,0,0,,,,,,,,,0.25,-0.2,0,0,,,,
54808,20100712,-88.37,40.05,0.194,-0.46,0.935,0,0.294,0.02,0,0,0.303,-0.05,0,0,,,,,,,,,0.244,-0.24,0,0,,,,
54808,20100713,-88.37,40.05,0.189,-0.48,1,0,0.289,0,0,0,0.298,-0.1,0,0,,,,,,,,,0.239,-0.26,0,0,,,,
54808,20100714,-88.37,40.05,0.192,-0.45,0.869,0,0.294,0.05,0,0.071,0.294,-0.13,0,0,,,,,,,,,0.243,-0.22,0,0,,,,
54808,20100715,-88.37,40.05,0.195,-0.42,0.726,0,0.297,0.09,0,0.071,0.291,-0.15,0,0,,,,,,,,,0.246,-0.19,0,0,,,,
54808,20100716,-88.37,40.05,0.212,-0.29,0.583,0.095,0.311,0.21,0,0.179,0.301,-0.05,0,0.095,,,,,,,,,0.261,-0.07,0,0.107,,,,
54808,20100717,-88.37,40.05,0.232,-0.15,0.44,0.167,0.326,0.35,0,0.321,0.315,0.09,0,0.238,,,,,,,,,0.279,0.08,0,0.25,,,,
54808,20100718,-88.37,40.05,0.25,-0.02,0.298,0.167,0.342,0.49,0,0.464,0.33,0.23,0,0.381,,,,,,,,,0.296,0.21,0,0.393,,,,
54808,20100719,-88.37,40.05,0.266,0.09,0.155,0.167,0.356,0.62,0,0.607,0.343,0.37,0,0.524,,,,,,,,,0.311,0.33,0,0.536,,,,
54808,20100720,-88.37,40.05,0.289,0.25,0.012,0.238,0.376,0.78,0,0.75,0.36,0.53,0,0.667,,,,,,,,,0.332,0.5,0,0.673,,,,
54808,20100721,-88.37,40.05,0.315,0.43,0,0.381,0.389,0.91,0,0.821,0.379,0.72,0,0.81,,,,,,,,,0.352,0.66,0,0.815,,,,
54808,20100722,-88.37,40.05,0.342,0.62,0,0.509,0.406,1.05,0,0.963,0.399,0.91,0,0.951,,,,,,,,,0.374,0.83,0,0.957,,,,
54808,20100723,-88.37,40.05,0.357,0.74,0,0.558,0.414,1.13,0,1,0.406,0.99,0,1,,,,,,,,,0.385,0.93,0,0.994,,,,
54808,20100724,-88.37,40.05,0.367,0.83,0,0.632,0.419,1.19,0,1,0.409,1.04,0,1,,,,,,,,,0.393,1.01,0,0.994,,,,
54808,20100725,-88.37,40.05,0.381,0.95,0,0.779,0.426,1.27,0,1,0.414,1.1,0,1,,,,,,,,,0.404,1.11,0,0.994,,,,
54808,20100726,-88.37,40.05,0.401,1.11,0,0.926,0.435,1.36,0,1,0.42,1.18,0,1,,,,,,,,,0.418,1.24,0,0.994,,,,
54808,20100727,-88.37,40.05,0.41,1.21,0,1,0.439,1.41,0,1,0.422,1.22,0,1,,,,,,,,,0.424,1.31,0,1,,,,
54808,20100728,-88.37,40.05,0.407,1.22,0,1,0.438,1.43,0,1,0.421,1.23,0,1,,,,,,,,,0.422,1.32,0,1,,,,
54808,20100729,-88.37,40.05,0.399,1.19,0,1,0.435,1.42,0,1,0.419,1.23,0,1,,,,,,,,,0.417,1.3,0,1,,,,
54808,20100730,-88.37,40.05,0.387,1.13,0,1,0.432,1.41,0,1,0.417,1.22,0,1,,,,,,,,,0.41,1.26,0,1,,,,
54808,20100731,-88.37,40.05,0.375,1.06,0,1,0.427,1.4,0,1,0.415,1.21,0,1,,,,,,,,,0.401,1.22,0,1,,,,
54808,20100801,-88.37,40.05,0.359,0.97,0,0.994,0.421,1.36,0,1,0.412,1.18,0,1,,,,,,,,,0.39,1.15,0,1,,,,
54808,20100802,-88.37,40.05,0.337,0.83,0,0.869,0.413,1.32,0,1,0.407,1.14,0,1,,,,,,,,,0.375,1.06,0,1,,,,
54808,20100803,-88.37,40.05,0.316,0.7,0,0.726,0.405,1.27,0,1,0.402,1.1,0,1,,,,,,,,,0.36,0.97,0,1,,,,
54808,20100804,-88.37,40.05,0.296,0.56,0,0.583,0.396,1.23,0,1,0.398,1.06,0,1,,,,,,,,,0.346,0.88,0,1,,,,
54808,20100805,-88.37,40.05,0.278,0.45,0,0.44,0.388,1.19,0,1,0.392,1.01,0,1,,,,,,,,,0.333,0.8,0,1,,,,
54808,20100806,-88.37,40.05,0.263,0.35,0,0.298,0.379,1.14,0,1,0.386,0.96,0,1,,,,,,,,,0.321,0.73,0,0.97,,,,
54808,20100807,-88.37,40.05,0.25,0.26,0,0.155,0.37,1.08,0,1,0.379,0.91,0,1,,,,,,,,,0.31,0.66,0,0.833,,,,
54808,20100808,-88.37,40.05,0.238,0.18,0,0.018,0.361,1.02,0,1,0.372,0.85,0,1,,,,,,,,,0.3,0.59,0,0.69,,,,
54808,20100809,-88.37,40.05,0.228,0.12,0,0,0.352,0.96,0,1,0.364,0.79,0,0.994,,,,,,,,,0.29,0.53,0,0.548,,,,
54808,20100810,-88.37,40.05,0.22,0.07,0,0,0.344,0.91,0,1,0.357,0.73,0,0.94,,,,,,,,,0.282,0.48,0,0.405,,,,
54808,20100811,-88.37,40.05,0.219,0.08,0,0.065,0.341,0.89,0,1,0.352,0.69,0,0.923,,,,,,,,,0.28,0.48,0,0.333,,,,
54808,20100812,-88.37,40.05,0.22,0.1,0,0.077,0.341,0.89,0,1,0.349,0.67,0,0.923,,,,,,,,,0.281,0.5,0,0.333,,,,
54808,20100813,-88.37,40.05,0.22,0.11,0,0.077,0.339,0.88,0,1,0.347,0.65,0,0.923,,,,,,,,,0.279,0.5,0,0.327,,,,
54808,20100814,-88.37,40.05,0.22,0.12,0,0.089,0.339,0.88,0,1,0.344,0.63,0,0.881,,,,,,,,,0.279,0.52,0,0.351,,,,
54808,20100815,-88.37,40.05,0.227,0.19,0,0.173,0.342,0.92,0,1,0.342,0.62,0,0.792,,,,,,,,,0.285,0.58,0,0.494,,,,
54808,20100816,-88.37,40.05,0.232,0.25,0,0.173,0.344,0.95,0,1,0.34,0.6,0,0.673,,,,,,,,,0.288,0.63,0,0.637,,,,
54808,20100817,-88.37,40.05,0.234,0.28,0,0.173,0.344,0.97,0,1,0.338,0.59,0,0.583,,,,,,,,,0.289,0.66,0,0.75,,,,
54808,20100818,-88.37,40.05,0.23,0.26,0,0.107,0.34,0.95,0,1,0.333,0.55,0,0.458,,,,,,,,,0.285,0.64,0,0.685,,,,
54808,20100819,-88.37,40.05,0.224,0.22,0,0.095,0.333,0.9,0,1,0.327,0.5,0,0.315,,,,,,,,,0.278,0.59,0,0.542,,,,
54808,20100820,-88.37,40.05,0.22,0.19,0,0.095,0.327,0.86,0,1,0.323,0.46,0,0.173,,,,,,,,,0.273,0.56,0,0.435,,,,
54808,20100821,-88.37,40.05,0.222,0.22,0,0.125,0.326,0.87,0,0.994,0.319,0.43,0,0.089,,,,,,,,,0.274,0.58,0,0.452,,,,
54808,20100822,-88.37,40.05,0.231,0.3,0,0.185,0.33,0.91,0,0.994,0.319,0.43,0,0.101,,,,,,,,,0.28,0.64,0,0.452,,,,
54808,20100823,-88.37,40.05,0.239,0.37,0,0.327,0.333,0.93,0,0.994,0.318,0.43,0,0.113,,,,,,,,,0.286,0.69,0,0.452,,,,
54808,20100824,-88.37,40.05,0.245,0.42,0,0.393,0.336,0.95,0,0.994,0.318,0.43,0,0.119,,,,,,,,,0.291,0.73,0,0.482,,,,
54808,20100825,-88.37,40.05,0.25,0.46,0,0.393,0.339,0.97,0,0.994,0.318,0.44,0,0.119,,,,,,,,,0.295,0.75,0,0.601,,,,
54808,20100826,-88.37,40.05,0.254,0.49,0,0.393,0.341,0.97,0,0.994,0.318,0.43,0,0.119,,,,,,,,,0.297,0.77,0,0.601,,,,
54808,20100827,-88.37,40.05,0.257,0.51,0,0.393,0.341,0.97,0,0.946,0.318,0.43,0,0.119,,,,,,,,,0.299,0.78,0,0.601,,,,
54808,20100828,-88.37,40.05,0.253,0.47,0,0.351,0.337,0.92,0,0.815,0.317,0.41,0,0.101,,,,,,,,,0.295,0.73,0,0.554,,,,
54808,20100829,-88.37,40.05,0.235,0.32,0,0.208,0.324,0.79,0,0.673,0.314,0.38,0,0.036,,,,,,,,,0.28,0.59,0,0.411,,,,
54808,20100830,-88.37,40.05,0.221,0.21,0,0.065,0.314,0.7,0,0.53,0.311,0.35,0,0.006,,,,,,,,,0.268,0.48,0,0.268,,,,
54808,20100831,-88.37,40.05,0.211,0.13,0,0,0.306,0.62,0,0.387,0.309,0.32,0,0,,,,,,,,,0.258,0.4,0,0.125,,,,
54808,20100901,-88.37,40.05,0.203,0.07,0,0,0.299,0.55,0,0.244,0.306,0.29,0,0,,,,,,,,,0.251,0.33,0,0,,,,
54808,20100902,-88.37,40.05,0.198,0.04,0,0,0.293,0.5,0,0.107,0.305,0.27,0,0,,,,,,,,,0.246,0.29,0,0.006,,,,
54808,20100903,-88.37,40.05,0.219,0.18,0,0.143,0.309,0.6,0,0.155,0.317,0.36,0,0.143,,,,,,,,,0.264,0.42,0,0.149,,,,
54808,20100904,-88.37,40.05,0.24,0.34,0,0.286,0.325,0.71,0,0.292,0.33,0.45,0,0.286,,,,,,,,,0.283,0.56,0,0.292,,,,
54808,20100905,-88.37,40.05,0.26,0.48,0,0.429,0.339,0.81,0,0.435,0.341,0.54,0,0.429,,,,,,,,,0.3,0.68,0,0.435,,,,
54808,20100906,-88.37,40.05,0.278,0.61,0,0.571,0.353,0.9,0,0.577,0.352,0.62,0,0.571,,,,,,,,,0.316,0.8,0,0.577,,,,
54808,20100907,-88.37,40.05,0.293,0.71,0,0.714,0.366,0.98,0,0.72,0.362,0.7,0,0.714,,,,,,,,,0.33,0.89,0,0.72,,,,
54808,20100908,-88.37,40.05,0.305,0.8,0,0.75,0.377,1.05,0,0.863,0.372,0.77,0,0.857,,,,,,,,,0.341,0.97,0,0.863,,,,
54808,20100909,-88.37,40.05,0.313,0.85,0,0.75,0.387,1.1,0,1,0.381,0.84,0,1,,,,,,,,,0.35,1.03,0,0.994,,,,
54808,20100910,-88.37,40.05,0.295,0.72,0,0.607,0.376,1.02,0,1,0.375,0.8,0,1,,,,,,,,,0.336,0.92,0,0.851,,,,
54808,20100911,-88.37,40.05,0.277,0.59,0,0.464,0.365,0.93,0,1,0.369,0.75,0,0.97,,,,,,,,,0.321,0.8,0,0.72,,,,
54808,20100912,-88.37,40.05,0.263,0.49,0,0.321,0.357,0.86,0,1,0.364,0.71,0,0.946,,,,,,,,,0.31,0.71,0,0.619,,,,
54808,20100913,-88.37,40.05,0.251,0.39,0,0.179,0.349,0.78,0,0.976,0.359,0.68,0,0.887,,,,,,,,,0.3,0.63,0,0.476,,,,
54808,20100914,-88.37,40.05,0.241,0.31,0,0.036,0.341,0.72,0,0.851,0.354,0.65,0,0.798,,,,,,,,,0.291,0.54,0,0.333,,,,
54808,20100915,-88.37,40.05,0.234,0.25,0,0,0.334,0.66,0,0.708,0.349,0.62,0,0.696,,,,,,,,,0.284,0.47,0,0.19,,,,
54808,20100916,-88.37,40.05,0.229,0.2,0,0,0.329,0.61,0,0.565,0.346,0.59,0,0.589,,,,,,,,,0.279,0.41,0,0.054,,,,
54808,20100917,-88.37,40.05,0.226,0.16,0,0,0.324,0.56,0,0.423,0.342,0.57,0,0.446,,,,,,,,,0.275,0.36,0,0.054,,,,
54808,20100918,-88.37,40.05,0.222,0.12,0,0,0.319,0.51,0,0.28,0.339,0.54,0,0.333,,,,,,,,,0.27,0.31,0,0.042,,,,
54808,20100919,-88.37,40.05,0.216,0.05,0,0,0.312,0.46,0,0.137,0.335,0.52,0,0.214,,,,,,,,,0.264,0.25,0,0,,,,
54808,20100920,-88.37,40.05,0.211,0,0,0,0.307,0.42,0,0.018,0.332,0.49,0,0.131,,,,,,,,,0.259,0.21,0,0,,,,
54808,20100921,-88.37,40.05,0.207,-0.03,0,0,0.303,0.39,0,0,0.329,0.47,0,0.077,,,,,,,,,0.255,0.18,0,0,,,,
54808,20100922,-88.37,40.05,0.204,-0.06,0,0,0.299,0.36,0,0,0.327,0.45,0,0.036,,,,,,,,,0.251,0.15,0,0,,,,
54808,20100923,-88.37,40.05,0.213,0.01,0,0.131,0.304,0.4,0,0.131,0.33,0.48,0,0.131,,,,,,,,,0.258,0.21,0,0.131,,,,
54808,20100924,-88.37,40.05,0.219,0.06,0,0.173,0.308,0.43,0,0.274,0.333,0.5,0,0.274,,,,,,,,,0.264,0.26,0,0.274,,,,
54808,20100925,-88.37,40.05,0.226,0.12,0,0.214,0.313,0.46,0,0.411,0.337,0.53,0,0.417,,,,,,,,,0.27,0.3,0,0.417,,,,
54808,20100926,-88.37,40.05,0.233,0.17,0,0.22,0.319,0.49,0,0.554,0.34,0.56,0,0.554,,,,,,,,,0.276,0.35,0,0.536,,,,
54808,20100927,-88.37,40.05,0.239,0.22,0,0.22,0.325,0.54,0,0.696,0.343,0.57,0,0.69,,,,,,,,,0.282,0.4,0,0.679,,,,
54808,20100928,-88.37,40.05,0.246,0.27,0,0.22,0.33,0.57,0,0.839,0.345,0.59,0,0.833,,,,,,,,,0.288,0.44,0,0.821,,,,
54808,20100929,-88.37,40.05,0.251,0.31,0,0.22,0.336,0.61,0,0.982,0.348,0.6,0,0.958,,,,,,,,,0.293,0.48,0,0.875,,,,
54808,20100930,-88.37,40.05,0.245,0.25,0,0.089,0.331,0.58,0,0.994,0.345,0.56,0,0.94,,,,,,,,,0.288,0.43,0,0.744,,,,
54808,20101001,-88.37,40.05,0.239,0.2,0,0.048,0.327,0.56,0,0.994,0.341,0.52,0,0.863,,,,,,,,,0.283,0.39,0,0.601,,,,
54808,20101002,-88.37,40.05,0.232,0.14,0,0.006,0.323,0.53,0,0.988,0.338,0.48,0,0.738,,,,,,,,,0.278,0.34,0,0.458,,,,
54808,20101003,-88.37,40.05,0.232,0.14,0,0.006,0.32,0.51,0,0.988,0.335,0.44,0,0.601,,,,,,,,,0.276,0.32,0,0.381,,,,
54808,20101004,-88.37,40.05,0.229,0.11,0,0.006,0.314,0.47,0,0.976,0.331,0.4,0,0.47,,,,,,,,,0.272,0.28,0,0.238,,,,
54808,20101005,-88.37,40.05,0.225,0.07,0,0.006,0.309,0.43,0,0.845,0.328,0.36,0,0.327,,,,,,,,,0.267,0.24,0,0.095,,,,
54808,20101006,-88.37,40.05,0.22,0.02,0,0.006,0.304,0.39,0,0.702,0.325,0.33,0,0.202,,,,,,,,,0.262,0.2,0,0.042,,,,
54808,20101007,-88.37,40.05,0.216,-0.02,0,0.006,0.3,0.35,0,0.56,0.322,0.3,0,0.089,,,,,,,,,0.258,0.15,0,0.042,,,,
54808,20101008,-88.37,40.05,0.213,-0.05,0,0.006,0.296,0.32,0,0.419,0.32,0.27,0,0.024,,,,,,,,,0.255,0.12,0,0.042,,,,
54808,20101009,-88.37,40.05,0.211,-0.07,0,0.006,0.292,0.28,0,0.287,0.317,0.24,0,0.006,,,,,,,,,0.252,0.09,0,0.042,,,,
54808,20101010,-88.37,40.05,0.202,-0.15,0,0,0.287,0.23,0,0.144,0.315,0.21,0,0.006,,,,,,,,,0.244,0.02,0,0,,,,
54808,20101011,-88.37,40.05,0.196,-0.21,0,0,0.282,0.19,0,0.012,0.312,0.18,0,0,,,,,,,,,0.239,-0.04,0,0,,,,
54808,20101012,-88.37,40.05,0.191,-0.25,0,0,0.278,0.14,0,0,0.31,0.15,0,0,,,,,,,,,0.234,-0.09,0,0,,,,
54808,20101013,-88.37,40.05,0.187,-0.29,0,0,0.273,0.1,0,0,0.307,0.12,0,0,,,,,,,,,0.23,-0.13,0,0,,,,
54808,20101014,-88.37,40.05,0.184,-0.31,0.006,0,0.269,0.05,0,0,0.305,0.09,0,0,,,,,,,,,0.226,-0.17,0,0,,,,
54808,20101015,-88.37,40.05,0.182,-0.33,0.006,0,0.265,0.01,0,0,0.302,0.06,0,0,,,,,,,,,0.223,-0.2,0,0,,,,
54808,20101016,-88.37,40.05,0.18,-0.35,0.006,0,0.262,-0.02,0,0,0.3,0.03,0,0,,,,,,,,,0.221,-0.23,0,0,,,,
54808,20101017,-88.37,40.05,0.178,-0.36,0.083,0,0.259,-0.06,0,0,0.297,0,0,0,,,,,,,,,0.219,-0.26,0,0,,,,
54808,20101018,-88.37,40.05,0.177,-0.38,0.22,0,0.256,-0.1,0,0,0.294,-0.04,0,0,,,,,,,,,0.217,-0.29,0,0,,,,
54808,20101019,-88.37,40.05,0.176,-0.41,0.363,0,0.253,-0.13,0,0,0.292,-0.07,0,0,,,,,,,,,0.215,-0.31,0.036,0,,,,
54808,20101020,-88.37,40.05,0.175,-0.44,0.506,0,0.251,-0.16,0,0,0.289,-0.1,0,0,,,,,,,,,0.213,-0.35,0.179,0,,,,
54808,20101021,-88.37,40.05,0.174,-0.49,0.643,0,0.249,-0.2,0,0,0.286,-0.14,0,0,,,,,,,,,0.211,-0.38,0.321,0,,,,
54808,20101022,-88.37,40.05,0.172,-0.54,0.786,0,0.247,-0.23,0,0,0.283,-0.17,0,0,,,,,,,,,0.209,-0.43,0.464,0,,,,
54808,20101023,-88.37,40.05,0.171,-0.6,0.929,0,0.245,-0.27,0.06,0,0.281,-0.21,0,0,,,,,,,,,0.208,-0.47,0.607,0,,,,
54808,20101024,-88.37,40.05,0.169,-0.65,0.994,0,0.243,-0.3,0.107,0,0.278,-0.23,0,0,,,,,,,,,0.206,-0.52,0.75,0,,,,
54808,20101025,-88.37,40.05,0.168,-0.69,1,0,0.241,-0.33,0.208,0,0.277,-0.26,0,0,,,,,,,,,0.205,-0.55,0.893,0,,,,
54808,20101026,-88.37,40.05,0.168,-0.73,1,0,0.241,-0.36,0.345,0,0.275,-0.27,0,0,,,,,,,,,0.204,-0.59,1,0,,,,
54808,20101027,-88.37,40.05,0.172,-0.73,1,0,0.245,-0.36,0.345,0,0.278,-0.26,0,0,,,,,,,,,0.209,-0.59,0.964,0,,,,
54808,20101028,-88.37,40.05,0.175,-0.73,1,0,0.246,-0.38,0.476,0,0.279,-0.25,0,0,,,,,,,,,0.211,-0.59,0.964,0,,,,
54808,20101029,-88.37,40.05,0.177,-0.74,1,0,0.247,-0.41,0.619,0,0.28,-0.25,0,0,,,,,,,,,0.212,-0.61,0.964,0,,,,
54808,20101030,-88.37,40.05,0.178,-0.76,1,0,0.247,-0.44,0.702,0,0.28,-0.25,0,0,,,,,,,,,0.213,-0.63,0.964,0,,,,
54808,20101031,-88.37,40.05,0.179,-0.78,1,0,0.247,-0.48,0.798,0,0.28,-0.26,0,0,,,,,,,,,0.213,-0.65,0.964,0,,,,
54808,20101101,-88.37,40.05,0.179,-0.81,1,0,0.246,-0.52,0.839,0,0.279,-0.27,0.006,0,,,,,,,,,0.213,-0.67,0.964,0,,,,
54808,20101102,-88.37,40.05,0.178,-0.84,1,0,0.245,-0.56,0.845,0,0.278,-0.29,0.042,0,,,,,,,,,0.212,-0.7,0.964,0,,,,
54808,20101103,-88.37,40.05,0.173,-0.9,1,0,0.239,-0.64,0.988,0,0.273,-0.34,0.161,0,,,,,,,,,0.206,-0.76,1,0,,,,
54808,20101104,-88.37,40.05,0.17,-0.96,1,0,0.236,-0.7,1,0,0.27,-0.38,0.304,0,,,,,,,,,0.203,-0.81,1,0,,,,
54808,20101105,-88.37,40.05,0.167,-1,1,0,0.234,-0.74,1,0,0.267,-0.41,0.446,0,,,,,,,,,0.201,-0.86,1,0,,,,
54808,20101106,-88.37,40.05,0.166,-1.05,1,0,0.232,-0.78,1,0,0.265,-0.44,0.589,0,,,,,,,,,0.199,-0.91,1,0,,,,
54808,20101107,-88.37,40.05,0.164,-1.1,1,0,0.23,-0.83,1,0,0.263,-0.47,0.732,0,,,,,,,,,0.197,-0.97,1,0,,,,
54808,20101108,-88.37,40.05,0.162,-1.15,1,0,0.228,-0.87,1,0,0.261,-0.51,0.869,0,,,,,,,,,0.195,-1.02,1,0,,,,
54808,20101109,-88.37,40.05,0.161,-1.19,1,0,0.227,-0.91,1,0,0.259,-0.56,0.976,0,,,,,,,,,0.194,-1.09,1,0,,,,
54808,20101110,-88.37,40.05,0.161,-1.24,1,0,0.226,-0.94,1,0,0.258,-0.6,1,0,,,,,,,,,0.193,-1.14,1,0,,,,
54808,20101111,-88.37,40.05,0.16,-1.29,1,0,0.226,-0.98,1,0,0.257,-0.65,1,0,,,,,,,,,0.193,-1.2,1,0,,,,
54808,20101112,-88.37,40.05,0.16,-1.33,1,0,0.225,-1.01,1,0,0.256,-0.7,1,0,,,,,,,,,0.192,-1.24,1,0,,,,
54808,20101113,-88.37,40.05,0.159,-1.38,1,0,0.225,-1.04,1,0,0.256,-0.74,1,0,,,,,,,,,0.192,-1.28,1,0,,,,
54808,20101114,-88.37,40.05,0.159,-1.43,1,0,0.226,-1.06,1,0,0.256,-0.78,1,0,,,,,,,,,0.192,-1.31,1,0,,,,
54808,20101115,-88.37,40.05,0.159,-1.49,1,0,0.225,-1.09,1,0,0.256,-0.81,1,0,,,,,,,,,0.192,-1.34,1,0,,,,
54808,20101116,-88.37,40.05,0.158,-1.54,1,0,0.224,-1.12,1,0,0.256,-0.84,1,0,,,,,,,,,0.191,-1.38,1,0,,,,
54808,20101117,-88.37,40.05,0.157,-1.6,1,0,0.223,-1.15,1,0,0.255,-0.86,1,0,,,,,,,,,0.19,-1.41,1,0,,,,
54808,20101118,-88.37,40.05,0.156,-1.65,1,0,0.222,-1.17,1,0,0.253,-0.88,1,0,,,,,,,,,0.189,-1.44,1,0,,,,
54808,20101119,-88.37,40.05,0.155,-1.7,1,0,0.22,-1.19,1,0,0.252,-0.91,1,0,,,,,,,,,0.188,-1.47,1,0,,,,
54808,20101120,-88.37,40.05,0.154,-1.76,1,0,0.219,-1.22,1,0,0.25,-0.93,1,0,,,,,,,,,0.186,-1.51,1,0,,,,
54808,20101121,-88.37,40.05,0.153,-1.8,1,0,0.217,-1.24,1,0,0.249,-0.95,1,0,,,,,,,,,0.185,-1.54,1,0,,,,
54808,20101122,-88.37,40.05,0.153,-1.82,1,0,0.217,-1.26,1,0,0.248,-0.97,1,0,,,,,,,,,0.185,-1.56,1,0,,,,
54808,20101123,-88.37,40.05,0.158,-1.79,1,0,0.221,-1.23,0.994,0,0.252,-0.94,0.935,0,,,,,,,,,0.19,-1.52,1,0,,,,
54808,20101124,-88.37,40.05,0.167,-1.72,1,0,0.228,-1.19,0.994,0,0.26,-0.88,0.81,0,,,,,,,,,0.197,-1.46,1,0,,,,
54808,20101125,-88.37,40.05,0.182,-1.6,0.976,0,0.238,-1.11,0.935,0,0.271,-0.79,0.685,0,,,,,,,,,0.21,-1.35,0.952,0,,,,
54808,20101126,-88.37,40.05,0.205,-1.39,0.839,0,0.256,-0.96,0.792,0,0.283,-0.69,0.542,0,,,,,,,,,0.231,-1.17,0.81,0,,,,
54808,20101127,-88.37,40.05,0.227,-1.2,0.839,0,0.273,-0.81,0.649,0,0.293,-0.61,0.399,0,,,,,,,,,0.25,-1,0.667,0,,,,
54808,20101128,-88.37,40.05,0.248,-1.02,0.839,0,0.289,-0.68,0.506,0,0.303,-0.53,0.256,0,,,,,,,,,0.268,-0.84,0.53,0,,,,
54808,20101129,-88.37,40.05,0.268,-0.84,0.839,0,0.305,-0.55,0.363,0,0.313,-0.45,0.137,0,,,,,,,,,0.286,-0.69,0.435,0,,,,
54808,20101130,-88.37,40.05,0.287,-0.69,0.762,0,0.32,-0.41,0.226,0.065,0.319,-0.41,0.077,0,,,,,,,,,0.304,-0.54,0.339,0,,,,
54808,20101201,-88.37,40.05,0.304,-0.56,0.619,0,0.337,-0.26,0.083,0.065,0.322,-0.39,0.06,0,,,,,,,,,0.32,-0.4,0.196,0,,,,
54808,20101202,-88.37,40.05,0.313,-0.5,0.554,0,0.348,-0.16,0,0.065,0.322,-0.41,0.071,0,,,,,,,,,0.33,-0.33,0.101,0,,,,
54808,20101203,-88.37,40.05,0.314,-0.53,0.69,0,0.351,-0.15,0,0.065,0.32,-0.45,0.19,0,,,,,,,,,0.332,-0.33,0.101,0,,,,
54808,20101204,-88.37,40.05,0.316,-0.53,0.69,0,0.354,-0.12,0,0.065,0.32,-0.48,0.333,0,,,,,,,,,0.335,-0.33,0.101,0,,,,
54808,20101205,-88.37,40.05,0.32,-0.53,0.655,0,0.359,-0.09,0,0.065,0.32,-0.51,0.476,0,,,,,,,,,0.34,-0.31,0.095,0,,,,
54808,20101206,-88.37,40.05,0.325,-0.51,0.565,0,0.364,-0.05,0,0.065,0.321,-0.52,0.595,0,,,,,,,,,0.345,-0.28,0.048,0,,,,
54808,20101207,-88.37,40.05,0.326,-0.53,0.643,0,0.364,-0.07,0,0,0.319,-0.56,0.72,0,,,,,,,,,0.345,-0.31,0.012,0,,,,
54808,20101208,-88.37,40.05,0.325,-0.57,0.786,0,0.362,-0.1,0,0,0.317,-0.61,0.863,0,,,,,,,,,0.344,-0.36,0.03,0,,,,
54808,20101209,-88.37,40.05,0.325,-0.6,0.875,0,0.362,-0.13,0,0,0.317,-0.64,0.976,0,,,,,,,,,0.343,-0.4,0.161,0,,,,
54808,20101210,-88.37,40.05,0.325,-0.62,0.875,0,0.361,-0.15,0,0,0.316,-0.67,1,0,,,,,,,,,0.343,-0.44,0.304,0,,,,
54808,20101211,-88.37,40.05,0.325,-0.64,0.875,0,0.361,-0.17,0,0,0.316,-0.69,1,0,,,,,,,,,0.343,-0.48,0.446,0,,,,
54808,20101212,-88.37,40.05,0.33,-0.62,0.81,0,0.365,-0.13,0,0.048,0.319,-0.67,0.899,0,,,,,,,,,0.347,-0.46,0.47,0,,,,
54808,20101213,-88.37,40.05,0.331,-0.63,0.893,0,0.367,-0.11,0,0.048,0.321,-0.67,0.893,0,,,,,,,,,0.349,-0.47,0.47,0,,,,
54808,20101214,-88.37,40.05,0.333,-0.64,0.893,0,0.369,-0.1,0,0.048,0.323,-0.66,0.893,0,,,,,,,,,0.351,-0.47,0.464,0,,,,
54808,20101215,-88.37,40.05,0.334,-0.65,0.893,0,0.371,-0.09,0,0.048,0.324,-0.66,0.893,0,,,,,,,,,0.352,-0.48,0.518,0,,,,
54808,20101216,-88.37,40.05,0.335,-0.67,0.893,0,0.373,-0.08,0,0.048,0.327,-0.66,0.893,0,,,,,,,,,0.354,-0.48,0.53,0,,,,
54808,20101217,-88.37,40.05,0.337,-0.68,0.893,0,0.374,-0.06,0,0.048,0.329,-0.65,0.893,0,,,,,,,,,0.356,-0.48,0.53,0,,,,
54808,20101218,-88.37,40.05,0.339,-0.69,0.893,0,0.376,-0.05,0,0.048,0.331,-0.64,0.893,0,,,,,,,,,0.358,-0.47,0.53,0,,,,
54808,20101219,-88.37,40.05,0.337,-0.75,0.994,0,0.374,-0.09,0,0,0.33,-0.67,0.994,0,,,,,,,,,0.355,-0.52,0.643,0,,,,
54808,20101220,-88.37,40.05,0.336,-0.79,1,0,0.373,-0.11,0,0,0.33,-0.68,0.994,0,,,,,,,,,0.354,-0.56,0.786,0,,,,
54808,20101221,-88.37,40.05,0.335,-0.81,1,0,0.372,-0.14,0,0,0.331,-0.68,0.994,0,,,,,,,,,0.354,-0.59,0.923,0,,,,
54808,20101222,-88.37,40.05,0.337,-0.81,1,0,0.374,-0.12,0,0.042,0.333,-0.67,0.946,0,,,,,,,,,0.355,-0.58,0.917,0,,,,
54808,20101223,-88.37,40.05,0.34,-0.79,1,0,0.377,-0.08,0,0.054,0.336,-0.63,0.81,0,,,,,,,,,0.358,-0.55,0.774,0,,,,
54808,20101224,-88.37,40.05,0.342,-0.78,1,0,0.379,-0.06,0,0.054,0.338,-0.6,0.702,0,,,,,,,,,0.36,-0.53,0.631,0,,,,
54808,20101225,-88.37,40.05,0.344,-0.76,1,0,0.38,-0.04,0,0.054,0.34,-0.57,0.649,0,,,,,,,,,0.362,-0.52,0.5,0,,,,
54808,20101226,-88.37,40.05,0.345,-0.75,1,0,0.382,-0.02,0,0.054,0.342,-0.55,0.595,0,,,,,,,,,0.364,-0.5,0.375,0,,,,
54808,20101227,-88.37,40.05,0.348,-0.73,1,0,0.384,0,0,0.054,0.344,-0.52,0.53,0,,,,,,,,,0.366,-0.48,0.256,0,,,,
54808,20101228,-88.37,40.05,0.35,-0.71,1,0,0.385,0.01,0,0.054,0.346,-0.49,0.47,0,,,,,,,,,0.367,-0.47,0.226,0,,,,
54808,20101229,-88.37,40.05,0.35,-0.74,1,0,0.383,-0.02,0,0.012,0.347,-0.48,0.458,0,,,,,,,,,0.366,-0.49,0.298,0,,,,
54808,20101230,-88.37,40.05,0.349,-0.76,1,0,0.382,-0.05,0,0.024,0.348,-0.48,0.53,0,,,,,,,,,0.366,-0.51,0.393,0,,,,
54808,20101231,-88.37,40.05,0.353,-0.74,0.97,0,0.386,0,0,0.143,0.354,-0.34,0.494,0.131,,,,,,,,,0.37,-0.47,0.402,0,,,,
54808,20110101,-88.37,40.05,0.357,-0.72,0.967,0,0.389,0.06,0,0.274,0.361,-0.21,0.405,0.256,,,,,,,,,0.373,-0.44,0.43,0,,,,
54808,20110102,-88.37,40.05,0.359,-0.73,0.963,0,0.391,0.08,0,0.315,0.367,-0.08,0.315,0.381,,,,,,,,,0.375,-0.43,0.47,0,,,,
54808,20110103,-88.37,40.05,0.359,-0.73,0.955,0,0.391,0.07,0,0.315,0.371,0,0.244,0.387,,,,,,,,,0.375,-0.42,0.537,0,,,,
54808,20110104,-88.37,40.05,0.357,-0.72,0.942,0,0.392,0.07,0,0.315,0.375,0.08,0.161,0.387,,,,,,,,,0.374,-0.38,0.464,0,,,,
54808,20110105,-88.37,40.05,0.357,-0.66,0.919,0,0.392,0.06,0,0.315,0.378,0.14,0.077,0.387,,,,,,,,,0.375,-0.28,0.267,0,,,,
54808,20110106,-88.37,40.05,0.358,-0.53,0.868,0,0.391,0.03,0,0.292,0.38,0.18,0,0.387,,,,,,,,,0.376,-0.13,0,0,,,,
54808,20110107,-88.37,40.05,,,,,0.386,-0.08,0,0.173,0.377,0.1,0,0.256,,,,,,,,,,,,,,,,
54808,20110108,-88.37,40.05,,,,,0.381,-0.18,0.071,0.042,0.373,0.01,0,0.131,,,,,,,,,,,,,,,,
54808,20110109,-88.37,40.05,,,,,0.378,-0.25,0.113,0,0.37,-0.07,0,0.006,,,,,,,,,,,,,,,,
54808,20110110,-88.37,40.05,,,,,,,,,0.367,-0.13,0.012,0,,,,,,,,,,,,,,,,
54808,20110111,-88.37,40.05,,,,,,,,,0.366,-0.18,0.03,0,,,,,,,,,,,,,,,,
54808,20110112,-88.37,40.05,,,,,,,,,0.364,-0.22,0.071,0,,,,,,,,,,,,,,,,
54808,20110113,-88.37,40.05,,,,,,,,,0.363,-0.26,0.161,0,,,,,,,,,,,,,,,,
54808,20110114,-88.37,40.05,,,,,,,,,0.362,-0.3,0.262,0,,,,,,,,,,,,,,,,
54808,20110115,-88.37,40.05,,,,,,,,,0.361,-0.33,0.381,0,,,,,,,,,,,,,,,,
54808,20110116,-88.37,40.05,,,,,,,,,0.361,-0.35,0.452,0,,,,,,,,,,,,,,,,
54808,20110117,-88.37,40.05,,,,,,,,,0.36,-0.37,0.554,0,,,,,,,,,,,,,,,,
54808,20110118,-88.37,40.05,,,,,,,,,0.36,-0.37,0.631,0,,,,,,,,,,,,,,,,
54808,20110119,-88.37,40.05,,,,,,,,,0.363,-0.29,0.589,0.048,,,,,,,,,,,,,,,,
54808,20110120,-88.37,40.05,,,,,,,,,0.366,-0.22,0.5,0.06,,,,,,,,,,,,,,,,
54808,20110121,-88.37,40.05,,,,,,,,,0.368,-0.16,0.399,0.06,,,,,,,,,,,,,,,,
54808,20110122,-88.37,40.05,,,,,,,,,0.369,-0.11,0.28,0.06,,,,,,,,,,,,,,,,
54808,20110123,-88.37,40.05,,,,,,,,,0.371,-0.06,0.208,0.06,,,,,,,,,,,,,,,,
54808,20110124,-88.37,40.05,,,,,,,,,0.372,-0.03,0.095,0.06,,,,,,,,,,,,,,,,
54808,20110125,-88.37,40.05,,,,,,,,,0.373,-0.01,0.012,0.06,,,,,,,,,,,,,,,,
54808,20110126,-88.37,40.05,,,,,,,,,0.371,-0.08,0.036,0.012,,,,,,,,,,,,,,,,
54808,20110127,-88.37,40.05,,,,,,,,,0.369,-0.14,0.089,0,,,,,,,,,,,,,,,,
54808,20110128,-88.37,40.05,,,,,,,,,0.367,-0.18,0.161,0,,,,,,,,,,,,,,,,
54808,20110129,-88.37,40.05,,,,,,,,,0.366,-0.22,0.262,0,,,,,,,,,,,,,,,,
54808,20110130,-88.37,40.05,,,,,,,,,0.365,-0.25,0.354,0,,,,,,,,,,,,,,,,
54808,20110131,-88.37,40.05,,,,,,,,,0.367,-0.27,0.424,0,,,,,,,,,,,,,,,,
54808,20110201,-88.37,40.05,,,,,,,,,0.37,-0.28,0.496,0,,,,,,,,,,,,,,,,
54808,20110202,-88.37,40.05,,,,,,,,,0.371,-0.3,0.582,0,,,,,,,,,,,,,,,,
54808,20110203,-88.37,40.05,,,,,,,,,0.372,-0.31,0.657,0,,,,,,,,,,,,,,,,
54808,20110204,-88.37,40.05,,,,,,,,,0.373,-0.32,0.744,0,,,,,,,,,,,,,,,,
54808,20110205,-88.37,40.05,,,,,,,,,0.375,-0.32,0.789,0,,,,,,,,,,,,,,,,
54808,20110206,-88.37,40.05,,,,,,,,,0.376,-0.34,1,0,,,,,,,,,,,,,,,,
54808,20110207,-88.37,40.05,,,,,,,,,0.374,,,,,,,,,,,,,,,,,,,
54808,20110208,-88.37,40.05,,,,,,,,,0.372,,,,,,,,,,,,,,,,,,,
54808,20110209,-88.37,40.05,,,,,,,,,0.371,,,,,,,,,,,,,,,,,,,
54808,20110210,-88.37,40.05,,,,,,,,,0.37,,,,,,,,,,,,,,,,,,,
54808,20110211,-88.37,40.05,,,,,,,,,0.369,,,,,,,,,,,,,,,,,,,
54808,20110212,-88.37,40.05,,,,,,,,,0.369,,,,,,,,,,,,,,,,,,,
54808,20110213,-88.37,40.05,,,,,,,,,,,,,,,,,,,,,,,,,,,,
54808,20110214,-88.37,40.05,,,,,,,,,,,,,,,,,,,,,,,,,,,,
54808,20110215,-88.37,40.05,,,,,,,,,,,,,,,,,,,,,,,,,,,,
54808,20110216,-88.37,40.05,,,,,,,,,,,,,,,,,,,,,,,,,,,,
54808,20110217,-88.37,40.05,,,,,,,,,,,,,,,,,,,,,,,,,,,,
54808,20110218,-88.37,40.05,,,,,,,,,,,,,,,,,,,,,,,,,,,,
54808,20110219,-88.37,40.05,,,,,,,,,,,,,,,,,,,,,,,,,,,,
54808,20110220,-88.37,40.05,,,,,,,,,,,,,,,,,,,,,,,,,,,,
54808,20110221,-88.37,40.05,,,,,,,,,,,,,,,,,,,,,,,,,,,,
54808,20110222,-88.37,40.05,,,,,,,,,0.404,0.72,0,0.98,,,,,,,,,,,,,,,,
54808,20110223,-88.37,40.05,0.409,,,,0.421,,,,0.404,0.73,0,0.982,,,,,,,,,0.414,,,,,,,
54808,20110224,-88.37,40.05,0.407,,,,0.419,,,,0.404,0.71,0,0.976,,,,,,,,,0.412,,,,,,,
54808,20110225,-88.37,40.05,0.398,,,,0.413,,,,0.403,0.68,0,0.964,,,,,,,,,0.406,,,,,,,
54808,20110226,-88.37,40.05,0.396,,,,0.412,,,,0.401,0.61,0,0.893,,,,,,,,,0.404,,,,,,,
54808,20110227,-88.37,40.05,0.397,,,,0.413,,,,0.401,0.6,0,0.857,,,,,,,,,0.405,,,,,,,
54808,20110228,-88.37,40.05,0.4,,,,0.415,,,,0.401,0.6,0,0.839,,,,,,,,,0.407,,,,,,,
54808,20110301,-88.37,40.05,0.405,,,,0.416,,,,0.402,0.62,0,0.839,,,,,,,,,0.411,,,,,,,
54808,20110302,-88.37,40.05,0.407,0.44,0,0.5,0.417,0.43,0,0.714,0.402,0.61,0,0.821,,,,,,,,,0.412,,,,,,,
54808,20110303,-88.37,40.05,0.406,0.18,0,0.182,0.417,0.35,0,0.394,0.401,0.59,0,0.774,,,,,,,,,0.411,,,,,,,
54808,20110304,-88.37,40.05,0.405,0.02,0,0.083,0.416,0.28,0,0.246,0.399,0.52,0,0.655,,,,,,,,,0.411,0.03,0,0,,,,
54808,20110305,-88.37,40.05,0.408,0.26,0,0.238,0.417,0.35,0,0.309,0.399,0.52,0,0.643,,,,,,,,,0.413,0.42,0,0.32,,,,
54808,20110306,-88.37,40.05,0.412,0.4,0,0.476,0.419,0.43,0,0.467,0.401,0.57,0,0.69,,,,,,,,,0.416,0.55,0,0.63,,,,
54808,20110307,-88.37,40.05,0.41,0.4,0,0.54,0.417,0.43,0,0.558,0.4,0.55,0,0.679,,,,,,,,,0.414,0.52,0,0.743,,,,
54808,20110308,-88.37,40.05,0.402,0.36,0,0.441,0.412,0.42,0,0.582,0.396,0.42,0,0.583,,,,,,,,,0.407,0.48,0,0.723,,,,
54808,20110309,-88.37,40.05,0.403,0.4,0,0.427,0.412,0.44,0,0.583,0.395,0.4,0,0.53,,,,,,,,,0.408,0.51,0,0.686,,,,
54808,20110310,-88.37,40.05,0.409,0.51,0,0.541,0.416,0.52,0,0.69,0.397,0.49,0,0.589,,,,,,,,,0.413,0.59,0,0.739,,,,
54808,20110311,-88.37,40.05,0.413,0.55,0,0.61,0.418,0.57,0,0.827,0.399,0.56,0,0.708,,,,,,,,,0.415,0.61,0,0.816,,,,
54808,20110312,-88.37,40.05,0.411,0.51,0,0.558,0.417,0.56,0,0.905,0.399,0.57,0,0.762,,,,,,,,,0.414,0.59,0,0.861,,,,
54808,20110313,-88.37,40.05,0.407,0.44,0,0.429,0.414,0.51,0,0.887,0.397,0.49,0,0.685,,,,,,,,,0.411,0.53,0,0.762,,,,
54808,20110314,-88.37,40.05,0.405,0.38,0,0.327,0.412,0.5,0,0.851,0.395,0.44,0,0.601,,,,,,,,,0.409,0.49,0,0.625,,,,
54808,20110315,-88.37,40.05,0.404,0.36,0,0.345,0.412,0.49,0,0.833,0.394,0.43,0,0.571,,,,,,,,,0.408,0.49,0,0.56,,,,
54808,20110316,-88.37,40.05,0.404,0.36,0,0.435,0.412,0.51,0,0.881,0.394,0.45,0,0.631,,,,,,,,,0.408,0.49,0,0.625,,,,
54808,20110317,-88.37,40.05,0.4,0.28,0,0.393,0.409,0.46,0,0.881,0.392,0.36,0,0.577,,,,,,,,,0.405,0.42,0,0.625,,,,
54808,20110318,-88.37,40.05,0.4,0.27,0,0.351,0.409,0.46,0,0.881,0.391,0.34,0,0.56,,,,,,,,,0.405,0.42,0,0.625,,,,
54808,20110319,-88.37,40.05,0.4,0.26,0,0.333,0.409,0.46,0,0.869,0.391,0.34,0,0.53,,,,,,,,,0.404,0.41,0,0.589,,,,
54808,20110320,-88.37,40.05,0.4,0.26,0,0.333,0.409,0.47,0,0.875,0.391,0.34,0,0.512,,,,,,,,,0.404,0.42,0,0.595,,,,
54808,20110321,-88.37,40.05,0.402,0.29,0,0.345,0.41,0.48,0,0.893,0.391,0.37,0,0.554,,,,,,,,,0.406,0.44,0,0.631,,,,
54808,20110322,-88.37,40.05,0.407,0.38,0,0.458,0.413,0.55,0,0.952,0.394,0.46,0,0.679,,,,,,,,,0.41,0.52,0,0.744,,,,
54808,20110323,-88.37,40.05,0.407,0.38,0,0.458,0.413,0.56,0,0.952,0.395,0.48,0,0.69,,,,,,,,,0.41,0.52,0,0.744,,,,
54808,20110324,-88.37,40.05,0.407,0.36,0,0.405,0.413,0.56,0,0.952,0.395,0.49,0,0.72,,,,,,,,,0.41,0.52,0,0.72,,,,
54808,20110325,-88.37,40.05,0.405,0.32,0,0.345,0.411,0.54,0,0.905,0.394,0.46,0,0.643,,,,,,,,,0.408,0.48,0,0.577,,,,
54808,20110326,-88.37,40.05,0.402,0.28,0,0.345,0.41,0.52,0,0.833,0.393,0.43,0,0.583,,,,,,,,,0.406,0.45,0,0.488,,,,
54808,20110327,-88.37,40.05,0.398,0.23,0.006,0.345,0.408,0.49,0,0.714,0.392,0.4,0,0.56,,,,,,,,,0.403,0.4,0,0.44,,,,
54808,20110328,-88.37,40.05,0.393,0.15,0.048,0.333,0.405,0.45,0,0.607,0.391,0.36,0,0.5,,,,,,,,,0.399,0.33,0,0.405,,,,
54808,20110329,-88.37,40.05,0.382,-0.02,0.173,0.19,0.399,0.35,0,0.464,0.387,0.25,0,0.363,,,,,,,,,0.391,0.19,0,0.262,,,,
54808,20110330,-88.37,40.05,0.371,-0.18,0.315,0.048,0.394,0.27,0,0.321,0.383,0.15,0,0.22,,,,,,,,,0.383,0.05,0.006,0.119,,,,
54808,20110331,-88.37,40.05,0.361,-0.32,0.458,0,0.39,0.2,0,0.179,0.38,0.07,0,0.101,,,,,,,,,0.376,-0.07,0.036,0,,,,
54808,20110401,-88.37,40.05,0.351,-0.46,0.601,0,0.387,0.16,0,0.083,0.379,0.04,0,0.065,,,,,,,,,0.369,-0.17,0.179,0,,,,
54808,20110402,-88.37,40.05,0.341,-0.57,0.744,0,0.385,0.13,0,0.024,0.378,0.01,0,0.042,,,,,,,,,0.363,-0.27,0.321,0,,,,
54808,20110403,-88.37,40.05,0.332,-0.66,0.881,0,0.382,0.1,0,0.012,0.376,-0.02,0,0.018,,,,,,,,,0.357,-0.35,0.464,0,,,,
54808,20110404,-88.37,40.05,0.322,-0.75,0.982,0,0.38,0.07,0,0,0.375,-0.03,0,0.006,,,,,,,,,0.351,-0.42,0.607,0,,,,
54808,20110405,-88.37,40.05,0.316,-0.79,1,0,0.378,0.05,0,0,0.375,-0.03,0,0,,,,,,,,,0.347,-0.46,0.72,0,,,,
54808,20110406,-88.37,40.05,0.311,-0.8,1,0,0.376,0.03,0,0,0.374,-0.04,0,0,,,,,,,,,0.343,-0.48,0.845,0,,,,
54808,20110407,-88.37,40.05,0.306,-0.8,1,0,0.373,0.01,0,0,0.374,-0.04,0,0,,,,,,,,,0.339,-0.5,0.958,0,,,,
54808,20110408,-88.37,40.05,0.304,-0.78,0.964,0,0.37,-0.02,0,0,0.373,-0.05,0,0,,,,,,,,,0.337,-0.49,0.911,0,,,,
54808,20110409,-88.37,40.05,0.304,-0.72,0.929,0,0.368,-0.03,0,0,0.373,-0.04,0,0,,,,,,,,,0.336,-0.46,0.768,0,,,,
54808,20110410,-88.37,40.05,0.314,-0.58,0.786,0,0.368,-0.02,0,0,0.374,-0.01,0,0,,,,,,,,,0.341,-0.36,0.625,0,,,,
54808,20110411,-88.37,40.05,0.325,-0.43,0.643,0.036,0.369,0.02,0,0.036,0.376,0.03,0,0.042,,,,,,,,,0.347,-0.26,0.482,0.036,,,,
54808,20110412,-88.37,40.05,0.339,-0.28,0.5,0.173,0.375,0.1,0,0.179,0.38,0.1,0,0.185,,,,,,,,,0.357,-0.12,0.369,0.179,,,,
54808,20110413,-88.37,40.05,0.351,-0.15,0.357,0.19,0.38,0.17,0,0.321,0.383,0.17,0,0.327,,,,,,,,,0.365,-0.01,0.238,0.298,,,,
54808,20110414,-88.37,40.05,0.36,-0.04,0.214,0.19,0.384,0.23,0,0.464,0.386,0.23,0,0.47,,,,,,,,,0.372,0.09,0.095,0.298,,,,
54808,20110415,-88.37,40.05,0.366,0.04,0.107,0.19,0.388,0.29,0,0.583,0.389,0.28,0,0.53,,,,,,,,,0.377,0.16,0,0.298,,,,
54808,20110416,-88.37,40.05,0.373,0.11,0,0.214,0.391,0.34,0,0.696,0.39,0.31,0,0.571,,,,,,,,,0.382,0.23,0,0.339,,,,
54808,20110417,-88.37,40.05,0.381,0.18,0,0.357,0.398,0.41,0,0.839,0.394,0.37,0,0.708,,,,,,,,,0.39,0.3,0,0.482,,,,
54808,20110418,-88.37,40.05,0.387,0.24,0,0.464,0.403,0.46,0,0.946,0.396,0.4,0,0.81,,,,,,,,,0.395,0.36,0,0.589,,,,
54808,20110419,-88.37,40.05,0.388,0.24,0,0.458,0.403,0.46,0,0.946,0.396,0.39,0,0.81,,,,,,,,,0.396,0.36,0,0.589,,,,
54808,20110420,-88.37,40.05,0.4,0.32,0,0.583,0.41,0.53,0,0.946,0.4,0.44,0,0.81,,,,,,,,,0.405,0.44,0,0.613,,,,
54808,20110421,-88.37,40.05,0.41,0.4,0,0.726,0.416,0.57,0,0.946,0.404,0.48,0,0.81,,,,,,,,,0.413,0.5,0,0.756,,,,
54808,20110422,-88.37,40.05,0.422,0.48,0,0.869,0.42,0.61,0,0.97,0.406,0.51,0,0.893,,,,,,,,,0.421,0.57,0,0.899,,,,
54808,20110423,-88.37,40.05,0.438,0.59,0,0.988,0.43,0.69,0,1,0.412,0.57,0,0.994,,,,,,,,,0.434,0.67,0,1,,,,
54808,20110424,-88.37,40.05,0.44,0.6,0,0.988,0.432,0.7,0,1,0.414,0.59,0,1,,,,,,,,,0.436,0.67,0,1,,,,
54808,20110425,-88.37,40.05,0.442,0.61,0,0.988,0.433,0.71,0,1,0.416,0.6,0,1,,,,,,,,,0.437,0.68,0,1,,,,
54808,20110426,-88.37,40.05,0.448,0.65,0,1,0.437,0.74,0,1,0.418,0.63,0,1,,,,,,,,,0.442,0.72,0,1,,,,
54808,20110427,-88.37,40.05,0.454,0.69,0,1,0.44,0.76,0,1,0.42,0.64,0,1,,,,,,,,,0.447,0.75,0,1,,,,
54808,20110428,-88.37,40.05,0.464,0.76,0,1,0.446,0.82,0,1,0.424,0.67,0,1,,,,,,,,,0.455,0.82,0,1,,,,
54808,20110429,-88.37,40.05,0.475,0.83,0,1,0.454,0.9,0,1,0.43,0.73,0,1,,,,,,,,,0.464,0.89,0,1,,,,
54808,20110430,-88.37,40.05,0.473,0.82,0,1,0.453,0.9,0,1,0.431,0.74,0,1,,,,,,,,,0.463,0.89,0,1,,,,
54808,20110501,-88.37,40.05,0.471,0.82,0,1,0.451,0.91,0,1,0.43,0.73,0,1,,,,,,,,,0.461,0.89,0,1,,,,
54808,20110502,-88.37,40.05,0.469,0.81,0,1,0.451,0.92,0,1,0.43,0.73,0,1,,,,,,,,,0.46,0.9,0,1,,,,
54808,20110503,-88.37,40.05,0.463,0.78,0,1,0.447,0.9,0,1,0.428,0.71,0,1,,,,,,,,,0.455,0.87,0,1,,,,
54808,20110504,-88.37,40.05,0.448,0.69,0,0.97,0.438,0.83,0,1,0.422,0.66,0,1,,,,,,,,,0.443,0.79,0,1,,,,
54808,20110505,-88.37,40.05,0.431,0.58,0,0.827,0.429,0.76,0,1,0.415,0.6,0,1,,,,,,,,,0.43,0.69,0,1,,,,
54808,20110506,-88.37,40.05,0.415,0.48,0,0.732,0.419,0.68,0,1,0.408,0.54,0,1,,,,,,,,,0.417,0.6,0,0.97,,,,
54808,20110507,-88.37,40.05,0.407,0.42,0,0.643,0.413,0.63,0,1,0.403,0.5,0,1,,,,,,,,,0.41,0.54,0,0.97,,,,
54808,20110508,-88.37,40.05,0.4,0.37,0,0.5,0.409,0.59,0,1,0.401,0.48,0,1,,,,,,,,,0.405,0.5,0,0.905,,,,
54808,20110509,-88.37,40.05,0.393,0.33,0,0.357,0.406,0.56,0,1,0.399,0.47,0,1,,,,,,,,,0.399,0.46,0,0.762,,,,
54808,20110510,-88.37,40.05,0.382,0.25,0,0.214,0.401,0.52,0,0.935,0.397,0.46,0,1,,,,,,,,,0.392,0.4,0,0.619,,,,
54808,20110511,-88.37,40.05,0.369,0.17,0,0.101,0.396,0.47,0,0.792,0.396,0.45,0,1,,,,,,,,,0.382,0.33,0,0.476,,,,
54808,20110512,-88.37,40.05,0.355,0.08,0.018,0.101,0.389,0.41,0,0.649,0.394,0.44,0,1,,,,,,,,,0.372,0.25,0,0.333,,,,
54808,20110513,-88.37,40.05,0.34,-0.01,0.14,0.055,0.381,0.34,0,0.518,0.391,0.42,0,0.902,,,,,,,,,0.36,0.16,0,0.226,,,,
54808,20110514,-88.37,40.05,0.32,-0.13,0.268,0,0.37,0.25,0,0.372,0.386,0.38,0,0.756,,,,,,,,,0.345,0.05,0.061,0.079,,,,
54808,20110515,-88.37,40.05,0.314,-0.16,0.268,0,0.362,0.18,0,0.226,0.38,0.32,0,0.61,,,,,,,,,0.338,0,0.061,0,,,,
54808,20110516,-88.37,40.05,0.322,-0.11,0.268,0.116,0.361,0.18,0,0.128,0.373,0.27,0,0.463,,,,,,,,,0.341,0.03,0.061,0.079,,,,
54808,20110517,-88.37,40.05,0.331,-0.05,0.268,0.22,0.362,0.19,0,0.183,0.368,0.23,0,0.317,,,,,,,,,0.347,0.07,0.061,0.183,,,,
54808,20110518,-88.37,40.05,0.34,0.02,0.268,0.22,0.364,0.2,0,0.226,0.362,0.18,0,0.171,,,,,,,,,0.352,0.11,0.061,0.183,,,,
54808,20110519,-88.37,40.05,0.35,0.09,0.25,0.22,0.366,0.23,0,0.226,0.357,0.14,0,0.024,,,,,,,,,0.358,0.17,0.061,0.183,,,,
54808,20110520,-88.37,40.05,0.358,0.15,0.125,0.214,0.37,0.27,0,0.22,0.354,0.12,0,0,,,,,,,,,0.364,0.22,0.06,0.179,,,,
54808,20110521,-88.37,40.05,0.364,0.2,0,0.214,0.374,0.31,0,0.22,0.351,0.1,0,0,,,,,,,,,0.369,0.27,0,0.179,,,,
54808,20110522,-88.37,40.05,0.356,0.17,0,0.214,0.373,0.32,0,0.22,0.35,0.09,0,0,,,,,,,,,0.365,0.26,0,0.179,,,,
54808,20110523,-88.37,40.05,0.338,0.06,0,0.101,0.364,0.26,0,0.173,0.348,0.08,0,0,,,,,,,,,0.351,0.17,0,0.101,,,,
54808,20110524,-88.37,40.05,0.316,-0.06,0.101,0,0.352,0.16,0,0.042,0.344,0.05,0,0,,,,,,,,,0.334,0.06,0.006,0,,,,
54808,20110525,-88.37,40.05,0.296,-0.16,0.244,0,0.339,0.07,0,0,0.34,0.02,0,0,,,,,,,,,0.318,-0.04,0.083,0,,,,
54808,20110526,-88.37,40.05,0.297,-0.14,0.268,0.071,0.335,0.05,0,0.071,0.34,0.02,0,0.054,,,,,,,,,0.316,-0.04,0.107,0.071,,,,
54808,20110527,-88.37,40.05,0.314,-0.01,0.268,0.214,0.345,0.15,0,0.214,0.349,0.1,0,0.196,,,,,,,,,0.329,0.08,0.107,0.214,,,,
54808,20110528,-88.37,40.05,0.331,0.11,0.268,0.357,0.355,0.25,0,0.357,0.357,0.19,0,0.339,,,,,,,,,0.343,0.19,0.107,0.357,,,,
54808,20110529,-88.37,40.05,0.359,0.31,0.268,0.5,0.372,0.39,0,0.5,0.37,0.31,0,0.482,,,,,,,,,0.366,0.37,0.107,0.5,,,,
54808,20110530,-88.37,40.05,0.384,0.48,0.268,0.643,0.39,0.55,0,0.643,0.385,0.46,0,0.625,,,,,,,,,0.387,0.53,0.107,0.643,,,,
54808,20110531,-88.37,40.05,0.407,0.65,0.167,0.786,0.407,0.7,0,0.786,0.397,0.57,0,0.768,,,,,,,,,0.407,0.69,0.101,0.786,,,,
54808,20110601,-88.37,40.05,0.427,0.79,0.024,0.929,0.424,0.84,0,0.929,0.41,0.7,0,0.911,,,,,,,,,0.425,0.83,0.024,0.929,,,,
54808,20110602,-88.37,40.05,0.423,0.79,0,0.881,0.43,0.9,0,1,0.417,0.77,0,1,,,,,,,,,0.427,0.85,0,0.964,,,,
54808,20110603,-88.37,40.05,0.404,0.68,0,0.738,0.422,0.83,0,1,0.416,0.76,0,1,,,,,,,,,0.413,0.76,0,0.839,,,,
54808,20110604,-88.37,40.05,0.386,0.58,0,0.595,0.413,0.77,0,0.994,0.414,0.75,0,1,,,,,,,,,0.399,0.68,0,0.696,,,,
54808,20110605,-88.37,40.05,0.356,0.41,0,0.452,0.397,0.65,0,0.881,0.406,0.69,0,1,,,,,,,,,0.376,0.53,0,0.554,,,,
54808,20110606,-88.37,40.05,0.328,0.25,0,0.31,0.379,0.53,0,0.738,0.397,0.62,0,0.994,,,,,,,,,0.354,0.39,0,0.411,,,,
54808,20110607,-88.37,40.05,0.305,0.12,0,0.167,0.363,0.42,0,0.595,0.39,0.56,0,0.929,,,,,,,,,0.334,0.27,0,0.268,,,,
54808,20110608,-88.37,40.05,0.286,0.01,0,0.024,0.347,0.32,0,0.452,0.381,0.49,0,0.786,,,,,,,,,0.317,0.16,0,0.125,,,,
54808,20110609,-88.37,40.05,0.27,-0.07,0,0,0.332,0.22,0,0.31,0.37,0.41,0,0.643,,,,,,,,,0.301,0.06,0,0.018,,,,
54808,20110610,-88.37,40.05,0.256,-0.16,0.042,0,0.316,0.12,0,0.167,0.357,0.32,0,0.5,,,,,,,,,0.286,-0.03,0,0,,,,
54808,20110611,-88.37,40.05,0.249,-0.19,0.125,0,0.303,0.04,0,0.03,0.344,0.22,0,0.357,,,,,,,,,0.276,-0.09,0,0,,,,
54808,20110612,-88.37,40.05,0.251,-0.18,0.125,0,0.295,-0.02,0,0,0.333,0.13,0,0.214,,,,,,,,,0.273,-0.1,0,0,,,,
54808,20110613,-88.37,40.05,0.25,-0.18,0.125,0,0.287,-0.06,0,0,0.322,0.05,0,0.077,,,,,,,,,0.268,-0.13,0,0,,,,
54808,20110614,-88.37,40.05,0.246,-0.21,0.131,0,0.28,-0.11,0,0,0.311,-0.02,0,0,,,,,,,,,0.263,-0.17,0,0,,,,
54808,20110615,-88.37,40.05,0.243,-0.23,0.232,0.006,0.276,-0.14,0,0,0.303,-0.08,0,0,,,,,,,,,0.259,-0.19,0,0,,,,
54808,20110616,-88.37,40.05,0.268,-0.08,0.232,0.149,0.287,-0.07,0,0.054,0.301,-0.1,0,0,,,,,,,,,0.277,-0.08,0,0.131,,,,
54808,20110617,-88.37,40.05,0.289,0.04,0.19,0.244,0.297,0,0,0.054,0.301,-0.09,0,0,,,,,,,,,0.293,0.02,0,0.173,,,,
54808,20110618,-88.37,40.05,0.3,0.11,0.107,0.244,0.306,0.05,0,0.054,0.302,-0.09,0,0,,,,,,,,,0.303,0.08,0,0.173,,,,
54808,20110619,-88.37,40.05,0.303,0.13,0.107,0.244,0.312,0.1,0,0.054,0.303,-0.08,0,0,,,,,,,,,0.307,0.11,0,0.173,,,,
54808,20110620,-88.37,40.05,0.31,0.18,0.107,0.244,0.318,0.14,0,0.054,0.305,-0.07,0,0,,,,,,,,,0.314,0.15,0,0.173,,,,
54808,20110621,-88.37,40.05,0.319,0.24,0.101,0.244,0.325,0.19,0,0.054,0.307,-0.05,0,0,,,,,,,,,0.322,0.21,0,0.173,,,,
54808,20110622,-88.37,40.05,0.335,0.35,0,0.31,0.336,0.26,0,0.125,0.309,-0.03,0,0,,,,,,,,,0.335,0.3,0,0.244,,,,
54808,20110623,-88.37,40.05,0.328,0.32,0,0.292,0.333,0.25,0,0.077,0.308,-0.04,0,0,,,,,,,,,0.331,0.29,0,0.226,,,,
54808,20110624,-88.37,40.05,0.324,0.3,0,0.196,0.332,0.25,0,0.077,0.305,-0.05,0,0,,,,,,,,,0.328,0.28,0,0.185,,,,
54808,20110625,-88.37,40.05,0.321,0.3,0,0.196,0.331,0.25,0,0.077,0.303,-0.06,0,0,,,,,,,,,0.326,0.28,0,0.185,,,,
54808,20110626,-88.37,40.05,0.319,0.29,0,0.196,0.33,0.26,0,0.077,0.301,-0.07,0,0,,,,,,,,,0.325,0.29,0,0.185,,,,
54808,20110627,-88.37,40.05,0.323,0.32,0,0.232,0.334,0.28,0,0.113,0.303,-0.05,0,0.024,,,,,,,,,0.328,0.32,0,0.22,,,,
54808,20110628,-88.37,40.05,0.339,0.42,0,0.375,0.349,0.39,0,0.256,0.313,0.03,0,0.155,,,,,,,,,0.344,0.43,0,0.363,,,,
54808,20110629,-88.37,40.05,0.343,0.45,0,0.446,0.357,0.45,0,0.327,0.322,0.1,0,0.256,,,,,,,,,0.35,0.48,0,0.435,,,,
54808,20110630,-88.37,40.05,0.34,0.44,0,0.369,0.363,0.5,0,0.464,0.33,0.18,0,0.315,,,,,,,,,0.351,0.49,0,0.464,,,,
54808,20110701,-88.37,40.05,0.336,0.41,0,0.369,0.368,0.53,0,0.607,0.339,0.24,0,0.333,,,,,,,,,0.352,0.5,0,0.506,,,,
54808,20110702,-88.37,40.05,0.332,0.39,0,0.369,0.372,0.56,0,0.738,0.348,0.31,0,0.345,,,,,,,,,0.352,0.5,0,0.506,,,,
54808,20110703,-88.37,40.05,0.327,0.36,0,0.369,0.376,0.58,0,0.756,0.356,0.37,0,0.345,,,,,,,,,0.352,0.49,0,0.506,,,,
54808,20110704,-88.37,40.05,0.317,0.3,0,0.333,0.373,0.57,0,0.72,0.36,0.41,0,0.321,,,,,,,,,0.345,0.45,0,0.47,,,,
54808,20110705,-88.37,40.05,0.293,0.15,0,0.19,0.358,0.46,0,0.577,0.354,0.36,0,0.19,,,,,,,,,0.325,0.31,0,0.327,,,,
54808,20110706,-88.37,40.05,0.273,0.02,0,0.048,0.343,0.36,0,0.435,0.349,0.32,0,0.089,,,,,,,,,0.308,0.19,0,0.185,,,,
54808,20110707,-88.37,40.05,0.256,-0.08,0.018,0,0.328,0.25,0,0.292,0.342,0.27,0,0.03,,,,,,,,,0.292,0.08,0,0.042,,,,
54808,20110708,-88.37,40.05,0.243,-0.16,0.119,0,0.314,0.15,0,0.149,0.335,0.21,0,0.012,,,,,,,,,0.279,-0.01,0,0,,,,
54808,20110709,-88.37,40.05,0.231,-0.24,0.262,0,0.301,0.06,0,0.018,0.328,0.15,0,0,,,,,,,,,0.266,-0.1,0,0,,,,
54808,20110710,-88.37,40.05,0.222,-0.3,0.405,0,0.289,-0.02,0,0,0.32,0.09,0,0,,,,,,,,,0.255,-0.17,0.012,0,,,,
54808,20110711,-88.37,40.05,0.213,-0.34,0.548,0,0.278,-0.1,0,0,0.313,0.03,0,0,,,,,,,,,0.246,-0.23,0.083,0,,,,
54808,20110712,-88.37,40.05,0.207,-0.38,0.69,0,0.27,-0.15,0,0,0.306,-0.03,0,0,,,,,,,,,0.239,-0.27,0.173,0,,,,
54808,20110713,-88.37,40.05,0.202,-0.4,0.833,0,0.263,-0.19,0,0,0.3,-0.08,0,0,,,,,,,,,0.233,-0.31,0.315,0,,,,
54808,20110714,-88.37,40.05,0.198,-0.41,0.958,0,0.261,-0.2,0,0,0.298,-0.09,0,0,,,,,,,,,0.23,-0.32,0.315,0,,,,
54808,20110715,-88.37,40.05,0.195,-0.42,1,0,0.257,-0.21,0,0,0.294,-0.12,0,0,,,,,,,,,0.226,-0.33,0.363,0,,,,
54808,20110716,-88.37,40.05,0.193,-0.42,1,0,0.254,-0.22,0,0,0.291,-0.14,0,0,,,,,,,,,0.223,-0.34,0.494,0,,,,
54808,20110717,-88.37,40.05,0.191,-0.42,1,0,0.251,-0.23,0,0,0.288,-0.16,0,0,,,,,,,,,0.221,-0.34,0.625,0,,,,
54808,20110718,-88.37,40.05,0.189,-0.42,1,0,0.249,-0.23,0,0,0.285,-0.18,0.024,0,,,,,,,,,0.219,-0.35,0.696,0,,,,
54808,20110719,-88.37,40.05,0.187,-0.42,1,0,0.247,-0.23,0,0,0.283,-0.19,0.077,0,,,,,,,,,0.217,-0.35,0.738,0,,,,
54808,20110720,-88.37,40.05,0.186,-0.42,1,0,0.246,-0.23,0,0,0.281,-0.2,0.113,0,,,,,,,,,0.216,-0.35,0.726,0,,,,
54808,20110721,-88.37,40.05,0.184,-0.43,1,0,0.241,-0.25,0.006,0,0.276,-0.23,0.143,0,,,,,,,,,0.213,-0.36,0.863,0,,,,
54808,20110722,-88.37,40.05,0.183,-0.43,1,0,0.239,-0.25,0.042,0,0.273,-0.24,0.214,0,,,,,,,,,0.211,-0.36,0.958,0,,,,
54808,20110723,-88.37,40.05,0.181,-0.43,1,0,0.237,-0.26,0.077,0,0.271,-0.25,0.292,0,,,,,,,,,0.209,-0.37,0.97,0,,,,
54808,20110724,-88.37,40.05,0.18,-0.43,1,0,0.235,-0.26,0.131,0,0.269,-0.26,0.393,0,,,,,,,,,0.208,-0.37,0.97,0,,,,
54808,20110725,-88.37,40.05,0.184,-0.39,0.875,0,0.24,-0.21,0.137,0,0.275,-0.19,0.387,0,,,,,,,,,0.212,-0.33,0.845,0,,,,
54808,20110726,-88.37,40.05,0.187,-0.36,0.732,0,0.244,-0.17,0.137,0,0.282,-0.11,0.333,0,,,,,,,,,0.215,-0.29,0.714,0,,,,
54808,20110727,-88.37,40.05,0.189,-0.33,0.589,0,0.246,-0.13,0.137,0,0.287,-0.05,0.298,0,,,,,,,,,0.218,-0.27,0.583,0,,,,
54808,20110728,-88.37,40.05,0.191,-0.31,0.446,0,0.248,-0.11,0.131,0,0.292,0.01,0.268,0,,,,,,,,,0.219,-0.25,0.446,0,,,,
54808,20110729,-88.37,40.05,0.192,-0.29,0.315,0,0.249,-0.08,0.095,0,0.296,0.06,0.196,0,,,,,,,,,0.22,-0.23,0.304,0,,,,
54808,20110730,-88.37,40.05,0.193,-0.27,0.208,0,0.25,-0.06,0.06,0,0.299,0.1,0.119,0,,,,,,,,,0.221,-0.22,0.161,0,,,,
54808,20110731,-88.37,40.05,0.194,-0.25,0.101,0,0.25,-0.04,0.006,0,0.301,0.13,0.018,0,,,,,,,,,0.222,-0.2,0.018,0,,,,
54808,20110801,-88.37,40.05,0.189,-0.28,0.208,0,0.244,-0.08,0,0,0.294,0.08,0,0,,,,,,,,,0.217,-0.23,0,0,,,,
54808,20110802,-88.37,40.05,0.185,-0.3,0.351,0,0.239,-0.11,0,0,0.287,0.02,0,0,,,,,,,,,0.212,-0.26,0.006,0,,,,
54808,20110803,-88.37,40.05,0.182,-0.31,0.494,0,0.235,-0.13,0,0,0.28,-0.03,0.006,0,,,,,,,,,0.208,-0.28,0.131,0,,,,
54808,20110804,-88.37,40.05,0.179,-0.33,0.637,0,0.231,-0.15,0,0,0.273,-0.08,0.024,0,,,,,,,,,0.205,-0.29,0.268,0,,,,
54808,20110805,-88.37,40.05,0.176,-0.34,0.768,0,0.228,-0.16,0.006,0,0.267,-0.13,0.065,0,,,,,,,,,0.202,-0.3,0.411,0,,,,
54808,20110806,-88.37,40.05,0.174,-0.35,0.875,0,0.226,-0.18,0.012,0,0.261,-0.18,0.161,0,,,,,,,,,0.2,-0.32,0.554,0,,,,
54808,20110807,-88.37,40.05,0.172,-0.36,0.982,0,0.224,-0.19,0.024,0,0.257,-0.21,0.226,0,,,,,,,,,0.198,-0.33,0.696,0,,,,
54808,20110808,-88.37,40.05,0.17,-0.37,1,0,0.222,-0.2,0.042,0,0.253,-0.23,0.315,0,,,,,,,,,0.196,-0.33,0.839,0,,,,
54808,20110809,-88.37,40.05,0.168,-0.37,1,0,0.22,-0.21,0.065,0,0.249,-0.26,0.411,0,,,,,,,,,0.194,-0.34,0.976,0,,,,
54808,20110810,-88.37,40.05,0.167,-0.37,1,0,0.218,-0.22,0.083,0,0.247,-0.27,0.512,0,,,,,,,,,0.193,-0.33,0.988,0,,,,
54808,20110811,-88.37,40.05,0.165,-0.37,1,0,0.216,-0.22,0.179,0,0.244,-0.29,0.637,0,,,,,,,,,0.191,-0.33,0.994,0,,,,
54808,20110812,-88.37,40.05,0.163,-0.37,1,0,0.215,-0.23,0.286,0,0.241,-0.31,0.738,0,,,,,,,,,0.189,-0.33,0.994,0,,,,
54808,20110813,-88.37,40.05,0.162,-0.38,1,0,0.212,-0.23,0.375,0,0.239,-0.32,0.786,0,,,,,,,,,0.187,-0.32,0.994,0,,,,
54808,20110814,-88.37,40.05,0.161,-0.37,0.994,0,0.216,-0.18,0.417,0.006,0.242,-0.29,0.78,0,,,,,,,,,0.189,-0.29,0.911,0,,,,
54808,20110815,-88.37,40.05,0.16,-0.37,0.994,0,0.221,-0.13,0.399,0.006,0.247,-0.23,0.69,0,,,,,,,,,0.19,-0.26,0.768,0,,,,
54808,20110816,-88.37,40.05,0.16,-0.36,0.994,0,0.222,-0.1,0.375,0.006,0.252,-0.19,0.595,0,,,,,,,,,0.191,-0.24,0.625,0,,,,
54808,20110817,-88.37,40.05,0.16,-0.36,0.994,0,0.222,-0.08,0.357,0.006,0.255,-0.16,0.488,0,,,,,,,,,0.191,-0.22,0.488,0,,,,
54808,20110818,-88.37,40.05,0.16,-0.35,0.994,0,0.223,-0.07,0.262,0.006,0.257,-0.13,0.345,0,,,,,,,,,0.192,-0.21,0.345,0,,,,
54808,20110819,-88.37,40.05,0.161,-0.33,0.994,0,0.224,-0.05,0.149,0.006,0.259,-0.11,0.202,0,,,,,,,,,0.192,-0.19,0.202,0,,,,
54808,20110820,-88.37,40.05,0.161,-0.32,0.994,0,0.225,-0.03,0.054,0.006,0.261,-0.09,0.083,0,,,,,,,,,0.193,-0.17,0.065,0,,,,
54808,20110821,-88.37,40.05,0.161,-0.31,1,0,0.219,-0.07,0,0,0.257,-0.13,0.113,0,,,,,,,,,0.19,-0.19,0.065,0,,,,
54808,20110822,-88.37,40.05,0.16,-0.31,1,0,0.214,-0.11,0,0,0.249,-0.19,0.25,0,,,,,,,,,0.187,-0.21,0.167,0,,,,
54808,20110823,-88.37,40.05,0.16,-0.31,1,0,0.211,-0.13,0,0,0.243,-0.24,0.393,0,,,,,,,,,0.185,-0.22,0.31,0,,,,
54808,20110824,-88.37,40.05,0.16,-0.3,0.905,0,0.217,-0.08,0,0.012,0.246,-0.2,0.429,0.006,,,,,,,,,0.188,-0.18,0.345,0,,,,
54808,20110825,-88.37,40.05,0.161,-0.28,0.762,0,0.223,-0.02,0,0.012,0.253,-0.14,0.429,0.006,,,,,,,,,0.192,-0.15,0.345,0,,,,
54808,20110826,-88.37,40.05,0.162,-0.27,0.619,0,0.227,0.01,0,0.012,0.259,-0.09,0.429,0.006,,,,,,,,,0.195,-0.12,0.345,0,,,,
54808,20110827,-88.37,40.05,0.163,-0.26,0.476,0,0.23,0.04,0,0.012,0.265,-0.04,0.405,0.006,,,,,,,,,0.196,-0.11,0.339,0,,,,
54808,20110828,-88.37,40.05,0.163,-0.25,0.333,0,0.232,0.05,0,0.012,0.269,0,0.315,0.006,,,,,,,,,0.197,-0.09,0.28,0,,,,
54808,20110829,-88.37,40.05,0.164,-0.24,0.19,0,0.233,0.07,0,0.012,0.273,0.03,0.179,0.006,,,,,,,,,0.198,-0.08,0.179,0,,,,
54808,20110830,-88.37,40.05,0.164,-0.22,0.048,0,0.234,0.08,0,0.012,0.277,0.06,0.036,0.006,,,,,,,,,0.199,-0.06,0.036,0,,,,
54808,20110831,-88.37,40.05,0.164,-0.22,0.042,0,0.227,0.02,0,0,0.271,0.01,0,0,,,,,,,,,0.196,-0.09,0,0,,,,
54808,20110901,-88.37,40.05,0.162,-0.23,0.048,0,0.221,-0.03,0,0,0.262,-0.06,0,0,,,,,,,,,0.192,-0.12,0,0,,,,
54808,20110902,-88.37,40.05,0.162,-0.23,0.048,0,0.216,-0.06,0,0,0.255,-0.12,0,0,,,,,,,,,0.189,-0.13,0,0,,,,
54808,20110903,-88.37,40.05,0.161,-0.22,0.048,0,0.213,-0.08,0,0,0.248,-0.17,0.042,0,,,,,,,,,0.187,-0.14,0,0,,,,
54808,20110904,-88.37,40.05,0.16,-0.23,0.048,0,0.21,-0.1,0,0,0.243,-0.22,0.161,0,,,,,,,,,0.185,-0.15,0,0,,,,
54808,20110905,-88.37,40.05,0.16,-0.23,0.048,0,0.209,-0.11,0,0,0.238,-0.25,0.304,0,,,,,,,,,0.184,-0.15,0,0,,,,
54808,20110906,-88.37,40.05,0.158,-0.23,0.167,0,0.207,-0.12,0,0,0.234,-0.28,0.446,0,,,,,,,,,0.183,-0.16,0,0,,,,
54808,20110907,-88.37,40.05,0.157,-0.24,0.268,0,0.205,-0.13,0,0,0.23,-0.31,0.589,0,,,,,,,,,0.181,-0.17,0,0,,,,
54808,20110908,-88.37,40.05,0.155,-0.25,0.405,0,0.204,-0.15,0,0,0.227,-0.33,0.732,0,,,,,,,,,0.18,-0.19,0.071,0,,,,
54808,20110909,-88.37,40.05,0.155,-0.26,0.494,0,0.205,-0.15,0,0,0.226,-0.34,0.851,0,,,,,,,,,0.18,-0.19,0.155,0,,,,
54808,20110910,-88.37,40.05,0.157,-0.25,0.494,0,0.214,-0.09,0,0,0.233,-0.29,0.81,0,,,,,,,,,0.186,-0.15,0.155,0,,,,
54808,20110911,-88.37,40.05,0.16,-0.24,0.494,0,0.221,-0.06,0,0,0.24,-0.24,0.69,0,,,,,,,,,0.19,-0.13,0.155,0,,,,
54808,20110912,-88.37,40.05,0.162,-0.24,0.494,0,0.226,-0.04,0,0,0.246,-0.19,0.548,0,,,,,,,,,0.194,-0.12,0.155,0,,,,
54808,20110913,-88.37,40.05,0.164,-0.23,0.375,0,0.229,-0.03,0,0,0.252,-0.14,0.405,0,,,,,,,,,0.197,-0.12,0.155,0,,,,
54808,20110914,-88.37,40.05,0.166,-0.23,0.327,0,0.232,-0.02,0,0,0.257,-0.1,0.262,0,,,,,,,,,0.199,-0.13,0.208,0,,,,
54808,20110915,-88.37,40.05,0.168,-0.23,0.327,0,0.238,0.01,0,0,0.264,-0.04,0.119,0,,,,,,,,,0.203,-0.12,0.19,0,,,,
54808,20110916,-88.37,40.05,0.169,-0.24,0.381,0,0.241,0.01,0,0,0.269,-0.01,0,0,,,,,,,,,0.205,-0.13,0.107,0,,,,
54808,20110917,-88.37,40.05,0.168,-0.28,0.524,0,0.235,-0.04,0,0,0.267,-0.03,0,0,,,,,,,,,0.201,-0.19,0.161,0,,,,
54808,20110918,-88.37,40.05,0.166,-0.31,0.667,0,0.231,-0.08,0,0,0.265,-0.04,0,0,,,,,,,,,0.199,-0.23,0.208,0,,,,
54808,20110919,-88.37,40.05,0.165,-0.34,0.81,0,0.229,-0.11,0,0,0.263,-0.05,0,0,,,,,,,,,0.197,-0.25,0.262,0,,,,
54808,20110920,-88.37,40.05,0.165,-0.35,0.952,0,0.228,-0.12,0,0,0.263,-0.06,0,0,,,,,,,,,0.197,-0.27,0.268,0,,,,
54808,20110921,-88.37,40.05,0.165,-0.36,1,0,0.228,-0.12,0,0,0.262,-0.07,0,0,,,,,,,,,0.197,-0.27,0.22,0,,,,
54808,20110922,-88.37,40.05,0.166,-0.37,1,0,0.225,-0.15,0,0,0.26,-0.09,0,0,,,,,,,,,0.196,-0.28,0.196,0,,,,
54808,20110923,-88.37,40.05,0.166,-0.37,1,0,0.222,-0.18,0,0,0.258,-0.11,0,0,,,,,,,,,0.194,-0.3,0.333,0,,,,
54808,20110924,-88.37,40.05,0.165,-0.38,1,0,0.219,-0.2,0,0,0.257,-0.13,0,0,,,,,,,,,0.192,-0.31,0.423,0,,,,
54808,20110925,-88.37,40.05,0.165,-0.39,1,0,0.217,-0.22,0,0,0.255,-0.15,0,0,,,,,,,,,0.191,-0.33,0.518,0,,,,
54808,20110926,-88.37,40.05,0.166,-0.38,0.964,0,0.218,-0.22,0,0,0.253,-0.18,0,0,,,,,,,,,0.192,-0.33,0.571,0,,,,
54808,20110927,-88.37,40.05,0.172,-0.34,0.821,0,0.227,-0.16,0,0.048,0.254,-0.18,0,0.006,,,,,,,,,0.2,-0.27,0.565,0.024,,,,
54808,20110928,-88.37,40.05,0.181,-0.27,0.679,0,0.24,-0.08,0,0.119,0.261,-0.14,0,0.006,,,,,,,,,0.21,-0.19,0.56,0.024,,,,
54808,20110929,-88.37,40.05,0.189,-0.21,0.536,0,0.251,0,0,0.119,0.266,-0.1,0,0.006,,,,,,,,,0.22,-0.12,0.53,0.024,,,,
54808,20110930,-88.37,40.05,0.196,-0.15,0.393,0,0.261,0.06,0,0.119,0.271,-0.08,0,0.006,,,,,,,,,0.228,-0.06,0.393,0.024,,,,
54808,20111001,-88.37,40.05,0.202,-0.11,0.25,0,0.269,0.12,0,0.119,0.276,-0.05,0,0.006,,,,,,,,,0.235,-0.01,0.25,0.024,,,,
54808,20111002,-88.37,40.05,0.206,-0.07,0.107,0,0.276,0.16,0,0.119,0.281,-0.03,0,0.006,,,,,,,,,0.241,0.03,0.107,0.024,,,,
54808,20111003,-88.37,40.05,0.208,-0.06,0,0,0.28,0.19,0,0.119,0.285,-0.01,0,0.006,,,,,,,,,0.244,0.05,0,0.024,,,,
54808,20111004,-88.37,40.05,0.204,-0.1,0,0,0.274,0.13,0,0.071,0.285,-0.02,0,0,,,,,,,,,0.239,0,0,0,,,,
54808,20111005,-88.37,40.05,0.195,-0.17,0.113,0,0.264,0.05,0,0,0.28,-0.08,0,0,,,,,,,,,0.229,-0.09,0,0,,,,
54808,20111006,-88.37,40.05,0.187,-0.24,0.256,0,0.255,-0.03,0,0,0.276,-0.13,0,0,,,,,,,,,0.221,-0.16,0.119,0,,,,
54808,20111007,-88.37,40.05,0.179,-0.31,0.399,0,0.247,-0.1,0,0,0.272,-0.17,0,0,,,,,,,,,0.213,-0.24,0.262,0,,,,
54808,20111008,-88.37,40.05,0.173,-0.36,0.542,0,0.24,-0.16,0,0,0.269,-0.22,0,0,,,,,,,,,0.207,-0.3,0.405,0,,,,
54808,20111009,-88.37,40.05,0.168,-0.41,0.685,0,0.234,-0.22,0.03,0,0.265,-0.26,0,0,,,,,,,,,0.201,-0.35,0.548,0,,,,
54808,20111010,-88.37,40.05,0.163,-0.45,0.827,0,0.229,-0.27,0.131,0,0.262,-0.3,0.006,0,,,,,,,,,0.196,-0.41,0.69,0,,,,
54808,20111011,-88.37,40.05,0.159,-0.48,0.97,0,0.224,-0.31,0.274,0,0.258,-0.34,0.089,0,,,,,,,,,0.192,-0.45,0.833,0,,,,
54808,20111012,-88.37,40.05,0.157,-0.51,1,0,0.22,-0.35,0.417,0,0.254,-0.38,0.232,0,,,,,,,,,0.188,-0.49,0.976,0,,,,
54808,20111013,-88.37,40.05,0.155,-0.52,0.994,0,0.217,-0.38,0.536,0,0.25,-0.43,0.369,0,,,,,,,,,0.186,-0.52,0.982,0,,,,
54808,20111014,-88.37,40.05,0.163,-0.47,0.851,0,0.226,-0.31,0.536,0.006,0.251,-0.42,0.369,0,,,,,,,,,0.194,-0.45,0.839,0,,,,
54808,20111015,-88.37,40.05,0.169,-0.42,0.708,0,0.232,-0.27,0.536,0.006,0.252,-0.42,0.369,0,,,,,,,,,0.2,-0.41,0.696,0,,,,
54808,20111016,-88.37,40.05,0.175,-0.39,0.565,0,0.236,-0.24,0.506,0.006,0.252,-0.43,0.369,0,,,,,,,,,0.206,-0.37,0.554,0,,,,
54808,20111017,-88.37,40.05,0.18,-0.35,0.423,0,0.24,-0.22,0.405,0.006,0.253,-0.43,0.369,0,,,,,,,,,0.21,-0.34,0.411,0,,,,
54808,20111018,-88.37,40.05,0.188,-0.31,0.286,0,0.246,-0.18,0.262,0.006,0.255,-0.41,0.298,0,,,,,,,,,0.217,-0.29,0.28,0,,,,
54808,20111019,-88.37,40.05,0.199,-0.25,0.143,0,0.258,-0.1,0.119,0.006,0.258,-0.39,0.155,0,,,,,,,,,0.228,-0.21,0.137,0,,,,
54808,20111020,-88.37,40.05,0.218,-0.15,0.006,0.03,0.281,0.07,0,0.137,0.268,-0.3,0.018,0,,,,,,,,,0.25,-0.06,0.012,0.101,,,,
54808,20111021,-88.37,40.05,0.232,-0.1,0.006,0.03,0.293,0.15,0,0.274,0.274,-0.25,0.018,0,,,,,,,,,0.263,0,0.012,0.232,,,,
54808,20111022,-88.37,40.05,0.245,-0.06,0.006,0.03,0.307,0.24,0,0.417,0.28,-0.2,0.018,0,,,,,,,,,0.276,0.06,0.012,0.238,,,,
54808,20111023,-88.37,40.05,0.258,-0.02,0.006,0.03,0.321,0.33,0,0.56,0.288,-0.14,0.018,0,,,,,,,,,0.289,0.12,0.012,0.238,,,,
54808,20111024,-88.37,40.05,0.271,0.02,0.006,0.03,0.336,0.44,0,0.702,0.295,-0.09,0.012,0,,,,,,,,,0.303,0.19,0.012,0.238,,,,
54808,20111025,-88.37,40.05,0.281,0.05,0,0.03,0.347,0.51,0,0.821,0.302,-0.03,0,0,,,,,,,,,0.314,0.24,0,0.238,,,,
54808,20111026,-88.37,40.05,0.286,0.04,0,0.03,0.352,0.53,0,0.833,0.308,0.02,0,0,,,,,,,,,0.319,0.24,0,0.238,,,,
54808,20111027,-88.37,40.05,0.281,-0.02,0,0,0.345,0.45,0,0.702,0.307,0.01,0,0,,,,,,,,,0.313,0.16,0,0.137,,,,
54808,20111028,-88.37,40.05,0.272,-0.1,0,0,0.336,0.35,0,0.56,0.306,-0.01,0,0,,,,,,,,,0.304,0.08,0,0.006,,,,
54808,20111029,-88.37,40.05,0.265,-0.17,0.012,0,0.329,0.27,0,0.417,0.305,-0.02,0,0,,,,,,,,,0.297,0,0,0,,,,
54808,20111030,-88.37,40.05,0.258,-0.24,0.143,0,0.323,0.18,0,0.274,0.304,-0.03,0,0,,,,,,,,,0.291,-0.07,0,0,,,,
54808,20111031,-88.37,40.05,0.252,-0.31,0.286,0,0.316,0.1,0,0.131,0.304,-0.04,0,0,,,,,,,,,0.284,-0.14,0,0,,,,
54808,20111101,-88.37,40.05,0.246,-0.37,0.429,0,0.311,0.02,0,0.012,0.303,-0.06,0,0,,,,,,,,,0.278,-0.2,0,0,,,,
54808,20111102,-88.37,40.05,0.241,-0.43,0.571,0,0.306,-0.06,0,0,0.301,-0.07,0,0,,,,,,,,,0.273,-0.25,0,0,,,,
54808,20111103,-88.37,40.05,0.236,-0.48,0.714,0,0.301,-0.13,0,0,0.3,-0.09,0,0,,,,,,,,,0.268,-0.31,0.006,0,,,,
54808,20111104,-88.37,40.05,0.249,-0.4,0.714,0.03,0.314,-0.05,0,0.143,0.311,0,0,0.131,,,,,,,,,0.282,-0.22,0.006,0.137,,,,
54808,20111105,-88.37,40.05,0.262,-0.33,0.702,0.03,0.324,0.01,0,0.286,0.32,0.08,0,0.274,,,,,,,,,0.293,-0.15,0.006,0.232,,,,
54808,20111106,-88.37,40.05,0.274,-0.26,0.571,0.03,0.333,0.06,0,0.423,0.328,0.15,0,0.405,,,,,,,,,0.304,-0.08,0.006,0.232,,,,
54808,20111107,-88.37,40.05,0.287,-0.19,0.429,0.036,0.343,0.12,0,0.494,0.336,0.21,0,0.518,,,,,,,,,0.315,0,0.006,0.256,,,,
54808,20111108,-88.37,40.05,0.308,-0.06,0.286,0.173,0.359,0.24,0,0.637,0.349,0.3,0,0.661,,,,,,,,,0.334,0.13,0.006,0.399,,,,
54808,20111109,-88.37,40.05,0.329,0.09,0.143,0.31,0.377,0.37,0,0.78,0.362,0.39,0,0.804,,,,,,,,,0.353,0.28,0.006,0.542,,,,
54808,20111110,-88.37,40.05,0.351,0.23,0,0.393,0.394,0.51,0,0.923,0.375,0.48,0,0.946,,,,,,,,,0.372,0.42,0,0.685,,,,
54808,20111111,-88.37,40.05,0.351,0.22,0,0.363,0.391,0.48,0,0.923,0.375,0.44,0,0.946,,,,,,,,,0.371,0.4,0,0.667,,,,
54808,20111112,-88.37,40.05,0.353,0.21,0,0.363,0.391,0.47,0,0.923,0.375,0.4,0,0.851,,,,,,,,,0.372,0.39,0,0.601,,,,
54808,20111113,-88.37,40.05,0.355,0.22,0,0.363,0.392,0.47,0,0.929,0.376,0.38,0,0.744,,,,,,,,,0.373,0.38,0,0.601,,,,
54808,20111114,-88.37,40.05,0.357,0.21,0,0.357,0.393,0.47,0,1,0.377,0.36,0,0.637,,,,,,,,,0.375,0.38,0,0.577,,,,
54808,20111115,-88.37,40.05,0.355,0.19,0,0.286,0.391,0.46,0,1,0.376,0.33,0,0.595,,,,,,,,,0.373,0.35,0,0.53,,,,
54808,20111116,-88.37,40.05,0.353,0.17,0,0.149,0.389,0.43,0,1,0.375,0.3,0,0.565,,,,,,,,,0.371,0.31,0,0.53,,,,
54808,20111117,-88.37,40.05,0.349,0.14,0,0.065,0.385,0.39,0,1,0.373,0.26,0,0.488,,,,,,,,,0.367,0.26,0,0.399,,,,
54808,20111118,-88.37,40.05,0.348,0.11,0,0.065,0.384,0.36,0,0.982,0.371,0.24,0,0.363,,,,,,,,,0.366,0.23,0,0.28,,,,
54808,20111119,-88.37,40.05,0.346,0.08,0,0.065,0.383,0.34,0,0.851,0.371,0.22,0,0.315,,,,,,,,,0.364,0.2,0,0.25,,,,
54808,20111120,-88.37,40.05,0.345,0.06,0,0.065,0.382,0.32,0,0.708,0.37,0.2,0,0.292,,,,,,,,,0.363,0.18,0,0.25,,,,
54808,20111121,-88.37,40.05,0.344,0.03,0,0.065,0.381,0.29,0,0.565,0.37,0.19,0,0.286,,,,,,,,,0.362,0.15,0,0.25,,,,
54808,20111122,-88.37,40.05,0.338,-0.03,0,0,0.376,0.23,0,0.423,0.367,0.15,0,0.185,,,,,,,,,0.357,0.09,0,0.155,,,,
54808,20111123,-88.37,40.05,0.342,-0.01,0,0.113,0.379,0.24,0,0.405,0.369,0.17,0,0.19,,,,,,,,,0.36,0.11,0,0.137,,,,
54808,20111124,-88.37,40.05,0.346,0.01,0,0.119,0.381,0.24,0,0.405,0.371,0.18,0,0.268,,,,,,,,,0.364,0.12,0,0.256,,,,
54808,20111125,-88.37,40.05,0.352,0.05,0,0.119,0.383,0.25,0,0.423,0.373,0.19,0,0.369,,,,,,,,,0.367,0.14,0,0.262,,,,
54808,20111126,-88.37,40.05,0.358,0.09,0,0.119,0.386,0.26,0,0.542,0.375,0.21,0,0.458,,,,,,,,,0.372,0.17,0,0.262,,,,
54808,20111127,-88.37,40.05,0.367,0.17,0,0.185,0.391,0.29,0,0.631,0.378,0.24,0,0.542,,,,,,,,,0.379,0.23,0,0.327,,,,
54808,20111128,-88.37,40.05,0.379,0.28,0,0.327,0.397,0.35,0,0.774,0.383,0.29,0,0.685,,,,,,,,,0.388,0.31,0,0.47,,,,
54808,20111129,-88.37,40.05,0.392,0.39,0,0.47,0.404,0.42,0,0.917,0.388,0.34,0,0.827,,,,,,,,,0.398,0.4,0,0.613,,,,
54808,20111130,-88.37,40.05,0.394,0.41,0,0.488,0.404,0.42,0,0.935,0.388,0.35,0,0.851,,,,,,,,,0.399,0.41,0,0.631,,,,
54808,20111201,-88.37,40.05,0.396,0.41,0,0.494,0.403,0.41,0,0.935,0.388,0.35,0,0.851,,,,,,,,,0.4,0.42,0,0.631,,,,
54808,20111202,-88.37,40.05,0.397,0.4,0,0.494,0.403,0.41,0,0.899,0.388,0.36,0,0.857,,,,,,,,,0.4,0.42,0,0.661,,,,
54808,20111203,-88.37,40.05,0.398,0.39,0,0.494,0.402,0.4,0,0.798,0.388,0.36,0,0.839,,,,,,,,,0.4,0.42,0,0.661,,,,
54808,20111204,-88.37,40.05,0.397,0.35,0,0.452,0.4,0.38,0,0.744,0.387,0.35,0,0.833,,,,,,,,,0.399,0.39,0,0.619,,,,
54808,20111205,-88.37,40.05,0.398,0.34,0,0.452,0.4,0.38,0,0.744,0.386,0.35,0,0.827,,,,,,,,,0.399,0.4,0,0.619,,,,
54808,20111206,-88.37,40.05,0.398,0.32,0,0.446,0.399,0.38,0,0.744,0.384,0.33,0,0.804,,,,,,,,,0.398,0.39,0,0.619,,,,
54808,20111207,-88.37,40.05,0.397,0.29,0,0.339,0.397,0.35,0,0.726,0.383,0.32,0,0.768,,,,,,,,,0.397,0.36,0,0.577,,,,
54808,20111208,-88.37,40.05,0.398,0.27,0,0.327,0.396,0.34,0,0.661,0.383,0.31,0,0.696,,,,,,,,,0.397,0.34,0,0.452,,,,
54808,20111209,-88.37,40.05,0.399,0.26,0,0.327,0.396,0.33,0,0.565,0.382,0.3,0,0.601,,,,,,,,,0.397,0.32,0,0.417,,,,
54808,20111210,-88.37,40.05,0.399,0.24,0,0.327,0.396,0.32,0,0.542,0.382,0.29,0,0.542,,,,,,,,,0.398,0.29,0,0.417,,,,
54808,20111211,-88.37,40.05,0.399,0.21,0,0.304,0.395,0.29,0,0.506,0.381,0.27,0,0.47,,,,,,,,,0.397,0.26,0,0.393,,,,
54808,20111212,-88.37,40.05,0.394,0.13,0,0.161,0.389,0.21,0,0.363,0.378,0.22,0,0.333,,,,,,,,,0.392,0.16,0,0.25,,,,
54808,20111213,-88.37,40.05,0.391,0.06,0,0.024,0.385,0.13,0,0.22,0.376,0.18,0,0.214,,,,,,,,,0.388,0.07,0,0.107,,,,
54808,20111214,-88.37,40.05,0.39,0.03,0,0.024,0.383,0.1,0,0.131,0.374,0.15,0,0.107,,,,,,,,,0.386,0.03,0,0.03,,,,
54808,20111215,-88.37,40.05,0.396,0.08,0,0.149,0.387,0.16,0,0.196,0.376,0.17,0,0.113,,,,,,,,,0.392,0.08,0,0.161,,,,
54808,20111216,-88.37,40.05,0.401,0.12,0,0.226,0.391,0.21,0,0.315,0.379,0.23,0,0.226,,,,,,,,,0.396,0.13,0,0.262,,,,
54808,20111217,-88.37,40.05,0.405,0.13,0,0.226,0.394,0.24,0,0.405,0.381,0.25,0,0.31,,,,,,,,,0.399,0.16,0,0.28,,,,
54808,20111218,-88.37,40.05,0.407,0.14,0,0.226,0.396,0.26,0,0.44,0.383,0.28,0,0.387,,,,,,,,,0.401,0.17,0,0.28,,,,
54808,20111219,-88.37,40.05,0.41,0.16,0,0.226,0.399,0.29,0,0.47,0.384,0.3,0,0.429,,,,,,,,,0.404,0.2,0,0.28,,,,
54808,20111220,-88.37,40.05,0.415,0.22,0,0.292,0.404,0.37,0,0.542,0.387,0.35,0,0.506,,,,,,,,,0.41,0.27,0,0.345,,,,
54808,20111221,-88.37,40.05,0.422,0.29,0,0.411,0.41,0.46,0,0.649,0.392,0.43,0,0.649,,,,,,,,,0.416,0.36,0,0.464,,,,
54808,20111222,-88.37,40.05,0.421,0.28,0,0.423,0.409,0.44,0,0.649,0.392,0.44,0,0.702,,,,,,,,,0.415,0.35,0,0.47,,,,
54808,20111223,-88.37,40.05,0.421,0.27,0,0.429,0.408,0.41,0,0.649,0.391,0.42,0,0.679,,,,,,,,,0.414,0.34,0,0.482,,,,
54808,20111224,-88.37,40.05,0.421,0.27,0,0.458,0.408,0.41,0,0.643,0.391,0.42,0,0.69,,,,,,,,,0.414,0.34,0,0.506,,,,
54808,20111225,-88.37,40.05,0.422,0.28,0,0.458,0.407,0.4,0,0.643,0.391,0.42,0,0.69,,,,,,,,,0.415,0.34,0,0.506,,,,
54808,20111226,-88.37,40.05,0.422,0.28,0,0.458,0.407,0.39,0,0.637,0.391,0.42,0,0.714,,,,,,,,,0.415,0.33,0,0.506,,,,
54808,20111227,-88.37,40.05,0.419,0.24,0,0.393,0.404,0.33,0,0.565,0.389,0.38,0,0.679,,,,,,,,,0.411,0.28,0,0.44,,,,
54808,20111228,-88.37,40.05,0.418,0.21,0,0.357,0.402,0.3,0,0.524,0.387,0.36,0,0.649,,,,,,,,,0.41,0.25,0,0.405,,,,
54808,20111229,-88.37,40.05,0.416,0.19,0,0.244,0.401,0.28,0,0.512,0.386,0.35,0,0.631,,,,,,,,,0.408,0.22,0,0.339,,,,
54808,20111230,-88.37,40.05,0.416,0.18,0,0.167,0.401,0.27,0,0.512,0.386,0.34,0,0.649,,,,,,,,,0.409,0.21,0,0.28,,,,
54808,20111231,-88.37,40.05,0.419,0.21,0,0.244,0.404,0.32,0,0.56,0.388,0.37,0,0.667,,,,,,,,,0.412,0.25,0,0.354,,,,
54808,20120101,-88.37,40.05,0.422,0.25,0,0.338,0.408,0.38,0,0.667,0.39,0.41,0,0.726,,,,,,,,,0.415,0.29,0,0.45,,,,
54808,20120102,-88.37,40.05,0.425,0.29,0,0.418,0.411,0.43,0,0.78,0.391,0.44,0,0.792,,,,,,,,,0.418,0.33,0,0.561,,,,
54808,20120103,-88.37,40.05,0.427,0.34,0,0.509,0.413,0.46,0,0.869,0.392,0.47,0,0.845,,,,,,,,,0.42,0.39,0,0.685,,,,
54808,20120104,-88.37,40.05,0.425,0.33,0,0.442,0.411,0.42,0,0.798,0.391,0.43,0,0.786,,,,,,,,,0.418,0.38,0,0.667,,,,
54808,20120105,-88.37,40.05,0.424,0.36,0,0.548,0.409,0.39,0,0.685,0.389,0.39,0,0.673,,,,,,,,,0.417,0.41,0,0.717,,,,
54808,20120106,-88.37,40.05,0.423,0.46,0,0.868,0.407,0.35,0,0.56,0.388,0.36,0,0.589,,,,,,,,,0.415,0.5,0,0.944,,,,
54808,20120107,-88.37,40.05,0.417,0.38,0,0.889,0.404,0.28,0,0.429,0.385,0.3,0,0.488,,,,,,,,,0.411,0.44,0,1,,,,
54808,20120108,-88.37,40.05,0.412,0.35,0,0.714,0.4,0.21,0,0.292,0.382,0.23,0,0.351,,,,,,,,,0.406,0.41,0,1,,,,
54808,20120109,-88.37,40.05,0.408,,,,0.398,0.15,0,0.155,0.379,0.17,0,0.22,,,,,,,,,0.403,,,,,,,
54808,20120110,-88.37,40.05,0.404,,,,0.396,0.12,0,0.071,0.378,0.14,0,0.131,,,,,,,,,0.4,,,,,,,
54808,20120111,-88.37,40.05,0.4,,,,0.396,0.1,0,0.042,0.377,0.11,0,0.077,,,,,,,,,0.398,,,,,,,
54808,20120112,-88.37,40.05,0.398,,,,0.395,0.09,0,0.027,0.377,0.1,0,0.083,,,,,,,,,0.396,,,,,,,
54808,20120113,-88.37,40.05,0.397,,,,0.395,0.09,0,0.024,0.376,0.08,0,0.048,,,,,,,,,0.396,,,,,,,
54808,20120114,-88.37,40.05,0.398,,,,0.394,0.08,0,0.02,0.375,0.06,0,0.024,,,,,,,,,0.396,,,,,,,
54808,20120115,-88.37,40.05,0.4,,,,0.393,0.06,0,0.013,0.375,0.04,0.012,0.018,,,,,,,,,0.397,,,,,,,
54808,20120116,-88.37,40.05,0.401,,,,0.393,0.06,0,0.02,0.374,0.03,0.012,0.03,,,,,,,,,0.397,,,,,,,
54808,20120117,-88.37,40.05,0.407,,,,0.396,0.05,0,0,0.377,0.1,0.018,0.131,,,,,,,,,0.402,,,,,,,
54808,20120118,-88.37,40.05,0.412,,,,0.4,-0.04,0,0,0.381,0.21,0.018,0.274,,,,,,,,,0.406,,,,,,,
54808,20120119,-88.37,40.05,0.417,,,,0.402,,,,0.382,0.27,0.018,0.405,,,,,,,,,0.41,,,,,,,
54808,20120120,-88.37,40.05,0.42,,,,0.405,,,,0.384,0.32,0.018,0.494,,,,,,,,,0.412,,,,,,,
54808,20120121,-88.37,40.05,,,,,0.407,,,,0.385,0.36,0.018,0.554,,,,,,,,,,,,,,,,
54808,20120122,-88.37,40.05,,,,,,,,,0.387,0.4,0.006,0.595,,,,,,,,,,,,,,,,
54808,20120123,-88.37,40.05,,,,,,,,,0.387,0.42,0.012,0.625,,,,,,,,,,,,,,,,
54808,20120124,-88.37,40.05,,,,,,,,,0.387,0.42,0.006,0.649,,,,,,,,,,,,,,,,
54808,20120125,-88.37,40.05,,,,,,,,,0.385,0.36,0.006,0.577,,,,,,,,,,,,,,,,
54808,20120126,-88.37,40.05,,,,,,,,,0.385,0.36,0.006,0.506,,,,,,,,,,,,,,,,
54808,20120127,-88.37,40.05,,,,,,,,,0.388,0.45,0.006,0.554,,,,,,,,,,,,,,,,
54808,20120128,-88.37,40.05,,,,,,,,,0.391,0.53,0.006,0.637,,,,,,,,,,,,,,,,
54808,20120129,-88.37,40.05,,,,,,,,,0.393,0.58,0.006,0.714,,,,,,,,,,,,,,,,
54808,20120130,-88.37,40.05,,,,,0.423,,,,0.395,0.63,0,0.745,,,,,,,,,,,,,,,,
54808,20120131,-88.37,40.05,,,,,0.421,,,,0.394,0.63,0,0.705,,,,,,,,,,,,,,,,
54808,20120201,-88.37,40.05,0.427,,,,0.419,,,,0.394,0.67,0,0.748,,,,,,,,,0.422,,,,,,,
54808,20120202,-88.37,40.05,0.424,,,,0.418,,,,0.394,0.72,0,0.824,,,,,,,,,0.421,,,,,,,
54808,20120203,-88.37,40.05,0.417,,,,0.415,,,,0.392,0.61,0,0.761,,,,,,,,,0.416,,,,,,,
54808,20120204,-88.37,40.05,0.413,,,,0.413,,,,0.39,0.52,0,0.628,,,,,,,,,0.413,,,,,,,
54808,20120205,-88.37,40.05,0.415,,,,0.415,,,,0.393,0.42,0,0.368,,,,,,,,,0.415,,,,,,,
54808,20120206,-88.37,40.05,0.415,,,,0.418,,,,0.395,0.24,0,0,,,,,,,,,0.416,,,,,,,
54808,20120207,-88.37,40.05,0.416,,,,0.419,,,,0.396,,,,,,,,,,,,0.418,,,,,,,
54808,20120208,-88.37,40.05,0.417,,,,0.419,,,,0.396,,,,,,,,,,,,0.418,,,,,,,
54808,20120209,-88.37,40.05,0.417,,,,0.419,,,,0.396,,,,,,,,,,,,0.418,,,,,,,
54808,20120210,-88.37,40.05,0.418,,,,0.419,,,,0.396,,,,,,,,,,,,0.418,,,,,,,
54808,20120211,-88.37,40.05,0.418,,,,0.418,,,,0.395,,,,,,,,,,,,0.418,,,,,,,
54808,20120212,-88.37,40.05,0.414,,,,0.414,,,,0.391,,,,,,,,,,,,0.415,,,,,,,
54808,20120213,-88.37,40.05,,,,,0.411,,,,0.388,0.15,0,0.091,,,,,,,,,,,,,,,,
54808,20120214,-88.37,40.05,,,,,0.41,,,,0.386,0.05,0,0.033,,,,,,,,,,,,,,,,
54808,20120215,-88.37,40.05,,,,,0.408,,,,0.385,0.04,0,0.057,,,,,,,,,,,,,,,,
54808,20120216,-88.37,40.05,,,,,0.407,,,,0.384,0.06,0,0.065,,,,,,,,,,,,,,,,
54808,20120217,-88.37,40.05,,,,,0.41,,,,0.386,0.21,0,0.277,,,,,,,,,,,,,,,,
54808,20120218,-88.37,40.05,,,,,0.411,,,,0.387,0.27,0,0.4,,,,,,,,,,,,,,,,
54808,20120219,-88.37,40.05,,,,,0.412,,,,0.388,0.28,0,0.403,,,,,,,,,,,,,,,,
54808,20120220,-88.37,40.05,,,,,0.412,,,,0.389,0.28,0,0.42,,,,,,,,,,,,,,,,
54808,20120221,-88.37,40.05,,,,,0.41,,,,0.39,0.3,0,0.431,,,,,,,,,,,,,,,,
54808,20120222,-88.37,40.05,0.41,,,,0.412,,,,0.391,0.33,0,0.452,,,,,,,,,0.412,,,,,,,
54808,20120223,-88.37,40.05,0.41,,,,0.413,,,,0.392,0.35,0,0.506,,,,,,,,,0.411,,,,,,,
54808,20120224,-88.37,40.05,0.408,,,,0.411,,,,0.39,0.3,0,0.411,,,,,,,,,0.41,,,,,,,
54808,20120225,-88.37,40.05,0.408,,,,0.411,,,,0.389,0.26,0,0.321,,,,,,,,,0.409,,,,,,,
54808,20120226,-88.37,40.05,0.408,,,,0.41,,,,0.389,0.24,0,0.274,,,,,,,,,0.409,,,,,,,
54808,20120227,-88.37,40.05,0.408,,,,0.409,,,,0.389,0.23,0,0.25,,,,,,,,,0.409,,,,,,,
54808,20120228,-88.37,40.05,0.408,,,,0.41,,,,0.388,0.22,0,0.232,,,,,,,,,0.409,,,,,,,
54808,20120229,-88.37,40.05,0.404,,,,0.408,,,,0.388,0.2,0,0.214,,,,,,,,,0.406,,,,,,,
54808,20120301,-88.37,40.05,0.403,0.22,0,0,0.407,0.37,0,0.75,0.388,0.19,0,0.19,,,,,,,,,0.405,,,,,,,
54808,20120302,-88.37,40.05,0.398,0.1,0,0,0.405,0.23,0,0.167,0.387,0.17,0,0.174,,,,,,,,,0.402,,,,,,,
54808,20120303,-88.37,40.05,0.4,0.52,0,0.467,0.406,0.39,0,0.595,0.387,0.15,0,0.156,,,,,,,,,0.403,,,,,,,
54808,20120304,-88.37,40.05,0.401,0.57,0,0.714,0.407,0.42,0,0.738,0.388,0.17,0,0.192,,,,,,,,,0.404,0.55,0,1,,,,
54808,20120305,-88.37,40.05,0.403,0.52,0,0.674,0.408,0.4,0,0.694,0.387,0.16,0,0.186,,,,,,,,,0.405,0.45,0,0.76,,,,
54808,20120306,-88.37,40.05,0.405,0.47,0,0.597,0.408,0.38,0,0.67,0.387,0.16,0,0.192,,,,,,,,,0.406,0.42,0,0.674,,,,
54808,20120307,-88.37,40.05,0.407,0.45,0,0.637,0.409,0.39,0,0.699,0.388,0.17,0,0.198,,,,,,,,,0.408,0.43,0,0.757,,,,
54808,20120308,-88.37,40.05,0.407,0.42,0,0.577,0.41,0.39,0,0.732,0.388,0.19,0,0.228,,,,,,,,,0.408,0.42,0,0.745,,,,
54808,20120309,-88.37,40.05,0.409,0.42,0,0.573,0.411,0.41,0,0.798,0.389,0.21,0,0.268,,,,,,,,,0.41,0.42,0,0.737,,,,
54808,20120310,-88.37,40.05,0.405,0.35,0,0.459,0.408,0.38,0,0.726,0.388,0.2,0,0.28,,,,,,,,,0.407,0.4,0,0.648,,,,
54808,20120311,-88.37,40.05,0.401,0.28,0,0.346,0.406,0.35,0,0.655,0.388,0.19,0,0.274,,,,,,,,,0.404,0.36,0,0.532,,,,
54808,20120312,-88.37,40.05,0.398,0.22,0,0.267,0.406,0.35,0,0.655,0.388,0.2,0,0.262,,,,,,,,,0.402,0.33,0,0.442,,,,
54808,20120313,-88.37,40.05,0.396,0.18,0,0.208,0.405,0.35,0,0.685,0.388,0.22,0,0.321,,,,,,,,,0.4,0.32,0,0.375,,,,
54808,20120314,-88.37,40.05,0.392,0.09,0.006,0.101,0.404,0.34,0,0.655,0.388,0.24,0,0.339,,,,,,,,,0.398,0.27,0,0.244,,,,
54808,20120315,-88.37,40.05,0.387,-0.01,0.113,0.065,0.403,0.32,0,0.583,0.388,0.22,0,0.321,,,,,,,,,0.395,0.21,0,0.143,,,,
54808,20120316,-88.37,40.05,0.379,-0.16,0.256,0,0.401,0.3,0,0.494,0.388,0.24,0,0.351,,,,,,,,,0.39,0.12,0,0.042,,,,
54808,20120317,-88.37,40.05,0.37,-0.35,0.399,0,0.398,0.27,0,0.429,0.389,0.26,0,0.417,,,,,,,,,0.384,0.01,0.113,0.012,,,,
54808,20120318,-88.37,40.05,0.36,-0.54,0.542,0,0.395,0.22,0,0.363,0.388,0.27,0,0.387,,,,,,,,,0.378,-0.12,0.256,0.012,,,,
54808,20120319,-88.37,40.05,0.352,-0.69,0.685,0,0.392,0.15,0,0.28,0.388,0.26,0,0.381,,,,,,,,,0.372,-0.23,0.399,0.012,,,,
54808,20120320,-88.37,40.05,0.343,-0.87,0.827,0,0.386,0.06,0,0.167,0.387,0.23,0,0.315,,,,,,,,,0.364,-0.37,0.542,0,,,,
54808,20120321,-88.37,40.05,0.332,-1.06,0.964,0,0.38,-0.06,0.101,0.077,0.386,0.19,0,0.274,,,,,,,,,0.356,-0.53,0.685,0,,,,
54808,20120322,-88.37,40.05,0.319,-1.27,1,0,0.371,-0.21,0.244,0.018,0.383,0.12,0.006,0.22,,,,,,,,,0.345,-0.72,0.827,0,,,,
54808,20120323,-88.37,40.05,0.307,-1.46,1,0,0.362,-0.38,0.387,0,0.38,0.02,0.042,0.125,,,,,,,,,0.335,-0.92,0.97,0,,,,
54808,20120324,-88.37,40.05,0.297,-1.61,1,0,0.352,-0.55,0.53,0,0.376,-0.09,0.131,0.024,,,,,,,,,0.325,-1.1,1,0,,,,
54808,20120325,-88.37,40.05,0.287,-1.75,1,0,0.343,-0.72,0.673,0,0.373,-0.18,0.274,0.012,,,,,,,,,0.315,-1.27,1,0,,,,
54808,20120326,-88.37,40.05,0.274,-1.94,1,0,0.333,-0.9,0.815,0,0.369,-0.29,0.411,0.006,,,,,,,,,0.303,-1.47,1,0,,,,
54808,20120327,-88.37,40.05,0.262,-2.13,1,0,0.322,-1.09,0.958,0,0.365,-0.41,0.554,0,,,,,,,,,0.292,-1.68,1,0,,,,
54808,20120328,-88.37,40.05,0.251,-2.27,1,0,0.312,-1.28,1,0,0.36,-0.54,0.696,0,,,,,,,,,0.281,-1.87,1,0,,,,
54808,20120329,-88.37,40.05,0.243,-2.36,1,0,0.302,-1.45,1,0,0.354,-0.71,0.833,0,,,,,,,,,0.272,-2.02,1,0,,,,
54808,20120330,-88.37,40.05,0.235,-2.42,1,0,0.293,-1.62,1,0,0.347,-0.9,0.94,0,,,,,,,,,0.264,-2.14,1,0,,,,
54808,20120331,-88.37,40.05,0.229,-2.45,1,0,0.284,-1.77,1,0,0.339,-1.09,0.994,0,,,,,,,,,0.257,-2.24,1,0,,,,
54808,20120401,-88.37,40.05,0.223,-2.46,1,0,0.275,-1.92,1,0,0.33,-1.29,0.994,0,,,,,,,,,0.249,-2.33,1,0,,,,
54808,20120402,-88.37,40.05,0.222,-2.39,1,0,0.268,-2.03,1,0,0.321,-1.49,1,0,,,,,,,,,0.245,-2.36,1,0,,,,
54808,20120403,-88.37,40.05,0.22,-2.31,1,0,0.262,-2.11,1,0,0.313,-1.66,1,0,,,,,,,,,0.241,-2.37,1,0,,,,
54808,20120404,-88.37,40.05,0.219,-2.21,1,0,0.258,-2.14,1,0,0.306,-1.8,1,0,,,,,,,,,0.238,-2.34,1,0,,,,
54808,20120405,-88.37,40.05,0.217,-2.12,1,0,0.254,-2.15,1,0,0.299,-1.91,1,0,,,,,,,,,0.236,-2.29,1,0,,,,
54808,20120406,-88.37,40.05,0.215,-2.01,1,0,0.251,-2.14,1,0,0.293,-1.99,1,0,,,,,,,,,0.233,-2.22,1,0,,,,
54808,20120407,-88.37,40.05,0.213,-1.92,1,0,0.247,-2.09,1,0,0.286,-2.06,1,0,,,,,,,,,0.23,-2.14,1,0,,,,
54808,20120408,-88.37,40.05,0.21,-1.82,1,0,0.244,-2.02,1,0,0.28,-2.12,1,0,,,,,,,,,0.227,-2.04,1,0,,,,
54808,20120409,-88.37,40.05,0.203,-1.78,1,0,0.241,-1.95,1,0,0.274,-2.15,1,0,,,,,,,,,0.222,-1.96,1,0,,,,
54808,20120410,-88.37,40.05,0.197,-1.73,1,0,0.237,-1.87,1,0,0.267,-2.18,1,0,,,,,,,,,0.217,-1.88,1,0,,,,
54808,20120411,-88.37,40.05,0.192,-1.68,1,0,0.233,-1.8,1,0,0.261,-2.18,1,0,,,,,,,,,0.212,-1.8,1,0,,,,
54808,20120412,-88.37,40.05,0.188,-1.64,1,0,0.23,-1.73,1,0,0.256,-2.16,1,0,,,,,,,,,0.209,-1.73,1,0,,,,
54808,20120413,-88.37,40.05,0.184,-1.59,1,0,0.227,-1.65,1,0,0.252,-2.11,1,0,,,,,,,,,0.206,-1.66,1,0,,,,
54808,20120414,-88.37,40.05,0.181,-1.55,1,0,0.224,-1.57,1,0,0.248,-2.03,1,0,,,,,,,,,0.203,-1.6,1,0,,,,
54808,20120415,-88.37,40.05,0.181,-1.49,1,0,0.222,-1.5,1,0,0.245,-1.94,1,0,,,,,,,,,0.201,-1.53,1,0,,,,
54808,20120416,-88.37,40.05,0.191,-1.37,0.958,0.018,0.228,-1.37,0.958,0.036,0.243,-1.85,1,0,,,,,,,,,0.21,-1.4,0.958,0.036,,,,
54808,20120417,-88.37,40.05,0.216,-1.13,0.815,0.018,0.249,-1.11,0.815,0.077,0.243,-1.75,1,0,,,,,,,,,0.233,-1.15,0.815,0.036,,,,
54808,20120418,-88.37,40.05,0.238,-0.93,0.673,0.018,0.268,-0.89,0.673,0.077,0.243,-1.65,1,0,,,,,,,,,0.253,-0.94,0.673,0.036,,,,
54808,20120419,-88.37,40.05,0.257,-0.76,0.53,0.018,0.284,-0.71,0.53,0.077,0.244,-1.56,1,0,,,,,,,,,0.27,-0.76,0.53,0.036,,,,
54808,20120420,-88.37,40.05,0.271,-0.62,0.494,0.018,0.297,-0.56,0.393,0.077,0.245,-1.48,1,0,,,,,,,,,0.284,-0.61,0.47,0.036,,,,
54808,20120421,-88.37,40.05,0.284,-0.5,0.494,0.018,0.309,-0.42,0.28,0.077,0.246,-1.41,1,0,,,,,,,,,0.296,-0.47,0.47,0.036,,,,
54808,20120422,-88.37,40.05,0.292,-0.41,0.494,0.018,0.32,-0.3,0.173,0.077,0.247,-1.35,1,0,,,,,,,,,0.306,-0.36,0.47,0.036,,,,
54808,20120423,-88.37,40.05,0.29,-0.4,0.536,0,0.321,-0.26,0.202,0.042,0.247,-1.3,1,0,,,,,,,,,0.305,-0.34,0.512,0,,,,
54808,20120424,-88.37,40.05,0.27,-0.52,0.679,0,0.307,-0.37,0.339,0,0.247,-1.26,1,0,,,,,,,,,0.288,-0.46,0.655,0,,,,
54808,20120425,-88.37,40.05,0.252,-0.62,0.821,0,0.294,-0.46,0.482,0,0.246,-1.22,1,0,,,,,,,,,0.273,-0.56,0.798,0,,,,
54808,20120426,-88.37,40.05,0.239,-0.69,0.964,0,0.284,-0.53,0.625,0,0.246,-1.19,1,0,,,,,,,,,0.261,-0.63,0.94,0,,,,
54808,20120427,-88.37,40.05,0.227,-0.75,1,0,0.275,-0.59,0.762,0,0.245,-1.15,1,0,,,,,,,,,0.251,-0.69,1,0,,,,
54808,20120428,-88.37,40.05,0.216,-0.8,1,0,0.265,-0.65,0.875,0,0.244,-1.13,1,0,,,,,,,,,0.241,-0.75,1,0,,,,
54808,20120429,-88.37,40.05,0.206,-0.86,1,0,0.256,-0.71,0.982,0,0.243,-1.1,1,0,,,,,,,,,0.231,-0.81,1,0,,,,
54808,20120430,-88.37,40.05,0.201,-0.88,0.982,0,0.249,-0.75,0.982,0,0.243,-1.07,1,0,,,,,,,,,0.225,-0.85,0.982,0,,,,
54808,20120501,-88.37,40.05,0.224,-0.73,0.839,0.042,0.257,-0.68,0.845,0,0.249,-0.99,0.905,0,,,,,,,,,0.241,-0.72,0.839,0,,,,
54808,20120502,-88.37,40.05,0.253,-0.54,0.696,0.155,0.278,-0.5,0.702,0.125,0.262,-0.84,0.774,0,,,,,,,,,0.265,-0.53,0.696,0.125,,,,
54808,20120503,-88.37,40.05,0.279,-0.38,0.554,0.214,0.298,-0.33,0.56,0.268,0.276,-0.7,0.631,0,,,,,,,,,0.288,-0.36,0.554,0.256,,,,
54808,20120504,-88.37,40.05,0.301,-0.23,0.416,0.217,0.315,-0.18,0.422,0.331,0.288,-0.57,0.494,0,,,,,,,,,0.308,-0.2,0.416,0.271,,,,
54808,20120505,-88.37,40.05,0.323,-0.1,0.273,0.218,0.334,-0.03,0.279,0.345,0.301,-0.45,0.352,0,,,,,,,,,0.329,-0.05,0.273,0.273,,,,
54808,20120506,-88.37,40.05,0.342,0.02,0.127,0.218,0.351,0.12,0.133,0.345,0.314,-0.32,0.206,0,,,,,,,,,0.346,0.08,0.127,0.273,,,,
54808,20120507,-88.37,40.05,0.357,0.12,0,0.236,0.365,0.24,0,0.358,0.325,-0.2,0.061,0.006,,,,,,,,,0.361,0.19,0,0.285,,,,
54808,20120508,-88.37,40.05,0.36,0.13,0,0.285,0.378,0.34,0,0.503,0.339,-0.08,0.012,0.091,,,,,,,,,0.369,0.25,0,0.424,,,,
54808,20120509,-88.37,40.05,0.354,0.09,0,0.17,0.376,0.32,0,0.491,0.341,-0.05,0,0.115,,,,,,,,,0.365,0.21,0,0.309,,,,
54808,20120510,-88.37,40.05,0.347,0.05,0,0.109,0.372,0.29,0,0.352,0.343,-0.02,0,0.121,,,,,,,,,0.36,0.17,0,0.176,,,,
54808,20120511,-88.37,40.05,0.341,0.01,0,0.108,0.369,0.26,0,0.287,0.345,0,0,0.12,,,,,,,,,0.355,0.14,0,0.162,,,,
54808,20120512,-88.37,40.05,0.333,-0.05,0.048,0.107,0.365,0.23,0,0.274,0.346,0.02,0,0.119,,,,,,,,,0.349,0.09,0,0.161,,,,
54808,20120513,-88.37,40.05,0.326,-0.09,0.19,0.107,0.362,0.19,0,0.274,0.347,0.03,0,0.119,,,,,,,,,0.344,0.05,0.024,0.161,,,,
54808,20120514,-88.37,40.05,0.318,-0.14,0.333,0.089,0.358,0.15,0.006,0.262,0.347,0.03,0,0.113,,,,,,,,,0.338,0,0.167,0.149,,,,
54808,20120515,-88.37,40.05,0.292,-0.3,0.476,0,0.34,0.01,0.113,0.119,0.338,-0.04,0,0.03,,,,,,,,,0.316,-0.16,0.31,0.012,,,,
54808,20120516,-88.37,40.05,0.27,-0.43,0.619,0,0.322,-0.14,0.256,0.006,0.329,-0.12,0.054,0.006,,,,,,,,,0.296,-0.3,0.452,0,,,,
54808,20120517,-88.37,40.05,0.249,-0.55,0.762,0,0.306,-0.27,0.399,0,0.319,-0.2,0.167,0,,,,,,,,,0.278,-0.42,0.595,0,,,,
54808,20120518,-88.37,40.05,0.232,-0.65,0.905,0,0.29,-0.4,0.542,0,0.309,-0.29,0.31,0,,,,,,,,,0.261,-0.53,0.738,0,,,,
54808,20120519,-88.37,40.05,0.219,-0.72,1,0,0.276,-0.51,0.685,0,0.298,-0.38,0.452,0,,,,,,,,,0.248,-0.62,0.881,0,,,,
54808,20120520,-88.37,40.05,0.209,-0.78,1,0,0.263,-0.6,0.827,0,0.287,-0.47,0.595,0,,,,,,,,,0.236,-0.69,1,0,,,,
54808,20120521,-88.37,40.05,0.204,-0.8,1,0,0.252,-0.68,0.964,0,0.277,-0.55,0.738,0,,,,,,,,,0.228,-0.74,1,0,,,,
54808,20120522,-88.37,40.05,0.204,-0.79,1,0,0.244,-0.74,1,0,0.269,-0.62,0.881,0,,,,,,,,,0.224,-0.76,1,0,,,,
54808,20120523,-88.37,40.05,0.203,-0.78,1,0,0.237,-0.78,1,0,0.262,-0.68,0.97,0,,,,,,,,,0.22,-0.77,1,0,,,,
54808,20120524,-88.37,40.05,0.202,-0.78,1,0,0.233,-0.81,1,0,0.256,-0.73,1,0,,,,,,,,,0.217,-0.78,1,0,,,,
54808,20120525,-88.37,40.05,0.2,-0.78,1,0,0.23,-0.82,1,0,0.252,-0.77,1,0,,,,,,,,,0.215,-0.79,1,0,,,,
54808,20120526,-88.37,40.05,0.199,-0.78,1,0,0.228,-0.82,1,0,0.249,-0.79,1,0,,,,,,,,,0.213,-0.79,1,0,,,,
54808,20120527,-88.37,40.05,0.197,-0.77,1,0,0.226,-0.81,1,0,0.247,-0.81,1,0,,,,,,,,,0.212,-0.78,1,0,,,,
54808,20120528,-88.37,40.05,0.192,-0.78,1,0,0.225,-0.79,1,0,0.245,-0.82,1,0,,,,,,,,,0.209,-0.78,1,0,,,,
54808,20120529,-88.37,40.05,0.184,-0.81,1,0,0.224,-0.77,1,0,0.243,-0.84,1,0,,,,,,,,,0.204,-0.79,1,0,,,,
54808,20120530,-88.37,40.05,0.178,-0.81,1,0,0.223,-0.75,1,0,0.241,-0.84,1,0,,,,,,,,,0.201,-0.79,1,0,,,,
54808,20120531,-88.37,40.05,0.175,-0.8,1,0,0.221,-0.73,1,0,0.239,-0.84,1,0,,,,,,,,,0.198,-0.77,1,0,,,,
54808,20120601,-88.37,40.05,0.178,-0.75,0.964,0,0.222,-0.69,1,0,0.236,-0.84,1,0,,,,,,,,,0.2,-0.74,1,0,,,,
54808,20120602,-88.37,40.05,0.182,-0.7,0.964,0,0.222,-0.66,1,0,0.234,-0.83,1,0,,,,,,,,,0.202,-0.7,1,0,,,,
54808,20120603,-88.37,40.05,0.186,-0.66,0.964,0,0.222,-0.63,1,0,0.232,-0.82,1,0,,,,,,,,,0.204,-0.66,1,0,,,,
54808,20120604,-88.37,40.05,0.189,-0.62,0.964,0,0.221,-0.61,1,0,0.231,-0.81,1,0,,,,,,,,,0.205,-0.63,1,0,,,,
54808,20120605,-88.37,40.05,0.192,-0.59,0.964,0,0.221,-0.59,1,0,0.23,-0.79,1,0,,,,,,,,,0.206,-0.61,1,0,,,,
54808,20120606,-88.37,40.05,0.194,-0.57,0.964,0,0.221,-0.57,1,0,0.229,-0.77,1,0,,,,,,,,,0.208,-0.59,1,0,,,,
54808,20120607,-88.37,40.05,0.196,-0.55,0.964,0,0.221,-0.55,1,0,0.228,-0.74,1,0,,,,,,,,,0.209,-0.57,1,0,,,,
54808,20120608,-88.37,40.05,0.191,-0.57,1,0,0.22,-0.55,1,0,0.228,-0.72,1,0,,,,,,,,,0.205,-0.58,1,0,,,,
54808,20120609,-88.37,40.05,0.185,-0.59,1,0,0.217,-0.55,1,0,0.229,-0.69,1,0,,,,,,,,,0.201,-0.59,1,0,,,,
54808,20120610,-88.37,40.05,0.179,-0.62,1,0,0.216,-0.55,1,0,0.229,-0.67,1,0,,,,,,,,,0.197,-0.6,1,0,,,,
54808,20120611,-88.37,40.05,0.174,-0.64,1,0,0.215,-0.55,1,0,0.228,-0.65,1,0,,,,,,,,,0.194,-0.61,1,0,,,,
54808,20120612,-88.37,40.05,0.169,-0.66,1,0,0.213,-0.55,1,0,0.228,-0.64,1,0,,,,,,,,,0.191,-0.62,1,0,,,,
54808,20120613,-88.37,40.05,0.165,-0.68,1,0,0.212,-0.55,1,0,0.227,-0.63,1,0,,,,,,,,,0.189,-0.63,1,0,,,,
54808,20120614,-88.37,40.05,0.162,-0.7,1,0,0.211,-0.55,1,0,0.227,-0.63,1,0,,,,,,,,,0.187,-0.64,1,0,,,,
54808,20120615,-88.37,40.05,0.16,-0.71,1,0,0.21,-0.55,1,0,0.226,-0.62,1,0,,,,,,,,,0.185,-0.64,1,0,,,,
54808,20120616,-88.37,40.05,0.159,-0.72,1,0,0.209,-0.55,1,0,0.225,-0.63,1,0,,,,,,,,,0.184,-0.65,1,0,,,,
54808,20120617,-88.37,40.05,0.16,-0.71,1,0,0.209,-0.55,1,0,0.226,-0.62,0.952,0,,,,,,,,,0.185,-0.65,1,0,,,,
54808,20120618,-88.37,40.05,0.165,-0.68,1,0,0.21,-0.54,1,0,0.231,-0.58,0.839,0,,,,,,,,,0.187,-0.63,1,0,,,,
54808,20120619,-88.37,40.05,0.168,-0.66,1,0,0.21,-0.54,1,0,0.235,-0.56,0.815,0,,,,,,,,,0.189,-0.62,1,0,,,,
54808,20120620,-88.37,40.05,0.17,-0.64,1,0,0.211,-0.53,1,0,0.237,-0.54,0.815,0,,,,,,,,,0.19,-0.61,1,0,,,,
54808,20120621,-88.37,40.05,0.171,-0.63,1,0,0.211,-0.52,1,0,0.239,-0.53,0.815,0,,,,,,,,,0.191,-0.6,1,0,,,,
54808,20120622,-88.37,40.05,0.171,-0.62,1,0,0.212,-0.51,1,0,0.24,-0.52,0.815,0,,,,,,,,,0.192,-0.59,1,0,,,,
54808,20120623,-88.37,40.05,0.172,-0.61,1,0,0.212,-0.51,1,0,0.241,-0.51,0.815,0,,,,,,,,,0.192,-0.58,1,0,,,,
54808,20120624,-88.37,40.05,0.17,-0.62,1,0,0.211,-0.51,1,0,0.239,-0.52,0.863,0,,,,,,,,,0.19,-0.59,1,0,,,,
54808,20120625,-88.37,40.05,0.164,-0.65,1,0,0.21,-0.51,1,0,0.234,-0.55,0.976,0,,,,,,,,,0.187,-0.6,1,0,,,,
54808,20120626,-88.37,40.05,0.16,-0.67,1,0,0.209,-0.51,1,0,0.23,-0.57,1,0,,,,,,,,,0.184,-0.61,1,0,,,,
54808,20120627,-88.37,40.05,0.157,-0.68,1,0,0.207,-0.52,1,0,0.227,-0.59,1,0,,,,,,,,,0.182,-0.63,1,0,,,,
54808,20120628,-88.37,40.05,0.155,-0.69,1,0,0.206,-0.53,1,0,0.224,-0.61,1,0,,,,,,,,,0.18,-0.63,1,0,,,,
54808,20120629,-88.37,40.05,0.153,-0.7,1,0,0.205,-0.54,1,0,0.222,-0.62,1,0,,,,,,,,,0.179,-0.64,1,0,,,,
54808,20120630,-88.37,40.05,0.152,-0.7,1,0,0.204,-0.54,1,0,0.221,-0.63,1,0,,,,,,,,,0.178,-0.65,1,0,,,,
54808,20120701,-88.37,40.05,0.153,-0.69,1,0,0.203,-0.55,1,0,0.223,-0.63,0.988,0,,,,,,,,,0.178,-0.64,1,0,,,,
54808,20120702,-88.37,40.05,0.155,-0.68,1,0,0.203,-0.56,1,0,0.226,-0.61,0.988,0,,,,,,,,,0.179,-0.64,1,0,,,,
54808,20120703,-88.37,40.05,0.157,-0.66,1,0,0.203,-0.57,1,0,0.228,-0.6,0.988,0,,,,,,,,,0.18,-0.63,1,0,,,,
54808,20120704,-88.37,40.05,0.158,-0.66,1,0,0.203,-0.57,1,0,0.23,-0.6,0.988,0,,,,,,,,,0.181,-0.63,1,0,,,,
54808,20120705,-88.37,40.05,0.159,-0.65,1,0,0.204,-0.57,1,0,0.231,-0.59,0.988,0,,,,,,,,,0.181,-0.63,1,0,,,,
54808,20120706,-88.37,40.05,0.16,-0.65,1,0,0.204,-0.58,1,0,0.232,-0.59,0.988,0,,,,,,,,,0.182,-0.63,1,0,,,,
54808,20120707,-88.37,40.05,0.16,-0.65,1,0,0.204,-0.59,1,0,0.232,-0.6,0.988,0,,,,,,,,,0.182,-0.63,1,0,,,,
54808,20120708,-88.37,40.05,0.157,-0.67,1,0,0.205,-0.59,1,0,0.229,-0.63,1,0,,,,,,,,,0.181,-0.64,1,0,,,,
54808,20120709,-88.37,40.05,0.155,-0.69,1,0,0.204,-0.6,1,0,0.226,-0.66,1,0,,,,,,,,,0.179,-0.66,1,0,,,,
54808,20120710,-88.37,40.05,0.153,-0.7,1,0,0.204,-0.61,1,0,0.223,-0.69,1,0,,,,,,,,,0.178,-0.67,1,0,,,,
54808,20120711,-88.37,40.05,0.151,-0.71,1,0,0.203,-0.62,1,0,0.221,-0.72,1,0,,,,,,,,,0.177,-0.68,1,0,,,,
54808,20120712,-88.37,40.05,0.15,-0.72,1,0,0.202,-0.63,1,0,0.219,-0.75,1,0,,,,,,,,,0.176,-0.69,1,0,,,,
54808,20120713,-88.37,40.05,0.149,-0.72,1,0,0.201,-0.63,1,0,0.218,-0.77,1,0,,,,,,,,,0.175,-0.69,1,0,,,,
54808,20120714,-88.37,40.05,0.148,-0.72,1,0,0.2,-0.64,1,0,0.217,-0.8,1,0,,,,,,,,,0.174,-0.7,1,0,,,,
54808,20120715,-88.37,40.05,0.146,-0.72,1,0,0.199,-0.64,1,0,0.215,-0.81,1,0,,,,,,,,,0.173,-0.7,1,0,,,,
54808,20120716,-88.37,40.05,0.145,-0.71,1,0,0.199,-0.63,1,0,0.214,-0.83,1,0,,,,,,,,,0.172,-0.69,1,0,,,,
54808,20120717,-88.37,40.05,0.144,-0.71,1,0,0.198,-0.63,1,0,0.212,-0.84,1,0,,,,,,,,,0.171,-0.69,1,0,,,,
54808,20120718,-88.37,40.05,0.144,-0.71,1,0,0.198,-0.62,1,0,0.211,-0.85,1,0,,,,,,,,,0.171,-0.69,1,0,,,,
54808,20120719,-88.37,40.05,0.144,-0.7,1,0,0.198,-0.61,1,0,0.211,-0.85,1,0,,,,,,,,,0.171,-0.68,1,0,,,,
54808,20120720,-88.37,40.05,0.144,-0.7,1,0,0.197,-0.6,1,0,0.21,-0.84,1,0,,,,,,,,,0.17,-0.67,1,0,,,,
54808,20120721,-88.37,40.05,0.143,-0.7,1,0,0.197,-0.59,1,0,0.209,-0.84,1,0,,,,,,,,,0.17,-0.67,1,0,,,,
54808,20120722,-88.37,40.05,0.143,-0.69,1,0,0.196,-0.58,1,0,0.209,-0.84,1,0,,,,,,,,,0.17,-0.67,1,0,,,,
54808,20120723,-88.37,40.05,0.142,-0.69,1,0,0.196,-0.58,1,0,0.208,-0.83,1,0,,,,,,,,,0.169,-0.66,1,0,,,,
54808,20120724,-88.37,40.05,0.142,-0.69,1,0,0.196,-0.57,1,0,0.208,-0.83,1,0,,,,,,,,,0.169,-0.66,1,0,,,,
54808,20120725,-88.37,40.05,0.141,-0.68,1,0,0.195,-0.57,1,0,0.207,-0.83,1,0,,,,,,,,,0.168,-0.66,1,0,,,,
54808,20120726,-88.37,40.05,0.141,-0.68,1,0,0.194,-0.56,1,0,0.206,-0.83,1,0,,,,,,,,,0.167,-0.66,1,0,,,,
54808,20120727,-88.37,40.05,0.141,-0.67,1,0,0.193,-0.56,1,0,0.205,-0.83,1,0,,,,,,,,,0.167,-0.66,1,0,,,,
54808,20120728,-88.37,40.05,0.142,-0.65,1,0,0.192,-0.55,1,0,0.205,-0.82,1,0,,,,,,,,,0.167,-0.65,1,0,,,,
54808,20120729,-88.37,40.05,0.142,-0.65,1,0,0.192,-0.55,1,0,0.204,-0.81,1,0,,,,,,,,,0.167,-0.65,1,0,,,,
54808,20120730,-88.37,40.05,0.142,-0.64,1,0,0.191,-0.54,1,0,0.204,-0.81,1,0,,,,,,,,,0.166,-0.65,1,0,,,,
54808,20120731,-88.37,40.05,0.141,-0.63,1,0,0.19,-0.53,1,0,0.203,-0.8,1,0,,,,,,,,,0.166,-0.64,1,0,,,,
54808,20120801,-88.37,40.05,0.141,-0.63,1,0,0.19,-0.52,1,0,0.202,-0.78,1,0,,,,,,,,,0.165,-0.64,1,0,,,,
54808,20120802,-88.37,40.05,0.14,-0.63,1,0,0.189,-0.51,1,0,0.202,-0.77,1,0,,,,,,,,,0.165,-0.64,1,0,,,,
54808,20120803,-88.37,40.05,0.138,-0.64,1,0,0.189,-0.51,1,0,0.201,-0.76,1,0,,,,,,,,,0.163,-0.64,1,0,,,,
54808,20120804,-88.37,40.05,0.136,-0.65,1,0,0.188,-0.51,1,0,0.201,-0.75,1,0,,,,,,,,,0.162,-0.65,1,0,,,,
54808,20120805,-88.37,40.05,0.136,-0.65,1,0,0.188,-0.51,1,0,0.201,-0.74,1,0,,,,,,,,,0.162,-0.65,1,0,,,,
54808,20120806,-88.37,40.05,0.138,-0.63,1,0,0.188,-0.51,1,0,0.201,-0.72,1,0,,,,,,,,,0.163,-0.64,1,0,,,,
54808,20120807,-88.37,40.05,0.139,-0.62,1,0,0.187,-0.51,1,0,0.202,-0.71,1,0,,,,,,,,,0.163,-0.64,1,0,,,,
54808,20120808,-88.37,40.05,0.14,-0.61,1,0,0.187,-0.51,1,0,0.202,-0.7,1,0,,,,,,,,,0.163,-0.63,1,0,,,,
54808,20120809,-88.37,40.05,0.14,-0.6,1,0,0.187,-0.5,1,0,0.202,-0.69,1,0,,,,,,,,,0.164,-0.61,1,0,,,,
54808,20120810,-88.37,40.05,0.141,-0.59,1,0,0.187,-0.49,1,0,0.202,-0.68,1,0,,,,,,,,,0.164,-0.59,1,0,,,,
54808,20120811,-88.37,40.05,0.141,-0.58,1,0,0.187,-0.49,1,0,0.202,-0.67,1,0,,,,,,,,,0.164,-0.57,1,0,,,,
54808,20120812,-88.37,40.05,0.139,-0.58,1,0,0.186,-0.48,1,0,0.201,-0.67,1,0,,,,,,,,,0.163,-0.56,1,0,,,,
54808,20120813,-88.37,40.05,0.137,-0.59,1,0,0.186,-0.46,1,0,0.199,-0.68,1,0,,,,,,,,,0.161,-0.56,1,0,,,,
54808,20120814,-88.37,40.05,0.136,-0.58,1,0,0.185,-0.45,1,0,0.2,-0.67,1,0,,,,,,,,,0.161,-0.54,1,0,,,,
54808,20120815,-88.37,40.05,0.136,-0.57,1,0,0.185,-0.44,1,0,0.199,-0.66,1,0,,,,,,,,,0.16,-0.53,1,0,,,,
54808,20120816,-88.37,40.05,0.136,-0.56,1,0,0.184,-0.43,1,0,0.199,-0.66,1,0,,,,,,,,,0.16,-0.51,1,0,,,,
54808,20120817,-88.37,40.05,0.144,-0.49,0.893,0,0.184,-0.42,1,0,0.206,-0.6,0.905,0,,,,,,,,,0.164,-0.47,0.905,0,,,,
54808,20120818,-88.37,40.05,0.152,-0.41,0.75,0,0.184,-0.4,1,0,0.214,-0.52,0.762,0,,,,,,,,,0.168,-0.41,0.768,0,,,,
54808,20120819,-88.37,40.05,0.159,-0.34,0.607,0,0.185,-0.39,1,0,0.221,-0.45,0.619,0,,,,,,,,,0.172,-0.37,0.714,0,,,,
54808,20120820,-88.37,40.05,0.165,-0.28,0.476,0,0.186,-0.37,1,0,0.227,-0.39,0.5,0,,,,,,,,,0.175,-0.33,0.714,0,,,,
54808,20120821,-88.37,40.05,0.168,-0.25,0.423,0,0.187,-0.36,1,0,0.232,-0.35,0.452,0,,,,,,,,,0.177,-0.3,0.714,0,,,,
54808,20120822,-88.37,40.05,0.171,-0.21,0.423,0,0.188,-0.34,1,0,0.235,-0.31,0.452,0,,,,,,,,,0.179,-0.28,0.714,0,,,,
54808,20120823,-88.37,40.05,0.173,-0.19,0.423,0,0.188,-0.33,1,0,0.238,-0.28,0.452,0,,,,,,,,,0.18,-0.26,0.714,0,,,,
54808,20120824,-88.37,40.05,0.167,-0.23,0.53,0,0.189,-0.32,1,0,0.234,-0.31,0.548,0,,,,,,,,,0.178,-0.28,0.81,0,,,,
54808,20120825,-88.37,40.05,0.16,-0.28,0.673,0,0.189,-0.31,1,0,0.228,-0.36,0.69,0,,,,,,,,,0.175,-0.3,0.946,0,,,,
54808,20120826,-88.37,40.05,0.155,-0.32,0.815,0,0.19,-0.3,1,0,0.223,-0.39,0.833,0,,,,,,,,,0.172,-0.31,1,0,,,,
54808,20120827,-88.37,40.05,0.161,-0.27,0.869,0.054,0.191,-0.28,0.952,0,0.225,-0.38,0.875,0,,,,,,,,,0.176,-0.28,0.923,0,,,,
54808,20120828,-88.37,40.05,0.173,-0.18,0.78,0.054,0.194,-0.26,0.81,0,0.232,-0.32,0.78,0,,,,,,,,,0.184,-0.21,0.78,0,,,,
54808,20120829,-88.37,40.05,0.183,-0.1,0.637,0.054,0.196,-0.23,0.667,0,0.239,-0.26,0.637,0,,,,,,,,,0.189,-0.16,0.637,0,,,,
54808,20120830,-88.37,40.05,0.19,-0.04,0.494,0.054,0.198,-0.22,0.524,0,0.245,-0.21,0.494,0,,,,,,,,,0.194,-0.12,0.494,0,,,,
54808,20120831,-88.37,40.05,0.195,0,0.351,0.054,0.199,-0.2,0.381,0,0.25,-0.16,0.351,0,,,,,,,,,0.197,-0.09,0.351,0,,,,
54808,20120901,-88.37,40.05,0.201,0.05,0.208,0.06,0.2,-0.18,0.238,0,0.256,-0.12,0.208,0,,,,,,,,,0.201,-0.05,0.208,0,,,,
54808,20120902,-88.37,40.05,0.23,0.26,0.065,0.202,0.223,-0.02,0.095,0.095,0.272,0.01,0.065,0.012,,,,,,,,,0.226,0.14,0.065,0.137,,,,
54808,20120903,-88.37,40.05,0.249,0.4,0,0.292,0.248,0.16,0,0.238,0.281,0.07,0,0.012,,,,,,,,,0.249,0.31,0,0.28,,,,
54808,20120904,-88.37,40.05,0.26,0.48,0,0.435,0.27,0.32,0,0.381,0.285,0.11,0,0.012,,,,,,,,,0.265,0.43,0,0.423,,,,
54808,20120905,-88.37,40.05,0.272,0.56,0,0.577,0.291,0.47,0,0.524,0.29,0.15,0,0.012,,,,,,,,,0.282,0.55,0,0.565,,,,
54808,20120906,-88.37,40.05,0.294,0.72,0,0.72,0.317,0.64,0,0.667,0.298,0.21,0,0.012,,,,,,,,,0.305,0.72,0,0.708,,,,
54808,20120907,-88.37,40.05,0.314,0.86,0,0.863,0.34,0.8,0,0.81,0.307,0.28,0,0.012,,,,,,,,,0.327,0.88,0,0.851,,,,
54808,20120908,-88.37,40.05,0.338,1.03,0,1,0.368,0.99,0,0.952,0.321,0.39,0,0.101,,,,,,,,,0.353,1.06,0,0.994,,,,
54808,20120909,-88.37,40.05,0.337,1.03,0,1,0.374,1.02,0,1,0.326,0.42,0,0.185,,,,,,,,,0.356,1.07,0,1,,,,
54808,20120910,-88.37,40.05,0.333,0.99,0,1,0.374,1.01,0,1,0.33,0.46,0,0.238,,,,,,,,,0.354,1.05,0,1,,,,
54808,20120911,-88.37,40.05,0.327,0.95,0,1,0.373,0.98,0,1,0.334,0.48,0,0.274,,,,,,,,,0.35,1.02,0,1,,,,
54808,20120912,-88.37,40.05,0.322,0.91,0,0.911,0.371,0.95,0,0.994,0.338,0.52,0,0.292,,,,,,,,,0.347,0.98,0,0.988,,,,
54808,20120913,-88.37,40.05,0.307,0.79,0,0.768,0.363,0.88,0,0.887,0.34,0.53,0,0.31,,,,,,,,,0.335,0.88,0,0.851,,,,
54808,20120914,-88.37,40.05,0.293,0.69,0,0.625,0.354,0.81,0,0.744,0.342,0.55,0,0.321,,,,,,,,,0.324,0.78,0,0.708,,,,
54808,20120915,-88.37,40.05,0.274,0.54,0,0.482,0.34,0.7,0,0.601,0.338,0.53,0,0.256,,,,,,,,,0.307,0.64,0,0.565,,,,
54808,20120916,-88.37,40.05,0.257,0.4,0,0.339,0.327,0.59,0,0.458,0.334,0.5,0,0.161,,,,,,,,,0.292,0.51,0,0.423,,,,
54808,20120917,-88.37,40.05,0.243,0.28,0,0.196,0.314,0.49,0,0.315,0.329,0.46,0,0.107,,,,,,,,,0.278,0.38,0,0.28,,,,
54808,20120918,-88.37,40.05,0.232,0.19,0,0.054,0.302,0.4,0,0.173,0.325,0.44,0,0.071,,,,,,,,,0.267,0.29,0,0.137,,,,
54808,20120919,-88.37,40.05,0.222,0.1,0,0,0.292,0.32,0,0.036,0.321,0.41,0,0.054,,,,,,,,,0.257,0.2,0,0.006,,,,
54808,20120920,-88.37,40.05,0.215,0.03,0,0,0.282,0.26,0,0,0.317,0.38,0,0.036,,,,,,,,,0.249,0.13,0,0,,,,
54808,20120921,-88.37,40.05,0.208,-0.02,0,0,0.274,0.19,0,0,0.312,0.33,0,0.024,,,,,,,,,0.241,0.07,0,0,,,,
54808,20120922,-88.37,40.05,0.206,-0.05,0,0,0.273,0.18,0,0.018,0.309,0.31,0,0,,,,,,,,,0.239,0.06,0,0,,,,
54808,20120923,-88.37,40.05,0.207,-0.04,0,0,0.275,0.19,0,0.018,0.307,0.29,0,0,,,,,,,,,0.241,0.07,0,0,,,,
54808,20120924,-88.37,40.05,0.207,-0.04,0,0,0.276,0.2,0,0.018,0.305,0.27,0,0,,,,,,,,,0.241,0.08,0,0,,,,
54808,20120925,-88.37,40.05,0.207,-0.05,0,0,0.276,0.2,0,0.018,0.303,0.25,0,0,,,,,,,,,0.242,0.08,0,0,,,,
54808,20120926,-88.37,40.05,0.21,-0.02,0,0,0.278,0.21,0,0.018,0.301,0.23,0,0,,,,,,,,,0.244,0.09,0,0,,,,
54808,20120927,-88.37,40.05,0.214,0.01,0,0,0.283,0.23,0,0.018,0.3,0.21,0,0,,,,,,,,,0.248,0.12,0,0,,,,
54808,20120928,-88.37,40.05,0.219,0.05,0,0,0.287,0.26,0,0.018,0.301,0.21,0,0,,,,,,,,,0.253,0.15,0,0,,,,
54808,20120929,-88.37,40.05,0.219,0.04,0,0,0.284,0.23,0,0,0.3,0.18,0,0,,,,,,,,,0.252,0.13,0,0,,,,
54808,20120930,-88.37,40.05,0.216,0.02,0,0,0.279,0.19,0,0,0.297,0.15,0,0,,,,,,,,,0.248,0.09,0,0,,,,
54808,20121001,-88.37,40.05,0.214,-0.01,0,0,0.275,0.15,0,0,0.295,0.12,0,0,,,,,,,,,0.244,0.06,0,0,,,,
54808,20121002,-88.37,40.05,0.212,-0.02,0,0,0.271,0.12,0,0,0.293,0.08,0,0,,,,,,,,,0.242,0.03,0,0,,,,
54808,20121003,-88.37,40.05,0.207,-0.07,0,0,0.267,0.08,0,0,0.291,0.05,0,0,,,,,,,,,0.237,-0.01,0,0,,,,
54808,20121004,-88.37,40.05,0.202,-0.11,0,0,0.262,0.04,0,0,0.289,0.01,0,0,,,,,,,,,0.232,-0.06,0,0,,,,
54808,20121005,-88.37,40.05,0.198,-0.15,0,0,0.259,0.01,0,0.012,0.287,-0.02,0,0,,,,,,,,,0.229,-0.09,0,0,,,,
54808,20121006,-88.37,40.05,0.209,-0.07,0,0.101,0.266,0.07,0,0.155,0.29,0.01,0,0.03,,,,,,,,,0.237,-0.02,0,0.143,,,,
54808,20121007,-88.37,40.05,0.222,0.02,0,0.244,0.274,0.13,0,0.298,0.294,0.03,0,0.048,,,,,,,,,0.248,0.06,0,0.286,,,,
54808,20121008,-88.37,40.05,0.234,0.1,0,0.351,0.281,0.19,0,0.417,0.298,0.06,0,0.048,,,,,,,,,0.257,0.14,0,0.417,,,,
54808,20121009,-88.37,40.05,0.245,0.17,0,0.363,0.289,0.25,0,0.5,0.302,0.1,0,0.048,,,,,,,,,0.267,0.22,0,0.506,,,,
54808,20121010,-88.37,40.05,0.254,0.24,0,0.363,0.296,0.3,0,0.518,0.306,0.13,0,0.048,,,,,,,,,0.275,0.28,0,0.524,,,,
54808,20121011,-88.37,40.05,0.262,0.29,0,0.363,0.302,0.35,0,0.518,0.31,0.16,0,0.048,,,,,,,,,0.282,0.34,0,0.524,,,,
54808,20121012,-88.37,40.05,0.268,0.33,0,0.363,0.306,0.38,0,0.506,0.313,0.18,0,0.048,,,,,,,,,0.287,0.37,0,0.524,,,,
54808,20121013,-88.37,40.05,0.259,0.26,0,0.262,0.299,0.32,0,0.363,0.31,0.14,0,0.018,,,,,,,,,0.279,0.3,0,0.381,,,,
54808,20121014,-88.37,40.05,0.256,0.23,0,0.214,0.301,0.32,0,0.333,0.311,0.15,0,0.054,,,,,,,,,0.279,0.29,0,0.351,,,,
54808,20121015,-88.37,40.05,0.259,0.24,0,0.25,0.305,0.35,0,0.357,0.313,0.16,0,0.119,,,,,,,,,0.282,0.32,0,0.363,,,,
54808,20121016,-88.37,40.05,0.263,0.26,0,0.381,0.309,0.37,0,0.417,0.314,0.17,0,0.131,,,,,,,,,0.286,0.33,0,0.417,,,,
54808,20121017,-88.37,40.05,0.267,0.27,0,0.405,0.313,0.38,0,0.542,0.315,0.17,0,0.131,,,,,,,,,0.29,0.34,0,0.518,,,,
54808,20121018,-88.37,40.05,0.274,0.3,0,0.47,0.322,0.44,0,0.661,0.319,0.2,0,0.196,,,,,,,,,0.298,0.38,0,0.583,,,,
54808,20121019,-88.37,40.05,0.287,0.36,0,0.607,0.335,0.53,0,0.804,0.324,0.23,0,0.274,,,,,,,,,0.311,0.46,0,0.726,,,,
54808,20121020,-88.37,40.05,0.305,0.44,0,0.75,0.353,0.65,0,0.946,0.332,0.3,0,0.381,,,,,,,,,0.329,0.56,0,0.869,,,,
54808,20121021,-88.37,40.05,0.315,0.46,0,0.792,0.363,0.7,0,0.976,0.337,0.34,0,0.47,,,,,,,,,0.339,0.59,0,0.899,,,,
54808,20121022,-88.37,40.05,0.319,0.44,0,0.696,0.369,0.73,0,0.976,0.34,0.35,0,0.53,,,,,,,,,0.344,0.58,0,0.899,,,,
54808,20121023,-88.37,40.05,0.328,0.45,0,0.673,0.38,0.8,0,0.976,0.348,0.42,0,0.655,,,,,,,,,0.354,0.61,0,0.899,,,,
54808,20121024,-88.37,40.05,0.342,0.49,0,0.792,0.393,0.88,0,0.976,0.359,0.5,0,0.798,,,,,,,,,0.367,0.66,0,0.923,,,,
54808,20121025,-88.37,40.05,0.35,0.5,0,0.869,0.399,0.92,0,1,0.365,0.55,0,0.875,,,,,,,,,0.375,0.68,0,1,,,,
54808,20121026,-88.37,40.05,0.356,0.5,0,0.839,0.402,0.93,0,1,0.371,0.6,0,0.94,,,,,,,,,0.379,0.67,0,1,,,,
54808,20121027,-88.37,40.05,0.358,0.48,0,0.833,0.401,0.9,0,1,0.375,0.63,0,0.976,,,,,,,,,0.38,0.64,0,1,,,,
54808,20121028,-88.37,40.05,0.358,0.45,0,0.726,0.399,0.87,0,1,0.377,0.64,0,0.976,,,,,,,,,0.379,0.61,0,1,,,,
54808,20121029,-88.37,40.05,0.359,0.43,0,0.679,0.399,0.84,0,1,0.379,0.65,0,0.994,,,,,,,,,0.379,0.59,0,0.935,,,,
54808,20121030,-88.37,40.05,0.353,0.37,0,0.56,0.394,0.77,0,1,0.376,0.62,0,1,,,,,,,,,0.373,0.52,0,0.798,,,,
54808,20121031,-88.37,40.05,0.344,0.29,0,0.417,0.386,0.68,0,1,0.372,0.58,0,1,,,,,,,,,0.365,0.44,0,0.655,,,,
54808,20121101,-88.37,40.05,0.336,0.22,0,0.274,0.38,0.59,0,0.958,0.369,0.55,0,1,,,,,,,,,0.358,0.37,0,0.512,,,,
54808,20121102,-88.37,40.05,0.327,0.14,0,0.167,0.374,0.51,0,0.857,0.365,0.52,0,0.994,,,,,,,,,0.35,0.3,0,0.369,,,,
54808,20121103,-88.37,40.05,0.316,0.06,0,0.03,0.367,0.42,0,0.72,0.361,0.48,0,0.982,,,,,,,,,0.341,0.22,0,0.226,,,,
54808,20121104,-88.37,40.05,0.307,-0.02,0,0,0.361,0.34,0,0.577,0.359,0.45,0,0.946,,,,,,,,,0.334,0.15,0,0.083,,,,
54808,20121105,-88.37,40.05,0.3,-0.09,0,0,0.356,0.27,0,0.435,0.356,0.42,0,0.905,,,,,,,,,0.328,0.09,0,0.006,,,,
54808,20121106,-88.37,40.05,0.293,-0.15,0,0,0.351,0.21,0,0.292,0.354,0.38,0,0.821,,,,,,,,,0.322,0.04,0,0,,,,
54808,20121107,-88.37,40.05,0.288,-0.2,0,0,0.348,0.16,0,0.149,0.352,0.35,0,0.708,,,,,,,,,0.318,-0.01,0,0,,,,
54808,20121108,-88.37,40.05,0.285,-0.24,0,0,0.345,0.11,0,0.048,0.351,0.32,0,0.571,,,,,,,,,0.315,-0.05,0,0,,,,
54808,20121109,-88.37,40.05,0.284,-0.27,0,0,0.343,0.08,0,0.006,0.35,0.28,0,0.449,,,,,,,,,0.314,-0.08,0,0,,,,
54808,20121110,-88.37,40.05,0.284,-0.29,0,0,0.342,0.06,0,0,0.349,0.23,0,0.317,,,,,,,,,0.313,-0.1,0,0,,,,
54808,20121111,-88.37,40.05,0.285,-0.3,0,0,0.342,0.04,0,0,0.349,0.2,0,0.21,,,,,,,,,0.313,-0.12,0,0,,,,
54808,20121112,-88.37,40.05,0.29,-0.29,0.048,0.03,0.345,0.06,0,0.048,0.351,0.18,0,0.156,,,,,,,,,0.317,-0.11,0,0.048,,,,
54808,20121113,-88.37,40.05,0.303,-0.2,0.048,0.084,0.352,0.12,0,0.192,0.355,0.19,0,0.216,,,,,,,,,0.327,-0.03,0,0.192,,,,
54808,20121114,-88.37,40.05,0.315,-0.12,0.048,0.09,0.358,0.16,0,0.335,0.359,0.19,0,0.257,,,,,,,,,0.336,0.03,0,0.305,,,,
54808,20121115,-88.37,40.05,0.325,-0.05,0.048,0.09,0.363,0.2,0,0.473,0.361,0.19,0,0.269,,,,,,,,,0.344,0.08,0,0.329,,,,
54808,20121116,-88.37,40.05,0.333,0.01,0.048,0.089,0.367,0.23,0,0.601,0.363,0.19,0,0.256,,,,,,,,,0.35,0.12,0,0.327,,,,
54808,20121117,-88.37,40.05,0.341,0.07,0.048,0.089,0.372,0.26,0,0.685,0.365,0.19,0,0.256,,,,,,,,,0.356,0.16,0,0.327,,,,
54808,20121118,-88.37,40.05,0.349,0.13,0.048,0.089,0.376,0.29,0,0.762,0.366,0.19,0,0.262,,,,,,,,,0.362,0.2,0,0.327,,,,
54808,20121119,-88.37,40.05,0.354,0.16,0,0.06,0.377,0.29,0,0.762,0.366,0.17,0,0.214,,,,,,,,,0.365,0.21,0,0.28,,,,
54808,20121120,-88.37,40.05,0.352,0.12,0,0.006,0.374,0.25,0,0.655,0.364,0.14,0,0.095,,,,,,,,,0.363,0.17,0,0.137,,,,
54808,20121121,-88.37,40.05,0.35,0.09,0,0,0.373,0.22,0,0.518,0.362,0.12,0,0.024,,,,,,,,,0.361,0.15,0,0.024,,,,
54808,20121122,-88.37,40.05,0.348,0.06,0,0,0.373,0.2,0,0.381,0.362,0.1,0,0.006,,,,,,,,,0.36,0.12,0,0,,,,
54808,20121123,-88.37,40.05,0.347,0.03,0,0,0.372,0.17,0,0.25,0.361,0.09,0,0.006,,,,,,,,,0.359,0.1,0,0,,,,
54808,20121124,-88.37,40.05,0.346,0.01,0,0,0.37,0.14,0,0.167,0.361,0.08,0,0.006,,,,,,,,,0.358,0.07,0,0,,,,
54808,20121125,-88.37,40.05,0.344,-0.03,0,0,0.369,0.11,0,0.089,0.36,0.06,0,0,,,,,,,,,0.356,0.04,0,0,,,,
54808,20121126,-88.37,40.05,0.342,-0.06,0,0,0.367,0.08,0,0.042,0.359,0.05,0,0,,,,,,,,,0.355,0.01,0,0,,,,
54808,20121127,-88.37,40.05,0.339,-0.11,0,0,0.365,0.05,0,0.006,0.357,0.03,0,0,,,,,,,,,0.352,-0.02,0,0,,,,
54808,20121128,-88.37,40.05,0.336,-0.16,0,0,0.363,0.02,0,0,0.356,0.01,0,0,,,,,,,,,0.349,-0.07,0,0,,,,
54808,20121129,-88.37,40.05,0.334,-0.2,0,0,0.361,-0.01,0,0,0.354,-0.02,0,0,,,,,,,,,0.347,-0.1,0,0,,,,
54808,20121130,-88.37,40.05,0.332,-0.24,0,0,0.36,-0.02,0,0,0.353,-0.04,0,0,,,,,,,,,0.346,-0.13,0,0,,,,
54808,20121201,-88.37,40.05,0.33,-0.29,0,0,0.36,-0.04,0,0,0.352,-0.06,0,0,,,,,,,,,0.345,-0.16,0,0,,,,
54808,20121202,-88.37,40.05,0.33,-0.32,0,0,0.36,-0.04,0,0,0.351,-0.07,0,0,,,,,,,,,0.345,-0.18,0,0,,,,
54808,20121203,-88.37,40.05,0.329,-0.36,0.012,0,0.361,-0.04,0,0,0.351,-0.08,0,0,,,,,,,,,0.345,-0.2,0,0,,,,
54808,20121204,-88.37,40.05,0.329,-0.4,0.024,0,0.363,-0.04,0,0,0.352,-0.08,0,0,,,,,,,,,0.346,-0.21,0,0,,,,
54808,20121205,-88.37,40.05,0.336,-0.35,0.024,0,0.366,-0.01,0,0.012,0.354,-0.07,0,0.006,,,,,,,,,0.351,-0.17,0,0,,,,
54808,20121206,-88.37,40.05,0.341,-0.32,0.024,0,0.369,0.02,0,0.012,0.355,-0.06,0,0.006,,,,,,,,,0.355,-0.14,0,0,,,,
54808,20121207,-88.37,40.05,0.346,-0.3,0.024,0,0.371,0.03,0,0.012,0.356,-0.05,0,0.006,,,,,,,,,0.359,-0.13,0,0,,,,
54808,20121208,-88.37,40.05,0.356,-0.21,0.024,0.042,0.377,0.09,0,0.137,0.359,-0.02,0,0.065,,,,,,,,,0.367,-0.05,0,0.095,,,,
54808,20121209,-88.37,40.05,0.367,-0.11,0.024,0.06,0.382,0.16,0,0.274,0.364,0.04,0,0.131,,,,,,,,,0.375,0.02,0,0.155,,,,
54808,20121210,-88.37,40.05,0.38,0.01,0.012,0.19,0.389,0.24,0,0.417,0.369,0.1,0,0.256,,,,,,,,,0.385,0.13,0,0.298,,,,
54808,20121211,-88.37,40.05,0.39,0.11,0,0.19,0.395,0.31,0,0.56,0.372,0.14,0,0.315,,,,,,,,,0.392,0.2,0,0.345,,,,
54808,20121212,-88.37,40.05,0.393,0.11,0,0.19,0.398,0.34,0,0.673,0.374,0.16,0,0.321,,,,,,,,,0.395,0.21,0,0.345,,,,
54808,20121213,-88.37,40.05,0.397,0.13,0,0.19,0.4,0.37,0,0.744,0.376,0.18,0,0.327,,,,,,,,,0.399,0.23,0,0.345,,,,
54808,20121214,-88.37,40.05,0.4,0.15,0,0.19,0.403,0.4,0,0.762,0.377,0.19,0,0.327,,,,,,,,,0.402,0.25,0,0.345,,,,
54808,20121215,-88.37,40.05,0.398,0.1,0,0.149,0.401,0.37,0,0.655,0.377,0.18,0,0.268,,,,,,,,,0.4,0.2,0,0.25,,,,
54808,20121216,-88.37,40.05,0.4,0.1,0,0.161,0.404,0.39,0,0.655,0.377,0.18,0,0.298,,,,,,,,,0.402,0.21,0,0.327,,,,
54808,20121217,-88.37,40.05,0.399,0.06,0,0.036,0.403,0.38,0,0.655,0.376,0.16,0,0.226,,,,,,,,,0.401,0.18,0,0.256,,,,
54808,20121218,-88.37,40.05,0.401,0.08,0,0.095,0.403,0.38,0,0.649,0.376,0.16,0,0.202,,,,,,,,,0.402,0.18,0,0.286,,,,
54808,20121219,-88.37,40.05,0.405,0.1,0,0.125,0.406,0.4,0,0.667,0.377,0.17,0,0.256,,,,,,,,,0.405,0.21,0,0.405,,,,
54808,20121220,-88.37,40.05,0.409,0.14,0,0.173,0.409,0.44,0,0.738,0.379,0.21,0,0.304,,,,,,,,,0.409,0.26,0,0.5,,,,
54808,20121221,-88.37,40.05,0.414,0.2,0,0.246,0.414,0.52,0,0.862,0.385,0.31,0,0.443,,,,,,,,,0.414,0.34,0,0.629,,,,
54808,20121222,-88.37,40.05,0.419,0.25,0,0.269,0.417,0.56,0,0.988,0.387,0.34,0,0.491,,,,,,,,,0.418,0.39,0,0.737,,,,
54808,20121223,-88.37,40.05,0.419,0.24,0,0.305,0.415,0.53,0,0.988,0.385,0.31,0,0.413,,,,,,,,,0.417,0.38,0,0.701,,,,
54808,20121224,-88.37,40.05,0.419,0.25,0,0.317,0.414,0.51,0,0.976,0.384,0.28,0,0.359,,,,,,,,,0.417,0.37,0,0.695,,,,
54808,20121225,-88.37,40.05,0.419,0.25,0,0.305,0.413,0.5,0,0.976,0.383,0.27,0,0.341,,,,,,,,,0.416,0.36,0,0.707,,,,
54808,20121226,-88.37,40.05,0.419,0.24,0,0.305,0.412,0.47,0,0.964,0.382,0.24,0,0.293,,,,,,,,,0.416,0.35,0,0.641,,,,
54808,20121227,-88.37,40.05,0.418,0.23,0,0.257,0.41,0.44,0,0.946,0.38,0.21,0,0.251,,,,,,,,,0.414,0.32,0,0.545,,,,
54808,20121228,-88.37,40.05,0.416,0.19,0,0.185,0.406,0.37,0,0.935,0.375,0.11,0,0.119,,,,,,,,,0.411,0.27,0,0.417,,,,
54808,20121229,-88.37,40.05,0.415,0.18,0,0.161,0.405,0.34,0,0.869,0.374,0.08,0,0.071,,,,,,,,,0.41,0.25,0,0.31,,,,
54808,20121230,-88.37,40.05,0.414,0.15,0,0.095,0.404,0.32,0,0.804,0.373,0.05,0,0.054,,,,,,,,,0.409,0.22,0,0.208,,,,
54808,20121231,-88.37,40.05,0.412,0.12,0,0.084,0.406,0.34,0,0.81,0.372,0.03,0,0.054,,,,,,,,,0.409,0.21,0,0.156,,,,
54808,20130101,-88.37,40.05,0.41,0.08,0,0.036,0.407,0.35,0,0.815,0.371,0.01,0,0.036,,,,,,,,,0.408,0.19,0,0.072,,,,
54808,20130102,-88.37,40.05,,,,,0.407,0.36,0,0.81,0.37,-0.03,0,0.018,,,,,,,,,,,,,,,,
54808,20130103,-88.37,40.05,,,,,0.408,0.37,0,0.81,0.368,-0.07,0,0.006,,,,,,,,,,,,,,,,
54808,20130104,-88.37,40.05,,,,,0.408,0.37,0,0.791,0.367,-0.11,0.006,0,,,,,,,,,,,,,,,,
54808,20130105,-88.37,40.05,,,,,,,,,0.366,-0.14,0.024,0,,,,,,,,,,,,,,,,
54808,20130106,-88.37,40.05,,,,,,,,,0.364,-0.18,0.083,0,,,,,,,,,,,,,,,,
54808,20130107,-88.37,40.05,,,,,,,,,0.363,-0.22,0.137,0,,,,,,,,,,,,,,,,
54808,20130108,-88.37,40.05,,,,,,,,,0.362,-0.26,0.19,0,,,,,,,,,,,,,,,,
54808,20130109,-88.37,40.05,,,,,,,,,0.361,-0.28,0.256,0,,,,,,,,,,,,,,,,
54808,20130110,-88.37,40.05,,,,,,,,,0.36,-0.32,0.345,0,,,,,,,,,,,,,,,,
54808,20130111,-88.37,40.05,,,,,,,,,0.362,-0.27,0.381,0.054,,,,,,,,,,,,,,,,
54808,20130112,-88.37,40.05,,,,,,,,,0.366,-0.16,0.363,0.185,,,,,,,,,,,,,,,,
54808,20130113,-88.37,40.05,,,,,,,,,0.372,-0.02,0.304,0.304,,,,,,,,,,,,,,,,
54808,20130114,-88.37,40.05,,,,,,,,,0.376,0.09,0.25,0.399,,,,,,,,,,,,,,,,
54808,20130115,-88.37,40.05,,,,,,,,,0.378,0.15,0.196,0.411,,,,,,,,,,,,,,,,
54808,20130116,-88.37,40.05,,,,,,,,,0.38,0.2,0.131,0.411,,,,,,,,,,,,,,,,
54808,20130117,-88.37,40.05,,,,,0.421,1.11,0,1,0.382,0.25,0.042,0.411,,,,,,,,,,,,,,,,
54808,20130118,-88.37,40.05,,,,,0.418,0.91,0,1,0.381,0.2,0.03,0.357,,,,,,,,,,,,,,,,
54808,20130119,-88.37,40.05,,,,,0.415,,,,0.376,0.09,0.065,0.226,,,,,,,,,,,,,,,,
54808,20130120,-88.37,40.05,,,,,0.412,,,,0.372,-0.04,0.113,0.107,,,,,,,,,,,,,,,,
54808,20130121,-88.37,40.05,,,,,0.41,,,,0.368,-0.14,0.167,0.012,,,,,,,,,,,,,,,,
54808,20130122,-88.37,40.05,,,,,0.41,,,,0.367,-0.18,0.214,0,,,,,,,,,,,,,,,,
54808,20130123,-88.37,40.05,,,,,,,,,0.366,-0.22,0.268,0,,,,,,,,,,,,,,,,
54808,20130124,-88.37,40.05,,,,,,,,,0.365,-0.24,0.313,0,,,,,,,,,,,,,,,,
54808,20130125,-88.37,40.05,,,,,,,,,,,,,,,,,,,,,,,,,,,,
54808,20130126,-88.37,40.05,,,,,,,,,,,,,,,,,,,,,,,,,,,,
54808,20130127,-88.37,40.05,,,,,,,,,,,,,,,,,,,,,,,,,,,,
54808,20130128,-88.37,40.05,,,,,,,,,,,,,,,,,,,,,,,,,,,,
54808,20130129,-88.37,40.05,,,,,,,,,,,,,,,,,,,,,,,,,,,,
54808,20130130,-88.37,40.05,,,,,,,,,,,,,,,,,,,,,,,,,,,,
54808,20130131,-88.37,40.05,,,,,,,,,,,,,,,,,,,,,,,,,,,,
54808,20130201,-88.37,40.05,,,,,,,,,,,,,,,,,,,,,,,,,,,,
54808,20130202,-88.37,40.05,,,,,,,,,,,,,,,,,,,,,,,,,,,,
54808,20130203,-88.37,40.05,,,,,,,,,,,,,,,,,,,,,,,,,,,,
54808,20130204,-88.37,40.05,,,,,,,,,,,,,,,,,,,,,,,,,,,,
54808,20130205,-88.37,40.05,,,,,,,,,0.369,0.98,0,1,,,,,,,,,,,,,,,,
54808,20130206,-88.37,40.05,,,,,,,,,0.365,0.82,0,1,,,,,,,,,,,,,,,,
54808,20130207,-88.37,40.05,,,,,,,,,0.359,,,,,,,,,,,,,,,,,,,
54808,20130208,-88.37,40.05,,,,,,,,,0.359,,,,,,,,,,,,,,,,,,,
54808,20130209,-88.37,40.05,,,,,,,,,0.362,,,,,,,,,,,,,,,,,,,
54808,20130210,-88.37,40.05,,,,,,,,,0.365,,,,,,,,,,,,,,,,,,,
54808,20130211,-88.37,40.05,,,,,,,,,0.37,,,,,,,,,,,,,,,,,,,
54808,20130212,-88.37,40.05,,,,,,,,,0.375,,,,,,,,,,,,,,,,,,,
54808,20130213,-88.37,40.05,,,,,,,,,0.379,0.01,0,0,,,,,,,,,,,,,,,,
54808,20130214,-88.37,40.05,,,,,,,,,0.383,0.02,0,0,,,,,,,,,,,,,,,,
54808,20130215,-88.37,40.05,,,,,,,,,0.384,0.03,0,0.019,,,,,,,,,,,,,,,,
54808,20130216,-88.37,40.05,0.386,,,,0.397,,,,0.384,0.01,0,0.013,,,,,,,,,0.391,,,,,,,
54808,20130217,-88.37,40.05,0.386,,,,0.394,,,,0.383,-0.04,0.02,0.01,,,,,,,,,0.391,,,,,,,
54808,20130218,-88.37,40.05,,,,,0.389,,,,0.379,-0.1,0.096,0.008,,,,,,,,,,,,,,,,
54808,20130219,-88.37,40.05,,,,,0.388,,,,0.377,-0.09,0.134,0.047,,,,,,,,,,,,,,,,
54808,20130220,-88.37,40.05,,,,,0.387,,,,0.377,-0.07,0.123,0.074,,,,,,,,,,,,,,,,
54808,20130221,-88.37,40.05,,,,,0.387,,,,0.376,-0.1,0.133,0.072,,,,,,,,,,,,,,,,
54808,20130222,-88.37,40.05,,,,,,,,,0.375,-0.17,0.216,0.066,,,,,,,,,,,,,,,,
54808,20130223,-88.37,40.05,,,,,,,,,0.375,-0.15,0.222,0.096,,,,,,,,,,,,,,,,
54808,20130224,-88.37,40.05,,,,,,,,,0.377,-0.1,0.21,0.132,,,,,,,,,,,,,,,,
54808,20130225,-88.37,40.05,,,,,,,,,0.381,0,0.15,0.198,,,,,,,,,,,,,,,,
54808,20130226,-88.37,40.05,,,,,,,,,0.384,0.09,0.102,0.281,,,,,,,,,,,,,,,,
54808,20130227,-88.37,40.05,,,,,,,,,0.389,0.23,0.102,0.386,,,,,,,,,,,,,,,,
54808,20130228,-88.37,40.05,,,,,,,,,0.392,0.34,0.09,0.509,,,,,,,,,,,,,,,,
54808,20130301,-88.37,40.05,,,,,,,,,0.396,0.45,0.006,0.587,,,,,,,,,,,,,,,,
54808,20130302,-88.37,40.05,,,,,,,,,0.397,0.48,0,0.593,,,,,,,,,,,,,,,,
54808,20130303,-88.37,40.05,,,,,,,,,0.397,0.46,0,0.575,,,,,,,,,,,,,,,,
54808,20130304,-88.37,40.05,,,,,,,,,0.395,0.4,0.006,0.515,,,,,,,,,,,,,,,,
54808,20130305,-88.37,40.05,,,,,,,,,0.392,0.29,0.018,0.395,,,,,,,,,,,,,,,,
54808,20130306,-88.37,40.05,,,,,,,,,0.386,0.12,0.03,0.262,,,,,,,,,,,,,,,,
54808,20130307,-88.37,40.05,,,,,,,,,0.383,0.03,0.036,0.137,,,,,,,,,,,,,,,,
54808,20130308,-88.37,40.05,,,,,,,,,0.382,-0.02,0.036,0.071,,,,,,,,,,,,,,,,
54808,20130309,-88.37,40.05,,,,,,,,,0.382,0,0.036,0.113,,,,,,,,,,,,,,,,
54808,20130310,-88.37,40.05,,,,,,,,,0.384,0.07,0.036,0.226,,,,,,,,,,,,,,,,
54808,20130311,-88.37,40.05,,,,,,,,,0.387,0.17,0.03,0.357,,,,,,,,,,,,,,,,
54808,20130312,-88.37,40.05,,,,,0.415,0.51,0,0.834,0.39,0.29,0.018,0.482,,,,,,,,,,,,,,,,
54808,20130313,-88.37,40.05,,,,,0.414,0.51,0,0.881,0.393,0.37,0.006,0.565,,,,,,,,,,,,,,,,
54808,20130314,-88.37,40.05,,,,,0.413,0.5,0,0.839,0.393,0.4,0,0.601,,,,,,,,,,,,,,,,
54808,20130315,-88.37,40.05,0.404,0.37,0,0.574,0.41,0.46,0,0.756,0.393,0.41,0,0.601,,,,,,,,,0.406,0.45,0,0.645,,,,
54808,20130316,-88.37,40.05,0.402,0.33,0,0.491,0.407,0.41,0,0.655,0.392,0.37,0,0.548,,,,,,,,,0.405,0.42,0,0.552,,,,
54808,20130317,-88.37,40.05,0.401,0.3,0,0.369,0.404,0.36,0,0.53,0.39,0.31,0,0.429,,,,,,,,,0.402,0.38,0,0.417,,,,
54808,20130318,-88.37,40.05,0.398,0.23,0,0.232,0.4,0.29,0,0.399,0.387,0.23,0,0.31,,,,,,,,,0.399,0.31,0,0.274,,,,
54808,20130319,-88.37,40.05,0.396,0.18,0,0.095,0.397,0.25,0,0.256,0.385,0.16,0,0.196,,,,,,,,,0.396,0.26,0,0.131,,,,
54808,20130320,-88.37,40.05,0.394,0.14,0,0.018,0.395,0.21,0,0.131,0.383,0.1,0,0.113,,,,,,,,,0.394,0.22,0,0.006,,,,
54808,20130321,-88.37,40.05,0.393,0.13,0,0.012,0.393,0.19,0,0.107,0.382,0.07,0,0.083,,,,,,,,,0.394,0.2,0,0,,,,
54808,20130322,-88.37,40.05,0.392,0.11,0.02,0.013,0.392,0.17,0,0.083,0.381,0.04,0.012,0.077,,,,,,,,,0.393,0.19,0,0,,,,
54808,20130323,-88.37,40.05,0.389,0.06,0.028,0.014,0.391,0.14,0,0.042,0.379,-0.01,0.018,0.054,,,,,,,,,0.39,0.15,0.007,0,,,,
54808,20130324,-88.37,40.05,0.385,-0.02,0.035,0.007,0.389,0.12,0,0.024,0.378,-0.04,0.018,0.042,,,,,,,,,0.387,0.09,0.007,0,,,,
54808,20130325,-88.37,40.05,0.38,-0.09,0.049,0.007,0.387,0.09,0,0.012,0.377,-0.07,0.03,0.024,,,,,,,,,0.384,0.03,0.007,0,,,,
54808,20130326,-88.37,40.05,0.377,-0.15,0.056,0.007,0.385,0.06,0,0.012,0.376,-0.1,0.036,0.012,,,,,,,,,0.381,-0.02,0.007,0,,,,
54808,20130327,-88.37,40.05,0.378,-0.13,0.056,0.056,0.385,0.07,0,0.018,0.374,-0.13,0.054,0.012,,,,,,,,,0.381,-0.01,0.007,0.049,,,,
54808,20130328,-88.37,40.05,0.382,-0.04,0.054,0.196,0.388,0.14,0,0.161,0.375,-0.1,0.054,0.06,,,,,,,,,0.386,0.08,0.007,0.209,,,,
54808,20130329,-88.37,40.05,0.391,0.1,0.031,0.327,0.394,0.26,0,0.304,0.379,0,0.042,0.196,,,,,,,,,0.392,0.22,0.006,0.34,,,,
54808,20130330,-88.37,40.05,0.4,0.26,0.024,0.458,0.401,0.39,0,0.446,0.384,0.16,0.036,0.339,,,,,,,,,0.4,0.36,0,0.47,,,,
54808,20130331,-88.37,40.05,0.411,0.43,0.018,0.601,0.407,0.52,0,0.589,0.388,0.28,0.036,0.482,,,,,,,,,0.409,0.52,0,0.613,,,,
54808,20130401,-88.37,40.05,0.42,0.58,0.006,0.744,0.414,0.65,0,0.732,0.392,0.39,0.024,0.625,,,,,,,,,0.417,0.67,0,0.756,,,,
54808,20130402,-88.37,40.05,0.426,0.68,0,0.887,0.419,0.76,0,0.875,0.396,0.48,0.018,0.744,,,,,,,,,0.422,0.78,0,0.899,,,,
54808,20130403,-88.37,40.05,0.428,0.72,0,0.988,0.422,0.82,0,1,0.398,0.55,0,0.792,,,,,,,,,0.425,0.83,0,1,,,,
54808,20130404,-88.37,40.05,0.427,0.69,0,0.994,0.421,0.81,0,1,0.398,0.55,0,0.774,,,,,,,,,0.424,0.81,0,1,,,,
54808,20130405,-88.37,40.05,0.421,0.62,0,0.905,0.418,0.77,0,1,0.396,0.51,0,0.685,,,,,,,,,0.419,0.73,0,0.994,,,,
54808,20130406,-88.37,40.05,0.414,0.52,0,0.774,0.414,0.7,0,0.994,0.392,0.4,0,0.56,,,,,,,,,0.414,0.64,0,0.958,,,,
54808,20130407,-88.37,40.05,0.406,0.41,0,0.631,0.41,0.63,0,0.988,0.389,0.32,0,0.44,,,,,,,,,0.408,0.54,0,0.869,,,,
54808,20130408,-88.37,40.05,0.397,0.31,0,0.488,0.405,0.55,0,0.988,0.386,0.26,0,0.321,,,,,,,,,0.401,0.44,0,0.726,,,,
54808,20130409,-88.37,40.05,0.389,0.22,0,0.347,0.402,0.5,0,0.976,0.385,0.22,0,0.222,,,,,,,,,0.396,0.36,0,0.587,,,,
54808,20130410,-88.37,40.05,0.381,0.14,0,0.204,0.4,0.45,0,0.934,0.384,0.21,0,0.204,,,,,,,,,0.39,0.29,0,0.443,,,,
54808,20130411,-88.37,40.05,0.392,0.23,0,0.174,0.406,0.51,0,0.934,0.391,0.31,0,0.281,,,,,,,,,0.399,0.36,0,0.413,,,,
54808,20130412,-88.37,40.05,0.41,0.38,0,0.263,0.416,0.61,0,0.934,0.399,0.44,0,0.371,,,,,,,,,0.413,0.49,0,0.419,,,,
54808,20130413,-88.37,40.05,0.421,0.47,0,0.395,0.423,0.68,0,0.94,0.407,0.55,0,0.497,,,,,,,,,0.422,0.58,0,0.455,,,,
54808,20130414,-88.37,40.05,0.429,0.54,0,0.539,0.427,0.71,0,0.946,0.41,0.61,0,0.617,,,,,,,,,0.428,0.64,0,0.545,,,,
54808,20130415,-88.37,40.05,0.437,0.62,0,0.683,0.43,0.75,0,0.946,0.412,0.64,0,0.731,,,,,,,,,0.433,0.7,0,0.689,,,,
54808,20130416,-88.37,40.05,0.449,0.72,0,0.821,0.436,0.8,0,0.958,0.415,0.68,0,0.845,,,,,,,,,0.443,0.79,0,0.827,,,,
54808,20130417,-88.37,40.05,0.472,0.9,0,0.964,0.447,0.91,0,1,0.423,0.78,0,0.958,,,,,,,,,0.459,0.94,0,0.97,,,,
54808,20130418,-88.37,40.05,0.475,0.91,0,1,0.45,0.93,0,1,0.425,0.78,0,0.988,,,,,,,,,0.463,0.96,0,1,,,,
54808,20130419,-88.37,40.05,0.475,0.89,0,1,0.45,0.91,0,1,0.425,0.76,0,0.988,,,,,,,,,0.462,0.94,0,1,,,,
54808,20130420,-88.37,40.05,0.48,0.91,0,1,0.452,0.92,0,1,0.426,0.75,0,0.988,,,,,,,,,0.466,0.96,0,1,,,,
54808,20130421,-88.37,40.05,0.483,0.92,0,1,0.454,0.93,0,1,0.428,0.77,0,0.988,,,,,,,,,0.469,0.98,0,1,,,,
54808,20130422,-88.37,40.05,0.484,0.93,0,1,0.455,0.93,0,1,0.429,0.78,0,0.988,,,,,,,,,0.469,0.98,0,1,,,,
54808,20130423,-88.37,40.05,0.48,0.89,0,1,0.452,0.9,0,1,0.427,0.76,0,0.994,,,,,,,,,0.466,0.94,0,1,,,,
54808,20130424,-88.37,40.05,0.471,0.82,0,1,0.447,0.85,0,1,0.422,0.69,0,0.982,,,,,,,,,0.459,0.87,0,1,,,,
54808,20130425,-88.37,40.05,0.464,0.77,0,1,0.444,0.81,0,1,0.419,0.65,0,0.982,,,,,,,,,0.454,0.82,0,1,,,,
54808,20130426,-88.37,40.05,0.453,0.69,0,1,0.437,0.75,0,1,0.413,0.57,0,0.982,,,,,,,,,0.445,0.74,0,1,,,,
54808,20130427,-88.37,40.05,0.442,0.61,0,1,0.43,0.68,0,1,0.405,0.49,0,0.964,,,,,,,,,0.436,0.67,0,1,,,,
54808,20130428,-88.37,40.05,0.441,0.61,0,1,0.429,0.68,0,1,0.402,0.45,0,0.958,,,,,,,,,0.435,0.67,0,1,,,,
54808,20130429,-88.37,40.05,0.444,0.64,0,1,0.433,0.73,0,1,0.404,0.47,0,0.964,,,,,,,,,0.439,0.71,0,1,,,,
54808,20130430,-88.37,40.05,0.447,0.66,0,1,0.435,0.76,0,1,0.405,0.49,0,0.964,,,,,,,,,0.441,0.74,0,1,,,,
54808,20130501,-88.37,40.05,0.443,0.65,0,1,0.433,0.76,0,1,0.404,0.48,0,0.976,,,,,,,,,0.438,0.73,0,1,,,,
54808,20130502,-88.37,40.05,0.433,0.59,0,0.929,0.428,0.73,0,1,0.401,0.46,0,0.976,,,,,,,,,0.431,0.68,0,1,,,,
54808,20130503,-88.37,40.05,0.427,0.56,0,0.851,0.427,0.73,0,1,0.401,0.46,0,0.976,,,,,,,,,0.427,0.67,0,0.994,,,,
54808,20130504,-88.37,40.05,0.428,0.56,0,0.85,0.429,0.76,0,1,0.402,0.47,0,0.994,,,,,,,,,0.428,0.68,0,0.994,,,,
54808,20130505,-88.37,40.05,0.427,0.55,0,0.85,0.428,0.75,0,1,0.402,0.47,0,1,,,,,,,,,0.428,0.68,0,0.994,,,,
54808,20130506,-88.37,40.05,0.424,0.53,0,0.85,0.425,0.73,0,1,0.4,0.46,0,1,,,,,,,,,0.425,0.65,0,0.994,,,,
54808,20130507,-88.37,40.05,0.423,0.52,0,0.85,0.425,0.72,0,1,0.399,0.46,0,1,,,,,,,,,0.424,0.64,0,0.994,,,,
54808,20130508,-88.37,40.05,0.423,0.51,0,0.85,0.424,0.71,0,1,0.398,0.46,0,1,,,,,,,,,0.424,0.63,0,0.994,,,,
54808,20130509,-88.37,40.05,0.424,0.51,0,0.796,0.424,0.7,0,1,0.398,0.46,0,1,,,,,,,,,0.424,0.63,0,0.976,,,,
54808,20130510,-88.37,40.05,0.432,0.56,0,0.85,0.427,0.73,0,1,0.4,0.48,0,1,,,,,,,,,0.429,0.66,0,0.964,,,,
54808,20130511,-88.37,40.05,0.435,0.57,0,0.851,0.428,0.73,0,1,0.402,0.51,0,1,,,,,,,,,0.431,0.67,0,0.964,,,,
54808,20130512,-88.37,40.05,0.434,0.56,0,0.851,0.426,0.71,0,1,0.403,0.52,0,1,,,,,,,,,0.43,0.66,0,0.964,,,,
54808,20130513,-88.37,40.05,0.428,0.53,0,0.786,0.423,0.68,0,1,0.402,0.52,0,1,,,,,,,,,0.425,0.62,0,0.935,,,,
54808,20130514,-88.37,40.05,0.419,0.48,0,0.643,0.418,0.64,0,0.935,0.401,0.51,0,0.988,,,,,,,,,0.419,0.57,0,0.792,,,,
54808,20130515,-88.37,40.05,0.408,0.42,0,0.5,0.41,0.58,0,0.792,0.399,0.5,0,0.946,,,,,,,,,0.409,0.51,0,0.649,,,,
54808,20130516,-88.37,40.05,0.396,0.34,0,0.482,0.401,0.5,0,0.649,0.397,0.48,0,0.851,,,,,,,,,0.398,0.43,0,0.524,,,,
54808,20130517,-88.37,40.05,0.372,0.2,0.012,0.363,0.383,0.35,0,0.506,0.39,0.42,0,0.714,,,,,,,,,0.377,0.29,0,0.399,,,,
54808,20130518,-88.37,40.05,0.346,0.06,0.071,0.22,0.363,0.2,0,0.363,0.382,0.35,0,0.571,,,,,,,,,0.355,0.13,0.024,0.256,,,,
54808,20130519,-88.37,40.05,0.323,-0.08,0.208,0.077,0.345,0.06,0.036,0.22,0.373,0.28,0,0.429,,,,,,,,,0.334,-0.01,0.113,0.113,,,,
54808,20130520,-88.37,40.05,0.301,-0.21,0.351,0,0.327,-0.08,0.179,0.077,0.363,0.2,0,0.286,,,,,,,,,0.314,-0.14,0.256,0,,,,
54808,20130521,-88.37,40.05,0.285,-0.29,0.446,0,0.312,-0.2,0.274,0,0.352,0.11,0,0.155,,,,,,,,,0.298,-0.24,0.351,0,,,,
54808,20130522,-88.37,40.05,0.278,-0.32,0.446,0,0.302,-0.26,0.274,0,0.342,0.02,0,0.054,,,,,,,,,0.29,-0.28,0.351,0,,,,
54808,20130523,-88.37,40.05,0.275,-0.33,0.446,0,0.295,-0.31,0.298,0,0.332,-0.06,0,0.006,,,,,,,,,0.285,-0.3,0.351,0,,,,
54808,20130524,-88.37,40.05,0.273,-0.33,0.44,0,0.29,-0.34,0.411,0,0.323,-0.14,0,0,,,,,,,,,0.282,-0.31,0.387,0,,,,
54808,20130525,-88.37,40.05,0.271,-0.32,0.429,0,0.286,-0.36,0.554,0,0.314,-0.22,0.077,0,,,,,,,,,0.278,-0.32,0.488,0,,,,
54808,20130526,-88.37,40.05,0.273,-0.29,0.333,0,0.283,-0.37,0.607,0,0.305,-0.29,0.161,0,,,,,,,,,0.278,-0.31,0.47,0,,,,
54808,20130527,-88.37,40.05,0.281,-0.22,0.19,0,0.286,-0.32,0.464,0,0.301,-0.33,0.238,0,,,,,,,,,0.284,-0.25,0.327,0,,,,
54808,20130528,-88.37,40.05,0.293,-0.13,0.095,0.012,0.299,-0.2,0.369,0.107,0.305,-0.29,0.238,0,,,,,,,,,0.296,-0.15,0.232,0.071,,,,
54808,20130529,-88.37,40.05,0.299,-0.07,0.095,0.012,0.309,-0.11,0.369,0.22,0.31,-0.23,0.238,0,,,,,,,,,0.304,-0.07,0.232,0.089,,,,
54808,20130530,-88.37,40.05,0.305,-0.01,0.095,0.012,0.317,-0.02,0.345,0.238,0.313,-0.19,0.238,0,,,,,,,,,0.311,0,0.232,0.089,,,,
54808,20130531,-88.37,40.05,0.314,0.07,0.089,0.071,0.327,0.08,0.232,0.28,0.317,-0.14,0.238,0,,,,,,,,,0.321,0.08,0.196,0.137,,,,
54808,20130601,-88.37,40.05,0.332,0.2,0.042,0.208,0.347,0.24,0.089,0.423,0.328,-0.03,0.161,0.054,,,,,,,,,0.339,0.23,0.071,0.28,,,,
54808,20130602,-88.37,40.05,0.352,0.34,0,0.347,0.369,0.42,0,0.563,0.347,0.15,0.078,0.192,,,,,,,,,0.36,0.39,0,0.419,,,,
54808,20130603,-88.37,40.05,0.368,0.45,0,0.491,0.385,0.55,0,0.707,0.364,0.3,0,0.335,,,,,,,,,0.376,0.51,0,0.563,,,,
54808,20130604,-88.37,40.05,0.375,0.51,0,0.623,0.389,0.58,0,0.743,0.372,0.38,0,0.479,,,,,,,,,0.382,0.56,0,0.635,,,,
54808,20130605,-88.37,40.05,0.38,0.55,0,0.766,0.392,0.61,0,0.772,0.378,0.45,0,0.623,,,,,,,,,0.386,0.59,0,0.76,,,,
54808,20130606,-88.37,40.05,0.383,0.58,0,0.85,0.395,0.63,0,0.898,0.385,0.51,0,0.766,,,,,,,,,0.389,0.62,0,0.892,,,,
54808,20130607,-88.37,40.05,0.38,0.58,0,0.79,0.395,0.64,0,0.91,0.392,0.58,0,0.904,,,,,,,,,0.388,0.62,0,0.844,,,,
54808,20130608,-88.37,40.05,0.368,0.51,0,0.657,0.385,0.57,0,0.771,0.391,0.58,0,0.928,,,,,,,,,0.376,0.55,0,0.705,,,,
54808,20130609,-88.37,40.05,0.348,0.4,0,0.515,0.369,0.47,0,0.629,0.381,0.49,0,0.784,,,,,,,,,0.359,0.44,0,0.563,,,,
54808,20130610,-88.37,40.05,0.328,0.28,0,0.371,0.353,0.36,0,0.485,0.371,0.42,0,0.641,,,,,,,,,0.34,0.32,0,0.419,,,,
54808,20130611,-88.37,40.05,0.309,0.17,0,0.228,0.337,0.26,0,0.341,0.361,0.34,0,0.497,,,,,,,,,0.323,0.21,0,0.275,,,,
54808,20130612,-88.37,40.05,0.292,0.07,0,0.084,0.322,0.16,0,0.198,0.352,0.27,0,0.353,,,,,,,,,0.307,0.11,0,0.132,,,,
54808,20130613,-88.37,40.05,0.277,-0.02,0,0,0.307,0.07,0,0.054,0.34,0.19,0,0.21,,,,,,,,,0.292,0.02,0,0,,,,
54808,20130614,-88.37,40.05,0.264,-0.1,0,0,0.294,-0.02,0,0,0.328,0.1,0,0.072,,,,,,,,,0.279,-0.06,0,0,,,,
54808,20130615,-88.37,40.05,0.254,-0.16,0,0,0.283,-0.09,0,0,0.316,0.01,0,0,,,,,,,,,0.269,-0.13,0,0,,,,
54808,20130616,-88.37,40.05,0.246,-0.21,0.03,0,0.273,-0.15,0,0,0.304,-0.08,0,0,,,,,,,,,0.259,-0.19,0,0,,,,
54808,20130617,-88.37,40.05,0.242,-0.24,0.03,0,0.266,-0.19,0,0,0.293,-0.15,0,0,,,,,,,,,0.254,-0.22,0,0,,,,
54808,20130618,-88.37,40.05,0.238,-0.25,0.03,0,0.261,-0.23,0,0,0.284,-0.21,0,0,,,,,,,,,0.249,-0.25,0,0,,,,
54808,20130619,-88.37,40.05,0.234,-0.27,0.03,0,0.256,-0.25,0,0,0.276,-0.27,0,0,,,,,,,,,0.245,-0.28,0,0,,,,
54808,20130620,-88.37,40.05,0.231,-0.28,0.03,0,0.252,-0.27,0,0,0.27,-0.31,0.06,0,,,,,,,,,0.241,-0.3,0,0,,,,
54808,20130621,-88.37,40.05,0.228,-0.29,0.065,0,0.25,-0.28,0,0,0.264,-0.35,0.179,0,,,,,,,,,0.239,-0.3,0,0,,,,
54808,20130622,-88.37,40.05,0.227,-0.29,0.107,0,0.249,-0.28,0,0,0.261,-0.37,0.315,0,,,,,,,,,0.238,-0.3,0,0,,,,
54808,20130623,-88.37,40.05,0.24,-0.21,0.077,0.06,0.259,-0.21,0,0.006,0.267,-0.32,0.339,0,,,,,,,,,0.249,-0.22,0,0.03,,,,
54808,20130624,-88.37,40.05,0.251,-0.13,0.077,0.06,0.269,-0.14,0,0.006,0.275,-0.27,0.339,0,,,,,,,,,0.26,-0.14,0,0.03,,,,
54808,20130625,-88.37,40.05,0.26,-0.07,0.077,0.06,0.277,-0.08,0,0.006,0.282,-0.21,0.339,0,,,,,,,,,0.268,-0.08,0,0.03,,,,
54808,20130626,-88.37,40.05,0.279,0.05,0.078,0.132,0.297,0.05,0,0.078,0.298,-0.09,0.341,0.072,,,,,,,,,0.288,0.06,0,0.102,,,,
54808,20130627,-88.37,40.05,0.308,0.23,0.078,0.271,0.323,0.22,0,0.217,0.323,0.1,0.283,0.211,,,,,,,,,0.315,0.24,0,0.241,,,,
54808,20130628,-88.37,40.05,0.335,0.4,0.042,0.412,0.346,0.37,0,0.358,0.346,0.27,0.164,0.352,,,,,,,,,0.341,0.41,0,0.382,,,,
54808,20130629,-88.37,40.05,0.358,0.55,0,0.558,0.367,0.51,0,0.503,0.369,0.45,0.024,0.497,,,,,,,,,0.363,0.56,0,0.527,,,,
54808,20130630,-88.37,40.05,0.371,0.63,0,0.642,0.375,0.57,0,0.642,0.381,0.54,0,0.642,,,,,,,,,0.373,0.63,0,0.642,,,,
54808,20130701,-88.37,40.05,0.384,0.71,0,0.788,0.382,0.62,0,0.788,0.392,0.63,0,0.788,,,,,,,,,0.383,0.7,0,0.788,,,,
54808,20130702,-88.37,40.05,0.396,0.78,0,0.933,0.389,0.67,0,0.921,0.403,0.72,0,0.921,,,,,,,,,0.392,0.77,0,0.933,,,,
54808,20130703,-88.37,40.05,0.396,0.77,0,1,0.383,0.63,0,0.886,0.403,0.73,0,0.97,,,,,,,,,0.389,0.74,0,0.994,,,,
54808,20130704,-88.37,40.05,0.396,0.77,0,1,0.378,0.6,0,0.886,0.396,0.68,0,0.952,,,,,,,,,0.387,0.72,0,0.994,,,,
54808,20130705,-88.37,40.05,0.394,0.75,0,1,0.373,0.56,0,0.839,0.391,0.65,0,0.923,,,,,,,,,0.384,0.69,0,0.994,,,,
54808,20130706,-88.37,40.05,0.395,0.74,0,0.988,0.369,0.53,0,0.714,0.388,0.62,0,0.899,,,,,,,,,0.382,0.67,0,0.964,,,,
54808,20130707,-88.37,40.05,0.389,0.7,0,0.94,0.366,0.51,0,0.571,0.386,0.61,0,0.845,,,,,,,,,0.378,0.64,0,0.833,,,,
54808,20130708,-88.37,40.05,0.38,0.64,0,0.798,0.361,0.48,0,0.429,0.383,0.59,0,0.786,,,,,,,,,0.371,0.59,0,0.69,,,,
54808,20130709,-88.37,40.05,0.372,0.59,0,0.655,0.356,0.44,0,0.298,0.381,0.58,0,0.738,,,,,,,,,0.364,0.54,0,0.548,,,,
54808,20130710,-88.37,40.05,0.363,0.53,0,0.512,0.352,0.41,0,0.256,0.379,0.57,0,0.696,,,,,,,,,0.357,0.5,0,0.411,,,,
54808,20130711,-88.37,40.05,0.353,0.48,0,0.494,0.343,0.36,0,0.119,0.378,0.57,0,0.655,,,,,,,,,0.348,0.44,0,0.321,,,,
54808,20130712,-88.37,40.05,0.344,0.44,0,0.387,0.335,0.31,0,0.024,0.376,0.56,0,0.613,,,,,,,,,0.34,0.4,0,0.179,,,,
54808,20130713,-88.37,40.05,0.334,0.4,0,0.256,0.326,0.26,0,0.006,0.373,0.54,0,0.565,,,,,,,,,0.33,0.35,0,0.065,,,,
54808,20130714,-88.37,40.05,0.323,0.35,0,0.161,0.315,0.19,0,0.006,0.369,0.52,0,0.518,,,,,,,,,0.319,0.29,0,0.054,,,,
54808,20130715,-88.37,40.05,0.313,0.31,0,0.161,0.305,0.14,0,0.006,0.365,0.49,0,0.446,,,,,,,,,0.309,0.24,0,0.054,,,,
54808,20130716,-88.37,40.05,0.303,0.26,0,0.161,0.294,0.08,0,0.006,0.359,0.45,0,0.363,,,,,,,,,0.299,0.18,0,0.054,,,,
54808,20130717,-88.37,40.05,0.293,0.22,0,0.161,0.283,0.01,0,0.006,0.352,0.41,0,0.28,,,,,,,,,0.288,0.13,0,0.054,,,,
54808,20130718,-88.37,40.05,0.276,0.13,0,0.036,0.271,-0.07,0.006,0,0.346,0.37,0,0.214,,,,,,,,,0.273,0.04,0,0,,,,
54808,20130719,-88.37,40.05,0.261,0.05,0,0,0.26,-0.13,0.037,0,0.34,0.32,0,0.152,,,,,,,,,0.261,-0.04,0,0,,,,
54808,20130720,-88.37,40.05,0.247,-0.03,0,0,0.251,-0.19,0.137,0,0.331,0.26,0,0.081,,,,,,,,,0.249,-0.11,0.012,0,,,,
54808,20130721,-88.37,40.05,0.235,-0.1,0,0,0.243,-0.23,0.273,0,0.322,0.19,0,0.037,,,,,,,,,0.239,-0.17,0.025,0,,,,
54808,20130722,-88.37,40.05,0.233,-0.1,0,0.037,0.236,-0.28,0.416,0,0.314,0.13,0.006,0.025,,,,,,,,,0.235,-0.19,0.056,0,,,,
54808,20130723,-88.37,40.05,0.248,0.02,0,0.186,0.231,-0.3,0.565,0,0.308,0.09,0.006,0.025,,,,,,,,,0.24,-0.14,0.056,0,,,,
54808,20130724,-88.37,40.05,0.257,0.09,0,0.273,0.227,-0.33,0.714,0,0.302,0.04,0.006,0.025,,,,,,,,,0.242,-0.11,0.056,0,,,,
54808,20130725,-88.37,40.05,0.255,0.09,0,0.273,0.223,-0.35,0.857,0,0.295,-0.01,0.006,0.006,,,,,,,,,0.239,-0.13,0.056,0,,,,
54808,20130726,-88.37,40.05,0.25,0.08,0,0.267,0.221,-0.35,0.939,0,0.291,-0.04,0.006,0,,,,,,,,,0.235,-0.14,0.103,0,,,,
54808,20130727,-88.37,40.05,0.248,0.07,0,0.262,0.219,-0.35,0.97,0,0.287,-0.05,0.006,0,,,,,,,,,0.233,-0.15,0.214,0,,,,
54808,20130728,-88.37,40.05,0.245,0.07,0.012,0.262,0.217,-0.35,0.982,0,0.285,-0.06,0.018,0,,,,,,,,,0.231,-0.16,0.327,0,,,,
54808,20130729,-88.37,40.05,0.235,0.01,0.095,0.226,0.216,-0.35,0.988,0,0.282,-0.07,0.018,0,,,,,,,,,0.226,-0.2,0.44,0,,,,
54808,20130730,-88.37,40.05,0.21,-0.15,0.143,0.083,0.215,-0.34,0.982,0,0.279,-0.09,0.042,0,,,,,,,,,0.213,-0.29,0.583,0,,,,
54808,20130731,-88.37,40.05,0.208,-0.14,0.161,0.119,0.219,-0.29,0.863,0,0.275,-0.11,0.065,0,,,,,,,,,0.214,-0.26,0.607,0,,,,
54808,20130801,-88.37,40.05,0.217,-0.07,0.161,0.155,0.223,-0.25,0.72,0,0.273,-0.12,0.077,0,,,,,,,,,0.22,-0.2,0.607,0,,,,
54808,20130802,-88.37,40.05,0.222,-0.01,0.161,0.155,0.224,-0.22,0.589,0,0.272,-0.12,0.077,0,,,,,,,,,0.223,-0.16,0.56,0,,,,
54808,20130803,-88.37,40.05,0.225,0.02,0.161,0.155,0.226,-0.2,0.446,0,0.27,-0.13,0.083,0,,,,,,,,,0.226,-0.13,0.435,0,,,,
54808,20130804,-88.37,40.05,0.227,0.04,0.149,0.155,0.227,-0.18,0.339,0,0.27,-0.12,0.071,0,,,,,,,,,0.227,-0.11,0.31,0,,,,
54808,20130805,-88.37,40.05,0.227,0.05,0.065,0.155,0.229,-0.16,0.244,0,0.269,-0.12,0.065,0,,,,,,,,,0.228,-0.09,0.22,0,,,,
54808,20130806,-88.37,40.05,0.227,0.06,0.065,0.155,0.229,-0.15,0.185,0,0.268,-0.12,0.054,0,,,,,,,,,0.228,-0.08,0.214,0,,,,
54808,20130807,-88.37,40.05,0.212,-0.05,0.113,0.036,0.225,-0.18,0.262,0,0.267,-0.11,0.036,0,,,,,,,,,0.218,-0.16,0.31,0,,,,
54808,20130808,-88.37,40.05,0.197,-0.15,0.149,0,0.221,-0.21,0.333,0,0.267,-0.11,0.03,0,,,,,,,,,0.209,-0.22,0.387,0,,,,
54808,20130809,-88.37,40.05,0.187,-0.22,0.202,0,0.219,-0.22,0.381,0,0.265,-0.12,0.06,0,,,,,,,,,0.203,-0.26,0.44,0,,,,
54808,20130810,-88.37,40.05,0.182,-0.24,0.214,0,0.217,-0.23,0.429,0,0.263,-0.13,0.071,0,,,,,,,,,0.199,-0.27,0.464,0,,,,
54808,20130811,-88.37,40.05,0.178,-0.27,0.298,0,0.215,-0.23,0.44,0,0.261,-0.14,0.089,0,,,,,,,,,0.197,-0.28,0.5,0,,,,
54808,20130812,-88.37,40.05,0.175,-0.27,0.381,0,0.214,-0.23,0.458,0,0.258,-0.16,0.125,0,,,,,,,,,0.195,-0.28,0.518,0,,,,
54808,20130813,-88.37,40.05,0.174,-0.28,0.464,0,0.213,-0.22,0.423,0,0.255,-0.17,0.143,0,,,,,,,,,0.193,-0.27,0.476,0,,,,
54808,20130814,-88.37,40.05,0.171,-0.29,0.536,0,0.212,-0.22,0.399,0,0.253,-0.18,0.179,0,,,,,,,,,0.191,-0.26,0.476,0,,,,
54808,20130815,-88.37,40.05,0.169,-0.3,0.643,0,0.21,-0.22,0.446,0,0.25,-0.21,0.238,0,,,,,,,,,0.189,-0.27,0.542,0,,,,
54808,20130816,-88.37,40.05,0.167,-0.3,0.726,0,0.208,-0.23,0.494,0,0.247,-0.23,0.304,0,,,,,,,,,0.187,-0.27,0.607,0,,,,
54808,20130817,-88.37,40.05,0.165,-0.31,0.851,0,0.206,-0.23,0.518,0,0.244,-0.25,0.399,0,,,,,,,,,0.185,-0.27,0.714,0,,,,
54808,20130818,-88.37,40.05,0.163,-0.32,0.905,0,0.204,-0.23,0.56,0,0.241,-0.27,0.488,0,,,,,,,,,0.184,-0.28,0.815,0,,,,
54808,20130819,-88.37,40.05,0.162,-0.32,0.952,0,0.203,-0.23,0.571,0,0.239,-0.29,0.571,0,,,,,,,,,0.182,-0.28,0.869,0,,,,
54808,20130820,-88.37,40.05,0.16,-0.33,0.958,0,0.201,-0.24,0.637,0,0.237,-0.3,0.661,0,,,,,,,,,0.181,-0.28,0.911,0,,,,
54808,20130821,-88.37,40.05,0.16,-0.32,0.964,0,0.2,-0.24,0.643,0,0.235,-0.32,0.72,0,,,,,,,,,0.18,-0.28,0.923,0,,,,
54808,20130822,-88.37,40.05,0.159,-0.32,0.946,0,0.2,-0.24,0.607,0,0.234,-0.32,0.738,0,,,,,,,,,0.179,-0.28,0.917,0,,,,
54808,20130823,-88.37,40.05,0.159,-0.31,0.946,0,0.199,-0.23,0.577,0,0.234,-0.32,0.732,0,,,,,,,,,0.179,-0.28,0.929,0,,,,
54808,20130824,-88.37,40.05,0.158,-0.31,0.946,0,0.199,-0.23,0.56,0,0.233,-0.32,0.708,0,,,,,,,,,0.179,-0.27,0.911,0,,,,
54808,20130825,-88.37,40.05,0.158,-0.31,0.952,0,0.199,-0.22,0.506,0,0.232,-0.32,0.69,0,,,,,,,,,0.179,-0.26,0.893,0,,,,
54808,20130826,-88.37,40.05,0.158,-0.3,0.94,0,0.199,-0.22,0.512,0,0.232,-0.32,0.673,0,,,,,,,,,0.178,-0.26,0.899,0,,,,
54808,20130827,-88.37,40.05,0.158,-0.3,0.935,0,0.198,-0.22,0.482,0,0.232,-0.32,0.643,0,,,,,,,,,0.178,-0.26,0.887,0,,,,
54808,20130828,-88.37,40.05,0.157,-0.29,0.911,0,0.198,-0.22,0.464,0,0.231,-0.32,0.661,0,,,,,,,,,0.178,-0.25,0.875,0,,,,
54808,20130829,-88.37,40.05,0.157,-0.29,0.917,0,0.198,-0.21,0.44,0,0.231,-0.32,0.673,0,,,,,,,,,0.177,-0.24,0.845,0,,,,
54808,20130830,-88.37,40.05,0.157,-0.28,0.899,0,0.197,-0.21,0.417,0,0.23,-0.33,0.696,0,,,,,,,,,0.177,-0.24,0.81,0,,,,
54808,20130831,-88.37,40.05,0.156,-0.28,0.875,0,0.197,-0.21,0.405,0,0.229,-0.34,0.708,0,,,,,,,,,0.176,-0.24,0.792,0,,,,
54808,20130901,-88.37,40.05,0.156,-0.27,0.845,0,0.196,-0.22,0.417,0,0.228,-0.34,0.744,0,,,,,,,,,0.176,-0.24,0.75,0,,,,
54808,20130902,-88.37,40.05,0.155,-0.27,0.839,0,0.195,-0.22,0.393,0,0.227,-0.34,0.75,0,,,,,,,,,0.175,-0.23,0.685,0,,,,
54808,20130903,-88.37,40.05,0.154,-0.27,0.833,0,0.194,-0.22,0.393,0,0.226,-0.35,0.786,0,,,,,,,,,0.174,-0.23,0.643,0,,,,
54808,20130904,-88.37,40.05,0.153,-0.27,0.851,0,0.192,-0.23,0.44,0,0.226,-0.35,0.768,0,,,,,,,,,0.173,-0.24,0.637,0,,,,
54808,20130905,-88.37,40.05,0.153,-0.28,0.851,0,0.191,-0.23,0.494,0,0.224,-0.36,0.804,0,,,,,,,,,0.172,-0.24,0.631,0,,,,
54808,20130906,-88.37,40.05,0.152,-0.28,0.857,0,0.189,-0.24,0.554,0,0.222,-0.37,0.815,0,,,,,,,,,0.171,-0.25,0.613,0,,,,
54808,20130907,-88.37,40.05,0.151,-0.29,0.887,0,0.188,-0.25,0.649,0,0.221,-0.38,0.839,0,,,,,,,,,0.17,-0.26,0.661,0,,,,
54808,20130908,-88.37,40.05,0.15,-0.29,0.893,0,0.187,-0.26,0.732,0,0.22,-0.39,0.851,0,,,,,,,,,0.169,-0.27,0.714,0,,,,
54808,20130909,-88.37,40.05,0.15,-0.3,0.917,0,0.187,-0.27,0.792,0,0.219,-0.39,0.857,0,,,,,,,,,0.168,-0.27,0.786,0,,,,
54808,20130910,-88.37,40.05,0.149,-0.3,0.935,0,0.187,-0.28,0.845,0,0.218,-0.4,0.869,0,,,,,,,,,0.168,-0.28,0.839,0,,,,
54808,20130911,-88.37,40.05,0.149,-0.31,0.94,0,0.187,-0.29,0.863,0,0.218,-0.41,0.911,0,,,,,,,,,0.168,-0.3,0.869,0,,,,
54808,20130912,-88.37,40.05,0.149,-0.32,0.952,0,0.186,-0.3,0.893,0,0.217,-0.41,0.917,0,,,,,,,,,0.168,-0.31,0.911,0,,,,
54808,20130913,-88.37,40.05,0.149,-0.34,0.97,0,0.186,-0.32,0.935,0,0.217,-0.41,0.929,0,,,,,,,,,0.167,-0.34,0.976,0,,,,
54808,20130914,-88.37,40.05,0.148,-0.36,0.97,0,0.184,-0.34,0.94,0,0.216,-0.42,0.946,0,,,,,,,,,0.166,-0.37,0.976,0,,,,
54808,20130915,-88.37,40.05,0.147,-0.39,0.994,0,0.183,-0.37,0.952,0,0.214,-0.44,0.952,0,,,,,,,,,0.165,-0.4,0.988,0,,,,
54808,20130916,-88.37,40.05,0.145,-0.43,1,0,0.181,-0.39,0.976,0,0.212,-0.45,0.982,0,,,,,,,,,0.163,-0.44,0.994,0,,,,
54808,20130917,-88.37,40.05,0.144,-0.46,1,0,0.18,-0.42,0.988,0,0.211,-0.47,0.988,0,,,,,,,,,0.162,-0.48,1,0,,,,
54808,20130918,-88.37,40.05,0.142,-0.49,1,0,0.178,-0.45,1,0,0.208,-0.49,0.988,0,,,,,,,,,0.16,-0.51,1,0,,,,
54808,20130919,-88.37,40.05,0.141,-0.52,1,0,0.177,-0.46,1,0,0.207,-0.5,0.994,0,,,,,,,,,0.159,-0.54,1,0,,,,
54808,20130920,-88.37,40.05,0.141,-0.54,1,0,0.176,-0.47,1,0,0.206,-0.52,1,0,,,,,,,,,0.159,-0.55,1,0,,,,
54808,20130921,-88.37,40.05,0.142,-0.55,1,0,0.176,-0.48,1,0,0.205,-0.53,1,0,,,,,,,,,0.159,-0.56,1,0,,,,
54808,20130922,-88.37,40.05,0.142,-0.56,1,0,0.176,-0.49,1,0,0.205,-0.53,1,0,,,,,,,,,0.159,-0.56,1,0,,,,
54808,20130923,-88.37,40.05,0.143,-0.56,1,0,0.176,-0.5,1,0,0.206,-0.54,1,0,,,,,,,,,0.159,-0.57,1,0,,,,
54808,20130924,-88.37,40.05,0.143,-0.56,1,0,0.176,-0.5,1,0,0.205,-0.56,1,0,,,,,,,,,0.159,-0.57,1,0,,,,
54808,20130925,-88.37,40.05,0.143,-0.56,1,0,0.176,-0.51,1,0,0.205,-0.57,1,0,,,,,,,,,0.16,-0.58,1,0,,,,
54808,20130926,-88.37,40.05,0.143,-0.57,1,0,0.176,-0.52,1,0,0.205,-0.59,1,0,,,,,,,,,0.159,-0.59,1,0,,,,
54808,20130927,-88.37,40.05,0.142,-0.58,1,0,0.175,-0.54,1,0,0.204,-0.61,1,0,,,,,,,,,0.159,-0.61,1,0,,,,
54808,20130928,-88.37,40.05,0.142,-0.59,1,0,0.174,-0.56,1,0,0.203,-0.63,1,0,,,,,,,,,0.158,-0.63,1,0,,,,
54808,20130929,-88.37,40.05,0.141,-0.6,1,0,0.174,-0.58,1,0,0.203,-0.66,1,0,,,,,,,,,0.158,-0.65,1,0,,,,
54808,20130930,-88.37,40.05,0.14,-0.62,1,0,0.174,-0.6,1,0,0.202,-0.68,1,0,,,,,,,,,0.157,-0.67,1,0,,,,
54808,20131001,-88.37,40.05,0.14,-0.62,1,0,0.173,-0.62,1,0,0.203,-0.7,1,0,,,,,,,,,0.157,-0.68,1,0,,,,
54808,20131002,-88.37,40.05,0.14,-0.62,1,0,0.173,-0.64,1,0,0.202,-0.73,1,0,,,,,,,,,0.157,-0.69,1,0,,,,
54808,20131003,-88.37,40.05,0.14,-0.63,1,0,0.173,-0.66,1,0,0.202,-0.76,1,0,,,,,,,,,0.157,-0.7,1,0,,,,
54808,20131004,-88.37,40.05,0.141,-0.62,1,0,0.174,-0.68,1,0,0.202,-0.78,1,0,,,,,,,,,0.157,-0.7,1,0,,,,
54808,20131005,-88.37,40.05,0.142,-0.61,1,0,0.174,-0.69,1,0,0.203,-0.79,1,0,,,,,,,,,0.158,-0.7,1,0,,,,
54808,20131006,-88.37,40.05,0.144,-0.59,1,0,0.176,-0.69,1,0,0.203,-0.81,1,0,,,,,,,,,0.16,-0.69,1,0,,,,
54808,20131007,-88.37,40.05,0.146,-0.57,1,0,0.177,-0.69,1,0,0.204,-0.81,1,0,,,,,,,,,0.162,-0.68,1,0,,,,
54808,20131008,-88.37,40.05,0.148,-0.56,1,0,0.178,-0.69,1,0,0.204,-0.83,1,0,,,,,,,,,0.163,-0.68,1,0,,,,
54808,20131009,-88.37,40.05,0.15,-0.55,1,0,0.178,-0.69,1,0,0.204,-0.84,1,0,,,,,,,,,0.164,-0.67,1,0,,,,
54808,20131010,-88.37,40.05,0.152,-0.53,1,0,0.179,-0.69,1,0,0.204,-0.85,1,0,,,,,,,,,0.166,-0.67,1,0,,,,
54808,20131011,-88.37,40.05,0.154,-0.52,1,0,0.179,-0.69,1,0,0.204,-0.85,1,0,,,,,,,,,0.166,-0.67,1,0,,,,
54808,20131012,-88.37,40.05,0.154,-0.53,1,0,0.179,-0.7,1,0,0.204,-0.87,1,0,,,,,,,,,0.166,-0.68,1,0,,,,
54808,20131013,-88.37,40.05,0.153,-0.54,1,0,0.177,-0.72,1,0,0.203,-0.88,1,0,,,,,,,,,0.165,-0.7,1,0,,,,
54808,20131014,-88.37,40.05,0.152,-0.55,1,0,0.176,-0.73,1,0,0.203,-0.89,1,0,,,,,,,,,0.164,-0.72,1,0,,,,
54808,20131015,-88.37,40.05,0.151,-0.56,1,0,0.175,-0.74,1,0,0.202,-0.89,1,0,,,,,,,,,0.163,-0.73,1,0,,,,
54808,20131016,-88.37,40.05,0.149,-0.57,1,0,0.174,-0.75,1,0,0.202,-0.9,1,0,,,,,,,,,0.162,-0.75,1,0,,,,
54808,20131017,-88.37,40.05,0.147,-0.59,1,0,0.173,-0.77,1,0,0.202,-0.91,1,0,,,,,,,,,0.16,-0.76,1,0,,,,
54808,20131018,-88.37,40.05,0.144,-0.61,1,0,0.172,-0.79,1,0,0.2,-0.93,1,0,,,,,,,,,0.158,-0.78,1,0,,,,
54808,20131019,-88.37,40.05,0.145,-0.63,0.976,0,0.172,-0.79,0.976,0,0.199,-0.95,1,0,,,,,,,,,0.158,-0.78,0.976,0,,,,
54808,20131020,-88.37,40.05,0.152,-0.6,0.917,0,0.178,-0.75,0.946,0,0.198,-0.96,1,0,,,,,,,,,0.165,-0.73,0.929,0,,,,
54808,20131021,-88.37,40.05,0.158,-0.6,0.917,0,0.183,-0.72,0.946,0,0.196,-0.98,1,0,,,,,,,,,0.171,-0.7,0.929,0,,,,
54808,20131022,-88.37,40.05,0.162,-0.62,0.917,0,0.186,-0.71,0.946,0,0.195,-0.99,1,0,,,,,,,,,0.174,-0.7,0.929,0,,,,
54808,20131023,-88.37,40.05,0.176,-0.57,0.821,0,0.191,-0.69,0.946,0,0.194,-1.01,1,0,,,,,,,,,0.183,-0.66,0.863,0,,,,
54808,20131024,-88.37,40.05,0.195,-0.48,0.679,0,0.196,-0.67,0.946,0,0.193,-1.02,1,0,,,,,,,,,0.196,-0.6,0.75,0,,,,
54808,20131025,-88.37,40.05,0.21,-0.42,0.536,0,0.201,-0.66,0.946,0,0.192,-1.04,1,0,,,,,,,,,0.205,-0.55,0.75,0,,,,
54808,20131026,-88.37,40.05,0.222,-0.38,0.464,0,0.202,-0.67,0.97,0,0.191,-1.05,1,0,,,,,,,,,0.212,-0.53,0.774,0,,,,
54808,20131027,-88.37,40.05,0.224,-0.39,0.524,0,0.198,-0.74,1,0,0.19,-1.06,1,0,,,,,,,,,0.211,-0.57,0.821,0,,,,
54808,20131028,-88.37,40.05,0.227,-0.4,0.524,0,0.194,-0.8,1,0,0.19,-1.06,1,0,,,,,,,,,0.211,-0.6,0.821,0,,,,
54808,20131029,-88.37,40.05,0.23,-0.4,0.524,0,0.193,-0.85,1,0,0.189,-1.07,1,0,,,,,,,,,0.211,-0.61,0.821,0,,,,
54808,20131030,-88.37,40.05,0.222,-0.48,0.619,0,0.189,-0.92,1,0,0.189,-1.08,1,0,,,,,,,,,0.206,-0.68,0.887,0,,,,
54808,20131031,-88.37,40.05,0.215,-0.55,0.726,0.012,0.189,-0.96,0.976,0,0.19,-1.08,1,0,,,,,,,,,0.202,-0.72,0.97,0,,,,
54808,20131101,-88.37,40.05,0.232,-0.45,0.726,0.131,0.203,-0.88,0.833,0,0.192,-1.07,1,0,,,,,,,,,0.218,-0.63,0.827,0.006,,,,
54808,20131102,-88.37,40.05,0.248,-0.37,0.679,0.161,0.215,-0.81,0.714,0,0.194,-1.07,1,0,,,,,,,,,0.231,-0.55,0.685,0.006,,,,
54808,20131103,-88.37,40.05,0.261,-0.3,0.536,0.161,0.226,-0.75,0.69,0,0.196,-1.05,1,0,,,,,,,,,0.243,-0.48,0.542,0.006,,,,
54808,20131104,-88.37,40.05,0.275,-0.22,0.393,0.161,0.236,-0.7,0.69,0,0.197,-1.05,1,0,,,,,,,,,0.255,-0.42,0.399,0.006,,,,
54808,20131105,-88.37,40.05,0.29,-0.14,0.25,0.161,0.245,-0.65,0.69,0,0.199,-1.03,1,0,,,,,,,,,0.268,-0.35,0.256,0.006,,,,
54808,20131106,-88.37,40.05,0.306,-0.05,0.107,0.161,0.255,-0.6,0.69,0,0.201,-1.02,1,0,,,,,,,,,0.28,-0.28,0.131,0.006,,,,
54808,20131107,-88.37,40.05,0.327,0.08,0,0.262,0.262,-0.56,0.708,0,0.203,-1.02,1,0,,,,,,,,,0.294,-0.19,0.024,0.006,,,,
54808,20131108,-88.37,40.05,0.324,0.05,0,0.18,0.257,-0.62,0.85,0,0.204,-1.04,1,0,,,,,,,,,0.291,-0.24,0.024,0,,,,
54808,20131109,-88.37,40.05,0.322,0.03,0,0.15,0.254,-0.67,0.97,0,0.204,-1.06,1,0,,,,,,,,,0.288,-0.29,0.024,0,,,,
54808,20131110,-88.37,40.05,0.323,0.01,0,0.15,0.253,-0.71,0.994,0,0.204,-1.1,1,0,,,,,,,,,0.288,-0.32,0.066,0,,,,
54808,20131111,-88.37,40.05,0.323,0,0,0.15,0.252,-0.75,0.994,0,0.204,-1.14,1,0,,,,,,,,,0.288,-0.35,0.192,0,,,,
54808,20131112,-88.37,40.05,0.324,-0.02,0.006,0.15,0.251,-0.78,0.994,0,0.205,-1.18,1,0,,,,,,,,,0.288,-0.38,0.335,0,,,,
54808,20131113,-88.37,40.05,0.329,0,0.006,0.15,0.251,-0.81,0.994,0,0.205,-1.23,1,0,,,,,,,,,0.29,-0.38,0.395,0,,,,
54808,20131114,-88.37,40.05,0.322,-0.07,0.006,0.036,0.248,-0.86,1,0,0.204,-1.28,1,0,,,,,,,,,0.285,-0.45,0.521,0,,,,
54808,20131115,-88.37,40.05,0.318,-0.12,0.006,0,0.246,-0.9,1,0,0.203,-1.31,1,0,,,,,,,,,0.282,-0.5,0.663,0,,,,
54808,20131116,-88.37,40.05,0.315,-0.16,0.006,0,0.244,-0.93,1,0,0.203,-1.34,1,0,,,,,,,,,0.28,-0.54,0.807,0,,,,
54808,20131117,-88.37,40.05,0.314,-0.19,0.012,0,0.244,-0.95,1,0,0.204,-1.35,1,0,,,,,,,,,0.279,-0.57,0.91,0,,,,
54808,20131118,-88.37,40.05,0.314,-0.2,0.03,0,0.244,-0.96,1,0,0.205,-1.34,1,0,,,,,,,,,0.279,-0.59,0.928,0,,,,
54808,20131119,-88.37,40.05,0.313,-0.23,0.145,0,0.244,-0.97,1,0,0.206,-1.34,1,0,,,,,,,,,0.278,-0.61,0.928,0,,,,
54808,20131120,-88.37,40.05,0.306,-0.31,0.289,0,0.243,-0.99,1,0,0.207,-1.34,1,0,,,,,,,,,0.275,-0.67,0.994,0,,,,
54808,20131121,-88.37,40.05,0.3,-0.39,0.429,0,0.243,-1,1,0,0.207,-1.34,1,0,,,,,,,,,0.271,-0.71,1,0,,,,
54808,20131122,-88.37,40.05,0.305,-0.35,0.464,0.071,0.251,-0.94,0.899,0,0.211,-1.32,1,0,,,,,,,,,0.278,-0.67,0.899,0,,,,
54808,20131123,-88.37,40.05,0.313,-0.29,0.464,0.113,0.26,-0.86,0.756,0,0.216,-1.28,1,0,,,,,,,,,0.287,-0.59,0.756,0,,,,
54808,20131124,-88.37,40.05,0.32,-0.25,0.461,0.114,0.269,-0.8,0.631,0,0.22,-1.27,1,0,,,,,,,,,0.294,-0.54,0.617,0,,,,
54808,20131125,-88.37,40.05,0.322,-0.24,0.517,0.133,0.276,-0.76,0.565,0,0.222,-1.27,1,0,,,,,,,,,0.297,-0.52,0.552,0,,,,
54808,20131126,-88.37,40.05,,,,,0.283,-0.71,0.554,0,0.224,-1.28,1,0,,,,,,,,,,,,,,,,
54808,20131127,-88.37,40.05,,,,,0.29,-0.66,0.542,0,0.226,-1.28,1,0,,,,,,,,,,,,,,,,
54808,20131128,-88.37,40.05,,,,,0.297,-0.61,0.542,0,0.228,-1.3,1,0,,,,,,,,,,,,,,,,
54808,20131129,-88.37,40.05,,,,,0.297,-0.63,0.597,0,0.227,-1.36,1,0,,,,,,,,,,,,,,,,
54808,20131130,-88.37,40.05,,,,,,,,,0.225,-1.43,1,0,,,,,,,,,,,,,,,,
54808,20131201,-88.37,40.05,,,,,,,,,0.223,-1.5,1,0,,,,,,,,,,,,,,,,
54808,20131202,-88.37,40.05,,,,,,,,,0.222,-1.56,1,0,,,,,,,,,,,,,,,,
54808,20131203,-88.37,40.05,,,,,,,,,0.222,-1.63,1,0,,,,,,,,,,,,,,,,
54808,20131204,-88.37,40.05,,,,,,,,,0.223,-1.7,1,0,,,,,,,,,,,,,,,,
54808,20131205,-88.37,40.05,,,,,,,,,0.225,-1.74,1,0,,,,,,,,,,,,,,,,
54808,20131206,-88.37,40.05,,,,,,,,,0.227,-1.76,1,0,,,,,,,,,,,,,,,,
54808,20131207,-88.37,40.05,,,,,0.28,-1.15,1,0,0.228,-1.8,1,0,,,,,,,,,,,,,,,,
54808,20131208,-88.37,40.05,,,,,0.28,-1.18,1,0,0.229,-1.85,1,0,,,,,,,,,,,,,,,,
54808,20131209,-88.37,40.05,,,,,,,,,0.229,-1.9,1,0,,,,,,,,,,,,,,,,
54808,20131210,-88.37,40.05,,,,,,,,,0.23,-1.93,1,0,,,,,,,,,,,,,,,,
54808,20131211,-88.37,40.05,,,,,,,,,0.232,-1.95,1,0,,,,,,,,,,,,,,,,
54808,20131212,-88.37,40.05,,,,,,,,,0.232,-2,1,0,,,,,,,,,,,,,,,,
54808,20131213,-88.37,40.05,,,,,,,,,0.231,-2.06,1,0,,,,,,,,,,,,,,,,
54808,20131214,-88.37,40.05,,,,,,,,,0.231,-2.09,1,0,,,,,,,,,,,,,,,,
54808,20131215,-88.37,40.05,,,,,,,,,,,,,,,,,,,,,,,,,,,,
54808,20131216,-88.37,40.05,,,,,,,,,,,,,,,,,,,,,,,,,,,,
54808,20131217,-88.37,40.05,,,,,,,,,,,,,,,,,,,,,,,,,,,,
54808,20131218,-88.37,40.05,,,,,,,,,,,,,,,,,,,,,,,,,,,,
54808,20131219,-88.37,40.05,,,,,,,,,,,,,,,,,,,,,,,,,,,,
54808,20131220,-88.37,40.05,,,,,,,,,,,,,,,,,,,,,,,,,,,,
54808,20131221,-88.37,40.05,,,,,,,,,0.242,-2.33,1,0,,,,,,,,,,,,,,,,
54808,20131222,-88.37,40.05,,,,,,,,,0.259,-2.02,0.893,0.036,,,,,,,,,,,,,,,,
54808,20131223,-88.37,40.05,,,,,,,,,0.277,-1.72,0.798,0.065,,,,,,,,,,,,,,,,
54808,20131224,-88.37,40.05,,,,,,,,,0.295,-1.4,0.69,0.101,,,,,,,,,,,,,,,,
54808,20131225,-88.37,40.05,,,,,,,,,0.31,-1.12,0.619,0.107,,,,,,,,,,,,,,,,
54808,20131226,-88.37,40.05,,,,,,,,,0.325,-0.85,0.554,0.119,,,,,,,,,,,,,,,,
54808,20131227,-88.37,40.05,,,,,,,,,0.34,-0.58,0.506,0.131,,,,,,,,,,,,,,,,
54808,20131228,-88.37,40.05,,,,,,,,,0.35,-0.41,0.464,0.149,,,,,,,,,,,,,,,,
54808,20131229,-88.37,40.05,,,,,,,,,0.347,-0.49,0.536,0.113,,,,,,,,,,,,,,,,
54808,20131230,-88.37,40.05,,,,,,,,,0.344,-0.56,0.601,0.089,,,,,,,,,,,,,,,,
54808,20131231,-88.37,40.05,,,,,,,,,0.341,-0.63,0.667,0.071,,,,,,,,,,,,,,,,
54808,20140101,-88.37,40.05,,,,,,,,,0.341,-0.65,0.692,0.082,,,,,,,,,,,,,,,,
54808,20140102,-88.37,40.05,,,,,,,,,,,,,,,,,,,,,,,,,,,,
54808,20140103,-88.37,40.05,,,,,,,,,,,,,,,,,,,,,,,,,,,,
54808,20140104,-88.37,40.05,,,,,,,,,,,,,,,,,,,,,,,,,,,,
54808,20140105,-88.37,40.05,,,,,,,,,,,,,,,,,,,,,,,,,,,,
54808,20140106,-88.37,40.05,,,,,,,,,,,,,,,,,,,,,,,,,,,,
54808,20140107,-88.37,40.05,,,,,,,,,,,,,,,,,,,,,,,,,,,,
54808,20140108,-88.37,40.05,,,,,,,,,,,,,,,,,,,,,,,,,,,,
54808,20140109,-88.37,40.05,,,,,,,,,,,,,,,,,,,,,,,,,,,,
54808,20140110,-88.37,40.05,,,,,,,,,,,,,,,,,,,,,,,,,,,,
54808,20140111,-88.37,40.05,,,,,,,,,,,,,,,,,,,,,,,,,,,,
54808,20140112,-88.37,40.05,,,,,,,,,,,,,,,,,,,,,,,,,,,,
54808,20140113,-88.37,40.05,,,,,,,,,,,,,,,,,,,,,,,,,,,,
54808,20140114,-88.37,40.05,,,,,,,,,,,,,,,,,,,,,,,,,,,,
54808,20140115,-88.37,40.05,,,,,,,,,,,,,,,,,,,,,,,,,,,,
54808,20140116,-88.37,40.05,,,,,,,,,,,,,,,,,,,,,,,,,,,,
54808,20140117,-88.37,40.05,,,,,,,,,,,,,,,,,,,,,,,,,,,,
54808,20140118,-88.37,40.05,,,,,,,,,,,,,,,,,,,,,,,,,,,,
54808,20140119,-88.37,40.05,,,,,,,,,,,,,,,,,,,,,,,,,,,,
54808,20140120,-88.37,40.05,,,,,,,,,,,,,,,,,,,,,,,,,,,,
54808,20140121,-88.37,40.05,,,,,,,,,,,,,,,,,,,,,,,,,,,,
54808,20140122,-88.37,40.05,,,,,,,,,,,,,,,,,,,,,,,,,,,,
54808,20140123,-88.37,40.05,,,,,,,,,,,,,,,,,,,,,,,,,,,,
54808,20140124,-88.37,40.05,,,,,,,,,,,,,,,,,,,,,,,,,,,,
54808,20140125,-88.37,40.05,,,,,,,,,,,,,,,,,,,,,,,,,,,,
54808,20140126,-88.37,40.05,,,,,,,,,,,,,,,,,,,,,,,,,,,,
54808,20140127,-88.37,40.05,,,,,,,,,,,,,,,,,,,,,,,,,,,,
54808,20140128,-88.37,40.05,,,,,,,,,,,,,,,,,,,,,,,,,,,,
54808,20140129,-88.37,40.05,,,,,,,,,,,,,,,,,,,,,,,,,,,,
54808,20140130,-88.37,40.05,,,,,,,,,,,,,,,,,,,,,,,,,,,,
54808,20140131,-88.37,40.05,,,,,,,,,,,,,,,,,,,,,,,,,,,,
54808,20140201,-88.37,40.05,,,,,,,,,,,,,,,,,,,,,,,,,,,,
54808,20140202,-88.37,40.05,,,,,,,,,,,,,,,,,,,,,,,,,,,,
54808,20140203,-88.37,40.05,,,,,,,,,,,,,,,,,,,,,,,,,,,,
54808,20140204,-88.37,40.05,,,,,,,,,,,,,,,,,,,,,,,,,,,,
54808,20140205,-88.37,40.05,,,,,,,,,,,,,,,,,,,,,,,,,,,,
54808,20140206,-88.37,40.05,,,,,,,,,,,,,,,,,,,,,,,,,,,,
54808,20140207,-88.37,40.05,,,,,,,,,,,,,,,,,,,,,,,,,,,,
54808,20140208,-88.37,40.05,,,,,,,,,,,,,,,,,,,,,,,,,,,,
54808,20140209,-88.37,40.05,,,,,,,,,,,,,,,,,,,,,,,,,,,,
54808,20140210,-88.37,40.05,,,,,,,,,,,,,,,,,,,,,,,,,,,,
54808,20140211,-88.37,40.05,,,,,,,,,,,,,,,,,,,,,,,,,,,,
54808,20140212,-88.37,40.05,,,,,,,,,,,,,,,,,,,,,,,,,,,,
54808,20140213,-88.37,40.05,,,,,,,,,,,,,,,,,,,,,,,,,,,,
54808,20140214,-88.37,40.05,,,,,,,,,,,,,,,,,,,,,,,,,,,,
54808,20140215,-88.37,40.05,,,,,,,,,,,,,,,,,,,,,,,,,,,,
54808,20140216,-88.37,40.05,,,,,,,,,,,,,,,,,,,,,,,,,,,,
54808,20140217,-88.37,40.05,,,,,,,,,,,,,,,,,,,,,,,,,,,,
54808,20140218,-88.37,40.05,,,,,,,,,,,,,,,,,,,,,,,,,,,,
54808,20140219,-88.37,40.05,,,,,,,,,,,,,,,,,,,,,,,,,,,,
54808,20140220,-88.37,40.05,,,,,,,,,,,,,,,,,,,,,,,,,,,,
54808,20140221,-88.37,40.05,,,,,,,,,,,,,,,,,,,,,,,,,,,,
54808,20140222,-88.37,40.05,,,,,,,,,,,,,,,,,,,,,,,,,,,,
54808,20140223,-88.37,40.05,,,,,,,,,,,,,,,,,,,,,,,,,,,,
54808,20140224,-88.37,40.05,,,,,,,,,,,,,,,,,,,,,,,,,,,,
54808,20140225,-88.37,40.05,,,,,,,,,,,,,,,,,,,,,,,,,,,,
54808,20140226,-88.37,40.05,,,,,,,,,,,,,,,,,,,,,,,,,,,,
54808,20140227,-88.37,40.05,,,,,,,,,,,,,,,,,,,,,,,,,,,,
54808,20140228,-88.37,40.05,,,,,,,,,,,,,,,,,,,,,,,,,,,,
54808,20140301,-88.37,40.05,,,,,,,,,,,,,,,,,,,,,,,,,,,,
54808,20140302,-88.37,40.05,,,,,,,,,,,,,,,,,,,,,,,,,,,,
54808,20140303,-88.37,40.05,,,,,,,,,,,,,,,,,,,,,,,,,,,,
54808,20140304,-88.37,40.05,,,,,,,,,,,,,,,,,,,,,,,,,,,,
54808,20140305,-88.37,40.05,,,,,,,,,,,,,,,,,,,,,,,,,,,,
54808,20140306,-88.37,40.05,,,,,,,,,,,,,,,,,,,,,,,,,,,,
54808,20140307,-88.37,40.05,,,,,,,,,,,,,,,,,,,,,,,,,,,,
54808,20140308,-88.37,40.05,,,,,,,,,,,,,,,,,,,,,,,,,,,,
54808,20140309,-88.37,40.05,,,,,,,,,,,,,,,,,,,,,,,,,,,,
54808,20140310,-88.37,40.05,,,,,,,,,,,,,,,,,,,,,,,,,,,,
54808,20140311,-88.37,40.05,,,,,,,,,,,,,,,,,,,,,,,,,,,,
54808,20140312,-88.37,40.05,,,,,,,,,,,,,,,,,,,,,,,,,,,,
54808,20140313,-88.37,40.05,,,,,,,,,,,,,,,,,,,,,,,,,,,,
54808,20140314,-88.37,40.05,,,,,,,,,,,,,,,,,,,,,,,,,,,,
54808,20140315,-88.37,40.05,,,,,,,,,,,,,,,,,,,,,,,,,,,,
54808,20140316,-88.37,40.05,,,,,,,,,,,,,,,,,,,,,,,,,,,,
54808,20140317,-88.37,40.05,,,,,,,,,,,,,,,,,,,,,,,,,,,,
54808,20140318,-88.37,40.05,,,,,,,,,,,,,,,,,,,,,,,,,,,,
54808,20140319,-88.37,40.05,,,,,,,,,,,,,,,,,,,,,,,,,,,,
54808,20140320,-88.37,40.05,,,,,,,,,,,,,,,,,,,,,,,,,,,,
54808,20140321,-88.37,40.05,,,,,,,,,,,,,,,,,,,,,,,,,,,,
54808,20140322,-88.37,40.05,,,,,,,,,,,,,,,,,,,,,,,,,,,,
54808,20140323,-88.37,40.05,,,,,,,,,,,,,,,,,,,,,,,,,,,,
54808,20140324,-88.37,40.05,0.374,-0.23,0.283,0,0.347,-0.63,0.799,0,,,,,,,,,,,,,,,,,,,,
54808,20140325,-88.37,40.05,0.37,-0.27,0.372,0,0.345,-0.68,0.832,0,0.359,-0.62,0.745,0.076,,,,,,,,,0.357,-0.47,0.61,0,,,,
54808,20140326,-88.37,40.05,0.367,-0.33,0.477,0,0.341,-0.74,0.881,0,0.357,-0.68,0.774,0.065,,,,,,,,,0.354,-0.52,0.71,0,,,,
54808,20140327,-88.37,40.05,0.363,-0.39,0.576,0,0.337,-0.82,0.94,0,0.354,-0.74,0.827,0.048,,,,,,,,,0.35,-0.59,0.821,0,,,,
54808,20140328,-88.37,40.05,0.366,-0.32,0.539,0.026,0.339,-0.77,0.857,0,0.355,-0.72,0.798,0.054,,,,,,,,,0.353,-0.53,0.76,0,,,,
54808,20140329,-88.37,40.05,0.368,-0.27,0.526,0.039,0.341,-0.72,0.81,0,0.356,-0.66,0.738,0.06,,,,,,,,,0.355,-0.47,0.649,0,,,,
54808,20140330,-88.37,40.05,0.369,-0.23,0.468,0.039,0.343,-0.69,0.78,0,0.357,-0.61,0.702,0.083,,,,,,,,,0.357,-0.44,0.565,0,,,,
54808,20140331,-88.37,40.05,0.372,-0.17,0.338,0.039,0.344,-0.65,0.774,0,0.358,-0.56,0.679,0.095,,,,,,,,,0.359,-0.38,0.455,0,,,,
54808,20140401,-88.37,40.05,0.374,-0.11,0.212,0.038,0.346,-0.61,0.768,0,0.36,-0.49,0.607,0.101,,,,,,,,,0.361,-0.33,0.359,0,,,,
54808,20140402,-88.37,40.05,0.374,-0.09,0.123,0.037,0.347,-0.58,0.768,0,0.363,-0.4,0.548,0.131,,,,,,,,,0.361,-0.31,0.346,0,,,,
54808,20140403,-88.37,40.05,0.38,0.02,0.03,0.125,0.353,-0.44,0.667,0.024,0.366,-0.3,0.47,0.143,,,,,,,,,0.367,-0.19,0.25,0.071,,,,
54808,20140404,-88.37,40.05,0.383,0.06,0.03,0.238,0.355,-0.38,0.643,0.065,0.369,-0.2,0.411,0.202,,,,,,,,,0.369,-0.14,0.25,0.173,,,,
54808,20140405,-88.37,40.05,0.384,0.08,0.03,0.292,0.356,-0.34,0.571,0.077,0.371,-0.15,0.363,0.226,,,,,,,,,0.37,-0.1,0.25,0.202,,,,
54808,20140406,-88.37,40.05,0.385,0.12,0.018,0.304,0.357,-0.31,0.488,0.077,0.371,-0.14,0.321,0.202,,,,,,,,,0.371,-0.06,0.214,0.208,,,,
54808,20140407,-88.37,40.05,0.385,0.13,0.018,0.304,0.357,-0.27,0.381,0.077,0.372,-0.1,0.25,0.214,,,,,,,,,0.371,-0.04,0.179,0.208,,,,
54808,20140408,-88.37,40.05,0.389,0.19,0.018,0.393,0.36,-0.18,0.274,0.101,0.373,-0.06,0.214,0.208,,,,,,,,,0.375,0.04,0.131,0.262,,,,
54808,20140409,-88.37,40.05,0.395,0.26,0,0.47,0.365,-0.07,0.131,0.107,0.373,-0.02,0.149,0.208,,,,,,,,,0.38,0.13,0.024,0.274,,,,
54808,20140410,-88.37,40.05,0.391,0.23,0,0.387,0.362,-0.08,0.089,0.083,0.374,-0.01,0.107,0.202,,,,,,,,,0.377,0.11,0,0.202,,,,
54808,20140411,-88.37,40.05,0.384,0.16,0,0.25,0.356,-0.14,0.089,0.042,0.371,-0.06,0.101,0.143,,,,,,,,,0.37,0.04,0,0.101,,,,
54808,20140412,-88.37,40.05,0.375,0.09,0,0.185,0.351,-0.17,0.089,0.03,0.368,-0.09,0.101,0.113,,,,,,,,,0.363,-0.01,0,0.071,,,,
54808,20140413,-88.37,40.05,0.365,0.02,0.018,0.173,0.346,-0.2,0.095,0.03,0.368,-0.07,0.071,0.113,,,,,,,,,0.356,-0.07,0.042,0.065,,,,
54808,20140414,-88.37,40.05,0.355,-0.05,0.071,0.173,0.342,-0.21,0.089,0.03,0.368,-0.04,0.054,0.125,,,,,,,,,0.348,-0.12,0.107,0.065,,,,
54808,20140415,-88.37,40.05,0.347,-0.11,0.071,0.083,0.334,-0.27,0.107,0.006,0.368,-0.03,0.03,0.137,,,,,,,,,0.34,-0.18,0.125,0.012,,,,
54808,20140416,-88.37,40.05,0.342,-0.14,0.071,0.006,0.326,-0.33,0.119,0,0.366,-0.04,0.024,0.113,,,,,,,,,0.334,-0.22,0.125,0,,,,
54808,20140417,-88.37,40.05,0.337,-0.16,0.071,0,0.321,-0.36,0.125,0,0.365,-0.04,0.018,0.125,,,,,,,,,0.329,-0.25,0.125,0,,,,
54808,20140418,-88.37,40.05,0.332,-0.19,0.071,0,0.316,-0.39,0.179,0,0.364,-0.03,0.018,0.137,,,,,,,,,0.324,-0.28,0.125,0,,,,
54808,20140419,-88.37,40.05,0.326,-0.22,0.071,0,0.311,-0.42,0.28,0,0.363,-0.02,0.006,0.137,,,,,,,,,0.319,-0.31,0.179,0,,,,
54808,20140420,-88.37,40.05,0.321,-0.24,0.161,0,0.305,-0.46,0.393,0,0.363,-0.02,0,0.149,,,,,,,,,0.313,-0.34,0.28,0,,,,
54808,20140421,-88.37,40.05,0.312,-0.28,0.25,0,0.296,-0.53,0.512,0,0.361,-0.03,0,0.125,,,,,,,,,0.304,-0.39,0.357,0,,,,
54808,20140422,-88.37,40.05,0.296,-0.37,0.393,0,0.285,-0.6,0.607,0,0.358,-0.05,0,0.119,,,,,,,,,0.291,-0.47,0.482,0,,,,
54808,20140423,-88.37,40.05,0.274,-0.5,0.536,0,0.272,-0.69,0.738,0,0.357,-0.04,0,0.137,,,,,,,,,0.273,-0.59,0.625,0,,,,
54808,20140424,-88.37,40.05,0.254,-0.62,0.679,0,0.257,-0.8,0.875,0,0.353,-0.08,0,0.113,,,,,,,,,0.255,-0.71,0.768,0,,,,
54808,20140425,-88.37,40.05,0.235,-0.73,0.821,0,0.241,-0.91,0.964,0,0.349,-0.11,0,0.089,,,,,,,,,0.238,-0.82,0.911,0,,,,
54808,20140426,-88.37,40.05,0.22,-0.81,0.964,0,0.226,-1.01,1,0,0.346,-0.12,0,0.083,,,,,,,,,0.223,-0.92,1,0,,,,
54808,20140427,-88.37,40.05,0.21,-0.86,1,0,0.213,-1.09,1,0,0.342,-0.15,0,0.06,,,,,,,,,0.211,-0.98,1,0,,,,
54808,20140428,-88.37,40.05,0.212,-0.83,0.958,0.036,0.206,-1.13,0.982,0.006,0.338,-0.19,0,0.048,,,,,,,,,0.209,-0.98,0.964,0.006,,,,
54808,20140429,-88.37,40.05,0.241,-0.64,0.815,0.179,0.227,-0.94,0.839,0.101,0.337,-0.18,0,0.077,,,,,,,,,0.234,-0.78,0.821,0.137,,,,
54808,20140430,-88.37,40.05,0.268,-0.46,0.673,0.298,0.249,-0.74,0.696,0.19,0.34,-0.14,0,0.101,,,,,,,,,0.259,-0.59,0.679,0.256,,,,
54808,20140501,-88.37,40.05,0.295,-0.29,0.53,0.339,0.271,-0.56,0.554,0.19,0.346,-0.08,0,0.173,,,,,,,,,0.283,-0.4,0.536,0.268,,,,
54808,20140502,-88.37,40.05,0.321,-0.12,0.387,0.351,0.293,-0.37,0.411,0.19,0.352,-0.01,0,0.226,,,,,,,,,0.307,-0.22,0.393,0.268,,,,
54808,20140503,-88.37,40.05,0.345,0.04,0.244,0.351,0.316,-0.18,0.268,0.19,0.355,0.03,0,0.256,,,,,,,,,0.33,-0.04,0.25,0.268,,,,
54808,20140504,-88.37,40.05,0.366,0.17,0.101,0.351,0.336,-0.01,0.125,0.19,0.359,0.08,0,0.262,,,,,,,,,0.351,0.12,0.107,0.268,,,,
54808,20140505,-88.37,40.05,0.372,0.22,0,0.315,0.351,0.12,0,0.185,0.364,0.13,0,0.286,,,,,,,,,0.362,0.2,0,0.262,,,,
54808,20140506,-88.37,40.05,0.35,0.08,0.042,0.173,0.336,0,0.065,0.089,0.365,0.15,0,0.25,,,,,,,,,0.343,0.07,0.054,0.131,,,,
54808,20140507,-88.37,40.05,0.326,-0.07,0.185,0.054,0.318,-0.14,0.202,0,0.362,0.12,0,0.238,,,,,,,,,0.322,-0.08,0.196,0.012,,,,
54808,20140508,-88.37,40.05,0.303,-0.21,0.327,0.012,0.298,-0.3,0.345,0,0.356,0.07,0,0.179,,,,,,,,,0.3,-0.24,0.339,0,,,,
54808,20140509,-88.37,40.05,0.279,-0.36,0.47,0,0.276,-0.47,0.488,0,0.35,0.03,0.024,0.137,,,,,,,,,0.278,-0.4,0.482,0,,,,
54808,20140510,-88.37,40.05,0.256,-0.5,0.613,0,0.255,-0.65,0.631,0,0.344,-0.02,0.042,0.113,,,,,,,,,0.255,-0.56,0.625,0,,,,
54808,20140511,-88.37,40.05,0.243,-0.58,0.72,0.006,0.235,-0.81,0.774,0,0.337,-0.07,0.054,0.107,,,,,,,,,0.239,-0.68,0.744,0,,,,
54808,20140512,-88.37,40.05,0.252,-0.54,0.72,0.006,0.219,-0.94,0.917,0,0.33,-0.13,0.083,0.083,,,,,,,,,0.235,-0.71,0.851,0,,,,
54808,20140513,-88.37,40.05,0.262,-0.48,0.679,0.03,0.207,-1.04,0.994,0,0.325,-0.18,0.113,0.071,,,,,,,,,0.235,-0.72,0.911,0,,,,
54808,20140514,-88.37,40.05,0.285,-0.34,0.536,0.101,0.2,-1.11,1,0,0.318,-0.23,0.143,0.036,,,,,,,,,0.243,-0.67,0.792,0,,,,
54808,20140515,-88.37,40.05,0.314,-0.16,0.393,0.214,0.218,-0.97,0.893,0.065,0.315,-0.25,0.179,0.018,,,,,,,,,0.266,-0.51,0.667,0.095,,,,
54808,20140516,-88.37,40.05,0.345,0.04,0.25,0.345,0.246,-0.75,0.75,0.167,0.324,-0.17,0.155,0.071,,,,,,,,,0.295,-0.3,0.524,0.214,,,,
54808,20140517,-88.37,40.05,0.375,0.23,0.107,0.47,0.272,-0.53,0.607,0.202,0.333,-0.09,0.137,0.167,,,,,,,,,0.324,-0.09,0.381,0.339,,,,
54808,20140518,-88.37,40.05,0.398,0.37,0,0.565,0.299,-0.32,0.464,0.226,0.343,0.01,0.125,0.256,,,,,,,,,0.348,0.09,0.262,0.417,,,,
54808,20140519,-88.37,40.05,0.401,0.41,0,0.619,0.323,-0.12,0.321,0.232,0.353,0.1,0.095,0.327,,,,,,,,,0.362,0.19,0.155,0.423,,,,
54808,20140520,-88.37,40.05,0.404,0.43,0,0.613,0.345,0.06,0.179,0.232,0.362,0.19,0.065,0.369,,,,,,,,,0.374,0.29,0.042,0.423,,,,
54808,20140521,-88.37,40.05,0.396,0.4,0,0.569,0.367,0.26,0.038,0.256,0.372,0.28,0.038,0.45,,,,,,,,,0.382,0.36,0.019,0.444,,,,
54808,20140522,-88.37,40.05,0.4,0.45,0,0.55,0.382,0.38,0,0.306,0.392,0.47,0,0.581,,,,,,,,,0.391,0.45,0,0.444,,,,
54808,20140523,-88.37,40.05,0.407,0.51,0,0.563,0.391,0.47,0,0.35,0.406,0.59,0,0.663,,,,,,,,,0.399,0.52,0,0.469,,,,
54808,20140524,-88.37,40.05,0.409,0.55,0,0.581,0.397,0.53,0,0.463,0.413,0.66,0,0.706,,,,,,,,,0.403,0.57,0,0.488,,,,
54808,20140525,-88.37,40.05,0.41,0.58,0,0.625,0.402,0.59,0,0.588,0.419,0.73,0,0.763,,,,,,,,,0.406,0.62,0,0.556,,,,
54808,20140526,-88.37,40.05,0.414,0.63,0,0.719,0.407,0.65,0,0.731,0.425,0.78,0,0.838,,,,,,,,,0.411,0.67,0,0.7,,,,
54808,20140527,-88.37,40.05,0.418,0.67,0,0.85,0.415,0.72,0,0.881,0.433,0.86,0,0.944,0.431,0.04,0.208,0.313,,,,,0.416,0.73,0,0.85,,,,
54808,20140528,-88.37,40.05,0.42,0.7,0,0.899,0.416,0.75,0,0.97,0.436,0.9,0,0.982,0.435,-0.04,0.268,0.254,,,,,0.418,0.75,0,0.946,,,,
54808,20140529,-88.37,40.05,0.407,0.63,0,0.875,0.407,0.69,0,0.982,0.431,0.86,0,0.994,0.425,-0.06,0.274,0.232,,,,,0.407,0.69,0,0.964,,,,
54808,20140530,-88.37,40.05,0.398,0.59,0,0.851,0.396,0.62,0,0.964,0.421,0.78,0,0.988,0.393,-0.08,0.277,0.227,,,,,0.397,0.63,0,0.94,,,,
54808,20140531,-88.37,40.05,0.396,0.59,0,0.851,0.39,0.58,0,0.952,0.417,0.76,0,0.988,0.381,-0.08,0.266,0.224,,,,,0.393,0.6,0,0.94,,,,
54808,20140601,-88.37,40.05,0.392,0.58,0,0.851,0.384,0.55,0,0.929,0.414,0.73,0,0.982,0.378,-0.08,0.245,0.226,,,,,0.388,0.58,0,0.94,,,,
54808,20140602,-88.37,40.05,0.393,0.59,0,0.845,0.381,0.53,0,0.917,0.413,0.73,0,0.982,0.376,-0.09,0.232,0.201,,,,,0.387,0.58,0,0.935,,,,
54808,20140603,-88.37,40.05,0.397,0.63,0,0.845,0.379,0.51,0,0.905,0.41,0.71,0,0.97,0.377,-0.07,0.222,0.234,,,,,0.388,0.59,0,0.935,,,,
54808,20140604,-88.37,40.05,0.402,0.68,0,0.899,0.378,0.51,0,0.899,0.408,0.7,0,0.97,0.379,-0.03,0.185,0.268,,,,,0.39,0.61,0,0.94,,,,
54808,20140605,-88.37,40.05,0.413,0.76,0,0.97,0.387,0.58,0,0.917,0.411,0.72,0,0.976,0.382,0.03,0.143,0.327,,,,,0.4,0.69,0,0.97,,,,
54808,20140606,-88.37,40.05,0.415,0.78,0,0.994,0.394,0.62,0,0.935,0.414,0.75,0,0.982,0.385,0.07,0.101,0.363,,,,,0.404,0.72,0,0.994,,,,
54808,20140607,-88.37,40.05,0.413,0.78,0,0.994,0.398,0.66,0,0.946,0.415,0.76,0,0.982,0.386,0.09,0.071,0.351,,,,,0.406,0.74,0,0.994,,,,
54808,20140608,-88.37,40.05,0.416,0.8,0,0.994,0.405,0.7,0,0.97,0.418,0.78,0,0.988,0.386,0.1,0.06,0.345,,,,,0.411,0.77,0,0.994,,,,
54808,20140609,-88.37,40.05,0.419,0.83,0,1,0.412,0.76,0,0.982,0.421,0.79,0,0.988,0.388,0.13,0.036,0.393,,,,,0.416,0.81,0,1,,,,
54808,20140610,-88.37,40.05,0.42,0.83,0,1,0.419,0.8,0,0.994,0.424,0.81,0,1,0.386,0.12,0.018,0.375,,,,,0.419,0.83,0,1,,,,
54808,20140611,-88.37,40.05,0.428,0.88,0,1,0.428,0.85,0,1,0.428,0.83,0,1,0.388,0.14,0,0.399,,,,,0.428,0.87,0,1,,,,
54808,20140612,-88.37,40.05,0.43,0.89,0,1,0.428,0.85,0,1,0.429,0.83,0,1,0.387,0.13,0,0.393,,,,,0.429,0.87,0,1,,,,
54808,20140613,-88.37,40.05,0.432,0.89,0,1,0.429,0.85,0,1,0.43,0.82,0,1,0.386,0.13,0,0.363,,,,,0.431,0.88,0,1,,,,
54808,20140614,-88.37,40.05,0.433,0.89,0,1,0.43,0.84,0,1,0.43,0.82,0,1,0.385,0.12,0,0.363,,,,,0.431,0.87,0,1,,,,
54808,20140615,-88.37,40.05,0.429,0.86,0,1,0.427,0.82,0,1,0.429,0.8,0,1,0.385,0.13,0,0.351,,,,,0.428,0.85,0,1,,,,
54808,20140616,-88.37,40.05,0.419,0.8,0,0.982,0.422,0.78,0,1,0.427,0.79,0,1,0.382,0.11,0,0.28,,,,,0.42,0.79,0,1,,,,
54808,20140617,-88.37,40.05,0.409,0.75,0,0.911,0.416,0.74,0,1,0.426,0.77,0,1,0.38,0.09,0,0.22,,,,,0.413,0.75,0,0.982,,,,
54808,20140618,-88.37,40.05,0.39,0.64,0,0.768,0.405,0.67,0,0.964,0.422,0.75,0,1,0.376,0.06,0,0.143,,,,,0.397,0.65,0,0.857,,,,
54808,20140619,-88.37,40.05,0.373,0.55,0,0.673,0.394,0.6,0,0.893,0.417,0.71,0,1,0.372,0.03,0,0.065,,,,,0.383,0.57,0,0.768,,,,
54808,20140620,-88.37,40.05,0.36,0.48,0,0.565,0.384,0.55,0,0.827,0.412,0.68,0,0.994,0.369,0.01,0,0.03,,,,,0.372,0.51,0,0.667,,,,
54808,20140621,-88.37,40.05,0.354,0.45,0,0.565,0.376,0.5,0,0.798,0.408,0.66,0,0.994,0.366,0,0,0.012,,,,,0.365,0.48,0,0.667,,,,
54808,20140622,-88.37,40.05,0.349,0.43,0,0.476,0.37,0.48,0,0.75,0.406,0.64,0,0.994,0.363,-0.02,0,0,,,,,0.359,0.45,0,0.637,,,,
54808,20140623,-88.37,40.05,0.345,0.42,0,0.393,0.365,0.45,0,0.673,0.402,0.62,0,0.988,0.36,-0.03,0,0,,,,,0.355,0.44,0,0.56,,,,
54808,20140624,-88.37,40.05,0.349,0.45,0,0.381,0.364,0.45,0,0.601,0.399,0.61,0,0.976,0.359,-0.03,0,0.012,,,,,0.356,0.46,0,0.494,,,,
54808,20140625,-88.37,40.05,0.365,0.56,0,0.524,0.375,0.53,0,0.637,0.402,0.63,0,0.976,0.362,0,0,0.089,,,,,0.37,0.56,0,0.619,,,,
54808,20140626,-88.37,40.05,0.377,0.63,0,0.619,0.385,0.6,0,0.708,0.406,0.67,0,0.976,0.365,0.03,0,0.155,,,,,0.381,0.65,0,0.708,,,,
54808,20140627,-88.37,40.05,0.385,0.69,0,0.726,0.393,0.66,0,0.774,0.409,0.7,0,0.982,0.367,0.06,0,0.19,,,,,0.389,0.71,0,0.81,,,,
54808,20140628,-88.37,40.05,0.386,0.71,0,0.726,0.4,0.71,0,0.804,0.412,0.74,0,0.982,0.369,0.08,0,0.22,,,,,0.393,0.75,0,0.81,,,,
54808,20140629,-88.37,40.05,0.389,0.73,0,0.815,0.405,0.76,0,0.851,0.414,0.77,0,0.982,0.37,0.1,0,0.226,,,,,0.397,0.78,0,0.839,,,,
54808,20140630,-88.37,40.05,0.391,0.74,0,0.911,0.41,0.8,0,0.929,0.417,0.8,0,0.988,0.371,0.11,0,0.226,,,,,0.401,0.81,0,0.917,,,,
54808,20140701,-88.37,40.05,0.404,0.82,0,0.994,0.417,0.85,0,1,0.424,0.86,0,1,0.384,0.21,0,0.298,,,,,0.41,0.88,0,1,,,,
54808,20140702,-88.37,40.05,0.408,0.85,0,0.994,0.419,0.87,0,1,0.432,0.94,0,1,0.416,0.46,0,0.363,,,,,0.413,0.9,0,1,,,,
54808,20140703,-88.37,40.05,0.408,0.84,0,0.994,0.418,0.87,0,1,0.432,0.96,0,1,0.419,0.48,0,0.357,,,,,0.413,0.9,0,1,,,,
54808,20140704,-88.37,40.05,0.408,0.84,0,0.994,0.419,0.87,0,1,0.433,0.97,0,1,0.417,0.47,0,0.321,,,,,0.413,0.89,0,1,,,,
54808,20140705,-88.37,40.05,0.409,0.84,0,0.994,0.418,0.87,0,1,0.434,0.98,0,1,0.417,0.45,0,0.292,,,,,0.414,0.89,0,1,,,,
54808,20140706,-88.37,40.05,0.409,0.83,0,0.94,0.419,0.87,0,1,0.434,0.99,0,1,0.415,0.44,0,0.286,,,,,0.414,0.88,0,1,,,,
54808,20140707,-88.37,40.05,0.411,0.83,0,0.851,0.419,0.87,0,1,0.436,1,0,1,0.417,0.44,0,0.286,,,,,0.415,0.88,0,1,,,,
54808,20140708,-88.37,40.05,0.401,0.76,0,0.851,0.414,0.83,0,1,0.431,0.97,0,1,0.402,0.32,0,0.202,,,,,0.407,0.82,0,1,,,,
54808,20140709,-88.37,40.05,0.393,0.71,0,0.851,0.405,0.77,0,1,0.421,0.89,0,1,0.364,0.02,0,0.06,,,,,0.399,0.77,0,1,,,,
54808,20140710,-88.37,40.05,0.387,0.68,0,0.851,0.399,0.74,0,1,0.417,0.87,0,1,0.357,-0.04,0,0,,,,,0.393,0.73,0,1,,,,
54808,20140711,-88.37,40.05,0.381,0.65,0,0.851,0.393,0.71,0,1,0.414,0.86,0,1,0.355,-0.07,0,0,,,,,0.387,0.71,0,1,,,,
54808,20140712,-88.37,40.05,0.376,0.63,0,0.804,0.388,0.69,0,1,0.41,0.84,0,1,0.352,-0.1,0,0,,,,,0.382,0.68,0,1,,,,
54808,20140713,-88.37,40.05,0.389,0.73,0,0.857,0.394,0.75,0,1,0.412,0.88,0,1,0.354,-0.09,0,0.006,,,,,0.391,0.76,0,1,,,,
54808,20140714,-88.37,40.05,0.402,0.83,0,0.952,0.401,0.83,0,1,0.415,0.92,0,1,0.357,-0.07,0,0.03,,,,,0.401,0.85,0,1,,,,
54808,20140715,-88.37,40.05,0.409,0.9,0,0.952,0.408,0.9,0,1,0.419,0.98,0,1,0.363,-0.02,0,0.077,,,,,0.408,0.93,0,1,,,,
54808,20140716,-88.37,40.05,0.41,0.94,0,0.952,0.41,0.95,0,1,0.422,1.02,0,1,0.366,0.01,0,0.077,,,,,0.41,0.97,0,1,,,,
54808,20140717,-88.37,40.05,0.412,0.97,0,0.952,0.411,0.98,0,1,0.423,1.05,0,1,0.367,0.02,0,0.077,,,,,0.411,1,0,1,,,,
54808,20140718,-88.37,40.05,0.414,1.01,0,0.952,0.412,1.02,0,1,0.424,1.07,0,1,0.368,0.04,0,0.077,,,,,0.413,1.04,0,1,,,,
54808,20140719,-88.37,40.05,0.417,1.05,0,1,0.414,1.05,0,1,0.425,1.11,0,1,0.37,0.05,0,0.077,,,,,0.416,1.08,0,1,,,,
54808,20140720,-88.37,40.05,0.403,0.98,0,1,0.405,1,0,1,0.423,1.1,0,1,0.366,0.04,0,0.071,,,,,0.404,1.01,0,1,,,,
54808,20140721,-88.37,40.05,0.387,0.9,0,1,0.395,0.95,0,1,0.418,1.07,0,1,0.363,0.01,0,0.048,,,,,0.391,0.94,0,1,,,,
54808,20140722,-88.37,40.05,0.37,0.8,0,1,0.383,0.87,0,1,0.412,1.03,0,1,0.356,-0.03,0,0,,,,,0.377,0.85,0,1,,,,
54808,20140723,-88.37,40.05,0.354,0.72,0,0.929,0.374,0.82,0,1,0.407,1,0,1,0.352,-0.05,0,0,,,,,0.364,0.77,0,1,,,,
54808,20140724,-88.37,40.05,0.339,0.64,0,0.786,0.366,0.77,0,1,0.404,0.99,0,1,0.35,-0.07,0,0,,,,,0.353,0.71,0,0.94,,,,
54808,20140725,-88.37,40.05,0.325,0.56,0,0.643,0.358,0.72,0,0.976,0.399,0.96,0,1,0.347,-0.09,0,0,,,,,0.341,0.64,0,0.81,,,,
54808,20140726,-88.37,40.05,0.312,0.5,0,0.5,0.349,0.67,0,0.929,0.394,0.93,0,1,0.345,-0.1,0,0,,,,,0.331,0.57,0,0.667,,,,
54808,20140727,-88.37,40.05,0.31,0.51,0,0.44,0.344,0.65,0,0.905,0.389,0.91,0,1,0.343,-0.1,0,0,,,,,0.327,0.56,0,0.607,,,,
54808,20140728,-88.37,40.05,0.317,0.59,0,0.44,0.342,0.65,0,0.905,0.387,0.91,0,1,0.341,-0.11,0,0,,,,,0.33,0.61,0,0.607,,,,
54808,20140729,-88.37,40.05,0.322,0.64,0,0.44,0.34,0.65,0,0.905,0.385,0.9,0,1,0.341,-0.1,0,0,,,,,0.331,0.63,0,0.607,,,,
54808,20140730,-88.37,40.05,0.325,0.69,0,0.512,0.338,0.66,0,0.905,0.383,0.89,0,1,0.341,-0.09,0,0,,,,,0.332,0.65,0,0.607,,,,
54808,20140731,-88.37,40.05,0.329,0.73,0,0.655,0.337,0.66,0,0.905,0.381,0.88,0,1,0.341,-0.08,0,0,,,,,0.333,0.68,0,0.667,,,,
54808,20140801,-88.37,40.05,0.331,0.78,0,0.798,0.336,0.68,0,0.929,0.38,0.88,0,1,0.34,-0.07,0,0,,,,,0.334,0.71,0,0.798,,,,
54808,20140802,-88.37,40.05,0.334,0.81,0,0.935,0.336,0.69,0,0.97,0.379,0.88,0,1,0.34,-0.05,0,0,,,,,0.335,0.74,0,0.94,,,,
54808,20140803,-88.37,40.05,0.325,0.77,0,0.946,0.334,0.69,0,0.988,0.377,0.86,0,0.994,0.34,-0.04,0,0,,,,,0.33,0.72,0,0.988,,,,
54808,20140804,-88.37,40.05,0.309,0.67,0,0.851,0.328,0.66,0,0.982,0.372,0.83,0,0.994,0.34,-0.03,0,0,,,,,0.319,0.66,0,0.929,,,,
54808,20140805,-88.37,40.05,0.298,0.6,0,0.744,0.324,0.64,0,0.964,0.368,0.79,0,0.982,0.338,-0.03,0,0,,,,,0.311,0.62,0,0.845,,,,
54808,20140806,-88.37,40.05,0.296,0.62,0,0.744,0.321,0.64,0,0.964,0.364,0.76,0,0.97,0.335,-0.03,0,0,,,,,0.309,0.63,0,0.845,,,,
54808,20140807,-88.37,40.05,0.295,0.63,0,0.744,0.318,0.63,0,0.964,0.36,0.73,0,0.97,0.334,-0.03,0,0,,,,,0.306,0.63,0,0.845,,,,
54808,20140808,-88.37,40.05,0.293,0.64,0,0.744,0.316,0.63,0,0.964,0.356,0.7,0,0.964,0.333,-0.03,0,0,,,,,0.305,0.64,0,0.845,,,,
54808,20140809,-88.37,40.05,0.294,0.66,0,0.75,0.313,0.62,0,0.952,0.353,0.68,0,0.964,0.332,-0.02,0,0,,,,,0.303,0.65,0,0.845,,,,
54808,20140810,-88.37,40.05,0.295,0.69,0,0.798,0.311,0.61,0,0.952,0.351,0.67,0,0.952,0.33,-0.02,0,0,,,,,0.303,0.66,0,0.857,,,,
54808,20140811,-88.37,40.05,0.297,0.72,0,0.893,0.31,0.61,0,0.935,0.349,0.66,0,0.946,0.329,-0.02,0,0,,,,,0.303,0.69,0,0.917,,,,
54808,20140812,-88.37,40.05,0.297,0.74,0,1,0.309,0.61,0,0.911,0.348,0.66,0,0.958,0.328,-0.02,0,0,,,,,0.303,0.7,0,1,,,,
54808,20140813,-88.37,40.05,0.289,0.69,0,1,0.306,0.59,0,0.869,0.347,0.66,0,0.958,0.327,-0.01,0,0,,,,,0.298,0.67,0,1,,,,
54808,20140814,-88.37,40.05,0.283,0.65,0,0.952,0.304,0.58,0,0.768,0.345,0.65,0,0.905,0.325,0,0,0,,,,,0.293,0.65,0,0.97,,,,
54808,20140815,-88.37,40.05,0.278,0.62,0,0.857,0.3,0.56,0,0.637,0.343,0.63,0,0.833,0.323,-0.01,0,0,,,,,0.289,0.62,0,0.887,,,,
54808,20140816,-88.37,40.05,0.271,0.58,0,0.744,0.297,0.55,0,0.524,0.341,0.61,0,0.738,0.32,-0.03,0,0,,,,,0.284,0.6,0,0.756,,,,
54808,20140817,-88.37,40.05,0.266,0.55,0,0.696,0.294,0.53,0,0.411,0.338,0.59,0,0.643,0.316,,,,,,,,0.28,0.58,0,0.667,,,,
54808,20140818,-88.37,40.05,0.263,0.54,0,0.696,0.291,0.52,0,0.327,0.334,0.56,0,0.548,0.313,,,,,,,,0.277,0.56,0,0.667,,,,
54808,20140819,-88.37,40.05,0.258,0.52,0,0.667,0.288,0.51,0,0.244,0.332,0.54,0,0.488,0.309,,,,,,,,0.273,0.55,0,0.601,,,,
54808,20140820,-88.37,40.05,0.255,0.5,0,0.577,0.286,0.5,0,0.149,0.33,0.52,0,0.417,0.305,,,,,,,,0.27,0.53,0,0.506,,,,
54808,20140821,-88.37,40.05,0.253,0.5,0,0.53,0.284,0.49,0,0.107,0.328,0.51,0,0.363,0.301,,,,,,,,0.268,0.53,0,0.44,,,,
54808,20140822,-88.37,40.05,0.253,0.51,0,0.577,0.283,0.49,0,0.095,0.327,0.51,0,0.369,0.297,,,,,,,,0.268,0.53,0,0.417,,,,
54808,20140823,-88.37,40.05,0.254,0.52,0,0.577,0.282,0.49,0,0.083,0.327,0.51,0,0.393,0.293,,,,,,,,0.268,0.53,0,0.417,,,,
54808,20140824,-88.37,40.05,0.263,0.58,0,0.595,0.284,0.51,0,0.155,0.327,0.52,0,0.452,0.291,,,,,,,,0.274,0.58,0,0.47,,,,
54808,20140825,-88.37,40.05,0.27,0.63,0,0.595,0.286,0.51,0,0.161,0.328,0.53,0,0.5,0.288,,,,,,,,0.278,0.61,0,0.47,,,,
54808,20140826,-88.37,40.05,0.284,0.72,0,0.625,0.294,0.57,0,0.22,0.331,0.55,0,0.536,0.286,,,,,,,,0.289,0.69,0,0.536,,,,
54808,20140827,-88.37,40.05,0.301,0.84,0,0.714,0.307,0.66,0,0.357,0.337,0.59,0,0.619,0.285,,,,,,,,0.304,0.79,0,0.631,,,,
54808,20140828,-88.37,40.05,0.314,0.92,0,0.81,0.318,0.74,0,0.5,0.342,0.62,0,0.726,0.284,,,,,,,,0.316,0.87,0,0.726,,,,
54808,20140829,-88.37,40.05,0.327,1.01,0,0.857,0.327,0.8,0,0.643,0.347,0.65,0,0.792,0.284,,,,,,,,0.327,0.94,0,0.833,,,,
54808,20140830,-88.37,40.05,0.339,1.09,0,0.97,0.336,0.85,0,0.786,0.351,0.67,0,0.851,0.284,,,,,,,,0.338,1.01,0,0.964,,,,
54808,20140831,-88.37,40.05,0.341,1.08,0,1,0.341,0.88,0,0.833,0.356,0.69,0,0.899,0.282,,,,,,,,0.341,1.02,0,1,,,,
54808,20140901,-88.37,40.05,0.341,1.07,0,1,0.346,0.9,0,0.935,0.359,0.71,0,0.917,0.282,,,,,,,,0.344,1.03,0,1,,,,
54808,20140902,-88.37,40.05,0.336,1.03,0,1,0.343,0.87,0,0.946,0.359,0.7,0,0.893,0.282,,,,,,,,0.34,0.99,0,1,,,,
54808,20140903,-88.37,40.05,0.332,0.99,0,1,0.335,0.8,0,0.875,0.357,0.67,0,0.821,0.282,,,,,,,,0.334,0.94,0,1,,,,
54808,20140904,-88.37,40.05,0.329,0.96,0,1,0.329,0.74,0,0.75,0.355,0.65,0,0.75,0.282,,,,,,,,0.329,0.9,0,1,,,,
54808,20140905,-88.37,40.05,0.323,0.92,0,1,0.323,0.7,0,0.625,0.353,0.64,0,0.667,0.281,,,,,,,,0.323,0.85,0,1,,,,
54808,20140906,-88.37,40.05,0.322,0.91,0,1,0.317,0.65,0,0.482,0.352,0.62,0,0.601,0.28,,,,,,,,0.32,0.83,0,0.988,,,,
54808,20140907,-88.37,40.05,0.327,0.95,0,1,0.312,0.61,0,0.339,0.35,0.6,0,0.506,0.279,,,,,,,,0.32,0.82,0,0.988,,,,
54808,20140908,-88.37,40.05,0.331,0.98,0,1,0.308,0.57,0,0.196,0.348,0.59,0,0.429,0.279,,,,,,,,0.319,0.82,0,0.988,,,,
54808,20140909,-88.37,40.05,0.332,0.99,0,1,0.304,0.53,0,0.107,0.346,0.57,0,0.345,0.278,,,,,,,,0.318,0.8,0,0.988,,,,
54808,20140910,-88.37,40.05,0.339,1.03,0,1,0.31,0.56,0,0.149,0.346,0.58,0,0.381,0.277,,,,,,,,0.324,0.84,0,0.988,,,,
54808,20140911,-88.37,40.05,0.354,1.14,0,1,0.325,0.65,0,0.274,0.355,0.65,0,0.452,0.286,,,,,,,,0.339,0.94,0,0.988,,,,
54808,20140912,-88.37,40.05,0.368,1.24,0,1,0.338,0.72,0,0.399,0.365,0.72,0,0.542,0.296,,,,,,,,0.353,1.03,0,0.988,,,,
54808,20140913,-88.37,40.05,0.377,1.31,0,1,0.35,0.79,0,0.542,0.373,0.79,0,0.619,0.305,,,,,,,,0.364,1.09,0,1,,,,
54808,20140914,-88.37,40.05,0.38,1.33,0,1,0.362,0.86,0,0.685,0.381,0.86,0,0.72,0.313,,,,,,,,0.371,1.13,0,1,,,,
54808,20140915,-88.37,40.05,0.384,1.35,0,1,0.373,0.92,0,0.827,0.388,0.92,0,0.833,0.32,,,,,,,,0.378,1.16,0,1,,,,
54808,20140916,-88.37,40.05,0.396,1.44,0,1,0.388,1.01,0,0.97,0.398,1,0,0.964,0.329,,,,,,,,0.392,1.25,0,1,,,,
54808,20140917,-88.37,40.05,0.399,1.47,0,1,0.394,1.04,0,1,0.405,1.07,0,1,0.34,,,,,,,,0.396,1.27,0,1,,,,
54808,20140918,-88.37,40.05,0.394,1.43,0,1,0.39,1,0,1,0.404,1.07,0,1,0.338,,,,,,,,0.392,1.23,0,1,,,,
54808,20140919,-88.37,40.05,0.388,1.39,0,1,0.387,0.97,0,1,0.402,1.05,0,1,0.337,,,,,,,,0.388,1.19,0,1,,,,
54808,20140920,-88.37,40.05,0.382,1.35,0,1,0.383,0.95,0,1,0.4,1.04,0,1,0.335,,,,,,,,0.383,1.16,0,1,,,,
54808,20140921,-88.37,40.05,0.383,1.36,0,1,0.385,0.96,0,1,0.401,1.05,0,1,0.335,,,,,,,,0.384,1.18,0,1,,,,
54808,20140922,-88.37,40.05,0.389,1.41,0,1,0.389,0.99,0,1,0.402,1.06,0,1,0.336,,,,,,,,0.389,1.22,0,1,,,,
54808,20140923,-88.37,40.05,0.385,1.39,0,1,0.386,0.96,0,1,0.4,1.05,0,1,0.336,,,,,,,,0.385,1.21,0,1,,,,
54808,20140924,-88.37,40.05,0.38,1.36,0,1,0.382,0.94,0,1,0.399,1.04,0,1,0.334,,,,,,,,0.381,1.18,0,1,,,,
54808,20140925,-88.37,40.05,0.375,1.33,0,1,0.38,0.92,0,1,0.397,1.03,0,1,0.333,,,,,,,,0.377,1.16,0,1,,,,
54808,20140926,-88.37,40.05,0.37,1.3,0,1,0.377,0.91,0,1,0.396,1.03,0,1,0.332,,,,,,,,0.374,1.14,0,1,,,,
54808,20140927,-88.37,40.05,0.367,1.27,0,1,0.375,0.89,0,1,0.395,1.02,0,1,0.332,,,,,,,,0.371,1.11,0,1,,,,
54808,20140928,-88.37,40.05,0.356,1.18,0,1,0.367,0.83,0,1,0.393,1,0,1,0.332,,,,,,,,0.362,1.04,0,1,,,,
54808,20140929,-88.37,40.05,0.342,1.07,0,1,0.357,0.77,0,1,0.389,0.96,0,1,0.331,,,,,,,,0.35,0.95,0,1,,,,
54808,20140930,-88.37,40.05,0.33,0.96,0,1,0.349,0.71,0,1,0.386,0.93,0,1,0.33,,,,,,,,0.339,0.86,0,1,,,,
54808,20141001,-88.37,40.05,0.318,0.86,0,1,0.34,0.65,0,1,0.383,0.89,0,1,0.328,,,,,,,,0.329,0.78,0,1,,,,
54808,20141002,-88.37,40.05,0.309,0.78,0,1,0.332,0.59,0,0.982,0.38,0.86,0,1,0.327,,,,,,,,0.32,0.7,0,1,,,,
54808,20141003,-88.37,40.05,0.32,0.86,0,1,0.339,0.67,0,0.982,0.382,0.87,0,1,0.33,,,,,,,,0.329,0.78,0,1,,,,
54808,20141004,-88.37,40.05,0.334,0.96,0,1,0.35,0.78,0,0.982,0.388,0.92,0,1,0.334,,,,,,,,0.342,0.89,0,1,,,,
54808,20141005,-88.37,40.05,0.347,1.05,0,1,0.359,0.86,0,0.982,0.393,0.97,0,1,0.337,,,,,,,,0.353,0.99,0,1,,,,
54808,20141006,-88.37,40.05,0.361,1.14,0,1,0.368,0.94,0,0.982,0.398,1.01,0,1,0.339,,,,,,,,0.364,1.08,0,1,,,,
54808,20141007,-88.37,40.05,0.374,1.23,0,1,0.378,1.02,0,0.982,0.403,1.06,0,1,0.34,,,,,,,,0.376,1.18,0,1,,,,
54808,20141008,-88.37,40.05,0.389,1.32,0,1,0.388,1.11,0,0.982,0.408,1.11,0,1,0.341,,,,,,,,0.388,1.28,0,1,,,,
54808,20141009,-88.37,40.05,0.403,1.41,0,1,0.398,1.19,0,1,0.413,1.15,0,1,0.343,,,,,,,,0.401,1.38,0,1,,,,
54808,20141010,-88.37,40.05,0.398,1.34,0,1,0.393,1.14,0,1,0.413,1.15,0,1,0.34,,,,,,,,0.395,1.34,0,1,,,,
54808,20141011,-88.37,40.05,0.39,1.27,0,1,0.386,1.07,0,1,0.409,1.11,0,1,0.337,,,,,,,,0.388,1.27,0,1,,,,
54808,20141012,-88.37,40.05,0.385,1.21,0,1,0.382,1.02,0,1,0.407,1.08,0,1,0.335,,,,,,,,0.384,1.23,0,1,,,,
54808,20141013,-88.37,40.05,0.384,1.19,0,1,0.379,0.99,0,1,0.405,1.06,0,1,0.334,,,,,,,,0.382,1.21,0,1,,,,
54808,20141014,-88.37,40.05,0.39,1.22,0,1,0.384,1.02,0,1,0.407,1.06,0,1,0.335,,,,,,,,0.387,1.25,0,1,,,,
54808,20141015,-88.37,40.05,0.395,1.24,0,1,0.389,1.05,0,1,0.408,1.08,0,1,0.338,,,,,,,,0.392,1.29,0,1,,,,
54808,20141016,-88.37,40.05,0.403,1.28,0,1,0.395,1.09,0,1,0.412,1.1,0,1,0.34,,,,,,,,0.399,1.32,0,1,,,,
54808,20141017,-88.37,40.05,0.41,1.3,0,1,0.4,1.11,0,1,0.415,1.12,0,1,0.342,,,,,,,,0.405,1.34,0,1,,,,
54808,20141018,-88.37,40.05,0.416,1.31,0,1,0.405,1.12,0,1,0.417,1.13,0,1,0.343,,,,,,,,0.41,1.33,0,1,,,,
54808,20141019,-88.37,40.05,0.421,1.3,0,1,0.409,1.13,0,1,0.418,1.13,0,1,0.344,,,,,,,,0.415,1.32,0,1,,,,
54808,20141020,-88.37,40.05,0.423,1.26,0,1,0.411,1.13,0,1,0.42,1.14,0,1,0.347,,,,,,,,0.417,1.28,0,1,,,,
54808,20141021,-88.37,40.05,0.417,1.16,0,1,0.407,1.06,0,1,0.419,1.11,0,1,0.345,,,,,,,,0.412,1.17,0,1,,,,
54808,20141022,-88.37,40.05,0.41,1.06,0,1,0.404,1.01,0,1,0.416,1.07,0,1,0.343,,,,,,,,0.407,1.07,0,1,,,,
54808,20141023,-88.37,40.05,0.401,0.94,0,1,0.397,0.94,0,1,0.413,1.02,0,1,0.341,,,,,,,,0.399,0.95,0,1,,,,
54808,20141024,-88.37,40.05,0.392,0.83,0,1,0.392,0.88,0,1,0.41,0.98,0,1,0.339,,,,,,,,0.392,0.85,0,1,,,,
54808,20141025,-88.37,40.05,0.384,0.73,0,1,0.388,0.83,0,1,0.408,0.95,0,1,0.338,,,,,,,,0.386,0.76,0,1,,,,
54808,20141026,-88.37,40.05,0.376,0.63,0,0.97,0.384,0.79,0,1,0.406,0.92,0,1,0.337,,,,,,,,0.38,0.68,0,1,,,,
54808,20141027,-88.37,40.05,0.368,0.55,0,0.845,0.38,0.73,0,1,0.403,0.88,0,1,0.336,,,,,,,,0.374,0.6,0,0.988,,,,
54808,20141028,-88.37,40.05,0.362,0.48,0,0.72,0.376,0.68,0,1,0.402,0.87,0,1,0.335,,,,,,,,0.369,0.54,0,0.905,,,,
54808,20141029,-88.37,40.05,0.366,0.48,0,0.72,0.376,0.66,0,1,0.402,0.86,0,1,0.334,,,,,,,,0.371,0.53,0,0.905,,,,
54808,20141030,-88.37,40.05,0.369,0.47,0,0.72,0.376,0.62,0,1,0.401,0.85,0,1,0.333,,,,,,,,0.372,0.52,0,0.905,,,,
54808,20141031,-88.37,40.05,0.372,0.47,0,0.72,0.376,0.59,0,1,0.4,0.84,0,1,0.332,,,,,,,,0.374,0.5,0,0.905,,,,
54808,20141101,-88.37,40.05,0.375,0.47,0,0.72,0.375,0.55,0,1,0.398,0.82,0,1,0.332,,,,,,,,0.375,0.49,0,0.905,,,,
54808,20141102,-88.37,40.05,0.378,0.48,0,0.75,0.373,0.5,0,0.97,0.397,0.81,0,1,0.331,,,,,,,,0.376,0.48,0,0.905,,,,
54808,20141103,-88.37,40.05,0.381,0.49,0,0.875,0.373,0.47,0,0.899,0.396,0.8,0,1,0.33,,,,,,,,0.377,0.48,0,0.917,,,,
54808,20141104,-88.37,40.05,0.383,0.5,0,0.982,0.372,0.43,0,0.774,0.394,0.77,0,1,0.328,,,,,,,,0.378,0.47,0,1,,,,
54808,20141105,-88.37,40.05,0.384,0.51,0,0.982,0.373,0.41,0,0.756,0.393,0.76,0,1,0.328,,,,,,,,0.378,0.48,0,1,,,,
54808,20141106,-88.37,40.05,0.388,0.54,0,0.982,0.376,0.41,0,0.756,0.393,0.74,0,1,0.326,,,,,,,,0.382,0.51,0,1,,,,
54808,20141107,-88.37,40.05,0.392,0.56,0,0.982,0.378,0.41,0,0.756,0.393,0.73,0,1,0.326,,,,,,,,0.385,0.54,0,1,,,,
54808,20141108,-88.37,40.05,0.396,0.59,0,0.982,0.381,0.42,0,0.756,0.393,0.7,0,1,0.324,,,,,,,,0.388,0.57,0,1,,,,
54808,20141109,-88.37,40.05,0.399,0.6,0,0.982,0.384,0.43,0,0.786,0.393,0.67,0,1,0.322,,,,,,,,0.391,0.59,0,1,,,,
54808,20141110,-88.37,40.05,0.402,0.62,0,0.982,0.388,0.45,0,0.857,0.393,0.64,0,1,0.321,,,,,,,,0.395,0.61,0,1,,,,
54808,20141111,-88.37,40.05,0.405,0.63,0,1,0.391,0.47,0,0.982,0.394,0.61,0,1,0.321,,,,,,,,0.398,0.63,0,1,,,,
54808,20141112,-88.37,40.05,0.4,0.58,0,1,0.388,0.44,0,0.994,0.392,0.57,0,1,0.32,,,,,,,,0.394,0.58,0,1,,,,
54808,20141113,-88.37,40.05,0.394,0.53,0,1,0.385,0.41,0,0.97,0.391,0.52,0,0.988,0.319,,,,,,,,0.389,0.53,0,1,,,,
54808,20141114,-88.37,40.05,0.39,0.49,0,1,0.381,0.37,0,0.923,0.389,0.48,0,0.982,0.318,,,,,,,,0.385,0.48,0,0.994,,,,
54808,20141115,-88.37,40.05,0.385,0.46,0,1,0.378,0.34,0,0.869,0.387,0.44,0,0.958,0.317,,,,,,,,0.382,0.43,0,0.988,,,,
54808,20141116,-88.37,40.05,0.383,0.43,0,1,0.376,0.31,0,0.815,0.386,0.41,0,0.923,0.316,,,,,,,,0.379,0.39,0,0.958,,,,
54808,20141117,-88.37,40.05,0.381,0.42,0,1,0.374,0.28,0,0.732,0.385,0.38,0,0.893,0.315,,,,,,,,0.377,0.36,0,0.899,,,,
54808,20141118,-88.37,40.05,0.38,0.41,0,0.988,0.371,0.24,0,0.595,0.383,0.35,0,0.845,0.314,,,,,,,,0.376,0.32,0,0.798,,,,
54808,20141119,-88.37,40.05,0.381,0.41,0,0.988,0.368,0.2,0,0.464,0.382,0.32,0,0.774,0.313,,,,,,,,0.374,0.3,0,0.661,,,,
54808,20141120,-88.37,40.05,0.381,0.4,0,0.935,0.367,0.17,0,0.393,0.38,0.3,0,0.702,0.312,,,,,,,,0.374,0.28,0,0.56,,,,
54808,20141121,-88.37,40.05,0.381,0.39,0,0.843,0.368,0.18,0,0.387,0.379,0.28,0,0.631,0.311,,,,,,,,0.374,0.27,0,0.5,,,,
54808,20141122,-88.37,40.05,0.381,0.39,0,0.817,0.369,0.17,0,0.345,0.379,0.26,0,0.554,0.31,,,,,,,,0.375,0.26,0,0.423,,,,
54808,20141123,-88.37,40.05,0.383,0.39,0,0.756,0.371,0.16,0,0.339,0.378,0.25,0,0.518,0.31,,,,,,,,0.376,0.26,0,0.363,,,,
54808,20141124,-88.37,40.05,0.395,0.49,0,0.756,0.378,0.21,0,0.423,0.381,0.27,0,0.542,0.312,,,,,,,,0.386,0.34,0,0.437,,,,
54808,20141125,-88.37,40.05,0.406,0.58,0,0.77,0.385,0.26,0,0.56,0.385,0.31,0,0.589,0.318,,,,,,,,0.396,0.42,0,0.563,,,,
54808,20141126,-88.37,40.05,0.413,0.63,0,0.77,0.391,0.31,0,0.696,0.389,0.35,0,0.661,0.322,,,,,,,,0.404,0.47,0,0.733,,,,
54808,20141127,-88.37,40.05,0.419,0.67,0,0.837,0.396,0.34,0,0.792,0.393,0.39,0,0.744,0.326,,,,,,,,0.41,0.51,0,0.859,,,,
54808,20141128,-88.37,40.05,0.424,0.71,0,0.949,0.397,0.35,0,0.833,0.396,0.42,0,0.821,0.33,,,,,,,,0.413,0.54,0,0.934,,,,
54808,20141129,-88.37,40.05,0.422,0.69,0,0.957,0.399,0.37,0,0.887,0.399,0.46,0,0.923,0.333,,,,,,,,0.411,0.52,0,0.944,,,,
54808,20141130,-88.37,40.05,0.424,0.7,0,1,0.401,0.38,0,0.923,0.401,0.49,0,0.994,0.337,,,,,,,,0.413,0.54,0,1,,,,
54808,20141201,-88.37,40.05,0.421,0.66,0,1,0.398,0.36,0,0.917,0.402,0.5,0,1,0.337,,,,,,,,0.409,0.51,0,1,,,,
54808,20141202,-88.37,40.05,0.416,0.6,0,1,0.396,0.33,0,0.905,0.4,0.49,0,1,0.334,,,,,,,,0.406,0.48,0,1,,,,
54808,20141203,-88.37,40.05,0.413,0.55,0,0.994,0.393,0.31,0,0.845,0.398,0.48,0,0.994,0.333,,,,,,,,0.403,0.46,0,1,,,,
54808,20141204,-88.37,40.05,0.412,0.52,0,0.994,0.393,0.3,0,0.81,0.396,0.47,0,0.988,0.331,,,,,,,,0.402,0.45,0,1,,,,
54808,20141205,-88.37,40.05,0.411,0.49,0,0.946,0.393,0.31,0,0.815,0.395,0.47,0,0.97,0.331,,,,,,,,0.402,0.44,0,1,,,,
54808,20141206,-88.37,40.05,0.417,0.53,0,0.94,0.398,0.37,0,0.857,0.397,0.5,0,0.97,0.334,,,,,,,,0.407,0.5,0,1,,,,
54808,20141207,-88.37,40.05,0.422,0.57,0,0.94,0.401,0.41,0,0.881,0.398,0.53,0,0.97,0.336,,,,,,,,0.411,0.55,0,1,,,,
54808,20141208,-88.37,40.05,0.423,0.57,0,0.94,0.404,0.45,0,0.887,0.398,0.53,0,0.97,0.339,,,,,,,,0.414,0.57,0,1,,,,
54808,20141209,-88.37,40.05,0.429,0.6,0,0.94,0.409,0.51,0,0.899,0.399,0.55,0,0.97,0.343,,,,,,,,0.419,0.61,0,1,,,,
54808,20141210,-88.37,40.05,0.434,0.64,0,0.946,0.414,0.58,0,0.958,0.401,0.57,0,0.976,0.345,,,,,,,,0.424,0.66,0,1,,,,
54808,20141211,-88.37,40.05,0.439,0.67,0,0.946,0.418,0.63,0,0.994,0.403,0.6,0,0.982,0.347,,,,,,,,0.429,0.7,0,1,,,,
54808,20141212,-88.37,40.05,0.443,0.7,0,0.994,0.421,0.67,0,1,0.405,0.63,0,1,0.349,,,,,,,,0.432,0.73,0,1,,,,
54808,20141213,-88.37,40.05,0.44,0.64,0,1,0.421,0.66,0,1,0.405,0.63,0,1,0.349,,,,,,,,0.43,0.68,0,1,,,,
54808,20141214,-88.37,40.05,0.438,0.58,0,1,0.42,0.65,0,1,0.404,0.63,0,1,0.348,,,,,,,,0.429,0.63,0,1,,,,
54808,20141215,-88.37,40.05,0.437,0.55,0,1,0.42,0.64,0,1,0.405,0.64,0,1,0.347,,,,,,,,0.428,0.6,0,1,,,,
54808,20141216,-88.37,40.05,0.438,0.54,0,1,0.42,0.65,0,1,0.405,0.66,0,1,0.346,,,,,,,,0.429,0.6,0,1,,,,
54808,20141217,-88.37,40.05,0.438,0.54,0,1,0.422,0.66,0,1,0.406,0.68,0,1,0.346,,,,,,,,0.43,0.6,0,1,,,,
54808,20141218,-88.37,40.05,0.439,0.53,0,1,0.422,0.66,0,1,0.406,0.68,0,1,0.346,,,,,,,,0.43,0.59,0,1,,,,
54808,20141219,-88.37,40.05,0.439,0.52,0,1,0.423,0.66,0,1,0.406,0.69,0,1,0.345,,,,,,,,0.431,0.59,0,1,,,,
54808,20141220,-88.37,40.05,0.439,0.51,0,0.946,0.423,0.66,0,1,0.406,0.69,0,1,0.344,,,,,,,,0.431,0.58,0,1,,,,
54808,20141221,-88.37,40.05,0.438,0.5,0,0.911,0.423,0.65,0,1,0.406,0.69,0,1,0.343,,,,,,,,0.43,0.58,0,1,,,,
54808,20141222,-88.37,40.05,0.438,0.5,0,0.905,0.423,0.65,0,1,0.405,0.67,0,1,0.344,,,,,,,,0.431,0.58,0,1,,,,
54808,20141223,-88.37,40.05,0.44,0.52,0,0.899,0.423,0.66,0,1,0.405,0.68,0,0.994,0.351,,,,,,,,0.432,0.6,0,1,,,,
54808,20141224,-88.37,40.05,0.442,0.55,0,0.899,0.424,0.67,0,1,0.406,0.71,0,0.994,0.361,,,,,,,,0.433,0.64,0,1,,,,
54808,20141225,-88.37,40.05,0.447,0.62,0,0.899,0.426,0.72,0,1,0.407,0.75,0,0.994,0.368,,,,,,,,0.437,0.7,0,1,,,,
54808,20141226,-88.37,40.05,0.451,0.67,0,0.899,0.428,0.75,0,1,0.409,0.8,0,0.994,0.374,,,,,,,,0.44,0.76,0,1,,,,
54808,20141227,-88.37,40.05,0.457,0.75,0,0.952,0.43,0.78,0,1,0.41,0.84,0,0.994,0.38,,,,,,,,0.443,0.82,0,1,,,,
54808,20141228,-88.37,40.05,0.463,0.83,0,0.988,0.433,0.83,0,1,0.412,0.88,0,0.994,0.385,,,,,,,,0.448,0.89,0,1,,,,
54808,20141229,-88.37,40.05,0.468,0.9,0,0.994,0.436,0.86,0,1,0.415,0.94,0,0.994,0.389,,,,,,,,0.452,0.95,0,1,,,,
54808,20141230,-88.37,40.05,0.466,0.87,0,1,0.435,0.85,0,1,0.415,0.95,0,1,0.387,,,,,,,,0.45,0.92,0,1,,,,
54808,20141231,-88.37,40.05,0.462,0.83,0,1,0.433,0.81,0,1,0.414,0.93,0,1,0.381,,,,,,,,0.448,0.87,0,1,,,,
54808,20150101,-88.37,40.05,0.457,0.78,0,1,0.428,0.72,0,0.988,0.411,0.88,0,1,0.378,,,,,,,,0.443,0.81,0,0.993,,,,
54808,20150102,-88.37,40.05,0.456,0.76,0,1,0.423,0.63,0,0.899,0.409,0.83,0,1,0.377,,,,,,,,0.442,0.79,0,0.992,,,,
54808,20150103,-88.37,40.05,,,,,0.42,0.56,0,0.839,0.408,0.8,0,1,0.375,,,,,,,,,,,,,,,
54808,20150104,-88.37,40.05,,,,,0.416,0.5,0,0.81,0.407,0.79,0,1,0.377,,,,,,,,,,,,,,,
54808,20150105,-88.37,40.05,,,,,0.412,0.44,0,0.756,0.406,0.78,0,1,0.377,,,,,,,,,,,,,,,
54808,20150106,-88.37,40.05,,,,,0.41,0.4,0,0.696,0.404,0.76,0,1,0.378,,,,,,,,,,,,,,,
54808,20150107,-88.37,40.05,,,,,0.407,0.36,0,0.625,0.403,0.75,0,1,0.379,,,,,,,,,,,,,,,
54808,20150108,-88.37,40.05,,,,,0.406,0.33,0,0.56,0.403,0.74,0,0.988,0.379,,,,,,,,,,,,,,,
54808,20150109,-88.37,40.05,,,,,0.406,0.33,0,0.571,0.402,0.73,0,0.94,0.38,,,,,,,,,,,,,,,
54808,20150110,-88.37,40.05,,,,,0.405,0.31,0,0.548,0.401,0.7,0,0.905,0.385,,,,,,,,,,,,,,,
54808,20150111,-88.37,40.05,,,,,0.403,0.26,0,0.494,0.398,0.64,0,0.845,0.385,,,,,,,,,,,,,,,
54808,20150112,-88.37,40.05,,,,,0.401,0.24,0,0.469,0.396,0.6,0,0.78,0.386,,,,,,,,,,,,,,,
54808,20150113,-88.37,40.05,,,,,0.399,0.21,0,0.447,0.394,0.56,0,0.702,0.39,,,,,,,,,,,,,,,
54808,20150114,-88.37,40.05,,,,,0.397,0.18,0,0.434,0.393,0.54,0.006,0.637,0.394,,,,,,,,,,,,,,,
54808,20150115,-88.37,40.05,,,,,0.395,0.15,0,0.427,0.392,0.51,0.006,0.589,0.398,,,,,,,,,,,,,,,
54808,20150116,-88.37,40.05,,,,,0.394,0.12,0,0.412,0.39,0.48,0.006,0.554,0.4,,,,,,,,,,,,,,,
54808,20150117,-88.37,40.05,,,,,0.393,0.12,0,0.407,0.391,0.5,0.006,0.56,0.399,,,,,,,,,,,,,,,
54808,20150118,-88.37,40.05,,,,,0.394,0.04,0,0.333,0.393,0.57,0.006,0.607,0.406,,,,,,,,,,,,,,,
54808,20150119,-88.37,40.05,,,,,0.396,,,,0.396,0.66,0.006,0.667,0.412,,,,,,,,,,,,,,,
54808,20150120,-88.37,40.05,,,,,0.398,,,,0.397,0.7,0.006,0.708,0.413,,,,,,,,,,,,,,,
54808,20150121,-88.37,40.05,,,,,0.399,,,,0.398,0.72,0,0.744,0.415,,,,,,,,,,,,,,,
54808,20150122,-88.37,40.05,,,,,0.401,,,,0.399,0.77,0,0.768,0.417,,,,,,,,,,,,,,,
54808,20150123,-88.37,40.05,,,,,0.403,,,,0.4,0.81,0,0.792,0.42,,,,,,,,,,,,,,,
54808,20150124,-88.37,40.05,,,,,0.404,,,,0.4,0.81,0,0.786,0.425,,,,,,,,,,,,,,,
54808,20150125,-88.37,40.05,,,,,0.403,,,,0.4,0.82,0,0.786,0.423,,,,,,,,,,,,,,,
54808,20150126,-88.37,40.05,,,,,0.403,,,,0.401,0.83,0,0.792,0.422,,,,,,,,,,,,,,,
54808,20150127,-88.37,40.05,,,,,0.403,,,,0.403,0.9,0,0.827,0.423,,,,,,,,,,,,,,,
54808,20150128,-88.37,40.05,,,,,0.403,,,,0.406,0.97,0,0.857,0.424,,,,,,,,,,,,,,,
54808,20150129,-88.37,40.05,,,,,0.403,,,,0.408,1.03,0,0.893,0.425,,,,,,,,,,,,,,,
54808,20150130,-88.37,40.05,,,,,0.403,,,,0.411,1.1,0,0.95,0.426,,,,,,,,,,,,,,,
54808,20150131,-88.37,40.05,,,,,0.403,,,,0.413,1.17,0,0.986,0.425,,,,,,,,,,,,,,,
54808,20150201,-88.37,40.05,,,,,0.403,,,,0.414,1.2,0,1,0.425,,,,,,,,,,,,,,,
54808,20150202,-88.37,40.05,,,,,0.402,,,,0.413,1.19,0,1,0.425,,,,,,,,,,,,,,,
54808,20150203,-88.37,40.05,,,,,0.403,,,,0.413,1.18,0,1,0.425,,,,,,,,,,,,,,,
54808,20150204,-88.37,40.05,,,,,0.404,,,,0.413,1.18,0,1,0.426,,,,,,,,,,,,,,,
54808,20150205,-88.37,40.05,,,,,0.403,,,,0.412,1.1,0,1,0.427,,,,,,,,,,,,,,,
54808,20150206,-88.37,40.05,,,,,0.403,,,,0.412,1.16,0,1,0.427,,,,,,,,,,,,,,,
54808,20150207,-88.37,40.05,,,,,0.403,,,,0.412,,,,0.427,,,,,,,,,,,,,,,
54808,20150208,-88.37,40.05,,,,,0.403,,,,0.413,,,,0.429,,,,,,,,,,,,,,,
54808,20150209,-88.37,40.05,,,,,0.406,,,,0.414,,,,0.433,,,,,,,,,,,,,,,
54808,20150210,-88.37,40.05,,,,,0.406,,,,0.415,,,,0.434,,,,,,,,,,,,,,,
54808,20150211,-88.37,40.05,,,,,0.406,,,,0.416,,,,0.434,,,,,,,,,,,,,,,
54808,20150212,-88.37,40.05,,,,,0.406,,,,0.417,,,,0.434,,,,,,,,,,,,,,,
54808,20150213,-88.37,40.05,,,,,0.407,,,,0.417,0.86,0,0.818,0.435,,,,,,,,,,,,,,,
54808,20150214,-88.37,40.05,,,,,0.407,,,,0.416,0.77,0,0.767,0.435,,,,,,,,,,,,,,,
54808,20150215,-88.37,40.05,,,,,0.407,,,,0.412,0.58,0.038,0.604,0.434,,,,,,,,,,,,,,,
54808,20150216,-88.37,40.05,,,,,0.405,,,,0.407,0.54,0.039,0.597,0.431,,,,,,,,,,,,,,,
54808,20150217,-88.37,40.05,,,,,0.404,,,,0.404,0.53,0.03,0.594,0.43,,,,,,,,,,,,,,,
54808,20150218,-88.37,40.05,,,,,,,,,0.401,0.52,0.032,0.576,0.429,,,,,,,,,,,,,,,
54808,20150219,-88.37,40.05,,,,,,,,,0.397,0.49,0.04,0.57,0.428,,,,,,,,,,,,,,,
54808,20150220,-88.37,40.05,,,,,,,,,0.395,0.47,0.043,0.568,0.427,,,,,,,,,,,,,,,
54808,20150221,-88.37,40.05,,,,,,,,,0.394,0.43,0.066,0.545,0.426,,,,,,,,,,,,,,,
54808,20150222,-88.37,40.05,,,,,,,,,0.394,0.43,0.065,0.56,0.425,,,,,,,,,,,,,,,
54808,20150223,-88.37,40.05,,,,,,,,,0.394,0.42,0.077,0.554,0.424,,,,,,,,,,,,,,,
54808,20150224,-88.37,40.05,,,,,,,,,0.392,0.35,0.101,0.506,0.423,,,,,,,,,,,,,,,
54808,20150225,-88.37,40.05,,,,,,,,,0.391,0.31,0.125,0.488,0.423,,,,,,,,,,,,,,,
54808,20150226,-88.37,40.05,,,,,,,,,0.39,0.28,0.149,0.476,0.422,,,,,,,,,,,,,,,
54808,20150227,-88.37,40.05,,,,,,,,,0.388,0.2,0.179,0.435,0.42,,,,,,,,,,,,,,,
54808,20150228,-88.37,40.05,,,,,,,,,0.386,0.13,0.202,0.387,0.418,,,,,,,,,,,,,,,
54808,20150301,-88.37,40.05,,,,,,,,,0.385,0.09,0.214,0.369,0.418,,,,,,,,,,,,,,,
54808,20150302,-88.37,40.05,,,,,,,,,0.383,0.02,0.256,0.345,0.418,,,,,,,,,,,,,,,
54808,20150303,-88.37,40.05,,,,,,,,,0.382,-0.01,0.274,0.339,0.417,,,,,,,,,,,,,,,
54808,20150304,-88.37,40.05,,,,,,,,,0.38,-0.06,0.292,0.304,0.416,,,,,,,,,,,,,,,
54808,20150305,-88.37,40.05,,,,,,,,,0.377,-0.15,0.339,0.262,0.415,,,,,,,,,,,,,,,
54808,20150306,-88.37,40.05,,,,,,,,,0.376,-0.2,0.381,0.244,0.414,,,,,,,,,,,,,,,
54808,20150307,-88.37,40.05,,,,,,,,,0.376,-0.19,0.369,0.256,0.415,,,,,,,,,,,,,,,
54808,20150308,-88.37,40.05,,,,,,,,,0.374,-0.25,0.417,0.238,0.414,,,,,,,,,,,,,,,
54808,20150309,-88.37,40.05,,,,,,,,,0.374,-0.26,0.405,0.208,0.412,,,,,,,,,,,,,,,
54808,20150310,-88.37,40.05,,,,,,,,,0.374,-0.26,0.417,0.219,0.411,,,,,,,,,,,,,,,
54808,20150311,-88.37,40.05,,,,,,,,,,,,,0.42,,,,,,,,,,,,,,,
54808,20150312,-88.37,40.05,,,,,,,,,,,,,0.422,,,,,,,,,,,,,,,
54808,20150313,-88.37,40.05,,,,,,,,,,,,,0.425,,,,,,,,,,,,,,,
54808,20150314,-88.37,40.05,,,,,,,,,,,,,0.428,,,,,,,,,,,,,,,
54808,20150315,-88.37,40.05,,,,,,,,,,,,,0.431,,,,,,,,,,,,,,,
54808,20150316,-88.37,40.05,,,,,,,,,,,,,0.434,,,,,,,,,,,,,,,
54808,20150317,-88.37,40.05,,,,,,,,,0.402,0.69,0,0.709,0.437,,,,,,,,,,,,,,,
54808,20150318,-88.37,40.05,0.423,0.76,0,0.66,,,,,0.401,0.66,0,0.696,0.432,,,,,,,,,,,,,,,
54808,20150319,-88.37,40.05,0.414,0.57,0.013,0.544,,,,,0.398,0.58,0.012,0.643,0.432,,,,,,,,,,,,,,,
54808,20150320,-88.37,40.05,0.405,0.39,0.025,0.407,0.411,0.5,0,0.705,0.397,0.55,0.012,0.667,0.433,,,,,,,,0.407,0.48,0,0.523,,,,
54808,20150321,-88.37,40.05,0.396,0.19,0.025,0.259,0.407,0.44,0,0.66,0.396,0.51,0.012,0.643,0.432,,,,,,,,0.401,0.36,0,0.391,,,,
54808,20150322,-88.37,40.05,0.388,0.03,0.024,0.127,0.403,0.37,0,0.561,0.395,0.48,0.012,0.649,0.433,,,,,,,,0.396,0.25,0,0.256,,,,
54808,20150323,-88.37,40.05,0.383,-0.06,0.03,0.03,0.4,0.32,0,0.458,0.394,0.44,0.012,0.631,0.433,,,,,,,,0.392,0.17,0,0.137,,,,
54808,20150324,-88.37,40.05,0.379,-0.14,0.054,0,0.398,0.28,0,0.339,0.393,0.41,0.012,0.607,0.432,,,,,,,,0.388,0.11,0,0.03,,,,
54808,20150325,-88.37,40.05,0.378,-0.15,0.054,0.03,0.397,0.27,0,0.321,0.392,0.39,0.012,0.595,0.431,,,,,,,,0.387,0.09,0,0.048,,,,
54808,20150326,-88.37,40.05,0.383,-0.06,0.042,0.083,0.4,0.34,0,0.429,0.394,0.46,0,0.661,0.431,,,,,,,,0.391,0.17,0,0.19,,,,
54808,20150327,-88.37,40.05,0.385,-0.01,0.03,0.113,0.402,0.39,0,0.506,0.396,0.52,0,0.702,0.432,,,,,,,,0.393,0.22,0,0.304,,,,
54808,20150328,-88.37,40.05,0.384,-0.01,0.03,0.113,0.402,0.41,0,0.536,0.397,0.53,0,0.732,0.433,,,,,,,,0.393,0.23,0,0.327,,,,
54808,20150329,-88.37,40.05,0.383,-0.01,0.03,0.113,0.403,0.42,0,0.589,0.397,0.54,0,0.738,0.435,,,,,,,,0.393,0.23,0,0.327,,,,
54808,20150330,-88.37,40.05,0.383,0.01,0.024,0.113,0.403,0.43,0,0.649,0.396,0.53,0,0.714,0.435,,,,,,,,0.393,0.24,0,0.327,,,,
54808,20150331,-88.37,40.05,0.384,0.04,0,0.113,0.404,0.46,0,0.714,0.396,0.53,0,0.72,0.436,,,,,,,,0.394,0.27,0,0.327,,,,
54808,20150401,-88.37,40.05,0.382,0.03,0,0.083,0.403,0.46,0,0.72,0.397,0.54,0,0.744,0.437,,,,,,,,0.393,0.26,0,0.286,,,,
54808,20150402,-88.37,40.05,0.375,-0.07,0,0.03,0.399,0.39,0,0.613,0.396,0.5,0,0.726,0.438,,,,,,,,0.387,0.16,0,0.143,,,,
54808,20150403,-88.37,40.05,0.368,-0.14,0.012,0,0.395,0.34,0,0.524,0.394,0.45,0,0.69,0.436,,,,,,,,0.382,0.08,0,0.024,,,,
54808,20150404,-88.37,40.05,0.363,-0.19,0.054,0,0.392,0.3,0,0.411,0.394,0.44,0,0.673,0.435,,,,,,,,0.378,0.02,0,0,,,,
54808,20150405,-88.37,40.05,0.357,-0.24,0.113,0,0.389,0.25,0,0.321,0.393,0.41,0,0.649,0.434,,,,,,,,0.373,-0.03,0,0,,,,
54808,20150406,-88.37,40.05,0.349,-0.3,0.256,0,0.385,0.2,0,0.232,0.393,0.4,0,0.643,0.434,,,,,,,,0.367,-0.09,0.006,0,,,,
54808,20150407,-88.37,40.05,0.341,-0.37,0.399,0,0.38,0.14,0,0.149,0.393,0.4,0,0.619,0.433,,,,,,,,0.361,-0.16,0.024,0,,,,
54808,20150408,-88.37,40.05,0.334,-0.42,0.53,0.006,0.376,0.09,0,0.089,0.393,0.39,0,0.631,0.433,,,,,,,,0.355,-0.22,0.03,0.006,,,,
54808,20150409,-88.37,40.05,0.341,-0.33,0.53,0.095,0.377,0.1,0,0.137,0.394,0.41,0,0.643,0.433,,,,,,,,0.359,-0.16,0.03,0.113,,,,
54808,20150410,-88.37,40.05,0.353,-0.19,0.518,0.238,0.384,0.19,0,0.232,0.398,0.47,0,0.679,0.439,,,,,,,,0.369,-0.04,0.03,0.256,,,,
54808,20150411,-88.37,40.05,0.362,-0.09,0.476,0.339,0.389,0.26,0,0.369,0.401,0.51,0,0.726,0.441,,,,,,,,0.375,0.05,0.03,0.399,,,,
54808,20150412,-88.37,40.05,0.369,-0.01,0.417,0.339,0.394,0.32,0,0.512,0.403,0.54,0,0.78,0.443,,,,,,,,0.381,0.14,0.03,0.524,,,,
54808,20150413,-88.37,40.05,0.375,0.07,0.274,0.339,0.398,0.39,0,0.655,0.406,0.57,0,0.857,0.445,,,,,,,,0.387,0.22,0.024,0.565,,,,
54808,20150414,-88.37,40.05,0.381,0.15,0.131,0.339,0.402,0.45,0,0.786,0.408,0.61,0,0.935,0.446,,,,,,,,0.391,0.29,0.006,0.565,,,,
54808,20150415,-88.37,40.05,0.383,0.2,0,0.333,0.405,0.49,0,0.839,0.41,0.62,0,0.958,0.446,,,,,,,,0.394,0.34,0,0.56,,,,
54808,20150416,-88.37,40.05,0.37,0.1,0,0.244,0.401,0.46,0,0.756,0.409,0.6,0,0.97,0.447,,,,,,,,0.385,0.27,0,0.452,,,,
54808,20150417,-88.37,40.05,0.351,-0.04,0,0.101,0.389,0.34,0,0.613,0.405,0.52,0,0.952,0.441,,,,,,,,0.37,0.14,0,0.31,,,,
54808,20150418,-88.37,40.05,0.336,-0.14,0,0,0.38,0.25,0,0.47,0.402,0.48,0,0.917,0.439,,,,,,,,0.358,0.04,0,0.167,,,,
54808,20150419,-88.37,40.05,0.321,-0.24,0.083,0,0.371,0.16,0,0.327,0.4,0.45,0,0.893,0.438,,,,,,,,0.346,-0.06,0,0.042,,,,
54808,20150420,-88.37,40.05,0.309,-0.32,0.155,0,0.361,0.07,0,0.185,0.398,0.42,0,0.857,0.437,,,,,,,,0.335,-0.14,0,0,,,,
54808,20150421,-88.37,40.05,0.301,-0.36,0.155,0,0.352,-0.01,0,0.054,0.396,0.39,0,0.833,0.435,,,,,,,,0.327,-0.2,0,0,,,,
54808,20150422,-88.37,40.05,0.295,-0.39,0.155,0,0.344,-0.07,0,0,0.393,0.36,0,0.762,0.434,,,,,,,,0.32,-0.25,0,0,,,,
54808,20150423,-88.37,40.05,0.289,-0.41,0.155,0,0.338,-0.12,0,0,0.392,0.34,0,0.696,0.434,,,,,,,,0.314,-0.28,0,0,,,,
54808,20150424,-88.37,40.05,0.284,-0.43,0.179,0,0.331,-0.17,0,0,0.388,0.3,0,0.583,0.434,,,,,,,,0.308,-0.32,0,0,,,,
54808,20150425,-88.37,40.05,0.28,-0.45,0.226,0,0.325,-0.2,0,0,0.384,0.27,0,0.482,0.432,,,,,,,,0.302,-0.34,0,0,,,,
54808,20150426,-88.37,40.05,0.29,-0.37,0.161,0,0.325,-0.19,0,0,0.38,0.23,0,0.369,0.431,,,,,,,,0.307,-0.29,0,0,,,,
54808,20150427,-88.37,40.05,0.3,-0.29,0.089,0,0.326,-0.17,0,0,0.377,0.2,0,0.268,0.429,,,,,,,,0.313,-0.24,0,0,,,,
54808,20150428,-88.37,40.05,0.304,-0.25,0.089,0,0.326,-0.15,0,0,0.373,0.17,0,0.155,0.428,,,,,,,,0.315,-0.21,0,0,,,,
54808,20150429,-88.37,40.05,0.307,-0.23,0.089,0,0.327,-0.13,0,0,0.37,0.14,0,0.095,0.428,,,,,,,,0.317,-0.18,0,0,,,,
54808,20150430,-88.37,40.05,0.307,-0.21,0.089,0,0.328,-0.11,0,0,0.367,0.12,0,0.03,0.426,,,,,,,,0.318,-0.17,0,0,,,,
54808,20150501,-88.37,40.05,0.306,-0.22,0.125,0,0.328,-0.1,0,0,0.365,0.11,0,0.018,0.424,,,,,,,,0.317,-0.16,0,0,,,,
54808,20150502,-88.37,40.05,0.304,-0.22,0.22,0,0.327,-0.1,0,0,0.361,0.08,0,0.012,0.423,,,,,,,,0.315,-0.16,0.018,0,,,,
54808,20150503,-88.37,40.05,0.288,-0.31,0.345,0,0.32,-0.15,0,0,0.357,0.06,0,0.012,0.422,,,,,,,,0.304,-0.23,0.131,0,,,,
54808,20150504,-88.37,40.05,0.269,-0.42,0.488,0,0.312,-0.2,0,0,0.353,0.02,0,0.006,0.42,,,,,,,,0.291,-0.32,0.274,0,,,,
54808,20150505,-88.37,40.05,0.254,-0.51,0.631,0,0.305,-0.26,0.006,0,0.347,-0.02,0,0,0.418,,,,,,,,0.28,-0.39,0.417,0,,,,
54808,20150506,-88.37,40.05,0.242,-0.59,0.774,0,0.298,-0.31,0.024,0,0.342,-0.06,0,0,0.415,,,,,,,,0.27,-0.46,0.56,0,,,,
54808,20150507,-88.37,40.05,0.232,-0.64,0.917,0,0.29,-0.37,0.143,0,0.337,-0.1,0,0,0.412,,,,,,,,0.261,-0.52,0.702,0,,,,
54808,20150508,-88.37,40.05,0.225,-0.69,1,0,0.283,-0.42,0.286,0,0.331,-0.14,0,0,0.407,,,,,,,,0.254,-0.57,0.845,0,,,,
54808,20150509,-88.37,40.05,0.219,-0.72,1,0,0.276,-0.47,0.429,0,0.327,-0.18,0,0,0.402,,,,,,,,0.248,-0.61,0.97,0,,,,
54808,20150510,-88.37,40.05,0.224,-0.7,0.958,0.036,0.274,-0.49,0.53,0,0.324,-0.2,0,0,0.396,,,,,,,,0.249,-0.6,0.958,0,,,,
54808,20150511,-88.37,40.05,0.252,-0.53,0.815,0.137,0.288,-0.38,0.53,0.089,0.321,-0.22,0,0,0.391,,,,,,,,0.27,-0.46,0.815,0.095,,,,
54808,20150512,-88.37,40.05,0.282,-0.35,0.673,0.262,0.309,-0.22,0.524,0.232,0.327,-0.15,0,0.071,0.385,,,,,,,,0.296,-0.29,0.673,0.238,,,,
54808,20150513,-88.37,40.05,0.307,-0.2,0.53,0.274,0.327,-0.08,0.506,0.351,0.333,-0.1,0,0.101,0.381,,,,,,,,0.317,-0.14,0.53,0.321,,,,
54808,20150514,-88.37,40.05,0.329,-0.06,0.387,0.274,0.344,0.05,0.387,0.393,0.339,-0.04,0,0.119,0.376,,,,,,,,0.337,0,0.387,0.321,,,,
54808,20150515,-88.37,40.05,0.353,0.08,0.244,0.31,0.362,0.19,0.244,0.429,0.345,0.02,0,0.119,0.372,,,,,,,,0.357,0.14,0.244,0.357,,,,
54808,20150516,-88.37,40.05,0.382,0.26,0.101,0.446,0.381,0.34,0.101,0.536,0.352,0.08,0,0.119,0.369,,,,,,,,0.382,0.31,0.101,0.494,,,,
54808,20150517,-88.37,40.05,0.402,0.39,0,0.506,0.397,0.47,0,0.619,0.358,0.13,0,0.119,0.367,,,,,,,,0.399,0.44,0,0.601,,,,
54808,20150518,-88.37,40.05,0.397,0.37,0,0.435,0.397,0.47,0,0.565,0.363,0.19,0,0.119,0.364,,,,,,,,0.397,0.44,0,0.536,,,,
54808,20150519,-88.37,40.05,0.386,0.31,0,0.31,0.389,0.41,0,0.429,0.36,0.17,0,0.048,0.361,,,,,,,,0.388,0.38,0,0.393,,,,
54808,20150520,-88.37,40.05,0.378,0.27,0,0.305,0.382,0.36,0,0.317,0.357,0.14,0,0.018,0.358,,,,,,,,0.38,0.33,0,0.317,,,,
54808,20150521,-88.37,40.05,0.368,0.23,0,0.305,0.374,0.32,0,0.274,0.354,0.13,0,0,0.355,,,,,,,,0.371,0.29,0,0.317,,,,
54808,20150522,-88.37,40.05,0.357,0.17,0,0.268,0.366,0.26,0,0.238,0.352,0.11,0,0,0.351,,,,,,,,0.362,0.24,0,0.28,,,,
54808,20150523,-88.37,40.05,0.338,0.06,0,0.128,0.355,0.18,0,0.128,0.349,0.09,0,0,0.348,,,,,,,,0.346,0.14,0,0.14,,,,
54808,20150524,-88.37,40.05,0.316,-0.05,0.073,0.03,0.342,0.09,0,0.043,0.345,0.06,0,0,0.344,,,,,,,,0.329,0.03,0,0.03,,,,
54808,20150525,-88.37,40.05,0.295,-0.17,0.22,0,0.329,-0.01,0.006,0.006,0.342,0.03,0,0,0.339,-1.04,1,0,,,,,0.312,-0.08,0.104,0,,,,
54808,20150526,-88.37,40.05,0.277,-0.27,0.366,0,0.316,-0.1,0.03,0,0.338,0,0,0,0.334,-1.08,1,0,,,,,0.297,-0.17,0.25,0,,,,
54808,20150527,-88.37,40.05,0.268,-0.31,0.387,0,0.308,-0.15,0.03,0,0.335,-0.02,0,0,0.33,-1.07,1,0,,,,,0.288,-0.22,0.274,0,,,,
54808,20150528,-88.37,40.05,0.26,-0.34,0.387,0,0.3,-0.19,0.03,0,0.332,-0.04,0,0,0.324,-1.09,1,0,,,,,0.28,-0.26,0.274,0,,,,
54808,20150529,-88.37,40.05,0.251,-0.37,0.44,0,0.291,-0.24,0.03,0,0.328,-0.07,0,0,0.319,-1.1,1,0,,,,,0.271,-0.3,0.327,0,,,,
54808,20150530,-88.37,40.05,0.243,-0.4,0.577,0,0.284,-0.27,0.036,0,0.324,-0.09,0,0,0.314,-1.1,1,0,,,,,0.263,-0.33,0.435,0,,,,
54808,20150531,-88.37,40.05,0.262,-0.26,0.506,0.107,0.294,-0.17,0.036,0.083,0.328,-0.04,0,0.065,0.311,-1.08,0.993,0,,,,,0.278,-0.22,0.435,0.107,,,,
54808,20150601,-88.37,40.05,0.286,-0.09,0.363,0.25,0.312,-0.02,0.03,0.226,0.34,0.07,0,0.208,0.318,-0.93,0.845,0,,,,,0.299,-0.05,0.333,0.25,,,,
54808,20150602,-88.37,40.05,0.309,0.07,0.22,0.393,0.329,0.12,0.006,0.369,0.351,0.18,0,0.351,0.327,-0.79,0.72,0,,,,,0.319,0.1,0.19,0.393,,,,
54808,20150603,-88.37,40.05,0.327,0.2,0.19,0.536,0.344,0.24,0.006,0.512,0.362,0.29,0,0.494,0.334,-0.66,0.605,0,,,,,0.336,0.23,0.161,0.536,,,,
54808,20150604,-88.37,40.05,0.342,0.31,0.19,0.637,0.359,0.36,0.006,0.655,0.371,0.38,0,0.637,0.341,-0.53,0.476,0,,,,,0.35,0.34,0.161,0.679,,,,
54808,20150605,-88.37,40.05,0.356,0.41,0.137,0.649,0.372,0.47,0.006,0.78,0.38,0.47,0,0.78,0.348,-0.4,0.357,0,,,,,0.364,0.44,0.107,0.756,,,,
54808,20150606,-88.37,40.05,0.368,0.49,0,0.649,0.385,0.56,0,0.827,0.389,0.55,0,0.917,0.356,-0.27,0.22,0,,,,,0.376,0.54,0,0.756,,,,
54808,20150607,-88.37,40.05,0.353,0.41,0,0.542,0.377,0.52,0,0.744,0.39,0.57,0,0.946,0.363,-0.16,0.089,0,,,,,0.365,0.47,0,0.649,,,,
54808,20150608,-88.37,40.05,0.343,0.36,0,0.458,0.37,0.47,0,0.649,0.386,0.53,0,0.875,0.36,-0.17,0.083,0.012,,,,,0.356,0.42,0,0.565,,,,
54808,20150609,-88.37,40.05,0.346,0.38,0,0.458,0.373,0.49,0,0.649,0.388,0.54,0,0.875,0.366,-0.11,0.071,0.113,,,,,0.36,0.44,0,0.565,,,,
54808,20150610,-88.37,40.05,0.349,0.4,0,0.458,0.375,0.51,0,0.649,0.389,0.54,0,0.875,0.371,-0.05,0.048,0.196,,,,,0.362,0.45,0,0.565,,,,
54808,20150611,-88.37,40.05,0.35,0.41,0,0.458,0.376,0.51,0,0.649,0.391,0.55,0,0.875,0.376,0.01,0.036,0.28,,,,,0.363,0.46,0,0.565,,,,
54808,20150612,-88.37,40.05,0.35,0.41,0,0.446,0.376,0.51,0,0.607,0.392,0.56,0,0.875,0.38,0.06,0.012,0.333,,,,,0.363,0.46,0,0.506,,,,
54808,20150613,-88.37,40.05,0.365,0.49,0,0.583,0.382,0.54,0,0.643,0.396,0.58,0,0.875,0.386,0.12,0.006,0.405,,,,,0.373,0.52,0,0.643,,,,
54808,20150614,-88.37,40.05,0.385,0.61,0,0.726,0.396,0.63,0,0.786,0.404,0.63,0,0.923,0.395,0.21,0,0.518,,,,,0.39,0.62,0,0.786,,,,
54808,20150615,-88.37,40.05,0.395,0.67,0,0.81,0.403,0.67,0,0.881,0.408,0.66,0,0.994,0.402,0.28,0,0.619,,,,,0.399,0.67,0,0.869,,,,
54808,20150616,-88.37,40.05,0.394,0.66,0,0.81,0.402,0.65,0,0.881,0.407,0.65,0,0.994,0.401,0.27,0,0.619,,,,,0.398,0.66,0,0.869,,,,
54808,20150617,-88.37,40.05,0.399,0.69,0,0.81,0.405,0.67,0,0.881,0.409,0.66,0,0.994,0.403,0.29,0,0.649,,,,,0.402,0.68,0,0.869,,,,
54808,20150618,-88.37,40.05,0.406,0.74,0,0.851,0.41,0.7,0,0.881,0.411,0.67,0,0.994,0.404,0.31,0,0.661,,,,,0.408,0.72,0,0.869,,,,
54808,20150619,-88.37,40.05,0.421,0.83,0,0.994,0.417,0.75,0,0.94,0.413,0.69,0,0.994,0.406,0.32,0,0.696,,,,,0.419,0.79,0,0.994,,,,
54808,20150620,-88.37,40.05,0.427,0.87,0,1,0.423,0.79,0,1,0.416,0.71,0,1,0.406,0.33,0,0.708,,,,,0.425,0.83,0,1,,,,
54808,20150621,-88.37,40.05,0.428,0.89,0,1,0.423,0.8,0,1,0.415,0.71,0,1,0.404,0.31,0,0.673,,,,,0.426,0.85,0,1,,,,
54808,20150622,-88.37,40.05,0.435,0.94,0,1,0.427,0.83,0,1,0.416,0.72,0,1,0.401,0.3,0,0.637,,,,,0.431,0.9,0,1,,,,
54808,20150623,-88.37,40.05,0.437,0.97,0,1,0.428,0.85,0,1,0.418,0.73,0,1,0.399,0.28,0,0.577,,,,,0.433,0.93,0,1,,,,
54808,20150624,-88.37,40.05,0.435,0.97,0,1,0.426,0.84,0,1,0.418,0.74,0,1,0.397,0.27,0,0.53,,,,,0.431,0.93,0,1,,,,
54808,20150625,-88.37,40.05,0.437,0.99,0,1,0.427,0.86,0,1,0.419,0.75,0,1,0.396,0.27,0,0.524,,,,,0.432,0.96,0,1,,,,
54808,20150626,-88.37,40.05,0.438,1,0,1,0.431,0.89,0,1,0.422,0.78,0,1,0.4,0.3,0,0.577,,,,,0.435,0.99,0,1,,,,
54808,20150627,-88.37,40.05,0.441,1.03,0,1,0.435,0.92,0,1,0.425,0.81,0,1,0.417,0.44,0,0.637,,,,,0.438,1.02,0,1,,,,
54808,20150628,-88.37,40.05,0.44,1.03,0,1,0.434,0.93,0,1,0.425,0.83,0,1,0.421,0.48,0,0.702,,,,,0.437,1.03,0,1,,,,
54808,20150629,-88.37,40.05,0.437,1.02,0,1,0.433,0.94,0,1,0.426,0.85,0,1,0.424,0.51,0,0.768,,,,,0.435,1.03,0,1,,,,
54808,20150630,-88.37,40.05,0.438,1.03,0,1,0.435,0.96,0,1,0.427,0.87,0,1,0.426,0.53,0,0.851,,,,,0.436,1.05,0,1,,,,
54808,20150701,-88.37,40.05,0.439,1.04,0,1,0.437,0.98,0,1,0.427,0.89,0,1,0.427,0.55,0,0.917,,,,,0.438,1.06,0,1,,,,
54808,20150702,-88.37,40.05,0.438,1.03,0,1,0.437,0.99,0,1,0.426,0.9,0,1,0.428,0.56,0,0.958,,,,,0.437,1.06,0,1,,,,
54808,20150703,-88.37,40.05,0.431,0.99,0,1,0.432,0.96,0,1,0.424,0.89,0,1,0.425,0.53,0,0.916,,,,,0.432,1.02,0,1,,,,
54808,20150704,-88.37,40.05,0.419,0.91,0,1,0.424,0.91,0,1,0.419,0.86,0,1,0.408,0.4,0,0.862,,,,,0.422,0.95,0,1,,,,
54808,20150705,-88.37,40.05,0.409,0.84,0,0.946,0.418,0.87,0,1,0.417,0.85,0,1,0.405,0.36,0,0.796,,,,,0.414,0.89,0,0.994,,,,
54808,20150706,-88.37,40.05,0.396,0.75,0,0.802,0.41,0.81,0,0.976,0.414,0.83,0,1,0.402,0.33,0,0.701,,,,,0.403,0.81,0,0.88,,,,
54808,20150707,-88.37,40.05,0.381,0.66,0,0.671,0.399,0.74,0,0.886,0.409,0.79,0,1,0.4,0.31,0,0.629,,,,,0.39,0.72,0,0.749,,,,
54808,20150708,-88.37,40.05,0.383,0.66,0,0.671,0.4,0.74,0,0.886,0.408,0.79,0,1,0.399,0.29,0,0.527,,,,,0.392,0.72,0,0.749,,,,
54808,20150709,-88.37,40.05,0.39,0.7,0,0.671,0.404,0.77,0,0.886,0.411,0.82,0,1,0.408,0.35,0,0.515,,,,,0.397,0.76,0,0.749,,,,
54808,20150710,-88.37,40.05,0.398,0.75,0,0.673,0.408,0.81,0,0.887,0.414,0.86,0,1,0.413,0.38,0,0.536,,,,,0.403,0.8,0,0.75,,,,
54808,20150711,-88.37,40.05,0.405,0.8,0,0.673,0.413,0.85,0,0.887,0.416,0.89,0,1,0.415,0.39,0,0.554,,,,,0.409,0.85,0,0.75,,,,
54808,20150712,-88.37,40.05,0.416,0.88,0,0.726,0.418,0.91,0,0.887,0.418,0.91,0,1,0.416,0.39,0,0.56,,,,,0.417,0.92,0,0.756,,,,
54808,20150713,-88.37,40.05,0.43,0.98,0,0.869,0.427,0.99,0,0.911,0.42,0.95,0,1,0.419,0.41,0,0.619,,,,,0.428,1.01,0,0.869,,,,
54808,20150714,-88.37,40.05,0.442,1.07,0,1,0.435,1.07,0,1,0.424,1,0,1,0.42,0.42,0,0.655,,,,,0.438,1.1,0,1,,,,
54808,20150715,-88.37,40.05,0.438,1.07,0,1,0.432,1.08,0,1,0.424,1.01,0,1,0.421,0.43,0,0.69,,,,,0.435,1.11,0,1,,,,
54808,20150716,-88.37,40.05,0.427,1.04,0,1,0.425,1.05,0,1,0.42,0.99,0,1,0.412,0.37,0,0.661,,,,,0.426,1.07,0,1,,,,
54808,20150717,-88.37,40.05,0.416,1,0,1,0.416,1.02,0,1,0.415,0.97,0,1,0.408,0.34,0,0.661,,,,,0.416,1.03,0,1,,,,
54808,20150718,-88.37,40.05,0.406,0.95,0,1,0.407,0.98,0,1,0.411,0.96,0,1,0.406,0.34,0,0.667,,,,,0.407,0.99,0,1,,,,
54808,20150719,-88.37,40.05,0.391,0.88,0,0.994,0.397,0.92,0,1,0.409,0.96,0,1,0.405,0.34,0,0.661,,,,,0.394,0.92,0,1,,,,
54808,20150720,-88.37,40.05,0.374,0.79,0,0.917,0.385,0.85,0,1,0.406,0.94,0,1,0.404,0.34,0,0.667,,,,,0.38,0.84,0,1,,,,
54808,20150721,-88.37,40.05,0.358,0.7,0,0.792,0.373,0.78,0,0.976,0.401,0.91,0,1,0.403,0.34,0,0.655,,,,,0.365,0.75,0,0.917,,,,
54808,20150722,-88.37,40.05,0.342,0.62,0,0.649,0.361,0.7,0,0.917,0.396,0.89,0,1,0.402,0.35,0,0.673,,,,,0.352,0.67,0,0.798,,,,
54808,20150723,-88.37,40.05,0.328,0.54,0,0.506,0.35,0.63,0,0.786,0.392,0.86,0,1,0.4,0.35,0,0.679,,,,,0.339,0.59,0,0.655,,,,
54808,20150724,-88.37,40.05,0.314,0.47,0,0.363,0.34,0.56,0,0.643,0.387,0.84,0,1,0.398,0.34,0,0.643,,,,,0.327,0.52,0,0.512,,,,
54808,20150725,-88.37,40.05,0.301,0.4,0,0.22,0.331,0.51,0,0.5,0.383,0.81,0,0.988,0.395,0.33,0,0.601,,,,,0.316,0.45,0,0.369,,,,
54808,20150726,-88.37,40.05,0.29,0.34,0,0.083,0.322,0.46,0,0.357,0.377,0.77,0,0.97,0.393,0.32,0,0.577,,,,,0.306,0.39,0,0.226,,,,
54808,20150727,-88.37,40.05,0.28,0.3,0,0.018,0.315,0.41,0,0.214,0.371,0.74,0,0.946,0.39,0.31,0,0.548,,,,,0.298,0.34,0,0.083,,,,
54808,20150728,-88.37,40.05,0.272,0.26,0,0,0.308,0.38,0,0.095,0.366,0.71,0,0.899,0.387,0.29,0,0.53,,,,,0.29,0.3,0,0.024,,,,
54808,20150729,-88.37,40.05,0.267,0.24,0,0.024,0.305,0.37,0,0.036,0.361,0.67,0,0.821,0.386,0.29,0,0.536,,,,,0.286,0.28,0,0.024,,,,
54808,20150730,-88.37,40.05,0.272,0.3,0,0.167,0.309,0.42,0,0.167,0.357,0.65,0,0.768,0.388,0.31,0,0.583,,,,,0.291,0.33,0,0.167,,,,
54808,20150731,-88.37,40.05,0.276,0.35,0,0.31,0.311,0.45,0,0.274,0.353,0.62,0,0.679,0.389,0.33,0,0.631,,,,,0.294,0.37,0,0.304,,,,
54808,20150801,-88.37,40.05,0.28,0.39,0,0.417,0.312,0.47,0,0.292,0.349,0.59,0,0.601,0.39,0.34,0,0.679,,,,,0.296,0.41,0,0.345,,,,
54808,20150802,-88.37,40.05,0.282,0.43,0,0.44,0.311,0.49,0,0.292,0.347,0.58,0,0.554,0.391,0.37,0,0.744,,,,,0.297,0.43,0,0.345,,,,
54808,20150803,-88.37,40.05,0.284,0.46,0,0.44,0.311,0.5,0,0.292,0.345,0.56,0,0.476,0.391,0.38,0,0.768,,,,,0.297,0.46,0,0.345,,,,
54808,20150804,-88.37,40.05,0.285,0.49,0,0.44,0.31,0.51,0,0.292,0.342,0.55,0,0.429,0.39,0.38,0,0.768,,,,,0.298,0.48,0,0.345,,,,
54808,20150805,-88.37,40.05,0.283,0.49,0,0.417,0.307,0.5,0,0.268,0.34,0.54,0,0.411,0.386,0.37,0,0.708,,,,,0.295,0.48,0,0.321,,,,
54808,20150806,-88.37,40.05,0.272,0.42,0,0.274,0.298,0.44,0,0.125,0.338,0.52,0,0.339,0.378,0.31,0,0.583,,,,,0.285,0.42,0,0.179,,,,
54808,20150807,-88.37,40.05,0.264,0.37,0,0.131,0.292,0.41,0,0.018,0.336,0.52,0,0.298,0.37,0.26,0,0.458,,,,,0.278,0.38,0,0.042,,,,
54808,20150808,-88.37,40.05,0.257,0.34,0,0.024,0.288,0.38,0,0,0.334,0.51,0,0.25,0.363,0.21,0,0.339,,,,,0.273,0.35,0,0,,,,
54808,20150809,-88.37,40.05,0.252,0.32,0,0,0.285,0.36,0,0,0.332,0.49,0,0.179,0.353,0.14,0,0.222,,,,,0.269,0.33,0,0,,,,
54808,20150810,-88.37,40.05,0.256,0.37,0,0.119,0.291,0.43,0,0.119,0.335,0.52,0,0.256,0.352,0.14,0,0.216,,,,,0.273,0.39,0,0.119,,,,
54808,20150811,-88.37,40.05,0.26,0.42,0,0.262,0.297,0.49,0,0.262,0.337,0.55,0,0.351,0.35,0.12,0,0.181,,,,,0.279,0.46,0,0.262,,,,
54808,20150812,-88.37,40.05,0.264,0.46,0,0.405,0.302,0.54,0,0.405,0.34,0.58,0,0.446,0.349,0.1,0,0.175,,,,,0.283,0.51,0,0.405,,,,
54808,20150813,-88.37,40.05,0.266,0.49,0,0.476,0.306,0.59,0,0.548,0.342,0.61,0,0.571,0.346,0.09,0,0.189,,,,,0.286,0.56,0,0.548,,,,
54808,20150814,-88.37,40.05,0.267,0.51,0,0.476,0.309,0.62,0,0.685,0.344,0.64,0,0.696,0.344,0.1,0,0.242,,,,,0.288,0.6,0,0.673,,,,
54808,20150815,-88.37,40.05,0.267,0.53,0,0.476,0.312,0.66,0,0.786,0.346,0.66,0,0.815,0.342,0.13,0,0.381,,,,,0.289,0.63,0,0.726,,,,
54808,20150816,-88.37,40.05,0.267,0.54,0,0.476,0.315,0.7,0,0.893,0.348,0.68,0,0.923,0.34,0.36,0,0.842,,,,,0.291,0.65,0,0.786,,,,
54808,20150817,-88.37,40.05,0.259,0.49,0,0.357,0.308,0.66,0,0.851,0.345,0.65,0,0.911,0.33,,,,,,,,0.283,0.61,0,0.667,,,,
54808,20150818,-88.37,40.05,0.253,0.45,0,0.304,0.304,0.64,0,0.81,0.345,0.65,0,0.893,0.329,,,,,,,,0.279,0.58,0,0.613,,,,
54808,20150819,-88.37,40.05,0.259,0.53,0,0.304,0.307,0.68,0,0.81,0.351,0.71,0,0.893,0.337,,,,,,,,0.283,0.64,0,0.613,,,,
54808,20150820,-88.37,40.05,0.269,0.64,0,0.375,0.311,0.73,0,0.81,0.358,0.77,0,0.893,0.346,,,,,,,,0.29,0.72,0,0.613,,,,
54808,20150821,-88.37,40.05,0.279,0.73,0,0.518,0.316,0.77,0,0.815,0.364,0.83,0,0.899,0.356,,,,,,,,0.297,0.79,0,0.631,,,,
54808,20150822,-88.37,40.05,0.288,0.81,0,0.661,0.32,0.82,0,0.857,0.37,0.89,0,0.917,0.365,,,,,,,,0.304,0.86,0,0.72,,,,
54808,20150823,-88.37,40.05,0.296,0.88,0,0.804,0.325,0.86,0,0.893,0.376,0.95,0,0.946,0.375,,,,,,,,0.31,0.92,0,0.804,,,,
54808,20150824,-88.37,40.05,0.303,0.94,0,0.946,0.33,0.9,0,0.958,0.382,1,0,0.982,0.385,,,,,,,,0.317,0.97,0,0.946,,,,
54808,20150825,-88.37,40.05,0.308,0.96,0,1,0.332,0.91,0,1,0.386,1.03,0,1,0.388,,,,,,,,0.32,0.99,0,1,,,,
54808,20150826,-88.37,40.05,0.3,0.88,0,0.935,0.328,0.87,0,1,0.381,0.99,0,1,0.384,,,,,,,,0.314,0.92,0,0.994,,,,
54808,20150827,-88.37,40.05,0.29,0.77,0,0.792,0.324,0.82,0,0.994,0.377,0.94,0,1,0.378,,,,,,,,0.307,0.84,0,0.893,,,,
54808,20150828,-88.37,40.05,0.28,0.68,0,0.649,0.32,0.77,0,0.923,0.373,0.89,0,1,0.372,,,,,,,,0.3,0.76,0,0.75,,,,
54808,20150829,-88.37,40.05,0.272,0.6,0,0.506,0.316,0.72,0,0.792,0.368,0.84,0,0.988,0.366,,,,,,,,0.294,0.7,0,0.607,,,,
54808,20150830,-88.37,40.05,0.264,0.53,0,0.363,0.312,0.68,0,0.655,0.365,0.79,0,0.982,0.36,,,,,,,,0.288,0.64,0,0.464,,,,
54808,20150831,-88.37,40.05,0.257,0.47,0,0.22,0.309,0.64,0,0.512,0.362,0.75,0,0.964,0.355,,,,,,,,0.283,0.58,0,0.321,,,,
54808,20150901,-88.37,40.05,0.251,0.42,0,0.077,0.307,0.61,0,0.369,0.36,0.72,0,0.929,0.348,,,,,,,,0.279,0.54,0,0.179,,,,
54808,20150902,-88.37,40.05,0.252,0.42,0,0.012,0.309,0.61,0,0.357,0.362,0.72,0,0.929,0.351,,,,,,,,0.28,0.54,0,0.167,,,,
54808,20150903,-88.37,40.05,0.253,0.43,0,0.012,0.31,0.62,0,0.357,0.363,0.72,0,0.929,0.354,,,,,,,,0.282,0.55,0,0.232,,,,
54808,20150904,-88.37,40.05,0.254,0.43,0,0.012,0.312,0.62,0,0.363,0.364,0.72,0,0.923,0.357,,,,,,,,0.283,0.56,0,0.238,,,,
54808,20150905,-88.37,40.05,0.26,0.48,0,0.077,0.315,0.64,0,0.435,0.369,0.75,0,0.917,0.364,,,,,,,,0.287,0.6,0,0.304,,,,
54808,20150906,-88.37,40.05,0.269,0.54,0,0.22,0.32,0.67,0,0.571,0.375,0.8,0,0.923,0.372,,,,,,,,0.295,0.65,0,0.446,,,,
54808,20150907,-88.37,40.05,0.277,0.6,0,0.363,0.324,0.69,0,0.714,0.379,0.83,0,0.94,0.38,,,,,,,,0.301,0.69,0,0.589,,,,
54808,20150908,-88.37,40.05,0.284,0.65,0,0.506,0.328,0.71,0,0.845,0.384,0.86,0,0.976,0.388,,,,,,,,0.306,0.72,0,0.732,,,,
54808,20150909,-88.37,40.05,0.292,0.71,0,0.625,0.334,0.74,0,0.851,0.388,0.9,0,0.976,0.391,,,,,,,,0.313,0.77,0,0.75,,,,
54808,20150910,-88.37,40.05,0.301,0.76,0,0.768,0.342,0.78,0,0.857,0.393,0.93,0,0.976,0.393,,,,,,,,0.321,0.82,0,0.786,,,,
54808,20150911,-88.37,40.05,0.31,0.83,0,0.911,0.35,0.83,0,0.923,0.398,0.97,0,0.982,0.395,,,,,,,,0.33,0.87,0,0.923,,,,
54808,20150912,-88.37,40.05,0.318,0.88,0,0.988,0.36,0.88,0,0.982,0.402,1.01,0,1,0.398,,,,,,,,0.339,0.93,0,1,,,,
54808,20150913,-88.37,40.05,0.321,0.9,0,0.988,0.367,0.91,0,0.982,0.403,1.02,0,1,0.398,,,,,,,,0.344,0.95,0,1,,,,
54808,20150914,-88.37,40.05,0.325,0.93,0,0.988,0.372,0.93,0,0.982,0.404,1.04,0,1,0.398,,,,,,,,0.348,0.96,0,1,,,,
54808,20150915,-88.37,40.05,0.329,0.95,0,0.988,0.376,0.94,0,0.994,0.404,1.05,0,1,0.398,,,,,,,,0.352,0.97,0,1,,,,
54808,20150916,-88.37,40.05,0.325,0.91,0,1,0.373,0.9,0,1,0.401,1.03,0,1,0.395,,,,,,,,0.349,0.93,0,1,,,,
54808,20150917,-88.37,40.05,0.319,0.86,0,1,0.367,0.85,0,1,0.398,1.01,0,1,0.392,,,,,,,,0.343,0.87,0,1,,,,
54808,20150918,-88.37,40.05,0.314,0.82,0,1,0.361,0.8,0,0.946,0.394,0.99,0,1,0.391,,,,,,,,0.338,0.82,0,1,,,,
54808,20150919,-88.37,40.05,0.317,0.84,0,1,0.362,0.81,0,0.946,0.393,0.98,0,1,0.393,,,,,,,,0.34,0.83,0,1,,,,
54808,20150920,-88.37,40.05,0.323,0.89,0,1,0.366,0.83,0,0.946,0.395,1,0,1,0.394,,,,,,,,0.344,0.87,0,1,,,,
54808,20150921,-88.37,40.05,0.328,0.93,0,1,0.369,0.85,0,0.946,0.396,1.01,0,1,0.396,,,,,,,,0.348,0.9,0,1,,,,
54808,20150922,-88.37,40.05,0.332,0.97,0,1,0.371,0.87,0,0.946,0.398,1.03,0,1,0.397,,,,,,,,0.352,0.94,0,1,,,,
54808,20150923,-88.37,40.05,0.337,1.01,0,1,0.375,0.89,0,0.946,0.4,1.05,0,1,0.399,,,,,,,,0.356,0.98,0,1,,,,
54808,20150924,-88.37,40.05,0.342,1.05,0,1,0.379,0.92,0,0.946,0.402,1.07,0,1,0.401,,,,,,,,0.36,1.02,0,1,,,,
54808,20150925,-88.37,40.05,0.345,1.08,0,1,0.382,0.94,0,1,0.403,1.08,0,1,0.402,,,,,,,,0.363,1.05,0,1,,,,
54808,20150926,-88.37,40.05,0.334,1,0,1,0.373,0.88,0,1,0.4,1.06,0,1,0.397,,,,,,,,0.354,0.97,0,1,,,,
54808,20150927,-88.37,40.05,0.321,0.89,0,1,0.363,0.81,0,1,0.396,1.03,0,1,0.393,,,,,,,,0.342,0.88,0,1,,,,
54808,20150928,-88.37,40.05,0.31,0.8,0,1,0.355,0.75,0,1,0.393,1,0,1,0.391,,,,,,,,0.332,0.8,0,1,,,,
54808,20150929,-88.37,40.05,0.299,0.71,0,1,0.348,0.7,0,1,0.39,0.97,0,1,0.389,,,,,,,,0.324,0.73,0,1,,,,
54808,20150930,-88.37,40.05,0.289,0.62,0,0.994,0.342,0.66,0,1,0.387,0.94,0,1,0.386,,,,,,,,0.316,0.66,0,1,,,,
54808,20151001,-88.37,40.05,0.28,0.54,0,0.881,0.336,0.62,0,1,0.385,0.91,0,1,0.385,,,,,,,,0.308,0.6,0,0.988,,,,
54808,20151002,-88.37,40.05,0.271,0.47,0,0.738,0.329,0.58,0,1,0.382,0.87,0,1,0.383,,,,,,,,0.3,0.53,0,0.863,,,,
54808,20151003,-88.37,40.05,0.263,0.39,0,0.595,0.323,0.54,0,0.97,0.378,0.83,0,1,0.381,,,,,,,,0.293,0.47,0,0.72,,,,
54808,20151004,-88.37,40.05,0.255,0.33,0,0.452,0.318,0.5,0,0.905,0.374,0.79,0,1,0.379,,,,,,,,0.287,0.41,0,0.577,,,,
54808,20151005,-88.37,40.05,0.249,0.26,0,0.31,0.313,0.46,0,0.81,0.37,0.75,0,1,0.376,,,,,,,,0.281,0.36,0,0.435,,,,
54808,20151006,-88.37,40.05,0.243,0.2,0,0.167,0.308,0.42,0,0.679,0.366,0.7,0,1,0.374,,,,,,,,0.275,0.31,0,0.292,,,,
54808,20151007,-88.37,40.05,0.237,0.15,0,0.03,0.303,0.38,0,0.542,0.362,0.67,0,1,0.372,,,,,,,,0.27,0.26,0,0.149,,,,
54808,20151008,-88.37,40.05,0.233,0.1,0,0,0.299,0.34,0,0.399,0.358,0.63,0,1,0.369,,,,,,,,0.266,0.22,0,0.018,,,,
54808,20151009,-88.37,40.05,0.229,0.07,0,0,0.296,0.31,0,0.256,0.355,0.6,0,1,0.366,,,,,,,,0.263,0.18,0,0,,,,
54808,20151010,-88.37,40.05,0.227,0.04,0,0,0.293,0.28,0,0.143,0.353,0.58,0,1,0.363,,,,,,,,0.26,0.15,0,0,,,,
54808,20151011,-88.37,40.05,0.225,0.01,0,0,0.291,0.26,0,0.065,0.351,0.55,0,1,0.359,,,,,,,,0.258,0.13,0,0,,,,
54808,20151012,-88.37,40.05,0.223,-0.01,0,0,0.287,0.22,0,0.018,0.348,0.52,0,0.988,0.355,,,,,,,,0.255,0.1,0,0,,,,
54808,20151013,-88.37,40.05,0.221,-0.03,0,0,0.284,0.19,0,0.006,0.346,0.49,0,0.958,0.351,,,,,,,,0.252,0.07,0,0,,,,
54808,20151014,-88.37,40.05,0.218,-0.06,0,0,0.28,0.15,0,0,0.343,0.45,0,0.91,0.346,,,,,,,,0.249,0.04,0,0,,,,
54808,20151015,-88.37,40.05,0.216,-0.08,0,0,0.277,0.11,0,0,0.339,0.42,0,0.82,0.341,,,,,,,,0.246,0,0,0,,,,
54808,20151016,-88.37,40.05,0.213,-0.1,0,0,0.272,0.07,0,0,0.336,0.38,0,0.695,0.335,,,,,,,,0.243,-0.04,0,0,,,,
54808,20151017,-88.37,40.05,0.211,-0.13,0,0,0.268,0.02,0,0,0.332,0.33,0,0.563,0.33,,,,,,,,0.239,-0.08,0,0,,,,
54808,20151018,-88.37,40.05,0.208,-0.16,0,0,0.264,-0.03,0,0,0.328,0.29,0,0.419,0.325,,,,,,,,0.236,-0.12,0,0,,,,
54808,20151019,-88.37,40.05,0.205,-0.21,0,0,0.26,-0.07,0,0,0.325,0.25,0,0.287,0.319,,,,,,,,0.233,-0.17,0,0,,,,
54808,20151020,-88.37,40.05,0.202,-0.26,0.138,0,0.257,-0.11,0,0,0.321,0.2,0,0.174,0.313,,,,,,,,0.23,-0.21,0,0,,,,
54808,20151021,-88.37,40.05,0.201,-0.31,0.28,0,0.254,-0.15,0,0,0.318,0.16,0,0.083,0.307,,,,,,,,0.228,-0.26,0.06,0,,,,
54808,20151022,-88.37,40.05,0.2,-0.36,0.423,0,0.252,-0.19,0,0,0.315,0.13,0,0.03,0.303,,,,,,,,0.226,-0.3,0.19,0,,,,
54808,20151023,-88.37,40.05,0.199,-0.41,0.565,0,0.251,-0.21,0,0,0.314,0.1,0,0.012,0.298,,,,,,,,0.225,-0.34,0.327,0,,,,
54808,20151024,-88.37,40.05,0.198,-0.46,0.708,0,0.251,-0.24,0,0,0.312,0.08,0,0,0.294,,,,,,,,0.224,-0.38,0.47,0,,,,
54808,20151025,-88.37,40.05,0.198,-0.5,0.851,0,0.25,-0.26,0,0,0.311,0.06,0,0,0.29,,,,,,,,0.224,-0.41,0.613,0,,,,
54808,20151026,-88.37,40.05,0.198,-0.53,0.994,0,0.25,-0.29,0.107,0,0.31,0.04,0,0,0.286,,,,,,,,0.224,-0.45,0.756,0,,,,
54808,20151027,-88.37,40.05,0.197,-0.57,1,0,0.249,-0.33,0.244,0,0.309,0.03,0,0,0.282,,,,,,,,0.223,-0.48,0.899,0,,,,
54808,20151028,-88.37,40.05,0.209,-0.51,0.881,0.012,0.258,-0.28,0.244,0.024,0.308,0.01,0,0,0.278,,,,,,,,0.234,-0.43,0.839,0.006,,,,
54808,20151029,-88.37,40.05,0.229,-0.41,0.738,0.012,0.27,-0.21,0.244,0.036,0.307,0,0,0,0.275,,,,,,,,0.25,-0.34,0.708,0.006,,,,
54808,20151030,-88.37,40.05,0.246,-0.32,0.595,0.012,0.281,-0.16,0.244,0.036,0.305,-0.03,0,0,0.272,,,,,,,,0.263,-0.26,0.571,0.006,,,,
54808,20151031,-88.37,40.05,0.261,-0.24,0.452,0.012,0.292,-0.1,0.244,0.036,0.303,-0.04,0,0,0.269,,,,,,,,0.277,-0.19,0.429,0.006,,,,
54808,20151101,-88.37,40.05,0.282,-0.13,0.31,0.095,0.305,-0.03,0.244,0.077,0.302,-0.06,0,0,0.266,,,,,,,,0.294,-0.09,0.286,0.077,,,,
54808,20151102,-88.37,40.05,0.304,0,0.167,0.125,0.32,0.06,0.137,0.083,0.303,-0.06,0,0,0.265,,,,,,,,0.312,0.03,0.143,0.101,,,,
54808,20151103,-88.37,40.05,0.325,0.12,0.024,0.125,0.334,0.14,0,0.083,0.304,-0.05,0,0,0.263,,,,,,,,0.329,0.14,0,0.101,,,,
54808,20151104,-88.37,40.05,0.332,0.15,0,0.113,0.337,0.14,0,0.06,0.305,-0.05,0,0,0.262,,,,,,,,0.334,0.16,0,0.095,,,,
54808,20151105,-88.37,40.05,0.331,0.14,0,0.113,0.336,0.11,0,0.048,0.307,-0.04,0,0,0.261,,,,,,,,0.334,0.14,0,0.095,,,,
54808,20151106,-88.37,40.05,0.333,0.15,0,0.113,0.337,0.09,0,0.048,0.31,-0.02,0,0,0.261,,,,,,,,0.335,0.14,0,0.095,,,,
54808,20151107,-88.37,40.05,0.336,0.15,0,0.113,0.338,0.07,0,0.048,0.313,-0.01,0,0,0.26,,,,,,,,0.337,0.15,0,0.095,,,,
54808,20151108,-88.37,40.05,0.334,0.12,0,0.03,0.335,0.03,0,0.006,0.315,-0.02,0,0,0.259,,,,,,,,0.335,0.11,0,0.024,,,,
54808,20151109,-88.37,40.05,0.329,0.07,0,0,0.331,-0.02,0,0,0.315,-0.05,0,0,0.259,,,,,,,,0.33,0.06,0,0,,,,
54808,20151110,-88.37,40.05,0.326,0.03,0,0,0.328,-0.07,0,0,0.314,-0.08,0,0,0.258,,,,,,,,0.327,0.01,0,0,,,,
54808,20151111,-88.37,40.05,0.323,-0.01,0,0,0.324,-0.12,0,0,0.314,-0.12,0,0,0.258,,,,,,,,0.324,-0.03,0,0,,,,
54808,20151112,-88.37,40.05,0.32,-0.05,0,0,0.321,-0.16,0,0,0.314,-0.17,0,0,0.257,,,,,,,,0.32,-0.08,0,0,,,,
54808,20151113,-88.37,40.05,0.317,-0.1,0,0,0.318,-0.2,0,0,0.313,-0.21,0,0,0.256,,,,,,,,0.317,-0.13,0,0,,,,
54808,20151114,-88.37,40.05,0.313,-0.15,0,0,0.314,-0.25,0,0,0.312,-0.26,0.006,0,0.255,,,,,,,,0.313,-0.19,0,0,,,,
54808,20151115,-88.37,40.05,0.309,-0.2,0.006,0,0.311,-0.29,0,0,0.31,-0.29,0.006,0,0.254,,,,,,,,0.31,-0.24,0.006,0,,,,
54808,20151116,-88.37,40.05,0.306,-0.25,0.101,0,0.308,-0.33,0,0,0.31,-0.32,0.012,0,0.253,,,,,,,,0.307,-0.29,0.024,0,,,,
54808,20151117,-88.37,40.05,0.307,-0.25,0.149,0.024,0.309,-0.33,0,0.012,0.311,-0.32,0.012,0.006,0.253,,,,,,,,0.308,-0.3,0.048,0.018,,,,
54808,20151118,-88.37,40.05,0.324,-0.1,0.149,0.167,0.323,-0.21,0,0.155,0.325,-0.2,0.012,0.149,0.259,,,,,,,,0.324,-0.16,0.048,0.161,,,,
54808,20151119,-88.37,40.05,0.34,0.04,0.149,0.31,0.337,-0.1,0,0.298,0.34,-0.08,0.012,0.292,0.279,,,,,,,,0.339,-0.04,0.048,0.304,,,,
54808,20151120,-88.37,40.05,0.353,0.15,0.149,0.452,0.348,0,0,0.435,0.352,0.03,0.012,0.429,0.297,,,,,,,,0.351,0.06,0.048,0.446,,,,
54808,20151121,-88.37,40.05,0.366,0.25,0.149,0.571,0.36,0.09,0,0.542,0.364,0.13,0.006,0.571,0.315,,,,,,,,0.363,0.16,0.048,0.571,,,,
54808,20151122,-88.37,40.05,0.384,0.41,0.143,0.714,0.375,0.22,0,0.685,0.379,0.27,0.006,0.714,0.333,,,,,,,,0.379,0.3,0.042,0.714,,,,
54808,20151123,-88.37,40.05,0.399,0.54,0.048,0.857,0.388,0.33,0,0.827,0.392,0.38,0,0.857,0.352,,,,,,,,0.394,0.42,0.024,0.857,,,,
54808,20151124,-88.37,40.05,0.413,0.66,0,0.976,0.4,0.42,0,0.958,0.405,0.5,0,0.994,0.371,,,,,,,,0.407,0.53,0,0.982,,,,
54808,20151125,-88.37,40.05,0.411,0.63,0,0.976,0.4,0.4,0,0.958,0.405,0.5,0,0.994,0.384,,,,,,,,0.406,0.51,0,0.982,,,,
54808,20151126,-88.37,40.05,0.41,0.6,0,0.976,0.399,0.38,0,0.958,0.403,0.48,0,0.994,0.382,,,,,,,,0.405,0.48,0,0.982,,,,
54808,20151127,-88.37,40.05,0.414,0.63,0,0.976,0.4,0.38,0,0.964,0.403,0.49,0,1,0.382,,,,,,,,0.407,0.5,0,0.982,,,,
54808,20151128,-88.37,40.05,0.424,0.72,0,1,0.406,0.44,0,1,0.409,0.55,0,1,0.401,,,,,,,,0.415,0.57,0,1,,,,
54808,20151129,-88.37,40.05,0.424,0.72,0,1,0.406,0.43,0,1,0.409,0.57,0,1,0.409,,,,,,,,0.415,0.57,0,1,,,,
54808,20151130,-88.37,40.05,0.426,0.73,0,1,0.406,0.43,0,0.994,0.409,0.58,0,1,0.41,,,,,,,,0.416,0.58,0,1,,,,
54808,20151201,-88.37,40.05,0.429,0.75,0,1,0.407,0.45,0,0.988,0.41,0.6,0,1,0.41,,,,,,,,0.418,0.6,0,1,,,,
54808,20151202,-88.37,40.05,0.429,0.74,0,1,0.407,0.46,0,0.988,0.409,0.61,0,1,0.411,,,,,,,,0.418,0.62,0,1,,,,
54808,20151203,-88.37,40.05,0.43,0.73,0,1,0.407,0.46,0,0.982,0.41,0.62,0,1,0.411,,,,,,,,0.418,0.62,0,1,,,,
54808,20151204,-88.37,40.05,0.429,0.7,0,1,0.406,0.45,0,0.952,0.409,0.63,0,0.994,0.411,,,,,,,,0.417,0.62,0,1,,,,
54808,20151205,-88.37,40.05,0.422,0.61,0,0.994,0.4,0.39,0,0.881,0.404,0.59,0,0.994,0.392,,,,,,,,0.411,0.54,0,0.994,,,,
54808,20151206,-88.37,40.05,0.418,0.55,0,0.94,0.398,0.36,0,0.804,0.401,0.56,0,0.976,0.382,,,,,,,,0.408,0.5,0,0.952,,,,
54808,20151207,-88.37,40.05,0.418,0.52,0,0.887,0.396,0.34,0,0.702,0.4,0.55,0,0.964,0.381,,,,,,,,0.407,0.48,0,0.875,,,,
54808,20151208,-88.37,40.05,0.415,0.47,0,0.887,0.394,0.31,0,0.679,0.397,0.51,0,0.946,0.379,,,,,,,,0.404,0.43,0,0.869,,,,
54808,20151209,-88.37,40.05,0.413,0.42,0,0.875,0.392,0.28,0,0.607,0.395,0.48,0,0.935,0.376,,,,,,,,0.403,0.39,0,0.804,,,,
54808,20151210,-88.37,40.05,0.413,0.39,0,0.827,0.392,0.26,0,0.53,0.394,0.46,0,0.917,0.375,,,,,,,,0.402,0.36,0,0.696,,,,
54808,20151211,-88.37,40.05,0.413,0.37,0,0.756,0.391,0.25,0,0.47,0.393,0.46,0,0.923,0.374,,,,,,,,0.402,0.33,0,0.583,,,,
54808,20151212,-88.37,40.05,0.414,0.36,0,0.69,0.391,0.24,0,0.417,0.393,0.45,0,0.917,0.374,,,,,,,,0.403,0.31,0,0.464,,,,
54808,20151213,-88.37,40.05,0.416,0.36,0,0.679,0.392,0.24,0,0.399,0.394,0.46,0,0.923,0.375,,,,,,,,0.404,0.31,0,0.393,,,,
54808,20151214,-88.37,40.05,0.424,0.42,0,0.732,0.397,0.31,0,0.488,0.397,0.52,0,0.935,0.376,,,,,,,,0.41,0.37,0,0.458,,,,
54808,20151215,-88.37,40.05,0.43,0.47,0,0.732,0.401,0.36,0,0.518,0.404,0.64,0,0.952,0.396,,,,,,,,0.415,0.42,0,0.464,,,,
54808,20151216,-88.37,40.05,0.432,0.48,0,0.744,0.402,0.38,0,0.583,0.406,0.67,0,0.964,0.399,,,,,,,,0.417,0.43,0,0.53,,,,
54808,20151217,-88.37,40.05,0.435,0.49,0,0.78,0.404,0.39,0,0.613,0.408,0.72,0,0.982,0.4,,,,,,,,0.419,0.45,0,0.613,,,,
54808,20151218,-88.37,40.05,0.436,0.5,0,0.798,0.404,0.39,0,0.571,0.408,0.73,0,0.976,0.402,,,,,,,,0.42,0.44,0,0.601,,,,
54808,20151219,-88.37,40.05,0.436,0.48,0,0.732,0.404,0.38,0,0.565,0.408,0.72,0,0.958,0.403,,,,,,,,0.42,0.43,0,0.583,,,,
54808,20151220,-88.37,40.05,0.434,0.45,0,0.655,0.403,0.36,0,0.518,0.407,0.7,0,0.917,0.404,,,,,,,,0.419,0.4,0,0.554,,,,
54808,20151221,-88.37,40.05,0.429,0.38,0,0.548,0.4,0.3,0,0.429,0.405,0.66,0,0.887,0.407,,,,,,,,0.415,0.33,0,0.458,,,,
54808,20151222,-88.37,40.05,0.427,0.36,0,0.548,0.4,0.29,0,0.429,0.405,0.69,0,0.887,0.414,,,,,,,,0.414,0.33,0,0.458,,,,
54808,20151223,-88.37,40.05,0.427,0.35,0,0.548,0.4,0.28,0,0.399,0.405,0.69,0,0.887,0.416,,,,,,,,0.413,0.32,0,0.458,,,,
54808,20151224,-88.37,40.05,0.434,0.45,0,0.56,0.406,0.39,0,0.452,0.412,0.84,0,0.887,0.438,,,,,,,,0.42,0.43,0,0.482,,,,
54808,20151225,-88.37,40.05,0.437,0.49,0,0.613,0.409,0.44,0,0.583,0.418,0.97,0,0.893,0.461,,,,,,,,0.423,0.49,0,0.607,,,,
54808,20151226,-88.37,40.05,0.441,0.53,0,0.75,0.411,0.47,0,0.69,0.421,1.03,0,0.917,0.464,,,,,,,,0.426,0.53,0,0.744,,,,
54808,20151227,-88.37,40.05,0.452,0.69,0,0.881,0.42,0.61,0,0.833,0.429,1.23,0,0.97,0.488,,,,,,,,0.436,0.7,0,0.887,,,,
54808,20151228,-88.37,40.05,0.464,0.85,0,0.988,0.428,0.75,0,0.94,0.438,1.42,0,1,0.512,,,,,,,,0.446,0.86,0,0.994,,,,
54808,20151229,-88.37,40.05,0.473,0.98,0,0.988,0.434,0.84,0,0.94,0.441,1.5,0,1,0.514,,,,,,,,0.453,0.98,0,0.994,,,,
54808,20151230,-88.37,40.05,0.479,1.07,0,0.988,0.441,0.95,0,0.976,0.448,1.66,0,1,0.54,,,,,,,,0.46,1.08,0,0.994,,,,
54808,20151231,-88.37,40.05,0.474,1.02,0,0.988,0.436,0.86,0,0.952,0.445,1.6,0,1,0.545,,,,,,,,0.455,1,0,0.994,,,,
54808,20160101,-88.37,40.05,0.472,1.04,0,0.987,0.434,0.81,0,0.875,0.439,1.49,0,1,0.524,,,,,,,,0.453,1.03,0,0.98,,,,
54808,20160102,-88.37,40.05,0.472,1.11,0,0.985,0.433,0.79,0,0.786,0.437,1.44,0,1,0.521,,,,,,,,0.452,1.1,0,0.955,,,,
54808,20160103,-88.37,40.05,0.462,1.08,0,1,0.425,0.65,0,0.649,0.429,1.27,0,0.982,0.498,,,,,,,,0.444,1.07,0,0.944,,,,
54808,20160104,-88.37,40.05,0.45,1,0,1,0.416,0.49,0,0.518,0.418,1.03,0,0.929,0.47,,,,,,,,0.433,0.96,0,0.929,,,,
54808,20160105,-88.37,40.05,0.435,0.78,0,1,0.406,0.31,0,0.375,0.408,0.81,0,0.875,0.44,,,,,,,,0.42,0.73,0,0.9,,,,
54808,20160106,-88.37,40.05,0.423,0.57,0,1,0.397,0.14,0,0.232,0.398,0.59,0,0.81,0.41,,,,,,,,0.41,0.45,0,0.833,,,,
54808,20160107,-88.37,40.05,0.418,0.5,0,1,0.393,0.08,0,0.113,0.391,0.45,0,0.756,0.381,,,,,,,,0.406,0.34,0,0.625,,,,
54808,20160108,-88.37,40.05,0.415,0.44,0,1,0.391,0.03,0,0.054,0.389,0.39,0,0.685,0.377,,,,,,,,0.403,0.29,0,0.429,,,,
54808,20160109,-88.37,40.05,0.417,,,,0.393,0.06,0,0.113,0.388,0.39,0,0.655,0.374,,,,,,,,0.405,,,,,,,
54808,20160110,-88.37,40.05,0.422,,,,0.397,0.15,0,0.25,0.391,0.46,0,0.667,0.384,,,,,,,,0.41,,,,,,,
54808,20160111,-88.37,40.05,0.424,,,,0.399,0.18,0,0.339,0.393,0.52,0,0.72,0.387,,,,,,,,0.412,,,,,,,
54808,20160112,-88.37,40.05,0.428,,,,0.4,0.21,0,0.395,0.394,0.55,0,0.75,0.388,,,,,,,,0.414,,,,,,,
54808,20160113,-88.37,40.05,,,,,0.401,0.26,0,0.472,0.395,0.58,0,0.792,0.389,,,,,,,,,,,,,,,
54808,20160114,-88.37,40.05,,,,,0.402,0.33,0,0.586,0.395,0.6,0,0.81,0.39,,,,,,,,,,,,,,,
54808,20160115,-88.37,40.05,,,,,0.403,0.45,0,0.76,0.396,0.61,0,0.839,0.391,,,,,,,,,,,,,,,
54808,20160116,-88.37,40.05,,,,,0.4,0.5,0,0.824,0.396,0.63,0,0.851,0.391,,,,,,,,,,,,,,,
54808,20160117,-88.37,40.05,,,,,0.395,0.31,0,0.667,0.394,0.57,0,0.827,0.38,,,,,,,,,,,,,,,
54808,20160118,-88.37,40.05,,,,,0.393,0.14,0,0.333,0.392,0.53,0,0.804,0.377,,,,,,,,,,,,,,,
54808,20160119,-88.37,40.05,,,,,0.39,,,,0.391,0.5,0,0.78,0.375,,,,,,,,,,,,,,,
54808,20160120,-88.37,40.05,,,,,0.388,,,,0.39,0.51,0,0.738,0.374,,,,,,,,,,,,,,,
54808,20160121,-88.37,40.05,,,,,0.386,,,,0.39,0.51,0,0.708,0.373,,,,,,,,,,,,,,,
54808,20160122,-88.37,40.05,,,,,0.384,,,,0.39,0.51,0,0.679,0.372,,,,,,,,,,,,,,,
54808,20160123,-88.37,40.05,,,,,0.382,,,,0.39,0.5,0,0.631,0.372,,,,,,,,,,,,,,,
54808,20160124,-88.37,40.05,,,,,,,,,0.389,0.48,0,0.601,0.372,,,,,,,,,,,,,,,
54808,20160125,-88.37,40.05,,,,,,,,,0.389,0.47,0,0.56,0.371,,,,,,,,,,,,,,,
54808,20160126,-88.37,40.05,,,,,,,,,0.39,0.5,0,0.548,0.372,,,,,,,,,,,,,,,
54808,20160127,-88.37,40.05,,,,,,,,,0.391,0.53,0,0.583,0.373,,,,,,,,,,,,,,,
54808,20160128,-88.37,40.05,,,,,,,,,0.392,0.55,0,0.595,0.375,,,,,,,,,,,,,,,
54808,20160129,-88.37,40.05,,,,,,,,,0.393,0.56,0,0.595,0.374,,,,,,,,,,,,,,,
54808,20160130,-88.37,40.05,,,,,,,,,0.393,0.56,0,0.596,0.376,,,,,,,,,,,,,,,
54808,20160131,-88.37,40.05,,,,,,,,,0.393,0.59,0,0.597,0.376,,,,,,,,,,,,,,,
54808,20160201,-88.37,40.05,,,,,0.386,,,,0.393,0.62,0,0.609,0.376,,,,,,,,,,,,,,,
54808,20160202,-88.37,40.05,,,,,0.387,,,,0.394,0.62,0,0.615,0.377,,,,,,,,,,,,,,,
54808,20160203,-88.37,40.05,,,,,0.391,,,,0.395,0.57,0,0.552,0.384,,,,,,,,,,,,,,,
54808,20160204,-88.37,40.05,,,,,0.394,,,,0.396,0.52,0,0.512,0.386,,,,,,,,,,,,,,,
54808,20160205,-88.37,40.05,,,,,0.395,,,,0.396,0.49,0,0.526,0.387,,,,,,,,,,,,,,,
54808,20160206,-88.37,40.05,,,,,0.394,,,,0.396,0.64,0,0.5,0.387,,,,,,,,,,,,,,,
54808,20160207,-88.37,40.05,0.417,,,,0.394,,,,0.396,,,,0.386,,,,,,,,0.406,,,,,,,
54808,20160208,-88.37,40.05,0.408,,,,0.393,,,,0.396,,,,0.387,,,,,,,,0.401,,,,,,,
54808,20160209,-88.37,40.05,0.404,,,,0.391,,,,0.395,,,,0.386,,,,,,,,0.398,,,,,,,
54808,20160210,-88.37,40.05,,,,,0.386,,,,0.392,,,,0.378,,,,,,,,,,,,,,,
54808,20160211,-88.37,40.05,,,,,0.384,,,,0.389,,,,0.376,,,,,,,,,,,,,,,
54808,20160212,-88.37,40.05,,,,,0.383,,,,0.388,,,,0.375,,,,,,,,,,,,,,,
54808,20160213,-88.37,40.05,,,,,0.384,,,,0.387,0.16,0,0.091,0.376,,,,,,,,,,,,,,,
54808,20160214,-88.37,40.05,,,,,0.385,,,,0.387,0.26,0.033,0.367,0.376,,,,,,,,,,,,,,,
54808,20160215,-88.37,40.05,,,,,0.386,,,,0.388,0.32,0.019,0.434,0.375,,,,,,,,,,,,,,,
54808,20160216,-88.37,40.05,,,,,0.386,,,,0.387,0.29,0.026,0.429,0.374,,,,,,,,,,,,,,,
54808,20160217,-88.37,40.05,,,,,,,,,0.388,0.31,0.03,0.455,0.373,,,,,,,,,,,,,,,
54808,20160218,-88.37,40.05,,,,,,,,,0.39,0.35,0.024,0.512,0.373,,,,,,,,,,,,,,,
54808,20160219,-88.37,40.05,,,,,,,,,0.391,0.37,0.02,0.517,0.371,,,,,,,,,,,,,,,
54808,20160220,-88.37,40.05,,,,,,,,,0.391,0.35,0.019,0.5,0.369,,,,,,,,,,,,,,,
54808,20160221,-88.37,40.05,,,,,,,,,0.39,0.32,0.012,0.431,0.368,,,,,,,,,,,,,,,
54808,20160222,-88.37,40.05,,,,,,,,,0.389,0.28,0.012,0.375,0.368,,,,,,,,,,,,,,,
54808,20160223,-88.37,40.05,,,,,0.379,,,,0.389,0.28,0.006,0.345,0.367,,,,,,,,,,,,,,,
54808,20160224,-88.37,40.05,,,,,0.377,,,,0.389,0.25,0,0.315,0.367,,,,,,,,,,,,,,,
54808,20160225,-88.37,40.05,0.381,,,,0.376,,,,0.387,0.18,0,0.214,0.368,,,,,,,,0.378,,,,,,,
54808,20160226,-88.37,40.05,0.385,,,,0.378,,,,0.386,0.17,0,0.22,0.368,,,,,,,,0.381,,,,,,,
54808,20160227,-88.37,40.05,0.386,,,,0.381,,,,0.389,0.23,0,0.31,0.37,,,,,,,,0.383,,,,,,,
54808,20160228,-88.37,40.05,0.389,,,,0.385,,,,0.392,0.32,0,0.435,0.373,,,,,,,,0.387,,,,,,,
54808,20160229,-88.37,40.05,0.393,,,,0.388,,,,0.394,0.38,0,0.548,0.376,,,,,,,,0.391,,,,,,,
54808,20160301,-88.37,40.05,0.397,0.24,0,0,0.392,0.02,0,0,0.396,0.46,0,0.655,0.379,,,,,,,,0.394,,,,,,,
54808,20160302,-88.37,40.05,0.4,0.11,0,0,0.394,-0.04,0,0,0.398,0.49,0,0.702,0.381,,,,,,,,0.397,,,,,,,
54808,20160303,-88.37,40.05,0.401,0.03,0,0,0.396,-0.09,0,0,0.399,0.53,0,0.762,0.382,,,,,,,,0.398,,,,,,,
54808,20160304,-88.37,40.05,0.402,0.34,0,0.393,0.396,0,0,0.066,0.399,0.54,0,0.774,0.384,,,,,,,,0.399,0.47,0,0.75,,,,
54808,20160305,-88.37,40.05,0.403,0.45,0,0.63,0.396,0.07,0,0.118,0.4,0.54,0,0.786,0.384,,,,,,,,0.4,0.44,0,0.72,,,,
54808,20160306,-88.37,40.05,0.404,0.47,0,0.716,0.395,0.09,0,0.101,0.399,0.53,0,0.78,0.383,,,,,,,,0.399,0.39,0,0.587,,,,
54808,20160307,-88.37,40.05,0.403,0.45,0,0.681,0.394,0.09,0,0.09,0.399,0.52,0,0.768,0.382,,,,,,,,0.399,0.35,0,0.429,,,,
54808,20160308,-88.37,40.05,0.409,0.6,0,0.766,0.397,0.16,0,0.222,0.399,0.54,0,0.774,0.381,,,,,,,,0.403,0.48,0,0.564,,,,
54808,20160309,-88.37,40.05,0.414,0.67,0,0.832,0.401,0.23,0,0.344,0.401,0.61,0,0.821,0.38,,,,,,,,0.407,0.53,0,0.653,,,,
54808,20160310,-88.37,40.05,0.42,0.74,0,0.899,0.405,0.3,0,0.452,0.403,0.68,0,0.899,0.382,,,,,,,,0.412,0.56,0,0.711,,,,
54808,20160311,-88.37,40.05,0.423,0.79,0,0.918,0.407,0.36,0,0.571,0.406,0.78,0,0.946,0.383,,,,,,,,0.415,0.61,0,0.753,,,,
54808,20160312,-88.37,40.05,0.424,0.81,0,0.921,0.408,0.39,0,0.667,0.407,0.83,0,0.952,0.384,,,,,,,,0.416,0.64,0,0.794,,,,
54808,20160313,-88.37,40.05,0.428,0.88,0,0.935,0.41,0.45,0,0.792,0.408,0.87,0,0.964,0.385,,,,,,,,0.419,0.71,0,0.869,,,,
54808,20160314,-88.37,40.05,0.438,1.11,0,0.994,0.418,0.6,0,0.929,0.413,1.04,0,0.988,0.407,,,,,,,,0.428,0.9,0,0.994,,,,
54808,20160315,-88.37,40.05,0.44,1.15,0,1,0.42,0.65,0,0.94,0.416,1.14,0,0.988,0.411,,,,,,,,0.43,0.95,0,1,,,,
54808,20160316,-88.37,40.05,0.443,1.19,0,1,0.421,0.68,0,0.952,0.417,1.18,0,0.988,0.413,,,,,,,,0.432,0.99,0,1,,,,
54808,20160317,-88.37,40.05,0.442,1.16,0,1,0.421,0.68,0,0.976,0.418,1.21,0,0.988,0.414,,,,,,,,0.432,0.97,0,1,,,,
54808,20160318,-88.37,40.05,0.437,1.06,0,0.917,0.419,0.65,0,0.917,0.417,1.17,0,0.988,0.414,,,,,,,,0.428,0.91,0,0.923,,,,
54808,20160319,-88.37,40.05,0.432,0.94,0,0.774,0.417,0.62,0,0.827,0.415,1.13,0,0.982,0.415,,,,,,,,0.424,0.83,0,0.78,,,,
54808,20160320,-88.37,40.05,0.423,0.75,0.048,0.631,0.414,0.56,0,0.702,0.414,1.08,0,0.976,0.414,,,,,,,,0.418,0.71,0,0.637,,,,
54808,20160321,-88.37,40.05,0.406,0.4,0.173,0.488,0.405,0.4,0,0.56,0.409,0.92,0,0.97,0.393,,,,,,,,0.405,0.44,0.006,0.494,,,,
54808,20160322,-88.37,40.05,0.39,0.1,0.315,0.345,0.398,0.27,0,0.417,0.405,0.79,0,0.946,0.388,,,,,,,,0.394,0.22,0.042,0.351,,,,
54808,20160323,-88.37,40.05,0.374,-0.21,0.458,0.202,0.391,0.16,0,0.274,0.402,0.68,0,0.905,0.387,,,,,,,,0.383,0,0.167,0.208,,,,
54808,20160324,-88.37,40.05,0.36,-0.47,0.601,0.06,0.386,0.06,0,0.131,0.399,0.6,0,0.863,0.384,,,,,,,,0.373,-0.18,0.31,0.065,,,,
54808,20160325,-88.37,40.05,0.36,-0.46,0.607,0.089,0.385,0.07,0,0.119,0.399,0.61,0,0.857,0.383,,,,,,,,0.373,-0.18,0.31,0.095,,,,
54808,20160326,-88.37,40.05,0.361,-0.44,0.607,0.095,0.384,0.05,0,0.089,0.399,0.61,0,0.833,0.383,,,,,,,,0.373,-0.18,0.31,0.107,,,,
54808,20160327,-88.37,40.05,0.362,-0.41,0.56,0.095,0.383,0.03,0,0.083,0.399,0.59,0,0.815,0.382,,,,,,,,0.372,-0.18,0.31,0.107,,,,
54808,20160328,-88.37,40.05,0.37,-0.26,0.435,0.179,0.385,0.08,0,0.161,0.4,0.63,0,0.821,0.381,,,,,,,,0.378,-0.07,0.304,0.19,,,,
54808,20160329,-88.37,40.05,0.381,-0.06,0.292,0.321,0.389,0.17,0,0.304,0.401,0.65,0,0.845,0.382,,,,,,,,0.385,0.08,0.268,0.333,,,,
54808,20160330,-88.37,40.05,0.392,0.13,0.149,0.435,0.393,0.25,0,0.411,0.401,0.67,0,0.869,0.38,,,,,,,,0.392,0.22,0.143,0.458,,,,
54808,20160331,-88.37,40.05,0.411,0.45,0.006,0.548,0.402,0.42,0,0.542,0.405,0.76,0,0.905,0.394,,,,,,,,0.406,0.48,0,0.577,,,,
54808,20160401,-88.37,40.05,0.421,0.59,0,0.601,0.409,0.57,0,0.613,0.412,0.94,0,0.911,0.421,,,,,,,,0.415,0.63,0,0.625,,,,
54808,20160402,-88.37,40.05,0.427,0.69,0,0.738,0.414,0.67,0,0.744,0.416,1.02,0,0.946,0.43,,,,,,,,0.421,0.74,0,0.756,,,,
54808,20160403,-88.37,40.05,0.433,0.78,0,0.881,0.418,0.75,0,0.881,0.418,1.06,0,0.976,0.433,,,,,,,,0.426,0.83,0,0.899,,,,
54808,20160404,-88.37,40.05,0.431,0.75,0,0.935,0.418,0.76,0,0.946,0.417,1.03,0,0.97,0.435,,,,,,,,0.425,0.82,0,0.958,,,,
54808,20160405,-88.37,40.05,0.426,0.68,0,0.798,0.416,0.73,0,0.935,0.417,1.01,0,0.964,0.435,,,,,,,,0.421,0.76,0,0.857,,,,
54808,20160406,-88.37,40.05,0.421,0.62,0,0.685,0.414,0.71,0,0.893,0.416,0.99,0,0.97,0.437,,,,,,,,0.417,0.71,0,0.732,,,,
54808,20160407,-88.37,40.05,0.419,0.57,0,0.685,0.413,0.69,0,0.881,0.416,0.96,0,0.97,0.426,,,,,,,,0.416,0.67,0,0.726,,,,
54808,20160408,-88.37,40.05,0.414,0.48,0,0.685,0.409,0.6,0,0.881,0.41,0.78,0,0.97,0.401,,,,,,,,0.412,0.56,0,0.726,,,,
54808,20160409,-88.37,40.05,0.412,0.43,0,0.685,0.407,0.56,0,0.881,0.408,0.72,0,0.964,0.394,,,,,,,,0.41,0.51,0,0.726,,,,
54808,20160410,-88.37,40.05,0.411,0.41,0,0.685,0.407,0.54,0,0.887,0.407,0.68,0,0.94,0.392,,,,,,,,0.409,0.49,0,0.726,,,,
54808,20160411,-88.37,40.05,0.417,0.46,0,0.679,0.41,0.57,0,0.887,0.408,0.67,0,0.946,0.392,,,,,,,,0.413,0.52,0,0.726,,,,
54808,20160412,-88.37,40.05,0.426,0.54,0,0.815,0.415,0.62,0,0.899,0.411,0.7,0,0.952,0.394,,,,,,,,0.421,0.6,0,0.827,,,,
54808,20160413,-88.37,40.05,0.435,0.63,0,0.958,0.42,0.67,0,0.976,0.413,0.72,0,0.964,0.395,,,,,,,,0.427,0.67,0,0.97,,,,
54808,20160414,-88.37,40.05,0.432,0.59,0,0.988,0.417,0.63,0,1,0.411,0.66,0,0.97,0.393,,,,,,,,0.425,0.63,0,1,,,,
54808,20160415,-88.37,40.05,0.427,0.55,0,0.97,0.415,0.59,0,1,0.409,0.61,0,0.97,0.392,,,,,,,,0.421,0.59,0,1,,,,
54808,20160416,-88.37,40.05,0.421,0.51,0,0.833,0.413,0.57,0,1,0.409,0.59,0,0.976,0.391,,,,,,,,0.417,0.56,0,0.946,,,,
54808,20160417,-88.37,40.05,0.413,0.45,0,0.69,0.41,0.55,0,0.976,0.409,0.58,0,1,0.391,,,,,,,,0.412,0.52,0,0.804,,,,
54808,20160418,-88.37,40.05,0.396,0.32,0,0.56,0.403,0.48,0,0.845,0.408,0.55,0,1,0.39,,,,,,,,0.399,0.41,0,0.661,,,,
54808,20160419,-88.37,40.05,0.375,0.16,0,0.417,0.392,0.37,0,0.702,0.404,0.5,0,0.994,0.388,,,,,,,,0.384,0.27,0,0.518,,,,
54808,20160420,-88.37,40.05,0.355,0.02,0,0.274,0.381,0.26,0,0.56,0.401,0.46,0,0.964,0.387,,,,,,,,0.368,0.14,0,0.375,,,,
54808,20160421,-88.37,40.05,0.336,-0.11,0.018,0.131,0.369,0.16,0,0.417,0.399,0.43,0,0.899,0.386,,,,,,,,0.353,0.02,0,0.232,,,,
54808,20160422,-88.37,40.05,0.328,-0.16,0.018,0.018,0.36,0.08,0,0.274,0.397,0.4,0,0.851,0.386,,,,,,,,0.344,-0.04,0,0.089,,,,
54808,20160423,-88.37,40.05,0.326,-0.17,0.018,0.012,0.353,0.01,0,0.131,0.394,0.37,0,0.804,0.385,,,,,,,,0.339,-0.08,0,0,,,,
54808,20160424,-88.37,40.05,0.325,-0.16,0.018,0.012,0.345,-0.05,0,0.012,0.391,0.34,0,0.72,0.385,,,,,,,,0.335,-0.11,0,0,,,,
54808,20160425,-88.37,40.05,0.325,-0.16,0.018,0.012,0.338,-0.1,0,0,0.388,0.31,0,0.643,0.385,,,,,,,,0.332,-0.12,0,0,,,,
54808,20160426,-88.37,40.05,0.324,-0.15,0.018,0.012,0.333,-0.13,0,0,0.385,0.28,0,0.512,0.384,,,,,,,,0.328,-0.14,0,0,,,,
54808,20160427,-88.37,40.05,0.323,-0.14,0.018,0.012,0.329,-0.15,0,0,0.382,0.25,0,0.405,0.383,,,,,,,,0.326,-0.14,0,0,,,,
54808,20160428,-88.37,40.05,0.327,-0.1,0,0.048,0.328,-0.14,0,0.036,0.379,0.23,0,0.333,0.382,,,,,,,,0.328,-0.11,0,0.036,,,,
54808,20160429,-88.37,40.05,0.334,-0.05,0,0.137,0.333,-0.08,0,0.095,0.376,0.2,0,0.244,0.382,,,,,,,,0.333,-0.06,0,0.125,,,,
54808,20160430,-88.37,40.05,0.335,-0.04,0,0.149,0.334,-0.06,0,0.095,0.373,0.18,0,0.167,0.381,,,,,,,,0.335,-0.04,0,0.125,,,,
54808,20160501,-88.37,40.05,0.351,0.07,0,0.292,0.345,0.04,0,0.238,0.373,0.19,0,0.19,0.38,,,,,,,,0.348,0.07,0,0.268,,,,
54808,20160502,-88.37,40.05,0.369,0.19,0,0.435,0.356,0.14,0,0.381,0.373,0.19,0,0.226,0.379,,,,,,,,0.362,0.19,0,0.411,,,,
54808,20160503,-88.37,40.05,0.388,0.31,0,0.577,0.367,0.24,0,0.524,0.373,0.2,0,0.274,0.379,,,,,,,,0.377,0.3,0,0.554,,,,
54808,20160504,-88.37,40.05,0.407,0.43,0,0.72,0.378,0.34,0,0.667,0.374,0.22,0,0.327,0.377,,,,,,,,0.393,0.42,0,0.696,,,,
54808,20160505,-88.37,40.05,0.423,0.53,0,0.827,0.387,0.42,0,0.75,0.375,0.23,0,0.375,0.377,,,,,,,,0.405,0.51,0,0.804,,,,
54808,20160506,-88.37,40.05,0.424,0.53,0,0.833,0.388,0.43,0,0.72,0.375,0.24,0,0.405,0.375,,,,,,,,0.406,0.52,0,0.804,,,,
54808,20160507,-88.37,40.05,0.426,0.53,0,0.821,0.39,0.44,0,0.72,0.375,0.24,0,0.429,0.374,,,,,,,,0.408,0.53,0,0.804,,,,
54808,20160508,-88.37,40.05,0.412,0.44,0,0.679,0.383,0.38,0,0.577,0.372,0.22,0,0.351,0.374,,,,,,,,0.397,0.45,0,0.661,,,,
54808,20160509,-88.37,40.05,0.402,0.38,0,0.577,0.378,0.33,0,0.476,0.369,0.2,0,0.262,0.373,,,,,,,,0.39,0.39,0,0.56,,,,
54808,20160510,-88.37,40.05,0.406,0.4,0,0.577,0.379,0.35,0,0.476,0.37,0.22,0,0.274,0.373,,,,,,,,0.393,0.41,0,0.56,,,,
54808,20160511,-88.37,40.05,0.413,0.44,0,0.577,0.385,0.39,0,0.476,0.377,0.28,0,0.357,0.376,,,,,,,,0.399,0.45,0,0.56,,,,
54808,20160512,-88.37,40.05,0.421,0.49,0,0.577,0.392,0.44,0,0.5,0.385,0.36,0,0.446,0.382,,,,,,,,0.407,0.5,0,0.56,,,,
54808,20160513,-88.37,40.05,0.43,0.55,0,0.613,0.401,0.51,0,0.613,0.392,0.43,0,0.554,0.387,,,,,,,,0.415,0.56,0,0.613,,,,
54808,20160514,-88.37,40.05,0.441,0.62,0,0.756,0.41,0.58,0,0.756,0.4,0.51,0,0.655,0.393,,,,,,,,0.426,0.63,0,0.756,,,,
54808,20160515,-88.37,40.05,0.455,0.7,0,0.899,0.421,0.66,0,0.899,0.409,0.58,0,0.792,0.398,,,,,,,,0.438,0.71,0,0.899,,,,
54808,20160516,-88.37,40.05,0.463,0.76,0,1,0.428,0.72,0,1,0.415,0.64,0,0.923,0.402,,,,,,,,0.446,0.77,0,1,,,,
54808,20160517,-88.37,40.05,0.458,0.73,0,1,0.429,0.72,0,1,0.419,0.68,0,1,0.406,,,,,,,,0.443,0.75,0,1,,,,
54808,20160518,-88.37,40.05,0.448,0.69,0,1,0.425,0.7,0,1,0.416,0.66,0,1,0.406,,,,,,,,0.437,0.72,0,1,,,,
54808,20160519,-88.37,40.05,0.436,0.62,0,0.958,0.42,0.67,0,1,0.412,0.62,0,1,0.404,,,,,,,,0.428,0.67,0,1,,,,
54808,20160520,-88.37,40.05,0.424,0.56,0,0.833,0.413,0.62,0,0.988,0.408,0.6,0,1,0.402,,,,,,,,0.419,0.61,0,0.911,,,,
54808,20160521,-88.37,40.05,0.408,0.48,0,0.69,0.406,0.57,0,0.905,0.404,0.57,0,0.988,0.4,,,,,,,,0.407,0.55,0,0.768,,,,
54808,20160522,-88.37,40.05,0.39,0.38,0,0.548,0.397,0.51,0,0.78,0.399,0.52,0,0.929,0.397,,,,,,,,0.394,0.47,0,0.625,,,,
54808,20160523,-88.37,40.05,0.372,0.28,0,0.405,0.388,0.45,0,0.637,0.394,0.48,0,0.815,0.395,,,,,,,,0.38,0.38,0,0.482,,,,
54808,20160524,-88.37,40.05,0.354,0.18,0,0.262,0.377,0.37,0,0.494,0.388,0.44,0,0.69,0.394,,,,,,,,0.365,0.29,0,0.339,,,,
54808,20160525,-88.37,40.05,0.335,0.08,0,0.121,0.365,0.29,0,0.358,0.382,0.39,0,0.558,0.392,-0.07,0.083,0.167,,,,,0.35,0.2,0,0.2,,,,
54808,20160526,-88.37,40.05,0.316,-0.02,0,0.018,0.352,0.19,0,0.212,0.375,0.33,0,0.412,0.391,-0.08,0.111,0.111,,,,,0.334,0.1,0,0.055,,,,
54808,20160527,-88.37,40.05,0.308,-0.05,0,0,0.34,0.11,0,0.079,0.367,0.27,0,0.267,0.389,-0.06,0.146,0.104,,,,,0.324,0.04,0,0,,,,
54808,20160528,-88.37,40.05,0.302,-0.07,0,0,0.329,0.04,0,0.018,0.36,0.22,0,0.133,0.387,-0.05,0.127,0.099,,,,,0.315,0,0,0,,,,
54808,20160529,-88.37,40.05,0.297,-0.08,0,0,0.32,-0.01,0,0,0.354,0.17,0,0.048,0.386,-0.03,0.105,0.105,,,,,0.309,-0.03,0,0,,,,
54808,20160530,-88.37,40.05,0.295,-0.07,0,0,0.314,-0.04,0,0,0.35,0.14,0,0.018,0.384,-0.03,0.101,0.126,,,,,0.304,-0.04,0,0,,,,
54808,20160531,-88.37,40.05,0.303,0,0,0.073,0.315,-0.01,0,0.073,0.345,0.11,0,0,0.383,-0.03,0.091,0.119,,,,,0.309,0,0,0.073,,,,
54808,20160601,-88.37,40.05,0.322,0.14,0,0.214,0.324,0.08,0,0.185,0.342,0.1,0,0,0.382,-0.03,0.077,0.097,,,,,0.323,0.12,0,0.208,,,,
54808,20160602,-88.37,40.05,0.348,0.32,0,0.357,0.337,0.18,0,0.327,0.341,0.1,0,0,0.381,-0.03,0.061,0.098,,,,,0.343,0.27,0,0.351,,,,
54808,20160603,-88.37,40.05,0.362,0.41,0,0.5,0.347,0.27,0,0.47,0.339,0.1,0,0,0.38,-0.02,0.036,0.12,,,,,0.355,0.36,0,0.494,,,,
54808,20160604,-88.37,40.05,0.373,0.5,0,0.643,0.356,0.34,0,0.601,0.339,0.11,0,0,0.38,-0.01,0.024,0.131,,,,,0.364,0.44,0,0.637,,,,
54808,20160605,-88.37,40.05,0.396,0.65,0,0.786,0.375,0.48,0,0.744,0.35,0.21,0,0.143,0.385,0.06,0.018,0.244,,,,,0.385,0.59,0,0.78,,,,
54808,20160606,-88.37,40.05,0.416,0.79,0,0.929,0.391,0.6,0,0.887,0.359,0.29,0,0.286,0.389,0.11,0.006,0.333,,,,,0.403,0.72,0,0.923,,,,
54808,20160607,-88.37,40.05,0.425,0.85,0,1,0.399,0.66,0,0.958,0.368,0.38,0,0.429,0.391,0.15,0,0.399,,,,,0.412,0.78,0,0.994,,,,
54808,20160608,-88.37,40.05,0.419,0.82,0,1,0.4,0.67,0,0.988,0.376,0.44,0,0.56,0.395,0.19,0,0.488,,,,,0.41,0.77,0,1,,,,
54808,20160609,-88.37,40.05,0.405,0.74,0,0.923,0.396,0.65,0,0.97,0.382,0.49,0,0.685,0.398,0.23,0,0.571,,,,,0.401,0.71,0,0.946,,,,
54808,20160610,-88.37,40.05,0.392,0.67,0,0.78,0.392,0.62,0,0.839,0.386,0.53,0,0.744,0.4,0.25,0,0.607,,,,,0.392,0.66,0,0.804,,,,
54808,20160611,-88.37,40.05,0.38,0.6,0,0.637,0.388,0.6,0,0.708,0.389,0.54,0,0.768,0.401,0.27,0,0.643,,,,,0.384,0.6,0,0.661,,,,
54808,20160612,-88.37,40.05,0.354,0.44,0,0.494,0.372,0.49,0,0.565,0.378,0.46,0,0.625,0.397,0.23,0,0.56,,,,,0.363,0.46,0,0.518,,,,
54808,20160613,-88.37,40.05,0.33,0.3,0,0.351,0.356,0.38,0,0.423,0.367,0.38,0,0.482,0.393,0.2,0,0.482,,,,,0.343,0.34,0,0.375,,,,
54808,20160614,-88.37,40.05,0.31,0.17,0,0.214,0.342,0.29,0,0.286,0.357,0.3,0,0.339,0.39,0.17,0,0.435,,,,,0.326,0.23,0,0.238,,,,
54808,20160615,-88.37,40.05,0.309,0.16,0,0.167,0.341,0.27,0,0.25,0.353,0.27,0,0.208,0.392,0.19,0,0.464,,,,,0.325,0.21,0,0.19,,,,
54808,20160616,-88.37,40.05,0.311,0.17,0,0.196,0.343,0.29,0,0.268,0.348,0.23,0,0.083,0.392,0.19,0,0.452,,,,,0.327,0.22,0,0.238,,,,
54808,20160617,-88.37,40.05,0.314,0.19,0,0.208,0.345,0.3,0,0.31,0.344,0.2,0,0.024,0.393,0.2,0,0.446,,,,,0.33,0.24,0,0.25,,,,
54808,20160618,-88.37,40.05,0.317,0.21,0,0.208,0.345,0.3,0,0.31,0.34,0.18,0,0,0.393,0.21,0,0.452,,,,,0.331,0.25,0,0.25,,,,
54808,20160619,-88.37,40.05,0.32,0.24,0,0.208,0.345,0.3,0,0.31,0.337,0.16,0,0,0.393,0.22,0,0.452,,,,,0.333,0.26,0,0.25,,,,
54808,20160620,-88.37,40.05,0.324,0.26,0,0.208,0.345,0.3,0,0.31,0.335,0.14,0,0,0.394,0.23,0,0.47,,,,,0.334,0.27,0,0.25,,,,
54808,20160621,-88.37,40.05,0.331,0.31,0,0.256,0.349,0.33,0,0.357,0.334,0.14,0,0,0.397,0.25,0,0.518,,,,,0.34,0.32,0,0.298,,,,
54808,20160622,-88.37,40.05,0.329,0.31,0,0.256,0.347,0.33,0,0.357,0.33,0.11,0,0.006,0.396,0.25,0,0.518,,,,,0.338,0.32,0,0.31,,,,
54808,20160623,-88.37,40.05,0.339,0.38,0,0.304,0.353,0.38,0,0.357,0.339,0.18,0,0.149,0.4,0.29,0,0.577,,,,,0.346,0.38,0,0.315,,,,
54808,20160624,-88.37,40.05,0.346,0.44,0,0.435,0.359,0.42,0,0.446,0.346,0.23,0,0.286,0.403,0.31,0,0.655,,,,,0.353,0.44,0,0.446,,,,
54808,20160625,-88.37,40.05,0.353,0.49,0,0.577,0.366,0.47,0,0.589,0.352,0.28,0,0.411,0.405,0.34,0,0.732,,,,,0.36,0.5,0,0.589,,,,
54808,20160626,-88.37,40.05,0.36,0.53,0,0.714,0.373,0.53,0,0.732,0.359,0.33,0,0.488,0.408,0.36,0,0.798,,,,,0.367,0.55,0,0.732,,,,
54808,20160627,-88.37,40.05,0.366,0.58,0,0.738,0.38,0.58,0,0.863,0.365,0.39,0,0.524,0.409,0.38,0,0.845,,,,,0.373,0.61,0,0.863,,,,
54808,20160628,-88.37,40.05,0.366,0.58,0,0.685,0.382,0.6,0,0.857,0.37,0.43,0,0.53,0.409,0.39,0,0.887,,,,,0.374,0.62,0,0.81,,,,
54808,20160629,-88.37,40.05,0.359,0.55,0,0.589,0.377,0.57,0,0.75,0.372,0.46,0,0.524,0.408,0.38,0,0.893,,,,,0.368,0.59,0,0.702,,,,
54808,20160630,-88.37,40.05,0.338,0.42,0,0.446,0.359,0.46,0,0.607,0.36,0.38,0,0.381,0.401,0.34,0,0.81,,,,,0.349,0.47,0,0.56,,,,
54808,20160701,-88.37,40.05,0.321,0.32,0,0.304,0.345,0.37,0,0.464,0.351,0.32,0,0.244,0.398,0.32,0,0.738,,,,,0.333,0.37,0,0.417,,,,
54808,20160702,-88.37,40.05,0.306,0.23,0,0.161,0.334,0.31,0,0.321,0.342,0.26,0,0.119,0.393,0.29,0,0.625,,,,,0.32,0.29,0,0.274,,,,
54808,20160703,-88.37,40.05,0.294,0.16,0,0.024,0.325,0.24,0,0.185,0.334,0.2,0,0.042,0.39,0.26,0,0.536,,,,,0.309,0.22,0,0.131,,,,
54808,20160704,-88.37,40.05,0.297,0.18,0,0.113,0.329,0.27,0,0.196,0.328,0.16,0,0.006,0.386,0.23,0,0.429,,,,,0.313,0.24,0,0.143,,,,
54808,20160705,-88.37,40.05,0.304,0.21,0,0.232,0.333,0.3,0,0.292,0.324,0.13,0,0,0.383,0.2,0,0.31,,,,,0.319,0.27,0,0.28,,,,
54808,20160706,-88.37,40.05,0.312,0.25,0,0.256,0.339,0.33,0,0.363,0.323,0.12,0,0,0.38,0.17,0,0.185,,,,,0.326,0.3,0,0.321,,,,
54808,20160707,-88.37,40.05,0.329,0.35,0,0.399,0.351,0.41,0,0.506,0.327,0.15,0,0.012,0.378,0.14,0,0.125,,,,,0.34,0.39,0,0.464,,,,
54808,20160708,-88.37,40.05,0.345,0.43,0,0.542,0.362,0.48,0,0.649,0.332,0.19,0,0.012,0.375,0.11,0,0.054,,,,,0.353,0.47,0,0.607,,,,
54808,20160709,-88.37,40.05,0.358,0.51,0,0.673,0.37,0.54,0,0.774,0.336,0.22,0,0.012,0.374,0.09,0,0.024,,,,,0.364,0.54,0,0.744,,,,
54808,20160710,-88.37,40.05,0.37,0.58,0,0.726,0.377,0.59,0,0.798,0.339,0.25,0,0.012,0.37,0.06,0,0,,,,,0.374,0.61,0,0.786,,,,
54808,20160711,-88.37,40.05,0.366,0.56,0,0.619,0.371,0.56,0,0.655,0.341,0.26,0,0.012,0.367,0.02,0,0,,,,,0.368,0.58,0,0.643,,,,
54808,20160712,-88.37,40.05,0.359,0.53,0,0.5,0.364,0.52,0,0.512,0.341,0.26,0,0.012,0.363,-0.01,0,0,,,,,0.361,0.54,0,0.506,,,,
54808,20160713,-88.37,40.05,0.35,0.49,0,0.476,0.357,0.48,0,0.44,0.34,0.26,0,0.012,0.359,-0.04,0,0,,,,,0.353,0.5,0,0.464,,,,
54808,20160714,-88.37,40.05,0.337,0.43,0,0.387,0.347,0.43,0,0.369,0.334,0.21,0,0,0.355,-0.08,0,0,,,,,0.342,0.44,0,0.393,,,,
54808,20160715,-88.37,40.05,0.327,0.4,0,0.274,0.341,0.41,0,0.327,0.329,0.18,0,0,0.35,-0.12,0,0,,,,,0.334,0.41,0,0.31,,,,
54808,20160716,-88.37,40.05,0.317,0.36,0,0.143,0.334,0.38,0,0.202,0.325,0.15,0,0,0.344,-0.16,0,0,,,,,0.326,0.38,0,0.173,,,,
54808,20160717,-88.37,40.05,0.308,0.32,0,0.089,0.328,0.35,0,0.173,0.321,0.13,0,0,0.34,-0.2,0.006,0,,,,,0.318,0.34,0,0.131,,,,
54808,20160718,-88.37,40.05,0.303,0.31,0,0.083,0.327,0.37,0,0.292,0.32,0.13,0,0,0.335,-0.23,0.006,0,,,,,0.315,0.34,0,0.149,,,,
54808,20160719,-88.37,40.05,0.31,0.37,0,0.208,0.335,0.45,0,0.429,0.322,0.16,0,0,0.33,-0.26,0.012,0,,,,,0.322,0.41,0,0.274,,,,
54808,20160720,-88.37,40.05,0.318,0.43,0,0.351,0.341,0.52,0,0.571,0.323,0.19,0,0.006,0.326,-0.29,0.024,0,,,,,0.33,0.48,0,0.417,,,,
54808,20160721,-88.37,40.05,0.321,0.47,0,0.44,0.343,0.55,0,0.643,0.326,0.22,0,0.006,0.322,-0.32,0.089,0,,,,,0.332,0.51,0,0.488,,,,
54808,20160722,-88.37,40.05,0.326,0.52,0,0.554,0.345,0.58,0,0.667,0.327,0.25,0,0.018,0.318,-0.34,0.131,0,,,,,0.336,0.55,0,0.571,,,,
54808,20160723,-88.37,40.05,0.34,0.63,0,0.696,0.354,0.66,0,0.81,0.331,0.3,0,0.048,0.315,-0.36,0.214,0,,,,,0.347,0.65,0,0.714,,,,
54808,20160724,-88.37,40.05,0.353,0.74,0,0.839,0.362,0.74,0,0.952,0.336,0.36,0,0.071,0.313,-0.38,0.321,0,,,,,0.357,0.75,0,0.857,,,,
54808,20160725,-88.37,40.05,0.366,0.85,0,0.982,0.369,0.81,0,0.976,0.343,0.44,0,0.125,0.316,-0.35,0.393,0.048,,,,,0.367,0.84,0,0.982,,,,
54808,20160726,-88.37,40.05,0.375,0.93,0,1,0.375,0.88,0,0.982,0.353,0.56,0,0.268,0.33,-0.22,0.387,0.185,,,,,0.375,0.92,0,1,,,,
54808,20160727,-88.37,40.05,0.381,1.01,0,1,0.38,0.94,0,0.982,0.362,0.65,0,0.405,0.342,-0.11,0.375,0.304,,,,,0.381,0.98,0,1,,,,
54808,20160728,-88.37,40.05,0.387,1.07,0,1,0.386,1.01,0,0.982,0.37,0.74,0,0.548,0.355,0,0.31,0.435,,,,,0.386,1.04,0,1,,,,
54808,20160729,-88.37,40.05,0.398,1.18,0,1,0.397,1.11,0,1,0.381,0.87,0,0.679,0.369,0.13,0.268,0.571,,,,,0.397,1.15,0,1,,,,
54808,20160730,-88.37,40.05,0.4,1.23,0,1,0.4,1.16,0,1,0.39,0.96,0,0.792,0.384,0.27,0.185,0.714,,,,,0.4,1.19,0,1,,,,
54808,20160731,-88.37,40.05,0.404,1.28,0,1,0.405,1.22,0,1,0.398,1.05,0,0.911,0.397,0.39,0.071,0.857,,,,,0.404,1.25,0,1,,,,
54808,20160801,-88.37,40.05,0.402,1.3,0,1,0.404,1.23,0,1,0.401,1.08,0,1,0.405,0.47,0,0.952,,,,,0.403,1.27,0,1,,,,
54808,20160802,-88.37,40.05,0.395,1.27,0,1,0.398,1.2,0,1,0.397,1.05,0,1,0.403,0.46,0,0.958,,,,,0.396,1.24,0,1,,,,
54808,20160803,-88.37,40.05,0.388,1.25,0,1,0.394,1.19,0,1,0.395,1.03,0,1,0.402,0.47,0,0.976,,,,,0.391,1.23,0,1,,,,
54808,20160804,-88.37,40.05,0.383,1.23,0,1,0.39,1.18,0,1,0.391,1,0,1,0.401,0.47,0,0.976,,,,,0.386,1.22,0,1,,,,
54808,20160805,-88.37,40.05,0.368,1.15,0,1,0.378,1.1,0,1,0.383,0.93,0,1,0.398,0.46,0,0.976,,,,,0.373,1.14,0,1,,,,
54808,20160806,-88.37,40.05,0.354,1.06,0,1,0.368,1.04,0,1,0.376,0.87,0,0.994,0.395,0.45,0,0.958,,,,,0.361,1.07,0,1,,,,
54808,20160807,-88.37,40.05,0.34,0.98,0,1,0.357,0.97,0,1,0.368,0.8,0,0.958,0.393,0.44,0,0.952,,,,,0.348,0.99,0,1,,,,
54808,20160808,-88.37,40.05,0.325,0.89,0,1,0.347,0.9,0,1,0.359,0.73,0,0.863,0.391,0.44,0,0.946,,,,,0.336,0.92,0,1,,,,
54808,20160809,-88.37,40.05,0.313,0.81,0,1,0.338,0.83,0,1,0.351,0.67,0,0.738,0.388,0.43,0,0.934,,,,,0.325,0.84,0,1,,,,
54808,20160810,-88.37,40.05,0.301,0.74,0,1,0.329,0.77,0,1,0.343,0.6,0,0.601,0.386,0.42,0,0.932,,,,,0.315,0.77,0,1,,,,
54808,20160811,-88.37,40.05,0.29,0.67,0,0.94,0.321,0.7,0,0.94,0.336,0.55,0,0.47,0.383,0.42,0,0.935,,,,,0.306,0.7,0,0.994,,,,
54808,20160812,-88.37,40.05,0.281,0.61,0,0.821,0.314,0.65,0,0.839,0.329,0.49,0,0.327,0.379,0.42,0,0.93,,,,,0.298,0.65,0,0.929,,,,
54808,20160813,-88.37,40.05,0.279,0.6,0,0.738,0.311,0.63,0,0.774,0.327,0.48,0,0.25,0.379,0.42,0,0.944,,,,,0.295,0.64,0,0.881,,,,
54808,20160814,-88.37,40.05,0.284,0.66,0,0.738,0.314,0.67,0,0.774,0.33,0.51,0,0.286,0.382,0.41,0,0.939,,,,,0.299,0.7,0,0.881,,,,
54808,20160815,-88.37,40.05,0.29,0.72,0,0.738,0.317,0.71,0,0.774,0.335,0.56,0,0.381,0.385,0.4,0,0.929,,,,,0.303,0.75,0,0.881,,,,
54808,20160816,-88.37,40.05,0.307,0.88,0,0.738,0.334,0.87,0,0.774,0.348,0.68,0,0.506,0.391,0.38,0,0.947,,,,,0.321,0.92,0,0.881,,,,
54808,20160817,-88.37,40.05,0.326,1.08,0,0.738,0.352,1.04,0,0.774,0.362,0.8,0,0.643,0.397,,,,,,,,0.339,1.11,0,0.881,,,,
54808,20160818,-88.37,40.05,0.345,1.26,0,0.798,0.368,1.2,0,0.833,0.374,0.91,0,0.774,0.402,,,,,,,,0.356,1.29,0,0.887,,,,
54808,20160819,-88.37,40.05,0.363,1.44,0,0.917,0.384,1.36,0,0.935,0.387,1.03,0,0.917,0.408,,,,,,,,0.374,1.47,0,0.952,,,,
54808,20160820,-88.37,40.05,0.376,1.57,0,1,0.397,1.48,0,1,0.396,1.11,0,1,0.411,,,,,,,,0.386,1.6,0,1,,,,
54808,20160821,-88.37,40.05,0.382,1.65,0,1,0.405,1.56,0,1,0.399,1.14,0,1,0.41,,,,,,,,0.394,1.68,0,1,,,,
54808,20160822,-88.37,40.05,0.389,1.7,0,1,0.412,1.62,0,1,0.402,1.17,0,1,0.41,,,,,,,,0.4,1.74,0,1,,,,
54808,20160823,-88.37,40.05,0.382,1.64,0,1,0.404,1.55,0,1,0.396,1.13,0,1,0.406,,,,,,,,0.393,1.67,0,1,,,,
54808,20160824,-88.37,40.05,0.371,1.53,0,1,0.395,1.46,0,1,0.39,1.07,0,1,0.403,,,,,,,,0.383,1.57,0,1,,,,
54808,20160825,-88.37,40.05,0.368,1.47,0,1,0.389,1.4,0,1,0.387,1.04,0,1,0.401,,,,,,,,0.379,1.5,0,1,,,,
54808,20160826,-88.37,40.05,0.364,1.4,0,1,0.384,1.34,0,1,0.384,1.01,0,1,0.4,,,,,,,,0.374,1.44,0,1,,,,
54808,20160827,-88.37,40.05,0.36,1.33,0,1,0.381,1.29,0,1,0.381,0.97,0,1,0.399,,,,,,,,0.37,1.37,0,1,,,,
54808,20160828,-88.37,40.05,0.357,1.27,0,1,0.38,1.25,0,1,0.379,0.94,0,1,0.397,,,,,,,,0.368,1.32,0,1,,,,
54808,20160829,-88.37,40.05,0.354,1.23,0,1,0.379,1.22,0,1,0.377,0.91,0,1,0.397,,,,,,,,0.367,1.27,0,1,,,,
54808,20160830,-88.37,40.05,0.353,1.2,0,1,0.378,1.18,0,1,0.376,0.88,0,1,0.397,,,,,,,,0.366,1.24,0,1,,,,
54808,20160831,-88.37,40.05,0.353,1.18,0,1,0.377,1.15,0,1,0.376,0.86,0,1,0.397,,,,,,,,0.365,1.21,0,1,,,,
54808,20160901,-88.37,40.05,0.347,1.12,0,1,0.373,1.11,0,1,0.373,0.82,0,0.988,0.397,,,,,,,,0.36,1.15,0,1,,,,
54808,20160902,-88.37,40.05,0.341,1.06,0,1,0.368,1.05,0,1,0.369,0.78,0,0.976,0.396,,,,,,,,0.355,1.1,0,1,,,,
54808,20160903,-88.37,40.05,0.334,1,0,1,0.36,0.98,0,1,0.365,0.74,0,0.905,0.395,,,,,,,,0.347,1.03,0,1,,,,
54808,20160904,-88.37,40.05,0.325,0.94,0,1,0.349,0.89,0,0.946,0.361,0.7,0,0.792,0.393,,,,,,,,0.337,0.96,0,1,,,,
54808,20160905,-88.37,40.05,0.316,0.87,0,1,0.339,0.81,0,0.845,0.356,0.66,0,0.673,0.391,,,,,,,,0.328,0.89,0,0.994,,,,
54808,20160906,-88.37,40.05,0.308,0.81,0,1,0.331,0.75,0,0.702,0.351,0.61,0,0.53,0.389,,,,,,,,0.319,0.83,0,0.982,,,,
54808,20160907,-88.37,40.05,0.3,0.76,0,0.994,0.323,0.69,0,0.56,0.345,0.57,0,0.387,0.385,,,,,,,,0.312,0.77,0,0.887,,,,
54808,20160908,-88.37,40.05,0.292,0.71,0,0.952,0.316,0.63,0,0.417,0.34,0.53,0,0.256,0.383,,,,,,,,0.304,0.71,0,0.75,,,,
54808,20160909,-88.37,40.05,0.291,0.7,0,0.952,0.315,0.61,0,0.399,0.341,0.54,0,0.262,0.38,,,,,,,,0.303,0.7,0,0.75,,,,
54808,20160910,-88.37,40.05,0.298,0.75,0,0.952,0.323,0.65,0,0.399,0.347,0.58,0,0.333,0.377,,,,,,,,0.311,0.74,0,0.75,,,,
54808,20160911,-88.37,40.05,0.315,0.87,0,0.952,0.337,0.73,0,0.452,0.357,0.66,0,0.446,0.383,,,,,,,,0.326,0.84,0,0.75,,,,
54808,20160912,-88.37,40.05,0.33,0.97,0,0.952,0.349,0.8,0,0.554,0.365,0.73,0,0.565,0.386,,,,,,,,0.34,0.93,0,0.756,,,,
54808,20160913,-88.37,40.05,0.344,1.07,0,0.952,0.361,0.86,0,0.696,0.374,0.8,0,0.708,0.39,,,,,,,,0.352,1.01,0,0.768,,,,
54808,20160914,-88.37,40.05,0.357,1.17,0,0.958,0.372,0.93,0,0.839,0.383,0.87,0,0.851,0.393,,,,,,,,0.365,1.08,0,0.863,,,,
54808,20160915,-88.37,40.05,0.376,1.3,0,1,0.385,1,0,0.982,0.393,0.96,0,0.994,0.396,,,,,,,,0.381,1.18,0,1,,,,
54808,20160916,-88.37,40.05,0.387,1.38,0,1,0.394,1.05,0,1,0.397,1,0,1,0.4,,,,,,,,0.39,1.24,0,1,,,,
54808,20160917,-88.37,40.05,0.392,1.42,0,1,0.396,1.05,0,1,0.398,1.01,0,1,0.403,,,,,,,,0.394,1.25,0,1,,,,
54808,20160918,-88.37,40.05,0.393,1.43,0,1,0.394,1.03,0,1,0.395,0.99,0,1,0.4,,,,,,,,0.394,1.24,0,1,,,,
54808,20160919,-88.37,40.05,0.393,1.43,0,1,0.394,1.02,0,1,0.393,0.98,0,1,0.397,,,,,,,,0.394,1.24,0,1,,,,
54808,20160920,-88.37,40.05,0.393,1.44,0,1,0.393,1.02,0,1,0.392,0.98,0,1,0.395,,,,,,,,0.393,1.24,0,1,,,,
54808,20160921,-88.37,40.05,0.392,1.43,0,1,0.392,1.01,0,1,0.391,0.97,0,1,0.394,,,,,,,,0.392,1.24,0,1,,,,
54808,20160922,-88.37,40.05,0.384,1.38,0,1,0.387,0.98,0,1,0.387,0.95,0,1,0.393,,,,,,,,0.386,1.2,0,1,,,,
54808,20160923,-88.37,40.05,0.376,1.32,0,1,0.382,0.94,0,1,0.384,0.92,0,1,0.392,,,,,,,,0.379,1.16,0,1,,,,
54808,20160924,-88.37,40.05,0.366,1.25,0,1,0.376,0.9,0,1,0.38,0.88,0,1,0.391,,,,,,,,0.371,1.1,0,1,,,,
54808,20160925,-88.37,40.05,0.351,1.13,0,1,0.366,0.83,0,1,0.375,0.85,0,1,0.39,,,,,,,,0.359,1.01,0,1,,,,
54808,20160926,-88.37,40.05,0.341,1.05,0,1,0.361,0.79,0,1,0.372,0.83,0,1,0.389,,,,,,,,0.351,0.95,0,1,,,,
54808,20160927,-88.37,40.05,0.333,1,0,1,0.356,0.76,0,1,0.369,0.8,0,1,0.388,,,,,,,,0.345,0.9,0,1,,,,
54808,20160928,-88.37,40.05,0.326,0.93,0,1,0.351,0.72,0,1,0.365,0.76,0,1,0.386,,,,,,,,0.338,0.85,0,1,,,,
54808,20160929,-88.37,40.05,0.32,0.88,0,1,0.345,0.68,0,1,0.36,0.71,0,0.988,0.385,,,,,,,,0.332,0.8,0,1,,,,
54808,20160930,-88.37,40.05,0.316,0.85,0,1,0.341,0.66,0,1,0.356,0.66,0,0.964,0.384,,,,,,,,0.329,0.77,0,1,,,,
54808,20161001,-88.37,40.05,0.319,0.87,0,1,0.342,0.67,0,1,0.353,0.63,0,0.94,0.382,,,,,,,,0.33,0.79,0,1,,,,
54808,20161002,-88.37,40.05,0.328,0.94,0,1,0.345,0.7,0,1,0.351,0.6,0,0.94,0.38,,,,,,,,0.337,0.84,0,1,,,,
54808,20161003,-88.37,40.05,0.335,0.98,0,1,0.345,0.72,0,1,0.349,0.57,0,0.94,0.379,,,,,,,,0.34,0.87,0,1,,,,
54808,20161004,-88.37,40.05,0.339,1.01,0,1,0.345,0.73,0,1,0.347,0.54,0,0.935,0.378,,,,,,,,0.342,0.89,0,1,,,,
54808,20161005,-88.37,40.05,0.343,1.03,0,1,0.346,0.74,0,1,0.346,0.53,0,0.935,0.377,,,,,,,,0.345,0.91,0,1,,,,
54808,20161006,-88.37,40.05,0.347,1.04,0,1,0.348,0.76,0,1,0.347,0.53,0,0.946,0.377,,,,,,,,0.347,0.93,0,1,,,,
54808,20161007,-88.37,40.05,0.349,1.04,0,1,0.349,0.77,0,1,0.348,0.54,0,0.97,0.376,,,,,,,,0.349,0.95,0,1,,,,
54808,20161008,-88.37,40.05,0.345,0.99,0,1,0.346,0.75,0,1,0.348,0.53,0,0.994,0.376,,,,,,,,0.345,0.91,0,1,,,,
54808,20161009,-88.37,40.05,0.333,0.87,0,1,0.34,0.69,0,1,0.345,0.51,0,0.982,0.376,,,,,,,,0.337,0.83,0,1,,,,
54808,20161010,-88.37,40.05,0.322,0.77,0,1,0.335,0.64,0,1,0.343,0.48,0,0.976,0.375,,,,,,,,0.328,0.75,0,1,,,,
54808,20161011,-88.37,40.05,0.311,0.67,0,0.988,0.329,0.58,0,0.988,0.341,0.45,0,0.899,0.374,,,,,,,,0.32,0.67,0,1,,,,
54808,20161012,-88.37,40.05,0.302,0.58,0,0.94,0.324,0.53,0,0.899,0.338,0.42,0,0.804,0.373,,,,,,,,0.313,0.61,0,1,,,,
54808,20161013,-88.37,40.05,0.293,0.51,0,0.833,0.319,0.48,0,0.774,0.334,0.38,0,0.708,0.372,,,,,,,,0.306,0.54,0,0.97,,,,
54808,20161014,-88.37,40.05,0.286,0.45,0,0.69,0.314,0.43,0,0.631,0.331,0.34,0,0.595,0.37,,,,,,,,0.3,0.49,0,0.863,,,,
54808,20161015,-88.37,40.05,0.281,0.4,0,0.548,0.31,0.39,0,0.488,0.328,0.31,0,0.458,0.368,,,,,,,,0.295,0.44,0,0.72,,,,
54808,20161016,-88.37,40.05,0.277,0.36,0,0.405,0.307,0.36,0,0.345,0.326,0.28,0,0.327,0.367,,,,,,,,0.292,0.39,0,0.577,,,,
54808,20161017,-88.37,40.05,0.275,0.33,0,0.262,0.306,0.33,0,0.202,0.324,0.25,0,0.196,0.365,,,,,,,,0.29,0.36,0,0.435,,,,
54808,20161018,-88.37,40.05,0.274,0.3,0,0.131,0.305,0.31,0,0.071,0.323,0.24,0,0.167,0.365,,,,,,,,0.29,0.32,0,0.292,,,,
54808,20161019,-88.37,40.05,0.273,0.27,0,0.036,0.305,0.29,0,0.018,0.323,0.23,0,0.131,0.363,,,,,,,,0.289,0.29,0,0.149,,,,
54808,20161020,-88.37,40.05,0.276,0.25,0,0.03,0.306,0.28,0,0.03,0.324,0.23,0,0.119,0.362,,,,,,,,0.291,0.27,0,0.065,,,,
54808,20161021,-88.37,40.05,0.294,0.32,0,0.173,0.317,0.34,0,0.173,0.329,0.26,0,0.232,0.361,,,,,,,,0.305,0.33,0,0.173,,,,
54808,20161022,-88.37,40.05,0.309,0.37,0,0.315,0.326,0.4,0,0.315,0.333,0.29,0,0.351,0.361,,,,,,,,0.318,0.38,0,0.315,,,,
54808,20161023,-88.37,40.05,0.322,0.41,0,0.458,0.334,0.44,0,0.458,0.337,0.31,0,0.435,0.359,,,,,,,,0.328,0.41,0,0.458,,,,
54808,20161024,-88.37,40.05,0.332,0.43,0,0.565,0.34,0.47,0,0.601,0.34,0.33,0,0.524,0.358,,,,,,,,0.336,0.43,0,0.601,,,,
54808,20161025,-88.37,40.05,0.341,0.44,0,0.589,0.346,0.5,0,0.744,0.342,0.34,0,0.524,0.356,,,,,,,,0.343,0.45,0,0.643,,,,
54808,20161026,-88.37,40.05,0.348,0.45,0,0.589,0.35,0.52,0,0.857,0.344,0.35,0,0.548,0.355,,,,,,,,0.349,0.46,0,0.643,,,,
54808,20161027,-88.37,40.05,0.36,0.5,0,0.661,0.358,0.56,0,0.94,0.347,0.37,0,0.619,0.353,,,,,,,,0.359,0.5,0,0.714,,,,
54808,20161028,-88.37,40.05,0.359,0.46,0,0.661,0.358,0.53,0,0.94,0.346,0.36,0,0.595,0.351,,,,,,,,0.358,0.46,0,0.714,,,,
54808,20161029,-88.37,40.05,0.36,0.44,0,0.661,0.358,0.51,0,0.94,0.346,0.35,0,0.595,0.349,,,,,,,,0.359,0.44,0,0.714,,,,
54808,20161030,-88.37,40.05,0.361,0.43,0,0.661,0.359,0.49,0,0.94,0.347,0.36,0,0.607,0.347,,,,,,,,0.36,0.43,0,0.714,,,,
54808,20161031,-88.37,40.05,0.362,0.41,0,0.613,0.36,0.46,0,0.923,0.347,0.36,0,0.625,0.347,,,,,,,,0.361,0.42,0,0.673,,,,
54808,20161101,-88.37,40.05,0.363,0.4,0,0.589,0.361,0.44,0,0.81,0.348,0.36,0,0.679,0.346,,,,,,,,0.362,0.4,0,0.637,,,,
54808,20161102,-88.37,40.05,0.364,0.39,0,0.589,0.363,0.42,0,0.708,0.349,0.37,0,0.732,0.344,,,,,,,,0.364,0.4,0,0.637,,,,
54808,20161103,-88.37,40.05,0.363,0.37,0,0.56,0.362,0.38,0,0.673,0.349,0.36,0,0.732,0.344,,,,,,,,0.362,0.37,0,0.613,,,,
54808,20161104,-88.37,40.05,0.362,0.36,0,0.56,0.361,0.34,0,0.643,0.348,0.35,0,0.696,0.344,,,,,,,,0.362,0.36,0,0.613,,,,
54808,20161105,-88.37,40.05,0.361,0.35,0,0.56,0.359,0.3,0,0.506,0.347,0.34,0,0.619,0.343,,,,,,,,0.36,0.34,0,0.613,,,,
54808,20161106,-88.37,40.05,0.359,0.33,0,0.524,0.357,0.25,0,0.363,0.346,0.31,0,0.548,0.341,,,,,,,,0.358,0.32,0,0.571,,,,
54808,20161107,-88.37,40.05,0.359,0.32,0,0.476,0.355,0.21,0,0.238,0.345,0.28,0,0.446,0.34,,,,,,,,0.357,0.3,0,0.47,,,,
54808,20161108,-88.37,40.05,0.359,0.31,0,0.476,0.353,0.18,0,0.208,0.344,0.25,0,0.363,0.339,,,,,,,,0.356,0.29,0,0.464,,,,
54808,20161109,-88.37,40.05,0.369,0.37,0,0.607,0.357,0.2,0,0.315,0.346,0.24,0,0.333,0.338,,,,,,,,0.363,0.34,0,0.595,,,,
54808,20161110,-88.37,40.05,0.373,0.39,0,0.679,0.359,0.2,0,0.381,0.347,0.22,0,0.268,0.336,,,,,,,,0.366,0.36,0,0.661,,,,
54808,20161111,-88.37,40.05,0.372,0.38,0,0.679,0.359,0.2,0,0.381,0.348,0.2,0,0.185,0.334,,,,,,,,0.366,0.35,0,0.661,,,,
54808,20161112,-88.37,40.05,0.373,0.38,0,0.661,0.36,0.2,0,0.405,0.349,0.17,0,0.143,0.334,,,,,,,,0.366,0.34,0,0.631,,,,
54808,20161113,-88.37,40.05,0.373,0.37,0,0.583,0.361,0.2,0,0.417,0.35,0.14,0,0.119,0.333,,,,,,,,0.367,0.33,0,0.548,,,,
54808,20161114,-88.37,40.05,0.374,0.36,0,0.571,0.363,0.2,0,0.417,0.351,0.12,0,0.107,0.332,,,,,,,,0.368,0.32,0,0.548,,,,
54808,20161115,-88.37,40.05,0.375,0.36,0,0.571,0.364,0.2,0,0.417,0.352,0.1,0,0.107,0.331,,,,,,,,0.369,0.31,0,0.548,,,,
54808,20161116,-88.37,40.05,0.366,0.28,0,0.44,0.36,0.16,0,0.298,0.35,0.06,0,0.048,0.331,,,,,,,,0.363,0.24,0,0.417,,,,
54808,20161117,-88.37,40.05,0.358,0.21,0,0.298,0.355,0.11,0,0.155,0.348,0.03,0,0.006,0.33,,,,,,,,0.357,0.16,0,0.274,,,,
54808,20161118,-88.37,40.05,0.351,0.14,0,0.155,0.352,0.06,0,0.042,0.346,0,0,0.006,0.33,,,,,,,,0.351,0.1,0,0.131,,,,
54808,20161119,-88.37,40.05,0.35,0.11,0,0.084,0.353,0.06,0,0.102,0.349,0.02,0,0.09,0.329,,,,,,,,0.351,0.08,0,0.072,,,,
54808,20161120,-88.37,40.05,0.35,0.1,0,0.054,0.355,0.06,0,0.126,0.353,0.04,0,0.162,0.328,,,,,,,,0.352,0.07,0,0.054,,,,
54808,20161121,-88.37,40.05,0.35,0.09,0,0.054,0.356,0.06,0,0.126,0.357,0.07,0,0.18,0.327,,,,,,,,0.353,0.07,0,0.054,,,,
54808,20161122,-88.37,40.05,0.35,0.08,0,0.054,0.358,0.06,0,0.126,0.361,0.09,0,0.186,0.327,,,,,,,,0.354,0.06,0,0.054,,,,
54808,20161123,-88.37,40.05,0.354,0.1,0,0.096,0.362,0.08,0,0.174,0.365,0.12,0,0.228,0.325,,,,,,,,0.358,0.08,0,0.102,,,,
54808,20161124,-88.37,40.05,0.365,0.19,0,0.24,0.37,0.14,0,0.317,0.373,0.19,0,0.371,0.331,,,,,,,,0.368,0.16,0,0.246,,,,
54808,20161125,-88.37,40.05,0.375,0.28,0,0.383,0.378,0.2,0,0.455,0.379,0.25,0,0.491,0.34,,,,,,,,0.377,0.23,0,0.389,,,,
54808,20161126,-88.37,40.05,0.381,0.32,0,0.47,0.381,0.21,0,0.488,0.38,0.26,0,0.512,0.349,,,,,,,,0.381,0.26,0,0.476,,,,
54808,20161127,-88.37,40.05,0.386,0.35,0,0.613,0.383,0.23,0,0.571,0.381,0.27,0,0.536,0.357,,,,,,,,0.385,0.28,0,0.613,,,,
54808,20161128,-88.37,40.05,0.393,0.41,0,0.756,0.387,0.26,0,0.673,0.383,0.29,0,0.613,0.366,,,,,,,,0.39,0.33,0,0.75,,,,
54808,20161129,-88.37,40.05,0.405,0.53,0,0.899,0.395,0.33,0,0.815,0.389,0.35,0,0.75,0.378,,,,,,,,0.4,0.42,0,0.893,,,,
54808,20161130,-88.37,40.05,0.414,0.6,0,1,0.401,0.38,0,0.911,0.391,0.39,0,0.851,0.388,,,,,,,,0.407,0.49,0,0.988,,,,
54808,20161201,-88.37,40.05,0.414,0.6,0,1,0.4,0.38,0,0.911,0.391,0.38,0,0.851,0.393,,,,,,,,0.407,0.5,0,0.988,,,,
54808,20161202,-88.37,40.05,0.415,0.59,0,1,0.4,0.38,0,0.905,0.39,0.39,0,0.839,0.394,,,,,,,,0.408,0.5,0,0.988,,,,
54808,20161203,-88.37,40.05,0.416,0.58,0,1,0.4,0.39,0,0.911,0.39,0.39,0,0.804,0.394,,,,,,,,0.408,0.51,0,0.988,,,,
54808,20161204,-88.37,40.05,0.417,0.57,0,0.958,0.401,0.39,0,0.893,0.39,0.39,0,0.804,0.393,,,,,,,,0.409,0.52,0,0.976,,,,
54808,20161205,-88.37,40.05,0.42,0.58,0,0.935,0.403,0.42,0,0.929,0.391,0.41,0,0.827,0.392,,,,,,,,0.411,0.55,0,0.97,,,,
54808,20161206,-88.37,40.05,0.42,0.57,0,0.935,0.403,0.43,0,0.929,0.39,0.42,0,0.827,0.391,,,,,,,,0.411,0.55,0,0.97,,,,
54808,20161207,-88.37,40.05,0.419,0.54,0,0.935,0.403,0.43,0,0.929,0.39,0.41,0,0.821,0.392,,,,,,,,0.411,0.54,0,0.97,,,,
54808,20161208,-88.37,40.05,0.419,0.51,0,0.923,0.402,0.42,0,0.929,0.39,0.41,0,0.792,0.391,,,,,,,,0.411,0.52,0,0.964,,,,
54808,20161209,-88.37,40.05,0.418,0.48,0,0.833,0.402,0.41,0,0.875,0.389,0.39,0,0.72,0.39,,,,,,,,0.41,0.49,0,0.845,,,,
54808,20161210,-88.37,40.05,0.417,0.44,0,0.69,0.402,0.4,0,0.804,0.388,0.38,0,0.708,0.39,,,,,,,,0.409,0.46,0,0.702,,,,
54808,20161211,-88.37,40.05,0.416,0.41,0,0.589,0.402,0.4,0,0.75,0.388,0.37,0,0.655,0.391,,,,,,,,0.409,0.42,0,0.577,,,,
54808,20161212,-88.37,40.05,0.413,0.35,0,0.53,0.4,0.36,0,0.69,0.387,0.35,0,0.595,0.391,,,,,,,,0.407,0.37,0,0.506,,,,
54808,20161213,-88.37,40.05,0.41,0.29,0,0.44,0.397,0.32,0,0.661,0.384,0.31,0,0.571,0.388,,,,,,,,0.404,0.3,0,0.423,,,,
54808,20161214,-88.37,40.05,0.407,0.23,0,0.298,0.396,0.29,0,0.577,0.383,0.29,0,0.506,0.386,,,,,,,,0.402,0.25,0,0.28,,,,
54808,20161215,-88.37,40.05,0.405,0.17,0,0.173,0.395,0.27,0,0.476,0.382,0.28,0,0.464,0.384,,,,,,,,0.4,0.2,0,0.149,,,,
54808,20161216,-88.37,40.05,0.404,0.15,0,0.138,0.394,0.25,0,0.411,0.382,0.27,0,0.458,0.383,,,,,,,,0.399,0.18,0,0.145,,,,
54808,20161217,-88.37,40.05,,,,,0.394,0.23,0,0.351,0.382,0.27,0,0.423,0.382,,,,,,,,,,,,,,,
54808,20161218,-88.37,40.05,,,,,0.393,0.21,0,0.304,0.382,0.26,0,0.393,0.38,,,,,,,,,,,,,,,
54808,20161219,-88.37,40.05,,,,,0.391,0.17,0,0.226,0.381,0.24,0,0.351,0.379,,,,,,,,,,,,,,,
54808,20161220,-88.37,40.05,,,,,0.388,0.12,0,0.113,0.379,0.19,0,0.238,0.378,,,,,,,,,,,,,,,
54808,20161221,-88.37,40.05,,,,,0.386,0.07,0,0.054,0.377,0.16,0,0.19,0.377,,,,,,,,,,,,,,,
54808,20161222,-88.37,40.05,,,,,0.384,0.03,0,0.012,0.376,0.14,0,0.137,0.376,,,,,,,,,,,,,,,
54808,20161223,-88.37,40.05,,,,,0.382,0,0,0,0.375,0.12,0,0.113,0.375,,,,,,,,,,,,,,,
54808,20161224,-88.37,40.05,,,,,0.38,-0.04,0,0,0.374,0.1,0,0.089,0.375,,,,,,,,,,,,,,,
54808,20161225,-88.37,40.05,,,,,0.381,-0.03,0,0.054,0.374,0.1,0,0.095,0.374,,,,,,,,,,,,,,,
54808,20161226,-88.37,40.05,,,,,0.385,0.03,0,0.185,0.377,0.16,0,0.214,0.376,,,,,,,,,,,,,,,
54808,20161227,-88.37,40.05,,,,,0.39,0.1,0,0.321,0.382,0.27,0,0.351,0.38,,,,,,,,,,,,,,,
54808,20161228,-88.37,40.05,,,,,0.393,0.14,0,0.387,0.385,0.32,0,0.464,0.383,,,,,,,,,,,,,,,
54808,20161229,-88.37,40.05,,,,,0.395,0.17,0,0.399,0.387,0.37,0,0.583,0.385,,,,,,,,,,,,,,,
54808,20161230,-88.37,40.05,0.41,0.09,0,0.2,0.397,0.2,0,0.411,0.389,0.4,0,0.673,0.387,,,,,,,,0.406,0.16,0,0.259,,,,
54808,20161231,-88.37,40.05,0.409,0.06,0,0.174,0.399,0.23,0,0.411,0.391,0.43,0,0.726,0.389,,,,,,,,0.404,0.13,0,0.226,,,,
54808,20170101,-88.37,40.05,0.408,0.07,0,0.179,0.399,0.21,0,0.357,0.392,0.45,0,0.756,0.39,,,,,,,,0.404,0.14,0,0.235,,,,
54808,20170102,-88.37,40.05,0.404,0.04,0.022,0.134,0.395,0.14,0,0.226,0.389,0.38,0,0.655,0.389,,,,,,,,0.4,0.1,0,0.189,,,,
54808,20170103,-88.37,40.05,0.402,-0.04,0.027,0,0.393,0.11,0,0.173,0.386,0.33,0,0.595,0.385,,,,,,,,0.398,0.02,0,0.019,,,,
54808,20170104,-88.37,40.05,0.405,-0.08,0.035,0,0.396,0.16,0,0.25,0.388,0.38,0,0.601,0.386,,,,,,,,0.401,-0.02,0,0,,,,
54808,20170105,-88.37,40.05,0.405,-0.13,0.048,0,0.397,0.16,0,0.292,0.388,0.38,0,0.583,0.387,,,,,,,,0.401,-0.06,0,0,,,,
54808,20170106,-88.37,40.05,0.403,-0.19,0.079,0,0.396,0.14,0,0.28,0.388,0.37,0,0.554,0.387,,,,,,,,0.4,-0.11,0,0,,,,
54808,20170107,-88.37,40.05,0.404,-0.28,0.167,0,0.395,0.12,0.006,0.28,0.387,0.36,0,0.524,0.387,,,,,,,,0.4,-0.18,0,0,,,,
54808,20170108,-88.37,40.05,,,,,0.394,0.09,0.03,0.28,0.387,0.35,0,0.506,0.387,,,,,,,,,,,,,,,
54808,20170109,-88.37,40.05,,,,,0.394,0.06,0.06,0.28,0.387,0.35,0,0.506,0.387,,,,,,,,,,,,,,,
54808,20170110,-88.37,40.05,,,,,0.391,-0.01,0.101,0.196,0.384,0.27,0.024,0.423,0.387,,,,,,,,,,,,,,,
54808,20170111,-88.37,40.05,,,,,0.385,-0.13,0.131,0.054,0.379,0.16,0.024,0.298,0.385,,,,,,,,,,,,,,,
54808,20170112,-88.37,40.05,,,,,0.383,-0.19,0.163,0,0.377,0.11,0.036,0.22,0.382,,,,,,,,,,,,,,,
54808,20170113,-88.37,40.05,,,,,0.387,-0.22,0.195,0,0.379,0.17,0.036,0.28,0.383,,,,,,,,,,,,,,,
54808,20170114,-88.37,40.05,,,,,0.388,-0.25,0.232,0,0.381,0.21,0.036,0.345,0.384,,,,,,,,,,,,,,,
54808,20170115,-88.37,40.05,,,,,0.393,-0.26,0.253,0,0.384,0.3,0.036,0.446,0.386,,,,,,,,,,,,,,,
54808,20170116,-88.37,40.05,,,,,0.398,-0.27,0.275,0,0.387,0.41,0.036,0.554,0.389,,,,,,,,,,,,,,,
54808,20170117,-88.37,40.05,,,,,0.404,-0.26,0.259,0,0.393,0.58,0.012,0.696,0.39,,,,,,,,,,,,,,,
54808,20170118,-88.37,40.05,,,,,0.409,-0.38,0.667,0,0.398,0.72,0.012,0.821,0.393,,,,,,,,,,,,,,,
54808,20170119,-88.37,40.05,,,,,0.414,,,,0.402,0.84,0,0.923,0.395,,,,,,,,,,,,,,,
54808,20170120,-88.37,40.05,,,,,0.415,,,,0.405,0.92,0,0.94,0.406,,,,,,,,,,,,,,,
54808,20170121,-88.37,40.05,0.443,,,,0.424,,,,0.411,1.12,0,0.988,0.433,,,,,,,,0.435,,,,,,,
54808,20170122,-88.37,40.05,0.445,,,,0.428,,,,0.416,1.28,0,1,0.459,,,,,,,,0.437,,,,,,,
54808,20170123,-88.37,40.05,0.447,,,,0.429,,,,0.418,1.32,0,1,0.479,,,,,,,,0.438,,,,,,,
54808,20170124,-88.37,40.05,0.447,,,,0.428,,,,0.416,1.29,0,1,0.481,,,,,,,,0.437,,,,,,,
54808,20170125,-88.37,40.05,0.445,,,,0.426,,,,0.415,1.24,0,0.982,0.482,,,,,,,,0.436,,,,,,,
54808,20170126,-88.37,40.05,0.444,,,,0.425,,,,0.413,1.19,0,0.946,0.482,,,,,,,,0.434,,,,,,,
54808,20170127,-88.37,40.05,0.438,,,,0.42,,,,0.41,1.09,0,0.905,0.47,,,,,,,,0.429,,,,,,,
54808,20170128,-88.37,40.05,0.428,,,,0.411,,,,0.403,0.89,0,0.833,0.443,,,,,,,,0.42,,,,,,,
54808,20170129,-88.37,40.05,0.421,,,,0.404,,,,0.396,0.67,0,0.726,0.416,,,,,,,,0.412,,,,,,,
54808,20170130,-88.37,40.05,0.415,,,,0.4,,,,0.392,0.54,0,0.627,0.394,,,,,,,,0.408,,,,,,,
54808,20170131,-88.37,40.05,0.412,,,,0.397,,,,0.389,0.48,0,0.554,0.39,,,,,,,,0.404,,,,,,,
54808,20170201,-88.37,40.05,0.409,,,,0.395,,,,0.387,0.44,0,0.487,0.387,,,,,,,,0.402,,,,,,,
54808,20170202,-88.37,40.05,0.407,,,,0.394,,,,0.386,0.4,0,0.418,0.385,,,,,,,,0.401,,,,,,,
54808,20170203,-88.37,40.05,0.405,,,,0.394,,,,0.385,0.35,0,0.313,0.383,,,,,,,,0.399,,,,,,,
54808,20170204,-88.37,40.05,0.402,,,,0.393,,,,0.384,0.3,0,0.209,0.382,,,,,,,,0.398,,,,,,,
54808,20170205,-88.37,40.05,0.402,,,,0.393,,,,0.383,0.24,0,0.158,0.382,,,,,,,,0.398,,,,,,,
54808,20170206,-88.37,40.05,,,,,0.393,,,,0.383,0.08,0,0,0.381,,,,,,,,,,,,,,,
54808,20170207,-88.37,40.05,,,,,0.393,,,,0.383,,,,0.381,,,,,,,,,,,,,,,
54808,20170208,-88.37,40.05,,,,,0.394,,,,0.385,,,,0.381,,,,,,,,,,,,,,,
54808,20170209,-88.37,40.05,,,,,0.395,,,,0.387,,,,0.381,,,,,,,,,,,,,,,
54808,20170210,-88.37,40.05,,,,,0.396,,,,0.389,,,,0.38,,,,,,,,,,,,,,,
54808,20170211,-88.37,40.05,,,,,0.398,,,,0.391,,,,0.382,,,,,,,,,,,,,,,
54808,20170212,-88.37,40.05,0.422,,,,0.402,,,,0.394,,,,0.385,,,,,,,,0.414,,,,,,,
54808,20170213,-88.37,40.05,0.422,,,,0.405,,,,0.397,0.63,0,0.818,0.387,,,,,,,,0.414,,,,,,,
54808,20170214,-88.37,40.05,0.424,,,,0.407,,,,0.399,0.52,0,0.767,0.389,,,,,,,,0.416,,,,,,,
54808,20170215,-88.37,40.05,0.42,,,,0.407,,,,0.397,0.43,0,0.66,0.39,,,,,,,,0.414,,,,,,,
54808,20170216,-88.37,40.05,0.417,,,,0.406,,,,0.396,0.39,0,0.545,0.391,,,,,,,,0.412,,,,,,,
54808,20170217,-88.37,40.05,0.415,,,,0.405,,,,0.395,0.35,0,0.495,0.393,,,,,,,,0.41,,,,,,,
54808,20170218,-88.37,40.05,0.41,,,,0.404,,,,0.393,0.32,0,0.448,0.392,,,,,,,,0.407,,,,,,,
54808,20170219,-88.37,40.05,0.404,,,,0.401,,,,0.391,0.32,0,0.456,0.39,,,,,,,,0.403,,,,,,,
54808,20170220,-88.37,40.05,0.399,,,,0.4,,,,0.39,0.31,0,0.457,0.389,,,,,,,,0.4,,,,,,,
54808,20170221,-88.37,40.05,0.396,,,,0.399,,,,0.39,0.3,0,0.437,0.388,,,,,,,,0.397,,,,,,,
54808,20170222,-88.37,40.05,0.392,,,,0.398,,,,0.39,0.31,0,0.446,0.388,,,,,,,,0.395,,,,,,,
54808,20170223,-88.37,40.05,0.389,,,,0.397,,,,0.391,0.32,0,0.488,0.388,,,,,,,,0.393,,,,,,,
54808,20170224,-88.37,40.05,0.386,,,,0.397,,,,0.391,0.33,0,0.488,0.388,,,,,,,,0.392,,,,,,,
54808,20170225,-88.37,40.05,0.382,,,,0.396,,,,0.392,0.35,0,0.512,0.388,,,,,,,,0.389,,,,,,,
54808,20170226,-88.37,40.05,0.376,,,,0.394,,,,0.391,0.32,0,0.452,0.389,,,,,,,,0.385,,,,,,,
54808,20170227,-88.37,40.05,0.37,,,,0.391,,,,0.39,0.26,0.006,0.381,0.389,,,,,,,,0.381,,,,,,,
54808,20170228,-88.37,40.05,0.364,,,,0.389,,,,0.388,0.21,0.006,0.304,0.389,,,,,,,,0.376,,,,,,,
54808,20170301,-88.37,40.05,0.363,,,,0.387,,,,0.388,0.2,0.006,0.262,0.388,,,,,,,,0.375,,,,,,,
54808,20170302,-88.37,40.05,0.37,0.83,0,1,0.391,0.49,0,1,0.39,0.26,0.006,0.31,0.389,,,,,,,,0.38,,,,,,,
54808,20170303,-88.37,40.05,0.374,0.63,0,1,0.393,0.38,0,0.576,0.391,0.28,0.006,0.363,0.39,,,,,,,,0.384,,,,,,,
54808,20170304,-88.37,40.05,0.38,0.49,0,0.583,0.395,0.33,0,0.404,0.391,0.28,0.006,0.351,0.391,,,,,,,,0.387,0.32,0,0,,,,
54808,20170305,-88.37,40.05,0.387,0.39,0,0.357,0.397,0.29,0,0.321,0.392,0.31,0.006,0.411,0.391,,,,,,,,0.392,0.27,0,0,,,,
54808,20170306,-88.37,40.05,0.394,0.31,0,0.238,0.4,0.28,0,0.286,0.394,0.36,0,0.446,0.392,,,,,,,,0.397,0.25,0,0,,,,
54808,20170307,-88.37,40.05,0.403,0.34,0,0.253,0.405,0.3,0,0.302,0.396,0.45,0,0.542,0.393,,,,,,,,0.404,0.31,0,0.1,,,,
54808,20170308,-88.37,40.05,0.412,0.49,0,0.414,0.41,0.36,0,0.412,0.4,0.57,0,0.643,0.396,,,,,,,,0.411,0.47,0,0.33,,,,
54808,20170309,-88.37,40.05,0.41,0.5,0,0.504,0.408,0.35,0,0.429,0.399,0.55,0,0.649,0.397,,,,,,,,0.409,0.49,0,0.466,,,,
54808,20170310,-88.37,40.05,0.409,0.48,0,0.493,0.408,0.36,0,0.488,0.399,0.55,0,0.637,0.397,,,,,,,,0.408,0.48,0,0.514,,,,
54808,20170311,-88.37,40.05,0.407,0.43,0,0.453,0.407,0.36,0,0.512,0.399,0.56,0,0.685,0.397,,,,,,,,0.407,0.45,0,0.481,,,,
54808,20170312,-88.37,40.05,0.404,0.37,0,0.43,0.406,0.36,0,0.506,0.399,0.55,0,0.685,0.397,,,,,,,,0.405,0.41,0,0.461,,,,
54808,20170313,-88.37,40.05,0.401,0.3,0.03,0.423,0.405,0.35,0,0.482,0.398,0.54,0,0.679,0.397,,,,,,,,0.403,0.37,0,0.452,,,,
54808,20170314,-88.37,40.05,0.396,0.18,0.131,0.381,0.402,0.31,0,0.435,0.396,0.49,0,0.631,0.397,,,,,,,,0.399,0.29,0,0.411,,,,
54808,20170315,-88.37,40.05,0.386,-0.03,0.25,0.238,0.398,0.25,0,0.333,0.391,0.34,0,0.518,0.394,,,,,,,,0.392,0.16,0,0.268,,,,
54808,20170316,-88.37,40.05,0.381,-0.13,0.292,0.095,0.396,0.22,0,0.214,0.389,0.27,0,0.411,0.392,,,,,,,,0.389,0.09,0,0.125,,,,
54808,20170317,-88.37,40.05,0.38,-0.16,0.292,0.03,0.394,0.19,0,0.119,0.387,0.21,0,0.321,0.39,,,,,,,,0.387,0.06,0,0.03,,,,
54808,20170318,-88.37,40.05,0.379,-0.17,0.292,0.018,0.393,0.18,0,0.071,0.386,0.18,0,0.262,0.389,,,,,,,,0.386,0.04,0,0.012,,,,
54808,20170319,-88.37,40.05,0.379,-0.17,0.292,0.018,0.393,0.17,0,0.065,0.385,0.15,0,0.214,0.388,,,,,,,,0.386,0.04,0,0.012,,,,
54808,20170320,-88.37,40.05,0.38,-0.15,0.268,0.018,0.393,0.18,0,0.065,0.384,0.13,0,0.196,0.386,,,,,,,,0.386,0.05,0,0.012,,,,
54808,20170321,-88.37,40.05,0.381,-0.12,0.179,0.018,0.393,0.18,0,0.06,0.384,0.14,0,0.226,0.385,,,,,,,,0.387,0.07,0,0.012,,,,
54808,20170322,-88.37,40.05,0.38,-0.12,0.179,0.018,0.391,0.15,0,0.018,0.384,0.13,0,0.208,0.385,,,,,,,,0.386,0.05,0,0.012,,,,
54808,20170323,-88.37,40.05,0.376,-0.19,0.28,0.018,0.389,0.11,0,0.012,0.383,0.11,0.006,0.196,0.385,,,,,,,,0.382,-0.01,0.054,0.012,,,,
54808,20170324,-88.37,40.05,0.368,-0.33,0.423,0,0.386,0.06,0,0.006,0.384,0.13,0.006,0.214,0.385,,,,,,,,0.377,-0.11,0.185,0,,,,
54808,20170325,-88.37,40.05,0.361,-0.44,0.565,0,0.382,0,0,0.006,0.383,0.12,0.006,0.19,0.385,,,,,,,,0.371,-0.2,0.327,0,,,,
54808,20170326,-88.37,40.05,0.354,-0.56,0.708,0,0.379,-0.05,0,0,0.384,0.14,0.006,0.208,0.385,,,,,,,,0.366,-0.3,0.47,0,,,,
54808,20170327,-88.37,40.05,0.346,-0.67,0.845,0,0.375,-0.12,0.03,0,0.383,0.13,0.006,0.196,0.386,,,,,,,,0.361,-0.39,0.613,0,,,,
54808,20170328,-88.37,40.05,0.339,-0.77,0.976,0,0.371,-0.19,0.089,0,0.382,0.1,0.012,0.137,0.386,,,,,,,,0.355,-0.49,0.756,0,,,,
54808,20170329,-88.37,40.05,0.333,-0.85,1,0,0.366,-0.26,0.208,0,0.381,0.08,0.012,0.137,0.387,,,,,,,,0.35,-0.58,0.899,0,,,,
54808,20170330,-88.37,40.05,0.329,-0.88,0.982,0,0.362,-0.33,0.351,0,0.381,0.09,0.012,0.137,0.387,,,,,,,,0.346,-0.64,0.97,0,,,,
54808,20170331,-88.37,40.05,0.342,-0.68,0.839,0.107,0.367,-0.22,0.363,0.095,0.385,0.18,0.024,0.214,0.389,,,,,,,,0.355,-0.47,0.839,0.095,,,,
54808,20170401,-88.37,40.05,0.356,-0.44,0.696,0.25,0.375,-0.07,0.363,0.238,0.388,0.27,0.024,0.345,0.391,,,,,,,,0.365,-0.27,0.696,0.238,,,,
54808,20170402,-88.37,40.05,0.369,-0.22,0.554,0.393,0.381,0.06,0.363,0.381,0.39,0.32,0.024,0.417,0.393,,,,,,,,0.375,-0.08,0.554,0.381,,,,
54808,20170403,-88.37,40.05,0.382,-0.01,0.411,0.536,0.387,0.18,0.333,0.524,0.392,0.37,0.024,0.512,0.396,,,,,,,,0.384,0.09,0.411,0.524,,,,
54808,20170404,-88.37,40.05,0.398,0.23,0.268,0.679,0.396,0.36,0.274,0.667,0.396,0.47,0.018,0.631,0.397,,,,,,,,0.397,0.32,0.268,0.667,,,,
54808,20170405,-88.37,40.05,0.416,0.49,0.125,0.821,0.407,0.55,0.155,0.81,0.4,0.58,0.018,0.762,0.399,,,,,,,,0.411,0.57,0.125,0.81,,,,
54808,20170406,-88.37,40.05,0.437,0.77,0,0.964,0.422,0.81,0.012,0.952,0.41,0.79,0.012,0.887,0.418,,,,,,,,0.429,0.85,0,0.952,,,,
54808,20170407,-88.37,40.05,0.441,0.79,0,1,0.426,0.88,0,1,0.413,0.84,0,0.935,0.44,,,,,,,,0.434,0.89,0,1,,,,
54808,20170408,-88.37,40.05,0.441,0.77,0,1,0.426,0.87,0,1,0.414,0.84,0,0.935,0.442,,,,,,,,0.433,0.86,0,1,,,,
54808,20170409,-88.37,40.05,0.44,0.74,0,1,0.426,0.85,0,1,0.414,0.85,0,0.946,0.442,,,,,,,,0.433,0.83,0,1,,,,
54808,20170410,-88.37,40.05,0.438,0.71,0,0.935,0.427,0.85,0,1,0.415,0.86,0,0.97,0.442,,,,,,,,0.432,0.81,0,1,,,,
54808,20170411,-88.37,40.05,0.43,0.62,0,0.792,0.424,0.79,0,1,0.414,0.82,0,0.964,0.442,,,,,,,,0.427,0.73,0,0.988,,,,
54808,20170412,-88.37,40.05,0.42,0.52,0,0.649,0.42,0.72,0,0.994,0.413,0.77,0,0.929,0.442,,,,,,,,0.42,0.63,0,0.887,,,,
54808,20170413,-88.37,40.05,0.403,0.36,0,0.506,0.41,0.58,0,0.988,0.405,0.61,0,0.893,0.424,,,,,,,,0.407,0.48,0,0.744,,,,
54808,20170414,-88.37,40.05,0.385,0.21,0,0.363,0.401,0.46,0,0.881,0.4,0.49,0,0.839,0.402,,,,,,,,0.393,0.33,0,0.601,,,,
54808,20170415,-88.37,40.05,0.369,0.08,0,0.22,0.393,0.37,0,0.738,0.397,0.43,0,0.78,0.399,,,,,,,,0.381,0.22,0,0.458,,,,
54808,20170416,-88.37,40.05,0.352,-0.04,0.006,0.077,0.384,0.28,0,0.595,0.394,0.38,0,0.708,0.398,,,,,,,,0.368,0.11,0,0.315,,,,
54808,20170417,-88.37,40.05,0.343,-0.11,0.006,0,0.376,0.2,0,0.452,0.39,0.33,0,0.619,0.398,,,,,,,,0.359,0.03,0,0.173,,,,
54808,20170418,-88.37,40.05,0.333,-0.17,0.006,0,0.367,0.12,0,0.31,0.386,0.27,0,0.494,0.397,,,,,,,,0.35,-0.04,0,0.042,,,,
54808,20170419,-88.37,40.05,0.322,-0.24,0.006,0,0.36,0.05,0,0.173,0.381,0.21,0,0.387,0.396,,,,,,,,0.341,-0.11,0,0,,,,
54808,20170420,-88.37,40.05,0.313,-0.29,0.006,0,0.352,-0.01,0,0.036,0.376,0.15,0,0.28,0.396,,,,,,,,0.333,-0.17,0,0,,,,
54808,20170421,-88.37,40.05,0.305,-0.34,0.042,0,0.346,-0.07,0,0,0.37,0.09,0,0.19,0.395,,,,,,,,0.326,-0.21,0,0,,,,
54808,20170422,-88.37,40.05,0.297,-0.37,0.179,0,0.34,-0.11,0,0,0.364,0.02,0,0.107,0.395,,,,,,,,0.319,-0.26,0,0,,,,
54808,20170423,-88.37,40.05,0.29,-0.4,0.315,0,0.334,-0.15,0,0,0.358,-0.03,0,0.054,0.394,,,,,,,,0.312,-0.29,0.03,0,,,,
54808,20170424,-88.37,40.05,0.278,-0.47,0.458,0,0.328,-0.19,0,0,0.35,-0.1,0,0.006,0.391,,,,,,,,0.303,-0.35,0.149,0,,,,
54808,20170425,-88.37,40.05,0.266,-0.53,0.601,0,0.321,-0.24,0,0,0.343,-0.17,0,0,0.39,,,,,,,,0.293,-0.41,0.292,0,,,,
54808,20170426,-88.37,40.05,0.255,-0.59,0.744,0,0.313,-0.29,0.006,0,0.336,-0.23,0,0,0.388,,,,,,,,0.284,-0.46,0.435,0,,,,
54808,20170427,-88.37,40.05,0.256,-0.57,0.821,0.042,0.309,-0.31,0.018,0,0.329,-0.29,0,0,0.386,,,,,,,,0.282,-0.46,0.512,0.012,,,,
54808,20170428,-88.37,40.05,0.275,-0.44,0.786,0.179,0.309,-0.29,0.018,0,0.322,-0.34,0,0,0.384,,,,,,,,0.292,-0.38,0.512,0.012,,,,
54808,20170429,-88.37,40.05,0.298,-0.28,0.649,0.292,0.314,-0.24,0.018,0.018,0.316,-0.39,0,0,0.382,,,,,,,,0.306,-0.26,0.512,0.107,,,,
54808,20170430,-88.37,40.05,0.329,-0.07,0.506,0.435,0.332,-0.07,0.018,0.161,0.326,-0.28,0,0.119,0.384,,,,,,,,0.331,-0.07,0.482,0.25,,,,
54808,20170501,-88.37,40.05,0.364,0.15,0.363,0.577,0.354,0.12,0.018,0.304,0.346,-0.08,0,0.262,0.412,,,,,,,,0.359,0.15,0.363,0.393,,,,
54808,20170502,-88.37,40.05,0.397,0.36,0.22,0.72,0.376,0.31,0.018,0.446,0.364,0.1,0,0.405,0.435,,,,,,,,0.387,0.37,0.22,0.536,,,,
54808,20170503,-88.37,40.05,0.427,0.55,0.077,0.863,0.396,0.48,0.012,0.589,0.378,0.24,0,0.548,0.441,,,,,,,,0.411,0.55,0.077,0.679,,,,
54808,20170504,-88.37,40.05,0.449,0.69,0,0.964,0.414,0.64,0,0.732,0.395,0.4,0,0.69,0.449,,,,,,,,0.432,0.71,0,0.81,,,,
54808,20170505,-88.37,40.05,0.462,0.77,0,0.97,0.432,0.79,0,0.875,0.416,0.6,0,0.833,0.477,,,,,,,,0.447,0.82,0,0.952,,,,
54808,20170506,-88.37,40.05,0.466,0.79,0,1,0.445,0.89,0,1,0.434,0.77,0,0.976,0.499,,,,,,,,0.456,0.87,0,1,,,,
54808,20170507,-88.37,40.05,0.462,0.76,0,1,0.445,0.88,0,1,0.436,0.79,0,1,0.502,,,,,,,,0.453,0.85,0,1,,,,
54808,20170508,-88.37,40.05,0.453,0.69,0,1,0.439,0.83,0,1,0.427,0.71,0,1,0.477,,,,,,,,0.446,0.79,0,1,,,,
54808,20170509,-88.37,40.05,0.444,0.63,0,0.911,0.434,0.78,0,1,0.421,0.67,0,1,0.457,,,,,,,,0.439,0.73,0,1,,,,
54808,20170510,-88.37,40.05,0.436,0.58,0,0.768,0.431,0.76,0,1,0.42,0.66,0,1,0.454,,,,,,,,0.434,0.69,0,0.946,,,,
54808,20170511,-88.37,40.05,0.43,0.54,0,0.69,0.429,0.74,0,1,0.419,0.66,0,1,0.449,,,,,,,,0.429,0.66,0,0.869,,,,
54808,20170512,-88.37,40.05,0.422,0.49,0,0.69,0.424,0.7,0,1,0.415,0.64,0,1,0.427,,,,,,,,0.423,0.61,0,0.869,,,,
54808,20170513,-88.37,40.05,0.415,0.45,0,0.631,0.42,0.66,0,1,0.413,0.61,0,1,0.409,,,,,,,,0.418,0.57,0,0.869,,,,
54808,20170514,-88.37,40.05,0.405,0.39,0,0.488,0.416,0.62,0,0.994,0.41,0.6,0,1,0.407,,,,,,,,0.41,0.52,0,0.738,,,,
54808,20170515,-88.37,40.05,0.394,0.33,0,0.345,0.411,0.58,0,0.893,0.41,0.59,0,1,0.406,,,,,,,,0.402,0.46,0,0.595,,,,
54808,20170516,-88.37,40.05,0.381,0.25,0,0.292,0.405,0.53,0,0.75,0.407,0.57,0,0.976,0.406,,,,,,,,0.393,0.4,0,0.452,,,,
54808,20170517,-88.37,40.05,0.367,0.18,0,0.292,0.396,0.46,0,0.607,0.403,0.53,0,0.899,0.406,,,,,,,,0.382,0.32,0,0.363,,,,
54808,20170518,-88.37,40.05,0.348,0.06,0.125,0.226,0.382,0.35,0,0.464,0.395,0.47,0,0.762,0.405,,,,,,,,0.365,0.21,0,0.298,,,,
54808,20170519,-88.37,40.05,0.33,-0.03,0.208,0.101,0.368,0.24,0,0.321,0.384,0.38,0,0.619,0.402,,,,,,,,0.349,0.1,0,0.173,,,,
54808,20170520,-88.37,40.05,0.337,0.02,0.208,0.161,0.364,0.22,0,0.292,0.378,0.33,0,0.512,0.403,,,,,,,,0.35,0.13,0,0.173,,,,
54808,20170521,-88.37,40.05,0.352,0.13,0.208,0.304,0.369,0.27,0,0.292,0.383,0.38,0,0.506,0.423,,,,,,,,0.36,0.21,0,0.304,,,,
54808,20170522,-88.37,40.05,0.368,0.25,0.208,0.446,0.375,0.33,0,0.393,0.387,0.42,0,0.506,0.429,,,,,,,,0.372,0.31,0,0.446,,,,
54808,20170523,-88.37,40.05,0.384,0.37,0.208,0.589,0.382,0.4,0,0.536,0.39,0.45,0,0.53,0.43,,,,,,,,0.383,0.41,0,0.589,,,,
54808,20170524,-88.37,40.05,0.403,0.52,0.208,0.732,0.392,0.49,0,0.679,0.395,0.5,0,0.607,0.432,,,,,,,,0.398,0.54,0,0.732,,,,
54808,20170525,-88.37,40.05,0.433,0.72,0.083,0.875,0.408,0.64,0,0.821,0.404,0.59,0,0.744,0.433,0.28,0,0.75,,,,,0.42,0.72,0,0.875,,,,
54808,20170526,-88.37,40.05,0.452,0.87,0,1,0.422,0.76,0,0.964,0.415,0.69,0,0.887,0.436,0.31,0,0.741,,,,,0.437,0.86,0,1,,,,
54808,20170527,-88.37,40.05,0.45,0.87,0,1,0.426,0.81,0,0.994,0.421,0.75,0,0.994,0.435,0.36,0,0.792,,,,,0.438,0.88,0,1,,,,
54808,20170528,-88.37,40.05,0.444,0.85,0,1,0.423,0.8,0,1,0.417,0.73,0,1,0.416,0.37,0,0.775,,,,,0.433,0.86,0,1,,,,
54808,20170529,-88.37,40.05,0.439,0.84,0,1,0.42,0.79,0,1,0.415,0.72,0,1,0.411,0.36,0,0.726,,,,,0.429,0.84,0,1,,,,
54808,20170530,-88.37,40.05,0.432,0.81,0,0.994,0.417,0.78,0,1,0.414,0.72,0,1,0.41,0.37,0,0.731,,,,,0.424,0.82,0,1,,,,
54808,20170531,-88.37,40.05,0.42,0.75,0,0.851,0.411,0.75,0,0.994,0.412,0.71,0,1,0.41,0.36,0,0.72,,,,,0.416,0.77,0,0.917,,,,
54808,20170601,-88.37,40.05,0.398,0.62,0,0.735,0.401,0.68,0,0.895,0.406,0.67,0,1,0.409,0.35,0,0.676,,,,,0.4,0.66,0,0.802,,,,
54808,20170602,-88.37,40.05,0.373,0.48,0,0.586,0.388,0.59,0,0.747,0.398,0.6,0,0.963,0.406,0.32,0,0.611,,,,,0.381,0.54,0,0.654,,,,
54808,20170603,-88.37,40.05,0.348,0.34,0,0.438,0.374,0.49,0,0.599,0.392,0.56,0,0.913,0.403,0.29,0,0.544,,,,,0.361,0.42,0,0.506,,,,
54808,20170604,-88.37,40.05,0.323,0.2,0,0.29,0.36,0.39,0,0.451,0.383,0.5,0,0.814,0.4,0.26,0,0.478,,,,,0.341,0.29,0,0.358,,,,
54808,20170605,-88.37,40.05,0.299,0.06,0,0.142,0.345,0.29,0,0.302,0.374,0.43,0,0.696,0.397,0.23,0,0.429,,,,,0.322,0.17,0,0.21,,,,
54808,20170606,-88.37,40.05,0.279,-0.05,0,0,0.33,0.19,0,0.154,0.365,0.36,0,0.547,0.393,0.18,0,0.354,,,,,0.305,0.06,0,0.062,,,,
54808,20170607,-88.37,40.05,0.263,-0.14,0,0,0.316,0.1,0,0.012,0.355,0.28,0,0.398,0.389,0.14,0,0.292,,,,,0.29,-0.03,0,0,,,,
54808,20170608,-88.37,40.05,0.254,-0.18,0,0,0.307,0.04,0,0,0.346,0.22,0,0.28,0.387,0.12,0,0.262,,,,,0.28,-0.08,0,0,,,,
54808,20170609,-88.37,40.05,0.245,-0.23,0,0,0.297,-0.01,0,0,0.337,0.16,0,0.173,0.382,0.08,0,0.226,,,,,0.271,-0.13,0,0,,,,
54808,20170610,-88.37,40.05,0.237,-0.27,0.065,0,0.289,-0.06,0,0,0.328,0.09,0,0.077,0.376,0.02,0,0.173,,,,,0.263,-0.18,0,0,,,,
54808,20170611,-88.37,40.05,0.23,-0.31,0.202,0,0.281,-0.11,0,0,0.319,0.03,0,0.03,0.367,-0.05,0.006,0.131,,,,,0.255,-0.22,0,0,,,,
54808,20170612,-88.37,40.05,0.223,-0.34,0.345,0,0.274,-0.15,0,0,0.311,-0.03,0,0,0.356,-0.14,0.095,0.095,,,,,0.248,-0.26,0,0,,,,
54808,20170613,-88.37,40.05,0.218,-0.37,0.488,0,0.268,-0.19,0,0,0.304,-0.08,0,0,0.344,-0.25,0.22,0.06,,,,,0.243,-0.29,0,0,,,,
54808,20170614,-88.37,40.05,0.214,-0.39,0.631,0,0.264,-0.21,0,0,0.298,-0.12,0,0,0.329,-0.37,0.363,0.024,,,,,0.239,-0.31,0.018,0,,,,
54808,20170615,-88.37,40.05,0.214,-0.39,0.714,0,0.264,-0.21,0,0,0.294,-0.14,0,0,0.32,-0.44,0.446,0.006,,,,,0.239,-0.31,0.06,0,,,,
54808,20170616,-88.37,40.05,0.219,-0.37,0.714,0,0.265,-0.2,0,0,0.291,-0.16,0,0,0.318,-0.46,0.446,0,,,,,0.242,-0.3,0.06,0,,,,
54808,20170617,-88.37,40.05,0.221,-0.36,0.649,0,0.266,-0.2,0,0,0.289,-0.18,0,0,0.316,-0.47,0.446,0,,,,,0.243,-0.29,0.06,0,,,,
54808,20170618,-88.37,40.05,0.223,-0.34,0.512,0,0.265,-0.2,0,0,0.287,-0.19,0,0,0.314,-0.48,0.494,0,,,,,0.244,-0.29,0.06,0,,,,
54808,20170619,-88.37,40.05,0.224,-0.33,0.369,0,0.265,-0.2,0,0,0.287,-0.2,0,0,0.312,-0.48,0.476,0,,,,,0.244,-0.28,0.06,0,,,,
54808,20170620,-88.37,40.05,0.225,-0.32,0.286,0,0.264,-0.2,0,0,0.286,-0.2,0,0,0.311,-0.48,0.476,0,,,,,0.244,-0.28,0.06,0,,,,
54808,20170621,-88.37,40.05,0.228,-0.3,0.208,0,0.264,-0.2,0,0,0.285,-0.21,0,0,0.31,-0.47,0.476,0,,,,,0.246,-0.26,0.042,0,,,,
54808,20170622,-88.37,40.05,0.227,-0.29,0.125,0,0.261,-0.21,0,0,0.284,-0.21,0,0,0.305,-0.49,0.536,0,,,,,0.244,-0.26,0,0,,,,
54808,20170623,-88.37,40.05,0.222,-0.31,0.125,0,0.256,-0.23,0.006,0,0.283,-0.21,0,0,0.294,-0.57,0.679,0,,,,,0.239,-0.29,0,0,,,,
54808,20170624,-88.37,40.05,0.219,-0.32,0.125,0,0.252,-0.25,0.012,0,0.283,-0.21,0,0,0.284,-0.62,0.82,0,,,,,0.236,-0.3,0,0,,,,
54808,20170625,-88.37,40.05,0.216,-0.34,0.208,0,0.25,-0.26,0.012,0,0.282,-0.21,0,0,0.276,-0.67,0.91,0,,,,,0.233,-0.31,0.006,0,,,,
54808,20170626,-88.37,40.05,0.214,-0.35,0.339,0,0.248,-0.27,0.012,0,0.279,-0.22,0,0,0.267,-0.72,0.982,0,,,,,0.231,-0.32,0.036,0,,,,
54808,20170627,-88.37,40.05,0.211,-0.35,0.423,0,0.245,-0.28,0.012,0,0.277,-0.24,0,0,0.259,-0.77,1,0,,,,,0.228,-0.33,0.173,0,,,,
54808,20170628,-88.37,40.05,0.207,-0.38,0.5,0,0.243,-0.29,0.012,0,0.275,-0.24,0,0,0.252,-0.82,1,0,,,,,0.225,-0.35,0.31,0,,,,
54808,20170629,-88.37,40.05,0.201,-0.4,0.643,0,0.241,-0.3,0.024,0,0.273,-0.26,0,0,0.244,-0.87,1,0,,,,,0.221,-0.37,0.452,0,,,,
54808,20170630,-88.37,40.05,0.197,-0.42,0.786,0,0.239,-0.31,0.036,0,0.27,-0.27,0.012,0,0.235,-0.94,1,0,,,,,0.218,-0.38,0.595,0,,,,
54808,20170701,-88.37,40.05,0.197,-0.43,0.875,0,0.241,-0.31,0.036,0,0.273,-0.26,0.012,0,0.246,-0.86,0.881,0.006,,,,,0.219,-0.38,0.619,0,,,,
54808,20170702,-88.37,40.05,0.196,-0.43,0.935,0,0.241,-0.3,0.048,0,0.275,-0.24,0.012,0,0.257,-0.77,0.738,0.006,,,,,0.219,-0.38,0.69,0,,,,
54808,20170703,-88.37,40.05,0.195,-0.44,0.946,0,0.242,-0.3,0.071,0,0.276,-0.23,0.012,0,0.265,-0.71,0.601,0.006,,,,,0.219,-0.38,0.786,0,,,,
54808,20170704,-88.37,40.05,0.195,-0.44,0.946,0,0.243,-0.3,0.125,0,0.278,-0.22,0.018,0,0.271,-0.67,0.56,0.006,,,,,0.219,-0.38,0.78,0,,,,
54808,20170705,-88.37,40.05,0.195,-0.44,0.946,0,0.244,-0.31,0.238,0,0.279,-0.22,0.03,0,0.275,-0.63,0.56,0.006,,,,,0.219,-0.38,0.786,0,,,,
54808,20170706,-88.37,40.05,0.195,-0.44,0.946,0,0.244,-0.31,0.351,0,0.281,-0.21,0.077,0,0.278,-0.61,0.56,0.006,,,,,0.219,-0.39,0.786,0,,,,
54808,20170707,-88.37,40.05,0.195,-0.44,0.946,0,0.244,-0.32,0.476,0,0.282,-0.21,0.119,0,0.281,-0.59,0.56,0.006,,,,,0.219,-0.39,0.786,0,,,,
54808,20170708,-88.37,40.05,0.192,-0.46,1,0,0.24,-0.35,0.613,0,0.277,-0.25,0.238,0,0.264,-0.72,0.679,0,,,,,0.216,-0.41,0.905,0,,,,
54808,20170709,-88.37,40.05,0.19,-0.48,1,0,0.239,-0.37,0.744,0,0.273,-0.29,0.381,0,0.246,-0.87,0.821,0,,,,,0.214,-0.43,0.97,0,,,,
54808,20170710,-88.37,40.05,0.189,-0.49,1,0,0.237,-0.38,0.863,0,0.269,-0.32,0.524,0,0.232,-0.99,0.958,0,,,,,0.213,-0.44,0.988,0,,,,
54808,20170711,-88.37,40.05,0.188,-0.49,1,0,0.236,-0.39,0.952,0,0.267,-0.35,0.655,0,0.22,-1.09,1,0,,,,,0.212,-0.45,1,0,,,,
54808,20170712,-88.37,40.05,0.193,-0.46,0.869,0,0.242,-0.34,0.851,0,0.271,-0.32,0.655,0,0.221,-1.09,0.994,0,,,,,0.218,-0.41,0.869,0,,,,
54808,20170713,-88.37,40.05,0.196,-0.43,0.75,0,0.246,-0.31,0.726,0,0.274,-0.3,0.607,0,0.223,-1.09,0.994,0,,,,,0.221,-0.38,0.726,0,,,,
54808,20170714,-88.37,40.05,0.204,-0.37,0.607,0,0.253,-0.25,0.583,0,0.277,-0.27,0.56,0,0.225,-1.08,0.994,0,,,,,0.228,-0.32,0.583,0,,,,
54808,20170715,-88.37,40.05,0.208,-0.33,0.464,0,0.257,-0.2,0.44,0,0.28,-0.24,0.446,0,0.227,-1.07,0.994,0,,,,,0.233,-0.28,0.44,0,,,,
54808,20170716,-88.37,40.05,0.211,-0.3,0.321,0,0.26,-0.17,0.298,0,0.283,-0.21,0.321,0,0.229,-1.06,0.994,0,,,,,0.235,-0.25,0.298,0,,,,
54808,20170717,-88.37,40.05,0.213,-0.28,0.214,0,0.26,-0.16,0.185,0,0.286,-0.19,0.22,0,0.231,-1.05,0.994,0,,,,,0.237,-0.23,0.19,0,,,,
54808,20170718,-88.37,40.05,0.214,-0.26,0.173,0,0.261,-0.14,0.077,0,0.288,-0.16,0.113,0,0.233,-1.03,0.994,0,,,,,0.237,-0.22,0.113,0,,,,
54808,20170719,-88.37,40.05,0.209,-0.28,0.286,0,0.254,-0.17,0.101,0,0.284,-0.19,0.173,0,0.224,-1.11,1,0,,,,,0.231,-0.25,0.196,0,,,,
54808,20170720,-88.37,40.05,0.209,-0.28,0.262,0,0.251,-0.18,0.113,0,0.281,-0.2,0.214,0,0.217,-1.16,1,0,,,,,0.23,-0.25,0.196,0,,,,
54808,20170721,-88.37,40.05,0.202,-0.31,0.268,0,0.244,-0.23,0.131,0,0.278,-0.21,0.25,0,0.212,-1.21,1,0,,,,,0.223,-0.29,0.202,0,,,,
54808,20170722,-88.37,40.05,0.199,-0.33,0.274,0,0.24,-0.25,0.143,0,0.276,-0.21,0.28,0,0.207,-1.26,1,0,,,,,0.219,-0.3,0.202,0,,,,
54808,20170723,-88.37,40.05,0.2,-0.31,0.28,0,0.24,-0.23,0.143,0,0.275,-0.22,0.286,0,0.204,-1.29,1,0,,,,,0.22,-0.29,0.202,0,,,,
54808,20170724,-88.37,40.05,0.201,-0.29,0.244,0,0.24,-0.22,0.113,0,0.275,-0.21,0.268,0,0.201,-1.32,1,0,,,,,0.22,-0.27,0.167,0,,,,
54808,20170725,-88.37,40.05,0.201,-0.28,0.143,0,0.24,-0.21,0.077,0,0.275,-0.2,0.244,0,0.2,-1.34,1,0,,,,,0.22,-0.27,0.101,0,,,,
54808,20170726,-88.37,40.05,0.201,-0.27,0.018,0,0.239,-0.21,0.054,0,0.274,-0.19,0.19,0,0.198,-1.36,1,0,,,,,0.22,-0.26,0.024,0,,,,
54808,20170727,-88.37,40.05,0.2,-0.26,0.042,0,0.239,-0.19,0.042,0,0.273,-0.18,0.173,0,0.197,-1.37,1,0,,,,,0.219,-0.26,0.054,0,,,,
54808,20170728,-88.37,40.05,0.205,-0.21,0.036,0,0.243,-0.15,0.03,0,0.272,-0.18,0.137,0,0.195,-1.37,1,0,,,,,0.224,-0.21,0.048,0,,,,
54808,20170729,-88.37,40.05,0.208,-0.17,0.03,0,0.245,-0.11,0.018,0,0.271,-0.18,0.107,0,0.194,-1.36,1,0,,,,,0.227,-0.18,0.048,0,,,,
54808,20170730,-88.37,40.05,0.207,-0.17,0.024,0,0.244,-0.11,0.018,0,0.27,-0.18,0.089,0,0.192,-1.35,1,0,,,,,0.225,-0.19,0.048,0,,,,
54808,20170731,-88.37,40.05,0.206,-0.17,0.024,0,0.242,-0.11,0.018,0,0.269,-0.17,0.071,0,0.191,-1.34,1,0,,,,,0.224,-0.18,0.048,0,,,,
54808,20170801,-88.37,40.05,0.205,-0.16,0.024,0,0.242,-0.1,0.018,0,0.267,-0.18,0.071,0,0.189,-1.33,1,0,,,,,0.223,-0.18,0.048,0,,,,
54808,20170802,-88.37,40.05,0.204,-0.16,0.03,0,0.241,-0.09,0.006,0,0.265,-0.18,0.071,0,0.187,-1.32,1,0,,,,,0.222,-0.17,0.03,0,,,,
54808,20170803,-88.37,40.05,0.201,-0.17,0.012,0,0.238,-0.1,0.006,0,0.264,-0.18,0.065,0,0.186,-1.31,1,0,,,,,0.22,-0.18,0.006,0,,,,
54808,20170804,-88.37,40.05,0.195,-0.21,0.018,0,0.233,-0.13,0,0,0.263,-0.18,0.06,0,0.184,-1.3,1,0,,,,,0.214,-0.22,0.012,0,,,,
54808,20170805,-88.37,40.05,0.189,-0.24,0.036,0,0.229,-0.16,0.006,0,0.261,-0.19,0.077,0,0.181,-1.3,1,0,,,,,0.209,-0.25,0.065,0,,,,
54808,20170806,-88.37,40.05,0.186,-0.26,0.083,0,0.227,-0.17,0.012,0,0.259,-0.2,0.107,0,0.178,-1.31,1,0,,,,,0.206,-0.26,0.125,0,,,,
54808,20170807,-88.37,40.05,0.183,-0.27,0.173,0,0.226,-0.17,0.012,0,0.257,-0.21,0.119,0,0.176,-1.31,1,0,,,,,0.205,-0.27,0.185,0,,,,
54808,20170808,-88.37,40.05,0.181,-0.27,0.232,0,0.225,-0.17,0.012,0,0.255,-0.22,0.131,0,0.173,-1.32,1,0,,,,,0.203,-0.27,0.185,0,,,,
54808,20170809,-88.37,40.05,0.18,-0.27,0.274,0,0.225,-0.17,0.012,0,0.254,-0.22,0.119,0,0.17,-1.33,1,0,,,,,0.202,-0.26,0.185,0,,,,
54808,20170810,-88.37,40.05,0.179,-0.27,0.304,0,0.224,-0.17,0.012,0,0.252,-0.22,0.125,0,0.168,-1.33,1,0,,,,,0.201,-0.25,0.179,0,,,,
54808,20170811,-88.37,40.05,0.177,-0.28,0.339,0,0.224,-0.16,0.012,0,0.251,-0.23,0.131,0,0.165,-1.34,1,0,,,,,0.2,-0.25,0.173,0,,,,
54808,20170812,-88.37,40.05,0.175,-0.28,0.399,0,0.223,-0.15,0.006,0,0.25,-0.23,0.107,0,0.163,-1.34,1,0,,,,,0.199,-0.23,0.119,0,,,,
54808,20170813,-88.37,40.05,0.174,-0.28,0.476,0,0.223,-0.14,0,0,0.249,-0.23,0.083,0,0.161,-1.34,1,0,,,,,0.198,-0.22,0.06,0,,,,
54808,20170814,-88.37,40.05,0.172,-0.28,0.506,0,0.222,-0.13,0,0,0.248,-0.23,0.083,0,0.159,-1.35,1,0,,,,,0.197,-0.21,0,0,,,,
54808,20170815,-88.37,40.05,0.171,-0.28,0.571,0,0.222,-0.12,0,0,0.247,-0.23,0.083,0,0.156,-1.36,1,0,,,,,0.196,-0.2,0,0,,,,
54808,20170816,-88.37,40.05,0.17,-0.28,0.643,0,0.222,-0.1,0,0,0.246,-0.24,0.107,0,0.155,-1.36,1,0,,,,,0.196,-0.19,0,0,,,,
54808,20170817,-88.37,40.05,0.169,-0.28,0.702,0,0.222,-0.09,0,0,0.246,-0.24,0.113,0,0.153,,,,,,,,0.195,-0.19,0,0,,,,
54808,20170818,-88.37,40.05,0.168,-0.28,0.732,0,0.222,-0.08,0,0,0.245,-0.24,0.125,0,0.152,,,,,,,,0.195,-0.18,0,0,,,,
54808,20170819,-88.37,40.05,0.167,-0.28,0.756,0,0.221,-0.07,0,0,0.245,-0.24,0.149,0,0.151,,,,,,,,0.194,-0.17,0,0,,,,
54808,20170820,-88.37,40.05,0.166,-0.28,0.744,0,0.221,-0.06,0,0,0.244,-0.24,0.137,0,0.15,,,,,,,,0.194,-0.16,0,0,,,,
54808,20170821,-88.37,40.05,0.165,-0.27,0.72,0,0.221,-0.05,0,0,0.244,-0.24,0.143,0,0.149,,,,,,,,0.193,-0.16,0,0,,,,
54808,20170822,-88.37,40.05,0.165,-0.27,0.667,0,0.222,-0.04,0,0,0.244,-0.23,0.137,0,0.151,,,,,,,,0.193,-0.15,0,0,,,,
54808,20170823,-88.37,40.05,0.165,-0.26,0.565,0,0.224,-0.02,0,0,0.245,-0.22,0.107,0,0.166,,,,,,,,0.195,-0.13,0,0,,,,
54808,20170824,-88.37,40.05,0.165,-0.26,0.518,0,0.225,0,0,0,0.246,-0.21,0.077,0,0.176,,,,,,,,0.195,-0.12,0,0,,,,
54808,20170825,-88.37,40.05,0.164,-0.25,0.5,0,0.226,0,0,0,0.246,-0.2,0.06,0,0.182,,,,,,,,0.195,-0.12,0,0,,,,
54808,20170826,-88.37,40.05,0.164,-0.25,0.464,0,0.225,0,0,0,0.246,-0.2,0.036,0,0.185,,,,,,,,0.195,-0.12,0,0,,,,
54808,20170827,-88.37,40.05,0.164,-0.24,0.387,0,0.225,0,0,0,0.245,-0.2,0.042,0,0.188,,,,,,,,0.195,-0.12,0.006,0,,,,
54808,20170828,-88.37,40.05,0.164,-0.24,0.304,0,0.225,0,0,0,0.245,-0.2,0.018,0,0.189,,,,,,,,0.194,-0.11,0.006,0,,,,
54808,20170829,-88.37,40.05,0.165,-0.23,0.232,0,0.227,0.01,0,0,0.248,-0.18,0.006,0,0.198,,,,,,,,0.196,-0.1,0.006,0,,,,
54808,20170830,-88.37,40.05,0.165,-0.22,0.214,0,0.228,0.02,0,0,0.251,-0.16,0.006,0,0.2,,,,,,,,0.197,-0.09,0.006,0,,,,
54808,20170831,-88.37,40.05,0.166,-0.21,0.167,0,0.229,0.03,0,0,0.255,-0.13,0.006,0,0.206,,,,,,,,0.198,-0.08,0.006,0,,,,
54808,20170901,-88.37,40.05,0.167,-0.2,0.113,0,0.23,0.04,0,0,0.258,-0.1,0.006,0,0.214,,,,,,,,0.199,-0.07,0.006,0,,,,
54808,20170902,-88.37,40.05,0.167,-0.19,0.048,0,0.232,0.05,0,0,0.261,-0.08,0.006,0,0.223,,,,,,,,0.199,-0.05,0.006,0,,,,
54808,20170903,-88.37,40.05,0.168,-0.18,0.012,0,0.232,0.05,0,0,0.264,-0.05,0,0,0.233,,,,,,,,0.2,-0.04,0,0,,,,
54808,20170904,-88.37,40.05,0.168,-0.17,0,0,0.232,0.06,0,0,0.268,-0.02,0,0,0.242,,,,,,,,0.2,-0.04,0,0,,,,
54808,20170905,-88.37,40.05,0.168,-0.17,0,0,0.229,0.04,0,0,0.268,-0.02,0,0,0.24,,,,,,,,0.198,-0.05,0,0,,,,
54808,20170906,-88.37,40.05,0.167,-0.17,0,0,0.224,0,0,0,0.265,-0.04,0,0,0.23,,,,,,,,0.195,-0.07,0,0,,,,
54808,20170907,-88.37,40.05,0.165,-0.18,0,0,0.221,-0.03,0,0,0.263,-0.06,0,0,0.221,,,,,,,,0.193,-0.09,0,0,,,,
54808,20170908,-88.37,40.05,0.164,-0.19,0.006,0,0.218,-0.05,0,0,0.261,-0.08,0,0,0.212,,,,,,,,0.191,-0.11,0,0,,,,
54808,20170909,-88.37,40.05,0.163,-0.21,0.03,0,0.216,-0.08,0,0,0.259,-0.09,0,0,0.204,,,,,,,,0.189,-0.12,0,0,,,,
54808,20170910,-88.37,40.05,0.161,-0.22,0.119,0,0.214,-0.09,0,0,0.257,-0.11,0,0,0.196,,,,,,,,0.188,-0.14,0,0,,,,
54808,20170911,-88.37,40.05,0.16,-0.24,0.262,0,0.213,-0.11,0,0,0.254,-0.13,0,0,0.189,,,,,,,,0.187,-0.16,0.006,0,,,,
54808,20170912,-88.37,40.05,0.159,-0.26,0.405,0,0.212,-0.13,0,0,0.251,-0.15,0,0,0.182,,,,,,,,0.185,-0.19,0.054,0,,,,
54808,20170913,-88.37,40.05,0.158,-0.27,0.548,0,0.211,-0.15,0,0,0.249,-0.17,0,0,0.177,,,,,,,,0.185,-0.21,0.173,0,,,,
54808,20170914,-88.37,40.05,0.158,-0.29,0.69,0,0.211,-0.17,0,0,0.247,-0.18,0,0,0.173,,,,,,,,0.184,-0.24,0.315,0,,,,
54808,20170915,-88.37,40.05,0.157,-0.31,0.827,0,0.211,-0.18,0,0,0.246,-0.19,0,0,0.169,,,,,,,,0.184,-0.26,0.458,0,,,,
54808,20170916,-88.37,40.05,0.157,-0.33,0.946,0,0.211,-0.19,0.006,0,0.244,-0.2,0.006,0,0.165,,,,,,,,0.184,-0.29,0.601,0,,,,
54808,20170917,-88.37,40.05,0.157,-0.36,1,0,0.211,-0.21,0.006,0,0.243,-0.21,0.006,0,0.163,,,,,,,,0.184,-0.31,0.744,0,,,,
54808,20170918,-88.37,40.05,0.157,-0.38,1,0,0.211,-0.22,0.018,0,0.242,-0.22,0.006,0,0.16,,,,,,,,0.184,-0.33,0.881,0,,,,
54808,20170919,-88.37,40.05,0.157,-0.39,1,0,0.212,-0.22,0.018,0,0.242,-0.22,0.006,0,0.159,,,,,,,,0.185,-0.34,0.964,0,,,,
54808,20170920,-88.37,40.05,0.158,-0.41,1,0,0.214,-0.21,0.018,0,0.242,-0.23,0.012,0,0.157,,,,,,,,0.186,-0.35,0.952,0,,,,
54808,20170921,-88.37,40.05,0.159,-0.41,1,0,0.215,-0.21,0.018,0,0.242,-0.23,0.012,0,0.155,,,,,,,,0.187,-0.34,0.893,0,,,,
54808,20170922,-88.37,40.05,0.16,-0.41,1,0,0.216,-0.21,0.018,0,0.242,-0.23,0.012,0,0.154,,,,,,,,0.188,-0.34,0.863,0,,,,
54808,20170923,-88.37,40.05,0.161,-0.41,1,0,0.216,-0.22,0.012,0,0.242,-0.24,0.006,0,0.153,,,,,,,,0.188,-0.34,0.833,0,,,,
54808,20170924,-88.37,40.05,0.162,-0.41,1,0,0.216,-0.23,0.012,0,0.242,-0.25,0.018,0,0.153,,,,,,,,0.189,-0.34,0.821,0,,,,
54808,20170925,-88.37,40.05,0.163,-0.4,1,0,0.215,-0.23,0,0,0.243,-0.26,0.03,0,0.152,,,,,,,,0.189,-0.34,0.821,0,,,,
54808,20170926,-88.37,40.05,0.164,-0.4,1,0,0.214,-0.25,0,0,0.242,-0.27,0.054,0,0.151,,,,,,,,0.189,-0.35,0.833,0,,,,
54808,20170927,-88.37,40.05,0.164,-0.4,1,0,0.213,-0.27,0,0,0.241,-0.29,0.095,0,0.151,,,,,,,,0.188,-0.37,0.869,0,,,,
54808,20170928,-88.37,40.05,0.163,-0.42,1,0,0.212,-0.29,0.089,0,0.241,-0.31,0.161,0,0.15,,,,,,,,0.187,-0.39,0.929,0,,,,
54808,20170929,-88.37,40.05,0.162,-0.43,1,0,0.21,-0.31,0.226,0,0.239,-0.34,0.298,0,0.149,,,,,,,,0.186,-0.41,0.958,0,,,,
54808,20170930,-88.37,40.05,0.16,-0.45,1,0,0.209,-0.34,0.369,0,0.238,-0.37,0.44,0,0.148,,,,,,,,0.184,-0.44,0.988,0,,,,
54808,20171001,-88.37,40.05,0.158,-0.47,1,0,0.207,-0.37,0.512,0,0.236,-0.4,0.571,0,0.147,,,,,,,,0.183,-0.46,1,0,,,,
54808,20171002,-88.37,40.05,0.157,-0.49,1,0,0.206,-0.39,0.655,0,0.235,-0.44,0.702,0,0.146,,,,,,,,0.181,-0.48,1,0,,,,
54808,20171003,-88.37,40.05,0.155,-0.5,1,0,0.204,-0.42,0.798,0,0.233,-0.47,0.821,0,0.144,,,,,,,,0.18,-0.5,1,0,,,,
54808,20171004,-88.37,40.05,0.153,-0.51,1,0,0.203,-0.44,0.94,0,0.232,-0.51,0.917,0,0.143,,,,,,,,0.178,-0.52,1,0,,,,
54808,20171005,-88.37,40.05,0.153,-0.52,1,0,0.203,-0.45,0.994,0,0.231,-0.53,0.994,0,0.142,,,,,,,,0.178,-0.53,1,0,,,,
54808,20171006,-88.37,40.05,0.156,-0.5,0.875,0,0.209,-0.42,0.857,0,0.238,-0.48,0.857,0,0.165,,,,,,,,0.182,-0.5,0.857,0,,,,
54808,20171007,-88.37,40.05,0.166,-0.42,0.732,0,0.217,-0.35,0.714,0,0.249,-0.39,0.714,0.012,0.193,,,,,,,,0.192,-0.42,0.714,0,,,,
54808,20171008,-88.37,40.05,0.178,-0.33,0.589,0,0.226,-0.28,0.571,0,0.26,-0.3,0.571,0.012,0.22,,,,,,,,0.202,-0.34,0.571,0,,,,
54808,20171009,-88.37,40.05,0.191,-0.24,0.446,0,0.233,-0.22,0.429,0,0.27,-0.21,0.429,0.012,0.246,,,,,,,,0.212,-0.26,0.429,0,,,,
54808,20171010,-88.37,40.05,0.204,-0.14,0.304,0.012,0.241,-0.16,0.286,0,0.28,-0.12,0.286,0.012,0.271,,,,,,,,0.223,-0.17,0.286,0.006,,,,
54808,20171011,-88.37,40.05,0.228,0.03,0.161,0.131,0.252,-0.08,0.143,0,0.292,-0.01,0.143,0.071,0.302,,,,,,,,0.24,-0.03,0.143,0.083,,,,
54808,20171012,-88.37,40.05,0.254,0.22,0.018,0.274,0.262,0.01,0,0,0.306,0.11,0,0.113,0.332,,,,,,,,0.258,0.13,0,0.226,,,,
54808,20171013,-88.37,40.05,0.277,0.39,0,0.417,0.267,0.04,0,0,0.311,0.16,0,0.137,0.339,,,,,,,,0.272,0.25,0,0.369,,,,
54808,20171014,-88.37,40.05,0.291,0.49,0,0.56,0.269,0.05,0,0,0.311,0.15,0,0.125,0.339,,,,,,,,0.28,0.31,0,0.506,,,,
54808,20171015,-88.37,40.05,0.302,0.56,0,0.702,0.271,0.06,0,0,0.312,0.15,0,0.125,0.341,,,,,,,,0.286,0.36,0,0.601,,,,
54808,20171016,-88.37,40.05,0.314,0.63,0,0.845,0.276,0.1,0,0,0.315,0.17,0,0.125,0.343,,,,,,,,0.295,0.42,0,0.744,,,,
54808,20171017,-88.37,40.05,0.323,0.69,0,0.976,0.28,0.12,0,0,0.317,0.18,0,0.125,0.345,,,,,,,,0.302,0.46,0,0.744,,,,
54808,20171018,-88.37,40.05,0.321,0.65,0,0.94,0.28,0.1,0,0,0.315,0.16,0,0.065,0.342,,,,,,,,0.301,0.42,0,0.667,,,,
54808,20171019,-88.37,40.05,0.315,0.57,0,0.798,0.279,0.08,0,0,0.313,0.13,0,0.024,0.338,,,,,,,,0.297,0.36,0,0.524,,,,
54808,20171020,-88.37,40.05,0.306,0.46,0,0.655,0.278,0.05,0,0,0.311,0.1,0,0,0.334,,,,,,,,0.292,0.28,0,0.381,,,,
54808,20171021,-88.37,40.05,0.299,0.36,0,0.512,0.276,0.02,0,0,0.31,0.08,0,0,0.33,,,,,,,,0.287,0.21,0,0.244,,,,
54808,20171022,-88.37,40.05,0.291,0.26,0,0.369,0.274,-0.01,0,0,0.309,0.07,0,0,0.328,,,,,,,,0.283,0.13,0,0.149,,,,
54808,20171023,-88.37,40.05,0.29,0.19,0,0.292,0.276,-0.02,0,0.054,0.311,0.07,0,0.054,0.328,,,,,,,,0.283,0.08,0,0.06,,,,
54808,20171024,-88.37,40.05,0.3,0.21,0,0.292,0.287,0.06,0,0.196,0.318,0.13,0,0.196,0.333,,,,,,,,0.294,0.12,0,0.196,,,,
54808,20171025,-88.37,40.05,0.31,0.23,0,0.351,0.298,0.13,0,0.339,0.324,0.18,0,0.327,0.338,,,,,,,,0.304,0.16,0,0.339,,,,
54808,20171026,-88.37,40.05,0.319,0.25,0,0.464,0.311,0.21,0,0.482,0.336,0.28,0,0.458,0.342,,,,,,,,0.315,0.21,0,0.482,,,,
54808,20171027,-88.37,40.05,0.328,0.28,0,0.494,0.325,0.3,0,0.625,0.344,0.34,0,0.565,,,,,,,,,0.326,0.26,0,0.577,,,,
54808,20171028,-88.37,40.05,0.336,0.31,0,0.494,0.338,0.37,0,0.738,0.351,0.4,0,0.655,,,,,,,,,0.337,0.31,0,0.583,,,,
54808,20171029,-88.37,40.05,0.345,0.34,0,0.494,0.35,0.44,0,0.815,0.358,0.46,0,0.768,,,,,,,,,0.348,0.36,0,0.583,,,,
54808,20171030,-88.37,40.05,0.345,0.32,0,0.429,0.356,0.46,0,0.815,0.363,0.5,0,0.815,,,,,,,,,0.351,0.36,0,0.53,,,,
54808,20171031,-88.37,40.05,0.336,0.24,0,0.286,0.353,0.4,0,0.673,0.364,0.51,0,0.786,,,,,,,,,0.344,0.29,0,0.387,,,,
54808,20171101,-88.37,40.05,0.327,0.16,0,0.143,0.35,0.34,0,0.53,0.366,0.53,0,0.756,,,,,,,,,0.339,0.23,0,0.244,,,,
54808,20171102,-88.37,40.05,0.321,0.1,0,0.03,0.346,0.28,0,0.387,0.359,0.46,0,0.696,,,,,,,,,0.333,0.18,0,0.101,,,,
54808,20171103,-88.37,40.05,0.316,0.06,0,0,0.343,0.22,0,0.244,0.358,0.45,0,0.685,,,,,,,,,0.329,0.13,0,0.006,,,,
54808,20171104,-88.37,40.05,0.314,0.03,0,0,0.339,0.16,0,0.132,0.362,0.48,0,0.702,,,,,,,,,0.326,0.1,0,0,,,,
54808,20171105,-88.37,40.05,0.312,0.01,0,0,0.334,0.09,0,0.054,0.364,0.48,0,0.655,,,,,,,,,0.323,0.06,0,0,,,,
54808,20171106,-88.37,40.05,0.32,0.06,0,0.113,0.337,0.09,0,0.096,0.362,0.46,0.006,0.655,,,,,,,,,0.329,0.1,0,0.114,,,,
54808,20171107,-88.37,40.05,0.328,0.1,0,0.232,0.339,0.09,0,0.138,0.363,0.45,0.006,0.643,,,,,,,,,0.334,0.13,0,0.24,,,,
54808,20171108,-88.37,40.05,0.335,0.14,0,0.274,0.343,0.1,0,0.156,0.366,0.45,0.006,0.631,,,,,,,,,0.339,0.16,0,0.317,,,,
54808,20171109,-88.37,40.05,0.341,0.17,0,0.274,0.344,0.09,0,0.174,0.371,0.47,0.006,0.631,,,,,,,,,0.342,0.17,0,0.335,,,,
54808,20171110,-88.37,40.05,0.345,0.18,0,0.274,0.344,0.07,0,0.18,0.374,0.46,0.006,0.583,,,,,,,,,0.344,0.17,0,0.341,,,,
54808,20171111,-88.37,40.05,0.348,0.19,0,0.274,0.345,0.07,0,0.18,0.37,0.39,0.018,0.506,,,,,,,,,0.347,0.18,0,0.341,,,,
54808,20171112,-88.37,40.05,0.351,0.19,0,0.274,0.348,0.08,0.006,0.18,0.368,0.33,0.018,0.458,,,,,,,,,0.349,0.18,0,0.341,,,,
54808,20171113,-88.37,40.05,0.345,0.13,0,0.161,0.343,0.03,0.006,0.084,0.367,0.29,0.012,0.363,,,,,,,,,0.344,0.11,0,0.228,,,,
54808,20171114,-88.37,40.05,0.34,0.07,0,0.042,0.339,-0.02,0.006,0.042,0.363,0.22,0.012,0.268,,,,,,,,,0.34,0.05,0,0.102,,,,
54808,20171115,-88.37,40.05,0.336,0.03,0,0,0.335,-0.06,0.006,0.024,0.358,0.16,0.012,0.19,,,,,,,,,0.336,0,0,0.024,,,,
54808,20171116,-88.37,40.05,0.342,0.08,0,0.143,0.34,-0.03,0.006,0.096,0.356,0.12,0.012,0.137,,,,,,,,,0.341,0.03,0,0.126,,,,
54808,20171117,-88.37,40.05,0.347,0.12,0,0.262,0.343,-0.01,0.006,0.102,0.354,0.08,0.012,0.095,,,,,,,,,0.345,0.05,0,0.132,,,,
54808,20171118,-88.37,40.05,0.352,0.16,0,0.345,0.345,0,0.006,0.107,0.356,0.09,0,0.077,,,,,,,,,0.349,0.07,0,0.137,,,,
54808,20171119,-88.37,40.05,0.363,0.25,0,0.488,0.353,0.06,0,0.22,0.358,0.1,0,0.089,,,,,,,,,0.358,0.14,0,0.274,,,,
54808,20171120,-88.37,40.05,0.371,0.31,0,0.613,0.358,0.09,0,0.232,0.361,0.11,0,0.089,,,,,,,,,0.364,0.19,0,0.315,,,,
54808,20171121,-88.37,40.05,0.378,0.36,0,0.667,0.363,0.12,0,0.232,0.363,0.12,0,0.089,,,,,,,,,0.37,0.23,0,0.315,,,,
54808,20171122,-88.37,40.05,0.383,0.39,0,0.667,0.366,0.14,0,0.232,0.363,0.11,0,0.089,,,,,,,,,0.374,0.25,0,0.315,,,,
54808,20171123,-88.37,40.05,0.378,0.34,0,0.524,0.363,0.1,0,0.143,0.363,0.11,0.006,0.095,,,,,,,,,0.371,0.21,0,0.196,,,,
54808,20171124,-88.37,40.05,0.376,0.3,0,0.405,0.362,0.07,0,0.131,0.363,0.1,0.006,0.095,,,,,,,,,0.369,0.18,0,0.185,,,,
54808,20171125,-88.37,40.05,0.373,0.26,0,0.321,0.362,0.05,0,0.125,0.362,0.08,0.012,0.083,,,,,,,,,0.368,0.15,0,0.179,,,,
54808,20171126,-88.37,40.05,0.365,0.16,0,0.179,0.357,-0.01,0,0.012,0.359,0.05,0.012,0.065,,,,,,,,,0.361,0.07,0,0.042,,,,
54808,20171127,-88.37,40.05,0.358,0.08,0,0.054,0.354,-0.06,0,0,0.358,0.04,0.012,0.06,,,,,,,,,0.356,0.01,0,0,,,,
54808,20171128,-88.37,40.05,0.353,0.01,0,0,0.351,-0.1,0,0,0.358,0.03,0.012,0.071,,,,,,,,,0.352,-0.04,0,0,,,,
54808,20171129,-88.37,40.05,0.348,-0.05,0,0,0.349,-0.12,0,0,0.356,0.01,0.018,0.06,,,,,,,,,0.349,-0.09,0,0,,,,
54808,20171130,-88.37,40.05,0.344,-0.12,0.006,0,0.346,-0.17,0.006,0,0.355,-0.02,0.036,0.06,,,,,,,,,0.345,-0.15,0.006,0,,,,
54808,20171201,-88.37,40.05,0.341,-0.18,0.006,0,0.343,-0.21,0.006,0,0.356,0,0.042,0.089,,,,,,,,,0.342,-0.2,0.006,0,,,,
54808,20171202,-88.37,40.05,0.338,-0.24,0.018,0,0.34,-0.26,0.006,0,0.357,0,0.036,0.095,,,,,,,,,0.339,-0.25,0.006,0,,,,
54808,20171203,-88.37,40.05,0.335,-0.3,0.048,0,0.338,-0.31,0.03,0,0.358,0.01,0.036,0.107,,,,,,,,,0.336,-0.3,0.042,0,,,,
54808,20171204,-88.37,40.05,0.332,-0.36,0.125,0,0.335,-0.36,0.095,0,0.358,0,0.042,0.113,,,,,,,,,0.334,-0.36,0.113,0,,,,
54808,20171205,-88.37,40.05,0.331,-0.41,0.208,0,0.334,-0.4,0.161,0,0.358,-0.01,0.06,0.119,,,,,,,,,0.333,-0.4,0.19,0,,,,
54808,20171206,-88.37,40.05,0.331,-0.45,0.25,0,0.334,-0.43,0.229,0,0.361,0.03,0.054,0.155,,,,,,,,,0.332,-0.44,0.253,0,,,,
54808,20171207,-88.37,40.05,0.33,-0.48,0.375,0,0.333,-0.46,0.325,0,0.359,-0.01,0.048,0.131,,,,,,,,,0.332,-0.48,0.386,0,,,,
54808,20171208,-88.37,40.05,0.33,-0.51,0.419,0,0.332,-0.49,0.436,0,0.357,-0.05,0.071,0.125,,,,,,,,,0.332,-0.52,0.515,0,,,,
54808,20171209,-88.37,40.05,0.33,-0.53,0.533,0,0.332,-0.52,0.558,0,0.357,-0.07,0.089,0.131,,,,,,,,,0.331,-0.56,0.648,0,,,,
54808,20171210,-88.37,40.05,0.33,-0.55,0.612,0,0.331,-0.57,0.679,0,0.355,-0.1,0.095,0.119,,,,,,,,,0.331,-0.61,0.748,0,,,,
54808,20171211,-88.37,40.05,0.332,-0.56,0.631,0,0.329,-0.62,0.758,0,0.353,-0.15,0.131,0.119,,,,,,,,,0.331,-0.64,0.813,0,,,,
54808,20171212,-88.37,40.05,0.33,-0.61,0.682,0,0.326,-0.69,0.836,0,0.353,-0.16,0.149,0.119,,,,,,,,,0.329,-0.72,0.884,0,,,,
54808,20171213,-88.37,40.05,0.33,-0.64,0.776,0,0.323,-0.75,0.904,0,0.351,-0.21,0.19,0.101,,,,,,,,,0.327,-0.78,0.961,0,,,,
54808,20171214,-88.37,40.05,0.328,-0.69,0.784,0,0.32,-0.82,0.946,0,0.353,-0.18,0.208,0.119,,,,,,,,,0.324,-0.84,0.966,0,,,,
54808,20171215,-88.37,40.05,0.324,-0.76,0.89,0,0.318,-0.89,0.976,0,0.352,-0.22,0.214,0.101,,,,,,,,,0.321,-0.92,0.979,0,,,,
54808,20171216,-88.37,40.05,0.323,-0.82,0.906,0,0.314,-0.96,1,0,0.351,-0.25,0.274,0.107,,,,,,,,,0.319,-0.98,0.993,0,,,,
54808,20171217,-88.37,40.05,0.32,-0.89,0.943,0,0.313,-1,1,0,0.347,-0.34,0.369,0.101,,,,,,,,,0.317,-1.05,1,0,,,,
54808,20171218,-88.37,40.05,0.316,-0.97,0.98,0,0.312,-1.04,1,0,0.349,-0.31,0.393,0.125,,,,,,,,,0.314,-1.11,1,0,,,,
54808,20171219,-88.37,40.05,0.314,-1.03,0.993,0,0.311,-1.06,1,0,0.349,-0.34,0.423,0.125,,,,,,,,,0.313,-1.15,1,0,,,,
54808,20171220,-88.37,40.05,0.312,-1.09,1,0,0.311,-1.09,1,0,0.349,-0.35,0.44,0.125,,,,,,,,,0.312,-1.2,1,0,,,,
54808,20171221,-88.37,40.05,0.311,-1.13,1,0,0.311,-1.11,1,0,0.35,-0.33,0.47,0.143,,,,,,,,,0.311,-1.24,1,0,,,,
54808,20171222,-88.37,40.05,0.309,-1.18,1,0,0.309,-1.15,1,0,0.35,-0.34,0.506,0.143,,,,,,,,,0.309,-1.3,1,0,,,,
54808,20171223,-88.37,40.05,0.306,-1.23,1,0,0.31,-1.16,1,0,0.351,-0.33,0.5,0.143,,,,,,,,,0.308,-1.34,1,0,,,,
54808,20171224,-88.37,40.05,0.304,-1.27,1,0,0.309,-1.19,1,0,0.358,-0.21,0.446,0.179,,,,,,,,,0.307,-1.39,1,0,,,,
54808,20171225,-88.37,40.05,0.303,-1.31,1,0,0.31,-1.21,1,0,0.359,-0.2,0.44,0.19,,,,,,,,,0.306,-1.43,1,0,,,,
54808,20171226,-88.37,40.05,0.301,-1.35,1,0,0.309,-1.23,1,0,0.359,-0.2,0.44,0.19,,,,,,,,,0.305,-1.47,1,0,,,,
54808,20171227,-88.37,40.05,0.299,-1.39,1,0,0.308,-1.26,1,0,0.36,-0.2,0.464,0.196,,,,,,,,,0.304,-1.52,1,0,,,,
54808,20171228,-88.37,40.05,0.296,-1.44,1,0,0.308,-1.29,1,0,0.361,-0.17,0.446,0.208,,,,,,,,,0.302,-1.56,1,0,,,,
54808,20171229,-88.37,40.05,0.295,-1.48,1,0,0.309,-1.29,1,0,0.363,-0.14,0.44,0.226,,,,,,,,,0.302,-1.58,1,0,,,,
54808,20171230,-88.37,40.05,0.292,-1.57,1,0,0.308,-1.31,1,0,0.365,-0.12,0.446,0.238,,,,,,,,,0.3,-1.62,1,0,,,,
54808,20171231,-88.37,40.05,,,,,0.308,-1.34,1,0,0.363,-0.16,0.464,0.214,,,,,,,,,,,,,,,,
54808,20180101,-88.37,40.05,,,,,0.307,-1.37,1,0,0.361,-0.22,0.512,0.179,,,,,,,,,,,,,,,,
54808,20180102,-88.37,40.05,,,,,0.307,-1.4,1,0,0.36,-0.26,0.536,0.167,,,,,,,,,,,,,,,,
54808,20180103,-88.37,40.05,,,,,,,,,0.358,-0.31,0.554,0.155,,,,,,,,,,,,,,,,
54808,20180104,-88.37,40.05,,,,,,,,,0.358,-0.32,0.554,0.155,,,,,,,,,,,,,,,,
54808,20180105,-88.37,40.05,,,,,,,,,0.357,-0.35,0.56,0.143,,,,,,,,,,,,,,,,
54808,20180106,-88.37,40.05,,,,,,,,,0.353,-0.44,0.601,0.131,,,,,,,,,,,,,,,,
54808,20180107,-88.37,40.05,,,,,,,,,0.349,-0.56,0.663,0.114,,,,,,,,,,,,,,,,
54808,20180108,-88.37,40.05,,,,,,,,,0.348,-0.59,0.675,0.119,,,,,,,,,,,,,,,,
54808,20180109,-88.37,40.05,,,,,,,,,0.347,-0.64,0.719,0.119,,,,,,,,,,,,,,,,
54808,20180110,-88.37,40.05,,,,,,,,,0.348,-0.63,0.725,0.131,,,,,,,,,,,,,,,,
54808,20180111,-88.37,40.05,,,,,,,,,0.345,-0.71,0.763,0.094,,,,,,,,,,,,,,,,
54808,20180112,-88.37,40.05,,,,,,,,,0.347,-0.67,0.713,0.081,,,,,,,,,,,,,,,,
54808,20180113,-88.37,40.05,,,,,,,,,0.351,-0.56,0.65,0.069,,,,,,,,,,,,,,,,
54808,20180114,-88.37,40.05,,,,,,,,,0.357,-0.43,0.578,0.081,,,,,,,,,,,,,,,,
54808,20180115,-88.37,40.05,,,,,,,,,0.359,-0.37,0.538,0.084,,,,,,,,,,,,,,,,
54808,20180116,-88.37,40.05,,,,,,,,,,,,,,,,,,,,,,,,,,,,
54808,20180117,-88.37,40.05,,,,,,,,,,,,,,,,,,,,,,,,,,,,
54808,20180118,-88.37,40.05,,,,,,,,,,,,,,,,,,,,,,,,,,,,
54808,20180119,-88.37,40.05,,,,,,,,,,,,,,,,,,,,,,,,,,,,
54808,20180120,-88.37,40.05,,,,,,,,,,,,,,,,,,,,,,,,,,,,
54808,20180121,-88.37,40.05,,,,,,,,,,,,,,,,,,,,,,,,,,,,
54808,20180122,-88.37,40.05,,,,,,,,,,,,,,,,,,,,,,,,,,,,
54808,20180123,-88.37,40.05,,,,,,,,,,,,,,,,,,,,,,,,,,,,
54808,20180124,-88.37,40.05,,,,,,,,,,,,,,,,,,,,,,,,,,,,
54808,20180125,-88.37,40.05,,,,,,,,,,,,,,,,,,,,,,,,,,,,
54808,20180126,-88.37,40.05,,,,,,,,,,,,,,,,,,,,,,,,,,,,
54808,20180127,-88.37,40.05,,,,,,,,,,,,,,,,,,,,,,,,,,,,
54808,20180128,-88.37,40.05,0.382,,,,0.375,,,,0.369,-0.13,0.356,0.081,,,,,,,,,,,,,,,,
54808,20180129,-88.37,40.05,0.382,,,,0.372,,,,0.368,-0.16,0.393,0.065,,,,,,,,,0.378,,,,,,,
54808,20180130,-88.37,40.05,0.374,,,,0.368,,,,0.369,-0.16,0.41,0.062,,,,,,,,,0.372,,,,,,,
54808,20180131,-88.37,40.05,,,,,0.362,,,,0.367,-0.2,0.468,0.05,,,,,,,,,,,,,,,,
54808,20180201,-88.37,40.05,,,,,0.359,,,,0.367,-0.22,0.504,0.043,,,,,,,,,,,,,,,,
54808,20180202,-88.37,40.05,,,,,0.355,,,,0.367,-0.23,0.495,0.055,,,,,,,,,,,,,,,,
54808,20180203,-88.37,40.05,,,,,,,,,0.366,-0.23,0.507,0.06,,,,,,,,,,,,,,,,
54808,20180204,-88.37,40.05,,,,,,,,,0.367,-0.17,0.442,0.07,,,,,,,,,,,,,,,,
54808,20180205,-88.37,40.05,,,,,,,,,0.368,-0.02,0.316,0.105,,,,,,,,,,,,,,,,
54808,20180206,-88.37,40.05,,,,,,,,,0.368,-0.23,0,0,,,,,,,,,,,,,,,,
54808,20180207,-88.37,40.05,,,,,,,,,0.369,,,,,,,,,,,,,,,,,,,
54808,20180208,-88.37,40.05,,,,,,,,,,,,,,,,,,,,,,,,,,,,
54808,20180209,-88.37,40.05,,,,,,,,,,,,,,,,,,,,,,,,,,,,
54808,20180210,-88.37,40.05,,,,,,,,,,,,,,,,,,,,,,,,,,,,
54808,20180211,-88.37,40.05,,,,,,,,,,,,,,,,,,,,,,,,,,,,
54808,20180212,-88.37,40.05,,,,,,,,,,,,,,,,,,,,,,,,,,,,
54808,20180213,-88.37,40.05,,,,,,,,,,,,,,,,,,,,,,,,,,,,
54808,20180214,-88.37,40.05,,,,,,,,,,,,,,,,,,,,,,,,,,,,
54808,20180215,-88.37,40.05,,,,,,,,,,,,,,,,,,,,,,,,,,,,
54808,20180216,-88.37,40.05,,,,,,,,,,,,,,,,,,,,,,,,,,,,
54808,20180217,-88.37,40.05,,,,,,,,,,,,,,,,,,,,,,,,,,,,
54808,20180218,-88.37,40.05,,,,,,,,,,,,,,,,,,,,,,,,,,,,
54808,20180219,-88.37,40.05,,,,,,,,,,,,,,,,,,,,,,,,,,,,
54808,20180220,-88.37,40.05,,,,,,,,,,,,,,,,,,,,,,,,,,,,
54808,20180221,-88.37,40.05,,,,,,,,,,,,,,,,,,,,,,,,,,,,
54808,20180222,-88.37,40.05,,,,,,,,,0.393,0.39,0.306,0.338,,,,,,,,,,,,,,,,
54808,20180223,-88.37,40.05,,,,,,,,,0.4,0.62,0.244,0.452,,,,,,,,,,,,,,,,
54808,20180224,-88.37,40.05,,,,,,,,,0.403,0.69,0.19,0.494,,,,,,,,,,,,,,,,
54808,20180225,-88.37,40.05,0.413,,,,0.407,,,,0.406,0.8,0.131,0.565,,,,,,,,,0.41,,,,,,,
54808,20180226,-88.37,40.05,0.411,,,,0.403,,,,0.408,0.83,0.089,0.571,,,,,,,,,0.407,,,,,,,
54808,20180227,-88.37,40.05,0.409,,,,0.401,,,,0.406,0.75,0.131,0.518,,,,,,,,,0.404,,,,,,,
54808,20180228,-88.37,40.05,0.396,,,,0.389,,,,0.399,0.54,0.19,0.446,,,,,,,,,0.393,,,,,,,
54808,20180301,-88.37,40.05,0.382,,,,0.374,,,,0.387,0.17,0.256,0.321,,,,,,,,,0.378,,,,,,,
54808,20180302,-88.37,40.05,0.379,0.24,0,0,0.368,-0.38,0,0,0.381,-0.03,0.286,0.238,,,,,,,,,0.373,,,,,,,
54808,20180303,-88.37,40.05,0.376,-0.14,0.455,0,0.365,-0.46,0.212,0,0.379,-0.08,0.31,0.208,,,,,,,,,0.371,,,,,,,
54808,20180304,-88.37,40.05,0.372,-0.39,0.75,0,0.361,-0.53,0.439,0,0.376,-0.19,0.369,0.149,,,,,,,,,0.367,-0.67,0.875,0,,,,
54808,20180305,-88.37,40.05,0.37,-0.56,0.857,0,0.359,-0.61,0.58,0,0.375,-0.22,0.423,0.143,,,,,,,,,0.364,-0.79,0.96,0,,,,
54808,20180306,-88.37,40.05,0.372,-0.47,0.714,0.016,0.358,-0.63,0.596,0,0.376,-0.19,0.399,0.155,,,,,,,,,0.365,-0.68,0.822,0,,,,
54808,20180307,-88.37,40.05,0.375,-0.37,0.517,0.011,0.36,-0.6,0.551,0,0.377,-0.15,0.369,0.179,,,,,,,,,0.367,-0.55,0.662,0,,,,
54808,20180308,-88.37,40.05,0.375,-0.36,0.467,0.01,0.359,-0.58,0.52,0,0.377,-0.16,0.357,0.179,,,,,,,,,0.367,-0.53,0.671,0,,,,
54808,20180309,-88.37,40.05,0.37,-0.4,0.519,0.009,0.356,-0.6,0.581,0,0.374,-0.24,0.387,0.131,,,,,,,,,0.363,-0.54,0.685,0,,,,
54808,20180310,-88.37,40.05,0.366,-0.49,0.58,0.008,0.354,-0.62,0.642,0,0.374,-0.26,0.411,0.125,,,,,,,,,0.36,-0.58,0.736,0,,,,
54808,20180311,-88.37,40.05,0.363,-0.56,0.606,0.008,0.353,-0.63,0.667,0,0.374,-0.25,0.393,0.125,,,,,,,,,,,,,,,,
54808,20180312,-88.37,40.05,,,,,0.353,-0.62,0.648,0,0.374,-0.24,0.358,0.121,,,,,,,,,,,,,,,,
54808,20180313,-88.37,40.05,,,,,0.352,-0.62,0.684,0,0.373,-0.28,0.373,0.101,,,,,,,,,,,,,,,,
54808,20180314,-88.37,40.05,,,,,0.348,-0.67,0.768,0,0.371,-0.32,0.386,0.07,,,,,,,,,,,,,,,,
54808,20180315,-88.37,40.05,,,,,0.345,-0.72,0.865,0,0.372,-0.29,0.373,0.07,,,,,,,,,,,,,,,,
54808,20180316,-88.37,40.05,,,,,0.342,-0.78,0.923,0,0.372,-0.28,0.361,0.07,,,,,,,,,,,,,,,,
54808,20180317,-88.37,40.05,,,,,0.341,-0.79,0.942,0,0.373,-0.22,0.329,0.095,,,,,,,,,,,,,,,,
54808,20180318,-88.37,40.05,,,,,0.341,-0.79,0.949,0,0.372,-0.27,0.386,0.082,,,,,,,,,,,,,,,,
54808,20180319,-88.37,40.05,,,,,0.34,-0.79,0.962,0,0.372,-0.25,0.379,0.093,,,,,,,,,,,,,,,,
54808,20180320,-88.37,40.05,0.34,-0.93,0.978,0,0.34,-0.79,0.952,0,0.372,-0.24,0.399,0.101,,,,,,,,,0.34,-0.86,1,0,,,,
54808,20180321,-88.37,40.05,0.34,-0.91,0.979,0,0.339,-0.8,0.964,0,0.371,-0.28,0.435,0.089,,,,,,,,,0.34,-0.85,1,0,,,,
54808,20180322,-88.37,40.05,0.341,-0.88,0.979,0,0.339,-0.81,0.964,0,0.371,-0.28,0.446,0.113,,,,,,,,,0.34,-0.84,1,0,,,,
54808,20180323,-88.37,40.05,0.34,-0.86,0.98,0,0.34,-0.78,0.964,0,0.371,-0.28,0.452,0.113,,,,,,,,,0.34,-0.82,1,0,,,,
54808,20180324,-88.37,40.05,0.338,-0.87,0.98,0,0.339,-0.79,0.964,0,0.369,-0.33,0.512,0.101,,,,,,,,,0.339,-0.83,0.993,0,,,,
54808,20180325,-88.37,40.05,0.345,-0.74,0.828,0.046,0.343,-0.71,0.841,0.018,0.372,-0.23,0.423,0.143,,,,,,,,,0.344,-0.72,0.844,0.014,,,,
54808,20180326,-88.37,40.05,0.351,-0.61,0.682,0.065,0.347,-0.63,0.709,0.018,0.372,-0.21,0.423,0.143,,,,,,,,,0.35,-0.61,0.689,0.013,,,,
54808,20180327,-88.37,40.05,0.362,-0.41,0.526,0.195,0.354,-0.5,0.576,0.048,0.375,-0.13,0.363,0.19,,,,,,,,,0.359,-0.43,0.53,0.113,,,,
54808,20180328,-88.37,40.05,0.373,-0.2,0.382,0.318,0.364,-0.31,0.434,0.127,0.383,0.13,0.274,0.304,,,,,,,,,0.369,-0.23,0.387,0.226,,,,
54808,20180329,-88.37,40.05,0.379,-0.09,0.271,0.301,0.369,-0.2,0.289,0.127,0.382,0.11,0.268,0.262,,,,,,,,,0.374,-0.12,0.274,0.213,,,,
54808,20180330,-88.37,40.05,0.39,0.1,0.137,0.369,0.376,-0.07,0.145,0.145,0.383,0.14,0.226,0.268,,,,,,,,,0.382,0.04,0.139,0.241,,,,
54808,20180331,-88.37,40.05,0.397,0.25,0,0.369,0.38,0.01,0.006,0.145,0.383,0.16,0.167,0.25,,,,,,,,,0.389,0.17,0,0.241,,,,
54808,20180401,-88.37,40.05,0.393,0.2,0,0.327,0.378,-0.01,0.012,0.125,0.381,0.09,0.208,0.208,,,,,,,,,0.386,0.13,0,0.226,,,,
54808,20180402,-88.37,40.05,0.39,0.17,0,0.31,0.376,-0.03,0.03,0.125,0.379,0.06,0.232,0.196,,,,,,,,,0.383,0.09,0,0.226,,,,
54808,20180403,-88.37,40.05,0.388,0.14,0,0.28,0.374,-0.05,0.036,0.113,0.376,0,0.226,0.149,,,,,,,,,0.381,0.07,0,0.173,,,,
54808,20180404,-88.37,40.05,0.388,0.14,0,0.298,0.372,-0.08,0.036,0.107,0.37,-0.18,0.226,0.065,,,,,,,,,0.38,0.05,0,0.185,,,,
54808,20180405,-88.37,40.05,0.387,0.14,0,0.317,0.372,-0.06,0.036,0.113,0.37,-0.16,0.185,0.071,,,,,,,,,0.38,0.06,0,0.195,,,,
54808,20180406,-88.37,40.05,0.383,0.1,0,0.245,0.369,-0.08,0.036,0.095,0.368,-0.19,0.185,0.065,,,,,,,,,0.376,0.03,0,0.166,,,,
54808,20180407,-88.37,40.05,0.382,0.1,0,0.255,0.369,-0.07,0.036,0.095,0.367,-0.2,0.179,0.065,,,,,,,,,0.375,0.03,0,0.172,,,,
54808,20180408,-88.37,40.05,0.382,0.11,0,0.272,0.368,-0.05,0.024,0.095,0.366,-0.2,0.125,0.065,,,,,,,,,0.375,0.05,0,0.184,,,,
54808,20180409,-88.37,40.05,0.38,0.12,0,0.276,0.367,-0.03,0.006,0.095,0.366,-0.18,0.054,0.065,,,,,,,,,0.374,0.07,0,0.186,,,,
54808,20180410,-88.37,40.05,0.376,0.09,0,0.172,0.365,-0.04,0,0.077,0.364,-0.19,0.054,0.054,,,,,,,,,0.371,0.05,0,0.145,,,,
54808,20180411,-88.37,40.05,0.369,0.02,0,0.014,0.36,-0.09,0,0.006,0.361,-0.25,0.054,0.018,,,,,,,,,0.365,-0.02,0,0.007,,,,
54808,20180412,-88.37,40.05,0.366,0,0,0,0.357,-0.1,0,0,0.36,-0.24,0.048,0.018,,,,,,,,,0.361,-0.04,0,0,,,,
54808,20180413,-88.37,40.05,0.361,-0.02,0,0,0.354,-0.11,0,0,0.358,-0.24,0.042,0.006,,,,,,,,,0.358,-0.05,0,0,,,,
54808,20180414,-88.37,40.05,0.359,-0.03,0,0.038,0.352,-0.11,0,0,0.358,-0.22,0.018,0.006,,,,,,,,,0.355,-0.06,0,0.026,,,,
54808,20180415,-88.37,40.05,0.364,0.02,0,0.096,0.354,-0.07,0,0.012,0.359,-0.17,0.012,0.012,,,,,,,,,0.359,-0.01,0,0.06,,,,
54808,20180416,-88.37,40.05,0.369,0.08,0,0.143,0.357,-0.02,0,0.012,0.36,-0.14,0.012,0.018,,,,,,,,,0.363,0.04,0,0.095,,,,
54808,20180417,-88.37,40.05,0.37,0.09,0,0.143,0.358,0,0,0.012,0.361,-0.1,0.006,0.024,,,,,,,,,0.364,0.06,0,0.095,,,,
54808,20180418,-88.37,40.05,0.371,0.1,0,0.143,0.359,0.02,0,0.012,0.361,-0.08,0.006,0.024,,,,,,,,,0.365,0.08,0,0.095,,,,
54808,20180419,-88.37,40.05,0.371,0.12,0,0.143,0.359,0.04,0,0.012,0.361,-0.06,0.006,0.036,,,,,,,,,0.365,0.1,0,0.095,,,,
54808,20180420,-88.37,40.05,0.373,0.14,0,0.143,0.361,0.06,0,0.012,0.362,-0.03,0,0.036,,,,,,,,,0.367,0.12,0,0.095,,,,
54808,20180421,-88.37,40.05,0.372,0.14,0,0.107,0.361,0.07,0,0.012,0.362,-0.01,0,0.036,,,,,,,,,0.366,0.13,0,0.071,,,,
54808,20180422,-88.37,40.05,0.363,0.08,0,0.048,0.355,0.02,0,0,0.36,-0.03,0,0.03,,,,,,,,,0.359,0.07,0,0.036,,,,
54808,20180423,-88.37,40.05,0.351,0.01,0,0,0.346,-0.05,0,0,0.356,-0.05,0.006,0.024,,,,,,,,,0.348,0,0,0,,,,
54808,20180424,-88.37,40.05,0.34,-0.06,0,0,0.335,-0.13,0.06,0,0.352,-0.09,0.012,0.018,,,,,,,,,0.337,-0.08,0,0,,,,
54808,20180425,-88.37,40.05,0.33,-0.11,0,0,0.324,-0.21,0.119,0,0.349,-0.11,0.012,0.018,,,,,,,,,0.327,-0.15,0,0,,,,
54808,20180426,-88.37,40.05,0.319,-0.17,0,0,0.312,-0.3,0.256,0,0.345,-0.14,0.012,0.006,,,,,,,,,0.315,-0.22,0,0,,,,
54808,20180427,-88.37,40.05,0.309,-0.23,0,0,0.299,-0.39,0.399,0,0.341,-0.17,0.012,0.006,,,,,,,,,0.304,-0.3,0.06,0,,,,
54808,20180428,-88.37,40.05,0.299,-0.28,0.03,0,0.285,-0.49,0.542,0,0.334,-0.22,0.012,0.006,,,,,,,,,0.292,-0.38,0.196,0,,,,
54808,20180429,-88.37,40.05,0.288,-0.34,0.167,0,0.271,-0.59,0.685,0,0.329,-0.26,0.012,0.012,,,,,,,,,0.28,-0.46,0.339,0,,,,
54808,20180430,-88.37,40.05,0.278,-0.4,0.31,0,0.259,-0.67,0.827,0,0.321,-0.32,0.065,0.012,,,,,,,,,0.269,-0.53,0.482,0,,,,
54808,20180501,-88.37,40.05,0.268,-0.45,0.452,0,0.253,-0.72,0.911,0,0.311,-0.39,0.19,0.012,,,,,,,,,0.261,-0.58,0.625,0,,,,
54808,20180502,-88.37,40.05,0.256,-0.52,0.595,0,0.249,-0.74,0.994,0,0.299,-0.49,0.333,0.012,,,,,,,,,0.253,-0.62,0.768,0,,,,
54808,20180503,-88.37,40.05,0.244,-0.59,0.738,0,0.246,-0.76,1,0,0.286,-0.59,0.476,0.006,,,,,,,,,0.245,-0.67,0.911,0,,,,
54808,20180504,-88.37,40.05,0.246,-0.57,0.738,0,0.247,-0.75,1,0,0.274,-0.7,0.619,0.006,,,,,,,,,0.246,-0.65,0.851,0,,,,
54808,20180505,-88.37,40.05,0.246,-0.57,0.708,0,0.248,-0.72,1,0,0.263,-0.78,0.762,0.006,,,,,,,,,0.247,-0.63,0.768,0,,,,
54808,20180506,-88.37,40.05,0.247,-0.56,0.643,0,0.252,-0.69,1,0,0.252,-0.87,0.905,0,,,,,,,,,0.249,-0.61,0.768,0,,,,
54808,20180507,-88.37,40.05,0.247,-0.55,0.643,0,0.255,-0.65,1,0,0.244,-0.94,0.988,0,,,,,,,,,0.251,-0.59,0.768,0,,,,
54808,20180508,-88.37,40.05,0.246,-0.56,0.643,0,0.255,-0.65,1,0,0.238,-0.98,1,0,,,,,,,,,0.25,-0.59,0.768,0,,,,
54808,20180509,-88.37,40.05,0.244,-0.57,0.643,0,0.252,-0.67,1,0,0.234,-1.01,1,0,,,,,,,,,0.248,-0.61,0.768,0,,,,
54808,20180510,-88.37,40.05,0.247,-0.56,0.643,0,0.255,-0.64,0.929,0,0.235,-0.99,0.982,0,,,,,,,,,0.251,-0.59,0.726,0,,,,
54808,20180511,-88.37,40.05,0.24,-0.61,0.786,0,0.258,-0.62,0.857,0,0.238,-0.97,0.982,0,,,,,,,,,0.249,-0.61,0.869,0,,,,
54808,20180512,-88.37,40.05,0.233,-0.65,0.929,0,0.259,-0.62,0.857,0,0.238,-0.96,0.982,0,,,,,,,,,0.246,-0.64,0.958,0,,,,
54808,20180513,-88.37,40.05,0.229,-0.68,1,0,0.258,-0.64,0.857,0,0.237,-0.96,0.982,0,,,,,,,,,0.243,-0.66,0.958,0,,,,
54808,20180514,-88.37,40.05,0.225,-0.7,1,0,0.257,-0.66,0.857,0,0.237,-0.96,0.982,0,,,,,,,,,0.241,-0.69,0.958,0,,,,
54808,20180515,-88.37,40.05,0.223,-0.72,1,0,0.255,-0.67,0.857,0,0.235,-0.96,0.982,0,,,,,,,,,0.239,-0.7,0.958,0,,,,
54808,20180516,-88.37,40.05,0.222,-0.72,1,0,0.254,-0.69,0.857,0,0.235,-0.96,0.982,0,,,,,,,,,0.238,-0.71,0.958,0,,,,
54808,20180517,-88.37,40.05,0.218,-0.75,1,0,0.247,-0.74,0.929,0,0.23,-0.99,1,0,,,,,,,,,0.232,-0.74,1,0,,,,
54808,20180518,-88.37,40.05,0.209,-0.79,1,0,0.238,-0.81,1,0,0.225,-1.03,1,0,,,,,,,,,0.224,-0.8,1,0,,,,
54808,20180519,-88.37,40.05,0.203,-0.82,1,0,0.232,-0.86,1,0,0.222,-1.05,1,0,,,,,,,,,0.218,-0.83,1,0,,,,
54808,20180520,-88.37,40.05,0.198,-0.84,1,0,0.228,-0.89,1,0,0.22,-1.06,1,0,,,,,,,,,0.213,-0.86,1,0,,,,
54808,20180521,-88.37,40.05,0.194,-0.86,1,0,0.225,-0.9,1,0,0.218,-1.07,1,0,,,,,,,,,0.209,-0.87,1,0,,,,
54808,20180522,-88.37,40.05,0.191,-0.87,1,0,0.223,-0.91,1,0,0.217,-1.07,1,0,,,,,,,,,0.207,-0.88,1,0,,,,
54808,20180523,-88.37,40.05,0.189,-0.87,1,0,0.222,-0.91,1,0,0.219,-1.06,1,0,,,,,,,,,0.206,-0.88,1,0,,,,
54808,20180524,-88.37,40.05,0.187,-0.88,1,0,0.221,-0.91,1,0,0.221,-1.04,1,0,,,,,,,,,0.204,-0.88,1,0,,,,
54808,20180525,-88.37,40.05,0.184,-0.88,1,0,0.22,-0.9,1,0,0.224,-1.02,1,0,,,,,,,,,0.202,-0.88,1,0,,,,
54808,20180526,-88.37,40.05,0.191,-0.82,0.933,0,0.226,-0.84,0.933,0,0.23,-0.96,0.97,0,,,,,,,,,0.208,-0.82,0.933,0,,,,
54808,20180527,-88.37,40.05,0.206,-0.71,0.788,0,0.236,-0.74,0.788,0,0.24,-0.87,0.97,0,,,,,,,,,0.221,-0.71,0.788,0,,,,
54808,20180528,-88.37,40.05,0.218,-0.62,0.642,0,0.243,-0.65,0.661,0,0.249,-0.79,0.97,0,0.264,-2.01,1,0,,,,,0.23,-0.62,0.642,0,,,,
54808,20180529,-88.37,40.05,0.227,-0.53,0.497,0,0.248,-0.58,0.63,0,0.257,-0.71,0.97,0,0.263,-1.95,1,0,,,,,0.237,-0.55,0.588,0,,,,
54808,20180530,-88.37,40.05,0.235,-0.46,0.363,0,0.251,-0.53,0.625,0,0.261,-0.66,0.97,0,0.262,-1.89,1,0,,,,,0.243,-0.49,0.554,0,,,,
54808,20180531,-88.37,40.05,0.252,-0.32,0.22,0,0.261,-0.42,0.518,0,0.268,-0.58,0.875,0,0.26,-1.83,1,0,,,,,0.257,-0.37,0.411,0,,,,
54808,20180601,-88.37,40.05,0.276,-0.15,0.077,0.077,0.275,-0.29,0.375,0,0.278,-0.47,0.732,0,0.261,-1.74,1,0,,,,,0.275,-0.21,0.268,0.018,,,,
54808,20180602,-88.37,40.05,0.29,-0.04,0,0.077,0.281,-0.22,0.298,0,0.283,-0.41,0.619,0,0.263,-1.65,1,0,,,,,0.286,-0.12,0.19,0.018,,,,
54808,20180603,-88.37,40.05,0.299,0.03,0,0.149,0.285,-0.18,0.298,0.012,0.289,-0.33,0.476,0.018,0.274,-1.45,0.928,0.03,,,,,0.292,-0.07,0.19,0.083,,,,
54808,20180604,-88.37,40.05,0.31,0.12,0,0.22,0.292,-0.11,0.28,0.012,0.299,-0.23,0.333,0.018,0.292,-1.18,0.786,0.03,,,,,0.301,0.01,0.19,0.083,,,,
54808,20180605,-88.37,40.05,0.321,0.19,0,0.22,0.298,-0.05,0.167,0.012,0.309,-0.13,0.19,0.018,0.308,-0.92,0.643,0.03,,,,,0.31,0.08,0.101,0.083,,,,
54808,20180606,-88.37,40.05,0.328,0.25,0,0.22,0.303,0,0.036,0.012,0.319,-0.03,0.048,0.018,0.324,-0.7,0.5,0.03,,,,,0.316,0.14,0,0.083,,,,
54808,20180607,-88.37,40.05,0.325,0.24,0,0.22,0.3,-0.01,0,0.012,0.323,0.02,0,0.018,0.338,-0.49,0.357,0.03,,,,,0.312,0.12,0,0.083,,,,
54808,20180608,-88.37,40.05,0.313,0.18,0,0.143,0.291,-0.06,0,0.012,0.323,0.03,0,0.018,0.351,-0.3,0.214,0.03,,,,,0.302,0.06,0,0.065,,,,
54808,20180609,-88.37,40.05,0.299,0.1,0,0.143,0.283,-0.11,0,0.012,0.323,0.04,0,0.018,0.364,-0.13,0.071,0.03,,,,,0.291,0,0,0.065,,,,
54808,20180610,-88.37,40.05,0.291,0.05,0,0.071,0.277,-0.14,0,0,0.324,0.06,0,0.006,0.368,-0.06,0,0,,,,,0.284,-0.04,0,0,,,,
54808,20180611,-88.37,40.05,0.297,0.09,0,0.137,0.28,-0.12,0,0.03,0.329,0.1,0,0.119,0.37,-0.03,0,0.095,,,,,0.289,-0.01,0,0.095,,,,
54808,20180612,-88.37,40.05,0.309,0.16,0,0.28,0.29,-0.06,0,0.083,0.336,0.14,0,0.232,0.375,0.02,0,0.238,,,,,0.299,0.05,0,0.238,,,,
54808,20180613,-88.37,40.05,0.325,0.26,0,0.423,0.305,0.05,0,0.226,0.344,0.2,0,0.369,0.382,0.09,0,0.381,,,,,0.315,0.15,0,0.381,,,,
54808,20180614,-88.37,40.05,0.34,0.35,0,0.565,0.321,0.14,0,0.286,0.353,0.27,0,0.417,0.388,0.15,0,0.524,,,,,0.33,0.25,0,0.494,,,,
54808,20180615,-88.37,40.05,0.354,0.42,0,0.613,0.334,0.22,0,0.286,0.362,0.33,0,0.423,0.393,0.19,0,0.643,,,,,0.344,0.33,0,0.494,,,,
54808,20180616,-88.37,40.05,0.367,0.5,0,0.613,0.346,0.3,0,0.286,0.37,0.39,0,0.423,0.397,0.24,0,0.708,,,,,0.356,0.4,0,0.494,,,,
54808,20180617,-88.37,40.05,0.37,0.52,0,0.613,0.352,0.34,0,0.286,0.372,0.4,0,0.417,0.402,0.28,0,0.738,,,,,0.361,0.43,0,0.494,,,,
54808,20180618,-88.37,40.05,0.356,0.44,0,0.476,0.346,0.31,0,0.256,0.366,0.36,0,0.304,0.401,0.28,0,0.679,,,,,0.351,0.37,0,0.399,,,,
54808,20180619,-88.37,40.05,0.337,0.33,0,0.333,0.335,0.24,0,0.202,0.36,0.32,0,0.19,0.399,0.26,0,0.571,,,,,0.336,0.28,0,0.256,,,,
54808,20180620,-88.37,40.05,0.326,0.28,0,0.274,0.326,0.19,0,0.131,0.355,0.29,0,0.107,0.397,0.25,0,0.512,,,,,0.326,0.23,0,0.185,,,,
54808,20180621,-88.37,40.05,0.325,0.28,0,0.274,0.325,0.19,0,0.167,0.354,0.28,0,0.083,0.398,0.26,0,0.512,,,,,0.325,0.23,0,0.214,,,,
54808,20180622,-88.37,40.05,0.34,0.38,0,0.369,0.34,0.29,0,0.31,0.365,0.36,0,0.22,0.41,0.36,0,0.536,,,,,0.34,0.34,0,0.357,,,,
54808,20180623,-88.37,40.05,0.354,0.48,0,0.512,0.354,0.39,0,0.452,0.378,0.45,0,0.363,0.43,0.52,0,0.613,,,,,0.354,0.44,0,0.5,,,,
54808,20180624,-88.37,40.05,0.367,0.56,0,0.655,0.366,0.47,0,0.595,0.385,0.51,0,0.506,0.436,0.57,0,0.726,,,,,0.367,0.53,0,0.643,,,,
54808,20180625,-88.37,40.05,0.381,0.65,0,0.798,0.378,0.55,0,0.738,0.391,0.55,0,0.649,0.441,0.61,0,0.833,,,,,0.379,0.62,0,0.786,,,,
54808,20180626,-88.37,40.05,0.395,0.75,0,0.94,0.39,0.63,0,0.88,0.397,0.6,0,0.784,0.447,0.67,0,0.94,,,,,0.393,0.72,0,0.928,,,,
54808,20180627,-88.37,40.05,0.406,0.82,0,1,0.4,0.7,0,0.952,0.402,0.65,0,0.874,0.453,0.72,0,1,,,,,0.403,0.8,0,1,,,,
54808,20180628,-88.37,40.05,0.408,0.84,0,1,0.403,0.73,0,1,0.404,0.67,0,0.994,0.458,0.77,0,1,,,,,0.406,0.83,0,1,,,,
54808,20180629,-88.37,40.05,0.396,0.77,0,1,0.391,0.67,0,1,0.395,0.62,0,0.994,0.452,0.72,0,1,,,,,0.393,0.76,0,1,,,,
54808,20180630,-88.37,40.05,0.384,0.7,0,1,0.381,0.61,0,1,0.385,0.56,0,0.994,0.438,0.62,0,1,,,,,0.383,0.69,0,1,,,,
54808,20180701,-88.37,40.05,0.373,0.64,0,0.868,0.373,0.56,0,0.88,0.38,0.54,0,0.97,0.436,0.61,0,1,,,,,0.373,0.63,0,0.886,,,,
54808,20180702,-88.37,40.05,0.362,0.57,0,0.725,0.364,0.5,0,0.737,0.377,0.53,0,0.88,0.435,0.61,0,1,,,,,0.363,0.57,0,0.743,,,,
54808,20180703,-88.37,40.05,0.354,0.52,0,0.583,0.356,0.45,0,0.595,0.375,0.52,0,0.786,0.432,0.59,0,0.988,,,,,0.355,0.52,0,0.601,,,,
54808,20180704,-88.37,40.05,0.338,0.42,0,0.44,0.342,0.36,0,0.452,0.37,0.48,0,0.685,0.427,0.54,0,0.982,,,,,0.34,0.41,0,0.458,,,,
54808,20180705,-88.37,40.05,0.322,0.32,0,0.298,0.33,0.27,0,0.31,0.366,0.46,0,0.571,0.422,0.5,0,0.952,,,,,0.326,0.32,0,0.315,,,,
54808,20180706,-88.37,40.05,0.321,0.31,0,0.244,0.326,0.24,0,0.226,0.367,0.46,0,0.53,0.423,0.49,0,0.952,,,,,0.323,0.29,0,0.262,,,,
54808,20180707,-88.37,40.05,0.324,0.32,0,0.202,0.324,0.23,0,0.101,0.368,0.47,0,0.512,0.421,0.47,0,0.94,,,,,0.324,0.29,0,0.173,,,,
54808,20180708,-88.37,40.05,0.325,0.32,0,0.19,0.323,0.22,0,0.077,0.368,0.47,0,0.44,0.42,0.46,0,0.905,,,,,0.324,0.28,0,0.143,,,,
54808,20180709,-88.37,40.05,0.324,0.31,0,0.19,0.322,0.21,0,0.077,0.367,0.47,0,0.417,0.422,0.46,0,0.905,,,,,0.323,0.28,0,0.143,,,,
54808,20180710,-88.37,40.05,0.321,0.29,0,0.19,0.32,0.2,0,0.077,0.367,0.47,0,0.417,0.422,0.45,0,0.881,,,,,0.32,0.26,0,0.143,,,,
54808,20180711,-88.37,40.05,0.326,0.33,0,0.28,0.323,0.22,0,0.077,0.369,0.5,0,0.476,0.422,0.44,0,0.845,,,,,0.325,0.29,0,0.22,,,,
54808,20180712,-88.37,40.05,0.334,0.38,0,0.321,0.326,0.25,0,0.077,0.37,0.51,0,0.494,0.422,0.43,0,0.821,,,,,0.33,0.33,0,0.22,,,,
54808,20180713,-88.37,40.05,0.323,0.33,0,0.232,0.319,0.21,0,0.018,0.366,0.48,0,0.393,0.419,0.41,0,0.804,,,,,0.321,0.29,0,0.131,,,,
54808,20180714,-88.37,40.05,0.307,0.25,0,0.131,0.309,0.16,0,0,0.362,0.45,0,0.304,0.418,0.4,0,0.78,,,,,0.308,0.22,0,0.077,,,,
54808,20180715,-88.37,40.05,0.311,0.3,0,0.256,0.312,0.19,0,0.119,0.363,0.48,0,0.381,0.417,0.4,0,0.762,,,,,0.311,0.26,0,0.202,,,,
54808,20180716,-88.37,40.05,0.33,0.44,0,0.399,0.327,0.33,0,0.25,0.372,0.58,0,0.488,0.424,0.46,0,0.714,,,,,0.328,0.4,0,0.345,,,,
54808,20180717,-88.37,40.05,0.348,0.58,0,0.542,0.343,0.47,0,0.393,0.38,0.66,0,0.589,0.44,0.6,0,0.75,,,,,0.346,0.54,0,0.488,,,,
54808,20180718,-88.37,40.05,0.355,0.64,0,0.595,0.351,0.56,0,0.536,0.382,0.7,0,0.631,0.441,0.62,0,0.762,,,,,0.353,0.62,0,0.554,,,,
54808,20180719,-88.37,40.05,0.357,0.68,0,0.696,0.357,0.62,0,0.679,0.384,0.73,0,0.726,0.442,0.64,0,0.792,,,,,0.357,0.66,0,0.696,,,,
54808,20180720,-88.37,40.05,0.362,0.72,0,0.75,0.362,0.68,0,0.78,0.386,0.77,0,0.869,0.44,0.63,0,0.756,,,,,0.362,0.71,0,0.756,,,,
54808,20180721,-88.37,40.05,0.367,0.77,0,0.75,0.368,0.74,0,0.78,0.388,0.8,0,0.976,0.436,0.61,0,0.714,,,,,0.367,0.76,0,0.756,,,,
54808,20180722,-88.37,40.05,0.357,0.71,0,0.625,0.363,0.71,0,0.661,0.386,0.79,0,0.982,0.435,0.61,0,0.738,,,,,0.36,0.72,0,0.631,,,,
54808,20180723,-88.37,40.05,0.334,0.58,0,0.482,0.345,0.59,0,0.53,0.376,0.71,0,0.958,0.423,0.53,0,0.732,,,,,0.34,0.59,0,0.488,,,,
54808,20180724,-88.37,40.05,0.314,0.47,0,0.339,0.329,0.48,0,0.387,0.366,0.64,0,0.917,0.403,0.38,0,0.661,,,,,0.321,0.47,0,0.345,,,,
54808,20180725,-88.37,40.05,0.296,0.37,0,0.196,0.315,0.38,0,0.244,0.36,0.6,0,0.804,0.4,0.36,0,0.655,,,,,0.306,0.37,0,0.202,,,,
54808,20180726,-88.37,40.05,0.282,0.29,0,0.054,0.303,0.31,0,0.101,0.356,0.57,0,0.702,0.397,0.35,0,0.643,,,,,0.293,0.28,0,0.06,,,,
54808,20180727,-88.37,40.05,0.27,0.22,0,0,0.294,0.24,0,0,0.35,0.54,0,0.56,0.397,0.36,0,0.649,,,,,0.282,0.22,0,0,,,,
54808,20180728,-88.37,40.05,0.259,0.17,0,0,0.285,0.19,0,0,0.345,0.51,0,0.417,0.397,0.37,0,0.673,,,,,0.272,0.16,0,0,,,,
54808,20180729,-88.37,40.05,0.25,0.12,0,0,0.277,0.15,0,0,0.339,0.46,0,0.286,0.395,0.36,0,0.649,,,,,0.263,0.1,0,0,,,,
54808,20180730,-88.37,40.05,0.251,0.15,0,0.095,0.277,0.16,0,0.024,0.336,0.45,0,0.196,0.394,0.36,0,0.655,,,,,0.264,0.12,0,0.042,,,,
54808,20180731,-88.37,40.05,0.265,0.27,0,0.238,0.288,0.27,0,0.167,0.337,0.47,0,0.238,0.396,0.39,0,0.702,,,,,0.277,0.24,0,0.185,,,,
54808,20180801,-88.37,40.05,0.279,0.39,0,0.381,0.298,0.37,0,0.31,0.338,0.49,0,0.351,0.4,0.43,0,0.726,,,,,0.288,0.35,0,0.327,,,,
54808,20180802,-88.37,40.05,0.291,0.5,0,0.524,0.307,0.46,0,0.452,0.339,0.5,0,0.452,0.399,0.43,0,0.726,,,,,0.299,0.46,0,0.47,,,,
54808,20180803,-88.37,40.05,0.302,0.6,0,0.667,0.315,0.54,0,0.595,0.341,0.53,0,0.577,0.398,0.43,0,0.744,,,,,0.308,0.56,0,0.613,,,,
54808,20180804,-88.37,40.05,0.312,0.7,0,0.81,0.321,0.6,0,0.679,0.345,0.57,0,0.708,0.395,0.43,0,0.762,,,,,0.316,0.64,0,0.756,,,,
54808,20180805,-88.37,40.05,0.32,0.78,0,0.917,0.327,0.67,0,0.696,0.348,0.61,0,0.827,0.394,0.43,0,0.738,,,,,0.323,0.72,0,0.792,,,,
54808,20180806,-88.37,40.05,0.315,0.76,0,0.821,0.324,0.66,0,0.673,0.35,0.64,0,0.946,0.393,0.43,0,0.738,,,,,0.32,0.71,0,0.75,,,,
54808,20180807,-88.37,40.05,0.297,0.64,0,0.679,0.31,0.56,0,0.53,0.349,0.63,0,0.935,0.389,0.41,0,0.702,,,,,0.304,0.6,0,0.607,,,,
54808,20180808,-88.37,40.05,0.281,0.53,0,0.536,0.299,0.47,0,0.387,0.347,0.62,0,0.863,0.384,0.39,0,0.685,,,,,0.29,0.5,0,0.464,,,,
54808,20180809,-88.37,40.05,0.266,0.43,0,0.393,0.288,0.39,0,0.244,0.344,0.6,0,0.78,0.38,0.36,0,0.641,,,,,0.277,0.41,0,0.321,,,,
54808,20180810,-88.37,40.05,0.253,0.34,0,0.25,0.278,0.32,0,0.101,0.341,0.58,0,0.69,0.376,0.35,0,0.617,,,,,0.266,0.32,0,0.179,,,,
54808,20180811,-88.37,40.05,0.241,0.26,0,0.107,0.27,0.26,0,0.018,0.335,0.53,0,0.56,0.373,0.35,0,0.594,,,,,0.255,0.25,0,0.036,,,,
54808,20180812,-88.37,40.05,0.23,0.18,0,0,0.262,0.2,0,0,0.328,0.48,0,0.44,0.369,0.35,0,0.623,,,,,0.246,0.19,0,0,,,,
54808,20180813,-88.37,40.05,0.222,0.12,0,0,0.255,0.14,0,0,0.319,0.4,0,0.298,0.365,0.35,0,0.611,,,,,0.238,0.13,0,0,,,,
54808,20180814,-88.37,40.05,0.214,0.07,0,0,0.248,0.1,0,0,0.308,0.31,0,0.167,0.36,0.35,0,0.621,,,,,0.231,0.09,0,0,,,,
54808,20180815,-88.37,40.05,0.207,0.02,0,0,0.242,0.05,0,0,0.299,0.23,0,0.095,0.354,0.3,0,0.524,,,,,0.224,0.04,0,0,,,,
54808,20180816,-88.37,40.05,0.207,0.04,0,0.071,0.239,0.05,0,0,0.297,0.21,0,0.107,0.356,0.31,0,0.632,,,,,0.223,0.05,0,0.054,,,,
54808,20180817,-88.37,40.05,0.214,0.12,0,0.214,0.24,0.06,0,0,0.301,0.26,0,0.214,0.361,,,,,,,,0.227,0.1,0,0.083,,,,
54808,20180818,-88.37,40.05,0.229,0.26,0,0.357,0.243,0.11,0,0,0.309,0.33,0,0.357,0.37,,,,,,,,0.236,0.2,0,0.226,,,,
54808,20180819,-88.37,40.05,0.241,0.38,0,0.5,0.246,0.15,0,0,0.318,0.41,0,0.5,0.38,,,,,,,,0.244,0.28,0,0.369,,,,
54808,20180820,-88.37,40.05,0.252,0.49,0,0.643,0.249,0.18,0,0,0.327,0.5,0,0.643,0.388,,,,,,,,0.251,0.36,0,0.399,,,,
54808,20180821,-88.37,40.05,0.276,0.71,0,0.786,0.263,0.31,0,0.119,0.341,0.63,0,0.786,0.403,,,,,,,,0.27,0.54,0,0.542,,,,
54808,20180822,-88.37,40.05,0.301,0.92,0,0.929,0.281,0.47,0,0.262,0.356,0.77,0,0.929,0.415,,,,,,,,0.291,0.74,0,0.685,,,,
54808,20180823,-88.37,40.05,0.315,1.05,0,1,0.293,0.58,0,0.405,0.363,0.84,0,1,0.422,,,,,,,,0.304,0.86,0,0.774,,,,
54808,20180824,-88.37,40.05,0.322,1.09,0,1,0.301,0.65,0,0.548,0.364,0.85,0,1,0.425,,,,,,,,0.311,0.92,0,0.887,,,,
54808,20180825,-88.37,40.05,0.33,1.13,0,1,0.313,0.74,0,0.69,0.366,0.86,0,1,0.426,,,,,,,,0.321,0.99,0,0.887,,,,
54808,20180826,-88.37,40.05,0.34,1.19,0,1,0.324,0.83,0,0.833,0.368,0.87,0,1,0.422,,,,,,,,0.332,1.06,0,0.887,,,,
54808,20180827,-88.37,40.05,0.35,1.25,0,1,0.335,0.91,0,0.976,0.371,0.88,0,1,0.419,,,,,,,,0.343,1.13,0,1,,,,
54808,20180828,-88.37,40.05,0.346,1.19,0,1,0.333,0.88,0,0.994,0.369,0.85,0,1,0.412,,,,,,,,0.339,1.08,0,1,,,,
54808,20180829,-88.37,40.05,0.337,1.1,0,1,0.326,0.8,0,0.863,0.366,0.82,0,1,0.406,,,,,,,,0.332,0.99,0,0.964,,,,
54808,20180830,-88.37,40.05,0.333,1.05,0,1,0.32,0.74,0,0.72,0.364,0.78,0,1,0.403,,,,,,,,0.327,0.94,0,0.946,,,,
54808,20180831,-88.37,40.05,0.331,1.01,0,1,0.315,0.69,0,0.577,0.363,0.76,0,0.935,0.399,,,,,,,,0.323,0.89,0,0.804,,,,
54808,20180901,-88.37,40.05,0.319,0.91,0,0.988,0.305,0.6,0,0.435,0.358,0.7,0,0.798,0.393,,,,,,,,0.312,0.79,0,0.661,,,,
54808,20180902,-88.37,40.05,0.306,0.81,0,0.857,0.294,0.51,0,0.292,0.353,0.65,0,0.655,0.393,,,,,,,,0.3,0.7,0,0.518,,,,
54808,20180903,-88.37,40.05,0.295,0.72,0,0.714,0.285,0.44,0,0.149,0.348,0.61,0,0.512,0.393,,,,,,,,0.29,0.62,0,0.375,,,,
54808,20180904,-88.37,40.05,0.284,0.65,0,0.571,0.276,0.37,0,0.012,0.343,0.56,0,0.369,0.392,,,,,,,,0.28,0.55,0,0.232,,,,
54808,20180905,-88.37,40.05,0.276,0.59,0,0.429,0.268,0.31,0,0,0.337,0.52,0,0.226,0.388,,,,,,,,0.272,0.49,0,0.125,,,,
54808,20180906,-88.37,40.05,0.265,0.51,0,0.286,0.261,0.26,0,0,0.333,0.48,0,0.083,0.384,,,,,,,,0.263,0.42,0,0,,,,
54808,20180907,-88.37,40.05,0.257,0.46,0,0.167,0.256,0.22,0,0,0.328,0.44,0,0.03,0.383,,,,,,,,0.256,0.37,0,0.018,,,,
54808,20180908,-88.37,40.05,0.278,0.61,0,0.179,0.271,0.31,0,0.113,0.338,0.52,0,0.167,0.404,,,,,,,,0.274,0.5,0,0.161,,,,
54808,20180909,-88.37,40.05,0.301,0.77,0,0.31,0.29,0.43,0,0.256,0.349,0.6,0,0.31,0.428,,,,,,,,0.295,0.64,0,0.304,,,,
54808,20180910,-88.37,40.05,0.321,0.91,0,0.452,0.307,0.54,0,0.399,0.358,0.66,0,0.452,0.439,,,,,,,,0.314,0.77,0,0.446,,,,
54808,20180911,-88.37,40.05,0.341,1.05,0,0.595,0.324,0.64,0,0.542,0.366,0.73,0,0.595,0.444,,,,,,,,0.332,0.89,0,0.589,,,,
54808,20180912,-88.37,40.05,0.36,1.18,0,0.738,0.34,0.74,0,0.685,0.375,0.8,0,0.738,0.452,,,,,,,,0.35,1.01,0,0.732,,,,
54808,20180913,-88.37,40.05,0.378,1.31,0,0.881,0.356,0.83,0,0.827,0.383,0.87,0,0.881,0.457,,,,,,,,0.367,1.11,0,0.875,,,,
54808,20180914,-88.37,40.05,0.391,1.4,0,1,0.37,0.91,0,0.97,0.391,0.94,0,1,0.458,,,,,,,,0.38,1.19,0,1,,,,
54808,20180915,-88.37,40.05,0.373,1.27,0,1,0.361,0.84,0,0.881,0.384,0.89,0,1,0.439,,,,,,,,0.367,1.08,0,1,,,,
54808,20180916,-88.37,40.05,0.353,1.12,0,1,0.348,0.73,0,0.738,0.376,0.83,0,1,0.414,,,,,,,,0.351,0.94,0,0.905,,,,
54808,20180917,-88.37,40.05,0.337,0.99,0,1,0.335,0.64,0,0.595,0.37,0.79,0,1,0.405,,,,,,,,0.336,0.81,0,0.762,,,,
54808,20180918,-88.37,40.05,0.321,0.87,0,0.952,0.323,0.54,0,0.452,0.365,0.75,0,1,0.399,,,,,,,,0.322,0.7,0,0.619,,,,
54808,20180919,-88.37,40.05,0.305,0.74,0,0.827,0.31,0.45,0,0.31,0.359,0.71,0,0.982,0.394,,,,,,,,0.308,0.58,0,0.476,,,,
54808,20180920,-88.37,40.05,0.291,0.63,0,0.685,0.298,0.36,0,0.167,0.354,0.67,0,0.929,0.391,,,,,,,,0.295,0.48,0,0.333,,,,
54808,20180921,-88.37,40.05,0.278,0.53,0,0.542,0.287,0.28,0,0.024,0.349,0.63,0,0.863,0.387,,,,,,,,0.283,0.39,0,0.19,,,,
54808,20180922,-88.37,40.05,0.268,0.45,0,0.399,0.278,0.21,0,0,0.344,0.59,0,0.72,0.383,,,,,,,,0.273,0.32,0,0.048,,,,
54808,20180923,-88.37,40.05,0.259,0.38,0,0.256,0.269,0.15,0,0,0.339,0.55,0,0.577,0.38,,,,,,,,0.264,0.25,0,0,,,,
54808,20180924,-88.37,40.05,0.25,0.31,0,0.113,0.262,0.1,0,0,0.334,0.5,0,0.435,0.376,,,,,,,,0.256,0.19,0,0,,,,
54808,20180925,-88.37,40.05,0.243,0.25,0,0.018,0.255,0.05,0,0,0.33,0.47,0,0.315,0.373,,,,,,,,0.249,0.14,0,0,,,,
54808,20180926,-88.37,40.05,0.239,0.21,0,0,0.251,0.01,0,0,0.328,0.46,0,0.304,0.373,,,,,,,,0.245,0.1,0,0,,,,
54808,20180927,-88.37,40.05,0.235,0.18,0,0,0.247,-0.02,0,0,0.327,0.44,0,0.262,0.372,,,,,,,,0.241,0.06,0,0,,,,
54808,20180928,-88.37,40.05,0.232,0.15,0,0,0.244,-0.06,0,0,0.325,0.41,0,0.185,0.375,,,,,,,,0.238,0.03,0,0,,,,
54808,20180929,-88.37,40.05,0.229,0.13,0,0,0.241,-0.09,0,0,0.323,0.39,0,0.185,0.376,,,,,,,,0.235,0,0,0,,,,
54808,20180930,-88.37,40.05,0.227,0.11,0,0,0.239,-0.11,0,0,0.321,0.36,0,0.185,0.379,,,,,,,,0.233,-0.03,0,0,,,,
54808,20181001,-88.37,40.05,0.226,0.09,0,0,0.237,-0.14,0,0,0.319,0.33,0,0.185,0.38,,,,,,,,0.231,-0.05,0,0,,,,
54808,20181002,-88.37,40.05,0.224,0.08,0,0,0.235,-0.16,0,0,0.317,0.29,0,0.161,0.381,,,,,,,,0.23,-0.07,0,0,,,,
54808,20181003,-88.37,40.05,0.222,0.05,0,0,0.233,-0.18,0,0,0.312,0.24,0,0.048,0.378,,,,,,,,0.228,-0.09,0,0,,,,
54808,20181004,-88.37,40.05,0.22,0.03,0,0,0.232,-0.21,0,0,0.308,0.19,0,0,0.374,,,,,,,,0.226,-0.11,0,0,,,,
54808,20181005,-88.37,40.05,0.217,0.01,0,0,0.23,-0.23,0,0,0.304,0.14,0,0,0.37,,,,,,,,0.224,-0.13,0,0,,,,
54808,20181006,-88.37,40.05,0.215,-0.02,0,0,0.229,-0.24,0,0,0.3,0.1,0,0,0.366,,,,,,,,0.222,-0.15,0,0,,,,
54808,20181007,-88.37,40.05,0.214,-0.03,0,0,0.229,-0.25,0,0,0.3,0.09,0,0.012,0.364,,,,,,,,0.222,-0.16,0,0,,,,
54808,20181008,-88.37,40.05,0.214,-0.04,0,0,0.229,-0.25,0,0,0.303,0.11,0,0.018,0.366,,,,,,,,0.222,-0.17,0,0,,,,
54808,20181009,-88.37,40.05,0.214,-0.06,0,0,0.229,-0.26,0,0,0.306,0.13,0,0.071,0.366,,,,,,,,0.222,-0.18,0,0,,,,
54808,20181010,-88.37,40.05,0.214,-0.06,0,0,0.229,-0.26,0,0,0.308,0.15,0,0.077,0.369,,,,,,,,0.221,-0.18,0,0,,,,
54808,20181011,-88.37,40.05,0.214,-0.07,0,0,0.229,-0.26,0,0,0.311,0.17,0,0.077,0.373,,,,,,,,0.221,-0.19,0,0,,,,
54808,20181012,-88.37,40.05,0.214,-0.08,0,0,0.229,-0.27,0,0,0.313,0.18,0,0.083,0.378,,,,,,,,0.221,-0.2,0,0,,,,
54808,20181013,-88.37,40.05,0.214,-0.09,0,0,0.229,-0.28,0.006,0,0.315,0.19,0,0.083,0.38,,,,,,,,0.221,-0.21,0,0,,,,
54808,20181014,-88.37,40.05,0.213,-0.1,0,0,0.228,-0.29,0.006,0,0.313,0.16,0,0.071,0.382,,,,,,,,0.22,-0.22,0,0,,,,
54808,20181015,-88.37,40.05,0.212,-0.11,0,0,0.227,-0.31,0.006,0,0.309,0.12,0,0.065,0.38,,,,,,,,0.219,-0.24,0,0,,,,
54808,20181016,-88.37,40.05,0.211,-0.12,0,0,0.226,-0.33,0.006,0,0.305,0.08,0,0.012,0.377,,,,,,,,0.218,-0.25,0,0,,,,
54808,20181017,-88.37,40.05,0.21,-0.14,0,0,0.224,-0.35,0.113,0,0.303,0.05,0,0.006,0.37,,,,,,,,0.217,-0.27,0,0,,,,
54808,20181018,-88.37,40.05,0.209,-0.16,0,0,0.223,-0.37,0.256,0,0.299,0.01,0,0.006,0.365,,,,,,,,0.216,-0.29,0,0,,,,
54808,20181019,-88.37,40.05,0.208,-0.18,0,0,0.222,-0.39,0.399,0,0.297,-0.02,0,0,0.358,,,,,,,,0.215,-0.31,0.006,0,,,,
54808,20181020,-88.37,40.05,0.207,-0.22,0.018,0,0.221,-0.4,0.536,0,0.295,-0.04,0,0,0.353,,,,,,,,0.214,-0.34,0.149,0,,,,
54808,20181021,-88.37,40.05,0.206,-0.27,0.161,0,0.22,-0.43,0.679,0,0.295,-0.06,0,0,0.347,,,,,,,,0.213,-0.37,0.292,0,,,,
54808,20181022,-88.37,40.05,0.205,-0.32,0.304,0,0.218,-0.46,0.821,0,0.293,-0.08,0,0,0.34,,,,,,,,0.212,-0.41,0.435,0,,,,
54808,20181023,-88.37,40.05,0.204,-0.38,0.446,0,0.217,-0.48,0.964,0,0.291,-0.11,0,0,0.335,,,,,,,,0.21,-0.45,0.577,0,,,,
54808,20181024,-88.37,40.05,0.202,-0.43,0.589,0,0.216,-0.51,1,0,0.29,-0.13,0,0,0.333,,,,,,,,0.209,-0.49,0.72,0,,,,
54808,20181025,-88.37,40.05,0.201,-0.48,0.732,0,0.215,-0.54,1,0,0.288,-0.15,0,0,0.328,,,,,,,,0.208,-0.53,0.863,0,,,,
54808,20181026,-88.37,40.05,0.2,-0.52,0.875,0,0.215,-0.57,1,0,0.287,-0.17,0,0,0.325,,,,,,,,0.207,-0.57,1,0,,,,
54808,20181027,-88.37,40.05,0.201,-0.54,1,0,0.221,-0.55,0.863,0,0.287,-0.18,0,0,0.322,,,,,,,,0.211,-0.57,1,0,,,,
54808,20181028,-88.37,40.05,0.202,-0.56,1,0,0.226,-0.54,0.798,0,0.286,-0.19,0,0,0.319,,,,,,,,0.214,-0.57,1,0,,,,
54808,20181029,-88.37,40.05,0.204,-0.57,1,0,0.231,-0.53,0.798,0,0.286,-0.19,0,0,0.317,,,,,,,,0.218,-0.57,1,0,,,,
54808,20181030,-88.37,40.05,0.205,-0.58,1,0,0.236,-0.53,0.798,0,0.286,-0.2,0,0,0.318,,,,,,,,0.221,-0.57,1,0,,,,
54808,20181031,-88.37,40.05,0.208,-0.59,1,0,0.241,-0.53,0.774,0,0.287,-0.19,0,0,0.316,,,,,,,,0.224,-0.56,0.982,0,,,,
54808,20181101,-88.37,40.05,0.214,-0.57,0.982,0,0.251,-0.48,0.631,0,0.293,-0.14,0,0.012,0.32,,,,,,,,0.233,-0.52,0.839,0,,,,
54808,20181102,-88.37,40.05,0.238,-0.44,0.839,0.083,0.271,-0.34,0.488,0.083,0.302,-0.06,0,0.113,0.33,,,,,,,,0.255,-0.38,0.696,0.083,,,,
54808,20181103,-88.37,40.05,0.261,-0.3,0.696,0.226,0.285,-0.26,0.482,0.107,0.31,0,0,0.226,0.342,,,,,,,,0.273,-0.27,0.554,0.22,,,,
54808,20181104,-88.37,40.05,0.281,-0.17,0.554,0.333,0.299,-0.18,0.405,0.107,0.318,0.07,0,0.244,0.352,,,,,,,,0.29,-0.16,0.411,0.244,,,,
54808,20181105,-88.37,40.05,0.305,-0.02,0.411,0.44,0.315,-0.07,0.262,0.179,0.327,0.14,0,0.321,0.365,,,,,,,,0.31,-0.02,0.268,0.339,,,,
54808,20181106,-88.37,40.05,0.332,0.16,0.268,0.583,0.333,0.06,0.119,0.321,0.337,0.23,0,0.464,0.374,,,,,,,,0.333,0.15,0.125,0.482,,,,
54808,20181107,-88.37,40.05,0.357,0.32,0.125,0.726,0.351,0.18,0,0.446,0.348,0.31,0,0.607,0.388,,,,,,,,0.354,0.3,0,0.625,,,,
54808,20181108,-88.37,40.05,0.376,0.44,0,0.869,0.362,0.26,0,0.47,0.353,0.33,0,0.673,0.397,,,,,,,,0.369,0.4,0,0.768,,,,
54808,20181109,-88.37,40.05,0.379,0.45,0,0.929,0.363,0.25,0,0.423,0.355,0.32,0,0.613,0.398,,,,,,,,0.371,0.41,0,0.827,,,,
54808,20181110,-88.37,40.05,0.384,0.48,0,0.929,0.366,0.27,0,0.542,0.36,0.34,0,0.643,0.401,,,,,,,,0.375,0.44,0,0.833,,,,
54808,20181111,-88.37,40.05,0.388,0.5,0,0.964,0.369,0.28,0,0.607,0.364,0.34,0,0.762,0.405,,,,,,,,0.378,0.46,0,0.952,,,,
54808,20181112,-88.37,40.05,0.387,0.49,0,1,0.369,0.27,0,0.536,0.367,0.33,0,0.744,0.407,,,,,,,,0.378,0.44,0,1,,,,
54808,20181113,-88.37,40.05,0.383,0.45,0,0.994,0.366,0.24,0,0.393,0.368,0.31,0,0.607,0.412,,,,,,,,0.375,0.4,0,0.917,,,,
54808,20181114,-88.37,40.05,0.381,0.42,0,0.964,0.365,0.22,0,0.268,0.368,0.28,0,0.464,0.412,,,,,,,,0.373,0.36,0,0.774,,,,
54808,20181115,-88.37,40.05,0.38,0.41,0,0.952,0.365,0.21,0,0.244,0.369,0.26,0,0.387,0.411,,,,,,,,0.372,0.34,0,0.643,,,,
54808,20181116,-88.37,40.05,0.379,0.4,0,0.946,0.364,0.19,0,0.21,0.369,0.25,0,0.347,0.413,,,,,,,,0.371,0.32,0,0.503,,,,
54808,20181117,-88.37,40.05,0.378,0.39,0,0.946,0.363,0.18,0,0.174,0.368,0.22,0,0.281,0.412,,,,,,,,0.37,0.29,0,0.473,,,,
54808,20181118,-88.37,40.05,0.379,0.4,0,0.945,0.365,0.18,0,0.242,0.368,0.21,0,0.194,0.411,,,,,,,,0.372,0.29,0,0.467,,,,
54808,20181119,-88.37,40.05,0.382,0.42,0,0.945,0.367,0.19,0,0.321,0.369,0.2,0,0.145,0.409,,,,,,,,0.374,0.3,0,0.461,,,,
54808,20181120,-88.37,40.05,0.384,0.43,0,0.952,0.368,0.19,0,0.321,0.37,0.19,0,0.139,0.408,,,,,,,,0.376,0.3,0,0.436,,,,
54808,20181121,-88.37,40.05,0.385,0.43,0,0.897,0.369,0.18,0,0.321,0.37,0.19,0,0.139,0.408,,,,,,,,0.377,0.3,0,0.442,,,,
54808,20181122,-88.37,40.05,0.386,0.42,0,0.768,0.37,0.18,0,0.323,0.37,0.18,0,0.14,0.411,,,,,,,,0.378,0.29,0,0.433,,,,
54808,20181123,-88.37,40.05,0.386,0.41,0,0.636,0.371,0.17,0,0.321,0.371,0.18,0,0.139,0.408,,,,,,,,0.378,0.28,0,0.43,,,,
54808,20181124,-88.37,40.05,0.385,0.39,0,0.564,0.371,0.15,0,0.285,0.371,0.17,0,0.115,0.404,,,,,,,,0.378,0.26,0,0.388,,,,
54808,20181125,-88.37,40.05,0.387,0.39,0,0.569,0.373,0.15,0,0.251,0.372,0.18,0,0.204,0.407,,,,,,,,0.38,0.26,0,0.395,,,,
54808,20181126,-88.37,40.05,0.39,0.41,0,0.569,0.376,0.16,0,0.251,0.374,0.2,0,0.287,0.411,,,,,,,,0.383,0.28,0,0.389,,,,
54808,20181127,-88.37,40.05,0.394,0.43,0,0.569,0.378,0.18,0,0.353,0.375,0.21,0,0.419,0.411,,,,,,,,0.386,0.3,0,0.497,,,,
54808,20181128,-88.37,40.05,0.398,0.46,0,0.653,0.38,0.19,0,0.353,0.377,0.22,0,0.479,0.411,,,,,,,,0.389,0.31,0,0.635,,,,
54808,20181129,-88.37,40.05,0.401,0.48,0,0.792,0.381,0.19,0,0.351,0.377,0.23,0,0.476,0.41,,,,,,,,0.391,0.33,0,0.696,,,,
54808,20181130,-88.37,40.05,0.405,0.51,0,0.895,0.383,0.2,0,0.388,0.379,0.24,0,0.526,0.412,,,,,,,,0.394,0.35,0,0.776,,,,
54808,20181201,-88.37,40.05,0.405,0.5,0,0.887,0.382,0.19,0,0.331,0.379,0.24,0,0.507,0.413,,,,,,,,0.394,0.34,0,0.761,,,,
54808,20181202,-88.37,40.05,0.409,0.53,0,0.887,0.385,0.22,0,0.376,0.381,0.27,0,0.511,0.415,,,,,,,,0.397,0.38,0,0.759,,,,
54808,20181203,-88.37,40.05,0.409,0.5,0,0.887,0.384,0.21,0,0.404,0.381,0.29,0,0.567,0.415,,,,,,,,0.396,0.38,0,0.773,,,,
54808,20181204,-88.37,40.05,0.409,0.49,0,0.887,0.384,0.21,0,0.411,0.381,0.3,0,0.582,0.414,,,,,,,,0.397,0.39,0,0.773,,,,
54808,20181205,-88.37,40.05,0.409,0.46,0,0.857,0.385,0.21,0,0.421,0.382,0.31,0,0.657,0.417,,,,,,,,0.397,0.38,0,0.721,,,,
54808,20181206,-88.37,40.05,0.41,0.44,0,0.786,0.386,0.22,0,0.421,0.383,0.32,0,0.679,0.418,,,,,,,,0.398,0.38,0,0.65,,,,
54808,20181207,-88.37,40.05,0.41,0.43,0,0.748,0.386,0.21,0,0.391,0.383,0.31,0,0.629,0.419,,,,,,,,0.398,0.37,0,0.596,,,,
54808,20181208,-88.37,40.05,0.411,0.43,0,0.789,0.386,0.2,0,0.366,0.383,0.3,0,0.584,0.422,,,,,,,,0.399,0.36,0,0.547,,,,
54808,20181209,-88.37,40.05,0.408,0.36,0,0.642,0.382,0.13,0,0.222,0.379,0.25,0,0.438,0.417,,,,,,,,0.395,0.28,0,0.401,,,,
54808,20181210,-88.37,40.05,0.407,0.34,0,0.58,0.379,0.09,0,0.117,0.377,0.21,0,0.29,0.412,,,,,,,,0.393,0.25,0,0.297,,,,
54808,20181211,-88.37,40.05,,,,,0.378,0.06,0,0.006,0.374,0.17,0,0.142,0.41,,,,,,,,,,,,,,,
54808,20181212,-88.37,40.05,,,,,0.377,0.05,0,0,0.372,0.13,0,0.018,0.408,,,,,,,,,,,,,,,
54808,20181213,-88.37,40.05,,,,,0.377,0.03,0,0,0.371,0.1,0,0,0.406,,,,,,,,,,,,,,,
54808,20181214,-88.37,40.05,,,,,0.378,0.04,0,0.065,0.372,0.11,0,0.06,0.405,,,,,,,,,,,,,,,
54808,20181215,-88.37,40.05,,,,,0.382,0.08,0,0.155,0.374,0.14,0,0.196,0.406,,,,,,,,,,,,,,,
54808,20181216,-88.37,40.05,,,,,0.385,0.11,0,0.161,0.375,0.16,0,0.232,0.408,,,,,,,,,,,,,,,
54808,20181217,-88.37,40.05,,,,,0.387,0.14,0,0.161,0.376,0.17,0,0.232,0.41,,,,,,,,,,,,,,,
54808,20181218,-88.37,40.05,0.412,0.19,0,0.237,0.388,0.13,0,0.161,0.377,0.17,0,0.232,0.409,,,,,,,,0.401,0.15,0,0.173,,,,
54808,20181219,-88.37,40.05,0.412,0.18,0,0.202,0.389,0.14,0,0.173,0.377,0.18,0,0.232,0.408,,,,,,,,0.401,0.14,0,0.147,,,,
54808,20181220,-88.37,40.05,0.411,0.16,0,0.196,0.39,0.15,0,0.173,0.378,0.18,0,0.232,0.409,,,,,,,,0.401,0.14,0,0.143,,,,
54808,20181221,-88.37,40.05,0.412,0.16,0,0.19,0.392,0.17,0,0.173,0.379,0.19,0,0.22,0.406,,,,,,,,0.402,0.14,0,0.143,,,,
54808,20181222,-88.37,40.05,0.411,0.15,0,0.131,0.393,0.18,0,0.208,0.379,0.19,0,0.22,0.404,,,,,,,,0.402,0.15,0,0.143,,,,
54808,20181223,-88.37,40.05,0.41,0.14,0,0.125,0.393,0.18,0,0.22,0.379,0.19,0,0.232,0.403,,,,,,,,0.402,0.14,0,0.137,,,,
54808,20181224,-88.37,40.05,0.411,0.14,0,0.155,0.394,0.19,0,0.22,0.379,0.19,0,0.232,0.402,,,,,,,,0.402,0.15,0,0.137,,,,
54808,20181225,-88.37,40.05,0.411,0.14,0,0.161,0.394,0.19,0,0.22,0.379,0.19,0,0.232,0.404,,,,,,,,0.403,0.14,0,0.137,,,,
54808,20181226,-88.37,40.05,0.41,0.12,0,0.161,0.394,0.18,0,0.208,0.379,0.19,0,0.232,0.405,,,,,,,,0.402,0.13,0,0.137,,,,
54808,20181227,-88.37,40.05,0.411,0.12,0,0.161,0.394,0.18,0,0.208,0.379,0.19,0,0.232,0.405,,,,,,,,0.402,0.13,0,0.137,,,,
54808,20181228,-88.37,40.05,0.415,0.17,0,0.226,0.396,0.2,0,0.28,0.381,0.24,0,0.321,0.411,,,,,,,,0.406,0.18,0,0.208,,,,
54808,20181229,-88.37,40.05,0.414,0.17,0,0.214,0.396,0.2,0,0.256,0.381,0.23,0,0.31,0.416,,,,,,,,0.405,0.17,0,0.185,,,,
54808,20181230,-88.37,40.05,0.415,0.16,0,0.214,0.397,0.2,0,0.268,0.381,0.23,0,0.298,0.416,,,,,,,,0.406,0.17,0,0.185,,,,
54808,20181231,-88.37,40.05,0.417,0.16,0,0.189,0.398,0.21,0,0.292,0.381,0.24,0,0.321,0.417,,,,,,,,0.407,0.17,0,0.189,,,,
54808,20190101,-88.37,40.05,0.427,0.25,0,0.272,0.405,0.34,0,0.435,0.392,0.48,0,0.464,0.437,,,,,,,,0.416,0.25,0,0.268,,,,
54808,20190102,-88.37,40.05,0.432,0.32,0,0.358,0.41,0.41,0,0.577,0.398,0.61,0,0.607,0.459,,,,,,,,0.421,0.31,0,0.356,,,,
54808,20190103,-88.37,40.05,0.437,0.39,0,0.436,0.413,0.47,0,0.72,0.401,0.68,0,0.75,0.473,,,,,,,,0.425,0.38,0,0.435,,,,
54808,20190104,-88.37,40.05,0.435,0.33,0,0.291,0.411,0.43,0,0.661,0.4,0.64,0,0.696,0.473,,,,,,,,0.423,0.32,0,0.286,,,,
54808,20190105,-88.37,40.05,0.437,0.36,0,0.29,0.41,0.41,0,0.56,0.399,0.61,0,0.571,0.47,,,,,,,,0.423,0.33,0,0.267,,,,
54808,20190106,-88.37,40.05,0.439,0.53,0,0.474,0.409,0.38,0,0.53,0.398,0.61,0,0.536,0.47,,,,,,,,0.424,0.45,0,0.444,,,,
54808,20190107,-88.37,40.05,0.439,0.97,0,1,0.409,0.37,0,0.506,0.398,0.6,0,0.512,0.47,,,,,,,,0.424,0.86,0,1,,,,
54808,20190108,-88.37,40.05,0.432,0.6,0,1,0.403,0.27,0,0.423,0.388,0.37,0,0.375,0.449,,,,,,,,0.418,0.55,0,1,,,,
54808,20190109,-88.37,40.05,0.431,,,,0.401,0.22,0,0.351,0.383,0.25,0,0.232,0.429,,,,,,,,0.416,,,,,,,
54808,20190110,-88.37,40.05,0.43,,,,0.399,0.18,0,0.208,0.381,0.2,0,0.089,0.416,,,,,,,,0.415,,,,,,,
54808,20190111,-88.37,40.05,0.427,,,,0.4,0.2,0,0.262,0.379,0.16,0,0.006,0.413,,,,,,,,0.413,,,,,,,
54808,20190112,-88.37,40.05,0.427,,,,0.401,0.21,0,0.32,0.378,0.13,0,0.006,0.412,,,,,,,,0.413,,,,,,,
54808,20190113,-88.37,40.05,,,,,0.403,0.24,0,0.382,0.377,0.11,0,0.006,0.411,,,,,,,,,,,,,,,
54808,20190114,-88.37,40.05,,,,,0.405,0.26,0,0.475,0.376,0.08,0,0.006,0.41,,,,,,,,,,,,,,,
54808,20190115,-88.37,40.05,,,,,0.405,0.26,0,0.493,0.375,0.05,0,0,0.41,,,,,,,,,,,,,,,
54808,20190116,-88.37,40.05,,,,,0.404,0.27,0,0.49,0.374,0.02,0,0,0.409,,,,,,,,,,,,,,,
54808,20190117,-88.37,40.05,,,,,0.403,0.39,0,0.926,0.373,0,0,0,0.408,,,,,,,,,,,,,,,
54808,20190118,-88.37,40.05,0.422,,,,0.403,0.42,0,1,0.375,0.06,0,0.131,0.409,,,,,,,,0.412,,,,,,,
54808,20190119,-88.37,40.05,0.427,,,,0.404,,,,0.378,0.14,0,0.274,0.41,,,,,,,,0.416,,,,,,,
54808,20190120,-88.37,40.05,0.435,,,,0.406,,,,0.382,0.25,0,0.417,0.413,,,,,,,,0.42,,,,,,,
54808,20190121,-88.37,40.05,0.442,,,,0.407,,,,0.384,0.33,0,0.56,0.414,,,,,,,,0.424,,,,,,,
54808,20190122,-88.37,40.05,0.445,,,,0.409,,,,0.387,0.4,0,0.702,0.412,,,,,,,,0.426,,,,,,,
54808,20190123,-88.37,40.05,,,,,0.414,,,,0.391,0.54,0,0.83,0.414,,,,,,,,,,,,,,,
54808,20190124,-88.37,40.05,,,,,0.419,,,,0.4,0.81,0,0.976,0.427,,,,,,,,,,,,,,,
54808,20190125,-88.37,40.05,,,,,,,,,0.402,0.86,0,0.988,0.432,,,,,,,,,,,,,,,
54808,20190126,-88.37,40.05,,,,,,,,,0.401,0.84,0,0.932,0.428,,,,,,,,,,,,,,,
54808,20190127,-88.37,40.05,,,,,,,,,0.4,0.81,0,0.895,0.424,,,,,,,,,,,,,,,
54808,20190128,-88.37,40.05,,,,,,,,,0.401,0.81,0,0.837,0.421,,,,,,,,,,,,,,,
54808,20190129,-88.37,40.05,,,,,,,,,,,,,0.422,,,,,,,,,,,,,,,
54808,20190130,-88.37,40.05,,,,,,,,,,,,,0.418,,,,,,,,,,,,,,,
54808,20190131,-88.37,40.05,,,,,,,,,,,,,0.403,,,,,,,,,,,,,,,
54808,20190201,-88.37,40.05,,,,,,,,,,,,,0.396,,,,,,,,,,,,,,,
54808,20190202,-88.37,40.05,,,,,,,,,,,,,0.393,,,,,,,,,,,,,,,
54808,20190203,-88.37,40.05,,,,,,,,,,,,,0.392,,,,,,,,,,,,,,,
54808,20190204,-88.37,40.05,,,,,,,,,,,,,0.386,,,,,,,,,,,,,,,
54808,20190205,-88.37,40.05,,,,,,,,,,,,,0.378,,,,,,,,,,,,,,,
54808,20190206,-88.37,40.05,,,,,,,,,,,,,0.377,,,,,,,,,,,,,,,
54808,20190207,-88.37,40.05,,,,,,,,,,,,,0.382,,,,,,,,,,,,,,,
54808,20190208,-88.37,40.05,,,,,,,,,,,,,0.394,,,,,,,,,,,,,,,
54808,20190209,-88.37,40.05,,,,,,,,,,,,,0.398,,,,,,,,,,,,,,,
54808,20190210,-88.37,40.05,,,,,,,,,,,,,0.403,,,,,,,,,,,,,,,
54808,20190211,-88.37,40.05,,,,,,,,,,,,,0.41,,,,,,,,,,,,,,,
54808,20190212,-88.37,40.05,,,,,,,,,,,,,0.422,,,,,,,,,,,,,,,
54808,20190213,-88.37,40.05,,,,,,,,,,,,,0.425,,,,,,,,,,,,,,,
54808,20190214,-88.37,40.05,,,,,,,,,,,,,0.423,,,,,,,,,,,,,,,
54808,20190215,-88.37,40.05,,,,,,,,,,,,,0.415,,,,,,,,,,,,,,,
54808,20190216,-88.37,40.05,,,,,,,,,,,,,0.414,,,,,,,,,,,,,,,
54808,20190217,-88.37,40.05,,,,,,,,,,,,,0.414,,,,,,,,,,,,,,,
54808,20190218,-88.37,40.05,,,,,,,,,,,,,0.414,,,,,,,,,,,,,,,
54808,20190219,-88.37,40.05,,,,,,,,,,,,,0.411,,,,,,,,,,,,,,,
54808,20190220,-88.37,40.05,,,,,,,,,,,,,0.408,,,,,,,,,,,,,,,
54808,20190221,-88.37,40.05,,,,,,,,,,,,,0.407,,,,,,,,,,,,,,,
54808,20190222,-88.37,40.05,,,,,,,,,,,,,0.404,,,,,,,,,,,,,,,
54808,20190223,-88.37,40.05,,,,,,,,,,,,,0.404,,,,,,,,,,,,,,,
54808,20190224,-88.37,40.05,,,,,,,,,,,,,0.403,,,,,,,,,,,,,,,
54808,20190225,-88.37,40.05,,,,,,,,,,,,,0.404,,,,,,,,,,,,,,,
54808,20190226,-88.37,40.05,,,,,,,,,,,,,0.406,,,,,,,,,,,,,,,
54808,20190227,-88.37,40.05,,,,,,,,,,,,,0.407,,,,,,,,,,,,,,,
54808,20190228,-88.37,40.05,,,,,,,,,,,,,0.409,,,,,,,,,,,,,,,
54808,20190301,-88.37,40.05,,,,,,,,,,,,,0.411,,,,,,,,,,,,,,,
54808,20190302,-88.37,40.05,,,,,,,,,,,,,0.413,,,,,,,,,,,,,,,
54808,20190303,-88.37,40.05,,,,,,,,,,,,,0.413,,,,,,,,,,,,,,,
54808,20190304,-88.37,40.05,,,,,,,,,,,,,0.412,,,,,,,,,,,,,,,
54808,20190305,-88.37,40.05,,,,,,,,,,,,,0.408,,,,,,,,,,,,,,,
54808,20190306,-88.37,40.05,,,,,,,,,,,,,0.407,,,,,,,,,,,,,,,
54808,20190307,-88.37,40.05,,,,,,,,,,,,,0.406,,,,,,,,,,,,,,,
54808,20190308,-88.37,40.05,,,,,,,,,,,,,0.404,,,,,,,,,,,,,,,
54808,20190309,-88.37,40.05,,,,,,,,,,,,,0.402,,,,,,,,,,,,,,,
54808,20190310,-88.37,40.05,,,,,,,,,,,,,0.41,,,,,,,,,,,,,,,
54808,20190311,-88.37,40.05,,,,,,,,,,,,,0.412,,,,,,,,,,,,,,,
54808,20190312,-88.37,40.05,,,,,,,,,,,,,0.416,,,,,,,,,,,,,,,
54808,20190313,-88.37,40.05,,,,,,,,,,,,,0.417,,,,,,,,,,,,,,,
54808,20190314,-88.37,40.05,,,,,,,,,,,,,0.424,,,,,,,,,,,,,,,
54808,20190315,-88.37,40.05,,,,,,,,,,,,,0.433,,,,,,,,,,,,,,,
54808,20190316,-88.37,40.05,,,,,,,,,,,,,0.437,,,,,,,,,,,,,,,
54808,20190317,-88.37,40.05,0.387,0,0.074,0.222,,,,,,,,,0.433,,,,,,,,,,,,,,,
54808,20190318,-88.37,40.05,0.391,0.08,0.04,0.247,0.369,-0.26,0.137,0.086,,,,,0.432,,,,,,,,0.381,-0.05,0.05,0.086,,,,
54808,20190319,-88.37,40.05,0.389,0.04,0.043,0.226,0.369,-0.26,0.25,0.075,0.379,-0.02,0.204,0.237,0.432,,,,,,,,0.38,-0.07,0.081,0.075,,,,
54808,20190320,-88.37,40.05,0.388,0.04,0.095,0.214,0.365,-0.32,0.351,0.054,0.376,-0.11,0.304,0.185,0.434,,,,,,,,0.377,-0.12,0.185,0.054,,,,
54808,20190321,-88.37,40.05,0.386,-0.01,0.101,0.161,0.362,-0.38,0.363,0.006,0.371,-0.26,0.321,0.054,0.429,,,,,,,,0.374,-0.18,0.19,0.006,,,,
54808,20190322,-88.37,40.05,0.383,-0.06,0.101,0.137,0.359,-0.43,0.363,0,0.369,-0.33,0.327,0,0.425,,,,,,,,0.371,-0.23,0.19,0,,,,
54808,20190323,-88.37,40.05,0.381,-0.11,0.101,0.113,0.358,-0.45,0.435,0,0.368,-0.36,0.345,0,0.423,,,,,,,,0.369,-0.26,0.19,0,,,,
54808,20190324,-88.37,40.05,0.379,-0.14,0.101,0.107,0.356,-0.47,0.571,0,0.367,-0.37,0.435,0,0.421,,,,,,,,0.368,-0.28,0.274,0,,,,
54808,20190325,-88.37,40.05,0.381,-0.1,0.101,0.107,0.359,-0.41,0.542,0,0.369,-0.31,0.405,0,0.421,,,,,,,,0.37,-0.24,0.298,0.018,,,,
54808,20190326,-88.37,40.05,0.383,-0.06,0.089,0.089,0.363,-0.33,0.399,0,0.372,-0.22,0.274,0.03,0.425,,,,,,,,0.373,-0.17,0.244,0.042,,,,
54808,20190327,-88.37,40.05,0.384,-0.02,0.006,0.083,0.366,-0.28,0.262,0,0.374,-0.16,0.155,0.03,0.426,,,,,,,,0.375,-0.13,0.113,0.042,,,,
54808,20190328,-88.37,40.05,0.384,-0.01,0,0.113,0.365,-0.29,0.339,0,0.374,-0.15,0.137,0.03,0.427,,,,,,,,0.374,-0.13,0.107,0.065,,,,
54808,20190329,-88.37,40.05,0.39,0.09,0,0.232,0.37,-0.2,0.339,0.065,0.377,-0.04,0.131,0.125,0.431,,,,,,,,0.38,-0.02,0.107,0.161,,,,
54808,20190330,-88.37,40.05,0.397,0.22,0,0.369,0.376,-0.06,0.268,0.137,0.383,0.13,0.113,0.268,0.44,,,,,,,,0.387,0.11,0.107,0.304,,,,
54808,20190331,-88.37,40.05,0.416,0.51,0,0.506,0.394,0.27,0.125,0.28,0.399,0.56,0.018,0.411,0.454,,,,,,,,0.405,0.44,0.024,0.446,,,,
54808,20190401,-88.37,40.05,0.42,0.57,0,0.607,0.399,0.38,0.095,0.387,0.406,0.74,0,0.554,0.468,,,,,,,,0.41,0.54,0,0.565,,,,
54808,20190402,-88.37,40.05,0.421,0.59,0,0.714,0.4,0.4,0.095,0.387,0.406,0.75,0,0.548,0.468,,,,,,,,0.41,0.55,0,0.595,,,,
54808,20190403,-88.37,40.05,0.423,0.64,0,0.804,0.401,0.44,0.089,0.387,0.407,0.78,0,0.548,0.468,,,,,,,,0.412,0.6,0,0.595,,,,
54808,20190404,-88.37,40.05,0.424,0.67,0,0.774,0.401,0.47,0,0.387,0.407,0.81,0,0.548,0.468,,,,,,,,0.413,0.63,0,0.571,,,,
54808,20190405,-88.37,40.05,0.421,0.62,0,0.702,0.397,0.41,0,0.321,0.404,0.73,0,0.452,0.465,,,,,,,,0.409,0.57,0,0.476,,,,
54808,20190406,-88.37,40.05,0.416,0.56,0,0.661,0.392,0.33,0,0.25,0.4,0.62,0,0.31,0.454,,,,,,,,0.404,0.5,0,0.333,,,,
54808,20190407,-88.37,40.05,0.4,0.34,0,0.518,0.376,0.07,0,0.107,0.386,0.25,0,0.167,0.439,,,,,,,,0.388,0.25,0,0.19,,,,
54808,20190408,-88.37,40.05,0.398,0.29,0,0.423,0.371,-0.01,0,0.042,0.38,0.11,0,0.065,0.423,,,,,,,,0.384,0.18,0,0.101,,,,
54808,20190409,-88.37,40.05,0.399,0.3,0,0.429,0.372,0.02,0,0.107,0.381,0.13,0,0.149,0.421,,,,,,,,0.386,0.19,0,0.173,,,,
54808,20190410,-88.37,40.05,0.4,0.3,0,0.411,0.373,0.04,0,0.119,0.382,0.15,0,0.179,0.42,,,,,,,,0.386,0.21,0,0.196,,,,
54808,20190411,-88.37,40.05,0.403,0.34,0,0.554,0.376,0.11,0,0.226,0.385,0.21,0,0.315,0.42,,,,,,,,0.39,0.26,0,0.339,,,,
54808,20190412,-88.37,40.05,0.407,0.37,0,0.649,0.38,0.17,0,0.262,0.387,0.26,0,0.369,0.42,,,,,,,,0.393,0.3,0,0.458,,,,
54808,20190413,-88.37,40.05,0.409,0.39,0,0.69,0.383,0.22,0,0.387,0.39,0.3,0,0.506,0.426,,,,,,,,0.396,0.33,0,0.601,,,,
54808,20190414,-88.37,40.05,0.411,0.41,0,0.78,0.386,0.27,0,0.423,0.392,0.34,0,0.548,0.43,,,,,,,,0.399,0.37,0,0.685,,,,
54808,20190415,-88.37,40.05,0.418,0.47,0,0.875,0.394,0.35,0,0.524,0.401,0.46,0,0.649,0.446,,,,,,,,0.406,0.44,0,0.78,,,,
54808,20190416,-88.37,40.05,0.418,0.47,0,0.875,0.395,0.37,0,0.601,0.402,0.47,0,0.685,0.453,,,,,,,,0.406,0.45,0,0.798,,,,
54808,20190417,-88.37,40.05,0.417,0.47,0,0.857,0.395,0.38,0,0.607,0.402,0.47,0,0.78,0.453,,,,,,,,0.406,0.45,0,0.833,,,,
54808,20190418,-88.37,40.05,0.412,0.43,0,0.732,0.392,0.36,0,0.512,0.4,0.45,0,0.714,0.451,,,,,,,,0.402,0.43,0,0.708,,,,
54808,20190419,-88.37,40.05,0.421,0.49,0,0.732,0.4,0.44,0,0.619,0.409,0.55,0,0.804,0.459,,,,,,,,0.411,0.5,0,0.732,,,,
54808,20190420,-88.37,40.05,0.423,0.51,0,0.732,0.403,0.46,0,0.637,0.412,0.58,0,0.81,0.466,,,,,,,,0.413,0.52,0,0.732,,,,
54808,20190421,-88.37,40.05,0.422,0.5,0,0.744,0.404,0.47,0,0.679,0.412,0.59,0,0.911,0.468,,,,,,,,0.413,0.52,0,0.744,,,,
54808,20190422,-88.37,40.05,0.411,0.42,0,0.601,0.395,0.39,0,0.536,0.404,0.49,0,0.893,0.454,,,,,,,,0.403,0.43,0,0.601,,,,
54808,20190423,-88.37,40.05,0.4,0.35,0,0.458,0.391,0.35,0,0.393,0.402,0.46,0,0.851,0.444,,,,,,,,0.396,0.37,0,0.458,,,,
54808,20190424,-88.37,40.05,0.39,0.28,0,0.405,0.387,0.33,0,0.375,0.401,0.46,0,0.821,0.442,,,,,,,,0.389,0.32,0,0.399,,,,
54808,20190425,-88.37,40.05,0.379,0.22,0,0.387,0.383,0.29,0,0.363,0.401,0.46,0,0.792,0.441,,,,,,,,0.381,0.27,0,0.381,,,,
54808,20190426,-88.37,40.05,0.365,0.13,0,0.327,0.369,0.18,0,0.22,0.39,0.34,0,0.655,0.428,,,,,,,,0.367,0.16,0,0.268,,,,
54808,20190427,-88.37,40.05,0.361,0.1,0,0.262,0.36,0.11,0,0.077,0.385,0.28,0,0.518,0.415,,,,,,,,0.361,0.12,0,0.131,,,,
54808,20190428,-88.37,40.05,0.361,0.11,0,0.262,0.356,0.09,0,0,0.383,0.26,0,0.375,0.412,,,,,,,,0.358,0.11,0,0.125,,,,
54808,20190429,-88.37,40.05,0.364,0.14,0,0.405,0.353,0.08,0,0,0.381,0.25,0,0.25,0.408,,,,,,,,0.359,0.12,0,0.167,,,,
54808,20190430,-88.37,40.05,0.375,0.21,0,0.548,0.352,0.09,0,0,0.38,0.24,0,0.161,0.407,,,,,,,,0.364,0.17,0,0.298,,,,
54808,20190501,-88.37,40.05,0.391,0.32,0,0.69,0.357,0.14,0,0.048,0.382,0.27,0,0.155,0.41,,,,,,,,0.374,0.26,0,0.417,,,,
54808,20190502,-88.37,40.05,0.412,0.45,0,0.833,0.369,0.25,0,0.19,0.39,0.35,0,0.256,0.418,,,,,,,,0.39,0.39,0,0.56,,,,
54808,20190503,-88.37,40.05,0.425,0.54,0,0.893,0.382,0.36,0,0.333,0.399,0.44,0,0.393,0.431,,,,,,,,0.404,0.49,0,0.673,,,,
54808,20190504,-88.37,40.05,0.431,0.58,0,0.958,0.391,0.44,0,0.476,0.405,0.49,0,0.53,0.441,,,,,,,,0.411,0.55,0,0.81,,,,
54808,20190505,-88.37,40.05,0.434,0.6,0,1,0.397,0.49,0,0.619,0.408,0.53,0,0.673,0.443,,,,,,,,0.416,0.59,0,0.863,,,,
54808,20190506,-88.37,40.05,0.435,0.6,0,0.97,0.402,0.54,0,0.762,0.411,0.56,0,0.815,0.445,,,,,,,,0.419,0.6,0,0.964,,,,
54808,20190507,-88.37,40.05,0.43,0.56,0,0.827,0.406,0.56,0,0.827,0.414,0.59,0,0.946,0.446,,,,,,,,0.418,0.6,0,0.857,,,,
54808,20190508,-88.37,40.05,0.418,0.49,0,0.685,0.403,0.54,0,0.78,0.413,0.58,0,1,0.442,,,,,,,,0.411,0.54,0,0.738,,,,
54808,20190509,-88.37,40.05,0.407,0.41,0,0.571,0.395,0.48,0,0.667,0.408,0.55,0,1,0.435,,,,,,,,0.401,0.47,0,0.625,,,,
54808,20190510,-88.37,40.05,0.404,0.39,0,0.571,0.395,0.47,0,0.667,0.408,0.56,0,1,0.437,,,,,,,,0.399,0.45,0,0.625,,,,
54808,20190511,-88.37,40.05,0.402,0.37,0,0.571,0.393,0.45,0,0.667,0.407,0.55,0,1,0.434,,,,,,,,0.397,0.43,0,0.625,,,,
54808,20190512,-88.37,40.05,0.402,0.37,0,0.542,0.394,0.45,0,0.661,0.407,0.56,0,1,0.432,,,,,,,,0.398,0.43,0,0.625,,,,
54808,20190513,-88.37,40.05,0.407,0.4,0,0.571,0.396,0.47,0,0.661,0.407,0.57,0,1,0.434,,,,,,,,0.401,0.46,0,0.625,,,,
54808,20190514,-88.37,40.05,0.412,0.44,0,0.714,0.399,0.48,0,0.726,0.408,0.57,0,1,0.433,,,,,,,,0.405,0.48,0,0.732,,,,
54808,20190515,-88.37,40.05,0.419,0.48,0,0.726,0.402,0.51,0,0.774,0.408,0.58,0,1,0.43,,,,,,,,0.41,0.52,0,0.732,,,,
54808,20190516,-88.37,40.05,0.421,0.5,0,0.696,0.403,0.52,0,0.744,0.407,0.57,0,1,0.426,,,,,,,,0.412,0.53,0,0.702,,,,
54808,20190517,-88.37,40.05,0.407,0.42,0,0.554,0.395,0.45,0,0.601,0.4,0.51,0,1,0.41,,,,,,,,0.401,0.45,0,0.56,,,,
54808,20190518,-88.37,40.05,0.394,0.35,0,0.411,0.388,0.4,0,0.458,0.398,0.5,0,1,0.4,,,,,,,,0.391,0.39,0,0.417,,,,
54808,20190519,-88.37,40.05,0.375,0.25,0,0.298,0.377,0.31,0,0.321,0.396,0.48,0,1,0.394,,,,,,,,0.376,0.29,0,0.274,,,,
54808,20190520,-88.37,40.05,0.353,0.12,0,0.155,0.361,0.2,0,0.179,0.393,0.46,0,0.952,0.388,,,,,,,,0.357,0.17,0,0.131,,,,
54808,20190521,-88.37,40.05,0.332,0,0.006,0.012,0.345,0.07,0.071,0.048,0.389,0.44,0,0.815,0.386,,,,,,,,0.338,0.05,0.03,0,,,,
54808,20190522,-88.37,40.05,0.321,-0.05,0.018,0.042,0.331,-0.03,0.167,0,0.386,0.41,0,0.708,0.386,,,,,,,,0.326,-0.02,0.095,0.036,,,,
54808,20190523,-88.37,40.05,0.326,0,0.018,0.185,0.326,-0.06,0.167,0.03,0.385,0.41,0,0.708,0.387,,,,,,,,0.326,-0.01,0.095,0.107,,,,
54808,20190524,-88.37,40.05,0.335,0.08,0.018,0.327,0.327,-0.04,0.167,0.125,0.386,0.42,0,0.708,0.387,,,,,,,,0.331,0.05,0.095,0.25,,,,
54808,20190525,-88.37,40.05,0.343,0.15,0.018,0.47,0.329,-0.01,0.167,0.125,0.386,0.43,0,0.708,0.387,0.04,0.083,0.333,,,,,0.336,0.1,0.095,0.369,,,,
54808,20190526,-88.37,40.05,0.355,0.24,0.018,0.512,0.336,0.07,0.167,0.161,0.388,0.45,0,0.708,0.39,0.15,0.148,0.37,,,,,0.345,0.19,0.095,0.405,,,,
54808,20190527,-88.37,40.05,0.375,0.39,0.018,0.655,0.352,0.21,0.167,0.304,0.393,0.5,0,0.756,0.394,0.24,0.083,0.438,,,,,0.364,0.34,0.095,0.548,,,,
54808,20190528,-88.37,40.05,0.393,0.53,0.012,0.798,0.368,0.35,0.095,0.446,0.397,0.55,0,0.893,0.397,0.28,0.07,0.507,,,,,0.381,0.47,0.065,0.69,,,,
54808,20190529,-88.37,40.05,0.402,0.6,0,0.899,0.38,0.47,0,0.589,0.401,0.59,0,1,0.398,0.24,0.063,0.463,,,,,0.391,0.57,0,0.798,,,,
54808,20190530,-88.37,40.05,0.401,0.61,0,0.899,0.388,0.54,0,0.702,0.404,0.63,0,1,0.399,0.24,0.05,0.479,,,,,0.394,0.6,0,0.869,,,,
54808,20190531,-88.37,40.05,0.396,0.59,0,0.899,0.388,0.56,0,0.75,0.404,0.64,0,1,0.399,0.21,0.049,0.441,,,,,0.392,0.59,0,0.869,,,,
54808,20190601,-88.37,40.05,0.392,0.58,0,0.875,0.388,0.57,0,0.869,0.405,0.66,0,1,0.402,0.26,0.052,0.484,,,,,0.39,0.59,0,0.857,,,,
54808,20190602,-88.37,40.05,0.386,0.56,0,0.833,0.384,0.55,0,0.839,0.404,0.65,0,1,0.402,0.27,0.03,0.506,,,,,0.385,0.57,0,0.821,,,,
54808,20190603,-88.37,40.05,0.369,0.46,0,0.69,0.37,0.46,0,0.696,0.399,0.62,0,1,0.402,0.27,0.03,0.521,,,,,0.369,0.47,0,0.679,,,,
54808,20190604,-88.37,40.05,0.352,0.37,0,0.548,0.356,0.36,0,0.554,0.395,0.6,0,1,0.401,0.26,0.024,0.524,,,,,0.354,0.37,0,0.536,,,,
54808,20190605,-88.37,40.05,0.334,0.27,0,0.405,0.341,0.26,0,0.411,0.389,0.55,0,0.911,0.403,0.29,0.018,0.589,,,,,0.337,0.27,0,0.393,,,,
54808,20190606,-88.37,40.05,0.31,0.14,0,0.262,0.321,0.13,0,0.268,0.379,0.48,0,0.768,0.404,0.3,0.018,0.613,,,,,0.316,0.13,0,0.25,,,,
54808,20190607,-88.37,40.05,0.289,0.02,0,0.119,0.302,0.01,0,0.125,0.369,0.39,0,0.625,0.408,0.35,0.012,0.685,,,,,0.296,0.01,0,0.107,,,,
54808,20190608,-88.37,40.05,0.269,-0.09,0,0,0.284,-0.11,0.018,0.006,0.356,0.3,0,0.482,0.406,0.33,0,0.685,,,,,0.277,-0.1,0.042,0,,,,
54808,20190609,-88.37,40.05,0.253,-0.18,0.006,0,0.267,-0.21,0.107,0,0.342,0.2,0,0.339,0.405,0.31,0,0.679,,,,,0.26,-0.2,0.113,0,,,,
54808,20190610,-88.37,40.05,0.241,-0.25,0.06,0,0.255,-0.29,0.226,0,0.329,0.1,0,0.196,0.405,0.3,0,0.673,,,,,0.248,-0.27,0.226,0,,,,
54808,20190611,-88.37,40.05,0.231,-0.3,0.202,0,0.244,-0.35,0.369,0,0.316,0.01,0,0.054,0.403,0.29,0,0.637,,,,,0.237,-0.33,0.369,0,,,,
54808,20190612,-88.37,40.05,0.223,-0.34,0.345,0,0.236,-0.4,0.512,0,0.303,-0.08,0,0,0.399,0.25,0,0.554,,,,,0.229,-0.38,0.512,0,,,,
54808,20190613,-88.37,40.05,0.223,-0.34,0.399,0,0.231,-0.42,0.601,0,0.294,-0.15,0,0,0.394,0.21,0,0.476,,,,,0.227,-0.39,0.571,0,,,,
54808,20190614,-88.37,40.05,0.227,-0.32,0.399,0,0.229,-0.43,0.601,0,0.289,-0.18,0,0,0.39,0.17,0,0.411,,,,,0.228,-0.38,0.571,0,,,,
54808,20190615,-88.37,40.05,0.229,-0.31,0.399,0,0.228,-0.44,0.625,0,0.285,-0.21,0,0,0.385,0.13,0,0.345,,,,,0.229,-0.38,0.53,0,,,,
54808,20190616,-88.37,40.05,0.243,-0.23,0.393,0,0.238,-0.37,0.542,0,0.285,-0.21,0,0,0.38,0.09,0,0.286,,,,,0.241,-0.31,0.458,0,,,,
54808,20190617,-88.37,40.05,0.259,-0.13,0.339,0,0.25,-0.29,0.423,0,0.29,-0.18,0,0,0.373,0.03,0.006,0.208,,,,,0.254,-0.22,0.345,0,,,,
54808,20190618,-88.37,40.05,0.273,-0.05,0.196,0,0.262,-0.22,0.28,0,0.295,-0.14,0,0,0.369,0,0.006,0.167,,,,,0.267,-0.14,0.202,0,,,,
54808,20190619,-88.37,40.05,0.286,0.04,0.054,0,0.273,-0.15,0.137,0,0.301,-0.09,0,0,0.364,-0.03,0.006,0.143,,,,,0.28,-0.06,0.06,0,,,,
54808,20190620,-88.37,40.05,0.308,0.17,0,0.107,0.294,-0.01,0.048,0.107,0.315,0.01,0,0.107,0.372,0.03,0.006,0.238,,,,,0.301,0.07,0,0.107,,,,
54808,20190621,-88.37,40.05,0.328,0.3,0,0.25,0.316,0.13,0.048,0.25,0.33,0.11,0,0.25,0.378,0.09,0.006,0.315,,,,,0.322,0.21,0,0.25,,,,
54808,20190622,-88.37,40.05,0.354,0.46,0,0.393,0.341,0.3,0.006,0.393,0.347,0.24,0,0.393,0.386,0.16,0.006,0.417,,,,,0.348,0.38,0,0.393,,,,
54808,20190623,-88.37,40.05,0.369,0.56,0,0.536,0.357,0.41,0,0.536,0.363,0.35,0,0.536,0.395,0.24,0.006,0.536,,,,,0.363,0.5,0,0.536,,,,
54808,20190624,-88.37,40.05,0.384,0.66,0,0.679,0.37,0.49,0,0.679,0.374,0.43,0,0.679,0.406,0.34,0,0.673,,,,,0.377,0.6,0,0.679,,,,
54808,20190625,-88.37,40.05,0.4,0.77,0,0.821,0.385,0.59,0,0.821,0.386,0.52,0,0.821,0.416,0.41,0,0.798,,,,,0.393,0.71,0,0.821,,,,
54808,20190626,-88.37,40.05,0.415,0.87,0,0.964,0.398,0.68,0,0.964,0.397,0.61,0,0.964,0.427,0.51,0,0.933,,,,,0.407,0.81,0,0.964,,,,
54808,20190627,-88.37,40.05,0.411,0.85,0,1,0.398,0.69,0,1,0.398,0.62,0,1,0.428,0.52,0,0.958,,,,,0.405,0.81,0,1,,,,
54808,20190628,-88.37,40.05,0.401,0.8,0,0.909,0.392,0.66,0,0.939,0.396,0.62,0,1,0.427,0.53,0,0.982,,,,,0.396,0.77,0,0.933,,,,
54808,20190629,-88.37,40.05,0.383,0.69,0,0.764,0.38,0.59,0,0.794,0.391,0.6,0,0.994,0.427,0.53,0,0.994,,,,,0.382,0.68,0,0.788,,,,
54808,20190630,-88.37,40.05,0.362,0.57,0,0.618,0.364,0.49,0,0.648,0.385,0.56,0,0.879,0.426,0.53,0,1,,,,,0.363,0.56,0,0.642,,,,
54808,20190701,-88.37,40.05,0.346,0.47,0,0.558,0.348,0.39,0,0.503,0.377,0.52,0,0.733,0.424,0.52,0,1,,,,,0.347,0.46,0,0.503,,,,
54808,20190702,-88.37,40.05,0.331,0.38,0,0.436,0.332,0.29,0,0.358,0.37,0.47,0,0.618,0.422,0.51,0,1,,,,,0.331,0.36,0,0.358,,,,
54808,20190703,-88.37,40.05,0.315,0.29,0,0.304,0.317,0.19,0,0.226,0.362,0.42,0,0.482,0.42,0.49,0,1,,,,,0.316,0.26,0,0.226,,,,
54808,20190704,-88.37,40.05,0.298,0.18,0,0.161,0.302,0.09,0,0.083,0.353,0.35,0,0.339,0.417,0.46,0,1,,,,,0.3,0.15,0,0.083,,,,
54808,20190705,-88.37,40.05,0.286,0.11,0,0.107,0.291,0.01,0,0,0.347,0.3,0,0.226,0.415,0.44,0,1,,,,,0.288,0.07,0,0.006,,,,
54808,20190706,-88.37,40.05,0.286,0.1,0,0.107,0.297,0.05,0,0.071,0.35,0.33,0,0.226,0.417,0.45,0,1,,,,,0.291,0.08,0,0.006,,,,
54808,20190707,-88.37,40.05,0.288,0.11,0,0.107,0.303,0.09,0,0.071,0.353,0.35,0,0.339,0.42,0.46,0,1,,,,,0.295,0.1,0,0.006,,,,
54808,20190708,-88.37,40.05,0.281,0.06,0,0.024,0.306,0.1,0,0.071,0.356,0.38,0,0.446,0.422,0.46,0,1,,,,,0.293,0.09,0,0,,,,
54808,20190709,-88.37,40.05,0.271,-0.01,0,0,0.306,0.1,0,0.071,0.357,0.39,0,0.423,0.423,0.47,0,1,,,,,0.288,0.05,0,0,,,,
54808,20190710,-88.37,40.05,0.264,-0.04,0,0,0.305,0.09,0,0.071,0.359,0.41,0,0.423,0.425,0.47,0,1,,,,,0.285,0.02,0,0,,,,
54808,20190711,-88.37,40.05,0.261,-0.06,0,0,0.304,0.09,0,0.071,0.36,0.42,0,0.423,0.427,0.48,0,1,,,,,0.282,0.01,0,0,,,,
54808,20190712,-88.37,40.05,0.255,-0.09,0,0,0.3,0.05,0.077,0.071,0.358,0.4,0,0.393,0.427,0.48,0,1,,,,,0.278,-0.02,0,0,,,,
54808,20190713,-88.37,40.05,0.241,-0.17,0.048,0,0.28,-0.07,0.22,0,0.345,0.3,0,0.256,0.423,0.44,0,0.988,,,,,0.261,-0.12,0.131,0,,,,
54808,20190714,-88.37,40.05,0.227,-0.23,0.185,0,0.263,-0.19,0.363,0,0.332,0.2,0,0.113,0.419,0.41,0,0.976,,,,,0.245,-0.22,0.274,0,,,,
54808,20190715,-88.37,40.05,0.222,-0.25,0.244,0,0.254,-0.23,0.423,0,0.322,0.12,0,0.006,0.418,0.41,0,0.97,,,,,0.238,-0.25,0.333,0,,,,
54808,20190716,-88.37,40.05,0.218,-0.26,0.244,0,0.249,-0.25,0.423,0,0.314,0.06,0,0,0.419,0.42,0,0.97,,,,,0.234,-0.26,0.333,0,,,,
54808,20190717,-88.37,40.05,0.216,-0.26,0.244,0,0.246,-0.26,0.423,0,0.308,0.01,0,0,0.419,0.43,0,0.97,,,,,0.231,-0.27,0.333,0,,,,
54808,20190718,-88.37,40.05,0.214,-0.26,0.244,0,0.242,-0.28,0.494,0,0.303,-0.02,0,0,0.42,0.45,0,0.97,,,,,0.228,-0.28,0.333,0,,,,
54808,20190719,-88.37,40.05,0.212,-0.26,0.274,0,0.239,-0.28,0.56,0,0.298,-0.05,0,0,0.42,0.46,0,0.97,,,,,0.226,-0.28,0.446,0,,,,
54808,20190720,-88.37,40.05,0.21,-0.26,0.339,0,0.237,-0.29,0.56,0,0.294,-0.07,0,0,0.42,0.47,0,0.982,,,,,0.224,-0.29,0.458,0,,,,
54808,20190721,-88.37,40.05,0.209,-0.27,0.345,0,0.235,-0.3,0.56,0,0.291,-0.09,0.048,0,0.42,0.48,0,0.994,,,,,0.222,-0.29,0.458,0,,,,
54808,20190722,-88.37,40.05,0.202,-0.3,0.429,0,0.227,-0.34,0.643,0,0.285,-0.13,0.185,0,0.415,0.45,0,1,,,,,0.215,-0.34,0.542,0,,,,
54808,20190723,-88.37,40.05,0.195,-0.34,0.571,0,0.219,-0.4,0.786,0,0.278,-0.19,0.327,0,0.408,0.41,0,0.911,,,,,0.207,-0.39,0.685,0,,,,
54808,20190724,-88.37,40.05,0.189,-0.37,0.714,0,0.211,-0.45,0.929,0,0.271,-0.24,0.47,0,0.4,0.35,0,0.768,,,,,0.2,-0.43,0.827,0,,,,
54808,20190725,-88.37,40.05,0.183,-0.4,0.857,0,0.205,-0.49,1,0,0.265,-0.29,0.613,0,0.391,0.29,0,0.625,,,,,0.194,-0.47,0.97,0,,,,
54808,20190726,-88.37,40.05,0.179,-0.41,0.97,0,0.2,-0.52,1,0,0.259,-0.33,0.756,0,0.381,0.22,0,0.482,,,,,0.19,-0.49,1,0,,,,
54808,20190727,-88.37,40.05,0.176,-0.42,1,0,0.195,-0.55,1,0,0.254,-0.37,0.899,0,0.372,0.15,0,0.339,,,,,0.186,-0.52,1,0,,,,
54808,20190728,-88.37,40.05,0.173,-0.43,1,0,0.191,-0.57,1,0,0.25,-0.4,0.994,0,0.362,0.07,0,0.196,,,,,0.182,-0.54,1,0,,,,
54808,20190729,-88.37,40.05,0.171,-0.44,1,0,0.188,-0.58,1,0,0.246,-0.42,1,0,0.351,-0.01,0,0.054,,,,,0.179,-0.56,1,0,,,,
54808,20190730,-88.37,40.05,0.169,-0.44,1,0,0.185,-0.58,1,0,0.243,-0.43,1,0,0.342,-0.08,0,0,,,,,0.177,-0.57,1,0,,,,
54808,20190731,-88.37,40.05,0.168,-0.44,1,0,0.184,-0.58,1,0,0.241,-0.43,1,0,0.334,-0.13,0,0,,,,,0.176,-0.57,1,0,,,,
54808,20190801,-88.37,40.05,0.167,-0.44,1,0,0.182,-0.58,1,0,0.239,-0.44,1,0,0.326,-0.18,0,0,,,,,0.174,-0.57,1,0,,,,
54808,20190802,-88.37,40.05,0.166,-0.44,1,0,0.181,-0.58,1,0,0.238,-0.44,1,0,0.319,-0.23,0,0,,,,,0.173,-0.57,1,0,,,,
54808,20190803,-88.37,40.05,0.165,-0.44,1,0,0.18,-0.58,1,0,0.236,-0.44,1,0,0.311,-0.28,0.054,0,,,,,0.173,-0.57,1,0,,,,
54808,20190804,-88.37,40.05,0.164,-0.44,1,0,0.179,-0.58,1,0,0.235,-0.44,1,0,0.304,-0.32,0.155,0,,,,,0.172,-0.57,1,0,,,,
54808,20190805,-88.37,40.05,0.164,-0.44,1,0,0.179,-0.58,1,0,0.234,-0.43,1,0,0.297,-0.36,0.292,0,,,,,0.171,-0.57,1,0,,,,
54808,20190806,-88.37,40.05,0.163,-0.44,1,0,0.178,-0.59,1,0,0.233,-0.43,1,0,0.289,-0.41,0.435,0,,,,,0.171,-0.57,1,0,,,,
54808,20190807,-88.37,40.05,0.162,-0.44,1,0,0.177,-0.6,1,0,0.232,-0.43,1,0,0.282,-0.45,0.577,0,,,,,0.17,-0.58,1,0,,,,
54808,20190808,-88.37,40.05,0.161,-0.44,1,0,0.176,-0.6,1,0,0.231,-0.43,1,0,0.275,-0.49,0.72,0,,,,,0.169,-0.58,1,0,,,,
54808,20190809,-88.37,40.05,0.16,-0.44,1,0,0.176,-0.61,1,0,0.23,-0.43,1,0,0.272,-0.51,0.778,0,,,,,0.168,-0.58,1,0,,,,
54808,20190810,-88.37,40.05,0.159,-0.44,1,0,0.175,-0.6,1,0,0.229,-0.43,1,0,0.27,-0.51,0.765,0,,,,,0.167,-0.57,1,0,,,,
54808,20190811,-88.37,40.05,0.158,-0.43,1,0,0.174,-0.6,1,0,0.228,-0.43,1,0,0.268,-0.52,0.775,0,,,,,0.166,-0.55,1,0,,,,
54808,20190812,-88.37,40.05,0.157,-0.43,1,0,0.173,-0.59,1,0,0.227,-0.43,1,0,0.267,-0.52,0.737,0,,,,,0.165,-0.54,1,0,,,,
54808,20190813,-88.37,40.05,0.157,-0.42,1,0,0.173,-0.58,1,0,0.226,-0.43,1,0,0.271,-0.52,0.667,0,,,,,0.165,-0.52,1,0,,,,
54808,20190814,-88.37,40.05,0.157,-0.4,1,0,0.172,-0.56,1,0,0.226,-0.43,1,0,0.281,-0.5,0.545,0,,,,,0.165,-0.5,1,0,,,,
54808,20190815,-88.37,40.05,0.158,-0.39,1,0,0.172,-0.55,1,0,0.226,-0.43,1,0,0.289,-0.45,0.286,0,,,,,0.165,-0.48,1,0,,,,
54808,20190816,-88.37,40.05,0.158,-0.38,1,0,0.172,-0.54,1,0,0.226,-0.42,1,0,0.293,-0.42,0.158,0,,,,,0.165,-0.47,1,0,,,,
54808,20190817,-88.37,40.05,0.159,-0.36,1,0,0.172,-0.52,1,0,0.226,-0.42,1,0,0.294,,,,,,,,0.165,-0.45,1,0,,,,
54808,20190818,-88.37,40.05,0.159,-0.35,1,0,0.173,-0.51,1,0,0.226,-0.41,1,0,0.296,,,,,,,,0.166,-0.44,1,0,,,,
54808,20190819,-88.37,40.05,0.16,-0.33,1,0,0.174,-0.48,1,0,0.226,-0.4,1,0,0.297,,,,,,,,0.167,-0.41,1,0,,,,
54808,20190820,-88.37,40.05,0.161,-0.32,0.952,0,0.176,-0.46,1,0,0.227,-0.4,1,0,0.294,,,,,,,,0.168,-0.39,1,0,,,,
54808,20190821,-88.37,40.05,0.164,-0.29,0.833,0,0.181,-0.41,0.881,0,0.229,-0.38,0.899,0,0.285,,,,,,,,0.172,-0.35,0.881,0,,,,
54808,20190822,-88.37,40.05,0.168,-0.25,0.69,0,0.186,-0.35,0.738,0,0.231,-0.35,0.786,0,0.279,,,,,,,,0.177,-0.3,0.738,0,,,,
54808,20190823,-88.37,40.05,0.172,-0.21,0.548,0,0.192,-0.29,0.595,0,0.234,-0.32,0.643,0,0.276,,,,,,,,0.182,-0.25,0.595,0,,,,
54808,20190824,-88.37,40.05,0.175,-0.18,0.405,0,0.197,-0.25,0.488,0,0.237,-0.29,0.5,0,0.273,,,,,,,,0.186,-0.21,0.452,0,,,,
54808,20190825,-88.37,40.05,0.176,-0.16,0.262,0,0.199,-0.23,0.488,0,0.238,-0.27,0.363,0,0.271,,,,,,,,0.187,-0.19,0.399,0,,,,
54808,20190826,-88.37,40.05,0.177,-0.14,0.119,0,0.2,-0.21,0.44,0,0.239,-0.26,0.298,0,0.271,,,,,,,,0.189,-0.17,0.351,0,,,,
54808,20190827,-88.37,40.05,0.182,-0.1,0.024,0,0.206,-0.16,0.298,0,0.242,-0.23,0.161,0,0.275,,,,,,,,0.194,-0.12,0.208,0,,,,
54808,20190828,-88.37,40.05,0.185,-0.08,0,0,0.207,-0.15,0.274,0,0.243,-0.22,0.119,0,0.28,,,,,,,,0.196,-0.1,0.185,0,,,,
54808,20190829,-88.37,40.05,0.185,-0.07,0,0,0.205,-0.16,0.274,0,0.243,-0.22,0.089,0,0.284,,,,,,,,0.195,-0.11,0.185,0,,,,
54808,20190830,-88.37,40.05,0.184,-0.08,0,0,0.202,-0.18,0.363,0,0.242,-0.23,0.089,0,0.287,,,,,,,,0.193,-0.12,0.185,0,,,,
54808,20190831,-88.37,40.05,0.183,-0.08,0,0,0.2,-0.19,0.47,0,0.241,-0.24,0.089,0,0.289,,,,,,,,0.191,-0.13,0.185,0,,,,
54808,20190901,-88.37,40.05,0.183,-0.08,0,0,0.199,-0.19,0.452,0,0.24,-0.24,0.131,0,0.291,,,,,,,,0.191,-0.12,0.131,0,,,,
54808,20190902,-88.37,40.05,0.193,0,0,0,0.206,-0.13,0.357,0,0.243,-0.22,0.054,0,0.307,,,,,,,,0.199,-0.05,0.036,0,,,,
54808,20190903,-88.37,40.05,0.197,0.03,0,0,0.207,-0.13,0.357,0,0.244,-0.21,0.048,0,0.316,,,,,,,,0.202,-0.03,0.036,0,,,,
54808,20190904,-88.37,40.05,0.198,0.04,0,0,0.207,-0.12,0.357,0,0.245,-0.2,0.048,0,0.324,,,,,,,,0.202,-0.02,0.036,0,,,,
54808,20190905,-88.37,40.05,0.199,0.05,0,0,0.207,-0.12,0.357,0,0.245,-0.19,0.048,0,0.331,,,,,,,,0.203,-0.01,0.036,0,,,,
54808,20190906,-88.37,40.05,0.199,0.05,0,0,0.207,-0.12,0.321,0,0.246,-0.19,0.048,0,0.338,,,,,,,,0.203,-0.01,0.036,0,,,,
54808,20190907,-88.37,40.05,0.199,0.05,0,0,0.206,-0.13,0.321,0,0.246,-0.18,0.048,0,0.345,,,,,,,,0.203,-0.02,0.036,0,,,,
54808,20190908,-88.37,40.05,0.198,0.05,0,0,0.205,-0.14,0.339,0,0.247,-0.18,0,0,0.351,,,,,,,,0.202,-0.03,0.083,0,,,,
54808,20190909,-88.37,40.05,0.188,-0.03,0,0,0.198,-0.2,0.482,0,0.244,-0.2,0,0,0.342,,,,,,,,0.193,-0.1,0.083,0,,,,
54808,20190910,-88.37,40.05,0.181,-0.09,0,0,0.192,-0.25,0.625,0,0.242,-0.22,0,0,0.335,,,,,,,,0.186,-0.15,0.137,0,,,,
54808,20190911,-88.37,40.05,0.174,-0.14,0,0,0.187,-0.29,0.768,0,0.24,-0.24,0,0,0.327,,,,,,,,0.181,-0.2,0.28,0,,,,
54808,20190912,-88.37,40.05,0.17,-0.18,0.012,0,0.184,-0.32,0.911,0,0.238,-0.25,0,0,0.32,,,,,,,,0.177,-0.25,0.423,0,,,,
54808,20190913,-88.37,40.05,0.167,-0.21,0.077,0,0.182,-0.35,1,0,0.237,-0.26,0,0,0.313,,,,,,,,0.175,-0.28,0.565,0,,,,
54808,20190914,-88.37,40.05,0.166,-0.23,0.22,0,0.181,-0.37,1,0,0.236,-0.27,0,0,0.311,,,,,,,,0.173,-0.32,0.708,0,,,,
54808,20190915,-88.37,40.05,0.165,-0.26,0.363,0,0.18,-0.39,1,0,0.234,-0.28,0.018,0,0.308,,,,,,,,0.172,-0.35,0.768,0,,,,
54808,20190916,-88.37,40.05,0.163,-0.29,0.506,0,0.178,-0.42,1,0,0.233,-0.29,0.089,0,0.305,,,,,,,,0.171,-0.39,0.911,0,,,,
54808,20190917,-88.37,40.05,0.162,-0.32,0.649,0,0.177,-0.44,1,0,0.232,-0.3,0.125,0,0.302,,,,,,,,0.169,-0.42,1,0,,,,
54808,20190918,-88.37,40.05,0.161,-0.35,0.792,0,0.176,-0.46,1,0,0.232,-0.3,0.173,0,0.298,,,,,,,,0.168,-0.45,1,0,,,,
54808,20190919,-88.37,40.05,0.161,-0.37,0.923,0,0.174,-0.48,1,0,0.231,-0.31,0.244,0,0.295,,,,,,,,0.167,-0.48,1,0,,,,
54808,20190920,-88.37,40.05,0.16,-0.39,1,0,0.173,-0.49,1,0,0.23,-0.32,0.339,0,0.291,,,,,,,,0.167,-0.49,1,0,,,,
54808,20190921,-88.37,40.05,0.16,-0.41,1,0,0.173,-0.5,1,0,0.229,-0.33,0.44,0,0.283,,,,,,,,0.166,-0.5,1,0,,,,
54808,20190922,-88.37,40.05,0.159,-0.42,1,0,0.173,-0.51,1,0,0.229,-0.34,0.554,0,0.276,,,,,,,,0.166,-0.51,1,0,,,,
54808,20190923,-88.37,40.05,0.159,-0.43,1,0,0.171,-0.53,1,0,0.228,-0.36,0.625,0,0.277,,,,,,,,0.165,-0.52,1,0,,,,
54808,20190924,-88.37,40.05,0.159,-0.44,1,0,0.17,-0.54,1,0,0.228,-0.37,0.732,0,0.283,,,,,,,,0.164,-0.53,1,0,,,,
54808,20190925,-88.37,40.05,0.158,-0.44,1,0,0.169,-0.56,1,0,0.227,-0.39,0.827,0,0.29,,,,,,,,0.164,-0.55,1,0,,,,
54808,20190926,-88.37,40.05,0.158,-0.45,1,0,0.168,-0.58,1,0,0.227,-0.4,0.899,0,0.296,,,,,,,,0.163,-0.56,1,0,,,,
54808,20190927,-88.37,40.05,0.158,-0.45,1,0,0.167,-0.6,1,0,0.226,-0.42,0.946,0,0.301,,,,,,,,0.162,-0.58,1,0,,,,
54808,20190928,-88.37,40.05,0.159,-0.45,0.964,0,0.166,-0.62,1,0,0.225,-0.44,0.988,0,0.309,,,,,,,,0.163,-0.59,0.988,0,,,,
54808,20190929,-88.37,40.05,0.17,-0.36,0.821,0.012,0.169,-0.62,0.988,0,0.225,-0.47,0.994,0,0.327,,,,,,,,0.17,-0.55,0.845,0,,,,
54808,20190930,-88.37,40.05,0.189,-0.21,0.679,0.155,0.179,-0.55,0.845,0,0.229,-0.45,0.851,0,0.343,,,,,,,,0.184,-0.43,0.702,0.012,,,,
54808,20191001,-88.37,40.05,0.205,-0.09,0.536,0.262,0.19,-0.48,0.702,0,0.234,-0.42,0.708,0,0.353,,,,,,,,0.198,-0.33,0.56,0.012,,,,
54808,20191002,-88.37,40.05,0.218,0.02,0.393,0.262,0.2,-0.42,0.56,0,0.238,-0.4,0.565,0,0.363,,,,,,,,0.209,-0.24,0.417,0.012,,,,
54808,20191003,-88.37,40.05,0.228,0.1,0.25,0.262,0.209,-0.37,0.417,0,0.243,-0.38,0.423,0,0.373,,,,,,,,0.218,-0.17,0.274,0.012,,,,
54808,20191004,-88.37,40.05,0.238,0.18,0.107,0.262,0.216,-0.33,0.381,0,0.247,-0.37,0.28,0,0.384,,,,,,,,0.227,-0.1,0.131,0.012,,,,
54808,20191005,-88.37,40.05,0.244,0.23,0,0.262,0.222,-0.3,0.381,0,0.251,-0.35,0.137,0,0.393,,,,,,,,0.233,-0.06,0,0.012,,,,
54808,20191006,-88.37,40.05,0.24,0.18,0,0.25,0.224,-0.29,0.393,0,0.254,-0.33,0.006,0,0.391,,,,,,,,0.232,-0.07,0,0.012,,,,
54808,20191007,-88.37,40.05,0.228,0.08,0,0.107,0.217,-0.35,0.536,0,0.253,-0.36,0.018,0,0.384,,,,,,,,0.223,-0.16,0.125,0,,,,
54808,20191008,-88.37,40.05,0.217,-0.02,0,0,0.21,-0.42,0.679,0,0.251,-0.38,0.125,0,0.378,,,,,,,,0.213,-0.24,0.268,0,,,,
54808,20191009,-88.37,40.05,0.208,-0.1,0,0,0.204,-0.48,0.821,0,0.249,-0.41,0.268,0,0.372,,,,,,,,0.206,-0.31,0.411,0,,,,
54808,20191010,-88.37,40.05,0.2,-0.16,0,0,0.198,-0.53,0.964,0,0.247,-0.44,0.411,0,0.367,,,,,,,,0.199,-0.38,0.554,0,,,,
54808,20191011,-88.37,40.05,0.194,-0.22,0,0,0.193,-0.57,1,0,0.245,-0.46,0.536,0,0.361,,,,,,,,0.194,-0.43,0.696,0,,,,
54808,20191012,-88.37,40.05,0.203,-0.16,0,0.083,0.198,-0.53,0.869,0,0.245,-0.47,0.542,0,0.356,,,,,,,,0.2,-0.38,0.702,0,,,,
54808,20191013,-88.37,40.05,0.211,-0.11,0,0.083,0.203,-0.5,0.726,0,0.246,-0.47,0.542,0,0.352,,,,,,,,0.207,-0.33,0.702,0,,,,
54808,20191014,-88.37,40.05,0.217,-0.07,0,0.083,0.207,-0.47,0.583,0,0.245,-0.48,0.565,0,0.347,,,,,,,,0.212,-0.29,0.577,0,,,,
54808,20191015,-88.37,40.05,0.223,-0.03,0,0.083,0.211,-0.44,0.44,0,0.246,-0.48,0.536,0,0.343,,,,,,,,0.217,-0.26,0.435,0,,,,
54808,20191016,-88.37,40.05,0.228,0.01,0,0.083,0.216,-0.41,0.363,0,0.246,-0.48,0.524,0,0.339,,,,,,,,0.222,-0.22,0.292,0,,,,
54808,20191017,-88.37,40.05,0.234,0.04,0,0.083,0.22,-0.38,0.363,0,0.247,-0.48,0.524,0,0.336,,,,,,,,0.227,-0.19,0.149,0,,,,
54808,20191018,-88.37,40.05,0.238,0.06,0,0.083,0.224,-0.36,0.363,0,0.247,-0.49,0.542,0,0.333,,,,,,,,0.231,-0.16,0.006,0,,,,
54808,20191019,-88.37,40.05,0.229,-0.03,0,0,0.218,-0.41,0.494,0,0.245,-0.51,0.679,0,0.328,,,,,,,,0.224,-0.24,0.137,0,,,,
54808,20191020,-88.37,40.05,0.22,-0.13,0.071,0,0.213,-0.47,0.637,0,0.244,-0.53,0.815,0,0.324,,,,,,,,0.217,-0.31,0.28,0,,,,
54808,20191021,-88.37,40.05,0.213,-0.22,0.214,0,0.209,-0.51,0.78,0,0.243,-0.54,0.923,0,0.32,,,,,,,,0.211,-0.38,0.423,0,,,,
54808,20191022,-88.37,40.05,0.218,-0.24,0.214,0,0.212,-0.5,0.786,0,0.245,-0.53,0.851,0,0.316,,,,,,,,0.215,-0.39,0.423,0,,,,
54808,20191023,-88.37,40.05,0.22,-0.27,0.214,0,0.214,-0.51,0.863,0,0.247,-0.52,0.81,0,0.314,,,,,,,,0.217,-0.41,0.446,0,,,,
54808,20191024,-88.37,40.05,0.222,-0.3,0.232,0,0.215,-0.52,0.863,0,0.248,-0.52,0.81,0,0.311,,,,,,,,0.218,-0.43,0.589,0,,,,
54808,20191025,-88.37,40.05,0.223,-0.33,0.375,0,0.216,-0.53,0.863,0,0.249,-0.51,0.81,0,0.31,,,,,,,,0.22,-0.45,0.732,0,,,,
54808,20191026,-88.37,40.05,0.225,-0.36,0.518,0,0.217,-0.55,0.863,0,0.25,-0.5,0.81,0,0.308,,,,,,,,0.221,-0.47,0.738,0,,,,
54808,20191027,-88.37,40.05,0.237,-0.31,0.47,0,0.227,-0.5,0.75,0,0.257,-0.44,0.69,0,0.32,,,,,,,,0.232,-0.42,0.619,0,,,,
54808,20191028,-88.37,40.05,0.25,-0.25,0.327,0,0.237,-0.45,0.607,0,0.265,-0.38,0.548,0,0.333,,,,,,,,0.244,-0.36,0.476,0,,,,
54808,20191029,-88.37,40.05,0.253,-0.25,0.327,0,0.24,-0.46,0.601,0,0.269,-0.34,0.542,0,0.345,,,,,,,,0.246,-0.36,0.476,0,,,,
54808,20191030,-88.37,40.05,0.259,-0.23,0.327,0,0.248,-0.43,0.512,0,0.276,-0.29,0.452,0,0.358,,,,,,,,0.253,-0.33,0.452,0,,,,
54808,20191031,-88.37,40.05,0.272,-0.17,0.31,0,0.261,-0.36,0.369,0,0.286,-0.2,0.31,0,0.375,,,,,,,,0.267,-0.26,0.31,0,,,,
54808,20191101,-88.37,40.05,0.286,-0.1,0.167,0,0.275,-0.28,0.226,0,0.296,-0.12,0.167,0.006,0.39,,,,,,,,0.28,-0.18,0.167,0,,,,
54808,20191102,-88.37,40.05,0.3,-0.03,0.024,0,0.288,-0.2,0.083,0,0.305,-0.04,0.024,0.006,0.406,,,,,,,,0.294,-0.1,0.024,0,,,,
54808,20191103,-88.37,40.05,0.302,-0.03,0,0,0.292,-0.2,0.054,0,0.308,-0.02,0,0.006,0.407,,,,,,,,0.297,-0.1,0,0,,,,
54808,20191104,-88.37,40.05,0.303,-0.04,0,0,0.295,-0.21,0.054,0,0.31,0,0,0.006,0.407,,,,,,,,0.299,-0.1,0,0,,,,
54808,20191105,-88.37,40.05,0.305,-0.04,0,0,0.298,-0.21,0.054,0,0.313,0.01,0,0.006,0.407,,,,,,,,0.302,-0.1,0,0,,,,
54808,20191106,-88.37,40.05,0.305,-0.06,0,0,0.299,-0.23,0,0,0.313,0.01,0,0.006,0.405,,,,,,,,0.302,-0.12,0,0,,,,
54808,20191107,-88.37,40.05,0.3,-0.11,0,0,0.294,-0.29,0,0,0.312,-0.02,0,0.006,0.399,,,,,,,,0.297,-0.17,0,0,,,,
54808,20191108,-88.37,40.05,0.294,-0.18,0,0,0.289,-0.36,0.119,0,0.31,-0.06,0,0,0.395,,,,,,,,0.291,-0.24,0.024,0,,,,
54808,20191109,-88.37,40.05,0.288,-0.24,0.012,0,0.284,-0.42,0.262,0,0.309,-0.1,0,0,0.39,,,,,,,,0.286,-0.32,0.167,0,,,,
54808,20191110,-88.37,40.05,0.283,-0.3,0.149,0,0.28,-0.48,0.405,0,0.308,-0.14,0,0,0.387,,,,,,,,0.281,-0.38,0.31,0,,,,
54808,20191111,-88.37,40.05,0.278,-0.36,0.292,0,0.277,-0.53,0.548,0,0.308,-0.18,0,0,0.385,,,,,,,,0.278,-0.44,0.452,0,,,,
54808,20191112,-88.37,40.05,0.274,-0.42,0.435,0,0.274,-0.58,0.69,0,0.307,-0.23,0,0,0.383,,,,,,,,0.274,-0.5,0.595,0,,,,
54808,20191113,-88.37,40.05,0.269,-0.48,0.577,0,0.271,-0.63,0.833,0,0.306,-0.27,0,0,0.381,,,,,,,,0.27,-0.56,0.738,0,,,,
54808,20191114,-88.37,40.05,0.266,-0.54,0.72,0,0.268,-0.67,0.976,0,0.306,-0.31,0,0,0.379,,,,,,,,0.267,-0.62,0.881,0,,,,
54808,20191115,-88.37,40.05,0.264,-0.58,0.863,0,0.268,-0.7,1,0,0.305,-0.34,0,0,0.378,,,,,,,,0.266,-0.65,1,0,,,,
54808,20191116,-88.37,40.05,0.264,-0.61,0.994,0,0.268,-0.71,1,0,0.305,-0.37,0,0,0.378,,,,,,,,0.266,-0.67,1,0,,,,
54808,20191117,-88.37,40.05,0.264,-0.63,1,0,0.268,-0.73,1,0,0.304,-0.39,0,0,0.377,,,,,,,,0.266,-0.69,1,0,,,,
54808,20191118,-88.37,40.05,0.265,-0.65,1,0,0.268,-0.74,1,0,0.304,-0.4,0.006,0,0.377,,,,,,,,0.266,-0.71,1,0,,,,
54808,20191119,-88.37,40.05,0.266,-0.67,1,0,0.268,-0.74,1,0,0.304,-0.41,0.006,0,0.376,,,,,,,,0.267,-0.72,1,0,,,,
54808,20191120,-88.37,40.05,0.268,-0.67,1,0,0.268,-0.75,1,0,0.304,-0.43,0.006,0,0.376,,,,,,,,0.268,-0.73,1,0,,,,
54808,20191121,-88.37,40.05,0.271,-0.66,1,0,0.269,-0.75,1,0,0.304,-0.43,0.012,0,0.376,,,,,,,,0.27,-0.72,1,0,,,,
54808,20191122,-88.37,40.05,0.281,-0.59,0.863,0,0.274,-0.72,0.863,0,0.307,-0.42,0.012,0,0.376,,,,,,,,0.277,-0.67,0.863,0,,,,
54808,20191123,-88.37,40.05,0.288,-0.53,0.72,0,0.277,-0.71,0.774,0,0.31,-0.4,0.012,0,0.376,,,,,,,,0.283,-0.63,0.72,0,,,,
54808,20191124,-88.37,40.05,0.296,-0.48,0.577,0,0.28,-0.69,0.768,0,0.312,-0.39,0.012,0,0.376,,,,,,,,0.288,-0.59,0.577,0,,,,
54808,20191125,-88.37,40.05,0.304,-0.42,0.435,0,0.283,-0.68,0.768,0,0.315,-0.37,0.006,0,0.377,,,,,,,,0.294,-0.56,0.44,0,,,,
54808,20191126,-88.37,40.05,0.311,-0.37,0.292,0,0.286,-0.68,0.768,0,0.317,-0.36,0.006,0,0.377,,,,,,,,0.298,-0.52,0.351,0,,,,
54808,20191127,-88.37,40.05,0.319,-0.31,0.149,0,0.292,-0.64,0.714,0,0.32,-0.34,0.006,0,0.378,,,,,,,,0.305,-0.47,0.28,0,,,,
54808,20191128,-88.37,40.05,0.329,-0.22,0.006,0,0.299,-0.59,0.571,0,0.325,-0.31,0,0,0.382,,,,,,,,0.314,-0.41,0.137,0,,,,
54808,20191129,-88.37,40.05,0.329,-0.24,0,0,0.3,-0.6,0.601,0,0.326,-0.32,0,0,0.385,,,,,,,,0.315,-0.42,0.131,0,,,,
54808,20191130,-88.37,40.05,0.333,-0.22,0,0,0.303,-0.58,0.649,0,0.327,-0.31,0,0,0.388,,,,,,,,0.318,-0.4,0.137,0,,,,
54808,20191201,-88.37,40.05,0.341,-0.16,0,0,0.313,-0.51,0.512,0,0.333,-0.26,0,0,0.396,,,,,,,,0.327,-0.33,0.137,0,,,,
54808,20191202,-88.37,40.05,0.349,-0.11,0,0,0.322,-0.43,0.369,0,0.338,-0.21,0,0,0.4,,,,,,,,0.336,-0.26,0.131,0,,,,
54808,20191203,-88.37,40.05,0.356,-0.06,0,0,0.33,-0.37,0.226,0,0.343,-0.17,0,0,0.404,,,,,,,,0.343,-0.2,0.077,0,,,,
54808,20191204,-88.37,40.05,0.36,-0.05,0,0,0.335,-0.35,0.137,0,0.347,-0.14,0,0,0.407,,,,,,,,0.347,-0.19,0.006,0,,,,
54808,20191205,-88.37,40.05,0.361,-0.07,0,0,0.337,-0.36,0.155,0,0.348,-0.14,0,0,0.406,,,,,,,,0.349,-0.2,0.006,0,,,,
54808,20191206,-88.37,40.05,0.362,-0.09,0,0,0.34,-0.35,0.262,0,0.35,-0.12,0,0,0.405,,,,,,,,0.351,-0.2,0.012,0,,,,
54808,20191207,-88.37,40.05,0.361,-0.12,0,0,0.341,-0.37,0.304,0,0.351,-0.12,0,0,0.403,,,,,,,,0.351,-0.24,0.131,0,,,,
54808,20191208,-88.37,40.05,0.356,-0.22,0.048,0,0.336,-0.46,0.446,0,0.349,-0.17,0,0,0.397,,,,,,,,0.346,-0.34,0.274,0,,,,
54808,20191209,-88.37,40.05,0.351,-0.3,0.137,0,0.332,-0.53,0.571,0,0.347,-0.21,0,0,0.393,,,,,,,,0.342,-0.43,0.393,0,,,,
54808,20191210,-88.37,40.05,0.352,-0.31,0.137,0,0.334,-0.52,0.571,0,0.348,-0.21,0,0,0.394,,,,,,,,0.343,-0.44,0.393,0,,,,
54808,20191211,-88.37,40.05,0.353,-0.32,0.137,0,0.335,-0.53,0.661,0,0.348,-0.22,0,0,0.394,,,,,,,,0.344,-0.47,0.411,0,,,,
54808,20191212,-88.37,40.05,0.353,-0.34,0.137,0,0.336,-0.55,0.786,0,0.349,-0.22,0,0,0.394,,,,,,,,0.344,-0.5,0.536,0,,,,
54808,20191213,-88.37,40.05,0.354,-0.36,0.173,0,0.336,-0.56,0.786,0,0.349,-0.24,0,0,0.394,,,,,,,,0.345,-0.52,0.673,0,,,,
54808,20191214,-88.37,40.05,0.355,-0.38,0.292,0,0.337,-0.57,0.786,0,0.349,-0.25,0,0,0.394,,,,,,,,0.346,-0.54,0.69,0,,,,
54808,20191215,-88.37,40.05,0.357,-0.39,0.387,0,0.338,-0.58,0.786,0,0.349,-0.26,0,0,0.394,,,,,,,,0.348,-0.55,0.69,0,,,,
54808,20191216,-88.37,40.05,0.357,-0.41,0.44,0,0.338,-0.6,0.804,0,0.349,-0.28,0.018,0,0.394,,,,,,,,0.348,-0.57,0.714,0,,,,
54808,20191217,-88.37,40.05,0.353,-0.49,0.583,0,0.333,-0.69,0.946,0,0.347,-0.34,0.071,0,0.391,,,,,,,,0.343,-0.66,0.857,0,,,,
54808,20191218,-88.37,40.05,0.35,-0.55,0.726,0,0.331,-0.74,1,0,0.345,-0.39,0.131,0,0.388,,,,,,,,0.341,-0.72,0.982,0,,,,
54808,20191219,-88.37,40.05,0.349,-0.6,0.869,0,0.329,-0.78,1,0,0.344,-0.42,0.226,0,0.387,,,,,,,,0.339,-0.76,1,0,,,,
54808,20191220,-88.37,40.05,0.348,-0.63,0.976,0,0.328,-0.82,1,0,0.343,-0.45,0.345,0,0.386,,,,,,,,0.338,-0.81,1,0,,,,
54808,20191221,-88.37,40.05,0.35,-0.63,0.911,0,0.327,-0.85,1,0,0.342,-0.48,0.488,0,0.385,,,,,,,,0.338,-0.82,1,0,,,,
54808,20191222,-88.37,40.05,0.354,-0.59,0.768,0,0.329,-0.84,0.988,0,0.343,-0.49,0.536,0,0.384,,,,,,,,0.341,-0.79,0.893,0,,,,
54808,20191223,-88.37,40.05,0.357,-0.56,0.625,0,0.332,-0.81,0.988,0,0.343,-0.48,0.518,0,0.384,,,,,,,,0.344,-0.76,0.887,0,,,,
54808,20191224,-88.37,40.05,0.361,-0.52,0.482,0,0.334,-0.78,0.988,0,0.344,-0.47,0.464,0,0.384,,,,,,,,0.347,-0.73,0.887,0,,,,
54808,20191225,-88.37,40.05,0.364,-0.49,0.339,0,0.337,-0.76,0.988,0,0.345,-0.47,0.417,0,0.385,,,,,,,,0.35,-0.7,0.887,0,,,,
54808,20191226,-88.37,40.05,0.367,-0.45,0.202,0,0.339,-0.73,0.988,0,0.346,-0.46,0.339,0,0.385,,,,,,,,0.353,-0.68,0.887,0,,,,
54808,20191227,-88.37,40.05,0.371,-0.42,0.06,0,0.342,-0.7,0.988,0,0.347,-0.45,0.22,0,0.386,,,,,,,,0.356,-0.64,0.887,0,,,,
54808,20191228,-88.37,40.05,0.372,-0.41,0.054,0,0.344,-0.67,0.988,0,0.348,-0.44,0.119,0,0.386,,,,,,,,0.358,-0.62,0.887,0,,,,
54808,20191229,-88.37,40.05,0.373,-0.41,0.137,0.006,0.346,-0.65,0.952,0.012,0.35,-0.43,0.161,0,0.388,,,,,,,,0.359,-0.61,0.946,0.006,,,,
54808,20191230,-88.37,40.05,0.378,-0.35,0.137,0.018,0.353,-0.56,0.81,0.024,0.353,-0.36,0.161,0,0.4,,,,,,,,0.365,-0.52,0.81,0.012,,,,
54808,20191231,-88.37,40.05,0.382,-0.31,0.14,0.018,0.357,-0.49,0.667,0.024,0.356,-0.3,0.161,0,0.41,,,,,,,,0.369,-0.47,0.683,0.012,,,,
54808,20200101,-88.37,40.05,0.384,-0.3,0.152,0.02,0.359,-0.46,0.643,0.024,0.358,-0.27,0.149,0,0.413,,,,,,,,0.372,-0.44,0.591,0.013,,,,
54808,20200102,-88.37,40.05,0.386,-0.27,0.201,0.022,0.362,-0.45,0.643,0.024,0.36,-0.25,0.131,0,0.415,,,,,,,,0.374,-0.4,0.538,0.015,,,,
54808,20200103,-88.37,40.05,0.387,-0.24,0.245,0.027,0.363,-0.44,0.643,0.024,0.361,-0.24,0.131,0,0.416,,,,,,,,0.375,-0.34,0.435,0.019,,,,
54808,20200104,-88.37,40.05,0.388,-0.17,0.221,0.035,0.365,-0.43,0.643,0.024,0.362,-0.23,0.131,0,0.417,,,,,,,,0.376,-0.24,0.274,0.024,,,,
54808,20200105,-88.37,40.05,0.387,-0.12,0.081,0.032,0.364,-0.48,0.69,0.012,0.361,-0.25,0.173,0,0.417,,,,,,,,0.375,-0.16,0.117,0.017,,,,
54808,20200106,-88.37,40.05,0.382,-0.24,0.132,0,0.357,-0.62,0.833,0,0.358,-0.34,0.315,0,0.406,,,,,,,,0.369,-0.3,0.194,0,,,,
54808,20200107,-88.37,40.05,0.378,-0.35,0.278,0,0.353,-0.72,0.976,0,0.355,-0.42,0.458,0,0.396,,,,,,,,0.366,-0.45,0.438,0,,,,
54808,20200108,-88.37,40.05,0.377,-0.4,0.714,0,0.35,-0.81,1,0,0.353,-0.47,0.601,0,0.393,,,,,,,,0.364,-0.5,1,0,,,,
54808,20200109,-88.37,40.05,0.376,,,,0.348,-0.88,1,0,0.352,-0.52,0.744,0,0.391,,,,,,,,0.362,,,,,,,
54808,20200110,-88.37,40.05,0.376,,,,0.348,-0.9,0.958,0.018,0.352,-0.53,0.845,0,0.392,,,,,,,,0.362,,,,,,,
54808,20200111,-88.37,40.05,0.386,,,,0.359,-0.68,0.815,0.095,0.362,-0.25,0.804,0.131,0.413,,,,,,,,0.372,,,,,,,
54808,20200112,-88.37,40.05,0.403,,,,0.378,-0.6,0.769,0.129,0.379,0.2,0.673,0.274,0.435,,,,,,,,0.391,,,,,,,
54808,20200113,-88.37,40.05,0.412,,,,0.39,-0.54,0.724,0.154,0.391,0.52,0.53,0.417,0.458,,,,,,,,0.401,,,,,,,
54808,20200114,-88.37,40.05,0.418,,,,0.395,-0.44,0.657,0.192,0.396,0.64,0.387,0.476,0.48,,,,,,,,0.406,,,,,,,
54808,20200115,-88.37,40.05,0.422,,,,0.4,-0.25,0.547,0.253,0.399,0.72,0.244,0.476,0.489,,,,,,,,0.411,,,,,,,
54808,20200116,-88.37,40.05,0.426,,,,0.405,0.16,0.333,0.373,0.402,0.79,0.101,0.476,0.493,,,,,,,,0.415,,,,,,,
54808,20200117,-88.37,40.05,0.43,,,,0.406,0.95,0,0.593,0.403,0.81,0.006,0.476,0.493,,,,,,,,0.418,,,,,,,
54808,20200118,-88.37,40.05,0.422,,,,0.399,2.13,0,1,0.395,0.59,0.077,0.369,0.476,,,,,,,,0.41,,,,,,,
54808,20200119,-88.37,40.05,0.413,,,,0.392,,,,0.388,0.44,0.077,0.369,0.474,,,,,,,,0.4,,,,,,,
54808,20200120,-88.37,40.05,,,,,0.386,,,,0.38,0.21,0.077,0.238,0.462,,,,,,,,,,,,,,,
54808,20200121,-88.37,40.05,,,,,,,,,0.378,0.15,0.077,0.179,0.442,,,,,,,,,,,,,,,
54808,20200122,-88.37,40.05,,,,,,,,,0.377,0.13,0.083,0.179,0.434,,,,,,,,,,,,,,,
54808,20200123,-88.37,40.05,,,,,,,,,0.377,0.11,0.101,0.179,0.43,,,,,,,,,,,,,,,
54808,20200124,-88.37,40.05,,,,,,,,,0.378,0.15,0.131,0.185,0.429,,,,,,,,,,,,,,,
54808,20200125,-88.37,40.05,,,,,,,,,0.38,0.2,0.06,0.167,0.427,,,,,,,,,,,,,,,
54808,20200126,-88.37,40.05,,,,,,,,,0.373,-0.01,0.06,0.024,0.407,,,,,,,,,,,,,,,
54808,20200127,-88.37,40.05,,,,,,,,,0.373,-0.01,0.06,0.012,0.398,,,,,,,,,,,,,,,
54808,20200128,-88.37,40.05,,,,,,,,,0.374,0,0.06,0.012,0.397,,,,,,,,,,,,,,,
54808,20200129,-88.37,40.05,,,,,,,,,0.375,0.03,0.054,0.012,0.396,,,,,,,,,,,,,,,
54808,20200130,-88.37,40.05,,,,,,,,,0.376,0.06,0.056,0.012,0.396,,,,,,,,,,,,,,,
54808,20200131,-88.37,40.05,,,,,,,,,0.376,0.08,0.022,0.007,0.396,,,,,,,,,,,,,,,
54808,20200201,-88.37,40.05,,,,,,,,,0.376,0.03,0.026,0,0.396,,,,,,,,,,,,,,,
54808,20200202,-88.37,40.05,,,,,,,,,0.376,0,0.033,0,0.397,,,,,,,,,,,,,,,
54808,20200203,-88.37,40.05,,,,,,,,,0.376,-0.03,0.045,0,0.397,,,,,,,,,,,,,,,
54808,20200204,-88.37,40.05,,,,,,,,,0.376,-0.05,0.07,0,0.398,,,,,,,,,,,,,,,
54808,20200205,-88.37,40.05,,,,,0.38,,,,0.375,-0.1,0.158,0,0.399,,,,,,,,,,,,,,,
54808,20200206,-88.37,40.05,0.377,,,,0.376,,,,0.374,-0.23,0,0,0.4,,,,,,,,0.374,,,,,,,
54808,20200207,-88.37,40.05,0.377,,,,0.371,,,,0.372,,,,0.4,,,,,,,,0.374,,,,,,,
54808,20200208,-88.37,40.05,0.375,,,,0.367,,,,0.371,,,,0.398,,,,,,,,0.371,,,,,,,
54808,20200209,-88.37,40.05,0.377,,,,0.368,,,,0.371,,,,0.398,,,,,,,,0.372,,,,,,,
54808,20200210,-88.37,40.05,0.382,,,,0.373,,,,0.374,,,,0.411,,,,,,,,0.378,,,,,,,
54808,20200211,-88.37,40.05,0.385,,,,0.376,,,,0.376,,,,0.426,,,,,,,,0.381,,,,,,,
54808,20200212,-88.37,40.05,0.388,,,,0.378,,,,0.377,,,,0.43,,,,,,,,0.383,,,,,,,
54808,20200213,-88.37,40.05,0.389,,,,0.379,,,,0.378,-0.29,0.091,0,0.431,,,,,,,,0.384,,,,,,,
54808,20200214,-88.37,40.05,0.39,,,,0.38,,,,0.379,-0.28,0.067,0,0.432,,,,,,,,0.385,,,,,,,
54808,20200215,-88.37,40.05,0.392,,,,0.379,,,,0.378,-0.34,0.358,0,0.432,,,,,,,,0.386,,,,,,,
54808,20200216,-88.37,40.05,,,,,0.374,,,,0.375,-0.39,0.545,0,0.43,,,,,,,,,,,,,,,
54808,20200217,-88.37,40.05,,,,,0.372,,,,0.371,-0.38,0.505,0,0.416,,,,,,,,,,,,,,,
54808,20200218,-88.37,40.05,,,,,0.379,,,,0.374,-0.13,0.408,0.136,0.412,,,,,,,,,,,,,,,
54808,20200219,-88.37,40.05,,,,,0.384,,,,0.379,0.01,0.342,0.235,0.429,,,,,,,,,,,,,,,
54808,20200220,-88.37,40.05,,,,,0.385,,,,0.38,0.02,0.309,0.216,0.435,,,,,,,,,,,,,,,
54808,20200221,-88.37,40.05,,,,,0.389,,,,0.38,0,0.299,0.21,0.437,,,,,,,,,,,,,,,
54808,20200222,-88.37,40.05,,,,,0.389,,,,0.38,0,0.244,0.208,0.437,,,,,,,,,,,,,,,
54808,20200223,-88.37,40.05,,,,,0.39,,,,0.38,-0.01,0.244,0.208,0.438,,,,,,,,,,,,,,,
54808,20200224,-88.37,40.05,,,,,0.384,,,,0.379,-0.05,0.333,0.208,0.437,,,,,,,,,,,,,,,
54808,20200225,-88.37,40.05,,,,,0.377,,,,0.374,-0.21,0.411,0.107,0.424,,,,,,,,,,,,,,,
54808,20200226,-88.37,40.05,,,,,0.379,,,,0.372,-0.27,0.411,0.083,0.407,,,,,,,,,,,,,,,
54808,20200227,-88.37,40.05,,,,,0.382,,,,0.374,-0.23,0.411,0.089,0.404,,,,,,,,,,,,,,,
54808,20200228,-88.37,40.05,,,,,0.383,,,,0.376,-0.17,0.405,0.089,0.405,,,,,,,,,,,,,,,
54808,20200229,-88.37,40.05,,,,,0.385,,,,0.377,-0.14,0.357,0.089,0.406,,,,,,,,,,,,,,,
54808,20200301,-88.37,40.05,0.412,0.28,0,0,0.39,0.06,0,0,0.378,-0.11,0.22,0.089,0.407,,,,,,,,0.401,,,,,,,
54808,20200302,-88.37,40.05,0.416,0.1,0,0,0.394,-0.14,0,0.167,0.38,-0.05,0.089,0.113,0.411,,,,,,,,0.405,,,,,,,
54808,20200303,-88.37,40.05,0.418,0.36,0,0.467,0.397,0.02,0,0.135,0.383,0.03,0.012,0.173,0.428,,,,,,,,0.407,,,,,,,
54808,20200304,-88.37,40.05,0.414,0.32,0,0.286,0.392,-0.03,0,0.082,0.381,-0.03,0.012,0.089,0.429,,,,,,,,0.403,0.02,0,0,,,,
54808,20200305,-88.37,40.05,0.408,0.21,0,0.174,0.388,-0.12,0,0.059,0.379,-0.09,0.012,0.083,0.427,,,,,,,,0.398,-0.12,0,0,,,,
54808,20200306,-88.37,40.05,0.402,0.1,0,0.119,0.383,-0.2,0.009,0.046,0.377,-0.15,0.024,0.083,0.425,,,,,,,,0.392,-0.22,0.196,0,,,,
54808,20200307,-88.37,40.05,0.397,0.02,0,0.088,0.379,-0.27,0.135,0.038,0.376,-0.19,0.137,0.083,0.424,,,,,,,,0.388,-0.3,0.414,0,,,,
54808,20200308,-88.37,40.05,0.393,-0.07,0.117,0.072,0.373,-0.34,0.275,0.033,0.375,-0.22,0.28,0.083,0.423,,,,,,,,0.383,-0.36,0.543,0,,,,
54808,20200309,-88.37,40.05,0.388,-0.15,0.282,0.061,0.368,-0.4,0.405,0.012,0.373,-0.28,0.411,0.06,0.42,,,,,,,,0.378,-0.41,0.636,0,,,,
54808,20200310,-88.37,40.05,0.384,-0.13,0.324,0.088,0.365,-0.42,0.458,0.06,0.372,-0.33,0.476,0.054,0.407,,,,,,,,0.375,-0.33,0.606,0.085,,,,
54808,20200311,-88.37,40.05,0.387,-0.04,0.302,0.226,0.367,-0.36,0.458,0.131,0.373,-0.28,0.476,0.131,0.408,,,,,,,,0.377,-0.22,0.544,0.222,,,,
54808,20200312,-88.37,40.05,0.389,0.02,0.291,0.364,0.37,-0.3,0.458,0.131,0.374,-0.23,0.476,0.131,0.409,,,,,,,,0.38,-0.15,0.521,0.236,,,,
54808,20200313,-88.37,40.05,0.395,0.15,0.286,0.5,0.376,-0.19,0.452,0.214,0.376,-0.16,0.464,0.19,0.41,,,,,,,,0.385,-0.02,0.458,0.321,,,,
54808,20200314,-88.37,40.05,0.4,0.27,0.286,0.643,0.381,-0.07,0.351,0.268,0.379,-0.06,0.351,0.238,0.412,,,,,,,,0.391,0.11,0.339,0.411,,,,
54808,20200315,-88.37,40.05,0.408,0.43,0.208,0.786,0.388,0.07,0.208,0.357,0.383,0.06,0.208,0.31,0.416,,,,,,,,0.398,0.27,0.208,0.512,,,,
54808,20200316,-88.37,40.05,0.416,0.61,0.065,0.929,0.396,0.21,0.065,0.44,0.386,0.18,0.065,0.333,0.421,,,,,,,,0.406,0.44,0.065,0.655,,,,
54808,20200317,-88.37,40.05,0.418,0.66,0,1,0.397,0.25,0,0.381,0.386,0.2,0,0.28,0.421,,,,,,,,0.408,0.49,0,0.714,,,,
54808,20200318,-88.37,40.05,0.417,0.63,0,0.976,0.395,0.21,0,0.31,0.385,0.15,0,0.202,0.418,,,,,,,,0.406,0.45,0,0.607,,,,
54808,20200319,-88.37,40.05,0.422,0.71,0,0.958,0.399,0.28,0,0.429,0.388,0.25,0,0.31,0.431,,,,,,,,0.41,0.53,0,0.702,,,,
54808,20200320,-88.37,40.05,0.429,0.83,0,0.958,0.405,0.4,0,0.488,0.395,0.46,0,0.393,0.451,,,,,,,,0.417,0.66,0,0.756,,,,
54808,20200321,-88.37,40.05,0.433,0.89,0,0.958,0.409,0.47,0,0.577,0.398,0.56,0,0.482,0.47,,,,,,,,0.421,0.73,0,0.81,,,,
54808,20200322,-88.37,40.05,0.432,0.85,0,0.958,0.408,0.45,0,0.488,0.397,0.54,0,0.423,0.474,,,,,,,,0.42,0.71,0,0.815,,,,
54808,20200323,-88.37,40.05,0.432,0.84,0,0.958,0.407,0.44,0,0.476,0.396,0.52,0,0.399,0.474,,,,,,,,0.419,0.7,0,0.762,,,,
54808,20200324,-88.37,40.05,0.434,0.86,0,0.958,0.408,0.48,0,0.565,0.396,0.52,0,0.399,0.474,,,,,,,,0.421,0.73,0,0.774,,,,
54808,20200325,-88.37,40.05,0.436,0.89,0,0.982,0.41,0.51,0,0.619,0.397,0.53,0,0.399,0.475,,,,,,,,0.423,0.77,0,0.887,,,,
54808,20200326,-88.37,40.05,0.434,0.85,0,1,0.407,0.46,0,0.518,0.393,0.43,0,0.292,0.461,,,,,,,,0.42,0.72,0,0.911,,,,
54808,20200327,-88.37,40.05,0.426,0.71,0,1,0.399,0.32,0,0.381,0.385,0.2,0,0.149,0.441,,,,,,,,0.412,0.58,0,0.911,,,,
54808,20200328,-88.37,40.05,0.427,0.72,0,1,0.399,0.33,0,0.37,0.383,0.14,0,0.133,0.422,,,,,,,,0.413,0.59,0,0.909,,,,
54808,20200329,-88.37,40.05,0.429,0.76,0,1,0.4,0.37,0,0.459,0.384,0.15,0,0.182,0.416,,,,,,,,0.415,0.63,0,0.939,,,,
54808,20200330,-88.37,40.05,0.429,0.76,0,1,0.4,0.37,0,0.439,0.385,0.19,0,0.236,0.415,,,,,,,,0.414,0.63,0,1,,,,
54808,20200331,-88.37,40.05,0.426,0.72,0,1,0.396,0.32,0,0.338,0.384,0.18,0,0.236,0.414,,,,,,,,0.411,0.58,0,0.899,,,,
54808,20200401,-88.37,40.05,0.422,0.65,0,0.885,0.393,0.26,0,0.277,0.384,0.17,0,0.236,0.414,,,,,,,,0.407,0.52,0,0.736,,,,
54808,20200402,-88.37,40.05,0.416,0.56,0,0.723,0.388,0.2,0,0.257,0.382,0.14,0,0.236,0.413,,,,,,,,0.402,0.44,0,0.574,,,,
54808,20200403,-88.37,40.05,0.408,0.46,0,0.561,0.383,0.12,0,0.25,0.381,0.12,0,0.236,0.413,,,,,,,,0.396,0.34,0,0.412,,,,
54808,20200404,-88.37,40.05,0.394,0.25,0,0.411,0.372,-0.06,0.119,0.106,0.377,0.02,0,0.099,0.411,,,,,,,,0.383,0.13,0,0.265,,,,
54808,20200405,-88.37,40.05,0.385,0.15,0,0.327,0.366,-0.15,0.25,0.054,0.375,-0.03,0,0.048,0.41,,,,,,,,0.375,0.02,0.119,0.196,,,,
54808,20200406,-88.37,40.05,0.371,-0.01,0.042,0.185,0.357,-0.27,0.393,0,0.372,-0.1,0,0,0.408,,,,,,,,0.364,-0.13,0.262,0.054,,,,
54808,20200407,-88.37,40.05,0.358,-0.15,0.185,0.042,0.349,-0.37,0.536,0,0.369,-0.14,0,0,0.406,,,,,,,,0.354,-0.26,0.405,0,,,,
54808,20200408,-88.37,40.05,0.344,-0.28,0.327,0,0.339,-0.48,0.679,0,0.367,-0.18,0,0,0.405,,,,,,,,0.342,-0.39,0.548,0,,,,
54808,20200409,-88.37,40.05,0.328,-0.42,0.47,0,0.328,-0.61,0.821,0,0.364,-0.22,0,0,0.404,,,,,,,,0.328,-0.52,0.69,0,,,,
54808,20200410,-88.37,40.05,0.312,-0.54,0.613,0,0.316,-0.72,0.964,0,0.361,-0.27,0,0,0.403,,,,,,,,0.314,-0.64,0.833,0,,,,
54808,20200411,-88.37,40.05,0.298,-0.64,0.756,0,0.304,-0.81,1,0,0.357,-0.32,0.024,0,0.402,,,,,,,,0.301,-0.73,0.976,0,,,,
54808,20200412,-88.37,40.05,0.285,-0.72,0.899,0,0.291,-0.91,1,0,0.351,-0.38,0.149,0,0.4,,,,,,,,0.288,-0.82,1,0,,,,
54808,20200413,-88.37,40.05,0.273,-0.79,1,0,0.279,-0.99,1,0,0.346,-0.44,0.292,0,0.399,,,,,,,,0.276,-0.9,1,0,,,,
54808,20200414,-88.37,40.05,0.263,-0.84,1,0,0.267,-1.06,1,0,0.34,-0.49,0.435,0,0.398,,,,,,,,0.265,-0.96,1,0,,,,
54808,20200415,-88.37,40.05,0.255,-0.87,1,0,0.257,-1.11,1,0,0.333,-0.56,0.577,0,0.396,,,,,,,,0.256,-1,1,0,,,,
54808,20200416,-88.37,40.05,0.25,-0.88,1,0,0.249,-1.13,1,0,0.325,-0.62,0.72,0,0.394,,,,,,,,0.249,-1.02,1,0,,,,
54808,20200417,-88.37,40.05,0.245,-0.88,1,0,0.243,-1.15,1,0,0.318,-0.68,0.863,0,0.392,,,,,,,,0.244,-1.03,1,0,,,,
54808,20200418,-88.37,40.05,0.241,-0.88,1,0,0.238,-1.16,1,0,0.311,-0.72,0.982,0,0.39,,,,,,,,0.24,-1.03,1,0,,,,
54808,20200419,-88.37,40.05,0.239,-0.86,1,0,0.234,-1.16,1,0,0.306,-0.75,1,0,0.388,,,,,,,,0.237,-1.03,1,0,,,,
54808,20200420,-88.37,40.05,0.237,-0.85,1,0,0.231,-1.16,1,0,0.301,-0.77,1,0,0.386,,,,,,,,0.234,-1.02,1,0,,,,
54808,20200421,-88.37,40.05,0.234,-0.84,1,0,0.227,-1.17,1,0,0.296,-0.8,1,0,0.384,,,,,,,,0.23,-1.01,1,0,,,,
54808,20200422,-88.37,40.05,0.23,-0.84,1,0,0.223,-1.18,1,0,0.291,-0.83,1,0,0.382,,,,,,,,0.227,-1.01,1,0,,,,
54808,20200423,-88.37,40.05,0.226,-0.84,1,0,0.218,-1.19,1,0,0.286,-0.86,1,0,0.378,,,,,,,,0.222,-1.01,1,0,,,,
54808,20200424,-88.37,40.05,0.225,-0.82,1,0,0.213,-1.19,1,0,0.28,-0.88,1,0,0.375,,,,,,,,0.219,-1,1,0,,,,
54808,20200425,-88.37,40.05,0.237,-0.73,0.935,0.054,0.217,-1.12,0.946,0,0.276,-0.9,1,0,0.372,,,,,,,,0.227,-0.92,0.94,0.012,,,,
54808,20200426,-88.37,40.05,0.266,-0.53,0.792,0.19,0.242,-0.9,0.804,0.101,0.282,-0.81,0.911,0.065,0.371,,,,,,,,0.254,-0.7,0.798,0.119,,,,
54808,20200427,-88.37,40.05,0.292,-0.35,0.649,0.333,0.266,-0.67,0.661,0.232,0.295,-0.66,0.768,0.131,0.384,,,,,,,,0.279,-0.5,0.655,0.262,,,,
54808,20200428,-88.37,40.05,0.315,-0.19,0.506,0.405,0.288,-0.47,0.518,0.232,0.307,-0.51,0.625,0.131,0.388,,,,,,,,0.302,-0.31,0.512,0.286,,,,
54808,20200429,-88.37,40.05,0.346,0.02,0.363,0.47,0.316,-0.22,0.375,0.298,0.326,-0.32,0.482,0.196,0.399,,,,,,,,0.331,-0.08,0.369,0.351,,,,
54808,20200430,-88.37,40.05,0.388,0.29,0.22,0.613,0.357,0.13,0.232,0.44,0.355,-0.02,0.339,0.339,0.418,,,,,,,,0.372,0.24,0.226,0.494,,,,
54808,20200501,-88.37,40.05,0.42,0.5,0.077,0.756,0.392,0.43,0.089,0.583,0.382,0.25,0.196,0.482,0.438,,,,,,,,0.406,0.49,0.083,0.637,,,,
54808,20200502,-88.37,40.05,0.435,0.6,0,0.845,0.411,0.6,0,0.726,0.401,0.44,0.054,0.625,0.455,,,,,,,,0.423,0.63,0,0.768,,,,
54808,20200503,-88.37,40.05,0.429,0.57,0,0.815,0.408,0.58,0,0.714,0.407,0.51,0,0.69,0.461,,,,,,,,0.419,0.61,0,0.78,,,,
54808,20200504,-88.37,40.05,0.428,0.56,0,0.81,0.405,0.57,0,0.583,0.406,0.51,0,0.685,0.453,,,,,,,,0.417,0.6,0,0.75,,,,
54808,20200505,-88.37,40.05,0.429,0.57,0,0.756,0.405,0.57,0,0.583,0.406,0.52,0,0.685,0.454,,,,,,,,0.417,0.6,0,0.726,,,,
54808,20200506,-88.37,40.05,0.429,0.56,0,0.833,0.401,0.53,0,0.571,0.401,0.48,0,0.619,0.448,,,,,,,,0.415,0.58,0,0.78,,,,
54808,20200507,-88.37,40.05,0.417,0.48,0,0.833,0.386,0.41,0,0.429,0.387,0.35,0,0.476,0.434,,,,,,,,0.402,0.48,0,0.738,,,,
54808,20200508,-88.37,40.05,0.408,0.42,0,0.69,0.375,0.32,0,0.286,0.375,0.25,0,0.333,0.42,,,,,,,,0.392,0.41,0,0.595,,,,
54808,20200509,-88.37,40.05,0.402,0.38,0,0.548,0.369,0.26,0,0.143,0.371,0.21,0,0.19,0.409,,,,,,,,0.385,0.36,0,0.452,,,,
54808,20200510,-88.37,40.05,0.395,0.33,0,0.44,0.363,0.21,0,0.054,0.367,0.19,0,0.06,0.405,,,,,,,,0.379,0.31,0,0.333,,,,
54808,20200511,-88.37,40.05,0.384,0.26,0,0.304,0.356,0.15,0,0.054,0.363,0.16,0,0,0.402,,,,,,,,0.37,0.24,0,0.22,,,,
54808,20200512,-88.37,40.05,0.373,0.2,0,0.286,0.348,0.09,0,0.054,0.36,0.14,0,0,0.4,,,,,,,,0.361,0.17,0,0.22,,,,
54808,20200513,-88.37,40.05,0.356,0.09,0,0.143,0.338,0,0,0,0.356,0.11,0,0,0.398,,,,,,,,0.347,0.07,0,0.101,,,,
54808,20200514,-88.37,40.05,0.339,-0.01,0,0,0.326,-0.1,0.054,0,0.352,0.08,0,0,0.396,,,,,,,,0.333,-0.04,0.018,0,,,,
54808,20200515,-88.37,40.05,0.331,-0.06,0,0,0.317,-0.18,0.083,0,0.349,0.05,0,0,0.395,,,,,,,,0.324,-0.1,0.036,0,,,,
54808,20200516,-88.37,40.05,0.327,-0.08,0,0,0.309,-0.24,0.083,0,0.346,0.02,0,0,0.393,,,,,,,,0.318,-0.14,0.036,0,,,,
54808,20200517,-88.37,40.05,0.332,-0.04,0,0.06,0.312,-0.22,0.143,0.06,0.348,0.05,0,0.054,0.396,,,,,,,,0.322,-0.11,0.036,0.06,,,,
54808,20200518,-88.37,40.05,0.354,0.1,0,0.202,0.331,-0.06,0.143,0.202,0.362,0.17,0,0.196,0.42,,,,,,,,0.342,0.04,0.036,0.202,,,,
54808,20200519,-88.37,40.05,0.373,0.23,0,0.345,0.348,0.08,0.143,0.345,0.374,0.29,0,0.339,0.444,,,,,,,,0.36,0.19,0.036,0.345,,,,
54808,20200520,-88.37,40.05,0.393,0.37,0,0.488,0.363,0.21,0.143,0.488,0.382,0.36,0,0.482,0.461,,,,,,,,0.378,0.32,0.036,0.488,,,,
54808,20200521,-88.37,40.05,0.413,0.52,0,0.631,0.377,0.34,0.089,0.631,0.389,0.43,0,0.625,0.468,,,,,,,,0.395,0.47,0.018,0.631,,,,
54808,20200522,-88.37,40.05,0.426,0.61,0,0.774,0.39,0.46,0.06,0.768,0.396,0.5,0,0.768,0.473,,,,,,,,0.408,0.57,0,0.774,,,,
54808,20200523,-88.37,40.05,0.436,0.69,0,0.917,0.402,0.56,0.06,0.833,0.402,0.56,0,0.899,0.476,,,,,,,,0.419,0.67,0,0.917,,,,
54808,20200524,-88.37,40.05,0.437,0.72,0,1,0.405,0.6,0,0.774,0.403,0.57,0,0.982,0.476,,,,,,,,0.421,0.7,0,1,,,,
54808,20200525,-88.37,40.05,0.425,0.67,0,0.964,0.394,0.52,0,0.679,0.394,0.5,0,0.964,0.455,0.48,0,1,,,,,0.409,0.64,0,0.94,,,,
54808,20200526,-88.37,40.05,0.421,0.66,0,0.964,0.389,0.5,0,0.679,0.389,0.46,0,0.964,0.434,0.54,0,1,,,,,0.405,0.62,0,0.94,,,,
54808,20200527,-88.37,40.05,0.416,0.65,0,0.964,0.386,0.48,0,0.679,0.387,0.45,0,0.964,0.421,0.54,0,1,,,,,0.401,0.61,0,0.94,,,,
54808,20200528,-88.37,40.05,0.41,0.63,0,0.964,0.382,0.47,0,0.619,0.386,0.45,0,0.964,0.419,0.52,0,1,,,,,0.396,0.59,0,0.94,,,,
54808,20200529,-88.37,40.05,0.402,0.6,0,0.917,0.377,0.45,0,0.494,0.385,0.45,0,0.964,0.418,0.51,0,1,,,,,0.389,0.56,0,0.869,,,,
54808,20200530,-88.37,40.05,0.393,0.56,0,0.774,0.371,0.42,0,0.429,0.384,0.45,0,0.958,0.418,0.5,0,1,,,,,0.382,0.52,0,0.726,,,,
54808,20200531,-88.37,40.05,0.383,0.51,0,0.631,0.364,0.38,0,0.429,0.382,0.44,0,0.851,0.418,0.49,0,1,,,,,0.373,0.47,0,0.583,,,,
54808,20200601,-88.37,40.05,0.369,0.44,0,0.524,0.353,0.32,0,0.381,0.377,0.41,0,0.726,0.417,0.47,0,1,,,,,0.361,0.4,0,0.5,,,,
54808,20200602,-88.37,40.05,0.348,0.32,0,0.381,0.338,0.21,0,0.238,0.37,0.36,0,0.583,0.414,0.43,0,0.994,,,,,0.343,0.28,0,0.357,,,,
54808,20200603,-88.37,40.05,0.326,0.2,0,0.238,0.321,0.11,0,0.095,0.361,0.29,0,0.44,0.411,0.39,0,0.91,,,,,0.324,0.16,0,0.214,,,,
54808,20200604,-88.37,40.05,0.313,0.13,0,0.138,0.313,0.05,0,0.048,0.357,0.27,0,0.335,0.412,0.41,0,0.82,,,,,0.313,0.1,0,0.114,,,,
54808,20200605,-88.37,40.05,0.316,0.17,0,0.186,0.32,0.11,0,0.18,0.361,0.31,0,0.335,0.426,0.55,0,0.82,,,,,0.318,0.14,0,0.186,,,,
54808,20200606,-88.37,40.05,0.32,0.2,0,0.329,0.326,0.15,0,0.323,0.364,0.34,0,0.353,0.428,0.57,0,0.82,,,,,0.323,0.18,0,0.329,,,,
54808,20200607,-88.37,40.05,0.324,0.23,0,0.401,0.331,0.2,0,0.395,0.366,0.36,0,0.467,0.43,0.58,0,0.82,,,,,0.327,0.22,0,0.407,,,,
54808,20200608,-88.37,40.05,0.326,0.26,0,0.401,0.335,0.23,0,0.395,0.368,0.38,0,0.587,0.431,0.59,0,0.82,,,,,0.331,0.25,0,0.407,,,,
54808,20200609,-88.37,40.05,0.327,0.27,0,0.401,0.338,0.26,0,0.395,0.369,0.39,0,0.593,0.432,0.6,0,0.826,,,,,0.333,0.27,0,0.407,,,,
54808,20200610,-88.37,40.05,0.333,0.31,0,0.401,0.342,0.29,0,0.395,0.372,0.42,0,0.593,0.434,0.62,0,0.91,,,,,0.337,0.3,0,0.407,,,,
54808,20200611,-88.37,40.05,0.335,0.32,0,0.357,0.341,0.29,0,0.357,0.371,0.42,0,0.554,0.431,0.58,0,1,,,,,0.338,0.31,0,0.363,,,,
54808,20200612,-88.37,40.05,0.32,0.24,0,0.214,0.325,0.18,0,0.214,0.361,0.33,0,0.411,0.416,0.41,0,1,,,,,0.323,0.21,0,0.22,,,,
54808,20200613,-88.37,40.05,0.305,0.15,0,0.071,0.31,0.09,0,0.071,0.351,0.26,0,0.268,0.41,0.36,0,0.94,,,,,0.308,0.12,0,0.077,,,,
54808,20200614,-88.37,40.05,0.291,0.06,0,0,0.297,0,0,0,0.341,0.19,0,0.125,0.405,0.31,0,0.804,,,,,0.294,0.03,0,0,,,,
54808,20200615,-88.37,40.05,0.279,-0.02,0,0,0.286,-0.07,0,0,0.33,0.11,0,0.006,0.4,0.26,0,0.661,,,,,0.282,-0.05,0,0,,,,
54808,20200616,-88.37,40.05,0.269,-0.07,0,0,0.276,-0.13,0,0,0.319,0.03,0,0,0.392,0.19,0,0.518,,,,,0.273,-0.11,0.006,0,,,,
54808,20200617,-88.37,40.05,0.257,-0.14,0.077,0,0.266,-0.19,0,0,0.308,-0.05,0,0,0.382,0.11,0,0.375,,,,,0.262,-0.18,0.113,0,,,,
54808,20200618,-88.37,40.05,0.242,-0.23,0.22,0,0.254,-0.27,0.107,0,0.296,-0.13,0,0,0.37,0.01,0,0.232,,,,,0.248,-0.26,0.256,0,,,,
54808,20200619,-88.37,40.05,0.229,-0.3,0.363,0,0.244,-0.33,0.25,0,0.285,-0.2,0.065,0,0.357,-0.09,0,0.089,,,,,0.237,-0.33,0.399,0,,,,
54808,20200620,-88.37,40.05,0.219,-0.36,0.506,0,0.235,-0.38,0.393,0,0.275,-0.27,0.185,0,0.344,-0.19,0.054,0.006,,,,,0.227,-0.38,0.542,0,,,,
54808,20200621,-88.37,40.05,0.217,-0.36,0.571,0,0.229,-0.41,0.464,0,0.268,-0.33,0.298,0,0.331,-0.29,0.155,0,,,,,0.223,-0.4,0.613,0,,,,
54808,20200622,-88.37,40.05,0.219,-0.34,0.571,0,0.225,-0.43,0.488,0,0.262,-0.37,0.429,0,0.319,-0.38,0.167,0,,,,,0.222,-0.4,0.613,0,,,,
54808,20200623,-88.37,40.05,0.229,-0.27,0.571,0.06,0.229,-0.4,0.524,0,0.26,-0.37,0.482,0,0.31,-0.44,0.167,0,,,,,0.229,-0.35,0.607,0.012,,,,
54808,20200624,-88.37,40.05,0.245,-0.17,0.494,0.065,0.236,-0.35,0.524,0,0.262,-0.36,0.482,0,0.303,-0.48,0.167,0,,,,,0.24,-0.27,0.5,0.012,,,,
54808,20200625,-88.37,40.05,0.256,-0.09,0.362,0.067,0.241,-0.31,0.429,0,0.263,-0.35,0.497,0,0.298,-0.5,0.172,0,,,,,0.249,-0.21,0.368,0.012,,,,
54808,20200626,-88.37,40.05,0.266,-0.03,0.215,0.067,0.246,-0.28,0.282,0,0.264,-0.33,0.429,0,0.294,-0.52,0.172,0,,,,,0.256,-0.15,0.221,0.012,,,,
54808,20200627,-88.37,40.05,0.273,0.02,0.067,0.067,0.25,-0.25,0.135,0,0.266,-0.32,0.307,0,0.291,-0.52,0.123,0,,,,,0.261,-0.11,0.074,0.012,,,,
54808,20200628,-88.37,40.05,0.283,0.08,0,0.11,0.258,-0.19,0.061,0,0.27,-0.28,0.19,0,0.297,-0.47,0.037,0,,,,,0.27,-0.05,0,0.049,,,,
54808,20200629,-88.37,40.05,0.3,0.19,0,0.258,0.269,-0.12,0.037,0,0.278,-0.22,0.055,0,0.305,-0.4,0.025,0,,,,,0.284,0.05,0,0.092,,,,
54808,20200630,-88.37,40.05,0.305,0.23,0,0.233,0.272,-0.1,0,0,0.282,-0.18,0,0,0.313,-0.33,0.025,0,,,,,0.288,0.08,0,0.08,,,,
54808,20200701,-88.37,40.05,0.303,0.22,0,0.227,0.271,-0.11,0,0,0.284,-0.17,0,0,0.321,-0.27,0.025,0,,,,,0.287,0.07,0,0.08,,,,
54808,20200702,-88.37,40.05,0.302,0.21,0,0.22,0.27,-0.11,0,0,0.285,-0.16,0,0,0.326,-0.23,0.024,0,,,,,0.286,0.07,0,0.077,,,,
54808,20200703,-88.37,40.05,0.301,0.2,0,0.22,0.27,-0.12,0,0,0.287,-0.15,0,0,0.333,-0.18,0.024,0,,,,,0.286,0.06,0,0.077,,,,
54808,20200704,-88.37,40.05,0.3,0.2,0,0.22,0.271,-0.12,0.054,0,0.289,-0.14,0,0,0.339,-0.14,0.018,0,,,,,0.286,0.06,0,0.077,,,,
54808,20200705,-88.37,40.05,0.289,0.13,0,0.179,0.266,-0.16,0.19,0,0.287,-0.16,0.065,0,0.337,-0.16,0,0,,,,,0.277,0,0.036,0.042,,,,
54808,20200706,-88.37,40.05,0.266,-0.01,0.095,0.036,0.255,-0.24,0.333,0,0.28,-0.22,0.208,0,0.33,-0.21,0,0,,,,,0.261,-0.12,0.179,0,,,,
54808,20200707,-88.37,40.05,0.248,-0.13,0.238,0,0.245,-0.31,0.476,0,0.274,-0.27,0.351,0,0.323,-0.28,0,0,,,,,0.246,-0.21,0.321,0,,,,
54808,20200708,-88.37,40.05,0.231,-0.23,0.381,0,0.236,-0.38,0.619,0,0.268,-0.32,0.494,0,0.315,-0.34,0.101,0,,,,,0.234,-0.3,0.464,0,,,,
54808,20200709,-88.37,40.05,0.218,-0.32,0.524,0,0.228,-0.44,0.762,0,0.263,-0.37,0.637,0,0.307,-0.41,0.244,0,,,,,0.223,-0.38,0.607,0,,,,
54808,20200710,-88.37,40.05,0.207,-0.38,0.667,0,0.222,-0.49,0.905,0,0.258,-0.41,0.78,0,0.302,-0.46,0.345,0,,,,,0.214,-0.44,0.75,0,,,,
54808,20200711,-88.37,40.05,0.2,-0.42,0.81,0,0.217,-0.53,0.994,0,0.253,-0.46,0.923,0,0.303,-0.46,0.345,0,,,,,0.208,-0.48,0.893,0,,,,
54808,20200712,-88.37,40.05,0.195,-0.45,0.899,0,0.216,-0.53,0.946,0,0.25,-0.49,1,0,0.308,-0.43,0.345,0.006,,,,,0.205,-0.49,0.946,0,,,,
54808,20200713,-88.37,40.05,0.193,-0.45,0.946,0,0.218,-0.51,0.804,0,0.25,-0.5,1,0,0.321,-0.34,0.345,0.006,,,,,0.206,-0.48,0.857,0,,,,
54808,20200714,-88.37,40.05,0.192,-0.45,0.946,0,0.221,-0.48,0.798,0,0.25,-0.5,1,0,0.333,-0.25,0.345,0.006,,,,,0.207,-0.47,0.857,0,,,,
54808,20200715,-88.37,40.05,0.191,-0.44,0.946,0,0.223,-0.46,0.798,0,0.25,-0.5,1,0,0.344,-0.16,0.244,0.006,,,,,0.207,-0.46,0.857,0,,,,
54808,20200716,-88.37,40.05,0.191,-0.43,0.881,0,0.227,-0.42,0.732,0,0.251,-0.5,1,0,0.356,-0.07,0.101,0.006,,,,,0.209,-0.44,0.792,0,,,,
54808,20200717,-88.37,40.05,0.192,-0.41,0.869,0,0.231,-0.38,0.661,0,0.252,-0.49,1,0,0.365,0,0,0.006,,,,,0.212,-0.41,0.738,0,,,,
54808,20200718,-88.37,40.05,0.193,-0.39,0.869,0,0.233,-0.35,0.661,0,0.254,-0.46,1,0,0.367,0.03,0,0.006,,,,,0.213,-0.39,0.738,0,,,,
54808,20200719,-88.37,40.05,0.193,-0.39,0.923,0,0.231,-0.35,0.714,0,0.255,-0.45,1,0,0.364,0.01,0,0,,,,,0.212,-0.38,0.792,0,,,,
54808,20200720,-88.37,40.05,0.191,-0.39,0.923,0,0.227,-0.37,0.857,0,0.253,-0.45,1,0,0.361,-0.01,0,0.024,,,,,0.209,-0.39,0.881,0,,,,
54808,20200721,-88.37,40.05,0.191,-0.38,0.899,0,0.226,-0.37,0.863,0,0.253,-0.44,1,0,0.36,-0.01,0,0.024,,,,,0.208,-0.39,0.881,0,,,,
54808,20200722,-88.37,40.05,0.196,-0.34,0.78,0,0.231,-0.31,0.744,0,0.255,-0.41,0.923,0,0.367,0.07,0,0.143,,,,,0.214,-0.34,0.762,0,,,,
54808,20200723,-88.37,40.05,0.203,-0.29,0.702,0,0.236,-0.26,0.667,0,0.259,-0.36,0.78,0,0.374,0.14,0,0.286,,,,,0.219,-0.29,0.685,0,,,,
54808,20200724,-88.37,40.05,0.207,-0.24,0.571,0,0.238,-0.24,0.595,0,0.263,-0.31,0.637,0,0.38,0.2,0,0.429,,,,,0.223,-0.26,0.595,0,,,,
54808,20200725,-88.37,40.05,0.21,-0.21,0.429,0,0.239,-0.22,0.452,0,0.267,-0.27,0.494,0,0.387,0.26,0,0.571,,,,,0.224,-0.23,0.452,0,,,,
54808,20200726,-88.37,40.05,0.212,-0.19,0.286,0,0.241,-0.19,0.375,0,0.27,-0.22,0.351,0,0.393,0.33,0,0.661,,,,,0.226,-0.21,0.31,0,,,,
54808,20200727,-88.37,40.05,0.212,-0.17,0.143,0,0.24,-0.18,0.375,0,0.273,-0.18,0.208,0,0.395,0.34,0,0.649,,,,,0.226,-0.21,0.286,0,,,,
54808,20200728,-88.37,40.05,0.215,-0.14,0.024,0,0.243,-0.15,0.262,0,0.276,-0.15,0.065,0,0.394,0.35,0,0.649,,,,,0.229,-0.17,0.173,0,,,,
54808,20200729,-88.37,40.05,0.213,-0.14,0,0,0.24,-0.16,0.238,0,0.275,-0.15,0,0,0.386,0.29,0,0.53,,,,,0.226,-0.19,0.149,0,,,,
54808,20200730,-88.37,40.05,0.207,-0.17,0,0,0.235,-0.18,0.238,0,0.272,-0.16,0,0,0.377,0.22,0,0.387,,,,,0.221,-0.22,0.149,0,,,,
54808,20200731,-88.37,40.05,0.205,-0.17,0,0,0.24,-0.12,0.238,0.006,0.271,-0.15,0,0,0.37,0.17,0,0.244,,,,,0.223,-0.19,0.149,0,,,,
54808,20200801,-88.37,40.05,0.207,-0.15,0,0,0.246,-0.06,0.241,0.006,0.269,-0.16,0,0,0.363,0.13,0,0.102,,,,,0.226,-0.15,0.151,0,,,,
54808,20200802,-88.37,40.05,0.214,-0.08,0,0,0.257,0.04,0.175,0.084,0.269,-0.15,0,0,0.358,0.09,0,0.012,,,,,0.235,-0.06,0.151,0.06,,,,
54808,20200803,-88.37,40.05,0.223,0.01,0,0,0.269,0.16,0.03,0.114,0.271,-0.11,0,0,0.353,0.07,0,0,,,,,0.246,0.05,0.03,0.06,,,,
54808,20200804,-88.37,40.05,0.228,0.06,0,0,0.275,0.22,0,0.114,0.274,-0.08,0,0,0.349,0.05,0,0,,,,,0.251,0.11,0,0.06,,,,
54808,20200805,-88.37,40.05,0.232,0.1,0,0,0.279,0.27,0,0.116,0.276,-0.05,0,0,0.346,0.04,0,0,,,,,0.255,0.15,0,0.061,,,,
54808,20200806,-88.37,40.05,0.235,0.13,0,0,0.282,0.31,0,0.116,0.278,-0.02,0,0,0.343,0.03,0,0,,,,,0.259,0.19,0,0.061,,,,
54808,20200807,-88.37,40.05,0.233,0.13,0,0,0.276,0.26,0,0.11,0.278,-0.02,0,0,0.341,0.02,0,0,,,,,0.255,0.17,0,0.061,,,,
54808,20200808,-88.37,40.05,0.23,0.12,0,0,0.271,0.22,0,0.108,0.278,0,0,0,0.338,0.01,0,0,,,,,0.25,0.15,0,0.06,,,,
54808,20200809,-88.37,40.05,0.221,0.06,0,0,0.26,0.14,0,0.03,0.277,-0.01,0,0,0.335,0,0,0,,,,,0.24,0.08,0,0,,,,
54808,20200810,-88.37,40.05,0.21,-0.01,0,0,0.247,0.04,0.012,0,0.273,-0.03,0,0,0.331,-0.02,0,0,,,,,0.229,-0.01,0,0,,,,
54808,20200811,-88.37,40.05,0.205,-0.04,0,0,0.242,0,0.012,0,0.27,-0.05,0,0,0.331,-0.03,0,0,,,,,0.223,-0.04,0,0,,,,
54808,20200812,-88.37,40.05,0.202,-0.05,0,0,0.24,0,0.012,0,0.267,-0.07,0,0,0.334,-0.04,0,0,,,,,0.221,-0.04,0,0,,,,
54808,20200813,-88.37,40.05,0.199,-0.06,0,0,0.237,-0.01,0.012,0,0.264,-0.1,0,0,0.336,-0.04,0,0,,,,,0.218,-0.04,0,0,,,,
54808,20200814,-88.37,40.05,0.197,-0.07,0,0,0.235,-0.02,0.012,0,0.261,-0.12,0,0,0.338,-0.05,0,0,,,,,0.216,-0.04,0,0,,,,
54808,20200815,-88.37,40.05,0.196,-0.07,0,0,0.233,-0.03,0.012,0,0.258,-0.14,0,0,0.339,-0.07,0,0,,,,,0.214,-0.05,0,0,,,,
54808,20200816,-88.37,40.05,0.195,-0.07,0,0,0.23,-0.03,0.012,0,0.255,-0.16,0,0,0.341,-0.08,0,0,,,,,0.212,-0.04,0,0,,,,
54808,20200817,-88.37,40.05,0.193,-0.07,0,0,0.229,-0.03,0.042,0,0.252,-0.18,0,0,0.341,,,,,,,,0.211,-0.05,0,0,,,,
54808,20200818,-88.37,40.05,0.189,-0.1,0,0,0.222,-0.08,0.173,0,0.25,-0.2,0.012,0,0.336,,,,,,,,0.206,-0.08,0,0,,,,
54808,20200819,-88.37,40.05,0.184,-0.13,0,0,0.214,-0.14,0.315,0,0.247,-0.22,0.101,0,0.328,,,,,,,,0.199,-0.13,0.042,0,,,,
54808,20200820,-88.37,40.05,0.18,-0.15,0,0,0.207,-0.19,0.458,0,0.244,-0.24,0.244,0,0.32,,,,,,,,0.193,-0.17,0.185,0,,,,
54808,20200821,-88.37,40.05,0.177,-0.17,0,0,0.201,-0.23,0.601,0,0.241,-0.27,0.387,0,0.312,,,,,,,,0.189,-0.2,0.327,0,,,,
54808,20200822,-88.37,40.05,0.174,-0.19,0.018,0,0.196,-0.27,0.744,0,0.238,-0.29,0.53,0,0.303,,,,,,,,0.185,-0.23,0.47,0,,,,
54808,20200823,-88.37,40.05,0.171,-0.2,0.113,0,0.192,-0.3,0.887,0,0.236,-0.31,0.673,0,0.295,,,,,,,,0.182,-0.25,0.613,0,,,,
54808,20200824,-88.37,40.05,0.169,-0.22,0.25,0,0.189,-0.32,0.988,0,0.233,-0.32,0.815,0,0.286,,,,,,,,0.179,-0.27,0.756,0,,,,
54808,20200825,-88.37,40.05,0.167,-0.23,0.369,0,0.186,-0.33,1,0,0.231,-0.33,0.946,0,0.279,,,,,,,,0.177,-0.28,0.899,0,,,,
54808,20200826,-88.37,40.05,0.165,-0.24,0.5,0,0.184,-0.34,1,0,0.23,-0.34,1,0,0.273,,,,,,,,0.175,-0.29,1,0,,,,
54808,20200827,-88.37,40.05,0.164,-0.25,0.625,0,0.183,-0.35,1,0,0.229,-0.34,1,0,0.267,,,,,,,,0.173,-0.3,1,0,,,,
54808,20200828,-88.37,40.05,0.162,-0.25,0.726,0,0.182,-0.35,1,0,0.227,-0.35,1,0,0.261,,,,,,,,0.172,-0.3,1,0,,,,
54808,20200829,-88.37,40.05,0.161,-0.25,0.798,0,0.181,-0.35,1,0,0.226,-0.36,1,0,0.257,,,,,,,,0.171,-0.3,1,0,,,,
54808,20200830,-88.37,40.05,0.16,-0.25,0.839,0,0.18,-0.35,1,0,0.225,-0.37,1,0,0.252,,,,,,,,0.17,-0.3,1,0,,,,
54808,20200831,-88.37,40.05,0.159,-0.26,0.845,0,0.178,-0.35,1,0,0.224,-0.37,1,0,0.249,,,,,,,,0.169,-0.3,1,0,,,,
54808,20200901,-88.37,40.05,0.158,-0.26,0.869,0,0.177,-0.35,1,0,0.223,-0.38,1,0,0.245,,,,,,,,0.167,-0.3,1,0,,,,
54808,20200902,-88.37,40.05,0.157,-0.26,0.827,0,0.176,-0.35,1,0,0.222,-0.39,1,0,0.242,,,,,,,,0.167,-0.3,0.976,0,,,,
54808,20200903,-88.37,40.05,0.156,-0.26,0.714,0,0.176,-0.34,1,0,0.221,-0.39,1,0,0.24,,,,,,,,0.166,-0.29,0.976,0,,,,
54808,20200904,-88.37,40.05,0.156,-0.26,0.637,0,0.176,-0.34,1,0,0.22,-0.39,1,0,0.238,,,,,,,,0.166,-0.29,0.976,0,,,,
54808,20200905,-88.37,40.05,0.155,-0.26,0.685,0,0.175,-0.35,1,0,0.219,-0.39,1,0,0.235,,,,,,,,0.165,-0.29,0.976,0,,,,
54808,20200906,-88.37,40.05,0.154,-0.26,0.69,0,0.174,-0.35,1,0,0.219,-0.4,1,0,0.233,,,,,,,,0.164,-0.29,0.976,0,,,,
54808,20200907,-88.37,40.05,0.154,-0.26,0.631,0,0.175,-0.34,1,0,0.219,-0.4,1,0,0.251,,,,,,,,0.165,-0.29,0.97,0,,,,
54808,20200908,-88.37,40.05,0.154,-0.26,0.53,0,0.176,-0.34,1,0,0.219,-0.39,1,0,0.27,,,,,,,,0.165,-0.29,0.97,0,,,,
54808,20200909,-88.37,40.05,0.155,-0.26,0.47,0,0.177,-0.34,0.994,0,0.22,-0.39,1,0,0.289,,,,,,,,0.166,-0.29,0.929,0,,,,
54808,20200910,-88.37,40.05,0.156,-0.26,0.464,0,0.178,-0.34,0.994,0,0.22,-0.38,1,0,0.307,,,,,,,,0.167,-0.29,0.923,0,,,,
54808,20200911,-88.37,40.05,0.157,-0.26,0.548,0,0.178,-0.35,0.994,0,0.221,-0.38,1,0,0.325,,,,,,,,0.167,-0.3,0.923,0,,,,
54808,20200912,-88.37,40.05,0.158,-0.26,0.542,0,0.179,-0.36,0.994,0,0.222,-0.38,1,0,0.342,,,,,,,,0.168,-0.31,0.923,0,,,,
54808,20200913,-88.37,40.05,0.16,-0.26,0.44,0,0.181,-0.36,0.994,0,0.223,-0.36,0.994,0,0.361,,,,,,,,0.17,-0.31,0.923,0,,,,
54808,20200914,-88.37,40.05,0.162,-0.26,0.363,0,0.181,-0.37,0.994,0,0.225,-0.36,0.958,0,0.36,,,,,,,,0.172,-0.33,0.929,0,,,,
54808,20200915,-88.37,40.05,0.164,-0.26,0.464,0,0.181,-0.38,0.994,0,0.225,-0.35,0.952,0,0.358,,,,,,,,0.173,-0.35,0.929,0,,,,
54808,20200916,-88.37,40.05,0.164,-0.28,0.577,0,0.18,-0.4,1,0,0.226,-0.35,0.917,0,0.356,,,,,,,,0.172,-0.38,0.994,0,,,,
54808,20200917,-88.37,40.05,0.164,-0.31,0.714,0,0.179,-0.42,1,0,0.226,-0.34,0.911,0,0.354,,,,,,,,0.171,-0.41,1,0,,,,
54808,20200918,-88.37,40.05,0.163,-0.33,0.75,0,0.178,-0.45,1,0,0.226,-0.35,0.911,0,0.351,,,,,,,,0.17,-0.44,1,0,,,,
54808,20200919,-88.37,40.05,0.162,-0.36,0.762,0,0.176,-0.47,1,0,0.226,-0.35,0.911,0,0.348,,,,,,,,0.169,-0.46,1,0,,,,
54808,20200920,-88.37,40.05,0.161,-0.39,0.863,0,0.174,-0.49,1,0,0.224,-0.37,0.917,0,0.343,,,,,,,,0.167,-0.49,1,0,,,,
54808,20200921,-88.37,40.05,0.158,-0.42,1,0,0.171,-0.52,1,0,0.223,-0.39,0.952,0,0.337,,,,,,,,0.164,-0.52,1,0,,,,
54808,20200922,-88.37,40.05,0.156,-0.45,1,0,0.169,-0.54,1,0,0.22,-0.41,0.958,0,0.331,,,,,,,,0.162,-0.54,1,0,,,,
54808,20200923,-88.37,40.05,0.154,-0.46,1,0,0.167,-0.56,1,0,0.218,-0.44,0.994,0,0.323,,,,,,,,0.161,-0.56,1,0,,,,
54808,20200924,-88.37,40.05,0.153,-0.48,1,0,0.166,-0.58,1,0,0.216,-0.46,1,0,0.316,,,,,,,,0.159,-0.57,1,0,,,,
54808,20200925,-88.37,40.05,0.152,-0.49,1,0,0.165,-0.59,1,0,0.215,-0.49,1,0,0.308,,,,,,,,0.158,-0.59,1,0,,,,
54808,20200926,-88.37,40.05,0.151,-0.5,1,0,0.164,-0.61,1,0,0.213,-0.52,1,0,0.301,,,,,,,,0.158,-0.6,1,0,,,,
54808,20200927,-88.37,40.05,0.15,-0.52,1,0,0.164,-0.62,1,0,0.212,-0.54,1,0,0.293,,,,,,,,0.157,-0.62,1,0,,,,
54808,20200928,-88.37,40.05,0.15,-0.53,1,0,0.164,-0.64,1,0,0.212,-0.56,1,0,0.286,,,,,,,,0.157,-0.64,1,0,,,,
54808,20200929,-88.37,40.05,0.15,-0.53,1,0,0.165,-0.65,1,0,0.211,-0.59,1,0,0.28,,,,,,,,0.158,-0.65,1,0,,,,
54808,20200930,-88.37,40.05,0.151,-0.53,1,0,0.165,-0.67,1,0,0.21,-0.61,1,0,0.274,,,,,,,,0.158,-0.66,1,0,,,,
54808,20201001,-88.37,40.05,0.151,-0.53,1,0,0.165,-0.69,1,0,0.21,-0.64,1,0,0.269,,,,,,,,0.158,-0.67,1,0,,,,
54808,20201002,-88.37,40.05,0.151,-0.53,1,0,0.164,-0.72,1,0,0.209,-0.67,1,0,0.264,,,,,,,,0.157,-0.68,1,0,,,,
54808,20201003,-88.37,40.05,0.151,-0.54,1,0,0.163,-0.75,1,0,0.208,-0.7,1,0,0.26,,,,,,,,0.157,-0.7,1,0,,,,
54808,20201004,-88.37,40.05,0.15,-0.54,1,0,0.163,-0.77,1,0,0.208,-0.73,1,0,0.256,,,,,,,,0.157,-0.71,1,0,,,,
54808,20201005,-88.37,40.05,0.15,-0.54,1,0,0.163,-0.79,1,0,0.207,-0.75,1,0,0.253,,,,,,,,0.157,-0.71,1,0,,,,
54808,20201006,-88.37,40.05,0.149,-0.55,1,0,0.162,-0.81,1,0,0.207,-0.77,1,0,0.25,,,,,,,,0.156,-0.73,1,0,,,,
54808,20201007,-88.37,40.05,0.149,-0.55,1,0,0.162,-0.82,1,0,0.207,-0.79,1,0,0.247,,,,,,,,0.155,-0.74,1,0,,,,
54808,20201008,-88.37,40.05,0.148,-0.56,1,0,0.162,-0.83,1,0,0.207,-0.8,1,0,0.244,,,,,,,,0.155,-0.75,1,0,,,,
54808,20201009,-88.37,40.05,0.148,-0.56,1,0,0.162,-0.83,1,0,0.207,-0.81,1,0,0.242,,,,,,,,0.155,-0.75,1,0,,,,
54808,20201010,-88.37,40.05,0.148,-0.57,1,0,0.162,-0.83,1,0,0.208,-0.81,1,0,0.239,,,,,,,,0.155,-0.76,1,0,,,,
54808,20201011,-88.37,40.05,0.148,-0.57,1,0,0.163,-0.83,1,0,0.208,-0.82,1,0,0.237,,,,,,,,0.155,-0.77,1,0,,,,
54808,20201012,-88.37,40.05,0.147,-0.58,1,0,0.162,-0.83,1,0,0.208,-0.82,1,0,0.235,,,,,,,,0.155,-0.78,1,0,,,,
54808,20201013,-88.37,40.05,0.147,-0.59,1,0,0.162,-0.84,1,0,0.208,-0.83,1,0,0.233,,,,,,,,0.155,-0.8,1,0,,,,
54808,20201014,-88.37,40.05,0.146,-0.59,1,0,0.162,-0.85,1,0,0.208,-0.84,1,0,0.231,,,,,,,,0.154,-0.81,1,0,,,,
54808,20201015,-88.37,40.05,0.145,-0.6,1,0,0.161,-0.86,1,0,0.208,-0.85,1,0,0.229,,,,,,,,0.153,-0.82,1,0,,,,
54808,20201016,-88.37,40.05,0.144,-0.61,1,0,0.16,-0.87,1,0,0.207,-0.86,1,0,0.227,,,,,,,,0.152,-0.83,1,0,,,,
54808,20201017,-88.37,40.05,0.143,-0.62,1,0,0.159,-0.89,1,0,0.206,-0.87,1,0,0.225,,,,,,,,0.151,-0.84,1,0,,,,
54808,20201018,-88.37,40.05,0.141,-0.64,1,0,0.158,-0.91,1,0,0.205,-0.89,1,0,0.223,,,,,,,,0.149,-0.85,1,0,,,,
54808,20201019,-88.37,40.05,0.14,-0.66,1,0,0.157,-0.92,1,0,0.204,-0.9,1,0,0.221,,,,,,,,0.148,-0.86,1,0,,,,
54808,20201020,-88.37,40.05,0.139,-0.69,1,0,0.157,-0.92,1,0,0.203,-0.91,1,0,0.219,,,,,,,,0.148,-0.86,1,0,,,,
54808,20201021,-88.37,40.05,0.14,-0.72,1,0,0.158,-0.92,1,0,0.204,-0.91,1,0,0.227,,,,,,,,0.149,-0.86,1,0,,,,
54808,20201022,-88.37,40.05,0.142,-0.75,1,0,0.16,-0.92,1,0,0.205,-0.91,1,0,0.243,,,,,,,,0.151,-0.87,1,0,,,,
54808,20201023,-88.37,40.05,0.144,-0.77,1,0,0.163,-0.91,1,0,0.207,-0.9,1,0,0.259,,,,,,,,0.153,-0.88,1,0,,,,
54808,20201024,-88.37,40.05,0.148,-0.79,1,0,0.166,-0.91,1,0,0.209,-0.88,1,0,0.275,,,,,,,,0.157,-0.88,1,0,,,,
54808,20201025,-88.37,40.05,0.151,-0.81,1,0,0.168,-0.91,1,0,0.212,-0.86,1,0,0.293,,,,,,,,0.16,-0.88,1,0,,,,
54808,20201026,-88.37,40.05,0.154,-0.82,1,0,0.17,-0.93,1,0,0.214,-0.84,1,0,0.31,,,,,,,,0.162,-0.89,1,0,,,,
54808,20201027,-88.37,40.05,0.157,-0.83,1,0,0.171,-0.96,1,0,0.215,-0.83,1,0,0.326,,,,,,,,0.164,-0.91,1,0,,,,
54808,20201028,-88.37,40.05,0.159,-0.84,1,0,0.171,-0.99,1,0,0.216,-0.82,1,0,0.333,,,,,,,,0.165,-0.92,1,0,,,,
54808,20201029,-88.37,40.05,0.16,-0.85,1,0,0.171,-1.03,1,0,0.217,-0.83,1,0,0.331,,,,,,,,0.166,-0.94,1,0,,,,
54808,20201030,-88.37,40.05,0.162,-0.87,1,0,0.172,-1.06,1,0,0.217,-0.83,1,0,0.329,,,,,,,,0.167,-0.95,1,0,,,,
54808,20201031,-88.37,40.05,0.163,-0.89,1,0,0.171,-1.1,1,0,0.216,-0.84,1,0,0.327,,,,,,,,0.167,-0.97,1,0,,,,
54808,20201101,-88.37,40.05,0.164,-0.9,1,0,0.171,-1.14,1,0,0.216,-0.85,1,0,0.324,,,,,,,,0.168,-0.99,1,0,,,,
54808,20201102,-88.37,40.05,0.165,-0.92,1,0,0.171,-1.18,1,0,0.216,-0.86,1,0,0.321,,,,,,,,0.168,-1.01,1,0,,,,
54808,20201103,-88.37,40.05,0.166,-0.95,1,0,0.171,-1.21,1,0,0.216,-0.87,1,0,0.318,,,,,,,,0.168,-1.03,1,0,,,,
54808,20201104,-88.37,40.05,0.166,-0.98,1,0,0.171,-1.24,1,0,0.215,-0.88,1,0,0.315,,,,,,,,0.169,-1.06,1,0,,,,
54808,20201105,-88.37,40.05,0.166,-1.01,1,0,0.17,-1.27,1,0,0.215,-0.89,1,0,0.313,,,,,,,,0.168,-1.1,1,0,,,,
54808,20201106,-88.37,40.05,0.165,-1.05,1,0,0.169,-1.31,1,0,0.215,-0.89,1,0,0.31,,,,,,,,0.167,-1.15,1,0,,,,
54808,20201107,-88.37,40.05,0.164,-1.1,1,0,0.168,-1.34,1,0,0.215,-0.91,1,0,0.308,,,,,,,,0.166,-1.21,1,0,,,,
54808,20201108,-88.37,40.05,0.162,-1.15,1,0,0.167,-1.38,1,0,0.215,-0.93,1,0,0.305,,,,,,,,0.165,-1.27,1,0,,,,
54808,20201109,-88.37,40.05,0.161,-1.2,1,0,0.167,-1.42,1,0,0.215,-0.96,1,0,0.303,,,,,,,,0.164,-1.34,1,0,,,,
54808,20201110,-88.37,40.05,0.16,-1.25,1,0,0.167,-1.45,1,0,0.216,-0.99,1,0,0.3,,,,,,,,0.164,-1.4,1,0,,,,
54808,20201111,-88.37,40.05,0.16,-1.29,1,0,0.167,-1.49,1,0,0.216,-1.03,1,0,0.3,,,,,,,,0.163,-1.46,1,0,,,,
54808,20201112,-88.37,40.05,0.159,-1.34,1,0,0.167,-1.54,1,0,0.216,-1.07,1,0,0.302,,,,,,,,0.163,-1.51,1,0,,,,
54808,20201113,-88.37,40.05,0.159,-1.38,1,0,0.166,-1.58,1,0,0.216,-1.12,1,0,0.303,,,,,,,,0.162,-1.55,1,0,,,,
54808,20201114,-88.37,40.05,0.159,-1.43,1,0,0.165,-1.62,1,0,0.215,-1.17,1,0,0.304,,,,,,,,0.162,-1.59,1,0,,,,
54808,20201115,-88.37,40.05,0.16,-1.47,1,0,0.166,-1.64,1,0,0.215,-1.2,1,0,0.307,,,,,,,,0.163,-1.61,1,0,,,,
54808,20201116,-88.37,40.05,0.163,-1.49,1,0,0.17,-1.64,1,0,0.216,-1.22,1,0,0.318,,,,,,,,0.166,-1.61,1,0,,,,
54808,20201117,-88.37,40.05,0.165,-1.52,1,0,0.172,-1.63,1,0,0.217,-1.22,1,0,0.327,,,,,,,,0.169,-1.61,1,0,,,,
54808,20201118,-88.37,40.05,0.166,-1.55,1,0,0.174,-1.62,1,0,0.217,-1.23,1,0,0.334,,,,,,,,0.17,-1.62,1,0,,,,
54808,20201119,-88.37,40.05,0.167,-1.59,1,0,0.177,-1.6,1,0,0.219,-1.22,1,0,0.34,,,,,,,,0.172,-1.62,1,0,,,,
54808,20201120,-88.37,40.05,0.169,-1.61,1,0,0.18,-1.58,1,0,0.22,-1.21,1,0,0.345,,,,,,,,0.174,-1.62,1,0,,,,
54808,20201121,-88.37,40.05,0.171,-1.63,1,0,0.183,-1.56,1,0,0.222,-1.2,1,0,0.35,,,,,,,,0.177,-1.62,1,0,,,,
54808,20201122,-88.37,40.05,0.171,-1.65,1,0,0.185,-1.55,1,0,0.224,-1.2,1,0,0.353,,,,,,,,0.178,-1.62,1,0,,,,
54808,20201123,-88.37,40.05,0.174,-1.64,1,0,0.188,-1.54,1,0,0.225,-1.2,1,0,0.352,,,,,,,,0.181,-1.6,1,0,,,,
54808,20201124,-88.37,40.05,0.178,-1.62,1,0,0.192,-1.52,1,0,0.226,-1.21,1,0,0.351,,,,,,,,0.185,-1.58,1,0,,,,
54808,20201125,-88.37,40.05,0.186,-1.56,1,0,0.198,-1.48,1,0,0.229,-1.21,1,0,0.352,,,,,,,,0.192,-1.52,1,0,,,,
54808,20201126,-88.37,40.05,0.199,-1.45,1,0,0.207,-1.42,1,0,0.235,-1.17,1,0,0.358,,,,,,,,0.203,-1.43,1,0,,,,
54808,20201127,-88.37,40.05,0.211,-1.36,1,0,0.215,-1.37,1,0,0.241,-1.13,1,0,0.362,,,,,,,,0.213,-1.36,1,0,,,,
54808,20201128,-88.37,40.05,0.222,-1.28,1,0,0.222,-1.33,1,0,0.247,-1.1,1,0,0.367,,,,,,,,0.222,-1.3,1,0,,,,
54808,20201129,-88.37,40.05,0.231,-1.22,1,0,0.227,-1.31,1,0,0.252,-1.09,1,0,0.37,,,,,,,,0.229,-1.26,1,0,,,,
54808,20201130,-88.37,40.05,0.236,-1.22,1,0,0.23,-1.33,1,0,0.256,-1.09,1,0,0.371,,,,,,,,0.233,-1.27,1,0,,,,
54808,20201201,-88.37,40.05,0.242,-1.22,1,0,0.232,-1.36,1,0,0.26,-1.08,1,0,0.372,,,,,,,,0.237,-1.29,1,0,,,,
54808,20201202,-88.37,40.05,0.242,-1.27,1,0,0.231,-1.43,1,0,0.263,-1.1,1,0,0.372,,,,,,,,0.237,-1.36,1,0,,,,
54808,20201203,-88.37,40.05,0.239,-1.35,1,0,0.228,-1.52,1,0,0.261,-1.17,1,0,0.367,,,,,,,,0.233,-1.46,1,0,,,,
54808,20201204,-88.37,40.05,0.237,-1.42,1,0,0.226,-1.61,1,0,0.259,-1.24,1,0,0.363,,,,,,,,0.231,-1.55,1,0,,,,
54808,20201205,-88.37,40.05,0.235,-1.5,1,0,0.225,-1.7,1,0,0.258,-1.31,1,0,0.36,,,,,,,,0.23,-1.65,1,0,,,,
54808,20201206,-88.37,40.05,0.233,-1.56,1,0,0.224,-1.79,1,0,0.258,-1.36,1,0,0.357,,,,,,,,0.228,-1.74,1,0,,,,
54808,20201207,-88.37,40.05,0.232,-1.61,1,0,0.223,-1.86,1,0,0.257,-1.42,1,0,0.355,,,,,,,,0.227,-1.82,1,0,,,,
54808,20201208,-88.37,40.05,0.23,-1.66,1,0,0.224,-1.91,1,0,0.256,-1.46,1,0,0.353,,,,,,,,0.227,-1.89,1,0,,,,
54808,20201209,-88.37,40.05,0.23,-1.69,1,0,0.225,-1.96,1,0,0.256,-1.51,1,0,0.352,,,,,,,,0.227,-1.96,1,0,,,,
54808,20201210,-88.37,40.05,0.229,-1.72,1,0,0.226,-2.01,1,0,0.256,-1.54,1,0,0.35,,,,,,,,0.227,-2.02,1,0,,,,
54808,20201211,-88.37,40.05,0.227,-1.78,1,0,0.226,-2.05,1,0,0.257,-1.58,1,0,0.349,,,,,,,,0.227,-2.09,1,0,,,,
54808,20201212,-88.37,40.05,0.229,-1.78,1,0,0.229,-2.06,1,0,0.257,-1.62,1,0,0.349,,,,,,,,0.229,-2.1,1,0,,,,
54808,20201213,-88.37,40.05,0.239,-1.69,1,0,0.236,-2.01,1,0,0.261,-1.6,1,0,0.355,,,,,,,,0.237,-2.03,1,0,,,,
54808,20201214,-88.37,40.05,0.247,-1.64,1,0,0.241,-1.98,1,0,0.264,-1.6,1,0,0.359,,,,,,,,0.244,-1.98,1,0,,,,
54808,20201215,-88.37,40.05,0.254,-1.59,1,0,0.244,-1.97,1,0,0.267,-1.6,1,0,0.362,,,,,,,,0.249,-1.95,1,0,,,,
54808,20201216,-88.37,40.05,0.259,-1.56,1,0,0.248,-1.96,1,0,0.27,-1.61,1,0,0.365,,,,,,,,0.254,-1.92,1,0,,,,
54808,20201217,-88.37,40.05,0.266,-1.54,1,0,0.252,-1.94,1,0,0.272,-1.62,1,0,0.367,,,,,,,,0.259,-1.89,1,0,,,,
54808,20201218,-88.37,40.05,0.271,-1.52,1,0,0.255,-1.91,1,0,0.274,-1.63,1,0,0.37,,,,,,,,0.263,-1.86,1,0,,,,
54808,20201219,-88.37,40.05,0.273,-1.53,1,0,0.256,-1.92,1,0,0.276,-1.64,1,0,0.371,,,,,,,,0.265,-1.86,1,0,,,,
54808,20201220,-88.37,40.05,0.269,-1.62,1,0,0.254,-1.97,1,0,0.274,-1.7,1,0,0.367,,,,,,,,0.262,-1.94,1,0,,,,
54808,20201221,-88.37,40.05,0.267,-1.68,1,0,0.253,-2.02,1,0,0.274,-1.74,1,0,0.364,,,,,,,,0.26,-2.01,1,0,,,,
54808,20201222,-88.37,40.05,0.265,-1.74,1,0,0.252,-2.06,1,0,0.273,-1.78,1,0,0.362,,,,,,,,0.258,-2.08,1,0,,,,
54808,20201223,-88.37,40.05,0.264,-1.78,1,0,0.251,-2.1,1,0,0.273,-1.82,1,0,0.361,,,,,,,,0.258,-2.14,1,0,,,,
54808,20201224,-88.37,40.05,0.264,-1.81,1,0,0.252,-2.12,1,0,0.273,-1.85,1,0,0.36,,,,,,,,0.258,-2.17,1,0,,,,
54808,20201225,-88.37,40.05,0.266,-1.8,1,0,0.253,-2.14,1,0,0.273,-1.87,1,0,0.359,,,,,,,,0.259,-2.19,1,0,,,,
54808,20201226,-88.37,40.05,0.266,-1.8,1,0,0.262,-2.01,1,0,0.274,-1.91,1,0,0.358,,,,,,,,0.26,-2.21,1,0,,,,
54808,20201227,-88.37,40.05,,,,,0.271,-1.9,1,0,0.275,-1.92,1,0,0.357,,,,,,,,,,,,,,,
54808,20201228,-88.37,40.05,,,,,0.279,-1.78,1,0,0.276,-1.93,1,0,0.355,,,,,,,,,,,,,,,
54808,20201229,-88.37,40.05,,,,,0.286,-1.68,1,0,0.276,-1.96,1,0,0.354,,,,,,,,,,,,,,,
54808,20201230,-88.37,40.05,,,,,0.294,-1.55,1,0,0.276,-2,1,0,0.353,,,,,,,,,,,,,,,
54808,20201231,-88.37,40.05,,,,,0.299,-1.5,1,0,0.277,-2.02,1,0,0.351,,,,,,,,,,,,,,,
54808,20210101,-88.37,40.05,,,,,0.301,-1.49,1,0,0.278,-2.03,1,0,0.352,,,,,,,,,,,,,,,
54808,20210102,-88.37,40.05,,,,,0.297,-1.6,1,0,0.281,-1.99,1,0,0.358,,,,,,,,,,,,,,,
54808,20210103,-88.37,40.05,,,,,0.293,-1.71,1,0,0.283,-1.98,1,0,0.363,,,,,,,,,,,,,,,
54808,20210104,-88.37,40.05,,,,,0.29,-1.81,1,0,0.286,-1.95,1,0,0.367,,,,,,,,,,,,,,,
54808,20210105,-88.37,40.05,,,,,0.288,-1.89,1,0,0.29,-1.89,1,0,0.372,,,,,,,,,,,,,,,
54808,20210106,-88.37,40.05,,,,,0.286,-1.98,1,0,0.295,-1.81,1,0,0.376,,,,,,,,,,,,,,,
54808,20210107,-88.37,40.05,,,,,0.287,-2.01,1,0,0.299,-1.74,1,0,0.382,,,,,,,,,,,,,,,
54808,20210108,-88.37,40.05,0.358,,,,0.29,-2.03,1,0,0.303,-1.69,1,0,0.386,,,,,,,,0.324,,,,,,,
54808,20210109,-88.37,40.05,0.355,,,,0.29,-2.09,1,0,0.304,-1.69,1,0,0.384,,,,,,,,0.322,,,,,,,
54808,20210110,-88.37,40.05,0.346,,,,0.289,-2.15,1,0,0.305,-1.69,1,0,0.383,,,,,,,,0.317,,,,,,,
54808,20210111,-88.37,40.05,0.342,,,,0.289,-2.2,1,0,0.305,-1.72,1,0,0.382,,,,,,,,0.315,,,,,,,
54808,20210112,-88.37,40.05,0.347,,,,0.288,-2.23,1,0,0.305,-1.75,1,0,0.38,,,,,,,,0.317,,,,,,,
54808,20210113,-88.37,40.05,0.347,,,,0.285,-2.27,1,0,0.304,-1.81,1,0,0.379,,,,,,,,0.317,,,,,,,
54808,20210114,-88.37,40.05,,,,,0.283,-2.34,1,0,0.303,-1.89,1,0,0.375,,,,,,,,,,,,,,,
54808,20210115,-88.37,40.05,,,,,0.282,-2.38,1,0,0.301,-1.96,1,0,0.373,,,,,,,,,,,,,,,
54808,20210116,-88.37,40.05,,,,,0.284,-2.4,1,0,0.301,-2.01,1,0,0.37,,,,,,,,,,,,,,,
54808,20210117,-88.37,40.05,,,,,0.286,-2.41,1,0,0.302,-2.03,1,0,0.369,,,,,,,,,,,,,,,
54808,20210118,-88.37,40.05,,,,,0.289,-2.55,1,0,0.303,-2.03,1,0,0.367,,,,,,,,,,,,,,,
54808,20210119,-88.37,40.05,0.363,,,,0.292,,,,0.303,-2.03,1,0,0.367,,,,,,,,0.329,,,,,,,
54808,20210120,-88.37,40.05,0.367,,,,0.294,,,,0.304,-2.02,1,0,0.367,,,,,,,,0.331,,,,,,,
54808,20210121,-88.37,40.05,0.369,,,,0.294,,,,0.305,-2,1,0,0.367,,,,,,,,0.332,,,,,,,
54808,20210122,-88.37,40.05,0.373,,,,0.295,,,,0.306,-1.98,1,0,0.367,,,,,,,,0.335,,,,,,,
54808,20210123,-88.37,40.05,,,,,0.297,,,,0.306,-1.98,1,0,0.367,,,,,,,,,,,,,,,
54808,20210124,-88.37,40.05,,,,,0.304,,,,0.305,-2.02,1,0,0.368,,,,,,,,,,,,,,,
54808,20210125,-88.37,40.05,,,,,0.31,,,,0.303,-2.08,1,0,0.367,,,,,,,,,,,,,,,
54808,20210126,-88.37,40.05,,,,,0.316,,,,0.302,-2.12,1,0,0.367,,,,,,,,,,,,,,,
54808,20210127,-88.37,40.05,,,,,0.324,,,,0.301,-2.15,1,0,0.366,,,,,,,,,,,,,,,
54808,20210128,-88.37,40.05,,,,,0.329,,,,0.301,-2.16,1,0,0.365,,,,,,,,,,,,,,,
54808,20210129,-88.37,40.05,,,,,0.338,,,,0.301,-2.16,1,0,0.365,,,,,,,,,,,,,,,
54808,20210130,-88.37,40.05,,,,,0.343,,,,0.301,-2.18,1,0,0.365,,,,,,,,,,,,,,,
54808,20210131,-88.37,40.05,,,,,,,,,0.302,-2.17,1,0,0.368,,,,,,,,,,,,,,,
54808,20210201,-88.37,40.05,,,,,,,,,0.304,-2.14,1,0,0.373,,,,,,,,,,,,,,,
54808,20210202,-88.37,40.05,,,,,,,,,0.306,-2.13,1,0,0.377,,,,,,,,,,,,,,,
54808,20210203,-88.37,40.05,,,,,,,,,0.308,-2.11,1,0,0.38,,,,,,,,,,,,,,,
54808,20210204,-88.37,40.05,,,,,,,,,0.309,-2.13,1,0,0.383,,,,,,,,,,,,,,,
54808,20210205,-88.37,40.05,,,,,,,,,0.31,-2.22,1,0,0.388,,,,,,,,,,,,,,,
54808,20210206,-88.37,40.05,,,,,,,,,0.311,-2.45,1,0,0.391,,,,,,,,,,,,,,,
54808,20210207,-88.37,40.05,,,,,,,,,0.319,,,,0.39,,,,,,,,,,,,,,,
54808,20210208,-88.37,40.05,,,,,,,,,0.325,,,,0.387,,,,,,,,,,,,,,,
54808,20210209,-88.37,40.05,,,,,,,,,0.33,,,,0.385,,,,,,,,,,,,,,,
54808,20210210,-88.37,40.05,,,,,,,,,0.333,,,,0.383,,,,,,,,,,,,,,,
54808,20210211,-88.37,40.05,,,,,,,,,,,,,0.382,,,,,,,,,,,,,,,
54808,20210212,-88.37,40.05,,,,,,,,,,,,,0.378,,,,,,,,,,,,,,,
54808,20210213,-88.37,40.05,,,,,,,,,,,,,0.375,,,,,,,,,,,,,,,
54808,20210214,-88.37,40.05,,,,,,,,,,,,,0.373,,,,,,,,,,,,,,,
54808,20210215,-88.37,40.05,,,,,,,,,,,,,0.372,,,,,,,,,,,,,,,
54808,20210216,-88.37,40.05,,,,,,,,,,,,,0.37,,,,,,,,,,,,,,,
54808,20210217,-88.37,40.05,,,,,,,,,,,,,0.369,,,,,,,,,,,,,,,
54808,20210218,-88.37,40.05,,,,,,,,,,,,,0.368,,,,,,,,,,,,,,,
54808,20210219,-88.37,40.05,,,,,,,,,,,,,0.367,,,,,,,,,,,,,,,
54808,20210220,-88.37,40.05,,,,,,,,,,,,,0.366,,,,,,,,,,,,,,,
54808,20210221,-88.37,40.05,,,,,,,,,,,,,0.365,,,,,,,,,,,,,,,
54808,20210222,-88.37,40.05,,,,,,,,,,,,,0.365,,,,,,,,,,,,,,,
54808,20210223,-88.37,40.05,,,,,,,,,,,,,0.365,,,,,,,,,,,,,,,
54808,20210224,-88.37,40.05,,,,,,,,,,,,,0.368,,,,,,,,,,,,,,,
54808,20210225,-88.37,40.05,,,,,,,,,,,,,0.369,,,,,,,,,,,,,,,
54808,20210226,-88.37,40.05,,,,,,,,,,,,,0.37,,,,,,,,,,,,,,,
54808,20210227,-88.37,40.05,,,,,,,,,,,,,0.371,,,,0.469,,,,,,,,,,,
54808,20210228,-88.37,40.05,,,,,,,,,,,,,0.373,,,,0.47,,,,,,,,,,,
54808,20210301,-88.37,40.05,,,,,,,,,,,,,0.378,,,,0.472,,,,,,,,,,,
54808,20210302,-88.37,40.05,,,,,,,,,,,,,0.38,,,,0.473,,,,,,,,,,,
54808,20210303,-88.37,40.05,,,,,,,,,,,,,0.38,,,,0.474,,,,,,,,,,,
54808,20210304,-88.37,40.05,,,,,,,,,,,,,0.38,,,,0.475,,,,,,,,,,,
54808,20210305,-88.37,40.05,0.362,-0.91,1,0,0.336,-1.1,1,0,,,,,0.381,,,,0.475,,,,0.349,-1.16,1,0,,,,
54808,20210306,-88.37,40.05,0.36,-0.99,1,0,0.333,-1.14,1,0,0.338,-1.4,0.974,0,0.382,,,,0.476,,,,0.347,-1.22,1,0,0.378,,,
54808,20210307,-88.37,40.05,0.353,-1.05,1,0,0.332,-1.17,1,0,0.338,-1.38,0.988,0,0.383,,,,0.476,,,,0.343,-1.26,1,0,0.377,,,
54808,20210308,-88.37,40.05,0.346,-1.11,1,0,0.325,-1.19,1,0,0.334,-1.51,1,0,0.379,,,,0.476,,,,0.336,-1.29,1,0,0.372,,,
54808,20210309,-88.37,40.05,0.34,-1.19,1,0,0.322,-1.23,1,0,0.332,-1.58,1,0,0.378,,,,0.475,,,,0.331,-1.32,1,0,0.369,,,
54808,20210310,-88.37,40.05,0.334,-1.27,1,0,0.319,-1.27,1,0,0.331,-1.63,1,0,0.377,,,,0.475,,,,0.327,-1.36,1,0,0.367,,,
54808,20210311,-88.37,40.05,0.328,-1.37,1,0,0.316,-1.3,1,0,0.329,-1.68,1,0,0.376,,,,0.475,,,,0.322,-1.41,1,0,0.365,,,
54808,20210312,-88.37,40.05,0.331,-1.3,0.964,0,0.316,-1.3,1,0,0.328,-1.71,1,0,0.376,,,,0.475,,,,0.323,-1.36,1,0,0.365,,,
54808,20210313,-88.37,40.05,0.332,-1.25,0.964,0,0.315,-1.29,1,0,0.327,-1.74,1,0,0.376,,,,0.475,,,,0.324,-1.32,1,0,0.365,,,
54808,20210314,-88.37,40.05,0.332,-1.23,0.964,0,0.315,-1.28,1,0,0.327,-1.75,1,0,0.375,,,,0.475,,,,0.324,-1.3,1,0,0.365,,,
54808,20210315,-88.37,40.05,0.332,-1.21,0.964,0,0.315,-1.28,1,0,0.326,-1.77,1,0,0.375,,,,0.475,,,,0.323,-1.28,1,0,0.365,,,
54808,20210316,-88.37,40.05,0.34,-1.03,0.839,0.012,0.322,-1.15,0.881,0,0.33,-1.63,0.988,0,0.377,,,,0.476,,,,0.331,-1.12,0.881,0,0.369,,,
54808,20210317,-88.37,40.05,0.349,-0.83,0.696,0.012,0.329,-1.01,0.738,0,0.335,-1.48,0.988,0,0.38,,,,0.476,,,,0.339,-0.94,0.744,0,0.374,,,
54808,20210318,-88.37,40.05,0.362,-0.54,0.554,0.065,0.339,-0.82,0.613,0.018,0.341,-1.28,0.905,0.006,0.385,,,,0.477,,,,0.35,-0.69,0.607,0.024,0.381,,,
54808,20210319,-88.37,40.05,0.37,-0.38,0.446,0.173,0.35,-0.61,0.47,0.101,0.353,-0.88,0.762,0.149,0.407,,,,0.48,,,,0.36,-0.49,0.464,0.119,0.392,,,
54808,20210320,-88.37,40.05,0.374,-0.28,0.304,0.173,0.357,-0.49,0.327,0.101,0.358,-0.7,0.714,0.149,0.423,,,,0.482,,,,0.366,-0.37,0.327,0.119,0.399,,,
54808,20210321,-88.37,40.05,0.378,-0.18,0.238,0.173,0.362,-0.39,0.321,0.101,0.362,-0.57,0.714,0.149,0.428,,,,0.485,,,,0.37,-0.27,0.274,0.119,0.403,,,
54808,20210322,-88.37,40.05,0.382,-0.08,0.238,0.173,0.366,-0.3,0.321,0.101,0.365,-0.45,0.714,0.149,0.431,,,,0.487,,,,0.374,-0.17,0.274,0.119,0.406,,,
54808,20210323,-88.37,40.05,0.377,-0.17,0.363,0.161,0.363,-0.35,0.44,0.101,0.364,-0.48,0.726,0.149,0.432,,,,0.489,,,,0.37,-0.24,0.393,0.119,0.405,,,
54808,20210324,-88.37,40.05,0.371,-0.26,0.506,0.161,0.36,-0.41,0.583,0.101,0.362,-0.54,0.726,0.149,0.43,,,,0.491,,,,0.365,-0.32,0.53,0.119,0.403,,,
54808,20210325,-88.37,40.05,0.361,-0.42,0.649,0.107,0.353,-0.54,0.708,0.083,0.358,-0.63,0.81,0.143,0.428,,,,0.493,,,,0.357,-0.47,0.667,0.095,0.399,,,
54808,20210326,-88.37,40.05,0.355,-0.54,0.732,0.06,0.347,-0.64,0.792,0.054,0.351,-0.83,0.899,0.054,0.415,,,,0.493,,,,0.351,-0.59,0.75,0.06,0.392,,,
54808,20210327,-88.37,40.05,0.357,-0.5,0.732,0.083,0.349,-0.58,0.792,0.06,0.354,-0.75,0.804,0.089,0.421,,,,0.494,,,,0.353,-0.53,0.744,0.083,0.395,,,
54808,20210328,-88.37,40.05,0.362,-0.39,0.655,0.155,0.355,-0.47,0.655,0.131,0.358,-0.61,0.702,0.161,0.434,,,,0.495,,,,0.359,-0.42,0.655,0.155,0.401,,,
54808,20210329,-88.37,40.05,0.367,-0.29,0.512,0.185,0.36,-0.37,0.512,0.149,0.363,-0.47,0.56,0.196,0.449,,,,0.495,,,,0.364,-0.32,0.512,0.185,0.407,,,
54808,20210330,-88.37,40.05,0.371,-0.2,0.369,0.185,0.364,-0.3,0.369,0.149,0.365,-0.39,0.548,0.196,0.456,,,,0.496,,,,0.367,-0.24,0.369,0.185,0.41,,,
54808,20210331,-88.37,40.05,0.374,-0.13,0.256,0.185,0.366,-0.24,0.357,0.149,0.366,-0.33,0.548,0.196,0.458,,,,0.497,,,,0.37,-0.17,0.304,0.185,0.412,,,
54808,20210401,-88.37,40.05,0.374,-0.09,0.256,0.185,0.368,-0.19,0.357,0.149,0.367,-0.28,0.548,0.196,0.459,,,,0.499,,,,0.371,-0.13,0.304,0.185,0.414,,,
54808,20210402,-88.37,40.05,0.368,-0.15,0.315,0.125,0.364,-0.25,0.417,0.095,0.365,-0.32,0.601,0.143,0.452,,,,0.5,,,,0.366,-0.2,0.363,0.125,0.41,,,
54808,20210403,-88.37,40.05,0.355,-0.3,0.458,0.101,0.356,-0.38,0.56,0.089,0.36,-0.44,0.744,0.107,0.432,,,,0.5,,,,0.356,-0.36,0.506,0.101,0.401,,,
54808,20210404,-88.37,40.05,0.338,-0.5,0.601,0.03,0.345,-0.55,0.702,0.018,0.353,-0.58,0.845,0.036,0.416,,,,0.501,,,,0.342,-0.56,0.649,0.03,0.391,,,
54808,20210405,-88.37,40.05,0.321,-0.69,0.744,0,0.334,-0.71,0.845,0,0.347,-0.71,0.988,0,0.399,,,,0.501,,,,0.328,-0.75,0.792,0,0.38,,,
54808,20210406,-88.37,40.05,0.304,-0.85,0.887,0,0.324,-0.85,0.988,0,0.343,-0.77,1,0,0.392,,,,0.502,,,,0.314,-0.91,0.935,0,0.373,,,
54808,20210407,-88.37,40.05,0.286,-1,1,0,0.313,-0.98,1,0,0.339,-0.83,1,0,0.388,,,,0.502,,,,0.299,-1.06,1,0,0.366,,,
54808,20210408,-88.37,40.05,0.269,-1.12,1,0,0.301,-1.1,1,0,0.335,-0.89,1,0,0.386,,,,0.502,,,,0.285,-1.18,1,0,0.359,,,
54808,20210409,-88.37,40.05,0.254,-1.21,1,0,0.29,-1.19,1,0,0.33,-0.96,1,0,0.385,,,,0.503,,,,0.272,-1.26,1,0,0.352,,,
54808,20210410,-88.37,40.05,0.241,-1.27,1,0,0.279,-1.25,1,0,0.324,-1.01,1,0,0.384,,,,0.503,,,,0.26,-1.32,1,0,0.346,,,
54808,20210411,-88.37,40.05,0.231,-1.3,1,0,0.269,-1.3,1,0,0.32,-1.04,1,0,0.384,,,,0.503,,,,0.25,-1.34,1,0,0.341,,,
54808,20210412,-88.37,40.05,0.237,-1.19,0.911,0,0.262,-1.31,1,0,0.315,-1.06,1,0,0.384,,,,0.504,,,,0.249,-1.28,1,0,0.34,,,
54808,20210413,-88.37,40.05,0.249,-1.04,0.768,0,0.257,-1.28,1,0,0.311,-1.07,1,0,0.383,,,,0.505,,,,0.253,-1.18,1,0,0.341,,,
54808,20210414,-88.37,40.05,0.258,-0.92,0.685,0,0.254,-1.23,1,0,0.307,-1.06,1,0,0.382,,,,0.505,,,,0.256,-1.08,1,0,0.341,,,
54808,20210415,-88.37,40.05,0.267,-0.8,0.685,0,0.253,-1.17,1,0,0.304,-1.03,1,0,0.381,,,,0.506,,,,0.26,-0.98,1,0,0.342,,,
54808,20210416,-88.37,40.05,0.273,-0.7,0.685,0,0.252,-1.12,1,0,0.301,-1,1,0,0.381,,,,0.506,,,,0.262,-0.91,1,0,0.342,,,
54808,20210417,-88.37,40.05,0.277,-0.63,0.685,0,0.251,-1.07,1,0,0.298,-0.97,1,0,0.379,,,,0.506,,,,0.264,-0.85,1,0,0.342,,,
54808,20210418,-88.37,40.05,0.279,-0.58,0.685,0,0.25,-1.04,1,0,0.295,-0.95,1,0,0.378,,,,0.505,,,,0.265,-0.81,1,0,0.341,,,
54808,20210419,-88.37,40.05,0.266,-0.65,0.774,0,0.247,-1.04,1,0,0.291,-0.95,1,0,0.376,,,,0.505,,,,0.256,-0.85,1,0,0.337,,,
54808,20210420,-88.37,40.05,0.248,-0.77,0.917,0,0.241,-1.06,1,0,0.287,-0.95,1,0,0.375,,,,0.505,,,,0.244,-0.92,1,0,0.331,,,
54808,20210421,-88.37,40.05,0.235,-0.83,1,0,0.235,-1.09,1,0,0.282,-0.97,1,0,0.373,,,,0.504,,,,0.235,-0.97,1,0,0.326,,,
54808,20210422,-88.37,40.05,0.228,-0.86,1,0,0.229,-1.11,1,0,0.277,-0.99,1,0,0.372,,,,0.504,,,,0.228,-0.99,1,0,0.322,,,
54808,20210423,-88.37,40.05,0.222,-0.87,1,0,0.224,-1.13,1,0,0.273,-1,1,0,0.371,,,,0.504,,,,0.223,-1.01,1,0,0.319,,,
54808,20210424,-88.37,40.05,0.217,-0.88,1,0,0.218,-1.14,1,0,0.269,-1.01,1,0,0.369,,,,0.504,,,,0.218,-1.01,1,0,0.316,,,
54808,20210425,-88.37,40.05,0.214,-0.88,1,0,0.214,-1.15,1,0,0.266,-1.01,1,0,0.368,,,,0.505,,,,0.214,-1.01,1,0,0.313,,,
54808,20210426,-88.37,40.05,0.213,-0.86,1,0,0.211,-1.14,1,0,0.263,-1.01,1,0,0.367,,,,0.504,,,,0.212,-1,1,0,0.312,,,
54808,20210427,-88.37,40.05,0.211,-0.85,1,0,0.209,-1.13,1,0,0.261,-0.99,1,0,0.365,,,,0.504,,,,0.21,-0.99,1,0,0.31,,,
54808,20210428,-88.37,40.05,0.208,-0.86,1,0,0.207,-1.13,1,0,0.258,-0.99,1,0,0.364,,,,0.504,,,,0.207,-1,1,0,0.308,,,
54808,20210429,-88.37,40.05,0.206,-0.86,0.964,0,0.205,-1.12,1,0,0.256,-0.98,1,0,0.362,,,,0.504,,,,0.206,-0.99,0.982,0,0.307,,,
54808,20210430,-88.37,40.05,0.221,-0.75,0.821,0,0.21,-1.07,1,0,0.254,-0.97,1,0,0.36,,,,0.504,,,,0.216,-0.91,0.869,0,0.31,,,
54808,20210501,-88.37,40.05,0.232,-0.68,0.679,0,0.213,-1.04,1,0,0.252,-0.96,1,0,0.359,,,,0.504,,,,0.223,-0.85,0.869,0,0.312,,,
54808,20210502,-88.37,40.05,0.238,-0.63,0.631,0,0.216,-1.02,1,0,0.25,-0.95,1,0,0.357,,,,0.504,,,,0.227,-0.81,0.869,0,0.313,,,
54808,20210503,-88.37,40.05,0.242,-0.6,0.631,0,0.217,-1,1,0,0.248,-0.95,1,0,0.354,,,,0.504,,,,0.23,-0.78,0.869,0,0.313,,,
54808,20210504,-88.37,40.05,0.247,-0.56,0.631,0,0.219,-0.97,1,0,0.246,-0.95,1,0,0.352,,,,0.505,,,,0.233,-0.74,0.869,0,0.314,,,
54808,20210505,-88.37,40.05,0.253,-0.52,0.631,0,0.222,-0.94,1,0,0.246,-0.94,1,0,0.351,,,,0.505,,,,0.238,-0.7,0.869,0,0.315,,,
54808,20210506,-88.37,40.05,0.254,-0.51,0.667,0,0.224,-0.91,1,0,0.246,-0.93,1,0,0.349,,,,0.505,,,,0.239,-0.68,0.887,0,0.315,,,
54808,20210507,-88.37,40.05,0.238,-0.61,0.81,0,0.219,-0.94,1,0,0.245,-0.92,1,0,0.347,,,,0.504,,,,0.228,-0.75,1,0,0.311,,,
54808,20210508,-88.37,40.05,0.225,-0.68,0.952,0,0.215,-0.97,1,0,0.245,-0.92,1,0,0.343,,,,0.504,,,,0.22,-0.81,1,0,0.306,,,
54808,20210509,-88.37,40.05,0.219,-0.72,0.988,0,0.212,-0.99,1,0,0.244,-0.92,1,0,0.339,,,,0.503,,,,0.215,-0.84,0.994,0,0.303,,,
54808,20210510,-88.37,40.05,0.239,-0.6,0.845,0,0.232,-0.82,0.857,0,0.247,-0.89,1,0,0.335,,,,0.502,,,,0.236,-0.7,0.851,0,0.311,,,
54808,20210511,-88.37,40.05,0.256,-0.5,0.702,0,0.25,-0.69,0.714,0,0.25,-0.86,1,0,0.33,,,,0.501,,,,0.253,-0.58,0.708,0,0.317,,,
54808,20210512,-88.37,40.05,0.27,-0.42,0.56,0,0.265,-0.57,0.571,0,0.252,-0.83,1,0,0.326,,,,0.5,,,,0.268,-0.48,0.565,0,0.323,,,
54808,20210513,-88.37,40.05,0.281,-0.36,0.435,0,0.279,-0.47,0.429,0,0.254,-0.8,1,0,0.322,,,,0.5,,,,0.28,-0.4,0.423,0,0.327,,,
54808,20210514,-88.37,40.05,0.289,-0.31,0.435,0,0.292,-0.37,0.292,0,0.256,-0.78,1,0,0.317,,,,0.5,,,,0.291,-0.33,0.405,0,0.331,,,
54808,20210515,-88.37,40.05,0.296,-0.27,0.435,0,0.304,-0.28,0.286,0,0.259,-0.75,1,0,0.314,,,,0.499,,,,0.3,-0.27,0.405,0,0.334,,,
54808,20210516,-88.37,40.05,0.3,-0.25,0.446,0,0.315,-0.2,0.286,0,0.261,-0.73,1,0,0.312,,,,0.498,,,,0.307,-0.21,0.411,0,0.337,,,
54808,20210517,-88.37,40.05,0.279,-0.37,0.589,0,0.301,-0.31,0.429,0,0.259,-0.74,1,0,0.309,,,,0.498,,,,0.29,-0.33,0.554,0,0.329,,,
54808,20210518,-88.37,40.05,0.268,-0.43,0.673,0,0.29,-0.4,0.571,0,0.257,-0.75,1,0,0.307,,,,0.498,,,,0.279,-0.41,0.696,0,0.324,,,
54808,20210519,-88.37,40.05,0.271,-0.4,0.673,0,0.282,-0.46,0.714,0,0.256,-0.75,1,0,0.306,,,,0.498,,,,0.277,-0.41,0.708,0,0.323,,,
54808,20210520,-88.37,40.05,0.278,-0.34,0.655,0,0.277,-0.49,0.857,0,0.256,-0.75,1,0,0.304,,,,0.499,,,,0.278,-0.39,0.708,0,0.323,,,
54808,20210521,-88.37,40.05,0.284,-0.29,0.512,0,0.273,-0.51,0.994,0,0.255,-0.75,1,0,0.304,,,,0.499,,,,0.278,-0.37,0.583,0,0.323,,,
54808,20210522,-88.37,40.05,0.286,-0.27,0.435,0,0.27,-0.53,1,0,0.255,-0.74,1,0,0.303,,,,0.499,,,,0.278,-0.36,0.554,0,0.323,,,
54808,20210523,-88.37,40.05,0.288,-0.25,0.435,0,0.267,-0.54,1,0,0.255,-0.74,1,0,0.302,,,,0.499,,,,0.278,-0.36,0.554,0,0.322,,,
54808,20210524,-88.37,40.05,0.287,-0.24,0.435,0,0.265,-0.55,1,0,0.255,-0.74,1,0,0.301,,,,0.499,,,,0.276,-0.36,0.554,0,0.321,,,
54808,20210525,-88.37,40.05,0.278,-0.29,0.494,0,0.26,-0.57,1,0,0.254,-0.75,1,0,0.298,-1.68,1,0,0.499,,,,0.269,-0.4,0.554,0,0.318,,,
54808,20210526,-88.37,40.05,0.256,-0.41,0.637,0,0.252,-0.62,1,0,0.253,-0.76,1,0,0.295,-1.72,1,0,0.5,,,,0.254,-0.49,0.685,0,0.311,,,
54808,20210527,-88.37,40.05,0.233,-0.53,0.78,0,0.242,-0.68,1,0,0.252,-0.77,1,0,0.29,-1.72,1,0,0.5,,,,0.238,-0.59,0.827,0,0.304,,,
54808,20210528,-88.37,40.05,0.216,-0.62,0.923,0,0.234,-0.72,1,0,0.25,-0.78,1,0,0.285,-1.7,1,0,0.501,,,,0.225,-0.66,0.97,0,0.297,,,
54808,20210529,-88.37,40.05,0.213,-0.62,0.893,0,0.228,-0.74,1,0,0.248,-0.79,1,0,0.281,-1.68,1,0,0.502,,,,0.22,-0.67,1,0,0.294,,,
54808,20210530,-88.37,40.05,0.213,-0.59,0.75,0,0.223,-0.75,1,0,0.245,-0.8,1,0,0.277,-1.66,1,0,0.503,,,,0.218,-0.66,1,0,0.292,,,
54808,20210531,-88.37,40.05,0.214,-0.56,0.673,0,0.219,-0.75,1,0,0.243,-0.8,1,0,0.273,-1.64,1,0,0.504,,,,0.216,-0.65,1,0,0.291,,,
54808,20210601,-88.37,40.05,0.215,-0.53,0.673,0,0.216,-0.73,1,0,0.242,-0.79,1,0,0.27,-1.61,1,0,0.504,,,,0.215,-0.63,1,0,0.289,,,
54808,20210602,-88.37,40.05,0.217,-0.49,0.673,0,0.216,-0.7,1,0,0.241,-0.77,1,0,0.268,-1.57,1,0,0.505,,,,0.216,-0.6,1,0,0.289,,,
54808,20210603,-88.37,40.05,0.217,-0.47,0.673,0,0.215,-0.68,1,0,0.241,-0.75,1,0,0.267,-1.53,1,0,0.505,,,,0.216,-0.58,1,0,0.289,,,
54808,20210604,-88.37,40.05,0.216,-0.46,0.673,0,0.213,-0.67,1,0,0.24,-0.73,1,0,0.265,-1.48,1,0,0.504,,,,0.214,-0.57,1,0,0.288,,,
54808,20210605,-88.37,40.05,0.206,-0.51,0.78,0,0.208,-0.68,1,0,0.239,-0.71,1,0,0.262,-1.45,1,0,0.504,,,,0.207,-0.61,1,0,0.284,,,
54808,20210606,-88.37,40.05,0.194,-0.57,0.923,0,0.202,-0.69,1,0,0.238,-0.69,1,0,0.259,-1.42,1,0,0.503,,,,0.198,-0.65,1,0,0.279,,,
54808,20210607,-88.37,40.05,0.184,-0.62,1,0,0.197,-0.71,1,0,0.236,-0.68,1,0,0.255,-1.39,1,0,0.503,,,,0.191,-0.69,1,0,0.275,,,
54808,20210608,-88.37,40.05,0.18,-0.64,1,0,0.193,-0.73,1,0,0.234,-0.67,1,0,0.251,-1.36,1,0,0.502,,,,0.186,-0.7,1,0,0.272,,,
54808,20210609,-88.37,40.05,0.175,-0.66,1,0,0.189,-0.74,1,0,0.232,-0.66,1,0,0.248,-1.33,1,0,0.502,,,,0.182,-0.72,1,0,0.269,,,
54808,20210610,-88.37,40.05,0.17,-0.67,1,0,0.185,-0.75,1,0,0.23,-0.66,1,0,0.244,-1.3,1,0,0.502,,,,0.178,-0.73,1,0,0.266,,,
54808,20210611,-88.37,40.05,0.167,-0.69,1,0,0.183,-0.76,1,0,0.228,-0.66,1,0,0.241,-1.28,1,0,0.501,,,,0.175,-0.73,1,0,0.264,,,
54808,20210612,-88.37,40.05,0.165,-0.69,1,0,0.181,-0.76,1,0,0.226,-0.65,1,0,0.238,-1.26,1,0,0.5,,,,0.173,-0.74,1,0,0.262,,,
54808,20210613,-88.37,40.05,0.164,-0.69,1,0,0.18,-0.75,1,0,0.225,-0.65,1,0,0.236,-1.25,1,0,0.499,,,,0.172,-0.73,1,0,0.261,,,
54808,20210614,-88.37,40.05,0.163,-0.7,1,0,0.179,-0.75,1,0,0.224,-0.65,1,0,0.234,-1.23,1,0,0.498,,,,0.171,-0.73,1,0,0.259,,,
54808,20210615,-88.37,40.05,0.158,-0.72,1,0,0.177,-0.76,1,0,0.222,-0.65,1,0,0.231,-1.23,1,0,0.496,,,,0.168,-0.75,1,0,0.257,,,
54808,20210616,-88.37,40.05,0.155,-0.74,1,0,0.175,-0.77,1,0,0.22,-0.66,1,0,0.229,-1.24,1,0,0.493,,,,0.165,-0.77,1,0,0.254,,,
54808,20210617,-88.37,40.05,0.152,-0.76,1,0,0.172,-0.78,1,0,0.217,-0.68,1,0,0.226,-1.25,1,0,0.49,,,,0.162,-0.79,1,0,0.251,,,
54808,20210618,-88.37,40.05,0.149,-0.78,1,0,0.17,-0.79,1,0,0.215,-0.69,1,0,0.223,-1.26,1,0,0.487,,,,0.159,-0.8,1,0,0.249,,,
54808,20210619,-88.37,40.05,0.147,-0.78,1,0,0.168,-0.8,1,0,0.213,-0.71,1,0,0.22,-1.27,1,0,0.485,,,,0.157,-0.81,1,0,0.247,,,
54808,20210620,-88.37,40.05,0.146,-0.78,1,0,0.17,-0.78,1,0,0.212,-0.71,1,0,0.218,-1.27,1,0,0.482,,,,0.158,-0.81,1,0,0.246,,,
54808,20210621,-88.37,40.05,0.146,-0.78,1,0,0.172,-0.77,1,0,0.211,-0.72,1,0,0.216,-1.26,1,0,0.479,,,,0.159,-0.8,1,0,0.245,,,
54808,20210622,-88.37,40.05,0.146,-0.78,1,0,0.173,-0.76,1,0,0.211,-0.72,1,0,0.215,-1.24,1,0,0.478,,,,0.159,-0.79,1,0,0.244,,,
54808,20210623,-88.37,40.05,0.145,-0.77,1,0,0.173,-0.75,1,0,0.211,-0.72,1,0,0.213,-1.22,1,0,0.476,,,,0.159,-0.79,1,0,0.244,,,
54808,20210624,-88.37,40.05,0.145,-0.76,1,0,0.173,-0.75,1,0,0.21,-0.72,1,0,0.213,-1.2,1,0,0.475,,,,0.159,-0.78,1,0,0.243,,,
54808,20210625,-88.37,40.05,0.148,-0.75,1,0,0.178,-0.71,0.976,0,0.214,-0.69,1,0,0.225,-1.08,0.893,0,0.478,,,,0.163,-0.75,1,0,0.248,,,
54808,20210626,-88.37,40.05,0.161,-0.66,0.869,0,0.191,-0.62,0.833,0,0.222,-0.63,0.958,0,0.244,-0.91,0.75,0.036,0.482,,,,0.176,-0.67,0.863,0,0.26,,,
54808,20210627,-88.37,40.05,0.181,-0.54,0.726,0,0.206,-0.52,0.69,0,0.237,-0.51,0.815,0,0.272,-0.67,0.607,0.179,0.487,,,,0.193,-0.55,0.72,0,0.277,,,
54808,20210628,-88.37,40.05,0.207,-0.38,0.583,0.054,0.224,-0.41,0.548,0,0.257,-0.37,0.673,0.048,0.301,-0.44,0.464,0.321,0.493,,,,0.215,-0.4,0.577,0.054,0.296,,,
54808,20210629,-88.37,40.05,0.237,-0.19,0.44,0.196,0.244,-0.28,0.405,0,0.279,-0.2,0.53,0.185,0.331,-0.2,0.321,0.464,0.499,,,,0.24,-0.24,0.435,0.083,0.318,,,
54808,20210630,-88.37,40.05,0.264,-0.02,0.298,0.238,0.263,-0.15,0.262,0,0.3,-0.04,0.387,0.19,0.358,0.02,0.179,0.607,0.505,,,,0.263,-0.08,0.292,0.083,0.338,,,
54808,20210701,-88.37,40.05,0.299,0.19,0.155,0.381,0.286,0,0.119,0,0.323,0.13,0.244,0.244,0.386,0.23,0.036,0.75,0.511,,,,0.293,0.11,0.149,0.22,0.361,,,
54808,20210702,-88.37,40.05,0.329,0.37,0.012,0.524,0.305,0.12,0,0,0.343,0.28,0.101,0.381,0.403,0.36,0,0.893,0.512,,,,0.317,0.27,0.006,0.292,0.379,,,
54808,20210703,-88.37,40.05,0.344,0.46,0,0.554,0.314,0.18,0,0,0.357,0.39,0,0.393,0.412,0.43,0,1,0.513,,,,0.329,0.35,0,0.292,0.388,,,
54808,20210704,-88.37,40.05,0.347,0.48,0,0.554,0.316,0.19,0,0,0.362,0.42,0,0.393,0.411,0.42,0,1,0.512,,,,0.332,0.36,0,0.292,0.39,,,
54808,20210705,-88.37,40.05,0.343,0.44,0,0.5,0.315,0.17,0,0,0.362,0.42,0,0.345,0.408,0.39,0,0.899,0.512,,,,0.329,0.33,0,0.238,0.388,,,
54808,20210706,-88.37,40.05,0.331,0.37,0,0.357,0.312,0.15,0,0,0.358,0.39,0,0.208,0.404,0.35,0,0.762,0.51,,,,0.322,0.28,0,0.208,0.383,,,
54808,20210707,-88.37,40.05,0.32,0.3,0,0.315,0.309,0.13,0,0,0.355,0.36,0,0.202,0.402,0.32,0,0.625,0.509,,,,0.315,0.23,0,0.208,0.379,,,
54808,20210708,-88.37,40.05,0.299,0.17,0,0.173,0.301,0.06,0,0,0.349,0.32,0,0.149,0.399,0.3,0,0.482,0.508,,,,0.3,0.13,0,0.071,0.371,,,
54808,20210709,-88.37,40.05,0.28,0.04,0,0.03,0.291,-0.01,0,0,0.341,0.25,0,0.012,0.395,0.25,0,0.339,0.508,,,,0.285,0.03,0,0,0.363,,,
54808,20210710,-88.37,40.05,0.263,-0.05,0,0,0.281,-0.08,0,0,0.333,0.2,0,0,0.391,0.22,0,0.196,0.507,,,,0.272,-0.06,0,0,0.355,,,
54808,20210711,-88.37,40.05,0.25,-0.12,0,0,0.273,-0.14,0,0,0.327,0.14,0,0,0.388,0.18,0,0.054,0.507,,,,0.262,-0.13,0,0,0.349,,,
54808,20210712,-88.37,40.05,0.242,-0.17,0,0,0.265,-0.19,0,0,0.321,0.09,0,0,0.386,0.16,0,0.012,0.506,,,,0.254,-0.18,0,0,0.344,,,
54808,20210713,-88.37,40.05,0.244,-0.15,0,0,0.263,-0.19,0,0,0.315,0.05,0,0,0.384,0.14,0,0.006,0.506,,,,0.253,-0.17,0,0,0.342,,,
54808,20210714,-88.37,40.05,0.246,-0.12,0,0,0.262,-0.19,0,0,0.311,0.02,0,0,0.382,0.13,0,0,0.505,,,,0.254,-0.15,0,0,0.341,,,
54808,20210715,-88.37,40.05,0.249,-0.08,0,0,0.261,-0.18,0,0,0.308,-0.01,0,0,0.38,0.11,0,0,0.505,,,,0.255,-0.13,0,0,0.341,,,
54808,20210716,-88.37,40.05,0.263,0.02,0,0.077,0.267,-0.12,0,0.054,0.308,0.01,0,0.048,0.378,0.1,0,0,0.505,,,,0.265,-0.04,0,0.06,0.344,,,
54808,20210717,-88.37,40.05,0.288,0.2,0,0.22,0.286,0.04,0,0.196,0.318,0.1,0,0.19,0.382,0.14,0,0.077,0.504,,,,0.287,0.13,0,0.202,0.355,,,
54808,20210718,-88.37,40.05,0.309,0.35,0,0.363,0.304,0.2,0,0.339,0.327,0.2,0,0.333,0.389,0.2,0,0.22,0.504,,,,0.306,0.29,0,0.345,0.366,,,
54808,20210719,-88.37,40.05,0.326,0.48,0,0.506,0.32,0.34,0,0.482,0.336,0.29,0,0.476,0.394,0.25,0,0.363,0.503,,,,0.323,0.42,0,0.488,0.376,,,
54808,20210720,-88.37,40.05,0.334,0.54,0,0.649,0.331,0.44,0,0.625,0.343,0.38,0,0.607,0.398,0.29,0,0.506,0.502,,,,0.333,0.5,0,0.631,0.382,,,
54808,20210721,-88.37,40.05,0.341,0.6,0,0.726,0.34,0.52,0,0.762,0.351,0.46,0,0.661,0.402,0.34,0,0.649,0.502,,,,0.34,0.57,0,0.744,0.387,,,
54808,20210722,-88.37,40.05,0.347,0.65,0,0.726,0.348,0.6,0,0.768,0.358,0.53,0,0.661,0.407,0.39,0,0.792,0.503,,,,0.347,0.64,0,0.75,0.392,,,
54808,20210723,-88.37,40.05,0.342,0.63,0,0.649,0.348,0.62,0,0.714,0.361,0.57,0,0.613,0.41,0.43,0,0.935,0.503,,,,0.345,0.63,0,0.69,0.393,,,
54808,20210724,-88.37,40.05,0.324,0.54,0,0.506,0.336,0.53,0,0.571,0.354,0.53,0,0.47,0.409,0.43,0,1,0.503,,,,0.33,0.54,0,0.548,0.385,,,
54808,20210725,-88.37,40.05,0.313,0.48,0,0.411,0.324,0.45,0,0.452,0.349,0.5,0,0.375,0.407,0.42,0,1,0.504,,,,0.318,0.46,0,0.452,0.379,,,
54808,20210726,-88.37,40.05,0.311,0.49,0,0.411,0.316,0.41,0,0.315,0.348,0.5,0,0.375,0.407,0.44,0,1,0.506,,,,0.314,0.44,0,0.452,0.378,,,
54808,20210727,-88.37,40.05,0.306,0.48,0,0.393,0.309,0.36,0,0.173,0.346,0.5,0,0.304,0.407,0.45,0,1,0.508,,,,0.308,0.42,0,0.333,0.375,,,
54808,20210728,-88.37,40.05,0.301,0.47,0,0.327,0.301,0.32,0,0.036,0.343,0.49,0,0.25,0.407,0.46,0,1,0.509,,,,0.301,0.38,0,0.22,0.372,,,
54808,20210729,-88.37,40.05,0.297,0.46,0,0.327,0.294,0.28,0,0.03,0.34,0.48,0,0.25,0.408,0.47,0,1,0.51,,,,0.296,0.35,0,0.214,0.37,,,
54808,20210730,-88.37,40.05,0.293,0.45,0,0.327,0.29,0.26,0,0.03,0.337,0.46,0,0.25,0.408,0.48,0,1,0.512,,,,0.291,0.33,0,0.214,0.368,,,
54808,20210731,-88.37,40.05,0.29,0.45,0,0.327,0.285,0.24,0,0.03,0.335,0.45,0,0.25,0.409,0.49,0,1,0.513,,,,0.287,0.32,0,0.214,0.366,,,
54808,20210801,-88.37,40.05,0.292,0.48,0,0.399,0.281,0.22,0,0.006,0.333,0.44,0,0.202,0.407,0.49,0,1,0.513,,,,0.286,0.33,0,0.179,0.365,,,
54808,20210802,-88.37,40.05,0.284,0.44,0,0.369,0.274,0.18,0,0,0.327,0.4,0,0.06,0.403,0.47,0,1,0.512,,,,0.279,0.29,0,0.036,0.36,,,
54808,20210803,-88.37,40.05,0.278,0.42,0,0.244,0.269,0.15,0,0,0.322,0.36,0,0,0.401,0.46,0,1,0.511,,,,0.273,0.26,0,0.012,0.356,,,
54808,20210804,-88.37,40.05,0.273,0.4,0,0.232,0.263,0.12,0,0,0.318,0.33,0,0,0.399,0.45,0,1,0.511,,,,0.268,0.24,0,0.012,0.353,,,
54808,20210805,-88.37,40.05,0.268,0.38,0,0.232,0.257,0.08,0,0,0.314,0.29,0,0,0.396,0.45,0,1,0.511,,,,0.263,0.21,0,0.012,0.349,,,
54808,20210806,-88.37,40.05,0.262,0.34,0,0.232,0.25,0.03,0,0,0.309,0.26,0,0,0.394,0.44,0,1,0.51,,,,0.256,0.17,0,0.012,0.345,,,
54808,20210807,-88.37,40.05,0.257,0.31,0,0.232,0.244,-0.02,0.113,0,0.305,0.23,0,0,0.391,0.43,0,1,0.509,,,,0.25,0.13,0,0.012,0.341,,,
54808,20210808,-88.37,40.05,0.242,0.21,0,0.113,0.235,-0.09,0.256,0,0.299,0.19,0,0,0.389,0.42,0,1,0.508,,,,0.238,0.04,0,0,0.335,,,
54808,20210809,-88.37,40.05,0.23,0.13,0,0,0.226,-0.16,0.399,0,0.293,0.14,0,0,0.386,0.42,0,1,0.507,,,,0.228,-0.04,0,0,0.328,,,
54808,20210810,-88.37,40.05,0.229,0.14,0,0.089,0.219,-0.21,0.512,0,0.289,0.11,0,0,0.384,0.41,0,1,0.506,,,,0.224,-0.05,0,0,0.325,,,
54808,20210811,-88.37,40.05,0.228,0.15,0,0.089,0.214,-0.25,0.607,0,0.286,0.09,0,0,0.381,0.4,0,1,0.505,,,,0.221,-0.06,0,0,0.323,,,
54808,20210812,-88.37,40.05,0.226,0.15,0,0.095,0.21,-0.27,0.726,0,0.282,0.07,0,0,0.379,0.4,0,1,0.504,,,,0.218,-0.07,0,0,0.32,,,
54808,20210813,-88.37,40.05,0.243,0.3,0,0.238,0.218,-0.18,0.762,0.095,0.285,0.1,0,0.012,0.383,0.4,0,1,0.505,,,,0.231,0.06,0,0.101,0.327,,,
54808,20210814,-88.37,40.05,0.261,0.46,0,0.381,0.231,-0.05,0.649,0.238,0.29,0.14,0,0.012,0.387,0.39,0,1,0.507,,,,0.246,0.22,0,0.244,0.335,,,
54808,20210815,-88.37,40.05,0.275,0.59,0,0.524,0.243,0.07,0.506,0.274,0.294,0.19,0,0.012,0.39,0.38,0,1,0.507,,,,0.259,0.35,0,0.387,0.342,,,
54808,20210816,-88.37,40.05,0.285,0.7,0,0.667,0.253,0.17,0.363,0.274,0.298,0.23,0,0.012,0.394,0.38,0,1,0.509,,,,0.269,0.46,0,0.452,0.348,,,
54808,20210817,-88.37,40.05,0.285,0.71,0,0.72,0.26,0.24,0.25,0.274,0.301,0.25,0,0.012,0.397,,,,0.51,,,,0.272,0.51,0,0.452,0.35,,,
54808,20210818,-88.37,40.05,0.285,0.72,0,0.78,0.265,0.3,0.155,0.274,0.303,0.28,0,0.012,0.4,,,,0.511,,,,0.275,0.54,0,0.452,0.353,,,
54808,20210819,-88.37,40.05,0.285,0.74,0,0.774,0.268,0.34,0.036,0.274,0.306,0.3,0,0.012,0.403,,,,0.512,,,,0.277,0.57,0,0.452,0.355,,,
54808,20210820,-88.37,40.05,0.267,0.6,0,0.631,0.26,0.27,0,0.179,0.302,0.27,0,0,0.4,,,,0.511,,,,0.263,0.47,0,0.351,0.348,,,
54808,20210821,-88.37,40.05,0.248,0.46,0,0.488,0.246,0.17,0,0.036,0.297,0.23,0,0,0.396,,,,0.509,,,,0.247,0.33,0,0.208,0.339,,,
54808,20210822,-88.37,40.05,0.234,0.34,0,0.345,0.234,0.07,0,0,0.291,0.19,0,0,0.394,,,,0.508,,,,0.234,0.22,0,0.065,0.332,,,
54808,20210823,-88.37,40.05,0.222,0.24,0,0.202,0.224,-0.02,0.077,0,0.287,0.15,0,0,0.391,,,,0.507,,,,0.223,0.13,0,0,0.326,,,
54808,20210824,-88.37,40.05,0.213,0.16,0,0.06,0.215,-0.09,0.214,0,0.282,0.11,0,0,0.389,,,,0.506,,,,0.214,0.05,0,0,0.321,,,
54808,20210825,-88.37,40.05,0.206,0.1,0,0,0.208,-0.15,0.345,0,0.278,0.08,0,0,0.389,,,,0.506,,,,0.207,-0.01,0,0,0.317,,,
54808,20210826,-88.37,40.05,0.204,0.08,0,0,0.202,-0.19,0.47,0,0.278,0.08,0,0,0.392,,,,0.507,,,,0.203,-0.04,0,0,0.316,,,
54808,20210827,-88.37,40.05,0.206,0.09,0,0,0.203,-0.19,0.5,0,0.279,0.09,0,0,0.397,,,,0.51,,,,0.204,-0.04,0,0,0.319,,,
54808,20210828,-88.37,40.05,0.209,0.11,0,0,0.205,-0.17,0.5,0,0.28,0.1,0,0,0.401,,,,0.512,,,,0.207,-0.01,0,0,0.321,,,
54808,20210829,-88.37,40.05,0.211,0.12,0,0,0.206,-0.16,0.5,0,0.282,0.1,0,0,0.404,,,,0.514,,,,0.208,0,0,0,0.323,,,
54808,20210830,-88.37,40.05,0.211,0.13,0,0,0.207,-0.14,0.423,0,0.284,0.11,0,0,0.407,,,,0.515,,,,0.209,0.01,0,0,0.325,,,
54808,20210831,-88.37,40.05,0.212,0.13,0,0,0.208,-0.13,0.286,0,0.286,0.13,0,0,0.41,,,,0.516,,,,0.21,0.02,0,0,0.326,,,
54808,20210901,-88.37,40.05,0.21,0.12,0,0,0.209,-0.12,0.155,0,0.286,0.12,0,0,0.411,,,,0.516,,,,0.209,0.02,0,0,0.326,,,
54808,20210902,-88.37,40.05,0.207,0.1,0,0,0.208,-0.12,0.089,0,0.283,0.1,0,0,0.408,,,,0.514,,,,0.207,0.01,0,0,0.324,,,
54808,20210903,-88.37,40.05,0.199,0.05,0,0,0.203,-0.15,0.196,0,0.278,0.06,0,0,0.402,,,,0.511,,,,0.201,-0.03,0,0,0.319,,,
54808,20210904,-88.37,40.05,0.192,0,0,0,0.197,-0.19,0.339,0,0.273,0.02,0,0,0.398,,,,0.509,,,,0.194,-0.08,0,0,0.314,,,
54808,20210905,-88.37,40.05,0.194,0.01,0,0,0.194,-0.21,0.387,0,0.27,0,0,0,0.394,,,,0.508,,,,0.194,-0.08,0,0,0.312,,,
54808,20210906,-88.37,40.05,0.197,0.04,0,0,0.191,-0.23,0.452,0,0.267,-0.03,0,0,0.39,,,,0.506,,,,0.194,-0.08,0,0,0.31,,,
54808,20210907,-88.37,40.05,0.199,0.05,0,0,0.189,-0.24,0.595,0,0.264,-0.05,0,0,0.387,,,,0.505,,,,0.194,-0.08,0,0,0.309,,,
54808,20210908,-88.37,40.05,0.203,0.08,0,0,0.191,-0.24,0.667,0,0.265,-0.04,0,0,0.388,,,,0.504,,,,0.197,-0.06,0,0,0.31,,,
54808,20210909,-88.37,40.05,0.21,0.13,0,0,0.196,-0.21,0.607,0,0.269,-0.01,0,0,0.391,,,,0.506,,,,0.203,-0.02,0,0,0.315,,,
54808,20210910,-88.37,40.05,0.216,0.16,0,0,0.202,-0.18,0.47,0,0.273,0.02,0,0,0.394,,,,0.508,,,,0.209,0.01,0,0,0.318,,,
54808,20210911,-88.37,40.05,0.22,0.19,0,0,0.206,-0.16,0.327,0,0.276,0.04,0,0,0.397,,,,0.509,,,,0.213,0.03,0,0,0.322,,,
54808,20210912,-88.37,40.05,0.216,0.15,0,0,0.209,-0.15,0.28,0,0.277,0.05,0,0,0.399,,,,0.51,,,,0.213,0.01,0,0,0.322,,,
54808,20210913,-88.37,40.05,0.212,0.11,0,0,0.211,-0.15,0.31,0,0.278,0.06,0,0,0.401,,,,0.511,,,,0.211,-0.02,0,0,0.322,,,
54808,20210914,-88.37,40.05,0.209,0.08,0,0,0.212,-0.16,0.31,0,0.279,0.06,0,0,0.403,,,,0.511,,,,0.21,-0.05,0.107,0,0.323,,,
54808,20210915,-88.37,40.05,0.203,0.02,0,0,0.209,-0.19,0.381,0,0.276,0.04,0,0,0.4,,,,0.51,,,,0.206,-0.1,0.25,0,0.32,,,
54808,20210916,-88.37,40.05,0.195,-0.05,0,0,0.203,-0.25,0.524,0,0.271,0,0,0,0.396,,,,0.507,,,,0.199,-0.18,0.393,0,0.314,,,
54808,20210917,-88.37,40.05,0.189,-0.12,0.095,0,0.197,-0.3,0.667,0,0.265,-0.04,0,0,0.392,,,,0.505,,,,0.193,-0.25,0.536,0,0.31,,,
54808,20210918,-88.37,40.05,0.184,-0.18,0.238,0,0.192,-0.35,0.81,0,0.26,-0.08,0,0,0.389,,,,0.503,,,,0.188,-0.31,0.679,0,0.306,,,
54808,20210919,-88.37,40.05,0.18,-0.22,0.381,0,0.188,-0.39,0.952,0,0.256,-0.12,0,0,0.385,,,,0.502,,,,0.184,-0.35,0.821,0,0.302,,,
54808,20210920,-88.37,40.05,0.176,-0.27,0.524,0,0.184,-0.42,1,0,0.252,-0.15,0,0,0.382,,,,0.5,,,,0.18,-0.39,0.964,0,0.299,,,
54808,20210921,-88.37,40.05,0.175,-0.29,0.548,0,0.182,-0.44,1,0,0.248,-0.18,0,0,0.378,,,,0.499,,,,0.178,-0.41,0.994,0,0.296,,,
54808,20210922,-88.37,40.05,0.189,-0.18,0.548,0.095,0.191,-0.39,0.857,0,0.246,-0.2,0,0,0.375,,,,0.498,,,,0.19,-0.32,0.851,0.054,0.3,,,
54808,20210923,-88.37,40.05,0.212,0.01,0.548,0.238,0.206,-0.28,0.714,0,0.249,-0.19,0,0,0.372,,,,0.498,,,,0.209,-0.17,0.708,0.196,0.308,,,
54808,20210924,-88.37,40.05,0.23,0.15,0.452,0.381,0.22,-0.19,0.571,0,0.252,-0.17,0,0,0.369,,,,0.497,,,,0.225,-0.05,0.565,0.327,0.314,,,
54808,20210925,-88.37,40.05,0.245,0.27,0.31,0.524,0.233,-0.11,0.429,0,0.254,-0.16,0,0,0.367,,,,0.496,,,,0.239,0.06,0.423,0.333,0.319,,,
54808,20210926,-88.37,40.05,0.261,0.4,0.167,0.667,0.245,-0.03,0.286,0,0.257,-0.14,0,0,0.365,,,,0.495,,,,0.253,0.17,0.28,0.333,0.325,,,
54808,20210927,-88.37,40.05,0.275,0.51,0.024,0.81,0.256,0.04,0.143,0,0.26,-0.13,0,0,0.362,,,,0.495,,,,0.265,0.26,0.137,0.333,0.33,,,
54808,20210928,-88.37,40.05,0.285,0.59,0,0.827,0.266,0.1,0,0,0.262,-0.12,0,0,0.36,,,,0.494,,,,0.275,0.33,0,0.333,0.333,,,
54808,20210929,-88.37,40.05,0.278,0.53,0,0.732,0.264,0.08,0,0,0.264,-0.13,0,0,0.357,,,,0.493,,,,0.271,0.29,0,0.28,0.331,,,
54808,20210930,-88.37,40.05,0.262,0.39,0,0.589,0.256,0.01,0,0,0.261,-0.17,0,0,0.354,,,,0.491,,,,0.259,0.18,0,0.137,0.325,,,
54808,20211001,-88.37,40.05,0.248,0.28,0,0.446,0.248,-0.06,0,0,0.258,-0.21,0,0,0.351,,,,0.489,,,,0.248,0.09,0,0.006,0.319,,,
54808,20211002,-88.37,40.05,0.237,0.18,0,0.304,0.239,-0.13,0.095,0,0.256,-0.25,0,0,0.349,,,,0.488,,,,0.238,0,0,0,0.314,,,
54808,20211003,-88.37,40.05,0.226,0.09,0,0.161,0.231,-0.21,0.238,0,0.254,-0.29,0,0,0.346,,,,0.487,,,,0.229,-0.08,0,0,0.309,,,
54808,20211004,-88.37,40.05,0.219,0.02,0,0.018,0.224,-0.27,0.381,0,0.252,-0.32,0,0,0.343,,,,0.486,,,,0.221,-0.15,0,0,0.305,,,
54808,20211005,-88.37,40.05,0.213,-0.03,0,0,0.218,-0.33,0.524,0,0.251,-0.35,0,0,0.342,,,,0.485,,,,0.216,-0.2,0,0,0.302,,,
54808,20211006,-88.37,40.05,0.209,-0.07,0,0,0.213,-0.38,0.667,0,0.25,-0.38,0.006,0,0.34,,,,0.485,,,,0.211,-0.25,0,0,0.299,,,
54808,20211007,-88.37,40.05,0.208,-0.09,0,0.006,0.212,-0.4,0.726,0,0.249,-0.4,0.048,0,0.338,,,,0.485,,,,0.21,-0.27,0.006,0.006,0.298,,,
54808,20211008,-88.37,40.05,0.23,0.08,0,0.149,0.227,-0.27,0.726,0.125,0.257,-0.32,0.048,0.006,0.341,,,,0.487,,,,0.229,-0.11,0.006,0.149,0.309,,,
54808,20211009,-88.37,40.05,0.252,0.23,0,0.292,0.244,-0.14,0.631,0.268,0.267,-0.24,0.048,0.006,0.345,,,,0.49,,,,0.248,0.05,0.006,0.292,0.319,,,
54808,20211010,-88.37,40.05,0.269,0.35,0,0.435,0.26,-0.01,0.488,0.411,0.277,-0.15,0.048,0.006,0.35,,,,0.492,,,,0.264,0.19,0.006,0.435,0.329,,,
54808,20211011,-88.37,40.05,0.282,0.44,0,0.577,0.274,0.11,0.345,0.44,0.286,-0.08,0.048,0.006,0.354,,,,0.494,,,,0.278,0.3,0.006,0.577,0.338,,,
54808,20211012,-88.37,40.05,0.303,0.58,0,0.72,0.293,0.27,0.202,0.548,0.298,0.03,0.048,0.083,0.362,,,,0.495,,,,0.298,0.48,0.006,0.72,0.35,,,
54808,20211013,-88.37,40.05,0.324,0.74,0,0.863,0.313,0.43,0.06,0.69,0.311,0.16,0.042,0.226,0.372,,,,0.497,,,,0.319,0.65,0.006,0.863,0.363,,,
54808,20211014,-88.37,40.05,0.348,0.91,0,1,0.333,0.6,0,0.833,0.327,0.3,0,0.369,0.382,,,,0.498,,,,0.341,0.85,0,1,0.378,,,
54808,20211015,-88.37,40.05,0.354,0.94,0,1,0.341,0.65,0,0.851,0.335,0.38,0,0.506,0.391,,,,0.497,,,,0.347,0.89,0,1,0.384,,,
54808,20211016,-88.37,40.05,0.363,0.98,0,1,0.349,0.7,0,0.851,0.343,0.45,0,0.649,0.399,,,,0.498,,,,0.356,0.94,0,1,0.39,,,
54808,20211017,-88.37,40.05,0.371,1.02,0,1,0.356,0.75,0,0.851,0.351,0.51,0,0.792,0.405,,,,0.499,,,,0.364,0.98,0,1,0.397,,,
54808,20211018,-88.37,40.05,0.38,1.05,0,1,0.363,0.78,0,0.964,0.358,0.57,0,0.935,0.411,,,,0.5,,,,0.371,1.01,0,1,0.402,,,
54808,20211019,-88.37,40.05,0.38,1.02,0,1,0.364,0.77,0,1,0.361,0.59,0,1,0.413,,,,0.501,,,,0.372,0.97,0,1,0.404,,,
54808,20211020,-88.37,40.05,0.379,0.96,0,1,0.364,0.74,0,1,0.363,0.6,0,1,0.412,,,,0.502,,,,0.371,0.92,0,1,0.404,,,
54808,20211021,-88.37,40.05,0.371,0.85,0,0.923,0.36,0.69,0,1,0.362,0.58,0,1,0.411,,,,0.502,,,,0.366,0.82,0,0.935,0.401,,,
54808,20211022,-88.37,40.05,0.358,0.71,0,0.78,0.352,0.6,0,0.988,0.358,0.53,0,0.976,0.407,,,,0.503,,,,0.355,0.68,0,0.792,0.396,,,
54808,20211023,-88.37,40.05,0.345,0.56,0,0.637,0.343,0.51,0,0.905,0.354,0.47,0,0.911,0.403,,,,0.501,,,,0.344,0.54,0,0.649,0.389,,,
54808,20211024,-88.37,40.05,0.334,0.44,0,0.494,0.337,0.44,0,0.762,0.35,0.42,0,0.774,0.399,,,,0.499,,,,0.335,0.43,0,0.506,0.384,,,
54808,20211025,-88.37,40.05,0.342,0.45,0,0.494,0.343,0.48,0,0.762,0.354,0.45,0,0.774,0.408,,,,0.5,,,,0.342,0.44,0,0.506,0.389,,,
54808,20211026,-88.37,40.05,0.348,0.45,0,0.494,0.348,0.5,0,0.762,0.356,0.46,0,0.774,0.417,,,,0.504,,,,0.348,0.45,0,0.506,0.395,,,
54808,20211027,-88.37,40.05,0.353,0.44,0,0.494,0.352,0.51,0,0.762,0.358,0.48,0,0.774,0.42,,,,0.507,,,,0.352,0.45,0,0.506,0.398,,,
54808,20211028,-88.37,40.05,0.358,0.45,0,0.571,0.354,0.5,0,0.762,0.36,0.49,0,0.774,0.422,,,,0.511,,,,0.356,0.45,0,0.571,0.401,,,
54808,20211029,-88.37,40.05,0.371,0.51,0,0.714,0.362,0.54,0,0.774,0.365,0.53,0,0.798,0.425,,,,0.515,,,,0.367,0.5,0,0.714,0.408,,,
54808,20211030,-88.37,40.05,0.385,0.58,0,0.857,0.371,0.58,0,0.857,0.371,0.58,0,0.863,0.429,,,,0.52,,,,0.378,0.56,0,0.857,0.415,,,
54808,20211031,-88.37,40.05,0.399,0.65,0,1,0.38,0.62,0,1,0.377,0.63,0,1,0.433,,,,0.524,,,,0.389,0.62,0,1,0.422,,,
54808,20211101,-88.37,40.05,0.394,0.6,0,1,0.376,0.56,0,1,0.375,0.61,0,1,0.425,,,,0.527,,,,0.385,0.57,0,1,0.419,,,
54808,20211102,-88.37,40.05,0.392,0.57,0,1,0.373,0.5,0,1,0.373,0.59,0,1,0.416,,,,0.527,,,,0.383,0.53,0,1,0.416,,,
54808,20211103,-88.37,40.05,0.391,0.56,0,1,0.373,0.47,0,0.886,0.372,0.58,0,1,0.414,,,,0.527,,,,0.382,0.52,0,1,0.416,,,
54808,20211104,-88.37,40.05,0.392,0.56,0,1,0.373,0.44,0,0.743,0.372,0.57,0,1,0.413,,,,0.528,,,,0.382,0.51,0,1,0.415,,,
54808,20211105,-88.37,40.05,0.386,0.51,0,1,0.368,0.37,0,0.599,0.369,0.53,0,1,0.409,,,,0.528,,,,0.377,0.46,0,1,0.412,,,
54808,20211106,-88.37,40.05,0.379,0.46,0,0.988,0.363,0.3,0,0.455,0.365,0.49,0,1,0.406,,,,0.528,,,,0.371,0.41,0,0.934,0.408,,,
54808,20211107,-88.37,40.05,0.372,0.41,0,0.85,0.357,0.23,0,0.311,0.361,0.44,0,0.97,0.402,,,,0.528,,,,0.364,0.36,0,0.79,0.404,,,
54808,20211108,-88.37,40.05,0.366,0.36,0,0.707,0.352,0.17,0,0.168,0.359,0.39,0,0.856,0.398,,,,0.528,,,,0.359,0.31,0,0.647,0.401,,,
54808,20211109,-88.37,40.05,0.358,0.29,0,0.563,0.349,0.13,0,0.024,0.357,0.34,0,0.713,0.396,,,,0.527,,,,0.353,0.25,0,0.503,0.397,,,
54808,20211110,-88.37,40.05,0.349,0.21,0,0.423,0.346,0.09,0,0,0.356,0.3,0,0.571,0.394,,,,0.525,,,,0.347,0.19,0,0.363,0.394,,,
54808,20211111,-88.37,40.05,0.34,0.12,0,0.28,0.343,0.05,0,0,0.355,0.25,0,0.429,0.393,,,,0.524,,,,0.341,0.12,0,0.22,0.391,,,
54808,20211112,-88.37,40.05,0.341,0.11,0,0.232,0.345,0.06,0,0.125,0.356,0.23,0,0.393,0.392,,,,0.523,,,,0.343,0.12,0,0.202,0.391,,,
54808,20211113,-88.37,40.05,0.341,0.1,0,0.113,0.348,0.08,0,0.167,0.358,0.21,0,0.274,0.392,,,,0.522,,,,0.344,0.12,0,0.143,0.392,,,
54808,20211114,-88.37,40.05,0.341,0.09,0,0.107,0.35,0.08,0,0.167,0.359,0.2,0,0.161,0.393,,,,0.521,,,,0.345,0.11,0,0.143,0.393,,,
54808,20211115,-88.37,40.05,0.342,0.09,0,0.107,0.352,0.09,0,0.167,0.36,0.18,0,0.131,0.393,,,,0.52,,,,0.347,0.1,0,0.143,0.393,,,
54808,20211116,-88.37,40.05,0.345,0.1,0,0.107,0.354,0.1,0,0.167,0.361,0.17,0,0.131,0.393,,,,0.519,,,,0.349,0.11,0,0.143,0.394,,,
54808,20211117,-88.37,40.05,0.35,0.14,0,0.107,0.357,0.12,0,0.167,0.362,0.16,0,0.131,0.393,,,,0.519,,,,0.353,0.13,0,0.143,0.396,,,
54808,20211118,-88.37,40.05,0.358,0.2,0,0.173,0.36,0.14,0,0.167,0.362,0.15,0,0.131,0.393,,,,0.519,,,,0.359,0.17,0,0.143,0.399,,,
54808,20211119,-88.37,40.05,0.358,0.2,0,0.107,0.359,0.12,0,0.042,0.36,0.12,0,0.024,0.393,,,,0.518,,,,0.359,0.15,0,0.018,0.398,,,
54808,20211120,-88.37,40.05,0.359,0.19,0,0.095,0.358,0.09,0,0,0.359,0.09,0,0,0.393,,,,0.517,,,,0.358,0.13,0,0,0.397,,,
54808,20211121,-88.37,40.05,0.36,0.19,0,0.095,0.358,0.07,0,0,0.357,0.07,0,0,0.391,,,,0.517,,,,0.359,0.12,0,0,0.397,,,
54808,20211122,-88.37,40.05,0.364,0.21,0,0.196,0.361,0.09,0,0.03,0.357,0.06,0,0,0.39,,,,0.517,,,,0.362,0.14,0,0.077,0.398,,,
54808,20211123,-88.37,40.05,0.367,0.23,0,0.196,0.363,0.09,0,0.03,0.358,0.06,0,0,0.39,,,,0.516,,,,0.365,0.15,0,0.077,0.399,,,
54808,20211124,-88.37,40.05,0.37,0.24,0,0.196,0.364,0.09,0,0.03,0.358,0.05,0,0,0.389,,,,0.516,,,,0.367,0.16,0,0.077,0.399,,,
54808,20211125,-88.37,40.05,0.37,0.23,0,0.155,0.365,0.08,0,0.042,0.358,0.04,0,0,0.388,,,,0.515,,,,0.368,0.15,0,0.095,0.399,,,
54808,20211126,-88.37,40.05,0.373,0.23,0,0.202,0.368,0.1,0,0.077,0.359,0.05,0,0,0.387,,,,0.515,,,,0.37,0.16,0,0.143,0.401,,,
54808,20211127,-88.37,40.05,0.374,0.24,0,0.202,0.37,0.1,0,0.077,0.361,0.06,0,0,0.387,,,,0.515,,,,0.372,0.17,0,0.143,0.401,,,
54808,20211128,-88.37,40.05,0.377,0.25,0,0.202,0.372,0.11,0,0.077,0.362,0.07,0,0,0.386,,,,0.515,,,,0.374,0.18,0,0.143,0.402,,,
54808,20211129,-88.37,40.05,0.376,0.22,0,0.101,0.371,0.09,0,0.048,0.362,0.07,0,0,0.386,,,,0.514,,,,0.373,0.15,0,0.065,0.402,,,
54808,20211130,-88.37,40.05,0.376,0.21,0,0.101,0.369,0.07,0,0.048,0.362,0.06,0,0,0.385,,,,0.513,,,,0.373,0.14,0,0.065,0.401,,,
54808,20211201,-88.37,40.05,0.376,0.2,0,0.101,0.369,0.05,0,0.048,0.362,0.06,0,0,0.385,,,,0.513,,,,0.373,0.13,0,0.065,0.401,,,
54808,20211202,-88.37,40.05,0.382,0.23,0,0.214,0.372,0.08,0,0.119,0.364,0.08,0,0.018,0.386,,,,0.512,,,,0.377,0.17,0,0.185,0.403,,,
54808,20211203,-88.37,40.05,0.383,0.23,0,0.179,0.372,0.08,0,0.083,0.364,0.08,0,0.018,0.387,,,,0.512,,,,0.377,0.17,0,0.19,0.404,,,
54808,20211204,-88.37,40.05,0.386,0.23,0,0.179,0.372,0.07,0,0.083,0.365,0.08,0,0.018,0.389,,,,0.511,,,,0.379,0.18,0,0.19,0.404,,,
54808,20211205,-88.37,40.05,0.388,0.23,0,0.179,0.372,0.06,0,0.083,0.365,0.08,0,0.018,0.391,,,,0.511,,,,0.38,0.18,0,0.19,0.405,,,
54808,20211206,-88.37,40.05,0.394,0.27,0,0.298,0.375,0.09,0,0.196,0.366,0.1,0,0.036,0.393,,,,0.51,,,,0.385,0.22,0,0.31,0.408,,,
54808,20211207,-88.37,40.05,0.399,0.31,0,0.417,0.378,0.12,0,0.196,0.368,0.11,0,0.042,0.396,,,,0.51,,,,0.389,0.26,0,0.387,0.41,,,
54808,20211208,-88.37,40.05,0.404,0.34,0,0.482,0.381,0.13,0,0.196,0.369,0.12,0,0.042,0.399,,,,0.511,,,,0.392,0.28,0,0.387,0.413,,,
54808,20211209,-88.37,40.05,0.404,0.32,0,0.345,0.378,0.09,0,0.113,0.368,0.09,0,0.024,0.4,,,,0.511,,,,0.391,0.24,0,0.25,0.412,,,
54808,20211210,-88.37,40.05,0.404,0.29,0,0.304,0.376,0.06,0,0.113,0.367,0.06,0,0.024,0.4,,,,0.511,,,,0.39,0.2,0,0.196,0.411,,,
54808,20211211,-88.37,40.05,0.407,0.31,0,0.363,0.378,0.06,0,0.161,0.367,0.07,0,0.065,0.403,,,,0.511,,,,0.393,0.2,0,0.25,0.413,,,
54808,20211212,-88.37,40.05,0.412,0.34,0,0.506,0.381,0.09,0,0.185,0.369,0.09,0,0.089,0.405,,,,0.513,,,,0.396,0.23,0,0.321,0.416,,,
54808,20211213,-88.37,40.05,0.412,0.31,0,0.411,0.379,0.06,0,0.071,0.368,0.07,0,0.071,0.405,,,,0.515,,,,0.396,0.19,0,0.202,0.416,,,
54808,20211214,-88.37,40.05,0.412,0.29,0,0.292,0.378,0.04,0,0.071,0.368,0.05,0,0.065,0.404,,,,0.517,,,,0.395,0.16,0,0.125,0.416,,,
54808,20211215,-88.37,40.05,0.413,0.27,0,0.226,0.378,0.02,0,0.071,0.368,0.04,0,0.065,0.403,,,,0.518,,,,0.395,0.14,0,0.125,0.416,,,
54808,20211216,-88.37,40.05,0.414,0.26,0,0.226,0.379,0.02,0,0.071,0.369,0.05,0,0.065,0.403,,,,0.519,,,,0.396,0.13,0,0.125,0.417,,,
54808,20211217,-88.37,40.05,0.416,0.27,0,0.226,0.38,0.02,0,0.071,0.37,0.05,0,0.065,0.404,,,,0.521,,,,0.398,0.14,0,0.125,0.418,,,
54808,20211218,-88.37,40.05,0.417,0.26,0,0.196,0.379,0,0,0.048,0.369,0.03,0,0.03,0.401,,,,0.522,,,,0.398,0.12,0,0.095,0.418,,,
54808,20211219,-88.37,40.05,0.419,0.27,0,0.196,0.38,0.01,0,0.06,0.37,0.04,0,0.048,0.402,,,,0.522,,,,0.399,0.13,0,0.125,0.419,,,
54808,20211220,-88.37,40.05,0.42,0.28,0,0.304,0.381,0.01,0,0.06,0.37,0.04,0,0.048,0.403,,,,0.522,,,,0.401,0.14,0,0.131,0.419,,,
54808,20211221,-88.37,40.05,0.421,0.29,0,0.417,0.382,0.02,0,0.06,0.37,0.03,0,0.048,0.403,,,,0.522,,,,0.402,0.14,0,0.131,0.42,,,
54808,20211222,-88.37,40.05,0.423,0.3,0,0.458,0.383,0.01,0,0.06,0.37,0.03,0,0.048,0.404,,,,0.523,,,,0.403,0.15,0,0.131,0.42,,,
54808,20211223,-88.37,40.05,0.425,0.32,0,0.524,0.382,0,0,0.06,0.37,0.01,0,0.048,0.404,,,,0.523,,,,0.404,0.16,0,0.131,0.421,,,
54808,20211224,-88.37,40.05,0.425,0.32,0,0.548,0.382,-0.01,0,0.06,0.369,0,0,0.048,0.403,,,,0.523,,,,0.404,0.16,0,0.131,0.42,,,
54808,20211225,-88.37,40.05,0.425,0.32,0,0.53,0.381,-0.03,0,0.036,0.369,-0.01,0,0.042,0.403,,,,0.523,,,,0.403,0.14,0,0.107,0.42,,,
54808,20211226,-88.37,40.05,0.423,0.3,0,0.524,0.379,-0.08,0,0,0.367,-0.05,0,0,0.4,,,,0.523,,,,0.401,0.11,0,0.006,0.418,,,
54808,20211227,-88.37,40.05,0.424,0.3,0,0.536,0.377,-0.11,0,0,0.366,-0.07,0,0,0.398,,,,0.523,,,,0.401,0.1,0,0,0.418,,,
54808,20211228,-88.37,40.05,0.424,0.3,0,0.565,0.377,-0.13,0,0,0.366,-0.08,0,0,0.397,,,,0.522,,,,0.4,0.09,0,0,0.417,,,
54808,20211229,-88.37,40.05,0.428,0.36,0,0.655,0.38,-0.08,0,0.077,0.368,-0.04,0,0.065,0.401,,,,0.522,,,,0.404,0.14,0,0.119,0.42,,,
54808,20211230,-88.37,40.05,0.431,0.39,0,0.732,0.382,-0.05,0,0.077,0.37,0,0,0.065,0.404,,,,0.522,,,,0.407,0.18,0,0.202,0.422,,,
54808,20211231,-88.37,40.05,0.434,0.43,0,0.848,0.385,-0.02,0,0.077,0.371,0.02,0,0.065,0.406,,,,0.522,,,,0.409,0.21,0,0.226,0.424,,,
54808,20220101,-88.37,40.05,0.437,0.47,0,0.98,0.387,0.01,0,0.077,0.373,0.04,0,0.065,0.408,,,,0.523,,,,0.412,0.24,0,0.282,0.425,,,
54808,20220102,-88.37,40.05,0.441,0.52,0,0.985,0.391,0.07,0,0.19,0.376,0.1,0,0.161,0.412,,,,0.523,,,,0.416,0.29,0,0.371,0.429,,,
54808,20220103,-88.37,40.05,0.443,0.56,0,0.982,0.394,0.11,0,0.214,0.377,0.13,0,0.196,0.416,,,,0.524,,,,0.419,0.33,0,0.454,0.431,,,
54808,20220104,-88.37,40.05,0.446,0.62,0,0.977,0.395,0.13,0,0.214,0.378,0.15,0,0.196,0.418,,,,0.524,,,,0.421,0.4,0,0.583,0.432,,,
54808,20220105,-88.37,40.05,0.445,0.61,0,1,0.393,0.08,0,0.137,0.376,0.1,0,0.131,0.416,,,,0.524,,,,0.419,0.37,0,0.483,0.431,,,
54808,20220106,-88.37,40.05,0.447,0.65,0,1,0.391,0.05,0,0.137,0.375,0.06,0,0.131,0.414,,,,0.524,,,,0.419,0.39,0,0.417,0.43,,,
54808,20220107,-88.37,40.05,0.448,0.78,0,1,0.394,0.08,0,0.238,0.374,0.03,0,0.131,0.413,,,,0.524,,,,0.42,0.52,0,0.75,0.431,,,
54808,20220108,-88.37,40.05,,,,,0.395,0.1,0,0.307,0.374,0.03,0,0.131,0.412,,,,0.523,,,,,,,,,,,
54808,20220109,-88.37,40.05,,,,,,,,,0.372,-0.01,0,0.036,0.407,,,,0.523,,,,,,,,,,,
54808,20220110,-88.37,40.05,,,,,,,,,0.371,-0.03,0,0,0.403,,,,0.523,,,,,,,,,,,
54808,20220111,-88.37,40.05,,,,,,,,,0.372,-0.03,0,0,0.401,,,,0.522,,,,,,,,,,,
54808,20220112,-88.37,40.05,,,,,,,,,0.372,-0.01,0,0,0.399,,,,0.521,,,,,,,,,,,
54808,20220113,-88.37,40.05,,,,,,,,,0.373,0,0,0,0.397,,,,0.521,,,,,,,,,,,
54808,20220114,-88.37,40.05,,,,,,,,,0.374,0.03,0,0,0.396,,,,0.52,,,,,,,,,,,
54808,20220115,-88.37,40.05,,,,,,,,,0.374,0.01,0,0,0.394,,,,0.519,,,,,,,,,,,
54808,20220116,-88.37,40.05,,,,,,,,,0.373,0,0,0,0.393,,,,0.519,,,,,,,,,,,
54808,20220117,-88.37,40.05,,,,,,,,,0.372,-0.03,0.012,0,0.392,,,,0.518,,,,,,,,,,,
54808,20220118,-88.37,40.05,,,,,,,,,0.372,-0.05,0.018,0,0.391,,,,0.518,,,,,,,,,,,
54808,20220119,-88.37,40.05,,,,,,,,,0.371,-0.05,0.018,0,0.39,,,,0.517,,,,,,,,,,,
54808,20220120,-88.37,40.05,,,,,,,,,0.371,-0.05,0.018,0,0.389,,,,0.515,,,,,,,,,,,
54808,20220121,-88.37,40.05,,,,,,,,,0.372,-0.04,0.018,0,0.388,,,,0.513,,,,,,,,,,,
54808,20220122,-88.37,40.05,,,,,,,,,0.372,-0.04,0.02,0,0.387,,,,0.512,,,,,,,,,,,
54808,20220123,-88.37,40.05,,,,,,,,,,,,,0.386,,,,0.511,,,,,,,,,,,
54808,20220124,-88.37,40.05,,,,,,,,,,,,,0.386,,,,0.509,,,,,,,,,,,
54808,20220125,-88.37,40.05,,,,,,,,,,,,,0.385,,,,0.508,,,,,,,,,,,
54808,20220126,-88.37,40.05,,,,,,,,,,,,,0.385,,,,0.507,,,,,,,,,,,
54808,20220127,-88.37,40.05,,,,,,,,,,,,,0.384,,,,0.507,,,,,,,,,,,
54808,20220128,-88.37,40.05,,,,,,,,,,,,,0.384,,,,0.506,,,,,,,,,,,
54808,20220129,-88.37,40.05,,,,,,,,,,,,,0.383,,,,0.506,,,,,,,,,,,
54808,20220130,-88.37,40.05,,,,,,,,,,,,,0.382,,,,0.506,,,,,,,,,,,
54808,20220131,-88.37,40.05,,,,,,,,,,,,,0.382,,,,0.505,,,,,,,,,,,
54808,20220201,-88.37,40.05,,,,,,,,,,,,,0.381,,,,0.505,,,,,,,,,,,
54808,20220202,-88.37,40.05,,,,,,,,,,,,,0.382,,,,0.505,,,,,,,,,,,
54808,20220203,-88.37,40.05,,,,,,,,,,,,,0.384,,,,0.506,,,,,,,,,,,
54808,20220204,-88.37,40.05,,,,,,,,,,,,,0.385,,,,0.506,,,,,,,,,,,
54808,20220205,-88.37,40.05,,,,,,,,,,,,,0.386,,,,0.505,,,,,,,,,,,
54808,20220206,-88.37,40.05,,,,,,,,,,,,,0.387,,,,0.505,,,,,,,,,,,
54808,20220207,-88.37,40.05,,,,,,,,,,,,,0.387,,,,0.505,,,,,,,,,,,
54808,20220208,-88.37,40.05,,,,,,,,,,,,,0.388,,,,0.505,,,,,,,,,,,
54808,20220209,-88.37,40.05,,,,,,,,,,,,,0.387,,,,0.505,,,,,,,,,,,
54808,20220210,-88.37,40.05,,,,,,,,,,,,,0.385,,,,0.503,,,,,,,,,,,
54808,20220211,-88.37,40.05,,,,,,,,,,,,,0.383,,,,0.503,,,,,,,,,,,
54808,20220212,-88.37,40.05,,,,,,,,,,,,,0.384,,,,0.504,,,,,,,,,,,
54808,20220213,-88.37,40.05,,,,,,,,,,,,,0.384,,,,0.506,,,,,,,,,,,
54808,20220214,-88.37,40.05,,,,,,,,,,,,,0.384,,,,0.506,,,,,,,,,,,
54808,20220215,-88.37,40.05,,,,,,,,,,,,,0.384,,,,0.506,,,,,,,,,,,
54808,20220216,-88.37,40.05,,,,,,,,,,,,,0.385,,,,0.505,,,,,,,,,,,
54808,20220217,-88.37,40.05,,,,,,,,,,,,,0.395,,,,0.506,,,,,,,,,,,
54808,20220218,-88.37,40.05,,,,,,,,,,,,,0.41,,,,0.508,,,,,,,,,,,
54808,20220219,-88.37,40.05,,,,,,,,,,,,,0.412,,,,0.508,,,,,,,,,,,
54808,20220220,-88.37,40.05,,,,,,,,,,,,,0.414,,,,0.508,,,,,,,,,,,
54808,20220221,-88.37,40.05,,,,,,,,,,,,,0.42,,,,0.509,,,,,,,,,,,
54808,20220222,-88.37,40.05,,,,,,,,,,,,,0.432,,,,0.51,,,,,,,,,,,
54808,20220223,-88.37,40.05,,,,,,,,,0.383,0.09,0.373,0.197,0.448,,,,0.512,,,,,,,,,,,
54808,20220224,-88.37,40.05,,,,,,,,,0.385,0.15,0.292,0.24,0.445,,,,0.512,,,,,,,,,,,
54808,20220225,-88.37,40.05,,,,,,,,,0.387,0.19,0.286,0.24,0.434,,,,0.513,,,,,,,,,,,
54808,20220226,-88.37,40.05,,,,,,,,,0.388,0.23,0.286,0.24,0.433,,,,0.513,,,,,,,,,,,
54808,20220227,-88.37,40.05,,,,,,,,,0.393,0.38,0.195,0.351,0.433,,,,0.513,,,,,,,,,,,
54808,20220228,-88.37,40.05,,,,,,,,,0.401,0.59,0.039,0.506,0.429,,,,0.512,,,,,,,,,,,
54808,20220301,-88.37,40.05,,,,,,,,,0.403,0.66,0,0.583,0.419,,,,0.513,,,,,,,,,,,
54808,20220302,-88.37,40.05,,,,,,,,,0.392,0.32,0,0.47,0.405,,,,0.513,,,,,,,,,,,
54808,20220303,-88.37,40.05,,,,,,,,,0.389,0.23,0.065,0.417,0.401,,,,0.513,,,,,,,,,,,
54808,20220304,-88.37,40.05,,,,,,,,,0.387,0.16,0.185,0.417,0.4,,,,0.513,,,,,,,,,,,
54808,20220305,-88.37,40.05,,,,,,,,,0.384,0.05,0.327,0.417,0.401,,,,0.513,,,,,,,,,,,
54808,20220306,-88.37,40.05,,,,,0.359,-0.74,0.933,0,0.379,-0.11,0.435,0.315,0.401,,,,0.513,,,,,,,,,,,
54808,20220307,-88.37,40.05,0.382,-0.11,0.598,0.207,0.366,-0.55,0.76,0.062,0.379,-0.1,0.435,0.22,0.407,,,,0.513,,,,0.374,-0.25,0.571,0.186,0.409,,,
54808,20220308,-88.37,40.05,0.387,0.14,0.468,0.36,0.369,-0.37,0.641,0.144,0.381,-0.04,0.435,0.208,0.423,,,,0.513,,,,0.378,0.04,0.426,0.319,0.415,,,
54808,20220309,-88.37,40.05,0.389,0.15,0.397,0.305,0.37,-0.32,0.521,0.135,0.381,-0.02,0.435,0.179,0.432,,,,0.513,,,,0.38,0.03,0.339,0.254,0.417,,,
54808,20220310,-88.37,40.05,0.391,0.14,0.311,0.27,0.372,-0.29,0.393,0.131,0.383,0.02,0.369,0.179,0.436,,,,0.514,,,,0.381,-0.02,0.282,0.211,0.419,,,
54808,20220311,-88.37,40.05,0.393,0.15,0.208,0.252,0.373,-0.26,0.339,0.131,0.383,0.04,0.286,0.179,0.438,,,,0.514,,,,0.383,-0.04,0.234,0.19,0.42,,,
54808,20220312,-88.37,40.05,0.397,0.21,0.091,0.242,0.375,-0.21,0.232,0.131,0.385,0.1,0.179,0.179,0.439,,,,0.515,,,,0.386,0.01,0.158,0.182,0.422,,,
54808,20220313,-88.37,40.05,0.4,0.27,0,0.21,0.376,-0.19,0.22,0.131,0.385,0.1,0.202,0.179,0.44,,,,0.516,,,,0.388,0.05,0.068,0.16,0.423,,,
54808,20220314,-88.37,40.05,0.392,0.11,0.083,0.141,0.369,-0.31,0.31,0.083,0.378,-0.09,0.345,0.131,0.434,,,,0.516,,,,0.38,-0.1,0.167,0.109,0.419,,,
54808,20220315,-88.37,40.05,0.382,-0.12,0.224,0,0.358,-0.5,0.452,0,0.369,-0.37,0.488,0,0.419,,,,0.517,,,,0.369,-0.32,0.321,0,0.409,,,
54808,20220316,-88.37,40.05,0.377,-0.23,0.378,0,0.354,-0.56,0.595,0,0.366,-0.46,0.631,0,0.411,,,,0.517,,,,0.364,-0.41,0.474,0,0.405,,,
54808,20220317,-88.37,40.05,0.372,-0.31,0.532,0,0.351,-0.6,0.738,0,0.364,-0.52,0.774,0,0.407,,,,0.517,,,,0.361,-0.47,0.628,0,0.402,,,
54808,20220318,-88.37,40.05,0.368,-0.39,0.686,0,0.35,-0.62,0.792,0,0.362,-0.56,0.881,0,0.406,,,,0.518,,,,0.358,-0.52,0.75,0,0.4,,,
54808,20220319,-88.37,40.05,0.369,-0.37,0.731,0.103,0.351,-0.6,0.804,0,0.361,-0.59,0.946,0,0.405,,,,0.518,,,,0.359,-0.49,0.756,0.006,0.4,,,
54808,20220320,-88.37,40.05,0.372,-0.3,0.704,0.21,0.355,-0.52,0.708,0,0.364,-0.49,0.815,0,0.406,,,,0.518,,,,0.363,-0.4,0.728,0.056,0.403,,,
54808,20220321,-88.37,40.05,0.376,-0.22,0.601,0.202,0.358,-0.46,0.619,0,0.367,-0.39,0.673,0,0.407,,,,0.518,,,,0.367,-0.32,0.613,0.054,0.405,,,
54808,20220322,-88.37,40.05,0.38,-0.14,0.47,0.22,0.362,-0.39,0.476,0.012,0.37,-0.31,0.53,0.012,0.408,,,,0.518,,,,0.371,-0.24,0.47,0.071,0.408,,,
54808,20220323,-88.37,40.05,0.389,0.02,0.327,0.363,0.369,-0.25,0.333,0.071,0.375,-0.15,0.387,0.149,0.414,,,,0.519,,,,0.379,-0.08,0.327,0.185,0.413,,,
54808,20220324,-88.37,40.05,0.399,0.21,0.185,0.506,0.376,-0.11,0.19,0.149,0.38,0.03,0.244,0.292,0.421,,,,0.519,,,,0.388,0.09,0.185,0.327,0.419,,,
54808,20220325,-88.37,40.05,0.409,0.4,0.042,0.649,0.384,0.04,0.048,0.167,0.386,0.19,0.101,0.429,0.427,,,,0.52,,,,0.396,0.26,0.042,0.464,0.425,,,
54808,20220326,-88.37,40.05,0.411,0.44,0,0.661,0.387,0.09,0,0.167,0.389,0.3,0,0.452,0.431,,,,0.521,,,,0.399,0.31,0,0.494,0.428,,,
54808,20220327,-88.37,40.05,0.408,0.39,0,0.554,0.385,0.07,0,0.167,0.388,0.27,0,0.452,0.433,,,,0.521,,,,0.396,0.28,0,0.446,0.427,,,
54808,20220328,-88.37,40.05,0.406,0.37,0,0.554,0.384,0.06,0,0.167,0.387,0.24,0,0.452,0.434,,,,0.522,,,,0.395,0.26,0,0.446,0.427,,,
54808,20220329,-88.37,40.05,0.404,0.35,0,0.536,0.382,0.04,0.006,0.155,0.386,0.22,0,0.44,0.434,,,,0.522,,,,0.393,0.23,0,0.429,0.426,,,
54808,20220330,-88.37,40.05,0.397,0.24,0,0.393,0.376,-0.06,0.119,0.095,0.381,0.1,0,0.304,0.43,,,,0.522,,,,0.387,0.12,0,0.315,0.421,,,
54808,20220331,-88.37,40.05,0.402,0.3,0,0.357,0.382,0.04,0.143,0.113,0.383,0.15,0,0.25,0.434,,,,0.523,,,,0.392,0.21,0,0.274,0.425,,,
54808,20220401,-88.37,40.05,0.411,0.43,0,0.357,0.391,0.23,0.143,0.238,0.39,0.32,0,0.256,0.445,,,,0.523,,,,0.401,0.38,0,0.28,0.432,,,
54808,20220402,-88.37,40.05,0.413,0.46,0,0.393,0.394,0.29,0.143,0.363,0.392,0.36,0,0.357,0.454,,,,0.523,,,,0.403,0.42,0,0.387,0.435,,,
54808,20220403,-88.37,40.05,0.415,0.5,0,0.536,0.395,0.33,0.143,0.363,0.393,0.39,0,0.357,0.457,,,,0.523,,,,0.405,0.46,0,0.5,0.437,,,
54808,20220404,-88.37,40.05,0.417,0.53,0,0.625,0.397,0.39,0.143,0.363,0.394,0.42,0,0.357,0.459,,,,0.523,,,,0.407,0.51,0,0.5,0.438,,,
54808,20220405,-88.37,40.05,0.418,0.57,0,0.625,0.399,0.44,0.137,0.363,0.394,0.45,0,0.357,0.46,,,,0.522,,,,0.409,0.56,0,0.5,0.439,,,
54808,20220406,-88.37,40.05,0.424,0.65,0,0.72,0.402,0.52,0.024,0.381,0.395,0.49,0,0.363,0.462,,,,0.523,,,,0.413,0.65,0,0.589,0.441,,,
54808,20220407,-88.37,40.05,0.421,0.58,0,0.756,0.399,0.45,0,0.429,0.393,0.43,0,0.411,0.458,,,,0.523,,,,0.41,0.57,0,0.631,0.439,,,
54808,20220408,-88.37,40.05,0.411,0.44,0,0.756,0.388,0.27,0,0.381,0.385,0.22,0,0.286,0.446,,,,0.523,,,,0.399,0.39,0,0.631,0.43,,,
54808,20220409,-88.37,40.05,0.409,0.4,0,0.756,0.386,0.24,0,0.28,0.383,0.16,0,0.161,0.435,,,,0.523,,,,0.398,0.36,0,0.631,0.427,,,
54808,20220410,-88.37,40.05,0.409,0.4,0,0.756,0.386,0.24,0,0.292,0.382,0.15,0,0.161,0.431,,,,0.523,,,,0.397,0.35,0,0.637,0.426,,,
54808,20220411,-88.37,40.05,0.409,0.39,0,0.75,0.385,0.24,0,0.292,0.381,0.15,0,0.161,0.429,,,,0.524,,,,0.397,0.35,0,0.661,0.426,,,
54808,20220412,-88.37,40.05,0.409,0.4,0,0.75,0.384,0.25,0,0.292,0.381,0.16,0,0.161,0.429,,,,0.524,,,,0.396,0.35,0,0.661,0.425,,,
54808,20220413,-88.37,40.05,0.404,0.36,0,0.655,0.382,0.24,0,0.274,0.38,0.16,0,0.155,0.428,,,,0.524,,,,0.393,0.32,0,0.571,0.424,,,
54808,20220414,-88.37,40.05,0.406,0.37,0,0.649,0.385,0.26,0,0.262,0.383,0.19,0,0.149,0.433,,,,0.524,,,,0.396,0.34,0,0.565,0.426,,,
54808,20220415,-88.37,40.05,0.408,0.39,0,0.649,0.386,0.28,0,0.31,0.385,0.21,0,0.262,0.44,,,,0.525,,,,0.397,0.36,0,0.565,0.429,,,
54808,20220416,-88.37,40.05,0.406,0.38,0,0.619,0.386,0.28,0,0.393,0.385,0.22,0,0.268,0.441,,,,0.525,,,,0.396,0.35,0,0.548,0.429,,,
54808,20220417,-88.37,40.05,0.403,0.35,0,0.476,0.384,0.27,0,0.381,0.385,0.23,0,0.268,0.442,,,,0.525,,,,0.394,0.34,0,0.429,0.428,,,
54808,20220418,-88.37,40.05,0.399,0.33,0,0.393,0.383,0.27,0,0.381,0.384,0.23,0,0.268,0.443,,,,0.526,,,,0.391,0.32,0,0.405,0.427,,,
54808,20220419,-88.37,40.05,0.398,0.33,0,0.393,0.381,0.26,0,0.381,0.384,0.24,0,0.268,0.443,,,,0.526,,,,0.39,0.32,0,0.405,0.427,,,
54808,20220420,-88.37,40.05,0.398,0.33,0,0.393,0.38,0.25,0,0.381,0.383,0.24,0,0.268,0.443,,,,0.527,,,,0.389,0.32,0,0.405,0.426,,,
54808,20220421,-88.37,40.05,0.386,0.25,0,0.262,0.369,0.15,0,0.25,0.376,0.15,0,0.137,0.434,,,,0.527,,,,0.378,0.23,0,0.268,0.418,,,
54808,20220422,-88.37,40.05,0.383,0.22,0,0.167,0.362,0.09,0,0.107,0.371,0.1,0,0.006,0.425,,,,0.527,,,,0.372,0.18,0,0.125,0.413,,,
54808,20220423,-88.37,40.05,0.382,0.21,0,0.089,0.358,0.05,0,0,0.368,0.08,0,0,0.422,,,,0.527,,,,0.37,0.16,0,0,0.411,,,
54808,20220424,-88.37,40.05,0.38,0.2,0,0.089,0.354,0.03,0,0,0.366,0.06,0,0,0.421,,,,0.527,,,,0.367,0.14,0,0,0.41,,,
54808,20220425,-88.37,40.05,0.385,0.24,0,0.167,0.353,0.03,0,0.054,0.364,0.05,0,0,0.42,,,,0.528,,,,0.369,0.16,0,0.071,0.41,,,
54808,20220426,-88.37,40.05,0.391,0.28,0,0.31,0.357,0.07,0,0.113,0.362,0.04,0,0,0.42,,,,0.528,,,,0.374,0.2,0,0.196,0.412,,,
54808,20220427,-88.37,40.05,0.394,0.31,0,0.411,0.358,0.09,0,0.113,0.361,0.03,0,0,0.42,,,,0.529,,,,0.376,0.23,0,0.202,0.412,,,
54808,20220428,-88.37,40.05,0.394,0.32,0,0.405,0.358,0.1,0,0.113,0.358,0.02,0,0,0.419,,,,0.53,,,,0.376,0.24,0,0.202,0.412,,,
54808,20220429,-88.37,40.05,0.388,0.29,0,0.357,0.356,0.1,0,0.113,0.356,0,0,0,0.419,,,,0.53,,,,0.372,0.22,0,0.202,0.41,,,
54808,20220430,-88.37,40.05,0.379,0.24,0,0.321,0.354,0.09,0,0.113,0.353,-0.01,0,0,0.419,,,,0.531,,,,0.366,0.19,0,0.202,0.407,,,
54808,20220501,-88.37,40.05,0.373,0.21,0,0.321,0.351,0.08,0,0.113,0.35,-0.03,0,0,0.418,,,,0.532,,,,0.362,0.17,0,0.202,0.405,,,
54808,20220502,-88.37,40.05,0.365,0.16,0,0.244,0.345,0.05,0,0.06,0.348,-0.04,0,0,0.417,,,,0.532,,,,0.355,0.13,0,0.131,0.401,,,
54808,20220503,-88.37,40.05,0.354,0.1,0,0.119,0.337,-0.01,0,0.012,0.344,-0.06,0,0,0.416,,,,0.533,,,,0.346,0.07,0,0.018,0.397,,,
54808,20220504,-88.37,40.05,0.36,0.14,0,0.161,0.342,0.04,0,0.155,0.346,-0.04,0,0,0.415,,,,0.533,,,,0.351,0.12,0,0.155,0.399,,,
54808,20220505,-88.37,40.05,0.366,0.17,0,0.304,0.347,0.09,0,0.292,0.348,-0.01,0,0,0.415,,,,0.533,,,,0.357,0.16,0,0.298,0.402,,,
54808,20220506,-88.37,40.05,0.38,0.25,0,0.446,0.358,0.17,0,0.417,0.355,0.05,0,0.107,0.417,,,,0.533,,,,0.369,0.24,0,0.44,0.409,,,
54808,20220507,-88.37,40.05,0.396,0.35,0,0.589,0.369,0.26,0,0.56,0.362,0.12,0,0.25,0.421,,,,0.533,,,,0.382,0.34,0,0.583,0.416,,,
54808,20220508,-88.37,40.05,0.41,0.43,0,0.732,0.379,0.34,0,0.702,0.368,0.19,0,0.393,0.424,,,,0.533,,,,0.394,0.42,0,0.726,0.423,,,
54808,20220509,-88.37,40.05,0.419,0.48,0,0.833,0.387,0.41,0,0.726,0.374,0.25,0,0.536,0.427,,,,0.534,,,,0.403,0.48,0,0.821,0.428,,,
54808,20220510,-88.37,40.05,0.424,0.51,0,0.815,0.393,0.46,0,0.714,0.38,0.31,0,0.649,0.429,,,,0.534,,,,0.409,0.52,0,0.81,0.432,,,
54808,20220511,-88.37,40.05,0.413,0.44,0,0.673,0.386,0.4,0,0.571,0.381,0.32,0,0.673,0.431,,,,0.534,,,,0.4,0.45,0,0.667,0.429,,,
54808,20220512,-88.37,40.05,0.401,0.36,0,0.53,0.379,0.33,0,0.435,0.381,0.32,0,0.673,0.433,,,,0.533,,,,0.39,0.38,0,0.524,0.425,,,
54808,20220513,-88.37,40.05,0.379,0.23,0,0.387,0.365,0.22,0,0.31,0.376,0.28,0,0.565,0.432,,,,0.534,,,,0.372,0.25,0,0.381,0.417,,,
54808,20220514,-88.37,40.05,0.355,0.08,0.137,0.244,0.348,0.08,0.083,0.167,0.368,0.22,0,0.423,0.43,,,,0.534,,,,0.352,0.1,0.125,0.238,0.407,,,
54808,20220515,-88.37,40.05,0.33,-0.07,0.28,0.101,0.331,-0.07,0.226,0.024,0.36,0.15,0,0.28,0.428,,,,0.535,,,,0.33,-0.05,0.268,0.095,0.397,,,
54808,20220516,-88.37,40.05,0.307,-0.2,0.423,0,0.313,-0.21,0.369,0,0.351,0.07,0,0.137,0.426,,,,0.536,,,,0.31,-0.2,0.411,0,0.386,,,
54808,20220517,-88.37,40.05,0.285,-0.33,0.565,0,0.296,-0.35,0.512,0,0.34,-0.02,0,0.024,0.424,,,,0.536,,,,0.291,-0.33,0.554,0,0.376,,,
54808,20220518,-88.37,40.05,0.265,-0.45,0.708,0,0.28,-0.48,0.655,0,0.329,-0.11,0.095,0,0.422,,,,0.536,,,,0.272,-0.45,0.696,0,0.366,,,
54808,20220519,-88.37,40.05,0.248,-0.55,0.851,0,0.265,-0.59,0.798,0,0.318,-0.21,0.238,0,0.419,,,,0.536,,,,0.256,-0.56,0.839,0,0.357,,,
54808,20220520,-88.37,40.05,0.235,-0.62,0.994,0,0.253,-0.69,0.94,0,0.307,-0.29,0.381,0,0.416,,,,0.536,,,,0.244,-0.64,0.982,0,0.349,,,
54808,20220521,-88.37,40.05,0.225,-0.67,1,0,0.244,-0.75,1,0,0.298,-0.37,0.518,0,0.412,,,,0.535,,,,0.234,-0.69,1,0,0.343,,,
54808,20220522,-88.37,40.05,0.233,-0.61,0.873,0,0.246,-0.72,0.879,0,0.297,-0.37,0.527,0,0.409,,,,0.535,,,,0.24,-0.64,0.873,0,0.344,,,
54808,20220523,-88.37,40.05,0.242,-0.53,0.727,0,0.251,-0.67,0.733,0,0.298,-0.36,0.527,0,0.407,,,,0.534,,,,0.247,-0.58,0.727,0,0.347,,,
54808,20220524,-88.37,40.05,0.251,-0.46,0.582,0,0.257,-0.62,0.642,0,0.3,-0.34,0.527,0,0.404,,,,0.533,,,,0.254,-0.52,0.582,0,0.349,,,
54808,20220525,-88.37,40.05,0.26,-0.39,0.436,0,0.262,-0.56,0.642,0,0.302,-0.32,0.43,0,0.402,0.18,0,0.083,0.533,,,,0.261,-0.45,0.436,0,0.352,,,
54808,20220526,-88.37,40.05,0.27,-0.31,0.291,0,0.27,-0.48,0.503,0,0.304,-0.3,0.285,0,0.401,0.16,0,0.037,0.533,,,,0.27,-0.37,0.291,0,0.355,,,
54808,20220527,-88.37,40.05,0.282,-0.21,0.145,0,0.278,-0.39,0.358,0,0.306,-0.28,0.139,0,0.399,0.16,0,0.063,0.532,,,,0.28,-0.28,0.145,0,0.36,,,
54808,20220528,-88.37,40.05,0.297,-0.1,0,0,0.285,-0.31,0.212,0,0.309,-0.24,0,0,0.399,0.16,0,0.056,0.532,,,,0.291,-0.18,0,0,0.364,,,
54808,20220529,-88.37,40.05,0.294,-0.1,0,0,0.282,-0.31,0.202,0,0.305,-0.28,0,0,0.398,0.17,0,0.084,0.532,,,,0.288,-0.18,0,0,0.362,,,
54808,20220530,-88.37,40.05,0.288,-0.11,0,0,0.278,-0.32,0.202,0,0.3,-0.31,0.012,0,0.396,0.16,0,0.076,0.532,,,,0.283,-0.2,0,0,0.359,,,
54808,20220531,-88.37,40.05,0.281,-0.13,0,0,0.273,-0.33,0.214,0,0.295,-0.33,0.089,0,0.395,0.15,0,0.063,0.532,,,,0.277,-0.22,0.036,0,0.355,,,
54808,20220601,-88.37,40.05,0.274,-0.16,0.036,0,0.268,-0.33,0.214,0,0.291,-0.35,0.226,0,0.393,0.14,0,0.052,0.532,,,,0.271,-0.24,0.173,0,0.352,,,
54808,20220602,-88.37,40.05,0.265,-0.19,0.179,0,0.261,-0.36,0.351,0,0.287,-0.37,0.369,0,0.391,0.12,0,0.049,0.532,,,,0.263,-0.27,0.315,0,0.347,,,
54808,20220603,-88.37,40.05,0.254,-0.24,0.321,0,0.253,-0.39,0.494,0,0.282,-0.39,0.512,0,0.389,0.1,0,0.036,0.532,,,,0.254,-0.32,0.458,0,0.342,,,
54808,20220604,-88.37,40.05,0.239,-0.32,0.464,0,0.245,-0.43,0.637,0,0.276,-0.42,0.655,0,0.386,0.07,0,0.03,0.532,,,,0.242,-0.38,0.601,0,0.336,,,
54808,20220605,-88.37,40.05,0.225,-0.39,0.607,0,0.236,-0.47,0.78,0,0.27,-0.45,0.798,0,0.382,0.03,0,0.006,0.532,,,,0.231,-0.45,0.744,0,0.329,,,
54808,20220606,-88.37,40.05,0.214,-0.45,0.75,0,0.228,-0.51,0.923,0,0.264,-0.48,0.929,0,0.377,-0.01,0,0,0.531,,,,0.221,-0.5,0.887,0,0.323,,,
54808,20220607,-88.37,40.05,0.206,-0.49,0.893,0,0.222,-0.54,1,0,0.258,-0.5,0.994,0,0.372,-0.05,0,0,0.531,,,,0.214,-0.53,0.994,0,0.318,,,
54808,20220608,-88.37,40.05,0.2,-0.51,1,0,0.216,-0.57,1,0,0.254,-0.51,1,0,0.367,-0.09,0,0,0.529,,,,0.208,-0.56,1,0,0.313,,,
54808,20220609,-88.37,40.05,0.194,-0.54,1,0,0.212,-0.59,1,0,0.249,-0.53,1,0,0.362,-0.13,0,0,0.526,,,,0.203,-0.58,1,0,0.309,,,
54808,20220610,-88.37,40.05,0.19,-0.55,1,0,0.207,-0.6,1,0,0.246,-0.54,1,0,0.356,-0.17,0,0,0.524,,,,0.199,-0.59,1,0,0.305,,,
54808,20220611,-88.37,40.05,0.187,-0.56,1,0,0.204,-0.61,1,0,0.243,-0.54,1,0,0.351,-0.21,0,0,0.521,,,,0.196,-0.6,1,0,0.301,,,
54808,20220612,-88.37,40.05,0.185,-0.57,1,0,0.202,-0.62,1,0,0.242,-0.54,1,0,0.347,-0.24,0,0,0.518,,,,0.194,-0.6,1,0,0.299,,,
54808,20220613,-88.37,40.05,0.185,-0.57,1,0,0.201,-0.62,1,0,0.24,-0.54,1,0,0.343,-0.26,0,0,0.515,,,,0.193,-0.6,1,0,0.297,,,
54808,20220614,-88.37,40.05,0.184,-0.57,1,0,0.201,-0.61,1,0,0.24,-0.53,1,0,0.339,-0.29,0,0,0.513,,,,0.192,-0.6,1,0,0.295,,,
54808,20220615,-88.37,40.05,0.184,-0.57,1,0,0.2,-0.61,1,0,0.239,-0.53,1,0,0.335,-0.31,0,0,0.511,,,,0.192,-0.6,1,0,0.294,,,
54808,20220616,-88.37,40.05,0.183,-0.58,1,0,0.2,-0.61,1,0,0.238,-0.53,1,0,0.33,-0.35,0.048,0,0.511,,,,0.191,-0.61,1,0,0.293,,,
54808,20220617,-88.37,40.05,0.182,-0.58,1,0,0.199,-0.62,1,0,0.238,-0.54,1,0,0.325,-0.39,0.173,0,0.512,,,,0.19,-0.61,1,0,0.291,,,
54808,20220618,-88.37,40.05,0.18,-0.59,1,0,0.197,-0.62,1,0,0.236,-0.55,1,0,0.319,-0.43,0.315,0,0.512,,,,0.189,-0.62,1,0,0.289,,,
54808,20220619,-88.37,40.05,0.178,-0.6,1,0,0.195,-0.63,1,0,0.234,-0.56,1,0,0.312,-0.48,0.458,0,0.512,,,,0.186,-0.64,1,0,0.286,,,
54808,20220620,-88.37,40.05,0.174,-0.62,1,0,0.192,-0.64,1,0,0.232,-0.58,1,0,0.301,-0.55,0.601,0,0.512,,,,0.183,-0.65,1,0,0.282,,,
54808,20220621,-88.37,40.05,0.171,-0.63,1,0,0.189,-0.66,1,0,0.228,-0.6,1,0,0.286,-0.67,0.744,0,0.512,,,,0.18,-0.67,1,0,0.277,,,
54808,20220622,-88.37,40.05,0.167,-0.65,1,0,0.186,-0.67,1,0,0.225,-0.62,1,0,0.271,-0.77,0.887,0,0.512,,,,0.177,-0.68,1,0,0.272,,,
54808,20220623,-88.37,40.05,0.164,-0.66,1,0,0.183,-0.69,1,0,0.222,-0.64,1,0,0.256,-0.87,0.982,0,0.511,,,,0.174,-0.7,1,0,0.267,,,
54808,20220624,-88.37,40.05,0.161,-0.67,1,0,0.181,-0.7,1,0,0.219,-0.66,1,0,0.242,-0.95,1,0,0.51,,,,0.171,-0.71,1,0,0.263,,,
54808,20220625,-88.37,40.05,0.159,-0.68,1,0,0.179,-0.71,1,0,0.216,-0.68,1,0,0.229,-1.03,1,0,0.509,,,,0.169,-0.72,1,0,0.258,,,
54808,20220626,-88.37,40.05,0.158,-0.68,1,0,0.178,-0.71,1,0,0.216,-0.67,0.952,0,0.225,-1.05,0.952,0,0.509,,,,0.168,-0.72,1,0,0.257,,,
54808,20220627,-88.37,40.05,0.159,-0.67,1,0,0.178,-0.7,1,0,0.221,-0.63,0.863,0,0.233,-0.97,0.81,0,0.51,,,,0.169,-0.71,1,0,0.26,,,
54808,20220628,-88.37,40.05,0.16,-0.66,1,0,0.178,-0.7,1,0,0.224,-0.6,0.863,0,0.244,-0.88,0.667,0,0.51,,,,0.169,-0.71,1,0,0.263,,,
54808,20220629,-88.37,40.05,0.16,-0.65,1,0,0.179,-0.7,1,0,0.227,-0.59,0.857,0,0.255,-0.79,0.565,0,0.51,,,,0.169,-0.7,1,0,0.266,,,
54808,20220630,-88.37,40.05,0.161,-0.65,1,0,0.179,-0.71,1,0,0.228,-0.58,0.857,0,0.263,-0.72,0.565,0,0.51,,,,0.17,-0.7,1,0,0.268,,,
54808,20220701,-88.37,40.05,0.161,-0.64,1,0,0.179,-0.71,1,0,0.228,-0.59,0.857,0,0.27,-0.66,0.565,0,0.51,,,,0.17,-0.7,1,0,0.27,,,
54808,20220702,-88.37,40.05,0.161,-0.64,1,0,0.179,-0.72,1,0,0.229,-0.59,0.857,0,0.277,-0.61,0.565,0,0.51,,,,0.17,-0.7,1,0,0.271,,,
54808,20220703,-88.37,40.05,0.161,-0.64,1,0,0.178,-0.73,1,0,0.226,-0.62,0.905,0,0.275,-0.63,0.613,0,0.509,,,,0.17,-0.7,1,0,0.27,,,
54808,20220704,-88.37,40.05,0.159,-0.65,1,0,0.177,-0.75,1,0,0.219,-0.68,0.994,0,0.263,-0.72,0.756,0,0.507,,,,0.168,-0.72,1,0,0.265,,,
54808,20220705,-88.37,40.05,0.157,-0.66,1,0,0.175,-0.77,1,0,0.214,-0.73,0.994,0,0.253,-0.8,0.899,0,0.506,,,,0.166,-0.73,1,0,0.261,,,
54808,20220706,-88.37,40.05,0.156,-0.67,1,0,0.174,-0.78,1,0,0.21,-0.76,1,0,0.243,-0.88,1,0,0.505,,,,0.165,-0.74,1,0,0.258,,,
54808,20220707,-88.37,40.05,0.155,-0.68,1,0,0.174,-0.79,1,0,0.208,-0.78,1,0,0.236,-0.93,1,0,0.504,,,,0.164,-0.75,1,0,0.255,,,
54808,20220708,-88.37,40.05,0.154,-0.69,1,0,0.173,-0.81,1,0,0.207,-0.8,1,0,0.23,-0.99,1,0,0.503,,,,0.163,-0.76,1,0,0.253,,,
54808,20220709,-88.37,40.05,0.162,-0.64,0.929,0,0.177,-0.79,1,0,0.215,-0.74,0.929,0,0.234,-0.96,0.929,0,0.504,,,,0.169,-0.72,0.929,0,0.259,,,
54808,20220710,-88.37,40.05,0.174,-0.57,0.786,0,0.184,-0.75,1,0,0.226,-0.66,0.786,0,0.247,-0.87,0.786,0,0.506,,,,0.179,-0.67,0.845,0,0.267,,,
54808,20220711,-88.37,40.05,0.184,-0.51,0.643,0,0.189,-0.71,1,0,0.235,-0.6,0.768,0,0.26,-0.78,0.649,0,0.507,,,,0.187,-0.62,0.845,0,0.275,,,
54808,20220712,-88.37,40.05,0.192,-0.46,0.5,0,0.194,-0.68,1,0,0.243,-0.55,0.768,0,0.272,-0.7,0.565,0,0.508,,,,0.193,-0.57,0.845,0,0.282,,,
54808,20220713,-88.37,40.05,0.199,-0.41,0.464,0,0.198,-0.66,1,0,0.249,-0.51,0.768,0,0.285,-0.61,0.476,0,0.509,,,,0.198,-0.53,0.845,0,0.288,,,
54808,20220714,-88.37,40.05,0.205,-0.37,0.464,0,0.201,-0.63,1,0,0.254,-0.47,0.768,0,0.297,-0.52,0.423,0,0.509,,,,0.203,-0.5,0.845,0,0.293,,,
54808,20220715,-88.37,40.05,0.209,-0.33,0.464,0,0.204,-0.6,1,0,0.258,-0.44,0.768,0,0.308,-0.45,0.411,0,0.509,,,,0.207,-0.47,0.845,0,0.298,,,
54808,20220716,-88.37,40.05,0.205,-0.35,0.536,0,0.201,-0.61,1,0,0.252,-0.49,0.839,0,0.307,-0.45,0.482,0,0.508,,,,0.203,-0.48,0.917,0,0.295,,,
54808,20220717,-88.37,40.05,0.197,-0.38,0.679,0,0.197,-0.63,1,0,0.245,-0.55,0.982,0,0.3,-0.51,0.625,0,0.507,,,,0.197,-0.51,1,0,0.289,,,
54808,20220718,-88.37,40.05,0.19,-0.42,0.821,0,0.194,-0.65,1,0,0.239,-0.6,1,0,0.295,-0.54,0.762,0,0.505,,,,0.192,-0.54,1,0,0.285,,,
54808,20220719,-88.37,40.05,0.184,-0.44,0.964,0,0.192,-0.65,1,0,0.235,-0.63,1,0,0.29,-0.58,0.845,0,0.504,,,,0.188,-0.56,1,0,0.281,,,
54808,20220720,-88.37,40.05,0.18,-0.46,1,0,0.19,-0.66,1,0,0.232,-0.65,1,0,0.283,-0.63,0.935,0,0.503,,,,0.185,-0.57,1,0,0.277,,,
54808,20220721,-88.37,40.05,0.176,-0.48,1,0,0.188,-0.66,1,0,0.229,-0.66,1,0,0.277,-0.69,0.988,0,0.501,,,,0.182,-0.58,1,0,0.274,,,
54808,20220722,-88.37,40.05,0.173,-0.49,1,0,0.186,-0.66,1,0,0.227,-0.67,1,0,0.271,-0.73,1,0,0.501,,,,0.18,-0.59,1,0,0.272,,,
54808,20220723,-88.37,40.05,0.17,-0.5,1,0,0.185,-0.67,1,0,0.224,-0.68,1,0,0.266,-0.78,1,0,0.5,,,,0.178,-0.6,1,0,0.269,,,
54808,20220724,-88.37,40.05,0.167,-0.52,1,0,0.183,-0.67,1,0,0.221,-0.71,1,0,0.259,-0.84,1,0,0.499,,,,0.175,-0.61,1,0,0.266,,,
54808,20220725,-88.37,40.05,0.164,-0.53,1,0,0.181,-0.68,1,0,0.218,-0.73,1,0,0.251,-0.9,1,0,0.498,,,,0.172,-0.63,1,0,0.262,,,
54808,20220726,-88.37,40.05,0.161,-0.54,1,0,0.179,-0.69,1,0,0.215,-0.75,1,0,0.244,-0.96,1,0,0.497,,,,0.17,-0.64,1,0,0.259,,,
54808,20220727,-88.37,40.05,0.159,-0.55,1,0,0.177,-0.69,1,0,0.212,-0.76,1,0,0.239,-1,1,0,0.496,,,,0.168,-0.65,1,0,0.256,,,
54808,20220728,-88.37,40.05,0.157,-0.55,1,0,0.176,-0.69,1,0,0.21,-0.77,1,0,0.234,-1.03,1,0,0.495,,,,0.166,-0.66,1,0,0.254,,,
54808,20220729,-88.37,40.05,0.156,-0.55,1,0,0.175,-0.68,1,0,0.208,-0.78,1,0,0.229,-1.06,1,0,0.493,,,,0.165,-0.66,1,0,0.252,,,
54808,20220730,-88.37,40.05,0.155,-0.55,1,0,0.174,-0.68,1,0,0.207,-0.77,1,0,0.225,-1.08,1,0,0.491,,,,0.164,-0.66,1,0,0.25,,,
54808,20220731,-88.37,40.05,0.154,-0.54,1,0,0.173,-0.67,1,0,0.206,-0.77,1,0,0.222,-1.08,1,0,0.489,,,,0.164,-0.66,1,0,0.249,,,
54808,20220801,-88.37,40.05,0.154,-0.54,1,0,0.173,-0.66,1,0,0.205,-0.76,1,0,0.22,-1.07,1,0,0.486,,,,0.163,-0.66,1,0,0.247,,,
54808,20220802,-88.37,40.05,0.154,-0.53,1,0,0.175,-0.63,1,0,0.206,-0.74,1,0,0.218,-1.07,1,0,0.484,,,,0.164,-0.64,1,0,0.247,,,
54808,20220803,-88.37,40.05,0.155,-0.51,1,0,0.177,-0.6,1,0,0.206,-0.72,1,0,0.216,-1.06,1,0,0.482,,,,0.166,-0.62,1,0,0.247,,,
54808,20220804,-88.37,40.05,0.158,-0.49,0.988,0,0.182,-0.56,0.923,0,0.209,-0.68,1,0,0.224,-0.97,0.911,0,0.484,,,,0.17,-0.58,1,0,0.251,,,
54808,20220805,-88.37,40.05,0.161,-0.45,0.863,0,0.188,-0.5,0.893,0,0.213,-0.63,1,0,0.235,-0.86,0.774,0,0.487,,,,0.174,-0.54,1,0,0.257,,,
54808,20220806,-88.37,40.05,0.166,-0.41,0.72,0,0.192,-0.46,0.893,0,0.217,-0.58,1,0,0.246,-0.76,0.643,0,0.49,,,,0.179,-0.49,1,0,0.262,,,
54808,20220807,-88.37,40.05,0.17,-0.37,0.577,0,0.196,-0.43,0.893,0,0.222,-0.53,1,0,0.255,-0.67,0.56,0,0.493,,,,0.183,-0.45,1,0,0.267,,,
54808,20220808,-88.37,40.05,0.174,-0.33,0.435,0,0.2,-0.4,0.893,0,0.225,-0.49,1,0,0.263,-0.59,0.53,0,0.496,,,,0.187,-0.41,1,0,0.272,,,
54808,20220809,-88.37,40.05,0.177,-0.3,0.31,0,0.202,-0.38,0.875,0,0.228,-0.45,1,0,0.271,-0.51,0.491,0,0.499,,,,0.189,-0.38,0.964,0,0.275,,,
54808,20220810,-88.37,40.05,0.179,-0.27,0.179,0,0.204,-0.35,0.875,0,0.231,-0.41,1,0,0.28,-0.43,0.395,0,0.502,,,,0.191,-0.35,0.94,0,0.279,,,
54808,20220811,-88.37,40.05,0.179,-0.26,0.065,0,0.201,-0.36,0.952,0,0.231,-0.4,1,0,0.278,-0.42,0.399,0,0.501,,,,0.19,-0.34,0.94,0,0.278,,,
54808,20220812,-88.37,40.05,0.177,-0.26,0.149,0,0.198,-0.37,0.982,0,0.23,-0.41,1,0,0.273,-0.45,0.474,0,0.498,,,,0.187,-0.34,0.94,0,0.275,,,
54808,20220813,-88.37,40.05,0.174,-0.27,0.292,0,0.195,-0.38,0.982,0,0.228,-0.42,1,0,0.268,-0.47,0.578,0,0.496,,,,0.185,-0.35,0.94,0,0.272,,,
54808,20220814,-88.37,40.05,0.172,-0.28,0.435,0,0.192,-0.39,0.982,0,0.225,-0.43,1,0,0.264,-0.48,0.636,0,0.493,,,,0.182,-0.35,0.94,0,0.269,,,
54808,20220815,-88.37,40.05,0.169,-0.3,0.577,0,0.19,-0.39,0.982,0,0.224,-0.44,1,0,0.26,-0.48,0.548,0,0.491,,,,0.179,-0.36,0.94,0,0.267,,,
54808,20220816,-88.37,40.05,0.166,-0.31,0.702,0,0.188,-0.4,1,0,0.221,-0.46,1,0,0.256,-0.45,0.316,0,0.489,,,,0.177,-0.36,0.976,0,0.264,,,
54808,20220817,-88.37,40.05,0.164,-0.32,0.833,0,0.184,-0.42,1,0,0.219,-0.48,1,0,0.252,,,,0.487,,,,0.174,-0.38,1,0,0.261,,,
54808,20220818,-88.37,40.05,0.162,-0.33,0.958,0,0.182,-0.43,1,0,0.216,-0.5,1,0,0.248,,,,0.485,,,,0.172,-0.39,1,0,0.258,,,
54808,20220819,-88.37,40.05,0.16,-0.34,1,0,0.18,-0.43,1,0,0.214,-0.52,1,0,0.244,,,,0.482,,,,0.17,-0.39,1,0,0.256,,,
54808,20220820,-88.37,40.05,0.158,-0.35,1,0,0.178,-0.44,1,0,0.212,-0.53,1,0,0.24,,,,0.48,,,,0.168,-0.4,1,0,0.254,,,
54808,20220821,-88.37,40.05,0.157,-0.34,1,0,0.18,-0.42,0.935,0,0.213,-0.52,0.982,0,0.238,,,,0.478,,,,0.169,-0.39,0.964,0,0.253,,,
54808,20220822,-88.37,40.05,0.157,-0.33,1,0,0.182,-0.39,0.911,0,0.215,-0.49,0.982,0,0.237,,,,0.476,,,,0.17,-0.37,0.964,0,0.253,,,
54808,20220823,-88.37,40.05,0.158,-0.32,1,0,0.183,-0.37,0.911,0,0.217,-0.47,0.982,0,0.235,,,,0.474,,,,0.17,-0.35,0.964,0,0.253,,,
54808,20220824,-88.37,40.05,0.158,-0.32,1,0,0.184,-0.36,0.911,0,0.218,-0.45,0.982,0,0.233,,,,0.472,,,,0.171,-0.34,0.964,0,0.253,,,
54808,20220825,-88.37,40.05,0.158,-0.31,1,0,0.185,-0.35,0.911,0,0.219,-0.44,0.982,0,0.231,,,,0.47,,,,0.171,-0.33,0.964,0,0.253,,,
54808,20220826,-88.37,40.05,0.159,-0.3,1,0,0.185,-0.34,0.911,0,0.22,-0.42,0.982,0,0.23,,,,0.468,,,,0.172,-0.32,0.964,0,0.252,,,
54808,20220827,-88.37,40.05,0.159,-0.29,1,0,0.185,-0.33,0.911,0,0.221,-0.41,0.982,0,0.228,,,,0.467,,,,0.172,-0.3,0.964,0,0.252,,,
54808,20220828,-88.37,40.05,0.159,-0.28,1,0,0.183,-0.34,0.976,0,0.219,-0.43,1,0,0.226,,,,0.465,,,,0.171,-0.31,1,0,0.25,,,
54808,20220829,-88.37,40.05,0.158,-0.28,1,0,0.181,-0.35,0.988,0,0.216,-0.45,1,0,0.224,,,,0.464,,,,0.17,-0.31,1,0,0.248,,,
54808,20220830,-88.37,40.05,0.157,-0.28,0.946,0,0.182,-0.34,0.935,0,0.215,-0.45,1,0,0.222,,,,0.462,,,,0.17,-0.3,0.946,0,0.247,,,
54808,20220831,-88.37,40.05,0.157,-0.27,0.863,0,0.183,-0.32,0.887,0,0.215,-0.45,1,0,0.22,,,,0.46,,,,0.17,-0.29,0.893,0,0.247,,,
54808,20220901,-88.37,40.05,0.157,-0.27,0.774,0,0.183,-0.31,0.887,0,0.215,-0.45,1,0,0.219,,,,0.459,,,,0.17,-0.28,0.893,0,0.247,,,
54808,20220902,-88.37,40.05,0.157,-0.26,0.673,0,0.183,-0.3,0.887,0,0.215,-0.44,1,0,0.218,,,,0.457,,,,0.17,-0.27,0.893,0,0.246,,,
54808,20220903,-88.37,40.05,0.157,-0.25,0.571,0,0.184,-0.29,0.887,0,0.215,-0.43,1,0,0.216,,,,0.456,,,,0.17,-0.26,0.893,0,0.246,,,
54808,20220904,-88.37,40.05,0.157,-0.25,0.464,0,0.184,-0.28,0.887,0,0.216,-0.43,1,0,0.215,,,,0.455,,,,0.17,-0.25,0.893,0,0.245,,,
54808,20220905,-88.37,40.05,0.158,-0.23,0.327,0,0.185,-0.28,0.815,0,0.216,-0.42,1,0,0.214,,,,0.454,,,,0.172,-0.24,0.804,0,0.245,,,
54808,20220906,-88.37,40.05,0.16,-0.22,0.238,0,0.184,-0.28,0.78,0,0.215,-0.42,1,0,0.213,,,,0.453,,,,0.172,-0.23,0.714,0,0.245,,,
54808,20220907,-88.37,40.05,0.162,-0.21,0.179,0,0.184,-0.28,0.821,0,0.214,-0.43,1,0,0.212,,,,0.452,,,,0.173,-0.23,0.625,0,0.245,,,
54808,20220908,-88.37,40.05,0.163,-0.2,0.125,0,0.185,-0.28,0.821,0,0.213,-0.44,1,0,0.211,,,,0.45,,,,0.174,-0.23,0.482,0,0.244,,,
54808,20220909,-88.37,40.05,0.164,-0.2,0.083,0,0.185,-0.29,0.821,0,0.212,-0.45,1,0,0.21,,,,0.449,,,,0.174,-0.23,0.44,0,0.244,,,
54808,20220910,-88.37,40.05,0.164,-0.2,0.125,0,0.185,-0.29,0.821,0,0.211,-0.46,1,0,0.21,,,,0.447,,,,0.175,-0.24,0.44,0,0.244,,,
54808,20220911,-88.37,40.05,0.164,-0.21,0.232,0,0.185,-0.3,0.821,0,0.211,-0.46,1,0,0.209,,,,0.446,,,,0.175,-0.25,0.44,0,0.243,,,
54808,20220912,-88.37,40.05,0.167,-0.19,0.244,0,0.191,-0.27,0.774,0,0.214,-0.43,0.863,0,0.208,,,,0.444,,,,0.179,-0.23,0.399,0,0.245,,,
54808,20220913,-88.37,40.05,0.169,-0.19,0.244,0,0.195,-0.26,0.72,0,0.217,-0.41,0.768,0,0.208,,,,0.442,,,,0.182,-0.23,0.399,0,0.246,,,
54808,20220914,-88.37,40.05,0.171,-0.2,0.244,0,0.198,-0.25,0.583,0,0.22,-0.39,0.762,0,0.208,,,,0.441,,,,0.184,-0.23,0.411,0,0.247,,,
54808,20220915,-88.37,40.05,0.172,-0.2,0.25,0,0.201,-0.25,0.482,0,0.221,-0.38,0.762,0,0.208,,,,0.439,,,,0.187,-0.24,0.548,0,0.248,,,
54808,20220916,-88.37,40.05,0.173,-0.21,0.369,0,0.203,-0.25,0.482,0,0.223,-0.37,0.762,0,0.207,,,,0.438,,,,0.188,-0.26,0.589,0,0.249,,,
54808,20220917,-88.37,40.05,0.175,-0.22,0.429,0,0.205,-0.25,0.482,0,0.224,-0.36,0.762,0,0.207,,,,0.437,,,,0.19,-0.27,0.589,0,0.25,,,
54808,20220918,-88.37,40.05,0.176,-0.24,0.429,0,0.206,-0.25,0.482,0,0.225,-0.36,0.762,0,0.207,,,,0.435,,,,0.191,-0.28,0.589,0,0.25,,,
54808,20220919,-88.37,40.05,0.172,-0.28,0.542,0,0.202,-0.29,0.577,0,0.222,-0.38,0.863,0,0.209,,,,0.437,,,,0.187,-0.33,0.69,0,0.248,,,
54808,20220920,-88.37,40.05,0.171,-0.3,0.542,0,0.205,-0.27,0.577,0,0.224,-0.37,0.815,0,0.217,,,,0.446,,,,0.188,-0.33,0.69,0,0.253,,,
54808,20220921,-88.37,40.05,0.171,-0.32,0.542,0,0.209,-0.26,0.577,0,0.225,-0.37,0.679,0,0.225,,,,0.454,,,,0.19,-0.32,0.679,0,0.257,,,
54808,20220922,-88.37,40.05,0.17,-0.33,0.583,0,0.212,-0.24,0.536,0,0.227,-0.36,0.536,0,0.232,,,,0.462,,,,0.191,-0.31,0.542,0,0.261,,,
54808,20220923,-88.37,40.05,0.17,-0.34,0.607,0,0.214,-0.23,0.393,0,0.228,-0.36,0.506,0,0.239,,,,0.47,,,,0.192,-0.31,0.47,0,0.264,,,
54808,20220924,-88.37,40.05,0.169,-0.35,0.607,0,0.216,-0.22,0.298,0,0.229,-0.36,0.506,0,0.245,,,,0.478,,,,0.193,-0.31,0.464,0,0.268,,,
54808,20220925,-88.37,40.05,0.17,-0.35,0.607,0,0.22,-0.2,0.155,0,0.23,-0.36,0.506,0,0.251,,,,0.486,,,,0.195,-0.3,0.464,0,0.272,,,
54808,20220926,-88.37,40.05,0.17,-0.35,0.619,0,0.221,-0.21,0.149,0,0.231,-0.37,0.542,0,0.255,,,,0.491,,,,0.195,-0.3,0.494,0,0.273,,,
54808,20220927,-88.37,40.05,0.167,-0.38,0.762,0,0.214,-0.26,0.292,0,0.227,-0.42,0.685,0,0.252,,,,0.488,,,,0.19,-0.35,0.637,0,0.27,,,
54808,20220928,-88.37,40.05,0.164,-0.41,0.905,0,0.207,-0.32,0.435,0,0.223,-0.47,0.827,0,0.25,,,,0.486,,,,0.186,-0.4,0.78,0,0.266,,,
54808,20220929,-88.37,40.05,0.161,-0.44,1,0,0.202,-0.38,0.577,0,0.219,-0.52,0.97,0,0.247,,,,0.484,,,,0.181,-0.45,0.923,0,0.262,,,
54808,20220930,-88.37,40.05,0.159,-0.46,1,0,0.197,-0.43,0.72,0,0.215,-0.57,1,0,0.245,,,,0.481,,,,0.178,-0.49,0.994,0,0.259,,,
54808,20221001,-88.37,40.05,0.157,-0.48,1,0,0.193,-0.47,0.815,0,0.212,-0.62,1,0,0.243,,,,0.478,,,,0.175,-0.52,1,0,0.257,,,
54808,20221002,-88.37,40.05,0.154,-0.5,1,0,0.189,-0.52,0.958,0,0.209,-0.67,1,0,0.242,,,,0.476,,,,0.172,-0.56,1,0,0.254,,,
54808,20221003,-88.37,40.05,0.152,-0.52,1,0,0.185,-0.57,1,0,0.206,-0.72,1,0,0.24,,,,0.473,,,,0.169,-0.6,1,0,0.251,,,
54808,20221004,-88.37,40.05,0.151,-0.54,1,0,0.182,-0.61,1,0,0.204,-0.76,1,0,0.238,,,,0.471,,,,0.166,-0.62,1,0,0.249,,,
54808,20221005,-88.37,40.05,0.149,-0.55,1,0,0.18,-0.65,1,0,0.202,-0.8,1,0,0.236,,,,0.467,,,,0.164,-0.65,1,0,0.247,,,
54808,20221006,-88.37,40.05,0.148,-0.56,1,0,0.177,-0.68,1,0,0.201,-0.83,1,0,0.235,,,,0.465,,,,0.163,-0.67,1,0,0.245,,,
54808,20221007,-88.37,40.05,0.147,-0.56,1,0,0.176,-0.71,1,0,0.2,-0.85,1,0,0.233,,,,0.462,,,,0.161,-0.69,1,0,0.244,,,
54808,20221008,-88.37,40.05,0.146,-0.57,1,0,0.174,-0.73,1,0,0.2,-0.87,1,0,0.231,,,,0.46,,,,0.16,-0.7,1,0,0.242,,,
54808,20221009,-88.37,40.05,0.145,-0.58,1,0,0.172,-0.75,1,0,0.199,-0.89,1,0,0.23,,,,0.458,,,,0.158,-0.72,1,0,0.241,,,
54808,20221010,-88.37,40.05,0.144,-0.59,1,0,0.17,-0.77,1,0,0.198,-0.9,1,0,0.228,,,,0.456,,,,0.157,-0.75,1,0,0.239,,,
54808,20221011,-88.37,40.05,0.143,-0.6,1,0,0.168,-0.78,1,0,0.198,-0.91,1,0,0.226,,,,0.454,,,,0.156,-0.77,1,0,0.238,,,
54808,20221012,-88.37,40.05,0.143,-0.61,1,0,0.167,-0.79,1,0,0.197,-0.93,1,0,0.224,,,,0.452,,,,0.155,-0.78,1,0,0.237,,,
54808,20221013,-88.37,40.05,0.144,-0.61,1,0,0.169,-0.78,1,0,0.197,-0.94,1,0,0.222,,,,0.45,,,,0.157,-0.78,1,0,0.236,,,
54808,20221014,-88.37,40.05,0.145,-0.6,1,0,0.17,-0.78,1,0,0.197,-0.95,1,0,0.221,,,,0.448,,,,0.158,-0.78,1,0,0.236,,,
54808,20221015,-88.37,40.05,0.146,-0.59,1,0,0.172,-0.77,1,0,0.196,-0.96,1,0,0.219,,,,0.446,,,,0.159,-0.77,1,0,0.236,,,
54808,20221016,-88.37,40.05,0.148,-0.58,1,0,0.173,-0.77,1,0,0.196,-0.96,1,0,0.217,,,,0.443,,,,0.16,-0.76,1,0,0.235,,,
54808,20221017,-88.37,40.05,0.149,-0.57,1,0,0.174,-0.76,1,0,0.196,-0.97,1,0,0.215,,,,0.442,,,,0.162,-0.75,1,0,0.235,,,
54808,20221018,-88.37,40.05,0.15,-0.57,1,0,0.175,-0.77,1,0,0.195,-0.98,1,0,0.214,,,,0.44,,,,0.162,-0.74,1,0,0.235,,,
54808,20221019,-88.37,40.05,0.151,-0.58,1,0,0.175,-0.77,1,0,0.195,-0.99,1,0,0.213,,,,0.438,,,,0.163,-0.74,1,0,0.234,,,
54808,20221020,-88.37,40.05,0.15,-0.62,1,0,0.172,-0.8,1,0,0.194,-1,1,0,0.211,,,,0.436,,,,0.161,-0.76,1,0,0.233,,,
54808,20221021,-88.37,40.05,0.149,-0.66,1,0,0.17,-0.83,1,0,0.193,-1.01,1,0,0.209,,,,0.434,,,,0.159,-0.79,1,0,0.231,,,
54808,20221022,-88.37,40.05,0.148,-0.71,1,0,0.168,-0.85,1,0,0.192,-1.02,1,0,0.207,,,,0.432,,,,0.158,-0.82,1,0,0.23,,,
54808,20221023,-88.37,40.05,0.147,-0.75,1,0,0.167,-0.88,1,0,0.192,-1.03,1,0,0.206,,,,0.43,,,,0.157,-0.85,1,0,0.229,,,
54808,20221024,-88.37,40.05,0.147,-0.8,1,0,0.166,-0.9,1,0,0.192,-1.03,1,0,0.205,,,,0.427,,,,0.156,-0.88,1,0,0.227,,,
54808,20221025,-88.37,40.05,0.146,-0.84,1,0,0.166,-0.93,1,0,0.193,-1.03,1,0,0.203,,,,0.425,,,,0.156,-0.91,1,0,0.227,,,
54808,20221026,-88.37,40.05,0.156,-0.81,0.958,0,0.178,-0.87,0.899,0,0.198,-0.98,1,0,0.203,,,,0.423,,,,0.167,-0.86,0.905,0,0.231,,,
54808,20221027,-88.37,40.05,0.167,-0.76,0.958,0,0.192,-0.78,0.762,0,0.205,-0.93,1,0,0.203,,,,0.421,,,,0.18,-0.8,0.845,0,0.238,,,
54808,20221028,-88.37,40.05,0.176,-0.72,0.958,0,0.205,-0.71,0.744,0,0.211,-0.87,1,0,0.203,,,,0.42,,,,0.191,-0.74,0.845,0,0.243,,,
54808,20221029,-88.37,40.05,0.185,-0.69,0.958,0,0.216,-0.65,0.744,0,0.217,-0.82,1,0,0.203,,,,0.419,,,,0.201,-0.69,0.845,0,0.248,,,
54808,20221030,-88.37,40.05,0.193,-0.67,0.958,0,0.227,-0.6,0.744,0,0.223,-0.78,1,0,0.204,,,,0.418,,,,0.21,-0.65,0.845,0,0.253,,,
54808,20221031,-88.37,40.05,0.201,-0.64,0.958,0,0.237,-0.56,0.744,0,0.228,-0.74,1,0,0.204,,,,0.418,,,,0.219,-0.6,0.845,0,0.258,,,
54808,20221101,-88.37,40.05,0.217,-0.56,0.815,0,0.253,-0.46,0.607,0,0.234,-0.69,1,0,0.204,,,,0.417,,,,0.235,-0.51,0.708,0,0.265,,,
54808,20221102,-88.37,40.05,0.222,-0.55,0.726,0,0.256,-0.47,0.577,0,0.236,-0.68,1,0,0.204,,,,0.416,,,,0.239,-0.5,0.661,0,0.267,,,
54808,20221103,-88.37,40.05,0.225,-0.55,0.708,0,0.255,-0.51,0.714,0,0.236,-0.68,1,0,0.204,,,,0.416,,,,0.24,-0.51,0.607,0,0.267,,,
54808,20221104,-88.37,40.05,0.23,-0.54,0.708,0,0.256,-0.53,0.732,0,0.237,-0.68,1,0,0.204,,,,0.415,,,,0.243,-0.51,0.607,0,0.268,,,
54808,20221105,-88.37,40.05,0.235,-0.53,0.685,0,0.258,-0.54,0.708,0,0.238,-0.68,1,0,0.204,,,,0.414,,,,0.246,-0.51,0.583,0,0.27,,,
54808,20221106,-88.37,40.05,0.244,-0.48,0.542,0,0.263,-0.52,0.571,0,0.241,-0.66,1,0,0.204,,,,0.414,,,,0.254,-0.48,0.44,0,0.273,,,
54808,20221107,-88.37,40.05,0.252,-0.46,0.53,0,0.268,-0.51,0.571,0,0.243,-0.65,1,0,0.204,,,,0.413,,,,0.26,-0.46,0.435,0,0.276,,,
54808,20221108,-88.37,40.05,0.251,-0.49,0.673,0,0.266,-0.55,0.708,0,0.244,-0.66,1,0,0.204,,,,0.413,,,,0.259,-0.5,0.571,0,0.276,,,
54808,20221109,-88.37,40.05,0.25,-0.53,0.804,0,0.264,-0.59,0.839,0,0.245,-0.69,1,0,0.204,,,,0.412,,,,0.257,-0.55,0.714,0,0.275,,,
54808,20221110,-88.37,40.05,0.249,-0.56,0.821,0,0.263,-0.63,0.839,0,0.245,-0.72,1,0,0.204,,,,0.412,,,,0.256,-0.6,0.827,0,0.275,,,
54808,20221111,-88.37,40.05,0.248,-0.6,0.821,0,0.262,-0.66,0.839,0,0.246,-0.75,1,0,0.204,,,,0.411,,,,0.255,-0.64,0.827,0,0.274,,,
54808,20221112,-88.37,40.05,0.245,-0.65,0.845,0,0.259,-0.71,0.863,0,0.246,-0.8,1,0,0.204,,,,0.41,,,,0.252,-0.7,0.851,0,0.273,,,
54808,20221113,-88.37,40.05,0.238,-0.74,0.988,0,0.253,-0.79,1,0,0.243,-0.87,1,0,0.203,,,,0.41,,,,0.246,-0.79,0.994,0,0.27,,,
54808,20221114,-88.37,40.05,0.232,-0.83,1,0,0.248,-0.86,1,0,0.241,-0.92,1,0,0.202,,,,0.409,,,,0.24,-0.87,1,0,0.266,,,
54808,20221115,-88.37,40.05,0.226,-0.91,1,0,0.244,-0.92,1,0,0.239,-0.98,1,0,0.202,,,,0.408,,,,0.235,-0.94,1,0,0.264,,,
54808,20221116,-88.37,40.05,0.221,-0.99,1,0,0.24,-0.97,1,0,0.237,-1.02,1,0,0.201,,,,0.406,,,,0.231,-1.01,1,0,0.261,,,
54808,20221117,-88.37,40.05,0.216,-1.07,1,0,0.237,-1.02,1,0,0.235,-1.05,1,0,0.2,,,,0.405,,,,0.226,-1.07,1,0,0.259,,,
54808,20221118,-88.37,40.05,0.212,-1.14,1,0,0.234,-1.05,1,0,0.233,-1.08,1,0,0.2,,,,0.404,,,,0.223,-1.12,1,0,0.257,,,
54808,20221119,-88.37,40.05,0.209,-1.2,1,0,0.232,-1.08,1,0,0.231,-1.1,1,0,0.199,,,,0.403,,,,0.221,-1.16,1,0,0.255,,,
54808,20221120,-88.37,40.05,0.207,-1.24,1,0,0.234,-1.08,1,0,0.23,-1.12,1,0,0.198,,,,0.402,,,,0.22,-1.18,1,0,0.254,,,
54808,20221121,-88.37,40.05,0.206,-1.28,1,0,0.239,-1.04,1,0,0.228,-1.14,1,0,0.197,,,,0.4,,,,0.22,-1.19,1,0,0.254,,,
54808,20221122,-88.37,40.05,0.204,-1.32,1,0,0.242,-1.03,1,0,0.227,-1.16,1,0,0.197,,,,0.399,,,,0.22,-1.22,1,0,0.253,,,
54808,20221123,-88.37,40.05,0.202,-1.37,1,0,0.241,-1.05,1,0,0.227,-1.19,1,0,0.196,,,,0.398,,,,0.218,-1.25,1,0,0.251,,,
54808,20221124,-88.37,40.05,0.199,-1.41,1,0,0.239,-1.08,1,0,0.226,-1.22,1,0,0.196,,,,0.396,,,,0.216,-1.28,1,0,0.25,,,
54808,20221125,-88.37,40.05,0.197,-1.45,1,0,0.238,-1.11,1,0,0.225,-1.24,1,0,0.196,,,,0.394,,,,0.214,-1.31,1,0,0.249,,,
54808,20221126,-88.37,40.05,0.195,-1.5,1,0,0.237,-1.14,1,0,0.225,-1.27,1,0,0.196,,,,0.393,,,,0.213,-1.34,1,0,0.248,,,
54808,20221127,-88.37,40.05,0.195,-1.53,1,0,0.235,-1.18,1,0,0.226,-1.28,1,0,0.196,,,,0.391,,,,0.212,-1.37,1,0,0.247,,,
54808,20221128,-88.37,40.05,0.214,-1.36,0.864,0,0.238,-1.18,1,0,0.237,-1.21,1,0,0.203,,,,0.398,,,,0.225,-1.26,0.951,0,0.258,,,
54808,20221129,-88.37,40.05,0.229,-1.23,0.804,0,0.244,-1.14,1,0,0.247,-1.13,1,0,0.21,,,,0.406,,,,0.236,-1.17,0.952,0,0.267,,,
54808,20221130,-88.37,40.05,0.245,-1.11,0.804,0,0.253,-1.08,1,0,0.257,-1.06,1,0,0.217,,,,0.412,,,,0.249,-1.08,0.952,0,0.277,,,
54808,20221201,-88.37,40.05,0.26,-1,0.804,0,0.262,-1.03,1,0,0.266,-0.99,1,0,0.224,,,,0.419,,,,0.261,-1,0.952,0,0.286,,,
54808,20221202,-88.37,40.05,0.275,-0.89,0.804,0,0.271,-0.99,1,0,0.275,-0.94,1,0,0.231,,,,0.425,,,,0.273,-0.93,0.952,0,0.295,,,
54808,20221203,-88.37,40.05,0.289,-0.79,0.804,0,0.279,-0.95,1,0,0.283,-0.89,1,0,0.238,,,,0.431,,,,0.284,-0.88,0.952,0,0.304,,,
54808,20221204,-88.37,40.05,0.301,-0.72,0.804,0,0.286,-0.92,1,0,0.291,-0.85,1,0,0.245,,,,0.436,,,,0.294,-0.83,0.952,0,0.312,,,
54808,20221205,-88.37,40.05,0.297,-0.79,0.935,0,0.284,-0.99,1,0,0.289,-0.92,1,0,0.244,,,,0.433,,,,0.291,-0.91,1,0,0.31,,,
54808,20221206,-88.37,40.05,0.293,-0.87,1,0,0.283,-1.06,1,0,0.287,-0.97,1,0,0.244,,,,0.43,,,,0.288,-0.99,1,0,0.307,,,
54808,20221207,-88.37,40.05,0.29,-0.95,1,0,0.281,-1.13,1,0,0.285,-1.03,1,0,0.243,,,,0.427,,,,0.285,-1.08,1,0,0.305,,,
54808,20221208,-88.37,40.05,0.287,-1.01,1,0,0.28,-1.18,1,0,0.284,-1.07,1,0,0.243,,,,0.425,,,,0.283,-1.16,1,0,0.304,,,
54808,20221209,-88.37,40.05,0.284,-1.06,1,0,0.28,-1.23,1,0,0.284,-1.11,1,0,0.243,,,,0.423,,,,0.282,-1.23,1,0,0.303,,,
54808,20221210,-88.37,40.05,0.291,-1.01,0.976,0,0.284,-1.21,1,0,0.286,-1.11,1,0,0.243,,,,0.421,,,,0.287,-1.2,1,0,0.305,,,
54808,20221211,-88.37,40.05,0.298,-0.96,0.976,0,0.288,-1.19,1,0,0.288,-1.11,1,0,0.243,,,,0.419,,,,0.293,-1.17,1,0,0.307,,,
54808,20221212,-88.37,40.05,0.304,-0.92,0.976,0,0.292,-1.16,1,0,0.291,-1.1,1,0,0.243,,,,0.418,,,,0.298,-1.15,1,0,0.309,,,
54808,20221213,-88.37,40.05,0.31,-0.87,0.976,0,0.296,-1.14,1,0,0.293,-1.1,1,0,0.243,,,,0.416,,,,0.303,-1.11,1,0,0.312,,,
54808,20221214,-88.37,40.05,0.319,-0.8,0.929,0,0.301,-1.1,1,0,0.296,-1.1,1,0,0.244,,,,0.415,,,,0.31,-1.05,0.982,0,0.315,,,
54808,20221215,-88.37,40.05,0.334,-0.65,0.786,0,0.312,-0.96,0.917,0,0.305,-0.98,0.917,0,0.254,,,,0.419,,,,0.323,-0.89,0.845,0,0.325,,,
54808,20221216,-88.37,40.05,0.346,-0.54,0.702,0,0.322,-0.84,0.869,0,0.313,-0.88,0.845,0,0.273,,,,0.428,,,,0.334,-0.77,0.804,0,0.336,,,
54808,20221217,-88.37,40.05,0.347,-0.56,0.726,0,0.326,-0.8,0.869,0,0.317,-0.84,0.845,0,0.291,,,,0.437,,,,0.336,-0.75,0.804,0,0.344,,,
54808,20221218,-88.37,40.05,0.348,-0.58,0.726,0,0.329,-0.77,0.869,0,0.321,-0.8,0.845,0,0.309,,,,0.445,,,,0.338,-0.75,0.804,0,0.35,,,
54808,20221219,-88.37,40.05,0.348,-0.6,0.707,0,0.335,-0.69,0.815,0,0.324,-0.77,0.845,0,0.325,,,,0.452,,,,0.341,-0.73,0.79,0,0.356,,,
54808,20221220,-88.37,40.05,,,,,0.343,-0.58,0.673,0,0.327,-0.74,0.845,0,0.341,,,,0.46,,,,,,,,,,,
54808,20221221,-88.37,40.05,,,,,0.35,-0.49,0.542,0,0.329,-0.73,0.845,0,0.357,,,,0.467,,,,,,,,,,,
54808,20221222,-88.37,40.05,,,,,0.348,-0.53,0.601,0,0.325,-0.82,0.929,0,0.362,,,,0.469,,,,,,,,,,,
54808,20221223,-88.37,40.05,,,,,0.347,-0.56,0.631,0,0.321,-0.9,1,0,0.358,,,,0.466,,,,,,,,,,,
54808,20221224,-88.37,40.05,,,,,0.349,-0.53,0.577,0,0.32,-0.95,1,0,0.356,,,,0.464,,,,,,,,,,,
54808,20221225,-88.37,40.05,,,,,,,,,0.321,-0.94,1,0,0.354,,,,0.462,,,,,,,,,,,
54808,20221226,-88.37,40.05,,,,,,,,,0.323,-0.92,1,0,0.352,,,,0.46,,,,,,,,,,,
54808,20221227,-88.37,40.05,,,,,,,,,0.325,-0.89,1,0,0.351,,,,0.458,,,,,,,,,,,
54808,20221228,-88.37,40.05,,,,,,,,,0.327,-0.86,1,0,0.35,,,,0.457,,,,,,,,,,,
54808,20221229,-88.37,40.05,,,,,,,,,0.33,-0.83,1,0,0.349,,,,0.455,,,,,,,,,,,
54808,20221230,-88.37,40.05,,,,,,,,,0.331,-0.82,1,0,0.349,,,,0.453,,,,,,,,,,,
54808,20221231,-88.37,40.05,,,,,,,,,0.335,-0.77,0.96,0,0.352,,,,0.453,,,,,,,,,,,
54808,20230101,-88.37,40.05,,,,,,,,,0.336,-0.76,0.96,0,0.357,,,,0.454,,,,,,,,,,,
54808,20230102,-88.37,40.05,,,,,,,,,0.337,-0.76,0.96,0,0.361,,,,0.455,,,,,,,,,,,
54808,20230103,-88.37,40.05,,,,,,,,,0.339,-0.73,0.927,0,0.365,,,,0.458,,,,,,,,,,,
54808,20230104,-88.37,40.05,0.359,-1.04,0.852,0,,,,,0.342,-0.67,0.814,0,0.372,,,,0.461,,,,,,,,,,,
54808,20230105,-88.37,40.05,0.36,-1.04,0.852,0,0.353,-0.65,0.718,0,0.344,-0.65,0.827,0,0.378,,,,0.465,,,,0.362,-0.77,0.667,0,0.383,,,
54808,20230106,-88.37,40.05,0.371,-0.55,0.763,0,0.358,-0.59,0.738,0,0.346,-0.61,0.827,0,0.383,,,,0.47,,,,0.364,-0.52,0.556,0,0.386,,,
54808,20230107,-88.37,40.05,0.368,-0.68,1,0,0.354,-0.7,0.863,0,0.346,-0.64,0.863,0,0.383,,,,0.473,,,,0.361,-0.7,1,0,0.385,,,
54808,20230108,-88.37,40.05,0.366,-0.69,1,0,0.352,-0.78,0.863,0,0.345,-0.67,0.863,0,0.382,,,,0.475,,,,0.359,-0.71,1,0,0.384,,,
54808,20230109,-88.37,40.05,0.364,,,,0.35,-0.85,0.863,0,0.344,-0.71,0.863,0,0.381,,,,0.477,,,,0.357,,,,0.383,,,
54808,20230110,-88.37,40.05,0.361,,,,0.346,-0.96,0.905,0,0.342,-0.77,0.893,0,0.379,,,,0.478,,,,0.354,,,,0.381,,,
54808,20230111,-88.37,40.05,0.356,,,,0.341,-1.08,1,0,0.338,-0.87,1,0,0.374,,,,0.478,,,,0.349,,,,0.378,,,
54808,20230112,-88.37,40.05,0.354,,,,0.339,-1.13,1,0,0.337,-0.94,1,0,0.371,,,,0.477,,,,0.347,,,,0.376,,,
54808,20230113,-88.37,40.05,0.352,,,,0.338,-1.18,1,0,0.335,-0.99,1,0,0.369,,,,0.476,,,,0.345,,,,0.374,,,
54808,20230114,-88.37,40.05,0.351,,,,0.337,-1.22,1,0,0.335,-1.03,1,0,0.368,,,,0.475,,,,0.344,,,,0.373,,,
54808,20230115,-88.37,40.05,0.351,,,,0.337,-1.22,1,0,0.334,-1.08,1,0,0.367,,,,0.474,,,,0.344,,,,0.373,,,
54808,20230116,-88.37,40.05,0.349,,,,0.336,-1.24,1,0,0.333,-1.12,1,0,0.366,,,,0.474,,,,0.342,,,,0.371,,,
54808,20230117,-88.37,40.05,0.353,,,,0.34,-1.21,1,0,0.334,-1.1,1,0,0.365,,,,0.473,,,,0.346,,,,0.373,,,
54808,20230118,-88.37,40.05,0.356,,,,0.344,-1.21,1,0,0.337,-1.05,1,0,0.365,,,,0.472,,,,0.35,,,,0.375,,,
54808,20230119,-88.37,40.05,0.361,,,,0.35,,,,0.34,-0.96,0.923,0,0.368,,,,0.472,,,,0.356,,,,0.378,,,
54808,20230120,-88.37,40.05,0.366,,,,0.355,,,,0.343,-0.86,0.899,0,0.372,,,,0.474,,,,0.36,,,,0.382,,,
54808,20230121,-88.37,40.05,0.369,,,,0.359,,,,0.346,-0.79,0.899,0,0.376,,,,0.475,,,,0.364,,,,0.385,,,
54808,20230122,-88.37,40.05,0.371,,,,0.362,,,,0.348,-0.72,0.899,0,0.378,,,,0.477,,,,0.366,,,,0.387,,,
54808,20230123,-88.37,40.05,0.374,,,,0.365,,,,0.351,-0.67,0.899,0,0.381,,,,0.478,,,,0.369,,,,0.39,,,
54808,20230124,-88.37,40.05,0.371,,,,0.362,,,,0.35,-0.67,0.899,0,0.383,,,,0.48,,,,0.367,,,,0.389,,,
54808,20230125,-88.37,40.05,0.368,,,,0.36,,,,0.349,-0.72,0.899,0,0.384,,,,0.482,,,,0.364,,,,0.388,,,
54808,20230126,-88.37,40.05,0.366,,,,0.357,,,,0.347,-0.79,0.976,0,0.383,,,,0.483,,,,0.362,,,,0.387,,,
54808,20230127,-88.37,40.05,0.366,,,,0.356,,,,0.346,-0.82,1,0,0.381,,,,0.483,,,,0.361,,,,0.386,,,
54808,20230128,-88.37,40.05,0.369,,,,0.357,,,,0.346,-0.82,1,0,0.38,,,,0.483,,,,0.363,,,,0.387,,,
54808,20230129,-88.37,40.05,0.373,,,,0.359,,,,0.347,-0.8,1,0,0.381,,,,0.483,,,,0.366,,,,0.388,,,
54808,20230130,-88.37,40.05,0.375,,,,0.362,,,,0.349,-0.76,1,0,0.382,,,,0.483,,,,0.369,,,,0.39,,,
54808,20230131,-88.37,40.05,0.378,,,,0.364,,,,0.35,-0.73,1,0,0.383,,,,0.483,,,,0.371,,,,0.391,,,
54808,20230201,-88.37,40.05,0.381,,,,0.366,,,,0.35,-0.67,1,0,0.384,,,,0.483,,,,0.374,,,,0.394,,,
54808,20230202,-88.37,40.05,,,,,0.367,,,,0.352,-0.62,1,0,0.384,,,,0.483,,,,,,,,,,,
54808,20230203,-88.37,40.05,,,,,,,,,0.351,-0.62,1,0,0.382,,,,0.483,,,,,,,,,,,
54808,20230204,-88.37,40.05,,,,,,,,,0.352,-0.6,1,0,0.38,,,,0.483,,,,,,,,,,,
54808,20230205,-88.37,40.05,,,,,,,,,0.352,-0.56,1,0,0.378,,,,0.483,,,,,,,,,,,
54808,20230206,-88.37,40.05,,,,,,,,,0.352,-0.72,1,0,0.375,,,,0.482,,,,,,,,,,,
54808,20230207,-88.37,40.05,,,,,,,,,0.352,,,,0.372,,,,0.482,,,,,,,,,,,
54808,20230208,-88.37,40.05,,,,,,,,,0.353,,,,0.369,,,,0.481,,,,,,,,,,,
54808,20230209,-88.37,40.05,,,,,,,,,0.353,,,,0.368,,,,0.48,,,,,,,,,,,
54808,20230210,-88.37,40.05,,,,,,,,,0.354,,,,0.371,,,,0.481,,,,,,,,,,,
54808,20230211,-88.37,40.05,,,,,,,,,0.354,,,,0.374,,,,0.481,,,,,,,,,,,
54808,20230212,-88.37,40.05,,,,,,,,,0.353,,,,0.376,,,,0.481,,,,,,,,,,,
54808,20230213,-88.37,40.05,,,,,,,,,0.351,-1.03,1,0,0.377,,,,0.482,,,,,,,,,,,
54808,20230214,-88.37,40.05,,,,,,,,,0.35,-1.05,1,0,0.379,,,,0.482,,,,,,,,,,,
54808,20230215,-88.37,40.05,0.346,,,,0.348,,,,0.349,-1.07,1,0,0.38,,,,0.483,,,,0.347,,,,0.382,,,
54808,20230216,-88.37,40.05,0.343,,,,0.345,,,,0.348,-1.07,1,0,0.382,,,,0.484,,,,0.344,,,,0.38,,,
54808,20230217,-88.37,40.05,0.343,,,,0.344,,,,0.346,-1.03,1,0,0.379,,,,0.484,,,,0.343,,,,0.379,,,
54808,20230218,-88.37,40.05,0.343,,,,0.343,,,,0.346,-1.01,1,0,0.377,,,,0.484,,,,0.343,,,,0.378,,,
54808,20230219,-88.37,40.05,0.342,,,,0.343,,,,0.346,-1.02,1,0,0.375,,,,0.484,,,,0.342,,,,0.378,,,
54808,20230220,-88.37,40.05,0.343,,,,0.343,,,,0.346,-1.03,1,0,0.374,,,,0.484,,,,0.343,,,,0.378,,,
54808,20230221,-88.37,40.05,0.343,,,,0.343,,,,0.346,-1.03,1,0,0.373,,,,0.484,,,,0.343,,,,0.378,,,
54808,20230222,-88.37,40.05,0.343,,,,0.342,,,,0.346,-1.04,1,0,0.373,,,,0.484,,,,0.343,,,,0.378,,,
54808,20230223,-88.37,40.05,0.351,,,,0.349,,,,0.349,-0.96,0.923,0,0.377,,,,0.485,,,,0.35,,,,0.382,,,
54808,20230224,-88.37,40.05,0.351,,,,0.35,,,,0.351,-0.92,0.923,0,0.38,,,,0.485,,,,0.351,,,,0.384,,,
54808,20230225,-88.37,40.05,0.352,,,,0.351,,,,0.351,-0.92,0.923,0,0.383,,,,0.486,,,,0.351,,,,0.384,,,
54808,20230226,-88.37,40.05,0.354,,,,0.352,,,,0.352,-0.9,0.923,0,0.385,,,,0.487,,,,0.353,,,,0.386,,,
54808,20230227,-88.37,40.05,0.356,,,,0.353,,,,0.352,-0.89,0.923,0,0.386,,,,0.487,,,,0.354,,,,0.387,,,
54808,20230228,-88.37,40.05,0.364,,,,0.361,,,,0.357,-0.77,0.804,0,0.392,,,,0.488,,,,0.363,,,,0.392,,,
54808,20230301,-88.37,40.05,0.37,,,,0.367,,,,0.36,-0.69,0.798,0,0.396,,,,0.489,,,,0.369,,,,0.396,,,
54808,20230302,-88.37,40.05,0.369,-0.06,0,0,0.365,-0.26,0.214,0,0.36,-0.69,0.821,0,0.394,,,,0.489,,,,0.367,,,,0.395,,,
54808,20230303,-88.37,40.05,0.367,-0.5,0.636,0,0.363,-0.53,0.667,0,0.359,-0.72,0.821,0,0.393,,,,0.49,,,,0.365,,,,0.394,,,
54808,20230304,-88.37,40.05,0.374,0.25,0.292,0.5,0.369,-0.25,0.439,0.158,0.362,-0.61,0.702,0.006,0.407,,,,0.491,,,,0.371,0.69,0,1,0.401,,,
54808,20230305,-88.37,40.05,0.379,0.13,0.214,0.286,0.373,-0.22,0.309,0.111,0.365,-0.53,0.631,0.006,0.417,,,,0.493,,,,0.376,0.16,0,0.32,0.405,,,
54808,20230306,-88.37,40.05,0.381,-0.04,0.397,0.19,0.376,-0.25,0.238,0.086,0.367,-0.49,0.631,0.006,0.419,,,,0.496,,,,0.379,-0.1,0.261,0.174,0.408,,,
54808,20230307,-88.37,40.05,0.376,-0.2,0.563,0.138,0.372,-0.3,0.271,0.07,0.364,-0.56,0.75,0.006,0.417,,,,0.498,,,,0.374,-0.27,0.514,0.114,0.405,,,
54808,20230308,-88.37,40.05,0.373,-0.34,0.658,0.108,0.368,-0.36,0.379,0.059,0.363,-0.6,0.756,0.006,0.416,,,,0.5,,,,0.371,-0.41,0.638,0.085,0.404,,,
54808,20230309,-88.37,40.05,0.368,-0.48,0.74,0.092,0.364,-0.44,0.485,0.055,0.361,-0.68,0.81,0.006,0.415,,,,0.502,,,,0.366,-0.52,0.712,0.068,0.402,,,
54808,20230310,-88.37,40.05,0.366,-0.57,0.77,0.081,0.362,-0.47,0.5,0.054,0.36,-0.7,0.81,0.006,0.415,,,,0.505,,,,0.364,-0.6,0.761,0.056,0.401,,,
54808,20230311,-88.37,40.05,0.358,-0.72,0.868,0,0.354,-0.61,0.625,0,0.356,-0.84,0.929,0,0.4,,,,0.506,,,,0.356,-0.7,0.835,0,0.394,,,
54808,20230312,-88.37,40.05,0.352,-0.81,0.97,0,0.348,-0.7,0.768,0,0.352,-0.94,1,0,0.39,,,,0.506,,,,0.35,-0.78,0.945,0,0.39,,,
54808,20230313,-88.37,40.05,0.35,-0.84,1,0,0.344,-0.76,0.911,0,0.35,-1.01,1,0,0.387,,,,0.506,,,,0.347,-0.82,1,0,0.387,,,
54808,20230314,-88.37,40.05,0.349,-0.85,1,0,0.341,-0.8,0.994,0,0.348,-1.07,1,0,0.384,,,,0.507,,,,0.345,-0.85,1,0,0.386,,,
54808,20230315,-88.37,40.05,0.349,-0.84,1,0,0.34,-0.82,1,0,0.346,-1.12,1,0,0.383,,,,0.507,,,,0.344,-0.84,1,0,0.385,,,
54808,20230316,-88.37,40.05,0.35,-0.81,1,0,0.339,-0.83,1,0,0.345,-1.15,1,0,0.381,,,,0.507,,,,0.345,-0.83,1,0,0.384,,,
54808,20230317,-88.37,40.05,0.356,-0.68,0.923,0.048,0.343,-0.76,0.929,0.006,0.345,-1.13,0.97,0,0.38,,,,0.507,,,,0.349,-0.72,0.929,0.036,0.386,,,
54808,20230318,-88.37,40.05,0.361,-0.56,0.78,0.054,0.348,-0.66,0.786,0.006,0.348,-1.02,0.875,0,0.38,,,,0.507,,,,0.354,-0.61,0.786,0.036,0.389,,,
54808,20230319,-88.37,40.05,0.367,-0.43,0.637,0.054,0.351,-0.59,0.643,0.006,0.35,-0.95,0.875,0,0.381,,,,0.507,,,,0.359,-0.51,0.643,0.036,0.391,,,
54808,20230320,-88.37,40.05,0.37,-0.36,0.494,0.054,0.354,-0.53,0.583,0.006,0.352,-0.89,0.875,0,0.381,,,,0.507,,,,0.362,-0.43,0.506,0.036,0.393,,,
54808,20230321,-88.37,40.05,0.371,-0.33,0.464,0.054,0.356,-0.5,0.583,0.006,0.353,-0.85,0.875,0,0.381,,,,0.507,,,,0.363,-0.4,0.476,0.036,0.393,,,
54808,20230322,-88.37,40.05,0.372,-0.29,0.452,0.054,0.357,-0.48,0.583,0.006,0.354,-0.81,0.875,0,0.382,,,,0.507,,,,0.364,-0.37,0.476,0.036,0.394,,,
54808,20230323,-88.37,40.05,0.378,-0.16,0.321,0.095,0.361,-0.39,0.524,0.048,0.356,-0.73,0.839,0,0.383,,,,0.507,,,,0.37,-0.25,0.369,0.077,0.397,,,
54808,20230324,-88.37,40.05,0.382,-0.09,0.256,0.101,0.366,-0.3,0.452,0.083,0.359,-0.61,0.726,0,0.387,,,,0.507,,,,0.374,-0.17,0.298,0.095,0.4,,,
54808,20230325,-88.37,40.05,0.384,-0.04,0.256,0.161,0.368,-0.25,0.452,0.143,0.36,-0.58,0.702,0.012,0.39,,,,0.507,,,,0.376,-0.12,0.298,0.161,0.402,,,
54808,20230326,-88.37,40.05,0.386,-0.01,0.256,0.208,0.372,-0.18,0.452,0.179,0.362,-0.51,0.56,0.012,0.396,,,,0.508,,,,0.379,-0.06,0.298,0.208,0.405,,,
54808,20230327,-88.37,40.05,0.387,0.02,0.256,0.208,0.373,-0.15,0.369,0.179,0.364,-0.46,0.512,0.012,0.399,,,,0.508,,,,0.38,-0.04,0.292,0.208,0.406,,,
54808,20230328,-88.37,40.05,0.389,0.07,0.143,0.208,0.375,-0.1,0.244,0.179,0.365,-0.4,0.512,0.012,0.401,,,,0.509,,,,0.382,0.01,0.179,0.208,0.408,,,
54808,20230329,-88.37,40.05,0.389,0.1,0.012,0.208,0.376,-0.07,0.238,0.179,0.366,-0.36,0.512,0.012,0.403,,,,0.509,,,,0.383,0.04,0.089,0.208,0.409,,,
54808,20230330,-88.37,40.05,0.384,0.03,0.137,0.167,0.373,-0.12,0.298,0.137,0.366,-0.36,0.548,0.012,0.403,,,,0.51,,,,0.379,-0.03,0.196,0.167,0.407,,,
54808,20230331,-88.37,40.05,0.375,-0.09,0.28,0.113,0.366,-0.25,0.44,0.095,0.362,-0.43,0.69,0.012,0.401,,,,0.511,,,,0.37,-0.16,0.339,0.113,0.403,,,
54808,20230401,-88.37,40.05,0.367,-0.2,0.363,0.048,0.359,-0.37,0.583,0.036,0.359,-0.5,0.81,0,0.398,,,,0.511,,,,0.363,-0.28,0.429,0.048,0.399,,,
54808,20230402,-88.37,40.05,0.362,-0.27,0.363,0,0.352,-0.48,0.726,0,0.356,-0.58,0.952,0,0.392,,,,0.511,,,,0.357,-0.38,0.482,0,0.395,,,
54808,20230403,-88.37,40.05,0.357,-0.31,0.363,0,0.347,-0.55,0.869,0,0.353,-0.63,1,0,0.39,,,,0.512,,,,0.352,-0.44,0.625,0,0.392,,,
54808,20230404,-88.37,40.05,0.353,-0.34,0.363,0,0.343,-0.59,0.994,0,0.351,-0.66,1,0,0.388,,,,0.512,,,,0.348,-0.47,0.768,0,0.389,,,
54808,20230405,-88.37,40.05,0.349,-0.36,0.464,0,0.34,-0.61,1,0,0.349,-0.68,1,0,0.387,,,,0.513,,,,0.345,-0.5,0.857,0,0.388,,,
54808,20230406,-88.37,40.05,0.354,-0.27,0.333,0.03,0.343,-0.55,0.881,0,0.348,-0.68,1,0,0.387,,,,0.513,,,,0.348,-0.42,0.732,0,0.389,,,
54808,20230407,-88.37,40.05,0.358,-0.19,0.19,0.03,0.344,-0.48,0.738,0,0.346,-0.68,1,0,0.386,,,,0.514,,,,0.351,-0.33,0.589,0,0.39,,,
54808,20230408,-88.37,40.05,0.359,-0.15,0.107,0.03,0.345,-0.43,0.595,0,0.344,-0.69,0.994,0,0.386,,,,0.515,,,,0.352,-0.29,0.5,0,0.39,,,
54808,20230409,-88.37,40.05,0.355,-0.17,0.107,0.03,0.345,-0.39,0.452,0,0.342,-0.7,0.994,0,0.385,,,,0.516,,,,0.35,-0.28,0.446,0,0.389,,,
54808,20230410,-88.37,40.05,0.349,-0.2,0.179,0.03,0.343,-0.37,0.405,0,0.34,-0.7,0.994,0,0.385,,,,0.517,,,,0.346,-0.28,0.393,0,0.387,,,
54808,20230411,-88.37,40.05,0.342,-0.23,0.321,0.03,0.339,-0.36,0.405,0,0.338,-0.69,0.994,0,0.384,,,,0.517,,,,0.34,-0.29,0.393,0,0.384,,,
54808,20230412,-88.37,40.05,0.333,-0.27,0.363,0.03,0.334,-0.37,0.405,0,0.335,-0.7,0.994,0,0.384,,,,0.516,,,,0.334,-0.32,0.393,0,0.38,,,
54808,20230413,-88.37,40.05,0.313,-0.43,0.5,0,0.323,-0.46,0.524,0,0.331,-0.72,0.994,0,0.383,,,,0.516,,,,0.318,-0.45,0.518,0,0.373,,,
54808,20230414,-88.37,40.05,0.292,-0.58,0.643,0,0.31,-0.56,0.667,0,0.326,-0.73,0.994,0,0.382,,,,0.515,,,,0.301,-0.58,0.661,0,0.365,,,
54808,20230415,-88.37,40.05,0.272,-0.72,0.786,0,0.297,-0.67,0.81,0,0.32,-0.76,1,0,0.381,,,,0.514,,,,0.284,-0.71,0.804,0,0.357,,,
54808,20230416,-88.37,40.05,0.259,-0.8,0.881,0,0.287,-0.73,0.905,0,0.314,-0.79,1,0,0.38,,,,0.513,,,,0.273,-0.79,0.899,0,0.35,,,
54808,20230417,-88.37,40.05,0.26,-0.77,0.81,0,0.285,-0.72,0.81,0,0.307,-0.83,1,0,0.379,,,,0.513,,,,0.273,-0.77,0.81,0,0.349,,,
54808,20230418,-88.37,40.05,0.263,-0.72,0.667,0,0.283,-0.72,0.786,0,0.3,-0.87,1,0,0.378,,,,0.513,,,,0.273,-0.74,0.667,0,0.348,,,
54808,20230419,-88.37,40.05,0.268,-0.67,0.524,0,0.283,-0.7,0.756,0,0.295,-0.89,1,0,0.377,,,,0.513,,,,0.275,-0.7,0.607,0,0.347,,,
54808,20230420,-88.37,40.05,0.27,-0.62,0.518,0,0.282,-0.69,0.756,0,0.29,-0.92,1,0,0.375,,,,0.513,,,,0.276,-0.67,0.607,0,0.346,,,
54808,20230421,-88.37,40.05,0.273,-0.57,0.518,0,0.281,-0.67,0.756,0,0.285,-0.93,1,0,0.374,,,,0.513,,,,0.277,-0.63,0.607,0,0.345,,,
54808,20230422,-88.37,40.05,0.276,-0.52,0.518,0,0.282,-0.63,0.756,0,0.282,-0.94,1,0,0.372,,,,0.513,,,,0.279,-0.58,0.607,0,0.345,,,
54808,20230423,-88.37,40.05,0.276,-0.5,0.548,0,0.28,-0.63,0.804,0,0.279,-0.93,1,0,0.371,,,,0.513,,,,0.278,-0.56,0.655,0,0.344,,,
54808,20230424,-88.37,40.05,0.263,-0.57,0.69,0,0.269,-0.7,0.946,0,0.277,-0.93,1,0,0.369,,,,0.513,,,,0.266,-0.63,0.798,0,0.338,,,
54808,20230425,-88.37,40.05,0.25,-0.63,0.833,0,0.26,-0.76,0.97,0,0.274,-0.92,1,0,0.367,,,,0.513,,,,0.255,-0.7,0.94,0,0.333,,,
54808,20230426,-88.37,40.05,0.238,-0.7,0.976,0,0.25,-0.82,1,0,0.27,-0.93,1,0,0.365,,,,0.512,,,,0.244,-0.76,1,0,0.327,,,
54808,20230427,-88.37,40.05,0.231,-0.73,0.982,0,0.241,-0.87,1,0,0.267,-0.93,1,0,0.364,,,,0.512,,,,0.236,-0.8,1,0,0.323,,,
54808,20230428,-88.37,40.05,0.224,-0.75,0.982,0,0.233,-0.91,1,0,0.264,-0.93,1,0,0.362,,,,0.512,,,,0.229,-0.84,1,0,0.319,,,
54808,20230429,-88.37,40.05,0.217,-0.79,0.982,0,0.225,-0.96,1,0,0.259,-0.94,1,0,0.36,,,,0.512,,,,0.221,-0.88,1,0,0.314,,,
54808,20230430,-88.37,40.05,0.21,-0.83,1,0,0.216,-1.02,1,0,0.254,-0.96,1,0,0.356,,,,0.511,,,,0.213,-0.93,1,0,0.31,,,
54808,20230501,-88.37,40.05,0.205,-0.85,1,0,0.209,-1.08,1,0,0.249,-0.98,1,0,0.353,,,,0.511,,,,0.207,-0.97,1,0,0.305,,,
54808,20230502,-88.37,40.05,0.201,-0.87,1,0,0.202,-1.13,1,0,0.245,-1,1,0,0.351,,,,0.51,,,,0.201,-1,1,0,0.302,,,
54808,20230503,-88.37,40.05,0.197,-0.88,1,0,0.196,-1.17,1,0,0.241,-1.02,1,0,0.348,,,,0.51,,,,0.196,-1.02,1,0,0.298,,,
54808,20230504,-88.37,40.05,0.194,-0.9,1,0,0.191,-1.2,1,0,0.237,-1.04,1,0,0.344,,,,0.509,,,,0.192,-1.04,1,0,0.295,,,
54808,20230505,-88.37,40.05,0.191,-0.91,1,0,0.188,-1.21,1,0,0.233,-1.06,1,0,0.339,,,,0.508,,,,0.19,-1.05,1,0,0.292,,,
54808,20230506,-88.37,40.05,0.188,-0.92,1,0,0.186,-1.23,1,0,0.23,-1.07,1,0,0.334,,,,0.506,,,,0.187,-1.06,1,0,0.289,,,
54808,20230507,-88.37,40.05,0.188,-0.91,0.982,0,0.186,-1.21,0.982,0,0.227,-1.09,1,0,0.329,,,,0.505,,,,0.187,-1.05,0.982,0,0.287,,,
54808,20230508,-88.37,40.05,0.203,-0.82,0.839,0,0.203,-1.06,0.839,0,0.229,-1.06,1,0,0.329,,,,0.504,,,,0.203,-0.93,0.839,0,0.294,,,
54808,20230509,-88.37,40.05,0.228,-0.66,0.696,0,0.223,-0.9,0.696,0,0.236,-0.99,0.976,0,0.33,,,,0.503,,,,0.226,-0.77,0.696,0,0.304,,,
54808,20230510,-88.37,40.05,0.25,-0.54,0.554,0,0.24,-0.76,0.554,0,0.244,-0.91,0.976,0,0.333,,,,0.502,,,,0.245,-0.63,0.554,0,0.314,,,
54808,20230511,-88.37,40.05,0.268,-0.43,0.411,0,0.256,-0.64,0.435,0,0.251,-0.84,0.976,0,0.336,,,,0.501,,,,0.262,-0.52,0.411,0,0.323,,,
54808,20230512,-88.37,40.05,0.283,-0.35,0.304,0,0.27,-0.53,0.435,0,0.259,-0.77,0.976,0,0.34,,,,0.501,,,,0.276,-0.42,0.393,0,0.331,,,
54808,20230513,-88.37,40.05,0.297,-0.26,0.304,0,0.284,-0.43,0.435,0,0.266,-0.69,0.976,0,0.346,,,,0.502,,,,0.29,-0.33,0.393,0,0.339,,,
54808,20230514,-88.37,40.05,0.308,-0.2,0.321,0,0.295,-0.35,0.452,0,0.274,-0.62,0.976,0,0.352,,,,0.503,,,,0.301,-0.26,0.411,0,0.346,,,
54808,20230515,-88.37,40.05,0.302,-0.24,0.464,0,0.289,-0.4,0.595,0,0.277,-0.59,0.976,0,0.353,,,,0.503,,,,0.295,-0.3,0.554,0,0.345,,,
54808,20230516,-88.37,40.05,0.282,-0.35,0.607,0,0.279,-0.49,0.738,0,0.274,-0.61,1,0,0.353,,,,0.504,,,,0.28,-0.41,0.696,0,0.338,,,
54808,20230517,-88.37,40.05,0.266,-0.45,0.75,0,0.27,-0.56,0.881,0,0.271,-0.63,1,0,0.352,,,,0.504,,,,0.268,-0.49,0.839,0,0.333,,,
54808,20230518,-88.37,40.05,0.253,-0.53,0.893,0,0.262,-0.62,1,0,0.268,-0.65,1,0,0.351,,,,0.505,,,,0.257,-0.56,0.982,0,0.328,,,
54808,20230519,-88.37,40.05,0.242,-0.58,1,0,0.254,-0.69,1,0,0.265,-0.67,1,0,0.349,,,,0.505,,,,0.248,-0.62,1,0,0.323,,,
54808,20230520,-88.37,40.05,0.231,-0.64,1,0,0.245,-0.75,1,0,0.261,-0.7,1,0,0.346,,,,0.506,,,,0.238,-0.68,1,0,0.318,,,
54808,20230521,-88.37,40.05,0.22,-0.7,1,0,0.234,-0.83,1,0,0.257,-0.73,1,0,0.343,,,,0.506,,,,0.227,-0.75,1,0,0.312,,,
54808,20230522,-88.37,40.05,0.209,-0.76,1,0,0.224,-0.9,1,0,0.252,-0.77,1,0,0.338,,,,0.506,,,,0.217,-0.81,1,0,0.306,,,
54808,20230523,-88.37,40.05,0.2,-0.81,1,0,0.215,-0.97,1,0,0.246,-0.82,1,0,0.332,,,,0.506,,,,0.207,-0.87,1,0,0.3,,,
54808,20230524,-88.37,40.05,0.191,-0.85,1,0,0.206,-1.03,1,0,0.241,-0.87,1,0,0.325,,,,0.506,,,,0.199,-0.92,1,0,0.294,,,
54808,20230525,-88.37,40.05,0.184,-0.89,1,0,0.197,-1.09,1,0,0.235,-0.92,1,0,0.317,-1.62,1,0,0.506,,,,0.191,-0.97,1,0,0.288,,,
54808,20230526,-88.37,40.05,0.178,-0.91,1,0,0.19,-1.13,1,0,0.229,-0.97,1,0,0.309,-1.67,1,0,0.506,,,,0.184,-1,1,0,0.282,,,
54808,20230527,-88.37,40.05,0.173,-0.93,1,0,0.184,-1.15,1,0,0.223,-1.02,1,0,0.3,-1.72,1,0,0.506,,,,0.178,-1.02,1,0,0.277,,,
54808,20230528,-88.37,40.05,0.168,-0.93,1,0,0.179,-1.16,1,0,0.218,-1.07,1,0,0.29,-1.75,1,0,0.506,,,,0.174,-1.03,1,0,0.272,,,
54808,20230529,-88.37,40.05,0.165,-0.93,1,0,0.176,-1.16,1,0,0.213,-1.1,1,0,0.281,-1.78,1,0,0.506,,,,0.17,-1.03,1,0,0.268,,,
54808,20230530,-88.37,40.05,0.162,-0.92,1,0,0.172,-1.15,1,0,0.209,-1.12,1,0,0.272,-1.79,1,0,0.505,,,,0.167,-1.03,1,0,0.264,,,
54808,20230531,-88.37,40.05,0.159,-0.9,1,0,0.17,-1.13,1,0,0.205,-1.14,1,0,0.261,-1.84,1,0,0.505,,,,0.165,-1.01,1,0,0.26,,,
54808,20230601,-88.37,40.05,0.157,-0.88,1,0,0.167,-1.11,1,0,0.202,-1.14,1,0,0.249,-1.93,1,0,0.505,,,,0.162,-1,1,0,0.256,,,
54808,20230602,-88.37,40.05,0.156,-0.86,1,0,0.172,-1.03,0.994,0,0.2,-1.13,1,0,0.238,-1.99,1,0,0.505,,,,0.164,-0.95,1,0,0.254,,,
54808,20230603,-88.37,40.05,0.156,-0.84,1,0,0.178,-0.95,0.994,0,0.199,-1.11,1,0,0.228,-2.03,1,0,0.505,,,,0.167,-0.91,1,0,0.253,,,
54808,20230604,-88.37,40.05,0.156,-0.82,1,0,0.181,-0.9,0.994,0,0.198,-1.08,1,0,0.219,-2.06,1,0,0.505,,,,0.168,-0.88,1,0,0.252,,,
54808,20230605,-88.37,40.05,0.156,-0.81,1,0,0.182,-0.86,0.994,0,0.198,-1.05,1,0,0.212,-2.07,1,0,0.505,,,,0.169,-0.86,1,0,0.25,,,
54808,20230606,-88.37,40.05,0.155,-0.81,1,0,0.181,-0.84,0.994,0,0.197,-1.03,1,0,0.204,-2.07,1,0,0.504,,,,0.168,-0.85,1,0,0.248,,,
54808,20230607,-88.37,40.05,0.154,-0.8,1,0,0.181,-0.82,0.994,0,0.197,-1,1,0,0.2,-2.02,1,0,0.503,,,,0.168,-0.84,1,0,0.247,,,
54808,20230608,-88.37,40.05,0.155,-0.79,1,0,0.185,-0.78,0.994,0,0.196,-0.97,1,0,0.199,-1.94,1,0,0.503,,,,0.17,-0.81,1,0,0.247,,,
54808,20230609,-88.37,40.05,0.154,-0.78,1,0,0.18,-0.8,1,0,0.196,-0.94,1,0,0.198,-1.86,1,0,0.502,,,,0.167,-0.82,1,0,0.246,,,
54808,20230610,-88.37,40.05,0.153,-0.78,1,0,0.173,-0.83,1,0,0.196,-0.92,1,0,0.197,-1.78,1,0,0.5,,,,0.163,-0.83,1,0,0.244,,,
54808,20230611,-88.37,40.05,0.151,-0.78,1,0,0.169,-0.85,1,0,0.195,-0.9,1,0,0.195,-1.72,1,0,0.499,,,,0.16,-0.83,1,0,0.242,,,
54808,20230612,-88.37,40.05,0.15,-0.78,1,0,0.167,-0.85,1,0,0.194,-0.89,1,0,0.194,-1.67,1,0,0.498,,,,0.158,-0.83,1,0,0.241,,,
54808,20230613,-88.37,40.05,0.149,-0.78,1,0,0.166,-0.84,1,0,0.193,-0.87,1,0,0.193,-1.63,1,0,0.496,,,,0.158,-0.82,1,0,0.24,,,
54808,20230614,-88.37,40.05,0.149,-0.78,1,0,0.165,-0.84,1,0,0.193,-0.86,1,0,0.193,-1.6,1,0,0.496,,,,0.157,-0.82,1,0,0.239,,,
54808,20230615,-88.37,40.05,0.148,-0.79,1,0,0.161,-0.86,1,0,0.192,-0.86,1,0,0.192,-1.58,1,0,0.494,,,,0.154,-0.83,1,0,0.237,,,
54808,20230616,-88.37,40.05,0.147,-0.79,1,0,0.159,-0.86,1,0,0.192,-0.86,1,0,0.191,-1.57,1,0,0.493,,,,0.153,-0.84,1,0,0.236,,,
54808,20230617,-88.37,40.05,0.146,-0.8,1,0,0.158,-0.87,1,0,0.192,-0.86,1,0,0.19,-1.56,1,0,0.491,,,,0.152,-0.85,1,0,0.235,,,
54808,20230618,-88.37,40.05,0.145,-0.8,1,0,0.157,-0.87,1,0,0.191,-0.86,1,0,0.189,-1.55,1,0,0.49,,,,0.151,-0.85,1,0,0.235,,,
54808,20230619,-88.37,40.05,0.145,-0.8,1,0,0.157,-0.87,1,0,0.191,-0.86,1,0,0.188,-1.54,1,0,0.488,,,,0.151,-0.85,1,0,0.234,,,
54808,20230620,-88.37,40.05,0.144,-0.79,1,0,0.157,-0.87,1,0,0.19,-0.87,1,0,0.187,-1.53,1,0,0.486,,,,0.15,-0.85,1,0,0.233,,,
54808,20230621,-88.37,40.05,0.143,-0.79,1,0,0.156,-0.87,1,0,0.19,-0.87,1,0,0.186,-1.51,1,0,0.484,,,,0.15,-0.86,1,0,0.232,,,
54808,20230622,-88.37,40.05,0.142,-0.8,1,0,0.155,-0.87,1,0,0.19,-0.87,1,0,0.185,-1.48,1,0,0.481,,,,0.149,-0.86,1,0,0.231,,,
54808,20230623,-88.37,40.05,0.141,-0.8,1,0,0.155,-0.87,1,0,0.189,-0.87,1,0,0.185,-1.46,1,0,0.477,,,,0.148,-0.86,1,0,0.229,,,
54808,20230624,-88.37,40.05,0.14,-0.79,1,0,0.154,-0.87,1,0,0.188,-0.87,1,0,0.184,-1.43,1,0,0.474,,,,0.147,-0.86,1,0,0.228,,,
54808,20230625,-88.37,40.05,0.139,-0.79,1,0,0.153,-0.87,1,0,0.188,-0.87,1,0,0.183,-1.4,1,0,0.469,,,,0.146,-0.86,1,0,0.227,,,
54808,20230626,-88.37,40.05,0.139,-0.8,1,0,0.153,-0.87,1,0,0.187,-0.87,1,0,0.183,-1.38,1,0,0.464,,,,0.146,-0.86,1,0,0.225,,,
54808,20230627,-88.37,40.05,0.138,-0.8,1,0,0.152,-0.87,1,0,0.187,-0.88,1,0,0.183,-1.36,1,0,0.46,,,,0.145,-0.86,1,0,0.224,,,
54808,20230628,-88.37,40.05,0.137,-0.8,1,0,0.152,-0.87,1,0,0.186,-0.88,1,0,0.182,-1.35,1,0,0.455,,,,0.145,-0.87,1,0,0.223,,,
54808,20230629,-88.37,40.05,0.137,-0.79,1,0,0.151,-0.88,1,0,0.185,-0.89,1,0,0.182,-1.34,1,0,0.452,,,,0.144,-0.87,1,0,0.222,,,
54808,20230630,-88.37,40.05,0.137,-0.79,1,0,0.16,-0.83,0.982,0,0.186,-0.89,1,0,0.187,-1.3,1,0,0.452,,,,0.148,-0.84,1,0,0.225,,,
54808,20230701,-88.37,40.05,0.139,-0.78,1,0,0.17,-0.77,0.976,0,0.188,-0.88,1,0,0.192,-1.27,1,0,0.453,,,,0.154,-0.8,1,0,0.228,,,
54808,20230702,-88.37,40.05,0.151,-0.7,0.911,0,0.186,-0.67,0.833,0,0.192,-0.86,1,0,0.197,-1.23,1,0,0.454,,,,0.168,-0.71,0.863,0,0.236,,,
54808,20230703,-88.37,40.05,0.165,-0.62,0.768,0,0.202,-0.57,0.69,0,0.197,-0.83,1,0,0.201,-1.2,1,0,0.456,,,,0.184,-0.61,0.72,0,0.244,,,
54808,20230704,-88.37,40.05,0.18,-0.53,0.625,0,0.217,-0.48,0.548,0,0.202,-0.8,1,0,0.206,-1.17,1,0,0.458,,,,0.198,-0.52,0.577,0,0.252,,,
54808,20230705,-88.37,40.05,0.193,-0.45,0.482,0,0.229,-0.4,0.494,0,0.207,-0.78,1,0,0.21,-1.13,1,0,0.459,,,,0.211,-0.44,0.435,0,0.26,,,
54808,20230706,-88.37,40.05,0.208,-0.37,0.339,0,0.244,-0.31,0.429,0,0.213,-0.74,1,0,0.214,-1.1,1,0,0.461,,,,0.226,-0.35,0.339,0,0.268,,,
54808,20230707,-88.37,40.05,0.222,-0.28,0.196,0,0.251,-0.27,0.304,0,0.217,-0.72,1,0,0.214,-1.1,1,0,0.459,,,,0.237,-0.28,0.196,0,0.273,,,
54808,20230708,-88.37,40.05,0.236,-0.21,0.054,0,0.257,-0.23,0.202,0,0.221,-0.69,0.982,0,0.215,-1.1,0.988,0,0.458,,,,0.247,-0.22,0.054,0,0.278,,,
54808,20230709,-88.37,40.05,0.25,-0.13,0,0,0.262,-0.2,0.202,0,0.233,-0.6,0.839,0,0.227,-1.02,0.899,0,0.464,,,,0.256,-0.16,0.048,0,0.287,,,
54808,20230710,-88.37,40.05,0.258,-0.08,0,0,0.264,-0.19,0.202,0,0.243,-0.52,0.696,0,0.237,-0.94,0.833,0,0.469,,,,0.261,-0.13,0.048,0,0.294,,,
54808,20230711,-88.37,40.05,0.264,-0.04,0,0,0.267,-0.17,0.202,0,0.252,-0.46,0.554,0,0.248,-0.87,0.798,0,0.473,,,,0.265,-0.1,0.048,0,0.301,,,
54808,20230712,-88.37,40.05,0.268,-0.01,0,0,0.269,-0.15,0.113,0,0.261,-0.39,0.44,0,0.257,-0.81,0.78,0,0.478,,,,0.269,-0.07,0.048,0,0.307,,,
54808,20230713,-88.37,40.05,0.269,0,0,0,0.269,-0.15,0.036,0,0.269,-0.33,0.357,0,0.267,-0.75,0.75,0,0.483,,,,0.269,-0.07,0,0,0.311,,,
54808,20230714,-88.37,40.05,0.266,0,0,0,0.265,-0.17,0.149,0,0.276,-0.28,0.345,0,0.274,-0.7,0.75,0,0.487,,,,0.265,-0.08,0,0,0.314,,,
54808,20230715,-88.37,40.05,0.261,-0.01,0,0,0.259,-0.2,0.256,0,0.282,-0.23,0.363,0,0.281,-0.65,0.762,0,0.491,,,,0.26,-0.1,0.089,0,0.315,,,
54808,20230716,-88.37,40.05,0.244,-0.1,0.006,0,0.248,-0.27,0.399,0,0.277,-0.27,0.506,0,0.276,-0.69,0.851,0,0.487,,,,0.246,-0.18,0.232,0,0.307,,,
54808,20230717,-88.37,40.05,0.229,-0.18,0.143,0,0.237,-0.34,0.542,0,0.273,-0.3,0.649,0,0.272,-0.72,0.917,0,0.485,,,,0.233,-0.26,0.375,0,0.299,,,
54808,20230718,-88.37,40.05,0.216,-0.25,0.286,0,0.227,-0.4,0.685,0,0.268,-0.34,0.792,0,0.267,-0.76,0.952,0,0.483,,,,0.221,-0.33,0.518,0,0.292,,,
54808,20230719,-88.37,40.05,0.204,-0.31,0.429,0,0.218,-0.45,0.827,0,0.263,-0.37,0.905,0,0.261,-0.81,0.97,0,0.481,,,,0.211,-0.39,0.661,0,0.285,,,
54808,20230720,-88.37,40.05,0.195,-0.36,0.571,0,0.21,-0.5,0.97,0,0.258,-0.41,0.988,0,0.255,-0.86,1,0,0.478,,,,0.202,-0.45,0.804,0,0.279,,,
54808,20230721,-88.37,40.05,0.188,-0.41,0.714,0,0.202,-0.55,1,0,0.253,-0.44,1,0,0.25,-0.9,1,0,0.476,,,,0.195,-0.49,0.946,0,0.274,,,
54808,20230722,-88.37,40.05,0.181,-0.44,0.857,0,0.195,-0.6,1,0,0.247,-0.49,1,0,0.243,-0.96,1,0,0.474,,,,0.188,-0.53,1,0,0.268,,,
54808,20230723,-88.37,40.05,0.175,-0.47,0.994,0,0.189,-0.63,1,0,0.24,-0.54,1,0,0.237,-1.02,1,0,0.472,,,,0.182,-0.57,1,0,0.263,,,
54808,20230724,-88.37,40.05,0.17,-0.5,1,0,0.184,-0.66,1,0,0.234,-0.59,1,0,0.23,-1.08,1,0,0.47,,,,0.177,-0.6,1,0,0.258,,,
54808,20230725,-88.37,40.05,0.166,-0.52,1,0,0.18,-0.69,1,0,0.228,-0.63,1,0,0.225,-1.13,1,0,0.468,,,,0.173,-0.62,1,0,0.253,,,
54808,20230726,-88.37,40.05,0.162,-0.53,1,0,0.176,-0.71,1,0,0.223,-0.67,1,0,0.22,-1.17,1,0,0.465,,,,0.169,-0.65,1,0,0.249,,,
54808,20230727,-88.37,40.05,0.159,-0.55,1,0,0.173,-0.73,1,0,0.218,-0.71,1,0,0.216,-1.2,1,0,0.464,,,,0.166,-0.67,1,0,0.246,,,
54808,20230728,-88.37,40.05,0.156,-0.56,1,0,0.17,-0.74,1,0,0.213,-0.75,1,0,0.212,-1.22,1,0,0.462,,,,0.163,-0.69,1,0,0.243,,,
54808,20230729,-88.37,40.05,0.154,-0.56,1,0,0.168,-0.74,1,0,0.209,-0.77,1,0,0.209,-1.24,1,0,0.459,,,,0.161,-0.7,1,0,0.24,,,
54808,20230730,-88.37,40.05,0.152,-0.57,1,0,0.167,-0.73,1,0,0.206,-0.78,1,0,0.206,-1.24,1,0,0.457,,,,0.16,-0.7,1,0,0.238,,,
54808,20230731,-88.37,40.05,0.151,-0.57,1,0,0.166,-0.73,1,0,0.204,-0.79,1,0,0.203,-1.24,1,0,0.455,,,,0.158,-0.71,1,0,0.236,,,
54808,20230801,-88.37,40.05,0.15,-0.57,1,0,0.165,-0.72,1,0,0.202,-0.79,1,0,0.201,-1.23,1,0,0.453,,,,0.157,-0.71,1,0,0.234,,,
54808,20230802,-88.37,40.05,0.148,-0.57,1,0,0.164,-0.72,1,0,0.2,-0.79,1,0,0.199,-1.22,1,0,0.451,,,,0.156,-0.71,1,0,0.233,,,
54808,20230803,-88.37,40.05,0.147,-0.58,1,0,0.163,-0.72,1,0,0.199,-0.79,1,0,0.198,-1.21,1,0,0.448,,,,0.155,-0.71,1,0,0.231,,,
54808,20230804,-88.37,40.05,0.146,-0.58,1,0,0.162,-0.72,1,0,0.197,-0.79,1,0,0.196,-1.2,1,0,0.446,,,,0.154,-0.72,1,0,0.23,,,
54808,20230805,-88.37,40.05,0.145,-0.58,1,0,0.162,-0.73,1,0,0.196,-0.78,1,0,0.195,-1.19,1,0,0.445,,,,0.153,-0.72,1,0,0.229,,,
54808,20230806,-88.37,40.05,0.146,-0.57,1,0,0.168,-0.67,0.899,0,0.199,-0.75,1,0,0.203,-1.11,1,0,0.451,,,,0.157,-0.69,1,0,0.233,,,
54808,20230807,-88.37,40.05,0.148,-0.55,1,0,0.177,-0.59,0.81,0,0.203,-0.7,1,0,0.212,-1.02,1,0,0.458,,,,0.163,-0.64,0.94,0,0.24,,,
54808,20230808,-88.37,40.05,0.154,-0.49,0.857,0,0.189,-0.49,0.667,0,0.209,-0.64,1,0,0.221,-0.93,1,0,0.465,,,,0.172,-0.55,0.798,0,0.248,,,
54808,20230809,-88.37,40.05,0.161,-0.42,0.714,0,0.2,-0.39,0.524,0,0.215,-0.57,1,0,0.231,-0.84,1,0,0.471,,,,0.181,-0.46,0.655,0,0.256,,,
54808,20230810,-88.37,40.05,0.175,-0.3,0.571,0.065,0.215,-0.25,0.381,0,0.222,-0.49,0.911,0,0.24,-0.76,1,0,0.478,,,,0.195,-0.31,0.512,0.006,0.266,,,
54808,20230811,-88.37,40.05,0.194,-0.12,0.429,0.208,0.231,-0.1,0.238,0,0.23,-0.41,0.768,0,0.25,-0.69,1,0,0.483,,,,0.213,-0.14,0.369,0.012,0.278,,,
54808,20230812,-88.37,40.05,0.212,0.03,0.286,0.333,0.245,0.04,0.095,0,0.238,-0.34,0.625,0,0.259,-0.58,1,0,0.49,,,,0.229,0.03,0.226,0.012,0.289,,,
54808,20230813,-88.37,40.05,0.227,0.17,0.143,0.333,0.251,0.1,0.054,0,0.241,-0.3,0.482,0,0.26,-0.56,1,0,0.487,,,,0.239,0.14,0.083,0.012,0.293,,,
54808,20230814,-88.37,40.05,0.238,0.27,0,0.333,0.253,0.14,0,0,0.243,-0.27,0.357,0,0.259,-0.56,1,0,0.486,,,,0.246,0.22,0,0.012,0.296,,,
54808,20230815,-88.37,40.05,0.244,0.33,0,0.333,0.253,0.15,0,0,0.244,-0.26,0.286,0,0.258,-0.56,1,0,0.484,,,,0.248,0.26,0,0.012,0.296,,,
54808,20230816,-88.37,40.05,0.248,0.38,0,0.333,0.252,0.16,0,0,0.244,-0.26,0.274,0,0.257,-0.56,1,0,0.482,,,,0.25,0.29,0,0.012,0.296,,,
54808,20230817,-88.37,40.05,0.243,0.35,0,0.268,0.247,0.13,0,0,0.243,-0.27,0.363,0,0.255,,,,0.479,,,,0.245,0.26,0,0.006,0.293,,,
54808,20230818,-88.37,40.05,0.232,0.27,0,0.125,0.24,0.07,0,0,0.24,-0.29,0.506,0,0.254,,,,0.477,,,,0.236,0.19,0,0,0.289,,,
54808,20230819,-88.37,40.05,0.221,0.19,0,0,0.232,0.02,0,0,0.237,-0.31,0.649,0,0.252,,,,0.475,,,,0.226,0.12,0,0,0.283,,,
54808,20230820,-88.37,40.05,0.21,0.11,0,0,0.225,-0.03,0.101,0,0.234,-0.33,0.792,0,0.25,,,,0.473,,,,0.217,0.05,0,0,0.278,,,
54808,20230821,-88.37,40.05,0.2,0.03,0,0,0.217,-0.09,0.244,0,0.231,-0.35,0.917,0,0.247,,,,0.471,,,,0.209,-0.02,0.101,0,0.273,,,
54808,20230822,-88.37,40.05,0.191,-0.04,0,0,0.21,-0.15,0.387,0,0.228,-0.38,0.988,0,0.245,,,,0.468,,,,0.2,-0.09,0.244,0,0.268,,,
54808,20230823,-88.37,40.05,0.183,-0.1,0.095,0,0.202,-0.2,0.53,0,0.225,-0.4,1,0,0.242,,,,0.466,,,,0.192,-0.15,0.387,0,0.264,,,
54808,20230824,-88.37,40.05,0.176,-0.16,0.238,0,0.196,-0.26,0.673,0,0.222,-0.42,1,0,0.239,,,,0.464,,,,0.186,-0.2,0.53,0,0.259,,,
54808,20230825,-88.37,40.05,0.17,-0.21,0.381,0,0.19,-0.3,0.815,0,0.219,-0.44,1,0,0.235,,,,0.463,,,,0.18,-0.25,0.673,0,0.255,,,
54808,20230826,-88.37,40.05,0.165,-0.24,0.524,0,0.189,-0.3,0.905,0,0.216,-0.45,1,0,0.232,,,,0.463,,,,0.177,-0.27,0.762,0,0.253,,,
54808,20230827,-88.37,40.05,0.161,-0.27,0.667,0,0.193,-0.27,0.804,0,0.216,-0.46,1,0,0.23,,,,0.466,,,,0.177,-0.26,0.762,0,0.253,,,
54808,20230828,-88.37,40.05,0.158,-0.29,0.81,0,0.196,-0.24,0.661,0,0.215,-0.46,1,0,0.23,,,,0.469,,,,0.177,-0.26,0.744,0,0.254,,,
54808,20230829,-88.37,40.05,0.155,-0.3,0.952,0,0.197,-0.23,0.619,0,0.213,-0.47,1,0,0.229,,,,0.472,,,,0.176,-0.26,0.744,0,0.253,,,
54808,20230830,-88.37,40.05,0.153,-0.31,1,0,0.197,-0.22,0.619,0,0.211,-0.48,1,0,0.229,,,,0.475,,,,0.175,-0.26,0.744,0,0.253,,,
54808,20230831,-88.37,40.05,0.151,-0.32,1,0,0.197,-0.21,0.619,0,0.209,-0.5,1,0,0.229,,,,0.477,,,,0.174,-0.26,0.744,0,0.252,,,
54808,20230901,-88.37,40.05,0.149,-0.32,1,0,0.196,-0.21,0.619,0,0.206,-0.51,1,0,0.229,,,,0.48,,,,0.172,-0.26,0.744,0,0.252,,,
54808,20230902,-88.37,40.05,0.148,-0.33,1,0,0.191,-0.24,0.673,0,0.202,-0.54,1,0,0.229,,,,0.48,,,,0.169,-0.27,0.798,0,0.25,,,
54808,20230903,-88.37,40.05,0.146,-0.33,1,0,0.182,-0.3,0.815,0,0.197,-0.58,1,0,0.228,,,,0.478,,,,0.164,-0.31,0.94,0,0.246,,,
54808,20230904,-88.37,40.05,0.145,-0.33,1,0,0.174,-0.35,0.958,0,0.192,-0.61,1,0,0.225,,,,0.474,,,,0.16,-0.33,1,0,0.242,,,
54808,20230905,-88.37,40.05,0.144,-0.34,1,0,0.17,-0.38,1,0,0.188,-0.64,1,0,0.222,,,,0.471,,,,0.157,-0.35,1,0,0.239,,,
54808,20230906,-88.37,40.05,0.143,-0.34,1,0,0.167,-0.39,0.976,0,0.185,-0.65,1,0,0.219,,,,0.47,,,,0.155,-0.36,0.976,0,0.237,,,
54808,20230907,-88.37,40.05,0.142,-0.34,1,0,0.176,-0.34,0.833,0,0.188,-0.63,1,0,0.219,,,,0.474,,,,0.159,-0.33,0.833,0,0.24,,,
54808,20230908,-88.37,40.05,0.142,-0.35,1,0,0.183,-0.29,0.69,0,0.19,-0.61,1,0,0.22,,,,0.477,,,,0.163,-0.31,0.69,0,0.243,,,
54808,20230909,-88.37,40.05,0.142,-0.35,1,0,0.19,-0.25,0.548,0,0.194,-0.59,1,0,0.221,,,,0.481,,,,0.166,-0.29,0.548,0,0.246,,,
54808,20230910,-88.37,40.05,0.142,-0.36,1,0,0.195,-0.22,0.423,0,0.197,-0.56,1,0,0.224,,,,0.484,,,,0.169,-0.28,0.53,0,0.248,,,
54808,20230911,-88.37,40.05,0.142,-0.36,1,0,0.199,-0.21,0.423,0,0.2,-0.54,1,0,0.226,,,,0.488,,,,0.171,-0.28,0.53,0,0.251,,,
54808,20230912,-88.37,40.05,0.142,-0.37,1,0,0.202,-0.2,0.423,0,0.202,-0.53,1,0,0.23,,,,0.492,,,,0.172,-0.28,0.53,0,0.254,,,
54808,20230913,-88.37,40.05,0.143,-0.38,1,0,0.203,-0.2,0.446,0,0.203,-0.52,1,0,0.233,,,,0.494,,,,0.173,-0.3,0.554,0,0.255,,,
54808,20230914,-88.37,40.05,0.142,-0.4,1,0,0.194,-0.28,0.589,0,0.2,-0.55,1,0,0.234,,,,0.49,,,,0.168,-0.35,0.696,0,0.252,,,
54808,20230915,-88.37,40.05,0.142,-0.43,1,0,0.186,-0.35,0.732,0,0.196,-0.58,1,0,0.233,,,,0.487,,,,0.164,-0.41,0.839,0,0.249,,,
54808,20230916,-88.37,40.05,0.141,-0.45,1,0,0.179,-0.41,0.875,0,0.193,-0.6,1,0,0.232,,,,0.485,,,,0.16,-0.47,0.982,0,0.246,,,
54808,20230917,-88.37,40.05,0.141,-0.48,1,0,0.173,-0.46,1,0,0.19,-0.63,1,0,0.23,,,,0.483,,,,0.157,-0.52,1,0,0.243,,,
54808,20230918,-88.37,40.05,0.14,-0.51,1,0,0.169,-0.51,1,0,0.188,-0.65,1,0,0.229,,,,0.48,,,,0.154,-0.56,1,0,0.241,,,
54808,20230919,-88.37,40.05,0.139,-0.54,1,0,0.166,-0.54,1,0,0.186,-0.67,1,0,0.227,,,,0.477,,,,0.152,-0.59,1,0,0.239,,,
54808,20230920,-88.37,40.05,0.138,-0.57,1,0,0.163,-0.57,1,0,0.185,-0.69,1,0,0.225,,,,0.474,,,,0.15,-0.62,1,0,0.237,,,
54808,20230921,-88.37,40.05,0.137,-0.59,1,0,0.162,-0.58,0.982,0,0.183,-0.71,1,0,0.223,,,,0.472,,,,0.15,-0.63,1,0,0.235,,,
54808,20230922,-88.37,40.05,0.145,-0.53,0.875,0.006,0.177,-0.48,0.839,0,0.185,-0.7,0.988,0,0.223,,,,0.473,,,,0.161,-0.55,0.857,0,0.241,,,
54808,20230923,-88.37,40.05,0.166,-0.37,0.732,0.149,0.194,-0.37,0.696,0,0.193,-0.65,0.845,0,0.24,,,,0.477,,,,0.18,-0.4,0.714,0,0.254,,,
54808,20230924,-88.37,40.05,0.185,-0.22,0.589,0.292,0.208,-0.27,0.554,0,0.2,-0.6,0.78,0,0.256,,,,0.48,,,,0.196,-0.27,0.571,0,0.266,,,
54808,20230925,-88.37,40.05,0.202,-0.08,0.446,0.333,0.222,-0.18,0.411,0,0.206,-0.56,0.78,0,0.272,,,,0.483,,,,0.212,-0.15,0.429,0,0.277,,,
54808,20230926,-88.37,40.05,0.218,0.05,0.304,0.333,0.236,-0.09,0.268,0,0.213,-0.51,0.78,0,0.289,,,,0.487,,,,0.227,-0.04,0.286,0,0.288,,,
54808,20230927,-88.37,40.05,0.233,0.17,0.161,0.333,0.251,0.01,0.125,0,0.221,-0.46,0.72,0,0.306,,,,0.491,,,,0.242,0.07,0.143,0,0.301,,,
54808,20230928,-88.37,40.05,0.251,0.32,0.018,0.399,0.268,0.12,0,0,0.23,-0.4,0.601,0,0.326,,,,0.497,,,,0.26,0.21,0,0.06,0.314,,,
54808,20230929,-88.37,40.05,0.264,0.42,0,0.536,0.27,0.13,0,0,0.235,-0.37,0.512,0,0.344,,,,0.499,,,,0.267,0.26,0,0.185,0.322,,,
54808,20230930,-88.37,40.05,0.263,0.41,0,0.536,0.27,0.12,0,0,0.236,-0.39,0.625,0,0.344,,,,0.497,,,,0.266,0.25,0,0.185,0.322,,,
54808,20231001,-88.37,40.05,0.263,0.4,0,0.536,0.271,0.13,0,0,0.237,-0.4,0.69,0,0.345,,,,0.496,,,,0.267,0.25,0,0.185,0.322,,,
54808,20231002,-88.37,40.05,0.263,0.4,0,0.512,0.272,0.13,0,0,0.237,-0.41,0.69,0,0.346,,,,0.496,,,,0.267,0.25,0,0.185,0.323,,,
54808,20231003,-88.37,40.05,0.262,0.38,0,0.512,0.273,0.13,0,0,0.238,-0.43,0.69,0,0.347,,,,0.496,,,,0.267,0.25,0,0.185,0.323,,,
54808,20231004,-88.37,40.05,0.26,0.36,0,0.512,0.271,0.11,0,0,0.238,-0.45,0.75,0,0.346,,,,0.495,,,,0.265,0.23,0,0.185,0.322,,,
54808,20231005,-88.37,40.05,0.252,0.29,0,0.446,0.265,0.06,0,0,0.237,-0.48,0.869,0,0.344,,,,0.493,,,,0.259,0.17,0,0.125,0.318,,,
54808,20231006,-88.37,40.05,0.258,0.32,0,0.423,0.266,0.07,0,0.036,0.236,-0.5,0.97,0,0.342,,,,0.491,,,,0.262,0.19,0,0.119,0.319,,,
54808,20231007,-88.37,40.05,0.264,0.36,0,0.423,0.267,0.07,0,0.036,0.235,-0.52,1,0,0.341,,,,0.49,,,,0.265,0.22,0,0.262,0.319,,,
54808,20231008,-88.37,40.05,0.269,0.38,0,0.423,0.268,0.07,0,0.036,0.234,-0.54,1,0,0.34,,,,0.489,,,,0.268,0.24,0,0.339,0.32,,,
54808,20231009,-88.37,40.05,0.274,0.4,0,0.548,0.269,0.08,0,0.036,0.233,-0.56,1,0,0.34,,,,0.487,,,,0.271,0.26,0,0.339,0.321,,,
54808,20231010,-88.37,40.05,0.279,0.43,0,0.649,0.27,0.09,0,0.036,0.233,-0.57,1,0,0.339,,,,0.486,,,,0.275,0.28,0,0.339,0.321,,,
54808,20231011,-88.37,40.05,0.285,0.47,0,0.649,0.272,0.1,0,0.036,0.232,-0.59,1,0,0.339,,,,0.484,,,,0.279,0.31,0,0.339,0.322,,,
54808,20231012,-88.37,40.05,0.292,0.51,0,0.649,0.274,0.11,0,0.036,0.231,-0.6,1,0,0.338,,,,0.483,,,,0.283,0.34,0,0.339,0.324,,,
54808,20231013,-88.37,40.05,0.282,0.43,0,0.53,0.269,0.06,0,0,0.23,-0.62,1,0,0.337,,,,0.481,,,,0.276,0.27,0,0.22,0.32,,,
54808,20231014,-88.37,40.05,0.281,0.41,0,0.476,0.271,0.07,0,0.077,0.231,-0.62,0.917,0,0.339,,,,0.482,,,,0.276,0.27,0,0.173,0.321,,,
54808,20231015,-88.37,40.05,0.287,0.44,0,0.476,0.274,0.09,0,0.077,0.234,-0.59,0.774,0,0.342,,,,0.484,,,,0.281,0.3,0,0.238,0.324,,,
54808,20231016,-88.37,40.05,0.293,0.47,0,0.476,0.276,0.1,0,0.077,0.236,-0.58,0.738,0,0.344,,,,0.485,,,,0.285,0.32,0,0.381,0.327,,,
54808,20231017,-88.37,40.05,0.299,0.5,0,0.518,0.279,0.1,0,0.077,0.238,-0.57,0.738,0,0.347,,,,0.487,,,,0.289,0.34,0,0.488,0.33,,,
54808,20231018,-88.37,40.05,0.305,0.52,0,0.661,0.281,0.11,0,0.077,0.24,-0.55,0.738,0,0.349,,,,0.488,,,,0.293,0.35,0,0.488,0.333,,,
54808,20231019,-88.37,40.05,0.31,0.52,0,0.673,0.284,0.12,0,0.077,0.242,-0.54,0.738,0,0.352,,,,0.49,,,,0.297,0.35,0,0.488,0.336,,,
54808,20231020,-88.37,40.05,0.321,0.56,0,0.732,0.287,0.13,0,0.077,0.243,-0.53,0.738,0,0.354,,,,0.491,,,,0.304,0.38,0,0.488,0.339,,,
54808,20231021,-88.37,40.05,0.326,0.55,0,0.786,0.285,0.09,0,0,0.242,-0.55,0.821,0,0.353,,,,0.489,,,,0.306,0.35,0,0.393,0.339,,,
54808,20231022,-88.37,40.05,0.324,0.48,0,0.661,0.282,0.05,0,0,0.24,-0.58,0.964,0,0.351,,,,0.487,,,,0.303,0.28,0,0.25,0.337,,,
54808,20231023,-88.37,40.05,0.321,0.4,0,0.518,0.28,0.01,0,0,0.238,-0.6,1,0,0.349,,,,0.485,,,,0.301,0.22,0,0.107,0.335,,,
54808,20231024,-88.37,40.05,0.318,0.33,0,0.375,0.279,-0.02,0,0,0.237,-0.62,1,0,0.347,,,,0.483,,,,0.298,0.16,0,0,0.333,,,
54808,20231025,-88.37,40.05,0.315,0.27,0,0.232,0.277,-0.05,0,0,0.236,-0.63,1,0,0.345,,,,0.482,,,,0.296,0.11,0,0,0.331,,,
54808,20231026,-88.37,40.05,0.316,0.24,0,0.22,0.277,-0.07,0,0,0.235,-0.65,1,0,0.344,,,,0.48,,,,0.296,0.08,0,0,0.33,,,
54808,20231027,-88.37,40.05,0.317,0.22,0,0.19,0.276,-0.1,0,0,0.234,-0.66,1,0,0.343,,,,0.479,,,,0.297,0.05,0,0,0.33,,,
54808,20231028,-88.37,40.05,0.318,0.19,0,0.089,0.276,-0.14,0,0,0.233,-0.67,1,0,0.342,,,,0.478,,,,0.297,0.02,0,0,0.329,,,
54808,20231029,-88.37,40.05,0.324,0.21,0,0.137,0.281,-0.13,0,0.048,0.237,-0.64,0.952,0,0.344,,,,0.477,,,,0.303,0.04,0,0.06,0.333,,,
54808,20231030,-88.37,40.05,0.335,0.25,0,0.28,0.296,-0.03,0,0.19,0.247,-0.56,0.81,0,0.349,,,,0.478,,,,0.315,0.11,0,0.202,0.341,,,
54808,20231031,-88.37,40.05,0.344,0.29,0,0.411,0.31,0.05,0,0.333,0.257,-0.47,0.667,0,0.355,,,,0.48,,,,0.327,0.17,0,0.345,0.349,,,
54808,20231101,-88.37,40.05,0.352,0.33,0,0.417,0.323,0.12,0,0.435,0.266,-0.39,0.524,0,0.359,,,,0.482,,,,0.337,0.23,0,0.423,0.356,,,
54808,20231102,-88.37,40.05,0.357,0.34,0,0.417,0.334,0.18,0,0.435,0.275,-0.31,0.381,0,0.362,,,,0.484,,,,0.345,0.27,0,0.423,0.362,,,
54808,20231103,-88.37,40.05,0.357,0.33,0,0.387,0.344,0.23,0,0.435,0.284,-0.24,0.238,0,0.364,,,,0.486,,,,0.35,0.29,0,0.423,0.367,,,
54808,20231104,-88.37,40.05,0.353,0.29,0,0.345,0.354,0.28,0,0.435,0.292,-0.17,0.095,0,0.366,,,,0.487,,,,0.353,0.29,0,0.423,0.37,,,
54808,20231105,-88.37,40.05,0.346,0.23,0,0.28,0.357,0.28,0,0.387,0.296,-0.14,0,0,0.366,,,,0.488,,,,0.351,0.27,0,0.363,0.371,,,
54808,20231106,-88.37,40.05,0.335,0.15,0,0.137,0.35,0.19,0,0.244,0.294,-0.17,0,0,0.362,,,,0.488,,,,0.342,0.19,0,0.22,0.366,,,
54808,20231107,-88.37,40.05,0.326,0.08,0,0.006,0.344,0.12,0,0.101,0.292,-0.2,0,0,0.358,,,,0.486,,,,0.335,0.12,0,0.077,0.361,,,
54808,20231108,-88.37,40.05,0.319,0.01,0,0,0.339,0.06,0,0,0.29,-0.24,0,0,0.356,,,,0.484,,,,0.329,0.06,0,0,0.358,,,
54808,20231109,-88.37,40.05,0.311,-0.06,0,0,0.335,0.01,0,0,0.289,-0.28,0.024,0,0.355,,,,0.481,,,,0.323,0,0,0,0.354,,,
54808,20231110,-88.37,40.05,0.303,-0.15,0.024,0,0.33,-0.05,0,0,0.288,-0.32,0.149,0,0.353,,,,0.479,,,,0.317,-0.08,0,0,0.351,,,
54808,20231111,-88.37,40.05,0.295,-0.24,0.167,0,0.325,-0.11,0,0,0.287,-0.37,0.292,0,0.352,,,,0.477,,,,0.31,-0.16,0,0,0.347,,,
54808,20231112,-88.37,40.05,0.287,-0.32,0.31,0,0.321,-0.16,0,0,0.286,-0.43,0.435,0,0.352,,,,0.475,,,,0.304,-0.24,0.125,0,0.344,,,
54808,20231113,-88.37,40.05,0.28,-0.41,0.452,0,0.316,-0.22,0,0,0.285,-0.48,0.577,0,0.351,,,,0.474,,,,0.298,-0.31,0.268,0,0.341,,,
54808,20231114,-88.37,40.05,0.273,-0.49,0.595,0,0.311,-0.28,0,0,0.283,-0.53,0.72,0,0.349,,,,0.472,,,,0.292,-0.39,0.411,0,0.338,,,
54808,20231115,-88.37,40.05,0.265,-0.58,0.738,0,0.305,-0.34,0,0,0.281,-0.57,0.863,0,0.348,,,,0.471,,,,0.285,-0.47,0.554,0,0.334,,,
54808,20231116,-88.37,40.05,0.259,-0.66,0.881,0,0.3,-0.41,0.119,0,0.279,-0.61,0.982,0,0.346,,,,0.471,,,,0.279,-0.55,0.696,0,0.331,,,
54808,20231117,-88.37,40.05,0.254,-0.73,1,0,0.295,-0.46,0.262,0,0.277,-0.65,1,0,0.344,,,,0.47,,,,0.274,-0.61,0.839,0,0.328,,,
54808,20231118,-88.37,40.05,0.249,-0.8,1,0,0.291,-0.51,0.399,0,0.276,-0.67,1,0,0.343,,,,0.469,,,,0.27,-0.67,0.982,0,0.325,,,
54808,20231119,-88.37,40.05,0.244,-0.87,1,0,0.286,-0.57,0.542,0,0.274,-0.7,1,0,0.342,,,,0.468,,,,0.265,-0.74,1,0,0.323,,,
54808,20231120,-88.37,40.05,0.24,-0.94,1,0,0.282,-0.62,0.685,0,0.272,-0.72,1,0,0.341,,,,0.467,,,,0.261,-0.8,1,0,0.32,,,
54808,20231121,-88.37,40.05,0.237,-0.99,1,0,0.278,-0.67,0.827,0,0.271,-0.75,1,0,0.34,,,,0.466,,,,0.258,-0.84,1,0,0.318,,,
54808,20231122,-88.37,40.05,0.239,-0.99,1,0,0.276,-0.7,0.97,0,0.27,-0.77,1,0,0.339,,,,0.465,,,,0.258,-0.86,1,0,0.318,,,
54808,20231123,-88.37,40.05,0.241,-0.99,1,0,0.275,-0.73,0.994,0,0.269,-0.78,1,0,0.338,,,,0.465,,,,0.258,-0.87,1,0,0.318,,,
54808,20231124,-88.37,40.05,0.244,-0.98,1,0,0.273,-0.77,0.994,0,0.269,-0.81,1,0,0.337,,,,0.464,,,,0.258,-0.88,1,0,0.317,,,
54808,20231125,-88.37,40.05,0.246,-0.98,1,0,0.271,-0.8,1,0,0.268,-0.83,1,0,0.336,,,,0.464,,,,0.258,-0.89,1,0,0.317,,,
54808,20231126,-88.37,40.05,0.248,-0.98,1,0,0.27,-0.83,1,0,0.267,-0.85,1,0,0.335,,,,0.463,,,,0.259,-0.9,1,0,0.317,,,
54808,20231127,-88.37,40.05,0.253,-0.95,1,0,0.27,-0.85,1,0,0.267,-0.87,1,0,0.334,,,,0.462,,,,0.261,-0.89,1,0,0.317,,,
54808,20231128,-88.37,40.05,0.257,-0.94,1,0,0.27,-0.88,1,0,0.267,-0.91,1,0,0.333,,,,0.461,,,,0.263,-0.9,1,0,0.317,,,
54808,20231129,-88.37,40.05,0.263,-0.9,0.982,0,0.268,-0.91,1,0,0.266,-0.95,1,0,0.332,,,,0.46,,,,0.266,-0.9,1,0,0.318,,,
54808,20231130,-88.37,40.05,0.268,-0.89,0.982,0,0.267,-0.96,1,0,0.265,-1,1,0,0.331,,,,0.459,,,,0.267,-0.92,1,0,0.318,,,
54808,20231201,-88.37,40.05,0.273,-0.88,0.952,0.012,0.268,-0.98,0.982,0.012,0.265,-1.03,0.994,0,0.329,,,,0.458,,,,0.271,-0.93,0.976,0.012,0.319,,,
54808,20231202,-88.37,40.05,0.293,-0.7,0.81,0.048,0.286,-0.81,0.839,0.101,0.275,-0.94,0.851,0,0.334,,,,0.457,,,,0.29,-0.75,0.833,0.107,0.329,,,
54808,20231203,-88.37,40.05,0.312,-0.53,0.667,0.048,0.302,-0.66,0.696,0.107,0.285,-0.86,0.708,0,0.339,,,,0.457,,,,0.307,-0.59,0.69,0.113,0.339,,,
54808,20231204,-88.37,40.05,0.33,-0.37,0.524,0.065,0.319,-0.49,0.554,0.161,0.295,-0.76,0.565,0,0.345,,,,0.458,,,,0.325,-0.42,0.548,0.161,0.35,,,
54808,20231205,-88.37,40.05,0.346,-0.23,0.381,0.065,0.335,-0.35,0.411,0.161,0.305,-0.68,0.423,0,0.351,,,,0.458,,,,0.34,-0.27,0.405,0.161,0.359,,,
54808,20231206,-88.37,40.05,0.356,-0.15,0.256,0.065,0.35,-0.19,0.268,0.161,0.314,-0.58,0.28,0,0.356,,,,0.459,,,,0.353,-0.15,0.262,0.161,0.367,,,
54808,20231207,-88.37,40.05,0.367,-0.06,0.113,0.065,0.366,-0.03,0.125,0.161,0.324,-0.49,0.149,0,0.361,,,,0.459,,,,0.366,-0.02,0.119,0.161,0.375,,,
54808,20231208,-88.37,40.05,0.379,0.05,0,0.054,0.378,0.09,0,0.149,0.331,-0.41,0.131,0,0.366,,,,0.46,,,,0.378,0.09,0,0.149,0.383,,,
54808,20231209,-88.37,40.05,0.374,-0.03,0,0.018,0.374,0.03,0,0.06,0.329,-0.46,0.274,0,0.365,,,,0.461,,,,0.374,0,0,0.054,0.381,,,
54808,20231210,-88.37,40.05,0.371,-0.08,0,0.018,0.371,-0.02,0,0.054,0.328,-0.5,0.417,0,0.363,,,,0.461,,,,0.371,-0.07,0,0.048,0.379,,,
54808,20231211,-88.37,40.05,0.367,-0.16,0,0,0.366,-0.1,0,0,0.325,-0.56,0.56,0,0.36,,,,0.461,,,,0.366,-0.16,0,0,0.376,,,
54808,20231212,-88.37,40.05,0.363,-0.23,0.006,0,0.363,-0.16,0,0,0.323,-0.62,0.702,0,0.358,,,,0.461,,,,0.363,-0.24,0.06,0,0.374,,,
54808,20231213,-88.37,40.05,0.359,-0.3,0.101,0,0.359,-0.23,0.024,0,0.321,-0.67,0.845,0,0.357,,,,0.461,,,,0.359,-0.33,0.202,0,0.372,,,
54808,20231214,-88.37,40.05,0.356,-0.37,0.244,0,0.356,-0.3,0.161,0,0.319,-0.74,0.976,0,0.356,,,,0.461,,,,0.356,-0.4,0.345,0,0.369,,,
54808,20231215,-88.37,40.05,0.352,-0.44,0.387,0,0.353,-0.36,0.304,0,0.317,-0.8,1,0,0.354,,,,0.461,,,,0.353,-0.48,0.488,0,0.367,,,
54808,20231216,-88.37,40.05,0.35,-0.5,0.53,0,0.35,-0.42,0.446,0,0.315,-0.86,1,0,0.353,,,,0.461,,,,0.35,-0.54,0.631,0,0.366,,,
54808,20231217,-88.37,40.05,0.355,-0.46,0.536,0.012,0.354,-0.38,0.464,0.048,0.317,-0.84,0.905,0,0.355,,,,0.462,,,,0.355,-0.49,0.637,0.03,0.369,,,
54808,20231218,-88.37,40.05,0.36,-0.42,0.536,0.012,0.358,-0.33,0.464,0.048,0.32,-0.81,0.857,0,0.358,,,,0.465,,,,0.359,-0.45,0.637,0.03,0.372,,,
54808,20231219,-88.37,40.05,0.365,-0.39,0.53,0.012,0.361,-0.29,0.464,0.048,0.323,-0.79,0.857,0,0.36,,,,0.467,,,,0.363,-0.41,0.577,0.03,0.375,,,
54808,20231220,-88.37,40.05,0.37,-0.34,0.435,0.012,0.363,-0.27,0.44,0.048,0.325,-0.78,0.857,0,0.362,,,,0.47,,,,0.367,-0.37,0.435,0.03,0.378,,,
54808,20231221,-88.37,40.05,0.375,-0.3,0.292,0.012,0.365,-0.25,0.304,0.048,0.327,-0.77,0.857,0,0.363,,,,0.472,,,,0.37,-0.34,0.292,0.03,0.38,,,
54808,20231222,-88.37,40.05,0.379,-0.27,0.149,0.012,0.367,-0.23,0.161,0.048,0.328,-0.76,0.857,0,0.364,,,,0.475,,,,0.373,-0.31,0.149,0.03,0.383,,,
54808,20231223,-88.37,40.05,0.387,-0.18,0.006,0.024,0.372,-0.17,0.036,0.089,0.331,-0.73,0.821,0,0.366,,,,0.477,,,,0.379,-0.22,0.006,0.054,0.386,,,
54808,20231224,-88.37,40.05,0.386,-0.19,0,0.012,0.372,-0.16,0.018,0.048,0.332,-0.72,0.845,0,0.367,,,,0.479,,,,0.379,-0.23,0,0.024,0.387,,,
54808,20231225,-88.37,40.05,0.387,-0.18,0,0.012,0.373,-0.17,0.018,0.048,0.332,-0.73,0.893,0,0.367,,,,0.479,,,,0.38,-0.23,0,0.024,0.388,,,
54808,20231226,-88.37,40.05,0.391,-0.13,0,0.048,0.376,-0.12,0.018,0.119,0.334,-0.7,0.804,0,0.368,,,,0.48,,,,0.384,-0.17,0,0.071,0.39,,,
54808,20231227,-88.37,40.05,0.394,-0.09,0,0.048,0.38,-0.06,0.018,0.119,0.336,-0.67,0.744,0,0.371,,,,0.481,,,,0.387,-0.12,0,0.071,0.392,,,
54808,20231228,-88.37,40.05,0.397,-0.07,0,0.048,0.383,-0.03,0.018,0.119,0.338,-0.65,0.744,0,0.373,,,,0.482,,,,0.39,-0.09,0,0.071,0.395,,,
54808,20231229,-88.37,40.05,0.402,0,0,0.065,0.387,0.04,0.018,0.143,0.342,-0.59,0.696,0,0.376,,,,0.483,,,,0.395,-0.01,0,0.077,0.398,,,
54808,20231230,-88.37,40.05,0.406,0.04,0,0.083,0.391,0.09,0,0.155,0.345,-0.53,0.607,0,0.38,,,,0.485,,,,0.398,0.03,0,0.077,0.401,,,
54808,20231231,-88.37,40.05,0.406,0.03,0,0.085,0.39,0.07,0,0.149,0.345,-0.55,0.679,0,0.379,,,,0.486,,,,0.398,0.03,0,0.079,0.401,,,
54808,20240101,-88.37,40.05,0.407,0.04,0,0.093,0.389,0.04,0,0.149,0.345,-0.56,0.679,0,0.379,,,,0.486,,,,0.398,0.03,0,0.087,0.401,,,
54808,20240102,-88.37,40.05,0.404,0.02,0,0.06,0.386,-0.03,0,0.077,0.344,-0.61,0.768,0,0.377,,,,0.487,,,,0.395,0,0,0.038,0.399,,,
54808,20240103,-88.37,40.05,0.402,0.01,0,0.073,0.383,-0.09,0.012,0.077,0.342,-0.66,0.827,0,0.374,,,,0.487,,,,0.392,-0.01,0,0.046,0.398,,,
54808,20240104,-88.37,40.05,0.4,0.05,0,0.093,0.381,-0.15,0.119,0.077,0.342,-0.69,0.827,0,0.372,,,,0.486,,,,0.39,0.02,0,0.06,0.396,,,
54808,20240105,-88.37,40.05,0.396,0.03,0,0.081,0.377,-0.23,0.256,0.054,0.34,-0.75,0.875,0,0.37,,,,0.486,,,,0.387,0,0,0.067,0.394,,,
54808,20240106,-88.37,40.05,0.391,-0.07,0,0,0.372,-0.34,0.399,0,0.337,-0.84,1,0,0.366,,,,0.485,,,,0.381,-0.12,0,0,0.39,,,
54808,20240107,-88.37,40.05,0.389,-0.15,0,0,0.37,-0.37,0.44,0,0.335,-0.9,1,0,0.363,,,,0.484,,,,0.379,-0.22,0,0,0.388,,,
54808,20240108,-88.37,40.05,0.39,-0.21,0,0,0.373,-0.34,0.44,0,0.335,-0.9,1,0,0.361,,,,0.483,,,,0.381,-0.26,0,0,0.388,,,
54808,20240109,-88.37,40.05,0.393,,,,0.376,-0.28,0.44,0.036,0.337,-0.87,0.976,0,0.362,,,,0.482,,,,0.385,,,,0.39,,,
54808,20240110,-88.37,40.05,0.399,,,,0.382,-0.17,0.429,0.149,0.341,-0.8,0.911,0,0.366,,,,0.482,,,,0.391,,,,0.394,,,
54808,20240111,-88.37,40.05,0.403,,,,0.386,-0.1,0.321,0.167,0.343,-0.75,0.905,0,0.369,,,,0.482,,,,0.395,,,,0.397,,,
54808,20240112,-88.37,40.05,0.408,,,,0.389,-0.03,0.211,0.19,0.345,-0.71,0.893,0,0.371,,,,0.483,,,,0.399,,,,0.399,,,
54808,20240113,-88.37,40.05,0.416,,,,0.396,0.07,0.057,0.228,0.35,-0.6,0.792,0,0.377,,,,0.485,,,,0.406,,,,0.405,,,
54808,20240114,-88.37,40.05,0.422,,,,0.4,0.16,0,0.283,0.352,-0.55,0.792,0,0.38,,,,0.486,,,,0.411,,,,0.408,,,
54808,20240115,-88.37,40.05,0.425,,,,0.404,0.19,0,0.373,0.352,-0.57,0.792,0,0.382,,,,0.487,,,,0.413,,,,0.41,,,
54808,20240116,-88.37,40.05,,,,,0.405,0.21,0,0.431,0.353,-0.57,0.81,0,0.381,,,,0.488,,,,,,,,,,,
54808,20240117,-88.37,40.05,,,,,,,,,0.352,-0.6,0.862,0,0.377,,,,0.488,,,,,,,,,,,
54808,20240118,-88.37,40.05,,,,,,,,,,,,,0.374,,,,0.488,,,,,,,,,,,
54808,20240119,-88.37,40.05,,,,,,,,,,,,,0.373,,,,0.488,,,,,,,,,,,
54808,20240120,-88.37,40.05,,,,,,,,,,,,,0.367,,,,0.487,,,,,,,,,,,
54808,20240121,-88.37,40.05,,,,,,,,,,,,,0.364,,,,0.487,,,,,,,,,,,
54808,20240122,-88.37,40.05,,,,,,,,,,,,,0.361,,,,0.487,,,,,,,,,,,
54808,20240123,-88.37,40.05,,,,,,,,,,,,,0.36,,,,0.487,,,,,,,,,,,
54808,20240124,-88.37,40.05,,,,,,,,,,,,,0.36,,,,0.488,,,,,,,,,,,
54808,20240125,-88.37,40.05,,,,,,,,,,,,,0.364,,,,0.49,,,,,,,,,,,
54808,20240126,-88.37,40.05,,,,,,,,,,,,,0.376,,,,0.492,,,,,,,,,,,
54808,20240127,-88.37,40.05,,,,,,,,,,,,,0.385,,,,0.494,,,,,,,,,,,
54808,20240128,-88.37,40.05,,,,,,,,,,,,,0.388,,,,0.495,,,,,,,,,,,
54808,20240129,-88.37,40.05,,,,,,,,,,,,,0.395,,,,0.497,,,,,,,,,,,
54808,20240130,-88.37,40.05,,,,,,,,,,,,,0.4,,,,0.5,,,,,,,,,,,
54808,20240131,-88.37,40.05,,,,,,,,,,,,,0.404,,,,0.501,,,,,,,,,,,
54808,20240201,-88.37,40.05,,,,,,,,,,,,,0.403,,,,0.501,,,,,,,,,,,
54808,20240202,-88.37,40.05,0.412,,,,,,,,,,,,0.395,,,,0.501,,,,,,,,,,,
54808,20240203,-88.37,40.05,0.413,,,,0.382,,,,,,,,0.39,,,,0.502,,,,0.397,,,,,,,
54808,20240204,-88.37,40.05,0.409,,,,0.377,,,,,,,,0.389,,,,0.502,,,,0.392,,,,,,,
54808,20240205,-88.37,40.05,0.399,,,,0.368,,,,0.339,-1.49,1,0,0.386,,,,0.502,,,,0.383,,,,0.395,,,
54808,20240206,-88.37,40.05,0.39,,,,0.358,,,,0.338,-1.49,1,0,0.384,,,,0.502,,,,0.374,,,,0.394,,,
54808,20240207,-88.37,40.05,0.385,,,,0.351,,,,0.336,,,,0.382,,,,0.503,,,,0.368,,,,0.391,,,
54808,20240208,-88.37,40.05,0.382,,,,0.347,,,,0.334,,,,0.379,,,,0.503,,,,0.365,,,,0.389,,,
54808,20240209,-88.37,40.05,0.38,,,,0.344,,,,0.332,,,,0.378,,,,0.503,,,,0.362,,,,0.387,,,
54808,20240210,-88.37,40.05,0.378,,,,0.342,,,,0.33,,,,0.377,,,,0.504,,,,0.36,,,,0.386,,,
54808,20240211,-88.37,40.05,0.377,,,,0.34,,,,0.328,,,,0.376,,,,0.504,,,,0.358,,,,0.385,,,
54808,20240212,-88.37,40.05,0.375,,,,0.338,,,,0.326,,,,0.375,,,,0.505,,,,0.356,,,,0.384,,,
54808,20240213,-88.37,40.05,0.373,,,,0.336,,,,0.324,-1.82,1,0,0.374,,,,0.506,,,,0.354,,,,0.383,,,
54808,20240214,-88.37,40.05,0.371,,,,0.334,,,,0.322,-1.86,1,0,0.374,,,,0.507,,,,0.352,,,,0.381,,,
54808,20240215,-88.37,40.05,0.368,,,,0.332,,,,0.321,-1.89,1,0,0.373,,,,0.507,,,,0.35,,,,0.38,,,
54808,20240216,-88.37,40.05,0.364,,,,0.33,,,,0.319,-1.91,1,0,0.373,,,,0.508,,,,0.347,,,,0.379,,,
54808,20240217,-88.37,40.05,0.36,,,,0.327,,,,0.317,-1.93,1,0,0.372,,,,0.508,,,,0.344,,,,0.377,,,
54808,20240218,-88.37,40.05,0.358,,,,0.325,,,,0.316,-1.95,1,0,0.371,,,,0.508,,,,0.342,,,,0.376,,,
54808,20240219,-88.37,40.05,0.359,,,,0.324,,,,0.314,-1.97,1,0,0.37,,,,0.509,,,,0.341,,,,0.375,,,
54808,20240220,-88.37,40.05,0.36,,,,0.326,,,,0.313,-2,1,0,0.37,,,,0.509,,,,0.343,,,,0.376,,,
54808,20240221,-88.37,40.05,0.361,,,,0.329,,,,0.313,-2.03,1,0,0.37,,,,0.509,,,,0.345,,,,0.376,,,
54808,20240222,-88.37,40.05,0.362,,,,0.331,,,,0.312,-2.06,1,0,0.37,,,,0.509,,,,0.346,,,,0.377,,,
54808,20240223,-88.37,40.05,0.369,,,,0.337,,,,0.314,-2.03,1,0,0.371,,,,0.508,,,,0.353,,,,0.38,,,
54808,20240224,-88.37,40.05,0.376,,,,0.343,,,,0.316,-1.97,1,0,0.371,,,,0.508,,,,0.36,,,,0.383,,,
54808,20240225,-88.37,40.05,0.381,,,,0.348,,,,0.319,-1.9,1,0,0.373,,,,0.509,,,,0.364,,,,0.386,,,
54808,20240226,-88.37,40.05,0.382,,,,0.351,,,,0.321,-1.85,1,0,0.374,,,,0.508,,,,0.366,,,,0.387,,,
54808,20240227,-88.37,40.05,0.383,,,,0.351,,,,0.324,-1.79,1,0,0.374,,,,0.509,,,,0.367,,,,0.388,,,
54808,20240228,-88.37,40.05,0.384,,,,0.351,,,,0.325,-1.74,1,0,0.375,,,,0.509,,,,0.367,,,,0.389,,,
54808,20240229,-88.37,40.05,0.385,,,,0.35,,,,0.327,-1.7,1,0,0.375,,,,0.508,,,,0.368,,,,0.389,,,
54808,20240301,-88.37,40.05,0.38,-0.48,1,0,0.346,-1.03,1,0,0.326,-1.73,1,0,0.375,,,,0.507,,,,0.363,,,,0.387,,,
54808,20240302,-88.37,40.05,0.375,-0.53,1,0,0.341,-1.04,1,0,0.324,-1.79,1,0,0.374,,,,0.506,,,,0.358,,,,0.384,,,
54808,20240303,-88.37,40.05,0.371,-0.55,1,0,0.338,-1.05,1,0,0.323,-1.83,1,0,0.374,,,,0.504,,,,0.355,,,,0.382,,,
54808,20240304,-88.37,40.05,0.369,-0.57,1,0,0.336,-1.06,1,0,0.324,-1.8,1,0,0.373,,,,0.503,,,,0.352,-0.93,1,0,0.381,,,
54808,20240305,-88.37,40.05,0.366,-0.63,1,0,0.334,-1.08,1,0,0.325,-1.77,1,0,0.373,,,,0.501,,,,0.35,-0.97,1,0,0.38,,,
54808,20240306,-88.37,40.05,0.371,-0.3,0.687,0.164,0.339,-0.89,0.789,0,0.329,-1.67,1,0,0.373,,,,0.5,,,,0.355,-0.49,0.543,0.022,0.382,,,
54808,20240307,-88.37,40.05,0.374,-0.16,0.505,0.121,0.343,-0.81,0.647,0,0.333,-1.55,1,0,0.373,,,,0.5,,,,0.359,-0.37,0.357,0.014,0.385,,,
54808,20240308,-88.37,40.05,0.38,-0.03,0.378,0.135,0.347,-0.74,0.614,0.02,0.338,-1.41,0.988,0,0.374,,,,0.502,,,,0.363,-0.29,0.266,0.053,0.388,,,
54808,20240309,-88.37,40.05,0.392,0.25,0.29,0.298,0.358,-0.55,0.491,0.129,0.349,-1.05,0.845,0.089,0.394,,,,0.504,,,,0.375,-0.04,0.212,0.246,0.399,,,
54808,20240310,-88.37,40.05,0.4,0.36,0.209,0.426,0.364,-0.44,0.363,0.125,0.356,-0.82,0.726,0.089,0.411,,,,0.506,,,,0.382,0.01,0.176,0.254,0.407,,,
54808,20240311,-88.37,40.05,0.406,0.45,0.113,0.509,0.369,-0.34,0.22,0.125,0.36,-0.69,0.726,0.089,0.417,,,,0.509,,,,0.388,0.06,0.108,0.228,0.412,,,
54808,20240312,-88.37,40.05,0.412,0.55,0,0.503,0.372,-0.26,0.161,0.125,0.363,-0.59,0.726,0.089,0.42,,,,0.512,,,,0.392,0.13,0,0.218,0.416,,,
54808,20240313,-88.37,40.05,0.41,0.49,0,0.429,0.369,-0.32,0.298,0.125,0.364,-0.57,0.726,0.089,0.423,,,,0.515,,,,0.389,0.08,0.018,0.208,0.416,,,
54808,20240314,-88.37,40.05,0.407,0.43,0,0.429,0.366,-0.36,0.44,0.125,0.362,-0.61,0.726,0.089,0.424,,,,0.517,,,,0.386,0.03,0.149,0.208,0.415,,,
54808,20240315,-88.37,40.05,0.407,0.43,0.006,0.524,0.363,-0.39,0.512,0.107,0.359,-0.71,0.738,0.089,0.426,,,,0.518,,,,0.385,0.01,0.167,0.185,0.415,,,
54808,20240316,-88.37,40.05,0.399,0.26,0.006,0.393,0.355,-0.55,0.655,0,0.349,-1.01,0.881,0,0.408,,,,0.519,,,,0.377,-0.16,0.179,0.042,0.406,,,
54808,20240317,-88.37,40.05,0.394,0.14,0.006,0.25,0.349,-0.64,0.798,0,0.342,-1.24,1,0,0.393,,,,0.519,,,,0.372,-0.26,0.292,0,0.399,,,
54808,20240318,-88.37,40.05,0.389,0.04,0.042,0.143,0.345,-0.71,0.94,0,0.335,-1.42,1,0,0.389,,,,0.519,,,,0.367,-0.34,0.435,0,0.396,,,
54808,20240319,-88.37,40.05,0.383,-0.07,0.185,0.131,0.341,-0.77,1,0,0.33,-1.59,1,0,0.387,,,,0.52,,,,0.362,-0.43,0.577,0,0.392,,,
54808,20240320,-88.37,40.05,0.377,-0.18,0.327,0.131,0.337,-0.84,1,0,0.324,-1.76,1,0,0.385,,,,0.52,,,,0.357,-0.52,0.702,0,0.388,,,
54808,20240321,-88.37,40.05,0.37,-0.3,0.47,0.131,0.333,-0.91,1,0,0.319,-1.88,1,0,0.383,,,,0.52,,,,0.352,-0.61,0.714,0,0.385,,,
54808,20240322,-88.37,40.05,0.358,-0.52,0.607,0.012,0.327,-1.02,1,0,0.316,-1.97,1,0,0.38,,,,0.52,,,,0.343,-0.78,0.839,0,0.38,,,
54808,20240323,-88.37,40.05,0.346,-0.73,0.75,0,0.321,-1.13,1,0,0.313,-2.05,1,0,0.378,,,,0.52,,,,0.334,-0.94,0.97,0,0.376,,,
54808,20240324,-88.37,40.05,0.335,-0.93,0.893,0,0.315,-1.23,1,0,0.31,-2.13,1,0,0.376,,,,0.52,,,,0.325,-1.1,1,0,0.371,,,
54808,20240325,-88.37,40.05,0.323,-1.11,1,0,0.308,-1.35,1,0,0.307,-2.19,1,0,0.375,,,,0.52,,,,0.315,-1.26,1,0,0.367,,,
54808,20240326,-88.37,40.05,0.312,-1.29,1,0,0.302,-1.46,1,0,0.304,-2.26,1,0,0.373,,,,0.52,,,,0.307,-1.41,1,0,0.362,,,
54808,20240327,-88.37,40.05,0.302,-1.43,1,0,0.297,-1.55,1,0,0.302,-2.31,1,0,0.373,,,,0.519,,,,0.3,-1.54,1,0,0.359,,,
54808,20240328,-88.37,40.05,0.295,-1.52,1,0,0.293,-1.63,1,0,0.299,-2.36,1,0,0.372,,,,0.518,,,,0.294,-1.63,1,0,0.355,,,
54808,20240329,-88.37,40.05,0.29,-1.57,1,0,0.289,-1.7,1,0,0.297,-2.4,1,0,0.371,,,,0.516,,,,0.289,-1.7,1,0,0.353,,,
54808,20240330,-88.37,40.05,0.286,-1.6,1,0,0.286,-1.75,1,0,0.294,-2.43,1,0,0.371,,,,0.514,,,,0.286,-1.75,1,0,0.35,,,
54808,20240331,-88.37,40.05,0.282,-1.6,1,0,0.282,-1.81,1,0,0.291,-2.45,1,0,0.37,,,,0.513,,,,0.282,-1.78,1,0,0.348,,,
54808,20240401,-88.37,40.05,0.28,-1.58,1,0,0.279,-1.85,1,0,0.289,-2.46,1,0,0.369,,,,0.511,,,,0.279,-1.8,1,0,0.346,,,
54808,20240402,-88.37,40.05,0.286,-1.44,0.952,0.042,0.282,-1.78,0.958,0.036,0.288,-2.42,0.994,0,0.37,,,,0.509,,,,0.284,-1.69,0.958,0.042,0.347,,,
54808,20240403,-88.37,40.05,0.306,-1.11,0.81,0.185,0.297,-1.49,0.815,0.089,0.296,-2.16,0.994,0,0.379,,,,0.51,,,,0.301,-1.36,0.815,0.185,0.358,,,
54808,20240404,-88.37,40.05,0.326,-0.79,0.667,0.327,0.312,-1.19,0.673,0.179,0.304,-1.9,0.994,0,0.383,,,,0.512,,,,0.319,-1.02,0.673,0.327,0.367,,,
54808,20240405,-88.37,40.05,0.346,-0.49,0.524,0.47,0.329,-0.86,0.53,0.321,0.313,-1.63,0.994,0,0.387,,,,0.514,,,,0.337,-0.69,0.53,0.47,0.378,,,
54808,20240406,-88.37,40.05,0.365,-0.2,0.381,0.613,0.346,-0.54,0.387,0.452,0.322,-1.35,0.994,0,0.39,,,,0.517,,,,0.355,-0.37,0.387,0.613,0.388,,,
54808,20240407,-88.37,40.05,0.384,0.06,0.238,0.744,0.361,-0.24,0.244,0.452,0.33,-1.09,0.994,0,0.393,,,,0.52,,,,0.373,-0.07,0.244,0.714,0.398,,,
54808,20240408,-88.37,40.05,0.405,0.35,0.095,0.851,0.38,0.1,0.101,0.53,0.34,-0.81,0.929,0,0.396,,,,0.522,,,,0.392,0.26,0.101,0.798,0.409,,,
54808,20240409,-88.37,40.05,0.418,0.52,0,0.952,0.392,0.33,0,0.625,0.348,-0.57,0.798,0,0.4,,,,0.525,,,,0.405,0.47,0,0.899,0.417,,,
54808,20240410,-88.37,40.05,0.415,0.47,0,0.905,0.391,0.32,0,0.577,0.348,-0.55,0.69,0,0.394,,,,0.525,,,,0.403,0.44,0,0.821,0.414,,,
54808,20240411,-88.37,40.05,0.413,0.44,0,0.804,0.389,0.31,0,0.512,0.347,-0.53,0.554,0,0.392,,,,0.525,,,,0.401,0.41,0,0.714,0.413,,,
54808,20240412,-88.37,40.05,0.414,0.44,0,0.804,0.391,0.32,0,0.512,0.348,-0.48,0.411,0,0.391,,,,0.525,,,,0.403,0.41,0,0.714,0.414,,,
54808,20240413,-88.37,40.05,0.415,0.45,0,0.804,0.392,0.33,0,0.524,0.348,-0.43,0.268,0,0.391,,,,0.526,,,,0.403,0.41,0,0.714,0.414,,,
54808,20240414,-88.37,40.05,0.415,0.45,0,0.804,0.391,0.34,0,0.607,0.348,-0.39,0.125,0,0.391,,,,0.526,,,,0.403,0.42,0,0.744,0.414,,,
54808,20240415,-88.37,40.05,0.41,0.41,0,0.708,0.388,0.3,0,0.53,0.346,-0.37,0.048,0,0.39,,,,0.526,,,,0.399,0.38,0,0.667,0.412,,,
54808,20240416,-88.37,40.05,0.4,0.34,0,0.565,0.382,0.25,0,0.399,0.342,-0.38,0.054,0,0.389,,,,0.527,,,,0.391,0.32,0,0.524,0.408,,,
54808,20240417,-88.37,40.05,0.39,0.27,0,0.47,0.375,0.19,0,0.393,0.338,-0.4,0.113,0,0.388,,,,0.527,,,,0.383,0.25,0,0.458,0.404,,,
54808,20240418,-88.37,40.05,0.376,0.17,0,0.429,0.366,0.12,0,0.369,0.333,-0.43,0.25,0,0.387,,,,0.527,,,,0.371,0.16,0,0.423,0.398,,,
54808,20240419,-88.37,40.05,0.358,0.04,0,0.286,0.352,-0.01,0.006,0.226,0.325,-0.51,0.393,0,0.386,,,,0.527,,,,0.355,0.03,0.006,0.28,0.39,,,
54808,20240420,-88.37,40.05,0.344,-0.06,0,0.143,0.34,-0.13,0.006,0.083,0.316,-0.58,0.536,0,0.385,,,,0.525,,,,0.342,-0.08,0.006,0.137,0.382,,,
54808,20240421,-88.37,40.05,0.331,-0.15,0,0.012,0.328,-0.23,0.113,0,0.308,-0.66,0.679,0,0.383,,,,0.524,,,,0.329,-0.18,0.006,0.006,0.375,,,
54808,20240422,-88.37,40.05,0.32,-0.22,0,0,0.316,-0.32,0.256,0,0.3,-0.72,0.821,0,0.382,,,,0.523,,,,0.318,-0.26,0.006,0,0.368,,,
54808,20240423,-88.37,40.05,0.31,-0.27,0,0,0.305,-0.4,0.399,0,0.293,-0.77,0.952,0,0.38,,,,0.521,,,,0.308,-0.33,0.03,0,0.362,,,
54808,20240424,-88.37,40.05,0.313,-0.24,0,0,0.298,-0.45,0.476,0,0.287,-0.81,1,0,0.378,,,,0.519,,,,0.305,-0.33,0.065,0,0.359,,,
54808,20240425,-88.37,40.05,0.322,-0.17,0,0,0.293,-0.48,0.53,0,0.282,-0.83,1,0,0.376,,,,0.518,,,,0.308,-0.3,0.065,0,0.358,,,
54808,20240426,-88.37,40.05,0.328,-0.12,0,0,0.289,-0.49,0.607,0,0.279,-0.84,1,0,0.375,,,,0.516,,,,0.308,-0.29,0.06,0,0.357,,,
54808,20240427,-88.37,40.05,0.34,-0.04,0,0.107,0.294,-0.43,0.637,0.054,0.277,-0.82,0.952,0,0.373,,,,0.517,,,,0.317,-0.21,0.06,0.054,0.36,,,
54808,20240428,-88.37,40.05,0.36,0.1,0,0.25,0.311,-0.27,0.53,0.196,0.285,-0.73,0.81,0,0.377,,,,0.519,,,,0.336,-0.06,0.06,0.196,0.37,,,
54808,20240429,-88.37,40.05,0.38,0.23,0,0.393,0.329,-0.11,0.387,0.339,0.295,-0.61,0.667,0.012,0.383,,,,0.521,,,,0.355,0.09,0.06,0.339,0.382,,,
54808,20240430,-88.37,40.05,0.403,0.39,0,0.536,0.35,0.07,0.244,0.482,0.308,-0.46,0.524,0.012,0.405,,,,0.523,,,,0.377,0.27,0.036,0.482,0.398,,,
54808,20240501,-88.37,40.05,0.415,0.47,0,0.679,0.368,0.23,0.167,0.625,0.32,-0.33,0.381,0.012,0.413,,,,0.526,,,,0.392,0.39,0,0.625,0.408,,,
54808,20240502,-88.37,40.05,0.422,0.52,0,0.821,0.383,0.37,0.113,0.768,0.331,-0.21,0.238,0.012,0.418,,,,0.528,,,,0.402,0.48,0,0.768,0.416,,,
54808,20240503,-88.37,40.05,0.427,0.55,0,0.851,0.397,0.49,0.03,0.833,0.341,-0.1,0.095,0.012,0.422,,,,0.531,,,,0.412,0.56,0,0.821,0.423,,,
54808,20240504,-88.37,40.05,0.42,0.52,0,0.744,0.399,0.51,0,0.78,0.347,-0.03,0,0.012,0.426,,,,0.533,,,,0.41,0.55,0,0.768,0.425,,,
54808,20240505,-88.37,40.05,0.412,0.46,0,0.673,0.391,0.45,0,0.637,0.347,-0.03,0,0.012,0.425,,,,0.534,,,,0.401,0.49,0,0.685,0.422,,,
54808,20240506,-88.37,40.05,0.407,0.42,0,0.667,0.384,0.39,0,0.494,0.343,-0.05,0,0,0.421,,,,0.534,,,,0.395,0.44,0,0.613,0.418,,,
54808,20240507,-88.37,40.05,0.399,0.37,0,0.542,0.374,0.31,0,0.351,0.337,-0.1,0,0,0.402,,,,0.534,,,,0.387,0.38,0,0.47,0.409,,,
54808,20240508,-88.37,40.05,0.393,0.33,0,0.399,0.365,0.24,0,0.208,0.332,-0.14,0,0,0.397,,,,0.535,,,,0.379,0.32,0,0.327,0.404,,,
54808,20240509,-88.37,40.05,0.389,0.3,0,0.256,0.357,0.17,0,0.065,0.327,-0.18,0,0,0.395,,,,0.535,,,,0.373,0.27,0,0.185,0.4,,,
54808,20240510,-88.37,40.05,0.388,0.29,0,0.226,0.351,0.12,0,0,0.323,-0.21,0,0,0.394,,,,0.535,,,,0.369,0.24,0,0.131,0.398,,,
54808,20240511,-88.37,40.05,0.388,0.29,0,0.226,0.346,0.07,0,0,0.319,-0.24,0,0,0.392,,,,0.535,,,,0.367,0.22,0,0.131,0.396,,,
54808,20240512,-88.37,40.05,0.382,0.25,0,0.155,0.339,0.01,0,0,0.314,-0.28,0.077,0,0.391,,,,0.535,,,,0.361,0.17,0,0.071,0.392,,,
54808,20240513,-88.37,40.05,0.37,0.18,0,0.018,0.329,-0.07,0.036,0,0.307,-0.33,0.22,0,0.389,,,,0.535,,,,0.349,0.09,0,0,0.386,,,
54808,20240514,-88.37,40.05,0.367,0.16,0,0.06,0.324,-0.11,0.101,0,0.305,-0.34,0.286,0,0.39,,,,0.535,,,,0.346,0.06,0,0.054,0.384,,,
54808,20240515,-88.37,40.05,0.376,0.22,0,0.202,0.332,-0.05,0.101,0.101,0.309,-0.31,0.286,0,0.393,,,,0.535,,,,0.354,0.12,0,0.196,0.389,,,
54808,20240516,-88.37,40.05,0.384,0.28,0,0.345,0.341,0.01,0.101,0.22,0.314,-0.26,0.286,0,0.395,,,,0.535,,,,0.363,0.18,0,0.339,0.394,,,
54808,20240517,-88.37,40.05,0.394,0.34,0,0.488,0.351,0.1,0.101,0.304,0.32,-0.2,0.286,0.012,0.406,,,,0.536,,,,0.373,0.25,0,0.482,0.402,,,
54808,20240518,-88.37,40.05,0.405,0.42,0,0.631,0.362,0.19,0.101,0.446,0.328,-0.12,0.286,0.012,0.413,,,,0.537,,,,0.384,0.34,0,0.625,0.409,,,
54808,20240519,-88.37,40.05,0.415,0.49,0,0.768,0.373,0.29,0.104,0.543,0.336,-0.05,0.213,0.012,0.416,,,,0.537,,,,0.394,0.42,0,0.762,0.416,,,
54808,20240520,-88.37,40.05,0.425,0.57,0,0.854,0.385,0.39,0.067,0.543,0.344,0.03,0.067,0.012,0.42,,,,0.539,,,,0.405,0.51,0,0.829,0.423,,,
54808,20240521,-88.37,40.05,0.424,0.58,0,0.793,0.389,0.43,0,0.543,0.347,0.06,0,0.012,0.419,,,,0.54,,,,0.406,0.54,0,0.774,0.424,,,
54808,20240522,-88.37,40.05,0.406,0.48,0,0.646,0.378,0.36,0,0.439,0.343,0.03,0,0.012,0.417,,,,0.541,,,,0.392,0.45,0,0.628,0.417,,,
54808,20240523,-88.37,40.05,0.388,0.39,0,0.5,0.365,0.27,0,0.317,0.336,-0.02,0,0.012,0.416,,,,0.541,,,,0.377,0.36,0,0.482,0.409,,,
54808,20240524,-88.37,40.05,0.367,0.27,0,0.354,0.349,0.15,0,0.232,0.327,-0.11,0.091,0,0.404,,,,0.542,,,,0.358,0.24,0,0.335,0.398,,,
54808,20240525,-88.37,40.05,0.366,0.29,0,0.317,0.351,0.17,0,0.189,0.334,-0.04,0.128,0.098,0.414,2.68,0,1,0.543,,,,0.358,0.26,0,0.293,0.401,,,
54808,20240526,-88.37,40.05,0.372,0.35,0,0.333,0.359,0.25,0,0.244,0.341,0.03,0.125,0.196,0.432,2.46,0,1,0.543,,,,0.365,0.33,0,0.31,0.409,,,
54808,20240527,-88.37,40.05,0.382,0.43,0,0.393,0.368,0.34,0,0.387,0.347,0.09,0.125,0.321,0.452,2.45,0,1,0.544,,,,0.375,0.42,0,0.387,0.419,,,
54808,20240528,-88.37,40.05,0.395,0.53,0,0.536,0.377,0.43,0,0.53,0.353,0.15,0.125,0.333,0.459,1.96,0,1,0.544,,,,0.386,0.51,0,0.53,0.426,,,
54808,20240529,-88.37,40.05,0.41,0.64,0,0.679,0.389,0.54,0,0.673,0.359,0.21,0.125,0.333,0.462,1.59,0,1,0.545,,,,0.4,0.62,0,0.673,0.433,,,
54808,20240530,-88.37,40.05,0.424,0.75,0,0.821,0.401,0.65,0,0.815,0.366,0.29,0.125,0.333,0.464,1.34,0,1,0.546,,,,0.413,0.73,0,0.815,0.44,,,
54808,20240531,-88.37,40.05,0.436,0.84,0,0.964,0.413,0.76,0,0.958,0.374,0.37,0.036,0.333,0.466,1.16,0,0.993,0.546,,,,0.425,0.83,0,0.958,0.447,,,
54808,20240601,-88.37,40.05,0.426,0.79,0,0.97,0.405,0.71,0,0.899,0.363,0.29,0,0.238,0.452,0.91,0,0.981,0.545,,,,0.415,0.77,0,0.917,0.438,,,
54808,20240602,-88.37,40.05,0.412,0.72,0,0.923,0.392,0.61,0,0.756,0.353,0.21,0,0.137,0.432,0.68,0,0.97,0.545,,,,0.402,0.68,0,0.774,0.427,,,
54808,20240603,-88.37,40.05,0.397,0.63,0,0.923,0.379,0.52,0,0.613,0.344,0.14,0,0.012,0.411,0.4,0,0.952,0.545,,,,0.388,0.59,0,0.655,0.415,,,
54808,20240604,-88.37,40.05,0.383,0.56,0,0.923,0.366,0.44,0,0.47,0.337,0.1,0,0,0.403,0.3,0,0.917,0.545,,,,0.375,0.51,0,0.512,0.407,,,
54808,20240605,-88.37,40.05,0.369,0.48,0,0.804,0.354,0.35,0,0.327,0.329,0.05,0,0,0.4,0.26,0,0.833,0.544,,,,0.361,0.43,0,0.369,0.399,,,
54808,20240606,-88.37,40.05,0.373,0.52,0,0.804,0.354,0.36,0,0.327,0.331,0.08,0,0.089,0.403,0.28,0,0.833,0.544,,,,0.364,0.45,0,0.369,0.401,,,
54808,20240607,-88.37,40.05,0.376,0.55,0,0.804,0.354,0.36,0,0.327,0.332,0.09,0,0.089,0.403,0.29,0,0.839,0.544,,,,0.365,0.47,0,0.369,0.402,,,
54808,20240608,-88.37,40.05,0.379,0.58,0,0.833,0.353,0.36,0,0.327,0.333,0.1,0,0.089,0.403,0.29,0,0.851,0.545,,,,0.366,0.48,0,0.452,0.403,,,
54808,20240609,-88.37,40.05,0.38,0.59,0,0.881,0.352,0.35,0,0.327,0.333,0.11,0,0.089,0.404,0.29,0,0.863,0.545,,,,0.366,0.48,0,0.488,0.403,,,
54808,20240610,-88.37,40.05,0.376,0.57,0,0.75,0.348,0.33,0,0.327,0.332,0.11,0,0.089,0.403,0.29,0,0.827,0.545,,,,0.362,0.46,0,0.464,0.401,,,
54808,20240611,-88.37,40.05,0.372,0.54,0,0.607,0.343,0.3,0,0.327,0.333,0.12,0,0.089,0.403,0.29,0,0.756,0.545,,,,0.358,0.43,0,0.464,0.399,,,
54808,20240612,-88.37,40.05,0.366,0.51,0,0.583,0.338,0.27,0,0.327,0.332,0.12,0,0.089,0.402,0.28,0,0.696,0.545,,,,0.352,0.4,0,0.464,0.397,,,
54808,20240613,-88.37,40.05,0.344,0.38,0,0.44,0.32,0.15,0,0.185,0.32,0.04,0,0,0.395,0.22,0,0.554,0.544,,,,0.332,0.27,0,0.321,0.385,,,
54808,20240614,-88.37,40.05,0.325,0.26,0,0.298,0.303,0.04,0,0.042,0.308,-0.05,0,0,0.391,0.18,0,0.411,0.542,,,,0.314,0.15,0,0.179,0.374,,,
54808,20240615,-88.37,40.05,0.309,0.16,0,0.155,0.287,-0.06,0,0,0.296,-0.13,0.077,0,0.387,0.15,0,0.268,0.54,,,,0.298,0.05,0,0.036,0.364,,,
54808,20240616,-88.37,40.05,0.295,0.08,0,0.012,0.271,-0.16,0.006,0,0.285,-0.21,0.22,0,0.382,0.1,0,0.125,0.538,,,,0.283,-0.04,0,0,0.354,,,
54808,20240617,-88.37,40.05,0.283,0.01,0,0,0.258,-0.25,0.149,0,0.273,-0.29,0.363,0,0.376,0.06,0,0.036,0.537,,,,0.27,-0.12,0,0,0.345,,,
54808,20240618,-88.37,40.05,0.273,-0.05,0,0,0.246,-0.32,0.292,0,0.259,-0.39,0.506,0,0.37,0.01,0,0,0.535,,,,0.259,-0.19,0,0,0.336,,,
54808,20240619,-88.37,40.05,0.263,-0.1,0,0,0.235,-0.38,0.435,0,0.247,-0.47,0.649,0,0.361,-0.06,0,0,0.534,,,,0.249,-0.25,0,0,0.328,,,
54808,20240620,-88.37,40.05,0.255,-0.14,0,0,0.227,-0.43,0.577,0,0.238,-0.54,0.792,0,0.352,-0.12,0,0,0.533,,,,0.241,-0.3,0.024,0,0.321,,,
54808,20240621,-88.37,40.05,0.248,-0.18,0,0,0.22,-0.47,0.72,0,0.23,-0.59,0.935,0,0.342,-0.2,0,0,0.534,,,,0.234,-0.34,0.137,0,0.315,,,
54808,20240622,-88.37,40.05,0.242,-0.2,0,0,0.214,-0.5,0.863,0,0.223,-0.64,1,0,0.332,-0.27,0,0,0.534,,,,0.228,-0.36,0.28,0,0.309,,,
54808,20240623,-88.37,40.05,0.237,-0.23,0,0,0.21,-0.52,1,0,0.218,-0.67,1,0,0.321,-0.35,0.036,0,0.534,,,,0.223,-0.39,0.423,0,0.304,,,
54808,20240624,-88.37,40.05,0.233,-0.24,0,0,0.207,-0.53,1,0,0.216,-0.68,1,0,0.31,-0.42,0.107,0,0.533,,,,0.22,-0.4,0.565,0,0.3,,,
54808,20240625,-88.37,40.05,0.23,-0.25,0,0,0.204,-0.54,1,0,0.215,-0.68,1,0,0.301,-0.48,0.22,0,0.531,,,,0.217,-0.41,0.708,0,0.296,,,
54808,20240626,-88.37,40.05,0.228,-0.26,0,0,0.202,-0.55,1,0,0.213,-0.69,1,0,0.293,-0.52,0.357,0,0.529,,,,0.215,-0.42,0.851,0,0.293,,,
54808,20240627,-88.37,40.05,0.228,-0.26,0,0,0.201,-0.56,1,0,0.212,-0.69,1,0,0.287,-0.56,0.5,0,0.527,,,,0.214,-0.42,0.97,0,0.291,,,
54808,20240628,-88.37,40.05,0.226,-0.26,0,0,0.199,-0.57,1,0,0.211,-0.7,1,0,0.281,-0.59,0.643,0,0.524,,,,0.213,-0.42,1,0,0.289,,,
54808,20240629,-88.37,40.05,0.225,-0.26,0,0,0.199,-0.57,1,0,0.21,-0.71,1,0,0.277,-0.62,0.786,0,0.522,,,,0.212,-0.42,1,0,0.287,,,
54808,20240630,-88.37,40.05,0.225,-0.26,0,0,0.198,-0.58,1,0,0.208,-0.73,1,0,0.273,-0.65,0.893,0,0.52,,,,0.212,-0.43,1,0,0.285,,,
54808,20240701,-88.37,40.05,0.223,-0.27,0.006,0,0.197,-0.59,1,0,0.203,-0.78,1,0,0.269,-0.67,0.964,0,0.518,,,,0.21,-0.44,1,0,0.282,,,
54808,20240702,-88.37,40.05,0.221,-0.28,0.077,0,0.196,-0.61,1,0,0.198,-0.82,1,0,0.265,-0.7,0.994,0,0.517,,,,0.208,-0.45,1,0,0.279,,,
54808,20240703,-88.37,40.05,0.217,-0.3,0.185,0,0.195,-0.62,1,0,0.194,-0.86,1,0,0.261,-0.74,1,0,0.517,,,,0.206,-0.46,1,0,0.277,,,
54808,20240704,-88.37,40.05,0.214,-0.32,0.327,0,0.193,-0.64,1,0,0.191,-0.9,1,0,0.257,-0.77,1,0,0.516,,,,0.204,-0.48,1,0,0.274,,,
54808,20240705,-88.37,40.05,0.221,-0.28,0.333,0,0.193,-0.65,1,0,0.19,-0.91,1,0,0.253,-0.8,1,0,0.515,,,,0.207,-0.46,0.881,0,0.274,,,
54808,20240706,-88.37,40.05,0.23,-0.24,0.333,0,0.194,-0.65,1,0,0.191,-0.91,1,0,0.25,-0.83,1,0,0.514,,,,0.212,-0.44,0.738,0,0.276,,,
54808,20240707,-88.37,40.05,0.236,-0.2,0.333,0,0.195,-0.65,1,0,0.192,-0.91,1,0,0.247,-0.85,1,0,0.513,,,,0.215,-0.42,0.601,0,0.277,,,
54808,20240708,-88.37,40.05,0.241,-0.18,0.327,0,0.196,-0.65,1,0,0.193,-0.91,1,0,0.245,-0.87,1,0,0.513,,,,0.218,-0.4,0.565,0,0.278,,,
54808,20240709,-88.37,40.05,0.245,-0.16,0.256,0,0.197,-0.65,1,0,0.195,-0.9,1,0,0.244,-0.88,1,0,0.513,,,,0.221,-0.39,0.565,0,0.279,,,
54808,20240710,-88.37,40.05,0.267,-0.02,0.149,0.083,0.21,-0.56,0.923,0.036,0.203,-0.85,0.952,0,0.254,-0.82,0.94,0.042,0.513,,,,0.239,-0.27,0.47,0.071,0.29,,,
54808,20240711,-88.37,40.05,0.3,0.17,0.006,0.226,0.237,-0.37,0.78,0.179,0.217,-0.75,0.935,0,0.277,-0.65,0.798,0.131,0.515,,,,0.268,-0.07,0.327,0.214,0.309,,,
54808,20240712,-88.37,40.05,0.321,0.31,0,0.369,0.262,-0.19,0.637,0.321,0.227,-0.67,0.893,0,0.299,-0.49,0.655,0.149,0.516,,,,0.292,0.09,0.304,0.357,0.325,,,
54808,20240713,-88.37,40.05,0.34,0.44,0,0.512,0.284,-0.02,0.494,0.464,0.237,-0.6,0.869,0,0.32,-0.34,0.512,0.155,0.516,,,,0.312,0.24,0.304,0.5,0.34,,,
54808,20240714,-88.37,40.05,0.357,0.56,0,0.655,0.304,0.13,0.351,0.542,0.248,-0.52,0.863,0,0.341,-0.18,0.369,0.155,0.516,,,,0.331,0.38,0.298,0.643,0.353,,,
54808,20240715,-88.37,40.05,0.375,0.7,0,0.798,0.323,0.28,0.208,0.56,0.257,-0.44,0.839,0,0.362,-0.03,0.226,0.155,0.517,,,,0.349,0.53,0.19,0.786,0.367,,,
54808,20240716,-88.37,40.05,0.402,0.89,0,0.94,0.348,0.48,0.065,0.702,0.27,-0.33,0.738,0,0.382,0.13,0.083,0.185,0.517,,,,0.375,0.72,0.048,0.929,0.384,,,
54808,20240717,-88.37,40.05,0.413,0.97,0,1,0.363,0.62,0,0.81,0.278,-0.25,0.643,0,0.394,0.24,0,0.256,0.517,,,,0.388,0.83,0,1,0.393,,,
54808,20240718,-88.37,40.05,0.409,0.98,0,1,0.363,0.64,0,0.81,0.281,-0.21,0.518,0,0.392,0.23,0,0.226,0.515,,,,0.386,0.85,0,1,0.392,,,
54808,20240719,-88.37,40.05,0.404,0.97,0,1,0.361,0.65,0,0.81,0.284,-0.18,0.417,0,0.391,0.22,0,0.232,0.515,,,,0.383,0.84,0,1,0.391,,,
54808,20240720,-88.37,40.05,0.398,0.95,0,1,0.359,0.66,0,0.81,0.286,-0.15,0.298,0,0.389,0.22,0,0.226,0.515,,,,0.379,0.83,0,1,0.39,,,
54808,20240721,-88.37,40.05,0.393,0.94,0,1,0.358,0.66,0,0.863,0.288,-0.12,0.161,0,0.388,0.22,0,0.226,0.516,,,,0.376,0.83,0,1,0.389,,,
54808,20240722,-88.37,40.05,0.387,0.91,0,1,0.357,0.67,0,0.851,0.289,-0.1,0.042,0,0.387,0.23,0,0.226,0.516,,,,0.372,0.82,0,1,0.387,,,
54808,20240723,-88.37,40.05,0.372,0.83,0,1,0.349,0.62,0,0.708,0.288,-0.1,0,0,0.385,0.22,0,0.196,0.516,,,,0.361,0.75,0,0.899,0.382,,,
54808,20240724,-88.37,40.05,0.354,0.74,0,0.893,0.336,0.53,0,0.565,0.284,-0.13,0.03,0,0.382,0.2,0,0.083,0.517,,,,0.345,0.65,0,0.756,0.374,,,
54808,20240725,-88.37,40.05,0.337,0.64,0,0.75,0.323,0.45,0,0.423,0.279,-0.15,0.048,0,0.379,0.19,0,0.024,0.517,,,,0.33,0.55,0,0.613,0.367,,,
54808,20240726,-88.37,40.05,0.323,0.57,0,0.607,0.312,0.37,0,0.28,0.275,-0.18,0.119,0,0.376,0.18,0,0,0.517,,,,0.317,0.47,0,0.47,0.361,,,
54808,20240727,-88.37,40.05,0.31,0.51,0,0.464,0.3,0.3,0,0.137,0.27,-0.21,0.256,0,0.374,0.16,0,0,0.516,,,,0.305,0.4,0,0.327,0.354,,,
54808,20240728,-88.37,40.05,0.3,0.46,0,0.339,0.289,0.22,0,0.006,0.267,-0.24,0.363,0,0.371,0.14,0,0,0.516,,,,0.294,0.33,0,0.185,0.348,,,
54808,20240729,-88.37,40.05,0.298,0.47,0,0.339,0.277,0.15,0,0,0.264,-0.24,0.369,0,0.367,0.13,0,0,0.516,,,,0.288,0.29,0,0.042,0.345,,,
54808,20240730,-88.37,40.05,0.299,0.5,0,0.339,0.268,0.09,0,0,0.263,-0.25,0.369,0,0.364,0.11,0,0,0.516,,,,0.284,0.27,0,0,0.342,,,
54808,20240731,-88.37,40.05,0.301,0.53,0,0.446,0.261,0.04,0,0,0.262,-0.24,0.339,0,0.362,0.1,0,0,0.515,,,,0.281,0.27,0,0,0.34,,,
54808,20240801,-88.37,40.05,0.308,0.6,0,0.589,0.255,0.01,0,0,0.261,-0.23,0.321,0,0.359,0.09,0,0,0.516,,,,0.281,0.29,0,0,0.34,,,
54808,20240802,-88.37,40.05,0.311,0.64,0,0.688,0.251,-0.02,0,0,0.261,-0.23,0.292,0,0.357,0.08,0,0,0.516,,,,0.281,0.3,0,0,0.339,,,
54808,20240803,-88.37,40.05,,,,,,,,,,,,,,,,,,,,,,,,,,,,
54808,20240804,-88.37,40.05,,,,,,,,,,,,,,,,,,,,,,,,,,,,
54808,20240805,-88.37,40.05,,,,,,,,,,,,,,,,,,,,,,,,,,,,
54808,20240806,-88.37,40.05,,,,,,,,,,,,,,,,,,,,,,,,,,,,
54808,20240807,-88.37,40.05,,,,,,,,,,,,,,,,,,,,,,,,,,,,
54808,20240808,-88.37,40.05,,,,,,,,,,,,,,,,,,,,,,,,,,,,
54808,20240809,-88.37,40.05,,,,,,,,,,,,,,,,,,,,,,,,,,,,
54808,20240810,-88.37,40.05,,,,,,,,,,,,,,,,,,,,,,,,,,,,
54808,20240811,-88.37,40.05,,,,,,,,,,,,,,,,,,,,,,,,,,,,
54808,20240812,-88.37,40.05,,,,,,,,,,,,,,,,,,,,,,,,,,,,
54808,20240813,-88.37,40.05,,,,,,,,,,,,,,,,,,,,,,,,,,,,
54808,20240814,-88.37,40.05,,,,,,,,,,,,,,,,,,,,,,,,,,,,
54808,20240815,-88.37,40.05,,,,,,,,,,,,,,,,,,,,,,,,,,,,
54808,20240816,-88.37,40.05,,,,,,,,,,,,,,,,,,,,,,,,,,,,
54808,20240817,-88.37,40.05,,,,,,,,,,,,,,,,,,,,,,,,,,,,
54808,20240818,-88.37,40.05,,,,,,,,,,,,,,,,,,,,,,,,,,,,
54808,20240819,-88.37,40.05,,,,,,,,,,,,,,,,,,,,,,,,,,,,
54808,20240820,-88.37,40.05,,,,,,,,,,,,,,,,,,,,,,,,,,,,
54808,20240821,-88.37,40.05,,,,,,,,,,,,,,,,,,,,,,,,,,,,
54808,20240822,-88.37,40.05,,,,,,,,,,,,,,,,,,,,,,,,,,,,
54808,20240823,-88.37,40.05,,,,,,,,,,,,,,,,,,,,,,,,,,,,
54808,20240824,-88.37,40.05,,,,,,,,,,,,,,,,,,,,,,,,,,,,
54808,20240825,-88.37,40.05,,,,,,,,,,,,,,,,,,,,,,,,,,,,
54808,20240826,-88.37,40.05,,,,,,,,,,,,,,,,,,,,,,,,,,,,
54808,20240827,-88.37,40.05,,,,,,,,,,,,,,,,,,,,,,,,,,,,
54808,20240828,-88.37,40.05,,,,,,,,,,,,,,,,,,,,,,,,,,,,
54808,20240829,-88.37,40.05,,,,,,,,,,,,,,,,,,,,,,,,,,,,
54808,20240830,-88.37,40.05,,,,,,,,,,,,,,,,,,,,,,,,,,,,
54808,20240831,-88.37,40.05,,,,,,,,,,,,,,,,,,,,,,,,,,,,
54808,20240901,-88.37,40.05,,,,,,,,,,,,,,,,,,,,,,,,,,,,
54808,20240902,-88.37,40.05,,,,,,,,,,,,,,,,,,,,,,,,,,,,
54808,20240903,-88.37,40.05,,,,,,,,,,,,,,,,,,,,,,,,,,,,
54808,20240904,-88.37,40.05,,,,,,,,,,,,,,,,,,,,,,,,,,,,
54808,20240905,-88.37,40.05,,,,,,,,,,,,,,,,,,,,,,,,,,,,
54808,20240906,-88.37,40.05,,,,,,,,,,,,,,,,,,,,,,,,,,,,
54808,20240907,-88.37,40.05,,,,,,,,,,,,,,,,,,,,,,,,,,,,
54808,20240908,-88.37,40.05,,,,,,,,,,,,,,,,,,,,,,,,,,,,
54808,20240909,-88.37,40.05,,,,,,,,,,,,,,,,,,,,,,,,,,,,
54808,20240910,-88.37,40.05,,,,,,,,,,,,,,,,,,,,,,,,,,,,
54808,20240911,-88.37,40.05,,,,,,,,,,,,,,,,,,,,,,,,,,,,
54808,20240912,-88.37,40.05,,,,,,,,,,,,,,,,,,,,,,,,,,,,
54808,20240913,-88.37,40.05,,,,,,,,,,,,,,,,,,,,,,,,,,,,
54808,20240914,-88.37,40.05,,,,,,,,,,,,,,,,,,,,,,,,,,,,
54808,20240915,-88.37,40.05,,,,,,,,,,,,,,,,,,,,,,,,,,,,
54808,20240916,-88.37,40.05,,,,,,,,,,,,,,,,,,,,,,,,,,,,
54808,20240917,-88.37,40.05,,,,,,,,,,,,,,,,,,,,,,,,,,,,
54808,20240918,-88.37,40.05,,,,,,,,,,,,,,,,,,,,,,,,,,,,
54808,20240919,-88.37,40.05,,,,,,,,,,,,,,,,,,,,,,,,,,,,
54808,20240920,-88.37,40.05,,,,,,,,,,,,,,,,,,,,,,,,,,,,
54808,20240921,-88.37,40.05,,,,,,,,,,,,,,,,,,,,,,,,,,,,
54808,20240922,-88.37,40.05,,,,,,,,,,,,,,,,,,,,,,,,,,,,
54808,20240923,-88.37,40.05,,,,,,,,,,,,,,,,,,,,,,,,,,,,
54808,20240924,-88.37,40.05,,,,,,,,,,,,,,,,,,,,,,,,,,,,
54808,20240925,-88.37,40.05,,,,,,,,,,,,,,,,,,,,,,,,,,,,
54808,20240926,-88.37,40.05,,,,,,,,,,,,,,,,,,,,,,,,,,,,
54808,20240927,-88.37,40.05,,,,,,,,,,,,,,,,,,,,,,,,,,,,
54808,20240928,-88.37,40.05,,,,,,,,,,,,,,,,,,,,,,,,,,,,
54808,20240929,-88.37,40.05,,,,,,,,,,,,,,,,,,,,,,,,,,,,
54808,20240930,-88.37,40.05,,,,,,,,,,,,,,,,,,,,,,,,,,,,
54808,20241001,-88.37,40.05,,,,,,,,,,,,,,,,,,,,,,,,,,,,
54808,20241002,-88.37,40.05,,,,,,,,,,,,,,,,,,,,,,,,,,,,
54808,20241003,-88.37,40.05,,,,,,,,,,,,,,,,,,,,,,,,,,,,
54808,20241004,-88.37,40.05,,,,,,,,,,,,,,,,,,,,,,,,,,,,
54808,20241005,-88.37,40.05,,,,,,,,,,,,,,,,,,,,,,,,,,,,
54808,20241006,-88.37,40.05,,,,,,,,,,,,,,,,,,,,,,,,,,,,
54808,20241007,-88.37,40.05,,,,,,,,,,,,,,,,,,,,,,,,,,,,
54808,20241008,-88.37,40.05,,,,,,,,,,,,,,,,,,,,,,,,,,,,
54808,20241009,-88.37,40.05,,,,,,,,,,,,,,,,,,,,,,,,,,,,
54808,20241010,-88.37,40.05,,,,,,,,,,,,,,,,,,,,,,,,,,,,
54808,20241011,-88.37,40.05,,,,,,,,,,,,,,,,,,,,,,,,,,,,
54808,20241012,-88.37,40.05,,,,,,,,,,,,,,,,,,,,,,,,,,,,
54808,20241013,-88.37,40.05,,,,,,,,,,,,,,,,,,,,,,,,,,,,
54808,20241014,-88.37,40.05,,,,,,,,,,,,,,,,,,,,,,,,,,,,
54808,20241015,-88.37,40.05,,,,,,,,,,,,,,,,,,,,,,,,,,,,
54808,20241016,-88.37,40.05,,,,,,,,,,,,,,,,,,,,,,,,,,,,
54808,20241017,-88.37,40.05,,,,,,,,,,,,,,,,,,,,,,,,,,,,
54808,20241018,-88.37,40.05,,,,,,,,,,,,,,,,,,,,,,,,,,,,
54808,20241019,-88.37,40.05,,,,,,,,,,,,,,,,,,,,,,,,,,,,
54808,20241020,-88.37,40.05,,,,,,,,,,,,,,,,,,,,,,,,,,,,
54808,20241021,-88.37,40.05,,,,,,,,,,,,,,,,,,,,,,,,,,,,
54808,20241022,-88.37,40.05,,,,,,,,,,,,,,,,,,,,,,,,,,,,
54808,20241023,-88.37,40.05,,,,,,,,,,,,,,,,,,,,,,,,,,,,
54808,20241024,-88.37,40.05,,,,,,,,,,,,,,,,,,,,,,,,,,,,
54808,20241025,-88.37,40.05,,,,,,,,,,,,,,,,,,,,,,,,,,,,
54808,20241026,-88.37,40.05,,,,,,,,,,,,,,,,,,,,,,,,,,,,
54808,20241027,-88.37,40.05,,,,,,,,,,,,,,,,,,,,,,,,,,,,
54808,20241028,-88.37,40.05,,,,,,,,,,,,,,,,,,,,,,,,,,,,
54808,20241029,-88.37,40.05,,,,,,,,,,,,,,,,,,,,,,,,,,,,
54808,20241030,-88.37,40.05,,,,,,,,,,,,,,,,,,,,,,,,,,,,
54808,20241031,-88.37,40.05,,,,,,,,,,,,,,,,,,,,,,,,,,,,
54808,20241101,-88.37,40.05,,,,,,,,,,,,,,,,,,,,,,,,,,,,
54808,20241102,-88.37,40.05,,,,,,,,,,,,,,,,,,,,,,,,,,,,
54808,20241103,-88.37,40.05,,,,,,,,,,,,,,,,,,,,,,,,,,,,
54808,20241104,-88.37,40.05,,,,,,,,,,,,,,,,,,,,,,,,,,,,
54808,20241105,-88.37,40.05,,,,,,,,,,,,,,,,,,,,,,,,,,,,
54808,20241106,-88.37,40.05,,,,,,,,,,,,,,,,,,,,,,,,,,,,
54808,20241107,-88.37,40.05,,,,,,,,,,,,,,,,,,,,,,,,,,,,
54808,20241108,-88.37,40.05,,,,,,,,,,,,,,,,,,,,,,,,,,,,
54808,20241109,-88.37,40.05,,,,,,,,,,,,,,,,,,,,,,,,,,,,
54808,20241110,-88.37,40.05,,,,,,,,,,,,,,,,,,,,,,,,,,,,
54808,20241111,-88.37,40.05,,,,,,,,,,,,,,,,,,,,,,,,,,,,
54808,20241112,-88.37,40.05,,,,,,,,,,,,,,,,,,,,,,,,,,,,
54808,20241113,-88.37,40.05,,,,,,,,,,,,,,,,,,,,,,,,,,,,
54808,20241114,-88.37,40.05,,,,,,,,,,,,,,,,,,,,,,,,,,,,
54808,20241115,-88.37,40.05,,,,,,,,,,,,,,,,,,,,,,,,,,,,
54808,20241116,-88.37,40.05,,,,,,,,,,,,,,,,,,,,,,,,,,,,
54808,20241117,-88.37,40.05,,,,,,,,,,,,,,,,,,,,,,,,,,,,
54808,20241118,-88.37,40.05,,,,,,,,,,,,,,,,,,,,,,,,,,,,
54808,20241119,-88.37,40.05,,,,,,,,,,,,,,,,,,,,,,,,,,,,
54808,20241120,-88.37,40.05,,,,,,,,,,,,,,,,,,,,,,,,,,,,
54808,20241121,-88.37,40.05,,,,,,,,,,,,,,,,,,,,,,,,,,,,
54808,20241122,-88.37,40.05,,,,,,,,,,,,,,,,,,,,,,,,,,,,
54808,20241123,-88.37,40.05,,,,,,,,,,,,,,,,,,,,,,,,,,,,
54808,20241124,-88.37,40.05,,,,,,,,,,,,,,,,,,,,,,,,,,,,
54808,20241125,-88.37,40.05,,,,,,,,,,,,,,,,,,,,,,,,,,,,
54808,20241126,-88.37,40.05,,,,,,,,,,,,,,,,,,,,,,,,,,,,
54808,20241127,-88.37,40.05,,,,,,,,,,,,,,,,,,,,,,,,,,,,
54808,20241128,-88.37,40.05,,,,,,,,,,,,,,,,,,,,,,,,,,,,
54808,20241129,-88.37,40.05,,,,,,,,,,,,,,,,,,,,,,,,,,,,
54808,20241130,-88.37,40.05,,,,,,,,,,,,,,,,,,,,,,,,,,,,
54808,20241201,-88.37,40.05,,,,,,,,,,,,,,,,,,,,,,,,,,,,
54808,20241202,-88.37,40.05,,,,,,,,,,,,,,,,,,,,,,,,,,,,
54808,20241203,-88.37,40.05,,,,,,,,,,,,,,,,,,,,,,,,,,,,
54808,20241204,-88.37,40.05,,,,,,,,,,,,,,,,,,,,,,,,,,,,
54808,20241205,-88.37,40.05,,,,,,,,,,,,,,,,,,,,,,,,,,,,
54808,20241206,-88.37,40.05,,,,,,,,,,,,,,,,,,,,,,,,,,,,
54808,20241207,-88.37,40.05,,,,,,,,,,,,,,,,,,,,,,,,,,,,
54808,20241208,-88.37,40.05,,,,,,,,,,,,,,,,,,,,,,,,,,,,
54808,20241209,-88.37,40.05,,,,,,,,,,,,,,,,,,,,,,,,,,,,
54808,20241210,-88.37,40.05,,,,,,,,,,,,,,,,,,,,,,,,,,,,
54808,20241211,-88.37,40.05,,,,,,,,,,,,,,,,,,,,,,,,,,,,
54808,20241212,-88.37,40.05,,,,,,,,,,,,,,,,,,,,,,,,,,,,
54808,20241213,-88.37,40.05,,,,,,,,,,,,,,,,,,,,,,,,,,,,
54808,20241214,-88.37,40.05,,,,,,,,,,,,,,,,,,,,,,,,,,,,
54808,20241215,-88.37,40.05,,,,,,,,,,,,,,,,,,,,,,,,,,,,
54808,20241216,-88.37,40.05,,,,,,,,,,,,,,,,,,,,,,,,,,,,
54808,20241217,-88.37,40.05,,,,,,,,,,,,,,,,,,,,,,,,,,,,
54808,20241218,-88.37,40.05,,,,,,,,,,,,,,,,,,,,,,,,,,,,
54808,20241219,-88.37,40.05,,,,,,,,,,,,,,,,,,,,,,,,,,,,
54808,20241220,-88.37,40.05,,,,,,,,,,,,,,,,,,,,,,,,,,,,
54808,20241221,-88.37,40.05,,,,,,,,,,,,,,,,,,,,,,,,,,,,
54808,20241222,-88.37,40.05,,,,,,,,,,,,,,,,,,,,,,,,,,,,
54808,20241223,-88.37,40.05,,,,,,,,,,,,,,,,,,,,,,,,,,,,
54808,20241224,-88.37,40.05,,,,,,,,,,,,,,,,,,,,,,,,,,,,
54808,20241225,-88.37,40.05,,,,,,,,,,,,,,,,,,,,,,,,,,,,
54808,20241226,-88.37,40.05,,,,,,,,,,,,,,,,,,,,,,,,,,,,
54808,20241227,-88.37,40.05,,,,,,,,,,,,,,,,,,,,,,,,,,,,
54808,20241228,-88.37,40.05,,,,,,,,,,,,,,,,,,,,,,,,,,,,
54808,20241229,-88.37,40.05,,,,,,,,,,,,,,,,,,,,,,,,,,,,
54808,20241230,-88.37,40.05,,,,,,,,,,,,,,,,,,,,,,,,,,,,
54808,20241231,-88.37,40.05,,,,,,,,,,,,,,,,,,,,,,,,,,,,
54808,20250101,-88.37,40.05,,,,,,,,,,,,,,,,,,,,,,,,,,,,
54808,20250102,-88.37,40.05,,,,,,,,,,,,,,,,,,,,,,,,,,,,
54808,20250103,-88.37,40.05,,,,,,,,,,,,,,,,,,,,,,,,,,,,
54808,20250104,-88.37,40.05,,,,,,,,,,,,,,,,,,,,,,,,,,,,
54808,20250105,-88.37,40.05,,,,,,,,,,,,,,,,,,,,,,,,,,,,
54808,20250106,-88.37,40.05,,,,,,,,,,,,,,,,,,,,,,,,,,,,
54808,20250107,-88.37,40.05,,,,,,,,,,,,,,,,,,,,,,,,,,,,
54808,20250108,-88.37,40.05,,,,,,,,,,,,,,,,,,,,,,,,,,,,
54808,20250109,-88.37,40.05,,,,,,,,,,,,,,,,,,,,,,,,,,,,
54808,20250110,-88.37,40.05,,,,,,,,,,,,,,,,,,,,,,,,,,,,
54808,20250111,-88.37,40.05,,,,,,,,,,,,,,,,,,,,,,,,,,,,
54808,20250112,-88.37,40.05,,,,,,,,,,,,,,,,,,,,,,,,,,,,
54808,20250113,-88.37,40.05,,,,,,,,,,,,,,,,,,,,,,,,,,,,
54808,20250114,-88.37,40.05,,,,,,,,,,,,,,,,,,,,,,,,,,,,
54808,20250115,-88.37,40.05,,,,,,,,,,,,,,,,,,,,,,,,,,,,
54808,20250116,-88.37,40.05,,,,,,,,,,,,,,,,,,,,,,,,,,,,
54808,20250117,-88.37,40.05,,,,,,,,,,,,,,,,,,,,,,,,,,,,
54808,20250118,-88.37,40.05,,,,,,,,,,,,,,,,,,,,,,,,,,,,
54808,20250119,-88.37,40.05,,,,,,,,,,,,,,,,,,,,,,,,,,,,
54808,20250120,-88.37,40.05,,,,,,,,,,,,,,,,,,,,,,,,,,,,
54808,20250121,-88.37,40.05,,,,,,,,,,,,,,,,,,,,,,,,,,,,
54808,20250122,-88.37,40.05,,,,,,,,,,,,,,,,,,,,,,,,,,,,
54808,20250123,-88.37,40.05,,,,,,,,,,,,,,,,,,,,,,,,,,,,
54808,20250124,-88.37,40.05,,,,,,,,,,,,,,,,,,,,,,,,,,,,
54808,20250125,-88.37,40.05,,,,,,,,,,,,,,,,,,,,,,,,,,,,
54808,20250126,-88.37,40.05,,,,,,,,,,,,,,,,,,,,,,,,,,,,
54808,20250127,-88.37,40.05,,,,,,,,,,,,,,,,,,,,,,,,,,,,
54808,20250128,-88.37,40.05,,,,,,,,,,,,,,,,,,,,,,,,,,,,
54808,20250129,-88.37,40.05,,,,,,,,,,,,,,,,,,,,,,,,,,,,
54808,20250130,-88.37,40.05,,,,,,,,,,,,,,,,,,,,,,,,,,,,
54808,20250131,-88.37,40.05,,,,,,,,,,,,,,,,,,,,,,,,,,,,
54808,20250201,-88.37,40.05,,,,,,,,,,,,,,,,,,,,,,,,,,,,
54808,20250202,-88.37,40.05,,,,,,,,,,,,,,,,,,,,,,,,,,,,
54808,20250203,-88.37,40.05,,,,,,,,,,,,,,,,,,,,,,,,,,,,
54808,20250204,-88.37,40.05,,,,,,,,,,,,,,,,,,,,,,,,,,,,
54808,20250205,-88.37,40.05,,,,,,,,,,,,,,,,,,,,,,,,,,,,
54808,20250206,-88.37,40.05,,,,,,,,,,,,,,,,,,,,,,,,,,,,
54808,20250207,-88.37,40.05,,,,,,,,,,,,,,,,,,,,,,,,,,,,
54808,20250208,-88.37,40.05,,,,,,,,,,,,,,,,,,,,,,,,,,,,
54808,20250209,-88.37,40.05,,,,,,,,,,,,,,,,,,,,,,,,,,,,
54808,20250210,-88.37,40.05,,,,,,,,,,,,,,,,,,,,,,,,,,,,
54808,20250211,-88.37,40.05,,,,,,,,,,,,,,,,,,,,,,,,,,,,
54808,20250212,-88.37,40.05,,,,,,,,,,,,,,,,,,,,,,,,,,,,
54808,20250213,-88.37,40.05,,,,,,,,,,,,,,,,,,,,,,,,,,,,
54808,20250214,-88.37,40.05,,,,,,,,,,,,,,,,,,,,,,,,,,,,
54808,20250215,-88.37,40.05,,,,,,,,,,,,,,,,,,,,,,,,,,,,
54808,20250216,-88.37,40.05,,,,,,,,,,,,,,,,,,,,,,,,,,,,
54808,20250217,-88.37,40.05,,,,,,,,,,,,,,,,,,,,,,,,,,,,
54808,20250218,-88.37,40.05,,,,,,,,,,,,,,,,,,,,,,,,,,,,
54808,20250219,-88.37,40.05,,,,,,,,,,,,,,,,,,,,,,,,,,,,
54808,20250220,-88.37,40.05,,,,,,,,,,,,,,,,,,,,,,,,,,,,
54808,20250221,-88.37,40.05,,,,,,,,,,,,,,,,,,,,,,,,,,,,
54808,20250222,-88.37,40.05,,,,,,,,,,,,,,,,,,,,,,,,,,,,
54808,20250223,-88.37,40.05,,,,,,,,,,,,,,,,,,,,,,,,,,,,
54808,20250224,-88.37,40.05,,,,,,,,,,,,,,,,,,,,,,,,,,,,
54808,20250225,-88.37,40.05,,,,,,,,,,,,,,,,,,,,,,,,,,,,
54808,20250226,-88.37,40.05,,,,,,,,,,,,,,,,,,,,,,,,,,,,
54808,20250227,-88.37,40.05,,,,,,,,,,,,,,,,,,,,,,,,,,,,
54808,20250228,-88.37,40.05,,,,,,,,,,,,,,,,,,,,,,,,,,,,
54808,20250301,-88.37,40.05,,,,,,,,,,,,,,,,,,,,,,,,,,,,
54808,20250302,-88.37,40.05,,,,,,,,,,,,,,,,,,,,,,,,,,,,
54808,20250303,-88.37,40.05,,,,,,,,,,,,,,,,,,,,,,,,,,,,
54808,20250304,-88.37,40.05,,,,,,,,,,,,,,,,,,,,,,,,,,,,
54808,20250305,-88.37,40.05,,,,,,,,,,,,,,,,,,,,,,,,,,,,
54808,20250306,-88.37,40.05,,,,,,,,,,,,,,,,,,,,,,,,,,,,
54808,20250307,-88.37,40.05,,,,,,,,,,,,,,,,,,,,,,,,,,,,
54808,20250308,-88.37,40.05,,,,,,,,,,,,,,,,,,,,,,,,,,,,
54808,20250309,-88.37,40.05,,,,,,,,,,,,,,,,,,,,,,,,,,,,
54808,20250310,-88.37,40.05,,,,,,,,,,,,,,,,,,,,,,,,,,,,
54808,20250311,-88.37,40.05,,,,,,,,,,,,,,,,,,,,,,,,,,,,
54808,20250312,-88.37,40.05,,,,,,,,,,,,,,,,,,,,,,,,,,,,
54808,20250313,-88.37,40.05,,,,,,,,,,,,,,,,,,,,,,,,,,,,
54808,20250314,-88.37,40.05,,,,,,,,,,,,,,,,,,,,,,,,,,,,
54808,20250315,-88.37,40.05,,,,,,,,,,,,,,,,,,,,,,,,,,,,
54808,20250316,-88.37,40.05,,,,,,,,,,,,,,,,,,,,,,,,,,,,
54808,20250317,-88.37,40.05,,,,,,,,,,,,,,,,,,,,,,,,,,,,
54808,20250318,-88.37,40.05,,,,,,,,,,,,,,,,,,,,,,,,,,,,
54808,20250319,-88.37,40.05,,,,,,,,,,,,,,,,,,,,,,,,,,,,
54808,20250320,-88.37,40.05,,,,,,,,,,,,,,,,,,,,,,,,,,,,
54808,20250321,-88.37,40.05,,,,,,,,,,,,,,,,,,,,,,,,,,,,
54808,20250322,-88.37,40.05,,,,,,,,,,,,,,,,,,,,,,,,,,,,
54808,20250323,-88.37,40.05,,,,,,,,,,,,,,,,,,,,,,,,,,,,
54808,20250324,-88.37,40.05,,,,,,,,,,,,,,,,,,,,,,,,,,,,
54808,20250325,-88.37,40.05,,,,,,,,,,,,,,,,,,,,,,,,,,,,
54808,20250326,-88.37,40.05,,,,,,,,,,,,,,,,,,,,,,,,,,,,
54808,20250327,-88.37,40.05,,,,,,,,,,,,,,,,,,,,,,,,,,,,
54808,20250328,-88.37,40.05,,,,,,,,,,,,,,,,,,,,,,,,,,,,
54808,20250329,-88.37,40.05,,,,,,,,,,,,,,,,,,,,,,,,,,,,
54808,20250330,-88.37,40.05,,,,,,,,,,,,,,,,,,,,,,,,,,,,
54808,20250331,-88.37,40.05,,,,,,,,,,,,,,,,,,,,,,,,,,,,
54808,20250401,-88.37,40.05,,,,,,,,,,,,,,,,,,,,,,,,,,,,
54808,20250402,-88.37,40.05,,,,,,,,,,,,,,,,,,,,,,,,,,,,
54808,20250403,-88.37,40.05,,,,,,,,,,,,,,,,,,,,,,,,,,,,
54808,20250404,-88.37,40.05,,,,,,,,,,,,,,,,,,,,,,,,,,,,
54808,20250405,-88.37,40.05,,,,,,,,,,,,,,,,,,,,,,,,,,,,
54808,20250406,-88.37,40.05,,,,,,,,,,,,,,,,,,,,,,,,,,,,
54808,20250407,-88.37,40.05,,,,,,,,,,,,,,,,,,,,,,,,,,,,
54808,20250408,-88.37,40.05,,,,,,,,,,,,,,,,,,,,,,,,,,,,
54808,20250409,-88.37,40.05,,,,,,,,,,,,,,,,,,,,,,,,,,,,
54808,20250410,-88.37,40.05,,,,,,,,,,,,,,,,,,,,,,,,,,,,
54808,20250411,-88.37,40.05,,,,,,,,,,,,,,,,,,,,,,,,,,,,
54808,20250412,-88.37,40.05,,,,,,,,,,,,,,,,,,,,,,,,,,,,
54808,20250413,-88.37,40.05,,,,,,,,,,,,,,,,,,,,,,,,,,,,
54808,20250414,-88.37,40.05,,,,,,,,,,,,,,,,,,,,,,,,,,,,
54808,20250415,-88.37,40.05,,,,,,,,,,,,,,,,,,,,,,,,,,,,
54808,20250416,-88.37,40.05,,,,,,,,,,,,,,,,,,,,,,,,,,,,
54808,20250417,-88.37,40.05,,,,,,,,,,,,,,,,,,,,,,,,,,,,
54808,20250418,-88.37,40.05,,,,,,,,,,,,,,,,,,,,,,,,,,,,
54808,20250419,-88.37,40.05,,,,,,,,,,,,,,,,,,,,,,,,,,,,
54808,20250420,-88.37,40.05,,,,,,,,,,,,,,,,,,,,,,,,,,,,
54808,20250421,-88.37,40.05,,,,,,,,,,,,,,,,,,,,,,,,,,,,
54808,20250422,-88.37,40.05,,,,,,,,,,,,,,,,,,,,,,,,,,,,
54808,20250423,-88.37,40.05,,,,,,,,,,,,,,,,,,,,,,,,,,,,
54808,20250424,-88.37,40.05,,,,,,,,,,,,,,,,,,,,,,,,,,,,
54808,20250425,-88.37,40.05,,,,,,,,,,,,,,,,,,,,,,,,,,,,
54808,20250426,-88.37,40.05,,,,,,,,,,,,,,,,,,,,,,,,,,,,
54808,20250427,-88.37,40.05,,,,,,,,,,,,,,,,,,,,,,,,,,,,
54808,20250428,-88.37,40.05,,,,,,,,,,,,,,,,,,,,,,,,,,,,
54808,20250429,-88.37,40.05,,,,,,,,,,,,,,,,,,,,,,,,,,,,
54808,20250430,-88.37,40.05,,,,,,,,,,,,,,,,,,,,,,,,,,,,
54808,20250501,-88.37,40.05,,,,,,,,,,,,,,,,,,,,,,,,,,,,
54808,20250502,-88.37,40.05,,,,,,,,,,,,,,,,,,,,,,,,,,,,
54808,20250503,-88.37,40.05,,,,,,,,,,,,,,,,,,,,,,,,,,,,
54808,20250504,-88.37,40.05,,,,,,,,,,,,,,,,,,,,,,,,,,,,
54808,20250505,-88.37,40.05,,,,,,,,,,,,,,,,,,,,,,,,,,,,
54808,20250506,-88.37,40.05,,,,,,,,,,,,,,,,,,,,,,,,,,,,
54808,20250507,-88.37,40.05,,,,,,,,,,,,,,,,,,,,,,,,,,,,
54808,20250508,-88.37,40.05,,,,,,,,,,,,,,,,,,,,,,,,,,,,
54808,20250509,-88.37,40.05,,,,,,,,,,,,,,,,,,,,,,,,,,,,
54808,20250510,-88.37,40.05,,,,,,,,,,,,,,,,,,,,,,,,,,,,
54808,20250511,-88.37,40.05,,,,,,,,,,,,,,,,,,,,,,,,,,,,
54808,20250512,-88.37,40.05,,,,,,,,,,,,,,,,,,,,,,,,,,,,
54808,20250513,-88.37,40.05,,,,,,,,,,,,,,,,,,,,,,,,,,,,
54808,20250514,-88.37,40.05,,,,,,,,,,,,,,,,,,,,,,,,,,,,
54808,20250515,-88.37,40.05,,,,,,,,,,,,,,,,,,,,,,,,,,,,
54808,20250516,-88.37,40.05,,,,,,,,,,,,,,,,,,,,,,,,,,,,
54808,20250517,-88.37,40.05,,,,,,,,,,,,,,,,,,,,,,,,,,,,
54808,20250518,-88.37,40.05,,,,,,,,,,,,,,,,,,,,,,,,,,,,
54808,20250519,-88.37,40.05,,,,,,,,,,,,,,,,,,,,,,,,,,,,
54808,20250520,-88.37,40.05,,,,,,,,,,,,,,,,,,,,,,,,,,,,
54808,20250521,-88.37,40.05,,,,,,,,,,,,,,,,,,,,,,,,,,,,
54808,20250522,-88.37,40.05,,,,,,,,,,,,,,,,,,,,,,,,,,,,
54808,20250523,-88.37,40.05,,,,,,,,,,,,,,,,,,,,,,,,,,,,
54808,20250524,-88.37,40.05,,,,,,,,,,,,,,,,,,,,,,,,,,,,
54808,20250525,-88.37,40.05,,,,,,,,,,,,,,,,,,,,,,,,,,,,
54808,20250526,-88.37,40.05,,,,,,,,,,,,,,,,,,,,,,,,,,,,
54808,20250527,-88.37,40.05,,,,,,,,,,,,,,,,,,,,,,,,,,,,
54808,20250528,-88.37,40.05,,,,,,,,,,,,,,,,,,,,,,,,,,,,
54808,20250529,-88.37,40.05,,,,,,,,,,,,,,,,,,,,,,,,,,,,
54808,20250530,-88.37,40.05,,,,,,,,,,,,,,,,,,,,,,,,,,,,
54808,20250531,-88.37,40.05,,,,,,,,,,,,,,,,,,,,,,,,,,,,
54808,20250601,-88.37,40.05,,,,,,,,,,,,,,,,,,,,,,,,,,,,
54808,20250602,-88.37,40.05,,,,,,,,,,,,,,,,,,,,,,,,,,,,
54808,20250603,-88.37,40.05,,,,,,,,,,,,,,,,,,,,,,,,,,,,
54808,20250604,-88.37,40.05,,,,,,,,,,,,,,,,,,,,,,,,,,,,
54808,20250605,-88.37,40.05,,,,,,,,,,,,,,,,,,,,,,,,,,,,
54808,20250606,-88.37,40.05,,,,,,,,,,,,,,,,,,,,,,,,,,,,
54808,20250607,-88.37,40.05,,,,,,,,,,,,,,,,,,,,,,,,,,,,
54808,20250608,-88.37,40.05,,,,,,,,,,,,,,,,,,,,,,,,,,,,
54808,20250609,-88.37,40.05,,,,,,,,,,,,,,,,,,,,,,,,,,,,
54808,20250610,-88.37,40.05,,,,,,,,,,,,,,,,,,,,,,,,,,,,
54808,20250611,-88.37,40.05,,,,,,,,,,,,,,,,,,,,,,,,,,,,
54808,20250612,-88.37,40.05,,,,,,,,,,,,,,,,,,,,,,,,,,,,
54808,20250613,-88.37,40.05,,,,,,,,,,,,,,,,,,,,,,,,,,,,
54808,20250614,-88.37,40.05,,,,,,,,,,,,,,,,,,,,,,,,,,,,
54808,20250615,-88.37,40.05,,,,,,,,,,,,,,,,,,,,,,,,,,,,
54808,20250616,-88.37,40.05,,,,,,,,,,,,,,,,,,,,,,,,,,,,
54808,20250617,-88.37,40.05,,,,,,,,,,,,,,,,,,,,,,,,,,,,
54808,20250618,-88.37,40.05,,,,,,,,,,,,,,,,,,,,,,,,,,,,
54808,20250619,-88.37,40.05,,,,,,,,,,,,,,,,,,,,,,,,,,,,
54808,20250620,-88.37,40.05,,,,,,,,,,,,,,,,,,,,,,,,,,,,
54808,20250621,-88.37,40.05,,,,,,,,,,,,,,,,,,,,,,,,,,,,
54808,20250622,-88.37,40.05,,,,,,,,,,,,,,,,,,,,,,,,,,,,
54808,20250623,-88.37,40.05,,,,,,,,,,,,,,,,,,,,,,,,,,,,
54808,20250624,-88.37,40.05,,,,,,,,,,,,,,,,,,,,,,,,,,,,
54808,20250625,-88.37,40.05,,,,,,,,,,,,,,,,,,,,,,,,,,,,
54808,20250626,-88.37,40.05,,,,,,,,,,,,,,,,,,,,,,,,,,,,
54808,20250627,-88.37,40.05,,,,,,,,,,,,,,,,,,,,,,,,,,,,
54808,20250628,-88.37,40.05,,,,,,,,,,,,,,,,,,,,,,,,,,,,
54808,20250629,-88.37,40.05,,,,,,,,,,,,,,,,,,,,,,,,,,,,
54808,20250630,-88.37,40.05,,,,,,,,,,,,,,,,,,,,,,,,,,,,
54808,20250701,-88.37,40.05,,,,,,,,,,,,,,,,,,,,,,,,,,,,
54808,20250702,-88.37,40.05,,,,,,,,,,,,,,,,,,,,,,,,,,,,
54808,20250703,-88.37,40.05,,,,,,,,,,,,,,,,,,,,,,,,,,,,
54808,20250704,-88.37,40.05,,,,,,,,,,,,,,,,,,,,,,,,,,,,
54808,20250705,-88.37,40.05,,,,,,,,,,,,,,,,,,,,,,,,,,,,
54808,20250706,-88.37,40.05,,,,,,,,,,,,,,,,,,,,,,,,,,,,
54808,20250707,-88.37,40.05,,,,,,,,,,,,,,,,,,,,,,,,,,,,
54808,20250708,-88.37,40.05,,,,,,,,,,,,,,,,,,,,,,,,,,,,
54808,20250709,-88.37,40.05,,,,,,,,,,,,,,,,,,,,,,,,,,,,
54808,20250710,-88.37,40.05,,,,,,,,,,,,,,,,,,,,,,,,,,,,
54808,20250711,-88.37,40.05,,,,,,,,,,,,,,,,,,,,,,,,,,,,
54808,20250712,-88.37,40.05,,,,,,,,,,,,,,,,,,,,,,,,,,,,
54808,20250713,-88.37,40.05,,,,,,,,,,,,,,,,,,,,,,,,,,,,
54808,20250714,-88.37,40.05,,,,,,,,,,,,,,,,,,,,,,,,,,,,
54808,20250715,-88.37,40.05,,,,,,,,,,,,,,,,,,,,,,,,,,,,
54808,20250716,-88.37,40.05,,,,,,,,,,,,,,,,,,,,,,,,,,,,
54808,20250717,-88.37,40.05,,,,,,,,,,,,,,,,,,,,,,,,,,,,
54808,20250718,-88.37,40.05,,,,,,,,,,,,,,,,,,,,,,,,,,,,
54808,20250719,-88.37,40.05,,,,,,,,,,,,,,,,,,,,,,,,,,,,
54808,20250720,-88.37,40.05,,,,,,,,,,,,,,,,,,,,,,,,,,,,
54808,20250721,-88.37,40.05,,,,,,,,,,,,,,,,,,,,,,,,,,,,
54808,20250722,-88.37,40.05,,,,,,,,,,,,,,,,,,,,,,,,,,,,
54808,20250723,-88.37,40.05,,,,,,,,,,,,,,,,,,,,,,,,,,,,
54808,20250724,-88.37,40.05,,,,,,,,,,,,,,,,,,,,,,,,,,,,
54808,20250725,-88.37,40.05,,,,,,,,,,,,,,,,,,,,,,,,,,,,
54808,20250726,-88.37,40.05,,,,,,,,,,,,,,,,,,,,,,,,,,,,
54808,20250727,-88.37,40.05,,,,,,,,,,,,,,,,,,,,,,,,,,,,
54808,20250728,-88.37,40.05,,,,,,,,,,,,,,,,,,,,,,,,,,,,
54808,20250729,-88.37,40.05,,,,,,,,,,,,,,,,,,,,,,,,,,,,
54808,20250730,-88.37,40.05,,,,,,,,,,,,,,,,,,,,,,,,,,,,
54808,20250731,-88.37,40.05,,,,,,,,,,,,,,,,,,,,,,,,,,,,
54808,20250801,-88.37,40.05,,,,,,,,,,,,,,,,,,,,,,,,,,,,
54808,20250802,-88.37,40.05,,,,,,,,,,,,,,,,,,,,,,,,,,,,
54808,20250803,-88.37,40.05,,,,,,,,,,,,,,,,,,,,,,,,,,,,
54808,20250804,-88.37,40.05,,,,,,,,,,,,,,,,,,,,,,,,,,,,
54808,20250805,-88.37,40.05,,,,,,,,,,,,,,,,,,,,,,,,,,,,
54808,20250806,-88.37,40.05,,,,,,,,,,,,,,,,,,,,,,,,,,,,
54808,20250807,-88.37,40.05,,,,,,,,,,,,,,,,,,,,,,,,,,,,
54808,20250808,-88.37,40.05,,,,,,,,,,,,,,,,,,,,,,,,,,,,
54808,20250809,-88.37,40.05,,,,,,,,,,,,,,,,,,,,,,,,,,,,
54808,20250810,-88.37,40.05,,,,,,,,,,,,,,,,,,,,,,,,,,,,
54808,20250811,-88.37,40.05,,,,,,,,,,,,,,,,,,,,,,,,,,,,
54808,20250812,-88.37,40.05,,,,,,,,,,,,,,,,,,,,,,,,,,,,
54808,20250813,-88.37,40.05,,,,,,,,,,,,,,,,,,,,,,,,,,,,
54808,20250814,-88.37,40.05,,,,,,,,,,,,,,,,,,,,,,,,,,,,
54808,20250815,-88.37,40.05,,,,,,,,,,,,,,,,,,,,,,,,,,,,
54808,20250816,-88.37,40.05,,,,,,,,,,,,,,,,,,,,,,,,,,,,
54808,20250817,-88.37,40.05,,,,,,,,,,,,,,,,,,,,,,,,,,,,
54808,20250818,-88.37,40.05,,,,,,,,,,,,,,,,,,,,,,,,,,,,
54808,20250819,-88.37,40.05,,,,,,,,,,,,,,,,,,,,,,,,,,,,
54808,20250820,-88.37,40.05,,,,,,,,,,,,,,,,,,,,,,,,,,,,
54808,20250821,-88.37,40.05,,,,,,,,,,,,,,,,,,,,,,,,,,,,
54808,20250822,-88.37,40.05,,,,,,,,,,,,,,,,,,,,,,,,,,,,
54808,20250823,-88.37,40.05,,,,,,,,,,,,,,,,,,,,,,,,,,,,
54808,20250824,-88.37,40.05,,,,,,,,,,,,,,,,,,,,,,,,,,,,
54808,20250825,-88.37,40.05,,,,,,,,,,,,,,,,,,,,,,,,,,,,
54808,20250826,-88.37,40.05,,,,,,,,,,,,,,,,,,,,,,,,,,,,
54808,20250827,-88.37,40.05,,,,,,,,,,,,,,,,,,,,,,,,,,,,
54808,20250828,-88.37,40.05,,,,,,,,,,,,,,,,,,,,,,,,,,,,
54808,20250829,-88.37,40.05,,,,,,,,,,,,,,,,,,,,,,,,,,,,
54808,20250830,-88.37,40.05,,,,,,,,,,,,,,,,,,,,,,,,,,,,
54808,20250831,-88.37,40.05,,,,,,,,,,,,,,,,,,,,,,,,,,,,
54808,20250901,-88.37,40.05,,,,,,,,,,,,,,,,,,,,,,,,,,,,
54808,20250902,-88.37,40.05,,,,,,,,,,,,,,,,,,,,,,,,,,,,
54808,20250903,-88.37,40.05,,,,,,,,,,,,,,,,,,,,,,,,,,,,
54808,20250904,-88.37,40.05,,,,,,,,,,,,,,,,,,,,,,,,,,,,
54808,20250905,-88.37,40.05,,,,,,,,,,,,,,,,,,,,,,,,,,,,
54808,20250906,-88.37,40.05,,,,,,,,,,,,,,,,,,,,,,,,,,,,
54808,20250907,-88.37,40.05,,,,,,,,,,,,,,,,,,,,,,,,,,,,
54808,20250908,-88.37,40.05,,,,,,,,,,,,,,,,,,,,,,,,,,,,
54808,20250909,-88.37,40.05,,,,,,,,,,,,,,,,,,,,,,,,,,,,
54808,20250910,-88.37,40.05,,,,,,,,,,,,,,,,,,,,,,,,,,,,
54808,20250911,-88.37,40.05,,,,,,,,,,,,,,,,,,,,,,,,,,,,
54808,20250912,-88.37,40.05,,,,,,,,,,,,,,,,,,,,,,,,,,,,
54808,20250913,-88.37,40.05,,,,,,,,,,,,,,,,,,,,,,,,,,,,
54808,20250914,-88.37,40.05,,,,,,,,,,,,,,,,,,,,,,,,,,,,
54808,20250915,-88.37,40.05,,,,,,,,,,,,,,,,,,,,,,,,,,,,
54808,20250916,-88.37,40.05,,,,,,,,,,,,,,,,,,,,,,,,,,,,
54808,20250917,-88.37,40.05,,,,,,,,,,,,,,,,,,,,,,,,,,,,
54808,20250918,-88.37,40.05,,,,,,,,,,,,,,,,,,,,,,,,,,,,
54808,20250919,-88.37,40.05,,,,,,,,,,,,,,,,,,,,,,,,,,,,
54808,20250920,-88.37,40.05,,,,,,,,,,,,,,,,,,,,,,,,,,,,
54808,20250921,-88.37,40.05,,,,,,,,,,,,,,,,,,,,,,,,,,,,
54808,20250922,-88.37,40.05,,,,,,,,,,,,,,,,,,,,,,,,,,,,
54808,20250923,-88.37,40.05,,,,,,,,,,,,,,,,,,,,,,,,,,,,
54808,20250924,-88.37,40.05,,,,,,,,,,,,,,,,,,,,,,,,,,,,
54808,20250925,-88.37,40.05,,,,,,,,,,,,,,,,,,,,,,,,,,,,
54808,20250926,-88.37,40.05,,,,,,,,,,,,,,,,,,,,,,,,,,,,
54808,20250927,-88.37,40.05,,,,,,,,,,,,,,,,,,,,,,,,,,,,
54808,20250928,-88.37,40.05,,,,,,,,,,,,,,,,,,,,,,,,,,,,
54808,20250929,-88.37,40.05,,,,,,,,,,,,,,,,,,,,,,,,,,,,
54808,20250930,-88.37,40.05,,,,,,,,,,,,,,,,,,,,,,,,,,,,
54808,20251001,-88.37,40.05,,,,,,,,,,,,,,,,,,,,,,,,,,,,
54808,20251002,-88.37,40.05,,,,,,,,,,,,,,,,,,,,,,,,,,,,
54808,20251003,-88.37,40.05,,,,,,,,,,,,,,,,,,,,,,,,,,,,
54808,20251004,-88.37,40.05,,,,,,,,,,,,,,,,,,,,,,,,,,,,
54808,20251005,-88.37,40.05,,,,,,,,,,,,,,,,,,,,,,,,,,,,
54808,20251006,-88.37,40.05,,,,,,,,,,,,,,,,,,,,,,,,,,,,
54808,20251007,-88.37,40.05,,,,,,,,,,,,,,,,,,,,,,,,,,,,
54808,20251008,-88.37,40.05,,,,,,,,,,,,,,,,,,,,,,,,,,,,
54808,20251009,-88.37,40.05,,,,,,,,,,,,,,,,,,,,,,,,,,,,
54808,20251010,-88.37,40.05,,,,,,,,,,,,,,,,,,,,,,,,,,,,
54808,20251011,-88.37,40.05,,,,,,,,,,,,,,,,,,,,,,,,,,,,
54808,20251012,-88.37,40.05,,,,,,,,,,,,,,,,,,,,,,,,,,,,
54808,20251013,-88.37,40.05,,,,,,,,,,,,,,,,,,,,,,,,,,,,
54808,20251014,-88.37,40.05,,,,,,,,,,,,,,,,,,,,,,,,,,,,
54808,20251015,-88.37,40.05,,,,,,,,,,,,,,,,,,,,,,,,,,,,
54808,20251016,-88.37,40.05,,,,,,,,,,,,,,,,,,,,,,,,,,,,
54808,20251017,-88.37,40.05,,,,,,,,,,,,,,,,,,,,,,,,,,,,
54808,20251018,-88.37,40.05,,,,,,,,,,,,,,,,,,,,,,,,,,,,
54808,20251019,-88.37,40.05,,,,,,,,,,,,,,,,,,,,,,,,,,,,
54808,20251020,-88.37,40.05,,,,,,,,,,,,,,,,,,,,,,,,,,,,
54808,20251021,-88.37,40.05,,,,,,,,,,,,,,,,,,,,,,,,,,,,
54808,20251022,-88.37,40.05,,,,,,,,,,,,,,,,,,,,,,,,,,,,
54808,20251023,-88.37,40.05,,,,,,,,,,,,,,,,,,,,,,,,,,,,
54808,20251024,-88.37,40.05,,,,,,,,,,,,,,,,,,,,,,,,,,,,
54808,20251025,-88.37,40.05,,,,,,,,,,,,,,,,,,,,,,,,,,,,
54808,20251026,-88.37,40.05,,,,,,,,,,,,,,,,,,,,,,,,,,,,
54808,20251027,-88.37,40.05,,,,,,,,,,,,,,,,,,,,,,,,,,,,
54808,20251028,-88.37,40.05,,,,,,,,,,,,,,,,,,,,,,,,,,,,
54808,20251029,-88.37,40.05,,,,,,,,,,,,,,,,,,,,,,,,,,,,
54808,20251030,-88.37,40.05,,,,,,,,,,,,,,,,,,,,,,,,,,,,
54808,20251031,-88.37,40.05,,,,,,,,,,,,,,,,,,,,,,,,,,,,
54808,20251101,-88.37,40.05,,,,,,,,,,,,,,,,,,,,,,,,,,,,
54808,20251102,-88.37,40.05,,,,,,,,,,,,,,,,,,,,,,,,,,,,
54808,20251103,-88.37,40.05,,,,,,,,,,,,,,,,,,,,,,,,,,,,
54808,20251104,-88.37,40.05,,,,,,,,,,,,,,,,,,,,,,,,,,,,
54808,20251105,-88.37,40.05,,,,,,,,,,,,,,,,,,,,,,,,,,,,
54808,20251106,-88.37,40.05,,,,,,,,,,,,,,,,,,,,,,,,,,,,
54808,20251107,-88.37,40.05,,,,,,,,,,,,,,,,,,,,,,,,,,,,
54808,20251108,-88.37,40.05,,,,,,,,,,,,,,,,,,,,,,,,,,,,
54808,20251109,-88.37,40.05,,,,,,,,,,,,,,,,,,,,,,,,,,,,
54808,20251110,-88.37,40.05,,,,,,,,,,,,,,,,,,,,,,,,,,,,
54808,20251111,-88.37,40.05,,,,,,,,,,,,,,,,,,,,,,,,,,,,
54808,20251112,-88.37,40.05,,,,,,,,,,,,,,,,,,,,,,,,,,,,
54808,20251113,-88.37,40.05,,,,,,,,,,,,,,,,,,,,,,,,,,,,
54808,20251114,-88.37,40.05,,,,,,,,,,,,,,,,,,,,,,,,,,,,
54808,20251115,-88.37,40.05,,,,,,,,,,,,,,,,,,,,,,,,,,,,
54808,20251116,-88.37,40.05,,,,,,,,,,,,,,,,,,,,,,,,,,,,
54808,20251117,-88.37,40.05,,,,,,,,,,,,,,,,,,,,,,,,,,,,
54808,20251118,-88.37,40.05,,,,,,,,,,,,,,,,,,,,,,,,,,,,
54808,20251119,-88.37,40.05,,,,,,,,,,,,,,,,,,,,,,,,,,,,
54808,20251120,-88.37,40.05,,,,,,,,,,,,,,,,,,,,,,,,,,,,
54808,20251121,-88.37,40.05,,,,,,,,,,,,,,,,,,,,,,,,,,,,
54808,20251122,-88.37,40.05,,,,,,,,,,,,,,,,,,,,,,,,,,,,
54808,20251123,-88.37,40.05,,,,,,,,,,,,,,,,,,,,,,,,,,,,
54808,20251124,-88.37,40.05,,,,,,,,,,,,,,,,,,,,,,,,,,,,
54808,20251125,-88.37,40.05,,,,,,,,,,,,,,,,,,,,,,,,,,,,
54808,20251126,-88.37,40.05,,,,,,,,,,,,,,,,,,,,,,,,,,,,
54808,20251127,-88.37,40.05,,,,,,,,,,,,,,,,,,,,,,,,,,,,
54808,20251128,-88.37,40.05,,,,,,,,,,,,,,,,,,,,,,,,,,,,
54808,20251129,-88.37,40.05,,,,,,,,,,,,,,,,,,,,,,,,,,,,
54808,20251130,-88.37,40.05,,,,,,,,,,,,,,,,,,,,,,,,,,,,
54808,20251201,-88.37,40.05,,,,,,,,,,,,,,,,,,,,,,,,,,,,
54808,20251202,-88.37,40.05,,,,,,,,,,,,,,,,,,,,,,,,,,,,
54808,20251203,-88.37,40.05,,,,,,,,,,,,,,,,,,,,,,,,,,,,
54808,20251204,-88.37,40.05,,,,,,,,,,,,,,,,,,,,,,,,,,,,
54808,20251205,-88.37,40.05,,,,,,,,,,,,,,,,,,,,,,,,,,,,
54808,20251206,-88.37,40.05,,,,,,,,,,,,,,,,,,,,,,,,,,,,
54808,20251207,-88.37,40.05,,,,,,,,,,,,,,,,,,,,,,,,,,,,
54808,20251208,-88.37,40.05,,,,,,,,,,,,,,,,,,,,,,,,,,,,
54808,20251209,-88.37,40.05,,,,,,,,,,,,,,,,,,,,,,,,,,,,
54808,20251210,-88.37,40.05,,,,,,,,,,,,,,,,,,,,,,,,,,,,
54808,20251211,-88.37,40.05,,,,,,,,,,,,,,,,,,,,,,,,,,,,
54808,20251212,-88.37,40.05,,,,,,,,,,,,,,,,,,,,,,,,,,,,
54808,20251213,-88.37,40.05,,,,,,,,,,,,,,,,,,,,,,,,,,,,
54808,20251214,-88.37,40.05,,,,,,,,,,,,,,,,,,,,,,,,,,,,
54808,20251215,-88.37,40.05,,,,,0.358,-0.3,0.741,0.19,0.337,-0.44,0.247,0,0.151,,,,0.205,,,,,,,,,,,
54808,20251216,-88.37,40.05,,,,,0.338,-0.61,0.839,0.095,0.344,-0.35,0.155,0,0.151,,,,0.204,,,,,,,,,,,
54808,20251217,-88.37,40.05,,,,,0.316,-0.95,0.964,0,0.353,-0.22,0.012,0,0.151,,,,0.204,,,,,,,,,,,
54808,20251218,-88.37,40.05,,,,,0.314,-1,1,0,0.355,-0.21,0,0,0.151,,,,0.204,,,,,,,,,,,
54808,20251219,-88.37,40.05,,,,,0.32,-0.93,0.893,0,0.36,-0.14,0,0.101,0.152,,,,0.204,,,,,,,,,,,
54808,20251220,-88.37,40.05,,,,,0.321,-0.93,0.893,0,0.364,-0.07,0,0.125,0.155,,,,0.204,,,,,,,,,,,
54808,20251221,-88.37,40.05,,,,,0.315,-1.05,0.893,0,0.368,0,0,0.125,0.159,,,,0.204,,,,,,,,,,,
54808,20251222,-88.37,40.05,,,,,0.306,-1.21,0.893,0,0.371,0.05,0,0.125,0.163,,,,0.204,,,,,,,,,,,
54808,20251223,-88.37,40.05,,,,,0.3,-1.34,0.893,0,0.375,0.11,0,0.125,0.168,,,,0.204,,,,,,,,,,,
54808,20251224,-88.37,40.05,,,,,0.304,-1.29,0.893,0,0.378,0.17,0,0.125,0.173,,,,0.204,,,,,,,,,,,
54808,20251225,-88.37,40.05,,,,,0.307,-1.25,0.893,0,0.381,0.23,0,0.125,0.178,,,,0.204,,,,,,,,,,,
54808,20251226,-88.37,40.05,,,,,0.305,-1.31,1,0,0.38,0.21,0,0.024,0.182,,,,0.204,,,,,,,,,,,
54808,20251227,-88.37,40.05,,,,,0.306,-1.29,1,0,0.379,0.19,0,0,0.185,,,,0.204,,,,,,,,,,,
54808,20251228,-88.37,40.05,0.176,-3.1,1,0,0.316,-1.16,1,0,0.378,0.18,0,0,0.186,,,,0.204,,,,0.253,-2.4,1,0,0.255,,,
54808,20251229,-88.37,40.05,0.18,-3.08,1,0,0.328,-0.96,1,0,0.378,0.17,0,0,0.188,,,,0.204,,,,0.256,-2.35,1,0,0.256,,,
54808,20251230,-88.37,40.05,0.183,-3.06,1,0,0.338,-0.81,1,0,0.378,0.15,0,0,0.189,,,,0.204,,,,0.26,-2.29,1,0,0.258,,,
54808,20251231,-88.37,40.05,,,,,0.325,-1.04,1,0,0.377,0.14,0,0,0.19,,,,0.204,,,,,,,,,,,
54808,20260101,-88.37,40.05,,,,,0.319,-1.18,1,0,0.377,0.13,0,0,0.19,,,,0.204,,,,,,,,,,,
54808,20260102,-88.37,40.05,,,,,0.318,-1.21,1,0,0.376,0.11,0,0,0.191,,,,0.204,,,,,,,,,,,
54808,20260103,-88.37,40.05,,,,,0.317,-1.27,0.988,0,0.376,0.1,0,0,0.192,,,,0.204,,,,,,,,,,,
54808,20260104,-88.37,40.05,,,,,0.308,-1.47,0.899,0,0.375,0.08,0,0,0.192,,,,0.204,,,,,,,,,,,
54808,20260105,-88.37,40.05,,,,,0.301,-1.65,0.827,0,0.375,0.07,0,0,0.193,,,,0.204,,,,,,,,,,,
54808,20260106,-88.37,40.05,,,,,0.3,-1.7,0.827,0,0.375,0.06,0,0,0.193,,,,0.204,,,,,,,,,,,
54808,20260107,-88.37,40.05,,,,,0.312,-1.53,0.827,0,0.375,0.05,0,0,0.194,,,,0.204,,,,,,,,,,,
54808,20260108,-88.37,40.05,,,,,0.318,-1.46,0.827,0,0.374,0.05,0,0,0.194,,,,0.204,,,,,,,,,,,
54808,20260109,-88.37,40.05,,,,,0.319,-1.46,0.827,0,0.375,0.06,0,0.048,0.194,,,,0.204,,,,,,,,,,,
54808,20260110,-88.37,40.05,,,,,0.323,-1.4,0.839,0,0.377,0.11,0,0.19,0.195,,,,0.204,,,,,,,,,,,
54808,20260111,-88.37,40.05,0.19,,,,0.334,-1.19,0.929,0,0.379,0.15,0,0.268,0.198,,,,0.204,,,,0.266,,,,0.263,,,
54808,20260112,-88.37,40.05,0.191,,,,0.344,-1.05,1,0,0.38,0.2,0,0.345,0.202,,,,0.204,,,,0.267,,,,0.264,,,
54808,20260113,-88.37,40.05,0.191,,,,0.346,-1.02,1,0,0.382,0.24,0,0.399,0.206,,,,0.204,,,,0.268,,,,0.265,,,
54808,20260114,-88.37,40.05,0.194,,,,0.347,-0.98,1,0,0.383,0.28,0,0.417,0.21,,,,0.204,,,,0.271,,,,0.267,,,
54808,20260115,-88.37,40.05,,,,,0.349,-0.89,1,0,0.385,0.31,0,0.446,0.216,,,,0.204,,,,,,,,,,,
54808,20260116,-88.37,40.05,,,,,0.339,-0.82,1,0,0.385,0.34,0,0.47,0.221,,,,0.204,,,,,,,,,,,
54808,20260117,-88.37,40.05,,,,,0.324,-0.86,1,0,0.385,0.32,0,0.363,0.226,,,,0.204,,,,,,,,,,,
54808,20260118,-88.37,40.05,,,,,0.308,-0.88,1,0,0.384,0.32,0,0.351,0.229,,,,0.204,,,,,,,,,,,
54808,20260119,-88.37,40.05,,,,,0.3,,,,0.38,0.21,0.054,0.298,0.231,,,,0.204,,,,,,,,,,,
54808,20260120,-88.37,40.05,,,,,,,,,0.37,-0.09,0.196,0.244,0.233,,,,0.204,,,,,,,,,,,
54808,20260121,-88.37,40.05,,,,,,,,,0.36,-0.39,0.339,0.226,0.234,,,,0.204,,,,,,,,,,,
54808,20260122,-88.37,40.05,,,,,,,,,0.349,-0.7,0.482,0.196,0.234,,,,0.204,,,,,,,,,,,
54808,20260123,-88.37,40.05,,,,,,,,,0.339,-1.02,0.625,0.125,0.235,,,,0.204,,,,,,,,,,,
54808,20260124,-88.37,40.05,,,,,,,,,0.329,-1.32,0.75,0.096,0.235,,,,0.204,,,,,,,,,,,
54808,20260125,-88.37,40.05,,,,,,,,,,,,,0.235,,,,0.204,,,,,,,,,,,
54808,20260126,-88.37,40.05,,,,,,,,,,,,,0.235,,,,0.204,,,,,,,,,,,
54808,20260127,-88.37,40.05,,,,,,,,,,,,,0.235,,,,0.204,,,,,,,,,,,
54808,20260128,-88.37,40.05,,,,,,,,,,,,,0.235,,,,0.204,,,,,,,,,,,
54808,20260129,-88.37,40.05,,,,,,,,,,,,,0.236,,,,0.204,,,,,,,,,,,
54808,20260130,-88.37,40.05,,,,,,,,,,,,,0.236,,,,0.204,,,,,,,,,,,
54808,20260131,-88.37,40.05,,,,,,,,,,,,,0.237,,,,0.204,,,,,,,,,,,
54808,20260201,-88.37,40.05,,,,,,,,,,,,,0.238,,,,0.204,,,,,,,,,,,
54808,20260202,-88.37,40.05,,,,,,,,,,,,,0.24,,,,0.204,,,,,,,,,,,
54808,20260203,-88.37,40.05,,,,,,,,,,,,,0.241,,,,0.204,,,,,,,,,,,
54808,20260204,-88.37,40.05,,,,,,,,,,,,,0.242,,,,0.204,,,,,,,,,,,
54808,20260205,-88.37,40.05,,,,,,,,,,,,,0.243,,,,0.204,,,,,,,,,,,
54808,20260206,-88.37,40.05,,,,,,,,,,,,,0.244,,,,0.204,,,,,,,,,,,
54808,20260207,-88.37,40.05,,,,,,,,,,,,,0.244,,,,0.204,,,,,,,,,,,
54808,20260208,-88.37,40.05,,,,,,,,,,,,,0.244,,,,0.204,,,,,,,,,,,
54808,20260209,-88.37,40.05,,,,,,,,,,,,,0.244,,,,0.204,,,,,,,,,,,
54808,20260210,-88.37,40.05,,,,,,,,,,,,,0.244,,,,0.203,,,,,,,,,,,
54808,20260211,-88.37,40.05,,,,,,,,,,,,,0.25,,,,0.219,,,,,,,,,,,
54808,20260212,-88.37,40.05,,,,,,,,,,,,,0.26,,,,0.238,,,,,,,,,,,
54808,20260213,-88.37,40.05,,,,,,,,,,,,,0.27,,,,0.257,,,,,,,,,,,
54808,20260214,-88.37,40.05,,,,,,,,,,,,,0.279,,,,0.275,,,,,,,,,,,
54808,20260215,-88.37,40.05,,,,,,,,,,,,,0.289,,,,0.294,,,,,,,,,,,
54808,20260216,-88.37,40.05,,,,,,,,,,,,,0.302,,,,0.316,,,,,,,,,,,
54808,20260217,-88.37,40.05,,,,,,,,,,,,,0.314,,,,0.338,,,,,,,,,,,
54808,20260218,-88.37,40.05,,,,,,,,,,,,,0.32,,,,0.344,,,,,,,,,,,
54808,20260219,-88.37,40.05,,,,,,,,,,,,,0.321,,,,0.345,,,,,,,,,,,
54808,20260220,-88.37,40.05,0.201,,,,,,,,,,,,0.323,,,,0.346,,,,,,,,,,,
54808,20260221,-88.37,40.05,0.199,,,,,,,,,,,,0.324,,,,0.348,,,,,,,,,,,
54808,20260222,-88.37,40.05,0.193,,,,0.32,,,,,,,,0.324,,,,0.348,,,,,,,,,,,
54808,20260223,-88.37,40.05,,,,,0.32,,,,0.372,-0.24,0.028,0.007,0.322,,,,0.344,,,,,,,,,,,
54808,20260224,-88.37,40.05,,,,,0.307,,,,0.372,-0.25,0.024,0.006,0.319,,,,0.342,,,,,,,,,,,
54808,20260225,-88.37,40.05,,,,,0.303,,,,0.375,-0.18,0,0,0.317,,,,0.339,,,,,,,,,,,
54808,20260226,-88.37,40.05,,,,,0.288,,,,0.374,-0.23,0,0,0.315,,,,0.337,,,,,,,,,,,
54808,20260227,-88.37,40.05,,,,,0.281,,,,0.373,-0.26,0,0,0.314,,,,0.335,,,,,,,,,,,
54808,20260228,-88.37,40.05,,,,,0.279,,,,0.372,-0.28,0,0,0.312,,,,0.333,,,,,,,,,,,
54808,20260301,-88.37,40.05,,,,,0.279,,,,0.372,-0.3,0,0,0.312,,,,0.332,,,,,,,,,,,
54808,20260302,-88.37,40.05,,,,,0.287,-1.23,1,0,0.372,-0.31,0.006,0,0.312,,,,0.33,,,,,,,,,,,
54808,20260303,-88.37,40.05,,,,,0.306,-1.24,1,0,0.372,-0.33,0.012,0,0.312,,,,0.329,,,,,,,,,,,
54808,20260304,-88.37,40.05,0.152,-4.54,0.083,0,0.312,-1.07,0.807,0,0.373,-0.28,0.018,0.042,0.314,,,,0.33,,,,0.235,-2.3,0,0,0.297,,,
54808,20260305,-88.37,40.05,0.167,-4.13,0.19,0,0.327,-0.91,0.716,0,0.376,-0.19,0.018,0.083,0.32,,,,0.336,,,,0.248,-2.07,0.04,0,0.306,,,
54808,20260306,-88.37,40.05,0.178,-4.07,0.206,0,0.336,-0.84,0.752,0,0.379,-0.11,0.018,0.107,0.326,,,,0.342,,,,0.257,-2.15,0.043,0,0.312,,,
54808,20260307,-88.37,40.05,0.186,-4.09,0.207,0,0.339,-0.82,0.791,0,0.381,-0.04,0.024,0.113,0.331,,,,0.347,,,,0.263,-2.24,0.029,0,0.317,,,
54808,20260308,-88.37,40.05,0.198,-4.03,0.207,0,0.344,-0.79,0.804,0,0.383,0.04,0.024,0.113,0.335,,,,0.351,,,,0.271,-2.22,0.032,0,0.322,,,
54808,20260309,-88.37,40.05,0.206,-4.03,0.214,0,0.348,-0.74,0.816,0,0.386,0.12,0.018,0.119,0.34,,,,0.355,,,,0.277,-2.26,0.034,0,0.327,,,
54808,20260310,-88.37,40.05,0.213,-4.02,0.224,0,0.351,-0.68,0.82,0,0.388,0.2,0.012,0.12,0.344,,,,0.359,,,,0.282,-2.29,0.028,0,0.331,,,
54808,20260311,-88.37,40.05,0.212,-4.02,0.228,0,0.352,-0.65,0.862,0,0.389,0.23,0.006,0.108,0.346,,,,0.362,,,,0.282,-2.29,0.057,0,0.332,,,
54808,20260312,-88.37,40.05,0.212,-3.97,0.213,0,0.351,-0.64,0.82,0,0.389,0.25,0.006,0.192,0.348,,,,0.362,,,,0.281,-2.26,0.189,0,0.332,,,
54808,20260313,-88.37,40.05,0.209,-3.97,0.21,0,0.351,-0.64,0.832,0,0.389,0.26,0.006,0.228,0.347,,,,0.362,,,,0.28,-2.25,0.299,0,0.332,,,
54808,20260314,-88.37,40.05,0.206,-3.99,0.21,0,0.351,-0.63,0.838,0,0.39,0.28,0,0.251,0.347,,,,0.363,,,,0.278,-2.25,0.383,0,0.331,,,
54808,20260315,-88.37,40.05,0.2,-4.08,0.204,0,0.349,-0.65,0.856,0,0.389,0.28,0,0.257,0.347,,,,0.365,,,,0.275,-2.3,0.461,0,0.33,,,
54808,20260316,-88.37,40.05,0.202,-4,0.211,0,0.349,-0.65,0.789,0,0.39,0.3,0.006,0.319,0.347,,,,0.366,,,,0.276,-2.26,0.554,0,0.331,,,
54808,20260317,-88.37,40.05,0.204,-3.89,0.21,0,0.35,-0.62,0.754,0,0.391,0.35,0.006,0.461,0.349,,,,0.368,,,,0.277,-2.2,0.683,0,0.333,,,
54808,20260318,-88.37,40.05,0.199,-3.92,0.192,0,0.351,-0.61,0.778,0,0.392,0.38,0.006,0.575,0.35,,,,0.37,,,,0.275,-2.21,0.749,0,0.332,,,
54808,20260319,-88.37,40.05,0.195,-3.94,0.192,0,0.349,-0.62,0.892,0,0.392,0.37,0.006,0.587,0.348,,,,0.369,,,,0.272,-2.24,0.754,0,0.331,,,
54808,20260320,-88.37,40.05,0.194,-3.88,0.192,0,0.349,-0.63,0.898,0,0.392,0.38,0.006,0.617,0.347,,,,0.369,,,,0.271,-2.23,0.778,0,0.33,,,
54808,20260321,-88.37,40.05,0.194,-3.79,0.192,0,0.349,-0.63,0.898,0,0.392,0.39,0.006,0.677,0.347,,,,0.369,,,,0.271,-2.2,0.832,0,0.33,,,
54808,20260322,-88.37,40.05,0.194,-3.68,0.198,0,0.349,-0.62,0.898,0,0.393,0.4,0.006,0.754,0.347,,,,0.369,,,,0.271,-2.17,0.892,0,0.33,,,
54808,20260323,-88.37,40.05,0.188,-3.69,0.19,0,0.348,-0.63,0.964,0,0.393,0.4,0,0.756,0.347,,,,0.369,,,,0.268,-2.2,0.929,0,0.329,,,
54808,20260324,-88.37,40.05,0.181,-3.73,0.19,0,0.346,-0.66,1,0,0.391,0.37,0,0.661,0.345,,,,0.368,,,,0.264,-2.26,0.929,0,0.326,,,
54808,20260325,-88.37,40.05,0.179,-3.68,0.179,0,0.344,-0.69,1,0,0.391,0.35,0,0.571,0.343,,,,0.367,,,,0.262,-2.28,0.946,0,0.325,,,
54808,20260326,-88.37,40.05,0.176,-3.69,0.179,0,0.343,-0.7,0.976,0,0.391,0.35,0,0.506,0.342,,,,0.366,,,,0.259,-2.31,0.899,0,0.324,,,
54808,20260327,-88.37,40.05,0.181,-3.55,0.214,0,0.344,-0.68,0.935,0,0.392,0.38,0,0.56,0.343,,,,0.367,,,,0.263,-2.24,0.899,0,0.325,,,
54808,20260328,-88.37,40.05,0.186,-3.4,0.232,0,0.345,-0.65,0.929,0,0.393,0.42,0,0.613,0.345,,,,0.369,,,,0.266,-2.16,0.905,0,0.328,,,
54808,20260329,-88.37,40.05,0.189,-3.27,0.208,0,0.346,-0.63,0.929,0,0.394,0.44,0,0.673,0.346,,,,0.37,,,,0.268,-2.1,0.905,0,0.329,,,
54808,20260330,-88.37,40.05,0.193,-3.13,0.185,0,0.347,-0.61,0.929,0,0.394,0.46,0,0.744,0.346,,,,0.371,,,,0.27,-2.04,0.911,0,0.33,,,
54808,20260331,-88.37,40.05,0.198,-2.97,0.179,0,0.348,-0.59,0.929,0,0.395,0.47,0,0.839,0.347,,,,0.372,,,,0.273,-1.96,0.923,0,0.332,,,
54808,20260401,-88.37,40.05,0.203,-2.78,0.22,0,0.348,-0.56,0.923,0,0.395,0.48,0,0.923,0.347,,,,0.373,,,,0.276,-1.87,0.952,0,0.333,,,
54808,20260402,-88.37,40.05,0.215,-2.5,0.333,0,0.351,-0.5,0.81,0,0.397,0.53,0,0.994,0.351,,,,0.377,,,,0.283,-1.7,1,0,0.338,,,
54808,20260403,-88.37,40.05,0.217,-2.37,0.411,0,0.351,-0.49,0.762,0,0.396,0.51,0,0.994,0.351,,,,0.378,,,,0.284,-1.64,1,0,0.339,,,
54808,20260404,-88.37,40.05,0.219,-2.23,0.506,0,0.35,-0.47,0.69,0,0.396,0.49,0,0.994,0.35,,,,0.377,,,,0.284,-1.57,1,0,0.338,,,
54808,20260405,-88.37,40.05,0.227,-2.02,0.643,0,0.351,-0.43,0.548,0,0.397,0.5,0,0.994,0.351,,,,0.377,,,,0.289,-1.43,1,0,0.34,,,
54808,20260406,-88.37,40.05,0.232,-1.83,0.78,0,0.352,-0.38,0.405,0,0.397,0.5,0,0.994,0.351,,,,0.378,,,,0.292,-1.31,1,0,0.342,,,
54808,20260407,-88.37,40.05,0.236,-1.65,0.899,0,0.353,-0.34,0.262,0,0.397,0.5,0,0.994,0.352,,,,0.378,,,,0.294,-1.18,1,0,0.343,,,
54808,20260408,-88.37,40.05,0.238,-1.51,1,0,0.353,-0.29,0.125,0,0.397,0.5,0,1,0.352,,,,0.379,,,,0.295,-1.07,1,0,0.344,,,
54808,20260409,-88.37,40.05,0.229,-1.5,1,0,0.351,-0.29,0.119,0,0.396,0.45,0,0.988,0.349,,,,0.376,,,,0.29,-1.06,1,0,0.34,,,
54808,20260410,-88.37,40.05,0.222,-1.49,1,0,0.349,-0.28,0.071,0,0.395,0.44,0,0.981,0.348,,,,0.374,,,,0.285,-1.04,1,0,0.338,,,
54808,20260411,-88.37,40.05,,,,,,,,,,,,,,,,,,,,,,,,,,,,
54808,20260412,-88.37,40.05,,,,,,,,,,,,,,,,,,,,,,,,,,,,
54808,20260413,-88.37,40.05,,,,,,,,,,,,,,,,,,,,,,,,,,,,
54808,20260414,-88.37,40.05,,,,,,,,,,,,,,,,,,,,,,,,,,,,
54808,20260415,-88.37,40.05,,,,,,,,,,,,,,,,,,,,,,,,,,,,
54808,20260416,-88.37,40.05,,,,,,,,,,,,,,,,,,,,,,,,,,,,
54808,20260417,-88.37,40.05,,,,,,,,,,,,,,,,,,,,,,,,,,,,
54808,20260418,-88.37,40.05,,,,,,,,,,,,,,,,,,,,,,,,,,,,
54808,20260419,-88.37,40.05,,,,,,,,,,,,,,,,,,,,,,,,,,,,
54808,20260420,-88.37,40.05,0.207,-1.06,0.942,0,0.345,-0.08,0,0,0.393,0.35,0,0.95,0.343,,,,0.37,,,,0.276,-0.65,0.77,0,0.332,,,
54808,20260421,-88.37,40.05,0.206,-1.05,0.951,0,0.346,-0.07,0,0,0.393,0.35,0,0.957,0.343,,,,0.37,,,,0.276,-0.64,0.804,0,0.332,,,
54808,20260422,-88.37,40.05,0.211,-0.98,0.952,0,0.347,-0.05,0,0,0.393,0.36,0,0.97,0.344,,,,0.371,,,,0.279,-0.58,0.81,0,0.333,,,
54808,20260423,-88.37,40.05,0.212,-0.93,0.952,0,0.348,-0.03,0,0,0.394,0.36,0,1,0.344,,,,0.371,,,,0.28,-0.55,0.827,0,0.334,,,
54808,20260424,-88.37,40.05,0.202,-0.97,0.952,0,0.347,-0.03,0,0,0.394,0.37,0,1,0.345,,,,0.371,,,,0.275,-0.57,0.857,0,0.332,,,
54808,20260425,-88.37,40.05,0.189,-1.03,1,0,0.345,-0.04,0,0,0.393,0.36,0,1,0.344,,,,0.371,,,,0.267,-0.61,0.911,0,0.328,,,
54808,20260426,-88.37,40.05,0.174,-1.1,1,0,0.341,-0.06,0,0,0.392,0.35,0,1,0.342,,,,0.369,,,,0.258,-0.66,1,0,0.324,,,
54808,20260427,-88.37,40.05,0.163,-1.16,1,0,0.338,-0.07,0,0,0.391,0.34,0,1,0.34,,,,0.368,,,,0.251,-0.69,1,0,0.32,,,
54808,20260428,-88.37,40.05,0.17,-1.09,0.899,0,0.34,-0.04,0,0.018,0.393,0.36,0,0.994,0.348,,,,0.374,,,,0.255,-0.65,0.887,0,0.325,,,
54808,20260429,-88.37,40.05,0.182,-1.01,0.815,0,0.342,-0.01,0,0.018,0.394,0.38,0,0.994,0.355,,,,0.387,,,,0.262,-0.58,0.744,0,0.332,,,
54808,20260430,-88.37,40.05,0.193,-0.93,0.81,0,0.344,0.02,0,0.018,0.395,0.39,0,0.994,0.357,,,,0.393,,,,0.268,-0.53,0.601,0,0.336,,,
54808,20260501,-88.37,40.05,0.201,-0.87,0.81,0,0.346,0.05,0,0.018,0.396,0.4,0,0.994,0.358,,,,0.396,,,,0.274,-0.48,0.458,0,0.339,,,
54808,20260502,-88.37,40.05,0.209,-0.82,0.81,0,0.349,0.08,0,0.018,0.396,0.41,0,0.994,0.359,,,,0.398,,,,0.279,-0.43,0.345,0,0.342,,,
54808,20260503,-88.37,40.05,0.214,-0.77,0.81,0,0.351,0.11,0,0.018,0.397,0.42,0,0.994,0.36,,,,0.4,,,,0.283,-0.39,0.292,0,0.344,,,
54808,20260504,-88.37,40.05,0.218,-0.74,0.81,0,0.354,0.14,0,0.018,0.397,0.43,0,0.994,0.361,,,,0.402,,,,0.286,-0.35,0.292,0,0.346,,,
54808,20260505,-88.37,40.05,0.211,-0.78,0.869,0,0.354,0.14,0,0,0.395,0.41,0,1,0.354,,,,0.396,,,,0.282,-0.37,0.357,0,0.342,,,
54808,20260506,-88.37,40.05,0.214,-0.76,0.81,0,0.356,0.16,0,0.012,0.395,0.42,0,1,0.348,,,,0.385,,,,0.285,-0.35,0.357,0,0.34,,,
54808,20260507,-88.37,40.05,0.218,-0.73,0.738,0,0.358,0.18,0,0.012,0.396,0.43,0,1,0.348,,,,0.381,,,,0.288,-0.33,0.357,0,0.34,,,
54808,20260508,-88.37,40.05,0.222,-0.7,0.738,0,0.36,0.2,0,0.012,0.396,0.44,0,1,0.348,,,,0.38,,,,0.291,-0.31,0.357,0,0.341,,,
54808,20260509,-88.37,40.05,0.229,-0.66,0.738,0,0.362,0.21,0,0.012,0.396,0.45,0,1,0.348,,,,0.38,,,,0.295,-0.28,0.327,0,0.343,,,
54808,20260510,-88.37,40.05,0.235,-0.63,0.738,0,0.364,0.22,0,0.012,0.397,0.46,0,1,0.349,,,,0.379,,,,0.3,-0.25,0.244,0,0.345,,,
54808,20260511,-88.37,40.05,0.239,-0.61,0.708,0,0.365,0.23,0,0.012,0.397,0.46,0,1,0.349,,,,0.379,,,,0.302,-0.24,0.208,0,0.346,,,
54808,20260512,-88.37,40.05,0.235,-0.64,0.667,0,0.365,0.23,0,0.012,0.396,0.46,0,1,0.349,,,,0.379,,,,0.3,-0.26,0.256,0,0.345,,,
54808,20260513,-88.37,40.05,0.218,-0.75,0.696,0,0.363,0.2,0,0,0.394,0.45,0,1,0.348,,,,0.378,,,,0.29,-0.33,0.399,0,0.34,,,
54808,20260514,-88.37,40.05,0.2,-0.86,0.631,0,0.36,0.17,0,0,0.393,0.44,0,1,0.346,,,,0.377,,,,0.28,-0.41,0.542,0,0.335,,,
54808,20260515,-88.37,40.05,0.185,-0.96,0.488,0,0.357,0.14,0,0,0.391,0.43,0,1,0.345,,,,0.377,,,,0.271,-0.48,0.685,0,0.331,,,
54808,20260516,-88.37,40.05,0.178,-1,0.488,0,0.353,0.12,0,0,0.39,0.42,0,1,0.344,,,,0.376,,,,0.266,-0.51,0.827,0,0.328,,,
54808,20260517,-88.37,40.05,0.174,-1.02,0.488,0,0.35,0.09,0,0,0.39,0.42,0,1,0.343,,,,0.375,,,,0.262,-0.53,0.964,0,0.326,,,
54808,20260518,-88.37,40.05,0.172,-1.02,0.512,0,0.347,0.07,0,0,0.389,0.42,0,1,0.342,,,,0.374,,,,0.26,-0.54,1,0,0.325,,,
54808,20260519,-88.37,40.05,0.185,-0.93,0.488,0,0.347,0.08,0,0,0.389,0.42,0,1,0.341,,,,0.374,,,,0.266,-0.49,0.881,0,0.327,,,
54808,20260520,-88.37,40.05,0.197,-0.85,0.565,0,0.348,0.09,0,0,0.388,0.42,0,1,0.34,,,,0.373,,,,0.272,-0.43,0.738,0,0.329,,,
54808,20260521,-88.37,40.05,0.207,-0.78,0.708,0,0.349,0.11,0,0,0.388,0.43,0,1,0.34,,,,0.373,,,,0.278,-0.38,0.619,0,0.331,,,
54808,20260522,-88.37,40.05,0.215,-0.72,0.851,0,0.349,0.12,0,0,0.388,0.43,0,1,0.339,,,,0.372,,,,0.282,-0.33,0.577,0,0.333,,,
54808,20260523,-88.37,40.05,0.213,-0.72,0.839,0,0.35,0.14,0,0,0.388,0.44,0,1,0.339,,,,0.372,,,,0.281,-0.33,0.577,0,0.332,,,
54808,20260524,-88.37,40.05,0.21,-0.74,0.821,0,0.35,0.15,0,0,0.388,0.44,0,1,0.338,,,,0.372,,,,0.28,-0.33,0.577,0,0.331,,,
54808,20260525,-88.37,40.05,0.206,-0.75,0.75,0,0.35,0.16,0,0,0.388,0.44,0,1,0.337,-0.85,1,0,0.371,,,,0.278,-0.33,0.577,0,0.331,,,
54808,20260526,-88.37,40.05,0.189,-0.84,0.75,0,0.346,0.15,0,0,0.387,0.44,0,1,0.337,-0.84,1,0,0.371,,,,0.268,-0.38,0.696,0,0.326,,,
54808,20260527,-88.37,40.05,0.172,-0.93,0.643,0,0.342,0.13,0,0,0.386,0.44,0,1,0.336,-0.83,1,0,0.37,,,,0.257,-0.44,0.839,0,0.321,,,
54808,20260528,-88.37,40.05,0.163,-0.97,0.583,0,0.339,0.12,0,0,0.385,0.43,0,1,0.334,-0.82,1,0,0.37,,,,0.251,-0.47,0.958,0,0.318,,,
54808,20260529,-88.37,40.05,0.154,-1,0.476,0,0.335,0.11,0,0,0.383,0.43,0,1,0.333,-0.81,1,0,0.369,,,,0.244,-0.5,1,0,0.315,,,
54808,20260530,-88.37,40.05,0.144,-1.03,0.345,0,0.331,0.11,0,0,0.381,0.42,0,1,0.332,-0.8,1,0,0.368,,,,0.238,-0.52,1,0,0.311,,,
54808,20260531,-88.37,40.05,0.133,-1.06,0.22,0,0.328,0.1,0,0,0.379,0.41,0,0.952,0.33,-0.8,1,0,0.367,,,,0.23,-0.55,1,0,0.307,,,
54808,20260601,-88.37,40.05,0.122,-1.1,0.155,0,0.324,0.09,0,0,0.376,0.4,0,0.821,0.327,-0.8,1,0,0.367,,,,0.223,-0.57,1,0,0.303,,,
54808,20260602,-88.37,40.05,0.112,-1.13,0.119,0,0.32,0.07,0,0,0.372,0.38,0,0.679,0.325,-0.8,1,0,0.366,,,,0.216,-0.6,1,0,0.299,,,
54808,20260603,-88.37,40.05,0.103,-1.16,0.119,0,0.316,0.06,0,0,0.368,0.35,0,0.536,0.321,-0.8,1,0,0.365,,,,0.209,-0.62,1,0,0.295,,,
54808,20260604,-88.37,40.05,0.091,-1.22,0.036,0,0.311,0.04,0,0,0.363,0.32,0,0.393,0.317,-0.81,1,0,0.364,,,,0.201,-0.66,1,0,0.289,,,
54808,20260605,-88.37,40.05,0.08,-1.27,0,0,0.306,0.01,0,0,0.358,0.29,0,0.25,0.312,-0.83,1,0,0.363,,,,0.193,-0.7,1,0,0.284,,,
54808,20260606,-88.37,40.05,0.072,-1.31,0,0,0.302,-0.01,0,0,0.352,0.25,0,0.107,0.306,-0.85,1,0,0.362,,,,0.187,-0.73,1,0,0.279,,,
54808,20260607,-88.37,40.05,0.066,-1.34,0,0,0.298,-0.03,0,0,0.346,0.21,0,0.012,0.299,-0.88,1,0,0.36,,,,0.182,-0.74,1,0,0.274,,,
54808,20260608,-88.37,40.05,0.062,-1.35,0,0,0.294,-0.04,0,0,0.34,0.17,0,0,0.292,-0.91,1,0,0.359,,,,0.178,-0.76,1,0,0.269,,,
54808,20260609,-88.37,40.05,0.082,-1.22,0.024,0.012,0.297,-0.01,0,0.006,0.34,0.17,0,0.077,0.289,-0.9,0.994,0,0.358,,,,0.19,-0.67,0.899,0,0.273,,,
54808,20260610,-88.37,40.05,0.106,-1.07,0.024,0.012,0.304,0.03,0,0.006,0.343,0.19,0,0.22,0.289,-0.86,0.982,0,0.356,,,,0.205,-0.56,0.756,0,0.28,,,
54808,20260611,-88.37,40.05,0.133,-0.9,0.042,0.012,0.312,0.09,0,0.036,0.348,0.23,0,0.363,0.291,-0.81,0.952,0,0.355,,,,0.223,-0.44,0.613,0,0.288,,,
54808,20260612,-88.37,40.05,0.165,-0.7,0.042,0.012,0.323,0.16,0,0.179,0.355,0.28,0,0.506,0.298,-0.71,0.81,0,0.358,,,,0.244,-0.3,0.47,0,0.3,,,
54808,20260613,-88.37,40.05,0.193,-0.52,0.042,0.012,0.334,0.23,0,0.25,0.363,0.34,0,0.649,0.306,-0.61,0.667,0,0.361,,,,0.264,-0.17,0.327,0,0.312,,,
54808,20260614,-88.37,40.05,0.217,-0.38,0.113,0.012,0.345,0.3,0,0.256,0.371,0.39,0,0.786,0.316,-0.51,0.524,0,0.363,,,,0.281,-0.06,0.185,0,0.322,,,
54808,20260615,-88.37,40.05,0.238,-0.25,0.256,0.012,0.355,0.36,0,0.256,0.379,0.45,0,0.899,0.326,-0.4,0.381,0,0.365,,,,0.297,0.04,0.042,0,0.333,,,
54808,20260616,-88.37,40.05,0.234,-0.28,0.375,0,0.359,0.38,0,0.25,0.383,0.47,0,0.923,0.332,-0.34,0.244,0,0.367,,,,0.297,0.04,0,0,0.335,,,
54808,20260617,-88.37,40.05,0.229,-0.31,0.5,0,0.359,0.39,0,0.25,0.383,0.48,0,0.81,0.334,-0.3,0.113,0,0.368,,,,0.294,0.02,0,0,0.335,,,
54808,20260618,-88.37,40.05,0.229,-0.31,0.541,0.006,0.36,0.39,0,0.268,0.383,0.48,0,0.732,0.339,-0.26,0,0.013,0.372,,,,0.295,0.02,0,0,0.337,,,
54808,20260619,-88.37,40.05,0.227,-0.32,0.545,0.006,0.361,0.4,0,0.263,0.383,0.48,0,0.731,0.342,-0.23,0,0.013,0.381,,,,0.294,0.02,0,0,0.339,,,
54808,20260620,-88.37,40.05,0.226,-0.31,0.545,0.006,0.361,0.41,0,0.34,0.384,0.49,0,0.731,0.343,-0.21,0,0.013,0.383,,,,0.294,0.03,0,0,0.34,,,
54808,20260621,-88.37,40.05,0.227,-0.3,0.506,0.006,0.362,0.42,0,0.481,0.386,0.5,0,0.737,0.344,-0.19,0,0.013,0.385,,,,0.295,0.04,0,0,0.341,,,
54808,20260622,-88.37,40.05,0.236,-0.24,0.412,0.007,0.363,0.43,0,0.587,0.389,0.53,0,0.753,0.346,-0.16,0,0.013,0.387,,,,0.299,0.08,0.007,0.033,0.344,,,
54808,20260623,-88.37,40.05,0.249,-0.15,0.255,0.007,0.366,0.46,0,0.735,0.392,0.56,0,0.792,0.349,-0.13,0,0.013,0.39,,,,0.307,0.14,0.007,0.033,0.349,,,
54808,20260624,-88.37,40.05,,,,,0.369,0.49,0,0.875,0.395,0.58,0,0.904,,,,,0.394,,,,,,,,,,,
