WBANNO,USDM_WEEK,LONGITUDE,LATITUDE,SMVWC_5_CM_MEAN,SMANOM_5_CM_MEAN,SMPERC_5_CM_30COUNTS,SMPERC_5_CM_70COUNTS,SMVWC_10_CM_MEAN,SMANOM_10_CM_MEAN,SMPERC_10_CM_30COUNTS,SMPERC_10_CM_70COUNTS,SMVWC_20_CM_MEAN,SMANOM_20_CM_MEAN,SMPERC_20_CM_30COUNTS,SMPERC_20_CM_70COUNTS,SMVWC_50_CM_MEAN,SMANOM_50_CM_MEAN,SMPERC_50_CM_30COUNTS,SMPERC_50_CM_70COUNTS,SMVWC_100_CM_MEAN,SMANOM_100_CM_MEAN,SMPERC_100_CM_30COUNTS,SMPERC_100_CM_70COUNTS,SMVWC_TOP_CM_MEAN,SMANOM_TOP_CM_MEAN,SMPERC_TOP_CM_30COUNTS,SMPERC_TOP_CM_70COUNTS,SMVWC_COLUMN_CM_MEAN,SMANOM_COLUMN_CM_MEAN,SMPERC_COLUMN_CM_30COUNTS,SMPERC_COLUMN_CM_70COUNTS
54902,20090606,-93.29,41.56,,,,,,,,,,,,,,,,,,,,,,,,,,,,
54902,20090607,-93.29,41.56,,,,,,,,,,,,,,,,,,,,,,,,,,,,
54902,20090608,-93.29,41.56,,,,,,,,,,,,,,,,,,,,,,,,,,,,
54902,20090609,-93.29,41.56,,,,,,,,,,,,,,,,,,,,,,,,,,,,
54902,20090610,-93.29,41.56,,,,,,,,,,,,,,,,,,,,,,,,,,,,
54902,20090611,-93.29,41.56,0.446,1.19,0,1,0.446,1.11,0,1,0.466,0.92,0,1,0.47,0.73,0,0.978,0.528,0.62,0,1,0.446,1.18,0,1,0.471,1.1,0,1
54902,20090612,-93.29,41.56,0.445,1.18,0,1,0.447,1.11,0,1,0.467,0.92,0,1,0.472,0.74,0,0.981,0.528,0.62,0,1,0.446,1.18,0,1,0.472,1.09,0,1
54902,20090613,-93.29,41.56,0.449,1.2,0,1,0.45,1.13,0,1,0.471,0.94,0,1,0.476,0.8,0,1,0.528,0.62,0,1,0.45,1.2,0,1,0.475,1.12,0,1
54902,20090614,-93.29,41.56,0.452,1.22,0,1,0.454,1.15,0,1,0.475,0.95,0,1,0.48,0.88,0,1,0.529,0.61,0,1,0.453,1.22,0,1,0.478,1.14,0,1
54902,20090615,-93.29,41.56,0.452,1.21,0,1,0.454,1.14,0,1,0.476,0.94,0,1,0.483,0.92,0,1,0.529,0.62,0,1,0.453,1.22,0,1,0.479,1.13,0,1
54902,20090616,-93.29,41.56,0.452,1.21,0,1,0.454,1.13,0,1,0.476,0.92,0,1,0.485,0.93,0,1,0.53,0.63,0,1,0.453,1.21,0,1,0.479,1.13,0,1
54902,20090617,-93.29,41.56,0.455,1.24,0,1,0.456,1.13,0,1,0.48,0.93,0,1,0.488,0.97,0,1,0.53,0.62,0,1,0.456,1.24,0,1,0.482,1.15,0,1
54902,20090618,-93.29,41.56,0.459,1.28,0,1,0.459,1.14,0,1,0.483,0.95,0,1,0.493,1.03,0,1,0.53,0.61,0,1,0.459,1.26,0,1,0.485,1.18,0,1
54902,20090619,-93.29,41.56,0.465,1.33,0,1,0.461,1.15,0,1,0.486,0.96,0,1,0.496,1.07,0,1,0.531,0.61,0,1,0.463,1.3,0,1,0.488,1.21,0,1
54902,20090620,-93.29,41.56,0.469,1.37,0,1,0.463,1.15,0,1,0.489,0.97,0,1,0.499,1.09,0,1,0.531,0.62,0,1,0.466,1.32,0,1,0.49,1.23,0,1
54902,20090621,-93.29,41.56,0.472,1.39,0,1,0.464,1.15,0,1,0.49,0.97,0,1,0.501,1.08,0,1,0.532,0.63,0,1,0.468,1.33,0,1,0.492,1.24,0,1
54902,20090622,-93.29,41.56,0.474,1.41,0,1,0.465,1.15,0,1,0.492,0.98,0,1,0.502,1.07,0,1,0.533,0.63,0,1,0.47,1.34,0,1,0.493,1.26,0,1
54902,20090623,-93.29,41.56,0.476,1.42,0,1,0.467,1.15,0,1,0.494,0.99,0,1,0.503,1.06,0,1,0.533,0.65,0,1,0.471,1.34,0,1,0.495,1.26,0,1
54902,20090624,-93.29,41.56,0.473,1.39,0,1,0.468,1.15,0,1,0.495,0.99,0,1,0.503,1.03,0,1,0.534,0.66,0,1,0.471,1.32,0,1,0.495,1.25,0,1
54902,20090625,-93.29,41.56,0.47,1.36,0,1,0.469,1.14,0,1,0.495,0.99,0,1,0.503,0.98,0,1,0.535,0.67,0,1,0.469,1.3,0,1,0.494,1.24,0,1
54902,20090626,-93.29,41.56,0.463,1.3,0,1,0.468,1.12,0,1,0.495,0.98,0,1,0.502,0.95,0,1,0.535,0.68,0,1,0.466,1.25,0,1,0.493,1.21,0,1
54902,20090627,-93.29,41.56,0.452,1.21,0,1,0.468,1.11,0,1,0.494,0.97,0,1,0.502,0.92,0,1,0.536,0.68,0,1,0.46,1.19,0,1,0.49,1.17,0,1
54902,20090628,-93.29,41.56,0.437,1.09,0,0.976,0.467,1.09,0,1,0.494,0.96,0,1,0.502,0.9,0,1,0.536,0.68,0,1,0.452,1.12,0,1,0.487,1.14,0,1
54902,20090629,-93.29,41.56,0.416,0.92,0,0.833,0.465,1.08,0,1,0.493,0.96,0,1,0.502,0.89,0,1,0.536,0.68,0,1,0.441,1.02,0,1,0.483,1.08,0,1
54902,20090630,-93.29,41.56,0.392,0.74,0,0.69,0.461,1.05,0,1,0.492,0.95,0,1,0.501,0.88,0,1,0.536,0.68,0,1,0.427,0.9,0,0.911,0.477,1.02,0,1
54902,20090701,-93.29,41.56,0.367,0.55,0,0.548,0.454,1,0,1,0.489,0.92,0,1,0.5,0.86,0,1,0.536,0.66,0,1,0.411,0.77,0,0.768,0.469,0.94,0,1
54902,20090702,-93.29,41.56,0.34,0.35,0,0.405,0.446,0.94,0,1,0.485,0.9,0,1,0.499,0.85,0,1,0.536,0.66,0,1,0.393,0.64,0,0.625,0.461,0.87,0,1
54902,20090703,-93.29,41.56,0.316,0.17,0,0.262,0.436,0.87,0,1,0.481,0.87,0,1,0.497,0.84,0,1,0.536,0.64,0,1,0.376,0.5,0,0.482,0.453,0.79,0,1
54902,20090704,-93.29,41.56,0.294,0,0,0.119,0.425,0.8,0,1,0.477,0.84,0,1,0.496,0.83,0,1,0.536,0.63,0,1,0.359,0.37,0,0.339,0.445,0.72,0,1
54902,20090705,-93.29,41.56,0.281,-0.09,0,0,0.419,0.76,0,1,0.473,0.82,0,1,0.494,0.82,0,1,0.535,0.61,0,1,0.35,0.3,0,0.196,0.44,0.68,0,1
54902,20090706,-93.29,41.56,0.273,-0.13,0,0,0.412,0.72,0,1,0.469,0.8,0,1,0.493,0.82,0,1,0.535,0.6,0,1,0.343,0.26,0,0.054,0.436,0.65,0,1
54902,20090707,-93.29,41.56,0.27,-0.14,0,0,0.406,0.69,0,1,0.465,0.79,0,1,0.491,0.82,0,1,0.534,0.58,0,1,0.338,0.23,0,0,0.433,0.64,0,1
54902,20090708,-93.29,41.56,0.279,-0.06,0,0.089,0.405,0.7,0,1,0.465,0.81,0,1,0.492,0.84,0,1,0.534,0.58,0,1,0.342,0.28,0,0.095,0.435,0.67,0,1
54902,20090709,-93.29,41.56,0.295,0.08,0,0.232,0.408,0.74,0,1,0.466,0.83,0,1,0.492,0.86,0,1,0.534,0.58,0,1,0.351,0.38,0,0.238,0.439,0.72,0,1
54902,20090710,-93.29,41.56,0.31,0.22,0,0.375,0.412,0.8,0,1,0.468,0.86,0,1,0.493,0.88,0,1,0.534,0.59,0,1,0.361,0.48,0,0.381,0.444,0.78,0,1
54902,20090711,-93.29,41.56,0.329,0.39,0,0.518,0.418,0.87,0,1,0.47,0.89,0,1,0.493,0.9,0,1,0.535,0.6,0,1,0.374,0.6,0,0.524,0.449,0.85,0,1
54902,20090712,-93.29,41.56,0.34,0.5,0,0.661,0.419,0.9,0,1,0.472,0.91,0,1,0.494,0.93,0,1,0.535,0.61,0,1,0.38,0.68,0,0.667,0.452,0.89,0,1
54902,20090713,-93.29,41.56,0.35,0.6,0,0.804,0.421,0.94,0,1,0.473,0.94,0,1,0.495,0.95,0,1,0.535,0.62,0,1,0.385,0.75,0,0.81,0.455,0.92,0,1
54902,20090714,-93.29,41.56,0.357,0.69,0,0.946,0.424,0.99,0,1,0.475,0.96,0,1,0.495,0.98,0,1,0.536,0.64,0,1,0.39,0.83,0,0.952,0.457,0.96,0,1
54902,20090715,-93.29,41.56,0.355,0.71,0,1,0.422,1,0,1,0.474,0.97,0,1,0.494,0.99,0,1,0.536,0.65,0,1,0.388,0.84,0,1,0.456,0.97,0,1
54902,20090716,-93.29,41.56,0.347,0.69,0,1,0.418,1,0,1,0.472,0.97,0,1,0.493,1,0,1,0.537,0.67,0,1,0.383,0.84,0,1,0.454,0.96,0,1
54902,20090717,-93.29,41.56,0.339,0.66,0,1,0.414,0.99,0,1,0.47,0.97,0,1,0.492,1.02,0,1,0.537,0.68,0,1,0.377,0.82,0,1,0.451,0.95,0,1
54902,20090718,-93.29,41.56,0.326,0.59,0,0.982,0.408,0.97,0,1,0.467,0.96,0,1,0.491,1.02,0,1,0.538,0.7,0,1,0.367,0.78,0,1,0.446,0.93,0,1
54902,20090719,-93.29,41.56,0.315,0.54,0,0.905,0.402,0.95,0,1,0.463,0.96,0,1,0.489,1.02,0,1,0.538,0.72,0,1,0.359,0.74,0,1,0.442,0.92,0,1
54902,20090720,-93.29,41.56,0.306,0.49,0,0.762,0.396,0.93,0,1,0.459,0.95,0,1,0.486,1.01,0,1,0.539,0.73,0,1,0.351,0.7,0,1,0.437,0.9,0,1
54902,20090721,-93.29,41.56,0.298,0.44,0,0.619,0.389,0.9,0,1,0.455,0.95,0,1,0.483,1,0,1,0.539,0.75,0,1,0.343,0.66,0,1,0.433,0.88,0,1
54902,20090722,-93.29,41.56,0.291,0.41,0,0.476,0.383,0.88,0,1,0.45,0.94,0,1,0.479,0.99,0,1,0.539,0.76,0,1,0.337,0.63,0,1,0.429,0.86,0,1
54902,20090723,-93.29,41.56,0.284,0.36,0,0.333,0.376,0.86,0,1,0.446,0.94,0,1,0.476,0.98,0,1,0.539,0.77,0,1,0.33,0.59,0,1,0.424,0.84,0,1
54902,20090724,-93.29,41.56,0.279,0.34,0,0.19,0.371,0.84,0,1,0.441,0.94,0,1,0.471,0.96,0,1,0.539,0.78,0,1,0.325,0.57,0,1,0.42,0.83,0,1
54902,20090725,-93.29,41.56,0.276,0.33,0,0.065,0.366,0.83,0,1,0.436,0.94,0,1,0.467,0.94,0,1,0.539,0.79,0,1,0.321,0.55,0,1,0.417,0.81,0,1
54902,20090726,-93.29,41.56,0.272,0.31,0,0,0.361,0.81,0,1,0.431,0.93,0,1,0.461,0.91,0,1,0.539,0.8,0,1,0.317,0.53,0,1,0.413,0.79,0,1
54902,20090727,-93.29,41.56,0.269,0.3,0,0,0.356,0.78,0,1,0.426,0.92,0,1,0.454,0.88,0,1,0.539,0.8,0,1,0.313,0.51,0,0.976,0.409,0.76,0,1
54902,20090728,-93.29,41.56,0.267,0.29,0,0,0.352,0.76,0,1,0.421,0.9,0,1,0.447,0.83,0,1,0.539,0.81,0,1,0.309,0.49,0,0.881,0.405,0.74,0,1
54902,20090729,-93.29,41.56,0.263,0.28,0,0,0.346,0.74,0,1,0.415,0.88,0,1,0.439,0.78,0,1,0.539,0.82,0,1,0.305,0.46,0,0.756,0.4,0.71,0,1
54902,20090730,-93.29,41.56,0.258,0.25,0,0,0.341,0.7,0,1,0.408,0.85,0,1,0.43,0.72,0,1,0.539,0.83,0,1,0.299,0.43,0,0.613,0.395,0.68,0,1
54902,20090731,-93.29,41.56,0.253,0.22,0,0,0.334,0.67,0,1,0.4,0.81,0,1,0.42,0.65,0,0.946,0.539,0.84,0,1,0.294,0.39,0,0.47,0.389,0.65,0,1
54902,20090801,-93.29,41.56,0.248,0.18,0,0,0.329,0.63,0,1,0.393,0.77,0,1,0.41,0.58,0,0.815,0.539,0.85,0,1,0.288,0.35,0,0.327,0.384,0.61,0,1
54902,20090802,-93.29,41.56,0.243,0.15,0,0,0.323,0.59,0,1,0.386,0.74,0,1,0.401,0.51,0,0.673,0.54,0.87,0,1,0.283,0.32,0,0.185,0.378,0.58,0,1
54902,20090803,-93.29,41.56,0.239,0.13,0,0,0.318,0.56,0,0.988,0.378,0.7,0,1,0.391,0.44,0,0.53,0.54,0.88,0,1,0.279,0.29,0,0.065,0.373,0.55,0,0.958
54902,20090804,-93.29,41.56,0.235,0.1,0,0,0.314,0.54,0,0.97,0.372,0.66,0,1,0.383,0.38,0,0.387,0.54,0.9,0,1,0.275,0.27,0,0.018,0.369,0.53,0,0.833
54902,20090805,-93.29,41.56,0.232,0.09,0,0,0.311,0.51,0,0.887,0.365,0.63,0,1,0.375,0.32,0,0.244,0.54,0.92,0,1,0.271,0.25,0,0,0.365,0.5,0,0.69
54902,20090806,-93.29,41.56,0.229,0.07,0,0,0.307,0.48,0,0.744,0.359,0.6,0,1,0.368,0.26,0,0.101,0.54,0.94,0,1,0.268,0.23,0,0,0.361,0.48,0,0.548
54902,20090807,-93.29,41.56,0.226,0.05,0,0,0.304,0.46,0,0.601,0.354,0.57,0,1,0.361,0.21,0,0.012,0.54,0.95,0,1,0.265,0.21,0,0,0.357,0.45,0,0.405
54902,20090808,-93.29,41.56,0.224,0.05,0,0,0.306,0.47,0,0.595,0.352,0.56,0,1,0.357,0.18,0,0,0.54,0.96,0,1,0.265,0.22,0,0.012,0.356,0.45,0,0.393
54902,20090809,-93.29,41.56,0.224,0.05,0,0,0.306,0.48,0,0.595,0.351,0.56,0,1,0.354,0.15,0,0,0.54,0.98,0,1,0.265,0.22,0,0.012,0.355,0.44,0,0.393
54902,20090810,-93.29,41.56,0.225,0.06,0,0,0.309,0.51,0,0.607,0.351,0.56,0,1,0.352,0.14,0,0,0.54,0.98,0,1,0.267,0.24,0,0.083,0.355,0.45,0,0.429
54902,20090811,-93.29,41.56,0.228,0.09,0,0,0.313,0.55,0,0.625,0.351,0.57,0,1,0.352,0.13,0,0,0.539,0.99,0,1,0.271,0.27,0,0.22,0.357,0.48,0,0.554
54902,20090812,-93.29,41.56,0.23,0.11,0,0,0.317,0.58,0,0.708,0.352,0.57,0,1,0.351,0.13,0,0,0.539,0.99,0,1,0.273,0.29,0,0.304,0.358,0.49,0,0.696
54902,20090813,-93.29,41.56,0.233,0.13,0,0,0.32,0.61,0,0.851,0.353,0.57,0,1,0.35,0.13,0,0,0.538,0.99,0,1,0.277,0.32,0,0.304,0.359,0.5,0,0.839
54902,20090814,-93.29,41.56,0.236,0.15,0,0,0.323,0.64,0,0.994,0.355,0.56,0,0.976,0.351,0.13,0,0,0.538,0.98,0,1,0.279,0.33,0,0.304,0.36,0.52,0,0.94
54902,20090815,-93.29,41.56,0.237,0.15,0,0,0.321,0.61,0,0.863,0.353,0.52,0,0.875,0.349,0.12,0,0,0.537,0.97,0,1,0.279,0.32,0,0.292,0.359,0.5,0,0.81
54902,20090816,-93.29,41.56,0.237,0.15,0,0,0.32,0.59,0,0.72,0.351,0.48,0,0.732,0.348,0.11,0,0,0.536,0.96,0,1,0.279,0.3,0,0.292,0.359,0.48,0,0.667
54902,20090817,-93.29,41.56,0.237,0.13,0,0,0.318,0.55,0,0.589,0.349,0.43,0,0.595,0.346,0.09,0,0,0.536,0.95,0,1,0.277,0.28,0,0.226,0.357,0.45,0,0.536
54902,20090818,-93.29,41.56,0.239,0.13,0,0,0.32,0.55,0,0.589,0.35,0.4,0,0.595,0.347,0.1,0,0,0.535,0.93,0,1,0.28,0.28,0,0.167,0.358,0.45,0,0.536
54902,20090819,-93.29,41.56,0.24,0.12,0,0,0.322,0.55,0,0.589,0.351,0.38,0,0.56,0.347,0.1,0,0,0.535,0.9,0,1,0.281,0.27,0,0.083,0.359,0.43,0,0.512
54902,20090820,-93.29,41.56,0.242,0.13,0,0,0.325,0.56,0,0.589,0.353,0.36,0,0.429,0.348,0.1,0,0,0.534,0.87,0,1,0.284,0.28,0,0.125,0.36,0.43,0,0.482
54902,20090821,-93.29,41.56,0.248,0.15,0,0,0.33,0.58,0,0.589,0.354,0.34,0,0.31,0.348,0.1,0,0,0.534,0.84,0,1,0.289,0.31,0,0.22,0.363,0.42,0,0.464
54902,20090822,-93.29,41.56,0.252,0.17,0,0,0.334,0.6,0,0.726,0.356,0.32,0,0.268,0.349,0.1,0,0,0.534,0.81,0,1,0.293,0.33,0,0.22,0.365,0.4,0,0.464
54902,20090823,-93.29,41.56,0.255,0.17,0,0,0.337,0.62,0,0.839,0.358,0.31,0,0.268,0.349,0.1,0,0,0.533,0.78,0,1,0.296,0.34,0,0.22,0.367,0.38,0,0.464
54902,20090824,-93.29,41.56,0.256,0.17,0,0,0.34,0.63,0,0.827,0.36,0.29,0,0.262,0.35,0.1,0,0,0.533,0.75,0,1,0.298,0.34,0,0.214,0.368,0.35,0,0.458
54902,20090825,-93.29,41.56,0.252,0.12,0,0,0.335,0.57,0,0.685,0.357,0.24,0,0.119,0.347,0.07,0,0,0.532,0.72,0,1,0.293,0.29,0,0.137,0.364,0.28,0,0.315
54902,20090826,-93.29,41.56,0.248,0.08,0,0,0.331,0.53,0,0.542,0.355,0.2,0,0.012,0.344,0.05,0,0,0.531,0.69,0,1,0.29,0.25,0,0.137,0.362,0.22,0,0.196
54902,20090827,-93.29,41.56,0.259,0.15,0,0.101,0.337,0.55,0,0.506,0.359,0.2,0,0.071,0.351,0.09,0,0.071,0.53,0.68,0,1,0.298,0.3,0,0.196,0.367,0.23,0,0.161
54902,20090828,-93.29,41.56,0.278,0.27,0,0.244,0.35,0.63,0,0.506,0.373,0.27,0,0.214,0.369,0.19,0,0.214,0.531,0.68,0,1,0.314,0.41,0,0.244,0.38,0.31,0,0.22
54902,20090829,-93.29,41.56,0.296,0.38,0,0.387,0.362,0.69,0,0.506,0.386,0.33,0,0.357,0.385,0.27,0,0.357,0.533,0.69,0,1,0.329,0.51,0,0.387,0.392,0.4,0,0.363
54902,20090830,-93.29,41.56,0.314,0.5,0,0.53,0.374,0.76,0,0.536,0.399,0.4,0,0.5,0.402,0.34,0,0.5,0.534,0.71,0,1,0.344,0.61,0,0.53,0.405,0.49,0,0.506
54902,20090831,-93.29,41.56,0.331,0.61,0,0.673,0.387,0.84,0,0.679,0.412,0.47,0,0.643,0.419,0.41,0,0.643,0.536,0.72,0,1,0.359,0.7,0,0.673,0.417,0.58,0,0.649
54902,20090901,-93.29,41.56,0.348,0.72,0,0.815,0.4,0.92,0,0.821,0.425,0.54,0,0.786,0.436,0.49,0,0.786,0.538,0.74,0,1,0.374,0.8,0,0.815,0.43,0.67,0,0.792
54902,20090902,-93.29,41.56,0.363,0.82,0,0.958,0.413,0.99,0,0.964,0.438,0.6,0,0.929,0.453,0.56,0,0.929,0.54,0.76,0,1,0.388,0.89,0,0.958,0.441,0.76,0,0.935
54902,20090903,-93.29,41.56,0.359,0.79,0,0.946,0.415,0.98,0,1,0.444,0.62,0,1,0.461,0.57,0,1,0.542,0.77,0,1,0.387,0.87,0,1,0.444,0.76,0,1
54902,20090904,-93.29,41.56,0.343,0.68,0,0.804,0.409,0.91,0,1,0.439,0.58,0,1,0.458,0.51,0,1,0.543,0.77,0,1,0.376,0.77,0,1,0.438,0.7,0,1
54902,20090905,-93.29,41.56,0.328,0.57,0,0.661,0.403,0.85,0,1,0.434,0.54,0,1,0.455,0.47,0,1,0.543,0.76,0,1,0.365,0.69,0,0.976,0.432,0.64,0,1
54902,20090906,-93.29,41.56,0.313,0.46,0,0.518,0.396,0.79,0,1,0.43,0.51,0,1,0.451,0.44,0,1,0.542,0.74,0,1,0.354,0.6,0,0.833,0.426,0.58,0,1
54902,20090907,-93.29,41.56,0.299,0.36,0,0.375,0.389,0.72,0,1,0.425,0.47,0,1,0.447,0.41,0,1,0.542,0.73,0,1,0.344,0.52,0,0.69,0.42,0.52,0,1
54902,20090908,-93.29,41.56,0.286,0.28,0,0.232,0.381,0.66,0,1,0.42,0.44,0,1,0.443,0.37,0,0.94,0.541,0.71,0,1,0.333,0.45,0,0.548,0.414,0.47,0,0.994
54902,20090909,-93.29,41.56,0.274,0.2,0,0.089,0.374,0.6,0,0.881,0.415,0.41,0,1,0.438,0.34,0,0.81,0.541,0.7,0,1,0.324,0.39,0,0.405,0.408,0.43,0,0.905
54902,20090910,-93.29,41.56,0.264,0.13,0,0,0.366,0.53,0,0.738,0.41,0.38,0,0.911,0.433,0.3,0,0.667,0.54,0.69,0,1,0.315,0.33,0,0.262,0.402,0.38,0,0.762
54902,20090911,-93.29,41.56,0.256,0.08,0,0,0.358,0.47,0,0.595,0.404,0.34,0,0.768,0.427,0.25,0,0.524,0.539,0.67,0,1,0.307,0.28,0,0.119,0.397,0.34,0,0.619
54902,20090912,-93.29,41.56,0.249,0.04,0,0,0.35,0.42,0,0.452,0.398,0.31,0,0.625,0.422,0.21,0,0.381,0.538,0.66,0,1,0.299,0.23,0,0,0.391,0.3,0,0.476
54902,20090913,-93.29,41.56,0.243,0,0,0,0.343,0.36,0,0.31,0.392,0.27,0,0.482,0.415,0.17,0,0.238,0.537,0.65,0,1,0.293,0.19,0,0,0.386,0.26,0,0.333
54902,20090914,-93.29,41.56,0.239,-0.03,0,0,0.336,0.31,0,0.167,0.385,0.23,0,0.339,0.409,0.12,0,0.095,0.537,0.63,0,1,0.287,0.15,0,0,0.381,0.23,0,0.19
54902,20090915,-93.29,41.56,0.234,-0.05,0,0,0.329,0.25,0,0.024,0.379,0.19,0,0.196,0.402,0.08,0,0.012,0.536,0.62,0,1,0.282,0.11,0,0,0.376,0.19,0,0.054
54902,20090916,-93.29,41.56,0.231,-0.08,0,0,0.323,0.2,0,0,0.372,0.15,0,0.054,0.395,0.03,0,0,0.535,0.61,0,1,0.277,0.07,0,0,0.371,0.15,0,0
54902,20090917,-93.29,41.56,0.227,-0.1,0,0,0.317,0.16,0,0,0.366,0.11,0,0,0.388,-0.01,0,0,0.535,0.6,0,1,0.272,0.04,0,0,0.367,0.12,0,0
54902,20090918,-93.29,41.56,0.225,-0.11,0,0,0.312,0.12,0,0,0.36,0.07,0,0,0.381,-0.06,0,0,0.534,0.59,0,1,0.268,0.01,0,0,0.362,0.09,0,0
54902,20090919,-93.29,41.56,0.222,-0.13,0,0,0.307,0.08,0,0,0.353,0.03,0,0,0.375,-0.1,0,0,0.533,0.58,0,1,0.264,-0.02,0,0,0.358,0.06,0,0
54902,20090920,-93.29,41.56,0.219,-0.14,0,0,0.303,0.05,0,0,0.347,-0.01,0,0,0.368,-0.14,0,0,0.533,0.57,0,1,0.261,-0.04,0,0,0.354,0.03,0,0
54902,20090921,-93.29,41.56,0.217,-0.15,0,0,0.299,0.03,0,0,0.342,-0.04,0,0,0.362,-0.18,0,0,0.532,0.56,0,1,0.258,-0.06,0,0,0.351,0.01,0,0
54902,20090922,-93.29,41.56,0.216,-0.16,0,0,0.3,0.03,0,0,0.338,-0.07,0,0,0.359,-0.19,0,0,0.532,0.55,0,1,0.258,-0.06,0,0,0.349,0,0,0
54902,20090923,-93.29,41.56,0.215,-0.16,0,0,0.303,0.05,0,0,0.335,-0.09,0,0,0.357,-0.2,0,0,0.532,0.55,0,1,0.259,-0.06,0,0,0.348,0,0,0
54902,20090924,-93.29,41.56,0.215,-0.16,0,0,0.304,0.05,0,0,0.333,-0.1,0,0,0.355,-0.21,0,0,0.532,0.54,0,1,0.26,-0.05,0,0,0.348,0,0,0
54902,20090925,-93.29,41.56,0.22,-0.13,0,0.024,0.31,0.08,0,0.03,0.334,-0.09,0,0.03,0.356,-0.2,0,0,0.531,0.54,0,1,0.265,-0.02,0,0.03,0.35,0.01,0,0.03
54902,20090926,-93.29,41.56,0.24,-0.01,0,0.167,0.324,0.17,0,0.173,0.346,-0.02,0,0.173,0.362,-0.15,0,0.006,0.532,0.53,0,1,0.282,0.08,0,0.173,0.361,0.09,0,0.173
54902,20090927,-93.29,41.56,0.264,0.15,0,0.31,0.342,0.27,0,0.315,0.359,0.06,0,0.315,0.371,-0.09,0,0.024,0.532,0.54,0,1,0.303,0.21,0,0.315,0.374,0.18,0,0.315
54902,20090928,-93.29,41.56,0.286,0.29,0,0.452,0.358,0.36,0,0.458,0.373,0.14,0,0.458,0.378,-0.03,0,0.024,0.533,0.54,0,1,0.322,0.32,0,0.458,0.385,0.26,0,0.458
54902,20090929,-93.29,41.56,0.305,0.4,0,0.595,0.368,0.42,0,0.601,0.384,0.2,0,0.601,0.382,0,0,0.024,0.533,0.54,0,1,0.337,0.41,0,0.601,0.395,0.32,0,0.601
54902,20090930,-93.29,41.56,0.321,0.51,0,0.702,0.377,0.47,0,0.744,0.395,0.27,0,0.714,0.385,0.03,0,0.024,0.533,0.54,0,1,0.349,0.49,0,0.744,0.402,0.37,0,0.708
54902,20091001,-93.29,41.56,0.335,0.6,0,0.714,0.387,0.53,0,0.887,0.405,0.32,0,0.738,0.388,0.05,0,0.024,0.533,0.55,0,1,0.361,0.56,0,0.881,0.41,0.42,0,0.732
54902,20091002,-93.29,41.56,0.357,0.73,0,0.833,0.398,0.59,0,1,0.416,0.39,0,0.845,0.392,0.09,0,0.024,0.533,0.54,0,1,0.378,0.66,0,0.994,0.419,0.48,0,0.845
54902,20091003,-93.29,41.56,0.365,0.77,0,0.833,0.402,0.61,0,1,0.42,0.41,0,0.845,0.393,0.09,0,0.018,0.533,0.54,0,1,0.383,0.69,0,0.994,0.422,0.5,0,0.845
54902,20091004,-93.29,41.56,0.365,0.77,0,0.833,0.402,0.61,0,1,0.422,0.42,0,0.845,0.392,0.09,0,0,0.533,0.53,0,1,0.384,0.7,0,0.994,0.423,0.5,0,0.845
54902,20091005,-93.29,41.56,0.368,0.79,0,0.833,0.403,0.62,0,1,0.424,0.44,0,0.845,0.392,0.1,0,0,0.532,0.52,0,1,0.385,0.71,0,0.994,0.424,0.5,0,0.845
54902,20091006,-93.29,41.56,0.373,0.82,0,0.833,0.406,0.63,0,1,0.428,0.46,0,0.845,0.395,0.12,0,0,0.531,0.52,0,1,0.39,0.74,0,0.994,0.427,0.52,0,0.845
54902,20091007,-93.29,41.56,0.382,0.88,0,0.869,0.411,0.65,0,1,0.433,0.5,0,0.875,0.399,0.15,0,0,0.531,0.51,0,1,0.397,0.79,0,0.994,0.431,0.55,0,0.881
54902,20091008,-93.29,41.56,0.391,0.93,0,1,0.416,0.68,0,1,0.438,0.53,0,0.994,0.403,0.18,0,0,0.53,0.5,0,1,0.403,0.83,0,1,0.436,0.58,0,1
54902,20091009,-93.29,41.56,0.391,0.93,0,1,0.417,0.67,0,1,0.44,0.54,0,1,0.405,0.19,0,0,0.529,0.48,0,1,0.404,0.83,0,1,0.437,0.58,0,1
54902,20091010,-93.29,41.56,0.388,0.9,0,1,0.416,0.66,0,1,0.44,0.53,0,1,0.406,0.2,0,0,0.529,0.47,0,1,0.402,0.8,0,1,0.436,0.57,0,1
54902,20091011,-93.29,41.56,0.386,0.89,0,1,0.415,0.64,0,1,0.439,0.52,0,1,0.406,0.2,0,0,0.528,0.45,0,1,0.4,0.78,0,1,0.435,0.56,0,1
54902,20091012,-93.29,41.56,0.385,0.88,0,1,0.414,0.62,0,1,0.438,0.51,0,1,0.407,0.2,0,0,0.527,0.44,0,1,0.4,0.77,0,1,0.434,0.55,0,1
54902,20091013,-93.29,41.56,0.384,0.86,0,1,0.413,0.61,0,1,0.438,0.49,0,1,0.407,0.19,0,0,0.527,0.43,0,1,0.399,0.75,0,1,0.434,0.54,0,1
54902,20091014,-93.29,41.56,0.382,0.84,0,1,0.411,0.59,0,1,0.436,0.47,0,1,0.405,0.18,0,0,0.526,0.42,0,1,0.397,0.72,0,1,0.432,0.53,0,1
54902,20091015,-93.29,41.56,0.385,0.85,0,1,0.411,0.58,0,1,0.435,0.47,0,1,0.405,0.17,0,0,0.525,0.41,0,1,0.398,0.72,0,1,0.432,0.53,0,1
54902,20091016,-93.29,41.56,0.387,0.84,0,1,0.411,0.58,0,1,0.436,0.46,0,1,0.405,0.16,0,0.006,0.524,0.41,0,1,0.399,0.72,0,1,0.433,0.53,0,1
54902,20091017,-93.29,41.56,0.39,0.85,0,1,0.412,0.57,0,1,0.437,0.46,0,1,0.405,0.15,0,0.012,0.524,0.41,0,1,0.401,0.72,0,1,0.433,0.53,0,1
54902,20091018,-93.29,41.56,0.393,0.85,0,1,0.413,0.57,0,1,0.438,0.46,0,1,0.405,0.13,0,0.012,0.523,0.41,0,1,0.403,0.73,0,1,0.434,0.54,0,1
54902,20091019,-93.29,41.56,0.395,0.85,0,1,0.413,0.57,0,1,0.438,0.46,0,1,0.405,0.11,0,0.012,0.522,0.42,0,1,0.404,0.74,0,1,0.435,0.54,0,1
54902,20091020,-93.29,41.56,0.397,0.85,0,1,0.414,0.57,0,1,0.44,0.46,0,1,0.405,0.09,0,0.012,0.522,0.42,0,1,0.406,0.74,0,1,0.436,0.55,0,1
54902,20091021,-93.29,41.56,0.399,0.85,0,1,0.416,0.58,0,1,0.441,0.47,0,1,0.406,0.07,0,0.012,0.521,0.43,0,1,0.407,0.75,0,1,0.436,0.55,0,1
54902,20091022,-93.29,41.56,0.399,0.84,0,1,0.417,0.59,0,1,0.442,0.47,0,1,0.407,0.06,0,0.018,0.521,0.43,0,1,0.408,0.76,0,1,0.437,0.56,0,1
54902,20091023,-93.29,41.56,0.403,0.87,0,1,0.421,0.62,0,1,0.446,0.5,0,1,0.417,0.12,0,0.156,0.521,0.45,0,1,0.412,0.8,0,1,0.441,0.59,0,1
54902,20091024,-93.29,41.56,0.404,0.89,0,1,0.422,0.64,0,1,0.447,0.51,0,1,0.423,0.16,0,0.292,0.522,0.47,0,1,0.413,0.81,0,1,0.444,0.61,0,1
54902,20091025,-93.29,41.56,0.405,0.9,0,1,0.423,0.65,0,1,0.447,0.51,0,1,0.428,0.19,0,0.435,0.523,0.5,0,1,0.414,0.84,0,1,0.445,0.63,0,1
54902,20091026,-93.29,41.56,0.407,0.91,0,1,0.424,0.67,0,1,0.448,0.53,0,1,0.434,0.23,0,0.571,0.524,0.52,0,1,0.415,0.87,0,1,0.447,0.64,0,1
54902,20091027,-93.29,41.56,0.408,0.92,0,1,0.424,0.69,0,1,0.449,0.54,0,1,0.439,0.27,0,0.714,0.525,0.55,0,1,0.416,0.9,0,1,0.449,0.66,0,1
54902,20091028,-93.29,41.56,0.41,0.94,0,1,0.424,0.71,0,1,0.45,0.55,0,1,0.444,0.3,0,0.845,0.526,0.58,0,1,0.417,0.93,0,1,0.451,0.68,0,1
54902,20091029,-93.29,41.56,0.41,0.95,0,1,0.424,0.73,0,1,0.449,0.56,0,1,0.448,0.33,0,0.976,0.527,0.62,0,1,0.417,0.95,0,1,0.452,0.7,0,1
54902,20091030,-93.29,41.56,0.41,0.97,0,1,0.424,0.75,0,1,0.45,0.57,0,1,0.448,0.33,0,0.976,0.528,0.66,0,1,0.417,0.99,0,1,0.452,0.71,0,1
54902,20091031,-93.29,41.56,0.41,0.99,0,1,0.424,0.78,0,1,0.45,0.59,0,1,0.448,0.33,0,0.976,0.528,0.69,0,1,0.417,1.02,0,1,0.452,0.72,0,1
54902,20091101,-93.29,41.56,0.41,1,0,1,0.424,0.8,0,1,0.451,0.6,0,1,0.449,0.34,0,0.976,0.528,0.72,0,1,0.417,1.05,0,1,0.452,0.73,0,1
54902,20091102,-93.29,41.56,0.41,1.04,0,1,0.424,0.82,0,1,0.451,0.62,0,1,0.449,0.34,0,0.982,0.528,0.75,0,1,0.417,1.07,0,1,0.452,0.74,0,1
54902,20091103,-93.29,41.56,0.409,1.08,0,1,0.424,0.83,0,1,0.451,0.64,0,1,0.449,0.35,0,0.982,0.529,0.78,0,1,0.416,1.08,0,1,0.452,0.76,0,1
54902,20091104,-93.29,41.56,0.408,1.12,0,1,0.424,0.85,0,1,0.451,0.66,0,1,0.45,0.35,0,0.994,0.529,0.81,0,1,0.416,1.1,0,1,0.452,0.77,0,1
54902,20091105,-93.29,41.56,0.407,1.15,0,1,0.424,0.87,0,1,0.451,0.68,0,1,0.45,0.36,0,1,0.529,0.84,0,1,0.415,1.11,0,1,0.452,0.79,0,1
54902,20091106,-93.29,41.56,0.398,1.13,0,1,0.419,0.85,0,1,0.446,0.68,0,1,0.446,0.33,0,1,0.53,0.86,0,1,0.409,1.07,0,1,0.448,0.78,0,1
54902,20091107,-93.29,41.56,0.394,1.15,0,1,0.418,0.86,0,1,0.444,0.69,0,1,0.444,0.32,0,1,0.53,0.87,0,1,0.406,1.06,0,1,0.446,0.79,0,1
54902,20091108,-93.29,41.56,0.391,1.17,0,1,0.417,0.87,0,1,0.443,0.71,0,1,0.443,0.31,0,1,0.53,0.89,0,1,0.404,1.06,0,1,0.445,0.81,0,1
54902,20091109,-93.29,41.56,0.388,1.17,0,1,0.417,0.89,0,1,0.443,0.73,0,1,0.442,0.32,0,1,0.53,0.91,0,1,0.403,1.07,0,1,0.444,0.84,0,1
54902,20091110,-93.29,41.56,0.385,1.17,0,1,0.416,0.91,0,1,0.442,0.74,0,1,0.442,0.32,0,1,0.53,0.93,0,1,0.401,1.08,0,1,0.443,0.86,0,1
54902,20091111,-93.29,41.56,0.382,1.17,0,1,0.416,0.92,0,1,0.442,0.75,0,1,0.441,0.32,0,1,0.53,0.94,0,1,0.399,1.09,0,1,0.442,0.87,0,1
54902,20091112,-93.29,41.56,0.379,1.15,0,1,0.416,0.93,0,1,0.442,0.75,0,1,0.441,0.33,0,1,0.53,0.96,0,1,0.397,1.09,0,1,0.442,0.88,0,1
54902,20091113,-93.29,41.56,0.375,1.12,0,1,0.415,0.94,0,1,0.441,0.75,0,1,0.441,0.33,0,1,0.53,0.98,0,1,0.395,1.09,0,1,0.441,0.88,0,1
54902,20091114,-93.29,41.56,0.371,1.08,0,1,0.415,0.94,0,1,0.44,0.75,0,1,0.441,0.33,0,1,0.53,1,0,1,0.393,1.08,0,1,0.439,0.87,0,1
54902,20091115,-93.29,41.56,0.366,1.03,0,1,0.414,0.94,0,1,0.439,0.74,0,1,0.44,0.34,0,1,0.531,1.01,0,1,0.39,1.06,0,1,0.438,0.86,0,1
54902,20091116,-93.29,41.56,0.361,0.96,0,1,0.413,0.93,0,1,0.437,0.72,0,1,0.44,0.34,0,1,0.531,1.03,0,1,0.387,1.02,0,1,0.436,0.84,0,1
54902,20091117,-93.29,41.56,0.357,0.89,0,1,0.411,0.92,0,1,0.436,0.7,0,1,0.439,0.34,0,1,0.531,1.04,0,1,0.384,0.99,0,1,0.435,0.82,0,1
54902,20091118,-93.29,41.56,0.359,0.9,0,1,0.411,0.93,0,1,0.435,0.68,0,1,0.439,0.35,0,1,0.531,1.05,0,1,0.385,0.98,0,1,0.435,0.82,0,1
54902,20091119,-93.29,41.56,0.362,0.92,0,1,0.411,0.93,0,1,0.434,0.67,0,1,0.439,0.35,0,1,0.531,1.07,0,1,0.387,0.98,0,1,0.435,0.82,0,1
54902,20091120,-93.29,41.56,0.367,0.95,0,1,0.411,0.93,0,1,0.433,0.66,0,1,0.438,0.35,0,1,0.531,1.07,0,1,0.389,1,0,1,0.436,0.83,0,1
54902,20091121,-93.29,41.56,0.372,0.99,0,1,0.411,0.93,0,1,0.433,0.65,0,1,0.438,0.36,0,1,0.531,1.08,0,1,0.392,1.02,0,1,0.437,0.83,0,1
54902,20091122,-93.29,41.56,0.378,1.03,0,1,0.411,0.93,0,1,0.432,0.64,0,1,0.438,0.37,0,1,0.531,1.08,0,1,0.394,1.04,0,1,0.438,0.84,0,1
54902,20091123,-93.29,41.56,0.385,1.1,0,1,0.412,0.93,0,1,0.432,0.64,0,1,0.439,0.37,0,1,0.53,1.07,0,1,0.398,1.09,0,1,0.44,0.85,0,1
54902,20091124,-93.29,41.56,0.394,1.19,0,1,0.414,0.96,0,1,0.434,0.65,0,1,0.439,0.38,0,1,0.53,1.07,0,1,0.404,1.16,0,1,0.442,0.87,0,1
54902,20091125,-93.29,41.56,0.401,1.25,0,1,0.416,0.99,0,1,0.437,0.68,0,1,0.442,0.41,0,1,0.53,1.06,0,1,0.409,1.23,0,1,0.445,0.89,0,1
54902,20091126,-93.29,41.56,0.406,1.28,0,1,0.418,1.02,0,1,0.439,0.7,0,1,0.443,0.43,0,1,0.53,1.05,0,1,0.412,1.28,0,1,0.447,0.89,0,1
54902,20091127,-93.29,41.56,0.407,1.28,0,1,0.42,1.04,0,1,0.44,0.72,0,1,0.445,0.45,0,1,0.529,1.04,0,1,0.413,1.31,0,1,0.448,0.89,0,1
54902,20091128,-93.29,41.56,0.409,1.28,0,1,0.42,1.07,0,1,0.441,0.73,0,1,0.446,0.46,0,1,0.529,1.03,0,1,0.415,1.33,0,1,0.449,0.89,0,1
54902,20091129,-93.29,41.56,0.411,1.29,0,1,0.421,1.09,0,1,0.442,0.75,0,1,0.447,0.47,0,1,0.529,1.03,0,1,0.416,1.36,0,1,0.45,0.89,0,1
54902,20091130,-93.29,41.56,0.411,1.27,0,1,0.422,1.11,0,1,0.443,0.76,0,1,0.447,0.48,0,1,0.529,1.02,0,1,0.417,1.37,0,1,0.451,0.89,0,1
54902,20091201,-93.29,41.56,0.409,1.23,0,1,0.421,1.1,0,1,0.443,0.76,0,1,0.447,0.48,0,1,0.529,1.02,0,1,0.415,1.35,0,1,0.45,0.88,0,1
54902,20091202,-93.29,41.56,0.404,1.15,0,1,0.42,1.08,0,1,0.441,0.75,0,1,0.445,0.46,0,1,0.529,1.02,0,1,0.412,1.3,0,1,0.448,0.86,0,1
54902,20091203,-93.29,41.56,0.4,1.1,0,1,0.418,1.06,0,1,0.439,0.74,0,1,0.444,0.45,0,1,0.529,1.02,0,1,0.409,1.27,0,1,0.446,0.87,0,1
54902,20091204,-93.29,41.56,0.397,1.04,0,1,0.417,1.03,0,1,0.438,0.73,0,1,0.443,0.44,0,1,0.528,1.01,0,1,0.407,1.23,0,1,0.445,0.89,0,1
54902,20091205,-93.29,41.56,0.394,0.98,0,1,0.416,1.01,0,1,0.437,0.73,0,1,0.442,0.43,0,1,0.528,1,0,1,0.405,1.18,0,1,0.443,0.91,0,1
54902,20091206,-93.29,41.56,0.392,0.95,0,1,0.415,0.98,0,1,0.436,0.73,0,1,0.441,0.42,0,1,0.527,0.99,0,1,0.404,1.16,0,1,0.443,0.92,0,1
54902,20091207,-93.29,41.56,,,,,0.413,0.96,0,1,0.434,0.72,0,1,0.44,0.42,0,1,0.527,0.97,0,1,,,,,,,,
54902,20091208,-93.29,41.56,,,,,0.412,0.93,0,1,0.433,0.72,0,1,0.439,0.4,0,1,0.526,0.95,0,1,,,,,,,,
54902,20091209,-93.29,41.56,,,,,0.411,0.9,0,1,0.432,0.73,0,1,0.438,0.39,0,1,0.525,0.93,0,1,,,,,,,,
54902,20091210,-93.29,41.56,,,,,0.41,0.87,0,1,0.431,0.72,0,1,0.437,0.38,0,1,0.525,0.91,0,1,,,,,,,,
54902,20091211,-93.29,41.56,,,,,0.409,0.84,0,1,0.43,0.72,0,1,0.436,0.36,0,0.94,0.524,0.89,0,1,,,,,,,,
54902,20091212,-93.29,41.56,,,,,0.409,0.81,0,1,0.429,0.73,0,1,0.435,0.35,0,0.804,0.523,0.87,0,1,,,,,,,,
54902,20091213,-93.29,41.56,,,,,0.408,0.79,0,1,0.429,0.73,0,1,0.434,0.33,0,0.661,0.523,0.86,0,1,,,,,,,,
54902,20091214,-93.29,41.56,,,,,0.408,0.78,0,1,0.428,0.73,0,1,0.434,0.31,0,0.518,0.522,0.85,0,1,,,,,,,,
54902,20091215,-93.29,41.56,,,,,0.408,0.78,0,1,0.428,0.73,0,1,0.433,0.29,0,0.399,0.522,0.84,0,1,,,,,,,,
54902,20091216,-93.29,41.56,0.397,0.89,0,1,0.407,0.78,0,1,0.428,0.73,0,1,0.433,0.28,0,0.315,0.521,0.82,0,1,0.402,0.87,0,1,0.437,0.88,0,1
54902,20091217,-93.29,41.56,0.398,0.91,0,1,0.406,0.78,0,1,0.427,0.72,0,1,0.433,0.27,0,0.304,0.521,0.81,0,1,0.402,0.87,0,1,0.437,0.87,0,1
54902,20091218,-93.29,41.56,0.398,0.93,0,1,0.405,0.78,0,1,0.427,0.72,0,1,0.432,0.27,0,0.363,0.52,0.8,0,1,0.402,0.87,0,1,0.437,0.86,0,1
54902,20091219,-93.29,41.56,0.4,0.97,0,1,0.404,0.78,0,1,0.427,0.72,0,1,0.432,0.28,0,0.5,0.52,0.78,0,1,0.402,0.88,0,1,0.437,0.85,0,1
54902,20091220,-93.29,41.56,0.402,1.02,0,1,0.403,0.79,0,1,0.426,0.71,0,1,0.432,0.29,0,0.643,0.519,0.77,0,1,0.402,0.89,0,1,0.437,0.84,0,1
54902,20091221,-93.29,41.56,0.404,1.05,0,1,0.402,0.78,0,1,0.426,0.71,0,1,0.432,0.29,0,0.786,0.519,0.76,0,1,0.403,0.89,0,1,0.437,0.83,0,1
54902,20091222,-93.29,41.56,0.406,1.08,0,1,0.4,0.76,0,1,0.426,0.71,0,1,0.432,0.3,0,0.905,0.519,0.75,0,1,0.403,0.89,0,1,0.436,0.82,0,1
54902,20091223,-93.29,41.56,0.407,1.1,0,1,0.4,0.76,0,1,0.425,0.71,0,1,0.432,0.31,0,0.988,0.519,0.74,0,1,0.404,0.89,0,1,0.437,0.81,0,1
54902,20091224,-93.29,41.56,0.412,1.12,0,1,0.4,0.76,0,1,0.427,0.73,0,1,0.434,0.33,0,1,0.518,0.73,0,1,0.406,0.9,0,1,0.438,0.8,0,1
54902,20091225,-93.29,41.56,0.418,1.16,0,1,0.404,0.8,0,1,0.431,0.79,0,1,0.437,0.38,0,1,0.518,0.71,0,1,0.411,0.9,0,1,0.442,0.79,0,1
54902,20091226,-93.29,41.56,0.426,1.18,0,1,0.406,0.85,0,1,0.435,0.83,0,1,0.439,0.41,0,1,0.517,0.7,0,1,0.416,0.91,0,1,0.445,0.79,0,1
54902,20091227,-93.29,41.56,0.431,1.22,0,1,0.408,0.88,0,1,0.436,0.85,0,1,0.44,0.42,0,1,0.517,0.68,0,1,0.419,0.92,0,1,0.446,0.79,0,1
54902,20091228,-93.29,41.56,0.435,1.29,0,1,0.409,0.91,0,1,0.438,0.87,0,1,0.441,0.44,0,1,0.516,0.66,0,1,0.422,0.93,0,1,0.448,0.79,0,1
54902,20091229,-93.29,41.56,0.438,,,,0.41,0.94,0,1,0.439,0.88,0,1,0.442,0.44,0,1,0.516,0.65,0,1,0.424,,,,0.449,,,
54902,20091230,-93.29,41.56,0.442,,,,0.411,0.96,0,1,0.44,0.89,0,1,0.443,0.45,0,1,0.515,0.64,0,1,0.427,,,,0.451,,,
54902,20091231,-93.29,41.56,,,,,0.411,0.98,0,1,0.439,0.88,0,1,0.442,0.43,0,1,0.515,0.63,0,1,,,,,,,,
54902,20100101,-93.29,41.56,,,,,0.409,0.95,0,1,0.435,0.86,0,1,0.439,0.4,0,1,0.515,0.62,0,1,,,,,,,,
54902,20100102,-93.29,41.56,,,,,0.406,0.93,0,1,0.433,0.85,0,1,0.437,0.37,0,1,0.515,0.62,0,1,,,,,,,,
54902,20100103,-93.29,41.56,,,,,0.405,0.91,0,1,0.433,0.89,0,1,0.436,0.36,0,0.994,0.515,0.62,0,1,,,,,,,,
54902,20100104,-93.29,41.56,,,,,0.404,0.9,0,1,0.434,0.96,0,1,0.436,0.35,0,0.982,0.515,0.62,0,1,,,,,,,,
54902,20100105,-93.29,41.56,,,,,0.404,0.88,0,1,0.436,1.04,0,1,0.435,0.34,0,0.929,0.515,0.62,0,1,,,,,,,,
54902,20100106,-93.29,41.56,,,,,0.403,0.88,0,1,0.437,1.13,0,1,0.435,0.33,0,0.851,0.515,0.62,0,1,,,,,,,,
54902,20100107,-93.29,41.56,,,,,,,,,0.439,1.22,0,1,0.434,0.32,0,0.786,0.515,0.62,0,1,,,,,,,,
54902,20100108,-93.29,41.56,,,,,,,,,0.44,1.31,0,1,0.434,0.32,0,0.738,0.515,0.61,0,1,,,,,,,,
54902,20100109,-93.29,41.56,,,,,,,,,0.442,1.38,0,1,0.434,0.31,0,0.702,0.515,0.61,0,1,,,,,,,,
54902,20100110,-93.29,41.56,,,,,,,,,0.444,1.46,0,1,0.434,0.31,0,0.685,0.514,0.61,0,1,,,,,,,,
54902,20100111,-93.29,41.56,,,,,,,,,0.447,1.54,0,1,0.434,0.32,0,0.696,0.514,0.6,0,1,,,,,,,,
54902,20100112,-93.29,41.56,,,,,,,,,0.449,1.62,0,1,0.433,0.32,0,0.744,0.514,0.6,0,1,,,,,,,,
54902,20100113,-93.29,41.56,,,,,,,,,0.451,1.69,0,1,0.433,0.32,0,0.81,0.514,0.59,0,1,,,,,,,,
54902,20100114,-93.29,41.56,,,,,,,,,0.453,1.73,0,1,0.433,0.33,0,0.869,0.514,0.58,0,1,,,,,,,,
54902,20100115,-93.29,41.56,,,,,,,,,0.455,1.8,0,1,0.433,0.34,0,0.917,0.513,0.57,0,1,,,,,,,,
54902,20100116,-93.29,41.56,,,,,,,,,0.458,1.86,0,1,0.433,0.35,0,0.952,0.513,0.56,0,1,,,,,,,,
54902,20100117,-93.29,41.56,,,,,,,,,0.459,1.9,0,1,0.434,0.36,0,0.976,0.513,0.55,0,1,,,,,,,,
54902,20100118,-93.29,41.56,,,,,,,,,0.459,1.9,0,1,0.435,0.38,0,0.976,0.512,0.54,0,1,,,,,,,,
54902,20100119,-93.29,41.56,,,,,,,,,0.459,1.9,0,1,0.436,0.39,0,0.982,0.512,0.53,0,1,,,,,,,,
54902,20100120,-93.29,41.56,,,,,,,,,0.459,1.9,0,1,0.436,0.4,0,0.994,0.511,0.53,0,1,,,,,,,,
54902,20100121,-93.29,41.56,,,,,,,,,0.461,1.97,0,1,0.437,0.41,0,0.982,0.511,0.52,0,1,,,,,,,,
54902,20100122,-93.29,41.56,,,,,,,,,0.461,2,0,1,0.439,0.45,0,0.982,0.511,0.52,0,1,,,,,,,,
54902,20100123,-93.29,41.56,,,,,,,,,0.463,2.06,0,1,0.441,0.47,0,0.982,0.51,0.51,0,1,,,,,,,,
54902,20100124,-93.29,41.56,,,,,,,,,,,,,0.44,0.45,0.032,0.948,0.509,0.5,0,1,,,,,,,,
54902,20100125,-93.29,41.56,,,,,,,,,,,,,0.439,0.43,0.039,0.914,0.509,0.48,0,1,,,,,,,,
54902,20100126,-93.29,41.56,,,,,,,,,,,,,0.44,0.45,0.039,0.914,0.508,0.48,0,1,,,,,,,,
54902,20100127,-93.29,41.56,,,,,,,,,,,,,0.44,0.46,0.039,0.914,0.508,0.47,0,1,,,,,,,,
54902,20100128,-93.29,41.56,,,,,,,,,,,,,0.44,0.46,0.039,0.934,0.508,0.47,0,1,,,,,,,,
54902,20100129,-93.29,41.56,,,,,,,,,,,,,0.438,0.42,0.039,0.934,0.508,0.47,0,1,,,,,,,,
54902,20100130,-93.29,41.56,,,,,,,,,,,,,0.437,0.4,0.039,0.934,0.508,0.47,0,1,,,,,,,,
54902,20100131,-93.29,41.56,,,,,,,,,,,,,0.438,0.43,0.006,0.97,0.508,0.48,0,1,,,,,,,,
54902,20100201,-93.29,41.56,,,,,,,,,,,,,0.437,0.43,0,1,0.509,0.49,0,1,,,,,,,,
54902,20100202,-93.29,41.56,,,,,,,,,,,,,0.436,0.42,0,1,0.509,0.49,0,1,,,,,,,,
54902,20100203,-93.29,41.56,,,,,,,,,,,,,0.436,0.42,0,1,0.509,0.49,0,1,,,,,,,,
54902,20100204,-93.29,41.56,,,,,,,,,,,,,0.435,0.42,0,1,0.509,0.49,0,1,,,,,,,,
54902,20100205,-93.29,41.56,,,,,,,,,,,,,0.435,0.42,0,0.994,0.509,0.49,0,1,,,,,,,,
54902,20100206,-93.29,41.56,,,,,,,,,,,,,0.434,0.41,0,0.988,0.509,0.49,0,1,,,,,,,,
54902,20100207,-93.29,41.56,,,,,,,,,,,,,0.434,0.41,0,0.988,0.509,0.51,0,1,,,,,,,,
54902,20100208,-93.29,41.56,,,,,,,,,,,,,0.433,0.39,0,0.988,0.509,0.54,0,1,,,,,,,,
54902,20100209,-93.29,41.56,,,,,,,,,,,,,0.433,0.38,0,0.988,0.509,0.58,0,1,,,,,,,,
54902,20100210,-93.29,41.56,,,,,,,,,,,,,0.432,0.35,0,0.988,0.509,0.62,0,1,,,,,,,,
54902,20100211,-93.29,41.56,,,,,,,,,,,,,0.432,0.33,0,0.982,0.509,0.67,0,1,,,,,,,,
54902,20100212,-93.29,41.56,,,,,,,,,,,,,0.431,0.32,0,0.982,0.509,0.73,0,1,,,,,,,,
54902,20100213,-93.29,41.56,,,,,,,,,,,,,0.431,0.3,0,0.982,0.509,0.79,0,1,,,,,,,,
54902,20100214,-93.29,41.56,,,,,,,,,,,,,0.431,0.28,0,0.964,0.509,0.85,0,1,,,,,,,,
54902,20100215,-93.29,41.56,,,,,,,,,,,,,0.43,0.28,0,0.946,0.509,0.9,0,1,,,,,,,,
54902,20100216,-93.29,41.56,,,,,,,,,,,,,0.43,0.27,0,0.875,0.509,0.95,0,1,,,,,,,,
54902,20100217,-93.29,41.56,,,,,,,,,,,,,0.43,0.26,0,0.75,0.509,0.99,0,1,,,,,,,,
54902,20100218,-93.29,41.56,,,,,,,,,,,,,0.43,0.26,0,0.625,0.509,1.02,0,1,,,,,,,,
54902,20100219,-93.29,41.56,,,,,,,,,,,,,0.434,0.38,0,0.625,0.509,1.05,0,1,,,,,,,,
54902,20100220,-93.29,41.56,,,,,,,,,,,,,0.439,0.5,0,0.631,0.509,1.08,0,1,,,,,,,,
54902,20100221,-93.29,41.56,,,,,,,,,,,,,0.443,0.62,0,0.649,0.509,1.1,0,1,,,,,,,,
54902,20100222,-93.29,41.56,,,,,,,,,,,,,0.447,0.73,0,0.667,0.509,1.11,0,1,,,,,,,,
54902,20100223,-93.29,41.56,,,,,,,,,,,,,0.452,0.85,0,0.738,0.509,1.12,0,1,,,,,,,,
54902,20100224,-93.29,41.56,,,,,,,,,,,,,0.456,0.97,0,0.863,0.509,1.12,0,1,,,,,,,,
54902,20100225,-93.29,41.56,,,,,,,,,,,,,0.461,1.08,0,0.994,0.509,1.12,0,1,,,,,,,,
54902,20100226,-93.29,41.56,,,,,,,,,,,,,0.461,1.07,0,1,0.509,1.11,0,1,,,,,,,,
54902,20100227,-93.29,41.56,,,,,,,,,,,,,0.461,1.06,0,1,0.508,1.1,0,1,,,,,,,,
54902,20100228,-93.29,41.56,,,,,,,,,,,,,0.46,1.04,0,1,0.508,1.08,0,1,,,,,,,,
54902,20100301,-93.29,41.56,,,,,,,,,,,,,0.46,1.02,0,1,0.508,1.07,0,1,,,,,,,,
54902,20100302,-93.29,41.56,,,,,,,,,,,,,0.46,1,0,1,0.508,1.05,0,1,,,,,,,,
54902,20100303,-93.29,41.56,,,,,,,,,,,,,0.459,0.99,0,1,0.508,1.04,0,1,,,,,,,,
54902,20100304,-93.29,41.56,,,,,,,,,,,,,0.458,0.98,0,1,0.508,1.02,0,1,,,,,,,,
54902,20100305,-93.29,41.56,,,,,,,,,,,,,0.458,0.96,0,1,0.508,1,0,1,,,,,,,,
54902,20100306,-93.29,41.56,,,,,,,,,,,,,0.458,0.99,0,1,0.508,0.98,0,1,,,,,,,,
54902,20100307,-93.29,41.56,,,,,,,,,,,,,0.46,1.04,0,1,0.507,0.95,0,1,,,,,,,,
54902,20100308,-93.29,41.56,,,,,,,,,,,,,,,,,0.507,0.91,0,1,,,,,,,,
54902,20100309,-93.29,41.56,,,,,,,,,,,,,,,,,0.507,0.88,0,1,,,,,,,,
54902,20100310,-93.29,41.56,,,,,,,,,,,,,,,,,0.506,0.84,0,1,,,,,,,,
54902,20100311,-93.29,41.56,,,,,,,,,,,,,,,,,0.506,0.8,0,1,,,,,,,,
54902,20100312,-93.29,41.56,,,,,,,,,,,,,,,,,0.505,0.76,0,1,,,,,,,,
54902,20100313,-93.29,41.56,,,,,,,,,,,,,,,,,0.505,0.73,0,1,,,,,,,,
54902,20100314,-93.29,41.56,,,,,,,,,,,,,,,,,0.505,0.71,0,1,,,,,,,,
54902,20100315,-93.29,41.56,,,,,,,,,,,,,,,,,0.505,0.7,0,1,,,,,,,,
54902,20100316,-93.29,41.56,,,,,,,,,,,,,,,,,0.505,0.69,0,1,,,,,,,,
54902,20100317,-93.29,41.56,,,,,,,,,,,,,,,,,0.505,0.69,0,1,,,,,,,,
54902,20100318,-93.29,41.56,,,,,,,,,,,,,,,,,0.505,0.69,0,1,,,,,,,,
54902,20100319,-93.29,41.56,0.4,,,,,,,,,,,,0.469,1.22,0,0.864,0.505,0.69,0,1,,,,,,,,
54902,20100320,-93.29,41.56,0.396,,,,0.419,,,,,,,,0.464,1.07,0,0.744,0.506,0.7,0,1,0.405,,,,,,,
54902,20100321,-93.29,41.56,0.394,1.25,0,1,0.418,1.35,0,1,0.452,1.52,0,1,0.459,0.89,0,0.601,0.506,0.71,0,1,0.405,,,,0.444,,,
54902,20100322,-93.29,41.56,0.392,1.55,0,1,0.416,1.45,0,1,0.452,1.52,0,1,0.456,0.8,0,0.56,0.507,0.72,0,1,0.404,,,,0.444,,,
54902,20100323,-93.29,41.56,0.392,1.28,0,1,0.415,1.39,0,1,0.451,1.48,0,1,0.453,0.7,0,0.56,0.507,0.74,0,1,0.403,1.07,0,1,0.444,1.18,0,1
54902,20100324,-93.29,41.56,0.392,1.14,0,1,0.414,1.31,0,1,0.45,1.43,0,1,0.449,0.56,0,0.554,0.508,0.76,0,1,0.403,1,0,1,0.443,1.07,0,1
54902,20100325,-93.29,41.56,0.393,1.12,0,1,0.415,1.3,0,1,0.449,1.36,0,1,0.445,0.45,0,0.554,0.508,0.78,0,1,0.404,1.02,0,1,0.442,1.07,0,1
54902,20100326,-93.29,41.56,0.393,1.07,0,1,0.415,1.26,0,1,0.446,1.28,0,1,0.446,0.48,0,0.679,0.509,0.79,0,1,0.404,1,0,1,0.442,1.03,0,1
54902,20100327,-93.29,41.56,0.393,1.02,0,1,0.414,1.21,0,1,0.444,1.17,0,1,0.447,0.5,0,0.81,0.509,0.81,0,1,0.403,0.95,0,1,0.441,0.97,0,1
54902,20100328,-93.29,41.56,0.39,0.97,0,1,0.414,1.15,0,1,0.439,1.02,0,0.988,0.448,0.52,0,0.899,0.509,0.83,0,1,0.402,0.92,0,1,0.44,0.92,0,1
54902,20100329,-93.29,41.56,0.386,0.89,0,1,0.412,1.05,0,1,0.434,0.85,0,0.982,0.447,0.48,0,0.833,0.509,0.84,0,1,0.399,0.89,0,1,0.438,0.88,0,1
54902,20100330,-93.29,41.56,0.384,0.84,0,1,0.411,0.99,0,1,0.43,0.68,0,0.845,0.446,0.45,0,0.732,0.51,0.85,0,1,0.397,0.84,0,1,0.436,0.82,0,1
54902,20100331,-93.29,41.56,0.382,0.8,0,1,0.41,0.96,0,1,0.426,0.56,0,0.702,0.446,0.44,0,0.661,0.51,0.87,0,1,0.396,0.81,0,1,0.435,0.77,0,1
54902,20100401,-93.29,41.56,0.379,0.73,0,0.994,0.409,0.91,0,1,0.423,0.46,0,0.625,0.445,0.41,0,0.655,0.51,0.89,0,1,0.394,0.75,0,1,0.433,0.71,0,1
54902,20100402,-93.29,41.56,0.376,0.66,0,0.887,0.408,0.89,0,1,0.422,0.41,0,0.589,0.445,0.38,0,0.655,0.511,0.91,0,1,0.392,0.71,0,1,0.432,0.67,0,1
54902,20100403,-93.29,41.56,0.376,0.66,0,0.857,0.408,0.91,0,1,0.422,0.42,0,0.589,0.445,0.39,0,0.655,0.511,0.94,0,1,0.392,0.71,0,1,0.433,0.69,0,1
54902,20100404,-93.29,41.56,0.375,0.65,0,0.857,0.409,0.92,0,1,0.422,0.44,0,0.595,0.446,0.41,0,0.708,0.512,0.97,0,1,0.392,0.71,0,1,0.433,0.7,0,1
54902,20100405,-93.29,41.56,0.374,0.61,0,0.756,0.409,0.93,0,1,0.423,0.46,0,0.601,0.447,0.42,0,0.815,0.513,1.02,0,1,0.391,0.69,0,1,0.433,0.72,0,1
54902,20100406,-93.29,41.56,0.374,0.61,0,0.714,0.41,0.95,0,1,0.424,0.5,0.006,0.726,0.448,0.44,0,0.875,0.514,1.07,0,1,0.392,0.7,0,1,0.434,0.75,0,1
54902,20100407,-93.29,41.56,0.376,0.66,0,0.714,0.412,1.01,0,1,0.427,0.61,0.006,0.869,0.45,0.5,0,0.952,0.515,1.1,0,1,0.394,0.75,0,1,0.436,0.83,0,1
54902,20100408,-93.29,41.56,0.381,0.76,0,0.72,0.416,1.1,0,1,0.431,0.76,0.006,0.946,0.453,0.58,0,0.958,0.516,1.14,0,1,0.398,0.85,0,1,0.439,0.95,0,1
54902,20100409,-93.29,41.56,0.385,0.83,0,0.827,0.417,1.14,0,1,0.433,0.85,0.006,0.982,0.455,0.62,0,0.958,0.517,1.19,0,1,0.401,0.91,0,1,0.441,1.03,0,1
54902,20100410,-93.29,41.56,0.385,0.85,0,0.857,0.418,1.16,0,1,0.434,0.88,0.006,0.982,0.455,0.62,0,0.958,0.518,1.22,0,1,0.402,0.92,0,1,0.442,1.06,0,1
54902,20100411,-93.29,41.56,0.384,0.85,0,0.857,0.419,1.17,0,1,0.434,0.92,0.006,0.988,0.456,0.62,0,0.958,0.519,1.24,0,1,0.401,0.93,0,1,0.442,1.08,0,1
54902,20100412,-93.29,41.56,0.384,0.85,0,0.958,0.419,1.18,0,1,0.434,0.93,0.006,0.988,0.456,0.63,0,0.958,0.519,1.24,0,1,0.401,0.94,0,1,0.442,1.1,0,1
54902,20100413,-93.29,41.56,0.38,0.79,0,0.881,0.418,1.17,0,1,0.435,0.94,0,1,0.456,0.62,0,1,0.52,1.25,0,1,0.399,0.9,0,1,0.442,1.08,0,1
54902,20100414,-93.29,41.56,0.371,0.63,0,0.738,0.416,1.09,0,1,0.433,0.88,0,1,0.455,0.56,0,1,0.521,1.28,0,1,0.393,0.8,0,0.911,0.439,0.99,0,1
54902,20100415,-93.29,41.56,0.357,0.4,0.065,0.595,0.411,0.95,0,1,0.429,0.76,0,1,0.452,0.47,0,1,0.521,1.31,0,1,0.384,0.62,0,0.768,0.434,0.84,0,0.982
54902,20100416,-93.29,41.56,0.344,0.17,0.208,0.452,0.406,0.84,0,1,0.427,0.68,0,1,0.451,0.43,0,1,0.522,1.33,0,1,0.375,0.45,0,0.625,0.43,0.71,0,0.845
54902,20100417,-93.29,41.56,0.329,-0.07,0.351,0.31,0.401,0.71,0,0.893,0.425,0.61,0,0.97,0.451,0.4,0,1,0.522,1.36,0,1,0.365,0.27,0.042,0.482,0.426,0.58,0,0.702
54902,20100418,-93.29,41.56,0.314,-0.31,0.494,0.167,0.395,0.55,0,0.75,0.422,0.52,0,0.827,0.45,0.36,0,0.952,0.523,1.4,0,1,0.354,0.08,0.185,0.339,0.421,0.43,0,0.56
54902,20100419,-93.29,41.56,0.3,-0.53,0.637,0.024,0.387,0.38,0,0.607,0.419,0.43,0,0.685,0.449,0.33,0,0.821,0.523,1.45,0,1,0.344,-0.12,0.327,0.196,0.416,0.28,0,0.417
54902,20100420,-93.29,41.56,0.288,-0.73,0.78,0,0.378,0.18,0.125,0.464,0.416,0.32,0,0.542,0.448,0.28,0,0.679,0.524,1.5,0,1,0.333,-0.31,0.47,0.054,0.411,0.12,0.048,0.274
54902,20100421,-93.29,41.56,0.276,-0.89,0.923,0,0.368,-0.03,0.268,0.321,0.412,0.2,0,0.399,0.446,0.22,0,0.536,0.524,1.54,0,1,0.322,-0.5,0.613,0,0.405,-0.03,0.19,0.131
54902,20100422,-93.29,41.56,0.267,-1.02,1,0,0.358,-0.23,0.411,0.179,0.408,0.06,0.113,0.256,0.445,0.17,0,0.393,0.525,1.59,0,1,0.312,-0.67,0.756,0,0.4,-0.19,0.333,0.006
54902,20100423,-93.29,41.56,0.259,-1.11,1,0,0.348,-0.43,0.554,0.036,0.403,-0.11,0.256,0.113,0.443,0.1,0,0.25,0.525,1.64,0,1,0.304,-0.81,0.899,0,0.396,-0.34,0.476,0
54902,20100424,-93.29,41.56,0.267,-0.97,0.875,0.03,0.344,-0.51,0.595,0.012,0.4,-0.2,0.292,0.006,0.441,0.05,0,0.107,0.525,1.68,0,1,0.305,-0.77,0.881,0.012,0.395,-0.33,0.494,0.012
54902,20100425,-93.29,41.56,0.285,-0.68,0.732,0.173,0.352,-0.32,0.595,0.155,0.405,-0.03,0.292,0.149,0.443,0.1,0,0.089,0.526,1.73,0,1,0.319,-0.51,0.738,0.155,0.402,-0.1,0.494,0.155
54902,20100426,-93.29,41.56,0.306,-0.36,0.589,0.315,0.364,-0.07,0.595,0.298,0.412,0.2,0.292,0.292,0.446,0.22,0,0.22,0.526,1.78,0,1,0.335,-0.21,0.595,0.298,0.411,0.2,0.494,0.298
54902,20100427,-93.29,41.56,0.328,-0.04,0.446,0.458,0.376,0.2,0.47,0.44,0.419,0.45,0.292,0.435,0.449,0.33,0,0.363,0.526,1.86,0,1,0.352,0.12,0.452,0.44,0.42,0.53,0.446,0.44
54902,20100428,-93.29,41.56,0.348,0.27,0.304,0.601,0.388,0.48,0.327,0.583,0.426,0.68,0.292,0.577,0.451,0.42,0,0.506,0.527,1.94,0,1,0.368,0.44,0.31,0.583,0.428,0.84,0.304,0.583
54902,20100429,-93.29,41.56,0.368,0.57,0.161,0.744,0.401,0.75,0.185,0.726,0.432,0.9,0.179,0.72,0.454,0.52,0,0.649,0.527,2.01,0,1,0.385,0.74,0.167,0.726,0.436,1.14,0.161,0.726
54902,20100430,-93.29,41.56,0.385,0.82,0.018,0.887,0.414,1.03,0.042,0.869,0.439,1.14,0.036,0.863,0.456,0.61,0,0.792,0.528,2.1,0,1,0.399,1.02,0.024,0.869,0.444,1.43,0.018,0.869
54902,20100501,-93.29,41.56,0.389,0.88,0,1,0.422,1.21,0,1,0.444,1.32,0,1,0.459,0.72,0,0.935,0.529,2.2,0,1,0.405,1.15,0,1,0.449,1.59,0,1
54902,20100502,-93.29,41.56,0.383,0.81,0,1,0.418,1.15,0,1,0.441,1.25,0,1,0.459,0.71,0,1,0.529,2.28,0,1,0.401,1.08,0,1,0.446,1.53,0,1
54902,20100503,-93.29,41.56,0.373,0.68,0,0.887,0.412,1.04,0,1,0.438,1.13,0,1,0.457,0.65,0,1,0.53,2.34,0,1,0.393,0.95,0,1,0.442,1.4,0,1
54902,20100504,-93.29,41.56,0.361,0.54,0,0.744,0.405,0.92,0,1,0.433,1,0,1,0.456,0.61,0,1,0.531,2.38,0,1,0.383,0.8,0,0.982,0.437,1.23,0,1
54902,20100505,-93.29,41.56,0.349,0.38,0,0.601,0.397,0.78,0,0.923,0.429,0.88,0,1,0.455,0.56,0,1,0.531,2.39,0,1,0.373,0.64,0,0.839,0.432,1.06,0,1
54902,20100506,-93.29,41.56,0.336,0.23,0,0.458,0.388,0.63,0,0.78,0.426,0.79,0,0.976,0.454,0.52,0,0.982,0.532,2.41,0,1,0.362,0.47,0,0.696,0.427,0.89,0,0.935
54902,20100507,-93.29,41.56,0.325,0.11,0,0.321,0.379,0.47,0,0.637,0.423,0.68,0,0.833,0.453,0.48,0,0.923,0.532,2.42,0,1,0.352,0.32,0,0.554,0.422,0.74,0,0.804
54902,20100508,-93.29,41.56,0.322,0.08,0,0.28,0.371,0.33,0,0.494,0.419,0.57,0,0.69,0.451,0.42,0,0.839,0.533,2.42,0,1,0.346,0.23,0,0.411,0.419,0.63,0,0.804
54902,20100509,-93.29,41.56,0.318,0.04,0,0.137,0.363,0.2,0,0.351,0.415,0.46,0,0.548,0.449,0.35,0,0.696,0.533,2.4,0,1,0.34,0.14,0,0.268,0.416,0.52,0,0.774
54902,20100510,-93.29,41.56,0.315,0.01,0,0.107,0.355,0.07,0,0.208,0.411,0.34,0,0.405,0.447,0.27,0,0.554,0.534,2.39,0,1,0.335,0.07,0,0.125,0.413,0.41,0,0.631
54902,20100511,-93.29,41.56,0.32,0.07,0,0.185,0.353,0.05,0,0.119,0.411,0.31,0,0.31,0.447,0.25,0,0.452,0.534,2.35,0,1,0.337,0.09,0,0.06,0.413,0.42,0,0.595
54902,20100512,-93.29,41.56,0.333,0.19,0,0.327,0.36,0.17,0,0.196,0.414,0.38,0,0.31,0.448,0.29,0,0.452,0.534,2.31,0,1,0.347,0.22,0,0.202,0.418,0.54,0,0.595
54902,20100513,-93.29,41.56,0.355,0.42,0,0.47,0.373,0.39,0,0.339,0.422,0.56,0,0.333,0.453,0.48,0,0.47,0.535,2.24,0,1,0.364,0.46,0,0.345,0.428,0.78,0,0.661
54902,20100514,-93.29,41.56,0.374,0.6,0,0.607,0.386,0.59,0,0.482,0.429,0.71,0,0.476,0.456,0.59,0,0.53,0.535,2.18,0,1,0.38,0.66,0,0.488,0.436,0.97,0,0.792
54902,20100515,-93.29,41.56,0.381,0.65,0,0.649,0.396,0.75,0,0.625,0.434,0.82,0,0.619,0.458,0.66,0,0.613,0.534,2.11,0,1,0.389,0.75,0,0.631,0.441,1.06,0,0.792
54902,20100516,-93.29,41.56,0.387,0.69,0,0.786,0.406,0.9,0,0.768,0.439,0.94,0,0.762,0.461,0.74,0,0.756,0.534,2.04,0,1,0.397,0.84,0,0.774,0.445,1.15,0,0.821
54902,20100517,-93.29,41.56,0.394,0.74,0,0.798,0.415,1.04,0,0.911,0.444,1.06,0,0.905,0.463,0.83,0,0.899,0.534,1.98,0,1,0.404,0.93,0,0.917,0.45,1.24,0,0.964
54902,20100518,-93.29,41.56,0.391,0.71,0,0.72,0.419,1.08,0,1,0.447,1.1,0,1,0.464,0.86,0,1,0.534,1.92,0,1,0.405,0.93,0,0.958,0.451,1.23,0,1
54902,20100519,-93.29,41.56,0.382,0.61,0,0.577,0.414,0.99,0,1,0.445,1.04,0,1,0.463,0.84,0,1,0.534,1.88,0,1,0.398,0.82,0,0.815,0.447,1.11,0,1
54902,20100520,-93.29,41.56,0.362,0.42,0,0.435,0.402,0.81,0,0.869,0.438,0.87,0,1,0.459,0.67,0,1,0.534,1.85,0,1,0.382,0.62,0,0.673,0.439,0.89,0,0.935
54902,20100521,-93.29,41.56,0.346,0.28,0,0.292,0.392,0.65,0,0.726,0.434,0.76,0,1,0.457,0.59,0,1,0.534,1.81,0,1,0.369,0.47,0,0.53,0.433,0.73,0,0.845
54902,20100522,-93.29,41.56,0.334,0.18,0,0.149,0.383,0.54,0,0.583,0.43,0.69,0,1,0.456,0.56,0,1,0.534,1.78,0,1,0.359,0.36,0,0.387,0.428,0.62,0,0.792
54902,20100523,-93.29,41.56,0.324,0.09,0,0.012,0.375,0.43,0,0.44,0.427,0.62,0,1,0.455,0.53,0,1,0.534,1.75,0,1,0.349,0.26,0,0.244,0.423,0.53,0,0.649
54902,20100524,-93.29,41.56,0.314,0.01,0,0,0.367,0.32,0,0.298,0.424,0.56,0,1,0.454,0.49,0,1,0.534,1.72,0,1,0.34,0.16,0,0.101,0.419,0.44,0,0.506
54902,20100525,-93.29,41.56,0.303,-0.07,0,0,0.358,0.22,0,0.155,0.421,0.5,0,0.881,0.453,0.45,0,0.917,0.534,1.7,0,1,0.331,0.06,0,0,0.414,0.35,0,0.363
54902,20100526,-93.29,41.56,0.294,-0.15,0.083,0,0.35,0.12,0,0.012,0.417,0.43,0,0.738,0.451,0.41,0,0.78,0.535,1.68,0,1,0.322,-0.02,0,0,0.409,0.27,0,0.22
54902,20100527,-93.29,41.56,0.286,-0.2,0.226,0,0.342,0.03,0,0,0.413,0.35,0,0.595,0.45,0.37,0,0.637,0.535,1.69,0,1,0.314,-0.09,0.077,0,0.405,0.19,0,0.143
54902,20100528,-93.29,41.56,0.278,-0.27,0.369,0,0.334,-0.06,0.125,0,0.407,0.24,0,0.452,0.447,0.29,0,0.494,0.536,1.71,0,1,0.306,-0.18,0.22,0,0.4,0.1,0,0.089
54902,20100529,-93.29,41.56,0.266,-0.36,0.512,0,0.324,-0.18,0.268,0,0.399,0.1,0.095,0.31,0.443,0.17,0,0.351,0.537,1.75,0,1,0.295,-0.28,0.363,0,0.394,-0.02,0.113,0
54902,20100530,-93.29,41.56,0.255,-0.45,0.655,0,0.314,-0.29,0.411,0,0.39,-0.05,0.238,0.167,0.437,0.04,0.125,0.208,0.538,1.79,0,1,0.284,-0.38,0.506,0,0.387,-0.14,0.256,0
54902,20100531,-93.29,41.56,0.245,-0.52,0.798,0,0.304,-0.4,0.554,0,0.379,-0.22,0.381,0.024,0.431,-0.14,0.268,0.065,0.54,1.84,0,1,0.274,-0.47,0.649,0,0.38,-0.26,0.399,0
54902,20100601,-93.29,41.56,0.236,-0.58,0.94,0,0.295,-0.48,0.696,0,0.369,-0.37,0.524,0,0.423,-0.32,0.411,0.006,0.541,1.87,0,1,0.266,-0.54,0.792,0,0.373,-0.37,0.542,0
54902,20100602,-93.29,41.56,0.24,-0.53,0.94,0.054,0.297,-0.46,0.774,0.06,0.361,-0.49,0.613,0,0.417,-0.46,0.494,0,0.542,1.88,0,1,0.268,-0.5,0.869,0.06,0.371,-0.39,0.625,0.054
54902,20100603,-93.29,41.56,0.257,-0.38,0.798,0.196,0.308,-0.33,0.774,0.202,0.358,-0.51,0.613,0,0.414,-0.54,0.625,0,0.542,1.86,0,1,0.283,-0.36,0.792,0.202,0.376,-0.31,0.625,0.101
54902,20100604,-93.29,41.56,0.275,-0.23,0.655,0.304,0.319,-0.21,0.649,0.244,0.358,-0.51,0.613,0,0.41,-0.61,0.75,0,0.543,1.82,0,1,0.297,-0.21,0.649,0.292,0.381,-0.23,0.625,0.113
54902,20100605,-93.29,41.56,0.298,-0.03,0.512,0.446,0.334,-0.05,0.506,0.387,0.361,-0.44,0.518,0,0.41,-0.61,0.756,0,0.543,1.76,0,1,0.316,-0.02,0.506,0.435,0.389,-0.09,0.512,0.256
54902,20100606,-93.29,41.56,0.328,0.22,0.369,0.589,0.355,0.17,0.363,0.53,0.372,-0.28,0.375,0.077,0.414,-0.51,0.631,0.048,0.544,1.7,0,1,0.341,0.22,0.363,0.577,0.402,0.11,0.369,0.399
54902,20100607,-93.29,41.56,0.355,0.45,0.226,0.732,0.374,0.39,0.22,0.673,0.385,-0.09,0.232,0.22,0.419,-0.38,0.488,0.048,0.545,1.64,0,1,0.365,0.45,0.22,0.72,0.416,0.32,0.226,0.542
54902,20100608,-93.29,41.56,0.381,0.67,0.083,0.875,0.394,0.59,0.077,0.815,0.398,0.1,0.089,0.363,0.425,-0.24,0.345,0.048,0.546,1.58,0,1,0.387,0.67,0.077,0.863,0.429,0.52,0.083,0.685
54902,20100609,-93.29,41.56,0.401,0.83,0,0.964,0.407,0.73,0,0.899,0.411,0.27,0,0.506,0.43,-0.11,0.262,0.06,0.547,1.54,0,1,0.404,0.82,0,0.946,0.439,0.67,0,0.774
54902,20100610,-93.29,41.56,0.404,0.86,0,0.964,0.409,0.75,0,0.899,0.418,0.36,0,0.649,0.433,-0.04,0.131,0.06,0.548,1.49,0,1,0.407,0.84,0,0.946,0.443,0.71,0,0.869
54902,20100611,-93.29,41.56,0.413,0.92,0,1,0.416,0.82,0,1,0.429,0.49,0,0.792,0.439,0.09,0.006,0.143,0.549,1.45,0,1,0.415,0.9,0,1,0.449,0.8,0,1
54902,20100612,-93.29,41.56,0.42,0.97,0,1,0.424,0.89,0,1,0.438,0.59,0,0.935,0.444,0.19,0,0.25,0.549,1.41,0,1,0.422,0.96,0,1,0.455,0.87,0,1
54902,20100613,-93.29,41.56,0.424,1,0,1,0.426,0.9,0,1,0.445,0.65,0,1,0.45,0.3,0,0.345,0.55,1.39,0,1,0.425,0.99,0,1,0.459,0.9,0,1
54902,20100614,-93.29,41.56,0.432,1.05,0,1,0.431,0.94,0,1,0.451,0.69,0,1,0.457,0.43,0,0.488,0.551,1.36,0,1,0.432,1.03,0,1,0.464,0.96,0,1
54902,20100615,-93.29,41.56,0.44,1.11,0,1,0.437,0.98,0,1,0.457,0.74,0,1,0.464,0.55,0,0.631,0.551,1.34,0,1,0.438,1.09,0,1,0.47,1.01,0,1
54902,20100616,-93.29,41.56,0.443,1.14,0,1,0.439,0.99,0,1,0.461,0.76,0,1,0.469,0.63,0,0.762,0.552,1.31,0,1,0.441,1.11,0,1,0.473,1.04,0,1
54902,20100617,-93.29,41.56,0.447,1.17,0,1,0.442,1,0,1,0.465,0.79,0,1,0.474,0.72,0,0.905,0.552,1.29,0,1,0.444,1.14,0,1,0.476,1.07,0,1
54902,20100618,-93.29,41.56,0.448,1.18,0,1,0.441,0.98,0,1,0.465,0.78,0,1,0.477,0.76,0,0.964,0.553,1.27,0,1,0.444,1.14,0,1,0.477,1.08,0,1
54902,20100619,-93.29,41.56,0.449,1.2,0,1,0.441,0.97,0,1,0.466,0.78,0,1,0.48,0.8,0,1,0.553,1.26,0,1,0.445,1.14,0,1,0.478,1.09,0,1
54902,20100620,-93.29,41.56,0.446,1.19,0,1,0.438,0.93,0,1,0.464,0.75,0,1,0.478,0.76,0,1,0.553,1.24,0,1,0.442,1.11,0,1,0.476,1.06,0,1
54902,20100621,-93.29,41.56,0.444,1.17,0,1,0.435,0.9,0,1,0.462,0.71,0,1,0.475,0.7,0,1,0.554,1.22,0,1,0.439,1.09,0,1,0.474,1.03,0,1
54902,20100622,-93.29,41.56,0.444,1.17,0,1,0.434,0.88,0,1,0.462,0.7,0,1,0.475,0.67,0,1,0.554,1.2,0,1,0.439,1.08,0,1,0.474,1.02,0,1
54902,20100623,-93.29,41.56,0.445,1.18,0,1,0.434,0.87,0,1,0.464,0.72,0,1,0.476,0.66,0,1,0.554,1.19,0,1,0.44,1.07,0,1,0.475,1.03,0,1
54902,20100624,-93.29,41.56,0.449,1.2,0,1,0.437,0.88,0,1,0.467,0.74,0,1,0.478,0.67,0,1,0.555,1.19,0,1,0.443,1.09,0,1,0.477,1.05,0,1
54902,20100625,-93.29,41.56,0.449,1.2,0,1,0.438,0.88,0,1,0.469,0.76,0,1,0.479,0.67,0,1,0.555,1.18,0,1,0.444,1.08,0,1,0.478,1.05,0,1
54902,20100626,-93.29,41.56,0.447,1.17,0,1,0.437,0.86,0,1,0.469,0.75,0,1,0.48,0.66,0,1,0.555,1.18,0,1,0.442,1.06,0,1,0.478,1.04,0,1
54902,20100627,-93.29,41.56,0.449,1.18,0,1,0.44,0.88,0,1,0.472,0.78,0,1,0.483,0.68,0,1,0.556,1.18,0,1,0.445,1.06,0,1,0.48,1.06,0,1
54902,20100628,-93.29,41.56,0.451,1.19,0,1,0.443,0.9,0,1,0.475,0.81,0,1,0.485,0.7,0,1,0.557,1.18,0,1,0.447,1.07,0,1,0.482,1.08,0,1
54902,20100629,-93.29,41.56,0.447,1.15,0,1,0.441,0.89,0,1,0.474,0.8,0,1,0.485,0.7,0,1,0.558,1.18,0,1,0.444,1.05,0,1,0.481,1.07,0,1
54902,20100630,-93.29,41.56,0.44,1.1,0,1,0.438,0.86,0,1,0.471,0.77,0,1,0.484,0.68,0,1,0.558,1.18,0,1,0.439,1,0,1,0.478,1.03,0,1
54902,20100701,-93.29,41.56,0.429,1.02,0,1,0.433,0.82,0,1,0.467,0.74,0,1,0.482,0.66,0,1,0.559,1.17,0,1,0.431,0.93,0,1,0.474,0.99,0,1
54902,20100702,-93.29,41.56,0.418,0.94,0,0.905,0.428,0.8,0,1,0.464,0.72,0,1,0.48,0.65,0,1,0.559,1.16,0,1,0.423,0.87,0,1,0.47,0.95,0,1
54902,20100703,-93.29,41.56,0.402,0.83,0,0.762,0.422,0.76,0,1,0.459,0.69,0,1,0.478,0.63,0,1,0.56,1.15,0,1,0.412,0.79,0,0.869,0.464,0.9,0,1
54902,20100704,-93.29,41.56,0.379,0.66,0,0.619,0.411,0.68,0,0.917,0.45,0.63,0,0.917,0.473,0.59,0,1,0.56,1.13,0,1,0.395,0.66,0,0.726,0.455,0.81,0,0.964
54902,20100705,-93.29,41.56,0.365,0.57,0,0.56,0.402,0.62,0,0.863,0.443,0.58,0,0.863,0.469,0.57,0,1,0.56,1.11,0,1,0.384,0.58,0,0.667,0.448,0.76,0,0.911
54902,20100706,-93.29,41.56,0.367,0.6,0,0.56,0.399,0.62,0,0.863,0.442,0.59,0,0.863,0.468,0.57,0,1,0.56,1.09,0,1,0.383,0.59,0,0.667,0.447,0.77,0,0.911
54902,20100707,-93.29,41.56,0.369,0.63,0,0.56,0.398,0.62,0,0.863,0.441,0.6,0,0.863,0.467,0.57,0,1,0.56,1.08,0,1,0.383,0.61,0,0.667,0.447,0.78,0,0.911
54902,20100708,-93.29,41.56,0.373,0.67,0,0.56,0.397,0.63,0,0.863,0.441,0.61,0,0.863,0.465,0.58,0,1,0.56,1.07,0,1,0.385,0.64,0,0.667,0.447,0.79,0,0.911
54902,20100709,-93.29,41.56,0.377,0.72,0,0.655,0.396,0.65,0,0.863,0.441,0.63,0,0.863,0.464,0.58,0,1,0.56,1.06,0,1,0.387,0.67,0,0.667,0.448,0.81,0,0.911
54902,20100710,-93.29,41.56,0.381,0.77,0,0.798,0.397,0.66,0,0.863,0.44,0.64,0,0.863,0.463,0.59,0,1,0.56,1.07,0,1,0.389,0.71,0,0.798,0.448,0.83,0,0.911
54902,20100711,-93.29,41.56,0.385,0.82,0,0.833,0.397,0.69,0,0.946,0.441,0.66,0,0.946,0.461,0.59,0,1,0.561,1.07,0,1,0.391,0.74,0,0.881,0.449,0.85,0,0.946
54902,20100712,-93.29,41.56,0.377,0.77,0,0.75,0.395,0.69,0,1,0.439,0.66,0,1,0.458,0.58,0,1,0.561,1.08,0,1,0.386,0.72,0,0.798,0.446,0.83,0,1
54902,20100713,-93.29,41.56,0.363,0.7,0,0.708,0.391,0.67,0,1,0.433,0.63,0,1,0.454,0.56,0,0.994,0.561,1.09,0,1,0.377,0.68,0,0.756,0.44,0.78,0,1
54902,20100714,-93.29,41.56,0.353,0.65,0,0.708,0.387,0.66,0,1,0.427,0.6,0,1,0.449,0.54,0,0.905,0.561,1.09,0,1,0.37,0.65,0,0.756,0.435,0.74,0,1
54902,20100715,-93.29,41.56,0.341,0.6,0,0.708,0.381,0.64,0,1,0.421,0.57,0,1,0.444,0.51,0,0.762,0.561,1.09,0,1,0.361,0.61,0,0.756,0.43,0.7,0,1
54902,20100716,-93.29,41.56,0.329,0.53,0,0.613,0.375,0.61,0,1,0.414,0.53,0,0.881,0.437,0.48,0,0.619,0.561,1.09,0,1,0.352,0.56,0,0.744,0.423,0.65,0,0.994
54902,20100717,-93.29,41.56,0.317,0.47,0,0.47,0.367,0.57,0,0.935,0.407,0.49,0,0.738,0.43,0.43,0,0.476,0.561,1.09,0,1,0.342,0.51,0,0.601,0.417,0.61,0,0.869
54902,20100718,-93.29,41.56,0.312,0.47,0,0.458,0.362,0.55,0,0.815,0.4,0.46,0,0.613,0.424,0.4,0,0.351,0.561,1.08,0,1,0.337,0.5,0,0.542,0.412,0.58,0,0.75
54902,20100719,-93.29,41.56,0.325,0.63,0,0.601,0.366,0.62,0,0.815,0.403,0.5,0,0.613,0.423,0.41,0,0.351,0.56,1.08,0,1,0.345,0.62,0,0.685,0.415,0.65,0,0.75
54902,20100720,-93.29,41.56,0.338,0.78,0,0.643,0.372,0.71,0,0.815,0.409,0.58,0,0.613,0.423,0.43,0,0.357,0.56,1.07,0,1,0.355,0.74,0,0.726,0.42,0.73,0,0.75
54902,20100721,-93.29,41.56,0.349,0.9,0,0.643,0.378,0.81,0,0.815,0.415,0.65,0,0.613,0.423,0.45,0,0.446,0.56,1.07,0,1,0.363,0.85,0,0.726,0.425,0.8,0,0.75
54902,20100722,-93.29,41.56,0.36,1.02,0,0.643,0.384,0.91,0,0.815,0.421,0.72,0,0.613,0.424,0.48,0,0.589,0.559,1.07,0,1,0.372,0.95,0,0.726,0.43,0.88,0,0.75
54902,20100723,-93.29,41.56,0.371,1.14,0,0.738,0.391,1,0,0.815,0.426,0.8,0,0.732,0.425,0.52,0,0.732,0.559,1.07,0,1,0.381,1.06,0,0.738,0.435,0.95,0,0.756
54902,20100724,-93.29,41.56,0.387,1.32,0,0.878,0.401,1.14,0,0.878,0.435,0.9,0,0.872,0.428,0.57,0,0.872,0.559,1.07,0,1,0.394,1.22,0,0.878,0.442,1.06,0,0.878
54902,20100725,-93.29,41.56,0.408,1.53,0,1,0.414,1.3,0,1,0.446,1.01,0,1,0.432,0.63,0,1,0.56,1.08,0,1,0.411,1.4,0,1,0.452,1.18,0,1
54902,20100726,-93.29,41.56,0.41,1.57,0,1,0.417,1.37,0,1,0.448,1.06,0,1,0.431,0.64,0,1,0.56,1.09,0,1,0.413,1.45,0,1,0.453,1.21,0,1
54902,20100727,-93.29,41.56,0.404,1.55,0,1,0.416,1.4,0,1,0.445,1.07,0,1,0.429,0.65,0,1,0.561,1.11,0,1,0.41,1.45,0,1,0.451,1.21,0,1
54902,20100728,-93.29,41.56,0.399,1.54,0,1,0.415,1.43,0,1,0.443,1.09,0,1,0.428,0.66,0,1,0.561,1.12,0,1,0.407,1.45,0,1,0.449,1.21,0,1
54902,20100729,-93.29,41.56,0.396,1.55,0,1,0.415,1.47,0,1,0.443,1.12,0,1,0.427,0.68,0,1,0.562,1.13,0,1,0.405,1.46,0,1,0.448,1.23,0,1
54902,20100730,-93.29,41.56,0.394,1.57,0,1,0.416,1.53,0,1,0.443,1.16,0,1,0.428,0.7,0,1,0.563,1.14,0,1,0.405,1.49,0,1,0.449,1.27,0,1
54902,20100731,-93.29,41.56,0.397,1.64,0,1,0.418,1.58,0,1,0.446,1.21,0,1,0.43,0.75,0,1,0.563,1.15,0,1,0.408,1.54,0,1,0.451,1.32,0,1
54902,20100801,-93.29,41.56,0.395,1.66,0,1,0.417,1.61,0,1,0.447,1.25,0,1,0.432,0.79,0,1,0.564,1.17,0,1,0.406,1.55,0,1,0.451,1.36,0,1
54902,20100802,-93.29,41.56,0.394,1.67,0,1,0.417,1.64,0,1,0.448,1.3,0,1,0.435,0.83,0,1,0.564,1.18,0,1,0.405,1.57,0,1,0.451,1.39,0,1
54902,20100803,-93.29,41.56,0.396,1.73,0,1,0.419,1.69,0,1,0.451,1.37,0,1,0.439,0.88,0,1,0.564,1.19,0,1,0.408,1.61,0,1,0.454,1.45,0,1
54902,20100804,-93.29,41.56,0.403,1.82,0,1,0.423,1.77,0,1,0.456,1.45,0,1,0.446,0.97,0,1,0.564,1.2,0,1,0.413,1.69,0,1,0.459,1.52,0,1
54902,20100805,-93.29,41.56,0.414,1.93,0,1,0.429,1.84,0,1,0.462,1.52,0,1,0.454,1.06,0,1,0.564,1.21,0,1,0.421,1.78,0,1,0.464,1.6,0,1
54902,20100806,-93.29,41.56,0.422,2,0,1,0.433,1.89,0,1,0.467,1.58,0,1,0.461,1.14,0,1,0.563,1.22,0,1,0.428,1.85,0,1,0.469,1.66,0,1
54902,20100807,-93.29,41.56,0.422,1.98,0,1,0.434,1.9,0,1,0.468,1.6,0,1,0.465,1.19,0,1,0.563,1.23,0,1,0.428,1.86,0,1,0.47,1.68,0,1
54902,20100808,-93.29,41.56,0.424,1.98,0,1,0.437,1.92,0,1,0.47,1.62,0,1,0.47,1.25,0,1,0.563,1.24,0,1,0.43,1.88,0,1,0.473,1.7,0,1
54902,20100809,-93.29,41.56,0.429,2.01,0,1,0.442,1.96,0,1,0.474,1.65,0,1,0.479,1.33,0,1,0.563,1.26,0,1,0.436,1.93,0,1,0.478,1.75,0,1
54902,20100810,-93.29,41.56,0.435,2.02,0,1,0.447,1.99,0,1,0.479,1.67,0,1,0.489,1.43,0,1,0.564,1.27,0,1,0.441,1.97,0,1,0.483,1.8,0,1
54902,20100811,-93.29,41.56,0.439,2.02,0,1,0.45,2.01,0,1,0.482,1.68,0,1,0.498,1.51,0,1,0.564,1.29,0,1,0.445,1.99,0,1,0.487,1.84,0,1
54902,20100812,-93.29,41.56,0.44,1.97,0,1,0.451,2,0,1,0.482,1.66,0,1,0.503,1.54,0,1,0.565,1.31,0,1,0.445,1.97,0,1,0.488,1.85,0,1
54902,20100813,-93.29,41.56,0.44,1.93,0,1,0.452,1.99,0,1,0.483,1.63,0,1,0.504,1.54,0,1,0.565,1.32,0,1,0.446,1.95,0,1,0.489,1.85,0,1
54902,20100814,-93.29,41.56,0.442,1.92,0,1,0.454,1.98,0,1,0.485,1.61,0,1,0.506,1.54,0,1,0.566,1.32,0,1,0.448,1.93,0,1,0.491,1.84,0,1
54902,20100815,-93.29,41.56,0.442,1.87,0,1,0.455,1.95,0,1,0.484,1.56,0,1,0.506,1.52,0,1,0.566,1.32,0,1,0.448,1.89,0,1,0.491,1.82,0,1
54902,20100816,-93.29,41.56,0.437,1.79,0,1,0.452,1.88,0,1,0.482,1.49,0,1,0.503,1.48,0,1,0.566,1.32,0,1,0.445,1.81,0,1,0.488,1.77,0,1
54902,20100817,-93.29,41.56,0.425,1.64,0,1,0.448,1.79,0,1,0.478,1.41,0,1,0.496,1.39,0,1,0.566,1.31,0,1,0.436,1.69,0,1,0.483,1.68,0,1
54902,20100818,-93.29,41.56,0.419,1.55,0,1,0.445,1.72,0,1,0.476,1.34,0,1,0.489,1.3,0,1,0.566,1.29,0,1,0.432,1.6,0,1,0.479,1.6,0,1
54902,20100819,-93.29,41.56,0.415,1.48,0,1,0.443,1.65,0,1,0.474,1.28,0,1,0.484,1.24,0,1,0.565,1.27,0,1,0.429,1.53,0,1,0.476,1.54,0,1
54902,20100820,-93.29,41.56,0.411,1.42,0,1,0.442,1.6,0,1,0.474,1.23,0,1,0.483,1.21,0,1,0.565,1.24,0,1,0.427,1.48,0,1,0.475,1.49,0,1
54902,20100821,-93.29,41.56,0.407,1.36,0,1,0.44,1.55,0,1,0.473,1.18,0,1,0.483,1.19,0,1,0.565,1.21,0,1,0.423,1.43,0,1,0.474,1.43,0,1
54902,20100822,-93.29,41.56,0.402,1.3,0,1,0.439,1.52,0,1,0.472,1.13,0,1,0.483,1.17,0,1,0.565,1.18,0,1,0.42,1.38,0,1,0.472,1.37,0,1
54902,20100823,-93.29,41.56,0.398,1.24,0,1,0.438,1.49,0,1,0.472,1.08,0,1,0.483,1.15,0,1,0.564,1.15,0,1,0.418,1.33,0,1,0.471,1.31,0,1
54902,20100824,-93.29,41.56,0.393,1.19,0,1,0.437,1.46,0,1,0.472,1.04,0,1,0.483,1.14,0,1,0.564,1.12,0,1,0.415,1.28,0,1,0.47,1.25,0,1
54902,20100825,-93.29,41.56,0.378,1.05,0,1,0.432,1.39,0,1,0.468,0.98,0,1,0.481,1.11,0,1,0.564,1.1,0,1,0.405,1.18,0,1,0.465,1.16,0,1
54902,20100826,-93.29,41.56,0.361,0.91,0,0.923,0.426,1.31,0,1,0.465,0.93,0,1,0.48,1.08,0,1,0.564,1.09,0,1,0.393,1.07,0,1,0.459,1.07,0,1
54902,20100827,-93.29,41.56,0.344,0.77,0,0.78,0.42,1.23,0,1,0.461,0.87,0,1,0.479,1.06,0,1,0.564,1.08,0,1,0.382,0.96,0,1,0.454,0.98,0,1
54902,20100828,-93.29,41.56,0.325,0.62,0,0.637,0.412,1.13,0,1,0.456,0.81,0,1,0.477,1.02,0,1,0.564,1.07,0,1,0.369,0.84,0,0.988,0.447,0.89,0,1
54902,20100829,-93.29,41.56,0.306,0.47,0,0.494,0.402,1.03,0,1,0.451,0.76,0,1,0.475,0.95,0,1,0.564,1.06,0,1,0.354,0.71,0,0.851,0.44,0.81,0,1
54902,20100830,-93.29,41.56,0.289,0.33,0,0.351,0.392,0.92,0,1,0.444,0.69,0,1,0.472,0.87,0,1,0.563,1.05,0,1,0.34,0.59,0,0.708,0.432,0.73,0,1
54902,20100831,-93.29,41.56,0.274,0.21,0,0.208,0.381,0.81,0,0.964,0.436,0.62,0,1,0.469,0.79,0,1,0.563,1.04,0,1,0.327,0.48,0,0.565,0.424,0.65,0,1
54902,20100901,-93.29,41.56,0.275,0.21,0,0.167,0.376,0.75,0,0.964,0.431,0.58,0,1,0.467,0.72,0,1,0.563,1.03,0,1,0.325,0.45,0,0.548,0.422,0.62,0,1
54902,20100902,-93.29,41.56,0.283,0.26,0,0.244,0.375,0.71,0,0.964,0.428,0.54,0,1,0.464,0.64,0,1,0.562,1.01,0,1,0.329,0.46,0,0.548,0.422,0.6,0,1
54902,20100903,-93.29,41.56,0.296,0.35,0,0.387,0.375,0.69,0,0.964,0.425,0.51,0,1,0.461,0.57,0,1,0.562,1,0,1,0.336,0.49,0,0.548,0.424,0.6,0,1
54902,20100904,-93.29,41.56,0.309,0.44,0,0.53,0.375,0.67,0,0.964,0.422,0.48,0,1,0.459,0.51,0,1,0.561,0.98,0,1,0.342,0.53,0,0.56,0.425,0.59,0,1
54902,20100905,-93.29,41.56,0.32,0.51,0,0.673,0.376,0.66,0,0.964,0.42,0.45,0,1,0.455,0.48,0,1,0.561,0.97,0,1,0.348,0.56,0,0.696,0.426,0.59,0,1
54902,20100906,-93.29,41.56,0.334,0.61,0,0.815,0.38,0.68,0,0.964,0.419,0.44,0,1,0.453,0.45,0,1,0.56,0.96,0,1,0.357,0.62,0,0.839,0.429,0.6,0,1
54902,20100907,-93.29,41.56,0.35,0.73,0,0.958,0.387,0.71,0,1,0.421,0.44,0,1,0.45,0.43,0,1,0.56,0.95,0,1,0.368,0.69,0,0.982,0.434,0.63,0,1
54902,20100908,-93.29,41.56,0.35,0.73,0,1,0.387,0.7,0,1,0.418,0.43,0,1,0.446,0.39,0,1,0.561,0.94,0,1,0.368,0.69,0,1,0.432,0.61,0,1
54902,20100909,-93.29,41.56,0.343,0.69,0,1,0.384,0.66,0,1,0.415,0.41,0,1,0.442,0.36,0,0.946,0.561,0.93,0,1,0.363,0.66,0,1,0.429,0.59,0,1
54902,20100910,-93.29,41.56,0.331,0.62,0,0.881,0.38,0.63,0,1,0.411,0.39,0,1,0.437,0.33,0,0.804,0.56,0.93,0,1,0.356,0.62,0,0.994,0.424,0.55,0,1
54902,20100911,-93.29,41.56,0.32,0.54,0,0.738,0.377,0.6,0,1,0.408,0.37,0,0.994,0.433,0.3,0,0.661,0.56,0.92,0,1,0.349,0.57,0,0.887,0.42,0.52,0,1
54902,20100912,-93.29,41.56,0.311,0.49,0,0.595,0.374,0.58,0,0.952,0.405,0.35,0,0.899,0.429,0.27,0,0.518,0.56,0.91,0,1,0.343,0.53,0,0.744,0.416,0.49,0,1
54902,20100913,-93.29,41.56,0.299,0.4,0,0.452,0.369,0.54,0,0.81,0.401,0.33,0,0.756,0.425,0.24,0,0.375,0.559,0.9,0,1,0.334,0.47,0,0.601,0.41,0.45,0,0.881
54902,20100914,-93.29,41.56,0.284,0.3,0,0.31,0.361,0.48,0,0.667,0.396,0.3,0,0.613,0.42,0.21,0,0.232,0.558,0.88,0,1,0.322,0.39,0,0.458,0.404,0.4,0,0.738
54902,20100915,-93.29,41.56,0.271,0.21,0,0.167,0.354,0.42,0,0.524,0.391,0.27,0,0.47,0.416,0.18,0,0.089,0.557,0.86,0,1,0.312,0.32,0,0.315,0.398,0.35,0,0.595
54902,20100916,-93.29,41.56,0.26,0.13,0,0.024,0.347,0.37,0,0.381,0.386,0.24,0,0.327,0.411,0.15,0,0,0.556,0.84,0,1,0.304,0.26,0,0.173,0.392,0.31,0,0.452
54902,20100917,-93.29,41.56,0.251,0.07,0,0,0.341,0.32,0,0.238,0.381,0.2,0,0.185,0.407,0.12,0,0,0.555,0.83,0,1,0.296,0.2,0,0.036,0.387,0.27,0,0.31
54902,20100918,-93.29,41.56,0.243,0.02,0,0,0.334,0.27,0,0.095,0.375,0.17,0,0.048,0.402,0.09,0,0,0.554,0.81,0,1,0.289,0.15,0,0,0.382,0.23,0,0.167
54902,20100919,-93.29,41.56,0.244,0.03,0,0.036,0.33,0.24,0,0.018,0.371,0.14,0,0.012,0.398,0.07,0,0.012,0.553,0.79,0,1,0.287,0.13,0,0.03,0.379,0.22,0,0.042
54902,20100920,-93.29,41.56,0.256,0.11,0,0.179,0.333,0.25,0,0.161,0.372,0.14,0,0.03,0.398,0.07,0,0.024,0.552,0.78,0,1,0.294,0.18,0,0.173,0.382,0.24,0,0.161
54902,20100921,-93.29,41.56,0.267,0.18,0,0.321,0.337,0.27,0,0.304,0.372,0.15,0,0.03,0.397,0.07,0,0.024,0.551,0.77,0,1,0.302,0.22,0,0.315,0.385,0.26,0,0.304
54902,20100922,-93.29,41.56,0.286,0.31,0,0.464,0.345,0.32,0,0.446,0.377,0.18,0,0.137,0.399,0.09,0,0.107,0.551,0.76,0,1,0.315,0.31,0,0.458,0.392,0.31,0,0.446
54902,20100923,-93.29,41.56,0.307,0.44,0,0.607,0.355,0.39,0,0.589,0.382,0.21,0,0.28,0.402,0.11,0,0.131,0.551,0.75,0,1,0.331,0.41,0,0.601,0.399,0.36,0,0.589
54902,20100924,-93.29,41.56,0.331,0.6,0,0.75,0.368,0.47,0,0.732,0.39,0.26,0,0.423,0.406,0.15,0,0.202,0.551,0.75,0,1,0.35,0.52,0,0.744,0.409,0.44,0,0.732
54902,20100925,-93.29,41.56,0.355,0.75,0,0.893,0.382,0.55,0,0.875,0.398,0.31,0,0.565,0.411,0.18,0,0.286,0.551,0.74,0,1,0.369,0.64,0,0.887,0.419,0.51,0,0.875
54902,20100926,-93.29,41.56,0.375,0.88,0,1,0.397,0.63,0,1,0.408,0.37,0,0.696,0.417,0.22,0,0.387,0.551,0.74,0,1,0.386,0.74,0,1,0.429,0.58,0,1
54902,20100927,-93.29,41.56,0.383,0.93,0,1,0.405,0.68,0,1,0.414,0.4,0,0.821,0.418,0.24,0,0.399,0.551,0.74,0,1,0.394,0.79,0,1,0.434,0.61,0,1
54902,20100928,-93.29,41.56,0.392,0.97,0,1,0.412,0.71,0,1,0.42,0.43,0,0.964,0.42,0.26,0,0.399,0.551,0.73,0,1,0.402,0.83,0,1,0.439,0.64,0,1
54902,20100929,-93.29,41.56,0.392,0.96,0,1,0.415,0.72,0,1,0.422,0.44,0,1,0.42,0.26,0,0.315,0.55,0.73,0,1,0.403,0.83,0,1,0.44,0.64,0,1
54902,20100930,-93.29,41.56,0.387,0.93,0,1,0.416,0.72,0,1,0.424,0.44,0,1,0.42,0.26,0,0.292,0.55,0.72,0,1,0.402,0.82,0,1,0.439,0.63,0,1
54902,20101001,-93.29,41.56,0.377,0.86,0,0.911,0.415,0.7,0,1,0.424,0.44,0,1,0.418,0.26,0,0.22,0.549,0.71,0,1,0.396,0.77,0,1,0.437,0.61,0,1
54902,20101002,-93.29,41.56,0.366,0.79,0,0.768,0.412,0.68,0,1,0.423,0.43,0,1,0.417,0.26,0,0.137,0.548,0.69,0,1,0.389,0.73,0,1,0.433,0.58,0,1
54902,20101003,-93.29,41.56,0.348,0.67,0,0.625,0.406,0.64,0,1,0.42,0.41,0,1,0.414,0.24,0,0.024,0.547,0.68,0,1,0.377,0.66,0,0.887,0.427,0.53,0,0.976
54902,20101004,-93.29,41.56,0.332,0.57,0,0.482,0.4,0.6,0,1,0.416,0.39,0,1,0.412,0.23,0,0,0.546,0.67,0,1,0.366,0.59,0,0.744,0.421,0.49,0,0.857
54902,20101005,-93.29,41.56,0.316,0.47,0,0.339,0.395,0.57,0,1,0.413,0.37,0,1,0.41,0.23,0,0,0.545,0.66,0,1,0.355,0.53,0,0.601,0.416,0.45,0,0.714
54902,20101006,-93.29,41.56,0.301,0.38,0,0.196,0.389,0.53,0,1,0.41,0.35,0,0.935,0.408,0.21,0,0,0.544,0.65,0,1,0.345,0.47,0,0.458,0.41,0.41,0,0.571
54902,20101007,-93.29,41.56,0.287,0.29,0,0.054,0.383,0.48,0,0.929,0.407,0.33,0,0.792,0.406,0.2,0,0,0.543,0.64,0,1,0.335,0.41,0,0.315,0.405,0.37,0,0.429
54902,20101008,-93.29,41.56,0.275,0.22,0,0,0.377,0.44,0,0.786,0.403,0.31,0,0.649,0.404,0.18,0,0,0.543,0.63,0,1,0.326,0.35,0,0.173,0.4,0.34,0,0.286
54902,20101009,-93.29,41.56,0.265,0.15,0,0,0.37,0.39,0,0.643,0.399,0.28,0,0.506,0.401,0.16,0,0,0.543,0.63,0,1,0.318,0.3,0,0.03,0.396,0.3,0,0.143
54902,20101010,-93.29,41.56,0.256,0.1,0,0,0.364,0.35,0,0.5,0.396,0.26,0,0.363,0.397,0.14,0,0,0.542,0.61,0,1,0.31,0.25,0,0,0.391,0.27,0,0.024
54902,20101011,-93.29,41.56,0.249,0.05,0,0,0.357,0.3,0,0.357,0.392,0.23,0,0.22,0.394,0.11,0,0,0.542,0.6,0,1,0.303,0.2,0,0,0.387,0.23,0,0
54902,20101012,-93.29,41.56,0.242,0,0,0,0.351,0.25,0,0.214,0.389,0.2,0,0.077,0.39,0.08,0,0,0.542,0.59,0,1,0.296,0.15,0,0,0.383,0.2,0,0
54902,20101013,-93.29,41.56,0.236,-0.04,0,0,0.345,0.21,0,0.071,0.385,0.17,0,0,0.386,0.05,0,0,0.541,0.59,0,1,0.29,0.1,0,0,0.379,0.16,0,0
54902,20101014,-93.29,41.56,0.231,-0.09,0,0,0.338,0.16,0,0,0.382,0.14,0,0,0.382,0.01,0,0,0.541,0.58,0,1,0.284,0.05,0,0,0.375,0.13,0,0
54902,20101015,-93.29,41.56,0.227,-0.13,0,0,0.331,0.11,0,0,0.377,0.11,0,0,0.377,-0.02,0,0,0.54,0.58,0,1,0.279,0,0,0,0.37,0.09,0,0
54902,20101016,-93.29,41.56,0.223,-0.17,0,0,0.325,0.06,0,0,0.373,0.07,0,0,0.372,-0.07,0,0,0.54,0.59,0,1,0.274,-0.04,0,0,0.367,0.06,0,0
54902,20101017,-93.29,41.56,0.219,-0.21,0,0,0.319,0.02,0,0,0.369,0.04,0,0,0.367,-0.12,0,0,0.539,0.6,0,1,0.269,-0.08,0,0,0.363,0.03,0,0
54902,20101018,-93.29,41.56,0.216,-0.25,0.018,0,0.313,-0.03,0,0,0.364,0,0,0,0.362,-0.18,0,0,0.539,0.62,0,1,0.265,-0.12,0,0,0.359,0,0,0
54902,20101019,-93.29,41.56,0.214,-0.29,0.131,0,0.308,-0.07,0,0,0.36,-0.03,0,0,0.357,-0.24,0,0,0.538,0.63,0,1,0.261,-0.15,0,0,0.355,-0.04,0,0
54902,20101020,-93.29,41.56,0.211,-0.33,0.274,0,0.302,-0.11,0,0,0.355,-0.07,0,0,0.352,-0.3,0,0,0.538,0.64,0,1,0.257,-0.18,0,0,0.352,-0.07,0,0
54902,20101021,-93.29,41.56,0.209,-0.37,0.417,0,0.298,-0.14,0,0,0.351,-0.1,0,0,0.347,-0.35,0,0,0.537,0.65,0,1,0.253,-0.21,0,0,0.349,-0.1,0,0
54902,20101022,-93.29,41.56,0.207,-0.4,0.56,0,0.294,-0.17,0,0,0.347,-0.13,0,0,0.343,-0.4,0,0,0.537,0.66,0,1,0.251,-0.23,0,0,0.346,-0.12,0,0
54902,20101023,-93.29,41.56,0.205,-0.43,0.702,0,0.291,-0.2,0,0,0.343,-0.16,0,0,0.339,-0.45,0,0,0.536,0.66,0,1,0.248,-0.26,0,0,0.343,-0.15,0,0
54902,20101024,-93.29,41.56,0.204,-0.45,0.845,0,0.289,-0.21,0,0,0.34,-0.18,0,0,0.335,-0.48,0,0,0.536,0.67,0,1,0.247,-0.28,0,0,0.341,-0.17,0,0
54902,20101025,-93.29,41.56,0.204,-0.47,0.97,0,0.287,-0.22,0,0,0.337,-0.2,0,0,0.333,-0.51,0,0,0.535,0.68,0,1,0.246,-0.29,0,0,0.339,-0.18,0,0
54902,20101026,-93.29,41.56,0.205,-0.48,1,0,0.286,-0.23,0,0,0.336,-0.21,0,0,0.331,-0.52,0,0,0.535,0.69,0,1,0.246,-0.31,0,0,0.339,-0.19,0,0
54902,20101027,-93.29,41.56,0.205,-0.5,1,0,0.286,-0.24,0,0,0.334,-0.22,0,0,0.329,-0.54,0,0,0.535,0.7,0,1,0.246,-0.32,0,0,0.338,-0.19,0,0
54902,20101028,-93.29,41.56,0.205,-0.51,1,0,0.285,-0.25,0,0,0.332,-0.24,0,0,0.328,-0.55,0,0,0.534,0.72,0,1,0.245,-0.35,0.048,0,0.337,-0.2,0,0
54902,20101029,-93.29,41.56,0.206,-0.53,1,0,0.284,-0.27,0,0,0.33,-0.25,0,0,0.327,-0.56,0.071,0,0.534,0.74,0,1,0.245,-0.38,0.19,0,0.336,-0.21,0,0
54902,20101030,-93.29,41.56,0.206,-0.55,1,0,0.284,-0.28,0,0,0.329,-0.26,0,0,0.326,-0.57,0.208,0,0.534,0.76,0,1,0.245,-0.4,0.333,0,0.336,-0.22,0,0
54902,20101031,-93.29,41.56,0.205,-0.57,1,0,0.283,-0.31,0,0,0.327,-0.28,0,0,0.325,-0.58,0.351,0,0.533,0.78,0,1,0.244,-0.44,0.476,0,0.335,-0.23,0,0
54902,20101101,-93.29,41.56,0.205,-0.6,1,0,0.282,-0.33,0,0,0.324,-0.31,0,0,0.324,-0.6,0.494,0,0.533,0.8,0,1,0.243,-0.47,0.619,0,0.333,-0.25,0,0
54902,20101102,-93.29,41.56,0.203,-0.64,1,0,0.28,-0.36,0,0,0.322,-0.34,0,0,0.322,-0.61,0.637,0,0.532,0.81,0,1,0.242,-0.51,0.762,0,0.332,-0.28,0,0
54902,20101103,-93.29,41.56,0.202,-0.7,1,0,0.279,-0.38,0,0,0.319,-0.37,0,0,0.32,-0.63,0.78,0,0.531,0.82,0,1,0.241,-0.54,0.905,0,0.33,-0.31,0,0
54902,20101104,-93.29,41.56,0.202,-0.75,1,0,0.278,-0.4,0,0,0.317,-0.4,0,0,0.318,-0.64,0.923,0,0.53,0.83,0,1,0.24,-0.58,1,0,0.329,-0.34,0,0
54902,20101105,-93.29,41.56,0.201,-0.8,1,0,0.277,-0.43,0,0,0.315,-0.44,0.012,0,0.317,-0.66,0.994,0,0.529,0.83,0,1,0.239,-0.61,1,0,0.328,-0.37,0.083,0
54902,20101106,-93.29,41.56,0.2,-0.86,1,0,0.276,-0.45,0,0,0.314,-0.48,0.143,0,0.315,-0.67,1,0,0.528,0.83,0,1,0.238,-0.65,1,0,0.327,-0.41,0.226,0
54902,20101107,-93.29,41.56,0.199,-0.92,1,0,0.275,-0.48,0.065,0,0.312,-0.52,0.286,0,0.313,-0.68,1,0,0.527,0.83,0,1,0.237,-0.68,1,0,0.325,-0.45,0.369,0
54902,20101108,-93.29,41.56,0.199,-0.97,1,0,0.274,-0.5,0.137,0,0.31,-0.55,0.429,0,0.312,-0.69,1,0,0.527,0.83,0,1,0.236,-0.72,1,0,0.324,-0.49,0.512,0
54902,20101109,-93.29,41.56,0.198,-1.02,1,0,0.273,-0.52,0.185,0,0.309,-0.58,0.565,0,0.311,-0.7,1,0,0.526,0.83,0,1,0.236,-0.75,1,0,0.323,-0.52,0.655,0
54902,20101110,-93.29,41.56,0.198,-1.06,1,0,0.273,-0.53,0.202,0,0.308,-0.6,0.649,0,0.309,-0.71,1,0,0.525,0.83,0,1,0.236,-0.78,1,0,0.323,-0.54,0.798,0
54902,20101111,-93.29,41.56,0.198,-1.1,1,0,0.273,-0.54,0.202,0,0.308,-0.61,0.696,0,0.309,-0.71,1,0,0.524,0.83,0,1,0.235,-0.8,1,0,0.322,-0.56,0.94,0
54902,20101112,-93.29,41.56,0.198,-1.13,1,0,0.273,-0.55,0.339,0,0.307,-0.62,0.81,0,0.308,-0.72,1,0,0.524,0.82,0,1,0.235,-0.82,1,0,0.322,-0.57,1,0
54902,20101113,-93.29,41.56,0.216,-0.92,0.857,0.083,0.279,-0.49,0.339,0,0.31,-0.59,0.714,0,0.311,-0.69,0.863,0,0.523,0.82,0,1,0.248,-0.68,0.863,0.071,0.328,-0.5,0.857,0
54902,20101114,-93.29,41.56,0.236,-0.67,0.714,0.226,0.287,-0.41,0.274,0,0.317,-0.53,0.571,0,0.315,-0.66,0.72,0,0.522,0.82,0,1,0.262,-0.52,0.72,0.185,0.335,-0.41,0.714,0
54902,20101115,-93.29,41.56,0.255,-0.44,0.571,0.369,0.293,-0.34,0.202,0,0.323,-0.47,0.429,0,0.318,-0.64,0.577,0,0.522,0.83,0,1,0.274,-0.38,0.577,0.185,0.342,-0.32,0.571,0
54902,20101116,-93.29,41.56,0.273,-0.22,0.429,0.506,0.299,-0.27,0.155,0,0.328,-0.41,0.292,0,0.321,-0.61,0.476,0,0.521,0.83,0,1,0.286,-0.23,0.435,0.185,0.348,-0.25,0.429,0
54902,20101117,-93.29,41.56,0.29,0,0.286,0.536,0.305,-0.21,0.137,0,0.333,-0.36,0.208,0,0.323,-0.59,0.47,0,0.521,0.83,0,1,0.298,-0.09,0.292,0.185,0.355,-0.18,0.286,0
54902,20101118,-93.29,41.56,0.306,0.21,0.143,0.536,0.311,-0.15,0.137,0,0.339,-0.31,0.161,0,0.326,-0.58,0.47,0,0.521,0.84,0,1,0.309,0.04,0.149,0.185,0.36,-0.11,0.143,0
54902,20101119,-93.29,41.56,0.322,0.41,0,0.536,0.317,-0.08,0,0,0.344,-0.26,0.036,0,0.328,-0.56,0.47,0,0.52,0.84,0,1,0.32,0.17,0.006,0.185,0.366,-0.04,0,0
54902,20101120,-93.29,41.56,0.32,0.37,0,0.452,0.317,-0.09,0,0,0.346,-0.25,0,0,0.326,-0.58,0.607,0,0.52,0.83,0,1,0.319,0.15,0,0.113,0.366,-0.05,0,0
54902,20101121,-93.29,41.56,0.315,0.29,0,0.31,0.316,-0.11,0,0,0.344,-0.27,0,0,0.324,-0.6,0.75,0,0.519,0.83,0,1,0.315,0.1,0,0,0.364,-0.07,0,0
54902,20101122,-93.29,41.56,0.312,0.24,0,0.167,0.316,-0.11,0,0,0.344,-0.28,0,0,0.323,-0.62,0.893,0,0.519,0.82,0,1,0.314,0.06,0,0,0.363,-0.09,0,0
54902,20101123,-93.29,41.56,0.309,0.2,0,0.03,0.315,-0.12,0,0,0.343,-0.29,0,0,0.322,-0.63,0.994,0,0.518,0.81,0,1,0.312,0.03,0,0,0.361,-0.11,0,0
54902,20101124,-93.29,41.56,0.306,0.15,0,0,0.315,-0.13,0,0,0.342,-0.3,0,0,0.321,-0.64,1,0,0.518,0.8,0,1,0.31,0,0,0,0.36,-0.12,0,0
54902,20101125,-93.29,41.56,0.303,0.11,0,0,0.314,-0.14,0,0,0.341,-0.32,0,0,0.32,-0.65,1,0,0.517,0.79,0,1,0.309,-0.03,0,0,0.359,-0.14,0,0
54902,20101126,-93.29,41.56,0.302,0.09,0,0,0.314,-0.15,0,0,0.34,-0.33,0,0,0.319,-0.66,1,0,0.517,0.78,0,1,0.308,-0.05,0,0,0.358,-0.15,0,0
54902,20101127,-93.29,41.56,0.301,0.07,0,0,0.313,-0.16,0,0,0.339,-0.35,0,0,0.318,-0.67,1,0,0.516,0.77,0,1,0.307,-0.07,0,0,0.357,-0.16,0,0
54902,20101128,-93.29,41.56,0.299,0.04,0,0,0.313,-0.17,0,0,0.338,-0.36,0,0,0.317,-0.67,1,0,0.516,0.76,0,1,0.306,-0.09,0,0,0.357,-0.18,0,0
54902,20101129,-93.29,41.56,0.297,0.01,0,0,0.313,-0.18,0,0,0.337,-0.37,0,0,0.317,-0.68,1,0,0.515,0.74,0,1,0.305,-0.11,0,0,0.356,-0.19,0,0
54902,20101130,-93.29,41.56,0.298,0.02,0,0,0.314,-0.17,0,0,0.337,-0.37,0,0,0.317,-0.68,0.994,0,0.514,0.72,0,1,0.306,-0.1,0,0,0.356,-0.19,0,0
54902,20101201,-93.29,41.56,0.302,0.05,0,0.03,0.315,-0.17,0,0,0.337,-0.37,0,0,0.318,-0.67,0.994,0,0.513,0.71,0,1,0.308,-0.08,0,0,0.357,-0.18,0,0
54902,20101202,-93.29,41.56,0.309,0.12,0,0.137,0.315,-0.17,0,0,0.337,-0.38,0,0,0.318,-0.67,0.994,0,0.513,0.7,0,1,0.312,-0.03,0,0,0.359,-0.17,0,0
54902,20101203,-93.29,41.56,0.315,0.17,0,0.137,0.316,-0.16,0,0,0.338,-0.38,0,0,0.319,-0.66,0.994,0,0.512,0.68,0,1,0.315,0.01,0,0,0.36,-0.16,0,0
54902,20101204,-93.29,41.56,0.319,0.2,0,0.137,0.317,-0.16,0,0,0.338,-0.38,0,0,0.319,-0.66,0.994,0,0.512,0.67,0,1,0.318,0.03,0,0,0.361,-0.15,0.006,0
54902,20101205,-93.29,41.56,0.325,0.25,0,0.172,0.318,-0.16,0,0,0.338,-0.38,0,0,0.319,-0.65,0.994,0,0.511,0.66,0,1,0.321,0.07,0,0,0.362,-0.15,0.006,0
54902,20101206,-93.29,41.56,0.33,0.3,0,0.201,0.319,-0.16,0,0,0.338,-0.39,0,0,0.32,-0.65,0.994,0,0.511,0.65,0,1,0.324,0.1,0,0,0.364,-0.13,0.007,0
54902,20101207,-93.29,41.56,,,,,0.319,-0.17,0.03,0,0.337,-0.41,0,0,0.319,-0.66,1,0,0.51,0.64,0,1,,,,,,,,
54902,20101208,-93.29,41.56,,,,,0.311,-0.27,0.173,0,0.336,-0.43,0,0,0.317,-0.68,1,0,0.51,0.62,0,1,,,,,,,,
54902,20101209,-93.29,41.56,,,,,0.304,-0.36,0.315,0,0.335,-0.45,0,0,0.316,-0.69,1,0,0.509,0.6,0,1,,,,,,,,
54902,20101210,-93.29,41.56,,,,,0.297,-0.45,0.458,0,0.335,-0.47,0,0,0.316,-0.71,1,0,0.508,0.58,0,1,,,,,,,,
54902,20101211,-93.29,41.56,,,,,0.29,-0.54,0.601,0,0.334,-0.48,0.012,0,0.315,-0.73,1,0,0.507,0.56,0,1,,,,,,,,
54902,20101212,-93.29,41.56,,,,,0.283,-0.62,0.744,0,0.334,-0.5,0.06,0,0.315,-0.76,1,0,0.506,0.54,0,1,,,,,,,,
54902,20101213,-93.29,41.56,,,,,0.275,-0.72,0.887,0,0.334,-0.51,0.155,0,0.314,-0.79,1,0,0.506,0.53,0,1,,,,,,,,
54902,20101214,-93.29,41.56,,,,,0.268,-0.83,1,0,0.339,-0.45,0.167,0,0.314,-0.83,1,0,0.505,0.51,0,1,,,,,,,,
54902,20101215,-93.29,41.56,,,,,0.268,-0.84,1,0,0.344,-0.38,0.167,0,0.313,-0.88,1,0,0.504,0.5,0,1,,,,,,,,
54902,20101216,-93.29,41.56,,,,,0.268,-0.87,1,0,0.35,-0.3,0.167,0,0.313,-0.93,1,0,0.504,0.49,0,1,,,,,,,,
54902,20101217,-93.29,41.56,,,,,0.268,-0.9,1,0,0.355,-0.25,0.196,0,0.313,-0.98,1,0,0.504,0.49,0,1,,,,,,,,
54902,20101218,-93.29,41.56,,,,,0.268,-0.94,1,0,0.36,-0.18,0.185,0,0.313,-1.04,1,0,0.504,0.48,0,1,,,,,,,,
54902,20101219,-93.29,41.56,,,,,0.268,-0.96,1,0,0.366,-0.1,0.137,0,0.312,-1.08,1,0,0.504,0.48,0,1,,,,,,,,
54902,20101220,-93.29,41.56,,,,,,,,,0.371,-0.03,0.042,0,0.312,-1.13,1,0,0.504,0.47,0,1,,,,,,,,
54902,20101221,-93.29,41.56,,,,,,,,,0.372,-0.03,0.03,0,0.312,-1.18,1,0,0.503,0.46,0,1,,,,,,,,
54902,20101222,-93.29,41.56,,,,,,,,,0.371,-0.04,0.03,0,0.312,-1.22,1,0,0.503,0.45,0,1,,,,,,,,
54902,20101223,-93.29,41.56,,,,,,,,,0.371,-0.04,0.03,0,0.312,-1.25,1,0,0.502,0.44,0,1,,,,,,,,
54902,20101224,-93.29,41.56,,,,,,,,,0.372,-0.04,0,0,0.312,-1.27,1,0,0.502,0.42,0,1,,,,,,,,
54902,20101225,-93.29,41.56,,,,,,,,,0.372,-0.05,0.006,0,0.312,-1.29,1,0,0.501,0.41,0,1,,,,,,,,
54902,20101226,-93.29,41.56,,,,,0.267,-1.19,1,0,0.366,-0.14,0.137,0,0.312,-1.3,1,0,0.501,0.4,0,1,,,,,,,,
54902,20101227,-93.29,41.56,,,,,0.267,-1.22,1,0,0.366,-0.15,0.137,0,0.312,-1.31,1,0,0.5,0.39,0,1,,,,,,,,
54902,20101228,-93.29,41.56,,,,,0.268,-1.25,1,0,0.365,-0.17,0.155,0,0.312,-1.32,1,0,0.5,0.38,0,1,,,,,,,,
54902,20101229,-93.29,41.56,,,,,0.268,-1.28,1,0,0.359,-0.28,0.298,0,0.312,-1.33,1,0,0.5,0.38,0,1,,,,,,,,
54902,20101230,-93.29,41.56,,,,,0.269,-1.3,0.994,0,0.355,-0.36,0.411,0,0.313,-1.31,0.982,0,0.5,0.37,0,1,,,,,,,,
54902,20101231,-93.29,41.56,,,,,0.284,-1.1,0.851,0,0.355,-0.37,0.411,0,0.322,-1.2,0.839,0,0.5,0.37,0,1,,,,,,,,
54902,20110101,-93.29,41.56,,,,,0.298,-0.97,0.758,0,0.355,-0.38,0.405,0,0.33,-1.09,0.815,0,0.5,0.36,0,1,,,,,,,,
54902,20110102,-93.29,41.56,,,,,0.311,-0.91,0.714,0,0.36,-0.34,0.351,0,0.338,-0.99,0.815,0,0.499,0.36,0,1,,,,,,,,
54902,20110103,-93.29,41.56,,,,,0.324,-0.81,0.651,0,0.358,-0.39,0.494,0,0.345,-0.9,0.815,0,0.499,0.35,0,1,,,,,,,,
54902,20110104,-93.29,41.56,,,,,0.336,-0.65,0.553,0,0.362,-0.33,0.53,0.089,0.353,-0.81,0.815,0,0.499,0.34,0,1,,,,,,,,
54902,20110105,-93.29,41.56,,,,,0.348,-0.36,0.377,0,0.375,-0.11,0.387,0.232,0.36,-0.71,0.815,0,0.498,0.34,0,1,,,,,,,,
54902,20110106,-93.29,41.56,,,,,,,,,0.386,0.08,0.274,0.375,0.365,-0.65,0.833,0,0.498,0.33,0,1,,,,,,,,
54902,20110107,-93.29,41.56,,,,,,,,,0.391,0.2,0.274,0.518,0.363,-0.68,0.976,0,0.498,0.33,0,1,,,,,,,,
54902,20110108,-93.29,41.56,,,,,,,,,0.397,0.33,0.274,0.661,0.362,-0.7,1,0,0.498,0.32,0,1,,,,,,,,
54902,20110109,-93.29,41.56,,,,,,,,,0.404,0.47,0.196,0.804,0.361,-0.73,1,0,0.497,0.32,0,1,,,,,,,,
54902,20110110,-93.29,41.56,,,,,,,,,0.411,0.63,0.055,0.945,0.361,-0.77,1,0,0.497,0.32,0,1,,,,,,,,
54902,20110111,-93.29,41.56,,,,,,,,,0.414,0.69,0,1,0.36,-0.81,1,0,0.497,0.31,0,1,,,,,,,,
54902,20110112,-93.29,41.56,,,,,,,,,,,,,0.36,-0.86,1,0,0.497,0.3,0,1,,,,,,,,
54902,20110113,-93.29,41.56,,,,,,,,,,,,,0.36,-0.9,1,0,0.496,0.3,0,1,,,,,,,,
54902,20110114,-93.29,41.56,,,,,,,,,,,,,0.359,-0.95,1,0,0.496,0.29,0,1,,,,,,,,
54902,20110115,-93.29,41.56,,,,,,,,,,,,,0.359,-0.99,1,0,0.496,0.28,0,1,,,,,,,,
54902,20110116,-93.29,41.56,,,,,,,,,,,,,0.359,-1.03,1,0,0.495,0.27,0,1,,,,,,,,
54902,20110117,-93.29,41.56,,,,,,,,,,,,,0.359,-1.05,1,0,0.495,0.26,0,1,,,,,,,,
54902,20110118,-93.29,41.56,,,,,,,,,,,,,0.36,-1.05,1,0,0.495,0.26,0,1,,,,,,,,
54902,20110119,-93.29,41.56,,,,,,,,,,,,,0.361,-1.05,1,0,0.495,0.25,0,1,,,,,,,,
54902,20110120,-93.29,41.56,,,,,,,,,,,,,0.362,-1.05,1,0,0.495,0.25,0,1,,,,,,,,
54902,20110121,-93.29,41.56,,,,,,,,,,,,,0.362,-1.05,1,0,0.495,0.24,0,1,,,,,,,,
54902,20110122,-93.29,41.56,,,,,,,,,,,,,0.363,-1.06,1,0,0.495,0.24,0,1,,,,,,,,
54902,20110123,-93.29,41.56,,,,,,,,,,,,,0.363,-1.07,1,0,0.495,0.24,0,1,,,,,,,,
54902,20110124,-93.29,41.56,,,,,,,,,,,,,0.363,-1.09,1,0,0.495,0.24,0,1,,,,,,,,
54902,20110125,-93.29,41.56,,,,,,,,,,,,,0.363,-1.12,1,0,0.495,0.23,0,1,,,,,,,,
54902,20110126,-93.29,41.56,,,,,,,,,,,,,0.362,-1.16,1,0,0.494,0.23,0,1,,,,,,,,
54902,20110127,-93.29,41.56,,,,,,,,,,,,,0.361,-1.2,1,0,0.494,0.23,0,1,,,,,,,,
54902,20110128,-93.29,41.56,,,,,,,,,,,,,0.36,-1.23,1,0,0.494,0.22,0,1,,,,,,,,
54902,20110129,-93.29,41.56,,,,,,,,,,,,,0.361,-1.24,1,0,0.494,0.21,0,0.994,,,,,,,,
54902,20110130,-93.29,41.56,,,,,,,,,,,,,0.364,-1.21,1,0,0.494,0.21,0,0.994,,,,,,,,
54902,20110131,-93.29,41.56,,,,,,,,,,,,,0.366,-1.21,1,0,0.494,0.2,0,0.988,,,,,,,,
54902,20110201,-93.29,41.56,,,,,,,,,,,,,0.368,-1.22,1,0,0.493,0.2,0,0.97,,,,,,,,
54902,20110202,-93.29,41.56,,,,,,,,,,,,,0.369,-1.24,1,0,0.493,0.19,0,0.952,,,,,,,,
54902,20110203,-93.29,41.56,,,,,,,,,,,,,0.371,-1.27,1,0,0.493,0.18,0,0.923,,,,,,,,
54902,20110204,-93.29,41.56,,,,,,,,,,,,,0.372,-1.31,1,0,0.493,0.18,0,0.863,,,,,,,,
54902,20110205,-93.29,41.56,,,,,,,,,,,,,0.372,-1.38,1,0,0.493,0.17,0,0.804,,,,,,,,
54902,20110206,-93.29,41.56,,,,,,,,,,,,,0.372,-1.4,0.958,0,0.493,0.17,0,0.786,,,,,,,,
54902,20110207,-93.29,41.56,,,,,,,,,,,,,0.372,-1.45,0.946,0,0.492,0.17,0,0.792,,,,,,,,
54902,20110208,-93.29,41.56,,,,,,,,,,,,,0.371,-1.52,0.946,0,0.492,0.17,0,0.798,,,,,,,,
54902,20110209,-93.29,41.56,,,,,,,,,,,,,0.376,-1.38,0.845,0,0.492,0.18,0,0.815,,,,,,,,
54902,20110210,-93.29,41.56,,,,,,,,,,,,,0.384,-1.14,0.702,0,0.492,0.19,0,0.845,,,,,,,,
54902,20110211,-93.29,41.56,,,,,,,,,,,,,0.39,-0.97,0.643,0,0.492,0.2,0,0.905,,,,,,,,
54902,20110212,-93.29,41.56,,,,,,,,,,,,,0.394,-0.84,0.643,0,0.492,0.22,0,0.97,,,,,,,,
54902,20110213,-93.29,41.56,,,,,,,,,,,,,0.396,-0.77,0.685,0,0.492,0.25,0,0.988,,,,,,,,
54902,20110214,-93.29,41.56,,,,,,,,,,,,,0.401,-0.65,0.696,0,0.493,0.3,0,0.988,,,,,,,,
54902,20110215,-93.29,41.56,,,,,,,,,,,,,0.405,-0.5,0.696,0,0.494,0.37,0,1,,,,,,,,
54902,20110216,-93.29,41.56,,,,,,,,,,,,,0.404,-0.54,0.798,0,0.495,0.42,0,1,,,,,,,,
54902,20110217,-93.29,41.56,,,,,,,,,,,,,0.401,-0.64,0.911,0,0.496,0.48,0,1,,,,,,,,
54902,20110218,-93.29,41.56,,,,,,,,,,,,,0.401,-0.63,0.887,0,0.497,0.53,0,1,,,,,,,,
54902,20110219,-93.29,41.56,,,,,,,,,,,,,0.403,-0.55,0.768,0,0.499,0.6,0,1,,,,,,,,
54902,20110220,-93.29,41.56,,,,,,,,,,,,,0.403,-0.57,0.708,0,0.499,0.64,0,1,,,,,,,,
54902,20110221,-93.29,41.56,,,,,,,,,,,,,0.4,-0.65,0.708,0,0.499,0.66,0,1,,,,,,,,
54902,20110222,-93.29,41.56,,,,,,,,,,,,,0.397,-0.72,0.708,0,0.5,0.67,0,1,,,,,,,,
54902,20110223,-93.29,41.56,,,,,,,,,,,,,0.394,-0.79,0.708,0,0.5,0.69,0,1,,,,,,,,
54902,20110224,-93.29,41.56,,,,,,,,,,,,,0.391,-0.88,0.738,0,0.5,0.71,0,1,,,,,,,,
54902,20110225,-93.29,41.56,,,,,,,,,,,,,0.386,-1.01,0.821,0,0.5,0.72,0,1,,,,,,,,
54902,20110226,-93.29,41.56,,,,,,,,,,,,,0.381,-1.16,0.94,0,0.501,0.73,0,1,,,,,,,,
54902,20110227,-93.29,41.56,,,,,,,,,,,,,0.378,-1.22,1,0,0.501,0.73,0,1,,,,,,,,
54902,20110228,-93.29,41.56,,,,,,,,,,,,,0.379,-1.21,1,0,0.501,0.73,0,1,,,,,,,,
54902,20110301,-93.29,41.56,,,,,,,,,,,,,0.379,-1.22,1,0,0.501,0.73,0,1,,,,,,,,
54902,20110302,-93.29,41.56,,,,,,,,,,,,,0.379,-1.22,1,0,0.501,0.73,0,1,,,,,,,,
54902,20110303,-93.29,41.56,,,,,,,,,,,,,0.379,-1.24,1,0,0.502,0.72,0,1,,,,,,,,
54902,20110304,-93.29,41.56,,,,,,,,,,,,,0.379,-1.26,1,0,0.502,0.72,0,1,,,,,,,,
54902,20110305,-93.29,41.56,,,,,,,,,,,,,0.379,-1.28,1,0,0.502,0.71,0,1,,,,,,,,
54902,20110306,-93.29,41.56,,,,,,,,,,,,,0.379,-1.31,1,0,0.502,0.71,0,1,,,,,,,,
54902,20110307,-93.29,41.56,,,,,,,,,,,,,0.379,-1.34,1,0,0.502,0.69,0,1,,,,,,,,
54902,20110308,-93.29,41.56,,,,,,,,,,,,,0.379,-1.38,1,0,0.502,0.68,0,1,,,,,,,,
54902,20110309,-93.29,41.56,,,,,,,,,,,,,0.381,-1.34,0.958,0,0.502,0.67,0,1,,,,,,,,
54902,20110310,-93.29,41.56,,,,,,,,,,,,,0.386,-1.21,0.869,0,0.502,0.66,0,1,,,,,,,,
54902,20110311,-93.29,41.56,,,,,,,,,,,,,0.391,-1.11,0.869,0,0.502,0.65,0,1,,,,,,,,
54902,20110312,-93.29,41.56,,,,,,,,,,,,,0.395,-1,0.869,0,0.503,0.64,0,1,,,,,,,,
54902,20110313,-93.29,41.56,,,,,,,,,,,,,0.4,-0.89,0.869,0,0.503,0.65,0,1,,,,,,,,
54902,20110314,-93.29,41.56,,,,,,,,,,,,,0.404,-0.78,0.869,0,0.504,0.65,0,1,,,,,,,,
54902,20110315,-93.29,41.56,,,,,,,,,,,,,0.408,-0.66,0.869,0,0.504,0.66,0,1,,,,,,,,
54902,20110316,-93.29,41.56,,,,,,,,,,,,,0.41,-0.61,0.911,0,0.504,0.66,0,1,,,,,,,,
54902,20110317,-93.29,41.56,,,,,,,,,0.447,1.47,0,1,0.41,-0.64,1,0,0.504,0.66,0,1,,,,,,,,
54902,20110318,-93.29,41.56,,,,,,,,,0.444,1.35,0,0.946,0.411,-0.62,0.97,0,0.504,0.65,0,1,,,,,,,,
54902,20110319,-93.29,41.56,,,,,0.374,,,,0.437,1.1,0,0.804,0.412,-0.6,0.923,0,0.504,0.65,0,1,,,,,,,,
54902,20110320,-93.29,41.56,,,,,0.374,,,,0.43,0.83,0,0.661,0.413,-0.59,0.923,0,0.505,0.65,0,1,,,,,,,,
54902,20110321,-93.29,41.56,,,,,0.377,0.21,0,0.133,0.427,0.71,0,0.661,0.416,-0.5,0.78,0,0.505,0.66,0,1,,,,,,,,
54902,20110322,-93.29,41.56,0.333,-0.01,0,0,0.379,0.26,0,0.385,0.423,0.59,0,0.631,0.418,-0.43,0.637,0,0.506,0.67,0,1,0.357,,,,0.412,,,
54902,20110323,-93.29,41.56,0.336,0.07,0,0.03,0.382,0.32,0,0.413,0.421,0.49,0,0.631,0.422,-0.34,0.494,0,0.506,0.69,0,1,0.359,0.27,0,0.167,0.413,0.44,0,0.625
54902,20110324,-93.29,41.56,0.338,0.02,0,0.018,0.384,0.31,0,0.414,0.419,0.43,0,0.589,0.424,-0.26,0.351,0,0.507,0.71,0,1,0.361,0.17,0,0.071,0.414,0.35,0,0.325
54902,20110325,-93.29,41.56,0.339,-0.06,0.025,0.012,0.384,0.25,0,0.324,0.418,0.36,0,0.5,0.426,-0.22,0.238,0,0.508,0.75,0,1,0.362,0.08,0,0.045,0.415,0.24,0,0.203
54902,20110326,-93.29,41.56,0.342,-0.08,0.019,0.01,0.385,0.22,0,0.267,0.419,0.4,0,0.5,0.427,-0.19,0.143,0,0.509,0.8,0,1,0.364,0.05,0,0.033,0.416,0.21,0,0.148
54902,20110327,-93.29,41.56,0.344,-0.11,0.062,0.008,0.387,0.19,0,0.226,0.42,0.43,0,0.5,0.429,-0.16,0,0,0.509,0.84,0,1,0.365,0.02,0,0.026,0.418,0.17,0,0.116
54902,20110328,-93.29,41.56,0.342,-0.14,0.213,0.007,0.385,0.15,0,0.202,0.418,0.33,0,0.357,0.428,-0.2,0,0,0.51,0.88,0,1,0.364,-0.02,0,0.022,0.417,0.13,0,0.096
54902,20110329,-93.29,41.56,0.34,-0.18,0.341,0.006,0.384,0.08,0,0.125,0.415,0.24,0,0.244,0.427,-0.24,0.06,0,0.511,0.91,0,1,0.362,-0.05,0,0.019,0.415,0.09,0,0.081
54902,20110330,-93.29,41.56,0.338,-0.22,0.375,0,0.382,0.02,0,0.06,0.413,0.14,0,0.101,0.425,-0.3,0.161,0,0.511,0.94,0,1,0.36,-0.09,0,0,0.414,0.04,0,0.018
54902,20110331,-93.29,41.56,0.337,-0.24,0.381,0,0.381,-0.02,0,0,0.411,0.07,0,0,0.424,-0.35,0.22,0,0.512,0.97,0,1,0.359,-0.12,0,0,0.413,0,0,0
54902,20110401,-93.29,41.56,0.337,-0.25,0.381,0,0.381,-0.04,0,0,0.41,0.03,0,0,0.423,-0.39,0.274,0,0.512,0.98,0,1,0.359,-0.12,0,0,0.413,-0.03,0,0
54902,20110402,-93.29,41.56,0.335,-0.27,0.5,0,0.38,-0.06,0,0,0.409,-0.02,0,0,0.423,-0.41,0.321,0,0.512,0.99,0,1,0.358,-0.15,0,0,0.412,-0.06,0,0
54902,20110403,-93.29,41.56,0.334,-0.29,0.607,0,0.379,-0.08,0,0,0.408,-0.06,0,0,0.422,-0.43,0.381,0,0.513,1,0,1,0.357,-0.16,0,0,0.411,-0.08,0,0
54902,20110404,-93.29,41.56,0.333,-0.31,0.607,0,0.379,-0.08,0,0,0.407,-0.08,0,0,0.422,-0.45,0.5,0,0.513,1,0,1,0.356,-0.17,0,0,0.411,-0.09,0,0
54902,20110405,-93.29,41.56,0.331,-0.34,0.607,0,0.378,-0.09,0.012,0,0.407,-0.09,0,0,0.422,-0.46,0.583,0,0.513,0.99,0,1,0.355,-0.2,0.131,0,0.41,-0.11,0,0
54902,20110406,-93.29,41.56,0.327,-0.41,0.708,0,0.377,-0.12,0.089,0,0.406,-0.13,0.03,0,0.422,-0.47,0.625,0,0.513,0.99,0,1,0.352,-0.24,0.274,0,0.409,-0.15,0.06,0
54902,20110407,-93.29,41.56,0.323,-0.49,0.845,0,0.376,-0.16,0.125,0,0.405,-0.17,0.03,0,0.422,-0.49,0.708,0,0.513,0.99,0,1,0.349,-0.3,0.417,0,0.408,-0.19,0.161,0
54902,20110408,-93.29,41.56,0.323,-0.47,0.905,0.042,0.377,-0.12,0.185,0.071,0.407,-0.1,0.03,0.065,0.424,-0.46,0.726,0.018,0.513,0.99,0,1,0.35,-0.28,0.482,0.048,0.409,-0.15,0.226,0.065
54902,20110409,-93.29,41.56,0.327,-0.38,0.786,0.042,0.379,-0.04,0.185,0.214,0.41,0.01,0.03,0.208,0.426,-0.4,0.679,0.018,0.514,1,0,1,0.353,-0.2,0.482,0.048,0.411,-0.06,0.226,0.208
54902,20110410,-93.29,41.56,0.33,-0.3,0.643,0.042,0.381,0.03,0.185,0.357,0.412,0.11,0.03,0.351,0.427,-0.36,0.619,0.018,0.515,1.02,0,1,0.355,-0.13,0.482,0.048,0.413,0.02,0.226,0.333
54902,20110411,-93.29,41.56,0.332,-0.23,0.5,0.042,0.382,0.09,0.185,0.452,0.414,0.18,0.03,0.488,0.428,-0.33,0.5,0.018,0.515,1.03,0,1,0.357,-0.07,0.482,0.048,0.414,0.08,0.226,0.345
54902,20110412,-93.29,41.56,0.332,-0.19,0.357,0.042,0.383,0.14,0.173,0.452,0.415,0.24,0.03,0.512,0.43,-0.29,0.357,0.018,0.516,1.05,0,1,0.358,-0.02,0.351,0.048,0.415,0.13,0.226,0.345
54902,20110413,-93.29,41.56,0.331,-0.16,0.321,0.042,0.384,0.18,0.095,0.452,0.416,0.29,0,0.512,0.43,-0.26,0.214,0.018,0.517,1.08,0,1,0.358,0.01,0.208,0.048,0.416,0.17,0.167,0.345
54902,20110414,-93.29,41.56,0.329,-0.16,0.321,0.042,0.384,0.21,0.06,0.452,0.417,0.33,0,0.512,0.431,-0.24,0.071,0.018,0.518,1.12,0,1,0.357,0.02,0.167,0.048,0.416,0.2,0.065,0.345
54902,20110415,-93.29,41.56,0.321,-0.28,0.393,0,0.382,0.16,0,0.381,0.415,0.27,0,0.446,0.43,-0.27,0,0,0.519,1.16,0,1,0.351,-0.06,0.244,0,0.413,0.13,0,0.28
54902,20110416,-93.29,41.56,0.321,-0.25,0.423,0.101,0.383,0.22,0,0.351,0.416,0.32,0,0.411,0.431,-0.24,0,0.083,0.519,1.19,0,1,0.352,-0.02,0.268,0.113,0.414,0.18,0,0.25
54902,20110417,-93.29,41.56,0.323,-0.21,0.423,0.238,0.385,0.26,0,0.351,0.418,0.37,0,0.411,0.433,-0.2,0,0.107,0.52,1.22,0,1,0.354,0.04,0.268,0.256,0.416,0.24,0,0.268
54902,20110418,-93.29,41.56,0.326,-0.15,0.423,0.315,0.386,0.31,0,0.399,0.419,0.4,0,0.417,0.433,-0.18,0,0.107,0.52,1.25,0,1,0.356,0.1,0.268,0.399,0.417,0.29,0,0.399
54902,20110419,-93.29,41.56,0.332,-0.04,0.423,0.458,0.389,0.39,0,0.542,0.422,0.49,0,0.536,0.434,-0.16,0,0.107,0.521,1.29,0,1,0.361,0.21,0.268,0.542,0.42,0.4,0,0.542
54902,20110420,-93.29,41.56,0.343,0.14,0.315,0.601,0.395,0.53,0,0.685,0.428,0.66,0,0.679,0.437,-0.05,0,0.202,0.521,1.32,0,1,0.369,0.38,0.268,0.685,0.425,0.57,0,0.685
54902,20110421,-93.29,41.56,0.353,0.32,0.173,0.744,0.399,0.64,0,0.827,0.431,0.77,0,0.821,0.44,0.02,0,0.202,0.521,1.34,0,1,0.376,0.53,0.167,0.827,0.429,0.71,0,0.827
54902,20110422,-93.29,41.56,0.364,0.51,0.03,0.869,0.404,0.75,0,0.97,0.434,0.85,0,0.964,0.441,0.07,0,0.202,0.521,1.36,0,1,0.384,0.69,0.024,0.97,0.433,0.85,0,0.97
54902,20110423,-93.29,41.56,0.365,0.53,0,0.911,0.403,0.74,0,1,0.433,0.81,0,1,0.44,0.03,0,0.119,0.521,1.37,0,1,0.384,0.7,0,1,0.433,0.85,0,1
54902,20110424,-93.29,41.56,0.365,0.53,0,0.917,0.403,0.74,0,1,0.432,0.78,0,1,0.439,-0.01,0,0.095,0.521,1.38,0,1,0.384,0.69,0,1,0.432,0.84,0,1
54902,20110425,-93.29,41.56,0.365,0.52,0,0.97,0.403,0.75,0,1,0.431,0.77,0,1,0.439,-0.03,0,0.095,0.521,1.38,0,1,0.384,0.69,0,1,0.432,0.84,0,1
54902,20110426,-93.29,41.56,0.365,0.53,0,0.911,0.403,0.77,0,1,0.431,0.79,0,1,0.44,0,0,0.137,0.521,1.4,0,1,0.384,0.7,0,1,0.432,0.88,0,1
54902,20110427,-93.29,41.56,0.367,0.55,0,0.911,0.404,0.79,0,1,0.431,0.83,0,1,0.441,0.03,0,0.185,0.521,1.42,0,1,0.385,0.73,0,1,0.433,0.93,0,1
54902,20110428,-93.29,41.56,0.368,0.57,0,0.911,0.404,0.82,0,1,0.432,0.86,0,1,0.441,0.05,0,0.226,0.521,1.46,0,1,0.386,0.76,0,1,0.433,0.98,0,1
54902,20110429,-93.29,41.56,0.368,0.57,0,0.929,0.405,0.83,0,1,0.432,0.88,0,1,0.442,0.05,0,0.226,0.521,1.5,0,1,0.386,0.77,0,1,0.433,1.01,0,1
54902,20110430,-93.29,41.56,0.363,0.53,0,0.81,0.403,0.82,0,1,0.43,0.86,0,1,0.441,0.04,0,0.226,0.522,1.56,0,1,0.383,0.74,0,1,0.432,0.99,0,1
54902,20110501,-93.29,41.56,0.358,0.46,0,0.667,0.401,0.79,0,1,0.429,0.83,0,1,0.441,0.02,0,0.226,0.522,1.62,0,1,0.379,0.69,0,0.929,0.43,0.95,0,1
54902,20110502,-93.29,41.56,0.35,0.38,0,0.536,0.398,0.76,0,1,0.428,0.81,0,0.958,0.441,0,0.006,0.226,0.523,1.67,0,1,0.374,0.62,0,0.786,0.428,0.89,0,0.917
54902,20110503,-93.29,41.56,0.337,0.22,0.083,0.452,0.393,0.67,0,0.899,0.424,0.71,0,0.815,0.439,-0.06,0.018,0.185,0.523,1.71,0,1,0.365,0.49,0,0.643,0.423,0.75,0,0.774
54902,20110504,-93.29,41.56,0.319,-0.01,0.226,0.31,0.385,0.52,0,0.756,0.417,0.5,0,0.673,0.435,-0.22,0.131,0.042,0.523,1.72,0,1,0.352,0.27,0,0.5,0.416,0.49,0,0.631
54902,20110505,-93.29,41.56,0.301,-0.21,0.369,0.167,0.377,0.4,0,0.613,0.412,0.36,0,0.53,0.432,-0.33,0.274,0,0.524,1.72,0,1,0.339,0.08,0.125,0.357,0.409,0.29,0.03,0.488
54902,20110506,-93.29,41.56,0.285,-0.41,0.512,0.024,0.37,0.28,0,0.47,0.408,0.25,0,0.387,0.429,-0.43,0.417,0,0.524,1.69,0,1,0.327,-0.1,0.268,0.214,0.403,0.09,0.155,0.345
54902,20110507,-93.29,41.56,0.268,-0.59,0.655,0,0.362,0.14,0,0.327,0.404,0.12,0,0.244,0.426,-0.54,0.56,0,0.524,1.66,0,1,0.315,-0.28,0.411,0.071,0.397,-0.1,0.298,0.202
54902,20110508,-93.29,41.56,0.252,-0.76,0.798,0,0.353,0,0.107,0.185,0.399,-0.02,0.113,0.101,0.423,-0.67,0.702,0,0.524,1.62,0,1,0.302,-0.46,0.554,0,0.39,-0.3,0.44,0.06
54902,20110509,-93.29,41.56,0.239,-0.89,0.94,0,0.343,-0.16,0.25,0.042,0.393,-0.18,0.256,0,0.419,-0.81,0.839,0,0.524,1.58,0,1,0.291,-0.62,0.696,0,0.384,-0.48,0.583,0
54902,20110510,-93.29,41.56,0.227,-0.99,1,0,0.334,-0.31,0.393,0,0.387,-0.35,0.399,0,0.415,-0.97,0.97,0,0.524,1.54,0,1,0.281,-0.76,0.839,0,0.377,-0.65,0.726,0
54902,20110511,-93.29,41.56,0.217,-1.07,1,0,0.324,-0.46,0.536,0,0.38,-0.54,0.542,0,0.409,-1.17,1,0,0.524,1.5,0,1,0.271,-0.88,0.982,0,0.371,-0.81,0.869,0
54902,20110512,-93.29,41.56,0.22,-1.02,0.94,0.036,0.319,-0.53,0.637,0.03,0.374,-0.69,0.649,0,0.405,-1.35,1,0,0.524,1.46,0,1,0.269,-0.88,0.94,0.036,0.368,-0.86,0.935,0.012
54902,20110513,-93.29,41.56,0.238,-0.82,0.798,0.107,0.325,-0.43,0.637,0.173,0.375,-0.67,0.667,0.024,0.401,-1.48,1,0,0.524,1.42,0,1,0.281,-0.71,0.798,0.149,0.373,-0.74,0.81,0.048
54902,20110514,-93.29,41.56,0.262,-0.57,0.655,0.25,0.336,-0.24,0.637,0.315,0.382,-0.49,0.667,0.167,0.399,-1.56,1,0,0.525,1.4,0,1,0.299,-0.47,0.655,0.292,0.381,-0.52,0.667,0.19
54902,20110515,-93.29,41.56,0.286,-0.32,0.512,0.393,0.348,-0.04,0.53,0.458,0.39,-0.3,0.554,0.31,0.398,-1.62,1,0,0.525,1.39,0,1,0.317,-0.22,0.512,0.435,0.39,-0.3,0.524,0.333
54902,20110516,-93.29,41.56,0.309,-0.09,0.383,0.519,0.361,0.17,0.401,0.586,0.399,-0.08,0.426,0.432,0.398,-1.64,1,0,0.526,1.39,0,1,0.335,0.02,0.383,0.562,0.399,-0.07,0.395,0.457
54902,20110517,-93.29,41.56,0.334,0.14,0.235,0.58,0.376,0.41,0.253,0.735,0.409,0.16,0.278,0.58,0.398,-1.63,1,0,0.526,1.38,0,1,0.355,0.28,0.235,0.71,0.408,0.18,0.247,0.605
54902,20110518,-93.29,41.56,0.355,0.35,0.086,0.58,0.391,0.64,0.105,0.883,0.419,0.42,0.13,0.728,0.398,-1.61,1,0,0.527,1.39,0,1,0.373,0.51,0.086,0.772,0.418,0.42,0.099,0.605
54902,20110519,-93.29,41.56,0.363,0.43,0,0.543,0.401,0.8,0,1,0.427,0.62,0.019,0.728,0.398,-1.59,1,0,0.527,1.38,0,1,0.382,0.63,0,0.735,0.424,0.54,0,0.593
54902,20110520,-93.29,41.56,0.353,0.34,0,0.469,0.4,0.76,0,0.981,0.429,0.67,0,0.704,0.397,-1.61,1,0,0.528,1.4,0,1,0.376,0.56,0,0.617,0.421,0.49,0,0.556
54902,20110521,-93.29,41.56,0.347,0.29,0,0.42,0.396,0.71,0,0.951,0.426,0.6,0,0.654,0.395,-1.65,1,0,0.528,1.4,0,1,0.372,0.5,0,0.574,0.419,0.42,0,0.506
54902,20110522,-93.29,41.56,0.351,0.34,0,0.42,0.398,0.74,0,0.951,0.429,0.66,0,0.654,0.4,-1.44,0.907,0.049,0.529,1.38,0,1,0.375,0.54,0,0.574,0.421,0.49,0,0.506
54902,20110523,-93.29,41.56,0.352,0.37,0,0.44,0.399,0.75,0,0.952,0.43,0.66,0,0.667,0.404,-1.27,0.768,0.048,0.529,1.37,0,1,0.376,0.56,0,0.589,0.423,0.52,0,0.524
54902,20110524,-93.29,41.56,0.352,0.37,0,0.488,0.399,0.75,0,0.952,0.43,0.66,0,0.667,0.408,-1.12,0.726,0.048,0.529,1.36,0,1,0.375,0.56,0,0.589,0.423,0.53,0,0.524
54902,20110525,-93.29,41.56,0.354,0.41,0,0.524,0.4,0.77,0,0.952,0.432,0.7,0,0.667,0.413,-0.91,0.696,0.077,0.529,1.35,0,1,0.377,0.59,0,0.673,0.426,0.58,0,0.667
54902,20110526,-93.29,41.56,0.367,0.54,0,0.667,0.406,0.84,0,0.952,0.437,0.82,0,0.81,0.422,-0.58,0.554,0.179,0.53,1.38,0,1,0.387,0.7,0,0.815,0.433,0.72,0,0.81
54902,20110527,-93.29,41.56,0.379,0.66,0,0.81,0.411,0.89,0,0.97,0.441,0.89,0,0.952,0.429,-0.31,0.411,0.179,0.531,1.41,0,1,0.395,0.79,0,0.958,0.438,0.84,0,0.952
54902,20110528,-93.29,41.56,0.382,0.69,0,0.857,0.413,0.9,0,1,0.443,0.91,0,1,0.436,-0.05,0.268,0.179,0.532,1.46,0,1,0.398,0.82,0,1,0.441,0.89,0,1
54902,20110529,-93.29,41.56,0.376,0.63,0,0.857,0.409,0.84,0,1,0.439,0.82,0,1,0.436,-0.04,0.214,0.131,0.533,1.5,0,1,0.392,0.75,0,1,0.439,0.82,0,1
54902,20110530,-93.29,41.56,0.378,0.66,0,0.857,0.41,0.83,0,1,0.44,0.81,0,1,0.439,0.05,0.214,0.25,0.534,1.54,0,1,0.394,0.77,0,1,0.44,0.84,0,1
54902,20110531,-93.29,41.56,0.381,0.68,0,0.893,0.411,0.83,0,1,0.441,0.81,0,1,0.442,0.13,0.113,0.25,0.536,1.58,0,1,0.396,0.79,0,1,0.442,0.86,0,1
54902,20110601,-93.29,41.56,0.378,0.66,0,0.899,0.409,0.8,0,1,0.44,0.78,0,1,0.443,0.17,0,0.22,0.537,1.61,0,1,0.394,0.77,0,0.976,0.441,0.83,0,1
54902,20110602,-93.29,41.56,0.364,0.54,0,0.756,0.403,0.72,0,0.952,0.434,0.66,0,0.893,0.439,0.08,0,0.119,0.538,1.62,0,1,0.384,0.67,0,0.833,0.436,0.72,0,0.857
54902,20110603,-93.29,41.56,0.352,0.44,0,0.613,0.398,0.65,0,0.81,0.43,0.6,0,0.75,0.437,0.04,0,0.119,0.538,1.62,0,1,0.375,0.58,0,0.69,0.431,0.63,0,0.714
54902,20110604,-93.29,41.56,0.338,0.33,0,0.47,0.391,0.58,0,0.667,0.425,0.52,0,0.607,0.435,-0.03,0.101,0.119,0.539,1.59,0,1,0.364,0.48,0,0.548,0.426,0.53,0,0.571
54902,20110605,-93.29,41.56,0.322,0.19,0.042,0.327,0.382,0.48,0,0.524,0.419,0.42,0,0.464,0.43,-0.11,0.244,0.119,0.54,1.55,0,1,0.352,0.36,0,0.405,0.419,0.41,0,0.429
54902,20110606,-93.29,41.56,0.298,-0.01,0.185,0.185,0.367,0.33,0,0.381,0.407,0.26,0,0.321,0.422,-0.3,0.387,0,0.54,1.5,0,1,0.333,0.17,0,0.262,0.407,0.22,0,0.286
54902,20110607,-93.29,41.56,0.276,-0.19,0.327,0.042,0.352,0.18,0,0.238,0.395,0.1,0.018,0.179,0.413,-0.49,0.53,0,0.54,1.43,0,1,0.314,-0.01,0.137,0.119,0.395,0.04,0.125,0.143
54902,20110608,-93.29,41.56,0.256,-0.34,0.47,0,0.336,0.03,0.107,0.095,0.382,-0.06,0.161,0.036,0.402,-0.7,0.673,0,0.541,1.36,0,1,0.296,-0.17,0.28,0,0.384,-0.13,0.268,0
54902,20110609,-93.29,41.56,0.243,-0.45,0.589,0,0.322,-0.1,0.226,0,0.368,-0.22,0.304,0,0.392,-0.89,0.81,0,0.541,1.28,0,1,0.283,-0.29,0.399,0,0.373,-0.27,0.387,0
54902,20110610,-93.29,41.56,0.26,-0.31,0.589,0.119,0.329,-0.03,0.226,0.113,0.371,-0.19,0.333,0.107,0.398,-0.78,0.839,0.071,0.541,1.21,0,1,0.295,-0.18,0.399,0.113,0.38,-0.18,0.387,0.113
54902,20110611,-93.29,41.56,0.282,-0.14,0.589,0.262,0.34,0.08,0.226,0.256,0.38,-0.09,0.333,0.25,0.407,-0.59,0.738,0.214,0.541,1.17,0,1,0.311,-0.04,0.399,0.256,0.39,-0.04,0.387,0.256
54902,20110612,-93.29,41.56,0.302,0.02,0.548,0.405,0.351,0.19,0.226,0.399,0.388,0,0.333,0.393,0.413,-0.45,0.595,0.274,0.542,1.14,0,1,0.326,0.1,0.399,0.399,0.399,0.08,0.387,0.399
54902,20110613,-93.29,41.56,0.322,0.18,0.405,0.548,0.363,0.3,0.226,0.542,0.397,0.1,0.333,0.536,0.421,-0.28,0.452,0.28,0.543,1.12,0,1,0.342,0.24,0.399,0.542,0.409,0.22,0.387,0.542
54902,20110614,-93.29,41.56,0.349,0.39,0.262,0.69,0.381,0.47,0.226,0.685,0.412,0.26,0.315,0.679,0.432,-0.05,0.31,0.375,0.543,1.11,0,1,0.365,0.44,0.262,0.685,0.424,0.41,0.262,0.685
54902,20110615,-93.29,41.56,0.379,0.63,0.119,0.833,0.402,0.66,0.119,0.827,0.43,0.45,0.173,0.821,0.447,0.24,0.167,0.518,0.545,1.11,0,1,0.391,0.67,0.119,0.827,0.441,0.63,0.119,0.827
54902,20110616,-93.29,41.56,0.405,0.83,0,0.976,0.422,0.83,0,0.97,0.448,0.64,0.03,0.964,0.461,0.52,0.03,0.637,0.545,1.12,0,1,0.413,0.87,0,0.97,0.456,0.83,0,0.97
54902,20110617,-93.29,41.56,0.398,0.78,0,1,0.42,0.8,0,1,0.448,0.63,0,1,0.459,0.47,0,0.583,0.546,1.11,0,1,0.409,0.83,0,1,0.454,0.8,0,1
54902,20110618,-93.29,41.56,0.388,0.71,0,0.905,0.415,0.74,0,1,0.443,0.56,0,0.97,0.454,0.38,0,0.44,0.546,1.08,0,1,0.401,0.76,0,1,0.449,0.73,0,1
54902,20110619,-93.29,41.56,0.38,0.65,0,0.762,0.411,0.7,0,1,0.44,0.53,0,0.875,0.452,0.35,0,0.381,0.546,1.06,0,1,0.396,0.71,0,0.97,0.446,0.7,0,1
54902,20110620,-93.29,41.56,0.376,0.63,0,0.655,0.409,0.67,0,0.923,0.439,0.51,0,0.744,0.451,0.33,0,0.381,0.546,1.04,0,1,0.392,0.68,0,0.869,0.444,0.68,0,0.905
54902,20110621,-93.29,41.56,0.38,0.67,0,0.655,0.411,0.68,0,0.923,0.441,0.52,0,0.744,0.454,0.36,0,0.423,0.547,1.03,0,1,0.395,0.7,0,0.869,0.446,0.7,0,0.905
54902,20110622,-93.29,41.56,0.381,0.68,0,0.655,0.411,0.67,0,0.923,0.441,0.51,0,0.744,0.453,0.34,0,0.411,0.547,1.02,0,1,0.396,0.7,0,0.869,0.446,0.7,0,0.905
54902,20110623,-93.29,41.56,0.383,0.69,0,0.655,0.412,0.67,0,0.923,0.442,0.52,0,0.744,0.454,0.34,0,0.351,0.547,1.02,0,1,0.397,0.71,0,0.869,0.447,0.71,0,0.905
54902,20110624,-93.29,41.56,0.386,0.72,0,0.655,0.414,0.68,0,0.923,0.443,0.53,0,0.744,0.455,0.34,0,0.333,0.548,1.02,0,1,0.4,0.73,0,0.869,0.449,0.73,0,0.905
54902,20110625,-93.29,41.56,0.391,0.75,0,0.75,0.416,0.69,0,0.923,0.445,0.55,0,0.774,0.456,0.35,0,0.333,0.548,1.02,0,1,0.403,0.75,0,0.869,0.451,0.74,0,0.905
54902,20110626,-93.29,41.56,0.399,0.82,0,0.893,0.419,0.71,0,0.923,0.447,0.57,0,0.869,0.457,0.36,0,0.333,0.549,1.02,0,1,0.409,0.79,0,0.899,0.454,0.78,0,0.905
54902,20110627,-93.29,41.56,0.408,0.88,0,1,0.423,0.74,0,1,0.451,0.61,0,1,0.458,0.38,0,0.375,0.549,1.01,0,1,0.416,0.83,0,1,0.458,0.82,0,1
54902,20110628,-93.29,41.56,0.404,0.84,0,1,0.421,0.72,0,1,0.449,0.59,0,1,0.454,0.32,0,0.238,0.55,1.01,0,1,0.413,0.8,0,1,0.455,0.79,0,1
54902,20110629,-93.29,41.56,0.398,0.79,0,1,0.418,0.7,0,1,0.446,0.57,0,1,0.451,0.29,0,0.107,0.55,1,0,1,0.408,0.76,0,1,0.453,0.76,0,1
54902,20110630,-93.29,41.56,0.391,0.74,0,0.911,0.415,0.67,0,1,0.443,0.55,0,0.97,0.447,0.25,0,0.048,0.55,0.99,0,1,0.403,0.71,0,1,0.449,0.72,0,1
54902,20110701,-93.29,41.56,0.381,0.66,0,0.768,0.41,0.64,0,0.982,0.44,0.53,0,0.833,0.443,0.22,0,0.048,0.55,0.97,0,1,0.396,0.65,0,0.857,0.445,0.68,0,0.881
54902,20110702,-93.29,41.56,0.368,0.57,0,0.625,0.405,0.6,0,0.863,0.435,0.5,0,0.69,0.438,0.19,0,0.048,0.55,0.96,0,1,0.386,0.58,0,0.714,0.439,0.63,0,0.738
54902,20110703,-93.29,41.56,0.349,0.42,0,0.482,0.396,0.54,0,0.72,0.428,0.44,0,0.548,0.432,0.14,0,0.048,0.55,0.94,0,1,0.372,0.47,0,0.571,0.431,0.56,0,0.595
54902,20110704,-93.29,41.56,0.327,0.26,0,0.339,0.385,0.46,0,0.577,0.418,0.37,0,0.405,0.425,0.09,0,0,0.55,0.92,0,1,0.356,0.34,0,0.429,0.421,0.46,0,0.452
54902,20110705,-93.29,41.56,0.303,0.09,0.083,0.196,0.371,0.36,0,0.435,0.406,0.29,0,0.262,0.417,0.03,0,0,0.55,0.91,0,1,0.337,0.2,0,0.286,0.409,0.36,0,0.31
54902,20110706,-93.29,41.56,0.281,-0.07,0.226,0.054,0.358,0.27,0,0.292,0.394,0.21,0,0.119,0.408,-0.03,0,0,0.55,0.89,0,1,0.32,0.07,0,0.143,0.398,0.26,0,0.167
54902,20110707,-93.29,41.56,0.262,-0.21,0.369,0,0.345,0.18,0,0.149,0.382,0.13,0,0.006,0.4,-0.09,0,0,0.55,0.88,0,1,0.304,-0.05,0,0,0.388,0.17,0,0.024
54902,20110708,-93.29,41.56,0.26,-0.21,0.381,0,0.339,0.14,0,0.024,0.372,0.07,0,0,0.398,-0.08,0,0,0.55,0.88,0,1,0.299,-0.07,0,0,0.384,0.15,0,0
54902,20110709,-93.29,41.56,0.259,-0.2,0.381,0,0.334,0.11,0,0,0.363,0.02,0,0,0.395,-0.09,0,0,0.55,0.88,0,1,0.297,-0.08,0,0,0.38,0.12,0,0
54902,20110710,-93.29,41.56,0.259,-0.19,0.381,0,0.33,0.09,0,0,0.355,-0.02,0,0,0.391,-0.1,0,0,0.551,0.89,0,1,0.294,-0.08,0,0,0.377,0.11,0,0
54902,20110711,-93.29,41.56,0.261,-0.16,0.381,0.018,0.326,0.08,0,0.018,0.348,-0.06,0,0,0.388,-0.11,0,0,0.552,0.91,0,1,0.294,-0.07,0,0.018,0.375,0.1,0,0.012
54902,20110712,-93.29,41.56,0.28,0.01,0.298,0.161,0.331,0.13,0,0.125,0.344,-0.07,0,0,0.388,-0.08,0,0,0.552,0.92,0,1,0.305,0.05,0,0.161,0.379,0.15,0,0.012
54902,20110713,-93.29,41.56,0.296,0.17,0.155,0.304,0.335,0.18,0,0.125,0.341,-0.08,0,0,0.388,-0.06,0,0,0.553,0.94,0,1,0.315,0.16,0,0.304,0.383,0.2,0,0.012
54902,20110714,-93.29,41.56,0.311,0.32,0.012,0.446,0.338,0.23,0,0.125,0.339,-0.08,0,0,0.388,-0.04,0,0,0.553,0.95,0,1,0.324,0.26,0,0.369,0.386,0.24,0,0.012
54902,20110715,-93.29,41.56,0.31,0.34,0,0.476,0.335,0.23,0,0.125,0.336,-0.08,0,0,0.382,-0.07,0,0,0.553,0.96,0,1,0.322,0.27,0,0.369,0.383,0.23,0,0.012
54902,20110716,-93.29,41.56,0.308,0.36,0,0.476,0.332,0.23,0,0.125,0.333,-0.08,0,0,0.378,-0.09,0,0,0.554,0.96,0,1,0.32,0.28,0,0.369,0.381,0.23,0,0.012
54902,20110717,-93.29,41.56,0.307,0.37,0,0.476,0.33,0.23,0,0.125,0.332,-0.08,0,0,0.375,-0.09,0,0,0.554,0.96,0,1,0.318,0.3,0,0.369,0.379,0.23,0,0.012
54902,20110718,-93.29,41.56,0.302,0.37,0,0.458,0.327,0.23,0,0.107,0.329,-0.07,0,0,0.37,-0.11,0,0,0.553,0.96,0,1,0.314,0.29,0,0.351,0.376,0.22,0,0
54902,20110719,-93.29,41.56,0.281,0.22,0,0.315,0.316,0.17,0,0,0.325,-0.08,0,0,0.363,-0.15,0,0,0.553,0.97,0,1,0.299,0.19,0,0.208,0.368,0.16,0,0
54902,20110720,-93.29,41.56,0.262,0.08,0,0.173,0.307,0.11,0,0,0.321,-0.1,0,0,0.356,-0.19,0.083,0,0.553,0.97,0,1,0.284,0.08,0,0.065,0.36,0.09,0,0
54902,20110721,-93.29,41.56,0.244,-0.04,0.012,0.03,0.298,0.05,0,0,0.316,-0.12,0,0,0.348,-0.24,0.226,0,0.553,0.96,0,1,0.271,-0.01,0,0,0.352,0.04,0,0
54902,20110722,-93.29,41.56,0.232,-0.13,0.137,0.006,0.291,0.01,0,0.006,0.311,-0.13,0,0.006,0.342,-0.26,0.351,0.006,0.551,0.95,0,1,0.261,-0.07,0,0.006,0.345,-0.01,0,0.006
54902,20110723,-93.29,41.56,0.244,0,0.137,0.149,0.299,0.12,0,0.149,0.321,-0.03,0,0.149,0.347,-0.19,0.351,0.024,0.551,0.95,0,1,0.271,0.05,0,0.149,0.352,0.09,0,0.149
54902,20110724,-93.29,41.56,0.26,0.16,0.137,0.292,0.306,0.22,0,0.292,0.329,0.07,0,0.292,0.351,-0.13,0.351,0.024,0.551,0.95,0,1,0.283,0.18,0,0.292,0.359,0.18,0,0.292
54902,20110725,-93.29,41.56,0.276,0.34,0.137,0.435,0.313,0.32,0,0.435,0.338,0.16,0,0.435,0.354,-0.07,0.351,0.024,0.55,0.95,0,1,0.295,0.31,0,0.435,0.366,0.27,0,0.435
54902,20110726,-93.29,41.56,0.291,0.49,0.137,0.577,0.32,0.41,0,0.577,0.346,0.25,0,0.577,0.357,-0.02,0.351,0.024,0.55,0.95,0,1,0.306,0.44,0,0.577,0.373,0.36,0,0.577
54902,20110727,-93.29,41.56,0.303,0.62,0.137,0.72,0.327,0.5,0,0.72,0.354,0.33,0,0.72,0.36,0.03,0.268,0.024,0.549,0.95,0,1,0.315,0.54,0,0.72,0.379,0.44,0,0.661
54902,20110728,-93.29,41.56,0.313,0.73,0.125,0.78,0.333,0.58,0,0.815,0.361,0.41,0,0.744,0.363,0.07,0.125,0.024,0.549,0.95,0,1,0.323,0.63,0,0.768,0.384,0.52,0,0.661
54902,20110729,-93.29,41.56,0.319,0.8,0,0.774,0.338,0.64,0,0.81,0.368,0.48,0,0.738,0.365,0.11,0,0.018,0.55,0.96,0,1,0.328,0.7,0,0.762,0.388,0.58,0,0.655
54902,20110730,-93.29,41.56,0.302,0.67,0,0.631,0.328,0.57,0,0.667,0.359,0.43,0,0.595,0.356,0.05,0,0,0.549,0.96,0,1,0.315,0.58,0,0.619,0.379,0.5,0,0.512
54902,20110731,-93.29,41.56,0.283,0.51,0,0.488,0.319,0.49,0,0.524,0.35,0.37,0,0.452,0.349,-0.01,0,0,0.548,0.96,0,1,0.301,0.46,0,0.476,0.37,0.43,0,0.369
54902,20110801,-93.29,41.56,0.264,0.34,0,0.345,0.31,0.41,0,0.381,0.341,0.31,0,0.31,0.342,-0.05,0,0,0.547,0.96,0,1,0.287,0.33,0,0.333,0.361,0.36,0,0.226
54902,20110802,-93.29,41.56,0.247,0.19,0,0.202,0.3,0.34,0,0.238,0.333,0.26,0,0.167,0.335,-0.1,0.006,0,0.547,0.96,0,1,0.274,0.22,0,0.19,0.352,0.29,0,0.083
54902,20110803,-93.29,41.56,0.233,0.07,0,0.06,0.292,0.26,0,0.095,0.324,0.2,0,0.024,0.329,-0.15,0.131,0,0.546,0.96,0,1,0.262,0.12,0,0.048,0.345,0.23,0,0
54902,20110804,-93.29,41.56,0.222,-0.02,0,0,0.284,0.19,0,0,0.316,0.15,0,0,0.322,-0.19,0.274,0,0.545,0.96,0,1,0.253,0.05,0,0,0.338,0.18,0,0
54902,20110805,-93.29,41.56,0.214,-0.1,0,0,0.276,0.13,0,0,0.308,0.1,0,0,0.316,-0.24,0.417,0,0.544,0.97,0,1,0.245,-0.02,0,0,0.332,0.14,0,0
54902,20110806,-93.29,41.56,0.206,-0.16,0,0,0.27,0.06,0,0,0.301,0.06,0,0,0.31,-0.28,0.56,0,0.544,0.98,0,1,0.238,-0.07,0,0,0.326,0.09,0,0
54902,20110807,-93.29,41.56,0.201,-0.19,0,0,0.266,0.03,0,0.018,0.295,0.03,0,0,0.305,-0.33,0.702,0,0.543,0.98,0,1,0.234,-0.1,0,0,0.322,0.07,0,0
54902,20110808,-93.29,41.56,0.199,-0.2,0,0,0.266,0.04,0,0.018,0.29,0,0,0,0.301,-0.36,0.845,0,0.542,0.99,0,1,0.233,-0.1,0,0,0.32,0.06,0,0
54902,20110809,-93.29,41.56,0.199,-0.19,0,0,0.266,0.04,0,0.018,0.286,-0.01,0,0,0.298,-0.38,0.982,0,0.541,0.99,0,1,0.232,-0.11,0,0,0.318,0.05,0,0
54902,20110810,-93.29,41.56,0.198,-0.19,0,0,0.265,0.03,0,0.018,0.283,-0.02,0,0,0.296,-0.4,1,0,0.54,0.99,0,1,0.231,-0.11,0,0,0.316,0.04,0,0
54902,20110811,-93.29,41.56,0.197,-0.19,0,0,0.264,0.02,0,0.018,0.281,-0.03,0,0,0.294,-0.41,1,0,0.539,0.98,0,1,0.23,-0.12,0,0,0.315,0.04,0,0
54902,20110812,-93.29,41.56,0.196,-0.2,0,0,0.262,0.01,0,0.018,0.279,-0.04,0,0,0.291,-0.43,1,0,0.538,0.97,0,1,0.229,-0.14,0,0,0.313,0.03,0,0
54902,20110813,-93.29,41.56,0.194,-0.2,0,0,0.26,0,0,0.018,0.277,-0.06,0,0,0.289,-0.44,1,0,0.535,0.95,0,1,0.227,-0.15,0,0,0.311,0.01,0,0
54902,20110814,-93.29,41.56,0.192,-0.22,0.083,0,0.256,-0.04,0,0,0.275,-0.08,0,0,0.286,-0.46,1,0,0.533,0.92,0,1,0.224,-0.19,0,0,0.308,-0.01,0,0
54902,20110815,-93.29,41.56,0.188,-0.25,0.226,0,0.25,-0.1,0,0,0.272,-0.12,0,0,0.282,-0.48,1,0,0.53,0.89,0,1,0.219,-0.24,0,0,0.304,-0.05,0,0
54902,20110816,-93.29,41.56,0.184,-0.29,0.369,0,0.245,-0.15,0,0,0.269,-0.16,0,0,0.278,-0.5,1,0,0.527,0.85,0,1,0.214,-0.28,0,0,0.301,-0.09,0,0
54902,20110817,-93.29,41.56,0.183,-0.3,0.381,0,0.242,-0.17,0,0,0.267,-0.2,0,0,0.275,-0.52,1,0,0.524,0.8,0,1,0.213,-0.3,0,0,0.298,-0.12,0,0
54902,20110818,-93.29,41.56,0.183,-0.31,0.399,0,0.24,-0.19,0,0,0.265,-0.23,0,0,0.273,-0.53,1,0,0.521,0.76,0,1,0.212,-0.31,0,0,0.296,-0.14,0,0
54902,20110819,-93.29,41.56,0.183,-0.32,0.542,0,0.239,-0.2,0,0,0.263,-0.26,0,0,0.271,-0.53,1,0,0.518,0.7,0,1,0.211,-0.32,0,0,0.295,-0.17,0,0
54902,20110820,-93.29,41.56,0.183,-0.33,0.685,0,0.238,-0.21,0,0,0.262,-0.28,0,0,0.269,-0.54,1,0,0.516,0.65,0,0.994,0.21,-0.33,0,0,0.294,-0.19,0,0
54902,20110821,-93.29,41.56,0.183,-0.34,0.744,0,0.237,-0.22,0,0,0.262,-0.31,0.018,0,0.268,-0.54,1,0,0.514,0.6,0,0.994,0.21,-0.34,0.048,0,0.293,-0.22,0.03,0
54902,20110822,-93.29,41.56,0.183,-0.35,0.744,0,0.237,-0.23,0,0,0.261,-0.33,0.161,0,0.268,-0.54,1,0,0.512,0.55,0,0.946,0.21,-0.35,0.179,0,0.292,-0.26,0.173,0
54902,20110823,-93.29,41.56,0.183,-0.37,0.744,0,0.237,-0.24,0,0,0.261,-0.35,0.304,0,0.267,-0.54,1,0,0.511,0.51,0,0.833,0.21,-0.36,0.321,0,0.292,-0.29,0.315,0
54902,20110824,-93.29,41.56,0.181,-0.39,0.875,0,0.237,-0.25,0,0,0.261,-0.38,0.446,0,0.266,-0.54,1,0,0.509,0.46,0,0.702,0.209,-0.38,0.464,0,0.291,-0.34,0.458,0
54902,20110825,-93.29,41.56,0.179,-0.42,1,0,0.236,-0.26,0,0,0.26,-0.41,0.589,0,0.266,-0.55,1,0,0.507,0.42,0,0.56,0.208,-0.39,0.607,0,0.29,-0.38,0.601,0
54902,20110826,-93.29,41.56,0.177,-0.44,1,0,0.235,-0.27,0.036,0,0.259,-0.43,0.732,0,0.265,-0.56,1,0,0.505,0.38,0,0.417,0.206,-0.41,0.75,0,0.288,-0.42,0.744,0
54902,20110827,-93.29,41.56,0.176,-0.46,1,0,0.234,-0.28,0.071,0,0.258,-0.46,0.875,0,0.264,-0.58,1,0,0.502,0.34,0,0.28,0.205,-0.43,0.893,0,0.287,-0.47,0.887,0
54902,20110828,-93.29,41.56,0.174,-0.48,1,0,0.233,-0.3,0.131,0,0.256,-0.49,1,0,0.263,-0.61,1,0,0.5,0.3,0,0.137,0.203,-0.44,0.988,0,0.285,-0.5,1,0
54902,20110829,-93.29,41.56,0.172,-0.5,1,0,0.231,-0.32,0.22,0,0.255,-0.51,1,0,0.261,-0.67,1,0,0.497,0.27,0,0.042,0.202,-0.45,1,0,0.283,-0.52,1,0
54902,20110830,-93.29,41.56,0.171,-0.51,1,0,0.23,-0.33,0.321,0,0.253,-0.53,1,0,0.26,-0.73,1,0,0.495,0.23,0,0.012,0.2,-0.47,1,0,0.282,-0.54,1,0
54902,20110831,-93.29,41.56,0.183,-0.43,0.875,0,0.235,-0.29,0.339,0,0.263,-0.48,0.875,0,0.267,-0.74,0.994,0,0.493,0.21,0,0,0.209,-0.4,0.875,0,0.288,-0.49,0.875,0
54902,20110901,-93.29,41.56,0.195,-0.35,0.737,0,0.241,-0.26,0.341,0,0.273,-0.43,0.737,0,0.273,-0.75,0.994,0,0.492,0.19,0,0,0.218,-0.34,0.737,0,0.295,-0.44,0.737,0
54902,20110902,-93.29,41.56,0.203,-0.3,0.593,0,0.245,-0.24,0.305,0,0.281,-0.38,0.593,0,0.278,-0.76,0.994,0,0.491,0.17,0,0,0.224,-0.3,0.593,0,0.3,-0.4,0.593,0
54902,20110903,-93.29,41.56,0.209,-0.26,0.449,0,0.249,-0.22,0.269,0,0.288,-0.35,0.449,0,0.284,-0.77,0.994,0,0.491,0.16,0,0,0.229,-0.27,0.449,0,0.304,-0.37,0.449,0
54902,20110904,-93.29,41.56,0.219,-0.2,0.305,0,0.253,-0.2,0.21,0,0.295,-0.32,0.305,0,0.289,-0.76,0.994,0,0.49,0.15,0,0,0.236,-0.22,0.305,0,0.309,-0.34,0.305,0
54902,20110905,-93.29,41.56,0.228,-0.13,0.162,0,0.256,-0.18,0.12,0,0.301,-0.29,0.162,0,0.294,-0.74,0.994,0,0.491,0.14,0,0,0.242,-0.18,0.162,0,0.314,-0.3,0.162,0
54902,20110906,-93.29,41.56,0.234,-0.09,0.018,0,0.259,-0.17,0.018,0,0.306,-0.26,0.018,0,0.298,-0.71,0.994,0,0.491,0.14,0,0,0.247,-0.15,0.018,0,0.318,-0.28,0.018,0
54902,20110907,-93.29,41.56,0.224,-0.16,0,0,0.254,-0.21,0,0,0.298,-0.32,0,0,0.294,-0.74,1,0,0.491,0.13,0,0,0.239,-0.2,0,0,0.312,-0.32,0,0
54902,20110908,-93.29,41.56,0.214,-0.23,0.101,0,0.25,-0.25,0,0,0.29,-0.37,0.048,0,0.289,-0.77,1,0,0.491,0.12,0,0,0.232,-0.25,0,0,0.307,-0.37,0,0
54902,20110909,-93.29,41.56,0.207,-0.28,0.244,0,0.246,-0.28,0,0,0.283,-0.42,0.179,0,0.285,-0.8,1,0,0.49,0.11,0,0,0.227,-0.28,0.042,0,0.302,-0.4,0.06,0
54902,20110910,-93.29,41.56,0.203,-0.3,0.387,0,0.243,-0.3,0,0,0.276,-0.46,0.321,0,0.282,-0.83,1,0,0.489,0.1,0,0,0.223,-0.31,0.179,0,0.299,-0.43,0.196,0
54902,20110911,-93.29,41.56,0.194,-0.37,0.53,0,0.24,-0.33,0,0,0.27,-0.5,0.464,0,0.278,-0.85,1,0,0.489,0.09,0,0,0.217,-0.35,0.321,0,0.294,-0.46,0.339,0
54902,20110912,-93.29,41.56,0.185,-0.42,0.673,0,0.237,-0.35,0,0,0.265,-0.54,0.607,0,0.275,-0.87,1,0,0.488,0.08,0,0,0.211,-0.38,0.464,0,0.29,-0.49,0.482,0
54902,20110913,-93.29,41.56,0.179,-0.46,0.815,0,0.235,-0.37,0,0,0.259,-0.57,0.75,0,0.271,-0.89,1,0,0.487,0.07,0,0,0.207,-0.41,0.607,0,0.286,-0.51,0.625,0
54902,20110914,-93.29,41.56,0.175,-0.49,0.958,0,0.233,-0.4,0,0,0.255,-0.6,0.893,0,0.269,-0.9,1,0,0.486,0.06,0,0,0.204,-0.43,0.75,0,0.283,-0.53,0.768,0
54902,20110915,-93.29,41.56,0.171,-0.51,1,0,0.231,-0.42,0.006,0,0.251,-0.63,0.988,0,0.266,-0.91,1,0,0.485,0.05,0,0,0.201,-0.46,0.893,0,0.281,-0.54,0.911,0
54902,20110916,-93.29,41.56,0.168,-0.53,1,0,0.228,-0.44,0.024,0,0.247,-0.65,1,0,0.264,-0.92,1,0,0.485,0.04,0,0,0.198,-0.47,0.994,0,0.278,-0.56,0.994,0
54902,20110917,-93.29,41.56,0.165,-0.54,1,0,0.226,-0.46,0.065,0,0.244,-0.67,1,0,0.261,-0.93,1,0,0.484,0.04,0,0,0.195,-0.49,1,0,0.276,-0.57,1,0
54902,20110918,-93.29,41.56,0.162,-0.55,1,0,0.224,-0.48,0.089,0,0.241,-0.69,1,0,0.259,-0.93,1,0,0.483,0.03,0,0,0.193,-0.5,1,0,0.274,-0.57,1,0
54902,20110919,-93.29,41.56,0.165,-0.52,0.917,0,0.222,-0.49,0.089,0,0.238,-0.71,1,0,0.257,-0.94,1,0,0.482,0.02,0,0,0.193,-0.5,0.917,0,0.273,-0.57,1,0
54902,20110920,-93.29,41.56,0.168,-0.5,0.863,0,0.221,-0.5,0.089,0,0.236,-0.72,1,0,0.256,-0.94,1,0,0.481,0.01,0,0,0.194,-0.48,0.869,0,0.272,-0.57,1,0
54902,20110921,-93.29,41.56,0.17,-0.48,0.863,0,0.22,-0.5,0.089,0,0.235,-0.73,1,0,0.254,-0.93,1,0,0.48,0,0,0,0.195,-0.48,0.869,0,0.272,-0.57,1,0
54902,20110922,-93.29,41.56,0.17,-0.47,0.863,0,0.219,-0.5,0.083,0,0.234,-0.73,1,0,0.253,-0.93,1,0,0.48,-0.01,0,0,0.195,-0.47,0.869,0,0.271,-0.56,1,0
54902,20110923,-93.29,41.56,0.171,-0.46,0.863,0,0.219,-0.5,0.077,0,0.233,-0.73,1,0,0.252,-0.93,1,0,0.479,-0.02,0,0,0.195,-0.47,0.869,0,0.271,-0.56,1,0
54902,20110924,-93.29,41.56,0.171,-0.45,0.863,0,0.219,-0.5,0.06,0,0.233,-0.73,1,0,0.252,-0.93,1,0,0.478,-0.03,0,0,0.195,-0.46,0.869,0,0.271,-0.56,1,0
54902,20110925,-93.29,41.56,0.171,-0.45,0.863,0,0.218,-0.51,0.173,0,0.233,-0.73,1,0,0.251,-0.93,1,0,0.477,-0.04,0,0,0.195,-0.46,0.869,0,0.27,-0.56,1,0
54902,20110926,-93.29,41.56,0.167,-0.48,0.946,0,0.218,-0.52,0.315,0,0.232,-0.73,1,0,0.25,-0.93,1,0,0.476,-0.05,0,0,0.192,-0.48,0.952,0,0.268,-0.57,1,0
54902,20110927,-93.29,41.56,0.162,-0.5,1,0,0.217,-0.53,0.435,0,0.231,-0.74,1,0,0.249,-0.93,1,0,0.475,-0.06,0,0,0.189,-0.5,1,0,0.267,-0.58,1,0
54902,20110928,-93.29,41.56,0.159,-0.52,1,0,0.217,-0.54,0.536,0,0.23,-0.74,1,0,0.248,-0.93,1,0,0.474,-0.08,0,0,0.188,-0.51,1,0,0.266,-0.59,1,0
54902,20110929,-93.29,41.56,0.159,-0.52,1,0,0.216,-0.54,0.565,0,0.23,-0.74,1,0,0.248,-0.93,1,0,0.473,-0.09,0,0,0.187,-0.51,1,0,0.265,-0.59,1,0
54902,20110930,-93.29,41.56,0.158,-0.52,1,0,0.216,-0.55,0.619,0,0.23,-0.75,1,0,0.247,-0.93,1,0,0.472,-0.1,0,0,0.187,-0.51,1,0,0.265,-0.6,1,0
54902,20111001,-93.29,41.56,0.157,-0.52,1,0,0.216,-0.55,0.655,0,0.229,-0.75,1,0,0.247,-0.92,1,0,0.471,-0.11,0,0,0.187,-0.52,1,0,0.264,-0.61,1,0
54902,20111002,-93.29,41.56,0.157,-0.52,1,0,0.216,-0.55,0.607,0,0.229,-0.76,1,0,0.246,-0.92,1,0,0.469,-0.13,0,0,0.186,-0.52,1,0,0.263,-0.61,1,0
54902,20111003,-93.29,41.56,0.156,-0.52,1,0,0.215,-0.55,0.554,0,0.228,-0.77,1,0,0.246,-0.92,1,0,0.468,-0.14,0,0,0.186,-0.52,1,0,0.263,-0.62,1,0
54902,20111004,-93.29,41.56,0.155,-0.52,1,0,0.214,-0.55,0.5,0,0.228,-0.77,1,0,0.245,-0.92,1,0,0.467,-0.16,0,0,0.185,-0.52,1,0,0.262,-0.62,1,0
54902,20111005,-93.29,41.56,0.154,-0.53,1,0,0.213,-0.55,0.464,0,0.227,-0.78,1,0,0.244,-0.92,1,0,0.465,-0.18,0,0,0.184,-0.52,1,0,0.261,-0.63,1,0
54902,20111006,-93.29,41.56,0.153,-0.53,1,0,0.213,-0.55,0.488,0,0.226,-0.79,1,0,0.243,-0.92,1,0,0.464,-0.2,0,0,0.183,-0.52,1,0,0.26,-0.63,1,0
54902,20111007,-93.29,41.56,0.152,-0.54,1,0,0.212,-0.55,0.506,0,0.225,-0.8,1,0,0.242,-0.93,1,0,0.462,-0.22,0,0,0.182,-0.53,1,0,0.259,-0.64,1,0
54902,20111008,-93.29,41.56,0.152,-0.54,1,0,0.211,-0.55,0.53,0,0.224,-0.8,1,0,0.242,-0.94,1,0,0.46,-0.24,0,0,0.181,-0.53,1,0,0.258,-0.64,1,0
54902,20111009,-93.29,41.56,0.151,-0.55,1,0,0.211,-0.56,0.548,0,0.224,-0.8,1,0,0.241,-0.94,1,0,0.459,-0.26,0,0,0.181,-0.53,1,0,0.257,-0.65,1,0
54902,20111010,-93.29,41.56,0.151,-0.55,1,0,0.211,-0.56,0.595,0,0.224,-0.81,1,0,0.241,-0.95,1,0,0.457,-0.29,0,0,0.181,-0.53,1,0,0.257,-0.65,1,0
54902,20111011,-93.29,41.56,0.151,-0.56,1,0,0.211,-0.57,0.673,0,0.223,-0.81,1,0,0.241,-0.96,1,0,0.456,-0.32,0,0,0.181,-0.54,1,0,0.256,-0.66,1,0
54902,20111012,-93.29,41.56,0.15,-0.56,1,0,0.211,-0.58,0.75,0,0.223,-0.82,1,0,0.24,-0.96,1,0,0.455,-0.34,0,0,0.181,-0.55,1,0,0.256,-0.67,1,0
54902,20111013,-93.29,41.56,0.15,-0.57,1,0,0.211,-0.59,0.839,0,0.223,-0.83,1,0,0.241,-0.97,1,0,0.453,-0.37,0.012,0,0.18,-0.57,1,0,0.255,-0.68,1,0
54902,20111014,-93.29,41.56,0.15,-0.58,1,0,0.21,-0.6,0.899,0,0.223,-0.84,1,0,0.241,-0.97,1,0,0.452,-0.4,0.113,0,0.18,-0.58,1,0,0.255,-0.69,1,0
54902,20111015,-93.29,41.56,0.149,-0.6,1,0,0.21,-0.61,0.958,0,0.223,-0.85,1,0,0.241,-0.99,1,0,0.452,-0.43,0.25,0,0.18,-0.6,1,0,0.255,-0.71,1,0
54902,20111016,-93.29,41.56,0.149,-0.62,1,0,0.209,-0.63,0.994,0,0.222,-0.86,1,0,0.24,-1.01,1,0,0.451,-0.45,0.393,0,0.179,-0.61,1,0,0.254,-0.73,1,0
54902,20111017,-93.29,41.56,0.149,-0.65,1,0,0.208,-0.64,1,0,0.222,-0.88,1,0,0.24,-1.03,1,0,0.45,-0.48,0.536,0,0.179,-0.63,1,0,0.254,-0.74,1,0
54902,20111018,-93.29,41.56,0.148,-0.67,1,0,0.208,-0.66,1,0,0.221,-0.89,1,0,0.239,-1.06,1,0,0.45,-0.51,0.679,0,0.178,-0.65,1,0,0.253,-0.76,1,0
54902,20111019,-93.29,41.56,0.148,-0.7,1,0,0.207,-0.68,1,0,0.22,-0.91,1,0,0.239,-1.09,1,0,0.449,-0.54,0.821,0,0.177,-0.66,1,0,0.253,-0.78,1,0
54902,20111020,-93.29,41.56,0.147,-0.74,1,0,0.206,-0.7,1,0,0.219,-0.93,1,0,0.238,-1.13,1,0,0.449,-0.57,0.952,0,0.176,-0.68,1,0,0.252,-0.8,1,0
54902,20111021,-93.29,41.56,0.146,-0.77,1,0,0.204,-0.72,1,0,0.218,-0.95,1,0,0.237,-1.16,1,0,0.448,-0.6,0.994,0,0.175,-0.7,1,0,0.251,-0.82,1,0
54902,20111022,-93.29,41.56,0.145,-0.8,1,0,0.203,-0.73,1,0,0.216,-0.96,1,0,0.236,-1.19,1,0,0.447,-0.63,1,0,0.174,-0.71,1,0,0.25,-0.84,1,0
54902,20111023,-93.29,41.56,0.144,-0.83,1,0,0.203,-0.75,1,0,0.216,-0.97,1,0,0.235,-1.21,1,0,0.446,-0.65,1,0,0.174,-0.73,1,0,0.249,-0.85,1,0
54902,20111024,-93.29,41.56,0.144,-0.86,1,0,0.202,-0.76,1,0,0.215,-0.99,1,0,0.234,-1.23,1,0,0.445,-0.68,1,0,0.173,-0.75,1,0,0.248,-0.87,1,0
54902,20111025,-93.29,41.56,0.144,-0.88,1,0,0.202,-0.77,1,0,0.214,-1,1,0,0.233,-1.24,1,0,0.444,-0.7,1,0,0.173,-0.78,1,0,0.248,-0.87,1,0
54902,20111026,-93.29,41.56,0.144,-0.9,1,0,0.202,-0.79,1,0,0.214,-1.01,1,0,0.233,-1.24,1,0,0.444,-0.73,1,0,0.173,-0.81,1,0,0.247,-0.88,1,0
54902,20111027,-93.29,41.56,0.144,-0.93,1,0,0.202,-0.81,1,0,0.214,-1.02,1,0,0.233,-1.25,1,0,0.443,-0.76,1,0,0.173,-0.85,1,0,0.247,-0.89,1,0
54902,20111028,-93.29,41.56,0.144,-0.95,1,0,0.202,-0.83,1,0,0.214,-1.03,1,0,0.232,-1.26,1,0,0.442,-0.78,1,0,0.173,-0.89,1,0,0.247,-0.9,1,0
54902,20111029,-93.29,41.56,0.143,-0.98,1,0,0.202,-0.86,1,0,0.214,-1.04,1,0,0.232,-1.26,1,0,0.441,-0.81,1,0,0.172,-0.94,1,0,0.246,-0.91,1,0
54902,20111030,-93.29,41.56,0.142,-1.02,1,0,0.201,-0.89,1,0,0.213,-1.05,1,0,0.232,-1.27,1,0,0.441,-0.84,1,0,0.172,-0.99,1,0,0.246,-0.93,1,0
54902,20111031,-93.29,41.56,0.142,-1.05,1,0,0.201,-0.93,1,0,0.213,-1.08,1,0,0.231,-1.28,1,0,0.44,-0.88,1,0,0.171,-1.05,1,0,0.245,-0.96,1,0
54902,20111101,-93.29,41.56,0.141,-1.09,1,0,0.2,-0.97,1,0,0.212,-1.11,1,0,0.231,-1.29,1,0,0.44,-0.91,1,0,0.17,-1.1,1,0,0.245,-0.98,1,0
54902,20111102,-93.29,41.56,0.14,-1.16,1,0,0.199,-1.01,1,0,0.211,-1.15,1,0,0.23,-1.3,1,0,0.439,-0.95,1,0,0.17,-1.15,1,0,0.244,-1.01,1,0
54902,20111103,-93.29,41.56,0.157,-1.05,0.899,0,0.207,-0.98,0.899,0,0.225,-1.07,0.893,0,0.24,-1.23,0.976,0,0.438,-0.97,1,0,0.182,-1.07,0.899,0,0.253,-0.96,0.893,0
54902,20111104,-93.29,41.56,0.177,-0.92,0.756,0,0.215,-0.94,0.887,0,0.239,-0.99,0.75,0,0.251,-1.15,0.976,0,0.438,-0.98,1,0,0.196,-0.98,0.815,0,0.264,-0.9,0.851,0
54902,20111105,-93.29,41.56,0.194,-0.8,0.619,0,0.222,-0.9,0.887,0,0.252,-0.93,0.738,0,0.261,-1.07,0.976,0,0.438,-0.99,1,0,0.208,-0.89,0.815,0,0.274,-0.85,0.851,0
54902,20111106,-93.29,41.56,0.211,-0.69,0.619,0,0.23,-0.86,0.887,0,0.265,-0.86,0.738,0,0.272,-1,0.976,0,0.438,-0.99,1,0,0.22,-0.81,0.815,0,0.283,-0.8,0.851,0
54902,20111107,-93.29,41.56,0.226,-0.59,0.619,0,0.237,-0.82,0.887,0,0.278,-0.8,0.738,0,0.282,-0.92,0.976,0,0.438,-0.99,1,0,0.231,-0.72,0.815,0,0.292,-0.76,0.851,0
54902,20111108,-93.29,41.56,0.241,-0.48,0.619,0,0.244,-0.78,0.887,0,0.289,-0.73,0.738,0,0.293,-0.84,0.976,0,0.438,-0.98,1,0,0.243,-0.64,0.815,0,0.301,-0.72,0.851,0
54902,20111109,-93.29,41.56,0.264,-0.26,0.482,0.042,0.253,-0.72,0.887,0,0.306,-0.61,0.655,0,0.306,-0.74,0.905,0,0.439,-0.96,1,0,0.258,-0.5,0.738,0,0.313,-0.63,0.774,0
54902,20111110,-93.29,41.56,0.273,-0.16,0.44,0.167,0.254,-0.72,0.988,0,0.31,-0.59,0.619,0,0.313,-0.68,0.786,0,0.44,-0.93,1,0,0.263,-0.46,0.696,0,0.318,-0.6,0.738,0
54902,20111111,-93.29,41.56,0.276,-0.12,0.44,0.167,0.255,-0.73,1,0,0.31,-0.59,0.619,0,0.318,-0.64,0.643,0,0.44,-0.91,1,0,0.265,-0.45,0.637,0,0.32,-0.59,0.655,0
54902,20111112,-93.29,41.56,0.281,-0.07,0.435,0.167,0.256,-0.73,1,0,0.311,-0.59,0.506,0,0.323,-0.6,0.5,0,0.441,-0.9,1,0,0.268,-0.42,0.524,0,0.322,-0.56,0.589,0
54902,20111113,-93.29,41.56,0.286,-0.02,0.292,0.167,0.257,-0.72,1,0,0.311,-0.58,0.482,0,0.328,-0.56,0.357,0,0.441,-0.88,1,0,0.271,-0.4,0.5,0,0.325,-0.54,0.583,0
54902,20111114,-93.29,41.56,0.291,0.05,0.149,0.167,0.259,-0.7,1,0,0.313,-0.57,0.476,0,0.333,-0.52,0.214,0,0.441,-0.87,1,0,0.275,-0.36,0.5,0,0.327,-0.5,0.583,0
54902,20111115,-93.29,41.56,0.296,0.1,0.006,0.167,0.262,-0.68,1,0,0.315,-0.55,0.476,0,0.338,-0.48,0.071,0,0.442,-0.86,1,0,0.279,-0.32,0.5,0,0.33,-0.47,0.583,0
54902,20111116,-93.29,41.56,0.292,0.05,0,0.125,0.262,-0.68,1,0,0.311,-0.59,0.56,0,0.341,-0.46,0,0,0.442,-0.86,1,0,0.277,-0.34,0.577,0,0.329,-0.49,0.661,0
54902,20111117,-93.29,41.56,0.285,-0.05,0,0,0.261,-0.69,1,0,0.307,-0.64,0.702,0,0.339,-0.47,0,0,0.441,-0.87,1,0,0.273,-0.39,0.72,0,0.326,-0.53,0.804,0
54902,20111118,-93.29,41.56,0.28,-0.12,0.018,0,0.261,-0.69,1,0,0.305,-0.66,0.845,0,0.337,-0.48,0,0,0.44,-0.88,1,0,0.271,-0.42,0.863,0,0.325,-0.55,0.929,0
54902,20111119,-93.29,41.56,0.276,-0.18,0.095,0,0.261,-0.7,1,0,0.303,-0.68,0.97,0,0.337,-0.49,0,0,0.44,-0.89,1,0,0.269,-0.45,0.976,0,0.323,-0.57,0.994,0
54902,20111120,-93.29,41.56,0.272,-0.23,0.232,0,0.261,-0.7,1,0,0.302,-0.7,0.994,0,0.336,-0.5,0,0,0.44,-0.89,1,0,0.267,-0.48,1,0,0.322,-0.59,1,0
54902,20111121,-93.29,41.56,0.269,-0.28,0.375,0,0.261,-0.71,1,0,0.3,-0.72,1,0,0.335,-0.51,0,0,0.439,-0.89,1,0,0.265,-0.51,1,0,0.321,-0.61,1,0
54902,20111122,-93.29,41.56,0.266,-0.32,0.518,0,0.26,-0.72,1,0,0.299,-0.74,1,0,0.334,-0.52,0.042,0,0.439,-0.89,1,0,0.263,-0.55,1,0,0.32,-0.62,1,0
54902,20111123,-93.29,41.56,0.263,-0.35,0.661,0,0.26,-0.72,1,0,0.298,-0.76,1,0,0.334,-0.52,0.065,0,0.439,-0.89,1,0,0.262,-0.58,1,0,0.319,-0.63,1,0
54902,20111124,-93.29,41.56,0.262,-0.37,0.804,0,0.26,-0.73,1,0,0.297,-0.77,1,0,0.333,-0.53,0.119,0,0.438,-0.88,1,0,0.261,-0.61,1,0,0.318,-0.63,1,0
54902,20111125,-93.29,41.56,0.26,-0.39,0.929,0,0.261,-0.74,1,0,0.296,-0.78,1,0,0.333,-0.53,0.19,0,0.438,-0.88,1,0,0.26,-0.63,1,0,0.318,-0.64,1,0
54902,20111126,-93.29,41.56,0.259,-0.41,0.994,0,0.261,-0.74,1,0,0.296,-0.79,1,0,0.333,-0.54,0.25,0,0.437,-0.89,1,0,0.26,-0.66,1,0,0.317,-0.64,1,0
54902,20111127,-93.29,41.56,0.259,-0.41,0.875,0,0.261,-0.75,1,0,0.296,-0.8,1,0,0.333,-0.54,0.256,0,0.437,-0.89,1,0,0.26,-0.67,1,0,0.317,-0.63,1,0
54902,20111128,-93.29,41.56,0.26,-0.4,0.732,0,0.262,-0.76,1,0,0.296,-0.8,1,0,0.333,-0.54,0.31,0,0.436,-0.89,1,0,0.261,-0.68,1,0,0.317,-0.63,1,0
54902,20111129,-93.29,41.56,0.261,-0.39,0.595,0,0.262,-0.77,1,0,0.296,-0.81,1,0,0.333,-0.54,0.375,0,0.436,-0.89,1,0,0.261,-0.68,1,0,0.317,-0.63,1,0
54902,20111130,-93.29,41.56,0.261,-0.39,0.476,0,0.262,-0.78,1,0,0.295,-0.82,1,0,0.332,-0.54,0.482,0,0.435,-0.89,1,0,0.261,-0.69,1,0,0.317,-0.63,1,0
54902,20111201,-93.29,41.56,0.261,-0.39,0.446,0,0.261,-0.8,1,0,0.294,-0.84,1,0,0.332,-0.54,0.571,0,0.435,-0.89,1,0,0.261,-0.7,1,0,0.317,-0.64,1,0
54902,20111202,-93.29,41.56,0.261,-0.39,0.446,0,0.261,-0.81,1,0,0.294,-0.85,1,0,0.331,-0.55,0.643,0,0.434,-0.9,1,0,0.261,-0.71,1,0,0.316,-0.66,1,0
54902,20111203,-93.29,41.56,0.262,-0.39,0.423,0,0.261,-0.82,1,0,0.293,-0.86,0.988,0,0.331,-0.55,0.702,0,0.434,-0.89,1,0,0.262,-0.71,0.982,0,0.316,-0.69,1,0
54902,20111204,-93.29,41.56,0.271,-0.31,0.405,0.03,0.27,-0.73,0.887,0,0.299,-0.81,0.863,0,0.338,-0.49,0.696,0,0.434,-0.89,1,0,0.27,-0.61,0.839,0,0.322,-0.63,0.893,0
54902,20111205,-93.29,41.56,0.279,-0.24,0.405,0.03,0.279,-0.63,0.744,0,0.302,-0.78,0.863,0,0.345,-0.43,0.643,0,0.434,-0.89,1,0,0.279,-0.51,0.696,0,0.328,-0.58,0.78,0
54902,20111206,-93.29,41.56,0.285,-0.19,0.399,0.03,0.287,-0.54,0.601,0,0.305,-0.77,0.863,0,0.352,-0.36,0.536,0,0.434,-0.89,1,0,0.286,-0.42,0.554,0,0.333,-0.54,0.78,0
54902,20111207,-93.29,41.56,0.291,-0.14,0.375,0.03,0.295,-0.45,0.482,0,0.307,-0.75,0.863,0,0.359,-0.3,0.405,0,0.434,-0.88,1,0,0.293,-0.34,0.411,0,0.337,-0.5,0.78,0
54902,20111208,-93.29,41.56,0.297,-0.11,0.262,0.03,0.303,-0.37,0.423,0,0.31,-0.75,0.863,0,0.366,-0.24,0.262,0,0.434,-0.88,1,0,0.3,-0.27,0.286,0,0.342,-0.47,0.78,0
54902,20111209,-93.29,41.56,0.301,-0.09,0.119,0.03,0.311,-0.29,0.423,0,0.312,-0.74,0.863,0,0.373,-0.19,0.119,0,0.434,-0.88,1,0,0.306,-0.21,0.167,0,0.346,-0.44,0.78,0
54902,20111210,-93.29,41.56,0.305,-0.07,0,0.03,0.318,-0.21,0.423,0,0.313,-0.74,0.875,0,0.378,-0.14,0,0,0.434,-0.88,1,0,0.311,-0.15,0.11,0,0.35,-0.39,0.774,0
54902,20111211,-93.29,41.56,0.301,-0.12,0,0,0.315,-0.25,0.536,0,0.309,-0.81,1,0,0.378,-0.16,0,0,0.434,-0.88,1,0,0.309,-0.19,0.129,0,0.348,-0.43,0.864,0
54902,20111212,-93.29,41.56,,,,,0.313,-0.28,0.679,0,0.307,-0.85,1,0,0.376,-0.2,0,0,0.434,-0.88,1,0,,,,,,,,
54902,20111213,-93.29,41.56,,,,,0.312,-0.31,0.821,0,0.306,-0.88,1,0,0.374,-0.23,0,0,0.434,-0.89,1,0,,,,,,,,
54902,20111214,-93.29,41.56,,,,,0.312,-0.32,0.911,0,0.306,-0.88,0.976,0,0.374,-0.26,0,0,0.433,-0.9,1,0,,,,,,,,
54902,20111215,-93.29,41.56,,,,,0.318,-0.26,0.827,0,0.312,-0.81,0.833,0,0.378,-0.24,0,0,0.433,-0.9,1,0,,,,,,,,
54902,20111216,-93.29,41.56,,,,,0.323,-0.21,0.685,0,0.316,-0.76,0.69,0,0.381,-0.23,0,0,0.433,-0.9,1,0,,,,,,,,
54902,20111217,-93.29,41.56,,,,,0.327,-0.17,0.542,0,0.32,-0.7,0.643,0,0.384,-0.22,0,0,0.433,-0.89,1,0,,,,,,,,
54902,20111218,-93.29,41.56,0.316,-0.09,0.079,0.046,0.331,-0.13,0.399,0,0.325,-0.65,0.643,0,0.386,-0.22,0,0,0.433,-0.89,1,0,0.325,-0.09,0.079,0,0.359,-0.35,0.477,0
54902,20111219,-93.29,41.56,0.318,-0.08,0.03,0.042,0.335,-0.1,0.256,0,0.329,-0.6,0.643,0,0.389,-0.2,0,0,0.433,-0.88,1,0,0.326,-0.08,0.03,0,0.361,-0.34,0.53,0
54902,20111220,-93.29,41.56,0.322,-0.05,0,0.042,0.339,-0.07,0.113,0,0.333,-0.55,0.643,0,0.391,-0.19,0,0,0.433,-0.87,1,0,0.33,-0.05,0,0,0.364,-0.32,0.53,0
54902,20111221,-93.29,41.56,0.322,-0.04,0,0.033,0.341,-0.06,0,0,0.336,-0.52,0.667,0,0.393,-0.19,0,0,0.434,-0.85,1,0,0.332,-0.03,0,0,0.365,-0.3,0.513,0
54902,20111222,-93.29,41.56,0.317,-0.1,0,0,0.339,-0.1,0,0,0.334,-0.55,0.81,0,0.39,-0.23,0,0,0.434,-0.84,1,0,0.328,-0.09,0,0,0.363,-0.34,0.612,0
54902,20111223,-93.29,41.56,0.315,-0.14,0,0,0.337,-0.14,0,0,0.334,-0.57,0.952,0,0.389,-0.26,0,0,0.434,-0.84,1,0,0.326,-0.12,0,0,0.362,-0.37,0.752,0
54902,20111224,-93.29,41.56,0.313,-0.15,0,0,0.336,-0.17,0,0,0.333,-0.58,1,0,0.388,-0.27,0,0,0.434,-0.83,1,0,0.324,-0.14,0,0,0.361,-0.4,0.963,0
54902,20111225,-93.29,41.56,0.311,-0.17,0,0,0.335,-0.19,0.006,0,0.333,-0.6,1,0,0.387,-0.29,0,0,0.434,-0.82,1,0,0.323,-0.15,0,0,0.36,-0.41,1,0
54902,20111226,-93.29,41.56,0.309,-0.18,0,0,0.334,-0.22,0.089,0,0.332,-0.62,1,0,0.386,-0.31,0,0,0.434,-0.81,1,0,0.321,-0.17,0,0,0.359,-0.42,1,0
54902,20111227,-93.29,41.56,0.307,-0.21,0,0,0.333,-0.24,0.232,0,0.332,-0.64,1,0,0.385,-0.32,0,0,0.434,-0.81,1,0,0.32,-0.19,0,0,0.358,-0.44,1,0
54902,20111228,-93.29,41.56,0.306,-0.24,0,0,0.332,-0.26,0.375,0,0.331,-0.66,1,0,0.384,-0.34,0,0,0.433,-0.8,1,0,0.319,-0.2,0,0,0.357,-0.46,1,0
54902,20111229,-93.29,41.56,0.304,,,,0.331,-0.29,0.518,0,0.331,-0.68,1,0,0.384,-0.35,0,0,0.433,-0.8,1,0,0.318,,,,0.357,,,
54902,20111230,-93.29,41.56,0.303,,,,0.331,-0.31,0.655,0,0.331,-0.7,1,0,0.383,-0.36,0,0,0.433,-0.8,1,0,0.317,,,,0.356,,,
54902,20111231,-93.29,41.56,0.308,,,,0.333,-0.29,0.655,0,0.334,-0.68,1,0,0.385,-0.35,0,0,0.432,-0.8,1,0,0.321,,,,0.359,,,
54902,20120101,-93.29,41.56,0.312,,,,0.336,-0.28,0.694,0,0.337,-0.67,1,0,0.386,-0.33,0,0,0.432,-0.81,1,0,0.324,,,,0.36,,,
54902,20120102,-93.29,41.56,0.315,,,,0.337,-0.28,0.714,0,0.338,-0.69,1,0,0.387,-0.32,0,0,0.432,-0.81,1,0,0.326,,,,0.362,,,
54902,20120103,-93.29,41.56,0.317,,,,0.339,-0.27,0.651,0,0.34,-0.72,1,0,0.388,-0.31,0,0,0.431,-0.81,1,0,0.328,,,,0.363,,,
54902,20120104,-93.29,41.56,0.315,,,,0.34,-0.25,0.553,0,0.341,-0.76,1,0,0.389,-0.3,0,0,0.431,-0.81,1,0,0.328,,,,0.363,,,
54902,20120105,-93.29,41.56,0.315,,,,0.341,-0.2,0.377,0,0.342,-0.8,1,0,0.39,-0.29,0,0,0.431,-0.81,1,0,0.328,,,,0.364,,,
54902,20120106,-93.29,41.56,0.315,,,,0.342,-0.1,0,0,0.343,-0.86,1,0,0.391,-0.28,0,0,0.431,-0.81,1,0,0.329,,,,0.364,,,
54902,20120107,-93.29,41.56,0.311,,,,0.34,-0.12,0,0,0.341,-0.97,1,0,0.39,-0.3,0,0,0.431,-0.81,1,0,0.326,,,,0.363,,,
54902,20120108,-93.29,41.56,0.308,,,,0.339,,,,0.34,-1.06,1,0,0.389,-0.32,0,0,0.431,-0.81,1,0,0.324,,,,0.361,,,
54902,20120109,-93.29,41.56,0.306,,,,0.338,,,,0.339,-1.14,1,0,0.388,-0.34,0,0,0.431,-0.81,1,0,0.322,,,,0.36,,,
54902,20120110,-93.29,41.56,0.305,,,,0.338,,,,0.339,-1.22,1,0,0.388,-0.37,0,0,0.431,-0.81,1,0,0.321,,,,0.36,,,
54902,20120111,-93.29,41.56,0.308,,,,0.337,,,,0.339,-1.29,1,0,0.387,-0.4,0,0,0.431,-0.81,1,0,0.322,,,,0.36,,,
54902,20120112,-93.29,41.56,0.309,,,,0.337,,,,0.339,-1.36,1,0,0.387,-0.42,0,0,0.431,-0.81,1,0,0.323,,,,0.36,,,
54902,20120113,-93.29,41.56,0.308,,,,0.336,,,,0.339,-1.43,1,0,0.386,-0.45,0.024,0,0.43,-0.81,1,0,0.322,,,,0.36,,,
54902,20120114,-93.29,41.56,,,,,0.336,,,,0.338,-1.51,1,0,0.386,-0.48,0.131,0,0.43,-0.81,1,0,,,,,,,,
54902,20120115,-93.29,41.56,,,,,0.334,,,,0.338,-1.57,1,0,0.386,-0.52,0.274,0,0.43,-0.81,1,0,,,,,,,,
54902,20120116,-93.29,41.56,,,,,0.331,,,,0.338,-1.62,1,0,0.385,-0.55,0.417,0,0.43,-0.81,1,0,,,,,,,,
54902,20120117,-93.29,41.56,,,,,0.33,,,,0.337,-1.67,1,0,0.384,-0.57,0.56,0,0.43,-0.82,1,0,,,,,,,,
54902,20120118,-93.29,41.56,,,,,0.329,,,,0.337,-1.7,1,0,0.384,-0.59,0.702,0,0.43,-0.83,1,0,,,,,,,,
54902,20120119,-93.29,41.56,,,,,0.328,,,,0.336,-1.73,1,0,0.383,-0.61,0.845,0,0.43,-0.83,1,0,,,,,,,,
54902,20120120,-93.29,41.56,,,,,0.323,,,,0.336,-1.75,1,0,0.383,-0.64,0.964,0,0.43,-0.84,1,0,,,,,,,,
54902,20120121,-93.29,41.56,,,,,0.319,,,,0.336,-1.76,1,0,0.382,-0.66,1,0,0.429,-0.86,1,0,,,,,,,,
54902,20120122,-93.29,41.56,,,,,0.315,,,,0.336,-1.78,1,0,0.382,-0.68,1,0,0.429,-0.87,1,0,,,,,,,,
54902,20120123,-93.29,41.56,,,,,0.312,,,,0.336,-1.81,1,0,0.382,-0.7,1,0,0.429,-0.89,1,0,,,,,,,,
54902,20120124,-93.29,41.56,,,,,0.308,,,,0.336,-1.82,1,0,0.382,-0.7,1,0,0.429,-0.9,1,0,,,,,,,,
54902,20120125,-93.29,41.56,,,,,0.303,,,,0.336,-1.85,1,0,0.382,-0.72,1,0,0.429,-0.92,1,0,,,,,,,,
54902,20120126,-93.29,41.56,,,,,0.3,,,,0.336,-1.87,1,0,0.382,-0.74,1,0,0.429,-0.94,1,0,,,,,,,,
54902,20120127,-93.29,41.56,,,,,0.299,,,,0.336,-1.9,1,0,0.382,-0.76,1,0,0.428,-0.96,1,0,,,,,,,,
54902,20120128,-93.29,41.56,,,,,0.299,,,,0.337,-1.93,1,0,0.382,-0.78,1,0,0.428,-0.97,1,0,,,,,,,,
54902,20120129,-93.29,41.56,,,,,0.299,,,,0.337,-1.94,1,0,0.382,-0.8,1,0,0.428,-0.99,1,0,,,,,,,,
54902,20120130,-93.29,41.56,,,,,0.299,,,,0.337,-1.96,1,0,0.382,-0.83,1,0,0.428,-1,1,0,,,,,,,,
54902,20120131,-93.29,41.56,,,,,0.301,,,,0.337,-2,1,0,0.381,-0.88,1,0,0.427,-1.01,1,0,,,,,,,,
54902,20120201,-93.29,41.56,,,,,0.305,,,,0.337,-2.02,1,0,0.381,-0.92,1,0,0.427,-1.03,1,0,,,,,,,,
54902,20120202,-93.29,41.56,,,,,0.311,,,,0.338,-2.05,1,0,0.381,-0.97,1,0,0.427,-1.04,1,0,,,,,,,,
54902,20120203,-93.29,41.56,,,,,0.318,,,,0.339,-2.06,1,0,0.381,-1.02,1,0,0.427,-1.05,1,0,,,,,,,,
54902,20120204,-93.29,41.56,,,,,0.325,,,,0.34,-2.07,1,0,0.381,-1.07,1,0,0.427,-1.06,1,0,,,,,,,,
54902,20120205,-93.29,41.56,0.333,,,,0.332,,,,0.343,-2.06,1,0,0.381,-1.11,1,0,0.427,-1.07,1,0,0.336,,,,0.365,,,
54902,20120206,-93.29,41.56,0.334,,,,0.341,,,,0.346,,,,0.381,-1.13,1,0,0.427,-1.1,1,0,0.338,,,,0.366,,,
54902,20120207,-93.29,41.56,0.334,,,,0.347,,,,0.35,,,,0.382,-1.14,1,0,0.427,-1.14,1,0,0.341,,,,0.368,,,
54902,20120208,-93.29,41.56,0.335,,,,0.35,,,,0.353,,,,0.383,-1.14,1,0,0.427,-1.2,1,0,0.343,,,,0.37,,,
54902,20120209,-93.29,41.56,0.336,,,,0.352,,,,0.355,,,,0.384,-1.14,1,0,0.428,-1.28,1,0,0.344,,,,0.371,,,
54902,20120210,-93.29,41.56,0.338,,,,0.353,,,,0.356,,,,0.384,-1.14,1,0,0.428,-1.39,1,0,0.345,,,,0.372,,,
54902,20120211,-93.29,41.56,,,,,0.353,,,,0.357,,,,0.385,-1.13,1,0,0.428,-1.51,1,0,,,,,,,,
54902,20120212,-93.29,41.56,,,,,0.35,,,,0.357,,,,0.385,-1.12,1,0,0.428,-1.64,1,0,,,,,,,,
54902,20120213,-93.29,41.56,,,,,0.348,,,,0.356,,,,0.385,-1.13,1,0,0.428,-1.77,1,0,,,,,,,,
54902,20120214,-93.29,41.56,,,,,,,,,0.355,,,,0.384,-1.15,1,0,0.429,-1.91,1,0,,,,,,,,
54902,20120215,-93.29,41.56,,,,,,,,,0.354,,,,0.384,-1.16,1,0,0.428,-2.05,1,0,,,,,,,,
54902,20120216,-93.29,41.56,,,,,,,,,0.353,,,,0.384,-1.15,1,0,0.428,-2.18,1,0,,,,,,,,
54902,20120217,-93.29,41.56,,,,,,,,,0.354,,,,0.387,-1.07,0.917,0,0.428,-2.29,1,0,,,,,,,,
54902,20120218,-93.29,41.56,,,,,,,,,0.355,,,,0.39,-0.97,0.839,0,0.428,-2.4,1,0,,,,,,,,
54902,20120219,-93.29,41.56,,,,,,,,,0.356,,,,0.392,-0.9,0.833,0,0.427,-2.51,1,0,,,,,,,,
54902,20120220,-93.29,41.56,,,,,,,,,0.357,,,,0.394,-0.83,0.833,0,0.427,-2.59,1,0,,,,,,,,
54902,20120221,-93.29,41.56,,,,,,,,,0.359,,,,0.395,-0.78,0.833,0,0.427,-2.65,1,0,,,,,,,,
54902,20120222,-93.29,41.56,,,,,0.33,,,,0.363,,,,0.397,-0.72,0.833,0,0.427,-2.7,1,0,,,,,,,,
54902,20120223,-93.29,41.56,,,,,0.335,,,,0.367,,,,0.399,-0.67,0.833,0,0.427,-2.74,1,0,,,,,,,,
54902,20120224,-93.29,41.56,,,,,0.344,,,,0.373,,,,0.4,-0.62,0.81,0,0.427,-2.76,1,0,,,,,,,,
54902,20120225,-93.29,41.56,,,,,0.35,,,,0.376,,,,0.4,-0.63,0.78,0,0.428,-2.76,1,0,,,,,,,,
54902,20120226,-93.29,41.56,,,,,0.355,,,,0.378,,,,0.4,-0.62,0.78,0,0.429,-2.73,1,0,,,,,,,,
54902,20120227,-93.29,41.56,,,,,0.361,,,,0.382,,,,0.401,-0.59,0.685,0,0.43,-2.69,1,0,,,,,,,,
54902,20120228,-93.29,41.56,,,,,0.365,,,,0.385,,,,0.402,-0.56,0.601,0,0.431,-2.64,1,0,,,,,,,,
54902,20120229,-93.29,41.56,,,,,0.366,,,,0.386,,,,0.403,-0.54,0.518,0,0.432,-2.59,1,0,,,,,,,,
54902,20120301,-93.29,41.56,,,,,0.367,,,,0.388,,,,0.404,-0.52,0.381,0,0.433,-2.54,1,0,,,,,,,,
54902,20120302,-93.29,41.56,,,,,0.365,,,,0.386,-0.62,1,0,0.402,-0.58,0.482,0,0.434,-2.48,1,0,,,,,,,,
54902,20120303,-93.29,41.56,,,,,0.365,,,,0.385,-0.69,1,0,0.402,-0.61,0.589,0,0.435,-2.44,1,0,,,,,,,,
54902,20120304,-93.29,41.56,0.344,,,,0.365,,,,0.385,-0.76,1,0,0.402,-0.63,0.595,0,0.436,-2.39,1,0,0.354,,,,0.386,,,
54902,20120305,-93.29,41.56,0.34,,,,0.363,,,,0.383,-0.82,1,0,0.4,-0.68,0.69,0,0.437,-2.35,1,0,0.351,,,,0.385,,,
54902,20120306,-93.29,41.56,0.342,,,,0.363,,,,0.382,-0.87,1,0,0.4,-0.72,0.774,0,0.438,-2.3,1,0,0.352,,,,0.385,,,
54902,20120307,-93.29,41.56,0.343,,,,0.363,,,,0.381,-0.87,1,0,0.399,-0.77,0.857,0,0.439,-2.25,1,0,0.353,,,,0.385,,,
54902,20120308,-93.29,41.56,0.341,,,,0.362,,,,0.379,-0.86,1,0,0.398,-0.83,0.994,0,0.44,-2.2,1,0,0.351,,,,0.384,,,
54902,20120309,-93.29,41.56,0.34,,,,0.361,,,,0.379,-0.86,1,0,0.397,-0.87,1,0,0.44,-2.15,1,0,0.351,,,,0.383,,,
54902,20120310,-93.29,41.56,0.339,,,,0.36,,,,0.378,-0.88,1,0,0.396,-0.92,1,0,0.441,-2.09,1,0,0.35,,,,0.383,,,
54902,20120311,-93.29,41.56,0.339,,,,0.36,,,,0.378,-0.89,1,0,0.396,-0.96,1,0,0.442,-2.04,1,0,0.35,,,,0.383,,,
54902,20120312,-93.29,41.56,0.344,,,,0.362,,,,0.38,-0.83,0.946,0,0.396,-0.98,1,0,0.443,-2,1,0,0.353,,,,0.385,,,
54902,20120313,-93.29,41.56,0.347,,,,0.365,,,,0.384,-0.7,0.804,0,0.397,-0.96,1,0,0.444,-1.96,1,0,0.356,,,,0.387,,,
54902,20120314,-93.29,41.56,0.348,,,,0.366,,,,0.386,-0.62,0.667,0,0.399,-0.94,1,0,0.445,-1.91,1,0,0.357,,,,0.389,,,
54902,20120315,-93.29,41.56,0.349,,,,0.367,,,,0.387,-0.57,0.583,0,0.4,-0.92,1,0,0.446,-1.87,1,0,0.358,,,,0.39,,,
54902,20120316,-93.29,41.56,0.349,,,,0.369,,,,0.389,-0.51,0.583,0,0.401,-0.9,1,0,0.446,-1.84,1,0,0.359,,,,0.391,,,
54902,20120317,-93.29,41.56,0.35,,,,0.37,,,,0.391,-0.45,0.583,0,0.402,-0.88,1,0,0.447,-1.81,1,0,0.36,,,,0.392,,,
54902,20120318,-93.29,41.56,0.35,,,,0.371,,,,0.393,-0.39,0.583,0,0.403,-0.85,1,0,0.448,-1.77,1,0,0.36,,,,0.393,,,
54902,20120319,-93.29,41.56,0.347,,,,0.371,,,,0.393,-0.4,0.637,0,0.405,-0.83,1,0,0.449,-1.75,1,0,0.359,,,,0.393,,,
54902,20120320,-93.29,41.56,0.343,,,,0.369,,,,0.391,-0.47,0.78,0,0.405,-0.85,1,0,0.45,-1.72,1,0,0.356,,,,0.391,,,
54902,20120321,-93.29,41.56,0.344,0.47,0,0.333,0.369,-0.03,0.2,0,0.392,-0.44,0.845,0.024,0.406,-0.83,0.935,0,0.451,-1.69,1,0,0.356,,,,0.392,,,
54902,20120322,-93.29,41.56,0.347,0.53,0,0.538,0.371,0.15,0.077,0.231,0.396,-0.33,0.786,0.071,0.409,-0.75,0.798,0,0.453,-1.67,1,0,0.359,,,,0.395,,,
54902,20120323,-93.29,41.56,0.351,0.6,0,0.545,0.374,0.28,0.048,0.413,0.4,-0.19,0.643,0.161,0.413,-0.64,0.667,0.006,0.454,-1.63,1,0,0.363,0.49,0,0.333,0.398,0.06,0,0
54902,20120324,-93.29,41.56,0.354,0.47,0,0.316,0.376,0.22,0.034,0.299,0.403,-0.11,0.5,0.161,0.415,-0.59,0.613,0.006,0.456,-1.6,1,0,0.365,0.32,0,0.143,0.401,-0.11,0,0
54902,20120325,-93.29,41.56,0.355,0.35,0,0.222,0.377,0.13,0.027,0.234,0.404,-0.07,0.357,0.161,0.417,-0.55,0.613,0.006,0.457,-1.57,1,0,0.366,0.21,0,0.091,0.402,-0.22,0.25,0
54902,20120326,-93.29,41.56,0.357,0.23,0,0.171,0.379,0.06,0.096,0.193,0.405,-0.04,0.25,0.161,0.418,-0.53,0.613,0.006,0.459,-1.54,1,0,0.368,0.1,0,0.067,0.403,-0.31,0.455,0
54902,20120327,-93.29,41.56,0.356,0.1,0.163,0.14,0.379,-0.02,0.22,0.164,0.406,-0.03,0.232,0.161,0.419,-0.52,0.613,0.006,0.46,-1.52,1,0,0.368,0,0.14,0.053,0.404,-0.39,0.571,0
54902,20120328,-93.29,41.56,0.349,-0.05,0.3,0.113,0.378,-0.09,0.333,0.155,0.404,-0.1,0.304,0.137,0.418,-0.55,0.679,0.006,0.461,-1.5,1,0,0.364,-0.11,0.29,0.043,0.402,-0.47,0.647,0
54902,20120329,-93.29,41.56,0.338,-0.27,0.421,0.067,0.374,-0.24,0.476,0.101,0.4,-0.26,0.446,0.089,0.416,-0.64,0.815,0.006,0.463,-1.48,1,0,0.356,-0.23,0.395,0.037,0.398,-0.56,0.7,0
54902,20120330,-93.29,41.56,0.327,-0.48,0.512,0.018,0.37,-0.39,0.583,0,0.395,-0.42,0.554,0,0.413,-0.76,0.946,0,0.464,-1.47,1,0,0.348,-0.38,0.482,0.012,0.394,-0.68,0.774,0
54902,20120331,-93.29,41.56,0.328,-0.47,0.512,0.048,0.37,-0.38,0.583,0,0.395,-0.45,0.589,0,0.412,-0.79,1,0,0.465,-1.45,1,0,0.349,-0.37,0.482,0.012,0.394,-0.68,0.774,0
54902,20120401,-93.29,41.56,0.328,-0.46,0.512,0.048,0.371,-0.37,0.583,0,0.394,-0.49,0.732,0,0.411,-0.82,1,0,0.466,-1.44,1,0,0.349,-0.36,0.482,0.012,0.394,-0.68,0.792,0
54902,20120402,-93.29,41.56,0.327,-0.47,0.601,0.048,0.371,-0.37,0.613,0,0.393,-0.52,0.839,0,0.41,-0.86,1,0,0.467,-1.42,1,0,0.349,-0.37,0.512,0.012,0.394,-0.7,0.792,0
54902,20120403,-93.29,41.56,0.324,-0.51,0.619,0.048,0.37,-0.37,0.625,0,0.393,-0.55,0.857,0,0.41,-0.89,1,0,0.468,-1.4,1,0,0.347,-0.39,0.56,0.012,0.393,-0.72,0.792,0
54902,20120404,-93.29,41.56,0.321,-0.57,0.619,0.048,0.37,-0.38,0.625,0,0.393,-0.58,0.857,0,0.409,-0.92,1,0,0.469,-1.37,1,0,0.345,-0.43,0.56,0.012,0.392,-0.75,0.792,0
54902,20120405,-93.29,41.56,0.318,-0.62,0.619,0.048,0.369,-0.39,0.625,0,0.392,-0.62,0.857,0,0.409,-0.95,1,0,0.471,-1.34,1,0,0.343,-0.46,0.56,0.012,0.392,-0.78,0.792,0
54902,20120406,-93.29,41.56,0.31,-0.77,0.661,0.03,0.367,-0.45,0.661,0,0.391,-0.7,0.893,0,0.407,-1,1,0,0.471,-1.33,1,0,0.338,-0.56,0.601,0,0.389,-0.86,0.827,0
54902,20120407,-93.29,41.56,0.291,-1.16,0.804,0,0.36,-0.64,0.804,0,0.386,-0.87,1,0,0.405,-1.11,1,0,0.472,-1.31,1,0,0.326,-0.85,0.744,0,0.383,-1.09,0.97,0
54902,20120408,-93.29,41.56,0.273,-1.51,0.946,0,0.354,-0.82,0.946,0,0.382,-1,1,0,0.403,-1.19,1,0,0.473,-1.31,1,0,0.313,-1.11,0.887,0,0.377,-1.29,1,0
54902,20120409,-93.29,41.56,0.256,-1.83,1,0,0.347,-0.99,1,0,0.378,-1.14,1,0,0.401,-1.27,1,0,0.473,-1.32,1,0,0.302,-1.35,1,0,0.371,-1.48,1,0
54902,20120410,-93.29,41.56,0.241,-2.09,1,0,0.34,-1.17,1,0,0.374,-1.3,1,0,0.398,-1.36,1,0,0.474,-1.33,1,0,0.291,-1.57,1,0,0.365,-1.68,1,0
54902,20120411,-93.29,41.56,0.227,-2.31,1,0,0.333,-1.36,1,0,0.369,-1.47,1,0,0.396,-1.45,1,0,0.474,-1.35,1,0,0.28,-1.76,1,0,0.36,-1.86,1,0
54902,20120412,-93.29,41.56,0.216,-2.47,1,0,0.325,-1.54,1,0,0.364,-1.62,1,0,0.393,-1.54,1,0,0.474,-1.39,1,0,0.27,-1.92,1,0,0.354,-2.02,1,0
54902,20120413,-93.29,41.56,0.207,-2.56,1,0,0.318,-1.7,1,0,0.358,-1.76,1,0,0.39,-1.63,1,0,0.474,-1.43,1,0,0.262,-2.04,1,0,0.349,-2.15,1,0
54902,20120414,-93.29,41.56,0.212,-2.4,1,0,0.312,-1.79,1,0,0.355,-1.84,1,0,0.388,-1.7,1,0,0.474,-1.49,1,0,0.262,-1.99,1,0,0.348,-2.15,1,0
54902,20120415,-93.29,41.56,0.227,-2.07,0.929,0.065,0.314,-1.71,0.935,0.065,0.357,-1.73,0.935,0.048,0.389,-1.66,0.964,0.006,0.476,-1.4,0.935,0.054,0.27,-1.77,0.935,0.065,0.353,-1.97,0.935,0.065
54902,20120416,-93.29,41.56,0.25,-1.6,0.786,0.208,0.322,-1.44,0.792,0.149,0.364,-1.45,0.792,0.101,0.393,-1.51,0.887,0.006,0.481,-1.14,0.792,0.196,0.286,-1.4,0.792,0.208,0.362,-1.6,0.792,0.149
54902,20120417,-93.29,41.56,0.27,-1.19,0.643,0.244,0.33,-1.18,0.649,0.149,0.37,-1.22,0.649,0.101,0.397,-1.38,0.887,0.006,0.486,-0.88,0.649,0.333,0.3,-1.08,0.649,0.22,0.371,-1.28,0.649,0.149
54902,20120418,-93.29,41.56,0.289,-0.82,0.5,0.244,0.339,-0.92,0.506,0.149,0.376,-0.99,0.536,0.101,0.4,-1.26,0.887,0.006,0.491,-0.61,0.506,0.476,0.314,-0.77,0.506,0.22,0.379,-0.97,0.506,0.149
54902,20120419,-93.29,41.56,0.306,-0.49,0.357,0.244,0.348,-0.64,0.363,0.149,0.383,-0.76,0.53,0.101,0.404,-1.13,0.887,0.006,0.496,-0.33,0.363,0.619,0.327,-0.48,0.363,0.22,0.387,-0.67,0.363,0.149
54902,20120420,-93.29,41.56,0.331,-0.04,0.214,0.351,0.359,-0.32,0.22,0.149,0.39,-0.49,0.429,0.101,0.408,-1,0.887,0.006,0.501,-0.02,0.22,0.762,0.345,-0.09,0.22,0.327,0.398,-0.3,0.22,0.149
54902,20120421,-93.29,41.56,0.343,0.19,0.072,0.401,0.369,-0.05,0.078,0.15,0.397,-0.27,0.347,0.102,0.412,-0.88,0.886,0.006,0.506,0.3,0.078,0.904,0.356,0.15,0.078,0.359,0.405,-0.04,0.078,0.15
54902,20120422,-93.29,41.56,0.344,0.21,0,0.335,0.372,0.05,0,0.084,0.398,-0.24,0.413,0.054,0.413,-0.87,0.922,0,0.509,0.49,0,0.994,0.358,0.2,0,0.293,0.407,0.03,0,0.084
54902,20120423,-93.29,41.56,0.338,0.1,0,0.192,0.368,-0.01,0,0,0.394,-0.39,0.557,0,0.41,-0.97,1,0,0.509,0.51,0,0.994,0.353,0.11,0,0.15,0.404,-0.08,0,0
54902,20120424,-93.29,41.56,0.333,0.04,0,0.156,0.366,-0.05,0,0,0.392,-0.46,0.701,0,0.408,-1.06,1,0,0.51,0.53,0,1,0.35,0.05,0,0.138,0.402,-0.13,0.084,0
54902,20120425,-93.29,41.56,0.328,-0.02,0.108,0.156,0.364,-0.07,0,0,0.39,-0.52,0.814,0,0.407,-1.13,1,0,0.51,0.55,0,1,0.346,0,0.096,0.138,0.4,-0.19,0.228,0
54902,20120426,-93.29,41.56,0.322,-0.08,0.251,0.156,0.362,-0.09,0,0,0.389,-0.57,0.82,0,0.405,-1.22,1,0,0.511,0.57,0,1,0.342,-0.05,0.24,0.138,0.398,-0.26,0.371,0
54902,20120427,-93.29,41.56,0.306,-0.31,0.395,0.048,0.358,-0.15,0.054,0,0.386,-0.66,0.922,0,0.404,-1.31,1,0,0.511,0.57,0,1,0.332,-0.23,0.383,0.03,0.393,-0.43,0.515,0
54902,20120428,-93.29,41.56,0.293,-0.48,0.5,0,0.353,-0.23,0.196,0,0.383,-0.74,1,0,0.403,-1.38,1,0,0.51,0.56,0,0.976,0.323,-0.37,0.488,0,0.388,-0.58,0.655,0
54902,20120429,-93.29,41.56,0.291,-0.49,0.5,0,0.349,-0.3,0.339,0,0.381,-0.78,1,0,0.402,-1.45,1,0,0.51,0.54,0,0.923,0.32,-0.41,0.488,0,0.386,-0.63,0.798,0
54902,20120430,-93.29,41.56,0.295,-0.42,0.5,0.095,0.346,-0.32,0.387,0,0.382,-0.72,0.905,0,0.401,-1.49,1,0,0.51,0.51,0,0.875,0.321,-0.37,0.488,0.095,0.387,-0.59,0.845,0.054
54902,20120501,-93.29,41.56,0.303,-0.31,0.5,0.238,0.346,-0.3,0.387,0,0.384,-0.64,0.762,0,0.402,-1.51,1,0,0.509,0.48,0,0.827,0.325,-0.29,0.488,0.238,0.389,-0.51,0.762,0.054
54902,20120502,-93.29,41.56,0.313,-0.15,0.393,0.375,0.347,-0.25,0.387,0.018,0.386,-0.54,0.619,0.018,0.402,-1.51,1,0,0.509,0.44,0,0.78,0.33,-0.16,0.393,0.315,0.392,-0.4,0.619,0.077
54902,20120503,-93.29,41.56,0.33,0.08,0.25,0.518,0.353,-0.11,0.387,0.161,0.392,-0.31,0.476,0.161,0.405,-1.4,1,0,0.509,0.41,0,0.714,0.342,0.05,0.25,0.458,0.398,-0.17,0.476,0.22
54902,20120504,-93.29,41.56,0.35,0.36,0.107,0.661,0.361,0.04,0.333,0.304,0.399,-0.08,0.333,0.238,0.408,-1.28,0.946,0,0.509,0.38,0,0.649,0.355,0.3,0.107,0.601,0.405,0.1,0.333,0.363
54902,20120505,-93.29,41.56,0.366,0.59,0,0.804,0.369,0.22,0.19,0.446,0.406,0.14,0.19,0.381,0.411,-1.15,0.94,0,0.509,0.38,0,0.649,0.367,0.52,0,0.744,0.412,0.36,0.19,0.506
54902,20120506,-93.29,41.56,0.369,0.64,0,0.946,0.376,0.38,0.048,0.589,0.411,0.31,0.048,0.446,0.414,-1.04,0.94,0,0.509,0.4,0,0.69,0.373,0.63,0,0.887,0.416,0.5,0.048,0.649
54902,20120507,-93.29,41.56,0.375,0.71,0,0.988,0.384,0.55,0,0.732,0.417,0.49,0,0.577,0.417,-0.92,0.899,0,0.51,0.42,0,0.738,0.379,0.74,0,0.935,0.42,0.65,0,0.738
54902,20120508,-93.29,41.56,0.376,0.73,0,0.988,0.389,0.66,0,0.875,0.421,0.61,0,0.72,0.42,-0.8,0.869,0,0.51,0.44,0,0.768,0.382,0.79,0,0.935,0.423,0.74,0,0.881
54902,20120509,-93.29,41.56,0.374,0.71,0,0.964,0.392,0.73,0,1,0.423,0.67,0,0.726,0.422,-0.7,0.869,0,0.511,0.45,0,0.756,0.383,0.81,0,1,0.424,0.78,0,1
54902,20120510,-93.29,41.56,0.367,0.62,0,0.821,0.39,0.7,0,1,0.421,0.59,0,0.583,0.422,-0.71,0.869,0,0.511,0.46,0,0.768,0.379,0.73,0,0.94,0.422,0.71,0,0.893
54902,20120511,-93.29,41.56,0.36,0.54,0,0.708,0.388,0.68,0,1,0.419,0.52,0,0.528,0.421,-0.73,0.919,0,0.512,0.48,0,0.795,0.374,0.66,0,0.832,0.42,0.64,0,0.783
54902,20120512,-93.29,41.56,0.352,0.44,0,0.559,0.386,0.63,0,0.988,0.416,0.44,0,0.379,0.42,-0.78,0.925,0,0.512,0.48,0,0.801,0.369,0.58,0,0.683,0.417,0.55,0,0.634
54902,20120513,-93.29,41.56,0.346,0.37,0,0.41,0.384,0.6,0,0.95,0.414,0.4,0,0.311,0.419,-0.81,0.925,0,0.513,0.48,0,0.795,0.365,0.52,0,0.534,0.415,0.49,0,0.484
54902,20120514,-93.29,41.56,0.331,0.19,0,0.267,0.379,0.52,0,0.801,0.409,0.24,0,0.174,0.417,-0.88,0.969,0,0.513,0.48,0,0.783,0.355,0.36,0,0.385,0.41,0.32,0,0.335
54902,20120515,-93.29,41.56,0.318,0.05,0,0.118,0.374,0.44,0,0.652,0.405,0.11,0,0.025,0.415,-0.96,1,0,0.514,0.49,0,0.745,0.346,0.24,0,0.236,0.405,0.18,0,0.186
54902,20120516,-93.29,41.56,0.308,-0.06,0,0,0.371,0.38,0,0.503,0.402,0.04,0,0,0.414,-1.02,1,0,0.514,0.51,0,0.801,0.339,0.14,0,0.087,0.402,0.08,0,0.037
54902,20120517,-93.29,41.56,0.298,-0.16,0.075,0,0.368,0.33,0,0.354,0.4,-0.01,0,0,0.412,-1.08,1,0,0.515,0.53,0,0.814,0.333,0.06,0,0,0.399,-0.01,0,0
54902,20120518,-93.29,41.56,0.29,-0.24,0.214,0,0.365,0.28,0,0.238,0.398,-0.06,0,0,0.411,-1.12,1,0,0.515,0.52,0,0.798,0.328,-0.01,0,0,0.396,-0.08,0.006,0
54902,20120519,-93.29,41.56,0.281,-0.34,0.357,0,0.361,0.22,0,0.107,0.396,-0.12,0,0,0.409,-1.19,1,0,0.515,0.52,0,0.768,0.321,-0.09,0,0,0.392,-0.16,0.119,0
54902,20120520,-93.29,41.56,0.272,-0.42,0.5,0,0.357,0.16,0,0,0.393,-0.17,0.006,0,0.407,-1.25,1,0,0.516,0.52,0,0.732,0.314,-0.16,0.042,0,0.389,-0.24,0.262,0
54902,20120521,-93.29,41.56,0.263,-0.5,0.643,0,0.353,0.1,0,0,0.39,-0.22,0.012,0,0.404,-1.31,1,0,0.516,0.49,0,0.661,0.308,-0.24,0.185,0,0.385,-0.32,0.405,0
54902,20120522,-93.29,41.56,0.254,-0.57,0.786,0,0.348,0.04,0,0,0.388,-0.26,0.054,0,0.402,-1.36,1,0,0.516,0.47,0,0.637,0.301,-0.3,0.327,0,0.381,-0.39,0.548,0
54902,20120523,-93.29,41.56,0.247,-0.63,0.929,0,0.342,-0.02,0,0,0.384,-0.32,0.185,0,0.398,-1.44,1,0,0.516,0.43,0,0.53,0.294,-0.37,0.47,0,0.377,-0.46,0.69,0
54902,20120524,-93.29,41.56,0.239,-0.69,1,0,0.336,-0.09,0,0,0.38,-0.39,0.327,0,0.394,-1.51,1,0,0.515,0.41,0,0.488,0.288,-0.43,0.613,0,0.373,-0.54,0.833,0
54902,20120525,-93.29,41.56,0.233,-0.74,1,0,0.33,-0.15,0,0,0.376,-0.45,0.452,0,0.39,-1.59,1,0,0.516,0.4,0,0.476,0.281,-0.49,0.756,0,0.369,-0.6,0.97,0
54902,20120526,-93.29,41.56,0.227,-0.78,1,0,0.324,-0.21,0.006,0,0.371,-0.5,0.595,0,0.386,-1.65,1,0,0.516,0.39,0,0.494,0.276,-0.54,0.899,0,0.365,-0.66,1,0
54902,20120527,-93.29,41.56,0.223,-0.8,1,0,0.319,-0.26,0.048,0,0.368,-0.55,0.732,0,0.381,-1.71,1,0,0.516,0.38,0,0.524,0.271,-0.58,1,0,0.361,-0.7,1,0
54902,20120528,-93.29,41.56,0.219,-0.82,1,0,0.315,-0.31,0.155,0,0.364,-0.59,0.869,0,0.376,-1.8,1,0,0.516,0.4,0,0.571,0.267,-0.61,1,0,0.358,-0.74,1,0
54902,20120529,-93.29,41.56,0.215,-0.83,1,0,0.31,-0.36,0.298,0,0.36,-0.64,0.97,0,0.37,-1.9,1,0,0.516,0.39,0,0.542,0.262,-0.64,1,0,0.354,-0.79,1,0
54902,20120530,-93.29,41.56,0.211,-0.84,1,0,0.304,-0.41,0.44,0,0.356,-0.67,0.982,0,0.363,-2.01,1,0,0.517,0.39,0,0.554,0.258,-0.66,1,0,0.35,-0.83,1,0
54902,20120531,-93.29,41.56,0.208,-0.85,1,0,0.299,-0.45,0.583,0,0.352,-0.69,0.982,0,0.356,-2.12,1,0,0.517,0.39,0,0.554,0.254,-0.69,1,0,0.346,-0.87,1,0
54902,20120601,-93.29,41.56,0.209,-0.82,1,0,0.294,-0.49,0.726,0,0.348,-0.74,1,0,0.349,-2.22,1,0,0.517,0.39,0,0.554,0.251,-0.69,1,0,0.343,-0.9,1,0
54902,20120602,-93.29,41.56,0.211,-0.78,1,0,0.29,-0.53,0.863,0,0.344,-0.77,1,0,0.342,-2.33,1,0,0.517,0.37,0,0.482,0.25,-0.68,1,0,0.341,-0.92,1,0
54902,20120603,-93.29,41.56,0.212,-0.76,1,0,0.285,-0.56,0.964,0,0.339,-0.8,1,0,0.336,-2.44,1,0,0.517,0.35,0,0.381,0.249,-0.69,1,0,0.338,-0.94,1,0
54902,20120604,-93.29,41.56,0.213,-0.74,1,0,0.281,-0.59,1,0,0.334,-0.85,1,0,0.33,-2.53,1,0,0.517,0.32,0,0.28,0.247,-0.69,1,0,0.335,-0.97,1,0
54902,20120605,-93.29,41.56,0.214,-0.72,1,0,0.278,-0.61,1,0,0.33,-0.88,1,0,0.325,-2.59,1,0,0.517,0.3,0,0.25,0.246,-0.68,1,0,0.333,-0.98,1,0
54902,20120606,-93.29,41.56,0.215,-0.7,1,0,0.276,-0.62,1,0,0.326,-0.89,1,0,0.32,-2.64,1,0,0.517,0.27,0,0.208,0.245,-0.67,1,0,0.331,-0.99,1,0
54902,20120607,-93.29,41.56,0.217,-0.68,1,0,0.274,-0.61,1,0,0.323,-0.89,1,0,0.317,-2.67,1,0,0.516,0.23,0,0.149,0.246,-0.66,1,0,0.329,-0.98,1,0
54902,20120608,-93.29,41.56,0.216,-0.68,1,0,0.273,-0.61,1,0,0.32,-0.88,1,0,0.313,-2.68,1,0,0.515,0.18,0,0.071,0.244,-0.66,1,0,0.327,-0.98,1,0
54902,20120609,-93.29,41.56,0.213,-0.7,1,0,0.271,-0.61,1,0,0.317,-0.88,1,0,0.31,-2.7,1,0,0.514,0.13,0,0.03,0.242,-0.67,1,0,0.325,-0.99,1,0
54902,20120610,-93.29,41.56,0.21,-0.71,1,0,0.269,-0.61,1,0,0.314,-0.87,1,0,0.305,-2.72,1,0,0.513,0.09,0,0.012,0.24,-0.68,1,0,0.322,-0.99,1,0
54902,20120611,-93.29,41.56,0.207,-0.73,1,0,0.267,-0.62,1,0,0.311,-0.87,1,0,0.301,-2.73,1,0,0.512,0.05,0,0.006,0.237,-0.69,1,0,0.32,-1,1,0
54902,20120612,-93.29,41.56,0.205,-0.74,1,0,0.264,-0.63,1,0,0.308,-0.87,1,0,0.297,-2.73,1,0,0.511,0.02,0,0,0.235,-0.71,1,0,0.317,-1.01,1,0
54902,20120613,-93.29,41.56,0.204,-0.76,1,0,0.262,-0.65,1,0,0.304,-0.89,1,0,0.293,-2.71,1,0,0.51,-0.01,0,0,0.233,-0.72,1,0,0.315,-1.01,1,0
54902,20120614,-93.29,41.56,0.201,-0.78,1,0,0.259,-0.67,1,0,0.3,-0.9,1,0,0.29,-2.69,1,0,0.51,-0.03,0,0,0.23,-0.74,1,0,0.312,-1.03,1,0
54902,20120615,-93.29,41.56,0.198,-0.8,1,0,0.255,-0.69,1,0,0.295,-0.93,1,0,0.285,-2.68,1,0,0.509,-0.04,0,0,0.227,-0.76,1,0,0.309,-1.05,1,0
54902,20120616,-93.29,41.56,0.203,-0.76,0.911,0,0.261,-0.64,0.911,0,0.3,-0.87,0.911,0,0.288,-2.56,1,0,0.508,-0.05,0,0,0.232,-0.72,0.911,0,0.312,-0.99,0.917,0
54902,20120617,-93.29,41.56,0.217,-0.66,0.768,0,0.272,-0.54,0.768,0,0.31,-0.76,0.768,0,0.293,-2.4,1,0,0.508,-0.04,0,0,0.244,-0.61,0.768,0,0.32,-0.88,0.774,0
54902,20120618,-93.29,41.56,0.232,-0.53,0.625,0,0.284,-0.44,0.625,0,0.321,-0.64,0.625,0,0.298,-2.24,1,0,0.508,-0.03,0,0,0.258,-0.49,0.625,0,0.329,-0.76,0.631,0
54902,20120619,-93.29,41.56,0.246,-0.41,0.482,0,0.294,-0.34,0.482,0,0.33,-0.54,0.482,0,0.302,-2.11,1,0,0.508,-0.03,0,0,0.27,-0.38,0.482,0,0.336,-0.65,0.488,0
54902,20120620,-93.29,41.56,0.257,-0.31,0.339,0,0.305,-0.25,0.339,0,0.339,-0.44,0.339,0,0.306,-1.99,1,0,0.508,-0.02,0,0,0.281,-0.29,0.339,0,0.343,-0.55,0.357,0
54902,20120621,-93.29,41.56,0.27,-0.2,0.196,0,0.315,-0.16,0.196,0,0.347,-0.35,0.196,0,0.309,-1.88,1,0,0.508,-0.02,0,0,0.292,-0.18,0.196,0,0.35,-0.45,0.298,0
54902,20120622,-93.29,41.56,0.286,-0.06,0.054,0,0.326,-0.06,0.054,0,0.355,-0.26,0.054,0,0.312,-1.75,1,0,0.508,-0.01,0,0,0.306,-0.06,0.054,0,0.357,-0.35,0.155,0
54902,20120623,-93.29,41.56,0.292,0,0,0,0.328,-0.04,0,0,0.354,-0.26,0,0,0.308,-1.74,1,0,0.508,0,0,0,0.31,-0.02,0,0,0.358,-0.32,0.185,0
54902,20120624,-93.29,41.56,0.292,0.01,0,0,0.324,-0.07,0,0,0.346,-0.31,0,0,0.303,-1.76,1,0,0.508,0,0,0,0.308,-0.03,0,0,0.355,-0.35,0.238,0
54902,20120625,-93.29,41.56,0.29,0,0,0,0.321,-0.1,0,0,0.339,-0.36,0.012,0,0.298,-1.77,1,0,0.508,0,0,0,0.306,-0.05,0,0,0.351,-0.38,0.262,0
54902,20120626,-93.29,41.56,0.288,-0.02,0,0,0.317,-0.13,0,0,0.332,-0.4,0.131,0,0.294,-1.76,1,0,0.508,0,0,0,0.303,-0.08,0,0,0.348,-0.4,0.399,0
54902,20120627,-93.29,41.56,0.286,-0.03,0,0,0.313,-0.16,0,0,0.325,-0.44,0.274,0,0.291,-1.74,1,0,0.508,0,0,0,0.3,-0.1,0,0,0.345,-0.43,0.53,0
54902,20120628,-93.29,41.56,0.281,-0.07,0.089,0,0.306,-0.21,0.119,0,0.319,-0.48,0.417,0,0.288,-1.71,1,0,0.507,-0.01,0,0,0.294,-0.15,0.125,0,0.34,-0.46,0.589,0
54902,20120629,-93.29,41.56,0.27,-0.16,0.232,0,0.298,-0.28,0.262,0,0.313,-0.52,0.56,0,0.284,-1.69,1,0,0.506,-0.02,0,0,0.284,-0.23,0.268,0,0.334,-0.51,0.732,0
54902,20120630,-93.29,41.56,0.271,-0.16,0.286,0,0.299,-0.28,0.315,0,0.313,-0.5,0.613,0,0.286,-1.62,1,0,0.506,-0.02,0,0,0.285,-0.23,0.321,0,0.335,-0.49,0.696,0
54902,20120701,-93.29,41.56,0.276,-0.12,0.286,0,0.301,-0.25,0.315,0,0.317,-0.46,0.613,0,0.288,-1.55,1,0,0.505,-0.03,0,0,0.289,-0.2,0.321,0,0.337,-0.46,0.643,0
54902,20120702,-93.29,41.56,0.277,-0.11,0.286,0,0.303,-0.24,0.315,0,0.321,-0.42,0.601,0,0.289,-1.48,1,0,0.504,-0.04,0,0,0.29,-0.19,0.321,0,0.339,-0.43,0.619,0
54902,20120703,-93.29,41.56,0.277,-0.11,0.286,0,0.304,-0.22,0.315,0,0.324,-0.39,0.482,0,0.288,-1.42,1,0,0.503,-0.05,0,0,0.29,-0.18,0.321,0,0.339,-0.41,0.482,0
54902,20120704,-93.29,41.56,0.277,-0.12,0.286,0,0.304,-0.21,0.315,0,0.327,-0.35,0.339,0,0.288,-1.36,1,0,0.502,-0.05,0,0,0.291,-0.18,0.321,0,0.34,-0.38,0.381,0
54902,20120705,-93.29,41.56,0.276,-0.12,0.304,0,0.305,-0.19,0.202,0,0.33,-0.32,0.196,0,0.288,-1.3,1,0,0.502,-0.06,0,0,0.29,-0.17,0.31,0,0.34,-0.36,0.381,0
54902,20120706,-93.29,41.56,0.274,-0.13,0.304,0,0.306,-0.18,0.19,0,0.331,-0.29,0.179,0,0.288,-1.25,1,0,0.501,-0.06,0,0,0.29,-0.17,0.31,0,0.34,-0.34,0.381,0
54902,20120707,-93.29,41.56,0.26,-0.23,0.393,0,0.297,-0.23,0.28,0,0.325,-0.32,0.268,0,0.282,-1.26,1,0,0.5,-0.07,0,0,0.279,-0.25,0.399,0,0.333,-0.39,0.47,0
54902,20120708,-93.29,41.56,0.24,-0.37,0.536,0,0.285,-0.32,0.423,0,0.315,-0.38,0.411,0,0.276,-1.27,1,0,0.499,-0.08,0,0,0.263,-0.37,0.542,0,0.323,-0.48,0.613,0
54902,20120709,-93.29,41.56,0.223,-0.49,0.679,0,0.274,-0.4,0.565,0,0.304,-0.44,0.554,0,0.271,-1.28,1,0,0.498,-0.1,0,0,0.248,-0.48,0.685,0,0.314,-0.55,0.756,0
54902,20120710,-93.29,41.56,0.208,-0.59,0.821,0,0.264,-0.48,0.708,0,0.293,-0.5,0.696,0,0.267,-1.29,1,0,0.496,-0.12,0,0,0.236,-0.57,0.827,0,0.306,-0.62,0.899,0
54902,20120711,-93.29,41.56,0.196,-0.68,0.964,0,0.255,-0.54,0.851,0,0.284,-0.56,0.839,0,0.263,-1.3,1,0,0.494,-0.15,0.006,0,0.226,-0.64,0.97,0,0.298,-0.68,1,0
54902,20120712,-93.29,41.56,0.188,-0.74,1,0,0.247,-0.6,0.988,0,0.275,-0.6,0.982,0,0.259,-1.31,1,0,0.492,-0.17,0.036,0,0.217,-0.69,1,0,0.292,-0.73,1,0
54902,20120713,-93.29,41.56,0.181,-0.79,1,0,0.241,-0.64,1,0,0.267,-0.64,1,0,0.256,-1.32,1,0,0.49,-0.2,0.083,0,0.211,-0.73,1,0,0.287,-0.77,1,0
54902,20120714,-93.29,41.56,0.176,-0.82,1,0,0.236,-0.67,1,0,0.261,-0.67,1,0,0.253,-1.32,1,0,0.487,-0.23,0.161,0,0.206,-0.76,1,0,0.283,-0.79,1,0
54902,20120715,-93.29,41.56,0.173,-0.84,1,0,0.232,-0.68,1,0,0.256,-0.68,1,0,0.251,-1.32,1,0,0.484,-0.26,0.274,0,0.203,-0.77,1,0,0.279,-0.82,1,0
54902,20120716,-93.29,41.56,0.17,-0.84,1,0,0.229,-0.7,1,0,0.252,-0.69,1,0,0.249,-1.31,1,0,0.482,-0.28,0.393,0,0.2,-0.78,1,0,0.276,-0.83,1,0
54902,20120717,-93.29,41.56,0.168,-0.85,1,0,0.226,-0.7,1,0,0.249,-0.7,1,0,0.246,-1.3,1,0,0.479,-0.3,0.506,0,0.197,-0.78,1,0,0.274,-0.84,1,0
54902,20120718,-93.29,41.56,0.167,-0.84,1,0,0.224,-0.7,1,0,0.247,-0.7,1,0,0.244,-1.29,1,0,0.476,-0.32,0.619,0,0.195,-0.78,1,0,0.272,-0.85,1,0
54902,20120719,-93.29,41.56,0.165,-0.83,1,0,0.222,-0.69,1,0,0.244,-0.69,1,0,0.243,-1.27,1,0,0.474,-0.33,0.72,0,0.194,-0.77,1,0,0.27,-0.85,1,0
54902,20120720,-93.29,41.56,0.164,-0.81,1,0,0.221,-0.68,1,0,0.243,-0.69,1,0,0.241,-1.25,1,0,0.471,-0.35,0.815,0,0.192,-0.76,1,0,0.268,-0.86,1,0
54902,20120721,-93.29,41.56,0.163,-0.79,1,0,0.219,-0.68,1,0,0.241,-0.69,1,0,0.239,-1.24,1,0,0.468,-0.36,0.881,0,0.191,-0.75,1,0,0.266,-0.86,1,0
54902,20120722,-93.29,41.56,0.161,-0.78,1,0,0.217,-0.68,1,0,0.239,-0.68,1,0,0.238,-1.22,1,0,0.465,-0.37,0.911,0,0.189,-0.75,1,0,0.264,-0.86,1,0
54902,20120723,-93.29,41.56,0.159,-0.77,1,0,0.215,-0.68,1,0,0.237,-0.68,1,0,0.236,-1.2,1,0,0.462,-0.38,0.935,0,0.187,-0.74,1,0,0.262,-0.86,1,0
54902,20120724,-93.29,41.56,0.158,-0.76,1,0,0.214,-0.68,1,0,0.235,-0.68,1,0,0.235,-1.18,1,0,0.458,-0.41,0.964,0,0.186,-0.74,1,0,0.26,-0.87,1,0
54902,20120725,-93.29,41.56,0.157,-0.76,1,0,0.212,-0.69,1,0,0.234,-0.68,1,0,0.234,-1.16,1,0,0.454,-0.43,0.988,0,0.184,-0.74,1,0,0.258,-0.87,1,0
54902,20120726,-93.29,41.56,0.155,-0.76,1,0,0.211,-0.7,1,0,0.233,-0.67,1,0,0.232,-1.15,1,0,0.451,-0.46,1,0,0.183,-0.75,1,0,0.256,-0.87,1,0
54902,20120727,-93.29,41.56,0.154,-0.76,1,0,0.209,-0.71,1,0,0.232,-0.67,1,0,0.231,-1.14,1,0,0.447,-0.48,1,0,0.182,-0.75,1,0,0.255,-0.87,1,0
54902,20120728,-93.29,41.56,0.153,-0.77,1,0,0.208,-0.72,1,0,0.231,-0.67,1,0,0.23,-1.13,1,0,0.444,-0.5,1,0,0.18,-0.76,1,0,0.253,-0.88,1,0
54902,20120729,-93.29,41.56,0.152,-0.78,1,0,0.21,-0.7,0.958,0,0.231,-0.67,0.994,0,0.23,-1.12,1,0,0.441,-0.51,1,0,0.181,-0.75,0.982,0,0.253,-0.87,1,0
54902,20120730,-93.29,41.56,0.153,-0.76,1,0,0.216,-0.63,0.821,0,0.234,-0.63,0.994,0,0.231,-1.1,1,0,0.438,-0.53,1,0,0.185,-0.71,0.982,0,0.254,-0.84,1,0
54902,20120731,-93.29,41.56,0.154,-0.75,1,0,0.219,-0.58,0.821,0,0.237,-0.61,0.994,0,0.231,-1.08,1,0,0.436,-0.52,1,0,0.187,-0.69,0.982,0,0.255,-0.81,1,0
54902,20120801,-93.29,41.56,0.154,-0.74,1,0,0.221,-0.56,0.821,0,0.238,-0.59,0.994,0,0.232,-1.07,1,0,0.434,-0.51,1,0,0.188,-0.67,0.982,0,0.256,-0.79,1,0
54902,20120802,-93.29,41.56,0.154,-0.73,1,0,0.222,-0.54,0.821,0,0.239,-0.58,0.994,0,0.233,-1.05,1,0,0.433,-0.5,1,0,0.188,-0.65,0.982,0,0.256,-0.77,1,0
54902,20120803,-93.29,41.56,0.154,-0.73,1,0,0.222,-0.52,0.821,0,0.239,-0.57,0.994,0,0.233,-1.04,1,0,0.432,-0.48,1,0,0.188,-0.63,0.982,0,0.256,-0.75,1,0
54902,20120804,-93.29,41.56,0.155,-0.71,1,0,0.222,-0.51,0.821,0,0.239,-0.56,0.994,0,0.233,-1.02,1,0,0.431,-0.47,1,0,0.188,-0.62,0.982,0,0.256,-0.73,1,0
54902,20120805,-93.29,41.56,0.156,-0.68,1,0,0.225,-0.45,0.738,0.006,0.245,-0.48,0.875,0,0.242,-0.93,0.976,0,0.431,-0.44,1,0,0.19,-0.58,0.94,0,0.26,-0.66,0.946,0
54902,20120806,-93.29,41.56,0.155,-0.67,1,0,0.222,-0.47,0.815,0.006,0.247,-0.44,0.732,0,0.248,-0.86,0.976,0,0.431,-0.42,1,0,0.188,-0.58,0.94,0,0.261,-0.63,0.946,0
54902,20120807,-93.29,41.56,0.154,-0.66,1,0,0.22,-0.48,0.815,0.006,0.248,-0.4,0.589,0,0.253,-0.82,0.976,0,0.431,-0.4,1,0,0.187,-0.58,0.94,0,0.261,-0.6,0.946,0
54902,20120808,-93.29,41.56,0.155,-0.63,1,0,0.223,-0.43,0.738,0.006,0.252,-0.35,0.446,0,0.256,-0.78,0.976,0,0.43,-0.38,0.994,0,0.189,-0.55,0.863,0,0.263,-0.56,0.946,0
54902,20120809,-93.29,41.56,0.158,-0.58,0.982,0,0.232,-0.33,0.595,0.006,0.257,-0.28,0.304,0,0.259,-0.75,0.976,0,0.43,-0.36,0.994,0,0.195,-0.48,0.72,0,0.267,-0.49,0.911,0
54902,20120810,-93.29,41.56,0.162,-0.53,0.982,0,0.239,-0.25,0.452,0.006,0.261,-0.22,0.161,0,0.262,-0.72,0.976,0,0.43,-0.35,0.994,0,0.2,-0.42,0.577,0,0.271,-0.44,0.911,0
54902,20120811,-93.29,41.56,0.165,-0.49,0.982,0,0.244,-0.18,0.31,0.006,0.265,-0.17,0.018,0,0.264,-0.68,0.976,0,0.431,-0.33,0.97,0,0.205,-0.38,0.5,0,0.274,-0.39,0.911,0
54902,20120812,-93.29,41.56,0.166,-0.47,0.982,0,0.242,-0.21,0.292,0,0.261,-0.19,0,0,0.258,-0.74,1,0,0.431,-0.32,0.958,0,0.204,-0.38,0.56,0,0.271,-0.41,0.964,0
54902,20120813,-93.29,41.56,0.168,-0.44,0.97,0,0.244,-0.17,0.232,0,0.259,-0.21,0,0,0.254,-0.77,1,0,0.43,-0.32,0.958,0,0.206,-0.36,0.5,0,0.271,-0.4,0.905,0
54902,20120814,-93.29,41.56,0.171,-0.41,0.97,0,0.25,-0.11,0.089,0,0.26,-0.2,0,0,0.252,-0.76,1,0,0.429,-0.32,0.952,0,0.21,-0.32,0.357,0,0.272,-0.38,0.845,0
54902,20120815,-93.29,41.56,0.172,-0.39,0.97,0,0.251,-0.09,0.024,0,0.259,-0.22,0,0,0.251,-0.76,1,0,0.429,-0.33,0.958,0,0.211,-0.31,0.327,0,0.272,-0.37,0.845,0
54902,20120816,-93.29,41.56,0.17,-0.41,0.988,0,0.246,-0.14,0.024,0,0.257,-0.26,0.012,0,0.25,-0.75,1,0,0.428,-0.34,0.958,0,0.208,-0.34,0.464,0,0.27,-0.39,0.881,0
54902,20120817,-93.29,41.56,0.167,-0.43,0.988,0,0.241,-0.18,0.095,0,0.255,-0.29,0.095,0,0.249,-0.75,1,0,0.428,-0.35,0.958,0,0.204,-0.38,0.607,0,0.268,-0.41,0.881,0
54902,20120818,-93.29,41.56,0.165,-0.45,0.988,0,0.238,-0.21,0.238,0,0.253,-0.32,0.238,0,0.247,-0.74,1,0,0.427,-0.37,0.982,0,0.201,-0.4,0.685,0,0.266,-0.43,0.881,0
54902,20120819,-93.29,41.56,0.163,-0.47,0.988,0,0.235,-0.23,0.381,0,0.251,-0.35,0.381,0,0.246,-0.74,1,0,0.427,-0.4,0.994,0,0.199,-0.42,0.685,0,0.264,-0.45,0.881,0
54902,20120820,-93.29,41.56,0.16,-0.5,1,0,0.229,-0.29,0.5,0,0.247,-0.39,0.524,0,0.243,-0.75,1,0,0.427,-0.43,0.994,0,0.195,-0.46,0.744,0,0.261,-0.49,0.94,0
54902,20120821,-93.29,41.56,0.157,-0.54,1,0,0.221,-0.36,0.643,0,0.241,-0.44,0.667,0,0.239,-0.77,1,0,0.426,-0.46,1,0,0.189,-0.52,0.887,0,0.257,-0.54,1,0
54902,20120822,-93.29,41.56,0.154,-0.57,1,0,0.215,-0.42,0.786,0,0.237,-0.49,0.81,0,0.236,-0.79,1,0,0.426,-0.49,1,0,0.184,-0.56,0.994,0,0.253,-0.6,1,0
54902,20120823,-93.29,41.56,0.151,-0.6,1,0,0.211,-0.47,0.929,0,0.233,-0.54,0.94,0,0.233,-0.81,1,0,0.425,-0.52,1,0,0.181,-0.6,1,0,0.251,-0.66,1,0
54902,20120824,-93.29,41.56,0.149,-0.63,1,0,0.207,-0.5,1,0,0.229,-0.59,1,0,0.23,-0.83,1,0,0.424,-0.55,1,0,0.178,-0.63,1,0,0.248,-0.71,1,0
54902,20120825,-93.29,41.56,0.148,-0.65,1,0,0.204,-0.52,1,0,0.227,-0.63,1,0,0.228,-0.84,1,0,0.423,-0.59,1,0,0.176,-0.65,1,0,0.246,-0.76,1,0
54902,20120826,-93.29,41.56,0.147,-0.67,1,0,0.202,-0.54,1,0,0.225,-0.66,1,0,0.226,-0.86,1,0,0.422,-0.61,1,0,0.175,-0.66,1,0,0.244,-0.81,1,0
54902,20120827,-93.29,41.56,0.147,-0.68,1,0,0.203,-0.53,1,0,0.223,-0.69,1,0,0.224,-0.88,1,0,0.421,-0.64,1,0,0.175,-0.66,1,0,0.244,-0.84,1,0
54902,20120828,-93.29,41.56,0.147,-0.68,1,0,0.204,-0.53,1,0,0.222,-0.71,1,0,0.224,-0.91,1,0,0.42,-0.65,1,0,0.176,-0.65,1,0,0.243,-0.86,1,0
54902,20120829,-93.29,41.56,0.148,-0.67,1,0,0.205,-0.52,1,0,0.222,-0.73,1,0,0.223,-0.96,1,0,0.418,-0.67,1,0,0.176,-0.65,1,0,0.243,-0.87,1,0
54902,20120830,-93.29,41.56,0.149,-0.67,1,0,0.205,-0.52,1,0,0.221,-0.73,1,0,0.223,-1.01,1,0,0.417,-0.69,1,0,0.177,-0.64,1,0,0.243,-0.86,1,0
54902,20120831,-93.29,41.56,0.149,-0.67,1,0,0.206,-0.52,1,0,0.221,-0.74,1,0,0.223,-1.07,1,0,0.416,-0.7,1,0,0.177,-0.63,1,0,0.243,-0.86,1,0
54902,20120901,-93.29,41.56,0.149,-0.67,1,0,0.206,-0.52,1,0,0.221,-0.75,1,0,0.223,-1.12,1,0,0.416,-0.71,1,0,0.178,-0.63,1,0,0.243,-0.86,1,0
54902,20120902,-93.29,41.56,0.15,-0.67,1,0,0.206,-0.52,1,0,0.222,-0.75,1,0,0.223,-1.17,1,0,0.415,-0.72,1,0,0.178,-0.63,1,0,0.243,-0.86,1,0
54902,20120903,-93.29,41.56,0.149,-0.68,1,0,0.203,-0.54,1,0,0.221,-0.76,1,0,0.223,-1.22,1,0,0.415,-0.74,1,0,0.176,-0.64,1,0,0.242,-0.87,1,0
54902,20120904,-93.29,41.56,0.148,-0.69,1,0,0.201,-0.56,1,0,0.221,-0.77,1,0,0.222,-1.26,1,0,0.414,-0.75,1,0,0.175,-0.65,1,0,0.241,-0.88,1,0
54902,20120905,-93.29,41.56,0.147,-0.7,1,0,0.2,-0.57,1,0,0.222,-0.78,1,0,0.222,-1.27,1,0,0.413,-0.77,1,0,0.174,-0.65,1,0,0.241,-0.88,1,0
54902,20120906,-93.29,41.56,0.147,-0.71,1,0,0.2,-0.58,1,0,0.224,-0.77,1,0,0.224,-1.26,1,0,0.413,-0.78,1,0,0.173,-0.66,1,0,0.241,-0.88,1,0
54902,20120907,-93.29,41.56,0.147,-0.71,1,0,0.199,-0.59,1,0,0.224,-0.78,1,0,0.224,-1.26,1,0,0.412,-0.79,1,0,0.173,-0.66,1,0,0.241,-0.88,1,0
54902,20120908,-93.29,41.56,0.146,-0.71,1,0,0.199,-0.6,1,0,0.225,-0.78,1,0,0.224,-1.26,1,0,0.411,-0.81,1,0,0.172,-0.66,1,0,0.241,-0.89,1,0
54902,20120909,-93.29,41.56,0.145,-0.72,1,0,0.198,-0.61,1,0,0.224,-0.79,1,0,0.224,-1.26,1,0,0.411,-0.82,1,0,0.172,-0.66,1,0,0.24,-0.89,1,0
54902,20120910,-93.29,41.56,0.144,-0.72,1,0,0.197,-0.62,1,0,0.223,-0.8,1,0,0.224,-1.25,1,0,0.41,-0.83,1,0,0.171,-0.67,1,0,0.24,-0.89,1,0
54902,20120911,-93.29,41.56,0.144,-0.73,1,0,0.196,-0.63,1,0,0.222,-0.81,1,0,0.223,-1.25,1,0,0.409,-0.83,1,0,0.17,-0.67,1,0,0.239,-0.89,1,0
54902,20120912,-93.29,41.56,0.142,-0.73,1,0,0.195,-0.64,1,0,0.22,-0.83,1,0,0.222,-1.26,1,0,0.408,-0.84,1,0,0.169,-0.68,1,0,0.237,-0.9,1,0
54902,20120913,-93.29,41.56,0.141,-0.74,1,0,0.193,-0.66,1,0,0.216,-0.85,1,0,0.219,-1.27,1,0,0.407,-0.85,1,0,0.167,-0.69,1,0,0.235,-0.91,1,0
54902,20120914,-93.29,41.56,0.139,-0.74,1,0,0.192,-0.67,1,0,0.214,-0.87,1,0,0.219,-1.27,1,0,0.406,-0.86,1,0,0.166,-0.7,1,0,0.234,-0.91,1,0
54902,20120915,-93.29,41.56,0.139,-0.74,1,0,0.192,-0.68,1,0,0.212,-0.88,1,0,0.218,-1.27,1,0,0.405,-0.86,1,0,0.165,-0.7,1,0,0.233,-0.91,1,0
54902,20120916,-93.29,41.56,0.139,-0.73,1,0,0.192,-0.69,1,0,0.211,-0.88,1,0,0.217,-1.26,1,0,0.403,-0.87,1,0,0.165,-0.7,1,0,0.232,-0.91,1,0
54902,20120917,-93.29,41.56,0.139,-0.72,1,0,0.191,-0.69,1,0,0.21,-0.89,1,0,0.216,-1.26,1,0,0.402,-0.88,1,0,0.165,-0.7,1,0,0.232,-0.9,1,0
54902,20120918,-93.29,41.56,0.139,-0.71,1,0,0.191,-0.69,1,0,0.21,-0.89,1,0,0.216,-1.25,1,0,0.4,-0.88,1,0,0.165,-0.69,1,0,0.231,-0.89,1,0
54902,20120919,-93.29,41.56,0.139,-0.7,1,0,0.191,-0.69,1,0,0.209,-0.89,1,0,0.216,-1.23,1,0,0.4,-0.88,1,0,0.165,-0.68,1,0,0.231,-0.88,1,0
54902,20120920,-93.29,41.56,0.139,-0.69,1,0,0.191,-0.69,1,0,0.208,-0.9,1,0,0.215,-1.22,1,0,0.399,-0.88,1,0,0.165,-0.68,1,0,0.23,-0.88,1,0
54902,20120921,-93.29,41.56,0.139,-0.69,1,0,0.19,-0.7,1,0,0.208,-0.9,1,0,0.214,-1.22,1,0,0.398,-0.89,1,0,0.165,-0.67,1,0,0.23,-0.87,1,0
54902,20120922,-93.29,41.56,0.139,-0.68,1,0,0.189,-0.7,1,0,0.207,-0.9,1,0,0.213,-1.22,1,0,0.397,-0.89,1,0,0.164,-0.67,1,0,0.229,-0.87,1,0
54902,20120923,-93.29,41.56,0.138,-0.68,1,0,0.188,-0.7,1,0,0.207,-0.9,1,0,0.212,-1.21,1,0,0.396,-0.9,1,0,0.163,-0.67,1,0,0.228,-0.87,1,0
54902,20120924,-93.29,41.56,0.136,-0.69,1,0,0.187,-0.71,1,0,0.206,-0.9,1,0,0.211,-1.21,1,0,0.396,-0.91,1,0,0.161,-0.68,1,0,0.227,-0.87,1,0
54902,20120925,-93.29,41.56,0.135,-0.69,1,0,0.185,-0.72,1,0,0.204,-0.91,1,0,0.21,-1.21,1,0,0.395,-0.91,1,0,0.16,-0.68,1,0,0.226,-0.87,1,0
54902,20120926,-93.29,41.56,0.134,-0.69,1,0,0.185,-0.73,1,0,0.204,-0.91,1,0,0.209,-1.21,1,0,0.394,-0.92,1,0,0.16,-0.69,1,0,0.225,-0.88,1,0
54902,20120927,-93.29,41.56,0.133,-0.69,1,0,0.184,-0.74,1,0,0.203,-0.91,1,0,0.208,-1.21,1,0,0.393,-0.93,1,0,0.159,-0.69,1,0,0.224,-0.88,1,0
54902,20120928,-93.29,41.56,0.132,-0.69,1,0,0.183,-0.75,1,0,0.202,-0.92,1,0,0.207,-1.21,1,0,0.392,-0.94,1,0,0.158,-0.7,1,0,0.223,-0.89,1,0
54902,20120929,-93.29,41.56,0.131,-0.69,1,0,0.182,-0.76,1,0,0.201,-0.92,1,0,0.207,-1.21,1,0,0.391,-0.95,1,0,0.157,-0.7,1,0,0.223,-0.89,1,0
54902,20120930,-93.29,41.56,0.131,-0.69,1,0,0.182,-0.77,1,0,0.201,-0.93,1,0,0.206,-1.21,1,0,0.391,-0.96,1,0,0.156,-0.7,1,0,0.222,-0.9,1,0
54902,20121001,-93.29,41.56,0.131,-0.69,1,0,0.181,-0.77,1,0,0.2,-0.93,1,0,0.205,-1.21,1,0,0.389,-0.97,1,0,0.156,-0.71,1,0,0.221,-0.9,1,0
54902,20121002,-93.29,41.56,0.13,-0.68,1,0,0.181,-0.77,1,0,0.2,-0.94,1,0,0.205,-1.2,1,0,0.388,-0.98,1,0,0.156,-0.71,1,0,0.221,-0.91,1,0
54902,20121003,-93.29,41.56,0.13,-0.68,1,0,0.181,-0.76,1,0,0.199,-0.94,1,0,0.205,-1.2,1,0,0.387,-1,1,0,0.155,-0.71,1,0,0.22,-0.91,1,0
54902,20121004,-93.29,41.56,0.129,-0.68,1,0,0.18,-0.76,1,0,0.199,-0.95,1,0,0.204,-1.2,1,0,0.386,-1.01,1,0,0.155,-0.7,1,0,0.22,-0.91,1,0
54902,20121005,-93.29,41.56,0.129,-0.68,1,0,0.18,-0.75,1,0,0.198,-0.96,1,0,0.204,-1.2,1,0,0.385,-1.02,1,0,0.154,-0.7,1,0,0.219,-0.92,1,0
54902,20121006,-93.29,41.56,0.128,-0.69,1,0,0.179,-0.75,1,0,0.198,-0.96,1,0,0.203,-1.2,1,0,0.385,-1.03,1,0,0.153,-0.7,1,0,0.219,-0.92,1,0
54902,20121007,-93.29,41.56,0.127,-0.69,1,0,0.178,-0.76,1,0,0.197,-0.97,1,0,0.203,-1.2,1,0,0.384,-1.04,1,0,0.152,-0.71,1,0,0.218,-0.92,1,0
54902,20121008,-93.29,41.56,0.126,-0.7,1,0,0.176,-0.76,1,0,0.195,-0.98,1,0,0.202,-1.21,1,0,0.383,-1.06,1,0,0.151,-0.71,1,0,0.216,-0.93,1,0
54902,20121009,-93.29,41.56,0.125,-0.71,1,0,0.175,-0.77,1,0,0.194,-0.99,1,0,0.201,-1.22,1,0,0.383,-1.07,1,0,0.15,-0.72,1,0,0.215,-0.94,1,0
54902,20121010,-93.29,41.56,0.124,-0.72,1,0,0.174,-0.78,1,0,0.193,-1,1,0,0.2,-1.23,1,0,0.382,-1.09,1,0,0.149,-0.73,1,0,0.215,-0.94,1,0
54902,20121011,-93.29,41.56,0.122,-0.73,1,0,0.173,-0.79,1,0,0.191,-1.01,1,0,0.199,-1.25,1,0,0.381,-1.11,1,0,0.148,-0.74,1,0,0.213,-0.96,1,0
54902,20121012,-93.29,41.56,0.122,-0.74,1,0,0.172,-0.81,1,0,0.19,-1.02,1,0,0.198,-1.26,1,0,0.38,-1.14,1,0,0.147,-0.76,1,0,0.212,-0.97,1,0
54902,20121013,-93.29,41.56,0.122,-0.75,1,0,0.172,-0.81,0.994,0,0.19,-1.03,1,0,0.198,-1.27,1,0,0.38,-1.17,1,0,0.147,-0.77,1,0,0.212,-0.98,1,0
54902,20121014,-93.29,41.56,0.127,-0.72,0.97,0,0.186,-0.74,0.851,0,0.202,-0.97,0.952,0.012,0.212,-1.18,0.946,0,0.384,-1.15,0.952,0,0.156,-0.72,0.946,0,0.222,-0.92,0.952,0
54902,20121015,-93.29,41.56,0.139,-0.66,0.827,0,0.206,-0.63,0.708,0,0.227,-0.82,0.81,0.012,0.234,-1.02,0.804,0,0.397,-1.03,0.81,0,0.172,-0.64,0.804,0,0.241,-0.8,0.81,0
54902,20121016,-93.29,41.56,0.151,-0.61,0.685,0,0.223,-0.54,0.565,0,0.25,-0.69,0.667,0.012,0.256,-0.88,0.661,0,0.411,-0.89,0.667,0,0.187,-0.56,0.661,0,0.258,-0.69,0.667,0
54902,20121017,-93.29,41.56,0.163,-0.56,0.554,0,0.24,-0.45,0.423,0,0.273,-0.56,0.524,0.012,0.278,-0.75,0.518,0,0.425,-0.75,0.524,0,0.201,-0.49,0.518,0,0.276,-0.58,0.524,0
54902,20121018,-93.29,41.56,0.174,-0.51,0.548,0,0.256,-0.37,0.28,0,0.296,-0.42,0.381,0.012,0.299,-0.63,0.375,0,0.439,-0.6,0.381,0,0.215,-0.41,0.375,0,0.293,-0.47,0.381,0
54902,20121019,-93.29,41.56,0.19,-0.43,0.435,0,0.277,-0.25,0.137,0,0.322,-0.27,0.238,0.012,0.321,-0.5,0.232,0,0.454,-0.45,0.238,0,0.234,-0.31,0.232,0,0.313,-0.34,0.238,0
54902,20121020,-93.29,41.56,0.208,-0.34,0.292,0,0.301,-0.12,0,0,0.349,-0.11,0.095,0.012,0.342,-0.37,0.089,0,0.468,-0.29,0.095,0,0.254,-0.19,0.089,0,0.334,-0.2,0.095,0
54902,20121021,-93.29,41.56,0.221,-0.29,0.179,0,0.309,-0.07,0,0,0.363,-0.02,0,0,0.35,-0.34,0,0,0.476,-0.2,0,0,0.265,-0.13,0,0,0.344,-0.13,0,0
54902,20121022,-93.29,41.56,0.227,-0.26,0.179,0,0.311,-0.06,0,0.012,0.365,-0.02,0,0.012,0.349,-0.36,0,0,0.477,-0.2,0,0,0.269,-0.11,0,0,0.346,-0.12,0,0
54902,20121023,-93.29,41.56,0.238,-0.21,0.179,0,0.32,-0.01,0,0.03,0.373,0.03,0,0.095,0.353,-0.35,0,0,0.479,-0.17,0,0,0.279,-0.05,0,0,0.353,-0.07,0,0
54902,20121024,-93.29,41.56,0.249,-0.15,0.167,0,0.329,0.05,0,0.03,0.38,0.07,0,0.095,0.357,-0.32,0,0,0.48,-0.15,0,0,0.289,0.01,0,0,0.359,-0.03,0,0
54902,20121025,-93.29,41.56,0.26,-0.09,0.03,0,0.338,0.11,0,0.03,0.386,0.12,0,0.095,0.362,-0.29,0,0,0.481,-0.14,0,0,0.299,0.07,0,0,0.365,0.02,0,0
54902,20121026,-93.29,41.56,0.267,-0.05,0,0,0.341,0.13,0,0.03,0.389,0.14,0,0.095,0.366,-0.27,0,0,0.482,-0.13,0,0,0.304,0.1,0,0,0.369,0.05,0,0
54902,20121027,-93.29,41.56,0.271,-0.03,0,0,0.34,0.13,0,0.03,0.39,0.15,0,0.095,0.369,-0.25,0,0,0.483,-0.12,0,0,0.306,0.11,0,0,0.371,0.06,0,0
54902,20121028,-93.29,41.56,0.275,-0.02,0,0,0.341,0.13,0,0.03,0.391,0.16,0,0.095,0.372,-0.23,0,0,0.484,-0.1,0,0,0.308,0.12,0,0,0.373,0.08,0,0
54902,20121029,-93.29,41.56,0.277,-0.01,0,0,0.341,0.13,0,0.018,0.391,0.16,0,0.083,0.375,-0.21,0,0,0.485,-0.08,0,0,0.309,0.11,0,0,0.374,0.09,0,0
54902,20121030,-93.29,41.56,0.274,-0.04,0,0,0.336,0.1,0,0,0.387,0.13,0,0,0.373,-0.22,0,0,0.484,-0.1,0,0,0.305,0.08,0,0,0.371,0.06,0,0
54902,20121031,-93.29,41.56,0.272,-0.07,0,0,0.332,0.07,0,0,0.383,0.11,0,0,0.372,-0.23,0,0,0.483,-0.11,0,0,0.302,0.05,0,0,0.368,0.04,0,0
54902,20121101,-93.29,41.56,0.269,-0.1,0,0,0.329,0.04,0,0,0.38,0.09,0,0,0.37,-0.25,0,0,0.482,-0.13,0,0,0.299,0.01,0,0,0.366,0.02,0,0
54902,20121102,-93.29,41.56,0.264,-0.15,0,0,0.326,0.02,0,0,0.377,0.07,0,0,0.368,-0.27,0,0,0.481,-0.15,0,0,0.295,-0.03,0,0,0.363,-0.01,0,0
54902,20121103,-93.29,41.56,0.26,-0.21,0.125,0,0.324,-0.01,0,0,0.375,0.06,0,0,0.366,-0.28,0,0,0.479,-0.18,0,0,0.292,-0.07,0,0,0.361,-0.04,0,0
54902,20121104,-93.29,41.56,0.256,-0.26,0.268,0,0.322,-0.02,0,0,0.373,0.04,0,0,0.365,-0.29,0,0,0.478,-0.2,0,0,0.289,-0.11,0,0,0.359,-0.07,0,0
54902,20121105,-93.29,41.56,0.253,-0.31,0.411,0,0.321,-0.04,0,0,0.372,0.03,0,0,0.363,-0.3,0,0,0.477,-0.22,0,0,0.287,-0.15,0,0,0.357,-0.1,0,0
54902,20121106,-93.29,41.56,0.255,-0.3,0.411,0,0.321,-0.04,0,0,0.371,0.02,0,0,0.362,-0.31,0,0,0.475,-0.24,0.006,0,0.288,-0.14,0,0,0.357,-0.11,0,0
54902,20121107,-93.29,41.56,0.258,-0.28,0.411,0,0.322,-0.03,0,0,0.37,0.01,0,0,0.362,-0.31,0,0,0.473,-0.27,0.006,0,0.29,-0.13,0,0,0.357,-0.12,0,0
54902,20121108,-93.29,41.56,0.262,-0.26,0.411,0,0.323,-0.03,0,0,0.369,0,0,0,0.361,-0.32,0,0,0.472,-0.28,0.006,0,0.292,-0.12,0,0,0.357,-0.12,0,0
54902,20121109,-93.29,41.56,0.266,-0.22,0.411,0,0.323,-0.03,0,0,0.368,0,0,0,0.36,-0.32,0,0,0.471,-0.29,0.006,0,0.295,-0.1,0,0,0.358,-0.13,0,0
54902,20121110,-93.29,41.56,0.27,-0.19,0.286,0,0.324,-0.02,0,0,0.368,-0.01,0,0,0.359,-0.32,0,0,0.47,-0.31,0.006,0,0.297,-0.08,0,0,0.358,-0.13,0,0
54902,20121111,-93.29,41.56,0.274,-0.15,0.143,0,0.325,-0.01,0,0,0.368,-0.01,0,0,0.359,-0.33,0,0,0.469,-0.31,0.006,0,0.3,-0.06,0,0,0.359,-0.12,0,0
54902,20121112,-93.29,41.56,0.286,-0.01,0,0.137,0.332,0.07,0,0.137,0.375,0.07,0,0.137,0.363,-0.28,0,0,0.468,-0.33,0.006,0,0.309,0.05,0,0.137,0.365,-0.05,0,0.131
54902,20121113,-93.29,41.56,0.291,0.04,0,0.185,0.336,0.11,0,0.28,0.379,0.12,0,0.28,0.368,-0.25,0,0,0.467,-0.34,0,0,0.313,0.11,0,0.28,0.368,-0.01,0,0.137
54902,20121114,-93.29,41.56,0.293,0.07,0,0.185,0.339,0.14,0,0.423,0.383,0.16,0,0.423,0.371,-0.21,0,0,0.466,-0.35,0.012,0,0.316,0.14,0,0.393,0.371,0.03,0,0.137
54902,20121115,-93.29,41.56,0.296,0.1,0,0.185,0.342,0.18,0,0.548,0.387,0.2,0,0.565,0.375,-0.18,0,0,0.465,-0.36,0.012,0,0.319,0.18,0,0.393,0.373,0.06,0,0.137
54902,20121116,-93.29,41.56,0.298,0.13,0,0.185,0.346,0.22,0,0.577,0.39,0.23,0,0.708,0.379,-0.15,0,0,0.464,-0.38,0.042,0,0.322,0.22,0,0.393,0.375,0.09,0,0.137
54902,20121117,-93.29,41.56,0.3,0.15,0,0.185,0.349,0.25,0,0.577,0.393,0.25,0,0.815,0.383,-0.12,0,0,0.463,-0.4,0.125,0,0.325,0.24,0,0.393,0.377,0.11,0,0.137
54902,20121118,-93.29,41.56,0.302,0.17,0,0.185,0.351,0.28,0,0.577,0.395,0.28,0,0.833,0.386,-0.09,0,0,0.462,-0.43,0.161,0,0.327,0.27,0,0.393,0.379,0.13,0,0.137
54902,20121119,-93.29,41.56,0.296,0.08,0,0.048,0.347,0.23,0,0.44,0.391,0.22,0,0.702,0.384,-0.1,0,0,0.461,-0.44,0.167,0,0.322,0.2,0,0.256,0.376,0.08,0,0.006
54902,20121120,-93.29,41.56,0.293,0.03,0,0,0.345,0.21,0,0.298,0.389,0.2,0,0.56,0.382,-0.12,0,0,0.46,-0.45,0.173,0,0.319,0.15,0,0.113,0.374,0.05,0,0
54902,20121121,-93.29,41.56,0.289,-0.03,0,0,0.343,0.19,0,0.155,0.387,0.18,0,0.417,0.381,-0.13,0,0,0.459,-0.45,0.161,0,0.316,0.1,0,0,0.372,0.03,0,0
54902,20121122,-93.29,41.56,0.285,-0.08,0,0,0.342,0.17,0,0.03,0.386,0.16,0,0.274,0.38,-0.13,0,0,0.459,-0.47,0.167,0,0.313,0.06,0,0,0.37,0,0,0
54902,20121123,-93.29,41.56,0.282,-0.13,0,0,0.34,0.15,0,0,0.385,0.14,0,0.131,0.379,-0.14,0,0,0.458,-0.47,0.137,0,0.311,0.02,0,0,0.369,-0.02,0,0
54902,20121124,-93.29,41.56,0.278,-0.18,0.048,0,0.339,0.13,0,0,0.384,0.13,0,0.024,0.378,-0.14,0,0,0.458,-0.47,0.06,0,0.308,-0.03,0,0,0.367,-0.04,0,0
54902,20121125,-93.29,41.56,0.274,-0.23,0.131,0,0.337,0.1,0,0,0.382,0.11,0,0.006,0.377,-0.15,0,0,0.458,-0.46,0.024,0,0.305,-0.07,0,0,0.365,-0.06,0,0
54902,20121126,-93.29,41.56,0.271,-0.27,0.268,0,0.335,0.08,0,0,0.381,0.09,0,0,0.376,-0.16,0,0,0.457,-0.47,0.048,0,0.303,-0.12,0,0,0.364,-0.09,0,0
54902,20121127,-93.29,41.56,0.267,-0.32,0.411,0,0.333,0.06,0,0,0.379,0.08,0,0,0.375,-0.17,0,0,0.456,-0.48,0.065,0,0.3,-0.16,0.006,0,0.362,-0.11,0,0
54902,20121128,-93.29,41.56,0.263,-0.36,0.554,0,0.331,0.03,0,0,0.377,0.06,0,0,0.374,-0.17,0,0,0.455,-0.5,0.125,0,0.297,-0.21,0.042,0,0.36,-0.14,0,0
54902,20121129,-93.29,41.56,0.26,-0.4,0.696,0,0.329,0.01,0,0,0.376,0.04,0,0,0.373,-0.18,0,0,0.455,-0.5,0.137,0,0.294,-0.25,0.077,0,0.358,-0.16,0,0
54902,20121130,-93.29,41.56,0.257,-0.43,0.839,0,0.327,-0.02,0,0,0.374,0.02,0,0,0.372,-0.19,0,0,0.454,-0.51,0.173,0,0.292,-0.28,0.095,0,0.357,-0.18,0,0
54902,20121201,-93.29,41.56,0.256,-0.45,0.929,0,0.326,-0.03,0,0,0.373,0.01,0,0,0.37,-0.2,0,0,0.453,-0.52,0.244,0,0.291,-0.3,0.095,0,0.356,-0.2,0,0
54902,20121202,-93.29,41.56,0.256,-0.45,0.952,0,0.325,-0.05,0,0,0.373,0.01,0,0,0.37,-0.21,0,0,0.452,-0.54,0.375,0,0.291,-0.32,0.095,0,0.355,-0.21,0,0
54902,20121203,-93.29,41.56,0.256,-0.45,0.839,0,0.325,-0.06,0,0,0.373,0.01,0,0,0.369,-0.21,0,0,0.451,-0.55,0.464,0,0.291,-0.32,0.095,0,0.355,-0.22,0,0
54902,20121204,-93.29,41.56,0.257,-0.45,0.768,0,0.325,-0.06,0,0,0.373,0.01,0,0,0.369,-0.22,0,0,0.45,-0.56,0.56,0,0.291,-0.32,0.095,0,0.355,-0.23,0,0
54902,20121205,-93.29,41.56,0.258,-0.45,0.768,0,0.325,-0.07,0,0,0.374,0.03,0,0,0.369,-0.22,0,0,0.45,-0.57,0.613,0,0.292,-0.33,0.185,0,0.355,-0.24,0.012,0
54902,20121206,-93.29,41.56,0.259,-0.46,0.768,0,0.325,-0.08,0,0,0.375,0.03,0,0,0.369,-0.22,0,0,0.449,-0.58,0.696,0,0.292,-0.34,0.292,0,0.355,-0.25,0.113,0
54902,20121207,-93.29,41.56,0.259,-0.48,0.768,0,0.325,-0.1,0,0,0.375,0.03,0,0,0.369,-0.22,0,0,0.449,-0.59,0.78,0,0.292,-0.36,0.417,0,0.355,-0.27,0.244,0
54902,20121208,-93.29,41.56,0.258,-0.51,0.774,0,0.325,-0.11,0,0,0.375,0.04,0,0,0.369,-0.22,0,0,0.448,-0.6,0.815,0,0.291,-0.38,0.56,0,0.355,-0.29,0.387,0
54902,20121209,-93.29,41.56,0.256,-0.54,0.81,0,0.324,-0.13,0,0,0.375,0.03,0,0,0.368,-0.23,0,0,0.448,-0.6,0.821,0,0.29,-0.41,0.702,0,0.354,-0.31,0.53,0
54902,20121210,-93.29,41.56,0.256,-0.57,0.929,0,0.323,-0.15,0,0,0.374,0.02,0,0,0.368,-0.23,0,0,0.448,-0.61,0.839,0,0.289,-0.44,0.845,0,0.354,-0.33,0.673,0
54902,20121211,-93.29,41.56,0.256,-0.59,1,0,0.321,-0.18,0.06,0,0.373,0,0,0,0.368,-0.25,0,0,0.447,-0.62,0.863,0,0.289,-0.45,0.982,0,0.353,-0.36,0.815,0
54902,20121212,-93.29,41.56,0.257,-0.61,1,0,0.32,-0.2,0.196,0,0.371,-0.02,0,0,0.367,-0.28,0,0,0.447,-0.63,0.893,0,0.289,-0.46,1,0,0.352,-0.38,0.946,0
54902,20121213,-93.29,41.56,0.259,-0.62,1,0,0.319,-0.23,0.321,0,0.37,-0.04,0,0,0.366,-0.31,0,0,0.446,-0.64,0.935,0,0.289,-0.47,1,0,0.352,-0.4,0.988,0
54902,20121214,-93.29,41.56,0.26,-0.63,1,0,0.318,-0.25,0.464,0,0.369,-0.05,0,0,0.366,-0.34,0,0,0.446,-0.65,0.958,0,0.289,-0.47,1,0,0.352,-0.42,1,0
54902,20121215,-93.29,41.56,0.263,-0.63,0.988,0,0.318,-0.26,0.583,0,0.368,-0.06,0,0,0.365,-0.38,0,0,0.445,-0.67,0.988,0,0.29,-0.46,0.982,0,0.352,-0.43,0.988,0
54902,20121216,-93.29,41.56,0.273,-0.54,0.845,0,0.323,-0.22,0.583,0,0.371,-0.03,0,0,0.364,-0.41,0,0,0.444,-0.68,0.994,0,0.298,-0.38,0.839,0,0.355,-0.39,0.845,0
54902,20121217,-93.29,41.56,0.281,-0.47,0.702,0,0.326,-0.18,0.583,0,0.373,0,0,0,0.364,-0.44,0,0,0.443,-0.69,1,0,0.304,-0.32,0.696,0,0.358,-0.36,0.702,0
54902,20121218,-93.29,41.56,0.288,-0.42,0.56,0,0.33,-0.15,0.524,0,0.375,0.03,0,0,0.364,-0.47,0,0,0.443,-0.7,1,0,0.309,-0.27,0.554,0,0.36,-0.34,0.56,0
54902,20121219,-93.29,41.56,0.295,-0.37,0.417,0,0.334,-0.11,0.387,0,0.378,0.06,0,0,0.364,-0.5,0.006,0,0.442,-0.7,1,0,0.314,-0.23,0.411,0,0.363,-0.32,0.417,0
54902,20121220,-93.29,41.56,0.301,-0.31,0.274,0,0.337,-0.09,0.262,0,0.38,0.09,0,0,0.364,-0.52,0.012,0,0.442,-0.71,1,0,0.319,-0.18,0.268,0,0.365,-0.3,0.304,0
54902,20121221,-93.29,41.56,0.309,-0.24,0.145,0,0.342,-0.04,0.119,0,0.382,0.12,0,0,0.364,-0.54,0.06,0,0.441,-0.71,1,0,0.326,-0.13,0.138,0,0.368,-0.27,0.178,0
54902,20121222,-93.29,41.56,0.316,-0.16,0,0,0.346,-0.01,0,0,0.385,0.15,0,0,0.364,-0.56,0.095,0,0.441,-0.71,1,0,0.331,-0.08,0,0,0.37,-0.24,0.039,0
54902,20121223,-93.29,41.56,0.315,-0.19,0,0,0.345,-0.03,0,0,0.384,0.14,0,0,0.364,-0.57,0.19,0,0.441,-0.71,1,0,0.33,-0.11,0,0,0.37,-0.27,0.048,0
54902,20121224,-93.29,41.56,0.315,-0.2,0,0,0.344,-0.05,0,0,0.383,0.12,0,0,0.364,-0.59,0.292,0,0.44,-0.72,1,0,0.33,-0.13,0,0,0.369,-0.29,0.062,0
54902,20121225,-93.29,41.56,0.315,-0.21,0,0,0.344,-0.06,0,0,0.383,0.11,0,0,0.364,-0.6,0.417,0,0.44,-0.72,1,0,0.329,-0.13,0,0,0.369,-0.31,0.088,0
54902,20121226,-93.29,41.56,0.315,-0.19,0,0,0.344,-0.07,0,0,0.383,0.1,0,0,0.363,-0.61,0.542,0,0.439,-0.72,1,0,0.33,-0.13,0,0,0.369,-0.31,0.152,0
54902,20121227,-93.29,41.56,0.316,-0.05,0,0,0.344,-0.08,0,0,0.382,0.08,0,0,0.363,-0.62,0.679,0,0.439,-0.72,1,0,0.33,-0.04,0,0,0.369,-0.27,0,0
54902,20121228,-93.29,41.56,0.314,-0.06,0,0,0.342,-0.11,0,0,0.381,0.06,0,0,0.363,-0.63,0.774,0,0.438,-0.72,1,0,0.328,-0.03,0,0,0.368,-0.27,0,0
54902,20121229,-93.29,41.56,0.313,,,,0.341,-0.14,0.006,0,0.38,0.03,0,0,0.362,-0.64,0.881,0,0.437,-0.73,1,0,0.327,,,,0.367,,,
54902,20121230,-93.29,41.56,0.313,,,,0.34,-0.17,0.107,0,0.38,0.01,0,0,0.362,-0.65,0.929,0,0.436,-0.74,1,0,0.326,,,,0.366,,,
54902,20121231,-93.29,41.56,0.313,,,,0.339,-0.2,0.25,0,0.379,-0.01,0,0,0.362,-0.66,0.97,0,0.436,-0.74,1,0,0.326,,,,0.366,,,
54902,20130101,-93.29,41.56,0.313,,,,0.338,-0.23,0.35,0,0.378,-0.04,0,0,0.361,-0.67,0.988,0,0.435,-0.75,1,0,0.325,,,,0.365,,,
54902,20130102,-93.29,41.56,0.313,,,,0.337,-0.24,0.414,0,0.377,-0.06,0,0,0.361,-0.68,1,0,0.434,-0.77,1,0,0.325,,,,0.364,,,
54902,20130103,-93.29,41.56,0.312,,,,0.336,-0.26,0.505,0,0.377,-0.09,0,0,0.361,-0.69,1,0,0.433,-0.78,1,0,0.324,,,,0.364,,,
54902,20130104,-93.29,41.56,0.311,,,,0.334,-0.27,0.647,0,0.376,-0.12,0,0,0.36,-0.7,1,0,0.432,-0.79,1,0,0.323,,,,0.363,,,
54902,20130105,-93.29,41.56,0.312,,,,0.333,-0.28,0.885,0,0.376,-0.15,0,0,0.36,-0.71,1,0,0.432,-0.8,1,0,0.322,,,,0.362,,,
54902,20130106,-93.29,41.56,0.312,,,,0.331,-0.3,1,0,0.375,-0.18,0,0,0.36,-0.72,1,0,0.432,-0.8,1,0,0.322,,,,0.362,,,
54902,20130107,-93.29,41.56,0.311,,,,0.33,-0.31,1,0,0.374,-0.22,0.042,0,0.359,-0.73,1,0,0.431,-0.81,1,0,0.321,,,,0.361,,,
54902,20130108,-93.29,41.56,0.312,,,,0.329,,,,0.374,-0.26,0.161,0,0.359,-0.74,1,0,0.431,-0.81,1,0,0.32,,,,0.361,,,
54902,20130109,-93.29,41.56,0.317,,,,0.332,,,,0.376,-0.22,0.202,0.042,0.361,-0.74,0.97,0,0.431,-0.81,1,0,0.324,,,,0.363,,,
54902,20130110,-93.29,41.56,0.323,,,,0.337,,,,0.38,-0.16,0.202,0.054,0.363,-0.73,0.958,0,0.43,-0.81,1,0,0.33,,,,0.366,,,
54902,20130111,-93.29,41.56,0.329,,,,0.342,,,,0.384,-0.08,0.202,0.089,0.368,-0.68,0.815,0,0.43,-0.81,1,0,0.336,,,,0.371,,,
54902,20130112,-93.29,41.56,0.334,,,,0.348,,,,0.39,0.04,0.202,0.226,0.374,-0.59,0.673,0,0.431,-0.8,0.982,0,0.341,,,,0.375,,,
54902,20130113,-93.29,41.56,0.337,,,,0.353,,,,0.394,0.12,0.202,0.262,0.38,-0.53,0.53,0,0.432,-0.78,0.899,0,0.345,,,,0.379,,,
54902,20130114,-93.29,41.56,0.341,,,,0.356,,,,0.397,0.17,0.161,0.262,0.384,-0.49,0.387,0,0.433,-0.77,0.827,0,0.349,,,,0.382,,,
54902,20130115,-93.29,41.56,,,,,0.357,,,,0.4,0.21,0.042,0.262,0.389,-0.45,0.274,0,0.434,-0.75,0.756,0,,,,,,,,
54902,20130116,-93.29,41.56,,,,,0.354,,,,0.399,0.17,0,0.22,0.391,-0.43,0.298,0,0.435,-0.73,0.72,0,,,,,,,,
54902,20130117,-93.29,41.56,,,,,0.35,,,,0.398,0.1,0,0.208,0.392,-0.42,0.31,0,0.436,-0.71,0.702,0,,,,,,,,
54902,20130118,-93.29,41.56,,,,,0.345,,,,0.395,0.02,0,0.173,0.391,-0.47,0.452,0,0.438,-0.7,0.702,0,,,,,,,,
54902,20130119,-93.29,41.56,,,,,0.34,,,,0.391,-0.11,0,0.036,0.387,-0.54,0.595,0,0.438,-0.69,0.72,0,,,,,,,,
54902,20130120,-93.29,41.56,,,,,0.335,,,,0.388,-0.19,0.006,0,0.385,-0.6,0.738,0,0.438,-0.7,0.804,0,,,,,,,,
54902,20130121,-93.29,41.56,,,,,0.333,,,,0.387,-0.24,0.012,0,0.383,-0.64,0.881,0,0.438,-0.72,0.875,0,,,,,,,,
54902,20130122,-93.29,41.56,,,,,0.331,,,,0.386,-0.28,0.101,0,0.382,-0.67,0.994,0,0.437,-0.73,0.946,0,,,,,,,,
54902,20130123,-93.29,41.56,,,,,0.331,,,,0.384,-0.32,0.208,0,0.381,-0.71,1,0,0.437,-0.75,0.982,0,,,,,,,,
54902,20130124,-93.29,41.56,,,,,,,,,0.383,-0.36,0.345,0,0.381,-0.73,1,0,0.437,-0.77,1,0,,,,,,,,
54902,20130125,-93.29,41.56,,,,,,,,,0.384,-0.34,0.387,0,0.38,-0.76,1,0,0.437,-0.78,1,0,,,,,,,,
54902,20130126,-93.29,41.56,,,,,,,,,0.382,-0.39,0.518,0,0.379,-0.79,1,0,0.437,-0.8,1,0,,,,,,,,
54902,20130127,-93.29,41.56,,,,,,,,,0.381,-0.44,0.634,0,0.379,-0.83,1,0,0.436,-0.81,1,0,,,,,,,,
54902,20130128,-93.29,41.56,,,,,,,,,0.379,-0.47,0.759,0,0.378,-0.85,1,0,0.436,-0.83,1,0,,,,,,,,
54902,20130129,-93.29,41.56,,,,,,,,,0.379,-0.5,0.795,0,0.381,-0.8,0.935,0,0.437,-0.82,1,0,,,,,,,,
54902,20130130,-93.29,41.56,,,,,,,,,,,,,0.385,-0.74,0.839,0,0.439,-0.8,1,0,,,,,,,,
54902,20130131,-93.29,41.56,,,,,,,,,,,,,0.387,-0.73,0.839,0,0.441,-0.77,1,0,,,,,,,,
54902,20130201,-93.29,41.56,,,,,,,,,,,,,0.388,-0.72,0.839,0,0.443,-0.73,1,0,,,,,,,,
54902,20130202,-93.29,41.56,,,,,,,,,,,,,0.39,-0.73,0.839,0,0.446,-0.68,0.994,0,,,,,,,,
54902,20130203,-93.29,41.56,,,,,,,,,,,,,0.391,-0.74,0.839,0,0.45,-0.62,0.935,0,,,,,,,,
54902,20130204,-93.29,41.56,,,,,,,,,,,,,0.392,-0.76,0.839,0,0.454,-0.55,0.833,0,,,,,,,,
54902,20130205,-93.29,41.56,,,,,,,,,0.4,,,,0.39,-0.87,0.905,0,0.457,-0.5,0.744,0,,,,,,,,
54902,20130206,-93.29,41.56,,,,,,,,,0.399,,,,0.388,-0.94,0.994,0,0.461,-0.44,0.631,0,,,,,,,,
54902,20130207,-93.29,41.56,,,,,,,,,0.398,,,,0.389,-0.93,0.958,0,0.464,-0.38,0.488,0,,,,,,,,
54902,20130208,-93.29,41.56,,,,,,,,,0.393,,,,0.389,-0.96,0.958,0,0.467,-0.33,0.345,0,,,,,,,,
54902,20130209,-93.29,41.56,,,,,,,,,0.39,,,,0.39,-0.95,0.958,0,0.47,-0.3,0.208,0,,,,,,,,
54902,20130210,-93.29,41.56,,,,,,,,,0.39,,,,0.391,-0.93,0.958,0,0.472,-0.28,0.125,0,,,,,,,,
54902,20130211,-93.29,41.56,,,,,,,,,0.393,,,,0.393,-0.89,0.958,0,0.475,-0.24,0.083,0,,,,,,,,
54902,20130212,-93.29,41.56,,,,,,,,,0.395,,,,0.394,-0.83,0.958,0,0.477,-0.21,0.03,0,,,,,,,,
54902,20130213,-93.29,41.56,,,,,,,,,0.395,,,,0.395,-0.82,0.964,0,0.478,-0.21,0,0,,,,,,,,
54902,20130214,-93.29,41.56,,,,,,,,,0.393,,,,0.394,-0.86,1,0,0.478,-0.22,0.006,0,,,,,,,,
54902,20130215,-93.29,41.56,,,,,,,,,0.397,,,,0.394,-0.85,1,0,0.478,-0.23,0.006,0,,,,,,,,
54902,20130216,-93.29,41.56,,,,,,,,,0.397,,,,0.394,-0.86,1,0,0.479,-0.21,0.006,0,,,,,,,,
54902,20130217,-93.29,41.56,,,,,,,,,0.396,,,,0.393,-0.88,1,0,0.48,-0.2,0.006,0,,,,,,,,
54902,20130218,-93.29,41.56,,,,,0.354,,,,0.395,,,,0.392,-0.9,1,0,0.48,-0.21,0.012,0,,,,,,,,
54902,20130219,-93.29,41.56,,,,,0.351,,,,0.393,,,,0.39,-0.94,1,0,0.48,-0.21,0.012,0,,,,,,,,
54902,20130220,-93.29,41.56,,,,,,,,,0.392,,,,0.39,-0.96,1,0,0.48,-0.21,0.012,0,,,,,,,,
54902,20130221,-93.29,41.56,,,,,,,,,0.39,,,,0.389,-0.98,1,0,0.481,-0.2,0.006,0,,,,,,,,
54902,20130222,-93.29,41.56,,,,,,,,,0.389,,,,0.388,-0.99,1,0,0.481,-0.2,0.006,0,,,,,,,,
54902,20130223,-93.29,41.56,,,,,,,,,0.387,,,,0.387,-1,1,0,0.481,-0.21,0.006,0,,,,,,,,
54902,20130224,-93.29,41.56,,,,,,,,,0.386,,,,0.386,-1.02,1,0,0.481,-0.22,0.006,0,,,,,,,,
54902,20130225,-93.29,41.56,,,,,,,,,0.389,,,,0.387,-1,1,0,0.481,-0.23,0,0,,,,,,,,
54902,20130226,-93.29,41.56,,,,,,,,,,,,,0.387,-0.97,0.94,0,0.481,-0.22,0,0,,,,,,,,
54902,20130227,-93.29,41.56,,,,,,,,,,,,,0.389,-0.94,0.94,0,0.481,-0.2,0,0,,,,,,,,
54902,20130228,-93.29,41.56,,,,,,,,,,,,,0.39,-0.91,0.94,0,0.482,-0.19,0,0,,,,,,,,
54902,20130301,-93.29,41.56,,,,,,,,,,,,,0.39,-0.9,0.94,0,0.482,-0.17,0,0,,,,,,,,
54902,20130302,-93.29,41.56,,,,,,,,,,,,,0.391,-0.89,0.94,0,0.483,-0.14,0,0,,,,,,,,
54902,20130303,-93.29,41.56,,,,,,,,,,,,,0.391,-0.9,0.94,0,0.484,-0.12,0,0.006,,,,,,,,
54902,20130304,-93.29,41.56,,,,,,,,,,,,,0.391,-0.93,0.94,0,0.484,-0.1,0,0.006,,,,,,,,
54902,20130305,-93.29,41.56,,,,,,,,,0.386,-0.52,0.825,0,0.39,-0.96,1,0,0.484,-0.1,0,0.006,,,,,,,,
54902,20130306,-93.29,41.56,,,,,,,,,0.386,-0.41,0.598,0,0.39,-0.99,1,0,0.485,-0.1,0,0.006,,,,,,,,
54902,20130307,-93.29,41.56,,,,,,,,,0.387,-0.37,0.468,0,0.39,-1.01,1,0,0.485,-0.1,0,0.006,,,,,,,,
54902,20130308,-93.29,41.56,,,,,,,,,0.391,-0.31,0.385,0,0.39,-1.05,1,0,0.485,-0.1,0,0.006,,,,,,,,
54902,20130309,-93.29,41.56,,,,,,,,,0.392,-0.32,0.357,0,0.392,-1.02,0.982,0,0.485,-0.1,0,0.006,,,,,,,,
54902,20130310,-93.29,41.56,,,,,,,,,0.389,-0.48,0.353,0,0.397,-0.9,0.863,0,0.485,-0.11,0,0,,,,,,,,
54902,20130311,-93.29,41.56,,,,,,,,,0.385,-0.62,0.357,0,0.4,-0.82,0.81,0,0.485,-0.12,0,0,,,,,,,,
54902,20130312,-93.29,41.56,,,,,,,,,0.381,-0.78,0.423,0,0.402,-0.8,0.81,0,0.486,-0.12,0,0,,,,,,,,
54902,20130313,-93.29,41.56,,,,,,,,,0.377,-0.93,0.565,0,0.402,-0.8,0.81,0,0.486,-0.1,0,0,,,,,,,,
54902,20130314,-93.29,41.56,,,,,,,,,0.374,-1.04,0.667,0.006,0.404,-0.76,0.798,0,0.487,-0.09,0,0,,,,,,,,
54902,20130315,-93.29,41.56,,,,,,,,,0.369,-1.2,0.786,0.006,0.408,-0.67,0.75,0,0.487,-0.06,0,0.012,,,,,,,,
54902,20130316,-93.29,41.56,,,,,,,,,0.371,-1.14,0.762,0.036,0.409,-0.65,0.768,0,0.488,-0.04,0,0.012,,,,,,,,
54902,20130317,-93.29,41.56,,,,,,,,,0.379,-0.87,0.661,0.048,0.407,-0.74,0.887,0,0.489,0,0,0.03,,,,,,,,
54902,20130318,-93.29,41.56,,,,,,,,,0.386,-0.64,0.518,0.048,0.406,-0.78,0.94,0,0.49,0.04,0,0.042,,,,,,,,
54902,20130319,-93.29,41.56,,,,,,,,,0.392,-0.43,0.375,0.048,0.405,-0.8,0.94,0,0.491,0.06,0,0.042,,,,,,,,
54902,20130320,-93.29,41.56,,,,,,,,,0.397,-0.27,0.232,0.048,0.405,-0.83,0.94,0,0.491,0.05,0,0.042,,,,,,,,
54902,20130321,-93.29,41.56,,,,,,,,,0.401,-0.15,0.131,0.042,0.404,-0.89,0.952,0,0.491,0.04,0,0.042,,,,,,,,
54902,20130322,-93.29,41.56,,,,,,,,,0.405,-0.02,0.018,0.042,0.402,-1,1,0,0.491,0.02,0,0.03,,,,,,,,
54902,20130323,-93.29,41.56,,,,,,,,,0.403,-0.1,0.089,0.012,0.4,-1.09,1,0,0.491,0,0,0.03,,,,,,,,
54902,20130324,-93.29,41.56,,,,,,,,,0.4,-0.2,0.22,0,0.398,-1.18,1,0,0.49,-0.03,0,0.012,,,,,,,,
54902,20130325,-93.29,41.56,,,,,,,,,0.398,-0.27,0.363,0,0.397,-1.26,1,0,0.49,-0.05,0,0,,,,,,,,
54902,20130326,-93.29,41.56,,,,,,,,,0.396,-0.35,0.506,0,0.395,-1.33,1,0,0.49,-0.07,0,0,,,,,,,,
54902,20130327,-93.29,41.56,,,,,,,,,0.394,-0.41,0.595,0,0.394,-1.4,1,0,0.49,-0.07,0,0,,,,,,,,
54902,20130328,-93.29,41.56,,,,,,,,,0.395,-0.39,0.607,0.024,0.394,-1.4,1,0,0.491,-0.07,0,0,,,,,,,,
54902,20130329,-93.29,41.56,,,,,,,,,0.399,-0.29,0.601,0.095,0.395,-1.38,1,0,0.491,-0.07,0,0,,,,,,,,
54902,20130330,-93.29,41.56,,,,,,,,,0.403,-0.17,0.518,0.196,0.397,-1.34,1,0,0.492,-0.07,0,0,,,,,,,,
54902,20130331,-93.29,41.56,,,,,,,,,0.408,0,0.387,0.333,0.399,-1.25,1,0,0.492,-0.06,0,0.006,,,,,,,,
54902,20130401,-93.29,41.56,,,,,,,,,0.412,0.12,0.244,0.399,0.401,-1.19,1,0,0.492,-0.06,0,0.006,,,,,,,,
54902,20130402,-93.29,41.56,,,,,,,,,0.415,0.18,0.101,0.399,0.403,-1.13,1,0,0.493,-0.04,0,0.012,,,,,,,,
54902,20130403,-93.29,41.56,,,,,,,,,0.416,0.21,0.018,0.399,0.404,-1.08,1,0,0.494,-0.03,0,0.012,,,,,,,,
54902,20130404,-93.29,41.56,0.337,-0.2,0.533,0.053,0.369,-0.39,0.601,0.007,0.415,0.16,0.143,0.375,0.404,-1.1,1,0,0.494,-0.02,0,0.012,0.352,-0.26,0.551,0.014,0.403,-0.37,0.565,0
54902,20130405,-93.29,41.56,0.331,-0.32,0.64,0.012,0.368,-0.44,0.66,0.006,0.412,0.06,0.286,0.304,0.403,-1.14,1,0,0.494,-0.03,0,0.012,0.349,-0.32,0.617,0.012,0.402,-0.42,0.63,0
54902,20130406,-93.29,41.56,0.325,-0.46,0.768,0.012,0.365,-0.52,0.78,0.006,0.409,-0.06,0.429,0.202,0.403,-1.18,1,0,0.494,-0.06,0,0.012,0.345,-0.42,0.738,0.012,0.399,-0.51,0.75,0
54902,20130407,-93.29,41.56,0.318,-0.6,0.911,0,0.361,-0.63,0.923,0,0.404,-0.21,0.494,0.065,0.401,-1.26,1,0,0.494,-0.08,0.006,0.006,0.339,-0.54,0.881,0,0.396,-0.63,0.893,0
54902,20130408,-93.29,41.56,0.313,-0.69,1,0,0.358,-0.69,1,0,0.402,-0.3,0.536,0,0.4,-1.31,1,0,0.494,-0.1,0.012,0.006,0.336,-0.61,1,0,0.393,-0.7,1,0
54902,20130409,-93.29,41.56,0.313,-0.67,0.97,0.018,0.358,-0.67,0.97,0.03,0.402,-0.29,0.536,0.03,0.399,-1.33,1,0,0.494,-0.12,0.012,0,0.335,-0.6,0.97,0.018,0.393,-0.7,0.97,0.006
54902,20130410,-93.29,41.56,0.318,-0.53,0.827,0.048,0.362,-0.52,0.827,0.077,0.407,-0.11,0.53,0.173,0.401,-1.26,0.976,0.006,0.494,-0.15,0.012,0,0.34,-0.47,0.827,0.048,0.397,-0.56,0.827,0.03
54902,20130411,-93.29,41.56,0.326,-0.35,0.685,0.167,0.368,-0.33,0.685,0.22,0.413,0.14,0.393,0.315,0.406,-1.1,0.845,0.006,0.495,-0.14,0.012,0,0.347,-0.29,0.685,0.161,0.402,-0.37,0.685,0.149
54902,20130412,-93.29,41.56,0.332,-0.21,0.542,0.196,0.372,-0.2,0.542,0.262,0.418,0.32,0.25,0.458,0.41,-0.98,0.81,0.006,0.496,-0.11,0.012,0.012,0.352,-0.16,0.542,0.179,0.405,-0.22,0.542,0.185
54902,20130413,-93.29,41.56,0.336,-0.1,0.399,0.196,0.375,-0.1,0.399,0.262,0.42,0.43,0.107,0.548,0.412,-0.9,0.81,0.006,0.498,-0.04,0.012,0.077,0.355,-0.06,0.399,0.179,0.408,-0.11,0.399,0.185
54902,20130414,-93.29,41.56,0.339,0.01,0.256,0.196,0.376,-0.02,0.256,0.262,0.422,0.5,0.042,0.548,0.413,-0.85,0.81,0.006,0.499,0.02,0.006,0.131,0.358,0.03,0.256,0.179,0.41,-0.02,0.256,0.185
54902,20130415,-93.29,41.56,0.346,0.17,0.113,0.274,0.38,0.12,0.113,0.333,0.426,0.64,0,0.619,0.415,-0.78,0.81,0.006,0.501,0.07,0,0.149,0.363,0.17,0.113,0.256,0.414,0.13,0.113,0.256
54902,20130416,-93.29,41.56,0.349,0.25,0,0.274,0.383,0.21,0,0.333,0.428,0.74,0,0.732,0.417,-0.72,0.81,0.006,0.502,0.11,0,0.173,0.366,0.26,0,0.268,0.416,0.23,0,0.25
54902,20130417,-93.29,41.56,0.346,0.22,0,0.256,0.381,0.17,0,0.298,0.426,0.65,0,0.655,0.416,-0.75,0.833,0,0.503,0.14,0,0.185,0.363,0.23,0,0.25,0.414,0.19,0,0.238
54902,20130418,-93.29,41.56,0.352,0.31,0,0.28,0.385,0.27,0,0.298,0.428,0.68,0,0.655,0.418,-0.68,0.827,0.065,0.503,0.17,0,0.238,0.368,0.35,0,0.28,0.417,0.3,0,0.262
54902,20130419,-93.29,41.56,0.355,0.36,0,0.351,0.387,0.33,0,0.375,0.429,0.71,0,0.655,0.419,-0.65,0.786,0.065,0.504,0.19,0,0.315,0.371,0.41,0,0.393,0.419,0.36,0,0.357
54902,20130420,-93.29,41.56,0.356,0.38,0,0.351,0.388,0.36,0,0.375,0.43,0.72,0,0.643,0.419,-0.65,0.786,0.065,0.504,0.2,0,0.327,0.372,0.44,0,0.393,0.419,0.39,0,0.357
54902,20130421,-93.29,41.56,0.356,0.4,0,0.351,0.388,0.39,0,0.375,0.43,0.72,0,0.643,0.419,-0.65,0.786,0.065,0.505,0.21,0,0.381,0.372,0.46,0,0.393,0.42,0.42,0,0.357
54902,20130422,-93.29,41.56,0.353,0.34,0,0.274,0.386,0.37,0,0.304,0.427,0.64,0,0.571,0.419,-0.67,0.786,0.065,0.506,0.24,0,0.476,0.369,0.42,0,0.315,0.418,0.38,0,0.286
54902,20130423,-93.29,41.56,0.351,0.31,0,0.256,0.384,0.34,0,0.274,0.425,0.56,0,0.429,0.418,-0.71,0.786,0.065,0.506,0.25,0,0.512,0.367,0.39,0,0.286,0.417,0.34,0,0.286
54902,20130424,-93.29,41.56,0.349,0.3,0,0.244,0.383,0.33,0,0.262,0.424,0.52,0,0.363,0.418,-0.75,0.786,0.065,0.506,0.25,0,0.512,0.366,0.37,0,0.274,0.416,0.32,0,0.274
54902,20130425,-93.29,41.56,0.337,0.11,0,0.101,0.374,0.14,0,0.119,0.416,0.28,0,0.22,0.412,-0.97,0.923,0,0.506,0.25,0,0.47,0.355,0.17,0,0.131,0.409,0.1,0,0.131
54902,20130426,-93.29,41.56,0.331,0.02,0,0,0.369,0.05,0,0,0.41,0.13,0,0.077,0.408,-1.12,1,0,0.506,0.23,0,0.393,0.35,0.08,0,0,0.405,-0.02,0,0
54902,20130427,-93.29,41.56,0.326,-0.03,0,0,0.367,0.03,0,0,0.408,0.06,0,0,0.406,-1.23,1,0,0.506,0.22,0,0.345,0.346,0.03,0,0,0.403,-0.09,0,0
54902,20130428,-93.29,41.56,0.321,-0.09,0.006,0,0.365,0.01,0,0,0.406,0.02,0,0,0.405,-1.31,1,0,0.506,0.21,0,0.286,0.343,-0.02,0,0,0.4,-0.15,0.125,0
54902,20130429,-93.29,41.56,0.314,-0.17,0.149,0,0.363,-0.01,0,0,0.404,-0.02,0,0,0.403,-1.39,1,0,0.506,0.2,0,0.25,0.338,-0.08,0.101,0,0.398,-0.23,0.268,0
54902,20130430,-93.29,41.56,0.303,-0.3,0.292,0,0.36,-0.04,0,0,0.402,-0.06,0,0,0.402,-1.47,1,0,0.506,0.21,0,0.25,0.332,-0.18,0.244,0,0.395,-0.33,0.411,0
54902,20130501,-93.29,41.56,0.288,-0.47,0.435,0,0.356,-0.09,0,0,0.4,-0.11,0.006,0,0.4,-1.56,1,0,0.507,0.24,0,0.286,0.322,-0.31,0.387,0,0.39,-0.46,0.554,0
54902,20130502,-93.29,41.56,0.272,-0.66,0.577,0,0.352,-0.16,0.119,0,0.397,-0.17,0.119,0,0.399,-1.64,1,0,0.507,0.26,0,0.345,0.312,-0.46,0.53,0,0.385,-0.62,0.696,0
54902,20130503,-93.29,41.56,0.279,-0.56,0.583,0.137,0.357,-0.03,0.125,0.137,0.403,0.02,0.125,0.131,0.399,-1.63,1,0,0.508,0.29,0,0.423,0.318,-0.34,0.536,0.137,0.389,-0.47,0.702,0.137
54902,20130504,-93.29,41.56,0.288,-0.43,0.583,0.28,0.364,0.11,0.125,0.28,0.409,0.23,0.125,0.274,0.401,-1.55,0.988,0,0.508,0.33,0,0.512,0.326,-0.19,0.536,0.28,0.394,-0.28,0.702,0.28
54902,20130505,-93.29,41.56,0.301,-0.25,0.577,0.423,0.372,0.28,0.125,0.423,0.417,0.47,0.125,0.417,0.407,-1.33,0.857,0.042,0.509,0.38,0,0.601,0.336,0,0.536,0.423,0.401,-0.04,0.577,0.423
54902,20130506,-93.29,41.56,0.313,-0.08,0.435,0.565,0.377,0.4,0.125,0.565,0.422,0.63,0.125,0.56,0.41,-1.2,0.857,0.042,0.51,0.43,0,0.661,0.345,0.16,0.435,0.565,0.406,0.15,0.435,0.565
54902,20130507,-93.29,41.56,0.325,0.09,0.292,0.649,0.381,0.5,0.125,0.708,0.426,0.75,0.125,0.702,0.413,-1.09,0.857,0.042,0.51,0.47,0,0.726,0.353,0.31,0.292,0.708,0.411,0.33,0.292,0.708
54902,20130508,-93.29,41.56,0.338,0.27,0.149,0.649,0.386,0.61,0.125,0.851,0.429,0.86,0.119,0.839,0.415,-0.99,0.857,0.042,0.511,0.52,0,0.821,0.362,0.47,0.149,0.714,0.416,0.51,0.149,0.726
54902,20130509,-93.29,41.56,0.353,0.47,0.006,0.661,0.392,0.74,0.006,0.988,0.434,1,0.006,0.887,0.418,-0.87,0.851,0.042,0.512,0.58,0,0.893,0.373,0.65,0.006,0.726,0.422,0.71,0.006,0.738
54902,20130510,-93.29,41.56,0.352,0.45,0,0.667,0.392,0.74,0,0.994,0.434,0.98,0,0.899,0.421,-0.75,0.821,0.042,0.513,0.62,0,0.946,0.372,0.64,0,0.732,0.422,0.72,0,0.744
54902,20130511,-93.29,41.56,0.348,0.39,0,0.548,0.389,0.68,0,0.994,0.431,0.88,0,0.899,0.421,-0.74,0.833,0.042,0.514,0.63,0,0.97,0.368,0.57,0,0.732,0.421,0.65,0,0.744
54902,20130512,-93.29,41.56,0.338,0.28,0,0.405,0.384,0.59,0,0.994,0.427,0.73,0,0.881,0.417,-0.87,0.964,0,0.514,0.61,0,0.929,0.361,0.45,0,0.589,0.416,0.5,0,0.619
54902,20130513,-93.29,41.56,0.33,0.19,0,0.262,0.381,0.55,0,0.893,0.424,0.64,0,0.738,0.416,-0.93,0.964,0,0.514,0.58,0,0.905,0.356,0.37,0,0.446,0.413,0.41,0,0.476
54902,20130514,-93.29,41.56,0.321,0.08,0.077,0.179,0.378,0.5,0,0.75,0.422,0.57,0,0.595,0.415,-0.98,0.964,0,0.514,0.58,0,0.911,0.35,0.28,0,0.304,0.41,0.32,0,0.333
54902,20130515,-93.29,41.56,0.309,-0.04,0.22,0.179,0.375,0.46,0,0.607,0.419,0.5,0,0.458,0.413,-1.04,0.964,0,0.514,0.55,0,0.875,0.342,0.19,0.077,0.298,0.406,0.22,0.089,0.315
54902,20130516,-93.29,41.56,0.295,-0.17,0.363,0.167,0.37,0.38,0,0.47,0.416,0.39,0,0.411,0.411,-1.12,0.97,0,0.514,0.52,0,0.821,0.333,0.07,0.22,0.286,0.401,0.09,0.232,0.304
54902,20130517,-93.29,41.56,0.275,-0.38,0.491,0.025,0.362,0.25,0,0.337,0.408,0.2,0,0.276,0.407,-1.26,1,0,0.514,0.48,0,0.755,0.319,-0.11,0.344,0.147,0.393,-0.11,0.356,0.166
54902,20130518,-93.29,41.56,0.256,-0.57,0.638,0,0.355,0.13,0,0.19,0.403,0.06,0,0.129,0.404,-1.38,1,0,0.514,0.47,0,0.724,0.305,-0.27,0.491,0,0.386,-0.29,0.503,0.018
54902,20130519,-93.29,41.56,0.239,-0.72,0.785,0,0.348,0.04,0,0.043,0.398,-0.05,0,0,0.401,-1.48,1,0,0.515,0.47,0,0.736,0.294,-0.41,0.638,0,0.38,-0.43,0.65,0
54902,20130520,-93.29,41.56,0.237,-0.74,0.865,0.055,0.346,0,0,0.061,0.397,-0.08,0,0.055,0.398,-1.57,1,0,0.515,0.47,0,0.724,0.291,-0.43,0.718,0.055,0.379,-0.48,0.736,0.043
54902,20130521,-93.29,41.56,0.25,-0.61,0.785,0.172,0.349,0.05,0,0.209,0.399,-0.02,0,0.202,0.396,-1.63,1,0,0.515,0.46,0,0.706,0.299,-0.33,0.718,0.202,0.382,-0.4,0.736,0.104
54902,20130522,-93.29,41.56,0.267,-0.44,0.638,0.276,0.353,0.11,0,0.356,0.403,0.06,0,0.35,0.393,-1.66,1,0,0.516,0.47,0,0.712,0.31,-0.2,0.638,0.337,0.386,-0.29,0.644,0.123
54902,20130523,-93.29,41.56,0.287,-0.23,0.491,0.38,0.358,0.2,0,0.503,0.407,0.16,0,0.491,0.392,-1.66,1,0,0.516,0.49,0,0.748,0.323,-0.04,0.491,0.448,0.392,-0.15,0.497,0.141
54902,20130524,-93.29,41.56,0.305,-0.06,0.363,0.452,0.363,0.27,0,0.631,0.41,0.24,0,0.607,0.39,-1.66,1,0,0.517,0.53,0,0.815,0.334,0.09,0.363,0.542,0.397,-0.03,0.369,0.137
54902,20130525,-93.29,41.56,0.324,0.13,0.22,0.476,0.37,0.37,0,0.744,0.414,0.34,0,0.673,0.389,-1.63,0.982,0.006,0.518,0.58,0,0.845,0.347,0.25,0.22,0.565,0.403,0.11,0.226,0.161
54902,20130526,-93.29,41.56,0.348,0.36,0.077,0.619,0.381,0.51,0,0.887,0.424,0.54,0,0.815,0.395,-1.39,0.839,0.018,0.519,0.63,0,0.881,0.364,0.45,0.077,0.708,0.413,0.33,0.083,0.304
54902,20130527,-93.29,41.56,0.362,0.5,0,0.708,0.388,0.59,0,0.97,0.43,0.66,0,0.905,0.401,-1.17,0.714,0.024,0.52,0.69,0,0.923,0.375,0.57,0,0.798,0.42,0.47,0,0.405
54902,20130528,-93.29,41.56,0.369,0.56,0,0.738,0.394,0.66,0,0.97,0.437,0.76,0,0.905,0.409,-0.88,0.571,0.089,0.522,0.77,0,0.952,0.382,0.63,0,0.798,0.426,0.58,0,0.488
54902,20130529,-93.29,41.56,0.373,0.6,0,0.78,0.398,0.69,0,0.97,0.442,0.84,0,0.905,0.417,-0.63,0.429,0.089,0.523,0.84,0,0.982,0.385,0.67,0,0.81,0.43,0.65,0,0.613
54902,20130530,-93.29,41.56,0.378,0.65,0,0.821,0.403,0.74,0,0.97,0.448,0.94,0,0.911,0.425,-0.37,0.286,0.131,0.525,0.91,0,1,0.39,0.73,0,0.845,0.436,0.74,0,0.738
54902,20130531,-93.29,41.56,0.381,0.68,0,0.881,0.407,0.78,0,0.97,0.453,1.01,0,0.923,0.432,-0.14,0.143,0.131,0.526,0.95,0,1,0.394,0.77,0,0.881,0.44,0.81,0,0.881
54902,20130601,-93.29,41.56,0.383,0.7,0,1,0.409,0.8,0,1,0.456,1.05,0,1,0.438,0.03,0.018,0.125,0.526,0.97,0,1,0.396,0.79,0,1,0.443,0.85,0,1
54902,20130602,-93.29,41.56,0.379,0.67,0,0.94,0.407,0.76,0,1,0.454,0.98,0,1,0.436,0.01,0.018,0.113,0.527,0.99,0,1,0.393,0.76,0,1,0.441,0.81,0,1
54902,20130603,-93.29,41.56,0.374,0.62,0,0.798,0.405,0.73,0,1,0.451,0.93,0,1,0.435,-0.01,0.012,0.107,0.528,0.99,0,1,0.389,0.72,0,0.958,0.438,0.76,0,0.952
54902,20130604,-93.29,41.56,0.362,0.52,0,0.655,0.398,0.65,0,0.994,0.446,0.82,0,1,0.431,-0.12,0.095,0.042,0.529,0.99,0,1,0.38,0.63,0,0.815,0.433,0.65,0,0.81
54902,20130605,-93.29,41.56,0.358,0.49,0,0.548,0.396,0.62,0,0.982,0.443,0.76,0,1,0.429,-0.16,0.167,0.042,0.529,0.96,0,1,0.377,0.6,0,0.738,0.431,0.6,0,0.708
54902,20130606,-93.29,41.56,0.357,0.47,0,0.548,0.395,0.6,0,0.982,0.442,0.72,0,1,0.427,-0.2,0.167,0,0.529,0.92,0,1,0.376,0.58,0,0.738,0.43,0.57,0,0.708
54902,20130607,-93.29,41.56,0.356,0.46,0,0.548,0.394,0.59,0,0.982,0.441,0.69,0,1,0.425,-0.23,0.167,0,0.529,0.88,0,1,0.375,0.56,0,0.738,0.429,0.54,0,0.708
54902,20130608,-93.29,41.56,0.355,0.45,0,0.524,0.393,0.59,0,0.982,0.44,0.67,0,1,0.424,-0.24,0.167,0,0.529,0.84,0,1,0.374,0.55,0,0.738,0.428,0.52,0,0.708
54902,20130609,-93.29,41.56,0.353,0.44,0,0.458,0.393,0.58,0,0.982,0.439,0.65,0,1,0.423,-0.25,0.167,0,0.529,0.79,0,1,0.373,0.54,0,0.726,0.428,0.51,0,0.679
54902,20130610,-93.29,41.56,0.358,0.48,0,0.595,0.393,0.6,0,0.982,0.44,0.64,0,1,0.423,-0.25,0.155,0,0.53,0.76,0,1,0.376,0.56,0,0.768,0.429,0.52,0,0.726
54902,20130611,-93.29,41.56,0.364,0.53,0,0.732,0.395,0.61,0,0.988,0.441,0.64,0,1,0.422,-0.25,0.071,0,0.53,0.73,0,1,0.379,0.59,0,0.911,0.43,0.54,0,0.869
54902,20130612,-93.29,41.56,0.364,0.52,0,0.732,0.394,0.61,0,1,0.44,0.62,0,1,0.421,-0.25,0,0,0.53,0.71,0,1,0.379,0.58,0,0.988,0.43,0.53,0,0.881
54902,20130613,-93.29,41.56,0.359,0.48,0,0.589,0.391,0.57,0,1,0.436,0.57,0,1,0.418,-0.29,0,0,0.53,0.69,0,1,0.375,0.54,0,0.905,0.427,0.48,0,0.738
54902,20130614,-93.29,41.56,0.353,0.43,0,0.446,0.388,0.54,0,0.875,0.434,0.52,0,0.994,0.416,-0.32,0.006,0,0.531,0.68,0,1,0.371,0.5,0,0.762,0.424,0.44,0,0.595
54902,20130615,-93.29,41.56,0.357,0.46,0,0.405,0.39,0.55,0,0.81,0.435,0.52,0,0.976,0.416,-0.3,0.012,0.03,0.531,0.67,0,1,0.373,0.52,0,0.696,0.426,0.45,0,0.53
54902,20130616,-93.29,41.56,0.364,0.51,0,0.53,0.393,0.57,0,0.81,0.439,0.54,0,0.976,0.419,-0.24,0.012,0.03,0.532,0.68,0,1,0.378,0.56,0,0.708,0.429,0.49,0,0.56
54902,20130617,-93.29,41.56,0.363,0.51,0,0.536,0.394,0.56,0,0.81,0.44,0.54,0,0.976,0.421,-0.2,0.012,0.03,0.532,0.69,0,1,0.379,0.56,0,0.708,0.43,0.5,0,0.56
54902,20130618,-93.29,41.56,0.361,0.5,0,0.476,0.393,0.55,0,0.81,0.44,0.53,0,0.976,0.422,-0.17,0.012,0.03,0.533,0.69,0,1,0.377,0.55,0,0.702,0.43,0.5,0,0.548
54902,20130619,-93.29,41.56,0.358,0.48,0,0.44,0.393,0.54,0,0.744,0.439,0.52,0,0.976,0.422,-0.14,0.012,0.03,0.533,0.69,0,1,0.375,0.53,0,0.583,0.429,0.49,0,0.494
54902,20130620,-93.29,41.56,0.353,0.45,0,0.44,0.391,0.52,0,0.601,0.439,0.5,0,0.887,0.423,-0.12,0.012,0.03,0.534,0.7,0,1,0.372,0.51,0,0.524,0.428,0.48,0,0.494
54902,20130621,-93.29,41.56,0.347,0.42,0,0.44,0.389,0.5,0,0.583,0.438,0.49,0,0.75,0.423,-0.1,0.006,0.03,0.535,0.7,0,1,0.368,0.48,0,0.524,0.426,0.47,0,0.494
54902,20130622,-93.29,41.56,0.332,0.3,0,0.363,0.382,0.43,0,0.506,0.433,0.45,0,0.625,0.42,-0.14,0,0,0.535,0.71,0,1,0.357,0.38,0,0.446,0.42,0.4,0,0.417
54902,20130623,-93.29,41.56,0.312,0.16,0,0.22,0.372,0.34,0,0.363,0.426,0.38,0,0.482,0.415,-0.21,0,0,0.535,0.7,0,1,0.342,0.25,0,0.304,0.412,0.31,0,0.274
54902,20130624,-93.29,41.56,0.304,0.1,0,0.125,0.364,0.27,0,0.22,0.421,0.34,0,0.339,0.41,-0.26,0,0,0.535,0.69,0,1,0.334,0.19,0,0.173,0.407,0.25,0,0.131
54902,20130625,-93.29,41.56,0.31,0.15,0,0.161,0.362,0.25,0,0.083,0.418,0.32,0,0.196,0.406,-0.31,0,0,0.536,0.69,0,1,0.336,0.2,0,0.149,0.407,0.24,0,0.024
54902,20130626,-93.29,41.56,0.317,0.2,0,0.304,0.361,0.23,0,0.006,0.416,0.31,0,0.054,0.403,-0.34,0,0,0.536,0.7,0,1,0.339,0.22,0,0.256,0.407,0.25,0,0.024
54902,20130627,-93.29,41.56,0.323,0.24,0,0.369,0.36,0.22,0,0.006,0.414,0.3,0,0,0.399,-0.37,0.006,0,0.537,0.7,0,1,0.342,0.23,0,0.256,0.407,0.25,0,0.024
54902,20130628,-93.29,41.56,0.33,0.29,0,0.369,0.36,0.22,0,0.006,0.412,0.29,0,0,0.395,-0.4,0.036,0,0.537,0.71,0,1,0.345,0.26,0,0.256,0.407,0.26,0,0.024
54902,20130629,-93.29,41.56,0.336,0.33,0,0.369,0.36,0.22,0,0.006,0.41,0.28,0,0,0.39,-0.43,0.155,0,0.538,0.71,0,1,0.348,0.27,0,0.256,0.407,0.26,0,0.024
54902,20130630,-93.29,41.56,0.339,0.35,0,0.369,0.36,0.22,0,0.006,0.408,0.27,0,0,0.385,-0.46,0.298,0,0.538,0.71,0,1,0.349,0.29,0,0.256,0.406,0.26,0,0.024
54902,20130701,-93.29,41.56,0.332,0.3,0,0.321,0.358,0.21,0,0.006,0.405,0.25,0,0,0.38,-0.49,0.44,0,0.538,0.7,0,1,0.345,0.25,0,0.244,0.403,0.24,0,0.024
54902,20130702,-93.29,41.56,0.312,0.14,0.006,0.208,0.35,0.15,0,0,0.399,0.21,0,0,0.373,-0.53,0.583,0,0.537,0.69,0,1,0.331,0.14,0,0.131,0.394,0.16,0,0
54902,20130703,-93.29,41.56,0.292,-0.01,0.149,0.065,0.341,0.08,0,0,0.393,0.16,0,0,0.366,-0.58,0.726,0,0.537,0.67,0,1,0.316,0.02,0,0,0.386,0.08,0,0
54902,20130704,-93.29,41.56,0.275,-0.14,0.292,0,0.331,0.01,0,0,0.386,0.12,0,0,0.358,-0.62,0.863,0,0.536,0.64,0,1,0.303,-0.08,0.042,0,0.377,0.01,0,0
54902,20130705,-93.29,41.56,0.259,-0.26,0.435,0,0.322,-0.05,0,0,0.378,0.07,0,0,0.349,-0.67,0.976,0,0.536,0.62,0,1,0.29,-0.18,0.185,0,0.369,-0.06,0,0
54902,20130706,-93.29,41.56,0.245,-0.35,0.577,0,0.312,-0.12,0.024,0,0.37,0.02,0,0,0.34,-0.72,1,0,0.535,0.6,0,1,0.279,-0.27,0.327,0,0.36,-0.13,0,0
54902,20130707,-93.29,41.56,0.234,-0.43,0.72,0,0.302,-0.19,0.161,0,0.36,-0.04,0,0,0.331,-0.77,1,0,0.534,0.57,0,0.988,0.268,-0.34,0.47,0,0.352,-0.2,0.131,0
54902,20130708,-93.29,41.56,0.224,-0.5,0.863,0,0.291,-0.27,0.304,0,0.35,-0.1,0.054,0,0.321,-0.83,1,0,0.532,0.54,0,0.97,0.257,-0.42,0.613,0,0.343,-0.27,0.274,0
54902,20130709,-93.29,41.56,0.215,-0.55,1,0,0.281,-0.34,0.446,0,0.34,-0.16,0.196,0,0.312,-0.88,1,0,0.53,0.51,0,0.946,0.248,-0.48,0.756,0,0.336,-0.33,0.417,0
54902,20130710,-93.29,41.56,0.209,-0.59,1,0,0.273,-0.4,0.589,0,0.33,-0.21,0.339,0,0.305,-0.93,1,0,0.528,0.47,0,0.887,0.241,-0.52,0.899,0,0.329,-0.38,0.56,0
54902,20130711,-93.29,41.56,0.204,-0.62,1,0,0.265,-0.45,0.732,0,0.321,-0.27,0.482,0,0.297,-0.97,1,0,0.526,0.44,0,0.786,0.235,-0.56,1,0,0.323,-0.43,0.702,0
54902,20130712,-93.29,41.56,0.199,-0.65,1,0,0.257,-0.51,0.875,0,0.311,-0.32,0.625,0,0.29,-1.02,1,0,0.524,0.4,0,0.667,0.228,-0.6,1,0,0.316,-0.48,0.845,0
54902,20130713,-93.29,41.56,0.195,-0.67,1,0,0.251,-0.56,0.994,0,0.303,-0.37,0.768,0,0.284,-1.05,1,0,0.521,0.36,0,0.53,0.223,-0.63,1,0,0.311,-0.53,0.988,0
54902,20130714,-93.29,41.56,0.192,-0.68,1,0,0.244,-0.59,1,0,0.295,-0.41,0.911,0,0.279,-1.08,1,0,0.518,0.33,0,0.399,0.218,-0.66,1,0,0.306,-0.56,1,0
54902,20130715,-93.29,41.56,0.19,-0.69,1,0,0.239,-0.62,1,0,0.288,-0.44,1,0,0.274,-1.1,1,0,0.516,0.3,0,0.274,0.215,-0.67,1,0,0.302,-0.59,1,0
54902,20130716,-93.29,41.56,0.188,-0.69,1,0,0.235,-0.65,1,0,0.281,-0.47,1,0,0.269,-1.11,1,0,0.514,0.27,0,0.155,0.211,-0.68,1,0,0.297,-0.62,1,0
54902,20130717,-93.29,41.56,0.185,-0.7,1,0,0.229,-0.67,1,0,0.275,-0.5,1,0,0.264,-1.13,1,0,0.511,0.24,0,0.071,0.207,-0.69,1,0,0.293,-0.65,1,0
54902,20130718,-93.29,41.56,0.183,-0.7,1,0,0.225,-0.69,1,0,0.269,-0.53,1,0,0.26,-1.15,1,0,0.508,0.2,0,0.03,0.204,-0.7,1,0,0.289,-0.68,1,0
54902,20130719,-93.29,41.56,0.181,-0.69,1,0,0.221,-0.71,1,0,0.264,-0.55,1,0,0.255,-1.16,1,0,0.504,0.17,0,0.006,0.201,-0.71,1,0,0.285,-0.7,1,0
54902,20130720,-93.29,41.56,0.178,-0.68,1,0,0.217,-0.72,1,0,0.26,-0.56,1,0,0.252,-1.16,1,0,0.5,0.13,0,0,0.198,-0.71,1,0,0.281,-0.71,1,0
54902,20130721,-93.29,41.56,0.176,-0.67,1,0,0.214,-0.73,1,0,0.256,-0.57,1,0,0.248,-1.15,1,0,0.497,0.1,0,0,0.195,-0.71,1,0,0.278,-0.73,1,0
54902,20130722,-93.29,41.56,0.174,-0.66,1,0,0.211,-0.74,1,0,0.253,-0.58,1,0,0.246,-1.14,1,0,0.493,0.06,0,0,0.193,-0.71,1,0,0.275,-0.74,1,0
54902,20130723,-93.29,41.56,0.173,-0.65,1,0,0.208,-0.74,1,0,0.25,-0.58,1,0,0.243,-1.13,1,0,0.49,0.03,0,0,0.191,-0.71,1,0,0.273,-0.75,1,0
54902,20130724,-93.29,41.56,0.171,-0.64,1,0,0.206,-0.75,1,0,0.248,-0.58,1,0,0.241,-1.12,1,0,0.486,0.01,0,0,0.189,-0.71,1,0,0.271,-0.76,1,0
54902,20130725,-93.29,41.56,0.169,-0.64,1,0,0.204,-0.77,1,0,0.246,-0.59,1,0,0.239,-1.11,1,0,0.483,-0.02,0,0,0.187,-0.72,1,0,0.268,-0.76,1,0
54902,20130726,-93.29,41.56,0.169,-0.63,0.97,0,0.204,-0.76,0.97,0,0.244,-0.59,1,0,0.238,-1.09,1,0,0.48,-0.04,0,0,0.187,-0.71,0.97,0,0.267,-0.76,1,0
54902,20130727,-93.29,41.56,0.172,-0.6,0.964,0,0.209,-0.71,0.923,0,0.243,-0.58,1,0,0.238,-1.07,1,0,0.477,-0.06,0,0,0.191,-0.67,0.958,0,0.268,-0.73,1,0
54902,20130728,-93.29,41.56,0.174,-0.57,0.964,0,0.213,-0.67,0.923,0,0.243,-0.57,1,0,0.238,-1.06,1,0,0.475,-0.07,0,0,0.193,-0.64,0.958,0,0.268,-0.71,1,0
54902,20130729,-93.29,41.56,0.174,-0.56,0.964,0,0.215,-0.65,0.923,0,0.242,-0.57,1,0,0.237,-1.05,1,0,0.472,-0.08,0,0,0.195,-0.62,0.958,0,0.268,-0.7,1,0
54902,20130730,-93.29,41.56,0.174,-0.56,0.964,0,0.216,-0.63,0.923,0,0.241,-0.58,1,0,0.237,-1.05,1,0,0.47,-0.09,0,0,0.195,-0.61,0.958,0,0.268,-0.7,1,0
54902,20130731,-93.29,41.56,0.175,-0.55,0.964,0,0.218,-0.6,0.923,0,0.24,-0.58,1,0,0.236,-1.04,1,0,0.468,-0.1,0,0,0.196,-0.59,0.958,0,0.268,-0.68,1,0
54902,20130801,-93.29,41.56,0.175,-0.53,0.964,0,0.221,-0.56,0.923,0,0.24,-0.58,1,0,0.236,-1.03,1,0,0.466,-0.1,0,0,0.198,-0.56,0.958,0,0.268,-0.66,1,0
54902,20130802,-93.29,41.56,0.175,-0.53,0.994,0,0.221,-0.55,0.952,0,0.239,-0.58,1,0,0.236,-1.02,1,0,0.465,-0.09,0,0,0.198,-0.55,0.988,0,0.267,-0.65,1,0
54902,20130803,-93.29,41.56,0.172,-0.55,1,0,0.216,-0.59,1,0,0.238,-0.58,1,0,0.235,-1.02,1,0,0.463,-0.09,0,0,0.194,-0.58,1,0,0.265,-0.66,1,0
54902,20130804,-93.29,41.56,0.17,-0.56,1,0,0.213,-0.61,1,0,0.238,-0.57,1,0,0.234,-1.02,1,0,0.462,-0.08,0,0,0.191,-0.59,1,0,0.263,-0.65,1,0
54902,20130805,-93.29,41.56,0.169,-0.55,1,0,0.21,-0.62,1,0,0.237,-0.55,1,0,0.234,-1.01,1,0,0.46,-0.08,0,0,0.189,-0.59,1,0,0.262,-0.64,1,0
54902,20130806,-93.29,41.56,0.168,-0.54,1,0,0.209,-0.62,1,0,0.237,-0.53,1,0,0.233,-1.01,1,0,0.458,-0.09,0,0,0.188,-0.58,1,0,0.261,-0.62,1,0
54902,20130807,-93.29,41.56,0.171,-0.5,0.935,0,0.209,-0.6,0.935,0,0.24,-0.47,0.935,0,0.233,-1.01,1,0,0.455,-0.09,0,0,0.19,-0.55,0.935,0,0.262,-0.59,0.935,0
54902,20130808,-93.29,41.56,0.175,-0.44,0.792,0,0.212,-0.56,0.827,0,0.246,-0.39,0.792,0,0.233,-1,1,0,0.453,-0.1,0,0,0.194,-0.5,0.792,0,0.264,-0.55,0.905,0
54902,20130809,-93.29,41.56,0.178,-0.4,0.655,0,0.213,-0.53,0.827,0,0.25,-0.33,0.649,0,0.232,-1,1,0,0.45,-0.12,0,0,0.196,-0.47,0.714,0,0.265,-0.52,0.905,0
54902,20130810,-93.29,41.56,0.179,-0.37,0.631,0,0.214,-0.51,0.827,0,0.253,-0.29,0.506,0,0.232,-1,1,0,0.448,-0.13,0,0,0.197,-0.45,0.714,0,0.265,-0.5,0.905,0
54902,20130811,-93.29,41.56,0.18,-0.35,0.631,0,0.215,-0.5,0.827,0,0.254,-0.27,0.363,0,0.232,-0.99,1,0,0.446,-0.14,0,0,0.198,-0.44,0.714,0,0.265,-0.48,0.905,0
54902,20130812,-93.29,41.56,0.181,-0.33,0.631,0,0.215,-0.48,0.827,0,0.254,-0.25,0.286,0,0.232,-0.98,1,0,0.444,-0.16,0,0,0.198,-0.44,0.714,0,0.265,-0.47,0.905,0
54902,20130813,-93.29,41.56,0.181,-0.32,0.631,0,0.216,-0.47,0.827,0,0.254,-0.25,0.286,0,0.232,-0.97,1,0,0.442,-0.17,0.012,0,0.198,-0.43,0.714,0,0.265,-0.46,0.905,0
54902,20130814,-93.29,41.56,0.176,-0.35,0.696,0,0.212,-0.49,0.893,0,0.249,-0.29,0.351,0,0.232,-0.95,1,0,0.441,-0.19,0.065,0,0.194,-0.47,0.78,0,0.262,-0.48,0.97,0
54902,20130815,-93.29,41.56,0.169,-0.41,0.839,0,0.206,-0.54,1,0,0.241,-0.36,0.494,0,0.231,-0.94,1,0,0.439,-0.21,0.131,0,0.188,-0.52,0.923,0,0.257,-0.52,1,0
54902,20130816,-93.29,41.56,0.164,-0.45,0.976,0,0.202,-0.56,1,0,0.236,-0.42,0.637,0,0.23,-0.93,1,0,0.437,-0.24,0.25,0,0.183,-0.56,1,0,0.254,-0.55,1,0
54902,20130817,-93.29,41.56,0.16,-0.48,1,0,0.199,-0.58,1,0,0.231,-0.47,0.78,0,0.229,-0.91,1,0,0.434,-0.27,0.393,0,0.179,-0.59,1,0,0.251,-0.58,1,0
54902,20130818,-93.29,41.56,0.157,-0.51,1,0,0.196,-0.6,1,0,0.227,-0.51,0.923,0,0.228,-0.9,1,0,0.432,-0.31,0.536,0,0.177,-0.61,1,0,0.248,-0.6,1,0
54902,20130819,-93.29,41.56,0.155,-0.53,1,0,0.194,-0.61,1,0,0.225,-0.54,1,0,0.227,-0.89,1,0,0.43,-0.36,0.679,0,0.175,-0.63,1,0,0.246,-0.62,1,0
54902,20130820,-93.29,41.56,0.154,-0.55,1,0,0.192,-0.62,1,0,0.223,-0.56,1,0,0.226,-0.89,1,0,0.428,-0.41,0.81,0,0.173,-0.65,1,0,0.245,-0.64,1,0
54902,20130821,-93.29,41.56,0.153,-0.57,1,0,0.191,-0.63,1,0,0.221,-0.59,1,0,0.225,-0.88,1,0,0.426,-0.46,0.899,0,0.172,-0.66,1,0,0.243,-0.67,1,0
54902,20130822,-93.29,41.56,0.152,-0.59,1,0,0.19,-0.64,1,0,0.22,-0.61,1,0,0.225,-0.88,1,0,0.423,-0.52,0.976,0,0.171,-0.67,1,0,0.242,-0.71,1,0
54902,20130823,-93.29,41.56,0.151,-0.6,1,0,0.189,-0.65,1,0,0.219,-0.63,1,0,0.224,-0.88,1,0,0.421,-0.58,1,0,0.17,-0.68,1,0,0.241,-0.75,1,0
54902,20130824,-93.29,41.56,0.151,-0.62,1,0,0.189,-0.66,1,0,0.219,-0.66,1,0,0.223,-0.88,1,0,0.418,-0.63,1,0,0.17,-0.69,1,0,0.24,-0.79,1,0
54902,20130825,-93.29,41.56,0.151,-0.63,1,0,0.188,-0.66,1,0,0.219,-0.68,1,0,0.223,-0.88,1,0,0.416,-0.67,1,0,0.17,-0.7,1,0,0.239,-0.82,1,0
54902,20130826,-93.29,41.56,0.15,-0.64,1,0,0.188,-0.66,1,0,0.218,-0.7,1,0,0.223,-0.88,1,0,0.414,-0.71,1,0,0.169,-0.7,1,0,0.239,-0.86,1,0
54902,20130827,-93.29,41.56,0.15,-0.65,1,0,0.188,-0.66,1,0,0.218,-0.72,1,0,0.223,-0.89,1,0,0.412,-0.74,1,0,0.169,-0.71,1,0,0.238,-0.89,1,0
54902,20130828,-93.29,41.56,0.15,-0.66,1,0,0.187,-0.66,1,0,0.218,-0.74,1,0,0.222,-0.91,1,0,0.41,-0.76,1,0,0.169,-0.71,1,0,0.238,-0.91,1,0
54902,20130829,-93.29,41.56,0.149,-0.67,1,0,0.187,-0.66,1,0,0.218,-0.75,1,0,0.222,-0.97,1,0,0.409,-0.79,1,0,0.168,-0.71,1,0,0.237,-0.92,1,0
54902,20130830,-93.29,41.56,0.149,-0.67,1,0,0.186,-0.67,1,0,0.217,-0.76,1,0,0.222,-1.02,1,0,0.407,-0.81,1,0,0.167,-0.71,1,0,0.236,-0.92,1,0
54902,20130831,-93.29,41.56,0.148,-0.68,1,0,0.185,-0.67,1,0,0.217,-0.77,1,0,0.222,-1.08,1,0,0.405,-0.83,1,0,0.167,-0.71,1,0,0.235,-0.93,1,0
54902,20130901,-93.29,41.56,0.147,-0.69,1,0,0.185,-0.67,1,0,0.216,-0.78,1,0,0.221,-1.14,1,0,0.403,-0.86,1,0,0.166,-0.72,1,0,0.235,-0.93,1,0
54902,20130902,-93.29,41.56,0.146,-0.7,1,0,0.184,-0.68,1,0,0.216,-0.79,1,0,0.221,-1.19,1,0,0.402,-0.89,1,0,0.165,-0.72,1,0,0.234,-0.94,1,0
54902,20130903,-93.29,41.56,0.145,-0.71,1,0,0.182,-0.69,1,0,0.215,-0.81,1,0,0.22,-1.24,1,0,0.4,-0.92,1,0,0.163,-0.73,1,0,0.232,-0.95,1,0
54902,20130904,-93.29,41.56,0.143,-0.72,1,0,0.181,-0.71,1,0,0.213,-0.82,1,0,0.22,-1.28,1,0,0.398,-0.94,1,0,0.162,-0.74,1,0,0.231,-0.96,1,0
54902,20130905,-93.29,41.56,0.142,-0.74,1,0,0.179,-0.72,1,0,0.212,-0.84,1,0,0.219,-1.3,1,0,0.397,-0.97,1,0,0.161,-0.75,1,0,0.23,-0.97,1,0
54902,20130906,-93.29,41.56,0.141,-0.75,1,0,0.178,-0.73,1,0,0.211,-0.85,1,0,0.218,-1.3,1,0,0.395,-0.99,1,0,0.16,-0.75,1,0,0.229,-0.98,1,0
54902,20130907,-93.29,41.56,0.14,-0.76,1,0,0.177,-0.74,1,0,0.21,-0.87,1,0,0.217,-1.31,1,0,0.394,-1.01,1,0,0.159,-0.76,1,0,0.228,-0.99,1,0
54902,20130908,-93.29,41.56,0.139,-0.76,1,0,0.176,-0.75,1,0,0.209,-0.88,1,0,0.216,-1.32,1,0,0.393,-1.03,1,0,0.158,-0.76,1,0,0.227,-1,1,0
54902,20130909,-93.29,41.56,0.139,-0.77,1,0,0.175,-0.77,1,0,0.208,-0.89,1,0,0.216,-1.32,1,0,0.392,-1.04,1,0,0.157,-0.76,1,0,0.226,-1,1,0
54902,20130910,-93.29,41.56,0.138,-0.77,1,0,0.174,-0.77,1,0,0.207,-0.9,1,0,0.215,-1.32,1,0,0.391,-1.05,1,0,0.156,-0.77,1,0,0.225,-1,1,0
54902,20130911,-93.29,41.56,0.138,-0.76,1,0,0.174,-0.78,1,0,0.207,-0.91,1,0,0.215,-1.32,1,0,0.389,-1.07,1,0,0.156,-0.77,1,0,0.225,-1,1,0
54902,20130912,-93.29,41.56,0.138,-0.76,1,0,0.173,-0.79,1,0,0.207,-0.91,1,0,0.215,-1.31,1,0,0.388,-1.07,1,0,0.156,-0.77,1,0,0.224,-1,1,0
54902,20130913,-93.29,41.56,0.137,-0.76,1,0,0.172,-0.8,1,0,0.206,-0.91,1,0,0.215,-1.31,1,0,0.387,-1.08,1,0,0.155,-0.78,1,0,0.223,-1,1,0
54902,20130914,-93.29,41.56,0.136,-0.77,1,0,0.171,-0.82,1,0,0.205,-0.92,1,0,0.214,-1.3,1,0,0.386,-1.08,1,0,0.153,-0.79,1,0,0.222,-1,1,0
54902,20130915,-93.29,41.56,0.134,-0.77,1,0,0.169,-0.83,1,0,0.204,-0.93,1,0,0.213,-1.3,1,0,0.386,-1.08,1,0,0.152,-0.79,1,0,0.221,-1,1,0
54902,20130916,-93.29,41.56,0.133,-0.77,1,0,0.169,-0.84,1,0,0.203,-0.94,1,0,0.213,-1.29,1,0,0.384,-1.08,1,0,0.151,-0.8,1,0,0.22,-1,1,0
54902,20130917,-93.29,41.56,0.132,-0.77,1,0,0.168,-0.85,1,0,0.201,-0.94,1,0,0.212,-1.29,1,0,0.383,-1.08,1,0,0.15,-0.8,1,0,0.219,-0.99,1,0
54902,20130918,-93.29,41.56,0.134,-0.74,1,0,0.175,-0.8,0.905,0,0.209,-0.9,0.982,0,0.218,-1.23,1,0,0.382,-1.08,1,0,0.155,-0.76,1,0,0.224,-0.95,1,0
54902,20130919,-93.29,41.56,0.138,-0.71,1,0,0.181,-0.76,0.839,0,0.214,-0.86,0.982,0,0.221,-1.19,1,0,0.381,-1.08,1,0,0.159,-0.72,1,0,0.227,-0.91,1,0
54902,20130920,-93.29,41.56,0.15,-0.62,0.911,0,0.196,-0.66,0.75,0,0.224,-0.8,0.893,0,0.231,-1.11,0.94,0,0.381,-1.08,1,0,0.173,-0.63,0.911,0,0.236,-0.84,0.911,0
54902,20130921,-93.29,41.56,0.165,-0.51,0.768,0,0.213,-0.55,0.607,0,0.235,-0.73,0.75,0,0.242,-1.02,0.94,0,0.38,-1.08,1,0,0.189,-0.52,0.768,0,0.247,-0.75,0.768,0
54902,20130922,-93.29,41.56,0.178,-0.42,0.625,0,0.229,-0.44,0.464,0,0.245,-0.66,0.655,0,0.251,-0.95,0.94,0,0.379,-1.08,1,0,0.203,-0.42,0.625,0,0.256,-0.67,0.631,0
54902,20130923,-93.29,41.56,0.189,-0.34,0.482,0,0.242,-0.35,0.321,0,0.253,-0.6,0.655,0,0.259,-0.88,0.94,0,0.379,-1.08,1,0,0.216,-0.34,0.482,0,0.265,-0.61,0.619,0
54902,20130924,-93.29,41.56,0.199,-0.27,0.339,0,0.254,-0.27,0.179,0,0.261,-0.55,0.655,0,0.266,-0.83,0.94,0,0.379,-1.08,1,0,0.227,-0.26,0.339,0,0.272,-0.55,0.619,0
54902,20130925,-93.29,41.56,0.204,-0.23,0.298,0,0.258,-0.25,0.131,0,0.26,-0.56,0.673,0,0.267,-0.82,0.94,0,0.379,-1.08,1,0,0.231,-0.23,0.196,0,0.274,-0.53,0.619,0
54902,20130926,-93.29,41.56,0.207,-0.21,0.298,0,0.262,-0.23,0.054,0,0.26,-0.56,0.673,0,0.269,-0.8,0.94,0,0.379,-1.08,1,0,0.235,-0.21,0.054,0,0.275,-0.52,0.619,0
54902,20130927,-93.29,41.56,0.2,-0.25,0.387,0,0.256,-0.28,0,0,0.255,-0.59,0.762,0,0.265,-0.82,1,0,0.379,-1.08,1,0,0.228,-0.25,0.089,0,0.271,-0.55,0.708,0
54902,20130928,-93.29,41.56,0.19,-0.32,0.53,0,0.247,-0.34,0.012,0,0.248,-0.63,0.905,0,0.259,-0.85,1,0,0.379,-1.08,1,0,0.219,-0.31,0.232,0,0.265,-0.59,0.851,0
54902,20130929,-93.29,41.56,0.183,-0.36,0.673,0,0.239,-0.4,0.065,0,0.243,-0.66,1,0,0.256,-0.87,1,0,0.379,-1.08,1,0,0.211,-0.37,0.375,0,0.26,-0.63,0.988,0
54902,20130930,-93.29,41.56,0.176,-0.41,0.815,0,0.232,-0.45,0.208,0,0.239,-0.69,1,0,0.254,-0.88,1,0,0.379,-1.08,1,0,0.204,-0.41,0.518,0,0.256,-0.66,1,0
54902,20131001,-93.29,41.56,0.17,-0.44,0.958,0,0.225,-0.49,0.351,0,0.234,-0.72,1,0,0.251,-0.89,1,0,0.379,-1.08,1,0,0.198,-0.45,0.661,0,0.252,-0.69,1,0
54902,20131002,-93.29,41.56,0.165,-0.46,1,0,0.219,-0.53,0.494,0,0.231,-0.75,1,0,0.249,-0.9,1,0,0.378,-1.09,1,0,0.192,-0.48,0.804,0,0.249,-0.71,1,0
54902,20131003,-93.29,41.56,0.162,-0.48,1,0,0.214,-0.56,0.637,0,0.227,-0.77,1,0,0.247,-0.91,1,0,0.378,-1.09,1,0,0.188,-0.5,0.946,0,0.246,-0.74,1,0
54902,20131004,-93.29,41.56,0.16,-0.49,0.994,0,0.21,-0.57,0.756,0,0.225,-0.79,1,0,0.245,-0.91,1,0,0.378,-1.09,1,0,0.185,-0.52,0.976,0,0.244,-0.75,1,0
54902,20131005,-93.29,41.56,0.174,-0.4,0.851,0,0.222,-0.49,0.744,0,0.238,-0.71,0.857,0,0.258,-0.82,0.863,0,0.386,-1.01,0.863,0,0.198,-0.43,0.833,0,0.256,-0.66,0.857,0
54902,20131006,-93.29,41.56,0.187,-0.32,0.708,0,0.233,-0.43,0.69,0,0.25,-0.64,0.714,0,0.268,-0.75,0.72,0,0.394,-0.93,0.72,0,0.21,-0.36,0.69,0,0.267,-0.59,0.714,0
54902,20131007,-93.29,41.56,0.199,-0.25,0.565,0,0.243,-0.37,0.548,0,0.261,-0.57,0.571,0,0.278,-0.68,0.577,0,0.402,-0.85,0.583,0,0.221,-0.29,0.548,0,0.276,-0.52,0.571,0
54902,20131008,-93.29,41.56,0.21,-0.18,0.423,0,0.253,-0.31,0.405,0,0.272,-0.51,0.429,0,0.287,-0.62,0.435,0,0.41,-0.78,0.476,0,0.231,-0.23,0.405,0,0.286,-0.45,0.429,0
54902,20131009,-93.29,41.56,0.219,-0.13,0.28,0,0.262,-0.26,0.262,0,0.282,-0.45,0.286,0,0.296,-0.57,0.381,0,0.417,-0.71,0.476,0,0.241,-0.17,0.262,0,0.295,-0.39,0.286,0
54902,20131010,-93.29,41.56,0.228,-0.08,0.137,0,0.271,-0.21,0.119,0,0.291,-0.39,0.143,0,0.304,-0.51,0.381,0,0.424,-0.64,0.476,0,0.249,-0.12,0.119,0,0.304,-0.33,0.143,0
54902,20131011,-93.29,41.56,0.235,-0.04,0,0,0.278,-0.17,0,0,0.3,-0.34,0,0,0.311,-0.46,0.381,0,0.431,-0.59,0.476,0,0.257,-0.08,0,0,0.311,-0.29,0,0
54902,20131012,-93.29,41.56,0.225,-0.1,0,0,0.271,-0.22,0,0,0.292,-0.39,0,0,0.304,-0.52,0.518,0,0.429,-0.62,0.613,0,0.248,-0.15,0,0,0.304,-0.34,0,0
54902,20131013,-93.29,41.56,0.217,-0.16,0,0,0.264,-0.27,0,0,0.286,-0.44,0,0,0.299,-0.56,0.661,0,0.428,-0.65,0.756,0,0.24,-0.2,0,0,0.299,-0.39,0.065,0
54902,20131014,-93.29,41.56,0.209,-0.22,0.119,0,0.258,-0.31,0,0,0.28,-0.49,0.101,0,0.294,-0.6,0.804,0,0.426,-0.69,0.893,0,0.233,-0.26,0,0,0.293,-0.43,0.208,0
54902,20131015,-93.29,41.56,0.202,-0.28,0.226,0,0.253,-0.36,0,0,0.274,-0.53,0.244,0,0.29,-0.64,0.946,0,0.424,-0.74,1,0,0.227,-0.31,0.042,0,0.289,-0.48,0.351,0
54902,20131016,-93.29,41.56,0.198,-0.32,0.232,0,0.248,-0.39,0,0,0.269,-0.58,0.387,0,0.287,-0.67,1,0,0.422,-0.79,1,0,0.223,-0.35,0.042,0,0.285,-0.51,0.494,0
54902,20131017,-93.29,41.56,0.196,-0.35,0.369,0,0.244,-0.43,0,0,0.264,-0.61,0.53,0,0.284,-0.72,1,0,0.421,-0.85,1,0,0.22,-0.38,0.042,0,0.282,-0.55,0.637,0
54902,20131018,-93.29,41.56,0.194,-0.39,0.512,0,0.241,-0.46,0.006,0,0.26,-0.65,0.673,0,0.282,-0.76,1,0,0.419,-0.91,1,0,0.217,-0.4,0.095,0,0.279,-0.58,0.78,0
54902,20131019,-93.29,41.56,0.193,-0.42,0.655,0,0.237,-0.49,0.095,0,0.257,-0.68,0.815,0,0.279,-0.8,1,0,0.417,-0.96,1,0,0.215,-0.43,0.238,0,0.277,-0.61,0.923,0
54902,20131020,-93.29,41.56,0.192,-0.45,0.798,0,0.234,-0.52,0.238,0,0.253,-0.71,0.958,0,0.276,-0.85,1,0,0.416,-1.02,1,0,0.213,-0.45,0.381,0,0.274,-0.64,1,0
54902,20131021,-93.29,41.56,0.192,-0.48,0.821,0,0.232,-0.55,0.381,0,0.251,-0.74,1,0,0.274,-0.89,1,0,0.414,-1.08,1,0,0.212,-0.47,0.524,0,0.272,-0.66,1,0
54902,20131022,-93.29,41.56,0.191,-0.51,0.857,0,0.23,-0.57,0.524,0,0.249,-0.76,1,0,0.272,-0.92,1,0,0.412,-1.12,1,0,0.21,-0.49,0.625,0,0.271,-0.68,1,0
54902,20131023,-93.29,41.56,0.187,-0.55,0.994,0,0.227,-0.6,0.667,0,0.247,-0.77,1,0,0.27,-0.95,1,0,0.411,-1.17,1,0,0.207,-0.52,0.768,0,0.268,-0.71,1,0
54902,20131024,-93.29,41.56,0.184,-0.59,1,0,0.224,-0.62,0.81,0,0.245,-0.79,1,0,0.268,-0.97,1,0,0.409,-1.21,1,0,0.204,-0.55,0.911,0,0.266,-0.73,1,0
54902,20131025,-93.29,41.56,0.181,-0.63,1,0,0.221,-0.65,0.946,0,0.243,-0.81,1,0,0.266,-0.99,1,0,0.408,-1.25,1,0,0.201,-0.59,1,0,0.264,-0.75,1,0
54902,20131026,-93.29,41.56,0.179,-0.66,1,0,0.219,-0.68,1,0,0.241,-0.83,1,0,0.264,-1.01,1,0,0.407,-1.3,1,0,0.199,-0.63,1,0,0.262,-0.77,1,0
54902,20131027,-93.29,41.56,0.177,-0.7,1,0,0.217,-0.71,1,0,0.24,-0.85,1,0,0.262,-1.03,1,0,0.406,-1.34,1,0,0.197,-0.68,1,0,0.26,-0.79,1,0
54902,20131028,-93.29,41.56,0.174,-0.73,1,0,0.215,-0.74,1,0,0.238,-0.87,1,0,0.26,-1.05,1,0,0.405,-1.39,1,0,0.195,-0.73,1,0,0.259,-0.81,1,0
54902,20131029,-93.29,41.56,0.173,-0.77,1,0,0.213,-0.78,1,0,0.237,-0.89,1,0,0.258,-1.07,1,0,0.404,-1.45,1,0,0.193,-0.78,1,0,0.257,-0.83,1,0
54902,20131030,-93.29,41.56,0.171,-0.8,1,0,0.211,-0.82,1,0,0.235,-0.91,1,0,0.257,-1.09,1,0,0.403,-1.51,1,0,0.191,-0.84,1,0,0.255,-0.86,1,0
54902,20131031,-93.29,41.56,0.178,-0.77,0.911,0,0.215,-0.82,0.958,0,0.234,-0.93,1,0,0.256,-1.1,1,0,0.401,-1.58,1,0,0.197,-0.83,0.976,0,0.257,-0.86,1,0
54902,20131101,-93.29,41.56,0.187,-0.72,0.911,0,0.22,-0.81,0.958,0,0.234,-0.95,1,0,0.255,-1.11,1,0,0.4,-1.64,1,0,0.204,-0.8,0.976,0,0.259,-0.86,1,0
54902,20131102,-93.29,41.56,0.194,-0.7,0.91,0,0.225,-0.8,0.958,0,0.234,-0.98,1,0,0.255,-1.11,1,0,0.399,-1.69,1,0,0.209,-0.79,0.976,0,0.261,-0.86,1,0
54902,20131103,-93.29,41.56,0.201,-0.68,0.91,0,0.229,-0.79,0.958,0,0.234,-1.01,1,0,0.255,-1.12,1,0,0.398,-1.75,1,0,0.215,-0.77,0.976,0,0.263,-0.88,1,0
54902,20131104,-93.29,41.56,0.208,-0.68,0.91,0,0.233,-0.79,0.958,0,0.234,-1.06,1,0,0.255,-1.12,1,0,0.397,-1.8,1,0,0.22,-0.76,0.976,0,0.265,-0.91,1,0
54902,20131105,-93.29,41.56,0.217,-0.64,0.91,0,0.239,-0.76,0.958,0,0.235,-1.11,1,0,0.255,-1.13,1,0,0.396,-1.83,1,0,0.228,-0.71,0.976,0,0.268,-0.93,1,0
54902,20131106,-93.29,41.56,0.231,-0.54,0.82,0,0.252,-0.66,0.862,0,0.241,-1.11,1,0,0.259,-1.1,1,0,0.395,-1.85,1,0,0.242,-0.61,0.886,0,0.276,-0.9,0.994,0
54902,20131107,-93.29,41.56,0.238,-0.49,0.766,0,0.261,-0.6,0.76,0,0.249,-1.07,1,0,0.266,-1.04,1,0,0.395,-1.86,1,0,0.25,-0.54,0.766,0,0.282,-0.88,0.994,0
54902,20131108,-93.29,41.56,0.243,-0.46,0.659,0,0.267,-0.55,0.617,0,0.256,-1.05,1,0,0.272,-0.99,1,0,0.394,-1.87,1,0,0.255,-0.51,0.623,0,0.287,-0.87,0.994,0
54902,20131109,-93.29,41.56,0.248,-0.44,0.661,0,0.274,-0.5,0.476,0,0.263,-1.02,1,0,0.278,-0.95,1,0,0.394,-1.89,1,0,0.261,-0.47,0.56,0,0.291,-0.86,0.994,0
54902,20131110,-93.29,41.56,0.252,-0.41,0.661,0,0.28,-0.45,0.333,0,0.27,-0.98,1,0,0.284,-0.91,1,0,0.393,-1.9,1,0,0.266,-0.42,0.56,0,0.296,-0.85,0.994,0
54902,20131111,-93.29,41.56,0.257,-0.38,0.661,0,0.287,-0.4,0.19,0,0.276,-0.93,1,0,0.289,-0.87,1,0,0.392,-1.91,1,0,0.272,-0.38,0.56,0,0.3,-0.82,0.994,0
54902,20131112,-93.29,41.56,0.258,-0.38,0.661,0,0.291,-0.36,0.048,0,0.282,-0.88,1,0,0.294,-0.83,1,0,0.392,-1.91,1,0,0.275,-0.37,0.56,0,0.303,-0.79,0.994,0
54902,20131113,-93.29,41.56,0.253,-0.45,0.75,0,0.288,-0.4,0.012,0,0.283,-0.88,1,0,0.295,-0.82,1,0,0.391,-1.92,1,0,0.271,-0.42,0.649,0,0.302,-0.82,1,0
54902,20131114,-93.29,41.56,0.247,-0.53,0.893,0,0.284,-0.44,0.119,0,0.28,-0.91,1,0,0.291,-0.85,1,0,0.391,-1.93,1,0,0.265,-0.49,0.792,0,0.298,-0.86,1,0
54902,20131115,-93.29,41.56,0.243,-0.59,1,0,0.28,-0.48,0.256,0,0.278,-0.93,1,0,0.288,-0.88,1,0,0.39,-1.95,1,0,0.262,-0.53,0.935,0,0.296,-0.9,1,0
54902,20131116,-93.29,41.56,0.239,-0.64,1,0,0.278,-0.51,0.399,0,0.276,-0.95,1,0,0.285,-0.9,1,0,0.389,-1.97,1,0,0.259,-0.57,1,0,0.294,-0.93,1,0
54902,20131117,-93.29,41.56,0.238,-0.67,0.988,0,0.276,-0.52,0.53,0,0.275,-0.97,1,0,0.283,-0.92,1,0,0.389,-1.98,1,0,0.257,-0.59,0.988,0,0.292,-0.95,1,0
54902,20131118,-93.29,41.56,0.245,-0.58,0.845,0,0.282,-0.47,0.53,0,0.278,-0.94,0.994,0,0.286,-0.91,1,0,0.388,-2,1,0,0.263,-0.52,0.845,0,0.296,-0.92,0.988,0
54902,20131119,-93.29,41.56,0.251,-0.51,0.702,0,0.286,-0.42,0.53,0,0.281,-0.92,0.994,0,0.289,-0.88,1,0,0.387,-2.01,1,0,0.268,-0.46,0.702,0,0.299,-0.88,0.988,0
54902,20131120,-93.29,41.56,0.257,-0.44,0.56,0,0.29,-0.38,0.518,0,0.283,-0.9,0.994,0,0.293,-0.86,1,0,0.387,-2.02,1,0,0.273,-0.41,0.56,0,0.302,-0.84,0.988,0
54902,20131121,-93.29,41.56,0.263,-0.36,0.417,0,0.294,-0.34,0.411,0,0.286,-0.87,0.994,0,0.296,-0.84,1,0,0.386,-2.03,1,0,0.278,-0.35,0.417,0,0.305,-0.8,0.988,0
54902,20131122,-93.29,41.56,0.269,-0.28,0.274,0,0.298,-0.31,0.274,0,0.288,-0.85,0.994,0,0.299,-0.81,1,0,0.386,-2.02,1,0,0.284,-0.3,0.274,0,0.308,-0.76,0.988,0
54902,20131123,-93.29,41.56,0.277,-0.19,0.131,0,0.302,-0.26,0.131,0,0.291,-0.83,0.994,0,0.302,-0.79,1,0,0.385,-2.02,1,0,0.29,-0.24,0.131,0,0.312,-0.72,0.988,0
54902,20131124,-93.29,41.56,0.283,-0.12,0,0,0.306,-0.23,0.119,0,0.294,-0.8,0.994,0,0.305,-0.77,1,0,0.385,-2.01,1,0,0.294,-0.2,0.012,0,0.314,-0.68,0.988,0
54902,20131125,-93.29,41.56,0.28,-0.16,0,0,0.302,-0.28,0.262,0,0.292,-0.83,1,0,0.303,-0.8,1,0,0.385,-2,1,0,0.291,-0.25,0.149,0,0.312,-0.7,1,0
54902,20131126,-93.29,41.56,0.279,-0.18,0,0,0.299,-0.32,0.405,0,0.291,-0.85,1,0,0.3,-0.83,1,0,0.384,-2,1,0,0.289,-0.29,0.292,0,0.31,-0.72,1,0
54902,20131127,-93.29,41.56,0.278,-0.19,0.006,0,0.297,-0.35,0.548,0,0.29,-0.86,1,0,0.297,-0.85,1,0,0.383,-2,1,0,0.287,-0.32,0.435,0,0.309,-0.73,1,0
54902,20131128,-93.29,41.56,0.266,-0.33,0.139,0,0.295,-0.38,0.69,0,0.289,-0.88,1,0,0.295,-0.88,1,0,0.383,-2,1,0,0.281,-0.42,0.572,0,0.305,-0.77,1,0
54902,20131129,-93.29,41.56,0.264,-0.35,0.156,0,0.294,-0.4,0.833,0,0.288,-0.89,1,0,0.292,-0.9,1,0,0.382,-2,1,0,0.279,-0.44,0.646,0,0.304,-0.77,1,0
54902,20131130,-93.29,41.56,,,,,0.291,-0.44,0.976,0,0.287,-0.91,1,0,0.29,-0.92,1,0,0.381,-2,1,0,,,,,,,,
54902,20131201,-93.29,41.56,,,,,0.29,-0.46,1,0,0.286,-0.93,1,0,0.289,-0.93,1,0,0.38,-2.01,1,0,,,,,,,,
54902,20131202,-93.29,41.56,,,,,0.289,-0.48,1,0,0.285,-0.94,1,0,0.287,-0.94,1,0,0.379,-2.02,1,0,,,,,,,,
54902,20131203,-93.29,41.56,,,,,0.288,-0.5,1,0,0.285,-0.96,1,0,0.286,-0.95,1,0,0.378,-2.03,1,0,,,,,,,,
54902,20131204,-93.29,41.56,,,,,0.288,-0.51,1,0,0.285,-0.97,1,0,0.285,-0.96,1,0,0.377,-2.04,1,0,,,,,,,,
54902,20131205,-93.29,41.56,,,,,0.288,-0.52,1,0,0.285,-0.98,1,0,0.285,-0.96,1,0,0.377,-2.04,1,0,,,,,,,,
54902,20131206,-93.29,41.56,0.276,-0.29,0.122,0,0.287,-0.54,1,0,0.285,-1,1,0,0.284,-0.97,1,0,0.376,-2.05,1,0,0.282,-0.49,0.899,0,0.302,-1.03,1,0
54902,20131207,-93.29,41.56,0.278,-0.27,0.118,0,0.287,-0.55,1,0,0.285,-1.02,1,0,0.284,-0.97,1,0,0.375,-2.05,1,0,0.283,-0.48,0.868,0,0.302,-1.03,1,0
54902,20131208,-93.29,41.56,,,,,0.287,-0.55,0.994,0,0.285,-1.04,1,0,0.283,-0.98,1,0,0.375,-2.05,1,0,,,,,,,,
54902,20131209,-93.29,41.56,,,,,0.287,-0.56,0.994,0,0.284,-1.07,1,0,0.282,-0.99,1,0,0.375,-2.06,1,0,,,,,,,,
54902,20131210,-93.29,41.56,,,,,0.287,-0.57,0.994,0,0.284,-1.1,1,0,0.282,-1.01,1,0,0.374,-2.06,1,0,,,,,,,,
54902,20131211,-93.29,41.56,,,,,0.287,-0.58,0.994,0,0.284,-1.13,1,0,0.281,-1.04,1,0,0.374,-2.07,1,0,,,,,,,,
54902,20131212,-93.29,41.56,,,,,0.286,-0.59,0.993,0,0.285,-1.13,1,0,0.28,-1.08,1,0,0.373,-2.08,1,0,,,,,,,,
54902,20131213,-93.29,41.56,,,,,,,,,0.291,-1.07,1,0,0.279,-1.12,1,0,0.373,-2.09,1,0,,,,,,,,
54902,20131214,-93.29,41.56,,,,,,,,,0.296,-1.01,1,0,0.278,-1.17,1,0,0.372,-2.09,1,0,,,,,,,,
54902,20131215,-93.29,41.56,,,,,,,,,0.301,-0.95,1,0,0.277,-1.23,1,0,0.371,-2.1,1,0,,,,,,,,
54902,20131216,-93.29,41.56,,,,,,,,,0.307,-0.87,1,0,0.277,-1.29,1,0,0.371,-2.11,1,0,,,,,,,,
54902,20131217,-93.29,41.56,,,,,,,,,0.312,-0.81,1,0,0.276,-1.36,1,0,0.37,-2.11,1,0,,,,,,,,
54902,20131218,-93.29,41.56,,,,,,,,,0.318,-0.74,1,0,0.276,-1.44,1,0,0.37,-2.11,1,0,,,,,,,,
54902,20131219,-93.29,41.56,,,,,,,,,0.321,-0.7,1,0,0.276,-1.51,1,0,0.369,-2.11,1,0,,,,,,,,
54902,20131220,-93.29,41.56,,,,,,,,,0.321,-0.72,1,0,0.275,-1.57,1,0,0.369,-2.1,1,0,,,,,,,,
54902,20131221,-93.29,41.56,,,,,,,,,0.32,-0.73,1,0,0.275,-1.64,1,0,0.368,-2.1,1,0,,,,,,,,
54902,20131222,-93.29,41.56,,,,,,,,,0.32,-0.75,1,0,0.275,-1.69,1,0,0.368,-2.09,1,0,,,,,,,,
54902,20131223,-93.29,41.56,,,,,,,,,0.319,-0.76,1,0,0.275,-1.73,1,0,0.368,-2.07,1,0,,,,,,,,
54902,20131224,-93.29,41.56,,,,,,,,,0.319,-0.78,1,0,0.275,-1.76,1,0,0.368,-2.06,1,0,,,,,,,,
54902,20131225,-93.29,41.56,,,,,,,,,0.316,-0.83,1,0,0.274,-1.79,1,0,0.367,-2.04,1,0,,,,,,,,
54902,20131226,-93.29,41.56,,,,,,,,,0.315,-0.84,1,0,0.274,-1.81,1,0,0.367,-2.02,1,0,,,,,,,,
54902,20131227,-93.29,41.56,,,,,,,,,,,,,0.274,-1.83,1,0,0.367,-2,1,0,,,,,,,,
54902,20131228,-93.29,41.56,,,,,,,,,,,,,0.273,-1.84,1,0,0.367,-1.98,1,0,,,,,,,,
54902,20131229,-93.29,41.56,,,,,,,,,,,,,0.278,-1.79,1,0,0.369,-1.93,1,0,,,,,,,,
54902,20131230,-93.29,41.56,,,,,,,,,,,,,0.282,-1.75,1,0,0.371,-1.87,1,0,,,,,,,,
54902,20131231,-93.29,41.56,,,,,,,,,,,,,0.285,-1.71,1,0,0.374,-1.81,1,0,,,,,,,,
54902,20140101,-93.29,41.56,,,,,,,,,,,,,0.289,-1.67,1,0,0.377,-1.75,1,0,,,,,,,,
54902,20140102,-93.29,41.56,,,,,,,,,,,,,0.292,-1.62,1,0,0.38,-1.7,1,0,,,,,,,,
54902,20140103,-93.29,41.56,,,,,,,,,,,,,0.296,-1.58,1,0,0.383,-1.65,1,0,,,,,,,,
54902,20140104,-93.29,41.56,,,,,,,,,,,,,0.299,-1.55,1,0,0.385,-1.6,1,0,,,,,,,,
54902,20140105,-93.29,41.56,,,,,,,,,,,,,0.298,-1.57,1,0,0.386,-1.58,1,0,,,,,,,,
54902,20140106,-93.29,41.56,,,,,,,,,,,,,0.297,-1.6,1,0,0.386,-1.58,1,0,,,,,,,,
54902,20140107,-93.29,41.56,,,,,,,,,,,,,0.295,-1.63,1,0,0.385,-1.59,1,0,,,,,,,,
54902,20140108,-93.29,41.56,,,,,,,,,,,,,0.301,-1.57,1,0,0.385,-1.59,1,0,,,,,,,,
54902,20140109,-93.29,41.56,,,,,,,,,,,,,0.306,-1.5,1,0,0.385,-1.59,1,0,,,,,,,,
54902,20140110,-93.29,41.56,,,,,,,,,,,,,,,,,0.384,-1.59,1,0,,,,,,,,
54902,20140111,-93.29,41.56,,,,,,,,,,,,,,,,,0.384,-1.59,1,0,,,,,,,,
54902,20140112,-93.29,41.56,,,,,,,,,,,,,,,,,0.384,-1.59,1,0,,,,,,,,
54902,20140113,-93.29,41.56,,,,,,,,,,,,,,,,,0.384,-1.58,1,0,,,,,,,,
54902,20140114,-93.29,41.56,,,,,,,,,,,,,,,,,0.384,-1.58,1,0,,,,,,,,
54902,20140115,-93.29,41.56,,,,,,,,,,,,,,,,,0.384,-1.57,1,0,,,,,,,,
54902,20140116,-93.29,41.56,,,,,,,,,,,,,,,,,0.385,-1.57,1,0,,,,,,,,
54902,20140117,-93.29,41.56,,,,,,,,,,,,,,,,,0.385,-1.57,1,0,,,,,,,,
54902,20140118,-93.29,41.56,,,,,,,,,,,,,,,,,0.386,-1.56,1,0,,,,,,,,
54902,20140119,-93.29,41.56,,,,,,,,,,,,,,,,,0.386,-1.56,1,0,,,,,,,,
54902,20140120,-93.29,41.56,,,,,,,,,,,,,,,,,0.386,-1.57,1,0,,,,,,,,
54902,20140121,-93.29,41.56,,,,,,,,,,,,,,,,,0.386,-1.59,1,0,,,,,,,,
54902,20140122,-93.29,41.56,,,,,,,,,,,,,,,,,0.386,-1.61,1,0,,,,,,,,
54902,20140123,-93.29,41.56,,,,,,,,,,,,,,,,,0.386,-1.64,1,0,,,,,,,,
54902,20140124,-93.29,41.56,,,,,,,,,,,,,,,,,0.385,-1.66,1,0,,,,,,,,
54902,20140125,-93.29,41.56,,,,,,,,,,,,,,,,,0.385,-1.69,1,0,,,,,,,,
54902,20140126,-93.29,41.56,,,,,,,,,,,,,,,,,0.385,-1.72,1,0,,,,,,,,
54902,20140127,-93.29,41.56,,,,,,,,,,,,,,,,,0.384,-1.74,1,0,,,,,,,,
54902,20140128,-93.29,41.56,,,,,,,,,,,,,,,,,0.384,-1.77,1,0,,,,,,,,
54902,20140129,-93.29,41.56,,,,,,,,,,,,,,,,,0.384,-1.79,1,0,,,,,,,,
54902,20140130,-93.29,41.56,,,,,,,,,,,,,,,,,0.383,-1.82,1,0,,,,,,,,
54902,20140131,-93.29,41.56,,,,,,,,,,,,,,,,,0.382,-1.84,1,0,,,,,,,,
54902,20140201,-93.29,41.56,,,,,,,,,,,,,,,,,0.382,-1.86,1,0,,,,,,,,
54902,20140202,-93.29,41.56,,,,,,,,,,,,,,,,,0.381,-1.89,1,0,,,,,,,,
54902,20140203,-93.29,41.56,,,,,,,,,,,,,,,,,0.381,-1.9,1,0,,,,,,,,
54902,20140204,-93.29,41.56,,,,,,,,,,,,,,,,,0.381,-1.92,1,0,,,,,,,,
54902,20140205,-93.29,41.56,,,,,,,,,,,,,,,,,0.381,-1.94,1,0,,,,,,,,
54902,20140206,-93.29,41.56,,,,,,,,,,,,,,,,,0.38,-2,1,0,,,,,,,,
54902,20140207,-93.29,41.56,,,,,,,,,,,,,,,,,0.38,-2.09,1,0,,,,,,,,
54902,20140208,-93.29,41.56,,,,,,,,,,,,,,,,,0.38,-2.21,1,0,,,,,,,,
54902,20140209,-93.29,41.56,,,,,,,,,,,,,,,,,0.38,-2.38,1,0,,,,,,,,
54902,20140210,-93.29,41.56,,,,,,,,,,,,,,,,,0.38,-2.59,1,0,,,,,,,,
54902,20140211,-93.29,41.56,,,,,,,,,,,,,,,,,0.379,-2.83,1,0,,,,,,,,
54902,20140212,-93.29,41.56,,,,,,,,,,,,,,,,,0.379,-3.09,1,0,,,,,,,,
54902,20140213,-93.29,41.56,,,,,,,,,,,,,,,,,0.379,-3.35,1,0,,,,,,,,
54902,20140214,-93.29,41.56,,,,,,,,,,,,,,,,,0.378,-3.62,1,0,,,,,,,,
54902,20140215,-93.29,41.56,,,,,,,,,,,,,,,,,0.378,-3.88,1,0,,,,,,,,
54902,20140216,-93.29,41.56,,,,,,,,,,,,,,,,,0.378,-4.1,1,0,,,,,,,,
54902,20140217,-93.29,41.56,,,,,,,,,,,,,,,,,0.378,-4.3,1,0,,,,,,,,
54902,20140218,-93.29,41.56,,,,,,,,,,,,,,,,,0.378,-4.48,1,0,,,,,,,,
54902,20140219,-93.29,41.56,,,,,,,,,,,,,,,,,0.378,-4.64,1,0,,,,,,,,
54902,20140220,-93.29,41.56,,,,,,,,,,,,,,,,,0.378,-4.78,1,0,,,,,,,,
54902,20140221,-93.29,41.56,,,,,,,,,,,,,,,,,0.378,-4.88,1,0,,,,,,,,
54902,20140222,-93.29,41.56,,,,,,,,,,,,,,,,,0.378,-4.96,1,0,,,,,,,,
54902,20140223,-93.29,41.56,,,,,,,,,,,,,,,,,0.378,-5.04,1,0,,,,,,,,
54902,20140224,-93.29,41.56,,,,,,,,,,,,,,,,,0.378,-5.09,1,0,,,,,,,,
54902,20140225,-93.29,41.56,,,,,,,,,,,,,,,,,0.378,-5.14,1,0,,,,,,,,
54902,20140226,-93.29,41.56,,,,,,,,,,,,,,,,,0.378,-5.15,1,0,,,,,,,,
54902,20140227,-93.29,41.56,,,,,,,,,,,,,,,,,0.378,-5.16,1,0,,,,,,,,
54902,20140228,-93.29,41.56,,,,,,,,,,,,,,,,,0.378,-5.16,1,0,,,,,,,,
54902,20140301,-93.29,41.56,,,,,,,,,,,,,,,,,0.378,-5.16,1,0,,,,,,,,
54902,20140302,-93.29,41.56,,,,,,,,,,,,,,,,,0.378,-5.15,1,0,,,,,,,,
54902,20140303,-93.29,41.56,,,,,,,,,,,,,,,,,0.378,-5.14,1,0,,,,,,,,
54902,20140304,-93.29,41.56,,,,,,,,,,,,,,,,,0.378,-5.13,1,0,,,,,,,,
54902,20140305,-93.29,41.56,,,,,,,,,,,,,,,,,0.378,-5.12,1,0,,,,,,,,
54902,20140306,-93.29,41.56,,,,,,,,,,,,,,,,,0.378,-5.11,1,0,,,,,,,,
54902,20140307,-93.29,41.56,,,,,,,,,,,,,,,,,0.377,-5.1,1,0,,,,,,,,
54902,20140308,-93.29,41.56,,,,,,,,,,,,,,,,,0.377,-5.07,1,0,,,,,,,,
54902,20140309,-93.29,41.56,,,,,,,,,,,,,,,,,0.377,-5.04,1,0,,,,,,,,
54902,20140310,-93.29,41.56,,,,,,,,,,,,,,,,,0.377,-4.99,1,0,,,,,,,,
54902,20140311,-93.29,41.56,,,,,,,,,,,,,,,,,0.377,-4.94,1,0,,,,,,,,
54902,20140312,-93.29,41.56,,,,,,,,,,,,,,,,,0.377,-4.9,1,0,,,,,,,,
54902,20140313,-93.29,41.56,,,,,,,,,,,,,,,,,0.378,-4.85,1,0,,,,,,,,
54902,20140314,-93.29,41.56,,,,,,,,,,,,,,,,,0.378,-4.81,1,0,,,,,,,,
54902,20140315,-93.29,41.56,,,,,,,,,,,,,,,,,0.379,-4.76,1,0,,,,,,,,
54902,20140316,-93.29,41.56,,,,,,,,,,,,,,,,,0.381,-4.65,1,0,,,,,,,,
54902,20140317,-93.29,41.56,,,,,,,,,,,,,,,,,0.384,-4.53,1,0,,,,,,,,
54902,20140318,-93.29,41.56,,,,,,,,,,,,,,,,,0.388,-4.41,1,0,,,,,,,,
54902,20140319,-93.29,41.56,,,,,,,,,,,,,,,,,0.391,-4.28,1,0,,,,,,,,
54902,20140320,-93.29,41.56,,,,,,,,,,,,,,,,,0.394,-4.17,1,0,,,,,,,,
54902,20140321,-93.29,41.56,,,,,,,,,,,,,,,,,0.398,-4.06,1,0,,,,,,,,
54902,20140322,-93.29,41.56,,,,,,,,,,,,,,,,,0.4,-4,1,0,,,,,,,,
54902,20140323,-93.29,41.56,,,,,,,,,,,,,,,,,0.401,-4.02,1,0,,,,,,,,
54902,20140324,-93.29,41.56,,,,,,,,,,,,,,,,,0.401,-4.07,1,0,,,,,,,,
54902,20140325,-93.29,41.56,,,,,,,,,,,,,,,,,0.401,-4.14,1,0,,,,,,,,
54902,20140326,-93.29,41.56,,,,,,,,,,,,,,,,,0.401,-4.24,1,0,,,,,,,,
54902,20140327,-93.29,41.56,,,,,,,,,,,,,,,,,0.401,-4.33,1,0,,,,,,,,
54902,20140328,-93.29,41.56,,,,,,,,,,,,,,,,,0.401,-4.43,1,0,,,,,,,,
54902,20140329,-93.29,41.56,,,,,,,,,,,,,,,,,0.401,-4.53,1,0,,,,,,,,
54902,20140330,-93.29,41.56,,,,,,,,,,,,,,,,,0.401,-4.63,1,0,,,,,,,,
54902,20140331,-93.29,41.56,,,,,,,,,,,,,,,,,0.401,-4.74,1,0,,,,,,,,
54902,20140401,-93.29,41.56,,,,,,,,,,,,,,,,,0.401,-4.85,1,0,,,,,,,,
54902,20140402,-93.29,41.56,,,,,,,,,,,,,,,,,0.401,-4.94,1,0,,,,,,,,
54902,20140403,-93.29,41.56,,,,,,,,,,,,,,,,,0.401,-5.05,1,0,,,,,,,,
54902,20140404,-93.29,41.56,,,,,,,,,,,,,,,,,0.401,-5.13,1,0,,,,,,,,
54902,20140405,-93.29,41.56,0.318,-0.62,0.915,0,0.332,-1.61,0.965,0,,,,,,,,,0.401,-5.21,1,0,0.324,-0.92,0.951,0,,,,
54902,20140406,-93.29,41.56,0.315,-0.68,0.994,0,0.33,-1.67,1,0,0.334,-2.7,1,0,0.285,-5.39,1,0,0.401,-5.28,1,0,0.322,-0.96,0.988,0,0.333,-2.92,1,0
54902,20140407,-93.29,41.56,0.312,-0.72,1,0,0.326,-1.75,1,0,0.336,-2.63,1,0,0.291,-5.16,1,0,0.402,-5.32,1,0,0.319,-1.01,1,0,0.334,-2.87,1,0
54902,20140408,-93.29,41.56,0.309,-0.76,1,0,0.324,-1.79,1,0,0.342,-2.45,1,0,0.299,-4.87,1,0,0.402,-5.35,1,0,0.317,-1.06,1,0,0.335,-2.8,1,0
54902,20140409,-93.29,41.56,0.308,-0.76,1,0,0.323,-1.74,1,0,0.344,-2.39,1,0,0.303,-4.71,1,0,0.402,-5.37,1,0,0.316,-1.04,1,0,0.336,-2.74,1,0
54902,20140410,-93.29,41.56,0.307,-0.75,1,0,0.324,-1.68,1,0,0.345,-2.34,1,0,0.308,-4.54,1,0,0.403,-5.39,1,0,0.315,-1.02,1,0,0.337,-2.69,1,0
54902,20140411,-93.29,41.56,0.305,-0.76,1,0,0.323,-1.64,1,0,0.346,-2.3,1,0,0.312,-4.36,1,0,0.403,-5.42,1,0,0.314,-1.01,1,0,0.338,-2.64,1,0
54902,20140412,-93.29,41.56,0.301,-0.78,1,0,0.322,-1.63,1,0,0.346,-2.25,1,0,0.314,-4.27,1,0,0.403,-5.45,1,0,0.312,-1.02,1,0,0.338,-2.61,1,0
54902,20140413,-93.29,41.56,0.3,-0.77,0.964,0,0.322,-1.59,1,0,0.347,-2.16,1,0,0.315,-4.21,1,0,0.404,-5.49,1,0,0.311,-1,0.988,0,0.338,-2.57,1,0
54902,20140414,-93.29,41.56,0.31,-0.54,0.821,0.125,0.33,-1.34,0.875,0.065,0.357,-1.8,0.887,0.065,0.326,-3.82,1,0,0.406,-5.51,1,0,0.32,-0.77,0.845,0.095,0.346,-2.26,0.923,0
54902,20140415,-93.29,41.56,0.316,-0.41,0.679,0.125,0.334,-1.17,0.857,0.065,0.362,-1.58,0.887,0.065,0.337,-3.42,1,0,0.409,-5.42,1,0,0.325,-0.64,0.702,0.095,0.352,-2.01,0.923,0
54902,20140416,-93.29,41.56,0.32,-0.3,0.536,0.125,0.337,-1.03,0.857,0.065,0.366,-1.4,0.887,0.065,0.346,-3.09,1,0,0.413,-5.31,1,0,0.328,-0.53,0.56,0.095,0.356,-1.8,0.923,0
54902,20140417,-93.29,41.56,0.323,-0.21,0.393,0.125,0.34,-0.9,0.857,0.065,0.369,-1.24,0.887,0.065,0.355,-2.77,1,0,0.418,-5.14,1,0,0.331,-0.43,0.417,0.095,0.361,-1.6,0.923,0
54902,20140418,-93.29,41.56,0.326,-0.13,0.25,0.125,0.342,-0.78,0.857,0.065,0.372,-1.09,0.887,0.065,0.363,-2.46,1,0,0.424,-4.93,1,0,0.334,-0.34,0.321,0.095,0.366,-1.41,0.923,0
54902,20140419,-93.29,41.56,0.328,-0.07,0.107,0.125,0.345,-0.66,0.857,0.065,0.375,-0.96,0.887,0.065,0.371,-2.18,1,0,0.43,-4.69,1,0,0.337,-0.26,0.321,0.095,0.37,-1.23,0.923,0
54902,20140420,-93.29,41.56,0.328,-0.05,0.095,0.125,0.346,-0.57,0.857,0.065,0.377,-0.88,0.887,0.065,0.379,-1.93,1,0,0.436,-4.41,1,0,0.337,-0.23,0.333,0.095,0.373,-1.09,0.923,0
54902,20140421,-93.29,41.56,0.314,-0.27,0.238,0,0.339,-0.69,0.982,0,0.371,-1.09,1,0,0.376,-2.02,1,0,0.442,-4.15,1,0,0.327,-0.41,0.476,0,0.368,-1.23,1,0
54902,20140422,-93.29,41.56,0.304,-0.43,0.381,0,0.336,-0.74,1,0,0.368,-1.17,1,0,0.374,-2.13,1,0,0.446,-3.98,1,0,0.32,-0.53,0.619,0,0.365,-1.32,1,0
54902,20140423,-93.29,41.56,0.292,-0.59,0.524,0,0.332,-0.79,1,0,0.366,-1.23,1,0,0.372,-2.21,1,0,0.449,-3.85,1,0,0.312,-0.65,0.762,0,0.362,-1.4,1,0
54902,20140424,-93.29,41.56,0.28,-0.75,0.667,0,0.329,-0.84,1,0,0.365,-1.31,1,0,0.371,-2.29,1,0,0.452,-3.77,1,0,0.304,-0.78,0.905,0,0.359,-1.5,1,0
54902,20140425,-93.29,41.56,0.285,-0.67,0.679,0.113,0.332,-0.75,0.875,0.012,0.368,-1.19,0.905,0.012,0.373,-2.29,1,0,0.454,-3.72,1,0,0.308,-0.69,0.875,0.06,0.362,-1.4,0.94,0
54902,20140426,-93.29,41.56,0.29,-0.58,0.679,0.137,0.335,-0.67,0.732,0.012,0.371,-1.1,0.905,0.012,0.375,-2.27,1,0,0.456,-3.7,1,0,0.312,-0.61,0.732,0.06,0.365,-1.31,0.94,0
54902,20140427,-93.29,41.56,0.293,-0.52,0.583,0.137,0.337,-0.6,0.589,0.012,0.374,-1.04,0.905,0.012,0.377,-2.27,1,0,0.457,-3.73,1,0,0.315,-0.54,0.589,0.06,0.367,-1.24,0.94,0
54902,20140428,-93.29,41.56,0.299,-0.42,0.465,0.182,0.339,-0.53,0.472,0.013,0.376,-0.96,0.899,0.013,0.378,-2.27,1,0,0.458,-3.76,1,0,0.319,-0.45,0.472,0.101,0.37,-1.16,0.937,0
54902,20140429,-93.29,41.56,0.304,-0.33,0.37,0.215,0.341,-0.47,0.378,0.015,0.378,-0.9,0.881,0.015,0.379,-2.26,1,0,0.458,-3.79,1,0,0.323,-0.37,0.378,0.119,0.372,-1.09,0.926,0
54902,20140430,-93.29,41.56,,,,,,,,,,,,,,,,,,,,,,,,,,,,
54902,20140501,-93.29,41.56,,,,,,,,,,,,,,,,,,,,,,,,,,,,
54902,20140502,-93.29,41.56,,,,,,,,,,,,,,,,,,,,,,,,,,,,
54902,20140503,-93.29,41.56,,,,,,,,,,,,,,,,,,,,,,,,,,,,
54902,20140504,-93.29,41.56,,,,,,,,,,,,,,,,,,,,,,,,,,,,
54902,20140505,-93.29,41.56,,,,,,,,,,,,,,,,,,,,,,,,,,,,
54902,20140506,-93.29,41.56,,,,,,,,,,,,,,,,,,,,,,,,,,,,
54902,20140507,-93.29,41.56,,,,,,,,,,,,,,,,,,,,,,,,,,,,
54902,20140508,-93.29,41.56,,,,,,,,,,,,,,,,,,,,,,,,,,,,
54902,20140509,-93.29,41.56,,,,,,,,,,,,,,,,,,,,,,,,,,,,
54902,20140510,-93.29,41.56,,,,,,,,,,,,,,,,,,,,,,,,,,,,
54902,20140511,-93.29,41.56,,,,,,,,,,,,,,,,,,,,,,,,,,,,
54902,20140512,-93.29,41.56,0.247,-0.7,0.868,0.051,0.313,-0.63,0.801,0.015,0.404,0.11,0,0.044,,,,,,,,,0.28,-0.71,0.912,0.051,,,,
54902,20140513,-93.29,41.56,0.273,-0.45,0.738,0.194,0.323,-0.44,0.681,0.144,0.413,0.32,0,0.188,,,,,,,,,0.298,-0.47,0.775,0.194,,,,
54902,20140514,-93.29,41.56,0.289,-0.29,0.673,0.327,0.329,-0.34,0.649,0.161,0.417,0.42,0,0.321,,,,,,,,,0.309,-0.32,0.673,0.327,,,,
54902,20140515,-93.29,41.56,0.308,-0.1,0.53,0.47,0.336,-0.22,0.53,0.179,0.421,0.5,0,0.464,,,,,,,,,0.322,-0.14,0.53,0.452,,,,
54902,20140516,-93.29,41.56,0.333,0.14,0.387,0.613,0.345,-0.07,0.387,0.268,0.425,0.6,0,0.607,,,,,,,,,0.339,0.08,0.387,0.595,,,,
54902,20140517,-93.29,41.56,0.357,0.37,0.244,0.756,0.354,0.09,0.244,0.268,0.43,0.7,0,0.75,,,,,,,,,0.356,0.29,0.244,0.738,,,,
54902,20140518,-93.29,41.56,0.379,0.57,0.101,0.881,0.364,0.25,0.101,0.268,0.435,0.82,0,0.893,,,,,,,,,0.371,0.49,0.101,0.833,,,,
54902,20140519,-93.29,41.56,0.388,0.67,0,0.839,0.37,0.35,0,0.256,0.438,0.87,0,1,,,,,,,,,0.379,0.6,0,0.792,,,,
54902,20140520,-93.29,41.56,0.375,0.54,0,0.696,0.366,0.28,0,0.131,0.432,0.73,0,1,,,,,,,,,0.37,0.48,0,0.649,,,,
54902,20140521,-93.29,41.56,0.362,0.42,0,0.554,0.362,0.24,0,0.107,0.428,0.65,0,0.97,,,,,,,,,0.362,0.39,0,0.506,,,,
54902,20140522,-93.29,41.56,0.344,0.26,0.095,0.411,0.358,0.19,0,0.089,0.425,0.58,0,0.857,,,,,,,,,0.351,0.27,0.036,0.381,,,,
54902,20140523,-93.29,41.56,0.32,0.05,0.238,0.268,0.351,0.1,0,0,0.421,0.5,0,0.714,,,,,,,,,0.336,0.1,0.179,0.238,,,,
54902,20140524,-93.29,41.56,0.296,-0.16,0.381,0.125,0.343,0.01,0,0,0.416,0.39,0,0.571,,,,,,,,,0.32,-0.07,0.321,0.095,,,,
54902,20140525,-93.29,41.56,0.273,-0.36,0.524,0,0.335,-0.09,0.089,0,0.409,0.26,0,0.429,,,,,,,,,0.304,-0.23,0.464,0,,,,
54902,20140526,-93.29,41.56,0.271,-0.37,0.542,0.024,0.327,-0.18,0.232,0,0.403,0.14,0,0.286,,,,,,,,,0.299,-0.28,0.482,0,,,,
54902,20140527,-93.29,41.56,0.274,-0.33,0.542,0.101,0.319,-0.26,0.369,0,0.397,0.04,0,0.143,,,,,,,,,0.297,-0.3,0.482,0,,,,
54902,20140528,-93.29,41.56,0.279,-0.27,0.542,0.101,0.313,-0.33,0.512,0,0.392,-0.05,0,0.03,,,,,,,,,0.296,-0.3,0.482,0,,,,
54902,20140529,-93.29,41.56,0.285,-0.21,0.446,0.101,0.308,-0.38,0.655,0,0.387,-0.13,0,0,,,,,,,,,0.296,-0.28,0.446,0,,,,
54902,20140530,-93.29,41.56,0.288,-0.16,0.304,0.101,0.304,-0.42,0.798,0,0.382,-0.2,0,0,,,,,,,,,0.296,-0.27,0.363,0,,,,
54902,20140531,-93.29,41.56,0.295,-0.08,0.161,0.101,0.3,-0.44,0.94,0,0.377,-0.27,0.113,0,,,,,,,,,0.297,-0.23,0.262,0,,,,
54902,20140601,-93.29,41.56,0.302,0,0.018,0.101,0.298,-0.46,0.994,0,0.373,-0.32,0.256,0,,,,,,,,,0.3,-0.19,0.19,0,,,,
54902,20140602,-93.29,41.56,0.29,-0.1,0.131,0.077,0.295,-0.47,0.994,0,0.368,-0.38,0.399,0,,,,,,,,,0.293,-0.25,0.315,0,,,,
54902,20140603,-93.29,41.56,0.273,-0.23,0.274,0,0.293,-0.49,1,0,0.363,-0.44,0.542,0,,,,,,,,,0.283,-0.34,0.458,0,,,,
54902,20140604,-93.29,41.56,0.27,-0.26,0.357,0.06,0.294,-0.46,0.952,0,0.361,-0.45,0.643,0.036,,,,,,,,,0.282,-0.34,0.542,0.048,,,,
54902,20140605,-93.29,41.56,0.281,-0.16,0.357,0.202,0.303,-0.36,0.81,0,0.369,-0.33,0.643,0.179,,,,,,,,,0.292,-0.24,0.542,0.19,,,,
54902,20140606,-93.29,41.56,0.293,-0.06,0.357,0.286,0.311,-0.26,0.667,0,0.377,-0.21,0.643,0.321,,,,,,,,,0.302,-0.14,0.482,0.19,,,,
54902,20140607,-93.29,41.56,0.302,0.01,0.357,0.286,0.319,-0.17,0.524,0,0.385,-0.09,0.53,0.411,,,,,,,,,0.31,-0.06,0.44,0.19,,,,
54902,20140608,-93.29,41.56,0.31,0.09,0.357,0.286,0.327,-0.08,0.381,0,0.394,0.04,0.387,0.411,,,,,,,,,0.318,0.02,0.369,0.19,,,,
54902,20140609,-93.29,41.56,0.321,0.18,0.226,0.286,0.334,0.01,0.238,0,0.402,0.16,0.244,0.411,,,,,,,,,0.327,0.11,0.226,0.19,,,,
54902,20140610,-93.29,41.56,0.331,0.27,0.083,0.286,0.341,0.08,0.095,0,0.41,0.28,0.101,0.411,,,,,,,,,0.336,0.2,0.083,0.19,,,,
54902,20140611,-93.29,41.56,0.329,0.25,0,0.226,0.343,0.11,0,0,0.413,0.33,0,0.375,,,,,,,,,0.336,0.2,0,0.143,,,,
54902,20140612,-93.29,41.56,0.315,0.13,0,0.083,0.335,0.05,0,0,0.404,0.22,0,0.232,,,,,,,,,0.325,0.1,0,0,,,,
54902,20140613,-93.29,41.56,0.302,0.03,0.048,0,0.327,-0.02,0,0,0.395,0.12,0,0.089,,,,,,,,,0.315,0.01,0,0,,,,
54902,20140614,-93.29,41.56,0.289,-0.08,0.19,0,0.32,-0.1,0.006,0,0.385,0.01,0,0,,,,,,,,,0.304,-0.09,0.143,0,,,,
54902,20140615,-93.29,41.56,0.274,-0.2,0.333,0,0.311,-0.18,0.137,0,0.373,-0.12,0.125,0,,,,,,,,,0.292,-0.19,0.286,0,,,,
54902,20140616,-93.29,41.56,0.259,-0.32,0.476,0,0.301,-0.27,0.28,0,0.358,-0.26,0.268,0,,,,,,,,,0.28,-0.3,0.429,0,,,,
54902,20140617,-93.29,41.56,0.248,-0.41,0.601,0.012,0.295,-0.33,0.393,0,0.343,-0.41,0.411,0,,,,,,,,,0.271,-0.38,0.542,0,,,,
54902,20140618,-93.29,41.56,0.255,-0.35,0.601,0.036,0.295,-0.33,0.393,0,0.328,-0.55,0.554,0,,,,,,,,,0.275,-0.34,0.542,0,,,,
54902,20140619,-93.29,41.56,0.261,-0.29,0.601,0.036,0.295,-0.34,0.393,0,0.316,-0.66,0.696,0,,,,,,,,,0.278,-0.32,0.542,0,,,,
54902,20140620,-93.29,41.56,0.275,-0.18,0.554,0.113,0.298,-0.31,0.393,0,0.305,-0.74,0.839,0,,,,,,,,,0.286,-0.24,0.542,0.036,,,,
54902,20140621,-93.29,41.56,0.294,-0.02,0.411,0.256,0.302,-0.28,0.387,0,0.297,-0.81,0.982,0,,,,,,,,,0.298,-0.14,0.399,0.036,,,,
54902,20140622,-93.29,41.56,0.311,0.13,0.268,0.31,0.306,-0.24,0.256,0,0.292,-0.83,1,0,,,,,,,,,0.309,-0.05,0.256,0.036,,,,
54902,20140623,-93.29,41.56,0.33,0.28,0.125,0.31,0.309,-0.2,0.113,0,0.29,-0.84,1,0,,,,,,,,,0.32,0.05,0.113,0.036,,,,
54902,20140624,-93.29,41.56,0.346,0.41,0,0.298,0.311,-0.19,0,0,0.289,-0.82,1,0,,,,,,,,,0.328,0.13,0,0.036,,,,
54902,20140625,-93.29,41.56,0.344,0.4,0,0.274,0.305,-0.23,0.048,0,0.288,-0.8,1,0,,,,,,,,,0.324,0.1,0,0.036,,,,
54902,20140626,-93.29,41.56,0.343,0.4,0,0.286,0.299,-0.28,0.19,0,0.287,-0.79,1,0,,,,,,,,,0.321,0.08,0,0.036,,,,
54902,20140627,-93.29,41.56,0.35,0.44,0,0.351,0.297,-0.29,0.19,0,0.288,-0.75,0.97,0,,,,,,,,,0.324,0.09,0,0.036,,,,
54902,20140628,-93.29,41.56,0.355,0.48,0,0.351,0.301,-0.26,0.19,0,0.305,-0.6,0.827,0,,,,,,,,,0.328,0.12,0,0.161,,,,
54902,20140629,-93.29,41.56,0.364,0.54,0,0.44,0.31,-0.18,0.19,0.06,0.325,-0.42,0.685,0.077,,,,,,,,,0.337,0.19,0,0.244,,,,
54902,20140630,-93.29,41.56,0.374,0.62,0,0.583,0.322,-0.08,0.19,0.107,0.348,-0.22,0.542,0.22,,,,,,,,,0.348,0.28,0,0.387,,,,
54902,20140701,-93.29,41.56,0.387,0.72,0,0.726,0.337,0.04,0.19,0.22,0.374,-0.01,0.399,0.363,,,,,,,,,0.362,0.39,0,0.53,,,,
54902,20140702,-93.29,41.56,0.398,0.8,0,0.869,0.351,0.16,0.143,0.244,0.397,0.19,0.256,0.506,,,,,,,,,0.374,0.49,0,0.673,,,,
54902,20140703,-93.29,41.56,0.409,0.89,0,1,0.364,0.28,0,0.244,0.421,0.39,0.113,0.649,,,,,,,,,0.387,0.59,0,0.815,,,,
54902,20140704,-93.29,41.56,0.405,0.88,0,1,0.372,0.36,0,0.244,0.439,0.55,0,0.792,,,,,,,,,0.389,0.62,0,0.923,,,,
54902,20140705,-93.29,41.56,0.399,0.84,0,0.97,0.372,0.37,0,0.244,0.443,0.58,0,0.935,,,,,,,,,0.385,0.6,0,0.804,,,,
54902,20140706,-93.29,41.56,0.4,0.86,0,0.97,0.375,0.41,0,0.327,0.447,0.63,0,1,,,,,,,,,0.388,0.63,0,0.863,,,,
54902,20140707,-93.29,41.56,0.398,0.86,0,0.97,0.374,0.42,0,0.417,0.447,0.65,0,1,,,,,,,,,0.386,0.63,0,0.863,,,,
54902,20140708,-93.29,41.56,0.391,0.82,0,0.97,0.37,0.4,0,0.327,0.444,0.64,0,1,,,,,,,,,0.38,0.6,0,0.863,,,,
54902,20140709,-93.29,41.56,0.385,0.79,0,0.97,0.366,0.39,0,0.304,0.441,0.64,0,1,,,,,,,,,0.376,0.58,0,0.815,,,,
54902,20140710,-93.29,41.56,0.378,0.75,0,0.905,0.363,0.37,0,0.304,0.439,0.63,0,1,,,,,,,,,0.37,0.55,0,0.673,,,,
54902,20140711,-93.29,41.56,0.369,0.69,0,0.762,0.359,0.35,0,0.304,0.436,0.62,0,1,,,,,,,,,0.364,0.51,0,0.53,,,,
54902,20140712,-93.29,41.56,0.361,0.65,0,0.649,0.355,0.34,0,0.304,0.434,0.62,0,0.988,,,,,,,,,0.358,0.49,0,0.524,,,,
54902,20140713,-93.29,41.56,0.343,0.53,0,0.506,0.345,0.27,0,0.161,0.426,0.58,0,0.988,,,,,,,,,0.344,0.39,0,0.381,,,,
54902,20140714,-93.29,41.56,0.327,0.43,0,0.363,0.337,0.22,0,0.024,0.42,0.54,0,0.905,,,,,,,,,0.332,0.32,0,0.238,,,,
54902,20140715,-93.29,41.56,0.312,0.34,0,0.22,0.329,0.17,0,0,0.412,0.5,0,0.762,,,,,,,,,0.32,0.25,0,0.095,,,,
54902,20140716,-93.29,41.56,0.297,0.25,0,0.077,0.32,0.12,0,0,0.404,0.45,0,0.619,,,,,,,,,0.309,0.18,0,0,,,,
54902,20140717,-93.29,41.56,0.285,0.18,0,0,0.313,0.08,0,0,0.395,0.4,0,0.476,,,,,,,,,0.299,0.12,0,0,,,,
54902,20140718,-93.29,41.56,0.275,0.13,0,0,0.306,0.04,0,0,0.386,0.35,0,0.333,,,,,,,,,0.29,0.08,0,0,,,,
54902,20140719,-93.29,41.56,0.266,0.09,0,0,0.299,0,0,0,0.376,0.3,0,0.202,,,,,,,,,0.282,0.04,0,0,,,,
54902,20140720,-93.29,41.56,0.257,0.04,0,0,0.291,-0.04,0,0,0.364,0.22,0,0.06,,,,,,,,,0.274,-0.01,0,0,,,,
54902,20140721,-93.29,41.56,0.248,-0.01,0,0,0.283,-0.08,0,0,0.35,0.14,0,0,,,,,,,,,0.266,-0.06,0,0,,,,
54902,20140722,-93.29,41.56,0.241,-0.05,0,0,0.277,-0.11,0,0,0.336,0.06,0,0,,,,,,,,,0.259,-0.09,0,0,,,,
54902,20140723,-93.29,41.56,0.235,-0.08,0,0,0.272,-0.14,0,0,0.324,-0.01,0,0,,,,,,,,,0.254,-0.12,0,0,,,,
54902,20140724,-93.29,41.56,0.229,-0.11,0,0,0.267,-0.16,0,0,0.312,-0.08,0.018,0,,,,,,,,,0.248,-0.15,0,0,,,,
54902,20140725,-93.29,41.56,0.225,-0.13,0,0,0.264,-0.18,0,0,0.3,-0.16,0.155,0,,,,,,,,,0.245,-0.17,0,0.006,,,,
54902,20140726,-93.29,41.56,0.23,-0.07,0,0.113,0.267,-0.13,0,0,0.289,-0.22,0.298,0,,,,,,,,,0.249,-0.11,0,0.006,,,,
54902,20140727,-93.29,41.56,0.235,-0.01,0,0.113,0.27,-0.09,0,0,0.282,-0.27,0.44,0,,,,,,,,,0.253,-0.07,0,0.006,,,,
54902,20140728,-93.29,41.56,0.239,0.04,0,0.113,0.272,-0.05,0,0,0.276,-0.3,0.583,0,,,,,,,,,0.255,-0.03,0,0.006,,,,
54902,20140729,-93.29,41.56,0.241,0.08,0,0.113,0.272,-0.04,0,0,0.272,-0.32,0.726,0,,,,,,,,,0.257,0,0,0.006,,,,
54902,20140730,-93.29,41.56,0.243,0.11,0,0.113,0.272,-0.04,0,0,0.268,-0.35,0.869,0,,,,,,,,,0.257,0.01,0,0.006,,,,
54902,20140731,-93.29,41.56,0.243,0.12,0.075,0.119,0.272,-0.02,0,0,0.269,-0.33,0.919,0,,,,,,,,,0.258,0.02,0.006,0.006,,,,
54902,20140801,-93.29,41.56,0.24,0.1,0.213,0.119,0.27,-0.03,0,0,0.275,-0.27,0.775,0,,,,,,,,,0.255,0.01,0.013,0,,,,
54902,20140802,-93.29,41.56,0.228,-0.01,0.281,0,0.262,-0.09,0,0,0.281,-0.2,0.625,0,,,,,,,,,0.245,-0.08,0.013,0,,,,
54902,20140803,-93.29,41.56,0.217,-0.09,0.306,0,0.256,-0.14,0,0,0.287,-0.13,0.475,0,,,,,,,,,0.236,-0.14,0.013,0,,,,
54902,20140804,-93.29,41.56,0.209,-0.16,0.306,0,0.251,-0.17,0,0,0.293,-0.05,0.325,0,,,,,,,,,0.23,-0.19,0.013,0,,,,
54902,20140805,-93.29,41.56,0.202,-0.22,0.306,0,0.248,-0.19,0,0,0.299,0.02,0.175,0,,,,,,,,,0.225,-0.22,0.013,0,,,,
54902,20140806,-93.29,41.56,0.198,-0.24,0.306,0.019,0.247,-0.19,0,0,0.306,0.11,0.025,0,0.339,-0.01,0,0,0.439,-0.31,0.718,0,0.222,-0.23,0.013,0.006,0.306,-0.13,0,0
54902,20140807,-93.29,41.56,0.221,-0.01,0.22,0.161,0.253,-0.12,0,0,0.308,0.14,0,0,0.339,0,0,0,0.44,-0.29,0.607,0,0.237,-0.07,0.006,0.149,0.312,-0.05,0,0.018
54902,20140808,-93.29,41.56,0.249,0.26,0.089,0.304,0.261,-0.02,0,0.107,0.309,0.18,0,0,0.339,0.01,0,0,0.44,-0.26,0.464,0,0.255,0.12,0,0.292,0.32,0.05,0,0.137
54902,20140809,-93.29,41.56,0.276,0.52,0.024,0.446,0.27,0.09,0,0.25,0.312,0.21,0,0,0.339,0.01,0,0,0.441,-0.23,0.321,0,0.273,0.3,0,0.435,0.328,0.15,0,0.28
54902,20140810,-93.29,41.56,0.302,0.76,0,0.589,0.279,0.19,0,0.393,0.315,0.25,0,0.036,0.339,0.02,0,0,0.441,-0.21,0.185,0,0.291,0.48,0,0.577,0.335,0.24,0,0.423
54902,20140811,-93.29,41.56,0.327,0.98,0,0.732,0.288,0.28,0,0.494,0.318,0.28,0,0.107,0.339,0.02,0,0,0.441,-0.2,0.107,0,0.308,0.64,0,0.72,0.343,0.33,0,0.565
54902,20140812,-93.29,41.56,0.352,1.19,0,0.875,0.297,0.37,0,0.518,0.321,0.31,0,0.143,0.339,0.02,0,0,0.442,-0.19,0.03,0,0.324,0.79,0,0.863,0.35,0.41,0,0.708
54902,20140813,-93.29,41.56,0.373,1.36,0,1,0.305,0.46,0,0.518,0.325,0.33,0,0.143,0.339,0.02,0,0,0.441,-0.18,0.012,0,0.339,0.92,0,1,0.357,0.48,0,0.762
54902,20140814,-93.29,41.56,0.371,1.31,0,1,0.306,0.47,0,0.518,0.328,0.34,0,0.143,0.338,0.02,0,0,0.441,-0.18,0,0,0.338,0.9,0,1,0.357,0.48,0,0.744
54902,20140815,-93.29,41.56,0.364,1.22,0,1,0.304,0.44,0,0.411,0.33,0.34,0,0.143,0.338,0.02,0,0,0.441,-0.18,0.006,0,0.334,0.83,0,1,0.356,0.46,0,0.625
54902,20140816,-93.29,41.56,0.357,1.13,0,1,0.302,0.41,0,0.268,0.331,0.32,0,0.143,0.339,0.02,0,0,0.441,-0.18,0.012,0,0.329,0.76,0,1,0.354,0.44,0,0.482
54902,20140817,-93.29,41.56,0.35,1.04,0,1,0.299,0.38,0,0.125,0.332,0.3,0,0.107,0.338,0.02,0,0,0.441,-0.19,0.048,0,0.325,0.7,0,1,0.352,0.41,0,0.339
54902,20140818,-93.29,41.56,0.344,0.96,0,1,0.297,0.34,0,0.024,0.332,0.27,0,0.036,0.338,0.03,0,0,0.441,-0.2,0.101,0,0.32,0.63,0,0.988,0.35,0.37,0,0.196
54902,20140819,-93.29,41.56,0.338,0.89,0,1,0.294,0.3,0,0,0.332,0.24,0,0,0.338,0.03,0,0,0.442,-0.22,0.173,0,0.316,0.57,0,0.869,0.349,0.34,0,0.054
54902,20140820,-93.29,41.56,0.332,0.82,0,1,0.291,0.26,0,0,0.332,0.21,0,0,0.339,0.03,0,0,0.442,-0.24,0.298,0,0.311,0.52,0,0.726,0.347,0.3,0,0
54902,20140821,-93.29,41.56,0.328,0.77,0,1,0.288,0.22,0,0,0.331,0.18,0,0,0.339,0.03,0,0,0.442,-0.27,0.435,0,0.308,0.47,0,0.583,0.346,0.27,0,0
54902,20140822,-93.29,41.56,0.325,0.72,0,1,0.285,0.19,0,0,0.331,0.15,0,0,0.339,0.03,0,0,0.442,-0.29,0.554,0,0.305,0.43,0,0.44,0.345,0.22,0,0
54902,20140823,-93.29,41.56,0.324,0.69,0,1,0.284,0.17,0,0.012,0.332,0.13,0,0.006,0.339,0.03,0,0,0.443,-0.31,0.649,0,0.304,0.4,0,0.31,0.344,0.18,0,0.006
54902,20140824,-93.29,41.56,0.334,0.75,0,1,0.298,0.27,0,0.155,0.345,0.19,0,0.149,0.348,0.09,0,0.143,0.447,-0.29,0.613,0,0.316,0.48,0,0.31,0.355,0.23,0,0.149
54902,20140825,-93.29,41.56,0.342,0.78,0,1,0.311,0.36,0,0.298,0.358,0.24,0,0.292,0.357,0.15,0,0.286,0.452,-0.24,0.56,0,0.327,0.55,0,0.321,0.364,0.27,0,0.292
54902,20140826,-93.29,41.56,0.35,0.82,0,1,0.324,0.45,0,0.44,0.37,0.29,0,0.435,0.366,0.21,0,0.429,0.457,-0.19,0.488,0,0.337,0.61,0,0.44,0.374,0.32,0,0.435
54902,20140827,-93.29,41.56,0.357,0.85,0,1,0.336,0.54,0,0.583,0.382,0.35,0,0.577,0.375,0.27,0,0.571,0.463,-0.13,0.363,0,0.347,0.67,0,0.583,0.383,0.36,0,0.577
54902,20140828,-93.29,41.56,0.363,0.88,0,1,0.349,0.62,0,0.726,0.393,0.4,0,0.72,0.384,0.31,0,0.667,0.468,-0.07,0.226,0,0.356,0.73,0,0.726,0.391,0.41,0,0.72
54902,20140829,-93.29,41.56,0.377,0.97,0,1,0.367,0.74,0,0.869,0.41,0.49,0,0.863,0.395,0.34,0,0.738,0.475,0,0.101,0,0.372,0.84,0,0.869,0.405,0.51,0,0.863
54902,20140830,-93.29,41.56,0.391,1.05,0,1,0.386,0.87,0,1,0.427,0.58,0,1,0.408,0.39,0,0.857,0.482,0.09,0,0,0.388,0.95,0,1,0.419,0.62,0,1
54902,20140831,-93.29,41.56,0.392,1.04,0,1,0.389,0.86,0,1,0.43,0.58,0,1,0.413,0.37,0,0.857,0.486,0.12,0,0.006,0.39,0.94,0,1,0.422,0.63,0,1
54902,20140901,-93.29,41.56,0.396,1.06,0,1,0.393,0.86,0,1,0.435,0.6,0,1,0.42,0.36,0,0.845,0.489,0.15,0,0.024,0.395,0.96,0,1,0.427,0.65,0,1
54902,20140902,-93.29,41.56,0.402,1.09,0,1,0.398,0.88,0,1,0.442,0.63,0,1,0.429,0.38,0,0.845,0.491,0.18,0,0.036,0.4,0.97,0,1,0.432,0.68,0,1
54902,20140903,-93.29,41.56,0.407,1.12,0,1,0.403,0.89,0,1,0.448,0.65,0,1,0.438,0.39,0,0.845,0.494,0.2,0,0.036,0.405,0.99,0,1,0.438,0.71,0,1
54902,20140904,-93.29,41.56,0.412,1.16,0,1,0.408,0.91,0,1,0.455,0.68,0,1,0.447,0.42,0,0.893,0.497,0.23,0,0.048,0.41,1.01,0,1,0.444,0.74,0,1
54902,20140905,-93.29,41.56,0.408,1.13,0,1,0.406,0.87,0,1,0.455,0.67,0,1,0.452,0.45,0,0.964,0.498,0.23,0,0.083,0.407,0.97,0,1,0.444,0.73,0,1
54902,20140906,-93.29,41.56,0.401,1.09,0,1,0.402,0.83,0,1,0.455,0.66,0,1,0.456,0.48,0,0.988,0.5,0.24,0,0.143,0.402,0.93,0,1,0.443,0.71,0,1
54902,20140907,-93.29,41.56,0.396,1.05,0,1,0.399,0.79,0,1,0.454,0.65,0,1,0.459,0.5,0,0.988,0.501,0.25,0,0.214,0.397,0.89,0,1,0.442,0.69,0,1
54902,20140908,-93.29,41.56,0.388,1,0,1,0.394,0.75,0,1,0.451,0.63,0,1,0.46,0.5,0,1,0.502,0.26,0,0.262,0.391,0.85,0,1,0.439,0.67,0,1
54902,20140909,-93.29,41.56,0.381,0.96,0,1,0.39,0.7,0,1,0.447,0.61,0,1,0.459,0.49,0,1,0.503,0.26,0,0.31,0.385,0.81,0,1,0.436,0.64,0,1
54902,20140910,-93.29,41.56,0.382,0.98,0,1,0.391,0.71,0,1,0.448,0.62,0,1,0.46,0.49,0,1,0.504,0.27,0,0.429,0.387,0.83,0,1,0.437,0.65,0,1
54902,20140911,-93.29,41.56,0.386,1.02,0,1,0.393,0.71,0,1,0.449,0.63,0,1,0.461,0.5,0,1,0.506,0.29,0,0.56,0.389,0.86,0,1,0.439,0.67,0,1
54902,20140912,-93.29,41.56,0.389,1.05,0,1,0.395,0.72,0,1,0.45,0.64,0,1,0.462,0.51,0,1,0.507,0.3,0,0.655,0.392,0.88,0,1,0.44,0.68,0,1
54902,20140913,-93.29,41.56,0.395,1.09,0,1,0.398,0.74,0,1,0.451,0.65,0,1,0.463,0.51,0,1,0.508,0.31,0,0.738,0.397,0.91,0,1,0.443,0.7,0,1
54902,20140914,-93.29,41.56,0.401,1.14,0,1,0.402,0.75,0,1,0.453,0.66,0,1,0.463,0.52,0,1,0.509,0.32,0,0.792,0.401,0.94,0,1,0.445,0.72,0,1
54902,20140915,-93.29,41.56,0.407,1.18,0,1,0.405,0.77,0,1,0.455,0.68,0,1,0.464,0.53,0,1,0.51,0.33,0,0.851,0.406,0.97,0,1,0.448,0.74,0,1
54902,20140916,-93.29,41.56,0.413,1.21,0,1,0.408,0.79,0,1,0.457,0.69,0,1,0.465,0.54,0,1,0.511,0.34,0,0.923,0.41,0.99,0,1,0.451,0.76,0,1
54902,20140917,-93.29,41.56,0.41,1.19,0,1,0.406,0.76,0,1,0.454,0.67,0,1,0.464,0.53,0,1,0.511,0.34,0,0.935,0.408,0.96,0,1,0.449,0.74,0,1
54902,20140918,-93.29,41.56,0.406,1.15,0,1,0.403,0.74,0,1,0.452,0.66,0,1,0.462,0.52,0,1,0.511,0.34,0,0.929,0.405,0.93,0,1,0.447,0.72,0,1
54902,20140919,-93.29,41.56,0.403,1.12,0,1,0.401,0.71,0,1,0.45,0.65,0,1,0.461,0.52,0,1,0.512,0.34,0,0.94,0.402,0.9,0,1,0.445,0.7,0,1
54902,20140920,-93.29,41.56,0.396,1.07,0,1,0.397,0.68,0,1,0.447,0.63,0,1,0.46,0.51,0,1,0.512,0.34,0,0.929,0.396,0.85,0,1,0.442,0.68,0,1
54902,20140921,-93.29,41.56,0.39,1.03,0,1,0.394,0.65,0,1,0.445,0.61,0,1,0.459,0.5,0,1,0.512,0.34,0,0.94,0.392,0.82,0,1,0.44,0.66,0,1
54902,20140922,-93.29,41.56,0.384,0.98,0,1,0.391,0.63,0,1,0.443,0.6,0,1,0.458,0.5,0,1,0.512,0.34,0,0.946,0.387,0.78,0,1,0.438,0.64,0,1
54902,20140923,-93.29,41.56,0.377,0.92,0,1,0.387,0.6,0,1,0.441,0.58,0,1,0.457,0.49,0,1,0.513,0.34,0,0.946,0.382,0.74,0,1,0.435,0.62,0,1
54902,20140924,-93.29,41.56,0.37,0.87,0,1,0.384,0.57,0,1,0.439,0.57,0,1,0.456,0.49,0,1,0.512,0.34,0,0.917,0.377,0.7,0,1,0.432,0.6,0,1
54902,20140925,-93.29,41.56,0.364,0.82,0,1,0.38,0.54,0,1,0.437,0.55,0,1,0.454,0.48,0,1,0.513,0.34,0,0.911,0.372,0.66,0,1,0.429,0.58,0,1
54902,20140926,-93.29,41.56,0.358,0.77,0,1,0.377,0.51,0,1,0.435,0.54,0,1,0.453,0.48,0,1,0.513,0.33,0,0.905,0.368,0.63,0,1,0.427,0.56,0,1
54902,20140927,-93.29,41.56,0.353,0.73,0,1,0.374,0.48,0,1,0.433,0.52,0,1,0.452,0.47,0,1,0.513,0.33,0,0.887,0.364,0.6,0,1,0.425,0.54,0,1
54902,20140928,-93.29,41.56,0.348,0.7,0,1,0.371,0.45,0,0.976,0.431,0.5,0,1,0.451,0.47,0,1,0.512,0.33,0,0.875,0.36,0.56,0,0.982,0.423,0.52,0,1
54902,20140929,-93.29,41.56,0.343,0.66,0,0.952,0.368,0.42,0,0.887,0.429,0.49,0,1,0.451,0.47,0,1,0.512,0.32,0,0.875,0.356,0.53,0,0.917,0.421,0.5,0,1
54902,20140930,-93.29,41.56,0.338,0.62,0,0.81,0.365,0.39,0,0.744,0.428,0.47,0,1,0.45,0.47,0,1,0.512,0.32,0,0.887,0.352,0.5,0,0.774,0.419,0.48,0,1
54902,20141001,-93.29,41.56,0.333,0.58,0,0.667,0.362,0.37,0,0.601,0.426,0.45,0,1,0.449,0.47,0,1,0.513,0.33,0,0.923,0.348,0.48,0,0.631,0.417,0.47,0,0.994
54902,20141002,-93.29,41.56,0.329,0.55,0,0.524,0.36,0.35,0,0.458,0.424,0.44,0,1,0.449,0.48,0,1,0.513,0.33,0,0.935,0.344,0.45,0,0.488,0.415,0.45,0,0.994
54902,20141003,-93.29,41.56,0.325,0.53,0,0.381,0.357,0.34,0,0.315,0.422,0.42,0,1,0.448,0.48,0,1,0.513,0.33,0,0.94,0.341,0.44,0,0.345,0.413,0.43,0,0.988
54902,20141004,-93.29,41.56,0.321,0.5,0,0.238,0.355,0.32,0,0.173,0.42,0.41,0,1,0.448,0.48,0,1,0.514,0.33,0,0.964,0.338,0.42,0,0.202,0.411,0.42,0,0.929
54902,20141005,-93.29,41.56,0.317,0.47,0,0.095,0.353,0.31,0,0.054,0.417,0.4,0,1,0.447,0.48,0,1,0.514,0.34,0,0.964,0.335,0.4,0,0.077,0.41,0.4,0,0.786
54902,20141006,-93.29,41.56,0.314,0.46,0,0,0.351,0.29,0,0,0.415,0.38,0,1,0.445,0.47,0,1,0.514,0.33,0,0.97,0.332,0.39,0,0,0.408,0.39,0,0.643
54902,20141007,-93.29,41.56,0.312,0.45,0,0,0.349,0.28,0,0,0.412,0.37,0,0.988,0.444,0.46,0,1,0.514,0.33,0,0.952,0.331,0.38,0,0,0.406,0.38,0,0.5
54902,20141008,-93.29,41.56,0.311,0.44,0,0,0.347,0.26,0,0,0.41,0.35,0,0.869,0.443,0.45,0,1,0.513,0.32,0,0.893,0.329,0.37,0,0,0.405,0.37,0,0.363
54902,20141009,-93.29,41.56,0.31,0.43,0,0.018,0.346,0.25,0,0,0.407,0.33,0,0.726,0.441,0.44,0,1,0.512,0.3,0,0.774,0.328,0.36,0,0.018,0.403,0.35,0,0.22
54902,20141010,-93.29,41.56,0.314,0.45,0,0.161,0.345,0.24,0,0,0.404,0.31,0,0.583,0.44,0.43,0,1,0.511,0.28,0,0.649,0.33,0.37,0,0.071,0.403,0.35,0,0.083
54902,20141011,-93.29,41.56,0.319,0.48,0,0.304,0.345,0.23,0,0,0.401,0.29,0,0.44,0.438,0.42,0,1,0.51,0.26,0,0.518,0.332,0.37,0,0.071,0.403,0.34,0,0
54902,20141012,-93.29,41.56,0.324,0.5,0,0.446,0.345,0.22,0,0,0.399,0.27,0,0.298,0.437,0.41,0,0.994,0.508,0.24,0,0.387,0.335,0.37,0,0.071,0.403,0.33,0,0
54902,20141013,-93.29,41.56,0.328,0.52,0,0.589,0.346,0.21,0,0,0.398,0.25,0,0.155,0.436,0.4,0,0.994,0.507,0.21,0,0.25,0.337,0.38,0,0.071,0.403,0.33,0,0
54902,20141014,-93.29,41.56,0.343,0.6,0,0.732,0.355,0.26,0,0.113,0.404,0.28,0,0.137,0.437,0.4,0,0.988,0.506,0.2,0,0.131,0.349,0.44,0,0.19,0.409,0.37,0,0.113
54902,20141015,-93.29,41.56,0.359,0.68,0,0.875,0.365,0.31,0,0.256,0.412,0.32,0,0.256,0.44,0.42,0,0.988,0.506,0.19,0,0.077,0.362,0.5,0,0.333,0.416,0.42,0,0.256
54902,20141016,-93.29,41.56,0.372,0.75,0,1,0.373,0.35,0,0.399,0.418,0.35,0,0.399,0.442,0.43,0,0.988,0.506,0.19,0,0.107,0.372,0.56,0,0.458,0.422,0.46,0,0.399
54902,20141017,-93.29,41.56,0.378,0.77,0,1,0.379,0.38,0,0.542,0.424,0.38,0,0.542,0.444,0.43,0,0.988,0.506,0.2,0,0.173,0.379,0.59,0,0.548,0.426,0.48,0,0.542
54902,20141018,-93.29,41.56,0.384,0.8,0,1,0.385,0.41,0,0.685,0.429,0.41,0,0.685,0.446,0.43,0,0.982,0.507,0.21,0,0.256,0.385,0.62,0,0.69,0.43,0.51,0,0.685
54902,20141019,-93.29,41.56,0.391,0.82,0,1,0.391,0.44,0,0.827,0.435,0.44,0,0.827,0.448,0.42,0,0.988,0.508,0.23,0,0.339,0.391,0.65,0,0.833,0.435,0.54,0,0.827
54902,20141020,-93.29,41.56,0.396,0.84,0,1,0.397,0.47,0,0.97,0.44,0.47,0,0.97,0.451,0.42,0,0.982,0.508,0.24,0,0.435,0.397,0.69,0,0.976,0.438,0.57,0,0.97
54902,20141021,-93.29,41.56,0.389,0.79,0,1,0.393,0.44,0,1,0.438,0.44,0,1,0.451,0.4,0,0.988,0.509,0.26,0,0.536,0.391,0.65,0,1,0.436,0.55,0,1
54902,20141022,-93.29,41.56,0.382,0.74,0,1,0.389,0.42,0,1,0.434,0.42,0,1,0.45,0.37,0,0.988,0.51,0.27,0,0.613,0.386,0.62,0,1,0.433,0.53,0,1
54902,20141023,-93.29,41.56,0.376,0.69,0,1,0.386,0.4,0,1,0.432,0.4,0,1,0.449,0.35,0,0.988,0.51,0.28,0,0.655,0.381,0.59,0,1,0.43,0.51,0,1
54902,20141024,-93.29,41.56,0.37,0.65,0,1,0.384,0.39,0,1,0.43,0.4,0,1,0.448,0.34,0,0.988,0.51,0.28,0,0.673,0.377,0.57,0,1,0.428,0.49,0,1
54902,20141025,-93.29,41.56,0.364,0.61,0,1,0.382,0.39,0,1,0.429,0.39,0,1,0.448,0.34,0,0.994,0.51,0.29,0,0.69,0.373,0.56,0,1,0.426,0.48,0,1
54902,20141026,-93.29,41.56,0.358,0.57,0,1,0.38,0.38,0,1,0.428,0.39,0,1,0.447,0.33,0,0.988,0.51,0.3,0,0.732,0.369,0.54,0,1,0.425,0.47,0,1
54902,20141027,-93.29,41.56,0.352,0.53,0,1,0.378,0.38,0,1,0.427,0.39,0,1,0.447,0.33,0,0.994,0.511,0.32,0,0.774,0.365,0.53,0,1,0.423,0.46,0,1
54902,20141028,-93.29,41.56,0.347,0.49,0,1,0.377,0.38,0,1,0.426,0.39,0,1,0.446,0.32,0,0.988,0.511,0.33,0,0.78,0.362,0.52,0,1,0.421,0.45,0,1
54902,20141029,-93.29,41.56,0.342,0.46,0,0.97,0.375,0.38,0,1,0.425,0.39,0,1,0.445,0.31,0,0.988,0.511,0.35,0,0.821,0.358,0.5,0,1,0.42,0.45,0,1
54902,20141030,-93.29,41.56,0.337,0.42,0,0.833,0.374,0.38,0,1,0.424,0.39,0,1,0.445,0.31,0,0.988,0.511,0.37,0,0.863,0.355,0.48,0,1,0.418,0.44,0,1
54902,20141031,-93.29,41.56,0.331,0.38,0,0.69,0.372,0.37,0,1,0.422,0.39,0,1,0.444,0.3,0,0.97,0.511,0.39,0,0.899,0.351,0.46,0,1,0.416,0.43,0,1
54902,20141101,-93.29,41.56,0.325,0.33,0,0.548,0.369,0.36,0,1,0.42,0.38,0,1,0.443,0.3,0,0.946,0.511,0.41,0,0.935,0.347,0.43,0,0.988,0.414,0.41,0,1
54902,20141102,-93.29,41.56,0.319,0.29,0,0.405,0.366,0.34,0,0.97,0.418,0.37,0,1,0.442,0.29,0,0.923,0.512,0.43,0,0.946,0.343,0.4,0,0.905,0.411,0.39,0,1
54902,20141103,-93.29,41.56,0.314,0.26,0,0.262,0.364,0.33,0,0.964,0.416,0.37,0,1,0.441,0.28,0,0.863,0.511,0.44,0,0.946,0.339,0.36,0,0.804,0.409,0.38,0,1
54902,20141104,-93.29,41.56,0.31,0.23,0,0.119,0.361,0.31,0,0.946,0.413,0.36,0,1,0.439,0.27,0,0.798,0.511,0.45,0,0.976,0.335,0.33,0,0.667,0.407,0.36,0,1
54902,20141105,-93.29,41.56,0.306,0.2,0,0.006,0.358,0.29,0,0.911,0.411,0.36,0,1,0.438,0.27,0,0.714,0.51,0.45,0,0.976,0.332,0.3,0,0.524,0.405,0.35,0,1
54902,20141106,-93.29,41.56,0.303,0.17,0,0,0.356,0.28,0,0.815,0.41,0.36,0,1,0.437,0.26,0,0.661,0.51,0.46,0,0.976,0.329,0.27,0,0.381,0.403,0.34,0,1
54902,20141107,-93.29,41.56,0.299,0.14,0,0,0.354,0.26,0,0.673,0.408,0.36,0,1,0.436,0.26,0,0.619,0.509,0.46,0,0.97,0.326,0.24,0,0.238,0.401,0.33,0,1
54902,20141108,-93.29,41.56,0.296,0.11,0,0,0.351,0.24,0,0.53,0.406,0.35,0,1,0.435,0.26,0,0.601,0.509,0.46,0,0.97,0.324,0.21,0,0.107,0.399,0.32,0,1
54902,20141109,-93.29,41.56,0.293,0.07,0,0,0.349,0.23,0,0.417,0.404,0.35,0,1,0.434,0.25,0,0.56,0.508,0.46,0,0.976,0.321,0.18,0,0.048,0.398,0.32,0,1
54902,20141110,-93.29,41.56,0.29,0.03,0,0,0.347,0.21,0,0.28,0.402,0.34,0,1,0.433,0.25,0,0.536,0.507,0.46,0,0.964,0.319,0.15,0,0.006,0.396,0.31,0,0.988
54902,20141111,-93.29,41.56,0.287,-0.01,0,0,0.345,0.19,0,0.155,0.401,0.33,0,1,0.432,0.25,0,0.554,0.506,0.46,0,0.952,0.316,0.13,0,0,0.394,0.3,0,0.982
54902,20141112,-93.29,41.56,0.284,-0.05,0,0,0.342,0.17,0,0.048,0.399,0.31,0,1,0.432,0.25,0,0.571,0.505,0.44,0,0.887,0.313,0.09,0,0,0.392,0.28,0,0.857
54902,20141113,-93.29,41.56,0.28,-0.1,0,0,0.34,0.14,0,0,0.396,0.29,0,0.988,0.43,0.24,0,0.524,0.503,0.42,0,0.804,0.31,0.06,0,0,0.39,0.26,0,0.714
54902,20141114,-93.29,41.56,0.278,-0.14,0,0,0.337,0.12,0,0,0.394,0.27,0,0.94,0.429,0.24,0,0.488,0.502,0.4,0,0.756,0.307,0.03,0,0,0.388,0.24,0,0.571
54902,20141115,-93.29,41.56,0.275,-0.18,0.006,0,0.335,0.1,0,0,0.391,0.24,0,0.81,0.428,0.24,0,0.429,0.5,0.37,0,0.649,0.305,0,0,0,0.386,0.21,0,0.429
54902,20141116,-93.29,41.56,0.272,-0.21,0.024,0,0.332,0.07,0,0,0.389,0.22,0,0.667,0.427,0.23,0,0.357,0.498,0.34,0,0.554,0.302,-0.03,0,0,0.384,0.19,0,0.286
54902,20141117,-93.29,41.56,0.27,-0.24,0.077,0,0.33,0.05,0,0,0.387,0.19,0,0.524,0.425,0.23,0,0.298,0.497,0.32,0,0.488,0.3,-0.06,0,0,0.382,0.16,0,0.155
54902,20141118,-93.29,41.56,0.271,-0.24,0.077,0,0.328,0.03,0,0,0.385,0.17,0,0.381,0.424,0.22,0,0.208,0.495,0.3,0,0.387,0.3,-0.07,0,0,0.381,0.14,0,0.018
54902,20141119,-93.29,41.56,0.273,-0.22,0.077,0,0.326,0.01,0,0,0.383,0.14,0,0.238,0.422,0.21,0,0.131,0.495,0.29,0,0.333,0.299,-0.08,0,0,0.38,0.13,0,0
54902,20141120,-93.29,41.56,0.274,-0.21,0.081,0,0.326,0.01,0,0.012,0.381,0.12,0,0.107,0.421,0.21,0,0.089,0.494,0.27,0,0.28,0.3,-0.08,0,0,0.379,0.12,0,0
54902,20141121,-93.29,41.56,0.275,-0.2,0.096,0,0.329,0.04,0,0.048,0.379,0.1,0,0.012,0.419,0.2,0,0.042,0.492,0.25,0,0.22,0.3,-0.08,0,0,0.379,0.11,0,0
54902,20141122,-93.29,41.56,,,,,0.335,0.09,0,0.143,0.378,0.08,0,0,0.418,0.19,0,0,0.491,0.23,0,0.196,,,,,,,,
54902,20141123,-93.29,41.56,,,,,0.335,0.09,0,0.143,0.377,0.06,0,0,0.417,0.19,0,0,0.49,0.22,0,0.155,,,,,,,,
54902,20141124,-93.29,41.56,,,,,0.335,0.09,0,0.143,0.377,0.06,0,0,0.416,0.18,0,0,0.489,0.19,0,0.095,,,,,,,,
54902,20141125,-93.29,41.56,,,,,0.335,0.08,0,0.143,0.376,0.05,0,0,0.415,0.18,0,0.006,0.488,0.17,0,0.071,,,,,,,,
54902,20141126,-93.29,41.56,,,,,0.335,0.08,0,0.144,0.376,0.05,0,0,0.415,0.19,0,0.006,0.487,0.16,0,0.048,,,,,,,,
54902,20141127,-93.29,41.56,,,,,0.334,0.06,0,0.132,0.376,0.04,0,0,0.415,0.19,0,0.006,0.487,0.15,0,0.054,,,,,,,,
54902,20141128,-93.29,41.56,0.256,-0.44,0.985,0,0.329,0.01,0,0.096,0.376,0.04,0,0,0.415,0.19,0,0.006,0.486,0.14,0,0.036,0.29,-0.31,0.081,0,0.371,-0.01,0,0
54902,20141129,-93.29,41.56,0.257,-0.43,0.943,0,0.323,-0.06,0,0,0.376,0.04,0,0,0.415,0.19,0,0.006,0.486,0.14,0,0.036,0.29,-0.31,0.075,0,0.371,-0.01,0,0
54902,20141130,-93.29,41.56,0.257,-0.43,0.922,0,0.323,-0.07,0,0,0.376,0.04,0,0,0.415,0.2,0,0.006,0.486,0.14,0,0.036,0.29,-0.31,0.06,0,0.371,-0.01,0,0
54902,20141201,-93.29,41.56,0.257,-0.43,0.886,0,0.322,-0.08,0,0,0.376,0.04,0,0,0.415,0.2,0,0.006,0.486,0.14,0,0.054,0.29,-0.32,0.06,0,0.371,-0.02,0,0
54902,20141202,-93.29,41.56,0.26,-0.4,0.743,0,0.322,-0.08,0,0,0.375,0.03,0,0,0.415,0.19,0,0,0.485,0.14,0,0.048,0.291,-0.31,0.06,0,0.372,-0.02,0,0
54902,20141203,-93.29,41.56,0.261,-0.4,0.701,0,0.33,0,0,0.131,0.374,0.02,0,0,0.414,0.19,0,0,0.485,0.14,0,0.06,0.292,-0.3,0.069,0,0.372,-0.02,0,0
54902,20141204,-93.29,41.56,,,,,0.337,0.08,0,0.274,0.374,0.02,0,0,0.413,0.18,0,0,0.485,0.13,0,0.054,,,,,,,,
54902,20141205,-93.29,41.56,,,,,0.344,0.16,0,0.417,0.373,0.01,0,0,0.413,0.18,0,0,0.485,0.13,0,0.054,,,,,,,,
54902,20141206,-93.29,41.56,,,,,0.352,0.23,0,0.56,0.373,0.01,0,0,0.412,0.17,0,0,0.484,0.12,0,0.042,,,,,,,,
54902,20141207,-93.29,41.56,,,,,0.353,0.24,0,0.595,0.373,0,0,0,0.412,0.16,0,0,0.484,0.12,0,0.036,,,,,,,,
54902,20141208,-93.29,41.56,,,,,0.353,0.23,0,0.595,0.372,0,0,0,0.411,0.16,0,0,0.484,0.12,0,0.018,,,,,,,,
54902,20141209,-93.29,41.56,,,,,0.352,0.21,0,0.595,0.372,-0.01,0,0,0.411,0.15,0,0,0.484,0.11,0,0.018,,,,,,,,
54902,20141210,-93.29,41.56,,,,,0.345,0.12,0,0.464,0.372,-0.01,0,0,0.411,0.15,0,0,0.484,0.1,0,0.006,,,,,,,,
54902,20141211,-93.29,41.56,,,,,0.338,0.02,0,0.321,0.372,-0.01,0,0,0.411,0.14,0,0,0.484,0.1,0,0.006,,,,,,,,
54902,20141212,-93.29,41.56,0.259,-0.6,1,0,0.331,-0.08,0,0.179,0.372,-0.01,0,0,0.411,0.12,0,0,0.483,0.09,0,0,0.291,-0.44,0.978,0,0.369,-0.12,0,0
54902,20141213,-93.29,41.56,0.259,-0.62,1,0,0.324,-0.17,0,0.036,0.372,-0.01,0,0,0.411,0.11,0,0,0.483,0.08,0,0,0.291,-0.44,0.981,0,0.37,-0.13,0,0
54902,20141214,-93.29,41.56,0.26,-0.64,1,0,0.323,-0.19,0,0,0.373,0,0,0,0.411,0.09,0,0,0.483,0.08,0,0,0.291,-0.44,0.982,0,0.37,-0.14,0,0
54902,20141215,-93.29,41.56,0.259,-0.68,1,0,0.325,-0.18,0,0,0.374,0.01,0,0,0.411,0.08,0,0,0.483,0.07,0,0,0.292,-0.44,1,0,0.37,-0.14,0,0
54902,20141216,-93.29,41.56,0.267,-0.61,0.917,0,0.328,-0.15,0,0,0.375,0.03,0,0,0.411,0.06,0,0,0.482,0.07,0,0,0.298,-0.38,0.917,0,0.373,-0.11,0,0
54902,20141217,-93.29,41.56,0.279,-0.49,0.774,0,0.333,-0.1,0,0,0.376,0.04,0,0,0.412,0.06,0,0,0.482,0.07,0,0,0.306,-0.29,0.774,0,0.377,-0.06,0,0
54902,20141218,-93.29,41.56,0.29,-0.39,0.631,0,0.338,-0.05,0,0,0.377,0.05,0,0,0.412,0.05,0,0,0.482,0.07,0,0,0.314,-0.21,0.631,0,0.38,-0.03,0,0
54902,20141219,-93.29,41.56,0.301,-0.28,0.488,0,0.342,-0.01,0,0,0.377,0.05,0,0,0.412,0.05,0,0,0.482,0.07,0,0,0.321,-0.14,0.488,0,0.383,0,0,0
54902,20141220,-93.29,41.56,0.31,-0.18,0.345,0,0.345,0.02,0,0,0.377,0.05,0,0,0.412,0.05,0,0,0.482,0.07,0,0,0.328,-0.07,0.345,0,0.386,0.03,0,0
54902,20141221,-93.29,41.56,0.319,-0.09,0.224,0,0.348,0.05,0,0,0.377,0.05,0,0,0.412,0.05,0,0,0.482,0.06,0,0,0.334,-0.01,0.224,0,0.388,0.06,0,0
54902,20141222,-93.29,41.56,0.328,0.03,0.078,0,0.351,0.08,0,0,0.377,0.04,0,0,0.412,0.05,0,0,0.482,0.06,0,0,0.34,0.06,0.078,0,0.39,0.09,0,0
54902,20141223,-93.29,41.56,0.336,0.07,0,0,0.356,0.13,0,0.077,0.378,0.05,0,0.048,0.412,0.04,0,0,0.482,0.06,0,0,0.346,0.08,0,0,0.393,0.09,0,0
54902,20141224,-93.29,41.56,0.341,0.03,0,0,0.361,0.19,0,0.22,0.383,0.12,0,0.19,0.411,0.04,0,0,0.482,0.05,0,0,0.351,0.05,0,0,0.396,0.05,0,0
54902,20141225,-93.29,41.56,0.347,0.01,0,0,0.367,0.27,0,0.363,0.389,0.19,0,0.333,0.412,0.04,0,0,0.482,0.05,0,0,0.357,0.03,0,0,0.399,0.03,0,0
54902,20141226,-93.29,41.56,0.353,0,0,0,0.372,0.35,0,0.506,0.394,0.26,0,0.476,0.412,0.04,0,0,0.481,0.05,0,0,0.363,0.01,0,0,0.402,0.02,0,0
54902,20141227,-93.29,41.56,0.359,-0.01,0,0,0.377,0.42,0,0.649,0.399,0.33,0,0.619,0.412,0.04,0,0,0.481,0.05,0,0,0.368,0,0,0,0.406,0.01,0,0
54902,20141228,-93.29,41.56,0.365,0,0,0,0.382,0.5,0,0.792,0.405,0.39,0,0.762,0.413,0.05,0,0,0.481,0.04,0,0,0.373,-0.01,0,0,0.409,0,0,0
54902,20141229,-93.29,41.56,0.369,,,,0.386,0.56,0,0.905,0.409,0.45,0,0.887,0.413,0.05,0,0,0.481,0.04,0,0,0.378,,,,0.412,,,
54902,20141230,-93.29,41.56,0.368,,,,0.386,0.56,0,0.875,0.412,0.48,0,0.94,0.414,0.06,0,0,0.481,0.04,0,0,0.377,,,,0.412,,,
54902,20141231,-93.29,41.56,0.365,,,,0.385,0.54,0,0.804,0.41,0.46,0,0.863,0.415,0.06,0,0,0.481,0.04,0,0,0.375,,,,0.411,,,
54902,20150101,-93.29,41.56,0.362,,,,0.386,0.55,0,0.79,0.408,0.43,0,0.774,0.415,0.07,0,0,0.481,0.04,0,0,0.373,,,,0.41,,,
54902,20150102,-93.29,41.56,,,,,0.388,0.54,0,0.752,0.407,0.42,0,0.714,0.415,0.06,0,0,0.481,0.03,0,0,,,,,,,,
54902,20150103,-93.29,41.56,,,,,0.39,0.53,0,0.697,0.405,0.4,0,0.595,0.415,0.06,0,0,0.48,0.03,0,0,,,,,,,,
54902,20150104,-93.29,41.56,,,,,0.392,0.53,0,0.612,0.404,0.39,0,0.488,0.414,0.05,0,0,0.48,0.02,0,0,,,,,,,,
54902,20150105,-93.29,41.56,,,,,0.394,0.54,0,0.541,0.403,0.38,0,0.375,0.414,0.04,0,0,0.479,0.01,0,0,,,,,,,,
54902,20150106,-93.29,41.56,,,,,0.397,0.61,0,0.676,0.402,0.38,0,0.333,0.414,0.03,0,0,0.479,0.01,0,0,,,,,,,,
54902,20150107,-93.29,41.56,,,,,,,,,0.402,0.4,0,0.405,0.413,0.03,0,0,0.479,0,0,0,,,,,,,,
54902,20150108,-93.29,41.56,,,,,,,,,0.402,0.41,0,0.452,0.413,0.02,0,0,0.479,0,0,0,,,,,,,,
54902,20150109,-93.29,41.56,,,,,,,,,0.403,0.42,0,0.47,0.413,0.01,0,0,0.478,-0.01,0,0,,,,,,,,
54902,20150110,-93.29,41.56,,,,,,,,,0.403,0.42,0,0.5,0.412,0,0,0,0.478,-0.01,0,0,,,,,,,,
54902,20150111,-93.29,41.56,,,,,,,,,0.404,0.42,0,0.518,0.412,-0.01,0,0,0.478,-0.01,0,0,,,,,,,,
54902,20150112,-93.29,41.56,,,,,,,,,0.404,0.41,0,0.524,0.412,-0.02,0,0,0.478,-0.01,0,0,,,,,,,,
54902,20150113,-93.29,41.56,,,,,,,,,0.405,0.39,0,0.47,0.412,-0.03,0,0,0.478,-0.02,0,0,,,,,,,,
54902,20150114,-93.29,41.56,,,,,,,,,0.404,0.36,0,0.333,0.411,-0.04,0,0,0.477,-0.03,0,0,,,,,,,,
54902,20150115,-93.29,41.56,,,,,,,,,0.404,0.33,0,0.232,0.411,-0.06,0,0,0.477,-0.03,0,0,,,,,,,,
54902,20150116,-93.29,41.56,,,,,,,,,0.404,0.31,0,0.131,0.411,-0.07,0,0,0.477,-0.03,0,0,,,,,,,,
54902,20150117,-93.29,41.56,,,,,,,,,0.404,0.29,0,0.077,0.41,-0.08,0,0,0.477,-0.04,0,0,,,,,,,,
54902,20150118,-93.29,41.56,,,,,,,,,0.406,0.34,0,0.143,0.41,-0.09,0,0,0.477,-0.05,0,0,,,,,,,,
54902,20150119,-93.29,41.56,,,,,,,,,0.408,0.39,0,0.268,0.41,-0.1,0,0,0.477,-0.05,0,0,,,,,,,,
54902,20150120,-93.29,41.56,,,,,,,,,0.409,0.43,0,0.405,0.411,-0.1,0,0,0.476,-0.06,0,0,,,,,,,,
54902,20150121,-93.29,41.56,,,,,,,,,0.411,0.47,0,0.548,0.411,-0.1,0,0,0.477,-0.06,0,0,,,,,,,,
54902,20150122,-93.29,41.56,,,,,,,,,0.412,0.51,0,0.69,0.412,-0.1,0,0,0.477,-0.06,0,0,,,,,,,,
54902,20150123,-93.29,41.56,,,,,,,,,0.413,0.55,0,0.833,0.412,-0.1,0,0,0.477,-0.07,0,0,,,,,,,,
54902,20150124,-93.29,41.56,,,,,,,,,0.414,0.6,0,0.976,0.413,-0.09,0,0,0.477,-0.07,0,0,,,,,,,,
54902,20150125,-93.29,41.56,,,,,,,,,0.413,0.58,0,1,0.413,-0.09,0,0,0.477,-0.07,0,0,,,,,,,,
54902,20150126,-93.29,41.56,,,,,,,,,0.415,0.63,0,1,0.414,-0.08,0,0,0.477,-0.07,0,0,,,,,,,,
54902,20150127,-93.29,41.56,,,,,,,,,0.418,0.72,0,1,0.417,-0.03,0,0.089,0.478,-0.07,0,0,,,,,,,,
54902,20150128,-93.29,41.56,,,,,,,,,0.422,0.8,0,1,0.42,0.03,0,0.155,0.479,-0.05,0,0,,,,,,,,
54902,20150129,-93.29,41.56,,,,,,,,,0.426,0.88,0,1,0.422,0.07,0,0.208,0.48,-0.04,0,0,,,,,,,,
54902,20150130,-93.29,41.56,,,,,,,,,0.43,0.98,0,1,0.424,0.12,0,0.268,0.481,-0.03,0,0,,,,,,,,
54902,20150131,-93.29,41.56,,,,,,,,,0.432,1.12,0,1,0.426,0.17,0,0.315,0.482,-0.01,0,0.006,,,,,,,,
54902,20150201,-93.29,41.56,,,,,,,,,0.435,1.37,0,1,0.428,0.21,0,0.363,0.483,0,0,0.006,,,,,,,,
54902,20150202,-93.29,41.56,,,,,,,,,0.435,1.57,0,1,0.43,0.26,0,0.494,0.484,0.01,0,0.006,,,,,,,,
54902,20150203,-93.29,41.56,,,,,,,,,0.432,1.68,0,1,0.43,0.26,0,0.494,0.484,0.02,0,0.006,,,,,,,,
54902,20150204,-93.29,41.56,,,,,,,,,0.429,1.61,0,1,0.429,0.26,0,0.548,0.484,0.02,0,0.012,,,,,,,,
54902,20150205,-93.29,41.56,,,,,0.415,,,,0.425,1.64,0,1,0.429,0.26,0,0.595,0.484,0.02,0,0.012,,,,,,,,
54902,20150206,-93.29,41.56,,,,,0.415,,,,0.422,,,,0.429,0.25,0,0.565,0.484,0.01,0,0.012,,,,,,,,
54902,20150207,-93.29,41.56,,,,,0.415,,,,0.42,,,,0.428,0.25,0,0.554,0.484,0.01,0,0.006,,,,,,,,
54902,20150208,-93.29,41.56,,,,,0.415,,,,0.42,,,,0.429,0.25,0,0.583,0.485,0.01,0,0.024,,,,,,,,
54902,20150209,-93.29,41.56,0.35,,,,0.416,,,,0.422,,,,0.429,0.26,0,0.577,0.485,0.01,0,0.036,0.383,,,,0.42,,,
54902,20150210,-93.29,41.56,0.351,,,,0.416,,,,0.423,,,,0.429,0.27,0,0.625,0.485,0.02,0,0.06,0.384,,,,0.421,,,
54902,20150211,-93.29,41.56,0.352,,,,0.417,,,,0.424,,,,0.429,0.27,0,0.589,0.485,0.03,0,0.101,0.385,,,,0.422,,,
54902,20150212,-93.29,41.56,0.353,,,,0.417,,,,0.424,,,,0.429,0.26,0,0.524,0.485,0.04,0,0.119,0.385,,,,0.422,,,
54902,20150213,-93.29,41.56,0.354,,,,0.417,,,,0.425,,,,0.43,0.26,0,0.512,0.486,0.04,0,0.155,0.386,,,,0.422,,,
54902,20150214,-93.29,41.56,0.354,,,,0.417,,,,0.425,,,,0.43,0.26,0,0.482,0.486,0.04,0,0.173,0.386,,,,0.422,,,
54902,20150215,-93.29,41.56,0.354,,,,0.416,,,,0.423,,,,0.429,0.25,0,0.405,0.486,0.04,0,0.185,0.385,,,,0.422,,,
54902,20150216,-93.29,41.56,0.35,,,,0.414,,,,0.419,,,,0.428,0.21,0,0.28,0.486,0.03,0,0.19,0.382,,,,0.42,,,
54902,20150217,-93.29,41.56,0.348,,,,0.412,,,,0.417,,,,0.427,0.17,0,0.143,0.485,0.02,0,0.185,0.38,,,,0.418,,,
54902,20150218,-93.29,41.56,0.346,,,,0.41,,,,0.416,,,,0.426,0.15,0,0.06,0.485,0.01,0,0.161,0.378,,,,0.417,,,
54902,20150219,-93.29,41.56,,,,,0.408,,,,0.414,,,,0.426,0.12,0,0.024,0.485,0.01,0,0.19,,,,,,,,
54902,20150220,-93.29,41.56,,,,,0.407,,,,0.413,,,,0.425,0.11,0,0.006,0.485,0.01,0,0.179,,,,,,,,
54902,20150221,-93.29,41.56,,,,,0.405,,,,0.412,,,,0.425,0.09,0,0,0.485,0.01,0,0.196,,,,,,,,
54902,20150222,-93.29,41.56,,,,,0.404,,,,0.411,,,,0.424,0.07,0,0,0.485,-0.01,0,0.19,,,,,,,,
54902,20150223,-93.29,41.56,,,,,0.402,,,,0.409,,,,0.424,0.06,0,0,0.485,-0.01,0,0.202,,,,,,,,
54902,20150224,-93.29,41.56,,,,,0.401,,,,0.409,,,,0.424,0.05,0,0,0.485,-0.01,0,0.208,,,,,,,,
54902,20150225,-93.29,41.56,,,,,0.4,,,,0.408,,,,0.424,0.04,0,0,0.485,-0.01,0,0.196,,,,,,,,
54902,20150226,-93.29,41.56,,,,,0.399,,,,0.407,,,,0.423,0.03,0,0,0.485,-0.03,0,0.155,,,,,,,,
54902,20150227,-93.29,41.56,,,,,,,,,0.406,,,,0.423,0.02,0,0,0.485,-0.04,0,0.149,,,,,,,,
54902,20150228,-93.29,41.56,,,,,,,,,0.405,,,,0.423,0.01,0,0,0.485,-0.04,0,0.131,,,,,,,,
54902,20150301,-93.29,41.56,,,,,,,,,0.405,,,,0.423,0,0,0,0.485,-0.04,0,0.131,,,,,,,,
54902,20150302,-93.29,41.56,,,,,,,,,0.404,0.04,0,0,0.423,-0.01,0,0,0.485,-0.05,0,0.101,,,,,,,,
54902,20150303,-93.29,41.56,,,,,,,,,0.404,0.06,0,0,0.422,-0.03,0,0,0.485,-0.07,0,0.077,,,,,,,,
54902,20150304,-93.29,41.56,,,,,,,,,0.403,0.06,0,0,0.422,-0.04,0,0,0.485,-0.07,0,0.065,,,,,,,,
54902,20150305,-93.29,41.56,,,,,,,,,0.403,0.04,0,0,0.422,-0.06,0,0,0.485,-0.07,0,0.071,,,,,,,,
54902,20150306,-93.29,41.56,,,,,,,,,0.403,0.02,0,0,0.422,-0.08,0,0,0.485,-0.08,0,0.054,,,,,,,,
54902,20150307,-93.29,41.56,,,,,,,,,0.404,0.13,0,0.162,0.422,-0.08,0,0,0.485,-0.09,0.006,0.036,,,,,,,,
54902,20150308,-93.29,41.56,,,,,,,,,0.41,0.39,0,0.295,0.425,0,0,0.095,0.485,-0.11,0.012,0.012,,,,,,,,
54902,20150309,-93.29,41.56,,,,,,,,,0.418,0.63,0,0.409,0.428,0.07,0,0.19,0.485,-0.11,0.012,0.012,,,,,,,,
54902,20150310,-93.29,41.56,,,,,,,,,0.426,0.87,0,0.53,0.431,0.14,0,0.292,0.485,-0.12,0.018,0.012,,,,,,,,
54902,20150311,-93.29,41.56,,,,,,,,,0.434,1.13,0,0.673,0.434,0.21,0,0.381,0.485,-0.12,0.018,0.012,,,,,,,,
54902,20150312,-93.29,41.56,,,,,,,,,0.44,1.34,0,0.818,0.436,0.25,0,0.381,0.485,-0.13,0.024,0,,,,,,,,
54902,20150313,-93.29,41.56,,,,,,,,,0.444,1.49,0,0.964,0.437,0.28,0,0.381,0.485,-0.13,0.03,0,,,,,,,,
54902,20150314,-93.29,41.56,,,,,,,,,0.446,1.54,0,1,0.438,0.3,0,0.381,0.486,-0.13,0.024,0,,,,,,,,
54902,20150315,-93.29,41.56,,,,,,,,,0.443,1.4,0,1,0.437,0.24,0,0.286,0.486,-0.12,0.018,0,,,,,,,,
54902,20150316,-93.29,41.56,0.361,,,,,,,,0.439,1.22,0,1,0.436,0.19,0,0.19,0.486,-0.12,0.018,0,,,,,,,,
54902,20150317,-93.29,41.56,0.358,,,,0.402,,,,0.435,1.05,0,1,0.434,0.14,0,0.089,0.487,-0.11,0.012,0,0.379,,,,0.422,,,
54902,20150318,-93.29,41.56,0.352,,,,0.397,,,,0.43,0.86,0,1,0.433,0.1,0,0,0.487,-0.11,0.018,0.006,0.374,,,,0.42,,,
54902,20150319,-93.29,41.56,0.345,,,,0.391,,,,0.427,0.74,0,1,0.433,0.08,0,0,0.488,-0.08,0.012,0.006,0.368,,,,0.417,,,
54902,20150320,-93.29,41.56,0.34,,,,0.387,,,,0.425,0.68,0,1,0.433,0.07,0,0,0.488,-0.08,0.006,0.006,0.364,,,,0.415,,,
54902,20150321,-93.29,41.56,0.336,-0.6,1,0,0.384,-0.13,0,0,0.424,0.63,0,1,0.433,0.06,0,0,0.488,-0.08,0.006,0.006,0.36,,,,0.413,,,
54902,20150322,-93.29,41.56,0.332,-0.7,1,0,0.381,-0.14,0,0,0.424,0.6,0,1,0.433,0.05,0,0,0.489,-0.07,0.018,0.006,0.357,,,,0.412,,,
54902,20150323,-93.29,41.56,0.328,-0.78,1,0,0.38,-0.16,0.016,0,0.423,0.57,0,0.994,0.433,0.03,0,0,0.489,-0.07,0.03,0.012,0.354,-0.5,1,0,0.411,-0.2,0,0
54902,20150324,-93.29,41.56,0.323,-0.82,1,0,0.378,-0.18,0.057,0,0.422,0.53,0,0.94,0.433,0.02,0,0,0.49,-0.06,0.03,0.012,0.35,-0.53,1,0,0.409,-0.23,0,0
54902,20150325,-93.29,41.56,0.322,-0.7,0.864,0,0.378,-0.12,0.072,0.081,0.422,0.5,0,0.851,0.433,0.01,0,0,0.49,-0.06,0.03,0.006,0.35,-0.39,0.788,0,0.409,-0.15,0,0
54902,20150326,-93.29,41.56,0.325,-0.55,0.667,0,0.38,-0.04,0.059,0.104,0.422,0.5,0,0.851,0.432,-0.01,0,0,0.49,-0.08,0.036,0.006,0.352,-0.26,0.578,0,0.41,-0.07,0,0
54902,20150327,-93.29,41.56,0.327,-0.46,0.543,0,0.381,-0.02,0.05,0.088,0.422,0.49,0,0.839,0.432,-0.03,0,0,0.49,-0.08,0.036,0.006,0.354,-0.2,0.456,0,0.411,-0.04,0,0
54902,20150328,-93.29,41.56,0.33,-0.41,0.447,0,0.381,0,0.048,0.083,0.422,0.48,0,0.798,0.432,-0.05,0,0,0.491,-0.08,0.06,0.006,0.355,-0.17,0.377,0,0.411,-0.03,0,0
54902,20150329,-93.29,41.56,0.332,-0.37,0.378,0,0.382,0.01,0.048,0.083,0.422,0.46,0,0.72,0.432,-0.06,0,0,0.491,-0.09,0.077,0.006,0.357,-0.17,0.321,0,0.412,-0.03,0,0
54902,20150330,-93.29,41.56,0.335,-0.3,0.286,0,0.383,0.03,0.042,0.083,0.422,0.44,0,0.619,0.431,-0.08,0,0,0.491,-0.1,0.089,0,0.359,-0.13,0.202,0,0.412,-0.02,0,0
54902,20150331,-93.29,41.56,0.338,-0.22,0.274,0,0.384,0.06,0.018,0.083,0.422,0.43,0,0.583,0.431,-0.1,0,0,0.491,-0.11,0.107,0,0.361,-0.08,0.06,0,0.413,0,0,0
54902,20150401,-93.29,41.56,0.337,-0.24,0.339,0,0.383,0.04,0,0.03,0.422,0.43,0,0.643,0.431,-0.11,0,0,0.491,-0.13,0.131,0,0.36,-0.09,0.018,0,0.413,-0.02,0,0
54902,20150402,-93.29,41.56,0.332,-0.34,0.482,0,0.381,-0.02,0,0,0.422,0.41,0,0.625,0.431,-0.13,0,0,0.491,-0.14,0.149,0,0.357,-0.17,0.143,0,0.411,-0.07,0,0
54902,20150403,-93.29,41.56,0.327,-0.45,0.625,0,0.38,-0.05,0,0,0.422,0.41,0,0.637,0.431,-0.13,0,0,0.491,-0.16,0.173,0.006,0.353,-0.24,0.286,0,0.41,-0.12,0.006,0
54902,20150404,-93.29,41.56,0.321,-0.57,0.768,0,0.379,-0.07,0.012,0,0.422,0.41,0,0.673,0.431,-0.12,0,0,0.492,-0.15,0.161,0.012,0.35,-0.31,0.429,0,0.409,-0.16,0.024,0
54902,20150405,-93.29,41.56,0.315,-0.69,0.881,0,0.378,-0.11,0.077,0,0.421,0.4,0,0.655,0.432,-0.12,0,0,0.492,-0.14,0.149,0.024,0.346,-0.39,0.571,0,0.408,-0.2,0.149,0
54902,20150406,-93.29,41.56,0.308,-0.82,0.988,0,0.376,-0.15,0.22,0,0.421,0.39,0,0.643,0.432,-0.13,0,0,0.493,-0.14,0.149,0.036,0.342,-0.48,0.714,0,0.406,-0.26,0.292,0
54902,20150407,-93.29,41.56,0.302,-0.94,1,0,0.374,-0.19,0.357,0,0.421,0.38,0,0.595,0.432,-0.14,0,0,0.493,-0.14,0.143,0.042,0.338,-0.56,0.857,0,0.404,-0.31,0.435,0
54902,20150408,-93.29,41.56,0.296,-1.04,1,0,0.373,-0.23,0.5,0,0.42,0.36,0,0.512,0.433,-0.14,0,0,0.494,-0.12,0.119,0.042,0.334,-0.64,0.982,0,0.403,-0.35,0.577,0
54902,20150409,-93.29,41.56,0.292,-1.09,1,0,0.371,-0.27,0.631,0,0.419,0.35,0,0.488,0.433,-0.14,0,0,0.494,-0.12,0.119,0.042,0.332,-0.68,1,0,0.402,-0.38,0.72,0
54902,20150410,-93.29,41.56,0.289,-1.12,1,0,0.369,-0.3,0.702,0,0.419,0.33,0,0.452,0.433,-0.15,0,0,0.495,-0.13,0.119,0.036,0.329,-0.71,1,0,0.401,-0.41,0.857,0
54902,20150411,-93.29,41.56,0.286,-1.14,1,0,0.367,-0.34,0.833,0,0.418,0.31,0,0.387,0.433,-0.17,0,0,0.495,-0.15,0.119,0.03,0.327,-0.73,1,0,0.4,-0.43,0.982,0
54902,20150412,-93.29,41.56,0.283,-1.16,1,0,0.366,-0.37,0.911,0,0.417,0.3,0,0.357,0.433,-0.18,0,0,0.495,-0.18,0.149,0.018,0.324,-0.75,1,0,0.399,-0.46,1,0
54902,20150413,-93.29,41.56,0.282,-1.12,0.964,0,0.365,-0.37,0.875,0.012,0.416,0.29,0,0.339,0.433,-0.18,0,0,0.495,-0.21,0.167,0.006,0.323,-0.73,0.964,0,0.398,-0.45,0.964,0
54902,20150414,-93.29,41.56,0.288,-0.97,0.821,0,0.367,-0.29,0.738,0.018,0.416,0.28,0,0.345,0.433,-0.18,0,0,0.495,-0.24,0.208,0,0.327,-0.62,0.821,0,0.4,-0.38,0.821,0
54902,20150415,-93.29,41.56,0.292,-0.85,0.744,0,0.368,-0.24,0.595,0.018,0.415,0.28,0,0.315,0.433,-0.19,0,0,0.495,-0.28,0.28,0,0.33,-0.53,0.679,0,0.4,-0.33,0.679,0
54902,20150416,-93.29,41.56,0.293,-0.78,0.738,0,0.368,-0.2,0.464,0.018,0.414,0.26,0,0.214,0.433,-0.19,0,0,0.495,-0.31,0.315,0,0.331,-0.48,0.542,0,0.401,-0.29,0.536,0
54902,20150417,-93.29,41.56,0.294,-0.74,0.738,0,0.367,-0.18,0.393,0.018,0.414,0.24,0,0.107,0.433,-0.2,0,0,0.495,-0.34,0.381,0,0.331,-0.44,0.524,0,0.4,-0.27,0.393,0
54902,20150418,-93.29,41.56,0.293,-0.7,0.738,0,0.367,-0.17,0.25,0.018,0.413,0.21,0,0.036,0.432,-0.21,0,0,0.495,-0.37,0.47,0,0.33,-0.42,0.524,0,0.4,-0.26,0.292,0
54902,20150419,-93.29,41.56,0.294,-0.65,0.738,0,0.366,-0.13,0.125,0.018,0.412,0.2,0,0.018,0.433,-0.2,0,0,0.495,-0.4,0.536,0,0.33,-0.39,0.524,0,0.4,-0.23,0.196,0
54902,20150420,-93.29,41.56,0.304,-0.48,0.685,0.089,0.371,-0.01,0.018,0.095,0.416,0.3,0,0.095,0.433,-0.19,0,0,0.495,-0.43,0.583,0,0.337,-0.24,0.446,0.089,0.404,-0.11,0.089,0.089
54902,20150421,-93.29,41.56,0.309,-0.39,0.685,0.232,0.373,0.05,0.018,0.232,0.419,0.41,0,0.226,0.433,-0.18,0,0,0.495,-0.46,0.643,0,0.341,-0.15,0.446,0.232,0.406,-0.02,0.089,0.232
54902,20150422,-93.29,41.56,0.315,-0.29,0.619,0.244,0.375,0.12,0.018,0.375,0.422,0.48,0,0.369,0.434,-0.18,0,0,0.495,-0.48,0.667,0,0.345,-0.07,0.446,0.327,0.408,0.06,0.089,0.339
54902,20150423,-93.29,41.56,0.32,-0.18,0.482,0.244,0.378,0.18,0.018,0.417,0.424,0.54,0,0.512,0.434,-0.19,0,0,0.495,-0.51,0.738,0,0.349,0.02,0.44,0.327,0.41,0.13,0.089,0.345
54902,20150424,-93.29,41.56,0.326,-0.09,0.339,0.244,0.38,0.24,0.018,0.417,0.426,0.6,0,0.655,0.434,-0.2,0.006,0,0.496,-0.54,0.78,0,0.353,0.1,0.315,0.327,0.412,0.2,0.089,0.345
54902,20150425,-93.29,41.56,0.332,0.03,0.196,0.256,0.383,0.32,0.018,0.44,0.428,0.68,0,0.798,0.434,-0.21,0.042,0,0.496,-0.56,0.81,0,0.357,0.2,0.173,0.339,0.414,0.28,0.048,0.357
54902,20150426,-93.29,41.56,0.347,0.25,0.054,0.399,0.39,0.49,0,0.583,0.434,0.89,0,0.94,0.436,-0.13,0.042,0.125,0.496,-0.55,0.786,0,0.368,0.41,0.03,0.482,0.421,0.5,0,0.5
54902,20150427,-93.29,41.56,0.348,0.29,0,0.452,0.391,0.52,0,0.637,0.434,0.92,0,1,0.437,-0.09,0.042,0.143,0.497,-0.54,0.774,0,0.369,0.45,0,0.536,0.421,0.55,0,0.554
54902,20150428,-93.29,41.56,0.344,0.24,0,0.327,0.389,0.51,0,0.637,0.433,0.92,0,1,0.438,-0.06,0.042,0.155,0.497,-0.53,0.75,0.006,0.367,0.41,0,0.536,0.421,0.54,0,0.554
54902,20150429,-93.29,41.56,0.34,0.18,0,0.315,0.388,0.51,0,0.637,0.433,0.94,0,1,0.44,-0.02,0.042,0.155,0.498,-0.51,0.714,0.018,0.364,0.38,0,0.452,0.42,0.54,0,0.583
54902,20150430,-93.29,41.56,0.333,0.11,0.012,0.315,0.387,0.5,0,0.661,0.434,0.98,0,1,0.441,0.02,0.042,0.155,0.499,-0.46,0.649,0.03,0.36,0.33,0,0.452,0.419,0.52,0,0.577
54902,20150501,-93.29,41.56,0.326,0.04,0.155,0.315,0.386,0.49,0,0.661,0.434,1.01,0,1,0.442,0.07,0.036,0.155,0.499,-0.42,0.583,0.048,0.356,0.28,0,0.452,0.418,0.5,0,0.577
54902,20150502,-93.29,41.56,0.318,-0.05,0.298,0.304,0.383,0.46,0,0.637,0.434,1.03,0,1,0.444,0.12,0,0.155,0.5,-0.34,0.494,0.065,0.35,0.21,0.03,0.44,0.416,0.46,0,0.565
54902,20150503,-93.29,41.56,0.3,-0.26,0.44,0.161,0.375,0.32,0,0.494,0.43,0.9,0,1,0.443,0.08,0,0.036,0.501,-0.29,0.435,0.065,0.338,0.01,0.143,0.298,0.41,0.27,0,0.423
54902,20150504,-93.29,41.56,0.285,-0.45,0.583,0.018,0.368,0.2,0,0.351,0.428,0.83,0,1,0.442,0.07,0,0.018,0.502,-0.24,0.375,0.083,0.326,-0.16,0.286,0.155,0.405,0.12,0,0.28
54902,20150505,-93.29,41.56,0.272,-0.6,0.726,0,0.361,0.09,0,0.208,0.426,0.77,0,1,0.442,0.07,0,0.012,0.503,-0.19,0.292,0.077,0.316,-0.3,0.429,0.012,0.401,-0.02,0,0.137
54902,20150506,-93.29,41.56,0.262,-0.7,0.869,0,0.354,-0.01,0,0.065,0.424,0.71,0,1,0.442,0.08,0,0.03,0.503,-0.16,0.238,0.065,0.308,-0.42,0.571,0,0.397,-0.12,0,0
54902,20150507,-93.29,41.56,0.254,-0.77,1,0,0.348,-0.11,0,0,0.422,0.65,0,0.976,0.443,0.09,0,0.107,0.503,-0.16,0.214,0.054,0.301,-0.51,0.714,0,0.394,-0.2,0.018,0
54902,20150508,-93.29,41.56,0.249,-0.8,1,0,0.342,-0.21,0.107,0,0.42,0.58,0,0.851,0.443,0.1,0,0.125,0.503,-0.16,0.226,0.048,0.295,-0.58,0.857,0,0.391,-0.27,0.137,0
54902,20150509,-93.29,41.56,0.246,-0.82,1,0,0.336,-0.3,0.25,0,0.417,0.51,0,0.708,0.443,0.11,0,0.125,0.504,-0.16,0.22,0.054,0.291,-0.63,0.97,0,0.389,-0.32,0.274,0
54902,20150510,-93.29,41.56,0.242,-0.83,1,0,0.329,-0.4,0.393,0,0.414,0.42,0,0.565,0.443,0.1,0,0.119,0.504,-0.17,0.232,0.06,0.285,-0.69,1,0,0.386,-0.38,0.417,0
54902,20150511,-93.29,41.56,0.24,-0.82,0.994,0,0.323,-0.48,0.536,0,0.411,0.32,0,0.423,0.443,0.1,0,0.119,0.504,-0.17,0.232,0.048,0.282,-0.72,1,0,0.384,-0.42,0.542,0
54902,20150512,-93.29,41.56,0.241,-0.79,0.994,0,0.317,-0.56,0.679,0,0.408,0.23,0,0.28,0.443,0.09,0,0.113,0.505,-0.16,0.25,0.06,0.279,-0.74,1,0,0.383,-0.45,0.673,0
54902,20150513,-93.29,41.56,0.24,-0.77,0.994,0,0.311,-0.64,0.821,0,0.404,0.12,0,0.137,0.443,0.07,0,0.095,0.505,-0.14,0.256,0.06,0.276,-0.76,1,0,0.381,-0.49,0.815,0
54902,20150514,-93.29,41.56,0.24,-0.76,0.994,0,0.306,-0.7,0.963,0,0.401,0.02,0.006,0.018,0.441,0.03,0,0.018,0.506,-0.12,0.25,0.061,0.273,-0.78,1,0,0.379,-0.53,0.939,0
54902,20150515,-93.29,41.56,0.239,-0.75,0.994,0,0.301,-0.75,1,0,0.397,-0.08,0.012,0,0.44,-0.02,0.006,0,0.506,-0.1,0.195,0.049,0.27,-0.78,1,0,0.377,-0.57,0.963,0
54902,20150516,-93.29,41.56,0.239,-0.74,0.994,0,0.297,-0.78,1,0,0.394,-0.15,0.012,0,0.439,-0.07,0.024,0,0.506,-0.11,0.207,0.024,0.268,-0.78,1,0,0.375,-0.59,0.97,0
54902,20150517,-93.29,41.56,0.24,-0.72,0.994,0,0.295,-0.78,1,0,0.393,-0.19,0.012,0,0.438,-0.11,0.037,0,0.506,-0.12,0.226,0.018,0.268,-0.76,1,0,0.375,-0.6,0.97,0
54902,20150518,-93.29,41.56,0.241,-0.71,1,0,0.294,-0.78,1,0,0.391,-0.23,0.012,0,0.437,-0.14,0.055,0,0.506,-0.15,0.311,0.012,0.267,-0.75,1,0,0.374,-0.61,0.988,0
54902,20150519,-93.29,41.56,0.239,-0.73,1,0,0.291,-0.79,1,0,0.39,-0.26,0.012,0,0.436,-0.18,0.055,0,0.506,-0.18,0.348,0,0.265,-0.75,1,0,0.373,-0.63,1,0
54902,20150520,-93.29,41.56,0.238,-0.73,1,0,0.289,-0.79,1,0,0.388,-0.28,0.024,0,0.435,-0.21,0.061,0,0.506,-0.19,0.354,0.006,0.264,-0.75,1,0,0.371,-0.64,1,0
54902,20150521,-93.29,41.56,0.238,-0.73,1,0,0.288,-0.8,1,0,0.387,-0.3,0.065,0,0.435,-0.22,0.065,0,0.506,-0.22,0.357,0.006,0.263,-0.75,1,0,0.371,-0.65,1,0
54902,20150522,-93.29,41.56,0.237,-0.73,1,0,0.286,-0.8,1,0,0.385,-0.32,0.143,0,0.434,-0.23,0.06,0,0.506,-0.23,0.387,0.006,0.261,-0.76,1,0,0.37,-0.65,1,0
54902,20150523,-93.29,41.56,0.235,-0.74,1,0,0.283,-0.82,1,0,0.383,-0.34,0.244,0,0.433,-0.24,0.048,0,0.506,-0.25,0.405,0.006,0.259,-0.77,1,0,0.368,-0.67,1,0
54902,20150524,-93.29,41.56,0.233,-0.75,1,0,0.28,-0.85,1,0,0.38,-0.38,0.387,0,0.432,-0.25,0.042,0,0.506,-0.27,0.429,0.006,0.256,-0.79,1,0,0.366,-0.69,1,0
54902,20150525,-93.29,41.56,0.235,-0.73,1,0,0.277,-0.86,1,0,0.377,-0.42,0.506,0,0.431,-0.26,0.065,0,0.506,-0.27,0.399,0.006,0.256,-0.79,1,0,0.365,-0.69,1,0
54902,20150526,-93.29,41.56,0.238,-0.68,0.982,0,0.274,-0.87,1,0,0.375,-0.44,0.571,0,0.429,-0.28,0.077,0,0.506,-0.3,0.435,0.006,0.256,-0.77,0.988,0,0.364,-0.68,0.988,0
54902,20150527,-93.29,41.56,0.258,-0.49,0.839,0.143,0.288,-0.69,0.857,0.083,0.382,-0.3,0.56,0.137,0.428,-0.29,0.089,0,0.505,-0.32,0.476,0,0.273,-0.57,0.845,0.143,0.372,-0.51,0.845,0.131
54902,20150528,-93.29,41.56,0.275,-0.32,0.696,0.173,0.3,-0.52,0.714,0.083,0.388,-0.16,0.512,0.28,0.427,-0.3,0.089,0,0.506,-0.32,0.482,0,0.287,-0.4,0.702,0.161,0.379,-0.35,0.702,0.131
54902,20150529,-93.29,41.56,0.289,-0.17,0.554,0.173,0.312,-0.37,0.571,0.083,0.395,-0.03,0.429,0.423,0.426,-0.31,0.113,0,0.505,-0.34,0.53,0,0.3,-0.25,0.56,0.161,0.385,-0.22,0.56,0.131
54902,20150530,-93.29,41.56,0.303,-0.03,0.411,0.173,0.323,-0.22,0.429,0.083,0.401,0.1,0.327,0.53,0.425,-0.32,0.125,0,0.505,-0.36,0.577,0,0.313,-0.1,0.417,0.161,0.391,-0.09,0.417,0.131
54902,20150531,-93.29,41.56,0.316,0.1,0.268,0.173,0.334,-0.08,0.286,0.083,0.408,0.23,0.185,0.619,0.425,-0.32,0.131,0,0.505,-0.37,0.607,0,0.325,0.04,0.274,0.161,0.397,0.04,0.274,0.131
54902,20150601,-93.29,41.56,0.322,0.16,0.125,0.173,0.343,0.05,0.143,0.083,0.414,0.35,0.065,0.619,0.424,-0.31,0.125,0,0.505,-0.38,0.649,0,0.332,0.14,0.131,0.161,0.402,0.13,0.131,0.131
54902,20150602,-93.29,41.56,0.324,0.2,0,0.173,0.351,0.15,0,0.083,0.42,0.44,0,0.619,0.424,-0.31,0.119,0,0.505,-0.4,0.679,0,0.338,0.2,0,0.161,0.405,0.19,0,0.131
54902,20150603,-93.29,41.56,0.31,0.08,0,0.03,0.342,0.06,0,0,0.415,0.37,0,0.482,0.423,-0.31,0.137,0,0.504,-0.45,0.744,0,0.326,0.09,0,0.018,0.399,0.09,0,0
54902,20150604,-93.29,41.56,0.299,-0.01,0,0,0.335,-0.02,0,0,0.411,0.31,0,0.339,0.422,-0.32,0.196,0,0.502,-0.5,0.839,0,0.317,0.01,0,0,0.394,0.01,0,0
54902,20150605,-93.29,41.56,0.289,-0.09,0,0,0.328,-0.09,0,0,0.408,0.25,0,0.196,0.422,-0.33,0.238,0,0.502,-0.51,0.875,0,0.308,-0.07,0,0,0.39,-0.06,0,0
54902,20150606,-93.29,41.56,0.281,-0.16,0,0,0.321,-0.15,0,0,0.403,0.19,0,0.089,0.421,-0.34,0.31,0,0.501,-0.52,0.899,0,0.301,-0.14,0,0,0.385,-0.13,0,0
54902,20150607,-93.29,41.56,0.274,-0.21,0,0,0.314,-0.21,0,0,0.399,0.13,0,0,0.42,-0.36,0.369,0,0.501,-0.52,0.899,0,0.294,-0.2,0,0,0.381,-0.18,0,0
54902,20150608,-93.29,41.56,0.275,-0.2,0,0,0.312,-0.22,0,0,0.394,0.08,0,0,0.419,-0.36,0.375,0,0.5,-0.53,0.923,0,0.293,-0.2,0,0,0.38,-0.2,0,0
54902,20150609,-93.29,41.56,0.276,-0.19,0,0,0.31,-0.22,0,0,0.39,0.04,0,0,0.417,-0.38,0.446,0,0.499,-0.52,0.923,0,0.293,-0.2,0,0,0.379,-0.21,0,0
54902,20150610,-93.29,41.56,0.275,-0.19,0,0,0.308,-0.24,0,0,0.385,-0.01,0,0,0.416,-0.39,0.506,0,0.499,-0.49,0.929,0,0.292,-0.21,0,0,0.377,-0.22,0,0
54902,20150611,-93.29,41.56,0.273,-0.2,0.054,0,0.305,-0.25,0.018,0,0.38,-0.06,0,0,0.414,-0.41,0.583,0,0.498,-0.5,0.929,0,0.289,-0.23,0.071,0,0.374,-0.25,0.071,0
54902,20150612,-93.29,41.56,0.271,-0.21,0.125,0,0.302,-0.27,0.095,0,0.374,-0.12,0,0,0.412,-0.43,0.649,0,0.496,-0.53,0.935,0,0.287,-0.25,0.155,0,0.371,-0.27,0.161,0
54902,20150613,-93.29,41.56,0.274,-0.2,0.125,0,0.3,-0.29,0.161,0,0.37,-0.16,0,0,0.411,-0.43,0.667,0,0.495,-0.55,0.94,0,0.287,-0.24,0.155,0,0.37,-0.28,0.161,0
54902,20150614,-93.29,41.56,0.275,-0.19,0.125,0,0.297,-0.3,0.226,0,0.365,-0.21,0,0,0.409,-0.45,0.685,0,0.493,-0.57,0.97,0,0.286,-0.24,0.155,0,0.368,-0.29,0.161,0
54902,20150615,-93.29,41.56,0.275,-0.19,0.125,0.036,0.295,-0.33,0.28,0.018,0.363,-0.23,0,0.012,0.407,-0.47,0.714,0,0.492,-0.6,0.976,0,0.285,-0.25,0.155,0.018,0.366,-0.31,0.161,0.012
54902,20150616,-93.29,41.56,0.291,-0.07,0.125,0.179,0.309,-0.21,0.28,0.161,0.372,-0.14,0,0.155,0.406,-0.47,0.696,0,0.49,-0.63,0.994,0,0.3,-0.12,0.155,0.161,0.373,-0.22,0.161,0.113
54902,20150617,-93.29,41.56,0.307,0.06,0.125,0.321,0.321,-0.1,0.28,0.304,0.38,-0.06,0,0.25,0.404,-0.47,0.637,0,0.489,-0.65,1,0,0.314,0,0.155,0.304,0.38,-0.13,0.161,0.113
54902,20150618,-93.29,41.56,0.322,0.18,0.071,0.446,0.335,0.02,0.262,0.381,0.389,0.02,0,0.274,0.404,-0.46,0.53,0,0.488,-0.63,1,0,0.328,0.12,0.083,0.44,0.387,-0.03,0.089,0.113
54902,20150619,-93.29,41.56,0.333,0.28,0,0.446,0.347,0.12,0.185,0.381,0.397,0.1,0,0.274,0.403,-0.44,0.435,0,0.488,-0.61,1,0,0.34,0.23,0,0.446,0.394,0.05,0,0.113
54902,20150620,-93.29,41.56,0.34,0.34,0,0.446,0.357,0.21,0.119,0.381,0.404,0.17,0,0.274,0.402,-0.44,0.363,0,0.488,-0.6,0.988,0,0.348,0.3,0,0.446,0.398,0.12,0,0.113
54902,20150621,-93.29,41.56,0.344,0.39,0,0.446,0.365,0.28,0.054,0.381,0.41,0.24,0,0.274,0.401,-0.44,0.375,0,0.487,-0.59,0.988,0,0.355,0.36,0,0.446,0.402,0.17,0,0.113
54902,20150622,-93.29,41.56,0.342,0.38,0,0.411,0.37,0.32,0,0.363,0.415,0.29,0,0.262,0.4,-0.44,0.381,0,0.487,-0.58,0.988,0,0.356,0.37,0,0.429,0.403,0.19,0,0.101
54902,20150623,-93.29,41.56,0.326,0.26,0,0.268,0.359,0.23,0,0.22,0.408,0.23,0,0.119,0.399,-0.44,0.345,0,0.487,-0.57,0.988,0,0.342,0.26,0,0.286,0.396,0.12,0,0
54902,20150624,-93.29,41.56,0.312,0.16,0,0.125,0.35,0.14,0,0.077,0.403,0.18,0,0.024,0.398,-0.44,0.321,0,0.486,-0.56,0.982,0,0.331,0.16,0,0.143,0.39,0.05,0,0
54902,20150625,-93.29,41.56,0.312,0.17,0,0.06,0.345,0.1,0,0.042,0.402,0.18,0,0.048,0.398,-0.42,0.292,0,0.486,-0.55,0.964,0,0.329,0.14,0,0.054,0.389,0.04,0,0.042
54902,20150626,-93.29,41.56,0.32,0.22,0,0.202,0.35,0.14,0,0.185,0.406,0.22,0,0.19,0.403,-0.35,0.256,0,0.488,-0.51,0.845,0,0.335,0.18,0,0.19,0.393,0.1,0,0.185
54902,20150627,-93.29,41.56,0.33,0.29,0,0.345,0.355,0.18,0,0.327,0.411,0.27,0,0.333,0.409,-0.27,0.22,0,0.489,-0.47,0.72,0,0.342,0.24,0,0.333,0.399,0.16,0,0.315
54902,20150628,-93.29,41.56,0.339,0.36,0,0.476,0.362,0.23,0,0.387,0.417,0.33,0,0.476,0.414,-0.18,0.119,0.006,0.491,-0.41,0.577,0,0.35,0.3,0,0.452,0.405,0.23,0,0.327
54902,20150629,-93.29,41.56,0.355,0.47,0,0.619,0.372,0.32,0,0.53,0.426,0.4,0,0.619,0.424,-0.05,0.042,0.095,0.494,-0.33,0.435,0,0.363,0.4,0,0.595,0.414,0.34,0,0.47
54902,20150630,-93.29,41.56,0.368,0.57,0,0.762,0.381,0.4,0,0.673,0.434,0.47,0,0.762,0.432,0.07,0.018,0.095,0.497,-0.24,0.292,0,0.374,0.49,0,0.738,0.422,0.43,0,0.613
54902,20150701,-93.29,41.56,0.381,0.66,0,0.905,0.391,0.48,0,0.815,0.442,0.54,0,0.905,0.441,0.19,0.006,0.149,0.499,-0.16,0.155,0,0.386,0.57,0,0.881,0.431,0.53,0,0.756
54902,20150702,-93.29,41.56,0.38,0.66,0,0.94,0.395,0.53,0,0.911,0.446,0.58,0,1,0.448,0.29,0,0.25,0.502,-0.09,0.03,0,0.388,0.59,0,0.964,0.434,0.58,0,0.857
54902,20150703,-93.29,41.56,0.373,0.61,0,0.804,0.392,0.51,0,0.893,0.445,0.58,0,1,0.451,0.33,0,0.351,0.504,-0.03,0.006,0,0.382,0.55,0,0.833,0.433,0.57,0,0.857
54902,20150704,-93.29,41.56,0.366,0.57,0,0.661,0.388,0.49,0,0.756,0.443,0.58,0,1,0.453,0.38,0,0.446,0.506,0.02,0,0,0.377,0.52,0,0.69,0.431,0.57,0,0.839
54902,20150705,-93.29,41.56,0.358,0.52,0,0.53,0.384,0.47,0,0.696,0.442,0.58,0,1,0.456,0.42,0,0.565,0.508,0.06,0,0,0.371,0.48,0,0.571,0.43,0.57,0,0.827
54902,20150706,-93.29,41.56,0.346,0.44,0,0.405,0.377,0.42,0,0.565,0.438,0.56,0,1,0.454,0.42,0,0.577,0.508,0.07,0,0,0.361,0.41,0,0.446,0.424,0.53,0,0.702
54902,20150707,-93.29,41.56,0.349,0.48,0,0.405,0.375,0.43,0,0.565,0.436,0.56,0,1,0.453,0.44,0,0.673,0.509,0.09,0,0,0.362,0.43,0,0.446,0.424,0.55,0,0.702
54902,20150708,-93.29,41.56,0.352,0.52,0,0.405,0.373,0.43,0,0.565,0.433,0.56,0,1,0.452,0.45,0,0.744,0.51,0.11,0,0,0.363,0.45,0,0.446,0.424,0.56,0,0.702
54902,20150709,-93.29,41.56,0.355,0.55,0,0.452,0.371,0.43,0,0.571,0.431,0.56,0,1,0.451,0.46,0,0.774,0.51,0.12,0,0,0.363,0.47,0,0.458,0.424,0.57,0,0.702
54902,20150710,-93.29,41.56,0.357,0.59,0,0.589,0.369,0.43,0,0.583,0.429,0.55,0,1,0.45,0.47,0,0.792,0.509,0.12,0,0,0.363,0.49,0,0.589,0.423,0.57,0,0.702
54902,20150711,-93.29,41.56,0.359,0.62,0,0.732,0.368,0.43,0,0.655,0.427,0.55,0,1,0.449,0.47,0,0.798,0.508,0.11,0,0,0.364,0.52,0,0.732,0.422,0.57,0,0.696
54902,20150712,-93.29,41.56,0.372,0.75,0,0.875,0.369,0.46,0,0.786,0.427,0.57,0,1,0.447,0.48,0,0.798,0.508,0.12,0,0,0.37,0.59,0,0.875,0.425,0.61,0,0.839
54902,20150713,-93.29,41.56,0.382,0.86,0,1,0.37,0.49,0,0.917,0.428,0.59,0,1,0.447,0.5,0,0.839,0.507,0.12,0,0,0.376,0.67,0,1,0.427,0.64,0,0.964
54902,20150714,-93.29,41.56,0.376,0.85,0,1,0.365,0.47,0,0.917,0.427,0.6,0,1,0.446,0.51,0,0.887,0.507,0.12,0,0,0.371,0.66,0,1,0.424,0.63,0,0.964
54902,20150715,-93.29,41.56,0.37,0.84,0,1,0.361,0.46,0,0.905,0.427,0.61,0,1,0.445,0.52,0,0.905,0.506,0.12,0,0,0.366,0.65,0,1,0.422,0.62,0,0.964
54902,20150716,-93.29,41.56,0.366,0.86,0,1,0.358,0.46,0,0.881,0.426,0.62,0,1,0.444,0.53,0,0.917,0.506,0.14,0,0.006,0.362,0.65,0,1,0.42,0.62,0,0.964
54902,20150717,-93.29,41.56,0.373,0.97,0,1,0.363,0.53,0,0.887,0.43,0.66,0,1,0.443,0.55,0,0.94,0.507,0.17,0,0.018,0.368,0.75,0,1,0.423,0.67,0,0.964
54902,20150718,-93.29,41.56,0.38,1.08,0,1,0.367,0.6,0,0.952,0.432,0.7,0,1,0.442,0.56,0,0.982,0.507,0.19,0,0.018,0.373,0.84,0,1,0.426,0.73,0,1
54902,20150719,-93.29,41.56,0.376,1.1,0,1,0.368,0.64,0,0.964,0.432,0.72,0,1,0.441,0.57,0,1,0.507,0.22,0,0.024,0.372,0.86,0,1,0.425,0.75,0,1
54902,20150720,-93.29,41.56,0.372,1.1,0,1,0.368,0.68,0,0.964,0.431,0.74,0,1,0.44,0.58,0,1,0.508,0.24,0,0.036,0.37,0.88,0,1,0.424,0.76,0,1
54902,20150721,-93.29,41.56,0.369,1.1,0,1,0.368,0.71,0,0.964,0.431,0.76,0,1,0.438,0.59,0,1,0.508,0.27,0,0.042,0.369,0.9,0,1,0.423,0.78,0,1
54902,20150722,-93.29,41.56,0.366,1.09,0,1,0.367,0.73,0,0.976,0.43,0.79,0,1,0.437,0.6,0,1,0.508,0.29,0,0.042,0.367,0.9,0,1,0.422,0.79,0,1
54902,20150723,-93.29,41.56,0.36,1.06,0,1,0.366,0.75,0,1,0.428,0.8,0,1,0.435,0.61,0,1,0.508,0.3,0,0.042,0.363,0.9,0,1,0.419,0.79,0,1
54902,20150724,-93.29,41.56,0.343,0.92,0,1,0.355,0.68,0,1,0.422,0.79,0,1,0.433,0.62,0,1,0.507,0.31,0,0.03,0.349,0.79,0,1,0.412,0.74,0,1
54902,20150725,-93.29,41.56,0.334,0.85,0,1,0.345,0.62,0,0.982,0.416,0.77,0,1,0.431,0.62,0,1,0.506,0.31,0,0.03,0.339,0.72,0,1,0.406,0.7,0,1
54902,20150726,-93.29,41.56,0.329,0.83,0,1,0.339,0.58,0,0.982,0.411,0.77,0,1,0.429,0.63,0,1,0.505,0.32,0,0.024,0.334,0.69,0,1,0.403,0.68,0,1
54902,20150727,-93.29,41.56,0.338,0.94,0,1,0.345,0.67,0,0.982,0.415,0.83,0,1,0.429,0.65,0,1,0.505,0.33,0,0.03,0.341,0.79,0,1,0.406,0.74,0,1
54902,20150728,-93.29,41.56,0.351,1.09,0,1,0.354,0.8,0,0.982,0.42,0.91,0,1,0.432,0.7,0,1,0.506,0.36,0,0.101,0.352,0.92,0,1,0.413,0.83,0,1
54902,20150729,-93.29,41.56,0.368,1.3,0,1,0.367,0.98,0,0.982,0.429,1.01,0,1,0.441,0.8,0,1,0.508,0.4,0,0.214,0.368,1.1,0,1,0.423,0.96,0,1
54902,20150730,-93.29,41.56,0.385,1.5,0,1,0.379,1.14,0,0.982,0.437,1.11,0,1,0.447,0.88,0,1,0.511,0.45,0,0.345,0.382,1.26,0,1,0.432,1.09,0,1
54902,20150731,-93.29,41.56,0.4,1.68,0,1,0.39,1.28,0,0.982,0.444,1.2,0,1,0.452,0.95,0,1,0.513,0.49,0,0.476,0.395,1.42,0,1,0.44,1.21,0,1
54902,20150801,-93.29,41.56,0.409,1.79,0,1,0.399,1.42,0,1,0.452,1.3,0,1,0.458,1.03,0,1,0.516,0.54,0,0.619,0.404,1.53,0,1,0.447,1.31,0,1
54902,20150802,-93.29,41.56,0.412,1.86,0,1,0.406,1.52,0,1,0.458,1.39,0,1,0.464,1.1,0,1,0.518,0.59,0,0.762,0.409,1.61,0,1,0.452,1.4,0,1
54902,20150803,-93.29,41.56,0.402,1.78,0,1,0.4,1.48,0,1,0.457,1.42,0,1,0.468,1.15,0,1,0.52,0.63,0,0.887,0.401,1.54,0,1,0.449,1.4,0,1
54902,20150804,-93.29,41.56,0.386,1.65,0,1,0.39,1.4,0,1,0.454,1.42,0,1,0.468,1.18,0,1,0.521,0.66,0,0.952,0.388,1.44,0,1,0.444,1.36,0,1
54902,20150805,-93.29,41.56,0.368,1.47,0,1,0.378,1.27,0,1,0.448,1.39,0,1,0.464,1.16,0,1,0.521,0.68,0,0.982,0.373,1.29,0,1,0.436,1.29,0,1
54902,20150806,-93.29,41.56,0.351,1.3,0,1,0.367,1.15,0,1,0.443,1.37,0,1,0.463,1.16,0,1,0.521,0.69,0,0.988,0.359,1.16,0,1,0.429,1.23,0,1
54902,20150807,-93.29,41.56,0.335,1.14,0,1,0.357,1.04,0,1,0.439,1.34,0,1,0.462,1.16,0,1,0.521,0.71,0,0.994,0.346,1.04,0,1,0.423,1.17,0,1
54902,20150808,-93.29,41.56,0.321,1,0,1,0.347,0.94,0,1,0.435,1.31,0,1,0.461,1.16,0,1,0.521,0.73,0,0.994,0.334,0.92,0,1,0.417,1.11,0,1
54902,20150809,-93.29,41.56,0.313,0.9,0,1,0.338,0.83,0,1,0.431,1.27,0,1,0.46,1.15,0,1,0.521,0.74,0,0.994,0.325,0.83,0,1,0.413,1.06,0,1
54902,20150810,-93.29,41.56,0.315,0.9,0,1,0.331,0.75,0,1,0.428,1.24,0,1,0.459,1.14,0,1,0.52,0.75,0,0.994,0.323,0.8,0,1,0.411,1.04,0,1
54902,20150811,-93.29,41.56,0.318,0.91,0,1,0.326,0.69,0,1,0.425,1.2,0,1,0.457,1.13,0,1,0.52,0.76,0,0.994,0.322,0.78,0,1,0.409,1.03,0,1
54902,20150812,-93.29,41.56,0.32,0.91,0,1,0.321,0.63,0,0.94,0.423,1.17,0,1,0.456,1.11,0,1,0.52,0.76,0,0.994,0.321,0.76,0,1,0.408,1.02,0,1
54902,20150813,-93.29,41.56,0.322,0.9,0,1,0.316,0.58,0,0.798,,,,,0.454,1.08,0,1,0.519,0.76,0,0.994,0.319,0.72,0,1,,,,
54902,20150814,-93.29,41.56,0.322,0.89,0,1,0.312,0.52,0,0.655,,,,,0.452,1.05,0,1,0.519,0.75,0,1,0.317,0.69,0,1,,,,
54902,20150815,-93.29,41.56,0.322,0.87,0,1,0.308,0.48,0,0.512,,,,,0.45,1.02,0,1,0.518,0.74,0,1,0.315,0.66,0,0.893,,,,
54902,20150816,-93.29,41.56,0.318,0.82,0,0.911,0.305,0.44,0,0.369,,,,,0.448,0.99,0,1,0.518,0.74,0,1,0.311,0.6,0,0.75,,,,
54902,20150817,-93.29,41.56,0.305,0.68,0,0.768,0.3,0.38,0,0.226,,,,,0.445,0.95,0,1,0.517,0.72,0,1,0.303,0.5,0,0.607,,,,
54902,20150818,-93.29,41.56,0.292,0.56,0,0.625,0.296,0.33,0,0.083,,,,,0.443,0.91,0,1,0.517,0.71,0,1,0.294,0.41,0,0.464,,,,
54902,20150819,-93.29,41.56,0.299,0.58,0,0.619,0.303,0.38,0,0.095,,,,,0.442,0.89,0,1,0.517,0.68,0,1,0.301,0.44,0,0.417,,,,
54902,20150820,-93.29,41.56,0.31,0.64,0,0.619,0.314,0.46,0,0.238,,,,,0.443,0.88,0,1,0.517,0.66,0,1,0.312,0.51,0,0.417,,,,
54902,20150821,-93.29,41.56,0.321,0.7,0,0.619,0.323,0.53,0,0.381,,,,,0.443,0.86,0,1,0.517,0.63,0,0.994,0.322,0.58,0,0.417,,,,
54902,20150822,-93.29,41.56,0.329,0.75,0,0.619,0.332,0.59,0,0.524,,,,,0.443,0.85,0,1,0.517,0.61,0,0.988,0.331,0.63,0,0.524,,,,
54902,20150823,-93.29,41.56,0.339,0.8,0,0.708,0.342,0.66,0,0.667,,,,,0.443,0.84,0,1,0.518,0.59,0,0.988,0.34,0.69,0,0.667,,,,
54902,20150824,-93.29,41.56,0.351,0.87,0,0.851,0.355,0.75,0,0.81,0.435,0.77,0,1,0.444,0.83,0,1,0.518,0.57,0,0.988,0.353,0.78,0,0.81,0.428,0.85,0,1
54902,20150825,-93.29,41.56,0.362,0.93,0,0.994,0.366,0.83,0,0.952,0.434,0.75,0,1,0.444,0.82,0,1,0.518,0.55,0,0.988,0.364,0.85,0,0.952,0.426,0.81,0,1
54902,20150826,-93.29,41.56,0.354,0.85,0,1,0.365,0.81,0,1,0.43,0.7,0,1,0.442,0.79,0,1,0.518,0.54,0,0.988,0.36,0.8,0,1,0.422,0.74,0,1
54902,20150827,-93.29,41.56,0.342,0.75,0,0.994,0.36,0.74,0,0.994,0.426,0.64,0,1,0.44,0.76,0,1,0.518,0.53,0,0.988,0.351,0.72,0,1,0.417,0.66,0,1
54902,20150828,-93.29,41.56,0.332,0.66,0,0.905,0.355,0.68,0,0.935,0.424,0.6,0,1,0.438,0.72,0,0.994,0.517,0.51,0,0.994,0.344,0.64,0,0.976,0.413,0.6,0,1
54902,20150829,-93.29,41.56,0.325,0.6,0,0.762,0.352,0.64,0,0.815,0.421,0.57,0,1,0.436,0.65,0,0.982,0.517,0.51,0,1,0.339,0.59,0,0.893,0.41,0.56,0,1
54902,20150830,-93.29,41.56,0.319,0.54,0,0.619,0.35,0.59,0,0.673,0.419,0.53,0,1,0.434,0.58,0,0.946,0.517,0.5,0,0.994,0.334,0.54,0,0.75,0.408,0.52,0,1
54902,20150831,-93.29,41.56,0.311,0.47,0,0.476,0.344,0.53,0,0.53,0.416,0.5,0,1,0.433,0.51,0,0.875,0.517,0.49,0,0.994,0.328,0.48,0,0.607,0.404,0.48,0,1
54902,20150901,-93.29,41.56,0.305,0.43,0,0.333,0.34,0.47,0,0.387,0.414,0.47,0,1,0.431,0.45,0,0.798,0.516,0.48,0,0.994,0.322,0.43,0,0.464,0.401,0.44,0,0.982
54902,20150902,-93.29,41.56,0.3,0.38,0,0.19,0.336,0.43,0,0.244,0.412,0.44,0,1,0.431,0.4,0,0.738,0.516,0.47,0,0.994,0.318,0.39,0,0.321,0.399,0.41,0,0.839
54902,20150903,-93.29,41.56,0.298,0.36,0,0.054,0.332,0.38,0,0.107,0.41,0.41,0,0.964,0.431,0.34,0,0.673,0.516,0.46,0,0.994,0.315,0.35,0,0.179,0.397,0.38,0,0.696
54902,20150904,-93.29,41.56,0.296,0.34,0,0,0.328,0.34,0,0.024,0.408,0.39,0,0.911,0.431,0.3,0,0.607,0.515,0.45,0,0.994,0.312,0.32,0,0.06,0.396,0.36,0,0.554
54902,20150905,-93.29,41.56,0.293,0.32,0,0,0.323,0.29,0,0,0.406,0.36,0,0.78,0.431,0.29,0,0.536,0.515,0.43,0,0.988,0.308,0.28,0,0,0.393,0.33,0,0.411
54902,20150906,-93.29,41.56,0.288,0.29,0,0,0.316,0.23,0,0,0.403,0.34,0,0.637,0.431,0.29,0,0.482,0.515,0.42,0,0.982,0.302,0.24,0,0,0.391,0.3,0,0.268
54902,20150907,-93.29,41.56,0.291,0.31,0,0.048,0.314,0.2,0,0.036,0.402,0.33,0,0.542,0.432,0.29,0,0.47,0.514,0.41,0,0.982,0.302,0.24,0,0.048,0.391,0.29,0,0.173
54902,20150908,-93.29,41.56,0.307,0.43,0,0.19,0.322,0.25,0,0.179,0.405,0.35,0,0.542,0.435,0.31,0,0.548,0.515,0.41,0,0.982,0.315,0.33,0,0.19,0.397,0.34,0,0.19
54902,20150909,-93.29,41.56,0.326,0.57,0,0.333,0.332,0.31,0,0.321,0.408,0.37,0,0.542,0.437,0.32,0,0.607,0.516,0.41,0,0.982,0.329,0.43,0,0.333,0.404,0.39,0,0.333
54902,20150910,-93.29,41.56,0.34,0.69,0,0.476,0.341,0.37,0,0.464,0.411,0.39,0,0.577,0.439,0.34,0,0.673,0.516,0.41,0,0.982,0.341,0.52,0,0.476,0.41,0.44,0,0.476
54902,20150911,-93.29,41.56,0.354,0.79,0,0.619,0.35,0.42,0,0.607,0.414,0.41,0,0.631,0.441,0.35,0,0.744,0.517,0.41,0,0.982,0.352,0.6,0,0.619,0.415,0.48,0,0.619
54902,20150912,-93.29,41.56,0.367,0.89,0,0.762,0.359,0.48,0,0.75,0.416,0.43,0,0.762,0.443,0.37,0,0.827,0.518,0.43,0,0.988,0.363,0.68,0,0.762,0.421,0.53,0,0.762
54902,20150913,-93.29,41.56,0.378,0.97,0,0.905,0.368,0.53,0,0.863,0.419,0.44,0,0.905,0.445,0.39,0,0.917,0.519,0.44,0,1,0.373,0.75,0,0.905,0.426,0.57,0,0.905
54902,20150914,-93.29,41.56,0.38,0.99,0,1,0.372,0.56,0,0.839,0.419,0.45,0,1,0.445,0.39,0,1,0.52,0.44,0,1,0.376,0.77,0,1,0.427,0.58,0,1
54902,20150915,-93.29,41.56,0.366,0.89,0,0.988,0.365,0.5,0,0.696,0.415,0.42,0,1,0.444,0.38,0,1,0.519,0.44,0,1,0.366,0.69,0,0.935,0.422,0.54,0,1
54902,20150916,-93.29,41.56,0.348,0.76,0,0.845,0.356,0.43,0,0.554,0.411,0.4,0,1,0.443,0.38,0,1,0.519,0.43,0,1,0.352,0.59,0,0.792,0.415,0.49,0,0.929
54902,20150917,-93.29,41.56,0.33,0.63,0,0.702,0.346,0.36,0,0.411,0.407,0.37,0,0.964,0.442,0.37,0,1,0.519,0.43,0,1,0.338,0.49,0,0.649,0.409,0.44,0,0.786
54902,20150918,-93.29,41.56,0.315,0.52,0,0.56,0.338,0.3,0,0.268,0.404,0.35,0,0.917,0.44,0.37,0,1,0.519,0.42,0,0.994,0.327,0.4,0,0.506,0.403,0.39,0,0.643
54902,20150919,-93.29,41.56,0.318,0.54,0,0.53,0.339,0.3,0,0.232,0.405,0.35,0,0.887,0.442,0.38,0,1,0.519,0.42,0,0.988,0.329,0.41,0,0.476,0.404,0.4,0,0.613
54902,20150920,-93.29,41.56,0.324,0.58,0,0.53,0.343,0.32,0,0.262,0.406,0.36,0,0.887,0.443,0.39,0,1,0.519,0.42,0,0.988,0.334,0.44,0,0.476,0.407,0.42,0,0.613
54902,20150921,-93.29,41.56,0.331,0.62,0,0.53,0.347,0.34,0,0.393,0.408,0.37,0,0.887,0.445,0.41,0,1,0.519,0.42,0,0.988,0.339,0.47,0,0.476,0.41,0.44,0,0.613
54902,20150922,-93.29,41.56,0.339,0.67,0,0.542,0.352,0.37,0,0.536,0.409,0.38,0,0.887,0.446,0.42,0,1,0.52,0.42,0,0.988,0.345,0.5,0,0.542,0.413,0.46,0,0.613
54902,20150923,-93.29,41.56,0.347,0.72,0,0.685,0.358,0.4,0,0.679,0.411,0.4,0,0.887,0.447,0.43,0,1,0.52,0.43,0,0.988,0.353,0.55,0,0.685,0.417,0.49,0,0.685
54902,20150924,-93.29,41.56,0.357,0.78,0,0.827,0.365,0.45,0,0.821,0.414,0.41,0,0.923,0.449,0.44,0,1,0.521,0.43,0,0.988,0.361,0.6,0,0.827,0.421,0.52,0,0.827
54902,20150925,-93.29,41.56,0.364,0.82,0,0.97,0.371,0.48,0,0.94,0.416,0.42,0,0.97,0.45,0.45,0,1,0.521,0.43,0,0.994,0.368,0.64,0,0.97,0.425,0.55,0,0.97
54902,20150926,-93.29,41.56,0.355,0.76,0,0.911,0.369,0.46,0,0.833,0.414,0.41,0,1,0.449,0.45,0,1,0.521,0.43,0,1,0.362,0.59,0,0.899,0.422,0.52,0,1
54902,20150927,-93.29,41.56,0.343,0.67,0,0.768,0.363,0.41,0,0.69,0.412,0.39,0,0.994,0.448,0.44,0,1,0.521,0.42,0,1,0.353,0.53,0,0.756,0.417,0.49,0,0.988
54902,20150928,-93.29,41.56,0.331,0.59,0,0.625,0.358,0.37,0,0.548,0.41,0.37,0,0.94,0.447,0.44,0,1,0.521,0.42,0,1,0.345,0.47,0,0.613,0.413,0.46,0,0.881
54902,20150929,-93.29,41.56,0.322,0.52,0,0.494,0.353,0.32,0,0.405,0.408,0.35,0,0.815,0.446,0.44,0,1,0.521,0.41,0,1,0.337,0.42,0,0.482,0.41,0.43,0,0.75
54902,20150930,-93.29,41.56,0.328,0.55,0,0.494,0.352,0.31,0,0.327,0.406,0.33,0,0.673,0.446,0.44,0,1,0.52,0.41,0,1,0.34,0.43,0,0.482,0.41,0.43,0,0.75
54902,20151001,-93.29,41.56,0.332,0.57,0,0.494,0.35,0.29,0,0.185,0.403,0.31,0,0.53,0.445,0.44,0,1,0.52,0.4,0,1,0.341,0.43,0,0.482,0.41,0.42,0,0.75
54902,20151002,-93.29,41.56,0.336,0.59,0,0.494,0.348,0.28,0,0.065,0.401,0.3,0,0.387,0.444,0.45,0,1,0.52,0.4,0,1,0.342,0.44,0,0.482,0.41,0.41,0,0.75
54902,20151003,-93.29,41.56,0.339,0.61,0,0.583,0.347,0.27,0,0.065,0.399,0.28,0,0.244,0.444,0.44,0,1,0.519,0.39,0,1,0.343,0.45,0,0.47,0.409,0.41,0,0.685
54902,20151004,-93.29,41.56,0.342,0.63,0,0.655,0.346,0.27,0,0.065,0.397,0.27,0,0.107,0.442,0.44,0,1,0.518,0.38,0,0.994,0.344,0.46,0,0.47,0.409,0.4,0,0.565
54902,20151005,-93.29,41.56,0.345,0.65,0,0.655,0.346,0.26,0,0.065,0.395,0.26,0,0.018,0.441,0.44,0,1,0.517,0.37,0,0.988,0.346,0.47,0,0.47,0.409,0.4,0,0.53
54902,20151006,-93.29,41.56,0.348,0.66,0,0.643,0.346,0.27,0,0.065,0.394,0.25,0,0,0.441,0.43,0,1,0.516,0.36,0,0.976,0.347,0.48,0,0.458,0.409,0.4,0,0.518
54902,20151007,-93.29,41.56,0.336,0.59,0,0.5,0.343,0.24,0,0,0.392,0.24,0,0,0.439,0.43,0,1,0.515,0.34,0,0.935,0.339,0.44,0,0.315,0.405,0.37,0,0.375
54902,20151008,-93.29,41.56,0.325,0.53,0,0.357,0.339,0.22,0,0,0.39,0.23,0,0,0.438,0.42,0,0.994,0.514,0.32,0,0.875,0.332,0.39,0,0.173,0.401,0.34,0,0.232
54902,20151009,-93.29,41.56,0.316,0.47,0,0.214,0.336,0.19,0,0,0.388,0.22,0,0,0.437,0.42,0,0.994,0.512,0.3,0,0.792,0.326,0.35,0,0.03,0.398,0.32,0,0.089
54902,20151010,-93.29,41.56,0.307,0.41,0,0.071,0.332,0.16,0,0,0.386,0.2,0,0,0.437,0.41,0,0.994,0.512,0.29,0,0.69,0.32,0.31,0,0,0.395,0.29,0,0.012
54902,20151011,-93.29,41.56,0.299,0.36,0,0,0.328,0.13,0,0,0.384,0.18,0,0,0.436,0.4,0,0.994,0.511,0.27,0,0.589,0.314,0.26,0,0,0.392,0.26,0,0
54902,20151012,-93.29,41.56,0.292,0.3,0,0,0.323,0.09,0,0,0.381,0.16,0,0,0.435,0.39,0,0.994,0.51,0.26,0,0.512,0.307,0.21,0,0,0.388,0.23,0,0
54902,20151013,-93.29,41.56,0.284,0.25,0,0,0.316,0.04,0,0,0.378,0.13,0,0,0.434,0.39,0,0.982,0.51,0.25,0,0.44,0.3,0.16,0,0,0.385,0.2,0,0
54902,20151014,-93.29,41.56,0.276,0.19,0,0,0.309,-0.01,0,0,0.374,0.09,0,0,0.433,0.38,0,0.982,0.51,0.24,0,0.381,0.293,0.1,0,0,0.38,0.17,0,0
54902,20151015,-93.29,41.56,0.269,0.13,0,0,0.301,-0.07,0,0,0.369,0.06,0,0,0.433,0.37,0,0.952,0.51,0.24,0,0.345,0.285,0.04,0,0,0.376,0.14,0,0
54902,20151016,-93.29,41.56,0.262,0.07,0,0,0.294,-0.12,0,0,0.364,0.01,0,0,0.432,0.35,0,0.845,0.509,0.24,0,0.345,0.278,-0.02,0,0,0.372,0.1,0,0
54902,20151017,-93.29,41.56,0.256,0.02,0,0,0.286,-0.18,0,0,0.358,-0.03,0,0,0.43,0.33,0,0.702,0.509,0.23,0,0.345,0.271,-0.07,0,0,0.368,0.07,0,0
54902,20151018,-93.29,41.56,0.25,-0.04,0,0,0.279,-0.23,0,0,0.352,-0.07,0,0,0.428,0.3,0,0.56,0.509,0.23,0,0.369,0.265,-0.12,0,0,0.364,0.03,0,0
54902,20151019,-93.29,41.56,0.245,-0.09,0,0,0.273,-0.28,0,0,0.346,-0.12,0,0,0.427,0.27,0,0.417,0.508,0.22,0,0.327,0.259,-0.16,0,0,0.36,0,0,0
54902,20151020,-93.29,41.56,0.241,-0.14,0,0,0.269,-0.31,0,0,0.34,-0.17,0,0,0.425,0.23,0,0.286,0.506,0.21,0,0.274,0.255,-0.19,0,0,0.356,-0.04,0,0
54902,20151021,-93.29,41.56,0.239,-0.17,0,0,0.265,-0.35,0,0,0.335,-0.21,0,0,0.423,0.2,0,0.143,0.506,0.21,0,0.256,0.252,-0.22,0,0,0.353,-0.06,0,0
54902,20151022,-93.29,41.56,0.237,-0.2,0,0,0.262,-0.37,0,0,0.33,-0.24,0,0,0.42,0.16,0,0.036,0.505,0.2,0,0.22,0.25,-0.24,0,0,0.351,-0.08,0,0
54902,20151023,-93.29,41.56,0.236,-0.23,0,0,0.259,-0.39,0,0,0.327,-0.27,0,0,0.418,0.13,0,0,0.503,0.18,0,0.167,0.248,-0.26,0,0,0.349,-0.1,0,0
54902,20151024,-93.29,41.56,0.236,-0.24,0,0,0.257,-0.41,0,0,0.324,-0.29,0,0,0.416,0.11,0,0,0.502,0.17,0,0.131,0.247,-0.27,0,0,0.347,-0.12,0,0
54902,20151025,-93.29,41.56,0.236,-0.26,0,0,0.256,-0.42,0,0,0.322,-0.3,0,0,0.414,0.09,0,0,0.501,0.16,0,0.071,0.246,-0.29,0,0,0.346,-0.13,0,0
54902,20151026,-93.29,41.56,0.236,-0.27,0,0,0.255,-0.44,0,0,0.32,-0.31,0,0,0.413,0.08,0,0,0.5,0.15,0,0.054,0.245,-0.31,0,0,0.345,-0.14,0,0
54902,20151027,-93.29,41.56,0.235,-0.29,0,0,0.253,-0.46,0,0,0.319,-0.32,0,0,0.412,0.07,0,0,0.499,0.14,0,0.048,0.244,-0.34,0.042,0,0.344,-0.14,0,0
54902,20151028,-93.29,41.56,0.236,-0.29,0.012,0,0.252,-0.48,0.018,0,0.318,-0.33,0,0,0.411,0.06,0,0,0.497,0.11,0,0.024,0.244,-0.36,0.125,0,0.343,-0.15,0,0
54902,20151029,-93.29,41.56,0.242,-0.26,0.012,0,0.251,-0.51,0.083,0,0.317,-0.34,0,0,0.41,0.05,0,0,0.495,0.09,0,0.012,0.247,-0.36,0.125,0,0.343,-0.15,0,0
54902,20151030,-93.29,41.56,0.248,-0.23,0.012,0,0.25,-0.53,0.226,0,0.316,-0.35,0,0,0.409,0.04,0,0,0.494,0.06,0,0.006,0.249,-0.37,0.125,0,0.343,-0.16,0,0
54902,20151031,-93.29,41.56,0.254,-0.2,0.012,0,0.249,-0.56,0.369,0,0.315,-0.36,0,0,0.408,0.03,0,0,0.492,0.04,0,0,0.251,-0.37,0.125,0,0.343,-0.16,0,0
54902,20151101,-93.29,41.56,0.263,-0.13,0.012,0,0.249,-0.58,0.494,0,0.314,-0.38,0,0,0.406,0.02,0,0,0.49,0.01,0,0,0.256,-0.35,0.125,0,0.344,-0.16,0,0
54902,20151102,-93.29,41.56,0.272,-0.07,0.012,0,0.25,-0.6,0.548,0,0.313,-0.4,0,0,0.404,0.01,0,0,0.488,-0.02,0,0,0.261,-0.33,0.125,0,0.346,-0.16,0,0
54902,20151103,-93.29,41.56,0.281,-0.01,0.012,0,0.252,-0.61,0.667,0,0.313,-0.41,0,0,0.403,0,0,0,0.487,-0.03,0,0,0.266,-0.3,0.083,0,0.347,-0.16,0,0
54902,20151104,-93.29,41.56,0.287,0.03,0,0,0.253,-0.61,0.792,0,0.314,-0.43,0,0,0.402,-0.01,0,0,0.486,-0.05,0,0,0.27,-0.29,0,0,0.348,-0.16,0,0
54902,20151105,-93.29,41.56,0.288,0.04,0,0,0.255,-0.62,0.869,0,0.314,-0.44,0,0,0.401,-0.01,0,0,0.485,-0.05,0,0,0.272,-0.29,0,0,0.349,-0.17,0,0
54902,20151106,-93.29,41.56,0.294,0.09,0,0.077,0.257,-0.62,0.869,0,0.315,-0.46,0,0,0.401,-0.02,0,0,0.485,-0.05,0,0,0.275,-0.27,0,0,0.35,-0.17,0,0
54902,20151107,-93.29,41.56,0.301,0.17,0,0.22,0.259,-0.62,0.869,0,0.316,-0.47,0,0,0.4,-0.02,0,0,0.484,-0.05,0,0,0.28,-0.23,0,0,0.352,-0.17,0,0
54902,20151108,-93.29,41.56,0.305,0.22,0,0.363,0.26,-0.63,0.887,0,0.317,-0.48,0,0,0.4,-0.01,0,0,0.484,-0.04,0,0,0.282,-0.22,0,0,0.353,-0.17,0,0
54902,20151109,-93.29,41.56,0.307,0.25,0,0.506,0.261,-0.64,0.976,0,0.317,-0.5,0,0,0.4,-0.01,0,0,0.484,-0.03,0,0,0.284,-0.22,0,0,0.354,-0.17,0,0
54902,20151110,-93.29,41.56,0.31,0.28,0,0.619,0.261,-0.65,1,0,0.317,-0.51,0,0,0.399,-0.01,0,0,0.484,-0.03,0,0,0.285,-0.21,0,0,0.354,-0.18,0,0
54902,20151111,-93.29,41.56,0.313,0.32,0,0.619,0.261,-0.67,1,0,0.317,-0.52,0,0,0.399,-0.01,0,0,0.484,-0.02,0,0,0.287,-0.21,0,0,0.354,-0.18,0,0
54902,20151112,-93.29,41.56,0.322,0.43,0,0.708,0.262,-0.67,0.982,0,0.316,-0.53,0,0,0.398,-0.01,0,0,0.483,-0.02,0,0,0.292,-0.16,0,0.024,0.356,-0.16,0,0
54902,20151113,-93.29,41.56,0.329,0.53,0,0.774,0.263,-0.66,0.982,0,0.316,-0.54,0,0,0.397,-0.02,0,0,0.483,-0.01,0,0,0.296,-0.11,0,0.024,0.357,-0.14,0,0
54902,20151114,-93.29,41.56,0.331,0.57,0,0.774,0.263,-0.66,0.982,0,0.315,-0.55,0.012,0,0.396,-0.02,0,0,0.482,-0.01,0,0,0.297,-0.09,0,0.024,0.358,-0.14,0,0
54902,20151115,-93.29,41.56,0.334,0.6,0,0.774,0.264,-0.65,0.982,0,0.314,-0.55,0.012,0,0.395,-0.03,0,0,0.482,0,0,0,0.299,-0.07,0,0.024,0.358,-0.13,0,0
54902,20151116,-93.29,41.56,0.337,0.63,0,0.774,0.265,-0.65,0.982,0,0.314,-0.56,0.012,0,0.394,-0.03,0,0,0.482,-0.01,0,0,0.301,-0.05,0,0.024,0.358,-0.13,0,0
54902,20151117,-93.29,41.56,0.342,0.69,0,0.804,0.266,-0.63,0.982,0,0.314,-0.57,0.018,0,0.393,-0.04,0,0,0.481,-0.01,0,0,0.304,-0.01,0,0.024,0.359,-0.12,0,0
54902,20151118,-93.29,41.56,0.354,0.83,0,0.946,0.275,-0.54,0.851,0,0.314,-0.57,0.018,0,0.392,-0.04,0,0,0.481,-0.02,0,0,0.315,0.12,0,0.149,0.363,-0.07,0,0
54902,20151119,-93.29,41.56,0.362,0.91,0,1,0.285,-0.43,0.726,0,0.315,-0.56,0.018,0,0.392,-0.04,0,0,0.481,-0.01,0,0,0.323,0.21,0,0.268,0.367,-0.03,0,0
54902,20151120,-93.29,41.56,0.365,0.92,0,1,0.294,-0.34,0.583,0,0.315,-0.57,0.018,0,0.391,-0.04,0,0,0.48,-0.02,0,0,0.329,0.27,0,0.411,0.369,-0.01,0,0
54902,20151121,-93.29,41.56,0.369,0.94,0,1,0.303,-0.25,0.44,0,0.315,-0.57,0.036,0,0.391,-0.04,0,0,0.478,-0.05,0,0,0.336,0.34,0,0.554,0.371,0.01,0,0
54902,20151122,-93.29,41.56,0.373,0.98,0,1,0.311,-0.16,0.298,0,0.315,-0.58,0.131,0,0.39,-0.04,0,0,0.477,-0.08,0,0,0.342,0.41,0,0.696,0.373,0.04,0,0
54902,20151123,-93.29,41.56,0.379,1.03,0,1,0.32,-0.07,0.155,0,0.315,-0.58,0.256,0,0.39,-0.04,0,0,0.475,-0.1,0,0,0.349,0.48,0,0.839,0.376,0.07,0,0
54902,20151124,-93.29,41.56,0.382,1.05,0,1,0.328,0.01,0.012,0,0.314,-0.59,0.387,0,0.389,-0.05,0,0,0.474,-0.12,0,0,0.355,0.55,0,0.982,0.377,0.08,0,0
54902,20151125,-93.29,41.56,0.379,1,0,1,0.329,0.02,0,0,0.313,-0.6,0.53,0,0.389,-0.04,0,0,0.473,-0.13,0,0,0.354,0.54,0,1,0.377,0.07,0,0
54902,20151126,-93.29,41.56,0.376,0.94,0,1,0.328,0,0,0,0.313,-0.62,0.673,0,0.39,-0.03,0,0,0.473,-0.14,0,0,0.352,0.51,0,1,0.376,0.05,0,0
54902,20151127,-93.29,41.56,0.379,0.95,0,1,0.333,0.07,0,0.113,0.321,-0.53,0.696,0.083,0.395,0.01,0,0.101,0.473,-0.14,0,0,0.356,0.57,0,1,0.38,0.1,0,0.101
54902,20151128,-93.29,41.56,0.381,0.96,0,1,0.339,0.14,0,0.256,0.334,-0.39,0.667,0.226,0.401,0.07,0,0.244,0.474,-0.11,0,0,0.36,0.63,0,1,0.386,0.16,0,0.244
54902,20151129,-93.29,41.56,0.384,0.98,0,1,0.345,0.2,0,0.399,0.347,-0.26,0.571,0.369,0.407,0.12,0,0.387,0.475,-0.09,0,0,0.364,0.68,0,1,0.391,0.22,0,0.387
54902,20151130,-93.29,41.56,0.387,1,0,1,0.352,0.28,0,0.542,0.359,-0.13,0.446,0.512,0.413,0.18,0,0.53,0.476,-0.06,0,0,0.369,0.75,0,1,0.397,0.28,0,0.53
54902,20151201,-93.29,41.56,0.393,1.05,0,1,0.361,0.39,0,0.685,0.374,0.03,0.31,0.655,0.421,0.25,0,0.673,0.478,-0.02,0,0,0.377,0.84,0,1,0.405,0.37,0,0.673
54902,20151202,-93.29,41.56,0.397,1.07,0,1,0.369,0.48,0,0.827,0.389,0.19,0.167,0.798,0.428,0.31,0,0.815,0.479,0.01,0,0,0.383,0.92,0,1,0.412,0.46,0,0.815
54902,20151203,-93.29,41.56,0.4,1.09,0,1,0.377,0.56,0,0.97,0.402,0.33,0.024,0.94,0.433,0.35,0,0.958,0.48,0.03,0,0,0.388,0.99,0,1,0.418,0.54,0,0.958
54902,20151204,-93.29,41.56,0.399,1.06,0,1,0.379,0.58,0,1,0.406,0.38,0,1,0.433,0.36,0,1,0.481,0.05,0,0,0.389,0.98,0,1,0.42,0.58,0,1
54902,20151205,-93.29,41.56,0.399,1.03,0,1,0.38,0.59,0,1,0.406,0.38,0,1,0.433,0.36,0,1,0.482,0.07,0,0,0.39,0.98,0,1,0.42,0.61,0,1
54902,20151206,-93.29,41.56,0.399,1.01,0,1,0.383,0.61,0,1,0.406,0.39,0,1,0.433,0.36,0,1,0.482,0.08,0,0,0.391,0.98,0,1,0.421,0.64,0,1
54902,20151207,-93.29,41.56,0.399,0.98,0,1,0.385,0.61,0,1,0.407,0.41,0,1,0.433,0.36,0,1,0.483,0.1,0,0,0.392,0.97,0,1,0.421,0.67,0,1
54902,20151208,-93.29,41.56,0.395,0.91,0,1,0.383,0.59,0,1,0.405,0.39,0,1,0.432,0.34,0,1,0.483,0.1,0,0.006,0.389,0.91,0,1,0.42,0.67,0,1
54902,20151209,-93.29,41.56,0.393,0.87,0,1,0.383,0.57,0,1,0.404,0.39,0,1,0.431,0.33,0,1,0.483,0.09,0,0.006,0.388,0.86,0,1,0.419,0.67,0,1
54902,20151210,-93.29,41.56,0.392,0.83,0,1,0.382,0.55,0,1,0.404,0.39,0,1,0.431,0.33,0,0.988,0.483,0.08,0,0.006,0.387,0.82,0,1,0.418,0.66,0,1
54902,20151211,-93.29,41.56,0.391,0.8,0,1,0.382,0.53,0,1,0.404,0.4,0,1,0.431,0.32,0,0.899,0.482,0.08,0,0.006,0.386,0.77,0,1,0.418,0.65,0,1
54902,20151212,-93.29,41.56,0.389,0.78,0,1,0.382,0.51,0,0.994,0.404,0.4,0,1,0.431,0.31,0,0.762,0.482,0.07,0,0.006,0.386,0.74,0,1,0.418,0.63,0,1
54902,20151213,-93.29,41.56,0.388,0.77,0,1,0.382,0.49,0,0.994,0.404,0.41,0,1,0.431,0.29,0,0.619,0.482,0.06,0,0.006,0.385,0.71,0,1,0.417,0.62,0,1
54902,20151214,-93.29,41.56,0.395,0.85,0,1,0.387,0.55,0,0.994,0.409,0.48,0,1,0.435,0.33,0,0.619,0.483,0.08,0,0.071,0.391,0.76,0,1,0.422,0.67,0,1
54902,20151215,-93.29,41.56,0.4,0.92,0,1,0.392,0.6,0,0.994,0.413,0.53,0,1,0.441,0.37,0,0.619,0.484,0.1,0,0.149,0.396,0.8,0,1,0.426,0.72,0,1
54902,20151216,-93.29,41.56,0.403,0.97,0,1,0.394,0.63,0,0.994,0.415,0.55,0,1,0.442,0.38,0,0.619,0.485,0.12,0,0.208,0.399,0.83,0,1,0.428,0.75,0,1
54902,20151217,-93.29,41.56,0.405,1.01,0,1,0.396,0.66,0,0.994,0.416,0.58,0,1,0.444,0.4,0,0.631,0.486,0.14,0,0.274,0.401,0.85,0,1,0.43,0.76,0,1
54902,20151218,-93.29,41.56,0.407,1.04,0,1,0.397,0.68,0,0.994,0.417,0.59,0,1,0.445,0.42,0,0.72,0.487,0.16,0,0.357,0.402,0.87,0,1,0.431,0.77,0,1
54902,20151219,-93.29,41.56,0.409,1.08,0,1,0.398,0.7,0,1,0.418,0.6,0,1,0.447,0.44,0,0.857,0.489,0.19,0,0.446,0.403,0.89,0,1,0.432,0.78,0,1
54902,20151220,-93.29,41.56,0.41,1.11,0,1,0.398,0.71,0,1,0.418,0.6,0,1,0.447,0.46,0,0.994,0.49,0.21,0,0.53,0.404,0.9,0,1,0.433,0.77,0,1
54902,20151221,-93.29,41.56,0.404,1.06,0,1,0.393,0.65,0,1,0.413,0.53,0,1,0.443,0.43,0,0.988,0.49,0.21,0,0.542,0.398,0.84,0,1,0.429,0.71,0,1
54902,20151222,-93.29,41.56,0.401,1.02,0,1,0.39,0.62,0,1,0.409,0.48,0,1,0.439,0.38,0,0.988,0.49,0.21,0,0.512,0.396,0.79,0,1,0.426,0.66,0,1
54902,20151223,-93.29,41.56,0.4,1.01,0,1,0.389,0.6,0,1,0.408,0.46,0,1,0.437,0.37,0,0.988,0.49,0.21,0,0.524,0.395,0.77,0,1,0.425,0.63,0,1
54902,20151224,-93.29,41.56,0.405,1,0,1,0.392,0.64,0,1,0.411,0.5,0,1,0.439,0.4,0,0.988,0.49,0.22,0,0.512,0.399,0.75,0,1,0.427,0.6,0,1
54902,20151225,-93.29,41.56,0.407,1.01,0,1,0.394,0.66,0,1,0.412,0.51,0,1,0.439,0.4,0,0.988,0.49,0.21,0,0.476,0.401,0.73,0,1,0.428,0.57,0,1
54902,20151226,-93.29,41.56,0.409,1.01,0,1,0.395,0.68,0,1,0.412,0.52,0,1,0.439,0.41,0,0.988,0.491,0.21,0,0.476,0.402,0.72,0,1,0.429,0.56,0,1
54902,20151227,-93.29,41.56,0.412,1.04,0,1,0.396,0.7,0,1,0.413,0.52,0,1,0.44,0.41,0,0.994,0.491,0.21,0,0.476,0.404,0.74,0,1,0.43,0.56,0,1
54902,20151228,-93.29,41.56,0.414,1.19,0,1,0.397,0.71,0,1,0.414,0.53,0,1,0.44,0.42,0,1,0.491,0.22,0,0.47,0.405,0.82,0,1,0.431,0.58,0,1
54902,20151229,-93.29,41.56,0.414,,,,0.396,0.71,0,1,0.414,0.53,0,1,0.441,0.43,0,1,0.491,0.22,0,0.5,0.405,,,,0.431,,,
54902,20151230,-93.29,41.56,0.414,,,,0.395,0.71,0,1,0.415,0.53,0,0.952,0.441,0.43,0,0.988,0.491,0.22,0,0.512,0.405,,,,0.431,,,
54902,20151231,-93.29,41.56,0.409,,,,0.391,0.65,0,1,0.411,0.47,0,0.917,0.439,0.39,0,0.982,0.492,0.22,0,0.518,0.4,,,,0.428,,,
54902,20160101,-93.29,41.56,0.408,,,,0.39,0.63,0,1,0.409,0.44,0,0.875,0.437,0.37,0,0.958,0.492,0.23,0,0.536,0.399,,,,0.427,,,
54902,20160102,-93.29,41.56,0.407,,,,0.389,0.63,0,1,0.408,0.44,0,0.869,0.436,0.35,0,0.893,0.492,0.22,0,0.512,0.398,,,,0.426,,,
54902,20160103,-93.29,41.56,0.407,,,,0.389,0.61,0,1,0.407,0.44,0,0.869,0.435,0.34,0,0.81,0.492,0.22,0,0.506,0.398,,,,0.426,,,
54902,20160104,-93.29,41.56,0.406,,,,0.389,0.6,0,1,0.406,0.44,0,0.869,0.434,0.33,0,0.726,0.492,0.22,0,0.536,0.397,,,,0.425,,,
54902,20160105,-93.29,41.56,0.406,,,,0.388,0.59,0,1,0.406,0.45,0,0.869,0.434,0.31,0,0.607,0.492,0.23,0,0.554,0.397,,,,0.425,,,
54902,20160106,-93.29,41.56,0.406,,,,0.388,0.59,0,1,0.406,0.46,0,0.911,0.433,0.3,0,0.488,0.492,0.23,0,0.583,0.397,,,,0.425,,,
54902,20160107,-93.29,41.56,0.406,,,,0.388,0.59,0,1,0.405,0.46,0,0.917,0.432,0.29,0,0.363,0.492,0.23,0,0.625,0.397,,,,0.425,,,
54902,20160108,-93.29,41.56,0.409,,,,0.39,,,,0.408,0.55,0,0.952,0.433,0.31,0,0.333,0.493,0.24,0,0.679,0.4,,,,0.427,,,
54902,20160109,-93.29,41.56,0.415,,,,0.395,,,,0.413,0.7,0,0.958,0.436,0.35,0,0.399,0.493,0.24,0,0.732,0.405,,,,0.43,,,
54902,20160110,-93.29,41.56,0.416,,,,0.396,,,,0.415,0.75,0,0.958,0.437,0.38,0,0.482,0.493,0.25,0,0.78,0.406,,,,0.432,,,
54902,20160111,-93.29,41.56,0.415,,,,0.396,,,,0.416,0.75,0,0.958,0.438,0.39,0,0.56,0.494,0.25,0,0.804,0.405,,,,0.432,,,
54902,20160112,-93.29,41.56,0.416,,,,0.397,,,,0.417,0.75,0,0.923,0.438,0.41,0,0.673,0.494,0.25,0,0.827,0.406,,,,0.432,,,
54902,20160113,-93.29,41.56,0.417,,,,0.398,,,,0.417,0.73,0,0.798,0.439,0.42,0,0.792,0.494,0.25,0,0.833,0.408,,,,0.434,,,
54902,20160114,-93.29,41.56,,,,,0.399,,,,0.417,0.71,0,0.714,0.439,0.42,0,0.881,0.494,0.25,0,0.863,,,,,,,,
54902,20160115,-93.29,41.56,,,,,0.398,,,,0.414,0.6,0,0.577,0.437,0.41,0,0.869,0.494,0.25,0,0.857,,,,,,,,
54902,20160116,-93.29,41.56,,,,,0.395,,,,0.408,0.41,0,0.435,0.434,0.36,0,0.821,0.494,0.24,0,0.863,,,,,,,,
54902,20160117,-93.29,41.56,,,,,0.394,,,,0.406,0.34,0,0.292,0.433,0.34,0,0.768,0.494,0.24,0,0.851,,,,,,,,
54902,20160118,-93.29,41.56,,,,,0.395,,,,0.405,0.3,0,0.149,0.432,0.32,0,0.702,0.493,0.23,0,0.827,,,,,,,,
54902,20160119,-93.29,41.56,,,,,0.395,,,,0.404,0.27,0,0.042,0.431,0.31,0,0.595,0.493,0.22,0,0.804,,,,,,,,
54902,20160120,-93.29,41.56,,,,,,,,,0.403,0.26,0,0.03,0.431,0.29,0,0.47,0.493,0.22,0,0.78,,,,,,,,
54902,20160121,-93.29,41.56,,,,,,,,,0.403,0.24,0,0,0.43,0.28,0,0.375,0.493,0.21,0,0.72,,,,,,,,
54902,20160122,-93.29,41.56,,,,,,,,,0.402,0.23,0,0,0.43,0.26,0,0.298,0.492,0.2,0,0.673,,,,,,,,
54902,20160123,-93.29,41.56,,,,,,,,,0.402,0.22,0,0,0.429,0.24,0,0.202,0.492,0.19,0,0.613,,,,,,,,
54902,20160124,-93.29,41.56,,,,,,,,,0.401,0.2,0,0,0.428,0.22,0,0.113,0.491,0.18,0,0.583,,,,,,,,
54902,20160125,-93.29,41.56,,,,,,,,,0.401,0.19,0,0,0.427,0.19,0,0.042,0.491,0.17,0,0.53,,,,,,,,
54902,20160126,-93.29,41.56,,,,,,,,,0.4,0.18,0,0.006,0.427,0.17,0,0.012,0.491,0.16,0,0.488,,,,,,,,
54902,20160127,-93.29,41.56,,,,,,,,,0.4,0.17,0,0.013,0.426,0.16,0,0.006,0.49,0.15,0,0.429,,,,,,,,
54902,20160128,-93.29,41.56,,,,,,,,,0.399,0.16,0,0.021,0.425,0.14,0,0,0.49,0.14,0,0.381,,,,,,,,
54902,20160129,-93.29,41.56,,,,,,,,,0.399,0.16,0,0.025,0.425,0.13,0,0,0.49,0.14,0,0.327,,,,,,,,
54902,20160130,-93.29,41.56,,,,,,,,,0.399,0.16,0,0.03,0.424,0.12,0,0,0.49,0.13,0,0.286,,,,,,,,
54902,20160131,-93.29,41.56,,,,,,,,,0.399,0.17,0,0.039,0.424,0.12,0,0,0.489,0.12,0,0.226,,,,,,,,
54902,20160201,-93.29,41.56,,,,,,,,,0.398,0.16,0,0.058,0.424,0.12,0,0,0.489,0.12,0,0.202,,,,,,,,
54902,20160202,-93.29,41.56,,,,,,,,,0.398,0.15,0,0.063,0.424,0.12,0,0,0.489,0.11,0,0.167,,,,,,,,
54902,20160203,-93.29,41.56,,,,,,,,,0.398,0.14,0,0.063,0.424,0.11,0,0,0.489,0.11,0,0.143,,,,,,,,
54902,20160204,-93.29,41.56,,,,,,,,,0.398,0.13,0,0,0.424,0.11,0,0,0.489,0.11,0,0.161,,,,,,,,
54902,20160205,-93.29,41.56,,,,,,,,,0.398,0.16,0,0,0.424,0.11,0,0,0.489,0.11,0,0.161,,,,,,,,
54902,20160206,-93.29,41.56,,,,,,,,,0.397,,,,0.424,0.1,0,0,0.489,0.11,0,0.202,,,,,,,,
54902,20160207,-93.29,41.56,,,,,,,,,0.397,,,,0.423,0.09,0,0,0.489,0.11,0,0.238,,,,,,,,
54902,20160208,-93.29,41.56,,,,,,,,,0.397,,,,0.423,0.07,0,0,0.489,0.11,0,0.28,,,,,,,,
54902,20160209,-93.29,41.56,,,,,,,,,0.397,,,,0.422,0.05,0,0,0.489,0.11,0,0.304,,,,,,,,
54902,20160210,-93.29,41.56,,,,,,,,,0.397,,,,0.422,0.04,0,0,0.489,0.12,0,0.351,,,,,,,,
54902,20160211,-93.29,41.56,,,,,,,,,0.397,,,,0.422,0.02,0,0,0.489,0.12,0,0.381,,,,,,,,
54902,20160212,-93.29,41.56,,,,,,,,,0.397,,,,0.421,0.01,0,0,0.489,0.13,0,0.429,,,,,,,,
54902,20160213,-93.29,41.56,,,,,,,,,0.397,,,,0.421,0,0,0,0.488,0.12,0,0.423,,,,,,,,
54902,20160214,-93.29,41.56,,,,,,,,,0.397,,,,0.421,-0.01,0,0,0.488,0.12,0,0.375,,,,,,,,
54902,20160215,-93.29,41.56,,,,,,,,,0.397,,,,0.421,-0.01,0,0,0.488,0.11,0,0.351,,,,,,,,
54902,20160216,-93.29,41.56,,,,,,,,,0.397,,,,0.421,-0.02,0,0,0.488,0.11,0,0.327,,,,,,,,
54902,20160217,-93.29,41.56,,,,,,,,,0.396,,,,0.421,-0.02,0,0,0.487,0.1,0,0.298,,,,,,,,
54902,20160218,-93.29,41.56,,,,,,,,,0.396,,,,0.42,-0.04,0,0,0.487,0.09,0,0.256,,,,,,,,
54902,20160219,-93.29,41.56,,,,,,,,,0.396,,,,0.42,-0.05,0,0.006,0.487,0.08,0,0.214,,,,,,,,
54902,20160220,-93.29,41.56,,,,,,,,,0.399,,,,0.423,0.02,0,0.149,0.486,0.07,0,0.179,,,,,,,,
54902,20160221,-93.29,41.56,,,,,,,,,0.405,,,,0.425,0.08,0,0.286,0.486,0.06,0,0.196,,,,,,,,
54902,20160222,-93.29,41.56,,,,,,,,,0.41,,,,0.427,0.13,0,0.375,0.486,0.05,0,0.179,,,,,,,,
54902,20160223,-93.29,41.56,,,,,,,,,0.414,,,,0.428,0.16,0,0.381,0.486,0.04,0,0.173,,,,,,,,
54902,20160224,-93.29,41.56,,,,,,,,,0.418,,,,0.429,0.18,0,0.387,0.486,0.03,0,0.167,,,,,,,,
54902,20160225,-93.29,41.56,,,,,,,,,0.421,,,,0.429,0.2,0,0.387,0.486,0.02,0,0.155,,,,,,,,
54902,20160226,-93.29,41.56,,,,,,,,,0.423,,,,0.43,0.21,0,0.381,0.486,0,0,0.149,,,,,,,,
54902,20160227,-93.29,41.56,,,,,,,,,0.419,,,,0.428,0.15,0,0.238,0.485,-0.01,0,0.125,,,,,,,,
54902,20160228,-93.29,41.56,,,,,,,,,0.414,,,,0.426,0.08,0,0.101,0.485,-0.03,0,0.095,,,,,,,,
54902,20160229,-93.29,41.56,,,,,,,,,0.414,,,,0.424,0.04,0,0.012,0.485,-0.05,0,0.083,,,,,,,,
54902,20160301,-93.29,41.56,,,,,,,,,0.415,,,,0.424,0.02,0,0.006,0.485,-0.06,0,0.071,,,,,,,,
54902,20160302,-93.29,41.56,,,,,,,,,0.415,0.45,0,1,0.424,0.02,0,0,0.485,-0.08,0,0.048,,,,,,,,
54902,20160303,-93.29,41.56,,,,,,,,,0.414,0.38,0,0.875,0.424,0.02,0,0,0.484,-0.09,0,0.03,,,,,,,,
54902,20160304,-93.29,41.56,,,,,,,,,0.414,0.32,0,0.641,0.424,0.02,0,0,0.484,-0.1,0,0.018,,,,,,,,
54902,20160305,-93.29,41.56,,,,,,,,,0.415,0.26,0,0.397,0.424,0.01,0,0,0.485,-0.1,0,0.024,,,,,,,,
54902,20160306,-93.29,41.56,,,,,0.382,,,,0.415,0.22,0,0.287,0.425,0.01,0,0,0.485,-0.1,0,0.024,,,,,,,,
54902,20160307,-93.29,41.56,,,,,0.381,,,,0.412,0.19,0,0.225,0.425,0,0,0,0.485,-0.1,0,0.012,,,,,,,,
54902,20160308,-93.29,41.56,,,,,0.381,,,,0.408,0.16,0,0.193,0.425,-0.01,0,0,0.485,-0.1,0,0.006,,,,,,,,
54902,20160309,-93.29,41.56,,,,,0.381,,,,0.407,0.16,0,0.185,0.425,-0.02,0,0.006,0.485,-0.1,0.006,0.006,,,,,,,,
54902,20160310,-93.29,41.56,,,,,0.381,,,,0.408,0.21,0,0.24,0.427,0.02,0,0.077,0.486,-0.09,0.006,0.006,,,,,,,,
54902,20160311,-93.29,41.56,0.377,,,,0.382,,,,0.409,0.24,0,0.304,0.429,0.07,0,0.208,0.486,-0.07,0.006,0.03,0.379,,,,0.417,,,
54902,20160312,-93.29,41.56,0.378,,,,0.382,,,,0.41,0.27,0,0.381,0.431,0.12,0,0.321,0.487,-0.04,0.006,0.054,0.38,,,,0.418,,,
54902,20160313,-93.29,41.56,0.383,,,,0.384,,,,0.412,0.32,0,0.464,0.434,0.17,0,0.363,0.488,-0.01,0.006,0.113,0.383,,,,0.42,,,
54902,20160314,-93.29,41.56,0.389,,,,0.386,,,,0.416,0.43,0,0.607,0.437,0.27,0,0.506,0.489,0.04,0.006,0.214,0.388,,,,0.423,,,
54902,20160315,-93.29,41.56,0.393,,,,0.389,,,,0.419,0.54,0,0.744,0.44,0.34,0,0.637,0.491,0.08,0.006,0.292,0.391,,,,0.426,,,
54902,20160316,-93.29,41.56,0.399,,,,0.393,,,,0.424,0.7,0,0.857,0.444,0.46,0,0.774,0.492,0.13,0,0.405,0.396,,,,0.431,,,
54902,20160317,-93.29,41.56,0.401,,,,0.395,,,,0.426,0.73,0,0.863,0.446,0.52,0,0.845,0.493,0.17,0,0.5,0.398,,,,0.432,,,
54902,20160318,-93.29,41.56,0.402,,,,0.396,,,,0.426,0.74,0,0.869,0.447,0.54,0,0.857,0.494,0.2,0,0.571,0.399,,,,0.433,,,
54902,20160319,-93.29,41.56,0.403,,,,0.397,,,,0.427,0.74,0,0.875,0.448,0.55,0,0.875,0.495,0.23,0,0.655,0.4,,,,0.434,,,
54902,20160320,-93.29,41.56,0.402,,,,0.396,,,,0.426,0.71,0,0.792,0.448,0.55,0,0.881,0.495,0.24,0,0.637,0.399,,,,0.433,,,
54902,20160321,-93.29,41.56,0.399,0.95,0,1,0.395,0.13,0,0,0.424,0.61,0,0.649,0.447,0.51,0,0.774,0.495,0.23,0,0.589,0.397,,,,0.432,,,
54902,20160322,-93.29,41.56,0.397,0.96,0,1,0.393,0.11,0,0,0.422,0.53,0,0.506,0.446,0.48,0,0.708,0.496,0.23,0,0.571,0.395,,,,0.43,,,
54902,20160323,-93.29,41.56,0.391,0.93,0,1,0.388,0.12,0,0,0.417,0.38,0,0.363,0.444,0.39,0,0.577,0.496,0.22,0,0.536,0.389,0.57,0,1,0.427,0.44,0,0.75
54902,20160324,-93.29,41.56,0.39,1.08,0,1,0.387,0.21,0,0.115,0.416,0.34,0,0.274,0.443,0.37,0,0.5,0.496,0.21,0,0.5,0.389,0.75,0,0.881,0.427,0.62,0,0.775
54902,20160325,-93.29,41.56,0.392,1.19,0,1,0.388,0.27,0,0.261,0.417,0.35,0,0.274,0.444,0.39,0,0.5,0.496,0.22,0,0.518,0.39,0.84,0,0.924,0.427,0.71,0,0.859
54902,20160326,-93.29,41.56,0.394,1.21,0,1,0.388,0.28,0,0.23,0.418,0.35,0,0.274,0.444,0.4,0,0.512,0.496,0.22,0,0.512,0.391,0.84,0,0.944,0.428,0.71,0,0.898
54902,20160327,-93.29,41.56,0.396,1.2,0,1,0.389,0.28,0,0.195,0.418,0.35,0,0.274,0.445,0.42,0,0.554,0.497,0.22,0,0.536,0.392,0.82,0,0.956,0.429,0.68,0,0.92
54902,20160328,-93.29,41.56,0.397,1.19,0,1,0.389,0.28,0,0.185,0.419,0.35,0,0.274,0.445,0.42,0,0.548,0.497,0.22,0,0.53,0.393,0.8,0,0.964,0.429,0.65,0,0.912
54902,20160329,-93.29,41.56,0.398,1.18,0,1,0.39,0.29,0,0.185,0.419,0.34,0,0.274,0.445,0.41,0,0.488,0.497,0.21,0,0.512,0.394,0.77,0,0.969,0.43,0.61,0,0.819
54902,20160330,-93.29,41.56,0.399,1.18,0,1,0.39,0.29,0,0.185,0.419,0.34,0,0.274,0.445,0.41,0,0.5,0.497,0.21,0,0.482,0.394,0.77,0,0.97,0.43,0.6,0,0.744
54902,20160331,-93.29,41.56,0.396,1.13,0,1,0.389,0.25,0,0.125,0.418,0.29,0,0.22,0.444,0.37,0,0.446,0.497,0.2,0,0.47,0.393,0.73,0,1,0.429,0.56,0,0.679
54902,20160401,-93.29,41.56,0.393,1.06,0,1,0.388,0.2,0,0.012,0.416,0.23,0,0.083,0.442,0.3,0,0.31,0.497,0.18,0,0.393,0.39,0.67,0,1,0.427,0.5,0,0.601
54902,20160402,-93.29,41.56,0.392,1.03,0,1,0.387,0.19,0,0.006,0.415,0.2,0,0,0.441,0.26,0,0.185,0.497,0.17,0,0.339,0.39,0.65,0,1,0.427,0.47,0,0.601
54902,20160403,-93.29,41.56,0.391,1,0,1,0.387,0.18,0,0.006,0.415,0.19,0,0,0.441,0.24,0,0.107,0.497,0.17,0,0.345,0.389,0.63,0,1,0.426,0.46,0,0.571
54902,20160404,-93.29,41.56,0.389,0.96,0,1,0.386,0.16,0,0.006,0.415,0.17,0,0,0.441,0.22,0,0.083,0.498,0.17,0,0.357,0.388,0.6,0,1,0.426,0.44,0,0.494
54902,20160405,-93.29,41.56,0.387,0.91,0,1,0.385,0.15,0,0.006,0.415,0.17,0,0,0.441,0.22,0,0.077,0.498,0.17,0,0.363,0.386,0.57,0,0.881,0.425,0.43,0,0.47
54902,20160406,-93.29,41.56,0.388,0.92,0,1,0.385,0.15,0,0.042,0.415,0.2,0,0.054,0.441,0.21,0,0.101,0.498,0.16,0,0.375,0.387,0.57,0,0.792,0.426,0.45,0,0.488
54902,20160407,-93.29,41.56,0.391,0.97,0,1,0.387,0.2,0,0.185,0.417,0.25,0,0.196,0.442,0.23,0,0.155,0.499,0.17,0,0.393,0.389,0.62,0,0.792,0.427,0.5,0,0.583
54902,20160408,-93.29,41.56,0.393,1.02,0,1,0.388,0.24,0,0.321,0.418,0.28,0,0.333,0.443,0.23,0,0.185,0.499,0.18,0,0.411,0.391,0.66,0,0.792,0.428,0.55,0,0.661
54902,20160409,-93.29,41.56,0.393,1.02,0,1,0.389,0.26,0,0.44,0.418,0.3,0,0.446,0.444,0.23,0,0.196,0.499,0.16,0,0.387,0.391,0.68,0,0.792,0.429,0.57,0,0.661
54902,20160410,-93.29,41.56,0.394,1.03,0,1,0.389,0.28,0,0.518,0.418,0.33,0,0.494,0.444,0.22,0,0.19,0.499,0.12,0,0.321,0.391,0.69,0,0.792,0.429,0.59,0,0.69
54902,20160411,-93.29,41.56,0.395,1.06,0,1,0.39,0.31,0,0.637,0.419,0.35,0,0.542,0.444,0.22,0,0.185,0.499,0.09,0,0.268,0.392,0.72,0,0.792,0.429,0.61,0,0.786
54902,20160412,-93.29,41.56,0.396,1.09,0,1,0.39,0.34,0,0.661,0.419,0.37,0,0.595,0.444,0.21,0,0.19,0.499,0.08,0.006,0.232,0.393,0.75,0,0.911,0.43,0.64,0,0.911
54902,20160413,-93.29,41.56,0.394,1.06,0,1,0.39,0.35,0,0.625,0.418,0.35,0,0.548,0.444,0.19,0,0.143,0.499,0.05,0.006,0.173,0.392,0.75,0,1,0.429,0.63,0,1
54902,20160414,-93.29,41.56,0.389,0.98,0,1,0.388,0.3,0,0.482,0.416,0.31,0,0.405,0.443,0.15,0,0.077,0.499,0.01,0.018,0.107,0.388,0.69,0,1,0.427,0.58,0,0.988
54902,20160415,-93.29,41.56,0.383,0.88,0,1,0.385,0.25,0,0.345,0.415,0.27,0,0.268,0.442,0.13,0,0.042,0.499,-0.02,0.036,0.054,0.384,0.62,0,0.994,0.425,0.52,0,0.917
54902,20160416,-93.29,41.56,0.377,0.77,0,0.964,0.383,0.2,0,0.22,0.414,0.25,0,0.155,0.441,0.1,0,0.012,0.499,-0.05,0.06,0.024,0.38,0.55,0,0.863,0.423,0.47,0,0.774
54902,20160417,-93.29,41.56,0.37,0.64,0,0.821,0.38,0.15,0,0.143,0.414,0.24,0,0.107,0.441,0.09,0,0.006,0.499,-0.06,0.089,0.024,0.375,0.46,0,0.72,0.421,0.41,0,0.631
54902,20160418,-93.29,41.56,0.36,0.47,0,0.679,0.376,0.08,0,0.024,0.413,0.23,0,0.06,0.442,0.09,0,0.018,0.5,-0.07,0.119,0.018,0.368,0.34,0,0.577,0.418,0.33,0,0.488
54902,20160419,-93.29,41.56,0.349,0.29,0,0.536,0.371,-0.01,0.012,0,0.413,0.21,0,0.006,0.442,0.1,0,0.012,0.5,-0.08,0.119,0.012,0.36,0.21,0,0.435,0.415,0.25,0,0.345
54902,20160420,-93.29,41.56,0.338,0.11,0.036,0.393,0.367,-0.09,0.113,0,0.412,0.19,0,0,0.443,0.11,0,0.018,0.501,-0.06,0.131,0.054,0.352,0.07,0.054,0.292,0.412,0.16,0,0.202
54902,20160421,-93.29,41.56,0.327,-0.05,0.137,0.25,0.362,-0.18,0.256,0,0.412,0.17,0,0,0.443,0.12,0,0.024,0.501,-0.05,0.125,0.083,0.345,-0.06,0.19,0.149,0.409,0.08,0,0.071
54902,20160422,-93.29,41.56,0.318,-0.19,0.149,0.107,0.358,-0.26,0.399,0,0.411,0.15,0,0,0.443,0.13,0,0.03,0.502,-0.01,0.113,0.131,0.338,-0.18,0.244,0.012,0.406,0.01,0,0
54902,20160423,-93.29,41.56,0.311,-0.3,0.149,0,0.353,-0.33,0.542,0,0.411,0.13,0,0,0.444,0.14,0,0.06,0.503,0.05,0.095,0.214,0.332,-0.28,0.298,0,0.404,-0.06,0,0
54902,20160424,-93.29,41.56,0.305,-0.38,0.19,0,0.349,-0.4,0.685,0,0.41,0.1,0,0,0.444,0.15,0,0.065,0.504,0.09,0.071,0.25,0.327,-0.36,0.44,0,0.402,-0.11,0,0
54902,20160425,-93.29,41.56,0.3,-0.44,0.333,0,0.346,-0.45,0.827,0,0.409,0.07,0,0,0.444,0.15,0,0.054,0.505,0.13,0.042,0.31,0.323,-0.43,0.583,0,0.401,-0.17,0.03,0
54902,20160426,-93.29,41.56,0.296,-0.48,0.476,0,0.342,-0.5,0.958,0,0.407,0.04,0,0,0.444,0.15,0,0.065,0.505,0.16,0.048,0.375,0.319,-0.48,0.726,0,0.399,-0.22,0.155,0
54902,20160427,-93.29,41.56,0.292,-0.52,0.583,0,0.339,-0.54,1,0,0.406,0.01,0,0,0.444,0.14,0,0.095,0.506,0.2,0.036,0.405,0.315,-0.53,0.815,0,0.397,-0.27,0.298,0
54902,20160428,-93.29,41.56,0.299,-0.4,0.482,0.065,0.335,-0.59,1,0,0.406,0.03,0,0.06,0.445,0.16,0,0.173,0.507,0.24,0.03,0.47,0.317,-0.47,0.679,0,0.398,-0.22,0.298,0.065
54902,20160429,-93.29,41.56,0.308,-0.27,0.47,0.208,0.332,-0.63,1,0,0.408,0.11,0,0.202,0.445,0.17,0,0.268,0.507,0.27,0.024,0.512,0.32,-0.41,0.625,0,0.4,-0.15,0.298,0.149
54902,20160430,-93.29,41.56,0.315,-0.15,0.47,0.351,0.329,-0.67,1,0,0.409,0.17,0,0.345,0.445,0.18,0,0.327,0.507,0.25,0.018,0.494,0.322,-0.35,0.571,0.006,0.401,-0.09,0.298,0.161
54902,20160501,-93.29,41.56,0.328,0.04,0.429,0.494,0.334,-0.54,0.857,0.113,0.414,0.33,0,0.488,0.447,0.25,0,0.464,0.507,0.28,0.012,0.542,0.331,-0.17,0.429,0.149,0.406,0.1,0.298,0.304
54902,20160502,-93.29,41.56,0.342,0.23,0.286,0.637,0.342,-0.37,0.714,0.256,0.417,0.46,0,0.631,0.448,0.31,0,0.607,0.508,0.33,0.012,0.554,0.342,0.03,0.286,0.292,0.411,0.29,0.268,0.446
54902,20160503,-93.29,41.56,0.355,0.42,0.143,0.78,0.35,-0.19,0.571,0.399,0.421,0.58,0,0.774,0.45,0.37,0,0.738,0.508,0.36,0,0.542,0.352,0.23,0.143,0.435,0.417,0.49,0.143,0.589
54902,20160504,-93.29,41.56,0.368,0.61,0,0.923,0.358,-0.01,0.429,0.542,0.424,0.7,0,0.917,0.451,0.41,0,0.833,0.509,0.37,0,0.548,0.363,0.43,0,0.577,0.422,0.68,0,0.732
54902,20160505,-93.29,41.56,0.367,0.61,0,0.976,0.365,0.16,0.286,0.685,0.425,0.75,0,1,0.451,0.43,0,0.881,0.509,0.35,0.006,0.518,0.366,0.51,0,0.72,0.424,0.75,0,0.81
54902,20160506,-93.29,41.56,0.363,0.57,0,0.833,0.372,0.3,0.143,0.75,0.424,0.73,0,0.994,0.452,0.43,0,0.887,0.509,0.35,0.012,0.488,0.367,0.54,0,0.762,0.424,0.77,0,0.857
54902,20160507,-93.29,41.56,0.356,0.49,0,0.69,0.376,0.42,0,0.75,0.424,0.71,0,0.887,0.452,0.44,0,0.893,0.509,0.34,0.036,0.488,0.366,0.54,0,0.756,0.423,0.76,0,0.857
54902,20160508,-93.29,41.56,0.342,0.33,0,0.548,0.372,0.35,0,0.637,0.42,0.59,0,0.744,0.45,0.39,0,0.851,0.509,0.32,0.036,0.458,0.357,0.4,0,0.613,0.419,0.61,0,0.714
54902,20160509,-93.29,41.56,0.327,0.16,0,0.405,0.365,0.23,0,0.494,0.416,0.48,0,0.601,0.449,0.34,0,0.75,0.509,0.27,0.054,0.429,0.346,0.23,0.018,0.47,0.413,0.44,0,0.571
54902,20160510,-93.29,41.56,0.312,0,0,0.262,0.357,0.11,0,0.351,0.413,0.38,0,0.458,0.448,0.29,0,0.673,0.509,0.25,0.054,0.417,0.335,0.07,0.024,0.327,0.408,0.28,0,0.429
54902,20160511,-93.29,41.56,0.299,-0.14,0,0.119,0.35,-0.01,0,0.208,0.41,0.29,0,0.315,0.447,0.26,0,0.595,0.509,0.22,0.054,0.375,0.324,-0.07,0.024,0.185,0.403,0.14,0,0.286
54902,20160512,-93.29,41.56,0.292,-0.22,0,0,0.343,-0.11,0,0.065,0.408,0.21,0,0.173,0.447,0.24,0,0.518,0.509,0.2,0.054,0.357,0.318,-0.17,0.024,0.042,0.4,0.04,0,0.143
54902,20160513,-93.29,41.56,0.289,-0.26,0,0,0.338,-0.19,0,0,0.405,0.14,0,0.037,0.447,0.24,0,0.479,0.509,0.18,0.061,0.325,0.313,-0.23,0.025,0,0.397,-0.02,0,0.012
54902,20160514,-93.29,41.56,0.287,-0.28,0,0,0.333,-0.26,0.006,0,0.403,0.08,0,0,0.447,0.24,0,0.448,0.509,0.19,0.037,0.301,0.31,-0.27,0.025,0,0.396,-0.07,0,0
54902,20160515,-93.29,41.56,0.287,-0.28,0,0,0.328,-0.31,0.037,0,0.401,0.01,0,0,0.447,0.22,0,0.356,0.51,0.17,0.037,0.264,0.308,-0.29,0.025,0,0.394,-0.12,0,0
54902,20160516,-93.29,41.56,0.287,-0.28,0.006,0,0.325,-0.34,0.184,0,0.398,-0.06,0.018,0,0.447,0.21,0,0.325,0.51,0.17,0.018,0.233,0.306,-0.3,0.067,0,0.393,-0.14,0.006,0
54902,20160517,-93.29,41.56,0.286,-0.29,0.141,0,0.322,-0.37,0.331,0,0.395,-0.13,0.08,0,0.446,0.2,0,0.264,0.51,0.15,0.018,0.19,0.304,-0.31,0.209,0,0.392,-0.17,0.012,0
54902,20160518,-93.29,41.56,0.285,-0.3,0.288,0,0.319,-0.4,0.479,0,0.392,-0.2,0.172,0,0.446,0.19,0,0.209,0.51,0.14,0.018,0.166,0.302,-0.33,0.356,0,0.39,-0.21,0.104,0
54902,20160519,-93.29,41.56,0.279,-0.36,0.436,0,0.315,-0.44,0.626,0,0.389,-0.27,0.294,0,0.445,0.16,0,0.153,0.51,0.14,0.018,0.129,0.297,-0.37,0.503,0,0.388,-0.27,0.252,0
54902,20160520,-93.29,41.56,0.271,-0.43,0.565,0,0.312,-0.47,0.75,0,0.386,-0.34,0.429,0,0.444,0.12,0,0.095,0.511,0.15,0.018,0.137,0.292,-0.43,0.631,0,0.385,-0.34,0.387,0
54902,20160521,-93.29,41.56,0.264,-0.49,0.708,0,0.308,-0.51,0.887,0,0.381,-0.43,0.571,0,0.443,0.08,0,0.03,0.51,0.11,0.054,0.107,0.286,-0.49,0.774,0,0.381,-0.41,0.53,0
54902,20160522,-93.29,41.56,0.256,-0.55,0.851,0,0.304,-0.55,1,0,0.376,-0.52,0.714,0,0.442,0.06,0,0.018,0.51,0.09,0.06,0.101,0.28,-0.54,0.917,0,0.378,-0.47,0.673,0
54902,20160523,-93.29,41.56,0.25,-0.6,0.988,0,0.3,-0.6,1,0,0.371,-0.61,0.839,0,0.44,0.02,0,0.006,0.51,0.05,0.095,0.089,0.275,-0.6,1,0,0.374,-0.54,0.81,0
54902,20160524,-93.29,41.56,0.243,-0.65,1,0,0.294,-0.65,1,0,0.364,-0.72,0.923,0,0.439,-0.01,0,0,0.51,0.02,0.143,0.083,0.269,-0.65,1,0,0.37,-0.6,0.946,0
54902,20160525,-93.29,41.56,0.238,-0.69,0.994,0,0.289,-0.7,1,0,0.358,-0.81,0.976,0,0.437,-0.05,0,0,0.509,-0.02,0.161,0.071,0.263,-0.7,1,0,0.366,-0.66,1,0
54902,20160526,-93.29,41.56,0.239,-0.67,0.94,0,0.283,-0.75,1,0,0.352,-0.9,1,0,0.436,-0.08,0,0,0.509,-0.07,0.179,0.06,0.261,-0.71,1,0,0.364,-0.69,1,0
54902,20160527,-93.29,41.56,0.253,-0.53,0.798,0.071,0.284,-0.72,0.929,0,0.347,-0.96,1,0,0.435,-0.1,0.006,0,0.509,-0.1,0.19,0.03,0.269,-0.62,0.929,0.071,0.365,-0.63,0.929,0
54902,20160528,-93.29,41.56,0.276,-0.31,0.655,0.214,0.29,-0.63,0.786,0,0.344,-0.97,1,0,0.435,-0.09,0.006,0,0.509,-0.1,0.179,0.018,0.283,-0.45,0.786,0.214,0.371,-0.51,0.786,0
54902,20160529,-93.29,41.56,0.301,-0.07,0.512,0.357,0.298,-0.53,0.643,0,0.348,-0.87,0.893,0,0.435,-0.07,0.006,0,0.509,-0.13,0.19,0,0.3,-0.26,0.643,0.357,0.378,-0.36,0.643,0.107
54902,20160530,-93.29,41.56,0.324,0.15,0.369,0.5,0.306,-0.41,0.5,0,0.356,-0.71,0.75,0,0.435,-0.05,0.006,0,0.509,-0.13,0.196,0,0.315,-0.08,0.5,0.452,0.386,-0.2,0.5,0.119
54902,20160531,-93.29,41.56,0.343,0.33,0.226,0.595,0.313,-0.31,0.357,0,0.364,-0.54,0.607,0,0.435,-0.04,0.006,0,0.509,-0.11,0.155,0,0.328,0.07,0.357,0.452,0.393,-0.05,0.357,0.119
54902,20160601,-93.29,41.56,0.358,0.48,0.089,0.595,0.321,-0.21,0.214,0,0.372,-0.38,0.464,0,0.436,-0.02,0.006,0,0.509,-0.1,0.149,0,0.339,0.21,0.214,0.452,0.399,0.07,0.214,0.119
54902,20160602,-93.29,41.56,0.366,0.56,0,0.595,0.327,-0.12,0.071,0,0.379,-0.23,0.321,0,0.436,-0.01,0.006,0,0.51,-0.08,0.149,0,0.347,0.29,0.071,0.452,0.404,0.16,0.071,0.119
54902,20160603,-93.29,41.56,0.359,0.5,0,0.524,0.328,-0.1,0,0,0.385,-0.11,0.179,0,0.436,0,0,0,0.51,-0.08,0.149,0,0.343,0.27,0,0.381,0.403,0.17,0,0.119
54902,20160604,-93.29,41.56,0.341,0.35,0,0.381,0.322,-0.16,0.024,0,0.389,-0.04,0.036,0,0.435,-0.03,0,0,0.51,-0.1,0.161,0,0.331,0.15,0,0.238,0.399,0.1,0,0.119
54902,20160605,-93.29,41.56,0.32,0.17,0,0.238,0.314,-0.23,0.155,0,0.385,-0.07,0,0,0.433,-0.05,0,0,0.509,-0.11,0.179,0,0.317,0.02,0,0.095,0.392,-0.01,0,0.012
54902,20160606,-93.29,41.56,0.301,0.01,0,0.095,0.307,-0.29,0.298,0,0.378,-0.15,0.006,0,0.431,-0.1,0,0,0.509,-0.12,0.185,0,0.304,-0.11,0.089,0,0.385,-0.12,0.107,0
54902,20160607,-93.29,41.56,0.284,-0.12,0.119,0,0.299,-0.36,0.44,0,0.371,-0.24,0.131,0,0.429,-0.13,0.018,0,0.508,-0.15,0.232,0,0.292,-0.22,0.232,0,0.378,-0.22,0.25,0
54902,20160608,-93.29,41.56,0.27,-0.23,0.262,0,0.292,-0.42,0.583,0,0.362,-0.33,0.274,0,0.427,-0.17,0.024,0,0.507,-0.2,0.333,0,0.281,-0.31,0.375,0,0.372,-0.31,0.393,0
54902,20160609,-93.29,41.56,0.257,-0.33,0.405,0,0.284,-0.48,0.726,0,0.353,-0.42,0.417,0,0.425,-0.22,0.095,0,0.505,-0.27,0.446,0,0.27,-0.4,0.518,0,0.365,-0.4,0.536,0
54902,20160610,-93.29,41.56,0.246,-0.42,0.548,0,0.276,-0.54,0.869,0,0.343,-0.51,0.56,0,0.421,-0.27,0.226,0,0.503,-0.32,0.554,0,0.261,-0.48,0.661,0,0.358,-0.48,0.679,0
54902,20160611,-93.29,41.56,0.238,-0.48,0.69,0,0.269,-0.6,0.988,0,0.335,-0.59,0.702,0,0.418,-0.33,0.369,0,0.501,-0.38,0.661,0,0.253,-0.55,0.804,0,0.352,-0.55,0.821,0
54902,20160612,-93.29,41.56,0.255,-0.34,0.69,0.137,0.274,-0.54,0.863,0,0.339,-0.53,0.708,0,0.414,-0.39,0.512,0,0.498,-0.45,0.768,0,0.265,-0.44,0.81,0.048,0.356,-0.48,0.827,0
54902,20160613,-93.29,41.56,0.269,-0.24,0.69,0.173,0.279,-0.49,0.72,0,0.343,-0.47,0.702,0,0.41,-0.45,0.655,0,0.496,-0.51,0.863,0,0.274,-0.36,0.72,0.048,0.359,-0.43,0.72,0
54902,20160614,-93.29,41.56,0.279,-0.16,0.571,0.173,0.284,-0.44,0.577,0,0.348,-0.41,0.577,0,0.407,-0.49,0.774,0,0.494,-0.56,0.952,0,0.282,-0.29,0.577,0.048,0.362,-0.38,0.577,0
54902,20160615,-93.29,41.56,0.287,-0.1,0.429,0.173,0.288,-0.4,0.435,0,0.352,-0.36,0.435,0,0.404,-0.53,0.911,0,0.492,-0.6,0.982,0,0.288,-0.23,0.435,0.048,0.364,-0.34,0.435,0
54902,20160616,-93.29,41.56,0.294,-0.04,0.286,0.173,0.292,-0.36,0.375,0,0.356,-0.31,0.292,0,0.401,-0.55,0.982,0,0.491,-0.61,0.988,0,0.293,-0.19,0.298,0.048,0.367,-0.3,0.327,0
54902,20160617,-93.29,41.56,0.3,0,0.143,0.173,0.295,-0.33,0.375,0,0.36,-0.26,0.149,0,0.399,-0.56,0.994,0,0.489,-0.62,1,0,0.298,-0.15,0.268,0.048,0.369,-0.27,0.304,0
54902,20160618,-93.29,41.56,0.304,0.04,0.125,0.173,0.298,-0.31,0.375,0,0.362,-0.22,0.101,0,0.398,-0.56,0.994,0,0.488,-0.63,1,0,0.301,-0.12,0.268,0.048,0.37,-0.24,0.304,0
54902,20160619,-93.29,41.56,0.282,-0.12,0.268,0.036,0.288,-0.4,0.512,0,0.352,-0.32,0.238,0,0.396,-0.56,0.994,0,0.488,-0.61,0.994,0,0.285,-0.25,0.405,0,0.361,-0.34,0.44,0
54902,20160620,-93.29,41.56,0.264,-0.26,0.411,0,0.278,-0.48,0.655,0,0.34,-0.41,0.381,0,0.394,-0.57,0.994,0,0.488,-0.6,0.994,0,0.271,-0.37,0.548,0,0.353,-0.42,0.583,0
54902,20160621,-93.29,41.56,0.251,-0.35,0.554,0,0.27,-0.56,0.798,0,0.33,-0.5,0.524,0,0.392,-0.58,1,0,0.487,-0.6,0.994,0,0.26,-0.46,0.69,0,0.346,-0.49,0.726,0
54902,20160622,-93.29,41.56,0.242,-0.41,0.696,0,0.263,-0.61,0.94,0,0.321,-0.57,0.667,0,0.39,-0.6,1,0,0.486,-0.59,0.994,0,0.253,-0.52,0.833,0,0.34,-0.54,0.869,0
54902,20160623,-93.29,41.56,0.236,-0.44,0.839,0,0.259,-0.64,1,0,0.313,-0.62,0.81,0,0.387,-0.61,1,0,0.486,-0.59,0.994,0,0.247,-0.55,0.97,0,0.336,-0.58,0.976,0
54902,20160624,-93.29,41.56,0.23,-0.47,0.982,0,0.255,-0.67,1,0,0.306,-0.66,0.952,0,0.384,-0.63,1,0,0.485,-0.61,0.994,0,0.242,-0.59,1,0,0.332,-0.61,1,0
54902,20160625,-93.29,41.56,0.225,-0.49,1,0,0.251,-0.69,1,0,0.301,-0.69,1,0,0.382,-0.64,1,0,0.483,-0.63,0.994,0,0.238,-0.61,1,0,0.328,-0.64,1,0
54902,20160626,-93.29,41.56,0.222,-0.51,1,0,0.248,-0.7,1,0,0.296,-0.71,1,0,0.379,-0.65,1,0,0.482,-0.65,1,0,0.235,-0.63,1,0,0.325,-0.65,1,0
54902,20160627,-93.29,41.56,0.221,-0.52,1,0,0.246,-0.71,1,0,0.293,-0.71,1,0,0.376,-0.66,1,0,0.48,-0.67,1,0,0.234,-0.64,1,0,0.323,-0.66,1,0
54902,20160628,-93.29,41.56,0.22,-0.53,1,0,0.245,-0.72,1,0,0.29,-0.72,1,0,0.374,-0.66,1,0,0.479,-0.68,1,0,0.232,-0.65,1,0,0.322,-0.67,1,0
54902,20160629,-93.29,41.56,0.217,-0.55,1,0,0.243,-0.73,1,0,0.288,-0.72,1,0,0.372,-0.65,1,0,0.478,-0.69,1,0,0.23,-0.66,1,0,0.32,-0.67,1,0
54902,20160630,-93.29,41.56,0.214,-0.58,1,0,0.239,-0.76,1,0,0.286,-0.73,1,0,0.37,-0.65,1,0,0.476,-0.7,1,0,0.227,-0.69,1,0,0.317,-0.69,1,0
54902,20160701,-93.29,41.56,0.218,-0.56,0.917,0,0.238,-0.77,1,0,0.283,-0.74,1,0,0.367,-0.64,1,0,0.474,-0.71,1,0,0.228,-0.69,0.988,0,0.316,-0.68,1,0
54902,20160702,-93.29,41.56,0.223,-0.52,0.774,0,0.237,-0.78,1,0,0.281,-0.74,1,0,0.365,-0.63,1,0,0.473,-0.71,1,0,0.23,-0.67,0.988,0,0.316,-0.67,1,0
54902,20160703,-93.29,41.56,0.228,-0.5,0.685,0,0.236,-0.78,1,0,0.279,-0.75,1,0,0.363,-0.61,0.994,0,0.472,-0.71,1,0,0.232,-0.66,0.988,0,0.315,-0.66,1,0
54902,20160704,-93.29,41.56,0.231,-0.47,0.679,0,0.235,-0.79,1,0,0.277,-0.75,1,0,0.361,-0.59,0.982,0,0.47,-0.72,1,0,0.233,-0.65,0.988,0,0.315,-0.64,1,0
54902,20160705,-93.29,41.56,0.233,-0.45,0.679,0,0.235,-0.78,1,0,0.276,-0.75,1,0,0.359,-0.57,0.958,0,0.467,-0.74,1,0,0.234,-0.63,0.988,0,0.314,-0.63,1,0
54902,20160706,-93.29,41.56,0.238,-0.41,0.649,0,0.238,-0.74,0.97,0,0.274,-0.74,1,0,0.357,-0.55,0.923,0,0.465,-0.77,1,0,0.238,-0.6,0.958,0,0.314,-0.61,0.97,0
54902,20160707,-93.29,41.56,0.248,-0.31,0.506,0.006,0.252,-0.61,0.827,0.018,0.276,-0.71,0.982,0,0.356,-0.52,0.869,0,0.462,-0.79,1,0,0.25,-0.48,0.815,0.006,0.319,-0.54,0.827,0
54902,20160708,-93.29,41.56,0.262,-0.19,0.446,0.065,0.269,-0.45,0.685,0.024,0.289,-0.59,0.839,0,0.355,-0.5,0.833,0,0.46,-0.81,1,0,0.266,-0.35,0.685,0.03,0.327,-0.44,0.685,0
54902,20160709,-93.29,41.56,0.271,-0.11,0.446,0.065,0.283,-0.32,0.542,0.024,0.3,-0.47,0.696,0,0.354,-0.48,0.762,0,0.459,-0.83,1,0,0.277,-0.24,0.542,0.03,0.333,-0.36,0.542,0
54902,20160710,-93.29,41.56,0.277,-0.05,0.393,0.065,0.296,-0.2,0.399,0.024,0.311,-0.37,0.554,0,0.353,-0.46,0.708,0,0.457,-0.84,1,0,0.286,-0.14,0.399,0.03,0.339,-0.29,0.399,0
54902,20160711,-93.29,41.56,0.282,0.01,0.256,0.065,0.308,-0.08,0.256,0.024,0.321,-0.27,0.411,0,0.352,-0.45,0.667,0,0.456,-0.85,1,0,0.295,-0.05,0.256,0.03,0.344,-0.22,0.256,0
54902,20160712,-93.29,41.56,0.29,0.09,0.113,0.101,0.321,0.05,0.113,0.06,0.33,-0.18,0.268,0,0.352,-0.43,0.577,0,0.455,-0.85,1,0,0.306,0.05,0.113,0.065,0.35,-0.15,0.113,0
54902,20160713,-93.29,41.56,0.305,0.23,0,0.244,0.334,0.18,0,0.077,0.34,-0.08,0.125,0,0.351,-0.41,0.482,0,0.454,-0.84,1,0,0.32,0.19,0,0.202,0.357,-0.06,0,0
54902,20160714,-93.29,41.56,0.313,0.33,0,0.381,0.338,0.23,0,0.167,0.349,0,0,0,0.35,-0.4,0.393,0,0.454,-0.83,1,0,0.325,0.27,0,0.327,0.361,-0.01,0,0
54902,20160715,-93.29,41.56,0.309,0.33,0,0.464,0.337,0.24,0,0.202,0.346,-0.01,0,0,0.35,-0.38,0.286,0,0.453,-0.81,1,0,0.323,0.28,0,0.44,0.359,-0.01,0,0
54902,20160716,-93.29,41.56,0.307,0.35,0,0.518,0.336,0.26,0,0.202,0.343,-0.01,0,0,0.349,-0.36,0.214,0,0.453,-0.79,1,0,0.321,0.3,0,0.464,0.358,-0.01,0,0
54902,20160717,-93.29,41.56,0.306,0.38,0,0.524,0.336,0.29,0,0.208,0.342,0,0,0,0.349,-0.34,0.131,0,0.452,-0.76,1,0,0.321,0.33,0,0.47,0.357,0,0,0
54902,20160718,-93.29,41.56,0.31,0.45,0,0.667,0.341,0.37,0,0.351,0.341,0.01,0,0,0.349,-0.31,0.042,0,0.452,-0.73,1,0,0.325,0.4,0,0.613,0.358,0.04,0,0
54902,20160719,-93.29,41.56,0.313,0.52,0,0.774,0.346,0.44,0,0.458,0.345,0.06,0,0,0.349,-0.28,0.012,0,0.451,-0.7,1,0,0.329,0.47,0,0.72,0.361,0.09,0,0
54902,20160720,-93.29,41.56,0.321,0.62,0,0.774,0.352,0.53,0,0.583,0.346,0.1,0,0.006,0.356,-0.19,0,0,0.455,-0.6,0.893,0,0.336,0.57,0,0.726,0.366,0.17,0,0.113
54902,20160721,-93.29,41.56,0.326,0.7,0,0.774,0.357,0.62,0,0.619,0.346,0.12,0,0.006,0.366,-0.08,0,0.006,0.461,-0.48,0.75,0,0.342,0.65,0,0.738,0.371,0.25,0,0.256
54902,20160722,-93.29,41.56,0.331,0.76,0,0.774,0.363,0.7,0,0.72,0.346,0.14,0,0.006,0.375,0.03,0,0.03,0.467,-0.35,0.607,0,0.347,0.72,0,0.744,0.376,0.32,0,0.399
54902,20160723,-93.29,41.56,0.336,0.83,0,0.863,0.368,0.78,0,0.863,0.347,0.17,0,0.006,0.384,0.15,0,0.125,0.473,-0.23,0.464,0,0.352,0.79,0,0.863,0.382,0.4,0,0.542
54902,20160724,-93.29,41.56,0.341,0.9,0,1,0.373,0.86,0,1,0.348,0.21,0,0.006,0.394,0.26,0,0.268,0.479,-0.12,0.321,0,0.357,0.87,0,1,0.387,0.48,0,0.685
54902,20160725,-93.29,41.56,0.342,0.92,0,1,0.373,0.9,0,1,0.349,0.24,0,0.006,0.404,0.37,0,0.411,0.485,-0.01,0.179,0,0.358,0.9,0,1,0.39,0.53,0,0.815
54902,20160726,-93.29,41.56,0.338,0.9,0,1,0.371,0.9,0,1,0.344,0.22,0,0.006,0.413,0.48,0,0.554,0.49,0.1,0.036,0,0.354,0.89,0,1,0.391,0.56,0,0.815
54902,20160727,-93.29,41.56,0.32,0.76,0,0.869,0.362,0.84,0,1,0.34,0.21,0,0,0.415,0.52,0,0.696,0.492,0.14,0,0,0.341,0.77,0,0.964,0.386,0.52,0,0.702
54902,20160728,-93.29,41.56,0.302,0.62,0,0.726,0.352,0.76,0,1,0.337,0.2,0,0,0.414,0.54,0,0.833,0.491,0.15,0,0,0.327,0.66,0,0.821,0.379,0.46,0,0.56
54902,20160729,-93.29,41.56,0.287,0.5,0,0.583,0.342,0.68,0,0.958,0.333,0.19,0,0,0.414,0.55,0,0.952,0.49,0.16,0,0,0.314,0.56,0,0.679,0.373,0.42,0,0.417
54902,20160730,-93.29,41.56,0.274,0.4,0,0.44,0.332,0.61,0,0.821,0.329,0.17,0,0,0.413,0.56,0,1,0.489,0.16,0,0,0.303,0.46,0,0.536,0.367,0.38,0,0.274
54902,20160731,-93.29,41.56,0.262,0.31,0,0.298,0.323,0.54,0,0.702,0.325,0.15,0,0,0.411,0.57,0,1,0.489,0.17,0,0,0.293,0.38,0,0.393,0.362,0.35,0,0.131
54902,20160801,-93.29,41.56,0.252,0.23,0,0.155,0.314,0.47,0,0.56,0.32,0.12,0,0,0.41,0.57,0,1,0.488,0.18,0,0,0.283,0.3,0,0.25,0.357,0.31,0,0
54902,20160802,-93.29,41.56,0.245,0.17,0,0.012,0.307,0.41,0,0.417,0.316,0.11,0,0,0.408,0.58,0,1,0.487,0.19,0,0,0.276,0.24,0,0.107,0.353,0.29,0,0
54902,20160803,-93.29,41.56,0.248,0.22,0,0.143,0.31,0.47,0,0.417,0.315,0.12,0,0,0.406,0.58,0,1,0.486,0.2,0,0,0.279,0.29,0,0.143,0.353,0.32,0,0.143
54902,20160804,-93.29,41.56,0.251,0.27,0,0.286,0.312,0.52,0,0.417,0.314,0.13,0,0,0.405,0.59,0,1,0.485,0.21,0,0,0.282,0.34,0,0.286,0.353,0.35,0,0.286
54902,20160805,-93.29,41.56,0.256,0.33,0,0.429,0.318,0.59,0,0.458,0.314,0.15,0,0,0.403,0.59,0,1,0.485,0.23,0,0,0.287,0.41,0,0.429,0.355,0.39,0,0.429
54902,20160806,-93.29,41.56,0.263,0.4,0,0.571,0.325,0.68,0,0.595,0.313,0.17,0,0,0.402,0.58,0,1,0.484,0.24,0,0,0.294,0.49,0,0.571,0.357,0.43,0,0.571
54902,20160807,-93.29,41.56,0.268,0.46,0,0.714,0.331,0.75,0,0.714,0.313,0.19,0,0,0.401,0.58,0,1,0.483,0.25,0,0,0.299,0.56,0,0.714,0.359,0.47,0,0.714
54902,20160808,-93.29,41.56,0.272,0.51,0,0.851,0.337,0.81,0,0.857,0.313,0.21,0,0,0.4,0.58,0,1,0.483,0.26,0,0,0.304,0.61,0,0.857,0.361,0.5,0,0.839
54902,20160809,-93.29,41.56,0.276,0.55,0,0.935,0.341,0.86,0,1,0.312,0.22,0,0,0.399,0.57,0,0.964,0.482,0.27,0,0,0.309,0.66,0,1,0.362,0.52,0,0.881
54902,20160810,-93.29,41.56,0.27,0.49,0,0.792,0.337,0.81,0,1,0.31,0.21,0,0,0.397,0.56,0,0.887,0.481,0.27,0,0,0.304,0.61,0,0.976,0.359,0.5,0,0.738
54902,20160811,-93.29,41.56,0.266,0.44,0,0.655,0.332,0.76,0,0.905,0.307,0.19,0,0,0.396,0.55,0,0.804,0.48,0.27,0,0,0.299,0.56,0,0.839,0.356,0.47,0,0.595
54902,20160812,-93.29,41.56,0.273,0.49,0,0.655,0.33,0.73,0,0.821,0.309,0.21,0,0.054,0.394,0.53,0,0.679,0.479,0.27,0,0,0.302,0.57,0,0.839,0.357,0.49,0,0.512
54902,20160813,-93.29,41.56,0.288,0.6,0,0.655,0.332,0.74,0,0.821,0.317,0.27,0,0.196,0.395,0.53,0,0.679,0.479,0.27,0,0,0.31,0.63,0,0.839,0.362,0.53,0,0.512
54902,20160814,-93.29,41.56,0.302,0.69,0,0.655,0.335,0.75,0,0.821,0.325,0.31,0,0.339,0.396,0.54,0,0.679,0.478,0.26,0,0,0.318,0.69,0,0.839,0.367,0.58,0,0.512
54902,20160815,-93.29,41.56,0.313,0.76,0,0.661,0.337,0.76,0,0.821,0.332,0.35,0,0.482,0.397,0.54,0,0.679,0.478,0.26,0,0,0.325,0.73,0,0.839,0.372,0.61,0,0.53
54902,20160816,-93.29,41.56,0.324,0.83,0,0.719,0.34,0.77,0,0.82,0.34,0.38,0,0.605,0.398,0.55,0,0.713,0.477,0.25,0,0,0.332,0.77,0,0.838,0.376,0.65,0,0.629
54902,20160817,-93.29,41.56,0.335,0.9,0,0.862,0.344,0.79,0,0.82,0.348,0.42,0,0.677,0.4,0.56,0,0.79,0.477,0.24,0,0,0.34,0.82,0,0.862,0.381,0.68,0,0.772
54902,20160818,-93.29,41.56,0.351,1.01,0,1,0.353,0.85,0,0.916,0.359,0.47,0,0.82,0.402,0.57,0,0.874,0.477,0.23,0,0,0.352,0.9,0,1,0.388,0.73,0,0.916
54902,20160819,-93.29,41.56,0.352,1,0,1,0.355,0.86,0,1,0.364,0.48,0,0.91,0.405,0.58,0,1,0.477,0.2,0,0,0.354,0.9,0,1,0.391,0.73,0,1
54902,20160820,-93.29,41.56,0.343,0.9,0,1,0.352,0.8,0,1,0.363,0.44,0,0.844,0.405,0.57,0,1,0.476,0.17,0,0,0.347,0.82,0,1,0.388,0.68,0,1
54902,20160821,-93.29,41.56,0.336,0.82,0,1,0.35,0.76,0,1,0.363,0.4,0,0.701,0.406,0.57,0,1,0.476,0.14,0,0,0.343,0.76,0,1,0.386,0.63,0,0.964
54902,20160822,-93.29,41.56,0.33,0.75,0,1,0.347,0.72,0,1,0.362,0.37,0,0.557,0.406,0.56,0,1,0.475,0.11,0,0,0.339,0.7,0,1,0.384,0.57,0,0.82
54902,20160823,-93.29,41.56,0.324,0.69,0,0.893,0.344,0.68,0,0.893,0.361,0.33,0,0.435,0.406,0.55,0,1,0.475,0.08,0,0,0.334,0.65,0,0.881,0.382,0.51,0,0.679
54902,20160824,-93.29,41.56,0.317,0.62,0,0.75,0.341,0.64,0,0.75,0.36,0.29,0,0.363,0.405,0.53,0,1,0.475,0.05,0,0,0.329,0.59,0,0.738,0.38,0.45,0,0.536
54902,20160825,-93.29,41.56,0.31,0.55,0,0.685,0.337,0.59,0,0.685,0.359,0.25,0,0.22,0.405,0.52,0,1,0.475,0.03,0,0,0.324,0.53,0,0.673,0.377,0.39,0,0.405
54902,20160826,-93.29,41.56,0.306,0.5,0,0.685,0.337,0.57,0,0.685,0.359,0.22,0,0.077,0.405,0.51,0,1,0.475,0.02,0,0,0.322,0.5,0,0.673,0.376,0.34,0,0.262
54902,20160827,-93.29,41.56,0.305,0.48,0,0.685,0.337,0.55,0,0.685,0.359,0.2,0,0,0.404,0.49,0,1,0.475,0.02,0,0,0.321,0.48,0,0.673,0.376,0.31,0,0.119
54902,20160828,-93.29,41.56,0.306,0.47,0,0.685,0.339,0.55,0,0.685,0.359,0.18,0,0,0.403,0.46,0,0.958,0.476,0.02,0,0,0.322,0.47,0,0.673,0.376,0.28,0,0.012
54902,20160829,-93.29,41.56,0.307,0.46,0,0.685,0.341,0.54,0,0.685,0.36,0.17,0,0,0.402,0.4,0,0.815,0.475,0.01,0,0,0.324,0.48,0,0.673,0.377,0.28,0,0.012
54902,20160830,-93.29,41.56,0.31,0.48,0,0.792,0.346,0.56,0,0.786,0.361,0.16,0,0,0.402,0.34,0,0.673,0.476,0,0,0,0.328,0.49,0,0.792,0.379,0.28,0,0.012
54902,20160831,-93.29,41.56,0.315,0.5,0,0.935,0.351,0.57,0,0.929,0.363,0.16,0,0,0.402,0.28,0,0.53,0.476,0,0,0,0.333,0.52,0,0.935,0.381,0.29,0,0.012
54902,20160901,-93.29,41.56,0.316,0.5,0,0.875,0.351,0.56,0,0.887,0.363,0.14,0,0,0.402,0.22,0,0.387,0.476,0,0,0,0.333,0.51,0,0.893,0.381,0.28,0,0
54902,20160902,-93.29,41.56,0.312,0.47,0,0.732,0.349,0.52,0,0.744,0.361,0.12,0,0,0.401,0.17,0,0.244,0.475,-0.01,0,0,0.33,0.48,0,0.75,0.38,0.25,0,0
54902,20160903,-93.29,41.56,0.308,0.43,0,0.589,0.345,0.48,0,0.601,0.36,0.1,0,0,0.401,0.12,0,0.101,0.475,-0.02,0,0,0.327,0.44,0,0.607,0.378,0.23,0,0
54902,20160904,-93.29,41.56,0.302,0.38,0,0.446,0.341,0.43,0,0.458,0.358,0.08,0,0,0.4,0.07,0,0,0.475,-0.03,0,0,0.321,0.39,0,0.464,0.375,0.19,0,0
54902,20160905,-93.29,41.56,0.295,0.34,0,0.304,0.337,0.39,0,0.315,0.356,0.05,0,0,0.399,0.06,0,0,0.475,-0.05,0,0,0.316,0.34,0,0.321,0.372,0.16,0,0
54902,20160906,-93.29,41.56,0.288,0.29,0,0.161,0.331,0.34,0,0.179,0.354,0.03,0,0,0.398,0.04,0,0,0.474,-0.06,0,0,0.31,0.29,0,0.179,0.369,0.13,0,0
54902,20160907,-93.29,41.56,0.279,0.23,0,0.018,0.325,0.28,0,0.036,0.351,0.01,0,0,0.397,0.03,0,0,0.474,-0.07,0,0,0.302,0.24,0,0.036,0.365,0.09,0,0
54902,20160908,-93.29,41.56,0.281,0.25,0,0.107,0.325,0.27,0,0.095,0.352,0.01,0,0,0.396,0.02,0,0,0.474,-0.08,0,0,0.303,0.24,0,0.107,0.366,0.09,0,0
54902,20160909,-93.29,41.56,0.286,0.28,0,0.25,0.327,0.28,0,0.185,0.354,0.03,0,0,0.395,0.01,0,0,0.474,-0.08,0,0,0.306,0.27,0,0.25,0.367,0.1,0,0
54902,20160910,-93.29,41.56,0.291,0.33,0,0.393,0.331,0.29,0,0.256,0.356,0.04,0,0,0.394,0,0,0,0.473,-0.09,0,0,0.311,0.3,0,0.393,0.369,0.12,0,0
54902,20160911,-93.29,41.56,0.296,0.37,0,0.536,0.334,0.31,0,0.28,0.359,0.06,0,0,0.393,0,0,0,0.473,-0.09,0,0,0.315,0.34,0,0.536,0.371,0.14,0,0
54902,20160912,-93.29,41.56,0.3,0.41,0,0.643,0.337,0.33,0,0.28,0.361,0.08,0,0,0.393,0,0,0,0.473,-0.09,0,0,0.319,0.37,0,0.56,0.373,0.16,0,0
54902,20160913,-93.29,41.56,0.306,0.45,0,0.661,0.342,0.35,0,0.298,0.364,0.1,0,0.012,0.392,0,0,0,0.474,-0.09,0,0,0.324,0.4,0,0.577,0.376,0.18,0,0.012
54902,20160914,-93.29,41.56,0.319,0.55,0,0.804,0.349,0.4,0,0.44,0.368,0.12,0,0.012,0.392,0,0,0,0.473,-0.09,0,0,0.334,0.47,0,0.72,0.38,0.22,0,0.012
54902,20160915,-93.29,41.56,0.321,0.56,0,0.839,0.351,0.4,0,0.435,0.368,0.12,0,0.012,0.392,0,0,0,0.473,-0.08,0,0,0.336,0.48,0,0.756,0.381,0.22,0,0.012
54902,20160916,-93.29,41.56,0.326,0.6,0,0.839,0.354,0.41,0,0.435,0.369,0.13,0,0.054,0.395,0.03,0,0.048,0.474,-0.07,0,0,0.34,0.5,0,0.756,0.384,0.24,0,0.06
54902,20160917,-93.29,41.56,0.339,0.68,0,0.839,0.361,0.45,0,0.506,0.371,0.14,0,0.054,0.402,0.09,0,0.19,0.477,-0.04,0,0,0.35,0.56,0,0.756,0.39,0.29,0,0.202
54902,20160918,-93.29,41.56,0.349,0.75,0,0.839,0.367,0.49,0,0.625,0.373,0.15,0,0.054,0.409,0.14,0,0.333,0.481,0,0,0,0.358,0.61,0,0.756,0.396,0.33,0,0.345
54902,20160919,-93.29,41.56,0.36,0.83,0,0.875,0.373,0.53,0,0.768,0.376,0.17,0,0.054,0.416,0.2,0,0.476,0.484,0.04,0,0,0.367,0.66,0,0.875,0.402,0.38,0,0.488
54902,20160920,-93.29,41.56,0.371,0.9,0,1,0.381,0.57,0,0.893,0.378,0.19,0,0.054,0.424,0.25,0,0.619,0.487,0.07,0,0,0.376,0.71,0,1,0.408,0.43,0,0.619
54902,20160921,-93.29,41.56,0.375,0.92,0,1,0.385,0.59,0,0.893,0.381,0.2,0,0.054,0.43,0.3,0,0.762,0.49,0.1,0,0,0.38,0.74,0,1,0.412,0.46,0,0.762
54902,20160922,-93.29,41.56,0.38,0.95,0,1,0.39,0.62,0,0.946,0.383,0.22,0,0.054,0.436,0.35,0,0.905,0.492,0.13,0,0,0.385,0.76,0,1,0.416,0.49,0,0.905
54902,20160923,-93.29,41.56,0.38,0.94,0,1,0.391,0.62,0,1,0.385,0.23,0,0.012,0.44,0.38,0,1,0.494,0.15,0,0,0.386,0.76,0,1,0.418,0.5,0,1
54902,20160924,-93.29,41.56,0.375,0.9,0,1,0.389,0.6,0,1,0.385,0.23,0,0.012,0.439,0.37,0,1,0.494,0.14,0,0,0.382,0.73,0,1,0.416,0.49,0,1
54902,20160925,-93.29,41.56,0.376,0.9,0,1,0.389,0.6,0,1,0.39,0.26,0,0.071,0.44,0.38,0,1,0.495,0.14,0,0.03,0.383,0.73,0,1,0.418,0.5,0,1
54902,20160926,-93.29,41.56,0.382,0.93,0,1,0.392,0.61,0,1,0.398,0.3,0,0.214,0.442,0.4,0,1,0.496,0.16,0,0.101,0.387,0.75,0,1,0.422,0.53,0,1
54902,20160927,-93.29,41.56,0.385,0.94,0,1,0.393,0.6,0,1,0.403,0.33,0,0.345,0.444,0.42,0,1,0.497,0.17,0,0.155,0.389,0.76,0,1,0.425,0.54,0,1
54902,20160928,-93.29,41.56,0.387,0.94,0,1,0.393,0.59,0,1,0.408,0.36,0,0.488,0.446,0.44,0,1,0.499,0.19,0,0.226,0.39,0.75,0,1,0.427,0.55,0,1
54902,20160929,-93.29,41.56,0.388,0.94,0,1,0.392,0.58,0,1,0.412,0.38,0,0.631,0.448,0.45,0,1,0.501,0.21,0,0.298,0.39,0.75,0,1,0.428,0.56,0,1
54902,20160930,-93.29,41.56,0.388,0.94,0,1,0.392,0.57,0,1,0.416,0.4,0,0.774,0.449,0.47,0,1,0.503,0.22,0,0.357,0.39,0.74,0,1,0.43,0.56,0,1
54902,20161001,-93.29,41.56,0.387,0.92,0,1,0.391,0.55,0,1,0.419,0.41,0,0.917,0.45,0.48,0,1,0.504,0.24,0,0.435,0.389,0.73,0,1,0.43,0.56,0,1
54902,20161002,-93.29,41.56,0.381,0.88,0,1,0.388,0.53,0,1,0.418,0.4,0,1,0.45,0.48,0,1,0.506,0.25,0,0.512,0.385,0.7,0,1,0.429,0.54,0,1
54902,20161003,-93.29,41.56,0.37,0.81,0,1,0.383,0.5,0,1,0.414,0.38,0,1,0.447,0.47,0,1,0.506,0.26,0,0.542,0.377,0.65,0,1,0.424,0.51,0,1
54902,20161004,-93.29,41.56,0.361,0.75,0,1,0.38,0.47,0,1,0.412,0.36,0,0.994,0.446,0.46,0,1,0.506,0.25,0,0.536,0.37,0.62,0,1,0.421,0.48,0,1
54902,20161005,-93.29,41.56,0.354,0.7,0,0.929,0.377,0.45,0,1,0.409,0.35,0,0.994,0.445,0.46,0,1,0.506,0.25,0,0.548,0.365,0.59,0,1,0.418,0.46,0,0.994
54902,20161006,-93.29,41.56,0.351,0.68,0,0.929,0.374,0.43,0,0.994,0.408,0.34,0,0.994,0.444,0.46,0,1,0.507,0.26,0,0.554,0.362,0.58,0,1,0.417,0.45,0,0.994
54902,20161007,-93.29,41.56,0.348,0.67,0,0.929,0.372,0.42,0,0.958,0.406,0.33,0,0.964,0.443,0.45,0,1,0.507,0.26,0,0.56,0.36,0.56,0,1,0.415,0.44,0,0.994
54902,20161008,-93.29,41.56,0.346,0.65,0,0.929,0.369,0.4,0,0.821,0.405,0.32,0,0.839,0.442,0.45,0,1,0.507,0.25,0,0.53,0.357,0.55,0,0.988,0.414,0.43,0,0.893
54902,20161009,-93.29,41.56,0.342,0.63,0,0.887,0.366,0.37,0,0.679,0.403,0.3,0,0.696,0.441,0.44,0,1,0.507,0.24,0,0.446,0.354,0.52,0,0.863,0.412,0.41,0,0.75
54902,20161010,-93.29,41.56,0.34,0.61,0,0.744,0.363,0.34,0,0.536,0.401,0.29,0,0.554,0.44,0.43,0,1,0.507,0.24,0,0.375,0.351,0.5,0,0.72,0.41,0.39,0,0.607
54902,20161011,-93.29,41.56,0.34,0.61,0,0.655,0.361,0.32,0,0.435,0.4,0.28,0,0.458,0.439,0.42,0,0.988,0.507,0.23,0,0.327,0.35,0.48,0,0.619,0.409,0.38,0,0.506
54902,20161012,-93.29,41.56,0.343,0.62,0,0.726,0.361,0.31,0,0.435,0.401,0.27,0,0.446,0.437,0.41,0,0.976,0.507,0.22,0,0.25,0.352,0.48,0,0.619,0.41,0.38,0,0.512
54902,20161013,-93.29,41.56,0.343,0.61,0,0.726,0.362,0.31,0,0.351,0.401,0.27,0,0.363,0.436,0.4,0,0.976,0.506,0.21,0,0.173,0.353,0.47,0,0.619,0.41,0.38,0,0.476
54902,20161014,-93.29,41.56,0.343,0.6,0,0.726,0.362,0.3,0,0.244,0.401,0.26,0,0.256,0.435,0.39,0,0.97,0.506,0.2,0,0.119,0.352,0.45,0,0.518,0.409,0.37,0,0.369
54902,20161015,-93.29,41.56,0.343,0.59,0,0.726,0.362,0.29,0,0.238,0.401,0.25,0,0.238,0.433,0.38,0,0.946,0.505,0.19,0,0.077,0.352,0.44,0,0.387,0.409,0.36,0,0.327
54902,20161016,-93.29,41.56,0.345,0.58,0,0.768,0.363,0.29,0,0.238,0.401,0.25,0,0.238,0.432,0.36,0,0.851,0.504,0.17,0,0.054,0.354,0.44,0,0.435,0.409,0.36,0,0.327
54902,20161017,-93.29,41.56,0.347,0.58,0,0.899,0.365,0.29,0,0.238,0.402,0.24,0,0.238,0.431,0.34,0,0.708,0.503,0.16,0,0.024,0.356,0.45,0,0.464,0.41,0.36,0,0.327
54902,20161018,-93.29,41.56,0.346,0.56,0,0.905,0.366,0.29,0,0.196,0.402,0.24,0,0.196,0.431,0.32,0,0.577,0.502,0.15,0,0.024,0.356,0.44,0,0.429,0.41,0.36,0,0.292
54902,20161019,-93.29,41.56,0.34,0.51,0,0.762,0.364,0.27,0,0.054,0.401,0.22,0,0.065,0.43,0.29,0,0.446,0.502,0.14,0,0.024,0.352,0.41,0,0.286,0.407,0.34,0,0.149
54902,20161020,-93.29,41.56,0.333,0.45,0,0.619,0.361,0.25,0,0,0.399,0.21,0,0.006,0.43,0.27,0,0.304,0.501,0.14,0,0.03,0.347,0.38,0,0.143,0.405,0.32,0,0.042
54902,20161021,-93.29,41.56,0.326,0.38,0,0.476,0.359,0.23,0,0,0.398,0.19,0,0,0.429,0.24,0,0.167,0.5,0.13,0,0.024,0.343,0.35,0,0.101,0.402,0.3,0,0.006
54902,20161022,-93.29,41.56,0.319,0.32,0,0.333,0.356,0.21,0,0,0.397,0.18,0,0,0.428,0.22,0,0.048,0.499,0.12,0,0.018,0.337,0.32,0,0.101,0.4,0.28,0,0.006
54902,20161023,-93.29,41.56,0.311,0.26,0,0.19,0.352,0.19,0,0,0.395,0.17,0,0,0.428,0.2,0,0,0.499,0.12,0,0.018,0.331,0.27,0,0.036,0.397,0.26,0,0.006
54902,20161024,-93.29,41.56,0.302,0.19,0,0.06,0.347,0.16,0,0,0.392,0.16,0,0,0.427,0.18,0,0,0.499,0.12,0,0.018,0.325,0.23,0,0.006,0.393,0.23,0,0.006
54902,20161025,-93.29,41.56,0.292,0.12,0,0,0.342,0.13,0,0,0.39,0.14,0,0,0.425,0.17,0,0,0.499,0.12,0,0.024,0.317,0.18,0,0,0.39,0.2,0,0
54902,20161026,-93.29,41.56,0.284,0.06,0,0,0.338,0.11,0,0,0.387,0.12,0,0,0.424,0.16,0,0,0.498,0.11,0,0.018,0.311,0.14,0,0,0.386,0.18,0,0
54902,20161027,-93.29,41.56,0.284,0.05,0,0,0.338,0.11,0,0,0.384,0.11,0,0,0.423,0.15,0,0,0.497,0.11,0,0.012,0.311,0.14,0,0,0.385,0.17,0,0
54902,20161028,-93.29,41.56,0.284,0.05,0,0,0.338,0.12,0,0,0.382,0.1,0,0,0.421,0.14,0,0,0.496,0.1,0,0.006,0.311,0.14,0,0,0.385,0.17,0,0
54902,20161029,-93.29,41.56,0.285,0.05,0,0,0.339,0.13,0,0,0.381,0.09,0,0,0.42,0.13,0,0,0.496,0.1,0,0.006,0.312,0.15,0,0,0.384,0.17,0,0
54902,20161030,-93.29,41.56,0.287,0.06,0,0,0.34,0.13,0,0,0.379,0.08,0,0,0.419,0.12,0,0,0.495,0.1,0,0.006,0.313,0.15,0,0,0.384,0.17,0,0
54902,20161031,-93.29,41.56,0.288,0.06,0,0,0.34,0.14,0,0,0.378,0.08,0,0,0.418,0.11,0,0,0.495,0.09,0,0.006,0.314,0.16,0,0,0.384,0.17,0,0
54902,20161101,-93.29,41.56,0.291,0.07,0,0,0.341,0.14,0,0,0.377,0.07,0,0,0.417,0.1,0,0,0.494,0.09,0,0,0.316,0.17,0,0,0.384,0.17,0,0
54902,20161102,-93.29,41.56,0.293,0.09,0,0.012,0.343,0.15,0,0.018,0.376,0.07,0,0,0.416,0.09,0,0,0.494,0.09,0,0,0.318,0.17,0,0.018,0.384,0.17,0,0
54902,20161103,-93.29,41.56,0.294,0.1,0,0.03,0.343,0.16,0,0.083,0.378,0.08,0,0.024,0.415,0.09,0,0,0.493,0.1,0,0,0.319,0.18,0,0.161,0.385,0.17,0,0
54902,20161104,-93.29,41.56,0.295,0.11,0,0.03,0.343,0.16,0,0.089,0.379,0.1,0,0.03,0.414,0.09,0,0,0.494,0.11,0,0,0.319,0.18,0,0.196,0.385,0.17,0,0
54902,20161105,-93.29,41.56,0.296,0.12,0,0.03,0.343,0.16,0,0.089,0.38,0.11,0,0.03,0.414,0.08,0,0,0.493,0.11,0,0,0.32,0.18,0,0.196,0.385,0.17,0,0
54902,20161106,-93.29,41.56,0.297,0.12,0,0.03,0.343,0.17,0,0.089,0.38,0.11,0,0.03,0.413,0.08,0,0,0.492,0.1,0,0,0.32,0.18,0,0.196,0.385,0.17,0,0
54902,20161107,-93.29,41.56,0.297,0.13,0,0.03,0.344,0.17,0,0.089,0.381,0.11,0,0.03,0.412,0.08,0,0,0.491,0.1,0,0,0.321,0.18,0,0.196,0.385,0.17,0,0
54902,20161108,-93.29,41.56,0.298,0.14,0,0.03,0.345,0.18,0,0.089,0.381,0.12,0,0.03,0.411,0.07,0,0,0.49,0.08,0,0,0.322,0.19,0,0.196,0.385,0.17,0,0
54902,20161109,-93.29,41.56,0.298,0.13,0,0.018,0.345,0.18,0,0.071,0.381,0.12,0,0.03,0.411,0.07,0,0,0.489,0.07,0,0,0.322,0.18,0,0.179,0.385,0.17,0,0
54902,20161110,-93.29,41.56,0.294,0.08,0,0,0.342,0.16,0,0.006,0.378,0.09,0,0.006,0.41,0.07,0,0,0.488,0.06,0,0,0.318,0.14,0,0.036,0.382,0.15,0,0
54902,20161111,-93.29,41.56,0.29,0.03,0,0,0.339,0.13,0,0,0.375,0.07,0,0,0.408,0.06,0,0,0.486,0.03,0,0,0.315,0.11,0,0,0.38,0.12,0,0
54902,20161112,-93.29,41.56,0.286,-0.02,0,0,0.337,0.11,0,0,0.373,0.05,0,0,0.407,0.06,0,0,0.484,0,0,0,0.311,0.07,0,0,0.377,0.1,0,0
54902,20161113,-93.29,41.56,0.282,-0.08,0,0,0.334,0.08,0,0,0.37,0.03,0,0,0.406,0.05,0,0,0.482,-0.03,0,0,0.308,0.03,0,0,0.375,0.07,0,0
54902,20161114,-93.29,41.56,0.278,-0.13,0.006,0,0.331,0.05,0,0,0.368,0.01,0,0,0.404,0.05,0,0,0.48,-0.06,0,0,0.304,-0.01,0,0,0.372,0.05,0,0
54902,20161115,-93.29,41.56,0.274,-0.19,0.131,0,0.328,0.02,0,0,0.366,-0.02,0,0,0.403,0.04,0,0,0.478,-0.09,0,0,0.301,-0.05,0,0,0.37,0.02,0,0
54902,20161116,-93.29,41.56,0.27,-0.24,0.274,0,0.325,-0.01,0,0,0.364,-0.04,0,0,0.402,0.03,0,0,0.477,-0.12,0,0,0.297,-0.09,0,0,0.367,-0.01,0,0
54902,20161117,-93.29,41.56,0.266,-0.3,0.417,0,0.322,-0.03,0,0,0.362,-0.06,0,0,0.4,0.03,0,0,0.475,-0.15,0,0,0.294,-0.13,0,0,0.365,-0.05,0,0
54902,20161118,-93.29,41.56,0.263,-0.34,0.56,0,0.32,-0.06,0,0,0.361,-0.08,0,0,0.4,0.02,0,0,0.473,-0.17,0,0,0.291,-0.17,0,0,0.363,-0.07,0,0
54902,20161119,-93.29,41.56,0.259,-0.39,0.702,0,0.317,-0.09,0,0,0.359,-0.1,0,0,0.399,0.02,0,0,0.472,-0.19,0,0,0.288,-0.21,0.077,0,0.361,-0.1,0,0
54902,20161120,-93.29,41.56,0.254,-0.45,0.845,0,0.314,-0.12,0,0,0.357,-0.13,0,0,0.397,0.01,0,0,0.472,-0.2,0,0,0.284,-0.27,0.22,0,0.359,-0.13,0,0
54902,20161121,-93.29,41.56,0.25,-0.51,0.982,0,0.311,-0.16,0,0,0.355,-0.16,0,0,0.396,0.01,0,0,0.471,-0.2,0,0,0.281,-0.33,0.363,0,0.357,-0.16,0,0
54902,20161122,-93.29,41.56,0.246,-0.56,1,0,0.308,-0.19,0,0,0.353,-0.19,0,0,0.395,0,0,0,0.471,-0.21,0,0,0.277,-0.38,0.506,0,0.355,-0.19,0,0
54902,20161123,-93.29,41.56,0.244,-0.58,0.97,0,0.307,-0.21,0.03,0,0.35,-0.21,0,0,0.394,-0.01,0,0,0.47,-0.22,0,0,0.276,-0.41,0.607,0,0.353,-0.21,0,0
54902,20161124,-93.29,41.56,0.247,-0.55,0.827,0,0.308,-0.2,0.03,0,0.348,-0.24,0,0,0.393,-0.01,0,0,0.47,-0.22,0,0,0.278,-0.4,0.607,0,0.353,-0.21,0,0
54902,20161125,-93.29,41.56,0.25,-0.52,0.685,0,0.309,-0.19,0.03,0,0.347,-0.26,0,0,0.392,-0.02,0,0,0.469,-0.22,0,0,0.28,-0.39,0.607,0,0.353,-0.21,0,0
54902,20161126,-93.29,41.56,0.253,-0.48,0.542,0,0.311,-0.18,0.03,0,0.345,-0.28,0,0,0.391,-0.03,0,0,0.469,-0.23,0,0,0.282,-0.37,0.53,0,0.354,-0.21,0,0
54902,20161127,-93.29,41.56,0.257,-0.43,0.399,0,0.314,-0.15,0.03,0,0.344,-0.29,0,0,0.39,-0.03,0,0,0.468,-0.23,0,0,0.285,-0.34,0.387,0,0.355,-0.2,0,0
54902,20161128,-93.29,41.56,0.27,-0.29,0.256,0.083,0.32,-0.08,0.03,0.083,0.347,-0.26,0,0.03,0.389,-0.04,0,0,0.467,-0.24,0,0,0.295,-0.22,0.244,0.083,0.359,-0.15,0,0.024
54902,20161129,-93.29,41.56,0.284,-0.13,0.113,0.095,0.329,0.02,0.03,0.226,0.352,-0.21,0,0.03,0.388,-0.04,0,0,0.467,-0.25,0,0,0.307,-0.08,0.101,0.22,0.364,-0.09,0,0.024
54902,20161130,-93.29,41.56,0.297,0,0,0.095,0.336,0.09,0,0.363,0.356,-0.17,0,0.03,0.388,-0.04,0,0,0.466,-0.25,0,0,0.316,0.04,0,0.232,0.369,-0.04,0,0.024
54902,20161201,-93.29,41.56,0.304,0.07,0,0.095,0.34,0.14,0,0.417,0.36,-0.13,0,0.03,0.388,-0.05,0,0,0.466,-0.26,0,0,0.322,0.11,0,0.232,0.372,-0.01,0,0.024
54902,20161202,-93.29,41.56,0.311,0.15,0,0.095,0.344,0.18,0,0.417,0.364,-0.09,0,0.03,0.388,-0.05,0,0,0.466,-0.26,0,0,0.328,0.18,0,0.232,0.374,0.02,0,0.024
54902,20161203,-93.29,41.56,0.319,0.22,0,0.095,0.348,0.22,0,0.417,0.367,-0.05,0,0.03,0.388,-0.04,0,0,0.465,-0.26,0,0,0.334,0.25,0,0.232,0.377,0.05,0,0.024
54902,20161204,-93.29,41.56,0.328,0.3,0,0.119,0.352,0.26,0,0.435,0.371,-0.01,0,0.042,0.388,-0.05,0,0,0.465,-0.27,0,0,0.34,0.33,0,0.256,0.381,0.09,0,0.024
54902,20161205,-93.29,41.56,0.333,0.33,0,0.161,0.355,0.28,0,0.482,0.373,0.02,0,0.095,0.388,-0.04,0,0,0.464,-0.28,0,0,0.344,0.37,0,0.298,0.383,0.12,0,0
54902,20161206,-93.29,41.56,0.333,0.32,0,0.155,0.356,0.28,0,0.339,0.374,0.02,0,0.095,0.388,-0.04,0,0,0.464,-0.29,0,0,0.345,0.36,0,0.167,0.383,0.13,0,0
54902,20161207,-93.29,41.56,0.335,0.31,0,0.155,0.356,0.27,0,0.202,0.374,0.02,0,0.095,0.388,-0.05,0,0,0.463,-0.3,0,0,0.345,0.35,0,0.155,0.383,0.13,0,0
54902,20161208,-93.29,41.56,0.336,0.29,0,0.155,0.356,0.26,0,0.149,0.374,0.02,0,0.095,0.389,-0.04,0,0,0.463,-0.31,0,0,0.346,0.34,0,0.155,0.383,0.14,0,0
54902,20161209,-93.29,41.56,0.332,0.23,0,0.155,0.356,0.25,0,0.149,0.374,0.02,0,0.095,0.389,-0.04,0,0,0.462,-0.32,0,0,0.344,0.29,0,0.155,0.383,0.12,0,0
54902,20161210,-93.29,41.56,0.334,0.23,0,0.155,0.356,0.24,0,0.149,0.374,0.01,0,0.095,0.389,-0.05,0,0,0.461,-0.34,0,0,0.345,0.28,0,0.155,0.383,0.12,0,0
54902,20161211,-93.29,41.56,0.335,0.23,0,0.148,0.356,0.22,0,0.131,0.373,0,0,0.083,0.389,-0.06,0,0,0.461,-0.36,0.006,0,0.346,0.28,0,0.148,0.383,0.12,0,0
54902,20161212,-93.29,41.56,,,,,0.353,0.18,0,0,0.37,-0.03,0,0,0.39,-0.07,0,0,0.46,-0.38,0.03,0,,,,,,,,
54902,20161213,-93.29,41.56,,,,,0.351,0.14,0,0,0.368,-0.06,0,0,0.39,-0.09,0,0,0.458,-0.4,0.03,0,,,,,,,,
54902,20161214,-93.29,41.56,,,,,0.343,0.04,0.131,0,0.366,-0.08,0,0,0.39,-0.11,0,0,0.458,-0.41,0.03,0,,,,,,,,
54902,20161215,-93.29,41.56,,,,,0.329,-0.15,0.274,0,0.365,-0.1,0,0,0.39,-0.13,0,0,0.457,-0.43,0.03,0,,,,,,,,
54902,20161216,-93.29,41.56,,,,,0.316,-0.33,0.399,0,0.364,-0.12,0,0,0.39,-0.15,0,0,0.456,-0.44,0.03,0,,,,,,,,
54902,20161217,-93.29,41.56,,,,,0.31,-0.41,0.468,0,0.363,-0.13,0,0,0.39,-0.17,0,0,0.456,-0.45,0.03,0,,,,,,,,
54902,20161218,-93.29,41.56,,,,,,,,,0.363,-0.14,0.006,0,0.39,-0.19,0,0,0.455,-0.46,0.03,0,,,,,,,,
54902,20161219,-93.29,41.56,,,,,,,,,0.357,-0.22,0.149,0,0.39,-0.2,0,0,0.455,-0.46,0.012,0,,,,,,,,
54902,20161220,-93.29,41.56,,,,,,,,,0.351,-0.31,0.292,0,0.39,-0.21,0,0,0.455,-0.46,0.018,0,,,,,,,,
54902,20161221,-93.29,41.56,,,,,,,,,0.346,-0.39,0.435,0,0.389,-0.23,0,0,0.454,-0.47,0.018,0,,,,,,,,
54902,20161222,-93.29,41.56,,,,,,,,,0.34,-0.47,0.577,0,0.389,-0.24,0,0,0.454,-0.48,0.036,0,,,,,,,,
54902,20161223,-93.29,41.56,,,,,,,,,0.335,-0.55,0.72,0,0.389,-0.25,0,0,0.453,-0.48,0.054,0,,,,,,,,
54902,20161224,-93.29,41.56,,,,,,,,,0.33,-0.63,0.863,0,0.389,-0.26,0,0,0.452,-0.49,0.077,0,,,,,,,,
54902,20161225,-93.29,41.56,,,,,,,,,0.325,-0.7,1,0,0.389,-0.26,0,0,0.452,-0.48,0.083,0,,,,,,,,
54902,20161226,-93.29,41.56,,,,,,,,,0.337,-0.54,0.897,0.103,0.396,-0.17,0,0.119,0.453,-0.46,0.077,0,,,,,,,,
54902,20161227,-93.29,41.56,,,,,,,,,0.348,-0.4,0.752,0.139,0.403,-0.08,0,0.25,0.455,-0.43,0.071,0,,,,,,,,
54902,20161228,-93.29,41.56,,,,,,,,,0.357,-0.28,0.606,0.139,0.408,-0.02,0,0.262,0.457,-0.39,0.071,0,,,,,,,,
54902,20161229,-93.29,41.56,,,,,,,,,0.365,-0.17,0.461,0.139,0.412,0.04,0,0.262,0.459,-0.35,0.054,0,,,,,,,,
54902,20161230,-93.29,41.56,,,,,,,,,0.374,-0.06,0.315,0.139,0.417,0.1,0,0.262,0.461,-0.3,0.036,0,,,,,,,,
54902,20161231,-93.29,41.56,,,,,,,,,0.383,0.05,0.17,0.139,0.421,0.15,0,0.262,0.464,-0.26,0.012,0,,,,,,,,
54902,20170101,-93.29,41.56,,,,,,,,,0.391,0.16,0.024,0.139,0.425,0.2,0,0.262,0.466,-0.22,0,0,,,,,,,,
54902,20170102,-93.29,41.56,,,,,0.356,0.09,0,0,0.386,0.08,0,0.036,0.421,0.15,0,0.143,0.467,-0.19,0,0,,,,,,,,
54902,20170103,-93.29,41.56,,,,,0.356,0.08,0,0,0.384,0.04,0,0,0.419,0.11,0,0.012,0.468,-0.18,0,0,,,,,,,,
54902,20170104,-93.29,41.56,,,,,0.355,0.07,0,0,0.384,0.02,0,0,0.418,0.1,0,0,0.469,-0.17,0,0,,,,,,,,
54902,20170105,-93.29,41.56,,,,,0.354,0.06,0,0,0.383,0,0,0,0.417,0.09,0,0,0.47,-0.15,0,0,,,,,,,,
54902,20170106,-93.29,41.56,,,,,0.353,0.05,0,0,0.383,-0.02,0,0,0.417,0.08,0,0,0.471,-0.14,0,0,,,,,,,,
54902,20170107,-93.29,41.56,,,,,0.352,0.03,0,0,0.382,-0.05,0,0,0.417,0.08,0,0,0.471,-0.13,0,0,,,,,,,,
54902,20170108,-93.29,41.56,,,,,,,,,0.381,-0.08,0,0,0.417,0.08,0,0,0.472,-0.11,0,0,,,,,,,,
54902,20170109,-93.29,41.56,,,,,,,,,0.381,-0.12,0.048,0,0.417,0.07,0,0,0.473,-0.1,0,0,,,,,,,,
54902,20170110,-93.29,41.56,,,,,,,,,0.38,-0.18,0.155,0,0.417,0.06,0,0,0.473,-0.09,0,0,,,,,,,,
54902,20170111,-93.29,41.56,,,,,,,,,0.384,-0.11,0.173,0.06,0.419,0.1,0,0.077,0.474,-0.08,0,0,,,,,,,,
54902,20170112,-93.29,41.56,,,,,,,,,0.385,-0.12,0.173,0.06,0.419,0.1,0,0.077,0.474,-0.07,0,0,,,,,,,,
54902,20170113,-93.29,41.56,,,,,,,,,0.385,-0.15,0.22,0.06,0.419,0.1,0,0.077,0.475,-0.07,0,0,,,,,,,,
54902,20170114,-93.29,41.56,,,,,,,,,0.385,-0.18,0.327,0.06,0.419,0.09,0,0.077,0.476,-0.05,0,0,,,,,,,,
54902,20170115,-93.29,41.56,,,,,,,,,0.385,-0.21,0.44,0.06,0.419,0.09,0,0.077,0.476,-0.05,0,0,,,,,,,,
54902,20170116,-93.29,41.56,,,,,,,,,0.386,-0.23,0.524,0.06,0.419,0.08,0,0.077,0.476,-0.05,0,0,,,,,,,,
54902,20170117,-93.29,41.56,,,,,,,,,0.389,-0.16,0.435,0.083,0.42,0.09,0,0.089,0.477,-0.04,0,0,,,,,,,,
54902,20170118,-93.29,41.56,,,,,,,,,0.386,-0.26,0.423,0.024,0.418,0.05,0,0.012,0.477,-0.04,0,0,,,,,,,,
54902,20170119,-93.29,41.56,,,,,,,,,0.385,-0.3,0.524,0.024,0.417,0.03,0,0.012,0.477,-0.04,0,0,,,,,,,,
54902,20170120,-93.29,41.56,,,,,,,,,0.385,-0.31,0.524,0.024,0.416,0.01,0,0.012,0.477,-0.04,0,0,,,,,,,,
54902,20170121,-93.29,41.56,,,,,,,,,0.384,-0.31,0.518,0.024,0.416,0,0,0.012,0.477,-0.05,0,0,,,,,,,,
54902,20170122,-93.29,41.56,,,,,,,,,0.388,-0.21,0.446,0.113,0.417,0.01,0,0.012,0.477,-0.05,0,0,,,,,,,,
54902,20170123,-93.29,41.56,,,,,,,,,0.393,-0.05,0.315,0.256,0.419,0.03,0,0.012,0.478,-0.05,0,0,,,,,,,,
54902,20170124,-93.29,41.56,,,,,,,,,0.394,-0.01,0.298,0.28,0.418,0.02,0,0,0.478,-0.06,0,0,,,,,,,,
54902,20170125,-93.29,41.56,,,,,,,,,0.396,0.06,0.292,0.31,0.419,0.02,0,0,0.478,-0.06,0,0,,,,,,,,
54902,20170126,-93.29,41.56,,,,,,,,,0.403,0.27,0.195,0.439,0.421,0.07,0,0.077,0.478,-0.06,0,0,,,,,,,,
54902,20170127,-93.29,41.56,,,,,,,,,0.406,0.38,0.154,0.513,0.423,0.09,0,0.077,0.479,-0.06,0,0,,,,,,,,
54902,20170128,-93.29,41.56,,,,,,,,,0.408,0.5,0.05,0.574,0.423,0.1,0,0.077,0.479,-0.06,0,0,,,,,,,,
54902,20170129,-93.29,41.56,,,,,,,,,0.406,0.51,0,0.545,0.423,0.09,0,0.077,0.479,-0.06,0,0,,,,,,,,
54902,20170130,-93.29,41.56,,,,,,,,,0.403,0.46,0,0.42,0.422,0.07,0,0.077,0.479,-0.06,0,0,,,,,,,,
54902,20170131,-93.29,41.56,,,,,,,,,0.401,0.51,0,0.447,0.422,0.05,0,0.077,0.479,-0.06,0,0,,,,,,,,
54902,20170201,-93.29,41.56,,,,,,,,,0.4,0.63,0,0.558,0.421,0.04,0,0.077,0.48,-0.06,0,0,,,,,,,,
54902,20170202,-93.29,41.56,,,,,,,,,0.395,0.22,0,0.281,0.419,-0.01,0,0,0.48,-0.06,0,0,,,,,,,,
54902,20170203,-93.29,41.56,,,,,,,,,0.393,0.1,0,0.063,0.418,-0.04,0,0,0.48,-0.06,0,0,,,,,,,,
54902,20170204,-93.29,41.56,,,,,,,,,0.392,0.04,0,0,0.418,-0.05,0,0,0.48,-0.06,0,0,,,,,,,,
54902,20170205,-93.29,41.56,,,,,,,,,0.391,-0.05,0,0,0.418,-0.06,0,0,0.48,-0.06,0,0,,,,,,,,
54902,20170206,-93.29,41.56,,,,,,,,,0.39,,,,0.418,-0.07,0,0,0.48,-0.07,0,0,,,,,,,,
54902,20170207,-93.29,41.56,,,,,,,,,0.389,,,,0.417,-0.08,0,0,0.48,-0.07,0,0,,,,,,,,
54902,20170208,-93.29,41.56,,,,,,,,,0.388,,,,0.417,-0.09,0,0,0.48,-0.08,0,0,,,,,,,,
54902,20170209,-93.29,41.56,,,,,,,,,0.387,,,,0.417,-0.11,0,0,0.48,-0.09,0,0,,,,,,,,
54902,20170210,-93.29,41.56,,,,,,,,,0.386,,,,0.417,-0.13,0,0,0.48,-0.11,0,0,,,,,,,,
54902,20170211,-93.29,41.56,,,,,,,,,0.385,,,,0.416,-0.15,0,0,0.48,-0.12,0,0,,,,,,,,
54902,20170212,-93.29,41.56,,,,,,,,,0.385,,,,0.415,-0.18,0,0,0.48,-0.13,0,0,,,,,,,,
54902,20170213,-93.29,41.56,,,,,,,,,0.384,,,,0.414,-0.21,0,0,0.48,-0.13,0,0,,,,,,,,
54902,20170214,-93.29,41.56,,,,,,,,,0.384,,,,0.414,-0.23,0,0,0.48,-0.14,0.012,0,,,,,,,,
54902,20170215,-93.29,41.56,,,,,,,,,0.384,,,,0.413,-0.25,0,0,0.481,-0.13,0.024,0,,,,,,,,
54902,20170216,-93.29,41.56,,,,,,,,,0.384,,,,0.413,-0.26,0,0,0.481,-0.14,0.042,0,,,,,,,,
54902,20170217,-93.29,41.56,,,,,,,,,0.384,,,,0.413,-0.27,0,0,0.481,-0.14,0.042,0,,,,,,,,
54902,20170218,-93.29,41.56,,,,,,,,,0.383,,,,0.413,-0.27,0,0,0.482,-0.14,0.048,0,,,,,,,,
54902,20170219,-93.29,41.56,,,,,,,,,0.383,,,,0.413,-0.27,0,0,0.481,-0.15,0.065,0,,,,,,,,
54902,20170220,-93.29,41.56,,,,,,,,,0.386,,,,0.413,-0.26,0,0,0.481,-0.16,0.077,0,,,,,,,,
54902,20170221,-93.29,41.56,,,,,,,,,0.391,,,,0.415,-0.19,0,0.06,0.481,-0.18,0.077,0,,,,,,,,
54902,20170222,-93.29,41.56,,,,,,,,,0.395,,,,0.419,-0.1,0,0.185,0.481,-0.19,0.077,0,,,,,,,,
54902,20170223,-93.29,41.56,,,,,,,,,0.397,,,,0.421,-0.03,0,0.268,0.481,-0.19,0.065,0,,,,,,,,
54902,20170224,-93.29,41.56,,,,,,,,,0.399,,,,0.423,0.03,0,0.286,0.481,-0.19,0.065,0,,,,,,,,
54902,20170225,-93.29,41.56,,,,,,,,,0.403,,,,0.427,0.13,0,0.417,0.482,-0.18,0.06,0.018,,,,,,,,
54902,20170226,-93.29,41.56,0.343,,,,0.378,,,,0.405,,,,0.43,0.21,0,0.506,0.482,-0.15,0.042,0.036,0.36,,,,0.408,,,
54902,20170227,-93.29,41.56,0.343,,,,0.377,,,,0.405,,,,0.432,0.26,0,0.56,0.483,-0.11,0.03,0.071,0.36,,,,0.408,,,
54902,20170228,-93.29,41.56,0.342,,,,0.376,,,,0.402,,,,0.432,0.25,0,0.518,0.484,-0.07,0.018,0.113,0.359,,,,0.407,,,
54902,20170301,-93.29,41.56,0.343,,,,0.376,,,,0.401,,,,0.431,0.23,0,0.435,0.485,-0.04,0.012,0.143,0.359,,,,0.407,,,
54902,20170302,-93.29,41.56,0.343,,,,0.376,,,,0.401,-0.2,0,0,0.431,0.22,0,0.351,0.486,-0.01,0.006,0.149,0.36,,,,0.408,,,
54902,20170303,-93.29,41.56,0.343,,,,0.376,,,,0.401,-0.26,0,0,0.431,0.21,0,0.333,0.487,0.02,0.006,0.167,0.36,,,,0.407,,,
54902,20170304,-93.29,41.56,0.341,,,,0.374,,,,0.398,-0.32,0.026,0,0.43,0.17,0,0.202,0.487,0.03,0.006,0.208,0.357,,,,0.406,,,
54902,20170305,-93.29,41.56,0.341,,,,0.373,,,,0.396,-0.37,0.127,0,0.429,0.14,0,0.113,0.487,0.03,0.006,0.22,0.357,,,,0.405,,,
54902,20170306,-93.29,41.56,0.34,,,,0.372,,,,0.395,-0.38,0.184,0,0.428,0.12,0,0.06,0.487,0.03,0.006,0.196,0.356,,,,0.405,,,
54902,20170307,-93.29,41.56,0.343,,,,0.373,,,,0.395,-0.3,0.153,0.063,0.429,0.11,0,0.071,0.487,0.02,0.006,0.179,0.358,,,,0.405,,,
54902,20170308,-93.29,41.56,0.344,,,,0.375,,,,0.396,-0.21,0.126,0.052,0.429,0.12,0,0.101,0.488,0.01,0,0.155,0.359,,,,0.406,,,
54902,20170309,-93.29,41.56,0.345,,,,0.375,,,,0.397,-0.18,0.108,0.045,0.43,0.14,0,0.125,0.488,0.02,0,0.185,0.36,,,,0.407,,,
54902,20170310,-93.29,41.56,0.347,,,,0.376,,,,0.397,-0.18,0.102,0.042,0.431,0.15,0,0.131,0.488,0.04,0,0.268,0.361,,,,0.408,,,
54902,20170311,-93.29,41.56,0.348,,,,0.377,,,,0.398,-0.17,0.113,0.042,0.432,0.14,0,0.131,0.489,0.04,0,0.262,0.362,,,,0.409,,,
54902,20170312,-93.29,41.56,0.349,,,,0.377,,,,0.398,-0.17,0.173,0.042,0.432,0.14,0,0.131,0.49,0.07,0,0.315,0.363,,,,0.409,,,
54902,20170313,-93.29,41.56,0.348,,,,0.377,,,,0.398,-0.18,0.25,0.042,0.432,0.14,0,0.131,0.49,0.08,0,0.351,0.363,,,,0.409,,,
54902,20170314,-93.29,41.56,0.346,,,,0.374,,,,0.396,-0.26,0.387,0,0.432,0.1,0,0.101,0.491,0.09,0,0.363,0.36,,,,0.408,,,
54902,20170315,-93.29,41.56,0.343,,,,0.372,,,,0.393,-0.37,0.53,0,0.43,0.04,0,0.03,0.491,0.09,0,0.381,0.357,,,,0.406,,,
54902,20170316,-93.29,41.56,0.34,,,,0.37,,,,0.391,-0.45,0.667,0,0.429,-0.02,0,0.006,0.491,0.08,0,0.351,0.355,,,,0.404,,,
54902,20170317,-93.29,41.56,0.338,,,,0.369,,,,0.39,-0.48,0.786,0,0.428,-0.07,0,0,0.49,0.06,0,0.256,0.353,,,,0.403,,,
54902,20170318,-93.29,41.56,0.338,,,,0.369,,,,0.39,-0.5,0.881,0,0.426,-0.12,0,0,0.49,0.04,0,0.202,0.354,,,,0.403,,,
54902,20170319,-93.29,41.56,0.339,,,,0.37,,,,0.39,-0.5,0.881,0,0.426,-0.16,0,0,0.49,0,0,0.119,0.355,,,,0.403,,,
54902,20170320,-93.29,41.56,0.341,,,,0.372,,,,0.39,-0.49,0.875,0,0.425,-0.19,0.006,0,0.489,-0.02,0,0.071,0.356,,,,0.403,,,
54902,20170321,-93.29,41.56,0.342,0.06,0,0,0.373,-0.18,0.133,0,0.391,-0.47,0.833,0,0.425,-0.2,0.006,0,0.489,-0.04,0,0.036,0.357,,,,0.404,,,
54902,20170322,-93.29,41.56,0.344,0.09,0,0,0.374,-0.18,0.103,0,0.392,-0.44,0.78,0,0.426,-0.2,0.006,0,0.489,-0.05,0,0.012,0.359,,,,0.405,,,
54902,20170323,-93.29,41.56,0.347,0.04,0,0,0.375,-0.2,0.27,0,0.393,-0.43,0.756,0,0.426,-0.2,0.006,0,0.489,-0.06,0,0.006,0.361,-0.07,0,0,0.406,-0.22,0,0
54902,20170324,-93.29,41.56,0.349,0.04,0,0,0.376,-0.22,0.241,0,0.393,-0.43,0.756,0,0.426,-0.2,0.006,0,0.489,-0.08,0.006,0,0.362,-0.05,0,0,0.407,-0.21,0,0
54902,20170325,-93.29,41.56,0.352,0.15,0,0.074,0.377,-0.13,0.189,0.063,0.394,-0.39,0.679,0,0.427,-0.19,0.006,0,0.489,-0.09,0.024,0.006,0.365,0.08,0,0.091,0.408,-0.1,0,0
54902,20170326,-93.29,41.56,0.357,0.33,0,0.286,0.382,0.06,0.156,0.23,0.4,-0.23,0.577,0.119,0.431,-0.08,0.006,0.125,0.49,-0.08,0.024,0.006,0.37,0.29,0,0.333,0.412,0.13,0,0.25
54902,20170327,-93.29,41.56,0.361,0.38,0,0.364,0.384,0.11,0.132,0.308,0.403,-0.13,0.458,0.131,0.433,0.01,0,0.179,0.49,-0.07,0.024,0.018,0.373,0.33,0,0.333,0.414,0.19,0,0.259
54902,20170328,-93.29,41.56,0.364,0.4,0,0.333,0.387,0.17,0.113,0.339,0.406,-0.05,0.357,0.131,0.435,0.08,0,0.226,0.491,-0.05,0.024,0.042,0.375,0.35,0,0.275,0.417,0.21,0,0.213
54902,20170329,-93.29,41.56,0.366,0.43,0,0.311,0.389,0.24,0.101,0.339,0.408,0,0.268,0.131,0.437,0.14,0,0.274,0.492,-0.04,0.024,0.048,0.377,0.35,0,0.235,0.418,0.21,0,0.181
54902,20170330,-93.29,41.56,0.372,0.57,0,0.429,0.394,0.43,0.024,0.452,0.414,0.17,0.155,0.232,0.441,0.25,0,0.363,0.492,-0.03,0.024,0.071,0.383,0.49,0,0.339,0.423,0.34,0,0.28
54902,20170331,-93.29,41.56,0.377,0.68,0,0.571,0.399,0.57,0,0.595,0.418,0.31,0.036,0.345,0.444,0.35,0,0.494,0.493,0.01,0.018,0.125,0.388,0.6,0,0.482,0.426,0.46,0,0.423
54902,20170401,-93.29,41.56,0.378,0.7,0,0.679,0.4,0.61,0,0.685,0.42,0.36,0,0.351,0.446,0.43,0,0.571,0.494,0.03,0,0.137,0.389,0.63,0,0.565,0.427,0.5,0,0.476
54902,20170402,-93.29,41.56,0.375,0.65,0,0.655,0.397,0.53,0,0.637,0.417,0.26,0,0.232,0.445,0.39,0,0.53,0.494,0.04,0,0.167,0.386,0.57,0,0.458,0.426,0.45,0,0.345
54902,20170403,-93.29,41.56,0.376,0.67,0,0.685,0.398,0.57,0,0.661,0.417,0.26,0,0.268,0.445,0.39,0,0.554,0.495,0.03,0.006,0.167,0.387,0.59,0,0.506,0.426,0.46,0,0.387
54902,20170404,-93.29,41.56,0.381,0.77,0,0.81,0.403,0.71,0,0.756,0.422,0.41,0,0.411,0.447,0.45,0,0.643,0.495,0.03,0.006,0.143,0.392,0.7,0,0.649,0.43,0.58,0,0.53
54902,20170405,-93.29,41.56,0.384,0.83,0,0.946,0.405,0.78,0,0.899,0.424,0.5,0,0.554,0.449,0.49,0,0.726,0.495,0.04,0.006,0.143,0.394,0.76,0,0.792,0.431,0.65,0,0.673
54902,20170406,-93.29,41.56,0.384,0.84,0,0.964,0.405,0.79,0,0.929,0.425,0.55,0,0.595,0.45,0.5,0,0.774,0.496,0.03,0.012,0.143,0.395,0.77,0,0.821,0.432,0.68,0,0.708
54902,20170407,-93.29,41.56,0.384,0.83,0,0.964,0.405,0.78,0,0.929,0.425,0.54,0,0.583,0.45,0.49,0,0.75,0.496,0.02,0.012,0.149,0.395,0.76,0,0.821,0.432,0.68,0,0.708
54902,20170408,-93.29,41.56,0.384,0.83,0,0.964,0.405,0.77,0,0.94,0.424,0.52,0,0.577,0.45,0.48,0,0.738,0.496,0.01,0.012,0.137,0.395,0.76,0,0.845,0.432,0.68,0,0.75
54902,20170409,-93.29,41.56,0.384,0.84,0,0.988,0.405,0.78,0,0.988,0.424,0.53,0,0.577,0.45,0.45,0,0.667,0.496,0,0.012,0.107,0.395,0.77,0,0.952,0.432,0.7,0,0.821
54902,20170410,-93.29,41.56,0.383,0.81,0,1,0.404,0.74,0,1,0.423,0.51,0,0.53,0.45,0.43,0,0.589,0.497,-0.02,0.018,0.095,0.393,0.74,0,1,0.431,0.68,0,0.78
54902,20170411,-93.29,41.56,0.377,0.71,0,1,0.399,0.6,0,0.958,0.419,0.36,0,0.387,0.447,0.34,0,0.452,0.497,-0.04,0.024,0.095,0.388,0.63,0,0.94,0.428,0.56,0,0.655
54902,20170412,-93.29,41.56,0.373,0.64,0,0.899,0.396,0.51,0,0.827,0.416,0.27,0,0.244,0.446,0.28,0,0.321,0.497,-0.06,0.036,0.089,0.384,0.57,0,0.798,0.425,0.5,0,0.512
54902,20170413,-93.29,41.56,0.366,0.52,0,0.756,0.39,0.37,0,0.685,0.411,0.11,0,0.101,0.444,0.2,0,0.185,0.497,-0.08,0.042,0.065,0.378,0.45,0,0.655,0.422,0.38,0,0.369
54902,20170414,-93.29,41.56,0.361,0.45,0,0.613,0.388,0.3,0,0.542,0.409,0.04,0,0,0.443,0.15,0,0.077,0.497,-0.11,0.071,0.036,0.374,0.39,0,0.512,0.419,0.32,0,0.226
54902,20170415,-93.29,41.56,0.358,0.39,0,0.47,0.385,0.25,0,0.399,0.408,0.03,0,0,0.442,0.13,0,0.018,0.498,-0.1,0.077,0.054,0.371,0.35,0,0.369,0.418,0.29,0,0.131
54902,20170416,-93.29,41.56,0.357,0.4,0,0.381,0.385,0.27,0,0.31,0.409,0.08,0,0.054,0.443,0.14,0,0.06,0.499,-0.07,0.077,0.089,0.371,0.37,0,0.28,0.419,0.32,0,0.113
54902,20170417,-93.29,41.56,0.359,0.44,0,0.381,0.387,0.32,0,0.31,0.412,0.17,0,0.196,0.444,0.17,0,0.179,0.5,-0.03,0.065,0.119,0.373,0.43,0,0.28,0.42,0.39,0,0.214
54902,20170418,-93.29,41.56,0.36,0.47,0,0.381,0.388,0.36,0,0.351,0.413,0.2,0,0.232,0.445,0.19,0,0.262,0.501,0.01,0.06,0.167,0.374,0.47,0,0.339,0.421,0.44,0,0.339
54902,20170419,-93.29,41.56,0.362,0.49,0,0.482,0.39,0.4,0,0.482,0.414,0.23,0,0.232,0.445,0.21,0,0.339,0.502,0.04,0.06,0.208,0.376,0.51,0,0.482,0.422,0.49,0,0.482
54902,20170420,-93.29,41.56,0.363,0.51,0,0.607,0.391,0.45,0,0.625,0.415,0.27,0,0.232,0.446,0.21,0,0.363,0.503,0.08,0.06,0.25,0.377,0.55,0,0.625,0.423,0.53,0,0.625
54902,20170421,-93.29,41.56,0.364,0.52,0,0.631,0.392,0.48,0,0.702,0.416,0.29,0,0.232,0.446,0.23,0,0.387,0.504,0.13,0.03,0.304,0.378,0.57,0,0.679,0.424,0.57,0,0.72
54902,20170422,-93.29,41.56,0.363,0.51,0,0.631,0.392,0.5,0,0.702,0.416,0.3,0,0.232,0.447,0.23,0,0.387,0.505,0.16,0.024,0.369,0.377,0.58,0,0.679,0.424,0.58,0,0.72
54902,20170423,-93.29,41.56,0.357,0.42,0,0.577,0.389,0.44,0,0.649,0.414,0.22,0,0.179,0.446,0.21,0,0.333,0.505,0.18,0.03,0.387,0.373,0.5,0,0.625,0.422,0.52,0,0.667
54902,20170424,-93.29,41.56,0.348,0.27,0,0.435,0.383,0.33,0,0.506,0.41,0.1,0,0.036,0.445,0.16,0,0.214,0.505,0.18,0.03,0.381,0.366,0.36,0,0.482,0.418,0.39,0,0.524
54902,20170425,-93.29,41.56,0.338,0.13,0,0.292,0.378,0.22,0,0.363,0.407,0.02,0,0,0.443,0.12,0,0.131,0.505,0.15,0.054,0.339,0.358,0.22,0,0.339,0.414,0.27,0,0.381
54902,20170426,-93.29,41.56,0.328,-0.01,0.083,0.149,0.372,0.12,0,0.22,0.405,-0.05,0,0,0.442,0.08,0,0.054,0.505,0.14,0.054,0.298,0.35,0.08,0.036,0.196,0.41,0.15,0,0.238
54902,20170427,-93.29,41.56,0.317,-0.15,0.226,0.024,0.366,0.01,0,0.077,0.402,-0.11,0,0,0.442,0.05,0,0.03,0.505,0.12,0.065,0.274,0.341,-0.06,0.167,0.054,0.406,0.03,0.083,0.095
54902,20170428,-93.29,41.56,0.306,-0.29,0.369,0,0.36,-0.09,0.012,0,0.4,-0.18,0.036,0,0.441,0.02,0,0.006,0.505,0.06,0.113,0.19,0.333,-0.19,0.31,0,0.402,-0.1,0.226,0
54902,20170429,-93.29,41.56,0.301,-0.35,0.411,0,0.354,-0.18,0.071,0,0.397,-0.24,0.131,0,0.44,-0.02,0.006,0,0.504,0.02,0.137,0.119,0.328,-0.27,0.351,0,0.399,-0.18,0.268,0
54902,20170430,-93.29,41.56,0.302,-0.33,0.411,0.03,0.355,-0.15,0.077,0.113,0.398,-0.2,0.155,0.095,0.439,-0.04,0.006,0,0.504,-0.04,0.167,0.065,0.328,-0.24,0.351,0.113,0.4,-0.15,0.268,0.095
54902,20170501,-93.29,41.56,0.312,-0.19,0.411,0.155,0.361,0,0.077,0.256,0.403,-0.01,0.155,0.238,0.441,0.03,0.006,0.083,0.504,-0.05,0.185,0.065,0.336,-0.08,0.351,0.256,0.404,0.03,0.268,0.238
54902,20170502,-93.29,41.56,0.324,-0.01,0.411,0.298,0.369,0.16,0.077,0.399,0.409,0.18,0.155,0.381,0.444,0.14,0.006,0.226,0.504,-0.05,0.173,0.071,0.346,0.1,0.351,0.399,0.41,0.23,0.268,0.381
54902,20170503,-93.29,41.56,0.335,0.15,0.327,0.44,0.376,0.32,0.077,0.542,0.412,0.32,0.155,0.524,0.446,0.2,0.006,0.369,0.504,-0.06,0.173,0.077,0.355,0.28,0.315,0.542,0.415,0.41,0.268,0.524
54902,20170504,-93.29,41.56,0.347,0.32,0.185,0.583,0.382,0.46,0.077,0.685,0.415,0.42,0.155,0.661,0.447,0.26,0.006,0.494,0.504,-0.08,0.173,0.06,0.365,0.45,0.185,0.685,0.419,0.58,0.185,0.667
54902,20170505,-93.29,41.56,0.358,0.48,0.042,0.726,0.389,0.61,0.065,0.827,0.418,0.52,0.119,0.714,0.448,0.31,0.006,0.577,0.504,-0.04,0.125,0.077,0.373,0.62,0.042,0.827,0.423,0.75,0.042,0.81
54902,20170506,-93.29,41.56,0.363,0.56,0,0.804,0.395,0.75,0.006,0.97,0.421,0.62,0.024,0.714,0.449,0.35,0,0.625,0.505,-0.03,0.107,0.071,0.379,0.73,0,0.97,0.426,0.86,0,0.952
54902,20170507,-93.29,41.56,0.361,0.55,0,0.774,0.395,0.76,0,0.994,0.42,0.62,0,0.619,0.45,0.39,0,0.649,0.505,-0.02,0.101,0.083,0.378,0.73,0,0.905,0.426,0.86,0,0.958
54902,20170508,-93.29,41.56,0.349,0.42,0,0.649,0.388,0.65,0,0.863,0.415,0.47,0,0.476,0.448,0.32,0,0.565,0.505,-0.04,0.101,0.06,0.369,0.59,0,0.762,0.421,0.7,0,0.815
54902,20170509,-93.29,41.56,0.335,0.26,0,0.506,0.38,0.52,0,0.72,0.411,0.32,0,0.333,0.446,0.23,0,0.423,0.505,-0.04,0.101,0.048,0.358,0.42,0,0.619,0.416,0.52,0,0.673
54902,20170510,-93.29,41.56,0.321,0.11,0,0.363,0.373,0.4,0,0.577,0.407,0.22,0,0.19,0.445,0.17,0,0.28,0.505,-0.04,0.095,0.042,0.347,0.27,0,0.476,0.41,0.36,0,0.53
54902,20170511,-93.29,41.56,0.324,0.12,0,0.327,0.375,0.44,0,0.565,0.41,0.29,0,0.161,0.446,0.22,0,0.262,0.506,-0.03,0.077,0.048,0.349,0.29,0,0.464,0.412,0.4,0,0.518
54902,20170512,-93.29,41.56,0.326,0.14,0,0.327,0.377,0.48,0,0.565,0.413,0.34,0,0.25,0.448,0.27,0,0.321,0.506,-0.04,0.077,0.03,0.352,0.31,0,0.464,0.414,0.43,0,0.518
54902,20170513,-93.29,41.56,0.328,0.14,0,0.286,0.379,0.51,0,0.565,0.414,0.37,0,0.315,0.449,0.31,0,0.405,0.506,-0.04,0.071,0.018,0.354,0.32,0,0.464,0.415,0.45,0,0.518
54902,20170514,-93.29,41.56,0.33,0.15,0,0.286,0.381,0.54,0,0.571,0.415,0.38,0,0.315,0.449,0.33,0,0.458,0.507,-0.02,0.048,0.006,0.355,0.34,0,0.446,0.416,0.47,0,0.482
54902,20170515,-93.29,41.56,0.331,0.16,0,0.286,0.383,0.56,0,0.637,0.416,0.4,0,0.315,0.45,0.35,0,0.506,0.507,0,0.036,0.006,0.357,0.36,0,0.446,0.417,0.48,0,0.482
54902,20170516,-93.29,41.56,0.331,0.16,0,0.287,0.384,0.58,0,0.641,0.417,0.42,0,0.317,0.451,0.36,0,0.539,0.508,0,0.054,0.006,0.358,0.37,0,0.449,0.418,0.49,0,0.485
54902,20170517,-93.29,41.56,0.333,0.17,0.025,0.296,0.387,0.62,0,0.66,0.419,0.45,0,0.327,0.451,0.39,0,0.58,0.508,0.01,0.049,0.006,0.36,0.4,0,0.463,0.419,0.52,0,0.5
54902,20170518,-93.29,41.56,0.317,0.01,0.056,0.185,0.38,0.51,0,0.525,0.414,0.33,0,0.216,0.45,0.32,0,0.525,0.508,-0.01,0.068,0,0.349,0.25,0,0.327,0.414,0.36,0,0.364
54902,20170519,-93.29,41.56,0.305,-0.11,0.056,0.049,0.376,0.44,0,0.414,0.411,0.25,0,0.08,0.448,0.27,0,0.438,0.508,-0.02,0.093,0.006,0.341,0.14,0,0.204,0.41,0.24,0,0.241
54902,20170520,-93.29,41.56,0.308,-0.07,0.056,0.16,0.379,0.47,0,0.414,0.413,0.29,0,0.16,0.448,0.26,0,0.438,0.509,-0.01,0.093,0.031,0.344,0.18,0,0.204,0.412,0.27,0,0.241
54902,20170521,-93.29,41.56,0.318,0.03,0.056,0.309,0.386,0.56,0,0.414,0.419,0.41,0,0.309,0.45,0.34,0,0.506,0.51,0.04,0.086,0.13,0.352,0.28,0,0.321,0.416,0.37,0,0.321
54902,20170522,-93.29,41.56,0.329,0.15,0.056,0.457,0.392,0.65,0,0.481,0.422,0.5,0,0.457,0.452,0.4,0,0.605,0.51,0.08,0.086,0.191,0.361,0.38,0,0.469,0.421,0.48,0,0.469
54902,20170523,-93.29,41.56,0.342,0.28,0.055,0.601,0.398,0.74,0,0.626,0.426,0.57,0,0.601,0.453,0.46,0,0.718,0.511,0.13,0.055,0.227,0.37,0.5,0,0.613,0.426,0.6,0,0.613
54902,20170524,-93.29,41.56,0.355,0.41,0.03,0.726,0.404,0.82,0,0.75,0.428,0.63,0,0.726,0.455,0.51,0,0.815,0.512,0.16,0.054,0.232,0.38,0.61,0,0.738,0.431,0.7,0,0.738
54902,20170525,-93.29,41.56,0.368,0.55,0,0.869,0.41,0.9,0,0.893,0.431,0.69,0,0.869,0.456,0.54,0,0.905,0.513,0.2,0.03,0.244,0.389,0.73,0,0.881,0.436,0.8,0,0.881
54902,20170526,-93.29,41.56,0.378,0.65,0,1,0.414,0.95,0,1,0.433,0.74,0,1,0.457,0.58,0,0.988,0.513,0.23,0.006,0.256,0.396,0.81,0,1,0.439,0.88,0,1
54902,20170527,-93.29,41.56,0.375,0.63,0,0.97,0.411,0.9,0,1,0.431,0.71,0,1,0.457,0.58,0,0.958,0.514,0.23,0.012,0.232,0.393,0.78,0,1,0.438,0.84,0,1
54902,20170528,-93.29,41.56,0.373,0.6,0,0.94,0.409,0.85,0,1,0.428,0.62,0,0.994,0.456,0.53,0,0.946,0.513,0.2,0.012,0.143,0.391,0.74,0,1,0.436,0.78,0,1
54902,20170529,-93.29,41.56,0.371,0.59,0,0.94,0.408,0.82,0,1,0.426,0.57,0,0.994,0.455,0.51,0,0.905,0.513,0.17,0.012,0.089,0.39,0.73,0,1,0.435,0.75,0,1
54902,20170530,-93.29,41.56,0.37,0.58,0,0.94,0.406,0.79,0,1,0.425,0.54,0,0.988,0.455,0.48,0,0.869,0.513,0.15,0.012,0.071,0.388,0.71,0,1,0.434,0.72,0,1
54902,20170531,-93.29,41.56,0.367,0.56,0,0.911,0.404,0.75,0,1,0.424,0.51,0,0.97,0.454,0.47,0,0.857,0.513,0.14,0.012,0.071,0.385,0.68,0,1,0.432,0.68,0,1
54902,20170601,-93.29,41.56,0.362,0.52,0,0.768,0.402,0.71,0,1,0.422,0.49,0,0.839,0.454,0.46,0,0.827,0.513,0.12,0.012,0.06,0.382,0.65,0,0.994,0.431,0.64,0,0.97
54902,20170602,-93.29,41.56,0.357,0.48,0,0.625,0.398,0.67,0,0.994,0.421,0.46,0,0.696,0.454,0.44,0,0.738,0.513,0.1,0.024,0.048,0.378,0.61,0,0.851,0.429,0.6,0,0.827
54902,20170603,-93.29,41.56,0.35,0.42,0,0.512,0.395,0.62,0,0.851,0.419,0.43,0,0.554,0.454,0.43,0,0.655,0.513,0.1,0.024,0.06,0.373,0.56,0,0.708,0.426,0.55,0,0.685
54902,20170604,-93.29,41.56,0.338,0.32,0,0.399,0.388,0.55,0,0.708,0.417,0.39,0,0.417,0.453,0.41,0,0.56,0.513,0.09,0.024,0.054,0.363,0.47,0,0.565,0.422,0.47,0,0.542
54902,20170605,-93.29,41.56,0.325,0.21,0,0.256,0.381,0.47,0,0.565,0.414,0.34,0,0.274,0.453,0.4,0,0.512,0.513,0.07,0.018,0.048,0.353,0.37,0,0.423,0.417,0.38,0,0.399
54902,20170606,-93.29,41.56,0.311,0.1,0,0.113,0.374,0.4,0,0.423,0.41,0.29,0,0.137,0.452,0.38,0,0.44,0.513,0.06,0.018,0.036,0.343,0.26,0,0.28,0.412,0.29,0,0.256
54902,20170607,-93.29,41.56,0.298,-0.01,0,0,0.367,0.32,0,0.28,0.406,0.23,0,0.012,0.451,0.36,0,0.327,0.512,0.05,0.024,0.024,0.332,0.17,0,0.137,0.407,0.21,0,0.113
54902,20170608,-93.29,41.56,0.285,-0.11,0.024,0,0.359,0.25,0,0.137,0.401,0.17,0,0,0.451,0.34,0,0.244,0.513,0.05,0.024,0.024,0.322,0.07,0,0,0.402,0.13,0,0
54902,20170609,-93.29,41.56,0.274,-0.2,0.161,0,0.352,0.19,0,0,0.395,0.1,0,0,0.45,0.32,0,0.196,0.513,0.07,0.012,0.018,0.313,-0.02,0,0,0.397,0.06,0,0
54902,20170610,-93.29,41.56,0.264,-0.28,0.304,0,0.344,0.12,0,0,0.388,0.02,0,0,0.449,0.31,0,0.185,0.513,0.07,0.006,0.006,0.304,-0.09,0,0,0.391,0,0,0
54902,20170611,-93.29,41.56,0.255,-0.35,0.446,0,0.336,0.05,0,0,0.38,-0.05,0,0,0.448,0.29,0,0.149,0.513,0.07,0.006,0.006,0.295,-0.17,0.048,0,0.386,-0.07,0,0
54902,20170612,-93.29,41.56,0.247,-0.41,0.589,0,0.328,-0.02,0,0,0.372,-0.14,0,0,0.446,0.25,0,0.095,0.513,0.06,0.006,0.006,0.287,-0.24,0.19,0,0.381,-0.13,0,0
54902,20170613,-93.29,41.56,0.24,-0.47,0.732,0,0.321,-0.09,0,0,0.365,-0.21,0,0,0.443,0.2,0,0.06,0.512,0.05,0.012,0,0.28,-0.3,0.333,0,0.376,-0.19,0.012,0
54902,20170614,-93.29,41.56,0.234,-0.51,0.875,0,0.313,-0.16,0.054,0,0.358,-0.28,0,0,0.441,0.15,0,0.042,0.511,0.04,0.006,0,0.273,-0.36,0.476,0,0.371,-0.25,0.101,0
54902,20170615,-93.29,41.56,0.229,-0.56,0.994,0,0.305,-0.23,0.179,0,0.351,-0.35,0.06,0,0.437,0.09,0,0.012,0.51,-0.01,0.036,0,0.267,-0.41,0.619,0,0.366,-0.3,0.244,0
54902,20170616,-93.29,41.56,0.225,-0.59,1,0,0.297,-0.3,0.321,0,0.345,-0.41,0.196,0,0.434,0.04,0,0.006,0.507,-0.07,0.083,0,0.261,-0.46,0.762,0,0.362,-0.36,0.387,0
54902,20170617,-93.29,41.56,0.222,-0.62,1,0,0.29,-0.37,0.464,0,0.339,-0.46,0.339,0,0.43,-0.02,0,0,0.505,-0.13,0.167,0,0.256,-0.51,0.905,0,0.357,-0.41,0.53,0
54902,20170618,-93.29,41.56,0.219,-0.63,1,0,0.284,-0.43,0.607,0,0.334,-0.5,0.482,0,0.426,-0.08,0,0,0.503,-0.19,0.232,0,0.252,-0.55,1,0,0.353,-0.45,0.673,0
54902,20170619,-93.29,41.56,0.217,-0.65,1,0,0.278,-0.48,0.75,0,0.329,-0.53,0.625,0,0.422,-0.13,0,0,0.501,-0.24,0.286,0,0.247,-0.58,1,0,0.349,-0.48,0.815,0
54902,20170620,-93.29,41.56,0.215,-0.65,1,0,0.273,-0.53,0.893,0,0.325,-0.57,0.768,0,0.419,-0.17,0,0,0.498,-0.3,0.387,0,0.244,-0.61,1,0,0.346,-0.51,0.946,0
54902,20170621,-93.29,41.56,0.213,-0.65,1,0,0.268,-0.57,0.982,0,0.32,-0.59,0.911,0,0.415,-0.22,0.006,0,0.496,-0.35,0.494,0,0.24,-0.63,1,0,0.342,-0.54,1,0
54902,20170622,-93.29,41.56,0.211,-0.65,1,0,0.263,-0.61,1,0,0.316,-0.62,0.994,0,0.411,-0.28,0.03,0,0.494,-0.39,0.601,0,0.237,-0.65,1,0,0.339,-0.56,1,0
54902,20170623,-93.29,41.56,0.216,-0.6,0.952,0,0.263,-0.61,0.952,0,0.312,-0.64,1,0,0.407,-0.32,0.048,0,0.493,-0.41,0.69,0,0.239,-0.62,0.952,0,0.338,-0.56,0.952,0
54902,20170624,-93.29,41.56,0.23,-0.48,0.81,0,0.267,-0.57,0.81,0,0.308,-0.65,1,0,0.404,-0.35,0.077,0,0.491,-0.43,0.75,0,0.248,-0.54,0.81,0,0.34,-0.52,0.81,0
54902,20170625,-93.29,41.56,0.24,-0.39,0.667,0,0.27,-0.53,0.667,0,0.304,-0.66,1,0,0.401,-0.39,0.107,0,0.49,-0.46,0.827,0,0.255,-0.48,0.667,0,0.341,-0.5,0.667,0
54902,20170626,-93.29,41.56,0.248,-0.32,0.524,0,0.273,-0.5,0.542,0,0.301,-0.67,1,0,0.397,-0.42,0.149,0,0.488,-0.49,0.917,0,0.26,-0.43,0.524,0,0.341,-0.48,0.565,0
54902,20170627,-93.29,41.56,0.255,-0.27,0.381,0,0.275,-0.47,0.494,0,0.298,-0.67,1,0,0.394,-0.44,0.185,0,0.487,-0.51,0.952,0,0.265,-0.39,0.405,0,0.342,-0.46,0.554,0
54902,20170628,-93.29,41.56,0.261,-0.22,0.25,0,0.277,-0.45,0.494,0,0.296,-0.67,1,0,0.391,-0.45,0.22,0,0.485,-0.53,0.988,0,0.269,-0.35,0.405,0,0.342,-0.44,0.554,0
54902,20170629,-93.29,41.56,0.267,-0.19,0.179,0,0.28,-0.43,0.494,0,0.294,-0.67,1,0,0.389,-0.45,0.22,0,0.483,-0.56,0.994,0,0.273,-0.32,0.405,0,0.343,-0.43,0.554,0
54902,20170630,-93.29,41.56,0.265,-0.2,0.214,0,0.279,-0.43,0.542,0,0.293,-0.67,1,0,0.386,-0.45,0.22,0,0.481,-0.57,1,0,0.272,-0.33,0.452,0,0.341,-0.43,0.601,0
54902,20170701,-93.29,41.56,0.254,-0.29,0.357,0,0.274,-0.48,0.685,0,0.292,-0.67,1,0,0.384,-0.45,0.196,0,0.48,-0.59,1,0,0.264,-0.4,0.595,0,0.337,-0.46,0.744,0
54902,20170702,-93.29,41.56,0.246,-0.36,0.5,0,0.27,-0.51,0.827,0,0.29,-0.67,1,0,0.382,-0.44,0.173,0,0.478,-0.61,1,0,0.258,-0.45,0.738,0,0.333,-0.49,0.887,0
54902,20170703,-93.29,41.56,0.239,-0.41,0.643,0,0.266,-0.54,0.952,0,0.289,-0.67,1,0,0.38,-0.43,0.131,0,0.476,-0.62,1,0,0.252,-0.49,0.881,0,0.33,-0.5,0.988,0
54902,20170704,-93.29,41.56,0.233,-0.46,0.786,0,0.263,-0.56,1,0,0.288,-0.67,1,0,0.378,-0.41,0.095,0,0.474,-0.63,1,0,0.248,-0.53,1,0,0.327,-0.51,1,0
54902,20170705,-93.29,41.56,0.228,-0.49,0.917,0,0.26,-0.57,1,0,0.287,-0.66,1,0,0.376,-0.39,0.054,0,0.473,-0.63,1,0,0.244,-0.55,1,0,0.325,-0.52,1,0
54902,20170706,-93.29,41.56,0.224,-0.52,0.988,0,0.258,-0.58,1,0,0.286,-0.65,1,0,0.374,-0.38,0.03,0,0.472,-0.64,1,0,0.241,-0.57,1,0,0.323,-0.52,1,0
54902,20170707,-93.29,41.56,0.219,-0.55,1,0,0.255,-0.59,1,0,0.285,-0.64,1,0,0.372,-0.36,0.012,0,0.47,-0.65,1,0,0.237,-0.6,1,0,0.32,-0.53,1,0
54902,20170708,-93.29,41.56,0.215,-0.57,1,0,0.252,-0.6,1,0,0.283,-0.63,1,0,0.37,-0.35,0.006,0,0.468,-0.68,1,0,0.233,-0.61,1,0,0.318,-0.53,1,0
54902,20170709,-93.29,41.56,0.211,-0.59,1,0,0.25,-0.61,1,0,0.282,-0.62,1,0,0.368,-0.34,0,0,0.465,-0.7,1,0,0.23,-0.63,1,0,0.315,-0.54,1,0
54902,20170710,-93.29,41.56,0.207,-0.6,1,0,0.247,-0.62,1,0,0.28,-0.61,1,0,0.366,-0.34,0.006,0,0.463,-0.73,1,0,0.227,-0.64,1,0,0.313,-0.55,1,0
54902,20170711,-93.29,41.56,0.205,-0.61,0.982,0,0.245,-0.62,0.982,0,0.278,-0.6,1,0,0.363,-0.34,0.018,0,0.461,-0.76,1,0,0.225,-0.64,0.982,0,0.311,-0.56,1,0
54902,20170712,-93.29,41.56,0.209,-0.57,0.839,0,0.249,-0.58,0.839,0,0.277,-0.59,1,0,0.361,-0.34,0.018,0,0.458,-0.79,1,0,0.229,-0.59,0.839,0,0.311,-0.54,1,0
54902,20170713,-93.29,41.56,0.211,-0.53,0.762,0,0.252,-0.53,0.696,0,0.276,-0.58,1,0,0.359,-0.34,0.024,0,0.456,-0.8,1,0,0.232,-0.55,0.714,0,0.311,-0.53,1,0
54902,20170714,-93.29,41.56,0.213,-0.5,0.762,0,0.255,-0.5,0.637,0,0.275,-0.57,1,0,0.357,-0.33,0.024,0,0.455,-0.81,1,0,0.234,-0.52,0.702,0,0.311,-0.51,1,0
54902,20170715,-93.29,41.56,0.214,-0.48,0.762,0,0.256,-0.47,0.637,0,0.274,-0.55,1,0,0.356,-0.32,0.024,0,0.453,-0.8,1,0,0.235,-0.48,0.702,0,0.311,-0.5,1,0
54902,20170716,-93.29,41.56,0.216,-0.45,0.762,0,0.257,-0.44,0.637,0,0.273,-0.54,1,0,0.354,-0.31,0.024,0,0.452,-0.79,1,0,0.236,-0.45,0.702,0,0.311,-0.49,1,0
54902,20170717,-93.29,41.56,0.217,-0.42,0.762,0,0.258,-0.42,0.637,0,0.273,-0.52,1,0,0.353,-0.3,0.018,0,0.451,-0.77,1,0,0.237,-0.43,0.702,0,0.31,-0.47,1,0
54902,20170718,-93.29,41.56,0.216,-0.4,0.78,0,0.257,-0.4,0.655,0,0.273,-0.5,1,0,0.351,-0.29,0.006,0,0.451,-0.74,1,0,0.237,-0.41,0.72,0,0.31,-0.46,1,0
54902,20170719,-93.29,41.56,0.211,-0.41,0.923,0,0.252,-0.43,0.798,0,0.273,-0.48,1,0,0.35,-0.28,0.006,0,0.45,-0.72,1,0,0.231,-0.43,0.863,0,0.307,-0.47,1,0
54902,20170720,-93.29,41.56,0.206,-0.42,1,0,0.247,-0.45,0.94,0,0.272,-0.47,1,0,0.348,-0.26,0,0,0.448,-0.7,1,0,0.226,-0.45,0.988,0,0.304,-0.48,1,0
54902,20170721,-93.29,41.56,0.208,-0.38,0.946,0.042,0.248,-0.41,0.946,0.054,0.273,-0.44,0.946,0,0.346,-0.25,0,0,0.447,-0.69,1,0,0.228,-0.41,0.946,0.054,0.304,-0.46,0.946,0
54902,20170722,-93.29,41.56,0.217,-0.28,0.804,0.042,0.257,-0.3,0.804,0.089,0.276,-0.39,0.804,0,0.344,-0.24,0,0,0.446,-0.67,1,0,0.237,-0.3,0.804,0.065,0.308,-0.4,0.804,0
54902,20170723,-93.29,41.56,0.224,-0.19,0.661,0.042,0.265,-0.2,0.661,0.089,0.279,-0.35,0.661,0,0.343,-0.23,0,0,0.445,-0.64,1,0,0.244,-0.21,0.661,0.065,0.311,-0.35,0.661,0
54902,20170724,-93.29,41.56,0.229,-0.12,0.518,0.042,0.271,-0.12,0.518,0.089,0.281,-0.32,0.518,0,0.342,-0.21,0,0,0.444,-0.62,1,0,0.25,-0.13,0.518,0.065,0.313,-0.3,0.518,0
54902,20170725,-93.29,41.56,0.233,-0.06,0.375,0.042,0.276,-0.06,0.375,0.089,0.282,-0.29,0.375,0,0.341,-0.19,0,0,0.444,-0.59,1,0,0.255,-0.08,0.375,0.065,0.315,-0.27,0.375,0
54902,20170726,-93.29,41.56,0.236,-0.02,0.232,0.042,0.279,-0.02,0.232,0.089,0.284,-0.26,0.232,0,0.34,-0.17,0,0,0.444,-0.56,1,0,0.258,-0.03,0.232,0.065,0.317,-0.24,0.292,0
54902,20170727,-93.29,41.56,0.24,0.02,0.089,0.042,0.282,0.02,0.089,0.089,0.285,-0.24,0.089,0,0.339,-0.16,0,0,0.444,-0.53,1,0,0.261,0,0.089,0.065,0.318,-0.2,0.202,0
54902,20170728,-93.29,41.56,0.237,0.01,0,0,0.279,0,0,0.036,0.284,-0.23,0.012,0,0.339,-0.14,0,0,0.444,-0.49,1,0,0.258,-0.01,0,0.012,0.317,-0.2,0.202,0
54902,20170729,-93.29,41.56,0.228,-0.06,0,0,0.269,-0.09,0,0,0.281,-0.25,0.054,0,0.339,-0.13,0,0,0.444,-0.46,1,0,0.248,-0.09,0,0,0.312,-0.23,0.345,0
54902,20170730,-93.29,41.56,0.22,-0.12,0.018,0,0.26,-0.16,0.065,0,0.278,-0.26,0.173,0,0.338,-0.12,0,0,0.444,-0.44,1,0,0.24,-0.16,0.036,0,0.308,-0.26,0.488,0
54902,20170731,-93.29,41.56,0.214,-0.17,0.143,0,0.253,-0.22,0.179,0,0.275,-0.28,0.31,0,0.337,-0.11,0,0,0.444,-0.41,1,0,0.233,-0.22,0.155,0,0.305,-0.28,0.631,0
54902,20170801,-93.29,41.56,0.208,-0.21,0.286,0,0.248,-0.27,0.321,0,0.272,-0.29,0.44,0,0.336,-0.11,0,0,0.443,-0.4,1,0,0.228,-0.26,0.298,0,0.302,-0.29,0.774,0
54902,20170802,-93.29,41.56,0.204,-0.24,0.429,0,0.244,-0.3,0.464,0,0.27,-0.3,0.518,0,0.335,-0.1,0,0,0.442,-0.38,0.976,0,0.224,-0.29,0.44,0,0.299,-0.3,0.857,0
54902,20170803,-93.29,41.56,0.2,-0.27,0.571,0,0.24,-0.32,0.607,0,0.268,-0.31,0.548,0,0.333,-0.1,0,0,0.441,-0.36,0.97,0,0.22,-0.31,0.577,0,0.296,-0.31,0.946,0
54902,20170804,-93.29,41.56,0.205,-0.2,0.577,0.048,0.248,-0.22,0.613,0.119,0.266,-0.31,0.536,0,0.332,-0.1,0,0,0.44,-0.35,0.946,0,0.226,-0.23,0.577,0.101,0.298,-0.26,0.863,0
54902,20170805,-93.29,41.56,0.209,-0.15,0.577,0.048,0.254,-0.13,0.613,0.125,0.264,-0.3,0.494,0,0.33,-0.1,0,0,0.439,-0.34,0.935,0,0.231,-0.16,0.577,0.101,0.299,-0.23,0.72,0
54902,20170806,-93.29,41.56,0.212,-0.11,0.56,0.048,0.259,-0.06,0.548,0.125,0.263,-0.29,0.375,0,0.329,-0.11,0,0,0.438,-0.32,0.881,0,0.235,-0.1,0.542,0.101,0.3,-0.19,0.577,0
54902,20170807,-93.29,41.56,0.215,-0.07,0.435,0.048,0.264,0,0.435,0.125,0.262,-0.28,0.238,0,0.327,-0.11,0,0,0.438,-0.31,0.78,0,0.239,-0.05,0.423,0.101,0.301,-0.17,0.435,0
54902,20170808,-93.29,41.56,0.217,-0.03,0.292,0.048,0.267,0.05,0.292,0.125,0.261,-0.26,0.107,0,0.326,-0.12,0,0,0.437,-0.29,0.679,0,0.242,-0.01,0.28,0.101,0.302,-0.14,0.292,0
54902,20170809,-93.29,41.56,0.219,0,0.149,0.048,0.27,0.09,0.149,0.125,0.26,-0.24,0.03,0,0.325,-0.13,0,0,0.437,-0.28,0.625,0,0.244,0.02,0.137,0.101,0.302,-0.12,0.149,0
54902,20170810,-93.29,41.56,0.22,0.02,0.006,0.048,0.272,0.12,0.006,0.125,0.26,-0.22,0,0,0.324,-0.13,0,0,0.436,-0.27,0.548,0,0.246,0.03,0,0.101,0.302,-0.1,0.006,0
54902,20170811,-93.29,41.56,0.211,-0.06,0,0,0.261,0,0,0.006,0.259,-0.22,0,0,0.323,-0.13,0,0,0.436,-0.27,0.476,0,0.236,-0.06,0,0,0.298,-0.14,0,0
54902,20170812,-93.29,41.56,0.205,-0.11,0,0,0.253,-0.08,0,0,0.259,-0.21,0,0,0.322,-0.14,0,0,0.436,-0.26,0.411,0,0.229,-0.13,0,0,0.295,-0.16,0,0
54902,20170813,-93.29,41.56,0.2,-0.16,0,0,0.246,-0.15,0.036,0,0.258,-0.21,0,0,0.322,-0.14,0,0,0.435,-0.26,0.387,0,0.223,-0.2,0,0,0.292,-0.18,0,0
54902,20170814,-93.29,41.56,0.195,-0.19,0.012,0,0.239,-0.21,0.077,0,0.257,-0.22,0,0,0.321,-0.14,0,0,0.434,-0.26,0.446,0,0.217,-0.25,0.012,0,0.289,-0.21,0,0
54902,20170815,-93.29,41.56,0.191,-0.23,0.012,0,0.234,-0.26,0.119,0,0.257,-0.24,0,0,0.32,-0.15,0,0,0.434,-0.27,0.488,0,0.213,-0.29,0.03,0,0.287,-0.23,0,0
54902,20170816,-93.29,41.56,0.189,-0.25,0.048,0,0.23,-0.29,0.202,0,0.256,-0.26,0,0,0.319,-0.15,0,0,0.433,-0.28,0.53,0,0.21,-0.32,0.083,0,0.285,-0.24,0,0
54902,20170817,-93.29,41.56,0.187,-0.27,0.089,0,0.228,-0.31,0.321,0,0.255,-0.28,0,0,0.319,-0.14,0,0,0.433,-0.29,0.577,0,0.207,-0.35,0.173,0,0.284,-0.25,0,0
54902,20170818,-93.29,41.56,0.186,-0.29,0.208,0,0.226,-0.32,0.458,0,0.255,-0.3,0,0,0.318,-0.14,0,0,0.432,-0.31,0.661,0,0.206,-0.36,0.315,0,0.283,-0.27,0,0
54902,20170819,-93.29,41.56,0.185,-0.3,0.351,0,0.224,-0.34,0.601,0,0.254,-0.32,0,0,0.318,-0.14,0,0,0.432,-0.34,0.738,0,0.204,-0.38,0.458,0,0.282,-0.28,0.03,0
54902,20170820,-93.29,41.56,0.184,-0.32,0.494,0,0.223,-0.35,0.708,0,0.254,-0.34,0.03,0,0.317,-0.15,0,0,0.431,-0.37,0.815,0,0.203,-0.39,0.601,0,0.282,-0.3,0.113,0
54902,20170821,-93.29,41.56,0.187,-0.31,0.595,0.024,0.227,-0.32,0.786,0.024,0.257,-0.34,0.131,0.018,0.317,-0.15,0,0,0.431,-0.4,0.857,0,0.207,-0.37,0.708,0.024,0.284,-0.3,0.232,0
54902,20170822,-93.29,41.56,0.214,-0.12,0.595,0.167,0.254,-0.09,0.744,0.167,0.279,-0.21,0.131,0.143,0.325,-0.09,0,0.071,0.434,-0.39,0.845,0,0.234,-0.16,0.69,0.167,0.301,-0.18,0.232,0.101
54902,20170823,-93.29,41.56,0.239,0.05,0.56,0.31,0.278,0.11,0.661,0.31,0.302,-0.08,0.131,0.286,0.34,0.03,0,0.214,0.441,-0.33,0.738,0,0.259,0.03,0.637,0.31,0.32,-0.04,0.232,0.244
54902,20170824,-93.29,41.56,0.262,0.2,0.518,0.452,0.301,0.29,0.542,0.452,0.324,0.04,0.131,0.429,0.356,0.14,0,0.357,0.449,-0.26,0.631,0,0.281,0.2,0.548,0.452,0.338,0.08,0.232,0.387
54902,20170825,-93.29,41.56,0.283,0.34,0.399,0.595,0.323,0.45,0.405,0.595,0.345,0.16,0.131,0.571,0.371,0.26,0,0.5,0.456,-0.19,0.5,0,0.303,0.35,0.405,0.595,0.356,0.19,0.232,0.53
54902,20170826,-93.29,41.56,0.303,0.48,0.256,0.738,0.343,0.61,0.262,0.738,0.366,0.27,0.131,0.714,0.386,0.36,0,0.643,0.463,-0.12,0.357,0,0.323,0.5,0.262,0.738,0.373,0.31,0.202,0.673
54902,20170827,-93.29,41.56,0.322,0.6,0.113,0.881,0.363,0.76,0.119,0.881,0.386,0.38,0.101,0.851,0.402,0.47,0,0.786,0.47,-0.04,0.214,0,0.343,0.65,0.119,0.881,0.389,0.41,0.119,0.786
54902,20170828,-93.29,41.56,0.336,0.69,0,0.952,0.378,0.87,0,1,0.403,0.47,0,0.929,0.416,0.56,0,0.899,0.477,0.03,0.071,0,0.357,0.75,0,1,0.402,0.51,0,0.833
54902,20170829,-93.29,41.56,0.325,0.6,0,0.821,0.369,0.77,0,1,0.4,0.43,0,0.821,0.423,0.55,0,0.827,0.481,0.07,0,0,0.347,0.66,0,0.994,0.4,0.47,0,0.732
54902,20170830,-93.29,41.56,0.316,0.52,0,0.679,0.362,0.69,0,0.982,0.395,0.38,0,0.679,0.421,0.48,0,0.685,0.48,0.06,0,0,0.339,0.58,0,0.851,0.395,0.42,0,0.589
54902,20170831,-93.29,41.56,0.308,0.45,0,0.536,0.356,0.62,0,0.839,0.392,0.34,0,0.536,0.419,0.42,0,0.542,0.479,0.04,0,0,0.332,0.51,0,0.708,0.391,0.37,0,0.446
54902,20170901,-93.29,41.56,0.299,0.38,0,0.393,0.349,0.55,0,0.696,0.388,0.31,0,0.393,0.418,0.35,0,0.399,0.477,0.02,0,0,0.324,0.45,0,0.565,0.386,0.32,0,0.304
54902,20170902,-93.29,41.56,0.291,0.32,0,0.25,0.343,0.49,0,0.554,0.385,0.27,0,0.25,0.416,0.28,0,0.256,0.476,0,0,0,0.317,0.38,0,0.423,0.382,0.28,0,0.161
54902,20170903,-93.29,41.56,0.284,0.27,0,0.107,0.337,0.42,0,0.411,0.382,0.24,0,0.113,0.415,0.22,0,0.113,0.475,-0.03,0,0,0.311,0.33,0,0.28,0.379,0.23,0,0.048
54902,20170904,-93.29,41.56,0.277,0.21,0,0.012,0.331,0.36,0,0.268,0.379,0.21,0,0.018,0.414,0.18,0,0,0.474,-0.05,0,0,0.304,0.27,0,0.137,0.375,0.19,0,0
54902,20170905,-93.29,41.56,0.27,0.16,0,0,0.325,0.3,0,0.125,0.375,0.18,0,0,0.412,0.15,0,0,0.472,-0.08,0,0,0.297,0.21,0,0,0.371,0.15,0,0
54902,20170906,-93.29,41.56,0.262,0.11,0,0,0.319,0.25,0,0,0.372,0.14,0,0,0.411,0.14,0,0,0.471,-0.1,0,0,0.291,0.16,0,0,0.367,0.11,0,0
54902,20170907,-93.29,41.56,0.255,0.06,0,0,0.313,0.2,0,0,0.368,0.11,0,0,0.41,0.13,0,0,0.47,-0.12,0,0,0.284,0.11,0,0,0.363,0.08,0,0
54902,20170908,-93.29,41.56,0.249,0.02,0,0,0.307,0.15,0,0,0.363,0.08,0,0,0.408,0.11,0,0,0.468,-0.14,0,0,0.278,0.07,0,0,0.359,0.04,0,0
54902,20170909,-93.29,41.56,0.243,-0.02,0,0,0.302,0.11,0,0,0.359,0.06,0,0,0.406,0.1,0,0,0.467,-0.16,0,0,0.273,0.04,0,0,0.355,0.01,0,0
54902,20170910,-93.29,41.56,0.238,-0.06,0,0,0.298,0.07,0,0,0.354,0.03,0,0,0.404,0.08,0,0,0.465,-0.18,0,0,0.268,0,0,0,0.352,-0.01,0,0
54902,20170911,-93.29,41.56,0.232,-0.09,0,0,0.294,0.04,0,0,0.349,0,0,0,0.402,0.06,0,0,0.464,-0.2,0,0,0.263,-0.02,0,0,0.348,-0.04,0,0
54902,20170912,-93.29,41.56,0.227,-0.12,0,0,0.29,0.01,0,0,0.345,-0.03,0,0,0.4,0.05,0,0,0.463,-0.21,0,0,0.259,-0.05,0,0,0.345,-0.06,0,0
54902,20170913,-93.29,41.56,0.223,-0.15,0,0,0.286,-0.02,0,0,0.34,-0.06,0,0,0.397,0.03,0,0,0.461,-0.23,0,0,0.254,-0.08,0,0,0.341,-0.09,0,0
54902,20170914,-93.29,41.56,0.219,-0.17,0,0,0.283,-0.06,0,0,0.335,-0.09,0,0,0.395,0.02,0,0,0.46,-0.24,0,0,0.251,-0.11,0,0,0.338,-0.11,0,0
54902,20170915,-93.29,41.56,0.215,-0.2,0,0,0.279,-0.09,0,0,0.33,-0.12,0,0,0.393,0.01,0,0,0.458,-0.25,0,0,0.247,-0.14,0,0,0.335,-0.13,0,0
54902,20170916,-93.29,41.56,0.211,-0.21,0,0,0.275,-0.12,0,0,0.325,-0.15,0,0,0.391,0,0,0,0.457,-0.27,0,0,0.243,-0.16,0,0,0.332,-0.15,0,0
54902,20170917,-93.29,41.56,0.215,-0.19,0,0.036,0.277,-0.12,0,0.036,0.325,-0.16,0,0.03,0.389,-0.01,0,0,0.455,-0.28,0,0,0.246,-0.15,0,0.036,0.332,-0.14,0,0.03
54902,20170918,-93.29,41.56,0.233,-0.06,0,0.179,0.291,-0.03,0,0.179,0.334,-0.1,0,0.143,0.388,-0.01,0,0,0.455,-0.28,0,0,0.262,-0.04,0,0.179,0.34,-0.08,0,0.06
54902,20170919,-93.29,41.56,0.25,0.06,0,0.321,0.304,0.06,0,0.321,0.342,-0.04,0,0.155,0.387,-0.01,0,0,0.455,-0.28,0,0,0.277,0.06,0,0.321,0.348,-0.02,0,0.06
54902,20170920,-93.29,41.56,0.267,0.18,0,0.464,0.317,0.14,0,0.464,0.351,0.01,0,0.155,0.386,-0.01,0,0,0.454,-0.28,0,0,0.292,0.15,0,0.464,0.355,0.03,0,0.06
54902,20170921,-93.29,41.56,0.282,0.28,0,0.595,0.33,0.22,0,0.607,0.36,0.07,0,0.155,0.386,-0.01,0,0,0.455,-0.28,0,0,0.306,0.24,0,0.607,0.362,0.09,0,0.06
54902,20170922,-93.29,41.56,0.296,0.38,0,0.595,0.342,0.3,0,0.643,0.37,0.13,0,0.155,0.386,-0.01,0,0,0.455,-0.27,0,0,0.319,0.33,0,0.625,0.37,0.15,0,0.06
54902,20170923,-93.29,41.56,0.309,0.47,0,0.595,0.354,0.38,0,0.643,0.379,0.19,0,0.155,0.386,0,0,0,0.455,-0.27,0,0,0.332,0.41,0,0.625,0.377,0.2,0,0.06
54902,20170924,-93.29,41.56,0.314,0.5,0,0.56,0.359,0.41,0,0.607,0.385,0.23,0,0.125,0.386,0,0,0,0.455,-0.27,0,0,0.337,0.44,0,0.589,0.38,0.23,0,0.03
54902,20170925,-93.29,41.56,0.303,0.42,0,0.417,0.351,0.35,0,0.464,0.381,0.2,0,0.012,0.385,0,0,0,0.455,-0.28,0,0,0.327,0.38,0,0.446,0.375,0.19,0,0
54902,20170926,-93.29,41.56,0.294,0.35,0,0.274,0.344,0.29,0,0.321,0.378,0.18,0,0,0.384,0,0,0,0.454,-0.29,0,0,0.319,0.32,0,0.304,0.371,0.16,0,0
54902,20170927,-93.29,41.56,0.288,0.31,0,0.131,0.34,0.26,0,0.179,0.375,0.16,0,0,0.384,0,0,0,0.454,-0.29,0,0,0.314,0.29,0,0.161,0.368,0.14,0,0
54902,20170928,-93.29,41.56,0.283,0.27,0,0,0.336,0.23,0,0.036,0.372,0.14,0,0,0.383,0,0,0,0.453,-0.3,0,0,0.309,0.25,0,0.018,0.365,0.12,0,0
54902,20170929,-93.29,41.56,0.277,0.24,0,0,0.333,0.2,0,0,0.369,0.11,0,0,0.383,0.01,0,0,0.452,-0.31,0,0,0.305,0.22,0,0,0.363,0.1,0,0
54902,20170930,-93.29,41.56,0.273,0.2,0,0,0.33,0.17,0,0,0.366,0.09,0,0,0.382,0,0,0,0.452,-0.31,0,0,0.301,0.19,0,0,0.36,0.08,0,0
54902,20171001,-93.29,41.56,0.268,0.18,0,0,0.327,0.15,0,0,0.364,0.07,0,0,0.381,0,0,0,0.451,-0.32,0,0,0.298,0.17,0,0,0.358,0.06,0,0
54902,20171002,-93.29,41.56,0.265,0.16,0,0,0.325,0.14,0,0,0.361,0.05,0,0,0.38,0,0,0,0.451,-0.33,0,0,0.295,0.15,0,0,0.356,0.04,0,0
54902,20171003,-93.29,41.56,0.262,0.14,0,0,0.323,0.12,0,0,0.358,0.03,0,0,0.379,0,0,0,0.45,-0.33,0,0,0.292,0.14,0,0,0.354,0.02,0,0
54902,20171004,-93.29,41.56,0.257,0.11,0,0,0.32,0.11,0,0,0.356,0.02,0,0,0.378,0,0,0,0.449,-0.35,0,0,0.289,0.12,0,0,0.352,0.01,0,0
54902,20171005,-93.29,41.56,0.257,0.11,0,0,0.32,0.11,0,0,0.355,0.01,0,0,0.376,-0.01,0,0,0.448,-0.36,0,0,0.289,0.12,0,0,0.351,0,0,0
54902,20171006,-93.29,41.56,0.258,0.11,0,0,0.32,0.11,0,0,0.354,0.01,0,0,0.375,-0.02,0,0,0.448,-0.36,0,0,0.289,0.13,0,0,0.351,0,0,0
54902,20171007,-93.29,41.56,0.273,0.2,0,0.113,0.331,0.17,0,0.113,0.361,0.05,0,0.089,0.378,0,0,0.012,0.448,-0.37,0,0,0.302,0.21,0,0.113,0.358,0.04,0,0.071
54902,20171008,-93.29,41.56,0.29,0.31,0,0.256,0.343,0.23,0,0.256,0.371,0.11,0,0.232,0.386,0.06,0,0.137,0.448,-0.37,0,0,0.316,0.29,0,0.256,0.367,0.11,0,0.208
54902,20171009,-93.29,41.56,0.305,0.4,0,0.399,0.354,0.29,0,0.399,0.38,0.16,0,0.375,0.393,0.11,0,0.196,0.449,-0.37,0,0,0.329,0.37,0,0.399,0.376,0.17,0,0.226
54902,20171010,-93.29,41.56,0.319,0.48,0,0.542,0.364,0.35,0,0.542,0.388,0.21,0,0.464,0.4,0.16,0,0.25,0.45,-0.36,0,0,0.342,0.44,0,0.542,0.384,0.22,0,0.226
54902,20171011,-93.29,41.56,0.335,0.58,0,0.685,0.376,0.41,0,0.685,0.399,0.27,0,0.583,0.409,0.22,0,0.363,0.452,-0.36,0,0,0.356,0.51,0,0.685,0.394,0.28,0,0.339
54902,20171012,-93.29,41.56,0.347,0.65,0,0.826,0.385,0.45,0,0.826,0.408,0.32,0,0.725,0.419,0.28,0,0.503,0.454,-0.35,0,0,0.366,0.57,0,0.826,0.402,0.33,0,0.455
54902,20171013,-93.29,41.56,0.359,0.71,0,0.97,0.394,0.49,0,0.97,0.415,0.36,0,0.868,0.428,0.34,0,0.647,0.455,-0.35,0,0,0.376,0.61,0,0.97,0.41,0.38,0,0.473
54902,20171014,-93.29,41.56,0.359,0.7,0,1,0.393,0.49,0,1,0.417,0.36,0,0.916,0.434,0.39,0,0.778,0.457,-0.35,0,0,0.376,0.6,0,1,0.412,0.39,0,0.437
54902,20171015,-93.29,41.56,0.362,0.71,0,1,0.396,0.5,0,1,0.42,0.37,0,0.916,0.439,0.41,0,0.796,0.46,-0.32,0,0,0.379,0.61,0,1,0.416,0.41,0,0.443
54902,20171016,-93.29,41.56,0.364,0.7,0,1,0.397,0.49,0,1,0.42,0.36,0,0.916,0.442,0.43,0,0.88,0.466,-0.27,0,0,0.381,0.61,0,1,0.418,0.43,0,0.569
54902,20171017,-93.29,41.56,0.366,0.7,0,1,0.399,0.49,0,1,0.421,0.36,0,0.964,0.445,0.44,0,0.958,0.471,-0.22,0,0,0.382,0.61,0,1,0.42,0.44,0,0.713
54902,20171018,-93.29,41.56,0.363,0.66,0,1,0.396,0.47,0,1,0.419,0.34,0,0.934,0.446,0.43,0,0.952,0.475,-0.17,0,0,0.38,0.59,0,1,0.42,0.44,0,0.743
54902,20171019,-93.29,41.56,0.36,0.63,0,1,0.394,0.45,0,1,0.418,0.33,0,0.863,0.447,0.41,0,0.899,0.48,-0.12,0,0,0.377,0.57,0,1,0.42,0.43,0,0.768
54902,20171020,-93.29,41.56,0.357,0.59,0,0.899,0.392,0.44,0,1,0.417,0.32,0,0.78,0.447,0.39,0,0.804,0.485,-0.07,0,0,0.375,0.55,0,1,0.42,0.43,0,0.833
54902,20171021,-93.29,41.56,0.352,0.55,0,0.756,0.389,0.42,0,1,0.415,0.3,0,0.649,0.447,0.37,0,0.673,0.489,-0.02,0,0,0.371,0.52,0,1,0.418,0.42,0,0.827
54902,20171022,-93.29,41.56,0.346,0.5,0,0.679,0.385,0.4,0,0.994,0.412,0.28,0,0.589,0.445,0.34,0,0.619,0.491,0.01,0,0,0.366,0.5,0,0.94,0.416,0.4,0,0.75
54902,20171023,-93.29,41.56,0.348,0.51,0,0.679,0.386,0.41,0,0.994,0.413,0.29,0,0.589,0.446,0.34,0,0.619,0.492,0.02,0,0,0.367,0.51,0,0.94,0.417,0.41,0,0.75
54902,20171024,-93.29,41.56,0.349,0.52,0,0.679,0.387,0.41,0,0.994,0.414,0.3,0,0.595,0.447,0.33,0,0.631,0.493,0.04,0,0.006,0.368,0.52,0,0.94,0.418,0.42,0,0.75
54902,20171025,-93.29,41.56,0.35,0.52,0,0.679,0.387,0.43,0,0.994,0.415,0.3,0,0.649,0.448,0.33,0,0.661,0.495,0.07,0,0.012,0.369,0.53,0,0.94,0.419,0.43,0,0.75
54902,20171026,-93.29,41.56,0.351,0.52,0,0.679,0.388,0.44,0,0.994,0.415,0.31,0,0.72,0.448,0.34,0,0.708,0.496,0.09,0,0.012,0.369,0.55,0,0.94,0.419,0.43,0,0.75
54902,20171027,-93.29,41.56,0.352,0.53,0,0.78,0.388,0.45,0,0.994,0.415,0.31,0,0.804,0.449,0.34,0,0.792,0.497,0.11,0,0.018,0.37,0.56,0,0.94,0.42,0.44,0,0.81
54902,20171028,-93.29,41.56,0.353,0.53,0,0.923,0.388,0.46,0,0.994,0.415,0.32,0,0.94,0.449,0.34,0,0.905,0.499,0.14,0,0.018,0.37,0.58,0,0.94,0.421,0.45,0,0.923
54902,20171029,-93.29,41.56,0.348,0.5,0,1,0.385,0.45,0,1,0.412,0.3,0,0.976,0.448,0.33,0,0.952,0.5,0.17,0,0.018,0.367,0.56,0,1,0.419,0.44,0,1
54902,20171030,-93.29,41.56,0.34,0.45,0,0.964,0.38,0.42,0,1,0.408,0.28,0,0.923,0.445,0.31,0,0.881,0.5,0.17,0,0.03,0.36,0.52,0,1,0.415,0.41,0,1
54902,20171031,-93.29,41.56,0.334,0.4,0,0.851,0.376,0.4,0,1,0.405,0.27,0,0.875,0.443,0.3,0,0.821,0.499,0.18,0,0.03,0.355,0.49,0,1,0.411,0.39,0,0.994
54902,20171101,-93.29,41.56,0.329,0.36,0,0.708,0.372,0.39,0,1,0.403,0.26,0,0.815,0.441,0.28,0,0.75,0.499,0.18,0,0.03,0.35,0.46,0,1,0.409,0.37,0,0.952
54902,20171102,-93.29,41.56,0.324,0.34,0,0.619,0.369,0.37,0,1,0.401,0.25,0,0.744,0.44,0.27,0,0.679,0.498,0.18,0,0.036,0.347,0.43,0,1,0.406,0.35,0,0.899
54902,20171103,-93.29,41.56,0.321,0.32,0,0.554,0.367,0.35,0,1,0.399,0.24,0,0.708,0.438,0.26,0,0.595,0.497,0.17,0,0.03,0.344,0.41,0,1,0.404,0.34,0,0.899
54902,20171104,-93.29,41.56,0.317,0.3,0,0.411,0.365,0.34,0,1,0.397,0.23,0,0.69,0.437,0.25,0,0.512,0.496,0.16,0,0.036,0.341,0.38,0,1,0.402,0.32,0,0.881
54902,20171105,-93.29,41.56,0.314,0.28,0,0.268,0.363,0.33,0,1,0.396,0.23,0,0.708,0.435,0.24,0,0.405,0.496,0.16,0,0.042,0.339,0.36,0,1,0.401,0.31,0,0.869
54902,20171106,-93.29,41.56,0.312,0.27,0,0.161,0.362,0.33,0,1,0.395,0.23,0,0.762,0.434,0.24,0,0.375,0.495,0.16,0,0.03,0.337,0.35,0,0.988,0.4,0.31,0,0.869
54902,20171107,-93.29,41.56,0.309,0.25,0,0.131,0.36,0.32,0,1,0.394,0.23,0,0.81,0.434,0.24,0,0.381,0.495,0.16,0,0.03,0.335,0.32,0,0.881,0.398,0.3,0,0.875
54902,20171108,-93.29,41.56,0.306,0.22,0,0.131,0.359,0.31,0,1,0.393,0.23,0,0.845,0.433,0.24,0,0.393,0.494,0.16,0,0.036,0.333,0.3,0,0.738,0.397,0.3,0,0.899
54902,20171109,-93.29,41.56,0.303,0.19,0,0.077,0.357,0.31,0,0.994,0.392,0.23,0,0.893,0.432,0.24,0,0.387,0.494,0.17,0,0.042,0.33,0.28,0,0.601,0.396,0.29,0,0.946
54902,20171110,-93.29,41.56,0.301,0.16,0,0,0.356,0.3,0,0.982,0.391,0.22,0,0.893,0.432,0.24,0,0.405,0.493,0.17,0,0.042,0.328,0.26,0,0.458,0.394,0.29,0,0.935
54902,20171111,-93.29,41.56,0.298,0.13,0,0,0.354,0.29,0,0.946,0.389,0.21,0,0.827,0.431,0.24,0,0.411,0.493,0.18,0,0.036,0.326,0.24,0,0.315,0.393,0.28,0,0.911
54902,20171112,-93.29,41.56,0.296,0.11,0,0,0.353,0.28,0,0.94,0.388,0.2,0,0.732,0.43,0.24,0,0.405,0.492,0.17,0,0.03,0.325,0.23,0,0.179,0.392,0.28,0,0.899
54902,20171113,-93.29,41.56,0.294,0.09,0,0,0.352,0.27,0,0.94,0.387,0.19,0,0.643,0.429,0.24,0,0.387,0.491,0.15,0,0.03,0.323,0.22,0,0.048,0.391,0.27,0,0.839
54902,20171114,-93.29,41.56,0.293,0.06,0,0,0.351,0.27,0,0.929,0.386,0.19,0,0.565,0.428,0.23,0,0.333,0.49,0.14,0,0.024,0.322,0.21,0,0.012,0.389,0.26,0,0.726
54902,20171115,-93.29,41.56,0.292,0.05,0,0,0.35,0.27,0,0.911,0.385,0.18,0,0.458,0.427,0.23,0,0.298,0.489,0.13,0,0.012,0.321,0.2,0,0.012,0.389,0.25,0,0.613
54902,20171116,-93.29,41.56,0.29,0.02,0,0,0.35,0.27,0,0.899,0.384,0.17,0,0.339,0.426,0.23,0,0.31,0.488,0.13,0,0,0.32,0.19,0,0.006,0.388,0.24,0,0.476
54902,20171117,-93.29,41.56,0.288,-0.01,0,0,0.35,0.26,0,0.804,0.384,0.16,0,0.232,0.426,0.23,0,0.28,0.487,0.12,0,0,0.319,0.18,0,0.006,0.387,0.23,0,0.345
54902,20171118,-93.29,41.56,0.287,-0.03,0,0,0.349,0.26,0,0.726,0.383,0.15,0,0.173,0.425,0.23,0,0.274,0.487,0.12,0,0,0.318,0.16,0,0.006,0.386,0.22,0,0.244
54902,20171119,-93.29,41.56,0.289,-0.01,0,0,0.349,0.26,0,0.643,0.383,0.14,0,0.131,0.425,0.23,0,0.304,0.487,0.12,0,0,0.319,0.16,0,0.006,0.387,0.22,0,0.202
54902,20171120,-93.29,41.56,0.292,0.01,0,0,0.348,0.24,0,0.5,0.383,0.13,0,0.077,0.424,0.24,0,0.315,0.486,0.12,0,0,0.32,0.16,0,0.006,0.387,0.21,0,0.119
54902,20171121,-93.29,41.56,0.294,0.03,0,0,0.347,0.23,0,0.369,0.382,0.12,0,0.012,0.424,0.24,0,0.327,0.486,0.11,0,0,0.321,0.16,0,0.006,0.386,0.21,0,0.089
54902,20171122,-93.29,41.56,0.296,0.04,0,0,0.346,0.22,0,0.244,0.381,0.11,0,0,0.424,0.24,0,0.333,0.485,0.1,0,0,0.321,0.15,0,0.006,0.386,0.2,0,0.077
54902,20171123,-93.29,41.56,0.298,0.06,0,0,0.345,0.2,0,0.119,0.381,0.1,0,0,0.423,0.24,0,0.304,0.484,0.08,0,0,0.322,0.15,0,0.006,0.386,0.19,0,0.077
54902,20171124,-93.29,41.56,0.301,0.09,0,0,0.344,0.19,0,0.083,0.38,0.09,0,0,0.423,0.24,0,0.304,0.484,0.08,0,0,0.323,0.15,0,0.006,0.386,0.19,0,0.077
54902,20171125,-93.29,41.56,0.304,0.12,0,0,0.344,0.19,0,0.054,0.379,0.08,0,0,0.422,0.24,0,0.31,0.482,0.06,0,0,0.324,0.16,0,0.006,0.386,0.19,0,0.077
54902,20171126,-93.29,41.56,0.303,0.1,0,0,0.344,0.18,0,0,0.379,0.07,0,0,0.422,0.24,0,0.304,0.481,0.03,0,0,0.323,0.15,0,0,0.386,0.17,0,0
54902,20171127,-93.29,41.56,0.302,0.08,0,0,0.344,0.18,0,0,0.378,0.07,0,0,0.422,0.24,0,0.321,0.481,0.03,0,0,0.323,0.14,0,0,0.385,0.16,0,0
54902,20171128,-93.29,41.56,0.301,0.07,0,0,0.343,0.18,0,0,0.378,0.06,0,0,0.421,0.25,0,0.339,0.481,0.03,0,0,0.322,0.13,0,0,0.385,0.15,0,0
54902,20171129,-93.29,41.56,0.301,0.06,0,0,0.344,0.18,0,0,0.378,0.06,0,0,0.421,0.25,0,0.351,0.48,0.02,0,0,0.322,0.12,0,0,0.385,0.14,0,0
54902,20171130,-93.29,41.56,0.301,0.05,0,0,0.343,0.18,0,0,0.378,0.06,0,0,0.421,0.25,0,0.393,0.479,0.01,0,0,0.322,0.11,0,0,0.385,0.14,0,0
54902,20171201,-93.29,41.56,0.3,0.03,0,0,0.343,0.17,0,0,0.378,0.06,0,0,0.421,0.25,0,0.399,0.479,0,0,0,0.322,0.1,0,0,0.384,0.13,0,0
54902,20171202,-93.29,41.56,0.298,0.01,0,0,0.343,0.16,0,0,0.377,0.06,0,0,0.421,0.25,0,0.375,0.478,0,0,0,0.321,0.08,0,0,0.384,0.12,0,0
54902,20171203,-93.29,41.56,0.297,-0.02,0,0,0.342,0.15,0,0,0.377,0.05,0,0,0.421,0.25,0,0.333,0.478,-0.01,0,0,0.319,0.06,0,0,0.383,0.11,0,0
54902,20171204,-93.29,41.56,0.295,-0.04,0,0,0.342,0.13,0,0,0.377,0.05,0,0,0.42,0.24,0,0.292,0.477,-0.02,0,0,0.319,0.04,0,0,0.382,0.11,0,0
54902,20171205,-93.29,41.56,0.295,-0.06,0,0,0.341,0.12,0,0,0.376,0.05,0,0,0.42,0.24,0,0.244,0.477,-0.03,0,0,0.318,0.02,0,0,0.382,0.11,0,0
54902,20171206,-93.29,41.56,0.294,-0.08,0,0,0.341,0.1,0,0,0.376,0.05,0,0,0.42,0.24,0,0.196,0.476,-0.04,0,0,0.318,0,0,0,0.381,0.1,0,0
54902,20171207,-93.29,41.56,0.294,-0.12,0,0,0.34,0.08,0,0,0.375,0.04,0,0,0.42,0.23,0,0.125,0.476,-0.04,0,0,0.317,-0.03,0,0,0.381,0.1,0,0
54902,20171208,-93.29,41.56,0.292,-0.15,0,0,0.339,0.06,0,0,0.375,0.03,0,0,0.42,0.23,0,0.095,0.476,-0.05,0,0,0.316,-0.06,0,0,0.38,0.09,0,0
54902,20171209,-93.29,41.56,0.291,-0.19,0,0,0.338,0.04,0,0,0.374,0.02,0,0,0.419,0.23,0,0.071,0.475,-0.06,0,0,0.315,-0.09,0,0,0.38,0.07,0,0
54902,20171210,-93.29,41.56,0.291,-0.22,0,0,0.337,0.02,0,0,0.373,0.01,0,0,0.419,0.22,0,0.065,0.475,-0.06,0,0,0.314,-0.12,0,0,0.379,0.06,0,0
54902,20171211,-93.29,41.56,0.289,-0.25,0,0,0.336,-0.01,0,0,0.372,-0.01,0,0,0.418,0.21,0,0.054,0.475,-0.07,0,0,0.313,-0.15,0,0,0.378,0.03,0,0
54902,20171212,-93.29,41.56,0.287,-0.29,0,0,0.335,-0.03,0,0,0.371,-0.02,0,0,0.417,0.18,0,0.036,0.475,-0.08,0,0,0.311,-0.18,0,0,0.377,0,0,0
54902,20171213,-93.29,41.56,0.286,-0.33,0.071,0,0.334,-0.05,0,0,0.37,-0.04,0,0,0.416,0.16,0,0.024,0.474,-0.09,0,0,0.31,-0.21,0,0,0.376,-0.03,0,0
54902,20171214,-93.29,41.56,0.285,-0.37,0.214,0,0.333,-0.07,0,0,0.369,-0.05,0,0,0.415,0.13,0,0.012,0.473,-0.11,0,0,0.309,-0.23,0,0,0.375,-0.05,0,0
54902,20171215,-93.29,41.56,0.284,-0.4,0.357,0,0.333,-0.09,0,0,0.368,-0.06,0,0,0.414,0.1,0,0,0.472,-0.13,0,0,0.309,-0.24,0,0,0.374,-0.08,0,0
54902,20171216,-93.29,41.56,0.284,-0.43,0.5,0,0.333,-0.1,0,0,0.368,-0.06,0,0,0.413,0.08,0,0,0.471,-0.15,0,0,0.308,-0.26,0,0,0.374,-0.1,0,0
54902,20171217,-93.29,41.56,0.283,-0.46,0.643,0,0.333,-0.11,0,0,0.368,-0.07,0,0,0.412,0.06,0,0,0.471,-0.16,0,0,0.308,-0.28,0,0,0.373,-0.11,0,0
54902,20171218,-93.29,41.56,0.283,-0.5,0.786,0,0.333,-0.13,0,0,0.368,-0.07,0,0,0.412,0.05,0,0,0.47,-0.17,0,0,0.308,-0.3,0.03,0,0.373,-0.13,0,0
54902,20171219,-93.29,41.56,0.283,-0.53,0.929,0,0.333,-0.14,0,0,0.368,-0.08,0,0,0.411,0.04,0,0,0.469,-0.18,0,0,0.308,-0.32,0.125,0,0.373,-0.16,0,0
54902,20171220,-93.29,41.56,0.283,-0.57,1,0,0.333,-0.16,0,0,0.368,-0.08,0,0,0.411,0.04,0,0,0.469,-0.19,0,0,0.308,-0.34,0.244,0,0.373,-0.17,0,0
54902,20171221,-93.29,41.56,0.282,-0.58,1,0,0.333,-0.17,0,0,0.368,-0.08,0,0,0.411,0.04,0,0,0.469,-0.19,0,0,0.307,-0.36,0.322,0,0.373,-0.19,0,0
54902,20171222,-93.29,41.56,0.282,-0.6,1,0,0.333,-0.19,0,0,0.368,-0.09,0,0,0.411,0.04,0,0,0.469,-0.19,0,0,0.307,-0.37,0.388,0,0.372,-0.2,0,0
54902,20171223,-93.29,41.56,0.281,-0.61,1,0,0.332,-0.2,0,0,0.367,-0.1,0,0,0.411,0.04,0,0,0.469,-0.19,0,0,0.307,-0.39,0.476,0,0.372,-0.21,0,0
54902,20171224,-93.29,41.56,0.281,-0.63,1,0,0.332,-0.22,0.03,0,0.367,-0.11,0,0,0.411,0.03,0,0,0.468,-0.19,0,0,0.307,-0.4,0.617,0,0.372,-0.23,0,0
54902,20171225,-93.29,41.56,0.283,-0.65,1,0,0.331,-0.24,0.161,0,0.366,-0.12,0,0,0.411,0.03,0,0,0.468,-0.2,0,0,0.307,-0.41,0.789,0,0.372,-0.24,0,0
54902,20171226,-93.29,41.56,0.284,-0.66,1,0,0.332,-0.23,0.22,0,0.366,-0.14,0,0,0.411,0.02,0,0,0.468,-0.2,0,0,0.307,-0.41,0.879,0,0.372,-0.25,0,0
54902,20171227,-93.29,41.56,,,,,0.335,-0.21,0.22,0,0.365,-0.16,0,0,0.41,0.01,0,0,0.467,-0.2,0,0,,,,,,,,
54902,20171228,-93.29,41.56,,,,,0.337,-0.18,0.22,0,0.365,-0.18,0,0,0.41,0,0,0,0.467,-0.21,0,0,,,,,,,,
54902,20171229,-93.29,41.56,,,,,0.339,-0.16,0.22,0,0.364,-0.2,0.012,0,0.409,-0.01,0,0,0.467,-0.21,0,0,,,,,,,,
54902,20171230,-93.29,41.56,,,,,0.342,-0.14,0.22,0,0.367,-0.18,0.012,0,0.408,-0.02,0,0,0.466,-0.22,0,0,,,,,,,,
54902,20171231,-93.29,41.56,,,,,0.344,-0.11,0.193,0,0.369,-0.16,0.012,0,0.408,-0.03,0,0,0.465,-0.23,0,0,,,,,,,,
54902,20180101,-93.29,41.56,,,,,0.347,-0.08,0.069,0,0.371,-0.13,0.012,0,0.407,-0.04,0,0,0.465,-0.24,0,0,,,,,,,,
54902,20180102,-93.29,41.56,,,,,,,,,0.374,-0.1,0.012,0,0.407,-0.05,0,0,0.465,-0.24,0,0,,,,,,,,
54902,20180103,-93.29,41.56,,,,,,,,,0.376,-0.08,0.012,0,0.406,-0.06,0,0,0.464,-0.25,0,0,,,,,,,,
54902,20180104,-93.29,41.56,,,,,,,,,0.379,-0.06,0.012,0,0.406,-0.07,0,0,0.463,-0.27,0,0,,,,,,,,
54902,20180105,-93.29,41.56,,,,,,,,,0.381,-0.04,0,0,0.405,-0.08,0,0,0.463,-0.27,0,0,,,,,,,,
54902,20180106,-93.29,41.56,,,,,,,,,0.38,-0.07,0,0,0.405,-0.08,0,0,0.462,-0.28,0,0,,,,,,,,
54902,20180107,-93.29,41.56,,,,,,,,,0.38,-0.1,0,0,0.405,-0.1,0,0,0.462,-0.29,0,0,,,,,,,,
54902,20180108,-93.29,41.56,,,,,,,,,0.379,-0.14,0.012,0,0.404,-0.11,0,0,0.461,-0.3,0,0,,,,,,,,
54902,20180109,-93.29,41.56,,,,,,,,,0.378,-0.18,0.06,0,0.403,-0.13,0,0,0.461,-0.3,0,0,,,,,,,,
54902,20180110,-93.29,41.56,,,,,,,,,0.378,-0.22,0.155,0,0.403,-0.15,0,0,0.46,-0.31,0,0,,,,,,,,
54902,20180111,-93.29,41.56,,,,,,,,,0.378,-0.26,0.268,0,0.402,-0.17,0,0,0.46,-0.31,0,0,,,,,,,,
54902,20180112,-93.29,41.56,,,,,,,,,0.378,-0.31,0.399,0,0.402,-0.19,0,0,0.459,-0.32,0,0,,,,,,,,
54902,20180113,-93.29,41.56,,,,,,,,,0.378,-0.35,0.53,0,0.401,-0.2,0,0,0.459,-0.33,0,0,,,,,,,,
54902,20180114,-93.29,41.56,,,,,,,,,0.378,-0.39,0.673,0,0.401,-0.22,0,0,0.459,-0.34,0,0,,,,,,,,
54902,20180115,-93.29,41.56,,,,,,,,,0.378,-0.43,0.804,0,0.401,-0.23,0,0,0.458,-0.34,0,0,,,,,,,,
54902,20180116,-93.29,41.56,,,,,,,,,0.377,-0.47,0.899,0,0.401,-0.24,0,0,0.458,-0.35,0,0,,,,,,,,
54902,20180117,-93.29,41.56,,,,,,,,,0.377,-0.49,0.946,0,0.401,-0.25,0,0,0.458,-0.36,0,0,,,,,,,,
54902,20180118,-93.29,41.56,,,,,,,,,0.377,-0.51,0.976,0,0.401,-0.26,0,0,0.458,-0.36,0,0,,,,,,,,
54902,20180119,-93.29,41.56,,,,,,,,,0.377,-0.53,0.988,0,0.401,-0.28,0,0,0.458,-0.37,0,0,,,,,,,,
54902,20180120,-93.29,41.56,,,,,,,,,0.377,-0.54,1,0,0.401,-0.29,0,0,0.457,-0.38,0,0,,,,,,,,
54902,20180121,-93.29,41.56,,,,,,,,,0.376,-0.56,1,0,0.4,-0.31,0.006,0,0.457,-0.39,0.012,0,,,,,,,,
54902,20180122,-93.29,41.56,,,,,,,,,0.376,-0.56,0.988,0.006,0.402,-0.29,0.018,0.03,0.458,-0.38,0.012,0.006,,,,,,,,
54902,20180123,-93.29,41.56,,,,,,,,,0.381,-0.4,0.889,0.105,0.405,-0.23,0.018,0.071,0.46,-0.36,0.012,0.006,,,,,,,,
54902,20180124,-93.29,41.56,,,,,,,,,0.386,-0.25,0.732,0.17,0.408,-0.18,0.018,0.083,0.461,-0.34,0.012,0.006,,,,,,,,
54902,20180125,-93.29,41.56,,,,,,,,,0.389,-0.16,0.575,0.17,0.411,-0.14,0.018,0.083,0.463,-0.32,0.012,0.006,,,,,,,,
54902,20180126,-93.29,41.56,,,,,,,,,0.392,-0.08,0.43,0.174,0.413,-0.1,0.018,0.083,0.465,-0.3,0.012,0.006,,,,,,,,
54902,20180127,-93.29,41.56,,,,,,,,,0.394,0,0.284,0.184,0.415,-0.07,0.018,0.083,0.466,-0.28,0.012,0.006,,,,,,,,
54902,20180128,-93.29,41.56,,,,,,,,,0.396,0.1,0.127,0.206,0.417,-0.03,0.012,0.083,0.469,-0.24,0,0.006,,,,,,,,
54902,20180129,-93.29,41.56,,,,,,,,,0.397,0.19,0,0.223,0.418,-0.03,0,0.054,0.47,-0.23,0,0,,,,,,,,
54902,20180130,-93.29,41.56,,,,,,,,,0.393,0.03,0,0.1,0.416,-0.06,0,0.012,0.47,-0.23,0,0,,,,,,,,
54902,20180131,-93.29,41.56,,,,,,,,,0.39,-0.08,0,0,0.415,-0.09,0,0,0.471,-0.22,0,0,,,,,,,,
54902,20180201,-93.29,41.56,,,,,,,,,0.388,-0.13,0,0,0.415,-0.1,0,0,0.471,-0.22,0,0,,,,,,,,
54902,20180202,-93.29,41.56,,,,,,,,,0.388,-0.16,0,0,0.415,-0.11,0,0,0.471,-0.22,0,0,,,,,,,,
54902,20180203,-93.29,41.56,,,,,,,,,0.387,-0.19,0,0,0.415,-0.12,0,0,0.471,-0.22,0,0,,,,,,,,
54902,20180204,-93.29,41.56,,,,,,,,,0.387,-0.22,0,0,0.415,-0.14,0,0,0.471,-0.23,0,0,,,,,,,,
54902,20180205,-93.29,41.56,,,,,,,,,0.387,-0.25,0,0,0.414,-0.16,0,0,0.471,-0.24,0,0,,,,,,,,
54902,20180206,-93.29,41.56,,,,,,,,,0.387,,,,0.414,-0.19,0.006,0,0.471,-0.25,0.006,0,,,,,,,,
54902,20180207,-93.29,41.56,,,,,,,,,0.387,,,,0.413,-0.22,0.024,0,0.47,-0.27,0.036,0,,,,,,,,
54902,20180208,-93.29,41.56,,,,,,,,,0.386,,,,0.413,-0.24,0.024,0,0.471,-0.29,0.065,0,,,,,,,,
54902,20180209,-93.29,41.56,,,,,,,,,0.386,,,,0.412,-0.27,0.042,0,0.471,-0.31,0.119,0,,,,,,,,
54902,20180210,-93.29,41.56,,,,,,,,,0.386,,,,0.411,-0.3,0.065,0,0.471,-0.34,0.232,0,,,,,,,,
54902,20180211,-93.29,41.56,,,,,,,,,0.386,,,,0.411,-0.33,0.101,0,0.47,-0.37,0.363,0,,,,,,,,
54902,20180212,-93.29,41.56,,,,,,,,,0.385,,,,0.41,-0.35,0.131,0,0.47,-0.41,0.494,0,,,,,,,,
54902,20180213,-93.29,41.56,,,,,,,,,0.385,,,,0.41,-0.36,0.155,0,0.47,-0.44,0.607,0,,,,,,,,
54902,20180214,-93.29,41.56,,,,,,,,,0.385,,,,0.409,-0.37,0.196,0,0.471,-0.47,0.708,0,,,,,,,,
54902,20180215,-93.29,41.56,,,,,,,,,0.386,,,,0.413,-0.27,0.196,0.107,0.47,-0.52,0.815,0,,,,,,,,
54902,20180216,-93.29,41.56,,,,,,,,,0.389,,,,0.415,-0.2,0.179,0.155,0.47,-0.56,0.905,0,,,,,,,,
54902,20180217,-93.29,41.56,,,,,,,,,0.392,,,,0.416,-0.17,0.155,0.155,0.47,-0.58,0.929,0,,,,,,,,
54902,20180218,-93.29,41.56,,,,,,,,,0.394,,,,0.417,-0.15,0.119,0.155,0.47,-0.6,0.935,0,,,,,,,,
54902,20180219,-93.29,41.56,,,,,,,,,0.396,,,,0.417,-0.13,0.089,0.155,0.471,-0.62,0.946,0,,,,,,,,
54902,20180220,-93.29,41.56,,,,,,,,,0.397,,,,0.418,-0.12,0.06,0.155,0.471,-0.64,0.97,0,,,,,,,,
54902,20180221,-93.29,41.56,,,,,,,,,0.399,,,,0.418,-0.1,0,0.155,0.471,-0.66,0.976,0,,,,,,,,
54902,20180222,-93.29,41.56,,,,,,,,,0.398,,,,0.415,-0.21,0,0.048,0.471,-0.66,0.976,0,,,,,,,,
54902,20180223,-93.29,41.56,,,,,,,,,0.395,,,,0.412,-0.28,0,0,0.471,-0.67,0.976,0,,,,,,,,
54902,20180224,-93.29,41.56,,,,,,,,,0.394,,,,0.412,-0.3,0,0,0.471,-0.68,0.982,0,,,,,,,,
54902,20180225,-93.29,41.56,,,,,,,,,0.393,,,,0.411,-0.32,0,0,0.471,-0.7,0.988,0,,,,,,,,
54902,20180226,-93.29,41.56,,,,,,,,,0.392,,,,0.411,-0.33,0,0,0.471,-0.71,0.97,0,,,,,,,,
54902,20180227,-93.29,41.56,,,,,,,,,0.391,,,,0.41,-0.34,0,0,0.47,-0.73,0.97,0,,,,,,,,
54902,20180228,-93.29,41.56,,,,,,,,,0.39,,,,0.41,-0.35,0,0,0.471,-0.73,0.97,0,,,,,,,,
54902,20180301,-93.29,41.56,,,,,,,,,0.39,,,,0.41,-0.36,0,0,0.471,-0.73,0.97,0,,,,,,,,
54902,20180302,-93.29,41.56,,,,,,,,,0.389,-0.4,0,0,0.41,-0.37,0,0,0.471,-0.73,0.958,0,,,,,,,,
54902,20180303,-93.29,41.56,,,,,,,,,0.389,-0.42,0.375,0,0.41,-0.38,0,0,0.471,-0.74,0.958,0,,,,,,,,
54902,20180304,-93.29,41.56,,,,,,,,,0.389,-0.45,0.462,0,0.41,-0.39,0,0,0.471,-0.73,0.952,0,,,,,,,,
54902,20180305,-93.29,41.56,,,,,,,,,0.389,-0.44,0.492,0,0.41,-0.4,0,0,0.471,-0.74,0.97,0,,,,,,,,
54902,20180306,-93.29,41.56,,,,,,,,,0.393,-0.17,0.402,0.195,0.412,-0.34,0.006,0.065,0.471,-0.73,0.97,0,,,,,,,,
54902,20180307,-93.29,41.56,,,,,,,,,0.398,0.04,0.315,0.369,0.416,-0.26,0.006,0.089,0.471,-0.74,0.976,0,,,,,,,,
54902,20180308,-93.29,41.56,,,,,,,,,0.401,0.1,0.259,0.385,0.418,-0.21,0.006,0.089,0.471,-0.74,0.982,0,,,,,,,,
54902,20180309,-93.29,41.56,,,,,,,,,0.404,0.11,0.223,0.331,0.42,-0.16,0.006,0.089,0.471,-0.74,0.994,0,,,,,,,,
54902,20180310,-93.29,41.56,,,,,,,,,0.406,0.14,0.174,0.311,0.422,-0.12,0.006,0.089,0.472,-0.72,0.988,0,,,,,,,,
54902,20180311,-93.29,41.56,,,,,0.38,,,,0.407,0.18,0.101,0.31,0.424,-0.08,0.006,0.089,0.472,-0.71,0.994,0,,,,,,,,
54902,20180312,-93.29,41.56,,,,,0.381,,,,0.407,0.15,0.101,0.31,0.426,-0.05,0.006,0.089,0.472,-0.7,0.994,0,,,,,,,,
54902,20180313,-93.29,41.56,,,,,0.378,,,,0.401,-0.05,0.22,0.208,0.426,-0.08,0,0.024,0.473,-0.68,0.982,0,,,,,,,,
54902,20180314,-93.29,41.56,,,,,0.374,,,,0.395,-0.28,0.363,0.065,0.425,-0.12,0,0,0.474,-0.65,0.982,0,,,,,,,,
54902,20180315,-93.29,41.56,,,,,0.371,,,,0.39,-0.46,0.506,0,0.425,-0.14,0,0,0.474,-0.63,0.982,0,,,,,,,,
54902,20180316,-93.29,41.56,,,,,0.368,,,,0.386,-0.61,0.649,0,0.425,-0.15,0,0,0.474,-0.62,0.976,0,,,,,,,,
54902,20180317,-93.29,41.56,0.347,,,,0.368,,,,0.384,-0.68,0.756,0.018,0.426,-0.12,0,0.03,0.475,-0.62,0.982,0,0.357,,,,0.399,,,
54902,20180318,-93.29,41.56,0.349,,,,0.368,,,,0.384,-0.68,0.762,0.018,0.429,-0.05,0,0.107,0.476,-0.58,0.94,0,0.359,,,,0.401,,,
54902,20180319,-93.29,41.56,0.349,,,,0.367,,,,0.385,-0.65,0.815,0.018,0.43,-0.01,0,0.107,0.477,-0.54,0.899,0,0.358,,,,0.402,,,
54902,20180320,-93.29,41.56,0.349,,,,0.365,,,,0.386,-0.62,0.815,0.018,0.431,0,0,0.107,0.477,-0.53,0.893,0,0.357,,,,0.402,,,
54902,20180321,-93.29,41.56,0.349,-0.11,0,0,0.365,-0.8,1,0,0.387,-0.61,0.815,0.018,0.431,0.01,0,0.107,0.478,-0.51,0.839,0,0.357,,,,0.402,,,
54902,20180322,-93.29,41.56,0.349,-0.21,0.308,0,0.364,-0.81,1,0,0.387,-0.59,0.815,0.018,0.432,0,0,0.107,0.479,-0.48,0.75,0,0.357,,,,0.402,,,
54902,20180323,-93.29,41.56,0.348,-0.25,0.515,0,0.365,-0.83,1,0,0.388,-0.57,0.815,0.018,0.432,-0.01,0,0.107,0.481,-0.44,0.679,0,0.357,-0.45,1,0,0.403,-0.57,1,0
54902,20180324,-93.29,41.56,0.346,-0.19,0.596,0.053,0.364,-0.79,0.966,0.023,0.388,-0.58,0.839,0.006,0.431,-0.04,0,0.083,0.482,-0.43,0.631,0,0.355,-0.35,0.857,0.048,0.402,-0.49,0.925,0.05
54902,20180325,-93.29,41.56,0.346,-0.04,0.42,0.099,0.365,-0.59,0.757,0.072,0.389,-0.55,0.833,0.03,0.432,-0.01,0,0.131,0.482,-0.41,0.571,0,0.356,-0.13,0.545,0.091,0.403,-0.23,0.578,0.109
54902,20180326,-93.29,41.56,0.348,0.02,0.324,0.095,0.368,-0.48,0.622,0.081,0.392,-0.48,0.702,0.042,0.434,0.05,0,0.232,0.483,-0.4,0.53,0,0.358,-0.06,0.4,0.078,0.405,-0.13,0.42,0.102
54902,20180327,-93.29,41.56,0.35,0.08,0.264,0.116,0.371,-0.38,0.528,0.113,0.395,-0.38,0.56,0.048,0.437,0.13,0,0.351,0.484,-0.38,0.44,0,0.36,0.01,0.316,0.088,0.407,-0.06,0.33,0.098
54902,20180328,-93.29,41.56,0.351,0.09,0.227,0.1,0.373,-0.32,0.411,0.107,0.398,-0.31,0.417,0.048,0.438,0.17,0,0.381,0.484,-0.38,0.435,0,0.362,0.01,0.261,0.072,0.409,-0.06,0.272,0.081
54902,20180329,-93.29,41.56,0.352,0.09,0.183,0.091,0.375,-0.24,0.315,0.107,0.399,-0.27,0.393,0.048,0.44,0.22,0,0.381,0.485,-0.38,0.44,0,0.363,0,0.222,0.062,0.41,-0.08,0.231,0.069
54902,20180330,-93.29,41.56,0.353,0.12,0.101,0.089,0.376,-0.18,0.31,0.107,0.401,-0.24,0.393,0.048,0.441,0.26,0,0.381,0.485,-0.39,0.476,0,0.365,0.02,0.107,0.06,0.411,-0.06,0.125,0.065
54902,20180331,-93.29,41.56,0.353,0.12,0,0.071,0.377,-0.15,0.327,0.095,0.401,-0.24,0.405,0.042,0.442,0.29,0,0.375,0.486,-0.39,0.458,0,0.365,0.03,0,0.048,0.412,-0.05,0.006,0.054
54902,20180401,-93.29,41.56,0.35,0.05,0,0.042,0.374,-0.25,0.47,0.06,0.398,-0.35,0.548,0.018,0.439,0.19,0,0.25,0.486,-0.41,0.512,0,0.362,-0.04,0.006,0.024,0.409,-0.14,0.107,0.024
54902,20180402,-93.29,41.56,0.346,-0.02,0.03,0.03,0.371,-0.35,0.613,0.042,0.395,-0.47,0.69,0.006,0.437,0.11,0,0.149,0.486,-0.42,0.577,0,0.359,-0.11,0.125,0.018,0.407,-0.22,0.25,0.012
54902,20180403,-93.29,41.56,0.342,-0.11,0.095,0,0.368,-0.47,0.756,0,0.392,-0.6,0.833,0,0.435,0.01,0,0.03,0.486,-0.45,0.661,0,0.355,-0.21,0.268,0,0.404,-0.32,0.393,0
54902,20180404,-93.29,41.56,0.34,-0.16,0.107,0,0.365,-0.54,0.899,0,0.389,-0.71,0.976,0,0.433,-0.05,0,0,0.486,-0.46,0.679,0,0.352,-0.26,0.411,0,0.403,-0.39,0.536,0
54902,20180405,-93.29,41.56,0.337,-0.2,0.202,0,0.363,-0.6,0.994,0,0.387,-0.79,1,0,0.432,-0.11,0,0,0.486,-0.49,0.756,0,0.35,-0.3,0.554,0,0.401,-0.44,0.679,0
54902,20180406,-93.29,41.56,0.336,-0.22,0.22,0,0.361,-0.64,1,0,0.386,-0.85,1,0,0.431,-0.16,0.006,0,0.486,-0.52,0.786,0,0.349,-0.33,0.696,0,0.4,-0.47,0.821,0
54902,20180407,-93.29,41.56,0.334,-0.25,0.304,0,0.36,-0.66,1,0,0.385,-0.91,1,0,0.43,-0.2,0.012,0,0.486,-0.54,0.845,0,0.347,-0.36,0.839,0,0.399,-0.5,0.958,0
54902,20180408,-93.29,41.56,0.333,-0.26,0.321,0,0.359,-0.68,1,0,0.383,-0.96,1,0,0.43,-0.24,0.036,0,0.486,-0.57,0.893,0,0.346,-0.37,0.976,0,0.398,-0.53,1,0
54902,20180409,-93.29,41.56,0.332,-0.26,0.292,0,0.358,-0.68,1,0,0.383,-0.99,1,0,0.429,-0.28,0.065,0,0.486,-0.59,0.911,0,0.345,-0.38,0.994,0,0.398,-0.54,1,0
54902,20180410,-93.29,41.56,0.331,-0.25,0.226,0,0.357,-0.68,1,0,0.382,-1.01,1,0,0.429,-0.31,0.101,0,0.486,-0.63,0.935,0,0.344,-0.37,0.899,0,0.397,-0.55,1,0
54902,20180411,-93.29,41.56,0.331,-0.24,0.214,0,0.356,-0.67,1,0,0.381,-1.01,1,0,0.428,-0.34,0.119,0,0.486,-0.66,0.976,0,0.344,-0.36,0.756,0,0.396,-0.55,1,0
54902,20180412,-93.29,41.56,0.331,-0.21,0.119,0,0.356,-0.65,1,0,0.381,-0.99,1,0,0.427,-0.36,0.149,0,0.486,-0.69,0.982,0,0.344,-0.33,0.613,0,0.396,-0.54,0.994,0
54902,20180413,-93.29,41.56,0.331,-0.17,0.101,0,0.356,-0.62,1,0,0.381,-0.95,1,0,0.427,-0.37,0.155,0,0.486,-0.73,0.994,0,0.343,-0.3,0.47,0,0.396,-0.52,0.923,0
54902,20180414,-93.29,41.56,0.332,-0.13,0.018,0.006,0.357,-0.57,0.952,0,0.382,-0.9,1,0,0.427,-0.37,0.149,0,0.486,-0.77,1,0,0.344,-0.26,0.327,0,0.397,-0.48,0.78,0
54902,20180415,-93.29,41.56,0.339,0.04,0,0.149,0.363,-0.39,0.81,0.131,0.388,-0.68,0.857,0.125,0.431,-0.26,0.125,0.113,0.486,-0.8,1,0,0.351,-0.09,0.185,0.137,0.401,-0.3,0.637,0.137
54902,20180416,-93.29,41.56,0.344,0.15,0,0.292,0.367,-0.25,0.667,0.226,0.392,-0.51,0.714,0.131,0.434,-0.16,0.095,0.214,0.487,-0.81,1,0,0.355,0.04,0.048,0.28,0.405,-0.16,0.494,0.22
54902,20180417,-93.29,41.56,0.35,0.26,0,0.435,0.372,-0.1,0.524,0.321,0.396,-0.35,0.571,0.161,0.437,-0.05,0.06,0.31,0.488,-0.79,0.976,0,0.361,0.17,0,0.417,0.409,-0.01,0.351,0.327
54902,20180418,-93.29,41.56,0.354,0.35,0,0.577,0.375,0.03,0.381,0.327,0.4,-0.22,0.429,0.161,0.44,0.04,0.042,0.363,0.489,-0.78,0.97,0,0.365,0.27,0,0.548,0.412,0.11,0.208,0.369
54902,20180419,-93.29,41.56,0.357,0.41,0,0.708,0.379,0.14,0.238,0.327,0.402,-0.12,0.286,0.161,0.442,0.11,0.012,0.375,0.489,-0.79,0.97,0,0.368,0.36,0,0.625,0.414,0.21,0.071,0.369
54902,20180420,-93.29,41.56,0.361,0.47,0,0.792,0.381,0.23,0.095,0.327,0.404,-0.06,0.161,0.161,0.444,0.15,0,0.375,0.49,-0.79,0.97,0,0.371,0.43,0,0.631,0.416,0.29,0,0.369
54902,20180421,-93.29,41.56,0.363,0.51,0,0.792,0.383,0.29,0,0.327,0.405,-0.02,0.083,0.161,0.445,0.2,0,0.375,0.49,-0.8,0.97,0,0.373,0.48,0,0.631,0.417,0.35,0,0.369
54902,20180422,-93.29,41.56,0.358,0.42,0,0.649,0.38,0.22,0,0.196,0.401,-0.14,0.179,0.036,0.444,0.13,0,0.262,0.491,-0.81,0.97,0,0.369,0.4,0,0.494,0.415,0.27,0,0.232
54902,20180423,-93.29,41.56,0.355,0.38,0,0.506,0.378,0.19,0,0.101,0.399,-0.22,0.298,0.03,0.442,0.08,0,0.161,0.491,-0.84,0.97,0,0.366,0.36,0,0.351,0.413,0.22,0,0.149
54902,20180424,-93.29,41.56,0.351,0.32,0,0.363,0.375,0.14,0,0.006,0.397,-0.3,0.429,0,0.441,0.03,0,0.065,0.491,-0.87,0.994,0,0.363,0.3,0,0.214,0.411,0.16,0,0.042
54902,20180425,-93.29,41.56,0.347,0.26,0,0.22,0.372,0.11,0,0,0.395,-0.35,0.53,0,0.439,-0.02,0,0.012,0.491,-0.89,1,0,0.36,0.25,0,0.083,0.409,0.11,0,0
54902,20180426,-93.29,41.56,0.342,0.2,0,0.089,0.37,0.07,0,0,0.394,-0.38,0.607,0,0.439,-0.03,0,0,0.492,-0.89,1,0,0.356,0.19,0,0.006,0.407,0.06,0,0
54902,20180427,-93.29,41.56,0.336,0.12,0,0.006,0.367,0.03,0,0,0.393,-0.4,0.714,0,0.439,-0.04,0,0,0.492,-0.89,1,0,0.352,0.12,0,0,0.406,0.01,0,0
54902,20180428,-93.29,41.56,0.33,0.04,0,0,0.363,-0.03,0,0,0.393,-0.41,0.792,0,0.439,-0.04,0,0.006,0.493,-0.89,1,0,0.346,0.04,0,0,0.403,-0.05,0.048,0
54902,20180429,-93.29,41.56,0.322,-0.06,0,0,0.358,-0.1,0.042,0,0.392,-0.42,0.839,0,0.439,-0.05,0,0.006,0.494,-0.87,1,0,0.34,-0.05,0.048,0,0.401,-0.13,0.19,0
54902,20180430,-93.29,41.56,0.313,-0.16,0.137,0,0.353,-0.18,0.185,0,0.39,-0.44,0.863,0,0.439,-0.06,0,0.006,0.494,-0.85,0.994,0,0.333,-0.15,0.19,0,0.398,-0.21,0.333,0
54902,20180501,-93.29,41.56,0.304,-0.27,0.28,0,0.346,-0.29,0.327,0,0.389,-0.47,0.875,0,0.439,-0.08,0.012,0.006,0.494,-0.86,0.994,0,0.325,-0.26,0.333,0,0.394,-0.32,0.476,0
54902,20180502,-93.29,41.56,0.296,-0.36,0.423,0,0.34,-0.39,0.47,0,0.387,-0.49,0.917,0,0.439,-0.08,0.012,0.006,0.494,-0.87,0.994,0,0.318,-0.36,0.476,0,0.391,-0.41,0.619,0
54902,20180503,-93.29,41.56,0.289,-0.42,0.524,0,0.334,-0.48,0.613,0,0.386,-0.5,0.976,0,0.438,-0.09,0.012,0.006,0.495,-0.89,0.982,0,0.312,-0.44,0.583,0,0.389,-0.48,0.762,0
54902,20180504,-93.29,41.56,0.294,-0.35,0.524,0.071,0.335,-0.45,0.685,0.06,0.388,-0.43,0.929,0.054,0.44,-0.03,0.012,0.065,0.495,-0.86,0.952,0,0.314,-0.38,0.583,0.071,0.39,-0.4,0.786,0.065
54902,20180505,-93.29,41.56,0.303,-0.21,0.524,0.214,0.341,-0.31,0.685,0.202,0.392,-0.29,0.786,0.149,0.442,0.04,0.012,0.202,0.496,-0.78,0.851,0,0.322,-0.23,0.583,0.214,0.395,-0.24,0.738,0.208
54902,20180506,-93.29,41.56,0.311,-0.09,0.524,0.357,0.347,-0.18,0.643,0.345,0.395,-0.19,0.643,0.149,0.443,0.1,0.012,0.333,0.497,-0.7,0.768,0,0.329,-0.1,0.536,0.357,0.399,-0.1,0.595,0.351
54902,20180507,-93.29,41.56,0.318,0.01,0.387,0.381,0.352,-0.06,0.5,0.435,0.397,-0.1,0.5,0.149,0.445,0.16,0.012,0.423,0.498,-0.64,0.702,0,0.335,0.02,0.393,0.423,0.402,0.04,0.452,0.458
54902,20180508,-93.29,41.56,0.323,0.09,0.244,0.381,0.357,0.06,0.357,0.435,0.399,-0.02,0.357,0.149,0.446,0.21,0,0.482,0.499,-0.56,0.649,0,0.34,0.12,0.25,0.423,0.405,0.15,0.31,0.458
54902,20180509,-93.29,41.56,0.326,0.15,0.101,0.381,0.36,0.15,0.214,0.435,0.401,0.03,0.214,0.149,0.447,0.26,0,0.5,0.5,-0.46,0.565,0,0.343,0.19,0.107,0.423,0.407,0.23,0.167,0.458
54902,20180510,-93.29,41.56,0.327,0.17,0,0.388,0.363,0.21,0.073,0.442,0.402,0.06,0.079,0.152,0.448,0.29,0,0.521,0.501,-0.39,0.552,0,0.345,0.22,0,0.43,0.408,0.29,0.024,0.467
54902,20180511,-93.29,41.56,0.314,0.04,0.097,0.315,0.357,0.14,0.061,0.382,0.399,0,0.061,0.097,0.447,0.27,0,0.461,0.502,-0.35,0.539,0,0.336,0.1,0.133,0.358,0.404,0.18,0.073,0.4
54902,20180512,-93.29,41.56,0.302,-0.1,0.206,0.2,0.349,0,0.085,0.261,0.396,-0.11,0.121,0.018,0.446,0.23,0,0.315,0.502,-0.35,0.582,0,0.325,-0.05,0.248,0.236,0.399,0.03,0.158,0.279
54902,20180513,-93.29,41.56,0.307,-0.07,0.206,0.2,0.35,0.02,0.085,0.261,0.397,-0.08,0.121,0.061,0.446,0.2,0,0.194,0.502,-0.35,0.576,0,0.328,-0.02,0.248,0.236,0.4,0.05,0.158,0.279
54902,20180514,-93.29,41.56,0.315,0,0.206,0.321,0.355,0.1,0.085,0.315,0.401,0,0.121,0.17,0.448,0.28,0,0.212,0.503,-0.31,0.515,0,0.335,0.05,0.248,0.315,0.404,0.13,0.158,0.315
54902,20180515,-93.29,41.56,0.324,0.08,0.206,0.455,0.361,0.18,0.085,0.461,0.403,0.06,0.121,0.188,0.45,0.34,0,0.297,0.504,-0.26,0.424,0,0.342,0.14,0.248,0.461,0.408,0.22,0.158,0.461
54902,20180516,-93.29,41.56,0.334,0.17,0.206,0.461,0.367,0.29,0.085,0.606,0.406,0.12,0.121,0.188,0.451,0.38,0,0.424,0.505,-0.23,0.364,0,0.351,0.24,0.248,0.582,0.413,0.31,0.158,0.594
54902,20180517,-93.29,41.56,0.342,0.24,0.202,0.452,0.373,0.38,0.083,0.679,0.408,0.18,0.119,0.185,0.452,0.42,0,0.548,0.506,-0.18,0.25,0,0.358,0.33,0.244,0.571,0.416,0.39,0.155,0.589
54902,20180518,-93.29,41.56,0.35,0.31,0.107,0.452,0.379,0.48,0.024,0.679,0.411,0.24,0.06,0.185,0.453,0.46,0,0.69,0.506,-0.13,0.149,0,0.365,0.42,0.113,0.571,0.42,0.48,0.083,0.589
54902,20180519,-93.29,41.56,0.351,0.32,0,0.423,0.382,0.52,0,0.655,0.412,0.27,0,0.167,0.454,0.49,0,0.833,0.507,-0.08,0.065,0,0.367,0.45,0,0.548,0.421,0.51,0,0.565
54902,20180520,-93.29,41.56,0.336,0.18,0,0.28,0.376,0.43,0,0.512,0.409,0.21,0,0.125,0.455,0.53,0,0.964,0.508,-0.05,0.012,0,0.356,0.32,0,0.405,0.417,0.39,0,0.423
54902,20180521,-93.29,41.56,0.319,0.02,0.018,0.137,0.368,0.32,0,0.369,0.405,0.11,0,0.018,0.454,0.48,0,1,0.508,-0.06,0,0,0.343,0.17,0,0.262,0.411,0.25,0,0.28
54902,20180522,-93.29,41.56,0.303,-0.11,0.107,0.006,0.36,0.22,0,0.226,0.402,0.05,0,0,0.453,0.45,0,1,0.508,-0.08,0,0,0.332,0.05,0,0.119,0.405,0.13,0,0.137
54902,20180523,-93.29,41.56,0.29,-0.23,0.238,0,0.354,0.14,0,0.083,0.399,0,0,0,0.453,0.45,0,1,0.508,-0.08,0,0,0.322,-0.06,0,0,0.401,0.04,0,0.006
54902,20180524,-93.29,41.56,0.278,-0.33,0.381,0,0.347,0.06,0,0,0.396,-0.05,0,0,0.453,0.44,0,1,0.508,-0.08,0,0,0.313,-0.15,0.006,0,0.396,-0.04,0,0
54902,20180525,-93.29,41.56,0.268,-0.41,0.524,0,0.341,0,0,0,0.393,-0.09,0,0,0.452,0.44,0,1,0.509,-0.08,0,0,0.304,-0.23,0.131,0,0.393,-0.1,0,0
54902,20180526,-93.29,41.56,0.259,-0.48,0.667,0,0.336,-0.06,0,0,0.39,-0.13,0,0,0.452,0.42,0,0.893,0.508,-0.11,0.024,0,0.298,-0.3,0.274,0,0.389,-0.16,0.048,0
54902,20180527,-93.29,41.56,0.251,-0.54,0.81,0,0.33,-0.13,0.089,0,0.386,-0.19,0.095,0,0.451,0.39,0,0.75,0.508,-0.14,0.101,0,0.29,-0.36,0.417,0,0.385,-0.22,0.19,0
54902,20180528,-93.29,41.56,0.242,-0.6,0.935,0,0.322,-0.21,0.232,0,0.38,-0.27,0.238,0,0.449,0.35,0,0.607,0.508,-0.17,0.226,0,0.282,-0.43,0.56,0,0.38,-0.3,0.333,0
54902,20180529,-93.29,41.56,0.24,-0.61,0.899,0,0.314,-0.3,0.375,0,0.373,-0.38,0.381,0,0.448,0.32,0,0.464,0.507,-0.21,0.363,0,0.277,-0.48,0.679,0,0.376,-0.36,0.446,0
54902,20180530,-93.29,41.56,0.238,-0.6,0.827,0,0.305,-0.4,0.518,0,0.365,-0.49,0.524,0,0.447,0.27,0,0.321,0.507,-0.25,0.5,0,0.272,-0.52,0.821,0,0.372,-0.41,0.589,0
54902,20180531,-93.29,41.56,0.235,-0.61,0.827,0,0.297,-0.47,0.661,0,0.358,-0.59,0.667,0,0.445,0.23,0,0.179,0.506,-0.29,0.607,0,0.266,-0.56,0.958,0,0.368,-0.47,0.732,0
54902,20180601,-93.29,41.56,0.231,-0.63,0.827,0,0.291,-0.54,0.804,0,0.349,-0.7,0.81,0,0.443,0.18,0,0.036,0.505,-0.36,0.738,0,0.261,-0.59,0.976,0,0.364,-0.53,0.875,0
54902,20180602,-93.29,41.56,0.227,-0.65,0.827,0,0.284,-0.6,0.946,0,0.34,-0.82,0.952,0,0.441,0.13,0,0,0.503,-0.46,0.857,0,0.255,-0.63,0.976,0,0.359,-0.6,0.97,0
54902,20180603,-93.29,41.56,0.246,-0.47,0.685,0.071,0.292,-0.5,0.857,0.006,0.332,-0.91,1,0,0.439,0.09,0,0,0.502,-0.55,0.923,0,0.269,-0.48,0.833,0.048,0.362,-0.54,0.827,0
54902,20180604,-93.29,41.56,0.262,-0.33,0.542,0.071,0.3,-0.41,0.714,0.006,0.326,-0.97,1,0,0.437,0.04,0,0,0.5,-0.63,0.94,0,0.281,-0.36,0.69,0.048,0.365,-0.48,0.685,0
54902,20180605,-93.29,41.56,0.267,-0.28,0.488,0.071,0.306,-0.33,0.571,0.006,0.32,-1.01,1,0,0.435,-0.02,0,0,0.498,-0.69,0.946,0,0.286,-0.3,0.571,0.048,0.365,-0.47,0.667,0
54902,20180606,-93.29,41.56,0.267,-0.28,0.446,0.071,0.31,-0.27,0.429,0.006,0.315,-1.04,1,0,0.432,-0.08,0,0,0.496,-0.76,0.952,0,0.289,-0.27,0.429,0.048,0.364,-0.47,0.667,0
54902,20180607,-93.29,41.56,0.267,-0.26,0.446,0.071,0.314,-0.22,0.286,0.006,0.311,-1.06,1,0,0.429,-0.15,0.048,0,0.494,-0.83,0.988,0,0.291,-0.24,0.351,0.048,0.363,-0.47,0.667,0
54902,20180608,-93.29,41.56,0.27,-0.24,0.446,0.071,0.317,-0.17,0.143,0.006,0.307,-1.05,1,0,0.426,-0.21,0.06,0,0.492,-0.87,1,0,0.293,-0.2,0.351,0.048,0.362,-0.46,0.667,0
54902,20180609,-93.29,41.56,0.273,-0.2,0.446,0.071,0.32,-0.12,0,0.006,0.306,-1.02,1,0,0.423,-0.25,0.077,0,0.491,-0.86,1,0,0.297,-0.16,0.351,0.048,0.363,-0.43,0.667,0
54902,20180610,-93.29,41.56,0.253,-0.36,0.589,0,0.31,-0.21,0,0,0.304,-1,1,0,0.42,-0.29,0.101,0,0.49,-0.84,1,0,0.281,-0.3,0.494,0,0.356,-0.51,0.81,0
54902,20180611,-93.29,41.56,0.238,-0.48,0.732,0,0.302,-0.28,0.042,0,0.303,-0.97,1,0,0.419,-0.32,0.101,0,0.49,-0.81,1,0,0.27,-0.4,0.637,0,0.35,-0.57,0.952,0
54902,20180612,-93.29,41.56,0.234,-0.51,0.827,0.024,0.296,-0.32,0.113,0,0.303,-0.94,1,0,0.417,-0.34,0.101,0,0.489,-0.79,1,0,0.265,-0.43,0.732,0,0.348,-0.59,0.958,0
54902,20180613,-93.29,41.56,0.246,-0.42,0.81,0.024,0.294,-0.34,0.113,0,0.303,-0.91,1,0,0.415,-0.35,0.101,0,0.489,-0.76,1,0,0.27,-0.39,0.732,0,0.349,-0.55,0.815,0
54902,20180614,-93.29,41.56,0.257,-0.33,0.667,0.03,0.293,-0.35,0.113,0,0.303,-0.88,0.994,0,0.414,-0.35,0.054,0,0.489,-0.74,1,0,0.275,-0.34,0.667,0.006,0.351,-0.52,0.696,0
54902,20180615,-93.29,41.56,0.279,-0.16,0.524,0.173,0.309,-0.21,0.113,0.143,0.322,-0.67,0.851,0.107,0.42,-0.23,0.042,0.125,0.49,-0.66,0.881,0,0.294,-0.18,0.524,0.149,0.364,-0.35,0.554,0.143
54902,20180616,-93.29,41.56,0.298,-0.01,0.381,0.232,0.323,-0.08,0.113,0.286,0.338,-0.5,0.708,0.107,0.426,-0.13,0.024,0.262,0.492,-0.56,0.738,0,0.31,-0.04,0.381,0.292,0.375,-0.2,0.411,0.173
54902,20180617,-93.29,41.56,0.314,0.12,0.238,0.232,0.335,0.02,0.113,0.327,0.352,-0.35,0.565,0.107,0.431,-0.02,0,0.315,0.494,-0.48,0.595,0,0.324,0.09,0.238,0.298,0.385,-0.07,0.268,0.173
54902,20180618,-93.29,41.56,0.327,0.23,0.095,0.232,0.345,0.11,0.071,0.327,0.366,-0.2,0.423,0.107,0.437,0.07,0,0.321,0.496,-0.41,0.452,0,0.336,0.19,0.095,0.298,0.394,0.05,0.125,0.173
54902,20180619,-93.29,41.56,0.332,0.27,0,0.208,0.354,0.19,0,0.327,0.38,-0.07,0.28,0.107,0.442,0.17,0,0.321,0.497,-0.35,0.31,0,0.343,0.25,0,0.298,0.401,0.14,0.024,0.173
54902,20180620,-93.29,41.56,0.323,0.21,0,0.208,0.361,0.25,0,0.327,0.392,0.06,0.137,0.107,0.447,0.25,0,0.321,0.499,-0.29,0.167,0,0.342,0.24,0,0.298,0.404,0.19,0.024,0.173
54902,20180621,-93.29,41.56,0.329,0.27,0,0.31,0.375,0.37,0,0.435,0.411,0.24,0,0.214,0.455,0.39,0,0.429,0.501,-0.21,0.024,0,0.352,0.34,0,0.399,0.414,0.32,0,0.28
54902,20180622,-93.29,41.56,0.329,0.27,0,0.31,0.375,0.36,0,0.435,0.41,0.23,0,0.185,0.457,0.39,0,0.446,0.502,-0.17,0,0,0.352,0.33,0,0.399,0.414,0.32,0,0.28
54902,20180623,-93.29,41.56,0.331,0.29,0,0.393,0.376,0.36,0,0.435,0.411,0.25,0,0.185,0.458,0.4,0,0.452,0.503,-0.14,0,0,0.353,0.34,0,0.399,0.416,0.34,0,0.393
54902,20180624,-93.29,41.56,0.335,0.32,0,0.482,0.378,0.37,0,0.476,0.413,0.26,0,0.185,0.46,0.41,0,0.53,0.505,-0.1,0,0,0.356,0.36,0,0.53,0.418,0.37,0,0.429
54902,20180625,-93.29,41.56,0.34,0.37,0,0.482,0.381,0.4,0,0.476,0.414,0.29,0,0.185,0.461,0.42,0,0.601,0.506,-0.05,0,0,0.361,0.39,0,0.53,0.421,0.4,0,0.429
54902,20180626,-93.29,41.56,0.355,0.48,0,0.571,0.39,0.47,0,0.565,0.421,0.35,0,0.268,0.465,0.46,0,0.702,0.508,0,0,0,0.373,0.49,0,0.619,0.428,0.48,0,0.518
54902,20180627,-93.29,41.56,0.37,0.59,0,0.714,0.401,0.56,0,0.708,0.427,0.41,0,0.393,0.469,0.51,0,0.845,0.511,0.07,0,0,0.386,0.59,0,0.762,0.436,0.57,0,0.661
54902,20180628,-93.29,41.56,0.372,0.6,0,0.75,0.402,0.57,0,0.744,0.426,0.4,0,0.31,0.469,0.5,0,0.881,0.512,0.12,0,0,0.387,0.6,0,0.798,0.436,0.58,0,0.696
54902,20180629,-93.29,41.56,0.37,0.58,0,0.702,0.402,0.56,0,0.744,0.425,0.4,0,0.238,0.469,0.5,0,0.881,0.513,0.14,0,0,0.386,0.58,0,0.798,0.436,0.58,0,0.696
54902,20180630,-93.29,41.56,0.367,0.56,0,0.56,0.4,0.55,0,0.714,0.425,0.4,0,0.238,0.469,0.5,0,0.881,0.514,0.16,0,0,0.384,0.56,0,0.696,0.435,0.57,0,0.625
54902,20180701,-93.29,41.56,0.368,0.57,0,0.524,0.403,0.58,0,0.708,0.429,0.44,0,0.292,0.472,0.54,0,0.893,0.515,0.19,0,0.042,0.386,0.58,0,0.613,0.437,0.6,0,0.643
54902,20180702,-93.29,41.56,0.374,0.62,0,0.667,0.408,0.64,0,0.851,0.432,0.47,0,0.435,0.475,0.58,0,0.958,0.516,0.22,0,0.048,0.391,0.62,0,0.756,0.441,0.65,0,0.786
54902,20180703,-93.29,41.56,0.371,0.6,0,0.719,0.407,0.64,0,0.904,0.431,0.47,0,0.491,0.474,0.58,0,1,0.517,0.24,0,0.048,0.389,0.61,0,0.808,0.44,0.65,0,0.838
54902,20180704,-93.29,41.56,0.366,0.57,0,0.647,0.403,0.62,0,0.904,0.429,0.46,0,0.509,0.473,0.58,0,1,0.517,0.25,0,0.048,0.385,0.58,0,0.808,0.438,0.64,0,0.838
54902,20180705,-93.29,41.56,0.361,0.55,0,0.503,0.4,0.6,0,0.904,0.428,0.46,0,0.593,0.473,0.6,0,1,0.518,0.26,0,0.048,0.38,0.56,0,0.701,0.436,0.63,0,0.832
54902,20180706,-93.29,41.56,0.354,0.5,0,0.407,0.395,0.58,0,0.802,0.427,0.47,0,0.605,0.473,0.61,0,1,0.518,0.27,0,0.048,0.375,0.52,0,0.557,0.433,0.62,0,0.707
54902,20180707,-93.29,41.56,0.346,0.46,0,0.407,0.39,0.56,0,0.689,0.425,0.47,0,0.605,0.473,0.63,0,1,0.519,0.28,0,0.048,0.368,0.49,0,0.515,0.431,0.61,0,0.635
54902,20180708,-93.29,41.56,0.333,0.37,0,0.353,0.381,0.5,0,0.611,0.419,0.44,0,0.551,0.469,0.62,0,1,0.519,0.29,0,0.006,0.357,0.41,0,0.461,0.424,0.56,0,0.581
54902,20180709,-93.29,41.56,0.316,0.24,0,0.21,0.368,0.4,0,0.467,0.412,0.4,0,0.407,0.466,0.6,0,1,0.518,0.28,0,0,0.342,0.3,0,0.317,0.416,0.49,0,0.437
54902,20180710,-93.29,41.56,0.299,0.12,0,0.071,0.356,0.31,0,0.327,0.404,0.37,0,0.268,0.464,0.6,0,1,0.518,0.28,0,0,0.328,0.19,0,0.179,0.408,0.43,0,0.298
54902,20180711,-93.29,41.56,0.283,0.01,0,0,0.344,0.23,0,0.185,0.397,0.32,0,0.125,0.462,0.6,0,1,0.517,0.28,0,0,0.314,0.09,0,0.036,0.401,0.36,0,0.155
54902,20180712,-93.29,41.56,0.268,-0.09,0.024,0,0.332,0.14,0,0.042,0.388,0.27,0,0.018,0.459,0.6,0,1,0.516,0.25,0,0,0.3,0,0,0,0.393,0.29,0,0.018
54902,20180713,-93.29,41.56,0.256,-0.18,0.155,0,0.321,0.06,0,0,0.378,0.21,0,0,0.456,0.59,0,1,0.513,0.23,0,0,0.288,-0.08,0,0,0.385,0.22,0,0
54902,20180714,-93.29,41.56,0.245,-0.25,0.298,0,0.311,-0.01,0,0,0.367,0.14,0,0,0.452,0.57,0,0.982,0.511,0.21,0,0,0.278,-0.15,0,0,0.377,0.16,0,0
54902,20180715,-93.29,41.56,0.236,-0.3,0.44,0,0.301,-0.07,0,0,0.357,0.08,0,0,0.449,0.56,0,0.976,0.509,0.18,0,0,0.269,-0.2,0,0,0.37,0.1,0,0
54902,20180716,-93.29,41.56,0.229,-0.34,0.518,0,0.294,-0.12,0,0,0.347,0.02,0,0,0.445,0.55,0,0.964,0.507,0.17,0,0,0.261,-0.24,0,0,0.365,0.06,0,0
54902,20180717,-93.29,41.56,0.224,-0.35,0.625,0,0.287,-0.15,0,0,0.338,-0.03,0,0,0.441,0.53,0,0.851,0.506,0.15,0,0,0.256,-0.26,0,0,0.359,0.02,0,0
54902,20180718,-93.29,41.56,0.22,-0.36,0.673,0,0.281,-0.18,0,0,0.329,-0.08,0,0,0.437,0.51,0,0.714,0.503,0.13,0,0,0.25,-0.28,0,0,0.354,-0.01,0,0
54902,20180719,-93.29,41.56,0.216,-0.37,0.708,0,0.276,-0.21,0,0,0.32,-0.12,0,0,0.432,0.49,0,0.571,0.501,0.12,0,0,0.246,-0.3,0,0,0.349,-0.04,0,0
54902,20180720,-93.29,41.56,0.213,-0.36,0.577,0,0.271,-0.22,0,0,0.313,-0.16,0,0,0.427,0.47,0,0.429,0.499,0.11,0,0,0.242,-0.3,0,0,0.345,-0.06,0,0
54902,20180721,-93.29,41.56,0.212,-0.34,0.435,0,0.268,-0.22,0,0,0.307,-0.18,0,0,0.423,0.45,0,0.304,0.497,0.1,0,0,0.24,-0.3,0,0,0.341,-0.07,0,0
54902,20180722,-93.29,41.56,0.21,-0.33,0.315,0,0.265,-0.23,0,0,0.301,-0.21,0,0,0.419,0.44,0,0.167,0.496,0.1,0,0,0.237,-0.3,0,0,0.338,-0.08,0,0
54902,20180723,-93.29,41.56,0.208,-0.33,0.327,0,0.262,-0.23,0,0,0.294,-0.24,0.006,0,0.414,0.42,0,0.036,0.494,0.09,0,0,0.235,-0.3,0,0,0.334,-0.1,0,0
54902,20180724,-93.29,41.56,0.206,-0.32,0.363,0,0.259,-0.24,0,0,0.288,-0.27,0.125,0,0.409,0.4,0,0.006,0.492,0.08,0,0,0.232,-0.3,0,0,0.331,-0.12,0,0
54902,20180725,-93.29,41.56,0.204,-0.32,0.458,0,0.256,-0.26,0.012,0,0.282,-0.29,0.268,0,0.403,0.37,0,0,0.49,0.08,0,0,0.23,-0.31,0.089,0,0.327,-0.14,0,0
54902,20180726,-93.29,41.56,0.203,-0.33,0.542,0,0.254,-0.27,0.095,0,0.277,-0.32,0.411,0,0.398,0.35,0,0,0.488,0.08,0,0,0.228,-0.31,0.232,0,0.324,-0.15,0,0
54902,20180727,-93.29,41.56,0.2,-0.34,0.685,0,0.251,-0.28,0.232,0,0.272,-0.34,0.554,0,0.393,0.33,0,0,0.487,0.08,0,0,0.226,-0.33,0.375,0,0.321,-0.17,0,0
54902,20180728,-93.29,41.56,0.198,-0.35,0.827,0,0.249,-0.3,0.375,0,0.267,-0.37,0.696,0,0.388,0.3,0,0,0.485,0.08,0,0,0.223,-0.35,0.518,0,0.317,-0.19,0.018,0
54902,20180729,-93.29,41.56,0.195,-0.37,0.946,0,0.246,-0.32,0.518,0,0.263,-0.4,0.839,0,0.383,0.27,0,0,0.484,0.07,0,0,0.221,-0.36,0.661,0,0.314,-0.21,0.048,0
54902,20180730,-93.29,41.56,0.193,-0.38,1,0,0.244,-0.34,0.661,0,0.259,-0.43,0.976,0,0.378,0.24,0,0,0.482,0.07,0,0,0.218,-0.38,0.804,0,0.311,-0.23,0.083,0
54902,20180731,-93.29,41.56,0.191,-0.39,1,0,0.241,-0.35,0.804,0,0.255,-0.45,1,0,0.373,0.22,0,0,0.481,0.07,0,0,0.216,-0.39,0.946,0,0.308,-0.24,0.101,0
54902,20180801,-93.29,41.56,0.188,-0.41,1,0,0.24,-0.36,0.935,0,0.253,-0.47,1,0,0.369,0.19,0,0,0.48,0.07,0,0,0.214,-0.4,1,0,0.306,-0.25,0.125,0
54902,20180802,-93.29,41.56,0.187,-0.41,1,0,0.238,-0.36,0.994,0,0.25,-0.48,1,0,0.364,0.17,0,0,0.478,0.08,0,0,0.212,-0.41,1,0,0.303,-0.25,0.125,0
54902,20180803,-93.29,41.56,0.185,-0.42,1,0,0.236,-0.36,1,0,0.248,-0.49,1,0,0.36,0.15,0,0,0.476,0.08,0,0,0.21,-0.41,1,0,0.301,-0.25,0.125,0
54902,20180804,-93.29,41.56,0.184,-0.42,1,0,0.234,-0.37,1,0,0.246,-0.49,1,0,0.356,0.12,0,0,0.474,0.07,0,0,0.209,-0.4,1,0,0.299,-0.25,0.107,0
54902,20180805,-93.29,41.56,0.182,-0.41,1,0,0.233,-0.37,1,0,0.244,-0.49,1,0,0.352,0.1,0,0,0.471,0.06,0,0,0.207,-0.4,1,0,0.296,-0.26,0.113,0
54902,20180806,-93.29,41.56,0.182,-0.4,0.988,0,0.231,-0.37,1,0,0.243,-0.48,1,0,0.348,0.07,0,0,0.467,0.04,0,0,0.206,-0.39,0.94,0,0.294,-0.26,0.077,0
54902,20180807,-93.29,41.56,0.182,-0.39,0.976,0,0.23,-0.37,0.988,0,0.241,-0.46,1,0,0.345,0.05,0,0,0.464,0.02,0,0,0.206,-0.39,0.911,0,0.292,-0.26,0.06,0
54902,20180808,-93.29,41.56,0.186,-0.33,0.833,0,0.23,-0.36,0.857,0,0.241,-0.44,0.952,0,0.342,0.03,0,0,0.461,0,0,0,0.208,-0.36,0.768,0,0.292,-0.24,0.036,0
54902,20180809,-93.29,41.56,0.189,-0.29,0.69,0,0.229,-0.35,0.738,0,0.24,-0.42,0.821,0,0.34,0.02,0,0,0.458,-0.02,0,0,0.209,-0.34,0.625,0,0.291,-0.23,0.036,0
54902,20180810,-93.29,41.56,0.191,-0.26,0.548,0,0.229,-0.35,0.619,0,0.24,-0.4,0.679,0,0.338,0,0,0,0.456,-0.04,0,0,0.21,-0.32,0.482,0,0.291,-0.23,0.036,0
54902,20180811,-93.29,41.56,0.193,-0.23,0.405,0,0.23,-0.34,0.488,0,0.24,-0.38,0.548,0,0.336,-0.01,0,0,0.454,-0.05,0,0,0.211,-0.31,0.339,0,0.291,-0.22,0.036,0
54902,20180812,-93.29,41.56,0.194,-0.21,0.262,0,0.23,-0.33,0.375,0,0.24,-0.37,0.417,0,0.335,-0.02,0,0,0.453,-0.05,0,0,0.212,-0.3,0.196,0,0.29,-0.21,0,0
54902,20180813,-93.29,41.56,0.194,-0.21,0.143,0,0.23,-0.32,0.244,0,0.24,-0.36,0.333,0,0.333,-0.03,0,0,0.451,-0.06,0,0,0.212,-0.3,0.131,0,0.29,-0.21,0,0
54902,20180814,-93.29,41.56,0.193,-0.21,0.107,0,0.23,-0.31,0.119,0,0.24,-0.37,0.304,0,0.332,-0.04,0,0,0.45,-0.07,0,0,0.212,-0.31,0.119,0,0.289,-0.21,0,0
54902,20180815,-93.29,41.56,0.19,-0.24,0.185,0,0.229,-0.31,0.107,0,0.239,-0.38,0.351,0,0.33,-0.05,0,0,0.449,-0.09,0,0,0.209,-0.33,0.167,0,0.287,-0.22,0,0
54902,20180816,-93.29,41.56,0.189,-0.25,0.185,0,0.228,-0.31,0.083,0,0.239,-0.39,0.482,0,0.328,-0.06,0,0,0.447,-0.11,0.006,0,0.209,-0.34,0.167,0,0.286,-0.23,0,0
54902,20180817,-93.29,41.56,0.188,-0.27,0.185,0,0.228,-0.31,0.065,0,0.239,-0.41,0.625,0,0.327,-0.07,0,0,0.446,-0.14,0.012,0,0.208,-0.34,0.179,0,0.285,-0.24,0,0
54902,20180818,-93.29,41.56,0.186,-0.28,0.315,0,0.227,-0.31,0.113,0,0.239,-0.42,0.756,0,0.326,-0.08,0,0,0.444,-0.17,0.077,0,0.207,-0.35,0.321,0,0.285,-0.26,0,0
54902,20180819,-93.29,41.56,0.185,-0.3,0.458,0,0.227,-0.31,0.19,0,0.238,-0.44,0.887,0,0.325,-0.08,0,0,0.443,-0.2,0.208,0,0.206,-0.36,0.464,0,0.284,-0.27,0.018,0
54902,20180820,-93.29,41.56,0.186,-0.3,0.565,0,0.227,-0.31,0.298,0,0.238,-0.45,0.97,0,0.324,-0.09,0,0,0.442,-0.24,0.351,0,0.207,-0.36,0.565,0,0.283,-0.28,0.06,0
54902,20180821,-93.29,41.56,0.204,-0.18,0.47,0.125,0.232,-0.27,0.292,0,0.239,-0.47,1,0,0.323,-0.09,0,0,0.441,-0.28,0.494,0,0.218,-0.28,0.464,0,0.288,-0.26,0.06,0
54902,20180822,-93.29,41.56,0.217,-0.09,0.395,0.126,0.236,-0.24,0.293,0,0.239,-0.48,1,0,0.323,-0.1,0,0,0.44,-0.32,0.635,0,0.227,-0.22,0.419,0,0.291,-0.27,0.06,0
54902,20180823,-93.29,41.56,0.229,-0.03,0.395,0.126,0.24,-0.21,0.293,0,0.24,-0.5,1,0,0.322,-0.11,0,0,0.439,-0.36,0.772,0,0.234,-0.17,0.419,0,0.294,-0.27,0.06,0
54902,20180824,-93.29,41.56,0.239,0.04,0.395,0.126,0.244,-0.19,0.287,0,0.24,-0.52,1,0,0.322,-0.12,0,0,0.438,-0.39,0.91,0,0.241,-0.12,0.407,0,0.296,-0.29,0.078,0
54902,20180825,-93.29,41.56,0.249,0.1,0.263,0.126,0.247,-0.17,0.228,0,0.24,-0.54,1,0,0.321,-0.13,0,0,0.438,-0.41,0.988,0,0.248,-0.08,0.263,0,0.299,-0.3,0.168,0
54902,20180826,-93.29,41.56,0.259,0.16,0.12,0.126,0.25,-0.14,0.12,0,0.241,-0.56,1,0,0.321,-0.14,0,0,0.437,-0.43,1,0,0.255,-0.03,0.12,0,0.302,-0.31,0.287,0
54902,20180827,-93.29,41.56,0.267,0.2,0,0.126,0.254,-0.12,0,0,0.242,-0.57,1,0,0.32,-0.15,0,0,0.437,-0.44,1,0,0.26,0.01,0,0,0.304,-0.32,0.371,0
54902,20180828,-93.29,41.56,0.262,0.16,0,0,0.251,-0.15,0,0,0.242,-0.58,1,0,0.32,-0.17,0.03,0,0.437,-0.45,1,0,0.257,-0.03,0,0,0.303,-0.35,0.371,0
54902,20180829,-93.29,41.56,0.258,0.12,0,0,0.25,-0.17,0,0,0.243,-0.59,1,0,0.32,-0.22,0.173,0,0.437,-0.45,0.994,0,0.254,-0.05,0,0,0.302,-0.37,0.369,0
54902,20180830,-93.29,41.56,0.255,0.09,0,0,0.249,-0.18,0,0,0.243,-0.59,1,0,0.321,-0.28,0.315,0,0.437,-0.45,0.994,0,0.252,-0.07,0,0,0.301,-0.38,0.369,0
54902,20180831,-93.29,41.56,0.253,0.06,0,0,0.249,-0.19,0,0,0.243,-0.6,1,0,0.321,-0.33,0.458,0,0.437,-0.46,0.958,0,0.251,-0.09,0,0,0.3,-0.38,0.351,0
54902,20180901,-93.29,41.56,0.255,0.07,0,0,0.248,-0.2,0,0,0.244,-0.61,1,0,0.32,-0.39,0.601,0,0.437,-0.46,0.905,0,0.251,-0.09,0,0,0.301,-0.39,0.262,0
54902,20180902,-93.29,41.56,0.266,0.14,0,0.06,0.253,-0.18,0,0.036,0.252,-0.56,0.946,0.042,0.321,-0.44,0.726,0,0.438,-0.45,0.833,0,0.259,-0.04,0,0.048,0.306,-0.35,0.125,0.006
54902,20180903,-93.29,41.56,0.283,0.26,0,0.202,0.269,-0.07,0,0.179,0.275,-0.43,0.804,0.065,0.324,-0.46,0.726,0.006,0.442,-0.42,0.69,0,0.276,0.07,0,0.19,0.319,-0.25,0,0.018
54902,20180904,-93.29,41.56,0.302,0.39,0,0.345,0.293,0.08,0,0.321,0.304,-0.26,0.661,0.208,0.345,-0.34,0.696,0.149,0.45,-0.32,0.548,0,0.297,0.21,0,0.333,0.339,-0.1,0,0.161
54902,20180905,-93.29,41.56,0.32,0.51,0,0.488,0.315,0.22,0,0.464,0.33,-0.1,0.518,0.351,0.365,-0.2,0.554,0.292,0.46,-0.22,0.411,0,0.317,0.34,0,0.476,0.358,0.04,0,0.304
54902,20180906,-93.29,41.56,0.341,0.66,0,0.631,0.339,0.38,0,0.607,0.359,0.07,0.375,0.494,0.388,-0.04,0.411,0.435,0.469,-0.12,0.268,0.012,0.34,0.49,0,0.619,0.379,0.2,0,0.446
54902,20180907,-93.29,41.56,0.36,0.8,0,0.774,0.361,0.52,0,0.75,0.385,0.23,0.232,0.637,0.408,0.11,0.268,0.577,0.478,-0.02,0.161,0.012,0.361,0.64,0,0.762,0.399,0.35,0,0.589
54902,20180908,-93.29,41.56,0.378,0.93,0,0.917,0.384,0.67,0,0.893,0.413,0.39,0.089,0.78,0.43,0.27,0.125,0.72,0.487,0.08,0.071,0.03,0.381,0.78,0,0.905,0.418,0.5,0,0.732
54902,20180909,-93.29,41.56,0.384,0.99,0,1,0.4,0.78,0,1,0.43,0.5,0,0.881,0.451,0.42,0,0.863,0.496,0.18,0,0.06,0.392,0.86,0,1,0.432,0.61,0,0.869
54902,20180910,-93.29,41.56,0.384,0.99,0,1,0.404,0.8,0,1,0.433,0.52,0,1,0.467,0.55,0,1,0.502,0.24,0,0.089,0.394,0.88,0,1,0.438,0.66,0,1
54902,20180911,-93.29,41.56,0.377,0.95,0,1,0.401,0.76,0,1,0.428,0.5,0,1,0.467,0.54,0,1,0.503,0.25,0,0.113,0.389,0.85,0,1,0.435,0.64,0,1
54902,20180912,-93.29,41.56,0.371,0.92,0,1,0.397,0.74,0,1,0.426,0.48,0,1,0.466,0.54,0,1,0.503,0.26,0,0.161,0.384,0.82,0,1,0.433,0.62,0,1
54902,20180913,-93.29,41.56,0.362,0.86,0,1,0.391,0.69,0,1,0.42,0.45,0,1,0.464,0.52,0,1,0.503,0.25,0,0.202,0.377,0.77,0,1,0.428,0.59,0,1
54902,20180914,-93.29,41.56,0.355,0.81,0,1,0.387,0.65,0,1,0.418,0.44,0,1,0.463,0.52,0,1,0.504,0.26,0,0.25,0.371,0.73,0,1,0.425,0.56,0,1
54902,20180915,-93.29,41.56,0.344,0.73,0,1,0.38,0.6,0,1,0.414,0.42,0,1,0.461,0.51,0,1,0.504,0.26,0,0.256,0.362,0.66,0,1,0.42,0.53,0,1
54902,20180916,-93.29,41.56,0.334,0.66,0,0.869,0.374,0.55,0,0.988,0.412,0.4,0,1,0.459,0.5,0,1,0.504,0.26,0,0.25,0.354,0.6,0,0.952,0.416,0.5,0,1
54902,20180917,-93.29,41.56,0.323,0.58,0,0.726,0.368,0.5,0,0.851,0.409,0.39,0,1,0.458,0.49,0,1,0.504,0.26,0,0.238,0.345,0.53,0,0.81,0.412,0.46,0,0.988
54902,20180918,-93.29,41.56,0.311,0.49,0,0.583,0.361,0.45,0,0.708,0.407,0.37,0,1,0.456,0.48,0,1,0.504,0.26,0,0.232,0.336,0.47,0,0.667,0.408,0.43,0,0.857
54902,20180919,-93.29,41.56,0.305,0.45,0,0.488,0.354,0.4,0,0.565,0.406,0.36,0,1,0.455,0.48,0,1,0.504,0.26,0,0.256,0.329,0.41,0,0.524,0.405,0.4,0,0.815
54902,20180920,-93.29,41.56,0.3,0.41,0,0.345,0.348,0.35,0,0.423,0.404,0.35,0,1,0.455,0.47,0,1,0.504,0.26,0,0.31,0.324,0.37,0,0.381,0.402,0.38,0,0.774
54902,20180921,-93.29,41.56,0.296,0.38,0,0.232,0.342,0.31,0,0.28,0.402,0.34,0,0.97,0.454,0.47,0,1,0.505,0.26,0,0.369,0.319,0.34,0,0.238,0.4,0.37,0,0.655
54902,20180922,-93.29,41.56,0.295,0.38,0,0.119,0.337,0.27,0,0.137,0.4,0.33,0,0.857,0.453,0.47,0,1,0.505,0.27,0,0.458,0.316,0.32,0,0.095,0.398,0.36,0,0.53
54902,20180923,-93.29,41.56,0.295,0.37,0,0.107,0.332,0.24,0,0.006,0.398,0.31,0,0.714,0.453,0.46,0,1,0.506,0.27,0,0.577,0.313,0.29,0,0,0.397,0.34,0,0.387
54902,20180924,-93.29,41.56,0.295,0.37,0,0.107,0.327,0.2,0,0,0.395,0.29,0,0.571,0.452,0.46,0,1,0.507,0.28,0,0.696,0.311,0.28,0,0,0.395,0.34,0,0.256
54902,20180925,-93.29,41.56,0.296,0.37,0,0.107,0.324,0.18,0,0,0.393,0.28,0,0.429,0.45,0.45,0,1,0.507,0.28,0,0.786,0.31,0.27,0,0,0.394,0.33,0,0.244
54902,20180926,-93.29,41.56,0.299,0.39,0,0.173,0.323,0.16,0,0,0.393,0.28,0,0.399,0.449,0.45,0,1,0.508,0.28,0,0.827,0.311,0.27,0,0,0.394,0.33,0,0.25
54902,20180927,-93.29,41.56,0.302,0.4,0,0.274,0.321,0.14,0,0,0.393,0.27,0,0.304,0.448,0.44,0,1,0.508,0.28,0,0.833,0.312,0.27,0,0,0.395,0.33,0,0.173
54902,20180928,-93.29,41.56,0.305,0.41,0,0.244,0.321,0.13,0,0,0.393,0.27,0,0.19,0.447,0.44,0,1,0.508,0.28,0,0.845,0.313,0.27,0,0,0.395,0.32,0,0.149
54902,20180929,-93.29,41.56,0.305,0.41,0,0.214,0.32,0.12,0,0,0.393,0.26,0,0.161,0.446,0.44,0,1,0.508,0.28,0,0.845,0.313,0.27,0,0,0.394,0.32,0,0.131
54902,20180930,-93.29,41.56,0.31,0.44,0,0.31,0.323,0.13,0,0,0.395,0.27,0,0.238,0.445,0.44,0,1,0.508,0.27,0,0.821,0.317,0.29,0,0.071,0.396,0.33,0,0.22
54902,20181001,-93.29,41.56,0.319,0.49,0,0.452,0.329,0.16,0,0,0.399,0.28,0,0.381,0.445,0.44,0,1,0.507,0.27,0,0.792,0.324,0.33,0,0.214,0.4,0.35,0,0.363
54902,20181002,-93.29,41.56,0.33,0.56,0,0.595,0.337,0.21,0,0.095,0.404,0.31,0,0.524,0.446,0.46,0,1,0.507,0.27,0,0.756,0.334,0.39,0,0.357,0.405,0.38,0,0.506
54902,20181003,-93.29,41.56,0.335,0.59,0,0.625,0.345,0.26,0,0.238,0.406,0.33,0,0.554,0.448,0.48,0,1,0.507,0.27,0,0.726,0.34,0.43,0,0.5,0.408,0.4,0,0.542
54902,20181004,-93.29,41.56,0.34,0.62,0,0.667,0.353,0.3,0,0.381,0.409,0.34,0,0.649,0.45,0.49,0,1,0.507,0.27,0,0.75,0.347,0.47,0,0.643,0.412,0.42,0,0.661
54902,20181005,-93.29,41.56,0.346,0.65,0,0.81,0.36,0.35,0,0.524,0.411,0.36,0,0.792,0.452,0.51,0,1,0.508,0.27,0,0.774,0.353,0.51,0,0.786,0.415,0.44,0,0.804
54902,20181006,-93.29,41.56,0.355,0.71,0,0.952,0.37,0.41,0,0.667,0.417,0.4,0,0.935,0.455,0.53,0,1,0.508,0.27,0,0.804,0.363,0.58,0,0.929,0.421,0.48,0,0.946
54902,20181007,-93.29,41.56,0.362,0.75,0,1,0.379,0.46,0,0.81,0.421,0.42,0,1,0.459,0.56,0,1,0.509,0.28,0,0.827,0.37,0.63,0,1,0.426,0.51,0,1
54902,20181008,-93.29,41.56,0.368,0.79,0,1,0.386,0.5,0,0.952,0.424,0.44,0,1,0.462,0.59,0,1,0.51,0.28,0,0.857,0.377,0.67,0,1,0.43,0.54,0,1
54902,20181009,-93.29,41.56,0.374,0.83,0,1,0.394,0.54,0,1,0.43,0.47,0,1,0.466,0.62,0,1,0.511,0.29,0,0.911,0.384,0.71,0,1,0.435,0.57,0,1
54902,20181010,-93.29,41.56,0.379,0.85,0,1,0.4,0.56,0,1,0.433,0.48,0,1,0.469,0.64,0,1,0.512,0.29,0,0.964,0.389,0.73,0,1,0.439,0.59,0,1
54902,20181011,-93.29,41.56,0.381,0.86,0,1,0.404,0.58,0,1,0.435,0.49,0,1,0.471,0.65,0,1,0.513,0.29,0,0.97,0.393,0.74,0,1,0.441,0.6,0,1
54902,20181012,-93.29,41.56,0.383,0.87,0,1,0.407,0.58,0,1,0.436,0.49,0,1,0.473,0.66,0,1,0.514,0.3,0,0.964,0.395,0.74,0,1,0.442,0.6,0,1
54902,20181013,-93.29,41.56,0.381,0.85,0,1,0.407,0.57,0,1,0.433,0.47,0,1,0.472,0.65,0,1,0.514,0.3,0,0.964,0.394,0.72,0,1,0.442,0.59,0,1
54902,20181014,-93.29,41.56,0.379,0.82,0,1,0.405,0.55,0,1,0.431,0.44,0,1,0.471,0.64,0,1,0.514,0.29,0,0.964,0.392,0.69,0,1,0.44,0.58,0,1
54902,20181015,-93.29,41.56,0.375,0.78,0,1,0.402,0.53,0,1,0.428,0.42,0,1,0.469,0.63,0,1,0.514,0.29,0,0.97,0.388,0.66,0,1,0.438,0.56,0,1
54902,20181016,-93.29,41.56,0.367,0.72,0,1,0.395,0.48,0,1,0.421,0.37,0,0.97,0.466,0.6,0,1,0.514,0.29,0,0.982,0.381,0.61,0,1,0.433,0.53,0,1
54902,20181017,-93.29,41.56,0.361,0.67,0,1,0.389,0.44,0,1,0.416,0.33,0,0.881,0.463,0.56,0,1,0.514,0.29,0,0.964,0.375,0.56,0,1,0.429,0.5,0,1
54902,20181018,-93.29,41.56,0.357,0.63,0,1,0.385,0.4,0,0.97,0.413,0.31,0,0.786,0.46,0.53,0,1,0.513,0.29,0,0.952,0.371,0.53,0,1,0.426,0.48,0,1
54902,20181019,-93.29,41.56,0.353,0.59,0,1,0.382,0.38,0,0.863,0.411,0.29,0,0.649,0.458,0.49,0,1,0.512,0.29,0,0.923,0.367,0.51,0,1,0.423,0.46,0,1
54902,20181020,-93.29,41.56,0.349,0.55,0,0.988,0.379,0.35,0,0.774,0.41,0.27,0,0.506,0.457,0.46,0,1,0.512,0.28,0,0.905,0.364,0.48,0,1,0.421,0.44,0,1
54902,20181021,-93.29,41.56,0.344,0.5,0,0.869,0.375,0.33,0,0.637,0.408,0.26,0,0.363,0.456,0.44,0,1,0.511,0.28,0,0.893,0.36,0.46,0,0.887,0.419,0.42,0,1
54902,20181022,-93.29,41.56,0.339,0.46,0,0.726,0.372,0.31,0,0.494,0.406,0.24,0,0.22,0.455,0.41,0,1,0.51,0.28,0,0.887,0.355,0.43,0,0.744,0.416,0.4,0,0.988
54902,20181023,-93.29,41.56,0.333,0.41,0,0.583,0.369,0.29,0,0.351,0.404,0.23,0,0.107,0.453,0.39,0,1,0.51,0.28,0,0.893,0.351,0.4,0,0.601,0.414,0.38,0,0.917
54902,20181024,-93.29,41.56,0.327,0.37,0,0.44,0.365,0.27,0,0.208,0.403,0.22,0,0.054,0.452,0.37,0,1,0.51,0.29,0,0.905,0.346,0.37,0,0.458,0.412,0.37,0,0.78
54902,20181025,-93.29,41.56,0.321,0.32,0,0.298,0.362,0.26,0,0.095,0.401,0.21,0,0.006,0.452,0.37,0,1,0.51,0.29,0,0.911,0.342,0.35,0,0.315,0.409,0.35,0,0.637
54902,20181026,-93.29,41.56,0.315,0.27,0,0.155,0.359,0.25,0,0.06,0.399,0.2,0,0,0.451,0.36,0,1,0.51,0.3,0,0.94,0.337,0.32,0,0.173,0.407,0.34,0,0.494
54902,20181027,-93.29,41.56,0.309,0.23,0,0.024,0.356,0.23,0,0.006,0.397,0.2,0,0,0.45,0.35,0,1,0.51,0.31,0,0.958,0.333,0.29,0,0.03,0.405,0.32,0,0.351
54902,20181028,-93.29,41.56,0.304,0.18,0,0,0.354,0.22,0,0,0.396,0.19,0,0,0.449,0.34,0,1,0.51,0.31,0,0.97,0.329,0.27,0,0,0.402,0.31,0,0.208
54902,20181029,-93.29,41.56,0.298,0.14,0,0,0.351,0.21,0,0,0.395,0.19,0,0,0.448,0.33,0,1,0.51,0.33,0,0.976,0.325,0.24,0,0,0.4,0.3,0,0.077
54902,20181030,-93.29,41.56,0.293,0.09,0,0,0.348,0.19,0,0,0.393,0.18,0,0,0.447,0.33,0,1,0.509,0.34,0,0.976,0.32,0.2,0,0,0.398,0.28,0,0.006
54902,20181031,-93.29,41.56,0.287,0.05,0,0,0.345,0.16,0,0,0.392,0.18,0,0,0.447,0.32,0,1,0.509,0.35,0,0.988,0.316,0.16,0,0,0.396,0.26,0,0
54902,20181101,-93.29,41.56,0.282,0,0,0,0.341,0.14,0,0,0.391,0.17,0,0,0.446,0.32,0,1,0.509,0.36,0,0.988,0.312,0.12,0,0,0.394,0.25,0,0
54902,20181102,-93.29,41.56,0.277,-0.05,0,0,0.338,0.12,0,0,0.39,0.17,0,0,0.445,0.32,0,1,0.509,0.37,0,0.994,0.308,0.08,0,0,0.392,0.23,0,0
54902,20181103,-93.29,41.56,0.272,-0.1,0,0,0.335,0.09,0,0,0.389,0.16,0,0,0.445,0.31,0,1,0.508,0.38,0,0.994,0.304,0.04,0,0,0.39,0.21,0,0
54902,20181104,-93.29,41.56,0.274,-0.09,0,0.054,0.333,0.07,0,0.006,0.387,0.16,0,0,0.444,0.31,0,1,0.508,0.39,0,0.994,0.303,0.03,0,0.048,0.389,0.21,0,0.048
54902,20181105,-93.29,41.56,0.287,0.05,0,0.196,0.338,0.12,0,0.149,0.39,0.19,0,0.137,0.446,0.32,0,1,0.508,0.4,0,0.994,0.312,0.12,0,0.19,0.394,0.26,0,0.19
54902,20181106,-93.29,41.56,0.301,0.2,0,0.339,0.344,0.18,0,0.292,0.394,0.24,0,0.28,0.447,0.34,0,1,0.508,0.42,0,0.994,0.323,0.22,0,0.333,0.399,0.32,0,0.333
54902,20181107,-93.29,41.56,0.316,0.36,0,0.482,0.351,0.25,0,0.435,0.398,0.28,0,0.423,0.448,0.35,0,1,0.509,0.45,0,0.994,0.333,0.33,0,0.476,0.404,0.39,0,0.476
54902,20181108,-93.29,41.56,0.33,0.52,0,0.625,0.358,0.32,0,0.577,0.402,0.33,0,0.565,0.45,0.37,0,1,0.509,0.47,0,1,0.344,0.44,0,0.619,0.41,0.46,0,0.619
54902,20181109,-93.29,41.56,0.344,0.68,0,0.768,0.365,0.39,0,0.72,0.405,0.37,0,0.708,0.451,0.38,0,1,0.51,0.49,0,1,0.354,0.56,0,0.762,0.415,0.53,0,0.762
54902,20181110,-93.29,41.56,0.358,0.85,0,0.911,0.372,0.47,0,0.863,0.408,0.4,0,0.851,0.452,0.4,0,1,0.51,0.51,0,1,0.365,0.68,0,0.905,0.42,0.59,0,0.905
54902,20181111,-93.29,41.56,0.366,0.96,0,1,0.379,0.54,0,1,0.411,0.44,0,0.994,0.453,0.41,0,1,0.51,0.53,0,1,0.372,0.77,0,1,0.424,0.65,0,1
54902,20181112,-93.29,41.56,0.363,0.94,0,1,0.378,0.54,0,1,0.409,0.42,0,1,0.452,0.41,0,1,0.51,0.54,0,1,0.37,0.77,0,1,0.422,0.64,0,1
54902,20181113,-93.29,41.56,0.359,0.92,0,1,0.378,0.54,0,1,0.407,0.41,0,1,0.451,0.41,0,1,0.509,0.54,0,1,0.368,0.76,0,1,0.421,0.64,0,1
54902,20181114,-93.29,41.56,0.356,0.89,0,1,0.376,0.53,0,1,0.405,0.38,0,1,0.449,0.4,0,1,0.509,0.55,0,1,0.366,0.75,0,1,0.419,0.62,0,1
54902,20181115,-93.29,41.56,0.354,0.86,0,1,0.375,0.53,0,1,0.403,0.36,0,1,0.448,0.4,0,1,0.508,0.54,0,1,0.364,0.74,0,1,0.417,0.61,0,1
54902,20181116,-93.29,41.56,0.352,0.84,0,1,0.374,0.52,0,1,0.401,0.34,0,1,0.447,0.39,0,1,0.508,0.54,0,1,0.363,0.73,0,1,0.416,0.59,0,1
54902,20181117,-93.29,41.56,0.351,0.81,0,1,0.374,0.52,0,1,0.4,0.33,0,1,0.445,0.39,0,1,0.507,0.53,0,1,0.362,0.71,0,1,0.415,0.58,0,1
54902,20181118,-93.29,41.56,0.35,0.79,0,1,0.373,0.52,0,1,0.399,0.31,0,1,0.445,0.39,0,1,0.506,0.52,0,1,0.362,0.7,0,1,0.415,0.57,0,1
54902,20181119,-93.29,41.56,0.35,0.76,0,1,0.373,0.52,0,1,0.398,0.3,0,1,0.444,0.39,0,1,0.505,0.51,0,1,0.361,0.67,0,1,0.414,0.56,0,1
54902,20181120,-93.29,41.56,0.349,0.73,0,1,0.372,0.51,0,1,0.397,0.29,0,1,0.443,0.39,0,1,0.504,0.49,0,1,0.361,0.65,0,1,0.413,0.54,0,1
54902,20181121,-93.29,41.56,0.348,0.7,0,1,0.372,0.5,0,1,0.397,0.28,0,1,0.442,0.39,0,1,0.503,0.47,0,1,0.36,0.64,0,1,0.412,0.53,0,1
54902,20181122,-93.29,41.56,0.348,0.67,0,1,0.372,0.5,0,1,0.396,0.27,0,1,0.442,0.4,0,1,0.502,0.46,0,1,0.36,0.62,0,1,0.412,0.51,0,1
54902,20181123,-93.29,41.56,0.347,0.65,0,1,0.372,0.49,0,1,0.396,0.26,0,1,0.442,0.4,0,1,0.501,0.44,0,1,0.359,0.61,0,1,0.411,0.5,0,1
54902,20181124,-93.29,41.56,0.347,0.64,0,1,0.372,0.49,0,1,0.396,0.25,0,1,0.441,0.4,0,1,0.501,0.44,0,1,0.359,0.61,0,1,0.411,0.49,0,1
54902,20181125,-93.29,41.56,0.349,0.64,0,1,0.372,0.5,0,1,0.396,0.25,0,1,0.441,0.41,0,1,0.501,0.44,0,1,0.361,0.62,0,1,0.412,0.49,0,1
54902,20181126,-93.29,41.56,0.35,0.64,0,1,0.373,0.51,0,1,0.396,0.25,0,1,0.441,0.41,0,1,0.5,0.43,0,1,0.362,0.64,0,1,0.412,0.48,0,1
54902,20181127,-93.29,41.56,0.351,0.64,0,1,0.374,0.52,0,1,0.396,0.26,0,1,0.441,0.41,0,1,0.5,0.43,0,1,0.363,0.65,0,1,0.412,0.47,0,1
54902,20181128,-93.29,41.56,0.352,0.64,0,1,0.375,0.54,0,1,0.397,0.26,0,1,0.441,0.42,0,1,0.5,0.43,0,1,0.363,0.66,0,1,0.413,0.47,0,1
54902,20181129,-93.29,41.56,0.353,0.64,0,1,0.375,0.55,0,1,0.397,0.26,0,1,0.441,0.42,0,1,0.5,0.43,0,1,0.364,0.67,0,1,0.413,0.47,0,1
54902,20181130,-93.29,41.56,0.354,0.64,0,1,0.376,0.56,0,1,0.397,0.27,0,1,0.441,0.42,0,1,0.499,0.42,0,1,0.365,0.68,0,1,0.413,0.46,0,1
54902,20181201,-93.29,41.56,0.354,0.62,0,1,0.376,0.56,0,1,0.397,0.27,0,1,0.44,0.42,0,1,0.499,0.41,0,1,0.365,0.68,0,1,0.413,0.46,0,1
54902,20181202,-93.29,41.56,0.358,0.66,0,1,0.38,0.6,0,1,0.401,0.32,0,1,0.443,0.44,0,1,0.498,0.4,0,1,0.369,0.73,0,1,0.416,0.5,0,1
54902,20181203,-93.29,41.56,0.361,0.67,0,1,0.383,0.64,0,1,0.404,0.36,0,1,0.445,0.46,0,1,0.498,0.4,0,1,0.372,0.77,0,1,0.418,0.55,0,1
54902,20181204,-93.29,41.56,0.363,0.68,0,1,0.385,0.66,0,1,0.406,0.38,0,1,0.446,0.47,0,1,0.498,0.39,0,1,0.374,0.79,0,1,0.42,0.59,0,1
54902,20181205,-93.29,41.56,0.365,0.67,0,1,0.387,0.66,0,1,0.407,0.39,0,1,0.447,0.48,0,1,0.497,0.39,0,1,0.376,0.8,0,1,0.421,0.62,0,1
54902,20181206,-93.29,41.56,0.366,0.66,0,1,0.388,0.67,0,1,0.407,0.4,0,1,0.448,0.48,0,1,0.497,0.38,0,1,0.377,0.79,0,1,0.421,0.65,0,1
54902,20181207,-93.29,41.56,0.367,0.65,0,1,0.389,0.67,0,1,0.408,0.42,0,1,0.448,0.49,0,1,0.497,0.38,0,1,0.378,0.79,0,1,0.422,0.68,0,1
54902,20181208,-93.29,41.56,0.368,0.62,0,0.875,0.39,0.67,0,1,0.409,0.43,0,1,0.449,0.49,0,1,0.497,0.38,0,1,0.379,0.77,0,0.994,0.423,0.71,0,1
54902,20181209,-93.29,41.56,0.362,0.54,0,0.732,0.386,0.61,0,1,0.404,0.38,0,1,0.447,0.47,0,1,0.497,0.38,0,1,0.374,0.68,0,0.97,0.419,0.68,0,1
54902,20181210,-93.29,41.56,0.358,0.48,0,0.601,0.383,0.56,0,1,0.401,0.35,0,1,0.445,0.45,0,1,0.497,0.37,0,1,0.37,0.6,0,0.887,0.417,0.64,0,1
54902,20181211,-93.29,41.56,0.357,0.46,0,0.583,0.381,0.52,0,0.905,0.399,0.34,0,1,0.444,0.44,0,1,0.497,0.37,0,1,0.369,0.56,0,0.869,0.416,0.61,0,1
54902,20181212,-93.29,41.56,0.357,0.44,0,0.548,0.379,0.48,0,0.768,0.398,0.33,0,1,0.443,0.42,0,1,0.497,0.36,0,1,0.368,0.52,0,0.804,0.415,0.59,0,1
54902,20181213,-93.29,41.56,0.355,0.41,0,0.435,0.378,0.45,0,0.643,0.397,0.32,0,1,0.442,0.4,0,1,0.497,0.35,0,1,0.367,0.48,0,0.69,0.414,0.57,0,1
54902,20181214,-93.29,41.56,0.353,0.38,0,0.292,0.377,0.43,0,0.542,0.396,0.31,0,1,0.442,0.38,0,1,0.496,0.34,0,1,0.365,0.45,0,0.548,0.413,0.54,0,0.994
54902,20181215,-93.29,41.56,0.352,0.37,0,0.274,0.377,0.42,0,0.476,0.396,0.31,0,1,0.441,0.37,0,1,0.496,0.33,0,1,0.364,0.42,0,0.411,0.412,0.51,0,0.97
54902,20181216,-93.29,41.56,0.351,0.35,0,0.274,0.376,0.41,0,0.429,0.395,0.3,0,0.94,0.441,0.36,0,1,0.495,0.32,0,1,0.364,0.41,0,0.292,0.412,0.49,0,0.899
54902,20181217,-93.29,41.56,0.35,0.33,0,0.262,0.375,0.41,0,0.327,0.395,0.29,0,0.821,0.44,0.35,0,1,0.495,0.31,0,1,0.363,0.39,0,0.232,0.411,0.47,0,0.756
54902,20181218,-93.29,41.56,0.347,0.29,0,0.137,0.375,0.41,0,0.28,0.394,0.28,0,0.685,0.44,0.35,0,1,0.494,0.3,0,1,0.361,0.36,0,0.107,0.41,0.45,0,0.613
54902,20181219,-93.29,41.56,0.346,0.27,0,0.042,0.376,0.42,0,0.274,0.394,0.28,0,0.548,0.439,0.36,0,1,0.494,0.29,0,1,0.361,0.35,0,0.03,0.41,0.43,0,0.47
54902,20181220,-93.29,41.56,0.346,0.28,0,0.149,0.376,0.42,0,0.31,0.394,0.28,0,0.446,0.439,0.37,0,1,0.494,0.29,0,1,0.361,0.35,0,0.054,0.41,0.41,0,0.327
54902,20181221,-93.29,41.56,0.347,0.29,0,0.217,0.376,0.42,0,0.31,0.394,0.28,0,0.357,0.438,0.38,0,1,0.494,0.29,0,1,0.362,0.35,0,0.099,0.41,0.4,0,0.211
54902,20181222,-93.29,41.56,0.348,0.29,0,0.264,0.376,0.41,0,0.232,0.394,0.28,0,0.22,0.438,0.38,0,1,0.494,0.29,0,1,0.362,0.34,0,0.124,0.41,0.4,0,0.093
54902,20181223,-93.29,41.56,0.349,0.31,0,0.324,0.375,0.41,0,0.137,0.394,0.28,0,0.137,0.438,0.38,0,1,0.494,0.28,0,1,0.362,0.34,0,0.152,0.41,0.39,0,0
54902,20181224,-93.29,41.56,0.35,0.33,0,0.42,0.375,0.4,0,0.095,0.394,0.27,0,0.113,0.438,0.38,0,1,0.494,0.28,0,1,0.363,0.35,0,0.198,0.41,0.38,0,0
54902,20181225,-93.29,41.56,0.35,0.36,0,0.596,0.375,0.39,0,0.095,0.394,0.27,0,0.107,0.437,0.38,0,1,0.494,0.28,0,1,0.363,0.37,0,0.281,0.41,0.38,0,0
54902,20181226,-93.29,41.56,0.35,0.39,0,0.97,0.375,0.38,0,0.095,0.394,0.26,0,0.101,0.437,0.38,0,1,0.494,0.27,0,0.976,0.362,0.38,0,0.485,0.41,0.38,0,0
54902,20181227,-93.29,41.56,0.354,0.4,0,1,0.376,0.41,0,0.113,0.397,0.29,0,0.125,0.438,0.38,0,1,0.494,0.27,0,0.952,0.365,0.38,0,0.778,0.412,0.38,0,0
54902,20181228,-93.29,41.56,0.36,0.41,0,1,0.381,0.5,0,0.214,0.403,0.37,0,0.214,0.441,0.43,0,1,0.494,0.27,0,0.952,0.371,0.37,0,1,0.416,0.38,0,0
54902,20181229,-93.29,41.56,0.364,,,,0.384,0.55,0,0.357,0.406,0.41,0,0.351,0.443,0.45,0,1,0.494,0.26,0,0.952,0.374,,,,0.418,,,
54902,20181230,-93.29,41.56,0.366,,,,0.386,0.58,0,0.5,0.407,0.42,0,0.435,0.444,0.47,0,1,0.494,0.26,0,0.946,0.376,,,,0.42,,,
54902,20181231,-93.29,41.56,0.368,,,,0.388,0.61,0,0.643,0.409,0.44,0,0.44,0.445,0.48,0,1,0.494,0.26,0,0.935,0.378,,,,0.421,,,
54902,20190101,-93.29,41.56,0.37,,,,0.39,0.65,0,0.771,0.41,0.46,0,0.44,0.446,0.5,0,1,0.493,0.25,0,0.881,0.38,,,,0.422,,,
54902,20190102,-93.29,41.56,0.371,,,,0.392,0.7,0,0.91,0.411,0.48,0,0.446,0.447,0.51,0,1,0.493,0.25,0,0.845,0.381,,,,0.423,,,
54902,20190103,-93.29,41.56,0.369,,,,0.389,0.72,0,1,0.409,0.45,0,0.381,0.447,0.5,0,1,0.493,0.25,0,0.81,0.379,,,,0.421,,,
54902,20190104,-93.29,41.56,0.365,,,,0.384,0.64,0,1,0.403,0.38,0,0.238,0.444,0.47,0,1,0.493,0.24,0,0.786,0.374,,,,0.418,,,
54902,20190105,-93.29,41.56,0.364,,,,0.38,0.6,0,1,0.401,0.34,0,0.095,0.443,0.45,0,1,0.492,0.23,0,0.762,0.372,,,,0.416,,,
54902,20190106,-93.29,41.56,0.363,,,,0.377,0.58,0,1,0.399,0.32,0,0.012,0.442,0.43,0,1,0.492,0.23,0,0.75,0.37,,,,0.415,,,
54902,20190107,-93.29,41.56,0.364,,,,0.376,0.55,0,1,0.399,0.34,0,0.036,0.441,0.42,0,1,0.492,0.23,0,0.744,0.37,,,,0.414,,,
54902,20190108,-93.29,41.56,0.369,,,,0.38,,,,0.404,0.47,0,0.179,0.443,0.44,0,1,0.492,0.23,0,0.762,0.374,,,,0.417,,,
54902,20190109,-93.29,41.56,0.373,,,,0.383,,,,0.406,0.52,0,0.315,0.444,0.46,0,1,0.492,0.23,0,0.821,0.378,,,,0.42,,,
54902,20190110,-93.29,41.56,0.373,,,,0.386,,,,0.407,0.54,0,0.405,0.445,0.48,0,1,0.492,0.23,0,0.881,0.38,,,,0.421,,,
54902,20190111,-93.29,41.56,0.372,,,,0.388,,,,0.408,0.54,0,0.417,0.445,0.5,0,1,0.493,0.24,0,0.905,0.38,,,,0.421,,,
54902,20190112,-93.29,41.56,0.371,,,,0.39,,,,0.409,0.53,0,0.417,0.445,0.51,0,1,0.493,0.24,0,0.929,0.381,,,,0.422,,,
54902,20190113,-93.29,41.56,0.371,,,,0.393,,,,0.409,0.52,0,0.417,0.445,0.52,0,1,0.493,0.24,0,0.935,0.382,,,,0.422,,,
54902,20190114,-93.29,41.56,0.37,,,,0.394,,,,0.409,0.48,0,0.387,0.445,0.54,0,1,0.493,0.23,0,0.94,0.382,,,,0.422,,,
54902,20190115,-93.29,41.56,0.365,,,,0.39,,,,0.404,0.32,0,0.244,0.444,0.52,0,1,0.493,0.23,0,0.952,0.377,,,,0.419,,,
54902,20190116,-93.29,41.56,0.361,,,,0.387,,,,0.401,0.23,0,0.101,0.443,0.51,0,1,0.493,0.23,0,0.946,0.374,,,,0.417,,,
54902,20190117,-93.29,41.56,0.36,,,,0.386,,,,0.4,0.18,0,0.012,0.442,0.5,0,1,0.493,0.22,0,0.929,0.373,,,,0.416,,,
54902,20190118,-93.29,41.56,0.359,,,,0.385,,,,0.399,0.14,0,0,0.441,0.49,0,1,0.492,0.22,0,0.929,0.372,,,,0.415,,,
54902,20190119,-93.29,41.56,0.359,,,,0.384,,,,0.399,0.12,0,0,0.441,0.49,0,1,0.492,0.21,0,0.929,0.372,,,,0.415,,,
54902,20190120,-93.29,41.56,0.359,,,,0.384,,,,0.398,0.09,0,0,0.441,0.48,0,1,0.492,0.21,0,0.911,0.371,,,,0.415,,,
54902,20190121,-93.29,41.56,0.359,,,,0.383,,,,0.397,0.08,0,0,0.44,0.47,0,1,0.492,0.2,0,0.887,0.371,,,,0.414,,,
54902,20190122,-93.29,41.56,0.359,,,,0.383,,,,0.397,0.07,0,0,0.44,0.46,0,1,0.492,0.2,0,0.851,0.371,,,,0.414,,,
54902,20190123,-93.29,41.56,0.359,,,,0.382,,,,0.397,0.06,0,0,0.44,0.45,0,1,0.492,0.19,0,0.792,0.37,,,,0.414,,,
54902,20190124,-93.29,41.56,0.358,,,,0.382,,,,0.397,0.05,0,0,0.439,0.44,0,1,0.492,0.19,0,0.726,0.37,,,,0.414,,,
54902,20190125,-93.29,41.56,0.358,,,,0.382,,,,0.396,0.05,0,0,0.439,0.43,0,1,0.491,0.18,0,0.595,0.37,,,,0.413,,,
54902,20190126,-93.29,41.56,0.358,,,,0.382,,,,0.396,0.04,0,0,0.438,0.42,0,1,0.491,0.17,0,0.458,0.37,,,,0.413,,,
54902,20190127,-93.29,41.56,0.357,,,,0.382,,,,0.396,0.04,0,0,0.438,0.41,0,1,0.491,0.16,0,0.369,0.37,,,,0.413,,,
54902,20190128,-93.29,41.56,0.357,,,,0.382,,,,0.396,0.05,0,0,0.438,0.41,0,1,0.49,0.15,0,0.286,0.37,,,,0.413,,,
54902,20190129,-93.29,41.56,0.357,,,,0.382,,,,0.396,0.04,0,0,0.438,0.41,0,1,0.49,0.14,0,0.202,0.369,,,,0.412,,,
54902,20190130,-93.29,41.56,0.357,,,,0.382,,,,0.395,0.04,0,0,0.437,0.41,0,1,0.49,0.14,0,0.137,0.369,,,,0.412,,,
54902,20190131,-93.29,41.56,0.357,,,,0.381,,,,0.395,0.04,0,0,0.437,0.42,0,1,0.49,0.13,0,0.083,0.369,,,,0.412,,,
54902,20190201,-93.29,41.56,0.357,,,,0.38,,,,0.395,0.03,0,0,0.437,0.43,0,1,0.49,0.13,0,0.071,0.368,,,,0.412,,,
54902,20190202,-93.29,41.56,0.357,,,,0.378,,,,0.395,0.04,0,0,0.437,0.44,0,1,0.49,0.12,0,0.071,0.367,,,,0.411,,,
54902,20190203,-93.29,41.56,0.359,,,,0.376,,,,0.395,0.04,0,0,0.439,0.5,0,1,0.49,0.12,0,0.054,0.368,,,,0.412,,,
54902,20190204,-93.29,41.56,0.364,,,,0.379,,,,0.403,0.04,0,0,0.442,0.62,0,1,0.49,0.12,0,0.03,0.371,,,,0.415,,,
54902,20190205,-93.29,41.56,0.367,,,,0.38,,,,0.407,0.04,0,0,0.444,0.7,0,1,0.49,0.12,0,0.03,0.374,,,,0.418,,,
54902,20190206,-93.29,41.56,0.368,,,,0.38,,,,0.409,,,,0.445,0.76,0,1,0.49,0.12,0,0.06,0.374,,,,0.419,,,
54902,20190207,-93.29,41.56,,,,,0.38,,,,0.41,,,,0.447,0.8,0,1,0.49,0.12,0,0.089,,,,,,,,
54902,20190208,-93.29,41.56,,,,,0.381,,,,0.411,,,,0.448,0.84,0,1,0.49,0.13,0,0.173,,,,,,,,
54902,20190209,-93.29,41.56,,,,,0.381,,,,0.412,,,,0.448,0.86,0,1,0.49,0.14,0,0.31,,,,,,,,
54902,20190210,-93.29,41.56,,,,,0.382,,,,0.413,,,,0.447,0.83,0,1,0.49,0.15,0,0.44,,,,,,,,
54902,20190211,-93.29,41.56,,,,,0.38,,,,0.406,,,,0.445,0.74,0,1,0.49,0.16,0,0.583,,,,,,,,
54902,20190212,-93.29,41.56,,,,,,,,,0.404,,,,0.443,0.68,0,1,0.49,0.18,0,0.726,,,,,,,,
54902,20190213,-93.29,41.56,,,,,,,,,0.404,,,,0.442,0.64,0,1,0.49,0.18,0,0.815,,,,,,,,
54902,20190214,-93.29,41.56,,,,,,,,,0.404,,,,0.441,0.6,0,1,0.49,0.19,0,0.899,,,,,,,,
54902,20190215,-93.29,41.56,,,,,,,,,0.404,,,,0.44,0.58,0,1,0.49,0.2,0,0.958,,,,,,,,
54902,20190216,-93.29,41.56,,,,,,,,,0.405,,,,0.44,0.56,0,1,0.49,0.2,0,0.952,,,,,,,,
54902,20190217,-93.29,41.56,,,,,,,,,0.405,,,,0.439,0.54,0,1,0.49,0.2,0,0.935,,,,,,,,
54902,20190218,-93.29,41.56,,,,,,,,,0.404,,,,0.439,0.52,0,1,0.49,0.2,0,0.905,,,,,,,,
54902,20190219,-93.29,41.56,,,,,,,,,0.404,,,,0.438,0.5,0,1,0.49,0.2,0,0.893,,,,,,,,
54902,20190220,-93.29,41.56,,,,,,,,,0.404,,,,0.438,0.48,0,1,0.489,0.2,0,0.881,,,,,,,,
54902,20190221,-93.29,41.56,,,,,,,,,0.403,,,,0.437,0.46,0,1,0.489,0.2,0,0.821,,,,,,,,
54902,20190222,-93.29,41.56,,,,,,,,,0.403,,,,0.437,0.45,0,1,0.489,0.18,0,0.738,,,,,,,,
54902,20190223,-93.29,41.56,,,,,,,,,0.403,,,,0.437,0.44,0,1,0.489,0.17,0,0.661,,,,,,,,
54902,20190224,-93.29,41.56,,,,,,,,,0.407,,,,0.441,0.54,0,1,0.489,0.16,0,0.613,,,,,,,,
54902,20190225,-93.29,41.56,,,,,,,,,0.411,,,,0.443,0.59,0,1,0.489,0.16,0,0.607,,,,,,,,
54902,20190226,-93.29,41.56,,,,,,,,,0.412,,,,0.444,0.61,0,1,0.489,0.16,0,0.583,,,,,,,,
54902,20190227,-93.29,41.56,,,,,,,,,0.413,,,,0.446,0.64,0,1,0.489,0.15,0,0.571,,,,,,,,
54902,20190228,-93.29,41.56,,,,,,,,,0.414,,,,0.446,0.65,0,1,0.489,0.15,0,0.589,,,,,,,,
54902,20190301,-93.29,41.56,,,,,,,,,0.415,,,,0.447,0.66,0,1,0.489,0.16,0,0.619,,,,,,,,
54902,20190302,-93.29,41.56,,,,,,,,,0.415,0.15,0,0,0.447,0.67,0,1,0.489,0.16,0,0.673,,,,,,,,
54902,20190303,-93.29,41.56,,,,,,,,,0.411,0.15,0,0,0.443,0.56,0,1,0.49,0.16,0,0.661,,,,,,,,
54902,20190304,-93.29,41.56,,,,,,,,,0.407,0.13,0,0,0.442,0.5,0,1,0.49,0.15,0,0.565,,,,,,,,
54902,20190305,-93.29,41.56,,,,,,,,,0.406,0.12,0,0,0.44,0.47,0,1,0.49,0.14,0,0.488,,,,,,,,
54902,20190306,-93.29,41.56,,,,,,,,,0.405,0.12,0,0,0.439,0.43,0,0.994,0.49,0.13,0,0.387,,,,,,,,
54902,20190307,-93.29,41.56,,,,,,,,,0.405,0.1,0,0,0.438,0.4,0,0.958,0.49,0.12,0,0.31,,,,,,,,
54902,20190308,-93.29,41.56,,,,,,,,,0.405,0.1,0,0,0.438,0.37,0,0.893,0.49,0.11,0,0.226,,,,,,,,
54902,20190309,-93.29,41.56,,,,,,,,,0.406,0.16,0,0.083,0.438,0.37,0,0.839,0.489,0.1,0,0.113,,,,,,,,
54902,20190310,-93.29,41.56,,,,,,,,,0.407,0.19,0,0.12,0.438,0.37,0,0.827,0.49,0.09,0,0.054,,,,,,,,
54902,20190311,-93.29,41.56,,,,,,,,,0.407,0.17,0,0.119,0.438,0.35,0,0.768,0.489,0.07,0,0.042,,,,,,,,
54902,20190312,-93.29,41.56,,,,,,,,,0.407,0.15,0,0.119,0.438,0.34,0,0.625,0.489,0.06,0,0.012,,,,,,,,
54902,20190313,-93.29,41.56,,,,,,,,,0.407,0.14,0,0.119,0.438,0.32,0,0.494,0.489,0.05,0,0.006,,,,,,,,
54902,20190314,-93.29,41.56,,,,,,,,,0.407,0.13,0,0.119,0.44,0.35,0,0.494,0.489,0.04,0,0.006,,,,,,,,
54902,20190315,-93.29,41.56,,,,,,,,,0.407,0.11,0,0.119,0.442,0.39,0,0.56,0.489,0.03,0,0.006,,,,,,,,
54902,20190316,-93.29,41.56,,,,,,,,,0.404,0.02,0,0.042,0.442,0.38,0,0.589,0.49,0.04,0,0.006,,,,,,,,
54902,20190317,-93.29,41.56,,,,,,,,,0.403,-0.05,0,0,0.442,0.37,0,0.548,0.49,0.04,0,0.006,,,,,,,,
54902,20190318,-93.29,41.56,,,,,,,,,0.402,-0.07,0,0,0.442,0.38,0,0.565,0.49,0.04,0,0.006,,,,,,,,
54902,20190319,-93.29,41.56,,,,,,,,,0.402,-0.08,0,0,0.443,0.38,0,0.595,0.491,0.05,0,0.006,,,,,,,,
54902,20190320,-93.29,41.56,,,,,,,,,0.402,-0.1,0,0,0.443,0.39,0,0.613,0.491,0.05,0,0.006,,,,,,,,
54902,20190321,-93.29,41.56,,,,,,,,,0.402,-0.1,0,0,0.443,0.37,0,0.649,0.491,0.05,0,0.006,,,,,,,,
54902,20190322,-93.29,41.56,,,,,,,,,0.404,-0.05,0,0.006,0.442,0.36,0,0.649,0.491,0.04,0,0,,,,,,,,
54902,20190323,-93.29,41.56,,,,,,,,,0.407,0.02,0,0.012,0.443,0.38,0,0.673,0.491,0.02,0,0,,,,,,,,
54902,20190324,-93.29,41.56,,,,,,,,,0.408,0.08,0,0.012,0.443,0.38,0,0.726,0.491,0,0,0,,,,,,,,
54902,20190325,-93.29,41.56,,,,,,,,,0.409,0.09,0,0.012,0.444,0.4,0,0.756,0.491,0,0,0,,,,,,,,
54902,20190326,-93.29,41.56,,,,,,,,,0.41,0.1,0,0.012,0.444,0.42,0,0.869,0.491,-0.01,0,0,,,,,,,,
54902,20190327,-93.29,41.56,,,,,,,,,0.41,0.1,0,0.012,0.445,0.44,0,0.988,0.492,-0.02,0,0,,,,,,,,
54902,20190328,-93.29,41.56,0.353,0.1,0,0.088,0.387,0.19,0,0.172,0.41,0.09,0,0.012,0.445,0.44,0,0.988,0.492,-0.02,0,0,0.37,0.12,0,0,0.417,0.14,0,0.022
54902,20190329,-93.29,41.56,0.35,0.05,0,0.037,0.386,0.16,0,0.083,0.409,0.03,0,0.006,0.446,0.44,0,0.988,0.492,-0.03,0,0,0.368,0.1,0,0,0.417,0.12,0,0.019
54902,20190330,-93.29,41.56,0.35,0.04,0,0.065,0.387,0.17,0,0.077,0.409,0.01,0,0.065,0.446,0.46,0,0.988,0.492,-0.03,0,0,0.368,0.11,0,0.071,0.417,0.14,0,0.077
54902,20190331,-93.29,41.56,0.351,0.07,0,0.065,0.387,0.19,0,0.149,0.409,0.02,0,0.101,0.448,0.52,0,0.988,0.493,-0.02,0,0,0.369,0.13,0,0.071,0.418,0.16,0,0.113
54902,20190401,-93.29,41.56,0.35,0.07,0,0.065,0.387,0.19,0,0.149,0.41,0.02,0,0.101,0.449,0.55,0,1,0.493,-0.01,0,0,0.369,0.13,0,0.071,0.418,0.17,0,0.113
54902,20190402,-93.29,41.56,0.35,0.06,0,0.065,0.387,0.19,0,0.149,0.41,0.01,0,0.101,0.45,0.57,0,1,0.494,0.01,0,0,0.369,0.12,0,0.071,0.418,0.17,0,0.113
54902,20190403,-93.29,41.56,0.35,0.06,0,0.065,0.387,0.19,0,0.149,0.41,0,0,0.101,0.45,0.58,0,1,0.494,0.01,0,0,0.368,0.13,0,0.071,0.418,0.17,0,0.113
54902,20190404,-93.29,41.56,0.349,0.07,0,0.065,0.387,0.19,0,0.149,0.409,-0.01,0,0.101,0.451,0.58,0,1,0.495,0.02,0,0,0.368,0.13,0,0.071,0.418,0.18,0,0.113
54902,20190405,-93.29,41.56,0.35,0.09,0,0.065,0.387,0.19,0,0.149,0.409,-0.02,0,0.101,0.451,0.58,0,1,0.495,0.02,0,0,0.368,0.14,0,0.071,0.419,0.19,0,0.113
54902,20190406,-93.29,41.56,0.348,0.05,0,0,0.386,0.16,0,0.071,0.408,-0.09,0,0.036,0.451,0.55,0,1,0.496,0.03,0,0,0.367,0.1,0,0,0.418,0.16,0,0.036
54902,20190407,-93.29,41.56,0.347,0.02,0,0,0.385,0.13,0,0,0.406,-0.14,0,0,0.45,0.5,0,1,0.496,0.02,0,0,0.366,0.08,0,0,0.417,0.13,0,0
54902,20190408,-93.29,41.56,0.35,0.1,0,0.137,0.386,0.19,0,0.125,0.407,-0.09,0,0.077,0.45,0.47,0,1,0.496,0.03,0,0,0.368,0.14,0,0.131,0.418,0.19,0,0.131
54902,20190409,-93.29,41.56,0.352,0.15,0,0.167,0.388,0.25,0,0.268,0.409,-0.03,0,0.185,0.45,0.47,0,1,0.497,0.03,0,0,0.37,0.2,0,0.22,0.419,0.24,0,0.274
54902,20190410,-93.29,41.56,0.353,0.19,0,0.167,0.39,0.3,0,0.411,0.41,0.03,0,0.196,0.451,0.48,0,1,0.498,0.04,0,0,0.371,0.24,0,0.22,0.42,0.29,0,0.399
54902,20190411,-93.29,41.56,0.354,0.22,0,0.167,0.391,0.34,0,0.542,0.412,0.09,0,0.196,0.452,0.5,0,1,0.498,0.06,0,0.006,0.372,0.27,0,0.22,0.421,0.33,0,0.464
54902,20190412,-93.29,41.56,0.353,0.24,0,0.167,0.391,0.36,0,0.565,0.412,0.14,0,0.196,0.453,0.51,0,1,0.499,0.07,0,0.006,0.372,0.29,0,0.22,0.422,0.36,0,0.476
54902,20190413,-93.29,41.56,0.352,0.25,0,0.167,0.391,0.37,0,0.565,0.413,0.16,0,0.196,0.454,0.53,0,1,0.5,0.09,0,0.006,0.371,0.31,0,0.22,0.422,0.38,0,0.476
54902,20190414,-93.29,41.56,0.351,0.25,0,0.167,0.39,0.37,0,0.565,0.412,0.16,0,0.196,0.454,0.52,0,1,0.501,0.1,0,0.006,0.371,0.31,0,0.22,0.421,0.39,0,0.476
54902,20190415,-93.29,41.56,0.346,0.17,0,0.03,0.387,0.3,0,0.44,0.41,0.1,0,0.119,0.453,0.5,0,1,0.501,0.1,0,0.006,0.366,0.25,0,0.089,0.419,0.33,0,0.345
54902,20190416,-93.29,41.56,0.342,0.12,0,0,0.384,0.25,0,0.298,0.408,0.04,0,0.012,0.453,0.47,0,1,0.501,0.09,0,0.006,0.363,0.2,0,0,0.418,0.29,0,0.202
54902,20190417,-93.29,41.56,0.339,0.08,0,0,0.382,0.2,0,0.155,0.406,-0.02,0,0,0.452,0.44,0,1,0.501,0.06,0,0.006,0.36,0.17,0,0,0.416,0.25,0,0.077
54902,20190418,-93.29,41.56,0.336,0.04,0,0,0.38,0.17,0,0.024,0.404,-0.06,0,0,0.451,0.41,0,1,0.501,0.04,0,0,0.358,0.14,0,0,0.414,0.22,0,0.012
54902,20190419,-93.29,41.56,0.333,0.01,0,0,0.378,0.14,0,0,0.403,-0.09,0,0,0.45,0.38,0,1,0.502,0.02,0,0,0.356,0.11,0,0,0.413,0.19,0,0
54902,20190420,-93.29,41.56,0.33,-0.03,0,0,0.376,0.12,0,0,0.402,-0.12,0,0,0.45,0.35,0,0.994,0.502,0.02,0,0,0.353,0.08,0,0,0.412,0.16,0,0
54902,20190421,-93.29,41.56,0.327,-0.07,0,0,0.374,0.08,0,0,0.401,-0.15,0,0,0.45,0.34,0,0.988,0.502,0.01,0,0,0.351,0.04,0,0,0.411,0.13,0,0
54902,20190422,-93.29,41.56,0.323,-0.13,0,0,0.371,0.04,0,0,0.4,-0.19,0.077,0,0.45,0.33,0,0.988,0.502,0.02,0,0,0.347,-0.01,0,0,0.409,0.09,0,0
54902,20190423,-93.29,41.56,0.318,-0.2,0.083,0,0.369,0,0,0,0.399,-0.23,0.202,0,0.45,0.34,0,0.988,0.503,0.03,0,0,0.343,-0.07,0,0,0.408,0.05,0,0
54902,20190424,-93.29,41.56,0.312,-0.28,0.226,0,0.365,-0.06,0,0,0.398,-0.28,0.339,0,0.45,0.35,0,0.988,0.503,0.03,0,0,0.338,-0.15,0.143,0,0.406,-0.02,0.006,0
54902,20190425,-93.29,41.56,0.304,-0.37,0.369,0,0.361,-0.13,0.054,0,0.396,-0.33,0.482,0,0.45,0.35,0,0.988,0.504,0.04,0,0,0.333,-0.24,0.286,0,0.403,-0.09,0.137,0
54902,20190426,-93.29,41.56,0.296,-0.47,0.512,0,0.356,-0.2,0.125,0,0.394,-0.38,0.625,0,0.45,0.36,0,0.988,0.504,0.04,0,0,0.326,-0.34,0.429,0,0.4,-0.18,0.28,0
54902,20190427,-93.29,41.56,0.288,-0.57,0.655,0,0.352,-0.28,0.268,0,0.393,-0.43,0.768,0,0.45,0.36,0,0.994,0.504,0.03,0,0,0.32,-0.45,0.571,0,0.397,-0.27,0.423,0
54902,20190428,-93.29,41.56,0.28,-0.67,0.798,0,0.347,-0.35,0.411,0,0.391,-0.46,0.911,0,0.45,0.36,0,0.994,0.504,0.03,0,0,0.313,-0.54,0.714,0,0.394,-0.36,0.565,0
54902,20190429,-93.29,41.56,0.274,-0.73,0.929,0,0.343,-0.41,0.554,0,0.39,-0.49,0.976,0,0.45,0.36,0,0.994,0.504,0.02,0,0,0.308,-0.62,0.857,0,0.392,-0.43,0.708,0
54902,20190430,-93.29,41.56,0.273,-0.72,0.845,0,0.339,-0.46,0.696,0,0.388,-0.52,0.994,0,0.45,0.35,0,0.994,0.504,0.01,0,0,0.306,-0.63,0.982,0,0.391,-0.46,0.786,0
54902,20190501,-93.29,41.56,0.279,-0.62,0.702,0.048,0.336,-0.49,0.839,0,0.387,-0.53,1,0,0.449,0.34,0,0.994,0.504,0.01,0,0,0.308,-0.58,0.863,0,0.391,-0.43,0.78,0
54902,20190502,-93.29,41.56,0.29,-0.46,0.56,0.19,0.334,-0.5,0.905,0,0.386,-0.53,1,0,0.449,0.33,0,0.988,0.504,0.02,0,0,0.312,-0.48,0.72,0,0.393,-0.36,0.649,0
54902,20190503,-93.29,41.56,0.3,-0.31,0.417,0.268,0.333,-0.51,0.952,0,0.385,-0.53,1,0,0.449,0.32,0,0.988,0.504,0.01,0,0,0.316,-0.38,0.577,0,0.394,-0.29,0.506,0
54902,20190504,-93.29,41.56,0.31,-0.15,0.274,0.268,0.332,-0.5,0.875,0,0.385,-0.52,1,0,0.448,0.31,0,0.988,0.505,0.01,0,0,0.321,-0.27,0.435,0,0.396,-0.21,0.363,0
54902,20190505,-93.29,41.56,0.32,0,0.131,0.268,0.331,-0.49,0.839,0,0.384,-0.52,1,0,0.448,0.3,0,0.994,0.504,-0.04,0.089,0,0.325,-0.17,0.292,0,0.398,-0.13,0.22,0
54902,20190506,-93.29,41.56,0.327,0.11,0,0.268,0.33,-0.48,0.839,0,0.384,-0.51,1,0,0.448,0.29,0,0.946,0.504,-0.1,0.22,0,0.329,-0.09,0.149,0,0.399,-0.08,0.077,0
54902,20190507,-93.29,41.56,0.328,0.14,0,0.268,0.329,-0.47,0.839,0,0.383,-0.51,1,0,0.448,0.3,0,0.946,0.503,-0.16,0.333,0,0.328,-0.07,0.024,0,0.398,-0.07,0,0
54902,20190508,-93.29,41.56,0.323,0.09,0,0.22,0.327,-0.48,0.839,0,0.382,-0.52,1,0,0.448,0.3,0,0.917,0.503,-0.23,0.458,0,0.325,-0.11,0.036,0,0.396,-0.1,0,0
54902,20190509,-93.29,41.56,0.323,0.1,0,0.185,0.325,-0.49,0.863,0,0.381,-0.53,1,0,0.448,0.29,0,0.875,0.502,-0.31,0.601,0,0.324,-0.12,0.036,0,0.396,-0.11,0,0
54902,20190510,-93.29,41.56,0.324,0.11,0,0.22,0.323,-0.5,0.887,0,0.38,-0.54,1,0,0.448,0.29,0,0.798,0.501,-0.38,0.732,0,0.324,-0.11,0.036,0,0.395,-0.11,0,0
54902,20190511,-93.29,41.56,0.325,0.12,0,0.22,0.321,-0.51,0.964,0,0.38,-0.56,1,0,0.448,0.28,0,0.661,0.501,-0.44,0.845,0,0.323,-0.11,0.036,0,0.395,-0.12,0,0
54902,20190512,-93.29,41.56,0.327,0.14,0,0.22,0.32,-0.52,1,0,0.379,-0.57,1,0,0.447,0.26,0,0.524,0.501,-0.44,0.857,0,0.323,-0.1,0.036,0,0.395,-0.11,0,0
54902,20190513,-93.29,41.56,0.329,0.16,0,0.22,0.318,-0.52,1,0,0.378,-0.58,1,0,0.447,0.26,0,0.435,0.501,-0.44,0.857,0,0.324,-0.09,0.036,0,0.395,-0.1,0,0
54902,20190514,-93.29,41.56,0.332,0.19,0,0.22,0.317,-0.51,1,0,0.378,-0.59,1,0,0.447,0.23,0,0.292,0.502,-0.44,0.845,0,0.325,-0.06,0.036,0,0.395,-0.09,0,0
54902,20190515,-93.29,41.56,0.34,0.26,0,0.22,0.316,-0.5,1,0,0.377,-0.59,1,0,0.446,0.21,0,0.179,0.502,-0.42,0.792,0,0.328,-0.01,0,0,0.396,-0.06,0,0
54902,20190516,-93.29,41.56,0.337,0.22,0,0.113,0.315,-0.5,1,0,0.377,-0.59,1,0,0.446,0.19,0,0.083,0.502,-0.41,0.774,0,0.326,-0.04,0,0,0.396,-0.08,0,0
54902,20190517,-93.29,41.56,0.338,0.21,0,0.055,0.318,-0.45,0.945,0.012,0.379,-0.53,0.945,0.049,0.446,0.21,0,0.073,0.503,-0.41,0.744,0,0.328,-0.02,0,0.055,0.397,-0.07,0,0.055
54902,20190518,-93.29,41.56,0.346,0.27,0,0.201,0.332,-0.24,0.799,0.159,0.389,-0.29,0.799,0.195,0.451,0.35,0,0.213,0.503,-0.35,0.628,0,0.339,0.1,0,0.201,0.404,0.09,0,0.201
54902,20190519,-93.29,41.56,0.355,0.35,0,0.348,0.347,-0.01,0.652,0.305,0.4,-0.03,0.652,0.341,0.455,0.52,0,0.354,0.504,-0.3,0.524,0,0.351,0.25,0,0.348,0.412,0.27,0,0.348
54902,20190520,-93.29,41.56,0.363,0.43,0,0.494,0.362,0.21,0.506,0.451,0.41,0.21,0.506,0.488,0.46,0.68,0,0.494,0.505,-0.24,0.39,0,0.363,0.39,0,0.494,0.42,0.44,0,0.494
54902,20190521,-93.29,41.56,0.371,0.51,0,0.64,0.376,0.41,0.36,0.598,0.418,0.39,0.36,0.634,0.463,0.81,0,0.64,0.506,-0.18,0.287,0,0.373,0.52,0,0.64,0.427,0.6,0,0.64
54902,20190522,-93.29,41.56,0.38,0.61,0,0.787,0.393,0.65,0.213,0.744,0.43,0.66,0.213,0.78,0.469,1,0,0.787,0.508,-0.11,0.213,0,0.386,0.68,0,0.787,0.436,0.8,0,0.787
54902,20190523,-93.29,41.56,0.386,0.69,0,0.933,0.407,0.86,0.067,0.89,0.439,0.87,0.067,0.927,0.473,1.14,0,0.933,0.509,-0.02,0.085,0,0.397,0.8,0,0.933,0.443,0.96,0,0.933
54902,20190524,-93.29,41.56,0.388,0.72,0,1,0.415,0.97,0,1,0.443,0.96,0,1,0.475,1.21,0,1,0.511,0.07,0,0.012,0.402,0.87,0,1,0.446,1.04,0,1
54902,20190525,-93.29,41.56,0.389,0.74,0,1,0.418,1,0,1,0.445,1,0,1,0.478,1.28,0,1,0.511,0.12,0,0.03,0.403,0.89,0,1,0.448,1.08,0,1
54902,20190526,-93.29,41.56,0.387,0.73,0,1,0.417,0.98,0,1,0.443,0.94,0,1,0.478,1.24,0,1,0.512,0.17,0,0.054,0.402,0.87,0,1,0.447,1.04,0,1
54902,20190527,-93.29,41.56,0.388,0.74,0,1,0.418,0.98,0,1,0.444,0.93,0,1,0.479,1.24,0,1,0.513,0.2,0,0.06,0.403,0.88,0,1,0.448,1.04,0,1
54902,20190528,-93.29,41.56,0.393,0.79,0,1,0.422,1.01,0,1,0.448,1,0,1,0.482,1.29,0,1,0.514,0.25,0,0.113,0.407,0.92,0,1,0.452,1.09,0,1
54902,20190529,-93.29,41.56,0.396,0.82,0,1,0.425,1.02,0,1,0.454,1.07,0,1,0.488,1.43,0,1,0.515,0.3,0,0.25,0.411,0.94,0,1,0.456,1.14,0,1
54902,20190530,-93.29,41.56,0.399,0.84,0,1,0.427,1.03,0,1,0.458,1.12,0,1,0.496,1.59,0,1,0.516,0.35,0,0.393,0.413,0.97,0,1,0.459,1.18,0,1
54902,20190531,-93.29,41.56,0.399,0.84,0,1,0.428,1.03,0,1,0.458,1.11,0,1,0.498,1.62,0,1,0.517,0.39,0,0.524,0.413,0.97,0,1,0.46,1.18,0,1
54902,20190601,-93.29,41.56,0.395,0.8,0,1,0.424,0.97,0,1,0.454,1.01,0,1,0.495,1.5,0,1,0.518,0.42,0,0.649,0.41,0.93,0,1,0.457,1.11,0,1
54902,20190602,-93.29,41.56,0.391,0.77,0,0.952,0.423,0.94,0,1,0.453,0.97,0,1,0.495,1.48,0,1,0.518,0.44,0,0.72,0.407,0.9,0,1,0.456,1.07,0,1
54902,20190603,-93.29,41.56,0.383,0.7,0,0.81,0.418,0.88,0,1,0.448,0.89,0,0.982,0.493,1.42,0,1,0.519,0.45,0,0.75,0.401,0.84,0,0.946,0.452,0.99,0,1
54902,20190604,-93.29,41.56,0.371,0.6,0,0.667,0.412,0.8,0,1,0.442,0.78,0,0.863,0.491,1.34,0,1,0.519,0.44,0,0.696,0.391,0.74,0,0.804,0.447,0.89,0,0.982
54902,20190605,-93.29,41.56,0.355,0.46,0,0.524,0.402,0.69,0,1,0.43,0.58,0,0.726,0.483,1.12,0,1,0.518,0.4,0,0.56,0.378,0.61,0,0.661,0.438,0.71,0,0.839
54902,20190606,-93.29,41.56,0.341,0.35,0,0.381,0.395,0.61,0,0.994,0.423,0.47,0,0.583,0.475,0.9,0,1,0.518,0.34,0,0.417,0.368,0.51,0,0.518,0.43,0.58,0,0.696
54902,20190607,-93.29,41.56,0.327,0.23,0,0.238,0.389,0.55,0,0.851,0.418,0.4,0,0.44,0.472,0.84,0,1,0.517,0.28,0,0.274,0.358,0.41,0,0.375,0.425,0.49,0,0.554
54902,20190608,-93.29,41.56,0.312,0.11,0,0.095,0.383,0.49,0,0.708,0.413,0.33,0,0.298,0.472,0.81,0,1,0.516,0.22,0,0.131,0.348,0.31,0,0.232,0.419,0.39,0,0.411
54902,20190609,-93.29,41.56,0.297,-0.01,0.065,0,0.377,0.43,0,0.565,0.407,0.26,0,0.155,0.471,0.78,0,1,0.515,0.17,0,0.036,0.337,0.21,0,0.089,0.413,0.31,0,0.268
54902,20190610,-93.29,41.56,0.282,-0.13,0.208,0,0.371,0.38,0,0.423,0.401,0.19,0,0.03,0.47,0.75,0,1,0.515,0.15,0,0,0.327,0.12,0,0,0.408,0.23,0,0.125
54902,20190611,-93.29,41.56,0.269,-0.23,0.351,0,0.366,0.34,0,0.28,0.394,0.11,0,0.006,0.468,0.7,0,1,0.514,0.13,0,0,0.317,0.03,0,0,0.402,0.16,0,0
54902,20190612,-93.29,41.56,0.255,-0.34,0.494,0,0.36,0.29,0,0.137,0.387,0.03,0,0,0.467,0.66,0,1,0.514,0.12,0,0,0.308,-0.05,0,0,0.397,0.08,0,0
54902,20190613,-93.29,41.56,0.244,-0.44,0.637,0,0.355,0.23,0,0,0.379,-0.06,0,0,0.465,0.61,0,1,0.514,0.11,0,0,0.299,-0.13,0,0,0.391,0.01,0,0
54902,20190614,-93.29,41.56,0.234,-0.52,0.78,0,0.35,0.19,0,0,0.372,-0.14,0,0,0.463,0.56,0,0.994,0.513,0.1,0,0,0.292,-0.19,0.018,0,0.386,-0.05,0,0
54902,20190615,-93.29,41.56,0.226,-0.59,0.923,0,0.346,0.14,0,0,0.365,-0.2,0,0,0.461,0.51,0,0.917,0.513,0.1,0,0,0.286,-0.25,0.137,0,0.382,-0.1,0,0
54902,20190616,-93.29,41.56,0.233,-0.53,0.923,0.077,0.344,0.12,0,0,0.361,-0.25,0,0,0.459,0.47,0,0.857,0.512,0.06,0,0,0.288,-0.22,0.196,0.048,0.382,-0.11,0,0
54902,20190617,-93.29,41.56,0.249,-0.4,0.78,0.161,0.344,0.12,0,0,0.357,-0.28,0,0,0.456,0.43,0,0.744,0.51,0.01,0,0,0.297,-0.15,0.196,0.048,0.383,-0.08,0,0
54902,20190618,-93.29,41.56,0.264,-0.27,0.637,0.161,0.345,0.12,0,0,0.354,-0.3,0,0,0.454,0.39,0,0.601,0.508,-0.04,0,0,0.305,-0.08,0.196,0.048,0.385,-0.06,0,0
54902,20190619,-93.29,41.56,0.277,-0.16,0.494,0.161,0.346,0.12,0,0,0.353,-0.31,0,0,0.452,0.35,0,0.458,0.506,-0.09,0,0,0.312,-0.02,0.196,0.048,0.387,-0.03,0,0
54902,20190620,-93.29,41.56,0.29,-0.05,0.351,0.161,0.348,0.13,0,0,0.352,-0.31,0,0,0.451,0.32,0,0.315,0.504,-0.13,0,0,0.319,0.05,0.196,0.048,0.389,0.01,0,0
54902,20190621,-93.29,41.56,0.302,0.06,0.208,0.161,0.349,0.14,0,0,0.352,-0.31,0,0,0.449,0.29,0,0.179,0.503,-0.17,0,0,0.326,0.11,0.179,0.048,0.391,0.04,0,0
54902,20190622,-93.29,41.56,0.329,0.27,0.065,0.298,0.361,0.24,0,0.137,0.354,-0.27,0,0,0.449,0.29,0,0.155,0.501,-0.2,0,0,0.345,0.27,0.06,0.185,0.399,0.14,0,0.06
54902,20190623,-93.29,41.56,0.344,0.4,0,0.363,0.374,0.35,0,0.28,0.36,-0.21,0,0.042,0.45,0.29,0,0.131,0.501,-0.21,0,0,0.359,0.39,0,0.28,0.406,0.23,0,0.179
54902,20190624,-93.29,41.56,0.351,0.44,0,0.423,0.385,0.43,0,0.423,0.374,-0.08,0,0.185,0.454,0.32,0,0.244,0.502,-0.18,0,0,0.368,0.45,0,0.423,0.413,0.31,0,0.321
54902,20190625,-93.29,41.56,0.357,0.5,0,0.565,0.393,0.5,0,0.565,0.385,0.03,0,0.327,0.456,0.34,0,0.351,0.503,-0.14,0,0,0.375,0.51,0,0.565,0.419,0.38,0,0.464
54902,20190626,-93.29,41.56,0.365,0.55,0,0.696,0.401,0.56,0,0.708,0.396,0.13,0,0.339,0.457,0.36,0,0.357,0.504,-0.11,0,0,0.383,0.57,0,0.708,0.425,0.44,0,0.601
54902,20190627,-93.29,41.56,0.371,0.6,0,0.708,0.408,0.62,0,0.851,0.406,0.23,0,0.345,0.459,0.38,0,0.363,0.505,-0.08,0,0,0.39,0.62,0,0.851,0.43,0.5,0,0.702
54902,20190628,-93.29,41.56,0.377,0.64,0,0.708,0.415,0.68,0,0.994,0.416,0.32,0,0.345,0.461,0.41,0,0.363,0.506,-0.05,0,0,0.396,0.67,0,0.869,0.435,0.57,0,0.702
54902,20190629,-93.29,41.56,0.367,0.56,0,0.571,0.411,0.64,0,1,0.424,0.39,0,0.345,0.461,0.41,0,0.321,0.506,-0.02,0,0,0.389,0.6,0,0.732,0.434,0.56,0,0.643
54902,20190630,-93.29,41.56,0.353,0.45,0,0.429,0.403,0.58,0,0.887,0.426,0.41,0,0.304,0.459,0.4,0,0.262,0.507,0,0,0,0.378,0.51,0,0.589,0.43,0.52,0,0.524
54902,20190701,-93.29,41.56,0.338,0.34,0,0.286,0.396,0.52,0,0.744,0.421,0.37,0,0.161,0.456,0.37,0,0.119,0.505,-0.02,0,0,0.367,0.42,0,0.446,0.423,0.45,0,0.381
54902,20190702,-93.29,41.56,0.323,0.22,0,0.143,0.388,0.47,0,0.601,0.417,0.35,0,0.018,0.454,0.36,0,0.012,0.505,-0.03,0,0,0.355,0.33,0,0.304,0.417,0.4,0,0.238
54902,20190703,-93.29,41.56,0.307,0.11,0,0.012,0.381,0.42,0,0.458,0.413,0.33,0,0.006,0.453,0.36,0,0.018,0.504,-0.04,0,0,0.344,0.24,0,0.161,0.412,0.35,0,0.101
54902,20190704,-93.29,41.56,0.292,-0.01,0.012,0,0.372,0.36,0,0.315,0.409,0.3,0,0,0.452,0.36,0,0.054,0.503,-0.05,0,0,0.332,0.15,0,0.018,0.406,0.3,0,0
54902,20190705,-93.29,41.56,0.278,-0.11,0.119,0,0.363,0.3,0,0.173,0.405,0.28,0,0,0.451,0.37,0,0.119,0.501,-0.07,0,0,0.321,0.07,0,0,0.4,0.26,0,0
54902,20190706,-93.29,41.56,0.264,-0.2,0.262,0,0.354,0.23,0,0.03,0.4,0.26,0,0,0.449,0.38,0,0.119,0.5,-0.08,0,0,0.309,-0.02,0,0,0.393,0.21,0,0
54902,20190707,-93.29,41.56,0.252,-0.29,0.405,0,0.345,0.17,0,0,0.395,0.23,0,0,0.448,0.39,0,0.119,0.499,-0.09,0,0,0.298,-0.09,0,0,0.388,0.17,0,0
54902,20190708,-93.29,41.56,0.241,-0.36,0.548,0,0.335,0.1,0,0,0.389,0.21,0,0,0.447,0.4,0,0.119,0.498,-0.09,0,0,0.288,-0.17,0.083,0,0.382,0.13,0,0
54902,20190709,-93.29,41.56,0.231,-0.43,0.69,0,0.325,0.04,0,0,0.383,0.18,0,0,0.445,0.4,0,0.119,0.497,-0.11,0,0,0.278,-0.23,0.22,0,0.376,0.09,0,0
54902,20190710,-93.29,41.56,0.223,-0.47,0.833,0,0.316,-0.03,0,0,0.377,0.15,0.006,0.012,0.442,0.39,0,0.113,0.496,-0.12,0,0.012,0.27,-0.29,0.345,0,0.371,0.05,0,0
54902,20190711,-93.29,41.56,0.217,-0.51,0.958,0,0.307,-0.09,0.036,0,0.373,0.14,0.006,0.048,0.439,0.39,0,0.072,0.495,-0.13,0.012,0.03,0.262,-0.33,0.473,0,0.367,0.01,0,0
54902,20190712,-93.29,41.56,0.212,-0.54,0.994,0,0.299,-0.15,0.097,0,0.367,0.11,0.012,0.056,0.436,0.38,0,0.006,0.494,-0.14,0.019,0.043,0.256,-0.37,0.61,0,0.362,-0.02,0,0
54902,20190713,-93.29,41.56,0.208,-0.57,0.994,0,0.291,-0.2,0.164,0,0.361,0.08,0.019,0.056,0.433,0.36,0,0.006,0.493,-0.13,0.019,0.069,0.249,-0.41,0.756,0,0.358,-0.05,0,0
54902,20190714,-93.29,41.56,0.204,-0.58,0.994,0,0.283,-0.25,0.242,0,0.355,0.05,0.019,0.056,0.429,0.35,0,0.006,0.492,-0.14,0.025,0.081,0.244,-0.44,0.902,0,0.353,-0.08,0,0
54902,20190715,-93.29,41.56,0.201,-0.6,0.994,0,0.276,-0.3,0.358,0,0.348,0.01,0.019,0.056,0.426,0.34,0,0.006,0.491,-0.15,0.025,0.088,0.238,-0.46,0.963,0,0.349,-0.12,0,0
54902,20190716,-93.29,41.56,0.198,-0.61,0.994,0,0.269,-0.34,0.497,0,0.34,-0.03,0.019,0.056,0.422,0.33,0,0.006,0.488,-0.17,0.063,0.088,0.233,-0.48,0.97,0,0.344,-0.15,0,0
54902,20190717,-93.29,41.56,0.195,-0.61,0.994,0,0.263,-0.37,0.642,0,0.332,-0.07,0.012,0.043,0.418,0.32,0,0,0.485,-0.19,0.08,0.074,0.229,-0.5,0.988,0,0.339,-0.18,0.037,0
54902,20190718,-93.29,41.56,0.198,-0.56,0.885,0,0.258,-0.39,0.735,0,0.323,-0.12,0.012,0.006,0.414,0.3,0,0,0.483,-0.2,0.074,0.055,0.228,-0.49,0.903,0,0.335,-0.2,0.067,0
54902,20190719,-93.29,41.56,0.199,-0.52,0.798,0,0.253,-0.41,0.804,0,0.316,-0.16,0.006,0,0.41,0.28,0,0,0.481,-0.21,0.066,0.042,0.226,-0.47,0.887,0,0.332,-0.21,0.066,0
54902,20190720,-93.29,41.56,0.198,-0.5,0.784,0,0.249,-0.42,0.875,0,0.308,-0.19,0,0,0.405,0.26,0,0,0.477,-0.24,0.101,0.018,0.224,-0.47,0.874,0,0.328,-0.23,0.114,0
54902,20190721,-93.29,41.56,0.212,-0.35,0.701,0.078,0.251,-0.38,0.857,0.006,0.305,-0.19,0,0,0.4,0.24,0,0,0.474,-0.27,0.214,0.006,0.232,-0.37,0.79,0.078,0.328,-0.21,0.174,0
54902,20190722,-93.29,41.56,0.235,-0.11,0.557,0.222,0.258,-0.28,0.744,0.006,0.305,-0.17,0,0,0.395,0.22,0,0,0.471,-0.28,0.315,0,0.247,-0.21,0.647,0.222,0.333,-0.14,0.174,0
54902,20190723,-93.29,41.56,0.256,0.1,0.413,0.365,0.265,-0.2,0.607,0.006,0.305,-0.15,0,0,0.39,0.2,0,0,0.469,-0.28,0.339,0,0.261,-0.05,0.503,0.365,0.337,-0.07,0.174,0
54902,20190724,-93.29,41.56,0.274,0.28,0.269,0.509,0.271,-0.12,0.464,0.006,0.306,-0.12,0,0,0.386,0.19,0,0,0.467,-0.28,0.333,0,0.272,0.08,0.359,0.407,0.341,-0.01,0.138,0
54902,20190725,-93.29,41.56,0.282,0.38,0.24,0.599,0.276,-0.05,0.333,0.006,0.305,-0.11,0,0,0.381,0.17,0,0,0.465,-0.28,0.327,0,0.279,0.16,0.311,0.407,0.342,0.02,0.108,0
54902,20190726,-93.29,41.56,0.289,0.46,0.186,0.599,0.281,0,0.196,0.006,0.305,-0.09,0,0,0.377,0.16,0,0,0.463,-0.28,0.339,0,0.285,0.23,0.186,0.407,0.343,0.05,0.108,0
54902,20190727,-93.29,41.56,0.294,0.52,0.06,0.595,0.284,0.05,0.06,0.006,0.304,-0.09,0,0,0.373,0.14,0,0,0.462,-0.28,0.351,0,0.289,0.28,0.06,0.405,0.343,0.07,0.06,0
54902,20190728,-93.29,41.56,0.286,0.46,0,0.518,0.282,0.04,0,0,0.299,-0.11,0,0,0.37,0.13,0,0,0.461,-0.26,0.286,0,0.284,0.24,0,0.327,0.339,0.04,0,0
54902,20190729,-93.29,41.56,0.267,0.31,0,0.375,0.276,-0.01,0,0,0.292,-0.15,0,0,0.366,0.12,0,0,0.46,-0.26,0.244,0,0.272,0.14,0,0.185,0.332,-0.02,0,0
54902,20190730,-93.29,41.56,0.254,0.2,0,0.232,0.271,-0.05,0,0,0.286,-0.19,0.036,0,0.363,0.1,0,0,0.458,-0.25,0.19,0,0.262,0.06,0,0.042,0.326,-0.06,0,0
54902,20190731,-93.29,41.56,0.242,0.11,0,0.089,0.266,-0.08,0,0,0.282,-0.22,0.089,0,0.359,0.09,0,0,0.457,-0.24,0.179,0,0.254,-0.01,0,0,0.321,-0.1,0,0
54902,20190801,-93.29,41.56,0.233,0.03,0,0,0.262,-0.1,0,0,0.277,-0.25,0.143,0,0.357,0.08,0,0,0.456,-0.24,0.179,0,0.247,-0.06,0,0,0.317,-0.12,0,0
54902,20190802,-93.29,41.56,0.225,-0.02,0,0,0.259,-0.12,0,0,0.274,-0.27,0.149,0,0.354,0.08,0,0,0.455,-0.22,0.167,0,0.242,-0.1,0,0,0.313,-0.14,0,0
54902,20190803,-93.29,41.56,0.22,-0.06,0,0,0.257,-0.13,0,0,0.271,-0.28,0.149,0,0.352,0.07,0,0,0.454,-0.2,0.119,0,0.238,-0.12,0,0,0.311,-0.15,0,0
54902,20190804,-93.29,41.56,0.215,-0.1,0.089,0,0.254,-0.14,0,0,0.268,-0.29,0.149,0,0.35,0.07,0,0,0.454,-0.18,0.065,0,0.235,-0.14,0,0,0.308,-0.15,0,0
54902,20190805,-93.29,41.56,0.208,-0.15,0.232,0,0.252,-0.15,0,0,0.266,-0.29,0.149,0,0.348,0.06,0,0,0.453,-0.16,0.006,0,0.23,-0.17,0,0,0.305,-0.16,0,0
54902,20190806,-93.29,41.56,0.199,-0.23,0.375,0,0.249,-0.16,0,0,0.263,-0.29,0.113,0,0.345,0.05,0,0,0.453,-0.15,0,0,0.224,-0.21,0.018,0,0.302,-0.17,0,0
54902,20190807,-93.29,41.56,0.191,-0.29,0.518,0,0.247,-0.18,0,0,0.26,-0.29,0.06,0,0.343,0.03,0,0,0.452,-0.13,0,0,0.219,-0.25,0.161,0,0.299,-0.19,0,0
54902,20190808,-93.29,41.56,0.185,-0.34,0.661,0,0.243,-0.21,0.048,0,0.257,-0.29,0.006,0,0.34,0.01,0,0,0.452,-0.12,0,0,0.214,-0.29,0.304,0,0.295,-0.21,0.012,0
54902,20190809,-93.29,41.56,0.179,-0.38,0.804,0,0.24,-0.24,0.161,0,0.254,-0.29,0,0,0.337,-0.01,0,0,0.451,-0.12,0,0,0.209,-0.33,0.446,0,0.292,-0.23,0.012,0
54902,20190810,-93.29,41.56,0.174,-0.41,0.946,0,0.236,-0.28,0.304,0,0.252,-0.3,0,0,0.334,-0.04,0,0,0.449,-0.12,0,0,0.205,-0.37,0.589,0,0.289,-0.25,0.054,0
54902,20190811,-93.29,41.56,0.17,-0.44,1,0,0.232,-0.31,0.446,0,0.249,-0.31,0.018,0,0.331,-0.06,0,0,0.448,-0.12,0,0,0.201,-0.41,0.732,0,0.286,-0.27,0.167,0
54902,20190812,-93.29,41.56,0.168,-0.45,1,0,0.229,-0.34,0.589,0,0.246,-0.32,0.018,0,0.328,-0.09,0,0,0.447,-0.13,0,0,0.198,-0.44,0.875,0,0.283,-0.28,0.286,0
54902,20190813,-93.29,41.56,0.169,-0.43,0.893,0,0.226,-0.36,0.732,0,0.244,-0.33,0.065,0,0.326,-0.1,0,0,0.444,-0.15,0.006,0,0.197,-0.45,0.994,0,0.282,-0.29,0.286,0
54902,20190814,-93.29,41.56,0.17,-0.42,0.881,0,0.224,-0.38,0.869,0,0.242,-0.35,0.167,0,0.324,-0.11,0,0,0.442,-0.17,0.048,0,0.197,-0.45,0.994,0,0.28,-0.3,0.304,0
54902,20190815,-93.29,41.56,0.17,-0.41,0.881,0,0.222,-0.38,0.964,0,0.241,-0.37,0.304,0,0.323,-0.12,0,0,0.44,-0.2,0.125,0,0.196,-0.45,0.994,0,0.279,-0.3,0.351,0
54902,20190816,-93.29,41.56,0.17,-0.4,0.881,0,0.221,-0.38,0.994,0,0.24,-0.39,0.446,0,0.321,-0.13,0,0,0.438,-0.22,0.208,0,0.196,-0.45,0.994,0,0.278,-0.31,0.47,0
54902,20190817,-93.29,41.56,0.171,-0.4,0.881,0,0.22,-0.38,0.994,0,0.239,-0.41,0.589,0,0.32,-0.13,0,0,0.436,-0.25,0.315,0,0.195,-0.45,0.994,0,0.277,-0.32,0.571,0
54902,20190818,-93.29,41.56,0.175,-0.37,0.863,0.018,0.223,-0.35,0.97,0.018,0.242,-0.4,0.696,0.018,0.321,-0.12,0,0.018,0.435,-0.28,0.452,0,0.199,-0.42,0.976,0.018,0.279,-0.31,0.583,0.018
54902,20190819,-93.29,41.56,0.204,-0.16,0.72,0.161,0.248,-0.13,0.827,0.161,0.269,-0.23,0.696,0.161,0.33,-0.05,0,0.077,0.438,-0.26,0.452,0,0.226,-0.21,0.833,0.161,0.298,-0.15,0.464,0.161
54902,20190820,-93.29,41.56,0.226,0,0.685,0.304,0.27,0.06,0.685,0.304,0.294,-0.08,0.649,0.304,0.338,0.02,0,0.101,0.443,-0.23,0.446,0,0.248,-0.03,0.696,0.304,0.314,-0.01,0.464,0.304
54902,20190821,-93.29,41.56,0.254,0.19,0.554,0.446,0.296,0.28,0.548,0.446,0.321,0.09,0.548,0.446,0.35,0.11,0,0.244,0.452,-0.15,0.405,0,0.275,0.18,0.554,0.446,0.335,0.15,0.446,0.446
54902,20190822,-93.29,41.56,0.284,0.4,0.411,0.589,0.323,0.5,0.405,0.589,0.35,0.26,0.411,0.589,0.363,0.21,0,0.387,0.461,-0.07,0.327,0,0.304,0.4,0.411,0.589,0.356,0.31,0.387,0.589
54902,20190823,-93.29,41.56,0.312,0.6,0.268,0.732,0.348,0.71,0.262,0.732,0.377,0.42,0.268,0.732,0.377,0.31,0,0.53,0.47,0.01,0.244,0,0.33,0.61,0.268,0.732,0.377,0.46,0.268,0.732
54902,20190824,-93.29,41.56,0.338,0.77,0.125,0.875,0.372,0.9,0.119,0.875,0.403,0.57,0.125,0.875,0.391,0.42,0,0.673,0.479,0.1,0.137,0,0.355,0.79,0.125,0.875,0.397,0.6,0.125,0.875
54902,20190825,-93.29,41.56,0.358,0.91,0,1,0.392,1.05,0,1,0.425,0.69,0,1,0.403,0.51,0,0.798,0.487,0.18,0,0,0.375,0.94,0,1,0.413,0.71,0,1
54902,20190826,-93.29,41.56,0.353,0.85,0,1,0.39,1.01,0,1,0.423,0.65,0,1,0.408,0.53,0,0.881,0.491,0.21,0,0,0.371,0.89,0,1,0.413,0.66,0,1
54902,20190827,-93.29,41.56,0.349,0.81,0,1,0.389,0.98,0,1,0.422,0.62,0,1,0.413,0.56,0,1,0.494,0.24,0,0,0.369,0.86,0,1,0.413,0.63,0,1
54902,20190828,-93.29,41.56,0.34,0.72,0,0.917,0.385,0.92,0,1,0.419,0.57,0,1,0.414,0.54,0,0.97,0.493,0.23,0,0,0.362,0.79,0,1,0.41,0.58,0,1
54902,20190829,-93.29,41.56,0.326,0.6,0,0.774,0.377,0.83,0,1,0.414,0.52,0,1,0.415,0.49,0,0.827,0.492,0.2,0,0,0.352,0.69,0,0.952,0.405,0.51,0,0.881
54902,20190830,-93.29,41.56,0.324,0.57,0,0.762,0.373,0.77,0,1,0.41,0.48,0,0.994,0.414,0.43,0,0.685,0.49,0.18,0,0,0.348,0.65,0,0.946,0.402,0.48,0,0.869
54902,20190831,-93.29,41.56,0.322,0.55,0,0.762,0.369,0.72,0,1,0.407,0.44,0,0.946,0.414,0.38,0,0.542,0.488,0.15,0,0,0.345,0.61,0,0.946,0.4,0.45,0,0.869
54902,20190901,-93.29,41.56,0.32,0.53,0,0.762,0.365,0.67,0,1,0.404,0.41,0,0.81,0.414,0.32,0,0.399,0.487,0.13,0,0,0.343,0.58,0,0.946,0.398,0.42,0,0.78
54902,20190902,-93.29,41.56,0.319,0.51,0,0.72,0.362,0.62,0,0.988,0.401,0.37,0,0.667,0.413,0.26,0,0.256,0.485,0.11,0,0,0.34,0.55,0,0.923,0.396,0.39,0,0.637
54902,20190903,-93.29,41.56,0.316,0.49,0,0.577,0.358,0.57,0,0.845,0.398,0.34,0,0.524,0.412,0.2,0,0.113,0.484,0.08,0,0,0.337,0.51,0,0.78,0.394,0.35,0,0.494
54902,20190904,-93.29,41.56,0.313,0.46,0,0.518,0.355,0.53,0,0.702,0.395,0.31,0,0.381,0.411,0.16,0,0,0.482,0.05,0,0,0.334,0.47,0,0.637,0.391,0.32,0,0.351
54902,20190905,-93.29,41.56,0.309,0.44,0,0.518,0.351,0.49,0,0.56,0.392,0.28,0,0.238,0.411,0.14,0,0,0.481,0.03,0,0,0.33,0.44,0,0.542,0.389,0.29,0,0.327
54902,20190906,-93.29,41.56,0.295,0.34,0,0.387,0.346,0.44,0,0.417,0.388,0.25,0,0.101,0.41,0.13,0,0,0.479,0,0,0,0.321,0.37,0,0.405,0.384,0.24,0,0.196
54902,20190907,-93.29,41.56,0.281,0.24,0,0.244,0.342,0.4,0,0.274,0.384,0.22,0,0.006,0.408,0.12,0,0,0.478,-0.03,0,0,0.311,0.3,0,0.262,0.379,0.2,0,0.054
54902,20190908,-93.29,41.56,0.268,0.15,0,0.101,0.337,0.35,0,0.131,0.38,0.19,0,0,0.407,0.1,0,0,0.476,-0.06,0,0,0.302,0.24,0,0.119,0.374,0.15,0,0
54902,20190909,-93.29,41.56,0.262,0.11,0,0,0.332,0.31,0,0,0.376,0.16,0,0,0.406,0.1,0,0,0.474,-0.08,0,0,0.297,0.2,0,0,0.37,0.13,0,0
54902,20190910,-93.29,41.56,0.257,0.09,0,0,0.328,0.27,0,0,0.372,0.14,0,0,0.405,0.09,0,0,0.472,-0.1,0,0,0.293,0.18,0,0,0.367,0.1,0,0
54902,20190911,-93.29,41.56,0.271,0.19,0,0.143,0.334,0.31,0,0.137,0.375,0.16,0,0.125,0.404,0.08,0,0,0.471,-0.12,0,0,0.303,0.25,0,0.143,0.371,0.14,0,0.143
54902,20190912,-93.29,41.56,0.287,0.31,0,0.286,0.345,0.38,0,0.28,0.382,0.21,0,0.268,0.404,0.09,0,0,0.47,-0.13,0,0,0.316,0.35,0,0.286,0.378,0.19,0,0.286
54902,20190913,-93.29,41.56,0.304,0.44,0,0.429,0.355,0.44,0,0.423,0.389,0.25,0,0.411,0.405,0.09,0,0,0.468,-0.15,0,0,0.329,0.44,0,0.429,0.384,0.25,0,0.429
54902,20190914,-93.29,41.56,0.321,0.56,0,0.571,0.365,0.5,0,0.565,0.396,0.3,0,0.554,0.406,0.1,0,0,0.467,-0.15,0,0,0.343,0.53,0,0.571,0.391,0.3,0,0.571
54902,20190915,-93.29,41.56,0.336,0.67,0,0.714,0.374,0.56,0,0.708,0.402,0.34,0,0.696,0.406,0.11,0,0,0.467,-0.16,0,0,0.355,0.62,0,0.714,0.397,0.35,0,0.714
54902,20190916,-93.29,41.56,0.346,0.74,0,0.857,0.384,0.62,0,0.851,0.409,0.38,0,0.839,0.407,0.12,0,0,0.466,-0.16,0,0,0.365,0.68,0,0.857,0.403,0.39,0,0.857
54902,20190917,-93.29,41.56,0.355,0.8,0,1,0.393,0.68,0,0.994,0.415,0.42,0,0.982,0.408,0.13,0,0,0.466,-0.17,0,0,0.374,0.73,0,1,0.407,0.42,0,0.982
54902,20190918,-93.29,41.56,0.346,0.73,0,0.988,0.391,0.65,0,1,0.415,0.42,0,1,0.409,0.14,0,0,0.465,-0.17,0,0,0.369,0.68,0,1,0.405,0.41,0,0.839
54902,20190919,-93.29,41.56,0.335,0.65,0,0.851,0.386,0.61,0,1,0.411,0.39,0,1,0.408,0.14,0,0,0.464,-0.18,0,0,0.36,0.62,0,0.97,0.401,0.37,0,0.696
54902,20190920,-93.29,41.56,0.323,0.57,0,0.708,0.381,0.57,0,1,0.408,0.37,0,1,0.406,0.13,0,0,0.463,-0.18,0,0,0.352,0.56,0,0.863,0.396,0.34,0,0.554
54902,20190921,-93.29,41.56,0.313,0.5,0,0.565,0.376,0.54,0,1,0.405,0.36,0,0.964,0.406,0.13,0,0,0.463,-0.19,0,0,0.345,0.51,0,0.72,0.393,0.31,0,0.411
54902,20190922,-93.29,41.56,0.306,0.45,0,0.446,0.373,0.51,0,1,0.403,0.35,0,0.881,0.405,0.13,0,0,0.462,-0.19,0,0,0.34,0.47,0,0.601,0.39,0.3,0,0.286
54902,20190923,-93.29,41.56,0.314,0.5,0,0.446,0.379,0.54,0,1,0.409,0.38,0,0.881,0.409,0.16,0,0.125,0.463,-0.18,0,0,0.346,0.51,0,0.601,0.395,0.33,0,0.286
54902,20190924,-93.29,41.56,0.321,0.54,0,0.446,0.382,0.56,0,1,0.412,0.4,0,0.881,0.413,0.19,0,0.268,0.465,-0.17,0,0,0.351,0.54,0,0.601,0.399,0.36,0,0.304
54902,20190925,-93.29,41.56,0.327,0.57,0,0.458,0.385,0.57,0,1,0.414,0.41,0,0.881,0.418,0.23,0,0.411,0.468,-0.14,0,0,0.356,0.56,0,0.601,0.402,0.39,0,0.446
54902,20190926,-93.29,41.56,0.334,0.61,0,0.595,0.389,0.58,0,1,0.416,0.42,0,0.881,0.422,0.26,0,0.554,0.47,-0.12,0,0,0.361,0.59,0,0.631,0.406,0.41,0,0.589
54902,20190927,-93.29,41.56,0.341,0.65,0,0.738,0.391,0.59,0,1,0.418,0.43,0,0.881,0.426,0.3,0,0.696,0.472,-0.1,0,0,0.366,0.61,0,0.738,0.41,0.44,0,0.732
54902,20190928,-93.29,41.56,0.348,0.69,0,0.869,0.394,0.6,0,1,0.42,0.44,0,0.917,0.431,0.33,0,0.839,0.473,-0.08,0,0,0.371,0.64,0,0.881,0.413,0.46,0,0.869
54902,20190929,-93.29,41.56,0.352,0.71,0,0.857,0.396,0.6,0,1,0.421,0.44,0,1,0.435,0.36,0,0.976,0.475,-0.07,0,0,0.374,0.65,0,0.994,0.416,0.47,0,0.893
54902,20190930,-93.29,41.56,0.345,0.66,0,0.815,0.392,0.57,0,1,0.415,0.39,0,1,0.434,0.36,0,0.946,0.475,-0.07,0,0,0.369,0.61,0,0.994,0.412,0.44,0,0.851
54902,20191001,-93.29,41.56,0.342,0.64,0,0.815,0.392,0.56,0,1,0.412,0.37,0,1,0.432,0.36,0,0.81,0.473,-0.09,0,0,0.367,0.59,0,0.994,0.41,0.42,0,0.851
54902,20191002,-93.29,41.56,0.346,0.66,0,0.815,0.395,0.57,0,1,0.416,0.38,0,1,0.435,0.38,0,0.75,0.474,-0.08,0,0,0.371,0.62,0,0.994,0.413,0.44,0,0.851
54902,20191003,-93.29,41.56,0.355,0.71,0,0.815,0.402,0.61,0,1,0.422,0.43,0,1,0.441,0.43,0,0.75,0.478,-0.04,0,0.018,0.378,0.67,0,0.994,0.42,0.48,0,0.851
54902,20191004,-93.29,41.56,0.362,0.75,0,0.815,0.406,0.63,0,1,0.426,0.45,0,1,0.447,0.47,0,0.75,0.483,0.01,0,0.048,0.384,0.7,0,0.994,0.425,0.51,0,0.851
54902,20191005,-93.29,41.56,0.369,0.8,0,0.827,0.409,0.65,0,1,0.429,0.47,0,1,0.451,0.5,0,0.75,0.487,0.05,0,0.131,0.389,0.74,0,0.994,0.429,0.54,0,0.857
54902,20191006,-93.29,41.56,0.382,0.88,0,0.958,0.416,0.69,0,1,0.436,0.51,0,1,0.458,0.55,0,0.756,0.492,0.11,0,0.22,0.399,0.8,0,1,0.437,0.59,0,0.958
54902,20191007,-93.29,41.56,0.388,0.91,0,1,0.419,0.7,0,1,0.44,0.54,0,1,0.463,0.59,0,0.804,0.497,0.16,0,0.268,0.403,0.83,0,1,0.441,0.62,0,1
54902,20191008,-93.29,41.56,0.392,0.94,0,1,0.419,0.7,0,1,0.443,0.56,0,1,0.468,0.63,0,0.94,0.503,0.21,0,0.286,0.406,0.84,0,1,0.445,0.64,0,1
54902,20191009,-93.29,41.56,0.39,0.92,0,1,0.416,0.67,0,1,0.44,0.54,0,1,0.469,0.63,0,1,0.506,0.23,0,0.286,0.403,0.82,0,1,0.444,0.63,0,1
54902,20191010,-93.29,41.56,0.384,0.88,0,1,0.411,0.63,0,1,0.434,0.49,0,1,0.466,0.61,0,1,0.506,0.22,0,0.268,0.397,0.78,0,1,0.44,0.6,0,1
54902,20191011,-93.29,41.56,0.389,0.91,0,1,0.415,0.64,0,1,0.437,0.51,0,1,0.467,0.62,0,1,0.506,0.22,0,0.238,0.402,0.79,0,1,0.443,0.61,0,1
54902,20191012,-93.29,41.56,0.391,0.91,0,1,0.416,0.64,0,1,0.439,0.51,0,1,0.468,0.63,0,1,0.506,0.21,0,0.161,0.404,0.79,0,1,0.444,0.62,0,1
54902,20191013,-93.29,41.56,0.388,0.89,0,1,0.413,0.61,0,1,0.434,0.47,0,1,0.466,0.61,0,1,0.506,0.21,0,0.077,0.4,0.76,0,1,0.441,0.59,0,1
54902,20191014,-93.29,41.56,0.388,0.88,0,1,0.411,0.59,0,1,0.433,0.46,0,1,0.465,0.6,0,1,0.506,0.2,0,0.03,0.399,0.74,0,1,0.441,0.59,0,1
54902,20191015,-93.29,41.56,0.388,0.86,0,1,0.41,0.58,0,1,0.432,0.44,0,1,0.465,0.6,0,1,0.506,0.2,0,0.012,0.399,0.72,0,1,0.44,0.58,0,1
54902,20191016,-93.29,41.56,0.388,0.85,0,1,0.409,0.57,0,1,0.431,0.43,0,1,0.464,0.59,0,1,0.506,0.2,0,0.012,0.399,0.71,0,1,0.44,0.58,0,1
54902,20191017,-93.29,41.56,0.387,0.83,0,1,0.409,0.55,0,1,0.43,0.41,0,1,0.464,0.57,0,1,0.506,0.2,0,0.012,0.398,0.7,0,1,0.439,0.57,0,1
54902,20191018,-93.29,41.56,0.378,0.76,0,1,0.401,0.5,0,1,0.422,0.36,0,1,0.46,0.53,0,1,0.505,0.19,0,0.012,0.39,0.65,0,1,0.433,0.53,0,1
54902,20191019,-93.29,41.56,0.372,0.71,0,1,0.397,0.47,0,1,0.418,0.33,0,0.994,0.458,0.49,0,1,0.504,0.18,0,0.006,0.385,0.61,0,1,0.43,0.51,0,1
54902,20191020,-93.29,41.56,0.367,0.66,0,1,0.395,0.45,0,1,0.416,0.31,0,0.994,0.456,0.46,0,1,0.504,0.17,0,0,0.381,0.59,0,1,0.427,0.49,0,1
54902,20191021,-93.29,41.56,0.364,0.63,0,1,0.394,0.45,0,1,0.414,0.3,0,0.994,0.455,0.43,0,1,0.503,0.17,0,0,0.379,0.58,0,1,0.426,0.47,0,1
54902,20191022,-93.29,41.56,0.367,0.64,0,1,0.398,0.47,0,1,0.418,0.32,0,0.994,0.456,0.42,0,1,0.503,0.17,0,0,0.383,0.6,0,1,0.428,0.49,0,1
54902,20191023,-93.29,41.56,0.369,0.65,0,1,0.4,0.49,0,1,0.42,0.33,0,0.994,0.457,0.41,0,1,0.504,0.19,0,0.071,0.385,0.62,0,1,0.43,0.5,0,1
54902,20191024,-93.29,41.56,0.372,0.67,0,1,0.402,0.51,0,1,0.421,0.34,0,0.994,0.457,0.41,0,1,0.505,0.21,0,0.208,0.387,0.64,0,1,0.431,0.52,0,1
54902,20191025,-93.29,41.56,0.374,0.68,0,1,0.404,0.53,0,1,0.422,0.35,0,0.994,0.457,0.41,0,1,0.506,0.23,0,0.351,0.389,0.67,0,1,0.432,0.53,0,1
54902,20191026,-93.29,41.56,0.377,0.7,0,1,0.406,0.55,0,1,0.423,0.36,0,1,0.458,0.41,0,1,0.507,0.25,0,0.488,0.391,0.7,0,1,0.434,0.54,0,1
54902,20191027,-93.29,41.56,0.379,0.72,0,1,0.407,0.58,0,1,0.423,0.37,0,1,0.458,0.41,0,1,0.507,0.27,0,0.601,0.393,0.73,0,1,0.435,0.55,0,1
54902,20191028,-93.29,41.56,0.38,0.72,0,1,0.407,0.59,0,1,0.423,0.37,0,1,0.458,0.4,0,1,0.508,0.29,0,0.72,0.393,0.75,0,1,0.435,0.56,0,1
54902,20191029,-93.29,41.56,0.375,0.69,0,1,0.402,0.57,0,1,0.418,0.34,0,1,0.456,0.39,0,1,0.508,0.31,0,0.863,0.388,0.73,0,1,0.432,0.54,0,1
54902,20191030,-93.29,41.56,0.371,0.67,0,1,0.399,0.56,0,1,0.416,0.33,0,1,0.454,0.38,0,1,0.508,0.32,0,0.935,0.385,0.72,0,1,0.43,0.53,0,1
54902,20191031,-93.29,41.56,0.367,0.66,0,1,0.396,0.56,0,1,0.414,0.33,0,1,0.452,0.37,0,1,0.508,0.33,0,0.935,0.382,0.72,0,1,0.428,0.52,0,1
54902,20191101,-93.29,41.56,0.365,0.65,0,1,0.394,0.56,0,1,0.412,0.32,0,1,0.451,0.36,0,1,0.507,0.33,0,0.917,0.379,0.72,0,1,0.426,0.51,0,1
54902,20191102,-93.29,41.56,0.363,0.66,0,1,0.393,0.56,0,1,0.41,0.32,0,1,0.45,0.35,0,1,0.506,0.33,0,0.893,0.378,0.71,0,1,0.424,0.5,0,1
54902,20191103,-93.29,41.56,0.361,0.67,0,1,0.391,0.56,0,1,0.409,0.32,0,1,0.449,0.34,0,1,0.506,0.34,0,0.905,0.376,0.71,0,1,0.423,0.5,0,1
54902,20191104,-93.29,41.56,0.357,0.67,0,1,0.39,0.56,0,1,0.408,0.32,0,1,0.448,0.34,0,1,0.505,0.34,0,0.905,0.374,0.7,0,1,0.422,0.5,0,1
54902,20191105,-93.29,41.56,0.355,0.67,0,1,0.389,0.56,0,1,0.407,0.33,0,1,0.447,0.33,0,1,0.505,0.34,0,0.881,0.372,0.69,0,1,0.421,0.5,0,1
54902,20191106,-93.29,41.56,0.353,0.68,0,1,0.388,0.57,0,1,0.407,0.34,0,1,0.446,0.33,0,1,0.504,0.34,0,0.827,0.37,0.68,0,1,0.419,0.5,0,1
54902,20191107,-93.29,41.56,0.35,0.68,0,1,0.387,0.57,0,1,0.406,0.34,0,1,0.446,0.33,0,1,0.503,0.33,0,0.774,0.369,0.67,0,1,0.418,0.51,0,1
54902,20191108,-93.29,41.56,0.348,0.68,0,1,0.386,0.57,0,1,0.406,0.36,0,1,0.446,0.34,0,1,0.502,0.33,0,0.756,0.367,0.66,0,1,0.418,0.52,0,1
54902,20191109,-93.29,41.56,0.345,0.67,0,1,0.384,0.57,0,1,0.406,0.37,0,1,0.445,0.34,0,1,0.502,0.33,0,0.679,0.365,0.65,0,1,0.417,0.53,0,1
54902,20191110,-93.29,41.56,0.343,0.67,0,1,0.383,0.57,0,1,0.406,0.38,0,1,0.445,0.34,0,1,0.501,0.33,0,0.631,0.363,0.65,0,1,0.416,0.54,0,1
54902,20191111,-93.29,41.56,0.342,0.67,0,1,0.382,0.57,0,1,0.406,0.38,0,1,0.444,0.34,0,1,0.5,0.33,0,0.625,0.362,0.66,0,1,0.415,0.54,0,1
54902,20191112,-93.29,41.56,0.34,0.66,0,1,0.381,0.57,0,1,0.406,0.39,0,1,0.444,0.34,0,1,0.5,0.34,0,0.643,0.36,0.65,0,1,0.414,0.54,0,1
54902,20191113,-93.29,41.56,0.338,0.65,0,1,0.379,0.56,0,1,0.406,0.39,0,1,0.443,0.35,0,1,0.5,0.34,0,0.685,0.359,0.65,0,1,0.413,0.54,0,1
54902,20191114,-93.29,41.56,0.337,0.64,0,1,0.378,0.56,0,1,0.406,0.39,0,1,0.442,0.34,0,1,0.499,0.35,0,0.744,0.357,0.65,0,1,0.412,0.54,0,1
54902,20191115,-93.29,41.56,0.335,0.62,0,1,0.377,0.55,0,1,0.405,0.38,0,1,0.441,0.34,0,1,0.499,0.35,0,0.768,0.356,0.64,0,1,0.412,0.53,0,1
54902,20191116,-93.29,41.56,0.334,0.6,0,1,0.377,0.55,0,1,0.405,0.38,0,1,0.44,0.34,0,1,0.499,0.35,0,0.833,0.356,0.63,0,1,0.411,0.53,0,1
54902,20191117,-93.29,41.56,0.333,0.58,0,1,0.377,0.55,0,1,0.405,0.38,0,1,0.439,0.34,0,1,0.498,0.35,0,0.869,0.355,0.62,0,1,0.41,0.52,0,1
54902,20191118,-93.29,41.56,0.333,0.56,0,1,0.377,0.55,0,1,0.404,0.37,0,1,0.438,0.34,0,1,0.498,0.35,0,0.887,0.355,0.61,0,1,0.41,0.51,0,1
54902,20191119,-93.29,41.56,0.333,0.54,0,1,0.377,0.56,0,1,0.404,0.36,0,1,0.437,0.34,0,1,0.497,0.35,0,0.857,0.355,0.6,0,1,0.41,0.5,0,1
54902,20191120,-93.29,41.56,0.333,0.53,0,0.994,0.378,0.57,0,1,0.404,0.36,0,1,0.437,0.34,0,1,0.497,0.34,0,0.857,0.355,0.59,0,1,0.41,0.5,0,1
54902,20191121,-93.29,41.56,0.335,0.53,0,0.952,0.379,0.58,0,1,0.404,0.35,0,1,0.436,0.34,0,1,0.496,0.34,0,0.845,0.357,0.6,0,1,0.41,0.5,0,1
54902,20191122,-93.29,41.56,0.342,0.6,0,0.952,0.383,0.62,0,1,0.405,0.35,0,1,0.436,0.35,0,1,0.496,0.33,0,0.833,0.362,0.66,0,1,0.412,0.52,0,1
54902,20191123,-93.29,41.56,0.347,0.65,0,0.952,0.386,0.65,0,1,0.404,0.35,0,1,0.437,0.36,0,1,0.496,0.33,0,0.857,0.367,0.7,0,1,0.414,0.53,0,1
54902,20191124,-93.29,41.56,0.353,0.7,0,0.952,0.389,0.68,0,1,0.404,0.34,0,1,0.438,0.37,0,1,0.496,0.34,0,0.875,0.371,0.75,0,1,0.416,0.55,0,1
54902,20191125,-93.29,41.56,0.358,0.74,0,0.952,0.391,0.71,0,1,0.404,0.34,0,1,0.438,0.38,0,1,0.496,0.33,0,0.881,0.374,0.8,0,1,0.417,0.55,0,1
54902,20191126,-93.29,41.56,0.363,0.79,0,0.952,0.393,0.73,0,1,0.405,0.34,0,1,0.439,0.39,0,1,0.495,0.33,0,0.911,0.378,0.85,0,1,0.419,0.56,0,1
54902,20191127,-93.29,41.56,0.369,0.84,0,0.958,0.396,0.77,0,1,0.405,0.34,0,1,0.44,0.4,0,1,0.495,0.33,0,0.911,0.382,0.91,0,1,0.421,0.57,0,1
54902,20191128,-93.29,41.56,0.375,0.89,0,1,0.398,0.81,0,1,0.405,0.35,0,1,0.44,0.41,0,1,0.495,0.33,0,0.923,0.387,0.96,0,1,0.423,0.58,0,1
54902,20191129,-93.29,41.56,0.375,0.88,0,1,0.398,0.82,0,1,0.406,0.36,0,1,0.441,0.42,0,1,0.495,0.33,0,0.946,0.387,0.97,0,1,0.423,0.58,0,1
54902,20191130,-93.29,41.56,0.377,0.89,0,1,0.398,0.83,0,1,0.407,0.37,0,1,0.44,0.42,0,1,0.495,0.33,0,0.958,0.388,0.99,0,1,0.423,0.58,0,1
54902,20191201,-93.29,41.56,0.381,0.92,0,1,0.401,0.87,0,1,0.411,0.42,0,1,0.441,0.43,0,1,0.495,0.33,0,0.97,0.391,1.03,0,1,0.426,0.61,0,1
54902,20191202,-93.29,41.56,0.385,0.94,0,1,0.404,0.9,0,1,0.415,0.47,0,1,0.443,0.44,0,1,0.495,0.34,0,0.976,0.394,1.07,0,1,0.428,0.64,0,1
54902,20191203,-93.29,41.56,0.387,0.95,0,1,0.406,0.91,0,1,0.418,0.51,0,1,0.444,0.45,0,1,0.496,0.35,0,0.982,0.397,1.1,0,1,0.43,0.69,0,1
54902,20191204,-93.29,41.56,0.388,0.94,0,1,0.407,0.92,0,1,0.42,0.54,0,1,0.445,0.46,0,1,0.496,0.36,0,0.994,0.398,1.1,0,1,0.431,0.73,0,1
54902,20191205,-93.29,41.56,0.388,0.91,0,1,0.408,0.91,0,1,0.422,0.57,0,1,0.445,0.46,0,1,0.497,0.37,0,0.994,0.398,1.09,0,1,0.432,0.76,0,1
54902,20191206,-93.29,41.56,0.388,0.89,0,1,0.408,0.91,0,1,0.424,0.59,0,1,0.446,0.47,0,1,0.497,0.38,0,0.994,0.398,1.07,0,1,0.432,0.8,0,1
54902,20191207,-93.29,41.56,0.387,0.85,0,1,0.408,0.9,0,1,0.425,0.61,0,1,0.446,0.47,0,1,0.498,0.38,0,1,0.398,1.04,0,1,0.433,0.83,0,1
54902,20191208,-93.29,41.56,0.384,0.79,0,1,0.406,0.86,0,1,0.422,0.59,0,1,0.446,0.46,0,1,0.498,0.39,0,1,0.395,0.98,0,1,0.431,0.84,0,1
54902,20191209,-93.29,41.56,0.382,0.74,0,1,0.404,0.82,0,1,0.42,0.58,0,1,0.445,0.45,0,1,0.498,0.38,0,1,0.393,0.92,0,1,0.43,0.83,0,1
54902,20191210,-93.29,41.56,0.38,0.71,0,1,0.403,0.79,0,1,0.419,0.58,0,1,0.444,0.45,0,1,0.497,0.37,0,1,0.392,0.87,0,1,0.429,0.82,0,1
54902,20191211,-93.29,41.56,0.379,0.68,0,1,0.402,0.75,0,1,0.418,0.58,0,1,0.443,0.43,0,1,0.497,0.36,0,1,0.39,0.82,0,1,0.428,0.8,0,1
54902,20191212,-93.29,41.56,0.377,0.64,0,1,0.4,0.72,0,1,0.417,0.57,0,1,0.442,0.41,0,1,0.497,0.35,0,1,0.388,0.77,0,1,0.427,0.77,0,1
54902,20191213,-93.29,41.56,0.374,0.61,0,1,0.399,0.69,0,1,0.416,0.56,0,1,0.442,0.39,0,1,0.496,0.34,0,1,0.387,0.73,0,1,0.425,0.74,0,1
54902,20191214,-93.29,41.56,0.372,0.59,0,1,0.398,0.67,0,1,0.415,0.56,0,1,0.441,0.38,0,1,0.496,0.33,0,1,0.385,0.69,0,1,0.424,0.72,0,1
54902,20191215,-93.29,41.56,0.369,0.56,0,1,0.397,0.66,0,1,0.414,0.55,0,1,0.44,0.36,0,1,0.496,0.32,0,1,0.383,0.65,0,1,0.423,0.69,0,1
54902,20191216,-93.29,41.56,0.367,0.53,0,1,0.396,0.65,0,1,0.413,0.53,0,1,0.44,0.35,0,1,0.495,0.31,0,1,0.382,0.62,0,1,0.422,0.66,0,1
54902,20191217,-93.29,41.56,0.364,0.5,0,1,0.396,0.66,0,1,0.412,0.52,0,1,0.439,0.34,0,1,0.495,0.31,0,1,0.38,0.6,0,1,0.421,0.63,0,1
54902,20191218,-93.29,41.56,0.362,0.48,0,1,0.396,0.67,0,1,0.411,0.51,0,1,0.438,0.34,0,1,0.495,0.3,0,1,0.379,0.59,0,1,0.42,0.61,0,1
54902,20191219,-93.29,41.56,0.361,0.46,0,1,0.397,0.7,0,1,0.41,0.5,0,1,0.438,0.34,0,1,0.494,0.3,0,1,0.379,0.58,0,1,0.42,0.59,0,1
54902,20191220,-93.29,41.56,0.36,0.46,0,1,0.397,0.71,0,1,0.41,0.49,0,1,0.437,0.35,0,1,0.494,0.29,0,0.994,0.378,0.58,0,1,0.42,0.57,0,1
54902,20191221,-93.29,41.56,0.359,0.45,0,1,0.398,0.72,0,1,0.41,0.49,0,1,0.436,0.35,0,1,0.494,0.28,0,0.976,0.378,0.57,0,1,0.419,0.56,0,1
54902,20191222,-93.29,41.56,0.358,0.45,0,1,0.398,0.73,0,1,0.409,0.48,0,1,0.436,0.35,0,1,0.493,0.27,0,0.958,0.378,0.57,0,1,0.419,0.55,0,1
54902,20191223,-93.29,41.56,0.358,0.45,0,1,0.399,0.73,0,1,0.409,0.48,0,1,0.436,0.35,0,1,0.493,0.26,0,0.851,0.378,0.57,0,1,0.419,0.54,0,1
54902,20191224,-93.29,41.56,0.358,0.45,0,1,0.398,0.72,0,1,0.409,0.48,0,1,0.436,0.36,0,1,0.492,0.25,0,0.732,0.378,0.57,0,1,0.419,0.52,0,1
54902,20191225,-93.29,41.56,0.358,0.46,0,1,0.397,0.7,0,1,0.409,0.47,0,1,0.435,0.36,0,1,0.492,0.24,0,0.589,0.378,0.57,0,1,0.418,0.51,0,1
54902,20191226,-93.29,41.56,0.359,0.46,0,1,0.396,0.69,0,1,0.409,0.47,0,1,0.435,0.36,0,1,0.491,0.22,0,0.446,0.377,0.56,0,1,0.418,0.5,0,1
54902,20191227,-93.29,41.56,0.359,0.46,0,1,0.395,0.69,0,1,0.409,0.47,0,1,0.436,0.36,0,1,0.491,0.21,0,0.315,0.377,0.56,0,1,0.418,0.49,0,1
54902,20191228,-93.29,41.56,0.36,0.48,0,1,0.394,0.68,0,1,0.409,0.46,0,1,0.436,0.36,0,1,0.49,0.21,0,0.22,0.377,0.56,0,1,0.418,0.49,0,1
54902,20191229,-93.29,41.56,0.365,,,,0.397,0.74,0,1,0.414,0.53,0,1,0.438,0.38,0,1,0.49,0.21,0,0.167,0.381,,,,0.421,,,
54902,20191230,-93.29,41.56,0.37,,,,0.401,0.81,0,1,0.418,0.59,0,1,0.44,0.41,0,1,0.491,0.21,0,0.268,0.386,,,,0.424,,,
54902,20191231,-93.29,41.56,0.374,,,,0.403,0.86,0,1,0.421,0.63,0,1,0.441,0.43,0,1,0.492,0.22,0,0.387,0.388,,,,0.426,,,
54902,20200101,-93.29,41.56,0.377,,,,0.405,0.89,0,1,0.423,0.66,0,1,0.443,0.45,0,1,0.492,0.23,0,0.53,0.391,,,,0.428,,,
54902,20200102,-93.29,41.56,0.379,,,,0.407,0.93,0,1,0.424,0.71,0,1,0.444,0.46,0,1,0.493,0.24,0,0.673,0.393,,,,0.429,,,
54902,20200103,-93.29,41.56,0.382,,,,0.409,0.99,0,1,0.425,0.75,0,1,0.444,0.47,0,1,0.494,0.25,0,0.81,0.395,,,,0.431,,,
54902,20200104,-93.29,41.56,0.384,,,,0.41,1.08,0,1,0.427,0.79,0,1,0.445,0.47,0,1,0.494,0.26,0,0.923,0.397,,,,0.432,,,
54902,20200105,-93.29,41.56,0.382,,,,0.408,1.05,0,1,0.423,0.77,0,1,0.444,0.46,0,1,0.494,0.26,0,0.988,0.395,,,,0.43,,,
54902,20200106,-93.29,41.56,0.379,,,,0.405,0.96,0,1,0.42,0.74,0,1,0.442,0.43,0,1,0.494,0.26,0,0.994,0.392,,,,0.428,,,
54902,20200107,-93.29,41.56,0.378,,,,0.404,0.9,0,1,0.418,0.75,0,1,0.441,0.42,0,1,0.494,0.26,0,0.994,0.391,,,,0.427,,,
54902,20200108,-93.29,41.56,0.377,,,,0.403,,,,0.417,0.76,0,1,0.44,0.41,0,1,0.494,0.26,0,0.994,0.39,,,,0.426,,,
54902,20200109,-93.29,41.56,0.376,,,,0.402,,,,0.417,0.75,0,1,0.44,0.4,0,1,0.494,0.26,0,0.994,0.389,,,,0.426,,,
54902,20200110,-93.29,41.56,0.375,,,,0.401,,,,0.416,0.73,0,1,0.439,0.4,0,1,0.494,0.25,0,0.994,0.388,,,,0.425,,,
54902,20200111,-93.29,41.56,0.373,,,,0.4,,,,0.415,0.71,0,1,0.439,0.4,0,1,0.493,0.25,0,0.994,0.387,,,,0.424,,,
54902,20200112,-93.29,41.56,0.372,,,,0.399,,,,0.415,0.69,0,1,0.439,0.4,0,1,0.493,0.25,0,0.988,0.386,,,,0.424,,,
54902,20200113,-93.29,41.56,0.37,,,,0.399,,,,0.414,0.66,0,1,0.438,0.4,0,1,0.493,0.24,0,0.958,0.384,,,,0.423,,,
54902,20200114,-93.29,41.56,0.368,,,,0.398,,,,0.414,0.63,0,1,0.437,0.4,0,1,0.493,0.23,0,0.905,0.383,,,,0.422,,,
54902,20200115,-93.29,41.56,0.369,,,,0.398,,,,0.413,0.59,0,1,0.437,0.4,0,1,0.493,0.22,0,0.81,0.384,,,,0.422,,,
54902,20200116,-93.29,41.56,0.37,,,,0.398,,,,0.413,0.55,0,1,0.436,0.4,0,1,0.492,0.22,0,0.726,0.384,,,,0.422,,,
54902,20200117,-93.29,41.56,0.37,,,,0.399,,,,0.412,0.53,0,1,0.436,0.4,0,1,0.492,0.21,0,0.649,0.385,,,,0.422,,,
54902,20200118,-93.29,41.56,0.37,,,,0.4,,,,0.412,0.51,0,1,0.436,0.39,0,1,0.491,0.2,0,0.583,0.385,,,,0.422,,,
54902,20200119,-93.29,41.56,0.371,,,,0.401,,,,0.411,0.49,0,0.97,0.435,0.38,0,1,0.491,0.19,0,0.56,0.386,,,,0.422,,,
54902,20200120,-93.29,41.56,0.373,,,,0.401,,,,0.411,0.47,0,0.952,0.435,0.37,0,1,0.491,0.19,0,0.56,0.387,,,,0.422,,,
54902,20200121,-93.29,41.56,0.374,,,,0.401,,,,0.41,0.46,0,0.952,0.435,0.37,0,0.988,0.491,0.19,0,0.595,0.388,,,,0.422,,,
54902,20200122,-93.29,41.56,0.374,,,,0.4,,,,0.41,0.46,0,0.952,0.435,0.36,0,0.982,0.491,0.18,0,0.601,0.387,,,,0.422,,,
54902,20200123,-93.29,41.56,0.374,,,,0.4,,,,0.41,0.47,0,0.952,0.435,0.35,0,0.964,0.491,0.18,0,0.589,0.387,,,,0.422,,,
54902,20200124,-93.29,41.56,0.374,,,,0.398,,,,0.41,0.47,0,0.952,0.434,0.34,0,0.958,0.491,0.18,0,0.56,0.386,,,,0.422,,,
54902,20200125,-93.29,41.56,0.375,,,,0.397,,,,0.41,0.48,0,0.952,0.434,0.34,0,0.935,0.491,0.17,0,0.5,0.386,,,,0.421,,,
54902,20200126,-93.29,41.56,0.375,,,,0.396,,,,0.41,0.48,0,0.982,0.434,0.33,0,0.923,0.491,0.16,0,0.411,0.385,,,,0.421,,,
54902,20200127,-93.29,41.56,0.375,,,,0.396,,,,0.41,0.49,0,1,0.434,0.33,0,0.911,0.49,0.16,0,0.304,0.385,,,,0.421,,,
54902,20200128,-93.29,41.56,0.374,,,,0.396,,,,0.409,0.5,0,1,0.434,0.32,0,0.923,0.49,0.15,0,0.179,0.385,,,,0.421,,,
54902,20200129,-93.29,41.56,0.374,,,,0.396,,,,0.409,0.5,0,1,0.434,0.33,0,0.929,0.49,0.14,0,0.131,0.385,,,,0.421,,,
54902,20200130,-93.29,41.56,0.374,,,,0.396,,,,0.409,0.5,0,1,0.434,0.33,0,0.946,0.49,0.14,0,0.083,0.385,,,,0.42,,,
54902,20200131,-93.29,41.56,0.375,,,,0.396,,,,0.409,0.5,0,1,0.434,0.34,0,0.952,0.49,0.13,0,0.054,0.385,,,,0.421,,,
54902,20200201,-93.29,41.56,0.375,,,,0.397,,,,0.408,0.5,0,1,0.434,0.35,0,0.976,0.49,0.13,0,0.036,0.386,,,,0.421,,,
54902,20200202,-93.29,41.56,0.378,,,,0.4,,,,0.41,0.51,0,1,0.434,0.37,0,0.988,0.489,0.12,0,0.018,0.389,,,,0.422,,,
54902,20200203,-93.29,41.56,0.385,,,,0.405,,,,0.417,0.51,0,1,0.437,0.48,0,1,0.49,0.12,0,0.024,0.395,,,,0.427,,,
54902,20200204,-93.29,41.56,0.389,,,,0.41,,,,0.423,0.51,0,1,0.44,0.58,0,1,0.49,0.12,0,0.077,0.399,,,,0.43,,,
54902,20200205,-93.29,41.56,0.39,,,,0.413,,,,0.427,0.51,0,1,0.442,0.66,0,1,0.49,0.13,0,0.161,0.402,,,,0.432,,,
54902,20200206,-93.29,41.56,0.39,,,,0.415,,,,0.429,,,,0.444,0.72,0,1,0.49,0.13,0,0.196,0.403,,,,0.434,,,
54902,20200207,-93.29,41.56,0.389,,,,0.417,,,,0.431,,,,0.445,0.77,0,1,0.491,0.14,0,0.31,0.403,,,,0.435,,,
54902,20200208,-93.29,41.56,0.389,,,,0.418,,,,0.433,,,,0.447,0.81,0,1,0.491,0.14,0,0.411,0.404,,,,0.435,,,
54902,20200209,-93.29,41.56,0.387,,,,0.416,,,,0.432,,,,0.447,0.83,0,1,0.491,0.16,0,0.548,0.402,,,,0.435,,,
54902,20200210,-93.29,41.56,0.384,,,,0.412,,,,0.426,,,,0.445,0.75,0,1,0.491,0.17,0,0.679,0.398,,,,0.432,,,
54902,20200211,-93.29,41.56,0.383,,,,0.41,,,,0.422,,,,0.443,0.7,0,1,0.491,0.18,0,0.768,0.397,,,,0.43,,,
54902,20200212,-93.29,41.56,0.385,,,,0.411,,,,0.421,,,,0.443,0.69,0,1,0.491,0.19,0,0.821,0.398,,,,0.43,,,
54902,20200213,-93.29,41.56,0.388,,,,0.411,,,,0.421,,,,0.443,0.69,0,1,0.491,0.21,0,0.929,0.399,,,,0.43,,,
54902,20200214,-93.29,41.56,,,,,0.411,,,,0.42,,,,0.443,0.67,0,1,0.491,0.23,0,0.952,,,,,,,,
54902,20200215,-93.29,41.56,,,,,0.411,,,,0.42,,,,0.443,0.66,0,1,0.491,0.25,0,0.994,,,,,,,,
54902,20200216,-93.29,41.56,,,,,0.412,,,,0.421,,,,0.444,0.7,0,1,0.492,0.27,0,1,,,,,,,,
54902,20200217,-93.29,41.56,,,,,,,,,0.422,,,,0.446,0.73,0,1,0.492,0.28,0,1,,,,,,,,
54902,20200218,-93.29,41.56,,,,,,,,,0.422,,,,0.446,0.74,0,1,0.492,0.3,0,1,,,,,,,,
54902,20200219,-93.29,41.56,,,,,,,,,0.42,,,,0.445,0.71,0,1,0.492,0.3,0,1,,,,,,,,
54902,20200220,-93.29,41.56,,,,,,,,,0.419,,,,0.444,0.67,0,1,0.492,0.3,0,1,,,,,,,,
54902,20200221,-93.29,41.56,,,,,,,,,0.418,,,,0.444,0.65,0,1,0.491,0.29,0,1,,,,,,,,
54902,20200222,-93.29,41.56,,,,,,,,,0.418,,,,0.444,0.64,0,1,0.491,0.29,0,1,,,,,,,,
54902,20200223,-93.29,41.56,,,,,,,,,0.417,,,,0.442,0.58,0,1,0.491,0.28,0,1,,,,,,,,
54902,20200224,-93.29,41.56,,,,,,,,,0.417,,,,0.441,0.53,0,1,0.491,0.27,0,0.994,,,,,,,,
54902,20200225,-93.29,41.56,,,,,,,,,0.416,,,,0.439,0.48,0,1,0.491,0.25,0,0.988,,,,,,,,
54902,20200226,-93.29,41.56,,,,,,,,,0.416,,,,0.439,0.46,0,1,0.49,0.24,0,0.988,,,,,,,,
54902,20200227,-93.29,41.56,,,,,,,,,0.416,,,,0.438,0.43,0,1,0.49,0.24,0,0.988,,,,,,,,
54902,20200228,-93.29,41.56,,,,,,,,,0.416,,,,0.438,0.41,0,1,0.49,0.22,0,0.958,,,,,,,,
54902,20200229,-93.29,41.56,,,,,,,,,0.416,,,,0.437,0.4,0,1,0.49,0.21,0,0.935,,,,,,,,
54902,20200301,-93.29,41.56,,,,,,,,,0.415,,,,0.437,0.38,0,1,0.49,0.2,0,0.887,,,,,,,,
54902,20200302,-93.29,41.56,,,,,,,,,0.415,0.51,0,1,0.437,0.36,0,1,0.49,0.18,0,0.78,,,,,,,,
54902,20200303,-93.29,41.56,,,,,,,,,0.415,0.44,0,0.813,0.436,0.35,0,0.988,0.49,0.16,0,0.649,,,,,,,,
54902,20200304,-93.29,41.56,,,,,,,,,0.414,0.39,0,0.641,0.436,0.34,0,0.976,0.489,0.14,0,0.506,,,,,,,,
54902,20200305,-93.29,41.56,,,,,,,,,0.413,0.35,0,0.492,0.436,0.35,0,0.976,0.489,0.12,0,0.369,,,,,,,,
54902,20200306,-93.29,41.56,,,,,,,,,0.412,0.33,0,0.379,0.437,0.36,0,0.976,0.489,0.11,0,0.274,,,,,,,,
54902,20200307,-93.29,41.56,,,,,,,,,0.412,0.32,0,0.315,0.437,0.36,0,0.976,0.489,0.1,0,0.173,,,,,,,,
54902,20200308,-93.29,41.56,,,,,,,,,0.412,0.33,0,0.333,0.437,0.36,0,0.964,0.489,0.09,0,0.089,,,,,,,,
54902,20200309,-93.29,41.56,,,,,0.399,,,,0.413,0.38,0,0.427,0.438,0.37,0,0.964,0.489,0.09,0,0.071,,,,,,,,
54902,20200310,-93.29,41.56,0.377,,,,0.403,,,,0.417,0.56,0,0.479,0.44,0.41,0,0.976,0.49,0.11,0,0.19,0.39,,,,0.426,,,
54902,20200311,-93.29,41.56,0.377,,,,0.406,,,,0.421,0.68,0,0.548,0.442,0.45,0,0.988,0.491,0.13,0,0.321,0.391,,,,0.427,,,
54902,20200312,-93.29,41.56,0.376,,,,0.408,,,,0.425,0.8,0,0.655,0.443,0.49,0,0.988,0.492,0.15,0,0.435,0.392,,,,0.429,,,
54902,20200313,-93.29,41.56,0.376,,,,0.41,,,,0.428,0.9,0,0.786,0.444,0.51,0,0.988,0.492,0.17,0,0.542,0.393,,,,0.43,,,
54902,20200314,-93.29,41.56,0.375,,,,0.411,,,,0.431,0.97,0,0.917,0.446,0.53,0,0.988,0.493,0.19,0,0.661,0.393,,,,0.431,,,
54902,20200315,-93.29,41.56,0.375,,,,0.412,,,,0.432,1.01,0,1,0.446,0.55,0,1,0.494,0.21,0,0.78,0.393,,,,0.432,,,
54902,20200316,-93.29,41.56,0.375,,,,0.411,,,,0.432,1,0,1,0.447,0.56,0,1,0.494,0.23,0,0.899,0.393,,,,0.432,,,
54902,20200317,-93.29,41.56,0.369,,,,0.408,,,,0.429,0.85,0,1,0.447,0.53,0,1,0.494,0.23,0,0.887,0.389,,,,0.43,,,
54902,20200318,-93.29,41.56,0.367,,,,0.406,,,,0.427,0.77,0,1,0.446,0.5,0,1,0.495,0.23,0,0.887,0.387,,,,0.428,,,
54902,20200319,-93.29,41.56,0.372,,,,0.409,,,,0.431,0.88,0,1,0.448,0.56,0,1,0.495,0.24,0,0.911,0.39,,,,0.431,,,
54902,20200320,-93.29,41.56,0.38,,,,0.414,,,,0.436,1.04,0,1,0.451,0.66,0,1,0.495,0.25,0,0.929,0.397,,,,0.435,,,
54902,20200321,-93.29,41.56,0.384,1.19,0,1,0.417,1.74,0,1,0.44,1.13,0,1,0.453,0.73,0,1,0.496,0.26,0,0.935,0.4,,,,0.438,,,
54902,20200322,-93.29,41.56,0.387,0.96,0,1,0.419,1.59,0,1,0.442,1.17,0,1,0.455,0.79,0,1,0.496,0.26,0,0.94,0.403,,,,0.44,,,
54902,20200323,-93.29,41.56,0.39,0.87,0,1,0.421,1.49,0,1,0.443,1.21,0,1,0.456,0.83,0,1,0.496,0.26,0,0.911,0.405,0.94,0,1,0.441,0.92,0,1
54902,20200324,-93.29,41.56,0.394,0.9,0,1,0.424,1.46,0,1,0.445,1.27,0,1,0.457,0.87,0,1,0.497,0.26,0,0.881,0.409,0.99,0,1,0.443,0.95,0,1
54902,20200325,-93.29,41.56,0.396,0.87,0,1,0.426,1.42,0,1,0.446,1.3,0,1,0.458,0.9,0,1,0.497,0.26,0,0.81,0.411,0.97,0,1,0.445,0.92,0,1
54902,20200326,-93.29,41.56,0.392,0.85,0,1,0.423,1.38,0,1,0.443,1.16,0,1,0.456,0.84,0,1,0.497,0.25,0,0.708,0.407,0.94,0,1,0.442,0.89,0,1
54902,20200327,-93.29,41.56,0.384,0.82,0,1,0.419,1.34,0,1,0.438,0.98,0,1,0.454,0.74,0,1,0.497,0.24,0,0.595,0.401,0.92,0,1,0.438,0.87,0,1
54902,20200328,-93.29,41.56,0.382,0.79,0,1,0.417,1.26,0,1,0.435,0.89,0,1,0.452,0.68,0,1,0.497,0.23,0,0.518,0.399,0.89,0,1,0.437,0.84,0,1
54902,20200329,-93.29,41.56,0.384,0.86,0,1,0.419,1.28,0,1,0.437,0.94,0,1,0.452,0.66,0,1,0.497,0.22,0,0.47,0.402,0.96,0,1,0.438,0.9,0,1
54902,20200330,-93.29,41.56,0.386,0.88,0,1,0.42,1.29,0,1,0.438,0.97,0,1,0.452,0.67,0,1,0.497,0.23,0,0.506,0.403,0.98,0,1,0.439,0.91,0,1
54902,20200331,-93.29,41.56,0.385,0.85,0,1,0.419,1.26,0,1,0.438,0.95,0,1,0.453,0.68,0,1,0.498,0.25,0,0.565,0.402,0.95,0,1,0.439,0.9,0,1
54902,20200401,-93.29,41.56,0.383,0.83,0,1,0.418,1.22,0,1,0.438,0.93,0,1,0.453,0.69,0,1,0.499,0.28,0,0.649,0.401,0.92,0,1,0.438,0.88,0,1
54902,20200402,-93.29,41.56,0.382,0.79,0,1,0.417,1.18,0,1,0.437,0.91,0,1,0.453,0.68,0,1,0.499,0.3,0,0.75,0.399,0.89,0,1,0.438,0.86,0,1
54902,20200403,-93.29,41.56,0.38,0.76,0,0.893,0.416,1.15,0,1,0.437,0.9,0,1,0.453,0.68,0,1,0.5,0.33,0,0.863,0.398,0.85,0,1,0.437,0.85,0,1
54902,20200404,-93.29,41.56,0.38,0.75,0,0.881,0.416,1.15,0,1,0.437,0.93,0,1,0.453,0.66,0,1,0.501,0.35,0,0.94,0.398,0.85,0,1,0.437,0.85,0,1
54902,20200405,-93.29,41.56,0.375,0.65,0,0.881,0.414,1.08,0,1,0.435,0.88,0,1,0.452,0.62,0,1,0.501,0.36,0,0.988,0.395,0.77,0,1,0.436,0.8,0,1
54902,20200406,-93.29,41.56,0.373,0.6,0,0.881,0.412,1.02,0,1,0.434,0.86,0,1,0.451,0.57,0,1,0.502,0.36,0,0.982,0.393,0.72,0,1,0.434,0.77,0,1
54902,20200407,-93.29,41.56,0.372,0.57,0,0.881,0.412,1,0,1,0.434,0.86,0,1,0.451,0.52,0,1,0.502,0.35,0,0.952,0.392,0.7,0,1,0.434,0.76,0,1
54902,20200408,-93.29,41.56,0.372,0.57,0,0.881,0.412,1,0,1,0.434,0.88,0,1,0.45,0.49,0,1,0.502,0.34,0,0.917,0.392,0.7,0,1,0.434,0.76,0,1
54902,20200409,-93.29,41.56,0.371,0.56,0,0.863,0.412,0.99,0,1,0.434,0.9,0,1,0.45,0.47,0,1,0.502,0.32,0,0.881,0.392,0.69,0,1,0.434,0.77,0,1
54902,20200410,-93.29,41.56,0.369,0.54,0,0.857,0.412,0.97,0,1,0.434,0.91,0,1,0.451,0.46,0,1,0.502,0.3,0,0.81,0.391,0.68,0,1,0.434,0.76,0,1
54902,20200411,-93.29,41.56,0.366,0.49,0,0.726,0.41,0.91,0,1,0.433,0.87,0,1,0.451,0.45,0,1,0.502,0.28,0,0.714,0.388,0.63,0,0.964,0.432,0.73,0,1
54902,20200412,-93.29,41.56,0.363,0.44,0,0.583,0.407,0.84,0,1,0.431,0.82,0,1,0.451,0.44,0,1,0.502,0.26,0,0.589,0.385,0.58,0,0.964,0.431,0.69,0,1
54902,20200413,-93.29,41.56,0.366,0.51,0,0.554,0.408,0.87,0,1,0.433,0.87,0,1,0.452,0.46,0,1,0.503,0.25,0,0.47,0.387,0.64,0,0.964,0.432,0.74,0,1
54902,20200414,-93.29,41.56,0.368,0.57,0,0.554,0.409,0.9,0,1,0.433,0.89,0,1,0.453,0.48,0,1,0.503,0.23,0,0.375,0.389,0.69,0,0.964,0.433,0.79,0,1
54902,20200415,-93.29,41.56,0.37,0.61,0,0.554,0.41,0.9,0,1,0.433,0.87,0,1,0.453,0.49,0,1,0.503,0.22,0,0.286,0.39,0.73,0,0.964,0.434,0.81,0,1
54902,20200416,-93.29,41.56,0.372,0.66,0,0.571,0.41,0.91,0,1,0.432,0.85,0,1,0.453,0.48,0,1,0.503,0.2,0,0.179,0.391,0.77,0,0.964,0.434,0.83,0,1
54902,20200417,-93.29,41.56,0.375,0.71,0,0.685,0.411,0.92,0,1,0.432,0.83,0,1,0.453,0.46,0,0.988,0.503,0.16,0,0.107,0.393,0.82,0,0.964,0.434,0.86,0,1
54902,20200418,-93.29,41.56,0.381,0.82,0,0.827,0.415,1.02,0,1,0.435,0.91,0,1,0.454,0.48,0,0.988,0.503,0.14,0,0.06,0.398,0.94,0,1,0.437,0.97,0,1
54902,20200419,-93.29,41.56,0.386,0.9,0,0.97,0.418,1.09,0,1,0.436,0.96,0,1,0.454,0.5,0,0.988,0.503,0.13,0,0.048,0.402,1.03,0,1,0.439,1.05,0,1
54902,20200420,-93.29,41.56,0.383,0.85,0,1,0.416,1.04,0,1,0.435,0.9,0,1,0.454,0.49,0,0.988,0.503,0.12,0,0.036,0.4,1,0,1,0.438,1.02,0,1
54902,20200421,-93.29,41.56,0.38,0.79,0,1,0.414,0.99,0,1,0.434,0.87,0,1,0.454,0.46,0,0.988,0.503,0.09,0,0.018,0.397,0.95,0,1,0.437,0.98,0,1
54902,20200422,-93.29,41.56,0.377,0.73,0,1,0.413,0.96,0,1,0.434,0.86,0,1,0.453,0.45,0,0.988,0.503,0.07,0,0,0.395,0.91,0,1,0.436,0.96,0,1
54902,20200423,-93.29,41.56,0.373,0.66,0,0.899,0.412,0.93,0,1,0.434,0.86,0,1,0.453,0.45,0,0.988,0.503,0.06,0,0,0.392,0.86,0,1,0.435,0.93,0,1
54902,20200424,-93.29,41.56,0.369,0.59,0,0.756,0.41,0.89,0,1,0.435,0.87,0,1,0.454,0.46,0,1,0.504,0.06,0,0,0.389,0.8,0,1,0.434,0.9,0,1
54902,20200425,-93.29,41.56,0.36,0.46,0,0.613,0.405,0.8,0,1,0.432,0.8,0,1,0.453,0.44,0,1,0.504,0.05,0,0,0.383,0.68,0,1,0.431,0.81,0,1
54902,20200426,-93.29,41.56,0.352,0.34,0,0.47,0.401,0.72,0,1,0.43,0.78,0,1,0.452,0.43,0,1,0.504,0.02,0,0,0.377,0.57,0,0.893,0.428,0.73,0,1
54902,20200427,-93.29,41.56,0.344,0.23,0,0.327,0.397,0.65,0,1,0.429,0.76,0,1,0.452,0.43,0,1,0.503,-0.01,0,0,0.37,0.46,0,0.75,0.425,0.66,0,1
54902,20200428,-93.29,41.56,0.334,0.1,0,0.185,0.392,0.58,0,0.97,0.428,0.75,0,1,0.452,0.43,0,1,0.504,-0.01,0,0,0.363,0.35,0,0.607,0.422,0.58,0,0.964
54902,20200429,-93.29,41.56,0.324,-0.02,0.036,0.042,0.388,0.5,0,0.833,0.427,0.74,0,1,0.452,0.45,0,1,0.504,-0.01,0,0,0.356,0.24,0,0.464,0.419,0.5,0,0.821
54902,20200430,-93.29,41.56,0.314,-0.15,0.179,0,0.383,0.42,0,0.69,0.426,0.73,0,1,0.452,0.46,0,1,0.504,0,0,0,0.349,0.13,0,0.321,0.416,0.42,0,0.679
54902,20200501,-93.29,41.56,0.303,-0.27,0.321,0,0.377,0.32,0,0.548,0.424,0.68,0,1,0.452,0.45,0,1,0.504,0.02,0,0.006,0.34,0,0.101,0.179,0.412,0.31,0,0.536
54902,20200502,-93.29,41.56,0.291,-0.41,0.464,0,0.369,0.19,0,0.405,0.422,0.62,0,0.899,0.452,0.45,0,1,0.505,0.04,0,0.006,0.33,-0.14,0.244,0.036,0.408,0.18,0.024,0.393
54902,20200503,-93.29,41.56,0.28,-0.54,0.607,0,0.361,0.05,0.095,0.262,0.419,0.54,0,0.756,0.452,0.43,0,1,0.505,0.07,0,0.006,0.32,-0.29,0.387,0,0.403,0.04,0.149,0.25
54902,20200504,-93.29,41.56,0.268,-0.67,0.75,0,0.352,-0.11,0.238,0.119,0.416,0.45,0,0.613,0.451,0.42,0,1,0.505,0.09,0,0.006,0.31,-0.44,0.53,0,0.398,-0.11,0.292,0.107
54902,20200505,-93.29,41.56,0.256,-0.79,0.893,0,0.343,-0.26,0.381,0.006,0.412,0.34,0,0.47,0.451,0.4,0,1,0.506,0.09,0,0.006,0.3,-0.58,0.673,0,0.393,-0.26,0.435,0
54902,20200506,-93.29,41.56,0.246,-0.89,1,0,0.334,-0.4,0.524,0,0.408,0.24,0,0.327,0.45,0.38,0,1,0.506,0.06,0,0.006,0.29,-0.71,0.815,0,0.389,-0.39,0.577,0
54902,20200507,-93.29,41.56,0.238,-0.97,1,0,0.326,-0.52,0.667,0,0.404,0.13,0,0.185,0.45,0.36,0,1,0.505,0.03,0,0.006,0.282,-0.81,0.958,0,0.385,-0.5,0.72,0
54902,20200508,-93.29,41.56,0.231,-1.02,1,0,0.32,-0.61,0.81,0,0.401,0.04,0,0.042,0.449,0.35,0,1,0.505,-0.01,0,0,0.275,-0.9,1,0,0.381,-0.59,0.863,0
54902,20200509,-93.29,41.56,0.226,-1.05,1,0,0.315,-0.68,0.952,0,0.397,-0.06,0.042,0,0.449,0.33,0,0.952,0.505,-0.06,0.006,0,0.27,-0.95,1,0,0.378,-0.66,0.982,0
54902,20200510,-93.29,41.56,0.221,-1.07,1,0,0.31,-0.74,1,0,0.393,-0.17,0.179,0,0.449,0.32,0,0.839,0.504,-0.12,0.054,0,0.266,-0.99,1,0,0.376,-0.71,1,0
54902,20200511,-93.29,41.56,0.218,-1.07,1,0,0.307,-0.77,1,0,0.39,-0.27,0.321,0,0.448,0.3,0,0.708,0.504,-0.18,0.155,0,0.262,-1.01,1,0,0.373,-0.75,1,0
54902,20200512,-93.29,41.56,0.217,-1.05,1,0,0.304,-0.79,1,0,0.386,-0.37,0.464,0,0.448,0.29,0,0.595,0.504,-0.23,0.292,0,0.26,-1.01,1,0,0.372,-0.77,1,0
54902,20200513,-93.29,41.56,0.215,-1.04,1,0,0.301,-0.82,1,0,0.382,-0.48,0.607,0,0.448,0.27,0,0.482,0.503,-0.29,0.435,0,0.258,-1.01,1,0,0.37,-0.8,1,0
54902,20200514,-93.29,41.56,0.213,-1.03,1,0,0.297,-0.84,1,0,0.377,-0.59,0.75,0,0.448,0.26,0,0.363,0.503,-0.35,0.577,0,0.255,-1.01,1,0,0.368,-0.83,1,0
54902,20200515,-93.29,41.56,0.219,-0.96,0.923,0,0.296,-0.83,1,0,0.374,-0.67,0.893,0,0.447,0.24,0,0.22,0.502,-0.41,0.72,0,0.258,-0.95,0.923,0,0.368,-0.81,0.923,0
54902,20200516,-93.29,41.56,0.229,-0.84,0.78,0,0.297,-0.8,1,0,0.37,-0.75,0.994,0,0.447,0.23,0,0.125,0.502,-0.46,0.857,0,0.263,-0.86,0.78,0,0.369,-0.76,0.905,0
54902,20200517,-93.29,41.56,0.243,-0.71,0.637,0.024,0.299,-0.74,0.976,0,0.369,-0.76,0.976,0.024,0.448,0.25,0,0.119,0.501,-0.5,0.952,0,0.271,-0.74,0.637,0.024,0.372,-0.68,0.875,0.024
54902,20200518,-93.29,41.56,0.268,-0.48,0.494,0.167,0.308,-0.59,0.833,0,0.376,-0.6,0.833,0.149,0.45,0.34,0,0.25,0.502,-0.5,0.923,0,0.288,-0.53,0.494,0.155,0.381,-0.47,0.732,0.167
54902,20200519,-93.29,41.56,0.292,-0.24,0.351,0.31,0.317,-0.44,0.69,0,0.382,-0.44,0.69,0.149,0.452,0.42,0,0.363,0.502,-0.46,0.792,0,0.305,-0.31,0.351,0.292,0.389,-0.27,0.589,0.31
54902,20200520,-93.29,41.56,0.316,-0.01,0.208,0.452,0.327,-0.28,0.548,0,0.389,-0.29,0.548,0.149,0.454,0.47,0,0.476,0.503,-0.41,0.655,0,0.321,-0.1,0.208,0.417,0.398,-0.07,0.446,0.452
54902,20200521,-93.29,41.56,0.339,0.22,0.065,0.595,0.337,-0.13,0.405,0,0.395,-0.13,0.405,0.149,0.455,0.52,0,0.595,0.504,-0.36,0.518,0,0.338,0.11,0.065,0.542,0.406,0.13,0.304,0.595
54902,20200522,-93.29,41.56,0.354,0.37,0,0.738,0.345,0,0.262,0,0.401,0.02,0.262,0.149,0.457,0.58,0,0.738,0.505,-0.31,0.381,0,0.349,0.25,0,0.649,0.412,0.28,0.238,0.738
54902,20200523,-93.29,41.56,0.364,0.47,0,0.881,0.352,0.11,0.119,0,0.406,0.16,0.119,0.149,0.458,0.64,0,0.881,0.506,-0.25,0.238,0,0.358,0.36,0,0.696,0.417,0.4,0.113,0.869
54902,20200524,-93.29,41.56,0.377,0.61,0,1,0.367,0.31,0,0.143,0.418,0.41,0,0.268,0.461,0.74,0,1,0.507,-0.16,0.095,0,0.372,0.52,0,0.815,0.426,0.59,0,0.988
54902,20200525,-93.29,41.56,0.376,0.62,0,1,0.373,0.4,0,0.286,0.419,0.44,0,0.286,0.462,0.74,0,1,0.508,-0.1,0.024,0,0.375,0.56,0,0.827,0.428,0.63,0,0.988
54902,20200526,-93.29,41.56,0.379,0.66,0,1,0.381,0.5,0,0.429,0.424,0.53,0,0.429,0.464,0.78,0,1,0.509,-0.06,0.018,0,0.38,0.62,0,0.833,0.431,0.7,0,0.988
54902,20200527,-93.29,41.56,0.383,0.69,0,1,0.39,0.61,0,0.571,0.43,0.65,0,0.571,0.466,0.84,0,1,0.51,0,0.012,0.012,0.387,0.69,0,0.851,0.436,0.78,0,0.988
54902,20200528,-93.29,41.56,0.385,0.72,0,1,0.398,0.7,0,0.714,0.435,0.73,0,0.714,0.468,0.87,0,1,0.511,0.07,0.006,0.042,0.391,0.74,0,0.869,0.439,0.84,0,0.988
54902,20200529,-93.29,41.56,0.391,0.77,0,1,0.406,0.79,0,0.857,0.44,0.82,0,0.857,0.469,0.9,0,1,0.513,0.16,0,0.125,0.399,0.82,0,0.905,0.444,0.91,0,0.988
54902,20200530,-93.29,41.56,0.394,0.8,0,1,0.413,0.87,0,1,0.444,0.89,0,1,0.471,0.93,0,1,0.515,0.25,0,0.268,0.404,0.87,0,1,0.447,0.97,0,1
54902,20200531,-93.29,41.56,0.389,0.76,0,1,0.41,0.82,0,1,0.441,0.82,0,1,0.47,0.88,0,1,0.516,0.32,0,0.398,0.4,0.83,0,1,0.445,0.92,0,1
54902,20200601,-93.29,41.56,0.385,0.72,0,0.946,0.407,0.78,0,1,0.44,0.78,0,1,0.47,0.86,0,1,0.517,0.38,0,0.53,0.396,0.8,0,1,0.444,0.88,0,1
54902,20200602,-93.29,41.56,0.376,0.64,0,0.804,0.401,0.7,0,0.91,0.436,0.7,0,0.952,0.468,0.8,0,1,0.517,0.39,0,0.554,0.389,0.72,0,0.892,0.44,0.79,0,0.928
54902,20200603,-93.29,41.56,0.363,0.53,0,0.661,0.393,0.6,0,0.765,0.43,0.6,0,0.807,0.467,0.75,0,1,0.517,0.36,0,0.542,0.378,0.61,0,0.747,0.434,0.68,0,0.783
54902,20200604,-93.29,41.56,0.351,0.43,0,0.518,0.384,0.5,0,0.62,0.425,0.51,0,0.663,0.466,0.73,0,1,0.517,0.34,0,0.512,0.367,0.51,0,0.602,0.429,0.58,0,0.639
54902,20200605,-93.29,41.56,0.333,0.28,0,0.375,0.372,0.38,0,0.476,0.419,0.41,0,0.518,0.466,0.7,0,1,0.517,0.3,0,0.428,0.352,0.36,0,0.458,0.421,0.45,0,0.494
54902,20200606,-93.29,41.56,0.316,0.14,0,0.232,0.36,0.26,0,0.331,0.412,0.32,0,0.373,0.465,0.68,0,1,0.516,0.26,0,0.283,0.338,0.22,0,0.313,0.414,0.33,0,0.349
54902,20200607,-93.29,41.56,0.3,0.01,0.018,0.089,0.348,0.14,0,0.196,0.405,0.22,0,0.238,0.465,0.67,0,1,0.516,0.22,0,0.155,0.324,0.09,0,0.179,0.407,0.21,0,0.214
54902,20200608,-93.29,41.56,0.284,-0.12,0.161,0,0.335,0.02,0,0.054,0.397,0.12,0,0.095,0.465,0.66,0,1,0.515,0.17,0,0.024,0.309,-0.05,0.089,0.036,0.399,0.1,0,0.071
54902,20200609,-93.29,41.56,0.268,-0.24,0.304,0,0.322,-0.1,0.101,0,0.388,0.02,0,0,0.465,0.65,0,1,0.515,0.16,0,0,0.295,-0.18,0.232,0,0.392,-0.01,0,0
54902,20200610,-93.29,41.56,0.277,-0.17,0.333,0.107,0.322,-0.09,0.131,0.054,0.385,-0.01,0,0.036,0.466,0.67,0,1,0.515,0.17,0,0,0.3,-0.13,0.262,0.107,0.393,0.02,0,0.107
54902,20200611,-93.29,41.56,0.295,-0.03,0.333,0.25,0.334,0.02,0.131,0.196,0.394,0.08,0,0.179,0.469,0.71,0,1,0.517,0.21,0,0.119,0.315,0,0.262,0.25,0.402,0.13,0,0.25
54902,20200612,-93.29,41.56,0.31,0.09,0.333,0.393,0.345,0.13,0.131,0.339,0.4,0.15,0,0.321,0.47,0.72,0,1,0.518,0.27,0,0.262,0.327,0.11,0.262,0.393,0.409,0.22,0,0.393
54902,20200613,-93.29,41.56,0.323,0.19,0.333,0.482,0.355,0.22,0.131,0.482,0.406,0.21,0,0.464,0.471,0.72,0,1,0.52,0.3,0,0.393,0.339,0.21,0.262,0.536,0.415,0.3,0,0.536
54902,20200614,-93.29,41.56,0.335,0.28,0.315,0.482,0.364,0.31,0.131,0.524,0.413,0.28,0,0.595,0.471,0.71,0,1,0.52,0.33,0,0.464,0.35,0.31,0.262,0.554,0.421,0.38,0,0.589
54902,20200615,-93.29,41.56,0.346,0.37,0.173,0.482,0.373,0.39,0.131,0.524,0.42,0.35,0,0.607,0.471,0.71,0,1,0.521,0.34,0,0.464,0.36,0.4,0.173,0.554,0.426,0.45,0,0.589
54902,20200616,-93.29,41.56,0.355,0.44,0.03,0.482,0.381,0.46,0.03,0.524,0.428,0.43,0,0.607,0.472,0.7,0,1,0.521,0.36,0,0.464,0.368,0.47,0.03,0.554,0.431,0.52,0,0.589
54902,20200617,-93.29,41.56,0.341,0.33,0,0.375,0.376,0.41,0,0.47,0.428,0.43,0,0.571,0.47,0.66,0,1,0.522,0.37,0,0.464,0.359,0.38,0,0.446,0.427,0.47,0,0.482
54902,20200618,-93.29,41.56,0.318,0.15,0,0.232,0.358,0.24,0,0.327,0.417,0.31,0,0.429,0.467,0.6,0,1,0.52,0.33,0,0.345,0.338,0.21,0,0.304,0.416,0.33,0,0.339
54902,20200619,-93.29,41.56,0.299,0.01,0,0.089,0.343,0.09,0,0.185,0.407,0.22,0,0.286,0.465,0.56,0,1,0.519,0.28,0,0.202,0.321,0.06,0,0.161,0.407,0.22,0,0.196
54902,20200620,-93.29,41.56,0.286,-0.08,0,0.006,0.33,-0.03,0,0.042,0.399,0.14,0,0.143,0.463,0.52,0,0.97,0.518,0.24,0,0.071,0.308,-0.05,0,0.018,0.399,0.13,0,0.054
54902,20200621,-93.29,41.56,0.293,-0.02,0,0.125,0.321,-0.1,0,0,0.392,0.07,0,0.012,0.462,0.49,0,0.887,0.517,0.22,0,0,0.307,-0.06,0,0.018,0.397,0.11,0,0
54902,20200622,-93.29,41.56,0.3,0.04,0,0.268,0.315,-0.16,0,0,0.385,0.01,0,0,0.46,0.45,0,0.744,0.515,0.18,0,0,0.307,-0.05,0,0.018,0.395,0.1,0,0
54902,20200623,-93.29,41.56,0.315,0.16,0,0.405,0.321,-0.11,0,0.113,0.388,0.04,0,0.113,0.459,0.43,0,0.613,0.514,0.14,0,0,0.318,0.04,0,0.131,0.399,0.15,0,0.113
54902,20200624,-93.29,41.56,0.331,0.29,0,0.548,0.33,-0.03,0,0.173,0.393,0.09,0,0.232,0.458,0.39,0,0.47,0.513,0.11,0,0,0.33,0.14,0,0.274,0.405,0.21,0,0.256
54902,20200625,-93.29,41.56,0.346,0.41,0,0.69,0.339,0.04,0,0.173,0.398,0.14,0,0.232,0.456,0.36,0,0.327,0.511,0.08,0,0,0.343,0.24,0,0.339,0.41,0.28,0,0.274
54902,20200626,-93.29,41.56,0.36,0.52,0,0.714,0.348,0.12,0,0.173,0.404,0.2,0,0.232,0.455,0.33,0,0.185,0.509,0.04,0,0,0.354,0.34,0,0.339,0.415,0.34,0,0.274
54902,20200627,-93.29,41.56,0.372,0.6,0,0.708,0.356,0.19,0,0.173,0.41,0.26,0,0.232,0.453,0.31,0,0.071,0.508,0,0,0,0.364,0.41,0,0.339,0.42,0.39,0,0.274
54902,20200628,-93.29,41.56,0.364,0.54,0,0.589,0.36,0.23,0,0.173,0.414,0.31,0,0.232,0.451,0.29,0,0.012,0.506,-0.04,0,0,0.362,0.4,0,0.321,0.419,0.4,0,0.274
54902,20200629,-93.29,41.56,0.358,0.49,0,0.446,0.364,0.26,0,0.173,0.419,0.35,0,0.232,0.45,0.28,0,0.012,0.505,-0.05,0,0,0.361,0.38,0,0.321,0.419,0.4,0,0.274
54902,20200630,-93.29,41.56,0.344,0.39,0,0.31,0.357,0.2,0,0.06,0.413,0.31,0,0.119,0.448,0.27,0,0,0.504,-0.06,0,0,0.35,0.29,0,0.208,0.413,0.34,0,0.161
54902,20200701,-93.29,41.56,0.332,0.29,0,0.167,0.348,0.12,0,0,0.407,0.26,0,0,0.447,0.26,0,0,0.503,-0.07,0,0,0.34,0.21,0,0.065,0.407,0.28,0,0.018
54902,20200702,-93.29,41.56,0.321,0.21,0,0.024,0.34,0.07,0,0,0.401,0.22,0,0,0.445,0.26,0,0,0.502,-0.08,0,0,0.33,0.13,0,0,0.402,0.24,0,0
54902,20200703,-93.29,41.56,0.31,0.13,0,0,0.332,0.01,0,0,0.394,0.18,0,0,0.444,0.26,0,0,0.501,-0.09,0,0,0.321,0.06,0,0,0.396,0.19,0,0
54902,20200704,-93.29,41.56,0.3,0.06,0,0,0.325,-0.04,0,0,0.388,0.13,0,0,0.443,0.27,0,0,0.501,-0.09,0,0,0.312,-0.01,0,0,0.391,0.15,0,0
54902,20200705,-93.29,41.56,0.29,-0.01,0,0,0.317,-0.09,0,0,0.38,0.09,0,0,0.441,0.27,0,0,0.5,-0.1,0,0,0.304,-0.07,0,0,0.386,0.11,0,0
54902,20200706,-93.29,41.56,0.281,-0.07,0,0,0.309,-0.15,0,0,0.373,0.04,0,0,0.439,0.27,0,0,0.499,-0.11,0,0,0.295,-0.13,0,0,0.38,0.07,0,0
54902,20200707,-93.29,41.56,0.272,-0.13,0,0,0.301,-0.2,0.042,0,0.365,0,0,0,0.436,0.27,0,0,0.498,-0.12,0,0,0.287,-0.19,0.095,0,0.375,0.03,0,0
54902,20200708,-93.29,41.56,0.264,-0.18,0.006,0,0.294,-0.25,0.185,0,0.357,-0.04,0,0,0.434,0.27,0,0,0.496,-0.13,0,0,0.279,-0.24,0.238,0,0.369,-0.01,0,0
54902,20200709,-93.29,41.56,0.256,-0.23,0.137,0,0.286,-0.3,0.327,0,0.348,-0.09,0.018,0,0.431,0.26,0,0,0.495,-0.15,0,0,0.271,-0.29,0.381,0,0.363,-0.05,0,0
54902,20200710,-93.29,41.56,0.249,-0.27,0.28,0,0.279,-0.35,0.47,0,0.339,-0.14,0.083,0,0.427,0.25,0,0,0.494,-0.16,0,0,0.264,-0.33,0.524,0,0.358,-0.09,0,0
54902,20200711,-93.29,41.56,0.242,-0.31,0.423,0,0.272,-0.39,0.613,0,0.33,-0.19,0.226,0,0.423,0.23,0,0,0.492,-0.18,0,0,0.257,-0.37,0.667,0,0.352,-0.13,0,0
54902,20200712,-93.29,41.56,0.236,-0.35,0.565,0,0.266,-0.43,0.756,0,0.321,-0.24,0.369,0,0.419,0.21,0,0,0.491,-0.2,0.006,0,0.251,-0.41,0.81,0,0.347,-0.18,0.071,0
54902,20200713,-93.29,41.56,0.231,-0.38,0.708,0,0.261,-0.46,0.899,0,0.313,-0.29,0.512,0,0.414,0.19,0,0,0.489,-0.22,0.006,0,0.246,-0.44,0.952,0,0.342,-0.22,0.214,0
54902,20200714,-93.29,41.56,0.225,-0.41,0.851,0,0.256,-0.49,1,0,0.305,-0.34,0.655,0,0.41,0.17,0,0,0.487,-0.23,0.018,0,0.241,-0.46,1,0,0.336,-0.25,0.357,0
54902,20200715,-93.29,41.56,0.228,-0.36,0.923,0.06,0.256,-0.47,0.935,0,0.304,-0.32,0.732,0.018,0.406,0.15,0,0,0.485,-0.25,0.065,0,0.242,-0.43,0.935,0.042,0.336,-0.25,0.435,0
54902,20200716,-93.29,41.56,0.239,-0.23,0.792,0.202,0.262,-0.4,0.792,0,0.311,-0.25,0.714,0.018,0.403,0.15,0,0,0.483,-0.25,0.071,0,0.251,-0.33,0.792,0.042,0.34,-0.19,0.435,0
54902,20200717,-93.29,41.56,0.249,-0.12,0.649,0.31,0.266,-0.34,0.649,0,0.317,-0.19,0.649,0.018,0.4,0.14,0,0,0.482,-0.26,0.071,0,0.257,-0.24,0.649,0.042,0.343,-0.14,0.435,0
54902,20200718,-93.29,41.56,0.257,-0.02,0.506,0.31,0.269,-0.29,0.506,0,0.321,-0.14,0.506,0.018,0.397,0.14,0,0,0.48,-0.26,0.071,0,0.263,-0.16,0.506,0.042,0.345,-0.1,0.435,0
54902,20200719,-93.29,41.56,0.263,0.08,0.363,0.31,0.271,-0.24,0.363,0,0.326,-0.08,0.363,0.018,0.395,0.14,0,0,0.478,-0.26,0.065,0,0.267,-0.09,0.363,0.042,0.347,-0.06,0.363,0
54902,20200720,-93.29,41.56,0.27,0.16,0.22,0.321,0.274,-0.19,0.22,0,0.33,-0.03,0.222,0.018,0.393,0.15,0,0,0.478,-0.23,0.066,0.018,0.272,-0.02,0.22,0.042,0.349,-0.01,0.222,0
54902,20200721,-93.29,41.56,0.276,0.25,0.078,0.329,0.277,-0.14,0.084,0,0.335,0.03,0.078,0.018,0.391,0.15,0,0,0.478,-0.2,0.061,0.036,0.277,0.04,0.078,0.042,0.352,0.04,0.079,0
54902,20200722,-93.29,41.56,0.275,0.27,0,0.271,0.275,-0.14,0.006,0,0.332,0.03,0,0,0.388,0.16,0,0,0.478,-0.18,0.012,0.043,0.275,0.05,0,0,0.35,0.04,0,0
54902,20200723,-93.29,41.56,0.266,0.2,0,0.127,0.268,-0.18,0.006,0,0.322,-0.03,0,0,0.385,0.15,0,0,0.477,-0.17,0.006,0.049,0.267,0,0,0,0.344,0,0,0
54902,20200724,-93.29,41.56,0.256,0.13,0,0.018,0.261,-0.22,0.03,0,0.312,-0.08,0,0,0.381,0.15,0,0,0.475,-0.16,0.006,0.049,0.259,-0.06,0,0,0.338,-0.05,0,0
54902,20200725,-93.29,41.56,0.248,0.07,0,0.018,0.257,-0.26,0.163,0,0.303,-0.13,0,0,0.378,0.14,0,0,0.473,-0.17,0.024,0.049,0.252,-0.1,0,0,0.332,-0.09,0,0
54902,20200726,-93.29,41.56,0.24,0.01,0,0.018,0.252,-0.29,0.307,0,0.296,-0.17,0.108,0,0.374,0.13,0,0,0.471,-0.17,0.079,0.049,0.246,-0.15,0.006,0,0.327,-0.13,0.061,0
54902,20200727,-93.29,41.56,0.233,-0.04,0,0.006,0.248,-0.32,0.452,0,0.288,-0.22,0.251,0,0.371,0.12,0,0,0.467,-0.2,0.17,0.03,0.241,-0.19,0.096,0,0.321,-0.16,0.165,0
54902,20200728,-93.29,41.56,0.226,-0.09,0,0,0.245,-0.35,0.587,0,0.281,-0.26,0.395,0,0.367,0.11,0,0,0.464,-0.22,0.192,0.012,0.236,-0.23,0.204,0,0.317,-0.2,0.305,0
54902,20200729,-93.29,41.56,0.221,-0.12,0.006,0,0.241,-0.37,0.721,0,0.274,-0.31,0.521,0,0.364,0.1,0,0,0.461,-0.24,0.236,0.006,0.231,-0.26,0.224,0,0.312,-0.23,0.424,0
54902,20200730,-93.29,41.56,0.216,-0.16,0.012,0,0.238,-0.4,0.867,0,0.268,-0.35,0.667,0,0.36,0.08,0,0,0.458,-0.25,0.297,0,0.227,-0.29,0.242,0,0.308,-0.26,0.57,0
54902,20200731,-93.29,41.56,0.213,-0.17,0.012,0,0.235,-0.42,0.988,0,0.262,-0.4,0.812,0,0.356,0.06,0,0,0.455,-0.26,0.43,0,0.224,-0.31,0.315,0,0.304,-0.28,0.715,0
54902,20200801,-93.29,41.56,0.211,-0.19,0.013,0,0.234,-0.42,0.987,0,0.258,-0.43,0.955,0,0.353,0.04,0,0,0.453,-0.27,0.532,0,0.222,-0.32,0.386,0,0.302,-0.3,0.853,0
54902,20200802,-93.29,41.56,0.208,-0.2,0.013,0,0.231,-0.43,0.987,0,0.253,-0.46,0.994,0,0.348,0.02,0,0,0.451,-0.27,0.622,0,0.22,-0.33,0.525,0,0.298,-0.31,0.942,0
54902,20200803,-93.29,41.56,0.206,-0.2,0.013,0,0.229,-0.44,0.987,0,0.249,-0.48,0.993,0,0.344,0,0,0,0.45,-0.26,0.647,0.007,0.218,-0.33,0.566,0,0.296,-0.32,0.973,0
54902,20200804,-93.29,41.56,0.203,-0.22,0.068,0,0.227,-0.45,0.986,0,0.245,-0.5,0.993,0,0.34,-0.02,0,0,0.446,-0.28,0.764,0.007,0.215,-0.34,0.589,0,0.293,-0.33,0.972,0
54902,20200805,-93.29,41.56,0.198,-0.25,0.186,0,0.225,-0.46,0.986,0,0.241,-0.52,1,0,0.337,-0.04,0,0,0.441,-0.31,0.857,0.007,0.212,-0.36,0.702,0,0.289,-0.34,0.985,0
54902,20200806,-93.29,41.56,0.195,-0.27,0.222,0,0.222,-0.47,0.986,0,0.237,-0.53,1,0,0.332,-0.07,0,0,0.438,-0.33,0.957,0.007,0.209,-0.37,0.843,0,0.286,-0.35,0.985,0
54902,20200807,-93.29,41.56,0.191,-0.29,0.361,0,0.22,-0.48,0.986,0,0.233,-0.53,1,0,0.328,-0.1,0,0,0.435,-0.34,0.971,0.007,0.206,-0.39,0.929,0,0.282,-0.37,0.985,0
54902,20200808,-93.29,41.56,0.188,-0.31,0.421,0,0.218,-0.48,0.993,0,0.23,-0.53,1,0,0.326,-0.12,0.007,0,0.435,-0.33,0.957,0.014,0.204,-0.4,0.979,0,0.28,-0.37,0.978,0
54902,20200809,-93.29,41.56,0.186,-0.31,0.469,0,0.217,-0.49,0.993,0,0.228,-0.52,1,0,0.322,-0.15,0.007,0,0.432,-0.33,0.965,0.014,0.202,-0.41,0.986,0,0.277,-0.38,0.978,0
54902,20200810,-93.29,41.56,0.184,-0.32,0.49,0,0.216,-0.49,0.993,0,0.225,-0.52,1,0,0.319,-0.17,0.007,0,0.43,-0.35,0.986,0.007,0.2,-0.42,0.986,0,0.275,-0.39,0.993,0
54902,20200811,-93.29,41.56,0.192,-0.24,0.451,0.039,0.222,-0.42,0.881,0,0.231,-0.45,0.88,0,0.318,-0.18,0.007,0,0.43,-0.34,0.98,0.007,0.208,-0.35,0.873,0.013,0.279,-0.34,0.878,0
54902,20200812,-93.29,41.56,0.197,-0.19,0.345,0.041,0.226,-0.38,0.797,0,0.235,-0.41,0.795,0,0.317,-0.19,0.007,0,0.43,-0.33,0.979,0.007,0.211,-0.31,0.788,0.014,0.281,-0.31,0.799,0
54902,20200813,-93.29,41.56,0.2,-0.16,0.302,0.04,0.229,-0.33,0.638,0,0.241,-0.36,0.633,0,0.316,-0.19,0.007,0,0.43,-0.32,0.98,0.007,0.215,-0.28,0.633,0.014,0.283,-0.28,0.634,0
54902,20200814,-93.29,41.56,0.203,-0.14,0.168,0.04,0.233,-0.29,0.477,0,0.247,-0.31,0.469,0,0.315,-0.2,0.007,0,0.431,-0.31,0.959,0.02,0.218,-0.25,0.469,0.014,0.286,-0.25,0.473,0
54902,20200815,-93.29,41.56,0.203,-0.13,0.104,0.039,0.234,-0.26,0.351,0,0.251,-0.29,0.34,0,0.315,-0.19,0,0,0.43,-0.32,0.967,0.02,0.218,-0.25,0.342,0.013,0.287,-0.23,0.349,0
54902,20200816,-93.29,41.56,0.204,-0.12,0.07,0.042,0.237,-0.23,0.217,0,0.256,-0.26,0.204,0,0.315,-0.19,0,0,0.429,-0.32,0.965,0.021,0.221,-0.22,0.2,0.014,0.288,-0.21,0.207,0
54902,20200817,-93.29,41.56,0.204,-0.13,0.196,0.042,0.238,-0.2,0.189,0,0.262,-0.23,0.071,0,0.315,-0.18,0,0,0.429,-0.33,0.965,0.021,0.221,-0.22,0.193,0.014,0.29,-0.2,0.086,0
54902,20200818,-93.29,41.56,0.193,-0.22,0.326,0,0.231,-0.26,0.298,0,0.257,-0.28,0.165,0,0.314,-0.18,0,0,0.429,-0.34,0.964,0.022,0.212,-0.3,0.309,0,0.285,-0.25,0.19,0
54902,20200819,-93.29,41.56,0.187,-0.28,0.439,0,0.227,-0.3,0.408,0,0.254,-0.32,0.276,0,0.313,-0.18,0,0,0.431,-0.34,0.951,0.021,0.207,-0.35,0.417,0,0.283,-0.27,0.284,0
54902,20200820,-93.29,41.56,0.181,-0.34,0.585,0,0.223,-0.34,0.553,0,0.251,-0.35,0.399,0,0.312,-0.19,0,0,0.431,-0.35,0.934,0.022,0.202,-0.4,0.565,0,,,,
54902,20200821,-93.29,41.56,0.175,-0.39,0.75,0,0.219,-0.38,0.717,0,,,,,,,,,,,,,0.198,-0.44,0.733,0,,,,
54902,20200822,-93.29,41.56,0.171,-0.44,0.915,0,0.216,-0.41,0.885,0,0.244,-0.45,0.711,0,,,,,0.428,-0.46,0.956,0,0.194,-0.48,0.904,0,,,,
54902,20200823,-93.29,41.56,0.169,-0.47,1,0,0.213,-0.44,0.973,0,0.241,-0.49,0.815,0,0.307,-0.22,0,0,0.427,-0.49,0.959,0,0.192,-0.51,0.993,0,0.272,-0.48,0.867,0
54902,20200824,-93.29,41.56,0.167,-0.5,1,0,0.211,-0.46,1,0,0.237,-0.54,0.939,0,0.306,-0.24,0,0,0.426,-0.53,0.959,0,0.189,-0.54,1,0,0.269,-0.53,0.979,0
54902,20200825,-93.29,41.56,0.166,-0.52,1,0,0.21,-0.48,1,0,0.235,-0.58,0.96,0,0.305,-0.25,0,0,0.424,-0.57,0.967,0,0.188,-0.55,1,0,0.268,-0.58,0.987,0
54902,20200826,-93.29,41.56,0.166,-0.53,1,0,0.208,-0.49,1,0,0.233,-0.61,0.968,0,0.304,-0.26,0,0,0.423,-0.61,0.981,0,0.187,-0.56,1,0,0.267,-0.62,0.994,0
54902,20200827,-93.29,41.56,0.165,-0.54,1,0,0.207,-0.5,1,0,0.231,-0.64,0.982,0,0.303,-0.28,0.006,0,0.421,-0.63,0.994,0,0.186,-0.57,1,0,0.266,-0.65,1,0
54902,20200828,-93.29,41.56,0.165,-0.55,1,0,0.206,-0.51,1,0,0.229,-0.67,1,0,0.302,-0.31,0.089,0,0.42,-0.65,1,0,0.186,-0.58,1,0,0.264,-0.68,1,0
54902,20200829,-93.29,41.56,0.164,-0.56,1,0,0.206,-0.51,1,0,0.232,-0.66,0.958,0,0.301,-0.37,0.232,0,0.42,-0.66,1,0,0.185,-0.58,1,0,0.265,-0.68,1,0
54902,20200830,-93.29,41.56,0.163,-0.57,1,0,0.206,-0.51,1,0,0.235,-0.65,0.958,0,0.3,-0.43,0.375,0,0.419,-0.67,1,0,0.185,-0.58,1,0,0.265,-0.68,1,0
54902,20200831,-93.29,41.56,0.162,-0.58,1,0,0.205,-0.52,1,0,0.236,-0.65,0.958,0,0.299,-0.49,0.518,0,0.419,-0.67,1,0,0.184,-0.59,1,0,0.264,-0.69,1,0
54902,20200901,-93.29,41.56,0.161,-0.59,1,0,0.204,-0.53,1,0,0.236,-0.66,0.958,0,0.299,-0.55,0.661,0,0.419,-0.67,1,0,0.183,-0.59,1,0,0.264,-0.69,1,0
54902,20200902,-93.29,41.56,0.16,-0.6,1,0,0.203,-0.54,1,0,0.236,-0.66,0.958,0,0.298,-0.61,0.804,0,0.419,-0.68,1,0,0.182,-0.6,1,0,0.263,-0.7,1,0
54902,20200903,-93.29,41.56,0.159,-0.61,1,0,0.202,-0.55,1,0,0.236,-0.67,0.958,0,0.297,-0.67,0.94,0,0.419,-0.69,1,0,0.181,-0.6,1,0,0.263,-0.7,1,0
54902,20200904,-93.29,41.56,0.159,-0.62,1,0,0.202,-0.56,1,0,0.237,-0.68,0.958,0,0.297,-0.7,1,0,0.419,-0.7,0.994,0,0.18,-0.61,1,0,0.263,-0.71,1,0
54902,20200905,-93.29,41.56,0.158,-0.63,1,0,0.2,-0.58,1,0,0.233,-0.71,1,0,0.296,-0.72,1,0,0.418,-0.71,0.994,0,0.179,-0.62,1,0,0.261,-0.72,1,0
54902,20200906,-93.29,41.56,0.157,-0.63,1,0,0.198,-0.59,1,0,0.227,-0.75,1,0,0.295,-0.73,1,0,0.417,-0.73,0.994,0,0.178,-0.63,1,0,0.259,-0.74,1,0
54902,20200907,-93.29,41.56,0.157,-0.64,1,0,0.197,-0.6,1,0,0.224,-0.78,1,0,0.294,-0.74,1,0,0.416,-0.75,0.994,0,0.177,-0.63,1,0,0.258,-0.75,1,0
54902,20200908,-93.29,41.56,0.156,-0.64,1,0,0.198,-0.6,0.97,0,0.227,-0.77,0.964,0,0.294,-0.73,0.976,0,0.415,-0.76,0.994,0,0.177,-0.63,1,0,0.258,-0.75,0.97,0
54902,20200909,-93.29,41.56,0.157,-0.64,0.994,0,0.204,-0.57,0.857,0,0.248,-0.64,0.82,0.042,0.302,-0.68,0.832,0,0.417,-0.75,0.97,0,0.18,-0.6,0.934,0,0.265,-0.69,0.826,0
54902,20200910,-93.29,41.56,0.162,-0.6,0.928,0,0.217,-0.48,0.714,0,0.27,-0.5,0.677,0.06,0.308,-0.63,0.689,0,0.417,-0.75,0.97,0,0.189,-0.54,0.79,0,0.275,-0.62,0.683,0
54902,20200911,-93.29,41.56,0.176,-0.5,0.786,0,0.23,-0.4,0.571,0,0.29,-0.37,0.536,0.06,0.314,-0.59,0.548,0,0.416,-0.76,0.976,0,0.203,-0.44,0.649,0,0.285,-0.53,0.542,0
54902,20200912,-93.29,41.56,0.199,-0.32,0.643,0.131,0.247,-0.29,0.429,0,0.315,-0.21,0.393,0.131,0.33,-0.46,0.405,0.077,0.416,-0.75,0.976,0,0.223,-0.3,0.506,0.018,0.302,-0.4,0.399,0
54902,20200913,-93.29,41.56,0.222,-0.15,0.5,0.274,0.265,-0.17,0.286,0,0.34,-0.06,0.25,0.131,0.349,-0.32,0.262,0.22,0.417,-0.74,0.976,0,0.244,-0.16,0.363,0.048,0.319,-0.27,0.256,0
54902,20200914,-93.29,41.56,0.244,0.01,0.357,0.405,0.281,-0.07,0.143,0,0.363,0.09,0.107,0.131,0.368,-0.18,0.119,0.345,0.417,-0.72,0.976,0,0.263,-0.03,0.22,0.048,0.335,-0.14,0.113,0
54902,20200915,-93.29,41.56,0.265,0.16,0.214,0.423,0.296,0.03,0.03,0,0.38,0.2,0,0.131,0.385,-0.05,0,0.363,0.418,-0.71,0.976,0,0.281,0.1,0.077,0.048,0.349,-0.02,0,0
54902,20200916,-93.29,41.56,0.284,0.3,0.077,0.423,0.305,0.08,0,0,0.38,0.2,0,0.089,0.395,0.03,0,0.363,0.416,-0.73,1,0,0.295,0.19,0,0.048,0.356,0.03,0,0
54902,20200917,-93.29,41.56,0.298,0.4,0,0.423,0.307,0.09,0,0,0.378,0.19,0,0.072,0.404,0.1,0,0.365,0.417,-0.71,0.988,0,0.302,0.24,0,0.048,0.361,0.07,0,0
54902,20200918,-93.29,41.56,0.302,0.43,0,0.43,0.308,0.1,0,0,0.378,0.18,0,0.073,0.414,0.18,0,0.372,0.418,-0.69,0.976,0,0.305,0.26,0,0.048,0.364,0.1,0,0
54902,20200919,-93.29,41.56,0.296,0.38,0,0.301,0.306,0.07,0,0,0.373,0.15,0,0,0.413,0.17,0,0.298,0.419,-0.67,0.957,0,0.301,0.22,0,0.031,0.361,0.08,0,0
54902,20200920,-93.29,41.56,0.288,0.33,0,0.153,0.3,0.04,0,0,0.37,0.13,0,0,0.408,0.15,0,0.149,0.419,-0.66,0.957,0,0.294,0.18,0,0,0.357,0.05,0,0
54902,20200921,-93.29,41.56,0.281,0.29,0,0.018,0.295,0,0,0,0.366,0.11,0,0,0.404,0.12,0,0.019,0.42,-0.66,0.95,0,0.288,0.14,0,0,0.353,0.03,0,0
54902,20200922,-93.29,41.56,0.274,0.24,0,0,0.29,-0.03,0,0,0.363,0.09,0,0,0.4,0.1,0,0,0.419,-0.65,0.95,0,0.282,0.1,0,0,0.349,0,0,0
54902,20200923,-93.29,41.56,0.268,0.19,0,0,0.284,-0.07,0,0,0.359,0.07,0,0,0.397,0.08,0,0,0.419,-0.66,0.95,0,0.276,0.05,0,0,0.345,-0.03,0,0
54902,20200924,-93.29,41.56,0.259,0.13,0,0,0.279,-0.11,0,0,0.355,0.04,0,0,0.394,0.06,0,0,0.418,-0.67,0.949,0,0.269,0.01,0,0,0.341,-0.05,0,0
54902,20200925,-93.29,41.56,0.252,0.08,0,0,0.272,-0.16,0,0,0.351,0.01,0,0,0.392,0.05,0,0,0.416,-0.69,0.962,0,0.263,-0.03,0,0,0.337,-0.08,0,0
54902,20200926,-93.29,41.56,0.245,0.04,0.006,0,0.267,-0.2,0,0,0.348,-0.01,0,0,0.391,0.04,0,0,0.412,-0.73,0.981,0,0.256,-0.07,0,0,0.333,-0.11,0,0
54902,20200927,-93.29,41.56,0.237,-0.02,0.006,0,0.261,-0.24,0,0,0.344,-0.04,0,0,0.388,0.03,0,0,0.412,-0.73,0.974,0,0.249,-0.12,0,0,0.329,-0.14,0,0
54902,20200928,-93.29,41.56,0.232,-0.05,0.006,0,0.26,-0.26,0,0,0.339,-0.07,0,0,0.386,0.02,0,0,0.409,-0.76,0.981,0,0.246,-0.14,0,0,0.326,-0.16,0,0
54902,20200929,-93.29,41.56,0.228,-0.07,0.006,0,0.26,-0.27,0,0,0.336,-0.09,0,0,0.384,0.01,0,0,0.41,-0.76,0.974,0,0.244,-0.16,0,0,0.324,-0.18,0,0
54902,20200930,-93.29,41.56,0.224,-0.1,0.034,0,0.259,-0.28,0,0,0.333,-0.11,0,0,0.383,0.01,0,0,0.41,-0.75,0.95,0,0.242,-0.17,0.014,0,0.322,-0.19,0,0
54902,20201001,-93.29,41.56,0.222,-0.11,0.041,0,0.258,-0.29,0,0,0.329,-0.14,0,0,0.382,0.01,0,0,0.409,-0.76,0.942,0,0.241,-0.18,0.014,0,0.32,-0.21,0,0
54902,20201002,-93.29,41.56,0.22,-0.13,0.042,0,0.258,-0.29,0,0,0.325,-0.17,0,0,0.378,-0.01,0,0,0.411,-0.75,0.942,0,0.239,-0.19,0.014,0,,,,
54902,20201003,-93.29,41.56,0.216,-0.15,0.041,0,0.256,-0.29,0,0,0.32,-0.2,0,0,0.375,-0.03,0,0,0.412,-0.73,0.938,0,0.236,-0.21,0.014,0,0.316,-0.24,0,0
54902,20201004,-93.29,41.56,0.213,-0.16,0.041,0,0.255,-0.29,0,0,0.315,-0.24,0,0,0.372,-0.04,0,0,0.412,-0.74,0.944,0,0.235,-0.21,0.014,0,0.313,-0.26,0,0
54902,20201005,-93.29,41.56,0.207,-0.2,0.068,0,0.251,-0.31,0,0,0.311,-0.26,0,0,0.368,-0.06,0,0,0.414,-0.71,0.917,0,0.23,-0.24,0.014,0,0.31,-0.28,0,0
54902,20201006,-93.29,41.56,0.201,-0.24,0.082,0,0.246,-0.34,0,0,0.307,-0.29,0,0,0.366,-0.08,0,0,0.412,-0.74,0.915,0,0.224,-0.27,0.014,0,0.306,-0.31,0,0
54902,20201007,-93.29,41.56,0.198,-0.25,0.064,0,0.243,-0.36,0,0,0.304,-0.3,0,0,0.364,-0.09,0,0,0.411,-0.75,0.935,0,0.221,-0.29,0,0,0.304,-0.33,0,0
54902,20201008,-93.29,41.56,0.193,-0.29,0.155,0,0.24,-0.38,0,0,0.3,-0.33,0.006,0,0.361,-0.11,0,0,0.41,-0.77,0.95,0,0.217,-0.31,0,0,0.301,-0.35,0,0
54902,20201009,-93.29,41.56,0.189,-0.31,0.244,0,0.236,-0.41,0.006,0,0.296,-0.36,0.012,0,0.358,-0.13,0,0,0.41,-0.79,0.944,0,0.213,-0.34,0.006,0,0.298,-0.37,0,0
54902,20201010,-93.29,41.56,0.187,-0.33,0.244,0,0.233,-0.43,0.006,0,0.292,-0.38,0.012,0,0.356,-0.15,0,0,0.409,-0.8,0.95,0,0.21,-0.36,0.006,0,0.295,-0.39,0,0
54902,20201011,-93.29,41.56,0.185,-0.34,0.348,0,0.229,-0.46,0.018,0,0.289,-0.41,0.012,0,0.354,-0.17,0,0,0.409,-0.82,0.944,0,0.207,-0.38,0.043,0,0.293,-0.41,0,0
54902,20201012,-93.29,41.56,0.183,-0.36,0.47,0,0.225,-0.49,0.122,0,0.283,-0.45,0.012,0,0.352,-0.18,0,0,0.407,-0.86,0.969,0,0.204,-0.41,0.184,0,0.29,-0.44,0.038,0
54902,20201013,-93.29,41.56,0.18,-0.39,0.591,0,0.222,-0.52,0.252,0,0.279,-0.48,0.019,0,0.35,-0.2,0,0,0.407,-0.87,0.962,0,0.201,-0.44,0.315,0,0.288,-0.46,0.127,0
54902,20201014,-93.29,41.56,0.176,-0.42,0.72,0,0.218,-0.55,0.393,0,0.274,-0.52,0.161,0,0.348,-0.22,0,0,0.407,-0.9,0.969,0,0.197,-0.48,0.454,0,0.285,-0.49,0.27,0
54902,20201015,-93.29,41.56,0.173,-0.46,0.764,0,0.214,-0.58,0.537,0,0.27,-0.56,0.278,0,0.345,-0.25,0,0,0.408,-0.92,0.957,0,0.194,-0.51,0.598,0,0.282,-0.52,0.413,0
54902,20201016,-93.29,41.56,0.17,-0.5,0.818,0,0.211,-0.61,0.677,0,0.265,-0.6,0.42,0,0.343,-0.27,0,0,0.408,-0.96,0.963,0,0.19,-0.54,0.738,0,0.28,-0.55,0.559,0
54902,20201017,-93.29,41.56,0.165,-0.54,0.958,0,0.208,-0.65,0.823,0,0.261,-0.63,0.543,0,0.34,-0.31,0.019,0,0.409,-0.99,0.957,0,0.187,-0.58,0.884,0,0.277,-0.58,0.708,0
54902,20201018,-93.29,41.56,0.161,-0.59,1,0,0.204,-0.68,0.957,0,0.255,-0.68,0.685,0,0.338,-0.35,0.025,0,0.408,-1.04,0.963,0,0.183,-0.62,0.994,0,0.273,-0.62,0.857,0
54902,20201019,-93.29,41.56,0.16,-0.63,1,0,0.202,-0.71,1,0,0.25,-0.73,0.833,0,0.336,-0.4,0.025,0,0.407,-1.09,0.963,0,0.181,-0.64,1,0,0.271,-0.65,0.969,0
54902,20201020,-93.29,41.56,0.16,-0.65,1,0,0.2,-0.73,1,0,0.245,-0.76,0.946,0,0.334,-0.43,0.024,0,0.407,-1.14,0.976,0,0.18,-0.65,1,0,0.269,-0.67,0.994,0
54902,20201021,-93.29,41.56,0.161,-0.67,1,0,0.2,-0.75,1,0,0.242,-0.79,0.946,0,0.331,-0.47,0.03,0,0.406,-1.18,0.97,0,0.18,-0.66,1,0,0.268,-0.69,0.994,0
54902,20201022,-93.29,41.56,0.164,-0.68,0.976,0,0.201,-0.75,0.975,0,0.239,-0.81,0.963,0,0.33,-0.5,0.038,0,0.404,-1.24,0.988,0,0.182,-0.66,0.975,0,0.268,-0.7,0.994,0
54902,20201023,-93.29,41.56,0.184,-0.56,0.856,0.075,0.214,-0.67,0.87,0.052,0.251,-0.74,0.878,0.064,0.335,-0.48,0.059,0.052,0.407,-1.21,0.923,0,0.199,-0.56,0.857,0.065,0.279,-0.62,0.895,0.059
54902,20201024,-93.29,41.56,0.21,-0.41,0.706,0.156,0.238,-0.52,0.714,0.052,0.273,-0.61,0.75,0.071,0.351,-0.37,0.039,0.072,0.418,-1.06,0.776,0,0.225,-0.4,0.701,0.091,0.299,-0.47,0.737,0.066
54902,20201025,-93.29,41.56,0.233,-0.26,0.56,0.157,0.26,-0.38,0.562,0.052,0.294,-0.48,0.606,0.071,0.366,-0.26,0.033,0.079,0.43,-0.9,0.63,0,0.248,-0.25,0.549,0.092,0.318,-0.34,0.587,0.067
54902,20201026,-93.29,41.56,0.255,-0.12,0.409,0.157,0.281,-0.25,0.405,0.052,0.315,-0.34,0.452,0.071,0.381,-0.16,0.033,0.079,0.442,-0.73,0.474,0,0.27,-0.11,0.392,0.092,0.337,-0.2,0.427,0.067
54902,20201027,-93.29,41.56,0.276,0.01,0.258,0.157,0.302,-0.12,0.248,0.052,0.336,-0.2,0.297,0.071,0.395,-0.05,0.033,0.079,0.454,-0.56,0.318,0,0.291,0.03,0.235,0.092,0.355,-0.05,0.267,0.067
54902,20201028,-93.29,41.56,0.297,0.14,0.111,0.163,0.323,0.01,0.096,0.055,0.356,-0.07,0.148,0.074,0.41,0.05,0.028,0.083,0.464,-0.4,0.177,0,0.312,0.16,0.082,0.096,0.373,0.08,0.112,0.07
54902,20201029,-93.29,41.56,0.313,0.25,0.006,0.16,0.335,0.09,0.013,0.052,0.372,0.03,0.032,0.071,0.419,0.12,0.02,0.085,0.475,-0.25,0.065,0,0.325,0.24,0,0.092,0.384,0.17,0.013,0.066
54902,20201030,-93.29,41.56,0.311,0.23,0,0.081,0.336,0.1,0,0,0.374,0.05,0,0.006,0.422,0.14,0,0.038,0.479,-0.19,0.019,0,0.324,0.23,0,0.025,0.384,0.17,0,0.006
54902,20201031,-93.29,41.56,0.307,0.2,0,0,0.333,0.07,0,0,0.37,0.02,0,0,0.419,0.11,0,0.019,0.478,-0.21,0.019,0,0.32,0.2,0,0,0.381,0.15,0,0
54902,20201101,-93.29,41.56,0.305,0.18,0,0,0.331,0.06,0,0,0.368,0.01,0,0,0.417,0.1,0,0.013,0.476,-0.24,0.019,0,0.318,0.18,0,0,0.38,0.13,0,0
54902,20201102,-93.29,41.56,0.303,0.17,0,0,0.33,0.05,0,0,0.367,0,0,0,0.414,0.08,0,0.013,0.475,-0.26,0.019,0,0.316,0.16,0,0,0.378,0.11,0,0
54902,20201103,-93.29,41.56,0.301,0.15,0,0,0.329,0.04,0,0,0.366,-0.01,0,0,0.413,0.07,0,0.013,0.474,-0.28,0.026,0,0.315,0.14,0,0,0.376,0.1,0,0
54902,20201104,-93.29,41.56,0.299,0.13,0,0,0.327,0.02,0,0,0.365,-0.02,0,0,0.411,0.06,0,0.013,0.472,-0.31,0.12,0,0.313,0.12,0,0,0.375,0.08,0,0
54902,20201105,-93.29,41.56,0.297,0.12,0,0,0.326,0.01,0,0,0.364,-0.03,0,0,0.41,0.05,0,0.007,0.471,-0.34,0.224,0,0.312,0.1,0,0,0.374,0.06,0,0
54902,20201106,-93.29,41.56,0.295,0.09,0,0,0.325,0,0,0,0.364,-0.03,0,0,0.409,0.04,0,0,0.469,-0.37,0.329,0,0.31,0.08,0,0,0.372,0.04,0,0
54902,20201107,-93.29,41.56,0.292,0.07,0,0,0.323,-0.02,0,0,0.363,-0.04,0,0,0.408,0.04,0,0,0.467,-0.39,0.458,0,0.308,0.05,0,0,0.371,0.02,0,0
54902,20201108,-93.29,41.56,0.289,0.03,0,0,0.321,-0.05,0,0,0.363,-0.05,0,0,0.407,0.04,0,0,0.466,-0.42,0.604,0,0.305,0.01,0,0,0.369,0,0,0
54902,20201109,-93.29,41.56,0.287,0,0,0,0.318,-0.08,0,0,0.363,-0.05,0,0,0.406,0.04,0,0,0.464,-0.44,0.722,0,0.303,-0.02,0,0,0.368,-0.02,0,0
54902,20201110,-93.29,41.56,0.285,-0.02,0,0.007,0.317,-0.1,0,0,0.363,-0.05,0,0,0.406,0.04,0,0.007,0.463,-0.45,0.762,0,0.301,-0.04,0,0,0.367,-0.03,0,0
54902,20201111,-93.29,41.56,0.293,0.07,0,0.157,0.321,-0.05,0,0.129,0.368,0,0,0.13,0.411,0.08,0,0.133,0.464,-0.41,0.664,0,0.307,0.03,0,0.144,0.372,0.03,0,0.14
54902,20201112,-93.29,41.56,0.297,0.13,0,0.287,0.326,0,0,0.257,0.371,0.03,0,0.26,0.414,0.11,0,0.27,0.468,-0.33,0.54,0,0.312,0.09,0,0.28,0.375,0.08,0,0.277
54902,20201113,-93.29,41.56,0.302,0.19,0,0.425,0.329,0.04,0,0.261,0.373,0.06,0,0.256,0.417,0.14,0,0.377,0.471,-0.26,0.419,0,0.315,0.14,0,0.413,0.379,0.12,0,0.409
54902,20201114,-93.29,41.56,0.306,0.24,0,0.551,0.332,0.07,0,0.268,0.376,0.08,0,0.263,0.42,0.17,0,0.46,0.473,-0.2,0.311,0,0.319,0.18,0,0.536,0.382,0.16,0,0.54
54902,20201115,-93.29,41.56,0.311,0.31,0,0.66,0.336,0.12,0,0.299,0.378,0.1,0,0.282,0.423,0.2,0,0.496,0.476,-0.13,0.183,0,0.324,0.24,0,0.641,0.385,0.2,0,0.61
54902,20201116,-93.29,41.56,0.317,0.38,0,0.735,0.341,0.16,0,0.299,0.38,0.13,0,0.282,0.426,0.23,0,0.553,0.479,-0.05,0.063,0,0.329,0.3,0,0.718,0.389,0.25,0,0.674
54902,20201117,-93.29,41.56,0.323,0.44,0,0.723,0.345,0.21,0,0.297,0.382,0.14,0,0.28,0.429,0.26,0,0.566,0.482,0.02,0,0,0.333,0.35,0,0.708,0.392,0.29,0,0.664
54902,20201118,-93.29,41.56,0.318,0.37,0,0.571,0.342,0.18,0,0.164,0.379,0.1,0,0.146,0.427,0.24,0,0.438,0.483,0.04,0,0,0.33,0.3,0,0.559,0.389,0.25,0,0.521
54902,20201119,-93.29,41.56,0.315,0.32,0,0.42,0.34,0.16,0,0.027,0.377,0.08,0,0.007,0.424,0.23,0,0.286,0.483,0.03,0,0,0.328,0.26,0,0.405,0.388,0.23,0,0.367
54902,20201120,-93.29,41.56,0.313,0.28,0,0.267,0.339,0.14,0,0.027,0.375,0.06,0,0,0.423,0.22,0,0.17,0.482,0.02,0.007,0.007,0.326,0.23,0,0.262,0.386,0.21,0,0.219
54902,20201121,-93.29,41.56,0.312,0.25,0,0.144,0.338,0.13,0,0.027,0.375,0.05,0,0,0.422,0.22,0,0.103,0.481,0,0.013,0.007,0.325,0.21,0,0.149,0.386,0.19,0,0.097
54902,20201122,-93.29,41.56,0.31,0.23,0,0.07,0.337,0.12,0,0.02,0.374,0.04,0,0,0.422,0.22,0,0.092,0.48,0,0.013,0.013,0.324,0.19,0,0.078,0.385,0.18,0,0.06
54902,20201123,-93.29,41.56,0.308,0.19,0,0,0.336,0.1,0,0.02,0.373,0.02,0,0,0.42,0.22,0,0.04,0.479,-0.02,0.013,0.013,0.322,0.15,0,0.007,0.383,0.16,0,0
54902,20201124,-93.29,41.56,0.307,0.16,0,0.019,0.336,0.1,0,0.046,0.373,0.02,0,0.02,0.42,0.22,0,0.033,0.478,-0.04,0.013,0.013,0.321,0.14,0,0.033,0.383,0.15,0,0.027
54902,20201125,-93.29,41.56,0.31,0.19,0,0.129,0.339,0.13,0,0.156,0.376,0.05,0,0.144,0.422,0.24,0,0.151,0.478,-0.03,0.013,0.013,0.324,0.17,0,0.15,0.385,0.17,0,0.146
54902,20201126,-93.29,41.56,0.317,0.26,0,0.284,0.344,0.19,0,0.32,0.382,0.11,0,0.308,0.428,0.29,0,0.315,0.479,-0.01,0.013,0.013,0.331,0.25,0,0.313,0.39,0.22,0,0.313
54902,20201127,-93.29,41.56,0.321,0.29,0,0.292,0.347,0.23,0,0.459,0.385,0.14,0,0.456,0.43,0.32,0,0.459,0.481,0.03,0.007,0.013,0.334,0.29,0,0.445,0.393,0.24,0,0.462
54902,20201128,-93.29,41.56,0.325,0.33,0,0.29,0.35,0.26,0,0.583,0.387,0.16,0,0.576,0.432,0.34,0,0.567,0.483,0.07,0,0.026,0.337,0.33,0,0.48,0.395,0.26,0,0.591
54902,20201129,-93.29,41.56,0.328,0.35,0,0.285,0.352,0.28,0,0.623,0.388,0.17,0,0.6,0.433,0.36,0,0.693,0.484,0.1,0,0.032,0.34,0.36,0,0.477,0.397,0.28,0,0.717
54902,20201130,-93.29,41.56,0.331,0.39,0,0.283,0.354,0.31,0,0.639,0.39,0.19,0,0.606,0.435,0.38,0,0.844,0.486,0.14,0,0.039,0.343,0.39,0,0.481,0.399,0.3,0,0.849
54902,20201201,-93.29,41.56,0.334,0.4,0,0.264,0.356,0.32,0,0.613,0.391,0.2,0,0.587,0.437,0.39,0,0.981,0.488,0.19,0,0.084,0.345,0.41,0,0.455,0.401,0.32,0,0.822
54902,20201202,-93.29,41.56,0.331,0.36,0,0.153,0.354,0.29,0,0.488,0.388,0.17,0,0.453,0.434,0.37,0,0.981,0.488,0.2,0,0.081,0.342,0.37,0,0.329,0.399,0.3,0,0.679
54902,20201203,-93.29,41.56,0.326,0.29,0,0.006,0.349,0.23,0,0.34,0.383,0.11,0,0.304,0.431,0.34,0,0.981,0.488,0.2,0,0.081,0.337,0.3,0,0.18,0.395,0.26,0,0.528
54902,20201204,-93.29,41.56,0.323,0.25,0,0,0.347,0.2,0,0.207,0.38,0.09,0,0.166,0.429,0.32,0,0.963,0.488,0.19,0,0.08,0.335,0.26,0,0.055,0.393,0.24,0,0.385
54902,20201205,-93.29,41.56,0.321,0.21,0,0,0.346,0.17,0,0.078,0.378,0.07,0,0.042,0.427,0.3,0,0.952,0.487,0.19,0,0.066,0.333,0.22,0,0.012,0.392,0.23,0,0.25
54902,20201206,-93.29,41.56,0.319,0.18,0,0,0.344,0.14,0,0.024,0.377,0.05,0,0.006,0.426,0.29,0,0.839,0.487,0.18,0,0.054,0.332,0.19,0,0.006,0.391,0.22,0,0.12
54902,20201207,-93.29,41.56,0.318,0.14,0,0,0.343,0.12,0,0.006,0.375,0.04,0,0,0.424,0.28,0,0.696,0.487,0.17,0,0.048,0.331,0.16,0,0,0.39,0.22,0,0
54902,20201208,-93.29,41.56,0.317,0.1,0,0,0.343,0.1,0,0.006,0.375,0.03,0,0,0.423,0.27,0,0.56,0.486,0.16,0,0.006,0.33,0.13,0,0,0.389,0.21,0,0
54902,20201209,-93.29,41.56,0.317,0.08,0,0,0.343,0.09,0,0.006,0.374,0.02,0,0,0.423,0.26,0,0.423,0.486,0.15,0,0.018,0.33,0.1,0,0,0.388,0.21,0,0
54902,20201210,-93.29,41.56,0.316,0.05,0,0,0.342,0.08,0,0.006,0.374,0.02,0,0,0.422,0.25,0,0.28,0.485,0.14,0,0.018,0.329,0.08,0,0,0.388,0.2,0,0
54902,20201211,-93.29,41.56,0.316,0.03,0,0,0.342,0.06,0,0,0.374,0.02,0,0,0.422,0.24,0,0.155,0.485,0.12,0,0.012,0.329,0.05,0,0,0.388,0.18,0,0
54902,20201212,-93.29,41.56,0.32,0.05,0,0.06,0.344,0.07,0,0,0.376,0.04,0,0.072,0.423,0.23,0,0.065,0.484,0.11,0,0.012,0.332,0.07,0,0,0.389,0.19,0,0.042
54902,20201213,-93.29,41.56,0.324,0.08,0,0.06,0.347,0.09,0,0,0.379,0.09,0,0.204,0.425,0.24,0,0.161,0.484,0.11,0,0.012,0.335,0.1,0,0,0.392,0.22,0,0.054
54902,20201214,-93.29,41.56,0.327,0.11,0,0.06,0.349,0.11,0,0.006,0.381,0.12,0,0.223,0.427,0.24,0,0.18,0.485,0.11,0,0.018,0.338,0.12,0,0,0.394,0.24,0,0.054
54902,20201215,-93.29,41.56,0.329,0.12,0,0.06,0.351,0.12,0,0.006,0.383,0.13,0,0.223,0.428,0.25,0,0.246,0.485,0.11,0,0.018,0.34,0.14,0,0,0.395,0.25,0,0.054
54902,20201216,-93.29,41.56,0.331,0.13,0,0.06,0.353,0.13,0,0.006,0.384,0.15,0,0.222,0.43,0.25,0,0.275,0.485,0.11,0,0.006,0.342,0.15,0,0,0.396,0.26,0,0.054
54902,20201217,-93.29,41.56,0.333,0.14,0,0.06,0.354,0.15,0,0.006,0.385,0.16,0,0.222,0.43,0.25,0,0.299,0.485,0.12,0.006,0.024,0.344,0.16,0,0,0.398,0.26,0,0.054
54902,20201218,-93.29,41.56,0.335,0.14,0,0.06,0.355,0.16,0,0.006,0.386,0.17,0,0.222,0.431,0.25,0,0.299,0.486,0.13,0.006,0.024,0.345,0.16,0,0,0.399,0.26,0,0.054
54902,20201219,-93.29,41.56,0.334,0.12,0,0,0.356,0.15,0,0.006,0.385,0.15,0,0.15,0.431,0.26,0,0.281,0.486,0.14,0.006,0.024,0.345,0.15,0,0,0.398,0.24,0,0.012
54902,20201220,-93.29,41.56,0.334,0.11,0,0,0.355,0.15,0,0.006,0.384,0.13,0,0.018,0.43,0.26,0,0.305,0.486,0.14,0.006,0.024,0.345,0.14,0,0,0.398,0.22,0,0
54902,20201221,-93.29,41.56,0.335,0.11,0,0.007,0.356,0.15,0,0,0.384,0.13,0,0,0.43,0.27,0,0.429,0.486,0.14,0.006,0.018,0.345,0.13,0,0,0.398,0.21,0,0
54902,20201222,-93.29,41.56,0.338,0.11,0,0.016,0.358,0.17,0,0,0.386,0.16,0,0.101,0.431,0.29,0,0.5,0.487,0.15,0.006,0.065,0.348,0.12,0,0,0.4,0.2,0,0
54902,20201223,-93.29,41.56,0.34,0.13,0,0.019,0.36,0.18,0,0,0.388,0.19,0,0.101,0.431,0.3,0,0.607,0.488,0.16,0.006,0.119,0.35,0.13,0,0,0.401,0.19,0,0
54902,20201224,-93.29,41.56,0.342,0.15,0,0.025,0.361,0.19,0,0,0.389,0.2,0,0.101,0.433,0.32,0,0.726,0.488,0.17,0,0.113,0.351,0.14,0,0,0.403,0.19,0,0
54902,20201225,-93.29,41.56,0.343,0.21,0,0.035,0.362,0.2,0,0,0.39,0.21,0,0.101,0.434,0.33,0,0.863,0.489,0.18,0,0.131,0.352,0.19,0,0,0.403,0.21,0,0
54902,20201226,-93.29,41.56,0.342,0.28,0,0.061,0.361,0.18,0,0,0.391,0.21,0,0.101,0.434,0.34,0,0.911,0.489,0.19,0,0.137,0.351,0.23,0,0,0.403,0.25,0,0
54902,20201227,-93.29,41.56,0.339,0.31,0,0.222,0.359,0.15,0,0,0.39,0.18,0,0.101,0.434,0.33,0,0.833,0.489,0.19,0,0.137,0.349,0.25,0,0,0.402,0.26,0,0
54902,20201228,-93.29,41.56,0.337,0.37,0,1,0.357,0.12,0,0,0.388,0.15,0,0.101,0.433,0.32,0,0.69,0.49,0.2,0,0.137,0.347,0.28,0,0,0.401,0.28,0,0
54902,20201229,-93.29,41.56,0.333,,,,0.355,0.07,0,0,0.385,0.09,0,0,0.431,0.29,0,0.548,0.49,0.19,0,0.089,0.344,,,,0.398,,,
54902,20201230,-93.29,41.56,0.33,,,,0.353,0.04,0,0,0.382,0.04,0,0,0.429,0.26,0,0.405,0.489,0.18,0,0.036,0.341,,,,0.397,,,
54902,20201231,-93.29,41.56,0.328,,,,0.352,0.01,0,0,0.38,0,0,0,0.427,0.24,0,0.262,0.489,0.17,0,0.024,0.34,,,,0.395,,,
54902,20210101,-93.29,41.56,0.326,,,,0.351,-0.01,0,0,0.378,-0.03,0,0,0.426,0.22,0,0.125,0.488,0.17,0,0.006,0.339,,,,0.394,,,
54902,20210102,-93.29,41.56,0.326,,,,0.35,-0.02,0,0,0.377,-0.07,0,0,0.425,0.21,0,0.065,0.488,0.16,0,0,0.338,,,,0.393,,,
54902,20210103,-93.29,41.56,0.325,,,,0.35,-0.03,0,0,0.376,-0.1,0,0,0.424,0.19,0,0,0.488,0.16,0,0,0.337,,,,0.393,,,
54902,20210104,-93.29,41.56,0.325,,,,0.349,-0.03,0,0,0.376,-0.13,0,0,0.423,0.18,0,0,0.488,0.15,0,0,0.337,,,,0.392,,,
54902,20210105,-93.29,41.56,0.324,,,,0.349,-0.02,0,0,0.375,-0.16,0,0,0.423,0.17,0,0,0.487,0.15,0,0,0.337,,,,0.392,,,
54902,20210106,-93.29,41.56,0.324,,,,0.348,-0.04,0,0,0.375,-0.19,0,0,0.422,0.16,0,0,0.487,0.15,0,0,0.336,,,,0.391,,,
54902,20210107,-93.29,41.56,0.324,,,,0.347,-0.07,0,0,0.374,-0.22,0.006,0,0.422,0.15,0,0,0.487,0.14,0,0,0.336,,,,0.391,,,
54902,20210108,-93.29,41.56,0.325,,,,0.347,,,,0.374,-0.25,0.113,0,0.422,0.15,0,0,0.487,0.14,0,0,0.336,,,,0.391,,,
54902,20210109,-93.29,41.56,0.325,,,,0.347,,,,0.374,-0.29,0.25,0,0.422,0.14,0,0,0.486,0.13,0,0,0.336,,,,0.391,,,
54902,20210110,-93.29,41.56,0.326,,,,0.348,,,,0.374,-0.33,0.393,0,0.421,0.13,0,0,0.486,0.13,0,0,0.337,,,,0.391,,,
54902,20210111,-93.29,41.56,0.326,,,,0.349,,,,0.374,-0.37,0.536,0,0.421,0.13,0,0,0.486,0.12,0,0,0.338,,,,0.391,,,
54902,20210112,-93.29,41.56,0.328,,,,0.35,,,,0.374,-0.41,0.679,0,0.421,0.13,0,0,0.486,0.12,0,0,0.339,,,,0.392,,,
54902,20210113,-93.29,41.56,0.332,,,,0.352,,,,0.374,-0.44,0.768,0,0.422,0.14,0,0.03,0.486,0.12,0,0,0.342,,,,0.393,,,
54902,20210114,-93.29,41.56,0.336,,,,0.356,,,,0.378,-0.37,0.762,0.042,0.424,0.18,0,0.161,0.487,0.13,0,0.03,0.346,,,,0.396,,,
54902,20210115,-93.29,41.56,0.341,,,,0.36,,,,0.384,-0.24,0.655,0.149,0.428,0.25,0,0.304,0.487,0.14,0,0.119,0.351,,,,0.4,,,
54902,20210116,-93.29,41.56,0.344,,,,0.363,,,,0.387,-0.16,0.518,0.149,0.43,0.29,0,0.446,0.488,0.15,0,0.232,0.354,,,,0.403,,,
54902,20210117,-93.29,41.56,0.348,,,,0.366,,,,0.391,-0.09,0.375,0.149,0.432,0.32,0,0.583,0.489,0.16,0,0.333,0.357,,,,0.405,,,
54902,20210118,-93.29,41.56,0.35,,,,0.368,,,,0.393,-0.03,0.232,0.149,0.434,0.35,0,0.708,0.49,0.17,0,0.435,0.359,,,,0.407,,,
54902,20210119,-93.29,41.56,0.351,,,,0.37,,,,0.395,0.02,0.089,0.149,0.435,0.38,0,0.798,0.491,0.18,0,0.506,0.361,,,,0.408,,,
54902,20210120,-93.29,41.56,0.349,,,,0.37,,,,0.396,0.04,0,0.149,0.436,0.38,0,0.768,0.491,0.19,0,0.631,0.36,,,,0.409,,,
54902,20210121,-93.29,41.56,0.348,,,,0.37,,,,0.395,-0.01,0,0.107,0.435,0.37,0,0.714,0.491,0.19,0,0.708,0.359,,,,0.408,,,
54902,20210122,-93.29,41.56,0.347,,,,0.371,,,,0.393,-0.05,0,0.006,0.435,0.37,0,0.714,0.492,0.19,0,0.744,0.359,,,,0.408,,,
54902,20210123,-93.29,41.56,0.346,,,,0.371,,,,0.392,-0.08,0,0.006,0.435,0.36,0,0.714,0.492,0.19,0,0.744,0.358,,,,0.407,,,
54902,20210124,-93.29,41.56,0.345,,,,0.37,,,,0.391,-0.11,0,0.006,0.435,0.36,0,0.69,0.492,0.18,0,0.744,0.357,,,,0.406,,,
54902,20210125,-93.29,41.56,0.343,,,,0.369,,,,0.39,-0.14,0,0.006,0.435,0.35,0,0.571,0.492,0.18,0,0.756,0.356,,,,0.406,,,
54902,20210126,-93.29,41.56,0.342,,,,0.369,,,,0.389,-0.16,0,0.006,0.434,0.34,0,0.482,0.492,0.18,0,0.78,0.356,,,,0.405,,,
54902,20210127,-93.29,41.56,0.341,,,,0.368,,,,0.389,-0.17,0.045,0.006,0.435,0.34,0,0.482,0.492,0.18,0,0.774,0.355,,,,0.405,,,
54902,20210128,-93.29,41.56,0.339,,,,0.367,,,,0.388,-0.19,0.113,0.007,0.434,0.31,0,0.411,0.492,0.18,0,0.78,0.353,,,,0.404,,,
54902,20210129,-93.29,41.56,0.335,,,,0.363,,,,0.385,-0.28,0.165,0,0.431,0.26,0,0.268,0.492,0.18,0,0.768,0.349,,,,0.401,,,
54902,20210130,-93.29,41.56,0.333,,,,0.36,,,,0.383,-0.35,0.23,0,0.429,0.23,0,0.125,0.492,0.18,0,0.75,0.346,,,,0.399,,,
54902,20210131,-93.29,41.56,0.332,,,,0.358,,,,0.382,-0.39,0.303,0,0.428,0.21,0,0.012,0.492,0.17,0,0.75,0.345,,,,0.398,,,
54902,20210201,-93.29,41.56,0.332,,,,0.357,,,,0.381,-0.42,0.442,0,0.428,0.2,0,0.006,0.492,0.17,0,0.726,0.345,,,,0.398,,,
54902,20210202,-93.29,41.56,0.333,,,,0.357,,,,0.38,-0.46,0.719,0,0.427,0.19,0,0.024,0.492,0.17,0,0.708,0.345,,,,0.398,,,
54902,20210203,-93.29,41.56,0.334,,,,0.358,,,,0.379,-0.51,1,0,0.427,0.19,0,0.042,0.492,0.16,0,0.655,0.346,,,,0.398,,,
54902,20210204,-93.29,41.56,0.336,,,,0.36,,,,0.379,-0.52,1,0,0.427,0.19,0,0.06,0.492,0.16,0,0.565,0.348,,,,0.399,,,
54902,20210205,-93.29,41.56,0.339,,,,0.363,,,,0.38,-0.52,1,0,0.426,0.19,0,0.089,0.492,0.15,0,0.452,0.351,,,,0.4,,,
54902,20210206,-93.29,41.56,0.342,,,,0.367,,,,0.382,,,,0.426,0.18,0,0.089,0.491,0.14,0,0.357,0.354,,,,0.402,,,
54902,20210207,-93.29,41.56,0.343,,,,0.37,,,,0.383,,,,0.426,0.18,0,0.089,0.491,0.14,0,0.274,0.356,,,,0.403,,,
54902,20210208,-93.29,41.56,0.344,,,,0.372,,,,0.385,,,,0.426,0.17,0,0.089,0.49,0.13,0,0.208,0.358,,,,0.403,,,
54902,20210209,-93.29,41.56,0.343,,,,0.372,,,,0.386,,,,0.426,0.17,0,0.077,0.49,0.13,0,0.161,0.357,,,,0.403,,,
54902,20210210,-93.29,41.56,0.341,,,,0.371,,,,0.386,,,,0.426,0.16,0,0.06,0.489,0.12,0,0.137,0.356,,,,0.403,,,
54902,20210211,-93.29,41.56,0.339,,,,0.369,,,,0.386,,,,0.426,0.15,0,0.036,0.489,0.12,0,0.149,0.354,,,,0.402,,,
54902,20210212,-93.29,41.56,0.336,,,,0.366,,,,0.386,,,,0.425,0.13,0,0.006,0.489,0.12,0,0.167,0.351,,,,0.401,,,
54902,20210213,-93.29,41.56,0.333,,,,0.363,,,,0.384,,,,0.425,0.13,0,0.006,0.489,0.13,0,0.232,0.348,,,,0.399,,,
54902,20210214,-93.29,41.56,0.331,,,,0.36,,,,0.383,,,,0.425,0.11,0,0.006,0.488,0.13,0,0.268,0.346,,,,0.398,,,
54902,20210215,-93.29,41.56,0.33,,,,0.357,,,,0.382,,,,0.425,0.1,0,0.006,0.488,0.13,0,0.315,0.344,,,,0.396,,,
54902,20210216,-93.29,41.56,0.329,,,,0.354,,,,0.381,,,,0.424,0.08,0,0,0.488,0.13,0,0.292,0.342,,,,0.396,,,
54902,20210217,-93.29,41.56,,,,,0.35,,,,0.38,,,,0.424,0.07,0,0,0.488,0.13,0,0.274,,,,,,,,
54902,20210218,-93.29,41.56,,,,,0.347,,,,0.38,,,,0.423,0.05,0,0,0.488,0.13,0,0.256,,,,,,,,
54902,20210219,-93.29,41.56,,,,,0.344,,,,0.379,,,,0.423,0.04,0,0,0.488,0.13,0,0.256,,,,,,,,
54902,20210220,-93.29,41.56,,,,,0.342,,,,0.378,,,,0.423,0.03,0,0,0.488,0.12,0,0.202,,,,,,,,
54902,20210221,-93.29,41.56,,,,,0.34,,,,0.378,,,,0.423,0.02,0,0,0.487,0.11,0,0.155,,,,,,,,
54902,20210222,-93.29,41.56,,,,,0.339,,,,0.378,,,,0.423,0.02,0,0,0.487,0.1,0,0.101,,,,,,,,
54902,20210223,-93.29,41.56,,,,,0.339,,,,0.377,,,,0.422,0.01,0,0,0.487,0.1,0,0.113,,,,,,,,
54902,20210224,-93.29,41.56,,,,,0.342,,,,0.381,,,,0.425,0.07,0,0.089,0.487,0.1,0,0.167,,,,,,,,
54902,20210225,-93.29,41.56,,,,,0.346,,,,0.386,,,,0.429,0.19,0,0.232,0.488,0.12,0,0.292,,,,,,,,
54902,20210226,-93.29,41.56,,,,,0.351,,,,0.392,,,,0.433,0.29,0,0.375,0.488,0.13,0,0.405,,,,,,,,
54902,20210227,-93.29,41.56,,,,,0.356,,,,0.397,,,,0.437,0.4,0,0.518,0.489,0.15,0,0.524,,,,,,,,
54902,20210228,-93.29,41.56,,,,,0.362,,,,0.402,,,,0.441,0.49,0,0.661,0.489,0.16,0,0.619,,,,,,,,
54902,20210301,-93.29,41.56,,,,,0.369,,,,0.406,,,,0.443,0.56,0,0.804,0.489,0.16,0,0.631,,,,,,,,
54902,20210302,-93.29,41.56,,,,,0.375,,,,0.409,-0.29,0,0,0.446,0.62,0,0.946,0.49,0.17,0,0.649,,,,,,,,
54902,20210303,-93.29,41.56,,,,,0.376,,,,0.407,-0.31,0,0,0.445,0.6,0,1,0.49,0.16,0,0.583,,,,,,,,
54902,20210304,-93.29,41.56,,,,,0.377,,,,0.404,-0.35,0.026,0,0.442,0.52,0,0.893,0.489,0.14,0,0.44,,,,,,,,
54902,20210305,-93.29,41.56,0.353,,,,0.377,,,,0.4,-0.37,0.048,0,0.44,0.45,0,0.756,0.489,0.13,0,0.327,0.366,,,,0.411,,,
54902,20210306,-93.29,41.56,0.352,,,,0.378,,,,0.397,-0.4,0.23,0,0.437,0.36,0,0.613,0.489,0.11,0,0.208,0.365,,,,0.41,,,
54902,20210307,-93.29,41.56,0.349,,,,0.377,,,,0.393,-0.42,0.387,0,0.434,0.28,0,0.47,0.489,0.11,0,0.137,0.363,,,,0.409,,,
54902,20210308,-93.29,41.56,0.347,,,,0.376,,,,0.391,-0.43,0.467,0,0.433,0.22,0,0.327,0.489,0.1,0,0.137,0.361,,,,0.407,,,
54902,20210309,-93.29,41.56,0.346,,,,0.376,,,,0.39,-0.43,0.471,0,0.432,0.18,0,0.185,0.49,0.11,0,0.137,0.361,,,,0.407,,,
54902,20210310,-93.29,41.56,0.345,,,,0.377,,,,0.39,-0.43,0.497,0,0.431,0.14,0,0.042,0.49,0.11,0,0.161,0.361,,,,0.407,,,
54902,20210311,-93.29,41.56,0.344,,,,0.378,,,,0.391,-0.42,0.488,0,0.431,0.13,0,0.006,0.491,0.12,0,0.185,0.361,,,,0.407,,,
54902,20210312,-93.29,41.56,0.343,,,,0.378,,,,0.392,-0.41,0.476,0,0.431,0.12,0,0,0.491,0.14,0,0.304,0.36,,,,0.407,,,
54902,20210313,-93.29,41.56,0.341,,,,0.378,,,,0.392,-0.4,0.417,0,0.432,0.12,0,0,0.492,0.16,0,0.435,0.36,,,,0.407,,,
54902,20210314,-93.29,41.56,0.34,,,,0.378,,,,0.392,-0.38,0.357,0,0.433,0.12,0,0,0.493,0.18,0,0.548,0.359,,,,0.407,,,
54902,20210315,-93.29,41.56,0.342,,,,0.379,,,,0.394,-0.33,0.268,0.03,0.434,0.15,0,0.03,0.493,0.21,0,0.661,0.361,,,,0.409,,,
54902,20210316,-93.29,41.56,0.346,,,,0.382,,,,0.398,-0.19,0.202,0.131,0.437,0.24,0,0.173,0.494,0.23,0,0.768,0.364,,,,0.412,,,
54902,20210317,-93.29,41.56,0.349,,,,0.383,,,,0.401,-0.12,0.149,0.131,0.439,0.29,0,0.315,0.495,0.25,0,0.875,0.366,,,,0.413,,,
54902,20210318,-93.29,41.56,0.35,,,,0.384,,,,0.402,-0.09,0.149,0.131,0.44,0.31,0,0.405,0.495,0.27,0,0.988,0.367,,,,0.414,,,
54902,20210319,-93.29,41.56,0.352,,,,0.385,,,,0.403,-0.07,0.149,0.131,0.441,0.32,0,0.405,0.496,0.27,0,0.982,0.369,,,,0.415,,,
54902,20210320,-93.29,41.56,0.354,,,,0.386,,,,0.403,-0.05,0.107,0.131,0.441,0.33,0,0.405,0.496,0.26,0,0.929,0.37,,,,0.416,,,
54902,20210321,-93.29,41.56,0.356,-0.06,0,0,0.387,0.02,0,0,0.404,-0.03,0.03,0.131,0.442,0.34,0,0.405,0.496,0.26,0,0.893,0.372,,,,0.417,,,
54902,20210322,-93.29,41.56,0.353,-0.1,0,0,0.387,0.02,0,0,0.404,-0.05,0,0.101,0.442,0.33,0,0.375,0.496,0.25,0,0.786,0.37,,,,0.416,,,
54902,20210323,-93.29,41.56,0.349,-0.13,0,0,0.384,0.02,0,0,0.4,-0.17,0,0,0.439,0.25,0,0.232,0.496,0.24,0,0.702,0.367,-0.06,0,0,0.414,-0.05,0,0
54902,20210324,-93.29,41.56,0.351,0.16,0,0.228,0.385,0.18,0,0.149,0.402,-0.14,0,0.077,0.44,0.28,0,0.167,0.496,0.23,0,0.649,0.368,0.28,0,0.31,0.415,0.3,0,0.325
54902,20210325,-93.29,41.56,0.353,0.25,0,0.247,0.387,0.29,0,0.333,0.404,-0.08,0,0.131,0.442,0.33,0,0.22,0.496,0.23,0,0.631,0.37,0.38,0,0.379,0.416,0.39,0,0.438
54902,20210326,-93.29,41.56,0.357,0.35,0,0.352,0.39,0.39,0,0.452,0.408,0.04,0,0.226,0.444,0.41,0,0.363,0.497,0.24,0,0.637,0.373,0.46,0,0.489,0.419,0.49,0,0.534
54902,20210327,-93.29,41.56,0.36,0.39,0,0.333,0.393,0.44,0,0.535,0.412,0.15,0,0.256,0.447,0.48,0,0.506,0.497,0.26,0,0.685,0.377,0.49,0,0.456,0.422,0.52,0,0.563
54902,20210328,-93.29,41.56,0.364,0.42,0,0.36,0.397,0.53,0,0.649,0.415,0.25,0,0.333,0.45,0.59,0,0.649,0.498,0.29,0,0.72,0.38,0.51,0,0.486,0.425,0.54,0,0.625
54902,20210329,-93.29,41.56,0.365,0.42,0,0.329,0.399,0.58,0,0.744,0.417,0.29,0,0.333,0.451,0.65,0,0.792,0.499,0.32,0,0.827,0.382,0.48,0,0.414,0.426,0.51,0,0.531
54902,20210330,-93.29,41.56,0.367,0.44,0,0.321,0.4,0.62,0,0.744,0.418,0.32,0,0.333,0.453,0.68,0,0.923,0.5,0.34,0,0.911,0.383,0.49,0,0.399,0.427,0.51,0,0.506
54902,20210331,-93.29,41.56,0.363,0.35,0,0.244,0.398,0.55,0,0.667,0.417,0.25,0,0.256,0.452,0.64,0,0.911,0.5,0.35,0,0.958,0.38,0.42,0,0.321,0.426,0.45,0,0.429
54902,20210401,-93.29,41.56,0.359,0.26,0,0.202,0.395,0.45,0,0.524,0.414,0.15,0.065,0.202,0.45,0.59,0,0.78,0.501,0.37,0,0.982,0.377,0.33,0,0.25,0.424,0.37,0,0.339
54902,20210402,-93.29,41.56,0.353,0.13,0,0.101,0.391,0.33,0,0.381,0.41,0,0.202,0.107,0.448,0.51,0,0.637,0.501,0.37,0,0.964,0.372,0.22,0,0.137,0.421,0.25,0,0.226
54902,20210403,-93.29,41.56,0.348,0.02,0,0.065,0.388,0.21,0,0.238,0.406,-0.13,0.345,0.077,0.446,0.43,0,0.494,0.501,0.36,0,0.929,0.368,0.11,0,0.089,0.418,0.15,0,0.131
54902,20210404,-93.29,41.56,0.342,-0.09,0.024,0,0.384,0.09,0,0.095,0.402,-0.27,0.488,0,0.444,0.32,0,0.351,0.501,0.33,0,0.899,0.363,0.01,0,0,0.415,0.04,0,0
54902,20210405,-93.29,41.56,0.339,-0.16,0.155,0,0.382,0.02,0,0,0.4,-0.34,0.631,0,0.443,0.27,0,0.214,0.5,0.31,0,0.821,0.36,-0.06,0,0,0.413,-0.02,0,0
54902,20210406,-93.29,41.56,0.335,-0.23,0.298,0,0.38,-0.04,0.012,0,0.399,-0.38,0.766,0,0.442,0.24,0,0.09,0.5,0.28,0.006,0.695,0.357,-0.12,0.012,0,0.411,-0.07,0,0
54902,20210407,-93.29,41.56,0.332,-0.3,0.44,0,0.378,-0.09,0.024,0,0.399,-0.41,0.868,0,0.442,0.21,0,0.024,0.5,0.26,0.006,0.605,0.355,-0.18,0.108,0,0.41,-0.11,0.006,0
54902,20210408,-93.29,41.56,0.334,-0.25,0.506,0.071,0.379,-0.06,0.03,0.06,0.4,-0.34,0.85,0.066,0.443,0.21,0.006,0.078,0.5,0.24,0.006,0.545,0.356,-0.14,0.174,0.066,0.411,-0.06,0.006,0.066
54902,20210409,-93.29,41.56,0.339,-0.12,0.506,0.214,0.382,0.06,0.03,0.204,0.403,-0.25,0.713,0.114,0.444,0.24,0.006,0.223,0.5,0.23,0.006,0.509,0.361,-0.02,0.174,0.21,0.414,0.04,0.006,0.211
54902,20210410,-93.29,41.56,0.345,0.02,0.506,0.357,0.386,0.2,0.03,0.347,0.406,-0.14,0.572,0.151,0.445,0.26,0.018,0.352,0.501,0.25,0.006,0.542,0.366,0.11,0.174,0.353,0.417,0.15,0.006,0.345
54902,20210411,-93.29,41.56,0.35,0.13,0.482,0.5,0.389,0.3,0.03,0.491,0.408,-0.06,0.428,0.151,0.447,0.3,0.024,0.491,0.502,0.28,0.006,0.572,0.37,0.21,0.174,0.491,0.419,0.25,0.006,0.485
54902,20210412,-93.29,41.56,0.353,0.23,0.353,0.575,0.392,0.38,0.03,0.627,0.409,0.02,0.287,0.152,0.448,0.33,0.037,0.616,0.503,0.31,0.006,0.636,0.373,0.3,0.175,0.584,0.421,0.34,0.006,0.613
54902,20210413,-93.29,41.56,0.357,0.32,0.21,0.575,0.394,0.45,0.018,0.719,0.41,0.06,0.152,0.152,0.448,0.34,0.036,0.747,0.504,0.35,0,0.765,0.375,0.37,0.162,0.581,0.422,0.4,0.006,0.642
54902,20210414,-93.29,41.56,0.36,0.41,0.066,0.575,0.395,0.51,0.006,0.731,0.41,0.1,0.048,0.152,0.449,0.35,0.036,0.837,0.505,0.37,0,0.861,0.377,0.45,0.066,0.581,0.424,0.46,0,0.642
54902,20210415,-93.29,41.56,0.357,0.39,0,0.503,0.394,0.51,0,0.671,0.409,0.06,0,0.085,0.449,0.35,0.03,0.789,0.506,0.38,0,0.91,0.376,0.45,0,0.515,0.423,0.45,0,0.576
54902,20210416,-93.29,41.56,0.351,0.29,0,0.359,0.39,0.42,0,0.527,0.406,-0.01,0,0.036,0.447,0.3,0.03,0.651,0.506,0.38,0,0.898,0.371,0.36,0,0.371,0.42,0.38,0,0.43
54902,20210417,-93.29,41.56,0.344,0.18,0,0.216,0.386,0.31,0,0.383,0.404,-0.08,0,0,0.447,0.27,0.018,0.521,0.506,0.35,0,0.79,0.365,0.27,0,0.228,0.417,0.3,0,0.295
54902,20210418,-93.29,41.56,0.338,0.09,0,0.072,0.382,0.24,0,0.24,0.402,-0.13,0,0,0.445,0.22,0.012,0.383,0.506,0.3,0,0.647,0.36,0.19,0,0.09,0.415,0.23,0,0.157
54902,20210419,-93.29,41.56,0.333,0.01,0,0,0.379,0.17,0,0.107,0.401,-0.16,0,0,0.444,0.18,0,0.256,0.505,0.26,0,0.518,0.356,0.12,0,0,0.412,0.17,0,0.036
54902,20210420,-93.29,41.56,0.328,-0.07,0,0,0.376,0.12,0,0.012,0.4,-0.2,0,0,0.444,0.15,0,0.113,0.505,0.22,0,0.375,0.352,0.06,0,0,0.41,0.11,0,0
54902,20210421,-93.29,41.56,0.323,-0.13,0,0,0.374,0.08,0,0,0.398,-0.23,0.024,0,0.443,0.12,0,0.024,0.504,0.17,0,0.232,0.348,0,0,0,0.409,0.06,0,0
54902,20210422,-93.29,41.56,0.318,-0.2,0,0,0.371,0.04,0,0,0.397,-0.27,0.137,0,0.442,0.1,0,0.006,0.504,0.12,0,0.101,0.345,-0.05,0,0,0.407,0.01,0,0
54902,20210423,-93.29,41.56,0.314,-0.26,0,0,0.369,-0.01,0,0,0.397,-0.3,0.28,0,0.442,0.08,0,0,0.504,0.1,0,0.03,0.341,-0.11,0,0,0.405,-0.04,0,0
54902,20210424,-93.29,41.56,0.309,-0.32,0.107,0,0.366,-0.05,0,0,0.396,-0.33,0.405,0,0.442,0.06,0,0,0.504,0.09,0,0,0.337,-0.17,0,0,0.403,-0.09,0,0
54902,20210425,-93.29,41.56,0.304,-0.38,0.25,0,0.363,-0.09,0,0,0.395,-0.36,0.548,0,0.441,0.04,0,0,0.504,0.06,0,0,0.334,-0.23,0.03,0,0.401,-0.14,0.012,0
54902,20210426,-93.29,41.56,0.299,-0.44,0.393,0,0.36,-0.13,0,0,0.394,-0.38,0.673,0,0.441,0.02,0,0,0.504,0.03,0,0,0.329,-0.29,0.173,0,0.4,-0.2,0.149,0
54902,20210427,-93.29,41.56,0.293,-0.5,0.536,0,0.357,-0.17,0.018,0,0.394,-0.39,0.732,0,0.44,0,0,0,0.504,0.01,0,0,0.325,-0.36,0.315,0,0.397,-0.26,0.292,0
54902,20210428,-93.29,41.56,0.286,-0.58,0.679,0,0.353,-0.23,0.149,0,0.393,-0.39,0.732,0,0.44,-0.01,0,0,0.503,-0.02,0,0,0.319,-0.44,0.458,0,0.395,-0.34,0.435,0
54902,20210429,-93.29,41.56,0.279,-0.66,0.821,0,0.348,-0.3,0.292,0,0.393,-0.38,0.631,0,0.44,-0.03,0,0,0.503,-0.05,0.012,0,0.313,-0.52,0.601,0,0.393,-0.41,0.577,0
54902,20210430,-93.29,41.56,0.27,-0.75,0.964,0,0.343,-0.38,0.435,0,0.393,-0.37,0.53,0,0.44,-0.03,0,0,0.503,-0.08,0.012,0,0.307,-0.62,0.744,0,0.39,-0.5,0.72,0
54902,20210501,-93.29,41.56,0.26,-0.86,1,0,0.336,-0.49,0.577,0,0.392,-0.38,0.524,0,0.44,-0.04,0,0,0.503,-0.12,0.024,0,0.298,-0.73,0.887,0,0.386,-0.61,0.863,0
54902,20210502,-93.29,41.56,0.25,-0.97,1,0,0.328,-0.62,0.72,0,0.391,-0.39,0.518,0,0.439,-0.05,0,0,0.503,-0.15,0.036,0,0.289,-0.86,1,0,0.382,-0.73,0.994,0
54902,20210503,-93.29,41.56,0.239,-1.08,1,0,0.32,-0.76,0.863,0,0.389,-0.4,0.536,0,0.439,-0.05,0,0,0.502,-0.18,0.054,0,0.279,-0.99,1,0,0.378,-0.85,1,0
54902,20210504,-93.29,41.56,0.228,-1.18,1,0,0.311,-0.9,0.988,0,0.388,-0.43,0.619,0,0.439,-0.05,0,0,0.502,-0.22,0.095,0,0.27,-1.11,1,0,0.374,-0.97,1,0
54902,20210505,-93.29,41.56,0.219,-1.27,1,0,0.303,-1.03,1,0,0.386,-0.47,0.738,0,0.439,-0.06,0,0,0.502,-0.25,0.155,0,0.261,-1.23,1,0,0.37,-1.07,1,0
54902,20210506,-93.29,41.56,0.21,-1.35,1,0,0.294,-1.16,1,0,0.383,-0.52,0.869,0,0.438,-0.09,0,0,0.501,-0.3,0.28,0,0.252,-1.34,1,0,0.365,-1.18,1,0
54902,20210507,-93.29,41.56,0.201,-1.42,1,0,0.285,-1.29,1,0,0.38,-0.59,0.97,0,0.437,-0.11,0,0,0.501,-0.37,0.423,0,0.243,-1.44,1,0,0.361,-1.28,1,0
54902,20210508,-93.29,41.56,0.194,-1.46,1,0,0.276,-1.42,1,0,0.377,-0.67,0.994,0,0.436,-0.15,0,0,0.5,-0.42,0.554,0,0.235,-1.53,1,0,0.357,-1.36,1,0
54902,20210509,-93.29,41.56,0.196,-1.41,0.964,0.03,0.27,-1.5,1,0,0.374,-0.75,1,0,0.435,-0.19,0,0,0.499,-0.53,0.685,0,0.233,-1.54,0.964,0,0.355,-1.39,0.994,0
54902,20210510,-93.29,41.56,0.214,-1.18,0.821,0.03,0.268,-1.5,1,0,0.37,-0.83,1,0,0.434,-0.24,0.018,0,0.498,-0.65,0.81,0,0.241,-1.39,0.857,0,0.357,-1.29,0.994,0
54902,20210511,-93.29,41.56,0.23,-0.98,0.679,0.03,0.266,-1.5,1,0,0.367,-0.91,1,0,0.432,-0.3,0.149,0,0.497,-0.76,0.911,0,0.248,-1.25,0.857,0,0.358,-1.21,0.994,0
54902,20210512,-93.29,41.56,0.244,-0.79,0.536,0.03,0.265,-1.48,1,0,0.364,-0.97,1,0,0.431,-0.37,0.292,0,0.496,-0.88,0.994,0,0.254,-1.13,0.857,0,0.36,-1.13,0.994,0
54902,20210513,-93.29,41.56,0.257,-0.63,0.411,0.03,0.264,-1.45,1,0,0.361,-1.02,1,0,0.429,-0.42,0.435,0,0.494,-0.98,1,0,0.26,-1,0.857,0,0.361,-1.06,0.994,0
54902,20210514,-93.29,41.56,0.268,-0.49,0.411,0.03,0.264,-1.41,1,0,0.359,-1.06,1,0,0.428,-0.47,0.577,0,0.493,-1.07,1,0,0.266,-0.89,0.857,0,0.362,-0.99,0.994,0
54902,20210515,-93.29,41.56,0.279,-0.36,0.411,0.03,0.264,-1.35,1,0,0.358,-1.08,1,0,0.427,-0.52,0.72,0,0.492,-1.16,1,0,0.271,-0.77,0.857,0,0.364,-0.9,0.994,0
54902,20210516,-93.29,41.56,0.283,-0.3,0.446,0,0.264,-1.3,1,0,0.357,-1.08,1,0,0.426,-0.56,0.863,0,0.492,-1.17,1,0,0.273,-0.7,0.893,0,0.365,-0.86,1,0
54902,20210517,-93.29,41.56,0.273,-0.41,0.577,0,0.262,-1.29,1,0,0.357,-1.07,1,0,0.425,-0.6,0.988,0,0.492,-1.17,1,0,0.267,-0.76,0.994,0,0.362,-0.91,1,0
54902,20210518,-93.29,41.56,0.277,-0.38,0.577,0,0.26,-1.28,1,0,0.356,-1.06,1,0,0.425,-0.62,1,0,0.493,-1.16,1,0,0.268,-0.73,0.851,0,0.362,-0.89,1,0
54902,20210519,-93.29,41.56,0.285,-0.3,0.577,0.006,0.259,-1.26,1,0,0.357,-1.04,1,0,0.424,-0.62,1,0,0.493,-1.14,1,0,0.272,-0.68,0.708,0,0.364,-0.84,1,0
54902,20210520,-93.29,41.56,0.295,-0.2,0.56,0.03,0.259,-1.22,1,0,0.357,-1.01,1,0,0.424,-0.61,1,0,0.493,-1.13,1,0,0.277,-0.6,0.565,0,0.366,-0.77,0.982,0
54902,20210521,-93.29,41.56,0.312,-0.03,0.417,0.173,0.268,-1.08,0.923,0,0.358,-0.97,1,0,0.424,-0.6,0.958,0,0.493,-1.12,1,0,0.29,-0.44,0.423,0.065,0.371,-0.64,0.839,0
54902,20210522,-93.29,41.56,0.328,0.14,0.274,0.315,0.281,-0.87,0.78,0,0.359,-0.92,1,0,0.424,-0.57,0.887,0,0.493,-1.11,1,0,0.305,-0.26,0.28,0.161,0.377,-0.49,0.696,0
54902,20210523,-93.29,41.56,0.343,0.29,0.131,0.458,0.294,-0.67,0.637,0,0.36,-0.86,1,0,0.425,-0.53,0.804,0,0.494,-1.11,1,0,0.319,-0.09,0.137,0.161,0.383,-0.34,0.554,0
54902,20210524,-93.29,41.56,0.356,0.42,0,0.476,0.307,-0.5,0.494,0,0.362,-0.8,1,0,0.425,-0.49,0.69,0,0.494,-1.08,1,0,0.331,0.06,0,0.161,0.389,-0.21,0.411,0
54902,20210525,-93.29,41.56,0.355,0.42,0,0.476,0.317,-0.34,0.351,0,0.363,-0.73,1,0,0.426,-0.44,0.565,0,0.494,-1.06,1,0,0.336,0.13,0,0.161,0.391,-0.14,0.268,0
54902,20210526,-93.29,41.56,0.352,0.41,0,0.47,0.327,-0.2,0.208,0,0.364,-0.67,1,0,0.426,-0.4,0.423,0,0.495,-1.03,1,0,0.339,0.17,0,0.161,0.393,-0.09,0.125,0
54902,20210527,-93.29,41.56,0.349,0.38,0,0.452,0.334,-0.08,0.065,0.006,0.366,-0.6,0.964,0.006,0.426,-0.36,0.28,0,0.495,-0.99,1,0,0.342,0.21,0,0.167,0.394,-0.04,0,0.006
54902,20210528,-93.29,41.56,0.35,0.39,0,0.452,0.345,0.05,0,0.149,0.375,-0.4,0.821,0.125,0.43,-0.23,0.179,0.119,0.497,-0.86,0.881,0,0.347,0.27,0,0.244,0.4,0.06,0,0.149
54902,20210529,-93.29,41.56,0.348,0.38,0,0.452,0.349,0.1,0,0.292,0.382,-0.25,0.679,0.125,0.434,-0.13,0.107,0.119,0.5,-0.71,0.744,0,0.349,0.28,0,0.292,0.403,0.12,0,0.292
54902,20210530,-93.29,41.56,0.347,0.38,0,0.381,0.352,0.14,0,0.315,0.388,-0.13,0.536,0.125,0.437,-0.03,0.048,0.125,0.502,-0.57,0.601,0,0.35,0.3,0,0.399,0.405,0.18,0,0.321
54902,20210531,-93.29,41.56,0.346,0.37,0,0.363,0.355,0.18,0,0.315,0.393,-0.02,0.393,0.125,0.44,0.06,0.018,0.125,0.504,-0.45,0.458,0,0.351,0.32,0,0.399,0.408,0.23,0,0.321
54902,20210601,-93.29,41.56,0.346,0.37,0,0.363,0.359,0.22,0,0.315,0.398,0.07,0.25,0.125,0.443,0.15,0,0.125,0.506,-0.34,0.321,0,0.352,0.34,0,0.399,0.41,0.27,0,0.321
54902,20210602,-93.29,41.56,0.345,0.37,0,0.363,0.363,0.27,0,0.315,0.403,0.16,0.107,0.125,0.445,0.22,0,0.125,0.507,-0.24,0.208,0,0.354,0.36,0,0.399,0.413,0.32,0,0.321
54902,20210603,-93.29,41.56,0.342,0.35,0,0.357,0.366,0.31,0,0.31,0.407,0.24,0,0.119,0.447,0.28,0,0.125,0.509,-0.15,0.107,0,0.354,0.37,0,0.393,0.414,0.34,0,0.315
54902,20210604,-93.29,41.56,0.329,0.24,0,0.214,0.358,0.23,0,0.167,0.402,0.17,0,0,0.446,0.24,0,0.006,0.509,-0.14,0.125,0,0.343,0.27,0,0.25,0.409,0.25,0,0.173
54902,20210605,-93.29,41.56,0.315,0.13,0,0.071,0.349,0.14,0,0.024,0.4,0.14,0,0,0.445,0.22,0,0.006,0.508,-0.18,0.19,0,0.332,0.17,0,0.107,0.404,0.16,0,0.03
54902,20210606,-93.29,41.56,0.301,0.01,0.048,0,0.34,0.05,0,0,0.398,0.11,0,0,0.445,0.21,0,0,0.507,-0.21,0.274,0,0.321,0.05,0,0,0.398,0.08,0,0
54902,20210607,-93.29,41.56,0.286,-0.11,0.19,0,0.331,-0.04,0,0,0.396,0.1,0,0,0.444,0.19,0,0,0.506,-0.23,0.339,0,0.309,-0.06,0.125,0,0.393,0,0,0
54902,20210608,-93.29,41.56,0.27,-0.23,0.333,0,0.321,-0.12,0.006,0,0.394,0.08,0,0,0.443,0.17,0,0,0.506,-0.25,0.345,0,0.296,-0.17,0.268,0,0.387,-0.09,0,0
54902,20210609,-93.29,41.56,0.255,-0.35,0.476,0,0.312,-0.21,0.131,0,0.391,0.05,0,0,0.442,0.16,0,0,0.505,-0.27,0.417,0,0.283,-0.29,0.411,0,0.381,-0.16,0.024,0
54902,20210610,-93.29,41.56,0.24,-0.46,0.619,0,0.302,-0.29,0.274,0,0.388,0.02,0,0,0.441,0.14,0,0,0.504,-0.28,0.494,0,0.271,-0.39,0.554,0,0.375,-0.24,0.167,0
54902,20210611,-93.29,41.56,0.228,-0.56,0.762,0,0.293,-0.37,0.417,0,0.383,-0.02,0,0,0.439,0.11,0,0,0.503,-0.31,0.583,0,0.26,-0.48,0.696,0,0.369,-0.31,0.31,0
54902,20210612,-93.29,41.56,0.217,-0.65,0.905,0,0.284,-0.44,0.56,0,0.378,-0.08,0,0,0.437,0.08,0,0,0.502,-0.32,0.649,0,0.251,-0.56,0.839,0,0.364,-0.37,0.452,0
54902,20210613,-93.29,41.56,0.208,-0.72,1,0,0.276,-0.5,0.702,0,0.371,-0.14,0,0,0.435,0.03,0,0,0.501,-0.34,0.708,0,0.242,-0.63,0.982,0,0.358,-0.43,0.595,0
54902,20210614,-93.29,41.56,0.2,-0.78,1,0,0.268,-0.57,0.845,0,0.363,-0.23,0.095,0,0.432,-0.02,0,0,0.5,-0.35,0.714,0,0.234,-0.7,1,0,0.353,-0.49,0.738,0
54902,20210615,-93.29,41.56,0.194,-0.84,1,0,0.26,-0.64,0.982,0,0.353,-0.33,0.238,0,0.428,-0.09,0,0,0.499,-0.36,0.75,0,0.227,-0.76,1,0,0.347,-0.56,0.881,0
54902,20210616,-93.29,41.56,0.188,-0.88,1,0,0.253,-0.71,1,0,0.342,-0.43,0.381,0,0.423,-0.16,0.006,0,0.499,-0.36,0.661,0,0.221,-0.82,1,0,0.341,-0.62,1,0
54902,20210617,-93.29,41.56,0.184,-0.92,1,0,0.246,-0.77,1,0,0.331,-0.53,0.524,0,0.417,-0.24,0.131,0,0.498,-0.36,0.613,0,0.215,-0.87,1,0,0.335,-0.68,1,0
54902,20210618,-93.29,41.56,0.18,-0.95,1,0,0.24,-0.82,1,0,0.32,-0.63,0.667,0,0.411,-0.32,0.274,0,0.497,-0.36,0.554,0,0.21,-0.91,1,0,0.33,-0.74,1,0
54902,20210619,-93.29,41.56,0.176,-0.97,1,0,0.235,-0.87,1,0,0.309,-0.73,0.81,0,0.405,-0.41,0.417,0,0.497,-0.37,0.524,0,0.206,-0.95,1,0,0.324,-0.79,1,0
54902,20210620,-93.29,41.56,0.174,-0.98,1,0,0.231,-0.9,1,0,0.299,-0.81,0.952,0,0.398,-0.49,0.56,0,0.495,-0.38,0.524,0,0.202,-0.97,1,0,0.319,-0.83,1,0
54902,20210621,-93.29,41.56,0.185,-0.88,0.923,0,0.233,-0.88,1,0,0.295,-0.83,0.94,0,0.394,-0.55,0.696,0,0.493,-0.42,0.595,0,0.209,-0.91,0.923,0,0.32,-0.81,0.923,0
54902,20210622,-93.29,41.56,0.197,-0.77,0.78,0,0.236,-0.85,1,0,0.295,-0.81,0.935,0,0.39,-0.59,0.839,0,0.491,-0.46,0.69,0,0.216,-0.84,0.881,0,0.322,-0.77,0.905,0
54902,20210623,-93.29,41.56,0.206,-0.68,0.643,0,0.239,-0.82,1,0,0.296,-0.78,0.935,0,0.387,-0.62,0.976,0,0.49,-0.49,0.821,0,0.222,-0.77,0.881,0,0.323,-0.74,0.905,0
54902,20210624,-93.29,41.56,0.214,-0.6,0.637,0,0.242,-0.78,1,0,0.296,-0.76,0.935,0,0.383,-0.64,0.994,0,0.488,-0.52,0.893,0,0.228,-0.71,0.881,0,0.325,-0.7,0.905,0
54902,20210625,-93.29,41.56,0.227,-0.49,0.5,0,0.245,-0.74,1,0,0.297,-0.72,0.935,0,0.38,-0.67,0.994,0,0.486,-0.55,0.964,0,0.236,-0.63,0.833,0,0.327,-0.65,0.905,0
54902,20210626,-93.29,41.56,0.244,-0.35,0.357,0,0.249,-0.7,1,0,0.299,-0.68,0.935,0,0.378,-0.67,0.994,0,0.485,-0.56,1,0,0.246,-0.54,0.696,0,0.331,-0.6,0.905,0
54902,20210627,-93.29,41.56,0.262,-0.21,0.214,0,0.255,-0.64,0.994,0,0.304,-0.63,0.935,0,0.376,-0.67,0.994,0,0.485,-0.56,1,0,0.258,-0.44,0.601,0,0.336,-0.52,0.821,0
54902,20210628,-93.29,41.56,0.268,-0.17,0.149,0,0.256,-0.63,0.994,0,0.304,-0.61,0.994,0,0.373,-0.67,1,0,0.485,-0.54,1,0,0.262,-0.41,0.536,0,0.337,-0.5,0.756,0
54902,20210629,-93.29,41.56,0.271,-0.15,0.149,0,0.257,-0.62,0.994,0,0.302,-0.61,1,0,0.369,-0.69,1,0,0.484,-0.53,1,0,0.264,-0.39,0.435,0,0.337,-0.49,0.708,0
54902,20210630,-93.29,41.56,0.277,-0.11,0.143,0,0.258,-0.61,0.994,0,0.301,-0.6,1,0,0.366,-0.69,1,0,0.484,-0.53,1,0,0.267,-0.37,0.292,0,0.337,-0.47,0.673,0
54902,20210701,-93.29,41.56,0.283,-0.07,0.006,0,0.259,-0.6,0.994,0,0.301,-0.59,1,0,0.364,-0.68,1,0,0.483,-0.51,1,0,0.271,-0.34,0.214,0,0.338,-0.45,0.673,0
54902,20210702,-93.29,41.56,0.283,-0.07,0,0,0.26,-0.59,0.994,0,0.301,-0.58,1,0,0.362,-0.66,1,0,0.483,-0.5,1,0,0.272,-0.34,0.262,0,0.338,-0.44,0.673,0
54902,20210703,-93.29,41.56,0.278,-0.12,0.071,0,0.26,-0.59,0.994,0,0.301,-0.57,1,0,0.36,-0.65,1,0,0.482,-0.49,0.988,0,0.269,-0.36,0.399,0,0.336,-0.44,0.673,0
54902,20210704,-93.29,41.56,0.268,-0.19,0.214,0,0.258,-0.6,1,0,0.299,-0.57,1,0,0.357,-0.63,1,0,0.482,-0.47,0.988,0,0.263,-0.41,0.494,0,0.333,-0.45,0.756,0
54902,20210705,-93.29,41.56,0.257,-0.27,0.357,0,0.255,-0.62,1,0,0.296,-0.58,1,0,0.354,-0.62,1,0,0.481,-0.46,0.988,0,0.256,-0.46,0.637,0,0.329,-0.48,0.899,0
54902,20210706,-93.29,41.56,0.245,-0.35,0.5,0,0.251,-0.63,1,0,0.293,-0.59,1,0,0.35,-0.62,1,0,0.48,-0.47,0.988,0,0.248,-0.51,0.78,0,0.324,-0.51,0.964,0
54902,20210707,-93.29,41.56,0.232,-0.44,0.643,0,0.247,-0.65,1,0,0.289,-0.61,1,0,0.345,-0.63,1,0,0.479,-0.48,0.988,0,0.24,-0.57,0.923,0,0.318,-0.55,1,0
54902,20210708,-93.29,41.56,0.219,-0.53,0.786,0,0.243,-0.67,1,0,0.284,-0.62,1,0,0.341,-0.64,1,0,0.477,-0.5,0.988,0,0.231,-0.63,1,0,0.313,-0.58,1,0
54902,20210709,-93.29,41.56,0.208,-0.61,0.923,0,0.239,-0.7,1,0,0.28,-0.63,1,0,0.336,-0.65,1,0,0.475,-0.52,0.988,0,0.224,-0.68,1,0,0.308,-0.62,1,0
54902,20210710,-93.29,41.56,0.213,-0.55,0.851,0.012,0.238,-0.7,0.994,0,0.275,-0.64,1,0,0.333,-0.66,1,0,0.474,-0.54,1,0,0.226,-0.65,0.94,0,0.307,-0.61,0.994,0
54902,20210711,-93.29,41.56,0.23,-0.4,0.708,0.155,0.248,-0.59,0.851,0,0.272,-0.65,1,0,0.33,-0.66,1,0,0.472,-0.56,1,0,0.239,-0.52,0.798,0.006,0.31,-0.56,0.851,0
54902,20210712,-93.29,41.56,0.246,-0.26,0.565,0.262,0.257,-0.5,0.708,0,0.269,-0.65,1,0,0.327,-0.67,1,0,0.47,-0.58,1,0,0.251,-0.4,0.655,0.006,0.314,-0.51,0.708,0
54902,20210713,-93.29,41.56,0.262,-0.11,0.423,0.262,0.266,-0.42,0.565,0,0.268,-0.64,1,0,0.325,-0.66,1,0,0.469,-0.58,1,0,0.264,-0.28,0.512,0.006,0.318,-0.46,0.565,0
54902,20210714,-93.29,41.56,0.278,0.05,0.28,0.262,0.274,-0.33,0.423,0,0.267,-0.63,1,0,0.324,-0.65,1,0,0.468,-0.57,1,0,0.276,-0.15,0.369,0.006,0.322,-0.4,0.429,0
54902,20210715,-93.29,41.56,0.297,0.24,0.137,0.315,0.284,-0.22,0.28,0,0.272,-0.56,0.946,0,0.323,-0.64,1,0,0.467,-0.56,1,0,0.29,0,0.226,0.06,0.329,-0.32,0.351,0
54902,20210716,-93.29,41.56,0.322,0.48,0,0.458,0.298,-0.08,0.137,0,0.288,-0.43,0.804,0,0.322,-0.61,1,0,0.467,-0.54,1,0,0.31,0.2,0.083,0.202,0.339,-0.19,0.208,0
54902,20210717,-93.29,41.56,0.329,0.58,0,0.589,0.309,0.04,0,0,0.302,-0.3,0.661,0,0.322,-0.59,1,0,0.467,-0.51,1,0,0.319,0.31,0,0.345,0.346,-0.11,0.071,0
54902,20210718,-93.29,41.56,0.325,0.59,0,0.589,0.307,0.06,0,0,0.314,-0.19,0.518,0,0.321,-0.57,1,0,0.466,-0.49,1,0,0.316,0.32,0,0.452,0.347,-0.08,0.071,0
54902,20210719,-93.29,41.56,0.321,0.6,0,0.625,0.306,0.07,0,0,0.325,-0.08,0.375,0,0.32,-0.55,1,0,0.465,-0.47,1,0,0.314,0.33,0,0.452,0.348,-0.05,0.071,0
54902,20210720,-93.29,41.56,0.317,0.6,0,0.685,0.304,0.09,0,0,0.335,0.01,0.232,0,0.319,-0.53,1,0,0.465,-0.45,1,0,0.311,0.33,0,0.452,0.348,-0.02,0.071,0
54902,20210721,-93.29,41.56,0.312,0.58,0,0.685,0.303,0.1,0,0,0.344,0.1,0.089,0,0.319,-0.51,1,0,0.464,-0.42,1,0,0.307,0.33,0,0.452,0.348,0,0.065,0
54902,20210722,-93.29,41.56,0.302,0.51,0,0.631,0.298,0.08,0,0,0.345,0.13,0,0,0.318,-0.48,1,0,0.463,-0.41,1,0,0.3,0.29,0,0.399,0.345,-0.01,0,0
54902,20210723,-93.29,41.56,0.285,0.38,0,0.488,0.288,0.01,0,0,0.337,0.09,0,0,0.317,-0.46,1,0,0.461,-0.39,1,0,0.287,0.18,0,0.256,0.338,-0.07,0.024,0
54902,20210724,-93.29,41.56,0.268,0.24,0,0.345,0.279,-0.06,0,0,0.328,0.05,0,0,0.316,-0.45,1,0,0.46,-0.38,1,0,0.273,0.08,0,0.113,0.33,-0.13,0.155,0
54902,20210725,-93.29,41.56,0.251,0.1,0.119,0.202,0.269,-0.13,0.131,0,0.319,0,0,0,0.315,-0.43,1,0,0.459,-0.36,0.994,0,0.26,-0.03,0.125,0,0.323,-0.19,0.298,0
54902,20210726,-93.29,41.56,0.235,-0.04,0.262,0.06,0.26,-0.21,0.274,0,0.31,-0.06,0,0,0.314,-0.42,1,0,0.458,-0.35,0.964,0,0.247,-0.14,0.268,0,0.315,-0.25,0.44,0
54902,20210727,-93.29,41.56,0.219,-0.17,0.405,0,0.25,-0.3,0.417,0,0.3,-0.12,0.125,0,0.312,-0.41,1,0,0.457,-0.34,0.958,0,0.235,-0.25,0.411,0,0.308,-0.31,0.583,0
54902,20210728,-93.29,41.56,0.206,-0.29,0.548,0,0.242,-0.38,0.56,0,0.289,-0.19,0.268,0,0.31,-0.41,1,0,0.456,-0.33,0.946,0,0.224,-0.35,0.554,0,0.301,-0.37,0.726,0
54902,20210729,-93.29,41.56,0.194,-0.38,0.69,0,0.233,-0.46,0.702,0,0.278,-0.28,0.411,0,0.309,-0.4,1,0,0.455,-0.32,0.946,0,0.214,-0.44,0.696,0,0.294,-0.43,0.869,0
54902,20210730,-93.29,41.56,0.185,-0.46,0.833,0,0.226,-0.53,0.845,0,0.267,-0.36,0.554,0,0.307,-0.41,1,0,0.454,-0.31,0.929,0,0.205,-0.51,0.839,0,0.288,-0.48,0.988,0
54902,20210731,-93.29,41.56,0.18,-0.5,0.952,0.018,0.222,-0.56,0.964,0.018,0.259,-0.42,0.679,0,0.305,-0.4,1,0,0.453,-0.3,0.887,0,0.201,-0.54,0.958,0.018,0.284,-0.51,0.976,0
54902,20210801,-93.29,41.56,0.193,-0.35,0.833,0.161,0.231,-0.44,0.833,0.089,0.27,-0.3,0.679,0.143,0.305,-0.4,1,0,0.452,-0.29,0.798,0,0.212,-0.41,0.833,0.161,0.29,-0.41,0.833,0
54902,20210802,-93.29,41.56,0.206,-0.21,0.69,0.304,0.24,-0.33,0.69,0.089,0.281,-0.2,0.679,0.286,0.304,-0.39,1,0,0.45,-0.27,0.69,0,0.223,-0.29,0.69,0.262,0.296,-0.33,0.69,0
54902,20210803,-93.29,41.56,0.218,-0.08,0.548,0.446,0.249,-0.22,0.548,0.089,0.291,-0.08,0.554,0.429,0.304,-0.37,1,0,0.45,-0.26,0.554,0,0.233,-0.17,0.548,0.262,0.302,-0.24,0.548,0
54902,20210804,-93.29,41.56,0.23,0.06,0.405,0.53,0.258,-0.1,0.405,0.089,0.302,0.03,0.411,0.476,0.304,-0.36,1,0,0.449,-0.24,0.423,0,0.244,-0.05,0.405,0.262,0.309,-0.15,0.405,0
54902,20210805,-93.29,41.56,0.241,0.18,0.262,0.53,0.266,0.01,0.262,0.089,0.313,0.16,0.268,0.476,0.304,-0.35,1,0,0.449,-0.22,0.28,0,0.253,0.07,0.262,0.262,0.315,-0.06,0.262,0
54902,20210806,-93.29,41.56,0.252,0.3,0.119,0.53,0.274,0.11,0.119,0.089,0.325,0.28,0.125,0.476,0.305,-0.33,1,0,0.448,-0.2,0.155,0,0.263,0.18,0.119,0.262,0.321,0.03,0.119,0
54902,20210807,-93.29,41.56,0.26,0.39,0,0.512,0.28,0.19,0,0.071,0.335,0.4,0,0.476,0.305,-0.33,1,0,0.448,-0.19,0.054,0,0.27,0.26,0,0.244,0.325,0.11,0,0
54902,20210808,-93.29,41.56,0.252,0.32,0,0.369,0.273,0.12,0,0,0.327,0.34,0,0.333,0.304,-0.32,1,0,0.447,-0.17,0.006,0,0.262,0.19,0,0.101,0.321,0.07,0,0
54902,20210809,-93.29,41.56,0.245,0.26,0,0.226,0.267,0.06,0,0,0.32,0.29,0,0.19,0.304,-0.32,1,0,0.447,-0.15,0,0,0.256,0.14,0,0,0.317,0.04,0,0
54902,20210810,-93.29,41.56,0.24,0.2,0,0.083,0.262,0.01,0,0,0.314,0.25,0,0.048,0.304,-0.32,1,0,0.448,-0.14,0,0,0.251,0.08,0,0,0.314,0.01,0,0
54902,20210811,-93.29,41.56,0.234,0.15,0,0,0.257,-0.04,0,0,0.309,0.21,0,0,0.304,-0.31,0.994,0,0.448,-0.13,0,0,0.246,0.03,0,0,0.31,-0.01,0,0
54902,20210812,-93.29,41.56,0.228,0.1,0,0,0.253,-0.09,0,0,0.304,0.17,0,0,0.304,-0.31,0.929,0,0.448,-0.11,0,0,0.24,-0.02,0,0,0.307,-0.03,0,0
54902,20210813,-93.29,41.56,0.222,0.04,0,0,0.248,-0.14,0,0,0.298,0.11,0,0,0.304,-0.3,0.833,0,0.448,-0.1,0,0,0.235,-0.08,0,0,0.304,-0.06,0,0
54902,20210814,-93.29,41.56,0.215,-0.02,0,0,0.242,-0.18,0.101,0,0.291,0.05,0,0,0.304,-0.29,0.702,0,0.449,-0.09,0,0,0.228,-0.14,0.036,0,0.3,-0.09,0,0
54902,20210815,-93.29,41.56,0.207,-0.09,0.101,0,0.236,-0.24,0.244,0,0.284,-0.02,0,0,0.304,-0.29,0.571,0,0.449,-0.09,0,0,0.221,-0.21,0.179,0,0.296,-0.14,0,0
54902,20210816,-93.29,41.56,0.198,-0.17,0.244,0,0.23,-0.29,0.387,0,0.276,-0.11,0.042,0,0.304,-0.28,0.429,0,0.448,-0.1,0,0,0.214,-0.28,0.321,0,0.291,-0.18,0.107,0
54902,20210817,-93.29,41.56,0.19,-0.24,0.387,0,0.223,-0.35,0.53,0,0.268,-0.19,0.167,0,0.303,-0.28,0.286,0,0.447,-0.12,0.012,0,0.207,-0.35,0.464,0,0.286,-0.23,0.25,0
54902,20210818,-93.29,41.56,0.183,-0.3,0.53,0,0.217,-0.4,0.673,0,0.259,-0.27,0.31,0,0.302,-0.28,0.149,0,0.447,-0.14,0.036,0,0.2,-0.41,0.607,0,0.282,-0.28,0.393,0
54902,20210819,-93.29,41.56,0.177,-0.36,0.673,0,0.211,-0.45,0.815,0,0.251,-0.34,0.452,0,0.301,-0.28,0.077,0,0.446,-0.17,0.131,0,0.194,-0.47,0.75,0,0.277,-0.33,0.536,0
54902,20210820,-93.29,41.56,0.171,-0.42,0.815,0,0.206,-0.49,0.958,0,0.244,-0.41,0.595,0,0.3,-0.28,0.03,0,0.444,-0.21,0.274,0,0.189,-0.51,0.893,0,0.273,-0.38,0.679,0
54902,20210821,-93.29,41.56,0.167,-0.46,0.958,0,0.202,-0.53,1,0,0.238,-0.47,0.738,0,0.299,-0.29,0.018,0,0.443,-0.26,0.417,0,0.184,-0.55,1,0,0.27,-0.43,0.821,0
54902,20210822,-93.29,41.56,0.163,-0.5,1,0,0.199,-0.56,1,0,0.232,-0.53,0.881,0,0.299,-0.29,0.018,0,0.441,-0.31,0.56,0,0.181,-0.59,1,0,0.267,-0.48,0.964,0
54902,20210823,-93.29,41.56,0.16,-0.53,1,0,0.197,-0.58,1,0,0.227,-0.58,0.982,0,0.298,-0.3,0.018,0,0.439,-0.35,0.702,0,0.179,-0.62,1,0,0.264,-0.54,1,0
54902,20210824,-93.29,41.56,0.158,-0.56,1,0,0.195,-0.6,1,0,0.223,-0.63,1,0,0.297,-0.31,0.018,0,0.438,-0.39,0.833,0,0.177,-0.64,1,0,0.262,-0.59,1,0
54902,20210825,-93.29,41.56,0.156,-0.59,1,0,0.193,-0.62,1,0,0.219,-0.68,1,0,0.297,-0.31,0.03,0,0.436,-0.44,0.952,0,0.175,-0.66,1,0,0.26,-0.64,1,0
54902,20210826,-93.29,41.56,0.155,-0.61,1,0,0.192,-0.63,1,0,0.216,-0.72,1,0,0.296,-0.32,0.03,0,0.434,-0.47,1,0,0.173,-0.67,1,0,0.259,-0.68,1,0
54902,20210827,-93.29,41.56,0.155,-0.62,1,0,0.192,-0.62,1,0,0.218,-0.73,1,0,0.296,-0.34,0.089,0,0.433,-0.49,1,0,0.174,-0.67,1,0,0.259,-0.71,1,0
54902,20210828,-93.29,41.56,0.156,-0.61,1,0,0.193,-0.61,1,0,0.22,-0.73,1,0,0.295,-0.36,0.22,0,0.432,-0.51,1,0,0.175,-0.66,1,0,0.259,-0.72,1,0
54902,20210829,-93.29,41.56,0.156,-0.62,1,0,0.194,-0.61,1,0,0.221,-0.73,1,0,0.295,-0.41,0.351,0,0.431,-0.53,1,0,0.175,-0.66,1,0,0.259,-0.73,1,0
54902,20210830,-93.29,41.56,0.157,-0.61,1,0,0.194,-0.6,1,0,0.221,-0.74,1,0,0.295,-0.47,0.494,0,0.43,-0.54,1,0,0.176,-0.65,1,0,0.259,-0.73,1,0
54902,20210831,-93.29,41.56,0.159,-0.6,0.994,0,0.197,-0.58,0.964,0,0.224,-0.72,0.964,0,0.296,-0.51,0.601,0,0.429,-0.55,1,0,0.178,-0.63,0.964,0,0.261,-0.72,0.964,0
54902,20210901,-93.29,41.56,0.162,-0.58,0.994,0,0.205,-0.53,0.821,0,0.233,-0.67,0.821,0,0.301,-0.53,0.649,0,0.429,-0.56,1,0,0.184,-0.59,0.827,0,0.266,-0.67,0.899,0
54902,20210902,-93.29,41.56,0.165,-0.57,0.994,0,0.212,-0.48,0.679,0,0.242,-0.63,0.744,0,0.305,-0.56,0.786,0,0.429,-0.57,1,0,0.189,-0.55,0.774,0,0.27,-0.64,0.899,0
54902,20210903,-93.29,41.56,0.166,-0.56,0.976,0,0.218,-0.44,0.536,0,0.247,-0.61,0.72,0,0.309,-0.58,0.851,0,0.429,-0.57,1,0,0.192,-0.53,0.75,0,0.274,-0.62,0.881,0
54902,20210904,-93.29,41.56,0.171,-0.53,0.833,0,0.227,-0.39,0.393,0,0.263,-0.52,0.577,0,0.315,-0.57,0.72,0,0.429,-0.57,1,0,0.199,-0.48,0.607,0,0.281,-0.56,0.738,0
54902,20210905,-93.29,41.56,0.176,-0.5,0.69,0,0.235,-0.33,0.25,0,0.279,-0.42,0.435,0,0.32,-0.54,0.577,0,0.429,-0.58,1,0,0.206,-0.44,0.464,0,0.288,-0.51,0.595,0
54902,20210906,-93.29,41.56,0.181,-0.47,0.619,0,0.243,-0.28,0.107,0,0.295,-0.33,0.292,0,0.325,-0.51,0.458,0,0.43,-0.58,1,0,0.212,-0.39,0.321,0,0.295,-0.46,0.452,0
54902,20210907,-93.29,41.56,0.184,-0.44,0.625,0,0.247,-0.26,0,0,0.308,-0.25,0.185,0,0.327,-0.5,0.44,0,0.429,-0.59,1,0,0.216,-0.36,0.214,0,0.299,-0.43,0.345,0
54902,20210908,-93.29,41.56,0.185,-0.44,0.625,0,0.246,-0.27,0,0,0.314,-0.22,0.185,0,0.324,-0.51,0.518,0,0.429,-0.61,1,0,0.215,-0.36,0.232,0,0.3,-0.43,0.268,0
54902,20210909,-93.29,41.56,0.186,-0.43,0.625,0,0.245,-0.29,0,0,0.32,-0.19,0.119,0,0.323,-0.52,0.518,0,0.429,-0.61,1,0,0.215,-0.36,0.268,0,0.3,-0.42,0.125,0
54902,20210910,-93.29,41.56,0.186,-0.42,0.643,0,0.242,-0.31,0.006,0,0.323,-0.17,0,0,0.321,-0.53,0.536,0,0.428,-0.62,1,0,0.214,-0.37,0.292,0,0.3,-0.42,0.107,0
54902,20210911,-93.29,41.56,0.182,-0.45,0.786,0,0.236,-0.36,0.107,0,0.314,-0.23,0,0,0.316,-0.57,0.679,0,0.427,-0.63,1,0,0.209,-0.4,0.435,0,0.295,-0.45,0.25,0
54902,20210912,-93.29,41.56,0.178,-0.47,0.929,0,0.23,-0.4,0.25,0,0.305,-0.28,0,0,0.312,-0.59,0.821,0,0.427,-0.63,1,0,0.204,-0.43,0.577,0,0.291,-0.49,0.393,0
54902,20210913,-93.29,41.56,0.175,-0.49,1,0,0.225,-0.44,0.393,0,0.297,-0.33,0,0,0.309,-0.61,0.94,0,0.427,-0.63,0.976,0,0.2,-0.46,0.72,0,0.287,-0.51,0.536,0
54902,20210914,-93.29,41.56,0.171,-0.51,1,0,0.22,-0.48,0.536,0,0.29,-0.38,0.083,0,0.306,-0.63,0.994,0,0.426,-0.62,0.97,0,0.196,-0.49,0.863,0,0.283,-0.53,0.679,0
54902,20210915,-93.29,41.56,0.168,-0.53,1,0,0.215,-0.52,0.679,0,0.282,-0.43,0.226,0,0.304,-0.64,1,0,0.426,-0.62,0.97,0,0.192,-0.52,0.982,0,0.279,-0.56,0.821,0
54902,20210916,-93.29,41.56,0.166,-0.54,1,0,0.211,-0.56,0.821,0,0.274,-0.48,0.369,0,0.302,-0.65,1,0,0.426,-0.61,0.923,0,0.188,-0.54,1,0,0.276,-0.58,0.964,0
54902,20210917,-93.29,41.56,0.163,-0.55,1,0,0.207,-0.59,0.958,0,0.266,-0.53,0.512,0,0.3,-0.65,1,0,0.426,-0.61,0.881,0,0.185,-0.56,1,0,0.272,-0.59,1,0
54902,20210918,-93.29,41.56,0.161,-0.56,1,0,0.204,-0.61,1,0,0.259,-0.58,0.655,0,0.298,-0.65,1,0,0.425,-0.61,0.815,0,0.182,-0.57,1,0,0.269,-0.61,1,0
54902,20210919,-93.29,41.56,0.158,-0.57,1,0,0.2,-0.63,1,0,0.251,-0.63,0.798,0,0.297,-0.65,1,0,0.425,-0.6,0.738,0,0.179,-0.59,1,0,0.266,-0.62,1,0
54902,20210920,-93.29,41.56,0.156,-0.58,1,0,0.197,-0.65,1,0,0.243,-0.67,0.94,0,0.295,-0.66,1,0,0.424,-0.61,0.744,0,0.176,-0.6,1,0,0.263,-0.64,1,0
54902,20210921,-93.29,41.56,0.155,-0.58,1,0,0.196,-0.66,0.964,0,0.242,-0.68,0.917,0,0.297,-0.64,0.917,0,0.424,-0.61,0.744,0,0.175,-0.6,1,0,0.263,-0.63,0.923,0
54902,20210922,-93.29,41.56,0.154,-0.58,1,0,0.196,-0.65,0.964,0,0.244,-0.67,0.774,0,0.3,-0.61,0.774,0,0.423,-0.61,0.744,0,0.175,-0.6,1,0,0.263,-0.62,0.923,0
54902,20210923,-93.29,41.56,0.153,-0.58,1,0,0.196,-0.65,0.964,0,0.246,-0.65,0.72,0,0.302,-0.59,0.696,0,0.423,-0.62,0.792,0,0.174,-0.6,1,0,0.264,-0.61,0.923,0
54902,20210924,-93.29,41.56,0.152,-0.58,1,0,0.195,-0.66,0.964,0,0.247,-0.64,0.72,0,0.303,-0.57,0.696,0,0.422,-0.63,0.833,0,0.173,-0.6,1,0,0.264,-0.61,0.923,0
54902,20210925,-93.29,41.56,0.151,-0.59,1,0,0.194,-0.66,0.964,0,0.248,-0.63,0.72,0,0.304,-0.56,0.696,0,0.421,-0.64,0.899,0,0.172,-0.61,1,0,0.264,-0.6,0.923,0
54902,20210926,-93.29,41.56,0.15,-0.59,1,0,0.193,-0.67,0.964,0,0.25,-0.62,0.72,0,0.305,-0.55,0.696,0,0.42,-0.65,0.976,0,0.172,-0.61,1,0,0.263,-0.6,0.923,0
54902,20210927,-93.29,41.56,0.149,-0.59,1,0,0.192,-0.69,0.964,0,0.25,-0.62,0.72,0,0.305,-0.54,0.696,0,0.419,-0.66,0.994,0,0.171,-0.62,1,0,0.263,-0.61,0.923,0
54902,20210928,-93.29,41.56,0.148,-0.59,1,0,0.19,-0.71,1,0,0.243,-0.66,0.804,0,0.302,-0.56,0.78,0,0.417,-0.68,1,0,0.169,-0.63,1,0,0.26,-0.63,1,0
54902,20210929,-93.29,41.56,0.146,-0.6,1,0,0.186,-0.74,1,0,0.233,-0.72,0.946,0,0.298,-0.58,0.923,0,0.416,-0.69,1,0,0.166,-0.64,1,0,0.256,-0.66,1,0
54902,20210930,-93.29,41.56,0.145,-0.6,1,0,0.184,-0.75,1,0,0.224,-0.78,1,0,0.295,-0.59,1,0,0.415,-0.7,1,0,0.165,-0.65,1,0,0.253,-0.68,1,0
54902,20211001,-93.29,41.56,0.146,-0.59,1,0,0.185,-0.75,0.958,0,0.224,-0.79,0.917,0,0.296,-0.58,0.917,0,0.414,-0.71,1,0,0.165,-0.65,1,0,0.253,-0.68,0.964,0
54902,20211002,-93.29,41.56,0.147,-0.58,1,0,0.188,-0.72,0.958,0,0.227,-0.77,0.774,0,0.299,-0.55,0.774,0,0.414,-0.72,1,0,0.168,-0.63,1,0,0.255,-0.67,0.964,0
54902,20211003,-93.29,41.56,0.148,-0.57,1,0,0.191,-0.7,0.958,0,0.231,-0.75,0.685,0,0.302,-0.53,0.631,0,0.413,-0.72,1,0,0.169,-0.62,1,0,0.257,-0.66,0.964,0
54902,20211004,-93.29,41.56,0.148,-0.56,1,0,0.194,-0.68,0.958,0,0.236,-0.72,0.673,0,0.304,-0.51,0.488,0,0.413,-0.73,1,0,0.171,-0.6,1,0,0.259,-0.64,0.964,0
54902,20211005,-93.29,41.56,0.149,-0.56,1,0,0.196,-0.66,0.958,0,0.24,-0.7,0.673,0,0.306,-0.49,0.375,0,0.413,-0.73,1,0,0.172,-0.59,1,0,0.261,-0.63,0.964,0
54902,20211006,-93.29,41.56,0.149,-0.56,1,0,0.197,-0.64,0.958,0,0.245,-0.67,0.673,0,0.308,-0.48,0.357,0,0.413,-0.73,1,0,0.173,-0.58,1,0,0.262,-0.62,0.964,0
54902,20211007,-93.29,41.56,0.149,-0.56,1,0,0.199,-0.63,0.958,0,0.249,-0.65,0.673,0,0.31,-0.46,0.357,0,0.413,-0.74,1,0,0.174,-0.58,1,0,0.264,-0.6,0.964,0
54902,20211008,-93.29,41.56,0.148,-0.56,1,0,0.197,-0.64,1,0,0.245,-0.67,0.756,0,0.307,-0.48,0.44,0,0.413,-0.75,1,0,0.173,-0.58,1,0,0.262,-0.61,1,0
54902,20211009,-93.29,41.56,0.148,-0.57,1,0,0.194,-0.66,1,0,0.237,-0.72,0.899,0,0.303,-0.51,0.575,0,0.413,-0.75,0.994,0,0.171,-0.59,1,0,0.259,-0.64,1,0
54902,20211010,-93.29,41.56,0.147,-0.58,1,0,0.191,-0.68,1,0,0.23,-0.77,0.988,0,0.3,-0.54,0.719,0,0.413,-0.77,0.994,0,0.169,-0.61,1,0,0.256,-0.66,1,0
54902,20211011,-93.29,41.56,0.146,-0.58,1,0,0.188,-0.7,1,0,0.223,-0.81,1,0,0.297,-0.56,0.855,0,0.412,-0.78,0.994,0,0.167,-0.62,1,0,0.253,-0.68,1,0
54902,20211012,-93.29,41.56,0.149,-0.57,1,0,0.196,-0.66,0.88,0,0.224,-0.81,0.904,0,0.295,-0.58,0.97,0,0.412,-0.8,0.994,0,0.173,-0.6,0.886,0,0.255,-0.67,0.952,0
54902,20211013,-93.29,41.56,0.153,-0.56,0.988,0,0.204,-0.62,0.761,0,0.227,-0.8,0.865,0,0.294,-0.6,0.981,0,0.412,-0.82,0.994,0,0.178,-0.58,0.765,0,0.258,-0.66,0.919,0
54902,20211014,-93.29,41.56,0.164,-0.5,0.84,0,0.218,-0.55,0.613,0,0.244,-0.71,0.718,0,0.298,-0.57,0.833,0,0.412,-0.85,0.994,0,0.191,-0.51,0.617,0,0.267,-0.61,0.77,0
54902,20211015,-93.29,41.56,0.173,-0.45,0.693,0,0.23,-0.49,0.466,0,0.258,-0.63,0.571,0,0.301,-0.56,0.685,0,0.412,-0.87,0.994,0,0.202,-0.46,0.469,0,0.275,-0.56,0.621,0
54902,20211016,-93.29,41.56,0.181,-0.43,0.571,0,0.242,-0.43,0.319,0,0.273,-0.54,0.423,0,0.304,-0.55,0.62,0,0.413,-0.9,1,0,0.211,-0.42,0.321,0,0.283,-0.52,0.475,0
54902,20211017,-93.29,41.56,0.188,-0.4,0.559,0,0.251,-0.39,0.18,0,0.288,-0.47,0.281,0,0.306,-0.55,0.613,0,0.414,-0.93,1,0,0.22,-0.38,0.175,0,0.29,-0.49,0.333,0
54902,20211018,-93.29,41.56,0.193,-0.39,0.556,0,0.26,-0.35,0.038,0,0.302,-0.39,0.138,0,0.309,-0.56,0.616,0,0.415,-0.95,1,0,0.227,-0.35,0.063,0,0.296,-0.45,0.278,0
54902,20211019,-93.29,41.56,0.195,-0.41,0.541,0,0.258,-0.37,0.031,0,0.31,-0.35,0.089,0,0.311,-0.57,0.611,0,0.416,-0.98,1,0,0.227,-0.36,0.152,0,0.298,-0.45,0.321,0
54902,20211020,-93.29,41.56,0.196,-0.42,0.514,0,0.258,-0.38,0.034,0,0.316,-0.32,0,0,0.313,-0.58,0.589,0,0.417,-0.99,0.993,0,0.227,-0.36,0.216,0,0.3,-0.45,0.297,0
54902,20211021,-93.29,41.56,,,,,,,,,,,,,,,,,,,,,,,,,,,,
54902,20211022,-93.29,41.56,,,,,,,,,,,,,,,,,,,,,,,,,,,,
54902,20211023,-93.29,41.56,,,,,,,,,,,,,,,,,,,,,,,,,,,,
54902,20211024,-93.29,41.56,,,,,,,,,,,,,,,,,,,,,,,,,,,,
54902,20211025,-93.29,41.56,,,,,,,,,,,,,,,,,,,,,,,,,,,,
54902,20211026,-93.29,41.56,,,,,,,,,,,,,,,,,,,,,,,,,,,,
54902,20211027,-93.29,41.56,,,,,,,,,,,,,,,,,,,,,,,,,,,,
54902,20211028,-93.29,41.56,,,,,,,,,,,,,,,,,,,,,,,,,,,,
54902,20211029,-93.29,41.56,,,,,,,,,,,,,,,,,,,,,,,,,,,,
54902,20211030,-93.29,41.56,,,,,,,,,,,,,,,,,,,,,,,,,,,,
54902,20211031,-93.29,41.56,,,,,,,,,,,,,,,,,,,,,,,,,,,,
54902,20211101,-93.29,41.56,,,,,,,,,,,,,,,,,,,,,,,,,,,,
54902,20211102,-93.29,41.56,,,,,,,,,,,,,,,,,,,,,,,,,,,,
54902,20211103,-93.29,41.56,,,,,,,,,,,,,,,,,,,,,,,,,,,,
54902,20211104,-93.29,41.56,,,,,,,,,,,,,,,,,,,,,,,,,,,,
54902,20211105,-93.29,41.56,,,,,,,,,,,,,,,,,,,,,,,,,,,,
54902,20211106,-93.29,41.56,,,,,,,,,,,,,,,,,,,,,,,,,,,,
54902,20211107,-93.29,41.56,,,,,,,,,,,,,,,,,,,,,,,,,,,,
54902,20211108,-93.29,41.56,,,,,,,,,,,,,,,,,,,,,,,,,,,,
54902,20211109,-93.29,41.56,,,,,,,,,,,,,,,,,,,,,,,,,,,,
54902,20211110,-93.29,41.56,,,,,,,,,,,,,,,,,,,,,,,,,,,,
54902,20211111,-93.29,41.56,,,,,,,,,,,,,,,,,,,,,,,,,,,,
54902,20211112,-93.29,41.56,,,,,,,,,,,,,,,,,,,,,,,,,,,,
54902,20211113,-93.29,41.56,,,,,,,,,,,,,,,,,,,,,,,,,,,,
54902,20211114,-93.29,41.56,,,,,,,,,,,,,,,,,,,,,,,,,,,,
54902,20211115,-93.29,41.56,,,,,,,,,,,,,,,,,,,,,,,,,,,,
54902,20211116,-93.29,41.56,,,,,,,,,,,,,,,,,,,,,,,,,,,,
54902,20211117,-93.29,41.56,,,,,,,,,,,,,,,,,,,,,,,,,,,,
54902,20211118,-93.29,41.56,,,,,,,,,,,,,,,,,,,,,,,,,,,,
54902,20211119,-93.29,41.56,,,,,,,,,,,,,,,,,,,,,,,,,,,,
54902,20211120,-93.29,41.56,,,,,,,,,,,,,,,,,,,,,,,,,,,,
54902,20211121,-93.29,41.56,,,,,,,,,,,,,,,,,,,,,,,,,,,,
54902,20211122,-93.29,41.56,,,,,,,,,,,,,,,,,,,,,,,,,,,,
54902,20211123,-93.29,41.56,,,,,,,,,,,,,,,,,,,,,,,,,,,,
54902,20211124,-93.29,41.56,,,,,,,,,,,,,,,,,,,,,,,,,,,,
54902,20211125,-93.29,41.56,,,,,,,,,,,,,,,,,,,,,,,,,,,,
54902,20211126,-93.29,41.56,,,,,,,,,,,,,,,,,,,,,,,,,,,,
54902,20211127,-93.29,41.56,,,,,,,,,,,,,,,,,,,,,,,,,,,,
54902,20211128,-93.29,41.56,,,,,,,,,,,,,,,,,,,,,,,,,,,,
54902,20211129,-93.29,41.56,,,,,,,,,,,,,,,,,,,,,,,,,,,,
54902,20211130,-93.29,41.56,,,,,,,,,,,,,,,,,,,,,,,,,,,,
54902,20211201,-93.29,41.56,,,,,,,,,,,,,,,,,,,,,,,,,,,,
54902,20211202,-93.29,41.56,,,,,,,,,,,,,,,,,,,,,,,,,,,,
54902,20211203,-93.29,41.56,,,,,,,,,,,,,,,,,,,,,,,,,,,,
54902,20211204,-93.29,41.56,,,,,,,,,,,,,,,,,,,,,,,,,,,,
54902,20211205,-93.29,41.56,,,,,,,,,,,,,,,,,,,,,,,,,,,,
54902,20211206,-93.29,41.56,,,,,,,,,,,,,,,,,,,,,,,,,,,,
54902,20211207,-93.29,41.56,,,,,,,,,,,,,,,,,,,,,,,,,,,,
54902,20211208,-93.29,41.56,,,,,,,,,,,,,,,,,,,,,,,,,,,,
54902,20211209,-93.29,41.56,,,,,,,,,,,,,,,,,,,,,,,,,,,,
54902,20211210,-93.29,41.56,,,,,,,,,,,,,,,,,,,,,,,,,,,,
54902,20211211,-93.29,41.56,,,,,,,,,,,,,,,,,,,,,,,,,,,,
54902,20211212,-93.29,41.56,,,,,,,,,,,,,,,,,,,,,,,,,,,,
54902,20211213,-93.29,41.56,,,,,,,,,,,,,,,,,,,,,,,,,,,,
54902,20211214,-93.29,41.56,,,,,,,,,,,,,,,,,,,,,,,,,,,,
54902,20211215,-93.29,41.56,,,,,,,,,,,,,,,,,,,,,,,,,,,,
54902,20211216,-93.29,41.56,,,,,,,,,,,,,,,,,,,,,,,,,,,,
54902,20211217,-93.29,41.56,,,,,,,,,,,,,,,,,,,,,,,,,,,,
54902,20211218,-93.29,41.56,,,,,,,,,,,,,,,,,,,,,,,,,,,,
54902,20211219,-93.29,41.56,,,,,,,,,,,,,,,,,,,,,,,,,,,,
54902,20211220,-93.29,41.56,,,,,,,,,,,,,,,,,,,,,,,,,,,,
54902,20211221,-93.29,41.56,,,,,,,,,,,,,,,,,,,,,,,,,,,,
54902,20211222,-93.29,41.56,,,,,,,,,,,,,,,,,,,,,,,,,,,,
54902,20211223,-93.29,41.56,,,,,,,,,,,,,,,,,,,,,,,,,,,,
54902,20211224,-93.29,41.56,,,,,,,,,,,,,,,,,,,,,,,,,,,,
54902,20211225,-93.29,41.56,,,,,,,,,,,,,,,,,,,,,,,,,,,,
54902,20211226,-93.29,41.56,,,,,,,,,,,,,,,,,,,,,,,,,,,,
54902,20211227,-93.29,41.56,,,,,,,,,,,,,,,,,,,,,,,,,,,,
54902,20211228,-93.29,41.56,,,,,,,,,,,,,,,,,,,,,,,,,,,,
54902,20211229,-93.29,41.56,,,,,,,,,,,,,,,,,,,,,,,,,,,,
54902,20211230,-93.29,41.56,,,,,,,,,,,,,,,,,,,,,,,,,,,,
54902,20211231,-93.29,41.56,,,,,,,,,,,,,,,,,,,,,,,,,,,,
54902,20220101,-93.29,41.56,,,,,,,,,,,,,,,,,,,,,,,,,,,,
54902,20220102,-93.29,41.56,,,,,,,,,,,,,,,,,,,,,,,,,,,,
54902,20220103,-93.29,41.56,,,,,,,,,,,,,,,,,,,,,,,,,,,,
54902,20220104,-93.29,41.56,,,,,,,,,,,,,,,,,,,,,,,,,,,,
54902,20220105,-93.29,41.56,,,,,,,,,,,,,,,,,,,,,,,,,,,,
54902,20220106,-93.29,41.56,,,,,,,,,,,,,,,,,,,,,,,,,,,,
54902,20220107,-93.29,41.56,,,,,,,,,,,,,,,,,,,,,,,,,,,,
54902,20220108,-93.29,41.56,,,,,,,,,,,,,,,,,,,,,,,,,,,,
54902,20220109,-93.29,41.56,,,,,,,,,,,,,,,,,,,,,,,,,,,,
54902,20220110,-93.29,41.56,,,,,,,,,,,,,,,,,,,,,,,,,,,,
54902,20220111,-93.29,41.56,,,,,,,,,,,,,,,,,,,,,,,,,,,,
54902,20220112,-93.29,41.56,,,,,,,,,,,,,,,,,,,,,,,,,,,,
54902,20220113,-93.29,41.56,,,,,,,,,,,,,,,,,,,,,,,,,,,,
54902,20220114,-93.29,41.56,,,,,,,,,,,,,,,,,,,,,,,,,,,,
54902,20220115,-93.29,41.56,,,,,,,,,,,,,,,,,,,,,,,,,,,,
54902,20220116,-93.29,41.56,,,,,,,,,,,,,,,,,,,,,,,,,,,,
54902,20220117,-93.29,41.56,,,,,,,,,,,,,,,,,,,,,,,,,,,,
54902,20220118,-93.29,41.56,,,,,,,,,,,,,,,,,,,,,,,,,,,,
54902,20220119,-93.29,41.56,,,,,,,,,,,,,,,,,,,,,,,,,,,,
54902,20220120,-93.29,41.56,,,,,,,,,,,,,,,,,,,,,,,,,,,,
54902,20220121,-93.29,41.56,,,,,,,,,,,,,,,,,,,,,,,,,,,,
54902,20220122,-93.29,41.56,,,,,,,,,,,,,,,,,,,,,,,,,,,,
54902,20220123,-93.29,41.56,,,,,,,,,,,,,,,,,,,,,,,,,,,,
54902,20220124,-93.29,41.56,,,,,,,,,,,,,,,,,,,,,,,,,,,,
54902,20220125,-93.29,41.56,,,,,,,,,,,,,,,,,,,,,,,,,,,,
54902,20220126,-93.29,41.56,,,,,,,,,,,,,,,,,,,,,,,,,,,,
54902,20220127,-93.29,41.56,,,,,,,,,,,,,,,,,,,,,,,,,,,,
54902,20220128,-93.29,41.56,,,,,,,,,,,,,,,,,,,,,,,,,,,,
54902,20220129,-93.29,41.56,,,,,,,,,,,,,,,,,,,,,,,,,,,,
54902,20220130,-93.29,41.56,,,,,,,,,,,,,,,,,,,,,,,,,,,,
54902,20220131,-93.29,41.56,,,,,,,,,,,,,,,,,,,,,,,,,,,,
54902,20220201,-93.29,41.56,,,,,,,,,,,,,,,,,,,,,,,,,,,,
54902,20220202,-93.29,41.56,,,,,,,,,,,,,,,,,,,,,,,,,,,,
54902,20220203,-93.29,41.56,,,,,,,,,,,,,,,,,,,,,,,,,,,,
54902,20220204,-93.29,41.56,,,,,,,,,,,,,,,,,,,,,,,,,,,,
54902,20220205,-93.29,41.56,,,,,,,,,,,,,,,,,,,,,,,,,,,,
54902,20220206,-93.29,41.56,,,,,,,,,,,,,,,,,,,,,,,,,,,,
54902,20220207,-93.29,41.56,,,,,,,,,,,,,,,,,,,,,,,,,,,,
54902,20220208,-93.29,41.56,,,,,,,,,,,,,,,,,,,,,,,,,,,,
54902,20220209,-93.29,41.56,,,,,,,,,,,,,,,,,,,,,,,,,,,,
54902,20220210,-93.29,41.56,,,,,,,,,,,,,,,,,,,,,,,,,,,,
54902,20220211,-93.29,41.56,,,,,,,,,,,,,,,,,,,,,,,,,,,,
54902,20220212,-93.29,41.56,,,,,,,,,,,,,,,,,,,,,,,,,,,,
54902,20220213,-93.29,41.56,,,,,,,,,,,,,,,,,,,,,,,,,,,,
54902,20220214,-93.29,41.56,,,,,,,,,,,,,,,,,,,,,,,,,,,,
54902,20220215,-93.29,41.56,,,,,,,,,,,,,,,,,,,,,,,,,,,,
54902,20220216,-93.29,41.56,,,,,,,,,,,,,,,,,,,,,,,,,,,,
54902,20220217,-93.29,41.56,,,,,,,,,,,,,,,,,,,,,,,,,,,,
54902,20220218,-93.29,41.56,,,,,,,,,,,,,,,,,,,,,,,,,,,,
54902,20220219,-93.29,41.56,,,,,,,,,,,,,,,,,,,,,,,,,,,,
54902,20220220,-93.29,41.56,,,,,,,,,,,,,,,,,,,,,,,,,,,,
54902,20220221,-93.29,41.56,,,,,,,,,,,,,,,,,,,,,,,,,,,,
54902,20220222,-93.29,41.56,,,,,,,,,,,,,,,,,,,,,,,,,,,,
54902,20220223,-93.29,41.56,,,,,,,,,,,,,,,,,,,,,,,,,,,,
54902,20220224,-93.29,41.56,,,,,,,,,,,,,,,,,,,,,,,,,,,,
54902,20220225,-93.29,41.56,,,,,,,,,,,,,,,,,,,,,,,,,,,,
54902,20220226,-93.29,41.56,,,,,,,,,,,,,,,,,,,,,,,,,,,,
54902,20220227,-93.29,41.56,,,,,,,,,,,,,,,,,,,,,,,,,,,,
54902,20220228,-93.29,41.56,,,,,,,,,,,,,,,,,,,,,,,,,,,,
54902,20220301,-93.29,41.56,,,,,,,,,,,,,,,,,,,,,,,,,,,,
54902,20220302,-93.29,41.56,,,,,,,,,,,,,,,,,,,,,,,,,,,,
54902,20220303,-93.29,41.56,,,,,,,,,,,,,,,,,,,,,,,,,,,,
54902,20220304,-93.29,41.56,,,,,,,,,,,,,,,,,,,,,,,,,,,,
54902,20220305,-93.29,41.56,,,,,,,,,,,,,,,,,,,,,,,,,,,,
54902,20220306,-93.29,41.56,,,,,,,,,,,,,,,,,,,,,,,,,,,,
54902,20220307,-93.29,41.56,,,,,,,,,,,,,,,,,,,,,,,,,,,,
54902,20220308,-93.29,41.56,,,,,,,,,,,,,,,,,,,,,,,,,,,,
54902,20220309,-93.29,41.56,,,,,,,,,,,,,,,,,,,,,,,,,,,,
54902,20220310,-93.29,41.56,,,,,,,,,,,,,,,,,,,,,,,,,,,,
54902,20220311,-93.29,41.56,,,,,,,,,,,,,,,,,,,,,,,,,,,,
54902,20220312,-93.29,41.56,,,,,,,,,,,,,,,,,,,,,,,,,,,,
54902,20220313,-93.29,41.56,,,,,,,,,,,,,,,,,,,,,,,,,,,,
54902,20220314,-93.29,41.56,,,,,,,,,,,,,,,,,,,,,,,,,,,,
54902,20220315,-93.29,41.56,,,,,,,,,,,,,,,,,,,,,,,,,,,,
54902,20220316,-93.29,41.56,,,,,,,,,,,,,,,,,,,,,,,,,,,,
54902,20220317,-93.29,41.56,,,,,,,,,,,,,,,,,,,,,,,,,,,,
54902,20220318,-93.29,41.56,,,,,,,,,,,,,,,,,,,,,,,,,,,,
54902,20220319,-93.29,41.56,,,,,,,,,,,,,,,,,,,,,,,,,,,,
54902,20220320,-93.29,41.56,,,,,,,,,,,,,,,,,,,,,,,,,,,,
54902,20220321,-93.29,41.56,,,,,,,,,,,,,,,,,,,,,,,,,,,,
54902,20220322,-93.29,41.56,,,,,,,,,,,,,,,,,,,,,,,,,,,,
54902,20220323,-93.29,41.56,,,,,,,,,,,,,,,,,,,,,,,,,,,,
54902,20220324,-93.29,41.56,,,,,,,,,,,,,,,,,,,,,,,,,,,,
54902,20220325,-93.29,41.56,,,,,,,,,,,,,,,,,,,,,,,,,,,,
54902,20220326,-93.29,41.56,,,,,,,,,,,,,,,,,,,,,,,,,,,,
54902,20220327,-93.29,41.56,,,,,,,,,,,,,,,,,,,,,,,,,,,,
54902,20220328,-93.29,41.56,,,,,,,,,,,,,,,,,,,,,,,,,,,,
54902,20220329,-93.29,41.56,,,,,,,,,,,,,,,,,,,,,,,,,,,,
54902,20220330,-93.29,41.56,,,,,,,,,,,,,,,,,,,,,,,,,,,,
54902,20220331,-93.29,41.56,,,,,,,,,,,,,,,,,,,,,,,,,,,,
54902,20220401,-93.29,41.56,,,,,,,,,,,,,,,,,,,,,,,,,,,,
54902,20220402,-93.29,41.56,,,,,,,,,,,,,,,,,,,,,,,,,,,,
54902,20220403,-93.29,41.56,,,,,,,,,,,,,,,,,,,,,,,,,,,,
54902,20220404,-93.29,41.56,,,,,,,,,,,,,,,,,,,,,,,,,,,,
54902,20220405,-93.29,41.56,,,,,,,,,,,,,,,,,,,,,,,,,,,,
54902,20220406,-93.29,41.56,,,,,,,,,,,,,,,,,,,,,,,,,,,,
54902,20220407,-93.29,41.56,,,,,,,,,,,,,,,,,,,,,,,,,,,,
54902,20220408,-93.29,41.56,,,,,,,,,,,,,,,,,,,,,,,,,,,,
54902,20220409,-93.29,41.56,,,,,,,,,,,,,,,,,,,,,,,,,,,,
54902,20220410,-93.29,41.56,,,,,,,,,,,,,,,,,,,,,,,,,,,,
54902,20220411,-93.29,41.56,,,,,,,,,,,,,,,,,,,,,,,,,,,,
54902,20220412,-93.29,41.56,,,,,,,,,,,,,,,,,,,,,,,,,,,,
54902,20220413,-93.29,41.56,,,,,,,,,,,,,,,,,,,,,,,,,,,,
54902,20220414,-93.29,41.56,,,,,,,,,,,,,,,,,,,,,,,,,,,,
54902,20220415,-93.29,41.56,,,,,,,,,,,,,,,,,,,,,,,,,,,,
54902,20220416,-93.29,41.56,,,,,,,,,,,,,,,,,,,,,,,,,,,,
54902,20220417,-93.29,41.56,,,,,,,,,,,,,,,,,,,,,,,,,,,,
54902,20220418,-93.29,41.56,,,,,,,,,,,,,,,,,,,,,,,,,,,,
54902,20220419,-93.29,41.56,,,,,,,,,,,,,,,,,,,,,,,,,,,,
54902,20220420,-93.29,41.56,,,,,,,,,,,,,,,,,,,,,,,,,,,,
54902,20220421,-93.29,41.56,,,,,,,,,,,,,,,,,,,,,,,,,,,,
54902,20220422,-93.29,41.56,,,,,,,,,,,,,,,,,,,,,,,,,,,,
54902,20220423,-93.29,41.56,,,,,,,,,,,,,,,,,,,,,,,,,,,,
54902,20220424,-93.29,41.56,,,,,,,,,,,,,,,,,,,,,,,,,,,,
54902,20220425,-93.29,41.56,,,,,,,,,,,,,,,,,,,,,,,,,,,,
54902,20220426,-93.29,41.56,,,,,,,,,,,,,,,,,,,,,,,,,,,,
54902,20220427,-93.29,41.56,,,,,,,,,,,,,,,,,,,,,,,,,,,,
54902,20220428,-93.29,41.56,,,,,,,,,,,,,,,,,,,,,,,,,,,,
54902,20220429,-93.29,41.56,,,,,,,,,,,,,,,,,,,,,,,,,,,,
54902,20220430,-93.29,41.56,,,,,,,,,,,,,,,,,,,,,,,,,,,,
54902,20220501,-93.29,41.56,,,,,,,,,,,,,,,,,,,,,,,,,,,,
54902,20220502,-93.29,41.56,,,,,,,,,,,,,,,,,,,,,,,,,,,,
54902,20220503,-93.29,41.56,,,,,,,,,,,,,,,,,,,,,,,,,,,,
54902,20220504,-93.29,41.56,,,,,,,,,,,,,,,,,,,,,,,,,,,,
54902,20220505,-93.29,41.56,,,,,,,,,,,,,,,,,,,,,,,,,,,,
54902,20220506,-93.29,41.56,,,,,,,,,,,,,,,,,,,,,,,,,,,,
54902,20220507,-93.29,41.56,,,,,,,,,,,,,,,,,,,,,,,,,,,,
54902,20220508,-93.29,41.56,,,,,,,,,,,,,,,,,,,,,,,,,,,,
54902,20220509,-93.29,41.56,,,,,,,,,,,,,,,,,,,,,,,,,,,,
54902,20220510,-93.29,41.56,,,,,,,,,,,,,,,,,,,,,,,,,,,,
54902,20220511,-93.29,41.56,,,,,,,,,,,,,,,,,,,,,,,,,,,,
54902,20220512,-93.29,41.56,,,,,,,,,,,,,,,,,,,,,,,,,,,,
54902,20220513,-93.29,41.56,,,,,,,,,,,,,,,,,,,,,,,,,,,,
54902,20220514,-93.29,41.56,,,,,,,,,,,,,,,,,,,,,,,,,,,,
54902,20220515,-93.29,41.56,,,,,,,,,,,,,,,,,,,,,,,,,,,,
54902,20220516,-93.29,41.56,,,,,,,,,,,,,,,,,,,,,,,,,,,,
54902,20220517,-93.29,41.56,,,,,,,,,,,,,,,,,,,,,,,,,,,,
54902,20220518,-93.29,41.56,,,,,,,,,,,,,,,,,,,,,,,,,,,,
54902,20220519,-93.29,41.56,,,,,,,,,,,,,,,,,,,,,,,,,,,,
54902,20220520,-93.29,41.56,,,,,,,,,,,,,,,,,,,,,,,,,,,,
54902,20220521,-93.29,41.56,,,,,,,,,,,,,,,,,,,,,,,,,,,,
54902,20220522,-93.29,41.56,,,,,,,,,,,,,,,,,,,,,,,,,,,,
54902,20220523,-93.29,41.56,,,,,,,,,,,,,,,,,,,,,,,,,,,,
54902,20220524,-93.29,41.56,,,,,,,,,,,,,,,,,,,,,,,,,,,,
54902,20220525,-93.29,41.56,,,,,,,,,,,,,,,,,,,,,,,,,,,,
54902,20220526,-93.29,41.56,,,,,,,,,,,,,,,,,,,,,,,,,,,,
54902,20220527,-93.29,41.56,,,,,,,,,,,,,,,,,,,,,,,,,,,,
54902,20220528,-93.29,41.56,,,,,,,,,,,,,,,,,,,,,,,,,,,,
54902,20220529,-93.29,41.56,,,,,,,,,,,,,,,,,,,,,,,,,,,,
54902,20220530,-93.29,41.56,,,,,,,,,,,,,,,,,,,,,,,,,,,,
54902,20220531,-93.29,41.56,,,,,,,,,,,,,,,,,,,,,,,,,,,,
54902,20220601,-93.29,41.56,,,,,,,,,,,,,,,,,,,,,,,,,,,,
54902,20220602,-93.29,41.56,,,,,,,,,,,,,,,,,,,,,,,,,,,,
54902,20220603,-93.29,41.56,,,,,,,,,,,,,,,,,,,,,,,,,,,,
54902,20220604,-93.29,41.56,,,,,,,,,,,,,,,,,,,,,,,,,,,,
54902,20220605,-93.29,41.56,,,,,,,,,,,,,,,,,,,,,,,,,,,,
54902,20220606,-93.29,41.56,,,,,,,,,,,,,,,,,,,,,,,,,,,,
54902,20220607,-93.29,41.56,,,,,,,,,,,,,,,,,,,,,,,,,,,,
54902,20220608,-93.29,41.56,,,,,,,,,,,,,,,,,,,,,,,,,,,,
54902,20220609,-93.29,41.56,,,,,,,,,,,,,,,,,,,,,,,,,,,,
54902,20220610,-93.29,41.56,,,,,,,,,,,,,,,,,,,,,,,,,,,,
54902,20220611,-93.29,41.56,,,,,,,,,,,,,,,,,,,,,,,,,,,,
54902,20220612,-93.29,41.56,,,,,,,,,,,,,,,,,,,,,,,,,,,,
54902,20220613,-93.29,41.56,,,,,,,,,,,,,,,,,,,,,,,,,,,,
54902,20220614,-93.29,41.56,,,,,,,,,,,,,,,,,,,,,,,,,,,,
54902,20220615,-93.29,41.56,,,,,,,,,,,,,,,,,,,,,,,,,,,,
54902,20220616,-93.29,41.56,,,,,,,,,,,,,,,,,,,,,,,,,,,,
54902,20220617,-93.29,41.56,,,,,,,,,,,,,,,,,,,,,,,,,,,,
54902,20220618,-93.29,41.56,,,,,,,,,,,,,,,,,,,,,,,,,,,,
54902,20220619,-93.29,41.56,,,,,,,,,,,,,,,,,,,,,,,,,,,,
54902,20220620,-93.29,41.56,,,,,,,,,,,,,,,,,,,,,,,,,,,,
54902,20220621,-93.29,41.56,,,,,,,,,,,,,,,,,,,,,,,,,,,,
54902,20220622,-93.29,41.56,,,,,,,,,,,,,,,,,,,,,,,,,,,,
54902,20220623,-93.29,41.56,,,,,,,,,,,,,,,,,,,,,,,,,,,,
54902,20220624,-93.29,41.56,,,,,,,,,,,,,,,,,,,,,,,,,,,,
54902,20220625,-93.29,41.56,,,,,,,,,,,,,,,,,,,,,,,,,,,,
54902,20220626,-93.29,41.56,,,,,,,,,,,,,,,,,,,,,,,,,,,,
54902,20220627,-93.29,41.56,,,,,,,,,,,,,,,,,,,,,,,,,,,,
54902,20220628,-93.29,41.56,,,,,,,,,,,,,,,,,,,,,,,,,,,,
54902,20220629,-93.29,41.56,,,,,,,,,,,,,,,,,,,,,,,,,,,,
54902,20220630,-93.29,41.56,,,,,,,,,,,,,,,,,,,,,,,,,,,,
54902,20220701,-93.29,41.56,,,,,,,,,,,,,,,,,,,,,,,,,,,,
54902,20220702,-93.29,41.56,,,,,,,,,,,,,,,,,,,,,,,,,,,,
54902,20220703,-93.29,41.56,,,,,,,,,,,,,,,,,,,,,,,,,,,,
54902,20220704,-93.29,41.56,,,,,,,,,,,,,,,,,,,,,,,,,,,,
54902,20220705,-93.29,41.56,,,,,,,,,,,,,,,,,,,,,,,,,,,,
54902,20220706,-93.29,41.56,,,,,,,,,,,,,,,,,,,,,,,,,,,,
54902,20220707,-93.29,41.56,,,,,,,,,,,,,,,,,,,,,,,,,,,,
54902,20220708,-93.29,41.56,,,,,,,,,,,,,,,,,,,,,,,,,,,,
54902,20220709,-93.29,41.56,,,,,,,,,,,,,,,,,,,,,,,,,,,,
54902,20220710,-93.29,41.56,,,,,,,,,,,,,,,,,,,,,,,,,,,,
54902,20220711,-93.29,41.56,,,,,,,,,,,,,,,,,,,,,,,,,,,,
54902,20220712,-93.29,41.56,,,,,,,,,,,,,,,,,,,,,,,,,,,,
54902,20220713,-93.29,41.56,,,,,,,,,,,,,,,,,,,,,,,,,,,,
54902,20220714,-93.29,41.56,,,,,,,,,,,,,,,,,,,,,,,,,,,,
54902,20220715,-93.29,41.56,,,,,,,,,,,,,,,,,,,,,,,,,,,,
54902,20220716,-93.29,41.56,,,,,,,,,,,,,,,,,,,,,,,,,,,,
54902,20220717,-93.29,41.56,,,,,,,,,,,,,,,,,,,,,,,,,,,,
54902,20220718,-93.29,41.56,,,,,,,,,,,,,,,,,,,,,,,,,,,,
54902,20220719,-93.29,41.56,,,,,,,,,,,,,,,,,,,,,,,,,,,,
54902,20220720,-93.29,41.56,,,,,,,,,,,,,,,,,,,,,,,,,,,,
54902,20220721,-93.29,41.56,,,,,,,,,,,,,,,,,,,,,,,,,,,,
54902,20220722,-93.29,41.56,,,,,,,,,,,,,,,,,,,,,,,,,,,,
54902,20220723,-93.29,41.56,,,,,,,,,,,,,,,,,,,,,,,,,,,,
54902,20220724,-93.29,41.56,,,,,,,,,,,,,,,,,,,,,,,,,,,,
54902,20220725,-93.29,41.56,,,,,,,,,,,,,,,,,,,,,,,,,,,,
54902,20220726,-93.29,41.56,,,,,,,,,,,,,,,,,,,,,,,,,,,,
54902,20220727,-93.29,41.56,,,,,,,,,,,,,,,,,,,,,,,,,,,,
54902,20220728,-93.29,41.56,,,,,,,,,,,,,,,,,,,,,,,,,,,,
54902,20220729,-93.29,41.56,,,,,,,,,,,,,,,,,,,,,,,,,,,,
54902,20220730,-93.29,41.56,,,,,,,,,,,,,,,,,,,,,,,,,,,,
54902,20220731,-93.29,41.56,,,,,,,,,,,,,,,,,,,,,,,,,,,,
54902,20220801,-93.29,41.56,,,,,,,,,,,,,,,,,,,,,,,,,,,,
54902,20220802,-93.29,41.56,,,,,,,,,,,,,,,,,,,,,,,,,,,,
54902,20220803,-93.29,41.56,,,,,,,,,,,,,,,,,,,,,,,,,,,,
54902,20220804,-93.29,41.56,,,,,,,,,,,,,,,,,,,,,,,,,,,,
54902,20220805,-93.29,41.56,,,,,,,,,,,,,,,,,,,,,,,,,,,,
54902,20220806,-93.29,41.56,,,,,,,,,,,,,,,,,,,,,,,,,,,,
54902,20220807,-93.29,41.56,,,,,,,,,,,,,,,,,,,,,,,,,,,,
54902,20220808,-93.29,41.56,,,,,,,,,,,,,,,,,,,,,,,,,,,,
54902,20220809,-93.29,41.56,,,,,,,,,,,,,,,,,,,,,,,,,,,,
54902,20220810,-93.29,41.56,,,,,,,,,,,,,,,,,,,,,,,,,,,,
54902,20220811,-93.29,41.56,,,,,,,,,,,,,,,,,,,,,,,,,,,,
54902,20220812,-93.29,41.56,,,,,,,,,,,,,,,,,,,,,,,,,,,,
54902,20220813,-93.29,41.56,,,,,,,,,,,,,,,,,,,,,,,,,,,,
54902,20220814,-93.29,41.56,,,,,,,,,,,,,,,,,,,,,,,,,,,,
54902,20220815,-93.29,41.56,,,,,,,,,,,,,,,,,,,,,,,,,,,,
54902,20220816,-93.29,41.56,,,,,,,,,,,,,,,,,,,,,,,,,,,,
54902,20220817,-93.29,41.56,,,,,,,,,,,,,,,,,,,,,,,,,,,,
54902,20220818,-93.29,41.56,,,,,,,,,,,,,,,,,,,,,,,,,,,,
54902,20220819,-93.29,41.56,,,,,,,,,,,,,,,,,,,,,,,,,,,,
54902,20220820,-93.29,41.56,,,,,,,,,,,,,,,,,,,,,,,,,,,,
54902,20220821,-93.29,41.56,,,,,,,,,,,,,,,,,,,,,,,,,,,,
54902,20220822,-93.29,41.56,,,,,,,,,,,,,,,,,,,,,,,,,,,,
54902,20220823,-93.29,41.56,,,,,,,,,,,,,,,,,,,,,,,,,,,,
54902,20220824,-93.29,41.56,,,,,,,,,,,,,,,,,,,,,,,,,,,,
54902,20220825,-93.29,41.56,,,,,,,,,,,,,,,,,,,,,,,,,,,,
54902,20220826,-93.29,41.56,,,,,,,,,,,,,,,,,,,,,,,,,,,,
54902,20220827,-93.29,41.56,,,,,,,,,,,,,,,,,,,,,,,,,,,,
54902,20220828,-93.29,41.56,,,,,,,,,,,,,,,,,,,,,,,,,,,,
54902,20220829,-93.29,41.56,,,,,,,,,,,,,,,,,,,,,,,,,,,,
54902,20220830,-93.29,41.56,,,,,,,,,,,,,,,,,,,,,,,,,,,,
54902,20220831,-93.29,41.56,,,,,,,,,,,,,,,,,,,,,,,,,,,,
54902,20220901,-93.29,41.56,,,,,,,,,,,,,,,,,,,,,,,,,,,,
54902,20220902,-93.29,41.56,,,,,,,,,,,,,,,,,,,,,,,,,,,,
54902,20220903,-93.29,41.56,,,,,,,,,,,,,,,,,,,,,,,,,,,,
54902,20220904,-93.29,41.56,,,,,,,,,,,,,,,,,,,,,,,,,,,,
54902,20220905,-93.29,41.56,,,,,,,,,,,,,,,,,,,,,,,,,,,,
54902,20220906,-93.29,41.56,,,,,,,,,,,,,,,,,,,,,,,,,,,,
54902,20220907,-93.29,41.56,,,,,,,,,,,,,,,,,,,,,,,,,,,,
54902,20220908,-93.29,41.56,,,,,,,,,,,,,,,,,,,,,,,,,,,,
54902,20220909,-93.29,41.56,,,,,,,,,,,,,,,,,,,,,,,,,,,,
54902,20220910,-93.29,41.56,,,,,,,,,,,,,,,,,,,,,,,,,,,,
54902,20220911,-93.29,41.56,,,,,,,,,,,,,,,,,,,,,,,,,,,,
54902,20220912,-93.29,41.56,,,,,,,,,,,,,,,,,,,,,,,,,,,,
54902,20220913,-93.29,41.56,,,,,,,,,,,,,,,,,,,,,,,,,,,,
54902,20220914,-93.29,41.56,,,,,,,,,,,,,,,,,,,,,,,,,,,,
54902,20220915,-93.29,41.56,,,,,,,,,,,,,,,,,,,,,,,,,,,,
54902,20220916,-93.29,41.56,,,,,,,,,,,,,,,,,,,,,,,,,,,,
54902,20220917,-93.29,41.56,,,,,,,,,,,,,,,,,,,,,,,,,,,,
54902,20220918,-93.29,41.56,,,,,,,,,,,,,,,,,,,,,,,,,,,,
54902,20220919,-93.29,41.56,,,,,,,,,,,,,,,,,,,,,,,,,,,,
54902,20220920,-93.29,41.56,,,,,,,,,,,,,,,,,,,,,,,,,,,,
54902,20220921,-93.29,41.56,,,,,,,,,,,,,,,,,,,,,,,,,,,,
54902,20220922,-93.29,41.56,,,,,,,,,,,,,,,,,,,,,,,,,,,,
54902,20220923,-93.29,41.56,,,,,,,,,,,,,,,,,,,,,,,,,,,,
54902,20220924,-93.29,41.56,,,,,,,,,,,,,,,,,,,,,,,,,,,,
54902,20220925,-93.29,41.56,,,,,,,,,,,,,,,,,,,,,,,,,,,,
54902,20220926,-93.29,41.56,,,,,,,,,,,,,,,,,,,,,,,,,,,,
54902,20220927,-93.29,41.56,,,,,,,,,,,,,,,,,,,,,,,,,,,,
54902,20220928,-93.29,41.56,,,,,,,,,,,,,,,,,,,,,,,,,,,,
54902,20220929,-93.29,41.56,,,,,,,,,,,,,,,,,,,,,,,,,,,,
54902,20220930,-93.29,41.56,,,,,,,,,,,,,,,,,,,,,,,,,,,,
54902,20221001,-93.29,41.56,,,,,,,,,,,,,,,,,,,,,,,,,,,,
54902,20221002,-93.29,41.56,,,,,,,,,,,,,,,,,,,,,,,,,,,,
54902,20221003,-93.29,41.56,,,,,,,,,,,,,,,,,,,,,,,,,,,,
54902,20221004,-93.29,41.56,,,,,,,,,,,,,,,,,,,,,,,,,,,,
54902,20221005,-93.29,41.56,,,,,,,,,,,,,,,,,,,,,,,,,,,,
54902,20221006,-93.29,41.56,,,,,,,,,,,,,,,,,,,,,,,,,,,,
54902,20221007,-93.29,41.56,,,,,,,,,,,,,,,,,,,,,,,,,,,,
54902,20221008,-93.29,41.56,,,,,,,,,,,,,,,,,,,,,,,,,,,,
54902,20221009,-93.29,41.56,,,,,,,,,,,,,,,,,,,,,,,,,,,,
54902,20221010,-93.29,41.56,,,,,,,,,,,,,,,,,,,,,,,,,,,,
54902,20221011,-93.29,41.56,,,,,,,,,,,,,,,,,,,,,,,,,,,,
54902,20221012,-93.29,41.56,,,,,,,,,,,,,,,,,,,,,,,,,,,,
54902,20221013,-93.29,41.56,,,,,,,,,,,,,,,,,,,,,,,,,,,,
54902,20221014,-93.29,41.56,,,,,,,,,,,,,,,,,,,,,,,,,,,,
54902,20221015,-93.29,41.56,,,,,,,,,,,,,,,,,,,,,,,,,,,,
54902,20221016,-93.29,41.56,,,,,,,,,,,,,,,,,,,,,,,,,,,,
54902,20221017,-93.29,41.56,,,,,,,,,,,,,,,,,,,,,,,,,,,,
54902,20221018,-93.29,41.56,,,,,,,,,,,,,,,,,,,,,,,,,,,,
54902,20221019,-93.29,41.56,,,,,,,,,,,,,,,,,,,,,,,,,,,,
54902,20221020,-93.29,41.56,,,,,,,,,,,,,,,,,,,,,,,,,,,,
54902,20221021,-93.29,41.56,,,,,,,,,,,,,,,,,,,,,,,,,,,,
54902,20221022,-93.29,41.56,,,,,,,,,,,,,,,,,,,,,,,,,,,,
54902,20221023,-93.29,41.56,,,,,,,,,,,,,,,,,,,,,,,,,,,,
54902,20221024,-93.29,41.56,,,,,,,,,,,,,,,,,,,,,,,,,,,,
54902,20221025,-93.29,41.56,,,,,,,,,,,,,,,,,,,,,,,,,,,,
54902,20221026,-93.29,41.56,,,,,,,,,,,,,,,,,,,,,,,,,,,,
54902,20221027,-93.29,41.56,,,,,,,,,,,,,,,,,,,,,,,,,,,,
54902,20221028,-93.29,41.56,,,,,,,,,,,,,,,,,,,,,,,,,,,,
54902,20221029,-93.29,41.56,,,,,,,,,,,,,,,,,,,,,,,,,,,,
54902,20221030,-93.29,41.56,,,,,,,,,,,,,,,,,,,,,,,,,,,,
54902,20221031,-93.29,41.56,,,,,,,,,,,,,,,,,,,,,,,,,,,,
54902,20221101,-93.29,41.56,,,,,,,,,,,,,,,,,,,,,,,,,,,,
54902,20221102,-93.29,41.56,,,,,,,,,,,,,,,,,,,,,,,,,,,,
54902,20221103,-93.29,41.56,,,,,,,,,,,,,,,,,,,,,,,,,,,,
54902,20221104,-93.29,41.56,,,,,,,,,,,,,,,,,,,,,,,,,,,,
54902,20221105,-93.29,41.56,,,,,,,,,,,,,,,,,,,,,,,,,,,,
54902,20221106,-93.29,41.56,,,,,,,,,,,,,,,,,,,,,,,,,,,,
54902,20221107,-93.29,41.56,,,,,,,,,,,,,,,,,,,,,,,,,,,,
54902,20221108,-93.29,41.56,,,,,,,,,,,,,,,,,,,,,,,,,,,,
54902,20221109,-93.29,41.56,,,,,,,,,,,,,,,,,,,,,,,,,,,,
54902,20221110,-93.29,41.56,,,,,,,,,,,,,,,,,,,,,,,,,,,,
54902,20221111,-93.29,41.56,,,,,,,,,,,,,,,,,,,,,,,,,,,,
54902,20221112,-93.29,41.56,,,,,,,,,,,,,,,,,,,,,,,,,,,,
54902,20221113,-93.29,41.56,,,,,,,,,,,,,,,,,,,,,,,,,,,,
54902,20221114,-93.29,41.56,,,,,,,,,,,,,,,,,,,,,,,,,,,,
54902,20221115,-93.29,41.56,,,,,,,,,,,,,,,,,,,,,,,,,,,,
54902,20221116,-93.29,41.56,,,,,,,,,,,,,,,,,,,,,,,,,,,,
54902,20221117,-93.29,41.56,,,,,,,,,,,,,,,,,,,,,,,,,,,,
54902,20221118,-93.29,41.56,,,,,,,,,,,,,,,,,,,,,,,,,,,,
54902,20221119,-93.29,41.56,,,,,,,,,,,,,,,,,,,,,,,,,,,,
54902,20221120,-93.29,41.56,,,,,,,,,,,,,,,,,,,,,,,,,,,,
54902,20221121,-93.29,41.56,,,,,,,,,,,,,,,,,,,,,,,,,,,,
54902,20221122,-93.29,41.56,,,,,,,,,,,,,,,,,,,,,,,,,,,,
54902,20221123,-93.29,41.56,,,,,,,,,,,,,,,,,,,,,,,,,,,,
54902,20221124,-93.29,41.56,,,,,,,,,,,,,,,,,,,,,,,,,,,,
54902,20221125,-93.29,41.56,,,,,,,,,,,,,,,,,,,,,,,,,,,,
54902,20221126,-93.29,41.56,,,,,,,,,,,,,,,,,,,,,,,,,,,,
54902,20221127,-93.29,41.56,,,,,,,,,,,,,,,,,,,,,,,,,,,,
54902,20221128,-93.29,41.56,,,,,,,,,,,,,,,,,,,,,,,,,,,,
54902,20221129,-93.29,41.56,,,,,,,,,,,,,,,,,,,,,,,,,,,,
54902,20221130,-93.29,41.56,,,,,,,,,,,,,,,,,,,,,,,,,,,,
54902,20221201,-93.29,41.56,,,,,,,,,,,,,,,,,,,,,,,,,,,,
54902,20221202,-93.29,41.56,,,,,,,,,,,,,,,,,,,,,,,,,,,,
54902,20221203,-93.29,41.56,,,,,,,,,,,,,,,,,,,,,,,,,,,,
54902,20221204,-93.29,41.56,,,,,,,,,,,,,,,,,,,,,,,,,,,,
54902,20221205,-93.29,41.56,,,,,,,,,,,,,,,,,,,,,,,,,,,,
54902,20221206,-93.29,41.56,,,,,,,,,,,,,,,,,,,,,,,,,,,,
54902,20221207,-93.29,41.56,,,,,,,,,,,,,,,,,,,,,,,,,,,,
54902,20221208,-93.29,41.56,,,,,,,,,,,,,,,,,,,,,,,,,,,,
54902,20221209,-93.29,41.56,,,,,,,,,,,,,,,,,,,,,,,,,,,,
54902,20221210,-93.29,41.56,,,,,,,,,,,,,,,,,,,,,,,,,,,,
54902,20221211,-93.29,41.56,,,,,,,,,,,,,,,,,,,,,,,,,,,,
54902,20221212,-93.29,41.56,,,,,,,,,,,,,,,,,,,,,,,,,,,,
54902,20221213,-93.29,41.56,,,,,,,,,,,,,,,,,,,,,,,,,,,,
54902,20221214,-93.29,41.56,,,,,,,,,,,,,,,,,,,,,,,,,,,,
54902,20221215,-93.29,41.56,,,,,,,,,,,,,,,,,,,,,,,,,,,,
54902,20221216,-93.29,41.56,,,,,,,,,,,,,,,,,,,,,,,,,,,,
54902,20221217,-93.29,41.56,,,,,,,,,,,,,,,,,,,,,,,,,,,,
54902,20221218,-93.29,41.56,,,,,,,,,,,,,,,,,,,,,,,,,,,,
54902,20221219,-93.29,41.56,,,,,,,,,,,,,,,,,,,,,,,,,,,,
54902,20221220,-93.29,41.56,,,,,,,,,,,,,,,,,,,,,,,,,,,,
54902,20221221,-93.29,41.56,,,,,,,,,,,,,,,,,,,,,,,,,,,,
54902,20221222,-93.29,41.56,,,,,,,,,,,,,,,,,,,,,,,,,,,,
54902,20221223,-93.29,41.56,,,,,,,,,,,,,,,,,,,,,,,,,,,,
54902,20221224,-93.29,41.56,,,,,,,,,,,,,,,,,,,,,,,,,,,,
54902,20221225,-93.29,41.56,,,,,,,,,,,,,,,,,,,,,,,,,,,,
54902,20221226,-93.29,41.56,,,,,,,,,,,,,,,,,,,,,,,,,,,,
54902,20221227,-93.29,41.56,,,,,,,,,,,,,,,,,,,,,,,,,,,,
54902,20221228,-93.29,41.56,,,,,,,,,,,,,,,,,,,,,,,,,,,,
54902,20221229,-93.29,41.56,,,,,,,,,,,,,,,,,,,,,,,,,,,,
54902,20221230,-93.29,41.56,,,,,,,,,,,,,,,,,,,,,,,,,,,,
54902,20221231,-93.29,41.56,,,,,,,,,,,,,,,,,,,,,,,,,,,,
54902,20230101,-93.29,41.56,,,,,,,,,,,,,,,,,,,,,,,,,,,,
54902,20230102,-93.29,41.56,,,,,,,,,,,,,,,,,,,,,,,,,,,,
54902,20230103,-93.29,41.56,,,,,,,,,,,,,,,,,,,,,,,,,,,,
54902,20230104,-93.29,41.56,,,,,,,,,,,,,,,,,,,,,,,,,,,,
54902,20230105,-93.29,41.56,,,,,,,,,,,,,,,,,,,,,,,,,,,,
54902,20230106,-93.29,41.56,,,,,,,,,,,,,,,,,,,,,,,,,,,,
54902,20230107,-93.29,41.56,,,,,,,,,,,,,,,,,,,,,,,,,,,,
54902,20230108,-93.29,41.56,,,,,,,,,,,,,,,,,,,,,,,,,,,,
54902,20230109,-93.29,41.56,,,,,,,,,,,,,,,,,,,,,,,,,,,,
54902,20230110,-93.29,41.56,,,,,,,,,,,,,,,,,,,,,,,,,,,,
54902,20230111,-93.29,41.56,,,,,,,,,,,,,,,,,,,,,,,,,,,,
54902,20230112,-93.29,41.56,,,,,,,,,,,,,,,,,,,,,,,,,,,,
54902,20230113,-93.29,41.56,,,,,,,,,,,,,,,,,,,,,,,,,,,,
54902,20230114,-93.29,41.56,,,,,,,,,,,,,,,,,,,,,,,,,,,,
54902,20230115,-93.29,41.56,,,,,,,,,,,,,,,,,,,,,,,,,,,,
54902,20230116,-93.29,41.56,,,,,,,,,,,,,,,,,,,,,,,,,,,,
54902,20230117,-93.29,41.56,,,,,,,,,,,,,,,,,,,,,,,,,,,,
54902,20230118,-93.29,41.56,,,,,,,,,,,,,,,,,,,,,,,,,,,,
54902,20230119,-93.29,41.56,,,,,,,,,,,,,,,,,,,,,,,,,,,,
54902,20230120,-93.29,41.56,,,,,,,,,,,,,,,,,,,,,,,,,,,,
54902,20230121,-93.29,41.56,,,,,,,,,,,,,,,,,,,,,,,,,,,,
54902,20230122,-93.29,41.56,,,,,,,,,,,,,,,,,,,,,,,,,,,,
54902,20230123,-93.29,41.56,,,,,,,,,,,,,,,,,,,,,,,,,,,,
54902,20230124,-93.29,41.56,,,,,,,,,,,,,,,,,,,,,,,,,,,,
54902,20230125,-93.29,41.56,,,,,,,,,,,,,,,,,,,,,,,,,,,,
54902,20230126,-93.29,41.56,,,,,,,,,,,,,,,,,,,,,,,,,,,,
54902,20230127,-93.29,41.56,,,,,,,,,,,,,,,,,,,,,,,,,,,,
54902,20230128,-93.29,41.56,,,,,,,,,,,,,,,,,,,,,,,,,,,,
54902,20230129,-93.29,41.56,,,,,,,,,,,,,,,,,,,,,,,,,,,,
54902,20230130,-93.29,41.56,,,,,,,,,,,,,,,,,,,,,,,,,,,,
54902,20230131,-93.29,41.56,,,,,,,,,,,,,,,,,,,,,,,,,,,,
54902,20230201,-93.29,41.56,,,,,,,,,,,,,,,,,,,,,,,,,,,,
54902,20230202,-93.29,41.56,,,,,,,,,,,,,,,,,,,,,,,,,,,,
54902,20230203,-93.29,41.56,,,,,,,,,,,,,,,,,,,,,,,,,,,,
54902,20230204,-93.29,41.56,,,,,,,,,,,,,,,,,,,,,,,,,,,,
54902,20230205,-93.29,41.56,,,,,,,,,,,,,,,,,,,,,,,,,,,,
54902,20230206,-93.29,41.56,,,,,,,,,,,,,,,,,,,,,,,,,,,,
54902,20230207,-93.29,41.56,,,,,,,,,,,,,,,,,,,,,,,,,,,,
54902,20230208,-93.29,41.56,,,,,,,,,,,,,,,,,,,,,,,,,,,,
54902,20230209,-93.29,41.56,,,,,,,,,,,,,,,,,,,,,,,,,,,,
54902,20230210,-93.29,41.56,,,,,,,,,,,,,,,,,,,,,,,,,,,,
54902,20230211,-93.29,41.56,,,,,,,,,,,,,,,,,,,,,,,,,,,,
54902,20230212,-93.29,41.56,,,,,,,,,,,,,,,,,,,,,,,,,,,,
54902,20230213,-93.29,41.56,,,,,,,,,,,,,,,,,,,,,,,,,,,,
54902,20230214,-93.29,41.56,,,,,,,,,,,,,,,,,,,,,,,,,,,,
54902,20230215,-93.29,41.56,,,,,,,,,,,,,,,,,,,,,,,,,,,,
54902,20230216,-93.29,41.56,,,,,,,,,,,,,,,,,,,,,,,,,,,,
54902,20230217,-93.29,41.56,,,,,,,,,,,,,,,,,,,,,,,,,,,,
54902,20230218,-93.29,41.56,,,,,,,,,,,,,,,,,,,,,,,,,,,,
54902,20230219,-93.29,41.56,,,,,,,,,,,,,,,,,,,,,,,,,,,,
54902,20230220,-93.29,41.56,,,,,,,,,,,,,,,,,,,,,,,,,,,,
54902,20230221,-93.29,41.56,,,,,,,,,,,,,,,,,,,,,,,,,,,,
54902,20230222,-93.29,41.56,,,,,,,,,,,,,,,,,,,,,,,,,,,,
54902,20230223,-93.29,41.56,,,,,,,,,,,,,,,,,,,,,,,,,,,,
54902,20230224,-93.29,41.56,,,,,,,,,,,,,,,,,,,,,,,,,,,,
54902,20230225,-93.29,41.56,,,,,,,,,,,,,,,,,,,,,,,,,,,,
54902,20230226,-93.29,41.56,,,,,,,,,,,,,,,,,,,,,,,,,,,,
54902,20230227,-93.29,41.56,,,,,,,,,,,,,,,,,,,,,,,,,,,,
54902,20230228,-93.29,41.56,,,,,,,,,,,,,,,,,,,,,,,,,,,,
54902,20230301,-93.29,41.56,,,,,,,,,,,,,,,,,,,,,,,,,,,,
54902,20230302,-93.29,41.56,,,,,,,,,,,,,,,,,,,,,,,,,,,,
54902,20230303,-93.29,41.56,,,,,,,,,,,,,,,,,,,,,,,,,,,,
54902,20230304,-93.29,41.56,,,,,,,,,,,,,,,,,,,,,,,,,,,,
54902,20230305,-93.29,41.56,,,,,,,,,,,,,,,,,,,,,,,,,,,,
54902,20230306,-93.29,41.56,,,,,,,,,,,,,,,,,,,,,,,,,,,,
54902,20230307,-93.29,41.56,,,,,,,,,,,,,,,,,,,,,,,,,,,,
54902,20230308,-93.29,41.56,,,,,,,,,,,,,,,,,,,,,,,,,,,,
54902,20230309,-93.29,41.56,,,,,,,,,,,,,,,,,,,,,,,,,,,,
54902,20230310,-93.29,41.56,,,,,,,,,,,,,,,,,,,,,,,,,,,,
54902,20230311,-93.29,41.56,,,,,,,,,,,,,,,,,,,,,,,,,,,,
54902,20230312,-93.29,41.56,,,,,,,,,,,,,,,,,,,,,,,,,,,,
54902,20230313,-93.29,41.56,,,,,,,,,,,,,,,,,,,,,,,,,,,,
54902,20230314,-93.29,41.56,,,,,,,,,,,,,,,,,,,,,,,,,,,,
54902,20230315,-93.29,41.56,,,,,,,,,,,,,,,,,,,,,,,,,,,,
54902,20230316,-93.29,41.56,,,,,,,,,,,,,,,,,,,,,,,,,,,,
54902,20230317,-93.29,41.56,,,,,,,,,,,,,,,,,,,,,,,,,,,,
54902,20230318,-93.29,41.56,,,,,,,,,,,,,,,,,,,,,,,,,,,,
54902,20230319,-93.29,41.56,,,,,,,,,,,,,,,,,,,,,,,,,,,,
54902,20230320,-93.29,41.56,,,,,,,,,,,,,,,,,,,,,,,,,,,,
54902,20230321,-93.29,41.56,,,,,,,,,,,,,,,,,,,,,,,,,,,,
54902,20230322,-93.29,41.56,,,,,,,,,,,,,,,,,,,,,,,,,,,,
54902,20230323,-93.29,41.56,,,,,,,,,,,,,,,,,,,,,,,,,,,,
54902,20230324,-93.29,41.56,,,,,,,,,,,,,,,,,,,,,,,,,,,,
54902,20230325,-93.29,41.56,,,,,,,,,,,,,,,,,,,,,,,,,,,,
54902,20230326,-93.29,41.56,,,,,,,,,,,,,,,,,,,,,,,,,,,,
54902,20230327,-93.29,41.56,,,,,,,,,,,,,,,,,,,,,,,,,,,,
54902,20230328,-93.29,41.56,,,,,,,,,,,,,,,,,,,,,,,,,,,,
54902,20230329,-93.29,41.56,,,,,,,,,,,,,,,,,,,,,,,,,,,,
54902,20230330,-93.29,41.56,,,,,,,,,,,,,,,,,,,,,,,,,,,,
54902,20230331,-93.29,41.56,,,,,,,,,,,,,,,,,,,,,,,,,,,,
54902,20230401,-93.29,41.56,,,,,,,,,,,,,,,,,,,,,,,,,,,,
54902,20230402,-93.29,41.56,,,,,,,,,,,,,,,,,,,,,,,,,,,,
54902,20230403,-93.29,41.56,,,,,,,,,,,,,,,,,,,,,,,,,,,,
54902,20230404,-93.29,41.56,,,,,,,,,,,,,,,,,,,,,,,,,,,,
54902,20230405,-93.29,41.56,,,,,,,,,,,,,,,,,,,,,,,,,,,,
54902,20230406,-93.29,41.56,,,,,,,,,,,,,,,,,,,,,,,,,,,,
54902,20230407,-93.29,41.56,,,,,,,,,,,,,,,,,,,,,,,,,,,,
54902,20230408,-93.29,41.56,,,,,,,,,,,,,,,,,,,,,,,,,,,,
54902,20230409,-93.29,41.56,,,,,,,,,,,,,,,,,,,,,,,,,,,,
54902,20230410,-93.29,41.56,,,,,,,,,,,,,,,,,,,,,,,,,,,,
54902,20230411,-93.29,41.56,,,,,,,,,,,,,,,,,,,,,,,,,,,,
54902,20230412,-93.29,41.56,,,,,,,,,,,,,,,,,,,,,,,,,,,,
54902,20230413,-93.29,41.56,,,,,,,,,,,,,,,,,,,,,,,,,,,,
54902,20230414,-93.29,41.56,,,,,,,,,,,,,,,,,,,,,,,,,,,,
54902,20230415,-93.29,41.56,,,,,,,,,,,,,,,,,,,,,,,,,,,,
54902,20230416,-93.29,41.56,,,,,,,,,,,,,,,,,,,,,,,,,,,,
54902,20230417,-93.29,41.56,,,,,,,,,,,,,,,,,,,,,,,,,,,,
54902,20230418,-93.29,41.56,,,,,,,,,,,,,,,,,,,,,,,,,,,,
54902,20230419,-93.29,41.56,,,,,,,,,,,,,,,,,,,,,,,,,,,,
54902,20230420,-93.29,41.56,,,,,,,,,,,,,,,,,,,,,,,,,,,,
54902,20230421,-93.29,41.56,,,,,,,,,,,,,,,,,,,,,,,,,,,,
54902,20230422,-93.29,41.56,,,,,,,,,,,,,,,,,,,,,,,,,,,,
54902,20230423,-93.29,41.56,,,,,,,,,,,,,,,,,,,,,,,,,,,,
54902,20230424,-93.29,41.56,,,,,,,,,,,,,,,,,,,,,,,,,,,,
54902,20230425,-93.29,41.56,,,,,,,,,,,,,,,,,,,,,,,,,,,,
54902,20230426,-93.29,41.56,,,,,,,,,,,,,,,,,,,,,,,,,,,,
54902,20230427,-93.29,41.56,,,,,,,,,,,,,,,,,,,,,,,,,,,,
54902,20230428,-93.29,41.56,,,,,,,,,,,,,,,,,,,,,,,,,,,,
54902,20230429,-93.29,41.56,,,,,,,,,,,,,,,,,,,,,,,,,,,,
54902,20230430,-93.29,41.56,,,,,,,,,,,,,,,,,,,,,,,,,,,,
54902,20230501,-93.29,41.56,,,,,,,,,,,,,,,,,,,,,,,,,,,,
54902,20230502,-93.29,41.56,,,,,,,,,,,,,,,,,,,,,,,,,,,,
54902,20230503,-93.29,41.56,,,,,,,,,,,,,,,,,,,,,,,,,,,,
54902,20230504,-93.29,41.56,,,,,,,,,,,,,,,,,,,,,,,,,,,,
54902,20230505,-93.29,41.56,,,,,,,,,,,,,,,,,,,,,,,,,,,,
54902,20230506,-93.29,41.56,,,,,,,,,,,,,,,,,,,,,,,,,,,,
54902,20230507,-93.29,41.56,,,,,,,,,,,,,,,,,,,,,,,,,,,,
54902,20230508,-93.29,41.56,,,,,,,,,,,,,,,,,,,,,,,,,,,,
54902,20230509,-93.29,41.56,,,,,,,,,,,,,,,,,,,,,,,,,,,,
54902,20230510,-93.29,41.56,,,,,,,,,,,,,,,,,,,,,,,,,,,,
54902,20230511,-93.29,41.56,,,,,,,,,,,,,,,,,,,,,,,,,,,,
54902,20230512,-93.29,41.56,,,,,,,,,,,,,,,,,,,,,,,,,,,,
54902,20230513,-93.29,41.56,,,,,,,,,,,,,,,,,,,,,,,,,,,,
54902,20230514,-93.29,41.56,,,,,,,,,,,,,,,,,,,,,,,,,,,,
54902,20230515,-93.29,41.56,,,,,,,,,,,,,,,,,,,,,,,,,,,,
54902,20230516,-93.29,41.56,0.348,0.3,0,0.245,0.339,-0.14,0.014,0,0.381,-0.5,0.614,0,0.423,-0.68,1,0,0.493,-1.11,1,0,0.343,0.16,0,0.072,0.397,-0.08,0.007,0
54902,20230517,-93.29,41.56,0.348,0.3,0,0.209,0.339,-0.12,0.012,0,0.382,-0.47,0.53,0,0.423,-0.69,1,0,0.493,-1.11,1,0,0.344,0.17,0,0.061,0.397,-0.07,0.006,0
54902,20230518,-93.29,41.56,0.35,0.3,0,0.204,0.339,-0.12,0.012,0,0.383,-0.43,0.482,0,0.422,-0.71,1,0,0.494,-1.09,1,0,0.344,0.17,0,0.06,0.397,-0.06,0.006,0
54902,20230519,-93.29,41.56,0.351,0.31,0,0.202,0.338,-0.11,0,0,0.384,-0.4,0.482,0,0.422,-0.71,1,0,0.494,-1.07,1,0,0.345,0.18,0,0.06,0.398,-0.05,0,0
54902,20230520,-93.29,41.56,0.349,0.29,0,0.202,0.336,-0.13,0.054,0,0.384,-0.37,0.482,0,0.421,-0.72,1,0,0.494,-1.08,1,0,0.342,0.16,0,0.06,0.397,-0.07,0.012,0
54902,20230521,-93.29,41.56,0.342,0.24,0,0.167,0.332,-0.18,0.167,0,0.383,-0.38,0.518,0,0.42,-0.74,1,0,0.494,-1.09,1,0,0.337,0.1,0,0.03,0.394,-0.12,0.125,0
54902,20230522,-93.29,41.56,0.331,0.15,0,0.054,0.324,-0.28,0.31,0,0.379,-0.46,0.661,0,0.418,-0.77,1,0,0.493,-1.11,1,0,0.328,0,0,0,0.389,-0.22,0.268,0
54902,20230523,-93.29,41.56,0.32,0.06,0,0,0.316,-0.38,0.452,0,0.375,-0.52,0.804,0,0.417,-0.8,1,0,0.493,-1.13,1,0,0.318,-0.1,0.089,0,0.384,-0.32,0.411,0
54902,20230524,-93.29,41.56,0.31,-0.02,0,0,0.308,-0.47,0.595,0,0.372,-0.57,0.94,0,0.415,-0.82,1,0,0.493,-1.15,1,0,0.309,-0.2,0.232,0,0.379,-0.4,0.554,0
54902,20230525,-93.29,41.56,0.301,-0.1,0,0,0.3,-0.55,0.738,0,0.368,-0.61,1,0,0.413,-0.84,1,0,0.493,-1.17,1,0,0.3,-0.28,0.375,0,0.375,-0.48,0.696,0
54902,20230526,-93.29,41.56,0.291,-0.17,0.012,0,0.293,-0.62,0.881,0,0.364,-0.65,1,0,0.412,-0.83,1,0,0.492,-1.19,1,0,0.292,-0.36,0.518,0,0.371,-0.54,0.839,0
54902,20230527,-93.29,41.56,0.282,-0.24,0.143,0,0.286,-0.69,0.97,0,0.36,-0.7,1,0,0.411,-0.83,1,0,0.492,-1.24,1,0,0.284,-0.43,0.661,0,0.366,-0.6,0.97,0
54902,20230528,-93.29,41.56,0.274,-0.3,0.286,0,0.279,-0.75,1,0,0.355,-0.75,1,0,0.41,-0.82,1,0,0.491,-1.3,1,0,0.277,-0.5,0.804,0,0.362,-0.66,1,0
54902,20230529,-93.29,41.56,0.267,-0.36,0.429,0,0.272,-0.81,1,0,0.35,-0.8,1,0,0.408,-0.82,1,0,0.49,-1.35,1,0,0.27,-0.56,0.946,0,0.358,-0.72,1,0
54902,20230530,-93.29,41.56,0.26,-0.41,0.571,0,0.265,-0.87,1,0,0.344,-0.86,1,0,0.407,-0.82,1,0,0.489,-1.4,1,0,0.262,-0.61,1,0,0.353,-0.77,1,0
54902,20230531,-93.29,41.56,0.253,-0.45,0.714,0,0.258,-0.93,1,0,0.338,-0.93,1,0,0.406,-0.82,1,0,0.488,-1.46,1,0,0.256,-0.67,1,0,0.349,-0.83,1,0
54902,20230601,-93.29,41.56,0.247,-0.49,0.857,0,0.251,-0.98,1,0,0.331,-1,1,0,0.404,-0.83,1,0,0.487,-1.49,1,0,0.249,-0.71,1,0,0.344,-0.88,1,0
54902,20230602,-93.29,41.56,0.261,-0.36,0.845,0.131,0.254,-0.93,0.917,0,0.329,-1,1,0,0.404,-0.8,1,0,0.487,-1.51,1,0,0.257,-0.62,0.863,0,0.347,-0.82,0.869,0
54902,20230603,-93.29,41.56,0.274,-0.24,0.714,0.161,0.259,-0.86,0.833,0,0.328,-0.98,1,0,0.404,-0.78,1,0,0.487,-1.48,1,0,0.266,-0.52,0.72,0,0.35,-0.75,0.726,0
54902,20230604,-93.29,41.56,0.286,-0.13,0.571,0.161,0.264,-0.79,0.833,0,0.328,-0.95,1,0,0.404,-0.76,1,0,0.487,-1.42,1,0,0.275,-0.42,0.577,0,0.354,-0.68,0.595,0
54902,20230605,-93.29,41.56,0.296,-0.04,0.429,0.161,0.27,-0.71,0.833,0,0.328,-0.91,1,0,0.405,-0.73,1,0,0.487,-1.34,1,0,0.283,-0.33,0.435,0,0.357,-0.6,0.577,0
54902,20230606,-93.29,41.56,0.306,0.04,0.286,0.161,0.276,-0.62,0.833,0,0.329,-0.86,1,0,0.405,-0.71,1,0,0.488,-1.24,1,0,0.291,-0.25,0.292,0,0.361,-0.53,0.577,0
54902,20230607,-93.29,41.56,0.314,0.12,0.143,0.161,0.281,-0.54,0.833,0,0.331,-0.79,1,0,0.405,-0.68,1,0,0.488,-1.14,1,0,0.297,-0.17,0.149,0,0.364,-0.46,0.577,0
54902,20230608,-93.29,41.56,0.321,0.18,0,0.161,0.287,-0.47,0.833,0,0.333,-0.72,1,0,0.406,-0.65,1,0,0.489,-1.04,1,0,0.304,-0.1,0.006,0,0.367,-0.38,0.577,0
54902,20230609,-93.29,41.56,0.308,0.08,0,0.03,0.284,-0.48,0.917,0,0.331,-0.7,1,0,0.404,-0.66,1,0,0.489,-0.96,1,0,0.296,-0.17,0.03,0,0.363,-0.42,0.708,0
54902,20230610,-93.29,41.56,0.297,-0.01,0,0,0.278,-0.52,1,0,0.329,-0.7,1,0,0.402,-0.68,1,0,0.49,-0.88,1,0,0.288,-0.24,0.173,0,0.359,-0.46,0.851,0
54902,20230611,-93.29,41.56,0.287,-0.09,0,0,0.273,-0.56,1,0,0.327,-0.69,1,0,0.4,-0.69,1,0,0.49,-0.81,1,0,0.28,-0.31,0.315,0,0.355,-0.5,0.982,0
54902,20230612,-93.29,41.56,0.279,-0.15,0,0,0.267,-0.6,1,0,0.324,-0.69,1,0,0.399,-0.7,1,0,0.49,-0.76,1,0,0.273,-0.36,0.458,0,0.352,-0.53,1,0
54902,20230613,-93.29,41.56,0.272,-0.21,0,0,0.263,-0.64,1,0,0.322,-0.69,1,0,0.397,-0.71,1,0,0.49,-0.72,1,0,0.267,-0.41,0.601,0,0.349,-0.56,1,0
54902,20230614,-93.29,41.56,0.267,-0.25,0.065,0,0.258,-0.67,1,0,0.319,-0.7,1,0,0.395,-0.71,1,0,0.49,-0.69,1,0,0.263,-0.45,0.744,0,0.346,-0.58,1,0
54902,20230615,-93.29,41.56,0.263,-0.29,0.196,0,0.254,-0.71,1,0,0.317,-0.71,1,0,0.393,-0.73,1,0,0.489,-0.68,1,0,0.258,-0.49,0.887,0,0.343,-0.61,1,0
54902,20230616,-93.29,41.56,0.258,-0.33,0.339,0,0.249,-0.75,1,0,0.313,-0.73,1,0,0.39,-0.74,1,0,0.489,-0.67,1,0,0.254,-0.53,1,0,0.34,-0.63,1,0
54902,20230617,-93.29,41.56,0.254,-0.36,0.482,0,0.245,-0.78,1,0,0.31,-0.75,1,0,0.388,-0.75,1,0,0.487,-0.68,1,0,0.25,-0.56,1,0,0.337,-0.66,1,0
54902,20230618,-93.29,41.56,0.251,-0.38,0.625,0,0.248,-0.76,0.946,0,0.309,-0.75,0.952,0,0.387,-0.74,0.976,0,0.485,-0.72,1,0,0.249,-0.57,0.952,0,0.336,-0.66,0.952,0
54902,20230619,-93.29,41.56,0.248,-0.4,0.768,0,0.26,-0.65,0.804,0,0.311,-0.72,0.899,0,0.387,-0.71,0.976,0,0.483,-0.75,1,0,0.254,-0.52,0.81,0,0.338,-0.63,0.81,0
54902,20230620,-93.29,41.56,0.245,-0.41,0.911,0,0.27,-0.56,0.661,0,0.312,-0.69,0.899,0,0.386,-0.7,0.976,0,0.481,-0.78,1,0,0.258,-0.49,0.667,0,0.339,-0.6,0.768,0
54902,20230621,-93.29,41.56,0.243,-0.42,0.982,0,0.277,-0.49,0.518,0,0.313,-0.66,0.899,0,0.386,-0.68,0.976,0,0.479,-0.82,1,0,0.26,-0.46,0.589,0,0.34,-0.58,0.768,0
54902,20230622,-93.29,41.56,0.241,-0.42,0.982,0,0.282,-0.45,0.488,0,0.314,-0.64,0.899,0,0.385,-0.67,0.976,0,0.477,-0.85,1,0,0.261,-0.44,0.583,0,0.34,-0.56,0.768,0
54902,20230623,-93.29,41.56,0.239,-0.42,0.976,0,0.286,-0.41,0.488,0,0.314,-0.62,0.899,0,0.384,-0.66,0.976,0,0.475,-0.88,1,0,0.262,-0.43,0.583,0,0.34,-0.54,0.768,0
54902,20230624,-93.29,41.56,0.237,-0.42,0.976,0,0.287,-0.39,0.488,0,0.314,-0.59,0.899,0,0.383,-0.65,0.976,0,0.474,-0.88,1,0,0.262,-0.42,0.583,0,0.339,-0.53,0.768,0
54902,20230625,-93.29,41.56,0.236,-0.41,0.976,0,0.282,-0.42,0.542,0,0.312,-0.59,0.946,0,0.38,-0.66,1,0,0.473,-0.88,1,0,0.259,-0.44,0.631,0,0.337,-0.54,0.815,0
54902,20230626,-93.29,41.56,0.234,-0.42,0.976,0,0.265,-0.55,0.685,0,0.306,-0.62,1,0,0.376,-0.69,1,0,0.473,-0.87,1,0,0.25,-0.5,0.774,0,0.331,-0.59,0.958,0
54902,20230627,-93.29,41.56,0.232,-0.43,0.976,0,0.251,-0.67,0.827,0,0.3,-0.66,1,0,0.372,-0.72,1,0,0.472,-0.87,1,0,0.242,-0.57,0.917,0,0.325,-0.64,1,0
54902,20230628,-93.29,41.56,0.23,-0.45,0.982,0,0.239,-0.77,0.97,0,0.293,-0.69,1,0,0.367,-0.74,1,0,0.471,-0.86,1,0,0.234,-0.63,0.994,0,0.32,-0.68,1,0
54902,20230629,-93.29,41.56,0.228,-0.47,0.994,0,0.228,-0.85,1,0,0.286,-0.74,1,0,0.362,-0.77,1,0,0.471,-0.85,1,0,0.228,-0.68,1,0,0.315,-0.72,1,0
54902,20230630,-93.29,41.56,0.226,-0.49,1,0,0.222,-0.91,1,0,0.279,-0.78,1,0,0.357,-0.79,1,0,0.47,-0.84,1,0,0.224,-0.71,1,0,0.311,-0.75,1,0
54902,20230701,-93.29,41.56,0.225,-0.51,1,0,0.218,-0.94,1,0,0.277,-0.79,1,0,0.352,-0.81,1,0,0.469,-0.83,1,0,0.221,-0.74,1,0,0.308,-0.77,1,0
54902,20230702,-93.29,41.56,0.224,-0.52,1,0,0.216,-0.95,1,0,0.277,-0.77,1,0,0.348,-0.81,1,0,0.468,-0.82,1,0,0.22,-0.75,1,0,0.307,-0.76,1,0
54902,20230703,-93.29,41.56,0.224,-0.53,1,0,0.215,-0.96,1,0,0.278,-0.76,1,0,0.345,-0.81,1,0,0.467,-0.81,1,0,0.219,-0.76,1,0,0.306,-0.76,1,0
54902,20230704,-93.29,41.56,0.224,-0.53,1,0,0.216,-0.95,1,0,0.279,-0.74,1,0,0.342,-0.79,1,0,0.466,-0.8,1,0,0.22,-0.76,1,0,0.305,-0.74,1,0
54902,20230705,-93.29,41.56,0.224,-0.52,1,0,0.217,-0.93,1,0,0.281,-0.71,1,0,0.339,-0.78,1,0,0.466,-0.78,1,0,0.221,-0.75,1,0,0.305,-0.72,1,0
54902,20230706,-93.29,41.56,0.224,-0.51,1,0,0.219,-0.9,1,0,0.282,-0.68,1,0,0.337,-0.76,1,0,0.465,-0.76,1,0,0.222,-0.73,1,0,0.306,-0.7,1,0
54902,20230707,-93.29,41.56,0.224,-0.51,1,0,0.219,-0.89,1,0,0.284,-0.65,1,0,0.335,-0.73,1,0,0.465,-0.75,1,0,0.222,-0.72,1,0,0.305,-0.68,1,0
54902,20230708,-93.29,41.56,0.223,-0.5,1,0,0.218,-0.89,1,0,0.281,-0.65,1,0,0.333,-0.72,1,0,0.464,-0.74,1,0,0.221,-0.72,1,0,0.304,-0.68,1,0
54902,20230709,-93.29,41.56,0.222,-0.5,1,0,0.216,-0.9,1,0,0.275,-0.67,1,0,0.33,-0.71,1,0,0.464,-0.73,1,0,0.219,-0.72,1,0,0.301,-0.68,1,0
54902,20230710,-93.29,41.56,0.221,-0.49,1,0,0.213,-0.91,1,0,0.269,-0.69,1,0,0.326,-0.72,1,0,0.463,-0.73,1,0,0.217,-0.73,1,0,0.298,-0.69,1,0
54902,20230711,-93.29,41.56,0.22,-0.49,1,0,0.209,-0.94,1,0,0.263,-0.72,1,0,0.322,-0.74,1,0,0.462,-0.74,1,0,0.214,-0.73,1,0,0.295,-0.71,1,0
54902,20230712,-93.29,41.56,0.218,-0.49,1,0,0.205,-0.97,1,0,0.256,-0.75,1,0,0.317,-0.76,1,0,0.46,-0.75,1,0,0.211,-0.74,1,0,0.291,-0.74,1,0
54902,20230713,-93.29,41.56,0.228,-0.39,0.863,0,0.224,-0.78,0.857,0.054,0.274,-0.6,0.863,0.048,0.322,-0.69,0.863,0,0.459,-0.75,1,0,0.226,-0.6,0.857,0.012,0.301,-0.62,0.863,0
54902,20230714,-93.29,41.56,0.238,-0.29,0.72,0,0.241,-0.62,0.714,0.054,0.29,-0.45,0.72,0.048,0.326,-0.63,0.72,0,0.458,-0.75,1,0,0.239,-0.46,0.714,0.012,0.311,-0.51,0.72,0
54902,20230715,-93.29,41.56,0.246,-0.19,0.577,0,0.256,-0.46,0.571,0.054,0.306,-0.31,0.577,0.048,0.33,-0.56,0.577,0,0.457,-0.74,1,0,0.251,-0.33,0.571,0.012,0.319,-0.41,0.577,0
54902,20230716,-93.29,41.56,0.254,-0.1,0.435,0,0.271,-0.32,0.429,0.054,0.322,-0.17,0.435,0.048,0.335,-0.5,0.435,0,0.456,-0.73,1,0,0.262,-0.21,0.429,0.012,0.328,-0.31,0.435,0
54902,20230717,-93.29,41.56,0.261,-0.02,0.292,0,0.283,-0.18,0.286,0.054,0.338,-0.03,0.292,0.048,0.34,-0.42,0.292,0,0.455,-0.71,1,0,0.272,-0.1,0.286,0.012,0.335,-0.22,0.292,0
54902,20230718,-93.29,41.56,0.267,0.07,0.149,0,0.295,-0.06,0.143,0.054,0.353,0.11,0.149,0.048,0.345,-0.35,0.149,0,0.455,-0.67,1,0,0.281,0,0.143,0.012,0.343,-0.12,0.149,0
54902,20230719,-93.29,41.56,0.272,0.14,0.006,0,0.305,0.06,0,0.054,0.369,0.24,0.006,0.048,0.351,-0.27,0.012,0,0.455,-0.64,1,0,0.288,0.09,0,0.012,0.35,-0.03,0.006,0
54902,20230720,-93.29,41.56,0.264,0.11,0,0,0.29,-0.05,0.083,0,0.359,0.19,0,0,0.346,-0.28,0.006,0,0.455,-0.6,1,0,0.277,0.02,0,0,0.343,-0.08,0,0
54902,20230721,-93.29,41.56,0.256,0.06,0,0,0.276,-0.16,0.226,0,0.351,0.15,0,0,0.342,-0.29,0.048,0,0.454,-0.57,1,0,0.266,-0.06,0,0,0.336,-0.13,0.054,0
54902,20230722,-93.29,41.56,0.248,0.02,0,0,0.263,-0.25,0.369,0,0.341,0.1,0,0,0.338,-0.3,0.161,0,0.454,-0.54,1,0,0.256,-0.13,0.012,0,0.329,-0.18,0.196,0
54902,20230723,-93.29,41.56,0.241,-0.02,0,0,0.25,-0.35,0.512,0,0.331,0.05,0,0,0.334,-0.31,0.304,0,0.454,-0.51,1,0,0.246,-0.2,0.149,0,0.322,-0.23,0.339,0
54902,20230724,-93.29,41.56,0.235,-0.06,0,0,0.239,-0.45,0.655,0,0.32,-0.02,0,0,0.329,-0.33,0.446,0,0.453,-0.48,1,0,0.237,-0.26,0.292,0,0.315,-0.29,0.482,0
54902,20230725,-93.29,41.56,0.229,-0.1,0,0,0.228,-0.54,0.798,0,0.308,-0.09,0.095,0,0.325,-0.34,0.589,0,0.453,-0.46,1,0,0.229,-0.33,0.435,0,0.308,-0.34,0.625,0
54902,20230726,-93.29,41.56,0.223,-0.14,0.024,0,0.219,-0.62,0.94,0,0.296,-0.17,0.238,0,0.32,-0.36,0.726,0,0.452,-0.45,1,0,0.221,-0.39,0.577,0,0.302,-0.39,0.768,0
54902,20230727,-93.29,41.56,0.217,-0.18,0.077,0,0.211,-0.7,1,0,0.285,-0.24,0.381,0,0.315,-0.38,0.869,0,0.45,-0.44,1,0,0.214,-0.45,0.72,0,0.296,-0.44,0.911,0
54902,20230728,-93.29,41.56,0.213,-0.21,0.173,0,0.204,-0.77,1,0,0.274,-0.32,0.524,0,0.311,-0.4,0.97,0,0.449,-0.43,1,0,0.208,-0.49,0.863,0,0.29,-0.48,1,0
54902,20230729,-93.29,41.56,0.209,-0.23,0.208,0,0.199,-0.82,1,0,0.264,-0.39,0.667,0,0.307,-0.42,1,0,0.447,-0.42,1,0,0.204,-0.52,0.994,0,0.285,-0.52,1,0
54902,20230730,-93.29,41.56,0.206,-0.25,0.286,0,0.197,-0.84,1,0,0.256,-0.46,0.81,0,0.303,-0.44,1,0,0.446,-0.41,1,0,0.202,-0.54,1,0,0.282,-0.54,1,0
54902,20230731,-93.29,41.56,0.204,-0.26,0.411,0,0.195,-0.86,1,0,0.249,-0.51,0.952,0,0.3,-0.45,1,0,0.446,-0.39,1,0,0.199,-0.56,1,0,0.279,-0.56,1,0
54902,20230801,-93.29,41.56,0.201,-0.28,0.512,0,0.193,-0.87,1,0,0.244,-0.55,1,0,0.298,-0.46,1,0,0.445,-0.38,1,0,0.197,-0.57,1,0,0.276,-0.57,1,0
54902,20230802,-93.29,41.56,0.2,-0.28,0.524,0,0.192,-0.87,1,0,0.24,-0.58,1,0,0.296,-0.46,1,0,0.444,-0.36,1,0,0.196,-0.57,1,0,0.274,-0.57,1,0
54902,20230803,-93.29,41.56,0.199,-0.27,0.47,0,0.192,-0.86,1,0,0.236,-0.6,1,0,0.295,-0.46,1,0,0.443,-0.34,0.97,0,0.195,-0.56,1,0,0.273,-0.56,1,0
54902,20230804,-93.29,41.56,0.198,-0.27,0.375,0,0.192,-0.84,1,0,0.233,-0.61,1,0,0.294,-0.46,1,0,0.443,-0.32,0.935,0,0.195,-0.54,1,0,0.272,-0.55,1,0
54902,20230805,-93.29,41.56,0.198,-0.26,0.339,0,0.191,-0.83,1,0,0.231,-0.61,1,0,0.292,-0.46,1,0,0.442,-0.3,0.839,0,0.194,-0.53,1,0,0.271,-0.54,1,0
54902,20230806,-93.29,41.56,0.197,-0.25,0.262,0,0.19,-0.83,1,0,0.229,-0.6,1,0,0.291,-0.46,1,0,0.442,-0.28,0.72,0,0.193,-0.53,1,0,0.27,-0.53,1,0
54902,20230807,-93.29,41.56,0.197,-0.23,0.137,0,0.196,-0.74,0.899,0,0.227,-0.59,1,0,0.29,-0.47,1,0,0.441,-0.27,0.577,0,0.197,-0.48,0.899,0,0.27,-0.5,1,0
54902,20230808,-93.29,41.56,0.198,-0.21,0.036,0,0.204,-0.65,0.756,0,0.226,-0.57,1,0,0.289,-0.47,1,0,0.441,-0.25,0.435,0,0.201,-0.42,0.756,0,0.272,-0.46,1,0
54902,20230809,-93.29,41.56,0.199,-0.19,0,0,0.22,-0.47,0.613,0.107,0.225,-0.55,1,0,0.288,-0.47,1,0,0.44,-0.24,0.292,0,0.21,-0.33,0.613,0,0.275,-0.41,0.887,0
54902,20230810,-93.29,41.56,0.201,-0.16,0,0,0.242,-0.22,0.47,0.25,0.244,-0.37,0.863,0.131,0.291,-0.44,0.869,0,0.44,-0.23,0.179,0,0.222,-0.21,0.47,0.024,0.284,-0.3,0.744,0
54902,20230811,-93.29,41.56,0.204,-0.13,0,0,0.261,-0.01,0.327,0.393,0.263,-0.2,0.72,0.274,0.295,-0.4,0.726,0,0.441,-0.21,0.071,0,0.233,-0.1,0.327,0.024,0.293,-0.2,0.601,0
54902,20230812,-93.29,41.56,0.207,-0.1,0,0,0.279,0.18,0.185,0.518,0.28,-0.05,0.577,0.417,0.298,-0.37,0.583,0,0.441,-0.19,0.024,0,0.243,0,0.185,0.024,0.301,-0.1,0.458,0
54902,20230813,-93.29,41.56,0.21,-0.07,0,0,0.295,0.35,0.042,0.518,0.296,0.08,0.435,0.488,0.301,-0.33,0.44,0,0.441,-0.18,0,0,0.252,0.08,0.042,0.024,0.309,-0.02,0.315,0
54902,20230814,-93.29,41.56,0.213,-0.05,0,0,0.301,0.42,0,0.518,0.311,0.19,0.292,0.488,0.304,-0.3,0.298,0,0.442,-0.18,0,0,0.257,0.12,0,0.024,0.314,0.04,0.173,0
54902,20230815,-93.29,41.56,0.214,-0.04,0,0,0.306,0.47,0,0.518,0.325,0.29,0.149,0.488,0.307,-0.26,0.155,0,0.442,-0.17,0,0,0.26,0.15,0,0.024,0.319,0.09,0.03,0
54902,20230816,-93.29,41.56,0.216,-0.03,0,0,0.303,0.43,0,0.411,0.337,0.37,0.006,0.488,0.309,-0.23,0.012,0,0.442,-0.18,0.018,0,0.259,0.13,0,0.024,0.321,0.12,0,0
54902,20230817,-93.29,41.56,0.217,-0.03,0,0,0.291,0.3,0,0.268,0.329,0.28,0,0.357,0.308,-0.23,0,0,0.441,-0.19,0.083,0,0.254,0.07,0,0,0.317,0.07,0,0
54902,20230818,-93.29,41.56,0.216,-0.05,0,0,0.279,0.19,0,0.125,0.32,0.19,0,0.214,0.306,-0.24,0,0,0.44,-0.22,0.185,0,0.248,0.01,0,0,0.312,0.01,0,0
54902,20230819,-93.29,41.56,0.215,-0.07,0,0,0.268,0.07,0.006,0,0.311,0.09,0,0.071,0.305,-0.25,0,0,0.439,-0.25,0.321,0,0.241,-0.06,0,0,0.307,-0.05,0,0
54902,20230820,-93.29,41.56,0.213,-0.09,0,0,0.257,-0.04,0.125,0,0.301,0,0,0,0.303,-0.26,0.06,0,0.438,-0.29,0.464,0,0.235,-0.12,0,0,0.303,-0.1,0.03,0
54902,20230821,-93.29,41.56,0.212,-0.12,0,0,0.247,-0.13,0.268,0,0.292,-0.09,0.042,0,0.3,-0.28,0.202,0,0.437,-0.33,0.607,0,0.23,-0.18,0,0,0.298,-0.17,0.143,0
54902,20230822,-93.29,41.56,0.211,-0.14,0,0,0.238,-0.22,0.411,0,0.282,-0.18,0.185,0,0.298,-0.3,0.345,0,0.436,-0.37,0.75,0,0.225,-0.23,0.042,0,0.293,-0.25,0.286,0
54902,20230823,-93.29,41.56,0.21,-0.16,0,0,0.229,-0.31,0.554,0,0.273,-0.27,0.327,0,0.296,-0.31,0.488,0,0.435,-0.41,0.875,0,0.22,-0.28,0.179,0,0.288,-0.32,0.429,0
54902,20230824,-93.29,41.56,0.209,-0.19,0,0,0.221,-0.38,0.696,0,0.263,-0.36,0.47,0,0.294,-0.33,0.631,0,0.434,-0.44,0.952,0,0.215,-0.33,0.321,0,0.284,-0.39,0.571,0
54902,20230825,-93.29,41.56,0.207,-0.21,0,0,0.214,-0.44,0.839,0,0.255,-0.44,0.613,0,0.292,-0.35,0.774,0,0.433,-0.47,0.994,0,0.211,-0.37,0.464,0,0.28,-0.46,0.714,0
54902,20230826,-93.29,41.56,0.206,-0.23,0,0,0.208,-0.49,0.976,0,0.254,-0.47,0.655,0,0.29,-0.37,0.917,0,0.432,-0.5,1,0,0.207,-0.4,0.607,0,0.278,-0.51,0.857,0
54902,20230827,-93.29,41.56,0.205,-0.25,0,0,0.204,-0.53,1,0,0.254,-0.49,0.69,0,0.289,-0.39,1,0,0.431,-0.52,1,0,0.204,-0.43,0.75,0,0.276,-0.56,0.97,0
54902,20230828,-93.29,41.56,0.203,-0.28,0,0,0.2,-0.56,1,0,0.253,-0.51,0.792,0,0.287,-0.42,1,0,0.43,-0.53,1,0,0.201,-0.46,0.893,0,0.274,-0.59,1,0
54902,20230829,-93.29,41.56,0.2,-0.3,0.101,0,0.196,-0.59,1,0,0.251,-0.54,0.792,0,0.286,-0.48,1,0,0.429,-0.55,1,0,0.198,-0.48,0.994,0,0.272,-0.62,1,0
54902,20230830,-93.29,41.56,0.198,-0.32,0.185,0,0.192,-0.62,1,0,0.248,-0.56,0.792,0,0.284,-0.55,1,0,0.427,-0.57,1,0,0.195,-0.5,1,0,0.27,-0.64,1,0
54902,20230831,-93.29,41.56,0.195,-0.35,0.28,0,0.189,-0.64,1,0,0.245,-0.59,0.792,0,0.282,-0.62,1,0,0.426,-0.59,1,0,0.192,-0.53,1,0,0.267,-0.66,1,0
54902,20230901,-93.29,41.56,0.193,-0.37,0.423,0,0.186,-0.66,1,0,0.241,-0.62,0.792,0,0.28,-0.69,1,0,0.425,-0.61,1,0,0.189,-0.54,1,0,0.265,-0.68,1,0
54902,20230902,-93.29,41.56,0.19,-0.39,0.565,0,0.183,-0.68,1,0,0.232,-0.69,0.893,0,0.278,-0.76,1,0,0.424,-0.63,1,0,0.187,-0.56,1,0,0.261,-0.71,1,0
54902,20230903,-93.29,41.56,0.188,-0.41,0.708,0,0.18,-0.71,1,0,0.221,-0.76,1,0,0.275,-0.83,1,0,0.422,-0.65,1,0,0.184,-0.58,1,0,0.257,-0.75,1,0
54902,20230904,-93.29,41.56,0.186,-0.43,0.851,0,0.177,-0.73,1,0,0.214,-0.82,1,0,0.272,-0.89,1,0,0.42,-0.68,1,0,0.182,-0.6,1,0,0.254,-0.78,1,0
54902,20230905,-93.29,41.56,0.185,-0.44,0.893,0,0.175,-0.75,1,0,0.208,-0.86,1,0,0.27,-0.92,1,0,0.418,-0.71,1,0,0.18,-0.61,1,0,0.251,-0.8,1,0
54902,20230906,-93.29,41.56,0.184,-0.45,0.952,0,0.173,-0.76,1,0,0.203,-0.9,1,0,0.267,-0.94,1,0,0.416,-0.74,1,0,0.179,-0.62,1,0,0.249,-0.82,1,0
54902,20230907,-93.29,41.56,0.182,-0.46,1,0,0.172,-0.78,1,0,0.199,-0.93,1,0,0.265,-0.96,1,0,0.414,-0.77,1,0,0.177,-0.63,1,0,0.246,-0.84,1,0
54902,20230908,-93.29,41.56,0.181,-0.47,1,0,0.17,-0.79,1,0,0.196,-0.96,1,0,0.263,-0.97,1,0,0.413,-0.8,1,0,0.176,-0.64,1,0,0.244,-0.86,1,0
54902,20230909,-93.29,41.56,0.18,-0.47,1,0,0.169,-0.81,1,0,0.193,-0.99,1,0,0.26,-0.99,1,0,0.411,-0.82,1,0,0.174,-0.64,1,0,0.243,-0.87,1,0
54902,20230910,-93.29,41.56,0.178,-0.48,1,0,0.167,-0.82,1,0,0.19,-1.01,1,0,0.259,-1,1,0,0.409,-0.83,1,0,0.173,-0.65,1,0,0.241,-0.88,1,0
54902,20230911,-93.29,41.56,0.178,-0.48,1,0,0.166,-0.83,1,0,0.188,-1.03,1,0,0.258,-1,1,0,0.409,-0.84,1,0,0.172,-0.66,1,0,0.24,-0.89,1,0
54902,20230912,-93.29,41.56,0.177,-0.48,1,0,0.168,-0.82,1,0,0.186,-1.04,1,0,0.261,-0.97,1,0,0.409,-0.84,1,0,0.173,-0.65,1,0,0.24,-0.88,1,0
54902,20230913,-93.29,41.56,0.177,-0.48,1,0,0.17,-0.82,1,0,0.185,-1.05,1,0,0.263,-0.95,1,0,0.409,-0.83,1,0,0.173,-0.65,1,0,0.24,-0.87,1,0
54902,20230914,-93.29,41.56,0.177,-0.47,1,0,0.171,-0.81,1,0,0.183,-1.06,1,0,0.265,-0.93,1,0,0.409,-0.82,1,0,0.174,-0.64,1,0,0.241,-0.86,1,0
54902,20230915,-93.29,41.56,0.177,-0.46,1,0,0.173,-0.81,1,0,0.182,-1.07,1,0,0.266,-0.91,1,0,0.409,-0.81,1,0,0.175,-0.63,1,0,0.242,-0.84,1,0
54902,20230916,-93.29,41.56,0.178,-0.45,1,0,0.175,-0.8,1,0,0.182,-1.07,1,0,0.268,-0.89,1,0,0.408,-0.81,1,0,0.177,-0.62,1,0,0.242,-0.83,1,0
54902,20230917,-93.29,41.56,0.179,-0.44,1,0,0.177,-0.79,1,0,0.182,-1.07,1,0,0.27,-0.87,1,0,0.408,-0.8,1,0,0.178,-0.61,1,0,0.243,-0.81,1,0
54902,20230918,-93.29,41.56,0.179,-0.43,1,0,0.178,-0.78,1,0,0.182,-1.07,1,0,0.27,-0.86,1,0,0.407,-0.81,1,0,0.179,-0.6,1,0,0.243,-0.8,1,0
54902,20230919,-93.29,41.56,0.179,-0.42,1,0,0.177,-0.79,1,0,0.182,-1.07,1,0,0.267,-0.87,1,0,0.406,-0.81,1,0,0.178,-0.6,1,0,0.242,-0.8,1,0
54902,20230920,-93.29,41.56,0.18,-0.41,1,0,0.181,-0.76,0.911,0,0.182,-1.07,1,0,0.265,-0.87,1,0,0.405,-0.82,1,0,0.18,-0.58,0.976,0,0.243,-0.79,1,0
54902,20230921,-93.29,41.56,0.181,-0.4,1,0,0.187,-0.72,0.768,0,0.182,-1.06,1,0,0.264,-0.87,1,0,0.404,-0.82,1,0,0.184,-0.55,0.976,0,0.243,-0.77,1,0
54902,20230922,-93.29,41.56,0.182,-0.39,0.988,0,0.192,-0.68,0.732,0,0.182,-1.06,1,0,0.262,-0.87,1,0,0.403,-0.83,1,0,0.187,-0.52,0.976,0,0.244,-0.76,1,0
54902,20230923,-93.29,41.56,0.183,-0.38,0.929,0,0.196,-0.65,0.732,0,0.182,-1.05,1,0,0.262,-0.87,1,0,0.403,-0.83,1,0,0.19,-0.5,0.976,0,0.245,-0.75,1,0
54902,20230924,-93.29,41.56,0.185,-0.36,0.839,0,0.2,-0.63,0.732,0,0.183,-1.05,1,0,0.261,-0.86,1,0,0.402,-0.84,1,0,0.192,-0.48,0.976,0,0.246,-0.73,1,0
54902,20230925,-93.29,41.56,0.186,-0.35,0.744,0,0.203,-0.6,0.732,0,0.183,-1.04,1,0,0.261,-0.86,1,0,0.402,-0.84,1,0,0.195,-0.46,0.976,0,0.247,-0.72,1,0
54902,20230926,-93.29,41.56,0.188,-0.34,0.655,0,0.207,-0.59,0.732,0,0.184,-1.03,1,0,0.26,-0.85,1,0,0.402,-0.84,1,0,0.197,-0.45,0.976,0,0.248,-0.71,1,0
54902,20230927,-93.29,41.56,0.189,-0.33,0.601,0,0.205,-0.61,0.821,0,0.184,-1.03,1,0,0.26,-0.85,1,0,0.402,-0.84,1,0,0.197,-0.45,1,0,0.248,-0.71,1,0
54902,20230928,-93.29,41.56,0.189,-0.33,0.524,0,0.2,-0.64,0.964,0,0.184,-1.03,1,0,0.26,-0.85,1,0,0.402,-0.84,1,0,0.195,-0.47,1,0,0.247,-0.72,1,0
54902,20230929,-93.29,41.56,0.189,-0.33,0.518,0,0.196,-0.67,1,0,0.185,-1.02,1,0,0.259,-0.85,1,0,0.401,-0.85,1,0,0.193,-0.48,1,0,0.246,-0.73,1,0
54902,20230930,-93.29,41.56,0.188,-0.33,0.536,0,0.193,-0.7,1,0,0.184,-1.02,1,0,0.259,-0.85,1,0,0.401,-0.85,1,0,0.191,-0.49,1,0,0.245,-0.74,1,0
54902,20231001,-93.29,41.56,0.188,-0.33,0.595,0,0.19,-0.72,1,0,0.184,-1.03,1,0,0.258,-0.84,1,0,0.401,-0.85,1,0,0.189,-0.5,1,0,0.244,-0.75,1,0
54902,20231002,-93.29,41.56,0.187,-0.33,0.679,0,0.186,-0.74,1,0,0.184,-1.03,1,0,0.257,-0.84,1,0,0.401,-0.85,1,0,0.186,-0.52,1,0,0.243,-0.75,1,0
54902,20231003,-93.29,41.56,0.186,-0.34,0.768,0,0.183,-0.75,1,0,0.184,-1.04,1,0,0.256,-0.84,1,0,0.4,-0.86,1,0,0.184,-0.53,1,0,0.242,-0.76,1,0
54902,20231004,-93.29,41.56,0.184,-0.34,0.821,0,0.18,-0.76,1,0,0.183,-1.05,1,0,0.256,-0.84,1,0,0.399,-0.87,1,0,0.182,-0.54,1,0,0.241,-0.77,1,0
54902,20231005,-93.29,41.56,0.183,-0.35,0.899,0,0.177,-0.77,1,0,0.183,-1.05,1,0,0.255,-0.85,1,0,0.399,-0.88,1,0,0.18,-0.54,1,0,0.239,-0.78,1,0
54902,20231006,-93.29,41.56,0.182,-0.36,0.917,0,0.174,-0.78,1,0,0.182,-1.06,1,0,0.254,-0.85,1,0,0.398,-0.89,1,0,0.178,-0.55,1,0,0.238,-0.78,1,0
54902,20231007,-93.29,41.56,0.18,-0.37,0.958,0,0.171,-0.8,1,0,0.182,-1.07,1,0,0.253,-0.86,1,0,0.397,-0.9,1,0,0.175,-0.57,1,0,0.237,-0.79,1,0
54902,20231008,-93.29,41.56,0.178,-0.38,0.988,0,0.168,-0.82,1,0,0.18,-1.07,1,0,0.252,-0.87,1,0,0.397,-0.91,1,0,0.173,-0.58,1,0,0.235,-0.8,1,0
54902,20231009,-93.29,41.56,0.175,-0.4,1,0,0.165,-0.83,1,0,0.179,-1.08,1,0,0.25,-0.88,1,0,0.396,-0.93,1,0,0.17,-0.6,1,0,0.233,-0.81,1,0
54902,20231010,-93.29,41.56,0.173,-0.41,1,0,0.162,-0.85,1,0,0.178,-1.09,1,0,0.248,-0.9,1,0,0.396,-0.95,1,0,0.168,-0.61,1,0,0.231,-0.83,1,0
54902,20231011,-93.29,41.56,0.171,-0.43,1,0,0.16,-0.87,1,0,0.176,-1.1,1,0,0.246,-0.92,1,0,0.395,-0.97,1,0,0.166,-0.63,1,0,0.23,-0.84,1,0
54902,20231012,-93.29,41.56,0.17,-0.45,1,0,0.158,-0.89,1,0,0.174,-1.12,1,0,0.244,-0.94,1,0,0.394,-1,1,0,0.164,-0.65,1,0,0.228,-0.86,1,0
54902,20231013,-93.29,41.56,0.172,-0.43,0.893,0,0.156,-0.91,1,0,0.173,-1.14,1,0,0.242,-0.96,1,0,0.392,-1.04,1,0,0.164,-0.66,1,0,0.227,-0.88,1,0
54902,20231014,-93.29,41.56,0.182,-0.39,0.75,0,0.159,-0.9,1,0,0.177,-1.12,1,0,0.243,-0.96,1,0,0.391,-1.08,1,0,0.17,-0.64,0.899,0,0.23,-0.87,1,0
54902,20231015,-93.29,41.56,0.191,-0.34,0.607,0,0.162,-0.89,1,0,0.182,-1.1,1,0,0.244,-0.96,1,0,0.39,-1.13,1,0,0.177,-0.61,0.798,0,0.234,-0.85,1,0
54902,20231016,-93.29,41.56,0.2,-0.31,0.464,0,0.165,-0.89,1,0,0.187,-1.08,1,0,0.246,-0.97,1,0,0.389,-1.19,1,0,0.182,-0.59,0.786,0,0.237,-0.84,1,0
54902,20231017,-93.29,41.56,0.208,-0.28,0.321,0,0.168,-0.88,1,0,0.192,-1.07,1,0,0.247,-0.98,1,0,0.388,-1.24,1,0,0.188,-0.57,0.786,0,0.24,-0.84,1,0
54902,20231018,-93.29,41.56,0.215,-0.26,0.179,0,0.171,-0.88,1,0,0.195,-1.05,1,0,0.248,-1,1,0,0.388,-1.3,1,0,0.193,-0.55,0.786,0,0.243,-0.83,1,0
54902,20231019,-93.29,41.56,0.222,-0.24,0.036,0,0.174,-0.88,1,0,0.199,-1.04,1,0,0.249,-1.02,1,0,0.387,-1.36,1,0,0.198,-0.53,0.786,0,0.246,-0.83,1,0
54902,20231020,-93.29,41.56,0.225,-0.24,0.012,0,0.176,-0.87,1,0,0.202,-1.03,1,0,0.25,-1.04,1,0,0.387,-1.41,1,0,0.201,-0.53,0.786,0,0.248,-0.83,1,0
54902,20231021,-93.29,41.56,0.221,-0.29,0.131,0,0.176,-0.89,1,0,0.2,-1.06,1,0,0.248,-1.08,1,0,0.386,-1.46,1,0,0.198,-0.55,0.887,0,0.246,-0.85,1,0
54902,20231022,-93.29,41.56,0.216,-0.34,0.274,0,0.174,-0.92,1,0,0.197,-1.09,1,0,0.246,-1.12,1,0,0.386,-1.5,1,0,0.195,-0.58,0.988,0,0.244,-0.88,1,0
54902,20231023,-93.29,41.56,0.212,-0.39,0.417,0,0.173,-0.94,1,0,0.194,-1.11,1,0,0.244,-1.15,1,0,0.385,-1.54,1,0,0.192,-0.61,1,0,0.242,-0.91,1,0
54902,20231024,-93.29,41.56,0.208,-0.43,0.56,0,0.172,-0.95,1,0,0.192,-1.14,1,0,0.242,-1.17,1,0,0.385,-1.58,1,0,0.19,-0.64,1,0,0.24,-0.93,1,0
54902,20231025,-93.29,41.56,0.205,-0.47,0.702,0,0.171,-0.97,1,0,0.19,-1.16,1,0,0.241,-1.18,1,0,0.385,-1.61,1,0,0.188,-0.68,1,0,0.238,-0.94,1,0
54902,20231026,-93.29,41.56,0.206,-0.48,0.81,0,0.171,-0.99,1,0,0.189,-1.17,1,0,0.239,-1.2,1,0,0.384,-1.65,1,0,0.189,-0.7,0.97,0,0.238,-0.95,1,0
54902,20231027,-93.29,41.56,0.221,-0.38,0.798,0.054,0.182,-0.94,0.881,0,0.191,-1.17,1,0,0.238,-1.21,1,0,0.384,-1.68,1,0,0.202,-0.63,0.827,0,0.243,-0.91,1,0
54902,20231028,-93.29,41.56,0.235,-0.29,0.679,0.054,0.193,-0.88,0.78,0,0.196,-1.15,1,0,0.237,-1.22,1,0,0.384,-1.72,1,0,0.214,-0.56,0.685,0,0.249,-0.88,1,0
54902,20231029,-93.29,41.56,0.248,-0.21,0.536,0.054,0.202,-0.84,0.78,0,0.2,-1.13,1,0,0.237,-1.23,1,0,0.384,-1.77,1,0,0.225,-0.5,0.542,0,0.254,-0.85,1,0
54902,20231030,-93.29,41.56,0.261,-0.13,0.393,0.054,0.211,-0.8,0.78,0,0.203,-1.12,1,0,0.236,-1.24,1,0,0.384,-1.83,1,0,0.236,-0.45,0.399,0,0.259,-0.82,1,0
54902,20231031,-93.29,41.56,0.273,-0.05,0.25,0.054,0.22,-0.78,0.78,0,0.206,-1.12,1,0,0.235,-1.25,1,0,0.384,-1.89,1,0,0.246,-0.4,0.274,0,0.264,-0.81,1,0
54902,20231101,-93.29,41.56,0.285,0.03,0.107,0.054,0.227,-0.76,0.78,0,0.209,-1.13,1,0,0.234,-1.27,1,0,0.384,-1.94,1,0,0.256,-0.35,0.262,0,0.268,-0.79,1,0
54902,20231102,-93.29,41.56,0.292,0.07,0,0.054,0.233,-0.74,0.78,0,0.211,-1.15,1,0,0.232,-1.28,1,0,0.383,-2,1,0,0.263,-0.32,0.292,0,0.27,-0.79,1,0
54902,20231103,-93.29,41.56,0.286,0.02,0,0,0.229,-0.8,0.899,0,0.21,-1.2,1,0,0.231,-1.3,1,0,0.382,-2.06,1,0,0.257,-0.39,0.435,0,0.267,-0.85,1,0
54902,20231104,-93.29,41.56,0.282,-0.03,0,0,0.224,-0.87,1,0,0.206,-1.29,1,0,0.229,-1.32,1,0,0.381,-2.12,1,0,0.253,-0.46,0.577,0,0.264,-0.92,1,0
54902,20231105,-93.29,41.56,0.278,-0.07,0,0,0.22,-0.93,1,0,0.203,-1.38,1,0,0.227,-1.33,1,0,0.379,-2.16,1,0,0.249,-0.52,0.72,0,0.262,-1,1,0
54902,20231106,-93.29,41.56,0.275,-0.1,0,0,0.217,-0.99,1,0,0.201,-1.46,1,0,0.226,-1.35,1,0,0.378,-2.2,1,0,0.246,-0.57,0.863,0,0.259,-1.07,1,0
54902,20231107,-93.29,41.56,0.273,-0.14,0,0,0.215,-1.04,1,0,0.2,-1.54,1,0,0.225,-1.36,1,0,0.377,-2.22,1,0,0.244,-0.61,0.988,0,0.258,-1.14,1,0
54902,20231108,-93.29,41.56,0.271,-0.17,0.03,0,0.212,-1.09,1,0,0.199,-1.61,1,0,0.224,-1.37,1,0,0.376,-2.24,1,0,0.242,-0.66,1,0,0.256,-1.22,1,0
54902,20231109,-93.29,41.56,0.269,-0.21,0.173,0,0.211,-1.14,1,0,0.198,-1.67,1,0,0.223,-1.38,1,0,0.375,-2.26,1,0,0.24,-0.71,1,0,0.255,-1.29,1,0
54902,20231110,-93.29,41.56,0.266,-0.25,0.315,0,0.208,-1.18,1,0,0.197,-1.71,1,0,0.223,-1.38,1,0,0.374,-2.27,1,0,0.237,-0.76,1,0,0.254,-1.34,1,0
54902,20231111,-93.29,41.56,0.263,-0.3,0.458,0,0.206,-1.23,1,0,0.196,-1.75,1,0,0.223,-1.38,1,0,0.374,-2.28,1,0,0.234,-0.82,1,0,0.253,-1.39,1,0
54902,20231112,-93.29,41.56,0.26,-0.35,0.601,0,0.203,-1.28,1,0,0.195,-1.77,1,0,0.223,-1.38,1,0,0.374,-2.28,1,0,0.232,-0.87,1,0,0.251,-1.43,1,0
54902,20231113,-93.29,41.56,0.257,-0.4,0.744,0,0.2,-1.32,1,0,0.194,-1.78,1,0,0.223,-1.38,1,0,0.374,-2.28,1,0,0.229,-0.92,1,0,0.25,-1.45,1,0
54902,20231114,-93.29,41.56,0.253,-0.45,0.887,0,0.198,-1.36,1,0,0.193,-1.8,1,0,0.223,-1.39,1,0,0.374,-2.29,1,0,0.225,-0.97,1,0,0.248,-1.48,1,0
54902,20231115,-93.29,41.56,0.25,-0.5,1,0,0.194,-1.39,1,0,0.192,-1.82,1,0,0.223,-1.39,1,0,0.373,-2.3,1,0,0.222,-1.02,1,0,0.247,-1.51,1,0
54902,20231116,-93.29,41.56,0.247,-0.55,1,0,0.192,-1.43,1,0,0.191,-1.84,1,0,0.223,-1.4,1,0,0.373,-2.31,1,0,0.219,-1.06,1,0,0.245,-1.54,1,0
54902,20231117,-93.29,41.56,0.243,-0.59,1,0,0.189,-1.46,1,0,0.19,-1.85,1,0,0.223,-1.41,1,0,0.373,-2.32,1,0,0.216,-1.1,1,0,0.244,-1.56,1,0
54902,20231118,-93.29,41.56,0.24,-0.63,1,0,0.187,-1.49,1,0,0.189,-1.86,1,0,0.223,-1.42,1,0,0.373,-2.32,1,0,0.213,-1.12,1,0,0.242,-1.58,1,0
54902,20231119,-93.29,41.56,0.237,-0.68,1,0,0.184,-1.53,1,0,0.188,-1.88,1,0,0.222,-1.44,1,0,0.373,-2.33,1,0,0.21,-1.16,1,0,0.241,-1.6,1,0
54902,20231120,-93.29,41.56,0.233,-0.72,1,0,0.182,-1.56,1,0,0.187,-1.89,1,0,0.222,-1.45,1,0,0.372,-2.33,1,0,0.208,-1.2,1,0,0.239,-1.62,1,0
54902,20231121,-93.29,41.56,0.23,-0.76,1,0,0.18,-1.58,1,0,0.186,-1.91,1,0,0.222,-1.46,1,0,0.372,-2.32,1,0,0.205,-1.24,1,0,0.238,-1.63,1,0
54902,20231122,-93.29,41.56,0.227,-0.79,1,0,0.178,-1.61,1,0,0.185,-1.92,1,0,0.222,-1.47,1,0,0.372,-2.32,1,0,0.203,-1.28,1,0,0.237,-1.64,1,0
54902,20231123,-93.29,41.56,0.223,-0.83,1,0,0.177,-1.63,1,0,0.184,-1.93,1,0,0.222,-1.48,1,0,0.372,-2.3,1,0,0.2,-1.33,1,0,0.236,-1.64,1,0
54902,20231124,-93.29,41.56,0.22,-0.86,1,0,0.175,-1.67,1,0,0.183,-1.95,1,0,0.222,-1.49,1,0,0.372,-2.29,1,0,0.197,-1.39,1,0,0.234,-1.65,1,0
54902,20231125,-93.29,41.56,0.217,-0.9,1,0,0.173,-1.7,1,0,0.182,-1.97,1,0,0.221,-1.51,1,0,0.372,-2.28,1,0,0.195,-1.45,1,0,0.233,-1.65,1,0
54902,20231126,-93.29,41.56,0.214,-0.93,1,0,0.172,-1.74,1,0,0.181,-1.99,1,0,0.22,-1.52,1,0,0.371,-2.27,1,0,0.193,-1.51,1,0,0.232,-1.64,1,0
54902,20231127,-93.29,41.56,0.211,-0.95,1,0,0.171,-1.77,1,0,0.18,-2.02,1,0,0.22,-1.53,1,0,0.37,-2.26,1,0,0.191,-1.57,1,0,0.23,-1.64,1,0
54902,20231128,-93.29,41.56,0.208,-0.99,1,0,0.17,-1.82,1,0,0.178,-2.04,1,0,0.219,-1.54,1,0,0.37,-2.27,1,0,0.189,-1.62,1,0,0.229,-1.65,1,0
54902,20231129,-93.29,41.56,0.204,-1.02,1,0,0.168,-1.87,1,0,0.177,-2.07,1,0,0.218,-1.55,1,0,0.369,-2.27,1,0,0.186,-1.67,1,0,0.227,-1.66,1,0
54902,20231130,-93.29,41.56,0.202,-1.04,1,0,0.167,-1.91,1,0,0.176,-2.1,1,0,0.217,-1.56,1,0,0.368,-2.28,1,0,0.184,-1.71,1,0,0.226,-1.67,1,0
54902,20231201,-93.29,41.56,0.2,-1.06,1,0,0.166,-1.93,1,0,0.175,-2.13,1,0,0.216,-1.57,1,0,0.367,-2.29,1,0,0.183,-1.75,1,0,0.225,-1.69,1,0
54902,20231202,-93.29,41.56,0.199,-1.07,1,0,0.165,-1.95,1,0,0.174,-2.16,1,0,0.216,-1.58,1,0,0.366,-2.3,1,0,0.182,-1.77,1,0,0.224,-1.74,1,0
54902,20231203,-93.29,41.56,0.197,-1.09,1,0,0.165,-1.97,1,0,0.173,-2.19,1,0,0.215,-1.59,1,0,0.365,-2.31,1,0,0.181,-1.79,1,0,0.223,-1.82,1,0
54902,20231204,-93.29,41.56,0.196,-1.1,1,0,0.165,-1.98,1,0,0.173,-2.22,1,0,0.214,-1.59,1,0,0.364,-2.31,1,0,0.181,-1.81,1,0,0.222,-1.91,1,0
54902,20231205,-93.29,41.56,0.196,-1.1,1,0,0.165,-1.99,1,0,0.172,-2.26,1,0,0.214,-1.59,1,0,0.363,-2.31,1,0,0.18,-1.82,1,0,0.222,-2,1,0
54902,20231206,-93.29,41.56,0.196,-1.11,1,0,0.165,-2,1,0,0.172,-2.3,1,0,0.214,-1.59,1,0,0.363,-2.31,1,0,0.18,-1.83,1,0,0.222,-2.09,1,0
54902,20231207,-93.29,41.56,0.195,-1.13,1,0,0.165,-2,1,0,0.172,-2.34,1,0,0.213,-1.6,1,0,0.362,-2.31,1,0,0.18,-1.84,1,0,0.222,-2.18,1,0
54902,20231208,-93.29,41.56,0.195,-1.15,1,0,0.165,-2,1,0,0.172,-2.39,1,0,0.213,-1.6,1,0,0.362,-2.31,1,0,0.18,-1.85,1,0,0.221,-2.27,1,0
54902,20231209,-93.29,41.56,0.196,-1.17,1,0,0.165,-2,1,0,0.172,-2.45,1,0,0.213,-1.61,1,0,0.362,-2.31,1,0,0.18,-1.84,1,0,0.222,-2.34,1,0
54902,20231210,-93.29,41.56,0.195,-1.2,1,0,0.166,-1.99,1,0,0.172,-2.49,1,0,0.213,-1.63,1,0,0.362,-2.31,1,0,0.181,-1.83,1,0,0.222,-2.37,1,0
54902,20231211,-93.29,41.56,0.195,-1.23,1,0,0.166,-1.99,1,0,0.172,-2.54,1,0,0.213,-1.66,1,0,0.362,-2.31,1,0,0.18,-1.82,1,0,0.221,-2.4,1,0
54902,20231212,-93.29,41.56,0.194,-1.27,1,0,0.165,-1.98,1,0,0.172,-2.59,1,0,0.213,-1.7,1,0,0.361,-2.31,1,0,0.18,-1.81,1,0,0.221,-2.42,1,0
54902,20231213,-93.29,41.56,0.193,-1.32,1,0,0.165,-1.98,1,0,0.172,-2.63,1,0,0.213,-1.74,1,0,0.361,-2.31,1,0,0.179,-1.8,1,0,0.221,-2.45,1,0
54902,20231214,-93.29,41.56,0.192,-1.38,1,0,0.165,-2,1,0,0.172,-2.66,1,0,0.213,-1.79,1,0,0.361,-2.31,1,0,0.179,-1.8,1,0,0.221,-2.47,1,0
54902,20231215,-93.29,41.56,0.191,-1.45,1,0,0.165,-2.04,1,0,0.171,-2.67,1,0,0.213,-1.86,1,0,0.361,-2.31,1,0,0.178,-1.81,1,0,0.22,-2.49,1,0
54902,20231216,-93.29,41.56,0.19,-1.52,1,0,0.164,-2.1,1,0,0.171,-2.68,1,0,0.212,-1.94,1,0,0.361,-2.3,1,0,0.177,-1.83,1,0,0.22,-2.5,1,0
54902,20231217,-93.29,41.56,0.19,-1.58,1,0,0.164,-2.17,1,0,0.171,-2.7,1,0,0.212,-2.04,1,0,0.36,-2.3,1,0,0.177,-1.87,1,0,0.219,-2.52,1,0
54902,20231218,-93.29,41.56,0.19,-1.64,1,0,0.164,-2.25,1,0,0.171,-2.71,1,0,0.212,-2.14,1,0,0.36,-2.3,1,0,0.177,-1.92,1,0,0.219,-2.55,1,0
54902,20231219,-93.29,41.56,0.189,-1.73,1,0,0.164,-2.34,1,0,0.171,-2.73,1,0,0.212,-2.23,1,0,0.36,-2.29,1,0,0.177,-1.98,1,0,0.219,-2.58,1,0
54902,20231220,-93.29,41.56,0.189,-1.8,1,0,0.164,-2.43,1,0,0.171,-2.75,1,0,0.212,-2.33,1,0,0.36,-2.28,1,0,0.177,-2.04,1,0,0.219,-2.61,1,0
54902,20231221,-93.29,41.56,0.188,-1.85,1,0,0.164,-2.5,1,0,0.17,-2.77,1,0,0.212,-2.42,1,0,0.359,-2.27,1,0,0.176,-2.08,1,0,0.219,-2.63,1,0
54902,20231222,-93.29,41.56,0.189,-1.88,1,0,0.164,-2.55,1,0,0.17,-2.8,1,0,0.211,-2.5,1,0,0.359,-2.25,1,0,0.176,-2.11,1,0,0.219,-2.65,1,0
54902,20231223,-93.29,41.56,0.189,-1.92,1,0,0.164,-2.58,1,0,0.171,-2.83,1,0,0.211,-2.56,1,0,0.359,-2.23,1,0,0.176,-2.15,1,0,0.219,-2.67,1,0
54902,20231224,-93.29,41.56,0.189,-1.97,1,0,0.165,-2.6,1,0,0.171,-2.85,1,0,0.212,-2.59,1,0,0.359,-2.22,1,0,0.177,-2.19,1,0,0.219,-2.7,1,0
54902,20231225,-93.29,41.56,0.193,-2.04,1,0,0.167,-2.61,1,0,0.171,-2.87,1,0,0.212,-2.62,1,0,0.359,-2.2,1,0,0.18,-2.22,1,0,0.22,-2.73,1,0
54902,20231226,-93.29,41.56,0.214,-2.08,1,0,0.187,-2.34,1,0,0.184,-2.71,1,0,0.212,-2.64,1,0,0.359,-2.17,1,0,0.2,-2.25,1,0,0.231,-2.75,1,0
54902,20231227,-93.29,41.56,0.232,-2.1,1,0,0.207,-2.07,1,0,0.196,-2.56,1,0,0.212,-2.65,1,0,0.359,-2.15,1,0,0.219,-2.27,1,0,0.241,-2.77,1,0
54902,20231228,-93.29,41.56,0.25,-2.22,1,0,0.226,-1.82,1,0,0.208,-2.42,1,0,0.213,-2.66,1,0,0.359,-2.12,1,0,0.238,-2.3,1,0,0.251,-2.8,1,0
54902,20231229,-93.29,41.56,0.267,,,,0.246,-1.57,1,0,0.22,-2.28,1,0,0.213,-2.66,1,0,0.359,-2.1,1,0,0.256,,,,0.261,,,
54902,20231230,-93.29,41.56,0.284,,,,0.264,-1.34,1,0,0.231,-2.16,1,0,0.214,-2.67,1,0,0.359,-2.08,1,0,0.274,,,,0.27,,,
54902,20231231,-93.29,41.56,0.299,,,,0.282,-1.11,1,0,0.242,-2.06,1,0,0.214,-2.68,1,0,0.359,-2.06,1,0,0.291,,,,0.279,,,
54902,20240101,-93.29,41.56,0.311,,,,0.298,-0.89,1,0,0.252,-1.99,1,0,0.214,-2.69,1,0,0.36,-2.05,1,0,0.304,,,,0.287,,,
54902,20240102,-93.29,41.56,0.306,,,,0.296,-0.92,1,0,0.25,-2.14,1,0,0.214,-2.71,1,0,0.36,-2.05,1,0,0.301,,,,0.285,,,
54902,20240103,-93.29,41.56,0.303,,,,0.293,-0.95,1,0,0.249,-2.31,1,0,0.213,-2.73,1,0,0.359,-2.05,1,0,0.298,,,,0.284,,,
54902,20240104,-93.29,41.56,0.301,,,,0.291,-0.98,1,0,0.248,-2.48,1,0,0.213,-2.75,1,0,0.359,-2.05,1,0,0.296,,,,0.282,,,
54902,20240105,-93.29,41.56,0.298,,,,0.289,-1.01,1,0,0.247,-2.66,1,0,0.212,-2.77,1,0,0.359,-2.05,1,0,0.293,,,,0.281,,,
54902,20240106,-93.29,41.56,0.296,,,,0.287,-1.04,1,0,0.246,-2.86,1,0,0.212,-2.79,1,0,0.358,-2.05,1,0,0.291,,,,0.28,,,
54902,20240107,-93.29,41.56,0.294,,,,0.285,-1.07,1,0,0.246,-3.07,1,0,0.211,-2.81,1,0,0.358,-2.05,1,0,0.29,,,,0.279,,,
54902,20240108,-93.29,41.56,0.293,,,,0.283,,,,0.245,-3.28,1,0,0.211,-2.84,1,0,0.358,-2.05,1,0,0.288,,,,0.278,,,
54902,20240109,-93.29,41.56,0.291,,,,0.282,,,,0.244,-3.47,1,0,0.211,-2.9,1,0,0.358,-2.05,1,0,0.287,,,,0.277,,,
54902,20240110,-93.29,41.56,0.29,,,,0.281,,,,0.243,-3.64,1,0,0.21,-3,1,0,0.357,-2.04,1,0,0.286,,,,0.276,,,
54902,20240111,-93.29,41.56,0.289,,,,0.28,,,,0.241,-3.84,1,0,0.21,-3.12,1,0,0.357,-2.04,1,0,0.285,,,,0.276,,,
54902,20240112,-93.29,41.56,0.288,,,,0.279,,,,0.24,-4.03,1,0,0.21,-3.26,1,0,0.357,-2.04,1,0,0.284,,,,0.275,,,
54902,20240113,-93.29,41.56,0.288,,,,0.278,,,,0.238,-4.22,1,0,0.21,-3.39,1,0,0.356,-2.04,1,0,0.283,,,,0.274,,,
54902,20240114,-93.29,41.56,0.287,,,,0.277,,,,0.236,-4.39,1,0,0.21,-3.53,1,0,0.356,-2.04,1,0,0.282,,,,0.273,,,
54902,20240115,-93.29,41.56,0.287,,,,0.276,,,,0.235,-4.52,1,0,0.21,-3.66,1,0,0.356,-2.04,1,0,0.282,,,,0.273,,,
54902,20240116,-93.29,41.56,,,,,0.275,,,,0.234,-4.64,1,0,0.21,-3.78,1,0,0.356,-2.05,1,0,,,,,,,,
54902,20240117,-93.29,41.56,,,,,0.274,,,,0.233,-4.73,1,0,0.209,-3.86,1,0,0.355,-2.06,1,0,,,,,,,,
54902,20240118,-93.29,41.56,,,,,0.273,,,,0.232,-4.8,1,0,0.209,-3.91,1,0,0.355,-2.07,1,0,,,,,,,,
54902,20240119,-93.29,41.56,,,,,0.273,,,,0.231,-4.85,1,0,0.209,-3.96,1,0,0.355,-2.08,1,0,,,,,,,,
54902,20240120,-93.29,41.56,,,,,0.273,,,,0.23,-4.9,1,0,0.208,-4.01,1,0,0.354,-2.11,1,0,,,,,,,,
54902,20240121,-93.29,41.56,,,,,0.272,,,,0.23,-4.94,1,0,0.208,-4.07,1,0,0.354,-2.13,1,0,,,,,,,,
54902,20240122,-93.29,41.56,,,,,0.274,,,,0.229,-4.99,1,0,0.207,-4.11,1,0,0.354,-2.16,1,0,,,,,,,,
54902,20240123,-93.29,41.56,,,,,0.273,,,,0.229,-5.06,1,0,0.207,-4.17,1,0,0.353,-2.2,1,0,,,,,,,,
54902,20240124,-93.29,41.56,,,,,0.273,,,,0.23,-5.09,1,0,0.207,-4.23,1,0,0.353,-2.24,1,0,,,,,,,,
54902,20240125,-93.29,41.56,,,,,0.275,,,,0.233,-5.08,1,0,0.206,-4.29,1,0,0.352,-2.27,1,0,,,,,,,,
54902,20240126,-93.29,41.56,,,,,0.288,,,,0.249,-4.73,0.982,0,0.218,-4.09,1,0,0.356,-2.23,1,0,,,,,,,,
54902,20240127,-93.29,41.56,,,,,0.301,,,,0.271,-4.24,0.936,0,0.235,-3.79,1,0,0.36,-2.18,1,0,,,,,,,,
54902,20240128,-93.29,41.56,,,,,0.317,,,,0.291,-3.87,0.929,0,0.252,-3.48,1,0,0.364,-2.13,1,0,,,,,,,,
54902,20240129,-93.29,41.56,,,,,0.323,,,,0.311,-3.52,0.917,0,0.279,-2.97,0.952,0,0.369,-2.06,1,0,,,,,,,,
54902,20240130,-93.29,41.56,,,,,0.332,,,,0.331,-3.02,0.9,0,0.308,-2.37,0.81,0,0.374,-1.98,1,0,,,,,,,,
54902,20240131,-93.29,41.56,,,,,0.341,,,,0.349,-2.35,0.868,0,0.338,-1.75,0.667,0,0.381,-1.86,1,0,,,,,,,,
54902,20240201,-93.29,41.56,,,,,0.347,,,,0.364,-1.21,0.808,0,0.368,-1.13,0.524,0,0.391,-1.69,1,0,,,,,,,,
54902,20240202,-93.29,41.56,,,,,0.341,,,,0.366,-0.69,0.781,0,0.385,-0.77,0.381,0,0.398,-1.58,1,0,,,,,,,,
54902,20240203,-93.29,41.56,,,,,0.333,,,,0.363,-0.97,1,0,0.398,-0.5,0.238,0,0.405,-1.46,1,0,,,,,,,,
54902,20240204,-93.29,41.56,,,,,0.325,,,,0.36,-1.18,1,0,0.41,-0.26,0.101,0,0.412,-1.34,1,0,,,,,,,,
54902,20240205,-93.29,41.56,,,,,0.321,,,,0.357,-1.2,1,0,0.412,-0.22,0.024,0,0.419,-1.22,1,0,,,,,,,,
54902,20240206,-93.29,41.56,,,,,0.318,,,,0.355,,,,0.412,-0.25,0.054,0,0.426,-1.11,1,0,,,,,,,,
54902,20240207,-93.29,41.56,0.313,,,,0.315,,,,0.352,,,,0.41,-0.3,0.149,0,0.43,-1.07,1,0,0.314,,,,0.364,,,
54902,20240208,-93.29,41.56,0.311,,,,0.313,,,,0.35,,,,0.409,-0.36,0.268,0,0.433,-1.08,1,0,0.312,,,,0.363,,,
54902,20240209,-93.29,41.56,0.309,,,,0.312,,,,0.349,,,,0.407,-0.41,0.405,0,0.434,-1.13,1,0,0.31,,,,0.362,,,
54902,20240210,-93.29,41.56,0.307,,,,0.311,,,,0.348,,,,0.406,-0.45,0.548,0,0.435,-1.21,1,0,0.309,,,,0.361,,,
54902,20240211,-93.29,41.56,0.306,,,,0.309,,,,0.347,,,,0.406,-0.47,0.679,0,0.436,-1.31,1,0,0.308,,,,0.361,,,
54902,20240212,-93.29,41.56,0.304,,,,0.308,,,,0.346,,,,0.405,-0.49,0.798,0,0.436,-1.42,1,0,0.306,,,,0.36,,,
54902,20240213,-93.29,41.56,0.302,,,,0.308,,,,0.345,,,,0.405,-0.52,0.911,0,0.436,-1.54,1,0,0.305,,,,0.359,,,
54902,20240214,-93.29,41.56,0.301,,,,0.307,,,,0.344,,,,0.404,-0.55,0.958,0,0.436,-1.66,1,0,0.304,,,,0.358,,,
54902,20240215,-93.29,41.56,0.3,,,,0.306,,,,0.344,,,,0.403,-0.57,0.982,0,0.436,-1.78,1,0,0.303,,,,0.358,,,
54902,20240216,-93.29,41.56,0.299,,,,0.305,,,,0.343,,,,0.403,-0.58,0.988,0,0.436,-1.89,1,0,0.302,,,,0.357,,,
54902,20240217,-93.29,41.56,0.298,,,,0.304,,,,0.342,,,,0.402,-0.6,0.988,0,0.436,-1.98,1,0,0.301,,,,0.356,,,
54902,20240218,-93.29,41.56,0.297,,,,0.303,,,,0.341,,,,0.401,-0.62,0.994,0,0.435,-2.07,1,0,0.3,,,,0.356,,,
54902,20240219,-93.29,41.56,0.298,,,,0.302,,,,0.34,,,,0.4,-0.65,1,0,0.435,-2.16,1,0,0.3,,,,0.355,,,
54902,20240220,-93.29,41.56,0.299,,,,0.301,,,,0.34,,,,0.399,-0.67,1,0,0.435,-2.24,1,0,0.3,,,,0.355,,,
54902,20240221,-93.29,41.56,0.301,,,,0.301,,,,0.34,,,,0.398,-0.69,1,0,0.434,-2.31,1,0,0.301,,,,0.355,,,
54902,20240222,-93.29,41.56,0.304,,,,0.301,,,,0.339,,,,0.398,-0.7,1,0,0.434,-2.37,1,0,0.303,,,,0.355,,,
54902,20240223,-93.29,41.56,0.306,,,,0.302,,,,0.34,,,,0.397,-0.71,1,0,0.434,-2.42,1,0,0.304,,,,0.356,,,
54902,20240224,-93.29,41.56,0.307,,,,0.303,,,,0.34,,,,0.397,-0.72,1,0,0.433,-2.46,1,0,0.305,,,,0.356,,,
54902,20240225,-93.29,41.56,0.309,,,,0.303,,,,0.34,,,,0.397,-0.72,1,0,0.433,-2.49,1,0,0.306,,,,0.357,,,
54902,20240226,-93.29,41.56,0.31,,,,0.304,,,,0.341,,,,0.397,-0.71,1,0,0.433,-2.5,1,0,0.307,,,,0.357,,,
54902,20240227,-93.29,41.56,0.31,,,,0.305,,,,0.342,,,,0.397,-0.71,1,0,0.433,-2.51,1,0,0.307,,,,0.357,,,
54902,20240228,-93.29,41.56,0.309,,,,0.305,,,,0.342,,,,0.397,-0.71,1,0,0.434,-2.51,1,0,0.307,,,,0.357,,,
54902,20240229,-93.29,41.56,0.306,,,,0.305,,,,0.342,,,,0.397,-0.71,0.994,0,0.434,-2.49,1,0,0.306,,,,0.357,,,
54902,20240301,-93.29,41.56,0.304,,,,0.304,,,,0.342,,,,0.397,-0.71,0.982,0,0.434,-2.48,1,0,0.304,,,,0.356,,,
54902,20240302,-93.29,41.56,0.303,,,,0.303,,,,0.341,-2.25,1,0,0.397,-0.73,0.982,0,0.435,-2.46,1,0,0.303,,,,0.356,,,
54902,20240303,-93.29,41.56,0.302,,,,0.302,,,,0.341,-2.18,1,0,0.397,-0.74,0.982,0,0.435,-2.45,1,0,0.302,,,,0.355,,,
54902,20240304,-93.29,41.56,0.301,,,,0.302,,,,0.341,-2.16,1,0,0.397,-0.76,0.982,0,0.435,-2.43,1,0,0.302,,,,0.355,,,
54902,20240305,-93.29,41.56,0.3,,,,0.301,,,,0.341,-2.18,1,0,0.397,-0.79,0.982,0,0.435,-2.41,1,0,0.301,,,,0.355,,,
54902,20240306,-93.29,41.56,0.299,,,,0.301,,,,0.34,-2.19,1,0,0.396,-0.81,0.982,0,0.436,-2.4,1,0,0.3,,,,0.354,,,
54902,20240307,-93.29,41.56,0.298,,,,0.3,,,,0.34,-2.21,1,0,0.396,-0.84,0.988,0,0.436,-2.39,1,0,0.299,,,,0.354,,,
54902,20240308,-93.29,41.56,0.298,,,,0.3,,,,0.341,-2.21,1,0,0.396,-0.88,1,0,0.436,-2.37,1,0,0.299,,,,0.354,,,
54902,20240309,-93.29,41.56,0.297,,,,0.3,,,,0.341,-2.22,1,0,0.396,-0.91,1,0,0.436,-2.35,1,0,0.298,,,,0.354,,,
54902,20240310,-93.29,41.56,0.295,,,,0.299,,,,0.341,-2.24,1,0,0.396,-0.94,1,0,0.436,-2.34,1,0,0.297,,,,0.353,,,
54902,20240311,-93.29,41.56,0.293,,,,0.298,,,,0.34,-2.27,1,0,0.396,-0.97,1,0,0.436,-2.32,1,0,0.295,,,,0.352,,,
54902,20240312,-93.29,41.56,0.292,,,,0.296,,,,0.34,-2.29,1,0,0.395,-1,1,0,0.436,-2.31,1,0,0.294,,,,0.352,,,
54902,20240313,-93.29,41.56,0.291,,,,0.296,,,,0.339,-2.29,1,0,0.395,-1.02,1,0,0.436,-2.29,1,0,0.293,,,,0.351,,,
54902,20240314,-93.29,41.56,0.292,,,,0.297,,,,0.341,-2.21,0.976,0,0.396,-1.02,0.982,0,0.436,-2.28,1,0,0.295,,,,0.352,,,
54902,20240315,-93.29,41.56,0.3,,,,0.303,,,,0.347,-1.99,0.958,0,0.399,-0.96,0.964,0,0.438,-2.17,1,0,0.302,,,,0.357,,,
54902,20240316,-93.29,41.56,0.306,,,,0.308,,,,0.352,-1.82,0.958,0,0.401,-0.91,0.964,0,0.442,-2.04,1,0,0.307,,,,0.362,,,
54902,20240317,-93.29,41.56,0.312,,,,0.313,,,,0.356,-1.65,0.958,0,0.403,-0.86,0.964,0,0.445,-1.91,1,0,0.312,,,,0.366,,,
54902,20240318,-93.29,41.56,0.317,,,,0.317,,,,0.36,-1.52,0.958,0,0.405,-0.81,0.964,0,0.449,-1.76,1,0,0.317,,,,0.369,,,
54902,20240319,-93.29,41.56,0.321,,,,0.321,,,,0.363,-1.4,0.958,0,0.407,-0.76,0.964,0,0.452,-1.62,1,0,0.321,,,,0.373,,,
54902,20240320,-93.29,41.56,0.325,,,,0.324,,,,0.366,-1.3,0.958,0,0.408,-0.73,0.964,0,0.456,-1.49,1,0,0.325,,,,0.376,,,
54902,20240321,-93.29,41.56,0.327,-0.87,1,0,0.325,-2.65,1,0,0.366,-1.29,0.982,0,0.409,-0.72,0.982,0,0.459,-1.37,1,0,0.326,,,,0.377,,,
54902,20240322,-93.29,41.56,0.322,-0.91,1,0,0.321,-2.65,1,0,0.362,-1.42,1,0,0.408,-0.78,1,0,0.46,-1.36,1,0,0.321,,,,0.375,,,
54902,20240323,-93.29,41.56,0.323,-0.35,0.424,0,0.32,-2.44,1,0,0.361,-1.45,1,0,0.408,-0.82,1,0,0.46,-1.39,1,0,0.321,-0.67,1,0,0.374,-1.13,1,0
54902,20240324,-93.29,41.56,0.324,-0.3,0.316,0,0.319,-2.34,1,0,0.361,-1.46,1,0,0.408,-0.85,1,0,0.459,-1.43,1,0,0.322,-0.77,1,0,0.374,-1.19,1,0
54902,20240325,-93.29,41.56,0.328,-0.16,0.259,0.025,0.322,-2.14,1,0,0.364,-1.37,0.982,0,0.408,-0.87,1,0,0.459,-1.49,1,0,0.325,-0.64,0.818,0,0.376,-1.05,1,0
54902,20240326,-93.29,41.56,0.333,-0.1,0.2,0.048,0.325,-1.99,1,0,0.367,-1.26,0.964,0,0.409,-0.86,0.994,0,0.459,-1.54,1,0,0.329,-0.57,0.822,0,0.379,-0.97,0.966,0
54902,20240327,-93.29,41.56,0.338,-0.06,0.163,0.039,0.329,-1.87,1,0,0.371,-1.14,0.946,0,0.411,-0.8,0.863,0,0.46,-1.51,1,0,0.334,-0.53,0.772,0,0.382,-0.9,0.973,0
54902,20240328,-93.29,41.56,0.342,-0.07,0.12,0.033,0.332,-1.76,1,0,0.374,-1.07,0.946,0,0.413,-0.73,0.774,0,0.462,-1.47,1,0,0.337,-0.56,0.812,0,0.385,-0.89,0.978,0
54902,20240329,-93.29,41.56,0.345,-0.05,0.091,0.03,0.335,-1.62,1,0,0.376,-1.02,0.946,0,0.415,-0.66,0.726,0,0.464,-1.42,1,0,0.34,-0.58,0.84,0,0.387,-0.9,0.981,0
54902,20240330,-93.29,41.56,0.344,-0.09,0.226,0.03,0.336,-1.56,1,0,0.376,-1.03,0.946,0,0.417,-0.6,0.72,0,0.466,-1.36,1,0,0.34,-0.61,0.845,0,0.388,-0.9,0.982,0
54902,20240331,-93.29,41.56,0.343,-0.12,0.345,0.03,0.336,-1.52,1,0,0.376,-1.05,0.946,0,0.419,-0.55,0.72,0,0.468,-1.3,1,0,0.339,-0.61,0.845,0,0.388,-0.88,0.982,0
54902,20240401,-93.29,41.56,0.338,-0.21,0.47,0.018,0.334,-1.6,1,0,0.374,-1.16,0.964,0,0.42,-0.51,0.72,0,0.47,-1.23,1,0,0.336,-0.68,0.917,0,0.387,-0.92,0.982,0
54902,20240402,-93.29,41.56,0.334,-0.29,0.613,0,0.332,-1.69,1,0,0.371,-1.27,0.982,0,0.42,-0.5,0.726,0,0.471,-1.2,1,0,0.333,-0.75,0.94,0,0.386,-0.98,1,0
54902,20240403,-93.29,41.56,0.335,-0.28,0.637,0.006,0.331,-1.71,1,0,0.369,-1.34,1,0,0.42,-0.52,0.857,0,0.471,-1.23,1,0,0.333,-0.75,0.887,0,0.385,-1,1,0
54902,20240404,-93.29,41.56,0.336,-0.25,0.637,0.006,0.332,-1.67,1,0,0.37,-1.37,1,0,0.42,-0.54,0.946,0,0.471,-1.29,1,0,0.334,-0.72,0.875,0,0.386,-1,1,0
54902,20240405,-93.29,41.56,0.336,-0.23,0.595,0.006,0.332,-1.63,1,0,0.37,-1.39,1,0,0.419,-0.57,0.994,0,0.471,-1.34,1,0,0.334,-0.69,0.875,0,0.386,-0.99,1,0
54902,20240406,-93.29,41.56,0.337,-0.21,0.452,0.006,0.333,-1.59,1,0,0.37,-1.42,1,0,0.419,-0.59,1,0,0.471,-1.38,1,0,0.335,-0.67,0.875,0,0.386,-0.99,1,0
54902,20240407,-93.29,41.56,0.337,-0.2,0.405,0.006,0.333,-1.55,1,0,0.37,-1.44,1,0,0.419,-0.61,1,0,0.47,-1.42,1,0,0.335,-0.65,0.875,0,0.386,-0.99,1,0
54902,20240408,-93.29,41.56,0.337,-0.17,0.298,0.006,0.333,-1.48,1,0,0.37,-1.44,1,0,0.419,-0.64,1,0,0.47,-1.47,1,0,0.335,-0.62,0.875,0,0.386,-0.97,1,0
54902,20240409,-93.29,41.56,0.337,-0.15,0.256,0.006,0.334,-1.41,1,0,0.37,-1.44,1,0,0.418,-0.66,1,0,0.47,-1.51,1,0,0.336,-0.59,0.875,0,0.386,-0.96,1,0
54902,20240410,-93.29,41.56,0.332,-0.23,0.369,0,0.332,-1.43,1,0,0.369,-1.49,1,0,0.418,-0.68,1,0,0.47,-1.54,1,0,0.332,-0.64,0.988,0,0.384,-1.01,1,0
54902,20240411,-93.29,41.56,0.327,-0.3,0.512,0,0.329,-1.47,1,0,0.367,-1.53,1,0,0.418,-0.69,1,0,0.47,-1.57,1,0,0.328,-0.7,1,0,0.382,-1.06,1,0
54902,20240412,-93.29,41.56,0.322,-0.37,0.655,0,0.327,-1.5,1,0,0.366,-1.54,1,0,0.418,-0.69,1,0,0.47,-1.6,1,0,0.325,-0.74,1,0,0.381,-1.09,1,0
54902,20240413,-93.29,41.56,0.317,-0.43,0.798,0,0.324,-1.52,1,0,0.365,-1.53,1,0,0.418,-0.69,1,0,0.47,-1.64,1,0,0.321,-0.79,1,0,0.379,-1.12,1,0
54902,20240414,-93.29,41.56,0.311,-0.5,0.845,0,0.321,-1.55,1,0,0.364,-1.53,1,0,0.418,-0.68,1,0,0.471,-1.68,1,0,0.316,-0.84,1,0,0.377,-1.15,1,0
54902,20240415,-93.29,41.56,0.304,-0.61,0.952,0,0.317,-1.58,1,0,0.363,-1.53,1,0,0.418,-0.68,1,0,0.471,-1.71,1,0,0.311,-0.92,1,0,0.375,-1.2,1,0
54902,20240416,-93.29,41.56,0.294,-0.74,0.994,0,0.313,-1.64,1,0,0.361,-1.54,1,0,0.418,-0.68,1,0,0.471,-1.76,1,0,0.303,-1.03,1,0,0.371,-1.27,1,0
54902,20240417,-93.29,41.56,0.285,-0.87,1,0,0.307,-1.7,1,0,0.36,-1.54,1,0,0.417,-0.69,1,0,0.471,-1.82,1,0,0.296,-1.14,1,0,0.368,-1.34,1,0
54902,20240418,-93.29,41.56,0.277,-0.98,1,0,0.302,-1.74,1,0,0.358,-1.54,1,0,0.417,-0.71,1,0,0.472,-1.87,1,0,0.289,-1.24,1,0,0.365,-1.41,1,0
54902,20240419,-93.29,41.56,0.283,-0.87,0.863,0.054,0.303,-1.67,1,0,0.36,-1.44,1,0,0.416,-0.73,1,0,0.472,-1.91,1,0,0.293,-1.15,0.875,0,0.367,-1.33,1,0
54902,20240420,-93.29,41.56,0.289,-0.75,0.72,0.054,0.303,-1.58,1,0,0.361,-1.39,1,0,0.416,-0.75,1,0,0.472,-1.99,1,0,0.296,-1.06,0.732,0,0.368,-1.26,1,0
54902,20240421,-93.29,41.56,0.295,-0.63,0.577,0.054,0.304,-1.51,1,0,0.362,-1.35,1,0,0.415,-0.78,1,0,0.472,-2.07,1,0,0.299,-0.97,0.72,0,0.37,-1.2,1,0
54902,20240422,-93.29,41.56,0.301,-0.51,0.435,0.054,0.305,-1.44,1,0,0.363,-1.33,1,0,0.414,-0.81,1,0,0.472,-2.15,1,0,0.303,-0.87,0.72,0,0.371,-1.14,1,0
54902,20240423,-93.29,41.56,0.308,-0.37,0.292,0.054,0.307,-1.36,1,0,0.363,-1.32,1,0,0.413,-0.86,1,0,0.472,-2.24,1,0,0.307,-0.76,0.72,0,0.373,-1.08,1,0
54902,20240424,-93.29,41.56,0.314,-0.25,0.22,0.054,0.308,-1.29,1,0,0.364,-1.33,1,0,0.413,-0.91,1,0,0.472,-2.31,1,0,0.311,-0.67,0.72,0,0.374,-1.03,1,0
54902,20240425,-93.29,41.56,0.319,-0.15,0.22,0.054,0.309,-1.22,1,0,0.364,-1.35,1,0,0.412,-0.96,1,0,0.472,-2.41,1,0,0.314,-0.59,0.72,0,0.375,-1,1,0
54902,20240426,-93.29,41.56,0.308,-0.3,0.357,0,0.304,-1.29,1,0,0.361,-1.46,1,0,0.411,-1.03,1,0,0.471,-2.53,1,0,0.306,-0.71,0.845,0,0.371,-1.14,1,0
54902,20240427,-93.29,41.56,0.303,-0.35,0.446,0.054,0.301,-1.33,1,0,0.36,-1.49,1,0,0.41,-1.1,1,0,0.471,-2.62,1,0,0.302,-0.77,0.935,0,0.369,-1.21,1,0
54902,20240428,-93.29,41.56,0.309,-0.26,0.446,0.196,0.303,-1.25,0.958,0,0.362,-1.42,1,0,0.409,-1.16,1,0,0.471,-2.7,1,0,0.306,-0.68,0.804,0.06,0.371,-1.15,0.935,0
54902,20240429,-93.29,41.56,0.316,-0.16,0.446,0.339,0.308,-1.13,0.815,0,0.364,-1.34,1,0,0.408,-1.2,1,0,0.471,-2.79,1,0,0.312,-0.56,0.661,0.089,0.373,-1.06,0.887,0
54902,20240430,-93.29,41.56,0.322,-0.06,0.452,0.476,0.312,-1.01,0.717,0,0.366,-1.25,1,0,0.408,-1.23,1,0,0.471,-2.86,1,0,0.317,-0.44,0.524,0.09,0.376,-0.97,0.88,0
54902,20240501,-93.29,41.56,0.332,0.09,0.38,0.578,0.319,-0.84,0.633,0,0.369,-1.11,0.94,0,0.408,-1.24,1,0,0.471,-2.94,1,0,0.325,-0.27,0.38,0.157,0.38,-0.82,0.813,0
54902,20240502,-93.29,41.56,0.343,0.26,0.235,0.723,0.327,-0.65,0.488,0,0.375,-0.91,0.795,0,0.408,-1.25,1,0,0.471,-2.98,1,0,0.335,-0.07,0.235,0.301,0.385,-0.63,0.669,0
54902,20240503,-93.29,41.56,0.359,0.48,0.09,0.867,0.339,-0.4,0.343,0.03,0.383,-0.62,0.651,0.054,0.411,-1.15,0.952,0,0.473,-2.9,1,0,0.349,0.18,0.09,0.446,0.393,-0.34,0.524,0.12
54902,20240504,-93.29,41.56,0.366,0.59,0,0.958,0.347,-0.21,0.199,0.03,0.387,-0.47,0.506,0.054,0.415,-1.01,0.807,0,0.475,-2.69,1,0,0.357,0.34,0,0.56,0.398,-0.14,0.38,0.12
54902,20240505,-93.29,41.56,0.366,0.6,0,0.958,0.351,-0.12,0.096,0.03,0.389,-0.38,0.361,0.054,0.419,-0.86,0.663,0,0.478,-2.46,1,0,0.358,0.38,0,0.639,0.4,-0.04,0.301,0.217
54902,20240506,-93.29,41.56,0.365,0.59,0,0.958,0.351,-0.08,0.096,0.03,0.391,-0.3,0.217,0.054,0.422,-0.71,0.518,0,0.481,-2.21,1,0,0.358,0.39,0,0.699,0.402,0.03,0.205,0.217
54902,20240507,-93.29,41.56,0.365,0.59,0,0.958,0.353,-0.03,0.06,0.054,0.393,-0.21,0.083,0.077,0.426,-0.57,0.381,0.006,0.483,-1.95,1,0,0.359,0.41,0,0.72,0.404,0.11,0.077,0.244
54902,20240508,-93.29,41.56,0.365,0.61,0,1,0.355,0.03,0,0.077,0.396,-0.1,0,0.089,0.431,-0.36,0.238,0.06,0.487,-1.66,1,0,0.36,0.45,0,0.798,0.407,0.22,0,0.363
54902,20240509,-93.29,41.56,0.363,0.58,0,0.964,0.355,0.05,0,0.077,0.397,-0.09,0,0.089,0.436,-0.17,0.095,0.06,0.49,-1.4,1,0,0.359,0.43,0,0.685,0.408,0.27,0,0.363
54902,20240510,-93.29,41.56,0.357,0.51,0,0.821,0.352,0.01,0,0.048,0.394,-0.17,0,0.036,0.438,-0.1,0,0.06,0.492,-1.23,1,0,0.354,0.36,0,0.542,0.406,0.22,0,0.244
54902,20240511,-93.29,41.56,0.354,0.46,0,0.679,0.35,0,0,0.048,0.393,-0.19,0.012,0.036,0.439,-0.05,0,0.06,0.493,-1.15,1,0,0.352,0.33,0,0.429,0.406,0.21,0,0.244
54902,20240512,-93.29,41.56,0.345,0.37,0,0.536,0.347,-0.05,0,0.048,0.392,-0.22,0.107,0.036,0.44,-0.03,0,0.06,0.493,-1.1,1,0,0.346,0.24,0,0.292,0.403,0.14,0,0.149
54902,20240513,-93.29,41.56,0.337,0.27,0,0.393,0.343,-0.1,0.012,0.048,0.39,-0.25,0.25,0.036,0.44,-0.02,0,0.06,0.494,-1.06,1,0,0.34,0.16,0,0.202,0.401,0.08,0,0.149
54902,20240514,-93.29,41.56,0.328,0.16,0,0.25,0.339,-0.15,0.018,0.024,0.388,-0.31,0.393,0.012,0.44,-0.01,0,0.054,0.494,-1.01,1,0,0.333,0.07,0,0.173,0.398,0,0.006,0.119
54902,20240515,-93.29,41.56,0.317,0.03,0,0.107,0.333,-0.23,0.018,0,0.384,-0.41,0.536,0,0.439,-0.07,0,0,0.495,-0.97,1,0,0.325,-0.05,0,0.03,0.393,-0.12,0.024,0
54902,20240516,-93.29,41.56,0.308,-0.07,0,0,0.329,-0.29,0.018,0,0.381,-0.47,0.679,0,0.438,-0.11,0,0,0.495,-0.94,1,0,0.318,-0.13,0,0,0.39,-0.21,0.137,0
54902,20240517,-93.29,41.56,0.299,-0.16,0,0,0.324,-0.34,0.083,0,0.379,-0.52,0.821,0,0.437,-0.15,0,0,0.495,-0.95,1,0,0.312,-0.21,0.006,0,0.387,-0.29,0.28,0
54902,20240518,-93.29,41.56,0.29,-0.25,0.095,0,0.32,-0.39,0.226,0,0.376,-0.58,0.952,0,0.436,-0.18,0,0,0.495,-0.99,1,0,0.305,-0.29,0.149,0,0.383,-0.38,0.423,0
54902,20240519,-93.29,41.56,0.282,-0.33,0.238,0,0.315,-0.45,0.369,0,0.374,-0.63,1,0,0.435,-0.21,0.012,0,0.495,-1.02,1,0,0.298,-0.36,0.292,0,0.38,-0.45,0.565,0
54902,20240520,-93.29,41.56,0.287,-0.27,0.286,0.089,0.319,-0.37,0.405,0.054,0.377,-0.54,0.911,0.054,0.437,-0.15,0.018,0.054,0.495,-1,0.952,0,0.303,-0.29,0.339,0.071,0.383,-0.38,0.619,0.054
54902,20240521,-93.29,41.56,0.301,-0.13,0.286,0.232,0.328,-0.24,0.399,0.196,0.384,-0.38,0.768,0.173,0.441,0.01,0.018,0.196,0.496,-0.91,0.881,0,0.315,-0.15,0.339,0.214,0.39,-0.21,0.613,0.196
54902,20240522,-93.29,41.56,0.318,0.04,0.286,0.375,0.339,-0.07,0.399,0.339,0.394,-0.15,0.625,0.315,0.449,0.27,0.018,0.339,0.498,-0.77,0.738,0,0.329,0.02,0.339,0.357,0.4,0.01,0.595,0.339
54902,20240523,-93.29,41.56,0.33,0.17,0.286,0.518,0.347,0.04,0.399,0.435,0.4,0,0.482,0.411,0.454,0.44,0.018,0.482,0.5,-0.64,0.595,0,0.339,0.14,0.339,0.5,0.406,0.16,0.482,0.482
54902,20240524,-93.29,41.56,0.341,0.28,0.286,0.583,0.354,0.14,0.333,0.446,0.405,0.13,0.339,0.423,0.457,0.58,0.018,0.625,0.502,-0.5,0.452,0,0.348,0.25,0.333,0.53,0.412,0.29,0.339,0.583
54902,20240525,-93.29,41.56,0.358,0.46,0.19,0.726,0.365,0.31,0.19,0.589,0.414,0.33,0.196,0.554,0.463,0.77,0.018,0.768,0.505,-0.33,0.31,0,0.362,0.42,0.19,0.673,0.421,0.49,0.196,0.726
54902,20240526,-93.29,41.56,0.373,0.6,0.048,0.845,0.375,0.44,0.048,0.601,0.42,0.48,0.054,0.554,0.468,0.92,0.006,0.911,0.507,-0.18,0.167,0,0.374,0.56,0.048,0.762,0.429,0.66,0.054,0.845
54902,20240527,-93.29,41.56,0.373,0.61,0,0.756,0.376,0.46,0,0.548,0.42,0.49,0,0.5,0.47,0.98,0,1,0.509,-0.11,0.131,0,0.375,0.57,0,0.69,0.43,0.68,0,0.792
54902,20240528,-93.29,41.56,0.365,0.54,0,0.613,0.371,0.39,0,0.405,0.417,0.42,0,0.381,0.468,0.92,0,1,0.509,-0.09,0.083,0,0.368,0.5,0,0.548,0.426,0.6,0,0.649
54902,20240529,-93.29,41.56,0.351,0.41,0,0.47,0.362,0.28,0,0.262,0.409,0.28,0,0.238,0.464,0.76,0,1,0.509,-0.1,0.083,0,0.357,0.38,0,0.405,0.419,0.46,0,0.506
54902,20240530,-93.29,41.56,0.341,0.33,0,0.327,0.357,0.21,0,0.167,0.406,0.23,0,0.143,0.461,0.67,0,0.988,0.509,-0.1,0.083,0,0.349,0.3,0,0.262,0.415,0.38,0,0.363
54902,20240531,-93.29,41.56,0.333,0.27,0,0.262,0.352,0.16,0,0.155,0.404,0.19,0,0.131,0.46,0.63,0,0.94,0.509,-0.09,0.083,0,0.342,0.24,0,0.232,0.412,0.32,0,0.262
54902,20240601,-93.29,41.56,0.318,0.14,0,0.119,0.342,0.05,0,0.012,0.398,0.09,0,0,0.457,0.52,0,0.851,0.509,-0.12,0.095,0,0.33,0.12,0,0.089,0.405,0.19,0,0.119
54902,20240602,-93.29,41.56,0.307,0.05,0,0,0.335,-0.03,0,0,0.395,0.05,0,0,0.455,0.47,0,0.75,0.509,-0.12,0.101,0,0.321,0.04,0,0,0.4,0.11,0,0
54902,20240603,-93.29,41.56,0.298,-0.03,0,0,0.329,-0.09,0,0,0.393,0.02,0,0,0.454,0.43,0,0.637,0.509,-0.1,0.06,0,0.313,-0.04,0,0,0.397,0.05,0,0
54902,20240604,-93.29,41.56,0.29,-0.09,0,0,0.323,-0.14,0,0,0.391,0,0,0,0.453,0.4,0,0.494,0.509,-0.1,0.042,0,0.306,-0.1,0,0,0.393,-0.01,0,0
54902,20240605,-93.29,41.56,0.289,-0.09,0,0.06,0.322,-0.15,0,0,0.393,0.03,0,0.06,0.453,0.41,0,0.411,0.51,-0.1,0.042,0,0.305,-0.1,0,0.054,0.393,-0.01,0,0.06
54902,20240606,-93.29,41.56,0.296,-0.03,0,0.167,0.325,-0.12,0,0,0.396,0.07,0,0.083,0.455,0.44,0,0.423,0.51,-0.09,0.042,0,0.311,-0.05,0,0.077,0.396,0.04,0,0.101
54902,20240607,-93.29,41.56,0.302,0.01,0,0.167,0.327,-0.09,0,0,0.398,0.1,0,0.083,0.456,0.46,0,0.47,0.511,-0.06,0.042,0,0.314,-0.02,0,0.077,0.399,0.07,0,0.101
54902,20240608,-93.29,41.56,0.305,0.05,0,0.167,0.328,-0.06,0,0,0.399,0.13,0,0.083,0.457,0.48,0,0.56,0.512,-0.01,0.03,0,0.317,0.01,0,0.077,0.4,0.1,0,0.101
54902,20240609,-93.29,41.56,0.309,0.08,0,0.167,0.329,-0.04,0,0,0.4,0.16,0,0.083,0.458,0.49,0,0.661,0.512,0.03,0.024,0,0.319,0.04,0,0.077,0.402,0.13,0,0.101
54902,20240610,-93.29,41.56,0.311,0.1,0,0.167,0.33,-0.02,0,0,0.401,0.18,0,0.083,0.458,0.49,0,0.744,0.514,0.08,0.006,0,0.321,0.06,0,0.077,0.403,0.15,0,0.101
54902,20240611,-93.29,41.56,0.313,0.12,0,0.167,0.33,-0.01,0,0,0.402,0.19,0,0.083,0.458,0.5,0,0.845,0.515,0.14,0,0,0.321,0.07,0,0.077,0.403,0.17,0,0.101
54902,20240612,-93.29,41.56,0.307,0.07,0,0.107,0.325,-0.05,0,0,0.398,0.15,0,0.024,0.457,0.46,0,0.833,0.515,0.16,0,0,0.316,0.02,0,0.024,0.4,0.13,0,0.042
54902,20240613,-93.29,41.56,0.294,-0.04,0,0,0.315,-0.14,0.071,0,0.393,0.1,0,0,0.454,0.41,0,0.69,0.516,0.17,0,0,0.304,-0.08,0.06,0,0.394,0.05,0,0
54902,20240614,-93.29,41.56,0.283,-0.13,0.06,0,0.306,-0.23,0.214,0,0.389,0.05,0,0,0.453,0.37,0,0.548,0.516,0.18,0,0,0.294,-0.17,0.202,0,0.389,-0.01,0,0
54902,20240615,-93.29,41.56,0.273,-0.21,0.202,0,0.296,-0.32,0.357,0,0.385,0,0,0,0.45,0.33,0,0.405,0.516,0.17,0,0,0.284,-0.26,0.345,0,0.384,-0.08,0,0
54902,20240616,-93.29,41.56,0.265,-0.28,0.345,0,0.286,-0.41,0.5,0,0.38,-0.05,0,0,0.448,0.29,0,0.262,0.515,0.17,0,0,0.275,-0.34,0.488,0,0.379,-0.14,0,0
54902,20240617,-93.29,41.56,0.257,-0.33,0.488,0,0.276,-0.5,0.643,0,0.375,-0.1,0,0,0.446,0.25,0,0.149,0.515,0.16,0,0,0.267,-0.42,0.631,0,0.374,-0.2,0,0
54902,20240618,-93.29,41.56,0.252,-0.37,0.631,0,0.266,-0.59,0.786,0,0.37,-0.15,0,0,0.443,0.21,0,0.048,0.514,0.14,0,0,0.259,-0.48,0.774,0,0.369,-0.25,0.018,0
54902,20240619,-93.29,41.56,0.247,-0.4,0.774,0,0.257,-0.67,0.929,0,0.364,-0.2,0,0,0.441,0.17,0,0,0.513,0.12,0,0,0.252,-0.54,0.917,0,0.364,-0.3,0.113,0
54902,20240620,-93.29,41.56,0.243,-0.42,0.917,0,0.249,-0.74,1,0,0.358,-0.25,0,0,0.438,0.12,0,0,0.512,0.1,0,0,0.246,-0.59,1,0,0.36,-0.34,0.238,0
54902,20240621,-93.29,41.56,0.241,-0.43,1,0,0.243,-0.79,1,0,0.353,-0.29,0,0,0.435,0.08,0,0,0.512,0.07,0,0,0.242,-0.62,1,0,0.357,-0.37,0.327,0
54902,20240622,-93.29,41.56,0.24,-0.43,0.893,0,0.238,-0.83,1,0,0.348,-0.33,0,0,0.432,0.04,0,0,0.511,0.05,0,0,0.239,-0.64,1,0,0.354,-0.39,0.345,0
54902,20240623,-93.29,41.56,0.239,-0.41,0.75,0,0.235,-0.85,1,0,0.343,-0.36,0,0,0.429,0,0,0,0.51,0.03,0,0,0.237,-0.64,1,0,0.351,-0.41,0.369,0
54902,20240624,-93.29,41.56,0.239,-0.4,0.613,0,0.232,-0.86,1,0,0.339,-0.38,0,0,0.427,-0.04,0,0,0.509,0.01,0,0,0.236,-0.64,1,0,0.349,-0.42,0.464,0
54902,20240625,-93.29,41.56,0.238,-0.4,0.536,0,0.23,-0.86,1,0,0.334,-0.4,0.06,0,0.424,-0.08,0,0,0.508,0,0,0,0.234,-0.64,1,0,0.347,-0.43,0.589,0
54902,20240626,-93.29,41.56,0.249,-0.31,0.399,0.048,0.242,-0.75,0.923,0.06,0.341,-0.33,0.113,0.065,0.425,-0.06,0,0.048,0.508,0,0,0,0.245,-0.55,0.923,0.054,0.353,-0.35,0.554,0.048
54902,20240627,-93.29,41.56,0.267,-0.17,0.256,0.155,0.262,-0.58,0.78,0.06,0.352,-0.23,0.113,0.101,0.43,0.01,0,0.149,0.509,0.02,0,0,0.265,-0.39,0.78,0.107,0.364,-0.22,0.429,0.101
54902,20240628,-93.29,41.56,0.284,-0.05,0.113,0.155,0.281,-0.43,0.637,0.06,0.362,-0.13,0.113,0.101,0.434,0.07,0,0.149,0.51,0.05,0,0,0.282,-0.25,0.637,0.107,0.374,-0.1,0.339,0.101
54902,20240629,-93.29,41.56,0.305,0.11,0.077,0.298,0.304,-0.23,0.494,0.155,0.378,0.01,0.113,0.238,0.441,0.16,0,0.286,0.511,0.1,0,0.012,0.305,-0.07,0.494,0.25,0.388,0.06,0.321,0.244
54902,20240630,-93.29,41.56,0.324,0.24,0.077,0.423,0.324,-0.06,0.351,0.155,0.39,0.12,0.113,0.238,0.448,0.25,0,0.429,0.514,0.15,0,0.06,0.324,0.09,0.351,0.31,0.4,0.19,0.298,0.357
54902,20240701,-93.29,41.56,0.34,0.36,0.071,0.423,0.344,0.1,0.208,0.155,0.402,0.22,0.113,0.238,0.454,0.33,0,0.571,0.515,0.19,0,0.071,0.342,0.22,0.208,0.31,0.411,0.32,0.202,0.357
54902,20240702,-93.29,41.56,0.355,0.47,0.006,0.435,0.362,0.26,0.065,0.161,0.415,0.33,0.054,0.25,0.461,0.43,0,0.714,0.518,0.25,0,0.083,0.359,0.36,0.065,0.321,0.422,0.45,0.06,0.369
54902,20240703,-93.29,41.56,0.37,0.59,0,0.53,0.376,0.38,0,0.244,0.425,0.42,0,0.327,0.468,0.51,0,0.81,0.52,0.3,0,0.226,0.373,0.48,0,0.411,0.432,0.56,0,0.464
54902,20240704,-93.29,41.56,0.372,0.62,0,0.565,0.377,0.4,0,0.387,0.426,0.44,0,0.435,0.47,0.55,0,0.851,0.521,0.32,0,0.28,0.375,0.5,0,0.5,0.433,0.59,0,0.554
54902,20240705,-93.29,41.56,0.38,0.69,0,0.708,0.383,0.47,0,0.53,0.43,0.48,0,0.577,0.473,0.6,0,0.994,0.522,0.34,0,0.393,0.381,0.57,0,0.643,0.438,0.65,0,0.696
54902,20240706,-93.29,41.56,0.378,0.69,0,0.708,0.382,0.47,0,0.577,0.428,0.48,0,0.583,0.473,0.61,0,1,0.522,0.35,0,0.464,0.38,0.57,0,0.643,0.437,0.66,0,0.696
54902,20240707,-93.29,41.56,0.378,0.7,0,0.726,0.381,0.48,0,0.72,0.428,0.49,0,0.726,0.473,0.64,0,1,0.522,0.35,0,0.446,0.38,0.58,0,0.726,0.436,0.67,0,0.726
54902,20240708,-93.29,41.56,0.382,0.75,0,0.869,0.384,0.52,0,0.857,0.429,0.52,0,0.869,0.474,0.66,0,1,0.522,0.35,0,0.464,0.383,0.62,0,0.869,0.438,0.71,0,0.869
54902,20240709,-93.29,41.56,0.388,0.82,0,1,0.386,0.56,0,0.994,0.431,0.56,0,1,0.475,0.69,0,1,0.522,0.36,0,0.524,0.387,0.68,0,1,0.441,0.74,0,1
54902,20240710,-93.29,41.56,0.383,0.79,0,1,0.38,0.53,0,0.994,0.426,0.53,0,1,0.471,0.68,0,1,0.522,0.36,0,0.494,0.382,0.65,0,1,0.437,0.71,0,1
54902,20240711,-93.29,41.56,0.383,0.81,0,1,0.38,0.54,0,0.994,0.425,0.54,0,1,0.47,0.68,0,1,0.522,0.36,0,0.571,0.381,0.66,0,1,0.436,0.71,0,1
54902,20240712,-93.29,41.56,0.379,0.8,0,1,0.375,0.52,0,0.994,0.421,0.53,0,1,0.467,0.67,0,1,0.522,0.37,0,0.583,0.377,0.65,0,1,0.433,0.69,0,1
54902,20240713,-93.29,41.56,0.376,0.81,0,1,0.372,0.51,0,0.994,0.419,0.53,0,1,0.466,0.68,0,1,0.522,0.37,0,0.637,0.374,0.65,0,1,0.431,0.68,0,1
54902,20240714,-93.29,41.56,0.372,0.82,0,1,0.369,0.51,0,0.988,0.418,0.53,0,1,0.465,0.69,0,1,0.522,0.39,0,0.75,0.371,0.66,0,1,0.429,0.68,0,1
54902,20240715,-93.29,41.56,0.364,0.79,0,1,0.365,0.49,0,0.911,0.416,0.53,0,1,0.464,0.7,0,1,0.522,0.4,0,0.863,0.365,0.64,0,1,0.426,0.66,0,1
54902,20240716,-93.29,41.56,0.355,0.75,0,1,0.359,0.47,0,0.839,0.414,0.52,0,1,0.463,0.72,0,1,0.522,0.42,0,0.935,0.357,0.61,0,1,0.423,0.65,0,1
54902,20240717,-93.29,41.56,0.346,0.72,0,1,0.356,0.46,0,0.839,0.412,0.53,0,1,0.462,0.73,0,1,0.523,0.44,0,0.964,0.351,0.59,0,1,0.42,0.64,0,1
54902,20240718,-93.29,41.56,0.335,0.67,0,1,0.35,0.44,0,0.833,0.41,0.54,0,1,0.461,0.74,0,1,0.524,0.47,0,0.976,0.342,0.55,0,1,0.416,0.63,0,1
54902,20240719,-93.29,41.56,0.324,0.62,0,1,0.344,0.42,0,0.696,0.408,0.54,0,1,0.46,0.75,0,1,0.524,0.49,0,0.994,0.334,0.51,0,1,0.412,0.61,0,1
54902,20240720,-93.29,41.56,0.315,0.58,0,1,0.338,0.4,0,0.554,0.405,0.54,0,1,0.459,0.76,0,1,0.524,0.51,0,1,0.327,0.48,0,0.929,0.408,0.6,0,1
54902,20240721,-93.29,41.56,0.308,0.54,0,0.994,0.333,0.38,0,0.417,0.403,0.55,0,1,0.457,0.76,0,1,0.525,0.53,0,1,0.32,0.45,0,0.833,0.405,0.59,0,1
54902,20240722,-93.29,41.56,0.302,0.51,0,0.97,0.327,0.36,0,0.357,0.4,0.56,0,1,0.455,0.77,0,1,0.525,0.54,0,1,0.315,0.42,0,0.69,0.402,0.59,0,1
54902,20240723,-93.29,41.56,0.297,0.48,0,0.839,0.322,0.33,0,0.286,0.396,0.56,0,1,0.453,0.78,0,1,0.524,0.54,0,1,0.309,0.39,0,0.548,0.398,0.57,0,1
54902,20240724,-93.29,41.56,0.292,0.45,0,0.702,0.315,0.29,0,0.143,0.392,0.55,0,1,0.452,0.78,0,1,0.523,0.54,0,1,0.303,0.36,0,0.405,0.395,0.55,0,1
54902,20240725,-93.29,41.56,0.287,0.43,0,0.571,0.308,0.25,0,0.006,0.387,0.55,0,1,0.45,0.79,0,1,0.522,0.54,0,1,0.297,0.33,0,0.262,0.391,0.53,0,1
54902,20240726,-93.29,41.56,0.283,0.41,0,0.429,0.301,0.2,0,0,0.383,0.54,0,1,0.448,0.8,0,1,0.521,0.54,0,1,0.292,0.29,0,0.119,0.387,0.51,0,0.881
54902,20240727,-93.29,41.56,0.279,0.39,0,0.286,0.294,0.15,0,0,0.379,0.54,0,1,0.445,0.8,0,1,0.52,0.54,0,1,0.287,0.26,0,0.048,0.384,0.49,0,0.738
54902,20240728,-93.29,41.56,0.275,0.37,0,0.149,0.287,0.09,0,0,0.374,0.52,0,1,0.444,0.8,0,1,0.519,0.53,0,0.94,0.281,0.22,0,0,0.38,0.47,0,0.595
54902,20240729,-93.29,41.56,0.276,0.4,0,0.065,0.284,0.08,0,0.036,0.372,0.52,0,1,0.442,0.81,0,1,0.518,0.54,0,0.911,0.28,0.22,0,0.036,0.378,0.48,0,0.488
54902,20240730,-93.29,41.56,0.29,0.57,0,0.196,0.295,0.23,0,0.179,0.378,0.6,0,1,0.443,0.84,0,1,0.519,0.56,0,0.911,0.292,0.37,0,0.179,0.385,0.58,0,0.488
54902,20240731,-93.29,41.56,0.312,0.82,0,0.333,0.313,0.45,0,0.321,0.391,0.74,0,1,0.449,0.92,0,1,0.521,0.6,0,0.911,0.313,0.59,0,0.321,0.397,0.74,0,0.488
54902,20240801,-93.29,41.56,0.331,1.03,0,0.464,0.329,0.65,0,0.464,0.401,0.86,0,1,0.455,1,0,1,0.523,0.63,0,0.911,0.33,0.78,0,0.464,0.408,0.89,0,0.488
54902,20240802,-93.29,41.56,0.347,1.21,0,0.607,0.343,0.83,0,0.607,0.41,0.97,0,1,0.461,1.07,0,1,0.525,0.67,0,0.911,0.345,0.96,0,0.607,0.417,1.02,0,0.607
54902,20240803,-93.29,41.56,0.361,1.37,0,0.75,0.357,1,0,0.75,0.418,1.07,0,1,0.466,1.14,0,1,0.526,0.71,0,0.911,0.359,1.12,0,0.75,0.425,1.14,0,0.75
54902,20240804,-93.29,41.56,0.372,1.51,0,0.893,0.37,1.17,0,0.893,0.427,1.18,0,1,0.47,1.2,0,1,0.528,0.75,0,0.97,0.371,1.26,0,0.893,0.433,1.25,0,0.893
54902,20240805,-93.29,41.56,0.378,1.57,0,1,0.378,1.27,0,1,0.433,1.25,0,1,0.474,1.25,0,1,0.53,0.79,0,1,0.378,1.34,0,1,0.438,1.32,0,1
54902,20240806,-93.29,41.56,0.368,1.47,0,1,0.372,1.21,0,1,0.431,1.25,0,1,0.476,1.29,0,1,0.53,0.81,0,1,0.37,1.27,0,1,0.435,1.3,0,1
54902,20240807,-93.29,41.56,0.349,1.28,0,1,0.358,1.06,0,1,0.421,1.18,0,1,0.473,1.26,0,1,0.53,0.82,0,1,0.354,1.11,0,1,0.426,1.2,0,1
54902,20240808,-93.29,41.56,0.332,1.11,0,1,0.346,0.92,0,1,0.415,1.13,0,1,0.47,1.24,0,1,0.53,0.84,0,1,0.339,0.97,0,1,0.418,1.12,0,1
54902,20240809,-93.29,41.56,0.318,0.95,0,1,0.336,0.81,0,0.923,0.409,1.08,0,1,0.468,1.23,0,1,0.53,0.85,0,1,0.327,0.84,0,1,0.412,1.06,0,1
54902,20240810,-93.29,41.56,0.303,0.8,0,0.958,0.325,0.69,0,0.78,0.404,1.03,0,1,0.466,1.21,0,1,0.53,0.86,0,1,0.314,0.71,0,0.911,0.406,0.99,0,1
54902,20240811,-93.29,41.56,0.29,0.67,0,0.815,0.314,0.57,0,0.637,0.399,0.98,0,1,0.464,1.19,0,1,0.53,0.87,0,1,0.302,0.59,0,0.768,0.399,0.93,0,1
54902,20240812,-93.29,41.56,0.279,0.56,0,0.673,0.304,0.45,0,0.494,0.394,0.92,0,1,0.462,1.17,0,1,0.529,0.87,0,1,0.291,0.47,0,0.625,0.394,0.87,0,1
54902,20240813,-93.29,41.56,0.271,0.47,0,0.53,0.294,0.35,0,0.351,0.389,0.86,0,1,0.46,1.14,0,1,0.529,0.87,0,1,0.283,0.38,0,0.482,0.388,0.81,0,1
54902,20240814,-93.29,41.56,0.265,0.41,0,0.387,0.285,0.26,0,0.208,0.384,0.79,0,1,0.458,1.1,0,1,0.528,0.87,0,1,0.275,0.3,0,0.339,0.384,0.76,0,1
54902,20240815,-93.29,41.56,0.266,0.39,0,0.286,0.282,0.22,0,0.107,0.381,0.75,0,1,0.456,1.07,0,1,0.528,0.86,0,1,0.274,0.27,0,0.238,0.383,0.73,0,1
54902,20240816,-93.29,41.56,0.28,0.49,0,0.286,0.287,0.25,0,0.185,0.384,0.73,0,1,0.455,1.05,0,1,0.528,0.86,0,1,0.284,0.33,0,0.238,0.387,0.76,0,1
54902,20240817,-93.29,41.56,0.293,0.57,0,0.327,0.292,0.29,0,0.327,0.386,0.7,0,1,0.454,1.03,0,1,0.527,0.84,0,1,0.293,0.4,0,0.327,0.39,0.77,0,1
54902,20240818,-93.29,41.56,0.304,0.63,0,0.47,0.298,0.34,0,0.417,0.388,0.68,0,1,0.454,1,0,1,0.527,0.83,0,1,0.301,0.45,0,0.47,0.394,0.79,0,1
54902,20240819,-93.29,41.56,0.313,0.69,0,0.613,0.305,0.39,0,0.435,0.39,0.66,0,1,0.453,0.98,0,1,0.528,0.82,0,1,0.309,0.5,0,0.613,0.398,0.79,0,1
54902,20240820,-93.29,41.56,0.319,0.72,0,0.744,0.31,0.43,0,0.435,0.392,0.64,0,1,0.452,0.95,0,1,0.528,0.79,0,1,0.315,0.54,0,0.655,0.4,0.8,0,1
54902,20240821,-93.29,41.56,0.324,0.73,0,0.762,0.315,0.46,0,0.435,0.394,0.62,0,1,0.451,0.93,0,1,0.527,0.76,0,1,0.32,0.57,0,0.655,0.402,0.78,0,0.994
54902,20240822,-93.29,41.56,0.321,0.69,0,0.72,0.316,0.45,0,0.393,0.393,0.58,0,0.905,0.45,0.91,0,1,0.526,0.72,0,1,0.319,0.55,0,0.613,0.401,0.73,0,0.887
54902,20240823,-93.29,41.56,0.307,0.56,0,0.577,0.308,0.37,0,0.25,0.387,0.51,0,0.762,0.448,0.88,0,1,0.524,0.67,0,1,0.307,0.44,0,0.47,0.395,0.63,0,0.744
54902,20240824,-93.29,41.56,0.295,0.46,0,0.435,0.3,0.29,0,0.107,0.381,0.43,0,0.619,0.445,0.85,0,1,0.522,0.62,0,1,0.298,0.34,0,0.327,0.389,0.53,0,0.601
54902,20240825,-93.29,41.56,0.285,0.37,0,0.292,0.293,0.22,0,0.018,0.376,0.37,0,0.476,0.443,0.81,0,1,0.52,0.57,0,1,0.289,0.25,0,0.185,0.383,0.44,0,0.458
54902,20240826,-93.29,41.56,0.278,0.29,0,0.149,0.285,0.15,0,0,0.37,0.3,0,0.333,0.44,0.78,0,1,0.518,0.53,0,1,0.281,0.18,0,0.042,0.378,0.36,0,0.315
54902,20240827,-93.29,41.56,0.271,0.24,0,0.018,0.278,0.08,0,0,0.364,0.24,0,0.19,0.437,0.74,0,1,0.516,0.5,0,1,0.275,0.12,0,0,0.373,0.28,0,0.173
54902,20240828,-93.29,41.56,0.266,0.18,0,0,0.271,0.01,0,0,0.359,0.18,0,0.048,0.433,0.69,0,0.97,0.514,0.47,0,1,0.268,0.06,0,0,0.368,0.22,0,0.036
54902,20240829,-93.29,41.56,0.262,0.14,0,0,0.264,-0.06,0,0,0.353,0.12,0,0,0.43,0.6,0,0.827,0.512,0.45,0,0.994,0.263,0.01,0,0,0.364,0.17,0,0
54902,20240830,-93.29,41.56,0.266,0.16,0,0.054,0.266,-0.05,0,0.054,0.353,0.11,0,0.054,0.426,0.52,0,0.714,0.51,0.42,0,0.905,0.266,0.03,0,0.054,0.364,0.16,0,0.054
54902,20240831,-93.29,41.56,0.284,0.28,0,0.196,0.281,0.05,0,0.196,0.361,0.14,0,0.196,0.425,0.46,0,0.643,0.511,0.42,0,0.905,0.283,0.14,0,0.196,0.372,0.21,0,0.196
54902,20240901,-93.29,41.56,0.299,0.38,0,0.339,0.294,0.13,0,0.339,0.367,0.17,0,0.292,0.424,0.4,0,0.512,0.511,0.41,0,0.905,0.297,0.23,0,0.339,0.379,0.26,0,0.339
54902,20240902,-93.29,41.56,0.312,0.46,0,0.482,0.307,0.2,0,0.452,0.373,0.19,0,0.292,0.424,0.34,0,0.369,0.511,0.41,0,0.905,0.309,0.31,0,0.482,0.385,0.29,0,0.482
54902,20240903,-93.29,41.56,0.322,0.53,0,0.625,0.318,0.28,0,0.452,0.378,0.21,0,0.292,0.423,0.28,0,0.226,0.512,0.41,0,0.905,0.32,0.38,0,0.613,0.391,0.32,0,0.548
54902,20240904,-93.29,41.56,0.331,0.59,0,0.762,0.329,0.34,0,0.452,0.383,0.23,0,0.292,0.422,0.24,0,0.113,0.512,0.41,0,0.905,0.33,0.45,0,0.613,0.396,0.35,0,0.548
54902,20240905,-93.29,41.56,0.338,0.64,0,0.768,0.34,0.41,0,0.452,0.388,0.25,0,0.292,0.421,0.22,0,0.113,0.512,0.4,0,0.911,0.339,0.5,0,0.613,0.4,0.38,0,0.548
54902,20240906,-93.29,41.56,0.336,0.62,0,0.714,0.34,0.4,0,0.399,0.387,0.24,0,0.238,0.42,0.21,0,0.083,0.513,0.4,0,0.94,0.338,0.49,0,0.56,0.399,0.37,0,0.494
54902,20240907,-93.29,41.56,0.32,0.51,0,0.571,0.327,0.3,0,0.256,0.379,0.19,0,0.095,0.417,0.18,0,0.012,0.511,0.37,0,0.815,0.324,0.39,0,0.417,0.391,0.29,0,0.351
54902,20240908,-93.29,41.56,0.305,0.41,0,0.429,0.316,0.21,0,0.113,0.372,0.14,0,0,0.413,0.15,0,0,0.509,0.34,0,0.673,0.31,0.29,0,0.274,0.383,0.23,0,0.208
54902,20240909,-93.29,41.56,0.292,0.33,0,0.286,0.305,0.12,0,0,0.365,0.1,0,0,0.409,0.12,0,0,0.507,0.31,0,0.53,0.298,0.21,0,0.131,0.376,0.17,0,0.065
54902,20240910,-93.29,41.56,0.281,0.26,0,0.143,0.293,0.04,0,0,0.359,0.06,0,0,0.406,0.09,0,0,0.504,0.27,0,0.387,0.287,0.14,0,0,0.369,0.12,0,0
54902,20240911,-93.29,41.56,0.272,0.2,0,0.006,0.282,-0.04,0,0,0.352,0.02,0,0,0.402,0.07,0,0,0.502,0.24,0,0.244,0.277,0.07,0,0,0.362,0.07,0,0
54902,20240912,-93.29,41.56,0.264,0.15,0,0,0.271,-0.12,0,0,0.346,-0.02,0,0,0.399,0.04,0,0,0.499,0.21,0,0.101,0.268,0.01,0,0,0.356,0.02,0,0
54902,20240913,-93.29,41.56,0.257,0.1,0,0,0.261,-0.2,0,0,0.339,-0.07,0,0,0.395,0.02,0,0,0.497,0.18,0,0.018,0.259,-0.05,0,0,0.35,-0.02,0,0
54902,20240914,-93.29,41.56,0.252,0.07,0,0,0.252,-0.26,0,0,0.332,-0.11,0,0,0.391,0,0,0,0.495,0.15,0,0,0.252,-0.1,0,0,0.344,-0.06,0,0
54902,20240915,-93.29,41.56,0.248,0.04,0,0,0.244,-0.32,0,0,0.326,-0.15,0,0,0.388,-0.03,0,0,0.492,0.13,0,0,0.246,-0.14,0,0,0.34,-0.09,0,0
54902,20240916,-93.29,41.56,0.245,0.03,0,0,0.238,-0.37,0,0,0.319,-0.19,0,0,0.384,-0.05,0,0,0.491,0.11,0,0,0.242,-0.17,0,0,0.335,-0.12,0,0
54902,20240917,-93.29,41.56,0.243,0.01,0,0,0.232,-0.41,0,0,0.313,-0.23,0,0,0.38,-0.07,0,0,0.489,0.1,0,0,0.238,-0.2,0,0,0.332,-0.15,0,0
54902,20240918,-93.29,41.56,0.242,0,0,0,0.227,-0.45,0.089,0,0.306,-0.27,0,0,0.377,-0.09,0,0,0.488,0.09,0,0,0.234,-0.22,0,0,0.328,-0.17,0,0
54902,20240919,-93.29,41.56,0.24,0,0,0,0.223,-0.48,0.22,0,0.3,-0.31,0,0,0.373,-0.11,0,0,0.487,0.08,0,0,0.232,-0.24,0,0,0.325,-0.19,0,0
54902,20240920,-93.29,41.56,0.239,-0.01,0,0,0.22,-0.5,0.363,0,0.294,-0.35,0,0,0.37,-0.13,0,0,0.486,0.06,0,0,0.23,-0.25,0,0,0.322,-0.21,0,0
54902,20240921,-93.29,41.56,0.239,-0.01,0,0,0.217,-0.51,0.506,0,0.289,-0.38,0,0,0.366,-0.15,0,0,0.486,0.06,0,0,0.228,-0.26,0,0,0.319,-0.22,0,0
54902,20240922,-93.29,41.56,0.238,-0.01,0,0,0.215,-0.53,0.649,0,0.284,-0.41,0,0,0.363,-0.16,0,0,0.485,0.05,0,0,0.226,-0.27,0,0,0.317,-0.23,0,0
54902,20240923,-93.29,41.56,0.236,-0.02,0,0,0.212,-0.54,0.792,0,0.28,-0.43,0,0,0.361,-0.17,0,0,0.485,0.05,0,0,0.224,-0.28,0,0,0.315,-0.24,0,0
54902,20240924,-93.29,41.56,0.235,-0.03,0,0,0.21,-0.56,0.935,0,0.276,-0.46,0,0,0.358,-0.19,0,0,0.484,0.04,0,0,0.223,-0.29,0,0,0.313,-0.26,0,0
54902,20240925,-93.29,41.56,0.234,-0.04,0,0,0.209,-0.57,0.988,0,0.273,-0.48,0.012,0,0.355,-0.2,0,0,0.483,0.02,0,0,0.222,-0.29,0,0,0.311,-0.27,0,0
54902,20240926,-93.29,41.56,0.233,-0.04,0,0,0.208,-0.58,1,0,0.27,-0.49,0.024,0,0.353,-0.22,0,0,0.483,0.02,0,0,0.221,-0.3,0,0,0.309,-0.28,0,0
54902,20240927,-93.29,41.56,0.232,-0.05,0,0,0.208,-0.59,1,0,0.268,-0.51,0.036,0,0.351,-0.23,0,0,0.482,0.01,0,0,0.22,-0.31,0,0,0.308,-0.29,0,0
54902,20240928,-93.29,41.56,0.231,-0.06,0,0,0.206,-0.6,1,0,0.265,-0.53,0.113,0,0.348,-0.24,0,0,0.482,0,0,0,0.219,-0.32,0,0,0.306,-0.3,0,0
54902,20240929,-93.29,41.56,0.23,-0.07,0,0,0.206,-0.61,1,0,0.263,-0.54,0.22,0,0.346,-0.25,0,0,0.481,-0.01,0,0,0.218,-0.32,0,0,0.305,-0.31,0,0
54902,20240930,-93.29,41.56,0.229,-0.07,0,0,0.205,-0.62,1,0,0.261,-0.56,0.363,0,0.343,-0.26,0,0,0.48,-0.02,0,0,0.217,-0.33,0,0,0.303,-0.33,0,0
54902,20241001,-93.29,41.56,0.228,-0.07,0,0,0.204,-0.63,1,0,0.259,-0.57,0.506,0,0.34,-0.28,0,0,0.478,-0.04,0,0,0.216,-0.33,0,0,0.302,-0.34,0,0
54902,20241002,-93.29,41.56,0.228,-0.08,0,0,0.203,-0.63,1,0,0.257,-0.58,0.593,0,0.339,-0.28,0,0,0.478,-0.04,0,0,0.216,-0.34,0,0,0.301,-0.35,0,0
54902,20241003,-93.29,41.56,,,,,,,,,,,,,,,,,,,,,,,,,,,,
54902,20241004,-93.29,41.56,,,,,,,,,,,,,,,,,,,,,,,,,,,,
54902,20241005,-93.29,41.56,,,,,,,,,,,,,,,,,,,,,,,,,,,,
54902,20241006,-93.29,41.56,,,,,,,,,,,,,,,,,,,,,,,,,,,,
54902,20241007,-93.29,41.56,,,,,,,,,,,,,,,,,,,,,,,,,,,,
54902,20241008,-93.29,41.56,,,,,,,,,,,,,,,,,,,,,,,,,,,,
54902,20241009,-93.29,41.56,,,,,,,,,,,,,,,,,,,,,,,,,,,,
54902,20241010,-93.29,41.56,,,,,,,,,,,,,,,,,,,,,,,,,,,,
54902,20241011,-93.29,41.56,,,,,,,,,,,,,,,,,,,,,,,,,,,,
54902,20241012,-93.29,41.56,,,,,,,,,,,,,,,,,,,,,,,,,,,,
54902,20241013,-93.29,41.56,,,,,,,,,,,,,,,,,,,,,,,,,,,,
54902,20241014,-93.29,41.56,,,,,,,,,,,,,,,,,,,,,,,,,,,,
54902,20241015,-93.29,41.56,,,,,,,,,,,,,,,,,,,,,,,,,,,,
54902,20241016,-93.29,41.56,,,,,,,,,,,,,,,,,,,,,,,,,,,,
54902,20241017,-93.29,41.56,,,,,,,,,,,,,,,,,,,,,,,,,,,,
54902,20241018,-93.29,41.56,,,,,,,,,,,,,,,,,,,,,,,,,,,,
54902,20241019,-93.29,41.56,,,,,,,,,,,,,,,,,,,,,,,,,,,,
54902,20241020,-93.29,41.56,,,,,,,,,,,,,,,,,,,,,,,,,,,,
54902,20241021,-93.29,41.56,,,,,,,,,,,,,,,,,,,,,,,,,,,,
54902,20241022,-93.29,41.56,,,,,,,,,,,,,,,,,,,,,,,,,,,,
54902,20241023,-93.29,41.56,,,,,,,,,,,,,,,,,,,,,,,,,,,,
54902,20241024,-93.29,41.56,,,,,,,,,,,,,,,,,,,,,,,,,,,,
54902,20241025,-93.29,41.56,,,,,,,,,,,,,,,,,,,,,,,,,,,,
54902,20241026,-93.29,41.56,,,,,,,,,,,,,,,,,,,,,,,,,,,,
54902,20241027,-93.29,41.56,,,,,,,,,,,,,,,,,,,,,,,,,,,,
54902,20241028,-93.29,41.56,,,,,,,,,,,,,,,,,,,,,,,,,,,,
54902,20241029,-93.29,41.56,,,,,,,,,,,,,,,,,,,,,,,,,,,,
54902,20241030,-93.29,41.56,,,,,,,,,,,,,,,,,,,,,,,,,,,,
54902,20241031,-93.29,41.56,,,,,,,,,,,,,,,,,,,,,,,,,,,,
54902,20241101,-93.29,41.56,,,,,,,,,,,,,,,,,,,,,,,,,,,,
54902,20241102,-93.29,41.56,,,,,,,,,,,,,,,,,,,,,,,,,,,,
54902,20241103,-93.29,41.56,,,,,,,,,,,,,,,,,,,,,,,,,,,,
54902,20241104,-93.29,41.56,,,,,,,,,,,,,,,,,,,,,,,,,,,,
54902,20241105,-93.29,41.56,,,,,,,,,,,,,,,,,,,,,,,,,,,,
54902,20241106,-93.29,41.56,,,,,,,,,,,,,,,,,,,,,,,,,,,,
54902,20241107,-93.29,41.56,,,,,,,,,,,,,,,,,,,,,,,,,,,,
54902,20241108,-93.29,41.56,,,,,,,,,,,,,,,,,,,,,,,,,,,,
54902,20241109,-93.29,41.56,,,,,,,,,,,,,,,,,,,,,,,,,,,,
54902,20241110,-93.29,41.56,,,,,,,,,,,,,,,,,,,,,,,,,,,,
54902,20241111,-93.29,41.56,,,,,,,,,,,,,,,,,,,,,,,,,,,,
54902,20241112,-93.29,41.56,,,,,,,,,,,,,,,,,,,,,,,,,,,,
54902,20241113,-93.29,41.56,,,,,,,,,,,,,,,,,,,,,,,,,,,,
54902,20241114,-93.29,41.56,,,,,,,,,,,,,,,,,,,,,,,,,,,,
54902,20241115,-93.29,41.56,,,,,,,,,,,,,,,,,,,,,,,,,,,,
54902,20241116,-93.29,41.56,,,,,,,,,,,,,,,,,,,,,,,,,,,,
54902,20241117,-93.29,41.56,,,,,,,,,,,,,,,,,,,,,,,,,,,,
54902,20241118,-93.29,41.56,,,,,,,,,,,,,,,,,,,,,,,,,,,,
54902,20241119,-93.29,41.56,,,,,,,,,,,,,,,,,,,,,,,,,,,,
54902,20241120,-93.29,41.56,,,,,,,,,,,,,,,,,,,,,,,,,,,,
54902,20241121,-93.29,41.56,,,,,,,,,,,,,,,,,,,,,,,,,,,,
54902,20241122,-93.29,41.56,,,,,,,,,,,,,,,,,,,,,,,,,,,,
54902,20241123,-93.29,41.56,,,,,,,,,,,,,,,,,,,,,,,,,,,,
54902,20241124,-93.29,41.56,,,,,,,,,,,,,,,,,,,,,,,,,,,,
54902,20241125,-93.29,41.56,,,,,,,,,,,,,,,,,,,,,,,,,,,,
54902,20241126,-93.29,41.56,,,,,,,,,,,,,,,,,,,,,,,,,,,,
54902,20241127,-93.29,41.56,,,,,,,,,,,,,,,,,,,,,,,,,,,,
54902,20241128,-93.29,41.56,,,,,,,,,,,,,,,,,,,,,,,,,,,,
54902,20241129,-93.29,41.56,,,,,,,,,,,,,,,,,,,,,,,,,,,,
54902,20241130,-93.29,41.56,,,,,,,,,,,,,,,,,,,,,,,,,,,,
54902,20241201,-93.29,41.56,,,,,,,,,,,,,,,,,,,,,,,,,,,,
54902,20241202,-93.29,41.56,,,,,,,,,,,,,,,,,,,,,,,,,,,,
54902,20241203,-93.29,41.56,,,,,,,,,,,,,,,,,,,,,,,,,,,,
54902,20241204,-93.29,41.56,,,,,,,,,,,,,,,,,,,,,,,,,,,,
54902,20241205,-93.29,41.56,,,,,,,,,,,,,,,,,,,,,,,,,,,,
54902,20241206,-93.29,41.56,,,,,,,,,,,,,,,,,,,,,,,,,,,,
54902,20241207,-93.29,41.56,,,,,,,,,,,,,,,,,,,,,,,,,,,,
54902,20241208,-93.29,41.56,,,,,,,,,,,,,,,,,,,,,,,,,,,,
54902,20241209,-93.29,41.56,,,,,,,,,,,,,,,,,,,,,,,,,,,,
54902,20241210,-93.29,41.56,,,,,,,,,,,,,,,,,,,,,,,,,,,,
54902,20241211,-93.29,41.56,,,,,,,,,,,,,,,,,,,,,,,,,,,,
54902,20241212,-93.29,41.56,,,,,,,,,,,,,,,,,,,,,,,,,,,,
54902,20241213,-93.29,41.56,,,,,,,,,,,,,,,,,,,,,,,,,,,,
54902,20241214,-93.29,41.56,,,,,,,,,,,,,,,,,,,,,,,,,,,,
54902,20241215,-93.29,41.56,,,,,,,,,,,,,,,,,,,,,,,,,,,,
54902,20241216,-93.29,41.56,,,,,,,,,,,,,,,,,,,,,,,,,,,,
54902,20241217,-93.29,41.56,,,,,,,,,,,,,,,,,,,,,,,,,,,,
54902,20241218,-93.29,41.56,,,,,,,,,,,,,,,,,,,,,,,,,,,,
54902,20241219,-93.29,41.56,,,,,,,,,,,,,,,,,,,,,,,,,,,,
54902,20241220,-93.29,41.56,,,,,,,,,,,,,,,,,,,,,,,,,,,,
54902,20241221,-93.29,41.56,,,,,,,,,,,,,,,,,,,,,,,,,,,,
54902,20241222,-93.29,41.56,,,,,,,,,,,,,,,,,,,,,,,,,,,,
54902,20241223,-93.29,41.56,,,,,,,,,,,,,,,,,,,,,,,,,,,,
54902,20241224,-93.29,41.56,,,,,,,,,,,,,,,,,,,,,,,,,,,,
54902,20241225,-93.29,41.56,,,,,,,,,,,,,,,,,,,,,,,,,,,,
54902,20241226,-93.29,41.56,,,,,,,,,,,,,,,,,,,,,,,,,,,,
54902,20241227,-93.29,41.56,,,,,,,,,,,,,,,,,,,,,,,,,,,,
54902,20241228,-93.29,41.56,,,,,,,,,,,,,,,,,,,,,,,,,,,,
54902,20241229,-93.29,41.56,,,,,,,,,,,,,,,,,,,,,,,,,,,,
54902,20241230,-93.29,41.56,,,,,,,,,,,,,,,,,,,,,,,,,,,,
54902,20241231,-93.29,41.56,,,,,,,,,,,,,,,,,,,,,,,,,,,,
54902,20250101,-93.29,41.56,,,,,,,,,,,,,,,,,,,,,,,,,,,,
54902,20250102,-93.29,41.56,,,,,,,,,,,,,,,,,,,,,,,,,,,,
54902,20250103,-93.29,41.56,,,,,,,,,,,,,,,,,,,,,,,,,,,,
54902,20250104,-93.29,41.56,,,,,,,,,,,,,,,,,,,,,,,,,,,,
54902,20250105,-93.29,41.56,,,,,,,,,,,,,,,,,,,,,,,,,,,,
54902,20250106,-93.29,41.56,,,,,,,,,,,,,,,,,,,,,,,,,,,,
54902,20250107,-93.29,41.56,,,,,,,,,,,,,,,,,,,,,,,,,,,,
54902,20250108,-93.29,41.56,,,,,,,,,,,,,,,,,,,,,,,,,,,,
54902,20250109,-93.29,41.56,,,,,,,,,,,,,,,,,,,,,,,,,,,,
54902,20250110,-93.29,41.56,,,,,,,,,,,,,,,,,,,,,,,,,,,,
54902,20250111,-93.29,41.56,,,,,,,,,,,,,,,,,,,,,,,,,,,,
54902,20250112,-93.29,41.56,,,,,,,,,,,,,,,,,,,,,,,,,,,,
54902,20250113,-93.29,41.56,,,,,,,,,,,,,,,,,,,,,,,,,,,,
54902,20250114,-93.29,41.56,,,,,,,,,,,,,,,,,,,,,,,,,,,,
54902,20250115,-93.29,41.56,,,,,,,,,,,,,,,,,,,,,,,,,,,,
54902,20250116,-93.29,41.56,,,,,,,,,,,,,,,,,,,,,,,,,,,,
54902,20250117,-93.29,41.56,,,,,,,,,,,,,,,,,,,,,,,,,,,,
54902,20250118,-93.29,41.56,,,,,,,,,,,,,,,,,,,,,,,,,,,,
54902,20250119,-93.29,41.56,,,,,,,,,,,,,,,,,,,,,,,,,,,,
54902,20250120,-93.29,41.56,,,,,,,,,,,,,,,,,,,,,,,,,,,,
54902,20250121,-93.29,41.56,,,,,,,,,,,,,,,,,,,,,,,,,,,,
54902,20250122,-93.29,41.56,,,,,,,,,,,,,,,,,,,,,,,,,,,,
54902,20250123,-93.29,41.56,,,,,,,,,,,,,,,,,,,,,,,,,,,,
54902,20250124,-93.29,41.56,,,,,,,,,,,,,,,,,,,,,,,,,,,,
54902,20250125,-93.29,41.56,,,,,,,,,,,,,,,,,,,,,,,,,,,,
54902,20250126,-93.29,41.56,,,,,,,,,,,,,,,,,,,,,,,,,,,,
54902,20250127,-93.29,41.56,,,,,,,,,,,,,,,,,,,,,,,,,,,,
54902,20250128,-93.29,41.56,,,,,,,,,,,,,,,,,,,,,,,,,,,,
54902,20250129,-93.29,41.56,,,,,,,,,,,,,,,,,,,,,,,,,,,,
54902,20250130,-93.29,41.56,,,,,,,,,,,,,,,,,,,,,,,,,,,,
54902,20250131,-93.29,41.56,,,,,,,,,,,,,,,,,,,,,,,,,,,,
54902,20250201,-93.29,41.56,,,,,,,,,,,,,,,,,,,,,,,,,,,,
54902,20250202,-93.29,41.56,,,,,,,,,,,,,,,,,,,,,,,,,,,,
54902,20250203,-93.29,41.56,,,,,,,,,,,,,,,,,,,,,,,,,,,,
54902,20250204,-93.29,41.56,,,,,,,,,,,,,,,,,,,,,,,,,,,,
54902,20250205,-93.29,41.56,,,,,,,,,,,,,,,,,,,,,,,,,,,,
54902,20250206,-93.29,41.56,,,,,,,,,,,,,,,,,,,,,,,,,,,,
54902,20250207,-93.29,41.56,,,,,,,,,,,,,,,,,,,,,,,,,,,,
54902,20250208,-93.29,41.56,,,,,,,,,,,,,,,,,,,,,,,,,,,,
54902,20250209,-93.29,41.56,,,,,,,,,,,,,,,,,,,,,,,,,,,,
54902,20250210,-93.29,41.56,,,,,,,,,,,,,,,,,,,,,,,,,,,,
54902,20250211,-93.29,41.56,,,,,,,,,,,,,,,,,,,,,,,,,,,,
54902,20250212,-93.29,41.56,,,,,,,,,,,,,,,,,,,,,,,,,,,,
54902,20250213,-93.29,41.56,,,,,,,,,,,,,,,,,,,,,,,,,,,,
54902,20250214,-93.29,41.56,,,,,,,,,,,,,,,,,,,,,,,,,,,,
54902,20250215,-93.29,41.56,,,,,,,,,,,,,,,,,,,,,,,,,,,,
54902,20250216,-93.29,41.56,,,,,,,,,,,,,,,,,,,,,,,,,,,,
54902,20250217,-93.29,41.56,,,,,,,,,,,,,,,,,,,,,,,,,,,,
54902,20250218,-93.29,41.56,,,,,,,,,,,,,,,,,,,,,,,,,,,,
54902,20250219,-93.29,41.56,,,,,,,,,,,,,,,,,,,,,,,,,,,,
54902,20250220,-93.29,41.56,,,,,,,,,,,,,,,,,,,,,,,,,,,,
54902,20250221,-93.29,41.56,,,,,,,,,,,,,,,,,,,,,,,,,,,,
54902,20250222,-93.29,41.56,,,,,,,,,,,,,,,,,,,,,,,,,,,,
54902,20250223,-93.29,41.56,,,,,,,,,,,,,,,,,,,,,,,,,,,,
54902,20250224,-93.29,41.56,,,,,,,,,,,,,,,,,,,,,,,,,,,,
54902,20250225,-93.29,41.56,,,,,,,,,,,,,,,,,,,,,,,,,,,,
54902,20250226,-93.29,41.56,,,,,,,,,,,,,,,,,,,,,,,,,,,,
54902,20250227,-93.29,41.56,,,,,,,,,,,,,,,,,,,,,,,,,,,,
54902,20250228,-93.29,41.56,,,,,,,,,,,,,,,,,,,,,,,,,,,,
54902,20250301,-93.29,41.56,,,,,,,,,,,,,,,,,,,,,,,,,,,,
54902,20250302,-93.29,41.56,,,,,,,,,,,,,,,,,,,,,,,,,,,,
54902,20250303,-93.29,41.56,,,,,,,,,,,,,,,,,,,,,,,,,,,,
54902,20250304,-93.29,41.56,,,,,,,,,,,,,,,,,,,,,,,,,,,,
54902,20250305,-93.29,41.56,,,,,,,,,,,,,,,,,,,,,,,,,,,,
54902,20250306,-93.29,41.56,,,,,,,,,,,,,,,,,,,,,,,,,,,,
54902,20250307,-93.29,41.56,,,,,,,,,,,,,,,,,,,,,,,,,,,,
54902,20250308,-93.29,41.56,,,,,,,,,,,,,,,,,,,,,,,,,,,,
54902,20250309,-93.29,41.56,,,,,,,,,,,,,,,,,,,,,,,,,,,,
54902,20250310,-93.29,41.56,,,,,,,,,,,,,,,,,,,,,,,,,,,,
54902,20250311,-93.29,41.56,,,,,,,,,,,,,,,,,,,,,,,,,,,,
54902,20250312,-93.29,41.56,,,,,,,,,,,,,,,,,,,,,,,,,,,,
54902,20250313,-93.29,41.56,,,,,,,,,,,,,,,,,,,,,,,,,,,,
54902,20250314,-93.29,41.56,,,,,,,,,,,,,,,,,,,,,,,,,,,,
54902,20250315,-93.29,41.56,,,,,,,,,,,,,,,,,,,,,,,,,,,,
54902,20250316,-93.29,41.56,,,,,,,,,,,,,,,,,,,,,,,,,,,,
54902,20250317,-93.29,41.56,,,,,,,,,,,,,,,,,,,,,,,,,,,,
54902,20250318,-93.29,41.56,,,,,,,,,,,,,,,,,,,,,,,,,,,,
54902,20250319,-93.29,41.56,,,,,,,,,,,,,,,,,,,,,,,,,,,,
54902,20250320,-93.29,41.56,,,,,,,,,,,,,,,,,,,,,,,,,,,,
54902,20250321,-93.29,41.56,,,,,,,,,,,,,,,,,,,,,,,,,,,,
54902,20250322,-93.29,41.56,,,,,,,,,,,,,,,,,,,,,,,,,,,,
54902,20250323,-93.29,41.56,,,,,,,,,,,,,,,,,,,,,,,,,,,,
54902,20250324,-93.29,41.56,,,,,,,,,,,,,,,,,,,,,,,,,,,,
54902,20250325,-93.29,41.56,,,,,,,,,,,,,,,,,,,,,,,,,,,,
54902,20250326,-93.29,41.56,,,,,,,,,,,,,,,,,,,,,,,,,,,,
54902,20250327,-93.29,41.56,,,,,,,,,,,,,,,,,,,,,,,,,,,,
54902,20250328,-93.29,41.56,,,,,,,,,,,,,,,,,,,,,,,,,,,,
54902,20250329,-93.29,41.56,,,,,,,,,,,,,,,,,,,,,,,,,,,,
54902,20250330,-93.29,41.56,,,,,,,,,,,,,,,,,,,,,,,,,,,,
54902,20250331,-93.29,41.56,,,,,,,,,,,,,,,,,,,,,,,,,,,,
54902,20250401,-93.29,41.56,,,,,,,,,,,,,,,,,,,,,,,,,,,,
54902,20250402,-93.29,41.56,,,,,,,,,,,,,,,,,,,,,,,,,,,,
54902,20250403,-93.29,41.56,,,,,,,,,,,,,,,,,,,,,,,,,,,,
54902,20250404,-93.29,41.56,,,,,,,,,,,,,,,,,,,,,,,,,,,,
54902,20250405,-93.29,41.56,,,,,,,,,,,,,,,,,,,,,,,,,,,,
54902,20250406,-93.29,41.56,,,,,,,,,,,,,,,,,,,,,,,,,,,,
54902,20250407,-93.29,41.56,,,,,,,,,,,,,,,,,,,,,,,,,,,,
54902,20250408,-93.29,41.56,,,,,,,,,,,,,,,,,,,,,,,,,,,,
54902,20250409,-93.29,41.56,,,,,,,,,,,,,,,,,,,,,,,,,,,,
54902,20250410,-93.29,41.56,,,,,,,,,,,,,,,,,,,,,,,,,,,,
54902,20250411,-93.29,41.56,,,,,,,,,,,,,,,,,,,,,,,,,,,,
54902,20250412,-93.29,41.56,,,,,,,,,,,,,,,,,,,,,,,,,,,,
54902,20250413,-93.29,41.56,,,,,,,,,,,,,,,,,,,,,,,,,,,,
54902,20250414,-93.29,41.56,,,,,,,,,,,,,,,,,,,,,,,,,,,,
54902,20250415,-93.29,41.56,,,,,,,,,,,,,,,,,,,,,,,,,,,,
54902,20250416,-93.29,41.56,,,,,,,,,,,,,,,,,,,,,,,,,,,,
54902,20250417,-93.29,41.56,,,,,,,,,,,,,,,,,,,,,,,,,,,,
54902,20250418,-93.29,41.56,,,,,,,,,,,,,,,,,,,,,,,,,,,,
54902,20250419,-93.29,41.56,,,,,,,,,,,,,,,,,,,,,,,,,,,,
54902,20250420,-93.29,41.56,,,,,,,,,,,,,,,,,,,,,,,,,,,,
54902,20250421,-93.29,41.56,,,,,,,,,,,,,,,,,,,,,,,,,,,,
54902,20250422,-93.29,41.56,,,,,,,,,,,,,,,,,,,,,,,,,,,,
54902,20250423,-93.29,41.56,,,,,,,,,,,,,,,,,,,,,,,,,,,,
54902,20250424,-93.29,41.56,,,,,,,,,,,,,,,,,,,,,,,,,,,,
54902,20250425,-93.29,41.56,,,,,,,,,,,,,,,,,,,,,,,,,,,,
54902,20250426,-93.29,41.56,,,,,,,,,,,,,,,,,,,,,,,,,,,,
54902,20250427,-93.29,41.56,,,,,,,,,,,,,,,,,,,,,,,,,,,,
54902,20250428,-93.29,41.56,,,,,,,,,,,,,,,,,,,,,,,,,,,,
54902,20250429,-93.29,41.56,,,,,,,,,,,,,,,,,,,,,,,,,,,,
54902,20250430,-93.29,41.56,,,,,,,,,,,,,,,,,,,,,,,,,,,,
54902,20250501,-93.29,41.56,,,,,,,,,,,,,,,,,,,,,,,,,,,,
54902,20250502,-93.29,41.56,,,,,,,,,,,,,,,,,,,,,,,,,,,,
54902,20250503,-93.29,41.56,,,,,,,,,,,,,,,,,,,,,,,,,,,,
54902,20250504,-93.29,41.56,,,,,,,,,,,,,,,,,,,,,,,,,,,,
54902,20250505,-93.29,41.56,,,,,,,,,,,,,,,,,,,,,,,,,,,,
54902,20250506,-93.29,41.56,,,,,,,,,,,,,,,,,,,,,,,,,,,,
54902,20250507,-93.29,41.56,,,,,,,,,,,,,,,,,,,,,,,,,,,,
54902,20250508,-93.29,41.56,,,,,,,,,,,,,,,,,,,,,,,,,,,,
54902,20250509,-93.29,41.56,,,,,,,,,,,,,,,,,,,,,,,,,,,,
54902,20250510,-93.29,41.56,,,,,,,,,,,,,,,,,,,,,,,,,,,,
54902,20250511,-93.29,41.56,,,,,,,,,,,,,,,,,,,,,,,,,,,,
54902,20250512,-93.29,41.56,,,,,,,,,,,,,,,,,,,,,,,,,,,,
54902,20250513,-93.29,41.56,,,,,,,,,,,,,,,,,,,,,,,,,,,,
54902,20250514,-93.29,41.56,,,,,,,,,,,,,,,,,,,,,,,,,,,,
54902,20250515,-93.29,41.56,,,,,,,,,,,,,,,,,,,,,,,,,,,,
54902,20250516,-93.29,41.56,,,,,,,,,,,,,,,,,,,,,,,,,,,,
54902,20250517,-93.29,41.56,,,,,,,,,,,,,,,,,,,,,,,,,,,,
54902,20250518,-93.29,41.56,,,,,,,,,,,,,,,,,,,,,,,,,,,,
54902,20250519,-93.29,41.56,,,,,,,,,,,,,,,,,,,,,,,,,,,,
54902,20250520,-93.29,41.56,,,,,,,,,,,,,,,,,,,,,,,,,,,,
54902,20250521,-93.29,41.56,,,,,,,,,,,,,,,,,,,,,,,,,,,,
54902,20250522,-93.29,41.56,,,,,,,,,,,,,,,,,,,,,,,,,,,,
54902,20250523,-93.29,41.56,,,,,,,,,,,,,,,,,,,,,,,,,,,,
54902,20250524,-93.29,41.56,,,,,,,,,,,,,,,,,,,,,,,,,,,,
54902,20250525,-93.29,41.56,,,,,,,,,,,,,,,,,,,,,,,,,,,,
54902,20250526,-93.29,41.56,,,,,,,,,,,,,,,,,,,,,,,,,,,,
54902,20250527,-93.29,41.56,,,,,,,,,,,,,,,,,,,,,,,,,,,,
54902,20250528,-93.29,41.56,,,,,,,,,,,,,,,,,,,,,,,,,,,,
54902,20250529,-93.29,41.56,,,,,,,,,,,,,,,,,,,,,,,,,,,,
54902,20250530,-93.29,41.56,,,,,,,,,,,,,,,,,,,,,,,,,,,,
54902,20250531,-93.29,41.56,,,,,,,,,,,,,,,,,,,,,,,,,,,,
54902,20250601,-93.29,41.56,,,,,,,,,,,,,,,,,,,,,,,,,,,,
54902,20250602,-93.29,41.56,,,,,,,,,,,,,,,,,,,,,,,,,,,,
54902,20250603,-93.29,41.56,,,,,,,,,,,,,,,,,,,,,,,,,,,,
54902,20250604,-93.29,41.56,,,,,,,,,,,,,,,,,,,,,,,,,,,,
54902,20250605,-93.29,41.56,,,,,,,,,,,,,,,,,,,,,,,,,,,,
54902,20250606,-93.29,41.56,,,,,,,,,,,,,,,,,,,,,,,,,,,,
54902,20250607,-93.29,41.56,,,,,,,,,,,,,,,,,,,,,,,,,,,,
54902,20250608,-93.29,41.56,,,,,,,,,,,,,,,,,,,,,,,,,,,,
54902,20250609,-93.29,41.56,,,,,,,,,,,,,,,,,,,,,,,,,,,,
54902,20250610,-93.29,41.56,,,,,,,,,,,,,,,,,,,,,,,,,,,,
54902,20250611,-93.29,41.56,,,,,,,,,,,,,,,,,,,,,,,,,,,,
54902,20250612,-93.29,41.56,,,,,,,,,,,,,,,,,,,,,,,,,,,,
54902,20250613,-93.29,41.56,,,,,,,,,,,,,,,,,,,,,,,,,,,,
54902,20250614,-93.29,41.56,,,,,,,,,,,,,,,,,,,,,,,,,,,,
54902,20250615,-93.29,41.56,,,,,,,,,,,,,,,,,,,,,,,,,,,,
54902,20250616,-93.29,41.56,,,,,,,,,,,,,,,,,,,,,,,,,,,,
54902,20250617,-93.29,41.56,,,,,,,,,,,,,,,,,,,,,,,,,,,,
54902,20250618,-93.29,41.56,,,,,,,,,,,,,,,,,,,,,,,,,,,,
54902,20250619,-93.29,41.56,,,,,,,,,,,,,,,,,,,,,,,,,,,,
54902,20250620,-93.29,41.56,,,,,,,,,,,,,,,,,,,,,,,,,,,,
54902,20250621,-93.29,41.56,,,,,,,,,,,,,,,,,,,,,,,,,,,,
54902,20250622,-93.29,41.56,,,,,,,,,,,,,,,,,,,,,,,,,,,,
54902,20250623,-93.29,41.56,,,,,,,,,,,,,,,,,,,,,,,,,,,,
54902,20250624,-93.29,41.56,,,,,,,,,,,,,,,,,,,,,,,,,,,,
54902,20250625,-93.29,41.56,,,,,,,,,,,,,,,,,,,,,,,,,,,,
54902,20250626,-93.29,41.56,,,,,,,,,,,,,,,,,,,,,,,,,,,,
54902,20250627,-93.29,41.56,,,,,,,,,,,,,,,,,,,,,,,,,,,,
54902,20250628,-93.29,41.56,,,,,,,,,,,,,,,,,,,,,,,,,,,,
54902,20250629,-93.29,41.56,,,,,,,,,,,,,,,,,,,,,,,,,,,,
54902,20250630,-93.29,41.56,,,,,,,,,,,,,,,,,,,,,,,,,,,,
54902,20250701,-93.29,41.56,,,,,,,,,,,,,,,,,,,,,,,,,,,,
54902,20250702,-93.29,41.56,,,,,,,,,,,,,,,,,,,,,,,,,,,,
54902,20250703,-93.29,41.56,,,,,,,,,,,,,,,,,,,,,,,,,,,,
54902,20250704,-93.29,41.56,,,,,,,,,,,,,,,,,,,,,,,,,,,,
54902,20250705,-93.29,41.56,,,,,,,,,,,,,,,,,,,,,,,,,,,,
54902,20250706,-93.29,41.56,,,,,,,,,,,,,,,,,,,,,,,,,,,,
54902,20250707,-93.29,41.56,,,,,,,,,,,,,,,,,,,,,,,,,,,,
54902,20250708,-93.29,41.56,,,,,,,,,,,,,,,,,,,,,,,,,,,,
54902,20250709,-93.29,41.56,,,,,,,,,,,,,,,,,,,,,,,,,,,,
54902,20250710,-93.29,41.56,,,,,,,,,,,,,,,,,,,,,,,,,,,,
54902,20250711,-93.29,41.56,,,,,,,,,,,,,,,,,,,,,,,,,,,,
54902,20250712,-93.29,41.56,,,,,,,,,,,,,,,,,,,,,,,,,,,,
54902,20250713,-93.29,41.56,,,,,,,,,,,,,,,,,,,,,,,,,,,,
54902,20250714,-93.29,41.56,,,,,,,,,,,,,,,,,,,,,,,,,,,,
54902,20250715,-93.29,41.56,,,,,,,,,,,,,,,,,,,,,,,,,,,,
54902,20250716,-93.29,41.56,,,,,,,,,,,,,,,,,,,,,,,,,,,,
54902,20250717,-93.29,41.56,,,,,,,,,,,,,,,,,,,,,,,,,,,,
54902,20250718,-93.29,41.56,,,,,,,,,,,,,,,,,,,,,,,,,,,,
54902,20250719,-93.29,41.56,,,,,,,,,,,,,,,,,,,,,,,,,,,,
54902,20250720,-93.29,41.56,,,,,,,,,,,,,,,,,,,,,,,,,,,,
54902,20250721,-93.29,41.56,,,,,,,,,,,,,,,,,,,,,,,,,,,,
54902,20250722,-93.29,41.56,,,,,,,,,,,,,,,,,,,,,,,,,,,,
54902,20250723,-93.29,41.56,,,,,,,,,,,,,,,,,,,,,,,,,,,,
54902,20250724,-93.29,41.56,,,,,,,,,,,,,,,,,,,,,,,,,,,,
54902,20250725,-93.29,41.56,,,,,,,,,,,,,,,,,,,,,,,,,,,,
54902,20250726,-93.29,41.56,,,,,,,,,,,,,,,,,,,,,,,,,,,,
54902,20250727,-93.29,41.56,,,,,,,,,,,,,,,,,,,,,,,,,,,,
54902,20250728,-93.29,41.56,,,,,,,,,,,,,,,,,,,,,,,,,,,,
54902,20250729,-93.29,41.56,,,,,,,,,,,,,,,,,,,,,,,,,,,,
54902,20250730,-93.29,41.56,,,,,,,,,,,,,,,,,,,,,,,,,,,,
54902,20250731,-93.29,41.56,,,,,,,,,,,,,,,,,,,,,,,,,,,,
54902,20250801,-93.29,41.56,,,,,,,,,,,,,,,,,,,,,,,,,,,,
54902,20250802,-93.29,41.56,,,,,,,,,,,,,,,,,,,,,,,,,,,,
54902,20250803,-93.29,41.56,,,,,,,,,,,,,,,,,,,,,,,,,,,,
54902,20250804,-93.29,41.56,,,,,,,,,,,,,,,,,,,,,,,,,,,,
54902,20250805,-93.29,41.56,,,,,,,,,,,,,,,,,,,,,,,,,,,,
54902,20250806,-93.29,41.56,,,,,,,,,,,,,,,,,,,,,,,,,,,,
54902,20250807,-93.29,41.56,,,,,,,,,,,,,,,,,,,,,,,,,,,,
54902,20250808,-93.29,41.56,,,,,,,,,,,,,,,,,,,,,,,,,,,,
54902,20250809,-93.29,41.56,,,,,,,,,,,,,,,,,,,,,,,,,,,,
54902,20250810,-93.29,41.56,,,,,,,,,,,,,,,,,,,,,,,,,,,,
54902,20250811,-93.29,41.56,,,,,,,,,,,,,,,,,,,,,,,,,,,,
54902,20250812,-93.29,41.56,,,,,,,,,,,,,,,,,,,,,,,,,,,,
54902,20250813,-93.29,41.56,,,,,,,,,,,,,,,,,,,,,,,,,,,,
54902,20250814,-93.29,41.56,,,,,,,,,,,,,,,,,,,,,,,,,,,,
54902,20250815,-93.29,41.56,,,,,,,,,,,,,,,,,,,,,,,,,,,,
54902,20250816,-93.29,41.56,,,,,,,,,,,,,,,,,,,,,,,,,,,,
54902,20250817,-93.29,41.56,,,,,,,,,,,,,,,,,,,,,,,,,,,,
54902,20250818,-93.29,41.56,,,,,,,,,,,,,,,,,,,,,,,,,,,,
54902,20250819,-93.29,41.56,,,,,,,,,,,,,,,,,,,,,,,,,,,,
54902,20250820,-93.29,41.56,,,,,,,,,,,,,,,,,,,,,,,,,,,,
54902,20250821,-93.29,41.56,,,,,,,,,,,,,,,,,,,,,,,,,,,,
54902,20250822,-93.29,41.56,,,,,,,,,,,,,,,,,,,,,,,,,,,,
54902,20250823,-93.29,41.56,,,,,,,,,,,,,,,,,,,,,,,,,,,,
54902,20250824,-93.29,41.56,0.289,0.4,0,0.43,0.31,0.37,0,0.326,0.403,0.56,0,1,0.459,0.94,0,1,0.522,0.6,0,1,0.299,0.34,0,0.363,0.397,0.57,0,0.704
54902,20250825,-93.29,41.56,0.283,0.35,0,0.365,0.304,0.32,0,0.277,0.4,0.52,0,0.855,0.458,0.93,0,1,0.522,0.59,0,1,0.294,0.29,0,0.308,0.394,0.53,0,0.597
54902,20250826,-93.29,41.56,0.273,0.26,0,0.251,0.295,0.23,0,0.168,0.395,0.47,0,0.719,0.456,0.9,0,1,0.521,0.58,0,1,0.284,0.2,0,0.198,0.388,0.45,0,0.473
54902,20250827,-93.29,41.56,0.262,0.17,0,0.113,0.285,0.13,0,0.03,0.389,0.4,0,0.577,0.453,0.86,0,1,0.52,0.55,0,1,0.273,0.11,0,0.06,0.382,0.36,0,0.333
54902,20250828,-93.29,41.56,0.253,0.09,0,0,0.275,0.05,0,0,0.383,0.33,0,0.435,0.45,0.81,0,1,0.52,0.54,0,1,0.264,0.03,0,0,0.376,0.28,0,0.19
54902,20250829,-93.29,41.56,0.245,0.03,0,0,0.267,-0.03,0,0,0.377,0.28,0,0.292,0.447,0.74,0,1,0.519,0.53,0,1,0.256,-0.04,0,0,0.371,0.23,0,0.048
54902,20250830,-93.29,41.56,0.239,-0.03,0,0,0.26,-0.09,0,0,0.37,0.22,0,0.149,0.443,0.65,0,0.994,0.519,0.52,0,1,0.25,-0.09,0,0,0.366,0.18,0,0
54902,20250831,-93.29,41.56,0.234,-0.07,0,0,0.254,-0.15,0,0,0.364,0.17,0,0.006,0.439,0.57,0,0.887,0.519,0.52,0,1,0.244,-0.14,0,0,0.362,0.13,0,0
54902,20250901,-93.29,41.56,0.231,-0.1,0,0,0.25,-0.19,0,0,0.357,0.11,0,0,0.436,0.49,0,0.744,0.518,0.5,0,1,0.24,-0.17,0,0,0.359,0.09,0,0
54902,20250902,-93.29,41.56,0.228,-0.12,0,0,0.247,-0.22,0,0,0.351,0.06,0,0,0.433,0.41,0,0.601,0.518,0.49,0,1,0.237,-0.2,0,0,0.355,0.06,0,0
54902,20250903,-93.29,41.56,0.226,-0.14,0,0,0.245,-0.25,0,0,0.346,0.02,0,0,0.43,0.33,0,0.458,0.518,0.48,0,1,0.235,-0.22,0,0,0.353,0.02,0,0
54902,20250904,-93.29,41.56,0.224,-0.16,0,0,0.242,-0.27,0,0,0.341,-0.03,0,0,0.427,0.27,0,0.315,0.517,0.46,0,1,0.233,-0.24,0,0,0.35,-0.01,0,0
54902,20250905,-93.29,41.56,0.222,-0.18,0,0,0.24,-0.29,0,0,0.337,-0.06,0,0,0.424,0.24,0,0.173,0.517,0.45,0,1,0.231,-0.25,0,0,0.348,-0.03,0,0
54902,20250906,-93.29,41.56,0.22,-0.19,0,0,0.238,-0.31,0,0,0.333,-0.1,0,0,0.421,0.22,0,0.036,0.516,0.43,0,1,0.229,-0.27,0,0,0.346,-0.06,0,0
54902,20250907,-93.29,41.56,0.218,-0.2,0,0,0.236,-0.33,0,0,0.329,-0.13,0,0,0.419,0.19,0,0,0.514,0.4,0,1,0.227,-0.28,0,0,0.343,-0.08,0,0
54902,20250908,-93.29,41.56,0.216,-0.22,0,0,0.233,-0.36,0,0,0.325,-0.16,0,0,0.416,0.17,0,0,0.513,0.38,0,1,0.225,-0.3,0,0,0.341,-0.1,0,0
54902,20250909,-93.29,41.56,0.214,-0.23,0,0,0.23,-0.39,0,0,0.321,-0.18,0,0,0.412,0.14,0,0,0.512,0.36,0,1,0.222,-0.31,0,0,0.338,-0.12,0,0
54902,20250910,-93.29,41.56,0.213,-0.24,0,0,0.228,-0.41,0,0,0.317,-0.21,0,0,0.409,0.12,0,0,0.511,0.35,0,1,0.22,-0.32,0,0,0.336,-0.14,0,0
54902,20250911,-93.29,41.56,0.211,-0.24,0,0,0.226,-0.43,0.006,0,0.313,-0.24,0,0,0.405,0.09,0,0,0.51,0.33,0,0.952,0.218,-0.34,0,0,0.333,-0.16,0,0
54902,20250912,-93.29,41.56,0.209,-0.25,0,0,0.224,-0.44,0.095,0,0.308,-0.26,0,0,0.401,0.06,0,0,0.508,0.31,0,0.833,0.217,-0.35,0,0,0.33,-0.18,0,0
54902,20250913,-93.29,41.56,0.208,-0.25,0,0,0.222,-0.46,0.214,0,0.304,-0.29,0,0,0.397,0.03,0,0,0.507,0.3,0,0.744,0.215,-0.36,0.06,0,0.328,-0.19,0,0
54902,20250914,-93.29,41.56,0.208,-0.25,0,0,0.22,-0.48,0.345,0,0.3,-0.31,0,0,0.392,0,0,0,0.507,0.3,0,0.714,0.214,-0.36,0.101,0,0.325,-0.21,0,0
54902,20250915,-93.29,41.56,0.207,-0.25,0,0,0.219,-0.49,0.488,0,0.297,-0.34,0,0,0.387,-0.03,0,0,0.505,0.28,0,0.589,0.213,-0.37,0.22,0,0.323,-0.22,0,0
54902,20250916,-93.29,41.56,0.206,-0.25,0,0,0.218,-0.51,0.631,0,0.293,-0.36,0,0,0.382,-0.07,0,0,0.504,0.26,0,0.446,0.212,-0.38,0.315,0,0.321,-0.23,0,0
54902,20250917,-93.29,41.56,0.205,-0.25,0,0,0.217,-0.52,0.774,0,0.29,-0.38,0,0,0.376,-0.1,0,0,0.502,0.24,0,0.304,0.211,-0.38,0.44,0,0.318,-0.25,0,0
54902,20250918,-93.29,41.56,0.207,-0.23,0,0,0.216,-0.53,0.899,0,0.287,-0.4,0,0,0.372,-0.13,0,0,0.5,0.22,0,0.208,0.212,-0.38,0.47,0,0.317,-0.26,0,0
54902,20250919,-93.29,41.56,0.21,-0.21,0,0,0.216,-0.53,0.839,0,0.285,-0.41,0,0,0.368,-0.15,0,0,0.499,0.2,0,0.185,0.213,-0.37,0.47,0,0.316,-0.26,0,0
54902,20250920,-93.29,41.56,0.212,-0.19,0,0,0.216,-0.53,0.72,0,0.283,-0.42,0,0,0.365,-0.16,0,0,0.498,0.19,0,0.131,0.214,-0.36,0.411,0,0.315,-0.26,0,0
54902,20250921,-93.29,41.56,0.214,-0.18,0,0,0.215,-0.53,0.589,0,0.282,-0.43,0,0,0.363,-0.17,0,0,0.496,0.17,0,0.018,0.214,-0.35,0.369,0,0.314,-0.26,0,0
54902,20250922,-93.29,41.56,0.215,-0.17,0,0,0.215,-0.52,0.446,0,0.281,-0.43,0,0,0.361,-0.18,0,0,0.496,0.17,0,0,0.215,-0.34,0.25,0,0.314,-0.26,0,0
54902,20250923,-93.29,41.56,0.217,-0.15,0,0,0.216,-0.52,0.304,0,0.28,-0.43,0,0,0.36,-0.18,0,0,0.496,0.16,0,0,0.216,-0.33,0.155,0,0.314,-0.25,0,0
54902,20250924,-93.29,41.56,0.219,-0.14,0,0,0.216,-0.52,0.185,0,0.28,-0.43,0,0,0.359,-0.18,0,0,0.496,0.16,0,0,0.217,-0.32,0.03,0,0.314,-0.25,0,0
54902,20250925,-93.29,41.56,0.217,-0.15,0,0,0.216,-0.52,0.137,0,0.28,-0.43,0,0,0.358,-0.18,0,0,0.496,0.16,0,0,0.217,-0.32,0,0,0.314,-0.25,0,0
54902,20250926,-93.29,41.56,0.216,-0.16,0,0,0.217,-0.53,0.238,0,0.279,-0.44,0,0,0.358,-0.18,0,0,0.495,0.15,0,0,0.216,-0.33,0,0,0.313,-0.25,0,0
54902,20250927,-93.29,41.56,0.215,-0.16,0,0,0.216,-0.53,0.381,0,0.279,-0.44,0,0,0.357,-0.18,0,0,0.494,0.14,0,0,0.216,-0.33,0,0,0.312,-0.26,0,0
54902,20250928,-93.29,41.56,0.214,-0.17,0,0,0.216,-0.54,0.524,0,0.279,-0.44,0,0,0.356,-0.19,0,0,0.493,0.13,0,0,0.215,-0.34,0,0,0.312,-0.26,0,0
54902,20250929,-93.29,41.56,0.213,-0.17,0,0,0.216,-0.55,0.667,0,0.278,-0.45,0,0,0.354,-0.19,0,0,0.492,0.11,0,0,0.215,-0.34,0,0,0.311,-0.27,0,0
54902,20250930,-93.29,41.56,0.213,-0.17,0,0,0.215,-0.55,0.81,0,0.278,-0.45,0,0,0.353,-0.2,0,0,0.491,0.1,0,0,0.214,-0.35,0,0,0.31,-0.28,0,0
54902,20251001,-93.29,41.56,0.211,-0.18,0,0,0.215,-0.56,0.887,0,0.278,-0.46,0,0,0.351,-0.2,0,0,0.491,0.09,0,0,0.213,-0.35,0,0,0.309,-0.29,0,0
54902,20251002,-93.29,41.56,0.21,-0.19,0,0,0.214,-0.56,0.881,0,0.277,-0.46,0,0,0.349,-0.21,0,0,0.49,0.09,0,0,0.212,-0.36,0,0,0.308,-0.3,0,0
54902,20251003,-93.29,41.56,0.209,-0.19,0,0,0.214,-0.56,0.827,0,0.276,-0.47,0,0,0.348,-0.22,0,0,0.49,0.09,0,0,0.211,-0.36,0,0,0.307,-0.31,0,0
54902,20251004,-93.29,41.56,0.207,-0.2,0,0,0.213,-0.55,0.738,0,0.276,-0.48,0,0,0.345,-0.23,0,0,0.49,0.09,0,0,0.21,-0.36,0,0,0.306,-0.31,0,0
54902,20251005,-93.29,41.56,0.205,-0.21,0,0,0.212,-0.55,0.661,0,0.275,-0.48,0,0,0.343,-0.24,0,0,0.49,0.09,0,0,0.209,-0.37,0,0,0.305,-0.32,0,0
54902,20251006,-93.29,41.56,0.203,-0.23,0,0,0.212,-0.55,0.649,0,0.275,-0.49,0,0,0.341,-0.25,0,0,0.49,0.08,0,0,0.207,-0.37,0,0,0.304,-0.33,0,0
54902,20251007,-93.29,41.56,0.201,-0.24,0,0,0.211,-0.56,0.649,0,0.274,-0.49,0,0,0.339,-0.27,0,0,0.49,0.08,0,0,0.206,-0.38,0,0,0.303,-0.34,0,0
54902,20251008,-93.29,41.56,0.198,-0.25,0,0,0.209,-0.57,0.69,0,0.273,-0.5,0,0,0.337,-0.28,0,0,0.49,0.07,0,0,0.204,-0.39,0,0,0.301,-0.35,0,0
54902,20251009,-93.29,41.56,0.196,-0.27,0,0,0.208,-0.58,0.756,0,0.271,-0.51,0,0,0.335,-0.3,0,0,0.489,0.05,0,0,0.202,-0.4,0.054,0,0.3,-0.36,0,0
54902,20251010,-93.29,41.56,0.195,-0.28,0,0,0.206,-0.59,0.821,0,0.27,-0.52,0,0,0.333,-0.31,0,0,0.488,0.03,0,0,0.2,-0.42,0.167,0,0.298,-0.37,0,0
54902,20251011,-93.29,41.56,0.193,-0.29,0,0,0.205,-0.61,0.911,0,0.269,-0.53,0,0,0.331,-0.33,0,0,0.486,0.01,0,0,0.199,-0.43,0.25,0,0.297,-0.39,0,0
54902,20251012,-93.29,41.56,0.193,-0.3,0,0,0.203,-0.62,0.988,0,0.267,-0.55,0.006,0,0.329,-0.34,0,0,0.485,-0.01,0,0,0.198,-0.45,0.393,0,0.295,-0.4,0,0
54902,20251013,-93.29,41.56,0.192,-0.31,0,0,0.202,-0.63,1,0,0.266,-0.56,0.018,0,0.327,-0.36,0,0,0.485,-0.03,0,0,0.197,-0.46,0.536,0,0.295,-0.41,0,0
54902,20251014,-93.29,41.56,0.192,-0.32,0,0,0.202,-0.65,1,0,0.265,-0.58,0.119,0,0.326,-0.38,0,0,0.484,-0.05,0,0,0.197,-0.48,0.679,0,0.294,-0.43,0,0
54902,20251015,-93.29,41.56,0.192,-0.34,0.065,0,0.201,-0.66,1,0,0.264,-0.59,0.25,0,0.324,-0.4,0,0,0.482,-0.08,0,0,0.197,-0.49,0.821,0,0.293,-0.45,0,0
54902,20251016,-93.29,41.56,0.193,-0.35,0.208,0,0.202,-0.67,1,0,0.263,-0.61,0.393,0,0.323,-0.42,0,0,0.481,-0.1,0,0,0.197,-0.5,0.911,0,0.292,-0.46,0.012,0
54902,20251017,-93.29,41.56,0.193,-0.37,0.351,0,0.202,-0.68,1,0,0.263,-0.62,0.536,0,0.322,-0.44,0.054,0,0.48,-0.12,0,0,0.198,-0.51,0.94,0,0.292,-0.47,0.03,0
54902,20251018,-93.29,41.56,0.193,-0.39,0.494,0,0.202,-0.69,1,0,0.263,-0.63,0.679,0,0.322,-0.47,0.185,0,0.48,-0.13,0,0,0.198,-0.52,1,0,0.292,-0.48,0.167,0
54902,20251019,-93.29,41.56,0.194,-0.42,0.637,0,0.203,-0.7,1,0,0.263,-0.64,0.815,0,0.321,-0.5,0.327,0,0.479,-0.15,0,0,0.198,-0.53,1,0,0.292,-0.5,0.31,0
54902,20251020,-93.29,41.56,0.193,-0.45,0.78,0,0.203,-0.72,1,0,0.263,-0.65,0.946,0,0.321,-0.52,0.47,0,0.478,-0.17,0,0,0.198,-0.55,1,0,0.291,-0.51,0.452,0
54902,20251021,-93.29,41.56,0.192,-0.48,0.923,0,0.202,-0.73,1,0,0.262,-0.66,0.988,0,0.32,-0.55,0.613,0,0.478,-0.17,0,0,0.197,-0.56,1,0,0.291,-0.52,0.595,0
54902,20251022,-93.29,41.56,0.191,-0.51,1,0,0.201,-0.75,1,0,0.261,-0.68,1,0,0.319,-0.58,0.756,0,0.478,-0.18,0,0,0.196,-0.57,1,0,0.29,-0.54,0.738,0
54902,20251023,-93.29,41.56,0.189,-0.54,1,0,0.2,-0.76,1,0,0.26,-0.69,1,0,0.318,-0.6,0.899,0,0.478,-0.18,0,0,0.195,-0.6,1,0,0.289,-0.55,0.869,0
54902,20251024,-93.29,41.56,0.187,-0.57,1,0,0.199,-0.78,1,0,0.258,-0.71,1,0,0.317,-0.62,0.988,0,0.477,-0.2,0,0,0.193,-0.63,1,0,0.288,-0.57,0.994,0
54902,20251025,-93.29,41.56,0.185,-0.6,1,0,0.197,-0.81,1,0,0.257,-0.72,1,0,0.316,-0.63,1,0,0.476,-0.22,0,0,0.191,-0.66,1,0,0.286,-0.58,1,0
54902,20251026,-93.29,41.56,0.183,-0.63,1,0,0.195,-0.83,1,0,0.255,-0.74,1,0,0.314,-0.65,1,0,0.475,-0.24,0,0,0.189,-0.7,1,0,0.284,-0.6,1,0
54902,20251027,-93.29,41.56,0.182,-0.66,1,0,0.194,-0.86,1,0,0.254,-0.76,1,0,0.312,-0.67,1,0,0.474,-0.26,0.03,0,0.188,-0.74,1,0,0.283,-0.61,1,0
54902,20251028,-93.29,41.56,0.181,-0.69,1,0,0.193,-0.89,1,0,0.252,-0.77,1,0,0.31,-0.69,1,0,0.472,-0.3,0.101,0,0.187,-0.79,1,0,0.282,-0.63,1,0
54902,20251029,-93.29,41.56,0.18,-0.71,1,0,0.192,-0.93,1,0,0.251,-0.79,1,0,0.308,-0.7,1,0,0.47,-0.33,0.22,0,0.186,-0.83,1,0,0.28,-0.65,1,0
54902,20251030,-93.29,41.56,0.18,-0.74,1,0,0.194,-0.95,1,0,0.25,-0.8,1,0,0.306,-0.72,1,0,0.469,-0.36,0.345,0,0.187,-0.87,1,0,0.28,-0.66,1,0
54902,20251031,-93.29,41.56,0.18,-0.76,1,0,0.196,-0.97,1,0,0.25,-0.82,1,0,0.305,-0.73,1,0,0.468,-0.38,0.47,0,0.188,-0.91,1,0,0.28,-0.68,1,0
54902,20251101,-93.29,41.56,0.18,-0.79,1,0,0.197,-0.99,1,0,0.249,-0.85,1,0,0.304,-0.74,1,0,0.467,-0.4,0.577,0,0.188,-0.94,1,0,0.279,-0.7,1,0
54902,20251102,-93.29,41.56,0.179,-0.84,1,0,0.199,-1.01,1,0,0.248,-0.88,1,0,0.303,-0.75,1,0,0.466,-0.42,0.708,0,0.189,-0.98,1,0,0.279,-0.72,1,0
54902,20251103,-93.29,41.56,0.179,-0.9,1,0,0.2,-1.04,1,0,0.247,-0.91,1,0,0.302,-0.76,1,0,0.466,-0.44,0.821,0,0.189,-1.02,1,0,0.279,-0.75,1,0
54902,20251104,-93.29,41.56,0.179,-0.96,1,0,0.201,-1.06,1,0,0.246,-0.97,1,0,0.302,-0.77,1,0,0.465,-0.45,0.893,0,0.19,-1.05,1,0,0.279,-0.79,1,0
54902,20251105,-93.29,41.56,0.178,-1.02,1,0,0.202,-1.09,1,0,0.245,-1.03,1,0,0.301,-0.78,1,0,0.465,-0.46,0.917,0,0.19,-1.09,1,0,0.278,-0.84,1,0
54902,20251106,-93.29,41.56,0.178,-1.08,1,0,0.201,-1.13,1,0,0.245,-1.08,1,0,0.3,-0.78,1,0,0.464,-0.47,0.935,0,0.19,-1.13,1,0,0.278,-0.89,1,0
54902,20251107,-93.29,41.56,0.178,-1.14,1,0,0.2,-1.17,1,0,0.244,-1.14,1,0,0.299,-0.79,1,0,0.463,-0.48,0.952,0,0.189,-1.18,1,0,0.277,-0.95,1,0
54902,20251108,-93.29,41.56,0.178,-1.2,1,0,0.2,-1.21,1,0,0.243,-1.18,1,0,0.299,-0.79,1,0,0.462,-0.5,0.988,0,0.189,-1.22,1,0,0.276,-1,1,0
54902,20251109,-93.29,41.56,0.178,-1.26,1,0,0.2,-1.24,1,0,0.243,-1.23,1,0,0.298,-0.8,1,0,0.461,-0.51,1,0,0.189,-1.26,1,0,0.276,-1.05,1,0
54902,20251110,-93.29,41.56,0.177,-1.31,1,0,0.201,-1.26,1,0,0.243,-1.26,1,0,0.298,-0.8,1,0,0.46,-0.51,1,0,0.189,-1.3,1,0,0.276,-1.09,1,0
54902,20251111,-93.29,41.56,0.176,-1.37,1,0,0.202,-1.27,1,0,0.242,-1.28,1,0,0.297,-0.8,1,0,0.459,-0.52,1,0,0.189,-1.34,1,0,0.275,-1.12,1,0
54902,20251112,-93.29,41.56,0.176,-1.42,1,0,0.203,-1.28,1,0,0.241,-1.3,1,0,0.296,-0.81,1,0,0.459,-0.52,1,0,0.189,-1.37,1,0,0.275,-1.14,1,0
54902,20251113,-93.29,41.56,0.175,-1.45,1,0,0.204,-1.28,1,0,0.24,-1.32,1,0,0.296,-0.81,1,0,0.458,-0.53,1,0,0.19,-1.39,1,0,0.275,-1.15,1,0
54902,20251114,-93.29,41.56,0.175,-1.47,1,0,0.206,-1.27,1,0,0.239,-1.32,1,0,0.295,-0.82,1,0,0.457,-0.54,1,0,0.191,-1.4,1,0,0.275,-1.16,1,0
54902,20251115,-93.29,41.56,0.176,-1.48,1,0,0.208,-1.25,1,0,0.239,-1.33,1,0,0.295,-0.82,1,0,0.456,-0.55,1,0,0.192,-1.4,1,0,0.275,-1.16,1,0
54902,20251116,-93.29,41.56,0.176,-1.47,1,0,0.209,-1.24,1,0,0.239,-1.34,1,0,0.294,-0.83,1,0,0.456,-0.56,1,0,0.193,-1.39,1,0,0.275,-1.16,1,0
54902,20251117,-93.29,41.56,0.177,-1.45,1,0,0.21,-1.24,1,0,0.239,-1.34,1,0,0.294,-0.84,1,0,0.455,-0.57,1,0,0.194,-1.38,1,0,0.275,-1.17,1,0
54902,20251118,-93.29,41.56,0.179,-1.43,1,0,0.21,-1.24,1,0,0.239,-1.34,1,0,0.294,-0.84,1,0,0.454,-0.58,1,0,0.194,-1.36,1,0,0.275,-1.17,1,0
54902,20251119,-93.29,41.56,0.179,-1.41,1,0,0.21,-1.25,1,0,0.24,-1.34,1,0,0.294,-0.84,1,0,0.454,-0.59,1,0,0.195,-1.35,1,0,0.275,-1.17,1,0
54902,20251120,-93.29,41.56,0.18,-1.39,1,0,0.21,-1.25,1,0,0.24,-1.34,1,0,0.294,-0.85,1,0,0.454,-0.58,1,0,0.195,-1.35,1,0,0.276,-1.17,1,0
54902,20251121,-93.29,41.56,0.18,-1.37,1,0,0.21,-1.26,1,0,0.24,-1.35,1,0,0.294,-0.85,1,0,0.454,-0.58,0.994,0,0.195,-1.36,1,0,0.276,-1.17,1,0
54902,20251122,-93.29,41.56,0.18,-1.36,1,0,0.209,-1.28,1,0,0.24,-1.35,1,0,0.294,-0.86,1,0,0.453,-0.58,0.964,0,0.194,-1.38,1,0,0.275,-1.17,1,0
54902,20251123,-93.29,41.56,0.179,-1.36,1,0,0.208,-1.29,1,0,0.239,-1.36,1,0,0.294,-0.86,1,0,0.453,-0.57,0.94,0,0.193,-1.41,1,0,0.275,-1.16,1,0
54902,20251124,-93.29,41.56,0.179,-1.35,1,0,0.207,-1.32,1,0,0.239,-1.37,1,0,0.294,-0.87,1,0,0.453,-0.56,0.905,0,0.193,-1.45,1,0,0.274,-1.16,1,0
54902,20251125,-93.29,41.56,0.179,-1.34,1,0,0.206,-1.34,1,0,0.239,-1.38,1,0,0.294,-0.87,1,0,0.453,-0.55,0.821,0,0.192,-1.48,1,0,0.274,-1.15,1,0
54902,20251126,-93.29,41.56,0.179,-1.33,1,0,0.206,-1.36,1,0,0.239,-1.39,1,0,0.294,-0.87,1,0,0.453,-0.55,0.768,0,0.192,-1.52,1,0,0.274,-1.14,1,0
54902,20251127,-93.29,41.56,0.178,-1.33,1,0,0.205,-1.39,1,0,0.238,-1.4,1,0,0.294,-0.88,1,0,0.453,-0.55,0.708,0,0.191,-1.56,1,0,0.274,-1.14,1,0
54902,20251128,-93.29,41.56,0.177,-1.33,1,0,0.204,-1.43,1,0,0.238,-1.42,1,0,0.294,-0.88,1,0,0.452,-0.55,0.661,0,0.19,-1.6,1,0,0.273,-1.14,1,0
54902,20251129,-93.29,41.56,0.176,-1.34,1,0,0.202,-1.47,1,0,0.237,-1.44,1,0,0.294,-0.88,1,0,0.452,-0.56,0.69,0,0.189,-1.63,1,0,0.272,-1.15,1,0
54902,20251130,-93.29,41.56,0.175,-1.34,1,0,0.201,-1.5,1,0,0.236,-1.46,1,0,0.293,-0.89,1,0,0.451,-0.57,0.714,0,0.188,-1.66,1,0,0.271,-1.15,1,0
54902,20251201,-93.29,41.56,0.174,-1.35,1,0,0.2,-1.53,1,0,0.235,-1.47,1,0,0.292,-0.9,1,0,0.45,-0.58,0.75,0,0.187,-1.69,1,0,0.27,-1.17,1,0
54902,20251202,-93.29,41.56,0.173,-1.35,1,0,0.199,-1.55,1,0,0.235,-1.5,1,0,0.292,-0.9,1,0,0.449,-0.59,0.833,0,0.186,-1.72,1,0,0.269,-1.21,1,0
54902,20251203,-93.29,41.56,0.172,-1.36,1,0,0.198,-1.58,1,0,0.233,-1.53,1,0,0.291,-0.91,1,0,0.448,-0.61,0.887,0,0.185,-1.75,1,0,0.268,-1.27,1,0
54902,20251204,-93.29,41.56,0.171,-1.36,1,0,0.197,-1.6,1,0,0.232,-1.56,1,0,0.29,-0.92,1,0,0.447,-0.63,0.946,0,0.184,-1.76,1,0,0.267,-1.34,1,0
54902,20251205,-93.29,41.56,0.171,-1.37,1,0,0.196,-1.62,1,0,0.232,-1.59,1,0,0.289,-0.92,1,0,0.446,-0.65,1,0,0.184,-1.78,1,0,0.267,-1.41,1,0
54902,20251206,-93.29,41.56,0.171,-1.37,1,0,0.196,-1.63,1,0,0.231,-1.62,1,0,0.288,-0.93,1,0,0.445,-0.66,1,0,0.183,-1.79,1,0,0.266,-1.48,1,0
54902,20251207,-93.29,41.56,0.171,-1.38,1,0,0.195,-1.64,1,0,0.231,-1.65,1,0,0.288,-0.93,1,0,0.444,-0.68,1,0,0.183,-1.8,1,0,0.266,-1.55,1,0
54902,20251208,-93.29,41.56,0.171,-1.4,1,0,0.195,-1.65,1,0,0.231,-1.69,1,0,0.287,-0.94,1,0,0.443,-0.7,1,0,0.183,-1.81,1,0,0.265,-1.62,1,0
54902,20251209,-93.29,41.56,0.171,-1.43,1,0,0.195,-1.66,1,0,0.23,-1.73,1,0,0.287,-0.95,1,0,0.443,-0.71,1,0,0.183,-1.81,1,0,0.265,-1.67,1,0
54902,20251210,-93.29,41.56,0.172,-1.44,1,0,0.196,-1.64,1,0,0.23,-1.77,1,0,0.29,-0.94,0.964,0,0.444,-0.68,0.952,0,0.184,-1.79,1,0,0.266,-1.68,1,0
54902,20251211,-93.29,41.56,0.176,-1.42,1,0,0.202,-1.57,1,0,0.23,-1.81,1,0,0.297,-0.89,0.841,0,0.449,-0.59,0.829,0,0.189,-1.71,1,0,0.271,-1.63,1,0
54902,20251212,-93.29,41.56,0.183,-1.38,1,0,0.21,-1.47,1,0,0.231,-1.83,1,0,0.306,-0.84,0.732,0,0.454,-0.49,0.683,0,0.196,-1.61,1,0,0.277,-1.56,1,0
54902,20251213,-93.29,41.56,0.19,-1.34,1,0,0.218,-1.39,1,0,0.232,-1.85,1,0,0.314,-0.79,0.683,0,0.459,-0.39,0.537,0,0.204,-1.51,1,0,0.283,-1.49,1,0
54902,20251214,-93.29,41.56,0.198,-1.31,1,0,0.225,-1.32,1,0,0.233,-1.85,1,0,0.322,-0.74,0.683,0,0.464,-0.3,0.39,0,0.212,-1.41,1,0,0.288,-1.41,1,0
54902,20251215,-93.29,41.56,0.207,-1.26,1,0,0.232,-1.26,1,0,0.234,-1.84,1,0,0.331,-0.7,0.683,0,0.468,-0.21,0.244,0,0.22,-1.32,1,0,0.294,-1.33,1,0
54902,20251216,-93.29,41.56,0.215,-1.21,1,0,0.24,-1.21,1,0,0.235,-1.83,1,0,0.339,-0.67,0.683,0,0.473,-0.12,0.098,0,0.228,-1.23,1,0,0.3,-1.24,1,0
54902,20251217,-93.29,41.56,0.227,-1.13,0.97,0,0.246,-1.18,1,0,0.237,-1.82,1,0,0.345,-0.65,0.72,0,0.476,-0.07,0,0,0.236,-1.15,1,0,0.306,-1.17,1,0
54902,20251218,-93.29,41.56,0.243,-0.97,0.827,0,0.249,-1.18,1,0,0.24,-1.78,1,0,0.346,-0.67,0.81,0,0.476,-0.06,0,0,0.246,-1.06,0.97,0,0.311,-1.11,1,0
54902,20251219,-93.29,41.56,0.26,-0.79,0.685,0,0.254,-1.16,1,0,0.249,-1.67,1,0,0.348,-0.68,0.905,0,0.476,-0.05,0,0,0.257,-0.95,0.893,0,0.317,-1.03,1,0
54902,20251220,-93.29,41.56,0.274,-0.64,0.542,0,0.258,-1.15,1,0,0.258,-1.56,1,0,0.349,-0.69,0.952,0,0.477,-0.04,0,0,0.266,-0.86,0.893,0,0.323,-0.96,1,0
54902,20251221,-93.29,41.56,0.287,-0.53,0.441,0,0.262,-1.14,1,0,0.265,-1.47,1,0,0.351,-0.7,0.952,0,0.478,-0.03,0,0,0.274,-0.8,0.882,0,0.329,-0.91,1,0
54902,20251222,-93.29,41.56,0.299,-0.41,0.333,0,0.266,-1.12,1,0,0.273,-1.38,1,0,0.353,-0.7,0.952,0,0.478,-0.01,0,0,0.282,-0.74,0.86,0,0.334,-0.86,1,0
54902,20251223,-93.29,41.56,0.31,-0.22,0.181,0,0.269,-1.09,1,0,0.281,-1.29,1,0,0.354,-0.7,0.952,0,0.478,-0.01,0,0,0.29,-0.63,0.829,0,0.339,-0.78,1,0
54902,20251224,-93.29,41.56,0.319,-0.02,0,0,0.273,-1.06,1,0,0.289,-1.2,1,0,0.356,-0.69,0.952,0,0.479,0,0,0,0.296,-0.5,0.778,0,0.343,-0.68,1,0
54902,20251225,-93.29,41.56,0.317,-0.05,0,0,0.273,-1.08,1,0,0.295,-1.13,1,0,0.355,-0.71,0.988,0,0.478,-0.02,0,0,0.295,-0.49,0.772,0,0.344,-0.65,1,0
54902,20251226,-93.29,41.56,0.314,-0.15,0,0,0.271,-1.13,1,0,0.294,-1.15,1,0,0.355,-0.72,1,0,0.477,-0.03,0,0,0.293,-0.58,1,0,0.342,-0.7,1,0
54902,20251227,-93.29,41.56,0.314,-0.18,0,0,0.271,-1.16,1,0,0.295,-1.17,1,0,0.355,-0.73,1,0,0.476,-0.05,0,0,0.293,-0.62,1,0,0.342,-0.73,1,0
54902,20251228,-93.29,41.56,0.315,-0.24,0,0,0.272,-1.19,1,0,0.295,-1.18,1,0,0.355,-0.73,1,0,0.475,-0.06,0,0,0.293,-0.65,1,0,0.342,-0.76,1,0
54902,20251229,-93.29,41.56,0.319,,,,0.274,-1.18,1,0,0.297,-1.17,1,0,0.357,-0.72,1,0,0.475,-0.06,0,0,0.296,,,,0.344,,,
54902,20251230,-93.29,41.56,0.321,,,,0.275,-1.2,1,0,0.299,-1.18,1,0,0.358,-0.7,1,0,0.475,-0.06,0,0,0.298,,,,0.346,,,
54902,20251231,-93.29,41.56,0.323,,,,0.276,-1.22,1,0,0.3,-1.2,1,0,0.359,-0.69,1,0,0.476,-0.05,0,0,0.3,,,,0.347,,,
54902,20260101,-93.29,41.56,0.326,,,,0.278,-1.23,1,0,0.3,-1.24,1,0,0.36,-0.69,1,0,0.476,-0.05,0,0,0.302,,,,0.348,,,
54902,20260102,-93.29,41.56,0.328,,,,0.279,-1.23,1,0,0.301,-1.31,1,0,0.361,-0.68,1,0,0.476,-0.05,0,0,0.304,,,,0.349,,,
54902,20260103,-93.29,41.56,0.33,,,,0.28,-1.23,1,0,0.301,-1.4,1,0,0.361,-0.68,1,0,0.475,-0.06,0,0,0.305,,,,0.35,,,
54902,20260104,-93.29,41.56,0.331,,,,0.281,-1.22,1,0,0.301,-1.5,1,0,0.361,-0.68,1,0,0.475,-0.06,0,0,0.306,,,,0.35,,,
54902,20260105,-93.29,41.56,0.328,,,,0.28,-1.27,1,0,0.3,-1.62,1,0,0.361,-0.69,1,0,0.475,-0.06,0,0,0.304,,,,0.349,,,
54902,20260106,-93.29,41.56,0.328,,,,0.28,-1.29,1,0,0.3,-1.74,1,0,0.36,-0.71,1,0,0.474,-0.07,0,0,0.304,,,,0.348,,,
54902,20260107,-93.29,41.56,0.329,,,,0.281,-1.28,1,0,0.299,-1.88,1,0,0.359,-0.73,1,0,0.474,-0.08,0,0,0.305,,,,0.348,,,
54902,20260108,-93.29,41.56,0.33,,,,0.281,,,,0.299,-2,1,0,0.359,-0.75,1,0,0.473,-0.09,0,0,0.305,,,,0.348,,,
54902,20260109,-93.29,41.56,0.334,,,,0.286,,,,0.301,-2.07,1,0,0.36,-0.75,0.976,0,0.474,-0.08,0,0,0.31,,,,0.351,,,
54902,20260110,-93.29,41.56,0.338,,,,0.294,,,,0.302,-2.13,1,0,0.363,-0.73,0.97,0,0.474,-0.07,0,0,0.316,,,,0.354,,,
54902,20260111,-93.29,41.56,0.341,,,,0.301,,,,0.304,-2.18,1,0,0.365,-0.72,0.958,0,0.475,-0.05,0,0,0.321,,,,0.357,,,
54902,20260112,-93.29,41.56,0.343,,,,0.307,,,,0.306,-2.22,1,0,0.369,-0.7,0.946,0,0.476,-0.04,0,0,0.325,,,,0.36,,,
54902,20260113,-93.29,41.56,0.345,,,,0.314,,,,0.309,-2.26,1,0,0.372,-0.67,0.893,0,0.477,-0.02,0,0,0.33,,,,0.363,,,
54902,20260114,-93.29,41.56,0.347,,,,0.32,,,,0.311,-2.27,1,0,0.376,-0.64,0.804,0,0.478,-0.01,0,0,0.333,,,,0.366,,,
54902,20260115,-93.29,41.56,0.348,,,,0.325,,,,0.313,-2.27,1,0,0.381,-0.6,0.714,0,0.479,0,0,0,0.337,,,,0.369,,,
54902,20260116,-93.29,41.56,0.344,,,,0.325,,,,0.314,-2.3,1,0,0.383,-0.57,0.625,0,0.479,0,0,0,0.335,,,,0.369,,,
54902,20260117,-93.29,41.56,0.341,,,,0.323,,,,0.315,-2.31,1,0,0.385,-0.55,0.577,0,0.479,0,0,0,0.332,,,,0.369,,,
54902,20260118,-93.29,41.56,0.339,,,,0.322,,,,0.316,-2.32,1,0,0.387,-0.54,0.542,0,0.479,-0.01,0,0,0.33,,,,0.368,,,
54902,20260119,-93.29,41.56,0.339,,,,0.321,,,,0.316,-2.32,1,0,0.388,-0.53,0.518,0,0.478,-0.03,0,0,0.33,,,,0.368,,,
54902,20260120,-93.29,41.56,,,,,0.315,,,,0.317,-2.32,1,0,0.389,-0.52,0.571,0,0.477,-0.04,0,0,,,,,,,,
54902,20260121,-93.29,41.56,,,,,0.307,,,,0.317,-2.33,1,0,0.39,-0.52,0.661,0,0.477,-0.05,0,0,,,,,,,,
54902,20260122,-93.29,41.56,,,,,0.3,,,,0.317,-2.35,1,0,0.39,-0.52,0.75,0,0.476,-0.07,0,0,,,,,,,,
54902,20260123,-93.29,41.56,,,,,0.293,,,,0.317,-2.37,1,0,0.39,-0.53,0.863,0,0.476,-0.09,0,0,,,,,,,,
54902,20260124,-93.29,41.56,,,,,0.288,,,,0.317,-2.4,1,0,0.39,-0.54,0.917,0,0.475,-0.1,0,0,,,,,,,,
54902,20260125,-93.29,41.56,,,,,,,,,0.313,-2.6,1,0,0.39,-0.56,0.964,0,0.474,-0.12,0,0,,,,,,,,
54902,20260126,-93.29,41.56,,,,,,,,,0.307,-2.8,1,0,0.39,-0.57,1,0,0.474,-0.14,0,0,,,,,,,,
54902,20260127,-93.29,41.56,,,,,,,,,0.302,-2.98,1,0,0.39,-0.6,1,0,0.473,-0.16,0,0,,,,,,,,
54902,20260128,-93.29,41.56,,,,,,,,,0.297,-3.15,1,0,0.389,-0.62,1,0,0.472,-0.17,0,0,,,,,,,,
54902,20260129,-93.29,41.56,,,,,,,,,0.292,-3.33,1,0,0.389,-0.65,1,0,0.472,-0.19,0,0,,,,,,,,
54902,20260130,-93.29,41.56,,,,,,,,,0.287,-3.56,1,0,0.388,-0.69,1,0,0.471,-0.2,0,0,,,,,,,,
54902,20260131,-93.29,41.56,,,,,,,,,0.282,-3.88,1,0,0.388,-0.72,1,0,0.471,-0.21,0,0,,,,,,,,
54902,20260201,-93.29,41.56,,,,,,,,,0.282,-3.97,1,0,0.387,-0.76,1,0,0.47,-0.23,0,0,,,,,,,,
54902,20260202,-93.29,41.56,,,,,,,,,0.282,-4,1,0,0.387,-0.81,1,0,0.47,-0.24,0,0,,,,,,,,
54902,20260203,-93.29,41.56,,,,,,,,,0.283,-4.03,1,0,0.387,-0.85,1,0,0.47,-0.25,0,0,,,,,,,,
54902,20260204,-93.29,41.56,,,,,,,,,0.283,-4.04,1,0,0.387,-0.9,1,0,0.469,-0.27,0,0,,,,,,,,
54902,20260205,-93.29,41.56,,,,,,,,,0.284,-4.01,1,0,0.387,-0.95,1,0,0.469,-0.28,0,0,,,,,,,,
54902,20260206,-93.29,41.56,,,,,,,,,0.284,,,,0.386,-0.98,1,0,0.468,-0.3,0.018,0,,,,,,,,
54902,20260207,-93.29,41.56,,,,,,,,,0.284,,,,0.386,-1.02,1,0,0.468,-0.32,0.113,0,,,,,,,,
54902,20260208,-93.29,41.56,,,,,,,,,0.285,,,,0.386,-1.05,1,0,0.468,-0.35,0.256,0,,,,,,,,
54902,20260209,-93.29,41.56,,,,,,,,,0.286,,,,0.386,-1.08,1,0,0.467,-0.39,0.399,0,,,,,,,,
54902,20260210,-93.29,41.56,,,,,,,,,0.286,,,,0.385,-1.1,1,0,0.467,-0.44,0.542,0,,,,,,,,
54902,20260211,-93.29,41.56,,,,,,,,,0.287,,,,0.385,-1.11,1,0,0.466,-0.49,0.685,0,,,,,,,,
54902,20260212,-93.29,41.56,,,,,,,,,0.287,,,,0.385,-1.13,1,0,0.466,-0.54,0.827,0,,,,,,,,
54902,20260213,-93.29,41.56,,,,,,,,,0.288,,,,0.385,-1.14,1,0,0.466,-0.6,0.952,0,,,,,,,,
54902,20260214,-93.29,41.56,,,,,,,,,0.288,,,,0.385,-1.15,1,0,0.465,-0.66,1,0,,,,,,,,
54902,20260215,-93.29,41.56,,,,,,,,,0.288,,,,0.384,-1.15,1,0,0.465,-0.73,1,0,,,,,,,,
54902,20260216,-93.29,41.56,,,,,,,,,0.289,,,,0.384,-1.15,1,0,0.464,-0.79,1,0,,,,,,,,
54902,20260217,-93.29,41.56,,,,,,,,,0.289,,,,0.384,-1.14,1,0,0.464,-0.84,1,0,,,,,,,,
54902,20260218,-93.29,41.56,,,,,,,,,0.29,,,,0.384,-1.13,1,0,0.463,-0.9,1,0,,,,,,,,
54902,20260219,-93.29,41.56,,,,,,,,,0.29,,,,0.384,-1.12,1,0,0.463,-0.96,1,0,,,,,,,,
54902,20260220,-93.29,41.56,,,,,,,,,0.29,,,,0.384,-1.11,1,0,0.462,-1.01,1,0,,,,,,,,
54902,20260221,-93.29,41.56,,,,,,,,,0.292,,,,0.384,-1.1,1,0,0.462,-1.05,1,0,,,,,,,,
54902,20260222,-93.29,41.56,,,,,,,,,0.295,,,,0.385,-1.09,1,0,0.462,-1.08,1,0,,,,,,,,
54902,20260223,-93.29,41.56,,,,,,,,,0.299,,,,0.385,-1.07,1,0,0.461,-1.11,1,0,,,,,,,,
54902,20260224,-93.29,41.56,,,,,,,,,0.303,,,,0.385,-1.07,1,0,0.461,-1.14,1,0,,,,,,,,
54902,20260225,-93.29,41.56,,,,,,,,,0.306,,,,0.384,-1.06,1,0,0.461,-1.16,1,0,,,,,,,,
54902,20260226,-93.29,41.56,,,,,,,,,0.31,,,,0.384,-1.06,1,0,0.461,-1.18,1,0,,,,,,,,
54902,20260227,-93.29,41.56,,,,,,,,,0.316,,,,0.384,-1.06,1,0,0.461,-1.18,1,0,,,,,,,,
54902,20260228,-93.29,41.56,,,,,,,,,0.323,,,,0.385,-1.04,0.958,0,0.461,-1.18,1,0,,,,,,,,
54902,20260301,-93.29,41.56,,,,,,,,,0.328,,,,0.388,-0.95,0.815,0,0.461,-1.17,1,0,,,,,,,,
54902,20260302,-93.29,41.56,,,,,,,,,0.334,-1.78,1,0,0.392,-0.87,0.673,0,0.462,-1.16,1,0,,,,,,,,
54902,20260303,-93.29,41.56,,,,,0.272,,,,0.339,-1.78,1,0,0.395,-0.77,0.53,0,0.462,-1.16,1,0,,,,,,,,
54902,20260304,-93.29,41.56,,,,,0.279,,,,0.344,-1.77,1,0,0.399,-0.68,0.387,0,0.462,-1.14,1,0,,,,,,,,
54902,20260305,-93.29,41.56,,,,,0.288,,,,0.349,-1.77,1,0,0.403,-0.58,0.244,0,0.463,-1.13,1,0,,,,,,,,
54902,20260306,-93.29,41.56,,,,,0.295,,,,0.353,-1.72,0.977,0.011,0.408,-0.48,0.101,0.006,0.463,-1.11,1,0,,,,,,,,
54902,20260307,-93.29,41.56,,,,,0.306,,,,0.359,-1.44,0.883,0.036,0.415,-0.28,0,0.107,0.465,-1.05,1,0,,,,,,,,
54902,20260308,-93.29,41.56,,,,,0.314,,,,0.362,-1.34,0.896,0.03,0.419,-0.17,0,0.173,0.466,-0.97,1,0,,,,,,,,
54902,20260309,-93.29,41.56,0.348,,,,0.323,,,,0.365,-1.3,0.911,0.025,0.423,-0.09,0,0.173,0.468,-0.89,0.994,0,0.34,,,,0.388,,,
54902,20260310,-93.29,41.56,0.348,,,,0.331,,,,0.368,-1.25,0.916,0.024,0.426,-0.01,0,0.174,0.47,-0.8,0.994,0,0.34,,,,0.389,,,
54902,20260311,-93.29,41.56,0.351,,,,0.335,,,,0.37,-1.17,0.916,0.024,0.429,0.05,0,0.174,0.472,-0.72,0.994,0,0.343,,,,0.391,,,
54902,20260312,-93.29,41.56,0.353,,,,0.337,,,,0.372,-1.1,0.916,0.024,0.431,0.12,0,0.174,0.474,-0.62,0.988,0,0.345,,,,0.394,,,
54902,20260313,-93.29,41.56,0.354,,,,0.337,,,,0.373,-1.06,0.928,0.018,0.433,0.16,0,0.168,0.476,-0.53,0.952,0,0.345,,,,0.395,,,
54902,20260314,-93.29,41.56,0.349,,,,0.333,,,,0.37,-1.19,0.994,0,0.431,0.07,0,0.066,0.477,-0.49,0.898,0,0.341,,,,0.392,,,
54902,20260315,-93.29,41.56,0.346,,,,0.33,,,,0.367,-1.26,1,0,0.429,0.01,0,0,0.478,-0.46,0.856,0,0.338,,,,0.39,,,
54902,20260316,-93.29,41.56,0.346,,,,0.33,,,,0.366,-1.29,1,0,0.429,-0.03,0,0,0.479,-0.45,0.862,0,0.338,,,,0.39,,,
54902,20260317,-93.29,41.56,0.346,,,,0.33,,,,0.366,-1.3,1,0,0.428,-0.06,0,0,0.479,-0.44,0.863,0,0.338,,,,0.39,,,
54902,20260318,-93.29,41.56,0.346,,,,0.329,,,,0.365,-1.33,1,0,0.427,-0.09,0,0,0.479,-0.43,0.863,0,0.338,,,,0.389,,,
54902,20260319,-93.29,41.56,0.349,,,,0.331,,,,0.366,-1.28,1,0,0.427,-0.11,0,0,0.479,-0.44,0.869,0,0.34,,,,0.391,,,
54902,20260320,-93.29,41.56,0.353,,,,0.333,,,,0.368,-1.22,1,0,0.428,-0.1,0,0,0.479,-0.46,0.905,0,0.343,,,,0.392,,,
54902,20260321,-93.29,41.56,0.355,0.38,0,0,0.335,-1.66,1,0,0.37,-1.17,1,0,0.428,-0.1,0,0,0.479,-0.48,0.958,0,0.345,,,,0.394,,,
54902,20260322,-93.29,41.56,0.358,0.31,0,0,0.337,-1.65,1,0,0.372,-1.11,1,0,0.429,-0.09,0,0,0.479,-0.5,1,0,0.347,,,,0.395,,,
54902,20260323,-93.29,41.56,0.358,0.2,0,0,0.337,-1.66,1,0,0.373,-1.08,1,0,0.43,-0.08,0,0,0.479,-0.52,0.994,0,0.348,-0.51,1,0,0.395,-0.66,1,0
54902,20260324,-93.29,41.56,0.358,0.13,0,0,0.338,-1.67,1,0,0.374,-1.04,1,0,0.43,-0.07,0,0,0.48,-0.51,0.964,0,0.348,-0.54,1,0,0.396,-0.67,1,0
54902,20260325,-93.29,41.56,0.358,0.08,0,0,0.338,-1.68,1,0,0.375,-1.01,1,0,0.431,-0.06,0,0,0.48,-0.5,0.946,0,0.348,-0.58,1,0,0.396,-0.69,1,0
54902,20260326,-93.29,41.56,0.355,0.05,0,0,0.336,-1.69,1,0,0.374,-1.05,1,0,0.431,-0.06,0,0,0.481,-0.5,0.917,0,0.346,-0.59,1,0,0.395,-0.7,1,0
54902,20260327,-93.29,41.56,0.352,0.02,0,0,0.334,-1.7,1,0,0.373,-1.09,1,0,0.431,-0.08,0,0,0.482,-0.48,0.911,0,0.343,-0.61,1,0,0.394,-0.71,1,0
54902,20260328,-93.29,41.56,0.348,-0.02,0.007,0,0.333,-1.71,1,0,0.372,-1.13,1,0,0.431,-0.1,0,0,0.482,-0.48,0.911,0,0.34,-0.64,1,0,0.393,-0.73,1,0
54902,20260329,-93.29,41.56,0.345,-0.08,0.128,0,0.331,-1.74,1,0,0.371,-1.18,1,0,0.43,-0.11,0,0,0.483,-0.48,0.911,0,0.338,-0.67,1,0,0.392,-0.75,1,0
54902,20260330,-93.29,41.56,0.342,-0.14,0.268,0,0.329,-1.78,1,0,0.37,-1.23,1,0,0.43,-0.14,0,0,0.483,-0.49,0.917,0,0.335,-0.71,1,0,0.391,-0.79,1,0
54902,20260331,-93.29,41.56,0.339,-0.19,0.411,0,0.328,-1.81,1,0,0.369,-1.27,1,0,0.429,-0.16,0,0,0.483,-0.52,0.946,0,0.334,-0.75,1,0,0.39,-0.82,1,0
54902,20260401,-93.29,41.56,0.337,-0.24,0.554,0,0.327,-1.84,1,0,0.369,-1.3,1,0,0.429,-0.18,0,0,0.483,-0.55,0.964,0,0.332,-0.79,1,0,0.389,-0.86,1,0
54902,20260402,-93.29,41.56,0.334,-0.31,0.696,0,0.326,-1.89,1,0,0.369,-1.34,1,0,0.429,-0.18,0,0,0.483,-0.58,0.994,0,0.33,-0.84,1,0,0.388,-0.9,1,0
54902,20260403,-93.29,41.56,0.338,-0.22,0.714,0.101,0.329,-1.76,0.988,0,0.371,-1.27,1,0,0.431,-0.11,0,0.101,0.484,-0.56,0.905,0,0.333,-0.74,0.881,0.012,0.391,-0.81,0.881,0
54902,20260404,-93.29,41.56,0.344,-0.06,0.708,0.244,0.334,-1.58,0.946,0.012,0.376,-1.13,0.935,0.024,0.435,0,0,0.202,0.485,-0.53,0.798,0,0.339,-0.58,0.738,0.054,0.395,-0.66,0.738,0.036
54902,20260405,-93.29,41.56,0.351,0.08,0.589,0.387,0.339,-1.43,0.946,0.012,0.38,-1.03,0.929,0.024,0.438,0.09,0,0.333,0.486,-0.5,0.673,0,0.345,-0.45,0.595,0.054,0.398,-0.53,0.595,0.036
54902,20260406,-93.29,41.56,0.356,0.2,0.446,0.524,0.342,-1.31,0.946,0.012,0.382,-0.97,0.929,0.024,0.44,0.14,0,0.333,0.487,-0.47,0.577,0,0.349,-0.34,0.452,0.054,0.401,-0.43,0.452,0.036
54902,20260407,-93.29,41.56,0.361,0.31,0.304,0.554,0.344,-1.19,0.946,0.012,0.384,-0.92,0.929,0.024,0.441,0.19,0,0.333,0.488,-0.44,0.512,0,0.353,-0.24,0.31,0.054,0.404,-0.34,0.393,0.036
54902,20260408,-93.29,41.56,0.365,0.41,0.161,0.554,0.347,-1.06,0.946,0.012,0.386,-0.87,0.929,0.024,0.443,0.22,0,0.333,0.489,-0.41,0.494,0,0.356,-0.14,0.167,0.054,0.406,-0.25,0.393,0.036
54902,20260409,-93.29,41.56,0.37,0.54,0.018,0.554,0.35,-0.92,0.946,0.012,0.387,-0.82,0.929,0.024,0.444,0.24,0,0.333,0.49,-0.39,0.488,0,0.36,-0.03,0.024,0.054,0.408,-0.16,0.393,0.036
54902,20260410,-93.29,41.56,0.373,0.6,0,0.548,0.352,-0.83,0.869,0.054,0.39,-0.73,0.839,0.077,0.445,0.26,0,0.315,0.49,-0.4,0.488,0,0.362,0.04,0,0.131,0.41,-0.09,0.417,0.119
54902,20260411,-93.29,41.56,0.373,0.61,0,0.548,0.352,-0.82,0.875,0.042,0.389,-0.74,0.845,0.054,0.445,0.25,0,0.357,0.49,-0.39,0.464,0,0.362,0.05,0,0.143,0.41,-0.08,0.417,0.101
54902,20260412,-93.29,41.56,0.373,0.62,0,0.548,0.351,-0.79,0.875,0.042,0.389,-0.73,0.851,0.054,0.444,0.22,0,0.28,0.491,-0.41,0.518,0,0.362,0.07,0,0.143,0.41,-0.07,0.417,0.101
54902,20260413,-93.29,41.56,0.376,0.7,0,0.554,0.354,-0.69,0.798,0.042,0.39,-0.66,0.792,0.054,0.445,0.22,0,0.292,0.491,-0.42,0.577,0,0.365,0.15,0,0.238,0.411,0,0.417,0.161
54902,20260414,-93.29,41.56,0.38,0.79,0,0.667,0.357,-0.57,0.655,0.042,0.392,-0.54,0.649,0.054,0.446,0.26,0,0.435,0.491,-0.44,0.625,0,0.369,0.25,0,0.381,0.413,0.1,0.333,0.238
54902,20260415,-93.29,41.56,0.385,0.9,0,0.81,0.361,-0.42,0.512,0.077,0.396,-0.38,0.506,0.089,0.448,0.34,0,0.577,0.492,-0.44,0.637,0,0.373,0.38,0,0.512,0.417,0.23,0.19,0.274
54902,20260416,-93.29,41.56,0.394,1.07,0,0.952,0.367,-0.22,0.369,0.137,0.403,-0.14,0.363,0.214,0.453,0.48,0,0.72,0.493,-0.43,0.589,0,0.381,0.56,0,0.655,0.422,0.43,0.048,0.417
54902,20260417,-93.29,41.56,0.395,1.08,0,1,0.367,-0.2,0.315,0.095,0.403,-0.13,0.31,0.161,0.454,0.5,0,0.78,0.494,-0.42,0.56,0,0.381,0.59,0,0.708,0.422,0.46,0,0.476
54902,20260418,-93.29,41.56,0.394,1.07,0,1,0.367,-0.17,0.208,0.095,0.403,-0.11,0.226,0.161,0.454,0.5,0,0.78,0.494,-0.41,0.554,0,0.381,0.6,0,0.792,0.423,0.48,0,0.56
54902,20260419,-93.29,41.56,0.393,1.05,0,1,0.367,-0.13,0.113,0.095,0.403,-0.08,0.143,0.161,0.455,0.53,0,0.869,0.495,-0.39,0.506,0,0.38,0.61,0,0.798,0.423,0.5,0,0.56
54902,20260420,-93.29,41.56,0.389,0.96,0,1,0.364,-0.15,0.19,0.095,0.403,-0.09,0.202,0.161,0.456,0.55,0,1,0.496,-0.35,0.405,0,0.377,0.55,0,0.702,0.422,0.48,0,0.5
54902,20260421,-93.29,41.56,0.383,0.86,0,0.893,0.361,-0.2,0.333,0.095,0.401,-0.14,0.345,0.161,0.456,0.53,0,0.917,0.497,-0.31,0.286,0,0.372,0.48,0,0.56,0.42,0.43,0,0.423
54902,20260422,-93.29,41.56,0.376,0.72,0,0.75,0.356,-0.29,0.476,0.06,0.398,-0.24,0.488,0.125,0.454,0.47,0,0.774,0.498,-0.28,0.179,0,0.366,0.36,0,0.429,0.416,0.33,0,0.387
54902,20260423,-93.29,41.56,0.362,0.5,0,0.607,0.348,-0.44,0.619,0,0.393,-0.43,0.631,0,0.451,0.36,0,0.631,0.499,-0.25,0.089,0,0.355,0.16,0,0.286,0.411,0.14,0,0.244
54902,20260424,-93.29,41.56,0.351,0.32,0,0.464,0.342,-0.54,0.762,0,0.39,-0.52,0.774,0,0.449,0.29,0,0.536,0.499,-0.25,0.107,0,0.347,0,0.113,0.143,0.406,0,0.042,0.101
54902,20260425,-93.29,41.56,0.341,0.18,0,0.321,0.337,-0.63,0.905,0,0.388,-0.59,0.917,0,0.448,0.26,0,0.512,0.5,-0.23,0.101,0,0.339,-0.12,0.202,0.006,0.403,-0.1,0.06,0
54902,20260426,-93.29,41.56,0.332,0.06,0,0.179,0.332,-0.7,1,0,0.386,-0.64,1,0,0.447,0.24,0,0.506,0.501,-0.22,0.077,0,0.332,-0.23,0.345,0,0.4,-0.19,0.202,0
54902,20260427,-93.29,41.56,0.324,-0.05,0,0.036,0.328,-0.76,1,0,0.385,-0.66,1,0,0.447,0.24,0,0.506,0.501,-0.22,0.077,0,0.326,-0.33,0.488,0,0.397,-0.28,0.339,0
54902,20260428,-93.29,41.56,0.322,-0.08,0,0,0.327,-0.76,1,0,0.385,-0.66,1,0,0.447,0.27,0,0.589,0.501,-0.2,0.071,0,0.324,-0.35,0.488,0,0.396,-0.28,0.339,0
54902,20260429,-93.29,41.56,0.32,-0.1,0,0,0.326,-0.75,1,0,0.385,-0.65,1,0,0.448,0.3,0,0.732,0.502,-0.15,0.042,0,0.323,-0.35,0.488,0,0.396,-0.28,0.339,0
54902,20260430,-93.29,41.56,0.319,-0.09,0,0,0.326,-0.73,1,0,0.384,-0.64,1,0,0.449,0.33,0,0.875,0.503,-0.1,0.042,0.006,0.322,-0.34,0.488,0,0.396,-0.27,0.339,0
54902,20260501,-93.29,41.56,0.318,-0.08,0,0,0.326,-0.7,1,0,0.384,-0.64,1,0,0.449,0.34,0,0.97,0.504,-0.03,0.006,0.024,0.322,-0.32,0.375,0,0.396,-0.25,0.298,0
54902,20260502,-93.29,41.56,0.316,-0.09,0,0,0.325,-0.68,1,0,0.383,-0.64,1,0,0.449,0.34,0,0.988,0.504,0.02,0.006,0.024,0.321,-0.31,0.286,0,0.396,-0.25,0.28,0
54902,20260503,-93.29,41.56,0.315,-0.09,0,0,0.325,-0.66,1,0,0.382,-0.64,1,0,0.449,0.33,0,0.917,0.505,0.04,0.006,0.024,0.32,-0.31,0.256,0,0.395,-0.25,0.274,0
54902,20260504,-93.29,41.56,0.312,-0.11,0,0,0.324,-0.65,1,0,0.381,-0.65,1,0,0.449,0.31,0,0.786,0.505,0.07,0,0.024,0.318,-0.31,0.256,0,0.394,-0.26,0.28,0
54902,20260505,-93.29,41.56,0.302,-0.21,0.131,0,0.32,-0.69,1,0,0.379,-0.66,1,0,0.447,0.26,0,0.649,0.505,0.08,0,0.024,0.311,-0.39,0.399,0,0.391,-0.34,0.423,0
54902,20260506,-93.29,41.56,0.293,-0.31,0.274,0,0.315,-0.75,1,0,0.378,-0.68,1,0,0.446,0.21,0,0.506,0.506,0.06,0,0.024,0.304,-0.48,0.542,0,0.387,-0.44,0.565,0
54902,20260507,-93.29,41.56,0.283,-0.41,0.417,0,0.31,-0.83,1,0,0.376,-0.71,1,0,0.445,0.17,0,0.363,0.505,0.03,0,0.018,0.296,-0.59,0.685,0,0.384,-0.53,0.708,0
54902,20260508,-93.29,41.56,0.273,-0.51,0.56,0,0.304,-0.91,1,0,0.374,-0.74,1,0,0.444,0.13,0,0.22,0.505,-0.01,0,0,0.288,-0.69,0.827,0,0.38,-0.63,0.851,0
54902,20260509,-93.29,41.56,0.263,-0.61,0.702,0,0.298,-0.98,1,0,0.373,-0.76,1,0,0.443,0.09,0,0.083,0.505,-0.06,0,0,0.28,-0.79,0.97,0,0.376,-0.72,0.994,0
54902,20260510,-93.29,41.56,0.253,-0.69,0.845,0,0.293,-1.05,1,0,0.372,-0.79,1,0,0.442,0.06,0,0.018,0.505,-0.09,0.006,0,0.273,-0.88,1,0,0.373,-0.79,1,0
54902,20260511,-93.29,41.56,0.245,-0.76,0.988,0,0.288,-1.11,1,0,0.37,-0.81,1,0,0.441,0.03,0,0.006,0.505,-0.11,0.012,0,0.266,-0.95,1,0,0.37,-0.85,1,0
54902,20260512,-93.29,41.56,0.238,-0.82,1,0,0.283,-1.16,1,0,0.369,-0.84,1,0,0.441,0,0,0,0.505,-0.14,0.03,0,0.26,-1.01,1,0,0.367,-0.9,1,0
54902,20260513,-93.29,41.56,0.232,-0.86,1,0,0.278,-1.2,1,0,0.367,-0.86,1,0,0.44,-0.03,0,0,0.505,-0.16,0.042,0,0.255,-1.05,1,0,0.364,-0.95,1,0
54902,20260514,-93.29,41.56,0.227,-0.89,1,0,0.273,-1.24,1,0,0.366,-0.89,1,0,0.439,-0.06,0,0,0.505,-0.16,0.042,0,0.25,-1.08,1,0,0.362,-0.98,1,0
54902,20260515,-93.29,41.56,0.222,-0.92,1,0,0.269,-1.27,1,0,0.364,-0.91,1,0,0.438,-0.09,0,0,0.505,-0.16,0.042,0,0.245,-1.11,1,0,0.36,-1.01,1,0
54902,20260516,-93.29,41.56,0.218,-0.94,1,0,0.264,-1.3,1,0,0.362,-0.95,1,0,0.437,-0.13,0,0,0.505,-0.17,0.054,0,0.241,-1.12,1,0,0.357,-1.04,1,0
54902,20260517,-93.29,41.56,0.215,-0.97,1,0,0.259,-1.33,1,0,0.36,-0.98,1,0,0.437,-0.16,0,0,0.506,-0.17,0.048,0,0.237,-1.14,1,0,0.355,-1.06,1,0
54902,20260518,-93.29,41.56,0.212,-0.98,1,0,0.255,-1.35,1,0,0.358,-1.01,1,0,0.436,-0.19,0,0,0.506,-0.16,0.042,0,0.233,-1.15,1,0,0.353,-1.09,1,0
54902,20260519,-93.29,41.56,0.224,-0.87,0.935,0.06,0.259,-1.26,0.94,0.036,0.36,-0.96,0.952,0,0.437,-0.16,0,0.054,0.507,-0.13,0.024,0.048,0.242,-1.03,0.935,0.06,0.357,-0.98,0.94,0.054
54902,20260520,-93.29,41.56,0.25,-0.62,0.792,0.202,0.274,-1.02,0.798,0.101,0.365,-0.82,0.81,0,0.439,-0.06,0,0.196,0.508,-0.03,0.012,0.185,0.262,-0.78,0.792,0.202,0.367,-0.74,0.798,0.196
54902,20260521,-93.29,41.56,0.274,-0.38,0.649,0.345,0.289,-0.79,0.655,0.101,0.37,-0.69,0.667,0,0.442,0.03,0,0.339,0.51,0.06,0.012,0.321,0.282,-0.53,0.649,0.345,0.377,-0.5,0.655,0.339
54902,20260522,-93.29,41.56,0.298,-0.14,0.506,0.488,0.304,-0.56,0.512,0.101,0.375,-0.56,0.524,0,0.444,0.12,0,0.482,0.511,0.15,0.012,0.464,0.301,-0.29,0.506,0.488,0.387,-0.28,0.512,0.482
54902,20260523,-93.29,41.56,0.322,0.09,0.363,0.631,0.319,-0.34,0.369,0.101,0.38,-0.43,0.381,0,0.447,0.22,0,0.625,0.513,0.25,0,0.595,0.32,-0.07,0.363,0.583,0.396,-0.06,0.369,0.589
54902,20260524,-93.29,41.56,0.344,0.31,0.22,0.774,0.334,-0.13,0.226,0.101,0.385,-0.3,0.238,0,0.449,0.31,0,0.756,0.515,0.35,0,0.738,0.339,0.15,0.22,0.607,0.405,0.15,0.226,0.601
54902,20260525,-93.29,41.56,0.365,0.51,0.077,0.869,0.348,0.08,0.083,0.101,0.39,-0.17,0.095,0,0.451,0.39,0,0.815,0.516,0.43,0,0.845,0.356,0.35,0.077,0.607,0.414,0.34,0.083,0.601
54902,20260526,-93.29,41.56,0.369,0.56,0,0.81,0.352,0.15,0,0.065,0.391,-0.11,0,0,0.451,0.41,0,0.762,0.517,0.47,0,0.875,0.361,0.41,0,0.548,0.416,0.4,0,0.548
54902,20260527,-93.29,41.56,0.357,0.46,0,0.667,0.346,0.08,0,0,0.388,-0.16,0,0,0.45,0.37,0,0.619,0.517,0.46,0,0.804,0.352,0.32,0,0.405,0.412,0.31,0,0.405
54902,20260528,-93.29,41.56,0.344,0.35,0,0.524,0.34,0,0,0,0.385,-0.18,0,0,0.449,0.33,0,0.476,0.517,0.43,0,0.685,0.342,0.22,0,0.262,0.407,0.23,0,0.262
54902,20260529,-93.29,41.56,0.33,0.23,0,0.381,0.333,-0.08,0.071,0,0.383,-0.2,0,0,0.448,0.3,0,0.333,0.516,0.39,0,0.554,0.331,0.11,0,0.119,0.402,0.13,0,0.119
54902,20260530,-93.29,41.56,0.315,0.1,0,0.238,0.325,-0.17,0.214,0,0.381,-0.22,0,0,0.447,0.27,0,0.19,0.516,0.36,0,0.429,0.32,-0.01,0.083,0.024,0.397,0.04,0,0.012
54902,20260531,-93.29,41.56,0.299,-0.04,0.048,0.095,0.316,-0.26,0.357,0,0.379,-0.25,0,0,0.446,0.24,0,0.06,0.516,0.33,0,0.292,0.307,-0.12,0.226,0,0.391,-0.06,0,0
54902,20260601,-93.29,41.56,0.283,-0.16,0.19,0,0.308,-0.34,0.5,0,0.376,-0.27,0,0,0.445,0.23,0,0,0.516,0.33,0,0.238,0.295,-0.24,0.369,0,0.386,-0.15,0.036,0
54902,20260602,-93.29,41.56,0.269,-0.28,0.333,0,0.299,-0.43,0.643,0,0.373,-0.3,0.03,0,0.444,0.21,0,0,0.517,0.33,0,0.256,0.284,-0.34,0.512,0,0.38,-0.23,0.179,0
54902,20260603,-93.29,41.56,0.255,-0.39,0.476,0,0.29,-0.51,0.786,0,0.369,-0.34,0.167,0,0.443,0.18,0,0,0.517,0.35,0,0.327,0.272,-0.44,0.655,0,0.375,-0.32,0.321,0
54902,20260604,-93.29,41.56,0.244,-0.48,0.619,0,0.28,-0.6,0.929,0,0.365,-0.38,0.31,0,0.442,0.15,0,0,0.518,0.37,0,0.405,0.262,-0.53,0.798,0,0.37,-0.39,0.464,0
54902,20260605,-93.29,41.56,0.241,-0.49,0.696,0.012,0.274,-0.65,0.982,0,0.362,-0.41,0.435,0.012,0.442,0.14,0,0.018,0.519,0.39,0,0.476,0.257,-0.57,0.881,0.012,0.367,-0.42,0.542,0.012
54902,20260606,-93.29,41.56,0.261,-0.33,0.696,0.155,0.282,-0.55,0.839,0,0.368,-0.31,0.435,0.077,0.445,0.2,0,0.161,0.52,0.42,0,0.607,0.272,-0.43,0.798,0.155,0.375,-0.3,0.542,0.155
54902,20260607,-93.29,41.56,0.279,-0.17,0.649,0.298,0.29,-0.46,0.696,0,0.373,-0.23,0.435,0.077,0.447,0.25,0,0.304,0.521,0.45,0,0.738,0.285,-0.3,0.655,0.22,0.382,-0.19,0.542,0.232
54902,20260608,-93.29,41.56,0.299,0,0.506,0.44,0.299,-0.36,0.554,0,0.378,-0.15,0.435,0.077,0.448,0.29,0,0.446,0.522,0.48,0,0.827,0.299,-0.16,0.512,0.232,0.389,-0.08,0.506,0.244
54902,20260609,-93.29,41.56,0.319,0.16,0.363,0.583,0.308,-0.26,0.411,0,0.383,-0.08,0.405,0.077,0.45,0.33,0,0.589,0.523,0.51,0,0.875,0.313,-0.02,0.369,0.232,0.397,0.04,0.363,0.244
54902,20260610,-93.29,41.56,0.338,0.32,0.22,0.643,0.317,-0.15,0.268,0,0.388,0,0.268,0.077,0.452,0.36,0,0.619,0.524,0.52,0,0.881,0.328,0.11,0.226,0.232,0.404,0.16,0.22,0.244
54902,20260611,-93.29,41.56,0.362,0.51,0.077,0.714,0.331,0,0.125,0.024,0.396,0.11,0.125,0.131,0.454,0.41,0,0.679,0.525,0.55,0,0.929,0.347,0.29,0.083,0.304,0.414,0.3,0.077,0.315
54902,20260612,-93.29,41.56,0.386,0.7,0,0.845,0.352,0.2,0,0.161,0.41,0.27,0,0.256,0.461,0.54,0,0.804,0.527,0.58,0,0.988,0.369,0.49,0,0.435,0.427,0.49,0,0.446
54902,20260613,-93.29,41.56,0.386,0.7,0,0.845,0.355,0.23,0,0.25,0.41,0.27,0,0.286,0.463,0.55,0,0.804,0.528,0.61,0,0.994,0.371,0.5,0,0.435,0.429,0.5,0,0.446
54902,20260614,-93.29,41.56,0.391,0.73,0,0.845,0.361,0.29,0,0.31,0.414,0.3,0,0.345,0.465,0.58,0,0.804,0.529,0.64,0,1,0.376,0.54,0,0.512,0.432,0.53,0,0.512
54902,20260615,-93.29,41.56,0.395,0.76,0,0.845,0.368,0.34,0,0.429,0.418,0.33,0,0.476,0.468,0.62,0,0.804,0.531,0.66,0,1,0.382,0.59,0,0.643,0.436,0.58,0,0.643
54902,20260616,-93.29,41.56,0.398,0.78,0,0.845,0.373,0.39,0,0.435,0.421,0.36,0,0.476,0.47,0.65,0,0.804,0.531,0.67,0,1,0.386,0.62,0,0.786,0.439,0.61,0,0.786
54902,20260617,-93.29,41.56,0.401,0.8,0,0.929,0.379,0.43,0,0.435,0.424,0.38,0,0.476,0.471,0.69,0,0.917,0.532,0.68,0,1,0.39,0.66,0,0.917,0.441,0.64,0,0.929
54902,20260618,-93.29,41.56,0.398,0.78,0,0.988,0.38,0.43,0,0.411,0.424,0.38,0,0.423,0.473,0.71,0,1,0.533,0.68,0,1,0.389,0.65,0,0.845,0.441,0.64,0,0.875
54902,20260619,-93.29,41.56,0.385,0.69,0,0.845,0.371,0.34,0,0.274,0.418,0.31,0,0.286,0.468,0.61,0,0.988,0.532,0.67,0,1,0.378,0.56,0,0.702,0.435,0.56,0,0.732
54902,20260620,-93.29,41.56,0.374,0.62,0,0.702,0.364,0.28,0,0.185,0.414,0.27,0,0.19,0.465,0.56,0,0.863,0.532,0.64,0,1,0.369,0.48,0,0.56,0.43,0.51,0,0.589
54902,20260621,-93.29,41.56,0.36,0.51,0,0.56,0.356,0.2,0,0.125,0.409,0.22,0,0.131,0.461,0.49,0,0.72,0.531,0.62,0,1,0.358,0.39,0,0.417,0.423,0.43,0,0.446
54902,20260622,-93.29,41.56,0.358,0.5,0,0.536,0.352,0.17,0,0.006,0.405,0.2,0,0,0.459,0.43,0,0.601,0.531,0.6,0,1,0.355,0.36,0,0.387,0.421,0.41,0,0.417
54902,20260623,-93.29,41.56,0.359,0.51,0,0.536,0.351,0.15,0,0,0.403,0.18,0,0,0.456,0.38,0,0.458,0.532,0.6,0,1,0.355,0.35,0,0.387,0.42,0.39,0,0.363
54902,20260624,-93.29,41.56,0.357,0.5,0,0.477,0.349,0.13,0,0,0.402,0.17,0,0,0.455,0.36,0,0.356,0.532,0.6,0,1,0.353,0.34,0,0.322,0.419,0.38,0,0.248
