WBANNO,USDM_WEEK,LONGITUDE,LATITUDE,SMVWC_5_CM_MEAN,SMANOM_5_CM_MEAN,SMPERC_5_CM_30COUNTS,SMPERC_5_CM_70COUNTS,SMVWC_10_CM_MEAN,SMANOM_10_CM_MEAN,SMPERC_10_CM_30COUNTS,SMPERC_10_CM_70COUNTS,SMVWC_20_CM_MEAN,SMANOM_20_CM_MEAN,SMPERC_20_CM_30COUNTS,SMPERC_20_CM_70COUNTS,SMVWC_50_CM_MEAN,SMANOM_50_CM_MEAN,SMPERC_50_CM_30COUNTS,SMPERC_50_CM_70COUNTS,SMVWC_100_CM_MEAN,SMANOM_100_CM_MEAN,SMPERC_100_CM_30COUNTS,SMPERC_100_CM_70COUNTS,SMVWC_TOP_CM_MEAN,SMANOM_TOP_CM_MEAN,SMPERC_TOP_CM_30COUNTS,SMPERC_TOP_CM_70COUNTS,SMVWC_COLUMN_CM_MEAN,SMANOM_COLUMN_CM_MEAN,SMPERC_COLUMN_CM_30COUNTS,SMPERC_COLUMN_CM_70COUNTS
13301,20090531,-93.15,39.87,,,,,,,,,,,,,,,,,,,,,,,,,,,,
13301,20090601,-93.15,39.87,,,,,,,,,,,,,,,,,,,,,,,,,,,,
13301,20090602,-93.15,39.87,,,,,,,,,,,,,,,,,,,,,,,,,,,,
13301,20090603,-93.15,39.87,,,,,,,,,,,,,,,,,,,,,,,,,,,,
13301,20090604,-93.15,39.87,,,,,,,,,,,,,,,,,,,,,,,,,,,,
13301,20090605,-93.15,39.87,,,,,,,,,,,,,,,,,,,,,,,,,,,,
13301,20090606,-93.15,39.87,0.261,-0.49,0.336,0,0.289,-0.53,0.839,0,0.357,-0.53,0.765,0,0.498,-0.01,0,0,0.56,,,,0.275,-0.51,0.617,0,0.393,,,
13301,20090607,-93.15,39.87,0.26,-0.49,0.329,0,0.287,-0.54,0.854,0,0.356,-0.53,0.64,0,0.498,-0.01,0,0,0.56,,,,0.274,-0.52,0.652,0,0.392,,,
13301,20090608,-93.15,39.87,0.263,-0.46,0.304,0,0.288,-0.52,0.798,0,0.357,-0.51,0.506,0,0.498,-0.02,0,0,0.56,,,,0.276,-0.5,0.565,0,0.393,,,
13301,20090609,-93.15,39.87,0.278,-0.37,0.256,0,0.295,-0.47,0.661,0,0.36,-0.46,0.363,0,0.498,-0.02,0,0,0.561,,,,0.286,-0.42,0.494,0,0.398,,,
13301,20090610,-93.15,39.87,0.298,-0.26,0.22,0.089,0.307,-0.39,0.542,0.024,0.368,-0.4,0.22,0,0.5,-0.01,0,0,0.562,,,,0.302,-0.32,0.435,0.054,0.407,,,
13301,20090611,-93.15,39.87,0.324,-0.12,0.19,0.232,0.329,-0.26,0.423,0.071,0.385,-0.29,0.077,0.042,0.508,0.04,0,0.042,0.562,,,,0.327,-0.18,0.387,0.167,0.422,,,
13301,20090612,-93.15,39.87,0.362,0.08,0.131,0.375,0.362,-0.06,0.357,0.214,0.411,-0.12,0.012,0.185,0.526,0.16,0,0.185,0.563,,,,0.362,0.03,0.304,0.31,0.445,,,
13301,20090613,-93.15,39.87,0.396,0.27,0.024,0.518,0.392,0.13,0.226,0.357,0.438,0.04,0,0.327,0.545,0.29,0,0.327,0.563,,,,0.394,0.22,0.161,0.452,0.467,,,
13301,20090614,-93.15,39.87,0.434,0.47,0,0.661,0.427,0.34,0.083,0.5,0.465,0.2,0,0.47,0.565,0.42,0,0.47,0.564,,,,0.43,0.44,0.03,0.595,0.491,,,
13301,20090615,-93.15,39.87,0.463,0.63,0,0.804,0.457,0.52,0,0.643,0.49,0.35,0,0.613,0.584,0.55,0,0.613,0.564,,,,0.46,0.62,0,0.738,0.512,,,
13301,20090616,-93.15,39.87,0.487,0.76,0,0.946,0.482,0.68,0,0.786,0.512,0.48,0,0.756,0.603,0.68,0,0.756,0.565,,,,0.484,0.77,0,0.881,0.53,,,
13301,20090617,-93.15,39.87,0.506,0.88,0,1,0.502,0.81,0,0.905,0.531,0.59,0,0.899,0.621,0.79,0,0.899,0.565,,,,0.504,0.9,0,0.97,0.545,,,
13301,20090618,-93.15,39.87,0.516,0.95,0,1,0.514,0.89,0,1,0.54,0.64,0,1,0.631,0.85,0,1,0.565,,,,0.515,0.98,0,1,0.553,,,
13301,20090619,-93.15,39.87,0.513,0.94,0,1,0.509,0.87,0,1,0.539,0.64,0,1,0.631,0.84,0,1,0.565,,,,0.511,0.97,0,1,0.552,,,
13301,20090620,-93.15,39.87,0.51,0.94,0,1,0.505,0.85,0,1,0.534,0.62,0,1,0.631,0.82,0,1,0.565,,,,0.507,0.96,0,1,0.549,,,
13301,20090621,-93.15,39.87,0.506,0.93,0,1,0.501,0.84,0,1,0.532,0.61,0,1,0.631,0.79,0,1,0.565,,,,0.503,0.95,0,1,0.547,,,
13301,20090622,-93.15,39.87,0.508,0.95,0,1,0.502,0.85,0,1,0.533,0.61,0,1,0.63,0.76,0,1,0.566,,,,0.505,0.97,0,1,0.548,,,
13301,20090623,-93.15,39.87,0.508,0.96,0,1,0.502,0.86,0,1,0.534,0.62,0,1,0.63,0.73,0,1,0.567,,,,0.505,0.98,0,1,0.548,,,
13301,20090624,-93.15,39.87,0.504,0.94,0,1,0.501,0.85,0,1,0.535,0.62,0,1,0.63,0.7,0,1,0.567,,,,0.503,0.97,0,1,0.547,,,
13301,20090625,-93.15,39.87,0.5,0.92,0,1,0.497,0.83,0,1,0.534,0.61,0,1,0.629,0.68,0,1,0.568,,,,0.499,0.94,0,1,0.546,,,
13301,20090626,-93.15,39.87,0.497,0.91,0,1,0.494,0.81,0,1,0.531,0.59,0,1,0.629,0.66,0,1,0.569,,,,0.496,0.92,0,1,0.544,,,
13301,20090627,-93.15,39.87,0.496,0.9,0,1,0.493,0.8,0,1,0.53,0.59,0,1,0.628,0.64,0,1,0.569,,,,0.495,0.91,0,1,0.543,,,
13301,20090628,-93.15,39.87,0.487,0.84,0,1,0.486,0.76,0,1,0.526,0.56,0,1,0.628,0.62,0,1,0.57,,,,0.487,0.86,0,1,0.539,,,
13301,20090629,-93.15,39.87,0.472,0.75,0,0.911,0.474,0.69,0,1,0.519,0.52,0,1,0.627,0.6,0,1,0.57,,,,0.473,0.77,0,0.958,0.533,,,
13301,20090630,-93.15,39.87,0.448,0.62,0,0.768,0.459,0.59,0,0.893,0.511,0.47,0,0.976,0.627,0.59,0,1,0.571,,,,0.453,0.65,0,0.815,0.523,,,
13301,20090701,-93.15,39.87,0.424,0.48,0,0.625,0.442,0.5,0,0.75,0.502,0.43,0,0.851,0.626,0.58,0,1,0.571,,,,0.433,0.52,0,0.673,0.513,,,
13301,20090702,-93.15,39.87,0.398,0.33,0,0.482,0.426,0.4,0,0.607,0.493,0.38,0,0.708,0.626,0.57,0,1,0.571,,,,0.412,0.4,0,0.53,0.503,,,
13301,20090703,-93.15,39.87,0.37,0.18,0,0.339,0.41,0.3,0,0.464,0.486,0.34,0,0.565,0.625,0.56,0,1,0.572,,,,0.39,0.27,0,0.387,0.493,,,
13301,20090704,-93.15,39.87,0.349,0.06,0,0.22,0.396,0.22,0,0.345,0.482,0.31,0,0.446,0.625,0.56,0,1,0.572,,,,0.372,0.16,0,0.268,0.484,,,
13301,20090705,-93.15,39.87,0.351,0.08,0,0.22,0.396,0.22,0,0.345,0.484,0.32,0,0.446,0.625,0.55,0,1,0.572,,,,0.373,0.17,0,0.268,0.485,,,
13301,20090706,-93.15,39.87,0.354,0.1,0,0.31,0.396,0.22,0,0.321,0.486,0.32,0,0.446,0.626,0.56,0,1,0.572,,,,0.375,0.18,0,0.31,0.487,,,
13301,20090707,-93.15,39.87,0.36,0.14,0,0.429,0.397,0.22,0,0.286,0.487,0.32,0,0.423,0.627,0.56,0,1,0.572,,,,0.378,0.2,0,0.411,0.489,,,
13301,20090708,-93.15,39.87,0.368,0.19,0,0.429,0.4,0.23,0,0.286,0.489,0.32,0,0.464,0.627,0.56,0,1,0.572,,,,0.384,0.23,0,0.417,0.491,,,
13301,20090709,-93.15,39.87,0.378,0.25,0,0.429,0.405,0.26,0,0.286,0.491,0.33,0,0.554,0.628,0.56,0,1,0.573,,,,0.391,0.28,0,0.417,0.495,,,
13301,20090710,-93.15,39.87,0.39,0.32,0,0.429,0.411,0.31,0,0.286,0.495,0.35,0,0.655,0.628,0.55,0,1,0.573,,,,0.401,0.34,0,0.417,0.5,,,
13301,20090711,-93.15,39.87,0.397,0.37,0,0.405,0.417,0.35,0,0.262,0.498,0.37,0,0.732,0.629,0.55,0,1,0.573,,,,0.407,0.39,0,0.393,0.503,,,
13301,20090712,-93.15,39.87,0.382,0.31,0,0.262,0.409,0.31,0,0.119,0.494,0.36,0,0.714,0.629,0.54,0,1,0.574,,,,0.396,0.33,0,0.25,0.498,,,
13301,20090713,-93.15,39.87,0.38,0.31,0,0.238,0.407,0.32,0,0.119,0.493,0.36,0,0.702,0.628,0.54,0,1,0.575,,,,0.393,0.33,0,0.226,0.497,,,
13301,20090714,-93.15,39.87,0.378,0.33,0,0.262,0.407,0.34,0,0.262,0.493,0.38,0,0.75,0.628,0.53,0,1,0.575,,,,0.393,0.35,0,0.268,0.496,,,
13301,20090715,-93.15,39.87,0.384,0.38,0,0.405,0.41,0.38,0,0.405,0.494,0.4,0,0.833,0.628,0.53,0,1,0.575,,,,0.397,0.39,0,0.405,0.498,,,
13301,20090716,-93.15,39.87,0.39,0.44,0,0.548,0.412,0.41,0,0.548,0.494,0.42,0,0.887,0.627,0.53,0,1,0.575,,,,0.401,0.43,0,0.548,0.5,,,
13301,20090717,-93.15,39.87,0.396,0.49,0,0.69,0.415,0.45,0,0.69,0.495,0.44,0,0.929,0.627,0.53,0,1,0.576,,,,0.405,0.48,0,0.69,0.502,,,
13301,20090718,-93.15,39.87,0.4,0.54,0,0.833,0.417,0.48,0,0.833,0.495,0.46,0,0.97,0.627,0.53,0,1,0.575,,,,0.408,0.52,0,0.833,0.503,,,
13301,20090719,-93.15,39.87,0.404,0.58,0,0.97,0.419,0.51,0,0.976,0.494,0.48,0,0.988,0.626,0.53,0,1,0.575,,,,0.411,0.55,0,0.976,0.504,,,
13301,20090720,-93.15,39.87,0.396,0.55,0,0.875,0.414,0.5,0,0.994,0.491,0.48,0,1,0.626,0.53,0,1,0.575,,,,0.405,0.53,0,0.976,0.5,,,
13301,20090721,-93.15,39.87,0.387,0.52,0,0.732,0.408,0.48,0,0.857,0.486,0.48,0,1,0.623,0.52,0,1,0.575,,,,0.398,0.5,0,0.833,0.496,,,
13301,20090722,-93.15,39.87,0.374,0.45,0,0.589,0.399,0.45,0,0.714,0.48,0.46,0,1,0.618,0.5,0,0.994,0.574,,,,0.386,0.45,0,0.69,0.489,,,
13301,20090723,-93.15,39.87,0.363,0.4,0,0.446,0.39,0.41,0,0.571,0.474,0.44,0,0.994,0.612,0.47,0,0.94,0.574,,,,0.376,0.41,0,0.548,0.483,,,
13301,20090724,-93.15,39.87,0.352,0.34,0,0.304,0.381,0.37,0,0.429,0.466,0.41,0,0.851,0.605,0.44,0,0.839,0.575,,,,0.366,0.36,0,0.405,0.476,,,
13301,20090725,-93.15,39.87,0.343,0.3,0,0.185,0.373,0.34,0,0.31,0.457,0.38,0,0.732,0.598,0.42,0,0.768,0.575,,,,0.358,0.33,0,0.286,0.469,,,
13301,20090726,-93.15,39.87,0.346,0.32,0,0.19,0.372,0.35,0,0.31,0.45,0.36,0,0.631,0.597,0.41,0,0.768,0.575,,,,0.359,0.35,0,0.286,0.468,,,
13301,20090727,-93.15,39.87,0.347,0.33,0,0.304,0.371,0.36,0,0.315,0.443,0.34,0,0.488,0.595,0.41,0,0.768,0.576,,,,0.359,0.36,0,0.31,0.466,,,
13301,20090728,-93.15,39.87,0.347,0.34,0,0.304,0.368,0.37,0,0.423,0.436,0.31,0,0.345,0.595,0.41,0,0.768,0.576,,,,0.358,0.37,0,0.429,0.464,,,
13301,20090729,-93.15,39.87,0.346,0.34,0,0.304,0.366,0.37,0,0.44,0.429,0.29,0,0.202,0.597,0.42,0,0.774,0.576,,,,0.356,0.37,0,0.429,0.463,,,
13301,20090730,-93.15,39.87,0.344,0.34,0,0.304,0.363,0.37,0,0.44,0.423,0.28,0,0.065,0.599,0.43,0,0.827,0.576,,,,0.353,0.37,0,0.429,0.461,,,
13301,20090731,-93.15,39.87,0.343,0.34,0,0.304,0.36,0.37,0,0.44,0.418,0.27,0,0.065,0.601,0.45,0,0.929,0.576,,,,0.351,0.37,0,0.429,0.46,,,
13301,20090801,-93.15,39.87,0.339,0.33,0,0.28,0.356,0.37,0,0.417,0.413,0.26,0,0.042,0.601,0.46,0,1,0.576,,,,0.348,0.36,0,0.405,0.457,,,
13301,20090802,-93.15,39.87,0.341,0.35,0,0.28,0.352,0.36,0,0.405,0.406,0.24,0,0,0.594,0.43,0,0.946,0.576,,,,0.346,0.37,0,0.405,0.454,,,
13301,20090803,-93.15,39.87,0.342,0.37,0,0.286,0.349,0.35,0,0.405,0.401,0.23,0,0,0.587,0.41,0,0.804,0.576,,,,0.346,0.38,0,0.405,0.451,,,
13301,20090804,-93.15,39.87,0.345,0.39,0,0.429,0.347,0.35,0,0.405,0.397,0.22,0,0,0.581,0.38,0,0.661,0.576,,,,0.346,0.4,0,0.429,0.449,,,
13301,20090805,-93.15,39.87,0.356,0.46,0,0.571,0.354,0.4,0,0.53,0.395,0.22,0,0.018,0.574,0.36,0,0.518,0.576,,,,0.355,0.46,0,0.571,0.451,,,
13301,20090806,-93.15,39.87,0.364,0.52,0,0.714,0.359,0.44,0,0.673,0.393,0.22,0,0.018,0.567,0.33,0,0.375,0.577,,,,0.361,0.52,0,0.714,0.452,,,
13301,20090807,-93.15,39.87,0.371,0.57,0,0.857,0.364,0.48,0,0.815,0.391,0.21,0,0.018,0.562,0.3,0,0.232,0.577,,,,0.367,0.56,0,0.857,0.453,,,
13301,20090808,-93.15,39.87,0.377,0.62,0,1,0.369,0.51,0,0.958,0.39,0.21,0,0.018,0.557,0.29,0,0.089,0.577,,,,0.373,0.61,0,1,0.454,,,
13301,20090809,-93.15,39.87,0.369,0.58,0,0.976,0.366,0.5,0,0.946,0.389,0.2,0,0.018,0.553,0.27,0,0,0.577,,,,0.367,0.59,0,0.994,0.451,,,
13301,20090810,-93.15,39.87,0.362,0.55,0,0.869,0.363,0.48,0,0.804,0.387,0.19,0,0.018,0.549,0.25,0,0,0.577,,,,0.362,0.57,0,0.887,0.448,,,
13301,20090811,-93.15,39.87,0.362,0.57,0,0.869,0.362,0.48,0,0.78,0.385,0.18,0,0.018,0.546,0.23,0,0,0.577,,,,0.362,0.58,0,0.887,0.446,,,
13301,20090812,-93.15,39.87,0.354,0.54,0,0.869,0.353,0.43,0,0.637,0.38,0.16,0,0,0.541,0.21,0,0,0.576,,,,0.354,0.54,0,0.887,0.441,,,
13301,20090813,-93.15,39.87,0.347,0.51,0,0.851,0.346,0.39,0,0.494,0.376,0.14,0,0,0.537,0.19,0,0,0.576,,,,0.346,0.5,0,0.798,0.436,,,
13301,20090814,-93.15,39.87,0.336,0.46,0,0.708,0.338,0.34,0,0.351,0.371,0.12,0,0,0.533,0.19,0,0,0.577,,,,0.337,0.44,0,0.655,0.431,,,
13301,20090815,-93.15,39.87,0.32,0.37,0,0.565,0.329,0.28,0,0.208,0.365,0.09,0,0,0.529,0.19,0,0,0.576,,,,0.325,0.36,0,0.512,0.424,,,
13301,20090816,-93.15,39.87,0.307,0.3,0,0.458,0.322,0.23,0,0.089,0.361,0.07,0,0,0.524,0.19,0,0,0.576,,,,0.314,0.3,0,0.381,0.418,,,
13301,20090817,-93.15,39.87,0.321,0.41,0,0.565,0.336,0.32,0,0.232,0.375,0.15,0,0.143,0.533,0.25,0,0.119,0.576,,,,0.329,0.4,0,0.488,0.428,,,
13301,20090818,-93.15,39.87,0.35,0.62,0,0.565,0.363,0.5,0,0.286,0.401,0.29,0,0.286,0.549,0.36,0,0.262,0.577,,,,0.357,0.6,0,0.488,0.448,,,
13301,20090819,-93.15,39.87,0.365,0.75,0,0.565,0.387,0.66,0,0.429,0.428,0.44,0,0.429,0.567,0.46,0,0.405,0.577,,,,0.376,0.74,0,0.488,0.465,,,
13301,20090820,-93.15,39.87,0.386,0.92,0,0.583,0.412,0.82,0,0.571,0.456,0.59,0,0.571,0.585,0.55,0,0.548,0.577,,,,0.399,0.91,0,0.577,0.483,,,
13301,20090821,-93.15,39.87,0.419,1.17,0,0.726,0.442,1.01,0,0.714,0.484,0.75,0,0.714,0.603,0.64,0,0.69,0.578,,,,0.43,1.15,0,0.72,0.505,,,
13301,20090822,-93.15,39.87,0.446,1.38,0,0.869,0.466,1.18,0,0.857,0.513,0.91,0,0.857,0.623,0.72,0,0.833,0.578,,,,0.456,1.34,0,0.863,0.525,,,
13301,20090823,-93.15,39.87,0.468,1.55,0,1,0.483,1.3,0,1,0.535,1.04,0,1,0.643,0.81,0,0.976,0.578,,,,0.476,1.49,0,1,0.542,,,
13301,20090824,-93.15,39.87,0.461,1.53,0,1,0.479,1.28,0,1,0.534,1.04,0,1,0.652,0.84,0,1,0.578,,,,0.47,1.47,0,1,0.541,,,
13301,20090825,-93.15,39.87,0.432,1.37,0,1,0.459,1.17,0,1,0.521,0.97,0,1,0.652,0.84,0,1,0.578,,,,0.446,1.32,0,1,0.528,,,
13301,20090826,-93.15,39.87,0.419,1.3,0,1,0.443,1.07,0,1,0.507,0.9,0,1,0.652,0.84,0,1,0.578,,,,0.431,1.23,0,1,0.52,,,
13301,20090827,-93.15,39.87,0.4,1.19,0,1,0.426,0.97,0,1,0.493,0.84,0,1,0.652,0.83,0,1,0.578,,,,0.413,1.12,0,1,0.51,,,
13301,20090828,-93.15,39.87,0.377,1.03,0,1,0.407,0.85,0,1,0.48,0.77,0,1,0.652,0.81,0,1,0.577,,,,0.392,0.97,0,1,0.499,,,
13301,20090829,-93.15,39.87,0.368,0.97,0,1,0.397,0.78,0,1,0.466,0.7,0,1,0.652,0.79,0,1,0.577,,,,0.382,0.9,0,1,0.492,,,
13301,20090830,-93.15,39.87,0.361,0.92,0,1,0.392,0.74,0,1,0.46,0.66,0,1,0.653,0.77,0,1,0.577,,,,0.377,0.86,0,1,0.489,,,
13301,20090831,-93.15,39.87,0.356,0.88,0,1,0.39,0.71,0,1,0.456,0.64,0,1,0.653,0.75,0,1,0.577,,,,0.373,0.82,0,1,0.486,,,
13301,20090901,-93.15,39.87,0.351,0.84,0,1,0.387,0.68,0,1,0.454,0.62,0,1,0.654,0.72,0,1,0.577,,,,0.369,0.78,0,1,0.484,,,
13301,20090902,-93.15,39.87,0.345,0.79,0,1,0.385,0.65,0,1,0.45,0.6,0,1,0.654,0.7,0,1,0.576,,,,0.365,0.74,0,1,0.482,,,
13301,20090903,-93.15,39.87,0.339,0.74,0,0.952,0.382,0.63,0,1,0.447,0.58,0,1,0.654,0.69,0,1,0.576,,,,0.36,0.7,0,1,0.48,,,
13301,20090904,-93.15,39.87,0.33,0.68,0,0.824,0.378,0.6,0,0.994,0.442,0.56,0,0.994,0.652,0.67,0,1,0.577,,,,0.354,0.66,0,0.915,0.476,,,
13301,20090905,-93.15,39.87,0.319,0.6,0,0.679,0.372,0.56,0,0.909,0.437,0.53,0,0.958,0.648,0.65,0,1,0.576,,,,0.345,0.6,0,0.77,0.471,,,
13301,20090906,-93.15,39.87,0.309,0.53,0,0.533,0.366,0.53,0,0.77,0.432,0.51,0,0.915,0.644,0.63,0,1,0.577,,,,0.338,0.55,0,0.624,0.466,,,
13301,20090907,-93.15,39.87,0.299,0.47,0,0.388,0.361,0.5,0,0.624,0.427,0.49,0,0.794,0.641,0.62,0,1,0.577,,,,0.33,0.5,0,0.479,0.461,,,
13301,20090908,-93.15,39.87,0.289,0.41,0,0.242,0.354,0.48,0,0.479,0.422,0.48,0,0.648,0.634,0.59,0,1,0.577,,,,0.322,0.46,0,0.333,0.455,,,
13301,20090909,-93.15,39.87,0.281,0.36,0,0.097,0.348,0.45,0,0.333,0.417,0.47,0,0.503,0.626,0.56,0,1,0.578,,,,0.315,0.42,0,0.188,0.45,,,
13301,20090910,-93.15,39.87,0.272,0.31,0,0,0.342,0.43,0,0.188,0.412,0.46,0,0.358,0.619,0.54,0,1,0.578,,,,0.307,0.38,0,0.042,0.445,,,
13301,20090911,-93.15,39.87,0.265,0.26,0,0,0.336,0.41,0,0.065,0.407,0.44,0,0.232,0.614,0.53,0,1,0.578,,,,0.301,0.34,0,0,0.44,,,
13301,20090912,-93.15,39.87,0.257,0.21,0,0,0.33,0.38,0,0.006,0.402,0.42,0,0.125,0.609,0.52,0,1,0.578,,,,0.293,0.3,0,0,0.435,,,
13301,20090913,-93.15,39.87,0.249,0.16,0,0,0.323,0.35,0,0,0.396,0.4,0,0.024,0.604,0.51,0,1,0.578,,,,0.286,0.26,0,0,0.43,,,
13301,20090914,-93.15,39.87,0.241,0.1,0,0,0.316,0.31,0,0,0.389,0.37,0,0,0.599,0.5,0,1,0.578,,,,0.278,0.21,0,0,0.425,,,
13301,20090915,-93.15,39.87,0.233,0.05,0,0,0.309,0.27,0,0,0.383,0.34,0,0,0.595,0.49,0,1,0.578,,,,0.271,0.17,0,0,0.42,,,
13301,20090916,-93.15,39.87,0.225,0,0,0,0.301,0.23,0,0,0.376,0.31,0,0,0.592,0.49,0,1,0.578,,,,0.263,0.13,0,0,0.414,,,
13301,20090917,-93.15,39.87,0.219,-0.05,0,0,0.294,0.2,0,0,0.369,0.28,0,0,0.589,0.49,0,1,0.577,,,,0.256,0.09,0,0,0.41,,,
13301,20090918,-93.15,39.87,0.212,-0.09,0,0,0.287,0.16,0,0,0.362,0.24,0,0,0.585,0.48,0,1,0.577,,,,0.25,0.05,0,0,0.405,,,
13301,20090919,-93.15,39.87,0.206,-0.13,0,0,0.28,0.12,0,0,0.354,0.21,0,0,0.581,0.46,0,1,0.577,,,,0.243,0.01,0,0,0.4,,,
13301,20090920,-93.15,39.87,0.201,-0.15,0.042,0,0.273,0.08,0,0,0.347,0.18,0,0,0.573,0.44,0,0.964,0.577,,,,0.237,-0.02,0,0,0.394,,,
13301,20090921,-93.15,39.87,0.204,-0.13,0.042,0,0.266,0.05,0,0,0.341,0.15,0,0,0.565,0.4,0,0.881,0.577,,,,0.235,-0.02,0,0,0.391,,,
13301,20090922,-93.15,39.87,0.21,-0.09,0.042,0,0.262,0.03,0,0,0.336,0.13,0,0,0.557,0.37,0,0.804,0.577,,,,0.236,-0.02,0,0,0.388,,,
13301,20090923,-93.15,39.87,0.215,-0.06,0.042,0,0.258,0.01,0,0,0.332,0.11,0,0,0.55,0.34,0,0.69,0.577,,,,0.236,-0.01,0,0,0.386,,,
13301,20090924,-93.15,39.87,0.22,-0.02,0.042,0,0.255,0,0,0,0.329,0.09,0,0,0.542,0.31,0,0.571,0.576,,,,0.237,-0.01,0,0,0.384,,,
13301,20090925,-93.15,39.87,0.226,0.01,0.042,0,0.253,-0.01,0,0,0.328,0.08,0,0,0.534,0.27,0,0.429,0.576,,,,0.24,0,0,0,0.383,,,
13301,20090926,-93.15,39.87,0.232,0.05,0.042,0,0.253,-0.01,0,0,0.327,0.06,0,0,0.527,0.24,0,0.286,0.575,,,,0.243,0.02,0,0,0.383,,,
13301,20090927,-93.15,39.87,0.24,0.1,0,0,0.256,0,0,0,0.328,0.06,0,0,0.523,0.23,0,0.179,0.575,,,,0.248,0.05,0,0,0.384,,,
13301,20090928,-93.15,39.87,0.239,0.09,0,0,0.258,0.01,0,0,0.328,0.06,0,0,0.52,0.22,0,0.119,0.575,,,,0.249,0.05,0,0,0.384,,,
13301,20090929,-93.15,39.87,0.234,0.06,0,0,0.259,0.02,0,0,0.328,0.06,0,0,0.517,0.21,0,0.054,0.575,,,,0.247,0.04,0,0,0.383,,,
13301,20090930,-93.15,39.87,0.228,0.02,0,0,0.26,0.02,0,0,0.327,0.05,0,0,0.513,0.21,0,0.024,0.575,,,,0.244,0.02,0,0,0.38,,,
13301,20091001,-93.15,39.87,0.223,-0.01,0,0,0.26,0.02,0,0,0.326,0.04,0,0,0.509,0.2,0,0,0.576,,,,0.241,0.01,0,0,0.379,,,
13301,20091002,-93.15,39.87,0.225,0.01,0,0,0.261,0.02,0,0,0.327,0.05,0,0,0.504,0.2,0,0,0.576,,,,0.243,0.02,0,0,0.379,,,
13301,20091003,-93.15,39.87,0.224,0,0,0,0.261,0.02,0,0,0.327,0.05,0,0,0.5,0.21,0,0,0.577,,,,0.243,0.01,0,0,0.378,,,
13301,20091004,-93.15,39.87,0.22,-0.03,0,0,0.259,0.01,0,0,0.327,0.05,0,0,0.497,0.22,0,0.006,0.576,,,,0.239,-0.01,0,0,0.376,,,
13301,20091005,-93.15,39.87,0.217,-0.05,0,0,0.256,0,0,0,0.326,0.04,0,0,0.493,0.22,0,0.012,0.576,,,,0.237,-0.02,0,0,0.373,,,
13301,20091006,-93.15,39.87,0.218,-0.05,0,0,0.256,-0.01,0,0,0.326,0.04,0,0,0.489,0.23,0,0.048,0.575,,,,0.237,-0.03,0,0,0.373,,,
13301,20091007,-93.15,39.87,0.229,0.01,0,0,0.266,0.04,0,0,0.33,0.06,0,0,0.486,0.24,0,0.155,0.575,,,,0.248,0.02,0,0,0.377,,,
13301,20091008,-93.15,39.87,0.24,0.06,0,0.012,0.274,0.08,0,0,0.334,0.08,0,0,0.484,0.25,0,0.226,0.574,,,,0.257,0.07,0,0,0.381,,,
13301,20091009,-93.15,39.87,0.254,0.13,0,0.155,0.29,0.15,0,0.143,0.341,0.1,0,0,0.491,0.3,0,0.369,0.573,,,,0.272,0.13,0,0.143,0.39,,,
13301,20091010,-93.15,39.87,0.27,0.21,0,0.298,0.305,0.22,0,0.286,0.348,0.13,0,0,0.501,0.36,0,0.512,0.573,,,,0.288,0.2,0,0.286,0.4,,,
13301,20091011,-93.15,39.87,0.285,0.28,0,0.423,0.319,0.28,0,0.339,0.355,0.16,0,0,0.508,0.4,0,0.649,0.573,,,,0.302,0.27,0,0.363,0.408,,,
13301,20091012,-93.15,39.87,0.301,0.34,0,0.423,0.333,0.34,0,0.339,0.361,0.18,0,0,0.514,0.44,0,0.786,0.572,,,,0.317,0.33,0,0.363,0.416,,,
13301,20091013,-93.15,39.87,0.314,0.39,0,0.423,0.345,0.39,0,0.339,0.366,0.2,0,0,0.521,0.48,0,0.893,0.572,,,,0.33,0.38,0,0.363,0.424,,,
13301,20091014,-93.15,39.87,0.318,0.39,0,0.423,0.348,0.39,0,0.339,0.368,0.2,0,0,0.527,0.51,0,0.929,0.571,,,,0.333,0.38,0,0.363,0.426,,,
13301,20091015,-93.15,39.87,0.327,0.41,0,0.464,0.354,0.41,0,0.393,0.372,0.21,0,0,0.534,0.55,0,1,0.572,,,,0.341,0.4,0,0.411,0.432,,,
13301,20091016,-93.15,39.87,0.326,0.38,0,0.321,0.353,0.39,0,0.25,0.371,0.21,0,0,0.536,0.57,0,1,0.571,,,,0.34,0.38,0,0.268,0.432,,,
13301,20091017,-93.15,39.87,0.325,0.35,0,0.179,0.352,0.37,0,0.107,0.371,0.2,0,0,0.537,0.58,0,1,0.571,,,,0.339,0.35,0,0.125,0.431,,,
13301,20091018,-93.15,39.87,0.325,0.32,0,0.054,0.352,0.36,0,0.054,0.371,0.2,0,0,0.54,0.6,0,1,0.57,,,,0.339,0.34,0,0.048,0.432,,,
13301,20091019,-93.15,39.87,0.325,0.3,0,0.054,0.353,0.34,0,0.054,0.372,0.2,0,0,0.541,0.61,0,1,0.57,,,,0.339,0.32,0,0.048,0.432,,,
13301,20091020,-93.15,39.87,0.325,0.28,0,0.054,0.354,0.33,0,0.054,0.373,0.19,0,0,0.543,0.63,0,1,0.569,,,,0.34,0.3,0,0.048,0.433,,,
13301,20091021,-93.15,39.87,0.326,0.26,0,0.054,0.355,0.31,0,0.054,0.374,0.18,0,0,0.544,0.64,0,1,0.568,,,,0.34,0.28,0,0.048,0.433,,,
13301,20091022,-93.15,39.87,0.323,0.23,0,0.006,0.355,0.29,0,0.006,0.374,0.17,0,0,0.545,0.65,0,1,0.567,,,,0.339,0.26,0,0.006,0.433,,,
13301,20091023,-93.15,39.87,0.34,0.32,0,0.149,0.374,0.37,0,0.149,0.392,0.24,0,0.137,0.551,0.69,0,1,0.567,,,,0.357,0.35,0,0.149,0.445,,,
13301,20091024,-93.15,39.87,0.35,0.36,0,0.292,0.392,0.45,0,0.292,0.414,0.34,0,0.28,0.559,0.73,0,1,0.566,,,,0.371,0.41,0,0.292,0.456,,,
13301,20091025,-93.15,39.87,0.357,0.39,0,0.369,0.4,0.48,0,0.435,0.432,0.41,0,0.423,0.568,0.78,0,1,0.566,,,,0.378,0.45,0,0.435,0.464,,,
13301,20091026,-93.15,39.87,0.365,0.43,0,0.458,0.411,0.53,0,0.577,0.448,0.49,0,0.565,0.579,0.85,0,1,0.565,,,,0.388,0.5,0,0.577,0.474,,,
13301,20091027,-93.15,39.87,0.376,0.49,0,0.601,0.427,0.63,0,0.72,0.472,0.61,0,0.708,0.592,0.91,0,1,0.565,,,,0.401,0.58,0,0.72,0.486,,,
13301,20091028,-93.15,39.87,0.384,0.54,0,0.744,0.436,0.69,0,0.863,0.49,0.71,0,0.851,0.604,0.98,0,1,0.565,,,,0.41,0.64,0,0.863,0.496,,,
13301,20091029,-93.15,39.87,0.39,0.58,0,0.881,0.442,0.74,0,1,0.503,0.78,0,0.994,0.616,1.03,0,1,0.565,,,,0.416,0.69,0,1,0.503,,,
13301,20091030,-93.15,39.87,0.402,0.72,0,0.881,0.443,0.81,0,1,0.506,0.83,0,1,0.618,1.04,0,1,0.565,,,,0.422,0.79,0,1,0.507,,,
13301,20091031,-93.15,39.87,0.417,0.88,0,0.881,0.447,0.92,0,1,0.507,0.87,0,1,0.619,1.04,0,1,0.565,,,,0.432,0.92,0,1,0.511,,,
13301,20091101,-93.15,39.87,0.425,0.98,0,0.946,0.458,1.06,0,1,0.513,0.95,0,1,0.619,1.03,0,1,0.565,,,,0.441,1.03,0,1,0.516,,,
13301,20091102,-93.15,39.87,0.426,1.04,0,1,0.46,1.14,0,1,0.52,1.04,0,1,0.62,1.02,0,1,0.565,,,,0.443,1.09,0,1,0.518,,,
13301,20091103,-93.15,39.87,0.424,1.06,0,1,0.452,1.13,0,1,0.514,1.04,0,1,0.62,1.02,0,1,0.565,,,,0.438,1.09,0,1,0.515,,,
13301,20091104,-93.15,39.87,0.422,1.08,0,1,0.45,1.16,0,1,0.509,1.03,0,1,0.62,1.02,0,1,0.566,,,,0.436,1.1,0,1,0.513,,,
13301,20091105,-93.15,39.87,0.421,1.09,0,1,0.448,1.18,0,1,0.506,1.03,0,1,0.62,1.02,0,1,0.566,,,,0.435,1.11,0,1,0.512,,,
13301,20091106,-93.15,39.87,0.393,0.89,0,1,0.431,1.08,0,1,0.493,0.95,0,1,0.62,1.03,0,1,0.566,,,,0.412,0.95,0,1,0.501,,,
13301,20091107,-93.15,39.87,0.37,0.7,0,1,0.413,0.94,0,1,0.478,0.86,0,1,0.619,1.03,0,1,0.565,,,,0.391,0.8,0,1,0.489,,,
13301,20091108,-93.15,39.87,0.358,0.61,0,1,0.398,0.83,0,1,0.464,0.75,0,1,0.619,1.05,0,1,0.565,,,,0.378,0.69,0,1,0.481,,,
13301,20091109,-93.15,39.87,0.352,0.55,0,1,0.389,0.78,0,1,0.449,0.63,0,1,0.618,1.06,0,1,0.564,,,,0.371,0.64,0,1,0.475,,,
13301,20091110,-93.15,39.87,0.347,0.5,0,0.923,0.385,0.77,0,1,0.441,0.57,0,1,0.618,1.07,0,1,0.563,,,,0.366,0.61,0,1,0.471,,,
13301,20091111,-93.15,39.87,0.351,0.53,0,0.923,0.392,0.91,0,1,0.451,0.7,0,1,0.619,1.08,0,1,0.562,,,,0.371,0.68,0,1,0.475,,,
13301,20091112,-93.15,39.87,0.353,0.55,0,0.923,0.395,1,0,1,0.461,0.82,0,1,0.619,1.09,0,1,0.562,,,,0.374,0.72,0,1,0.478,,,
13301,20091113,-93.15,39.87,0.355,0.56,0,0.923,0.397,1.06,0,1,0.465,0.89,0,1,0.62,1.1,0,1,0.562,,,,0.376,0.75,0,1,0.48,,,
13301,20091114,-93.15,39.87,0.356,0.57,0,0.923,0.398,1.11,0,1,0.468,0.94,0,1,0.62,1.1,0,1,0.562,,,,0.377,0.77,0,1,0.481,,,
13301,20091115,-93.15,39.87,0.357,0.58,0,0.923,0.399,1.15,0,1,0.47,0.98,0,1,0.62,1.1,0,1,0.563,,,,0.378,0.79,0,1,0.482,,,
13301,20091116,-93.15,39.87,0.36,0.6,0,0.923,0.401,1.21,0,1,0.474,1.04,0,1,0.62,1.1,0,1,0.563,,,,0.381,0.83,0,1,0.484,,,
13301,20091117,-93.15,39.87,0.385,0.82,0,1,0.418,1.49,0,1,0.488,1.2,0,1,0.62,1.09,0,1,0.563,,,,0.402,1.07,0,1,0.495,,,
13301,20091118,-93.15,39.87,0.409,1.03,0,1,0.43,1.68,0,1,0.489,1.23,0,1,0.62,1.08,0,1,0.563,,,,0.42,1.27,0,1,0.502,,,
13301,20091119,-93.15,39.87,0.437,1.28,0,1,0.446,1.94,0,1,0.492,1.28,0,1,0.619,1.08,0,1,0.563,,,,0.442,1.5,0,1,0.511,,,
13301,20091120,-93.15,39.87,0.462,1.49,0,1,0.465,2.23,0,1,0.502,1.4,0,1,0.619,1.07,0,1,0.562,,,,0.463,1.74,0,1,0.522,,,
13301,20091121,-93.15,39.87,0.479,1.63,0,1,0.484,2.51,0,1,0.515,1.52,0,1,0.618,1.07,0,1,0.563,,,,0.481,1.92,0,1,0.532,,,
13301,20091122,-93.15,39.87,0.492,1.74,0,1,0.504,2.79,0,1,0.528,1.64,0,1,0.618,1.06,0,1,0.562,,,,0.498,2.09,0,1,0.541,,,
13301,20091123,-93.15,39.87,0.502,1.83,0,1,0.52,2.99,0,1,0.539,1.74,0,1,0.618,1.06,0,1,0.562,,,,0.511,2.23,0,1,0.548,,,
13301,20091124,-93.15,39.87,0.489,1.68,0,1,0.519,2.91,0,1,0.542,1.73,0,1,0.617,1.06,0,1,0.562,,,,0.504,2.11,0,1,0.546,,,
13301,20091125,-93.15,39.87,0.469,1.48,0,1,0.513,2.74,0,1,0.542,1.7,0,1,0.617,1.06,0,1,0.561,,,,0.491,1.95,0,1,0.54,,,
13301,20091126,-93.15,39.87,0.447,1.27,0,1,0.502,2.52,0,1,0.543,1.67,0,1,0.617,1.06,0,1,0.561,,,,0.475,1.75,0,1,0.534,,,
13301,20091127,-93.15,39.87,0.427,1.07,0,1,0.489,2.26,0,1,0.542,1.64,0,1,0.616,1.07,0,1,0.561,,,,0.458,1.55,0,1,0.527,,,
13301,20091128,-93.15,39.87,0.415,0.93,0,1,0.474,1.98,0,1,0.538,1.58,0,1,0.616,1.07,0,1,0.56,,,,0.444,1.38,0,1,0.521,,,
13301,20091129,-93.15,39.87,0.406,0.82,0,1,0.458,1.71,0,1,0.531,1.48,0,1,0.615,1.08,0,1,0.559,,,,0.432,1.22,0,1,0.514,,,
13301,20091130,-93.15,39.87,0.397,0.72,0,0.976,0.443,1.47,0,1,0.522,1.36,0,1,0.615,1.09,0,1,0.559,,,,0.42,1.07,0,1,0.507,,,
13301,20091201,-93.15,39.87,0.389,0.62,0,0.833,0.429,1.26,0,1,0.511,1.22,0,1,0.615,1.1,0,1,0.559,,,,0.409,0.94,0,1,0.501,,,
13301,20091202,-93.15,39.87,0.382,0.53,0,0.69,0.417,1.08,0,1,0.499,1.08,0,1,0.614,1.1,0,1,0.559,,,,0.4,0.81,0,0.994,0.494,,,
13301,20091203,-93.15,39.87,0.375,0.45,0,0.548,0.408,0.96,0,1,0.487,0.94,0,1,0.613,1.1,0,1,0.559,,,,0.392,0.7,0,0.869,0.489,,,
13301,20091204,-93.15,39.87,0.37,0.38,0,0.405,0.402,0.85,0,1,0.475,0.79,0,1,0.613,1.1,0,1,0.559,,,,0.386,0.61,0,0.726,0.484,,,
13301,20091205,-93.15,39.87,0.365,0.32,0,0.262,0.396,0.77,0,0.988,0.465,0.68,0,1,0.612,1.1,0,1,0.559,,,,0.381,0.53,0,0.583,0.48,,,
13301,20091206,-93.15,39.87,0.36,0.26,0,0.119,0.391,0.69,0,0.857,0.457,0.59,0,0.869,0.611,1.09,0,1,0.559,,,,0.376,0.45,0,0.44,0.476,,,
13301,20091207,-93.15,39.87,0.356,0.2,0,0,0.388,0.62,0,0.714,0.451,0.52,0,0.726,0.61,1.08,0,1,0.559,,,,0.372,0.38,0,0.298,0.473,,,
13301,20091208,-93.15,39.87,0.353,0.15,0,0,0.385,0.56,0,0.571,0.446,0.46,0,0.583,0.609,1.07,0,1,0.558,,,,0.369,0.32,0,0.155,0.47,,,
13301,20091209,-93.15,39.87,0.354,0.13,0,0,0.385,0.53,0,0.482,0.445,0.43,0,0.506,0.608,1.05,0,1,0.557,,,,0.37,0.29,0,0.018,0.47,,,
13301,20091210,-93.15,39.87,0.356,0.12,0,0,0.387,0.5,0,0.363,0.45,0.45,0,0.506,0.607,1.04,0,1,0.557,,,,0.371,0.28,0,0,0.471,,,
13301,20091211,-93.15,39.87,0.357,0.11,0,0,0.388,0.48,0,0.22,0.453,0.45,0,0.5,0.607,1.02,0,1,0.556,,,,0.373,0.26,0,0,0.472,,,
13301,20091212,-93.15,39.87,0.359,0.09,0,0,0.39,0.46,0,0.089,0.454,0.44,0,0.369,0.606,1,0,1,0.555,,,,0.374,0.24,0,0,0.473,,,
13301,20091213,-93.15,39.87,0.361,0.09,0,0,0.392,0.45,0,0.089,0.459,0.45,0,0.411,0.606,0.97,0,1,0.555,,,,0.376,0.23,0,0,0.474,,,
13301,20091214,-93.15,39.87,0.379,0.2,0,0.101,0.408,0.54,0,0.232,0.471,0.52,0,0.554,0.605,0.94,0,1,0.554,,,,0.394,0.32,0,0.113,0.483,,,
13301,20091215,-93.15,39.87,0.402,0.34,0,0.244,0.427,0.66,0,0.375,0.485,0.61,0,0.696,0.605,0.92,0,1,0.554,,,,0.415,0.44,0,0.256,0.495,,,
13301,20091216,-93.15,39.87,0.407,0.36,0,0.274,0.439,0.72,0,0.464,0.496,0.67,0,0.774,0.605,0.89,0,1,0.553,,,,0.423,0.48,0,0.333,0.5,,,
13301,20091217,-93.15,39.87,0.407,0.35,0,0.274,0.444,0.73,0,0.512,0.501,0.69,0,0.774,0.605,0.87,0,1,0.553,,,,0.426,0.48,0,0.333,0.502,,,
13301,20091218,-93.15,39.87,0.418,0.42,0,0.369,0.451,0.75,0,0.655,0.507,0.72,0,0.78,0.605,0.86,0,1,0.552,,,,0.434,0.52,0,0.423,0.507,,,
13301,20091219,-93.15,39.87,0.426,0.46,0,0.452,0.459,0.79,0,0.798,0.516,0.77,0,0.911,0.605,0.84,0,1,0.551,,,,0.443,0.56,0,0.452,0.512,,,
13301,20091220,-93.15,39.87,0.43,0.48,0,0.452,0.467,0.82,0,0.929,0.524,0.81,0,1,0.604,0.82,0,1,0.551,,,,0.449,0.59,0,0.452,0.515,,,
13301,20091221,-93.15,39.87,0.416,0.37,0,0.351,0.458,0.73,0,0.798,0.525,0.81,0,1,0.604,0.81,0,1,0.55,,,,0.437,0.5,0,0.339,0.511,,,
13301,20091222,-93.15,39.87,0.399,0.25,0,0.208,0.448,0.64,0,0.75,0.523,0.78,0,1,0.604,0.79,0,1,0.549,,,,0.423,0.4,0,0.196,0.505,,,
13301,20091223,-93.15,39.87,0.398,0.23,0,0.179,0.445,0.6,0,0.75,0.522,0.77,0,1,0.603,0.78,0,1,0.549,,,,0.422,0.38,0,0.119,0.503,,,
13301,20091224,-93.15,39.87,0.418,0.36,0,0.31,0.453,0.64,0,0.821,0.524,0.78,0,1,0.603,0.77,0,1,0.548,,,,0.436,0.48,0,0.25,0.509,,,
13301,20091225,-93.15,39.87,0.432,0.46,0,0.357,0.462,0.7,0,0.821,0.527,0.79,0,1,0.602,0.76,0,1,0.547,,,,0.447,0.57,0,0.304,0.514,,,
13301,20091226,-93.15,39.87,0.45,0.58,0,0.417,0.47,0.75,0,0.821,0.53,0.81,0,1,0.603,0.76,0,1,0.547,,,,0.46,0.66,0,0.417,0.52,,,
13301,20091227,-93.15,39.87,0.47,0.72,0,0.56,0.479,0.81,0,0.821,0.532,0.82,0,1,0.603,0.77,0,1,0.547,,,,0.474,0.76,0,0.56,0.526,,,
13301,20091228,-93.15,39.87,0.489,0.86,0,0.702,0.49,0.89,0,0.952,0.535,0.83,0,1,0.603,0.78,0,1,0.547,,,,0.49,0.87,0,0.702,0.533,,,
13301,20091229,-93.15,39.87,0.503,0.96,0,0.845,0.501,0.96,0,1,0.538,0.84,0,1,0.603,0.8,0,1,0.548,,,,0.502,0.95,0,0.845,0.538,,,
13301,20091230,-93.15,39.87,0.511,1.02,0,0.988,0.509,1.02,0,1,0.54,0.85,0,1,0.603,0.81,0,1,0.548,,,,0.51,1.01,0,0.988,0.542,,,
13301,20091231,-93.15,39.87,0.502,0.96,0,1,0.511,1.04,0,1,0.541,0.85,0,1,0.603,0.81,0,1,0.548,,,,0.507,0.99,0,1,0.541,,,
13301,20100101,-93.15,39.87,0.49,0.88,0,1,0.511,1.04,0,1,0.541,0.85,0,1,0.603,0.82,0,1,0.548,,,,0.5,0.94,0,1,0.539,,,
13301,20100102,-93.15,39.87,0.474,0.76,0,0.958,0.507,1.02,0,1,0.54,0.84,0,1,0.603,0.83,0,1,0.548,,,,0.491,0.87,0,1,0.535,,,
13301,20100103,-93.15,39.87,0.457,0.63,0,0.815,0.499,0.96,0,0.964,0.539,0.84,0,1,0.603,0.84,0,1,0.548,,,,0.478,0.77,0,0.863,0.529,,,
13301,20100104,-93.15,39.87,0.44,0.49,0,0.673,0.487,0.86,0,0.821,0.537,0.82,0,1,0.603,0.84,0,1,0.547,,,,0.464,0.66,0,0.72,0.523,,,
13301,20100105,-93.15,39.87,0.426,0.37,0,0.53,0.472,0.75,0,0.679,0.53,0.77,0,0.994,0.603,0.85,0,1,0.547,,,,0.449,0.54,0,0.577,0.516,,,
13301,20100106,-93.15,39.87,0.415,0.28,0,0.387,0.456,0.62,0,0.536,0.521,0.7,0,0.887,0.603,0.86,0,1,0.546,,,,0.435,0.44,0,0.435,0.508,,,
13301,20100107,-93.15,39.87,0.403,0.18,0,0.244,0.439,0.48,0,0.393,0.51,0.62,0,0.744,0.603,0.87,0,1,0.546,,,,0.421,0.32,0,0.292,0.5,,,
13301,20100108,-93.15,39.87,0.392,0.08,0,0.101,0.423,0.35,0,0.25,0.5,0.54,0,0.601,0.603,0.88,0,1,0.546,,,,0.407,0.21,0,0.149,0.493,,,
13301,20100109,-93.15,39.87,0.384,0,0,0,0.41,0.24,0,0.107,0.489,0.45,0,0.458,0.602,0.88,0,1,0.545,,,,0.397,0.12,0,0.006,0.486,,,
13301,20100110,-93.15,39.87,0.378,-0.04,0,0,0.401,0.16,0,0,0.478,0.37,0,0.315,0.602,0.88,0,1,0.545,,,,0.389,0.06,0,0,0.481,,,
13301,20100111,-93.15,39.87,0.374,-0.08,0,0,0.395,0.11,0,0,0.469,0.3,0,0.173,0.602,0.88,0,1,0.545,,,,0.385,0.02,0,0,0.477,,,
13301,20100112,-93.15,39.87,0.372,-0.1,0,0,0.392,0.08,0,0,0.464,0.26,0,0.036,0.602,0.88,0,1,0.545,,,,0.382,-0.01,0,0,0.475,,,
13301,20100113,-93.15,39.87,0.37,-0.12,0,0,0.391,0.06,0,0,0.462,0.24,0,0,0.601,0.88,0,1,0.545,,,,0.38,-0.03,0,0,0.474,,,
13301,20100114,-93.15,39.87,0.369,-0.13,0.012,0,0.39,0.05,0,0,0.46,0.23,0,0,0.601,0.88,0,1,0.545,,,,0.379,-0.04,0.012,0,0.473,,,
13301,20100115,-93.15,39.87,0.374,-0.1,0.012,0.048,0.398,0.12,0,0.077,0.464,0.26,0,0.095,0.601,0.86,0,1,0.545,,,,0.386,0.01,0.012,0.054,0.476,,,
13301,20100116,-93.15,39.87,0.383,-0.03,0.012,0.119,0.41,0.22,0,0.22,0.472,0.32,0,0.238,0.601,0.83,0,1,0.545,,,,0.397,0.1,0.012,0.196,0.482,,,
13301,20100117,-93.15,39.87,0.393,0.04,0.012,0.131,0.423,0.31,0,0.363,0.481,0.39,0,0.381,0.601,0.78,0,1,0.545,,,,0.408,0.18,0.012,0.339,0.489,,,
13301,20100118,-93.15,39.87,0.406,0.14,0.012,0.226,0.436,0.42,0,0.506,0.491,0.47,0,0.524,0.601,0.75,0,1,0.545,,,,0.421,0.29,0.012,0.482,0.496,,,
13301,20100119,-93.15,39.87,0.427,0.3,0.012,0.369,0.454,0.56,0,0.649,0.503,0.56,0,0.667,0.601,0.71,0,1,0.544,,,,0.44,0.44,0.012,0.625,0.506,,,
13301,20100120,-93.15,39.87,0.452,0.49,0.012,0.512,0.472,0.7,0,0.792,0.515,0.65,0,0.81,0.601,0.68,0,1,0.544,,,,0.462,0.61,0.012,0.768,0.517,,,
13301,20100121,-93.15,39.87,0.478,0.69,0,0.655,0.49,0.84,0,0.935,0.526,0.74,0,0.952,0.601,0.65,0,1,0.544,,,,0.484,0.79,0,0.911,0.528,,,
13301,20100122,-93.15,39.87,0.498,0.83,0,0.75,0.499,0.9,0,1,0.533,0.79,0,1,0.601,0.64,0,1,0.543,,,,0.499,0.9,0,1,0.535,,,
13301,20100123,-93.15,39.87,0.514,0.93,0,0.821,0.505,0.93,0,1,0.536,0.81,0,1,0.602,0.65,0,1,0.543,,,,0.509,0.96,0,1,0.54,,,
13301,20100124,-93.15,39.87,0.529,1.03,0,0.952,0.511,0.95,0,1,0.539,0.83,0,1,0.602,0.67,0,1,0.542,,,,0.52,1.02,0,1,0.545,,,
13301,20100125,-93.15,39.87,0.541,1.1,0,1,0.516,0.97,0,1,0.541,0.84,0,1,0.602,0.69,0,1,0.542,,,,0.529,1.07,0,1,0.549,,,
13301,20100126,-93.15,39.87,0.539,1.06,0,0.958,0.518,0.95,0,1,0.542,0.84,0,1,0.602,0.7,0,1,0.542,,,,0.528,1.04,0,1,0.549,,,
13301,20100127,-93.15,39.87,0.525,0.93,0,0.815,0.515,0.9,0,0.982,0.542,0.83,0,1,0.602,0.71,0,1,0.542,,,,0.52,0.94,0,0.875,0.545,,,
13301,20100128,-93.15,39.87,0.518,0.87,0,0.758,0.504,0.79,0,0.839,0.542,0.82,0,1,0.602,0.72,0,1,0.542,,,,0.516,0.89,0,0.826,0.544,,,
13301,20100129,-93.15,39.87,,,,,0.489,0.64,0,0.696,0.535,0.75,0,0.887,0.602,0.73,0,1,0.542,,,,,,,,,,,
13301,20100130,-93.15,39.87,,,,,0.469,0.46,0.036,0.554,0.524,0.64,0,0.744,0.602,0.73,0,1,0.542,,,,,,,,,,,
13301,20100131,-93.15,39.87,,,,,0.449,0.28,0.174,0.413,0.509,0.5,0,0.601,0.602,0.73,0,1,0.541,,,,,,,,,,,
13301,20100201,-93.15,39.87,,,,,0.436,0.17,0.203,0.315,0.494,0.36,0,0.458,0.602,0.73,0,1,0.541,,,,,,,,,,,
13301,20100202,-93.15,39.87,,,,,,,,,0.478,0.22,0,0.315,0.601,0.73,0,1,0.542,,,,,,,,,,,
13301,20100203,-93.15,39.87,,,,,,,,,0.463,0.08,0,0.173,0.601,0.72,0,1,0.541,,,,,,,,,,,
13301,20100204,-93.15,39.87,,,,,,,,,0.448,-0.06,0,0.03,0.601,0.72,0,1,0.541,,,,,,,,,,,
13301,20100205,-93.15,39.87,,,,,,,,,0.44,-0.15,0,0,0.6,0.72,0,1,0.542,,,,,,,,,,,
13301,20100206,-93.15,39.87,,,,,,,,,0.436,-0.19,0,0,0.6,0.71,0,1,0.542,,,,,,,,,,,
13301,20100207,-93.15,39.87,,,,,,,,,0.435,-0.22,0,0,0.6,0.7,0,1,0.542,,,,,,,,,,,
13301,20100208,-93.15,39.87,,,,,,,,,0.435,-0.24,0.018,0,0.599,0.7,0,1,0.541,,,,,,,,,,,
13301,20100209,-93.15,39.87,,,,,,,,,0.436,-0.25,0.071,0,0.599,0.7,0,1,0.541,,,,,,,,,,,
13301,20100210,-93.15,39.87,,,,,,,,,0.437,-0.27,0.149,0,0.599,0.69,0,1,0.541,,,,,,,,,,,
13301,20100211,-93.15,39.87,,,,,,,,,0.438,-0.28,0.262,0,0.599,0.69,0,1,0.54,,,,,,,,,,,
13301,20100212,-93.15,39.87,,,,,0.37,-0.58,1,0,0.439,-0.28,0.399,0,0.599,0.69,0,1,0.54,,,,,,,,,,,
13301,20100213,-93.15,39.87,,,,,0.371,-0.58,1,0,0.44,-0.29,0.506,0,0.599,0.69,0,1,0.54,,,,,,,,,,,
13301,20100214,-93.15,39.87,,,,,0.371,-0.58,1,0,0.441,-0.29,0.53,0,0.599,0.69,0,1,0.539,,,,,,,,,,,
13301,20100215,-93.15,39.87,,,,,0.372,-0.59,1,0,0.442,-0.29,0.518,0,0.599,0.7,0,1,0.539,,,,,,,,,,,
13301,20100216,-93.15,39.87,,,,,0.373,-0.58,1,0,0.442,-0.28,0.464,0,0.599,0.7,0,1,0.539,,,,,,,,,,,
13301,20100217,-93.15,39.87,,,,,0.373,-0.58,1,0,0.443,-0.28,0.387,0,0.6,0.72,0,1,0.538,,,,,,,,,,,
13301,20100218,-93.15,39.87,,,,,0.374,-0.57,1,0,0.443,-0.27,0.274,0,0.6,0.73,0,1,0.538,,,,,,,,,,,
13301,20100219,-93.15,39.87,,,,,0.375,-0.57,1,0,0.443,-0.27,0.137,0,0.6,0.74,0,1,0.537,,,,,,,,,,,
13301,20100220,-93.15,39.87,,,,,0.375,-0.56,1,0,0.443,-0.27,0.06,0,0.6,0.75,0,1,0.537,,,,,,,,,,,
13301,20100221,-93.15,39.87,,,,,0.375,-0.56,1,0,0.443,-0.27,0.042,0,0.6,0.76,0,1,0.537,,,,,,,,,,,
13301,20100222,-93.15,39.87,,,,,0.376,-0.54,1,0,0.443,-0.26,0.036,0,0.6,0.76,0,1,0.537,,,,,,,,,,,
13301,20100223,-93.15,39.87,,,,,0.377,-0.53,0.952,0,0.444,-0.26,0.036,0,0.6,0.75,0,1,0.537,,,,,,,,,,,
13301,20100224,-93.15,39.87,,,,,0.379,-0.51,0.81,0,0.446,-0.23,0.036,0,0.6,0.72,0,1,0.537,,,,,,,,,,,
13301,20100225,-93.15,39.87,,,,,0.38,-0.49,0.667,0,0.448,-0.2,0.036,0,0.6,0.69,0,1,0.538,,,,,,,,,,,
13301,20100226,-93.15,39.87,,,,,0.382,-0.47,0.524,0,0.452,-0.16,0.036,0,0.6,0.66,0,1,0.538,,,,,,,,,,,
13301,20100227,-93.15,39.87,0.188,-1.86,1,0,0.384,-0.45,0.381,0,0.455,-0.12,0.006,0,0.6,0.62,0,1,0.538,,,,0.286,-1.19,1,0,0.433,,,
13301,20100228,-93.15,39.87,0.187,-1.85,1,0,0.385,-0.43,0.304,0,0.457,-0.09,0,0,0.6,0.59,0,1,0.538,,,,0.286,-1.18,1,0,0.434,,,
13301,20100301,-93.15,39.87,0.187,-1.83,1,0,0.385,-0.43,0.304,0,0.459,-0.08,0,0,0.6,0.56,0,1,0.539,,,,0.286,-1.17,1,0,0.434,,,
13301,20100302,-93.15,39.87,0.187,-1.81,1,0,0.385,-0.44,0.351,0,0.46,-0.07,0,0,0.601,0.53,0,1,0.539,,,,0.286,-1.17,1,0,0.434,,,
13301,20100303,-93.15,39.87,0.187,-1.8,1,0,0.385,-0.45,0.494,0,0.46,-0.08,0,0,0.601,0.51,0,1,0.539,,,,0.286,-1.17,1,0,0.434,,,
13301,20100304,-93.15,39.87,0.187,-1.79,1,0,0.385,-0.45,0.637,0,0.461,-0.09,0,0,0.601,0.49,0,1,0.539,,,,0.286,-1.16,1,0,0.435,,,
13301,20100305,-93.15,39.87,0.189,-1.78,1,0,0.386,-0.45,0.679,0,0.466,-0.04,0,0.065,0.601,0.48,0,1,0.54,,,,0.287,-1.15,1,0,0.436,,,
13301,20100306,-93.15,39.87,0.194,-1.74,1,0,0.397,-0.35,0.679,0.071,0.476,0.06,0,0.208,0.601,0.47,0,1,0.54,,,,0.295,-1.08,0.946,0,0.442,,,
13301,20100307,-93.15,39.87,0.239,-1.36,0.911,0.083,0.417,-0.16,0.613,0.214,0.487,0.17,0,0.351,0.601,0.47,0,1,0.54,,,,0.328,-0.79,0.804,0.089,0.457,,,
13301,20100308,-93.15,39.87,0.288,-0.97,0.806,0.188,0.438,0.04,0.47,0.357,0.499,0.28,0,0.494,0.602,0.47,0,1,0.539,,,,0.361,-0.5,0.694,0.194,0.472,,,
13301,20100309,-93.15,39.87,0.345,-0.51,0.656,0.338,0.457,0.23,0.327,0.5,0.51,0.4,0,0.637,0.602,0.46,0,1,0.539,,,,0.399,-0.16,0.544,0.344,0.49,,,
13301,20100310,-93.15,39.87,0.402,-0.06,0.506,0.488,0.476,0.41,0.185,0.643,0.522,0.52,0,0.78,0.602,0.46,0,1,0.539,,,,0.438,0.17,0.394,0.494,0.508,,,
13301,20100311,-93.15,39.87,0.458,0.38,0.356,0.638,0.496,0.59,0.042,0.786,0.533,0.62,0,0.923,0.603,0.45,0,1,0.539,,,,0.476,0.48,0.244,0.644,0.525,,,
13301,20100312,-93.15,39.87,0.514,0.8,0.206,0.788,0.514,0.76,0,0.929,0.539,0.67,0,1,0.604,0.45,0,1,0.539,,,,0.514,0.79,0.094,0.794,0.542,,,
13301,20100313,-93.15,39.87,0.566,1.2,0.056,0.938,0.523,0.83,0,1,0.541,0.66,0,1,0.605,0.45,0,1,0.54,,,,0.544,1.04,0,0.944,0.555,,,
13301,20100314,-93.15,39.87,0.577,1.24,0,1,0.522,0.81,0,1,0.542,0.65,0,1,0.606,0.45,0,1,0.539,,,,0.549,1.05,0,1,0.557,,,
13301,20100315,-93.15,39.87,0.57,1.15,0,1,0.521,0.78,0,1,0.544,0.63,0,1,0.607,0.45,0,1,0.54,,,,0.546,0.98,0,1,0.556,,,
13301,20100316,-93.15,39.87,0.568,1.09,0,1,0.522,0.76,0,1,0.545,0.62,0,1,0.608,0.46,0,1,0.54,,,,0.545,0.95,0,1,0.557,,,
13301,20100317,-93.15,39.87,0.56,1.01,0,1,0.523,0.75,0,1,0.546,0.6,0,1,0.609,0.46,0,1,0.541,,,,0.542,0.9,0,1,0.556,,,
13301,20100318,-93.15,39.87,0.548,0.91,0,0.911,0.522,0.73,0,1,0.547,0.57,0,1,0.61,0.47,0,1,0.542,,,,0.535,0.83,0,0.958,0.554,,,
13301,20100319,-93.15,39.87,0.532,0.79,0,0.768,0.518,0.68,0,0.917,0.547,0.55,0,1,0.611,0.47,0,1,0.542,,,,0.525,0.74,0,0.815,0.55,,,
13301,20100320,-93.15,39.87,0.514,0.65,0,0.625,0.512,0.62,0,0.774,0.547,0.53,0,1,0.611,0.47,0,1,0.543,,,,0.513,0.63,0,0.673,0.545,,,
13301,20100321,-93.15,39.87,0.495,0.51,0,0.482,0.505,0.55,0,0.643,0.547,0.51,0,1,0.611,0.47,0,1,0.544,,,,0.5,0.52,0,0.53,0.541,,,
13301,20100322,-93.15,39.87,0.488,0.47,0,0.446,0.504,0.54,0,0.643,0.547,0.5,0,1,0.612,0.48,0,1,0.545,,,,0.496,0.5,0,0.494,0.539,,,
13301,20100323,-93.15,39.87,0.488,0.48,0,0.446,0.504,0.55,0,0.643,0.547,0.49,0,1,0.612,0.48,0,1,0.545,,,,0.496,0.51,0,0.494,0.539,,,
13301,20100324,-93.15,39.87,0.488,0.49,0,0.423,0.504,0.55,0,0.643,0.547,0.48,0,1,0.612,0.48,0,1,0.545,,,,0.496,0.52,0,0.494,0.539,,,
13301,20100325,-93.15,39.87,0.492,0.52,0,0.435,0.504,0.56,0,0.643,0.547,0.47,0,1,0.612,0.48,0,1,0.545,,,,0.498,0.54,0,0.53,0.54,,,
13301,20100326,-93.15,39.87,0.504,0.63,0,0.577,0.509,0.6,0,0.726,0.548,0.48,0,1,0.612,0.48,0,1,0.545,,,,0.506,0.62,0,0.673,0.544,,,
13301,20100327,-93.15,39.87,0.512,0.7,0,0.72,0.514,0.67,0,0.869,0.548,0.49,0,1,0.613,0.48,0,1,0.545,,,,0.513,0.69,0,0.815,0.546,,,
13301,20100328,-93.15,39.87,0.518,0.75,0,0.833,0.52,0.73,0,1,0.548,0.5,0,1,0.613,0.48,0,1,0.545,,,,0.519,0.75,0,0.952,0.549,,,
13301,20100329,-93.15,39.87,0.511,0.7,0,0.78,0.516,0.71,0,0.97,0.549,0.51,0,1,0.613,0.48,0,1,0.545,,,,0.513,0.71,0,0.917,0.547,,,
13301,20100330,-93.15,39.87,0.496,0.59,0,0.637,0.509,0.65,0,0.827,0.548,0.53,0,1,0.613,0.48,0,1,0.545,,,,0.502,0.62,0,0.774,0.542,,,
13301,20100331,-93.15,39.87,0.487,0.52,0,0.537,0.498,0.56,0,0.71,0.547,0.54,0,1,0.613,0.47,0,1,0.546,,,,0.492,0.54,0,0.654,0.538,,,
13301,20100401,-93.15,39.87,0.473,0.42,0,0.469,0.484,0.44,0,0.562,0.541,0.49,0,0.889,0.614,0.47,0,1,0.546,,,,0.478,0.43,0,0.512,0.531,,,
13301,20100402,-93.15,39.87,0.453,0.25,0,0.321,0.467,0.29,0,0.414,0.53,0.4,0,0.741,0.614,0.47,0,1,0.546,,,,0.46,0.27,0,0.364,0.522,,,
13301,20100403,-93.15,39.87,0.441,0.16,0,0.173,0.453,0.17,0,0.265,0.524,0.37,0,0.679,0.615,0.47,0,1,0.547,,,,0.447,0.17,0,0.216,0.516,,,
13301,20100404,-93.15,39.87,0.432,0.09,0,0.056,0.44,0.06,0,0.117,0.519,0.34,0,0.611,0.616,0.47,0,1,0.547,,,,0.436,0.08,0,0.074,0.511,,,
13301,20100405,-93.15,39.87,0.425,0.04,0,0,0.431,-0.02,0,0,0.513,0.3,0,0.537,0.617,0.47,0,1,0.547,,,,0.428,0.02,0,0,0.507,,,
13301,20100406,-93.15,39.87,0.422,0.02,0,0,0.426,-0.05,0,0,0.511,0.31,0,0.537,0.618,0.48,0,1,0.548,,,,0.424,0,0,0,0.505,,,
13301,20100407,-93.15,39.87,0.428,0.09,0,0.06,0.43,0.01,0,0.06,0.51,0.33,0,0.512,0.619,0.48,0,1,0.548,,,,0.429,0.06,0,0.06,0.507,,,
13301,20100408,-93.15,39.87,0.446,0.27,0,0.202,0.445,0.18,0,0.202,0.517,0.44,0,0.619,0.62,0.49,0,1,0.549,,,,0.446,0.23,0,0.202,0.515,,,
13301,20100409,-93.15,39.87,0.455,0.38,0,0.345,0.46,0.34,0,0.345,0.527,0.58,0,0.762,0.621,0.5,0,1,0.55,,,,0.458,0.36,0,0.345,0.523,,,
13301,20100410,-93.15,39.87,0.457,0.41,0,0.387,0.464,0.4,0,0.399,0.531,0.65,0,0.821,0.622,0.5,0,1,0.551,,,,0.46,0.41,0,0.399,0.525,,,
13301,20100411,-93.15,39.87,0.456,0.42,0,0.387,0.462,0.41,0,0.399,0.527,0.63,0,0.768,0.622,0.5,0,1,0.551,,,,0.459,0.42,0,0.399,0.524,,,
13301,20100412,-93.15,39.87,0.452,0.4,0,0.387,0.459,0.41,0,0.399,0.522,0.58,0,0.696,0.623,0.5,0,1,0.552,,,,0.456,0.4,0,0.399,0.522,,,
13301,20100413,-93.15,39.87,0.446,0.37,0,0.387,0.454,0.38,0,0.399,0.511,0.48,0,0.554,0.623,0.5,0,1,0.553,,,,0.45,0.37,0,0.399,0.517,,,
13301,20100414,-93.15,39.87,0.431,0.25,0.036,0.327,0.444,0.31,0,0.339,0.5,0.38,0,0.452,0.624,0.5,0,0.994,0.554,,,,0.437,0.27,0,0.339,0.511,,,
13301,20100415,-93.15,39.87,0.403,-0.01,0.179,0.185,0.424,0.13,0,0.196,0.486,0.23,0,0.31,0.624,0.5,0,0.994,0.554,,,,0.413,0.05,0.119,0.196,0.498,,,
13301,20100416,-93.15,39.87,0.381,-0.2,0.321,0.042,0.405,-0.03,0,0.054,0.471,0.08,0,0.167,0.623,0.48,0,0.994,0.555,,,,0.393,-0.12,0.262,0.054,0.487,,,
13301,20100417,-93.15,39.87,0.364,-0.34,0.464,0,0.395,-0.12,0.012,0,0.458,-0.06,0,0.024,0.621,0.47,0,0.994,0.555,,,,0.38,-0.24,0.405,0,0.479,,,
13301,20100418,-93.15,39.87,0.348,-0.48,0.607,0,0.389,-0.17,0.06,0,0.451,-0.12,0.006,0,0.618,0.45,0,0.994,0.555,,,,0.368,-0.34,0.548,0,0.472,,,
13301,20100419,-93.15,39.87,0.331,-0.61,0.75,0,0.383,-0.21,0.202,0,0.446,-0.16,0.054,0,0.616,0.43,0,0.994,0.556,,,,0.357,-0.43,0.69,0,0.466,,,
13301,20100420,-93.15,39.87,0.315,-0.74,0.893,0,0.377,-0.26,0.345,0,0.441,-0.2,0.196,0,0.613,0.42,0,0.982,0.556,,,,0.346,-0.52,0.833,0,0.461,,,
13301,20100421,-93.15,39.87,0.299,-0.86,1,0,0.37,-0.32,0.488,0,0.437,-0.24,0.339,0,0.611,0.41,0,0.988,0.557,,,,0.334,-0.61,0.976,0,0.455,,,
13301,20100422,-93.15,39.87,0.285,-0.96,1,0,0.363,-0.38,0.631,0,0.432,-0.27,0.482,0,0.606,0.38,0,0.899,0.557,,,,0.324,-0.69,1,0,0.449,,,
13301,20100423,-93.15,39.87,0.277,-1,1,0,0.356,-0.43,0.774,0,0.428,-0.31,0.625,0,0.603,0.37,0,0.833,0.558,,,,0.316,-0.74,1,0,0.444,,,
13301,20100424,-93.15,39.87,0.286,-0.89,0.857,0,0.356,-0.42,0.774,0,0.426,-0.31,0.637,0,0.603,0.38,0,0.833,0.558,,,,0.321,-0.67,0.869,0,0.446,,,
13301,20100425,-93.15,39.87,0.31,-0.66,0.714,0.083,0.366,-0.3,0.726,0.077,0.434,-0.21,0.631,0.077,0.604,0.41,0,0.833,0.558,,,,0.338,-0.49,0.726,0.083,0.454,,,
13301,20100426,-93.15,39.87,0.349,-0.32,0.571,0.226,0.385,-0.09,0.583,0.22,0.45,-0.01,0.583,0.22,0.607,0.44,0,0.833,0.559,,,,0.367,-0.2,0.583,0.226,0.47,,,
13301,20100427,-93.15,39.87,0.384,0,0.429,0.369,0.407,0.14,0.44,0.363,0.467,0.2,0.44,0.363,0.61,0.48,0,0.845,0.559,,,,0.395,0.08,0.44,0.369,0.485,,,
13301,20100428,-93.15,39.87,0.413,0.26,0.286,0.512,0.426,0.35,0.298,0.506,0.485,0.42,0.298,0.506,0.612,0.51,0,0.845,0.559,,,,0.419,0.32,0.298,0.512,0.499,,,
13301,20100429,-93.15,39.87,0.436,0.47,0.143,0.619,0.44,0.51,0.155,0.649,0.503,0.63,0.155,0.649,0.617,0.56,0,0.935,0.559,,,,0.438,0.5,0.155,0.655,0.511,,,
13301,20100430,-93.15,39.87,0.453,0.63,0,0.619,0.451,0.63,0.012,0.673,0.516,0.78,0.012,0.792,0.621,0.61,0,1,0.559,,,,0.452,0.65,0.012,0.685,0.52,,,
13301,20100501,-93.15,39.87,0.47,0.78,0,0.738,0.465,0.78,0,0.792,0.531,0.95,0,0.935,0.624,0.66,0,1,0.559,,,,0.468,0.79,0,0.804,0.53,,,
13301,20100502,-93.15,39.87,0.471,0.78,0,0.798,0.475,0.86,0,0.857,0.539,1.03,0,1,0.626,0.69,0,1,0.559,,,,0.473,0.84,0,0.863,0.534,,,
13301,20100503,-93.15,39.87,0.466,0.73,0,0.798,0.477,0.85,0,0.857,0.539,1.01,0,1,0.626,0.72,0,1,0.559,,,,0.471,0.81,0,0.863,0.533,,,
13301,20100504,-93.15,39.87,0.469,0.73,0,0.798,0.479,0.85,0,0.857,0.54,1,0,1,0.626,0.74,0,1,0.559,,,,0.474,0.82,0,0.863,0.535,,,
13301,20100505,-93.15,39.87,0.468,0.71,0,0.798,0.48,0.84,0,0.857,0.54,0.97,0,1,0.627,0.77,0,1,0.559,,,,0.474,0.81,0,0.863,0.535,,,
13301,20100506,-93.15,39.87,0.467,0.7,0,0.738,0.478,0.82,0,0.815,0.536,0.91,0,1,0.628,0.8,0,1,0.56,,,,0.472,0.8,0,0.81,0.534,,,
13301,20100507,-93.15,39.87,0.467,0.7,0,0.738,0.478,0.82,0,0.792,0.531,0.86,0,0.893,0.628,0.82,0,1,0.561,,,,0.473,0.8,0,0.78,0.533,,,
13301,20100508,-93.15,39.87,0.452,0.59,0,0.619,0.468,0.73,0,0.673,0.521,0.75,0,0.756,0.629,0.83,0,1,0.561,,,,0.46,0.69,0,0.661,0.526,,,
13301,20100509,-93.15,39.87,0.439,0.49,0,0.476,0.453,0.61,0,0.53,0.508,0.63,0,0.613,0.629,0.84,0,1,0.562,,,,0.446,0.58,0,0.518,0.518,,,
13301,20100510,-93.15,39.87,0.419,0.35,0,0.333,0.437,0.47,0,0.387,0.494,0.49,0,0.47,0.629,0.85,0,1,0.563,,,,0.428,0.43,0,0.375,0.508,,,
13301,20100511,-93.15,39.87,0.412,0.3,0,0.298,0.429,0.39,0,0.345,0.489,0.43,0,0.429,0.629,0.85,0,1,0.563,,,,0.421,0.36,0,0.339,0.504,,,
13301,20100512,-93.15,39.87,0.424,0.36,0,0.298,0.43,0.38,0,0.345,0.489,0.41,0,0.429,0.629,0.86,0,1,0.563,,,,0.427,0.39,0,0.339,0.507,,,
13301,20100513,-93.15,39.87,0.441,0.45,0,0.393,0.441,0.45,0,0.387,0.494,0.44,0,0.429,0.629,0.87,0,1,0.563,,,,0.441,0.47,0,0.393,0.514,,,
13301,20100514,-93.15,39.87,0.464,0.59,0,0.536,0.454,0.53,0,0.53,0.507,0.52,0,0.536,0.629,0.88,0,1,0.563,,,,0.459,0.59,0,0.536,0.523,,,
13301,20100515,-93.15,39.87,0.483,0.69,0,0.679,0.468,0.62,0,0.673,0.519,0.6,0,0.673,0.629,0.91,0,1,0.563,,,,0.475,0.69,0,0.679,0.532,,,
13301,20100516,-93.15,39.87,0.502,0.8,0,0.821,0.482,0.7,0,0.815,0.533,0.69,0,0.815,0.629,0.93,0,1,0.563,,,,0.492,0.79,0,0.821,0.542,,,
13301,20100517,-93.15,39.87,0.528,0.94,0,0.964,0.497,0.8,0,0.958,0.547,0.78,0,0.958,0.63,0.96,0,1,0.563,,,,0.512,0.91,0,0.964,0.553,,,
13301,20100518,-93.15,39.87,0.537,0.99,0,1,0.503,0.83,0,1,0.553,0.81,0,1,0.63,1,0,1,0.563,,,,0.52,0.95,0,1,0.557,,,
13301,20100519,-93.15,39.87,0.536,0.97,0,1,0.504,0.82,0,1,0.554,0.8,0,1,0.631,1.03,0,1,0.563,,,,0.52,0.94,0,1,0.558,,,
13301,20100520,-93.15,39.87,0.53,0.92,0,1,0.502,0.8,0,1,0.554,0.79,0,1,0.631,1.05,0,1,0.563,,,,0.516,0.9,0,1,0.556,,,
13301,20100521,-93.15,39.87,0.528,0.91,0,1,0.503,0.81,0,1,0.554,0.79,0,1,0.631,1.08,0,1,0.563,,,,0.516,0.89,0,1,0.556,,,
13301,20100522,-93.15,39.87,0.531,0.92,0,1,0.504,0.81,0,1,0.555,0.8,0,1,0.631,1.09,0,1,0.563,,,,0.517,0.9,0,1,0.557,,,
13301,20100523,-93.15,39.87,0.53,0.92,0,1,0.504,0.82,0,1,0.555,0.82,0,1,0.631,1.1,0,1,0.563,,,,0.517,0.9,0,1,0.557,,,
13301,20100524,-93.15,39.87,0.515,0.83,0,0.988,0.498,0.78,0,1,0.555,0.83,0,1,0.631,1.11,0,1,0.564,,,,0.506,0.83,0,1,0.553,,,
13301,20100525,-93.15,39.87,0.494,0.72,0,0.863,0.487,0.72,0,0.964,0.548,0.79,0,1,0.631,1.11,0,1,0.564,,,,0.491,0.74,0,0.94,0.545,,,
13301,20100526,-93.15,39.87,0.489,0.7,0,0.827,0.485,0.71,0,0.929,0.545,0.77,0,1,0.632,1.13,0,1,0.565,,,,0.487,0.72,0,0.905,0.543,,,
13301,20100527,-93.15,39.87,0.498,0.75,0,0.827,0.491,0.75,0,0.929,0.545,0.79,0,1,0.633,1.15,0,1,0.565,,,,0.494,0.77,0,0.905,0.546,,,
13301,20100528,-93.15,39.87,0.486,0.69,0,0.827,0.487,0.73,0,0.929,0.544,0.79,0,1,0.634,1.18,0,1,0.566,,,,0.487,0.73,0,0.905,0.544,,,
13301,20100529,-93.15,39.87,0.467,0.59,0,0.768,0.476,0.66,0,0.887,0.536,0.74,0,1,0.635,1.21,0,1,0.567,,,,0.472,0.64,0,0.851,0.536,,,
13301,20100530,-93.15,39.87,0.452,0.51,0,0.625,0.463,0.57,0,0.744,0.523,0.65,0,0.97,0.636,1.23,0,1,0.567,,,,0.458,0.55,0,0.708,0.528,,,
13301,20100531,-93.15,39.87,0.442,0.46,0,0.494,0.455,0.52,0,0.601,0.511,0.56,0,0.833,0.637,1.26,0,1,0.568,,,,0.448,0.5,0,0.565,0.523,,,
13301,20100601,-93.15,39.87,0.433,0.41,0,0.476,0.45,0.49,0,0.494,0.504,0.52,0,0.69,0.639,1.28,0,1,0.569,,,,0.441,0.46,0,0.482,0.519,,,
13301,20100602,-93.15,39.87,0.419,0.34,0,0.417,0.442,0.44,0,0.435,0.498,0.47,0,0.595,0.639,1.29,0,1,0.569,,,,0.431,0.39,0,0.423,0.514,,,
13301,20100603,-93.15,39.87,0.421,0.34,0,0.417,0.442,0.43,0,0.435,0.5,0.48,0,0.595,0.64,1.29,0,1,0.57,,,,0.431,0.39,0,0.423,0.515,,,
13301,20100604,-93.15,39.87,0.421,0.34,0,0.417,0.444,0.44,0,0.435,0.502,0.48,0,0.595,0.64,1.27,0,1,0.571,,,,0.432,0.39,0,0.423,0.516,,,
13301,20100605,-93.15,39.87,0.421,0.35,0,0.393,0.446,0.45,0,0.476,0.508,0.52,0,0.595,0.641,1.24,0,1,0.571,,,,0.433,0.4,0,0.476,0.517,,,
13301,20100606,-93.15,39.87,0.442,0.47,0,0.536,0.463,0.55,0,0.619,0.521,0.6,0,0.625,0.641,1.19,0,1,0.572,,,,0.453,0.51,0,0.619,0.528,,,
13301,20100607,-93.15,39.87,0.462,0.58,0,0.679,0.481,0.66,0,0.762,0.535,0.69,0,0.762,0.642,1.16,0,1,0.573,,,,0.471,0.63,0,0.762,0.538,,,
13301,20100608,-93.15,39.87,0.475,0.65,0,0.821,0.491,0.72,0,0.905,0.549,0.77,0,0.905,0.642,1.12,0,1,0.574,,,,0.483,0.7,0,0.905,0.546,,,
13301,20100609,-93.15,39.87,0.495,0.77,0,0.917,0.504,0.8,0,1,0.559,0.83,0,1,0.642,1.08,0,1,0.575,,,,0.499,0.8,0,1,0.555,,,
13301,20100610,-93.15,39.87,0.49,0.75,0,0.917,0.505,0.8,0,1,0.56,0.82,0,1,0.642,1.04,0,1,0.576,,,,0.497,0.8,0,1,0.554,,,
13301,20100611,-93.15,39.87,0.488,0.74,0,0.917,0.502,0.78,0,1,0.558,0.8,0,1,0.642,1.01,0,1,0.577,,,,0.495,0.79,0,1,0.554,,,
13301,20100612,-93.15,39.87,0.49,0.76,0,1,0.501,0.78,0,1,0.556,0.78,0,1,0.642,1,0,1,0.578,,,,0.496,0.8,0,1,0.554,,,
13301,20100613,-93.15,39.87,0.486,0.74,0,1,0.5,0.77,0,1,0.555,0.76,0,1,0.642,0.99,0,1,0.578,,,,0.493,0.79,0,1,0.552,,,
13301,20100614,-93.15,39.87,0.492,0.78,0,1,0.501,0.78,0,1,0.556,0.75,0,1,0.643,0.98,0,1,0.578,,,,0.496,0.82,0,1,0.554,,,
13301,20100615,-93.15,39.87,0.507,0.87,0,1,0.51,0.84,0,1,0.557,0.75,0,1,0.643,0.97,0,1,0.578,,,,0.509,0.9,0,1,0.559,,,
13301,20100616,-93.15,39.87,0.509,0.88,0,1,0.511,0.85,0,1,0.557,0.75,0,1,0.644,0.96,0,1,0.578,,,,0.51,0.92,0,1,0.56,,,
13301,20100617,-93.15,39.87,0.513,0.92,0,1,0.511,0.86,0,1,0.557,0.74,0,1,0.644,0.95,0,1,0.578,,,,0.512,0.95,0,1,0.561,,,
13301,20100618,-93.15,39.87,0.516,0.95,0,1,0.515,0.89,0,1,0.558,0.75,0,1,0.644,0.94,0,1,0.579,,,,0.515,0.98,0,1,0.562,,,
13301,20100619,-93.15,39.87,0.517,0.96,0,1,0.516,0.91,0,1,0.561,0.76,0,1,0.645,0.93,0,1,0.579,,,,0.516,1,0,1,0.563,,,
13301,20100620,-93.15,39.87,0.503,0.9,0,1,0.505,0.85,0,1,0.556,0.74,0,1,0.645,0.91,0,1,0.58,,,,0.504,0.93,0,1,0.558,,,
13301,20100621,-93.15,39.87,0.484,0.8,0,1,0.49,0.77,0,1,0.544,0.68,0,1,0.645,0.89,0,1,0.581,,,,0.487,0.84,0,1,0.549,,,
13301,20100622,-93.15,39.87,0.461,0.69,0,0.899,0.473,0.67,0,1,0.532,0.61,0,1,0.645,0.86,0,1,0.581,,,,0.467,0.73,0,0.976,0.539,,,
13301,20100623,-93.15,39.87,0.434,0.54,0,0.756,0.456,0.57,0,0.946,0.519,0.54,0,0.958,0.645,0.83,0,1,0.582,,,,0.445,0.6,0,0.833,0.527,,,
13301,20100624,-93.15,39.87,0.413,0.43,0,0.696,0.443,0.5,0,0.893,0.513,0.5,0,0.94,0.646,0.8,0,1,0.582,,,,0.428,0.51,0,0.774,0.519,,,
13301,20100625,-93.15,39.87,0.404,0.38,0,0.613,0.434,0.44,0,0.893,0.508,0.47,0,0.94,0.646,0.78,0,1,0.583,,,,0.419,0.45,0,0.768,0.515,,,
13301,20100626,-93.15,39.87,0.394,0.33,0,0.47,0.43,0.42,0,0.893,0.5,0.42,0,0.94,0.646,0.76,0,1,0.583,,,,0.412,0.41,0,0.625,0.511,,,
13301,20100627,-93.15,39.87,0.381,0.26,0,0.327,0.427,0.4,0,0.786,0.495,0.39,0,0.94,0.646,0.74,0,1,0.583,,,,0.404,0.36,0,0.488,0.506,,,
13301,20100628,-93.15,39.87,0.394,0.32,0,0.321,0.441,0.48,0,0.786,0.505,0.45,0,0.94,0.646,0.72,0,1,0.584,,,,0.417,0.44,0,0.488,0.514,,,
13301,20100629,-93.15,39.87,0.398,0.34,0,0.393,0.449,0.53,0,0.786,0.517,0.5,0,0.94,0.647,0.71,0,1,0.584,,,,0.424,0.47,0,0.512,0.519,,,
13301,20100630,-93.15,39.87,0.402,0.36,0,0.393,0.451,0.55,0,0.839,0.52,0.52,0,0.982,0.647,0.7,0,1,0.585,,,,0.427,0.49,0,0.577,0.521,,,
13301,20100701,-93.15,39.87,0.397,0.33,0,0.31,0.447,0.52,0,0.786,0.515,0.49,0,0.923,0.647,0.69,0,1,0.586,,,,0.422,0.46,0,0.494,0.518,,,
13301,20100702,-93.15,39.87,0.387,0.27,0,0.25,0.443,0.5,0,0.643,0.508,0.45,0,0.78,0.647,0.68,0,1,0.586,,,,0.415,0.41,0,0.357,0.514,,,
13301,20100703,-93.15,39.87,0.375,0.2,0,0.25,0.439,0.47,0,0.5,0.506,0.44,0,0.637,0.646,0.67,0,1,0.587,,,,0.407,0.36,0,0.357,0.511,,,
13301,20100704,-93.15,39.87,0.364,0.15,0.065,0.25,0.433,0.44,0,0.464,0.503,0.42,0,0.494,0.646,0.67,0,1,0.587,,,,0.398,0.31,0,0.351,0.507,,,
13301,20100705,-93.15,39.87,0.332,-0.02,0.185,0.119,0.41,0.3,0,0.333,0.489,0.34,0,0.357,0.645,0.66,0,1,0.588,,,,0.371,0.16,0,0.22,0.493,,,
13301,20100706,-93.15,39.87,0.35,0.07,0.185,0.149,0.418,0.35,0,0.333,0.489,0.33,0,0.357,0.645,0.65,0,1,0.588,,,,0.384,0.23,0,0.22,0.498,,,
13301,20100707,-93.15,39.87,0.373,0.2,0.185,0.292,0.433,0.43,0,0.333,0.498,0.37,0,0.357,0.646,0.65,0,1,0.588,,,,0.403,0.34,0,0.298,0.507,,,
13301,20100708,-93.15,39.87,0.4,0.35,0.185,0.435,0.449,0.52,0,0.44,0.509,0.42,0,0.435,0.646,0.65,0,1,0.588,,,,0.425,0.47,0,0.44,0.518,,,
13301,20100709,-93.15,39.87,0.429,0.51,0.185,0.577,0.466,0.62,0,0.583,0.521,0.48,0,0.577,0.646,0.65,0,1,0.587,,,,0.448,0.6,0,0.583,0.53,,,
13301,20100710,-93.15,39.87,0.452,0.64,0.185,0.72,0.482,0.72,0,0.726,0.533,0.54,0,0.72,0.647,0.64,0,1,0.587,,,,0.467,0.72,0,0.726,0.54,,,
13301,20100711,-93.15,39.87,0.472,0.76,0.119,0.863,0.492,0.78,0,0.869,0.546,0.61,0,0.863,0.647,0.63,0,1,0.587,,,,0.482,0.81,0,0.869,0.549,,,
13301,20100712,-93.15,39.87,0.489,0.87,0,1,0.5,0.84,0,1,0.553,0.65,0,1,0.647,0.63,0,1,0.586,,,,0.494,0.89,0,1,0.555,,,
13301,20100713,-93.15,39.87,0.465,0.76,0,1,0.484,0.76,0,1,0.542,0.61,0,1,0.647,0.63,0,1,0.586,,,,0.475,0.79,0,1,0.545,,,
13301,20100714,-93.15,39.87,0.439,0.65,0,0.97,0.467,0.69,0,1,0.53,0.57,0,1,0.646,0.62,0,1,0.586,,,,0.453,0.69,0,0.988,0.534,,,
13301,20100715,-93.15,39.87,0.41,0.52,0,0.863,0.449,0.6,0,1,0.519,0.53,0,1,0.645,0.61,0,1,0.586,,,,0.43,0.57,0,0.881,0.522,,,
13301,20100716,-93.15,39.87,0.384,0.41,0,0.786,0.43,0.52,0,0.988,0.506,0.48,0,1,0.645,0.61,0,1,0.586,,,,0.407,0.47,0,0.815,0.51,,,
13301,20100717,-93.15,39.87,0.365,0.34,0,0.643,0.413,0.44,0,0.845,0.493,0.43,0,1,0.644,0.61,0,1,0.586,,,,0.389,0.39,0,0.673,0.5,,,
13301,20100718,-93.15,39.87,0.35,0.28,0,0.5,0.404,0.41,0,0.708,0.48,0.39,0,0.964,0.644,0.61,0,1,0.586,,,,0.377,0.34,0,0.53,0.493,,,
13301,20100719,-93.15,39.87,0.34,0.25,0,0.357,0.396,0.39,0,0.565,0.472,0.37,0,0.875,0.644,0.62,0,1,0.587,,,,0.368,0.32,0,0.387,0.488,,,
13301,20100720,-93.15,39.87,0.334,0.23,0,0.22,0.391,0.37,0,0.435,0.467,0.36,0,0.744,0.644,0.62,0,1,0.588,,,,0.363,0.3,0,0.25,0.485,,,
13301,20100721,-93.15,39.87,0.341,0.28,0,0.25,0.398,0.43,0,0.435,0.473,0.41,0,0.744,0.644,0.62,0,1,0.588,,,,0.37,0.35,0,0.262,0.489,,,
13301,20100722,-93.15,39.87,0.347,0.31,0,0.357,0.401,0.46,0,0.435,0.476,0.44,0,0.744,0.644,0.63,0,1,0.589,,,,0.374,0.38,0,0.369,0.491,,,
13301,20100723,-93.15,39.87,0.35,0.33,0,0.411,0.403,0.48,0,0.446,0.477,0.46,0,0.744,0.645,0.63,0,1,0.59,,,,0.376,0.41,0,0.435,0.493,,,
13301,20100724,-93.15,39.87,0.353,0.35,0,0.411,0.405,0.51,0,0.589,0.477,0.47,0,0.744,0.645,0.63,0,1,0.591,,,,0.379,0.43,0,0.554,0.494,,,
13301,20100725,-93.15,39.87,0.377,0.48,0,0.5,0.419,0.6,0,0.726,0.486,0.53,0,0.78,0.646,0.63,0,1,0.591,,,,0.398,0.55,0,0.643,0.504,,,
13301,20100726,-93.15,39.87,0.399,0.6,0,0.643,0.44,0.74,0,0.869,0.502,0.62,0,0.869,0.646,0.64,0,1,0.592,,,,0.419,0.68,0,0.786,0.516,,,
13301,20100727,-93.15,39.87,0.413,0.68,0,0.78,0.453,0.83,0,1,0.517,0.72,0,1,0.647,0.64,0,1,0.592,,,,0.433,0.78,0,0.923,0.524,,,
13301,20100728,-93.15,39.87,0.413,0.69,0,0.78,0.45,0.84,0,1,0.519,0.74,0,1,0.648,0.64,0,1,0.593,,,,0.432,0.79,0,0.923,0.525,,,
13301,20100729,-93.15,39.87,0.415,0.71,0,0.78,0.45,0.86,0,1,0.52,0.76,0,1,0.648,0.64,0,1,0.593,,,,0.433,0.81,0,0.923,0.525,,,
13301,20100730,-93.15,39.87,0.416,0.73,0,0.804,0.452,0.89,0,1,0.522,0.79,0,1,0.648,0.65,0,1,0.593,,,,0.434,0.84,0,0.923,0.526,,,
13301,20100731,-93.15,39.87,0.44,0.87,0,0.946,0.466,1,0,1,0.531,0.86,0,1,0.648,0.65,0,1,0.594,,,,0.453,0.97,0,0.946,0.536,,,
13301,20100801,-93.15,39.87,0.447,0.92,0,1,0.474,1.08,0,1,0.537,0.92,0,1,0.648,0.65,0,1,0.594,,,,0.46,1.04,0,1,0.54,,,
13301,20100802,-93.15,39.87,0.441,0.9,0,1,0.47,1.09,0,1,0.537,0.94,0,1,0.647,0.65,0,1,0.594,,,,0.455,1.03,0,1,0.538,,,
13301,20100803,-93.15,39.87,0.437,0.89,0,1,0.466,1.08,0,1,0.533,0.94,0,1,0.646,0.65,0,1,0.594,,,,0.451,1.03,0,1,0.535,,,
13301,20100804,-93.15,39.87,0.433,0.88,0,1,0.464,1.08,0,1,0.527,0.93,0,1,0.644,0.64,0,1,0.594,,,,0.448,1.02,0,1,0.533,,,
13301,20100805,-93.15,39.87,0.429,0.87,0,1,0.463,1.09,0,1,0.524,0.92,0,1,0.643,0.63,0,1,0.595,,,,0.446,1.03,0,1,0.531,,,
13301,20100806,-93.15,39.87,0.425,0.86,0,0.97,0.462,1.09,0,1,0.523,0.93,0,1,0.642,0.63,0,1,0.595,,,,0.443,1.02,0,1,0.529,,,
13301,20100807,-93.15,39.87,0.397,0.72,0,0.827,0.448,1.02,0,1,0.514,0.89,0,1,0.641,0.62,0,1,0.595,,,,0.423,0.91,0,1,0.519,,,
13301,20100808,-93.15,39.87,0.365,0.55,0,0.685,0.427,0.89,0,1,0.5,0.82,0,1,0.64,0.62,0,1,0.595,,,,0.396,0.75,0,0.976,0.505,,,
13301,20100809,-93.15,39.87,0.34,0.41,0,0.542,0.408,0.77,0,1,0.485,0.75,0,1,0.64,0.61,0,1,0.594,,,,0.374,0.63,0,0.833,0.494,,,
13301,20100810,-93.15,39.87,0.323,0.33,0,0.399,0.397,0.71,0,1,0.474,0.69,0,1,0.641,0.61,0,1,0.594,,,,0.36,0.55,0,0.744,0.486,,,
13301,20100811,-93.15,39.87,0.307,0.24,0,0.268,0.387,0.65,0,1,0.466,0.65,0,1,0.643,0.6,0,1,0.594,,,,0.347,0.48,0,0.619,0.479,,,
13301,20100812,-93.15,39.87,0.302,0.23,0,0.232,0.381,0.62,0,1,0.46,0.62,0,1,0.645,0.61,0,1,0.594,,,,0.342,0.45,0,0.619,0.476,,,
13301,20100813,-93.15,39.87,0.295,0.2,0,0.119,0.374,0.57,0,1,0.453,0.58,0,1,0.647,0.62,0,1,0.594,,,,0.334,0.42,0,0.53,0.473,,,
13301,20100814,-93.15,39.87,0.293,0.2,0,0.167,0.367,0.52,0,0.911,0.445,0.54,0,1,0.65,0.64,0,1,0.594,,,,0.33,0.39,0,0.435,0.47,,,
13301,20100815,-93.15,39.87,0.297,0.24,0,0.226,0.361,0.48,0,0.768,0.438,0.5,0,1,0.652,0.66,0,1,0.594,,,,0.329,0.39,0,0.405,0.469,,,
13301,20100816,-93.15,39.87,0.3,0.26,0,0.226,0.356,0.45,0,0.625,0.431,0.46,0,0.964,0.655,0.69,0,1,0.595,,,,0.328,0.39,0,0.405,0.467,,,
13301,20100817,-93.15,39.87,0.294,0.24,0,0.226,0.35,0.41,0,0.482,0.423,0.42,0,0.821,0.655,0.72,0,1,0.596,,,,0.322,0.35,0,0.351,0.463,,,
13301,20100818,-93.15,39.87,0.289,0.21,0,0.214,0.343,0.37,0,0.339,0.415,0.37,0,0.679,0.653,0.75,0,1,0.596,,,,0.316,0.31,0,0.333,0.459,,,
13301,20100819,-93.15,39.87,0.274,0.13,0,0.107,0.331,0.29,0,0.196,0.405,0.32,0,0.536,0.649,0.77,0,1,0.597,,,,0.302,0.23,0,0.19,0.451,,,
13301,20100820,-93.15,39.87,0.263,0.06,0.018,0.107,0.32,0.22,0,0.054,0.395,0.26,0,0.393,0.643,0.78,0,1,0.597,,,,0.292,0.16,0,0.137,0.444,,,
13301,20100821,-93.15,39.87,0.268,0.12,0.06,0.149,0.327,0.27,0,0.089,0.399,0.29,0,0.339,0.64,0.78,0,1,0.597,,,,0.297,0.21,0,0.179,0.446,,,
13301,20100822,-93.15,39.87,0.275,0.19,0.06,0.232,0.337,0.35,0,0.232,0.414,0.37,0,0.339,0.64,0.79,0,1,0.597,,,,0.306,0.29,0,0.232,0.453,,,
13301,20100823,-93.15,39.87,0.285,0.28,0.06,0.375,0.347,0.42,0,0.375,0.424,0.43,0,0.375,0.639,0.79,0,1,0.597,,,,0.316,0.37,0,0.375,0.458,,,
13301,20100824,-93.15,39.87,0.294,0.37,0.06,0.518,0.356,0.5,0,0.518,0.434,0.49,0,0.518,0.641,0.8,0,1,0.597,,,,0.325,0.45,0,0.518,0.464,,,
13301,20100825,-93.15,39.87,0.303,0.45,0.06,0.661,0.365,0.56,0,0.661,0.444,0.55,0,0.661,0.643,0.81,0,1,0.597,,,,0.334,0.53,0,0.661,0.47,,,
13301,20100826,-93.15,39.87,0.31,0.51,0.06,0.667,0.374,0.63,0,0.804,0.454,0.62,0,0.804,0.648,0.82,0,1,0.596,,,,0.342,0.6,0,0.792,0.476,,,
13301,20100827,-93.15,39.87,0.316,0.57,0.042,0.667,0.382,0.69,0,0.94,0.464,0.68,0,0.946,0.653,0.83,0,1,0.596,,,,0.349,0.66,0,0.792,0.482,,,
13301,20100828,-93.15,39.87,0.303,0.49,0,0.577,0.374,0.64,0,0.851,0.46,0.66,0,0.952,0.656,0.83,0,1,0.596,,,,0.339,0.6,0,0.702,0.478,,,
13301,20100829,-93.15,39.87,0.283,0.35,0,0.435,0.359,0.55,0,0.708,0.443,0.57,0,0.81,0.656,0.81,0,1,0.596,,,,0.321,0.48,0,0.56,0.467,,,
13301,20100830,-93.15,39.87,0.264,0.22,0,0.292,0.345,0.45,0,0.565,0.43,0.5,0,0.667,0.655,0.78,0,1,0.595,,,,0.305,0.36,0,0.417,0.458,,,
13301,20100831,-93.15,39.87,0.248,0.11,0,0.149,0.331,0.35,0,0.423,0.417,0.42,0,0.524,0.655,0.75,0,1,0.595,,,,0.29,0.26,0,0.274,0.449,,,
13301,20100901,-93.15,39.87,0.255,0.15,0,0.137,0.331,0.34,0,0.405,0.413,0.4,0,0.446,0.654,0.73,0,1,0.594,,,,0.293,0.27,0,0.256,0.449,,,
13301,20100902,-93.15,39.87,0.268,0.24,0,0.274,0.338,0.37,0,0.405,0.417,0.42,0,0.446,0.654,0.7,0,1,0.593,,,,0.303,0.33,0,0.268,0.454,,,
13301,20100903,-93.15,39.87,0.285,0.36,0,0.417,0.347,0.41,0,0.411,0.427,0.47,0,0.446,0.654,0.69,0,1,0.593,,,,0.316,0.41,0,0.411,0.461,,,
13301,20100904,-93.15,39.87,0.3,0.46,0,0.56,0.356,0.46,0,0.554,0.433,0.51,0,0.494,0.654,0.68,0,1,0.593,,,,0.328,0.48,0,0.554,0.467,,,
13301,20100905,-93.15,39.87,0.316,0.57,0,0.702,0.366,0.52,0,0.696,0.439,0.54,0,0.637,0.654,0.67,0,1,0.592,,,,0.341,0.56,0,0.696,0.474,,,
13301,20100906,-93.15,39.87,0.33,0.67,0,0.845,0.377,0.59,0,0.839,0.446,0.59,0,0.78,0.654,0.67,0,1,0.592,,,,0.354,0.64,0,0.839,0.48,,,
13301,20100907,-93.15,39.87,0.342,0.76,0,0.869,0.388,0.67,0,0.982,0.454,0.64,0,0.923,0.653,0.66,0,1,0.592,,,,0.365,0.72,0,0.964,0.486,,,
13301,20100908,-93.15,39.87,0.332,0.7,0,0.738,0.385,0.65,0,0.952,0.452,0.65,0,0.982,0.652,0.66,0,1,0.592,,,,0.358,0.68,0,0.839,0.483,,,
13301,20100909,-93.15,39.87,0.316,0.6,0,0.595,0.375,0.61,0,0.81,0.442,0.61,0,0.839,0.651,0.66,0,1,0.592,,,,0.345,0.61,0,0.696,0.475,,,
13301,20100910,-93.15,39.87,0.298,0.48,0,0.452,0.362,0.55,0,0.667,0.427,0.54,0,0.696,0.651,0.66,0,1,0.592,,,,0.33,0.52,0,0.554,0.466,,,
13301,20100911,-93.15,39.87,0.288,0.42,0,0.357,0.354,0.51,0,0.571,0.418,0.5,0,0.601,0.65,0.67,0,1,0.592,,,,0.321,0.47,0,0.458,0.461,,,
13301,20100912,-93.15,39.87,0.288,0.42,0,0.357,0.349,0.49,0,0.571,0.413,0.49,0,0.571,0.65,0.68,0,1,0.592,,,,0.318,0.45,0,0.458,0.458,,,
13301,20100913,-93.15,39.87,0.285,0.4,0,0.31,0.344,0.47,0,0.494,0.407,0.46,0,0.429,0.65,0.69,0,1,0.592,,,,0.314,0.43,0,0.381,0.455,,,
13301,20100914,-93.15,39.87,0.298,0.48,0,0.345,0.35,0.51,0,0.411,0.41,0.48,0,0.345,0.647,0.69,0,1,0.591,,,,0.324,0.49,0,0.315,0.459,,,
13301,20100915,-93.15,39.87,0.319,0.62,0,0.488,0.368,0.62,0,0.458,0.429,0.59,0,0.363,0.647,0.71,0,1,0.591,,,,0.343,0.61,0,0.458,0.471,,,
13301,20100916,-93.15,39.87,0.336,0.74,0,0.631,0.38,0.69,0,0.601,0.449,0.71,0,0.506,0.647,0.72,0,1,0.591,,,,0.358,0.7,0,0.601,0.481,,,
13301,20100917,-93.15,39.87,0.353,0.85,0,0.774,0.391,0.76,0,0.744,0.465,0.8,0,0.649,0.647,0.74,0,1,0.591,,,,0.372,0.79,0,0.744,0.489,,,
13301,20100918,-93.15,39.87,0.363,0.92,0,0.869,0.4,0.81,0,0.839,0.476,0.86,0,0.744,0.647,0.75,0,1,0.591,,,,0.382,0.85,0,0.839,0.495,,,
13301,20100919,-93.15,39.87,0.368,0.96,0,0.869,0.406,0.85,0,0.839,0.484,0.91,0,0.774,0.647,0.76,0,1,0.591,,,,0.387,0.88,0,0.839,0.499,,,
13301,20100920,-93.15,39.87,0.4,1.17,0,0.917,0.432,1.01,0,0.917,0.506,1.03,0,0.917,0.647,0.77,0,1,0.591,,,,0.416,1.07,0,0.917,0.515,,,
13301,20100921,-93.15,39.87,0.408,1.22,0,1,0.445,1.08,0,1,0.521,1.11,0,1,0.65,0.78,0,1,0.591,,,,0.426,1.13,0,1,0.523,,,
13301,20100922,-93.15,39.87,0.415,1.25,0,1,0.446,1.09,0,1,0.522,1.11,0,1,0.65,0.79,0,1,0.591,,,,0.43,1.16,0,1,0.525,,,
13301,20100923,-93.15,39.87,0.439,1.39,0,1,0.463,1.18,0,1,0.523,1.11,0,1,0.65,0.79,0,1,0.591,,,,0.451,1.28,0,1,0.533,,,
13301,20100924,-93.15,39.87,0.462,1.51,0,1,0.482,1.28,0,1,0.53,1.13,0,1,0.65,0.8,0,1,0.591,,,,0.472,1.39,0,1,0.543,,,
13301,20100925,-93.15,39.87,0.488,1.63,0,1,0.502,1.38,0,1,0.541,1.17,0,1,0.65,0.8,0,1,0.59,,,,0.495,1.51,0,1,0.554,,,
13301,20100926,-93.15,39.87,0.511,1.74,0,1,0.523,1.47,0,1,0.553,1.21,0,1,0.649,0.8,0,1,0.59,,,,0.517,1.62,0,1,0.565,,,
13301,20100927,-93.15,39.87,0.511,1.7,0,1,0.526,1.47,0,1,0.553,1.19,0,1,0.649,0.8,0,1,0.59,,,,0.518,1.6,0,1,0.566,,,
13301,20100928,-93.15,39.87,0.515,1.69,0,1,0.531,1.48,0,1,0.553,1.17,0,1,0.649,0.81,0,1,0.59,,,,0.523,1.61,0,1,0.567,,,
13301,20100929,-93.15,39.87,0.507,1.62,0,1,0.53,1.46,0,1,0.552,1.15,0,1,0.648,0.81,0,1,0.589,,,,0.519,1.57,0,1,0.565,,,
13301,20100930,-93.15,39.87,0.485,1.47,0,1,0.515,1.37,0,1,0.549,1.12,0,1,0.647,0.82,0,1,0.589,,,,0.5,1.45,0,1,0.557,,,
13301,20101001,-93.15,39.87,0.462,1.33,0,1,0.498,1.27,0,1,0.539,1.06,0,1,0.646,0.83,0,1,0.588,,,,0.48,1.33,0,1,0.547,,,
13301,20101002,-93.15,39.87,0.439,1.19,0,1,0.478,1.16,0,1,0.526,0.99,0,1,0.645,0.84,0,1,0.588,,,,0.459,1.2,0,1,0.535,,,
13301,20101003,-93.15,39.87,0.415,1.06,0,1,0.459,1.05,0,1,0.512,0.92,0,1,0.643,0.85,0,1,0.588,,,,0.437,1.08,0,1,0.523,,,
13301,20101004,-93.15,39.87,0.388,0.9,0,1,0.437,0.93,0,1,0.498,0.85,0,1,0.642,0.86,0,1,0.587,,,,0.412,0.93,0,1,0.51,,,
13301,20101005,-93.15,39.87,0.37,0.79,0,1,0.415,0.81,0,1,0.483,0.77,0,1,0.641,0.88,0,1,0.587,,,,0.392,0.82,0,1,0.499,,,
13301,20101006,-93.15,39.87,0.356,0.71,0,1,0.4,0.73,0,1,0.469,0.7,0,1,0.64,0.9,0,1,0.586,,,,0.378,0.72,0,1,0.49,,,
13301,20101007,-93.15,39.87,0.344,0.64,0,1,0.392,0.68,0,1,0.455,0.63,0,1,0.64,0.92,0,1,0.586,,,,0.368,0.66,0,1,0.483,,,
13301,20101008,-93.15,39.87,0.333,0.57,0,0.946,0.385,0.63,0,1,0.449,0.59,0,1,0.639,0.94,0,1,0.585,,,,0.359,0.6,0,0.994,0.478,,,
13301,20101009,-93.15,39.87,0.323,0.5,0,0.804,0.38,0.6,0,1,0.446,0.57,0,1,0.639,0.95,0,1,0.584,,,,0.351,0.55,0,0.97,0.474,,,
13301,20101010,-93.15,39.87,0.313,0.44,0,0.661,0.376,0.57,0,1,0.443,0.54,0,1,0.639,0.97,0,1,0.584,,,,0.344,0.5,0,0.827,0.471,,,
13301,20101011,-93.15,39.87,0.303,0.38,0,0.518,0.373,0.54,0,1,0.44,0.52,0,1,0.639,0.98,0,1,0.583,,,,0.338,0.45,0,0.685,0.467,,,
13301,20101012,-93.15,39.87,0.295,0.32,0,0.375,0.371,0.52,0,1,0.437,0.5,0,1,0.639,1,0,1,0.582,,,,0.333,0.41,0,0.542,0.465,,,
13301,20101013,-93.15,39.87,0.288,0.27,0,0.232,0.368,0.5,0,0.911,0.434,0.49,0,1,0.639,1,0,1,0.582,,,,0.328,0.38,0,0.399,0.462,,,
13301,20101014,-93.15,39.87,0.281,0.21,0,0.089,0.366,0.48,0,0.768,0.431,0.47,0,0.905,0.639,1.01,0,1,0.581,,,,0.323,0.34,0,0.256,0.459,,,
13301,20101015,-93.15,39.87,0.273,0.14,0,0,0.362,0.45,0,0.625,0.428,0.45,0,0.762,0.636,1.01,0,1,0.581,,,,0.317,0.29,0,0.119,0.456,,,
13301,20101016,-93.15,39.87,0.265,0.08,0,0,0.358,0.41,0,0.482,0.423,0.43,0,0.619,0.633,1.01,0,1,0.582,,,,0.311,0.24,0,0,0.452,,,
13301,20101017,-93.15,39.87,0.257,0.02,0,0,0.351,0.37,0,0.339,0.419,0.4,0,0.476,0.63,1,0,1,0.582,,,,0.304,0.19,0,0,0.448,,,
13301,20101018,-93.15,39.87,0.25,-0.04,0,0,0.345,0.32,0,0.196,0.414,0.38,0,0.333,0.627,0.99,0,1,0.582,,,,0.297,0.14,0,0,0.443,,,
13301,20101019,-93.15,39.87,0.24,-0.11,0,0,0.338,0.27,0,0.054,0.408,0.35,0,0.19,0.623,0.98,0,1,0.582,,,,0.289,0.08,0,0,0.438,,,
13301,20101020,-93.15,39.87,0.23,-0.19,0.065,0,0.33,0.21,0,0,0.402,0.32,0,0.048,0.617,0.97,0,1,0.582,,,,0.28,0.01,0,0,0.432,,,
13301,20101021,-93.15,39.87,0.221,-0.26,0.208,0,0.322,0.15,0,0,0.395,0.27,0,0,0.611,0.95,0,1,0.581,,,,0.272,-0.05,0,0,0.426,,,
13301,20101022,-93.15,39.87,0.212,-0.33,0.351,0,0.315,0.08,0,0,0.389,0.23,0,0,0.607,0.93,0,1,0.581,,,,0.264,-0.12,0,0,0.421,,,
13301,20101023,-93.15,39.87,0.207,-0.38,0.482,0,0.309,0.02,0,0,0.382,0.18,0,0,0.602,0.92,0,1,0.58,,,,0.258,-0.18,0,0,0.416,,,
13301,20101024,-93.15,39.87,0.218,-0.35,0.482,0,0.314,0.03,0,0,0.382,0.16,0,0,0.6,0.92,0,1,0.579,,,,0.266,-0.16,0,0,0.419,,,
13301,20101025,-93.15,39.87,0.228,-0.32,0.482,0,0.319,0.04,0,0,0.382,0.14,0,0,0.598,0.92,0,1,0.579,,,,0.273,-0.14,0,0,0.421,,,
13301,20101026,-93.15,39.87,0.238,-0.28,0.482,0,0.323,0.05,0,0,0.381,0.13,0,0,0.595,0.92,0,1,0.578,,,,0.281,-0.12,0,0,0.423,,,
13301,20101027,-93.15,39.87,0.249,-0.24,0.417,0,0.329,0.07,0,0,0.382,0.11,0,0,0.596,0.93,0,1,0.577,,,,0.289,-0.09,0,0,0.426,,,
13301,20101028,-93.15,39.87,0.257,-0.21,0.286,0,0.333,0.09,0,0,0.382,0.11,0,0,0.596,0.93,0,1,0.578,,,,0.295,-0.07,0,0,0.429,,,
13301,20101029,-93.15,39.87,0.264,-0.19,0.268,0,0.338,0.11,0,0,0.383,0.1,0,0,0.596,0.94,0,1,0.577,,,,0.301,-0.05,0,0,0.432,,,
13301,20101030,-93.15,39.87,0.269,-0.19,0.28,0,0.341,0.12,0,0,0.383,0.09,0,0,0.597,0.93,0,1,0.578,,,,0.305,-0.04,0,0,0.433,,,
13301,20101031,-93.15,39.87,0.257,-0.28,0.423,0,0.334,0.08,0,0,0.378,0.05,0,0,0.595,0.92,0,1,0.578,,,,0.295,-0.11,0.006,0,0.428,,,
13301,20101101,-93.15,39.87,0.247,-0.37,0.565,0,0.328,0.03,0,0,0.373,0.01,0,0,0.594,0.9,0,1,0.577,,,,0.287,-0.18,0.149,0,0.424,,,
13301,20101102,-93.15,39.87,0.236,-0.46,0.708,0,0.321,-0.02,0,0,0.369,-0.02,0,0,0.591,0.88,0,1,0.577,,,,0.278,-0.26,0.292,0,0.419,,,
13301,20101103,-93.15,39.87,0.225,-0.56,0.851,0,0.315,-0.08,0,0,0.364,-0.07,0,0,0.589,0.86,0,1,0.577,,,,0.27,-0.34,0.435,0,0.414,,,
13301,20101104,-93.15,39.87,0.217,-0.65,0.982,0,0.309,-0.14,0.048,0,0.36,-0.11,0,0,0.587,0.84,0,1,0.577,,,,0.263,-0.41,0.577,0,0.41,,,
13301,20101105,-93.15,39.87,0.209,-0.73,1,0,0.303,-0.21,0.185,0,0.356,-0.15,0,0,0.585,0.83,0,1,0.577,,,,0.256,-0.49,0.72,0,0.406,,,
13301,20101106,-93.15,39.87,0.202,-0.81,1,0,0.298,-0.27,0.327,0,0.352,-0.19,0,0,0.582,0.83,0,1,0.576,,,,0.25,-0.56,0.863,0,0.402,,,
13301,20101107,-93.15,39.87,0.195,-0.88,1,0,0.293,-0.34,0.47,0,0.348,-0.24,0,0,0.581,0.83,0,1,0.575,,,,0.244,-0.64,1,0,0.398,,,
13301,20101108,-93.15,39.87,0.189,-0.95,1,0,0.288,-0.41,0.613,0,0.344,-0.29,0.054,0,0.579,0.83,0,1,0.574,,,,0.238,-0.72,1,0,0.395,,,
13301,20101109,-93.15,39.87,0.183,-1.02,1,0,0.283,-0.48,0.756,0,0.34,-0.34,0.196,0,0.577,0.83,0,1,0.574,,,,0.233,-0.79,1,0,0.391,,,
13301,20101110,-93.15,39.87,0.179,-1.07,1,0,0.28,-0.55,0.899,0,0.337,-0.4,0.339,0,0.572,0.81,0,1,0.573,,,,0.229,-0.86,1,0,0.388,,,
13301,20101111,-93.15,39.87,0.173,-1.13,1,0,0.276,-0.61,0.994,0,0.334,-0.44,0.482,0,0.567,0.79,0,1,0.572,,,,0.225,-0.93,1,0,0.385,,,
13301,20101112,-93.15,39.87,0.169,-1.18,1,0,0.273,-0.68,1,0,0.332,-0.49,0.625,0,0.563,0.77,0,1,0.572,,,,0.221,-0.99,1,0,0.382,,,
13301,20101113,-93.15,39.87,0.18,-1.08,0.935,0,0.28,-0.58,0.887,0.065,0.335,-0.48,0.655,0,0.562,0.76,0,1,0.571,,,,0.23,-0.89,0.929,0.065,0.386,,,
13301,20101114,-93.15,39.87,0.196,-0.94,0.792,0,0.293,-0.4,0.744,0.208,0.339,-0.45,0.655,0,0.564,0.78,0,1,0.571,,,,0.244,-0.75,0.786,0.065,0.392,,,
13301,20101115,-93.15,39.87,0.21,-0.82,0.649,0,0.303,-0.25,0.601,0.327,0.343,-0.42,0.601,0,0.566,0.78,0,1,0.572,,,,0.256,-0.61,0.643,0.065,0.399,,,
13301,20101116,-93.15,39.87,0.223,-0.69,0.554,0,0.313,-0.11,0.458,0.327,0.347,-0.39,0.458,0,0.568,0.8,0,1,0.571,,,,0.268,-0.48,0.5,0.065,0.405,,,
13301,20101117,-93.15,39.87,0.235,-0.58,0.554,0,0.322,0.03,0.315,0.327,0.35,-0.36,0.315,0,0.572,0.81,0,1,0.571,,,,0.279,-0.35,0.357,0.065,0.41,,,
13301,20101118,-93.15,39.87,0.247,-0.47,0.554,0,0.331,0.16,0.173,0.327,0.353,-0.33,0.173,0,0.574,0.82,0,1,0.57,,,,0.289,-0.23,0.214,0.065,0.415,,,
13301,20101119,-93.15,39.87,0.259,-0.36,0.554,0,0.34,0.29,0.03,0.327,0.357,-0.29,0.03,0,0.575,0.82,0,1,0.57,,,,0.299,-0.12,0.149,0.065,0.42,,,
13301,20101120,-93.15,39.87,0.255,-0.39,0.619,0,0.338,0.27,0,0.262,0.355,-0.31,0,0,0.573,0.8,0,1,0.57,,,,0.297,-0.15,0.22,0,0.418,,,
13301,20101121,-93.15,39.87,0.247,-0.48,0.762,0,0.333,0.18,0,0.119,0.352,-0.34,0,0,0.568,0.77,0,1,0.569,,,,0.29,-0.23,0.363,0,0.414,,,
13301,20101122,-93.15,39.87,0.241,-0.53,0.905,0,0.329,0.11,0,0,0.35,-0.36,0,0,0.563,0.74,0,1,0.569,,,,0.285,-0.28,0.488,0,0.41,,,
13301,20101123,-93.15,39.87,0.24,-0.54,0.97,0,0.326,0.07,0,0,0.349,-0.38,0.006,0,0.557,0.72,0,1,0.568,,,,0.283,-0.3,0.506,0,0.408,,,
13301,20101124,-93.15,39.87,0.238,-0.56,0.97,0,0.323,0.02,0,0,0.348,-0.39,0.036,0,0.553,0.7,0,1,0.568,,,,0.28,-0.32,0.649,0,0.406,,,
13301,20101125,-93.15,39.87,0.237,-0.58,0.97,0,0.321,-0.01,0,0,0.347,-0.4,0.125,0,0.551,0.69,0,1,0.567,,,,0.279,-0.34,0.792,0,0.404,,,
13301,20101126,-93.15,39.87,0.235,-0.6,0.97,0,0.319,-0.05,0,0,0.346,-0.41,0.244,0,0.549,0.68,0,1,0.567,,,,0.277,-0.35,0.857,0,0.403,,,
13301,20101127,-93.15,39.87,0.233,-0.63,0.97,0,0.316,-0.08,0,0,0.344,-0.42,0.387,0,0.547,0.68,0,1,0.567,,,,0.275,-0.37,0.857,0,0.401,,,
13301,20101128,-93.15,39.87,0.232,-0.65,0.97,0,0.314,-0.1,0,0,0.343,-0.43,0.53,0,0.544,0.68,0,1,0.566,,,,0.273,-0.39,0.857,0,0.4,,,
13301,20101129,-93.15,39.87,0.229,-0.68,0.97,0,0.313,-0.13,0,0,0.342,-0.43,0.661,0,0.542,0.68,0,1,0.565,,,,0.271,-0.41,0.875,0,0.398,,,
13301,20101130,-93.15,39.87,0.23,-0.68,0.929,0,0.315,-0.1,0,0.012,0.343,-0.42,0.661,0,0.541,0.69,0,1,0.565,,,,0.272,-0.4,0.923,0,0.399,,,
13301,20101201,-93.15,39.87,0.233,-0.67,0.929,0,0.32,-0.05,0,0.012,0.346,-0.38,0.631,0,0.541,0.69,0,1,0.565,,,,0.276,-0.37,0.78,0,0.401,,,
13301,20101202,-93.15,39.87,0.235,-0.66,0.911,0,0.323,-0.02,0,0.012,0.349,-0.35,0.542,0,0.54,0.7,0,1,0.564,,,,0.279,-0.35,0.637,0,0.402,,,
13301,20101203,-93.15,39.87,0.238,-0.65,0.911,0,0.327,0.02,0,0.012,0.351,-0.32,0.423,0,0.54,0.71,0,1,0.564,,,,0.282,-0.34,0.494,0,0.404,,,
13301,20101204,-93.15,39.87,0.241,-0.64,0.911,0,0.331,0.06,0,0.012,0.354,-0.29,0.286,0,0.539,0.71,0,1,0.563,,,,0.286,-0.32,0.482,0,0.405,,,
13301,20101205,-93.15,39.87,0.245,-0.62,0.893,0,0.334,0.1,0,0.012,0.357,-0.26,0.143,0,0.538,0.7,0,1,0.563,,,,0.289,-0.3,0.464,0,0.407,,,
13301,20101206,-93.15,39.87,0.254,-0.56,0.792,0,0.337,0.12,0,0.012,0.359,-0.23,0.012,0,0.536,0.69,0,0.994,0.562,,,,0.296,-0.26,0.345,0,0.41,,,
13301,20101207,-93.15,39.87,0.257,-0.56,0.851,0,0.336,0.09,0,0,0.359,-0.23,0.006,0,0.534,0.68,0,0.976,0.562,,,,0.296,-0.28,0.31,0,0.409,,,
13301,20101208,-93.15,39.87,0.254,-0.61,0.851,0,0.332,0.04,0,0,0.357,-0.25,0.006,0,0.53,0.66,0,0.899,0.561,,,,0.293,-0.32,0.452,0,0.407,,,
13301,20101209,-93.15,39.87,0.251,-0.65,0.869,0,0.329,-0.01,0,0,0.356,-0.27,0.006,0,0.528,0.64,0,0.786,0.56,,,,0.29,-0.36,0.595,0,0.405,,,
13301,20101210,-93.15,39.87,0.247,-0.69,0.869,0,0.327,-0.05,0,0,0.355,-0.28,0.006,0,0.525,0.61,0,0.643,0.559,,,,0.287,-0.41,0.738,0,0.403,,,
13301,20101211,-93.15,39.87,0.239,-0.76,0.869,0,0.325,-0.08,0,0,0.354,-0.3,0,0,0.522,0.59,0,0.5,0.559,,,,0.282,-0.46,0.75,0,0.4,,,
13301,20101212,-93.15,39.87,0.24,-0.76,0.887,0,0.323,-0.11,0,0,0.353,-0.31,0.042,0,0.52,0.56,0,0.357,0.558,,,,0.281,-0.47,0.768,0,0.399,,,
13301,20101213,-93.15,39.87,0.233,-0.81,0.988,0,0.321,-0.14,0,0,0.352,-0.33,0.173,0,0.519,0.52,0,0.22,0.558,,,,0.277,-0.51,0.887,0,0.396,,,
13301,20101214,-93.15,39.87,0.225,-0.87,1,0,0.318,-0.17,0,0,0.352,-0.35,0.315,0,0.518,0.49,0,0.095,0.557,,,,0.273,-0.54,1,0,0.394,,,
13301,20101215,-93.15,39.87,,,,,0.315,-0.2,0.018,0,0.351,-0.37,0.458,0,0.517,0.46,0,0.03,0.557,,,,,,,,,,,
13301,20101216,-93.15,39.87,,,,,0.313,-0.22,0.065,0,0.351,-0.38,0.601,0,0.516,0.43,0,0,0.556,,,,,,,,,,,
13301,20101217,-93.15,39.87,,,,,0.31,-0.25,0.196,0,0.35,-0.39,0.744,0,0.516,0.41,0,0,0.556,,,,,,,,,,,
13301,20101218,-93.15,39.87,,,,,0.308,-0.28,0.339,0,0.35,-0.4,0.887,0,0.515,0.39,0,0,0.555,,,,,,,,,,,
13301,20101219,-93.15,39.87,,,,,0.306,-0.31,0.482,0,0.349,-0.41,0.988,0,0.514,0.37,0,0,0.554,,,,,,,,,,,
13301,20101220,-93.15,39.87,,,,,0.303,-0.35,0.625,0,0.349,-0.41,1,0,0.514,0.35,0,0,0.554,,,,,,,,,,,
13301,20101221,-93.15,39.87,,,,,0.303,-0.37,0.768,0,0.348,-0.41,1,0,0.513,0.33,0,0,0.553,,,,,,,,,,,
13301,20101222,-93.15,39.87,,,,,0.304,-0.38,0.893,0,0.348,-0.42,1,0,0.513,0.31,0,0,0.553,,,,,,,,,,,
13301,20101223,-93.15,39.87,,,,,0.304,-0.39,0.988,0,0.348,-0.42,1,0,0.513,0.29,0,0,0.552,,,,,,,,,,,
13301,20101224,-93.15,39.87,,,,,0.305,-0.4,1,0,0.349,-0.43,1,0,0.512,0.28,0,0,0.552,,,,,,,,,,,
13301,20101225,-93.15,39.87,0.212,-1.19,1,0,0.306,-0.41,1,0,0.349,-0.44,1,0,0.512,0.26,0,0,0.551,,,,0.259,-0.8,1,0,0.386,,,
13301,20101226,-93.15,39.87,0.219,-1.15,1,0,0.307,-0.41,1,0,0.349,-0.45,1,0,0.512,0.26,0,0,0.551,,,,0.263,-0.79,1,0,0.388,,,
13301,20101227,-93.15,39.87,0.228,-1.1,1,0,0.308,-0.42,1,0,0.349,-0.46,1,0,0.512,0.25,0,0,0.551,,,,0.268,-0.77,1,0,0.39,,,
13301,20101228,-93.15,39.87,0.237,-1.05,1,0,0.309,-0.42,1,0,0.35,-0.47,1,0,0.512,0.25,0,0,0.551,,,,0.273,-0.76,1,0,0.392,,,
13301,20101229,-93.15,39.87,0.246,-1.01,1,0,0.309,-0.43,1,0,0.35,-0.49,1,0,0.512,0.25,0,0,0.551,,,,0.278,-0.74,1,0,0.394,,,
13301,20101230,-93.15,39.87,0.261,-0.91,0.982,0,0.314,-0.41,0.923,0,0.352,-0.48,0.94,0,0.512,0.26,0,0,0.551,,,,0.287,-0.69,0.958,0,0.398,,,
13301,20101231,-93.15,39.87,0.275,-0.83,0.982,0,0.321,-0.36,0.78,0,0.358,-0.46,0.798,0,0.514,0.27,0,0,0.551,,,,0.298,-0.62,0.958,0,0.404,,,
13301,20110101,-93.15,39.87,0.288,-0.74,0.976,0,0.331,-0.3,0.637,0,0.367,-0.4,0.655,0,0.522,0.32,0,0.125,0.551,,,,0.31,-0.54,0.911,0,0.412,,,
13301,20110102,-93.15,39.87,0.295,-0.71,0.976,0,0.338,-0.26,0.494,0,0.375,-0.36,0.512,0,0.533,0.39,0,0.268,0.551,,,,0.316,-0.5,0.911,0,0.418,,,
13301,20110103,-93.15,39.87,0.295,-0.73,0.976,0,0.344,-0.23,0.351,0,0.382,-0.32,0.369,0,0.543,0.46,0,0.411,0.551,,,,0.32,-0.48,0.911,0,0.423,,,
13301,20110104,-93.15,39.87,0.294,-0.75,0.976,0,0.35,-0.2,0.208,0,0.389,-0.28,0.226,0,0.553,0.53,0,0.554,0.551,,,,0.322,-0.47,0.911,0,0.427,,,
13301,20110105,-93.15,39.87,0.293,-0.76,0.976,0,0.355,-0.16,0.095,0,0.395,-0.24,0.095,0,0.562,0.59,0,0.696,0.551,,,,0.324,-0.45,0.911,0,0.431,,,
13301,20110106,-93.15,39.87,0.288,-0.81,0.994,0,0.356,-0.17,0.167,0,0.398,-0.22,0.012,0,0.568,0.63,0,0.839,0.551,,,,0.322,-0.47,0.949,0,0.433,,,
13301,20110107,-93.15,39.87,0.283,-0.85,0.994,0,0.353,-0.21,0.31,0,0.399,-0.22,0.012,0,0.572,0.66,0,0.976,0.551,,,,0.318,-0.51,0.949,0,0.432,,,
13301,20110108,-93.15,39.87,0.276,-0.9,1,0,0.347,-0.26,0.452,0,0.395,-0.26,0.012,0,0.569,0.65,0,0.988,0.55,,,,0.312,-0.56,1,0,0.428,,,
13301,20110109,-93.15,39.87,0.27,-0.95,1,0,0.344,-0.29,0.595,0,0.393,-0.28,0.012,0,0.564,0.61,0,0.935,0.549,,,,0.308,-0.6,1,0,0.425,,,
13301,20110110,-93.15,39.87,,,,,0.343,-0.3,0.667,0,0.391,-0.3,0.089,0,0.559,0.58,0,0.899,0.548,,,,,,,,,,,
13301,20110111,-93.15,39.87,,,,,0.342,-0.32,0.804,0,0.39,-0.31,0.232,0,0.553,0.54,0,0.857,0.548,,,,,,,,,,,
13301,20110112,-93.15,39.87,,,,,0.34,-0.35,0.917,0,0.389,-0.33,0.363,0,0.549,0.51,0,0.78,0.547,,,,,,,,,,,
13301,20110113,-93.15,39.87,,,,,0.34,-0.36,0.923,0,0.388,-0.35,0.506,0,0.547,0.49,0,0.685,0.547,,,,,,,,,,,
13301,20110114,-93.15,39.87,,,,,0.338,-0.38,0.923,0,0.387,-0.37,0.649,0,0.545,0.47,0,0.56,0.547,,,,,,,,,,,
13301,20110115,-93.15,39.87,,,,,0.337,-0.4,0.923,0,0.386,-0.39,0.792,0,0.544,0.44,0,0.429,0.547,,,,,,,,,,,
13301,20110116,-93.15,39.87,,,,,0.336,-0.41,0.923,0,0.385,-0.41,0.935,0,0.543,0.4,0,0.339,0.547,,,,,,,,,,,
13301,20110117,-93.15,39.87,,,,,0.333,-0.44,0.994,0,0.384,-0.42,1,0,0.542,0.34,0,0.232,0.547,,,,,,,,,,,
13301,20110118,-93.15,39.87,,,,,0.332,-0.45,1,0,0.386,-0.42,0.923,0,0.543,0.3,0,0.131,0.547,,,,,,,,,,,
13301,20110119,-93.15,39.87,,,,,0.336,-0.43,1,0,0.389,-0.41,0.78,0,0.546,0.27,0,0.065,0.547,,,,,,,,,,,
13301,20110120,-93.15,39.87,,,,,0.337,-0.42,1,0,0.391,-0.39,0.667,0,0.547,0.24,0,0.018,0.546,,,,,,,,,,,
13301,20110121,-93.15,39.87,,,,,0.34,-0.41,1,0,0.393,-0.38,0.631,0,0.548,0.2,0,0.006,0.546,,,,,,,,,,,
13301,20110122,-93.15,39.87,0.291,-0.82,1,0,0.343,-0.39,1,0,0.395,-0.36,0.631,0,0.55,0.18,0,0,0.546,,,,0.318,-0.65,1,0,0.426,,,
13301,20110123,-93.15,39.87,0.292,-0.82,1,0,0.345,-0.38,1,0,0.396,-0.35,0.631,0,0.551,0.18,0,0,0.546,,,,0.318,-0.64,1,0,0.426,,,
13301,20110124,-93.15,39.87,0.298,-0.77,1,0,0.348,-0.37,1,0,0.398,-0.34,0.631,0,0.552,0.19,0,0.006,0.546,,,,0.323,-0.61,1,0,0.428,,,
13301,20110125,-93.15,39.87,0.3,-0.75,1,0,0.349,-0.38,1,0,0.397,-0.35,0.708,0,0.552,0.19,0,0.006,0.546,,,,0.324,-0.61,1,0,0.429,,,
13301,20110126,-93.15,39.87,0.298,-0.77,1,0,0.348,-0.4,1,0,0.395,-0.37,0.851,0,0.55,0.18,0,0.006,0.546,,,,0.323,-0.63,1,0,0.427,,,
13301,20110127,-93.15,39.87,0.298,-0.77,1,0,0.347,-0.43,1,0,0.394,-0.38,0.964,0,0.549,0.16,0,0.006,0.546,,,,0.323,-0.65,1,0,0.427,,,
13301,20110128,-93.15,39.87,0.298,-0.77,1,0,0.348,-0.44,1,0,0.393,-0.4,1,0,0.547,0.15,0,0.006,0.545,,,,0.323,-0.66,1,0,0.426,,,
13301,20110129,-93.15,39.87,0.299,-0.77,1,0,0.348,-0.46,1,0,0.393,-0.42,1,0,0.546,0.14,0,0.006,0.545,,,,0.324,-0.67,1,0,0.426,,,
13301,20110130,-93.15,39.87,0.293,-0.82,1,0,0.349,-0.48,1,0,0.393,-0.43,1,0,0.546,0.14,0,0.006,0.545,,,,0.321,-0.71,1,0,0.425,,,
13301,20110131,-93.15,39.87,0.284,-0.88,1,0,0.351,-0.49,1,0,0.393,-0.45,1,0,0.545,0.13,0,0,0.545,,,,0.317,-0.75,1,0,0.423,,,
13301,20110201,-93.15,39.87,0.275,-0.94,1,0,0.352,-0.5,1,0,0.393,-0.47,1,0,0.544,0.12,0,0,0.545,,,,0.314,-0.79,1,0,0.422,,,
13301,20110202,-93.15,39.87,0.275,-0.93,1,0,0.354,-0.52,1,0,0.393,-0.49,1,0,0.543,0.11,0,0,0.545,,,,0.315,-0.79,1,0,0.422,,,
13301,20110203,-93.15,39.87,0.265,-1.01,1,0,0.355,-0.53,1,0,0.393,-0.51,1,0,0.543,0.1,0,0,0.545,,,,0.31,-0.84,1,0,0.42,,,
13301,20110204,-93.15,39.87,0.254,-1.08,1,0,0.356,-0.55,1,0,0.394,-0.52,1,0,0.542,0.1,0,0,0.545,,,,0.305,-0.88,1,0,0.418,,,
13301,20110205,-93.15,39.87,0.242,-1.17,1,0,0.356,-0.57,1,0,0.395,-0.54,1,0,0.542,0.09,0,0,0.545,,,,0.299,-0.93,1,0,0.416,,,
13301,20110206,-93.15,39.87,0.238,-1.21,1,0,0.356,-0.59,1,0,0.395,-0.57,1,0,0.539,0.06,0,0,0.545,,,,0.297,-0.96,1,0,0.414,,,
13301,20110207,-93.15,39.87,0.236,-1.23,1,0,0.355,-0.62,1,0,0.396,-0.59,1,0,0.536,0.02,0,0,0.544,,,,0.295,-0.98,1,0,0.413,,,
13301,20110208,-93.15,39.87,0.234,-1.26,1,0,0.354,-0.64,1,0,0.396,-0.62,1,0,0.532,-0.02,0,0,0.544,,,,0.294,-1,1,0,0.412,,,
13301,20110209,-93.15,39.87,0.224,-1.36,1,0,0.354,-0.66,1,0,0.396,-0.66,1,0,0.528,-0.06,0,0,0.544,,,,0.289,-1.07,1,0,0.409,,,
13301,20110210,-93.15,39.87,0.224,-1.39,1,0,0.354,-0.69,1,0,0.396,-0.69,1,0,0.525,-0.1,0,0,0.544,,,,0.289,-1.1,1,0,0.408,,,
13301,20110211,-93.15,39.87,0.223,-1.42,1,0,0.353,-0.71,1,0,0.396,-0.72,1,0,0.521,-0.14,0,0,0.544,,,,0.288,-1.13,1,0,0.407,,,
13301,20110212,-93.15,39.87,0.222,-1.45,1,0,0.353,-0.73,1,0,0.396,-0.75,1,0,0.517,-0.18,0,0,0.544,,,,0.288,-1.16,1,0,0.406,,,
13301,20110213,-93.15,39.87,0.223,-1.47,1,0,0.353,-0.74,1,0,0.396,-0.78,1,0,0.516,-0.2,0,0,0.544,,,,0.288,-1.18,1,0,0.406,,,
13301,20110214,-93.15,39.87,0.228,-1.44,1,0,0.356,-0.73,1,0,0.398,-0.78,1,0,0.516,-0.2,0,0,0.544,,,,0.292,-1.16,1,0,0.408,,,
13301,20110215,-93.15,39.87,0.235,-1.39,1,0,0.361,-0.69,0.946,0,0.402,-0.74,1,0,0.521,-0.15,0,0.06,0.543,,,,0.298,-1.11,1,0,0.412,,,
13301,20110216,-93.15,39.87,0.253,-1.24,0.952,0.024,0.378,-0.54,0.833,0.083,0.416,-0.59,0.893,0.06,0.53,-0.04,0,0.202,0.543,,,,0.315,-0.96,0.911,0.036,0.424,,,
13301,20110217,-93.15,39.87,0.305,-0.81,0.81,0.167,0.402,-0.31,0.69,0.226,0.434,-0.38,0.75,0.202,0.541,0.08,0,0.345,0.543,,,,0.353,-0.61,0.768,0.179,0.445,,,
13301,20110218,-93.15,39.87,0.359,-0.36,0.667,0.31,0.427,-0.07,0.548,0.369,0.453,-0.16,0.607,0.345,0.552,0.21,0,0.488,0.543,,,,0.393,-0.25,0.625,0.321,0.467,,,
13301,20110219,-93.15,39.87,0.402,0.01,0.524,0.452,0.452,0.18,0.405,0.512,0.472,0.08,0.464,0.488,0.564,0.35,0,0.631,0.542,,,,0.427,0.08,0.482,0.464,0.487,,,
13301,20110220,-93.15,39.87,0.438,0.31,0.381,0.595,0.478,0.43,0.262,0.655,0.491,0.31,0.321,0.631,0.576,0.5,0,0.774,0.542,,,,0.458,0.38,0.339,0.607,0.505,,,
13301,20110221,-93.15,39.87,0.468,0.57,0.238,0.738,0.501,0.66,0.119,0.798,0.509,0.53,0.179,0.774,0.589,0.64,0,0.917,0.542,,,,0.484,0.64,0.196,0.75,0.522,,,
13301,20110222,-93.15,39.87,0.493,0.79,0.096,0.843,0.519,0.86,0.03,0.94,0.523,0.72,0.036,0.916,0.596,0.71,0,1,0.543,,,,0.506,0.86,0.054,0.892,0.535,,,
13301,20110223,-93.15,39.87,0.501,0.86,0,0.819,0.522,0.9,0,1,0.529,0.8,0,1,0.599,0.73,0,1,0.543,,,,0.512,0.92,0,0.97,0.539,,,
13301,20110224,-93.15,39.87,0.475,0.65,0,0.675,0.515,0.84,0,0.958,0.53,0.83,0,1,0.601,0.74,0,1,0.544,,,,0.495,0.79,0,0.825,0.533,,,
13301,20110225,-93.15,39.87,0.446,0.42,0,0.53,0.502,0.73,0,0.813,0.531,0.84,0,1,0.603,0.72,0,1,0.544,,,,0.474,0.61,0,0.681,0.525,,,
13301,20110226,-93.15,39.87,0.427,0.26,0,0.386,0.488,0.59,0,0.669,0.531,0.85,0,1,0.604,0.7,0,1,0.545,,,,0.457,0.46,0,0.536,0.519,,,
13301,20110227,-93.15,39.87,0.414,0.16,0,0.241,0.473,0.45,0,0.524,0.531,0.85,0,1,0.604,0.66,0,1,0.545,,,,0.444,0.33,0,0.392,0.514,,,
13301,20110228,-93.15,39.87,0.418,0.18,0,0.187,0.467,0.38,0,0.476,0.531,0.85,0,1,0.605,0.63,0,1,0.546,,,,0.442,0.31,0,0.343,0.513,,,
13301,20110301,-93.15,39.87,0.437,0.34,0,0.232,0.466,0.36,0,0.482,0.532,0.84,0,1,0.605,0.6,0,1,0.546,,,,0.451,0.38,0,0.351,0.517,,,
13301,20110302,-93.15,39.87,0.459,0.51,0,0.375,0.469,0.37,0,0.482,0.532,0.82,0,1,0.605,0.58,0,1,0.546,,,,0.464,0.47,0,0.381,0.522,,,
13301,20110303,-93.15,39.87,0.47,0.6,0,0.518,0.475,0.41,0,0.524,0.533,0.8,0,1,0.605,0.55,0,1,0.546,,,,0.473,0.54,0,0.524,0.526,,,
13301,20110304,-93.15,39.87,0.48,0.67,0,0.661,0.485,0.51,0,0.667,0.535,0.79,0,1,0.606,0.54,0,1,0.546,,,,0.483,0.62,0,0.667,0.53,,,
13301,20110305,-93.15,39.87,0.502,0.84,0,0.804,0.498,0.63,0,0.81,0.536,0.79,0,1,0.606,0.53,0,1,0.546,,,,0.5,0.77,0,0.81,0.538,,,
13301,20110306,-93.15,39.87,0.528,1.06,0,0.946,0.511,0.75,0,0.952,0.538,0.79,0,1,0.606,0.53,0,1,0.546,,,,0.52,0.94,0,0.952,0.546,,,
13301,20110307,-93.15,39.87,0.529,1.05,0,1,0.516,0.8,0,1,0.54,0.78,0,1,0.607,0.52,0,1,0.546,,,,0.523,0.96,0,1,0.548,,,
13301,20110308,-93.15,39.87,0.515,0.93,0,1,0.518,0.82,0,1,0.541,0.77,0,1,0.607,0.52,0,1,0.546,,,,0.517,0.9,0,1,0.545,,,
13301,20110309,-93.15,39.87,0.513,0.9,0,1,0.52,0.83,0,1,0.541,0.77,0,1,0.607,0.51,0,1,0.546,,,,0.516,0.89,0,1,0.545,,,
13301,20110310,-93.15,39.87,0.527,0.99,0,1,0.521,0.84,0,1,0.542,0.76,0,1,0.607,0.51,0,1,0.546,,,,0.524,0.94,0,1,0.549,,,
13301,20110311,-93.15,39.87,0.539,1.06,0,1,0.522,0.85,0,1,0.543,0.74,0,1,0.608,0.5,0,1,0.546,,,,0.53,0.97,0,1,0.551,,,
13301,20110312,-93.15,39.87,0.531,0.97,0,0.946,0.522,0.84,0,1,0.543,0.72,0,1,0.608,0.49,0,1,0.546,,,,0.527,0.92,0,1,0.55,,,
13301,20110313,-93.15,39.87,0.515,0.81,0,0.804,0.522,0.82,0,1,0.543,0.69,0,1,0.608,0.48,0,1,0.546,,,,0.518,0.82,0,0.935,0.547,,,
13301,20110314,-93.15,39.87,0.504,0.7,0,0.661,0.518,0.77,0,0.952,0.543,0.66,0,1,0.608,0.47,0,1,0.546,,,,0.511,0.73,0,0.792,0.544,,,
13301,20110315,-93.15,39.87,0.496,0.61,0,0.518,0.51,0.67,0,0.81,0.544,0.63,0,1,0.609,0.47,0,1,0.546,,,,0.503,0.63,0,0.649,0.541,,,
13301,20110316,-93.15,39.87,0.474,0.42,0,0.375,0.498,0.54,0,0.667,0.543,0.6,0,1,0.609,0.47,0,1,0.546,,,,0.486,0.46,0,0.506,0.534,,,
13301,20110317,-93.15,39.87,0.448,0.2,0,0.232,0.485,0.39,0,0.524,0.541,0.54,0,0.911,0.609,0.47,0,1,0.546,,,,0.466,0.28,0,0.363,0.526,,,
13301,20110318,-93.15,39.87,0.43,0.06,0,0.093,0.472,0.26,0,0.398,0.539,0.49,0,0.801,0.61,0.47,0,1,0.546,,,,0.451,0.14,0,0.23,0.519,,,
13301,20110319,-93.15,39.87,0.419,-0.04,0,0,0.456,0.1,0,0.248,0.53,0.36,0.012,0.652,0.611,0.47,0,1,0.546,,,,0.438,0.02,0,0.081,0.512,,,
13301,20110320,-93.15,39.87,0.414,-0.08,0,0,0.446,-0.01,0.025,0.099,0.524,0.27,0.062,0.503,0.612,0.48,0,1,0.546,,,,0.43,-0.06,0,0,0.508,,,
13301,20110321,-93.15,39.87,0.414,-0.08,0,0,0.443,-0.03,0.025,0,0.523,0.24,0.062,0.398,0.613,0.49,0,1,0.547,,,,0.429,-0.07,0,0,0.508,,,
13301,20110322,-93.15,39.87,0.416,-0.07,0,0,0.44,-0.07,0.025,0,0.522,0.22,0.062,0.348,0.614,0.5,0,1,0.547,,,,0.428,-0.08,0,0,0.508,,,
13301,20110323,-93.15,39.87,0.421,-0.05,0,0,0.441,-0.06,0.025,0,0.52,0.18,0.062,0.217,0.616,0.52,0,1,0.548,,,,0.431,-0.06,0,0,0.509,,,
13301,20110324,-93.15,39.87,0.427,-0.01,0,0,0.448,0.01,0.025,0.05,0.523,0.2,0.062,0.248,0.617,0.54,0,1,0.548,,,,0.437,-0.01,0,0,0.512,,,
13301,20110325,-93.15,39.87,0.426,-0.02,0,0,0.448,0.01,0.024,0.048,0.524,0.2,0.06,0.244,0.619,0.55,0,1,0.549,,,,0.437,-0.01,0,0,0.513,,,
13301,20110326,-93.15,39.87,0.44,0.09,0,0.089,0.458,0.11,0.024,0.137,0.533,0.3,0.048,0.333,0.619,0.56,0,1,0.55,,,,0.449,0.1,0,0.089,0.52,,,
13301,20110327,-93.15,39.87,0.456,0.24,0,0.232,0.468,0.21,0,0.28,0.538,0.36,0,0.458,0.62,0.56,0,1,0.551,,,,0.462,0.22,0,0.232,0.527,,,
13301,20110328,-93.15,39.87,0.462,0.29,0,0.268,0.474,0.29,0,0.423,0.539,0.37,0,0.548,0.62,0.55,0,1,0.551,,,,0.468,0.28,0,0.375,0.529,,,
13301,20110329,-93.15,39.87,0.466,0.33,0,0.268,0.484,0.39,0,0.565,0.539,0.39,0,0.595,0.62,0.55,0,1,0.551,,,,0.475,0.36,0,0.44,0.532,,,
13301,20110330,-93.15,39.87,0.467,0.35,0,0.268,0.487,0.44,0,0.583,0.541,0.44,0,0.72,0.62,0.54,0,1,0.551,,,,0.477,0.39,0,0.44,0.533,,,
13301,20110331,-93.15,39.87,0.466,0.35,0,0.268,0.483,0.41,0,0.536,0.54,0.45,0,0.78,0.619,0.53,0,1,0.551,,,,0.474,0.38,0,0.44,0.532,,,
13301,20110401,-93.15,39.87,0.467,0.36,0,0.268,0.483,0.43,0,0.536,0.539,0.47,0,0.857,0.618,0.51,0,1,0.551,,,,0.475,0.4,0,0.44,0.531,,,
13301,20110402,-93.15,39.87,0.453,0.26,0,0.179,0.473,0.35,0,0.446,0.531,0.41,0,0.768,0.618,0.5,0,1,0.551,,,,0.463,0.3,0,0.351,0.525,,,
13301,20110403,-93.15,39.87,0.434,0.1,0,0.036,0.457,0.21,0,0.304,0.52,0.31,0.077,0.643,0.618,0.5,0,1,0.55,,,,0.446,0.15,0,0.208,0.516,,,
13301,20110404,-93.15,39.87,0.43,0.07,0,0.048,0.445,0.11,0,0.208,0.512,0.25,0.161,0.56,0.618,0.49,0,1,0.55,,,,0.437,0.09,0,0.113,0.511,,,
13301,20110405,-93.15,39.87,0.429,0.07,0,0.095,0.444,0.11,0,0.196,0.511,0.28,0.161,0.56,0.618,0.49,0,1,0.55,,,,0.437,0.1,0,0.161,0.511,,,
13301,20110406,-93.15,39.87,0.427,0.07,0,0.095,0.439,0.08,0,0.179,0.51,0.3,0.161,0.56,0.619,0.49,0,1,0.55,,,,0.433,0.08,0,0.161,0.509,,,
13301,20110407,-93.15,39.87,0.425,0.06,0,0.095,0.435,0.05,0,0.179,0.502,0.23,0.161,0.417,0.619,0.49,0,1,0.55,,,,0.43,0.07,0,0.161,0.506,,,
13301,20110408,-93.15,39.87,0.43,0.11,0,0.173,0.439,0.11,0,0.256,0.5,0.24,0.161,0.423,0.62,0.49,0,1,0.55,,,,0.435,0.13,0,0.238,0.508,,,
13301,20110409,-93.15,39.87,0.447,0.3,0,0.315,0.453,0.27,0,0.399,0.508,0.36,0.161,0.565,0.621,0.49,0,1,0.551,,,,0.45,0.29,0,0.381,0.516,,,
13301,20110410,-93.15,39.87,0.467,0.51,0,0.458,0.469,0.45,0,0.542,0.52,0.52,0.083,0.708,0.622,0.49,0,1,0.551,,,,0.468,0.49,0,0.524,0.526,,,
13301,20110411,-93.15,39.87,0.473,0.58,0,0.554,0.48,0.59,0,0.637,0.529,0.65,0,0.804,0.623,0.5,0,1,0.552,,,,0.476,0.59,0,0.619,0.531,,,
13301,20110412,-93.15,39.87,0.471,0.58,0,0.619,0.474,0.57,0,0.577,0.53,0.67,0,0.804,0.624,0.51,0,1,0.553,,,,0.472,0.58,0,0.607,0.53,,,
13301,20110413,-93.15,39.87,0.47,0.6,0,0.619,0.471,0.56,0,0.577,0.522,0.61,0,0.696,0.625,0.51,0,1,0.554,,,,0.47,0.58,0,0.607,0.528,,,
13301,20110414,-93.15,39.87,0.469,0.62,0,0.619,0.47,0.58,0,0.577,0.52,0.6,0,0.696,0.626,0.52,0,1,0.554,,,,0.47,0.6,0,0.607,0.528,,,
13301,20110415,-93.15,39.87,0.462,0.57,0,0.548,0.462,0.52,0,0.5,0.512,0.53,0,0.607,0.627,0.52,0,1,0.555,,,,0.462,0.54,0,0.536,0.524,,,
13301,20110416,-93.15,39.87,0.464,0.62,0,0.548,0.461,0.57,0,0.5,0.511,0.54,0,0.607,0.628,0.53,0,1,0.556,,,,0.463,0.6,0,0.536,0.524,,,
13301,20110417,-93.15,39.87,0.466,0.65,0,0.548,0.461,0.62,0,0.5,0.511,0.57,0,0.607,0.629,0.54,0,1,0.557,,,,0.463,0.65,0,0.536,0.524,,,
13301,20110418,-93.15,39.87,0.469,0.7,0,0.548,0.461,0.67,0,0.5,0.51,0.58,0,0.607,0.629,0.54,0,1,0.557,,,,0.465,0.7,0,0.536,0.525,,,
13301,20110419,-93.15,39.87,0.471,0.73,0,0.577,0.466,0.75,0,0.571,0.511,0.61,0,0.607,0.629,0.54,0,1,0.558,,,,0.469,0.76,0,0.577,0.527,,,
13301,20110420,-93.15,39.87,0.479,0.81,0,0.72,0.48,0.91,0,0.714,0.52,0.73,0,0.714,0.629,0.55,0,1,0.558,,,,0.48,0.88,0,0.72,0.533,,,
13301,20110421,-93.15,39.87,0.485,0.88,0,0.863,0.492,1.05,0,0.857,0.531,0.88,0,0.857,0.629,0.56,0,1,0.559,,,,0.488,0.98,0,0.863,0.539,,,
13301,20110422,-93.15,39.87,0.492,0.95,0,1,0.502,1.17,0,1,0.544,1.04,0,1,0.629,0.57,0,1,0.559,,,,0.497,1.08,0,1,0.545,,,
13301,20110423,-93.15,39.87,0.49,0.9,0,1,0.503,1.17,0,1,0.545,1.06,0,1,0.629,0.58,0,1,0.559,,,,0.496,1.05,0,1,0.545,,,
13301,20110424,-93.15,39.87,0.488,0.87,0,1,0.503,1.16,0,1,0.546,1.07,0,1,0.628,0.59,0,1,0.559,,,,0.495,1.02,0,1,0.545,,,
13301,20110425,-93.15,39.87,0.487,0.86,0,1,0.503,1.15,0,1,0.547,1.09,0,1,0.628,0.6,0,1,0.559,,,,0.495,1.01,0,1,0.545,,,
13301,20110426,-93.15,39.87,0.496,0.94,0,1,0.506,1.19,0,1,0.547,1.1,0,1,0.628,0.62,0,1,0.559,,,,0.501,1.07,0,1,0.547,,,
13301,20110427,-93.15,39.87,0.505,1.02,0,1,0.506,1.2,0,1,0.547,1.11,0,1,0.628,0.63,0,1,0.559,,,,0.506,1.11,0,1,0.549,,,
13301,20110428,-93.15,39.87,0.518,1.14,0,1,0.511,1.25,0,1,0.548,1.13,0,1,0.629,0.64,0,1,0.559,,,,0.515,1.2,0,1,0.553,,,
13301,20110429,-93.15,39.87,0.521,1.18,0,1,0.515,1.28,0,1,0.549,1.15,0,1,0.629,0.66,0,1,0.559,,,,0.518,1.24,0,1,0.555,,,
13301,20110430,-93.15,39.87,0.508,1.08,0,1,0.504,1.18,0,1,0.544,1.11,0,1,0.63,0.68,0,1,0.559,,,,0.506,1.14,0,1,0.549,,,
13301,20110501,-93.15,39.87,0.491,0.94,0,1,0.49,1.03,0,0.887,0.533,0.98,0,0.929,0.63,0.71,0,1,0.559,,,,0.49,1,0,1,0.54,,,
13301,20110502,-93.15,39.87,0.478,0.85,0,0.97,0.473,0.87,0,0.744,0.519,0.84,0,0.786,0.631,0.73,0,1,0.559,,,,0.476,0.88,0,0.911,0.532,,,
13301,20110503,-93.15,39.87,0.462,0.72,0,0.833,0.457,0.71,0,0.601,0.505,0.68,0,0.643,0.632,0.76,0,1,0.559,,,,0.459,0.74,0,0.768,0.523,,,
13301,20110504,-93.15,39.87,0.438,0.54,0,0.69,0.439,0.54,0,0.458,0.489,0.52,0,0.5,0.632,0.79,0,1,0.56,,,,0.438,0.56,0,0.625,0.512,,,
13301,20110505,-93.15,39.87,0.41,0.32,0,0.548,0.42,0.37,0,0.315,0.473,0.35,0,0.357,0.632,0.82,0,1,0.56,,,,0.415,0.36,0,0.482,0.499,,,
13301,20110506,-93.15,39.87,0.396,0.22,0,0.405,0.404,0.23,0,0.173,0.458,0.19,0,0.214,0.633,0.84,0,1,0.56,,,,0.4,0.24,0,0.339,0.49,,,
13301,20110507,-93.15,39.87,0.386,0.14,0,0.262,0.397,0.16,0,0.03,0.446,0.08,0,0.071,0.633,0.86,0,1,0.561,,,,0.391,0.17,0,0.196,0.485,,,
13301,20110508,-93.15,39.87,0.373,0.05,0,0.119,0.393,0.13,0,0,0.441,0.03,0,0,0.633,0.87,0,1,0.561,,,,0.383,0.1,0,0.054,0.48,,,
13301,20110509,-93.15,39.87,0.358,-0.05,0.012,0.006,0.388,0.09,0,0,0.437,0,0,0,0.631,0.86,0,1,0.561,,,,0.373,0.02,0,0,0.475,,,
13301,20110510,-93.15,39.87,0.341,-0.16,0.125,0,0.382,0.05,0,0,0.433,-0.04,0,0,0.628,0.84,0,1,0.561,,,,0.362,-0.06,0,0,0.469,,,
13301,20110511,-93.15,39.87,0.323,-0.27,0.268,0,0.375,-0.01,0,0,0.429,-0.07,0,0,0.624,0.82,0,1,0.561,,,,0.349,-0.15,0.125,0,0.463,,,
13301,20110512,-93.15,39.87,0.307,-0.37,0.411,0,0.366,-0.08,0,0,0.424,-0.12,0,0,0.621,0.8,0,1,0.561,,,,0.337,-0.24,0.268,0,0.456,,,
13301,20110513,-93.15,39.87,0.283,-0.51,0.554,0,0.355,-0.16,0.107,0,0.417,-0.18,0,0,0.618,0.78,0,1,0.562,,,,0.319,-0.37,0.411,0,0.447,,,
13301,20110514,-93.15,39.87,0.259,-0.66,0.696,0,0.342,-0.25,0.25,0,0.409,-0.24,0.054,0,0.614,0.76,0,1,0.563,,,,0.301,-0.5,0.554,0,0.438,,,
13301,20110515,-93.15,39.87,0.24,-0.78,0.839,0,0.33,-0.35,0.393,0,0.401,-0.3,0.19,0,0.611,0.75,0,1,0.563,,,,0.285,-0.61,0.696,0,0.429,,,
13301,20110516,-93.15,39.87,0.241,-0.77,0.863,0,0.321,-0.4,0.435,0,0.397,-0.33,0.232,0,0.612,0.79,0,1,0.564,,,,0.281,-0.63,0.732,0,0.427,,,
13301,20110517,-93.15,39.87,0.247,-0.73,0.75,0,0.315,-0.45,0.435,0,0.394,-0.36,0.232,0,0.616,0.85,0,1,0.564,,,,0.281,-0.63,0.732,0,0.427,,,
13301,20110518,-93.15,39.87,0.254,-0.69,0.679,0,0.311,-0.48,0.44,0,0.391,-0.38,0.232,0,0.617,0.88,0,1,0.564,,,,0.282,-0.62,0.696,0,0.427,,,
13301,20110519,-93.15,39.87,0.259,-0.66,0.679,0,0.308,-0.5,0.458,0,0.388,-0.39,0.232,0,0.614,0.89,0,1,0.565,,,,0.284,-0.61,0.696,0,0.427,,,
13301,20110520,-93.15,39.87,0.265,-0.62,0.679,0,0.308,-0.5,0.393,0,0.387,-0.4,0.232,0,0.611,0.89,0,1,0.565,,,,0.286,-0.59,0.696,0,0.427,,,
13301,20110521,-93.15,39.87,0.287,-0.48,0.565,0,0.314,-0.46,0.286,0,0.39,-0.38,0.179,0,0.613,0.93,0,1,0.565,,,,0.3,-0.49,0.583,0,0.434,,,
13301,20110522,-93.15,39.87,0.312,-0.33,0.423,0.006,0.325,-0.38,0.143,0.012,0.397,-0.33,0.042,0.006,0.617,0.98,0,1,0.565,,,,0.319,-0.37,0.44,0.006,0.443,,,
13301,20110523,-93.15,39.87,0.323,-0.27,0.387,0.006,0.337,-0.3,0.101,0.012,0.406,-0.26,0,0.006,0.619,1,0,1,0.565,,,,0.33,-0.3,0.405,0.006,0.45,,,
13301,20110524,-93.15,39.87,0.328,-0.23,0.387,0.006,0.346,-0.23,0.101,0.012,0.413,-0.2,0,0.006,0.619,1.01,0,1,0.566,,,,0.337,-0.25,0.405,0.006,0.454,,,
13301,20110525,-93.15,39.87,0.345,-0.13,0.315,0.048,0.362,-0.12,0.095,0.048,0.426,-0.1,0,0.042,0.623,1.04,0,1,0.566,,,,0.353,-0.14,0.315,0.048,0.464,,,
13301,20110526,-93.15,39.87,0.377,0.06,0.173,0.19,0.394,0.1,0.077,0.19,0.449,0.08,0,0.185,0.63,1.11,0,1,0.567,,,,0.385,0.07,0.173,0.19,0.483,,,
13301,20110527,-93.15,39.87,0.41,0.26,0.03,0.333,0.426,0.32,0.036,0.333,0.473,0.26,0,0.327,0.637,1.19,0,1,0.568,,,,0.418,0.29,0.03,0.333,0.503,,,
13301,20110528,-93.15,39.87,0.423,0.34,0,0.476,0.449,0.47,0,0.476,0.494,0.42,0,0.47,0.641,1.23,0,1,0.569,,,,0.436,0.41,0,0.476,0.515,,,
13301,20110529,-93.15,39.87,0.431,0.38,0,0.577,0.462,0.56,0,0.607,0.511,0.56,0,0.607,0.642,1.26,0,1,0.57,,,,0.446,0.48,0,0.613,0.523,,,
13301,20110530,-93.15,39.87,0.436,0.42,0,0.625,0.467,0.6,0,0.738,0.521,0.64,0,0.75,0.642,1.29,0,1,0.57,,,,0.452,0.51,0,0.708,0.527,,,
13301,20110531,-93.15,39.87,0.442,0.45,0,0.625,0.472,0.63,0,0.738,0.527,0.69,0,0.893,0.643,1.31,0,1,0.57,,,,0.457,0.55,0,0.708,0.531,,,
13301,20110601,-93.15,39.87,0.439,0.44,0,0.589,0.469,0.62,0,0.702,0.526,0.68,0,0.97,0.644,1.33,0,1,0.571,,,,0.454,0.53,0,0.667,0.53,,,
13301,20110602,-93.15,39.87,0.422,0.35,0,0.446,0.45,0.49,0,0.56,0.515,0.6,0,0.827,0.645,1.34,0,1,0.571,,,,0.436,0.42,0,0.524,0.52,,,
13301,20110603,-93.15,39.87,0.409,0.28,0,0.327,0.432,0.37,0,0.417,0.503,0.51,0,0.768,0.645,1.34,0,1,0.571,,,,0.42,0.33,0,0.381,0.512,,,
13301,20110604,-93.15,39.87,0.4,0.24,0,0.185,0.417,0.27,0,0.274,0.491,0.42,0,0.637,0.646,1.32,0,1,0.571,,,,0.408,0.26,0,0.238,0.505,,,
13301,20110605,-93.15,39.87,0.388,0.18,0,0.077,0.406,0.2,0,0.131,0.479,0.33,0,0.494,0.648,1.29,0,1,0.571,,,,0.397,0.19,0,0.095,0.498,,,
13301,20110606,-93.15,39.87,0.374,0.11,0,0.03,0.399,0.15,0,0,0.467,0.24,0,0.351,0.649,1.26,0,1,0.572,,,,0.386,0.13,0,0,0.492,,,
13301,20110607,-93.15,39.87,0.358,0.03,0,0.03,0.392,0.11,0,0,0.46,0.19,0,0.208,0.65,1.23,0,1,0.573,,,,0.375,0.07,0,0,0.487,,,
13301,20110608,-93.15,39.87,0.34,-0.05,0,0.024,0.384,0.07,0,0,0.454,0.15,0,0.095,0.652,1.2,0,1,0.574,,,,0.362,0.01,0,0,0.481,,,
13301,20110609,-93.15,39.87,0.324,-0.13,0.065,0.024,0.377,0.03,0,0,0.449,0.12,0,0.095,0.653,1.16,0,1,0.575,,,,0.35,-0.06,0,0,0.476,,,
13301,20110610,-93.15,39.87,0.308,-0.21,0.143,0,0.37,-0.01,0,0,0.444,0.09,0,0.012,0.654,1.13,0,1,0.576,,,,0.339,-0.12,0,0,0.47,,,
13301,20110611,-93.15,39.87,0.303,-0.24,0.143,0,0.366,-0.03,0,0,0.44,0.07,0,0,0.655,1.1,0,1,0.577,,,,0.334,-0.14,0,0,0.468,,,
13301,20110612,-93.15,39.87,0.304,-0.23,0.143,0,0.365,-0.04,0,0,0.438,0.05,0,0,0.655,1.09,0,1,0.578,,,,0.334,-0.14,0,0,0.468,,,
13301,20110613,-93.15,39.87,0.305,-0.22,0.143,0,0.364,-0.04,0,0,0.436,0.04,0,0,0.656,1.08,0,1,0.579,,,,0.334,-0.13,0,0,0.468,,,
13301,20110614,-93.15,39.87,0.319,-0.14,0.143,0.006,0.372,0.01,0,0.071,0.444,0.09,0,0.131,0.656,1.07,0,1,0.58,,,,0.346,-0.06,0,0.036,0.474,,,
13301,20110615,-93.15,39.87,0.337,-0.05,0.143,0.06,0.385,0.09,0,0.125,0.453,0.14,0,0.226,0.656,1.06,0,1,0.581,,,,0.361,0.03,0,0.089,0.482,,,
13301,20110616,-93.15,39.87,0.356,0.06,0.077,0.065,0.399,0.18,0,0.268,0.469,0.23,0,0.369,0.656,1.05,0,1,0.581,,,,0.378,0.14,0,0.185,0.492,,,
13301,20110617,-93.15,39.87,0.368,0.13,0,0.065,0.408,0.24,0,0.357,0.478,0.29,0,0.512,0.656,1.04,0,1,0.582,,,,0.388,0.21,0,0.185,0.499,,,
13301,20110618,-93.15,39.87,0.378,0.19,0,0.125,0.416,0.29,0,0.47,0.486,0.33,0,0.655,0.656,1.03,0,1,0.582,,,,0.397,0.26,0,0.321,0.504,,,
13301,20110619,-93.15,39.87,0.391,0.27,0,0.268,0.434,0.41,0,0.613,0.5,0.42,0,0.798,0.657,1.01,0,1,0.582,,,,0.412,0.37,0,0.464,0.513,,,
13301,20110620,-93.15,39.87,0.403,0.35,0,0.411,0.444,0.48,0,0.756,0.513,0.5,0,0.94,0.657,0.99,0,1,0.583,,,,0.424,0.45,0,0.607,0.52,,,
13301,20110621,-93.15,39.87,0.406,0.37,0,0.53,0.445,0.49,0,0.827,0.514,0.5,0,0.952,0.658,0.97,0,1,0.583,,,,0.425,0.47,0,0.714,0.521,,,
13301,20110622,-93.15,39.87,0.407,0.38,0,0.53,0.441,0.47,0,0.917,0.512,0.49,0,1,0.658,0.94,0,1,0.583,,,,0.424,0.47,0,0.792,0.52,,,
13301,20110623,-93.15,39.87,0.405,0.38,0,0.524,0.437,0.45,0,0.815,0.503,0.44,0,0.881,0.659,0.92,0,1,0.582,,,,0.421,0.46,0,0.726,0.517,,,
13301,20110624,-93.15,39.87,0.405,0.39,0,0.524,0.436,0.45,0,0.726,0.498,0.42,0,0.738,0.659,0.89,0,1,0.582,,,,0.42,0.46,0,0.726,0.516,,,
13301,20110625,-93.15,39.87,0.399,0.35,0,0.464,0.433,0.44,0,0.613,0.494,0.4,0,0.595,0.659,0.86,0,1,0.582,,,,0.416,0.43,0,0.589,0.514,,,
13301,20110626,-93.15,39.87,0.393,0.32,0,0.399,0.422,0.37,0,0.595,0.486,0.35,0,0.571,0.66,0.84,0,1,0.582,,,,0.408,0.38,0,0.571,0.509,,,
13301,20110627,-93.15,39.87,0.398,0.34,0,0.298,0.423,0.37,0,0.595,0.481,0.32,0,0.482,0.659,0.81,0,1,0.582,,,,0.41,0.4,0,0.554,0.509,,,
13301,20110628,-93.15,39.87,0.416,0.44,0,0.315,0.436,0.45,0,0.595,0.487,0.35,0,0.482,0.659,0.79,0,1,0.583,,,,0.426,0.49,0,0.554,0.516,,,
13301,20110629,-93.15,39.87,0.422,0.47,0,0.405,0.447,0.51,0,0.595,0.497,0.4,0,0.482,0.659,0.78,0,1,0.582,,,,0.434,0.53,0,0.565,0.522,,,
13301,20110630,-93.15,39.87,0.426,0.49,0,0.488,0.45,0.54,0,0.696,0.505,0.44,0,0.601,0.659,0.76,0,1,0.583,,,,0.438,0.55,0,0.679,0.525,,,
13301,20110701,-93.15,39.87,0.429,0.5,0,0.488,0.452,0.55,0,0.815,0.508,0.46,0,0.667,0.659,0.75,0,1,0.583,,,,0.44,0.56,0,0.685,0.526,,,
13301,20110702,-93.15,39.87,0.43,0.5,0,0.488,0.453,0.56,0,0.815,0.51,0.46,0,0.667,0.66,0.75,0,1,0.583,,,,0.442,0.57,0,0.685,0.527,,,
13301,20110703,-93.15,39.87,0.422,0.46,0,0.411,0.451,0.54,0,0.69,0.509,0.46,0,0.548,0.661,0.75,0,1,0.584,,,,0.436,0.53,0,0.56,0.525,,,
13301,20110704,-93.15,39.87,0.426,0.48,0,0.482,0.459,0.59,0,0.679,0.515,0.48,0,0.607,0.662,0.75,0,1,0.584,,,,0.442,0.56,0,0.554,0.529,,,
13301,20110705,-93.15,39.87,0.41,0.39,0,0.482,0.452,0.55,0,0.679,0.515,0.48,0,0.607,0.663,0.75,0,1,0.585,,,,0.431,0.5,0,0.554,0.525,,,
13301,20110706,-93.15,39.87,0.404,0.37,0,0.363,0.444,0.5,0,0.673,0.512,0.45,0,0.601,0.663,0.74,0,1,0.586,,,,0.424,0.46,0,0.542,0.522,,,
13301,20110707,-93.15,39.87,0.401,0.35,0,0.28,0.442,0.48,0,0.565,0.506,0.42,0,0.47,0.664,0.74,0,1,0.587,,,,0.422,0.45,0,0.399,0.52,,,
13301,20110708,-93.15,39.87,0.42,0.47,0,0.405,0.452,0.54,0,0.565,0.513,0.45,0,0.506,0.664,0.74,0,1,0.587,,,,0.436,0.53,0,0.518,0.528,,,
13301,20110709,-93.15,39.87,0.437,0.56,0,0.548,0.467,0.63,0,0.708,0.526,0.51,0,0.649,0.665,0.74,0,1,0.588,,,,0.452,0.63,0,0.661,0.537,,,
13301,20110710,-93.15,39.87,0.449,0.63,0,0.69,0.476,0.68,0,0.851,0.539,0.57,0,0.792,0.665,0.73,0,1,0.588,,,,0.463,0.69,0,0.804,0.544,,,
13301,20110711,-93.15,39.87,0.44,0.59,0,0.72,0.467,0.64,0,0.863,0.536,0.56,0,0.821,0.665,0.72,0,1,0.589,,,,0.453,0.65,0,0.827,0.539,,,
13301,20110712,-93.15,39.87,0.436,0.59,0,0.72,0.459,0.61,0,0.863,0.526,0.52,0,0.815,0.666,0.72,0,1,0.589,,,,0.448,0.62,0,0.827,0.535,,,
13301,20110713,-93.15,39.87,0.432,0.59,0,0.81,0.457,0.61,0,0.869,0.52,0.5,0,0.81,0.666,0.72,0,1,0.589,,,,0.445,0.62,0,0.839,0.533,,,
13301,20110714,-93.15,39.87,0.428,0.59,0,0.81,0.456,0.62,0,0.976,0.518,0.5,0,0.94,0.667,0.71,0,1,0.59,,,,0.442,0.62,0,0.964,0.531,,,
13301,20110715,-93.15,39.87,0.399,0.46,0,0.685,0.443,0.57,0,1,0.508,0.47,0,0.97,0.667,0.71,0,1,0.59,,,,0.421,0.53,0,0.839,0.521,,,
13301,20110716,-93.15,39.87,0.374,0.35,0,0.542,0.425,0.49,0,1,0.495,0.42,0,0.964,0.667,0.72,0,1,0.591,,,,0.399,0.43,0,0.696,0.51,,,
13301,20110717,-93.15,39.87,0.354,0.28,0,0.399,0.413,0.44,0,0.887,0.481,0.37,0,0.964,0.667,0.72,0,1,0.592,,,,0.383,0.36,0,0.554,0.501,,,
13301,20110718,-93.15,39.87,0.335,0.2,0,0.256,0.404,0.41,0,0.744,0.474,0.36,0,0.964,0.668,0.72,0,1,0.592,,,,0.369,0.3,0,0.411,0.495,,,
13301,20110719,-93.15,39.87,0.312,0.11,0,0.113,0.395,0.38,0,0.601,0.47,0.36,0,0.946,0.668,0.73,0,1,0.594,,,,0.354,0.24,0,0.268,0.488,,,
13301,20110720,-93.15,39.87,0.292,0.02,0,0,0.384,0.33,0,0.458,0.465,0.35,0,0.821,0.668,0.73,0,1,0.595,,,,0.338,0.17,0,0.125,0.481,,,
13301,20110721,-93.15,39.87,0.272,-0.08,0,0,0.372,0.28,0,0.315,0.458,0.34,0,0.679,0.669,0.74,0,1,0.595,,,,0.322,0.1,0,0,0.473,,,
13301,20110722,-93.15,39.87,0.253,-0.16,0,0,0.358,0.22,0,0.173,0.451,0.31,0,0.548,0.669,0.74,0,1,0.595,,,,0.306,0.02,0,0,0.465,,,
13301,20110723,-93.15,39.87,0.236,-0.25,0.018,0,0.343,0.15,0,0.03,0.442,0.28,0,0.411,0.669,0.74,0,1,0.596,,,,0.29,-0.06,0,0,0.457,,,
13301,20110724,-93.15,39.87,0.22,-0.33,0.161,0,0.328,0.08,0,0,0.432,0.24,0,0.268,0.666,0.73,0,1,0.595,,,,0.274,-0.14,0,0,0.448,,,
13301,20110725,-93.15,39.87,0.206,-0.4,0.304,0,0.313,0,0,0,0.42,0.19,0,0.125,0.663,0.71,0,1,0.595,,,,0.259,-0.21,0,0,0.439,,,
13301,20110726,-93.15,39.87,0.195,-0.46,0.446,0,0.298,-0.07,0,0,0.407,0.14,0,0.006,0.659,0.7,0,1,0.595,,,,0.246,-0.28,0,0,0.431,,,
13301,20110727,-93.15,39.87,0.185,-0.52,0.589,0,0.284,-0.14,0,0,0.393,0.08,0,0,0.654,0.67,0,1,0.595,,,,0.234,-0.34,0.071,0,0.422,,,
13301,20110728,-93.15,39.87,0.176,-0.57,0.732,0,0.27,-0.2,0,0,0.379,0.02,0,0,0.647,0.64,0,1,0.595,,,,0.223,-0.4,0.214,0,0.414,,,
13301,20110729,-93.15,39.87,0.172,-0.59,0.845,0,0.262,-0.24,0.006,0,0.369,-0.02,0,0.03,0.642,0.62,0,1,0.595,,,,0.217,-0.43,0.327,0,0.408,,,
13301,20110730,-93.15,39.87,0.179,-0.55,0.827,0,0.266,-0.2,0.006,0,0.37,0,0,0.036,0.642,0.62,0,1,0.596,,,,0.222,-0.39,0.327,0,0.411,,,
13301,20110731,-93.15,39.87,0.193,-0.47,0.685,0,0.282,-0.09,0.006,0.137,0.381,0.07,0,0.179,0.646,0.64,0,1,0.597,,,,0.237,-0.29,0.327,0.036,0.42,,,
13301,20110801,-93.15,39.87,0.206,-0.4,0.542,0,0.297,0.02,0.006,0.28,0.392,0.15,0,0.321,0.65,0.66,0,1,0.597,,,,0.252,-0.2,0.327,0.036,0.428,,,
13301,20110802,-93.15,39.87,0.217,-0.33,0.399,0,0.312,0.12,0.006,0.423,0.402,0.22,0,0.464,0.655,0.68,0,1,0.598,,,,0.264,-0.12,0.327,0.036,0.437,,,
13301,20110803,-93.15,39.87,0.227,-0.27,0.256,0,0.327,0.22,0.006,0.554,0.413,0.29,0,0.607,0.661,0.71,0,1,0.598,,,,0.277,-0.04,0.256,0.036,0.445,,,
13301,20110804,-93.15,39.87,0.237,-0.21,0.113,0,0.341,0.32,0.006,0.554,0.426,0.37,0,0.75,0.668,0.73,0,1,0.599,,,,0.289,0.05,0.113,0.036,0.454,,,
13301,20110805,-93.15,39.87,0.243,-0.17,0,0,0.352,0.39,0,0.554,0.435,0.44,0,0.863,0.674,0.76,0,1,0.599,,,,0.297,0.1,0,0.036,0.461,,,
13301,20110806,-93.15,39.87,0.238,-0.2,0,0,0.352,0.39,0,0.554,0.435,0.45,0,1,0.674,0.76,0,1,0.6,,,,0.295,0.09,0,0.036,0.46,,,
13301,20110807,-93.15,39.87,0.226,-0.26,0,0,0.341,0.32,0,0.417,0.426,0.4,0,0.994,0.675,0.75,0,1,0.6,,,,0.283,0.03,0,0,0.453,,,
13301,20110808,-93.15,39.87,0.217,-0.3,0,0,0.331,0.26,0,0.274,0.419,0.37,0,0.97,0.675,0.75,0,1,0.6,,,,0.274,-0.03,0,0,0.448,,,
13301,20110809,-93.15,39.87,0.21,-0.34,0.054,0,0.323,0.21,0,0.131,0.413,0.34,0,0.827,0.674,0.75,0,1,0.601,,,,0.266,-0.07,0,0,0.444,,,
13301,20110810,-93.15,39.87,0.203,-0.38,0.196,0,0.314,0.16,0,0,0.406,0.3,0,0.685,0.671,0.73,0,1,0.601,,,,0.258,-0.12,0,0,0.439,,,
13301,20110811,-93.15,39.87,0.195,-0.41,0.339,0,0.305,0.11,0,0,0.398,0.26,0,0.542,0.667,0.7,0,1,0.6,,,,0.25,-0.17,0,0,0.433,,,
13301,20110812,-93.15,39.87,0.189,-0.45,0.482,0,0.296,0.05,0,0,0.389,0.21,0,0.399,0.662,0.67,0,1,0.601,,,,0.242,-0.22,0.125,0,0.427,,,
13301,20110813,-93.15,39.87,0.184,-0.47,0.625,0,0.289,0.01,0,0,0.382,0.18,0,0.256,0.657,0.65,0,1,0.601,,,,0.237,-0.25,0.161,0,0.422,,,
13301,20110814,-93.15,39.87,0.178,-0.5,0.768,0,0.281,-0.03,0,0,0.374,0.13,0,0.119,0.648,0.63,0,1,0.601,,,,0.23,-0.29,0.304,0,0.416,,,
13301,20110815,-93.15,39.87,0.171,-0.55,0.911,0,0.273,-0.09,0,0,0.363,0.08,0,0,0.636,0.6,0,1,0.6,,,,0.222,-0.34,0.446,0,0.409,,,
13301,20110816,-93.15,39.87,0.164,-0.59,1,0,0.265,-0.14,0,0,0.353,0.02,0,0,0.624,0.57,0,1,0.6,,,,0.214,-0.39,0.589,0,0.401,,,
13301,20110817,-93.15,39.87,0.169,-0.55,0.893,0,0.273,-0.09,0,0.077,0.357,0.04,0,0.06,0.621,0.59,0,1,0.6,,,,0.221,-0.34,0.589,0,0.404,,,
13301,20110818,-93.15,39.87,0.172,-0.53,0.893,0,0.279,-0.05,0,0.077,0.359,0.06,0,0.06,0.622,0.63,0,1,0.6,,,,0.226,-0.3,0.589,0,0.406,,,
13301,20110819,-93.15,39.87,0.177,-0.5,0.857,0,0.285,-0.01,0,0.077,0.361,0.07,0,0.06,0.623,0.67,0,1,0.599,,,,0.231,-0.27,0.464,0,0.409,,,
13301,20110820,-93.15,39.87,0.183,-0.45,0.792,0,0.289,0.03,0,0.077,0.365,0.09,0,0.071,0.624,0.7,0,1,0.599,,,,0.236,-0.22,0.429,0,0.412,,,
13301,20110821,-93.15,39.87,0.198,-0.35,0.649,0,0.299,0.09,0,0.077,0.372,0.14,0,0.083,0.628,0.73,0,1,0.598,,,,0.248,-0.13,0.286,0,0.419,,,
13301,20110822,-93.15,39.87,0.209,-0.26,0.506,0,0.308,0.16,0,0.077,0.38,0.18,0,0.083,0.636,0.78,0,1,0.598,,,,0.259,-0.05,0.143,0,0.426,,,
13301,20110823,-93.15,39.87,0.22,-0.18,0.363,0,0.317,0.23,0,0.077,0.388,0.23,0,0.083,0.645,0.82,0,1,0.597,,,,0.268,0.03,0,0,0.433,,,
13301,20110824,-93.15,39.87,0.218,-0.19,0.44,0,0.309,0.19,0,0,0.382,0.2,0,0.024,0.645,0.82,0,1,0.597,,,,0.263,0.01,0,0,0.43,,,
13301,20110825,-93.15,39.87,0.217,-0.18,0.44,0,0.303,0.16,0,0,0.377,0.18,0,0.024,0.643,0.81,0,1,0.598,,,,0.26,0,0,0,0.428,,,
13301,20110826,-93.15,39.87,0.214,-0.2,0.476,0,0.298,0.14,0,0,0.371,0.15,0,0.024,0.638,0.79,0,1,0.598,,,,0.256,-0.02,0,0,0.424,,,
13301,20110827,-93.15,39.87,0.205,-0.25,0.542,0,0.291,0.11,0,0,0.362,0.11,0,0.012,0.631,0.75,0,1,0.598,,,,0.248,-0.06,0.03,0,0.417,,,
13301,20110828,-93.15,39.87,0.19,-0.34,0.685,0,0.279,0.04,0,0,0.349,0.04,0,0,0.622,0.69,0,0.994,0.598,,,,0.234,-0.14,0.173,0,0.407,,,
13301,20110829,-93.15,39.87,0.177,-0.42,0.827,0,0.268,-0.03,0,0,0.337,-0.02,0,0,0.612,0.63,0,0.911,0.598,,,,0.222,-0.21,0.315,0,0.398,,,
13301,20110830,-93.15,39.87,0.165,-0.5,0.97,0,0.257,-0.1,0,0,0.325,-0.09,0,0,0.602,0.57,0,0.798,0.599,,,,0.211,-0.28,0.458,0,0.39,,,
13301,20110831,-93.15,39.87,0.156,-0.55,1,0,0.247,-0.17,0,0,0.317,-0.13,0,0,0.593,0.51,0,0.661,0.598,,,,0.202,-0.34,0.601,0,0.382,,,
13301,20110901,-93.15,39.87,0.149,-0.59,1,0,0.239,-0.22,0,0,0.309,-0.18,0,0,0.584,0.45,0,0.518,0.598,,,,0.194,-0.39,0.744,0,0.376,,,
13301,20110902,-93.15,39.87,0.144,-0.62,1,0,0.232,-0.27,0,0,0.302,-0.22,0,0,0.577,0.4,0,0.375,0.598,,,,0.188,-0.42,0.887,0,0.371,,,
13301,20110903,-93.15,39.87,0.14,-0.64,1,0,0.226,-0.31,0.101,0,0.296,-0.25,0.006,0,0.572,0.36,0,0.232,0.598,,,,0.183,-0.45,1,0,0.366,,,
13301,20110904,-93.15,39.87,0.137,-0.65,1,0,0.222,-0.33,0.149,0,0.29,-0.28,0.042,0,0.567,0.33,0,0.095,0.599,,,,0.179,-0.46,1,0,0.363,,,
13301,20110905,-93.15,39.87,0.134,-0.66,1,0,0.218,-0.35,0.25,0,0.286,-0.3,0.089,0,0.563,0.31,0,0.036,0.598,,,,0.176,-0.47,1,0,0.36,,,
13301,20110906,-93.15,39.87,0.132,-0.66,1,0,0.214,-0.37,0.393,0,0.281,-0.32,0.232,0,0.557,0.29,0,0.006,0.598,,,,0.173,-0.48,1,0,0.356,,,
13301,20110907,-93.15,39.87,0.128,-0.68,1,0,0.21,-0.38,0.536,0,0.275,-0.34,0.375,0,0.552,0.27,0,0,0.598,,,,0.169,-0.5,1,0,0.353,,,
13301,20110908,-93.15,39.87,0.124,-0.7,1,0,0.206,-0.39,0.679,0,0.27,-0.36,0.518,0,0.546,0.25,0,0,0.598,,,,0.165,-0.51,1,0,0.349,,,
13301,20110909,-93.15,39.87,0.121,-0.71,1,0,0.202,-0.4,0.821,0,0.265,-0.37,0.661,0,0.54,0.23,0,0,0.598,,,,0.162,-0.52,1,0,0.345,,,
13301,20110910,-93.15,39.87,0.118,-0.73,1,0,0.199,-0.4,0.863,0,0.261,-0.38,0.798,0,0.534,0.21,0,0,0.597,,,,0.159,-0.54,1,0,0.342,,,
13301,20110911,-93.15,39.87,0.115,-0.74,1,0,0.196,-0.41,0.958,0,0.257,-0.39,0.905,0,0.528,0.19,0,0,0.596,,,,0.155,-0.55,1,0,0.338,,,
13301,20110912,-93.15,39.87,0.112,-0.76,1,0,0.193,-0.42,1,0,0.253,-0.4,1,0,0.521,0.17,0,0,0.596,,,,0.153,-0.56,1,0,0.335,,,
13301,20110913,-93.15,39.87,0.11,-0.77,1,0,0.191,-0.43,1,0,0.25,-0.4,1,0,0.515,0.15,0,0,0.596,,,,0.15,-0.57,1,0,0.332,,,
13301,20110914,-93.15,39.87,0.108,-0.79,1,0,0.189,-0.43,1,0,0.247,-0.41,1,0,0.508,0.13,0,0,0.595,,,,0.148,-0.58,1,0,0.329,,,
13301,20110915,-93.15,39.87,0.107,-0.8,1,0,0.187,-0.44,1,0,0.245,-0.42,1,0,0.502,0.1,0,0,0.596,,,,0.147,-0.59,1,0,0.327,,,
13301,20110916,-93.15,39.87,0.105,-0.81,1,0,0.185,-0.44,1,0,0.242,-0.42,1,0,0.496,0.08,0,0,0.596,,,,0.145,-0.59,1,0,0.325,,,
13301,20110917,-93.15,39.87,0.104,-0.81,1,0,0.184,-0.44,1,0,0.244,-0.41,0.887,0,0.491,0.06,0,0,0.596,,,,0.144,-0.59,1,0,0.324,,,
13301,20110918,-93.15,39.87,0.106,-0.8,1,0,0.184,-0.44,0.976,0,0.25,-0.37,0.744,0,0.488,0.05,0,0,0.596,,,,0.145,-0.58,1,0,0.325,,,
13301,20110919,-93.15,39.87,0.112,-0.75,1,0,0.186,-0.42,0.833,0,0.261,-0.3,0.601,0,0.488,0.05,0,0,0.596,,,,0.149,-0.55,1,0,0.329,,,
13301,20110920,-93.15,39.87,0.117,-0.72,1,0,0.188,-0.41,0.69,0,0.269,-0.25,0.458,0,0.486,0.05,0,0,0.595,,,,0.152,-0.53,1,0,0.331,,,
13301,20110921,-93.15,39.87,0.121,-0.69,1,0,0.19,-0.39,0.548,0,0.276,-0.2,0.315,0,0.486,0.05,0,0,0.595,,,,0.155,-0.51,1,0,0.333,,,
13301,20110922,-93.15,39.87,0.124,-0.66,1,0,0.191,-0.37,0.405,0,0.28,-0.17,0.173,0,0.485,0.04,0,0,0.594,,,,0.157,-0.49,1,0,0.335,,,
13301,20110923,-93.15,39.87,0.126,-0.63,1,0,0.192,-0.36,0.262,0,0.282,-0.15,0.03,0,0.484,0.04,0,0,0.593,,,,0.159,-0.48,1,0,0.336,,,
13301,20110924,-93.15,39.87,0.127,-0.61,1,0,0.192,-0.35,0.149,0,0.28,-0.17,0.006,0,0.482,0.03,0,0,0.593,,,,0.16,-0.47,1,0,0.335,,,
13301,20110925,-93.15,39.87,0.124,-0.61,1,0,0.192,-0.35,0.143,0,0.271,-0.21,0.143,0,0.477,0.01,0,0,0.592,,,,0.158,-0.48,1,0,0.331,,,
13301,20110926,-93.15,39.87,0.118,-0.64,1,0,0.189,-0.36,0.286,0,0.256,-0.29,0.286,0,0.47,-0.02,0,0,0.592,,,,0.153,-0.5,1,0,0.325,,,
13301,20110927,-93.15,39.87,0.112,-0.66,1,0,0.186,-0.38,0.429,0,0.245,-0.35,0.429,0,0.464,-0.05,0,0,0.592,,,,0.149,-0.52,1,0,0.32,,,
13301,20110928,-93.15,39.87,0.107,-0.67,1,0,0.184,-0.38,0.571,0,0.235,-0.39,0.571,0,0.458,-0.07,0,0,0.592,,,,0.146,-0.53,1,0,0.315,,,
13301,20110929,-93.15,39.87,0.104,-0.68,1,0,0.182,-0.39,0.714,0,0.228,-0.43,0.714,0,0.451,-0.09,0,0,0.591,,,,0.143,-0.54,1,0,0.311,,,
13301,20110930,-93.15,39.87,0.101,-0.69,1,0,0.181,-0.4,0.857,0,0.221,-0.46,0.857,0,0.445,-0.1,0,0,0.591,,,,0.141,-0.55,1,0,0.308,,,
13301,20111001,-93.15,39.87,0.098,-0.7,1,0,0.179,-0.4,0.97,0,0.216,-0.48,0.994,0,0.439,-0.11,0,0,0.59,,,,0.138,-0.56,1,0,0.304,,,
13301,20111002,-93.15,39.87,0.095,-0.72,1,0,0.178,-0.41,1,0,0.212,-0.49,1,0,0.432,-0.12,0,0,0.59,,,,0.137,-0.57,1,0,0.302,,,
13301,20111003,-93.15,39.87,0.093,-0.73,1,0,0.176,-0.42,1,0,0.208,-0.51,1,0,0.426,-0.12,0,0,0.59,,,,0.135,-0.58,1,0,0.299,,,
13301,20111004,-93.15,39.87,0.091,-0.74,1,0,0.175,-0.42,1,0,0.204,-0.52,1,0,0.421,-0.12,0,0,0.59,,,,0.133,-0.58,1,0,0.296,,,
13301,20111005,-93.15,39.87,0.089,-0.75,1,0,0.173,-0.43,1,0,0.2,-0.53,1,0,0.415,-0.12,0,0,0.589,,,,0.131,-0.59,1,0,0.293,,,
13301,20111006,-93.15,39.87,0.087,-0.76,1,0,0.172,-0.43,1,0,0.197,-0.54,1,0,0.411,-0.11,0,0,0.588,,,,0.129,-0.6,1,0,0.291,,,
13301,20111007,-93.15,39.87,0.085,-0.76,1,0,0.17,-0.44,1,0,0.194,-0.55,1,0,0.406,-0.11,0,0,0.588,,,,0.128,-0.6,1,0,0.289,,,
13301,20111008,-93.15,39.87,0.084,-0.77,1,0,0.169,-0.44,1,0,0.191,-0.56,1,0,0.402,-0.11,0,0,0.587,,,,0.127,-0.6,1,0,0.287,,,
13301,20111009,-93.15,39.87,0.082,-0.77,1,0,0.169,-0.44,1,0,0.189,-0.56,1,0,0.399,-0.11,0,0,0.586,,,,0.126,-0.6,1,0,0.285,,,
13301,20111010,-93.15,39.87,0.082,-0.77,1,0,0.168,-0.44,1,0,0.187,-0.56,1,0,0.395,-0.11,0,0,0.586,,,,0.125,-0.6,1,0,0.284,,,
13301,20111011,-93.15,39.87,0.081,-0.77,1,0,0.167,-0.44,1,0,0.185,-0.57,1,0,0.392,-0.11,0,0,0.586,,,,0.124,-0.6,1,0,0.282,,,
13301,20111012,-93.15,39.87,0.08,-0.77,1,0,0.167,-0.44,1,0,0.184,-0.57,1,0,0.39,-0.11,0,0,0.586,,,,0.123,-0.6,1,0,0.281,,,
13301,20111013,-93.15,39.87,0.08,-0.78,1,0,0.166,-0.45,1,0,0.183,-0.58,1,0,0.388,-0.12,0,0,0.586,,,,0.123,-0.61,1,0,0.28,,,
13301,20111014,-93.15,39.87,0.08,-0.79,1,0,0.165,-0.46,1,0,0.182,-0.58,1,0,0.385,-0.12,0,0,0.586,,,,0.123,-0.62,1,0,0.28,,,
13301,20111015,-93.15,39.87,0.08,-0.8,1,0,0.164,-0.47,1,0,0.18,-0.59,1,0,0.383,-0.13,0,0,0.586,,,,0.122,-0.63,1,0,0.279,,,
13301,20111016,-93.15,39.87,0.079,-0.82,1,0,0.163,-0.49,1,0,0.179,-0.61,1,0,0.381,-0.13,0,0,0.586,,,,0.121,-0.65,1,0,0.277,,,
13301,20111017,-93.15,39.87,0.079,-0.85,1,0,0.162,-0.51,1,0,0.177,-0.62,1,0,0.378,-0.14,0,0,0.586,,,,0.12,-0.67,1,0,0.276,,,
13301,20111018,-93.15,39.87,0.082,-0.86,1,0,0.163,-0.54,1,0,0.184,-0.6,0.917,0,0.378,-0.13,0,0,0.585,,,,0.122,-0.68,1,0,0.278,,,
13301,20111019,-93.15,39.87,0.087,-0.86,1,0,0.164,-0.56,1,0,0.194,-0.56,0.774,0,0.378,-0.12,0,0,0.585,,,,0.126,-0.69,1,0,0.282,,,
13301,20111020,-93.15,39.87,0.09,-0.87,1,0,0.165,-0.59,1,0,0.201,-0.55,0.649,0,0.378,-0.12,0,0,0.585,,,,0.128,-0.71,1,0,0.284,,,
13301,20111021,-93.15,39.87,0.093,-0.88,1,0,0.166,-0.63,1,0,0.207,-0.54,0.649,0,0.378,-0.12,0,0,0.584,,,,0.13,-0.74,1,0,0.286,,,
13301,20111022,-93.15,39.87,0.096,-0.91,1,0,0.167,-0.67,1,0,0.212,-0.55,0.649,0,0.377,-0.12,0,0,0.584,,,,0.132,-0.78,1,0,0.287,,,
13301,20111023,-93.15,39.87,0.099,-0.94,1,0,0.168,-0.7,1,0,0.217,-0.56,0.649,0,0.378,-0.12,0,0,0.584,,,,0.134,-0.82,1,0,0.289,,,
13301,20111024,-93.15,39.87,0.103,-0.96,1,0,0.17,-0.74,1,0,0.222,-0.59,0.649,0,0.378,-0.12,0,0,0.583,,,,0.136,-0.86,1,0,0.291,,,
13301,20111025,-93.15,39.87,0.102,-1.01,1,0,0.169,-0.77,1,0,0.218,-0.66,0.732,0,0.376,-0.13,0,0,0.583,,,,0.136,-0.92,1,0,0.29,,,
13301,20111026,-93.15,39.87,0.1,-1.08,1,0,0.168,-0.81,1,0,0.211,-0.74,0.875,0,0.375,-0.14,0,0,0.582,,,,0.134,-0.99,1,0,0.287,,,
13301,20111027,-93.15,39.87,0.098,-1.14,1,0,0.167,-0.85,1,0,0.206,-0.81,1,0,0.373,-0.15,0,0,0.581,,,,0.132,-1.05,1,0,0.285,,,
13301,20111028,-93.15,39.87,0.096,-1.19,1,0,0.166,-0.9,1,0,0.202,-0.88,1,0,0.372,-0.17,0,0,0.58,,,,0.131,-1.12,1,0,0.283,,,
13301,20111029,-93.15,39.87,0.094,-1.26,1,0,0.166,-0.95,1,0,0.198,-0.96,1,0,0.371,-0.18,0,0,0.579,,,,0.13,-1.18,1,0,0.282,,,
13301,20111030,-93.15,39.87,0.092,-1.33,1,0,0.165,-1.02,1,0,0.195,-1.04,1,0,0.37,-0.2,0,0,0.579,,,,0.128,-1.25,1,0,0.28,,,
13301,20111031,-93.15,39.87,0.089,-1.42,1,0,0.163,-1.11,1,0,0.191,-1.11,1,0,0.369,-0.22,0.03,0,0.579,,,,0.126,-1.33,1,0,0.278,,,
13301,20111101,-93.15,39.87,0.087,-1.51,1,0,0.162,-1.2,1,0,0.188,-1.2,1,0,0.368,-0.24,0.155,0,0.578,,,,0.124,-1.41,1,0,0.277,,,
13301,20111102,-93.15,39.87,0.084,-1.61,1,0,0.161,-1.3,1,0,0.185,-1.29,1,0,0.366,-0.27,0.298,0,0.578,,,,0.123,-1.49,1,0,0.275,,,
13301,20111103,-93.15,39.87,0.089,-1.64,1,0,0.165,-1.35,1,0,0.194,-1.28,0.935,0,0.372,-0.25,0.369,0,0.578,,,,0.127,-1.52,1,0,0.28,,,
13301,20111104,-93.15,39.87,0.104,-1.58,1,0,0.182,-1.26,0.976,0,0.213,-1.19,0.857,0,0.384,-0.2,0.369,0,0.578,,,,0.143,-1.43,1,0,0.292,,,
13301,20111105,-93.15,39.87,0.116,-1.53,1,0,0.198,-1.18,0.976,0,0.229,-1.12,0.857,0,0.394,-0.16,0.369,0,0.578,,,,0.157,-1.36,1,0,0.303,,,
13301,20111106,-93.15,39.87,0.128,-1.46,1,0,0.213,-1.09,0.976,0,0.245,-1.05,0.857,0,0.404,-0.12,0.369,0,0.578,,,,0.17,-1.28,1,0,0.313,,,
13301,20111107,-93.15,39.87,0.14,-1.38,1,0,0.227,-0.99,0.976,0,0.26,-0.96,0.857,0,0.414,-0.07,0.339,0,0.577,,,,0.184,-1.21,1,0,0.324,,,
13301,20111108,-93.15,39.87,0.158,-1.23,0.952,0,0.247,-0.82,0.923,0.024,0.283,-0.81,0.792,0.024,0.43,0.01,0.214,0.06,0.576,,,,0.203,-1.06,0.946,0,0.339,,,
13301,20111109,-93.15,39.87,0.186,-0.99,0.863,0,0.272,-0.57,0.78,0.06,0.318,-0.51,0.649,0.107,0.457,0.16,0.071,0.202,0.576,,,,0.229,-0.81,0.81,0,0.362,,,
13301,20111110,-93.15,39.87,0.207,-0.8,0.768,0,0.295,-0.31,0.637,0.173,0.347,-0.26,0.571,0.25,0.484,0.32,0,0.345,0.576,,,,0.251,-0.6,0.667,0.012,0.382,,,
13301,20111111,-93.15,39.87,0.216,-0.72,0.768,0,0.303,-0.22,0.518,0.173,0.362,-0.13,0.506,0.393,0.504,0.43,0,0.488,0.575,,,,0.259,-0.53,0.524,0.012,0.392,,,
13301,20111112,-93.15,39.87,0.226,-0.63,0.768,0,0.311,-0.12,0.375,0.173,0.378,0.02,0.363,0.536,0.523,0.54,0,0.631,0.575,,,,0.269,-0.44,0.381,0.012,0.403,,,
13301,20111113,-93.15,39.87,0.237,-0.54,0.768,0,0.32,-0.01,0.232,0.173,0.395,0.17,0.22,0.679,0.542,0.66,0,0.774,0.575,,,,0.279,-0.34,0.304,0.012,0.414,,,
13301,20111114,-93.15,39.87,0.248,-0.45,0.768,0,0.329,0.1,0.089,0.173,0.411,0.33,0.077,0.792,0.562,0.77,0,0.917,0.575,,,,0.288,-0.24,0.298,0.012,0.425,,,
13301,20111115,-93.15,39.87,0.251,-0.42,0.815,0,0.332,0.16,0,0.149,0.421,0.42,0,0.78,0.575,0.84,0,1,0.574,,,,0.292,-0.21,0.351,0.012,0.431,,,
13301,20111116,-93.15,39.87,0.244,-0.49,0.905,0,0.329,0.12,0,0.113,0.417,0.38,0,0.696,0.577,0.85,0,1,0.574,,,,0.287,-0.27,0.488,0.012,0.428,,,
13301,20111117,-93.15,39.87,0.236,-0.57,1,0,0.324,0.04,0,0,0.406,0.28,0,0.554,0.569,0.79,0,1,0.573,,,,0.28,-0.35,0.631,0,0.422,,,
13301,20111118,-93.15,39.87,0.231,-0.62,1,0,0.32,-0.02,0,0,0.402,0.23,0,0.411,0.559,0.73,0,0.964,0.572,,,,0.275,-0.4,0.774,0,0.417,,,
13301,20111119,-93.15,39.87,0.226,-0.66,1,0,0.317,-0.07,0.012,0,0.398,0.18,0,0.268,0.553,0.69,0,0.863,0.571,,,,0.271,-0.44,0.917,0,0.413,,,
13301,20111120,-93.15,39.87,0.221,-0.71,1,0,0.314,-0.11,0.054,0,0.395,0.15,0,0.125,0.546,0.65,0,0.726,0.571,,,,0.268,-0.48,0.994,0,0.409,,,
13301,20111121,-93.15,39.87,0.216,-0.75,1,0,0.311,-0.16,0.196,0,0.392,0.11,0,0.012,0.539,0.61,0,0.589,0.571,,,,0.264,-0.52,1,0,0.406,,,
13301,20111122,-93.15,39.87,0.213,-0.79,1,0,0.308,-0.19,0.339,0,0.389,0.07,0,0,0.533,0.57,0,0.446,0.57,,,,0.261,-0.55,1,0,0.403,,,
13301,20111123,-93.15,39.87,0.214,-0.78,1,0,0.308,-0.21,0.339,0,0.387,0.05,0,0,0.527,0.54,0,0.327,0.57,,,,0.261,-0.55,1,0,0.401,,,
13301,20111124,-93.15,39.87,0.214,-0.78,1,0,0.307,-0.22,0.339,0,0.386,0.03,0,0,0.525,0.54,0,0.256,0.57,,,,0.261,-0.54,1,0,0.401,,,
13301,20111125,-93.15,39.87,0.216,-0.76,1,0,0.306,-0.23,0.339,0,0.385,0.02,0,0,0.524,0.54,0,0.185,0.571,,,,0.261,-0.53,1,0,0.401,,,
13301,20111126,-93.15,39.87,0.219,-0.75,0.994,0,0.306,-0.23,0.333,0,0.385,0.01,0,0,0.524,0.54,0,0.196,0.571,,,,0.262,-0.51,0.994,0,0.401,,,
13301,20111127,-93.15,39.87,0.233,-0.64,0.851,0,0.324,-0.01,0.292,0.137,0.4,0.16,0,0.143,0.534,0.61,0,0.333,0.571,,,,0.278,-0.34,0.851,0.083,0.412,,,
13301,20111128,-93.15,39.87,0.244,-0.55,0.708,0,0.333,0.11,0.149,0.226,0.414,0.3,0,0.286,0.545,0.68,0,0.47,0.57,,,,0.288,-0.24,0.708,0.083,0.421,,,
13301,20111129,-93.15,39.87,0.254,-0.47,0.565,0,0.34,0.2,0.006,0.226,0.425,0.4,0,0.429,0.553,0.74,0,0.613,0.57,,,,0.297,-0.15,0.565,0.083,0.429,,,
13301,20111130,-93.15,39.87,0.259,-0.44,0.488,0,0.345,0.26,0.006,0.226,0.434,0.47,0,0.571,0.561,0.79,0,0.732,0.57,,,,0.302,-0.11,0.423,0.083,0.434,,,
13301,20111201,-93.15,39.87,0.265,-0.41,0.488,0,0.35,0.31,0.006,0.226,0.441,0.53,0,0.714,0.568,0.84,0,0.804,0.57,,,,0.308,-0.06,0.28,0.083,0.439,,,
13301,20111202,-93.15,39.87,0.271,-0.37,0.488,0,0.354,0.36,0.006,0.226,0.448,0.58,0,0.845,0.575,0.89,0,0.911,0.569,,,,0.313,-0.03,0.137,0.083,0.443,,,
13301,20111203,-93.15,39.87,0.277,-0.34,0.47,0,0.359,0.4,0,0.226,0.454,0.63,0,0.863,0.583,0.94,0,1,0.568,,,,0.318,0.01,0,0.083,0.448,,,
13301,20111204,-93.15,39.87,0.294,-0.22,0.47,0.089,0.366,0.45,0,0.214,0.457,0.63,0,0.863,0.582,0.94,0,1,0.567,,,,0.33,0.08,0,0.119,0.453,,,
13301,20111205,-93.15,39.87,0.309,-0.13,0.47,0.149,0.388,0.65,0,0.268,0.465,0.66,0,0.863,0.582,0.94,0,1,0.567,,,,0.348,0.22,0,0.262,0.462,,,
13301,20111206,-93.15,39.87,0.319,-0.07,0.47,0.149,0.402,0.77,0,0.411,0.477,0.74,0,0.863,0.584,0.95,0,1,0.566,,,,0.36,0.3,0,0.339,0.47,,,
13301,20111207,-93.15,39.87,0.327,-0.03,0.405,0.149,0.41,0.83,0,0.53,0.487,0.8,0,0.863,0.587,0.96,0,1,0.566,,,,0.369,0.34,0,0.339,0.475,,,
13301,20111208,-93.15,39.87,0.335,0.01,0.262,0.149,0.416,0.86,0,0.53,0.496,0.86,0,0.863,0.59,0.96,0,1,0.565,,,,0.375,0.37,0,0.339,0.48,,,
13301,20111209,-93.15,39.87,0.343,0.05,0.119,0.149,0.42,0.88,0,0.53,0.502,0.89,0,0.875,0.593,0.97,0,1,0.565,,,,0.382,0.4,0,0.339,0.485,,,
13301,20111210,-93.15,39.87,0.349,0.08,0,0.149,0.424,0.9,0,0.53,0.507,0.91,0,0.982,0.595,0.98,0,1,0.564,,,,0.387,0.42,0,0.339,0.488,,,
13301,20111211,-93.15,39.87,0.332,-0.08,0,0.06,0.406,0.69,0,0.405,0.499,0.82,0,0.845,0.596,0.96,0,1,0.564,,,,0.369,0.24,0,0.22,0.479,,,
13301,20111212,-93.15,39.87,0.32,-0.18,0,0,0.382,0.42,0,0.262,0.486,0.69,0,0.702,0.595,0.94,0,1,0.563,,,,0.351,0.07,0,0.077,0.469,,,
13301,20111213,-93.15,39.87,0.315,-0.23,0,0,0.368,0.26,0,0.119,0.473,0.57,0,0.56,0.595,0.91,0,1,0.562,,,,0.341,-0.02,0,0,0.463,,,
13301,20111214,-93.15,39.87,0.316,-0.23,0,0.006,0.365,0.21,0,0.018,0.466,0.49,0,0.47,0.594,0.89,0,1,0.562,,,,0.341,-0.05,0,0.006,0.461,,,
13301,20111215,-93.15,39.87,0.352,0,0,0.149,0.384,0.33,0,0.161,0.471,0.51,0,0.47,0.594,0.86,0,1,0.561,,,,0.368,0.12,0,0.149,0.473,,,
13301,20111216,-93.15,39.87,0.374,0.14,0,0.292,0.406,0.46,0,0.304,0.48,0.55,0,0.47,0.595,0.84,0,1,0.561,,,,0.39,0.24,0,0.292,0.483,,,
13301,20111217,-93.15,39.87,0.389,0.23,0,0.375,0.428,0.6,0,0.446,0.491,0.61,0,0.488,0.595,0.82,0,1,0.561,,,,0.409,0.35,0,0.435,0.493,,,
13301,20111218,-93.15,39.87,0.402,0.31,0,0.375,0.449,0.73,0,0.589,0.502,0.68,0,0.625,0.595,0.81,0,1,0.561,,,,0.426,0.45,0,0.56,0.502,,,
13301,20111219,-93.15,39.87,0.413,0.37,0,0.375,0.466,0.82,0,0.732,0.515,0.76,0,0.768,0.596,0.79,0,1,0.56,,,,0.439,0.53,0,0.56,0.51,,,
13301,20111220,-93.15,39.87,0.434,0.5,0,0.435,0.482,0.92,0,0.845,0.528,0.84,0,0.911,0.596,0.78,0,1,0.56,,,,0.458,0.65,0,0.619,0.52,,,
13301,20111221,-93.15,39.87,0.466,0.73,0,0.571,0.501,1.03,0,0.97,0.538,0.9,0,1,0.597,0.77,0,1,0.56,,,,0.484,0.81,0,0.756,0.532,,,
13301,20111222,-93.15,39.87,0.463,0.71,0,0.571,0.5,1,0,0.97,0.539,0.89,0,1,0.597,0.76,0,1,0.56,,,,0.481,0.8,0,0.756,0.532,,,
13301,20111223,-93.15,39.87,0.465,0.71,0,0.571,0.499,0.98,0,0.97,0.54,0.89,0,1,0.597,0.74,0,1,0.559,,,,0.482,0.8,0,0.756,0.532,,,
13301,20111224,-93.15,39.87,0.467,0.72,0,0.607,0.498,0.96,0,0.97,0.54,0.89,0,1,0.597,0.74,0,1,0.559,,,,0.483,0.81,0,0.756,0.532,,,
13301,20111225,-93.15,39.87,0.47,0.73,0,0.607,0.499,0.96,0,0.97,0.541,0.89,0,1,0.597,0.73,0,1,0.558,,,,0.484,0.82,0,0.774,0.533,,,
13301,20111226,-93.15,39.87,0.472,0.73,0,0.607,0.5,0.96,0,0.97,0.541,0.88,0,1,0.597,0.73,0,1,0.558,,,,0.486,0.83,0,0.798,0.534,,,
13301,20111227,-93.15,39.87,0.462,0.65,0,0.548,0.498,0.94,0,0.952,0.541,0.88,0,1,0.596,0.74,0,1,0.557,,,,0.48,0.78,0,0.738,0.531,,,
13301,20111228,-93.15,39.87,0.435,0.43,0,0.405,0.489,0.87,0,0.881,0.54,0.87,0,1,0.596,0.74,0,1,0.557,,,,0.462,0.64,0,0.595,0.523,,,
13301,20111229,-93.15,39.87,0.41,0.24,0,0.262,0.475,0.77,0,0.738,0.54,0.85,0,1,0.596,0.75,0,1,0.557,,,,0.443,0.5,0,0.452,0.516,,,
13301,20111230,-93.15,39.87,0.394,0.11,0,0.119,0.46,0.65,0,0.595,0.539,0.84,0,1,0.595,0.75,0,1,0.557,,,,0.427,0.37,0,0.31,0.509,,,
13301,20111231,-93.15,39.87,0.384,0.03,0,0,0.443,0.53,0,0.452,0.538,0.83,0,1,0.594,0.76,0,1,0.557,,,,0.414,0.27,0,0.167,0.503,,,
13301,20120101,-93.15,39.87,0.376,-0.04,0,0,0.426,0.4,0,0.31,0.533,0.79,0,1,0.593,0.76,0,1,0.557,,,,0.401,0.17,0,0.024,0.497,,,
13301,20120102,-93.15,39.87,0.37,-0.09,0.089,0,0.412,0.29,0,0.167,0.524,0.72,0,0.952,0.593,0.76,0,1,0.557,,,,0.391,0.08,0,0,0.491,,,
13301,20120103,-93.15,39.87,0.364,-0.15,0.232,0,0.399,0.19,0,0.071,0.514,0.65,0,0.81,0.593,0.77,0,1,0.557,,,,0.382,0.01,0.018,0,0.486,,,
13301,20120104,-93.15,39.87,0.358,-0.2,0.375,0,0.388,0.09,0,0,0.502,0.56,0,0.667,0.593,0.78,0,1,0.557,,,,0.373,-0.06,0.161,0,0.48,,,
13301,20120105,-93.15,39.87,0.354,-0.24,0.518,0,0.38,0.03,0,0,0.49,0.47,0,0.524,0.593,0.79,0,1,0.557,,,,0.367,-0.11,0.214,0,0.475,,,
13301,20120106,-93.15,39.87,0.35,-0.28,0.661,0,0.374,-0.03,0,0,0.479,0.39,0,0.381,0.593,0.79,0,1,0.556,,,,0.362,-0.15,0.232,0,0.47,,,
13301,20120107,-93.15,39.87,0.346,-0.31,0.804,0,0.369,-0.08,0,0,0.469,0.31,0,0.238,0.592,0.8,0,1,0.556,,,,0.357,-0.19,0.315,0,0.466,,,
13301,20120108,-93.15,39.87,0.343,-0.34,0.946,0,0.364,-0.12,0,0,0.461,0.25,0,0.095,0.592,0.8,0,1,0.555,,,,0.354,-0.23,0.458,0,0.463,,,
13301,20120109,-93.15,39.87,0.341,-0.36,1,0,0.361,-0.15,0,0,0.457,0.21,0,0,0.591,0.8,0,1,0.555,,,,0.351,-0.25,0.601,0,0.461,,,
13301,20120110,-93.15,39.87,0.339,-0.37,1,0,0.359,-0.18,0,0,0.454,0.18,0,0,0.59,0.8,0,1,0.554,,,,0.349,-0.27,0.726,0,0.459,,,
13301,20120111,-93.15,39.87,0.339,-0.37,1,0,0.358,-0.19,0.089,0,0.452,0.17,0,0,0.59,0.8,0,1,0.554,,,,0.348,-0.29,0.726,0,0.459,,,
13301,20120112,-93.15,39.87,0.337,-0.39,1,0,0.357,-0.21,0.232,0,0.451,0.15,0,0,0.59,0.8,0,1,0.553,,,,0.347,-0.3,0.815,0,0.457,,,
13301,20120113,-93.15,39.87,0.335,-0.41,1,0,0.355,-0.23,0.375,0,0.449,0.13,0,0,0.59,0.79,0,1,0.553,,,,0.345,-0.33,0.94,0,0.456,,,
13301,20120114,-93.15,39.87,0.333,-0.43,1,0,0.353,-0.26,0.518,0,0.446,0.11,0,0,0.59,0.79,0,1,0.553,,,,0.343,-0.35,1,0,0.455,,,
13301,20120115,-93.15,39.87,0.331,-0.45,1,0,0.351,-0.28,0.661,0,0.444,0.09,0,0,0.589,0.78,0,1,0.552,,,,0.341,-0.37,1,0,0.454,,,
13301,20120116,-93.15,39.87,0.334,-0.44,0.958,0,0.352,-0.28,0.702,0,0.445,0.09,0,0,0.589,0.74,0,1,0.552,,,,0.343,-0.37,0.964,0,0.454,,,
13301,20120117,-93.15,39.87,0.336,-0.42,0.958,0,0.354,-0.27,0.702,0,0.447,0.1,0,0,0.589,0.7,0,0.994,0.552,,,,0.345,-0.36,0.964,0,0.456,,,
13301,20120118,-93.15,39.87,0.337,-0.43,0.958,0,0.354,-0.27,0.738,0,0.448,0.1,0,0,0.59,0.66,0,0.994,0.552,,,,0.346,-0.36,0.964,0,0.456,,,
13301,20120119,-93.15,39.87,0.337,-0.44,0.958,0,0.355,-0.27,0.738,0,0.448,0.1,0,0,0.59,0.62,0,0.994,0.552,,,,0.346,-0.38,0.964,0,0.456,,,
13301,20120120,-93.15,39.87,0.336,-0.45,0.958,0,0.355,-0.28,0.738,0,0.448,0.09,0,0,0.59,0.59,0,0.994,0.551,,,,0.345,-0.39,0.964,0,0.456,,,
13301,20120121,-93.15,39.87,0.335,-0.46,0.957,0,0.354,-0.29,0.738,0,0.448,0.09,0,0,0.59,0.55,0,0.994,0.551,,,,0.345,-0.4,0.963,0,0.456,,,
13301,20120122,-93.15,39.87,0.337,-0.45,0.949,0,0.354,-0.29,0.738,0,0.448,0.08,0,0,0.589,0.54,0,0.994,0.551,,,,0.347,-0.39,0.956,0,0.457,,,
13301,20120123,-93.15,39.87,,,,,0.352,-0.32,0.839,0,0.446,0.06,0,0,0.589,0.53,0,0.994,0.55,,,,,,,,,,,
13301,20120124,-93.15,39.87,,,,,0.349,-0.36,0.982,0,0.442,0.03,0,0,0.589,0.55,0,1,0.55,,,,,,,,,,,
13301,20120125,-93.15,39.87,,,,,0.347,-0.39,1,0,0.439,0,0,0,0.588,0.55,0,1,0.549,,,,,,,,,,,
13301,20120126,-93.15,39.87,,,,,0.346,-0.42,1,0,0.437,-0.02,0,0,0.588,0.56,0,1,0.549,,,,,,,,,,,
13301,20120127,-93.15,39.87,,,,,0.346,-0.43,1,0,0.437,-0.03,0,0,0.587,0.56,0,1,0.548,,,,,,,,,,,
13301,20120128,-93.15,39.87,,,,,0.349,-0.43,0.94,0,0.439,-0.03,0,0,0.587,0.57,0,1,0.548,,,,,,,,,,,
13301,20120129,-93.15,39.87,0.336,-0.5,0.856,0,0.359,-0.38,0.798,0,0.45,0.05,0,0.095,0.587,0.57,0,1,0.548,,,,0.348,-0.49,0.856,0,0.457,,,
13301,20120130,-93.15,39.87,0.341,-0.47,0.835,0,0.369,-0.31,0.655,0,0.464,0.16,0,0.238,0.588,0.58,0,1,0.548,,,,0.355,-0.44,0.726,0,0.462,,,
13301,20120131,-93.15,39.87,0.345,-0.44,0.815,0,0.379,-0.26,0.512,0,0.479,0.26,0,0.381,0.588,0.58,0,1,0.548,,,,0.362,-0.4,0.589,0,0.468,,,
13301,20120201,-93.15,39.87,0.351,-0.4,0.75,0,0.387,-0.22,0.369,0,0.494,0.37,0,0.524,0.588,0.59,0,1,0.549,,,,0.369,-0.36,0.482,0,0.474,,,
13301,20120202,-93.15,39.87,0.356,-0.36,0.75,0,0.393,-0.19,0.226,0,0.506,0.46,0,0.631,0.589,0.6,0,1,0.549,,,,0.375,-0.32,0.482,0,0.479,,,
13301,20120203,-93.15,39.87,0.359,-0.34,0.75,0,0.397,-0.18,0.107,0,0.514,0.52,0,0.631,0.59,0.61,0,1,0.549,,,,0.378,-0.3,0.482,0,0.482,,,
13301,20120204,-93.15,39.87,0.382,-0.17,0.679,0.101,0.414,-0.06,0.036,0.101,0.524,0.6,0,0.738,0.591,0.61,0,1,0.549,,,,0.398,-0.15,0.393,0.101,0.492,,,
13301,20120205,-93.15,39.87,0.411,0.04,0.619,0.244,0.43,0.06,0.036,0.244,0.527,0.63,0,0.786,0.592,0.62,0,1,0.549,,,,0.421,0.03,0.351,0.244,0.502,,,
13301,20120206,-93.15,39.87,0.44,0.25,0.512,0.387,0.445,0.18,0.036,0.387,0.528,0.65,0,0.786,0.592,0.63,0,1,0.549,,,,0.442,0.21,0.351,0.387,0.511,,,
13301,20120207,-93.15,39.87,0.459,0.4,0.393,0.53,0.462,0.32,0.036,0.53,0.528,0.67,0,0.786,0.593,0.63,0,1,0.549,,,,0.461,0.36,0.351,0.53,0.518,,,
13301,20120208,-93.15,39.87,0.475,0.52,0.315,0.661,0.481,0.47,0.036,0.673,0.528,0.68,0,0.786,0.593,0.63,0,1,0.549,,,,0.478,0.51,0.315,0.673,0.525,,,
13301,20120209,-93.15,39.87,0.489,0.63,0.173,0.661,0.502,0.64,0.036,0.815,0.531,0.72,0,0.821,0.593,0.63,0,1,0.548,,,,0.495,0.65,0.173,0.815,0.533,,,
13301,20120210,-93.15,39.87,0.501,0.72,0.03,0.661,0.524,0.82,0.012,0.958,0.537,0.79,0,0.964,0.593,0.63,0,1,0.549,,,,0.512,0.79,0.03,0.952,0.541,,,
13301,20120211,-93.15,39.87,0.487,0.62,0,0.56,0.523,0.81,0,0.929,0.54,0.82,0,1,0.593,0.63,0,1,0.549,,,,0.505,0.73,0,0.881,0.538,,,
13301,20120212,-93.15,39.87,0.455,0.38,0.137,0.417,0.504,0.63,0.071,0.786,0.536,0.79,0,0.94,0.593,0.62,0,1,0.548,,,,0.48,0.51,0.131,0.738,0.527,,,
13301,20120213,-93.15,39.87,0.423,0.14,0.28,0.274,0.482,0.42,0.214,0.643,0.527,0.69,0,0.798,0.593,0.62,0,1,0.549,,,,0.452,0.28,0.274,0.595,0.515,,,
13301,20120214,-93.15,39.87,0.397,-0.07,0.423,0.131,0.459,0.22,0.357,0.5,0.519,0.59,0,0.655,0.592,0.61,0,1,0.548,,,,0.428,0.06,0.417,0.452,0.503,,,
13301,20120215,-93.15,39.87,0.382,-0.18,0.476,0,0.448,0.11,0.405,0.429,0.515,0.56,0,0.607,0.591,0.61,0,1,0.549,,,,0.415,-0.05,0.47,0.31,0.497,,,
13301,20120216,-93.15,39.87,0.383,-0.17,0.476,0.083,0.444,0.07,0.405,0.429,0.514,0.55,0,0.607,0.591,0.61,0,1,0.548,,,,0.413,-0.07,0.47,0.25,0.496,,,
13301,20120217,-93.15,39.87,0.389,-0.12,0.476,0.214,0.44,0.04,0.405,0.429,0.513,0.55,0,0.607,0.59,0.62,0,1,0.548,,,,0.415,-0.05,0.47,0.256,0.496,,,
13301,20120218,-93.15,39.87,0.394,-0.08,0.476,0.238,0.443,0.09,0.405,0.5,0.513,0.55,0,0.607,0.59,0.62,0,1,0.548,,,,0.418,-0.01,0.47,0.363,0.498,,,
13301,20120219,-93.15,39.87,0.402,0,0.339,0.238,0.46,0.25,0.333,0.643,0.516,0.6,0,0.667,0.59,0.63,0,1,0.548,,,,0.431,0.12,0.339,0.363,0.503,,,
13301,20120220,-93.15,39.87,0.411,0.08,0.196,0.238,0.476,0.41,0.19,0.762,0.525,0.72,0,0.81,0.59,0.64,0,1,0.548,,,,0.443,0.24,0.196,0.363,0.51,,,
13301,20120221,-93.15,39.87,0.421,0.16,0.054,0.238,0.489,0.54,0.048,0.792,0.533,0.82,0,0.952,0.59,0.64,0,1,0.548,,,,0.455,0.36,0.054,0.387,0.516,,,
13301,20120222,-93.15,39.87,0.426,0.21,0,0.238,0.496,0.62,0,0.863,0.537,0.88,0,1,0.59,0.64,0,1,0.548,,,,0.461,0.43,0,0.494,0.519,,,
13301,20120223,-93.15,39.87,0.417,0.15,0,0.155,0.491,0.6,0,0.804,0.538,0.91,0,1,0.59,0.63,0,1,0.548,,,,0.454,0.39,0,0.417,0.517,,,
13301,20120224,-93.15,39.87,0.408,0.09,0,0.024,0.492,0.62,0,0.804,0.539,0.94,0,1,0.59,0.61,0,1,0.548,,,,0.45,0.37,0,0.417,0.515,,,
13301,20120225,-93.15,39.87,0.403,0.05,0,0,0.491,0.62,0,0.804,0.54,0.97,0,1,0.59,0.59,0,1,0.548,,,,0.447,0.35,0,0.387,0.515,,,
13301,20120226,-93.15,39.87,0.4,0.02,0,0,0.483,0.54,0,0.661,0.541,0.98,0,1,0.591,0.56,0,0.994,0.548,,,,0.441,0.3,0,0.387,0.512,,,
13301,20120227,-93.15,39.87,0.397,0,0,0,0.474,0.46,0,0.542,0.541,0.99,0,1,0.592,0.53,0,0.994,0.548,,,,0.436,0.25,0,0.387,0.51,,,
13301,20120228,-93.15,39.87,0.394,-0.02,0,0,0.465,0.36,0,0.512,0.539,0.95,0,1,0.592,0.5,0,0.988,0.548,,,,0.43,0.19,0,0.363,0.508,,,
13301,20120229,-93.15,39.87,0.397,0,0.03,0.036,0.455,0.25,0.03,0.405,0.537,0.9,0,1,0.593,0.47,0,0.976,0.548,,,,0.426,0.15,0.03,0.292,0.506,,,
13301,20120301,-93.15,39.87,0.417,0.16,0.03,0.179,0.461,0.3,0.03,0.464,0.537,0.89,0,1,0.594,0.46,0,0.976,0.549,,,,0.439,0.25,0.03,0.429,0.511,,,
13301,20120302,-93.15,39.87,0.424,0.21,0.03,0.304,0.463,0.3,0.03,0.464,0.538,0.87,0,1,0.594,0.44,0,0.97,0.549,,,,0.443,0.28,0.03,0.429,0.513,,,
13301,20120303,-93.15,39.87,0.44,0.33,0.03,0.423,0.465,0.31,0.03,0.464,0.539,0.85,0,1,0.594,0.43,0,0.964,0.549,,,,0.452,0.35,0.03,0.464,0.517,,,
13301,20120304,-93.15,39.87,0.451,0.42,0.03,0.542,0.476,0.41,0.03,0.607,0.539,0.83,0,1,0.594,0.41,0,0.97,0.549,,,,0.463,0.44,0.03,0.607,0.522,,,
13301,20120305,-93.15,39.87,0.46,0.49,0.03,0.571,0.49,0.54,0.03,0.75,0.54,0.82,0,1,0.594,0.41,0,0.97,0.549,,,,0.475,0.54,0.03,0.75,0.527,,,
13301,20120306,-93.15,39.87,0.467,0.54,0.03,0.571,0.504,0.67,0.03,0.893,0.544,0.84,0,1,0.595,0.4,0,0.976,0.549,,,,0.485,0.62,0.03,0.786,0.532,,,
13301,20120307,-93.15,39.87,0.464,0.51,0,0.536,0.506,0.69,0,0.869,0.547,0.86,0,1,0.595,0.4,0,0.988,0.549,,,,0.485,0.62,0,0.75,0.532,,,
13301,20120308,-93.15,39.87,0.446,0.35,0,0.411,0.494,0.58,0,0.744,0.547,0.85,0,1,0.595,0.39,0,0.988,0.549,,,,0.47,0.48,0,0.625,0.526,,,
13301,20120309,-93.15,39.87,0.455,0.41,0,0.429,0.494,0.58,0,0.744,0.548,0.84,0,1,0.595,0.39,0,0.994,0.549,,,,0.474,0.51,0,0.625,0.528,,,
13301,20120310,-93.15,39.87,0.445,0.32,0,0.363,0.494,0.58,0,0.744,0.548,0.83,0,1,0.595,0.38,0,1,0.549,,,,0.47,0.45,0,0.613,0.526,,,
13301,20120311,-93.15,39.87,0.439,0.25,0,0.244,0.489,0.52,0,0.696,0.549,0.81,0,1,0.595,0.37,0,1,0.549,,,,0.464,0.39,0,0.47,0.524,,,
13301,20120312,-93.15,39.87,0.447,0.29,0,0.292,0.485,0.48,0,0.655,0.55,0.79,0,1,0.595,0.36,0,1,0.549,,,,0.466,0.38,0,0.405,0.525,,,
13301,20120313,-93.15,39.87,0.469,0.43,0,0.435,0.49,0.51,0,0.655,0.551,0.77,0,1,0.595,0.35,0,1,0.549,,,,0.479,0.47,0,0.512,0.531,,,
13301,20120314,-93.15,39.87,0.484,0.53,0,0.53,0.501,0.6,0,0.786,0.552,0.76,0,1,0.595,0.34,0,1,0.549,,,,0.493,0.56,0,0.655,0.536,,,
13301,20120315,-93.15,39.87,0.493,0.57,0,0.512,0.514,0.7,0,0.911,0.554,0.74,0,1,0.595,0.34,0,1,0.55,,,,0.503,0.63,0,0.702,0.541,,,
13301,20120316,-93.15,39.87,0.48,0.45,0,0.369,0.51,0.64,0,0.821,0.555,0.72,0,1,0.596,0.34,0,1,0.55,,,,0.495,0.53,0,0.56,0.538,,,
13301,20120317,-93.15,39.87,0.475,0.39,0,0.315,0.499,0.52,0,0.679,0.555,0.69,0,1,0.598,0.35,0,1,0.551,,,,0.487,0.45,0,0.429,0.536,,,
13301,20120318,-93.15,39.87,0.473,0.36,0,0.315,0.487,0.4,0.054,0.583,0.551,0.62,0,0.887,0.6,0.37,0,1,0.552,,,,0.48,0.38,0,0.429,0.533,,,
13301,20120319,-93.15,39.87,0.459,0.25,0,0.238,0.473,0.26,0.196,0.482,0.544,0.51,0,0.744,0.603,0.39,0,1,0.553,,,,0.466,0.25,0.089,0.351,0.526,,,
13301,20120320,-93.15,39.87,0.445,0.15,0,0.155,0.463,0.15,0.268,0.399,0.538,0.43,0,0.661,0.605,0.41,0,1,0.554,,,,0.454,0.14,0.161,0.268,0.521,,,
13301,20120321,-93.15,39.87,0.453,0.21,0,0.202,0.465,0.17,0.268,0.399,0.539,0.42,0,0.661,0.608,0.44,0,1,0.555,,,,0.459,0.19,0.161,0.268,0.524,,,
13301,20120322,-93.15,39.87,0.469,0.34,0,0.345,0.467,0.2,0.268,0.399,0.539,0.41,0,0.661,0.61,0.46,0,1,0.557,,,,0.468,0.28,0.161,0.345,0.528,,,
13301,20120323,-93.15,39.87,0.489,0.51,0,0.488,0.475,0.28,0.268,0.488,0.539,0.4,0,0.661,0.612,0.48,0,1,0.558,,,,0.482,0.41,0.161,0.488,0.535,,,
13301,20120324,-93.15,39.87,0.511,0.68,0,0.631,0.489,0.42,0.268,0.631,0.54,0.41,0,0.661,0.613,0.49,0,1,0.559,,,,0.5,0.57,0.161,0.631,0.542,,,
13301,20120325,-93.15,39.87,0.524,0.78,0,0.708,0.509,0.6,0.214,0.774,0.545,0.46,0,0.774,0.613,0.5,0,1,0.56,,,,0.516,0.71,0.161,0.774,0.55,,,
13301,20120326,-93.15,39.87,0.531,0.83,0,0.708,0.522,0.73,0.071,0.827,0.554,0.56,0,0.917,0.614,0.5,0,1,0.561,,,,0.526,0.8,0.071,0.815,0.556,,,
13301,20120327,-93.15,39.87,0.524,0.77,0,0.649,0.517,0.69,0.036,0.768,0.558,0.6,0,0.935,0.614,0.5,0,1,0.562,,,,0.521,0.75,0,0.756,0.555,,,
13301,20120328,-93.15,39.87,0.502,0.6,0,0.506,0.498,0.5,0.179,0.625,0.55,0.51,0,0.792,0.614,0.49,0,1,0.562,,,,0.5,0.56,0.048,0.613,0.545,,,
13301,20120329,-93.15,39.87,0.478,0.4,0,0.363,0.476,0.3,0.321,0.482,0.539,0.38,0.083,0.649,0.613,0.48,0,1,0.563,,,,0.477,0.36,0.185,0.47,0.534,,,
13301,20120330,-93.15,39.87,0.476,0.42,0,0.363,0.474,0.29,0.321,0.482,0.538,0.39,0.083,0.649,0.614,0.48,0,1,0.563,,,,0.475,0.36,0.185,0.47,0.533,,,
13301,20120331,-93.15,39.87,0.472,0.42,0,0.363,0.472,0.3,0.321,0.482,0.538,0.42,0.083,0.649,0.614,0.48,0,1,0.563,,,,0.472,0.36,0.185,0.47,0.532,,,
13301,20120401,-93.15,39.87,0.469,0.41,0,0.369,0.47,0.3,0.321,0.482,0.537,0.45,0.083,0.649,0.614,0.47,0,1,0.564,,,,0.469,0.36,0.185,0.47,0.531,,,
13301,20120402,-93.15,39.87,0.466,0.4,0,0.369,0.464,0.26,0.321,0.464,0.536,0.47,0.083,0.649,0.614,0.47,0,1,0.565,,,,0.465,0.33,0.185,0.44,0.529,,,
13301,20120403,-93.15,39.87,0.465,0.4,0,0.369,0.46,0.25,0.369,0.464,0.53,0.44,0.083,0.607,0.615,0.47,0,1,0.566,,,,0.463,0.33,0.185,0.44,0.527,,,
13301,20120404,-93.15,39.87,0.464,0.4,0,0.369,0.459,0.25,0.369,0.464,0.527,0.44,0.083,0.607,0.615,0.47,0,1,0.566,,,,0.461,0.33,0.185,0.44,0.526,,,
13301,20120405,-93.15,39.87,0.465,0.41,0,0.393,0.46,0.28,0.345,0.476,0.527,0.48,0,0.625,0.616,0.47,0,1,0.567,,,,0.462,0.35,0.167,0.452,0.527,,,
13301,20120406,-93.15,39.87,0.453,0.31,0,0.333,0.458,0.27,0.345,0.476,0.526,0.51,0,0.625,0.616,0.46,0,1,0.567,,,,0.456,0.3,0.167,0.446,0.524,,,
13301,20120407,-93.15,39.87,0.437,0.16,0,0.19,0.443,0.14,0.345,0.339,0.523,0.5,0,0.613,0.617,0.46,0,1,0.568,,,,0.44,0.16,0.167,0.304,0.517,,,
13301,20120408,-93.15,39.87,0.445,0.26,0,0.238,0.44,0.13,0.345,0.321,0.521,0.5,0,0.601,0.617,0.47,0,1,0.568,,,,0.443,0.2,0.167,0.286,0.518,,,
13301,20120409,-93.15,39.87,0.448,0.3,0,0.304,0.448,0.22,0.345,0.429,0.522,0.52,0,0.601,0.618,0.46,0,1,0.568,,,,0.448,0.27,0.167,0.417,0.521,,,
13301,20120410,-93.15,39.87,0.449,0.33,0,0.304,0.451,0.27,0.262,0.44,0.525,0.58,0,0.69,0.617,0.46,0,1,0.568,,,,0.45,0.3,0.167,0.417,0.522,,,
13301,20120411,-93.15,39.87,0.449,0.35,0,0.304,0.451,0.3,0.119,0.44,0.525,0.61,0,0.69,0.617,0.45,0,1,0.568,,,,0.45,0.33,0.119,0.417,0.522,,,
13301,20120412,-93.15,39.87,0.446,0.34,0,0.28,0.449,0.3,0.012,0.429,0.523,0.61,0,0.673,0.616,0.44,0,1,0.568,,,,0.447,0.32,0,0.405,0.52,,,
13301,20120413,-93.15,39.87,0.435,0.26,0,0.268,0.43,0.15,0.083,0.286,0.512,0.5,0,0.536,0.616,0.43,0,1,0.568,,,,0.433,0.21,0,0.268,0.512,,,
13301,20120414,-93.15,39.87,0.454,0.47,0,0.411,0.443,0.32,0.083,0.423,0.514,0.54,0,0.548,0.615,0.43,0,1,0.568,,,,0.449,0.4,0,0.411,0.519,,,
13301,20120415,-93.15,39.87,0.46,0.55,0,0.423,0.445,0.4,0.083,0.44,0.514,0.57,0,0.56,0.614,0.42,0,1,0.568,,,,0.453,0.49,0,0.429,0.52,,,
13301,20120416,-93.15,39.87,0.474,0.71,0,0.5,0.449,0.49,0.083,0.44,0.515,0.59,0,0.56,0.614,0.41,0,1,0.568,,,,0.461,0.63,0,0.429,0.524,,,
13301,20120417,-93.15,39.87,0.48,0.8,0,0.643,0.46,0.65,0.083,0.571,0.519,0.68,0,0.577,0.614,0.41,0,1,0.568,,,,0.47,0.75,0,0.571,0.528,,,
13301,20120418,-93.15,39.87,0.484,0.85,0,0.768,0.465,0.72,0.083,0.625,0.526,0.78,0,0.72,0.614,0.41,0,1,0.568,,,,0.474,0.82,0,0.649,0.531,,,
13301,20120419,-93.15,39.87,0.486,0.89,0,0.768,0.467,0.76,0.071,0.625,0.529,0.83,0,0.833,0.614,0.42,0,1,0.569,,,,0.476,0.86,0,0.649,0.533,,,
13301,20120420,-93.15,39.87,0.485,0.89,0,0.696,0.467,0.78,0,0.625,0.53,0.85,0,0.827,0.614,0.42,0,1,0.569,,,,0.476,0.87,0,0.649,0.533,,,
13301,20120421,-93.15,39.87,0.461,0.67,0,0.554,0.448,0.58,0,0.482,0.519,0.74,0,0.685,0.613,0.43,0,1,0.568,,,,0.455,0.66,0,0.506,0.522,,,
13301,20120422,-93.15,39.87,0.436,0.44,0,0.411,0.427,0.35,0,0.339,0.506,0.61,0,0.542,0.613,0.44,0,1,0.568,,,,0.432,0.42,0,0.363,0.51,,,
13301,20120423,-93.15,39.87,0.413,0.22,0,0.268,0.406,0.12,0,0.196,0.493,0.46,0,0.399,0.613,0.45,0,1,0.568,,,,0.41,0.2,0,0.22,0.499,,,
13301,20120424,-93.15,39.87,0.403,0.13,0,0.125,0.388,-0.07,0,0.054,0.48,0.31,0,0.256,0.613,0.47,0,1,0.568,,,,0.395,0.06,0,0.077,0.49,,,
13301,20120425,-93.15,39.87,0.397,0.09,0,0,0.381,-0.14,0,0,0.47,0.2,0,0.113,0.613,0.48,0,1,0.568,,,,0.389,0.01,0,0,0.486,,,
13301,20120426,-93.15,39.87,0.391,0.06,0,0,0.378,-0.16,0,0,0.466,0.17,0,0,0.612,0.49,0,1,0.568,,,,0.385,-0.02,0,0,0.483,,,
13301,20120427,-93.15,39.87,0.385,0.02,0,0,0.376,-0.17,0,0,0.464,0.16,0,0,0.611,0.49,0,0.994,0.569,,,,0.38,-0.05,0,0,0.481,,,
13301,20120428,-93.15,39.87,0.376,-0.03,0,0,0.373,-0.18,0,0,0.461,0.14,0,0,0.605,0.45,0,0.878,0.569,,,,0.374,-0.09,0,0,0.477,,,
13301,20120429,-93.15,39.87,0.367,-0.08,0,0,0.37,-0.19,0,0,0.459,0.13,0,0,0.597,0.4,0,0.732,0.569,,,,0.368,-0.12,0,0,0.472,,,
13301,20120430,-93.15,39.87,0.361,-0.11,0,0,0.366,-0.2,0,0,0.457,0.12,0,0,0.587,0.34,0,0.585,0.57,,,,0.363,-0.15,0,0,0.468,,,
13301,20120501,-93.15,39.87,0.354,-0.14,0,0,0.363,-0.21,0,0,0.455,0.11,0,0,0.578,0.28,0,0.439,0.57,,,,0.359,-0.17,0,0,0.464,,,
13301,20120502,-93.15,39.87,0.352,-0.15,0,0,0.361,-0.21,0,0,0.453,0.11,0,0,0.568,0.22,0,0.293,0.571,,,,0.356,-0.17,0,0,0.461,,,
13301,20120503,-93.15,39.87,0.375,0.03,0,0.134,0.382,-0.02,0,0.134,0.465,0.22,0,0.134,0.564,0.21,0,0.262,0.571,,,,0.379,0.02,0,0.134,0.471,,,
13301,20120504,-93.15,39.87,0.404,0.24,0,0.274,0.406,0.19,0,0.274,0.478,0.35,0,0.274,0.564,0.23,0,0.286,0.571,,,,0.405,0.24,0,0.274,0.485,,,
13301,20120505,-93.15,39.87,0.439,0.48,0,0.417,0.431,0.41,0,0.417,0.493,0.49,0,0.417,0.567,0.28,0,0.399,0.572,,,,0.435,0.48,0,0.417,0.5,,,
13301,20120506,-93.15,39.87,0.464,0.66,0,0.56,0.455,0.61,0,0.56,0.509,0.63,0,0.56,0.573,0.35,0,0.542,0.572,,,,0.46,0.68,0,0.56,0.515,,,
13301,20120507,-93.15,39.87,0.479,0.76,0,0.702,0.476,0.78,0,0.702,0.524,0.77,0,0.702,0.58,0.42,0,0.685,0.572,,,,0.478,0.82,0,0.702,0.526,,,
13301,20120508,-93.15,39.87,0.493,0.85,0,0.845,0.491,0.9,0,0.833,0.539,0.9,0,0.845,0.587,0.49,0,0.827,0.573,,,,0.492,0.92,0,0.845,0.537,,,
13301,20120509,-93.15,39.87,0.5,0.9,0,0.923,0.498,0.95,0,0.833,0.547,0.96,0,0.988,0.594,0.55,0,0.97,0.573,,,,0.499,0.97,0,0.875,0.543,,,
13301,20120510,-93.15,39.87,0.481,0.76,0,0.792,0.48,0.8,0,0.702,0.539,0.87,0,0.982,0.596,0.58,0,1,0.574,,,,0.481,0.82,0,0.744,0.534,,,
13301,20120511,-93.15,39.87,0.456,0.59,0,0.649,0.458,0.62,0,0.56,0.527,0.76,0,0.839,0.597,0.58,0,1,0.575,,,,0.457,0.64,0,0.601,0.523,,,
13301,20120512,-93.15,39.87,0.425,0.38,0,0.506,0.435,0.44,0,0.417,0.514,0.64,0,0.696,0.597,0.59,0,1,0.576,,,,0.43,0.43,0,0.458,0.509,,,
13301,20120513,-93.15,39.87,0.412,0.29,0,0.405,0.415,0.28,0,0.274,0.502,0.52,0,0.554,0.597,0.6,0,1,0.576,,,,0.414,0.3,0,0.315,0.5,,,
13301,20120514,-93.15,39.87,0.404,0.23,0,0.262,0.398,0.14,0,0.131,0.488,0.39,0,0.411,0.596,0.61,0,1,0.577,,,,0.401,0.19,0,0.173,0.493,,,
13301,20120515,-93.15,39.87,0.394,0.16,0,0.119,0.385,0.04,0,0,0.475,0.27,0,0.268,0.596,0.63,0,1,0.578,,,,0.39,0.11,0,0.03,0.486,,,
13301,20120516,-93.15,39.87,0.384,0.09,0,0.042,0.378,-0.01,0,0,0.467,0.2,0,0.125,0.595,0.64,0,1,0.578,,,,0.381,0.05,0,0,0.48,,,
13301,20120517,-93.15,39.87,0.371,0.01,0,0.042,0.373,-0.05,0,0,0.463,0.16,0,0,0.591,0.64,0,1,0.578,,,,0.372,-0.02,0,0,0.475,,,
13301,20120518,-93.15,39.87,0.357,-0.07,0.125,0.042,0.366,-0.1,0,0,0.458,0.12,0,0,0.587,0.64,0,1,0.578,,,,0.361,-0.09,0.048,0,0.469,,,
13301,20120519,-93.15,39.87,0.342,-0.16,0.268,0.042,0.359,-0.15,0,0,0.452,0.07,0,0,0.583,0.63,0,0.994,0.578,,,,0.35,-0.16,0.19,0,0.463,,,
13301,20120520,-93.15,39.87,0.317,-0.31,0.411,0,0.347,-0.23,0.03,0,0.444,0.01,0,0,0.578,0.62,0,0.988,0.578,,,,0.332,-0.28,0.333,0,0.453,,,
13301,20120521,-93.15,39.87,0.291,-0.45,0.554,0,0.336,-0.31,0.173,0,0.434,-0.06,0,0,0.573,0.6,0,0.982,0.578,,,,0.313,-0.4,0.476,0,0.442,,,
13301,20120522,-93.15,39.87,0.267,-0.59,0.696,0,0.323,-0.39,0.315,0,0.423,-0.14,0,0,0.566,0.56,0,0.863,0.578,,,,0.295,-0.52,0.619,0,0.432,,,
13301,20120523,-93.15,39.87,0.246,-0.7,0.839,0,0.31,-0.48,0.458,0,0.411,-0.23,0.095,0,0.56,0.52,0,0.72,0.579,,,,0.278,-0.62,0.762,0,0.421,,,
13301,20120524,-93.15,39.87,0.228,-0.8,0.982,0,0.296,-0.57,0.601,0,0.398,-0.32,0.238,0,0.555,0.48,0,0.577,0.579,,,,0.262,-0.72,0.905,0,0.411,,,
13301,20120525,-93.15,39.87,0.213,-0.87,1,0,0.283,-0.65,0.744,0,0.385,-0.41,0.381,0,0.55,0.44,0,0.435,0.58,,,,0.248,-0.8,1,0,0.402,,,
13301,20120526,-93.15,39.87,0.202,-0.92,1,0,0.271,-0.72,0.887,0,0.374,-0.49,0.524,0,0.544,0.4,0,0.298,0.581,,,,0.237,-0.86,1,0,0.395,,,
13301,20120527,-93.15,39.87,0.194,-0.95,1,0,0.261,-0.78,1,0,0.363,-0.57,0.667,0,0.539,0.36,0,0.161,0.582,,,,0.228,-0.91,1,0,0.388,,,
13301,20120528,-93.15,39.87,0.187,-0.98,1,0,0.252,-0.84,1,0,0.353,-0.64,0.81,0,0.534,0.32,0,0.024,0.583,,,,0.22,-0.95,1,0,0.382,,,
13301,20120529,-93.15,39.87,0.181,-1.01,1,0,0.244,-0.89,1,0,0.344,-0.7,0.952,0,0.53,0.29,0,0,0.583,,,,0.212,-0.98,1,0,0.376,,,
13301,20120530,-93.15,39.87,0.176,-1.03,1,0,0.236,-0.93,1,0,0.336,-0.76,1,0,0.525,0.25,0,0,0.584,,,,0.206,-1.02,1,0,0.371,,,
13301,20120531,-93.15,39.87,0.171,-1.04,1,0,0.23,-0.97,1,0,0.328,-0.82,1,0,0.522,0.22,0,0,0.584,,,,0.201,-1.04,1,0,0.367,,,
13301,20120601,-93.15,39.87,0.166,-1.06,1,0,0.225,-1,1,0,0.321,-0.87,1,0,0.519,0.2,0,0,0.584,,,,0.196,-1.06,1,0,0.363,,,
13301,20120602,-93.15,39.87,0.161,-1.08,1,0,0.219,-1.03,1,0,0.312,-0.92,1,0,0.515,0.16,0,0,0.585,,,,0.19,-1.09,1,0,0.358,,,
13301,20120603,-93.15,39.87,0.155,-1.09,1,0,0.213,-1.06,1,0,0.305,-0.97,1,0,0.51,0.12,0,0,0.585,,,,0.184,-1.11,1,0,0.354,,,
13301,20120604,-93.15,39.87,0.151,-1.11,1,0,0.208,-1.08,1,0,0.298,-1,1,0,0.504,0.06,0.006,0,0.585,,,,0.179,-1.12,1,0,0.349,,,
13301,20120605,-93.15,39.87,0.147,-1.11,1,0,0.204,-1.09,1,0,0.292,-1.03,1,0,0.498,0,0.077,0,0.585,,,,0.176,-1.12,1,0,0.345,,,
13301,20120606,-93.15,39.87,0.144,-1.11,1,0,0.201,-1.09,1,0,0.287,-1.04,1,0,0.491,-0.06,0.202,0,0.584,,,,0.173,-1.12,1,0,0.341,,,
13301,20120607,-93.15,39.87,0.142,-1.11,1,0,0.198,-1.09,1,0,0.282,-1.04,1,0,0.483,-0.12,0.345,0,0.584,,,,0.17,-1.12,1,0,0.338,,,
13301,20120608,-93.15,39.87,0.14,-1.11,1,0,0.196,-1.09,1,0,0.278,-1.03,1,0,0.474,-0.2,0.488,0,0.585,,,,0.168,-1.12,1,0,0.334,,,
13301,20120609,-93.15,39.87,0.138,-1.11,1,0,0.194,-1.09,1,0,0.274,-1.02,1,0,0.463,-0.28,0.631,0,0.585,,,,0.166,-1.12,1,0,0.331,,,
13301,20120610,-93.15,39.87,0.136,-1.12,1,0,0.192,-1.09,1,0,0.271,-1.01,1,0,0.452,-0.36,0.774,0,0.585,,,,0.164,-1.12,1,0,0.327,,,
13301,20120611,-93.15,39.87,0.134,-1.12,1,0,0.19,-1.09,1,0,0.269,-1,0.988,0,0.443,-0.43,0.899,0,0.585,,,,0.162,-1.13,1,0,0.324,,,
13301,20120612,-93.15,39.87,0.136,-1.11,1,0,0.195,-1.06,1,0,0.28,-0.91,0.845,0,0.448,-0.4,0.827,0,0.586,,,,0.165,-1.11,1,0,0.329,,,
13301,20120613,-93.15,39.87,0.137,-1.11,1,0,0.198,-1.04,1,0,0.288,-0.84,0.792,0,0.45,-0.39,0.792,0,0.586,,,,0.168,-1.1,1,0,0.332,,,
13301,20120614,-93.15,39.87,0.138,-1.11,1,0,0.201,-1.02,1,0,0.294,-0.79,0.792,0,0.451,-0.39,0.792,0,0.587,,,,0.17,-1.09,1,0,0.334,,,
13301,20120615,-93.15,39.87,0.139,-1.11,1,0,0.204,-1,1,0,0.299,-0.75,0.792,0,0.451,-0.4,0.792,0,0.586,,,,0.171,-1.08,1,0,0.336,,,
13301,20120616,-93.15,39.87,0.139,-1.11,1,0,0.205,-0.99,1,0,0.302,-0.73,0.792,0,0.45,-0.41,0.792,0,0.587,,,,0.172,-1.08,1,0,0.337,,,
13301,20120617,-93.15,39.87,0.142,-1.1,1,0,0.21,-0.97,1,0,0.313,-0.66,0.702,0,0.46,-0.35,0.708,0,0.587,,,,0.176,-1.07,1,0,0.342,,,
13301,20120618,-93.15,39.87,0.146,-1.09,1,0,0.215,-0.93,1,0,0.324,-0.59,0.571,0,0.47,-0.29,0.673,0,0.587,,,,0.18,-1.05,1,0,0.348,,,
13301,20120619,-93.15,39.87,0.144,-1.1,1,0,0.213,-0.94,1,0,0.318,-0.62,0.702,0,0.463,-0.35,0.815,0,0.587,,,,0.178,-1.06,1,0,0.345,,,
13301,20120620,-93.15,39.87,0.142,-1.11,1,0,0.211,-0.95,1,0,0.313,-0.64,0.756,0,0.455,-0.4,0.869,0,0.588,,,,0.177,-1.07,1,0,0.342,,,
13301,20120621,-93.15,39.87,0.141,-1.12,1,0,0.21,-0.96,1,0,0.311,-0.65,0.732,0,0.448,-0.45,0.857,0,0.589,,,,0.175,-1.08,1,0,0.34,,,
13301,20120622,-93.15,39.87,0.146,-1.09,1,0,0.212,-0.95,1,0,0.318,-0.6,0.589,0,0.454,-0.4,0.78,0,0.59,,,,0.179,-1.05,1,0,0.344,,,
13301,20120623,-93.15,39.87,0.151,-1.06,1,0,0.213,-0.93,1,0,0.323,-0.56,0.524,0,0.457,-0.37,0.78,0,0.59,,,,0.182,-1.03,1,0,0.347,,,
13301,20120624,-93.15,39.87,0.152,-1.05,1,0,0.211,-0.93,1,0,0.32,-0.57,0.613,0,0.449,-0.42,0.863,0,0.59,,,,0.181,-1.03,1,0,0.344,,,
13301,20120625,-93.15,39.87,0.151,-1.05,1,0,0.208,-0.95,1,0,0.312,-0.6,0.756,0,0.438,-0.48,0.911,0,0.591,,,,0.18,-1.02,1,0,0.34,,,
13301,20120626,-93.15,39.87,0.151,-1.04,1,0,0.205,-0.95,1,0,0.305,-0.63,0.768,0,0.427,-0.53,0.911,0,0.592,,,,0.178,-1.02,1,0,0.336,,,
13301,20120627,-93.15,39.87,0.151,-1.03,1,0,0.202,-0.96,1,0,0.3,-0.65,0.768,0,0.417,-0.57,0.911,0,0.593,,,,0.176,-1.02,1,0,0.332,,,
13301,20120628,-93.15,39.87,0.149,-1.04,1,0,0.2,-0.96,1,0,0.292,-0.68,0.792,0,0.407,-0.61,0.923,0,0.593,,,,0.174,-1.02,1,0,0.328,,,
13301,20120629,-93.15,39.87,0.141,-1.07,1,0,0.195,-0.98,1,0,0.276,-0.75,0.935,0,0.384,-0.73,1,0,0.593,,,,0.168,-1.04,1,0,0.318,,,
13301,20120630,-93.15,39.87,0.135,-1.1,1,0,0.191,-0.99,1,0,0.264,-0.81,1,0,0.366,-0.81,1,0,0.593,,,,0.163,-1.05,1,0,0.31,,,
13301,20120701,-93.15,39.87,0.129,-1.12,1,0,0.187,-1,1,0,0.252,-0.86,1,0,0.348,-0.89,1,0,0.593,,,,0.158,-1.07,1,0,0.302,,,
13301,20120702,-93.15,39.87,0.123,-1.15,1,0,0.183,-1.01,1,0,0.243,-0.9,1,0,0.334,-0.96,1,0,0.594,,,,0.153,-1.09,1,0,0.295,,,
13301,20120703,-93.15,39.87,0.118,-1.17,1,0,0.18,-1.03,1,0,0.236,-0.94,1,0,0.322,-1.01,1,0,0.593,,,,0.149,-1.11,1,0,0.29,,,
13301,20120704,-93.15,39.87,0.114,-1.19,1,0,0.177,-1.04,1,0,0.23,-0.97,1,0,0.312,-1.04,1,0,0.592,,,,0.146,-1.13,1,0,0.285,,,
13301,20120705,-93.15,39.87,0.111,-1.21,1,0,0.175,-1.06,1,0,0.225,-1,1,0,0.304,-1.07,1,0,0.591,,,,0.143,-1.15,1,0,0.281,,,
13301,20120706,-93.15,39.87,0.108,-1.22,1,0,0.172,-1.08,1,0,0.221,-1.03,1,0,0.298,-1.09,1,0,0.589,,,,0.14,-1.17,1,0,0.278,,,
13301,20120707,-93.15,39.87,0.106,-1.23,1,0,0.169,-1.1,1,0,0.218,-1.05,1,0,0.293,-1.11,1,0,0.587,,,,0.137,-1.18,1,0,0.274,,,
13301,20120708,-93.15,39.87,0.104,-1.23,1,0,0.167,-1.12,1,0,0.214,-1.08,1,0,0.29,-1.12,1,0,0.582,,,,0.136,-1.19,1,0,0.271,,,
13301,20120709,-93.15,39.87,0.113,-1.17,1,0,0.179,-1.05,0.97,0,0.235,-0.98,0.875,0,0.312,-1,0.875,0,0.578,,,,0.146,-1.13,1,0,0.284,,,
13301,20120710,-93.15,39.87,0.122,-1.11,1,0,0.19,-0.98,0.97,0,0.253,-0.88,0.732,0,0.332,-0.89,0.744,0,0.577,,,,0.156,-1.06,1,0,0.295,,,
13301,20120711,-93.15,39.87,0.129,-1.05,1,0,0.199,-0.91,0.97,0,0.269,-0.8,0.601,0,0.351,-0.79,0.685,0,0.575,,,,0.164,-0.99,1,0,0.305,,,
13301,20120712,-93.15,39.87,0.136,-0.99,1,0,0.208,-0.84,0.97,0,0.282,-0.72,0.601,0,0.369,-0.7,0.685,0,0.573,,,,0.172,-0.93,1,0,0.314,,,
13301,20120713,-93.15,39.87,0.144,-0.92,1,0,0.215,-0.78,0.97,0,0.293,-0.66,0.601,0,0.385,-0.61,0.685,0,0.573,,,,0.18,-0.86,1,0,0.322,,,
13301,20120714,-93.15,39.87,0.155,-0.83,0.994,0,0.23,-0.67,0.863,0,0.316,-0.52,0.494,0,0.422,-0.44,0.577,0.077,0.572,,,,0.192,-0.75,0.917,0,0.339,,,
13301,20120715,-93.15,39.87,0.166,-0.75,0.994,0,0.243,-0.57,0.72,0,0.339,-0.39,0.351,0,0.455,-0.27,0.435,0.077,0.575,,,,0.205,-0.66,0.905,0,0.356,,,
13301,20120716,-93.15,39.87,0.166,-0.72,0.994,0,0.242,-0.55,0.637,0,0.336,-0.39,0.333,0,0.458,-0.26,0.417,0.077,0.575,,,,0.204,-0.63,0.905,0,0.355,,,
13301,20120717,-93.15,39.87,0.166,-0.7,0.994,0,0.24,-0.54,0.637,0,0.331,-0.39,0.333,0,0.461,-0.24,0.405,0.077,0.574,,,,0.203,-0.62,0.905,0,0.354,,,
13301,20120718,-93.15,39.87,0.165,-0.68,0.994,0,0.237,-0.53,0.637,0,0.328,-0.38,0.321,0,0.463,-0.24,0.351,0.077,0.574,,,,0.201,-0.61,0.905,0,0.353,,,
13301,20120719,-93.15,39.87,0.165,-0.65,0.982,0,0.236,-0.52,0.607,0,0.326,-0.37,0.256,0,0.463,-0.24,0.315,0.077,0.573,,,,0.201,-0.59,0.893,0,0.352,,,
13301,20120720,-93.15,39.87,0.167,-0.63,0.982,0,0.238,-0.49,0.565,0,0.327,-0.35,0.131,0,0.464,-0.23,0.315,0.077,0.573,,,,0.202,-0.56,0.893,0,0.353,,,
13301,20120721,-93.15,39.87,0.162,-0.64,0.988,0,0.23,-0.51,0.673,0,0.313,-0.4,0.232,0,0.441,-0.33,0.423,0,0.573,,,,0.196,-0.58,0.976,0,0.344,,,
13301,20120722,-93.15,39.87,0.156,-0.66,0.988,0,0.221,-0.55,0.815,0,0.299,-0.46,0.375,0,0.417,-0.44,0.565,0,0.571,,,,0.189,-0.61,0.988,0,0.333,,,
13301,20120723,-93.15,39.87,0.15,-0.68,0.988,0,0.213,-0.58,0.929,0,0.285,-0.51,0.518,0,0.395,-0.54,0.708,0,0.569,,,,0.181,-0.64,0.988,0,0.322,,,
13301,20120724,-93.15,39.87,0.145,-0.71,0.988,0,0.204,-0.61,0.929,0,0.274,-0.56,0.661,0,0.374,-0.63,0.851,0,0.566,,,,0.175,-0.67,0.988,0,0.313,,,
13301,20120725,-93.15,39.87,0.141,-0.73,0.988,0,0.197,-0.64,0.929,0,0.263,-0.6,0.804,0,0.354,-0.71,0.964,0,0.563,,,,0.169,-0.7,0.988,0,0.303,,,
13301,20120726,-93.15,39.87,0.139,-0.75,0.97,0,0.193,-0.66,0.929,0,0.256,-0.62,0.839,0,0.339,-0.77,1,0,0.559,,,,0.166,-0.72,0.97,0,0.297,,,
13301,20120727,-93.15,39.87,0.142,-0.74,0.952,0,0.196,-0.63,0.827,0,0.262,-0.59,0.821,0,0.333,-0.78,1,0,0.554,,,,0.169,-0.7,0.845,0,0.297,,,
13301,20120728,-93.15,39.87,0.144,-0.73,0.952,0,0.198,-0.61,0.762,0,0.263,-0.57,0.69,0,0.327,-0.78,1,0,0.55,,,,0.171,-0.69,0.845,0,0.296,,,
13301,20120729,-93.15,39.87,0.146,-0.73,0.94,0,0.2,-0.59,0.762,0,0.263,-0.56,0.685,0,0.322,-0.79,1,0,0.546,,,,0.173,-0.68,0.833,0,0.295,,,
13301,20120730,-93.15,39.87,0.15,-0.71,0.94,0,0.204,-0.56,0.762,0,0.263,-0.56,0.685,0,0.319,-0.78,1,0,0.542,,,,0.177,-0.65,0.833,0,0.295,,,
13301,20120731,-93.15,39.87,0.152,-0.69,0.94,0,0.207,-0.54,0.762,0,0.264,-0.54,0.685,0,0.317,-0.76,1,0,0.539,,,,0.18,-0.64,0.833,0,0.296,,,
13301,20120801,-93.15,39.87,0.155,-0.68,0.94,0,0.21,-0.51,0.762,0,0.266,-0.53,0.685,0,0.316,-0.74,1,0,0.537,,,,0.182,-0.62,0.833,0,0.297,,,
13301,20120802,-93.15,39.87,0.153,-0.69,0.97,0,0.209,-0.52,0.792,0,0.262,-0.54,0.714,0,0.312,-0.73,1,0,0.534,,,,0.181,-0.63,0.863,0,0.294,,,
13301,20120803,-93.15,39.87,0.145,-0.73,0.988,0,0.198,-0.59,0.935,0,0.246,-0.61,0.857,0,0.3,-0.77,1,0,0.532,,,,0.171,-0.68,0.988,0,0.284,,,
13301,20120804,-93.15,39.87,0.14,-0.76,0.988,0,0.189,-0.64,1,0,0.234,-0.67,0.994,0,0.29,-0.79,1,0,0.53,,,,0.165,-0.72,0.988,0,0.277,,,
13301,20120805,-93.15,39.87,0.135,-0.78,1,0,0.183,-0.68,1,0,0.226,-0.71,1,0,0.282,-0.82,1,0,0.528,,,,0.159,-0.76,1,0,0.271,,,
13301,20120806,-93.15,39.87,0.129,-0.81,1,0,0.176,-0.74,1,0,0.218,-0.75,1,0,0.276,-0.84,1,0,0.526,,,,0.152,-0.8,1,0,0.265,,,
13301,20120807,-93.15,39.87,0.124,-0.84,1,0,0.17,-0.78,1,0,0.211,-0.8,1,0,0.27,-0.86,1,0,0.523,,,,0.147,-0.84,1,0,0.26,,,
13301,20120808,-93.15,39.87,0.12,-0.86,1,0,0.166,-0.82,1,0,0.205,-0.84,1,0,0.264,-0.87,1,0,0.519,,,,0.143,-0.87,1,0,0.255,,,
13301,20120809,-93.15,39.87,0.12,-0.86,1,0,0.163,-0.84,1,0,0.206,-0.84,1,0,0.26,-0.88,1,0,0.516,,,,0.141,-0.89,1,0,0.253,,,
13301,20120810,-93.15,39.87,0.119,-0.86,1,0,0.161,-0.85,1,0,0.207,-0.83,1,0,0.256,-0.89,1,0,0.513,,,,0.14,-0.9,1,0,0.251,,,
13301,20120811,-93.15,39.87,0.118,-0.87,1,0,0.159,-0.85,1,0,0.207,-0.83,1,0,0.253,-0.91,1,0,0.51,,,,0.139,-0.91,1,0,0.25,,,
13301,20120812,-93.15,39.87,0.116,-0.88,1,0,0.158,-0.86,1,0,0.206,-0.83,1,0,0.251,-0.91,1,0,0.506,,,,0.137,-0.93,1,0,0.247,,,
13301,20120813,-93.15,39.87,0.115,-0.89,1,0,0.157,-0.86,1,0,0.205,-0.84,1,0,0.248,-0.91,1,0,0.502,,,,0.136,-0.94,1,0,0.245,,,
13301,20120814,-93.15,39.87,0.113,-0.9,1,0,0.156,-0.86,1,0,0.203,-0.83,1,0,0.246,-0.9,1,0,0.5,,,,0.135,-0.94,1,0,0.244,,,
13301,20120815,-93.15,39.87,0.112,-0.91,1,0,0.155,-0.86,1,0,0.202,-0.83,1,0,0.245,-0.89,1,0,0.499,,,,0.133,-0.95,1,0,0.242,,,
13301,20120816,-93.15,39.87,0.108,-0.93,1,0,0.154,-0.87,1,0,0.195,-0.87,1,0,0.243,-0.88,1,0,0.496,,,,0.131,-0.96,1,0,0.239,,,
13301,20120817,-93.15,39.87,0.105,-0.96,1,0,0.152,-0.87,1,0,0.188,-0.9,1,0,0.242,-0.85,1,0,0.494,,,,0.129,-0.97,1,0,0.236,,,
13301,20120818,-93.15,39.87,0.103,-0.98,1,0,0.151,-0.88,1,0,0.183,-0.92,1,0,0.24,-0.82,1,0,0.491,,,,0.127,-0.98,1,0,0.233,,,
13301,20120819,-93.15,39.87,0.1,-1,1,0,0.149,-0.89,1,0,0.179,-0.94,1,0,0.239,-0.8,1,0,0.488,,,,0.125,-1,1,0,0.231,,,
13301,20120820,-93.15,39.87,0.099,-1.02,1,0,0.148,-0.89,1,0,0.177,-0.95,1,0,0.237,-0.78,1,0,0.486,,,,0.123,-1,1,0,0.229,,,
13301,20120821,-93.15,39.87,0.097,-1.04,1,0,0.147,-0.89,1,0,0.175,-0.96,1,0,0.236,-0.77,1,0,0.482,,,,0.122,-1.01,1,0,0.227,,,
13301,20120822,-93.15,39.87,0.096,-1.05,1,0,0.146,-0.89,1,0,0.173,-0.96,1,0,0.234,-0.77,1,0,0.479,,,,0.121,-1.01,1,0,0.226,,,
13301,20120823,-93.15,39.87,0.095,-1.07,1,0,0.144,-0.89,1,0,0.172,-0.97,1,0,0.233,-0.78,1,0,0.475,,,,0.119,-1.02,1,0,0.224,,,
13301,20120824,-93.15,39.87,0.093,-1.08,1,0,0.143,-0.88,1,0,0.17,-0.97,1,0,0.232,-0.78,1,0,0.471,,,,0.118,-1.03,1,0,0.222,,,
13301,20120825,-93.15,39.87,0.092,-1.09,1,0,0.141,-0.88,1,0,0.169,-0.98,1,0,0.23,-0.79,1,0,0.468,,,,0.116,-1.03,1,0,0.22,,,
13301,20120826,-93.15,39.87,0.091,-1.09,1,0,0.139,-0.87,1,0,0.168,-0.98,1,0,0.229,-0.79,1,0,0.464,,,,0.115,-1.02,1,0,0.218,,,
13301,20120827,-93.15,39.87,0.098,-1.03,1,0,0.139,-0.86,1,0,0.18,-0.91,0.97,0,0.228,-0.81,1,0,0.461,,,,0.119,-0.98,1,0,0.221,,,
13301,20120828,-93.15,39.87,0.104,-0.97,1,0,0.14,-0.85,1,0,0.19,-0.85,0.97,0,0.228,-0.83,1,0,0.458,,,,0.122,-0.94,1,0,0.224,,,
13301,20120829,-93.15,39.87,0.109,-0.93,1,0,0.142,-0.83,1,0,0.197,-0.81,0.97,0,0.227,-0.86,1,0,0.455,,,,0.125,-0.9,1,0,0.226,,,
13301,20120830,-93.15,39.87,0.112,-0.89,1,0,0.143,-0.82,1,0,0.201,-0.78,0.97,0,0.226,-0.89,1,0,0.453,,,,0.128,-0.87,1,0,0.227,,,
13301,20120831,-93.15,39.87,0.114,-0.86,1,0,0.145,-0.81,1,0,0.204,-0.76,0.97,0,0.226,-0.92,1,0,0.451,,,,0.13,-0.84,1,0,0.228,,,
13301,20120901,-93.15,39.87,0.131,-0.72,0.917,0.024,0.157,-0.73,0.917,0,0.225,-0.65,0.881,0.024,0.243,-0.89,0.917,0,0.451,,,,0.144,-0.73,0.917,0.006,0.232,,,
13301,20120902,-93.15,39.87,0.162,-0.5,0.774,0.089,0.185,-0.57,0.774,0,0.263,-0.44,0.738,0.113,0.28,-0.77,0.774,0,,,,,0.173,-0.53,0.774,0.012,,,,
13301,20120903,-93.15,39.87,0.181,-0.37,0.631,0.089,0.209,-0.42,0.631,0,0.283,-0.32,0.625,0.113,0.313,-0.66,0.631,0,,,,,0.195,-0.38,0.631,0.012,,,,
13301,20120904,-93.15,39.87,0.198,-0.24,0.488,0.089,0.231,-0.28,0.488,0,0.303,-0.21,0.482,0.113,0.344,-0.55,0.488,0,,,,,0.215,-0.25,0.488,0.012,,,,
13301,20120905,-93.15,39.87,0.214,-0.12,0.345,0.089,0.252,-0.16,0.345,0,0.324,-0.09,0.339,0.113,0.374,-0.44,0.345,0,,,,,0.233,-0.12,0.345,0.012,,,,
13301,20120906,-93.15,39.87,0.23,0,0.202,0.089,0.27,-0.04,0.202,0,0.346,0.04,0.196,0.113,0.403,-0.32,0.202,0,,,,,0.25,-0.01,0.202,0.012,,,,
13301,20120907,-93.15,39.87,0.243,0.1,0.06,0.089,0.288,0.08,0.06,0,0.367,0.17,0.054,0.113,0.431,-0.21,0.06,0,,,,,0.265,0.1,0.06,0.012,,,,
13301,20120908,-93.15,39.87,0.241,0.09,0.101,0.065,0.293,0.12,0,0,0.368,0.19,0,0.089,0.441,-0.16,0,0,,,,,0.267,0.12,0,0.006,,,,
13301,20120909,-93.15,39.87,0.222,-0.04,0.244,0,0.281,0.06,0,0,0.35,0.1,0,0,0.43,-0.2,0,0,,,,,0.251,0.03,0,0,,,,
13301,20120910,-93.15,39.87,0.205,-0.14,0.387,0,0.269,0,0,0,0.335,0.03,0,0,0.421,-0.23,0,0,,,,,0.237,-0.06,0.06,0,,,,
13301,20120911,-93.15,39.87,0.189,-0.25,0.53,0,0.256,-0.06,0,0,0.319,-0.04,0,0,0.413,-0.26,0,0,,,,,0.223,-0.14,0.202,0,,,,
13301,20120912,-93.15,39.87,0.175,-0.34,0.673,0,0.243,-0.13,0.006,0,0.304,-0.12,0.077,0,0.402,-0.3,0,0,,,,,0.209,-0.22,0.345,0,,,,
13301,20120913,-93.15,39.87,0.162,-0.43,0.815,0,0.231,-0.19,0.149,0,0.289,-0.19,0.22,0,0.39,-0.36,0.012,0,,,,,0.196,-0.29,0.488,0,,,,
13301,20120914,-93.15,39.87,0.156,-0.47,0.952,0,0.223,-0.23,0.19,0,0.278,-0.24,0.268,0,0.376,-0.41,0.143,0,,,,,0.189,-0.33,0.548,0,,,,
13301,20120915,-93.15,39.87,0.153,-0.49,0.994,0,0.216,-0.27,0.19,0,0.269,-0.28,0.268,0,0.363,-0.48,0.286,0,,,,,0.184,-0.36,0.679,0,,,,
13301,20120916,-93.15,39.87,0.15,-0.51,0.994,0,0.209,-0.3,0.196,0,0.261,-0.32,0.345,0,0.349,-0.54,0.429,0,,,,,0.18,-0.38,0.821,0,,,,
13301,20120917,-93.15,39.87,0.148,-0.52,0.994,0,0.205,-0.33,0.202,0,0.255,-0.35,0.488,0,0.335,-0.61,0.571,0,,,,,0.176,-0.4,0.905,0,,,,
13301,20120918,-93.15,39.87,0.147,-0.52,0.994,0,0.202,-0.34,0.202,0,0.25,-0.37,0.631,0,0.322,-0.68,0.714,0,,,,,0.174,-0.41,0.905,0,,,,
13301,20120919,-93.15,39.87,0.146,-0.52,0.994,0,0.199,-0.35,0.262,0,0.246,-0.38,0.696,0,0.309,-0.74,0.857,0,,,,,0.173,-0.41,0.905,0,,,,
13301,20120920,-93.15,39.87,0.146,-0.52,0.994,0,0.197,-0.35,0.262,0,0.242,-0.39,0.696,0,0.298,-0.8,0.988,0,,,,,0.171,-0.42,0.905,0,,,,
13301,20120921,-93.15,39.87,0.14,-0.56,1,0,0.192,-0.37,0.363,0,0.235,-0.42,0.792,0,0.285,-0.86,1,0,,,,,0.166,-0.45,0.988,0,,,,
13301,20120922,-93.15,39.87,0.133,-0.59,1,0,0.187,-0.4,0.506,0,0.227,-0.45,0.935,0,0.272,-0.92,1,0,,,,,0.16,-0.48,1,0,,,,
13301,20120923,-93.15,39.87,0.127,-0.62,1,0,0.181,-0.42,0.643,0,0.22,-0.48,1,0,0.26,-0.98,1,0,,,,,0.154,-0.51,1,0,,,,
13301,20120924,-93.15,39.87,0.121,-0.64,1,0,0.176,-0.45,0.78,0,0.213,-0.52,1,0,0.249,-1.03,1,0,,,,,0.148,-0.54,1,0,,,,
13301,20120925,-93.15,39.87,0.12,-0.64,0.97,0,0.174,-0.45,0.893,0,0.211,-0.52,0.97,0,0.241,-1.07,0.982,0,,,,,0.147,-0.54,0.97,0,,,,
13301,20120926,-93.15,39.87,0.127,-0.59,0.827,0,0.184,-0.4,0.827,0,0.225,-0.45,0.827,0,0.252,-1.02,0.917,0,,,,,0.156,-0.49,0.827,0,,,,
13301,20120927,-93.15,39.87,0.142,-0.49,0.685,0,0.2,-0.31,0.685,0,0.247,-0.35,0.685,0.006,0.282,-0.88,0.792,0,,,,,0.171,-0.4,0.685,0,,,,
13301,20120928,-93.15,39.87,0.157,-0.4,0.542,0,0.216,-0.22,0.542,0,0.267,-0.25,0.542,0.006,0.314,-0.73,0.649,0,,,,,0.187,-0.31,0.542,0,,,,
13301,20120929,-93.15,39.87,0.17,-0.32,0.399,0,0.232,-0.13,0.399,0,0.286,-0.15,0.399,0.006,0.345,-0.57,0.506,0,,,,,0.201,-0.23,0.399,0,,,,
13301,20120930,-93.15,39.87,0.185,-0.22,0.256,0,0.247,-0.05,0.256,0,0.306,-0.05,0.256,0.006,0.375,-0.42,0.363,0,,,,,0.216,-0.14,0.256,0,,,,
13301,20121001,-93.15,39.87,0.204,-0.11,0.113,0,0.263,0.03,0.113,0,0.327,0.05,0.113,0.006,0.404,-0.27,0.22,0,,,,,0.233,-0.04,0.113,0,,,,
13301,20121002,-93.15,39.87,0.219,-0.03,0,0,0.274,0.09,0,0,0.341,0.12,0,0.006,0.431,-0.13,0.095,0,,,,,0.247,0.04,0,0,,,,
13301,20121003,-93.15,39.87,0.226,0.01,0,0,0.274,0.09,0,0,0.341,0.12,0,0.006,0.439,-0.07,0.018,0,,,,,0.25,0.05,0,0,,,,
13301,20121004,-93.15,39.87,0.225,0,0,0,0.269,0.06,0,0,0.333,0.08,0,0,0.431,-0.08,0,0,,,,,0.247,0.03,0,0,,,,
13301,20121005,-93.15,39.87,0.224,-0.01,0,0,0.263,0.03,0,0,0.327,0.05,0,0,0.422,-0.09,0,0,,,,,0.243,0.01,0,0,,,,
13301,20121006,-93.15,39.87,0.223,-0.01,0,0,0.258,0,0,0,0.322,0.03,0,0,0.417,-0.09,0,0,,,,,0.241,-0.01,0,0,,,,
13301,20121007,-93.15,39.87,0.221,-0.03,0,0,0.254,-0.02,0,0,0.317,0,0,0,0.413,-0.08,0,0,,,,,0.237,-0.03,0,0,,,,
13301,20121008,-93.15,39.87,0.215,-0.06,0,0,0.249,-0.04,0,0,0.311,-0.02,0,0,0.41,-0.07,0,0,,,,,0.232,-0.06,0,0,,,,
13301,20121009,-93.15,39.87,0.209,-0.1,0,0,0.244,-0.07,0,0,0.306,-0.05,0,0,0.407,-0.07,0,0,,,,,0.226,-0.09,0,0,,,,
13301,20121010,-93.15,39.87,0.203,-0.13,0,0,0.239,-0.09,0,0,0.3,-0.07,0,0,0.404,-0.07,0,0,,,,,0.221,-0.12,0,0,,,,
13301,20121011,-93.15,39.87,0.197,-0.17,0,0,0.234,-0.12,0,0,0.295,-0.1,0,0,0.401,-0.07,0,0,,,,,0.216,-0.15,0,0,,,,
13301,20121012,-93.15,39.87,0.193,-0.2,0,0,0.23,-0.14,0,0,0.29,-0.12,0,0,0.397,-0.08,0,0,,,,,0.211,-0.18,0,0,,,,
13301,20121013,-93.15,39.87,0.189,-0.23,0,0,0.226,-0.17,0,0,0.285,-0.14,0,0,0.393,-0.09,0,0,,,,,0.208,-0.2,0,0,,,,
13301,20121014,-93.15,39.87,0.198,-0.2,0,0,0.229,-0.16,0,0,0.288,-0.14,0,0,0.394,-0.09,0,0,,,,,0.214,-0.18,0,0,,,,
13301,20121015,-93.15,39.87,0.214,-0.14,0,0,0.237,-0.13,0,0,0.296,-0.11,0,0,0.403,-0.04,0,0,,,,,0.226,-0.14,0,0,,,,
13301,20121016,-93.15,39.87,0.228,-0.1,0,0,0.243,-0.12,0,0,0.303,-0.08,0,0,0.407,-0.01,0,0,,,,,0.235,-0.11,0,0,,,,
13301,20121017,-93.15,39.87,0.239,-0.07,0,0,0.249,-0.11,0,0,0.309,-0.06,0,0,0.41,0.01,0,0,,,,,0.244,-0.09,0,0,,,,
13301,20121018,-93.15,39.87,0.252,-0.03,0,0,0.255,-0.1,0,0,0.314,-0.04,0,0,0.412,0.02,0,0,,,,,0.254,-0.06,0,0,,,,
13301,20121019,-93.15,39.87,0.264,0,0,0,0.261,-0.09,0,0,0.32,-0.03,0,0,0.414,0.04,0,0,,,,,0.263,-0.04,0,0,,,,
13301,20121020,-93.15,39.87,0.276,0.04,0,0,0.267,-0.09,0,0,0.325,-0.01,0,0,0.417,0.06,0,0,,,,,0.271,-0.03,0,0,,,,
13301,20121021,-93.15,39.87,0.276,0.02,0,0,0.267,-0.13,0,0,0.324,-0.04,0,0,0.415,0.05,0,0,,,,,0.271,-0.05,0,0,,,,
13301,20121022,-93.15,39.87,0.27,-0.03,0,0,0.263,-0.18,0,0,0.319,-0.08,0,0,0.406,0.02,0,0,,,,,0.267,-0.1,0,0,,,,
13301,20121023,-93.15,39.87,0.273,-0.03,0,0,0.267,-0.19,0,0,0.323,-0.08,0,0,0.411,0.04,0,0,,,,,0.27,-0.11,0,0,,,,
13301,20121024,-93.15,39.87,0.278,-0.03,0,0,0.271,-0.2,0,0,0.327,-0.09,0,0,0.414,0.05,0,0,,,,,0.275,-0.11,0,0,,,,
13301,20121025,-93.15,39.87,0.281,-0.03,0,0,0.275,-0.2,0,0,0.331,-0.1,0,0,0.416,0.06,0,0,,,,,0.278,-0.12,0,0,,,,
13301,20121026,-93.15,39.87,0.285,-0.03,0,0,0.278,-0.2,0,0,0.335,-0.1,0,0,0.418,0.07,0,0,,,,,0.281,-0.13,0,0,,,,
13301,20121027,-93.15,39.87,0.287,-0.03,0,0,0.281,-0.21,0,0,0.339,-0.11,0,0,0.419,0.07,0,0,,,,,0.284,-0.14,0,0,,,,
13301,20121028,-93.15,39.87,0.288,-0.04,0,0,0.284,-0.21,0,0,0.341,-0.12,0,0,0.421,0.07,0,0,,,,,0.286,-0.14,0,0,,,,
13301,20121029,-93.15,39.87,0.286,-0.06,0,0,0.285,-0.22,0,0,0.342,-0.14,0,0,0.42,0.06,0,0,,,,,0.286,-0.16,0,0,,,,
13301,20121030,-93.15,39.87,0.279,-0.12,0.006,0,0.281,-0.26,0.077,0,0.336,-0.19,0,0,0.411,0,0,0,,,,,0.28,-0.21,0.042,0,,,,
13301,20121031,-93.15,39.87,0.271,-0.18,0.095,0,0.277,-0.31,0.22,0,0.331,-0.24,0,0,0.406,-0.04,0,0,,,,,0.274,-0.26,0.185,0,,,,
13301,20121101,-93.15,39.87,0.264,-0.23,0.238,0,0.274,-0.36,0.363,0,0.325,-0.3,0,0,0.402,-0.07,0,0,,,,,0.269,-0.31,0.327,0,,,,
13301,20121102,-93.15,39.87,0.256,-0.3,0.381,0,0.272,-0.41,0.506,0,0.32,-0.36,0.03,0,0.398,-0.1,0,0,,,,,0.264,-0.36,0.47,0,,,,
13301,20121103,-93.15,39.87,0.25,-0.36,0.524,0,0.27,-0.46,0.649,0,0.316,-0.41,0.143,0,0.395,-0.14,0,0,,,,,0.26,-0.41,0.613,0,,,,
13301,20121104,-93.15,39.87,0.244,-0.42,0.667,0,0.268,-0.51,0.792,0,0.313,-0.46,0.286,0,0.392,-0.17,0,0,,,,,0.256,-0.47,0.756,0,,,,
13301,20121105,-93.15,39.87,0.242,-0.44,0.768,0,0.267,-0.55,0.929,0,0.31,-0.51,0.423,0,0.39,-0.19,0,0,,,,,0.255,-0.5,0.863,0,,,,
13301,20121106,-93.15,39.87,0.25,-0.38,0.762,0,0.272,-0.52,0.875,0,0.311,-0.52,0.423,0,0.388,-0.21,0,0,,,,,0.261,-0.45,0.821,0,,,,
13301,20121107,-93.15,39.87,0.259,-0.3,0.673,0,0.276,-0.5,0.845,0,0.313,-0.53,0.512,0,0.387,-0.22,0.006,0,,,,,0.267,-0.4,0.679,0,,,,
13301,20121108,-93.15,39.87,0.265,-0.25,0.53,0,0.279,-0.48,0.845,0,0.314,-0.54,0.655,0,0.386,-0.24,0.006,0,,,,,0.272,-0.36,0.536,0,,,,
13301,20121109,-93.15,39.87,0.271,-0.2,0.387,0,0.283,-0.46,0.845,0,0.316,-0.56,0.768,0,0.385,-0.25,0.03,0,,,,,0.277,-0.33,0.423,0,,,,
13301,20121110,-93.15,39.87,0.276,-0.16,0.244,0,0.287,-0.44,0.845,0,0.317,-0.57,0.798,0,0.383,-0.26,0.107,0,,,,,0.282,-0.29,0.417,0,,,,
13301,20121111,-93.15,39.87,0.282,-0.11,0.131,0,0.291,-0.41,0.845,0,0.319,-0.59,0.798,0,0.382,-0.27,0.238,0,,,,,0.286,-0.25,0.417,0,,,,
13301,20121112,-93.15,39.87,0.296,0.02,0.036,0.083,0.304,-0.24,0.72,0.125,0.331,-0.49,0.679,0.018,0.393,-0.2,0.256,0,,,,,0.3,-0.11,0.321,0.125,,,,
13301,20121113,-93.15,39.87,0.297,0.02,0.036,0.083,0.309,-0.17,0.696,0.137,0.338,-0.44,0.679,0.018,0.406,-0.14,0.256,0,,,,,0.303,-0.07,0.321,0.125,,,,
13301,20121114,-93.15,39.87,0.297,0.02,0.036,0.083,0.314,-0.1,0.583,0.137,0.344,-0.39,0.589,0.018,0.414,-0.09,0.25,0,,,,,0.306,-0.04,0.321,0.125,,,,
13301,20121115,-93.15,39.87,0.299,0.03,0.036,0.083,0.319,-0.03,0.44,0.137,0.35,-0.34,0.446,0.018,0.422,-0.05,0.25,0,,,,,0.309,-0.01,0.321,0.125,,,,
13301,20121116,-93.15,39.87,0.301,0.04,0.036,0.083,0.323,0.03,0.298,0.137,0.356,-0.29,0.304,0.018,0.429,-0.02,0.226,0,,,,,0.312,0.03,0.292,0.125,,,,
13301,20121117,-93.15,39.87,0.303,0.06,0.036,0.083,0.327,0.09,0.155,0.137,0.361,-0.23,0.161,0.018,0.434,0.01,0.149,0,,,,,0.315,0.06,0.155,0.125,,,,
13301,20121118,-93.15,39.87,0.305,0.07,0.006,0.083,0.331,0.14,0.012,0.137,0.367,-0.18,0.018,0.018,0.44,0.03,0.018,0,,,,,0.318,0.09,0.012,0.125,,,,
13301,20121119,-93.15,39.87,0.295,-0.03,0,0,0.324,0.04,0,0.012,0.362,-0.23,0,0,0.433,-0.01,0,0,,,,,0.309,0,0,0,,,,
13301,20121120,-93.15,39.87,0.287,-0.1,0,0,0.32,-0.02,0.018,0,0.358,-0.28,0,0,0.424,-0.06,0,0,,,,,0.304,-0.07,0,0,,,,
13301,20121121,-93.15,39.87,0.281,-0.16,0.065,0,0.316,-0.08,0.101,0,0.355,-0.32,0.06,0,0.419,-0.09,0,0,,,,,0.299,-0.13,0.071,0,,,,
13301,20121122,-93.15,39.87,0.275,-0.22,0.208,0,0.313,-0.13,0.232,0,0.351,-0.35,0.179,0,0.415,-0.11,0,0,,,,,0.294,-0.18,0.214,0,,,,
13301,20121123,-93.15,39.87,0.269,-0.28,0.351,0,0.31,-0.18,0.375,0,0.349,-0.38,0.315,0,0.412,-0.12,0,0,,,,,0.289,-0.23,0.357,0,,,,
13301,20121124,-93.15,39.87,0.263,-0.34,0.494,0,0.306,-0.22,0.518,0,0.345,-0.41,0.458,0,0.41,-0.12,0,0,,,,,0.284,-0.28,0.5,0,,,,
13301,20121125,-93.15,39.87,0.256,-0.4,0.637,0,0.302,-0.27,0.661,0,0.342,-0.45,0.601,0,0.408,-0.12,0,0,,,,,0.279,-0.33,0.643,0,,,,
13301,20121126,-93.15,39.87,0.251,-0.46,0.78,0,0.299,-0.31,0.804,0,0.339,-0.48,0.744,0,0.407,-0.11,0,0,,,,,0.275,-0.37,0.786,0,,,,
13301,20121127,-93.15,39.87,0.245,-0.52,0.923,0,0.295,-0.36,0.929,0,0.336,-0.51,0.887,0,0.406,-0.1,0,0,,,,,0.27,-0.42,0.929,0,,,,
13301,20121128,-93.15,39.87,0.24,-0.58,1,0,0.292,-0.4,0.988,0,0.332,-0.54,0.97,0,0.404,-0.09,0,0,,,,,0.266,-0.46,1,0,,,,
13301,20121129,-93.15,39.87,0.235,-0.63,1,0,0.288,-0.43,1,0,0.328,-0.57,0.994,0,0.402,-0.09,0,0,,,,,0.262,-0.5,1,0,,,,
13301,20121130,-93.15,39.87,0.232,-0.67,1,0,0.285,-0.47,1,0,0.325,-0.59,1,0,0.401,-0.08,0,0,,,,,0.258,-0.54,1,0,,,,
13301,20121201,-93.15,39.87,0.23,-0.7,1,0,0.282,-0.49,1,0,0.322,-0.6,1,0,0.399,-0.07,0,0,,,,,0.256,-0.57,1,0,,,,
13301,20121202,-93.15,39.87,0.229,-0.71,1,0,0.28,-0.5,1,0,0.321,-0.6,1,0,0.398,-0.07,0,0,,,,,0.254,-0.59,1,0,,,,
13301,20121203,-93.15,39.87,0.227,-0.73,1,0,0.279,-0.51,1,0,0.32,-0.6,1,0,0.397,-0.06,0,0,,,,,0.253,-0.61,1,0,,,,
13301,20121204,-93.15,39.87,0.228,-0.74,1,0,0.277,-0.51,1,0,0.319,-0.59,1,0,0.396,-0.05,0,0,,,,,0.253,-0.62,1,0,,,,
13301,20121205,-93.15,39.87,0.227,-0.76,1,0,0.276,-0.52,1,0,0.318,-0.58,1,0,0.396,-0.05,0,0,,,,,0.252,-0.64,1,0,,,,
13301,20121206,-93.15,39.87,0.227,-0.78,1,0,0.275,-0.53,1,0,0.317,-0.58,1,0,0.396,-0.04,0,0,,,,,0.251,-0.65,1,0,,,,
13301,20121207,-93.15,39.87,0.225,-0.81,1,0,0.274,-0.54,1,0,0.316,-0.58,1,0,0.397,-0.04,0,0,,,,,0.25,-0.68,1,0,,,,
13301,20121208,-93.15,39.87,0.223,-0.84,1,0,0.273,-0.55,1,0,0.315,-0.59,1,0,0.397,-0.04,0,0,,,,,0.248,-0.7,1,0,,,,
13301,20121209,-93.15,39.87,0.222,-0.87,1,0,0.271,-0.57,1,0,0.314,-0.6,1,0,0.397,-0.04,0,0,,,,,0.246,-0.73,1,0,,,,
13301,20121210,-93.15,39.87,0.22,-0.9,1,0,0.27,-0.58,1,0,0.312,-0.61,1,0,0.397,-0.05,0,0,,,,,0.245,-0.75,1,0,,,,
13301,20121211,-93.15,39.87,0.216,-0.93,1,0,0.267,-0.6,1,0,0.309,-0.64,1,0,0.397,-0.06,0,0,,,,,0.242,-0.78,1,0,,,,
13301,20121212,-93.15,39.87,0.214,-0.95,1,0,0.265,-0.62,1,0,0.306,-0.66,1,0,0.396,-0.08,0,0,,,,,0.239,-0.8,1,0,,,,
13301,20121213,-93.15,39.87,0.212,-0.96,1,0,0.263,-0.62,1,0,0.304,-0.69,1,0,0.395,-0.11,0,0,,,,,0.238,-0.8,1,0,,,,
13301,20121214,-93.15,39.87,0.211,-0.96,1,0,0.261,-0.63,1,0,0.301,-0.72,1,0,0.393,-0.15,0.054,0,,,,,0.236,-0.81,1,0,,,,
13301,20121215,-93.15,39.87,0.212,-0.95,1,0,0.261,-0.62,0.982,0,0.3,-0.74,1,0,0.392,-0.18,0.101,0,,,,,0.237,-0.8,1,0,,,,
13301,20121216,-93.15,39.87,0.219,-0.89,1,0,0.265,-0.58,0.982,0,0.303,-0.73,1,0,0.395,-0.19,0.101,0,,,,,0.242,-0.75,1,0,,,,
13301,20121217,-93.15,39.87,0.226,-0.85,1,0,0.268,-0.56,0.982,0,0.305,-0.72,1,0,0.397,-0.21,0.101,0,,,,,0.247,-0.72,1,0,,,,
13301,20121218,-93.15,39.87,0.234,-0.81,1,0,0.272,-0.55,0.982,0,0.308,-0.7,1,0,0.398,-0.22,0.101,0,,,,,0.253,-0.69,1,0,,,,
13301,20121219,-93.15,39.87,0.241,-0.79,1,0,0.275,-0.53,0.982,0,0.311,-0.68,1,0,0.399,-0.23,0.113,0,,,,,0.258,-0.67,1,0,,,,
13301,20121220,-93.15,39.87,0.254,-0.72,0.935,0,0.281,-0.51,0.958,0,0.317,-0.64,0.976,0,0.403,-0.23,0.137,0,,,,,0.268,-0.62,0.952,0,,,,
13301,20121221,-93.15,39.87,0.273,-0.61,0.81,0,0.291,-0.45,0.815,0,0.327,-0.56,0.833,0,0.416,-0.18,0.083,0,,,,,0.282,-0.53,0.81,0,,,,
13301,20121222,-93.15,39.87,0.288,-0.54,0.81,0,0.3,-0.41,0.69,0,0.336,-0.5,0.69,0,0.428,-0.14,0.036,0,,,,,0.294,-0.48,0.726,0,,,,
13301,20121223,-93.15,39.87,0.297,-0.49,0.726,0,0.306,-0.38,0.548,0,0.343,-0.46,0.565,0,0.437,-0.11,0.036,0,,,,,0.301,-0.44,0.631,0,,,,
13301,20121224,-93.15,39.87,0.306,-0.45,0.726,0,0.312,-0.35,0.405,0,0.351,-0.41,0.423,0,0.446,-0.08,0.036,0,,,,,0.309,-0.41,0.607,0,,,,
13301,20121225,-93.15,39.87,0.313,-0.43,0.726,0,0.319,-0.32,0.298,0,0.358,-0.37,0.286,0,0.453,-0.06,0.036,0,,,,,0.316,-0.38,0.607,0,,,,
13301,20121226,-93.15,39.87,0.321,-0.39,0.723,0,0.325,-0.29,0.298,0,0.366,-0.33,0.274,0,0.46,-0.04,0.024,0,,,,,0.323,-0.35,0.602,0,,,,
13301,20121227,-93.15,39.87,0.324,-0.38,0.754,0,0.327,-0.28,0.321,0,0.37,-0.31,0.298,0,0.464,-0.03,0,0,,,,,0.327,-0.34,0.592,0,,,,
13301,20121228,-93.15,39.87,,,,,0.324,-0.31,0.464,0,0.369,-0.33,0.44,0,0.458,-0.06,0,0,,,,,,,,,,,,
13301,20121229,-93.15,39.87,,,,,0.322,-0.34,0.607,0,0.369,-0.35,0.583,0,0.452,-0.1,0,0,,,,,,,,,,,,
13301,20121230,-93.15,39.87,,,,,0.318,-0.38,0.75,0,0.366,-0.38,0.708,0,0.445,-0.15,0,0,,,,,,,,,,,,
13301,20121231,-93.15,39.87,,,,,0.316,-0.41,0.893,0,0.363,-0.42,0.851,0,0.439,-0.2,0.012,0,,,,,,,,,,,,
13301,20130101,-93.15,39.87,,,,,0.312,-0.45,1,0,0.36,-0.46,0.988,0,0.435,-0.23,0.054,0,,,,,,,,,,,,
13301,20130102,-93.15,39.87,,,,,0.31,-0.48,1,0,0.358,-0.49,1,0,0.431,-0.25,0.107,0,,,,,,,,,,,,
13301,20130103,-93.15,39.87,,,,,0.31,-0.5,1,0,0.356,-0.52,1,0,0.429,-0.28,0.208,0,,,,,,,,,,,,
13301,20130104,-93.15,39.87,,,,,0.31,-0.51,1,0,0.354,-0.54,1,0,0.426,-0.3,0.327,0,,,,,,,,,,,,
13301,20130105,-93.15,39.87,,,,,0.311,-0.51,1,0,0.353,-0.56,1,0,0.425,-0.32,0.446,0,,,,,,,,,,,,
13301,20130106,-93.15,39.87,,,,,,,,,0.352,-0.58,1,0,0.424,-0.33,0.571,0,,,,,,,,,,,,
13301,20130107,-93.15,39.87,,,,,,,,,0.351,-0.59,1,0,0.423,-0.34,0.655,0,,,,,,,,,,,,
13301,20130108,-93.15,39.87,,,,,,,,,0.35,-0.6,1,0,0.423,-0.36,0.732,0,,,,,,,,,,,,
13301,20130109,-93.15,39.87,,,,,,,,,0.349,-0.61,1,0,0.423,-0.37,0.792,0,,,,,,,,,,,,
13301,20130110,-93.15,39.87,,,,,,,,,0.348,-0.63,1,0,0.422,-0.38,0.815,0,,,,,,,,,,,,
13301,20130111,-93.15,39.87,,,,,,,,,0.349,-0.63,1,0,0.423,-0.38,0.786,0,,,,,,,,,,,,
13301,20130112,-93.15,39.87,,,,,,,,,0.353,-0.61,1,0,0.427,-0.36,0.667,0,,,,,,,,,,,,
13301,20130113,-93.15,39.87,,,,,,,,,0.358,-0.58,1,0,0.432,-0.33,0.542,0,,,,,,,,,,,,
13301,20130114,-93.15,39.87,,,,,,,,,0.362,-0.57,1,0,0.434,-0.33,0.452,0,,,,,,,,,,,,
13301,20130115,-93.15,39.87,,,,,0.337,-0.4,0.851,0,0.365,-0.56,1,0,0.436,-0.35,0.417,0,,,,,,,,,,,,
13301,20130116,-93.15,39.87,,,,,0.335,-0.42,0.869,0,0.368,-0.55,1,0,0.438,-0.39,0.446,0,,,,,,,,,,,,
13301,20130117,-93.15,39.87,,,,,0.334,-0.43,0.869,0,0.37,-0.54,1,0,0.439,-0.45,0.464,0,,,,,,,,,,,,
13301,20130118,-93.15,39.87,,,,,0.326,-0.51,0.97,0,0.37,-0.55,1,0,0.439,-0.53,0.518,0,,,,,,,,,,,,
13301,20130119,-93.15,39.87,,,,,0.321,-0.56,1,0,0.367,-0.58,1,0,0.434,-0.64,0.661,0,,,,,,,,,,,,
13301,20130120,-93.15,39.87,,,,,0.317,-0.59,1,0,0.364,-0.62,1,0,0.428,-0.77,0.804,0,,,,,,,,,,,,
13301,20130121,-93.15,39.87,,,,,0.315,-0.62,1,0,0.361,-0.64,1,0,0.425,-0.87,0.94,0,,,,,,,,,,,,
13301,20130122,-93.15,39.87,,,,,0.314,-0.62,1,0,0.36,-0.66,1,0,0.422,-0.97,1,0,,,,,,,,,,,,
13301,20130123,-93.15,39.87,,,,,0.314,-0.63,1,0,0.358,-0.67,1,0,0.419,-1.05,1,0,,,,,,,,,,,,
13301,20130124,-93.15,39.87,,,,,,,,,0.357,-0.68,1,0,0.417,-1.1,1,0,,,,,,,,,,,,
13301,20130125,-93.15,39.87,,,,,,,,,0.355,-0.69,1,0,0.415,-1.15,1,0,,,,,,,,,,,,
13301,20130126,-93.15,39.87,,,,,,,,,0.354,-0.7,1,0,0.414,-1.19,1,0,,,,,,,,,,,,
13301,20130127,-93.15,39.87,,,,,,,,,0.352,-0.72,1,0,0.414,-1.22,1,0,,,,,,,,,,,,
13301,20130128,-93.15,39.87,,,,,,,,,0.352,-0.73,1,0,0.416,-1.21,1,0,,,,,,,,,,,,
13301,20130129,-93.15,39.87,,,,,,,,,0.356,-0.71,1,0,0.422,-1.16,1,0,,,,,,,,,,,,
13301,20130130,-93.15,39.87,,,,,,,,,0.372,-0.6,0.875,0,0.438,-1,0.887,0.03,,,,,,,,,,,,
13301,20130131,-93.15,39.87,,,,,,,,,0.387,-0.49,0.732,0,0.46,-0.77,0.744,0.161,,,,,,,,,,,,
13301,20130201,-93.15,39.87,,,,,,,,,0.396,-0.44,0.702,0,0.483,-0.52,0.601,0.28,,,,,,,,,,,,
13301,20130202,-93.15,39.87,,,,,,,,,0.402,-0.41,0.702,0,0.505,-0.29,0.458,0.357,,,,,,,,,,,,
13301,20130203,-93.15,39.87,0.342,-0.45,0.761,0,0.388,-0.28,0.533,0,0.408,-0.38,0.702,0,0.522,-0.12,0.315,0.357,,,,,0.365,-0.41,0.756,0,,,,
13301,20130204,-93.15,39.87,0.341,-0.47,0.796,0,0.383,-0.32,0.604,0,0.413,-0.37,0.702,0,0.534,0.01,0.173,0.357,,,,,0.362,-0.44,0.792,0,,,,
13301,20130205,-93.15,39.87,0.339,-0.48,0.804,0,0.382,-0.35,0.643,0,0.415,-0.37,0.702,0,0.544,0.12,0.03,0.357,,,,,0.361,-0.45,0.792,0,,,,
13301,20130206,-93.15,39.87,0.336,-0.5,0.893,0,0.374,-0.44,0.673,0,0.409,-0.45,0.821,0,0.548,0.15,0,0.327,,,,,0.355,-0.5,0.857,0,,,,
13301,20130207,-93.15,39.87,0.334,-0.51,0.94,0,0.37,-0.48,0.702,0,0.404,-0.51,0.952,0,0.545,0.12,0,0.202,,,,,0.352,-0.52,0.911,0,,,,
13301,20130208,-93.15,39.87,0.352,-0.38,0.81,0.048,0.382,-0.39,0.601,0,0.417,-0.39,0.839,0.077,0.544,0.11,0,0.095,,,,,0.367,-0.4,0.768,0.036,,,,
13301,20130209,-93.15,39.87,0.365,-0.29,0.667,0.048,0.395,-0.29,0.458,0,0.431,-0.28,0.696,0.077,0.543,0.1,0,0.03,,,,,0.38,-0.3,0.625,0.036,,,,
13301,20130210,-93.15,39.87,0.373,-0.24,0.542,0.048,0.406,-0.22,0.315,0,0.443,-0.17,0.554,0.077,0.548,0.15,0,0.048,,,,,0.39,-0.23,0.482,0.036,,,,
13301,20130211,-93.15,39.87,0.38,-0.19,0.452,0.048,0.417,-0.14,0.173,0,0.457,-0.05,0.411,0.077,0.555,0.22,0,0.077,,,,,0.399,-0.17,0.345,0.036,,,,
13301,20130212,-93.15,39.87,0.382,-0.18,0.476,0.048,0.42,-0.13,0.119,0,0.464,0.01,0.28,0.077,0.56,0.27,0,0.143,,,,,0.401,-0.16,0.351,0.036,,,,
13301,20130213,-93.15,39.87,0.379,-0.21,0.512,0.048,0.419,-0.14,0.22,0,0.467,0.02,0.286,0.077,0.564,0.31,0,0.22,,,,,0.399,-0.19,0.411,0.036,,,,
13301,20130214,-93.15,39.87,0.377,-0.24,0.512,0.048,0.417,-0.17,0.333,0,0.467,0,0.298,0.077,0.566,0.33,0,0.298,,,,,0.397,-0.22,0.423,0.036,,,,
13301,20130215,-93.15,39.87,0.359,-0.37,0.643,0,0.404,-0.29,0.476,0,0.455,-0.14,0.44,0,0.567,0.34,0,0.393,,,,,0.382,-0.35,0.565,0,,,,
13301,20130216,-93.15,39.87,0.347,-0.47,0.786,0,0.391,-0.41,0.619,0,0.443,-0.28,0.583,0,0.568,0.37,0,0.506,,,,,0.369,-0.47,0.708,0,,,,
13301,20130217,-93.15,39.87,0.337,-0.54,0.911,0,0.38,-0.52,0.762,0,0.432,-0.41,0.726,0,0.57,0.39,0,0.625,,,,,0.358,-0.56,0.851,0,,,,
13301,20130218,-93.15,39.87,0.327,-0.62,1,0,0.369,-0.62,0.905,0,0.42,-0.55,0.869,0,0.571,0.41,0,0.732,,,,,0.348,-0.64,0.988,0,,,,
13301,20130219,-93.15,39.87,0.323,-0.65,1,0,0.365,-0.66,1,0,0.412,-0.64,1,0,0.57,0.4,0,0.72,,,,,0.344,-0.67,1,0,,,,
13301,20130220,-93.15,39.87,0.318,-0.69,1,0,0.361,-0.69,1,0,0.406,-0.71,1,0,0.567,0.38,0,0.643,,,,,0.339,-0.71,1,0,,,,
13301,20130221,-93.15,39.87,0.312,-0.74,1,0,0.357,-0.73,1,0,0.401,-0.77,1,0,0.564,0.34,0,0.56,,,,,0.335,-0.74,1,0,,,,
13301,20130222,-93.15,39.87,0.309,-0.76,1,0,0.353,-0.77,1,0,0.397,-0.83,1,0,0.559,0.28,0,0.452,,,,,0.332,-0.76,1,0,,,,
13301,20130223,-93.15,39.87,,,,,0.35,-0.8,1,0,0.394,-0.88,1,0,0.553,0.21,0,0.327,,,,,,,,,,,,
13301,20130224,-93.15,39.87,,,,,0.348,-0.81,1,0,0.392,-0.92,1,0,0.546,0.12,0,0.19,,,,,,,,,,,,
13301,20130225,-93.15,39.87,,,,,0.346,-0.83,1,0,0.389,-0.96,1,0,0.539,0.03,0,0.054,,,,,,,,,,,,
13301,20130226,-93.15,39.87,,,,,0.344,-0.85,1,0,0.386,-1,1,0,0.534,-0.06,0,0,,,,,,,,,,,,
13301,20130227,-93.15,39.87,,,,,0.344,-0.85,1,0,0.385,-1.02,1,0,0.529,-0.13,0,0,,,,,,,,,,,,
13301,20130228,-93.15,39.87,,,,,0.345,-0.83,1,0,0.384,-1.03,1,0,0.526,-0.19,0,0,,,,,,,,,,,,
13301,20130301,-93.15,39.87,,,,,0.348,-0.8,1,0,0.383,-1.02,1,0,0.523,-0.24,0,0,,,,,,,,,,,,
13301,20130302,-93.15,39.87,,,,,0.352,-0.77,1,0,0.384,-1.01,1,0,0.521,-0.29,0.006,0,,,,,,,,,,,,
13301,20130303,-93.15,39.87,,,,,0.357,-0.72,1,0,0.386,-0.98,1,0,0.52,-0.32,0.006,0,,,,,,,,,,,,
13301,20130304,-93.15,39.87,,,,,0.361,-0.69,1,0,0.389,-0.95,1,0,0.52,-0.34,0.006,0,,,,,,,,,,,,
13301,20130305,-93.15,39.87,,,,,0.366,-0.64,0.964,0,0.395,-0.89,1,0,0.522,-0.32,0.006,0,,,,,,,,,,,,
13301,20130306,-93.15,39.87,0.332,-0.58,1,0,0.372,-0.6,0.875,0,0.404,-0.8,0.881,0,0.527,-0.28,0.006,0,,,,,0.353,-0.56,1,0,,,,
13301,20130307,-93.15,39.87,0.333,-0.58,1,0,0.377,-0.56,0.78,0,0.414,-0.69,0.738,0,0.536,-0.2,0.006,0.024,,,,,0.355,-0.55,1,0,,,,
13301,20130308,-93.15,39.87,0.335,-0.58,1,0,0.382,-0.51,0.637,0,0.425,-0.57,0.595,0,0.545,-0.11,0.006,0.054,,,,,0.358,-0.52,1,0,,,,
13301,20130309,-93.15,39.87,0.35,-0.46,0.911,0.071,0.396,-0.38,0.494,0.054,0.441,-0.4,0.452,0.06,0.554,-0.03,0,0.089,,,,,0.373,-0.4,0.899,0.065,,,,
13301,20130310,-93.15,39.87,0.383,-0.21,0.768,0.214,0.418,-0.17,0.351,0.196,0.458,-0.22,0.31,0.179,0.563,0.06,0,0.107,,,,,0.401,-0.17,0.756,0.208,,,,
13301,20130311,-93.15,39.87,0.419,0.06,0.625,0.357,0.44,0.04,0.208,0.339,0.475,-0.04,0.167,0.262,0.571,0.13,0,0.131,,,,,0.429,0.06,0.613,0.351,,,,
13301,20130312,-93.15,39.87,0.452,0.29,0.482,0.5,0.46,0.23,0.101,0.482,0.489,0.11,0.024,0.321,0.577,0.18,0,0.167,,,,,0.456,0.27,0.47,0.494,,,,
13301,20130313,-93.15,39.87,0.474,0.44,0.339,0.595,0.48,0.41,0.048,0.625,0.501,0.21,0,0.345,0.58,0.21,0,0.208,,,,,0.477,0.43,0.327,0.613,,,,
13301,20130314,-93.15,39.87,0.487,0.54,0.196,0.595,0.498,0.57,0,0.768,0.511,0.29,0,0.387,0.581,0.2,0,0.202,,,,,0.493,0.55,0.185,0.625,,,,
13301,20130315,-93.15,39.87,0.499,0.62,0.054,0.595,0.514,0.71,0,0.887,0.52,0.37,0,0.405,0.582,0.2,0,0.208,,,,,0.506,0.65,0.042,0.625,,,,
13301,20130316,-93.15,39.87,0.493,0.56,0,0.524,0.515,0.7,0,0.833,0.524,0.39,0,0.375,0.582,0.2,0,0.196,,,,,0.504,0.61,0,0.56,,,,
13301,20130317,-93.15,39.87,0.466,0.34,0.065,0.381,0.504,0.58,0,0.69,0.524,0.35,0,0.268,0.583,0.2,0,0.256,,,,,0.485,0.43,0,0.417,,,,
13301,20130318,-93.15,39.87,0.438,0.11,0.208,0.238,0.491,0.44,0,0.548,0.521,0.3,0,0.185,0.584,0.21,0,0.304,,,,,0.465,0.25,0,0.274,,,,
13301,20130319,-93.15,39.87,0.412,-0.09,0.351,0.095,0.479,0.31,0,0.405,0.519,0.24,0,0.125,0.584,0.21,0,0.31,,,,,0.445,0.08,0.024,0.131,,,,
13301,20130320,-93.15,39.87,0.393,-0.24,0.494,0,0.461,0.14,0.083,0.262,0.51,0.12,0.107,0.101,0.585,0.21,0,0.333,,,,,0.427,-0.08,0.167,0.012,,,,
13301,20130321,-93.15,39.87,0.381,-0.34,0.637,0,0.442,-0.05,0.226,0.119,0.498,-0.04,0.25,0.06,0.586,0.22,0,0.387,,,,,0.411,-0.22,0.31,0,,,,
13301,20130322,-93.15,39.87,0.369,-0.45,0.78,0,0.425,-0.21,0.369,0,0.484,-0.23,0.393,0.042,0.586,0.22,0,0.405,,,,,0.397,-0.36,0.452,0,,,,
13301,20130323,-93.15,39.87,0.36,-0.53,0.923,0,0.412,-0.34,0.512,0,0.469,-0.42,0.536,0.012,0.587,0.23,0,0.435,,,,,0.386,-0.46,0.595,0,,,,
13301,20130324,-93.15,39.87,0.355,-0.58,1,0,0.404,-0.41,0.649,0,0.457,-0.59,0.679,0,0.587,0.23,0,0.423,,,,,0.38,-0.52,0.738,0,,,,
13301,20130325,-93.15,39.87,0.353,-0.61,1,0,0.401,-0.44,0.685,0,0.451,-0.67,0.821,0,0.587,0.23,0,0.399,,,,,0.377,-0.55,0.881,0,,,,
13301,20130326,-93.15,39.87,0.351,-0.64,1,0,0.398,-0.48,0.738,0,0.446,-0.75,0.964,0,0.587,0.23,0,0.381,,,,,0.374,-0.58,1,0,,,,
13301,20130327,-93.15,39.87,0.358,-0.59,0.911,0,0.406,-0.4,0.696,0.083,0.452,-0.69,0.911,0,0.587,0.22,0,0.339,,,,,0.382,-0.52,0.905,0,,,,
13301,20130328,-93.15,39.87,0.374,-0.46,0.786,0.048,0.421,-0.24,0.554,0.202,0.463,-0.55,0.768,0,0.587,0.22,0,0.28,,,,,0.397,-0.37,0.762,0.054,,,,
13301,20130329,-93.15,39.87,0.384,-0.37,0.685,0.048,0.435,-0.09,0.411,0.238,0.476,-0.39,0.625,0,0.587,0.22,0,0.244,,,,,0.41,-0.25,0.619,0.054,,,,
13301,20130330,-93.15,39.87,0.39,-0.32,0.685,0.048,0.443,0,0.268,0.238,0.487,-0.24,0.482,0,0.587,0.22,0,0.214,,,,,0.417,-0.18,0.548,0.054,,,,
13301,20130331,-93.15,39.87,0.41,-0.14,0.571,0.155,0.457,0.15,0.131,0.345,0.5,-0.06,0.339,0.095,0.588,0.22,0,0.214,,,,,0.433,-0.01,0.429,0.161,,,,
13301,20130401,-93.15,39.87,0.42,-0.05,0.429,0.185,0.467,0.28,0.095,0.458,0.51,0.1,0.196,0.238,0.589,0.23,0,0.214,,,,,0.444,0.11,0.286,0.208,,,,
13301,20130402,-93.15,39.87,0.423,-0.02,0.423,0.185,0.47,0.33,0.042,0.458,0.515,0.21,0.054,0.298,0.59,0.23,0,0.226,,,,,0.447,0.15,0.167,0.208,,,,
13301,20130403,-93.15,39.87,0.417,-0.07,0.512,0.185,0.462,0.26,0.018,0.375,0.51,0.18,0.065,0.298,0.591,0.24,0,0.244,,,,,0.439,0.1,0.262,0.208,,,,
13301,20130404,-93.15,39.87,0.402,-0.2,0.637,0.137,0.447,0.13,0.161,0.256,0.499,0.09,0.208,0.298,0.591,0.24,0,0.232,,,,,0.425,-0.03,0.405,0.155,,,,
13301,20130405,-93.15,39.87,0.392,-0.28,0.738,0.137,0.434,0.01,0.304,0.22,0.486,-0.03,0.351,0.298,0.591,0.24,0,0.214,,,,,0.413,-0.13,0.548,0.155,,,,
13301,20130406,-93.15,39.87,0.385,-0.34,0.738,0.137,0.425,-0.06,0.446,0.22,0.474,-0.13,0.494,0.298,0.591,0.24,0,0.196,,,,,0.405,-0.18,0.619,0.155,,,,
13301,20130407,-93.15,39.87,0.362,-0.56,0.851,0.03,0.409,-0.2,0.589,0.113,0.46,-0.27,0.637,0.202,0.591,0.23,0,0.131,,,,,0.385,-0.36,0.738,0.048,,,,
13301,20130408,-93.15,39.87,0.351,-0.65,0.952,0.03,0.395,-0.32,0.69,0.006,0.446,-0.4,0.744,0.089,0.591,0.23,0,0.089,,,,,0.373,-0.46,0.839,0.03,,,,
13301,20130409,-93.15,39.87,0.357,-0.57,0.815,0.054,0.398,-0.27,0.69,0.006,0.447,-0.38,0.744,0.173,0.591,0.23,0,0.071,,,,,0.378,-0.4,0.815,0.042,,,,
13301,20130410,-93.15,39.87,0.363,-0.5,0.738,0.083,0.401,-0.21,0.673,0.036,0.452,-0.29,0.679,0.25,0.592,0.24,0,0.077,,,,,0.382,-0.34,0.673,0.071,,,,
13301,20130411,-93.15,39.87,0.392,-0.21,0.595,0.226,0.415,-0.05,0.53,0.179,0.466,-0.1,0.536,0.393,0.594,0.25,0,0.155,,,,,0.403,-0.11,0.53,0.214,,,,
13301,20130412,-93.15,39.87,0.421,0.1,0.452,0.369,0.43,0.14,0.387,0.321,0.482,0.11,0.393,0.536,0.596,0.26,0,0.238,,,,,0.426,0.14,0.387,0.357,,,,
13301,20130413,-93.15,39.87,0.441,0.31,0.31,0.512,0.446,0.33,0.244,0.464,0.498,0.32,0.25,0.679,0.597,0.27,0,0.28,,,,,0.444,0.34,0.244,0.5,,,,
13301,20130414,-93.15,39.87,0.456,0.48,0.167,0.589,0.458,0.49,0.101,0.607,0.515,0.54,0.107,0.821,0.598,0.28,0,0.304,,,,,0.457,0.49,0.101,0.637,,,,
13301,20130415,-93.15,39.87,0.461,0.56,0.065,0.56,0.464,0.58,0,0.714,0.526,0.69,0,0.935,0.599,0.28,0,0.298,,,,,0.463,0.57,0,0.619,,,,
13301,20130416,-93.15,39.87,0.456,0.53,0.065,0.536,0.46,0.57,0,0.792,0.523,0.68,0,0.911,0.599,0.29,0,0.327,,,,,0.458,0.55,0,0.607,,,,
13301,20130417,-93.15,39.87,0.452,0.51,0,0.506,0.456,0.56,0,0.762,0.518,0.64,0,0.833,0.599,0.29,0,0.333,,,,,0.454,0.54,0,0.577,,,,
13301,20130418,-93.15,39.87,0.444,0.45,0,0.47,0.453,0.55,0,0.726,0.514,0.62,0,0.798,0.598,0.28,0,0.298,,,,,0.449,0.51,0,0.542,,,,
13301,20130419,-93.15,39.87,0.445,0.45,0,0.47,0.453,0.58,0,0.726,0.514,0.64,0,0.798,0.597,0.28,0,0.292,,,,,0.449,0.53,0,0.542,,,,
13301,20130420,-93.15,39.87,0.446,0.47,0,0.47,0.454,0.61,0,0.726,0.515,0.66,0,0.798,0.598,0.29,0,0.375,,,,,0.45,0.56,0,0.542,,,,
13301,20130421,-93.15,39.87,0.445,0.47,0,0.435,0.454,0.61,0,0.726,0.515,0.67,0,0.798,0.598,0.3,0,0.464,,,,,0.449,0.56,0,0.518,,,,
13301,20130422,-93.15,39.87,0.443,0.46,0,0.435,0.451,0.59,0,0.625,0.509,0.63,0,0.708,0.598,0.32,0,0.595,,,,,0.447,0.55,0,0.506,,,,
13301,20130423,-93.15,39.87,0.44,0.45,0,0.435,0.447,0.55,0,0.548,0.502,0.56,0,0.589,0.597,0.33,0,0.667,,,,,0.443,0.52,0,0.506,,,,
13301,20130424,-93.15,39.87,0.445,0.52,0,0.518,0.455,0.64,0,0.667,0.51,0.65,0,0.702,0.598,0.34,0,0.732,,,,,0.45,0.6,0,0.625,,,,
13301,20130425,-93.15,39.87,0.43,0.39,0,0.411,0.451,0.61,0,0.661,0.509,0.66,0,0.738,0.598,0.36,0,0.815,,,,,0.441,0.51,0,0.589,,,,
13301,20130426,-93.15,39.87,0.404,0.17,0,0.268,0.438,0.48,0,0.518,0.498,0.53,0,0.619,0.598,0.37,0,0.869,,,,,0.421,0.32,0,0.446,,,,
13301,20130427,-93.15,39.87,0.386,0.04,0,0.125,0.423,0.33,0,0.375,0.483,0.38,0,0.476,0.597,0.38,0,0.869,,,,,0.405,0.18,0,0.304,,,,
13301,20130428,-93.15,39.87,0.38,0.01,0,0.083,0.415,0.26,0,0.232,0.47,0.24,0,0.333,0.597,0.39,0,0.893,,,,,0.398,0.13,0,0.19,,,,
13301,20130429,-93.15,39.87,0.377,0,0,0.083,0.412,0.24,0,0.22,0.464,0.2,0,0.28,0.597,0.4,0,0.905,,,,,0.394,0.12,0,0.19,,,,
13301,20130430,-93.15,39.87,0.372,-0.02,0,0.083,0.41,0.24,0,0.22,0.462,0.19,0,0.28,0.596,0.41,0,0.869,,,,,0.391,0.1,0,0.19,,,,
13301,20130501,-93.15,39.87,0.353,-0.15,0.119,0,0.397,0.13,0,0.101,0.449,0.06,0,0.167,0.592,0.39,0,0.78,,,,,0.375,-0.02,0.03,0.071,,,,
13301,20130502,-93.15,39.87,0.331,-0.29,0.262,0,0.385,0.02,0,0,0.434,-0.09,0,0.024,0.585,0.36,0,0.655,,,,,0.358,-0.15,0.173,0,,,,
13301,20130503,-93.15,39.87,0.316,-0.39,0.405,0,0.378,-0.02,0,0,0.426,-0.16,0,0,0.578,0.33,0,0.524,,,,,0.347,-0.22,0.262,0,,,,
13301,20130504,-93.15,39.87,0.319,-0.35,0.44,0.065,0.385,0.04,0,0.095,0.426,-0.15,0,0.024,0.574,0.31,0,0.435,,,,,0.352,-0.17,0.262,0.089,,,,
13301,20130505,-93.15,39.87,0.348,-0.15,0.44,0.208,0.403,0.19,0,0.238,0.439,-0.02,0,0.167,0.571,0.31,0,0.429,,,,,0.375,0.02,0.262,0.232,,,,
13301,20130506,-93.15,39.87,0.371,0.01,0.44,0.351,0.422,0.35,0,0.381,0.454,0.11,0,0.31,0.569,0.32,0,0.423,,,,,0.397,0.18,0.262,0.375,,,,
13301,20130507,-93.15,39.87,0.385,0.1,0.44,0.44,0.436,0.46,0,0.524,0.469,0.25,0,0.452,0.569,0.33,0,0.482,,,,,0.41,0.29,0.262,0.518,,,,
13301,20130508,-93.15,39.87,0.4,0.21,0.321,0.44,0.443,0.51,0,0.571,0.48,0.35,0,0.577,0.571,0.36,0,0.595,,,,,0.422,0.38,0.232,0.548,,,,
13301,20130509,-93.15,39.87,0.424,0.38,0.179,0.476,0.452,0.58,0,0.607,0.49,0.44,0,0.613,0.576,0.4,0,0.738,,,,,0.438,0.5,0.089,0.583,,,,
13301,20130510,-93.15,39.87,0.466,0.65,0.036,0.619,0.472,0.73,0,0.75,0.51,0.61,0,0.756,0.582,0.45,0,0.881,,,,,0.469,0.72,0,0.726,,,,
13301,20130511,-93.15,39.87,0.484,0.76,0,0.696,0.48,0.77,0,0.798,0.525,0.73,0,0.875,0.585,0.49,0,0.982,,,,,0.482,0.81,0,0.78,,,,
13301,20130512,-93.15,39.87,0.462,0.61,0,0.589,0.471,0.68,0,0.762,0.524,0.71,0,0.875,0.586,0.5,0,0.994,,,,,0.466,0.67,0,0.702,,,,
13301,20130513,-93.15,39.87,0.44,0.46,0,0.446,0.454,0.55,0,0.619,0.515,0.61,0,0.762,0.587,0.51,0,1,,,,,0.447,0.52,0,0.56,,,,
13301,20130514,-93.15,39.87,0.429,0.38,0,0.357,0.441,0.44,0,0.476,0.5,0.48,0,0.619,0.587,0.53,0,1,,,,,0.435,0.43,0,0.417,,,,
13301,20130515,-93.15,39.87,0.416,0.3,0.107,0.357,0.435,0.39,0,0.429,0.49,0.39,0,0.494,0.586,0.54,0,1,,,,,0.425,0.36,0,0.387,,,,
13301,20130516,-93.15,39.87,0.398,0.19,0.227,0.331,0.428,0.34,0,0.405,0.482,0.33,0,0.472,0.582,0.53,0,0.939,,,,,0.413,0.28,0.025,0.362,,,,
13301,20130517,-93.15,39.87,0.356,-0.07,0.374,0.184,0.407,0.19,0,0.258,0.46,0.16,0,0.325,0.576,0.51,0,0.81,,,,,0.382,0.06,0.104,0.215,,,,
13301,20130518,-93.15,39.87,0.318,-0.3,0.521,0.037,0.385,0.03,0,0.11,0.436,-0.03,0,0.178,0.57,0.49,0,0.675,,,,,0.352,-0.15,0.221,0.067,,,,
13301,20130519,-93.15,39.87,0.293,-0.45,0.669,0,0.368,-0.09,0,0,0.413,-0.21,0.098,0.031,0.562,0.46,0,0.534,,,,,0.331,-0.29,0.368,0,,,,
13301,20130520,-93.15,39.87,0.286,-0.49,0.755,0.049,0.364,-0.12,0,0.049,0.403,-0.28,0.196,0.049,0.557,0.44,0,0.436,,,,,0.325,-0.33,0.454,0.049,,,,
13301,20130521,-93.15,39.87,0.296,-0.43,0.755,0.074,0.371,-0.07,0,0.153,0.412,-0.22,0.196,0.196,0.56,0.49,0,0.436,,,,,0.333,-0.28,0.454,0.104,,,,
13301,20130522,-93.15,39.87,0.307,-0.36,0.644,0.074,0.375,-0.04,0,0.153,0.418,-0.17,0.196,0.221,0.564,0.54,0,0.436,,,,,0.341,-0.23,0.454,0.104,,,,
13301,20130523,-93.15,39.87,0.318,-0.29,0.512,0.071,0.379,-0.02,0,0.149,0.422,-0.14,0.19,0.214,0.57,0.6,0,0.512,,,,,0.348,-0.17,0.417,0.101,,,,
13301,20130524,-93.15,39.87,0.328,-0.23,0.369,0.071,0.383,0.01,0,0.149,0.427,-0.1,0.19,0.214,0.575,0.65,0,0.637,,,,,0.356,-0.12,0.339,0.101,,,,
13301,20130525,-93.15,39.87,0.334,-0.19,0.226,0.071,0.386,0.04,0,0.149,0.431,-0.07,0.19,0.214,0.578,0.67,0,0.702,,,,,0.36,-0.09,0.226,0.101,,,,
13301,20130526,-93.15,39.87,0.34,-0.15,0.083,0.071,0.39,0.07,0,0.149,0.434,-0.04,0.095,0.214,0.578,0.68,0,0.702,,,,,0.365,-0.05,0.083,0.101,,,,
13301,20130527,-93.15,39.87,0.337,-0.15,0.065,0.024,0.389,0.07,0,0.101,0.433,-0.05,0,0.167,0.577,0.67,0,0.667,,,,,0.363,-0.06,0,0.054,,,,
13301,20130528,-93.15,39.87,0.355,-0.04,0.065,0.131,0.396,0.12,0,0.131,0.438,-0.01,0,0.155,0.575,0.66,0,0.655,,,,,0.376,0.03,0,0.131,,,,
13301,20130529,-93.15,39.87,0.382,0.11,0.065,0.274,0.41,0.22,0,0.274,0.449,0.09,0,0.274,0.574,0.68,0,0.655,,,,,0.396,0.16,0,0.274,,,,
13301,20130530,-93.15,39.87,0.407,0.26,0.065,0.417,0.427,0.33,0,0.417,0.464,0.21,0,0.417,0.574,0.69,0,0.655,,,,,0.417,0.29,0,0.417,,,,
13301,20130531,-93.15,39.87,0.434,0.41,0.065,0.56,0.444,0.45,0,0.56,0.482,0.34,0,0.56,0.577,0.72,0,0.655,,,,,0.439,0.43,0,0.56,,,,
13301,20130601,-93.15,39.87,0.469,0.6,0.065,0.702,0.463,0.57,0,0.702,0.501,0.5,0,0.702,0.583,0.79,0,0.72,,,,,0.466,0.6,0,0.702,,,,
13301,20130602,-93.15,39.87,0.499,0.77,0.065,0.845,0.482,0.7,0,0.845,0.523,0.66,0,0.845,0.592,0.86,0,0.857,,,,,0.491,0.75,0,0.845,,,,
13301,20130603,-93.15,39.87,0.515,0.86,0,0.923,0.494,0.77,0,0.988,0.543,0.81,0,0.988,0.6,0.93,0,0.988,,,,,0.504,0.84,0,0.976,,,,
13301,20130604,-93.15,39.87,0.493,0.74,0,0.792,0.483,0.7,0,0.887,0.536,0.75,0,0.935,0.6,0.92,0,1,,,,,0.488,0.74,0,0.845,,,,
13301,20130605,-93.15,39.87,0.467,0.61,0,0.649,0.468,0.6,0,0.744,0.523,0.65,0,0.792,0.599,0.88,0,1,,,,,0.467,0.62,0,0.702,,,,
13301,20130606,-93.15,39.87,0.446,0.49,0,0.506,0.452,0.5,0,0.601,0.508,0.54,0,0.649,0.597,0.83,0,1,,,,,0.449,0.51,0,0.56,,,,
13301,20130607,-93.15,39.87,0.423,0.38,0,0.363,0.436,0.39,0,0.458,0.492,0.43,0,0.506,0.596,0.79,0,1,,,,,0.429,0.39,0,0.417,,,,
13301,20130608,-93.15,39.87,0.396,0.24,0,0.22,0.42,0.29,0,0.315,0.476,0.31,0,0.363,0.594,0.75,0,1,,,,,0.408,0.27,0,0.274,,,,
13301,20130609,-93.15,39.87,0.374,0.13,0,0.077,0.404,0.19,0,0.173,0.46,0.2,0,0.22,0.591,0.69,0,0.994,,,,,0.389,0.17,0,0.131,,,,
13301,20130610,-93.15,39.87,0.364,0.08,0,0,0.394,0.13,0,0.03,0.444,0.09,0,0.077,0.587,0.64,0,0.946,,,,,0.379,0.11,0,0,,,,
13301,20130611,-93.15,39.87,0.357,0.05,0,0,0.389,0.11,0,0,0.436,0.04,0,0,0.583,0.59,0,0.863,,,,,0.373,0.09,0,0,,,,
13301,20130612,-93.15,39.87,0.351,0.02,0,0,0.386,0.09,0,0,0.431,0.02,0,0,0.58,0.55,0,0.75,,,,,0.368,0.06,0,0,,,,
13301,20130613,-93.15,39.87,0.343,-0.02,0,0,0.383,0.07,0,0,0.428,0,0,0,0.575,0.5,0,0.637,,,,,0.363,0.04,0,0,,,,
13301,20130614,-93.15,39.87,0.335,-0.06,0,0,0.38,0.06,0,0,0.424,-0.02,0,0,0.568,0.44,0,0.494,,,,,0.357,0,0,0,,,,
13301,20130615,-93.15,39.87,0.327,-0.1,0,0,0.376,0.04,0,0,0.42,-0.04,0,0,0.561,0.38,0,0.351,,,,,0.352,-0.03,0,0,,,,
13301,20130616,-93.15,39.87,0.338,-0.04,0,0.083,0.386,0.1,0,0.083,0.428,0,0,0.077,0.56,0.37,0,0.292,,,,,0.362,0.04,0,0.083,,,,
13301,20130617,-93.15,39.87,0.35,0.03,0,0.226,0.401,0.19,0,0.226,0.445,0.1,0,0.22,0.567,0.41,0,0.339,,,,,0.375,0.13,0,0.226,,,,
13301,20130618,-93.15,39.87,0.358,0.08,0,0.315,0.408,0.25,0,0.369,0.458,0.18,0,0.363,0.574,0.44,0,0.423,,,,,0.383,0.19,0,0.369,,,,
13301,20130619,-93.15,39.87,0.365,0.13,0,0.315,0.414,0.29,0,0.47,0.466,0.23,0,0.464,0.582,0.48,0,0.536,,,,,0.39,0.23,0,0.435,,,,
13301,20130620,-93.15,39.87,0.372,0.18,0,0.315,0.419,0.33,0,0.47,0.471,0.26,0,0.464,0.589,0.52,0,0.649,,,,,0.396,0.28,0,0.435,,,,
13301,20130621,-93.15,39.87,0.379,0.22,0,0.315,0.423,0.36,0,0.47,0.476,0.29,0,0.464,0.599,0.57,0,0.792,,,,,0.401,0.32,0,0.435,,,,
13301,20130622,-93.15,39.87,0.383,0.25,0,0.315,0.427,0.39,0,0.47,0.48,0.31,0,0.464,0.607,0.61,0,0.899,,,,,0.405,0.35,0,0.435,,,,
13301,20130623,-93.15,39.87,0.366,0.16,0,0.232,0.416,0.33,0,0.387,0.471,0.27,0,0.387,0.608,0.59,0,0.851,,,,,0.391,0.27,0,0.351,,,,
13301,20130624,-93.15,39.87,0.356,0.11,0,0.089,0.405,0.26,0,0.304,0.458,0.2,0,0.274,0.606,0.56,0,0.827,,,,,0.381,0.21,0,0.244,,,,
13301,20130625,-93.15,39.87,0.35,0.07,0,0,0.4,0.23,0,0.161,0.448,0.14,0,0.131,0.605,0.53,0,0.821,,,,,0.375,0.18,0,0.101,,,,
13301,20130626,-93.15,39.87,0.347,0.06,0,0.012,0.399,0.23,0,0.101,0.444,0.12,0,0.065,0.603,0.5,0,0.821,,,,,0.373,0.17,0,0.077,,,,
13301,20130627,-93.15,39.87,0.348,0.07,0,0.012,0.4,0.23,0,0.149,0.446,0.13,0,0.077,0.601,0.48,0,0.81,,,,,0.374,0.18,0,0.083,,,,
13301,20130628,-93.15,39.87,0.349,0.07,0,0.012,0.401,0.24,0,0.149,0.447,0.14,0,0.077,0.599,0.46,0,0.81,,,,,0.375,0.18,0,0.083,,,,
13301,20130629,-93.15,39.87,0.35,0.08,0,0.012,0.401,0.25,0,0.149,0.448,0.15,0,0.077,0.597,0.43,0,0.762,,,,,0.376,0.19,0,0.083,,,,
13301,20130630,-93.15,39.87,0.354,0.1,0,0.012,0.402,0.26,0,0.149,0.449,0.15,0,0.077,0.595,0.42,0,0.738,,,,,0.378,0.2,0,0.083,,,,
13301,20130701,-93.15,39.87,0.349,0.07,0,0.012,0.398,0.24,0,0.089,0.444,0.13,0,0.048,0.591,0.39,0,0.619,,,,,0.373,0.18,0,0.048,,,,
13301,20130702,-93.15,39.87,0.342,0.03,0,0.012,0.394,0.21,0,0.089,0.44,0.11,0,0.048,0.584,0.35,0,0.482,,,,,0.368,0.14,0,0.048,,,,
13301,20130703,-93.15,39.87,0.331,-0.03,0,0,0.388,0.18,0,0.048,0.433,0.07,0,0.012,0.577,0.31,0,0.339,,,,,0.359,0.09,0,0.006,,,,
13301,20130704,-93.15,39.87,0.316,-0.11,0.042,0,0.379,0.13,0,0,0.422,0.01,0,0,0.57,0.27,0,0.208,,,,,0.348,0.02,0,0,,,,
13301,20130705,-93.15,39.87,0.3,-0.19,0.185,0,0.371,0.07,0,0,0.412,-0.05,0,0,0.563,0.24,0,0.065,,,,,0.335,-0.05,0,0,,,,
13301,20130706,-93.15,39.87,0.285,-0.27,0.327,0,0.362,0.02,0,0,0.401,-0.11,0,0,0.557,0.21,0,0.006,,,,,0.323,-0.12,0.024,0,,,,
13301,20130707,-93.15,39.87,0.27,-0.35,0.47,0,0.352,-0.04,0,0,0.39,-0.17,0,0,0.552,0.18,0,0,,,,,0.311,-0.19,0.167,0,,,,
13301,20130708,-93.15,39.87,0.253,-0.43,0.613,0,0.34,-0.11,0,0,0.379,-0.24,0,0,0.546,0.15,0,0,,,,,0.296,-0.27,0.31,0,,,,
13301,20130709,-93.15,39.87,0.238,-0.5,0.756,0,0.328,-0.18,0,0,0.367,-0.3,0,0,0.54,0.13,0,0,,,,,0.283,-0.34,0.452,0,,,,
13301,20130710,-93.15,39.87,0.225,-0.56,0.899,0,0.314,-0.25,0.054,0,0.355,-0.36,0.048,0,0.534,0.1,0,0,,,,,0.27,-0.41,0.595,0,,,,
13301,20130711,-93.15,39.87,0.213,-0.61,1,0,0.3,-0.32,0.196,0,0.344,-0.42,0.185,0,0.526,0.06,0,0,,,,,0.257,-0.46,0.738,0,,,,
13301,20130712,-93.15,39.87,0.203,-0.64,1,0,0.285,-0.39,0.339,0,0.332,-0.47,0.327,0,0.518,0.02,0,0,,,,,0.244,-0.52,0.881,0,,,,
13301,20130713,-93.15,39.87,0.193,-0.66,1,0,0.27,-0.46,0.482,0,0.321,-0.51,0.47,0,0.51,-0.02,0,0,,,,,0.232,-0.56,1,0,,,,
13301,20130714,-93.15,39.87,0.184,-0.68,1,0,0.256,-0.52,0.625,0,0.312,-0.54,0.613,0,0.502,-0.05,0,0,,,,,0.22,-0.6,1,0,,,,
13301,20130715,-93.15,39.87,0.176,-0.7,1,0,0.243,-0.57,0.768,0,0.303,-0.57,0.756,0,0.495,-0.09,0,0,,,,,0.209,-0.63,1,0,,,,
13301,20130716,-93.15,39.87,0.168,-0.71,1,0,0.231,-0.61,0.911,0,0.295,-0.59,0.899,0,0.487,-0.13,0,0,,,,,0.2,-0.66,1,0,,,,
13301,20130717,-93.15,39.87,0.161,-0.72,1,0,0.221,-0.65,1,0,0.289,-0.6,0.994,0,0.477,-0.17,0,0,,,,,0.191,-0.68,1,0,,,,
13301,20130718,-93.15,39.87,0.156,-0.73,1,0,0.212,-0.67,1,0,0.283,-0.61,1,0,0.467,-0.22,0.071,0,,,,,0.184,-0.7,1,0,,,,
13301,20130719,-93.15,39.87,0.15,-0.73,1,0,0.205,-0.69,1,0,0.279,-0.61,1,0,0.454,-0.27,0.214,0,,,,,0.178,-0.71,1,0,,,,
13301,20130720,-93.15,39.87,0.146,-0.73,1,0,0.199,-0.71,1,0,0.275,-0.61,1,0,0.441,-0.34,0.357,0,,,,,0.173,-0.72,1,0,,,,
13301,20130721,-93.15,39.87,0.144,-0.73,1,0,0.194,-0.72,1,0,0.27,-0.62,1,0,0.427,-0.4,0.5,0,,,,,0.169,-0.73,1,0,,,,
13301,20130722,-93.15,39.87,0.147,-0.71,0.911,0,0.196,-0.69,0.911,0,0.271,-0.6,0.911,0,0.419,-0.43,0.554,0,,,,,0.172,-0.7,0.911,0,,,,
13301,20130723,-93.15,39.87,0.152,-0.67,0.845,0,0.201,-0.64,0.768,0,0.273,-0.57,0.768,0,0.413,-0.46,0.583,0,,,,,0.177,-0.67,0.768,0,,,,
13301,20130724,-93.15,39.87,0.156,-0.65,0.845,0,0.205,-0.61,0.685,0,0.273,-0.56,0.738,0,0.407,-0.48,0.702,0,,,,,0.18,-0.64,0.732,0,,,,
13301,20130725,-93.15,39.87,0.158,-0.64,0.845,0,0.207,-0.59,0.685,0,0.272,-0.56,0.738,0,0.402,-0.49,0.768,0,,,,,0.183,-0.63,0.732,0,,,,
13301,20130726,-93.15,39.87,0.16,-0.64,0.839,0,0.209,-0.56,0.679,0,0.27,-0.56,0.732,0,0.398,-0.5,0.762,0,,,,,0.185,-0.61,0.726,0,,,,
13301,20130727,-93.15,39.87,0.17,-0.59,0.732,0,0.221,-0.48,0.536,0,0.279,-0.5,0.589,0,0.408,-0.44,0.619,0,,,,,0.196,-0.55,0.583,0,,,,
13301,20130728,-93.15,39.87,0.178,-0.56,0.732,0,0.231,-0.42,0.393,0,0.285,-0.46,0.446,0,0.415,-0.39,0.476,0,,,,,0.204,-0.5,0.452,0,,,,
13301,20130729,-93.15,39.87,0.177,-0.56,0.821,0,0.231,-0.41,0.363,0,0.284,-0.46,0.393,0,0.416,-0.37,0.423,0,,,,,0.204,-0.5,0.536,0,,,,
13301,20130730,-93.15,39.87,0.178,-0.55,0.804,0,0.23,-0.41,0.429,0,0.282,-0.46,0.512,0,0.418,-0.35,0.393,0,,,,,0.204,-0.49,0.595,0,,,,
13301,20130731,-93.15,39.87,0.182,-0.53,0.661,0,0.232,-0.39,0.369,0,0.281,-0.45,0.446,0,0.42,-0.32,0.274,0,,,,,0.207,-0.47,0.488,0,,,,
13301,20130801,-93.15,39.87,0.186,-0.51,0.565,0,0.235,-0.36,0.238,0,0.283,-0.43,0.321,0,0.424,-0.29,0.137,0,,,,,0.211,-0.45,0.375,0,,,,
13301,20130802,-93.15,39.87,0.19,-0.48,0.565,0,0.237,-0.34,0.208,0,0.285,-0.41,0.292,0,0.427,-0.26,0,0,,,,,0.214,-0.43,0.381,0,,,,
13301,20130803,-93.15,39.87,0.186,-0.5,0.673,0,0.23,-0.38,0.351,0,0.277,-0.45,0.435,0,0.418,-0.28,0,0,,,,,0.208,-0.46,0.524,0,,,,
13301,20130804,-93.15,39.87,0.184,-0.51,0.673,0,0.225,-0.41,0.494,0,0.271,-0.47,0.577,0,0.41,-0.31,0.006,0,,,,,0.205,-0.48,0.655,0,,,,
13301,20130805,-93.15,39.87,0.181,-0.52,0.673,0,0.221,-0.44,0.613,0,0.266,-0.49,0.72,0,0.403,-0.33,0.054,0,,,,,0.201,-0.49,0.661,0,,,,
13301,20130806,-93.15,39.87,0.175,-0.55,0.756,0,0.216,-0.48,0.69,0,0.261,-0.52,0.744,0,0.392,-0.37,0.196,0,,,,,0.195,-0.53,0.744,0,,,,
13301,20130807,-93.15,39.87,0.168,-0.59,0.899,0,0.209,-0.53,0.833,0,0.256,-0.55,0.839,0,0.381,-0.41,0.339,0,,,,,0.188,-0.58,0.887,0,,,,
13301,20130808,-93.15,39.87,0.161,-0.63,0.994,0,0.201,-0.58,0.964,0,0.25,-0.58,0.964,0,0.37,-0.45,0.482,0,,,,,0.181,-0.63,1,0,,,,
13301,20130809,-93.15,39.87,0.153,-0.67,1,0,0.194,-0.63,1,0,0.244,-0.62,1,0,0.359,-0.49,0.625,0,,,,,0.174,-0.68,1,0,,,,
13301,20130810,-93.15,39.87,0.147,-0.7,1,0,0.187,-0.68,1,0,0.238,-0.66,1,0,0.349,-0.53,0.768,0,,,,,0.167,-0.72,1,0,,,,
13301,20130811,-93.15,39.87,0.141,-0.73,1,0,0.181,-0.71,1,0,0.232,-0.69,1,0,0.338,-0.58,0.905,0,,,,,0.161,-0.76,1,0,,,,
13301,20130812,-93.15,39.87,0.137,-0.76,1,0,0.175,-0.74,1,0,0.227,-0.71,1,0,0.329,-0.61,1,0,,,,,0.156,-0.8,1,0,,,,
13301,20130813,-93.15,39.87,0.132,-0.78,1,0,0.17,-0.77,1,0,0.222,-0.74,1,0,0.32,-0.64,1,0,,,,,0.151,-0.83,1,0,,,,
13301,20130814,-93.15,39.87,0.128,-0.81,1,0,0.166,-0.79,1,0,0.218,-0.75,1,0,0.312,-0.65,1,0,,,,,0.147,-0.86,1,0,,,,
13301,20130815,-93.15,39.87,0.124,-0.83,1,0,0.162,-0.81,1,0,0.214,-0.77,1,0,0.305,-0.66,1,0,,,,,0.143,-0.88,1,0,,,,
13301,20130816,-93.15,39.87,0.121,-0.85,1,0,0.159,-0.83,1,0,0.211,-0.78,1,0,0.299,-0.67,1,0,,,,,0.14,-0.9,1,0,,,,
13301,20130817,-93.15,39.87,0.118,-0.87,1,0,0.156,-0.85,1,0,0.208,-0.79,1,0,0.292,-0.66,1,0,,,,,0.137,-0.92,1,0,,,,
13301,20130818,-93.15,39.87,0.116,-0.9,1,0,0.153,-0.86,1,0,0.205,-0.8,1,0,0.287,-0.64,1,0,,,,,0.134,-0.93,1,0,,,,
13301,20130819,-93.15,39.87,0.113,-0.92,1,0,0.151,-0.88,1,0,0.203,-0.81,1,0,0.282,-0.63,1,0,,,,,0.132,-0.95,1,0,,,,
13301,20130820,-93.15,39.87,0.111,-0.94,1,0,0.149,-0.88,1,0,0.201,-0.82,1,0,0.277,-0.62,1,0,,,,,0.13,-0.96,1,0,,,,
13301,20130821,-93.15,39.87,0.11,-0.95,1,0,0.147,-0.88,1,0,0.199,-0.82,1,0,0.273,-0.63,1,0,,,,,0.129,-0.96,1,0,,,,
13301,20130822,-93.15,39.87,0.108,-0.97,1,0,0.146,-0.88,1,0,0.197,-0.83,1,0,0.269,-0.64,1,0,,,,,0.127,-0.97,1,0,,,,
13301,20130823,-93.15,39.87,0.107,-0.98,1,0,0.145,-0.88,1,0,0.196,-0.84,1,0,0.266,-0.65,1,0,,,,,0.126,-0.97,1,0,,,,
13301,20130824,-93.15,39.87,0.107,-0.99,1,0,0.144,-0.87,1,0,0.194,-0.84,1,0,0.262,-0.66,1,0,,,,,0.125,-0.97,1,0,,,,
13301,20130825,-93.15,39.87,0.106,-0.99,1,0,0.143,-0.86,1,0,0.194,-0.84,1,0,0.259,-0.68,1,0,,,,,0.125,-0.97,1,0,,,,
13301,20130826,-93.15,39.87,0.105,-0.99,1,0,0.143,-0.85,1,0,0.193,-0.84,1,0,0.256,-0.69,1,0,,,,,0.124,-0.96,1,0,,,,
13301,20130827,-93.15,39.87,0.104,-0.98,1,0,0.142,-0.85,1,0,0.192,-0.84,1,0,0.254,-0.71,1,0,,,,,0.123,-0.95,1,0,,,,
13301,20130828,-93.15,39.87,0.103,-0.98,1,0,0.141,-0.84,1,0,0.191,-0.85,1,0,0.251,-0.74,1,0,,,,,0.122,-0.94,1,0,,,,
13301,20130829,-93.15,39.87,0.102,-0.97,1,0,0.14,-0.84,1,0,0.19,-0.85,1,0,0.249,-0.77,1,0,,,,,0.121,-0.93,1,0,,,,
13301,20130830,-93.15,39.87,0.101,-0.96,1,0,0.14,-0.84,1,0,0.189,-0.85,1,0,0.247,-0.81,1,0,,,,,0.121,-0.91,1,0,,,,
13301,20130831,-93.15,39.87,0.1,-0.96,1,0,0.139,-0.84,1,0,0.189,-0.85,1,0,0.244,-0.85,1,0,,,,,0.12,-0.9,1,0,,,,
13301,20130901,-93.15,39.87,0.099,-0.95,1,0,0.138,-0.85,1,0,0.188,-0.85,1,0,0.241,-0.89,1,0,,,,,0.118,-0.89,1,0,,,,
13301,20130902,-93.15,39.87,0.098,-0.94,1,0,0.137,-0.85,1,0,0.187,-0.86,1,0,0.239,-0.93,1,0,,,,,0.117,-0.89,1,0,,,,
13301,20130903,-93.15,39.87,0.096,-0.94,1,0,0.136,-0.85,1,0,0.186,-0.86,1,0,0.237,-0.96,1,0,,,,,0.116,-0.88,1,0,,,,
13301,20130904,-93.15,39.87,0.095,-0.94,1,0,0.134,-0.86,1,0,0.184,-0.86,1,0,0.234,-0.98,1,0,,,,,0.115,-0.88,1,0,,,,
13301,20130905,-93.15,39.87,0.094,-0.93,1,0,0.133,-0.85,1,0,0.183,-0.86,1,0,0.232,-0.99,1,0,,,,,0.113,-0.87,1,0,,,,
13301,20130906,-93.15,39.87,0.093,-0.93,1,0,0.132,-0.85,1,0,0.181,-0.86,1,0,0.229,-1,1,0,,,,,0.112,-0.86,1,0,,,,
13301,20130907,-93.15,39.87,0.091,-0.93,1,0,0.13,-0.85,1,0,0.18,-0.86,1,0,0.227,-1,1,0,,,,,0.111,-0.86,1,0,,,,
13301,20130908,-93.15,39.87,0.09,-0.92,1,0,0.129,-0.84,1,0,0.179,-0.86,1,0,0.225,-1,1,0,,,,,0.11,-0.85,1,0,,,,
13301,20130909,-93.15,39.87,0.09,-0.92,1,0,0.129,-0.83,1,0,0.178,-0.85,1,0,0.223,-1.01,1,0,,,,,0.109,-0.85,1,0,,,,
13301,20130910,-93.15,39.87,0.089,-0.92,1,0,0.128,-0.82,1,0,0.177,-0.84,1,0,0.221,-1.01,1,0,,,,,0.108,-0.84,1,0,,,,
13301,20130911,-93.15,39.87,0.088,-0.92,1,0,0.128,-0.81,1,0,0.177,-0.83,1,0,0.22,-1.02,1,0,,,,,0.108,-0.84,1,0,,,,
13301,20130912,-93.15,39.87,0.088,-0.92,1,0,0.128,-0.8,0.994,0,0.178,-0.81,1,0,0.219,-1.03,1,0,,,,,0.108,-0.84,1,0,,,,
13301,20130913,-93.15,39.87,0.092,-0.9,1,0,0.134,-0.76,0.994,0,0.184,-0.76,1,0,0.226,-1.01,1,0,,,,,0.113,-0.8,1,0,,,,
13301,20130914,-93.15,39.87,0.095,-0.88,1,0,0.139,-0.72,0.994,0,0.188,-0.73,1,0,0.231,-1,1,0,,,,,0.117,-0.78,1,0,,,,
13301,20130915,-93.15,39.87,0.097,-0.86,1,0,0.142,-0.7,0.994,0,0.19,-0.72,1,0,0.235,-1,1,0,,,,,0.12,-0.75,1,0,,,,
13301,20130916,-93.15,39.87,0.1,-0.84,1,0,0.145,-0.68,0.994,0,0.191,-0.71,1,0,0.237,-1,1,0,,,,,0.122,-0.73,1,0,,,,
13301,20130917,-93.15,39.87,0.103,-0.82,1,0,0.148,-0.66,0.994,0,0.191,-0.7,1,0,0.24,-1.01,1,0,,,,,0.125,-0.71,1,0,,,,
13301,20130918,-93.15,39.87,0.108,-0.79,1,0,0.152,-0.63,0.994,0,0.193,-0.68,1,0,0.242,-1.02,1,0,,,,,0.13,-0.68,1,0,,,,
13301,20130919,-93.15,39.87,0.113,-0.75,1,0,0.156,-0.6,1,0,0.193,-0.66,1,0,0.242,-1.03,1,0,,,,,0.134,-0.64,1,0,,,,
13301,20130920,-93.15,39.87,0.122,-0.69,0.935,0,0.16,-0.57,0.935,0,0.192,-0.66,0.935,0,0.24,-1.05,1,0,,,,,0.141,-0.6,0.935,0,,,,
13301,20130921,-93.15,39.87,0.135,-0.59,0.792,0,0.17,-0.51,0.792,0,0.197,-0.62,0.81,0,0.245,-1.04,1,0,,,,,0.152,-0.53,0.792,0,,,,
13301,20130922,-93.15,39.87,0.146,-0.51,0.708,0,0.178,-0.45,0.649,0,0.203,-0.58,0.78,0,0.249,-1.02,1,0,,,,,0.162,-0.46,0.649,0,,,,
13301,20130923,-93.15,39.87,0.155,-0.45,0.708,0,0.186,-0.4,0.506,0,0.209,-0.54,0.78,0,0.253,-1.01,1,0,,,,,0.17,-0.41,0.53,0,,,,
13301,20130924,-93.15,39.87,0.161,-0.4,0.708,0,0.192,-0.35,0.363,0,0.215,-0.51,0.78,0,0.256,-1,1,0,,,,,0.177,-0.37,0.53,0,,,,
13301,20130925,-93.15,39.87,0.164,-0.37,0.708,0,0.196,-0.33,0.333,0,0.217,-0.49,0.78,0,0.258,-0.99,1,0,,,,,0.18,-0.35,0.53,0,,,,
13301,20130926,-93.15,39.87,0.165,-0.35,0.708,0,0.198,-0.31,0.333,0,0.22,-0.47,0.78,0,0.259,-0.99,1,0,,,,,0.182,-0.33,0.53,0,,,,
13301,20130927,-93.15,39.87,0.158,-0.38,0.774,0,0.194,-0.33,0.399,0,0.217,-0.48,0.845,0,0.255,-1,1,0,,,,,0.176,-0.36,0.595,0,,,,
13301,20130928,-93.15,39.87,0.146,-0.45,0.917,0,0.185,-0.38,0.542,0,0.21,-0.52,0.97,0,0.246,-1.04,1,0,,,,,0.165,-0.42,0.738,0,,,,
13301,20130929,-93.15,39.87,0.137,-0.49,1,0,0.177,-0.42,0.685,0,0.204,-0.54,1,0,0.238,-1.06,1,0,,,,,0.157,-0.46,0.881,0,,,,
13301,20130930,-93.15,39.87,0.131,-0.52,1,0,0.17,-0.45,0.827,0,0.199,-0.56,1,0,0.231,-1.08,1,0,,,,,0.15,-0.5,1,0,,,,
13301,20131001,-93.15,39.87,0.126,-0.55,1,0,0.164,-0.48,0.97,0,0.194,-0.58,1,0,0.226,-1.08,1,0,,,,,0.145,-0.53,1,0,,,,
13301,20131002,-93.15,39.87,0.123,-0.56,1,0,0.158,-0.51,1,0,0.189,-0.6,1,0,0.222,-1.07,1,0,,,,,0.141,-0.55,1,0,,,,
13301,20131003,-93.15,39.87,0.122,-0.57,1,0,0.155,-0.53,1,0,0.186,-0.61,1,0,0.218,-1.06,1,0,,,,,0.139,-0.56,1,0,,,,
13301,20131004,-93.15,39.87,0.125,-0.55,0.994,0,0.162,-0.49,0.887,0,0.188,-0.59,0.887,0,0.219,-1.02,1,0,,,,,0.144,-0.53,0.887,0,,,,
13301,20131005,-93.15,39.87,0.13,-0.52,0.994,0,0.17,-0.45,0.744,0,0.192,-0.57,0.869,0,0.22,-0.98,1,0,,,,,0.15,-0.49,0.744,0,,,,
13301,20131006,-93.15,39.87,0.132,-0.51,0.994,0,0.177,-0.41,0.601,0,0.194,-0.56,0.869,0,0.222,-0.95,1,0,,,,,0.155,-0.47,0.696,0,,,,
13301,20131007,-93.15,39.87,0.133,-0.5,0.994,0,0.182,-0.38,0.458,0,0.195,-0.55,0.869,0,0.223,-0.91,1,0,,,,,0.158,-0.45,0.696,0,,,,
13301,20131008,-93.15,39.87,0.134,-0.5,0.994,0,0.186,-0.36,0.321,0,0.197,-0.53,0.869,0,0.225,-0.89,1,0,,,,,0.16,-0.43,0.696,0,,,,
13301,20131009,-93.15,39.87,0.135,-0.49,0.994,0,0.19,-0.33,0.304,0,0.197,-0.52,0.869,0,0.226,-0.87,1,0,,,,,0.162,-0.42,0.696,0,,,,
13301,20131010,-93.15,39.87,0.134,-0.49,0.994,0,0.19,-0.33,0.304,0,0.198,-0.52,0.869,0,0.226,-0.85,1,0,,,,,0.162,-0.41,0.696,0,,,,
13301,20131011,-93.15,39.87,0.129,-0.52,1,0,0.181,-0.37,0.417,0,0.192,-0.54,0.982,0,0.223,-0.86,1,0,,,,,0.155,-0.45,0.81,0,,,,
13301,20131012,-93.15,39.87,0.123,-0.55,1,0,0.171,-0.42,0.56,0,0.187,-0.56,1,0,0.219,-0.87,1,0,,,,,0.147,-0.49,0.952,0,,,,
13301,20131013,-93.15,39.87,0.119,-0.58,1,0,0.162,-0.46,0.702,0,0.183,-0.58,1,0,0.216,-0.89,1,0,,,,,0.141,-0.52,1,0,,,,
13301,20131014,-93.15,39.87,0.115,-0.61,1,0,0.155,-0.5,0.845,0,0.179,-0.59,1,0,0.213,-0.9,1,0,,,,,0.135,-0.56,1,0,,,,
13301,20131015,-93.15,39.87,0.112,-0.65,1,0,0.148,-0.54,0.982,0,0.176,-0.61,1,0,0.21,-0.91,1,0,,,,,0.13,-0.59,1,0,,,,
13301,20131016,-93.15,39.87,0.11,-0.67,1,0,0.143,-0.58,1,0,0.174,-0.63,1,0,0.207,-0.92,1,0,,,,,0.126,-0.62,1,0,,,,
13301,20131017,-93.15,39.87,0.108,-0.7,1,0,0.139,-0.62,1,0,0.172,-0.64,1,0,0.206,-0.92,1,0,,,,,0.123,-0.66,1,0,,,,
13301,20131018,-93.15,39.87,0.106,-0.74,1,0,0.135,-0.67,1,0,0.17,-0.66,1,0,0.205,-0.91,1,0,,,,,0.121,-0.69,1,0,,,,
13301,20131019,-93.15,39.87,0.104,-0.77,1,0,0.132,-0.71,1,0,0.168,-0.67,1,0,0.204,-0.91,1,0,,,,,0.118,-0.73,1,0,,,,
13301,20131020,-93.15,39.87,0.103,-0.81,1,0,0.13,-0.77,1,0,0.166,-0.7,1,0,0.203,-0.91,1,0,,,,,0.116,-0.77,1,0,,,,
13301,20131021,-93.15,39.87,0.103,-0.84,1,0,0.128,-0.82,1,0,0.165,-0.73,1,0,0.202,-0.92,1,0,,,,,0.115,-0.81,1,0,,,,
13301,20131022,-93.15,39.87,0.102,-0.88,1,0,0.127,-0.87,1,0,0.164,-0.76,1,0,0.201,-0.92,1,0,,,,,0.115,-0.86,1,0,,,,
13301,20131023,-93.15,39.87,0.1,-0.93,1,0,0.126,-0.92,1,0,0.163,-0.81,1,0,0.2,-0.94,1,0,,,,,0.113,-0.92,1,0,,,,
13301,20131024,-93.15,39.87,0.098,-0.99,1,0,0.124,-0.97,1,0,0.162,-0.87,1,0,0.199,-0.95,1,0,,,,,0.111,-0.99,1,0,,,,
13301,20131025,-93.15,39.87,0.096,-1.05,1,0,0.123,-1.02,1,0,0.161,-0.93,1,0,0.198,-0.97,1,0,,,,,0.109,-1.06,1,0,,,,
13301,20131026,-93.15,39.87,0.095,-1.11,1,0,0.122,-1.07,1,0,0.159,-1,1,0,0.197,-0.99,1,0,,,,,0.108,-1.14,1,0,,,,
13301,20131027,-93.15,39.87,0.094,-1.16,1,0,0.12,-1.12,1,0,0.159,-1.06,1,0,0.196,-1.01,1,0,,,,,0.107,-1.21,1,0,,,,
13301,20131028,-93.15,39.87,0.092,-1.22,1,0,0.119,-1.17,1,0,0.158,-1.12,1,0,0.196,-1.03,1,0,,,,,0.106,-1.28,1,0,,,,
13301,20131029,-93.15,39.87,0.091,-1.27,1,0,0.118,-1.24,1,0,0.157,-1.19,1,0,0.195,-1.06,1,0,,,,,0.105,-1.35,1,0,,,,
13301,20131030,-93.15,39.87,0.092,-1.32,1,0,0.118,-1.32,1,0,0.156,-1.26,1,0,0.194,-1.08,1,0,,,,,0.105,-1.41,1,0,,,,
13301,20131031,-93.15,39.87,0.112,-1.22,0.935,0,0.14,-1.23,0.94,0,0.172,-1.21,0.994,0,0.215,-1,0.946,0,,,,,0.126,-1.3,0.935,0,,,,
13301,20131101,-93.15,39.87,0.143,-1.04,0.792,0,0.164,-1.11,0.845,0,0.196,-1.1,0.857,0,0.24,-0.89,0.845,0,,,,,0.153,-1.13,0.792,0,,,,
13301,20131102,-93.15,39.87,0.169,-0.87,0.649,0,0.186,-1.01,0.845,0,0.218,-1,0.762,0,0.263,-0.79,0.839,0,,,,,0.177,-0.98,0.696,0,,,,
13301,20131103,-93.15,39.87,0.194,-0.73,0.518,0,0.206,-0.92,0.845,0,0.238,-0.92,0.762,0,0.286,-0.69,0.839,0,,,,,0.2,-0.85,0.696,0,,,,
13301,20131104,-93.15,39.87,0.217,-0.58,0.488,0,0.226,-0.82,0.845,0,0.257,-0.85,0.762,0,0.307,-0.6,0.839,0,,,,,0.222,-0.71,0.696,0,,,,
13301,20131105,-93.15,39.87,0.24,-0.43,0.488,0,0.246,-0.72,0.845,0,0.274,-0.77,0.762,0,0.327,-0.52,0.839,0,,,,,0.243,-0.57,0.696,0,,,,
13301,20131106,-93.15,39.87,0.272,-0.18,0.375,0.054,0.272,-0.52,0.738,0,0.294,-0.66,0.72,0,0.352,-0.4,0.81,0,,,,,0.272,-0.34,0.583,0.012,,,,
13301,20131107,-93.15,39.87,0.283,-0.08,0.298,0.06,0.278,-0.47,0.655,0,0.303,-0.62,0.631,0,0.359,-0.38,0.726,0,,,,,0.281,-0.27,0.506,0.012,,,,
13301,20131108,-93.15,39.87,0.282,-0.09,0.298,0.06,0.282,-0.45,0.607,0,0.302,-0.65,0.768,0,0.36,-0.38,0.75,0,,,,,0.282,-0.26,0.506,0.012,,,,
13301,20131109,-93.15,39.87,0.283,-0.09,0.298,0.06,0.286,-0.41,0.488,0,0.303,-0.67,0.863,0,0.362,-0.37,0.738,0,,,,,0.285,-0.24,0.458,0.012,,,,
13301,20131110,-93.15,39.87,0.285,-0.08,0.286,0.06,0.292,-0.37,0.476,0,0.305,-0.68,0.863,0,0.364,-0.36,0.738,0,,,,,0.288,-0.22,0.321,0.012,,,,
13301,20131111,-93.15,39.87,0.287,-0.06,0.173,0.06,0.297,-0.32,0.476,0,0.309,-0.68,0.863,0,0.368,-0.34,0.732,0,,,,,0.292,-0.19,0.28,0.012,,,,
13301,20131112,-93.15,39.87,0.289,-0.06,0.107,0.06,0.302,-0.28,0.476,0,0.314,-0.67,0.863,0,0.373,-0.32,0.732,0,,,,,0.295,-0.16,0.28,0.012,,,,
13301,20131113,-93.15,39.87,0.278,-0.16,0.22,0.006,0.3,-0.32,0.583,0,0.314,-0.7,0.905,0,0.374,-0.32,0.762,0,,,,,0.289,-0.23,0.393,0,,,,
13301,20131114,-93.15,39.87,0.268,-0.25,0.363,0,0.295,-0.39,0.726,0,0.309,-0.78,1,0,0.37,-0.35,0.899,0,,,,,0.282,-0.32,0.536,0,,,,
13301,20131115,-93.15,39.87,0.262,-0.32,0.506,0,0.291,-0.46,0.869,0,0.306,-0.84,1,0,0.367,-0.37,0.976,0,,,,,0.276,-0.39,0.679,0,,,,
13301,20131116,-93.15,39.87,0.256,-0.38,0.649,0,0.288,-0.51,0.988,0,0.303,-0.89,1,0,0.365,-0.39,0.994,0,,,,,0.272,-0.44,0.821,0,,,,
13301,20131117,-93.15,39.87,0.252,-0.42,0.792,0,0.285,-0.56,1,0,0.3,-0.94,1,0,0.363,-0.41,0.994,0,,,,,0.268,-0.48,0.958,0,,,,
13301,20131118,-93.15,39.87,0.249,-0.45,0.935,0,0.282,-0.6,1,0,0.298,-0.97,1,0,0.36,-0.43,1,0,,,,,0.266,-0.51,1,0,,,,
13301,20131119,-93.15,39.87,0.245,-0.49,1,0,0.28,-0.64,1,0,0.296,-1,1,0,0.358,-0.45,1,0,,,,,0.262,-0.55,1,0,,,,
13301,20131120,-93.15,39.87,0.242,-0.51,1,0,0.277,-0.68,1,0,0.294,-1.02,1,0,0.355,-0.46,1,0,,,,,0.26,-0.57,1,0,,,,
13301,20131121,-93.15,39.87,0.25,-0.44,0.869,0,0.285,-0.56,0.875,0.03,0.298,-0.97,1,0,0.358,-0.45,0.976,0,,,,,0.268,-0.48,0.875,0.018,,,,
13301,20131122,-93.15,39.87,0.261,-0.35,0.726,0.024,0.294,-0.43,0.732,0.089,0.304,-0.9,0.946,0,0.361,-0.42,0.917,0,,,,,0.278,-0.37,0.732,0.065,,,,
13301,20131123,-93.15,39.87,0.271,-0.26,0.583,0.024,0.303,-0.3,0.589,0.089,0.312,-0.8,0.804,0,0.366,-0.39,0.774,0,,,,,0.287,-0.26,0.589,0.065,,,,
13301,20131124,-93.15,39.87,0.277,-0.21,0.44,0.024,0.309,-0.21,0.446,0.089,0.319,-0.72,0.732,0,0.37,-0.35,0.649,0,,,,,0.293,-0.19,0.446,0.065,,,,
13301,20131125,-93.15,39.87,0.283,-0.17,0.298,0.024,0.314,-0.13,0.304,0.089,0.325,-0.65,0.732,0,0.374,-0.32,0.548,0,,,,,0.298,-0.13,0.304,0.065,,,,
13301,20131126,-93.15,39.87,0.289,-0.12,0.155,0.024,0.32,-0.04,0.161,0.089,0.331,-0.57,0.732,0,0.377,-0.28,0.446,0,,,,,0.305,-0.06,0.161,0.065,,,,
13301,20131127,-93.15,39.87,0.296,-0.07,0.012,0.024,0.325,0.05,0.018,0.089,0.337,-0.5,0.732,0,0.38,-0.24,0.369,0,,,,,0.311,0.01,0.018,0.065,,,,
13301,20131128,-93.15,39.87,0.292,-0.13,0.006,0.024,0.321,-0.01,0.018,0.06,0.337,-0.49,0.732,0,0.379,-0.23,0.256,0,,,,,0.306,-0.04,0,0.048,,,,
13301,20131129,-93.15,39.87,0.284,-0.21,0.083,0,0.315,-0.09,0.107,0,0.336,-0.5,0.786,0,0.377,-0.23,0.185,0,,,,,0.3,-0.12,0,0,,,,
13301,20131130,-93.15,39.87,0.277,-0.29,0.226,0,0.31,-0.16,0.202,0,0.331,-0.53,0.929,0,0.373,-0.23,0.19,0,,,,,0.294,-0.19,0.036,0,,,,
13301,20131201,-93.15,39.87,0.274,-0.33,0.363,0,0.307,-0.19,0.214,0,0.328,-0.55,1,0,0.37,-0.23,0.173,0,,,,,0.291,-0.23,0.036,0,,,,
13301,20131202,-93.15,39.87,0.273,-0.36,0.5,0,0.305,-0.21,0.226,0,0.326,-0.56,1,0,0.368,-0.23,0.143,0,,,,,0.289,-0.26,0.089,0,,,,
13301,20131203,-93.15,39.87,0.271,-0.39,0.613,0,0.305,-0.22,0.226,0,0.324,-0.56,1,0,0.366,-0.23,0.107,0,,,,,0.288,-0.28,0.095,0,,,,
13301,20131204,-93.15,39.87,0.27,-0.41,0.732,0,0.304,-0.22,0.226,0,0.322,-0.56,1,0,0.364,-0.22,0.06,0,,,,,0.287,-0.3,0.185,0,,,,
13301,20131205,-93.15,39.87,0.27,-0.42,0.869,0,0.305,-0.21,0.208,0,0.321,-0.55,1,0,0.363,-0.22,0.089,0,,,,,0.288,-0.31,0.298,0,,,,
13301,20131206,-93.15,39.87,0.27,-0.44,0.935,0,0.306,-0.21,0.119,0,0.32,-0.55,1,0,0.363,-0.22,0.083,0,,,,,0.288,-0.33,0.44,0,,,,
13301,20131207,-93.15,39.87,0.269,-0.47,0.935,0,0.306,-0.21,0.048,0,0.319,-0.56,1,0,0.362,-0.22,0.089,0,,,,,0.288,-0.35,0.548,0,,,,
13301,20131208,-93.15,39.87,0.267,-0.5,0.939,0,0.307,-0.22,0.113,0,0.318,-0.57,1,0,0.361,-0.23,0.131,0,,,,,0.287,-0.37,0.681,0,,,,
13301,20131209,-93.15,39.87,0.267,-0.51,0.935,0,0.306,-0.23,0.244,0,0.317,-0.58,1,0,0.361,-0.23,0.161,0,,,,,0.287,-0.38,0.734,0,,,,
13301,20131210,-93.15,39.87,,,,,0.305,-0.25,0.387,0,0.315,-0.59,1,0,0.36,-0.24,0.226,0,,,,,,,,,,,,
13301,20131211,-93.15,39.87,,,,,0.304,-0.27,0.393,0,0.313,-0.61,1,0,0.359,-0.25,0.351,0,,,,,,,,,,,,
13301,20131212,-93.15,39.87,,,,,0.304,-0.28,0.429,0,0.311,-0.63,1,0,0.358,-0.28,0.458,0,,,,,,,,,,,,
13301,20131213,-93.15,39.87,,,,,0.304,-0.28,0.48,0,0.308,-0.66,1,0,0.356,-0.31,0.595,0,,,,,,,,,,,,
13301,20131214,-93.15,39.87,,,,,,,,,0.309,-0.67,1,0,0.356,-0.34,0.72,0,,,,,,,,,,,,
13301,20131215,-93.15,39.87,,,,,,,,,0.311,-0.66,1,0,0.357,-0.36,0.821,0,,,,,,,,,,,,
13301,20131216,-93.15,39.87,,,,,,,,,0.312,-0.66,1,0,0.358,-0.38,0.923,0,,,,,,,,,,,,
13301,20131217,-93.15,39.87,,,,,,,,,0.314,-0.65,1,0,0.358,-0.41,0.994,0,,,,,,,,,,,,
13301,20131218,-93.15,39.87,,,,,,,,,0.316,-0.64,1,0,0.36,-0.42,0.994,0,,,,,,,,,,,,
13301,20131219,-93.15,39.87,,,,,,,,,0.322,-0.6,0.97,0,0.365,-0.41,0.917,0,,,,,,,,,,,,
13301,20131220,-93.15,39.87,,,,,0.34,-0.1,0.007,0,0.331,-0.54,0.857,0,0.373,-0.39,0.833,0,,,,,,,,,,,,
13301,20131221,-93.15,39.87,,,,,0.343,-0.08,0.006,0,0.338,-0.49,0.714,0,0.383,-0.35,0.696,0,,,,,,,,,,,,
13301,20131222,-93.15,39.87,,,,,0.345,-0.09,0.006,0,0.343,-0.45,0.655,0,0.391,-0.33,0.56,0,,,,,,,,,,,,
13301,20131223,-93.15,39.87,,,,,0.348,-0.08,0.006,0,0.349,-0.42,0.643,0,0.398,-0.32,0.5,0,,,,,,,,,,,,
13301,20131224,-93.15,39.87,,,,,0.351,-0.08,0.006,0,0.354,-0.39,0.643,0,0.405,-0.3,0.446,0,,,,,,,,,,,,
13301,20131225,-93.15,39.87,0.316,-0.42,0.745,0,0.352,-0.08,0,0,0.357,-0.38,0.643,0,0.411,-0.29,0.381,0,,,,,0.333,-0.28,0.416,0,,,,
13301,20131226,-93.15,39.87,0.312,-0.46,0.783,0,0.347,-0.13,0.006,0,0.357,-0.39,0.673,0,0.413,-0.3,0.452,0,,,,,0.33,-0.31,0.503,0,,,,
13301,20131227,-93.15,39.87,0.309,-0.5,0.881,0,0.343,-0.17,0.018,0,0.356,-0.41,0.786,0,0.413,-0.32,0.53,0,,,,,0.326,-0.35,0.607,0,,,,
13301,20131228,-93.15,39.87,0.308,-0.52,0.97,0,0.343,-0.18,0.018,0,0.358,-0.41,0.827,0,0.412,-0.33,0.56,0,,,,,0.325,-0.37,0.667,0,,,,
13301,20131229,-93.15,39.87,0.312,-0.5,0.94,0,0.345,-0.17,0.018,0,0.362,-0.4,0.756,0,0.414,-0.32,0.554,0,,,,,0.328,-0.36,0.72,0,,,,
13301,20131230,-93.15,39.87,0.312,-0.52,0.939,0,0.345,-0.18,0.024,0,0.364,-0.4,0.72,0,0.419,-0.31,0.47,0,,,,,0.328,-0.38,0.805,0,,,,
13301,20131231,-93.15,39.87,0.314,-0.51,0.929,0,0.343,-0.2,0.125,0,0.365,-0.41,0.72,0,0.422,-0.29,0.417,0,,,,,0.329,-0.37,0.771,0,,,,
13301,20140101,-93.15,39.87,,,,,0.344,-0.21,0.229,0,0.366,-0.42,0.72,0,0.423,-0.29,0.435,0,,,,,,,,,,,,
13301,20140102,-93.15,39.87,,,,,0.346,-0.2,0.261,0,0.367,-0.42,0.72,0,0.425,-0.29,0.417,0,,,,,,,,,,,,
13301,20140103,-93.15,39.87,,,,,,,,,0.366,-0.44,0.72,0,0.427,-0.29,0.411,0,,,,,,,,,,,,
13301,20140104,-93.15,39.87,,,,,,,,,0.362,-0.49,0.821,0,0.424,-0.32,0.524,0,,,,,,,,,,,,
13301,20140105,-93.15,39.87,,,,,,,,,0.355,-0.54,0.952,0,0.42,-0.35,0.667,0,,,,,,,,,,,,
13301,20140106,-93.15,39.87,,,,,,,,,0.351,-0.58,1,0,0.415,-0.39,0.81,0,,,,,,,,,,,,
13301,20140107,-93.15,39.87,,,,,,,,,0.348,-0.61,1,0,0.412,-0.42,0.911,0,,,,,,,,,,,,
13301,20140108,-93.15,39.87,,,,,,,,,0.344,-0.64,1,0,0.41,-0.45,0.958,0,,,,,,,,,,,,
13301,20140109,-93.15,39.87,,,,,,,,,0.339,-0.69,1,0,0.408,-0.47,0.982,0,,,,,,,,,,,,
13301,20140110,-93.15,39.87,,,,,,,,,0.333,-0.74,1,0,0.406,-0.49,0.994,0,,,,,,,,,,,,
13301,20140111,-93.15,39.87,,,,,,,,,0.327,-0.81,1,0,0.409,-0.48,0.899,0,,,,,,,,,,,,
13301,20140112,-93.15,39.87,,,,,,,,,0.321,-0.86,1,0,0.417,-0.43,0.756,0,,,,,,,,,,,,
13301,20140113,-93.15,39.87,,,,,,,,,0.319,-0.9,1,0,0.427,-0.37,0.613,0,,,,,,,,,,,,
13301,20140114,-93.15,39.87,,,,,,,,,0.324,-0.87,1,0,0.436,-0.32,0.476,0,,,,,,,,,,,,
13301,20140115,-93.15,39.87,,,,,,,,,0.329,-0.85,1,0,0.446,-0.27,0.333,0,,,,,,,,,,,,
13301,20140116,-93.15,39.87,,,,,,,,,0.335,-0.82,1,0,0.456,-0.25,0.226,0,,,,,,,,,,,,
13301,20140117,-93.15,39.87,,,,,,,,,0.342,-0.77,1,0,0.467,-0.23,0.137,0,,,,,,,,,,,,
13301,20140118,-93.15,39.87,,,,,,,,,0.35,-0.72,1,0,0.473,-0.25,0.179,0,,,,,,,,,,,,
13301,20140119,-93.15,39.87,,,,,,,,,0.357,-0.67,1,0,0.474,-0.32,0.315,0,,,,,,,,,,,,
13301,20140120,-93.15,39.87,,,,,,,,,0.36,-0.65,1,0,0.472,-0.4,0.458,0,,,,,,,,,,,,
13301,20140121,-93.15,39.87,,,,,,,,,0.355,-0.69,1,0,0.469,-0.49,0.601,0,,,,,,,,,,,,
13301,20140122,-93.15,39.87,,,,,,,,,0.352,-0.72,1,0,0.466,-0.57,0.744,0,,,,,,,,,,,,
13301,20140123,-93.15,39.87,,,,,,,,,0.35,-0.74,1,0,0.463,-0.64,0.851,0,,,,,,,,,,,,
13301,20140124,-93.15,39.87,,,,,,,,,0.345,-0.78,1,0,0.458,-0.71,0.94,0,,,,,,,,,,,,
13301,20140125,-93.15,39.87,,,,,,,,,,,,,0.454,-0.77,0.994,0,,,,,,,,,,,,
13301,20140126,-93.15,39.87,,,,,,,,,,,,,0.45,-0.83,1,0,,,,,,,,,,,,
13301,20140127,-93.15,39.87,,,,,,,,,,,,,0.447,-0.88,1,0,,,,,,,,,,,,
13301,20140128,-93.15,39.87,,,,,,,,,,,,,0.445,-0.91,1,0,,,,,,,,,,,,
13301,20140129,-93.15,39.87,,,,,,,,,,,,,0.444,-0.94,1,0,,,,,,,,,,,,
13301,20140130,-93.15,39.87,,,,,,,,,,,,,0.442,-0.96,1,0,,,,,,,,,,,,
13301,20140131,-93.15,39.87,,,,,,,,,,,,,0.442,-0.97,1,0,,,,,,,,,,,,
13301,20140201,-93.15,39.87,,,,,,,,,,,,,0.441,-0.98,1,0,,,,,,,,,,,,
13301,20140202,-93.15,39.87,,,,,,,,,,,,,0.44,-0.99,1,0,,,,,,,,,,,,
13301,20140203,-93.15,39.87,,,,,,,,,,,,,0.44,-0.99,1,0,,,,,,,,,,,,
13301,20140204,-93.15,39.87,,,,,,,,,,,,,0.439,-1,1,0,,,,,,,,,,,,
13301,20140205,-93.15,39.87,,,,,,,,,,,,,0.438,-1.01,1,0,,,,,,,,,,,,
13301,20140206,-93.15,39.87,,,,,,,,,,,,,0.438,-1.02,1,0,,,,,,,,,,,,
13301,20140207,-93.15,39.87,,,,,,,,,,,,,0.437,-1.03,1,0,,,,,,,,,,,,
13301,20140208,-93.15,39.87,,,,,,,,,,,,,0.436,-1.04,1,0,,,,,,,,,,,,
13301,20140209,-93.15,39.87,,,,,,,,,,,,,0.435,-1.05,1,0,,,,,,,,,,,,
13301,20140210,-93.15,39.87,,,,,,,,,,,,,0.435,-1.06,1,0,,,,,,,,,,,,
13301,20140211,-93.15,39.87,,,,,,,,,,,,,0.434,-1.07,1,0,,,,,,,,,,,,
13301,20140212,-93.15,39.87,,,,,,,,,,,,,0.433,-1.08,1,0,,,,,,,,,,,,
13301,20140213,-93.15,39.87,,,,,,,,,,,,,0.432,-1.09,1,0,,,,,,,,,,,,
13301,20140214,-93.15,39.87,,,,,,,,,,,,,0.431,-1.11,1,0,,,,,,,,,,,,
13301,20140215,-93.15,39.87,,,,,,,,,,,,,0.43,-1.13,1,0,,,,,,,,,,,,
13301,20140216,-93.15,39.87,,,,,,,,,,,,,0.43,-1.15,1,0,,,,,,,,,,,,
13301,20140217,-93.15,39.87,,,,,,,,,,,,,0.429,-1.17,1,0,,,,,,,,,,,,
13301,20140218,-93.15,39.87,,,,,,,,,,,,,0.431,-1.16,1,0,,,,,,,,,,,,
13301,20140219,-93.15,39.87,,,,,,,,,,,,,0.434,-1.14,1,0,,,,,,,,,,,,
13301,20140220,-93.15,39.87,,,,,,,,,,,,,0.439,-1.09,1,0,,,,,,,,,,,,
13301,20140221,-93.15,39.87,,,,,,,,,,,,,0.458,-0.89,0.857,0.03,,,,,,,,,,,,
13301,20140222,-93.15,39.87,,,,,,,,,,,,,0.475,-0.7,0.714,0.036,,,,,,,,,,,,
13301,20140223,-93.15,39.87,,,,,,,,,,,,,0.49,-0.53,0.571,0.036,,,,,,,,,,,,
13301,20140224,-93.15,39.87,,,,,,,,,,,,,0.506,-0.35,0.429,0.036,,,,,,,,,,,,
13301,20140225,-93.15,39.87,,,,,,,,,,,,,0.519,-0.22,0.286,0.036,,,,,,,,,,,,
13301,20140226,-93.15,39.87,,,,,,,,,,,,,0.529,-0.11,0.143,0.036,,,,,,,,,,,,
13301,20140227,-93.15,39.87,,,,,,,,,,,,,0.538,-0.03,0,0.036,,,,,,,,,,,,
13301,20140228,-93.15,39.87,,,,,,,,,,,,,0.532,-0.12,0,0.006,,,,,,,,,,,,
13301,20140301,-93.15,39.87,,,,,,,,,,,,,0.528,-0.19,0,0,,,,,,,,,,,,
13301,20140302,-93.15,39.87,,,,,,,,,,,,,0.523,-0.27,0.06,0,,,,,,,,,,,,
13301,20140303,-93.15,39.87,,,,,,,,,,,,,0.517,-0.35,0.155,0,,,,,,,,,,,,
13301,20140304,-93.15,39.87,,,,,,,,,,,,,0.512,-0.41,0.268,0,,,,,,,,,,,,
13301,20140305,-93.15,39.87,,,,,,,,,,,,,0.507,-0.47,0.393,0,,,,,,,,,,,,
13301,20140306,-93.15,39.87,,,,,,,,,,,,,0.502,-0.53,0.524,0,,,,,,,,,,,,
13301,20140307,-93.15,39.87,,,,,,,,,,,,,0.499,-0.57,0.631,0,,,,,,,,,,,,
13301,20140308,-93.15,39.87,,,,,,,,,,,,,0.497,-0.6,0.744,0,,,,,,,,,,,,
13301,20140309,-93.15,39.87,,,,,,,,,,,,,0.496,-0.61,0.792,0,,,,,,,,,,,,
13301,20140310,-93.15,39.87,,,,,,,,,,,,,0.496,-0.62,0.798,0,,,,,,,,,,,,
13301,20140311,-93.15,39.87,,,,,,,,,,,,,0.496,-0.62,0.821,0,,,,,,,,,,,,
13301,20140312,-93.15,39.87,,,,,,,,,,,,,0.496,-0.63,0.81,0,,,,,,,,,,,,
13301,20140313,-93.15,39.87,,,,,,,,,,,,,0.498,-0.62,0.738,0,,,,,,,,,,,,
13301,20140314,-93.15,39.87,,,,,,,,,,,,,0.503,-0.58,0.637,0,,,,,,,,,,,,
13301,20140315,-93.15,39.87,,,,,,,,,,,,,0.51,-0.52,0.524,0,,,,,,,,,,,,
13301,20140316,-93.15,39.87,,,,,,,,,,,,,0.517,-0.46,0.417,0,,,,,,,,,,,,
13301,20140317,-93.15,39.87,0.32,-0.73,0.993,0,,,,,0.43,-0.69,0.733,0,0.524,-0.39,0.315,0,,,,,,,,,,,,
13301,20140318,-93.15,39.87,0.318,-0.76,0.994,0,0.39,-0.52,0.671,0.092,0.425,-0.76,0.774,0,0.532,-0.31,0.179,0,,,,,0.353,-0.68,0.842,0,,,,
13301,20140319,-93.15,39.87,0.315,-0.8,0.994,0,0.378,-0.63,0.75,0.042,0.415,-0.89,0.875,0,0.539,-0.24,0.065,0,,,,,0.346,-0.75,0.907,0,,,,
13301,20140320,-93.15,39.87,0.31,-0.85,1,0,0.361,-0.81,0.893,0,0.403,-1.06,0.994,0,0.544,-0.19,0.006,0,,,,,0.335,-0.85,1,0,,,,
13301,20140321,-93.15,39.87,0.306,-0.9,1,0,0.351,-0.91,1,0,0.397,-1.17,1,0,0.545,-0.19,0,0,,,,,0.329,-0.92,1,0,,,,
13301,20140322,-93.15,39.87,0.303,-0.95,1,0,0.347,-0.95,1,0,0.393,-1.24,1,0,0.543,-0.21,0,0,,,,,0.325,-0.97,1,0,,,,
13301,20140323,-93.15,39.87,0.299,-1,1,0,0.343,-0.99,1,0,0.39,-1.32,1,0,0.541,-0.23,0,0,,,,,0.321,-1.02,1,0,,,,
13301,20140324,-93.15,39.87,0.296,-1.05,1,0,0.339,-1.04,1,0,0.386,-1.41,1,0,0.538,-0.26,0.012,0,,,,,0.317,-1.07,1,0,,,,
13301,20140325,-93.15,39.87,0.292,-1.1,1,0,0.335,-1.09,1,0,0.382,-1.5,1,0,0.535,-0.29,0.036,0,,,,,0.313,-1.12,1,0,,,,
13301,20140326,-93.15,39.87,0.288,-1.16,1,0,0.33,-1.14,1,0,0.377,-1.59,1,0,0.53,-0.34,0.095,0,,,,,0.309,-1.18,1,0,,,,
13301,20140327,-93.15,39.87,0.285,-1.2,1,0,0.327,-1.18,1,0,0.374,-1.66,1,0,0.527,-0.37,0.202,0,,,,,0.306,-1.22,1,0,,,,
13301,20140328,-93.15,39.87,0.286,-1.22,1,0,0.327,-1.18,1,0,0.374,-1.69,1,0,0.524,-0.4,0.31,0,,,,,0.306,-1.22,1,0,,,,
13301,20140329,-93.15,39.87,0.286,-1.24,1,0,0.327,-1.17,1,0,0.374,-1.7,1,0,0.522,-0.43,0.435,0,,,,,0.307,-1.22,1,0,,,,
13301,20140330,-93.15,39.87,0.287,-1.25,1,0,0.328,-1.16,1,0,0.375,-1.69,1,0,0.519,-0.45,0.565,0,,,,,0.307,-1.22,1,0,,,,
13301,20140331,-93.15,39.87,0.288,-1.26,1,0,0.329,-1.14,1,0,0.376,-1.67,1,0,0.518,-0.46,0.679,0,,,,,0.308,-1.21,1,0,,,,
13301,20140401,-93.15,39.87,0.288,-1.28,1,0,0.33,-1.12,1,0,0.377,-1.63,1,0,0.516,-0.47,0.726,0,,,,,0.309,-1.19,1,0,,,,
13301,20140402,-93.15,39.87,0.288,-1.29,1,0,0.33,-1.1,1,0,0.378,-1.58,1,0,0.516,-0.47,0.744,0,,,,,0.309,-1.18,1,0,,,,
13301,20140403,-93.15,39.87,0.292,-1.26,1,0,0.334,-1.04,1,0,0.38,-1.49,1,0,0.517,-0.46,0.69,0,,,,,0.313,-1.13,1,0,,,,
13301,20140404,-93.15,39.87,0.296,-1.22,1,0,0.339,-0.97,1,0,0.387,-1.35,1,0,0.523,-0.4,0.583,0,,,,,0.318,-1.08,1,0,,,,
13301,20140405,-93.15,39.87,0.299,-1.19,1,0,0.343,-0.91,1,0,0.391,-1.25,1,0,0.53,-0.33,0.458,0,,,,,0.321,-1.03,1,0,,,,
13301,20140406,-93.15,39.87,0.3,-1.17,1,0,0.345,-0.87,1,0,0.394,-1.15,1,0,0.536,-0.27,0.327,0,,,,,0.323,-1,1,0,,,,
13301,20140407,-93.15,39.87,0.302,-1.14,1,0,0.347,-0.82,1,0,0.397,-1.07,1,0,0.542,-0.21,0.202,0,,,,,0.325,-0.96,1,0,,,,
13301,20140408,-93.15,39.87,0.303,-1.11,1,0,0.349,-0.78,1,0,0.398,-1,1,0,0.547,-0.16,0.131,0,,,,,0.326,-0.92,1,0,,,,
13301,20140409,-93.15,39.87,0.305,-1.09,1,0,0.351,-0.74,1,0,0.4,-0.93,1,0,0.552,-0.12,0.054,0,,,,,0.328,-0.88,1,0,,,,
13301,20140410,-93.15,39.87,0.299,-1.12,1,0,0.347,-0.75,1,0,0.399,-0.91,1,0,0.556,-0.08,0,0,,,,,0.323,-0.91,1,0,,,,
13301,20140411,-93.15,39.87,0.29,-1.19,1,0,0.338,-0.81,1,0,0.391,-0.98,1,0,0.555,-0.08,0,0,,,,,0.314,-0.98,1,0,,,,
13301,20140412,-93.15,39.87,0.281,-1.26,1,0,0.331,-0.86,1,0,0.384,-1.02,1,0,0.553,-0.1,0,0,,,,,0.306,-1.04,1,0,,,,
13301,20140413,-93.15,39.87,0.271,-1.33,1,0,0.326,-0.9,1,0,0.379,-1.06,1,0,0.55,-0.12,0,0,,,,,0.298,-1.1,1,0,,,,
13301,20140414,-93.15,39.87,0.272,-1.3,0.975,0,0.328,-0.86,0.914,0,0.382,-0.99,0.92,0,0.549,-0.13,0,0,,,,,0.3,-1.08,0.957,0,,,,
13301,20140415,-93.15,39.87,0.277,-1.23,0.975,0,0.333,-0.79,0.84,0,0.389,-0.89,0.871,0,0.553,-0.1,0,0,,,,,0.305,-1.02,0.957,0,,,,
13301,20140416,-93.15,39.87,0.281,-1.16,0.975,0,0.338,-0.74,0.84,0,0.393,-0.82,0.871,0,0.556,-0.07,0,0,,,,,0.309,-0.97,0.957,0,,,,
13301,20140417,-93.15,39.87,0.285,-1.1,0.975,0,0.341,-0.69,0.84,0,0.396,-0.77,0.871,0,0.56,-0.04,0,0,,,,,0.313,-0.92,0.957,0,,,,
13301,20140418,-93.15,39.87,0.289,-1.04,0.975,0,0.345,-0.65,0.84,0,0.399,-0.72,0.871,0,0.562,-0.01,0,0,,,,,0.317,-0.87,0.957,0,,,,
13301,20140419,-93.15,39.87,0.294,-0.97,0.975,0,0.348,-0.6,0.84,0,0.402,-0.68,0.871,0,0.564,0.01,0,0,,,,,0.321,-0.81,0.957,0,,,,
13301,20140420,-93.15,39.87,0.297,-0.91,0.976,0,0.35,-0.57,0.845,0,0.403,-0.65,0.875,0,0.565,0.02,0,0,,,,,0.323,-0.76,0.958,0,,,,
13301,20140421,-93.15,39.87,0.288,-0.96,1,0,0.344,-0.61,0.929,0,0.398,-0.7,0.952,0,0.564,0.03,0,0,,,,,0.316,-0.8,1,0,,,,
13301,20140422,-93.15,39.87,0.275,-1.05,1,0,0.335,-0.68,1,0,0.389,-0.78,1,0,0.56,0.02,0,0,,,,,0.305,-0.88,1,0,,,,
13301,20140423,-93.15,39.87,0.261,-1.13,1,0,0.328,-0.74,1,0,0.382,-0.84,1,0,0.555,-0.01,0,0,,,,,0.295,-0.95,1,0,,,,
13301,20140424,-93.15,39.87,0.248,-1.21,1,0,0.321,-0.8,1,0,0.376,-0.89,1,0,0.549,-0.04,0,0,,,,,0.285,-1.01,1,0,,,,
13301,20140425,-93.15,39.87,0.253,-1.14,0.899,0,0.324,-0.75,0.899,0,0.379,-0.84,0.899,0,0.547,-0.05,0,0,,,,,0.288,-0.95,0.899,0,,,,
13301,20140426,-93.15,39.87,0.259,-1.06,0.863,0,0.328,-0.69,0.762,0,0.383,-0.78,0.845,0,0.545,-0.05,0,0,,,,,0.293,-0.88,0.839,0,,,,
13301,20140427,-93.15,39.87,0.264,-0.99,0.863,0,0.331,-0.64,0.732,0,0.385,-0.74,0.845,0,0.544,-0.04,0,0,,,,,0.297,-0.82,0.839,0,,,,
13301,20140428,-93.15,39.87,0.277,-0.86,0.762,0,0.337,-0.56,0.631,0,0.39,-0.67,0.768,0,0.544,-0.03,0,0,,,,,0.307,-0.71,0.738,0,,,,
13301,20140429,-93.15,39.87,0.29,-0.72,0.619,0,0.343,-0.47,0.488,0,0.396,-0.59,0.625,0,0.545,-0.02,0,0,,,,,0.316,-0.6,0.595,0,,,,
13301,20140430,-93.15,39.87,0.305,-0.57,0.476,0,0.351,-0.36,0.345,0,0.402,-0.5,0.482,0,0.547,0.02,0,0,,,,,0.328,-0.47,0.452,0,,,,
13301,20140501,-93.15,39.87,0.322,-0.4,0.333,0,0.36,-0.24,0.202,0,0.41,-0.39,0.339,0,0.549,0.05,0,0.006,,,,,0.341,-0.33,0.31,0,,,,
13301,20140502,-93.15,39.87,0.321,-0.38,0.292,0,0.359,-0.22,0.161,0,0.409,-0.37,0.298,0,0.549,0.07,0,0.006,,,,,0.34,-0.31,0.268,0,,,,
13301,20140503,-93.15,39.87,0.319,-0.38,0.202,0,0.358,-0.22,0.155,0,0.407,-0.37,0.208,0,0.547,0.07,0,0.006,,,,,0.338,-0.31,0.185,0,,,,
13301,20140504,-93.15,39.87,0.317,-0.37,0.202,0,0.357,-0.2,0.042,0,0.406,-0.36,0.095,0,0.544,0.07,0,0.006,,,,,0.337,-0.3,0.077,0,,,,
13301,20140505,-93.15,39.87,0.308,-0.42,0.304,0,0.352,-0.23,0,0,0.401,-0.37,0.167,0,0.542,0.08,0,0.006,,,,,0.33,-0.33,0.179,0,,,,
13301,20140506,-93.15,39.87,0.296,-0.49,0.446,0,0.345,-0.27,0.095,0,0.395,-0.41,0.31,0,0.54,0.07,0,0.006,,,,,0.32,-0.39,0.321,0,,,,
13301,20140507,-93.15,39.87,0.28,-0.58,0.589,0,0.335,-0.33,0.238,0,0.388,-0.46,0.452,0,0.536,0.05,0,0.006,,,,,0.308,-0.48,0.464,0,,,,
13301,20140508,-93.15,39.87,0.262,-0.69,0.732,0,0.323,-0.41,0.381,0,0.378,-0.53,0.595,0,0.532,0.03,0,0,,,,,0.292,-0.58,0.607,0,,,,
13301,20140509,-93.15,39.87,0.243,-0.81,0.875,0,0.31,-0.5,0.524,0,0.367,-0.61,0.738,0,0.529,0,0,0,,,,,0.276,-0.7,0.75,0,,,,
13301,20140510,-93.15,39.87,0.224,-0.92,1,0,0.296,-0.6,0.667,0,0.356,-0.69,0.881,0,0.527,-0.01,0,0,,,,,0.26,-0.81,0.893,0,,,,
13301,20140511,-93.15,39.87,0.206,-1.03,1,0,0.283,-0.69,0.81,0,0.345,-0.78,0.994,0,0.524,-0.03,0,0,,,,,0.245,-0.91,1,0,,,,
13301,20140512,-93.15,39.87,0.191,-1.11,1,0,0.272,-0.77,0.952,0,0.334,-0.86,1,0,0.521,-0.06,0,0,,,,,0.231,-1,1,0,,,,
13301,20140513,-93.15,39.87,0.179,-1.17,1,0,0.261,-0.84,1,0,0.324,-0.93,1,0,0.518,-0.07,0.006,0,,,,,0.22,-1.07,1,0,,,,
13301,20140514,-93.15,39.87,0.17,-1.22,1,0,0.253,-0.89,1,0,0.315,-0.98,1,0,0.516,-0.08,0.006,0,,,,,0.212,-1.12,1,0,,,,
13301,20140515,-93.15,39.87,0.163,-1.25,1,0,0.247,-0.93,1,0,0.308,-1.02,1,0,0.514,-0.07,0.006,0,,,,,0.205,-1.16,1,0,,,,
13301,20140516,-93.15,39.87,0.159,-1.27,1,0,0.242,-0.96,1,0,0.301,-1.06,1,0,0.513,-0.05,0.006,0,,,,,0.2,-1.18,1,0,,,,
13301,20140517,-93.15,39.87,0.157,-1.27,1,0,0.237,-0.98,1,0,0.295,-1.09,1,0,0.512,-0.03,0.006,0,,,,,0.197,-1.19,1,0,,,,
13301,20140518,-93.15,39.87,0.155,-1.27,1,0,0.233,-1,1,0,0.29,-1.11,1,0,0.509,-0.02,0.006,0,,,,,0.194,-1.19,1,0,,,,
13301,20140519,-93.15,39.87,0.154,-1.27,1,0,0.229,-1.03,1,0,0.285,-1.14,1,0,0.507,0,0.006,0,,,,,0.191,-1.2,1,0,,,,
13301,20140520,-93.15,39.87,0.152,-1.27,1,0,0.225,-1.06,1,0,0.279,-1.17,1,0,0.504,0,0,0,,,,,0.188,-1.22,1,0,,,,
13301,20140521,-93.15,39.87,0.15,-1.27,1,0,0.22,-1.09,1,0,0.272,-1.22,1,0,0.498,-0.02,0.006,0,,,,,0.185,-1.23,1,0,,,,
13301,20140522,-93.15,39.87,0.149,-1.27,1,0,0.215,-1.12,1,0,0.265,-1.27,1,0,0.492,-0.05,0.024,0,,,,,0.182,-1.24,1,0,,,,
13301,20140523,-93.15,39.87,0.145,-1.27,1,0,0.21,-1.15,1,0,0.258,-1.33,1,0,0.486,-0.09,0.054,0,,,,,0.178,-1.26,1,0,,,,
13301,20140524,-93.15,39.87,0.142,-1.28,1,0,0.206,-1.18,1,0,0.251,-1.38,1,0,0.48,-0.13,0.137,0,,,,,0.174,-1.28,1,0,,,,
13301,20140525,-93.15,39.87,0.139,-1.29,1,0,0.201,-1.2,1,0,0.245,-1.44,1,0,0.474,-0.18,0.238,0,,,,,0.17,-1.29,1,0,,,,
13301,20140526,-93.15,39.87,0.137,-1.29,1,0,0.198,-1.22,1,0,0.239,-1.49,1,0,0.467,-0.24,0.369,0,,,,,0.167,-1.3,1,0,,,,
13301,20140527,-93.15,39.87,0.137,-1.28,1,0,0.195,-1.23,1,0,0.234,-1.53,1,0,0.461,-0.3,0.512,0,,,,,0.166,-1.3,1,0,,,,
13301,20140528,-93.15,39.87,0.148,-1.2,0.988,0,0.203,-1.17,0.952,0,0.236,-1.52,1,0,0.457,-0.34,0.649,0,,,,,0.175,-1.23,0.982,0,,,,
13301,20140529,-93.15,39.87,0.163,-1.11,0.988,0,0.215,-1.08,0.952,0,0.241,-1.48,1,0,0.453,-0.37,0.774,0,,,,,0.189,-1.13,0.982,0,,,,
13301,20140530,-93.15,39.87,0.177,-1.02,0.988,0,0.225,-1.01,0.952,0,0.246,-1.45,1,0,0.45,-0.41,0.887,0,,,,,0.201,-1.05,0.982,0,,,,
13301,20140531,-93.15,39.87,0.189,-0.94,0.988,0,0.234,-0.95,0.952,0,0.25,-1.41,1,0,0.446,-0.45,0.946,0,,,,,0.211,-0.98,0.982,0,,,,
13301,20140601,-93.15,39.87,0.199,-0.88,0.988,0,0.241,-0.89,0.952,0,0.254,-1.37,1,0,0.442,-0.5,0.988,0,,,,,0.22,-0.91,0.982,0,,,,
13301,20140602,-93.15,39.87,0.211,-0.8,0.952,0,0.249,-0.83,0.952,0,0.258,-1.33,1,0,0.439,-0.53,1,0,,,,,0.23,-0.84,0.952,0,,,,
13301,20140603,-93.15,39.87,0.229,-0.7,0.81,0,0.261,-0.75,0.952,0,0.263,-1.29,1,0,0.435,-0.56,1,0,,,,,0.245,-0.74,0.911,0,,,,
13301,20140604,-93.15,39.87,0.24,-0.63,0.756,0.012,0.268,-0.69,0.958,0.012,0.269,-1.22,0.964,0,0.434,-0.57,0.964,0,,,,,0.254,-0.68,0.887,0.006,,,,
13301,20140605,-93.15,39.87,0.253,-0.55,0.613,0.012,0.282,-0.6,0.815,0.012,0.292,-1.05,0.821,0,0.448,-0.46,0.821,0,,,,,0.268,-0.59,0.744,0.006,,,,
13301,20140606,-93.15,39.87,0.265,-0.47,0.47,0.012,0.296,-0.5,0.673,0.012,0.312,-0.89,0.679,0,0.462,-0.35,0.679,0,,,,,0.281,-0.5,0.601,0.006,,,,
13301,20140607,-93.15,39.87,0.278,-0.39,0.327,0.012,0.309,-0.41,0.53,0.012,0.331,-0.73,0.536,0,0.476,-0.23,0.536,0,,,,,0.294,-0.41,0.458,0.006,,,,
13301,20140608,-93.15,39.87,0.3,-0.27,0.185,0.012,0.331,-0.27,0.387,0.036,0.357,-0.53,0.393,0.006,0.494,-0.09,0.393,0.042,,,,,0.316,-0.27,0.315,0.006,,,,
13301,20140609,-93.15,39.87,0.317,-0.17,0.077,0.012,0.35,-0.14,0.244,0.036,0.382,-0.34,0.25,0.006,0.512,0.06,0.25,0.048,,,,,0.333,-0.16,0.202,0.006,,,,
13301,20140610,-93.15,39.87,0.323,-0.13,0.077,0.012,0.362,-0.06,0.101,0.036,0.405,-0.17,0.107,0.006,0.53,0.2,0.107,0.054,,,,,0.343,-0.09,0.101,0.006,,,,
13301,20140611,-93.15,39.87,0.331,-0.09,0,0,0.372,0,0,0.024,0.422,-0.05,0,0.006,0.545,0.31,0,0.054,,,,,0.351,-0.04,0,0,,,,
13301,20140612,-93.15,39.87,0.33,-0.09,0,0,0.37,-0.01,0,0.024,0.421,-0.05,0,0.006,0.545,0.3,0,0.054,,,,,0.35,-0.04,0,0,,,,
13301,20140613,-93.15,39.87,0.332,-0.08,0,0,0.372,0,0,0.024,0.422,-0.04,0,0.006,0.545,0.29,0,0.054,,,,,0.352,-0.03,0,0,,,,
13301,20140614,-93.15,39.87,0.333,-0.07,0,0,0.373,0.01,0,0.024,0.424,-0.02,0,0.006,0.544,0.28,0,0.054,,,,,0.353,-0.02,0,0,,,,
13301,20140615,-93.15,39.87,0.325,-0.11,0,0,0.366,-0.03,0,0,0.417,-0.06,0,0,0.541,0.24,0,0.012,,,,,0.345,-0.06,0,0,,,,
13301,20140616,-93.15,39.87,0.318,-0.15,0,0,0.36,-0.06,0,0,0.412,-0.09,0,0,0.536,0.2,0,0.006,,,,,0.339,-0.1,0,0,,,,
13301,20140617,-93.15,39.87,0.309,-0.2,0.071,0,0.355,-0.09,0,0,0.407,-0.12,0,0,0.533,0.16,0,0,,,,,0.332,-0.14,0,0,,,,
13301,20140618,-93.15,39.87,0.295,-0.27,0.214,0,0.346,-0.14,0,0,0.398,-0.16,0,0,0.529,0.13,0,0,,,,,0.321,-0.2,0.089,0,,,,
13301,20140619,-93.15,39.87,0.282,-0.34,0.357,0,0.337,-0.19,0,0,0.39,-0.21,0,0,0.525,0.09,0,0,,,,,0.309,-0.27,0.232,0,,,,
13301,20140620,-93.15,39.87,0.271,-0.4,0.446,0,0.326,-0.25,0,0,0.381,-0.26,0,0,0.521,0.05,0.006,0,,,,,0.299,-0.32,0.375,0,,,,
13301,20140621,-93.15,39.87,0.264,-0.43,0.524,0,0.317,-0.3,0,0,0.372,-0.3,0,0,0.517,0.02,0.006,0,,,,,0.29,-0.37,0.512,0,,,,
13301,20140622,-93.15,39.87,0.257,-0.46,0.667,0,0.309,-0.34,0.006,0,0.364,-0.34,0,0,0.514,-0.01,0.012,0,,,,,0.283,-0.41,0.655,0,,,,
13301,20140623,-93.15,39.87,0.258,-0.46,0.744,0,0.303,-0.37,0.018,0,0.357,-0.37,0,0,0.51,-0.03,0.018,0,,,,,0.28,-0.42,0.732,0,,,,
13301,20140624,-93.15,39.87,0.267,-0.4,0.673,0,0.302,-0.37,0.018,0,0.35,-0.4,0,0,0.508,-0.05,0.018,0,,,,,0.285,-0.39,0.732,0,,,,
13301,20140625,-93.15,39.87,0.276,-0.34,0.53,0,0.302,-0.37,0.018,0,0.344,-0.43,0,0,0.503,-0.08,0.024,0,,,,,0.289,-0.35,0.643,0,,,,
13301,20140626,-93.15,39.87,0.283,-0.3,0.387,0,0.302,-0.37,0.018,0,0.338,-0.45,0.006,0,0.497,-0.12,0.083,0,,,,,0.292,-0.33,0.5,0,,,,
13301,20140627,-93.15,39.87,0.284,-0.29,0.369,0,0.301,-0.37,0.018,0,0.332,-0.48,0.119,0,0.491,-0.15,0.19,0,,,,,0.292,-0.32,0.387,0,,,,
13301,20140628,-93.15,39.87,0.28,-0.31,0.435,0,0.298,-0.37,0.018,0,0.325,-0.5,0.262,0,0.484,-0.18,0.31,0,,,,,0.289,-0.33,0.375,0,,,,
13301,20140629,-93.15,39.87,0.288,-0.26,0.357,0,0.3,-0.35,0.012,0,0.322,-0.51,0.333,0,0.476,-0.22,0.435,0,,,,,0.294,-0.29,0.298,0,,,,
13301,20140630,-93.15,39.87,0.295,-0.22,0.28,0,0.304,-0.32,0,0,0.324,-0.5,0.333,0,0.469,-0.26,0.565,0,,,,,0.3,-0.25,0.22,0,,,,
13301,20140701,-93.15,39.87,0.293,-0.24,0.28,0,0.303,-0.32,0,0,0.324,-0.49,0.333,0,0.459,-0.3,0.702,0,,,,,0.298,-0.26,0.22,0,,,,
13301,20140702,-93.15,39.87,0.29,-0.25,0.28,0,0.301,-0.33,0,0,0.324,-0.49,0.339,0,0.451,-0.34,0.839,0,,,,,0.295,-0.28,0.22,0,,,,
13301,20140703,-93.15,39.87,0.287,-0.27,0.28,0,0.299,-0.34,0,0,0.324,-0.49,0.405,0,0.444,-0.38,0.923,0,,,,,0.293,-0.29,0.244,0,,,,
13301,20140704,-93.15,39.87,0.286,-0.27,0.339,0,0.297,-0.35,0.048,0,0.323,-0.5,0.435,0,0.436,-0.41,0.952,0,,,,,0.292,-0.3,0.357,0,,,,
13301,20140705,-93.15,39.87,0.285,-0.28,0.339,0,0.296,-0.36,0.19,0,0.322,-0.51,0.435,0,0.428,-0.45,0.976,0,,,,,0.29,-0.31,0.375,0,,,,
13301,20140706,-93.15,39.87,0.29,-0.25,0.292,0,0.301,-0.33,0.208,0,0.333,-0.46,0.381,0,0.425,-0.45,0.917,0,,,,,0.295,-0.28,0.327,0,,,,
13301,20140707,-93.15,39.87,0.29,-0.24,0.292,0,0.303,-0.33,0.208,0,0.339,-0.43,0.381,0,0.423,-0.46,0.923,0,,,,,0.296,-0.27,0.327,0,,,,
13301,20140708,-93.15,39.87,0.293,-0.22,0.292,0,0.307,-0.3,0.208,0,0.346,-0.4,0.381,0,0.42,-0.47,0.929,0,,,,,0.3,-0.25,0.327,0,,,,
13301,20140709,-93.15,39.87,0.302,-0.16,0.292,0,0.315,-0.26,0.208,0,0.357,-0.36,0.375,0,0.419,-0.47,0.923,0,,,,,0.308,-0.2,0.327,0,,,,
13301,20140710,-93.15,39.87,0.31,-0.11,0.292,0,0.322,-0.21,0.208,0,0.366,-0.31,0.304,0,0.417,-0.47,0.923,0,,,,,0.316,-0.15,0.304,0,,,,
13301,20140711,-93.15,39.87,0.317,-0.06,0.161,0,0.328,-0.17,0.161,0,0.375,-0.26,0.161,0,0.415,-0.47,0.923,0,,,,,0.322,-0.1,0.161,0,,,,
13301,20140712,-93.15,39.87,0.322,-0.01,0.018,0,0.334,-0.12,0.018,0,0.383,-0.21,0.018,0,0.415,-0.47,0.923,0,,,,,0.328,-0.05,0.018,0,,,,
13301,20140713,-93.15,39.87,0.311,-0.05,0,0,0.328,-0.13,0,0,0.375,-0.24,0,0,0.408,-0.5,0.994,0,,,,,0.319,-0.08,0,0,,,,
13301,20140714,-93.15,39.87,0.303,-0.06,0,0,0.32,-0.15,0,0,0.366,-0.27,0,0,0.402,-0.52,0.994,0,,,,,0.312,-0.09,0,0,,,,
13301,20140715,-93.15,39.87,0.294,-0.08,0,0,0.311,-0.18,0,0,0.356,-0.3,0,0,0.397,-0.54,0.994,0,,,,,0.303,-0.12,0,0,,,,
13301,20140716,-93.15,39.87,0.281,-0.13,0,0,0.299,-0.22,0,0,0.344,-0.34,0,0,0.391,-0.57,1,0,,,,,0.29,-0.17,0,0,,,,
13301,20140717,-93.15,39.87,0.27,-0.16,0,0,0.288,-0.26,0,0,0.332,-0.38,0,0,0.385,-0.6,1,0,,,,,0.279,-0.21,0,0,,,,
13301,20140718,-93.15,39.87,0.26,-0.19,0,0,0.278,-0.3,0,0,0.321,-0.42,0.042,0,0.379,-0.63,1,0,,,,,0.269,-0.24,0,0,,,,
13301,20140719,-93.15,39.87,0.251,-0.21,0,0,0.268,-0.34,0,0,0.311,-0.45,0.185,0,0.373,-0.66,1,0,,,,,0.26,-0.27,0,0,,,,
13301,20140720,-93.15,39.87,0.244,-0.23,0,0,0.259,-0.37,0.012,0,0.301,-0.48,0.327,0,0.367,-0.68,1,0,,,,,0.252,-0.3,0,0,,,,
13301,20140721,-93.15,39.87,0.231,-0.29,0.018,0,0.25,-0.4,0.131,0,0.291,-0.51,0.47,0,0.36,-0.71,1,0,,,,,0.24,-0.34,0.024,0,,,,
13301,20140722,-93.15,39.87,0.218,-0.35,0.149,0,0.241,-0.44,0.274,0,0.282,-0.54,0.613,0,0.354,-0.74,1,0,,,,,0.229,-0.39,0.143,0,,,,
13301,20140723,-93.15,39.87,0.206,-0.4,0.292,0,0.232,-0.47,0.417,0,0.272,-0.58,0.756,0,0.347,-0.77,1,0,,,,,0.219,-0.44,0.286,0,,,,
13301,20140724,-93.15,39.87,0.195,-0.45,0.435,0,0.222,-0.51,0.56,0,0.262,-0.61,0.899,0,0.34,-0.79,1,0,,,,,0.209,-0.49,0.429,0,,,,
13301,20140725,-93.15,39.87,0.186,-0.5,0.577,0,0.213,-0.56,0.702,0,0.252,-0.66,1,0,0.333,-0.81,1,0,,,,,0.199,-0.54,0.571,0,,,,
13301,20140726,-93.15,39.87,0.178,-0.55,0.72,0,0.203,-0.6,0.845,0,0.241,-0.7,1,0,0.327,-0.82,1,0,,,,,0.191,-0.58,0.714,0,,,,
13301,20140727,-93.15,39.87,0.171,-0.59,0.863,0,0.195,-0.64,0.976,0,0.232,-0.74,1,0,0.321,-0.83,1,0,,,,,0.183,-0.62,0.857,0,,,,
13301,20140728,-93.15,39.87,0.165,-0.62,0.988,0,0.188,-0.67,1,0,0.223,-0.78,1,0,0.316,-0.83,1,0,,,,,0.177,-0.66,0.976,0,,,,
13301,20140729,-93.15,39.87,0.16,-0.65,1,0,0.182,-0.7,1,0,0.214,-0.82,1,0,0.311,-0.83,1,0,,,,,0.171,-0.69,1,0,,,,
13301,20140730,-93.15,39.87,0.156,-0.67,1,0,0.176,-0.73,1,0,0.207,-0.85,1,0,0.305,-0.83,1,0,,,,,0.166,-0.72,1,0,,,,
13301,20140731,-93.15,39.87,0.153,-0.69,1,0,0.172,-0.75,1,0,0.201,-0.88,1,0,0.3,-0.83,1,0,,,,,0.162,-0.74,1,0,,,,
13301,20140801,-93.15,39.87,0.15,-0.71,1,0,0.168,-0.77,1,0,0.195,-0.9,1,0,0.295,-0.83,1,0,,,,,0.159,-0.76,1,0,,,,
13301,20140802,-93.15,39.87,0.148,-0.72,1,0,0.165,-0.79,1,0,0.191,-0.91,1,0,0.29,-0.83,1,0,,,,,0.156,-0.78,1,0,,,,
13301,20140803,-93.15,39.87,0.145,-0.73,1,0,0.162,-0.81,1,0,0.188,-0.93,1,0,0.285,-0.83,1,0,,,,,0.153,-0.79,1,0,,,,
13301,20140804,-93.15,39.87,0.143,-0.74,1,0,0.159,-0.83,1,0,0.184,-0.94,1,0,0.28,-0.84,1,0,,,,,0.151,-0.81,1,0,,,,
13301,20140805,-93.15,39.87,0.143,-0.74,1,0,0.157,-0.84,1,0,0.182,-0.95,1,0,0.276,-0.84,1,0,,,,,0.15,-0.81,1,0,,,,
13301,20140806,-93.15,39.87,0.143,-0.73,1,0,0.156,-0.86,1,0,0.18,-0.97,1,0,0.273,-0.85,1,0,,,,,0.15,-0.82,1,0,,,,
13301,20140807,-93.15,39.87,0.151,-0.68,0.958,0.024,0.16,-0.85,0.97,0,0.184,-0.95,0.97,0,0.271,-0.85,1,0,,,,,0.155,-0.78,0.964,0.012,,,,
13301,20140808,-93.15,39.87,0.181,-0.51,0.815,0.161,0.183,-0.7,0.827,0,0.215,-0.78,0.827,0.077,0.272,-0.84,1,0,,,,,0.182,-0.61,0.821,0.131,,,,
13301,20140809,-93.15,39.87,0.208,-0.34,0.673,0.25,0.206,-0.55,0.685,0,0.245,-0.61,0.685,0.077,0.274,-0.82,1,0,,,,,0.207,-0.44,0.679,0.131,,,,
13301,20140810,-93.15,39.87,0.234,-0.19,0.53,0.25,0.227,-0.41,0.542,0,0.274,-0.45,0.542,0.077,0.275,-0.82,1,0,,,,,0.231,-0.29,0.536,0.131,,,,
13301,20140811,-93.15,39.87,0.258,-0.04,0.387,0.25,0.249,-0.26,0.399,0,0.302,-0.29,0.399,0.077,0.276,-0.82,1,0,,,,,0.253,-0.13,0.393,0.131,,,,
13301,20140812,-93.15,39.87,0.279,0.09,0.244,0.25,0.268,-0.13,0.256,0,0.328,-0.14,0.256,0.077,0.278,-0.81,1,0,,,,,0.273,0,0.25,0.131,,,,
13301,20140813,-93.15,39.87,0.295,0.2,0.101,0.25,0.285,-0.02,0.113,0,0.351,0,0.113,0.077,0.279,-0.79,1,0,,,,,0.29,0.11,0.107,0.131,,,,
13301,20140814,-93.15,39.87,0.301,0.24,0,0.226,0.295,0.06,0,0,0.366,0.09,0,0.077,0.28,-0.77,1,0,,,,,0.298,0.17,0,0.119,,,,
13301,20140815,-93.15,39.87,0.281,0.13,0.018,0.089,0.284,-0.02,0,0,0.352,0.02,0,0,0.277,-0.77,1,0,,,,,0.283,0.07,0,0,,,,
13301,20140816,-93.15,39.87,0.274,0.1,0.06,0.054,0.278,-0.06,0,0.018,0.346,-0.02,0,0.048,0.28,-0.74,0.952,0,,,,,0.276,0.03,0,0.048,,,,
13301,20140817,-93.15,39.87,0.28,0.15,0.06,0.196,0.284,-0.02,0,0.161,0.354,0.03,0,0.19,0.297,-0.64,0.81,0,,,,,0.282,0.08,0,0.19,,,,
13301,20140818,-93.15,39.87,0.284,0.19,0.06,0.339,0.29,0.02,0,0.268,0.36,0.06,0,0.333,0.312,-0.55,0.667,0,,,,,0.287,0.12,0,0.333,,,,
13301,20140819,-93.15,39.87,0.289,0.24,0.06,0.482,0.296,0.07,0,0.268,0.367,0.1,0,0.357,0.326,-0.46,0.524,0,,,,,0.293,0.16,0,0.458,,,,
13301,20140820,-93.15,39.87,0.295,0.29,0.06,0.583,0.303,0.11,0,0.268,0.375,0.15,0,0.357,0.337,-0.39,0.381,0,,,,,0.299,0.22,0,0.458,,,,
13301,20140821,-93.15,39.87,0.303,0.36,0.06,0.583,0.31,0.17,0,0.268,0.384,0.2,0,0.357,0.348,-0.34,0.238,0,,,,,0.306,0.28,0,0.458,,,,
13301,20140822,-93.15,39.87,0.31,0.42,0.042,0.583,0.318,0.22,0,0.268,0.394,0.26,0,0.357,0.358,-0.3,0.095,0,,,,,0.314,0.34,0,0.458,,,,
13301,20140823,-93.15,39.87,0.307,0.41,0,0.53,0.319,0.24,0,0.25,0.396,0.27,0,0.31,0.361,-0.28,0,0,,,,,0.313,0.34,0,0.411,,,,
13301,20140824,-93.15,39.87,0.289,0.31,0,0.387,0.307,0.18,0,0.107,0.383,0.21,0,0.167,0.349,-0.33,0.006,0,,,,,0.298,0.25,0,0.268,,,,
13301,20140825,-93.15,39.87,0.27,0.2,0,0.244,0.295,0.11,0,0,0.371,0.14,0,0.024,0.338,-0.37,0.071,0,,,,,0.283,0.16,0,0.125,,,,
13301,20140826,-93.15,39.87,0.253,0.09,0.077,0.101,0.282,0.04,0,0,0.358,0.08,0,0,0.327,-0.42,0.196,0,,,,,0.267,0.07,0,0,,,,
13301,20140827,-93.15,39.87,0.236,-0.02,0.22,0,0.27,-0.03,0,0,0.344,0,0,0,0.317,-0.47,0.339,0,,,,,0.253,-0.02,0,0,,,,
13301,20140828,-93.15,39.87,0.224,-0.1,0.244,0,0.261,-0.08,0,0,0.335,-0.04,0,0,0.308,-0.52,0.482,0,,,,,0.242,-0.09,0,0,,,,
13301,20140829,-93.15,39.87,0.215,-0.15,0.244,0,0.253,-0.12,0,0,0.327,-0.08,0,0,0.3,-0.58,0.625,0,,,,,0.234,-0.13,0,0,,,,
13301,20140830,-93.15,39.87,0.21,-0.18,0.244,0,0.247,-0.16,0,0,0.319,-0.12,0,0,0.293,-0.63,0.768,0,,,,,0.228,-0.17,0,0,,,,
13301,20140831,-93.15,39.87,0.21,-0.17,0.244,0,0.243,-0.19,0,0,0.312,-0.16,0,0,0.288,-0.68,0.905,0,,,,,0.227,-0.17,0,0,,,,
13301,20140901,-93.15,39.87,0.213,-0.14,0.244,0,0.242,-0.21,0,0,0.307,-0.19,0,0,0.283,-0.73,0.982,0,,,,,0.228,-0.17,0,0,,,,
13301,20140902,-93.15,39.87,0.226,-0.05,0.167,0,0.248,-0.18,0,0,0.307,-0.19,0,0,0.279,-0.77,1,0,,,,,0.237,-0.1,0,0,,,,
13301,20140903,-93.15,39.87,0.238,0.04,0.024,0,0.254,-0.14,0,0,0.309,-0.18,0,0,0.276,-0.81,1,0,,,,,0.246,-0.04,0,0,,,,
13301,20140904,-93.15,39.87,0.247,0.1,0,0,0.257,-0.12,0,0,0.305,-0.2,0,0,0.274,-0.82,1,0,,,,,0.252,0,0,0,,,,
13301,20140905,-93.15,39.87,0.253,0.15,0,0,0.26,-0.1,0,0,0.301,-0.21,0,0,0.271,-0.84,1,0,,,,,0.256,0.03,0,0,,,,
13301,20140906,-93.15,39.87,0.256,0.17,0,0,0.262,-0.08,0,0,0.299,-0.22,0,0,0.269,-0.84,1,0,,,,,0.259,0.05,0,0,,,,
13301,20140907,-93.15,39.87,0.253,0.16,0,0,0.263,-0.07,0,0,0.296,-0.23,0,0,0.267,-0.85,1,0,,,,,0.258,0.06,0,0,,,,
13301,20140908,-93.15,39.87,0.249,0.14,0,0,0.262,-0.06,0,0,0.292,-0.23,0,0,0.265,-0.85,1,0,,,,,0.256,0.05,0,0,,,,
13301,20140909,-93.15,39.87,0.236,0.06,0,0,0.255,-0.09,0,0,0.284,-0.26,0.042,0,0.263,-0.85,1,0,,,,,0.245,-0.01,0,0,,,,
13301,20140910,-93.15,39.87,0.243,0.11,0,0.054,0.262,-0.04,0,0.048,0.291,-0.21,0.077,0.048,0.278,-0.79,0.952,0.048,,,,,0.252,0.04,0,0.048,,,,
13301,20140911,-93.15,39.87,0.278,0.34,0,0.196,0.298,0.18,0,0.19,0.325,-0.01,0.077,0.19,0.326,-0.6,0.81,0.19,,,,,0.288,0.26,0,0.19,,,,
13301,20140912,-93.15,39.87,0.3,0.49,0,0.339,0.32,0.32,0,0.333,0.354,0.16,0.077,0.333,0.374,-0.4,0.667,0.333,,,,,0.31,0.4,0,0.333,,,,
13301,20140913,-93.15,39.87,0.32,0.63,0,0.482,0.339,0.44,0,0.476,0.378,0.3,0.077,0.476,0.423,-0.2,0.524,0.476,,,,,0.329,0.52,0,0.476,,,,
13301,20140914,-93.15,39.87,0.34,0.76,0,0.625,0.356,0.55,0,0.619,0.4,0.43,0.077,0.619,0.47,-0.01,0.381,0.619,,,,,0.348,0.64,0,0.619,,,,
13301,20140915,-93.15,39.87,0.36,0.89,0,0.768,0.374,0.65,0,0.762,0.422,0.56,0.077,0.762,0.516,0.18,0.238,0.762,,,,,0.367,0.75,0,0.762,,,,
13301,20140916,-93.15,39.87,0.394,1.12,0,0.911,0.407,0.85,0,0.905,0.46,0.77,0.036,0.905,0.564,0.38,0.095,0.905,,,,,0.401,0.96,0,0.905,,,,
13301,20140917,-93.15,39.87,0.403,1.18,0,1,0.417,0.91,0,1,0.477,0.86,0,1,0.595,0.51,0,1,,,,,0.41,1.02,0,1,,,,
13301,20140918,-93.15,39.87,0.383,1.05,0,1,0.397,0.8,0,1,0.463,0.8,0,1,0.593,0.51,0,1,,,,,0.39,0.9,0,1,,,,
13301,20140919,-93.15,39.87,0.377,1.02,0,1,0.391,0.76,0,1,0.455,0.76,0,1,0.59,0.51,0,1,,,,,0.384,0.86,0,1,,,,
13301,20140920,-93.15,39.87,0.374,1,0,1,0.387,0.75,0,1,0.452,0.74,0,1,0.587,0.5,0,1,,,,,0.38,0.85,0,1,,,,
13301,20140921,-93.15,39.87,0.371,0.98,0,1,0.386,0.74,0,1,0.45,0.73,0,1,0.585,0.49,0,1,,,,,0.378,0.84,0,1,,,,
13301,20140922,-93.15,39.87,0.367,0.95,0,1,0.384,0.74,0,1,0.45,0.73,0,1,0.584,0.49,0,1,,,,,0.376,0.83,0,1,,,,
13301,20140923,-93.15,39.87,0.348,0.81,0,0.982,0.366,0.63,0,1,0.433,0.64,0,1,0.58,0.48,0,1,,,,,0.357,0.71,0,1,,,,
13301,20140924,-93.15,39.87,0.334,0.72,0,0.845,0.357,0.58,0,0.887,0.423,0.58,0,0.911,0.575,0.46,0,0.994,,,,,0.346,0.64,0,0.863,,,,
13301,20140925,-93.15,39.87,0.322,0.62,0,0.702,0.35,0.53,0,0.744,0.416,0.53,0,0.768,0.568,0.43,0,0.976,,,,,0.336,0.58,0,0.72,,,,
13301,20140926,-93.15,39.87,0.309,0.53,0,0.56,0.343,0.49,0,0.601,0.41,0.49,0,0.625,0.563,0.4,0,0.964,,,,,0.326,0.51,0,0.577,,,,
13301,20140927,-93.15,39.87,0.296,0.44,0,0.417,0.335,0.44,0,0.458,0.404,0.45,0,0.482,0.557,0.38,0,0.929,,,,,0.316,0.44,0,0.435,,,,
13301,20140928,-93.15,39.87,0.282,0.35,0,0.274,0.327,0.39,0,0.315,0.397,0.4,0,0.339,0.551,0.36,0,0.917,,,,,0.305,0.37,0,0.292,,,,
13301,20140929,-93.15,39.87,0.27,0.27,0,0.131,0.319,0.34,0,0.173,0.391,0.36,0,0.196,0.545,0.34,0,0.893,,,,,0.294,0.31,0,0.149,,,,
13301,20140930,-93.15,39.87,0.258,0.2,0,0.006,0.31,0.29,0,0.03,0.384,0.32,0,0.054,0.539,0.32,0,0.845,,,,,0.284,0.25,0,0.006,,,,
13301,20141001,-93.15,39.87,0.249,0.14,0,0,0.302,0.24,0,0,0.378,0.29,0,0,0.533,0.32,0,0.792,,,,,0.276,0.2,0,0,,,,
13301,20141002,-93.15,39.87,0.256,0.18,0,0.071,0.307,0.26,0,0.071,0.383,0.32,0,0.095,0.532,0.33,0,0.81,,,,,0.281,0.23,0,0.071,,,,
13301,20141003,-93.15,39.87,0.292,0.37,0,0.214,0.334,0.4,0,0.214,0.403,0.41,0,0.238,0.537,0.37,0,0.821,,,,,0.313,0.39,0,0.214,,,,
13301,20141004,-93.15,39.87,0.328,0.56,0,0.357,0.365,0.55,0,0.357,0.427,0.51,0,0.381,0.544,0.43,0,0.857,,,,,0.346,0.56,0,0.357,,,,
13301,20141005,-93.15,39.87,0.354,0.69,0,0.5,0.386,0.65,0,0.5,0.45,0.61,0,0.524,0.552,0.48,0,0.869,,,,,0.37,0.68,0,0.5,,,,
13301,20141006,-93.15,39.87,0.379,0.82,0,0.643,0.402,0.73,0,0.643,0.466,0.68,0,0.667,0.56,0.54,0,0.893,,,,,0.391,0.78,0,0.643,,,,
13301,20141007,-93.15,39.87,0.402,0.94,0,0.786,0.418,0.81,0,0.786,0.48,0.73,0,0.81,0.569,0.61,0,0.94,,,,,0.41,0.87,0,0.786,,,,
13301,20141008,-93.15,39.87,0.424,1.05,0,0.929,0.434,0.88,0,0.929,0.493,0.78,0,0.952,0.58,0.67,0,1,,,,,0.429,0.96,0,0.929,,,,
13301,20141009,-93.15,39.87,0.432,1.08,0,1,0.438,0.89,0,1,0.495,0.78,0,1,0.587,0.72,0,1,,,,,0.435,0.98,0,1,,,,
13301,20141010,-93.15,39.87,0.432,1.05,0,1,0.438,0.87,0,1,0.495,0.77,0,1,0.588,0.74,0,1,,,,,0.435,0.95,0,1,,,,
13301,20141011,-93.15,39.87,0.426,1,0,1,0.434,0.83,0,1,0.493,0.75,0,1,0.588,0.76,0,1,,,,,0.43,0.9,0,1,,,,
13301,20141012,-93.15,39.87,0.426,0.98,0,1,0.433,0.81,0,1,0.493,0.74,0,1,0.587,0.76,0,1,,,,,0.43,0.88,0,1,,,,
13301,20141013,-93.15,39.87,0.428,0.96,0,1,0.436,0.81,0,1,0.496,0.75,0,1,0.587,0.77,0,1,,,,,0.432,0.87,0,1,,,,
13301,20141014,-93.15,39.87,0.447,1.02,0,1,0.453,0.88,0,1,0.507,0.79,0,1,0.586,0.78,0,1,,,,,0.45,0.94,0,1,,,,
13301,20141015,-93.15,39.87,0.469,1.11,0,1,0.474,0.97,0,1,0.521,0.84,0,1,0.586,0.79,0,1,,,,,0.472,1.02,0,1,,,,
13301,20141016,-93.15,39.87,0.489,1.17,0,1,0.494,1.05,0,1,0.535,0.9,0,1,0.585,0.79,0,1,,,,,0.491,1.09,0,1,,,,
13301,20141017,-93.15,39.87,0.481,1.11,0,1,0.492,1.03,0,1,0.535,0.9,0,1,0.584,0.79,0,1,,,,,0.487,1.05,0,1,,,,
13301,20141018,-93.15,39.87,0.475,1.05,0,1,0.486,0.99,0,1,0.534,0.89,0,1,0.583,0.79,0,1,,,,,0.48,1,0,1,,,,
13301,20141019,-93.15,39.87,0.473,1.02,0,1,0.482,0.96,0,1,0.528,0.87,0,1,0.583,0.8,0,1,,,,,0.478,0.97,0,1,,,,
13301,20141020,-93.15,39.87,0.471,0.99,0,1,0.479,0.93,0,1,0.522,0.83,0,1,0.583,0.81,0,1,,,,,0.475,0.94,0,1,,,,
13301,20141021,-93.15,39.87,0.452,0.89,0,1,0.462,0.83,0,0.958,0.511,0.77,0,1,0.582,0.82,0,1,,,,,0.457,0.85,0,1,,,,
13301,20141022,-93.15,39.87,0.43,0.77,0,1,0.442,0.72,0,0.815,0.497,0.7,0,0.994,0.581,0.82,0,1,,,,,0.436,0.73,0,1,,,,
13301,20141023,-93.15,39.87,0.411,0.67,0,1,0.421,0.6,0,0.673,0.483,0.63,0,0.988,0.581,0.82,0,1,,,,,0.416,0.63,0,1,,,,
13301,20141024,-93.15,39.87,0.399,0.6,0,1,0.404,0.5,0,0.53,0.468,0.55,0,0.988,0.581,0.83,0,1,,,,,0.401,0.55,0,1,,,,
13301,20141025,-93.15,39.87,0.392,0.56,0,1,0.394,0.44,0,0.387,0.455,0.49,0,0.988,0.581,0.84,0,1,,,,,0.393,0.5,0,1,,,,
13301,20141026,-93.15,39.87,0.386,0.54,0,1,0.388,0.4,0,0.244,0.448,0.45,0,0.988,0.58,0.85,0,1,,,,,0.387,0.47,0,1,,,,
13301,20141027,-93.15,39.87,0.381,0.51,0,1,0.384,0.37,0,0.101,0.443,0.42,0,0.988,0.58,0.85,0,1,,,,,0.382,0.45,0,1,,,,
13301,20141028,-93.15,39.87,0.376,0.49,0,0.976,0.38,0.36,0,0,0.439,0.41,0,0.988,0.578,0.84,0,1,,,,,0.378,0.44,0,1,,,,
13301,20141029,-93.15,39.87,0.37,0.46,0,0.845,0.377,0.35,0,0,0.436,0.4,0,0.952,0.576,0.83,0,1,,,,,0.373,0.42,0,0.893,,,,
13301,20141030,-93.15,39.87,0.362,0.42,0,0.702,0.374,0.34,0,0,0.432,0.39,0,0.887,0.574,0.82,0,1,,,,,0.368,0.4,0,0.75,,,,
13301,20141031,-93.15,39.87,0.354,0.39,0,0.56,0.371,0.34,0,0,0.43,0.38,0,0.869,0.571,0.79,0,1,,,,,0.362,0.37,0,0.607,,,,
13301,20141101,-93.15,39.87,0.345,0.35,0,0.417,0.367,0.33,0,0,0.426,0.36,0,0.815,0.567,0.76,0,1,,,,,0.356,0.35,0,0.464,,,,
13301,20141102,-93.15,39.87,0.336,0.31,0,0.274,0.363,0.32,0,0,0.422,0.35,0,0.702,0.563,0.73,0,1,,,,,0.35,0.32,0,0.321,,,,
13301,20141103,-93.15,39.87,0.327,0.26,0,0.131,0.359,0.31,0,0,0.419,0.33,0,0.565,0.558,0.7,0,1,,,,,0.343,0.28,0,0.179,,,,
13301,20141104,-93.15,39.87,0.318,0.21,0,0.012,0.356,0.3,0,0,0.415,0.31,0,0.423,0.554,0.67,0,1,,,,,0.337,0.24,0,0.036,,,,
13301,20141105,-93.15,39.87,0.311,0.16,0,0,0.353,0.29,0,0,0.412,0.3,0,0.321,0.55,0.65,0,1,,,,,0.332,0.21,0,0,,,,
13301,20141106,-93.15,39.87,0.306,0.13,0,0,0.35,0.28,0,0,0.409,0.28,0,0.25,0.546,0.63,0,1,,,,,0.328,0.18,0,0,,,,
13301,20141107,-93.15,39.87,0.302,0.08,0,0,0.348,0.26,0,0,0.406,0.26,0,0.125,0.542,0.62,0,1,,,,,0.325,0.15,0,0,,,,
13301,20141108,-93.15,39.87,0.298,0.05,0,0,0.345,0.25,0,0,0.403,0.23,0,0.036,0.538,0.6,0,1,,,,,0.322,0.13,0,0,,,,
13301,20141109,-93.15,39.87,0.296,0.03,0,0,0.343,0.23,0,0,0.401,0.2,0,0.006,0.536,0.6,0,1,,,,,0.32,0.11,0,0,,,,
13301,20141110,-93.15,39.87,0.295,0.01,0,0,0.341,0.22,0,0,0.398,0.18,0,0,0.533,0.59,0,0.988,,,,,0.318,0.09,0,0,,,,
13301,20141111,-93.15,39.87,0.292,-0.01,0,0,0.338,0.2,0,0,0.396,0.15,0,0,0.53,0.58,0,0.976,,,,,0.315,0.06,0,0,,,,
13301,20141112,-93.15,39.87,0.29,-0.04,0,0,0.335,0.17,0,0,0.393,0.11,0,0,0.527,0.56,0,0.917,,,,,0.312,0.03,0,0,,,,
13301,20141113,-93.15,39.87,0.287,-0.08,0,0,0.332,0.13,0,0,0.389,0.08,0,0,0.525,0.55,0,0.827,,,,,0.309,-0.01,0,0,,,,
13301,20141114,-93.15,39.87,0.283,-0.11,0,0,0.328,0.08,0,0,0.386,0.04,0,0,0.522,0.53,0,0.702,,,,,0.306,-0.05,0,0,,,,
13301,20141115,-93.15,39.87,0.28,-0.15,0,0,0.325,0.04,0,0,0.383,0.01,0,0,0.52,0.52,0,0.56,,,,,0.302,-0.09,0,0,,,,
13301,20141116,-93.15,39.87,0.275,-0.2,0,0,0.321,0,0,0,0.38,-0.03,0,0,0.517,0.5,0,0.429,,,,,0.298,-0.13,0,0,,,,
13301,20141117,-93.15,39.87,0.273,-0.23,0,0,0.319,-0.04,0,0,0.377,-0.06,0,0,0.514,0.47,0,0.298,,,,,0.296,-0.16,0,0,,,,
13301,20141118,-93.15,39.87,0.271,-0.24,0,0,0.316,-0.09,0,0,0.374,-0.09,0,0,0.512,0.46,0,0.167,,,,,0.293,-0.19,0,0,,,,
13301,20141119,-93.15,39.87,0.269,-0.26,0,0,0.313,-0.12,0.012,0,0.372,-0.12,0,0,0.511,0.44,0,0.083,,,,,0.291,-0.21,0,0,,,,
13301,20141120,-93.15,39.87,0.268,-0.28,0.036,0,0.311,-0.15,0.095,0,0.37,-0.14,0,0,0.509,0.43,0,0.03,,,,,0.29,-0.23,0.054,0,,,,
13301,20141121,-93.15,39.87,0.267,-0.29,0.131,0,0.31,-0.18,0.22,0,0.368,-0.17,0,0,0.507,0.42,0,0.012,,,,,0.288,-0.24,0.19,0,,,,
13301,20141122,-93.15,39.87,0.266,-0.3,0.202,0,0.308,-0.2,0.321,0,0.366,-0.18,0,0,0.506,0.41,0,0.012,,,,,0.287,-0.25,0.274,0,,,,
13301,20141123,-93.15,39.87,0.266,-0.31,0.22,0,0.308,-0.21,0.333,0,0.366,-0.19,0,0,0.504,0.41,0,0,,,,,0.287,-0.26,0.274,0,,,,
13301,20141124,-93.15,39.87,0.276,-0.23,0.22,0.065,0.321,-0.03,0.333,0.137,0.375,-0.09,0,0.113,0.507,0.43,0,0.089,,,,,0.299,-0.13,0.274,0.131,,,,
13301,20141125,-93.15,39.87,0.29,-0.12,0.22,0.208,0.335,0.15,0.333,0.28,0.391,0.07,0,0.256,0.514,0.48,0,0.232,,,,,0.312,0.01,0.274,0.274,,,,
13301,20141126,-93.15,39.87,0.303,-0.01,0.22,0.304,0.347,0.29,0.321,0.423,0.403,0.19,0,0.399,0.521,0.53,0,0.375,,,,,0.325,0.14,0.274,0.417,,,,
13301,20141127,-93.15,39.87,0.318,0.1,0.185,0.411,0.36,0.46,0.238,0.565,0.415,0.31,0,0.542,0.529,0.58,0,0.518,,,,,0.339,0.28,0.22,0.56,,,,
13301,20141128,-93.15,39.87,0.333,0.21,0.089,0.554,0.373,0.62,0.113,0.708,0.428,0.44,0,0.685,0.536,0.63,0,0.661,,,,,0.353,0.42,0.083,0.702,,,,
13301,20141129,-93.15,39.87,0.349,0.33,0.018,0.696,0.386,0.77,0.012,0.851,0.44,0.55,0,0.827,0.545,0.69,0,0.804,,,,,0.367,0.55,0,0.845,,,,
13301,20141130,-93.15,39.87,0.364,0.44,0,0.815,0.398,0.91,0,0.994,0.452,0.66,0,0.97,0.554,0.75,0,0.946,,,,,0.381,0.68,0,0.988,,,,
13301,20141201,-93.15,39.87,0.368,0.44,0,0.774,0.395,0.84,0,1,0.452,0.64,0,1,0.558,0.79,0,1,,,,,0.381,0.66,0,1,,,,
13301,20141202,-93.15,39.87,0.368,0.41,0,0.631,0.391,0.77,0,1,0.445,0.56,0,0.94,0.559,0.8,0,1,,,,,0.379,0.61,0,0.863,,,,
13301,20141203,-93.15,39.87,0.368,0.39,0,0.536,0.388,0.73,0,0.887,0.442,0.51,0,0.804,0.56,0.82,0,1,,,,,0.378,0.57,0,0.72,,,,
13301,20141204,-93.15,39.87,0.368,0.36,0,0.429,0.385,0.67,0,0.744,0.438,0.46,0,0.661,0.56,0.82,0,1,,,,,0.376,0.52,0,0.577,,,,
13301,20141205,-93.15,39.87,0.367,0.33,0,0.286,0.382,0.61,0,0.601,0.434,0.41,0,0.518,0.56,0.82,0,1,,,,,0.374,0.47,0,0.435,,,,
13301,20141206,-93.15,39.87,0.37,0.33,0,0.268,0.385,0.62,0,0.595,0.437,0.41,0,0.494,0.561,0.82,0,1,,,,,0.378,0.46,0,0.423,,,,
13301,20141207,-93.15,39.87,0.374,0.33,0,0.274,0.389,0.63,0,0.595,0.442,0.44,0,0.494,0.562,0.83,0,1,,,,,0.381,0.46,0,0.423,,,,
13301,20141208,-93.15,39.87,0.378,0.34,0,0.375,0.394,0.64,0,0.595,0.449,0.48,0,0.494,0.562,0.82,0,1,,,,,0.386,0.46,0,0.423,,,,
13301,20141209,-93.15,39.87,0.383,0.35,0,0.506,0.4,0.66,0,0.595,0.455,0.51,0,0.554,0.563,0.82,0,1,,,,,0.391,0.47,0,0.494,,,,
13301,20141210,-93.15,39.87,0.389,0.36,0,0.524,0.404,0.67,0,0.655,0.461,0.53,0,0.69,0.565,0.82,0,1,,,,,0.396,0.48,0,0.494,,,,
13301,20141211,-93.15,39.87,0.394,0.38,0,0.524,0.409,0.67,0,0.655,0.466,0.55,0,0.768,0.566,0.81,0,1,,,,,0.401,0.48,0,0.494,,,,
13301,20141212,-93.15,39.87,0.398,0.38,0,0.524,0.413,0.67,0,0.655,0.471,0.57,0,0.774,0.567,0.8,0,0.988,,,,,0.405,0.48,0,0.494,,,,
13301,20141213,-93.15,39.87,0.398,0.36,0,0.399,0.41,0.61,0,0.518,0.469,0.53,0,0.655,0.568,0.78,0,0.988,,,,,0.404,0.44,0,0.363,,,,
13301,20141214,-93.15,39.87,0.397,0.34,0,0.274,0.407,0.55,0,0.375,0.464,0.47,0,0.512,0.569,0.75,0,0.988,,,,,0.402,0.4,0,0.22,,,,
13301,20141215,-93.15,39.87,0.396,0.32,0,0.179,0.405,0.5,0,0.262,0.461,0.43,0,0.387,0.57,0.73,0,0.988,,,,,0.401,0.36,0,0.077,,,,
13301,20141216,-93.15,39.87,0.405,0.35,0,0.19,0.415,0.54,0,0.262,0.467,0.46,0,0.387,0.571,0.71,0,0.988,,,,,0.41,0.4,0,0.143,,,,
13301,20141217,-93.15,39.87,0.412,0.39,0,0.315,0.428,0.61,0,0.315,0.476,0.51,0,0.387,0.572,0.7,0,0.988,,,,,0.42,0.44,0,0.286,,,,
13301,20141218,-93.15,39.87,0.417,0.41,0,0.458,0.437,0.65,0,0.458,0.487,0.57,0,0.452,0.573,0.69,0,0.988,,,,,0.427,0.47,0,0.429,,,,
13301,20141219,-93.15,39.87,0.422,0.44,0,0.601,0.445,0.68,0,0.601,0.496,0.62,0,0.589,0.574,0.68,0,1,,,,,0.434,0.5,0,0.571,,,,
13301,20141220,-93.15,39.87,0.429,0.48,0,0.744,0.456,0.73,0,0.744,0.507,0.69,0,0.732,0.574,0.67,0,0.988,,,,,0.443,0.55,0,0.714,,,,
13301,20141221,-93.15,39.87,0.439,0.54,0,0.887,0.469,0.8,0,0.887,0.519,0.76,0,0.875,0.575,0.66,0,0.976,,,,,0.454,0.62,0,0.857,,,,
13301,20141222,-93.15,39.87,0.448,0.59,0,1,0.48,0.86,0,1,0.53,0.83,0,1,0.576,0.64,0,0.94,,,,,0.464,0.68,0,1,,,,
13301,20141223,-93.15,39.87,0.455,0.63,0,1,0.483,0.87,0,1,0.532,0.84,0,1,0.576,0.63,0,0.929,,,,,0.469,0.71,0,1,,,,
13301,20141224,-93.15,39.87,0.468,0.73,0,1,0.486,0.88,0,1,0.533,0.84,0,1,0.575,0.62,0,0.923,,,,,0.477,0.77,0,1,,,,
13301,20141225,-93.15,39.87,0.483,0.83,0,1,0.493,0.92,0,1,0.534,0.84,0,1,0.575,0.61,0,0.917,,,,,0.488,0.86,0,1,,,,
13301,20141226,-93.15,39.87,0.493,0.9,0,1,0.5,0.97,0,1,0.536,0.85,0,1,0.575,0.61,0,0.893,,,,,0.497,0.92,0,1,,,,
13301,20141227,-93.15,39.87,0.5,0.94,0,1,0.505,1,0,1,0.538,0.86,0,1,0.575,0.61,0,0.887,,,,,0.503,0.96,0,1,,,,
13301,20141228,-93.15,39.87,0.503,0.96,0,1,0.508,1.01,0,1,0.539,0.86,0,1,0.575,0.62,0,0.899,,,,,0.506,0.98,0,1,,,,
13301,20141229,-93.15,39.87,0.503,0.96,0,1,0.508,1.01,0,1,0.54,0.85,0,1,0.575,0.63,0,0.929,,,,,0.506,0.98,0,1,,,,
13301,20141230,-93.15,39.87,0.493,0.89,0,1,0.503,0.97,0,1,0.539,0.84,0,1,0.575,0.64,0,0.94,,,,,0.498,0.92,0,0.958,,,,
13301,20141231,-93.15,39.87,0.475,0.75,0,0.863,0.492,0.89,0,0.929,0.532,0.79,0,0.994,0.575,0.64,0,0.94,,,,,0.483,0.8,0,0.815,,,,
13301,20150101,-93.15,39.87,0.457,0.61,0,0.72,0.477,0.78,0,0.786,0.521,0.7,0,0.857,0.574,0.64,0,0.929,,,,,0.467,0.68,0,0.673,,,,
13301,20150102,-93.15,39.87,0.445,0.52,0,0.577,0.461,0.66,0,0.643,0.509,0.61,0,0.714,0.573,0.63,0,0.935,,,,,0.453,0.57,0,0.53,,,,
13301,20150103,-93.15,39.87,0.434,0.44,0,0.435,0.445,0.54,0,0.5,0.496,0.51,0,0.571,0.572,0.64,0,0.946,,,,,0.44,0.47,0,0.387,,,,
13301,20150104,-93.15,39.87,0.426,0.37,0,0.292,0.431,0.43,0,0.357,0.483,0.42,0,0.429,0.571,0.64,0,0.946,,,,,0.428,0.38,0,0.244,,,,
13301,20150105,-93.15,39.87,0.421,0.33,0,0.149,0.419,0.33,0,0.214,0.472,0.33,0,0.286,0.57,0.64,0,0.952,,,,,0.42,0.31,0,0.101,,,,
13301,20150106,-93.15,39.87,0.418,0.3,0,0.006,0.41,0.26,0,0.071,0.461,0.25,0,0.143,0.569,0.64,0,0.952,,,,,0.414,0.26,0,0,,,,
13301,20150107,-93.15,39.87,0.416,0.29,0,0,0.404,0.21,0,0,0.454,0.2,0,0.006,0.568,0.64,0,0.958,,,,,0.41,0.23,0,0,,,,
13301,20150108,-93.15,39.87,0.415,0.27,0,0,0.401,0.18,0,0,0.451,0.17,0,0,0.568,0.64,0,0.976,,,,,0.408,0.21,0,0,,,,
13301,20150109,-93.15,39.87,0.413,0.25,0,0,0.399,0.15,0,0,0.449,0.15,0,0,0.568,0.64,0,0.994,,,,,0.407,0.2,0,0,,,,
13301,20150110,-93.15,39.87,,,,,0.396,0.12,0,0,0.447,0.13,0,0,0.567,0.64,0,1,,,,,,,,,,,,
13301,20150111,-93.15,39.87,,,,,0.391,0.08,0,0,0.443,0.1,0,0,0.567,0.63,0,1,,,,,,,,,,,,
13301,20150112,-93.15,39.87,,,,,0.386,0.03,0,0,0.438,0.05,0,0,0.566,0.62,0,0.994,,,,,,,,,,,,
13301,20150113,-93.15,39.87,,,,,0.381,-0.02,0,0,0.434,0.01,0,0,0.565,0.62,0,0.994,,,,,,,,,,,,
13301,20150114,-93.15,39.87,,,,,0.376,-0.06,0,0,0.43,-0.02,0,0,0.565,0.61,0,0.994,,,,,,,,,,,,
13301,20150115,-93.15,39.87,,,,,0.374,-0.08,0,0,0.426,-0.06,0,0,0.564,0.59,0,0.964,,,,,,,,,,,,
13301,20150116,-93.15,39.87,,,,,,,,,0.423,-0.09,0,0,0.564,0.55,0,0.845,,,,,,,,,,,,
13301,20150117,-93.15,39.87,,,,,,,,,0.421,-0.12,0,0,0.564,0.5,0,0.708,,,,,,,,,,,,
13301,20150118,-93.15,39.87,,,,,,,,,0.419,-0.14,0,0,0.563,0.45,0,0.571,,,,,,,,,,,,
13301,20150119,-93.15,39.87,,,,,,,,,0.417,-0.16,0,0,0.564,0.41,0,0.452,,,,,,,,,,,,
13301,20150120,-93.15,39.87,,,,,,,,,0.417,-0.17,0,0,0.564,0.37,0,0.363,,,,,,,,,,,,
13301,20150121,-93.15,39.87,,,,,,,,,0.416,-0.18,0,0,0.564,0.33,0,0.256,,,,,,,,,,,,
13301,20150122,-93.15,39.87,,,,,,,,,0.415,-0.19,0,0,0.564,0.31,0,0.202,,,,,,,,,,,,
13301,20150123,-93.15,39.87,,,,,,,,,0.416,-0.19,0,0,0.563,0.29,0,0.196,,,,,,,,,,,,
13301,20150124,-93.15,39.87,,,,,,,,,0.416,-0.19,0,0,0.562,0.29,0,0.22,,,,,,,,,,,,
13301,20150125,-93.15,39.87,,,,,,,,,0.418,-0.18,0,0,0.562,0.29,0,0.256,,,,,,,,,,,,
13301,20150126,-93.15,39.87,,,,,0.376,-0.19,0.02,0,0.421,-0.15,0,0,0.561,0.29,0,0.274,,,,,,,,,,,,
13301,20150127,-93.15,39.87,,,,,0.381,-0.16,0.018,0,0.426,-0.12,0,0,0.56,0.29,0,0.25,,,,,,,,,,,,
13301,20150128,-93.15,39.87,0.372,-0.23,0.552,0,0.387,-0.14,0.018,0,0.432,-0.08,0,0,0.56,0.29,0,0.25,,,,,0.38,-0.21,0.558,0,,,,
13301,20150129,-93.15,39.87,0.378,-0.19,0.443,0,0.393,-0.11,0.018,0,0.438,-0.04,0,0,0.56,0.29,0,0.25,,,,,0.386,-0.18,0.449,0,,,,
13301,20150130,-93.15,39.87,0.385,-0.15,0.304,0,0.399,-0.08,0.012,0,0.444,-0.01,0,0,0.561,0.3,0,0.292,,,,,0.392,-0.15,0.31,0,,,,
13301,20150131,-93.15,39.87,0.39,-0.12,0.161,0,0.404,-0.07,0.012,0,0.449,0.01,0,0,0.561,0.3,0,0.31,,,,,0.397,-0.13,0.167,0,,,,
13301,20150201,-93.15,39.87,0.407,0,0.018,0.083,0.417,0.02,0,0.089,0.459,0.08,0,0.06,0.562,0.31,0,0.333,,,,,0.412,-0.02,0.024,0.083,,,,
13301,20150202,-93.15,39.87,0.429,0.16,0,0.226,0.431,0.12,0,0.232,0.47,0.17,0,0.202,0.562,0.31,0,0.381,,,,,0.43,0.11,0,0.226,,,,
13301,20150203,-93.15,39.87,0.448,0.29,0,0.369,0.445,0.23,0,0.375,0.48,0.24,0,0.345,0.563,0.32,0,0.417,,,,,0.447,0.24,0,0.369,,,,
13301,20150204,-93.15,39.87,0.466,0.42,0,0.512,0.459,0.33,0,0.518,0.49,0.32,0,0.488,0.564,0.33,0,0.446,,,,,0.462,0.36,0,0.512,,,,
13301,20150205,-93.15,39.87,0.48,0.52,0,0.655,0.473,0.42,0,0.661,0.499,0.4,0,0.631,0.564,0.33,0,0.47,,,,,0.476,0.47,0,0.655,,,,
13301,20150206,-93.15,39.87,0.492,0.61,0,0.774,0.484,0.51,0,0.804,0.509,0.49,0,0.774,0.565,0.34,0,0.494,,,,,0.488,0.56,0,0.792,,,,
13301,20150207,-93.15,39.87,0.508,0.74,0,0.917,0.497,0.6,0,0.929,0.519,0.58,0,0.917,0.566,0.35,0,0.518,,,,,0.502,0.68,0,0.935,,,,
13301,20150208,-93.15,39.87,0.515,0.81,0,0.976,0.502,0.64,0,0.982,0.523,0.63,0,1,0.567,0.35,0,0.536,,,,,0.509,0.74,0,0.994,,,,
13301,20150209,-93.15,39.87,0.517,0.84,0,0.976,0.503,0.64,0,0.982,0.524,0.65,0,1,0.568,0.36,0,0.548,,,,,0.51,0.76,0,0.994,,,,
13301,20150210,-93.15,39.87,0.518,0.86,0,0.976,0.503,0.63,0,0.982,0.526,0.66,0,1,0.568,0.36,0,0.554,,,,,0.51,0.78,0,0.994,,,,
13301,20150211,-93.15,39.87,0.517,0.88,0,0.976,0.503,0.63,0,0.982,0.527,0.68,0,1,0.568,0.36,0,0.571,,,,,0.51,0.79,0,0.994,,,,
13301,20150212,-93.15,39.87,0.515,0.88,0,0.97,0.503,0.62,0,0.97,0.527,0.69,0,1,0.569,0.37,0,0.595,,,,,0.509,0.79,0,0.982,,,,
13301,20150213,-93.15,39.87,0.51,0.85,0,0.863,0.497,0.57,0,0.827,0.527,0.69,0,0.982,0.57,0.37,0,0.631,,,,,0.503,0.74,0,0.845,,,,
13301,20150214,-93.15,39.87,0.502,0.8,0,0.768,0.491,0.51,0,0.702,0.524,0.66,0,0.851,0.57,0.38,0,0.649,,,,,0.496,0.69,0,0.702,,,,
13301,20150215,-93.15,39.87,0.491,0.71,0,0.667,0.482,0.43,0,0.56,0.519,0.61,0,0.708,0.57,0.38,0,0.679,,,,,0.486,0.6,0,0.56,,,,
13301,20150216,-93.15,39.87,0.474,0.58,0,0.524,0.467,0.3,0,0.417,0.509,0.5,0,0.565,0.57,0.38,0,0.696,,,,,0.471,0.46,0,0.417,,,,
13301,20150217,-93.15,39.87,0.455,0.43,0,0.381,0.451,0.15,0,0.274,0.498,0.37,0,0.423,0.57,0.39,0,0.744,,,,,0.453,0.31,0,0.274,,,,
13301,20150218,-93.15,39.87,0.439,0.3,0,0.238,0.434,-0.01,0.024,0.131,0.486,0.23,0.006,0.28,0.57,0.4,0,0.768,,,,,0.436,0.16,0,0.131,,,,
13301,20150219,-93.15,39.87,0.422,0.17,0.012,0.101,0.418,-0.16,0.024,0,0.473,0.08,0.06,0.137,0.569,0.4,0,0.78,,,,,0.42,0.02,0.018,0,,,,
13301,20150220,-93.15,39.87,0.408,0.05,0.155,0.089,0.407,-0.26,0.083,0,0.461,-0.05,0.196,0.012,0.569,0.39,0,0.744,,,,,0.407,-0.09,0.155,0,,,,
13301,20150221,-93.15,39.87,0.393,-0.07,0.263,0.044,0.397,-0.34,0.214,0,0.451,-0.18,0.339,0,0.568,0.39,0,0.732,,,,,0.396,-0.19,0.263,0,,,,
13301,20150222,-93.15,39.87,0.383,-0.15,0.311,0,0.395,-0.36,0.25,0,0.447,-0.22,0.369,0,0.568,0.39,0,0.696,,,,,0.388,-0.24,0.311,0,,,,
13301,20150223,-93.15,39.87,0.376,-0.2,0.324,0,0.398,-0.32,0.25,0,0.449,-0.19,0.369,0,0.568,0.38,0,0.613,,,,,0.386,-0.25,0.324,0,,,,
13301,20150224,-93.15,39.87,,,,,0.399,-0.31,0.256,0,0.449,-0.19,0.369,0,0.568,0.36,0,0.506,,,,,,,,,,,,
13301,20150225,-93.15,39.87,,,,,0.401,-0.28,0.271,0,0.449,-0.19,0.363,0,0.568,0.34,0,0.399,,,,,,,,,,,,
13301,20150226,-93.15,39.87,,,,,,,,,0.449,-0.19,0.351,0,0.568,0.31,0,0.28,,,,,,,,,,,,
13301,20150227,-93.15,39.87,,,,,,,,,0.449,-0.19,0.351,0,0.568,0.28,0,0.202,,,,,,,,,,,,
13301,20150228,-93.15,39.87,,,,,,,,,0.449,-0.2,0.351,0,0.568,0.25,0,0.131,,,,,,,,,,,,
13301,20150301,-93.15,39.87,,,,,,,,,0.443,-0.26,0.464,0,0.568,0.22,0,0.054,,,,,,,,,,,,
13301,20150302,-93.15,39.87,,,,,,,,,0.437,-0.35,0.607,0,0.567,0.19,0,0.024,,,,,,,,,,,,
13301,20150303,-93.15,39.87,,,,,,,,,0.434,-0.4,0.75,0,0.567,0.16,0,0.012,,,,,,,,,,,,
13301,20150304,-93.15,39.87,,,,,,,,,0.431,-0.45,0.893,0,0.566,0.14,0,0.012,,,,,,,,,,,,
13301,20150305,-93.15,39.87,,,,,,,,,0.428,-0.49,0.994,0,0.566,0.12,0,0.012,,,,,,,,,,,,
13301,20150306,-93.15,39.87,,,,,,,,,0.427,-0.52,1,0,0.565,0.11,0,0.006,,,,,,,,,,,,
13301,20150307,-93.15,39.87,,,,,,,,,0.425,-0.56,1,0,0.563,0.08,0,0,,,,,,,,,,,,
13301,20150308,-93.15,39.87,,,,,,,,,0.424,-0.59,1,0,0.562,0.06,0,0,,,,,,,,,,,,
13301,20150309,-93.15,39.87,,,,,,,,,0.423,-0.61,1,0,0.561,0.05,0,0,,,,,,,,,,,,
13301,20150310,-93.15,39.87,,,,,,,,,0.422,-0.62,1,0,0.56,0.03,0,0,,,,,,,,,,,,
13301,20150311,-93.15,39.87,,,,,,,,,0.424,-0.62,0.958,0,0.559,0.01,0,0,,,,,,,,,,,,
13301,20150312,-93.15,39.87,,,,,,,,,0.427,-0.59,0.911,0,0.558,0,0,0,,,,,,,,,,,,
13301,20150313,-93.15,39.87,,,,,,,,,0.431,-0.57,0.786,0,0.557,-0.02,0,0,,,,,,,,,,,,
13301,20150314,-93.15,39.87,,,,,,,,,0.436,-0.53,0.702,0,0.558,-0.03,0,0,,,,,,,,,,,,
13301,20150315,-93.15,39.87,,,,,,,,,0.442,-0.49,0.619,0,0.559,-0.02,0,0,,,,,,,,,,,,
13301,20150316,-93.15,39.87,,,,,,,,,0.446,-0.47,0.613,0,0.56,-0.02,0,0,,,,,,,,,,,,
13301,20150317,-93.15,39.87,0.408,-0.1,0.022,0,0.407,-0.36,0.496,0,0.45,-0.46,0.613,0,0.562,-0.01,0,0,,,,,0.407,-0.22,0.259,0,,,,
13301,20150318,-93.15,39.87,0.404,-0.13,0.118,0,0.403,-0.4,0.572,0,0.451,-0.47,0.655,0,0.564,0.01,0,0,,,,,0.403,-0.26,0.371,0,,,,
13301,20150319,-93.15,39.87,0.395,-0.21,0.256,0,0.396,-0.47,0.685,0,0.45,-0.51,0.702,0,0.566,0.03,0,0,,,,,0.395,-0.33,0.494,0,,,,
13301,20150320,-93.15,39.87,0.389,-0.27,0.399,0,0.389,-0.54,0.827,0,0.448,-0.56,0.827,0,0.568,0.05,0,0,,,,,0.389,-0.4,0.637,0,,,,
13301,20150321,-93.15,39.87,0.386,-0.3,0.542,0,0.385,-0.59,0.97,0,0.445,-0.62,0.911,0,0.57,0.06,0,0,,,,,0.385,-0.44,0.78,0,,,,
13301,20150322,-93.15,39.87,0.383,-0.33,0.685,0,0.381,-0.62,1,0,0.443,-0.68,0.994,0,0.571,0.07,0,0,,,,,0.382,-0.48,0.923,0,,,,
13301,20150323,-93.15,39.87,0.38,-0.37,0.827,0,0.378,-0.66,1,0,0.441,-0.73,1,0,0.572,0.08,0,0,,,,,0.379,-0.51,1,0,,,,
13301,20150324,-93.15,39.87,0.38,-0.38,0.923,0.018,0.379,-0.66,0.97,0,0.441,-0.76,0.976,0,0.573,0.09,0,0,,,,,0.379,-0.52,0.97,0.018,,,,
13301,20150325,-93.15,39.87,0.403,-0.19,0.827,0.161,0.395,-0.5,0.827,0.048,0.453,-0.64,0.833,0,0.574,0.1,0,0.012,,,,,0.399,-0.34,0.827,0.161,,,,
13301,20150326,-93.15,39.87,0.427,0,0.685,0.304,0.414,-0.32,0.685,0.19,0.465,-0.51,0.69,0,0.575,0.11,0,0.036,,,,,0.42,-0.15,0.685,0.304,,,,
13301,20150327,-93.15,39.87,0.446,0.16,0.542,0.446,0.432,-0.14,0.542,0.333,0.479,-0.35,0.548,0,0.576,0.12,0,0.036,,,,,0.439,0.02,0.542,0.446,,,,
13301,20150328,-93.15,39.87,0.458,0.26,0.399,0.47,0.447,0.02,0.399,0.405,0.492,-0.2,0.405,0,0.578,0.13,0,0.036,,,,,0.453,0.14,0.399,0.464,,,,
13301,20150329,-93.15,39.87,0.467,0.34,0.256,0.47,0.46,0.15,0.256,0.405,0.504,-0.04,0.262,0,0.579,0.14,0,0.036,,,,,0.463,0.25,0.256,0.464,,,,
13301,20150330,-93.15,39.87,0.475,0.41,0.113,0.47,0.47,0.26,0.113,0.405,0.514,0.09,0.119,0,0.58,0.15,0,0.036,,,,,0.473,0.34,0.113,0.464,,,,
13301,20150331,-93.15,39.87,0.478,0.44,0,0.452,0.474,0.32,0,0.405,0.519,0.17,0.03,0,0.581,0.15,0,0.036,,,,,0.476,0.39,0,0.446,,,,
13301,20150401,-93.15,39.87,0.458,0.27,0.024,0.31,0.461,0.2,0.077,0.357,0.51,0.1,0.161,0,0.581,0.15,0,0.024,,,,,0.459,0.25,0.036,0.304,,,,
13301,20150402,-93.15,39.87,0.436,0.09,0.161,0.167,0.445,0.07,0.214,0.214,0.5,0.01,0.304,0,0.581,0.15,0,0,,,,,0.441,0.09,0.173,0.161,,,,
13301,20150403,-93.15,39.87,0.425,0,0.161,0.024,0.437,0.01,0.214,0.071,0.497,0.01,0.304,0.048,0.582,0.16,0,0,,,,,0.431,0.01,0.173,0.018,,,,
13301,20150404,-93.15,39.87,0.418,-0.04,0.161,0,0.429,-0.06,0.214,0,0.492,-0.01,0.304,0.048,0.583,0.16,0,0,,,,,0.423,-0.04,0.173,0,,,,
13301,20150405,-93.15,39.87,0.413,-0.08,0.161,0,0.42,-0.13,0.214,0,0.483,-0.07,0.304,0.048,0.584,0.17,0,0.006,,,,,0.417,-0.09,0.173,0,,,,
13301,20150406,-93.15,39.87,0.409,-0.12,0.161,0,0.413,-0.18,0.357,0,0.476,-0.12,0.369,0.048,0.584,0.17,0,0.006,,,,,0.411,-0.13,0.185,0,,,,
13301,20150407,-93.15,39.87,0.406,-0.13,0.161,0,0.409,-0.2,0.488,0,0.472,-0.13,0.47,0.048,0.584,0.17,0,0.006,,,,,0.408,-0.15,0.208,0,,,,
13301,20150408,-93.15,39.87,0.409,-0.09,0.137,0,0.412,-0.15,0.411,0,0.473,-0.09,0.339,0.048,0.585,0.17,0,0.006,,,,,0.411,-0.1,0.173,0,,,,
13301,20150409,-93.15,39.87,0.413,-0.04,0,0,0.414,-0.11,0.274,0,0.475,-0.03,0.196,0.048,0.586,0.18,0,0.012,,,,,0.414,-0.06,0.036,0,,,,
13301,20150410,-93.15,39.87,0.41,-0.05,0,0,0.409,-0.14,0.274,0,0.469,-0.08,0.196,0,0.586,0.18,0,0.018,,,,,0.409,-0.08,0.036,0,,,,
13301,20150411,-93.15,39.87,0.406,-0.06,0,0,0.405,-0.16,0.274,0,0.464,-0.12,0.196,0,0.586,0.18,0,0.018,,,,,0.406,-0.1,0.036,0,,,,
13301,20150412,-93.15,39.87,0.403,-0.07,0,0,0.402,-0.15,0.274,0,0.462,-0.12,0.196,0,0.586,0.18,0,0.012,,,,,0.403,-0.1,0.036,0,,,,
13301,20150413,-93.15,39.87,0.405,-0.03,0,0.03,0.403,-0.11,0.131,0.03,0.463,-0.09,0.131,0.024,0.586,0.18,0,0.012,,,,,0.404,-0.06,0.024,0.03,,,,
13301,20150414,-93.15,39.87,0.423,0.17,0,0.173,0.419,0.08,0,0.173,0.474,0.08,0,0.167,0.587,0.19,0,0.018,,,,,0.421,0.13,0,0.173,,,,
13301,20150415,-93.15,39.87,0.428,0.24,0,0.303,0.425,0.19,0,0.303,0.483,0.19,0,0.297,0.588,0.19,0,0.024,,,,,0.427,0.22,0,0.303,,,,
13301,20150416,-93.15,39.87,0.432,0.3,0,0.448,0.431,0.28,0,0.448,0.488,0.28,0,0.442,0.588,0.2,0,0.024,,,,,0.431,0.3,0,0.448,,,,
13301,20150417,-93.15,39.87,0.434,0.34,0,0.594,0.432,0.32,0,0.467,0.49,0.33,0,0.515,0.588,0.2,0,0.036,,,,,0.433,0.35,0,0.582,,,,
13301,20150418,-93.15,39.87,0.436,0.38,0,0.612,0.434,0.36,0,0.467,0.491,0.36,0,0.515,0.588,0.2,0,0.036,,,,,0.435,0.39,0,0.582,,,,
13301,20150419,-93.15,39.87,0.449,0.51,0,0.715,0.444,0.49,0,0.564,0.499,0.47,0,0.612,0.588,0.2,0,0.04,,,,,0.446,0.52,0,0.685,,,,
13301,20150420,-93.15,39.87,0.46,0.62,0,0.83,0.456,0.63,0,0.679,0.509,0.6,0,0.733,,,,,,,,,0.458,0.65,0,0.8,,,,
13301,20150421,-93.15,39.87,0.45,0.53,0,0.83,0.45,0.57,0,0.679,0.506,0.58,0,0.733,,,,,,,,,0.45,0.57,0,0.8,,,,
13301,20150422,-93.15,39.87,0.445,0.49,0,0.804,0.443,0.5,0,0.565,0.499,0.51,0,0.667,,,,,,,,,0.444,0.51,0,0.714,,,,
13301,20150423,-93.15,39.87,0.44,0.45,0,0.661,0.437,0.44,0,0.423,0.493,0.45,0,0.524,,,,,,,,,0.439,0.47,0,0.571,,,,
13301,20150424,-93.15,39.87,0.436,0.42,0,0.518,0.433,0.41,0,0.405,0.489,0.41,0,0.452,,,,,,,,,0.434,0.44,0,0.44,,,,
13301,20150425,-93.15,39.87,0.432,0.4,0,0.518,0.432,0.4,0,0.423,0.488,0.41,0,0.47,,,,,,,,,0.432,0.42,0,0.458,,,,
13301,20150426,-93.15,39.87,0.439,0.46,0,0.56,0.436,0.45,0,0.47,0.49,0.45,0,0.518,,,,,,,,,0.437,0.47,0,0.5,,,,
13301,20150427,-93.15,39.87,0.439,0.47,0,0.56,0.436,0.45,0,0.47,0.49,0.46,0,0.518,,,,,,,,,0.437,0.48,0,0.5,,,,
13301,20150428,-93.15,39.87,0.438,0.48,0,0.56,0.435,0.45,0,0.47,0.489,0.46,0,0.518,,,,,,,,,0.436,0.48,0,0.5,,,,
13301,20150429,-93.15,39.87,0.437,0.48,0,0.589,0.434,0.45,0,0.488,0.489,0.47,0,0.583,,,,,,,,,0.435,0.48,0,0.589,,,,
13301,20150430,-93.15,39.87,0.435,0.49,0,0.637,0.434,0.46,0,0.488,0.489,0.48,0,0.643,,,,,,,,,0.434,0.49,0,0.625,,,,
13301,20150501,-93.15,39.87,0.432,0.48,0,0.637,0.433,0.47,0,0.488,0.489,0.49,0,0.643,,,,,,,,,0.433,0.49,0,0.625,,,,
13301,20150502,-93.15,39.87,0.426,0.44,0,0.619,0.431,0.47,0,0.47,0.488,0.49,0,0.625,,,,,,,,,0.428,0.47,0,0.607,,,,
13301,20150503,-93.15,39.87,0.4,0.25,0,0.476,0.416,0.33,0,0.327,0.477,0.38,0,0.482,,,,,,,,,0.408,0.3,0,0.464,,,,
13301,20150504,-93.15,39.87,0.375,0.07,0.006,0.333,0.398,0.17,0,0.185,0.463,0.24,0,0.339,,,,,,,,,0.386,0.12,0,0.321,,,,
13301,20150505,-93.15,39.87,0.352,-0.09,0.149,0.19,0.384,0.06,0,0.042,0.451,0.12,0,0.196,,,,,,,,,0.368,-0.02,0,0.179,,,,
13301,20150506,-93.15,39.87,0.331,-0.23,0.292,0.048,0.374,-0.03,0,0,0.443,0.05,0,0.06,,,,,,,,,0.352,-0.14,0.107,0.036,,,,
13301,20150507,-93.15,39.87,0.311,-0.37,0.435,0,0.363,-0.11,0,0,0.434,-0.03,0,0,,,,,,,,,0.337,-0.25,0.25,0,,,,
13301,20150508,-93.15,39.87,0.292,-0.49,0.577,0,0.351,-0.19,0.095,0,0.424,-0.11,0.083,0,,,,,,,,,0.322,-0.36,0.393,0,,,,
13301,20150509,-93.15,39.87,0.279,-0.57,0.72,0,0.34,-0.28,0.238,0,0.413,-0.2,0.226,0,,,,,,,,,0.309,-0.45,0.536,0,,,,
13301,20150510,-93.15,39.87,0.267,-0.64,0.863,0,0.328,-0.36,0.381,0,0.402,-0.3,0.369,0,,,,,,,,,0.298,-0.53,0.679,0,,,,
13301,20150511,-93.15,39.87,0.269,-0.63,0.899,0,0.319,-0.43,0.524,0,0.392,-0.38,0.512,0,,,,,,,,,0.294,-0.56,0.72,0,,,,
13301,20150512,-93.15,39.87,0.275,-0.59,0.756,0,0.31,-0.49,0.667,0,0.382,-0.46,0.655,0,,,,,,,,,0.292,-0.57,0.786,0,,,,
13301,20150513,-93.15,39.87,0.278,-0.56,0.726,0,0.303,-0.54,0.81,0,0.373,-0.53,0.798,0,,,,,,,,,0.29,-0.58,0.821,0,,,,
13301,20150514,-93.15,39.87,0.279,-0.55,0.726,0,0.296,-0.59,0.952,0,0.364,-0.59,0.94,0,,,,,,,,,0.288,-0.59,0.821,0,,,,
13301,20150515,-93.15,39.87,0.291,-0.47,0.589,0,0.293,-0.6,1,0,0.358,-0.63,1,0,,,,,,,,,0.292,-0.56,0.815,0,,,,
13301,20150516,-93.15,39.87,0.301,-0.41,0.446,0,0.292,-0.61,1,0,0.353,-0.66,1,0,,,,,,,,,0.297,-0.53,0.774,0,,,,
13301,20150517,-93.15,39.87,0.314,-0.33,0.304,0,0.294,-0.6,0.97,0,0.35,-0.68,0.976,0,,,,,,,,,0.304,-0.47,0.69,0,,,,
13301,20150518,-93.15,39.87,0.323,-0.28,0.262,0,0.302,-0.54,0.827,0,0.353,-0.65,0.833,0,,,,,,,,,0.313,-0.42,0.649,0,,,,
13301,20150519,-93.15,39.87,0.327,-0.26,0.262,0,0.308,-0.5,0.685,0,0.356,-0.63,0.69,0,,,,,,,,,0.318,-0.39,0.583,0,,,,
13301,20150520,-93.15,39.87,0.333,-0.22,0.149,0,0.314,-0.46,0.542,0,0.358,-0.6,0.577,0,,,,,,,,,0.323,-0.35,0.44,0,,,,
13301,20150521,-93.15,39.87,0.351,-0.12,0.006,0,0.325,-0.38,0.399,0,0.365,-0.55,0.452,0,,,,,,,,,0.338,-0.25,0.298,0,,,,
13301,20150522,-93.15,39.87,0.357,-0.08,0,0,0.333,-0.33,0.256,0,0.372,-0.5,0.31,0,,,,,,,,,0.345,-0.2,0.161,0,,,,
13301,20150523,-93.15,39.87,0.361,-0.05,0,0,0.339,-0.28,0.113,0,0.377,-0.47,0.167,0,,,,,,,,,0.35,-0.16,0.06,0,,,,
13301,20150524,-93.15,39.87,0.363,-0.03,0,0.018,0.345,-0.24,0,0,0.383,-0.42,0.054,0,,,,,,,,,0.354,-0.14,0,0.018,,,,
13301,20150525,-93.15,39.87,0.381,0.08,0,0.161,0.365,-0.1,0,0.143,0.402,-0.28,0.054,0.143,,,,,,,,,0.373,-0.01,0,0.161,,,,
13301,20150526,-93.15,39.87,0.403,0.21,0,0.304,0.391,0.08,0,0.286,0.425,-0.1,0.054,0.286,,,,,,,,,0.397,0.15,0,0.304,,,,
13301,20150527,-93.15,39.87,0.423,0.33,0,0.446,0.415,0.24,0,0.429,0.448,0.07,0.024,0.429,,,,,,,,,0.419,0.29,0,0.446,,,,
13301,20150528,-93.15,39.87,0.429,0.37,0,0.542,0.426,0.32,0,0.542,0.463,0.19,0.006,0.571,,,,,,,,,0.428,0.35,0,0.571,,,,
13301,20150529,-93.15,39.87,0.441,0.44,0,0.649,0.442,0.43,0,0.637,0.48,0.32,0.006,0.714,,,,,,,,,0.441,0.44,0,0.679,,,,
13301,20150530,-93.15,39.87,0.456,0.53,0,0.792,0.462,0.57,0,0.78,0.502,0.49,0.006,0.857,,,,,,,,,0.459,0.56,0,0.821,,,,
13301,20150531,-93.15,39.87,0.469,0.6,0,0.917,0.478,0.67,0,0.923,0.519,0.63,0,1,,,,,,,,,0.473,0.65,0,0.946,,,,
13301,20150601,-93.15,39.87,0.457,0.54,0,0.863,0.468,0.6,0,0.875,0.514,0.59,0,1,,,,,,,,,0.462,0.58,0,0.911,,,,
13301,20150602,-93.15,39.87,0.443,0.46,0,0.72,0.452,0.5,0,0.732,0.503,0.51,0,0.881,,,,,,,,,0.447,0.49,0,0.768,,,,
13301,20150603,-93.15,39.87,0.431,0.4,0,0.577,0.439,0.41,0,0.589,0.492,0.43,0,0.738,,,,,,,,,0.435,0.42,0,0.625,,,,
13301,20150604,-93.15,39.87,0.434,0.42,0,0.607,0.442,0.43,0,0.601,0.495,0.44,0,0.714,,,,,,,,,0.438,0.43,0,0.625,,,,
13301,20150605,-93.15,39.87,0.437,0.44,0,0.643,0.447,0.46,0,0.649,0.499,0.47,0,0.714,,,,,,,,,0.442,0.46,0,0.661,,,,
13301,20150606,-93.15,39.87,0.435,0.43,0,0.643,0.445,0.44,0,0.649,0.497,0.44,0,0.714,,,,,,,,,0.44,0.44,0,0.661,,,,
13301,20150607,-93.15,39.87,0.432,0.42,0,0.643,0.44,0.41,0,0.571,0.493,0.41,0,0.714,,,,,,,,,0.436,0.42,0,0.661,,,,
13301,20150608,-93.15,39.87,0.44,0.47,0,0.631,0.445,0.44,0,0.548,0.496,0.42,0,0.643,,,,,,,,,0.443,0.47,0,0.631,,,,
13301,20150609,-93.15,39.87,0.454,0.56,0,0.774,0.461,0.53,0,0.69,0.507,0.48,0,0.762,,,,,,,,,0.457,0.56,0,0.774,,,,
13301,20150610,-93.15,39.87,0.463,0.61,0,0.917,0.47,0.59,0,0.833,0.516,0.54,0,0.905,,,,,,,,,0.467,0.62,0,0.917,,,,
13301,20150611,-93.15,39.87,0.459,0.59,0,0.929,0.465,0.56,0,0.762,0.511,0.51,0,0.875,,,,,,,,,0.462,0.6,0,0.929,,,,
13301,20150612,-93.15,39.87,0.459,0.6,0,0.845,0.459,0.53,0,0.679,0.506,0.47,0,0.792,,,,,,,,,0.459,0.59,0,0.845,,,,
13301,20150613,-93.15,39.87,0.47,0.66,0,0.845,0.468,0.59,0,0.679,0.51,0.48,0,0.792,,,,,,,,,0.469,0.65,0,0.845,,,,
13301,20150614,-93.15,39.87,0.48,0.71,0,0.845,0.482,0.67,0,0.756,0.519,0.53,0,0.792,,,,,,,,,0.481,0.73,0,0.845,,,,
13301,20150615,-93.15,39.87,0.484,0.74,0,0.911,0.489,0.72,0,0.827,0.526,0.57,0,0.863,,,,,,,,,0.487,0.77,0,0.911,,,,
13301,20150616,-93.15,39.87,0.491,0.78,0,0.911,0.49,0.73,0,0.827,0.527,0.57,0,0.863,,,,,,,,,0.49,0.8,0,0.911,,,,
13301,20150617,-93.15,39.87,0.501,0.85,0,0.911,0.497,0.78,0,0.827,0.531,0.59,0,0.863,,,,,,,,,0.499,0.87,0,0.911,,,,
13301,20150618,-93.15,39.87,0.509,0.91,0,0.917,0.509,0.86,0,0.917,0.54,0.65,0,0.917,,,,,,,,,0.509,0.94,0,0.917,,,,
13301,20150619,-93.15,39.87,0.509,0.92,0,1,0.513,0.89,0,1,0.544,0.67,0,1,,,,,,,,,0.511,0.97,0,1,,,,
13301,20150620,-93.15,39.87,0.499,0.88,0,1,0.503,0.84,0,1,0.537,0.63,0,1,,,,,,,,,0.501,0.92,0,1,,,,
13301,20150621,-93.15,39.87,0.491,0.85,0,1,0.491,0.77,0,1,0.529,0.59,0,0.994,,,,,,,,,0.491,0.87,0,1,,,,
13301,20150622,-93.15,39.87,0.486,0.83,0,1,0.486,0.75,0,1,0.528,0.58,0,0.994,,,,,,,,,0.486,0.85,0,1,,,,
13301,20150623,-93.15,39.87,0.479,0.8,0,1,0.482,0.73,0,1,0.527,0.58,0,0.994,,,,,,,,,0.481,0.83,0,1,,,,
13301,20150624,-93.15,39.87,0.478,0.8,0,1,0.481,0.73,0,1,0.528,0.58,0,0.994,,,,,,,,,0.48,0.82,0,1,,,,
13301,20150625,-93.15,39.87,0.477,0.79,0,1,0.479,0.72,0,1,0.527,0.57,0,0.994,,,,,,,,,0.478,0.81,0,1,,,,
13301,20150626,-93.15,39.87,0.483,0.83,0,1,0.48,0.72,0,1,0.529,0.58,0,0.994,,,,,,,,,0.482,0.83,0,1,,,,
13301,20150627,-93.15,39.87,0.498,0.9,0,1,0.49,0.78,0,1,0.537,0.62,0,0.994,,,,,,,,,0.494,0.9,0,1,,,,
13301,20150628,-93.15,39.87,0.507,0.95,0,1,0.501,0.84,0,1,0.546,0.66,0,1,,,,,,,,,0.504,0.96,0,1,,,,
13301,20150629,-93.15,39.87,0.507,0.94,0,1,0.5,0.84,0,1,0.545,0.66,0,1,,,,,,,,,0.503,0.95,0,1,,,,
13301,20150630,-93.15,39.87,0.499,0.89,0,1,0.493,0.8,0,1,0.539,0.62,0,1,,,,,,,,,0.496,0.9,0,1,,,,
13301,20150701,-93.15,39.87,0.489,0.83,0,1,0.482,0.73,0,1,0.531,0.58,0,0.946,,,,,,,,,0.486,0.83,0,1,,,,
13301,20150702,-93.15,39.87,0.488,0.82,0,1,0.481,0.72,0,1,0.53,0.57,0,0.946,,,,,,,,,0.485,0.81,0,1,,,,
13301,20150703,-93.15,39.87,0.482,0.78,0,1,0.478,0.7,0,1,0.528,0.55,0,0.946,,,,,,,,,0.48,0.78,0,1,,,,
13301,20150704,-93.15,39.87,0.467,0.7,0,1,0.467,0.64,0,1,0.52,0.51,0,0.893,,,,,,,,,0.467,0.71,0,1,,,,
13301,20150705,-93.15,39.87,0.456,0.64,0,1,0.455,0.56,0,0.893,0.51,0.45,0,0.75,,,,,,,,,0.456,0.64,0,1,,,,
13301,20150706,-93.15,39.87,0.448,0.6,0,0.988,0.446,0.5,0,0.75,0.501,0.4,0,0.607,,,,,,,,,0.447,0.59,0,0.946,,,,
13301,20150707,-93.15,39.87,0.444,0.59,0,0.929,0.444,0.49,0,0.685,0.498,0.38,0,0.47,,,,,,,,,0.444,0.58,0,0.881,,,,
13301,20150708,-93.15,39.87,0.444,0.59,0,0.929,0.445,0.5,0,0.685,0.499,0.38,0,0.482,,,,,,,,,0.444,0.58,0,0.881,,,,
13301,20150709,-93.15,39.87,0.441,0.58,0,0.929,0.44,0.47,0,0.685,0.494,0.35,0,0.452,,,,,,,,,0.44,0.56,0,0.881,,,,
13301,20150710,-93.15,39.87,0.438,0.57,0,0.929,0.437,0.45,0,0.685,0.491,0.33,0,0.446,,,,,,,,,0.437,0.55,0,0.881,,,,
13301,20150711,-93.15,39.87,0.436,0.57,0,0.929,0.435,0.45,0,0.685,0.49,0.32,0,0.405,,,,,,,,,0.436,0.55,0,0.881,,,,
13301,20150712,-93.15,39.87,0.436,0.59,0,0.929,0.435,0.46,0,0.792,0.489,0.33,0,0.446,,,,,,,,,0.436,0.55,0,0.881,,,,
13301,20150713,-93.15,39.87,0.436,0.61,0,0.94,0.435,0.48,0,0.935,0.49,0.34,0,0.494,,,,,,,,,0.436,0.57,0,0.935,,,,
13301,20150714,-93.15,39.87,0.431,0.6,0,1,0.431,0.48,0,1,0.488,0.35,0,0.548,,,,,,,,,0.431,0.56,0,1,,,,
13301,20150715,-93.15,39.87,0.419,0.56,0,0.935,0.424,0.46,0,0.976,0.483,0.35,0,0.47,,,,,,,,,0.421,0.53,0,0.97,,,,
13301,20150716,-93.15,39.87,0.402,0.5,0,0.792,0.415,0.43,0,0.833,0.477,0.33,0,0.357,,,,,,,,,0.409,0.48,0,0.827,,,,
13301,20150717,-93.15,39.87,0.385,0.44,0,0.649,0.406,0.4,0,0.69,0.47,0.32,0,0.226,,,,,,,,,0.395,0.42,0,0.685,,,,
13301,20150718,-93.15,39.87,0.364,0.35,0,0.506,0.396,0.36,0,0.548,0.464,0.31,0,0.179,,,,,,,,,0.38,0.36,0,0.542,,,,
13301,20150719,-93.15,39.87,0.349,0.3,0,0.393,0.389,0.34,0,0.435,0.459,0.3,0,0.167,,,,,,,,,0.369,0.32,0,0.429,,,,
13301,20150720,-93.15,39.87,0.366,0.39,0,0.393,0.403,0.44,0,0.435,0.469,0.37,0,0.262,,,,,,,,,0.385,0.42,0,0.429,,,,
13301,20150721,-93.15,39.87,0.386,0.5,0,0.393,0.42,0.55,0,0.435,0.481,0.45,0,0.345,,,,,,,,,0.403,0.53,0,0.429,,,,
13301,20150722,-93.15,39.87,0.404,0.6,0,0.458,0.435,0.65,0,0.458,0.494,0.53,0,0.464,,,,,,,,,0.419,0.63,0,0.458,,,,
13301,20150723,-93.15,39.87,0.419,0.68,0,0.601,0.445,0.72,0,0.601,0.503,0.59,0,0.607,,,,,,,,,0.432,0.71,0,0.601,,,,
13301,20150724,-93.15,39.87,0.433,0.75,0,0.744,0.453,0.78,0,0.744,0.508,0.63,0,0.744,,,,,,,,,0.443,0.78,0,0.744,,,,
13301,20150725,-93.15,39.87,0.448,0.84,0,0.887,0.462,0.84,0,0.887,0.514,0.67,0,0.887,0.597,0.41,0,0.811,,,,,0.455,0.86,0,0.887,,,,
13301,20150726,-93.15,39.87,0.458,0.89,0,1,0.469,0.89,0,1,0.518,0.7,0,1,0.596,0.41,0,0.814,,,,,0.463,0.91,0,1,,,,
13301,20150727,-93.15,39.87,0.441,0.82,0,1,0.457,0.85,0,1,0.508,0.67,0,1,0.594,0.4,0,0.81,,,,,0.449,0.86,0,1,,,,
13301,20150728,-93.15,39.87,0.422,0.73,0,1,0.442,0.79,0,1,0.497,0.63,0,1,0.592,0.4,0,0.792,,,,,0.432,0.78,0,1,,,,
13301,20150729,-93.15,39.87,0.413,0.69,0,1,0.433,0.76,0,1,0.488,0.6,0,1,0.591,0.39,0,0.786,,,,,0.423,0.75,0,1,,,,
13301,20150730,-93.15,39.87,0.425,0.77,0,1,0.441,0.84,0,1,0.494,0.64,0,1,0.59,0.4,0,0.804,,,,,0.433,0.84,0,1,,,,
13301,20150731,-93.15,39.87,0.432,0.83,0,1,0.449,0.91,0,1,0.502,0.71,0,1,0.59,0.4,0,0.827,,,,,0.441,0.9,0,1,,,,
13301,20150801,-93.15,39.87,0.437,0.87,0,1,0.454,0.96,0,1,0.506,0.75,0,1,0.588,0.4,0,0.851,,,,,0.445,0.95,0,1,,,,
13301,20150802,-93.15,39.87,0.44,0.89,0,1,0.456,1,0,1,0.507,0.78,0,1,0.586,0.4,0,0.857,,,,,0.448,0.98,0,1,,,,
13301,20150803,-93.15,39.87,0.436,0.89,0,1,0.454,1,0,1,0.506,0.79,0,1,0.585,0.4,0,0.833,,,,,0.445,0.98,0,1,,,,
13301,20150804,-93.15,39.87,0.433,0.88,0,1,0.453,1.01,0,1,0.506,0.81,0,1,0.584,0.39,0,0.827,,,,,0.443,0.99,0,1,,,,
13301,20150805,-93.15,39.87,0.427,0.86,0,1,0.45,1,0,1,0.503,0.8,0,1,0.579,0.38,0,0.732,,,,,0.438,0.97,0,1,,,,
13301,20150806,-93.15,39.87,0.405,0.75,0,1,0.434,0.92,0,1,0.489,0.75,0,1,0.572,0.35,0,0.589,,,,,0.42,0.87,0,1,,,,
13301,20150807,-93.15,39.87,0.392,0.69,0,1,0.423,0.86,0,1,0.477,0.69,0,1,0.565,0.32,0,0.452,,,,,0.407,0.82,0,1,,,,
13301,20150808,-93.15,39.87,0.381,0.64,0,1,0.416,0.82,0,1,0.469,0.65,0,1,0.562,0.3,0,0.327,,,,,0.399,0.78,0,1,,,,
13301,20150809,-93.15,39.87,0.374,0.61,0,1,0.411,0.8,0,1,0.465,0.63,0,1,0.555,0.28,0,0.208,,,,,0.393,0.76,0,1,,,,
13301,20150810,-93.15,39.87,0.395,0.75,0,1,0.424,0.89,0,1,0.477,0.7,0,1,0.554,0.27,0,0.119,,,,,0.409,0.89,0,1,,,,
13301,20150811,-93.15,39.87,0.408,0.85,0,1,0.434,0.96,0,1,0.488,0.77,0,1,0.553,0.25,0,0.036,,,,,0.421,0.99,0,1,,,,
13301,20150812,-93.15,39.87,0.417,0.92,0,1,0.44,1,0,1,0.494,0.81,0,1,0.555,0.26,0,0.024,,,,,0.429,1.05,0,1,,,,
13301,20150813,-93.15,39.87,0.422,0.97,0,1,0.443,1.03,0,1,0.497,0.83,0,1,0.558,0.27,0,0.048,,,,,0.433,1.09,0,1,,,,
13301,20150814,-93.15,39.87,0.424,1,0,1,0.445,1.04,0,1,0.498,0.84,0,1,0.562,0.3,0,0.137,,,,,0.435,1.11,0,1,,,,
13301,20150815,-93.15,39.87,0.425,1.02,0,1,0.447,1.04,0,1,0.5,0.85,0,1,0.567,0.33,0,0.25,,,,,0.436,1.12,0,1,,,,
13301,20150816,-93.15,39.87,0.421,1.01,0,1,0.447,1.04,0,1,0.5,0.85,0,1,0.57,0.36,0,0.345,,,,,0.434,1.12,0,1,,,,
13301,20150817,-93.15,39.87,0.391,0.84,0,0.97,0.429,0.93,0,1,0.486,0.77,0,1,0.569,0.39,0,0.458,,,,,0.41,0.96,0,1,,,,
13301,20150818,-93.15,39.87,0.367,0.71,0,0.827,0.414,0.83,0,1,0.471,0.68,0,1,0.567,0.42,0,0.56,,,,,0.39,0.83,0,1,,,,
13301,20150819,-93.15,39.87,0.347,0.6,0,0.685,0.403,0.75,0,1,0.461,0.63,0,1,0.564,0.45,0,0.661,,,,,0.375,0.73,0,1,,,,
13301,20150820,-93.15,39.87,0.331,0.51,0,0.542,0.394,0.7,0,1,0.454,0.59,0,1,0.561,0.46,0,0.75,,,,,0.362,0.65,0,1,,,,
13301,20150821,-93.15,39.87,0.315,0.43,0,0.399,0.385,0.65,0,1,0.447,0.55,0,1,0.558,0.46,0,0.768,,,,,0.35,0.58,0,0.899,,,,
13301,20150822,-93.15,39.87,0.3,0.35,0,0.256,0.375,0.59,0,0.958,0.439,0.51,0,0.94,0.554,0.46,0,0.762,,,,,0.338,0.5,0,0.756,,,,
13301,20150823,-93.15,39.87,0.288,0.29,0,0.113,0.364,0.53,0,0.815,0.431,0.46,0,0.798,0.552,0.45,0,0.756,,,,,0.326,0.44,0,0.613,,,,
13301,20150824,-93.15,39.87,0.278,0.23,0,0,0.353,0.48,0,0.673,0.422,0.42,0,0.655,0.551,0.45,0,0.75,,,,,0.315,0.38,0,0.47,,,,
13301,20150825,-93.15,39.87,0.268,0.18,0,0,0.343,0.42,0,0.53,0.413,0.38,0,0.512,0.548,0.44,0,0.72,,,,,0.305,0.32,0,0.327,,,,
13301,20150826,-93.15,39.87,0.257,0.12,0,0,0.332,0.36,0,0.387,0.402,0.32,0,0.369,0.546,0.43,0,0.655,,,,,0.295,0.26,0,0.185,,,,
13301,20150827,-93.15,39.87,0.247,0.06,0,0,0.321,0.3,0,0.244,0.39,0.26,0,0.226,0.541,0.4,0,0.56,,,,,0.284,0.2,0,0.042,,,,
13301,20150828,-93.15,39.87,0.237,0.01,0,0,0.31,0.23,0,0.101,0.379,0.21,0,0.083,0.537,0.37,0,0.452,,,,,0.274,0.14,0,0,,,,
13301,20150829,-93.15,39.87,0.232,-0.02,0,0,0.302,0.18,0,0,0.369,0.16,0,0,0.532,0.32,0,0.339,,,,,0.267,0.09,0,0,,,,
13301,20150830,-93.15,39.87,0.229,-0.04,0,0,0.295,0.13,0,0,0.36,0.11,0,0,0.528,0.28,0,0.244,,,,,0.262,0.06,0,0,,,,
13301,20150831,-93.15,39.87,0.225,-0.06,0,0,0.289,0.09,0,0,0.352,0.06,0,0,0.524,0.24,0,0.137,,,,,0.257,0.04,0,0,,,,
13301,20150901,-93.15,39.87,0.222,-0.08,0,0,0.284,0.05,0,0,0.345,0.02,0,0,0.521,0.2,0,0.065,,,,,0.253,0.01,0,0,,,,
13301,20150902,-93.15,39.87,0.22,-0.09,0,0,0.279,0.02,0,0,0.338,-0.02,0,0,0.519,0.17,0,0.018,,,,,0.25,-0.02,0,0,,,,
13301,20150903,-93.15,39.87,0.217,-0.1,0,0,0.275,-0.02,0,0,0.332,-0.05,0,0,0.519,0.15,0,0,,,,,0.246,-0.04,0,0,,,,
13301,20150904,-93.15,39.87,0.215,-0.11,0,0,0.271,-0.04,0,0,0.327,-0.08,0,0,0.517,0.14,0,0,,,,,0.243,-0.05,0,0,,,,
13301,20150905,-93.15,39.87,0.211,-0.14,0.048,0,0.266,-0.07,0,0,0.32,-0.11,0,0,0.515,0.12,0,0,,,,,0.238,-0.08,0,0,,,,
13301,20150906,-93.15,39.87,0.205,-0.17,0.161,0,0.261,-0.09,0,0,0.313,-0.14,0,0,0.513,0.11,0,0,,,,,0.233,-0.11,0,0,,,,
13301,20150907,-93.15,39.87,0.201,-0.19,0.292,0.012,0.256,-0.11,0,0,0.306,-0.17,0,0,0.51,0.1,0,0,,,,,0.229,-0.13,0,0.006,,,,
13301,20150908,-93.15,39.87,0.216,-0.08,0.292,0.137,0.266,-0.04,0,0.024,0.31,-0.14,0,0,0.507,0.09,0,0,,,,,0.241,-0.04,0,0.101,,,,
13301,20150909,-93.15,39.87,0.23,0.02,0.292,0.232,0.276,0.03,0,0.024,0.314,-0.1,0,0,0.503,0.08,0,0,,,,,0.253,0.04,0,0.107,,,,
13301,20150910,-93.15,39.87,0.242,0.1,0.292,0.232,0.285,0.1,0,0.024,0.319,-0.06,0,0,0.499,0.07,0,0,,,,,0.263,0.11,0,0.107,,,,
13301,20150911,-93.15,39.87,0.253,0.18,0.292,0.232,0.295,0.16,0,0.024,0.324,-0.02,0,0,0.497,0.07,0,0,,,,,0.274,0.18,0,0.107,,,,
13301,20150912,-93.15,39.87,0.264,0.26,0.244,0.232,0.305,0.23,0,0.024,0.33,0.03,0,0,0.495,0.06,0,0,,,,,0.284,0.25,0,0.107,,,,
13301,20150913,-93.15,39.87,0.274,0.32,0.131,0.232,0.314,0.3,0,0.024,0.336,0.07,0,0,0.492,0.06,0,0,,,,,0.294,0.31,0,0.107,,,,
13301,20150914,-93.15,39.87,0.281,0.37,0,0.22,0.322,0.35,0,0.024,0.342,0.11,0,0,0.489,0.05,0,0,,,,,0.302,0.36,0,0.101,,,,
13301,20150915,-93.15,39.87,0.269,0.29,0,0.095,0.316,0.31,0,0,0.336,0.09,0,0,0.487,0.04,0,0.006,,,,,0.292,0.3,0,0.006,,,,
13301,20150916,-93.15,39.87,0.258,0.21,0,0,0.309,0.28,0,0,0.331,0.06,0,0,0.484,0.03,0,0.006,,,,,0.284,0.25,0,0,,,,
13301,20150917,-93.15,39.87,0.248,0.15,0,0,0.303,0.25,0,0,0.326,0.04,0,0,0.479,0.01,0,0.006,,,,,0.276,0.2,0,0,,,,
13301,20150918,-93.15,39.87,0.239,0.09,0,0,0.297,0.21,0,0,0.32,0.02,0,0,0.473,-0.01,0,0.006,,,,,0.268,0.16,0,0,,,,
13301,20150919,-93.15,39.87,0.233,0.06,0,0,0.292,0.19,0,0,0.315,0,0,0,0.467,-0.04,0,0.006,,,,,0.263,0.13,0,0,,,,
13301,20150920,-93.15,39.87,0.23,0.04,0,0,0.289,0.18,0,0,0.312,-0.01,0,0,0.462,-0.06,0,0.006,,,,,0.259,0.12,0,0,,,,
13301,20150921,-93.15,39.87,0.226,0.02,0,0,0.286,0.16,0,0,0.308,-0.03,0,0,0.456,-0.09,0,0.006,,,,,0.256,0.1,0,0,,,,
13301,20150922,-93.15,39.87,0.223,0,0,0,0.283,0.15,0,0,0.304,-0.04,0,0,0.448,-0.12,0,0,,,,,0.253,0.08,0,0,,,,
13301,20150923,-93.15,39.87,0.221,-0.01,0,0,0.28,0.14,0,0,0.3,-0.06,0,0,0.44,-0.16,0,0,,,,,0.25,0.07,0,0,,,,
13301,20150924,-93.15,39.87,0.219,-0.02,0,0,0.277,0.13,0,0,0.296,-0.08,0,0,0.433,-0.19,0,0,,,,,0.248,0.06,0,0,,,,
13301,20150925,-93.15,39.87,0.217,-0.03,0,0,0.274,0.11,0,0,0.292,-0.11,0,0,0.425,-0.23,0,0,,,,,0.246,0.04,0,0,,,,
13301,20150926,-93.15,39.87,0.211,-0.07,0,0,0.27,0.08,0,0,0.287,-0.13,0,0,0.417,-0.26,0,0,,,,,0.24,0.01,0,0,,,,
13301,20150927,-93.15,39.87,0.204,-0.11,0,0,0.264,0.05,0,0,0.28,-0.17,0,0,0.409,-0.3,0,0,,,,,0.234,-0.03,0,0,,,,
13301,20150928,-93.15,39.87,0.198,-0.15,0,0,0.258,0.01,0,0,0.274,-0.2,0,0,0.401,-0.33,0,0,,,,,0.228,-0.07,0,0,,,,
13301,20150929,-93.15,39.87,0.193,-0.18,0,0,0.252,-0.02,0,0,0.267,-0.24,0,0,0.395,-0.34,0,0,,,,,0.222,-0.1,0,0,,,,
13301,20150930,-93.15,39.87,0.188,-0.2,0,0,0.247,-0.05,0,0,0.262,-0.26,0,0,0.39,-0.35,0,0,,,,,0.217,-0.13,0,0,,,,
13301,20151001,-93.15,39.87,0.183,-0.23,0.036,0,0.241,-0.08,0,0,0.256,-0.28,0,0,0.385,-0.35,0,0,,,,,0.212,-0.15,0,0,,,,
13301,20151002,-93.15,39.87,0.179,-0.25,0.131,0,0.236,-0.1,0,0,0.251,-0.3,0,0,0.381,-0.35,0,0,,,,,0.207,-0.18,0,0,,,,
13301,20151003,-93.15,39.87,0.175,-0.28,0.274,0,0.231,-0.13,0,0,0.247,-0.32,0,0,0.379,-0.34,0,0,,,,,0.203,-0.2,0,0,,,,
13301,20151004,-93.15,39.87,0.171,-0.29,0.417,0,0.227,-0.15,0,0,0.243,-0.34,0,0,0.376,-0.32,0,0,,,,,0.199,-0.22,0,0,,,,
13301,20151005,-93.15,39.87,0.168,-0.31,0.56,0,0.223,-0.17,0,0,0.239,-0.36,0,0,0.373,-0.31,0,0,,,,,0.196,-0.24,0,0,,,,
13301,20151006,-93.15,39.87,0.166,-0.33,0.661,0,0.22,-0.19,0,0,0.235,-0.37,0,0,0.371,-0.29,0,0,,,,,0.193,-0.26,0,0,,,,
13301,20151007,-93.15,39.87,0.164,-0.34,0.696,0,0.217,-0.2,0,0,0.233,-0.38,0,0,0.368,-0.28,0,0,,,,,0.191,-0.27,0,0,,,,
13301,20151008,-93.15,39.87,0.163,-0.34,0.661,0,0.215,-0.21,0,0,0.23,-0.38,0,0,0.367,-0.26,0,0,,,,,0.189,-0.28,0,0,,,,
13301,20151009,-93.15,39.87,0.162,-0.35,0.589,0,0.213,-0.22,0,0,0.228,-0.39,0,0,0.365,-0.25,0,0,,,,,0.188,-0.29,0,0,,,,
13301,20151010,-93.15,39.87,0.161,-0.35,0.548,0,0.211,-0.23,0,0,0.227,-0.39,0,0,0.364,-0.25,0,0,,,,,0.186,-0.29,0,0,,,,
13301,20151011,-93.15,39.87,0.16,-0.36,0.548,0,0.209,-0.24,0,0,0.225,-0.4,0,0,0.363,-0.24,0,0,,,,,0.185,-0.3,0,0,,,,
13301,20151012,-93.15,39.87,0.16,-0.37,0.548,0,0.207,-0.25,0,0,0.223,-0.41,0,0,0.362,-0.24,0,0,,,,,0.184,-0.31,0,0,,,,
13301,20151013,-93.15,39.87,0.159,-0.38,0.589,0,0.205,-0.26,0,0,0.222,-0.41,0,0,0.36,-0.24,0,0,,,,,0.182,-0.32,0,0,,,,
13301,20151014,-93.15,39.87,0.157,-0.4,0.696,0,0.203,-0.28,0,0,0.219,-0.43,0,0,0.358,-0.25,0,0,,,,,0.18,-0.34,0.036,0,,,,
13301,20151015,-93.15,39.87,0.156,-0.43,0.839,0,0.2,-0.3,0,0,0.217,-0.44,0.042,0,0.355,-0.26,0,0,,,,,0.178,-0.37,0.167,0,,,,
13301,20151016,-93.15,39.87,0.154,-0.46,0.958,0,0.197,-0.33,0,0,0.214,-0.46,0.185,0,0.353,-0.26,0,0,,,,,0.175,-0.39,0.31,0,,,,
13301,20151017,-93.15,39.87,0.152,-0.49,1,0,0.195,-0.36,0.143,0,0.212,-0.47,0.327,0,0.349,-0.27,0,0,,,,,0.173,-0.42,0.452,0,,,,
13301,20151018,-93.15,39.87,0.15,-0.53,1,0,0.193,-0.39,0.286,0,0.209,-0.49,0.47,0,0.347,-0.27,0,0,,,,,0.171,-0.45,0.595,0,,,,
13301,20151019,-93.15,39.87,0.148,-0.56,1,0,0.191,-0.43,0.429,0,0.207,-0.51,0.613,0,0.344,-0.28,0.006,0,,,,,0.17,-0.49,0.738,0,,,,
13301,20151020,-93.15,39.87,0.147,-0.59,1,0,0.189,-0.48,0.571,0,0.204,-0.54,0.756,0,0.342,-0.28,0.006,0,,,,,0.168,-0.52,0.881,0,,,,
13301,20151021,-93.15,39.87,0.146,-0.63,1,0,0.189,-0.52,0.714,0,0.203,-0.56,0.899,0,0.34,-0.29,0.012,0,,,,,0.167,-0.56,0.988,0,,,,
13301,20151022,-93.15,39.87,0.145,-0.66,1,0,0.188,-0.56,0.857,0,0.202,-0.6,1,0,0.339,-0.29,0.036,0,,,,,0.167,-0.6,1,0,,,,
13301,20151023,-93.15,39.87,0.145,-0.7,1,0,0.188,-0.6,1,0,0.201,-0.64,1,0,0.338,-0.3,0.107,0,,,,,0.167,-0.65,1,0,,,,
13301,20151024,-93.15,39.87,0.155,-0.68,0.982,0,0.195,-0.6,0.899,0,0.21,-0.64,0.893,0,0.337,-0.31,0.179,0,,,,,0.175,-0.64,0.964,0,,,,
13301,20151025,-93.15,39.87,0.163,-0.67,0.982,0,0.202,-0.59,0.887,0,0.219,-0.64,0.893,0,0.337,-0.31,0.28,0,,,,,0.183,-0.65,0.964,0,,,,
13301,20151026,-93.15,39.87,0.171,-0.67,0.982,0,0.208,-0.59,0.887,0,0.227,-0.64,0.893,0,0.337,-0.32,0.339,0,,,,,0.189,-0.65,0.964,0,,,,
13301,20151027,-93.15,39.87,0.177,-0.67,0.982,0,0.214,-0.58,0.887,0,0.234,-0.65,0.893,0,0.337,-0.33,0.452,0,,,,,0.195,-0.66,0.964,0,,,,
13301,20151028,-93.15,39.87,0.192,-0.6,0.905,0,0.23,-0.51,0.762,0,0.247,-0.63,0.792,0,0.337,-0.34,0.583,0,,,,,0.211,-0.6,0.875,0,,,,
13301,20151029,-93.15,39.87,0.208,-0.52,0.762,0,0.249,-0.41,0.619,0,0.259,-0.6,0.702,0,0.337,-0.35,0.702,0,,,,,0.229,-0.51,0.732,0,,,,
13301,20151030,-93.15,39.87,0.223,-0.46,0.69,0,0.266,-0.33,0.476,0,0.271,-0.57,0.696,0,0.337,-0.37,0.774,0,,,,,0.245,-0.43,0.589,0,,,,
13301,20151031,-93.15,39.87,0.231,-0.41,0.643,0,0.279,-0.25,0.435,0.03,0.274,-0.58,0.774,0,0.34,-0.37,0.827,0.012,,,,,0.255,-0.37,0.482,0.024,,,,
13301,20151101,-93.15,39.87,0.247,-0.31,0.5,0,0.297,-0.13,0.304,0.089,0.28,-0.58,0.732,0,0.367,-0.25,0.726,0.143,,,,,0.272,-0.25,0.339,0.042,,,,
13301,20151102,-93.15,39.87,0.261,-0.21,0.357,0,0.313,-0.03,0.161,0.089,0.287,-0.57,0.732,0,0.389,-0.15,0.661,0.161,,,,,0.287,-0.14,0.196,0.042,,,,
13301,20151103,-93.15,39.87,0.276,-0.12,0.214,0,0.328,0.06,0.018,0.089,0.294,-0.56,0.726,0,0.409,-0.06,0.548,0.161,,,,,0.302,-0.04,0.054,0.042,,,,
13301,20151104,-93.15,39.87,0.281,-0.08,0.149,0,0.331,0.08,0,0.089,0.297,-0.58,0.827,0,0.428,0.03,0.411,0.161,,,,,0.306,-0.01,0,0.042,,,,
13301,20151105,-93.15,39.87,0.284,-0.06,0.149,0,0.33,0.07,0,0.089,0.299,-0.59,0.917,0,0.447,0.12,0.268,0.161,,,,,0.307,-0.01,0,0.042,,,,
13301,20151106,-93.15,39.87,0.289,-0.02,0.077,0,0.332,0.09,0,0.089,0.302,-0.6,0.923,0,0.466,0.21,0.125,0.161,,,,,0.311,0.02,0,0.042,,,,
13301,20151107,-93.15,39.87,0.292,0,0,0,0.332,0.08,0,0.06,0.305,-0.6,0.952,0,0.482,0.29,0,0.149,,,,,0.312,0.03,0,0.018,,,,
13301,20151108,-93.15,39.87,0.287,-0.05,0,0,0.325,0.02,0,0,0.305,-0.63,0.994,0,0.473,0.24,0,0.018,,,,,0.306,-0.03,0,0,,,,
13301,20151109,-93.15,39.87,0.284,-0.08,0,0,0.321,-0.02,0,0,0.305,-0.65,0.994,0,0.466,0.21,0,0,,,,,0.303,-0.07,0,0,,,,
13301,20151110,-93.15,39.87,0.281,-0.12,0,0,0.318,-0.07,0,0,0.305,-0.69,1,0,0.464,0.2,0,0,,,,,0.299,-0.11,0,0,,,,
13301,20151111,-93.15,39.87,0.278,-0.15,0,0,0.315,-0.1,0.03,0,0.305,-0.73,1,0,0.462,0.19,0,0,,,,,0.296,-0.14,0,0,,,,
13301,20151112,-93.15,39.87,0.276,-0.17,0,0,0.314,-0.12,0.042,0,0.304,-0.77,1,0,0.459,0.17,0,0,,,,,0.295,-0.16,0,0,,,,
13301,20151113,-93.15,39.87,0.273,-0.21,0,0,0.312,-0.14,0.042,0,0.303,-0.81,1,0,0.457,0.16,0,0,,,,,0.293,-0.19,0.018,0,,,,
13301,20151114,-93.15,39.87,0.269,-0.25,0.065,0,0.31,-0.18,0.101,0,0.302,-0.85,1,0,0.455,0.14,0,0,,,,,0.289,-0.23,0.131,0,,,,
13301,20151115,-93.15,39.87,0.266,-0.28,0.208,0,0.307,-0.21,0.244,0,0.301,-0.89,1,0,0.452,0.12,0,0,,,,,0.287,-0.27,0.274,0,,,,
13301,20151116,-93.15,39.87,0.263,-0.31,0.345,0,0.306,-0.23,0.381,0.006,0.301,-0.92,1,0,0.45,0.11,0,0,,,,,0.285,-0.29,0.411,0,,,,
13301,20151117,-93.15,39.87,0.273,-0.22,0.345,0.036,0.315,-0.09,0.381,0.149,0.305,-0.88,0.988,0.006,0.451,0.11,0,0.018,,,,,0.294,-0.18,0.411,0.077,,,,
13301,20151118,-93.15,39.87,0.299,0,0.345,0.179,0.339,0.28,0.351,0.292,0.333,-0.57,0.845,0.149,0.469,0.21,0,0.161,,,,,0.319,0.09,0.411,0.22,,,,
13301,20151119,-93.15,39.87,0.319,0.19,0.345,0.321,0.36,0.61,0.339,0.435,0.361,-0.25,0.702,0.292,0.49,0.32,0,0.304,,,,,0.34,0.32,0.411,0.363,,,,
13301,20151120,-93.15,39.87,0.335,0.33,0.345,0.464,0.378,0.88,0.339,0.577,0.387,0.05,0.56,0.435,0.504,0.4,0,0.404,,,,,0.357,0.51,0.393,0.506,,,,
13301,20151121,-93.15,39.87,0.352,0.48,0.28,0.607,0.395,1.14,0.28,0.72,0.413,0.33,0.417,0.577,,,,,,,,,0.374,0.7,0.28,0.649,,,,
13301,20151122,-93.15,39.87,0.372,0.66,0.137,0.75,0.415,1.43,0.137,0.863,0.44,0.63,0.274,0.72,,,,,,,,,0.394,0.92,0.137,0.792,,,,
13301,20151123,-93.15,39.87,0.39,0.81,0,0.893,0.434,1.69,0,1,0.467,0.92,0.131,0.863,,,,,,,,,0.412,1.12,0,0.935,,,,
13301,20151124,-93.15,39.87,0.395,0.84,0,1,0.44,1.75,0,1,0.488,1.15,0,1,,,,,,,,,0.417,1.17,0,1,,,,
13301,20151125,-93.15,39.87,0.383,0.72,0,1,0.431,1.57,0,1,0.484,1.08,0,1,,,,,,,,,0.407,1.05,0,1,,,,
13301,20151126,-93.15,39.87,0.376,0.64,0,0.976,0.422,1.39,0,1,0.477,0.98,0,1,,,,,,,,,0.399,0.94,0,1,,,,
13301,20151127,-93.15,39.87,0.389,0.73,0,0.952,0.426,1.38,0,1,0.479,0.98,0,1,,,,,,,,,0.408,1.01,0,1,,,,
13301,20151128,-93.15,39.87,0.413,0.91,0,0.952,0.44,1.5,0,1,0.488,1.05,0,1,,,,,,,,,0.427,1.18,0,1,,,,
13301,20151129,-93.15,39.87,0.433,1.03,0,0.952,0.451,1.57,0,1,0.494,1.1,0,1,,,,,,,,,0.442,1.3,0,1,,,,
13301,20151130,-93.15,39.87,0.455,1.18,0,0.952,0.464,1.68,0,1,0.501,1.13,0,1,,,,,,,,,0.46,1.45,0,1,,,,
13301,20151201,-93.15,39.87,0.481,1.35,0,0.952,0.48,1.81,0,1,0.51,1.18,0,1,,,,,,,,,0.48,1.6,0,1,,,,
13301,20151202,-93.15,39.87,0.506,1.52,0,0.952,0.497,1.96,0,1,0.52,1.24,0,1,,,,,,,,,0.502,1.77,0,1,,,,
13301,20151203,-93.15,39.87,0.53,1.68,0,0.976,0.515,2.13,0,1,0.532,1.32,0,1,,,,,,,,,0.522,1.92,0,1,,,,
13301,20151204,-93.15,39.87,0.535,1.69,0,1,0.523,2.17,0,1,0.538,1.33,0,1,,,,,,,,,0.529,1.93,0,1,,,,
13301,20151205,-93.15,39.87,0.523,1.55,0,1,0.523,2.11,0,1,0.539,1.29,0,1,,,,,,,,,0.523,1.81,0,1,,,,
13301,20151206,-93.15,39.87,0.511,1.43,0,1,0.52,2.03,0,1,0.54,1.26,0,1,,,,,,,,,0.515,1.69,0,1,,,,
13301,20151207,-93.15,39.87,0.497,1.29,0,1,0.514,1.91,0,1,0.541,1.25,0,1,,,,,,,,,0.506,1.54,0,1,,,,
13301,20151208,-93.15,39.87,0.481,1.13,0,1,0.507,1.78,0,1,0.541,1.22,0,1,,,,,,,,,0.494,1.39,0,1,,,,
13301,20151209,-93.15,39.87,0.464,0.97,0,1,0.499,1.64,0,1,0.541,1.19,0,1,,,,,,,,,0.482,1.24,0,1,,,,
13301,20151210,-93.15,39.87,0.449,0.82,0,1,0.49,1.49,0,1,0.541,1.16,0,1,,,,,,,,,0.47,1.09,0,1,,,,
13301,20151211,-93.15,39.87,0.437,0.7,0,0.994,0.48,1.33,0,1,0.538,1.11,0,1,,,,,,,,,0.458,0.95,0,1,,,,
13301,20151212,-93.15,39.87,0.428,0.61,0,0.905,0.47,1.18,0,1,0.534,1.04,0,1,,,,,,,,,0.449,0.83,0,1,,,,
13301,20151213,-93.15,39.87,0.423,0.54,0,0.798,0.464,1.07,0,1,0.529,0.98,0,1,,,,,,,,,0.444,0.74,0,0.976,,,,
13301,20151214,-93.15,39.87,0.436,0.6,0,0.798,0.468,1.03,0,1,0.528,0.95,0,1,,,,,,,,,0.452,0.76,0,0.976,,,,
13301,20151215,-93.15,39.87,0.451,0.68,0,0.798,0.473,1.02,0,1,0.528,0.92,0,1,,,,,,,,,0.462,0.79,0,0.976,,,,
13301,20151216,-93.15,39.87,0.468,0.77,0,0.798,0.479,1.03,0,1,0.529,0.91,0,1,,,,,,,,,0.474,0.83,0,0.976,,,,
13301,20151217,-93.15,39.87,0.481,0.84,0,0.798,0.487,1.05,0,1,0.529,0.89,0,1,,,,,,,,,0.484,0.87,0,0.976,,,,
13301,20151218,-93.15,39.87,0.493,0.92,0,0.804,0.495,1.07,0,1,0.531,0.89,0,1,,,,,,,,,0.494,0.91,0,0.976,,,,
13301,20151219,-93.15,39.87,0.502,0.97,0,0.893,0.504,1.1,0,1,0.535,0.9,0,1,,,,,,,,,0.503,0.96,0,0.976,,,,
13301,20151220,-93.15,39.87,0.506,0.99,0,1,0.51,1.12,0,1,0.539,0.92,0,1,,,,,,,,,0.508,0.98,0,1,,,,
13301,20151221,-93.15,39.87,0.495,0.92,0,1,0.51,1.09,0,1,0.539,0.9,0,1,,,,,,,,,0.503,0.94,0,1,,,,
13301,20151222,-93.15,39.87,0.494,0.91,0,1,0.51,1.08,0,1,0.539,0.89,0,1,,,,,,,,,0.502,0.94,0,1,,,,
13301,20151223,-93.15,39.87,0.49,0.88,0,1,0.51,1.06,0,1,0.539,0.88,0,1,,,,,,,,,0.5,0.93,0,1,,,,
13301,20151224,-93.15,39.87,0.492,0.9,0,1,0.511,1.05,0,1,0.539,0.88,0,1,,,,,,,,,0.502,0.94,0,1,,,,
13301,20151225,-93.15,39.87,0.493,0.9,0,1,0.512,1.05,0,1,0.539,0.87,0,1,,,,,,,,,0.503,0.95,0,1,,,,
13301,20151226,-93.15,39.87,0.497,0.92,0,1,0.513,1.05,0,1,0.539,0.87,0,1,,,,,,,,,0.505,0.98,0,1,,,,
13301,20151227,-93.15,39.87,0.506,0.99,0,1,0.516,1.07,0,1,0.539,0.86,0,1,,,,,,,,,0.511,1.02,0,1,,,,
13301,20151228,-93.15,39.87,0.518,1.07,0,1,0.518,1.09,0,1,0.54,0.86,0,1,,,,,,,,,0.518,1.07,0,1,,,,
13301,20151229,-93.15,39.87,0.519,1.09,0,1,0.519,1.09,0,1,0.54,0.85,0,1,,,,,,,,,0.519,1.08,0,1,,,,
13301,20151230,-93.15,39.87,0.524,1.14,0,1,0.52,1.1,0,1,0.54,0.85,0,1,,,,,,,,,0.522,1.1,0,1,,,,
13301,20151231,-93.15,39.87,0.526,1.17,0,1,0.52,1.1,0,1,0.54,0.84,0,1,,,,,,,,,0.523,1.12,0,1,,,,
13301,20160101,-93.15,39.87,0.531,1.23,0,1,0.52,1.11,0,1,0.54,0.84,0,1,,,,,,,,,0.526,1.14,0,1,,,,
13301,20160102,-93.15,39.87,0.536,1.28,0,1,0.521,1.12,0,1,0.539,0.84,0,1,,,,,,,,,0.528,1.17,0,1,,,,
13301,20160103,-93.15,39.87,0.538,1.32,0,1,0.521,1.13,0,1,0.539,0.83,0,1,,,,,,,,,0.529,1.18,0,1,,,,
13301,20160104,-93.15,39.87,0.534,1.3,0,1,0.521,1.14,0,1,0.539,0.83,0,1,,,,,,,,,0.528,1.17,0,1,,,,
13301,20160105,-93.15,39.87,0.53,1.27,0,1,0.521,1.14,0,1,0.538,0.84,0,1,,,,,,,,,0.526,1.16,0,1,,,,
13301,20160106,-93.15,39.87,0.526,1.23,0,1,0.521,1.14,0,1,0.538,0.83,0,1,,,,,,,,,0.524,1.14,0,1,,,,
13301,20160107,-93.15,39.87,0.523,1.2,0,1,0.521,1.14,0,1,0.537,0.83,0,1,,,,,,,,,0.522,1.13,0,1,,,,
13301,20160108,-93.15,39.87,0.523,1.18,0,1,0.521,1.14,0,1,0.536,0.82,0,1,,,,,,,,,0.522,1.13,0,1,,,,
13301,20160109,-93.15,39.87,0.526,1.19,0,1,0.522,1.14,0,1,0.536,0.81,0,1,,,,,,,,,0.524,1.15,0,1,,,,
13301,20160110,-93.15,39.87,0.528,1.2,0,1,0.522,1.15,0,1,0.536,0.81,0,1,,,,,,,,,0.525,1.17,0,1,,,,
13301,20160111,-93.15,39.87,0.521,1.13,0,0.976,0.519,1.12,0,1,0.535,0.81,0,1,,,,,,,,,0.52,1.13,0,1,,,,
13301,20160112,-93.15,39.87,0.509,1.02,0,0.833,0.511,1.06,0,1,0.533,0.8,0,1,,,,,,,,,0.51,1.05,0,0.857,,,,
13301,20160113,-93.15,39.87,0.495,0.9,0,0.69,0.501,0.98,0,0.994,0.528,0.76,0,0.97,,,,,,,,,0.498,0.95,0,0.714,,,,
13301,20160114,-93.15,39.87,0.477,0.76,0,0.548,0.489,0.88,0,0.875,0.518,0.69,0,0.827,,,,,,,,,0.483,0.83,0,0.571,,,,
13301,20160115,-93.15,39.87,0.457,0.59,0,0.405,0.477,0.78,0,0.863,0.51,0.63,0,0.78,,,,,,,,,0.467,0.7,0,0.429,,,,
13301,20160116,-93.15,39.87,0.438,0.42,0,0.262,0.467,0.69,0,0.863,0.508,0.61,0,0.78,,,,,,,,,0.452,0.57,0,0.286,,,,
13301,20160117,-93.15,39.87,0.418,0.25,0,0.119,0.456,0.59,0,0.815,0.502,0.56,0,0.756,,,,,,,,,0.437,0.43,0,0.143,,,,
13301,20160118,-93.15,39.87,0.407,0.16,0,0,0.445,0.49,0,0.673,0.49,0.46,0,0.613,,,,,,,,,0.426,0.33,0,0,,,,
13301,20160119,-93.15,39.87,0.397,0.06,0.107,0,0.437,0.42,0,0.53,0.478,0.35,0,0.47,,,,,,,,,0.417,0.24,0,0,,,,
13301,20160120,-93.15,39.87,0.386,-0.03,0.25,0,0.431,0.36,0,0.393,0.469,0.27,0,0.357,,,,,,,,,0.409,0.16,0.006,0,,,,
13301,20160121,-93.15,39.87,0.379,-0.1,0.393,0,0.427,0.32,0,0.369,0.465,0.23,0,0.357,,,,,,,,,0.403,0.1,0.006,0,,,,
13301,20160122,-93.15,39.87,0.372,-0.16,0.536,0,0.422,0.27,0,0.238,0.458,0.17,0,0.262,,,,,,,,,0.397,0.04,0.006,0,,,,
13301,20160123,-93.15,39.87,0.365,-0.23,0.631,0,0.416,0.2,0,0.095,0.447,0.07,0,0.119,,,,,,,,,0.39,-0.04,0.006,0,,,,
13301,20160124,-93.15,39.87,0.359,-0.29,0.643,0,0.411,0.14,0,0,0.438,-0.01,0,0,,,,,,,,,0.385,-0.1,0.006,0,,,,
13301,20160125,-93.15,39.87,0.357,-0.32,0.661,0,0.409,0.1,0,0,0.436,-0.03,0,0,,,,,,,,,0.383,-0.13,0.006,0,,,,
13301,20160126,-93.15,39.87,0.363,-0.28,0.554,0,0.412,0.1,0,0,0.439,-0.01,0,0,,,,,,,,,0.387,-0.11,0.006,0,,,,
13301,20160127,-93.15,39.87,0.372,-0.22,0.411,0,0.416,0.12,0,0,0.444,0.03,0,0,,,,,,,,,0.394,-0.08,0,0,,,,
13301,20160128,-93.15,39.87,0.38,-0.17,0.268,0,0.421,0.13,0,0,0.451,0.07,0,0,,,,,,,,,0.4,-0.05,0,0,,,,
13301,20160129,-93.15,39.87,0.389,-0.11,0.125,0,0.427,0.15,0,0,0.46,0.14,0,0,,,,,,,,,0.408,-0.01,0,0,,,,
13301,20160130,-93.15,39.87,0.398,-0.05,0.03,0,0.433,0.19,0,0,0.472,0.22,0,0.083,,,,,,,,,0.416,0.04,0,0,,,,
13301,20160131,-93.15,39.87,0.408,0.01,0.018,0,0.442,0.24,0,0.012,0.483,0.3,0,0.149,,,,,,,,,0.425,0.09,0,0,,,,
13301,20160201,-93.15,39.87,0.421,0.1,0,0.024,0.453,0.31,0,0.155,0.495,0.38,0,0.286,,,,,,,,,0.437,0.17,0,0.024,,,,
13301,20160202,-93.15,39.87,0.434,0.19,0,0.119,0.462,0.38,0,0.298,0.503,0.44,0,0.423,,,,,,,,,0.448,0.25,0,0.125,,,,
13301,20160203,-93.15,39.87,0.451,0.31,0,0.262,0.471,0.44,0,0.44,0.51,0.49,0,0.565,,,,,,,,,0.461,0.35,0,0.268,,,,
13301,20160204,-93.15,39.87,0.467,0.43,0,0.405,0.48,0.5,0,0.583,0.517,0.55,0,0.708,,,,,,,,,0.473,0.44,0,0.411,,,,
13301,20160205,-93.15,39.87,0.48,0.52,0,0.548,0.488,0.55,0,0.726,0.521,0.58,0,0.851,,,,,,,,,0.484,0.53,0,0.554,,,,
13301,20160206,-93.15,39.87,0.49,0.61,0,0.69,0.496,0.61,0,0.869,0.522,0.6,0,0.911,,,,,,,,,0.493,0.6,0,0.696,,,,
13301,20160207,-93.15,39.87,0.5,0.68,0,0.833,0.501,0.64,0,1,0.524,0.63,0,0.988,,,,,,,,,0.501,0.67,0,0.839,,,,
13301,20160208,-93.15,39.87,0.506,0.74,0,0.952,0.504,0.66,0,1,0.526,0.65,0,0.994,,,,,,,,,0.505,0.71,0,0.958,,,,
13301,20160209,-93.15,39.87,0.504,0.73,0,0.923,0.504,0.65,0,0.958,0.527,0.67,0,1,,,,,,,,,0.504,0.71,0,0.929,,,,
13301,20160210,-93.15,39.87,0.491,0.65,0,0.78,0.499,0.59,0,0.815,0.526,0.66,0,0.94,,,,,,,,,0.495,0.64,0,0.786,,,,
13301,20160211,-93.15,39.87,0.475,0.53,0,0.637,0.49,0.5,0,0.673,0.519,0.59,0,0.798,,,,,,,,,0.482,0.54,0,0.643,,,,
13301,20160212,-93.15,39.87,0.459,0.42,0,0.494,0.479,0.4,0,0.53,0.509,0.49,0,0.655,,,,,,,,,0.469,0.43,0,0.5,,,,
13301,20160213,-93.15,39.87,0.444,0.31,0,0.351,0.467,0.3,0,0.387,0.5,0.37,0,0.512,,,,,,,,,0.456,0.31,0,0.357,,,,
13301,20160214,-93.15,39.87,0.426,0.17,0.06,0.208,0.454,0.17,0,0.244,0.488,0.24,0.006,0.369,,,,,,,,,0.44,0.17,0.036,0.214,,,,
13301,20160215,-93.15,39.87,0.403,-0.01,0.202,0.065,0.441,0.05,0,0.101,0.476,0.1,0.071,0.226,,,,,,,,,0.422,0.01,0.125,0.071,,,,
13301,20160216,-93.15,39.87,0.386,-0.15,0.345,0,0.429,-0.06,0,0,0.463,-0.05,0.179,0.083,,,,,,,,,0.407,-0.12,0.19,0,,,,
13301,20160217,-93.15,39.87,0.382,-0.17,0.351,0,0.426,-0.08,0,0,0.456,-0.12,0.19,0,,,,,,,,,0.404,-0.14,0.19,0,,,,
13301,20160218,-93.15,39.87,0.386,-0.14,0.351,0,0.429,-0.05,0,0.006,0.459,-0.09,0.19,0.018,,,,,,,,,0.407,-0.1,0.19,0,,,,
13301,20160219,-93.15,39.87,0.396,-0.04,0.351,0.101,0.437,0.03,0,0.143,0.466,0,0.19,0.155,,,,,,,,,0.417,-0.01,0.19,0.095,,,,
13301,20160220,-93.15,39.87,0.412,0.1,0.351,0.244,0.447,0.13,0,0.286,0.474,0.11,0.19,0.298,,,,,,,,,0.429,0.12,0.19,0.238,,,,
13301,20160221,-93.15,39.87,0.43,0.26,0.292,0.387,0.459,0.26,0,0.429,0.484,0.24,0.185,0.44,,,,,,,,,0.444,0.28,0.155,0.381,,,,
13301,20160222,-93.15,39.87,0.45,0.44,0.149,0.53,0.471,0.39,0,0.571,0.496,0.38,0.119,0.583,,,,,,,,,0.46,0.45,0.065,0.524,,,,
13301,20160223,-93.15,39.87,0.469,0.62,0.006,0.673,0.482,0.52,0,0.714,0.507,0.54,0.012,0.726,,,,,,,,,0.476,0.6,0,0.667,,,,
13301,20160224,-93.15,39.87,0.478,0.71,0,0.815,0.488,0.58,0,0.857,0.515,0.65,0,0.869,,,,,,,,,0.483,0.69,0,0.81,,,,
13301,20160225,-93.15,39.87,0.482,0.75,0,0.958,0.492,0.62,0,0.994,0.52,0.71,0,0.994,,,,,,,,,0.487,0.74,0,0.952,,,,
13301,20160226,-93.15,39.87,0.477,0.72,0,0.994,0.49,0.61,0,1,0.522,0.73,0,1,,,,,,,,,0.484,0.71,0,0.976,,,,
13301,20160227,-93.15,39.87,0.468,0.63,0,0.893,0.487,0.58,0,0.905,0.521,0.73,0,1,,,,,,,,,0.477,0.65,0,0.857,,,,
13301,20160228,-93.15,39.87,0.458,0.55,0,0.75,0.481,0.52,0,0.768,0.52,0.7,0,0.976,,,,,,,,,0.47,0.58,0,0.714,,,,
13301,20160229,-93.15,39.87,0.449,0.46,0,0.607,0.476,0.45,0,0.625,0.517,0.65,0,0.869,,,,,,,,,0.462,0.49,0,0.571,,,,
13301,20160301,-93.15,39.87,0.44,0.37,0,0.464,0.47,0.38,0,0.482,0.512,0.58,0,0.726,,,,,,,,,0.455,0.41,0,0.429,,,,
13301,20160302,-93.15,39.87,0.432,0.29,0,0.321,0.464,0.32,0,0.339,0.505,0.48,0,0.583,,,,,,,,,0.448,0.33,0,0.286,,,,
13301,20160303,-93.15,39.87,0.425,0.22,0,0.179,0.457,0.24,0,0.196,0.498,0.36,0,0.44,,,,,,,,,0.441,0.26,0,0.143,,,,
13301,20160304,-93.15,39.87,0.422,0.18,0,0.042,0.453,0.19,0,0.054,0.492,0.28,0,0.298,,,,,,,,,0.437,0.21,0,0.024,,,,
13301,20160305,-93.15,39.87,0.419,0.15,0,0,0.449,0.15,0,0.006,0.488,0.21,0,0.155,,,,,,,,,0.434,0.17,0,0,,,,
13301,20160306,-93.15,39.87,0.416,0.12,0,0,0.446,0.11,0,0,0.484,0.15,0,0.036,,,,,,,,,0.431,0.14,0,0,,,,
13301,20160307,-93.15,39.87,0.414,0.09,0,0,0.443,0.08,0,0,0.481,0.09,0,0,,,,,,,,,0.428,0.11,0,0,,,,
13301,20160308,-93.15,39.87,0.412,0.07,0,0,0.441,0.07,0,0,0.478,0.04,0,0,,,,,,,,,0.427,0.09,0,0,,,,
13301,20160309,-93.15,39.87,0.421,0.13,0,0.077,0.446,0.11,0,0.077,0.482,0.08,0,0.077,,,,,,,,,0.433,0.14,0,0.077,,,,
13301,20160310,-93.15,39.87,0.438,0.25,0,0.22,0.457,0.22,0,0.22,0.491,0.17,0,0.22,,,,,,,,,0.448,0.26,0,0.22,,,,
13301,20160311,-93.15,39.87,0.454,0.36,0,0.363,0.467,0.31,0,0.363,0.498,0.23,0,0.363,,,,,,,,,0.461,0.35,0,0.363,,,,
13301,20160312,-93.15,39.87,0.467,0.44,0,0.506,0.477,0.4,0,0.506,0.505,0.29,0,0.506,,,,,,,,,0.472,0.43,0,0.506,,,,
13301,20160313,-93.15,39.87,0.483,0.54,0,0.649,0.489,0.5,0,0.649,0.514,0.36,0,0.649,,,,,,,,,0.486,0.53,0,0.649,,,,
13301,20160314,-93.15,39.87,0.501,0.65,0,0.792,0.501,0.6,0,0.792,0.524,0.44,0,0.792,,,,,,,,,0.501,0.63,0,0.792,,,,
13301,20160315,-93.15,39.87,0.518,0.76,0,0.935,0.513,0.69,0,0.935,0.534,0.53,0,0.935,,,,,,,,,0.516,0.73,0,0.935,,,,
13301,20160316,-93.15,39.87,0.527,0.79,0,1,0.52,0.74,0,1,0.54,0.56,0,1,,,,,,,,,0.523,0.77,0,1,,,,
13301,20160317,-93.15,39.87,0.527,0.77,0,1,0.521,0.74,0,1,0.541,0.54,0,1,,,,,,,,,0.524,0.75,0,1,,,,
13301,20160318,-93.15,39.87,0.524,0.74,0,1,0.521,0.72,0,1,0.542,0.52,0,0.988,,,,,,,,,0.523,0.73,0,1,,,,
13301,20160319,-93.15,39.87,0.52,0.71,0,0.869,0.521,0.71,0,1,0.543,0.51,0,0.97,,,,,,,,,0.521,0.7,0,0.923,,,,
13301,20160320,-93.15,39.87,0.51,0.63,0,0.726,0.516,0.65,0,0.875,0.543,0.48,0,0.893,,,,,,,,,0.513,0.64,0,0.78,,,,
13301,20160321,-93.15,39.87,0.498,0.53,0,0.583,0.509,0.59,0,0.732,0.541,0.44,0,0.75,,,,,,,,,0.504,0.55,0,0.637,,,,
13301,20160322,-93.15,39.87,0.484,0.43,0,0.44,0.502,0.52,0,0.589,0.537,0.38,0,0.607,,,,,,,,,0.493,0.46,0,0.494,,,,
13301,20160323,-93.15,39.87,0.469,0.31,0,0.298,0.492,0.43,0,0.446,0.53,0.28,0,0.464,,,,,,,,,0.48,0.36,0,0.351,,,,
13301,20160324,-93.15,39.87,0.458,0.23,0,0.208,0.485,0.36,0,0.357,0.524,0.2,0,0.321,,,,,,,,,0.471,0.29,0,0.262,,,,
13301,20160325,-93.15,39.87,0.457,0.23,0,0.208,0.484,0.36,0,0.357,0.523,0.19,0,0.19,,,,,,,,,0.47,0.28,0,0.262,,,,
13301,20160326,-93.15,39.87,0.457,0.23,0,0.256,0.483,0.35,0,0.357,0.523,0.18,0,0.083,,,,,,,,,0.47,0.29,0,0.28,,,,
13301,20160327,-93.15,39.87,0.457,0.24,0,0.256,0.483,0.36,0,0.399,0.523,0.18,0,0.089,,,,,,,,,0.47,0.29,0,0.28,,,,
13301,20160328,-93.15,39.87,0.469,0.34,0,0.399,0.488,0.42,0,0.542,0.524,0.2,0,0.202,,,,,,,,,0.478,0.38,0,0.423,,,,
13301,20160329,-93.15,39.87,0.482,0.47,0,0.542,0.495,0.5,0,0.685,0.529,0.27,0,0.339,,,,,,,,,0.488,0.48,0,0.565,,,,
13301,20160330,-93.15,39.87,0.494,0.6,0,0.685,0.503,0.6,0,0.827,0.535,0.37,0,0.482,,,,,,,,,0.499,0.59,0,0.708,,,,
13301,20160331,-93.15,39.87,0.5,0.67,0,0.774,0.509,0.67,0,0.917,0.54,0.45,0,0.619,,,,,,,,,0.504,0.66,0,0.798,,,,
13301,20160401,-93.15,39.87,0.496,0.66,0,0.774,0.507,0.68,0,0.917,0.541,0.5,0,0.762,,,,,,,,,0.502,0.66,0,0.798,,,,
13301,20160402,-93.15,39.87,0.493,0.65,0,0.78,0.505,0.68,0,0.917,0.541,0.54,0,0.887,,,,,,,,,0.499,0.66,0,0.839,,,,
13301,20160403,-93.15,39.87,0.491,0.64,0,0.78,0.502,0.67,0,0.905,0.537,0.53,0,0.899,,,,,,,,,0.497,0.65,0,0.839,,,,
13301,20160404,-93.15,39.87,0.479,0.54,0,0.637,0.494,0.61,0,0.762,0.53,0.49,0,0.786,,,,,,,,,0.486,0.57,0,0.696,,,,
13301,20160405,-93.15,39.87,0.464,0.41,0,0.494,0.484,0.52,0,0.619,0.521,0.4,0,0.649,,,,,,,,,0.474,0.47,0,0.554,,,,
13301,20160406,-93.15,39.87,0.451,0.3,0,0.369,0.473,0.42,0,0.476,0.51,0.31,0,0.506,,,,,,,,,0.462,0.37,0,0.429,,,,
13301,20160407,-93.15,39.87,0.447,0.26,0,0.369,0.468,0.38,0,0.464,0.508,0.32,0,0.512,,,,,,,,,0.457,0.33,0,0.429,,,,
13301,20160408,-93.15,39.87,0.444,0.25,0,0.333,0.465,0.37,0,0.464,0.506,0.32,0,0.512,,,,,,,,,0.454,0.32,0,0.411,,,,
13301,20160409,-93.15,39.87,0.441,0.23,0,0.286,0.462,0.36,0,0.44,0.502,0.29,0,0.482,,,,,,,,,0.451,0.31,0,0.345,,,,
13301,20160410,-93.15,39.87,0.439,0.23,0,0.286,0.459,0.35,0,0.399,0.498,0.26,0,0.399,,,,,,,,,0.449,0.3,0,0.345,,,,
13301,20160411,-93.15,39.87,0.45,0.35,0,0.429,0.465,0.45,0,0.542,0.503,0.35,0,0.542,,,,,,,,,0.458,0.41,0,0.488,,,,
13301,20160412,-93.15,39.87,0.459,0.47,0,0.571,0.474,0.57,0,0.685,0.512,0.47,0,0.685,,,,,,,,,0.467,0.52,0,0.631,,,,
13301,20160413,-93.15,39.87,0.465,0.54,0,0.696,0.48,0.67,0,0.827,0.521,0.59,0,0.827,,,,,,,,,0.472,0.61,0,0.756,,,,
13301,20160414,-93.15,39.87,0.462,0.54,0,0.696,0.479,0.7,0,0.839,0.518,0.58,0,0.827,,,,,,,,,0.471,0.62,0,0.756,,,,
13301,20160415,-93.15,39.87,0.459,0.54,0,0.732,0.475,0.7,0,0.839,0.512,0.52,0,0.72,,,,,,,,,0.467,0.62,0,0.774,,,,
13301,20160416,-93.15,39.87,0.457,0.54,0,0.857,0.472,0.7,0,0.863,0.506,0.48,0,0.607,,,,,,,,,0.464,0.62,0,0.857,,,,
13301,20160417,-93.15,39.87,0.455,0.54,0,0.905,0.47,0.71,0,1,0.504,0.47,0,0.607,,,,,,,,,0.462,0.63,0,1,,,,
13301,20160418,-93.15,39.87,0.44,0.42,0,0.762,0.46,0.64,0,1,0.494,0.38,0,0.464,,,,,,,,,0.45,0.53,0,0.917,,,,
13301,20160419,-93.15,39.87,0.426,0.3,0,0.619,0.45,0.55,0,1,0.484,0.28,0,0.321,,,,,,,,,0.438,0.43,0,0.774,,,,
13301,20160420,-93.15,39.87,0.417,0.23,0,0.476,0.442,0.48,0,0.923,0.473,0.18,0,0.179,,,,,,,,,0.43,0.36,0,0.631,,,,
13301,20160421,-93.15,39.87,0.41,0.17,0,0.333,0.437,0.43,0,0.81,0.467,0.11,0,0.036,,,,,,,,,0.424,0.31,0,0.488,,,,
13301,20160422,-93.15,39.87,0.405,0.13,0,0.195,0.433,0.4,0,0.683,0.463,0.08,0,0,,,,,,,,,0.419,0.27,0,0.354,,,,
13301,20160423,-93.15,39.87,0.4,0.1,0,0.049,0.43,0.37,0,0.537,0.46,0.06,0,0,,,,,,,,,0.415,0.24,0,0.207,,,,
13301,20160424,-93.15,39.87,0.395,0.06,0,0,0.428,0.35,0,0.39,0.458,0.05,0,0,,,,,,,,,0.411,0.21,0,0.061,,,,
13301,20160425,-93.15,39.87,0.388,0.02,0,0,0.425,0.33,0,0.244,0.456,0.04,0,0,,,,,,,,,0.406,0.17,0,0,,,,
13301,20160426,-93.15,39.87,0.378,-0.05,0.006,0,0.422,0.3,0,0.098,0.454,0.03,0,0,,,,,,,,,0.4,0.13,0,0,,,,
13301,20160427,-93.15,39.87,0.377,-0.04,0.024,0.006,0.421,0.31,0,0.146,0.453,0.03,0,0,,,,,,,,,0.399,0.13,0,0.104,,,,
13301,20160428,-93.15,39.87,0.381,0.01,0.024,0.085,0.423,0.33,0,0.244,0.455,0.07,0,0.073,,,,,,,,,0.402,0.17,0,0.189,,,,
13301,20160429,-93.15,39.87,0.388,0.08,0.024,0.226,0.426,0.38,0,0.381,0.461,0.14,0,0.214,,,,,,,,,0.407,0.22,0,0.327,,,,
13301,20160430,-93.15,39.87,0.394,0.14,0.024,0.369,0.429,0.41,0,0.524,0.465,0.21,0,0.357,,,,,,,,,0.412,0.28,0,0.47,,,,
13301,20160501,-93.15,39.87,0.407,0.25,0.024,0.512,0.436,0.48,0,0.667,0.474,0.31,0,0.5,,,,,,,,,0.421,0.37,0,0.613,,,,
13301,20160502,-93.15,39.87,0.422,0.38,0.024,0.655,0.444,0.55,0,0.81,0.484,0.42,0,0.643,,,,,,,,,0.433,0.47,0,0.756,,,,
13301,20160503,-93.15,39.87,0.438,0.51,0.018,0.798,0.451,0.62,0,0.952,0.492,0.51,0,0.786,,,,,,,,,0.445,0.58,0,0.899,,,,
13301,20160504,-93.15,39.87,0.444,0.56,0,0.935,0.455,0.65,0,0.982,0.497,0.56,0,0.929,,,,,,,,,0.45,0.63,0,0.94,,,,
13301,20160505,-93.15,39.87,0.443,0.55,0,0.958,0.455,0.64,0,1,0.496,0.55,0,0.97,,,,,,,,,0.449,0.62,0,1,,,,
13301,20160506,-93.15,39.87,0.437,0.5,0,0.815,0.452,0.61,0,1,0.492,0.51,0,0.839,,,,,,,,,0.444,0.58,0,0.923,,,,
13301,20160507,-93.15,39.87,0.427,0.43,0,0.673,0.449,0.58,0,0.994,0.488,0.47,0,0.702,,,,,,,,,0.438,0.53,0,0.78,,,,
13301,20160508,-93.15,39.87,0.408,0.29,0,0.53,0.441,0.52,0,0.857,0.48,0.39,0,0.56,,,,,,,,,0.425,0.42,0,0.637,,,,
13301,20160509,-93.15,39.87,0.397,0.21,0,0.44,0.435,0.46,0,0.78,0.471,0.3,0,0.417,,,,,,,,,0.416,0.34,0,0.571,,,,
13301,20160510,-93.15,39.87,0.4,0.23,0,0.44,0.434,0.44,0,0.78,0.469,0.27,0,0.375,,,,,,,,,0.417,0.34,0,0.571,,,,
13301,20160511,-93.15,39.87,0.411,0.29,0,0.44,0.443,0.49,0,0.78,0.477,0.32,0,0.375,,,,,,,,,0.427,0.4,0,0.571,,,,
13301,20160512,-93.15,39.87,0.425,0.36,0,0.482,0.454,0.55,0,0.78,0.486,0.38,0,0.405,,,,,,,,,0.439,0.47,0,0.571,,,,
13301,20160513,-93.15,39.87,0.439,0.44,0,0.625,0.464,0.62,0,0.78,0.497,0.46,0,0.536,,,,,,,,,0.452,0.55,0,0.649,,,,
13301,20160514,-93.15,39.87,0.454,0.53,0,0.768,0.472,0.66,0,0.786,0.506,0.52,0,0.673,,,,,,,,,0.463,0.62,0,0.792,,,,
13301,20160515,-93.15,39.87,0.468,0.61,0,0.851,0.478,0.69,0,0.923,0.512,0.55,0,0.774,,,,,,,,,0.473,0.68,0,0.911,,,,
13301,20160516,-93.15,39.87,0.473,0.63,0,0.798,0.481,0.7,0,0.97,0.515,0.56,0,0.774,,,,,,,,,0.477,0.7,0,0.833,,,,
13301,20160517,-93.15,39.87,0.471,0.61,0,0.744,0.481,0.7,0,0.935,0.516,0.56,0,0.75,,,,,,,,,0.476,0.68,0,0.78,,,,
13301,20160518,-93.15,39.87,0.464,0.56,0,0.744,0.476,0.65,0,0.935,0.514,0.53,0,0.75,,,,,,,,,0.47,0.63,0,0.78,,,,
13301,20160519,-93.15,39.87,0.456,0.5,0,0.741,0.47,0.6,0,0.934,0.51,0.49,0,0.747,,,,,,,,,0.463,0.57,0,0.777,,,,
13301,20160520,-93.15,39.87,0.448,0.45,0,0.741,0.463,0.54,0,0.934,0.502,0.43,0,0.729,,,,,,,,,0.456,0.51,0,0.777,,,,
13301,20160521,-93.15,39.87,0.445,0.43,0,0.741,0.459,0.51,0,0.934,0.496,0.38,0,0.669,,,,,,,,,0.452,0.48,0,0.777,,,,
13301,20160522,-93.15,39.87,0.444,0.42,0,0.759,0.457,0.5,0,0.934,0.493,0.36,0,0.572,,,,,,,,,0.451,0.47,0,0.801,,,,
13301,20160523,-93.15,39.87,0.443,0.42,0,0.759,0.456,0.5,0,0.964,0.493,0.36,0,0.584,,,,,,,,,0.45,0.47,0,0.892,,,,
13301,20160524,-93.15,39.87,0.432,0.36,0,0.669,0.453,0.48,0,1,0.488,0.34,0,0.506,,,,,,,,,0.442,0.43,0,0.801,,,,
13301,20160525,-93.15,39.87,0.418,0.29,0,0.524,0.446,0.44,0,1,0.479,0.28,0,0.361,,,,,,,,,0.432,0.36,0,0.657,,,,
13301,20160526,-93.15,39.87,0.403,0.21,0,0.387,0.44,0.41,0,0.958,0.473,0.24,0,0.226,,,,,,,,,0.421,0.3,0,0.518,,,,
13301,20160527,-93.15,39.87,0.393,0.16,0,0.292,0.436,0.39,0,0.869,0.469,0.22,0,0.101,,,,,,,,,0.414,0.27,0,0.423,,,,
13301,20160528,-93.15,39.87,0.396,0.18,0,0.256,0.436,0.39,0,0.869,0.469,0.23,0,0.06,,,,,,,,,0.416,0.28,0,0.417,,,,
13301,20160529,-93.15,39.87,0.406,0.25,0,0.298,0.445,0.45,0,0.869,0.477,0.3,0,0.196,,,,,,,,,0.426,0.35,0,0.417,,,,
13301,20160530,-93.15,39.87,0.414,0.3,0,0.44,0.451,0.49,0,0.869,0.485,0.36,0,0.327,,,,,,,,,0.432,0.39,0,0.47,,,,
13301,20160531,-93.15,39.87,0.423,0.35,0,0.583,0.454,0.51,0,0.869,0.489,0.4,0,0.47,,,,,,,,,0.438,0.43,0,0.613,,,,
13301,20160601,-93.15,39.87,0.431,0.4,0,0.679,0.456,0.53,0,0.869,0.491,0.42,0,0.613,,,,,,,,,0.444,0.46,0,0.756,,,,
13301,20160602,-93.15,39.87,0.439,0.44,0,0.679,0.459,0.54,0,0.911,0.493,0.44,0,0.75,,,,,,,,,0.449,0.5,0,0.839,,,,
13301,20160603,-93.15,39.87,0.438,0.44,0,0.631,0.46,0.55,0,1,0.495,0.45,0,0.851,,,,,,,,,0.449,0.5,0,0.792,,,,
13301,20160604,-93.15,39.87,0.426,0.38,0,0.554,0.458,0.53,0,0.994,0.494,0.44,0,0.839,,,,,,,,,0.442,0.46,0,0.685,,,,
13301,20160605,-93.15,39.87,0.425,0.37,0,0.554,0.455,0.51,0,0.994,0.493,0.42,0,0.839,,,,,,,,,0.44,0.44,0,0.685,,,,
13301,20160606,-93.15,39.87,0.428,0.4,0,0.554,0.458,0.53,0,0.994,0.495,0.42,0,0.839,,,,,,,,,0.443,0.46,0,0.685,,,,
13301,20160607,-93.15,39.87,0.43,0.41,0,0.554,0.46,0.53,0,0.994,0.497,0.43,0,0.839,,,,,,,,,0.445,0.47,0,0.685,,,,
13301,20160608,-93.15,39.87,0.43,0.42,0,0.583,0.461,0.53,0,0.994,0.498,0.43,0,0.839,,,,,,,,,0.445,0.48,0,0.685,,,,
13301,20160609,-93.15,39.87,0.428,0.41,0,0.583,0.461,0.54,0,0.994,0.498,0.43,0,0.833,,,,,,,,,0.444,0.48,0,0.661,,,,
13301,20160610,-93.15,39.87,0.424,0.4,0,0.583,0.461,0.54,0,0.994,0.498,0.43,0,0.75,,,,,,,,,0.442,0.48,0,0.661,,,,
13301,20160611,-93.15,39.87,0.414,0.35,0,0.554,0.458,0.52,0,0.869,0.496,0.42,0,0.72,,,,,,,,,0.436,0.45,0,0.631,,,,
13301,20160612,-93.15,39.87,0.382,0.19,0,0.411,0.444,0.44,0,0.726,0.485,0.35,0,0.577,,,,,,,,,0.413,0.32,0,0.488,,,,
13301,20160613,-93.15,39.87,0.349,0.01,0.107,0.268,0.425,0.32,0,0.583,0.471,0.26,0,0.435,,,,,,,,,0.387,0.17,0,0.345,,,,
13301,20160614,-93.15,39.87,0.318,-0.15,0.25,0.125,0.405,0.21,0,0.44,0.457,0.17,0,0.292,,,,,,,,,0.362,0.03,0,0.202,,,,
13301,20160615,-93.15,39.87,0.29,-0.31,0.393,0,0.385,0.09,0,0.298,0.445,0.1,0,0.149,,,,,,,,,0.337,-0.11,0.101,0.06,,,,
13301,20160616,-93.15,39.87,0.265,-0.44,0.536,0,0.362,-0.05,0.054,0.155,0.431,0.02,0,0.018,,,,,,,,,0.314,-0.25,0.244,0,,,,
13301,20160617,-93.15,39.87,0.246,-0.55,0.679,0,0.339,-0.19,0.196,0.012,0.416,-0.07,0,0,,,,,,,,,0.292,-0.38,0.387,0,,,,
13301,20160618,-93.15,39.87,0.231,-0.63,0.821,0,0.315,-0.33,0.339,0,0.399,-0.16,0.006,0,,,,,,,,,0.273,-0.49,0.53,0,,,,
13301,20160619,-93.15,39.87,0.219,-0.69,0.964,0,0.293,-0.46,0.482,0,0.381,-0.26,0.137,0,,,,,,,,,0.256,-0.59,0.673,0,,,,
13301,20160620,-93.15,39.87,0.21,-0.74,1,0,0.273,-0.58,0.625,0,0.361,-0.37,0.28,0,,,,,,,,,0.241,-0.68,0.815,0,,,,
13301,20160621,-93.15,39.87,0.222,-0.66,0.923,0.077,0.272,-0.58,0.69,0.036,0.354,-0.4,0.345,0.012,,,,,,,,,0.247,-0.64,0.881,0.065,,,,
13301,20160622,-93.15,39.87,0.26,-0.44,0.78,0.22,0.297,-0.42,0.69,0.179,0.373,-0.29,0.345,0.155,,,,,,,,,0.278,-0.44,0.78,0.208,,,,
13301,20160623,-93.15,39.87,0.29,-0.27,0.637,0.363,0.32,-0.27,0.637,0.321,0.39,-0.19,0.345,0.298,,,,,,,,,0.305,-0.26,0.637,0.351,,,,
13301,20160624,-93.15,39.87,0.32,-0.1,0.494,0.494,0.343,-0.13,0.494,0.464,0.406,-0.1,0.345,0.351,,,,,,,,,0.331,-0.1,0.494,0.494,,,,
13301,20160625,-93.15,39.87,0.345,0.05,0.351,0.5,0.366,0.02,0.351,0.5,0.424,0,0.339,0.351,,,,,,,,,0.356,0.06,0.351,0.512,,,,
13301,20160626,-93.15,39.87,0.366,0.17,0.208,0.5,0.389,0.16,0.208,0.5,0.442,0.11,0.208,0.351,,,,,,,,,0.378,0.2,0.208,0.512,,,,
13301,20160627,-93.15,39.87,0.385,0.28,0.065,0.5,0.412,0.31,0.065,0.5,0.463,0.22,0.065,0.351,,,,,,,,,0.398,0.33,0.065,0.512,,,,
13301,20160628,-93.15,39.87,0.381,0.26,0,0.423,0.417,0.35,0,0.464,0.472,0.28,0,0.339,,,,,,,,,0.399,0.34,0,0.446,,,,
13301,20160629,-93.15,39.87,0.35,0.08,0,0.28,0.396,0.22,0,0.321,0.457,0.2,0,0.196,,,,,,,,,0.373,0.18,0,0.304,,,,
13301,20160630,-93.15,39.87,0.327,-0.05,0.03,0.137,0.379,0.13,0,0.179,0.444,0.13,0,0.054,,,,,,,,,0.353,0.06,0,0.161,,,,
13301,20160701,-93.15,39.87,0.323,-0.07,0.03,0.042,0.37,0.07,0,0.036,0.438,0.1,0,0,,,,,,,,,0.347,0.02,0,0.042,,,,
13301,20160702,-93.15,39.87,0.322,-0.08,0.03,0.036,0.364,0.04,0,0,0.433,0.07,0,0,,,,,,,,,0.343,0,0,0.024,,,,
13301,20160703,-93.15,39.87,0.334,-0.02,0.03,0.101,0.364,0.04,0,0.03,0.433,0.07,0,0.03,,,,,,,,,0.349,0.03,0,0.089,,,,
13301,20160704,-93.15,39.87,0.357,0.11,0.03,0.244,0.382,0.14,0,0.173,0.447,0.14,0,0.173,,,,,,,,,0.369,0.15,0,0.232,,,,
13301,20160705,-93.15,39.87,0.378,0.23,0.03,0.387,0.395,0.21,0,0.315,0.46,0.2,0,0.315,,,,,,,,,0.386,0.25,0,0.375,,,,
13301,20160706,-93.15,39.87,0.4,0.35,0.03,0.53,0.407,0.28,0,0.417,0.47,0.24,0,0.387,,,,,,,,,0.403,0.34,0,0.518,,,,
13301,20160707,-93.15,39.87,0.435,0.54,0,0.673,0.43,0.41,0,0.542,0.487,0.32,0,0.512,,,,,,,,,0.432,0.51,0,0.661,,,,
13301,20160708,-93.15,39.87,0.452,0.63,0,0.78,0.45,0.52,0,0.685,0.503,0.39,0,0.655,,,,,,,,,0.451,0.62,0,0.78,,,,
13301,20160709,-93.15,39.87,0.464,0.71,0,0.923,0.462,0.6,0,0.827,0.516,0.46,0,0.798,,,,,,,,,0.463,0.69,0,0.923,,,,
13301,20160710,-93.15,39.87,0.464,0.71,0,1,0.468,0.63,0,0.94,0.522,0.49,0,0.833,,,,,,,,,0.466,0.71,0,1,,,,
13301,20160711,-93.15,39.87,0.451,0.66,0,0.976,0.455,0.57,0,0.929,0.512,0.44,0,0.69,,,,,,,,,0.453,0.65,0,0.982,,,,
13301,20160712,-93.15,39.87,0.438,0.6,0,0.833,0.448,0.54,0,0.804,0.503,0.4,0,0.548,,,,,,,,,0.443,0.6,0,0.839,,,,
13301,20160713,-93.15,39.87,0.443,0.65,0,0.833,0.451,0.57,0,0.845,0.506,0.43,0,0.613,,,,,,,,,0.447,0.64,0,0.839,,,,
13301,20160714,-93.15,39.87,0.437,0.63,0,0.833,0.447,0.57,0,0.863,0.505,0.44,0,0.631,,,,,,,,,0.442,0.62,0,0.839,,,,
13301,20160715,-93.15,39.87,0.427,0.61,0,0.833,0.44,0.55,0,0.863,0.501,0.43,0,0.631,,,,,,,,,0.434,0.59,0,0.839,,,,
13301,20160716,-93.15,39.87,0.422,0.61,0,0.833,0.436,0.55,0,0.863,0.495,0.43,0,0.631,,,,,,,,,0.429,0.59,0,0.839,,,,
13301,20160717,-93.15,39.87,0.416,0.6,0,0.833,0.434,0.56,0,0.863,0.493,0.44,0,0.708,,,,,,,,,0.425,0.59,0,0.839,,,,
13301,20160718,-93.15,39.87,0.41,0.59,0,0.744,0.433,0.57,0,0.875,0.492,0.45,0,0.851,,,,,,,,,0.421,0.58,0,0.821,,,,
13301,20160719,-93.15,39.87,0.405,0.59,0,0.744,0.432,0.58,0,1,0.493,0.47,0,0.994,,,,,,,,,0.419,0.59,0,0.821,,,,
13301,20160720,-93.15,39.87,0.396,0.55,0,0.685,0.427,0.58,0,0.964,0.49,0.48,0,1,,,,,,,,,0.412,0.57,0,0.762,,,,
13301,20160721,-93.15,39.87,0.386,0.51,0,0.685,0.422,0.56,0,0.964,0.486,0.48,0,1,,,,,,,,,0.404,0.54,0,0.762,,,,
13301,20160722,-93.15,39.87,0.374,0.45,0,0.583,0.417,0.55,0,0.964,0.483,0.48,0,1,,,,,,,,,0.396,0.5,0,0.762,,,,
13301,20160723,-93.15,39.87,0.36,0.38,0,0.44,0.413,0.54,0,0.964,0.482,0.48,0,1,,,,,,,,,0.386,0.46,0,0.637,,,,
13301,20160724,-93.15,39.87,0.347,0.31,0,0.298,0.406,0.51,0,0.869,0.48,0.49,0,1,,,,,,,,,0.377,0.42,0,0.494,,,,
13301,20160725,-93.15,39.87,0.336,0.26,0,0.268,0.398,0.48,0,0.726,0.479,0.49,0,1,,,,,,,,,0.367,0.38,0,0.387,,,,
13301,20160726,-93.15,39.87,0.327,0.21,0,0.268,0.389,0.44,0,0.583,0.476,0.49,0,1,,,,,,,,,0.358,0.33,0,0.387,,,,
13301,20160727,-93.15,39.87,0.306,0.11,0,0.185,0.372,0.37,0,0.476,0.466,0.45,0,0.899,,,,,,,,,0.339,0.24,0,0.304,,,,
13301,20160728,-93.15,39.87,0.282,-0.01,0,0.042,0.353,0.27,0,0.333,0.453,0.4,0,0.756,,,,,,,,,0.317,0.13,0,0.161,,,,
13301,20160729,-93.15,39.87,0.263,-0.1,0,0,0.332,0.17,0,0.19,0.44,0.34,0,0.613,,,,,,,,,0.298,0.03,0,0.018,,,,
13301,20160730,-93.15,39.87,0.248,-0.18,0,0,0.311,0.06,0,0.048,0.425,0.28,0,0.47,,,,,,,,,0.28,-0.06,0,0,,,,
13301,20160731,-93.15,39.87,0.237,-0.24,0,0,0.293,-0.03,0,0,0.409,0.21,0,0.327,,,,,,,,,0.265,-0.14,0,0,,,,
13301,20160801,-93.15,39.87,0.228,-0.28,0,0.006,0.276,-0.12,0,0,0.392,0.14,0,0.185,,,,,,,,,0.252,-0.21,0,0,,,,
13301,20160802,-93.15,39.87,0.245,-0.18,0,0.149,0.273,-0.12,0,0,0.376,0.07,0,0.042,,,,,,,,,0.259,-0.15,0,0.095,,,,
13301,20160803,-93.15,39.87,0.262,-0.08,0,0.292,0.273,-0.12,0,0,0.361,0.01,0,0,,,,,,,,,0.267,-0.1,0,0.125,,,,
13301,20160804,-93.15,39.87,0.274,0,0,0.304,0.273,-0.11,0,0,0.349,-0.04,0,0,,,,,,,,,0.274,-0.05,0,0.125,,,,
13301,20160805,-93.15,39.87,0.288,0.08,0,0.333,0.277,-0.09,0,0.018,0.341,-0.08,0,0.012,,,,,,,,,0.282,0.02,0,0.149,,,,
13301,20160806,-93.15,39.87,0.323,0.29,0,0.476,0.306,0.1,0,0.161,0.363,0.05,0,0.155,,,,,,,,,0.314,0.23,0,0.292,,,,
13301,20160807,-93.15,39.87,0.351,0.46,0,0.619,0.331,0.27,0,0.304,0.383,0.17,0,0.298,,,,,,,,,0.341,0.41,0,0.435,,,,
13301,20160808,-93.15,39.87,0.376,0.61,0,0.756,0.355,0.43,0,0.446,0.403,0.28,0,0.44,,,,,,,,,0.365,0.57,0,0.577,,,,
13301,20160809,-93.15,39.87,0.374,0.61,0,0.756,0.368,0.52,0,0.589,0.422,0.4,0,0.583,,,,,,,,,0.371,0.62,0,0.625,,,,
13301,20160810,-93.15,39.87,0.371,0.61,0,0.732,0.379,0.6,0,0.732,0.441,0.5,0,0.726,,,,,,,,,0.375,0.66,0,0.738,,,,
13301,20160811,-93.15,39.87,0.369,0.61,0,0.72,0.391,0.68,0,0.875,0.459,0.61,0,0.869,,,,,,,,,0.38,0.7,0,0.869,,,,
13301,20160812,-93.15,39.87,0.367,0.61,0,0.714,0.401,0.75,0,1,0.475,0.7,0,1,,,,,,,,,0.384,0.74,0,0.869,,,,
13301,20160813,-93.15,39.87,0.36,0.59,0,0.714,0.394,0.71,0,1,0.466,0.66,0,1,,,,,,,,,0.377,0.71,0,0.869,,,,
13301,20160814,-93.15,39.87,0.356,0.58,0,0.714,0.39,0.68,0,1,0.46,0.62,0,1,,,,,,,,,0.373,0.69,0,0.869,,,,
13301,20160815,-93.15,39.87,0.349,0.55,0,0.708,0.386,0.65,0,1,0.456,0.6,0,1,,,,,,,,,0.367,0.65,0,0.869,,,,
13301,20160816,-93.15,39.87,0.341,0.52,0,0.565,0.382,0.62,0,1,0.451,0.57,0,1,,,,,,,,,0.361,0.62,0,0.869,,,,
13301,20160817,-93.15,39.87,0.333,0.48,0,0.452,0.377,0.58,0,1,0.447,0.55,0,1,,,,,,,,,0.355,0.58,0,0.75,,,,
13301,20160818,-93.15,39.87,0.329,0.47,0,0.452,0.371,0.54,0,0.857,0.442,0.52,0,0.994,,,,,,,,,0.35,0.55,0,0.619,,,,
13301,20160819,-93.15,39.87,0.321,0.43,0,0.429,0.363,0.5,0,0.714,0.436,0.49,0,0.863,,,,,,,,,0.342,0.5,0,0.595,,,,
13301,20160820,-93.15,39.87,0.299,0.3,0,0.315,0.348,0.4,0,0.571,0.425,0.43,0,0.72,,,,,,,,,0.324,0.38,0,0.458,,,,
13301,20160821,-93.15,39.87,0.285,0.23,0,0.173,0.335,0.33,0,0.429,0.414,0.37,0,0.577,,,,,,,,,0.31,0.3,0,0.315,,,,
13301,20160822,-93.15,39.87,0.272,0.16,0,0.036,0.322,0.25,0,0.286,0.403,0.31,0,0.435,,,,,,,,,0.297,0.22,0,0.173,,,,
13301,20160823,-93.15,39.87,0.26,0.09,0,0.036,0.307,0.17,0,0.143,0.392,0.25,0,0.292,,,,,,,,,0.284,0.14,0,0.03,,,,
13301,20160824,-93.15,39.87,0.254,0.06,0,0.048,0.297,0.11,0,0.018,0.381,0.2,0,0.161,,,,,,,,,0.276,0.09,0,0.024,,,,
13301,20160825,-93.15,39.87,0.273,0.22,0,0.19,0.307,0.19,0,0.161,0.384,0.22,0,0.137,,,,,,,,,0.29,0.21,0,0.167,,,,
13301,20160826,-93.15,39.87,0.301,0.45,0,0.333,0.326,0.32,0,0.304,0.396,0.29,0,0.268,,,,,,,,,0.314,0.39,0,0.31,,,,
13301,20160827,-93.15,39.87,0.328,0.66,0,0.446,0.347,0.46,0,0.446,0.413,0.39,0,0.411,,,,,,,,,0.338,0.57,0,0.446,,,,
13301,20160828,-93.15,39.87,0.351,0.83,0,0.589,0.368,0.59,0,0.589,0.432,0.5,0,0.554,,,,,,,,,0.359,0.72,0,0.589,,,,
13301,20160829,-93.15,39.87,0.375,1.01,0,0.732,0.388,0.72,0,0.732,0.449,0.6,0,0.696,,,,,,,,,0.381,0.88,0,0.732,,,,
13301,20160830,-93.15,39.87,0.4,1.2,0,0.875,0.41,0.85,0,0.875,0.467,0.71,0,0.839,,,,,,,,,0.405,1.04,0,0.875,,,,
13301,20160831,-93.15,39.87,0.439,1.47,0,1,0.444,1.05,0,1,0.495,0.86,0,0.97,,,,,,,,,0.442,1.28,0,1,,,,
13301,20160901,-93.15,39.87,0.449,1.53,0,1,0.458,1.11,0,1,0.513,0.95,0,1,,,,,,,,,0.453,1.34,0,1,,,,
13301,20160902,-93.15,39.87,0.449,1.51,0,1,0.46,1.11,0,1,0.518,0.97,0,1,,,,,,,,,0.454,1.32,0,1,,,,
13301,20160903,-93.15,39.87,0.446,1.48,0,1,0.459,1.09,0,1,0.517,0.97,0,1,,,,,,,,,0.452,1.29,0,1,,,,
13301,20160904,-93.15,39.87,0.444,1.46,0,1,0.457,1.07,0,1,0.514,0.95,0,1,,,,,,,,,0.45,1.27,0,1,,,,
13301,20160905,-93.15,39.87,0.442,1.44,0,1,0.456,1.06,0,1,0.512,0.94,0,1,,,,,,,,,0.449,1.25,0,1,,,,
13301,20160906,-93.15,39.87,0.437,1.4,0,1,0.455,1.05,0,1,0.51,0.94,0,1,,,,,,,,,0.446,1.23,0,1,,,,
13301,20160907,-93.15,39.87,0.412,1.23,0,1,0.438,0.96,0,1,0.497,0.88,0,1,,,,,,,,,0.425,1.09,0,1,,,,
13301,20160908,-93.15,39.87,0.394,1.12,0,1,0.426,0.9,0,1,0.485,0.83,0,1,,,,,,,,,0.41,1,0,1,,,,
13301,20160909,-93.15,39.87,0.401,1.17,0,1,0.43,0.93,0,1,0.488,0.86,0,1,,,,,,,,,0.416,1.04,0,1,,,,
13301,20160910,-93.15,39.87,0.414,1.26,0,1,0.44,1,0,1,0.495,0.91,0,1,,,,,,,,,0.427,1.11,0,1,,,,
13301,20160911,-93.15,39.87,0.429,1.36,0,1,0.452,1.08,0,1,0.505,0.98,0,1,,,,,,,,,0.44,1.2,0,1,,,,
13301,20160912,-93.15,39.87,0.443,1.46,0,1,0.463,1.16,0,1,0.515,1.05,0,1,,,,,,,,,0.453,1.28,0,1,,,,
13301,20160913,-93.15,39.87,0.458,1.55,0,1,0.47,1.21,0,1,0.525,1.11,0,1,,,,,,,,,0.464,1.35,0,1,,,,
13301,20160914,-93.15,39.87,0.479,1.69,0,1,0.481,1.27,0,1,0.535,1.17,0,1,,,,,,,,,0.48,1.45,0,1,,,,
13301,20160915,-93.15,39.87,0.503,1.85,0,1,0.496,1.36,0,1,0.546,1.24,0,1,,,,,,,,,0.499,1.56,0,1,,,,
13301,20160916,-93.15,39.87,0.503,1.85,0,1,0.496,1.37,0,1,0.546,1.24,0,1,,,,,,,,,0.499,1.56,0,1,,,,
13301,20160917,-93.15,39.87,0.497,1.81,0,1,0.491,1.34,0,1,0.542,1.22,0,1,,,,,,,,,0.494,1.53,0,1,,,,
13301,20160918,-93.15,39.87,0.489,1.76,0,1,0.483,1.29,0,1,0.536,1.2,0,1,,,,,,,,,0.486,1.48,0,1,,,,
13301,20160919,-93.15,39.87,0.483,1.73,0,1,0.476,1.25,0,1,0.529,1.16,0,1,,,,,,,,,0.48,1.44,0,1,,,,
13301,20160920,-93.15,39.87,0.484,1.73,0,1,0.476,1.26,0,1,0.524,1.13,0,1,,,,,,,,,0.48,1.45,0,1,,,,
13301,20160921,-93.15,39.87,0.485,1.74,0,1,0.478,1.27,0,1,0.526,1.14,0,1,,,,,,,,,0.482,1.47,0,1,,,,
13301,20160922,-93.15,39.87,0.479,1.68,0,1,0.472,1.24,0,1,0.523,1.12,0,1,,,,,,,,,0.475,1.43,0,1,,,,
13301,20160923,-93.15,39.87,0.473,1.63,0,1,0.466,1.2,0,1,0.517,1.08,0,1,,,,,,,,,0.47,1.39,0,1,,,,
13301,20160924,-93.15,39.87,0.467,1.56,0,1,0.461,1.17,0,1,0.511,1.03,0,1,,,,,,,,,0.464,1.35,0,1,,,,
13301,20160925,-93.15,39.87,0.459,1.47,0,1,0.458,1.14,0,1,0.507,1,0,1,,,,,,,,,0.458,1.3,0,1,,,,
13301,20160926,-93.15,39.87,0.45,1.39,0,1,0.456,1.11,0,1,0.504,0.97,0,1,,,,,,,,,0.453,1.25,0,1,,,,
13301,20160927,-93.15,39.87,0.435,1.27,0,1,0.449,1.06,0,1,0.499,0.92,0,1,,,,,,,,,0.442,1.17,0,1,,,,
13301,20160928,-93.15,39.87,0.414,1.11,0,1,0.438,0.98,0,1,0.488,0.85,0,1,,,,,,,,,0.426,1.06,0,1,,,,
13301,20160929,-93.15,39.87,0.393,0.97,0,1,0.43,0.93,0,1,0.479,0.79,0,1,,,,,,,,,0.411,0.96,0,1,,,,
13301,20160930,-93.15,39.87,0.372,0.84,0,0.97,0.422,0.88,0,1,0.472,0.75,0,1,,,,,,,,,0.397,0.87,0,1,,,,
13301,20161001,-93.15,39.87,0.352,0.72,0,0.839,0.415,0.83,0,1,0.467,0.72,0,1,,,,,,,,,0.384,0.79,0,1,,,,
13301,20161002,-93.15,39.87,0.335,0.62,0,0.696,0.407,0.79,0,1,0.462,0.69,0,1,,,,,,,,,0.371,0.72,0,1,,,,
13301,20161003,-93.15,39.87,0.321,0.53,0,0.554,0.4,0.74,0,1,0.457,0.66,0,1,,,,,,,,,0.36,0.66,0,1,,,,
13301,20161004,-93.15,39.87,0.308,0.46,0,0.411,0.392,0.7,0,1,0.452,0.63,0,1,,,,,,,,,0.35,0.6,0,0.917,,,,
13301,20161005,-93.15,39.87,0.297,0.39,0,0.268,0.384,0.65,0,1,0.447,0.6,0,1,,,,,,,,,0.341,0.54,0,0.774,,,,
13301,20161006,-93.15,39.87,0.297,0.38,0,0.161,0.381,0.63,0,0.958,0.446,0.59,0,1,,,,,,,,,0.339,0.52,0,0.667,,,,
13301,20161007,-93.15,39.87,0.327,0.54,0,0.19,0.397,0.7,0,0.958,0.46,0.64,0,1,,,,,,,,,0.362,0.62,0,0.667,,,,
13301,20161008,-93.15,39.87,0.358,0.69,0,0.321,0.415,0.77,0,0.958,0.475,0.7,0,1,,,,,,,,,0.387,0.73,0,0.667,,,,
13301,20161009,-93.15,39.87,0.387,0.83,0,0.464,0.433,0.85,0,0.958,0.491,0.76,0,1,,,,,,,,,0.41,0.83,0,0.667,,,,
13301,20161010,-93.15,39.87,0.413,0.95,0,0.607,0.447,0.9,0,0.958,0.506,0.81,0,1,,,,,,,,,0.43,0.91,0,0.667,,,,
13301,20161011,-93.15,39.87,0.439,1.07,0,0.75,0.46,0.96,0,0.958,0.519,0.86,0,1,,,,,,,,,0.45,0.99,0,0.75,,,,
13301,20161012,-93.15,39.87,0.464,1.18,0,0.893,0.473,1,0,0.958,0.53,0.9,0,1,,,,,,,,,0.469,1.07,0,0.893,,,,
13301,20161013,-93.15,39.87,0.483,1.25,0,1,0.481,1.03,0,1,0.535,0.91,0,1,,,,,,,,,0.482,1.12,0,1,,,,
13301,20161014,-93.15,39.87,0.471,1.15,0,1,0.47,0.96,0,1,0.526,0.86,0,1,,,,,,,,,0.471,1.04,0,1,,,,
13301,20161015,-93.15,39.87,0.459,1.06,0,1,0.458,0.89,0,1,0.515,0.81,0,1,,,,,,,,,0.459,0.96,0,1,,,,
13301,20161016,-93.15,39.87,0.449,0.98,0,1,0.448,0.83,0,1,0.504,0.77,0,1,,,,,,,,,0.448,0.89,0,1,,,,
13301,20161017,-93.15,39.87,0.441,0.91,0,1,0.44,0.78,0,1,0.493,0.72,0,1,,,,,,,,,0.44,0.83,0,1,,,,
13301,20161018,-93.15,39.87,0.43,0.83,0,1,0.435,0.75,0,1,0.485,0.68,0,1,,,,,,,,,0.432,0.78,0,1,,,,
13301,20161019,-93.15,39.87,0.417,0.74,0,0.899,0.431,0.72,0,1,0.48,0.66,0,1,,,,,,,,,0.424,0.72,0,1,,,,
13301,20161020,-93.15,39.87,0.401,0.65,0,0.756,0.426,0.68,0,1,0.476,0.63,0,1,,,,,,,,,0.414,0.65,0,0.982,,,,
13301,20161021,-93.15,39.87,0.385,0.55,0,0.613,0.422,0.64,0,1,0.472,0.61,0,1,,,,,,,,,0.403,0.59,0,0.839,,,,
13301,20161022,-93.15,39.87,0.368,0.46,0,0.47,0.417,0.6,0,0.982,0.468,0.58,0,1,,,,,,,,,0.393,0.52,0,0.696,,,,
13301,20161023,-93.15,39.87,0.35,0.35,0,0.327,0.412,0.56,0,0.863,0.464,0.55,0,1,,,,,,,,,0.381,0.45,0,0.554,,,,
13301,20161024,-93.15,39.87,0.332,0.24,0,0.185,0.406,0.52,0,0.72,0.46,0.52,0,1,,,,,,,,,0.369,0.38,0,0.411,,,,
13301,20161025,-93.15,39.87,0.316,0.15,0,0.042,0.4,0.47,0,0.577,0.456,0.5,0,1,,,,,,,,,0.358,0.31,0,0.268,,,,
13301,20161026,-93.15,39.87,0.304,0.07,0,0,0.394,0.43,0,0.435,0.451,0.47,0,1,,,,,,,,,0.349,0.25,0,0.125,,,,
13301,20161027,-93.15,39.87,0.301,0.05,0,0,0.388,0.4,0,0.292,0.447,0.45,0,1,,,,,,,,,0.345,0.22,0,0,,,,
13301,20161028,-93.15,39.87,0.299,0.03,0,0,0.383,0.37,0,0.149,0.443,0.43,0,1,,,,,,,,,0.341,0.2,0,0,,,,
13301,20161029,-93.15,39.87,0.296,0.01,0,0,0.378,0.35,0,0.024,0.439,0.41,0,1,,,,,,,,,0.337,0.18,0,0,,,,
13301,20161030,-93.15,39.87,0.293,-0.01,0,0,0.373,0.33,0,0,0.435,0.4,0,0.988,,,,,,,,,0.333,0.16,0,0,,,,
13301,20161031,-93.15,39.87,0.291,-0.03,0,0,0.367,0.31,0,0,0.431,0.38,0,0.964,,,,,,,,,0.329,0.14,0,0,,,,
13301,20161101,-93.15,39.87,0.289,-0.05,0,0,0.363,0.3,0,0,0.427,0.37,0,0.911,,,,,,,,,0.326,0.12,0,0,,,,
13301,20161102,-93.15,39.87,0.288,-0.06,0,0,0.358,0.27,0,0,0.423,0.35,0,0.815,,,,,,,,,0.323,0.1,0,0,,,,
13301,20161103,-93.15,39.87,0.293,0,0,0.107,0.357,0.29,0,0.107,0.42,0.34,0,0.78,,,,,,,,,0.325,0.14,0,0.107,,,,
13301,20161104,-93.15,39.87,0.301,0.08,0,0.25,0.357,0.31,0,0.25,0.418,0.34,0,0.78,,,,,,,,,0.329,0.19,0,0.25,,,,
13301,20161105,-93.15,39.87,0.307,0.15,0,0.333,0.357,0.34,0,0.393,0.416,0.33,0,0.768,,,,,,,,,0.332,0.23,0,0.393,,,,
13301,20161106,-93.15,39.87,0.314,0.2,0,0.333,0.357,0.36,0,0.536,0.414,0.32,0,0.685,,,,,,,,,0.335,0.27,0,0.494,,,,
13301,20161107,-93.15,39.87,0.319,0.25,0,0.333,0.358,0.38,0,0.679,0.413,0.31,0,0.571,,,,,,,,,0.339,0.3,0,0.494,,,,
13301,20161108,-93.15,39.87,0.324,0.29,0,0.333,0.359,0.41,0,0.821,0.411,0.3,0,0.488,,,,,,,,,0.342,0.33,0,0.494,,,,
13301,20161109,-93.15,39.87,0.329,0.33,0,0.333,0.361,0.45,0,0.964,0.411,0.3,0,0.446,,,,,,,,,0.345,0.37,0,0.494,,,,
13301,20161110,-93.15,39.87,0.317,0.22,0,0.226,0.358,0.43,0,0.94,0.409,0.27,0,0.339,,,,,,,,,0.337,0.29,0,0.387,,,,
13301,20161111,-93.15,39.87,0.304,0.09,0,0.083,0.354,0.39,0,0.798,0.406,0.24,0,0.196,,,,,,,,,0.329,0.2,0,0.244,,,,
13301,20161112,-93.15,39.87,0.293,-0.02,0.024,0,0.349,0.35,0,0.655,0.403,0.21,0,0.065,,,,,,,,,0.321,0.12,0,0.101,,,,
13301,20161113,-93.15,39.87,0.283,-0.12,0.167,0,0.343,0.29,0,0.512,0.399,0.18,0,0.018,,,,,,,,,0.313,0.03,0,0,,,,
13301,20161114,-93.15,39.87,0.274,-0.2,0.31,0,0.337,0.22,0,0.369,0.396,0.14,0,0.012,,,,,,,,,0.306,-0.05,0.089,0,,,,
13301,20161115,-93.15,39.87,0.266,-0.28,0.452,0,0.331,0.14,0,0.226,0.391,0.1,0,0.006,,,,,,,,,0.299,-0.13,0.232,0,,,,
13301,20161116,-93.15,39.87,0.26,-0.34,0.595,0,0.325,0.05,0.054,0.083,0.387,0.05,0,0,,,,,,,,,0.292,-0.2,0.375,0,,,,
13301,20161117,-93.15,39.87,0.254,-0.4,0.738,0,0.318,-0.05,0.196,0,0.382,0,0,0,,,,,,,,,0.286,-0.27,0.518,0,,,,
13301,20161118,-93.15,39.87,0.249,-0.44,0.881,0,0.311,-0.15,0.339,0,0.377,-0.06,0,0,,,,,,,,,0.28,-0.34,0.661,0,,,,
13301,20161119,-93.15,39.87,0.245,-0.48,1,0,0.304,-0.26,0.482,0,0.371,-0.13,0,0,,,,,,,,,0.275,-0.4,0.804,0,,,,
13301,20161120,-93.15,39.87,0.241,-0.52,1,0,0.296,-0.38,0.625,0,0.365,-0.19,0.06,0,,,,,,,,,0.269,-0.47,0.946,0,,,,
13301,20161121,-93.15,39.87,0.238,-0.56,1,0,0.289,-0.49,0.768,0,0.359,-0.26,0.202,0,,,,,,,,,0.264,-0.52,1,0,,,,
13301,20161122,-93.15,39.87,0.234,-0.59,1,0,0.283,-0.59,0.911,0,0.353,-0.33,0.345,0,,,,,,,,,0.258,-0.57,1,0,,,,
13301,20161123,-93.15,39.87,0.231,-0.62,1,0,0.276,-0.68,1,0,0.348,-0.39,0.488,0,,,,,,,,,0.254,-0.62,1,0,,,,
13301,20161124,-93.15,39.87,0.23,-0.64,1,0,0.271,-0.74,1,0,0.343,-0.44,0.631,0,,,,,,,,,0.25,-0.65,1,0,,,,
13301,20161125,-93.15,39.87,0.229,-0.65,1,0,0.267,-0.77,1,0,0.339,-0.48,0.774,0,,,,,,,,,0.248,-0.67,1,0,,,,
13301,20161126,-93.15,39.87,0.228,-0.66,1,0,0.265,-0.79,1,0,0.336,-0.51,0.917,0,,,,,,,,,0.247,-0.67,1,0,,,,
13301,20161127,-93.15,39.87,0.229,-0.67,1,0,0.264,-0.78,1,0,0.333,-0.53,1,0,,,,,,,,,0.246,-0.67,1,0,,,,
13301,20161128,-93.15,39.87,0.234,-0.63,0.952,0,0.264,-0.76,1,0,0.332,-0.55,1,0,,,,,,,,,0.249,-0.64,0.958,0,,,,
13301,20161129,-93.15,39.87,0.247,-0.53,0.81,0,0.264,-0.73,1,0,0.331,-0.55,1,0,,,,,,,,,0.256,-0.57,0.815,0,,,,
13301,20161130,-93.15,39.87,0.257,-0.47,0.667,0,0.266,-0.7,1,0,0.33,-0.54,1,0,,,,,,,,,0.261,-0.52,0.774,0,,,,
13301,20161201,-93.15,39.87,0.264,-0.42,0.524,0,0.266,-0.68,1,0,0.329,-0.54,1,0,,,,,,,,,0.265,-0.48,0.774,0,,,,
13301,20161202,-93.15,39.87,0.271,-0.38,0.399,0,0.267,-0.66,1,0,0.328,-0.54,1,0,,,,,,,,,0.269,-0.45,0.774,0,,,,
13301,20161203,-93.15,39.87,0.276,-0.35,0.399,0,0.267,-0.64,1,0,0.327,-0.53,1,0,,,,,,,,,0.272,-0.43,0.774,0,,,,
13301,20161204,-93.15,39.87,0.282,-0.31,0.393,0,0.268,-0.62,1,0,0.326,-0.52,1,0,,,,,,,,,0.275,-0.42,0.774,0,,,,
13301,20161205,-93.15,39.87,0.297,-0.21,0.298,0.054,0.27,-0.59,1,0,0.325,-0.52,1,0,,,,,,,,,0.283,-0.35,0.673,0,,,,
13301,20161206,-93.15,39.87,0.304,-0.18,0.298,0.054,0.273,-0.56,1,0,0.325,-0.52,1,0,,,,,,,,,0.288,-0.33,0.673,0,,,,
13301,20161207,-93.15,39.87,0.312,-0.14,0.298,0.054,0.276,-0.53,1,0,0.324,-0.52,1,0,,,,,,,,,0.294,-0.3,0.571,0,,,,
13301,20161208,-93.15,39.87,0.32,-0.1,0.298,0.054,0.279,-0.5,1,0,0.324,-0.52,1,0,,,,,,,,,0.3,-0.28,0.429,0,,,,
13301,20161209,-93.15,39.87,0.328,-0.07,0.28,0.054,0.282,-0.48,1,0,0.324,-0.52,1,0,,,,,,,,,0.305,-0.25,0.286,0,,,,
13301,20161210,-93.15,39.87,0.337,-0.02,0.137,0.054,0.284,-0.45,1,0,0.324,-0.52,1,0,,,,,,,,,0.31,-0.22,0.149,0,,,,
13301,20161211,-93.15,39.87,0.345,0.02,0,0.054,0.287,-0.43,1,0,0.324,-0.53,1,0,,,,,,,,,0.316,-0.19,0.012,0,,,,
13301,20161212,-93.15,39.87,0.338,-0.05,0,0,0.288,-0.42,1,0,0.324,-0.54,1,0,,,,,,,,,0.313,-0.23,0.018,0,,,,
13301,20161213,-93.15,39.87,0.331,-0.11,0,0,0.287,-0.43,1,0,0.324,-0.55,1,0,,,,,,,,,0.309,-0.27,0.119,0,,,,
13301,20161214,-93.15,39.87,0.327,-0.15,0,0,0.286,-0.43,1,0,0.324,-0.56,1,0,,,,,,,,,0.306,-0.3,0.25,0,,,,
13301,20161215,-93.15,39.87,0.322,-0.19,0,0,0.285,-0.43,1,0,0.323,-0.57,1,0,,,,,,,,,0.304,-0.32,0.393,0,,,,
13301,20161216,-93.15,39.87,0.319,-0.22,0,0,0.284,-0.44,1,0,0.323,-0.58,1,0,,,,,,,,,0.302,-0.34,0.536,0,,,,
13301,20161217,-93.15,39.87,0.316,-0.25,0.06,0,0.284,-0.45,1,0,0.323,-0.59,1,0,,,,,,,,,0.3,-0.36,0.673,0,,,,
13301,20161218,-93.15,39.87,0.313,-0.29,0.19,0,0.283,-0.46,1,0,0.323,-0.59,1,0,,,,,,,,,0.298,-0.39,0.81,0,,,,
13301,20161219,-93.15,39.87,0.309,-0.33,0.333,0,0.282,-0.48,1,0,0.323,-0.6,1,0,,,,,,,,,0.296,-0.41,0.946,0,,,,
13301,20161220,-93.15,39.87,0.304,-0.38,0.476,0,0.282,-0.5,1,0,0.322,-0.6,1,0,,,,,,,,,0.293,-0.45,0.988,0,,,,
13301,20161221,-93.15,39.87,0.296,-0.46,0.619,0,0.282,-0.52,1,0,0.322,-0.6,1,0,,,,,,,,,0.289,-0.49,1,0,,,,
13301,20161222,-93.15,39.87,0.291,-0.52,0.762,0,0.281,-0.54,1,0,0.322,-0.6,1,0,,,,,,,,,0.286,-0.53,1,0,,,,
13301,20161223,-93.15,39.87,0.288,-0.57,0.905,0,0.281,-0.55,1,0,0.322,-0.6,1,0,,,,,,,,,0.285,-0.57,1,0,,,,
13301,20161224,-93.15,39.87,0.294,-0.55,0.893,0,0.281,-0.57,1,0,0.322,-0.61,1,0,,,,,,,,,0.288,-0.56,0.958,0,,,,
13301,20161225,-93.15,39.87,0.307,-0.47,0.762,0,0.282,-0.58,1,0,0.322,-0.62,1,0,,,,,,,,,0.294,-0.54,0.821,0,,,,
13301,20161226,-93.15,39.87,0.324,-0.36,0.619,0.042,0.291,-0.52,0.94,0,0.327,-0.59,0.94,0,,,,,,,,,0.308,-0.46,0.679,0,,,,
13301,20161227,-93.15,39.87,0.343,-0.24,0.476,0.042,0.31,-0.4,0.798,0,0.339,-0.53,0.798,0,,,,,,,,,0.326,-0.34,0.536,0,,,,
13301,20161228,-93.15,39.87,0.362,-0.11,0.333,0.042,0.327,-0.29,0.655,0,0.35,-0.46,0.655,0,,,,,,,,,0.344,-0.22,0.393,0,,,,
13301,20161229,-93.15,39.87,0.378,0,0.19,0.042,0.343,-0.18,0.512,0,0.361,-0.4,0.512,0,,,,,,,,,0.36,-0.12,0.25,0,,,,
13301,20161230,-93.15,39.87,0.392,0.1,0.048,0.042,0.358,-0.08,0.369,0,0.372,-0.35,0.369,0,,,,,,,,,0.375,-0.02,0.107,0,,,,
13301,20161231,-93.15,39.87,0.395,0.12,0,0.042,0.373,0.02,0.226,0,0.382,-0.28,0.226,0,,,,,,,,,0.384,0.04,0.006,0,,,,
13301,20170101,-93.15,39.87,0.392,0.09,0,0.042,0.387,0.11,0.083,0,0.393,-0.22,0.083,0,,,,,,,,,0.389,0.07,0,0,,,,
13301,20170102,-93.15,39.87,0.384,0.02,0,0,0.392,0.14,0,0,0.399,-0.19,0,0,,,,,,,,,0.388,0.06,0,0,,,,
13301,20170103,-93.15,39.87,0.379,-0.03,0,0,0.388,0.11,0,0,0.398,-0.21,0,0,,,,,,,,,0.383,0.02,0,0,,,,
13301,20170104,-93.15,39.87,0.378,-0.04,0,0,0.386,0.09,0,0,0.398,-0.22,0,0,,,,,,,,,0.382,0.01,0,0,,,,
13301,20170105,-93.15,39.87,0.376,-0.05,0,0,0.386,0.07,0,0,0.398,-0.22,0,0,,,,,,,,,0.381,0,0,0,,,,
13301,20170106,-93.15,39.87,0.375,-0.07,0,0,0.385,0.06,0,0,0.397,-0.23,0,0,,,,,,,,,0.38,-0.01,0,0,,,,
13301,20170107,-93.15,39.87,0.374,-0.08,0,0,0.385,0.05,0,0,0.397,-0.24,0,0,,,,,,,,,0.38,-0.02,0,0,,,,
13301,20170108,-93.15,39.87,0.372,-0.09,0.024,0,0.386,0.05,0,0,0.397,-0.24,0,0,,,,,,,,,0.379,-0.02,0,0,,,,
13301,20170109,-93.15,39.87,0.369,-0.12,0.167,0,0.386,0.05,0,0,0.396,-0.25,0.006,0,,,,,,,,,0.377,-0.04,0.012,0,,,,
13301,20170110,-93.15,39.87,0.362,-0.17,0.31,0,0.385,0.04,0,0,0.396,-0.26,0.012,0,,,,,,,,,0.374,-0.07,0.131,0,,,,
13301,20170111,-93.15,39.87,0.36,-0.2,0.345,0,0.385,0.02,0,0,0.395,-0.27,0.042,0,,,,,,,,,0.372,-0.09,0.155,0,,,,
13301,20170112,-93.15,39.87,0.363,-0.18,0.345,0,0.384,0.01,0,0,0.395,-0.28,0.06,0,,,,,,,,,0.373,-0.08,0.155,0,,,,
13301,20170113,-93.15,39.87,0.365,-0.16,0.345,0,0.384,0.01,0,0,0.394,-0.3,0.137,0,,,,,,,,,0.375,-0.08,0.155,0,,,,
13301,20170114,-93.15,39.87,0.366,-0.16,0.345,0,0.384,0.01,0,0,0.394,-0.31,0.25,0,,,,,,,,,0.375,-0.08,0.155,0,,,,
13301,20170115,-93.15,39.87,0.368,-0.15,0.321,0,0.384,0,0,0,0.394,-0.32,0.393,0,,,,,,,,,0.376,-0.07,0.155,0,,,,
13301,20170116,-93.15,39.87,0.374,-0.1,0.179,0,0.385,0,0,0,0.394,-0.33,0.524,0,,,,,,,,,0.379,-0.06,0.143,0,,,,
13301,20170117,-93.15,39.87,0.396,0.07,0.036,0.143,0.4,0.12,0,0.143,0.41,-0.21,0.518,0.119,,,,,,,,,0.398,0.1,0.024,0.137,,,,
13301,20170118,-93.15,39.87,0.417,0.23,0,0.286,0.416,0.25,0,0.286,0.428,-0.07,0.488,0.262,,,,,,,,,0.417,0.25,0,0.28,,,,
13301,20170119,-93.15,39.87,0.434,0.36,0,0.429,0.433,0.38,0,0.429,0.445,0.07,0.47,0.405,,,,,,,,,0.434,0.38,0,0.423,,,,
13301,20170120,-93.15,39.87,0.452,0.5,0,0.571,0.45,0.51,0,0.571,0.463,0.21,0.393,0.548,,,,,,,,,0.451,0.52,0,0.565,,,,
13301,20170121,-93.15,39.87,0.473,0.65,0,0.714,0.467,0.65,0,0.714,0.481,0.36,0.28,0.69,,,,,,,,,0.47,0.67,0,0.708,,,,
13301,20170122,-93.15,39.87,0.494,0.8,0,0.857,0.484,0.77,0,0.857,0.498,0.5,0.137,0.833,,,,,,,,,0.489,0.81,0,0.851,,,,
13301,20170123,-93.15,39.87,0.515,0.95,0,1,0.502,0.9,0,1,0.516,0.65,0,0.976,,,,,,,,,0.509,0.96,0,0.994,,,,
13301,20170124,-93.15,39.87,0.52,0.96,0,1,0.506,0.91,0,1,0.519,0.66,0,1,,,,,,,,,0.513,0.96,0,1,,,,
13301,20170125,-93.15,39.87,0.518,0.92,0,1,0.507,0.89,0,1,0.519,0.66,0,1,,,,,,,,,0.512,0.94,0,1,,,,
13301,20170126,-93.15,39.87,0.518,0.89,0,1,0.507,0.87,0,1,0.52,0.66,0,1,,,,,,,,,0.512,0.91,0,1,,,,
13301,20170127,-93.15,39.87,0.515,0.85,0,1,0.507,0.84,0,1,0.521,0.66,0,1,,,,,,,,,0.511,0.87,0,1,,,,
13301,20170128,-93.15,39.87,0.51,0.8,0,0.952,0.506,0.8,0,1,0.522,0.65,0,1,,,,,,,,,0.508,0.81,0,0.988,,,,
13301,20170129,-93.15,39.87,0.504,0.74,0,0.839,0.504,0.77,0,1,0.523,0.65,0,1,,,,,,,,,0.504,0.76,0,0.893,,,,
13301,20170130,-93.15,39.87,0.497,0.67,0,0.696,0.502,0.73,0,1,0.523,0.64,0,1,,,,,,,,,0.499,0.7,0,0.786,,,,
13301,20170131,-93.15,39.87,0.489,0.6,0,0.554,0.498,0.69,0,1,0.524,0.63,0,0.988,,,,,,,,,0.494,0.64,0,0.643,,,,
13301,20170201,-93.15,39.87,0.481,0.54,0,0.411,0.494,0.64,0,0.94,0.523,0.61,0,0.958,,,,,,,,,0.488,0.58,0,0.5,,,,
13301,20170202,-93.15,39.87,0.472,0.47,0,0.268,0.49,0.6,0,0.815,0.521,0.59,0,0.869,,,,,,,,,0.481,0.51,0,0.357,,,,
13301,20170203,-93.15,39.87,0.462,0.4,0,0.125,0.485,0.55,0,0.673,0.517,0.54,0,0.726,,,,,,,,,0.473,0.44,0,0.214,,,,
13301,20170204,-93.15,39.87,0.453,0.33,0,0.03,0.479,0.49,0,0.53,0.512,0.5,0,0.583,,,,,,,,,0.466,0.38,0,0.083,,,,
13301,20170205,-93.15,39.87,0.444,0.27,0,0,0.473,0.43,0,0.387,0.506,0.44,0,0.44,,,,,,,,,0.459,0.32,0,0.036,,,,
13301,20170206,-93.15,39.87,0.436,0.21,0,0,0.468,0.37,0,0.244,0.5,0.38,0,0.298,,,,,,,,,0.452,0.27,0,0,,,,
13301,20170207,-93.15,39.87,0.429,0.17,0,0,0.464,0.32,0,0.101,0.494,0.33,0,0.167,,,,,,,,,0.446,0.23,0,0,,,,
13301,20170208,-93.15,39.87,0.424,0.13,0,0,0.46,0.28,0,0.018,0.488,0.27,0,0.054,,,,,,,,,0.442,0.2,0,0,,,,
13301,20170209,-93.15,39.87,0.42,0.11,0,0,0.457,0.24,0,0,0.482,0.21,0,0,,,,,,,,,0.438,0.17,0,0,,,,
13301,20170210,-93.15,39.87,0.416,0.08,0,0,0.454,0.2,0,0,0.478,0.16,0,0,,,,,,,,,0.435,0.14,0,0,,,,
13301,20170211,-93.15,39.87,0.415,0.07,0,0,0.452,0.17,0,0,0.474,0.11,0,0,,,,,,,,,0.433,0.12,0,0,,,,
13301,20170212,-93.15,39.87,0.414,0.07,0,0,0.452,0.16,0,0,0.472,0.08,0,0,,,,,,,,,0.433,0.12,0,0,,,,
13301,20170213,-93.15,39.87,0.413,0.07,0,0,0.45,0.14,0,0,0.469,0.04,0,0,,,,,,,,,0.432,0.11,0,0,,,,
13301,20170214,-93.15,39.87,0.411,0.05,0,0,0.448,0.12,0,0,0.466,0,0,0,,,,,,,,,0.43,0.09,0,0,,,,
13301,20170215,-93.15,39.87,0.408,0.03,0,0,0.446,0.1,0,0,0.463,-0.04,0,0,,,,,,,,,0.427,0.06,0,0,,,,
13301,20170216,-93.15,39.87,0.406,0.02,0,0,0.444,0.08,0,0,0.461,-0.07,0,0,,,,,,,,,0.425,0.04,0,0,,,,
13301,20170217,-93.15,39.87,0.403,0,0,0,0.443,0.07,0,0,0.46,-0.07,0,0,,,,,,,,,0.423,0.03,0,0,,,,
13301,20170218,-93.15,39.87,0.4,-0.02,0,0,0.442,0.06,0,0,0.46,-0.07,0,0,,,,,,,,,0.421,0.02,0,0,,,,
13301,20170219,-93.15,39.87,0.396,-0.05,0,0,0.44,0.05,0,0,0.459,-0.08,0,0,,,,,,,,,0.418,0,0,0,,,,
13301,20170220,-93.15,39.87,0.392,-0.08,0,0,0.438,0.04,0,0,0.459,-0.08,0,0,,,,,,,,,0.415,-0.02,0,0,,,,
13301,20170221,-93.15,39.87,0.388,-0.1,0,0,0.437,0.04,0,0,0.459,-0.07,0,0,,,,,,,,,0.412,-0.03,0,0,,,,
13301,20170222,-93.15,39.87,0.385,-0.12,0,0,0.436,0.04,0,0,0.459,-0.07,0,0,,,,,,,,,0.41,-0.03,0,0,,,,
13301,20170223,-93.15,39.87,0.382,-0.15,0,0,0.435,0.04,0,0,0.459,-0.07,0,0,,,,,,,,,0.408,-0.04,0,0,,,,
13301,20170224,-93.15,39.87,0.379,-0.17,0,0,0.433,0.03,0,0,0.458,-0.08,0,0,,,,,,,,,0.406,-0.05,0,0,,,,
13301,20170225,-93.15,39.87,0.376,-0.19,0.018,0,0.432,0.02,0,0,0.458,-0.09,0,0,,,,,,,,,0.404,-0.07,0,0,,,,
13301,20170226,-93.15,39.87,0.373,-0.22,0.048,0,0.43,0.01,0,0,0.456,-0.1,0,0,,,,,,,,,0.401,-0.09,0,0,,,,
13301,20170227,-93.15,39.87,0.37,-0.24,0.137,0,0.428,-0.01,0,0,0.455,-0.12,0,0,,,,,,,,,0.399,-0.11,0,0,,,,
13301,20170228,-93.15,39.87,0.366,-0.27,0.256,0,0.425,-0.03,0,0,0.453,-0.14,0,0,,,,,,,,,0.396,-0.13,0,0,,,,
13301,20170301,-93.15,39.87,0.362,-0.3,0.399,0,0.423,-0.06,0,0,0.452,-0.16,0,0,,,,,,,,,0.393,-0.17,0,0,,,,
13301,20170302,-93.15,39.87,0.359,-0.33,0.542,0,0.421,-0.09,0,0,0.45,-0.19,0.018,0,,,,,,,,,0.39,-0.2,0,0,,,,
13301,20170303,-93.15,39.87,0.355,-0.37,0.685,0,0.419,-0.13,0,0,0.449,-0.22,0.065,0,,,,,,,,,0.387,-0.24,0.089,0,,,,
13301,20170304,-93.15,39.87,0.35,-0.41,0.81,0,0.416,-0.16,0,0,0.447,-0.25,0.167,0,,,,,,,,,0.383,-0.28,0.22,0,,,,
13301,20170305,-93.15,39.87,0.346,-0.46,0.923,0,0.413,-0.19,0,0,0.446,-0.29,0.28,0,,,,,,,,,0.38,-0.31,0.363,0,,,,
13301,20170306,-93.15,39.87,0.342,-0.5,0.976,0,0.411,-0.22,0,0,0.445,-0.31,0.381,0,,,,,,,,,0.376,-0.35,0.506,0,,,,
13301,20170307,-93.15,39.87,0.345,-0.48,0.94,0.018,0.411,-0.23,0,0,0.446,-0.31,0.44,0,,,,,,,,,0.378,-0.34,0.589,0,,,,
13301,20170308,-93.15,39.87,0.355,-0.41,0.798,0.018,0.413,-0.21,0,0,0.449,-0.29,0.44,0,,,,,,,,,0.384,-0.29,0.589,0,,,,
13301,20170309,-93.15,39.87,0.362,-0.36,0.655,0.018,0.414,-0.2,0,0,0.452,-0.26,0.423,0,,,,,,,,,0.388,-0.26,0.589,0,,,,
13301,20170310,-93.15,39.87,0.369,-0.31,0.512,0.018,0.415,-0.19,0,0,0.455,-0.25,0.375,0,,,,,,,,,0.392,-0.24,0.5,0,,,,
13301,20170311,-93.15,39.87,0.375,-0.27,0.369,0.018,0.416,-0.19,0,0,0.456,-0.24,0.274,0,,,,,,,,,0.395,-0.22,0.369,0,,,,
13301,20170312,-93.15,39.87,0.381,-0.22,0.226,0.018,0.416,-0.19,0,0,0.457,-0.25,0.238,0,,,,,,,,,0.399,-0.2,0.226,0,,,,
13301,20170313,-93.15,39.87,0.386,-0.19,0.167,0.018,0.417,-0.19,0,0,0.458,-0.26,0.256,0,,,,,,,,,0.402,-0.19,0.095,0,,,,
13301,20170314,-93.15,39.87,0.385,-0.21,0.22,0,0.415,-0.22,0,0,0.457,-0.3,0.333,0,,,,,,,,,0.4,-0.21,0.107,0,,,,
13301,20170315,-93.15,39.87,0.376,-0.29,0.363,0,0.411,-0.28,0.065,0,0.452,-0.37,0.476,0,,,,,,,,,0.394,-0.29,0.25,0,,,,
13301,20170316,-93.15,39.87,0.371,-0.34,0.506,0,0.408,-0.32,0.196,0,0.448,-0.45,0.619,0,,,,,,,,,0.39,-0.34,0.393,0,,,,
13301,20170317,-93.15,39.87,0.367,-0.38,0.649,0,0.406,-0.35,0.321,0,0.444,-0.51,0.762,0,,,,,,,,,0.387,-0.38,0.536,0,,,,
13301,20170318,-93.15,39.87,0.364,-0.42,0.792,0,0.404,-0.38,0.458,0,0.443,-0.56,0.905,0,,,,,,,,,0.384,-0.41,0.679,0,,,,
13301,20170319,-93.15,39.87,0.36,-0.47,0.935,0,0.403,-0.4,0.601,0,0.441,-0.6,0.97,0,,,,,,,,,0.382,-0.45,0.821,0,,,,
13301,20170320,-93.15,39.87,0.356,-0.52,0.994,0,0.401,-0.43,0.744,0,0.44,-0.65,0.994,0,,,,,,,,,0.378,-0.49,0.952,0,,,,
13301,20170321,-93.15,39.87,0.35,-0.57,1,0,0.399,-0.45,0.887,0,0.439,-0.69,1,0,,,,,,,,,0.375,-0.53,1,0,,,,
13301,20170322,-93.15,39.87,0.343,-0.64,1,0,0.396,-0.48,0.964,0,0.437,-0.74,1,0,,,,,,,,,0.37,-0.58,1,0,,,,
13301,20170323,-93.15,39.87,0.336,-0.72,1,0,0.393,-0.52,0.976,0,0.436,-0.79,1,0,,,,,,,,,0.364,-0.65,1,0,,,,
13301,20170324,-93.15,39.87,0.327,-0.8,1,0,0.388,-0.57,0.994,0,0.433,-0.85,1,0,,,,,,,,,0.358,-0.72,1,0,,,,
13301,20170325,-93.15,39.87,0.337,-0.73,0.905,0.077,0.392,-0.53,0.917,0,0.437,-0.83,0.935,0,,,,,,,,,0.365,-0.66,0.911,0.012,,,,
13301,20170326,-93.15,39.87,0.361,-0.54,0.762,0.22,0.406,-0.4,0.774,0.089,0.448,-0.72,0.792,0,,,,,,,,,0.384,-0.49,0.768,0.155,,,,
13301,20170327,-93.15,39.87,0.387,-0.33,0.619,0.363,0.421,-0.24,0.631,0.232,0.46,-0.59,0.649,0,,,,,,,,,0.404,-0.31,0.625,0.298,,,,
13301,20170328,-93.15,39.87,0.412,-0.12,0.479,0.503,0.436,-0.09,0.491,0.371,0.472,-0.44,0.509,0,,,,,,,,,0.424,-0.11,0.485,0.437,,,,
13301,20170329,-93.15,39.87,0.439,0.12,0.335,0.647,0.453,0.09,0.347,0.515,0.485,-0.27,0.365,0,,,,,,,,,0.446,0.1,0.341,0.581,,,,
13301,20170330,-93.15,39.87,0.469,0.39,0.192,0.79,0.471,0.28,0.204,0.659,0.499,-0.09,0.222,0.006,,,,,,,,,0.47,0.33,0.198,0.725,,,,
13301,20170331,-93.15,39.87,0.501,0.68,0.048,0.934,0.49,0.48,0.06,0.802,0.514,0.12,0.078,0.06,,,,,,,,,0.495,0.58,0.054,0.868,,,,
13301,20170401,-93.15,39.87,0.514,0.82,0,1,0.5,0.61,0,0.946,0.522,0.25,0,0.144,,,,,,,,,0.507,0.71,0,1,,,,
13301,20170402,-93.15,39.87,0.514,0.85,0,1,0.501,0.64,0,1,0.523,0.31,0,0.275,,,,,,,,,0.507,0.74,0,1,,,,
13301,20170403,-93.15,39.87,0.514,0.87,0,1,0.501,0.66,0,1,0.524,0.37,0,0.419,,,,,,,,,0.507,0.76,0,1,,,,
13301,20170404,-93.15,39.87,0.515,0.89,0,1,0.501,0.67,0,1,0.525,0.41,0,0.56,,,,,,,,,0.508,0.79,0,1,,,,
13301,20170405,-93.15,39.87,0.517,0.92,0,1,0.5,0.68,0,1,0.525,0.45,0,0.702,,,,,,,,,0.509,0.81,0,1,,,,
13301,20170406,-93.15,39.87,0.517,0.93,0,1,0.5,0.69,0,1,0.525,0.49,0,0.839,,,,,,,,,0.508,0.82,0,1,,,,
13301,20170407,-93.15,39.87,0.517,0.94,0,1,0.5,0.7,0,1,0.526,0.53,0,0.929,,,,,,,,,0.508,0.83,0,1,,,,
13301,20170408,-93.15,39.87,0.516,0.95,0,1,0.499,0.71,0,1,0.525,0.55,0,0.988,,,,,,,,,0.508,0.84,0,1,,,,
13301,20170409,-93.15,39.87,0.515,0.95,0,1,0.499,0.72,0,1,0.525,0.57,0,1,,,,,,,,,0.507,0.84,0,1,,,,
13301,20170410,-93.15,39.87,0.512,0.93,0,1,0.497,0.72,0,1,0.525,0.58,0,1,,,,,,,,,0.504,0.83,0,1,,,,
13301,20170411,-93.15,39.87,0.504,0.88,0,1,0.492,0.71,0,1,0.522,0.57,0,1,,,,,,,,,0.498,0.79,0,1,,,,
13301,20170412,-93.15,39.87,0.493,0.8,0,0.988,0.486,0.68,0,1,0.517,0.52,0,0.869,,,,,,,,,0.49,0.74,0,1,,,,
13301,20170413,-93.15,39.87,0.48,0.69,0,0.893,0.479,0.65,0,1,0.51,0.47,0,0.726,,,,,,,,,0.479,0.67,0,1,,,,
13301,20170414,-93.15,39.87,0.464,0.57,0,0.75,0.472,0.61,0,1,0.502,0.4,0,0.583,,,,,,,,,0.468,0.58,0,0.929,,,,
13301,20170415,-93.15,39.87,0.447,0.43,0,0.607,0.463,0.56,0,1,0.495,0.33,0,0.44,,,,,,,,,0.455,0.49,0,0.792,,,,
13301,20170416,-93.15,39.87,0.428,0.26,0,0.464,0.454,0.5,0,0.994,0.486,0.25,0,0.298,,,,,,,,,0.441,0.37,0,0.649,,,,
13301,20170417,-93.15,39.87,0.408,0.08,0.125,0.321,0.445,0.45,0,0.863,0.477,0.17,0,0.155,,,,,,,,,0.427,0.26,0,0.506,,,,
13301,20170418,-93.15,39.87,0.389,-0.08,0.268,0.179,0.437,0.38,0,0.72,0.47,0.1,0,0.012,,,,,,,,,0.413,0.14,0,0.363,,,,
13301,20170419,-93.15,39.87,0.371,-0.23,0.411,0.048,0.428,0.31,0,0.577,0.464,0.05,0,0,,,,,,,,,0.4,0.03,0.113,0.22,,,,
13301,20170420,-93.15,39.87,0.352,-0.38,0.554,0,0.419,0.22,0,0.435,0.458,0,0,0,,,,,,,,,0.386,-0.1,0.256,0.077,,,,
13301,20170421,-93.15,39.87,0.334,-0.53,0.696,0,0.408,0.12,0.083,0.292,0.452,-0.05,0.024,0,,,,,,,,,0.371,-0.23,0.399,0.006,,,,
13301,20170422,-93.15,39.87,0.316,-0.67,0.839,0,0.395,-0.01,0.226,0.149,0.445,-0.12,0.161,0,,,,,,,,,0.356,-0.36,0.542,0,,,,
13301,20170423,-93.15,39.87,0.301,-0.78,0.982,0,0.383,-0.14,0.354,0.012,0.438,-0.19,0.287,0,,,,,,,,,0.342,-0.48,0.677,0,,,,
13301,20170424,-93.15,39.87,0.287,-0.87,1,0,0.367,-0.3,0.5,0,0.429,-0.28,0.433,0,,,,,,,,,0.327,-0.6,0.823,0,,,,
13301,20170425,-93.15,39.87,0.274,-0.96,1,0,0.351,-0.45,0.646,0,0.419,-0.39,0.579,0,,,,,,,,,0.313,-0.72,0.97,0,,,,
13301,20170426,-93.15,39.87,0.262,-1.03,1,0,0.335,-0.61,0.793,0,0.407,-0.5,0.726,0,,,,,,,,,0.299,-0.83,1,0,,,,
13301,20170427,-93.15,39.87,0.254,-1.07,1,0,0.32,-0.75,0.939,0,0.397,-0.61,0.872,0,,,,,,,,,0.287,-0.91,1,0,,,,
13301,20170428,-93.15,39.87,0.248,-1.09,1,0,0.307,-0.86,1,0,0.387,-0.71,0.994,0,,,,,,,,,0.277,-0.98,1,0,,,,
13301,20170429,-93.15,39.87,0.256,-0.99,0.878,0,0.296,-0.93,1,0,0.378,-0.79,1,0,,,,,,,,,0.276,-0.96,1,0,,,,
13301,20170430,-93.15,39.87,0.29,-0.71,0.738,0.131,0.312,-0.77,0.887,0.107,0.388,-0.67,0.887,0.107,,,,,,,,,0.301,-0.73,0.863,0.113,,,,
13301,20170501,-93.15,39.87,0.33,-0.38,0.595,0.274,0.336,-0.52,0.744,0.25,0.404,-0.47,0.744,0.25,,,,,,,,,0.333,-0.44,0.72,0.256,,,,
13301,20170502,-93.15,39.87,0.37,-0.05,0.452,0.417,0.364,-0.25,0.601,0.393,0.424,-0.25,0.601,0.393,,,,,,,,,0.367,-0.13,0.577,0.399,,,,
13301,20170503,-93.15,39.87,0.411,0.27,0.31,0.56,0.394,0.04,0.458,0.536,0.445,-0.02,0.458,0.536,,,,,,,,,0.403,0.19,0.435,0.542,,,,
13301,20170504,-93.15,39.87,0.45,0.57,0.167,0.702,0.424,0.33,0.315,0.679,0.467,0.22,0.315,0.679,,,,,,,,,0.437,0.49,0.292,0.685,,,,
13301,20170505,-93.15,39.87,0.482,0.81,0.024,0.845,0.451,0.58,0.173,0.821,0.489,0.45,0.173,0.821,,,,,,,,,0.467,0.74,0.149,0.827,,,,
13301,20170506,-93.15,39.87,0.496,0.92,0,0.964,0.475,0.79,0.03,0.964,0.508,0.65,0.03,0.964,,,,,,,,,0.485,0.9,0.006,0.97,,,,
13301,20170507,-93.15,39.87,0.482,0.81,0,0.839,0.473,0.78,0,0.982,0.509,0.66,0,0.994,,,,,,,,,0.477,0.83,0,0.893,,,,
13301,20170508,-93.15,39.87,0.459,0.64,0,0.696,0.461,0.68,0,0.839,0.502,0.58,0,0.869,,,,,,,,,0.46,0.69,0,0.75,,,,
13301,20170509,-93.15,39.87,0.433,0.46,0,0.554,0.448,0.57,0,0.696,0.494,0.5,0,0.726,,,,,,,,,0.441,0.54,0,0.607,,,,
13301,20170510,-93.15,39.87,0.405,0.27,0,0.411,0.433,0.44,0,0.554,0.484,0.4,0,0.583,,,,,,,,,0.419,0.37,0,0.464,,,,
13301,20170511,-93.15,39.87,0.377,0.08,0,0.268,0.418,0.31,0,0.411,0.474,0.3,0,0.44,,,,,,,,,0.398,0.2,0,0.321,,,,
13301,20170512,-93.15,39.87,0.354,-0.07,0,0.125,0.405,0.2,0,0.268,0.464,0.21,0,0.298,,,,,,,,,0.379,0.06,0,0.179,,,,
13301,20170513,-93.15,39.87,0.334,-0.2,0.143,0.006,0.393,0.11,0,0.125,0.455,0.13,0,0.155,,,,,,,,,0.364,-0.06,0,0.036,,,,
13301,20170514,-93.15,39.87,0.316,-0.32,0.286,0,0.382,0.03,0,0,0.447,0.06,0,0.018,,,,,,,,,0.349,-0.16,0.113,0,,,,
13301,20170515,-93.15,39.87,0.299,-0.42,0.429,0,0.369,-0.07,0.018,0,0.439,-0.01,0,0,,,,,,,,,0.334,-0.27,0.256,0,,,,
13301,20170516,-93.15,39.87,0.285,-0.51,0.571,0,0.355,-0.17,0.161,0,0.429,-0.09,0,0,,,,,,,,,0.32,-0.36,0.399,0,,,,
13301,20170517,-93.15,39.87,0.275,-0.56,0.702,0.012,0.342,-0.26,0.292,0,0.419,-0.16,0.042,0,,,,,,,,,0.308,-0.44,0.53,0,,,,
13301,20170518,-93.15,39.87,0.286,-0.5,0.702,0.012,0.341,-0.27,0.292,0,0.416,-0.19,0.042,0,,,,,,,,,0.314,-0.41,0.53,0,,,,
13301,20170519,-93.15,39.87,0.298,-0.43,0.702,0.048,0.342,-0.27,0.292,0.03,0.415,-0.2,0.042,0.024,,,,,,,,,0.32,-0.37,0.53,0.036,,,,
13301,20170520,-93.15,39.87,0.327,-0.26,0.56,0.19,0.357,-0.17,0.292,0.173,0.426,-0.12,0.042,0.167,,,,,,,,,0.342,-0.23,0.53,0.179,,,,
13301,20170521,-93.15,39.87,0.357,-0.08,0.417,0.333,0.373,-0.06,0.292,0.315,0.438,-0.03,0.042,0.31,,,,,,,,,0.365,-0.08,0.417,0.321,,,,
13301,20170522,-93.15,39.87,0.384,0.08,0.274,0.452,0.39,0.05,0.274,0.458,0.45,0.05,0.042,0.452,,,,,,,,,0.387,0.07,0.274,0.458,,,,
13301,20170523,-93.15,39.87,0.413,0.25,0.131,0.524,0.408,0.18,0.131,0.601,0.461,0.14,0.042,0.542,,,,,,,,,0.41,0.22,0.131,0.589,,,,
13301,20170524,-93.15,39.87,0.441,0.41,0,0.655,0.427,0.31,0,0.744,0.474,0.24,0,0.643,,,,,,,,,0.434,0.37,0,0.732,,,,
13301,20170525,-93.15,39.87,0.447,0.45,0,0.75,0.433,0.36,0,0.839,0.48,0.29,0,0.649,,,,,,,,,0.44,0.42,0,0.857,,,,
13301,20170526,-93.15,39.87,0.453,0.49,0,0.744,0.438,0.4,0,0.827,0.485,0.33,0,0.637,,,,,,,,,0.445,0.46,0,0.851,,,,
13301,20170527,-93.15,39.87,0.448,0.47,0,0.744,0.435,0.38,0,0.827,0.48,0.3,0,0.637,,,,,,,,,0.441,0.44,0,0.851,,,,
13301,20170528,-93.15,39.87,0.441,0.44,0,0.744,0.429,0.35,0,0.78,0.475,0.27,0,0.601,,,,,,,,,0.435,0.4,0,0.851,,,,
13301,20170529,-93.15,39.87,0.437,0.42,0,0.667,0.426,0.32,0,0.637,0.471,0.25,0,0.458,,,,,,,,,0.431,0.38,0,0.744,,,,
13301,20170530,-93.15,39.87,0.427,0.37,0,0.595,0.421,0.3,0,0.494,0.468,0.24,0,0.369,,,,,,,,,0.424,0.34,0,0.613,,,,
13301,20170531,-93.15,39.87,0.411,0.28,0,0.452,0.414,0.25,0,0.351,0.464,0.21,0,0.268,,,,,,,,,0.412,0.27,0,0.47,,,,
13301,20170601,-93.15,39.87,0.394,0.19,0,0.357,0.406,0.2,0,0.256,0.46,0.18,0,0.262,,,,,,,,,0.4,0.2,0,0.345,,,,
13301,20170602,-93.15,39.87,0.373,0.09,0,0.327,0.397,0.14,0,0.238,0.455,0.14,0,0.25,,,,,,,,,0.385,0.11,0,0.315,,,,
13301,20170603,-93.15,39.87,0.346,-0.05,0,0.185,0.383,0.05,0,0.095,0.445,0.08,0,0.107,,,,,,,,,0.365,-0.01,0,0.173,,,,
13301,20170604,-93.15,39.87,0.32,-0.19,0.071,0.042,0.369,-0.04,0,0,0.436,0.02,0,0,,,,,,,,,0.345,-0.12,0,0.03,,,,
13301,20170605,-93.15,39.87,0.296,-0.31,0.214,0,0.354,-0.13,0,0,0.427,-0.05,0,0,,,,,,,,,0.325,-0.23,0.012,0,,,,
13301,20170606,-93.15,39.87,0.275,-0.41,0.357,0,0.339,-0.22,0.018,0,0.417,-0.11,0,0,,,,,,,,,0.307,-0.33,0.137,0,,,,
13301,20170607,-93.15,39.87,0.258,-0.5,0.5,0,0.323,-0.31,0.155,0,0.406,-0.18,0,0,,,,,,,,,0.29,-0.42,0.28,0,,,,
13301,20170608,-93.15,39.87,0.244,-0.56,0.643,0,0.308,-0.4,0.298,0,0.394,-0.25,0,0,,,,,,,,,0.276,-0.49,0.423,0,,,,
13301,20170609,-93.15,39.87,0.232,-0.61,0.786,0,0.293,-0.49,0.44,0,0.381,-0.32,0.119,0,,,,,,,,,0.263,-0.56,0.565,0,,,,
13301,20170610,-93.15,39.87,0.222,-0.66,0.929,0,0.278,-0.57,0.583,0,0.367,-0.39,0.262,0,,,,,,,,,0.25,-0.63,0.708,0,,,,
13301,20170611,-93.15,39.87,0.213,-0.71,1,0,0.264,-0.65,0.726,0,0.352,-0.47,0.405,0,,,,,,,,,0.238,-0.69,0.851,0,,,,
13301,20170612,-93.15,39.87,0.206,-0.75,1,0,0.251,-0.73,0.869,0,0.338,-0.55,0.548,0,,,,,,,,,0.228,-0.75,0.982,0,,,,
13301,20170613,-93.15,39.87,0.199,-0.78,1,0,0.239,-0.79,0.994,0,0.322,-0.63,0.69,0,,,,,,,,,0.219,-0.8,1,0,,,,
13301,20170614,-93.15,39.87,0.194,-0.81,1,0,0.23,-0.85,1,0,0.309,-0.7,0.833,0,,,,,,,,,0.212,-0.84,1,0,,,,
13301,20170615,-93.15,39.87,0.19,-0.84,1,0,0.222,-0.89,1,0,0.296,-0.76,0.976,0,,,,,,,,,0.206,-0.88,1,0,,,,
13301,20170616,-93.15,39.87,0.188,-0.85,1,0,0.219,-0.91,0.97,0,0.286,-0.82,1,0,,,,,,,,,0.204,-0.9,1,0,,,,
13301,20170617,-93.15,39.87,0.197,-0.81,0.958,0,0.228,-0.85,0.929,0,0.281,-0.84,0.97,0,,,,,,,,,0.212,-0.85,0.958,0,,,,
13301,20170618,-93.15,39.87,0.215,-0.71,0.815,0,0.243,-0.76,0.786,0,0.283,-0.82,0.958,0,,,,,,,,,0.229,-0.75,0.815,0,,,,
13301,20170619,-93.15,39.87,0.229,-0.63,0.673,0,0.255,-0.69,0.649,0,0.285,-0.81,0.958,0,,,,,,,,,0.242,-0.67,0.726,0,,,,
13301,20170620,-93.15,39.87,0.239,-0.57,0.643,0,0.263,-0.63,0.649,0,0.288,-0.79,0.958,0,,,,,,,,,0.251,-0.61,0.726,0,,,,
13301,20170621,-93.15,39.87,0.246,-0.53,0.643,0,0.27,-0.59,0.649,0,0.289,-0.77,0.958,0,,,,,,,,,0.258,-0.56,0.726,0,,,,
13301,20170622,-93.15,39.87,0.251,-0.5,0.643,0,0.275,-0.55,0.649,0,0.291,-0.75,0.958,0,,,,,,,,,0.263,-0.53,0.726,0,,,,
13301,20170623,-93.15,39.87,0.253,-0.48,0.641,0,0.276,-0.54,0.659,0,0.294,-0.72,0.94,0,,,,,,,,,0.264,-0.52,0.719,0,,,,
13301,20170624,-93.15,39.87,0.247,-0.51,0.683,0,0.274,-0.54,0.629,0,0.303,-0.66,0.826,0,,,,,,,,,0.261,-0.53,0.76,0,,,,
13301,20170625,-93.15,39.87,0.23,-0.6,0.826,0,0.265,-0.6,0.772,0,0.303,-0.65,0.713,0,,,,,,,,,0.247,-0.61,0.904,0,,,,
13301,20170626,-93.15,39.87,0.216,-0.67,0.97,0,0.257,-0.64,0.91,0,0.303,-0.64,0.713,0,,,,,,,,,0.237,-0.66,0.994,0,,,,
13301,20170627,-93.15,39.87,0.206,-0.72,1,0,0.251,-0.67,0.91,0,0.303,-0.64,0.713,0,,,,,,,,,0.228,-0.7,0.994,0,,,,
13301,20170628,-93.15,39.87,0.199,-0.76,1,0,0.246,-0.68,0.91,0,0.302,-0.63,0.713,0,,,,,,,,,0.222,-0.73,0.994,0,,,,
13301,20170629,-93.15,39.87,0.21,-0.69,0.946,0.048,0.256,-0.62,0.856,0.048,0.313,-0.56,0.659,0.048,,,,,,,,,0.233,-0.65,0.94,0.048,,,,
13301,20170630,-93.15,39.87,0.259,-0.43,0.804,0.19,0.295,-0.38,0.732,0.19,0.349,-0.37,0.536,0.19,,,,,,,,,0.277,-0.4,0.804,0.19,,,,
13301,20170701,-93.15,39.87,0.3,-0.21,0.661,0.333,0.327,-0.19,0.661,0.333,0.377,-0.23,0.536,0.333,,,,,,,,,0.313,-0.19,0.661,0.333,,,,
13301,20170702,-93.15,39.87,0.332,-0.03,0.518,0.452,0.354,-0.02,0.518,0.476,0.404,-0.09,0.518,0.476,,,,,,,,,0.343,-0.01,0.518,0.476,,,,
13301,20170703,-93.15,39.87,0.362,0.13,0.375,0.452,0.38,0.13,0.375,0.518,0.429,0.04,0.375,0.518,,,,,,,,,0.371,0.15,0.375,0.5,,,,
13301,20170704,-93.15,39.87,0.389,0.28,0.232,0.452,0.404,0.27,0.232,0.518,0.454,0.17,0.232,0.518,,,,,,,,,0.397,0.3,0.232,0.5,,,,
13301,20170705,-93.15,39.87,0.415,0.42,0.089,0.452,0.429,0.41,0.089,0.518,0.48,0.3,0.089,0.518,,,,,,,,,0.422,0.44,0.089,0.5,,,,
13301,20170706,-93.15,39.87,0.422,0.46,0,0.405,0.441,0.48,0,0.47,0.495,0.36,0,0.47,,,,,,,,,0.432,0.5,0,0.452,,,,
13301,20170707,-93.15,39.87,0.393,0.31,0,0.262,0.423,0.37,0,0.327,0.482,0.29,0,0.327,,,,,,,,,0.408,0.36,0,0.31,,,,
13301,20170708,-93.15,39.87,0.366,0.17,0,0.119,0.403,0.25,0,0.185,0.468,0.22,0,0.185,,,,,,,,,0.384,0.23,0,0.167,,,,
13301,20170709,-93.15,39.87,0.347,0.08,0,0,0.389,0.17,0,0.042,0.456,0.15,0,0.042,,,,,,,,,0.368,0.15,0,0.024,,,,
13301,20170710,-93.15,39.87,0.33,0,0,0,0.378,0.12,0,0,0.448,0.11,0,0,,,,,,,,,0.354,0.08,0,0,,,,
13301,20170711,-93.15,39.87,0.312,-0.08,0,0,0.367,0.06,0,0,0.44,0.07,0,0,,,,,,,,,0.34,0.01,0,0,,,,
13301,20170712,-93.15,39.87,0.293,-0.16,0,0,0.355,0.01,0,0,0.431,0.03,0,0,,,,,,,,,0.324,-0.06,0,0,,,,
13301,20170713,-93.15,39.87,0.293,-0.14,0,0.054,0.353,0.01,0,0.048,0.428,0.03,0,0.048,,,,,,,,,0.323,-0.06,0,0.048,,,,
13301,20170714,-93.15,39.87,0.318,0.02,0,0.196,0.372,0.14,0,0.19,0.444,0.13,0,0.19,,,,,,,,,0.345,0.09,0,0.19,,,,
13301,20170715,-93.15,39.87,0.339,0.15,0,0.339,0.387,0.25,0,0.333,0.457,0.21,0,0.333,,,,,,,,,0.363,0.2,0,0.333,,,,
13301,20170716,-93.15,39.87,0.359,0.28,0,0.482,0.397,0.33,0,0.476,0.465,0.27,0,0.476,,,,,,,,,0.378,0.31,0,0.476,,,,
13301,20170717,-93.15,39.87,0.38,0.41,0,0.625,0.408,0.41,0,0.619,0.471,0.33,0,0.619,,,,,,,,,0.394,0.41,0,0.619,,,,
13301,20170718,-93.15,39.87,0.401,0.55,0,0.768,0.419,0.49,0,0.762,0.479,0.39,0,0.762,,,,,,,,,0.41,0.52,0,0.762,,,,
13301,20170719,-93.15,39.87,0.422,0.67,0,0.911,0.431,0.58,0,0.905,0.488,0.45,0,0.905,,,,,,,,,0.427,0.63,0,0.905,,,,
13301,20170720,-93.15,39.87,0.424,0.7,0,0.917,0.434,0.61,0,1,0.49,0.48,0,0.988,,,,,,,,,0.429,0.66,0,0.982,,,,
13301,20170721,-93.15,39.87,0.398,0.57,0,0.774,0.414,0.52,0,0.893,0.474,0.42,0,0.857,,,,,,,,,0.406,0.55,0,0.839,,,,
13301,20170722,-93.15,39.87,0.376,0.46,0,0.631,0.399,0.45,0,0.75,0.46,0.36,0,0.714,,,,,,,,,0.387,0.46,0,0.696,,,,
13301,20170723,-93.15,39.87,0.352,0.34,0,0.488,0.385,0.38,0,0.607,0.451,0.33,0,0.571,,,,,,,,,0.369,0.37,0,0.554,,,,
13301,20170724,-93.15,39.87,0.328,0.22,0,0.345,0.372,0.32,0,0.464,0.442,0.29,0,0.429,,,,,,,,,0.35,0.27,0,0.411,,,,
13301,20170725,-93.15,39.87,0.303,0.09,0,0.202,0.357,0.25,0,0.321,0.431,0.25,0,0.286,,,,,,,,,0.33,0.17,0,0.268,,,,
13301,20170726,-93.15,39.87,0.281,-0.02,0,0.06,0.341,0.17,0,0.179,0.419,0.2,0,0.143,,,,,,,,,0.311,0.08,0,0.125,,,,
13301,20170727,-93.15,39.87,0.26,-0.13,0,0,0.324,0.09,0,0.036,0.407,0.15,0,0.012,,,,,,,,,0.292,-0.02,0,0,,,,
13301,20170728,-93.15,39.87,0.244,-0.21,0,0,0.309,0.02,0,0,0.395,0.1,0,0,,,,,,,,,0.276,-0.1,0,0,,,,
13301,20170729,-93.15,39.87,0.23,-0.28,0,0,0.294,-0.05,0,0,0.382,0.05,0,0,,,,,,,,,0.262,-0.17,0,0,,,,
13301,20170730,-93.15,39.87,0.221,-0.33,0,0,0.28,-0.12,0,0,0.369,-0.01,0,0,,,,,,,,,0.25,-0.23,0,0,,,,
13301,20170731,-93.15,39.87,0.213,-0.37,0.006,0,0.267,-0.18,0,0,0.356,-0.06,0,0,,,,,,,,,0.24,-0.28,0,0,,,,
13301,20170801,-93.15,39.87,0.207,-0.39,0.012,0,0.256,-0.24,0.03,0,0.344,-0.11,0,0,,,,,,,,,0.232,-0.33,0.03,0,,,,
13301,20170802,-93.15,39.87,0.203,-0.41,0.143,0,0.247,-0.29,0.173,0,0.332,-0.16,0,0,,,,,,,,,0.225,-0.36,0.173,0,,,,
13301,20170803,-93.15,39.87,0.198,-0.43,0.286,0,0.238,-0.33,0.315,0,0.321,-0.21,0,0,,,,,,,,,0.218,-0.4,0.315,0,,,,
13301,20170804,-93.15,39.87,0.193,-0.46,0.429,0,0.23,-0.39,0.458,0,0.309,-0.26,0.018,0,,,,,,,,,0.211,-0.44,0.458,0,,,,
13301,20170805,-93.15,39.87,0.188,-0.48,0.571,0,0.222,-0.44,0.601,0,0.297,-0.32,0.161,0,,,,,,,,,0.205,-0.47,0.601,0,,,,
13301,20170806,-93.15,39.87,0.183,-0.51,0.714,0,0.216,-0.48,0.744,0,0.287,-0.37,0.304,0,,,,,,,,,0.2,-0.5,0.744,0,,,,
13301,20170807,-93.15,39.87,0.183,-0.5,0.732,0,0.211,-0.51,0.887,0,0.278,-0.43,0.446,0,,,,,,,,,0.197,-0.52,0.887,0,,,,
13301,20170808,-93.15,39.87,0.183,-0.5,0.845,0,0.208,-0.54,1,0,0.271,-0.47,0.589,0,,,,,,,,,0.195,-0.53,1,0,,,,
13301,20170809,-93.15,39.87,0.181,-0.5,0.857,0,0.205,-0.56,1,0,0.264,-0.51,0.732,0,,,,,,,,,0.193,-0.55,1,0,,,,
13301,20170810,-93.15,39.87,0.18,-0.51,0.857,0,0.203,-0.57,1,0,0.259,-0.54,0.875,0,,,,,,,,,0.192,-0.56,1,0,,,,
13301,20170811,-93.15,39.87,0.178,-0.51,0.857,0,0.202,-0.58,1,0,0.253,-0.57,1,0,,,,,,,,,0.19,-0.57,1,0,,,,
13301,20170812,-93.15,39.87,0.177,-0.52,0.857,0,0.2,-0.58,1,0,0.249,-0.59,1,0,,,,,,,,,0.189,-0.58,1,0,,,,
13301,20170813,-93.15,39.87,0.176,-0.52,0.857,0,0.199,-0.58,1,0,0.245,-0.61,1,0,,,,,,,,,0.187,-0.58,1,0,,,,
13301,20170814,-93.15,39.87,0.17,-0.55,0.976,0,0.197,-0.59,1,0,0.24,-0.63,1,0,,,,,,,,,0.184,-0.61,1,0,,,,
13301,20170815,-93.15,39.87,0.165,-0.58,1,0,0.195,-0.6,1,0,0.235,-0.65,1,0,,,,,,,,,0.18,-0.63,1,0,,,,
13301,20170816,-93.15,39.87,0.162,-0.6,1,0,0.193,-0.61,1,0,0.23,-0.67,1,0,,,,,,,,,0.177,-0.64,1,0,,,,
13301,20170817,-93.15,39.87,0.161,-0.6,1,0,0.201,-0.56,0.887,0,0.229,-0.67,1,0,,,,,,,,,0.181,-0.62,0.935,0,,,,
13301,20170818,-93.15,39.87,0.161,-0.61,1,0,0.207,-0.51,0.744,0,0.229,-0.67,1,0,,,,,,,,,0.184,-0.59,0.935,0,,,,
13301,20170819,-93.15,39.87,0.161,-0.61,1,0,0.212,-0.48,0.637,0,0.228,-0.67,1,0,,,,,,,,,0.186,-0.57,0.935,0,,,,
13301,20170820,-93.15,39.87,0.162,-0.6,0.994,0.006,0.216,-0.45,0.631,0,0.229,-0.66,0.994,0,,,,,,,,,0.189,-0.55,0.929,0.006,,,,
13301,20170821,-93.15,39.87,0.19,-0.4,0.851,0.149,0.232,-0.34,0.488,0.006,0.24,-0.6,0.851,0,,,,,,,,,0.211,-0.39,0.786,0.083,,,,
13301,20170822,-93.15,39.87,0.222,-0.16,0.708,0.292,0.254,-0.19,0.345,0.06,0.26,-0.48,0.708,0.054,,,,,,,,,0.238,-0.19,0.643,0.185,,,,
13301,20170823,-93.15,39.87,0.254,0.08,0.565,0.435,0.285,0.02,0.202,0.202,0.292,-0.3,0.565,0.196,,,,,,,,,0.27,0.05,0.5,0.327,,,,
13301,20170824,-93.15,39.87,0.281,0.28,0.423,0.577,0.302,0.15,0.173,0.345,0.318,-0.15,0.423,0.333,,,,,,,,,0.292,0.22,0.423,0.47,,,,
13301,20170825,-93.15,39.87,0.304,0.46,0.28,0.72,0.319,0.27,0.173,0.488,0.343,-0.01,0.28,0.417,,,,,,,,,0.312,0.37,0.28,0.613,,,,
13301,20170826,-93.15,39.87,0.325,0.62,0.137,0.863,0.337,0.39,0.137,0.631,0.367,0.13,0.137,0.429,,,,,,,,,0.331,0.52,0.137,0.756,,,,
13301,20170827,-93.15,39.87,0.341,0.75,0,0.899,0.353,0.5,0,0.679,0.389,0.26,0,0.429,,,,,,,,,0.347,0.64,0,0.792,,,,
13301,20170828,-93.15,39.87,0.33,0.69,0,0.756,0.356,0.53,0,0.673,0.4,0.33,0,0.429,,,,,,,,,0.343,0.63,0,0.714,,,,
13301,20170829,-93.15,39.87,0.314,0.58,0,0.613,0.353,0.51,0,0.619,0.402,0.34,0,0.375,,,,,,,,,0.333,0.56,0,0.613,,,,
13301,20170830,-93.15,39.87,0.296,0.45,0,0.47,0.34,0.42,0,0.476,0.391,0.28,0,0.232,,,,,,,,,0.318,0.46,0,0.47,,,,
13301,20170831,-93.15,39.87,0.281,0.34,0,0.327,0.329,0.34,0,0.333,0.383,0.23,0,0.095,,,,,,,,,0.305,0.36,0,0.327,,,,
13301,20170901,-93.15,39.87,0.267,0.24,0,0.185,0.319,0.27,0,0.19,0.374,0.18,0,0.012,,,,,,,,,0.293,0.28,0,0.185,,,,
13301,20170902,-93.15,39.87,0.254,0.15,0,0.042,0.31,0.2,0,0.048,0.364,0.13,0,0,,,,,,,,,0.282,0.2,0,0.042,,,,
13301,20170903,-93.15,39.87,0.243,0.08,0,0,0.301,0.14,0,0,0.355,0.08,0,0,,,,,,,,,0.272,0.13,0,0,,,,
13301,20170904,-93.15,39.87,0.232,0.01,0.03,0,0.292,0.09,0,0,0.345,0.02,0,0,,,,,,,,,0.262,0.07,0,0,,,,
13301,20170905,-93.15,39.87,0.221,-0.07,0.173,0,0.283,0.03,0,0,0.335,-0.03,0,0,,,,,,,,,0.252,0.01,0,0,,,,
13301,20170906,-93.15,39.87,0.21,-0.13,0.315,0,0.273,-0.02,0,0,0.323,-0.08,0,0,,,,,,,,,0.242,-0.05,0,0,,,,
13301,20170907,-93.15,39.87,0.2,-0.19,0.458,0,0.263,-0.07,0,0,0.311,-0.14,0,0,,,,,,,,,0.232,-0.11,0,0,,,,
13301,20170908,-93.15,39.87,0.191,-0.25,0.601,0,0.253,-0.11,0,0,0.299,-0.19,0.089,0,,,,,,,,,0.222,-0.16,0,0,,,,
13301,20170909,-93.15,39.87,0.183,-0.3,0.744,0,0.244,-0.15,0,0,0.288,-0.24,0.232,0,,,,,,,,,0.213,-0.21,0.083,0,,,,
13301,20170910,-93.15,39.87,0.176,-0.34,0.887,0,0.236,-0.19,0,0,0.276,-0.29,0.375,0,,,,,,,,,0.206,-0.25,0.226,0,,,,
13301,20170911,-93.15,39.87,0.17,-0.38,1,0,0.229,-0.22,0,0,0.266,-0.34,0.518,0,,,,,,,,,0.199,-0.28,0.369,0,,,,
13301,20170912,-93.15,39.87,0.165,-0.41,1,0,0.221,-0.26,0,0,0.256,-0.38,0.661,0,,,,,,,,,0.193,-0.31,0.512,0,,,,
13301,20170913,-93.15,39.87,0.161,-0.43,1,0,0.215,-0.28,0.089,0,0.247,-0.42,0.804,0,,,,,,,,,0.188,-0.34,0.655,0,,,,
13301,20170914,-93.15,39.87,0.157,-0.46,1,0,0.21,-0.31,0.226,0,0.239,-0.46,0.946,0,,,,,,,,,0.184,-0.37,0.798,0,,,,
13301,20170915,-93.15,39.87,0.154,-0.48,1,0,0.206,-0.33,0.369,0,0.232,-0.49,1,0,,,,,,,,,0.18,-0.39,0.94,0,,,,
13301,20170916,-93.15,39.87,0.151,-0.5,1,0,0.202,-0.35,0.512,0,0.226,-0.51,1,0,,,,,,,,,0.177,-0.4,1,0,,,,
13301,20170917,-93.15,39.87,0.153,-0.49,0.958,0,0.204,-0.33,0.577,0,0.222,-0.53,0.994,0,,,,,,,,,0.179,-0.39,0.929,0,,,,
13301,20170918,-93.15,39.87,0.164,-0.41,0.815,0,0.21,-0.29,0.577,0,0.225,-0.5,0.851,0,,,,,,,,,0.187,-0.33,0.786,0,,,,
13301,20170919,-93.15,39.87,0.174,-0.34,0.673,0,0.215,-0.26,0.577,0,0.229,-0.47,0.708,0,,,,,,,,,0.194,-0.28,0.643,0,,,,
13301,20170920,-93.15,39.87,0.183,-0.28,0.53,0,0.219,-0.23,0.488,0,0.233,-0.44,0.565,0,,,,,,,,,0.201,-0.24,0.5,0,,,,
13301,20170921,-93.15,39.87,0.19,-0.22,0.387,0,0.223,-0.2,0.351,0,0.237,-0.41,0.423,0,,,,,,,,,0.207,-0.2,0.357,0,,,,
13301,20170922,-93.15,39.87,0.197,-0.17,0.244,0,0.226,-0.17,0.208,0,0.242,-0.38,0.28,0,,,,,,,,,0.212,-0.16,0.214,0,,,,
13301,20170923,-93.15,39.87,0.202,-0.13,0.143,0,0.229,-0.15,0.065,0,0.246,-0.35,0.179,0,,,,,,,,,0.216,-0.14,0.071,0,,,,
13301,20170924,-93.15,39.87,0.202,-0.13,0.143,0,0.226,-0.16,0,0,0.247,-0.34,0.179,0,,,,,,,,,0.214,-0.14,0,0,,,,
13301,20170925,-93.15,39.87,0.193,-0.18,0.28,0,0.219,-0.2,0,0,0.242,-0.36,0.321,0,,,,,,,,,0.206,-0.19,0,0,,,,
13301,20170926,-93.15,39.87,0.183,-0.23,0.423,0,0.213,-0.23,0,0,0.237,-0.39,0.464,0,,,,,,,,,0.198,-0.24,0.065,0,,,,
13301,20170927,-93.15,39.87,0.175,-0.28,0.565,0,0.208,-0.26,0,0,0.232,-0.41,0.607,0,,,,,,,,,0.191,-0.27,0.202,0,,,,
13301,20170928,-93.15,39.87,0.167,-0.33,0.708,0,0.203,-0.28,0,0,0.226,-0.44,0.75,0,,,,,,,,,0.185,-0.31,0.345,0,,,,
13301,20170929,-93.15,39.87,0.159,-0.37,0.851,0,0.198,-0.31,0,0,0.221,-0.46,0.893,0,,,,,,,,,0.179,-0.34,0.488,0,,,,
13301,20170930,-93.15,39.87,0.153,-0.4,0.952,0,0.194,-0.32,0.03,0,0.216,-0.48,0.994,0,,,,,,,,,0.174,-0.37,0.631,0,,,,
13301,20171001,-93.15,39.87,0.148,-0.42,0.994,0,0.191,-0.34,0.155,0,0.211,-0.5,1,0,,,,,,,,,0.169,-0.39,0.774,0,,,,
13301,20171002,-93.15,39.87,0.143,-0.45,1,0,0.188,-0.36,0.298,0,0.206,-0.52,1,0,,,,,,,,,0.166,-0.41,0.917,0,,,,
13301,20171003,-93.15,39.87,0.139,-0.47,1,0,0.185,-0.37,0.44,0,0.202,-0.53,1,0,,,,,,,,,0.162,-0.42,0.994,0,,,,
13301,20171004,-93.15,39.87,0.136,-0.49,1,0,0.183,-0.38,0.571,0,0.198,-0.55,1,0,,,,,,,,,0.16,-0.44,1,0,,,,
13301,20171005,-93.15,39.87,0.134,-0.5,1,0,0.182,-0.39,0.69,0,0.195,-0.56,1,0,,,,,,,,,0.158,-0.45,1,0,,,,
13301,20171006,-93.15,39.87,0.142,-0.46,0.94,0.024,0.187,-0.36,0.756,0.018,0.199,-0.53,0.94,0,,,,,,,,,0.164,-0.41,0.935,0.018,,,,
13301,20171007,-93.15,39.87,0.177,-0.27,0.798,0.167,0.217,-0.21,0.726,0.161,0.229,-0.4,0.798,0.048,,,,,,,,,0.197,-0.25,0.792,0.161,,,,
13301,20171008,-93.15,39.87,0.212,-0.09,0.655,0.31,0.249,-0.05,0.601,0.304,0.266,-0.24,0.655,0.19,,,,,,,,,0.231,-0.08,0.649,0.304,,,,
13301,20171009,-93.15,39.87,0.243,0.07,0.512,0.452,0.279,0.09,0.458,0.446,0.3,-0.09,0.512,0.333,,,,,,,,,0.261,0.07,0.506,0.446,,,,
13301,20171010,-93.15,39.87,0.273,0.22,0.369,0.595,0.308,0.23,0.315,0.589,0.334,0.06,0.369,0.44,,,,,,,,,0.29,0.21,0.363,0.589,,,,
13301,20171011,-93.15,39.87,0.309,0.39,0.226,0.738,0.34,0.38,0.185,0.732,0.371,0.22,0.226,0.571,,,,,,,,,0.324,0.37,0.22,0.732,,,,
13301,20171012,-93.15,39.87,0.344,0.56,0.083,0.881,0.373,0.53,0.065,0.875,0.408,0.38,0.083,0.714,,,,,,,,,0.358,0.53,0.077,0.875,,,,
13301,20171013,-93.15,39.87,0.368,0.67,0,1,0.397,0.64,0,1,0.438,0.5,0,0.857,,,,,,,,,0.383,0.64,0,1,,,,
13301,20171014,-93.15,39.87,0.365,0.62,0,1,0.397,0.62,0,1,0.442,0.51,0,0.952,,,,,,,,,0.381,0.61,0,1,,,,
13301,20171015,-93.15,39.87,0.369,0.61,0,1,0.398,0.62,0,1,0.444,0.52,0,0.952,,,,,,,,,0.384,0.6,0,1,,,,
13301,20171016,-93.15,39.87,0.375,0.62,0,1,0.402,0.62,0,1,0.448,0.53,0,0.952,,,,,,,,,0.388,0.61,0,1,,,,
13301,20171017,-93.15,39.87,0.381,0.62,0,1,0.405,0.62,0,1,0.452,0.54,0,0.988,,,,,,,,,0.393,0.61,0,1,,,,
13301,20171018,-93.15,39.87,0.38,0.59,0,1,0.403,0.6,0,1,0.451,0.54,0,1,,,,,,,,,0.392,0.59,0,1,,,,
13301,20171019,-93.15,39.87,0.378,0.56,0,0.869,0.4,0.57,0,0.982,0.449,0.53,0,1,,,,,,,,,0.389,0.56,0,0.97,,,,
13301,20171020,-93.15,39.87,0.376,0.53,0,0.726,0.398,0.54,0,0.839,0.447,0.51,0,0.964,,,,,,,,,0.387,0.53,0,0.827,,,,
13301,20171021,-93.15,39.87,0.374,0.5,0,0.583,0.396,0.51,0,0.696,0.446,0.5,0,0.827,,,,,,,,,0.385,0.5,0,0.685,,,,
13301,20171022,-93.15,39.87,0.369,0.47,0,0.494,0.393,0.48,0,0.601,0.444,0.47,0,0.732,,,,,,,,,0.381,0.47,0,0.589,,,,
13301,20171023,-93.15,39.87,0.373,0.48,0,0.494,0.395,0.48,0,0.601,0.446,0.47,0,0.732,,,,,,,,,0.384,0.48,0,0.589,,,,
13301,20171024,-93.15,39.87,0.375,0.48,0,0.494,0.397,0.47,0,0.601,0.448,0.47,0,0.732,,,,,,,,,0.386,0.48,0,0.589,,,,
13301,20171025,-93.15,39.87,0.376,0.49,0,0.494,0.399,0.47,0,0.601,0.449,0.47,0,0.732,,,,,,,,,0.387,0.49,0,0.589,,,,
13301,20171026,-93.15,39.87,0.378,0.5,0,0.625,0.4,0.47,0,0.619,0.451,0.47,0,0.732,,,,,,,,,0.389,0.5,0,0.619,,,,
13301,20171027,-93.15,39.87,0.381,0.51,0,0.768,0.402,0.48,0,0.762,0.452,0.48,0,0.768,,,,,,,,,0.391,0.51,0,0.762,,,,
13301,20171028,-93.15,39.87,0.383,0.53,0,0.881,0.403,0.49,0,0.905,0.453,0.48,0,0.905,,,,,,,,,0.393,0.53,0,0.905,,,,
13301,20171029,-93.15,39.87,0.38,0.52,0,0.893,0.4,0.49,0,0.994,0.45,0.48,0,1,,,,,,,,,0.39,0.52,0,1,,,,
13301,20171030,-93.15,39.87,0.368,0.47,0,0.762,0.392,0.46,0,0.994,0.443,0.45,0,1,,,,,,,,,0.38,0.48,0,1,,,,
13301,20171031,-93.15,39.87,0.36,0.44,0,0.643,0.386,0.44,0,0.994,0.438,0.43,0,1,,,,,,,,,0.373,0.45,0,1,,,,
13301,20171101,-93.15,39.87,0.353,0.41,0,0.5,0.381,0.44,0,0.994,0.434,0.41,0,1,,,,,,,,,0.367,0.43,0,1,,,,
13301,20171102,-93.15,39.87,0.346,0.39,0,0.357,0.377,0.43,0,0.994,0.43,0.4,0,1,,,,,,,,,0.361,0.41,0,1,,,,
13301,20171103,-93.15,39.87,0.34,0.37,0,0.214,0.373,0.43,0,0.994,0.427,0.39,0,1,,,,,,,,,0.357,0.4,0,1,,,,
13301,20171104,-93.15,39.87,0.335,0.35,0,0.101,0.37,0.43,0,0.994,0.424,0.39,0,1,,,,,,,,,0.352,0.38,0,0.946,,,,
13301,20171105,-93.15,39.87,0.33,0.33,0,0.036,0.367,0.43,0,1,0.422,0.38,0,1,,,,,,,,,0.349,0.37,0,0.821,,,,
13301,20171106,-93.15,39.87,0.326,0.31,0,0.024,0.365,0.43,0,1,0.42,0.37,0,0.994,,,,,,,,,0.346,0.35,0,0.679,,,,
13301,20171107,-93.15,39.87,0.322,0.27,0,0,0.362,0.42,0,1,0.419,0.36,0,0.994,,,,,,,,,0.342,0.33,0,0.536,,,,
13301,20171108,-93.15,39.87,0.319,0.24,0,0,0.36,0.41,0,0.994,0.417,0.35,0,0.964,,,,,,,,,0.339,0.31,0,0.393,,,,
13301,20171109,-93.15,39.87,0.314,0.2,0,0,0.357,0.4,0,0.911,0.415,0.33,0,0.875,,,,,,,,,0.336,0.27,0,0.25,,,,
13301,20171110,-93.15,39.87,0.309,0.15,0,0,0.354,0.38,0,0.774,0.412,0.31,0,0.738,,,,,,,,,0.332,0.23,0,0.107,,,,
13301,20171111,-93.15,39.87,0.304,0.09,0,0,0.351,0.36,0,0.631,0.41,0.29,0,0.595,,,,,,,,,0.327,0.19,0,0.018,,,,
13301,20171112,-93.15,39.87,0.299,0.04,0,0,0.347,0.33,0,0.488,0.408,0.26,0,0.452,,,,,,,,,0.323,0.15,0,0,,,,
13301,20171113,-93.15,39.87,0.294,-0.01,0,0,0.344,0.31,0,0.345,0.405,0.24,0,0.315,,,,,,,,,0.319,0.1,0,0,,,,
13301,20171114,-93.15,39.87,0.29,-0.05,0,0,0.341,0.28,0,0.202,0.403,0.23,0,0.173,,,,,,,,,0.315,0.07,0,0,,,,
13301,20171115,-93.15,39.87,0.286,-0.09,0,0,0.339,0.26,0,0.065,0.401,0.21,0,0.06,,,,,,,,,0.313,0.03,0,0,,,,
13301,20171116,-93.15,39.87,0.283,-0.12,0,0,0.337,0.24,0,0.006,0.4,0.2,0,0.006,,,,,,,,,0.31,0.01,0,0,,,,
13301,20171117,-93.15,39.87,0.281,-0.15,0,0,0.335,0.21,0,0,0.399,0.19,0,0,,,,,,,,,0.308,-0.02,0,0,,,,
13301,20171118,-93.15,39.87,0.279,-0.17,0,0,0.334,0.19,0,0,0.398,0.18,0,0,,,,,,,,,0.306,-0.04,0,0,,,,
13301,20171119,-93.15,39.87,0.278,-0.18,0,0,0.332,0.18,0,0,0.397,0.18,0,0,,,,,,,,,0.305,-0.05,0,0,,,,
13301,20171120,-93.15,39.87,0.278,-0.19,0,0,0.331,0.15,0,0,0.396,0.17,0,0,,,,,,,,,0.304,-0.06,0,0,,,,
13301,20171121,-93.15,39.87,0.277,-0.2,0,0,0.329,0.12,0,0,0.396,0.15,0,0,,,,,,,,,0.303,-0.08,0,0,,,,
13301,20171122,-93.15,39.87,0.276,-0.21,0,0,0.327,0.09,0,0,0.394,0.13,0,0,,,,,,,,,0.302,-0.09,0,0,,,,
13301,20171123,-93.15,39.87,0.275,-0.22,0,0,0.325,0.05,0,0,0.392,0.11,0,0,,,,,,,,,0.3,-0.11,0,0,,,,
13301,20171124,-93.15,39.87,0.275,-0.24,0,0,0.323,0.02,0,0,0.391,0.08,0,0,,,,,,,,,0.299,-0.12,0,0,,,,
13301,20171125,-93.15,39.87,0.274,-0.25,0.006,0,0.321,-0.01,0,0,0.389,0.06,0,0,,,,,,,,,0.297,-0.14,0,0,,,,
13301,20171126,-93.15,39.87,0.271,-0.28,0.101,0,0.318,-0.05,0,0,0.387,0.03,0,0,,,,,,,,,0.295,-0.16,0,0,,,,
13301,20171127,-93.15,39.87,0.268,-0.32,0.244,0,0.316,-0.08,0,0,0.385,0.01,0,0,,,,,,,,,0.292,-0.19,0.006,0,,,,
13301,20171128,-93.15,39.87,0.265,-0.36,0.387,0,0.314,-0.11,0,0,0.383,-0.01,0,0,,,,,,,,,0.29,-0.22,0.107,0,,,,
13301,20171129,-93.15,39.87,0.261,-0.41,0.53,0,0.312,-0.13,0,0,0.382,-0.03,0,0,,,,,,,,,0.287,-0.25,0.25,0,,,,
13301,20171130,-93.15,39.87,0.255,-0.47,0.673,0,0.311,-0.15,0.006,0,0.38,-0.05,0,0,,,,,,,,,0.283,-0.29,0.393,0,,,,
13301,20171201,-93.15,39.87,0.249,-0.53,0.815,0,0.309,-0.17,0.083,0,0.378,-0.07,0,0,,,,,,,,,0.279,-0.34,0.536,0,,,,
13301,20171202,-93.15,39.87,0.242,-0.6,0.952,0,0.306,-0.2,0.226,0,0.376,-0.09,0,0,,,,,,,,,0.274,-0.39,0.679,0,,,,
13301,20171203,-93.15,39.87,0.236,-0.66,1,0,0.303,-0.23,0.369,0,0.374,-0.11,0,0,,,,,,,,,0.27,-0.45,0.821,0,,,,
13301,20171204,-93.15,39.87,0.23,-0.72,1,0,0.301,-0.25,0.512,0,0.371,-0.13,0,0,,,,,,,,,0.265,-0.5,0.958,0,,,,
13301,20171205,-93.15,39.87,0.224,-0.78,1,0,0.3,-0.26,0.565,0,0.373,-0.12,0,0,,,,,,,,,0.262,-0.54,1,0,,,,
13301,20171206,-93.15,39.87,0.219,-0.84,1,0,0.299,-0.28,0.679,0,0.374,-0.11,0,0,,,,,,,,,0.259,-0.58,1,0,,,,
13301,20171207,-93.15,39.87,0.215,-0.88,1,0,0.298,-0.29,0.815,0,0.375,-0.1,0,0,,,,,,,,,0.257,-0.62,1,0,,,,
13301,20171208,-93.15,39.87,0.212,-0.93,1,0,0.297,-0.31,0.881,0,0.377,-0.1,0,0,,,,,,,,,0.255,-0.65,1,0,,,,
13301,20171209,-93.15,39.87,0.209,-0.96,1,0,0.297,-0.32,0.881,0,0.377,-0.1,0,0,,,,,,,,,0.253,-0.67,1,0,,,,
13301,20171210,-93.15,39.87,0.207,-0.99,1,0,0.296,-0.33,0.881,0,0.378,-0.1,0,0,,,,,,,,,0.252,-0.7,1,0,,,,
13301,20171211,-93.15,39.87,0.206,-1.01,1,0,0.296,-0.34,0.881,0,0.378,-0.11,0,0,,,,,,,,,0.251,-0.71,1,0,,,,
13301,20171212,-93.15,39.87,0.204,-1.02,1,0,0.294,-0.36,0.97,0,0.376,-0.14,0,0,,,,,,,,,0.249,-0.72,1,0,,,,
13301,20171213,-93.15,39.87,0.203,-1.02,1,0,0.293,-0.38,1,0,0.373,-0.18,0,0,,,,,,,,,0.248,-0.73,1,0,,,,
13301,20171214,-93.15,39.87,0.203,-1.02,1,0,0.291,-0.38,1,0,0.37,-0.21,0,0,,,,,,,,,0.247,-0.73,1,0,,,,
13301,20171215,-93.15,39.87,0.203,-1,1,0,0.291,-0.39,1,0,0.368,-0.24,0,0,,,,,,,,,0.247,-0.72,1,0,,,,
13301,20171216,-93.15,39.87,0.204,-1,1,0,0.29,-0.4,1,0,0.367,-0.26,0,0,,,,,,,,,0.247,-0.72,1,0,,,,
13301,20171217,-93.15,39.87,0.204,-1,1,0,0.289,-0.41,1,0,0.367,-0.27,0,0,,,,,,,,,0.247,-0.72,1,0,,,,
13301,20171218,-93.15,39.87,0.205,-1,1,0,0.289,-0.42,1,0,0.367,-0.28,0,0,,,,,,,,,0.247,-0.72,1,0,,,,
13301,20171219,-93.15,39.87,0.206,-1.02,1,0,0.288,-0.44,1,0,0.367,-0.28,0,0,,,,,,,,,0.247,-0.74,1,0,,,,
13301,20171220,-93.15,39.87,0.206,-1.05,1,0,0.288,-0.45,1,0,0.367,-0.28,0,0,,,,,,,,,0.247,-0.76,1,0,,,,
13301,20171221,-93.15,39.87,0.205,-1.09,1,0,0.288,-0.48,1,0,0.367,-0.28,0,0,,,,,,,,,0.246,-0.78,1,0,,,,
13301,20171222,-93.15,39.87,0.204,-1.14,1,0,0.287,-0.5,1,0,0.367,-0.29,0,0,,,,,,,,,0.245,-0.81,1,0,,,,
13301,20171223,-93.15,39.87,0.202,-1.19,1,0,0.287,-0.52,1,0,0.366,-0.3,0.077,0,,,,,,,,,0.244,-0.84,1,0,,,,
13301,20171224,-93.15,39.87,0.2,-1.23,1,0,0.286,-0.54,1,0,0.366,-0.31,0.214,0,,,,,,,,,0.243,-0.88,1,0,,,,
13301,20171225,-93.15,39.87,0.198,-1.28,1,0,0.285,-0.56,1,0,0.365,-0.33,0.357,0,,,,,,,,,0.242,-0.92,1,0,,,,
13301,20171226,-93.15,39.87,0.197,-1.31,1,0,0.284,-0.58,1,0,0.363,-0.35,0.5,0,,,,,,,,,0.24,-0.95,1,0,,,,
13301,20171227,-93.15,39.87,0.196,-1.35,1,0,0.283,-0.6,1,0,0.362,-0.37,0.643,0,,,,,,,,,0.239,-0.99,1,0,,,,
13301,20171228,-93.15,39.87,0.193,-1.4,1,0,0.281,-0.62,1,0,0.36,-0.4,0.786,0,,,,,,,,,0.237,-1.03,1,0,,,,
13301,20171229,-93.15,39.87,0.187,-1.48,1,0,0.28,-0.64,1,0,0.358,-0.43,0.929,0,,,,,,,,,0.234,-1.08,1,0,,,,
13301,20171230,-93.15,39.87,0.182,-1.55,1,0,0.279,-0.67,1,0,0.356,-0.46,0.994,0,,,,,,,,,0.23,-1.13,1,0,,,,
13301,20171231,-93.15,39.87,0.179,-1.58,1,0,0.279,-0.69,1,0,0.355,-0.48,1,0,,,,,,,,,0.229,-1.15,1,0,,,,
13301,20180101,-93.15,39.87,,,,,0.279,-0.7,1,0,0.353,-0.51,1,0,,,,,,,,,,,,,,,,
13301,20180102,-93.15,39.87,,,,,0.279,-0.71,1,0,0.351,-0.54,1,0,,,,,,,,,,,,,,,,
13301,20180103,-93.15,39.87,,,,,0.279,-0.72,1,0,0.35,-0.56,1,0,,,,,,,,,,,,,,,,
13301,20180104,-93.15,39.87,,,,,,,,,0.349,-0.58,1,0,,,,,,,,,,,,,,,,
13301,20180105,-93.15,39.87,,,,,,,,,0.348,-0.6,1,0,,,,,,,,,,,,,,,,
13301,20180106,-93.15,39.87,,,,,,,,,0.349,-0.59,1,0,,,,,,,,,,,,,,,,
13301,20180107,-93.15,39.87,,,,,,,,,0.35,-0.6,1,0,,,,,,,,,,,,,,,,
13301,20180108,-93.15,39.87,,,,,,,,,,,,,,,,,,,,,,,,,,,,
13301,20180109,-93.15,39.87,,,,,,,,,,,,,,,,,,,,,,,,,,,,
13301,20180110,-93.15,39.87,,,,,,,,,,,,,,,,,,,,,,,,,,,,
13301,20180111,-93.15,39.87,,,,,,,,,,,,,,,,,,,,,,,,,,,,
13301,20180112,-93.15,39.87,,,,,,,,,,,,,,,,,,,,,,,,,,,,
13301,20180113,-93.15,39.87,,,,,,,,,,,,,,,,,,,,,,,,,,,,
13301,20180114,-93.15,39.87,,,,,,,,,0.338,-0.77,1,0,,,,,,,,,,,,,,,,
13301,20180115,-93.15,39.87,,,,,,,,,0.339,-0.77,1,0,,,,,,,,,,,,,,,,
13301,20180116,-93.15,39.87,,,,,,,,,0.341,-0.77,1,0,,,,,,,,,,,,,,,,
13301,20180117,-93.15,39.87,,,,,,,,,0.343,-0.77,1,0,,,,,,,,,,,,,,,,
13301,20180118,-93.15,39.87,,,,,,,,,0.344,-0.77,1,0,,,,,,,,,,,,,,,,
13301,20180119,-93.15,39.87,,,,,,,,,0.341,-0.8,1,0,,,,,,,,,,,,,,,,
13301,20180120,-93.15,39.87,,,,,,,,,0.338,-0.84,1,0,,,,,,,,,,,,,,,,
13301,20180121,-93.15,39.87,,,,,,,,,0.336,-0.86,1,0,,,,,,,,,,,,,,,,
13301,20180122,-93.15,39.87,,,,,,,,,0.334,-0.87,1,0,,,,,,,,,,,,,,,,
13301,20180123,-93.15,39.87,,,,,,,,,0.334,-0.87,1,0,,,,,,,,,,,,,,,,
13301,20180124,-93.15,39.87,,,,,,,,,0.333,-0.87,1,0,,,,,,,,,,,,,,,,
13301,20180125,-93.15,39.87,,,,,,,,,0.333,-0.87,1,0,,,,,,,,,,,,,,,,
13301,20180126,-93.15,39.87,,,,,,,,,0.335,-0.86,1,0,,,,,,,,,,,,,,,,
13301,20180127,-93.15,39.87,,,,,,,,,0.338,-0.84,1,0,,,,,,,,,,,,,,,,
13301,20180128,-93.15,39.87,0.283,-0.89,1,0,0.305,-0.79,1,0,0.341,-0.83,1,0,,,,,,,,,0.294,-0.91,1,0,,,,
13301,20180129,-93.15,39.87,0.284,-0.88,1,0,0.306,-0.8,1,0,0.343,-0.83,1,0,,,,,,,,,0.295,-0.9,1,0,,,,
13301,20180130,-93.15,39.87,0.283,-0.89,1,0,0.304,-0.84,1,0,0.344,-0.83,1,0,,,,,,,,,0.293,-0.93,1,0,,,,
13301,20180131,-93.15,39.87,0.282,-0.9,1,0,0.306,-0.85,1,0,0.345,-0.84,1,0,,,,,,,,,0.294,-0.93,1,0,,,,
13301,20180201,-93.15,39.87,0.284,-0.88,1,0,0.308,-0.86,1,0,0.347,-0.85,1,0,,,,,,,,,0.296,-0.93,1,0,,,,
13301,20180202,-93.15,39.87,0.285,-0.86,1,0,0.311,-0.87,1,0,0.348,-0.86,1,0,,,,,,,,,0.298,-0.92,1,0,,,,
13301,20180203,-93.15,39.87,0.283,-0.88,1,0,0.311,-0.89,1,0,0.349,-0.88,1,0,,,,,,,,,0.297,-0.94,1,0,,,,
13301,20180204,-93.15,39.87,0.276,-0.92,1,0,0.31,-0.93,1,0,0.35,-0.91,1,0,,,,,,,,,0.293,-0.97,1,0,,,,
13301,20180205,-93.15,39.87,0.272,-0.95,1,0,0.308,-0.97,1,0,0.35,-0.94,1,0,,,,,,,,,0.29,-1,1,0,,,,
13301,20180206,-93.15,39.87,0.264,-1.02,1,0,0.307,-1,1,0,0.35,-0.98,1,0,,,,,,,,,0.286,-1.05,1,0,,,,
13301,20180207,-93.15,39.87,0.256,-1.09,1,0,0.306,-1.03,1,0,0.35,-1.02,1,0,,,,,,,,,0.281,-1.09,1,0,,,,
13301,20180208,-93.15,39.87,0.246,-1.17,1,0,0.305,-1.07,1,0,0.35,-1.07,1,0,,,,,,,,,0.276,-1.15,1,0,,,,
13301,20180209,-93.15,39.87,0.237,-1.27,1,0,0.304,-1.1,1,0,0.35,-1.12,1,0,,,,,,,,,0.27,-1.23,1,0,,,,
13301,20180210,-93.15,39.87,0.23,-1.35,1,0,0.302,-1.14,1,0,0.35,-1.17,1,0,,,,,,,,,0.266,-1.29,1,0,,,,
13301,20180211,-93.15,39.87,0.225,-1.41,1,0,0.301,-1.18,1,0,0.35,-1.23,1,0,,,,,,,,,0.263,-1.34,1,0,,,,
13301,20180212,-93.15,39.87,0.219,-1.47,1,0,0.298,-1.23,1,0,0.349,-1.27,1,0,,,,,,,,,0.259,-1.39,1,0,,,,
13301,20180213,-93.15,39.87,,,,,0.295,-1.27,1,0,0.349,-1.31,1,0,,,,,,,,,,,,,,,,
13301,20180214,-93.15,39.87,,,,,0.292,-1.32,1,0,0.349,-1.35,1,0,,,,,,,,,,,,,,,,
13301,20180215,-93.15,39.87,,,,,0.289,-1.36,1,0,0.349,-1.37,1,0,,,,,,,,,,,,,,,,
13301,20180216,-93.15,39.87,,,,,0.287,-1.39,1,0,0.349,-1.38,1,0,,,,,,,,,,,,,,,,
13301,20180217,-93.15,39.87,,,,,0.286,-1.4,1,0,0.349,-1.39,1,0,,,,,,,,,,,,,,,,
13301,20180218,-93.15,39.87,,,,,0.286,-1.41,1,0,0.349,-1.39,1,0,,,,,,,,,,,,,,,,
13301,20180219,-93.15,39.87,,,,,0.287,-1.39,1,0,0.349,-1.39,1,0,,,,,,,,,,,,,,,,
13301,20180220,-93.15,39.87,,,,,0.301,-1.26,0.905,0,0.358,-1.28,0.935,0,,,,,,,,,,,,,,,,
13301,20180221,-93.15,39.87,0.277,-1.01,0.813,0.045,0.324,-1.04,0.762,0.018,0.377,-1.05,0.792,0.036,,,,,,,,,0.302,-1.02,0.748,0.019,,,,
13301,20180222,-93.15,39.87,0.292,-0.89,0.827,0.042,0.342,-0.86,0.619,0.018,0.391,-0.88,0.649,0.036,,,,,,,,,0.317,-0.88,0.631,0.018,,,,
13301,20180223,-93.15,39.87,0.312,-0.73,0.732,0.042,0.362,-0.66,0.476,0.018,0.407,-0.69,0.506,0.036,,,,,,,,,0.337,-0.69,0.488,0.018,,,,
13301,20180224,-93.15,39.87,0.332,-0.56,0.601,0.042,0.382,-0.47,0.333,0.018,0.424,-0.49,0.363,0.036,,,,,,,,,0.357,-0.5,0.345,0.018,,,,
13301,20180225,-93.15,39.87,0.361,-0.32,0.458,0.131,0.41,-0.19,0.19,0.155,0.445,-0.23,0.22,0.131,,,,,,,,,0.385,-0.24,0.202,0.149,,,,
13301,20180226,-93.15,39.87,0.383,-0.13,0.315,0.131,0.434,0.05,0.048,0.232,0.466,0.03,0.077,0.167,,,,,,,,,0.409,-0.02,0.06,0.149,,,,
13301,20180227,-93.15,39.87,0.387,-0.09,0.238,0.131,0.442,0.13,0,0.232,0.475,0.14,0,0.167,,,,,,,,,0.415,0.04,0.006,0.149,,,,
13301,20180228,-93.15,39.87,0.383,-0.13,0.202,0.089,0.439,0.1,0,0.214,0.472,0.1,0,0.131,,,,,,,,,0.411,0.01,0.006,0.131,,,,
13301,20180301,-93.15,39.87,0.387,-0.09,0.06,0.089,0.44,0.1,0,0.214,0.474,0.11,0,0.131,,,,,,,,,0.414,0.03,0,0.131,,,,
13301,20180302,-93.15,39.87,0.388,-0.08,0.012,0.089,0.439,0.09,0,0.214,0.473,0.1,0,0.131,,,,,,,,,0.414,0.02,0,0.131,,,,
13301,20180303,-93.15,39.87,0.387,-0.09,0.012,0.089,0.435,0.04,0,0.214,0.471,0.05,0.024,0.131,,,,,,,,,0.411,-0.01,0,0.131,,,,
13301,20180304,-93.15,39.87,0.378,-0.18,0.012,0,0.421,-0.11,0.054,0.077,0.463,-0.06,0.089,0.036,,,,,,,,,0.4,-0.12,0,0,,,,
13301,20180305,-93.15,39.87,0.376,-0.21,0.012,0,0.412,-0.2,0.161,0,0.457,-0.15,0.185,0,,,,,,,,,0.394,-0.18,0,0,,,,
13301,20180306,-93.15,39.87,0.386,-0.13,0.012,0.06,0.416,-0.17,0.161,0.006,0.462,-0.11,0.185,0.054,,,,,,,,,0.401,-0.13,0,0.03,,,,
13301,20180307,-93.15,39.87,0.393,-0.09,0.012,0.06,0.419,-0.14,0.161,0.006,0.466,-0.08,0.185,0.054,,,,,,,,,0.406,-0.09,0,0.03,,,,
13301,20180308,-93.15,39.87,0.396,-0.06,0.012,0.06,0.419,-0.14,0.161,0.006,0.468,-0.08,0.185,0.054,,,,,,,,,0.408,-0.08,0,0.03,,,,
13301,20180309,-93.15,39.87,0.399,-0.05,0.012,0.06,0.418,-0.16,0.161,0.006,0.468,-0.09,0.185,0.054,,,,,,,,,0.408,-0.08,0,0.03,,,,
13301,20180310,-93.15,39.87,0.402,-0.03,0,0.06,0.418,-0.16,0.173,0.006,0.468,-0.09,0.167,0.054,,,,,,,,,0.41,-0.07,0,0.03,,,,
13301,20180311,-93.15,39.87,0.405,-0.02,0,0.06,0.419,-0.16,0.173,0.006,0.469,-0.1,0.101,0.054,,,,,,,,,0.412,-0.07,0,0.03,,,,
13301,20180312,-93.15,39.87,0.413,0.03,0,0.06,0.426,-0.09,0.065,0.006,0.475,-0.05,0.006,0.054,,,,,,,,,0.42,-0.01,0,0.03,,,,
13301,20180313,-93.15,39.87,0.411,-0.01,0,0,0.425,-0.11,0.065,0,0.474,-0.09,0.006,0,,,,,,,,,0.418,-0.05,0,0,,,,
13301,20180314,-93.15,39.87,0.409,-0.04,0,0,0.423,-0.15,0.065,0,0.472,-0.13,0.006,0,,,,,,,,,0.416,-0.09,0,0,,,,
13301,20180315,-93.15,39.87,0.409,-0.05,0,0,0.422,-0.18,0.065,0,0.472,-0.16,0.018,0,,,,,,,,,0.415,-0.11,0,0,,,,
13301,20180316,-93.15,39.87,0.409,-0.07,0,0,0.421,-0.2,0.179,0,0.472,-0.19,0.077,0,,,,,,,,,0.415,-0.13,0.024,0,,,,
13301,20180317,-93.15,39.87,0.412,-0.06,0,0,0.423,-0.19,0.22,0,0.473,-0.2,0.137,0,,,,,,,,,0.417,-0.13,0.048,0,,,,
13301,20180318,-93.15,39.87,0.414,-0.06,0,0,0.426,-0.18,0.167,0,0.476,-0.2,0.161,0,,,,,,,,,0.42,-0.12,0.048,0,,,,
13301,20180319,-93.15,39.87,0.408,-0.11,0,0,0.419,-0.25,0.202,0,0.471,-0.28,0.28,0,,,,,,,,,0.413,-0.18,0.048,0,,,,
13301,20180320,-93.15,39.87,0.405,-0.15,0,0,0.412,-0.33,0.304,0,0.465,-0.37,0.423,0,,,,,,,,,0.408,-0.24,0.06,0,,,,
13301,20180321,-93.15,39.87,0.404,-0.16,0.012,0,0.408,-0.37,0.446,0,0.462,-0.43,0.565,0,,,,,,,,,0.406,-0.27,0.19,0,,,,
13301,20180322,-93.15,39.87,0.403,-0.18,0.095,0,0.405,-0.39,0.589,0,0.46,-0.48,0.696,0,,,,,,,,,0.404,-0.29,0.333,0,,,,
13301,20180323,-93.15,39.87,0.403,-0.19,0.238,0,0.404,-0.41,0.619,0,0.459,-0.53,0.78,0,,,,,,,,,0.403,-0.3,0.452,0,,,,
13301,20180324,-93.15,39.87,0.402,-0.21,0.357,0,0.401,-0.44,0.702,0,0.457,-0.58,0.857,0,,,,,,,,,0.401,-0.33,0.554,0,,,,
13301,20180325,-93.15,39.87,0.405,-0.19,0.357,0,0.403,-0.43,0.702,0,0.458,-0.59,0.976,0,,,,,,,,,0.404,-0.31,0.554,0,,,,
13301,20180326,-93.15,39.87,0.407,-0.17,0.357,0,0.405,-0.41,0.673,0,0.46,-0.59,1,0,,,,,,,,,0.406,-0.29,0.554,0,,,,
13301,20180327,-93.15,39.87,0.423,-0.04,0.357,0.113,0.416,-0.3,0.571,0.113,0.467,-0.51,0.875,0,,,,,,,,,0.42,-0.17,0.542,0.113,,,,
13301,20180328,-93.15,39.87,0.442,0.12,0.345,0.256,0.431,-0.14,0.429,0.256,0.475,-0.41,0.732,0,,,,,,,,,0.436,-0.01,0.411,0.256,,,,
13301,20180329,-93.15,39.87,0.458,0.28,0.262,0.399,0.446,0.02,0.286,0.399,0.485,-0.28,0.589,0,,,,,,,,,0.452,0.15,0.268,0.399,,,,
13301,20180330,-93.15,39.87,0.47,0.39,0.119,0.494,0.461,0.17,0.143,0.542,0.496,-0.13,0.446,0.006,,,,,,,,,0.465,0.28,0.125,0.512,,,,
13301,20180331,-93.15,39.87,0.477,0.46,0,0.494,0.47,0.29,0.006,0.542,0.504,-0.01,0.304,0.006,,,,,,,,,0.474,0.37,0,0.512,,,,
13301,20180401,-93.15,39.87,0.476,0.46,0,0.494,0.47,0.31,0.006,0.542,0.505,0.03,0.161,0.006,,,,,,,,,0.473,0.39,0,0.512,,,,
13301,20180402,-93.15,39.87,0.475,0.46,0,0.494,0.469,0.31,0,0.542,0.504,0.06,0.048,0.006,,,,,,,,,0.472,0.39,0,0.512,,,,
13301,20180403,-93.15,39.87,0.463,0.36,0,0.381,0.46,0.25,0,0.429,0.499,0.04,0.048,0.006,,,,,,,,,0.462,0.31,0,0.399,,,,
13301,20180404,-93.15,39.87,0.459,0.34,0,0.375,0.458,0.24,0,0.417,0.499,0.08,0.048,0.131,,,,,,,,,0.458,0.3,0,0.393,,,,
13301,20180405,-93.15,39.87,0.452,0.29,0,0.339,0.454,0.22,0,0.363,0.499,0.12,0.048,0.262,,,,,,,,,0.453,0.26,0,0.339,,,,
13301,20180406,-93.15,39.87,0.446,0.25,0,0.244,0.449,0.17,0,0.22,0.495,0.11,0.048,0.274,,,,,,,,,0.447,0.22,0,0.226,,,,
13301,20180407,-93.15,39.87,0.443,0.23,0,0.244,0.444,0.14,0,0.22,0.492,0.11,0.048,0.274,,,,,,,,,0.444,0.2,0,0.226,,,,
13301,20180408,-93.15,39.87,0.442,0.22,0,0.244,0.442,0.14,0,0.22,0.49,0.12,0.048,0.274,,,,,,,,,0.442,0.2,0,0.226,,,,
13301,20180409,-93.15,39.87,0.441,0.23,0,0.244,0.441,0.15,0,0.22,0.489,0.14,0.018,0.274,,,,,,,,,0.441,0.21,0,0.226,,,,
13301,20180410,-93.15,39.87,0.441,0.25,0,0.244,0.441,0.18,0,0.22,0.489,0.16,0,0.274,,,,,,,,,0.441,0.23,0,0.226,,,,
13301,20180411,-93.15,39.87,0.43,0.16,0,0.107,0.432,0.11,0,0.089,0.483,0.11,0,0.149,,,,,,,,,0.431,0.15,0,0.089,,,,
13301,20180412,-93.15,39.87,0.423,0.12,0,0,0.423,0.05,0,0,0.476,0.05,0,0.018,,,,,,,,,0.423,0.09,0,0,,,,
13301,20180413,-93.15,39.87,0.418,0.09,0,0,0.416,0.01,0,0,0.471,0.01,0,0,,,,,,,,,0.417,0.06,0,0,,,,
13301,20180414,-93.15,39.87,0.415,0.08,0,0,0.411,-0.01,0,0,0.468,0,0,0,,,,,,,,,0.413,0.04,0,0,,,,
13301,20180415,-93.15,39.87,0.411,0.07,0,0,0.409,-0.01,0,0,0.466,0,0,0,,,,,,,,,0.41,0.03,0,0,,,,
13301,20180416,-93.15,39.87,0.406,0.05,0,0,0.406,-0.02,0,0,0.464,-0.01,0,0,,,,,,,,,0.406,0.02,0,0,,,,
13301,20180417,-93.15,39.87,0.399,0,0,0,0.4,-0.06,0,0,0.459,-0.04,0,0,,,,,,,,,0.399,-0.03,0,0,,,,
13301,20180418,-93.15,39.87,0.391,-0.06,0,0,0.393,-0.11,0,0,0.454,-0.08,0,0,,,,,,,,,0.392,-0.08,0,0,,,,
13301,20180419,-93.15,39.87,0.383,-0.12,0,0,0.388,-0.15,0,0,0.45,-0.12,0,0,,,,,,,,,0.386,-0.13,0,0,,,,
13301,20180420,-93.15,39.87,0.374,-0.18,0.095,0,0.383,-0.19,0,0,0.446,-0.14,0,0,,,,,,,,,0.379,-0.18,0.071,0,,,,
13301,20180421,-93.15,39.87,0.364,-0.26,0.238,0,0.378,-0.23,0.143,0,0.442,-0.17,0,0,,,,,,,,,0.371,-0.23,0.214,0,,,,
13301,20180422,-93.15,39.87,0.353,-0.34,0.381,0,0.372,-0.27,0.286,0,0.438,-0.2,0.018,0,,,,,,,,,0.363,-0.3,0.357,0,,,,
13301,20180423,-93.15,39.87,0.342,-0.42,0.512,0,0.367,-0.32,0.415,0,0.435,-0.23,0.043,0,,,,,,,,,0.355,-0.36,0.488,0,,,,
13301,20180424,-93.15,39.87,0.328,-0.52,0.659,0,0.361,-0.37,0.561,0,0.431,-0.25,0.177,0,,,,,,,,,0.344,-0.43,0.634,0,,,,
13301,20180425,-93.15,39.87,0.313,-0.62,0.805,0,0.353,-0.44,0.707,0,0.427,-0.29,0.323,0,,,,,,,,,0.333,-0.52,0.78,0,,,,
13301,20180426,-93.15,39.87,0.298,-0.72,0.951,0,0.345,-0.51,0.854,0,0.422,-0.33,0.47,0,,,,,,,,,0.321,-0.61,0.927,0,,,,
13301,20180427,-93.15,39.87,0.283,-0.82,1,0,0.337,-0.58,1,0,0.417,-0.37,0.616,0,,,,,,,,,0.31,-0.7,1,0,,,,
13301,20180428,-93.15,39.87,0.27,-0.91,1,0,0.327,-0.65,1,0,0.411,-0.43,0.762,0,,,,,,,,,0.299,-0.78,1,0,,,,
13301,20180429,-93.15,39.87,0.256,-0.98,1,0,0.317,-0.72,1,0,0.404,-0.49,0.89,0,,,,,,,,,0.287,-0.86,1,0,,,,
13301,20180430,-93.15,39.87,0.245,-1.04,1,0,0.307,-0.78,1,0,0.396,-0.56,0.988,0,,,,,,,,,0.276,-0.93,1,0,,,,
13301,20180501,-93.15,39.87,0.233,-1.1,1,0,0.296,-0.85,1,0,0.385,-0.65,1,0,,,,,,,,,0.264,-1,1,0,,,,
13301,20180502,-93.15,39.87,0.223,-1.14,1,0,0.285,-0.9,1,0,0.374,-0.74,1,0,,,,,,,,,0.254,-1.05,1,0,,,,
13301,20180503,-93.15,39.87,0.229,-1.07,0.952,0.048,0.28,-0.91,1,0,0.364,-0.8,1,0,,,,,,,,,0.254,-1.01,0.952,0,,,,
13301,20180504,-93.15,39.87,0.253,-0.87,0.81,0.095,0.279,-0.88,1,0,0.358,-0.83,1,0,,,,,,,,,0.266,-0.89,0.81,0,,,,
13301,20180505,-93.15,39.87,0.277,-0.67,0.667,0.137,0.279,-0.85,1,0,0.354,-0.84,1,0,,,,,,,,,0.278,-0.77,0.667,0,,,,
13301,20180506,-93.15,39.87,0.298,-0.5,0.524,0.137,0.281,-0.8,1,0,0.35,-0.84,1,0,,,,,,,,,0.29,-0.65,0.524,0,,,,
13301,20180507,-93.15,39.87,0.316,-0.36,0.381,0.137,0.284,-0.75,1,0,0.348,-0.84,1,0,,,,,,,,,0.3,-0.56,0.429,0,,,,
13301,20180508,-93.15,39.87,0.331,-0.25,0.286,0.137,0.287,-0.7,1,0,0.348,-0.81,1,0,,,,,,,,,0.309,-0.47,0.429,0,,,,
13301,20180509,-93.15,39.87,0.349,-0.11,0.238,0.173,0.292,-0.65,0.964,0,0.348,-0.78,1,0,,,,,,,,,0.321,-0.37,0.381,0,,,,
13301,20180510,-93.15,39.87,0.363,-0.02,0.143,0.125,0.295,-0.62,0.964,0,0.35,-0.75,1,0,,,,,,,,,0.329,-0.31,0.286,0,,,,
13301,20180511,-93.15,39.87,0.355,-0.07,0.143,0.077,0.294,-0.62,0.964,0,0.349,-0.75,1,0,,,,,,,,,0.324,-0.34,0.286,0,,,,
13301,20180512,-93.15,39.87,0.346,-0.13,0.143,0.036,0.292,-0.62,0.964,0,0.348,-0.75,1,0,,,,,,,,,0.319,-0.38,0.298,0,,,,
13301,20180513,-93.15,39.87,0.341,-0.17,0.143,0.036,0.291,-0.62,0.964,0,0.347,-0.75,1,0,,,,,,,,,0.316,-0.4,0.405,0,,,,
13301,20180514,-93.15,39.87,0.337,-0.19,0.19,0.036,0.291,-0.63,0.964,0,0.346,-0.74,1,0,,,,,,,,,0.314,-0.41,0.5,0,,,,
13301,20180515,-93.15,39.87,0.346,-0.14,0.238,0.083,0.3,-0.56,0.917,0.042,0.354,-0.67,0.952,0.042,,,,,,,,,0.323,-0.35,0.452,0.042,,,,
13301,20180516,-93.15,39.87,0.372,0.02,0.143,0.19,0.329,-0.36,0.81,0.185,0.381,-0.47,0.81,0.185,,,,,,,,,0.351,-0.17,0.357,0.185,,,,
13301,20180517,-93.15,39.87,0.382,0.06,0.143,0.286,0.353,-0.2,0.667,0.327,0.406,-0.29,0.667,0.327,,,,,,,,,0.367,-0.06,0.357,0.315,,,,
13301,20180518,-93.15,39.87,0.39,0.11,0.143,0.286,0.371,-0.08,0.524,0.333,0.425,-0.15,0.524,0.369,,,,,,,,,0.38,0.02,0.357,0.315,,,,
13301,20180519,-93.15,39.87,0.397,0.15,0.143,0.286,0.386,0.02,0.381,0.333,0.441,-0.03,0.381,0.369,,,,,,,,,0.392,0.09,0.345,0.315,,,,
13301,20180520,-93.15,39.87,0.404,0.19,0.143,0.286,0.401,0.12,0.238,0.333,0.455,0.08,0.238,0.369,,,,,,,,,0.403,0.16,0.238,0.315,,,,
13301,20180521,-93.15,39.87,0.414,0.25,0.095,0.286,0.415,0.22,0.095,0.333,0.47,0.19,0.095,0.369,,,,,,,,,0.415,0.24,0.095,0.315,,,,
13301,20180522,-93.15,39.87,0.418,0.28,0,0.238,0.421,0.26,0,0.292,0.476,0.24,0,0.327,,,,,,,,,0.419,0.27,0,0.274,,,,
13301,20180523,-93.15,39.87,0.398,0.17,0,0.095,0.404,0.15,0,0.149,0.464,0.15,0,0.185,,,,,,,,,0.401,0.16,0,0.131,,,,
13301,20180524,-93.15,39.87,0.384,0.09,0,0,0.389,0.05,0,0.006,0.451,0.06,0,0.042,,,,,,,,,0.387,0.07,0,0,,,,
13301,20180525,-93.15,39.87,0.372,0.03,0,0,0.38,0,0,0,0.442,0.01,0,0,,,,,,,,,0.376,0.01,0,0,,,,
13301,20180526,-93.15,39.87,0.36,-0.03,0,0,0.371,-0.05,0,0,0.435,-0.04,0,0,,,,,,,,,0.365,-0.05,0,0,,,,
13301,20180527,-93.15,39.87,0.346,-0.1,0,0,0.362,-0.11,0,0,0.428,-0.09,0,0,,,,,,,,,0.354,-0.11,0,0,,,,
13301,20180528,-93.15,39.87,0.331,-0.18,0.101,0,0.352,-0.17,0,0,0.418,-0.15,0.036,0,,,,,,,,,0.341,-0.18,0.065,0,,,,
13301,20180529,-93.15,39.87,0.315,-0.26,0.155,0,0.339,-0.25,0.119,0,0.407,-0.23,0.173,0,,,,,,,,,0.327,-0.27,0.119,0,,,,
13301,20180530,-93.15,39.87,0.301,-0.33,0.167,0,0.327,-0.33,0.262,0,0.396,-0.31,0.315,0,,,,,,,,,0.314,-0.34,0.25,0,,,,
13301,20180531,-93.15,39.87,0.288,-0.39,0.268,0,0.316,-0.4,0.405,0,0.383,-0.41,0.458,0,,,,,,,,,0.302,-0.41,0.393,0,,,,
13301,20180601,-93.15,39.87,0.278,-0.44,0.411,0,0.305,-0.47,0.548,0,0.37,-0.5,0.601,0,,,,,,,,,0.292,-0.47,0.536,0,,,,
13301,20180602,-93.15,39.87,0.269,-0.48,0.554,0,0.295,-0.54,0.69,0,0.357,-0.59,0.744,0,,,,,,,,,0.282,-0.52,0.679,0,,,,
13301,20180603,-93.15,39.87,0.267,-0.49,0.56,0,0.286,-0.59,0.833,0,0.346,-0.66,0.887,0,,,,,,,,,0.276,-0.55,0.815,0,,,,
13301,20180604,-93.15,39.87,0.265,-0.49,0.554,0,0.278,-0.63,0.976,0,0.336,-0.72,0.994,0,,,,,,,,,0.271,-0.57,0.893,0,,,,
13301,20180605,-93.15,39.87,0.259,-0.51,0.643,0,0.271,-0.66,1,0,0.328,-0.76,1,0,,,,,,,,,0.265,-0.59,0.982,0,,,,
13301,20180606,-93.15,39.87,0.252,-0.54,0.774,0,0.265,-0.69,1,0,0.32,-0.8,1,0,,,,,,,,,0.259,-0.62,0.994,0,,,,
13301,20180607,-93.15,39.87,0.245,-0.57,0.815,0,0.258,-0.72,1,0,0.311,-0.83,1,0,,,,,,,,,0.251,-0.65,0.994,0,,,,
13301,20180608,-93.15,39.87,0.237,-0.6,0.815,0,0.251,-0.75,1,0,0.303,-0.86,1,0,,,,,,,,,0.244,-0.68,0.994,0,,,,
13301,20180609,-93.15,39.87,0.24,-0.57,0.762,0,0.253,-0.73,0.946,0,0.299,-0.85,0.946,0,,,,,,,,,0.247,-0.65,0.94,0,,,,
13301,20180610,-93.15,39.87,0.251,-0.51,0.756,0,0.264,-0.65,0.804,0,0.301,-0.82,0.905,0,,,,,,,,,0.257,-0.58,0.804,0,,,,
13301,20180611,-93.15,39.87,0.259,-0.46,0.661,0,0.273,-0.59,0.661,0,0.302,-0.79,0.905,0,,,,,,,,,0.266,-0.53,0.661,0,,,,
13301,20180612,-93.15,39.87,0.267,-0.42,0.518,0,0.281,-0.54,0.518,0,0.303,-0.77,0.905,0,,,,,,,,,0.274,-0.48,0.518,0,,,,
13301,20180613,-93.15,39.87,0.277,-0.37,0.375,0,0.288,-0.5,0.375,0,0.304,-0.75,0.905,0,,,,,,,,,0.282,-0.43,0.375,0,,,,
13301,20180614,-93.15,39.87,0.285,-0.33,0.232,0,0.294,-0.46,0.31,0,0.305,-0.72,0.905,0,,,,,,,,,0.289,-0.39,0.274,0,,,,
13301,20180615,-93.15,39.87,0.291,-0.3,0.202,0,0.299,-0.43,0.31,0,0.307,-0.71,0.905,0,,,,,,,,,0.295,-0.36,0.274,0,,,,
13301,20180616,-93.15,39.87,0.285,-0.33,0.256,0,0.294,-0.46,0.363,0,0.302,-0.72,0.958,0,,,,,,,,,0.29,-0.39,0.327,0,,,,
13301,20180617,-93.15,39.87,0.265,-0.44,0.399,0,0.278,-0.55,0.506,0,0.291,-0.78,1,0,,,,,,,,,0.272,-0.5,0.47,0,,,,
13301,20180618,-93.15,39.87,0.248,-0.53,0.542,0,0.264,-0.64,0.649,0,0.281,-0.84,1,0,,,,,,,,,0.256,-0.59,0.613,0,,,,
13301,20180619,-93.15,39.87,0.232,-0.62,0.685,0,0.251,-0.71,0.792,0,0.27,-0.89,1,0,,,,,,,,,0.241,-0.68,0.756,0,,,,
13301,20180620,-93.15,39.87,0.239,-0.58,0.72,0.054,0.247,-0.74,0.917,0,0.264,-0.92,1,0,,,,,,,,,0.243,-0.67,0.798,0,,,,
13301,20180621,-93.15,39.87,0.256,-0.47,0.72,0.095,0.245,-0.74,0.982,0,0.258,-0.94,1,0,,,,,,,,,0.251,-0.61,0.756,0,,,,
13301,20180622,-93.15,39.87,0.28,-0.33,0.607,0.202,0.247,-0.73,0.982,0,0.254,-0.96,1,0,,,,,,,,,0.263,-0.53,0.613,0,,,,
13301,20180623,-93.15,39.87,0.305,-0.19,0.464,0.274,0.249,-0.71,0.982,0,0.252,-0.96,1,0,,,,,,,,,0.277,-0.44,0.47,0,,,,
13301,20180624,-93.15,39.87,0.33,-0.04,0.321,0.274,0.253,-0.67,0.982,0,0.251,-0.95,1,0,,,,,,,,,0.292,-0.34,0.327,0,,,,
13301,20180625,-93.15,39.87,0.354,0.1,0.179,0.274,0.258,-0.64,0.982,0,0.252,-0.93,1,0,,,,,,,,,0.306,-0.25,0.185,0,,,,
13301,20180626,-93.15,39.87,0.377,0.23,0.036,0.274,0.264,-0.59,0.982,0,0.254,-0.91,1,0,,,,,,,,,0.32,-0.15,0.042,0,,,,
13301,20180627,-93.15,39.87,0.385,0.28,0,0.292,0.262,-0.6,1,0,0.254,-0.9,1,0,,,,,,,,,0.324,-0.13,0,0,,,,
13301,20180628,-93.15,39.87,0.383,0.26,0,0.262,0.26,-0.6,0.988,0,0.253,-0.89,1,0,,,,,,,,,0.321,-0.13,0,0,,,,
13301,20180629,-93.15,39.87,0.384,0.26,0,0.292,0.262,-0.58,0.845,0,0.253,-0.88,1,0,,,,,,,,,0.323,-0.12,0,0,,,,
13301,20180630,-93.15,39.87,0.383,0.25,0,0.22,0.264,-0.56,0.702,0,0.253,-0.86,1,0,,,,,,,,,0.323,-0.12,0,0,,,,
13301,20180701,-93.15,39.87,0.378,0.22,0,0.22,0.265,-0.54,0.625,0,0.254,-0.85,1,0,,,,,,,,,0.322,-0.13,0,0,,,,
13301,20180702,-93.15,39.87,0.373,0.19,0,0.22,0.266,-0.53,0.625,0,0.254,-0.85,1,0,,,,,,,,,0.319,-0.14,0,0,,,,
13301,20180703,-93.15,39.87,0.366,0.16,0,0.22,0.266,-0.53,0.625,0,0.254,-0.85,1,0,,,,,,,,,0.316,-0.16,0.054,0,,,,
13301,20180704,-93.15,39.87,0.345,0.05,0.06,0.149,0.265,-0.53,0.625,0,0.253,-0.85,1,0,,,,,,,,,0.305,-0.22,0.196,0,,,,
13301,20180705,-93.15,39.87,0.324,-0.07,0.202,0.137,0.263,-0.55,0.637,0,0.252,-0.86,1,0,,,,,,,,,0.294,-0.29,0.339,0,,,,
13301,20180706,-93.15,39.87,0.294,-0.23,0.345,0,0.253,-0.61,0.78,0,0.249,-0.88,1,0,,,,,,,,,0.274,-0.4,0.482,0,,,,
13301,20180707,-93.15,39.87,0.266,-0.37,0.488,0,0.243,-0.67,0.923,0,0.246,-0.91,1,0,,,,,,,,,0.255,-0.51,0.625,0,,,,
13301,20180708,-93.15,39.87,0.243,-0.49,0.631,0,0.233,-0.73,1,0,0.241,-0.94,1,0,,,,,,,,,0.238,-0.61,0.768,0,,,,
13301,20180709,-93.15,39.87,0.222,-0.59,0.774,0,0.224,-0.78,1,0,0.235,-0.98,1,0,,,,,,,,,0.223,-0.68,0.911,0,,,,
13301,20180710,-93.15,39.87,0.204,-0.67,0.917,0,0.215,-0.83,1,0,0.229,-1.01,1,0,,,,,,,,,0.21,-0.75,1,0,,,,
13301,20180711,-93.15,39.87,0.19,-0.73,1,0,0.208,-0.86,1,0,0.222,-1.04,1,0,,,,,,,,,0.199,-0.79,1,0,,,,
13301,20180712,-93.15,39.87,0.18,-0.76,1,0,0.201,-0.88,1,0,0.215,-1.06,1,0,,,,,,,,,0.19,-0.82,1,0,,,,
13301,20180713,-93.15,39.87,0.172,-0.77,1,0,0.195,-0.89,1,0,0.209,-1.08,1,0,,,,,,,,,0.183,-0.83,1,0,,,,
13301,20180714,-93.15,39.87,0.166,-0.78,1,0,0.19,-0.9,1,0,0.203,-1.1,1,0,,,,,,,,,0.178,-0.83,1,0,,,,
13301,20180715,-93.15,39.87,0.162,-0.77,1,0,0.186,-0.89,1,0,0.197,-1.11,1,0,,,,,,,,,0.174,-0.82,1,0,,,,
13301,20180716,-93.15,39.87,0.158,-0.76,1,0,0.182,-0.89,1,0,0.192,-1.11,1,0,,,,,,,,,0.17,-0.82,1,0,,,,
13301,20180717,-93.15,39.87,0.155,-0.75,1,0,0.179,-0.88,1,0,0.188,-1.12,1,0,,,,,,,,,0.167,-0.81,1,0,,,,
13301,20180718,-93.15,39.87,0.152,-0.74,1,0,0.176,-0.88,1,0,0.184,-1.12,1,0,,,,,,,,,0.164,-0.8,1,0,,,,
13301,20180719,-93.15,39.87,0.15,-0.73,1,0,0.173,-0.87,1,0,0.181,-1.11,1,0,,,,,,,,,0.162,-0.8,1,0,,,,
13301,20180720,-93.15,39.87,0.152,-0.71,1,0,0.176,-0.83,1,0,0.185,-1.07,1,0,,,,,,,,,0.164,-0.77,1,0,,,,
13301,20180721,-93.15,39.87,0.153,-0.69,1,0,0.178,-0.81,1,0,0.186,-1.04,1,0,,,,,,,,,0.165,-0.75,1,0,,,,
13301,20180722,-93.15,39.87,0.153,-0.68,1,0,0.178,-0.79,1,0,0.187,-1.02,1,0,,,,,,,,,0.165,-0.74,1,0,,,,
13301,20180723,-93.15,39.87,0.152,-0.67,1,0,0.178,-0.77,1,0,0.187,-1.01,1,0,,,,,,,,,0.165,-0.73,1,0,,,,
13301,20180724,-93.15,39.87,0.152,-0.67,1,0,0.178,-0.76,1,0,0.186,-1,1,0,,,,,,,,,0.165,-0.73,1,0,,,,
13301,20180725,-93.15,39.87,0.152,-0.68,1,0,0.177,-0.75,1,0,0.186,-0.99,1,0,,,,,,,,,0.165,-0.73,1,0,,,,
13301,20180726,-93.15,39.87,0.152,-0.69,1,0,0.177,-0.75,1,0,0.185,-0.99,1,0,,,,,,,,,0.164,-0.73,1,0,,,,
13301,20180727,-93.15,39.87,0.147,-0.71,1,0,0.171,-0.77,1,0,0.178,-1.02,1,0,,,,,,,,,0.159,-0.76,1,0,,,,
13301,20180728,-93.15,39.87,0.144,-0.73,1,0,0.166,-0.79,1,0,0.173,-1.04,1,0,,,,,,,,,0.155,-0.78,1,0,,,,
13301,20180729,-93.15,39.87,0.142,-0.75,1,0,0.165,-0.8,0.988,0,0.169,-1.05,1,0,,,,,,,,,0.154,-0.79,1,0,,,,
13301,20180730,-93.15,39.87,0.148,-0.72,0.929,0,0.178,-0.71,0.845,0,0.168,-1.06,1,0,,,,,,,,,0.163,-0.73,0.863,0,,,,
13301,20180731,-93.15,39.87,0.154,-0.69,0.923,0,0.189,-0.64,0.702,0,0.167,-1.05,1,0,,,,,,,,,0.171,-0.68,0.732,0,,,,
13301,20180801,-93.15,39.87,0.159,-0.66,0.923,0,0.197,-0.59,0.619,0,0.167,-1.05,1,0,,,,,,,,,0.178,-0.64,0.732,0,,,,
13301,20180802,-93.15,39.87,0.163,-0.63,0.923,0,0.204,-0.54,0.619,0,0.166,-1.05,1,0,,,,,,,,,0.183,-0.61,0.732,0,,,,
13301,20180803,-93.15,39.87,0.166,-0.61,0.923,0,0.209,-0.51,0.619,0,0.166,-1.04,1,0,,,,,,,,,0.187,-0.58,0.732,0,,,,
13301,20180804,-93.15,39.87,0.168,-0.6,0.923,0,0.213,-0.49,0.619,0,0.166,-1.04,1,0,,,,,,,,,0.19,-0.56,0.732,0,,,,
13301,20180805,-93.15,39.87,0.169,-0.59,0.923,0,0.214,-0.49,0.631,0,0.166,-1.04,1,0,,,,,,,,,0.191,-0.56,0.732,0,,,,
13301,20180806,-93.15,39.87,0.162,-0.63,0.994,0,0.201,-0.58,0.774,0,0.165,-1.05,1,0,,,,,,,,,0.181,-0.62,0.869,0,,,,
13301,20180807,-93.15,39.87,0.162,-0.62,0.964,0.018,0.191,-0.65,0.911,0,0.168,-1.04,0.976,0,,,,,,,,,0.177,-0.65,0.97,0,,,,
13301,20180808,-93.15,39.87,0.184,-0.49,0.821,0.071,0.194,-0.63,0.851,0,0.184,-0.95,0.857,0,,,,,,,,,0.189,-0.57,0.827,0,,,,
13301,20180809,-93.15,39.87,0.201,-0.39,0.679,0.071,0.198,-0.6,0.708,0,0.197,-0.88,0.857,0,,,,,,,,,0.199,-0.5,0.685,0,,,,
13301,20180810,-93.15,39.87,0.215,-0.3,0.536,0.071,0.202,-0.58,0.667,0,0.207,-0.83,0.857,0,,,,,,,,,0.208,-0.44,0.542,0,,,,
13301,20180811,-93.15,39.87,0.226,-0.23,0.393,0.071,0.205,-0.55,0.667,0,0.214,-0.79,0.857,0,,,,,,,,,0.216,-0.39,0.464,0,,,,
13301,20180812,-93.15,39.87,0.234,-0.18,0.304,0.071,0.209,-0.52,0.667,0,0.219,-0.76,0.857,0,,,,,,,,,0.221,-0.35,0.464,0,,,,
13301,20180813,-93.15,39.87,0.239,-0.14,0.304,0.071,0.212,-0.5,0.667,0,0.222,-0.74,0.857,0,,,,,,,,,0.225,-0.33,0.464,0,,,,
13301,20180814,-93.15,39.87,0.236,-0.16,0.339,0.054,0.213,-0.48,0.673,0,0.219,-0.74,0.881,0,,,,,,,,,0.224,-0.33,0.494,0,,,,
13301,20180815,-93.15,39.87,0.215,-0.28,0.429,0,0.206,-0.53,0.815,0,0.204,-0.82,1,0,,,,,,,,,0.21,-0.42,0.631,0,,,,
13301,20180816,-93.15,39.87,0.204,-0.34,0.506,0,0.202,-0.55,0.958,0,0.192,-0.88,1,0,,,,,,,,,0.203,-0.47,0.774,0,,,,
13301,20180817,-93.15,39.87,0.195,-0.39,0.649,0,0.198,-0.58,1,0,0.183,-0.93,1,0,,,,,,,,,0.197,-0.51,0.917,0,,,,
13301,20180818,-93.15,39.87,0.189,-0.42,0.792,0,0.194,-0.6,1,0,0.177,-0.95,1,0,,,,,,,,,0.192,-0.54,0.994,0,,,,
13301,20180819,-93.15,39.87,0.185,-0.45,0.881,0,0.191,-0.61,1,0,0.173,-0.97,1,0,,,,,,,,,0.188,-0.56,0.994,0,,,,
13301,20180820,-93.15,39.87,0.182,-0.47,0.881,0,0.189,-0.62,1,0,0.171,-0.98,1,0,,,,,,,,,0.186,-0.57,0.994,0,,,,
13301,20180821,-93.15,39.87,0.182,-0.47,0.881,0,0.188,-0.62,1,0,0.17,-0.98,1,0,,,,,,,,,0.185,-0.57,0.994,0,,,,
13301,20180822,-93.15,39.87,0.178,-0.49,0.935,0,0.185,-0.63,1,0,0.169,-0.98,1,0,,,,,,,,,0.181,-0.59,1,0,,,,
13301,20180823,-93.15,39.87,0.17,-0.54,1,0,0.18,-0.65,1,0,0.168,-0.99,1,0,,,,,,,,,0.175,-0.63,1,0,,,,
13301,20180824,-93.15,39.87,0.166,-0.56,0.964,0,0.179,-0.65,0.964,0,0.167,-0.99,1,0,,,,,,,,,0.173,-0.64,0.964,0,,,,
13301,20180825,-93.15,39.87,0.172,-0.51,0.821,0,0.184,-0.6,0.821,0,0.168,-0.98,1,0,,,,,,,,,0.178,-0.59,0.821,0,,,,
13301,20180826,-93.15,39.87,0.177,-0.46,0.679,0,0.188,-0.56,0.762,0,0.168,-0.98,1,0,,,,,,,,,0.183,-0.54,0.685,0,,,,
13301,20180827,-93.15,39.87,0.183,-0.41,0.631,0,0.192,-0.53,0.762,0,0.168,-0.97,1,0,,,,,,,,,0.187,-0.49,0.685,0,,,,
13301,20180828,-93.15,39.87,0.186,-0.37,0.631,0,0.194,-0.51,0.762,0,0.169,-0.97,1,0,,,,,,,,,0.19,-0.46,0.685,0,,,,
13301,20180829,-93.15,39.87,0.199,-0.27,0.583,0.048,0.205,-0.44,0.714,0.042,0.18,-0.9,0.952,0.036,,,,,,,,,0.202,-0.37,0.637,0.048,,,,
13301,20180830,-93.15,39.87,0.227,-0.06,0.44,0.19,0.231,-0.27,0.571,0.143,0.215,-0.71,0.81,0.054,,,,,,,,,0.229,-0.17,0.494,0.19,,,,
13301,20180831,-93.15,39.87,0.25,0.11,0.333,0.333,0.252,-0.15,0.464,0.143,0.246,-0.53,0.667,0.054,,,,,,,,,0.251,-0.02,0.387,0.298,,,,
13301,20180901,-93.15,39.87,0.276,0.29,0.333,0.476,0.277,0,0.464,0.274,0.287,-0.31,0.524,0.185,,,,,,,,,0.276,0.14,0.387,0.44,,,,
13301,20180902,-93.15,39.87,0.299,0.45,0.333,0.619,0.301,0.14,0.381,0.417,0.325,-0.1,0.381,0.327,,,,,,,,,0.3,0.3,0.381,0.583,,,,
13301,20180903,-93.15,39.87,0.326,0.64,0.238,0.762,0.329,0.3,0.238,0.56,0.366,0.13,0.238,0.47,,,,,,,,,0.328,0.47,0.238,0.726,,,,
13301,20180904,-93.15,39.87,0.355,0.84,0.095,0.905,0.358,0.48,0.095,0.702,0.408,0.37,0.095,0.613,,,,,,,,,0.357,0.66,0.095,0.869,,,,
13301,20180905,-93.15,39.87,0.372,0.96,0,1,0.376,0.58,0,0.804,0.435,0.52,0,0.72,,,,,,,,,0.374,0.78,0,0.964,,,,
13301,20180906,-93.15,39.87,0.375,0.98,0,1,0.378,0.6,0,0.845,0.439,0.55,0,0.845,,,,,,,,,0.376,0.79,0,0.964,,,,
13301,20180907,-93.15,39.87,0.385,1.05,0,1,0.383,0.64,0,0.988,0.446,0.6,0,0.988,,,,,,,,,0.384,0.83,0,1,,,,
13301,20180908,-93.15,39.87,0.391,1.1,0,1,0.388,0.67,0,1,0.45,0.64,0,1,,,,,,,,,0.39,0.87,0,1,,,,
13301,20180909,-93.15,39.87,0.399,1.16,0,1,0.393,0.72,0,1,0.456,0.69,0,1,,,,,,,,,0.396,0.92,0,1,,,,
13301,20180910,-93.15,39.87,0.403,1.19,0,1,0.394,0.73,0,1,0.458,0.71,0,1,,,,,,,,,0.399,0.94,0,1,,,,
13301,20180911,-93.15,39.87,0.405,1.2,0,1,0.394,0.75,0,1,0.458,0.72,0,1,,,,,,,,,0.4,0.95,0,1,,,,
13301,20180912,-93.15,39.87,0.408,1.22,0,1,0.395,0.76,0,1,0.459,0.74,0,1,,,,,,,,,0.401,0.96,0,1,,,,
13301,20180913,-93.15,39.87,0.408,1.22,0,1,0.396,0.77,0,1,0.46,0.75,0,1,,,,,,,,,0.402,0.97,0,1,,,,
13301,20180914,-93.15,39.87,0.401,1.17,0,1,0.395,0.77,0,1,0.46,0.76,0,1,,,,,,,,,0.398,0.95,0,1,,,,
13301,20180915,-93.15,39.87,0.384,1.06,0,1,0.385,0.72,0,1,0.451,0.71,0,1,,,,,,,,,0.385,0.87,0,1,,,,
13301,20180916,-93.15,39.87,0.367,0.94,0,1,0.376,0.67,0,1,0.441,0.67,0,1,,,,,,,,,0.371,0.78,0,1,,,,
13301,20180917,-93.15,39.87,0.351,0.83,0,1,0.367,0.62,0,0.94,0.432,0.62,0,1,,,,,,,,,0.359,0.71,0,0.958,,,,
13301,20180918,-93.15,39.87,0.334,0.73,0,0.911,0.357,0.56,0,0.798,0.423,0.57,0,0.911,,,,,,,,,0.346,0.63,0,0.815,,,,
13301,20180919,-93.15,39.87,0.331,0.71,0,0.863,0.355,0.56,0,0.75,0.421,0.57,0,0.863,,,,,,,,,0.343,0.62,0,0.768,,,,
13301,20180920,-93.15,39.87,0.332,0.72,0,0.863,0.355,0.56,0,0.75,0.42,0.57,0,0.863,,,,,,,,,0.344,0.63,0,0.768,,,,
13301,20180921,-93.15,39.87,0.333,0.72,0,0.863,0.354,0.56,0,0.75,0.419,0.56,0,0.863,,,,,,,,,0.344,0.63,0,0.768,,,,
13301,20180922,-93.15,39.87,0.334,0.73,0,0.863,0.353,0.55,0,0.75,0.417,0.56,0,0.863,,,,,,,,,0.344,0.63,0,0.768,,,,
13301,20180923,-93.15,39.87,0.337,0.74,0,0.863,0.351,0.54,0,0.738,0.416,0.55,0,0.857,,,,,,,,,0.344,0.64,0,0.768,,,,
13301,20180924,-93.15,39.87,0.339,0.74,0,0.863,0.35,0.54,0,0.655,0.415,0.53,0,0.726,,,,,,,,,0.345,0.64,0,0.768,,,,
13301,20180925,-93.15,39.87,0.342,0.75,0,0.881,0.35,0.54,0,0.655,0.415,0.53,0,0.673,,,,,,,,,0.346,0.64,0,0.768,,,,
13301,20180926,-93.15,39.87,0.332,0.67,0,0.786,0.343,0.49,0,0.56,0.408,0.48,0,0.577,,,,,,,,,0.337,0.58,0,0.673,,,,
13301,20180927,-93.15,39.87,0.317,0.57,0,0.643,0.334,0.43,0,0.417,0.4,0.43,0,0.435,,,,,,,,,0.326,0.5,0,0.53,,,,
13301,20180928,-93.15,39.87,0.305,0.48,0,0.5,0.325,0.38,0,0.274,0.392,0.38,0,0.292,,,,,,,,,0.315,0.43,0,0.387,,,,
13301,20180929,-93.15,39.87,0.293,0.4,0,0.357,0.317,0.33,0,0.131,0.385,0.33,0,0.149,,,,,,,,,0.305,0.37,0,0.244,,,,
13301,20180930,-93.15,39.87,0.283,0.33,0,0.214,0.308,0.28,0,0,0.378,0.3,0,0.012,,,,,,,,,0.296,0.31,0,0.101,,,,
13301,20181001,-93.15,39.87,0.274,0.28,0,0.071,0.3,0.23,0,0,0.371,0.26,0,0,,,,,,,,,0.287,0.26,0,0,,,,
13301,20181002,-93.15,39.87,0.266,0.23,0,0,0.292,0.19,0,0,0.363,0.22,0,0,,,,,,,,,0.279,0.22,0,0,,,,
13301,20181003,-93.15,39.87,0.258,0.19,0,0,0.285,0.15,0,0,0.356,0.19,0,0,,,,,,,,,0.271,0.17,0,0,,,,
13301,20181004,-93.15,39.87,0.252,0.15,0,0,0.278,0.11,0,0,0.347,0.15,0,0,,,,,,,,,0.265,0.13,0,0,,,,
13301,20181005,-93.15,39.87,0.254,0.15,0,0.042,0.273,0.08,0,0,0.341,0.12,0,0,,,,,,,,,0.263,0.12,0,0.042,,,,
13301,20181006,-93.15,39.87,0.272,0.25,0,0.185,0.272,0.07,0,0,0.34,0.11,0,0,,,,,,,,,0.272,0.16,0,0.185,,,,
13301,20181007,-93.15,39.87,0.302,0.4,0,0.327,0.29,0.16,0,0.125,0.356,0.18,0,0.125,,,,,,,,,0.296,0.27,0,0.327,,,,
13301,20181008,-93.15,39.87,0.342,0.6,0,0.47,0.325,0.32,0,0.268,0.384,0.29,0,0.268,,,,,,,,,0.334,0.45,0,0.47,,,,
13301,20181009,-93.15,39.87,0.381,0.79,0,0.613,0.361,0.49,0,0.411,0.413,0.41,0,0.411,,,,,,,,,0.371,0.63,0,0.613,,,,
13301,20181010,-93.15,39.87,0.42,0.98,0,0.756,0.397,0.66,0,0.554,0.442,0.53,0,0.554,,,,,,,,,0.408,0.8,0,0.756,,,,
13301,20181011,-93.15,39.87,0.455,1.15,0,0.899,0.431,0.81,0,0.696,0.472,0.65,0,0.696,,,,,,,,,0.443,0.95,0,0.899,,,,
13301,20181012,-93.15,39.87,0.479,1.25,0,1,0.458,0.93,0,0.839,0.496,0.75,0,0.839,,,,,,,,,0.468,1.06,0,1,,,,
13301,20181013,-93.15,39.87,0.489,1.28,0,1,0.483,1.03,0,0.982,0.518,0.84,0,0.982,,,,,,,,,0.486,1.13,0,1,,,,
13301,20181014,-93.15,39.87,0.487,1.23,0,1,0.488,1.05,0,1,0.521,0.85,0,1,,,,,,,,,0.487,1.12,0,1,,,,
13301,20181015,-93.15,39.87,0.48,1.16,0,1,0.481,1,0,1,0.518,0.83,0,1,,,,,,,,,0.481,1.06,0,1,,,,
13301,20181016,-93.15,39.87,0.477,1.12,0,1,0.477,0.97,0,1,0.516,0.82,0,1,,,,,,,,,0.477,1.03,0,1,,,,
13301,20181017,-93.15,39.87,0.47,1.05,0,1,0.471,0.93,0,1,0.512,0.8,0,1,,,,,,,,,0.47,0.97,0,1,,,,
13301,20181018,-93.15,39.87,0.464,1,0,1,0.463,0.88,0,1,0.506,0.77,0,1,,,,,,,,,0.463,0.92,0,1,,,,
13301,20181019,-93.15,39.87,0.463,0.97,0,1,0.459,0.85,0,1,0.505,0.76,0,1,,,,,,,,,0.461,0.9,0,1,,,,
13301,20181020,-93.15,39.87,0.459,0.93,0,1,0.455,0.82,0,1,0.501,0.74,0,1,,,,,,,,,0.457,0.86,0,1,,,,
13301,20181021,-93.15,39.87,0.455,0.9,0,1,0.452,0.79,0,1,0.497,0.71,0,1,,,,,,,,,0.453,0.83,0,1,,,,
13301,20181022,-93.15,39.87,0.444,0.84,0,1,0.443,0.73,0,1,0.488,0.66,0,1,,,,,,,,,0.443,0.78,0,1,,,,
13301,20181023,-93.15,39.87,0.431,0.77,0,1,0.431,0.65,0,1,0.475,0.6,0,1,,,,,,,,,0.431,0.71,0,1,,,,
13301,20181024,-93.15,39.87,0.422,0.73,0,1,0.422,0.6,0,1,0.466,0.55,0,1,,,,,,,,,0.422,0.66,0,1,,,,
13301,20181025,-93.15,39.87,0.414,0.68,0,1,0.416,0.56,0,1,0.459,0.51,0,1,,,,,,,,,0.415,0.63,0,1,,,,
13301,20181026,-93.15,39.87,0.406,0.65,0,1,0.412,0.53,0,1,0.453,0.47,0,1,,,,,,,,,0.409,0.6,0,1,,,,
13301,20181027,-93.15,39.87,0.399,0.61,0,1,0.407,0.5,0,1,0.447,0.45,0,1,,,,,,,,,0.403,0.57,0,1,,,,
13301,20181028,-93.15,39.87,0.391,0.58,0,1,0.402,0.49,0,1,0.442,0.43,0,1,,,,,,,,,0.397,0.55,0,1,,,,
13301,20181029,-93.15,39.87,0.384,0.55,0,1,0.398,0.48,0,1,0.439,0.41,0,1,,,,,,,,,0.391,0.54,0,1,,,,
13301,20181030,-93.15,39.87,0.376,0.52,0,0.994,0.394,0.47,0,1,0.435,0.4,0,0.94,,,,,,,,,0.385,0.51,0,1,,,,
13301,20181031,-93.15,39.87,0.368,0.5,0,0.988,0.389,0.47,0,1,0.431,0.38,0,0.935,,,,,,,,,0.379,0.5,0,1,,,,
13301,20181101,-93.15,39.87,0.361,0.47,0,0.887,0.385,0.47,0,1,0.427,0.37,0,0.917,,,,,,,,,0.373,0.48,0,1,,,,
13301,20181102,-93.15,39.87,0.353,0.44,0,0.744,0.381,0.46,0,1,0.424,0.36,0,0.857,,,,,,,,,0.367,0.45,0,0.988,,,,
13301,20181103,-93.15,39.87,0.345,0.41,0,0.601,0.376,0.45,0,1,0.42,0.34,0,0.75,,,,,,,,,0.361,0.43,0,0.929,,,,
13301,20181104,-93.15,39.87,0.338,0.38,0,0.464,0.372,0.44,0,1,0.417,0.33,0,0.607,,,,,,,,,0.355,0.4,0,0.792,,,,
13301,20181105,-93.15,39.87,0.344,0.45,0,0.464,0.368,0.44,0,1,0.414,0.31,0,0.464,,,,,,,,,0.356,0.44,0,0.792,,,,
13301,20181106,-93.15,39.87,0.355,0.56,0,0.47,0.367,0.45,0,1,0.411,0.3,0,0.381,,,,,,,,,0.361,0.5,0,0.792,,,,
13301,20181107,-93.15,39.87,0.366,0.67,0,0.476,0.366,0.47,0,1,0.409,0.28,0,0.244,,,,,,,,,0.366,0.57,0,0.792,,,,
13301,20181108,-93.15,39.87,0.376,0.78,0,0.577,0.366,0.49,0,1,0.407,0.26,0,0.119,,,,,,,,,0.371,0.64,0,0.792,,,,
13301,20181109,-93.15,39.87,0.387,0.88,0,0.72,0.366,0.51,0,1,0.405,0.25,0,0.036,,,,,,,,,0.376,0.71,0,0.804,,,,
13301,20181110,-93.15,39.87,0.398,0.98,0,0.863,0.366,0.55,0,1,0.404,0.23,0,0,,,,,,,,,0.382,0.79,0,0.863,,,,
13301,20181111,-93.15,39.87,0.41,1.09,0,1,0.367,0.58,0,1,0.402,0.21,0,0,,,,,,,,,0.389,0.86,0,1,,,,
13301,20181112,-93.15,39.87,0.411,1.09,0,1,0.367,0.61,0,1,0.401,0.2,0,0,,,,,,,,,0.389,0.88,0,1,,,,
13301,20181113,-93.15,39.87,0.408,1.06,0,1,0.367,0.63,0,1,0.4,0.19,0,0,,,,,,,,,0.387,0.88,0,1,,,,
13301,20181114,-93.15,39.87,0.405,1.03,0,1,0.366,0.64,0,1,0.398,0.18,0,0,,,,,,,,,0.385,0.87,0,1,,,,
13301,20181115,-93.15,39.87,0.404,1.02,0,1,0.365,0.65,0,1,0.397,0.17,0,0,,,,,,,,,0.384,0.87,0,1,,,,
13301,20181116,-93.15,39.87,0.403,1.01,0,1,0.364,0.65,0,1,0.396,0.16,0,0,,,,,,,,,0.384,0.86,0,1,,,,
13301,20181117,-93.15,39.87,0.403,0.99,0,1,0.363,0.64,0,1,0.395,0.16,0,0,,,,,,,,,0.383,0.86,0,1,,,,
13301,20181118,-93.15,39.87,0.402,0.97,0,1,0.363,0.65,0,1,0.395,0.15,0,0,,,,,,,,,0.383,0.85,0,1,,,,
13301,20181119,-93.15,39.87,0.4,0.95,0,1,0.363,0.65,0,1,0.395,0.15,0,0,,,,,,,,,0.382,0.83,0,1,,,,
13301,20181120,-93.15,39.87,0.398,0.92,0,1,0.363,0.65,0,1,0.395,0.15,0,0,,,,,,,,,0.381,0.82,0,1,,,,
13301,20181121,-93.15,39.87,0.397,0.89,0,1,0.363,0.65,0,1,0.395,0.14,0,0,,,,,,,,,0.38,0.8,0,1,,,,
13301,20181122,-93.15,39.87,0.394,0.86,0,1,0.364,0.65,0,1,0.395,0.14,0,0,,,,,,,,,0.379,0.77,0,1,,,,
13301,20181123,-93.15,39.87,0.392,0.83,0,1,0.364,0.64,0,1,0.395,0.13,0,0,,,,,,,,,0.378,0.75,0,1,,,,
13301,20181124,-93.15,39.87,0.39,0.79,0,1,0.364,0.62,0,1,0.395,0.13,0,0,,,,,,,,,0.377,0.73,0,1,,,,
13301,20181125,-93.15,39.87,0.387,0.76,0,1,0.364,0.6,0,0.887,0.395,0.12,0,0,,,,,,,,,0.375,0.7,0,1,,,,
13301,20181126,-93.15,39.87,0.389,0.75,0,1,0.363,0.56,0,0.75,0.396,0.12,0,0,,,,,,,,,0.376,0.7,0,1,,,,
13301,20181127,-93.15,39.87,0.394,0.77,0,1,0.363,0.54,0,0.738,0.396,0.12,0,0,,,,,,,,,0.378,0.71,0,1,,,,
13301,20181128,-93.15,39.87,0.397,0.77,0,1,0.364,0.53,0,0.732,0.396,0.12,0,0,,,,,,,,,0.381,0.71,0,1,,,,
13301,20181129,-93.15,39.87,0.401,0.78,0,1,0.365,0.51,0,0.69,0.397,0.12,0,0,,,,,,,,,0.383,0.72,0,1,,,,
13301,20181130,-93.15,39.87,0.406,0.78,0,1,0.366,0.51,0,0.673,0.397,0.12,0,0,,,,,,,,,0.386,0.72,0,1,,,,
13301,20181201,-93.15,39.87,0.415,0.82,0,1,0.371,0.56,0,0.649,0.402,0.15,0,0.03,,,,,,,,,0.393,0.77,0,1,,,,
13301,20181202,-93.15,39.87,0.434,0.94,0,1,0.392,0.76,0,0.762,0.419,0.29,0,0.173,,,,,,,,,0.413,0.92,0,1,,,,
13301,20181203,-93.15,39.87,0.45,1.04,0,1,0.414,0.98,0,0.899,0.437,0.43,0,0.315,,,,,,,,,0.432,1.05,0,1,,,,
13301,20181204,-93.15,39.87,0.464,1.12,0,1,0.436,1.19,0,0.911,0.455,0.57,0,0.458,,,,,,,,,0.45,1.18,0,1,,,,
13301,20181205,-93.15,39.87,0.479,1.2,0,1,0.457,1.38,0,0.917,0.472,0.71,0,0.601,,,,,,,,,0.468,1.29,0,1,,,,
13301,20181206,-93.15,39.87,0.495,1.29,0,1,0.478,1.57,0,0.958,0.49,0.84,0,0.744,,,,,,,,,0.486,1.41,0,1,,,,
13301,20181207,-93.15,39.87,0.51,1.38,0,1,0.496,1.72,0,0.976,0.508,0.97,0,0.887,,,,,,,,,0.503,1.51,0,1,,,,
13301,20181208,-93.15,39.87,0.519,1.42,0,1,0.508,1.79,0,1,0.521,1.06,0,1,,,,,,,,,0.514,1.55,0,1,,,,
13301,20181209,-93.15,39.87,0.516,1.36,0,1,0.504,1.69,0,1,0.52,1.03,0,1,,,,,,,,,0.51,1.47,0,1,,,,
13301,20181210,-93.15,39.87,0.507,1.26,0,1,0.499,1.57,0,1,0.518,0.99,0,1,,,,,,,,,0.503,1.36,0,1,,,,
13301,20181211,-93.15,39.87,0.497,1.14,0,1,0.493,1.44,0,1,0.516,0.94,0,1,,,,,,,,,0.495,1.23,0,1,,,,
13301,20181212,-93.15,39.87,0.487,1.04,0,1,0.488,1.33,0,1,0.514,0.89,0,1,,,,,,,,,0.488,1.12,0,1,,,,
13301,20181213,-93.15,39.87,0.479,0.95,0,1,0.484,1.22,0,1,0.513,0.86,0,1,,,,,,,,,0.481,1.02,0,1,,,,
13301,20181214,-93.15,39.87,0.471,0.86,0,1,0.482,1.15,0,1,0.514,0.84,0,1,,,,,,,,,0.477,0.94,0,1,,,,
13301,20181215,-93.15,39.87,0.465,0.78,0,1,0.482,1.1,0,1,0.514,0.82,0,1,,,,,,,,,0.473,0.87,0,1,,,,
13301,20181216,-93.15,39.87,0.459,0.72,0,1,0.482,1.06,0,1,0.513,0.8,0,1,,,,,,,,,0.471,0.82,0,1,,,,
13301,20181217,-93.15,39.87,0.458,0.7,0,1,0.481,1.01,0,1,0.512,0.77,0,1,,,,,,,,,0.47,0.78,0,1,,,,
13301,20181218,-93.15,39.87,0.457,0.68,0,1,0.48,0.97,0,1,0.51,0.74,0,1,,,,,,,,,0.469,0.75,0,1,,,,
13301,20181219,-93.15,39.87,0.455,0.66,0,1,0.476,0.91,0,1,0.506,0.71,0,0.97,,,,,,,,,0.466,0.71,0,1,,,,
13301,20181220,-93.15,39.87,0.452,0.63,0,1,0.472,0.85,0,1,0.501,0.65,0,0.899,,,,,,,,,0.462,0.68,0,1,,,,
13301,20181221,-93.15,39.87,0.448,0.6,0,1,0.467,0.79,0,1,0.495,0.6,0,0.798,,,,,,,,,0.458,0.64,0,1,,,,
13301,20181222,-93.15,39.87,0.444,0.57,0,1,0.462,0.73,0,1,0.489,0.55,0,0.696,,,,,,,,,0.453,0.6,0,0.94,,,,
13301,20181223,-93.15,39.87,0.441,0.53,0,1,0.456,0.68,0,0.946,0.484,0.51,0,0.554,,,,,,,,,0.448,0.57,0,0.798,,,,
13301,20181224,-93.15,39.87,0.438,0.5,0,0.911,0.451,0.63,0,0.827,0.48,0.48,0,0.411,,,,,,,,,0.444,0.53,0,0.655,,,,
13301,20181225,-93.15,39.87,0.435,0.47,0,0.768,0.446,0.59,0,0.685,0.477,0.45,0,0.268,,,,,,,,,0.441,0.51,0,0.512,,,,
13301,20181226,-93.15,39.87,0.433,0.45,0,0.69,0.444,0.56,0,0.542,0.475,0.43,0,0.155,,,,,,,,,0.439,0.49,0,0.369,,,,
13301,20181227,-93.15,39.87,0.436,0.46,0,0.643,0.445,0.56,0,0.494,0.477,0.43,0,0.167,,,,,,,,,0.44,0.49,0,0.315,,,,
13301,20181228,-93.15,39.87,0.445,0.53,0,0.643,0.452,0.61,0,0.494,0.483,0.47,0,0.268,,,,,,,,,0.448,0.55,0,0.315,,,,
13301,20181229,-93.15,39.87,0.454,0.6,0,0.643,0.459,0.66,0,0.494,0.491,0.51,0,0.369,,,,,,,,,0.457,0.61,0,0.375,,,,
13301,20181230,-93.15,39.87,0.462,0.66,0,0.643,0.466,0.71,0,0.548,0.498,0.55,0,0.512,,,,,,,,,0.464,0.66,0,0.518,,,,
13301,20181231,-93.15,39.87,0.47,0.72,0,0.732,0.472,0.75,0,0.667,0.505,0.59,0,0.655,,,,,,,,,0.471,0.71,0,0.661,,,,
13301,20190101,-93.15,39.87,0.481,0.82,0,0.875,0.482,0.83,0,0.81,0.514,0.66,0,0.798,,,,,,,,,0.481,0.8,0,0.804,,,,
13301,20190102,-93.15,39.87,0.491,0.91,0,0.952,0.492,0.91,0,0.952,0.523,0.72,0,0.94,,,,,,,,,0.492,0.88,0,0.946,,,,
13301,20190103,-93.15,39.87,0.496,0.96,0,1,0.498,0.95,0,1,0.529,0.76,0,1,,,,,,,,,0.497,0.92,0,1,,,,
13301,20190104,-93.15,39.87,0.494,0.95,0,1,0.497,0.95,0,1,0.53,0.77,0,1,,,,,,,,,0.495,0.92,0,1,,,,
13301,20190105,-93.15,39.87,0.492,0.94,0,1,0.496,0.94,0,1,0.529,0.77,0,1,,,,,,,,,0.494,0.9,0,1,,,,
13301,20190106,-93.15,39.87,0.493,0.94,0,1,0.496,0.94,0,1,0.531,0.78,0,1,,,,,,,,,0.494,0.91,0,1,,,,
13301,20190107,-93.15,39.87,0.496,0.96,0,1,0.498,0.95,0,1,0.533,0.79,0,1,,,,,,,,,0.497,0.93,0,1,,,,
13301,20190108,-93.15,39.87,0.497,0.96,0,1,0.499,0.96,0,1,0.534,0.8,0,1,,,,,,,,,0.498,0.94,0,1,,,,
13301,20190109,-93.15,39.87,0.497,0.95,0,1,0.498,0.95,0,1,0.535,0.8,0,1,,,,,,,,,0.497,0.93,0,1,,,,
13301,20190110,-93.15,39.87,0.493,0.91,0,1,0.496,0.93,0,1,0.533,0.79,0,1,,,,,,,,,0.495,0.91,0,1,,,,
13301,20190111,-93.15,39.87,0.488,0.86,0,1,0.494,0.91,0,1,0.53,0.77,0,1,,,,,,,,,0.491,0.89,0,1,,,,
13301,20190112,-93.15,39.87,0.483,0.81,0,1,0.491,0.89,0,1,0.527,0.75,0,1,,,,,,,,,0.487,0.86,0,1,,,,
13301,20190113,-93.15,39.87,0.478,0.77,0,1,0.49,0.88,0,1,0.525,0.74,0,1,,,,,,,,,0.484,0.84,0,1,,,,
13301,20190114,-93.15,39.87,0.473,0.72,0,1,0.487,0.86,0,1,0.523,0.73,0,1,,,,,,,,,0.48,0.81,0,1,,,,
13301,20190115,-93.15,39.87,0.466,0.66,0,1,0.483,0.83,0,1,0.522,0.72,0,1,,,,,,,,,0.475,0.76,0,1,,,,
13301,20190116,-93.15,39.87,0.461,0.62,0,1,0.482,0.82,0,1,0.522,0.73,0,1,,,,,,,,,0.472,0.74,0,1,,,,
13301,20190117,-93.15,39.87,0.463,0.63,0,1,0.484,0.83,0,1,0.524,0.74,0,1,,,,,,,,,0.474,0.75,0,1,,,,
13301,20190118,-93.15,39.87,0.469,0.67,0,1,0.489,0.86,0,1,0.528,0.77,0,1,,,,,,,,,0.479,0.78,0,1,,,,
13301,20190119,-93.15,39.87,0.477,0.72,0,1,0.494,0.9,0,1,0.532,0.81,0,1,,,,,,,,,0.486,0.83,0,1,,,,
13301,20190120,-93.15,39.87,0.485,0.77,0,1,0.499,0.93,0,1,0.536,0.83,0,1,,,,,,,,,0.492,0.88,0,1,,,,
13301,20190121,-93.15,39.87,0.491,0.8,0,1,0.504,0.96,0,1,0.538,0.85,0,1,,,,,,,,,0.498,0.91,0,1,,,,
13301,20190122,-93.15,39.87,0.496,0.82,0,1,0.508,0.98,0,1,0.539,0.85,0,1,,,,,,,,,0.502,0.93,0,1,,,,
13301,20190123,-93.15,39.87,0.502,0.84,0,1,0.512,0.98,0,1,0.54,0.84,0,1,,,,,,,,,0.507,0.94,0,1,,,,
13301,20190124,-93.15,39.87,0.507,0.86,0,1,0.514,0.98,0,1,0.54,0.84,0,1,,,,,,,,,0.511,0.95,0,1,,,,
13301,20190125,-93.15,39.87,0.509,0.85,0,1,0.515,0.96,0,1,0.541,0.83,0,1,,,,,,,,,0.512,0.94,0,1,,,,
13301,20190126,-93.15,39.87,0.509,0.83,0,1,0.514,0.92,0,1,0.541,0.83,0,1,,,,,,,,,0.511,0.9,0,1,,,,
13301,20190127,-93.15,39.87,0.506,0.78,0,1,0.512,0.88,0,1,0.539,0.81,0,1,,,,,,,,,0.509,0.85,0,1,,,,
13301,20190128,-93.15,39.87,0.506,0.76,0,1,0.51,0.84,0,1,0.538,0.78,0,1,,,,,,,,,0.508,0.81,0,1,,,,
13301,20190129,-93.15,39.87,0.507,0.75,0,1,0.509,0.8,0,1,0.537,0.76,0,1,,,,,,,,,0.508,0.79,0,1,,,,
13301,20190130,-93.15,39.87,0.507,0.74,0,0.994,0.506,0.76,0,1,0.534,0.73,0,0.97,,,,,,,,,0.506,0.75,0,0.982,,,,
13301,20190131,-93.15,39.87,0.499,0.67,0,0.851,0.501,0.71,0,0.964,0.528,0.66,0,0.827,,,,,,,,,0.5,0.68,0,0.839,,,,
13301,20190201,-93.15,39.87,0.487,0.58,0,0.708,0.493,0.63,0,0.821,0.519,0.57,0,0.685,,,,,,,,,0.49,0.59,0,0.696,,,,
13301,20190202,-93.15,39.87,0.476,0.5,0,0.565,0.484,0.55,0,0.679,0.508,0.48,0,0.542,,,,,,,,,0.48,0.51,0,0.554,,,,
13301,20190203,-93.15,39.87,0.473,0.47,0,0.5,0.48,0.5,0,0.565,0.505,0.44,0,0.488,,,,,,,,,0.476,0.47,0,0.417,,,,
13301,20190204,-93.15,39.87,0.471,0.46,0,0.5,0.478,0.48,0,0.548,0.505,0.44,0,0.488,,,,,,,,,0.475,0.45,0,0.399,,,,
13301,20190205,-93.15,39.87,0.469,0.45,0,0.5,0.477,0.46,0,0.548,0.506,0.45,0,0.488,,,,,,,,,0.473,0.44,0,0.399,,,,
13301,20190206,-93.15,39.87,0.468,0.45,0,0.506,0.478,0.46,0,0.548,0.508,0.48,0,0.518,,,,,,,,,0.473,0.44,0,0.417,,,,
13301,20190207,-93.15,39.87,0.474,0.5,0,0.649,0.481,0.47,0,0.583,0.513,0.54,0,0.661,,,,,,,,,0.477,0.49,0,0.56,,,,
13301,20190208,-93.15,39.87,0.482,0.57,0,0.78,0.486,0.51,0,0.72,0.521,0.61,0,0.804,,,,,,,,,0.484,0.55,0,0.686,,,,
13301,20190209,-93.15,39.87,0.492,0.64,0,0.919,0.491,0.54,0,0.786,0.523,0.63,0,0.821,,,,,,,,,0.492,0.61,0,0.807,,,,
13301,20190210,-93.15,39.87,,,,,0.489,0.51,0,0.756,0.518,0.57,0,0.732,,,,,,,,,,,,,,,,
13301,20190211,-93.15,39.87,,,,,0.483,0.45,0,0.631,0.51,0.48,0,0.589,,,,,,,,,,,,,,,,
13301,20190212,-93.15,39.87,,,,,0.481,0.42,0,0.577,0.503,0.41,0,0.446,,,,,,,,,,,,,,,,
13301,20190213,-93.15,39.87,,,,,0.479,0.41,0,0.577,0.499,0.37,0,0.369,,,,,,,,,,,,,,,,
13301,20190214,-93.15,39.87,,,,,0.478,0.4,0,0.577,0.496,0.35,0,0.292,,,,,,,,,,,,,,,,
13301,20190215,-93.15,39.87,,,,,0.478,0.4,0,0.583,0.493,0.31,0,0.149,,,,,,,,,,,,,,,,
13301,20190216,-93.15,39.87,,,,,0.48,0.42,0,0.661,0.495,0.33,0,0.131,,,,,,,,,,,,,,,,
13301,20190217,-93.15,39.87,,,,,0.486,0.47,0,0.804,0.498,0.37,0,0.149,,,,,,,,,,,,,,,,
13301,20190218,-93.15,39.87,,,,,0.492,0.54,0,0.946,0.5,0.4,0,0.19,,,,,,,,,,,,,,,,
13301,20190219,-93.15,39.87,,,,,0.491,0.54,0,0.94,0.501,0.41,0,0.19,,,,,,,,,,,,,,,,
13301,20190220,-93.15,39.87,,,,,0.488,0.52,0,0.839,0.497,0.37,0,0.125,,,,,,,,,,,,,,,,
13301,20190221,-93.15,39.87,,,,,0.485,0.5,0,0.839,0.492,0.33,0,0.06,,,,,,,,,,,,,,,,
13301,20190222,-93.15,39.87,,,,,0.481,0.48,0,0.839,0.49,0.31,0,0.083,,,,,,,,,,,,,,,,
13301,20190223,-93.15,39.87,,,,,0.478,0.47,0,0.839,0.489,0.31,0,0.167,,,,,,,,,,,,,,,,
13301,20190224,-93.15,39.87,,,,,0.478,0.48,0,0.839,0.493,0.36,0,0.256,,,,,,,,,,,,,,,,
13301,20190225,-93.15,39.87,,,,,0.478,0.49,0,0.839,0.497,0.42,0,0.351,,,,,,,,,,,,,,,,
13301,20190226,-93.15,39.87,,,,,0.48,0.51,0,0.899,0.5,0.46,0,0.429,,,,,,,,,,,,,,,,
13301,20190227,-93.15,39.87,,,,,0.48,0.51,0,0.893,0.503,0.49,0,0.5,,,,,,,,,,,,,,,,
13301,20190228,-93.15,39.87,,,,,0.479,0.5,0,0.75,0.503,0.5,0,0.5,,,,,,,,,,,,,,,,
13301,20190301,-93.15,39.87,,,,,0.476,0.45,0,0.607,0.502,0.48,0,0.476,,,,,,,,,,,,,,,,
13301,20190302,-93.15,39.87,,,,,0.471,0.39,0,0.464,0.5,0.43,0,0.393,,,,,,,,,,,,,,,,
13301,20190303,-93.15,39.87,,,,,0.463,0.31,0,0.321,0.495,0.35,0,0.286,,,,,,,,,,,,,,,,
13301,20190304,-93.15,39.87,,,,,0.455,0.21,0,0.18,0.488,0.24,0,0.149,,,,,,,,,,,,,,,,
13301,20190305,-93.15,39.87,,,,,0.449,0.15,0,0.042,0.481,0.14,0,0.071,,,,,,,,,,,,,,,,
13301,20190306,-93.15,39.87,,,,,,,,,0.475,0.05,0,0,,,,,,,,,,,,,,,,
13301,20190307,-93.15,39.87,,,,,,,,,0.47,-0.03,0,0,,,,,,,,,,,,,,,,
13301,20190308,-93.15,39.87,,,,,,,,,0.466,-0.09,0,0,,,,,,,,,,,,,,,,
13301,20190309,-93.15,39.87,,,,,,,,,0.462,-0.15,0,0,,,,,,,,,,,,,,,,
13301,20190310,-93.15,39.87,,,,,,,,,0.459,-0.2,0,0,,,,,,,,,,,,,,,,
13301,20190311,-93.15,39.87,,,,,,,,,0.458,-0.22,0,0,,,,,,,,,,,,,,,,
13301,20190312,-93.15,39.87,,,,,,,,,0.458,-0.24,0,0,,,,,,,,,,,,,,,,
13301,20190313,-93.15,39.87,,,,,,,,,0.461,-0.23,0,0,,,,,,,,,,,,,,,,
13301,20190314,-93.15,39.87,,,,,,,,,0.47,-0.15,0,0,,,,,,,,,,,,,,,,
13301,20190315,-93.15,39.87,,,,,,,,,0.481,-0.06,0,0,,,,,,,,,,,,,,,,
13301,20190316,-93.15,39.87,,,,,,,,,0.492,0.03,0,0.012,,,,,,,,,,,,,,,,
13301,20190317,-93.15,39.87,,,,,,,,,0.501,0.1,0,0.012,,,,,,,,,,,,,,,,
13301,20190318,-93.15,39.87,,,,,,,,,0.509,0.16,0,0.012,,,,,,,,,,,,,,,,
13301,20190319,-93.15,39.87,,,,,,,,,0.516,0.21,0,0.012,,,,,,,,,,,,,,,,
13301,20190320,-93.15,39.87,0.48,0.4,0,0.386,0.47,0.22,0,0,0.519,0.22,0,0.012,,,,,,,,,0.474,0.31,0,0.06,,,,
13301,20190321,-93.15,39.87,0.471,0.33,0,0.28,0.468,0.2,0,0,0.516,0.16,0,0.012,,,,,,,,,0.469,0.27,0,0.012,,,,
13301,20190322,-93.15,39.87,0.461,0.25,0,0.137,0.464,0.16,0,0,0.51,0.07,0.018,0.012,,,,,,,,,0.462,0.21,0,0,,,,
13301,20190323,-93.15,39.87,0.45,0.18,0,0.042,0.46,0.12,0,0,0.502,-0.04,0.161,0,,,,,,,,,0.455,0.15,0,0,,,,
13301,20190324,-93.15,39.87,0.441,0.11,0,0,0.455,0.08,0,0,0.495,-0.14,0.304,0,,,,,,,,,0.448,0.09,0,0,,,,
13301,20190325,-93.15,39.87,0.445,0.13,0,0.113,0.456,0.09,0,0,0.494,-0.16,0.333,0,,,,,,,,,0.45,0.11,0,0.065,,,,
13301,20190326,-93.15,39.87,0.449,0.16,0,0.161,0.458,0.11,0,0,0.496,-0.15,0.333,0,,,,,,,,,0.454,0.14,0,0.065,,,,
13301,20190327,-93.15,39.87,0.449,0.17,0,0.161,0.46,0.13,0,0,0.496,-0.15,0.333,0,,,,,,,,,0.455,0.15,0,0.065,,,,
13301,20190328,-93.15,39.87,0.448,0.16,0,0.161,0.46,0.14,0,0,0.494,-0.18,0.429,0,,,,,,,,,0.454,0.15,0,0.065,,,,
13301,20190329,-93.15,39.87,0.456,0.24,0,0.25,0.464,0.19,0,0.089,0.498,-0.12,0.458,0.042,,,,,,,,,0.46,0.22,0,0.155,,,,
13301,20190330,-93.15,39.87,0.47,0.38,0,0.393,0.472,0.29,0,0.232,0.507,0,0.315,0.155,,,,,,,,,0.471,0.33,0,0.298,,,,
13301,20190331,-93.15,39.87,0.484,0.53,0,0.536,0.482,0.4,0,0.375,0.516,0.15,0.173,0.298,,,,,,,,,0.483,0.47,0,0.44,,,,
13301,20190401,-93.15,39.87,0.489,0.59,0,0.565,0.485,0.46,0,0.518,0.52,0.22,0.143,0.44,,,,,,,,,0.487,0.52,0,0.518,,,,
13301,20190402,-93.15,39.87,0.492,0.65,0,0.661,0.487,0.5,0,0.661,0.52,0.27,0.143,0.583,,,,,,,,,0.49,0.57,0,0.661,,,,
13301,20190403,-93.15,39.87,0.497,0.71,0,0.804,0.489,0.54,0,0.804,0.523,0.34,0.143,0.726,,,,,,,,,0.493,0.62,0,0.804,,,,
13301,20190404,-93.15,39.87,0.5,0.75,0,0.857,0.492,0.59,0,0.946,0.527,0.45,0.048,0.863,,,,,,,,,0.496,0.67,0,0.946,,,,
13301,20190405,-93.15,39.87,0.497,0.73,0,0.905,0.494,0.62,0,1,0.529,0.51,0,0.964,,,,,,,,,0.496,0.68,0,1,,,,
13301,20190406,-93.15,39.87,0.488,0.66,0,0.905,0.492,0.61,0,1,0.527,0.52,0,0.994,,,,,,,,,0.49,0.64,0,1,,,,
13301,20190407,-93.15,39.87,0.478,0.57,0,0.81,0.488,0.58,0,1,0.523,0.49,0,0.911,,,,,,,,,0.483,0.58,0,0.994,,,,
13301,20190408,-93.15,39.87,0.472,0.52,0,0.81,0.487,0.59,0,1,0.522,0.51,0,0.911,,,,,,,,,0.48,0.56,0,0.994,,,,
13301,20190409,-93.15,39.87,0.466,0.47,0,0.81,0.485,0.58,0,1,0.518,0.49,0,0.821,,,,,,,,,0.475,0.53,0,0.994,,,,
13301,20190410,-93.15,39.87,0.459,0.43,0,0.696,0.48,0.56,0,0.893,0.512,0.43,0,0.679,,,,,,,,,0.469,0.5,0,0.875,,,,
13301,20190411,-93.15,39.87,0.454,0.4,0,0.643,0.473,0.52,0,0.75,0.505,0.37,0,0.542,,,,,,,,,0.463,0.46,0,0.732,,,,
13301,20190412,-93.15,39.87,0.445,0.33,0,0.506,0.464,0.45,0,0.607,0.497,0.29,0,0.399,,,,,,,,,0.454,0.4,0,0.589,,,,
13301,20190413,-93.15,39.87,0.435,0.26,0,0.363,0.453,0.38,0,0.464,0.488,0.21,0,0.256,,,,,,,,,0.444,0.32,0,0.446,,,,
13301,20190414,-93.15,39.87,0.423,0.16,0,0.315,0.443,0.31,0,0.321,0.48,0.15,0,0.196,,,,,,,,,0.433,0.23,0,0.31,,,,
13301,20190415,-93.15,39.87,0.404,0.01,0.137,0.173,0.43,0.2,0,0.179,0.468,0.03,0,0.054,,,,,,,,,0.417,0.1,0,0.167,,,,
13301,20190416,-93.15,39.87,0.387,-0.14,0.28,0.03,0.418,0.11,0,0.036,0.46,-0.05,0,0,,,,,,,,,0.402,-0.03,0.131,0.024,,,,
13301,20190417,-93.15,39.87,0.368,-0.3,0.423,0,0.408,0.03,0,0,0.453,-0.11,0.03,0,,,,,,,,,0.388,-0.15,0.274,0,,,,
13301,20190418,-93.15,39.87,0.353,-0.42,0.536,0,0.4,-0.05,0.048,0,0.448,-0.16,0.137,0,,,,,,,,,0.376,-0.25,0.387,0,,,,
13301,20190419,-93.15,39.87,0.349,-0.45,0.559,0,0.392,-0.11,0.137,0,0.442,-0.21,0.248,0,,,,,,,,,0.371,-0.29,0.404,0,,,,
13301,20190420,-93.15,39.87,0.348,-0.45,0.559,0,0.384,-0.18,0.286,0,0.434,-0.28,0.398,0,,,,,,,,,0.366,-0.32,0.404,0,,,,
13301,20190421,-93.15,39.87,0.346,-0.45,0.559,0,0.376,-0.24,0.435,0,0.428,-0.34,0.547,0,,,,,,,,,0.361,-0.35,0.404,0,,,,
13301,20190422,-93.15,39.87,0.343,-0.45,0.54,0,0.369,-0.31,0.584,0,0.421,-0.4,0.696,0,,,,,,,,,0.356,-0.37,0.54,0,,,,
13301,20190423,-93.15,39.87,0.341,-0.44,0.54,0,0.362,-0.37,0.733,0,0.415,-0.46,0.845,0,,,,,,,,,0.351,-0.4,0.553,0,,,,
13301,20190424,-93.15,39.87,0.34,-0.41,0.54,0,0.356,-0.42,0.882,0,0.408,-0.52,0.963,0,,,,,,,,,0.348,-0.4,0.553,0,,,,
13301,20190425,-93.15,39.87,0.339,-0.4,0.571,0,0.35,-0.46,0.981,0,0.402,-0.57,1,0,0.457,-0.77,1,0,0.47,,,,0.345,-0.41,0.584,0,0.403,,,
13301,20190426,-93.15,39.87,0.327,-0.48,0.69,0,0.346,-0.49,1,0,0.399,-0.6,1,0,0.457,-0.76,1,0,0.47,,,,0.337,-0.47,0.702,0,0.4,,,
13301,20190427,-93.15,39.87,0.315,-0.56,0.833,0,0.341,-0.53,1,0,0.395,-0.63,1,0,0.456,-0.75,1,0,0.47,,,,0.328,-0.53,0.845,0,0.395,,,
13301,20190428,-93.15,39.87,0.303,-0.63,0.976,0,0.335,-0.57,1,0,0.39,-0.68,1,0,0.457,-0.73,1,0,0.471,,,,0.319,-0.59,0.988,0,0.391,,,
13301,20190429,-93.15,39.87,0.295,-0.67,1,0,0.328,-0.61,1,0,0.384,-0.72,1,0,0.458,-0.72,1,0,0.472,,,,0.312,-0.64,1,0,0.387,,,
13301,20190430,-93.15,39.87,0.302,-0.59,0.857,0.024,0.324,-0.62,0.982,0,0.379,-0.75,1,0,0.457,-0.71,1,0,0.471,,,,0.313,-0.61,0.863,0,0.387,,,
13301,20190501,-93.15,39.87,0.332,-0.35,0.714,0.167,0.342,-0.44,0.839,0.131,0.392,-0.6,0.869,0.125,0.457,-0.7,1,0,0.47,,,,0.337,-0.38,0.72,0.137,0.398,,,
13301,20190502,-93.15,39.87,0.364,-0.09,0.571,0.31,0.364,-0.23,0.696,0.274,0.407,-0.42,0.726,0.268,0.457,-0.67,1,0,0.469,,,,0.364,-0.14,0.577,0.28,0.412,,,
13301,20190503,-93.15,39.87,0.397,0.16,0.429,0.452,0.386,-0.01,0.554,0.417,0.424,-0.23,0.583,0.411,0.458,-0.65,1,0,0.47,,,,0.392,0.1,0.435,0.423,0.427,,,
13301,20190504,-93.15,39.87,0.43,0.41,0.286,0.595,0.409,0.21,0.411,0.56,0.443,-0.03,0.44,0.554,0.459,-0.62,1,0,0.47,,,,0.42,0.34,0.292,0.565,0.442,,,
13301,20190505,-93.15,39.87,0.458,0.63,0.143,0.738,0.431,0.41,0.268,0.702,0.461,0.17,0.298,0.696,0.46,-0.6,1,0,0.47,,,,0.445,0.56,0.149,0.708,0.456,,,
13301,20190506,-93.15,39.87,0.482,0.81,0,0.881,0.451,0.59,0.125,0.845,0.478,0.35,0.155,0.839,0.461,-0.58,1,0,0.47,,,,0.466,0.74,0.006,0.851,0.468,,,
13301,20190507,-93.15,39.87,0.496,0.9,0,1,0.47,0.75,0,0.988,0.495,0.53,0.012,0.958,0.462,-0.56,1,0,0.471,,,,0.483,0.88,0,0.994,0.479,,,
13301,20190508,-93.15,39.87,0.497,0.89,0,1,0.473,0.76,0,1,0.5,0.56,0,0.976,0.463,-0.55,1,0,0.471,,,,0.485,0.87,0,1,0.481,,,
13301,20190509,-93.15,39.87,0.496,0.86,0,1,0.472,0.74,0,1,0.502,0.56,0,0.976,0.464,-0.54,1,0,0.471,,,,0.484,0.85,0,1,0.481,,,
13301,20190510,-93.15,39.87,0.494,0.83,0,1,0.471,0.72,0,1,0.504,0.56,0,0.976,0.464,-0.54,1,0,0.471,,,,0.483,0.82,0,1,0.481,,,
13301,20190511,-93.15,39.87,0.489,0.79,0,1,0.469,0.69,0,1,0.505,0.55,0,0.976,0.464,-0.54,1,0,0.471,,,,0.479,0.78,0,1,0.48,,,
13301,20190512,-93.15,39.87,0.489,0.78,0,1,0.47,0.67,0,1,0.508,0.57,0,0.976,0.464,-0.54,1,0,0.471,,,,0.48,0.77,0,1,0.48,,,
13301,20190513,-93.15,39.87,0.496,0.81,0,1,0.474,0.69,0,1,0.514,0.6,0,0.976,0.464,-0.53,1,0,0.471,,,,0.485,0.79,0,1,0.484,,,
13301,20190514,-93.15,39.87,0.498,0.81,0,1,0.477,0.7,0,1,0.516,0.61,0,1,0.465,-0.51,1,0,0.472,,,,0.487,0.8,0,1,0.486,,,
13301,20190515,-93.15,39.87,0.488,0.74,0,1,0.471,0.65,0,0.976,0.512,0.56,0,0.899,0.466,-0.48,0.97,0,0.474,,,,0.48,0.73,0,1,0.482,,,
13301,20190516,-93.15,39.87,0.477,0.66,0,0.946,0.463,0.58,0,0.833,0.506,0.5,0,0.756,0.466,-0.45,0.917,0,0.474,,,,0.47,0.65,0,0.94,0.477,,,
13301,20190517,-93.15,39.87,0.464,0.57,0,0.804,0.454,0.51,0,0.69,0.499,0.43,0,0.613,0.466,-0.42,0.78,0,0.474,,,,0.459,0.56,0,0.798,0.471,,,
13301,20190518,-93.15,39.87,0.453,0.49,0,0.661,0.446,0.45,0,0.548,0.491,0.36,0,0.47,0.466,-0.38,0.637,0,0.474,,,,0.449,0.49,0,0.655,0.466,,,
13301,20190519,-93.15,39.87,0.45,0.47,0,0.601,0.444,0.42,0,0.488,0.486,0.32,0,0.405,0.466,-0.34,0.494,0,0.475,,,,0.447,0.46,0,0.595,0.464,,,
13301,20190520,-93.15,39.87,0.456,0.49,0,0.601,0.447,0.43,0,0.488,0.487,0.32,0,0.405,0.466,-0.31,0.351,0,0.474,,,,0.451,0.48,0,0.595,0.466,,,
13301,20190521,-93.15,39.87,0.463,0.53,0,0.601,0.451,0.46,0,0.488,0.49,0.34,0,0.405,0.466,-0.29,0.208,0,0.473,,,,0.457,0.51,0,0.595,0.468,,,
13301,20190522,-93.15,39.87,0.474,0.59,0,0.601,0.457,0.5,0,0.512,0.496,0.39,0,0.506,0.466,-0.27,0.095,0,0.472,,,,0.466,0.57,0,0.595,0.473,,,
13301,20190523,-93.15,39.87,0.487,0.67,0,0.655,0.466,0.57,0,0.655,0.504,0.45,0,0.649,0.467,-0.25,0.006,0,0.473,,,,0.477,0.64,0,0.655,0.479,,,
13301,20190524,-93.15,39.87,0.503,0.77,0,0.798,0.477,0.65,0,0.798,0.512,0.52,0,0.792,0.466,-0.24,0,0,0.473,,,,0.49,0.73,0,0.798,0.486,,,
13301,20190525,-93.15,39.87,0.522,0.88,0,0.94,0.489,0.73,0,0.94,0.522,0.6,0,0.935,0.467,-0.23,0.006,0,0.474,,,,0.505,0.83,0,0.94,0.495,,,
13301,20190526,-93.15,39.87,0.533,0.94,0,1,0.495,0.78,0,1,0.528,0.65,0,1,0.469,-0.22,0.006,0,0.475,,,,0.514,0.89,0,1,0.5,,,
13301,20190527,-93.15,39.87,0.534,0.95,0,1,0.495,0.78,0,1,0.529,0.67,0,1,0.472,-0.2,0.006,0,0.478,,,,0.514,0.9,0,1,0.502,,,
13301,20190528,-93.15,39.87,0.534,0.96,0,1,0.494,0.78,0,1,0.529,0.68,0,1,0.476,-0.17,0.006,0,0.481,,,,0.514,0.9,0,1,0.503,,,
13301,20190529,-93.15,39.87,0.534,0.96,0,1,0.494,0.78,0,1,0.53,0.7,0,1,0.477,-0.16,0.018,0,0.483,,,,0.514,0.9,0,1,0.504,,,
13301,20190530,-93.15,39.87,0.534,0.96,0,1,0.494,0.78,0,1,0.53,0.71,0,1,0.479,-0.15,0.048,0,0.484,,,,0.514,0.9,0,1,0.504,,,
13301,20190531,-93.15,39.87,0.532,0.95,0,1,0.493,0.77,0,1,0.531,0.71,0,1,0.481,-0.14,0.089,0,0.485,,,,0.513,0.89,0,1,0.504,,,
13301,20190601,-93.15,39.87,0.528,0.93,0,1,0.491,0.76,0,1,0.53,0.71,0,1,0.482,-0.14,0.107,0,0.485,,,,0.51,0.87,0,1,0.503,,,
13301,20190602,-93.15,39.87,0.52,0.89,0,1,0.487,0.73,0,1,0.527,0.69,0,1,0.482,-0.14,0.131,0,0.485,,,,0.503,0.83,0,1,0.5,,,
13301,20190603,-93.15,39.87,0.51,0.83,0,1,0.48,0.68,0,1,0.52,0.63,0,1,0.481,-0.15,0.143,0,0.484,,,,0.495,0.78,0,1,0.495,,,
13301,20190604,-93.15,39.87,0.498,0.77,0,1,0.472,0.63,0,1,0.512,0.57,0,1,0.48,-0.16,0.143,0,0.482,,,,0.485,0.72,0,1,0.489,,,
13301,20190605,-93.15,39.87,0.484,0.69,0,1,0.463,0.57,0,1,0.503,0.5,0,0.881,0.481,-0.15,0.131,0,0.483,,,,0.474,0.65,0,1,0.483,,,
13301,20190606,-93.15,39.87,0.467,0.61,0,0.905,0.454,0.5,0,0.952,0.493,0.43,0,0.738,0.482,-0.14,0.101,0,0.484,,,,0.46,0.57,0,0.964,0.476,,,
13301,20190607,-93.15,39.87,0.45,0.52,0,0.762,0.443,0.43,0,0.81,0.483,0.35,0,0.595,0.483,-0.13,0.06,0,0.484,,,,0.447,0.49,0,0.821,0.469,,,
13301,20190608,-93.15,39.87,0.434,0.44,0,0.619,0.433,0.37,0,0.667,0.473,0.28,0,0.452,0.484,-0.12,0.036,0,0.485,,,,0.433,0.42,0,0.679,0.462,,,
13301,20190609,-93.15,39.87,0.417,0.36,0,0.476,0.424,0.31,0,0.524,0.465,0.22,0,0.31,0.486,-0.12,0.012,0,0.486,,,,0.42,0.35,0,0.536,0.455,,,
13301,20190610,-93.15,39.87,0.4,0.27,0,0.333,0.415,0.26,0,0.381,0.459,0.18,0,0.167,0.487,-0.11,0,0,0.487,,,,0.407,0.28,0,0.393,0.45,,,
13301,20190611,-93.15,39.87,0.382,0.18,0,0.19,0.405,0.2,0,0.238,0.452,0.14,0,0.024,0.488,-0.11,0,0,0.488,,,,0.393,0.2,0,0.25,0.443,,,
13301,20190612,-93.15,39.87,0.362,0.08,0,0.048,0.393,0.13,0,0.095,0.445,0.1,0,0,0.489,-0.11,0,0,0.488,,,,0.378,0.12,0,0.107,0.435,,,
13301,20190613,-93.15,39.87,0.345,-0.01,0,0,0.381,0.06,0,0,0.438,0.06,0,0,0.489,-0.11,0.006,0,0.489,,,,0.363,0.03,0,0,0.428,,,
13301,20190614,-93.15,39.87,0.326,-0.11,0,0,0.368,-0.01,0,0,0.429,0.01,0,0,0.49,-0.11,0.018,0,0.49,,,,0.347,-0.05,0,0,0.421,,,
13301,20190615,-93.15,39.87,0.311,-0.19,0,0,0.355,-0.09,0,0,0.42,-0.04,0,0,0.49,-0.12,0.042,0,0.49,,,,0.333,-0.14,0,0,0.413,,,
13301,20190616,-93.15,39.87,0.313,-0.18,0,0.006,0.343,-0.16,0,0,0.412,-0.09,0,0,0.49,-0.13,0.113,0,0.491,,,,0.328,-0.16,0,0,0.41,,,
13301,20190617,-93.15,39.87,0.313,-0.17,0,0.006,0.333,-0.22,0,0,0.404,-0.13,0,0,0.491,-0.14,0.161,0,0.491,,,,0.323,-0.19,0,0,0.407,,,
13301,20190618,-93.15,39.87,0.314,-0.16,0,0.006,0.326,-0.26,0,0,0.398,-0.17,0,0,0.491,-0.14,0.196,0,0.491,,,,0.32,-0.2,0,0,0.404,,,
13301,20190619,-93.15,39.87,0.319,-0.13,0,0.024,0.322,-0.28,0,0,0.393,-0.19,0,0,0.491,-0.15,0.202,0,0.492,,,,0.321,-0.19,0,0.006,0.403,,,
13301,20190620,-93.15,39.87,0.341,0,0,0.167,0.334,-0.2,0,0.107,0.395,-0.18,0,0,0.492,-0.15,0.208,0,0.492,,,,0.338,-0.08,0,0.149,0.411,,,
13301,20190621,-93.15,39.87,0.36,0.11,0,0.31,0.346,-0.12,0,0.149,0.397,-0.16,0,0,0.492,-0.15,0.196,0,0.492,,,,0.353,0.02,0,0.292,0.418,,,
13301,20190622,-93.15,39.87,0.395,0.32,0,0.452,0.372,0.05,0,0.286,0.416,-0.05,0,0.131,0.492,-0.15,0.173,0,0.493,,,,0.384,0.22,0,0.435,0.434,,,
13301,20190623,-93.15,39.87,0.416,0.44,0,0.589,0.399,0.22,0,0.429,0.435,0.06,0,0.274,0.493,-0.15,0.101,0,0.493,,,,0.407,0.37,0,0.577,0.447,,,
13301,20190624,-93.15,39.87,0.441,0.59,0,0.732,0.426,0.38,0,0.571,0.456,0.17,0,0.417,0.493,-0.15,0.054,0,0.493,,,,0.433,0.53,0,0.72,0.462,,,
13301,20190625,-93.15,39.87,0.466,0.73,0,0.875,0.452,0.55,0,0.714,0.476,0.29,0,0.56,0.494,-0.14,0.018,0,0.494,,,,0.459,0.69,0,0.863,0.476,,,
13301,20190626,-93.15,39.87,0.483,0.82,0,1,0.472,0.67,0,0.857,0.493,0.38,0,0.702,0.494,-0.14,0.012,0,0.494,,,,0.477,0.81,0,1,0.487,,,
13301,20190627,-93.15,39.87,0.481,0.81,0,1,0.472,0.67,0,0.893,0.499,0.42,0,0.714,0.495,-0.13,0,0,0.495,,,,0.476,0.8,0,1,0.488,,,
13301,20190628,-93.15,39.87,0.48,0.81,0,0.911,0.473,0.68,0,0.929,0.505,0.45,0,0.714,0.496,-0.12,0,0,0.495,,,,0.476,0.8,0,0.97,0.49,,,
13301,20190629,-93.15,39.87,0.461,0.69,0,0.768,0.46,0.61,0,0.792,0.496,0.4,0,0.583,0.497,-0.12,0,0,0.496,,,,0.461,0.7,0,0.827,0.482,,,
13301,20190630,-93.15,39.87,0.438,0.56,0,0.625,0.445,0.51,0,0.649,0.484,0.34,0,0.44,0.498,-0.11,0,0,0.497,,,,0.442,0.58,0,0.685,0.472,,,
13301,20190701,-93.15,39.87,0.412,0.41,0,0.482,0.427,0.41,0,0.506,0.471,0.27,0,0.298,0.499,-0.1,0,0,0.498,,,,0.419,0.44,0,0.542,0.461,,,
13301,20190702,-93.15,39.87,0.386,0.27,0,0.339,0.407,0.29,0,0.363,0.456,0.19,0,0.155,0.501,-0.08,0,0,0.499,,,,0.396,0.31,0,0.399,0.45,,,
13301,20190703,-93.15,39.87,0.364,0.15,0,0.196,0.391,0.19,0,0.22,0.442,0.12,0,0.012,0.504,-0.07,0,0,0.501,,,,0.377,0.2,0,0.256,0.44,,,
13301,20190704,-93.15,39.87,0.344,0.04,0,0.054,0.376,0.11,0,0.077,0.431,0.05,0,0,0.506,-0.05,0,0,0.502,,,,0.36,0.09,0,0.113,0.432,,,
13301,20190705,-93.15,39.87,0.325,-0.06,0,0,0.361,0.02,0,0,0.418,-0.02,0,0,0.508,-0.04,0,0,0.504,,,,0.343,-0.01,0,0,0.423,,,
13301,20190706,-93.15,39.87,0.307,-0.15,0,0,0.346,-0.07,0,0,0.405,-0.09,0,0,0.51,-0.03,0,0,0.505,,,,0.327,-0.1,0,0,0.414,,,
13301,20190707,-93.15,39.87,0.291,-0.23,0.048,0,0.33,-0.17,0,0,0.391,-0.17,0,0,0.511,-0.02,0,0,0.505,,,,0.311,-0.19,0.119,0,0.406,,,
13301,20190708,-93.15,39.87,0.278,-0.3,0.173,0,0.315,-0.26,0.125,0,0.377,-0.25,0,0,0.511,-0.02,0,0,0.506,,,,0.297,-0.27,0.262,0,0.398,,,
13301,20190709,-93.15,39.87,0.268,-0.35,0.315,0,0.301,-0.34,0.268,0,0.364,-0.32,0.054,0,0.511,-0.02,0,0,0.507,,,,0.284,-0.33,0.405,0,0.39,,,
13301,20190710,-93.15,39.87,0.259,-0.38,0.446,0,0.289,-0.4,0.411,0,0.351,-0.38,0.196,0,0.511,-0.02,0,0,0.507,,,,0.274,-0.38,0.548,0,0.383,,,
13301,20190711,-93.15,39.87,0.251,-0.4,0.565,0,0.277,-0.46,0.554,0,0.339,-0.44,0.339,0,0.511,-0.01,0,0,0.508,,,,0.264,-0.42,0.69,0,0.377,,,
13301,20190712,-93.15,39.87,0.244,-0.42,0.702,0,0.266,-0.5,0.696,0,0.328,-0.49,0.482,0,0.511,-0.02,0,0,0.508,,,,0.255,-0.46,0.833,0,0.371,,,
13301,20190713,-93.15,39.87,0.237,-0.44,0.78,0,0.256,-0.54,0.839,0,0.316,-0.54,0.625,0,0.511,-0.02,0,0,0.508,,,,0.246,-0.48,0.976,0,0.366,,,
13301,20190714,-93.15,39.87,0.23,-0.44,0.786,0,0.247,-0.57,0.982,0,0.305,-0.58,0.768,0,0.511,-0.02,0,0,0.509,,,,0.238,-0.5,1,0,0.36,,,
13301,20190715,-93.15,39.87,0.224,-0.45,0.756,0,0.239,-0.59,1,0,0.293,-0.62,0.911,0,0.51,-0.02,0,0,0.51,,,,0.231,-0.51,1,0,0.355,,,
13301,20190716,-93.15,39.87,0.218,-0.45,0.667,0,0.232,-0.61,1,0,0.283,-0.65,1,0,0.51,-0.02,0,0,0.51,,,,0.225,-0.52,1,0,0.351,,,
13301,20190717,-93.15,39.87,0.213,-0.45,0.536,0,0.225,-0.62,1,0,0.273,-0.68,1,0,0.509,-0.02,0,0,0.51,,,,0.219,-0.53,1,0,0.346,,,
13301,20190718,-93.15,39.87,0.209,-0.45,0.417,0,0.22,-0.63,1,0,0.264,-0.71,1,0,0.508,-0.02,0,0,0.51,,,,0.214,-0.53,1,0,0.342,,,
13301,20190719,-93.15,39.87,0.205,-0.45,0.28,0,0.214,-0.64,1,0,0.256,-0.73,1,0,0.507,-0.03,0,0,0.511,,,,0.21,-0.54,1,0,0.339,,,
13301,20190720,-93.15,39.87,0.201,-0.45,0.202,0,0.21,-0.64,1,0,0.249,-0.74,1,0,0.506,-0.03,0,0,0.512,,,,0.206,-0.55,1,0,0.336,,,
13301,20190721,-93.15,39.87,0.209,-0.4,0.19,0.048,0.217,-0.58,0.94,0.048,0.254,-0.7,0.946,0.03,0.506,-0.03,0,0,0.512,,,,0.213,-0.49,0.94,0.054,0.34,,,
13301,20190722,-93.15,39.87,0.233,-0.27,0.095,0.19,0.243,-0.43,0.798,0.185,0.28,-0.55,0.804,0.06,0.509,-0.01,0,0,0.512,,,,0.238,-0.35,0.798,0.196,0.355,,,
13301,20190723,-93.15,39.87,0.256,-0.15,0.042,0.304,0.266,-0.29,0.655,0.185,0.304,-0.42,0.661,0.06,0.511,0,0,0,0.513,,,,0.261,-0.21,0.655,0.31,0.37,,,
13301,20190724,-93.15,39.87,0.276,-0.04,0.042,0.304,0.286,-0.16,0.512,0.185,0.326,-0.29,0.518,0.06,0.514,0.02,0,0,0.514,,,,0.281,-0.09,0.512,0.31,0.383,,,
13301,20190725,-93.15,39.87,0.293,0.05,0.042,0.304,0.305,-0.04,0.369,0.185,0.347,-0.17,0.375,0.06,0.517,0.04,0,0,0.515,,,,0.299,0.01,0.369,0.31,0.395,,,
13301,20190726,-93.15,39.87,0.308,0.13,0.042,0.304,0.322,0.07,0.226,0.185,0.367,-0.06,0.232,0.06,0.519,0.06,0,0,0.515,,,,0.315,0.11,0.226,0.31,0.406,,,
13301,20190727,-93.15,39.87,0.321,0.19,0.042,0.304,0.337,0.17,0.083,0.185,0.385,0.04,0.089,0.06,0.522,0.07,0,0,0.516,,,,0.329,0.19,0.083,0.31,0.416,,,
13301,20190728,-93.15,39.87,0.32,0.19,0,0.256,0.337,0.18,0,0.137,0.39,0.08,0,0.03,0.523,0.09,0,0,0.517,,,,0.329,0.2,0,0.256,0.418,,,
13301,20190729,-93.15,39.87,0.307,0.13,0,0.143,0.322,0.11,0,0.018,0.376,0.02,0,0.018,0.522,0.09,0,0,0.517,,,,0.314,0.13,0,0.137,0.409,,,
13301,20190730,-93.15,39.87,0.311,0.16,0,0.173,0.324,0.14,0,0.161,0.379,0.05,0,0.161,0.522,0.1,0,0,0.518,,,,0.317,0.16,0,0.167,0.411,,,
13301,20190731,-93.15,39.87,0.313,0.18,0,0.315,0.325,0.17,0,0.304,0.381,0.07,0,0.28,0.521,0.11,0,0,0.517,,,,0.319,0.19,0,0.31,0.411,,,
13301,20190801,-93.15,39.87,0.322,0.24,0,0.458,0.329,0.21,0,0.446,0.383,0.1,0,0.339,0.519,0.11,0,0,0.515,,,,0.326,0.24,0,0.452,0.414,,,
13301,20190802,-93.15,39.87,0.334,0.31,0,0.601,0.335,0.26,0,0.589,0.387,0.14,0,0.339,0.518,0.12,0,0,0.514,,,,0.335,0.3,0,0.595,0.418,,,
13301,20190803,-93.15,39.87,0.345,0.38,0,0.744,0.342,0.32,0,0.732,0.391,0.17,0,0.339,0.518,0.12,0,0,0.514,,,,0.344,0.37,0,0.738,0.422,,,
13301,20190804,-93.15,39.87,0.355,0.45,0,0.821,0.351,0.37,0,0.732,0.397,0.21,0,0.339,0.518,0.13,0,0,0.513,,,,0.353,0.44,0,0.821,0.427,,,
13301,20190805,-93.15,39.87,0.36,0.49,0,0.792,0.355,0.41,0,0.714,0.4,0.24,0,0.321,0.519,0.13,0,0,0.513,,,,0.358,0.48,0,0.798,0.429,,,
13301,20190806,-93.15,39.87,0.347,0.42,0,0.649,0.344,0.34,0,0.571,0.387,0.18,0,0.179,0.517,0.13,0,0,0.512,,,,0.346,0.41,0,0.655,0.422,,,
13301,20190807,-93.15,39.87,0.335,0.36,0,0.506,0.335,0.28,0,0.429,0.376,0.12,0,0.06,0.516,0.12,0,0,0.512,,,,0.335,0.35,0,0.512,0.415,,,
13301,20190808,-93.15,39.87,0.318,0.28,0,0.363,0.323,0.21,0,0.286,0.364,0.06,0,0,0.516,0.13,0,0,0.513,,,,0.321,0.27,0,0.369,0.407,,,
13301,20190809,-93.15,39.87,0.299,0.18,0,0.22,0.31,0.13,0,0.143,0.352,-0.01,0,0,0.517,0.13,0,0,0.515,,,,0.305,0.18,0,0.226,0.399,,,
13301,20190810,-93.15,39.87,0.283,0.09,0,0.077,0.298,0.05,0,0,0.339,-0.08,0,0,0.516,0.12,0,0,0.516,,,,0.29,0.09,0,0.083,0.39,,,
13301,20190811,-93.15,39.87,0.268,0.01,0,0,0.286,-0.02,0,0,0.327,-0.14,0,0,0.515,0.11,0,0,0.517,,,,0.277,0.01,0,0,0.383,,,
13301,20190812,-93.15,39.87,0.258,-0.03,0,0.018,0.278,-0.07,0,0.006,0.317,-0.2,0,0,0.514,0.1,0,0,0.518,,,,0.268,-0.04,0,0.006,0.377,,,
13301,20190813,-93.15,39.87,0.27,0.05,0,0.161,0.287,0,0,0.149,0.318,-0.19,0,0,0.518,0.12,0,0,0.524,,,,0.278,0.03,0,0.149,0.383,,,
13301,20190814,-93.15,39.87,0.28,0.12,0,0.304,0.295,0.05,0,0.268,0.319,-0.18,0,0,0.523,0.15,0,0,0.53,,,,0.287,0.1,0,0.292,0.389,,,
13301,20190815,-93.15,39.87,0.289,0.19,0,0.429,0.303,0.1,0,0.268,0.321,-0.17,0,0,0.528,0.19,0,0.012,0.534,,,,0.296,0.17,0,0.417,0.395,,,
13301,20190816,-93.15,39.87,0.299,0.26,0,0.452,0.311,0.15,0,0.268,0.324,-0.14,0,0,0.531,0.22,0,0.054,0.537,,,,0.305,0.23,0,0.417,0.4,,,
13301,20190817,-93.15,39.87,0.309,0.34,0,0.47,0.319,0.21,0,0.274,0.328,-0.12,0,0,0.536,0.26,0,0.155,0.541,,,,0.314,0.3,0,0.435,0.407,,,
13301,20190818,-93.15,39.87,0.332,0.5,0,0.613,0.337,0.33,0,0.417,0.335,-0.08,0,0,0.54,0.32,0,0.232,0.543,,,,0.335,0.45,0,0.577,0.417,,,
13301,20190819,-93.15,39.87,0.354,0.66,0,0.738,0.354,0.44,0,0.554,0.342,-0.03,0,0,0.543,0.37,0,0.339,0.545,,,,0.354,0.59,0,0.714,0.428,,,
13301,20190820,-93.15,39.87,0.354,0.69,0,0.738,0.354,0.44,0,0.554,0.342,-0.03,0,0,0.542,0.39,0,0.47,0.545,,,,0.354,0.6,0,0.714,0.427,,,
13301,20190821,-93.15,39.87,0.364,0.78,0,0.738,0.36,0.48,0,0.577,0.344,-0.02,0,0,0.539,0.39,0,0.494,0.542,,,,0.362,0.66,0,0.714,0.43,,,
13301,20190822,-93.15,39.87,0.38,0.92,0,0.756,0.372,0.57,0,0.72,0.363,0.09,0,0.143,0.541,0.41,0,0.625,0.542,,,,0.376,0.78,0,0.732,0.439,,,
13301,20190823,-93.15,39.87,0.395,1.05,0,0.875,0.384,0.66,0,0.863,0.381,0.19,0,0.286,0.543,0.42,0,0.72,0.543,,,,0.39,0.89,0,0.875,0.449,,,
13301,20190824,-93.15,39.87,0.407,1.17,0,1,0.395,0.74,0,1,0.397,0.29,0,0.429,0.544,0.43,0,0.762,0.543,,,,0.401,0.99,0,1,0.457,,,
13301,20190825,-93.15,39.87,0.406,1.19,0,1,0.396,0.76,0,1,0.41,0.36,0,0.571,0.547,0.44,0,0.827,0.545,,,,0.401,1.01,0,1,0.461,,,
13301,20190826,-93.15,39.87,0.407,1.22,0,1,0.398,0.78,0,1,0.422,0.44,0,0.714,0.548,0.44,0,0.839,0.545,,,,0.403,1.03,0,1,0.464,,,
13301,20190827,-93.15,39.87,0.415,1.3,0,1,0.404,0.83,0,1,0.436,0.52,0,0.857,0.548,0.43,0,0.726,0.544,,,,0.41,1.09,0,1,0.469,,,
13301,20190828,-93.15,39.87,0.415,1.3,0,1,0.406,0.84,0,1,0.448,0.59,0,1,0.55,0.42,0,0.702,0.546,,,,0.41,1.1,0,1,0.473,,,
13301,20190829,-93.15,39.87,0.409,1.27,0,1,0.402,0.81,0,1,0.444,0.57,0,1,0.549,0.39,0,0.56,0.545,,,,0.405,1.06,0,1,0.47,,,
13301,20190830,-93.15,39.87,0.416,1.32,0,1,0.407,0.84,0,1,0.449,0.6,0,1,0.546,0.35,0,0.423,0.542,,,,0.411,1.09,0,1,0.472,,,
13301,20190831,-93.15,39.87,0.423,1.36,0,1,0.415,0.87,0,1,0.458,0.65,0,1,0.544,0.32,0,0.28,0.541,,,,0.419,1.13,0,1,0.476,,,
13301,20190901,-93.15,39.87,0.43,1.39,0,1,0.42,0.88,0,1,0.463,0.68,0,1,0.54,0.28,0,0.137,0.537,,,,0.425,1.15,0,1,0.478,,,
13301,20190902,-93.15,39.87,0.431,1.39,0,1,0.423,0.88,0,1,0.467,0.69,0,1,0.537,0.24,0,0.018,0.534,,,,0.427,1.15,0,1,0.479,,,
13301,20190903,-93.15,39.87,0.429,1.36,0,1,0.422,0.87,0,1,0.468,0.69,0,1,0.534,0.21,0,0,0.531,,,,0.425,1.12,0,1,0.477,,,
13301,20190904,-93.15,39.87,0.427,1.35,0,1,0.422,0.86,0,1,0.468,0.7,0,1,0.531,0.19,0,0,0.528,,,,0.425,1.11,0,1,0.475,,,
13301,20190905,-93.15,39.87,0.426,1.33,0,1,0.422,0.86,0,1,0.468,0.7,0,1,0.53,0.18,0,0,0.527,,,,0.424,1.09,0,1,0.475,,,
13301,20190906,-93.15,39.87,0.412,1.23,0,1,0.413,0.81,0,1,0.46,0.66,0,1,0.531,0.19,0,0,0.527,,,,0.412,1.01,0,1,0.469,,,
13301,20190907,-93.15,39.87,0.397,1.13,0,1,0.404,0.76,0,1,0.449,0.62,0,1,0.533,0.19,0,0.012,0.528,,,,0.4,0.94,0,1,0.462,,,
13301,20190908,-93.15,39.87,0.388,1.08,0,1,0.4,0.74,0,1,0.446,0.61,0,1,0.535,0.2,0,0.024,0.53,,,,0.394,0.9,0,1,0.46,,,
13301,20190909,-93.15,39.87,0.399,1.16,0,1,0.409,0.81,0,1,0.455,0.68,0,1,0.537,0.22,0,0.042,0.532,,,,0.404,0.97,0,1,0.466,,,
13301,20190910,-93.15,39.87,0.403,1.19,0,1,0.414,0.85,0,1,0.461,0.72,0,1,0.542,0.24,0,0.161,0.536,,,,0.409,1,0,1,0.471,,,
13301,20190911,-93.15,39.87,0.406,1.21,0,1,0.417,0.88,0,1,0.464,0.75,0,1,0.546,0.26,0,0.304,0.54,,,,0.411,1.02,0,1,0.475,,,
13301,20190912,-93.15,39.87,0.409,1.23,0,1,0.419,0.9,0,1,0.466,0.77,0,1,0.548,0.28,0,0.446,0.542,,,,0.414,1.04,0,1,0.477,,,
13301,20190913,-93.15,39.87,0.412,1.25,0,1,0.421,0.92,0,1,0.468,0.79,0,1,0.549,0.29,0,0.583,0.544,,,,0.416,1.06,0,1,0.479,,,
13301,20190914,-93.15,39.87,0.415,1.27,0,1,0.423,0.94,0,1,0.47,0.81,0,1,0.549,0.3,0,0.714,0.545,,,,0.419,1.08,0,1,0.481,,,
13301,20190915,-93.15,39.87,0.413,1.25,0,1,0.422,0.94,0,1,0.468,0.81,0,1,0.551,0.31,0,0.845,0.547,,,,0.418,1.07,0,1,0.48,,,
13301,20190916,-93.15,39.87,0.391,1.1,0,1,0.409,0.86,0,1,0.454,0.74,0,1,0.55,0.31,0,0.935,0.548,,,,0.4,0.96,0,1,0.471,,,
13301,20190917,-93.15,39.87,0.374,0.99,0,1,0.4,0.81,0,1,0.445,0.69,0,1,0.547,0.3,0,0.851,0.546,,,,0.387,0.88,0,1,0.462,,,
13301,20190918,-93.15,39.87,0.358,0.89,0,1,0.392,0.77,0,1,0.437,0.65,0,1,0.542,0.29,0,0.72,0.541,,,,0.375,0.81,0,1,0.454,,,
13301,20190919,-93.15,39.87,0.343,0.79,0,1,0.384,0.72,0,1,0.431,0.62,0,1,0.54,0.28,0,0.667,0.539,,,,0.364,0.74,0,1,0.447,,,
13301,20190920,-93.15,39.87,0.329,0.7,0,1,0.375,0.68,0,1,0.424,0.59,0,1,0.536,0.27,0,0.542,0.536,,,,0.352,0.68,0,1,0.44,,,
13301,20190921,-93.15,39.87,0.316,0.62,0,0.911,0.366,0.63,0,1,0.417,0.56,0,0.958,0.533,0.26,0,0.405,0.532,,,,0.341,0.62,0,0.952,0.433,,,
13301,20190922,-93.15,39.87,0.309,0.57,0,0.863,0.358,0.59,0,0.97,0.411,0.52,0,0.827,0.53,0.25,0,0.351,0.531,,,,0.334,0.57,0,0.905,0.428,,,
13301,20190923,-93.15,39.87,0.335,0.71,0,0.863,0.372,0.66,0,0.97,0.423,0.58,0,0.827,0.528,0.24,0,0.274,0.529,,,,0.354,0.69,0,0.905,0.438,,,
13301,20190924,-93.15,39.87,0.356,0.83,0,0.863,0.385,0.73,0,0.97,0.437,0.64,0,0.827,0.53,0.25,0,0.333,0.53,,,,0.37,0.78,0,0.905,0.447,,,
13301,20190925,-93.15,39.87,0.375,0.92,0,0.863,0.395,0.78,0,0.97,0.447,0.68,0,0.827,0.533,0.26,0,0.464,0.533,,,,0.385,0.86,0,0.905,0.457,,,
13301,20190926,-93.15,39.87,0.397,1.03,0,0.863,0.408,0.83,0,0.97,0.46,0.73,0,0.827,0.534,0.27,0,0.488,0.534,,,,0.402,0.94,0,0.905,0.467,,,
13301,20190927,-93.15,39.87,0.417,1.13,0,0.863,0.419,0.89,0,0.97,0.47,0.77,0,0.827,0.535,0.28,0,0.613,0.536,,,,0.418,1.02,0,0.905,0.475,,,
13301,20190928,-93.15,39.87,0.442,1.26,0,0.952,0.433,0.95,0,0.97,0.483,0.82,0,0.869,0.536,0.29,0,0.696,0.537,,,,0.438,1.12,0,0.952,0.486,,,
13301,20190929,-93.15,39.87,0.471,1.42,0,1,0.455,1.06,0,1,0.502,0.91,0,1,0.533,0.28,0,0.655,0.533,,,,0.463,1.25,0,1,0.499,,,
13301,20190930,-93.15,39.87,0.473,1.4,0,1,0.457,1.06,0,1,0.504,0.9,0,1,0.53,0.29,0,0.643,0.531,,,,0.465,1.25,0,1,0.499,,,
13301,20191001,-93.15,39.87,0.476,1.41,0,1,0.459,1.06,0,1,0.506,0.9,0,1,0.526,0.28,0,0.613,0.526,,,,0.468,1.26,0,1,0.499,,,
13301,20191002,-93.15,39.87,0.479,1.42,0,1,0.461,1.07,0,1,0.507,0.9,0,1,0.523,0.29,0,0.601,0.523,,,,0.47,1.26,0,1,0.499,,,
13301,20191003,-93.15,39.87,0.487,1.45,0,1,0.466,1.09,0,1,0.511,0.91,0,1,0.52,0.3,0,0.631,0.52,,,,0.476,1.29,0,1,0.501,,,
13301,20191004,-93.15,39.87,0.5,1.51,0,1,0.476,1.13,0,1,0.518,0.94,0,1,0.518,0.31,0,0.637,0.518,,,,0.488,1.34,0,1,0.506,,,
13301,20191005,-93.15,39.87,0.506,1.53,0,1,0.481,1.15,0,1,0.524,0.96,0,1,0.516,0.33,0,0.69,0.516,,,,0.493,1.35,0,1,0.509,,,
13301,20191006,-93.15,39.87,0.502,1.5,0,1,0.477,1.11,0,1,0.522,0.94,0,1,0.517,0.35,0,0.786,0.517,,,,0.489,1.31,0,1,0.507,,,
13301,20191007,-93.15,39.87,0.494,1.44,0,1,0.471,1.07,0,1,0.518,0.91,0,1,0.517,0.38,0,0.911,0.518,,,,0.483,1.26,0,1,0.504,,,
13301,20191008,-93.15,39.87,0.489,1.4,0,1,0.465,1.03,0,1,0.511,0.87,0,1,0.518,0.4,0,0.988,0.519,,,,0.477,1.21,0,1,0.5,,,
13301,20191009,-93.15,39.87,0.487,1.37,0,1,0.461,1,0,1,0.506,0.83,0,1,0.516,0.41,0,1,0.519,,,,0.474,1.17,0,1,0.498,,,
13301,20191010,-93.15,39.87,0.478,1.3,0,1,0.454,0.95,0,1,0.498,0.78,0,1,0.513,0.41,0,1,0.518,,,,0.466,1.11,0,1,0.492,,,
13301,20191011,-93.15,39.87,0.476,1.27,0,1,0.454,0.93,0,1,0.496,0.77,0,1,0.512,0.42,0,1,0.517,,,,0.465,1.08,0,1,0.491,,,
13301,20191012,-93.15,39.87,0.478,1.25,0,1,0.456,0.92,0,1,0.496,0.76,0,1,0.512,0.43,0,1,0.518,,,,0.467,1.06,0,1,0.492,,,
13301,20191013,-93.15,39.87,0.478,1.22,0,1,0.456,0.91,0,1,0.497,0.75,0,1,0.511,0.43,0,1,0.518,,,,0.467,1.04,0,1,0.492,,,
13301,20191014,-93.15,39.87,0.476,1.17,0,1,0.455,0.89,0,1,0.495,0.74,0,1,0.509,0.43,0,1,0.518,,,,0.466,1.01,0,1,0.491,,,
13301,20191015,-93.15,39.87,0.476,1.14,0,1,0.454,0.87,0,1,0.494,0.73,0,1,0.508,0.43,0,1,0.518,,,,0.465,0.99,0,1,0.49,,,
13301,20191016,-93.15,39.87,0.475,1.11,0,1,0.454,0.86,0,1,0.494,0.72,0,1,0.507,0.44,0,1,0.518,,,,0.465,0.97,0,1,0.49,,,
13301,20191017,-93.15,39.87,0.475,1.08,0,1,0.454,0.85,0,1,0.493,0.72,0,1,0.506,0.44,0,1,0.519,,,,0.464,0.95,0,1,0.489,,,
13301,20191018,-93.15,39.87,0.464,1,0,1,0.443,0.79,0,1,0.484,0.68,0,1,0.504,0.44,0,0.964,0.517,,,,0.454,0.88,0,1,0.482,,,
13301,20191019,-93.15,39.87,0.453,0.92,0,1,0.433,0.73,0,1,0.474,0.63,0,1,0.501,0.43,0,0.935,0.515,,,,0.443,0.81,0,1,0.475,,,
13301,20191020,-93.15,39.87,0.444,0.86,0,1,0.426,0.68,0,1,0.465,0.59,0,1,0.498,0.43,0,0.917,0.513,,,,0.435,0.76,0,1,0.469,,,
13301,20191021,-93.15,39.87,0.44,0.83,0,1,0.422,0.64,0,1,0.459,0.55,0,1,0.496,0.42,0,0.887,0.512,,,,0.431,0.73,0,1,0.466,,,
13301,20191022,-93.15,39.87,0.441,0.83,0,1,0.424,0.64,0,1,0.46,0.54,0,1,0.494,0.42,0,0.744,0.509,,,,0.433,0.73,0,1,0.466,,,
13301,20191023,-93.15,39.87,0.441,0.83,0,1,0.424,0.63,0,1,0.461,0.54,0,1,0.493,0.42,0,0.69,0.507,,,,0.433,0.73,0,1,0.465,,,
13301,20191024,-93.15,39.87,0.441,0.83,0,1,0.424,0.61,0,1,0.461,0.53,0,1,0.491,0.41,0,0.589,0.505,,,,0.433,0.73,0,1,0.465,,,
13301,20191025,-93.15,39.87,0.44,0.83,0,1,0.424,0.6,0,1,0.461,0.53,0,1,0.49,0.41,0,0.488,0.504,,,,0.432,0.73,0,1,0.464,,,
13301,20191026,-93.15,39.87,0.439,0.84,0,1,0.424,0.6,0,1,0.461,0.52,0,1,0.489,0.41,0,0.393,0.502,,,,0.432,0.74,0,1,0.463,,,
13301,20191027,-93.15,39.87,0.438,0.84,0,1,0.424,0.6,0,1,0.461,0.52,0,1,0.487,0.4,0,0.268,0.5,,,,0.431,0.75,0,1,0.462,,,
13301,20191028,-93.15,39.87,0.435,0.84,0,1,0.422,0.6,0,1,0.46,0.52,0,1,0.485,0.39,0,0.155,0.498,,,,0.429,0.75,0,1,0.46,,,
13301,20191029,-93.15,39.87,0.429,0.83,0,1,0.417,0.59,0,1,0.455,0.51,0,1,0.484,0.38,0,0.155,0.497,,,,0.423,0.74,0,1,0.456,,,
13301,20191030,-93.15,39.87,0.43,0.88,0,1,0.414,0.61,0,1,0.452,0.5,0,1,0.483,0.36,0,0.065,0.497,,,,0.422,0.78,0,1,0.455,,,
13301,20191031,-93.15,39.87,0.431,0.95,0,1,0.413,0.64,0,1,0.45,0.5,0,1,0.483,0.35,0,0.024,0.496,,,,0.422,0.82,0,1,0.454,,,
13301,20191101,-93.15,39.87,0.435,1.04,0,1,0.413,0.69,0,1,0.448,0.51,0,1,0.482,0.33,0,0.018,0.495,,,,0.424,0.88,0,1,0.455,,,
13301,20191102,-93.15,39.87,0.44,1.14,0,1,0.413,0.74,0,1,0.447,0.53,0,1,0.482,0.32,0,0,0.495,,,,0.426,0.95,0,1,0.455,,,
13301,20191103,-93.15,39.87,0.443,1.23,0,1,0.413,0.79,0,1,0.447,0.54,0,1,0.482,0.31,0,0,0.496,,,,0.428,1.01,0,1,0.456,,,
13301,20191104,-93.15,39.87,0.447,1.31,0,1,0.413,0.84,0,1,0.446,0.56,0,1,0.483,0.3,0,0,0.496,,,,0.43,1.07,0,1,0.457,,,
13301,20191105,-93.15,39.87,0.449,1.37,0,1,0.414,0.89,0,1,0.446,0.57,0,1,0.483,0.3,0,0,0.496,,,,0.431,1.12,0,1,0.457,,,
13301,20191106,-93.15,39.87,0.445,1.37,0,1,0.413,0.92,0,1,0.446,0.59,0,1,0.483,0.3,0,0,0.495,,,,0.429,1.14,0,1,0.456,,,
13301,20191107,-93.15,39.87,0.442,1.36,0,1,0.412,0.96,0,1,0.446,0.59,0,1,0.482,0.29,0,0,0.495,,,,0.427,1.16,0,1,0.455,,,
13301,20191108,-93.15,39.87,0.436,1.33,0,1,0.409,0.97,0,1,0.445,0.6,0,1,0.482,0.29,0,0,0.494,,,,0.423,1.15,0,1,0.453,,,
13301,20191109,-93.15,39.87,0.432,1.29,0,1,0.406,0.98,0,1,0.444,0.59,0,1,0.482,0.3,0,0,0.494,,,,0.419,1.14,0,1,0.452,,,
13301,20191110,-93.15,39.87,0.428,1.26,0,1,0.403,1,0,1,0.442,0.59,0,1,0.482,0.3,0,0,0.494,,,,0.416,1.14,0,1,0.45,,,
13301,20191111,-93.15,39.87,0.425,1.22,0,1,0.401,1.01,0,1,0.441,0.59,0,1,0.482,0.3,0,0,0.494,,,,0.413,1.12,0,1,0.448,,,
13301,20191112,-93.15,39.87,0.42,1.18,0,1,0.398,1.02,0,1,0.44,0.59,0,1,0.482,0.31,0,0,0.495,,,,0.409,1.11,0,1,0.447,,,
13301,20191113,-93.15,39.87,0.416,1.14,0,1,0.396,1.03,0,1,0.438,0.58,0,1,0.483,0.31,0,0,0.495,,,,0.406,1.09,0,1,0.446,,,
13301,20191114,-93.15,39.87,0.413,1.11,0,1,0.393,1.03,0,1,0.436,0.58,0,1,0.482,0.3,0,0,0.496,,,,0.403,1.07,0,1,0.444,,,
13301,20191115,-93.15,39.87,0.41,1.07,0,1,0.391,1.03,0,1,0.434,0.58,0,1,0.482,0.3,0,0,0.496,,,,0.401,1.05,0,1,0.443,,,
13301,20191116,-93.15,39.87,0.407,1.04,0,1,0.39,1.04,0,1,0.433,0.57,0,1,0.48,0.28,0,0,0.495,,,,0.399,1.04,0,1,0.441,,,
13301,20191117,-93.15,39.87,0.405,1.01,0,1,0.389,1.03,0,1,0.432,0.57,0,1,0.48,0.27,0,0,0.495,,,,0.397,1.02,0,1,0.44,,,
13301,20191118,-93.15,39.87,0.403,0.99,0,1,0.387,1.02,0,1,0.43,0.56,0,1,0.479,0.26,0,0,0.494,,,,0.395,1,0,1,0.439,,,
13301,20191119,-93.15,39.87,0.403,0.98,0,1,0.386,1.01,0,1,0.429,0.55,0,1,0.476,0.24,0,0,0.493,,,,0.395,0.98,0,1,0.438,,,
13301,20191120,-93.15,39.87,0.403,0.96,0,1,0.386,1.01,0,1,0.429,0.54,0,1,0.475,0.23,0,0,0.491,,,,0.394,0.97,0,1,0.437,,,
13301,20191121,-93.15,39.87,0.405,0.97,0,1,0.385,1,0,1,0.428,0.53,0,1,0.474,0.22,0,0,0.489,,,,0.395,0.97,0,1,0.436,,,
13301,20191122,-93.15,39.87,0.414,1.04,0,1,0.386,0.98,0,1,0.428,0.52,0,1,0.473,0.23,0,0,0.489,,,,0.4,1,0,1,0.438,,,
13301,20191123,-93.15,39.87,0.421,1.09,0,1,0.386,0.97,0,1,0.428,0.5,0,1,0.473,0.23,0,0,0.488,,,,0.403,1.03,0,1,0.439,,,
13301,20191124,-93.15,39.87,0.428,1.13,0,1,0.387,0.96,0,1,0.428,0.49,0,1,0.474,0.24,0,0,0.488,,,,0.407,1.06,0,1,0.441,,,
13301,20191125,-93.15,39.87,0.434,1.16,0,1,0.389,0.95,0,1,0.428,0.47,0,1,0.474,0.25,0,0,0.488,,,,0.411,1.08,0,1,0.442,,,
13301,20191126,-93.15,39.87,0.438,1.18,0,1,0.39,0.93,0,1,0.427,0.46,0,1,0.474,0.27,0,0,0.487,,,,0.414,1.1,0,1,0.443,,,
13301,20191127,-93.15,39.87,0.443,1.2,0,1,0.391,0.91,0,1,0.427,0.44,0,1,0.474,0.28,0,0,0.488,,,,0.417,1.11,0,1,0.444,,,
13301,20191128,-93.15,39.87,0.445,1.19,0,1,0.392,0.89,0,1,0.426,0.43,0,1,0.475,0.3,0,0,0.488,,,,0.419,1.11,0,1,0.445,,,
13301,20191129,-93.15,39.87,0.441,1.12,0,1,0.393,0.87,0,1,0.425,0.41,0,0.94,0.476,0.31,0,0,0.489,,,,0.417,1.06,0,1,0.445,,,
13301,20191130,-93.15,39.87,0.442,1.09,0,1,0.399,0.91,0,1,0.429,0.43,0,0.857,0.475,0.33,0,0,0.489,,,,0.421,1.07,0,1,0.447,,,
13301,20191201,-93.15,39.87,0.451,1.12,0,1,0.414,1.04,0,1,0.44,0.51,0,0.857,0.475,0.34,0,0,0.489,,,,0.432,1.15,0,1,0.454,,,
13301,20191202,-93.15,39.87,0.461,1.16,0,1,0.429,1.18,0,1,0.452,0.59,0,0.857,0.476,0.36,0,0,0.49,,,,0.445,1.22,0,1,0.462,,,
13301,20191203,-93.15,39.87,0.471,1.21,0,1,0.443,1.3,0,1,0.464,0.68,0,0.857,0.477,0.37,0,0,0.49,,,,0.457,1.29,0,1,0.469,,,
13301,20191204,-93.15,39.87,0.481,1.25,0,1,0.453,1.39,0,1,0.476,0.76,0,0.857,0.477,0.38,0,0,0.489,,,,0.467,1.34,0,1,0.475,,,
13301,20191205,-93.15,39.87,0.489,1.28,0,1,0.462,1.46,0,1,0.487,0.84,0,0.857,0.476,0.38,0,0,0.487,,,,0.476,1.38,0,1,0.48,,,
13301,20191206,-93.15,39.87,0.496,1.31,0,1,0.47,1.51,0,1,0.498,0.92,0,0.917,0.476,0.37,0,0,0.485,,,,0.483,1.4,0,1,0.485,,,
13301,20191207,-93.15,39.87,0.497,1.28,0,1,0.472,1.48,0,1,0.503,0.94,0,1,0.475,0.37,0,0,0.483,,,,0.484,1.36,0,1,0.486,,,
13301,20191208,-93.15,39.87,0.491,1.2,0,1,0.463,1.35,0,1,0.498,0.88,0,1,0.475,0.37,0,0,0.482,,,,0.477,1.24,0,1,0.482,,,
13301,20191209,-93.15,39.87,0.485,1.12,0,1,0.454,1.21,0,1,0.492,0.81,0,1,0.474,0.36,0,0,0.48,,,,0.469,1.13,0,1,0.477,,,
13301,20191210,-93.15,39.87,0.478,1.04,0,1,0.446,1.07,0,1,0.486,0.74,0,1,0.472,0.34,0,0,0.478,,,,0.462,1.02,0,1,0.472,,,
13301,20191211,-93.15,39.87,0.472,0.96,0,1,0.441,0.98,0,1,0.478,0.66,0,0.875,0.472,0.33,0,0,0.478,,,,0.457,0.93,0,1,0.468,,,
13301,20191212,-93.15,39.87,0.467,0.88,0,1,0.436,0.88,0,1,0.471,0.57,0,0.732,0.472,0.31,0,0,0.479,,,,0.452,0.84,0,1,0.465,,,
13301,20191213,-93.15,39.87,0.463,0.82,0,1,0.433,0.8,0,1,0.464,0.5,0,0.589,0.472,0.28,0,0,0.479,,,,0.448,0.77,0,1,0.462,,,
13301,20191214,-93.15,39.87,0.46,0.78,0,1,0.431,0.74,0,1,0.46,0.44,0,0.446,0.472,0.26,0,0,0.478,,,,0.445,0.72,0,1,0.46,,,
13301,20191215,-93.15,39.87,0.461,0.76,0,1,0.429,0.69,0,0.988,0.457,0.41,0,0.304,0.472,0.23,0,0,0.478,,,,0.445,0.68,0,1,0.46,,,
13301,20191216,-93.15,39.87,0.461,0.73,0,1,0.427,0.64,0,0.881,0.455,0.38,0,0.161,0.472,0.2,0,0,0.478,,,,0.444,0.63,0,1,0.459,,,
13301,20191217,-93.15,39.87,0.461,0.72,0,1,0.426,0.6,0,0.738,0.454,0.35,0,0.018,0.472,0.18,0,0,0.479,,,,0.444,0.6,0,1,0.458,,,
13301,20191218,-93.15,39.87,0.464,0.72,0,1,0.425,0.57,0,0.595,0.454,0.34,0,0,0.472,0.16,0,0,0.479,,,,0.444,0.59,0,1,0.459,,,
13301,20191219,-93.15,39.87,0.466,0.74,0,1,0.425,0.54,0,0.452,0.454,0.33,0,0,0.472,0.15,0,0,0.478,,,,0.446,0.58,0,1,0.459,,,
13301,20191220,-93.15,39.87,0.471,0.77,0,1,0.427,0.53,0,0.381,0.455,0.33,0,0,0.472,0.13,0,0,0.478,,,,0.449,0.59,0,1,0.461,,,
13301,20191221,-93.15,39.87,0.475,0.79,0,1,0.432,0.54,0,0.369,0.46,0.36,0,0.077,0.471,0.11,0,0,0.478,,,,0.454,0.62,0,1,0.463,,,
13301,20191222,-93.15,39.87,0.478,0.81,0,1,0.437,0.56,0,0.381,0.466,0.39,0,0.22,0.472,0.09,0,0,0.478,,,,0.457,0.63,0,1,0.466,,,
13301,20191223,-93.15,39.87,0.481,0.83,0,1,0.441,0.57,0,0.488,0.472,0.43,0,0.363,0.471,0.07,0,0,0.478,,,,0.461,0.66,0,1,0.469,,,
13301,20191224,-93.15,39.87,0.483,0.84,0,1,0.446,0.59,0,0.631,0.477,0.46,0,0.506,0.471,0.06,0,0,0.477,,,,0.465,0.68,0,1,0.471,,,
13301,20191225,-93.15,39.87,0.484,0.84,0,1,0.45,0.61,0,0.774,0.482,0.48,0,0.649,0.471,0.04,0,0,0.476,,,,0.467,0.7,0,1,0.473,,,
13301,20191226,-93.15,39.87,0.485,0.83,0,1,0.453,0.63,0,0.917,0.488,0.51,0,0.792,0.47,0.02,0,0,0.475,,,,0.469,0.71,0,1,0.474,,,
13301,20191227,-93.15,39.87,0.484,0.81,0,1,0.454,0.63,0,0.952,0.49,0.52,0,0.917,0.47,0.02,0,0,0.474,,,,0.469,0.7,0,1,0.474,,,
13301,20191228,-93.15,39.87,0.48,0.79,0,1,0.451,0.6,0,0.839,0.488,0.5,0,0.875,0.47,0.01,0,0,0.474,,,,0.466,0.68,0,1,0.473,,,
13301,20191229,-93.15,39.87,0.482,0.8,0,1,0.453,0.61,0,0.786,0.488,0.49,0,0.821,0.47,0.01,0,0,0.474,,,,0.467,0.69,0,1,0.473,,,
13301,20191230,-93.15,39.87,0.487,0.84,0,1,0.459,0.66,0,0.786,0.49,0.49,0,0.821,0.47,0,0,0,0.473,,,,0.473,0.73,0,1,0.476,,,
13301,20191231,-93.15,39.87,0.491,0.89,0,1,0.465,0.7,0,0.786,0.492,0.5,0,0.821,0.47,0,0,0,0.473,,,,0.478,0.77,0,1,0.478,,,
13301,20200101,-93.15,39.87,0.495,0.93,0,1,0.471,0.75,0,0.786,0.495,0.52,0,0.821,0.471,0,0,0,0.474,,,,0.483,0.81,0,1,0.481,,,
13301,20200102,-93.15,39.87,0.499,0.98,0,1,0.475,0.78,0,0.786,0.498,0.54,0,0.821,0.472,0,0,0,0.475,,,,0.487,0.84,0,1,0.484,,,
13301,20200103,-93.15,39.87,0.504,1.03,0,1,0.479,0.81,0,0.821,0.503,0.57,0,0.839,0.472,0,0,0,0.476,,,,0.492,0.88,0,1,0.487,,,
13301,20200104,-93.15,39.87,0.508,1.07,0,1,0.484,0.85,0,0.946,0.507,0.6,0,0.946,0.473,0,0,0,0.477,,,,0.496,0.92,0,1,0.49,,,
13301,20200105,-93.15,39.87,0.506,1.06,0,1,0.482,0.83,0,1,0.507,0.6,0,1,0.473,0,0,0,0.478,,,,0.494,0.9,0,1,0.489,,,
13301,20200106,-93.15,39.87,0.5,1.01,0,1,0.476,0.78,0,1,0.504,0.58,0,1,0.473,0,0,0,0.479,,,,0.488,0.86,0,1,0.486,,,
13301,20200107,-93.15,39.87,0.494,0.95,0,1,0.469,0.72,0,1,0.5,0.55,0,1,0.473,-0.01,0,0,0.48,,,,0.482,0.81,0,1,0.483,,,
13301,20200108,-93.15,39.87,0.489,0.9,0,1,0.462,0.66,0,1,0.496,0.51,0,0.946,0.473,-0.01,0,0,0.481,,,,0.476,0.76,0,1,0.48,,,
13301,20200109,-93.15,39.87,0.484,0.85,0,1,0.459,0.63,0,1,0.49,0.46,0,0.804,0.473,-0.02,0,0,0.481,,,,0.472,0.72,0,1,0.477,,,
13301,20200110,-93.15,39.87,0.479,0.8,0,1,0.456,0.61,0,1,0.484,0.42,0,0.69,0.472,-0.03,0,0,0.481,,,,0.468,0.69,0,1,0.474,,,
13301,20200111,-93.15,39.87,0.479,0.78,0,1,0.457,0.61,0,1,0.483,0.41,0,0.643,0.472,-0.04,0,0,0.48,,,,0.468,0.7,0,1,0.474,,,
13301,20200112,-93.15,39.87,0.483,0.81,0,1,0.462,0.66,0,1,0.485,0.43,0,0.643,0.472,-0.04,0,0,0.48,,,,0.472,0.74,0,1,0.476,,,
13301,20200113,-93.15,39.87,0.488,0.86,0,1,0.468,0.71,0,1,0.489,0.46,0,0.643,0.472,-0.05,0,0,0.48,,,,0.478,0.8,0,1,0.48,,,
13301,20200114,-93.15,39.87,0.495,0.91,0,1,0.475,0.77,0,1,0.494,0.5,0,0.643,0.473,-0.06,0,0,0.48,,,,0.485,0.86,0,1,0.483,,,
13301,20200115,-93.15,39.87,0.502,0.97,0,1,0.484,0.83,0,1,0.499,0.54,0,0.696,0.473,-0.08,0,0,0.479,,,,0.493,0.92,0,1,0.488,,,
13301,20200116,-93.15,39.87,0.51,1.02,0,1,0.492,0.9,0,1,0.506,0.6,0,0.839,0.474,-0.12,0.006,0,0.479,,,,0.501,0.99,0,1,0.492,,,
13301,20200117,-93.15,39.87,0.514,1.05,0,1,0.498,0.95,0,1,0.513,0.65,0,0.952,0.474,-0.18,0.012,0,0.48,,,,0.506,1.03,0,1,0.496,,,
13301,20200118,-93.15,39.87,0.515,1.05,0,1,0.499,0.95,0,1,0.516,0.67,0,1,0.475,-0.24,0.101,0,0.48,,,,0.507,1.03,0,1,0.497,,,
13301,20200119,-93.15,39.87,0.514,1.03,0,1,0.5,0.95,0,1,0.517,0.68,0,1,0.475,-0.3,0.202,0,0.48,,,,0.507,1.02,0,1,0.497,,,
13301,20200120,-93.15,39.87,0.512,0.99,0,1,0.498,0.92,0,1,0.518,0.68,0,1,0.476,-0.36,0.286,0,0.481,,,,0.505,0.99,0,1,0.497,,,
13301,20200121,-93.15,39.87,0.505,0.92,0,0.964,0.492,0.86,0,1,0.515,0.65,0,0.917,0.476,-0.43,0.405,0,0.481,,,,0.499,0.92,0,0.976,0.494,,,
13301,20200122,-93.15,39.87,0.501,0.88,0,0.959,0.486,0.79,0,0.964,0.509,0.59,0,0.774,0.476,-0.48,0.506,0,0.482,,,,0.495,0.88,0,0.973,0.492,,,
13301,20200123,-93.15,39.87,,,,,0.478,0.71,0,0.821,0.502,0.53,0,0.631,0.478,-0.5,0.589,0,0.482,,,,,,,,,,,
13301,20200124,-93.15,39.87,,,,,0.473,0.65,0,0.679,0.496,0.48,0,0.488,0.478,-0.52,0.708,0,0.481,,,,,,,,,,,
13301,20200125,-93.15,39.87,,,,,0.47,0.59,0,0.536,0.492,0.44,0,0.345,0.478,-0.54,0.762,0,0.481,,,,,,,,,,,
13301,20200126,-93.15,39.87,,,,,0.464,0.52,0,0.393,0.488,0.4,0,0.202,0.478,-0.55,0.804,0,0.48,,,,,,,,,,,
13301,20200127,-93.15,39.87,,,,,0.461,0.47,0,0.25,0.486,0.37,0,0.06,0.478,-0.56,0.863,0,0.478,,,,,,,,,,,
13301,20200128,-93.15,39.87,,,,,0.462,0.45,0,0.125,0.487,0.37,0,0,0.478,-0.57,0.869,0,0.477,,,,,,,,,,,
13301,20200129,-93.15,39.87,,,,,0.464,0.45,0,0.101,0.491,0.39,0,0,0.477,-0.58,0.899,0,0.475,,,,,,,,,,,
13301,20200130,-93.15,39.87,0.489,0.6,0,0.756,0.468,0.46,0,0.185,0.496,0.41,0,0,0.477,-0.59,0.899,0,0.474,,,,0.479,0.52,0,0.207,0.482,,,
13301,20200131,-93.15,39.87,0.489,0.6,0,0.792,0.471,0.47,0,0.28,0.5,0.43,0,0,0.477,-0.59,0.869,0,0.473,,,,0.48,0.52,0,0.176,0.482,,,
13301,20200201,-93.15,39.87,0.49,0.6,0,0.804,0.474,0.48,0,0.387,0.503,0.45,0,0.018,0.477,-0.59,0.857,0,0.473,,,,0.482,0.53,0,0.226,0.483,,,
13301,20200202,-93.15,39.87,0.49,0.6,0,0.804,0.479,0.51,0,0.53,0.506,0.46,0,0.137,0.477,-0.59,0.845,0,0.472,,,,0.485,0.54,0,0.292,0.485,,,
13301,20200203,-93.15,39.87,0.493,0.62,0,0.875,0.484,0.54,0,0.673,0.508,0.47,0,0.268,0.477,-0.6,0.833,0,0.471,,,,0.489,0.56,0,0.387,0.487,,,
13301,20200204,-93.15,39.87,0.498,0.65,0,0.988,0.489,0.57,0,0.798,0.51,0.49,0,0.411,0.477,-0.6,0.81,0,0.471,,,,0.493,0.6,0,0.53,0.489,,,
13301,20200205,-93.15,39.87,0.501,0.68,0,1,0.493,0.59,0,0.857,0.513,0.51,0,0.554,0.477,-0.6,0.786,0,0.471,,,,0.497,0.63,0,0.673,0.491,,,
13301,20200206,-93.15,39.87,0.505,0.71,0,1,0.497,0.62,0,0.917,0.515,0.53,0,0.696,0.476,-0.61,0.815,0,0.471,,,,0.501,0.66,0,0.815,0.493,,,
13301,20200207,-93.15,39.87,0.507,0.73,0,1,0.499,0.62,0,0.964,0.516,0.55,0,0.839,0.476,-0.61,0.851,0,0.47,,,,0.503,0.69,0,0.958,0.494,,,
13301,20200208,-93.15,39.87,0.507,0.74,0,1,0.499,0.62,0,0.905,0.517,0.57,0,0.964,0.476,-0.61,0.851,0,0.471,,,,0.503,0.7,0,1,0.494,,,
13301,20200209,-93.15,39.87,0.504,0.74,0,1,0.497,0.58,0,0.762,0.517,0.57,0,0.917,0.476,-0.61,0.863,0,0.471,,,,0.5,0.68,0,0.988,0.493,,,
13301,20200210,-93.15,39.87,0.503,0.75,0,1,0.494,0.55,0,0.673,0.517,0.57,0,0.929,0.476,-0.61,0.875,0,0.471,,,,0.499,0.68,0,0.988,0.492,,,
13301,20200211,-93.15,39.87,0.502,0.76,0,1,0.493,0.54,0,0.643,0.517,0.57,0,0.929,0.476,-0.62,0.917,0,0.47,,,,0.498,0.68,0,0.988,0.492,,,
13301,20200212,-93.15,39.87,0.501,0.77,0,1,0.493,0.53,0,0.643,0.517,0.58,0,0.929,0.476,-0.62,0.952,0,0.47,,,,0.497,0.68,0,0.988,0.491,,,
13301,20200213,-93.15,39.87,0.5,0.77,0,1,0.49,0.51,0,0.625,0.517,0.58,0,0.929,0.476,-0.63,0.976,0,0.47,,,,0.495,0.67,0,0.988,0.491,,,
13301,20200214,-93.15,39.87,0.497,0.76,0,1,0.488,0.49,0,0.506,0.515,0.56,0,0.798,0.475,-0.64,0.988,0,0.47,,,,0.492,0.65,0,0.964,0.489,,,
13301,20200215,-93.15,39.87,0.493,0.73,0,0.994,0.485,0.46,0,0.458,0.51,0.5,0,0.655,0.475,-0.64,1,0,0.47,,,,0.489,0.62,0,0.821,0.486,,,
13301,20200216,-93.15,39.87,0.492,0.73,0,0.994,0.484,0.45,0,0.47,0.508,0.48,0,0.583,0.475,-0.65,1,0,0.469,,,,0.488,0.62,0,0.78,0.486,,,
13301,20200217,-93.15,39.87,0.492,0.73,0,0.994,0.484,0.46,0,0.56,0.507,0.48,0,0.542,0.475,-0.66,1,0,0.469,,,,0.488,0.62,0,0.78,0.485,,,
13301,20200218,-93.15,39.87,0.492,0.74,0,0.994,0.484,0.47,0,0.589,0.506,0.47,0,0.542,0.475,-0.67,1,0,0.469,,,,0.488,0.63,0,0.78,0.485,,,
13301,20200219,-93.15,39.87,0.493,0.75,0,0.994,0.484,0.48,0,0.589,0.506,0.48,0,0.542,0.474,-0.68,1,0,0.468,,,,0.489,0.64,0,0.78,0.485,,,
13301,20200220,-93.15,39.87,0.493,0.77,0,0.994,0.485,0.49,0,0.607,0.506,0.48,0,0.542,0.474,-0.69,1,0,0.467,,,,0.489,0.66,0,0.78,0.485,,,
13301,20200221,-93.15,39.87,0.494,0.78,0,0.994,0.485,0.51,0,0.726,0.506,0.5,0,0.643,0.474,-0.7,1,0,0.467,,,,0.489,0.68,0,0.804,0.485,,,
13301,20200222,-93.15,39.87,0.494,0.8,0,1,0.485,0.52,0,0.869,0.507,0.51,0,0.643,0.473,-0.71,1,0,0.466,,,,0.49,0.71,0,0.946,0.485,,,
13301,20200223,-93.15,39.87,0.493,0.81,0,1,0.485,0.53,0,0.988,0.505,0.5,0,0.643,0.473,-0.71,1,0,0.466,,,,0.489,0.72,0,1,0.484,,,
13301,20200224,-93.15,39.87,0.49,0.8,0,1,0.482,0.51,0,0.988,0.502,0.47,0,0.548,0.472,-0.72,1,0,0.465,,,,0.486,0.71,0,1,0.482,,,
13301,20200225,-93.15,39.87,0.491,0.82,0,1,0.482,0.52,0,0.988,0.502,0.48,0,0.548,0.471,-0.73,1,0,0.464,,,,0.486,0.73,0,1,0.482,,,
13301,20200226,-93.15,39.87,0.492,0.84,0,1,0.483,0.53,0,0.988,0.503,0.49,0,0.548,0.471,-0.74,1,0,0.464,,,,0.487,0.74,0,1,0.482,,,
13301,20200227,-93.15,39.87,0.493,0.85,0,1,0.484,0.55,0,0.988,0.503,0.49,0,0.548,0.471,-0.75,1,0,0.464,,,,0.489,0.76,0,1,0.483,,,
13301,20200228,-93.15,39.87,0.496,0.87,0,1,0.486,0.56,0,0.988,0.505,0.51,0,0.577,0.471,-0.77,1,0,0.465,,,,0.491,0.77,0,1,0.484,,,
13301,20200229,-93.15,39.87,0.499,0.89,0,1,0.489,0.57,0,0.917,0.508,0.54,0,0.649,0.471,-0.78,0.988,0,0.465,,,,0.494,0.79,0,1,0.486,,,
13301,20200301,-93.15,39.87,0.502,0.9,0,1,0.491,0.58,0,0.851,0.511,0.56,0,0.649,0.471,-0.8,0.97,0,0.465,,,,0.496,0.79,0,0.97,0.488,,,
13301,20200302,-93.15,39.87,0.503,0.89,0,1,0.492,0.58,0,0.774,0.512,0.56,0,0.643,0.471,-0.81,0.97,0,0.466,,,,0.497,0.78,0,0.97,0.489,,,
13301,20200303,-93.15,39.87,0.499,0.84,0,1,0.488,0.53,0,0.631,0.509,0.5,0,0.5,0.472,-0.82,0.97,0,0.466,,,,0.493,0.73,0,0.97,0.487,,,
13301,20200304,-93.15,39.87,0.493,0.78,0,1,0.482,0.47,0,0.488,0.505,0.43,0,0.357,0.471,-0.83,0.97,0,0.467,,,,0.487,0.66,0,0.97,0.484,,,
13301,20200305,-93.15,39.87,0.487,0.71,0,1,0.476,0.4,0,0.345,0.499,0.34,0,0.214,0.471,-0.85,0.97,0,0.467,,,,0.481,0.6,0,0.929,0.48,,,
13301,20200306,-93.15,39.87,0.481,0.66,0,1,0.47,0.35,0,0.202,0.493,0.25,0,0.071,0.471,-0.86,0.97,0,0.467,,,,0.476,0.54,0,0.798,0.476,,,
13301,20200307,-93.15,39.87,0.475,0.6,0,1,0.466,0.3,0,0.131,0.487,0.17,0,0,0.471,-0.86,0.982,0,0.468,,,,0.47,0.48,0,0.655,0.473,,,
13301,20200308,-93.15,39.87,0.469,0.54,0,0.929,0.461,0.26,0,0.065,0.483,0.1,0,0,0.471,-0.86,1,0,0.469,,,,0.465,0.43,0,0.542,0.47,,,
13301,20200309,-93.15,39.87,0.462,0.47,0,0.792,0.456,0.21,0,0,0.478,0.03,0,0,0.471,-0.87,1,0,0.471,,,,0.459,0.37,0,0.399,0.467,,,
13301,20200310,-93.15,39.87,0.466,0.49,0,0.792,0.46,0.25,0,0.137,0.481,0.05,0,0.012,0.47,-0.88,1,0,0.471,,,,0.463,0.4,0,0.399,0.47,,,
13301,20200311,-93.15,39.87,0.472,0.52,0,0.792,0.465,0.29,0,0.28,0.486,0.09,0,0.065,0.47,-0.88,1,0,0.472,,,,0.469,0.43,0,0.399,0.473,,,
13301,20200312,-93.15,39.87,0.479,0.54,0,0.792,0.471,0.34,0,0.423,0.492,0.13,0,0.095,0.47,-0.89,1,0,0.472,,,,0.475,0.46,0,0.44,0.477,,,
13301,20200313,-93.15,39.87,0.486,0.56,0,0.792,0.477,0.39,0,0.565,0.499,0.19,0,0.101,0.471,-0.9,1,0,0.473,,,,0.482,0.49,0,0.571,0.481,,,
13301,20200314,-93.15,39.87,0.492,0.59,0,0.792,0.483,0.43,0,0.607,0.505,0.24,0,0.113,0.471,-0.91,1,0,0.473,,,,0.488,0.52,0,0.673,0.485,,,
13301,20200315,-93.15,39.87,0.503,0.64,0,0.863,0.491,0.49,0,0.75,0.513,0.29,0,0.113,0.471,-0.91,1,0,0.473,,,,0.497,0.57,0,0.815,0.49,,,
13301,20200316,-93.15,39.87,0.514,0.7,0,1,0.5,0.55,0,0.893,0.52,0.35,0,0.113,0.471,-0.91,1,0,0.473,,,,0.507,0.63,0,0.958,0.496,,,
13301,20200317,-93.15,39.87,0.516,0.69,0,1,0.501,0.54,0,0.899,0.522,0.33,0,0.101,0.471,-0.91,1,0,0.473,,,,0.508,0.62,0,0.958,0.496,,,
13301,20200318,-93.15,39.87,0.516,0.68,0,1,0.502,0.54,0,0.899,0.522,0.31,0,0.048,0.471,-0.92,1,0,0.473,,,,0.509,0.61,0,0.958,0.497,,,
13301,20200319,-93.15,39.87,0.517,0.68,0,1,0.502,0.53,0,0.899,0.523,0.29,0,0.018,0.471,-0.92,1,0,0.473,,,,0.509,0.61,0,0.958,0.497,,,
13301,20200320,-93.15,39.87,0.519,0.7,0,1,0.503,0.54,0,0.899,0.523,0.27,0,0.012,0.471,-0.92,1,0,0.474,,,,0.511,0.62,0,0.958,0.498,,,
13301,20200321,-93.15,39.87,0.522,0.72,0,1,0.506,0.56,0,1,0.524,0.26,0,0,0.472,-0.91,1,0,0.475,,,,0.514,0.65,0,1,0.5,,,
13301,20200322,-93.15,39.87,0.521,0.72,0,1,0.506,0.56,0,0.97,0.525,0.24,0,0,0.472,-0.91,1,0,0.476,,,,0.513,0.65,0,1,0.5,,,
13301,20200323,-93.15,39.87,0.521,0.73,0,1,0.506,0.56,0,0.946,0.525,0.23,0,0,0.473,-0.92,1,0,0.477,,,,0.513,0.66,0,1,0.5,,,
13301,20200324,-93.15,39.87,0.521,0.74,0,1,0.506,0.57,0,0.946,0.525,0.22,0,0,0.473,-0.92,1,0,0.478,,,,0.514,0.67,0,1,0.501,,,
13301,20200325,-93.15,39.87,0.52,0.74,0,1,0.506,0.57,0,0.905,0.525,0.21,0,0,0.474,-0.92,1,0,0.48,,,,0.513,0.67,0,1,0.501,,,
13301,20200326,-93.15,39.87,0.519,0.74,0,1,0.504,0.55,0,0.762,0.526,0.21,0,0,0.474,-0.91,1,0,0.481,,,,0.511,0.66,0,1,0.501,,,
13301,20200327,-93.15,39.87,0.517,0.73,0,1,0.501,0.53,0,0.619,0.525,0.2,0,0,0.474,-0.91,1,0,0.481,,,,0.509,0.65,0,1,0.499,,,
13301,20200328,-93.15,39.87,0.513,0.71,0,1,0.498,0.51,0,0.476,0.523,0.18,0,0,0.473,-0.91,1,0,0.481,,,,0.505,0.63,0,1,0.498,,,
13301,20200329,-93.15,39.87,0.509,0.7,0,1,0.494,0.49,0,0.363,0.52,0.15,0,0,0.473,-0.91,1,0,0.48,,,,0.502,0.6,0,0.911,0.495,,,
13301,20200330,-93.15,39.87,0.502,0.65,0,0.946,0.487,0.43,0,0.244,0.514,0.09,0.036,0,0.472,-0.91,1,0,0.48,,,,0.495,0.55,0,0.768,0.491,,,
13301,20200331,-93.15,39.87,0.492,0.58,0,0.804,0.479,0.37,0,0.101,0.507,0.02,0.119,0,0.472,-0.91,1,0,0.479,,,,0.486,0.48,0,0.625,0.486,,,
13301,20200401,-93.15,39.87,0.48,0.49,0,0.661,0.471,0.31,0,0,0.499,-0.04,0.196,0,0.472,-0.9,1,0,0.478,,,,0.476,0.41,0,0.482,0.48,,,
13301,20200402,-93.15,39.87,0.466,0.38,0,0.518,0.465,0.27,0,0,0.491,-0.1,0.214,0,0.471,-0.9,1,0,0.478,,,,0.465,0.33,0,0.339,0.474,,,
13301,20200403,-93.15,39.87,0.451,0.25,0.03,0.375,0.457,0.21,0,0,0.484,-0.16,0.22,0,0.471,-0.89,1,0,0.477,,,,0.454,0.24,0,0.196,0.468,,,
13301,20200404,-93.15,39.87,0.444,0.21,0.071,0.327,0.451,0.17,0,0,0.477,-0.21,0.232,0,0.471,-0.88,1,0,0.476,,,,0.448,0.2,0,0.095,0.464,,,
13301,20200405,-93.15,39.87,0.441,0.19,0.071,0.304,0.447,0.14,0,0,0.471,-0.23,0.232,0,0.472,-0.87,1,0,0.476,,,,0.444,0.17,0,0.042,0.461,,,
13301,20200406,-93.15,39.87,0.437,0.16,0.071,0.214,0.444,0.13,0,0,0.468,-0.22,0.196,0,0.472,-0.86,1,0,0.476,,,,0.441,0.16,0,0.042,0.46,,,
13301,20200407,-93.15,39.87,0.435,0.14,0.071,0.214,0.442,0.13,0,0,0.466,-0.2,0.113,0,0.471,-0.85,1,0,0.476,,,,0.439,0.15,0,0.042,0.458,,,
13301,20200408,-93.15,39.87,0.433,0.14,0.071,0.214,0.441,0.13,0,0,0.465,-0.19,0.036,0,0.471,-0.84,1,0,0.476,,,,0.437,0.15,0,0.042,0.457,,,
13301,20200409,-93.15,39.87,0.431,0.14,0.071,0.214,0.439,0.13,0,0,0.463,-0.18,0.018,0,0.471,-0.83,1,0,0.476,,,,0.435,0.15,0,0.042,0.456,,,
13301,20200410,-93.15,39.87,0.428,0.12,0.149,0.214,0.436,0.12,0,0,0.46,-0.19,0.101,0,0.472,-0.82,1,0,0.477,,,,0.432,0.13,0,0.042,0.454,,,
13301,20200411,-93.15,39.87,0.413,0,0.25,0.119,0.429,0.08,0,0,0.456,-0.21,0.232,0,0.472,-0.81,1,0,0.478,,,,0.421,0.05,0.107,0,0.45,,,
13301,20200412,-93.15,39.87,0.396,-0.14,0.393,0,0.42,0.02,0,0,0.452,-0.24,0.375,0,0.472,-0.8,1,0,0.479,,,,0.408,-0.05,0.25,0,0.444,,,
13301,20200413,-93.15,39.87,0.392,-0.16,0.44,0.083,0.414,-0.01,0.012,0,0.447,-0.27,0.518,0,0.473,-0.79,1,0,0.479,,,,0.403,-0.08,0.298,0.042,0.441,,,
13301,20200414,-93.15,39.87,0.392,-0.13,0.44,0.226,0.407,-0.05,0.012,0,0.441,-0.31,0.661,0,0.473,-0.78,1,0,0.48,,,,0.4,-0.09,0.298,0.042,0.439,,,
13301,20200415,-93.15,39.87,0.391,-0.12,0.44,0.262,0.4,-0.1,0.012,0,0.435,-0.36,0.804,0,0.473,-0.77,1,0,0.481,,,,0.396,-0.1,0.298,0.042,0.436,,,
13301,20200416,-93.15,39.87,0.391,-0.09,0.44,0.262,0.394,-0.14,0.012,0,0.429,-0.41,0.946,0,0.473,-0.77,1,0,0.48,,,,0.393,-0.11,0.298,0.042,0.433,,,
13301,20200417,-93.15,39.87,0.401,0.02,0.333,0.339,0.394,-0.12,0.012,0.065,0.425,-0.44,0.982,0,0.471,-0.77,1,0,0.479,,,,0.397,-0.04,0.298,0.113,0.434,,,
13301,20200418,-93.15,39.87,0.419,0.21,0.19,0.482,0.402,0,0.012,0.208,0.428,-0.38,0.839,0,0.471,-0.77,1,0,0.478,,,,0.411,0.12,0.19,0.256,0.44,,,
13301,20200419,-93.15,39.87,0.435,0.37,0.048,0.625,0.411,0.11,0.012,0.351,0.432,-0.33,0.696,0,0.47,-0.76,1,0,0.476,,,,0.423,0.26,0.048,0.399,0.445,,,
13301,20200420,-93.15,39.87,0.437,0.4,0,0.655,0.416,0.18,0,0.417,0.435,-0.28,0.554,0,0.469,-0.75,1,0,0.475,,,,0.426,0.32,0,0.482,0.446,,,
13301,20200421,-93.15,39.87,0.433,0.38,0,0.512,0.419,0.23,0,0.417,0.437,-0.23,0.411,0,0.469,-0.74,1,0,0.473,,,,0.426,0.33,0,0.482,0.446,,,
13301,20200422,-93.15,39.87,0.429,0.35,0,0.476,0.422,0.27,0,0.417,0.44,-0.19,0.268,0,0.469,-0.72,1,0,0.473,,,,0.425,0.33,0,0.482,0.447,,,
13301,20200423,-93.15,39.87,0.423,0.31,0,0.476,0.424,0.3,0,0.417,0.442,-0.14,0.125,0,0.47,-0.7,1,0,0.473,,,,0.423,0.33,0,0.482,0.446,,,
13301,20200424,-93.15,39.87,0.409,0.2,0,0.399,0.42,0.27,0,0.351,0.443,-0.12,0.018,0,0.47,-0.67,1,0,0.474,,,,0.415,0.25,0,0.411,0.443,,,
13301,20200425,-93.15,39.87,0.393,0.06,0.03,0.286,0.411,0.18,0,0.232,0.437,-0.17,0.024,0,0.471,-0.65,1,0,0.475,,,,0.402,0.14,0,0.298,0.437,,,
13301,20200426,-93.15,39.87,0.393,0.07,0.03,0.286,0.41,0.18,0,0.232,0.433,-0.2,0.024,0,0.472,-0.63,1,0,0.476,,,,0.401,0.14,0,0.298,0.437,,,
13301,20200427,-93.15,39.87,0.392,0.08,0.03,0.315,0.409,0.17,0,0.202,0.43,-0.22,0.024,0,0.473,-0.62,1,0,0.477,,,,0.4,0.14,0,0.315,0.436,,,
13301,20200428,-93.15,39.87,0.391,0.09,0.03,0.351,0.407,0.17,0,0.202,0.428,-0.24,0.024,0,0.474,-0.6,0.994,0,0.479,,,,0.399,0.14,0,0.345,0.436,,,
13301,20200429,-93.15,39.87,0.39,0.1,0.03,0.351,0.405,0.17,0,0.202,0.426,-0.25,0.024,0,0.475,-0.58,0.994,0,0.479,,,,0.398,0.14,0,0.345,0.435,,,
13301,20200430,-93.15,39.87,0.392,0.13,0.03,0.351,0.404,0.17,0,0.202,0.424,-0.25,0.024,0,0.475,-0.56,0.994,0,0.479,,,,0.398,0.16,0,0.345,0.435,,,
13301,20200501,-93.15,39.87,0.393,0.17,0.03,0.351,0.403,0.18,0,0.202,0.421,-0.26,0.006,0,0.476,-0.54,0.988,0,0.479,,,,0.398,0.18,0,0.345,0.434,,,
13301,20200502,-93.15,39.87,0.388,0.15,0,0.321,0.398,0.15,0,0.179,0.416,-0.29,0.101,0,0.476,-0.52,0.988,0,0.479,,,,0.393,0.16,0,0.315,0.431,,,
13301,20200503,-93.15,39.87,0.368,0,0,0.179,0.385,0.04,0,0.036,0.408,-0.35,0.244,0,0.476,-0.51,0.988,0,0.479,,,,0.376,0.03,0,0.173,0.423,,,
13301,20200504,-93.15,39.87,0.349,-0.13,0.143,0.036,0.372,-0.06,0.006,0,0.398,-0.42,0.387,0,0.476,-0.49,0.982,0,0.479,,,,0.36,-0.09,0.101,0.03,0.415,,,
13301,20200505,-93.15,39.87,0.337,-0.2,0.179,0,0.359,-0.15,0.006,0,0.387,-0.5,0.53,0,0.476,-0.47,0.964,0,0.479,,,,0.348,-0.18,0.137,0,0.408,,,
13301,20200506,-93.15,39.87,0.33,-0.25,0.179,0,0.348,-0.24,0.012,0,0.376,-0.58,0.673,0,0.476,-0.45,0.964,0,0.48,,,,0.339,-0.25,0.137,0,0.402,,,
13301,20200507,-93.15,39.87,0.322,-0.3,0.179,0,0.336,-0.32,0.065,0,0.365,-0.67,0.815,0,0.477,-0.44,0.94,0,0.481,,,,0.329,-0.32,0.137,0,0.396,,,
13301,20200508,-93.15,39.87,0.317,-0.33,0.179,0,0.326,-0.39,0.208,0,0.354,-0.74,0.958,0,0.478,-0.43,0.946,0,0.482,,,,0.322,-0.37,0.214,0,0.391,,,
13301,20200509,-93.15,39.87,0.324,-0.28,0.179,0,0.318,-0.44,0.351,0,0.346,-0.8,1,0,0.479,-0.42,0.935,0,0.483,,,,0.321,-0.37,0.214,0,0.39,,,
13301,20200510,-93.15,39.87,0.328,-0.25,0.179,0,0.313,-0.48,0.494,0,0.339,-0.84,1,0,0.48,-0.41,0.935,0,0.485,,,,0.32,-0.37,0.214,0,0.389,,,
13301,20200511,-93.15,39.87,0.331,-0.22,0.036,0,0.309,-0.5,0.631,0,0.335,-0.87,1,0,0.48,-0.4,0.923,0,0.486,,,,0.32,-0.37,0.19,0,0.388,,,
13301,20200512,-93.15,39.87,0.328,-0.24,0.048,0,0.305,-0.53,0.774,0,0.331,-0.89,1,0,0.48,-0.4,0.935,0,0.487,,,,0.317,-0.39,0.298,0,0.386,,,
13301,20200513,-93.15,39.87,0.323,-0.27,0.19,0,0.301,-0.55,0.911,0,0.327,-0.91,1,0,0.48,-0.39,0.911,0,0.487,,,,0.312,-0.42,0.44,0,0.384,,,
13301,20200514,-93.15,39.87,0.318,-0.3,0.333,0,0.297,-0.58,1,0,0.324,-0.92,1,0,0.479,-0.38,0.851,0,0.487,,,,0.308,-0.45,0.583,0,0.381,,,
13301,20200515,-93.15,39.87,0.325,-0.26,0.405,0.048,0.302,-0.54,0.952,0.048,0.33,-0.86,0.952,0.042,0.479,-0.37,0.72,0,0.487,,,,0.314,-0.41,0.583,0.048,0.385,,,
13301,20200516,-93.15,39.87,0.341,-0.17,0.405,0.19,0.325,-0.39,0.81,0.19,0.356,-0.66,0.81,0.185,0.48,-0.33,0.589,0,0.488,,,,0.333,-0.29,0.583,0.19,0.398,,,
13301,20200517,-93.15,39.87,0.358,-0.08,0.405,0.333,0.346,-0.25,0.667,0.327,0.38,-0.49,0.667,0.25,0.482,-0.28,0.446,0,0.488,,,,0.352,-0.17,0.583,0.333,0.411,,,
13301,20200518,-93.15,39.87,0.379,0.04,0.405,0.476,0.366,-0.11,0.524,0.423,0.402,-0.32,0.524,0.25,0.483,-0.24,0.321,0,0.488,,,,0.373,-0.04,0.506,0.47,0.424,,,
13301,20200519,-93.15,39.87,0.398,0.15,0.357,0.56,0.385,0.01,0.381,0.423,0.423,-0.16,0.381,0.25,0.483,-0.2,0.19,0,0.488,,,,0.392,0.09,0.363,0.47,0.436,,,
13301,20200520,-93.15,39.87,0.418,0.26,0.214,0.56,0.404,0.14,0.238,0.423,0.443,-0.01,0.238,0.25,0.484,-0.16,0.071,0,0.488,,,,0.411,0.21,0.22,0.47,0.447,,,
13301,20200521,-93.15,39.87,0.436,0.38,0.071,0.56,0.422,0.26,0.095,0.423,0.462,0.14,0.095,0.25,0.485,-0.13,0.012,0,0.488,,,,0.429,0.33,0.077,0.47,0.459,,,
13301,20200522,-93.15,39.87,0.442,0.41,0,0.512,0.431,0.32,0,0.375,0.472,0.21,0,0.208,0.486,-0.1,0,0,0.488,,,,0.437,0.38,0,0.423,0.464,,,
13301,20200523,-93.15,39.87,0.429,0.34,0,0.369,0.422,0.27,0,0.232,0.462,0.14,0,0.065,0.485,-0.1,0,0,0.488,,,,0.425,0.31,0,0.28,0.457,,,
13301,20200524,-93.15,39.87,0.418,0.28,0,0.226,0.414,0.22,0,0.095,0.454,0.09,0,0,0.484,-0.1,0,0,0.487,,,,0.416,0.26,0,0.137,0.451,,,
13301,20200525,-93.15,39.87,0.404,0.21,0,0.083,0.405,0.17,0,0,0.446,0.04,0,0,0.484,-0.1,0,0,0.487,,,,0.404,0.19,0,0,0.445,,,
13301,20200526,-93.15,39.87,0.401,0.2,0,0.071,0.402,0.15,0,0.071,0.44,0,0,0,0.484,-0.1,0,0,0.487,,,,0.401,0.18,0,0.071,0.443,,,
13301,20200527,-93.15,39.87,0.404,0.22,0,0.214,0.401,0.16,0,0.113,0.438,-0.01,0,0,0.485,-0.09,0,0,0.487,,,,0.403,0.19,0,0.208,0.443,,,
13301,20200528,-93.15,39.87,0.41,0.26,0,0.357,0.404,0.18,0,0.167,0.44,0.01,0,0.048,0.486,-0.08,0,0,0.488,,,,0.407,0.23,0,0.268,0.446,,,
13301,20200529,-93.15,39.87,0.427,0.36,0,0.5,0.416,0.26,0,0.31,0.451,0.11,0,0.19,0.488,-0.07,0,0,0.488,,,,0.422,0.32,0,0.411,0.454,,,
13301,20200530,-93.15,39.87,0.444,0.46,0,0.643,0.428,0.34,0,0.452,0.464,0.21,0,0.333,0.49,-0.05,0,0,0.489,,,,0.436,0.41,0,0.554,0.463,,,
13301,20200531,-93.15,39.87,0.458,0.54,0,0.786,0.437,0.4,0,0.595,0.475,0.29,0,0.476,0.492,-0.04,0,0,0.49,,,,0.447,0.48,0,0.696,0.47,,,
13301,20200601,-93.15,39.87,0.469,0.6,0,0.929,0.444,0.45,0,0.738,0.482,0.35,0,0.595,0.494,-0.03,0,0,0.49,,,,0.457,0.54,0,0.839,0.476,,,
13301,20200602,-93.15,39.87,0.47,0.61,0,0.946,0.446,0.46,0,0.714,0.486,0.38,0,0.595,0.495,-0.02,0,0,0.491,,,,0.458,0.56,0,0.839,0.478,,,
13301,20200603,-93.15,39.87,0.463,0.58,0,0.804,0.445,0.45,0,0.673,0.487,0.39,0,0.595,0.496,-0.02,0,0,0.492,,,,0.454,0.53,0,0.702,0.477,,,
13301,20200604,-93.15,39.87,0.457,0.55,0,0.696,0.443,0.44,0,0.655,0.486,0.38,0,0.583,0.497,-0.01,0,0,0.493,,,,0.45,0.51,0,0.679,0.475,,,
13301,20200605,-93.15,39.87,0.453,0.53,0,0.696,0.441,0.42,0,0.655,0.485,0.37,0,0.583,0.497,-0.01,0,0,0.494,,,,0.447,0.49,0,0.679,0.474,,,
13301,20200606,-93.15,39.87,0.447,0.5,0,0.696,0.437,0.39,0,0.655,0.48,0.32,0,0.583,0.496,-0.02,0,0,0.494,,,,0.442,0.46,0,0.679,0.471,,,
13301,20200607,-93.15,39.87,0.444,0.48,0,0.696,0.433,0.37,0,0.655,0.475,0.28,0,0.524,0.497,-0.02,0,0,0.495,,,,0.438,0.44,0,0.679,0.469,,,
13301,20200608,-93.15,39.87,0.441,0.48,0,0.696,0.432,0.36,0,0.53,0.473,0.27,0,0.405,0.498,-0.02,0,0,0.496,,,,0.436,0.43,0,0.673,0.468,,,
13301,20200609,-93.15,39.87,0.438,0.47,0,0.613,0.431,0.35,0,0.482,0.472,0.26,0,0.405,0.5,-0.01,0,0,0.497,,,,0.434,0.43,0,0.601,0.467,,,
13301,20200610,-93.15,39.87,0.455,0.56,0,0.756,0.442,0.43,0,0.625,0.483,0.33,0,0.542,0.502,0,0,0,0.498,,,,0.449,0.51,0,0.744,0.476,,,
13301,20200611,-93.15,39.87,0.468,0.63,0,0.863,0.452,0.48,0,0.732,0.494,0.4,0,0.649,0.503,0,0,0,0.498,,,,0.46,0.58,0,0.851,0.483,,,
13301,20200612,-93.15,39.87,0.463,0.61,0,0.863,0.449,0.46,0,0.732,0.489,0.36,0,0.625,0.504,0,0,0,0.498,,,,0.456,0.57,0,0.851,0.481,,,
13301,20200613,-93.15,39.87,0.459,0.6,0,0.863,0.446,0.45,0,0.732,0.486,0.34,0,0.482,0.507,0.01,0,0,0.501,,,,0.452,0.55,0,0.851,0.48,,,
13301,20200614,-93.15,39.87,0.455,0.58,0,0.839,0.445,0.44,0,0.655,0.485,0.33,0,0.399,0.509,0.02,0,0,0.502,,,,0.45,0.55,0,0.851,0.479,,,
13301,20200615,-93.15,39.87,0.451,0.56,0,0.696,0.443,0.44,0,0.637,0.484,0.33,0,0.399,0.51,0.02,0,0,0.504,,,,0.447,0.54,0,0.72,0.479,,,
13301,20200616,-93.15,39.87,0.448,0.54,0,0.69,0.443,0.44,0,0.637,0.484,0.33,0,0.399,0.511,0.02,0,0,0.505,,,,0.445,0.53,0,0.72,0.478,,,
13301,20200617,-93.15,39.87,0.424,0.43,0,0.548,0.428,0.35,0,0.494,0.473,0.26,0,0.262,0.513,0.03,0,0,0.507,,,,0.426,0.42,0,0.577,0.469,,,
13301,20200618,-93.15,39.87,0.4,0.3,0,0.405,0.412,0.27,0,0.351,0.458,0.18,0,0.119,0.514,0.02,0,0,0.509,,,,0.406,0.31,0,0.435,0.459,,,
13301,20200619,-93.15,39.87,0.379,0.2,0,0.262,0.399,0.19,0,0.208,0.448,0.12,0,0,0.516,0.03,0,0,0.511,,,,0.389,0.22,0,0.292,0.45,,,
13301,20200620,-93.15,39.87,0.374,0.18,0,0.214,0.393,0.16,0,0.095,0.44,0.08,0,0,0.517,0.03,0,0,0.512,,,,0.383,0.19,0,0.244,0.447,,,
13301,20200621,-93.15,39.87,0.372,0.18,0,0.22,0.388,0.14,0,0.03,0.432,0.04,0,0,0.518,0.02,0,0,0.513,,,,0.38,0.19,0,0.167,0.445,,,
13301,20200622,-93.15,39.87,0.37,0.17,0,0.22,0.383,0.12,0,0.03,0.425,0,0,0,0.519,0.02,0,0,0.515,,,,0.376,0.17,0,0.161,0.442,,,
13301,20200623,-93.15,39.87,0.368,0.17,0,0.22,0.378,0.09,0,0.03,0.417,-0.03,0,0,0.52,0.02,0,0,0.516,,,,0.373,0.16,0,0.161,0.44,,,
13301,20200624,-93.15,39.87,0.366,0.16,0,0.22,0.373,0.07,0,0.03,0.409,-0.07,0,0,0.52,0.02,0,0,0.517,,,,0.37,0.14,0,0.161,0.437,,,
13301,20200625,-93.15,39.87,0.365,0.16,0,0.22,0.369,0.04,0,0.03,0.401,-0.12,0,0,0.521,0.02,0,0,0.518,,,,0.367,0.13,0,0.161,0.435,,,
13301,20200626,-93.15,39.87,0.362,0.15,0,0.22,0.365,0.02,0,0.03,0.393,-0.16,0,0,0.522,0.03,0,0,0.521,,,,0.363,0.11,0,0.161,0.432,,,
13301,20200627,-93.15,39.87,0.346,0.06,0,0.125,0.354,-0.04,0,0,0.382,-0.21,0,0,0.521,0.02,0,0,0.521,,,,0.35,0.03,0,0.065,0.425,,,
13301,20200628,-93.15,39.87,0.328,-0.04,0,0,0.342,-0.11,0,0,0.372,-0.25,0,0,0.521,0.02,0,0,0.521,,,,0.335,-0.05,0,0,0.417,,,
13301,20200629,-93.15,39.87,0.315,-0.11,0,0,0.331,-0.17,0,0,0.362,-0.3,0,0,0.521,0.02,0,0,0.522,,,,0.323,-0.12,0,0,0.41,,,
13301,20200630,-93.15,39.87,0.303,-0.18,0,0,0.32,-0.22,0,0,0.351,-0.35,0,0,0.521,0.02,0,0,0.522,,,,0.312,-0.18,0,0,0.404,,,
13301,20200701,-93.15,39.87,0.294,-0.23,0,0,0.31,-0.28,0,0,0.341,-0.4,0.03,0,0.521,0.02,0,0,0.523,,,,0.302,-0.24,0,0,0.398,,,
13301,20200702,-93.15,39.87,0.296,-0.22,0,0,0.302,-0.32,0,0,0.332,-0.45,0.173,0,0.52,0.02,0,0,0.524,,,,0.299,-0.25,0,0,0.395,,,
13301,20200703,-93.15,39.87,0.298,-0.21,0,0,0.295,-0.36,0,0,0.324,-0.49,0.315,0,0.52,0.01,0,0,0.524,,,,0.296,-0.27,0,0,0.392,,,
13301,20200704,-93.15,39.87,0.299,-0.2,0,0,0.289,-0.39,0.143,0,0.318,-0.52,0.458,0,0.519,0.01,0,0,0.524,,,,0.294,-0.28,0,0,0.39,,,
13301,20200705,-93.15,39.87,0.298,-0.21,0,0,0.284,-0.43,0.286,0,0.312,-0.56,0.601,0,0.519,0.01,0,0,0.525,,,,0.291,-0.3,0.054,0,0.387,,,
13301,20200706,-93.15,39.87,0.295,-0.22,0,0,0.279,-0.46,0.429,0,0.305,-0.6,0.744,0,0.518,0.01,0,0,0.527,,,,0.287,-0.33,0.196,0,0.385,,,
13301,20200707,-93.15,39.87,0.292,-0.23,0.024,0,0.273,-0.5,0.571,0,0.299,-0.64,0.887,0,0.516,0.01,0,0,0.53,,,,0.283,-0.35,0.339,0,0.382,,,
13301,20200708,-93.15,39.87,0.288,-0.24,0.155,0,0.268,-0.53,0.714,0,0.292,-0.68,1,0,0.512,-0.01,0,0,0.531,,,,0.278,-0.38,0.482,0,0.378,,,
13301,20200709,-93.15,39.87,0.274,-0.31,0.298,0,0.261,-0.57,0.857,0,0.285,-0.72,1,0,0.505,-0.05,0,0,0.531,,,,0.267,-0.43,0.625,0,0.371,,,
13301,20200710,-93.15,39.87,0.261,-0.37,0.44,0,0.253,-0.61,1,0,0.278,-0.76,1,0,0.496,-0.09,0,0,0.532,,,,0.257,-0.48,0.768,0,0.364,,,
13301,20200711,-93.15,39.87,0.25,-0.41,0.583,0,0.245,-0.64,1,0,0.27,-0.79,1,0,0.486,-0.13,0,0,0.533,,,,0.248,-0.51,0.911,0,0.357,,,
13301,20200712,-93.15,39.87,0.241,-0.44,0.726,0,0.237,-0.67,1,0,0.262,-0.83,1,0,0.473,-0.19,0.077,0,0.533,,,,0.239,-0.55,1,0,0.349,,,
13301,20200713,-93.15,39.87,0.232,-0.46,0.869,0,0.229,-0.7,1,0,0.254,-0.86,1,0,0.456,-0.27,0.22,0,0.532,,,,0.23,-0.57,1,0,0.341,,,
13301,20200714,-93.15,39.87,0.223,-0.48,0.988,0,0.222,-0.72,1,0,0.246,-0.88,1,0,0.438,-0.36,0.363,0,0.531,,,,0.223,-0.58,1,0,0.332,,,
13301,20200715,-93.15,39.87,0.219,-0.47,0.976,0,0.219,-0.71,0.976,0,0.242,-0.88,0.982,0,0.423,-0.42,0.482,0,0.531,,,,0.219,-0.58,0.976,0,0.327,,,
13301,20200716,-93.15,39.87,0.237,-0.35,0.833,0.119,0.237,-0.58,0.833,0,0.259,-0.78,0.839,0,0.43,-0.39,0.482,0,0.529,,,,0.237,-0.46,0.833,0.03,0.338,,,
13301,20200717,-93.15,39.87,0.252,-0.25,0.69,0.119,0.252,-0.47,0.69,0,0.274,-0.68,0.696,0,0.435,-0.36,0.482,0,0.527,,,,0.252,-0.35,0.69,0.03,0.348,,,
13301,20200718,-93.15,39.87,0.265,-0.16,0.548,0.119,0.264,-0.38,0.548,0,0.288,-0.59,0.554,0,0.44,-0.34,0.482,0,0.525,,,,0.264,-0.26,0.548,0.03,0.356,,,
13301,20200719,-93.15,39.87,0.274,-0.09,0.405,0.119,0.273,-0.31,0.405,0,0.299,-0.51,0.411,0,0.444,-0.32,0.405,0,0.524,,,,0.274,-0.19,0.405,0.03,0.363,,,
13301,20200720,-93.15,39.87,0.282,-0.04,0.262,0.119,0.281,-0.25,0.262,0,0.309,-0.44,0.268,0,0.45,-0.29,0.262,0,0.522,,,,0.281,-0.14,0.262,0.03,0.368,,,
13301,20200721,-93.15,39.87,0.3,0.07,0.119,0.137,0.291,-0.17,0.119,0.012,0.319,-0.37,0.125,0,0.458,-0.25,0.119,0,0.519,,,,0.296,-0.05,0.119,0.042,0.378,,,
13301,20200722,-93.15,39.87,0.33,0.23,0,0.28,0.317,-0.01,0,0.155,0.349,-0.2,0,0.071,0.473,-0.18,0,0,0.516,,,,0.324,0.12,0,0.185,0.397,,,
13301,20200723,-93.15,39.87,0.333,0.24,0,0.304,0.319,0.01,0,0.202,0.355,-0.16,0,0.071,0.468,-0.2,0,0,0.515,,,,0.326,0.14,0,0.298,0.398,,,
13301,20200724,-93.15,39.87,0.336,0.26,0,0.417,0.324,0.05,0,0.202,0.363,-0.11,0,0.071,0.467,-0.2,0,0,0.515,,,,0.33,0.17,0,0.357,0.401,,,
13301,20200725,-93.15,39.87,0.34,0.29,0,0.417,0.329,0.1,0,0.202,0.372,-0.05,0,0.071,0.466,-0.2,0,0,0.515,,,,0.335,0.21,0,0.357,0.404,,,
13301,20200726,-93.15,39.87,0.344,0.31,0,0.417,0.336,0.15,0,0.202,0.383,0.02,0,0.071,0.467,-0.18,0,0,0.514,,,,0.34,0.24,0,0.357,0.409,,,
13301,20200727,-93.15,39.87,0.348,0.33,0,0.417,0.343,0.2,0,0.202,0.394,0.08,0,0.071,0.469,-0.16,0,0,0.513,,,,0.346,0.28,0,0.357,0.414,,,
13301,20200728,-93.15,39.87,0.341,0.3,0,0.399,0.347,0.24,0,0.19,0.404,0.15,0,0.071,0.471,-0.14,0,0,0.514,,,,0.344,0.28,0,0.345,0.416,,,
13301,20200729,-93.15,39.87,0.321,0.2,0,0.256,0.331,0.16,0,0.048,0.391,0.09,0,0,0.464,-0.16,0,0,0.516,,,,0.326,0.19,0,0.202,0.405,,,
13301,20200730,-93.15,39.87,0.316,0.18,0,0.19,0.321,0.12,0,0.006,0.381,0.06,0,0,0.458,-0.17,0,0,0.518,,,,0.318,0.16,0,0.131,0.399,,,
13301,20200731,-93.15,39.87,0.326,0.25,0,0.22,0.324,0.16,0,0.149,0.38,0.07,0,0.06,0.454,-0.18,0,0,0.518,,,,0.325,0.22,0,0.214,0.401,,,
13301,20200801,-93.15,39.87,0.336,0.32,0,0.363,0.328,0.21,0,0.292,0.382,0.09,0,0.179,0.45,-0.18,0,0,0.519,,,,0.332,0.28,0,0.357,0.403,,,
13301,20200802,-93.15,39.87,0.345,0.37,0,0.506,0.332,0.24,0,0.429,0.383,0.12,0,0.179,0.447,-0.18,0,0,0.52,,,,0.339,0.33,0,0.5,0.406,,,
13301,20200803,-93.15,39.87,0.354,0.43,0,0.643,0.336,0.28,0,0.429,0.385,0.14,0,0.179,0.445,-0.17,0,0,0.52,,,,0.345,0.38,0,0.637,0.408,,,
13301,20200804,-93.15,39.87,0.359,0.47,0,0.661,0.339,0.3,0,0.429,0.386,0.16,0,0.179,0.443,-0.18,0,0,0.52,,,,0.349,0.41,0,0.637,0.409,,,
13301,20200805,-93.15,39.87,0.363,0.5,0,0.661,0.342,0.32,0,0.429,0.387,0.17,0,0.179,0.44,-0.18,0,0,0.519,,,,0.352,0.44,0,0.637,0.41,,,
13301,20200806,-93.15,39.87,0.354,0.46,0,0.583,0.34,0.31,0,0.423,0.387,0.18,0,0.179,0.438,-0.19,0,0,0.519,,,,0.347,0.42,0,0.565,0.407,,,
13301,20200807,-93.15,39.87,0.331,0.34,0,0.44,0.325,0.22,0,0.28,0.377,0.13,0,0.119,0.433,-0.21,0,0,0.518,,,,0.328,0.31,0,0.423,0.397,,,
13301,20200808,-93.15,39.87,0.314,0.25,0,0.333,0.309,0.12,0,0.137,0.364,0.06,0,0,0.428,-0.22,0,0,0.518,,,,0.312,0.21,0,0.28,0.387,,,
13301,20200809,-93.15,39.87,0.309,0.23,0,0.262,0.297,0.04,0,0,0.353,-0.01,0,0,0.423,-0.24,0,0,0.518,,,,0.303,0.16,0,0.137,0.38,,,
13301,20200810,-93.15,39.87,0.301,0.2,0,0.125,0.286,-0.03,0,0,0.342,-0.07,0,0,0.418,-0.26,0,0,0.518,,,,0.294,0.11,0,0,0.373,,,
13301,20200811,-93.15,39.87,0.295,0.18,0,0.107,0.276,-0.08,0,0,0.332,-0.12,0,0,0.414,-0.28,0,0,0.519,,,,0.286,0.07,0,0,0.367,,,
13301,20200812,-93.15,39.87,0.291,0.16,0,0.107,0.268,-0.13,0,0,0.324,-0.16,0,0,0.412,-0.29,0,0,0.521,,,,0.28,0.04,0,0,0.363,,,
13301,20200813,-93.15,39.87,0.288,0.16,0,0.107,0.262,-0.17,0,0,0.316,-0.2,0,0,0.41,-0.29,0,0,0.524,,,,0.275,0.01,0,0,0.36,,,
13301,20200814,-93.15,39.87,0.286,0.15,0,0.107,0.257,-0.2,0,0,0.31,-0.23,0,0,0.408,-0.29,0,0,0.526,,,,0.271,-0.01,0,0,0.357,,,
13301,20200815,-93.15,39.87,0.28,0.13,0,0.071,0.252,-0.22,0,0,0.306,-0.25,0,0,0.406,-0.28,0,0,0.529,,,,0.266,-0.04,0,0,0.355,,,
13301,20200816,-93.15,39.87,0.267,0.05,0,0,0.247,-0.26,0,0,0.301,-0.27,0,0,0.404,-0.27,0,0,0.531,,,,0.257,-0.1,0,0,0.35,,,
13301,20200817,-93.15,39.87,0.256,0,0,0,0.241,-0.3,0.065,0,0.295,-0.3,0,0,0.4,-0.25,0,0,0.533,,,,0.249,-0.15,0,0,0.345,,,
13301,20200818,-93.15,39.87,0.247,-0.05,0,0,0.235,-0.33,0.208,0,0.288,-0.34,0.089,0,0.394,-0.23,0,0,0.534,,,,0.241,-0.2,0.089,0,0.34,,,
13301,20200819,-93.15,39.87,0.239,-0.1,0.012,0,0.229,-0.37,0.351,0,0.28,-0.38,0.232,0,0.387,-0.23,0,0,0.534,,,,0.234,-0.25,0.232,0,0.334,,,
13301,20200820,-93.15,39.87,0.231,-0.15,0.095,0,0.223,-0.4,0.494,0,0.273,-0.42,0.375,0,0.379,-0.23,0,0,0.532,,,,0.227,-0.29,0.375,0,0.328,,,
13301,20200821,-93.15,39.87,0.224,-0.18,0.232,0,0.218,-0.43,0.637,0,0.266,-0.45,0.518,0,0.372,-0.25,0,0,0.53,,,,0.221,-0.32,0.518,0,0.322,,,
13301,20200822,-93.15,39.87,0.218,-0.21,0.375,0,0.214,-0.45,0.78,0,0.26,-0.48,0.661,0,0.365,-0.27,0,0,0.528,,,,0.216,-0.35,0.661,0,0.317,,,
13301,20200823,-93.15,39.87,0.214,-0.23,0.518,0,0.21,-0.46,0.923,0,0.254,-0.51,0.804,0,0.359,-0.29,0,0,0.527,,,,0.212,-0.37,0.804,0,0.313,,,
13301,20200824,-93.15,39.87,0.21,-0.25,0.661,0,0.207,-0.46,1,0,0.249,-0.53,0.946,0,0.354,-0.31,0,0,0.524,,,,0.209,-0.38,0.946,0,0.309,,,
13301,20200825,-93.15,39.87,0.207,-0.26,0.798,0,0.205,-0.47,1,0,0.246,-0.55,1,0,0.349,-0.33,0,0,0.521,,,,0.206,-0.39,1,0,0.305,,,
13301,20200826,-93.15,39.87,0.204,-0.27,0.929,0,0.203,-0.47,1,0,0.243,-0.56,1,0,0.346,-0.34,0,0,0.518,,,,0.203,-0.39,1,0,0.303,,,
13301,20200827,-93.15,39.87,0.201,-0.27,0.988,0,0.201,-0.47,1,0,0.24,-0.57,1,0,0.343,-0.37,0.012,0,0.517,,,,0.201,-0.39,1,0,0.3,,,
13301,20200828,-93.15,39.87,0.199,-0.27,0.994,0,0.2,-0.47,1,0,0.238,-0.58,1,0,0.34,-0.4,0.107,0,0.515,,,,0.199,-0.39,1,0,0.298,,,
13301,20200829,-93.15,39.87,0.197,-0.28,0.994,0,0.198,-0.48,1,0,0.235,-0.59,1,0,0.338,-0.43,0.238,0,0.515,,,,0.198,-0.39,1,0,0.297,,,
13301,20200830,-93.15,39.87,0.195,-0.28,0.994,0,0.196,-0.48,1,0,0.233,-0.61,1,0,0.336,-0.46,0.381,0,0.514,,,,0.196,-0.39,1,0,0.295,,,
13301,20200831,-93.15,39.87,0.193,-0.29,0.994,0,0.195,-0.5,1,0,0.23,-0.62,1,0,0.334,-0.5,0.524,0,0.514,,,,0.194,-0.4,1,0,0.293,,,
13301,20200901,-93.15,39.87,0.191,-0.3,0.988,0,0.193,-0.51,1,0,0.227,-0.63,1,0,0.335,-0.53,0.655,0,0.513,,,,0.192,-0.4,1,0,0.292,,,
13301,20200902,-93.15,39.87,0.194,-0.27,0.845,0,0.196,-0.49,0.917,0,0.233,-0.6,0.917,0,0.338,-0.54,0.673,0,0.512,,,,0.195,-0.38,0.917,0,0.295,,,
13301,20200903,-93.15,39.87,0.199,-0.23,0.702,0,0.2,-0.47,0.774,0,0.243,-0.54,0.774,0,0.342,-0.55,0.673,0,0.512,,,,0.199,-0.34,0.774,0,0.299,,,
13301,20200904,-93.15,39.87,0.202,-0.2,0.56,0,0.202,-0.45,0.696,0,0.251,-0.49,0.631,0,0.345,-0.54,0.577,0,0.512,,,,0.202,-0.32,0.631,0,0.302,,,
13301,20200905,-93.15,39.87,0.205,-0.18,0.417,0,0.203,-0.44,0.696,0,0.258,-0.45,0.536,0,0.347,-0.54,0.458,0,0.511,,,,0.204,-0.3,0.488,0,0.304,,,
13301,20200906,-93.15,39.87,0.207,-0.16,0.274,0,0.204,-0.43,0.696,0,0.263,-0.42,0.536,0,0.349,-0.53,0.315,0,0.509,,,,0.205,-0.28,0.345,0,0.306,,,
13301,20200907,-93.15,39.87,0.209,-0.14,0.131,0,0.204,-0.42,0.696,0,0.268,-0.38,0.536,0,0.352,-0.51,0.173,0,0.509,,,,0.206,-0.27,0.208,0,0.308,,,
13301,20200908,-93.15,39.87,0.21,-0.12,0,0,0.204,-0.4,0.696,0,0.272,-0.34,0.536,0,0.352,-0.51,0.042,0,0.509,,,,0.207,-0.25,0.173,0,0.309,,,
13301,20200909,-93.15,39.87,0.207,-0.14,0.06,0,0.2,-0.42,0.768,0,0.267,-0.36,0.619,0,0.352,-0.51,0.024,0,0.507,,,,0.203,-0.27,0.238,0,0.307,,,
13301,20200910,-93.15,39.87,0.212,-0.1,0.06,0,0.203,-0.38,0.768,0,0.265,-0.36,0.637,0.012,0.354,-0.5,0.012,0,0.505,,,,0.207,-0.24,0.238,0,0.308,,,
13301,20200911,-93.15,39.87,0.235,0.06,0.06,0.143,0.23,-0.21,0.702,0.137,0.29,-0.21,0.637,0.155,0.38,-0.39,0.012,0.095,0.506,,,,0.233,-0.08,0.238,0.143,0.328,,,
13301,20200912,-93.15,39.87,0.26,0.23,0.06,0.286,0.258,-0.04,0.56,0.28,0.316,-0.05,0.589,0.298,0.407,-0.27,0,0.185,0.506,,,,0.259,0.09,0.238,0.286,0.349,,,
13301,20200913,-93.15,39.87,0.286,0.4,0.06,0.429,0.286,0.13,0.417,0.423,0.344,0.11,0.446,0.44,0.434,-0.16,0,0.274,0.506,,,,0.286,0.26,0.238,0.429,0.371,,,
13301,20200914,-93.15,39.87,0.311,0.57,0.06,0.571,0.314,0.3,0.274,0.565,0.372,0.28,0.304,0.583,0.461,-0.05,0,0.399,0.506,,,,0.313,0.42,0.232,0.571,0.393,,,
13301,20200915,-93.15,39.87,0.335,0.73,0.06,0.714,0.341,0.46,0.131,0.708,0.399,0.43,0.161,0.726,0.49,0.07,0,0.536,0.507,,,,0.338,0.58,0.125,0.714,0.414,,,
13301,20200916,-93.15,39.87,0.357,0.88,0,0.857,0.366,0.61,0,0.851,0.425,0.58,0.018,0.869,0.516,0.18,0,0.679,0.508,,,,0.362,0.72,0,0.857,0.435,,,
13301,20200917,-93.15,39.87,0.369,0.95,0,1,0.383,0.71,0,0.994,0.445,0.69,0,1,0.54,0.28,0,0.821,0.509,,,,0.376,0.81,0,1,0.449,,,
13301,20200918,-93.15,39.87,0.36,0.9,0,1,0.376,0.67,0,1,0.438,0.66,0,1,0.539,0.28,0,0.845,0.508,,,,0.368,0.77,0,1,0.444,,,
13301,20200919,-93.15,39.87,0.349,0.83,0,1,0.369,0.64,0,1,0.432,0.63,0,1,0.536,0.27,0,0.756,0.508,,,,0.359,0.72,0,1,0.439,,,
13301,20200920,-93.15,39.87,0.336,0.75,0,0.976,0.361,0.59,0,1,0.424,0.59,0,1,0.532,0.25,0,0.667,0.507,,,,0.349,0.65,0,1,0.432,,,
13301,20200921,-93.15,39.87,0.323,0.66,0,0.881,0.352,0.55,0,0.905,0.416,0.55,0,1,0.528,0.24,0,0.542,0.507,,,,0.337,0.59,0,0.911,0.425,,,
13301,20200922,-93.15,39.87,0.309,0.57,0,0.738,0.344,0.51,0,0.762,0.409,0.52,0,0.881,0.523,0.21,0,0.405,0.507,,,,0.327,0.53,0,0.768,0.419,,,
13301,20200923,-93.15,39.87,0.296,0.48,0,0.595,0.336,0.46,0,0.619,0.403,0.48,0,0.738,0.517,0.19,0,0.262,0.507,,,,0.316,0.47,0,0.625,0.412,,,
13301,20200924,-93.15,39.87,0.283,0.39,0,0.452,0.328,0.41,0,0.476,0.397,0.44,0,0.595,0.512,0.17,0,0.119,0.507,,,,0.306,0.4,0,0.482,0.405,,,
13301,20200925,-93.15,39.87,0.272,0.31,0,0.31,0.32,0.36,0,0.333,0.391,0.4,0,0.452,0.507,0.15,0,0,0.506,,,,0.296,0.34,0,0.339,0.399,,,
13301,20200926,-93.15,39.87,0.261,0.24,0,0.167,0.311,0.31,0,0.19,0.385,0.36,0,0.31,0.504,0.13,0,0,0.507,,,,0.286,0.28,0,0.196,0.393,,,
13301,20200927,-93.15,39.87,0.251,0.17,0,0.048,0.302,0.26,0,0.048,0.378,0.32,0,0.167,0.502,0.13,0,0,0.507,,,,0.277,0.22,0,0.054,0.388,,,
13301,20200928,-93.15,39.87,0.257,0.2,0,0.083,0.302,0.25,0,0.077,0.372,0.28,0,0.024,0.501,0.13,0,0,0.507,,,,0.279,0.23,0,0.083,0.388,,,
13301,20200929,-93.15,39.87,0.27,0.26,0,0.226,0.305,0.26,0,0.083,0.368,0.25,0,0,0.5,0.13,0,0,0.507,,,,0.287,0.27,0,0.226,0.39,,,
13301,20200930,-93.15,39.87,0.281,0.32,0,0.369,0.307,0.27,0,0.083,0.364,0.23,0,0,0.498,0.14,0,0,0.507,,,,0.294,0.3,0,0.333,0.392,,,
13301,20201001,-93.15,39.87,0.289,0.36,0,0.423,0.308,0.27,0,0.083,0.36,0.21,0,0,0.497,0.15,0,0,0.507,,,,0.299,0.32,0,0.333,0.392,,,
13301,20201002,-93.15,39.87,0.296,0.4,0,0.423,0.309,0.27,0,0.083,0.357,0.19,0,0,0.495,0.16,0,0,0.507,,,,0.302,0.34,0,0.333,0.393,,,
13301,20201003,-93.15,39.87,0.301,0.43,0,0.423,0.31,0.28,0,0.083,0.354,0.18,0,0,0.493,0.18,0,0,0.507,,,,0.305,0.36,0,0.333,0.393,,,
13301,20201004,-93.15,39.87,0.307,0.46,0,0.423,0.311,0.28,0,0.083,0.352,0.17,0,0,0.491,0.19,0,0,0.505,,,,0.309,0.37,0,0.333,0.393,,,
13301,20201005,-93.15,39.87,0.298,0.4,0,0.339,0.305,0.25,0,0.006,0.349,0.15,0,0,0.489,0.21,0,0.018,0.504,,,,0.301,0.33,0,0.25,0.389,,,
13301,20201006,-93.15,39.87,0.281,0.3,0,0.196,0.296,0.2,0,0,0.344,0.13,0,0,0.486,0.22,0,0.054,0.503,,,,0.289,0.25,0,0.107,0.382,,,
13301,20201007,-93.15,39.87,0.267,0.22,0,0.054,0.288,0.15,0,0,0.34,0.11,0,0,0.484,0.23,0,0.071,0.502,,,,0.277,0.18,0,0,0.376,,,
13301,20201008,-93.15,39.87,0.256,0.15,0,0,0.28,0.11,0,0,0.336,0.09,0,0,0.482,0.24,0,0.071,0.501,,,,0.268,0.13,0,0,0.371,,,
13301,20201009,-93.15,39.87,0.246,0.1,0,0,0.273,0.08,0,0,0.332,0.07,0,0,0.48,0.25,0,0.071,0.499,,,,0.26,0.08,0,0,0.366,,,
13301,20201010,-93.15,39.87,0.238,0.05,0,0,0.267,0.04,0,0,0.328,0.05,0,0,0.478,0.26,0,0.083,0.499,,,,0.253,0.04,0,0,0.362,,,
13301,20201011,-93.15,39.87,0.231,0,0,0,0.26,0.01,0,0,0.324,0.03,0,0,0.477,0.27,0,0.083,0.498,,,,0.246,0,0,0,0.358,,,
13301,20201012,-93.15,39.87,0.224,-0.04,0,0,0.253,-0.03,0,0,0.32,0.01,0,0,0.476,0.27,0,0.065,0.498,,,,0.239,-0.04,0,0,0.354,,,
13301,20201013,-93.15,39.87,0.218,-0.09,0,0,0.247,-0.07,0,0,0.316,-0.02,0,0,0.475,0.27,0,0.03,0.497,,,,0.232,-0.08,0,0,0.35,,,
13301,20201014,-93.15,39.87,0.213,-0.13,0,0,0.24,-0.11,0,0,0.311,-0.04,0,0,0.474,0.27,0,0.012,0.497,,,,0.226,-0.12,0,0,0.347,,,
13301,20201015,-93.15,39.87,0.209,-0.17,0,0,0.233,-0.15,0,0,0.305,-0.07,0,0,0.472,0.27,0,0.012,0.497,,,,0.221,-0.16,0,0,0.343,,,
13301,20201016,-93.15,39.87,0.205,-0.21,0.006,0,0.227,-0.19,0,0,0.3,-0.09,0,0,0.469,0.27,0,0.012,0.497,,,,0.216,-0.2,0,0,0.34,,,
13301,20201017,-93.15,39.87,0.202,-0.25,0.077,0,0.221,-0.24,0,0,0.294,-0.12,0,0,0.466,0.26,0,0,0.496,,,,0.211,-0.25,0,0,0.336,,,
13301,20201018,-93.15,39.87,0.198,-0.29,0.22,0,0.214,-0.29,0.119,0,0.288,-0.15,0,0,0.462,0.25,0,0,0.495,,,,0.206,-0.29,0,0,0.332,,,
13301,20201019,-93.15,39.87,0.195,-0.33,0.363,0,0.209,-0.35,0.262,0,0.282,-0.19,0,0,0.458,0.24,0,0,0.494,,,,0.202,-0.33,0.131,0,0.327,,,
13301,20201020,-93.15,39.87,0.192,-0.37,0.506,0,0.204,-0.4,0.405,0,0.276,-0.22,0,0,0.453,0.22,0,0,0.493,,,,0.198,-0.38,0.274,0,0.324,,,
13301,20201021,-93.15,39.87,0.191,-0.4,0.649,0,0.2,-0.46,0.548,0,0.272,-0.26,0,0,0.449,0.21,0,0,0.491,,,,0.195,-0.42,0.417,0,0.321,,,
13301,20201022,-93.15,39.87,0.19,-0.44,0.792,0,0.197,-0.51,0.69,0,0.268,-0.3,0,0,0.445,0.19,0,0,0.49,,,,0.194,-0.47,0.56,0,0.318,,,
13301,20201023,-93.15,39.87,0.191,-0.46,0.917,0,0.196,-0.56,0.833,0,0.265,-0.35,0.03,0,0.441,0.18,0,0,0.488,,,,0.193,-0.51,0.69,0,0.316,,,
13301,20201024,-93.15,39.87,0.205,-0.41,0.845,0,0.197,-0.59,0.976,0,0.264,-0.39,0.077,0,0.438,0.16,0,0,0.487,,,,0.201,-0.51,0.69,0,0.318,,,
13301,20201025,-93.15,39.87,0.216,-0.38,0.702,0,0.198,-0.61,1,0,0.264,-0.43,0.22,0,0.436,0.15,0,0,0.487,,,,0.207,-0.51,0.798,0,0.32,,,
13301,20201026,-93.15,39.87,0.226,-0.35,0.56,0,0.2,-0.64,1,0,0.263,-0.47,0.363,0,0.434,0.14,0,0,0.486,,,,0.213,-0.52,0.81,0,0.322,,,
13301,20201027,-93.15,39.87,0.235,-0.33,0.417,0,0.201,-0.66,1,0,0.263,-0.51,0.506,0,0.432,0.13,0,0,0.485,,,,0.218,-0.53,0.81,0,0.323,,,
13301,20201028,-93.15,39.87,0.244,-0.3,0.286,0,0.202,-0.68,1,0,0.263,-0.55,0.649,0,0.43,0.12,0,0,0.485,,,,0.223,-0.53,0.81,0,0.325,,,
13301,20201029,-93.15,39.87,0.251,-0.27,0.268,0,0.204,-0.71,1,0,0.262,-0.59,0.792,0,0.429,0.1,0,0,0.484,,,,0.227,-0.54,0.81,0,0.326,,,
13301,20201030,-93.15,39.87,0.256,-0.26,0.28,0,0.204,-0.76,1,0,0.262,-0.63,0.905,0,0.427,0.08,0,0,0.483,,,,0.23,-0.55,0.821,0,0.327,,,
13301,20201031,-93.15,39.87,0.249,-0.32,0.423,0,0.203,-0.83,1,0,0.26,-0.68,1,0,0.425,0.06,0,0,0.482,,,,0.226,-0.61,0.964,0,0.324,,,
13301,20201101,-93.15,39.87,0.243,-0.38,0.565,0,0.202,-0.9,1,0,0.259,-0.73,1,0,0.423,0.03,0,0,0.48,,,,0.222,-0.66,1,0,0.321,,,
13301,20201102,-93.15,39.87,0.237,-0.44,0.708,0,0.201,-0.98,1,0,0.258,-0.78,1,0,0.42,0,0,0,0.479,,,,0.219,-0.72,1,0,0.319,,,
13301,20201103,-93.15,39.87,0.232,-0.5,0.851,0,0.2,-1.06,1,0,0.257,-0.84,1,0,0.416,-0.03,0,0,0.477,,,,0.216,-0.78,1,0,0.316,,,
13301,20201104,-93.15,39.87,0.227,-0.57,0.982,0,0.199,-1.14,1,0,0.256,-0.89,1,0,0.412,-0.06,0,0,0.475,,,,0.213,-0.85,1,0,0.314,,,
13301,20201105,-93.15,39.87,0.221,-0.63,1,0,0.198,-1.23,1,0,0.256,-0.94,1,0,0.408,-0.1,0,0,0.474,,,,0.21,-0.91,1,0,0.311,,,
13301,20201106,-93.15,39.87,0.215,-0.69,1,0,0.197,-1.3,1,0,0.255,-0.98,1,0,0.404,-0.13,0,0,0.472,,,,0.206,-0.98,1,0,0.309,,,
13301,20201107,-93.15,39.87,0.21,-0.75,1,0,0.197,-1.37,1,0,0.255,-1.03,1,0,0.4,-0.15,0,0,0.471,,,,0.203,-1.04,1,0,0.306,,,
13301,20201108,-93.15,39.87,0.205,-0.81,1,0,0.196,-1.44,1,0,0.254,-1.07,1,0,0.396,-0.18,0,0,0.47,,,,0.2,-1.1,1,0,0.304,,,
13301,20201109,-93.15,39.87,0.201,-0.86,1,0,0.196,-1.52,1,0,0.254,-1.12,1,0,0.393,-0.2,0,0,0.47,,,,0.198,-1.16,1,0,0.303,,,
13301,20201110,-93.15,39.87,0.198,-0.89,1,0,0.195,-1.59,1,0,0.254,-1.16,1,0,0.39,-0.22,0.071,0,0.47,,,,0.196,-1.21,1,0,0.301,,,
13301,20201111,-93.15,39.87,0.201,-0.87,0.994,0,0.201,-1.57,1,0,0.257,-1.18,1,0,0.389,-0.23,0.083,0,0.469,,,,0.201,-1.18,1,0,0.304,,,
13301,20201112,-93.15,39.87,0.204,-0.85,0.994,0,0.206,-1.56,1,0,0.26,-1.21,1,0,0.389,-0.23,0.083,0,0.469,,,,0.205,-1.16,1,0,0.306,,,
13301,20201113,-93.15,39.87,0.207,-0.83,0.994,0,0.21,-1.56,1,0,0.261,-1.24,1,0,0.389,-0.23,0.083,0,0.469,,,,0.209,-1.14,1,0,0.307,,,
13301,20201114,-93.15,39.87,0.21,-0.8,0.988,0,0.214,-1.55,1,0,0.262,-1.28,1,0,0.389,-0.24,0.107,0,0.469,,,,0.212,-1.12,1,0,0.309,,,
13301,20201115,-93.15,39.87,0.222,-0.7,0.893,0,0.226,-1.41,1,0,0.263,-1.31,1,0,0.391,-0.23,0.107,0,0.469,,,,0.224,-0.99,0.946,0,0.314,,,
13301,20201116,-93.15,39.87,0.234,-0.59,0.75,0,0.237,-1.26,1,0,0.264,-1.33,1,0,0.394,-0.22,0.107,0,0.469,,,,0.236,-0.86,0.946,0,0.32,,,
13301,20201117,-93.15,39.87,0.244,-0.49,0.649,0,0.248,-1.12,1,0,0.265,-1.34,1,0,0.396,-0.22,0.048,0,0.469,,,,0.246,-0.74,0.946,0,0.324,,,
13301,20201118,-93.15,39.87,0.248,-0.46,0.655,0,0.252,-1.06,1,0,0.263,-1.38,1,0,0.396,-0.22,0.113,0,0.467,,,,0.25,-0.7,0.946,0,0.325,,,
13301,20201119,-93.15,39.87,0.25,-0.44,0.655,0,0.255,-1.01,1,0,0.261,-1.41,1,0,0.395,-0.23,0.232,0,0.467,,,,0.253,-0.66,0.946,0,0.326,,,
13301,20201120,-93.15,39.87,0.253,-0.41,0.655,0,0.259,-0.96,1,0,0.26,-1.42,1,0,0.394,-0.24,0.369,0,0.465,,,,0.256,-0.61,0.946,0,0.326,,,
13301,20201121,-93.15,39.87,0.255,-0.4,0.661,0,0.263,-0.9,1,0,0.26,-1.41,1,0,0.393,-0.24,0.488,0,0.464,,,,0.259,-0.58,0.946,0,0.327,,,
13301,20201122,-93.15,39.87,0.249,-0.46,0.756,0,0.258,-0.97,1,0,0.259,-1.4,1,0,0.39,-0.25,0.613,0,0.463,,,,0.253,-0.63,1,0,0.324,,,
13301,20201123,-93.15,39.87,0.243,-0.51,0.899,0,0.252,-1.03,1,0,0.258,-1.39,1,0,0.388,-0.26,0.673,0,0.462,,,,0.248,-0.69,1,0,0.321,,,
13301,20201124,-93.15,39.87,0.242,-0.53,0.964,0,0.249,-1.06,1,0,0.257,-1.38,1,0,0.385,-0.26,0.702,0,0.461,,,,0.246,-0.7,0.97,0,0.319,,,
13301,20201125,-93.15,39.87,0.26,-0.38,0.821,0.137,0.257,-0.94,0.905,0,0.258,-1.35,1,0,0.385,-0.25,0.631,0,0.462,,,,0.258,-0.57,0.827,0.054,0.324,,,
13301,20201126,-93.15,39.87,0.279,-0.23,0.679,0.28,0.269,-0.77,0.762,0,0.261,-1.3,1,0,0.386,-0.23,0.512,0,0.462,,,,0.274,-0.4,0.685,0.167,0.331,,,
13301,20201127,-93.15,39.87,0.297,-0.09,0.536,0.375,0.28,-0.61,0.619,0,0.265,-1.24,1,0,0.386,-0.21,0.375,0,0.462,,,,0.288,-0.25,0.542,0.167,0.338,,,
13301,20201128,-93.15,39.87,0.314,0.04,0.393,0.375,0.291,-0.45,0.476,0,0.269,-1.19,1,0,0.387,-0.19,0.232,0,0.463,,,,0.302,-0.11,0.399,0.167,0.345,,,
13301,20201129,-93.15,39.87,0.33,0.16,0.25,0.375,0.301,-0.3,0.333,0,0.273,-1.14,1,0,0.387,-0.17,0.107,0,0.464,,,,0.315,0.02,0.256,0.167,0.351,,,
13301,20201130,-93.15,39.87,0.344,0.27,0.107,0.375,0.311,-0.16,0.19,0,0.277,-1.07,1,0,0.388,-0.15,0.048,0,0.464,,,,0.328,0.14,0.113,0.167,0.357,,,
13301,20201201,-93.15,39.87,0.355,0.34,0,0.375,0.32,-0.04,0.048,0,0.282,-1,1,0,0.389,-0.13,0.006,0,0.466,,,,0.337,0.23,0,0.167,0.362,,,
13301,20201202,-93.15,39.87,0.347,0.25,0,0.238,0.318,-0.06,0,0,0.284,-0.95,1,0,0.388,-0.12,0,0,0.468,,,,0.333,0.17,0,0.113,0.361,,,
13301,20201203,-93.15,39.87,0.339,0.16,0,0.095,0.313,-0.12,0,0,0.285,-0.92,1,0,0.387,-0.11,0,0,0.469,,,,0.326,0.08,0,0,0.359,,,
13301,20201204,-93.15,39.87,0.333,0.09,0,0,0.309,-0.16,0,0,0.285,-0.89,1,0,0.386,-0.11,0,0,0.469,,,,0.321,0.02,0,0,0.357,,,
13301,20201205,-93.15,39.87,0.328,0.03,0,0,0.306,-0.19,0.03,0,0.285,-0.86,1,0,0.385,-0.11,0,0,0.469,,,,0.317,-0.04,0,0,0.355,,,
13301,20201206,-93.15,39.87,0.324,-0.02,0,0,0.304,-0.22,0.173,0,0.285,-0.85,1,0,0.383,-0.11,0,0,0.468,,,,0.314,-0.09,0,0,0.353,,,
13301,20201207,-93.15,39.87,0.32,-0.08,0,0,0.303,-0.25,0.315,0,0.285,-0.84,1,0,0.382,-0.12,0,0,0.468,,,,0.311,-0.14,0,0,0.351,,,
13301,20201208,-93.15,39.87,0.317,-0.12,0,0,0.301,-0.27,0.458,0,0.285,-0.83,1,0,0.38,-0.13,0,0,0.466,,,,0.309,-0.18,0.036,0,0.35,,,
13301,20201209,-93.15,39.87,0.315,-0.17,0,0,0.3,-0.29,0.601,0,0.286,-0.82,1,0,0.378,-0.14,0,0,0.464,,,,0.307,-0.22,0.137,0,0.348,,,
13301,20201210,-93.15,39.87,0.312,-0.21,0,0,0.299,-0.31,0.744,0,0.286,-0.81,1,0,0.376,-0.15,0,0,0.462,,,,0.305,-0.26,0.28,0,0.347,,,
13301,20201211,-93.15,39.87,0.309,-0.25,0.018,0,0.298,-0.32,0.887,0,0.287,-0.81,1,0,0.375,-0.17,0.018,0,0.462,,,,0.303,-0.29,0.423,0,0.346,,,
13301,20201212,-93.15,39.87,0.318,-0.2,0.018,0,0.305,-0.28,0.887,0,0.297,-0.74,0.905,0,0.375,-0.19,0.083,0,0.461,,,,0.311,-0.25,0.44,0,0.351,,,
13301,20201213,-93.15,39.87,0.328,-0.15,0.018,0,0.314,-0.21,0.744,0,0.312,-0.64,0.762,0,0.375,-0.22,0.196,0,0.461,,,,0.321,-0.2,0.44,0,0.358,,,
13301,20201214,-93.15,39.87,0.336,-0.1,0.018,0,0.321,-0.16,0.601,0,0.326,-0.54,0.619,0,0.376,-0.24,0.327,0,0.461,,,,0.329,-0.15,0.44,0,0.364,,,
13301,20201215,-93.15,39.87,0.344,-0.05,0.018,0,0.329,-0.11,0.458,0,0.34,-0.44,0.476,0,0.377,-0.26,0.47,0,0.462,,,,0.336,-0.11,0.405,0,0.37,,,
13301,20201216,-93.15,39.87,0.351,-0.01,0.018,0,0.335,-0.06,0.315,0,0.354,-0.36,0.333,0,0.377,-0.29,0.613,0,0.462,,,,0.343,-0.07,0.304,0,0.376,,,
13301,20201217,-93.15,39.87,0.358,0.03,0.018,0,0.342,-0.02,0.173,0,0.367,-0.27,0.19,0,0.377,-0.31,0.756,0,0.463,,,,0.35,-0.03,0.161,0,0.381,,,
13301,20201218,-93.15,39.87,0.365,0.07,0,0,0.348,0.01,0.03,0,0.38,-0.19,0.048,0,0.378,-0.33,0.881,0,0.463,,,,0.357,0,0.018,0,0.387,,,
13301,20201219,-93.15,39.87,0.361,0.02,0,0,0.346,-0.02,0,0,0.383,-0.17,0,0,0.377,-0.35,0.958,0,0.464,,,,0.354,-0.03,0,0,0.386,,,
13301,20201220,-93.15,39.87,0.356,-0.03,0,0,0.343,-0.07,0,0,0.381,-0.19,0,0,0.376,-0.37,0.988,0,0.464,,,,0.349,-0.07,0,0,0.384,,,
13301,20201221,-93.15,39.87,0.352,-0.07,0,0,0.34,-0.1,0,0,0.379,-0.2,0,0,0.375,-0.4,1,0,0.463,,,,0.346,-0.11,0,0,0.382,,,
13301,20201222,-93.15,39.87,0.35,-0.11,0,0,0.338,-0.14,0,0,0.378,-0.21,0,0,0.374,-0.42,1,0,0.461,,,,0.344,-0.14,0,0,0.38,,,
13301,20201223,-93.15,39.87,0.347,-0.14,0,0,0.337,-0.16,0,0,0.377,-0.23,0,0,0.372,-0.45,1,0,0.46,,,,0.342,-0.17,0,0,0.379,,,
13301,20201224,-93.15,39.87,0.344,-0.18,0.065,0,0.336,-0.18,0,0,0.376,-0.24,0,0,0.371,-0.48,1,0,0.459,,,,0.34,-0.2,0.065,0,0.377,,,
13301,20201225,-93.15,39.87,0.341,-0.22,0.208,0,0.335,-0.21,0,0,0.375,-0.26,0.036,0,0.37,-0.51,1,0,0.458,,,,0.338,-0.23,0.208,0,0.376,,,
13301,20201226,-93.15,39.87,0.333,-0.3,0.339,0,0.333,-0.23,0.06,0,0.374,-0.27,0.173,0,0.37,-0.54,1,0,0.457,,,,0.333,-0.28,0.339,0,0.373,,,
13301,20201227,-93.15,39.87,0.328,-0.35,0.426,0,0.332,-0.25,0.202,0,0.373,-0.3,0.315,0,0.37,-0.56,1,0,0.457,,,,0.33,-0.31,0.426,0,0.372,,,
13301,20201228,-93.15,39.87,0.321,-0.42,0.588,0,0.33,-0.27,0.345,0,0.372,-0.32,0.458,0,0.369,-0.58,1,0,0.457,,,,0.326,-0.36,0.588,0,0.37,,,
13301,20201229,-93.15,39.87,0.317,-0.47,0.75,0,0.329,-0.29,0.488,0,0.371,-0.34,0.601,0,0.369,-0.6,1,0,0.457,,,,0.323,-0.4,0.75,0,0.369,,,
13301,20201230,-93.15,39.87,0.317,-0.48,0.845,0,0.331,-0.29,0.571,0,0.372,-0.35,0.696,0,0.371,-0.59,1,0,0.456,,,,0.324,-0.41,0.845,0,0.37,,,
13301,20201231,-93.15,39.87,0.325,-0.43,0.77,0,0.336,-0.26,0.571,0,0.376,-0.33,0.696,0,0.379,-0.56,0.923,0,0.456,,,,0.331,-0.37,0.77,0,0.375,,,
13301,20210101,-93.15,39.87,0.332,-0.39,0.608,0,0.341,-0.23,0.571,0,0.38,-0.31,0.661,0,0.388,-0.51,0.78,0,0.455,,,,0.338,-0.32,0.608,0,0.381,,,
13301,20210102,-93.15,39.87,0.346,-0.28,0.457,0,0.347,-0.2,0.512,0,0.386,-0.28,0.524,0,0.397,-0.46,0.637,0,0.454,,,,0.348,-0.25,0.457,0,0.387,,,
13301,20210103,-93.15,39.87,0.353,-0.23,0.369,0,0.352,-0.17,0.369,0,0.391,-0.26,0.381,0,0.406,-0.42,0.5,0,0.453,,,,0.353,-0.22,0.369,0,0.391,,,
13301,20210104,-93.15,39.87,0.363,-0.16,0.226,0,0.357,-0.14,0.226,0,0.396,-0.23,0.238,0,0.414,-0.37,0.363,0,0.452,,,,0.36,-0.16,0.226,0,0.396,,,
13301,20210105,-93.15,39.87,0.372,-0.09,0.083,0,0.362,-0.11,0.083,0,0.401,-0.2,0.095,0,0.423,-0.33,0.232,0,0.452,,,,0.367,-0.11,0.083,0,0.402,,,
13301,20210106,-93.15,39.87,0.377,-0.04,0,0,0.365,-0.1,0,0,0.406,-0.17,0,0,0.43,-0.29,0.101,0,0.452,,,,0.371,-0.08,0,0,0.406,,,
13301,20210107,-93.15,39.87,0.38,-0.03,0,0,0.367,-0.09,0,0,0.409,-0.15,0,0,0.433,-0.28,0.042,0,0.452,,,,0.374,-0.06,0,0,0.408,,,
13301,20210108,-93.15,39.87,0.383,0,0,0,0.37,-0.07,0,0,0.412,-0.13,0,0,0.436,-0.26,0.042,0,0.453,,,,0.376,-0.04,0,0,0.411,,,
13301,20210109,-93.15,39.87,0.385,0.01,0,0,0.372,-0.06,0,0,0.416,-0.1,0,0,0.441,-0.24,0.042,0,0.454,,,,0.379,-0.03,0,0,0.414,,,
13301,20210110,-93.15,39.87,0.387,0.02,0,0,0.374,-0.06,0,0,0.419,-0.08,0,0,0.447,-0.21,0.036,0,0.455,,,,0.38,-0.02,0,0,0.416,,,
13301,20210111,-93.15,39.87,0.387,0.03,0,0,0.375,-0.06,0,0,0.421,-0.07,0,0,0.452,-0.17,0.03,0,0.457,,,,0.381,-0.01,0,0,0.418,,,
13301,20210112,-93.15,39.87,0.389,0.04,0,0,0.378,-0.03,0,0,0.425,-0.05,0,0,0.458,-0.14,0.018,0,0.458,,,,0.384,0,0,0,0.422,,,
13301,20210113,-93.15,39.87,0.39,0.05,0,0,0.383,0,0,0,0.429,-0.02,0,0,0.464,-0.11,0.006,0,0.459,,,,0.387,0.02,0,0,0.425,,,
13301,20210114,-93.15,39.87,0.389,0.03,0,0,0.384,0,0,0,0.431,-0.01,0,0,0.468,-0.09,0,0,0.461,,,,0.386,0.02,0,0,0.426,,,
13301,20210115,-93.15,39.87,0.388,0.02,0,0,0.383,-0.01,0,0,0.432,-0.01,0,0,0.469,-0.11,0,0,0.461,,,,0.386,0,0,0,0.427,,,
13301,20210116,-93.15,39.87,0.386,0,0,0,0.383,-0.02,0,0,0.432,-0.01,0,0,0.47,-0.15,0.018,0,0.462,,,,0.385,-0.01,0,0,0.427,,,
13301,20210117,-93.15,39.87,0.386,-0.01,0,0,0.383,-0.02,0,0,0.432,-0.02,0,0,0.471,-0.2,0.107,0,0.462,,,,0.384,-0.02,0,0,0.427,,,
13301,20210118,-93.15,39.87,0.386,-0.02,0,0,0.384,-0.02,0,0,0.434,-0.02,0,0,0.472,-0.26,0.22,0,0.463,,,,0.385,-0.02,0,0,0.428,,,
13301,20210119,-93.15,39.87,0.385,-0.03,0,0,0.383,-0.03,0,0,0.434,-0.02,0,0,0.472,-0.33,0.357,0,0.464,,,,0.384,-0.04,0,0,0.428,,,
13301,20210120,-93.15,39.87,0.385,-0.05,0,0,0.382,-0.05,0,0,0.434,-0.03,0,0,0.472,-0.39,0.464,0,0.465,,,,0.383,-0.06,0,0,0.427,,,
13301,20210121,-93.15,39.87,0.383,-0.07,0,0,0.38,-0.07,0,0,0.434,-0.04,0,0,0.473,-0.45,0.595,0,0.465,,,,0.382,-0.09,0,0,0.427,,,
13301,20210122,-93.15,39.87,0.382,-0.09,0,0,0.379,-0.09,0,0,0.433,-0.04,0,0,0.474,-0.5,0.72,0,0.466,,,,0.38,-0.11,0,0,0.427,,,
13301,20210123,-93.15,39.87,0.38,-0.11,0,0,0.378,-0.11,0.006,0,0.432,-0.05,0,0,0.476,-0.51,0.714,0,0.469,,,,0.379,-0.13,0.101,0,0.427,,,
13301,20210124,-93.15,39.87,0.378,-0.14,0.054,0,0.377,-0.13,0.065,0,0.432,-0.06,0,0,0.477,-0.53,0.762,0,0.469,,,,0.378,-0.16,0.244,0,0.426,,,
13301,20210125,-93.15,39.87,0.375,-0.17,0.161,0,0.375,-0.16,0.208,0,0.43,-0.08,0,0,0.477,-0.54,0.792,0,0.47,,,,0.375,-0.19,0.387,0,0.425,,,
13301,20210126,-93.15,39.87,0.377,-0.17,0.173,0,0.377,-0.17,0.262,0,0.43,-0.08,0,0,0.477,-0.55,0.798,0,0.47,,,,0.377,-0.19,0.44,0,0.426,,,
13301,20210127,-93.15,39.87,0.378,-0.17,0.173,0,0.378,-0.18,0.262,0,0.43,-0.09,0,0,0.478,-0.56,0.833,0,0.47,,,,0.378,-0.2,0.44,0,0.427,,,
13301,20210128,-93.15,39.87,0.379,-0.17,0.173,0,0.379,-0.19,0.262,0,0.43,-0.09,0,0,0.478,-0.57,0.821,0,0.47,,,,0.379,-0.21,0.446,0,0.428,,,
13301,20210129,-93.15,39.87,0.38,-0.18,0.173,0,0.38,-0.21,0.262,0,0.431,-0.1,0,0,0.479,-0.57,0.815,0,0.47,,,,0.38,-0.23,0.583,0,0.428,,,
13301,20210130,-93.15,39.87,0.382,-0.17,0.173,0,0.381,-0.22,0.268,0,0.433,-0.1,0,0,0.478,-0.58,0.845,0,0.47,,,,0.382,-0.23,0.542,0,0.429,,,
13301,20210131,-93.15,39.87,0.4,-0.05,0.119,0.089,0.395,-0.14,0.208,0.089,0.444,-0.03,0,0.06,0.479,-0.58,0.792,0,0.47,,,,0.397,-0.13,0.399,0.089,0.437,,,
13301,20210201,-93.15,39.87,0.422,0.11,0.012,0.232,0.413,0,0.065,0.232,0.458,0.08,0,0.202,0.48,-0.56,0.655,0,0.471,,,,0.418,0.02,0.256,0.232,0.449,,,
13301,20210202,-93.15,39.87,0.435,0.2,0,0.31,0.426,0.08,0.012,0.274,0.471,0.17,0,0.345,0.481,-0.56,0.53,0,0.472,,,,0.43,0.11,0.202,0.274,0.457,,,
13301,20210203,-93.15,39.87,0.443,0.26,0,0.31,0.433,0.12,0.012,0.274,0.482,0.26,0,0.476,0.481,-0.55,0.458,0,0.472,,,,0.438,0.17,0.202,0.274,0.462,,,
13301,20210204,-93.15,39.87,0.449,0.3,0,0.31,0.44,0.16,0.012,0.274,0.493,0.35,0,0.571,0.482,-0.54,0.357,0,0.472,,,,0.445,0.22,0.196,0.274,0.467,,,
13301,20210205,-93.15,39.87,0.459,0.37,0,0.31,0.45,0.23,0.012,0.274,0.505,0.45,0,0.714,0.484,-0.52,0.238,0,0.474,,,,0.454,0.29,0.06,0.274,0.474,,,
13301,20210206,-93.15,39.87,0.464,0.41,0,0.31,0.456,0.27,0,0.274,0.514,0.52,0,0.744,0.486,-0.51,0.196,0,0.476,,,,0.46,0.33,0,0.274,0.479,,,
13301,20210207,-93.15,39.87,0.452,0.33,0,0.22,0.449,0.19,0,0.185,0.512,0.5,0,0.685,0.487,-0.49,0.113,0,0.477,,,,0.451,0.26,0,0.185,0.475,,,
13301,20210208,-93.15,39.87,0.436,0.22,0,0.077,0.435,0.06,0,0.042,0.504,0.42,0,0.542,0.488,-0.48,0.107,0,0.478,,,,0.436,0.14,0,0.042,0.468,,,
13301,20210209,-93.15,39.87,0.424,0.14,0,0,0.424,-0.06,0,0,0.495,0.33,0,0.399,0.49,-0.46,0.089,0,0.479,,,,0.424,0.04,0,0,0.462,,,
13301,20210210,-93.15,39.87,0.418,0.09,0,0,0.415,-0.15,0.054,0,0.486,0.23,0,0.268,0.492,-0.44,0.018,0,0.482,,,,0.416,-0.02,0,0,0.459,,,
13301,20210211,-93.15,39.87,0.413,0.06,0,0,0.407,-0.23,0.167,0,0.477,0.13,0,0.173,0.494,-0.43,0.03,0,0.482,,,,0.41,-0.08,0,0,0.455,,,
13301,20210212,-93.15,39.87,0.407,0.01,0,0,0.398,-0.32,0.31,0,0.467,0.02,0,0.03,0.494,-0.43,0.054,0,0.482,,,,0.402,-0.15,0,0,0.449,,,
13301,20210213,-93.15,39.87,0.402,-0.02,0,0,0.391,-0.4,0.452,0,0.459,-0.08,0.006,0,0.494,-0.43,0.095,0,0.481,,,,0.397,-0.21,0.065,0,0.446,,,
13301,20210214,-93.15,39.87,0.4,-0.04,0,0,0.386,-0.45,0.595,0,0.453,-0.15,0.143,0,0.495,-0.43,0.149,0,0.481,,,,0.393,-0.25,0.173,0,0.443,,,
13301,20210215,-93.15,39.87,0.397,-0.06,0,0,0.383,-0.48,0.72,0,0.448,-0.21,0.286,0,0.494,-0.44,0.238,0,0.481,,,,0.39,-0.28,0.274,0,0.441,,,
13301,20210216,-93.15,39.87,0.394,-0.08,0,0,0.382,-0.5,0.845,0,0.444,-0.26,0.429,0,0.494,-0.44,0.298,0,0.481,,,,0.388,-0.29,0.292,0,0.439,,,
13301,20210217,-93.15,39.87,0.39,-0.11,0,0,0.382,-0.5,0.869,0,0.441,-0.3,0.571,0,0.495,-0.44,0.333,0,0.481,,,,0.386,-0.31,0.298,0,0.438,,,
13301,20210218,-93.15,39.87,0.386,-0.14,0,0,0.382,-0.5,0.845,0,0.438,-0.34,0.714,0,0.495,-0.44,0.304,0,0.481,,,,0.384,-0.32,0.315,0,0.436,,,
13301,20210219,-93.15,39.87,0.382,-0.17,0,0,0.381,-0.5,0.839,0,0.434,-0.38,0.857,0,0.496,-0.44,0.298,0,0.482,,,,0.381,-0.33,0.44,0,0.435,,,
13301,20210220,-93.15,39.87,0.377,-0.2,0.018,0,0.382,-0.5,0.774,0,0.431,-0.41,0.994,0,0.496,-0.44,0.286,0,0.482,,,,0.38,-0.34,0.476,0,0.434,,,
13301,20210221,-93.15,39.87,0.374,-0.22,0.077,0,0.382,-0.49,0.72,0,0.429,-0.44,1,0,0.497,-0.43,0.232,0,0.482,,,,0.378,-0.34,0.458,0,0.433,,,
13301,20210222,-93.15,39.87,0.371,-0.24,0.077,0,0.382,-0.48,0.714,0,0.428,-0.46,1,0,0.498,-0.42,0.143,0,0.482,,,,0.377,-0.35,0.458,0,0.432,,,
13301,20210223,-93.15,39.87,0.378,-0.18,0.077,0.089,0.387,-0.43,0.637,0,0.433,-0.4,0.899,0.012,0.499,-0.41,0.083,0,0.482,,,,0.382,-0.28,0.47,0.083,0.436,,,
13301,20210224,-93.15,39.87,0.394,-0.02,0.077,0.232,0.397,-0.32,0.56,0.054,0.443,-0.27,0.756,0.155,0.5,-0.4,0.048,0,0.482,,,,0.396,-0.15,0.464,0.226,0.443,,,
13301,20210225,-93.15,39.87,0.413,0.14,0.077,0.375,0.409,-0.2,0.47,0.173,0.454,-0.13,0.613,0.298,0.501,-0.4,0.048,0,0.481,,,,0.411,0.01,0.446,0.369,0.452,,,
13301,20210226,-93.15,39.87,0.43,0.3,0.077,0.518,0.422,-0.07,0.333,0.25,0.465,0.01,0.47,0.44,0.502,-0.41,0.03,0,0.481,,,,0.426,0.15,0.321,0.512,0.46,,,
13301,20210227,-93.15,39.87,0.445,0.43,0.06,0.661,0.435,0.05,0.256,0.315,0.477,0.16,0.327,0.583,0.502,-0.42,0,0,0.481,,,,0.44,0.29,0.22,0.655,0.468,,,
13301,20210228,-93.15,39.87,0.459,0.54,0,0.804,0.446,0.16,0.167,0.315,0.489,0.31,0.185,0.726,0.503,-0.43,0,0,0.481,,,,0.452,0.4,0.131,0.726,0.475,,,
13301,20210301,-93.15,39.87,0.468,0.62,0,0.851,0.454,0.24,0.048,0.315,0.5,0.44,0.042,0.786,0.502,-0.46,0.048,0,0.481,,,,0.461,0.48,0.03,0.726,0.481,,,
13301,20210302,-93.15,39.87,0.466,0.59,0,0.762,0.453,0.22,0,0.315,0.502,0.46,0,0.774,0.502,-0.48,0.095,0,0.482,,,,0.46,0.45,0,0.643,0.481,,,
13301,20210303,-93.15,39.87,0.453,0.47,0,0.619,0.444,0.13,0,0.262,0.498,0.38,0,0.631,0.502,-0.5,0.107,0,0.482,,,,0.449,0.34,0,0.5,0.476,,,
13301,20210304,-93.15,39.87,0.437,0.32,0,0.476,0.433,0.01,0.107,0.143,0.491,0.28,0,0.488,0.502,-0.52,0.19,0,0.482,,,,0.435,0.21,0,0.357,0.469,,,
13301,20210305,-93.15,39.87,0.422,0.18,0,0.333,0.42,-0.12,0.25,0.065,0.483,0.16,0.012,0.345,0.5,-0.55,0.333,0,0.481,,,,0.421,0.07,0,0.214,0.461,,,
13301,20210306,-93.15,39.87,0.408,0.05,0,0.19,0.407,-0.26,0.393,0,0.473,0.03,0.113,0.202,0.499,-0.57,0.464,0,0.481,,,,0.408,-0.06,0.06,0.071,0.454,,,
13301,20210307,-93.15,39.87,0.395,-0.07,0.006,0.048,0.395,-0.38,0.536,0,0.463,-0.11,0.256,0.06,0.497,-0.59,0.595,0,0.48,,,,0.395,-0.19,0.202,0,0.446,,,
13301,20210308,-93.15,39.87,0.384,-0.17,0.137,0,0.386,-0.47,0.679,0,0.454,-0.24,0.399,0,0.497,-0.6,0.69,0,0.479,,,,0.385,-0.28,0.345,0,0.44,,,
13301,20210309,-93.15,39.87,0.375,-0.25,0.28,0,0.38,-0.53,0.821,0,0.446,-0.33,0.542,0,0.496,-0.62,0.774,0,0.479,,,,0.378,-0.36,0.488,0,0.435,,,
13301,20210310,-93.15,39.87,0.366,-0.33,0.423,0,0.376,-0.58,0.964,0,0.441,-0.4,0.685,0,0.494,-0.64,0.905,0,0.478,,,,0.371,-0.42,0.631,0,0.431,,,
13301,20210311,-93.15,39.87,0.356,-0.41,0.565,0,0.371,-0.63,1,0,0.437,-0.46,0.827,0,0.493,-0.65,0.964,0,0.477,,,,0.364,-0.49,0.774,0,0.427,,,
13301,20210312,-93.15,39.87,0.347,-0.48,0.708,0,0.367,-0.67,1,0,0.434,-0.51,0.958,0,0.494,-0.65,0.94,0,0.478,,,,0.357,-0.56,0.917,0,0.424,,,
13301,20210313,-93.15,39.87,0.338,-0.55,0.851,0,0.363,-0.72,1,0,0.431,-0.56,1,0,0.495,-0.65,0.917,0,0.479,,,,0.351,-0.62,1,0,0.421,,,
13301,20210314,-93.15,39.87,0.33,-0.62,0.988,0,0.359,-0.77,1,0,0.429,-0.61,1,0,0.496,-0.65,0.899,0,0.48,,,,0.345,-0.69,1,0,0.419,,,
13301,20210315,-93.15,39.87,0.335,-0.6,0.94,0.024,0.36,-0.76,0.958,0,0.429,-0.62,0.964,0,0.497,-0.64,0.839,0,0.482,,,,0.347,-0.68,0.952,0,0.421,,,
13301,20210316,-93.15,39.87,0.358,-0.44,0.798,0.167,0.376,-0.63,0.815,0,0.44,-0.53,0.821,0,0.499,-0.64,0.78,0,0.483,,,,0.367,-0.53,0.81,0,0.431,,,
13301,20210317,-93.15,39.87,0.382,-0.28,0.655,0.31,0.392,-0.49,0.673,0,0.451,-0.44,0.679,0,0.501,-0.62,0.649,0,0.486,,,,0.387,-0.38,0.667,0,0.442,,,
13301,20210318,-93.15,39.87,0.409,-0.09,0.512,0.452,0.411,-0.32,0.53,0,0.462,-0.34,0.536,0,0.503,-0.6,0.524,0,0.488,,,,0.41,-0.2,0.524,0.137,0.455,,,
13301,20210319,-93.15,39.87,0.438,0.12,0.369,0.595,0.431,-0.14,0.387,0,0.475,-0.24,0.393,0,0.504,-0.59,0.446,0,0.49,,,,0.434,0,0.381,0.28,0.467,,,
13301,20210320,-93.15,39.87,0.466,0.31,0.226,0.72,0.449,0.03,0.244,0,0.488,-0.12,0.25,0,0.504,-0.59,0.476,0,0.491,,,,0.457,0.18,0.238,0.357,0.479,,,
13301,20210321,-93.15,39.87,0.488,0.47,0.083,0.72,0.464,0.17,0.101,0,0.5,0,0.107,0,0.503,-0.6,0.506,0,0.491,,,,0.476,0.33,0.095,0.357,0.489,,,
13301,20210322,-93.15,39.87,0.493,0.5,0,0.696,0.47,0.22,0.024,0,0.507,0.05,0.012,0,0.502,-0.61,0.565,0,0.49,,,,0.482,0.37,0,0.357,0.493,,,
13301,20210323,-93.15,39.87,0.479,0.39,0,0.554,0.459,0.11,0.167,0,0.502,-0.04,0.155,0,0.501,-0.63,0.637,0,0.489,,,,0.469,0.26,0.101,0.357,0.486,,,
13301,20210324,-93.15,39.87,0.476,0.37,0,0.506,0.455,0.07,0.208,0,0.501,-0.07,0.202,0,0.5,-0.64,0.768,0,0.488,,,,0.465,0.23,0.107,0.357,0.484,,,
13301,20210325,-93.15,39.87,0.475,0.37,0,0.506,0.453,0.06,0.208,0,0.501,-0.08,0.202,0,0.499,-0.66,0.893,0,0.487,,,,0.464,0.23,0.107,0.333,0.483,,,
13301,20210326,-93.15,39.87,0.475,0.38,0,0.506,0.451,0.04,0.208,0,0.502,-0.08,0.202,0,0.498,-0.67,0.994,0,0.487,,,,0.463,0.22,0.107,0.327,0.483,,,
13301,20210327,-93.15,39.87,0.477,0.4,0,0.524,0.451,0.05,0.208,0,0.503,-0.07,0.202,0,0.499,-0.66,1,0,0.487,,,,0.464,0.24,0.107,0.393,0.483,,,
13301,20210328,-93.15,39.87,0.484,0.48,0,0.667,0.455,0.09,0.208,0,0.504,-0.05,0.202,0,0.499,-0.66,1,0,0.488,,,,0.469,0.3,0.107,0.536,0.486,,,
13301,20210329,-93.15,39.87,0.491,0.55,0,0.744,0.461,0.16,0.185,0,0.508,0.01,0.19,0,0.5,-0.64,1,0,0.489,,,,0.476,0.37,0.107,0.571,0.49,,,
13301,20210330,-93.15,39.87,0.495,0.58,0,0.744,0.464,0.2,0.083,0,0.511,0.05,0.095,0,0.5,-0.64,1,0,0.49,,,,0.479,0.41,0.006,0.571,0.492,,,
13301,20210331,-93.15,39.87,0.483,0.49,0,0.649,0.456,0.14,0.185,0,0.506,0.01,0.19,0,0.5,-0.63,0.994,0,0.49,,,,0.47,0.33,0.095,0.571,0.487,,,
13301,20210401,-93.15,39.87,0.466,0.35,0.125,0.506,0.443,0.03,0.327,0,0.497,-0.08,0.333,0,0.501,-0.61,0.994,0,0.491,,,,0.455,0.2,0.238,0.458,0.48,,,
13301,20210402,-93.15,39.87,0.446,0.18,0.268,0.363,0.429,-0.09,0.47,0,0.486,-0.17,0.476,0,0.502,-0.6,0.994,0,0.491,,,,0.437,0.05,0.381,0.321,0.471,,,
13301,20210403,-93.15,39.87,0.423,-0.02,0.411,0.22,0.414,-0.22,0.613,0,0.475,-0.27,0.619,0,0.501,-0.61,0.994,0,0.49,,,,0.419,-0.11,0.524,0.179,0.461,,,
13301,20210404,-93.15,39.87,0.398,-0.24,0.554,0.077,0.398,-0.37,0.756,0,0.462,-0.39,0.762,0,0.501,-0.6,0.994,0,0.49,,,,0.398,-0.29,0.667,0.036,0.45,,,
13301,20210405,-93.15,39.87,0.375,-0.45,0.696,0,0.382,-0.51,0.899,0,0.449,-0.51,0.905,0,0.5,-0.6,0.988,0,0.49,,,,0.378,-0.47,0.81,0,0.439,,,
13301,20210406,-93.15,39.87,0.354,-0.64,0.839,0,0.371,-0.61,1,0,0.438,-0.59,1,0,0.501,-0.59,0.988,0,0.491,,,,0.362,-0.6,0.952,0,0.431,,,
13301,20210407,-93.15,39.87,0.333,-0.84,0.982,0,0.36,-0.69,1,0,0.43,-0.65,1,0,0.5,-0.59,0.988,0,0.49,,,,0.347,-0.74,1,0,0.423,,,
13301,20210408,-93.15,39.87,0.336,-0.8,0.905,0.089,0.364,-0.62,0.911,0.065,0.432,-0.59,0.911,0.054,0.5,-0.58,0.923,0,0.491,,,,0.35,-0.69,0.911,0.089,0.425,,,
13301,20210409,-93.15,39.87,0.351,-0.63,0.762,0.232,0.378,-0.47,0.768,0.208,0.441,-0.45,0.768,0.196,0.501,-0.57,0.792,0,0.492,,,,0.365,-0.53,0.768,0.232,0.433,,,
13301,20210410,-93.15,39.87,0.366,-0.46,0.619,0.375,0.39,-0.32,0.625,0.28,0.451,-0.31,0.625,0.339,0.502,-0.55,0.738,0,0.493,,,,0.378,-0.38,0.625,0.375,0.441,,,
13301,20210411,-93.15,39.87,0.389,-0.23,0.476,0.518,0.408,-0.12,0.482,0.423,0.462,-0.14,0.482,0.482,0.504,-0.53,0.601,0,0.494,,,,0.398,-0.16,0.482,0.518,0.451,,,
13301,20210412,-93.15,39.87,0.416,0.05,0.333,0.661,0.427,0.1,0.339,0.565,0.475,0.03,0.339,0.625,0.505,-0.52,0.494,0,0.494,,,,0.421,0.09,0.339,0.661,0.463,,,
13301,20210413,-93.15,39.87,0.441,0.32,0.19,0.804,0.443,0.29,0.196,0.69,0.488,0.2,0.196,0.732,0.506,-0.5,0.387,0,0.495,,,,0.442,0.31,0.196,0.804,0.475,,,
13301,20210414,-93.15,39.87,0.464,0.56,0.048,0.839,0.455,0.44,0.054,0.69,0.498,0.34,0.054,0.732,0.506,-0.5,0.369,0,0.494,,,,0.46,0.51,0.054,0.827,0.483,,,
13301,20210415,-93.15,39.87,0.463,0.57,0,0.75,0.453,0.44,0,0.625,0.496,0.35,0,0.679,0.504,-0.51,0.435,0,0.491,,,,0.458,0.51,0,0.738,0.482,,,
13301,20210416,-93.15,39.87,0.448,0.45,0,0.607,0.44,0.34,0,0.482,0.488,0.27,0,0.536,0.502,-0.52,0.565,0,0.487,,,,0.444,0.4,0,0.595,0.473,,,
13301,20210417,-93.15,39.87,0.435,0.34,0,0.464,0.429,0.24,0,0.411,0.478,0.18,0,0.393,0.5,-0.53,0.619,0,0.486,,,,0.432,0.3,0,0.452,0.466,,,
13301,20210418,-93.15,39.87,0.419,0.21,0,0.321,0.413,0.1,0,0.268,0.468,0.07,0,0.25,0.497,-0.55,0.756,0,0.483,,,,0.416,0.17,0,0.31,0.456,,,
13301,20210419,-93.15,39.87,0.402,0.06,0,0.179,0.397,-0.05,0,0.125,0.456,-0.04,0,0.107,0.495,-0.55,0.869,0,0.48,,,,0.4,0.02,0,0.167,0.446,,,
13301,20210420,-93.15,39.87,0.389,-0.04,0,0.036,0.386,-0.16,0.006,0,0.446,-0.14,0,0,0.493,-0.56,0.946,0,0.478,,,,0.387,-0.09,0,0.024,0.438,,,
13301,20210421,-93.15,39.87,0.384,-0.07,0,0,0.381,-0.2,0.012,0,0.44,-0.2,0.006,0,0.492,-0.55,0.899,0,0.477,,,,0.382,-0.12,0,0,0.435,,,
13301,20210422,-93.15,39.87,0.382,-0.08,0,0,0.378,-0.22,0.012,0,0.436,-0.23,0.095,0,0.492,-0.54,0.792,0,0.477,,,,0.38,-0.13,0,0,0.433,,,
13301,20210423,-93.15,39.87,0.38,-0.09,0,0,0.374,-0.24,0.024,0,0.432,-0.26,0.232,0,0.491,-0.53,0.732,0,0.477,,,,0.377,-0.14,0,0,0.431,,,
13301,20210424,-93.15,39.87,0.377,-0.09,0,0,0.372,-0.25,0.042,0,0.429,-0.28,0.375,0,0.49,-0.52,0.673,0,0.476,,,,0.374,-0.15,0,0,0.429,,,
13301,20210425,-93.15,39.87,0.371,-0.13,0,0,0.368,-0.27,0.137,0,0.425,-0.32,0.518,0,0.489,-0.51,0.589,0,0.476,,,,0.369,-0.18,0,0,0.426,,,
13301,20210426,-93.15,39.87,0.362,-0.18,0.119,0,0.364,-0.31,0.28,0,0.42,-0.35,0.661,0,0.488,-0.5,0.518,0,0.476,,,,0.363,-0.22,0.125,0,0.422,,,
13301,20210427,-93.15,39.87,0.351,-0.25,0.262,0,0.358,-0.35,0.417,0,0.415,-0.4,0.804,0,0.487,-0.5,0.47,0,0.476,,,,0.355,-0.28,0.268,0,0.418,,,
13301,20210428,-93.15,39.87,0.334,-0.37,0.405,0,0.349,-0.43,0.554,0,0.409,-0.46,0.94,0,0.487,-0.49,0.435,0,0.475,,,,0.341,-0.39,0.411,0,0.411,,,
13301,20210429,-93.15,39.87,0.334,-0.36,0.458,0.089,0.348,-0.42,0.607,0.03,0.407,-0.46,0.917,0,0.486,-0.49,0.405,0,0.475,,,,0.341,-0.38,0.464,0.077,0.41,,,
13301,20210430,-93.15,39.87,0.339,-0.3,0.458,0.149,0.351,-0.37,0.595,0.03,0.409,-0.42,0.78,0,0.487,-0.47,0.321,0,0.476,,,,0.345,-0.32,0.464,0.113,0.412,,,
13301,20210501,-93.15,39.87,0.339,-0.27,0.458,0.149,0.351,-0.34,0.577,0.03,0.41,-0.39,0.637,0,0.488,-0.44,0.238,0,0.477,,,,0.345,-0.3,0.464,0.113,0.413,,,
13301,20210502,-93.15,39.87,0.337,-0.27,0.458,0.149,0.35,-0.33,0.482,0.03,0.41,-0.37,0.494,0,0.489,-0.42,0.179,0,0.477,,,,0.343,-0.29,0.464,0.113,0.412,,,
13301,20210503,-93.15,39.87,0.333,-0.28,0.446,0.149,0.347,-0.32,0.387,0.03,0.408,-0.36,0.351,0,0.489,-0.39,0.107,0,0.478,,,,0.34,-0.3,0.446,0.113,0.411,,,
13301,20210504,-93.15,39.87,0.332,-0.26,0.446,0.149,0.345,-0.31,0.387,0.03,0.408,-0.34,0.22,0,0.49,-0.37,0.042,0,0.479,,,,0.339,-0.28,0.446,0.113,0.411,,,
13301,20210505,-93.15,39.87,0.334,-0.22,0.446,0.149,0.344,-0.28,0.387,0.03,0.407,-0.31,0.173,0,0.491,-0.35,0.006,0,0.48,,,,0.339,-0.25,0.446,0.113,0.411,,,
13301,20210506,-93.15,39.87,0.318,-0.33,0.536,0.06,0.334,-0.35,0.476,0,0.401,-0.35,0.25,0,0.491,-0.33,0,0,0.48,,,,0.326,-0.34,0.536,0.036,0.405,,,
13301,20210507,-93.15,39.87,0.296,-0.47,0.679,0,0.319,-0.45,0.619,0,0.39,-0.43,0.393,0,0.49,-0.33,0,0,0.48,,,,0.308,-0.48,0.679,0,0.395,,,
13301,20210508,-93.15,39.87,0.28,-0.58,0.821,0,0.306,-0.55,0.762,0,0.38,-0.51,0.536,0,0.49,-0.33,0.042,0,0.481,,,,0.293,-0.58,0.821,0,0.387,,,
13301,20210509,-93.15,39.87,0.272,-0.62,0.935,0,0.296,-0.62,0.905,0,0.37,-0.59,0.679,0,0.489,-0.34,0.143,0,0.481,,,,0.284,-0.64,0.94,0,0.381,,,
13301,20210510,-93.15,39.87,0.283,-0.55,0.827,0,0.291,-0.64,1,0,0.361,-0.65,0.821,0,0.487,-0.34,0.286,0,0.481,,,,0.287,-0.62,0.833,0,0.381,,,
13301,20210511,-93.15,39.87,0.291,-0.49,0.685,0,0.287,-0.66,1,0,0.353,-0.71,0.952,0,0.486,-0.35,0.429,0,0.481,,,,0.289,-0.6,0.69,0,0.38,,,
13301,20210512,-93.15,39.87,0.299,-0.43,0.542,0,0.284,-0.68,1,0,0.345,-0.77,1,0,0.485,-0.36,0.548,0,0.481,,,,0.292,-0.57,0.619,0,0.379,,,
13301,20210513,-93.15,39.87,0.306,-0.39,0.399,0,0.282,-0.69,1,0,0.339,-0.81,1,0,0.484,-0.36,0.643,0,0.481,,,,0.294,-0.56,0.619,0,0.378,,,
13301,20210514,-93.15,39.87,0.311,-0.35,0.399,0,0.28,-0.7,1,0,0.333,-0.84,1,0,0.482,-0.36,0.685,0,0.481,,,,0.295,-0.54,0.619,0,0.378,,,
13301,20210515,-93.15,39.87,0.315,-0.32,0.399,0,0.278,-0.71,1,0,0.329,-0.86,1,0,0.481,-0.35,0.643,0,0.481,,,,0.296,-0.53,0.619,0,0.377,,,
13301,20210516,-93.15,39.87,0.314,-0.32,0.429,0,0.275,-0.72,1,0,0.325,-0.88,1,0,0.48,-0.33,0.542,0,0.481,,,,0.295,-0.53,0.643,0,0.375,,,
13301,20210517,-93.15,39.87,0.316,-0.32,0.464,0,0.279,-0.7,0.911,0,0.322,-0.88,1,0,0.479,-0.31,0.399,0,0.482,,,,0.297,-0.52,0.679,0,0.375,,,
13301,20210518,-93.15,39.87,0.328,-0.25,0.464,0.042,0.288,-0.64,0.768,0,0.321,-0.89,1,0,0.478,-0.28,0.256,0,0.482,,,,0.308,-0.45,0.679,0,0.379,,,
13301,20210519,-93.15,39.87,0.344,-0.17,0.464,0.155,0.299,-0.56,0.625,0,0.327,-0.83,0.905,0,0.477,-0.25,0.137,0,0.482,,,,0.321,-0.36,0.607,0,0.386,,,
13301,20210520,-93.15,39.87,0.362,-0.06,0.464,0.226,0.312,-0.48,0.482,0,0.337,-0.75,0.762,0,0.477,-0.22,0.042,0,0.481,,,,0.337,-0.26,0.464,0,0.394,,,
13301,20210521,-93.15,39.87,0.381,0.06,0.321,0.304,0.326,-0.38,0.339,0,0.35,-0.66,0.619,0,0.478,-0.19,0,0,0.482,,,,0.354,-0.15,0.321,0,0.403,,,
13301,20210522,-93.15,39.87,0.402,0.18,0.179,0.304,0.341,-0.27,0.196,0,0.364,-0.56,0.476,0,0.479,-0.16,0,0,0.482,,,,0.372,-0.03,0.179,0,0.413,,,
13301,20210523,-93.15,39.87,0.429,0.34,0.036,0.417,0.365,-0.11,0.054,0.101,0.385,-0.4,0.333,0.095,0.48,-0.14,0,0,0.482,,,,0.397,0.13,0.036,0.107,0.428,,,
13301,20210524,-93.15,39.87,0.437,0.39,0,0.53,0.379,-0.01,0,0.131,0.408,-0.23,0.19,0.155,0.482,-0.12,0,0,0.483,,,,0.408,0.21,0,0.173,0.438,,,
13301,20210525,-93.15,39.87,0.435,0.39,0,0.488,0.385,0.03,0,0.131,0.426,-0.1,0.048,0.155,0.484,-0.1,0,0,0.484,,,,0.41,0.23,0,0.173,0.443,,,
13301,20210526,-93.15,39.87,0.431,0.37,0,0.375,0.388,0.06,0,0.131,0.435,-0.03,0,0.155,0.485,-0.09,0,0,0.485,,,,0.409,0.23,0,0.173,0.445,,,
13301,20210527,-93.15,39.87,0.426,0.35,0,0.31,0.391,0.08,0,0.131,0.44,0.01,0,0.155,0.487,-0.07,0,0,0.486,,,,0.408,0.23,0,0.173,0.446,,,
13301,20210528,-93.15,39.87,0.43,0.37,0,0.375,0.4,0.15,0,0.262,0.45,0.09,0,0.286,0.489,-0.06,0,0,0.487,,,,0.415,0.27,0,0.315,0.451,,,
13301,20210529,-93.15,39.87,0.432,0.39,0,0.518,0.406,0.2,0,0.262,0.459,0.16,0,0.381,0.491,-0.04,0,0,0.489,,,,0.419,0.31,0,0.417,0.455,,,
13301,20210530,-93.15,39.87,0.427,0.37,0,0.452,0.403,0.17,0,0.161,0.457,0.15,0,0.286,0.492,-0.03,0,0,0.49,,,,0.415,0.28,0,0.31,0.454,,,
13301,20210531,-93.15,39.87,0.423,0.35,0,0.339,0.4,0.15,0,0.131,0.453,0.12,0,0.226,0.493,-0.03,0,0,0.491,,,,0.411,0.26,0,0.244,0.452,,,
13301,20210601,-93.15,39.87,0.425,0.37,0,0.446,0.401,0.16,0,0.131,0.453,0.13,0,0.226,0.493,-0.03,0,0,0.491,,,,0.413,0.28,0,0.345,0.453,,,
13301,20210602,-93.15,39.87,0.428,0.38,0,0.565,0.403,0.18,0,0.131,0.456,0.15,0,0.226,0.494,-0.03,0,0,0.492,,,,0.416,0.3,0,0.375,0.454,,,
13301,20210603,-93.15,39.87,0.43,0.39,0,0.601,0.404,0.19,0,0.131,0.458,0.17,0,0.226,0.494,-0.03,0,0,0.492,,,,0.417,0.31,0,0.375,0.456,,,
13301,20210604,-93.15,39.87,0.422,0.35,0,0.458,0.397,0.14,0,0,0.451,0.12,0,0.095,0.495,-0.03,0,0,0.492,,,,0.409,0.26,0,0.232,0.451,,,
13301,20210605,-93.15,39.87,0.414,0.32,0,0.315,0.393,0.11,0,0,0.445,0.08,0,0,0.495,-0.03,0,0,0.494,,,,0.403,0.23,0,0.131,0.448,,,
13301,20210606,-93.15,39.87,0.407,0.28,0,0.268,0.389,0.09,0,0,0.44,0.05,0,0,0.497,-0.02,0,0,0.495,,,,0.398,0.2,0,0.131,0.446,,,
13301,20210607,-93.15,39.87,0.398,0.24,0,0.268,0.385,0.07,0,0,0.436,0.02,0,0,0.499,0,0,0,0.496,,,,0.391,0.17,0,0.131,0.443,,,
13301,20210608,-93.15,39.87,0.383,0.17,0,0.161,0.377,0.02,0,0,0.428,-0.02,0,0,0.502,0.01,0,0,0.498,,,,0.38,0.11,0,0.03,0.438,,,
13301,20210609,-93.15,39.87,0.368,0.1,0,0.042,0.368,-0.03,0,0,0.42,-0.07,0,0,0.504,0.03,0,0,0.5,,,,0.368,0.04,0,0,0.432,,,
13301,20210610,-93.15,39.87,0.353,0.02,0,0,0.358,-0.09,0,0,0.411,-0.12,0,0,0.507,0.04,0,0,0.502,,,,0.355,-0.02,0,0,0.426,,,
13301,20210611,-93.15,39.87,0.337,-0.05,0,0,0.347,-0.15,0,0,0.4,-0.18,0,0,0.508,0.04,0,0,0.504,,,,0.342,-0.1,0,0,0.419,,,
13301,20210612,-93.15,39.87,0.322,-0.13,0,0,0.335,-0.22,0,0,0.389,-0.24,0,0,0.509,0.04,0,0,0.504,,,,0.328,-0.17,0,0,0.412,,,
13301,20210613,-93.15,39.87,0.307,-0.21,0,0,0.322,-0.3,0.089,0,0.376,-0.31,0.083,0,0.508,0.03,0,0,0.504,,,,0.314,-0.25,0.083,0,0.403,,,
13301,20210614,-93.15,39.87,0.293,-0.28,0.137,0,0.307,-0.38,0.232,0,0.362,-0.38,0.226,0,0.507,0.01,0,0,0.505,,,,0.3,-0.33,0.226,0,0.395,,,
13301,20210615,-93.15,39.87,0.28,-0.35,0.28,0,0.292,-0.47,0.375,0,0.348,-0.46,0.369,0,0.505,-0.01,0,0,0.505,,,,0.286,-0.41,0.369,0,0.386,,,
13301,20210616,-93.15,39.87,0.268,-0.42,0.423,0,0.277,-0.56,0.518,0,0.333,-0.55,0.512,0,0.503,-0.04,0.024,0,0.507,,,,0.273,-0.49,0.512,0,0.378,,,
13301,20210617,-93.15,39.87,0.257,-0.48,0.565,0,0.262,-0.65,0.661,0,0.318,-0.63,0.655,0,0.499,-0.07,0.167,0,0.507,,,,0.26,-0.57,0.655,0,0.369,,,
13301,20210618,-93.15,39.87,0.248,-0.53,0.708,0,0.249,-0.73,0.804,0,0.304,-0.7,0.798,0,0.494,-0.12,0.31,0,0.508,,,,0.248,-0.64,0.798,0,0.361,,,
13301,20210619,-93.15,39.87,0.24,-0.57,0.851,0,0.237,-0.8,0.946,0,0.292,-0.77,0.94,0,0.487,-0.17,0.452,0,0.509,,,,0.238,-0.7,0.94,0,0.353,,,
13301,20210620,-93.15,39.87,0.238,-0.58,0.958,0,0.227,-0.86,1,0,0.282,-0.82,1,0,0.477,-0.24,0.595,0,0.51,,,,0.233,-0.73,0.982,0,0.347,,,
13301,20210621,-93.15,39.87,0.261,-0.45,0.821,0.113,0.24,-0.78,0.881,0,0.292,-0.75,0.887,0,0.472,-0.28,0.738,0,0.51,,,,0.25,-0.61,0.851,0.042,0.355,,,
13301,20210622,-93.15,39.87,0.281,-0.33,0.679,0.143,0.255,-0.68,0.738,0,0.306,-0.67,0.744,0,0.467,-0.32,0.881,0,0.51,,,,0.268,-0.5,0.708,0.042,0.364,,,
13301,20210623,-93.15,39.87,0.297,-0.23,0.536,0.143,0.267,-0.6,0.595,0,0.318,-0.59,0.601,0,0.461,-0.35,1,0,0.51,,,,0.282,-0.41,0.565,0.042,0.371,,,
13301,20210624,-93.15,39.87,0.308,-0.17,0.393,0.143,0.277,-0.53,0.506,0,0.328,-0.53,0.458,0,0.454,-0.39,1,0,0.51,,,,0.293,-0.34,0.423,0.042,0.376,,,
13301,20210625,-93.15,39.87,0.341,0.02,0.25,0.28,0.308,-0.34,0.369,0.077,0.358,-0.36,0.315,0.06,0.46,-0.35,0.869,0,0.511,,,,0.324,-0.14,0.28,0.179,0.395,,,
13301,20210626,-93.15,39.87,0.383,0.26,0.107,0.423,0.345,-0.1,0.226,0.22,0.395,-0.15,0.173,0.202,0.469,-0.29,0.726,0,0.511,,,,0.364,0.11,0.137,0.321,0.421,,,
13301,20210627,-93.15,39.87,0.42,0.46,0,0.565,0.382,0.12,0.083,0.363,0.434,0.06,0.03,0.345,0.481,-0.22,0.583,0,0.512,,,,0.401,0.33,0.012,0.464,0.446,,,
13301,20210628,-93.15,39.87,0.431,0.52,0,0.595,0.398,0.22,0.06,0.506,0.454,0.17,0,0.488,0.489,-0.17,0.44,0,0.513,,,,0.414,0.41,0,0.565,0.457,,,
13301,20210629,-93.15,39.87,0.45,0.62,0,0.708,0.415,0.32,0.06,0.649,0.472,0.27,0,0.631,0.498,-0.12,0.298,0,0.515,,,,0.432,0.51,0,0.708,0.47,,,
13301,20210630,-93.15,39.87,0.475,0.75,0,0.851,0.437,0.46,0.06,0.792,0.494,0.38,0,0.774,0.509,-0.05,0.155,0,0.517,,,,0.456,0.65,0,0.851,0.486,,,
13301,20210701,-93.15,39.87,0.506,0.91,0,0.994,0.462,0.61,0.006,0.935,0.52,0.52,0,0.917,0.522,0.02,0.012,0,0.518,,,,0.484,0.81,0,0.994,0.505,,,
13301,20210702,-93.15,39.87,0.513,0.95,0,1,0.468,0.64,0,1,0.527,0.55,0,1,0.522,0.03,0,0,0.517,,,,0.49,0.84,0,1,0.51,,,
13301,20210703,-93.15,39.87,0.507,0.91,0,1,0.463,0.61,0,1,0.525,0.54,0,1,0.524,0.03,0,0,0.518,,,,0.485,0.81,0,1,0.507,,,
13301,20210704,-93.15,39.87,0.497,0.86,0,1,0.453,0.56,0,0.863,0.517,0.49,0,0.863,0.524,0.04,0,0,0.519,,,,0.475,0.75,0,0.994,0.502,,,
13301,20210705,-93.15,39.87,0.487,0.8,0,0.964,0.445,0.5,0,0.72,0.506,0.43,0,0.72,0.525,0.05,0,0,0.519,,,,0.466,0.69,0,0.851,0.496,,,
13301,20210706,-93.15,39.87,0.467,0.71,0,0.821,0.433,0.43,0,0.577,0.493,0.36,0,0.577,0.525,0.05,0,0,0.519,,,,0.45,0.6,0,0.708,0.487,,,
13301,20210707,-93.15,39.87,0.443,0.58,0,0.679,0.418,0.34,0,0.435,0.479,0.28,0,0.435,0.524,0.04,0,0,0.519,,,,0.431,0.5,0,0.565,0.477,,,
13301,20210708,-93.15,39.87,0.419,0.46,0,0.536,0.402,0.25,0,0.292,0.463,0.19,0,0.292,0.522,0.04,0,0,0.519,,,,0.41,0.38,0,0.423,0.465,,,
13301,20210709,-93.15,39.87,0.394,0.33,0,0.393,0.386,0.16,0,0.149,0.447,0.1,0,0.149,0.522,0.04,0,0,0.52,,,,0.39,0.27,0,0.28,0.454,,,
13301,20210710,-93.15,39.87,0.379,0.26,0,0.298,0.378,0.11,0,0.054,0.435,0.04,0,0.024,0.521,0.03,0,0,0.52,,,,0.379,0.22,0,0.185,0.447,,,
13301,20210711,-93.15,39.87,0.39,0.33,0,0.298,0.392,0.21,0,0.19,0.445,0.1,0,0.161,0.522,0.03,0,0,0.52,,,,0.391,0.29,0,0.19,0.448,,,
13301,20210712,-93.15,39.87,0.406,0.42,0,0.333,0.411,0.33,0,0.333,0.461,0.19,0,0.304,,,,,,,,,0.409,0.39,0,0.333,,,,
13301,20210713,-93.15,39.87,0.425,0.54,0,0.476,0.432,0.46,0,0.476,0.478,0.29,0,0.446,,,,,,,,,0.428,0.52,0,0.476,,,,
13301,20210714,-93.15,39.87,0.444,0.66,0,0.619,0.447,0.56,0,0.619,0.496,0.39,0,0.589,,,,,,,,,0.445,0.63,0,0.619,,,,
13301,20210715,-93.15,39.87,0.459,0.77,0,0.762,0.457,0.65,0,0.762,0.51,0.48,0,0.732,,,,,,,,,0.458,0.72,0,0.762,,,,
13301,20210716,-93.15,39.87,0.479,0.9,0,0.905,0.472,0.75,0,0.905,0.526,0.58,0,0.875,,,,,,,,,0.476,0.84,0,0.905,,,,
13301,20210717,-93.15,39.87,0.491,0.99,0,1,0.481,0.82,0,1,0.538,0.66,0,1,,,,,,,,,0.486,0.92,0,1,,,,
13301,20210718,-93.15,39.87,0.481,0.96,0,1,0.468,0.77,0,1,0.53,0.65,0,1,,,,,,,,,0.474,0.87,0,1,,,,
13301,20210719,-93.15,39.87,0.465,0.9,0,1,0.45,0.69,0,1,0.517,0.6,0,1,,,,,,,,,0.457,0.8,0,1,,,,
13301,20210720,-93.15,39.87,0.447,0.81,0,1,0.43,0.59,0,0.982,0.501,0.54,0,0.899,,,,,,,,,0.438,0.71,0,1,,,,
13301,20210721,-93.15,39.87,0.429,0.73,0,0.97,0.414,0.52,0,0.839,0.483,0.46,0,0.756,,,,,,,,,0.422,0.64,0,0.893,,,,
13301,20210722,-93.15,39.87,0.417,0.67,0,0.863,0.405,0.48,0,0.727,0.472,0.42,0,0.64,,,,,,,,,0.411,0.59,0,0.783,,,,
13301,20210723,-93.15,39.87,0.395,0.56,0,0.723,0.387,0.39,0,0.585,0.454,0.34,0,0.497,,,,,,,,,0.391,0.49,0,0.642,,,,
13301,20210724,-93.15,39.87,0.372,0.44,0,0.572,0.368,0.3,0,0.434,0.435,0.26,0,0.346,,,,,,,,,0.37,0.38,0,0.491,,,,
13301,20210725,-93.15,39.87,0.351,0.34,0,0.421,0.349,0.21,0,0.283,0.418,0.18,0,0.195,,,,,,,,,0.35,0.28,0,0.34,,,,
13301,20210726,-93.15,39.87,0.331,0.24,0,0.27,0.331,0.12,0,0.132,0.402,0.12,0,0.044,,,,,,,,,0.331,0.19,0,0.189,,,,
13301,20210727,-93.15,39.87,0.313,0.15,0,0.119,0.312,0.03,0,0,0.387,0.05,0,0,,,,,,,,,0.312,0.1,0,0.038,,,,
13301,20210728,-93.15,39.87,0.298,0.08,0,0,0.294,-0.06,0,0,0.372,-0.02,0,0,,,,,,,,,0.296,0.02,0,0,,,,
13301,20210729,-93.15,39.87,0.287,0.02,0,0,0.28,-0.13,0,0,0.358,-0.08,0,0,,,,,,,,,0.283,-0.05,0,0,,,,
13301,20210730,-93.15,39.87,0.283,0.01,0,0.036,0.27,-0.17,0.012,0,0.344,-0.14,0,0,,,,,,,,,0.277,-0.08,0,0,,,,
13301,20210731,-93.15,39.87,0.284,0.02,0,0.042,0.265,-0.19,0.012,0,0.331,-0.19,0,0,,,,,,,,,0.275,-0.08,0,0,,,,
13301,20210801,-93.15,39.87,0.299,0.11,0,0.185,0.267,-0.17,0.012,0,0.32,-0.24,0,0,,,,,,,,,0.283,-0.02,0,0.131,,,,
13301,20210802,-93.15,39.87,0.31,0.18,0,0.327,0.268,-0.15,0.012,0,0.31,-0.28,0,0,,,,,,,,,0.289,0.03,0,0.131,,,,
13301,20210803,-93.15,39.87,0.319,0.24,0,0.405,0.269,-0.14,0.012,0,0.302,-0.31,0,0,,,,,,,,,0.294,0.07,0,0.131,,,,
13301,20210804,-93.15,39.87,0.326,0.29,0,0.405,0.269,-0.14,0.012,0,0.296,-0.34,0,0,,,,,,,,,0.298,0.1,0,0.131,,,,
13301,20210805,-93.15,39.87,0.331,0.32,0,0.405,0.269,-0.14,0.012,0,0.292,-0.35,0,0,,,,,,,,,0.3,0.12,0,0.131,,,,
13301,20210806,-93.15,39.87,0.332,0.33,0,0.399,0.269,-0.14,0.018,0.006,0.289,-0.36,0.012,0,,,,,,,,,0.3,0.13,0,0.161,,,,
13301,20210807,-93.15,39.87,0.337,0.37,0,0.536,0.275,-0.1,0.018,0.006,0.286,-0.38,0.018,0,,,,,,,,,0.306,0.17,0,0.25,,,,
13301,20210808,-93.15,39.87,0.328,0.33,0,0.5,0.272,-0.12,0.018,0.006,0.284,-0.39,0.018,0,,,,,,,,,0.3,0.14,0,0.119,,,,
13301,20210809,-93.15,39.87,0.321,0.31,0,0.357,0.269,-0.14,0.018,0.006,0.282,-0.4,0.018,0,,,,,,,,,0.295,0.12,0,0.119,,,,
13301,20210810,-93.15,39.87,0.317,0.29,0,0.28,0.268,-0.14,0.018,0.006,0.281,-0.41,0.018,0,,,,,,,,,0.292,0.11,0,0.119,,,,
13301,20210811,-93.15,39.87,0.314,0.29,0,0.28,0.267,-0.14,0.018,0.006,0.28,-0.41,0.018,0,,,,,,,,,0.29,0.1,0,0.119,,,,
13301,20210812,-93.15,39.87,0.313,0.29,0,0.28,0.266,-0.14,0.018,0.006,0.279,-0.42,0.018,0,,,,,,,,,0.29,0.1,0,0.119,,,,
13301,20210813,-93.15,39.87,0.316,0.33,0,0.345,0.264,-0.15,0,0,0.279,-0.41,0.006,0,,,,,,,,,0.29,0.11,0,0.089,,,,
13301,20210814,-93.15,39.87,0.311,0.31,0,0.256,0.253,-0.22,0,0,0.278,-0.41,0,0,,,,,,,,,0.282,0.07,0,0,,,,
13301,20210815,-93.15,39.87,0.305,0.28,0,0.149,0.245,-0.27,0,0,0.276,-0.42,0,0,,,,,,,,,0.275,0.02,0,0,,,,
13301,20210816,-93.15,39.87,0.298,0.25,0,0.149,0.238,-0.32,0.101,0,0.274,-0.42,0,0,,,,,,,,,0.268,-0.02,0,0,,,,
13301,20210817,-93.15,39.87,0.291,0.22,0,0.149,0.232,-0.35,0.244,0,0.271,-0.44,0.107,0,,,,,,,,,0.262,-0.06,0,0,,,,
13301,20210818,-93.15,39.87,0.284,0.18,0,0.149,0.227,-0.38,0.387,0,0.268,-0.45,0.25,0,,,,,,,,,0.256,-0.1,0,0,,,,
13301,20210819,-93.15,39.87,0.277,0.15,0,0.149,0.224,-0.4,0.53,0,0.265,-0.47,0.393,0,,,,,,,,,0.25,-0.13,0.012,0,,,,
13301,20210820,-93.15,39.87,0.264,0.07,0,0.054,0.219,-0.43,0.673,0,0.262,-0.48,0.536,0,,,,,,,,,0.242,-0.19,0.095,0,,,,
13301,20210821,-93.15,39.87,0.253,0.02,0,0,0.214,-0.46,0.815,0,0.259,-0.49,0.679,0,,,,,,,,,0.234,-0.23,0.202,0,,,,
13301,20210822,-93.15,39.87,0.247,-0.01,0,0,0.21,-0.47,0.958,0,0.256,-0.5,0.821,0,,,,,,,,,0.229,-0.26,0.208,0,,,,
13301,20210823,-93.15,39.87,0.242,-0.03,0,0,0.207,-0.48,1,0,0.254,-0.51,0.964,0,,,,,,,,,0.224,-0.28,0.339,0,,,,
13301,20210824,-93.15,39.87,0.238,-0.05,0,0,0.204,-0.48,1,0,0.251,-0.52,1,0,,,,,,,,,0.221,-0.29,0.482,0,,,,
13301,20210825,-93.15,39.87,0.234,-0.06,0,0,0.202,-0.48,1,0,0.25,-0.53,1,0,,,,,,,,,0.218,-0.3,0.601,0,,,,
13301,20210826,-93.15,39.87,0.231,-0.07,0,0,0.2,-0.49,1,0,0.248,-0.53,1,0,,,,,,,,,0.216,-0.3,0.726,0,,,,
13301,20210827,-93.15,39.87,0.229,-0.07,0,0,0.198,-0.49,1,0,0.246,-0.54,1,0,,,,,,,,,0.213,-0.31,0.762,0,,,,
13301,20210828,-93.15,39.87,0.224,-0.09,0,0,0.196,-0.49,1,0,0.243,-0.55,1,0,,,,,,,,,0.21,-0.32,0.798,0,,,,
13301,20210829,-93.15,39.87,0.219,-0.12,0,0,0.194,-0.5,1,0,0.241,-0.56,1,0,,,,,,,,,0.206,-0.33,0.935,0,,,,
13301,20210830,-93.15,39.87,0.215,-0.14,0,0,0.191,-0.52,1,0,0.239,-0.57,1,0,,,,,,,,,0.203,-0.34,0.946,0,,,,
13301,20210831,-93.15,39.87,0.212,-0.16,0.006,0,0.189,-0.53,1,0,0.236,-0.58,1,0,,,,,,,,,0.2,-0.35,0.946,0,,,,
13301,20210901,-93.15,39.87,0.214,-0.14,0.006,0,0.201,-0.46,0.857,0,0.232,-0.61,1,0,,,,,,,,,0.207,-0.3,0.827,0,,,,
13301,20210902,-93.15,39.87,0.214,-0.13,0.006,0,0.209,-0.42,0.714,0,0.228,-0.63,1,0,,,,,,,,,0.212,-0.27,0.69,0,,,,
13301,20210903,-93.15,39.87,0.214,-0.12,0.006,0,0.213,-0.39,0.571,0,0.224,-0.65,1,0,,,,,,,,,0.214,-0.25,0.571,0,,,,
13301,20210904,-93.15,39.87,0.218,-0.09,0.006,0,0.221,-0.34,0.429,0,0.221,-0.66,1,0,,,,,,,,,0.22,-0.21,0.429,0,,,,
13301,20210905,-93.15,39.87,0.221,-0.07,0.006,0,0.229,-0.29,0.286,0,0.218,-0.67,1,0,,,,,,,,,0.225,-0.17,0.286,0,,,,
13301,20210906,-93.15,39.87,0.224,-0.04,0.006,0,0.235,-0.25,0.143,0,0.215,-0.68,1,0,,,,,,,,,0.229,-0.13,0.143,0,,,,
13301,20210907,-93.15,39.87,0.226,-0.02,0,0,0.239,-0.21,0.018,0,0.213,-0.68,1,0,,,,,,,,,0.232,-0.1,0,0,,,,
13301,20210908,-93.15,39.87,0.223,-0.03,0,0,0.227,-0.27,0.161,0,0.213,-0.67,1,0,,,,,,,,,0.225,-0.14,0,0,,,,
13301,20210909,-93.15,39.87,0.22,-0.04,0,0,0.219,-0.3,0.304,0,0.213,-0.66,1,0,,,,,,,,,0.219,-0.17,0,0,,,,
13301,20210910,-93.15,39.87,0.218,-0.05,0,0,0.213,-0.33,0.446,0,0.213,-0.64,1,0,,,,,,,,,0.216,-0.19,0.071,0,,,,
13301,20210911,-93.15,39.87,0.212,-0.09,0,0,0.204,-0.37,0.589,0,0.213,-0.63,1,0,,,,,,,,,0.208,-0.23,0.202,0,,,,
13301,20210912,-93.15,39.87,0.208,-0.12,0,0,0.195,-0.41,0.732,0,0.212,-0.62,1,0,,,,,,,,,0.201,-0.27,0.345,0,,,,
13301,20210913,-93.15,39.87,0.204,-0.15,0.012,0,0.188,-0.44,0.875,0,0.212,-0.61,1,0,,,,,,,,,0.196,-0.3,0.488,0,,,,
13301,20210914,-93.15,39.87,0.2,-0.17,0.054,0,0.182,-0.47,1,0,0.212,-0.61,1,0,,,,,,,,,0.191,-0.32,0.631,0,,,,
13301,20210915,-93.15,39.87,0.197,-0.19,0.137,0,0.178,-0.49,1,0,0.211,-0.6,1,0,,,,,,,,,0.188,-0.34,0.774,0,,,,
13301,20210916,-93.15,39.87,0.195,-0.21,0.274,0,0.176,-0.5,1,0,0.21,-0.6,1,0,,,,,,,,,0.185,-0.35,0.917,0,,,,
13301,20210917,-93.15,39.87,0.193,-0.22,0.417,0,0.173,-0.51,1,0,0.21,-0.59,1,0,,,,,,,,,0.183,-0.36,0.988,0,,,,
13301,20210918,-93.15,39.87,0.192,-0.23,0.518,0,0.171,-0.52,1,0,0.209,-0.59,1,0,,,,,,,,,0.181,-0.37,1,0,,,,
13301,20210919,-93.15,39.87,0.19,-0.23,0.583,0,0.169,-0.52,1,0,0.208,-0.58,1,0,,,,,,,,,0.18,-0.37,1,0,,,,
13301,20210920,-93.15,39.87,0.189,-0.24,0.577,0,0.168,-0.52,1,0,0.207,-0.58,1,0,,,,,,,,,0.178,-0.37,1,0,,,,
13301,20210921,-93.15,39.87,0.19,-0.22,0.536,0,0.172,-0.49,0.929,0,0.21,-0.56,0.929,0,,,,,,,,,0.181,-0.35,0.929,0,,,,
13301,20210922,-93.15,39.87,0.192,-0.21,0.452,0,0.18,-0.44,0.786,0,0.213,-0.53,0.887,0,,,,,,,,,0.186,-0.32,0.786,0,,,,
13301,20210923,-93.15,39.87,0.193,-0.2,0.315,0,0.186,-0.4,0.643,0,0.214,-0.52,0.887,0,,,,,,,,,0.189,-0.3,0.643,0,,,,
13301,20210924,-93.15,39.87,0.193,-0.19,0.173,0,0.191,-0.36,0.5,0,0.214,-0.51,0.887,0,,,,,,,,,0.192,-0.28,0.5,0,,,,
13301,20210925,-93.15,39.87,0.193,-0.19,0.071,0,0.195,-0.34,0.357,0,0.213,-0.51,0.887,0,,,,,,,,,0.194,-0.27,0.357,0,,,,
13301,20210926,-93.15,39.87,0.193,-0.18,0.006,0,0.197,-0.32,0.268,0,0.213,-0.51,0.887,0,,,,,,,,,0.195,-0.26,0.214,0,,,,
13301,20210927,-93.15,39.87,0.193,-0.18,0,0,0.199,-0.3,0.268,0,0.212,-0.51,0.887,0,,,,,,,,,0.196,-0.25,0.071,0,,,,
13301,20210928,-93.15,39.87,0.19,-0.19,0,0,0.195,-0.32,0.339,0,0.208,-0.53,0.958,0,,,,,,,,,0.192,-0.27,0,0,,,,
13301,20210929,-93.15,39.87,0.188,-0.21,0,0,0.187,-0.37,0.482,0,0.203,-0.55,1,0,,,,,,,,,0.187,-0.3,0,0,,,,
13301,20210930,-93.15,39.87,0.186,-0.21,0,0,0.18,-0.4,0.625,0,0.2,-0.56,1,0,,,,,,,,,0.183,-0.31,0.018,0,,,,
13301,20211001,-93.15,39.87,0.185,-0.22,0,0,0.176,-0.42,0.768,0,0.198,-0.56,1,0,,,,,,,,,0.18,-0.33,0.06,0,,,,
13301,20211002,-93.15,39.87,0.185,-0.22,0,0,0.172,-0.44,0.911,0,0.197,-0.56,1,0,,,,,,,,,0.178,-0.34,0.173,0,,,,
13301,20211003,-93.15,39.87,0.185,-0.22,0,0,0.169,-0.45,1,0,0.196,-0.56,1,0,,,,,,,,,0.177,-0.35,0.25,0,,,,
13301,20211004,-93.15,39.87,0.184,-0.22,0,0,0.168,-0.46,1,0,0.196,-0.56,1,0,,,,,,,,,0.176,-0.35,0.327,0,,,,
13301,20211005,-93.15,39.87,0.184,-0.23,0,0,0.166,-0.46,1,0,0.195,-0.56,1,0,,,,,,,,,0.175,-0.36,0.47,0,,,,
13301,20211006,-93.15,39.87,0.18,-0.25,0.099,0,0.162,-0.48,1,0,0.194,-0.55,1,0,,,,,,,,,0.171,-0.38,0.599,0,,,,
13301,20211007,-93.15,39.87,0.174,-0.28,0.247,0,0.157,-0.51,1,0,0.194,-0.55,1,0,,,,,,,,,0.166,-0.4,0.728,0,,,,
13301,20211008,-93.15,39.87,0.169,-0.31,0.395,0,0.152,-0.53,1,0,0.193,-0.55,1,0,,,,,,,,,0.16,-0.43,0.833,0,,,,
13301,20211009,-93.15,39.87,0.164,-0.34,0.543,0,0.146,-0.55,1,0,0.193,-0.54,1,0,,,,,,,,,0.155,-0.45,0.864,0,,,,
13301,20211010,-93.15,39.87,0.158,-0.37,0.691,0,0.141,-0.57,1,0,0.192,-0.54,1,0,,,,,,,,,0.15,-0.47,0.932,0,,,,
13301,20211011,-93.15,39.87,0.156,-0.38,0.784,0,0.14,-0.57,0.957,0,0.192,-0.54,1,0,,,,,,,,,0.148,-0.48,0.957,0,,,,
13301,20211012,-93.15,39.87,0.177,-0.29,0.784,0.062,0.159,-0.48,0.809,0,0.194,-0.53,0.87,0,,,,,,,,,0.168,-0.39,0.809,0,,,,
13301,20211013,-93.15,39.87,0.199,-0.19,0.661,0.071,0.18,-0.39,0.673,0,0.196,-0.52,0.851,0,,,,,,,,,0.19,-0.29,0.673,0,,,,
13301,20211014,-93.15,39.87,0.229,-0.06,0.518,0.167,0.206,-0.27,0.53,0,0.2,-0.51,0.708,0,,,,,,,,,0.217,-0.17,0.53,0.006,,,,
13301,20211015,-93.15,39.87,0.254,0.04,0.375,0.167,0.229,-0.17,0.387,0,0.203,-0.5,0.565,0,,,,,,,,,0.241,-0.07,0.387,0.006,,,,
13301,20211016,-93.15,39.87,0.276,0.13,0.232,0.167,0.251,-0.08,0.244,0,0.206,-0.49,0.512,0,,,,,,,,,0.264,0.02,0.244,0.006,,,,
13301,20211017,-93.15,39.87,0.297,0.21,0.089,0.167,0.271,0,0.101,0,0.207,-0.49,0.512,0,,,,,,,,,0.284,0.1,0.101,0.006,,,,
13301,20211018,-93.15,39.87,0.313,0.26,0,0.167,0.287,0.05,0,0,0.209,-0.49,0.512,0,0.275,-0.59,1,0,,,,,0.3,0.15,0,0.006,,,,
13301,20211019,-93.15,39.87,0.305,0.2,0,0.107,0.28,-0.01,0,0,0.207,-0.51,0.637,0,0.275,-0.59,1,0,,,,,0.293,0.1,0,0.006,,,,
13301,20211020,-93.15,39.87,0.298,0.15,0,0.095,0.275,-0.06,0,0,0.205,-0.53,0.661,0,0.279,-0.57,1,0,,,,,0.286,0.04,0,0.006,,,,
13301,20211021,-93.15,39.87,0.284,0.06,0,0,0.263,-0.15,0,0,0.201,-0.57,0.804,0,0.276,-0.58,1,0,,,,,0.274,-0.04,0,0,,,,
13301,20211022,-93.15,39.87,0.273,-0.02,0,0,0.255,-0.23,0.048,0,0.197,-0.62,0.946,0,0.274,-0.59,1,0,,,,,0.264,-0.12,0,0,,,,
13301,20211023,-93.15,39.87,0.263,-0.09,0,0,0.247,-0.3,0.19,0,0.194,-0.67,1,0,,,,,,,,,0.255,-0.2,0,0,,,,
13301,20211024,-93.15,39.87,0.258,-0.15,0,0,0.242,-0.36,0.292,0,0.193,-0.72,1,0,,,,,,,,,0.25,-0.26,0.095,0,,,,
13301,20211025,-93.15,39.87,0.266,-0.11,0,0,0.249,-0.34,0.292,0,0.201,-0.73,1,0,,,,,,,,,0.258,-0.23,0.095,0,,,,
13301,20211026,-93.15,39.87,0.273,-0.09,0,0,0.255,-0.33,0.292,0,0.21,-0.73,1,0,,,,,,,,,0.264,-0.22,0.095,0,,,,
13301,20211027,-93.15,39.87,0.28,-0.06,0,0,0.262,-0.31,0.292,0,0.218,-0.74,1,0,,,,,,,,,0.271,-0.2,0.095,0,,,,
13301,20211028,-93.15,39.87,0.295,0.02,0,0.089,0.275,-0.24,0.292,0,0.231,-0.71,0.946,0,,,,,,,,,0.285,-0.12,0.095,0.06,,,,
13301,20211029,-93.15,39.87,0.317,0.16,0,0.232,0.294,-0.14,0.244,0,0.263,-0.56,0.804,0.012,,,,,,,,,0.305,0,0.095,0.202,,,,
13301,20211030,-93.15,39.87,0.337,0.29,0,0.375,0.311,-0.04,0.101,0,0.296,-0.39,0.661,0.012,,,,,,,,,0.324,0.12,0.095,0.339,,,,
13301,20211031,-93.15,39.87,0.352,0.41,0,0.518,0.324,0.04,0,0,0.326,-0.22,0.518,0.012,,,,,,,,,0.338,0.22,0,0.351,,,,
13301,20211101,-93.15,39.87,0.354,0.45,0,0.661,0.326,0.04,0,0,0.347,-0.11,0.375,0.012,,,,,,,,,0.34,0.25,0,0.351,,,,
13301,20211102,-93.15,39.87,0.358,0.5,0,0.804,0.329,0.06,0,0,0.367,0.01,0.232,0.012,,,,,,,,,0.344,0.28,0,0.351,,,,
13301,20211103,-93.15,39.87,0.365,0.57,0,0.946,0.333,0.08,0,0,0.387,0.12,0.089,0.012,,,,,,,,,0.349,0.33,0,0.351,,,,
13301,20211104,-93.15,39.87,0.363,0.58,0,1,0.331,0.06,0,0,0.402,0.21,0,0.012,,,,,,,,,0.347,0.32,0,0.292,,,,
13301,20211105,-93.15,39.87,0.355,0.54,0,1,0.324,0,0,0,0.397,0.18,0,0,,,,,,,,,0.339,0.28,0,0.149,,,,
13301,20211106,-93.15,39.87,0.349,0.51,0,0.887,0.319,-0.05,0,0,0.391,0.13,0,0,,,,,,,,,0.334,0.24,0,0.012,,,,
13301,20211107,-93.15,39.87,0.345,0.48,0,0.744,0.315,-0.09,0,0,0.387,0.09,0,0,,,,,,,,,0.33,0.21,0,0,,,,
13301,20211108,-93.15,39.87,0.341,0.45,0,0.601,0.313,-0.12,0,0,0.383,0.05,0,0,,,,,,,,,0.327,0.18,0,0,,,,
13301,20211109,-93.15,39.87,0.337,0.41,0,0.458,0.31,-0.16,0.119,0,0.379,0,0,0,,,,,,,,,0.323,0.14,0,0,,,,
13301,20211110,-93.15,39.87,0.331,0.35,0,0.315,0.307,-0.21,0.262,0,0.375,-0.04,0,0,,,,,,,,,0.319,0.1,0,0,,,,
13301,20211111,-93.15,39.87,0.331,0.35,0,0.22,0.307,-0.21,0.363,0.042,0.374,-0.05,0,0.036,,,,,,,,,0.319,0.1,0,0.042,,,,
13301,20211112,-93.15,39.87,0.336,0.39,0,0.22,0.312,-0.14,0.363,0.113,0.381,0.01,0,0.179,,,,,,,,,0.324,0.16,0,0.185,,,,
13301,20211113,-93.15,39.87,0.34,0.43,0,0.333,0.315,-0.09,0.363,0.113,0.387,0.07,0,0.321,,,,,,,,,0.327,0.2,0,0.327,,,,
13301,20211114,-93.15,39.87,0.344,0.45,0,0.476,0.317,-0.05,0.363,0.113,0.392,0.12,0,0.464,,,,,,,,,0.33,0.24,0,0.458,,,,
13301,20211115,-93.15,39.87,0.347,0.48,0,0.619,0.32,-0.01,0.363,0.113,0.397,0.18,0,0.601,,,,,,,,,0.334,0.28,0,0.47,,,,
13301,20211116,-93.15,39.87,0.351,0.51,0,0.762,0.323,0.03,0.244,0.113,0.401,0.23,0,0.625,0.333,-0.58,1,0,,,,,0.337,0.32,0,0.47,,,,
13301,20211117,-93.15,39.87,0.355,0.55,0,0.845,0.326,0.07,0.101,0.113,0.406,0.28,0,0.625,0.333,-0.58,1,0,,,,,0.341,0.36,0,0.47,,,,
13301,20211118,-93.15,39.87,0.355,0.54,0,0.804,0.326,0.07,0,0.071,0.408,0.3,0,0.589,0.334,-0.58,1,0,,,,,0.34,0.36,0,0.429,,,,
13301,20211119,-93.15,39.87,0.348,0.47,0,0.661,0.321,-0.01,0,0,0.402,0.24,0,0.446,0.333,-0.6,1,0,,,,,0.334,0.29,0,0.286,,,,
13301,20211120,-93.15,39.87,0.343,0.41,0,0.518,0.317,-0.06,0.018,0,0.398,0.18,0,0.304,0.332,-0.6,1,0,,,,,0.33,0.23,0,0.143,,,,
13301,20211121,-93.15,39.87,0.338,0.36,0,0.375,0.314,-0.1,0.131,0,0.394,0.14,0,0.161,0.333,-0.59,1,0,,,,,0.326,0.19,0,0.012,,,,
13301,20211122,-93.15,39.87,0.334,0.31,0,0.232,0.312,-0.15,0.262,0,0.39,0.09,0,0.024,0.336,-0.57,1,0,,,,,0.323,0.15,0,0,,,,
13301,20211123,-93.15,39.87,0.329,0.26,0,0.089,0.309,-0.19,0.405,0,0.387,0.04,0,0,0.339,-0.54,1,0,,,,,0.319,0.1,0,0,,,,
13301,20211124,-93.15,39.87,0.325,0.21,0,0.006,0.306,-0.23,0.548,0,0.383,0,0,0,0.343,-0.51,1,0,,,,,0.315,0.06,0,0,,,,
13301,20211125,-93.15,39.87,0.32,0.16,0,0,0.303,-0.26,0.69,0,0.379,-0.05,0,0,0.346,-0.47,1,0,,,,,0.312,0.02,0,0,,,,
13301,20211126,-93.15,39.87,0.317,0.12,0,0,0.301,-0.29,0.833,0,0.376,-0.08,0,0,0.349,-0.44,1,0,,,,,0.309,-0.01,0,0,,,,
13301,20211127,-93.15,39.87,0.313,0.07,0,0,0.299,-0.32,0.958,0,0.373,-0.12,0,0,0.351,-0.41,1,0,,,,,0.306,-0.04,0,0,,,,
13301,20211128,-93.15,39.87,0.31,0.02,0,0,0.296,-0.34,0.988,0,0.37,-0.15,0,0,0.353,-0.38,1,0,,,,,0.303,-0.08,0,0,,,,
13301,20211129,-93.15,39.87,0.306,-0.03,0,0,0.294,-0.36,1,0,0.368,-0.17,0,0,0.352,-0.36,0.994,0,,,,,0.3,-0.12,0,0,,,,
13301,20211130,-93.15,39.87,0.303,-0.07,0,0,0.292,-0.38,1,0,0.365,-0.2,0,0,0.347,-0.38,0.994,0,,,,,0.297,-0.15,0,0,,,,
13301,20211201,-93.15,39.87,0.3,-0.12,0,0,0.29,-0.39,1,0,0.363,-0.21,0,0,0.338,-0.4,0.994,0,,,,,0.295,-0.18,0,0,,,,
13301,20211202,-93.15,39.87,0.297,-0.16,0,0,0.288,-0.41,1,0,0.361,-0.23,0,0,0.33,-0.43,0.994,0,,,,,0.293,-0.22,0.071,0,,,,
13301,20211203,-93.15,39.87,0.294,-0.2,0,0,0.286,-0.42,1,0,0.359,-0.24,0,0,0.322,-0.46,0.994,0,,,,,0.29,-0.26,0.214,0,,,,
13301,20211204,-93.15,39.87,0.291,-0.24,0.006,0,0.285,-0.43,1,0,0.357,-0.26,0,0,0.314,-0.49,0.994,0,,,,,0.288,-0.29,0.357,0,,,,
13301,20211205,-93.15,39.87,0.289,-0.28,0.113,0,0.283,-0.45,1,0,0.355,-0.27,0,0,0.306,-0.52,0.994,0,,,,,0.286,-0.33,0.5,0,,,,
13301,20211206,-93.15,39.87,0.286,-0.32,0.256,0,0.281,-0.46,1,0,0.352,-0.29,0,0,0.297,-0.56,1,0,,,,,0.284,-0.36,0.643,0,,,,
13301,20211207,-93.15,39.87,0.283,-0.37,0.399,0,0.28,-0.48,1,0,0.35,-0.3,0.006,0,0.297,-0.56,1,0,,,,,0.281,-0.4,0.786,0,,,,
13301,20211208,-93.15,39.87,0.279,-0.41,0.542,0,0.278,-0.5,1,0,0.347,-0.33,0.107,0,0.296,-0.56,1,0,,,,,0.278,-0.45,0.929,0,,,,
13301,20211209,-93.15,39.87,0.276,-0.46,0.685,0,0.276,-0.52,1,0,0.344,-0.36,0.25,0,0.296,-0.57,1,0,,,,,0.276,-0.48,1,0,,,,
13301,20211210,-93.15,39.87,0.272,-0.5,0.827,0,0.274,-0.54,1,0,0.342,-0.38,0.393,0,0.296,-0.57,1,0,,,,,0.273,-0.52,1,0,,,,
13301,20211211,-93.15,39.87,0.27,-0.54,0.964,0,0.273,-0.55,1,0,0.339,-0.41,0.536,0,0.295,-0.58,1,0,,,,,0.271,-0.55,1,0,,,,
13301,20211212,-93.15,39.87,0.267,-0.57,1,0,0.271,-0.56,1,0,0.337,-0.43,0.679,0,0.295,-0.61,1,0,,,,,0.269,-0.57,1,0,,,,
13301,20211213,-93.15,39.87,0.264,-0.59,1,0,0.27,-0.57,1,0,0.335,-0.46,0.821,0,0.294,-0.64,1,0,,,,,0.267,-0.58,1,0,,,,
13301,20211214,-93.15,39.87,0.262,-0.61,1,0,0.269,-0.57,1,0,0.333,-0.49,0.958,0,0.298,-0.65,1,0,,,,,0.265,-0.59,1,0,,,,
13301,20211215,-93.15,39.87,0.26,-0.61,1,0,0.268,-0.57,1,0,0.331,-0.51,1,0,0.302,-0.66,1,0,,,,,0.264,-0.6,1,0,,,,
13301,20211216,-93.15,39.87,0.261,-0.61,1,0,0.267,-0.57,1,0,0.33,-0.53,1,0,0.305,-0.68,1,0,,,,,0.264,-0.6,1,0,,,,
13301,20211217,-93.15,39.87,0.261,-0.62,1,0,0.266,-0.58,1,0,0.329,-0.55,1,0,0.307,-0.68,1,0,,,,,0.264,-0.61,1,0,,,,
13301,20211218,-93.15,39.87,0.26,-0.64,1,0,0.265,-0.59,1,0,0.327,-0.57,1,0,0.31,-0.68,1,0,,,,,0.262,-0.62,1,0,,,,
13301,20211219,-93.15,39.87,0.259,-0.66,1,0,0.264,-0.61,1,0,0.325,-0.58,1,0,0.313,-0.68,1,0,,,,,0.261,-0.64,1,0,,,,
13301,20211220,-93.15,39.87,0.259,-0.68,1,0,0.262,-0.64,1,0,0.323,-0.59,1,0,0.317,-0.68,1,0,,,,,0.261,-0.66,1,0,,,,
13301,20211221,-93.15,39.87,0.259,-0.71,1,0,0.261,-0.66,1,0,0.321,-0.6,1,0,0.319,-0.69,1,0,,,,,0.26,-0.69,1,0,,,,
13301,20211222,-93.15,39.87,0.259,-0.75,1,0,0.259,-0.69,1,0,0.319,-0.61,1,0,0.323,-0.69,1,0,,,,,0.259,-0.72,1,0,,,,
13301,20211223,-93.15,39.87,0.256,-0.8,1,0,0.257,-0.72,1,0,0.317,-0.63,1,0,0.326,-0.7,1,0,,,,,0.257,-0.76,1,0,,,,
13301,20211224,-93.15,39.87,0.252,-0.86,1,0,0.256,-0.75,1,0,0.315,-0.66,1,0,0.33,-0.71,1,0,,,,,0.254,-0.8,1,0,,,,
13301,20211225,-93.15,39.87,0.25,-0.9,1,0,0.255,-0.77,1,0,0.314,-0.67,1,0,0.333,-0.72,1,0,,,,,0.252,-0.84,1,0,,,,
13301,20211226,-93.15,39.87,0.247,-0.94,1,0,0.255,-0.79,1,0,0.313,-0.69,1,0,0.336,-0.73,1,0,,,,,0.251,-0.88,1,0,,,,
13301,20211227,-93.15,39.87,0.244,-0.98,1,0,0.254,-0.8,1,0,0.313,-0.71,1,0,0.339,-0.73,1,0,,,,,0.249,-0.92,1,0,,,,
13301,20211228,-93.15,39.87,0.242,-1.03,1,0,0.254,-0.82,1,0,0.313,-0.72,1,0,0.341,-0.75,1,0,,,,,0.248,-0.95,1,0,,,,
13301,20211229,-93.15,39.87,0.252,-0.97,1,0,0.262,-0.78,1,0,0.316,-0.73,1,0,0.343,-0.75,1,0,,,,,0.257,-0.9,1,0,,,,
13301,20211230,-93.15,39.87,0.261,-0.92,1,0,0.269,-0.74,1,0,0.319,-0.72,1,0,0.344,-0.76,1,0,,,,,0.265,-0.86,1,0,,,,
13301,20211231,-93.15,39.87,0.271,-0.86,1,0,0.275,-0.71,1,0,0.321,-0.72,1,0,0.345,-0.76,1,0,,,,,0.273,-0.81,1,0,,,,
13301,20220101,-93.15,39.87,0.28,-0.8,1,0,0.281,-0.68,1,0,0.324,-0.72,1,0,0.346,-0.77,1,0,,,,,0.281,-0.77,1,0,,,,
13301,20220102,-93.15,39.87,0.292,-0.73,1,0,0.287,-0.65,1,0,0.326,-0.72,1,0,0.347,-0.78,1,0,,,,,0.29,-0.71,1,0,,,,
13301,20220103,-93.15,39.87,0.305,-0.64,1,0,0.293,-0.62,1,0,0.328,-0.72,1,0,0.348,-0.79,1,0,,,,,0.299,-0.64,1,0,,,,
13301,20220104,-93.15,39.87,0.319,-0.54,1,0,0.302,-0.57,1,0,0.33,-0.72,1,0,0.349,-0.8,1,0,,,,,0.31,-0.56,1,0,,,,
13301,20220105,-93.15,39.87,0.324,-0.5,0.935,0,0.302,-0.58,1,0,0.33,-0.73,1,0,0.348,-0.83,1,0,,,,,0.313,-0.54,0.976,0,,,,
13301,20220106,-93.15,39.87,0.333,-0.43,0.792,0,0.304,-0.58,1,0,0.33,-0.74,1,0,0.347,-0.85,1,0,,,,,0.318,-0.5,0.97,0,,,,
13301,20220107,-93.15,39.87,0.34,-0.37,0.661,0,0.304,-0.6,1,0,0.33,-0.75,1,0,0.346,-0.87,1,0,,,,,0.322,-0.48,0.97,0,,,,
13301,20220108,-93.15,39.87,0.346,-0.32,0.625,0,0.303,-0.61,1,0,0.329,-0.76,1,0,0.345,-0.89,1,0,,,,,0.325,-0.46,0.969,0,,,,
13301,20220109,-93.15,39.87,0.35,-0.28,0.559,0,0.302,-0.63,1,0,0.329,-0.77,1,0,0.345,-0.91,1,0,,,,,0.327,-0.44,0.963,0,,,,
13301,20220110,-93.15,39.87,,,,,0.3,-0.66,1,0,0.328,-0.78,1,0,0.344,-0.92,1,0,,,,,,,,,,,,
13301,20220111,-93.15,39.87,,,,,0.297,-0.69,1,0,0.328,-0.8,1,0,0.344,-0.94,1,0,,,,,,,,,,,,
13301,20220112,-93.15,39.87,,,,,,,,,0.328,-0.81,1,0,0.344,-0.95,1,0,,,,,,,,,,,,
13301,20220113,-93.15,39.87,,,,,,,,,0.33,-0.81,1,0,0.346,-0.96,1,0,,,,,,,,,,,,
13301,20220114,-93.15,39.87,,,,,,,,,0.332,-0.8,1,0,0.346,-0.97,1,0,,,,,,,,,,,,
13301,20220115,-93.15,39.87,,,,,,,,,0.336,-0.8,1,0,0.347,-1,1,0,,,,,,,,,,,,
13301,20220116,-93.15,39.87,,,,,,,,,0.345,-0.74,1,0,0.349,-1.05,1,0,,,,,,,,,,,,
13301,20220117,-93.15,39.87,,,,,,,,,0.355,-0.67,1,0,0.351,-1.12,1,0,,,,,,,,,,,,
13301,20220118,-93.15,39.87,,,,,,,,,0.364,-0.6,1,0,0.352,-1.2,1,0,,,,,,,,,,,,
13301,20220119,-93.15,39.87,0.397,0.06,0.029,0,0.319,-0.57,1,0,0.375,-0.52,0.905,0,0.353,-1.28,1,0,,,,,0.36,-0.26,0.343,0,,,,
13301,20220120,-93.15,39.87,0.396,0.04,0.025,0,0.32,-0.57,1,0,0.384,-0.45,0.774,0,0.354,-1.37,1,0,,,,,0.359,-0.28,0.441,0,,,,
13301,20220121,-93.15,39.87,0.4,0.07,0,0,0.326,-0.53,1,0,0.391,-0.4,0.756,0,0.355,-1.47,1,0,,,,,0.363,-0.24,0.419,0,,,,
13301,20220122,-93.15,39.87,,,,,0.329,-0.5,1,0,0.397,-0.35,0.756,0,0.355,-1.56,1,0,,,,,,,,,,,,
13301,20220123,-93.15,39.87,,,,,,,,,0.396,-0.36,0.756,0,0.355,-1.64,1,0,,,,,,,,,,,,
13301,20220124,-93.15,39.87,,,,,,,,,0.395,-0.37,0.756,0,0.354,-1.7,1,0,,,,,,,,,,,,
13301,20220125,-93.15,39.87,,,,,,,,,0.393,-0.38,0.756,0,0.354,-1.76,1,0,,,,,,,,,,,,
13301,20220126,-93.15,39.87,,,,,,,,,0.389,-0.41,0.851,0,0.353,-1.81,1,0,,,,,,,,,,,,
13301,20220127,-93.15,39.87,,,,,,,,,0.385,-0.45,0.982,0,0.351,-1.86,1,0,,,,,,,,,,,,
13301,20220128,-93.15,39.87,,,,,,,,,0.382,-0.49,1,0,0.35,-1.9,1,0,,,,,,,,,,,,
13301,20220129,-93.15,39.87,,,,,,,,,0.379,-0.53,1,0,0.35,-1.92,1,0,,,,,,,,,,,,
13301,20220130,-93.15,39.87,,,,,,,,,0.377,-0.56,1,0,0.349,-1.94,1,0,,,,,,,,,,,,
13301,20220131,-93.15,39.87,,,,,,,,,0.375,-0.59,1,0,0.348,-1.96,1,0,,,,,,,,,,,,
13301,20220201,-93.15,39.87,,,,,,,,,0.374,-0.62,1,0,0.348,-1.97,1,0,,,,,,,,,,,,
13301,20220202,-93.15,39.87,,,,,,,,,0.373,-0.66,1,0,0.348,-1.97,1,0,,,,,,,,,,,,
13301,20220203,-93.15,39.87,,,,,,,,,0.371,-0.69,1,0,0.347,-1.98,1,0,,,,,,,,,,,,
13301,20220204,-93.15,39.87,,,,,,,,,0.371,-0.73,1,0,0.347,-1.98,1,0,,,,,,,,,,,,
13301,20220205,-93.15,39.87,,,,,,,,,0.37,-0.76,1,0,0.346,-1.99,1,0,,,,,,,,,,,,
13301,20220206,-93.15,39.87,,,,,,,,,0.369,-0.8,1,0,0.346,-1.99,1,0,,,,,,,,,,,,
13301,20220207,-93.15,39.87,,,,,,,,,0.369,-0.85,1,0,0.346,-1.99,1,0,,,,,,,,,,,,
13301,20220208,-93.15,39.87,,,,,,,,,0.368,-0.9,1,0,0.346,-2,1,0,,,,,,,,,,,,
13301,20220209,-93.15,39.87,,,,,,,,,0.367,-0.95,1,0,0.345,-2,1,0,,,,,,,,,,,,
13301,20220210,-93.15,39.87,,,,,,,,,0.367,-1,1,0,0.345,-2.01,1,0,,,,,,,,,,,,
13301,20220211,-93.15,39.87,,,,,,,,,0.366,-1.05,1,0,0.345,-2.01,1,0,,,,,,,,,,,,
13301,20220212,-93.15,39.87,,,,,,,,,0.367,-1.08,1,0,0.345,-2.02,1,0,,,,,,,,,,,,
13301,20220213,-93.15,39.87,,,,,,,,,0.368,-1.1,1,0,0.344,-2.03,1,0,,,,,,,,,,,,
13301,20220214,-93.15,39.87,,,,,,,,,0.37,-1.1,1,0,0.344,-2.04,1,0,,,,,,,,,,,,
13301,20220215,-93.15,39.87,,,,,,,,,0.371,-1.11,1,0,0.344,-2.06,1,0,,,,,,,,,,,,
13301,20220216,-93.15,39.87,,,,,,,,,0.373,-1.1,1,0,0.344,-2.08,1,0,,,,,,,,,,,,
13301,20220217,-93.15,39.87,,,,,,,,,0.377,-1.06,1,0,0.344,-2.11,1,0,,,,,,,,,,,,
13301,20220218,-93.15,39.87,,,,,,,,,0.383,-0.99,1,0,0.344,-2.14,1,0,,,,,,,,,,,,
13301,20220219,-93.15,39.87,,,,,,,,,0.387,-0.93,1,0,0.344,-2.17,1,0,,,,,,,,,,,,
13301,20220220,-93.15,39.87,,,,,,,,,0.391,-0.89,1,0,0.344,-2.19,1,0,,,,,,,,,,,,
13301,20220221,-93.15,39.87,0.344,-0.46,0.241,0,,,,,0.396,-0.83,1,0,0.346,-2.18,1,0,,,,,,,,,,,,
13301,20220222,-93.15,39.87,0.352,-0.39,0.298,0,0.339,-0.91,0.986,0,0.402,-0.77,1,0,0.348,-2.16,1,0,,,,,0.358,-0.51,0.913,0,,,,
13301,20220223,-93.15,39.87,0.371,-0.24,0.304,0,0.334,-0.95,0.988,0,0.406,-0.72,1,0,0.349,-2.13,1,0,,,,,0.354,-0.55,0.926,0,,,,
13301,20220224,-93.15,39.87,0.371,-0.24,0.369,0,0.327,-1.03,0.988,0,0.407,-0.72,1,0,0.351,-2.09,1,0,,,,,0.349,-0.6,0.976,0,,,,
13301,20220225,-93.15,39.87,0.364,-0.3,0.512,0,0.322,-1.07,0.988,0,0.405,-0.76,1,0,0.352,-2.05,1,0,,,,,0.343,-0.65,0.976,0,,,,
13301,20220226,-93.15,39.87,0.358,-0.35,0.655,0,0.318,-1.11,0.988,0,0.402,-0.8,1,0,0.353,-2.02,1,0,,,,,0.338,-0.7,0.976,0,,,,
13301,20220227,-93.15,39.87,0.35,-0.42,0.77,0,0.314,-1.14,0.987,0,0.399,-0.84,1,0,0.354,-1.99,1,0,,,,,0.332,-0.75,0.973,0,,,,
13301,20220228,-93.15,39.87,,,,,0.309,-1.19,1,0,0.393,-0.91,1,0,0.353,-1.99,1,0,,,,,,,,,,,,
13301,20220301,-93.15,39.87,,,,,,,,,0.387,-0.97,1,0,0.352,-2.01,1,0,,,,,,,,,,,,
13301,20220302,-93.15,39.87,,,,,,,,,0.383,-1.01,1,0,0.351,-2.03,1,0,,,,,,,,,,,,
13301,20220303,-93.15,39.87,,,,,,,,,0.382,-1.03,1,0,0.35,-2.05,1,0,,,,,,,,,,,,
13301,20220304,-93.15,39.87,,,,,,,,,0.382,-1.04,1,0,0.349,-2.07,1,0,,,,,,,,,,,,
13301,20220305,-93.15,39.87,,,,,,,,,0.382,-1.04,1,0,0.349,-2.08,1,0,,,,,,,,,,,,
13301,20220306,-93.15,39.87,0.304,-0.82,1,0,0.309,-1.21,1,0,0.384,-1.03,1,0,0.348,-2.09,1,0,,,,,0.311,-0.94,1,0,,,,
13301,20220307,-93.15,39.87,0.311,-0.77,1,0,0.31,-1.21,1,0,0.386,-1.01,1,0,0.348,-2.1,1,0,,,,,0.311,-0.94,1,0,,,,
13301,20220308,-93.15,39.87,0.313,-0.76,1,0,0.312,-1.19,1,0,0.389,-0.99,1,0,0.348,-2.11,1,0,,,,,0.313,-0.93,1,0,,,,
13301,20220309,-93.15,39.87,0.315,-0.75,1,0,0.317,-1.14,1,0,0.394,-0.94,1,0,0.348,-2.11,1,0,,,,,0.316,-0.91,1,0,,,,
13301,20220310,-93.15,39.87,0.32,-0.71,0.976,0,0.324,-1.08,1,0,0.4,-0.88,1,0,0.35,-2.1,1,0,,,,,0.322,-0.86,1,0,,,,
13301,20220311,-93.15,39.87,0.324,-0.68,0.976,0,0.328,-1.05,1,0,0.403,-0.85,1,0,0.351,-2.09,1,0,,,,,0.326,-0.83,1,0,,,,
13301,20220312,-93.15,39.87,0.33,-0.63,0.976,0,0.333,-1.01,1,0,0.407,-0.81,1,0,0.353,-2.08,1,0,,,,,0.332,-0.79,1,0,,,,
13301,20220313,-93.15,39.87,0.336,-0.59,0.976,0,0.336,-0.98,1,0,0.41,-0.8,1,0,0.354,-2.07,1,0,,,,,0.336,-0.76,1,0,,,,
13301,20220314,-93.15,39.87,0.342,-0.55,0.97,0,0.341,-0.94,1,0,0.414,-0.77,1,0,0.356,-2.05,1,0,,,,,0.341,-0.72,1,0,,,,
13301,20220315,-93.15,39.87,0.344,-0.53,0.97,0,0.344,-0.92,1,0,0.419,-0.74,1,0,0.359,-2.03,1,0,,,,,0.344,-0.7,1,0,,,,
13301,20220316,-93.15,39.87,0.345,-0.54,0.97,0,0.345,-0.93,1,0,0.42,-0.74,1,0,0.361,-2.01,1,0,,,,,0.345,-0.71,1,0,,,,
13301,20220317,-93.15,39.87,0.342,-0.57,0.994,0,0.342,-0.96,1,0,0.419,-0.79,1,0,0.362,-2,1,0,,,,,0.342,-0.75,1,0,,,,
13301,20220318,-93.15,39.87,0.34,-0.59,0.994,0,0.341,-0.98,1,0,0.418,-0.83,1,0,0.363,-2,1,0,,,,,0.34,-0.77,1,0,,,,
13301,20220319,-93.15,39.87,0.342,-0.6,0.994,0,0.342,-0.97,1,0,0.42,-0.84,1,0,0.364,-1.98,1,0,,,,,0.342,-0.77,1,0,,,,
13301,20220320,-93.15,39.87,0.342,-0.61,0.994,0,0.346,-0.95,1,0,0.424,-0.82,1,0,0.368,-1.95,1,0,,,,,0.344,-0.77,1,0,,,,
13301,20220321,-93.15,39.87,0.341,-0.64,1,0,0.345,-0.96,1,0,0.424,-0.85,1,0,0.371,-1.92,1,0,,,,,0.343,-0.8,1,0,,,,
13301,20220322,-93.15,39.87,0.343,-0.64,0.982,0,0.349,-0.93,0.97,0.024,0.428,-0.84,0.964,0.03,0.38,-1.84,0.964,0,,,,,0.346,-0.79,0.97,0,,,,
13301,20220323,-93.15,39.87,0.365,-0.47,0.881,0.095,0.373,-0.7,0.827,0.119,0.446,-0.66,0.821,0.149,0.408,-1.56,0.821,0,,,,,0.369,-0.59,0.827,0.095,,,,
13301,20220324,-93.15,39.87,0.395,-0.24,0.738,0.238,0.4,-0.44,0.685,0.262,0.465,-0.46,0.679,0.292,0.436,-1.28,0.679,0,,,,,0.398,-0.34,0.685,0.238,,,,
13301,20220325,-93.15,39.87,0.426,0,0.595,0.381,0.429,-0.16,0.542,0.405,0.485,-0.25,0.536,0.435,0.464,-1,0.536,0,,,,,0.427,-0.08,0.542,0.381,,,,
13301,20220326,-93.15,39.87,0.444,0.14,0.452,0.446,0.449,0.03,0.399,0.464,0.502,-0.06,0.393,0.577,0.492,-0.73,0.393,0,,,,,0.446,0.09,0.399,0.44,,,,
13301,20220327,-93.15,39.87,0.454,0.21,0.31,0.446,0.46,0.14,0.274,0.464,0.517,0.12,0.25,0.69,0.518,-0.47,0.25,0,,,,,0.457,0.18,0.268,0.44,,,,
13301,20220328,-93.15,39.87,0.462,0.27,0.31,0.446,0.468,0.21,0.274,0.464,0.529,0.26,0.107,0.69,0.544,-0.21,0.107,0,,,,,0.465,0.25,0.268,0.44,,,,
13301,20220329,-93.15,39.87,0.465,0.29,0.327,0.446,0.468,0.22,0.304,0.44,0.531,0.28,0.137,0.661,0.563,-0.01,0,0,,,,,0.467,0.27,0.298,0.44,,,,
13301,20220330,-93.15,39.87,0.454,0.21,0.381,0.393,0.454,0.1,0.399,0.387,0.519,0.15,0.238,0.542,0.564,-0.01,0,0,,,,,0.454,0.16,0.393,0.387,,,,
13301,20220331,-93.15,39.87,0.45,0.2,0.381,0.393,0.451,0.09,0.399,0.387,0.514,0.11,0.238,0.399,0.564,-0.01,0,0,,,,,0.451,0.15,0.393,0.387,,,,
13301,20220401,-93.15,39.87,0.442,0.15,0.381,0.393,0.448,0.08,0.399,0.381,0.509,0.08,0.238,0.256,0.565,0,0,0,,,,,0.445,0.12,0.393,0.387,,,,
13301,20220402,-93.15,39.87,0.438,0.13,0.381,0.363,0.443,0.05,0.399,0.339,0.504,0.06,0.238,0.22,0.565,0,0,0,,,,,0.441,0.1,0.393,0.345,,,,
13301,20220403,-93.15,39.87,0.438,0.14,0.381,0.363,0.442,0.06,0.381,0.339,0.5,0.05,0.238,0.232,0.565,0,0,0,,,,,0.44,0.11,0.381,0.345,,,,
13301,20220404,-93.15,39.87,0.44,0.16,0.238,0.363,0.443,0.09,0.31,0.339,0.501,0.1,0.238,0.28,0.565,0,0,0,,,,,0.441,0.14,0.238,0.345,,,,
13301,20220405,-93.15,39.87,0.442,0.2,0.095,0.363,0.446,0.13,0.256,0.339,0.506,0.22,0.101,0.327,0.565,0,0,0,,,,,0.444,0.18,0.095,0.345,,,,
13301,20220406,-93.15,39.87,0.445,0.24,0.006,0.381,0.451,0.21,0.226,0.363,0.512,0.32,0,0.399,0.565,0,0,0,,,,,0.448,0.23,0.018,0.369,,,,
13301,20220407,-93.15,39.87,0.436,0.16,0.006,0.292,0.445,0.16,0.226,0.268,0.513,0.37,0,0.542,0.566,0,0,0,,,,,0.44,0.17,0.018,0.274,,,,
13301,20220408,-93.15,39.87,0.426,0.07,0.006,0.149,0.431,0.04,0.226,0.131,0.513,0.4,0,0.685,0.566,0,0,0,,,,,0.429,0.07,0.018,0.131,,,,
13301,20220409,-93.15,39.87,0.418,0.01,0.006,0.113,0.423,-0.03,0.226,0.113,0.509,0.37,0,0.589,0.566,0,0,0,,,,,0.42,0.01,0.018,0.113,,,,
13301,20220410,-93.15,39.87,0.413,-0.02,0.006,0.113,0.418,-0.05,0.238,0.113,0.501,0.3,0,0.464,0.566,0,0,0,,,,,0.415,-0.02,0.018,0.113,,,,
13301,20220411,-93.15,39.87,0.409,-0.04,0.03,0.113,0.414,-0.07,0.292,0.113,0.492,0.22,0.089,0.417,0.566,0.01,0,0,,,,,0.411,-0.04,0.125,0.113,,,,
13301,20220412,-93.15,39.87,0.404,-0.06,0.161,0.113,0.409,-0.09,0.345,0.113,0.482,0.13,0.232,0.369,0.566,0.01,0,0,,,,,0.406,-0.07,0.268,0.113,,,,
13301,20220413,-93.15,39.87,0.393,-0.15,0.298,0.054,0.396,-0.2,0.423,0.048,0.472,0.03,0.375,0.298,0.566,0.01,0,0,,,,,0.395,-0.17,0.393,0.048,,,,
13301,20220414,-93.15,39.87,0.381,-0.24,0.321,0,0.381,-0.32,0.565,0,0.458,-0.11,0.518,0.155,0.566,0.01,0,0,,,,,0.381,-0.28,0.536,0,,,,
13301,20220415,-93.15,39.87,0.373,-0.29,0.446,0,0.373,-0.39,0.708,0,0.444,-0.26,0.661,0.012,0.566,0.01,0,0,,,,,0.373,-0.34,0.679,0,,,,
13301,20220416,-93.15,39.87,0.366,-0.34,0.589,0,0.366,-0.45,0.851,0,0.433,-0.37,0.804,0,0.565,0,0,0,,,,,0.366,-0.39,0.821,0,,,,
13301,20220417,-93.15,39.87,0.358,-0.39,0.732,0,0.36,-0.5,0.982,0,0.425,-0.44,0.946,0,0.561,-0.03,0,0,,,,,0.359,-0.45,0.964,0,,,,
13301,20220418,-93.15,39.87,0.354,-0.42,0.792,0,0.356,-0.54,1,0,0.419,-0.49,1,0,0.555,-0.07,0,0,,,,,0.355,-0.48,1,0,,,,
13301,20220419,-93.15,39.87,0.355,-0.39,0.661,0,0.354,-0.54,1,0,0.415,-0.53,1,0,0.544,-0.15,0.083,0,,,,,0.355,-0.46,0.875,0,,,,
13301,20220420,-93.15,39.87,0.356,-0.36,0.518,0,0.353,-0.53,1,0,0.412,-0.55,1,0,0.532,-0.24,0.226,0,,,,,0.355,-0.44,0.744,0,,,,
13301,20220421,-93.15,39.87,0.362,-0.29,0.494,0.018,0.357,-0.47,0.887,0,0.417,-0.48,0.893,0.006,0.525,-0.28,0.286,0,,,,,0.36,-0.37,0.601,0,,,,
13301,20220422,-93.15,39.87,0.367,-0.23,0.369,0.018,0.362,-0.4,0.744,0,0.423,-0.38,0.75,0.006,0.526,-0.26,0.286,0,,,,,0.364,-0.3,0.458,0,,,,
13301,20220423,-93.15,39.87,0.371,-0.18,0.226,0.018,0.365,-0.35,0.601,0,0.428,-0.32,0.607,0.006,0.526,-0.24,0.286,0,,,,,0.368,-0.24,0.315,0,,,,
13301,20220424,-93.15,39.87,0.378,-0.09,0.083,0.06,0.371,-0.26,0.506,0.042,0.435,-0.22,0.464,0.048,0.53,-0.2,0.286,0,,,,,0.375,-0.15,0.173,0.042,,,,
13301,20220425,-93.15,39.87,0.391,0.04,0,0.196,0.387,-0.08,0.363,0.125,0.453,0.01,0.321,0.19,0.536,-0.13,0.286,0,,,,,0.389,0,0.03,0.155,,,,
13301,20220426,-93.15,39.87,0.394,0.08,0,0.196,0.392,-0.01,0.22,0.125,0.464,0.15,0.179,0.292,0.547,-0.04,0.202,0,,,,,0.393,0.05,0.012,0.155,,,,
13301,20220427,-93.15,39.87,0.396,0.11,0,0.196,0.395,0.04,0.077,0.125,0.47,0.24,0.036,0.292,0.559,0.08,0.06,0,,,,,0.396,0.1,0,0.155,,,,
13301,20220428,-93.15,39.87,0.389,0.08,0,0.179,0.391,0.01,0.048,0.125,0.467,0.21,0,0.286,0.566,0.14,0,0,,,,,0.39,0.06,0,0.155,,,,
13301,20220429,-93.15,39.87,0.384,0.06,0,0.179,0.387,-0.01,0.048,0.125,0.461,0.16,0,0.286,0.566,0.15,0,0,,,,,0.386,0.04,0,0.155,,,,
13301,20220430,-93.15,39.87,0.391,0.13,0,0.22,0.392,0.05,0.048,0.161,0.462,0.19,0,0.321,0.566,0.17,0,0,,,,,0.392,0.1,0,0.196,,,,
13301,20220501,-93.15,39.87,0.406,0.25,0,0.321,0.409,0.21,0,0.262,0.472,0.29,0,0.423,0.566,0.19,0,0,,,,,0.407,0.25,0,0.298,,,,
13301,20220502,-93.15,39.87,0.407,0.26,0,0.327,0.406,0.18,0,0.262,0.47,0.27,0,0.423,0.566,0.21,0,0,,,,,0.406,0.24,0,0.327,,,,
13301,20220503,-93.15,39.87,0.414,0.32,0,0.44,0.413,0.25,0,0.321,0.474,0.31,0,0.464,0.566,0.23,0,0.006,,,,,0.414,0.31,0,0.411,,,,
13301,20220504,-93.15,39.87,0.433,0.46,0,0.583,0.433,0.43,0,0.464,0.486,0.42,0,0.607,0.566,0.25,0,0.006,,,,,0.433,0.47,0,0.554,,,,
13301,20220505,-93.15,39.87,0.45,0.58,0,0.726,0.455,0.62,0,0.607,0.5,0.56,0,0.75,0.566,0.27,0,0.006,,,,,0.453,0.64,0,0.696,,,,
13301,20220506,-93.15,39.87,0.471,0.73,0,0.869,0.477,0.81,0,0.75,0.516,0.71,0,0.893,0.566,0.29,0,0.006,,,,,0.474,0.81,0,0.839,,,,
13301,20220507,-93.15,39.87,0.485,0.81,0,0.97,0.493,0.93,0,0.857,0.528,0.82,0,1,0.566,0.3,0,0.006,,,,,0.489,0.91,0,0.94,,,,
13301,20220508,-93.15,39.87,0.482,0.78,0,0.97,0.489,0.88,0,0.857,0.53,0.82,0,1,0.566,0.31,0,0.006,,,,,0.485,0.87,0,0.94,,,,
13301,20220509,-93.15,39.87,0.482,0.77,0,0.97,0.488,0.87,0,0.857,0.531,0.81,0,1,0.566,0.31,0,0.006,,,,,0.485,0.86,0,0.929,,,,
13301,20220510,-93.15,39.87,0.476,0.72,0,0.875,0.481,0.81,0,0.798,0.528,0.77,0,0.923,0.566,0.32,0,0,,,,,0.479,0.8,0,0.845,,,,
13301,20220511,-93.15,39.87,0.458,0.6,0,0.732,0.462,0.65,0,0.655,0.517,0.67,0,0.78,0.566,0.32,0,0,,,,,0.46,0.66,0,0.702,,,,
13301,20220512,-93.15,39.87,0.442,0.49,0,0.589,0.442,0.48,0,0.512,0.505,0.56,0,0.637,0.566,0.33,0,0,,,,,0.442,0.51,0,0.56,,,,
13301,20220513,-93.15,39.87,0.417,0.32,0,0.446,0.418,0.3,0,0.369,0.491,0.43,0,0.494,0.565,0.32,0,0,,,,,0.418,0.33,0,0.417,,,,
13301,20220514,-93.15,39.87,0.386,0.12,0.107,0.304,0.392,0.1,0,0.226,0.474,0.29,0,0.351,0.558,0.29,0,0,,,,,0.389,0.12,0.065,0.274,,,,
13301,20220515,-93.15,39.87,0.356,-0.06,0.25,0.161,0.368,-0.08,0.107,0.083,0.455,0.13,0,0.208,0.546,0.21,0.024,0,,,,,0.362,-0.07,0.208,0.131,,,,
13301,20220516,-93.15,39.87,0.344,-0.14,0.268,0.018,0.351,-0.19,0.137,0,0.436,-0.03,0,0.065,0.53,0.1,0.161,0,,,,,0.348,-0.17,0.226,0,,,,
13301,20220517,-93.15,39.87,0.334,-0.21,0.268,0,0.339,-0.28,0.208,0,0.421,-0.14,0,0,0.511,-0.03,0.304,0,,,,,0.336,-0.26,0.226,0,,,,
13301,20220518,-93.15,39.87,0.321,-0.29,0.315,0,0.327,-0.36,0.351,0,0.409,-0.23,0.095,0,0.491,-0.17,0.446,0,,,,,0.324,-0.34,0.339,0,,,,
13301,20220519,-93.15,39.87,0.309,-0.36,0.458,0,0.315,-0.44,0.494,0,0.397,-0.32,0.238,0,0.469,-0.31,0.589,0,,,,,0.312,-0.42,0.482,0,,,,
13301,20220520,-93.15,39.87,0.299,-0.42,0.601,0,0.305,-0.52,0.637,0,0.386,-0.4,0.381,0,0.448,-0.45,0.732,0,,,,,0.302,-0.48,0.625,0,,,,
13301,20220521,-93.15,39.87,0.293,-0.45,0.637,0,0.296,-0.58,0.78,0,0.376,-0.47,0.524,0,0.431,-0.57,0.875,0,,,,,0.294,-0.53,0.702,0,,,,
13301,20220522,-93.15,39.87,0.289,-0.46,0.637,0,0.289,-0.62,0.815,0,0.368,-0.53,0.667,0,0.418,-0.66,0.994,0,,,,,0.289,-0.56,0.702,0,,,,
13301,20220523,-93.15,39.87,0.273,-0.55,0.762,0,0.28,-0.68,0.929,0,0.36,-0.59,0.81,0,0.408,-0.73,1,0,,,,,0.276,-0.63,0.827,0,,,,
13301,20220524,-93.15,39.87,0.258,-0.62,0.905,0,0.27,-0.74,1,0,0.351,-0.66,0.952,0,0.401,-0.78,1,0,,,,,0.264,-0.71,0.97,0,,,,
13301,20220525,-93.15,39.87,0.256,-0.63,0.94,0,0.265,-0.77,0.964,0,0.343,-0.72,1,0,0.394,-0.84,1,0,,,,,0.261,-0.72,0.958,0,,,,
13301,20220526,-93.15,39.87,0.274,-0.52,0.798,0.018,0.276,-0.69,0.821,0,0.349,-0.67,0.905,0,0.388,-0.89,1,0,,,,,0.275,-0.62,0.815,0.006,,,,
13301,20220527,-93.15,39.87,0.294,-0.4,0.655,0.036,0.291,-0.59,0.679,0,0.363,-0.56,0.762,0.048,0.383,-0.94,1,0,,,,,0.293,-0.5,0.673,0.012,,,,
13301,20220528,-93.15,39.87,0.313,-0.29,0.512,0.036,0.305,-0.49,0.536,0,0.377,-0.46,0.619,0.048,0.38,-0.99,1,0,,,,,0.309,-0.39,0.53,0.012,,,,
13301,20220529,-93.15,39.87,0.328,-0.19,0.369,0.036,0.317,-0.41,0.393,0,0.388,-0.37,0.476,0.048,0.378,-1.02,1,0,,,,,0.322,-0.3,0.387,0.012,,,,
13301,20220530,-93.15,39.87,0.341,-0.11,0.226,0.036,0.328,-0.33,0.25,0,0.4,-0.28,0.333,0.048,0.377,-1.06,1,0,,,,,0.334,-0.22,0.244,0.012,,,,
13301,20220531,-93.15,39.87,0.352,-0.04,0.083,0.036,0.337,-0.26,0.173,0,0.411,-0.19,0.19,0.048,0.375,-1.08,1,0,,,,,0.345,-0.15,0.101,0.012,,,,
13301,20220601,-93.15,39.87,0.382,0.13,0,0.179,0.37,-0.05,0.065,0.131,0.443,0.05,0.048,0.185,0.399,-0.89,0.875,0.125,,,,,0.376,0.05,0,0.149,,,,
13301,20220602,-93.15,39.87,0.397,0.21,0,0.304,0.39,0.09,0.065,0.274,0.464,0.21,0,0.327,0.426,-0.66,0.732,0.268,,,,,0.393,0.15,0,0.286,,,,
13301,20220603,-93.15,39.87,0.403,0.25,0,0.429,0.399,0.14,0.065,0.363,0.477,0.3,0,0.423,0.453,-0.42,0.589,0.411,,,,,0.401,0.2,0,0.417,,,,
13301,20220604,-93.15,39.87,0.407,0.27,0,0.44,0.402,0.17,0.065,0.363,0.482,0.34,0,0.56,0.48,-0.18,0.446,0.554,,,,,0.405,0.23,0,0.417,,,,
13301,20220605,-93.15,39.87,0.41,0.29,0,0.44,0.406,0.19,0.065,0.363,0.486,0.37,0,0.56,0.508,0.05,0.304,0.696,,,,,0.408,0.25,0,0.417,,,,
13301,20220606,-93.15,39.87,0.415,0.33,0,0.44,0.409,0.22,0.065,0.363,0.489,0.4,0,0.56,0.535,0.28,0.161,0.839,,,,,0.412,0.29,0,0.417,,,,
13301,20220607,-93.15,39.87,0.43,0.42,0,0.518,0.422,0.31,0,0.44,0.498,0.47,0,0.625,0.563,0.52,0.018,0.982,,,,,0.426,0.38,0,0.494,,,,
13301,20220608,-93.15,39.87,0.423,0.39,0,0.506,0.412,0.25,0,0.351,0.492,0.41,0,0.631,0.567,0.53,0,1,,,,,0.418,0.33,0,0.429,,,,
13301,20220609,-93.15,39.87,0.423,0.39,0,0.506,0.412,0.24,0,0.351,0.491,0.39,0,0.631,0.567,0.5,0,1,,,,,0.417,0.33,0,0.429,,,,
13301,20220610,-93.15,39.87,0.424,0.4,0,0.506,0.413,0.25,0,0.393,0.49,0.37,0,0.631,0.567,0.48,0,0.97,,,,,0.418,0.34,0,0.435,,,,
13301,20220611,-93.15,39.87,0.427,0.42,0,0.595,0.415,0.26,0,0.393,0.492,0.38,0,0.637,0.567,0.47,0,0.887,,,,,0.421,0.36,0,0.47,,,,
13301,20220612,-93.15,39.87,0.432,0.45,0,0.649,0.418,0.28,0,0.393,0.495,0.39,0,0.649,0.566,0.45,0,0.744,,,,,0.425,0.39,0,0.47,,,,
13301,20220613,-93.15,39.87,0.44,0.5,0,0.786,0.424,0.32,0,0.393,0.499,0.42,0,0.655,0.566,0.44,0,0.607,,,,,0.432,0.44,0,0.47,,,,
13301,20220614,-93.15,39.87,0.439,0.49,0,0.708,0.422,0.31,0,0.315,0.499,0.42,0,0.589,0.566,0.43,0,0.47,,,,,0.431,0.43,0,0.393,,,,
13301,20220615,-93.15,39.87,0.429,0.44,0,0.577,0.414,0.26,0,0.274,0.492,0.38,0,0.446,0.566,0.42,0,0.327,,,,,0.422,0.38,0,0.321,,,,
13301,20220616,-93.15,39.87,0.406,0.32,0,0.435,0.391,0.13,0,0.131,0.476,0.28,0,0.304,0.566,0.41,0,0.185,,,,,0.399,0.25,0,0.179,,,,
13301,20220617,-93.15,39.87,0.392,0.25,0,0.321,0.378,0.05,0,0.024,0.461,0.19,0,0.185,0.564,0.39,0,0.071,,,,,0.385,0.18,0,0.065,,,,
13301,20220618,-93.15,39.87,0.391,0.25,0,0.357,0.377,0.05,0,0.042,0.461,0.19,0,0.179,0.564,0.38,0,0.012,,,,,0.384,0.18,0,0.101,,,,
13301,20220619,-93.15,39.87,0.385,0.23,0,0.304,0.375,0.05,0,0.042,0.458,0.18,0,0.167,0.564,0.37,0,0.012,,,,,0.38,0.17,0,0.101,,,,
13301,20220620,-93.15,39.87,0.375,0.19,0,0.167,0.37,0.02,0,0.042,0.454,0.16,0,0.161,0.564,0.35,0,0.006,,,,,0.372,0.13,0,0.101,,,,
13301,20220621,-93.15,39.87,0.362,0.13,0,0.167,0.363,-0.02,0,0.042,0.448,0.13,0,0.161,0.56,0.31,0,0,,,,,0.362,0.08,0,0.101,,,,
13301,20220622,-93.15,39.87,0.361,0.12,0,0.214,0.363,-0.01,0,0.089,0.448,0.13,0,0.208,0.553,0.25,0.018,0,,,,,0.362,0.08,0,0.149,,,,
13301,20220623,-93.15,39.87,0.377,0.22,0,0.357,0.378,0.09,0,0.202,0.462,0.22,0,0.351,0.553,0.24,0.018,0,,,,,0.377,0.18,0,0.292,,,,
13301,20220624,-93.15,39.87,0.384,0.27,0,0.47,0.383,0.12,0,0.179,0.469,0.25,0,0.435,0.554,0.24,0.018,0,,,,,0.383,0.23,0,0.31,,,,
13301,20220625,-93.15,39.87,0.394,0.32,0,0.476,0.394,0.19,0,0.286,0.475,0.29,0,0.423,0.554,0.23,0.018,0,,,,,0.394,0.29,0,0.363,,,,
13301,20220626,-93.15,39.87,0.404,0.38,0,0.619,0.404,0.26,0,0.417,0.486,0.34,0,0.565,0.555,0.22,0.018,0,,,,,0.404,0.36,0,0.506,,,,
13301,20220627,-93.15,39.87,0.414,0.44,0,0.762,0.41,0.29,0,0.417,0.492,0.37,0,0.637,0.555,0.21,0.018,0,,,,,0.412,0.41,0,0.577,,,,
13301,20220628,-93.15,39.87,0.425,0.5,0,0.768,0.417,0.34,0,0.417,0.498,0.41,0,0.637,0.559,0.23,0.018,0,,,,,0.421,0.46,0,0.577,,,,
13301,20220629,-93.15,39.87,0.425,0.5,0,0.72,0.416,0.34,0,0.369,0.497,0.41,0,0.589,0.566,0.26,0,0,,,,,0.421,0.46,0,0.53,,,,
13301,20220630,-93.15,39.87,0.408,0.39,0,0.577,0.402,0.26,0,0.256,0.483,0.33,0,0.446,0.566,0.26,0,0,,,,,0.405,0.36,0,0.387,,,,
13301,20220701,-93.15,39.87,0.392,0.3,0,0.435,0.391,0.2,0,0.256,0.473,0.28,0,0.339,0.559,0.22,0,0,,,,,0.391,0.28,0,0.339,,,,
13301,20220702,-93.15,39.87,0.362,0.14,0,0.292,0.366,0.05,0,0.131,0.453,0.18,0,0.214,0.545,0.15,0.03,0,,,,,0.364,0.13,0,0.214,,,,
13301,20220703,-93.15,39.87,0.336,0,0,0.149,0.345,-0.07,0,0,0.433,0.07,0,0.071,0.525,0.05,0.173,0,,,,,0.341,-0.01,0,0.071,,,,
13301,20220704,-93.15,39.87,0.314,-0.12,0.077,0.006,0.329,-0.17,0.036,0,0.417,-0.02,0,0,0.505,-0.05,0.315,0,,,,,0.321,-0.13,0.107,0,,,,
13301,20220705,-93.15,39.87,0.292,-0.24,0.22,0,0.312,-0.26,0.179,0,0.401,-0.11,0,0,0.482,-0.17,0.458,0,,,,,0.302,-0.24,0.25,0,,,,
13301,20220706,-93.15,39.87,0.274,-0.33,0.363,0,0.295,-0.37,0.321,0,0.383,-0.21,0.089,0,0.457,-0.29,0.601,0,,,,,0.285,-0.34,0.393,0,,,,
13301,20220707,-93.15,39.87,0.268,-0.36,0.47,0.03,0.285,-0.43,0.435,0.012,0.369,-0.28,0.214,0.012,0.434,-0.4,0.732,0,,,,,0.277,-0.39,0.506,0.012,,,,
13301,20220708,-93.15,39.87,0.299,-0.19,0.47,0.173,0.309,-0.29,0.435,0.155,0.389,-0.19,0.214,0.155,0.441,-0.37,0.732,0,,,,,0.304,-0.23,0.506,0.155,,,,
13301,20220709,-93.15,39.87,0.331,-0.02,0.47,0.315,0.334,-0.15,0.435,0.298,0.412,-0.07,0.214,0.298,0.456,-0.29,0.702,0.006,,,,,0.332,-0.06,0.506,0.298,,,,
13301,20220710,-93.15,39.87,0.354,0.12,0.47,0.458,0.352,-0.04,0.435,0.363,0.429,0.02,0.214,0.435,0.475,-0.2,0.56,0.006,,,,,0.353,0.06,0.506,0.44,,,,
13301,20220711,-93.15,39.87,0.374,0.24,0.393,0.601,0.367,0.06,0.399,0.363,0.444,0.09,0.214,0.44,0.495,-0.1,0.417,0.006,,,,,0.37,0.17,0.399,0.47,,,,
13301,20220712,-93.15,39.87,0.392,0.35,0.25,0.613,0.382,0.16,0.256,0.363,0.458,0.17,0.214,0.44,0.518,0.01,0.274,0.006,,,,,0.387,0.28,0.256,0.47,,,,
13301,20220713,-93.15,39.87,0.407,0.45,0.107,0.613,0.397,0.26,0.113,0.363,0.474,0.27,0.125,0.44,0.543,0.13,0.131,0.006,,,,,0.402,0.38,0.113,0.47,,,,
13301,20220714,-93.15,39.87,0.41,0.49,0,0.583,0.405,0.33,0,0.351,0.485,0.34,0,0.429,0.567,0.25,0,0.006,,,,,0.407,0.43,0,0.458,,,,
13301,20220715,-93.15,39.87,0.377,0.35,0,0.44,0.378,0.2,0,0.208,0.462,0.24,0,0.286,0.563,0.23,0,0.006,,,,,0.378,0.29,0,0.315,,,,
13301,20220716,-93.15,39.87,0.344,0.2,0,0.298,0.351,0.07,0,0.065,0.437,0.13,0,0.143,0.551,0.17,0,0,,,,,0.347,0.14,0,0.173,,,,
13301,20220717,-93.15,39.87,0.325,0.12,0,0.179,0.335,0,0,0.018,0.419,0.06,0,0.018,0.535,0.1,0.018,0,,,,,0.33,0.07,0,0.048,,,,
13301,20220718,-93.15,39.87,0.34,0.23,0,0.179,0.35,0.11,0,0.161,0.432,0.15,0,0.155,0.535,0.1,0.018,0,,,,,0.345,0.17,0,0.161,,,,
13301,20220719,-93.15,39.87,0.349,0.29,0,0.31,0.358,0.17,0,0.304,0.443,0.22,0,0.298,0.535,0.1,0.018,0,,,,,0.354,0.24,0,0.304,,,,
13301,20220720,-93.15,39.87,0.358,0.35,0,0.452,0.364,0.22,0,0.429,0.449,0.27,0,0.44,0.535,0.11,0.018,0,,,,,0.361,0.29,0,0.446,,,,
13301,20220721,-93.15,39.87,0.366,0.4,0,0.565,0.369,0.26,0,0.429,0.453,0.31,0,0.482,0.536,0.11,0.018,0,,,,,0.367,0.34,0,0.482,,,,
13301,20220722,-93.15,39.87,0.373,0.44,0,0.565,0.374,0.31,0,0.429,0.458,0.35,0,0.482,0.539,0.13,0.018,0,,,,,0.373,0.38,0,0.482,,,,
13301,20220723,-93.15,39.87,0.378,0.47,0,0.565,0.378,0.35,0,0.429,0.463,0.39,0,0.482,0.548,0.17,0.018,0,,,,,0.378,0.42,0,0.482,,,,
13301,20220724,-93.15,39.87,0.376,0.46,0,0.542,0.377,0.35,0,0.411,0.463,0.4,0,0.47,0.551,0.19,0,0,,,,,0.376,0.41,0,0.464,,,,
13301,20220725,-93.15,39.87,0.341,0.29,0,0.399,0.346,0.19,0,0.268,0.436,0.27,0,0.327,0.53,0.11,0,0,,,,,0.344,0.25,0,0.321,,,,
13301,20220726,-93.15,39.87,0.322,0.19,0,0.286,0.328,0.1,0,0.143,0.416,0.19,0,0.202,0.51,0.02,0,0,,,,,0.325,0.16,0,0.202,,,,
13301,20220727,-93.15,39.87,0.337,0.28,0,0.286,0.343,0.21,0,0.161,0.428,0.26,0,0.202,0.509,0.02,0,0,,,,,0.34,0.26,0,0.202,,,,
13301,20220728,-93.15,39.87,0.347,0.34,0,0.315,0.353,0.29,0,0.304,0.438,0.33,0,0.304,0.508,0.02,0,0.024,,,,,0.35,0.33,0,0.31,,,,
13301,20220729,-93.15,39.87,0.358,0.41,0,0.458,0.361,0.35,0,0.446,0.445,0.38,0,0.446,0.508,0.03,0,0.054,,,,,0.359,0.4,0,0.452,,,,
13301,20220730,-93.15,39.87,0.369,0.47,0,0.601,0.369,0.41,0,0.589,0.452,0.43,0,0.589,0.512,0.05,0,0.137,,,,,0.369,0.47,0,0.595,,,,
13301,20220731,-93.15,39.87,0.38,0.55,0,0.744,0.378,0.48,0,0.732,0.459,0.48,0,0.732,0.526,0.12,0,0.262,,,,,0.379,0.54,0,0.738,,,,
13301,20220801,-93.15,39.87,0.392,0.62,0,0.869,0.387,0.55,0,0.869,0.467,0.54,0,0.875,0.545,0.22,0,0.351,,,,,0.39,0.61,0,0.881,,,,
13301,20220802,-93.15,39.87,0.396,0.65,0,0.839,0.391,0.59,0,0.851,0.472,0.59,0,1,0.556,0.28,0,0.351,,,,,0.393,0.65,0,0.857,,,,
13301,20220803,-93.15,39.87,0.368,0.51,0,0.696,0.366,0.45,0,0.708,0.451,0.49,0,0.893,0.539,0.21,0,0.351,,,,,0.367,0.5,0,0.714,,,,
13301,20220804,-93.15,39.87,0.353,0.43,0,0.649,0.348,0.35,0,0.565,0.433,0.41,0,0.75,0.519,0.13,0,0.327,,,,,0.35,0.42,0,0.571,,,,
13301,20220805,-93.15,39.87,0.342,0.38,0,0.56,0.335,0.28,0,0.423,0.42,0.35,0,0.607,0.496,0.04,0,0.298,,,,,0.339,0.36,0,0.429,,,,
13301,20220806,-93.15,39.87,0.332,0.34,0,0.417,0.324,0.21,0,0.28,0.408,0.3,0,0.464,0.471,-0.05,0,0.214,,,,,0.328,0.3,0,0.286,,,,
13301,20220807,-93.15,39.87,0.323,0.3,0,0.274,0.313,0.14,0,0.137,0.397,0.24,0,0.321,0.445,-0.16,0,0.089,,,,,0.318,0.25,0,0.143,,,,
13301,20220808,-93.15,39.87,0.314,0.25,0,0.149,0.302,0.07,0,0,0.386,0.18,0,0.179,0.42,-0.26,0.006,0,,,,,0.308,0.19,0,0,,,,
13301,20220809,-93.15,39.87,0.307,0.22,0,0.149,0.293,0.02,0,0,0.375,0.12,0,0.036,0.401,-0.32,0.024,0,,,,,0.3,0.15,0,0,,,,
13301,20220810,-93.15,39.87,0.3,0.19,0,0.149,0.285,-0.03,0,0,0.365,0.07,0,0,0.392,-0.36,0.131,0,,,,,0.292,0.1,0,0,,,,
13301,20220811,-93.15,39.87,0.288,0.13,0,0.054,0.275,-0.09,0,0,0.354,0.01,0,0,0.384,-0.4,0.274,0,,,,,0.281,0.04,0,0,,,,
13301,20220812,-93.15,39.87,0.273,0.05,0,0,0.266,-0.15,0,0,0.343,-0.05,0,0,0.378,-0.42,0.405,0,,,,,0.269,-0.03,0,0,,,,
13301,20220813,-93.15,39.87,0.26,-0.01,0,0,0.257,-0.2,0,0,0.333,-0.1,0,0,0.374,-0.43,0.44,0,,,,,0.259,-0.1,0,0,,,,
13301,20220814,-93.15,39.87,0.248,-0.08,0,0,0.249,-0.25,0.024,0,0.323,-0.15,0,0,0.371,-0.43,0.44,0,,,,,0.249,-0.16,0.018,0,,,,
13301,20220815,-93.15,39.87,0.238,-0.14,0.036,0,0.241,-0.3,0.167,0,0.315,-0.19,0,0,0.368,-0.42,0.435,0,,,,,0.239,-0.22,0.155,0,,,,
13301,20220816,-93.15,39.87,0.237,-0.13,0.107,0.042,0.242,-0.29,0.268,0.042,0.316,-0.19,0,0.036,0.368,-0.4,0.417,0.006,,,,,0.24,-0.22,0.256,0.042,,,,
13301,20220817,-93.15,39.87,0.263,0.05,0.107,0.185,0.269,-0.12,0.268,0.185,0.345,-0.02,0,0.179,0.395,-0.27,0.31,0.149,,,,,0.266,-0.03,0.256,0.185,,,,
13301,20220818,-93.15,39.87,0.285,0.2,0.107,0.327,0.289,0.02,0.268,0.327,0.368,0.11,0,0.321,0.423,-0.12,0.167,0.292,,,,,0.287,0.12,0.256,0.327,,,,
13301,20220819,-93.15,39.87,0.305,0.35,0.107,0.47,0.309,0.15,0.268,0.47,0.389,0.23,0,0.464,0.451,0.02,0.036,0.435,,,,,0.307,0.26,0.256,0.47,,,,
13301,20220820,-93.15,39.87,0.325,0.5,0.107,0.613,0.328,0.27,0.268,0.613,0.41,0.34,0,0.607,0.48,0.16,0,0.577,,,,,0.326,0.41,0.256,0.613,,,,
13301,20220821,-93.15,39.87,0.343,0.64,0.107,0.756,0.346,0.4,0.244,0.756,0.43,0.45,0,0.75,0.509,0.28,0,0.72,,,,,0.344,0.54,0.238,0.756,,,,
13301,20220822,-93.15,39.87,0.359,0.76,0.071,0.899,0.363,0.52,0.101,0.869,0.449,0.56,0,0.893,0.539,0.4,0,0.863,,,,,0.361,0.67,0.101,0.899,,,,
13301,20220823,-93.15,39.87,0.363,0.81,0,1,0.371,0.58,0,0.827,0.459,0.62,0,1,0.566,0.51,0,1,,,,,0.367,0.72,0,0.911,,,,
13301,20220824,-93.15,39.87,0.341,0.68,0,0.881,0.352,0.47,0,0.685,0.44,0.52,0,0.887,0.566,0.51,0,1,,,,,0.346,0.6,0,0.768,,,,
13301,20220825,-93.15,39.87,0.323,0.58,0,0.738,0.339,0.4,0,0.542,0.428,0.46,0,0.744,0.565,0.51,0,1,,,,,0.331,0.5,0,0.625,,,,
13301,20220826,-93.15,39.87,0.305,0.47,0,0.595,0.327,0.33,0,0.399,0.417,0.41,0,0.601,0.559,0.48,0,0.881,,,,,0.316,0.41,0,0.482,,,,
13301,20220827,-93.15,39.87,0.289,0.37,0,0.452,0.315,0.26,0,0.256,0.406,0.35,0,0.458,0.547,0.42,0,0.738,,,,,0.302,0.32,0,0.339,,,,
13301,20220828,-93.15,39.87,0.273,0.27,0,0.31,0.302,0.18,0,0.113,0.394,0.29,0,0.315,0.53,0.34,0,0.595,,,,,0.288,0.24,0,0.196,,,,
13301,20220829,-93.15,39.87,0.26,0.18,0,0.167,0.29,0.11,0,0,0.383,0.23,0,0.173,0.509,0.24,0,0.452,,,,,0.275,0.16,0,0.054,,,,
13301,20220830,-93.15,39.87,0.249,0.11,0,0.024,0.279,0.04,0,0,0.371,0.17,0,0.03,0.487,0.12,0,0.31,,,,,0.264,0.08,0,0,,,,
13301,20220831,-93.15,39.87,0.239,0.04,0,0,0.268,-0.04,0,0,0.359,0.1,0,0,0.463,0,0,0.167,,,,,0.254,0.01,0,0,,,,
13301,20220901,-93.15,39.87,0.231,-0.01,0,0,0.258,-0.11,0,0,0.347,0.03,0,0,0.439,-0.12,0,0.024,,,,,0.244,-0.05,0,0,,,,
13301,20220902,-93.15,39.87,0.224,-0.06,0,0,0.248,-0.18,0,0,0.336,-0.03,0,0,0.418,-0.23,0,0,,,,,0.236,-0.11,0,0,,,,
13301,20220903,-93.15,39.87,0.218,-0.09,0,0,0.238,-0.24,0.125,0,0.325,-0.09,0,0,0.403,-0.31,0,0,,,,,0.228,-0.15,0,0,,,,
13301,20220904,-93.15,39.87,0.213,-0.12,0,0,0.228,-0.29,0.268,0,0.316,-0.14,0,0,0.391,-0.36,0,0,,,,,0.221,-0.2,0,0,,,,
13301,20220905,-93.15,39.87,0.209,-0.15,0,0,0.219,-0.34,0.411,0,0.307,-0.18,0,0,0.383,-0.4,0,0,,,,,0.214,-0.23,0.071,0,,,,
13301,20220906,-93.15,39.87,0.205,-0.17,0.006,0,0.211,-0.38,0.554,0,0.299,-0.22,0,0,0.376,-0.42,0,0,,,,,0.208,-0.26,0.214,0,,,,
13301,20220907,-93.15,39.87,0.201,-0.19,0.018,0,0.204,-0.42,0.696,0,0.293,-0.24,0,0,0.37,-0.44,0,0,,,,,0.202,-0.29,0.357,0,,,,
13301,20220908,-93.15,39.87,0.198,-0.2,0.155,0,0.197,-0.44,0.839,0,0.287,-0.26,0,0,0.365,-0.46,0,0,,,,,0.197,-0.31,0.5,0,,,,
13301,20220909,-93.15,39.87,0.194,-0.22,0.298,0,0.191,-0.47,0.982,0,0.282,-0.28,0,0,0.361,-0.47,0,0,,,,,0.193,-0.33,0.643,0,,,,
13301,20220910,-93.15,39.87,0.191,-0.24,0.44,0,0.186,-0.49,1,0,0.276,-0.29,0.077,0,0.358,-0.48,0,0,,,,,0.188,-0.36,0.786,0,,,,
13301,20220911,-93.15,39.87,0.198,-0.19,0.506,0.054,0.188,-0.46,0.94,0,0.271,-0.31,0.167,0,0.355,-0.49,0,0,,,,,0.193,-0.32,0.851,0.042,,,,
13301,20220912,-93.15,39.87,0.215,-0.07,0.506,0.196,0.2,-0.38,0.798,0,0.267,-0.32,0.196,0,0.353,-0.5,0,0,,,,,0.208,-0.22,0.78,0.042,,,,
13301,20220913,-93.15,39.87,0.228,0.02,0.5,0.214,0.208,-0.32,0.655,0,0.262,-0.33,0.327,0,0.35,-0.51,0,0,,,,,0.218,-0.16,0.637,0.042,,,,
13301,20220914,-93.15,39.87,0.238,0.08,0.488,0.214,0.214,-0.28,0.512,0,0.258,-0.35,0.47,0,0.348,-0.52,0,0,,,,,0.226,-0.11,0.494,0.042,,,,
13301,20220915,-93.15,39.87,0.245,0.13,0.358,0.218,0.218,-0.25,0.376,0,0.255,-0.36,0.582,0,0.347,-0.54,0.042,0,,,,,0.232,-0.07,0.358,0.042,,,,
13301,20220916,-93.15,39.87,0.251,0.17,0.212,0.218,0.221,-0.23,0.333,0,0.253,-0.37,0.636,0,0.345,-0.55,0.182,0,,,,,0.236,-0.04,0.212,0.042,,,,
13301,20220917,-93.15,39.87,0.256,0.2,0.067,0.218,0.224,-0.22,0.333,0,0.252,-0.37,0.57,0,0.343,-0.57,0.327,0,,,,,0.24,-0.01,0.067,0.042,,,,
13301,20220918,-93.15,39.87,0.258,0.21,0,0.194,0.218,-0.24,0.394,0,0.251,-0.36,0.479,0,0.341,-0.59,0.473,0,,,,,0.238,-0.02,0,0,,,,
13301,20220919,-93.15,39.87,0.248,0.15,0,0.048,0.204,-0.32,0.539,0,0.25,-0.36,0.448,0,0.34,-0.6,0.618,0,,,,,0.226,-0.09,0,0,,,,
13301,20220920,-93.15,39.87,0.24,0.1,0,0.03,0.194,-0.37,0.685,0,0.249,-0.35,0.315,0,0.338,-0.61,0.764,0,,,,,0.217,-0.14,0,0,,,,
13301,20220921,-93.15,39.87,0.232,0.06,0,0.03,0.186,-0.41,0.83,0,0.249,-0.34,0.17,0,0.336,-0.63,0.909,0,,,,,0.209,-0.18,0,0,,,,
13301,20220922,-93.15,39.87,0.227,0.03,0,0.03,0.181,-0.43,0.958,0,0.249,-0.34,0.065,0,0.335,-0.64,0.994,0,,,,,0.204,-0.21,0,0,,,,
13301,20220923,-93.15,39.87,0.223,0,0,0.03,0.177,-0.45,1,0,0.248,-0.34,0.012,0,0.333,-0.65,1,0,,,,,0.2,-0.23,0.101,0,,,,
13301,20220924,-93.15,39.87,0.233,0.07,0,0.083,0.175,-0.45,0.964,0,0.247,-0.34,0,0,0.331,-0.65,1,0,,,,,0.204,-0.21,0.107,0,,,,
13301,20220925,-93.15,39.87,0.235,0.07,0,0.054,0.175,-0.45,0.964,0,0.245,-0.35,0,0,0.33,-0.66,1,0,,,,,0.205,-0.2,0.107,0,,,,
13301,20220926,-93.15,39.87,0.235,0.07,0,0.054,0.174,-0.45,0.964,0,0.244,-0.35,0,0,0.328,-0.67,1,0,,,,,0.204,-0.2,0.107,0,,,,
13301,20220927,-93.15,39.87,0.235,0.07,0,0.054,0.172,-0.45,0.964,0,0.242,-0.36,0,0,0.326,-0.68,1,0,,,,,0.204,-0.21,0.107,0,,,,
13301,20220928,-93.15,39.87,0.236,0.07,0,0.054,0.171,-0.45,0.964,0,0.239,-0.37,0,0,0.324,-0.68,1,0,,,,,0.203,-0.21,0.107,0,,,,
13301,20220929,-93.15,39.87,0.236,0.07,0,0.054,0.17,-0.46,0.964,0,0.237,-0.38,0,0,0.322,-0.68,1,0,,,,,0.203,-0.21,0.107,0,,,,
13301,20220930,-93.15,39.87,0.235,0.07,0,0.054,0.169,-0.46,0.964,0,0.235,-0.39,0.006,0,0.32,-0.67,1,0,,,,,0.202,-0.21,0.101,0,,,,
13301,20221001,-93.15,39.87,0.221,-0.01,0,0,0.166,-0.47,1,0,0.233,-0.39,0.006,0,0.318,-0.66,1,0,,,,,0.193,-0.26,0.238,0,,,,
13301,20221002,-93.15,39.87,0.207,-0.1,0,0,0.161,-0.49,1,0,0.232,-0.4,0.006,0,0.315,-0.65,1,0,,,,,0.184,-0.31,0.381,0,,,,
13301,20221003,-93.15,39.87,0.196,-0.16,0,0,0.158,-0.51,1,0,0.23,-0.4,0.006,0,0.312,-0.63,0.994,0,,,,,0.177,-0.35,0.524,0,,,,
13301,20221004,-93.15,39.87,0.187,-0.21,0,0,0.154,-0.53,1,0,0.229,-0.41,0.006,0,0.31,-0.62,0.988,0,,,,,0.171,-0.38,0.667,0,,,,
13301,20221005,-93.15,39.87,0.18,-0.25,0,0,0.151,-0.54,1,0,0.227,-0.41,0.006,0,0.307,-0.6,0.97,0,,,,,0.166,-0.41,0.81,0,,,,
13301,20221006,-93.15,39.87,0.175,-0.28,0.024,0,0.148,-0.55,1,0,0.226,-0.41,0.006,0,0.305,-0.58,0.929,0,,,,,0.162,-0.43,0.952,0,,,,
13301,20221007,-93.15,39.87,0.171,-0.3,0.065,0,0.146,-0.56,1,0,0.225,-0.41,0,0,0.302,-0.57,0.881,0,,,,,0.158,-0.44,1,0,,,,
13301,20221008,-93.15,39.87,0.167,-0.32,0.155,0,0.143,-0.57,1,0,0.224,-0.41,0,0,0.3,-0.56,0.881,0,,,,,0.155,-0.46,1,0,,,,
13301,20221009,-93.15,39.87,0.164,-0.34,0.292,0,0.14,-0.58,1,0,0.223,-0.41,0,0,0.298,-0.55,0.875,0,,,,,0.152,-0.47,1,0,,,,
13301,20221010,-93.15,39.87,0.162,-0.35,0.435,0,0.138,-0.58,1,0,0.221,-0.42,0,0,0.296,-0.55,0.881,0,,,,,0.15,-0.48,1,0,,,,
13301,20221011,-93.15,39.87,0.16,-0.36,0.577,0,0.136,-0.59,1,0,0.22,-0.42,0,0,0.294,-0.55,0.887,0,,,,,0.148,-0.48,1,0,,,,
13301,20221012,-93.15,39.87,0.159,-0.37,0.714,0,0.135,-0.59,1,0,0.219,-0.42,0,0,0.292,-0.55,0.905,0,,,,,0.147,-0.49,1,0,,,,
13301,20221013,-93.15,39.87,0.164,-0.36,0.69,0,0.136,-0.59,1,0,0.218,-0.43,0,0,0.29,-0.56,0.946,0,,,,,0.15,-0.48,0.875,0,,,,
13301,20221014,-93.15,39.87,0.167,-0.36,0.649,0,0.136,-0.59,1,0,0.216,-0.44,0,0,0.288,-0.56,0.994,0,,,,,0.152,-0.48,0.875,0,,,,
13301,20221015,-93.15,39.87,0.171,-0.36,0.631,0,0.137,-0.59,1,0,0.214,-0.45,0.101,0,0.286,-0.57,0.994,0,,,,,0.154,-0.48,0.875,0,,,,
13301,20221016,-93.15,39.87,0.174,-0.36,0.637,0,0.139,-0.6,1,0,0.213,-0.46,0.244,0,0.284,-0.57,1,0,,,,,0.156,-0.48,0.875,0,,,,
13301,20221017,-93.15,39.87,0.177,-0.37,0.637,0,0.14,-0.62,1,0,0.211,-0.47,0.387,0,0.282,-0.57,1,0,,,,,0.159,-0.49,0.875,0,,,,
13301,20221018,-93.15,39.87,0.18,-0.38,0.637,0,0.141,-0.64,1,0,0.21,-0.49,0.53,0,0.281,-0.57,1,0,,,,,0.16,-0.51,0.875,0,,,,
13301,20221019,-93.15,39.87,0.182,-0.4,0.643,0,0.141,-0.67,1,0,0.208,-0.5,0.673,0,0.28,-0.57,1,0,,,,,0.161,-0.52,0.875,0,,,,
13301,20221020,-93.15,39.87,0.177,-0.44,0.786,0,0.139,-0.72,1,0,0.206,-0.53,0.815,0,0.279,-0.57,1,0,,,,,0.158,-0.57,1,0,,,,
13301,20221021,-93.15,39.87,0.174,-0.49,0.929,0,0.138,-0.77,1,0,0.204,-0.56,0.958,0,0.278,-0.57,1,0,,,,,0.156,-0.62,1,0,,,,
13301,20221022,-93.15,39.87,0.171,-0.53,1,0,0.137,-0.82,1,0,0.204,-0.59,1,0,0.277,-0.58,1,0,,,,,0.154,-0.67,1,0,,,,
13301,20221023,-93.15,39.87,0.169,-0.58,1,0,0.136,-0.87,1,0,0.203,-0.62,1,0,0.276,-0.58,1,0,,,,,0.152,-0.72,1,0,,,,
13301,20221024,-93.15,39.87,0.167,-0.62,1,0,0.136,-0.91,1,0,0.204,-0.67,1,0,0.276,-0.59,1,0,,,,,0.151,-0.78,1,0,,,,
13301,20221025,-93.15,39.87,0.184,-0.56,0.899,0.018,0.147,-0.89,0.911,0,0.217,-0.65,0.905,0,0.28,-0.58,0.97,0,,,,,0.165,-0.74,0.905,0,,,,
13301,20221026,-93.15,39.87,0.207,-0.45,0.756,0.018,0.162,-0.84,0.851,0,0.234,-0.6,0.762,0,0.288,-0.55,0.97,0,,,,,0.184,-0.67,0.762,0,,,,
13301,20221027,-93.15,39.87,0.228,-0.35,0.613,0.018,0.176,-0.79,0.851,0,0.249,-0.56,0.619,0,0.295,-0.53,0.97,0,,,,,0.202,-0.6,0.619,0,,,,
13301,20221028,-93.15,39.87,0.248,-0.25,0.47,0.018,0.189,-0.74,0.851,0,0.265,-0.52,0.476,0,0.302,-0.51,0.97,0,,,,,0.219,-0.53,0.476,0,,,,
13301,20221029,-93.15,39.87,0.267,-0.16,0.327,0.018,0.202,-0.71,0.851,0,0.279,-0.48,0.333,0,0.308,-0.49,0.97,0,,,,,0.234,-0.47,0.393,0,,,,
13301,20221030,-93.15,39.87,0.284,-0.06,0.185,0.018,0.213,-0.69,0.851,0,0.293,-0.44,0.19,0,0.314,-0.48,0.97,0,,,,,0.249,-0.4,0.393,0,,,,
13301,20221031,-93.15,39.87,0.302,0.04,0.042,0.018,0.224,-0.68,0.851,0,0.306,-0.39,0.107,0,0.32,-0.47,0.97,0,,,,,0.263,-0.34,0.393,0,,,,
13301,20221101,-93.15,39.87,0.3,0.02,0,0,0.223,-0.75,0.94,0,0.307,-0.42,0.202,0,0.32,-0.49,1,0,,,,,0.261,-0.37,0.488,0,,,,
13301,20221102,-93.15,39.87,0.29,-0.04,0,0,0.218,-0.84,1,0,0.303,-0.47,0.345,0,0.317,-0.52,1,0,,,,,0.254,-0.44,0.631,0,,,,
13301,20221103,-93.15,39.87,0.283,-0.1,0,0,0.215,-0.94,1,0,0.301,-0.52,0.488,0,0.314,-0.55,1,0,,,,,0.249,-0.51,0.774,0,,,,
13301,20221104,-93.15,39.87,0.276,-0.15,0.071,0,0.211,-1.04,1,0,0.299,-0.57,0.631,0,0.312,-0.58,1,0,,,,,0.243,-0.58,0.917,0,,,,
13301,20221105,-93.15,39.87,0.282,-0.09,0.113,0.089,0.22,-1,0.917,0.006,0.308,-0.52,0.685,0.054,0.322,-0.55,0.929,0.006,,,,,0.251,-0.52,0.911,0.083,,,,
13301,20221106,-93.15,39.87,0.293,0.01,0.113,0.232,0.235,-0.87,0.774,0.006,0.325,-0.39,0.685,0.196,0.336,-0.48,0.786,0.006,,,,,0.264,-0.4,0.768,0.167,,,,
13301,20221107,-93.15,39.87,0.303,0.1,0.113,0.375,0.249,-0.76,0.631,0.006,0.341,-0.28,0.625,0.262,0.348,-0.43,0.643,0.006,,,,,0.276,-0.3,0.625,0.167,,,,
13301,20221108,-93.15,39.87,0.311,0.18,0.113,0.44,0.262,-0.65,0.488,0.006,0.355,-0.17,0.482,0.262,0.357,-0.39,0.565,0.006,,,,,0.287,-0.2,0.482,0.167,,,,
13301,20221109,-93.15,39.87,0.32,0.26,0.113,0.44,0.275,-0.53,0.488,0.006,0.369,-0.07,0.339,0.262,0.366,-0.35,0.565,0.006,,,,,0.298,-0.1,0.339,0.167,,,,
13301,20221110,-93.15,39.87,0.33,0.34,0.113,0.44,0.288,-0.41,0.488,0.006,0.382,0.04,0.196,0.262,0.374,-0.31,0.565,0.006,,,,,0.309,0.01,0.196,0.167,,,,
13301,20221111,-93.15,39.87,0.343,0.46,0.042,0.488,0.305,-0.22,0.44,0.054,0.398,0.17,0.054,0.31,0.389,-0.23,0.524,0.042,,,,,0.324,0.16,0.054,0.214,,,,
13301,20221112,-93.15,39.87,0.347,0.5,0,0.542,0.314,-0.11,0.381,0.107,0.407,0.26,0,0.399,0.414,-0.09,0.452,0.179,,,,,0.331,0.23,0,0.274,,,,
13301,20221113,-93.15,39.87,0.345,0.47,0,0.542,0.315,-0.09,0.381,0.107,0.405,0.26,0,0.399,0.427,-0.01,0.452,0.232,,,,,0.33,0.23,0,0.315,,,,
13301,20221114,-93.15,39.87,0.345,0.47,0,0.536,0.317,-0.05,0.381,0.107,0.406,0.26,0,0.476,0.435,0.03,0.452,0.232,,,,,0.331,0.25,0,0.315,,,,
13301,20221115,-93.15,39.87,0.345,0.47,0,0.524,0.32,-0.01,0.381,0.107,0.407,0.28,0,0.619,0.442,0.06,0.387,0.232,,,,,0.333,0.27,0,0.315,,,,
13301,20221116,-93.15,39.87,0.351,0.51,0,0.643,0.325,0.07,0.238,0.107,0.41,0.32,0,0.762,0.449,0.1,0.244,0.232,,,,,0.338,0.33,0,0.423,,,,
13301,20221117,-93.15,39.87,0.36,0.59,0,0.786,0.331,0.15,0.095,0.107,0.413,0.36,0,0.905,0.455,0.13,0.101,0.232,,,,,0.345,0.41,0,0.565,,,,
13301,20221118,-93.15,39.87,0.364,0.62,0,0.881,0.332,0.17,0,0.06,0.414,0.37,0,1,0.451,0.1,0.089,0.196,,,,,0.348,0.45,0,0.661,,,,
13301,20221119,-93.15,39.87,0.366,0.63,0,0.881,0.329,0.13,0,0,0.411,0.34,0,0.946,0.427,-0.05,0.232,0.054,,,,,0.348,0.44,0,0.661,,,,
13301,20221120,-93.15,39.87,0.368,0.64,0,0.881,0.328,0.11,0,0,0.409,0.31,0,0.804,0.408,-0.16,0.375,0,,,,,0.348,0.44,0,0.589,,,,
13301,20221121,-93.15,39.87,0.371,0.66,0,0.887,0.327,0.09,0,0,0.407,0.29,0,0.661,0.396,-0.23,0.518,0,,,,,0.349,0.44,0,0.613,,,,
13301,20221122,-93.15,39.87,0.372,0.66,0,0.964,0.326,0.08,0,0,0.406,0.27,0,0.518,0.388,-0.27,0.661,0,,,,,0.349,0.44,0,0.613,,,,
13301,20221123,-93.15,39.87,0.369,0.62,0,0.964,0.324,0.04,0,0,0.404,0.23,0,0.375,0.379,-0.31,0.804,0,,,,,0.347,0.41,0,0.506,,,,
13301,20221124,-93.15,39.87,0.361,0.54,0,0.845,0.321,0,0,0,0.401,0.2,0,0.232,0.373,-0.33,0.946,0,,,,,0.341,0.34,0,0.363,,,,
13301,20221125,-93.15,39.87,0.353,0.45,0,0.702,0.32,-0.03,0,0,0.4,0.17,0,0.089,0.368,-0.34,1,0,,,,,0.336,0.28,0,0.22,,,,
13301,20221126,-93.15,39.87,0.345,0.37,0,0.56,0.319,-0.05,0,0,0.399,0.15,0,0,0.364,-0.35,1,0,,,,,0.332,0.23,0,0.077,,,,
13301,20221127,-93.15,39.87,0.34,0.31,0,0.44,0.319,-0.05,0,0.012,0.398,0.14,0,0,0.361,-0.35,1,0,,,,,0.33,0.2,0,0.048,,,,
13301,20221128,-93.15,39.87,0.343,0.31,0,0.44,0.325,0.02,0,0.065,0.401,0.16,0,0.018,0.361,-0.33,0.881,0,,,,,0.334,0.24,0,0.167,,,,
13301,20221129,-93.15,39.87,0.345,0.3,0,0.399,0.33,0.07,0,0.065,0.403,0.18,0,0.018,0.361,-0.31,0.738,0,,,,,0.337,0.26,0,0.244,,,,
13301,20221130,-93.15,39.87,0.347,0.29,0,0.304,0.334,0.12,0,0.065,0.407,0.21,0,0.018,0.361,-0.3,0.595,0,,,,,0.341,0.27,0,0.262,,,,
13301,20221201,-93.15,39.87,0.355,0.33,0,0.423,0.336,0.14,0,0.065,0.409,0.22,0,0.018,0.361,-0.28,0.452,0,,,,,0.346,0.3,0,0.262,,,,
13301,20221202,-93.15,39.87,0.362,0.36,0,0.506,0.338,0.16,0,0.065,0.41,0.23,0,0.018,0.362,-0.26,0.31,0,,,,,0.35,0.33,0,0.262,,,,
13301,20221203,-93.15,39.87,0.365,0.36,0,0.506,0.341,0.19,0,0.065,0.412,0.24,0,0.018,0.362,-0.25,0.167,0,,,,,0.353,0.33,0,0.262,,,,
13301,20221204,-93.15,39.87,0.371,0.39,0,0.488,0.341,0.19,0,0.054,0.413,0.24,0,0.018,0.362,-0.24,0.024,0,,,,,0.356,0.34,0,0.238,,,,
13301,20221205,-93.15,39.87,0.369,0.35,0,0.345,0.336,0.13,0,0,0.412,0.22,0,0,0.36,-0.24,0.006,0,,,,,0.353,0.28,0,0.095,,,,
13301,20221206,-93.15,39.87,0.364,0.28,0,0.256,0.333,0.08,0,0,0.41,0.19,0,0,0.358,-0.24,0.065,0,,,,,0.348,0.21,0,0.018,,,,
13301,20221207,-93.15,39.87,0.358,0.21,0,0.232,0.33,0.03,0,0,0.408,0.17,0,0,0.356,-0.25,0.173,0,,,,,0.344,0.14,0,0,,,,
13301,20221208,-93.15,39.87,0.349,0.12,0,0.089,0.329,0,0,0,0.407,0.15,0,0,0.355,-0.26,0.315,0,,,,,0.339,0.07,0,0,,,,
13301,20221209,-93.15,39.87,0.342,0.04,0,0.006,0.328,-0.02,0,0,0.407,0.13,0,0,0.354,-0.27,0.435,0,,,,,0.335,0.01,0,0,,,,
13301,20221210,-93.15,39.87,0.341,0.01,0,0.006,0.327,-0.05,0,0,0.406,0.12,0,0,0.353,-0.28,0.577,0,,,,,0.334,-0.02,0,0,,,,
13301,20221211,-93.15,39.87,0.335,-0.06,0,0,0.326,-0.07,0,0,0.406,0.1,0,0,0.352,-0.29,0.72,0,,,,,0.331,-0.07,0,0,,,,
13301,20221212,-93.15,39.87,0.329,-0.12,0,0,0.326,-0.09,0,0,0.406,0.08,0,0,0.352,-0.31,0.857,0,,,,,0.328,-0.12,0,0,,,,
13301,20221213,-93.15,39.87,0.33,-0.13,0,0.006,0.326,-0.1,0,0,0.406,0.06,0,0,0.351,-0.34,0.94,0,,,,,0.328,-0.13,0,0,,,,
13301,20221214,-93.15,39.87,0.342,-0.05,0,0.048,0.339,-0.01,0,0.03,0.422,0.16,0,0.125,0.377,-0.23,0.851,0.113,,,,,0.34,-0.06,0,0.012,,,,
13301,20221215,-93.15,39.87,0.351,0,0,0.048,0.346,0.03,0,0.03,0.433,0.23,0,0.268,0.406,-0.1,0.708,0.256,,,,,0.349,-0.02,0,0.012,,,,
13301,20221216,-93.15,39.87,0.359,0.04,0,0.048,0.352,0.06,0,0.03,0.442,0.28,0,0.315,0.436,0.02,0.589,0.399,,,,,0.355,0.02,0,0.012,,,,
13301,20221217,-93.15,39.87,0.368,0.09,0,0.048,0.356,0.08,0,0.03,0.449,0.32,0,0.315,0.466,0.15,0.446,0.542,,,,,0.362,0.05,0,0.012,,,,
13301,20221218,-93.15,39.87,0.376,0.14,0,0.048,0.359,0.09,0,0.03,0.454,0.34,0,0.315,0.496,0.29,0.304,0.685,,,,,0.368,0.08,0,0.012,,,,
13301,20221219,-93.15,39.87,0.385,0.19,0,0.048,0.362,0.09,0,0.03,0.459,0.37,0,0.315,0.526,0.43,0.161,0.786,,,,,0.374,0.1,0,0.012,,,,
13301,20221220,-93.15,39.87,0.394,0.24,0,0.042,0.364,0.09,0,0.03,0.463,0.39,0,0.315,0.553,0.55,0.018,0.786,,,,,0.379,0.12,0,0.012,,,,
13301,20221221,-93.15,39.87,0.392,0.21,0,0,0.353,-0.01,0,0,0.451,0.3,0,0.19,0.552,0.53,0,0.673,,,,,0.373,0.07,0,0,,,,
13301,20221222,-93.15,39.87,0.393,0.21,0,0,0.348,-0.07,0,0,0.443,0.24,0,0.048,0.543,0.47,0,0.53,,,,,0.37,0.04,0,0,,,,
13301,20221223,-93.15,39.87,0.394,0.2,0,0,0.347,-0.09,0,0,0.437,0.19,0,0,0.53,0.38,0,0.387,,,,,0.371,0.03,0,0,,,,
13301,20221224,-93.15,39.87,0.393,0.19,0,0,0.348,-0.1,0,0,0.434,0.16,0,0,0.515,0.28,0,0.244,,,,,0.37,0.02,0,0,,,,
13301,20221225,-93.15,39.87,,,,,0.348,-0.11,0,0,0.431,0.13,0,0,0.497,0.17,0,0.101,,,,,,,,,,,,
13301,20221226,-93.15,39.87,,,,,,,,,0.427,0.1,0,0,0.478,0.05,0,0,,,,,,,,,,,,
13301,20221227,-93.15,39.87,,,,,,,,,0.424,0.06,0,0,0.46,-0.05,0.071,0,,,,,,,,,,,,
13301,20221228,-93.15,39.87,,,,,,,,,0.422,0.03,0,0,0.446,-0.14,0.071,0,,,,,,,,,,,,
13301,20221229,-93.15,39.87,,,,,,,,,0.419,0,0,0,0.434,-0.21,0.173,0,,,,,,,,,,,,
13301,20221230,-93.15,39.87,,,,,,,,,0.416,-0.03,0,0,0.426,-0.27,0.315,0,,,,,,,,,,,,
13301,20221231,-93.15,39.87,,,,,,,,,0.413,-0.06,0,0,0.419,-0.31,0.458,0,,,,,,,,,,,,
13301,20230101,-93.15,39.87,,,,,,,,,0.412,-0.09,0,0,0.414,-0.35,0.601,0,,,,,,,,,,,,
13301,20230102,-93.15,39.87,,,,,,,,,0.411,-0.1,0,0,0.41,-0.39,0.744,0,,,,,,,,,,,,
13301,20230103,-93.15,39.87,,,,,,,,,0.419,-0.05,0,0.065,0.417,-0.35,0.75,0.06,,,,,,,,,,,,
13301,20230104,-93.15,39.87,0.361,-0.17,0.553,0.227,,,,,0.437,0.08,0,0.208,0.437,-0.22,0.75,0.202,,,,,,,,,,,,
13301,20230105,-93.15,39.87,0.38,-0.01,0.458,0.286,0.384,0.06,0.471,0.357,0.453,0.2,0,0.351,0.458,-0.08,0.649,0.345,,,,,0.387,0.05,0.561,0.287,,,,
13301,20230106,-93.15,39.87,0.398,0.13,0.345,0.292,0.391,0.11,0.44,0.333,0.467,0.3,0,0.494,0.48,0.06,0.506,0.488,,,,,0.395,0.1,0.476,0.268,,,,
13301,20230107,-93.15,39.87,0.405,0.19,0.304,0.292,0.4,0.17,0.363,0.333,0.477,0.37,0,0.607,0.503,0.21,0.363,0.631,,,,,0.402,0.16,0.363,0.268,,,,
13301,20230108,-93.15,39.87,0.415,0.27,0.202,0.292,0.408,0.23,0.22,0.333,0.485,0.43,0,0.613,0.526,0.36,0.22,0.774,,,,,0.412,0.24,0.22,0.268,,,,
13301,20230109,-93.15,39.87,0.425,0.35,0.077,0.292,0.416,0.28,0.077,0.333,0.491,0.47,0,0.613,0.55,0.52,0.077,0.917,,,,,0.421,0.31,0.077,0.268,,,,
13301,20230110,-93.15,39.87,0.422,0.33,0,0.232,0.41,0.23,0,0.274,0.488,0.44,0,0.548,0.564,0.62,0,1,,,,,0.416,0.27,0,0.208,,,,
13301,20230111,-93.15,39.87,0.406,0.18,0,0.089,0.389,0.06,0,0.131,0.475,0.34,0,0.405,0.564,0.62,0,1,,,,,0.398,0.12,0,0.065,,,,
13301,20230112,-93.15,39.87,0.396,0.1,0,0.006,0.377,-0.05,0,0,0.464,0.26,0,0.262,0.564,0.62,0,1,,,,,0.386,0.02,0,0,,,,
13301,20230113,-93.15,39.87,0.391,0.05,0,0,0.37,-0.11,0.012,0,0.455,0.19,0,0.119,0.565,0.61,0,1,,,,,0.38,-0.03,0.012,0,,,,
13301,20230114,-93.15,39.87,0.387,0.02,0,0,0.365,-0.15,0.149,0,0.449,0.13,0,0.006,0.565,0.61,0,1,,,,,0.376,-0.07,0.012,0,,,,
13301,20230115,-93.15,39.87,0.383,-0.02,0,0,0.362,-0.19,0.292,0,0.444,0.09,0,0,0.565,0.59,0,0.976,,,,,0.373,-0.1,0.131,0,,,,
13301,20230116,-93.15,39.87,0.377,-0.08,0.107,0,0.36,-0.21,0.435,0,0.442,0.06,0,0,0.565,0.56,0,0.845,,,,,0.369,-0.15,0.274,0,,,,
13301,20230117,-93.15,39.87,0.372,-0.13,0.25,0,0.358,-0.23,0.577,0,0.44,0.04,0,0,0.565,0.51,0,0.702,,,,,0.365,-0.19,0.417,0,,,,
13301,20230118,-93.15,39.87,0.368,-0.17,0.393,0,0.356,-0.26,0.72,0,0.439,0.02,0,0,0.565,0.47,0,0.56,,,,,0.362,-0.23,0.56,0,,,,
13301,20230119,-93.15,39.87,0.371,-0.15,0.435,0,0.362,-0.21,0.768,0.054,0.444,0.06,0,0.077,0.565,0.42,0,0.417,,,,,0.367,-0.19,0.607,0.006,,,,
13301,20230120,-93.15,39.87,0.378,-0.1,0.435,0,0.378,-0.09,0.756,0.173,0.456,0.15,0,0.22,0.565,0.38,0,0.274,,,,,0.378,-0.11,0.595,0.077,,,,
13301,20230121,-93.15,39.87,0.382,-0.09,0.435,0,0.387,-0.02,0.619,0.173,0.466,0.23,0,0.363,0.565,0.34,0,0.131,,,,,0.384,-0.07,0.595,0.077,,,,
13301,20230122,-93.15,39.87,0.385,-0.07,0.435,0,0.394,0.03,0.476,0.173,0.475,0.3,0,0.506,0.565,0.31,0,0.012,,,,,0.39,-0.03,0.476,0.077,,,,
13301,20230123,-93.15,39.87,0.394,-0.01,0.327,0,0.408,0.13,0.333,0.244,0.488,0.41,0,0.649,0.565,0.31,0,0.012,,,,,0.401,0.05,0.333,0.077,,,,
13301,20230124,-93.15,39.87,0.406,0.07,0.185,0,0.418,0.19,0.19,0.244,0.499,0.49,0,0.786,0.565,0.32,0,0.054,,,,,0.412,0.12,0.19,0.077,,,,
13301,20230125,-93.15,39.87,0.415,0.13,0.042,0,0.426,0.24,0.048,0.244,0.509,0.58,0,0.923,0.565,0.33,0,0.113,,,,,0.42,0.18,0.048,0.077,,,,
13301,20230126,-93.15,39.87,0.419,0.14,0,0,0.431,0.26,0,0.214,0.515,0.62,0,0.988,0.565,0.33,0,0.19,,,,,0.425,0.19,0,0.071,,,,
13301,20230127,-93.15,39.87,0.419,0.13,0,0,0.419,0.14,0,0.095,0.511,0.57,0,0.875,0.565,0.34,0,0.286,,,,,0.419,0.12,0,0,,,,
13301,20230128,-93.15,39.87,0.423,0.15,0,0,0.42,0.13,0,0.095,0.51,0.55,0,0.786,0.566,0.34,0,0.393,,,,,0.422,0.12,0,0,,,,
13301,20230129,-93.15,39.87,0.428,0.18,0,0,0.425,0.15,0,0.095,0.511,0.55,0,0.69,0.566,0.35,0,0.488,,,,,0.427,0.14,0,0,,,,
13301,20230130,-93.15,39.87,0.428,0.17,0,0,0.416,0.05,0.03,0.024,0.505,0.49,0,0.548,0.566,0.35,0,0.607,,,,,0.422,0.09,0,0,,,,
13301,20230131,-93.15,39.87,0.424,0.13,0,0,0.409,-0.03,0.119,0.024,0.497,0.4,0,0.411,0.566,0.35,0,0.708,,,,,0.417,0.03,0,0,,,,
13301,20230201,-93.15,39.87,0.427,0.15,0,0,0.405,-0.08,0.149,0.024,0.487,0.31,0,0.274,0.566,0.35,0,0.78,,,,,0.418,0.03,0,0,,,,
13301,20230202,-93.15,39.87,,,,,0.398,-0.15,0.172,0,0.474,0.19,0,0.131,0.566,0.36,0,0.827,,,,,,,,,,,,
13301,20230203,-93.15,39.87,,,,,,,,,0.465,0.1,0,0.101,0.566,0.36,0,0.839,,,,,,,,,,,,
13301,20230204,-93.15,39.87,,,,,,,,,0.455,0,0,0.048,0.567,0.36,0,0.815,,,,,,,,,,,,
13301,20230205,-93.15,39.87,,,,,,,,,0.444,-0.11,0.012,0,0.567,0.36,0,0.78,,,,,,,,,,,,
13301,20230206,-93.15,39.87,,,,,,,,,0.437,-0.19,0.143,0,0.567,0.36,0,0.667,,,,,,,,,,,,
13301,20230207,-93.15,39.87,,,,,,,,,0.433,-0.24,0.286,0,0.567,0.35,0,0.536,,,,,,,,,,,,
13301,20230208,-93.15,39.87,,,,,,,,,0.431,-0.28,0.429,0,0.567,0.35,0,0.423,,,,,,,,,,,,
13301,20230209,-93.15,39.87,,,,,,,,,0.432,-0.29,0.524,0,0.567,0.35,0,0.304,,,,,,,,,,,,
13301,20230210,-93.15,39.87,,,,,,,,,0.442,-0.2,0.524,0,0.567,0.35,0,0.196,,,,,,,,,,,,
13301,20230211,-93.15,39.87,,,,,,,,,0.452,-0.1,0.524,0,0.566,0.34,0,0.119,,,,,,,,,,,,
13301,20230212,-93.15,39.87,,,,,,,,,0.463,0.01,0.512,0,0.566,0.34,0,0.065,,,,,,,,,,,,
13301,20230213,-93.15,39.87,0.459,0.46,0.137,0.608,0.46,0.23,0.136,0.557,0.475,0.12,0.381,0,0.566,0.34,0,0.054,,,,,0.471,0.46,0.05,0.597,,,,
13301,20230214,-93.15,39.87,0.478,0.61,0.043,0.595,0.461,0.24,0.117,0.491,0.486,0.24,0.238,0.018,0.566,0.34,0,0.048,,,,,0.47,0.45,0.043,0.534,,,,
13301,20230215,-93.15,39.87,0.493,0.73,0,0.69,0.473,0.36,0.071,0.601,0.499,0.38,0.095,0.113,0.566,0.34,0,0.036,,,,,0.483,0.57,0,0.631,,,,
13301,20230216,-93.15,39.87,0.5,0.79,0,0.798,0.485,0.46,0,0.738,0.509,0.5,0,0.256,0.566,0.34,0,0.095,,,,,0.492,0.66,0,0.756,,,,
13301,20230217,-93.15,39.87,0.496,0.77,0,0.798,0.485,0.47,0,0.804,0.511,0.53,0,0.399,0.566,0.35,0,0.208,,,,,0.491,0.65,0,0.756,,,,
13301,20230218,-93.15,39.87,0.492,0.73,0,0.798,0.483,0.46,0,0.762,0.513,0.56,0,0.542,0.566,0.35,0,0.315,,,,,0.487,0.62,0,0.756,,,,
13301,20230219,-93.15,39.87,0.484,0.67,0,0.69,0.479,0.42,0,0.631,0.515,0.59,0,0.685,0.566,0.36,0,0.44,,,,,0.481,0.58,0,0.655,,,,
13301,20230220,-93.15,39.87,0.478,0.63,0,0.619,0.472,0.37,0,0.5,0.517,0.61,0,0.827,0.566,0.37,0,0.518,,,,,0.475,0.53,0,0.619,,,,
13301,20230221,-93.15,39.87,0.471,0.58,0,0.595,0.466,0.32,0,0.488,0.517,0.62,0,0.952,0.566,0.37,0,0.53,,,,,0.468,0.48,0,0.595,,,,
13301,20230222,-93.15,39.87,0.456,0.46,0,0.482,0.455,0.22,0,0.363,0.515,0.61,0,0.958,0.566,0.36,0,0.524,,,,,0.456,0.38,0,0.482,,,,
13301,20230223,-93.15,39.87,0.457,0.49,0,0.464,0.453,0.22,0,0.339,0.516,0.64,0,0.958,0.566,0.35,0,0.458,,,,,0.455,0.4,0,0.458,,,,
13301,20230224,-93.15,39.87,0.457,0.51,0,0.464,0.453,0.23,0,0.339,0.518,0.68,0,0.958,0.565,0.33,0,0.345,,,,,0.455,0.41,0,0.458,,,,
13301,20230225,-93.15,39.87,0.453,0.49,0,0.44,0.451,0.22,0,0.339,0.519,0.7,0,0.958,0.565,0.31,0,0.232,,,,,0.452,0.4,0,0.44,,,,
13301,20230226,-93.15,39.87,0.454,0.51,0,0.518,0.452,0.23,0,0.381,0.52,0.71,0,0.958,0.565,0.28,0,0.101,,,,,0.453,0.42,0,0.506,,,,
13301,20230227,-93.15,39.87,0.457,0.53,0,0.542,0.454,0.25,0,0.417,0.521,0.73,0,0.958,0.565,0.25,0,0.018,,,,,0.455,0.44,0,0.536,,,,
13301,20230228,-93.15,39.87,0.472,0.66,0,0.685,0.464,0.34,0,0.56,0.524,0.76,0,0.958,0.565,0.22,0,0,,,,,0.468,0.55,0,0.679,,,,
13301,20230301,-93.15,39.87,0.484,0.76,0,0.827,0.475,0.45,0,0.702,0.529,0.81,0,1,0.565,0.19,0,0,,,,,0.48,0.65,0,0.821,,,,
13301,20230302,-93.15,39.87,0.477,0.69,0,0.786,0.475,0.43,0,0.643,0.53,0.8,0,1,0.565,0.16,0,0,,,,,0.476,0.6,0,0.762,,,,
13301,20230303,-93.15,39.87,0.467,0.59,0,0.643,0.47,0.37,0,0.512,0.53,0.76,0,1,0.565,0.14,0,0,,,,,0.469,0.52,0,0.619,,,,
13301,20230304,-93.15,39.87,0.462,0.53,0,0.524,0.468,0.34,0,0.435,0.531,0.75,0,1,0.565,0.12,0,0,,,,,0.465,0.47,0,0.494,,,,
13301,20230305,-93.15,39.87,0.457,0.47,0,0.411,0.463,0.29,0,0.381,0.529,0.7,0,0.946,0.565,0.11,0,0,,,,,0.46,0.42,0,0.393,,,,
13301,20230306,-93.15,39.87,0.452,0.42,0,0.369,0.458,0.23,0,0.345,0.526,0.64,0,0.804,0.565,0.1,0,0,,,,,0.455,0.36,0,0.345,,,,
13301,20230307,-93.15,39.87,0.436,0.27,0,0.226,0.446,0.11,0,0.202,0.519,0.55,0,0.661,0.565,0.1,0,0,,,,,0.441,0.23,0,0.202,,,,
13301,20230308,-93.15,39.87,0.423,0.16,0,0.083,0.433,-0.02,0,0.06,0.511,0.43,0,0.518,0.565,0.09,0,0,,,,,0.428,0.1,0,0.06,,,,
13301,20230309,-93.15,39.87,0.416,0.09,0,0,0.423,-0.11,0,0,0.505,0.35,0,0.375,0.565,0.08,0,0,,,,,0.419,0.02,0,0,,,,
13301,20230310,-93.15,39.87,0.418,0.09,0,0.036,0.425,-0.09,0,0.107,0.504,0.32,0,0.345,0.564,0.07,0,0,,,,,0.422,0.03,0,0.012,,,,
13301,20230311,-93.15,39.87,0.42,0.09,0,0.036,0.429,-0.07,0,0.179,0.505,0.31,0,0.345,0.565,0.07,0,0,,,,,0.424,0.03,0,0.012,,,,
13301,20230312,-93.15,39.87,0.429,0.14,0,0.131,0.435,-0.01,0,0.25,0.509,0.32,0,0.399,0.565,0.06,0,0,,,,,0.432,0.08,0,0.101,,,,
13301,20230313,-93.15,39.87,0.444,0.24,0,0.274,0.445,0.07,0,0.387,0.514,0.36,0,0.542,0.565,0.05,0,0,,,,,0.445,0.17,0,0.244,,,,
13301,20230314,-93.15,39.87,0.457,0.32,0,0.381,0.457,0.18,0,0.482,0.522,0.42,0,0.685,0.565,0.04,0,0,,,,,0.457,0.26,0,0.351,,,,
13301,20230315,-93.15,39.87,0.466,0.36,0,0.405,0.468,0.26,0,0.482,0.531,0.49,0,0.827,0.565,0.03,0,0,,,,,0.467,0.32,0,0.351,,,,
13301,20230316,-93.15,39.87,0.471,0.38,0,0.405,0.474,0.31,0,0.482,0.537,0.53,0,0.887,0.565,0.02,0,0,,,,,0.473,0.35,0,0.351,,,,
13301,20230317,-93.15,39.87,0.477,0.41,0,0.458,0.476,0.31,0,0.375,0.538,0.51,0,0.881,0.565,0.02,0,0,,,,,0.476,0.36,0,0.423,,,,
13301,20230318,-93.15,39.87,0.488,0.48,0,0.601,0.479,0.33,0,0.387,0.539,0.49,0,0.881,0.565,0.02,0,0,,,,,0.483,0.41,0,0.565,,,,
13301,20230319,-93.15,39.87,0.49,0.49,0,0.625,0.48,0.32,0,0.369,0.539,0.46,0,0.815,0.565,0.01,0,0,,,,,0.485,0.41,0,0.571,,,,
13301,20230320,-93.15,39.87,0.482,0.43,0,0.494,0.475,0.26,0,0.232,0.537,0.42,0,0.673,0.565,0.01,0,0,,,,,0.478,0.35,0,0.429,,,,
13301,20230321,-93.15,39.87,0.471,0.34,0,0.387,0.468,0.2,0,0.137,0.535,0.38,0,0.53,0.564,0.01,0,0,,,,,0.47,0.27,0,0.321,,,,
13301,20230322,-93.15,39.87,0.466,0.3,0,0.363,0.466,0.18,0,0.137,0.534,0.35,0,0.387,0.564,0.01,0,0,,,,,0.466,0.24,0,0.321,,,,
13301,20230323,-93.15,39.87,0.469,0.32,0,0.363,0.472,0.24,0,0.167,0.536,0.35,0,0.375,0.565,0.01,0,0,,,,,0.471,0.28,0,0.321,,,,
13301,20230324,-93.15,39.87,0.466,0.3,0,0.274,0.474,0.26,0,0.232,0.537,0.36,0,0.345,0.565,0,0,0,,,,,0.47,0.28,0,0.238,,,,
13301,20230325,-93.15,39.87,0.461,0.26,0,0.19,0.472,0.24,0,0.161,0.537,0.35,0,0.292,0.565,0,0,0,,,,,0.466,0.25,0,0.155,,,,
13301,20230326,-93.15,39.87,0.465,0.31,0,0.214,0.474,0.27,0,0.244,0.539,0.38,0,0.357,0.565,0,0,0,,,,,0.47,0.29,0,0.202,,,,
13301,20230327,-93.15,39.87,0.471,0.36,0,0.345,0.481,0.34,0,0.387,0.543,0.43,0,0.5,0.564,0,0,0,,,,,0.476,0.35,0,0.345,,,,
13301,20230328,-93.15,39.87,0.479,0.43,0,0.423,0.487,0.41,0,0.458,0.546,0.47,0,0.643,0.564,0,0,0,,,,,0.483,0.42,0,0.417,,,,
13301,20230329,-93.15,39.87,0.486,0.5,0,0.506,0.492,0.46,0,0.524,0.549,0.52,0,0.786,0.564,-0.01,0,0,,,,,0.489,0.49,0,0.476,,,,
13301,20230330,-93.15,39.87,0.485,0.5,0,0.506,0.487,0.43,0,0.494,0.549,0.54,0,0.881,0.564,-0.01,0,0,,,,,0.486,0.47,0,0.476,,,,
13301,20230331,-93.15,39.87,0.481,0.48,0,0.506,0.479,0.37,0,0.429,0.546,0.52,0,0.804,0.564,-0.01,0,0,,,,,0.48,0.43,0,0.476,,,,
13301,20230401,-93.15,39.87,0.473,0.42,0,0.446,0.471,0.31,0,0.417,0.54,0.49,0,0.714,0.564,-0.01,0,0,,,,,0.472,0.37,0,0.417,,,,
13301,20230402,-93.15,39.87,0.457,0.29,0,0.304,0.457,0.19,0.048,0.28,0.531,0.41,0,0.571,0.564,-0.01,0,0,,,,,0.457,0.24,0,0.274,,,,
13301,20230403,-93.15,39.87,0.443,0.18,0,0.161,0.442,0.06,0.19,0.137,0.519,0.3,0,0.429,0.564,-0.01,0,0,,,,,0.442,0.12,0.006,0.131,,,,
13301,20230404,-93.15,39.87,0.431,0.08,0,0.083,0.428,-0.07,0.333,0.065,0.507,0.19,0,0.286,0.564,-0.01,0,0,,,,,0.429,0.01,0.119,0.06,,,,
13301,20230405,-93.15,39.87,0.42,-0.02,0.089,0,0.413,-0.2,0.476,0,0.494,0.07,0,0.143,0.563,-0.02,0,0,,,,,0.416,-0.1,0.262,0,,,,
13301,20230406,-93.15,39.87,0.41,-0.11,0.232,0,0.402,-0.29,0.619,0,0.483,-0.03,0.006,0,0.563,-0.02,0,0,,,,,0.406,-0.18,0.405,0,,,,
13301,20230407,-93.15,39.87,0.4,-0.18,0.375,0,0.393,-0.36,0.762,0,0.474,-0.1,0.018,0,0.559,-0.05,0,0,,,,,0.397,-0.25,0.548,0,,,,
13301,20230408,-93.15,39.87,0.391,-0.27,0.518,0,0.386,-0.41,0.905,0,0.467,-0.16,0.065,0,0.552,-0.11,0.024,0,,,,,0.388,-0.32,0.69,0,,,,
13301,20230409,-93.15,39.87,0.381,-0.35,0.661,0,0.38,-0.44,1,0,0.462,-0.19,0.107,0,0.542,-0.21,0.161,0,,,,,0.381,-0.37,0.833,0,,,,
13301,20230410,-93.15,39.87,0.369,-0.45,0.804,0,0.375,-0.47,1,0,0.459,-0.2,0.137,0,0.528,-0.32,0.304,0,,,,,0.372,-0.44,0.97,0,,,,
13301,20230411,-93.15,39.87,0.356,-0.56,0.946,0,0.369,-0.51,1,0,0.456,-0.21,0.179,0,0.512,-0.46,0.446,0,,,,,0.362,-0.51,1,0,,,,
13301,20230412,-93.15,39.87,0.341,-0.68,1,0,0.362,-0.55,1,0,0.453,-0.22,0.244,0,0.494,-0.6,0.589,0,,,,,0.351,-0.6,1,0,,,,
13301,20230413,-93.15,39.87,0.323,-0.83,1,0,0.353,-0.63,1,0,0.45,-0.23,0.31,0,0.477,-0.74,0.732,0,,,,,0.338,-0.72,1,0,,,,
13301,20230414,-93.15,39.87,0.303,-1,1,0,0.342,-0.73,1,0,0.446,-0.25,0.435,0,0.463,-0.86,0.875,0,,,,,0.322,-0.87,1,0,,,,
13301,20230415,-93.15,39.87,0.282,-1.18,1,0,0.329,-0.87,1,0,0.441,-0.29,0.53,0,0.45,-0.96,0.994,0,,,,,0.305,-1.04,1,0,,,,
13301,20230416,-93.15,39.87,0.268,-1.3,1,0,0.315,-1.01,1,0,0.435,-0.34,0.631,0,0.441,-1.03,1,0,,,,,0.292,-1.18,1,0,,,,
13301,20230417,-93.15,39.87,0.258,-1.37,1,0,0.304,-1.14,1,0,0.429,-0.4,0.744,0,0.434,-1.08,1,0,,,,,0.281,-1.28,1,0,,,,
13301,20230418,-93.15,39.87,0.25,-1.43,1,0,0.292,-1.27,1,0,0.422,-0.46,0.845,0,0.428,-1.12,1,0,,,,,0.271,-1.38,1,0,,,,
13301,20230419,-93.15,39.87,0.243,-1.47,1,0,0.281,-1.37,1,0,0.415,-0.53,0.923,0,0.423,-1.15,1,0,,,,,0.262,-1.45,1,0,,,,
13301,20230420,-93.15,39.87,0.241,-1.45,1,0,0.273,-1.44,1,0,0.408,-0.6,0.994,0,0.417,-1.18,1,0,,,,,0.257,-1.47,1,0,,,,
13301,20230421,-93.15,39.87,0.26,-1.25,0.863,0,0.278,-1.36,1,0,0.408,-0.58,0.881,0,0.426,-1.08,0.881,0,,,,,0.269,-1.31,0.946,0,,,,
13301,20230422,-93.15,39.87,0.279,-1.04,0.72,0,0.284,-1.26,1,0,0.408,-0.56,0.869,0,0.436,-0.99,0.804,0,,,,,0.282,-1.15,0.946,0,,,,
13301,20230423,-93.15,39.87,0.292,-0.89,0.673,0,0.291,-1.16,1,0,0.408,-0.54,0.869,0,0.442,-0.92,0.804,0,,,,,0.291,-1.01,0.946,0,,,,
13301,20230424,-93.15,39.87,0.301,-0.77,0.673,0,0.296,-1.08,1,0,0.408,-0.52,0.869,0,0.446,-0.87,0.804,0,,,,,0.299,-0.9,0.946,0,,,,
13301,20230425,-93.15,39.87,0.31,-0.66,0.673,0,0.301,-1,1,0,0.409,-0.5,0.869,0,0.45,-0.82,0.804,0,,,,,0.305,-0.8,0.946,0,,,,
13301,20230426,-93.15,39.87,0.318,-0.56,0.673,0,0.305,-0.93,1,0,0.41,-0.47,0.869,0,0.453,-0.78,0.804,0,,,,,0.312,-0.71,0.946,0,,,,
13301,20230427,-93.15,39.87,0.322,-0.5,0.673,0,0.309,-0.87,1,0,0.41,-0.46,0.869,0,0.456,-0.75,0.804,0,,,,,0.315,-0.65,0.946,0,,,,
13301,20230428,-93.15,39.87,0.305,-0.61,0.81,0,0.3,-0.93,1,0,0.404,-0.52,0.988,0,0.442,-0.85,0.923,0,,,,,0.303,-0.74,1,0,,,,
13301,20230429,-93.15,39.87,0.29,-0.71,0.952,0,0.293,-0.97,1,0,0.398,-0.56,1,0,0.43,-0.94,1,0,,,,,0.291,-0.82,1,0,,,,
13301,20230430,-93.15,39.87,0.274,-0.8,1,0,0.284,-1.02,1,0,0.391,-0.61,1,0,0.421,-1.01,1,0,,,,,0.279,-0.9,1,0,,,,
13301,20230501,-93.15,39.87,0.259,-0.89,1,0,0.274,-1.06,1,0,0.385,-0.66,1,0,0.414,-1.04,1,0,,,,,0.266,-0.98,1,0,,,,
13301,20230502,-93.15,39.87,0.245,-0.97,1,0,0.264,-1.1,1,0,0.377,-0.71,1,0,0.407,-1.09,1,0,,,,,0.254,-1.04,1,0,,,,
13301,20230503,-93.15,39.87,0.231,-1.03,1,0,0.253,-1.14,1,0,0.367,-0.77,1,0,0.401,-1.12,1,0,,,,,0.242,-1.11,1,0,,,,
13301,20230504,-93.15,39.87,0.219,-1.08,1,0,0.242,-1.19,1,0,0.357,-0.84,1,0,0.396,-1.14,1,0,,,,,0.231,-1.16,1,0,,,,
13301,20230505,-93.15,39.87,0.209,-1.12,1,0,0.231,-1.24,1,0,0.346,-0.91,1,0,0.392,-1.16,1,0,,,,,0.22,-1.21,1,0,,,,
13301,20230506,-93.15,39.87,0.2,-1.16,1,0,0.22,-1.29,1,0,0.335,-0.98,1,0,0.389,-1.18,1,0,,,,,0.21,-1.26,1,0,,,,
13301,20230507,-93.15,39.87,0.194,-1.18,1,0,0.212,-1.32,1,0,0.325,-1.03,1,0,0.385,-1.2,1,0,,,,,0.203,-1.29,1,0,,,,
13301,20230508,-93.15,39.87,0.189,-1.19,1,0,0.205,-1.34,1,0,0.316,-1.09,1,0,0.382,-1.23,1,0,,,,,0.197,-1.31,1,0,,,,
13301,20230509,-93.15,39.87,0.186,-1.19,1,0,0.202,-1.34,1,0,0.308,-1.13,1,0,0.38,-1.25,1,0,,,,,0.194,-1.32,1,0,,,,
13301,20230510,-93.15,39.87,0.184,-1.19,1,0,0.2,-1.33,1,0,0.303,-1.15,1,0,0.378,-1.27,1,0,,,,,0.192,-1.32,1,0,,,,
13301,20230511,-93.15,39.87,0.182,-1.18,1,0,0.2,-1.32,1,0,0.299,-1.17,1,0,0.376,-1.28,1,0,,,,,0.191,-1.31,1,0,,,,
13301,20230512,-93.15,39.87,0.181,-1.18,1,0,0.2,-1.29,1,0,0.296,-1.18,1,0,0.374,-1.3,1,0,,,,,0.191,-1.29,1,0,,,,
13301,20230513,-93.15,39.87,0.181,-1.16,1,0,0.201,-1.27,1,0,0.294,-1.18,1,0,0.372,-1.31,1,0,,,,,0.191,-1.28,1,0,,,,
13301,20230514,-93.15,39.87,0.181,-1.16,1,0,0.202,-1.26,1,0,0.292,-1.17,1,0,0.371,-1.31,1,0,,,,,0.191,-1.26,1,0,,,,
13301,20230515,-93.15,39.87,0.18,-1.15,1,0,0.202,-1.25,1,0,0.291,-1.16,1,0,0.369,-1.3,1,0,,,,,0.191,-1.25,1,0,,,,
13301,20230516,-93.15,39.87,0.187,-1.1,1,0,0.2,-1.25,1,0,0.289,-1.15,1,0,0.367,-1.28,1,0,,,,,0.193,-1.23,1,0,,,,
13301,20230517,-93.15,39.87,0.194,-1.05,1,0,0.199,-1.25,1,0,0.287,-1.15,1,0,0.366,-1.26,1,0,,,,,0.197,-1.19,1,0,,,,
13301,20230518,-93.15,39.87,0.201,-1,1,0,0.198,-1.25,1,0,0.286,-1.14,1,0,0.364,-1.23,1,0,,,,,0.199,-1.16,1,0,,,,
13301,20230519,-93.15,39.87,0.206,-0.97,1,0,0.197,-1.24,1,0,0.285,-1.14,1,0,0.361,-1.21,1,0,,,,,0.201,-1.14,1,0,,,,
13301,20230520,-93.15,39.87,0.209,-0.94,1,0,0.196,-1.24,1,0,0.284,-1.14,1,0,0.359,-1.19,1,0,,,,,0.203,-1.13,1,0,,,,
13301,20230521,-93.15,39.87,0.21,-0.92,1,0,0.195,-1.25,1,0,0.282,-1.15,1,0,0.357,-1.18,1,0,,,,,0.203,-1.12,1,0,,,,
13301,20230522,-93.15,39.87,0.21,-0.91,1,0,0.193,-1.26,1,0,0.279,-1.17,1,0,0.354,-1.19,1,0,,,,,0.202,-1.11,1,0,,,,
13301,20230523,-93.15,39.87,0.202,-0.95,1,0,0.191,-1.27,1,0,0.276,-1.2,1,0,0.35,-1.2,1,0,,,,,0.197,-1.14,1,0,,,,
13301,20230524,-93.15,39.87,0.193,-1,1,0,0.189,-1.29,1,0,0.273,-1.23,1,0,0.345,-1.24,1,0,,,,,0.191,-1.17,1,0,,,,
13301,20230525,-93.15,39.87,0.184,-1.04,1,0,0.185,-1.31,1,0,0.269,-1.26,1,0,0.34,-1.28,1,0,,,,,0.185,-1.2,1,0,,,,
13301,20230526,-93.15,39.87,0.177,-1.06,1,0,0.182,-1.33,1,0,0.264,-1.3,1,0,0.336,-1.32,1,0,,,,,0.179,-1.23,1,0,,,,
13301,20230527,-93.15,39.87,0.171,-1.08,1,0,0.177,-1.35,1,0,0.259,-1.35,1,0,0.33,-1.39,1,0,,,,,0.174,-1.25,1,0,,,,
13301,20230528,-93.15,39.87,0.166,-1.1,1,0,0.173,-1.37,1,0,0.253,-1.39,1,0,0.323,-1.47,1,0,,,,,0.169,-1.27,1,0,,,,
13301,20230529,-93.15,39.87,0.162,-1.11,1,0,0.168,-1.39,1,0,0.247,-1.44,1,0,0.317,-1.56,1,0,,,,,0.165,-1.28,1,0,,,,
13301,20230530,-93.15,39.87,0.159,-1.12,1,0,0.164,-1.41,1,0,0.241,-1.48,1,0,0.31,-1.65,1,0,,,,,0.162,-1.29,1,0,,,,
13301,20230531,-93.15,39.87,0.157,-1.12,1,0,0.16,-1.43,1,0,0.235,-1.52,1,0,0.303,-1.74,1,0,,,,,0.159,-1.3,1,0,,,,
13301,20230601,-93.15,39.87,0.155,-1.12,1,0,0.157,-1.45,1,0,0.229,-1.56,1,0,0.296,-1.82,1,0,,,,,0.156,-1.31,1,0,,,,
13301,20230602,-93.15,39.87,0.158,-1.09,1,0,0.155,-1.46,1,0,0.228,-1.56,1,0,0.29,-1.89,1,0,,,,,0.156,-1.29,1,0,,,,
13301,20230603,-93.15,39.87,0.163,-1.06,1,0,0.155,-1.45,1,0,0.228,-1.55,1,0,0.284,-1.94,1,0,,,,,0.159,-1.26,1,0,,,,
13301,20230604,-93.15,39.87,0.167,-1.02,1,0,0.155,-1.42,1,0,0.228,-1.52,1,0,0.279,-1.95,1,0,0.46,,,,0.161,-1.23,1,0,0.258,,,
13301,20230605,-93.15,39.87,0.169,-0.99,1,0,0.156,-1.4,1,0,0.228,-1.49,1,0,0.274,-1.94,1,0,0.455,,,,0.163,-1.2,1,0,0.256,,,
13301,20230606,-93.15,39.87,0.171,-0.97,1,0,0.157,-1.37,1,0,0.228,-1.45,1,0,0.27,-1.91,1,0,0.447,,,,0.164,-1.18,1,0,0.255,,,
13301,20230607,-93.15,39.87,0.172,-0.95,1,0,0.157,-1.35,1,0,0.228,-1.41,1,0,0.267,-1.88,1,0,0.441,,,,0.164,-1.15,1,0,0.253,,,
13301,20230608,-93.15,39.87,0.172,-0.94,1,0,0.158,-1.33,1,0,0.227,-1.37,1,0,0.263,-1.86,1,0,0.435,,,,0.165,-1.14,1,0,0.251,,,
13301,20230609,-93.15,39.87,0.167,-0.95,1,0,0.157,-1.32,1,0,0.223,-1.35,1,0,0.26,-1.83,1,0,0.428,,,,0.162,-1.14,1,0,0.247,,,
13301,20230610,-93.15,39.87,0.161,-0.98,1,0,0.154,-1.32,1,0,0.218,-1.34,1,0,0.256,-1.81,1,0,0.421,,,,0.158,-1.16,1,0,0.242,,,
13301,20230611,-93.15,39.87,0.156,-1.01,1,0,0.152,-1.33,1,0,0.213,-1.34,1,0,0.253,-1.81,1,0,0.415,,,,0.154,-1.18,1,0,0.238,,,
13301,20230612,-93.15,39.87,0.153,-1.02,1,0,0.149,-1.34,1,0,0.209,-1.33,1,0,0.25,-1.82,1,0,0.409,,,,0.151,-1.19,1,0,0.234,,,
13301,20230613,-93.15,39.87,0.151,-1.04,1,0,0.147,-1.35,1,0,0.206,-1.33,1,0,0.248,-1.85,1,0,0.404,,,,0.149,-1.21,1,0,0.231,,,
13301,20230614,-93.15,39.87,0.15,-1.04,1,0,0.146,-1.35,1,0,0.204,-1.32,1,0,0.245,-1.86,1,0,0.399,,,,0.148,-1.22,1,0,0.229,,,
13301,20230615,-93.15,39.87,0.149,-1.05,1,0,0.145,-1.36,1,0,0.202,-1.32,1,0,0.243,-1.88,1,0,0.393,,,,0.147,-1.23,1,0,0.226,,,
13301,20230616,-93.15,39.87,0.149,-1.06,1,0,0.144,-1.36,1,0,0.2,-1.31,1,0,0.241,-1.9,1,0,0.387,,,,0.146,-1.24,1,0,0.224,,,
13301,20230617,-93.15,39.87,0.149,-1.07,1,0,0.143,-1.37,1,0,0.199,-1.31,1,0,0.239,-1.92,1,0,0.379,,,,0.146,-1.25,1,0,0.222,,,
13301,20230618,-93.15,39.87,0.148,-1.08,1,0,0.143,-1.37,1,0,0.198,-1.31,1,0,0.237,-1.94,1,0,0.371,,,,0.145,-1.26,1,0,0.219,,,
13301,20230619,-93.15,39.87,0.147,-1.08,1,0,0.142,-1.38,1,0,0.197,-1.31,1,0,0.236,-1.94,1,0,0.362,,,,0.145,-1.26,1,0,0.217,,,
13301,20230620,-93.15,39.87,0.147,-1.09,1,0,0.141,-1.39,1,0,0.196,-1.31,1,0,0.234,-1.93,1,0,0.352,,,,0.144,-1.27,1,0,0.214,,,
13301,20230621,-93.15,39.87,0.146,-1.09,1,0,0.14,-1.39,1,0,0.194,-1.31,1,0,0.233,-1.91,1,0,0.342,,,,0.143,-1.28,1,0,0.211,,,
13301,20230622,-93.15,39.87,0.145,-1.1,1,0,0.139,-1.4,1,0,0.193,-1.3,1,0,0.232,-1.87,1,0,0.331,,,,0.142,-1.28,1,0,0.208,,,
13301,20230623,-93.15,39.87,0.144,-1.1,1,0,0.137,-1.4,1,0,0.191,-1.29,1,0,0.231,-1.83,1,0,0.321,,,,0.141,-1.29,1,0,0.205,,,
13301,20230624,-93.15,39.87,0.143,-1.1,1,0,0.136,-1.4,1,0,0.19,-1.29,1,0,0.23,-1.79,1,0,0.31,,,,0.139,-1.29,1,0,0.202,,,
13301,20230625,-93.15,39.87,0.141,-1.1,1,0,0.135,-1.4,1,0,0.188,-1.28,1,0,0.229,-1.75,1,0,0.299,,,,0.138,-1.28,1,0,0.198,,,
13301,20230626,-93.15,39.87,0.14,-1.1,1,0,0.133,-1.39,1,0,0.186,-1.27,1,0,0.228,-1.71,1,0,0.287,,,,0.137,-1.28,1,0,0.195,,,
13301,20230627,-93.15,39.87,0.139,-1.1,1,0,0.131,-1.39,1,0,0.185,-1.27,1,0,0.227,-1.67,1,0,0.275,,,,0.135,-1.27,1,0,0.191,,,
13301,20230628,-93.15,39.87,0.138,-1.1,1,0,0.129,-1.39,1,0,0.183,-1.26,1,0,0.225,-1.64,1,0,0.264,,,,0.133,-1.26,1,0,0.188,,,
13301,20230629,-93.15,39.87,0.137,-1.1,1,0,0.127,-1.38,1,0,0.181,-1.25,1,0,0.224,-1.61,1,0,0.254,,,,0.132,-1.25,1,0,0.185,,,
13301,20230630,-93.15,39.87,0.137,-1.08,1,0,0.127,-1.36,1,0,0.179,-1.25,1,0,0.223,-1.59,1,0,0.244,,,,0.132,-1.24,1,0,0.182,,,
13301,20230701,-93.15,39.87,0.141,-1.06,1,0,0.13,-1.33,1,0,0.179,-1.24,1,0,0.222,-1.57,1,0,0.235,,,,0.135,-1.2,1,0,0.181,,,
13301,20230702,-93.15,39.87,0.153,-0.99,0.994,0,0.142,-1.25,1,0,0.18,-1.22,1,0,0.222,-1.55,1,0,0.229,,,,0.148,-1.12,1,0,0.185,,,
13301,20230703,-93.15,39.87,0.166,-0.91,0.994,0,0.156,-1.17,1,0,0.181,-1.22,1,0,0.222,-1.53,1,0,0.224,,,,0.161,-1.04,1,0,0.19,,,
13301,20230704,-93.15,39.87,0.177,-0.85,0.994,0,0.167,-1.1,1,0,0.182,-1.21,1,0,0.222,-1.51,1,0,0.22,,,,0.172,-0.98,1,0,0.194,,,
13301,20230705,-93.15,39.87,0.184,-0.82,0.994,0,0.176,-1.05,1,0,0.184,-1.21,1,0,0.222,-1.49,1,0,0.217,,,,0.18,-0.93,1,0,0.197,,,
13301,20230706,-93.15,39.87,0.188,-0.79,0.994,0,0.183,-1.01,1,0,0.185,-1.21,1,0,0.223,-1.48,1,0,0.215,,,,0.186,-0.9,1,0,0.199,,,
13301,20230707,-93.15,39.87,0.19,-0.78,0.994,0,0.187,-1,1,0,0.186,-1.22,1,0,0.223,-1.46,1,0,0.213,,,,0.188,-0.89,1,0,0.2,,,
13301,20230708,-93.15,39.87,0.188,-0.78,0.994,0,0.186,-1.01,1,0,0.185,-1.23,1,0,0.223,-1.45,1,0,0.212,,,,0.187,-0.9,1,0,0.199,,,
13301,20230709,-93.15,39.87,0.177,-0.83,1,0,0.175,-1.07,1,0,0.183,-1.24,1,0,0.223,-1.43,1,0,0.211,,,,0.176,-0.95,1,0,0.194,,,
13301,20230710,-93.15,39.87,0.165,-0.88,1,0,0.163,-1.13,1,0,0.182,-1.25,1,0,0.222,-1.42,1,0,0.209,,,,0.164,-1.01,1,0,0.188,,,
13301,20230711,-93.15,39.87,0.155,-0.91,1,0,0.153,-1.17,1,0,0.18,-1.25,1,0,0.221,-1.4,1,0,0.207,,,,0.154,-1.04,1,0,0.183,,,
13301,20230712,-93.15,39.87,0.149,-0.92,1,0,0.145,-1.2,1,0,0.179,-1.25,1,0,0.221,-1.39,1,0,0.205,,,,0.147,-1.06,1,0,0.18,,,
13301,20230713,-93.15,39.87,0.15,-0.89,1,0,0.139,-1.21,1,0,0.179,-1.23,1,0,0.22,-1.39,1,0,0.202,,,,0.145,-1.04,1,0,0.178,,,
13301,20230714,-93.15,39.87,0.152,-0.85,1,0,0.136,-1.2,1,0,0.179,-1.22,1,0,0.219,-1.38,1,0,0.2,,,,0.144,-1.02,1,0,0.177,,,
13301,20230715,-93.15,39.87,0.151,-0.83,1,0,0.134,-1.19,1,0,0.179,-1.2,1,0,0.219,-1.38,1,0,0.197,,,,0.142,-1,1,0,0.176,,,
13301,20230716,-93.15,39.87,0.149,-0.81,1,0,0.132,-1.17,1,0,0.178,-1.19,1,0,0.218,-1.38,1,0,0.194,,,,0.141,-0.98,1,0,0.174,,,
13301,20230717,-93.15,39.87,0.148,-0.79,1,0,0.13,-1.16,1,0,0.178,-1.17,1,0,0.218,-1.38,1,0,0.192,,,,0.139,-0.96,1,0,0.173,,,
13301,20230718,-93.15,39.87,0.147,-0.77,1,0,0.129,-1.14,1,0,0.177,-1.15,1,0,0.217,-1.39,1,0,0.19,,,,0.138,-0.95,1,0,0.172,,,
13301,20230719,-93.15,39.87,0.147,-0.75,1,0,0.128,-1.12,1,0,0.176,-1.13,1,0,0.217,-1.39,1,0,0.189,,,,0.137,-0.93,1,0,0.171,,,
13301,20230720,-93.15,39.87,0.14,-0.76,1,0,0.127,-1.11,1,0,0.174,-1.13,1,0,0.217,-1.39,1,0,0.187,,,,0.134,-0.93,1,0,0.169,,,
13301,20230721,-93.15,39.87,0.136,-0.77,1,0,0.126,-1.1,1,0,0.173,-1.11,1,0,0.217,-1.39,1,0,0.185,,,,0.131,-0.93,1,0,0.167,,,
13301,20230722,-93.15,39.87,0.134,-0.77,1,0,0.125,-1.09,1,0,0.172,-1.1,1,0,0.216,-1.39,1,0,0.184,,,,0.13,-0.93,1,0,0.166,,,
13301,20230723,-93.15,39.87,0.133,-0.77,1,0,0.124,-1.08,1,0,0.171,-1.09,1,0,0.216,-1.38,1,0,0.182,,,,0.128,-0.93,1,0,0.165,,,
13301,20230724,-93.15,39.87,0.132,-0.77,1,0,0.122,-1.07,1,0,0.17,-1.08,1,0,0.216,-1.37,1,0,0.181,,,,0.127,-0.93,1,0,0.164,,,
13301,20230725,-93.15,39.87,0.132,-0.78,1,0,0.121,-1.07,1,0,0.17,-1.07,1,0,0.216,-1.35,1,0,0.179,,,,0.126,-0.93,1,0,0.163,,,
13301,20230726,-93.15,39.87,0.131,-0.79,1,0,0.12,-1.07,1,0,0.169,-1.07,1,0,0.216,-1.33,1,0,0.178,,,,0.125,-0.94,1,0,0.163,,,
13301,20230727,-93.15,39.87,0.13,-0.8,1,0,0.119,-1.07,1,0,0.169,-1.06,1,0,0.215,-1.31,1,0,0.176,,,,0.124,-0.95,1,0,0.162,,,
13301,20230728,-93.15,39.87,0.129,-0.81,1,0,0.117,-1.08,1,0,0.168,-1.06,1,0,0.215,-1.28,1,0,0.175,,,,0.123,-0.96,1,0,0.161,,,
13301,20230729,-93.15,39.87,0.129,-0.82,1,0,0.116,-1.08,1,0,0.167,-1.06,1,0,0.215,-1.25,1,0,0.173,,,,0.122,-0.97,1,0,0.16,,,
13301,20230730,-93.15,39.87,0.136,-0.78,0.893,0,0.118,-1.07,1,0,0.17,-1.05,1,0,0.215,-1.22,1,0,0.172,,,,0.127,-0.94,1,0,0.162,,,
13301,20230731,-93.15,39.87,0.143,-0.74,0.869,0,0.12,-1.06,1,0,0.171,-1.03,1,0,0.215,-1.19,1,0,0.171,,,,0.132,-0.92,1,0,0.164,,,
13301,20230801,-93.15,39.87,0.154,-0.68,0.744,0,0.129,-1,1,0,0.171,-1.03,1,0,0.215,-1.16,1,0,0.17,,,,0.141,-0.86,1,0,0.168,,,
13301,20230802,-93.15,39.87,0.167,-0.61,0.601,0,0.141,-0.93,0.97,0,0.175,-1,0.988,0,0.215,-1.14,1,0,0.169,,,,0.154,-0.78,0.964,0,0.173,,,
13301,20230803,-93.15,39.87,0.199,-0.42,0.458,0.119,0.174,-0.72,0.827,0.107,0.194,-0.89,0.845,0,0.22,-1.1,1,0,0.169,,,,0.187,-0.58,0.821,0.131,0.191,,,
13301,20230804,-93.15,39.87,0.228,-0.26,0.315,0.119,0.205,-0.52,0.685,0.107,0.213,-0.78,0.702,0,0.222,-1.07,1,0,0.169,,,,0.217,-0.39,0.679,0.131,0.207,,,
13301,20230805,-93.15,39.87,0.26,-0.07,0.173,0.19,0.24,-0.31,0.542,0.173,0.239,-0.63,0.56,0.06,0.226,-1.05,1,0,0.169,,,,0.25,-0.18,0.536,0.196,0.227,,,
13301,20230806,-93.15,39.87,0.286,0.08,0.137,0.333,0.274,-0.09,0.399,0.315,0.275,-0.43,0.417,0.202,0.232,-1.02,1,0,0.17,,,,0.28,0.01,0.393,0.339,0.247,,,
13301,20230807,-93.15,39.87,0.314,0.25,0.018,0.476,0.309,0.13,0.256,0.458,0.316,-0.2,0.274,0.345,0.243,-0.96,1,0,0.171,,,,0.311,0.22,0.25,0.482,0.27,,,
13301,20230808,-93.15,39.87,0.335,0.38,0,0.619,0.335,0.3,0.113,0.601,0.354,0.01,0.131,0.488,0.252,-0.92,1,0,0.172,,,,0.335,0.38,0.107,0.625,0.29,,,
13301,20230809,-93.15,39.87,0.351,0.48,0,0.738,0.357,0.44,0,0.744,0.389,0.21,0,0.631,0.26,-0.88,1,0,0.173,,,,0.354,0.51,0,0.768,0.306,,,
13301,20230810,-93.15,39.87,0.359,0.54,0,0.762,0.365,0.5,0,0.78,0.415,0.36,0,0.774,0.272,-0.83,1,0,0.178,,,,0.362,0.57,0,0.78,0.318,,,
13301,20230811,-93.15,39.87,0.364,0.59,0,0.905,0.372,0.55,0,0.923,0.439,0.5,0,0.917,0.285,-0.78,1,0,0.183,,,,0.368,0.62,0,0.923,0.329,,,
13301,20230812,-93.15,39.87,0.368,0.62,0,0.976,0.376,0.58,0,1,0.456,0.6,0,1,0.297,-0.73,0.982,0,0.198,,,,0.372,0.66,0,1,0.339,,,
13301,20230813,-93.15,39.87,0.37,0.65,0,0.976,0.379,0.61,0,1,0.463,0.64,0,1,0.311,-0.68,0.97,0,0.242,,,,0.375,0.69,0,1,0.353,,,
13301,20230814,-93.15,39.87,0.377,0.71,0,0.976,0.385,0.64,0,1,0.47,0.67,0,1,0.321,-0.62,0.839,0,0.287,,,,0.381,0.74,0,1,0.368,,,
13301,20230815,-93.15,39.87,0.381,0.75,0,0.976,0.389,0.67,0,1,0.476,0.71,0,1,0.334,-0.55,0.696,0,0.332,,,,0.385,0.78,0,1,0.382,,,
13301,20230816,-93.15,39.87,0.386,0.8,0,1,0.393,0.69,0,1,0.481,0.74,0,1,0.346,-0.49,0.554,0,0.377,,,,0.389,0.81,0,1,0.397,,,
13301,20230817,-93.15,39.87,0.377,0.76,0,1,0.387,0.65,0,1,0.477,0.72,0,1,0.348,-0.45,0.411,0,0.418,,,,0.382,0.77,0,1,0.402,,,
13301,20230818,-93.15,39.87,0.372,0.74,0,1,0.384,0.63,0,1,0.475,0.71,0,1,0.351,-0.4,0.268,0,0.459,,,,0.378,0.74,0,1,0.408,,,
13301,20230819,-93.15,39.87,0.361,0.69,0,0.923,0.378,0.59,0,0.982,0.471,0.68,0,1,0.353,-0.36,0.143,0,0.489,,,,0.369,0.69,0,0.964,0.41,,,
13301,20230820,-93.15,39.87,0.347,0.62,0,0.78,0.369,0.54,0,0.839,0.464,0.64,0,1,0.351,-0.34,0.012,0,0.489,,,,0.358,0.62,0,0.821,0.404,,,
13301,20230821,-93.15,39.87,0.326,0.5,0,0.637,0.354,0.45,0,0.696,0.452,0.58,0,1,0.345,-0.35,0,0,0.485,,,,0.34,0.51,0,0.679,0.392,,,
13301,20230822,-93.15,39.87,0.306,0.39,0,0.494,0.342,0.38,0,0.554,0.441,0.52,0,0.946,0.34,-0.37,0,0,0.479,,,,0.324,0.41,0,0.536,0.382,,,
13301,20230823,-93.15,39.87,0.288,0.28,0,0.351,0.328,0.3,0,0.411,0.431,0.47,0,0.804,0.335,-0.38,0,0,0.471,,,,0.308,0.31,0,0.393,0.371,,,
13301,20230824,-93.15,39.87,0.27,0.17,0,0.208,0.315,0.23,0,0.268,0.42,0.41,0,0.661,0.33,-0.4,0,0,0.46,,,,0.292,0.21,0,0.25,0.359,,,
13301,20230825,-93.15,39.87,0.254,0.08,0,0.065,0.301,0.15,0,0.125,0.408,0.35,0,0.518,0.325,-0.42,0.042,0,0.447,,,,0.277,0.12,0,0.107,0.347,,,
13301,20230826,-93.15,39.87,0.24,0,0.006,0.006,0.287,0.07,0,0.006,0.396,0.29,0,0.381,0.32,-0.45,0.161,0,0.432,,,,0.264,0.04,0,0.006,0.335,,,
13301,20230827,-93.15,39.87,0.248,0.07,0.006,0.149,0.293,0.12,0,0.149,0.4,0.32,0,0.381,0.321,-0.45,0.167,0,0.425,,,,0.271,0.1,0,0.149,0.337,,,
13301,20230828,-93.15,39.87,0.254,0.12,0.006,0.292,0.297,0.15,0,0.274,0.402,0.34,0,0.381,0.321,-0.47,0.28,0,0.42,,,,0.276,0.14,0,0.286,0.339,,,
13301,20230829,-93.15,39.87,0.261,0.18,0.006,0.387,0.302,0.18,0,0.274,0.404,0.35,0,0.435,0.32,-0.5,0.423,0,0.414,,,,0.281,0.19,0,0.292,0.34,,,
13301,20230830,-93.15,39.87,0.268,0.23,0.006,0.387,0.306,0.2,0,0.274,0.407,0.37,0,0.53,0.319,-0.53,0.565,0,0.407,,,,0.287,0.23,0,0.292,0.341,,,
13301,20230831,-93.15,39.87,0.273,0.28,0.006,0.387,0.31,0.22,0,0.274,0.41,0.38,0,0.53,0.318,-0.56,0.708,0,0.402,,,,0.292,0.26,0,0.292,0.343,,,
13301,20230901,-93.15,39.87,0.278,0.32,0.006,0.387,0.314,0.23,0,0.274,0.413,0.4,0,0.53,0.317,-0.6,0.81,0,0.398,,,,0.296,0.29,0,0.292,0.344,,,
13301,20230902,-93.15,39.87,0.282,0.35,0,0.381,0.317,0.24,0,0.268,0.414,0.4,0,0.524,0.316,-0.63,0.833,0,0.395,,,,0.299,0.32,0,0.286,0.345,,,
13301,20230903,-93.15,39.87,0.266,0.24,0,0.238,0.299,0.13,0,0.125,0.4,0.32,0,0.381,0.308,-0.68,0.97,0,0.383,,,,0.283,0.2,0,0.143,0.331,,,
13301,20230904,-93.15,39.87,0.252,0.15,0,0.095,0.284,0.04,0,0,0.386,0.25,0,0.238,0.3,-0.72,1,0,0.373,,,,0.268,0.11,0,0.006,0.319,,,
13301,20230905,-93.15,39.87,0.24,0.06,0,0,0.268,-0.05,0,0,0.373,0.18,0,0.095,0.292,-0.75,1,0,0.364,,,,0.254,0.02,0,0,0.307,,,
13301,20230906,-93.15,39.87,0.229,-0.01,0,0,0.253,-0.14,0.077,0,0.359,0.11,0,0,0.285,-0.78,1,0,0.355,,,,0.241,-0.06,0,0,0.296,,,
13301,20230907,-93.15,39.87,0.219,-0.07,0.006,0,0.238,-0.21,0.22,0,0.346,0.05,0,0,0.277,-0.81,1,0,0.348,,,,0.229,-0.13,0,0,0.285,,,
13301,20230908,-93.15,39.87,0.21,-0.12,0.101,0,0.225,-0.28,0.363,0,0.334,-0.01,0,0,0.27,-0.83,1,0,0.34,,,,0.218,-0.19,0.107,0,0.276,,,
13301,20230909,-93.15,39.87,0.203,-0.16,0.244,0,0.213,-0.34,0.506,0,0.322,-0.05,0,0,0.263,-0.85,1,0,0.334,,,,0.208,-0.24,0.25,0,0.267,,,
13301,20230910,-93.15,39.87,0.196,-0.2,0.387,0,0.203,-0.39,0.649,0,0.312,-0.09,0,0,0.257,-0.87,1,0,0.326,,,,0.2,-0.29,0.393,0,0.259,,,
13301,20230911,-93.15,39.87,0.191,-0.24,0.53,0,0.194,-0.43,0.792,0,0.303,-0.13,0,0,0.251,-0.9,1,0,0.319,,,,0.192,-0.32,0.536,0,0.252,,,
13301,20230912,-93.15,39.87,0.186,-0.27,0.673,0,0.187,-0.46,0.935,0,0.295,-0.16,0,0,0.246,-0.92,1,0,0.313,,,,0.186,-0.36,0.679,0,0.245,,,
13301,20230913,-93.15,39.87,0.181,-0.3,0.815,0,0.181,-0.48,1,0,0.288,-0.19,0,0,0.241,-0.95,1,0,0.308,,,,0.181,-0.38,0.821,0,0.24,,,
13301,20230914,-93.15,39.87,0.177,-0.32,0.952,0,0.176,-0.5,1,0,0.282,-0.22,0,0,0.237,-0.98,1,0,0.303,,,,0.177,-0.41,0.964,0,0.235,,,
13301,20230915,-93.15,39.87,0.174,-0.35,1,0,0.172,-0.52,1,0,0.275,-0.25,0,0,0.232,-1.01,1,0,0.297,,,,0.173,-0.43,1,0,0.23,,,
13301,20230916,-93.15,39.87,0.171,-0.37,1,0,0.169,-0.54,1,0,0.269,-0.28,0.03,0,0.228,-1.05,1,0,0.291,,,,0.17,-0.44,1,0,0.226,,,
13301,20230917,-93.15,39.87,0.168,-0.38,1,0,0.166,-0.55,1,0,0.263,-0.3,0.06,0,0.224,-1.08,1,0,0.286,,,,0.167,-0.45,1,0,0.222,,,
13301,20230918,-93.15,39.87,0.166,-0.4,1,0,0.164,-0.56,1,0,0.259,-0.32,0.071,0,0.22,-1.12,1,0,0.28,,,,0.165,-0.46,1,0,0.218,,,
13301,20230919,-93.15,39.87,0.164,-0.41,1,0,0.161,-0.57,1,0,0.253,-0.34,0.131,0,0.216,-1.15,1,0,0.274,,,,0.163,-0.47,1,0,0.214,,,
13301,20230920,-93.15,39.87,0.162,-0.42,1,0,0.159,-0.57,1,0,0.247,-0.36,0.274,0,0.212,-1.18,1,0,0.267,,,,0.161,-0.48,1,0,0.21,,,
13301,20230921,-93.15,39.87,0.16,-0.42,1,0,0.157,-0.58,1,0,0.242,-0.38,0.417,0,0.209,-1.2,1,0,0.26,,,,0.159,-0.49,1,0,0.206,,,
13301,20230922,-93.15,39.87,0.159,-0.42,1,0,0.156,-0.58,1,0,0.238,-0.4,0.56,0,0.206,-1.22,1,0,0.253,,,,0.157,-0.49,1,0,0.202,,,
13301,20230923,-93.15,39.87,0.158,-0.42,1,0,0.154,-0.58,1,0,0.234,-0.41,0.673,0,0.203,-1.23,1,0,0.246,,,,0.156,-0.5,1,0,0.199,,,
13301,20230924,-93.15,39.87,0.166,-0.37,0.923,0,0.159,-0.54,0.923,0,0.23,-0.43,0.786,0,0.202,-1.24,1,0,0.239,,,,0.163,-0.46,0.923,0,0.199,,,
13301,20230925,-93.15,39.87,0.179,-0.28,0.78,0,0.168,-0.49,0.78,0,0.227,-0.44,0.917,0,0.202,-1.24,1,0,0.233,,,,0.174,-0.39,0.78,0,0.202,,,
13301,20230926,-93.15,39.87,0.191,-0.21,0.637,0,0.176,-0.44,0.637,0,0.224,-0.45,1,0,0.202,-1.25,1,0,0.228,,,,0.183,-0.33,0.637,0,0.204,,,
13301,20230927,-93.15,39.87,0.2,-0.15,0.494,0,0.183,-0.4,0.494,0,0.223,-0.46,1,0,0.202,-1.25,1,0,0.223,,,,0.192,-0.28,0.494,0,0.206,,,
13301,20230928,-93.15,39.87,0.209,-0.1,0.351,0,0.189,-0.36,0.351,0,0.221,-0.46,1,0,0.201,-1.24,1,0,0.219,,,,0.199,-0.24,0.351,0,0.208,,,
13301,20230929,-93.15,39.87,0.215,-0.05,0.208,0,0.193,-0.33,0.298,0,0.221,-0.46,1,0,0.201,-1.23,1,0,0.216,,,,0.204,-0.2,0.208,0,0.209,,,
13301,20230930,-93.15,39.87,0.22,-0.02,0.065,0,0.197,-0.31,0.298,0,0.22,-0.46,1,0,0.201,-1.21,1,0,0.213,,,,0.209,-0.17,0.065,0,0.21,,,
13301,20231001,-93.15,39.87,0.215,-0.05,0,0,0.193,-0.33,0.375,0,0.22,-0.46,1,0,0.2,-1.2,1,0,0.21,,,,0.204,-0.2,0.095,0,0.208,,,
13301,20231002,-93.15,39.87,0.203,-0.12,0.042,0,0.185,-0.37,0.518,0,0.219,-0.46,1,0,0.198,-1.18,1,0,0.207,,,,0.194,-0.25,0.238,0,0.202,,,
13301,20231003,-93.15,39.87,0.192,-0.18,0.167,0,0.177,-0.41,0.661,0,0.218,-0.46,1,0,0.197,-1.15,1,0,0.203,,,,0.185,-0.3,0.381,0,0.198,,,
13301,20231004,-93.15,39.87,0.183,-0.23,0.31,0,0.17,-0.45,0.804,0,0.217,-0.46,1,0,0.195,-1.13,1,0,0.199,,,,0.177,-0.34,0.524,0,0.193,,,
13301,20231005,-93.15,39.87,0.176,-0.27,0.452,0,0.165,-0.47,0.946,0,0.216,-0.46,1,0,0.194,-1.1,1,0,0.195,,,,0.17,-0.38,0.667,0,0.189,,,
13301,20231006,-93.15,39.87,0.169,-0.31,0.595,0,0.16,-0.49,1,0,0.215,-0.46,1,0,0.192,-1.08,1,0,0.191,,,,0.165,-0.41,0.81,0,0.185,,,
13301,20231007,-93.15,39.87,0.164,-0.34,0.738,0,0.156,-0.51,1,0,0.213,-0.46,1,0,0.191,-1.06,1,0,0.187,,,,0.16,-0.43,0.952,0,0.182,,,
13301,20231008,-93.15,39.87,0.16,-0.36,0.881,0,0.152,-0.52,1,0,0.211,-0.47,1,0,0.189,-1.04,1,0,0.183,,,,0.156,-0.45,1,0,0.179,,,
13301,20231009,-93.15,39.87,0.157,-0.38,0.982,0,0.149,-0.53,1,0,0.209,-0.47,1,0,0.188,-1.03,1,0,0.179,,,,0.153,-0.46,1,0,0.176,,,
13301,20231010,-93.15,39.87,0.154,-0.39,1,0,0.146,-0.54,1,0,0.207,-0.48,1,0,0.186,-1.03,1,0,0.176,,,,0.15,-0.47,1,0,0.174,,,
13301,20231011,-93.15,39.87,0.152,-0.4,1,0,0.144,-0.55,1,0,0.205,-0.48,1,0,0.184,-1.03,1,0,0.174,,,,0.148,-0.48,1,0,0.172,,,
13301,20231012,-93.15,39.87,0.15,-0.42,1,0,0.142,-0.56,1,0,0.203,-0.49,1,0,0.183,-1.03,1,0,0.172,,,,0.146,-0.49,1,0,0.17,,,
13301,20231013,-93.15,39.87,0.149,-0.43,1,0,0.141,-0.56,1,0,0.201,-0.5,1,0,0.182,-1.04,1,0,0.17,,,,0.145,-0.5,1,0,0.169,,,
13301,20231014,-93.15,39.87,0.149,-0.45,1,0,0.14,-0.57,1,0,0.2,-0.51,1,0,0.182,-1.04,1,0,0.168,,,,0.144,-0.51,1,0,0.168,,,
13301,20231015,-93.15,39.87,0.149,-0.46,1,0,0.139,-0.58,1,0,0.199,-0.51,1,0,0.182,-1.04,1,0,0.168,,,,0.144,-0.53,1,0,0.167,,,
13301,20231016,-93.15,39.87,0.149,-0.49,1,0,0.139,-0.6,1,0,0.199,-0.52,1,0,0.182,-1.03,1,0,0.167,,,,0.144,-0.54,1,0,0.167,,,
13301,20231017,-93.15,39.87,0.149,-0.51,1,0,0.139,-0.62,1,0,0.198,-0.53,1,0,0.181,-1.03,1,0,0.166,,,,0.144,-0.56,1,0,0.167,,,
13301,20231018,-93.15,39.87,0.149,-0.53,1,0,0.139,-0.65,1,0,0.198,-0.54,1,0,0.181,-1.02,1,0,0.166,,,,0.144,-0.58,1,0,0.167,,,
13301,20231019,-93.15,39.87,0.148,-0.56,1,0,0.138,-0.68,1,0,0.198,-0.55,1,0,0.181,-1.02,1,0,0.165,,,,0.143,-0.61,1,0,0.166,,,
13301,20231020,-93.15,39.87,0.147,-0.59,1,0,0.138,-0.73,1,0,0.197,-0.57,1,0,0.18,-1.02,1,0,0.164,,,,0.143,-0.64,1,0,0.165,,,
13301,20231021,-93.15,39.87,0.147,-0.62,1,0,0.137,-0.77,1,0,0.196,-0.59,1,0,0.18,-1.02,1,0,0.164,,,,0.142,-0.68,1,0,0.165,,,
13301,20231022,-93.15,39.87,0.146,-0.66,1,0,0.137,-0.82,1,0,0.195,-0.62,1,0,0.179,-1.02,1,0,0.163,,,,0.141,-0.73,1,0,0.164,,,
13301,20231023,-93.15,39.87,0.145,-0.7,1,0,0.136,-0.87,1,0,0.194,-0.67,1,0,0.178,-1.04,1,0,0.162,,,,0.14,-0.78,1,0,0.163,,,
13301,20231024,-93.15,39.87,0.144,-0.74,1,0,0.135,-0.92,1,0,0.194,-0.72,1,0,0.178,-1.05,1,0,0.161,,,,0.14,-0.84,1,0,0.162,,,
13301,20231025,-93.15,39.87,0.15,-0.75,0.964,0,0.141,-0.92,0.964,0,0.193,-0.78,1,0,0.177,-1.07,1,0,0.159,,,,0.146,-0.86,0.964,0,0.164,,,
13301,20231026,-93.15,39.87,0.179,-0.61,0.821,0.06,0.164,-0.82,0.821,0,0.199,-0.8,0.952,0,0.177,-1.09,1,0,0.159,,,,0.172,-0.74,0.821,0,0.175,,,
13301,20231027,-93.15,39.87,0.212,-0.44,0.679,0.185,0.196,-0.66,0.679,0.018,0.217,-0.74,0.81,0,0.181,-1.09,1,0,0.158,,,,0.204,-0.58,0.679,0.077,0.193,,,
13301,20231028,-93.15,39.87,0.241,-0.28,0.536,0.232,0.226,-0.5,0.536,0.018,0.235,-0.68,0.667,0,0.185,-1.08,1,0,0.157,,,,0.234,-0.42,0.536,0.077,0.209,,,
13301,20231029,-93.15,39.87,0.274,-0.09,0.393,0.315,0.259,-0.32,0.393,0.077,0.255,-0.61,0.524,0,0.189,-1.08,1,0,0.157,,,,0.266,-0.23,0.393,0.155,0.227,,,
13301,20231030,-93.15,39.87,0.306,0.11,0.25,0.458,0.292,-0.13,0.25,0.101,0.284,-0.47,0.381,0,0.193,-1.09,1,0,0.157,,,,0.299,-0.02,0.25,0.298,0.246,,,
13301,20231031,-93.15,39.87,0.336,0.31,0.107,0.601,0.323,0.05,0.107,0.101,0.312,-0.32,0.238,0,0.196,-1.09,1,0,0.157,,,,0.329,0.18,0.107,0.399,0.265,,,
13301,20231101,-93.15,39.87,0.358,0.47,0,0.744,0.346,0.2,0,0.101,0.339,-0.17,0.095,0,0.2,-1.09,1,0,0.157,,,,0.352,0.33,0,0.423,0.28,,,
13301,20231102,-93.15,39.87,0.357,0.48,0,0.81,0.352,0.24,0,0.101,0.36,-0.05,0,0,0.202,-1.1,1,0,0.157,,,,0.355,0.36,0,0.423,0.286,,,
13301,20231103,-93.15,39.87,0.352,0.46,0,0.708,0.349,0.22,0,0.083,0.368,-0.02,0,0,0.201,-1.13,1,0,0.157,,,,0.35,0.34,0,0.345,0.285,,,
13301,20231104,-93.15,39.87,0.348,0.46,0,0.661,0.347,0.21,0,0.083,0.375,0.02,0,0,0.198,-1.17,1,0,0.157,,,,0.347,0.33,0,0.345,0.285,,,
13301,20231105,-93.15,39.87,0.342,0.43,0,0.577,0.342,0.18,0,0.024,0.38,0.05,0,0,0.197,-1.21,1,0,0.157,,,,0.342,0.3,0,0.268,0.284,,,
13301,20231106,-93.15,39.87,0.335,0.38,0,0.435,0.336,0.13,0,0,0.377,0.02,0,0,0.195,-1.24,1,0,0.156,,,,0.336,0.25,0,0.125,0.28,,,
13301,20231107,-93.15,39.87,0.33,0.35,0,0.292,0.332,0.09,0,0,0.374,-0.02,0,0,0.194,-1.27,1,0,0.156,,,,0.331,0.22,0,0.024,0.277,,,
13301,20231108,-93.15,39.87,0.325,0.3,0,0.149,0.329,0.06,0,0,0.371,-0.05,0,0,0.193,-1.3,1,0,0.155,,,,0.327,0.18,0,0,0.275,,,
13301,20231109,-93.15,39.87,0.321,0.26,0,0.024,0.325,0.02,0,0,0.369,-0.08,0,0,0.193,-1.32,1,0,0.154,,,,0.323,0.14,0,0,0.272,,,
13301,20231110,-93.15,39.87,0.316,0.21,0,0,0.321,-0.03,0.024,0,0.367,-0.12,0,0,0.192,-1.34,1,0,0.154,,,,0.318,0.09,0,0,0.27,,,
13301,20231111,-93.15,39.87,0.31,0.15,0,0,0.316,-0.09,0.167,0,0.364,-0.16,0,0,0.192,-1.35,1,0,0.154,,,,0.313,0.04,0,0,0.267,,,
13301,20231112,-93.15,39.87,0.304,0.09,0,0,0.312,-0.14,0.298,0,0.361,-0.2,0,0,0.192,-1.36,1,0,0.153,,,,0.308,-0.02,0,0,0.265,,,
13301,20231113,-93.15,39.87,0.298,0.03,0,0,0.31,-0.18,0.375,0,0.358,-0.25,0,0,0.191,-1.38,1,0,0.153,,,,0.304,-0.07,0,0,0.262,,,
13301,20231114,-93.15,39.87,0.292,-0.03,0,0,0.306,-0.23,0.512,0,0.354,-0.3,0.083,0,0.191,-1.39,1,0,0.153,,,,0.299,-0.12,0.036,0,0.259,,,
13301,20231115,-93.15,39.87,0.285,-0.1,0.012,0,0.303,-0.27,0.655,0,0.351,-0.35,0.226,0,0.191,-1.4,1,0,0.153,,,,0.294,-0.18,0.179,0,0.256,,,
13301,20231116,-93.15,39.87,0.278,-0.17,0.143,0,0.3,-0.32,0.798,0,0.346,-0.4,0.369,0,0.19,-1.41,1,0,0.152,,,,0.289,-0.24,0.321,0,0.254,,,
13301,20231117,-93.15,39.87,0.273,-0.23,0.286,0,0.298,-0.36,0.917,0,0.342,-0.46,0.512,0,0.19,-1.42,1,0,0.152,,,,0.285,-0.29,0.464,0,0.251,,,
13301,20231118,-93.15,39.87,0.267,-0.28,0.429,0,0.296,-0.39,0.917,0,0.339,-0.51,0.655,0,0.19,-1.43,1,0,0.152,,,,0.281,-0.33,0.607,0,0.248,,,
13301,20231119,-93.15,39.87,0.261,-0.34,0.571,0,0.293,-0.43,0.929,0,0.334,-0.55,0.798,0,0.189,-1.43,1,0,0.151,,,,0.277,-0.38,0.75,0,0.246,,,
13301,20231120,-93.15,39.87,0.255,-0.39,0.714,0,0.289,-0.5,0.994,0,0.33,-0.6,0.94,0,0.189,-1.44,1,0,0.151,,,,0.272,-0.43,0.893,0,0.243,,,
13301,20231121,-93.15,39.87,0.255,-0.4,0.786,0,0.289,-0.49,0.929,0,0.327,-0.64,1,0,0.188,-1.43,1,0,0.151,,,,0.272,-0.43,0.929,0,0.242,,,
13301,20231122,-93.15,39.87,0.263,-0.33,0.774,0,0.293,-0.44,0.786,0,0.323,-0.67,1,0,0.188,-1.42,1,0,0.151,,,,0.278,-0.36,0.786,0,0.244,,,
13301,20231123,-93.15,39.87,0.272,-0.26,0.643,0,0.297,-0.38,0.643,0,0.32,-0.7,1,0,0.188,-1.41,1,0,0.151,,,,0.284,-0.29,0.643,0,0.246,,,
13301,20231124,-93.15,39.87,0.28,-0.19,0.5,0,0.3,-0.33,0.5,0,0.318,-0.72,1,0,0.188,-1.39,1,0,0.151,,,,0.29,-0.22,0.5,0,0.247,,,
13301,20231125,-93.15,39.87,0.288,-0.12,0.357,0,0.304,-0.27,0.357,0,0.315,-0.74,1,0,0.187,-1.37,1,0,0.151,,,,0.296,-0.16,0.357,0,0.249,,,
13301,20231126,-93.15,39.87,0.297,-0.06,0.214,0,0.308,-0.21,0.214,0,0.313,-0.75,1,0,0.187,-1.35,1,0,0.151,,,,0.302,-0.09,0.214,0,0.251,,,
13301,20231127,-93.15,39.87,0.306,0.01,0.071,0,0.312,-0.14,0.071,0,0.312,-0.75,1,0,0.187,-1.32,1,0,0.151,,,,0.309,-0.01,0.071,0,0.254,,,
13301,20231128,-93.15,39.87,0.311,0.04,0,0,0.312,-0.13,0,0,0.311,-0.76,1,0,0.187,-1.29,1,0,0.151,,,,0.312,0.01,0,0,0.254,,,
13301,20231129,-93.15,39.87,0.309,0,0,0,0.31,-0.16,0,0,0.31,-0.76,1,0,0.187,-1.27,1,0,0.151,,,,0.309,-0.02,0,0,0.253,,,
13301,20231130,-93.15,39.87,0.31,-0.01,0,0,0.31,-0.16,0,0,0.309,-0.75,1,0,0.186,-1.25,1,0,0.15,,,,0.31,-0.03,0,0,0.253,,,
13301,20231201,-93.15,39.87,0.317,0.02,0,0.036,0.316,-0.09,0,0.036,0.311,-0.71,0.976,0.018,0.188,-1.22,1,0,0.15,,,,0.317,0.02,0,0.036,0.257,,,
13301,20231202,-93.15,39.87,0.327,0.07,0,0.077,0.328,0.03,0,0.179,0.329,-0.55,0.833,0.131,0.199,-1.14,1,0,0.153,,,,0.327,0.1,0,0.179,0.267,,,
13301,20231203,-93.15,39.87,0.337,0.13,0,0.107,0.339,0.15,0,0.321,0.347,-0.38,0.69,0.226,0.209,-1.07,1,0,0.155,,,,0.338,0.17,0,0.238,0.277,,,
13301,20231204,-93.15,39.87,0.346,0.19,0,0.107,0.35,0.26,0,0.464,0.365,-0.22,0.548,0.357,0.22,-1,1,0,0.157,,,,0.348,0.25,0,0.256,0.288,,,
13301,20231205,-93.15,39.87,0.354,0.23,0,0.107,0.36,0.36,0,0.476,0.383,-0.05,0.405,0.363,0.23,-0.93,1,0,0.159,,,,0.357,0.3,0,0.256,0.297,,,
13301,20231206,-93.15,39.87,0.361,0.26,0,0.107,0.37,0.45,0,0.476,0.4,0.1,0.262,0.363,0.241,-0.87,1,0,0.161,,,,0.366,0.35,0,0.256,0.307,,,
13301,20231207,-93.15,39.87,0.365,0.26,0,0.107,0.377,0.51,0,0.476,0.417,0.23,0.119,0.363,0.251,-0.81,1,0,0.163,,,,0.371,0.37,0,0.256,0.314,,,
13301,20231208,-93.15,39.87,0.363,0.23,0,0.071,0.378,0.49,0,0.44,0.431,0.34,0,0.345,0.259,-0.76,1,0,0.165,,,,0.37,0.33,0,0.22,0.319,,,
13301,20231209,-93.15,39.87,0.362,0.19,0,0.054,0.377,0.45,0,0.345,0.431,0.33,0,0.268,0.26,-0.75,1,0,0.165,,,,0.37,0.3,0,0.101,0.319,,,
13301,20231210,-93.15,39.87,0.362,0.16,0,0.024,0.377,0.41,0,0.202,0.432,0.32,0,0.173,0.266,-0.72,1,0,0.169,,,,0.369,0.26,0,0.042,0.321,,,
13301,20231211,-93.15,39.87,0.36,0.12,0,0.024,0.374,0.36,0,0.06,0.432,0.3,0,0.042,0.272,-0.71,1,0,0.173,,,,0.367,0.21,0,0.024,0.322,,,
13301,20231212,-93.15,39.87,0.358,0.09,0,0.024,0.373,0.32,0,0.048,0.431,0.27,0,0.036,0.277,-0.7,1,0,0.176,,,,0.366,0.17,0,0.024,0.323,,,
13301,20231213,-93.15,39.87,0.356,0.07,0,0.024,0.372,0.28,0,0.048,0.43,0.24,0,0.036,0.281,-0.7,1,0,0.18,,,,0.364,0.14,0,0.024,0.324,,,
13301,20231214,-93.15,39.87,0.355,0.05,0,0.024,0.371,0.25,0,0.048,0.429,0.22,0,0.036,0.286,-0.7,1,0,0.183,,,,0.363,0.12,0,0.024,0.325,,,
13301,20231215,-93.15,39.87,0.354,0.03,0,0.024,0.37,0.23,0,0.048,0.429,0.2,0,0.036,0.291,-0.7,1,0,0.186,,,,0.362,0.09,0,0.024,0.326,,,
13301,20231216,-93.15,39.87,0.35,-0.01,0,0,0.365,0.18,0,0,0.426,0.16,0,0,0.293,-0.72,1,0,0.188,,,,0.358,0.05,0,0,0.325,,,
13301,20231217,-93.15,39.87,0.351,-0.02,0,0,0.366,0.16,0,0,0.425,0.14,0,0,0.292,-0.75,1,0,0.186,,,,0.359,0.03,0,0,0.324,,,
13301,20231218,-93.15,39.87,0.353,-0.01,0,0,0.368,0.15,0,0,0.426,0.14,0,0,0.292,-0.78,1,0,0.185,,,,0.361,0.03,0,0,0.325,,,
13301,20231219,-93.15,39.87,0.355,-0.01,0,0,0.369,0.14,0,0,0.427,0.14,0,0,0.292,-0.8,1,0,0.184,,,,0.362,0.03,0,0,0.325,,,
13301,20231220,-93.15,39.87,0.357,-0.02,0,0,0.37,0.12,0,0,0.428,0.14,0,0,0.293,-0.81,1,0,0.183,,,,0.363,0.02,0,0,0.326,,,
13301,20231221,-93.15,39.87,0.358,-0.02,0,0,0.37,0.11,0,0,0.429,0.14,0,0,0.293,-0.82,1,0,0.182,,,,0.364,0.01,0,0,0.326,,,
13301,20231222,-93.15,39.87,0.36,-0.03,0,0,0.371,0.1,0,0,0.43,0.14,0,0,0.294,-0.84,1,0,0.181,,,,0.366,0.01,0,0,0.327,,,
13301,20231223,-93.15,39.87,0.365,-0.01,0,0,0.376,0.11,0,0,0.433,0.16,0,0,0.296,-0.86,1,0,0.181,,,,0.371,0.03,0,0,0.33,,,
13301,20231224,-93.15,39.87,0.366,-0.02,0,0,0.376,0.1,0,0,0.435,0.17,0,0,0.298,-0.88,1,0,0.18,,,,0.371,0.02,0,0,0.331,,,
13301,20231225,-93.15,39.87,0.371,0,0,0.03,0.382,0.13,0,0.065,0.443,0.21,0,0.071,0.308,-0.85,0.97,0,0.197,,,,0.376,0.05,0,0.042,0.34,,,
13301,20231226,-93.15,39.87,0.376,0.02,0,0.03,0.389,0.17,0,0.113,0.454,0.28,0,0.19,0.341,-0.69,0.827,0,0.238,,,,0.383,0.09,0,0.065,0.36,,,
13301,20231227,-93.15,39.87,0.38,0.04,0,0.03,0.393,0.19,0,0.113,0.459,0.31,0,0.19,0.373,-0.52,0.685,0,0.281,,,,0.386,0.1,0,0.065,0.377,,,
13301,20231228,-93.15,39.87,0.387,0.08,0,0.03,0.402,0.25,0,0.113,0.47,0.37,0,0.304,0.405,-0.35,0.542,0,0.323,,,,0.395,0.15,0,0.065,0.398,,,
13301,20231229,-93.15,39.87,0.393,0.12,0,0.03,0.41,0.3,0,0.113,0.48,0.43,0,0.429,0.438,-0.17,0.399,0,0.366,,,,0.402,0.19,0,0.065,0.417,,,
13301,20231230,-93.15,39.87,0.394,0.12,0,0.03,0.412,0.31,0,0.113,0.485,0.45,0,0.482,0.47,0.01,0.256,0,0.409,,,,0.403,0.19,0,0.065,0.434,,,
13301,20231231,-93.15,39.87,0.393,0.1,0,0.03,0.412,0.31,0,0.113,0.486,0.46,0,0.482,0.502,0.2,0.113,0,0.452,,,,0.403,0.19,0,0.065,0.449,,,
13301,20240101,-93.15,39.87,0.388,0.06,0,0,0.406,0.25,0,0.048,0.479,0.4,0,0.411,0.523,0.32,0,0,0.478,,,,0.397,0.14,0,0.024,0.455,,,
13301,20240102,-93.15,39.87,0.383,0.02,0,0,0.399,0.19,0,0,0.469,0.32,0,0.292,0.518,0.29,0,0,0.479,,,,0.391,0.09,0,0,0.45,,,
13301,20240103,-93.15,39.87,0.382,0,0,0,0.397,0.17,0,0,0.466,0.29,0,0.292,0.51,0.24,0,0,0.48,,,,0.389,0.07,0,0,0.447,,,
13301,20240104,-93.15,39.87,0.375,-0.06,0.06,0,0.388,0.1,0,0,0.456,0.21,0,0.179,0.5,0.17,0,0,0.481,,,,0.382,0,0,0,0.44,,,
13301,20240105,-93.15,39.87,0.37,-0.11,0.071,0,0.381,0.03,0,0,0.447,0.14,0,0.054,0.487,0.08,0.03,0,0.481,,,,0.375,-0.04,0,0,0.433,,,
13301,20240106,-93.15,39.87,0.366,-0.14,0.077,0,0.376,-0.01,0,0,0.44,0.09,0,0,0.471,-0.03,0.173,0,0.482,,,,0.371,-0.08,0,0,0.427,,,
13301,20240107,-93.15,39.87,0.364,-0.16,0.077,0,0.373,-0.04,0,0,0.436,0.06,0,0,0.454,-0.14,0.315,0,0.482,,,,0.369,-0.1,0,0,0.422,,,
13301,20240108,-93.15,39.87,0.362,-0.18,0.077,0,0.372,-0.06,0,0,0.433,0.03,0,0,0.437,-0.26,0.458,0,0.482,,,,0.367,-0.12,0,0,0.417,,,
13301,20240109,-93.15,39.87,0.362,-0.18,0.083,0,0.372,-0.07,0,0,0.432,0.02,0,0,0.424,-0.36,0.601,0,0.482,,,,0.367,-0.12,0,0,0.414,,,
13301,20240110,-93.15,39.87,0.365,-0.15,0.083,0,0.377,-0.03,0,0,0.435,0.05,0,0,0.416,-0.42,0.72,0,0.483,,,,0.371,-0.09,0,0,0.415,,,
13301,20240111,-93.15,39.87,0.37,-0.11,0.024,0,0.382,0,0,0,0.443,0.1,0,0.125,0.421,-0.4,0.72,0,0.483,,,,0.376,-0.05,0,0,0.42,,,
13301,20240112,-93.15,39.87,0.375,-0.07,0.012,0,0.387,0.04,0,0,0.449,0.15,0,0.244,0.435,-0.3,0.69,0,0.483,,,,0.381,-0.02,0,0,0.426,,,
13301,20240113,-93.15,39.87,0.379,-0.04,0.006,0,0.392,0.08,0,0,0.455,0.2,0,0.292,0.451,-0.2,0.548,0,0.483,,,,0.386,0.02,0,0,0.432,,,
13301,20240114,-93.15,39.87,0.383,-0.02,0.006,0,0.396,0.11,0,0,0.46,0.23,0,0.292,0.468,-0.08,0.405,0,0.483,,,,0.389,0.04,0,0,0.438,,,
13301,20240115,-93.15,39.87,0.384,-0.01,0.006,0,0.398,0.12,0,0,0.463,0.24,0,0.292,0.487,0.03,0.262,0,0.484,,,,0.391,0.05,0,0,0.443,,,
13301,20240116,-93.15,39.87,0.383,-0.03,0.06,0,0.399,0.12,0,0,0.464,0.25,0,0.292,0.507,0.13,0.119,0,0.484,,,,0.391,0.04,0.006,0,0.447,,,
13301,20240117,-93.15,39.87,0.378,-0.08,0.19,0,0.394,0.07,0,0,0.46,0.21,0,0.292,0.524,0.2,0,0,0.484,,,,0.386,-0.01,0.095,0,0.448,,,
13301,20240118,-93.15,39.87,0.373,-0.13,0.333,0,0.389,0.02,0,0,0.453,0.14,0,0.167,0.53,0.19,0,0,0.485,,,,0.381,-0.06,0.238,0,0.446,,,
13301,20240119,-93.15,39.87,0.367,-0.18,0.476,0,0.384,-0.03,0,0,0.446,0.08,0,0.048,0.53,0.14,0,0,0.485,,,,0.376,-0.12,0.381,0,0.442,,,
13301,20240120,-93.15,39.87,0.362,-0.23,0.619,0,0.379,-0.08,0,0,0.439,0.02,0,0,0.528,0.07,0,0,0.485,,,,0.37,-0.17,0.524,0,0.438,,,
13301,20240121,-93.15,39.87,0.358,-0.28,0.762,0,0.375,-0.11,0,0,0.434,-0.03,0,0,0.522,-0.04,0,0,0.485,,,,0.366,-0.22,0.667,0,0.435,,,
13301,20240122,-93.15,39.87,0.354,-0.31,0.905,0,0.373,-0.14,0,0,0.43,-0.07,0,0,0.514,-0.15,0.107,0,0.485,,,,0.363,-0.25,0.81,0,0.431,,,
13301,20240123,-93.15,39.87,0.352,-0.34,0.982,0,0.371,-0.17,0.036,0,0.427,-0.09,0,0,0.507,-0.24,0.22,0,0.485,,,,0.361,-0.28,0.946,0,0.428,,,
13301,20240124,-93.15,39.87,0.357,-0.31,0.851,0,0.379,-0.12,0.036,0.024,0.434,-0.04,0,0.042,0.508,-0.24,0.22,0,0.485,,,,0.368,-0.24,0.857,0,0.432,,,
13301,20240125,-93.15,39.87,0.375,-0.18,0.708,0.101,0.395,-0.01,0.036,0.167,0.445,0.05,0,0.185,0.508,-0.24,0.22,0,0.486,,,,0.385,-0.12,0.714,0.101,0.442,,,
13301,20240126,-93.15,39.87,0.398,-0.02,0.565,0.244,0.412,0.1,0.036,0.31,0.457,0.14,0,0.327,0.508,-0.24,0.22,0,0.486,,,,0.405,0.02,0.571,0.244,0.452,,,
13301,20240127,-93.15,39.87,0.421,0.14,0.423,0.387,0.429,0.21,0.036,0.452,0.47,0.24,0,0.47,0.511,-0.21,0.22,0,0.486,,,,0.425,0.17,0.429,0.387,0.464,,,
13301,20240128,-93.15,39.87,0.446,0.31,0.28,0.53,0.446,0.33,0.036,0.595,0.484,0.34,0,0.613,0.518,-0.15,0.22,0,0.486,,,,0.446,0.31,0.286,0.53,0.476,,,
13301,20240129,-93.15,39.87,0.471,0.49,0.137,0.673,0.465,0.45,0.036,0.738,0.498,0.44,0,0.75,0.526,-0.07,0.113,0,0.486,,,,0.468,0.47,0.143,0.673,0.489,,,
13301,20240130,-93.15,39.87,0.496,0.66,0,0.815,0.483,0.58,0,0.881,0.512,0.54,0,0.893,0.533,0,0,0,0.487,,,,0.489,0.62,0,0.815,0.502,,,
13301,20240131,-93.15,39.87,0.513,0.78,0,0.958,0.493,0.64,0,1,0.518,0.58,0,0.994,0.533,0,0,0,0.487,,,,0.503,0.71,0,0.958,0.509,,,
13301,20240201,-93.15,39.87,0.516,0.79,0,0.982,0.494,0.64,0,1,0.519,0.58,0,0.994,0.533,0,0,0,0.487,,,,0.505,0.71,0,0.982,0.51,,,
13301,20240202,-93.15,39.87,0.511,0.75,0,0.851,0.493,0.63,0,1,0.52,0.58,0,0.994,0.533,0,0,0,0.487,,,,0.502,0.67,0,0.839,0.509,,,
13301,20240203,-93.15,39.87,0.503,0.69,0,0.708,0.492,0.61,0,0.905,0.522,0.59,0,0.994,0.533,0,0,0,0.487,,,,0.497,0.63,0,0.696,0.507,,,
13301,20240204,-93.15,39.87,0.492,0.61,0,0.565,0.489,0.57,0,0.762,0.523,0.6,0,0.994,0.533,0,0,0,0.487,,,,0.49,0.58,0,0.554,0.505,,,
13301,20240205,-93.15,39.87,0.479,0.52,0,0.423,0.484,0.51,0,0.619,0.524,0.61,0,1,0.533,0,0,0,0.487,,,,0.481,0.5,0,0.411,0.501,,,
13301,20240206,-93.15,39.87,0.464,0.41,0,0.28,0.475,0.43,0,0.476,0.524,0.62,0,1,0.533,0,0,0,0.487,,,,0.47,0.41,0,0.268,0.497,,,
13301,20240207,-93.15,39.87,0.448,0.3,0,0.137,0.464,0.32,0,0.333,0.521,0.6,0,0.869,0.533,0,0,0,0.487,,,,0.456,0.31,0,0.125,0.491,,,
13301,20240208,-93.15,39.87,0.434,0.2,0,0.012,0.453,0.21,0,0.19,0.518,0.56,0,0.726,0.533,0,0,0,0.486,,,,0.444,0.21,0,0,0.485,,,
13301,20240209,-93.15,39.87,0.422,0.12,0,0,0.442,0.1,0,0.048,0.512,0.51,0,0.583,0.533,-0.01,0,0,0.486,,,,0.432,0.11,0,0,0.479,,,
13301,20240210,-93.15,39.87,0.411,0.04,0,0,0.431,-0.01,0,0,0.503,0.41,0,0.44,0.533,-0.01,0,0,0.486,,,,0.421,0.01,0,0,0.473,,,
13301,20240211,-93.15,39.87,0.401,-0.04,0,0,0.42,-0.12,0,0,0.493,0.31,0,0.298,0.533,-0.01,0,0,0.486,,,,0.411,-0.08,0.089,0,0.467,,,
13301,20240212,-93.15,39.87,0.393,-0.1,0.054,0,0.411,-0.21,0.006,0,0.483,0.19,0,0.155,0.533,-0.01,0,0,0.486,,,,0.402,-0.16,0.208,0,0.461,,,
13301,20240213,-93.15,39.87,0.386,-0.15,0.179,0,0.403,-0.28,0.077,0,0.472,0.06,0,0.012,0.533,-0.02,0,0,0.486,,,,0.395,-0.23,0.351,0,0.456,,,
13301,20240214,-93.15,39.87,0.381,-0.2,0.304,0,0.398,-0.34,0.208,0,0.463,-0.04,0.054,0,0.533,-0.02,0,0,0.486,,,,0.389,-0.28,0.494,0,0.452,,,
13301,20240215,-93.15,39.87,0.376,-0.23,0.423,0,0.394,-0.38,0.333,0,0.456,-0.13,0.125,0,0.532,-0.03,0,0,0.486,,,,0.385,-0.32,0.637,0,0.449,,,
13301,20240216,-93.15,39.87,0.373,-0.25,0.423,0,0.39,-0.42,0.452,0,0.45,-0.2,0.196,0,0.531,-0.05,0,0,0.486,,,,0.382,-0.35,0.774,0,0.446,,,
13301,20240217,-93.15,39.87,0.371,-0.27,0.423,0,0.388,-0.45,0.589,0,0.446,-0.25,0.321,0,0.527,-0.08,0,0,0.486,,,,0.379,-0.37,0.911,0,0.443,,,
13301,20240218,-93.15,39.87,0.369,-0.27,0.423,0,0.386,-0.46,0.732,0,0.442,-0.28,0.464,0,0.521,-0.15,0.107,0,0.486,,,,0.378,-0.38,0.958,0,0.441,,,
13301,20240219,-93.15,39.87,0.371,-0.25,0.369,0,0.386,-0.46,0.768,0,0.442,-0.28,0.512,0,0.519,-0.18,0.149,0,0.486,,,,0.379,-0.36,0.875,0,0.441,,,
13301,20240220,-93.15,39.87,0.374,-0.22,0.244,0,0.387,-0.45,0.696,0,0.443,-0.27,0.512,0,0.519,-0.18,0.149,0,0.486,,,,0.38,-0.33,0.732,0,0.442,,,
13301,20240221,-93.15,39.87,0.376,-0.2,0.119,0,0.388,-0.44,0.565,0,0.444,-0.25,0.458,0,0.519,-0.18,0.149,0,0.486,,,,0.382,-0.31,0.589,0,0.442,,,
13301,20240222,-93.15,39.87,0.377,-0.19,0,0,0.388,-0.42,0.44,0,0.446,-0.23,0.387,0,0.519,-0.18,0.149,0,0.486,,,,0.383,-0.29,0.446,0,0.443,,,
13301,20240223,-93.15,39.87,0.377,-0.18,0,0,0.389,-0.41,0.321,0,0.447,-0.22,0.315,0,0.521,-0.16,0.149,0,0.486,,,,0.383,-0.28,0.31,0,0.444,,,
13301,20240224,-93.15,39.87,0.377,-0.19,0.054,0,0.389,-0.41,0.208,0,0.448,-0.21,0.196,0,0.524,-0.14,0.149,0,0.486,,,,0.383,-0.27,0.196,0,0.445,,,
13301,20240225,-93.15,39.87,0.376,-0.2,0.161,0,0.389,-0.4,0.196,0,0.448,-0.2,0.089,0,0.53,-0.08,0.042,0,0.486,,,,0.382,-0.27,0.202,0,0.446,,,
13301,20240226,-93.15,39.87,0.371,-0.24,0.304,0,0.387,-0.42,0.298,0,0.447,-0.22,0.077,0,0.532,-0.08,0,0,0.486,,,,0.379,-0.3,0.31,0,0.445,,,
13301,20240227,-93.15,39.87,0.365,-0.28,0.446,0,0.385,-0.44,0.44,0,0.445,-0.25,0.113,0,0.529,-0.13,0,0,0.486,,,,0.375,-0.34,0.452,0,0.442,,,
13301,20240228,-93.15,39.87,0.36,-0.33,0.589,0,0.382,-0.46,0.583,0,0.443,-0.27,0.173,0,0.526,-0.19,0.006,0,0.486,,,,0.371,-0.37,0.595,0,0.439,,,
13301,20240229,-93.15,39.87,0.354,-0.37,0.732,0,0.38,-0.48,0.726,0,0.44,-0.31,0.315,0,0.52,-0.27,0.077,0,0.486,,,,0.367,-0.41,0.738,0,0.436,,,
13301,20240301,-93.15,39.87,0.349,-0.42,0.875,0,0.379,-0.5,0.869,0,0.437,-0.35,0.458,0,0.518,-0.32,0.077,0,0.486,,,,0.364,-0.44,0.881,0,0.434,,,
13301,20240302,-93.15,39.87,0.345,-0.45,0.964,0,0.377,-0.52,0.988,0,0.435,-0.38,0.595,0,0.516,-0.36,0.077,0,0.486,,,,0.361,-0.47,1,0,0.432,,,
13301,20240303,-93.15,39.87,0.342,-0.48,1,0,0.376,-0.54,1,0,0.433,-0.41,0.702,0,0.512,-0.42,0.095,0,0.486,,,,0.359,-0.49,1,0,0.43,,,
13301,20240304,-93.15,39.87,0.339,-0.51,1,0,0.375,-0.55,1,0,0.432,-0.43,0.81,0,0.506,-0.48,0.238,0,0.486,,,,0.357,-0.52,1,0,0.428,,,
13301,20240305,-93.15,39.87,0.336,-0.55,1,0,0.374,-0.57,1,0,0.432,-0.46,0.917,0,0.5,-0.55,0.381,0,0.486,,,,0.355,-0.54,1,0,0.425,,,
13301,20240306,-93.15,39.87,0.333,-0.58,1,0,0.373,-0.59,1,0,0.431,-0.48,1,0,0.493,-0.63,0.518,0,0.486,,,,0.353,-0.56,1,0,0.423,,,
13301,20240307,-93.15,39.87,0.33,-0.61,1,0,0.371,-0.61,1,0,0.43,-0.5,1,0,0.486,-0.7,0.589,0,0.486,,,,0.35,-0.59,1,0,0.421,,,
13301,20240308,-93.15,39.87,0.327,-0.65,1,0,0.37,-0.63,1,0,0.43,-0.51,1,0,0.474,-0.83,0.732,0,0.486,,,,0.348,-0.62,1,0,0.417,,,
13301,20240309,-93.15,39.87,0.325,-0.66,1,0,0.369,-0.64,1,0,0.43,-0.53,1,0,0.46,-0.98,0.875,0,0.486,,,,0.347,-0.63,1,0,0.414,,,
13301,20240310,-93.15,39.87,0.324,-0.68,1,0,0.368,-0.65,1,0,0.429,-0.55,1,0,0.446,-1.12,1,0,0.485,,,,0.346,-0.65,1,0,0.41,,,
13301,20240311,-93.15,39.87,0.322,-0.69,1,0,0.367,-0.67,1,0,0.427,-0.57,1,0,0.434,-1.25,1,0,0.485,,,,0.345,-0.67,1,0,0.407,,,
13301,20240312,-93.15,39.87,0.321,-0.7,1,0,0.366,-0.69,1,0,0.425,-0.61,1,0,0.422,-1.38,1,0,0.485,,,,0.344,-0.68,1,0,0.404,,,
13301,20240313,-93.15,39.87,0.32,-0.71,1,0,0.365,-0.7,1,0,0.424,-0.64,1,0,0.412,-1.49,1,0,0.485,,,,0.342,-0.7,1,0,0.401,,,
13301,20240314,-93.15,39.87,0.323,-0.68,0.97,0,0.366,-0.7,0.97,0,0.424,-0.66,0.97,0,0.405,-1.56,0.988,0,0.485,,,,0.345,-0.69,0.97,0,0.401,,,
13301,20240315,-93.15,39.87,0.343,-0.54,0.827,0,0.383,-0.55,0.827,0,0.44,-0.51,0.827,0.137,0.419,-1.42,0.845,0,0.485,,,,0.363,-0.55,0.827,0,0.414,,,
13301,20240316,-93.15,39.87,0.357,-0.45,0.685,0,0.395,-0.45,0.685,0,0.455,-0.37,0.685,0.28,0.435,-1.28,0.702,0,0.485,,,,0.376,-0.46,0.685,0,0.425,,,
13301,20240317,-93.15,39.87,0.367,-0.38,0.542,0,0.402,-0.39,0.542,0,0.468,-0.25,0.542,0.28,0.451,-1.11,0.56,0,0.485,,,,0.385,-0.39,0.542,0,0.435,,,
13301,20240318,-93.15,39.87,0.376,-0.33,0.476,0,0.408,-0.35,0.488,0,0.476,-0.2,0.429,0.28,0.469,-0.94,0.417,0,0.484,,,,0.392,-0.35,0.5,0,0.443,,,
13301,20240319,-93.15,39.87,0.384,-0.29,0.476,0,0.413,-0.31,0.488,0,0.481,-0.18,0.429,0.28,0.488,-0.75,0.274,0,0.484,,,,0.398,-0.31,0.5,0,0.45,,,
13301,20240320,-93.15,39.87,0.392,-0.25,0.476,0,0.417,-0.28,0.488,0,0.485,-0.16,0.429,0.28,0.508,-0.55,0.131,0,0.484,,,,0.404,-0.27,0.5,0,0.457,,,
13301,20240321,-93.15,39.87,0.395,-0.24,0.506,0,0.418,-0.27,0.518,0,0.486,-0.18,0.458,0.28,0.524,-0.39,0.048,0,0.484,,,,0.407,-0.27,0.53,0,0.462,,,
13301,20240322,-93.15,39.87,0.38,-0.37,0.649,0,0.404,-0.41,0.661,0,0.472,-0.36,0.601,0.143,0.518,-0.46,0.19,0,0.484,,,,0.392,-0.4,0.673,0,0.452,,,
13301,20240323,-93.15,39.87,0.368,-0.47,0.792,0,0.393,-0.52,0.804,0,0.458,-0.55,0.744,0,0.508,-0.56,0.333,0,0.484,,,,0.38,-0.5,0.815,0,0.442,,,
13301,20240324,-93.15,39.87,0.359,-0.55,0.935,0,0.386,-0.59,0.946,0,0.446,-0.7,0.887,0,0.494,-0.71,0.476,0,0.484,,,,0.373,-0.58,0.958,0,0.434,,,
13301,20240325,-93.15,39.87,0.352,-0.61,1,0,0.382,-0.63,1,0,0.441,-0.8,1,0,0.479,-0.86,0.614,0,0.484,,,,0.367,-0.64,1,0,0.428,,,
13301,20240326,-93.15,39.87,0.346,-0.68,1,0,0.378,-0.67,1,0,0.437,-0.86,1,0,0.462,-1.03,0.759,0,0.484,,,,0.362,-0.7,1,0,0.422,,,
13301,20240327,-93.15,39.87,0.341,-0.74,1,0,0.375,-0.7,1,0,0.435,-0.91,1,0,0.443,-1.21,0.904,0,0.484,,,,0.358,-0.74,1,0,0.416,,,
13301,20240328,-93.15,39.87,0.335,-0.8,1,0,0.372,-0.73,1,0,0.433,-0.95,1,0,0.425,-1.39,1,0,0.485,,,,0.354,-0.79,1,0,0.41,,,
13301,20240329,-93.15,39.87,0.33,-0.86,1,0,0.369,-0.76,1,0,0.431,-0.98,1,0,0.41,-1.53,1,0,0.485,,,,0.35,-0.82,1,0,0.405,,,
13301,20240330,-93.15,39.87,0.324,-0.93,1,0,0.366,-0.78,1,0,0.429,-1,1,0,0.398,-1.64,1,0,0.485,,,,0.345,-0.86,1,0,0.4,,,
13301,20240331,-93.15,39.87,0.317,-1.01,1,0,0.363,-0.81,1,0,0.427,-1,1,0,0.389,-1.7,1,0,0.485,,,,0.34,-0.91,1,0,0.396,,,
13301,20240401,-93.15,39.87,0.31,-1.08,1,0,0.359,-0.83,1,0,0.426,-0.99,1,0,0.383,-1.75,1,0,0.485,,,,0.334,-0.95,1,0,0.393,,,
13301,20240402,-93.15,39.87,0.307,-1.12,0.976,0,0.359,-0.81,0.976,0,0.425,-0.96,0.982,0,0.378,-1.78,1,0,0.485,,,,0.333,-0.95,0.976,0,0.391,,,
13301,20240403,-93.15,39.87,0.333,-0.87,0.833,0.143,0.374,-0.63,0.833,0.083,0.438,-0.76,0.839,0.137,0.396,-1.61,0.857,0,0.485,,,,0.354,-0.74,0.833,0.143,0.405,,,
13301,20240404,-93.15,39.87,0.359,-0.62,0.69,0.286,0.391,-0.45,0.69,0.226,0.451,-0.54,0.696,0.28,0.416,-1.41,0.714,0,0.485,,,,0.375,-0.52,0.69,0.286,0.42,,,
13301,20240405,-93.15,39.87,0.378,-0.43,0.548,0.321,0.406,-0.28,0.548,0.268,0.465,-0.32,0.554,0.423,0.438,-1.2,0.571,0,0.485,,,,0.392,-0.34,0.548,0.321,0.434,,,
13301,20240406,-93.15,39.87,0.393,-0.27,0.405,0.321,0.417,-0.15,0.405,0.268,0.478,-0.12,0.411,0.524,0.46,-0.98,0.429,0,0.485,,,,0.405,-0.19,0.405,0.321,0.446,,,
13301,20240407,-93.15,39.87,0.407,-0.13,0.351,0.321,0.425,-0.05,0.262,0.268,0.486,0.03,0.268,0.524,0.482,-0.77,0.286,0,0.485,,,,0.416,-0.07,0.262,0.321,0.457,,,
13301,20240408,-93.15,39.87,0.42,0.01,0.351,0.321,0.432,0.05,0.119,0.268,0.492,0.14,0.125,0.524,0.505,-0.55,0.143,0,0.485,,,,0.426,0.05,0.232,0.321,0.467,,,
13301,20240409,-93.15,39.87,0.427,0.09,0.375,0.321,0.435,0.09,0.125,0.268,0.496,0.22,0.03,0.524,0.525,-0.35,0.03,0,0.485,,,,0.431,0.11,0.256,0.321,0.474,,,
13301,20240410,-93.15,39.87,0.403,-0.12,0.518,0.179,0.421,-0.02,0.268,0.185,0.485,0.12,0.143,0.387,0.518,-0.42,0.173,0,0.485,,,,0.412,-0.05,0.399,0.179,0.462,,,
13301,20240411,-93.15,39.87,0.379,-0.33,0.661,0.036,0.406,-0.14,0.411,0.042,0.474,0.01,0.286,0.244,0.506,-0.51,0.315,0,0.485,,,,0.392,-0.22,0.542,0.036,0.45,,,
13301,20240412,-93.15,39.87,0.36,-0.49,0.804,0,0.392,-0.26,0.554,0,0.463,-0.11,0.429,0.101,0.489,-0.65,0.458,0,0.485,,,,0.376,-0.37,0.685,0,0.438,,,
13301,20240413,-93.15,39.87,0.343,-0.63,0.946,0,0.381,-0.35,0.696,0,0.451,-0.22,0.571,0,0.47,-0.8,0.601,0,0.485,,,,0.362,-0.48,0.827,0,0.426,,,
13301,20240414,-93.15,39.87,0.328,-0.76,1,0,0.372,-0.42,0.839,0,0.443,-0.28,0.714,0,0.449,-0.97,0.744,0,0.485,,,,0.35,-0.59,0.97,0,0.415,,,
13301,20240415,-93.15,39.87,0.312,-0.89,1,0,0.363,-0.5,0.982,0,0.438,-0.33,0.857,0,0.427,-1.15,0.887,0,0.485,,,,0.337,-0.71,1,0,0.405,,,
13301,20240416,-93.15,39.87,0.295,-1.03,1,0,0.353,-0.59,1,0,0.432,-0.37,0.97,0,0.406,-1.32,1,0,0.485,,,,0.324,-0.84,1,0,0.394,,,
13301,20240417,-93.15,39.87,0.279,-1.17,1,0,0.343,-0.7,1,0,0.427,-0.42,1,0,0.391,-1.43,1,0,0.485,,,,0.311,-0.97,1,0,0.385,,,
13301,20240418,-93.15,39.87,0.263,-1.3,1,0,0.332,-0.82,1,0,0.42,-0.48,1,0,0.38,-1.51,1,0,0.485,,,,0.297,-1.1,1,0,0.376,,,
13301,20240419,-93.15,39.87,0.27,-1.21,0.905,0.03,0.335,-0.76,0.905,0.042,0.422,-0.45,0.911,0.048,0.379,-1.51,1,0,0.485,,,,0.303,-1.02,0.905,0.048,0.378,,,
13301,20240420,-93.15,39.87,0.283,-1.07,0.762,0.03,0.34,-0.69,0.762,0.042,0.426,-0.38,0.768,0.048,0.383,-1.46,1,0,0.485,,,,0.312,-0.91,0.762,0.048,0.384,,,
13301,20240421,-93.15,39.87,0.295,-0.94,0.619,0.03,0.345,-0.62,0.619,0.042,0.429,-0.33,0.625,0.048,0.387,-1.41,1,0,0.486,,,,0.32,-0.8,0.619,0.048,0.388,,,
13301,20240422,-93.15,39.87,0.307,-0.8,0.5,0.03,0.35,-0.55,0.488,0.042,0.432,-0.29,0.482,0.048,0.39,-1.36,1,0,0.486,,,,0.328,-0.68,0.476,0.048,0.393,,,
13301,20240423,-93.15,39.87,0.319,-0.65,0.5,0.03,0.355,-0.46,0.482,0.042,0.434,-0.24,0.339,0.048,0.392,-1.32,1,0,0.486,,,,0.337,-0.56,0.452,0.048,0.397,,,
13301,20240424,-93.15,39.87,0.34,-0.43,0.363,0.03,0.366,-0.33,0.339,0.042,0.437,-0.19,0.196,0.048,0.393,-1.29,1,0,0.486,,,,0.353,-0.37,0.31,0.048,0.404,,,
13301,20240425,-93.15,39.87,0.358,-0.24,0.22,0.03,0.375,-0.2,0.196,0.042,0.441,-0.13,0.054,0.048,0.394,-1.27,1,0,0.486,,,,0.367,-0.2,0.167,0.048,0.411,,,
13301,20240426,-93.15,39.87,0.356,-0.24,0.173,0.006,0.371,-0.24,0.173,0.006,0.438,-0.15,0,0.006,0.39,-1.29,1,0,0.486,,,,0.363,-0.22,0.119,0.006,0.408,,,
13301,20240427,-93.15,39.87,0.37,-0.11,0.173,0.149,0.382,-0.11,0.173,0.149,0.444,-0.07,0,0.149,0.404,-1.16,0.869,0,0.486,,,,0.376,-0.09,0.119,0.149,0.417,,,
13301,20240428,-93.15,39.87,0.387,0.05,0.173,0.292,0.396,0.05,0.173,0.292,0.453,0.05,0,0.292,0.422,-1.01,0.726,0,0.486,,,,0.392,0.07,0.119,0.292,0.429,,,
13301,20240429,-93.15,39.87,0.411,0.26,0.149,0.435,0.412,0.22,0.161,0.435,0.465,0.19,0,0.435,0.441,-0.85,0.583,0,0.486,,,,0.412,0.26,0.119,0.435,0.443,,,
13301,20240430,-93.15,39.87,0.432,0.45,0.006,0.577,0.429,0.39,0.024,0.577,0.479,0.35,0,0.577,0.461,-0.67,0.44,0,0.486,,,,0.431,0.44,0,0.577,0.458,,,
13301,20240501,-93.15,39.87,0.442,0.54,0,0.72,0.438,0.49,0.024,0.72,0.492,0.5,0,0.72,0.483,-0.48,0.298,0,0.486,,,,0.44,0.54,0,0.72,0.468,,,
13301,20240502,-93.15,39.87,0.45,0.61,0,0.78,0.445,0.57,0.024,0.756,0.501,0.61,0,0.863,0.505,-0.28,0.155,0,0.486,,,,0.448,0.61,0,0.774,0.477,,,
13301,20240503,-93.15,39.87,0.471,0.78,0,0.905,0.461,0.72,0,0.881,0.512,0.74,0,1,0.527,-0.09,0.012,0,0.486,,,,0.466,0.78,0,0.899,0.492,,,
13301,20240504,-93.15,39.87,0.473,0.78,0,0.905,0.462,0.72,0,0.881,0.514,0.75,0,1,0.529,-0.06,0,0,0.486,,,,0.468,0.78,0,0.899,0.493,,,
13301,20240505,-93.15,39.87,0.473,0.76,0,0.905,0.462,0.71,0,0.881,0.515,0.74,0,1,0.529,-0.04,0,0,0.486,,,,0.468,0.77,0,0.899,0.493,,,
13301,20240506,-93.15,39.87,0.464,0.68,0,0.905,0.458,0.66,0,0.881,0.515,0.72,0,1,0.529,-0.02,0,0,0.486,,,,0.461,0.71,0,0.899,0.49,,,
13301,20240507,-93.15,39.87,0.458,0.63,0,0.899,0.453,0.61,0,0.875,0.512,0.67,0,1,0.529,-0.01,0,0,0.485,,,,0.455,0.66,0,0.899,0.487,,,
13301,20240508,-93.15,39.87,0.464,0.66,0,0.899,0.458,0.64,0,0.875,0.512,0.66,0,1,0.529,0,0,0,0.485,,,,0.461,0.69,0,0.899,0.49,,,
13301,20240509,-93.15,39.87,0.468,0.68,0,0.976,0.463,0.67,0,0.964,0.516,0.69,0,1,0.529,0,0,0,0.485,,,,0.466,0.71,0,0.988,0.492,,,
13301,20240510,-93.15,39.87,0.457,0.6,0,0.851,0.455,0.6,0,0.839,0.513,0.65,0,0.988,0.529,0.01,0,0,0.486,,,,0.456,0.63,0,0.869,0.488,,,
13301,20240511,-93.15,39.87,0.442,0.49,0,0.708,0.444,0.5,0,0.696,0.507,0.58,0,0.851,0.527,-0.01,0.006,0,0.485,,,,0.443,0.52,0,0.726,0.481,,,
13301,20240512,-93.15,39.87,0.427,0.39,0,0.565,0.431,0.4,0,0.554,0.498,0.5,0,0.708,0.518,-0.08,0.131,0,0.485,,,,0.429,0.41,0,0.583,0.472,,,
13301,20240513,-93.15,39.87,0.414,0.3,0,0.423,0.421,0.32,0,0.411,0.489,0.41,0,0.565,0.504,-0.19,0.274,0,0.485,,,,0.418,0.32,0,0.44,0.463,,,
13301,20240514,-93.15,39.87,0.417,0.31,0,0.387,0.423,0.32,0,0.375,0.489,0.4,0,0.518,0.497,-0.23,0.333,0,0.485,,,,0.42,0.33,0,0.399,0.462,,,
13301,20240515,-93.15,39.87,0.422,0.33,0,0.387,0.423,0.31,0,0.375,0.492,0.39,0,0.518,0.497,-0.21,0.333,0,0.486,,,,0.422,0.33,0,0.399,0.464,,,
13301,20240516,-93.15,39.87,0.431,0.37,0,0.393,0.429,0.33,0,0.393,0.496,0.4,0,0.518,0.497,-0.19,0.333,0,0.485,,,,0.43,0.37,0,0.399,0.468,,,
13301,20240517,-93.15,39.87,0.44,0.41,0,0.53,0.438,0.39,0,0.53,0.503,0.44,0,0.53,0.497,-0.16,0.333,0,0.485,,,,0.439,0.42,0,0.53,0.473,,,
13301,20240518,-93.15,39.87,0.445,0.44,0,0.571,0.443,0.42,0,0.577,0.509,0.48,0,0.667,0.499,-0.1,0.327,0,0.485,,,,0.444,0.44,0,0.583,0.476,,,
13301,20240519,-93.15,39.87,0.449,0.46,0,0.571,0.446,0.43,0,0.577,0.512,0.5,0,0.708,0.508,0.01,0.202,0,0.485,,,,0.447,0.46,0,0.583,0.48,,,
13301,20240520,-93.15,39.87,0.453,0.48,0,0.571,0.448,0.44,0,0.577,0.514,0.51,0,0.708,0.519,0.13,0.06,0,0.485,,,,0.45,0.48,0,0.583,0.484,,,
13301,20240521,-93.15,39.87,0.439,0.4,0,0.47,0.439,0.38,0,0.476,0.509,0.47,0,0.613,0.516,0.13,0.06,0,0.485,,,,0.439,0.4,0,0.482,0.478,,,
13301,20240522,-93.15,39.87,0.418,0.28,0,0.327,0.425,0.28,0,0.333,0.497,0.38,0,0.47,0.502,0.03,0.202,0,0.485,,,,0.421,0.29,0,0.339,0.465,,,
13301,20240523,-93.15,39.87,0.398,0.16,0,0.185,0.41,0.19,0,0.19,0.484,0.3,0,0.327,0.484,-0.11,0.345,0,0.485,,,,0.404,0.18,0,0.196,0.452,,,
13301,20240524,-93.15,39.87,0.379,0.06,0,0.042,0.394,0.09,0,0.048,0.47,0.2,0,0.185,0.463,-0.27,0.488,0,0.485,,,,0.386,0.07,0,0.054,0.438,,,
13301,20240525,-93.15,39.87,0.365,-0.01,0,0,0.383,0.02,0,0,0.459,0.13,0,0.042,0.442,-0.44,0.631,0,0.485,,,,0.374,0,0,0,0.427,,,
13301,20240526,-93.15,39.87,0.353,-0.07,0,0,0.374,-0.03,0,0,0.451,0.08,0,0,0.42,-0.63,0.774,0,0.485,,,,0.364,-0.06,0,0,0.417,,,
13301,20240527,-93.15,39.87,0.346,-0.1,0,0,0.366,-0.08,0,0,0.443,0.03,0,0,0.401,-0.8,0.917,0,0.484,,,,0.356,-0.1,0,0,0.408,,,
13301,20240528,-93.15,39.87,0.339,-0.13,0,0,0.358,-0.13,0,0,0.435,-0.03,0,0,0.388,-0.92,1,0,0.484,,,,0.349,-0.14,0,0,0.401,,,
13301,20240529,-93.15,39.87,0.331,-0.17,0,0,0.35,-0.18,0,0,0.426,-0.09,0,0,0.38,-1,1,0,0.483,,,,0.34,-0.18,0,0,0.394,,,
13301,20240530,-93.15,39.87,0.32,-0.23,0,0,0.341,-0.24,0.012,0,0.416,-0.16,0,0,0.376,-1.06,1,0,0.483,,,,0.33,-0.24,0,0,0.387,,,
13301,20240531,-93.15,39.87,0.309,-0.28,0.113,0,0.331,-0.3,0.137,0,0.406,-0.23,0.071,0,0.373,-1.11,1,0,0.483,,,,0.32,-0.3,0.131,0,0.381,,,
13301,20240601,-93.15,39.87,0.298,-0.33,0.256,0,0.321,-0.37,0.28,0,0.396,-0.3,0.214,0,0.371,-1.14,1,0,0.483,,,,0.309,-0.36,0.274,0,0.374,,,
13301,20240602,-93.15,39.87,0.288,-0.38,0.399,0,0.311,-0.43,0.423,0,0.386,-0.37,0.357,0,0.369,-1.16,1,0,0.484,,,,0.299,-0.42,0.417,0,0.367,,,
13301,20240603,-93.15,39.87,0.274,-0.45,0.542,0,0.301,-0.49,0.565,0,0.377,-0.43,0.5,0,0.368,-1.18,1,0,0.483,,,,0.287,-0.48,0.56,0,0.361,,,
13301,20240604,-93.15,39.87,0.262,-0.51,0.685,0,0.291,-0.54,0.708,0,0.368,-0.48,0.643,0,0.367,-1.17,1,0,0.482,,,,0.276,-0.53,0.702,0,0.354,,,
13301,20240605,-93.15,39.87,0.252,-0.55,0.827,0,0.284,-0.58,0.81,0,0.361,-0.53,0.786,0,0.365,-1.16,1,0,0.478,,,,0.268,-0.57,0.81,0,0.348,,,
13301,20240606,-93.15,39.87,0.246,-0.57,0.97,0,0.281,-0.59,0.839,0,0.354,-0.56,0.929,0,0.362,-1.14,1,0,0.473,,,,0.264,-0.59,0.911,0,0.343,,,
13301,20240607,-93.15,39.87,0.241,-0.58,1,0,0.277,-0.6,0.857,0,0.347,-0.59,1,0,0.36,-1.13,1,0,0.468,,,,0.259,-0.6,0.923,0,0.339,,,
13301,20240608,-93.15,39.87,0.238,-0.59,0.988,0,0.273,-0.62,0.857,0,0.341,-0.61,1,0,0.358,-1.12,1,0,0.462,,,,0.255,-0.61,0.923,0,0.334,,,
13301,20240609,-93.15,39.87,0.237,-0.59,0.976,0,0.271,-0.62,0.857,0,0.334,-0.63,1,0,0.355,-1.11,1,0,0.455,,,,0.254,-0.61,0.923,0,0.33,,,
13301,20240610,-93.15,39.87,0.236,-0.59,0.976,0,0.267,-0.63,0.857,0,0.328,-0.64,1,0,0.351,-1.11,1,0,0.446,,,,0.251,-0.62,0.923,0,0.326,,,
13301,20240611,-93.15,39.87,0.233,-0.6,0.976,0,0.263,-0.65,0.857,0,0.322,-0.66,1,0,0.347,-1.13,1,0,0.438,,,,0.248,-0.63,0.923,0,0.321,,,
13301,20240612,-93.15,39.87,0.23,-0.62,0.976,0,0.257,-0.69,0.899,0,0.316,-0.69,1,0,0.343,-1.16,1,0,0.432,,,,0.244,-0.66,0.958,0,0.316,,,
13301,20240613,-93.15,39.87,0.225,-0.65,0.976,0,0.247,-0.75,1,0,0.309,-0.71,1,0,0.338,-1.19,1,0,0.425,,,,0.236,-0.7,1,0,0.309,,,
13301,20240614,-93.15,39.87,0.22,-0.67,0.976,0,0.239,-0.79,1,0,0.304,-0.73,1,0,0.333,-1.24,1,0,0.419,,,,0.229,-0.74,1,0,0.303,,,
13301,20240615,-93.15,39.87,0.217,-0.69,0.988,0,0.232,-0.83,1,0,0.299,-0.75,1,0,0.327,-1.28,1,0,0.413,,,,0.224,-0.77,1,0,0.298,,,
13301,20240616,-93.15,39.87,0.212,-0.72,1,0,0.224,-0.88,1,0,0.294,-0.77,1,0,0.321,-1.33,1,0,0.408,,,,0.218,-0.81,1,0,0.292,,,
13301,20240617,-93.15,39.87,0.209,-0.74,1,0,0.217,-0.92,1,0,0.29,-0.79,1,0,0.316,-1.38,1,0,0.405,,,,0.213,-0.84,1,0,0.287,,,
13301,20240618,-93.15,39.87,0.207,-0.76,1,0,0.213,-0.95,1,0,0.286,-0.81,1,0,0.31,-1.42,1,0,0.402,,,,0.21,-0.87,1,0,0.283,,,
13301,20240619,-93.15,39.87,0.205,-0.77,1,0,0.209,-0.97,1,0,0.283,-0.82,1,0,0.304,-1.46,1,0,0.399,,,,0.207,-0.89,1,0,0.28,,,
13301,20240620,-93.15,39.87,0.214,-0.71,0.911,0,0.213,-0.94,0.988,0,0.28,-0.83,1,0,0.298,-1.49,1,0,0.396,,,,0.214,-0.84,0.923,0,0.28,,,
13301,20240621,-93.15,39.87,0.229,-0.62,0.768,0,0.22,-0.9,0.988,0,0.278,-0.83,1,0,0.293,-1.5,1,0,0.394,,,,0.225,-0.77,0.857,0,0.283,,,
13301,20240622,-93.15,39.87,0.241,-0.55,0.625,0,0.226,-0.86,0.988,0,0.276,-0.84,1,0,0.288,-1.5,1,0,0.392,,,,0.233,-0.71,0.857,0,0.285,,,
13301,20240623,-93.15,39.87,0.254,-0.47,0.512,0,0.235,-0.8,0.94,0,0.275,-0.83,1,0,0.284,-1.49,1,0,0.389,,,,0.245,-0.64,0.804,0,0.287,,,
13301,20240624,-93.15,39.87,0.273,-0.37,0.369,0,0.249,-0.7,0.798,0,0.275,-0.82,1,0,0.279,-1.48,1,0,0.386,,,,0.261,-0.53,0.661,0,0.293,,,
13301,20240625,-93.15,39.87,0.288,-0.27,0.226,0,0.262,-0.62,0.655,0,0.276,-0.8,1,0,0.275,-1.47,1,0,0.383,,,,0.275,-0.44,0.518,0,0.297,,,
13301,20240626,-93.15,39.87,0.307,-0.16,0.083,0.036,0.279,-0.51,0.571,0.03,0.285,-0.74,0.964,0.03,0.273,-1.44,1,0,0.38,,,,0.293,-0.32,0.375,0.036,0.305,,,
13301,20240627,-93.15,39.87,0.324,-0.07,0.03,0.071,0.299,-0.38,0.44,0.048,0.315,-0.57,0.821,0.095,0.276,-1.39,1,0,0.383,,,,0.312,-0.21,0.31,0.065,0.319,,,
13301,20240628,-93.15,39.87,0.332,-0.02,0.03,0.071,0.314,-0.28,0.298,0.048,0.342,-0.43,0.679,0.095,0.277,-1.35,1,0,0.383,,,,0.323,-0.13,0.232,0.065,0.33,,,
13301,20240629,-93.15,39.87,0.341,0.03,0.03,0.071,0.329,-0.18,0.155,0.048,0.367,-0.29,0.536,0.095,0.279,-1.32,1,0,0.383,,,,0.335,-0.06,0.089,0.065,0.34,,,
13301,20240630,-93.15,39.87,0.346,0.05,0,0.071,0.34,-0.11,0.06,0.048,0.39,-0.16,0.393,0.095,0.28,-1.29,1,0,0.383,,,,0.343,0,0,0.065,0.348,,,
13301,20240701,-93.15,39.87,0.344,0.04,0,0.071,0.345,-0.08,0.06,0.048,0.411,-0.05,0.25,0.095,0.281,-1.26,1,0,0.383,,,,0.344,0,0,0.065,0.353,,,
13301,20240702,-93.15,39.87,0.343,0.04,0,0.071,0.35,-0.04,0.06,0.048,0.429,0.05,0.107,0.095,0.283,-1.23,1,0,0.382,,,,0.346,0.02,0,0.065,0.357,,,
13301,20240703,-93.15,39.87,0.352,0.08,0,0.095,0.36,0.02,0,0.077,0.448,0.15,0,0.125,0.297,-1.14,0.946,0,0.388,,,,0.356,0.08,0,0.089,0.369,,,
13301,20240704,-93.15,39.87,0.361,0.13,0,0.202,0.371,0.08,0,0.196,0.457,0.19,0,0.202,0.33,-0.96,0.804,0,0.399,,,,0.366,0.13,0,0.202,0.383,,,
13301,20240705,-93.15,39.87,0.381,0.24,0,0.345,0.388,0.18,0,0.339,0.47,0.25,0,0.345,0.363,-0.78,0.661,0,0.412,,,,0.384,0.24,0,0.345,0.403,,,
13301,20240706,-93.15,39.87,0.393,0.31,0,0.488,0.4,0.24,0,0.411,0.481,0.29,0,0.482,0.398,-0.6,0.518,0,0.426,,,,0.396,0.31,0,0.482,0.419,,,
13301,20240707,-93.15,39.87,0.402,0.37,0,0.548,0.408,0.28,0,0.411,0.488,0.32,0,0.488,0.433,-0.42,0.375,0,0.441,,,,0.405,0.35,0,0.482,0.434,,,
13301,20240708,-93.15,39.87,0.415,0.44,0,0.616,0.418,0.34,0,0.457,0.497,0.37,0,0.543,0.462,-0.27,0.258,0,0.454,,,,0.417,0.42,0,0.543,0.449,,,
13301,20240709,-93.15,39.87,,,,,,,,,,,,,,,,,,,,,,,,,,,,
13301,20240710,-93.15,39.87,,,,,,,,,,,,,,,,,,,,,,,,,,,,
13301,20240711,-93.15,39.87,,,,,,,,,,,,,,,,,,,,,,,,,,,,
13301,20240712,-93.15,39.87,,,,,,,,,,,,,,,,,,,,,,,,,,,,
13301,20240713,-93.15,39.87,,,,,,,,,,,,,,,,,,,,,,,,,,,,
13301,20240714,-93.15,39.87,,,,,,,,,,,,,,,,,,,,,,,,,,,,
13301,20240715,-93.15,39.87,,,,,,,,,,,,,,,,,,,,,,,,,,,,
13301,20240716,-93.15,39.87,,,,,,,,,,,,,,,,,,,,,,,,,,,,
13301,20240717,-93.15,39.87,,,,,,,,,,,,,,,,,,,,,,,,,,,,
13301,20240718,-93.15,39.87,,,,,,,,,,,,,,,,,,,,,,,,,,,,
13301,20240719,-93.15,39.87,,,,,,,,,,,,,,,,,,,,,,,,,,,,
13301,20240720,-93.15,39.87,,,,,,,,,,,,,,,,,,,,,,,,,,,,
13301,20240721,-93.15,39.87,,,,,,,,,,,,,,,,,,,,,,,,,,,,
13301,20240722,-93.15,39.87,,,,,,,,,,,,,,,,,,,,,,,,,,,,
13301,20240723,-93.15,39.87,,,,,,,,,,,,,,,,,,,,,,,,,,,,
13301,20240724,-93.15,39.87,,,,,,,,,,,,,,,,,,,,,,,,,,,,
13301,20240725,-93.15,39.87,,,,,,,,,,,,,,,,,,,,,,,,,,,,
13301,20240726,-93.15,39.87,,,,,,,,,,,,,,,,,,,,,,,,,,,,
13301,20240727,-93.15,39.87,,,,,,,,,,,,,,,,,,,,,,,,,,,,
13301,20240728,-93.15,39.87,,,,,,,,,,,,,,,,,,,,,,,,,,,,
13301,20240729,-93.15,39.87,,,,,,,,,,,,,,,,,,,,,,,,,,,,
13301,20240730,-93.15,39.87,,,,,,,,,,,,,,,,,,,,,,,,,,,,
13301,20240731,-93.15,39.87,,,,,,,,,,,,,,,,,,,,,,,,,,,,
13301,20240801,-93.15,39.87,,,,,,,,,,,,,,,,,,,,,,,,,,,,
13301,20240802,-93.15,39.87,,,,,,,,,,,,,,,,,,,,,,,,,,,,
13301,20240803,-93.15,39.87,,,,,,,,,,,,,,,,,,,,,,,,,,,,
13301,20240804,-93.15,39.87,,,,,,,,,,,,,,,,,,,,,,,,,,,,
13301,20240805,-93.15,39.87,,,,,,,,,,,,,,,,,,,,,,,,,,,,
13301,20240806,-93.15,39.87,,,,,,,,,,,,,,,,,,,,,,,,,,,,
13301,20240807,-93.15,39.87,,,,,,,,,,,,,,,,,,,,,,,,,,,,
13301,20240808,-93.15,39.87,,,,,,,,,,,,,,,,,,,,,,,,,,,,
13301,20240809,-93.15,39.87,,,,,,,,,,,,,,,,,,,,,,,,,,,,
13301,20240810,-93.15,39.87,,,,,,,,,,,,,,,,,,,,,,,,,,,,
13301,20240811,-93.15,39.87,,,,,,,,,,,,,,,,,,,,,,,,,,,,
13301,20240812,-93.15,39.87,,,,,,,,,,,,,,,,,,,,,,,,,,,,
13301,20240813,-93.15,39.87,,,,,,,,,,,,,,,,,,,,,,,,,,,,
13301,20240814,-93.15,39.87,,,,,,,,,,,,,,,,,,,,,,,,,,,,
13301,20240815,-93.15,39.87,,,,,,,,,,,,,,,,,,,,,,,,,,,,
13301,20240816,-93.15,39.87,,,,,,,,,,,,,,,,,,,,,,,,,,,,
13301,20240817,-93.15,39.87,,,,,,,,,,,,,,,,,,,,,,,,,,,,
13301,20240818,-93.15,39.87,,,,,,,,,,,,,,,,,,,,,,,,,,,,
13301,20240819,-93.15,39.87,,,,,,,,,,,,,,,,,,,,,,,,,,,,
13301,20240820,-93.15,39.87,,,,,,,,,,,,,,,,,,,,,,,,,,,,
13301,20240821,-93.15,39.87,,,,,,,,,,,,,,,,,,,,,,,,,,,,
13301,20240822,-93.15,39.87,,,,,,,,,,,,,,,,,,,,,,,,,,,,
13301,20240823,-93.15,39.87,,,,,,,,,,,,,,,,,,,,,,,,,,,,
13301,20240824,-93.15,39.87,,,,,,,,,,,,,,,,,,,,,,,,,,,,
13301,20240825,-93.15,39.87,,,,,,,,,,,,,,,,,,,,,,,,,,,,
13301,20240826,-93.15,39.87,,,,,,,,,,,,,,,,,,,,,,,,,,,,
13301,20240827,-93.15,39.87,,,,,,,,,,,,,,,,,,,,,,,,,,,,
13301,20240828,-93.15,39.87,,,,,,,,,,,,,,,,,,,,,,,,,,,,
13301,20240829,-93.15,39.87,,,,,,,,,,,,,,,,,,,,,,,,,,,,
13301,20240830,-93.15,39.87,,,,,,,,,,,,,,,,,,,,,,,,,,,,
13301,20240831,-93.15,39.87,,,,,,,,,,,,,,,,,,,,,,,,,,,,
13301,20240901,-93.15,39.87,,,,,,,,,,,,,,,,,,,,,,,,,,,,
13301,20240902,-93.15,39.87,,,,,,,,,,,,,,,,,,,,,,,,,,,,
13301,20240903,-93.15,39.87,,,,,,,,,,,,,,,,,,,,,,,,,,,,
13301,20240904,-93.15,39.87,,,,,,,,,,,,,,,,,,,,,,,,,,,,
13301,20240905,-93.15,39.87,,,,,,,,,,,,,,,,,,,,,,,,,,,,
13301,20240906,-93.15,39.87,,,,,,,,,,,,,,,,,,,,,,,,,,,,
13301,20240907,-93.15,39.87,,,,,,,,,,,,,,,,,,,,,,,,,,,,
13301,20240908,-93.15,39.87,,,,,,,,,,,,,,,,,,,,,,,,,,,,
13301,20240909,-93.15,39.87,,,,,,,,,,,,,,,,,,,,,,,,,,,,
13301,20240910,-93.15,39.87,,,,,,,,,,,,,,,,,,,,,,,,,,,,
13301,20240911,-93.15,39.87,,,,,,,,,,,,,,,,,,,,,,,,,,,,
13301,20240912,-93.15,39.87,,,,,,,,,,,,,,,,,,,,,,,,,,,,
13301,20240913,-93.15,39.87,,,,,,,,,,,,,,,,,,,,,,,,,,,,
13301,20240914,-93.15,39.87,,,,,,,,,,,,,,,,,,,,,,,,,,,,
13301,20240915,-93.15,39.87,,,,,,,,,,,,,,,,,,,,,,,,,,,,
13301,20240916,-93.15,39.87,,,,,,,,,,,,,,,,,,,,,,,,,,,,
13301,20240917,-93.15,39.87,,,,,,,,,,,,,,,,,,,,,,,,,,,,
13301,20240918,-93.15,39.87,,,,,,,,,,,,,,,,,,,,,,,,,,,,
13301,20240919,-93.15,39.87,,,,,,,,,,,,,,,,,,,,,,,,,,,,
13301,20240920,-93.15,39.87,,,,,,,,,,,,,,,,,,,,,,,,,,,,
13301,20240921,-93.15,39.87,,,,,,,,,,,,,,,,,,,,,,,,,,,,
13301,20240922,-93.15,39.87,,,,,,,,,,,,,,,,,,,,,,,,,,,,
13301,20240923,-93.15,39.87,,,,,,,,,,,,,,,,,,,,,,,,,,,,
13301,20240924,-93.15,39.87,,,,,,,,,,,,,,,,,,,,,,,,,,,,
13301,20240925,-93.15,39.87,,,,,,,,,,,,,,,,,,,,,,,,,,,,
13301,20240926,-93.15,39.87,,,,,,,,,,,,,,,,,,,,,,,,,,,,
13301,20240927,-93.15,39.87,,,,,,,,,,,,,,,,,,,,,,,,,,,,
13301,20240928,-93.15,39.87,,,,,,,,,,,,,,,,,,,,,,,,,,,,
13301,20240929,-93.15,39.87,,,,,,,,,,,,,,,,,,,,,,,,,,,,
13301,20240930,-93.15,39.87,,,,,,,,,,,,,,,,,,,,,,,,,,,,
13301,20241001,-93.15,39.87,,,,,,,,,,,,,,,,,,,,,,,,,,,,
13301,20241002,-93.15,39.87,,,,,,,,,,,,,,,,,,,,,,,,,,,,
13301,20241003,-93.15,39.87,,,,,,,,,,,,,,,,,,,,,,,,,,,,
13301,20241004,-93.15,39.87,,,,,,,,,,,,,,,,,,,,,,,,,,,,
13301,20241005,-93.15,39.87,,,,,,,,,,,,,,,,,,,,,,,,,,,,
13301,20241006,-93.15,39.87,,,,,,,,,,,,,,,,,,,,,,,,,,,,
13301,20241007,-93.15,39.87,,,,,,,,,,,,,,,,,,,,,,,,,,,,
13301,20241008,-93.15,39.87,,,,,,,,,,,,,,,,,,,,,,,,,,,,
13301,20241009,-93.15,39.87,,,,,,,,,,,,,,,,,,,,,,,,,,,,
13301,20241010,-93.15,39.87,,,,,,,,,,,,,,,,,,,,,,,,,,,,
13301,20241011,-93.15,39.87,,,,,,,,,,,,,,,,,,,,,,,,,,,,
13301,20241012,-93.15,39.87,,,,,,,,,,,,,,,,,,,,,,,,,,,,
13301,20241013,-93.15,39.87,,,,,,,,,,,,,,,,,,,,,,,,,,,,
13301,20241014,-93.15,39.87,,,,,,,,,,,,,,,,,,,,,,,,,,,,
13301,20241015,-93.15,39.87,,,,,,,,,,,,,,,,,,,,,,,,,,,,
13301,20241016,-93.15,39.87,,,,,,,,,,,,,,,,,,,,,,,,,,,,
13301,20241017,-93.15,39.87,,,,,,,,,,,,,,,,,,,,,,,,,,,,
13301,20241018,-93.15,39.87,,,,,,,,,,,,,,,,,,,,,,,,,,,,
13301,20241019,-93.15,39.87,,,,,,,,,,,,,,,,,,,,,,,,,,,,
13301,20241020,-93.15,39.87,,,,,,,,,,,,,,,,,,,,,,,,,,,,
13301,20241021,-93.15,39.87,,,,,,,,,,,,,,,,,,,,,,,,,,,,
13301,20241022,-93.15,39.87,,,,,,,,,,,,,,,,,,,,,,,,,,,,
13301,20241023,-93.15,39.87,,,,,,,,,,,,,,,,,,,,,,,,,,,,
13301,20241024,-93.15,39.87,,,,,,,,,,,,,,,,,,,,,,,,,,,,
13301,20241025,-93.15,39.87,,,,,,,,,,,,,,,,,,,,,,,,,,,,
13301,20241026,-93.15,39.87,,,,,,,,,,,,,,,,,,,,,,,,,,,,
13301,20241027,-93.15,39.87,,,,,,,,,,,,,,,,,,,,,,,,,,,,
13301,20241028,-93.15,39.87,,,,,,,,,,,,,,,,,,,,,,,,,,,,
13301,20241029,-93.15,39.87,,,,,,,,,,,,,,,,,,,,,,,,,,,,
13301,20241030,-93.15,39.87,,,,,,,,,,,,,,,,,,,,,,,,,,,,
13301,20241031,-93.15,39.87,,,,,,,,,,,,,,,,,,,,,,,,,,,,
13301,20241101,-93.15,39.87,,,,,,,,,,,,,,,,,,,,,,,,,,,,
13301,20241102,-93.15,39.87,,,,,,,,,,,,,,,,,,,,,,,,,,,,
13301,20241103,-93.15,39.87,,,,,,,,,,,,,,,,,,,,,,,,,,,,
13301,20241104,-93.15,39.87,,,,,,,,,,,,,,,,,,,,,,,,,,,,
13301,20241105,-93.15,39.87,,,,,,,,,,,,,,,,,,,,,,,,,,,,
13301,20241106,-93.15,39.87,,,,,,,,,,,,,,,,,,,,,,,,,,,,
13301,20241107,-93.15,39.87,,,,,,,,,,,,,,,,,,,,,,,,,,,,
13301,20241108,-93.15,39.87,,,,,,,,,,,,,,,,,,,,,,,,,,,,
13301,20241109,-93.15,39.87,,,,,,,,,,,,,,,,,,,,,,,,,,,,
13301,20241110,-93.15,39.87,,,,,,,,,,,,,,,,,,,,,,,,,,,,
13301,20241111,-93.15,39.87,,,,,,,,,,,,,,,,,,,,,,,,,,,,
13301,20241112,-93.15,39.87,,,,,,,,,,,,,,,,,,,,,,,,,,,,
13301,20241113,-93.15,39.87,,,,,,,,,,,,,,,,,,,,,,,,,,,,
13301,20241114,-93.15,39.87,,,,,,,,,,,,,,,,,,,,,,,,,,,,
13301,20241115,-93.15,39.87,,,,,,,,,,,,,,,,,,,,,,,,,,,,
13301,20241116,-93.15,39.87,,,,,,,,,,,,,,,,,,,,,,,,,,,,
13301,20241117,-93.15,39.87,,,,,,,,,,,,,,,,,,,,,,,,,,,,
13301,20241118,-93.15,39.87,,,,,,,,,,,,,,,,,,,,,,,,,,,,
13301,20241119,-93.15,39.87,,,,,,,,,,,,,,,,,,,,,,,,,,,,
13301,20241120,-93.15,39.87,,,,,,,,,,,,,,,,,,,,,,,,,,,,
13301,20241121,-93.15,39.87,,,,,,,,,,,,,,,,,,,,,,,,,,,,
13301,20241122,-93.15,39.87,,,,,,,,,,,,,,,,,,,,,,,,,,,,
13301,20241123,-93.15,39.87,,,,,,,,,,,,,,,,,,,,,,,,,,,,
13301,20241124,-93.15,39.87,,,,,,,,,,,,,,,,,,,,,,,,,,,,
13301,20241125,-93.15,39.87,,,,,,,,,,,,,,,,,,,,,,,,,,,,
13301,20241126,-93.15,39.87,,,,,,,,,,,,,,,,,,,,,,,,,,,,
13301,20241127,-93.15,39.87,,,,,,,,,,,,,,,,,,,,,,,,,,,,
13301,20241128,-93.15,39.87,,,,,,,,,,,,,,,,,,,,,,,,,,,,
13301,20241129,-93.15,39.87,,,,,,,,,,,,,,,,,,,,,,,,,,,,
13301,20241130,-93.15,39.87,,,,,,,,,,,,,,,,,,,,,,,,,,,,
13301,20241201,-93.15,39.87,,,,,,,,,,,,,,,,,,,,,,,,,,,,
13301,20241202,-93.15,39.87,,,,,,,,,,,,,,,,,,,,,,,,,,,,
13301,20241203,-93.15,39.87,,,,,,,,,,,,,,,,,,,,,,,,,,,,
13301,20241204,-93.15,39.87,,,,,,,,,,,,,,,,,,,,,,,,,,,,
13301,20241205,-93.15,39.87,,,,,,,,,,,,,,,,,,,,,,,,,,,,
13301,20241206,-93.15,39.87,,,,,,,,,,,,,,,,,,,,,,,,,,,,
13301,20241207,-93.15,39.87,,,,,,,,,,,,,,,,,,,,,,,,,,,,
13301,20241208,-93.15,39.87,,,,,,,,,,,,,,,,,,,,,,,,,,,,
13301,20241209,-93.15,39.87,,,,,,,,,,,,,,,,,,,,,,,,,,,,
13301,20241210,-93.15,39.87,,,,,,,,,,,,,,,,,,,,,,,,,,,,
13301,20241211,-93.15,39.87,,,,,,,,,,,,,,,,,,,,,,,,,,,,
13301,20241212,-93.15,39.87,,,,,,,,,,,,,,,,,,,,,,,,,,,,
13301,20241213,-93.15,39.87,,,,,,,,,,,,,,,,,,,,,,,,,,,,
13301,20241214,-93.15,39.87,,,,,,,,,,,,,,,,,,,,,,,,,,,,
13301,20241215,-93.15,39.87,,,,,,,,,,,,,,,,,,,,,,,,,,,,
13301,20241216,-93.15,39.87,,,,,,,,,,,,,,,,,,,,,,,,,,,,
13301,20241217,-93.15,39.87,,,,,,,,,,,,,,,,,,,,,,,,,,,,
13301,20241218,-93.15,39.87,,,,,,,,,,,,,,,,,,,,,,,,,,,,
13301,20241219,-93.15,39.87,,,,,,,,,,,,,,,,,,,,,,,,,,,,
13301,20241220,-93.15,39.87,,,,,,,,,,,,,,,,,,,,,,,,,,,,
13301,20241221,-93.15,39.87,,,,,,,,,,,,,,,,,,,,,,,,,,,,
13301,20241222,-93.15,39.87,,,,,,,,,,,,,,,,,,,,,,,,,,,,
13301,20241223,-93.15,39.87,,,,,,,,,,,,,,,,,,,,,,,,,,,,
13301,20241224,-93.15,39.87,,,,,,,,,,,,,,,,,,,,,,,,,,,,
13301,20241225,-93.15,39.87,,,,,,,,,,,,,,,,,,,,,,,,,,,,
13301,20241226,-93.15,39.87,,,,,,,,,,,,,,,,,,,,,,,,,,,,
13301,20241227,-93.15,39.87,,,,,,,,,,,,,,,,,,,,,,,,,,,,
13301,20241228,-93.15,39.87,,,,,,,,,,,,,,,,,,,,,,,,,,,,
13301,20241229,-93.15,39.87,,,,,,,,,,,,,,,,,,,,,,,,,,,,
13301,20241230,-93.15,39.87,,,,,,,,,,,,,,,,,,,,,,,,,,,,
13301,20241231,-93.15,39.87,,,,,,,,,,,,,,,,,,,,,,,,,,,,
13301,20250101,-93.15,39.87,,,,,,,,,,,,,,,,,,,,,,,,,,,,
13301,20250102,-93.15,39.87,,,,,,,,,,,,,,,,,,,,,,,,,,,,
13301,20250103,-93.15,39.87,,,,,,,,,,,,,,,,,,,,,,,,,,,,
13301,20250104,-93.15,39.87,,,,,,,,,,,,,,,,,,,,,,,,,,,,
13301,20250105,-93.15,39.87,,,,,,,,,,,,,,,,,,,,,,,,,,,,
13301,20250106,-93.15,39.87,,,,,,,,,,,,,,,,,,,,,,,,,,,,
13301,20250107,-93.15,39.87,,,,,,,,,,,,,,,,,,,,,,,,,,,,
13301,20250108,-93.15,39.87,,,,,,,,,,,,,,,,,,,,,,,,,,,,
13301,20250109,-93.15,39.87,,,,,,,,,,,,,,,,,,,,,,,,,,,,
13301,20250110,-93.15,39.87,,,,,,,,,,,,,,,,,,,,,,,,,,,,
13301,20250111,-93.15,39.87,,,,,,,,,,,,,,,,,,,,,,,,,,,,
13301,20250112,-93.15,39.87,,,,,,,,,,,,,,,,,,,,,,,,,,,,
13301,20250113,-93.15,39.87,,,,,,,,,,,,,,,,,,,,,,,,,,,,
13301,20250114,-93.15,39.87,,,,,,,,,,,,,,,,,,,,,,,,,,,,
13301,20250115,-93.15,39.87,,,,,,,,,,,,,,,,,,,,,,,,,,,,
13301,20250116,-93.15,39.87,,,,,,,,,,,,,,,,,,,,,,,,,,,,
13301,20250117,-93.15,39.87,,,,,,,,,,,,,,,,,,,,,,,,,,,,
13301,20250118,-93.15,39.87,,,,,,,,,,,,,,,,,,,,,,,,,,,,
13301,20250119,-93.15,39.87,,,,,,,,,,,,,,,,,,,,,,,,,,,,
13301,20250120,-93.15,39.87,,,,,,,,,,,,,,,,,,,,,,,,,,,,
13301,20250121,-93.15,39.87,,,,,,,,,,,,,,,,,,,,,,,,,,,,
13301,20250122,-93.15,39.87,,,,,,,,,,,,,,,,,,,,,,,,,,,,
13301,20250123,-93.15,39.87,,,,,,,,,,,,,,,,,,,,,,,,,,,,
13301,20250124,-93.15,39.87,,,,,,,,,,,,,,,,,,,,,,,,,,,,
13301,20250125,-93.15,39.87,,,,,,,,,,,,,,,,,,,,,,,,,,,,
13301,20250126,-93.15,39.87,,,,,,,,,,,,,,,,,,,,,,,,,,,,
13301,20250127,-93.15,39.87,,,,,,,,,,,,,,,,,,,,,,,,,,,,
13301,20250128,-93.15,39.87,,,,,,,,,,,,,,,,,,,,,,,,,,,,
13301,20250129,-93.15,39.87,,,,,,,,,,,,,,,,,,,,,,,,,,,,
13301,20250130,-93.15,39.87,,,,,,,,,,,,,,,,,,,,,,,,,,,,
13301,20250131,-93.15,39.87,,,,,,,,,,,,,,,,,,,,,,,,,,,,
13301,20250201,-93.15,39.87,,,,,,,,,,,,,,,,,,,,,,,,,,,,
13301,20250202,-93.15,39.87,,,,,,,,,,,,,,,,,,,,,,,,,,,,
13301,20250203,-93.15,39.87,,,,,,,,,,,,,,,,,,,,,,,,,,,,
13301,20250204,-93.15,39.87,,,,,,,,,,,,,,,,,,,,,,,,,,,,
13301,20250205,-93.15,39.87,,,,,,,,,,,,,,,,,,,,,,,,,,,,
13301,20250206,-93.15,39.87,,,,,,,,,,,,,,,,,,,,,,,,,,,,
13301,20250207,-93.15,39.87,,,,,,,,,,,,,,,,,,,,,,,,,,,,
13301,20250208,-93.15,39.87,,,,,,,,,,,,,,,,,,,,,,,,,,,,
13301,20250209,-93.15,39.87,,,,,,,,,,,,,,,,,,,,,,,,,,,,
13301,20250210,-93.15,39.87,,,,,,,,,,,,,,,,,,,,,,,,,,,,
13301,20250211,-93.15,39.87,,,,,,,,,,,,,,,,,,,,,,,,,,,,
13301,20250212,-93.15,39.87,,,,,,,,,,,,,,,,,,,,,,,,,,,,
13301,20250213,-93.15,39.87,,,,,,,,,,,,,,,,,,,,,,,,,,,,
13301,20250214,-93.15,39.87,,,,,,,,,,,,,,,,,,,,,,,,,,,,
13301,20250215,-93.15,39.87,,,,,,,,,,,,,,,,,,,,,,,,,,,,
13301,20250216,-93.15,39.87,,,,,,,,,,,,,,,,,,,,,,,,,,,,
13301,20250217,-93.15,39.87,,,,,,,,,,,,,,,,,,,,,,,,,,,,
13301,20250218,-93.15,39.87,,,,,,,,,,,,,,,,,,,,,,,,,,,,
13301,20250219,-93.15,39.87,,,,,,,,,,,,,,,,,,,,,,,,,,,,
13301,20250220,-93.15,39.87,,,,,,,,,,,,,,,,,,,,,,,,,,,,
13301,20250221,-93.15,39.87,,,,,,,,,,,,,,,,,,,,,,,,,,,,
13301,20250222,-93.15,39.87,,,,,,,,,,,,,,,,,,,,,,,,,,,,
13301,20250223,-93.15,39.87,,,,,,,,,,,,,,,,,,,,,,,,,,,,
13301,20250224,-93.15,39.87,,,,,,,,,,,,,,,,,,,,,,,,,,,,
13301,20250225,-93.15,39.87,,,,,,,,,,,,,,,,,,,,,,,,,,,,
13301,20250226,-93.15,39.87,,,,,,,,,,,,,,,,,,,,,,,,,,,,
13301,20250227,-93.15,39.87,,,,,,,,,,,,,,,,,,,,,,,,,,,,
13301,20250228,-93.15,39.87,,,,,,,,,,,,,,,,,,,,,,,,,,,,
13301,20250301,-93.15,39.87,,,,,,,,,,,,,,,,,,,,,,,,,,,,
13301,20250302,-93.15,39.87,,,,,,,,,,,,,,,,,,,,,,,,,,,,
13301,20250303,-93.15,39.87,,,,,,,,,,,,,,,,,,,,,,,,,,,,
13301,20250304,-93.15,39.87,,,,,,,,,,,,,,,,,,,,,,,,,,,,
13301,20250305,-93.15,39.87,,,,,,,,,,,,,,,,,,,,,,,,,,,,
13301,20250306,-93.15,39.87,,,,,,,,,,,,,,,,,,,,,,,,,,,,
13301,20250307,-93.15,39.87,,,,,,,,,,,,,,,,,,,,,,,,,,,,
13301,20250308,-93.15,39.87,,,,,,,,,,,,,,,,,,,,,,,,,,,,
13301,20250309,-93.15,39.87,,,,,,,,,,,,,,,,,,,,,,,,,,,,
13301,20250310,-93.15,39.87,,,,,,,,,,,,,,,,,,,,,,,,,,,,
13301,20250311,-93.15,39.87,,,,,,,,,,,,,,,,,,,,,,,,,,,,
13301,20250312,-93.15,39.87,,,,,,,,,,,,,,,,,,,,,,,,,,,,
13301,20250313,-93.15,39.87,,,,,,,,,,,,,,,,,,,,,,,,,,,,
13301,20250314,-93.15,39.87,,,,,,,,,,,,,,,,,,,,,,,,,,,,
13301,20250315,-93.15,39.87,,,,,,,,,,,,,,,,,,,,,,,,,,,,
13301,20250316,-93.15,39.87,,,,,,,,,,,,,,,,,,,,,,,,,,,,
13301,20250317,-93.15,39.87,,,,,,,,,,,,,,,,,,,,,,,,,,,,
13301,20250318,-93.15,39.87,,,,,,,,,,,,,,,,,,,,,,,,,,,,
13301,20250319,-93.15,39.87,,,,,,,,,,,,,,,,,,,,,,,,,,,,
13301,20250320,-93.15,39.87,,,,,,,,,,,,,,,,,,,,,,,,,,,,
13301,20250321,-93.15,39.87,,,,,,,,,,,,,,,,,,,,,,,,,,,,
13301,20250322,-93.15,39.87,,,,,,,,,,,,,,,,,,,,,,,,,,,,
13301,20250323,-93.15,39.87,,,,,,,,,,,,,,,,,,,,,,,,,,,,
13301,20250324,-93.15,39.87,,,,,,,,,,,,,,,,,,,,,,,,,,,,
13301,20250325,-93.15,39.87,,,,,,,,,,,,,,,,,,,,,,,,,,,,
13301,20250326,-93.15,39.87,,,,,,,,,,,,,,,,,,,,,,,,,,,,
13301,20250327,-93.15,39.87,,,,,,,,,,,,,,,,,,,,,,,,,,,,
13301,20250328,-93.15,39.87,,,,,,,,,,,,,,,,,,,,,,,,,,,,
13301,20250329,-93.15,39.87,,,,,,,,,,,,,,,,,,,,,,,,,,,,
13301,20250330,-93.15,39.87,,,,,,,,,,,,,,,,,,,,,,,,,,,,
13301,20250331,-93.15,39.87,,,,,,,,,,,,,,,,,,,,,,,,,,,,
13301,20250401,-93.15,39.87,,,,,,,,,,,,,,,,,,,,,,,,,,,,
13301,20250402,-93.15,39.87,,,,,,,,,,,,,,,,,,,,,,,,,,,,
13301,20250403,-93.15,39.87,,,,,,,,,,,,,,,,,,,,,,,,,,,,
13301,20250404,-93.15,39.87,,,,,,,,,,,,,,,,,,,,,,,,,,,,
13301,20250405,-93.15,39.87,,,,,,,,,,,,,,,,,,,,,,,,,,,,
13301,20250406,-93.15,39.87,,,,,,,,,,,,,,,,,,,,,,,,,,,,
13301,20250407,-93.15,39.87,,,,,,,,,,,,,,,,,,,,,,,,,,,,
13301,20250408,-93.15,39.87,,,,,,,,,,,,,,,,,,,,,,,,,,,,
13301,20250409,-93.15,39.87,,,,,,,,,,,,,,,,,,,,,,,,,,,,
13301,20250410,-93.15,39.87,,,,,,,,,,,,,,,,,,,,,,,,,,,,
13301,20250411,-93.15,39.87,,,,,,,,,,,,,,,,,,,,,,,,,,,,
13301,20250412,-93.15,39.87,,,,,,,,,,,,,,,,,,,,,,,,,,,,
13301,20250413,-93.15,39.87,,,,,,,,,,,,,,,,,,,,,,,,,,,,
13301,20250414,-93.15,39.87,,,,,,,,,,,,,,,,,,,,,,,,,,,,
13301,20250415,-93.15,39.87,,,,,,,,,,,,,,,,,,,,,,,,,,,,
13301,20250416,-93.15,39.87,,,,,,,,,,,,,,,,,,,,,,,,,,,,
13301,20250417,-93.15,39.87,,,,,,,,,,,,,,,,,,,,,,,,,,,,
13301,20250418,-93.15,39.87,,,,,,,,,,,,,,,,,,,,,,,,,,,,
13301,20250419,-93.15,39.87,,,,,,,,,,,,,,,,,,,,,,,,,,,,
13301,20250420,-93.15,39.87,,,,,,,,,,,,,,,,,,,,,,,,,,,,
13301,20250421,-93.15,39.87,,,,,,,,,,,,,,,,,,,,,,,,,,,,
13301,20250422,-93.15,39.87,,,,,,,,,,,,,,,,,,,,,,,,,,,,
13301,20250423,-93.15,39.87,,,,,,,,,,,,,,,,,,,,,,,,,,,,
13301,20250424,-93.15,39.87,,,,,,,,,,,,,,,,,,,,,,,,,,,,
13301,20250425,-93.15,39.87,,,,,,,,,,,,,,,,,,,,,,,,,,,,
13301,20250426,-93.15,39.87,,,,,,,,,,,,,,,,,,,,,,,,,,,,
13301,20250427,-93.15,39.87,,,,,,,,,,,,,,,,,,,,,,,,,,,,
13301,20250428,-93.15,39.87,,,,,,,,,,,,,,,,,,,,,,,,,,,,
13301,20250429,-93.15,39.87,,,,,,,,,,,,,,,,,,,,,,,,,,,,
13301,20250430,-93.15,39.87,,,,,,,,,,,,,,,,,,,,,,,,,,,,
13301,20250501,-93.15,39.87,,,,,,,,,,,,,,,,,,,,,,,,,,,,
13301,20250502,-93.15,39.87,,,,,,,,,,,,,,,,,,,,,,,,,,,,
13301,20250503,-93.15,39.87,,,,,,,,,,,,,,,,,,,,,,,,,,,,
13301,20250504,-93.15,39.87,,,,,,,,,,,,,,,,,,,,,,,,,,,,
13301,20250505,-93.15,39.87,,,,,,,,,,,,,,,,,,,,,,,,,,,,
13301,20250506,-93.15,39.87,,,,,,,,,,,,,,,,,,,,,,,,,,,,
13301,20250507,-93.15,39.87,,,,,,,,,,,,,,,,,,,,,,,,,,,,
13301,20250508,-93.15,39.87,,,,,,,,,,,,,,,,,,,,,,,,,,,,
13301,20250509,-93.15,39.87,,,,,,,,,,,,,,,,,,,,,,,,,,,,
13301,20250510,-93.15,39.87,,,,,,,,,,,,,,,,,,,,,,,,,,,,
13301,20250511,-93.15,39.87,,,,,,,,,,,,,,,,,,,,,,,,,,,,
13301,20250512,-93.15,39.87,,,,,,,,,,,,,,,,,,,,,,,,,,,,
13301,20250513,-93.15,39.87,,,,,,,,,,,,,,,,,,,,,,,,,,,,
13301,20250514,-93.15,39.87,,,,,,,,,,,,,,,,,,,,,,,,,,,,
13301,20250515,-93.15,39.87,,,,,,,,,,,,,,,,,,,,,,,,,,,,
13301,20250516,-93.15,39.87,,,,,,,,,,,,,,,,,,,,,,,,,,,,
13301,20250517,-93.15,39.87,,,,,,,,,,,,,,,,,,,,,,,,,,,,
13301,20250518,-93.15,39.87,,,,,,,,,,,,,,,,,,,,,,,,,,,,
13301,20250519,-93.15,39.87,,,,,,,,,,,,,,,,,,,,,,,,,,,,
13301,20250520,-93.15,39.87,,,,,,,,,,,,,,,,,,,,,,,,,,,,
13301,20250521,-93.15,39.87,,,,,,,,,,,,,,,,,,,,,,,,,,,,
13301,20250522,-93.15,39.87,,,,,,,,,,,,,,,,,,,,,,,,,,,,
13301,20250523,-93.15,39.87,,,,,,,,,,,,,,,,,,,,,,,,,,,,
13301,20250524,-93.15,39.87,,,,,,,,,,,,,,,,,,,,,,,,,,,,
13301,20250525,-93.15,39.87,,,,,,,,,,,,,,,,,,,,,,,,,,,,
13301,20250526,-93.15,39.87,,,,,,,,,,,,,,,,,,,,,,,,,,,,
13301,20250527,-93.15,39.87,,,,,,,,,,,,,,,,,,,,,,,,,,,,
13301,20250528,-93.15,39.87,,,,,,,,,,,,,,,,,,,,,,,,,,,,
13301,20250529,-93.15,39.87,,,,,,,,,,,,,,,,,,,,,,,,,,,,
13301,20250530,-93.15,39.87,,,,,,,,,,,,,,,,,,,,,,,,,,,,
13301,20250531,-93.15,39.87,,,,,,,,,,,,,,,,,,,,,,,,,,,,
13301,20250601,-93.15,39.87,,,,,,,,,,,,,,,,,,,,,,,,,,,,
13301,20250602,-93.15,39.87,,,,,,,,,,,,,,,,,,,,,,,,,,,,
13301,20250603,-93.15,39.87,,,,,,,,,,,,,,,,,,,,,,,,,,,,
13301,20250604,-93.15,39.87,,,,,,,,,,,,,,,,,,,,,,,,,,,,
13301,20250605,-93.15,39.87,,,,,,,,,,,,,,,,,,,,,,,,,,,,
13301,20250606,-93.15,39.87,,,,,,,,,,,,,,,,,,,,,,,,,,,,
13301,20250607,-93.15,39.87,,,,,,,,,,,,,,,,,,,,,,,,,,,,
13301,20250608,-93.15,39.87,,,,,,,,,,,,,,,,,,,,,,,,,,,,
13301,20250609,-93.15,39.87,,,,,,,,,,,,,,,,,,,,,,,,,,,,
13301,20250610,-93.15,39.87,,,,,,,,,,,,,,,,,,,,,,,,,,,,
13301,20250611,-93.15,39.87,,,,,,,,,,,,,,,,,,,,,,,,,,,,
13301,20250612,-93.15,39.87,,,,,,,,,,,,,,,,,,,,,,,,,,,,
13301,20250613,-93.15,39.87,,,,,,,,,,,,,,,,,,,,,,,,,,,,
13301,20250614,-93.15,39.87,,,,,,,,,,,,,,,,,,,,,,,,,,,,
13301,20250615,-93.15,39.87,,,,,,,,,,,,,,,,,,,,,,,,,,,,
13301,20250616,-93.15,39.87,,,,,,,,,,,,,,,,,,,,,,,,,,,,
13301,20250617,-93.15,39.87,,,,,,,,,,,,,,,,,,,,,,,,,,,,
13301,20250618,-93.15,39.87,,,,,,,,,,,,,,,,,,,,,,,,,,,,
13301,20250619,-93.15,39.87,,,,,,,,,,,,,,,,,,,,,,,,,,,,
13301,20250620,-93.15,39.87,,,,,,,,,,,,,,,,,,,,,,,,,,,,
13301,20250621,-93.15,39.87,,,,,,,,,,,,,,,,,,,,,,,,,,,,
13301,20250622,-93.15,39.87,,,,,,,,,,,,,,,,,,,,,,,,,,,,
13301,20250623,-93.15,39.87,,,,,,,,,,,,,,,,,,,,,,,,,,,,
13301,20250624,-93.15,39.87,,,,,,,,,,,,,,,,,,,,,,,,,,,,
13301,20250625,-93.15,39.87,,,,,,,,,,,,,,,,,,,,,,,,,,,,
13301,20250626,-93.15,39.87,,,,,,,,,,,,,,,,,,,,,,,,,,,,
13301,20250627,-93.15,39.87,,,,,,,,,,,,,,,,,,,,,,,,,,,,
13301,20250628,-93.15,39.87,,,,,,,,,,,,,,,,,,,,,,,,,,,,
13301,20250629,-93.15,39.87,,,,,,,,,,,,,,,,,,,,,,,,,,,,
13301,20250630,-93.15,39.87,,,,,,,,,,,,,,,,,,,,,,,,,,,,
13301,20250701,-93.15,39.87,,,,,,,,,,,,,,,,,,,,,,,,,,,,
13301,20250702,-93.15,39.87,,,,,,,,,,,,,,,,,,,,,,,,,,,,
13301,20250703,-93.15,39.87,,,,,,,,,,,,,,,,,,,,,,,,,,,,
13301,20250704,-93.15,39.87,,,,,,,,,,,,,,,,,,,,,,,,,,,,
13301,20250705,-93.15,39.87,,,,,,,,,,,,,,,,,,,,,,,,,,,,
13301,20250706,-93.15,39.87,,,,,,,,,,,,,,,,,,,,,,,,,,,,
13301,20250707,-93.15,39.87,,,,,,,,,,,,,,,,,,,,,,,,,,,,
13301,20250708,-93.15,39.87,,,,,,,,,,,,,,,,,,,,,,,,,,,,
13301,20250709,-93.15,39.87,,,,,,,,,,,,,,,,,,,,,,,,,,,,
13301,20250710,-93.15,39.87,,,,,,,,,,,,,,,,,,,,,,,,,,,,
13301,20250711,-93.15,39.87,,,,,,,,,,,,,,,,,,,,,,,,,,,,
13301,20250712,-93.15,39.87,,,,,,,,,,,,,,,,,,,,,,,,,,,,
13301,20250713,-93.15,39.87,,,,,,,,,,,,,,,,,,,,,,,,,,,,
13301,20250714,-93.15,39.87,,,,,,,,,,,,,,,,,,,,,,,,,,,,
13301,20250715,-93.15,39.87,,,,,,,,,,,,,,,,,,,,,,,,,,,,
13301,20250716,-93.15,39.87,,,,,,,,,,,,,,,,,,,,,,,,,,,,
13301,20250717,-93.15,39.87,,,,,,,,,,,,,,,,,,,,,,,,,,,,
13301,20250718,-93.15,39.87,,,,,,,,,,,,,,,,,,,,,,,,,,,,
13301,20250719,-93.15,39.87,,,,,,,,,,,,,,,,,,,,,,,,,,,,
13301,20250720,-93.15,39.87,,,,,,,,,,,,,,,,,,,,,,,,,,,,
13301,20250721,-93.15,39.87,,,,,,,,,,,,,,,,,,,,,,,,,,,,
13301,20250722,-93.15,39.87,,,,,,,,,,,,,,,,,,,,,,,,,,,,
13301,20250723,-93.15,39.87,,,,,,,,,,,,,,,,,,,,,,,,,,,,
13301,20250724,-93.15,39.87,,,,,,,,,,,,,,,,,,,,,,,,,,,,
13301,20250725,-93.15,39.87,,,,,,,,,,,,,,,,,,,,,,,,,,,,
13301,20250726,-93.15,39.87,,,,,,,,,,,,,,,,,,,,,,,,,,,,
13301,20250727,-93.15,39.87,,,,,,,,,,,,,,,,,,,,,,,,,,,,
13301,20250728,-93.15,39.87,,,,,,,,,,,,,,,,,,,,,,,,,,,,
13301,20250729,-93.15,39.87,,,,,,,,,,,,,,,,,,,,,,,,,,,,
13301,20250730,-93.15,39.87,,,,,,,,,,,,,,,,,,,,,,,,,,,,
13301,20250731,-93.15,39.87,,,,,,,,,,,,,,,,,,,,,,,,,,,,
13301,20250801,-93.15,39.87,,,,,,,,,,,,,,,,,,,,,,,,,,,,
13301,20250802,-93.15,39.87,,,,,,,,,,,,,,,,,,,,,,,,,,,,
13301,20250803,-93.15,39.87,,,,,,,,,,,,,,,,,,,,,,,,,,,,
13301,20250804,-93.15,39.87,,,,,,,,,,,,,,,,,,,,,,,,,,,,
13301,20250805,-93.15,39.87,,,,,,,,,,,,,,,,,,,,,,,,,,,,
13301,20250806,-93.15,39.87,,,,,,,,,,,,,,,,,,,,,,,,,,,,
13301,20250807,-93.15,39.87,,,,,,,,,,,,,,,,,,,,,,,,,,,,
13301,20250808,-93.15,39.87,,,,,,,,,,,,,,,,,,,,,,,,,,,,
13301,20250809,-93.15,39.87,,,,,,,,,,,,,,,,,,,,,,,,,,,,
13301,20250810,-93.15,39.87,,,,,,,,,,,,,,,,,,,,,,,,,,,,
13301,20250811,-93.15,39.87,,,,,,,,,,,,,,,,,,,,,,,,,,,,
13301,20250812,-93.15,39.87,,,,,,,,,,,,,,,,,,,,,,,,,,,,
13301,20250813,-93.15,39.87,,,,,,,,,,,,,,,,,,,,,,,,,,,,
13301,20250814,-93.15,39.87,,,,,,,,,,,,,,,,,,,,,,,,,,,,
13301,20250815,-93.15,39.87,,,,,,,,,,,,,,,,,,,,,,,,,,,,
13301,20250816,-93.15,39.87,,,,,,,,,,,,,,,,,,,,,,,,,,,,
13301,20250817,-93.15,39.87,,,,,,,,,,,,,,,,,,,,,,,,,,,,
13301,20250818,-93.15,39.87,,,,,,,,,,,,,,,,,,,,,,,,,,,,
13301,20250819,-93.15,39.87,,,,,,,,,,,,,,,,,,,,,,,,,,,,
13301,20250820,-93.15,39.87,,,,,,,,,,,,,,,,,,,,,,,,,,,,
13301,20250821,-93.15,39.87,,,,,,,,,,,,,,,,,,,,,,,,,,,,
13301,20250822,-93.15,39.87,,,,,,,,,,,,,,,,,,,,,,,,,,,,
13301,20250823,-93.15,39.87,,,,,,,,,,,,,,,,,,,,,,,,,,,,
13301,20250824,-93.15,39.87,,,,,,,,,,,,,,,,,,,,,,,,,,,,
13301,20250825,-93.15,39.87,,,,,,,,,,,,,,,,,,,,,,,,,,,,
13301,20250826,-93.15,39.87,,,,,,,,,,,,,,,,,,,,,,,,,,,,
13301,20250827,-93.15,39.87,,,,,,,,,,,,,,,,,,,,,,,,,,,,
13301,20250828,-93.15,39.87,,,,,,,,,,,,,,,,,,,,,,,,,,,,
13301,20250829,-93.15,39.87,,,,,,,,,,,,,,,,,,,,,,,,,,,,
13301,20250830,-93.15,39.87,,,,,,,,,,,,,,,,,,,,,,,,,,,,
13301,20250831,-93.15,39.87,,,,,,,,,,,,,,,,,,,,,,,,,,,,
13301,20250901,-93.15,39.87,,,,,,,,,,,,,,,,,,,,,,,,,,,,
13301,20250902,-93.15,39.87,,,,,,,,,,,,,,,,,,,,,,,,,,,,
13301,20250903,-93.15,39.87,,,,,,,,,,,,,,,,,,,,,,,,,,,,
13301,20250904,-93.15,39.87,,,,,,,,,,,,,,,,,,,,,,,,,,,,
13301,20250905,-93.15,39.87,,,,,,,,,,,,,,,,,,,,,,,,,,,,
13301,20250906,-93.15,39.87,,,,,,,,,,,,,,,,,,,,,,,,,,,,
13301,20250907,-93.15,39.87,,,,,,,,,,,,,,,,,,,,,,,,,,,,
13301,20250908,-93.15,39.87,,,,,,,,,,,,,,,,,,,,,,,,,,,,
13301,20250909,-93.15,39.87,,,,,,,,,,,,,,,,,,,,,,,,,,,,
13301,20250910,-93.15,39.87,,,,,,,,,,,,,,,,,,,,,,,,,,,,
13301,20250911,-93.15,39.87,,,,,,,,,,,,,,,,,,,,,,,,,,,,
13301,20250912,-93.15,39.87,,,,,,,,,,,,,,,,,,,,,,,,,,,,
13301,20250913,-93.15,39.87,,,,,,,,,,,,,,,,,,,,,,,,,,,,
13301,20250914,-93.15,39.87,,,,,,,,,,,,,,,,,,,,,,,,,,,,
13301,20250915,-93.15,39.87,,,,,,,,,,,,,,,,,,,,,,,,,,,,
13301,20250916,-93.15,39.87,,,,,,,,,,,,,,,,,,,,,,,,,,,,
13301,20250917,-93.15,39.87,,,,,,,,,,,,,,,,,,,,,,,,,,,,
13301,20250918,-93.15,39.87,,,,,,,,,,,,,,,,,,,,,,,,,,,,
13301,20250919,-93.15,39.87,,,,,,,,,,,,,,,,,,,,,,,,,,,,
13301,20250920,-93.15,39.87,,,,,,,,,,,,,,,,,,,,,,,,,,,,
13301,20250921,-93.15,39.87,,,,,,,,,,,,,,,,,,,,,,,,,,,,
13301,20250922,-93.15,39.87,,,,,,,,,,,,,,,,,,,,,,,,,,,,
13301,20250923,-93.15,39.87,,,,,,,,,,,,,,,,,,,,,,,,,,,,
13301,20250924,-93.15,39.87,,,,,,,,,,,,,,,,,,,,,,,,,,,,
13301,20250925,-93.15,39.87,,,,,,,,,,,,,,,,,,,,,,,,,,,,
13301,20250926,-93.15,39.87,,,,,,,,,,,,,,,,,,,,,,,,,,,,
13301,20250927,-93.15,39.87,,,,,,,,,,,,,,,,,,,,,,,,,,,,
13301,20250928,-93.15,39.87,,,,,,,,,,,,,,,,,,,,,,,,,,,,
13301,20250929,-93.15,39.87,,,,,,,,,,,,,,,,,,,,,,,,,,,,
13301,20250930,-93.15,39.87,,,,,,,,,,,,,,,,,,,,,,,,,,,,
13301,20251001,-93.15,39.87,,,,,,,,,,,,,,,,,,,,,,,,,,,,
13301,20251002,-93.15,39.87,,,,,,,,,,,,,,,,,,,,,,,,,,,,
13301,20251003,-93.15,39.87,,,,,,,,,,,,,,,,,,,,,,,,,,,,
13301,20251004,-93.15,39.87,,,,,,,,,,,,,,,,,,,,,,,,,,,,
13301,20251005,-93.15,39.87,,,,,,,,,,,,,,,,,,,,,,,,,,,,
13301,20251006,-93.15,39.87,,,,,,,,,,,,,,,,,,,,,,,,,,,,
13301,20251007,-93.15,39.87,,,,,,,,,,,,,,,,,,,,,,,,,,,,
13301,20251008,-93.15,39.87,,,,,,,,,,,,,,,,,,,,,,,,,,,,
13301,20251009,-93.15,39.87,,,,,,,,,,,,,,,,,,,,,,,,,,,,
13301,20251010,-93.15,39.87,,,,,,,,,,,,,,,,,,,,,,,,,,,,
13301,20251011,-93.15,39.87,,,,,,,,,,,,,,,,,,,,,,,,,,,,
13301,20251012,-93.15,39.87,,,,,,,,,,,,,,,,,,,,,,,,,,,,
13301,20251013,-93.15,39.87,,,,,,,,,,,,,,,,,,,,,,,,,,,,
13301,20251014,-93.15,39.87,,,,,,,,,,,,,,,,,,,,,,,,,,,,
13301,20251015,-93.15,39.87,,,,,,,,,,,,,,,,,,,,,,,,,,,,
13301,20251016,-93.15,39.87,,,,,,,,,,,,,,,,,,,,,,,,,,,,
13301,20251017,-93.15,39.87,,,,,,,,,,,,,,,,,,,,,,,,,,,,
13301,20251018,-93.15,39.87,,,,,,,,,,,,,,,,,,,,,,,,,,,,
13301,20251019,-93.15,39.87,,,,,,,,,,,,,,,,,,,,,,,,,,,,
13301,20251020,-93.15,39.87,,,,,,,,,,,,,,,,,,,,,,,,,,,,
13301,20251021,-93.15,39.87,,,,,,,,,,,,,,,,,,,,,,,,,,,,
13301,20251022,-93.15,39.87,,,,,,,,,,,,,,,,,,,,,,,,,,,,
13301,20251023,-93.15,39.87,,,,,,,,,,,,,,,,,,,,,,,,,,,,
13301,20251024,-93.15,39.87,,,,,,,,,,,,,,,,,,,,,,,,,,,,
13301,20251025,-93.15,39.87,,,,,,,,,,,,,,,,,,,,,,,,,,,,
13301,20251026,-93.15,39.87,,,,,,,,,,,,,,,,,,,,,,,,,,,,
13301,20251027,-93.15,39.87,,,,,,,,,,,,,,,,,,,,,,,,,,,,
13301,20251028,-93.15,39.87,,,,,,,,,,,,,,,,,,,,,,,,,,,,
13301,20251029,-93.15,39.87,,,,,,,,,,,,,,,,,,,,,,,,,,,,
13301,20251030,-93.15,39.87,,,,,,,,,,,,,,,,,,,,,,,,,,,,
13301,20251031,-93.15,39.87,,,,,,,,,,,,,,,,,,,,,,,,,,,,
13301,20251101,-93.15,39.87,,,,,,,,,,,,,,,,,,,,,,,,,,,,
13301,20251102,-93.15,39.87,,,,,,,,,,,,,,,,,,,,,,,,,,,,
13301,20251103,-93.15,39.87,,,,,,,,,,,,,,,,,,,,,,,,,,,,
13301,20251104,-93.15,39.87,,,,,,,,,,,,,,,,,,,,,,,,,,,,
13301,20251105,-93.15,39.87,,,,,,,,,,,,,,,,,,,,,,,,,,,,
13301,20251106,-93.15,39.87,,,,,,,,,,,,,,,,,,,,,,,,,,,,
13301,20251107,-93.15,39.87,,,,,,,,,,,,,,,,,,,,,,,,,,,,
13301,20251108,-93.15,39.87,,,,,,,,,,,,,,,,,,,,,,,,,,,,
13301,20251109,-93.15,39.87,,,,,,,,,,,,,,,,,,,,,,,,,,,,
13301,20251110,-93.15,39.87,,,,,,,,,,,,,,,,,,,,,,,,,,,,
13301,20251111,-93.15,39.87,,,,,,,,,,,,,,,,,,,,,,,,,,,,
13301,20251112,-93.15,39.87,,,,,,,,,,,,,,,,,,,,,,,,,,,,
13301,20251113,-93.15,39.87,,,,,,,,,,,,,,,,,,,,,,,,,,,,
13301,20251114,-93.15,39.87,,,,,,,,,,,,,,,,,,,,,,,,,,,,
13301,20251115,-93.15,39.87,,,,,,,,,,,,,,,,,,,,,,,,,,,,
13301,20251116,-93.15,39.87,,,,,,,,,,,,,,,,,,,,,,,,,,,,
13301,20251117,-93.15,39.87,,,,,,,,,,,,,,,,,,,,,,,,,,,,
13301,20251118,-93.15,39.87,,,,,,,,,,,,,,,,,,,,,,,,,,,,
13301,20251119,-93.15,39.87,,,,,,,,,,,,,,,,,,,,,,,,,,,,
13301,20251120,-93.15,39.87,,,,,,,,,,,,,,,,,,,,,,,,,,,,
13301,20251121,-93.15,39.87,,,,,,,,,,,,,,,,,,,,,,,,,,,,
13301,20251122,-93.15,39.87,,,,,,,,,,,,,,,,,,,,,,,,,,,,
13301,20251123,-93.15,39.87,,,,,,,,,,,,,,,,,,,,,,,,,,,,
13301,20251124,-93.15,39.87,,,,,,,,,,,,,,,,,,,,,,,,,,,,
13301,20251125,-93.15,39.87,,,,,,,,,,,,,,,,,,,,,,,,,,,,
13301,20251126,-93.15,39.87,,,,,,,,,,,,,,,,,,,,,,,,,,,,
13301,20251127,-93.15,39.87,,,,,,,,,,,,,,,,,,,,,,,,,,,,
13301,20251128,-93.15,39.87,,,,,,,,,,,,,,,,,,,,,,,,,,,,
13301,20251129,-93.15,39.87,,,,,,,,,,,,,,,,,,,,,,,,,,,,
13301,20251130,-93.15,39.87,,,,,,,,,,,,,,,,,,,,,,,,,,,,
13301,20251201,-93.15,39.87,,,,,,,,,,,,,,,,,,,,,,,,,,,,
13301,20251202,-93.15,39.87,,,,,,,,,,,,,,,,,,,,,,,,,,,,
13301,20251203,-93.15,39.87,,,,,,,,,,,,,,,,,,,,,,,,,,,,
13301,20251204,-93.15,39.87,,,,,,,,,,,,,,,,,,,,,,,,,,,,
13301,20251205,-93.15,39.87,,,,,,,,,,,,,,,,,,,,,,,,,,,,
13301,20251206,-93.15,39.87,,,,,,,,,,,,,,,,,,,,,,,,,,,,
13301,20251207,-93.15,39.87,,,,,,,,,,,,,,,,,,,,,,,,,,,,
13301,20251208,-93.15,39.87,,,,,,,,,,,,,,,,,,,,,,,,,,,,
13301,20251209,-93.15,39.87,,,,,,,,,,,,,,,,,,,,,,,,,,,,
13301,20251210,-93.15,39.87,,,,,,,,,,,,,,,,,,,,,,,,,,,,
13301,20251211,-93.15,39.87,,,,,,,,,,,,,,,,,,,,,,,,,,,,
13301,20251212,-93.15,39.87,,,,,,,,,,,,,,,,,,,,,,,,,,,,
13301,20251213,-93.15,39.87,,,,,,,,,,,,,,,,,,,,,,,,,,,,
13301,20251214,-93.15,39.87,,,,,,,,,,,,,,,,,,,,,,,,,,,,
13301,20251215,-93.15,39.87,,,,,,,,,,,,,,,,,,,,,,,,,,,,
13301,20251216,-93.15,39.87,,,,,,,,,,,,,,,,,,,,,,,,,,,,
13301,20251217,-93.15,39.87,,,,,,,,,,,,,,,,,,,,,,,,,,,,
13301,20251218,-93.15,39.87,,,,,0.304,-0.32,0.28,0,0.387,-0.14,0,0,0.402,-0.2,0,0,0.379,,,,,,,,,,,
13301,20251219,-93.15,39.87,,,,,0.306,-0.31,0.28,0,0.392,-0.11,0,0,0.403,-0.21,0,0,0.38,,,,,,,,,,,
13301,20251220,-93.15,39.87,,,,,0.308,-0.31,0.262,0,0.394,-0.1,0,0,0.404,-0.23,0,0,0.38,,,,,,,,,,,
13301,20251221,-93.15,39.87,,,,,0.311,-0.31,0.262,0,0.395,-0.09,0,0,0.404,-0.24,0.042,0,0.38,,,,,,,,,,,
13301,20251222,-93.15,39.87,,,,,0.311,-0.33,0.405,0,0.396,-0.09,0,0,0.405,-0.26,0.167,0,0.381,,,,,,,,,,,
13301,20251223,-93.15,39.87,0.343,-0.18,0.183,0,0.312,-0.34,0.548,0,0.396,-0.09,0,0,0.405,-0.28,0.31,0,0.38,,,,0.328,-0.27,0.31,0,0.368,,,
13301,20251224,-93.15,39.87,0.347,-0.16,0.136,0,0.314,-0.34,0.661,0,0.397,-0.09,0,0,0.405,-0.3,0.452,0,0.38,,,,0.331,-0.26,0.389,0,0.369,,,
13301,20251225,-93.15,39.87,0.359,-0.09,0.024,0,0.317,-0.33,0.661,0,0.399,-0.09,0,0,0.405,-0.32,0.595,0,0.38,,,,0.338,-0.23,0.399,0,0.372,,,
13301,20251226,-93.15,39.87,0.359,-0.1,0.006,0,0.317,-0.34,0.786,0,0.395,-0.13,0,0,0.406,-0.34,0.738,0,0.38,,,,0.338,-0.24,0.5,0,0.371,,,
13301,20251227,-93.15,39.87,0.354,-0.16,0.006,0,0.318,-0.35,0.929,0,0.393,-0.15,0,0,0.406,-0.35,0.881,0,0.38,,,,0.336,-0.28,0.643,0,0.37,,,
13301,20251228,-93.15,39.87,0.353,-0.18,0.006,0,0.319,-0.35,0.988,0,0.394,-0.16,0,0,0.406,-0.37,0.982,0,0.38,,,,0.336,-0.29,0.768,0,0.37,,,
13301,20251229,-93.15,39.87,0.358,-0.15,0.006,0,0.327,-0.3,0.845,0,0.4,-0.13,0,0,0.409,-0.36,0.863,0,0.385,,,,0.342,-0.26,0.768,0,0.376,,,
13301,20251230,-93.15,39.87,0.365,-0.1,0,0,0.33,-0.29,0.804,0,0.404,-0.12,0,0,0.411,-0.35,0.72,0,0.391,,,,0.347,-0.23,0.655,0,0.38,,,
13301,20251231,-93.15,39.87,0.373,-0.05,0,0,0.332,-0.29,0.804,0,0.407,-0.11,0,0,0.413,-0.35,0.661,0,0.397,,,,0.352,-0.2,0.518,0,0.384,,,
13301,20260101,-93.15,39.87,0.375,-0.04,0.071,0,0.333,-0.29,0.804,0,0.409,-0.1,0,0,0.416,-0.34,0.649,0,0.403,,,,0.354,-0.2,0.5,0,0.387,,,
13301,20260102,-93.15,39.87,0.375,-0.05,0.101,0,0.334,-0.3,0.804,0,0.411,-0.1,0,0,0.418,-0.34,0.649,0,0.409,,,,0.355,-0.2,0.524,0,0.389,,,
13301,20260103,-93.15,39.87,0.376,-0.05,0.107,0,0.335,-0.3,0.804,0,0.412,-0.1,0,0,0.42,-0.33,0.649,0,0.415,,,,0.356,-0.2,0.524,0,0.392,,,
13301,20260104,-93.15,39.87,0.377,-0.04,0.119,0,0.336,-0.31,0.815,0,0.412,-0.11,0.018,0,0.422,-0.33,0.649,0,0.422,,,,0.357,-0.19,0.518,0,0.394,,,
13301,20260105,-93.15,39.87,0.371,-0.09,0.161,0,0.33,-0.36,0.958,0,0.407,-0.15,0.024,0,0.421,-0.34,0.786,0,0.423,,,,0.351,-0.24,0.643,0,0.391,,,
13301,20260106,-93.15,39.87,0.367,-0.13,0.173,0,0.329,-0.38,1,0,0.403,-0.19,0.071,0,0.421,-0.35,0.929,0,0.423,,,,0.348,-0.26,0.786,0,0.389,,,
13301,20260107,-93.15,39.87,0.363,-0.17,0.173,0,0.33,-0.38,1,0,0.402,-0.2,0.089,0,0.421,-0.36,0.988,0,0.424,,,,0.346,-0.28,0.929,0,0.388,,,
13301,20260108,-93.15,39.87,0.362,-0.18,0.101,0,0.331,-0.38,1,0,0.4,-0.22,0.119,0,0.421,-0.37,0.994,0,0.424,,,,0.347,-0.28,0.958,0,0.388,,,
13301,20260109,-93.15,39.87,0.369,-0.12,0.071,0,0.34,-0.32,0.893,0,0.401,-0.22,0.143,0,0.426,-0.34,0.887,0,0.425,,,,0.355,-0.22,0.845,0,0.392,,,
13301,20260110,-93.15,39.87,0.375,-0.07,0.065,0,0.35,-0.24,0.75,0,0.405,-0.19,0.155,0,0.435,-0.29,0.744,0,0.425,,,,0.363,-0.16,0.702,0,0.398,,,
13301,20260111,-93.15,39.87,0.38,-0.03,0.054,0,0.359,-0.17,0.607,0,0.411,-0.15,0.137,0,0.444,-0.23,0.601,0,0.425,,,,0.37,-0.1,0.583,0,0.404,,,
13301,20260112,-93.15,39.87,0.382,-0.02,0.012,0,0.367,-0.12,0.464,0,0.415,-0.12,0.131,0,0.454,-0.17,0.458,0,0.426,,,,0.374,-0.07,0.458,0,0.409,,,
13301,20260113,-93.15,39.87,0.384,0,0,0,0.373,-0.08,0.321,0,0.421,-0.08,0.083,0,0.463,-0.11,0.315,0,0.427,,,,0.379,-0.04,0.315,0,0.414,,,
13301,20260114,-93.15,39.87,0.387,0.02,0,0,0.379,-0.04,0.179,0,0.425,-0.05,0.065,0,0.472,-0.06,0.173,0,0.427,,,,0.383,-0.01,0.173,0,0.418,,,
13301,20260115,-93.15,39.87,0.39,0.04,0,0,0.385,0,0.036,0,0.43,-0.03,0.036,0,0.482,-0.02,0.036,0,0.428,,,,0.387,0.02,0.03,0,0.423,,,
13301,20260116,-93.15,39.87,0.39,0.03,0.012,0,0.381,-0.04,0,0,0.431,-0.02,0.012,0,0.486,-0.03,0,0,0.429,,,,0.385,-0.01,0.012,0,0.423,,,
13301,20260117,-93.15,39.87,0.385,-0.02,0.071,0,0.376,-0.08,0,0,0.429,-0.05,0,0,0.486,-0.09,0,0,0.429,,,,0.381,-0.06,0.089,0,0.421,,,
13301,20260118,-93.15,39.87,0.385,-0.03,0.076,0,0.371,-0.13,0.083,0,0.425,-0.09,0,0,0.486,-0.15,0,0,0.429,,,,0.378,-0.08,0.095,0,0.42,,,
13301,20260119,-93.15,39.87,,,,,0.37,-0.14,0.083,0,0.422,-0.13,0,0,0.486,-0.21,0,0,0.43,,,,,,,,,,,
13301,20260120,-93.15,39.87,,,,,0.367,-0.18,0.149,0,0.418,-0.16,0,0,0.487,-0.27,0,0,0.43,,,,,,,,,,,
13301,20260121,-93.15,39.87,,,,,0.358,-0.25,0.292,0,0.415,-0.19,0,0,0.487,-0.33,0,0,0.431,,,,,,,,,,,
13301,20260122,-93.15,39.87,,,,,0.351,-0.32,0.435,0,0.411,-0.23,0,0,0.487,-0.38,0,0,0.431,,,,,,,,,,,
13301,20260123,-93.15,39.87,,,,,0.344,-0.39,0.577,0,0.408,-0.25,0.012,0,0.487,-0.41,0,0,0.431,,,,,,,,,,,
13301,20260124,-93.15,39.87,,,,,0.339,-0.43,0.695,0,0.407,-0.26,0.048,0,0.487,-0.43,0,0,0.432,,,,,,,,,,,
13301,20260125,-93.15,39.87,,,,,,,,,0.409,-0.25,0.048,0,0.487,-0.44,0,0,0.432,,,,,,,,,,,
13301,20260126,-93.15,39.87,,,,,,,,,0.411,-0.24,0.048,0,0.488,-0.45,0,0,0.433,,,,,,,,,,,
13301,20260127,-93.15,39.87,,,,,,,,,0.412,-0.23,0.055,0,0.488,-0.46,0,0,0.433,,,,,,,,,,,
13301,20260128,-93.15,39.87,,,,,,,,,,,,,0.488,-0.47,0,0,0.433,,,,,,,,,,,
13301,20260129,-93.15,39.87,,,,,,,,,,,,,0.488,-0.47,0,0,0.433,,,,,,,,,,,
13301,20260130,-93.15,39.87,,,,,,,,,,,,,0.488,-0.48,0,0,0.434,,,,,,,,,,,
13301,20260131,-93.15,39.87,,,,,,,,,,,,,0.487,-0.48,0,0,0.434,,,,,,,,,,,
13301,20260201,-93.15,39.87,,,,,,,,,,,,,0.487,-0.48,0,0,0.434,,,,,,,,,,,
13301,20260202,-93.15,39.87,,,,,,,,,,,,,0.487,-0.49,0,0,0.434,,,,,,,,,,,
13301,20260203,-93.15,39.87,,,,,,,,,,,,,0.487,-0.49,0,0,0.434,,,,,,,,,,,
13301,20260204,-93.15,39.87,,,,,,,,,,,,,0.487,-0.49,0,0,0.434,,,,,,,,,,,
13301,20260205,-93.15,39.87,,,,,,,,,,,,,0.487,-0.49,0,0,0.435,,,,,,,,,,,
13301,20260206,-93.15,39.87,,,,,,,,,,,,,0.486,-0.5,0,0,0.434,,,,,,,,,,,
13301,20260207,-93.15,39.87,,,,,,,,,,,,,0.486,-0.51,0.024,0,0.434,,,,,,,,,,,
13301,20260208,-93.15,39.87,,,,,,,,,,,,,0.485,-0.52,0.095,0,0.434,,,,,,,,,,,
13301,20260209,-93.15,39.87,,,,,,,,,,,,,0.483,-0.54,0.232,0,0.434,,,,,,,,,,,
13301,20260210,-93.15,39.87,,,,,,,,,,,,,0.482,-0.56,0.375,0,0.434,,,,,,,,,,,
13301,20260211,-93.15,39.87,,,,,,,,,,,,,0.48,-0.58,0.518,0,0.434,,,,,,,,,,,
13301,20260212,-93.15,39.87,,,,,,,,,,,,,0.478,-0.6,0.661,0,0.434,,,,,,,,,,,
13301,20260213,-93.15,39.87,,,,,,,,,,,,,0.476,-0.63,0.804,0,0.434,,,,,,,,,,,
13301,20260214,-93.15,39.87,,,,,,,,,0.37,-1.12,1,0,0.473,-0.66,0.923,0,0.434,,,,,,,,,,,
13301,20260215,-93.15,39.87,0.337,-0.55,1,0,0.327,-1.01,1,0,0.373,-1.08,1,0,0.47,-0.7,0.994,0,0.434,,,,0.332,-0.81,1,0,0.389,,,
13301,20260216,-93.15,39.87,0.339,-0.53,1,0,0.331,-0.98,1,0,0.378,-1.03,1,0,0.467,-0.74,1,0,0.434,,,,0.335,-0.78,1,0,0.39,,,
13301,20260217,-93.15,39.87,0.342,-0.5,1,0,0.334,-0.95,1,0,0.384,-0.97,1,0,0.464,-0.78,1,0,0.434,,,,0.338,-0.74,1,0,0.392,,,
13301,20260218,-93.15,39.87,0.343,-0.49,1,0,0.338,-0.91,1,0,0.389,-0.91,1,0,0.462,-0.82,1,0,0.435,,,,0.341,-0.71,1,0,0.393,,,
13301,20260219,-93.15,39.87,0.343,-0.49,1,0,0.341,-0.88,1,0,0.394,-0.85,1,0,0.459,-0.86,1,0,0.435,,,,0.342,-0.69,1,0,0.394,,,
13301,20260220,-93.15,39.87,0.344,-0.48,1,0,0.344,-0.86,1,0,0.398,-0.8,1,0,0.457,-0.89,1,0,0.435,,,,0.344,-0.67,1,0,0.395,,,
13301,20260221,-93.15,39.87,0.345,-0.46,1,0,0.346,-0.83,1,0,0.399,-0.8,1,0,0.456,-0.91,1,0,0.435,,,,0.346,-0.64,1,0,0.396,,,
13301,20260222,-93.15,39.87,0.346,-0.46,0.988,0,0.347,-0.83,1,0,0.398,-0.82,1,0,0.455,-0.92,1,0,0.435,,,,0.347,-0.63,1,0,0.396,,,
13301,20260223,-93.15,39.87,0.347,-0.45,0.97,0,0.345,-0.85,1,0,0.397,-0.85,1,0,0.454,-0.93,1,0,0.436,,,,0.346,-0.63,1,0,0.396,,,
13301,20260224,-93.15,39.87,0.346,-0.45,0.97,0,0.342,-0.87,1,0,0.394,-0.89,1,0,0.453,-0.93,1,0,0.436,,,,0.344,-0.64,1,0,0.395,,,
13301,20260225,-93.15,39.87,0.341,-0.5,0.968,0,0.339,-0.9,1,0,0.391,-0.93,1,0,0.453,-0.93,1,0,0.436,,,,0.34,-0.68,1,0,0.392,,,
13301,20260226,-93.15,39.87,0.337,-0.53,0.968,0,0.336,-0.92,1,0,0.389,-0.97,1,0,0.453,-0.94,1,0,0.437,,,,0.337,-0.71,1,0,0.39,,,
13301,20260227,-93.15,39.87,0.335,-0.55,0.968,0,0.335,-0.94,1,0,0.387,-0.99,1,0,0.452,-0.95,1,0,0.437,,,,0.335,-0.72,1,0,0.389,,,
13301,20260228,-93.15,39.87,0.334,-0.56,0.968,0,0.333,-0.95,1,0,0.385,-1.01,1,0,0.452,-0.96,1,0,0.437,,,,0.334,-0.73,1,0,0.388,,,
13301,20260301,-93.15,39.87,0.331,-0.57,0.981,0,0.332,-0.96,1,0,0.384,-1.01,1,0,0.451,-0.98,1,0,0.437,,,,0.332,-0.74,1,0,0.387,,,
13301,20260302,-93.15,39.87,0.326,-0.61,1,0,0.332,-0.96,1,0,0.383,-1.02,1,0,0.451,-1.01,1,0,0.436,,,,0.329,-0.77,1,0,0.386,,,
13301,20260303,-93.15,39.87,0.325,-0.63,1,0,0.333,-0.95,1,0,0.383,-1.02,1,0,0.451,-1.03,1,0,0.436,,,,0.329,-0.77,1,0,0.385,,,
13301,20260304,-93.15,39.87,0.329,-0.59,1,0,0.335,-0.94,1,0,0.383,-1.03,1,0,0.45,-1.04,1,0,0.436,,,,0.332,-0.74,1,0,0.387,,,
13301,20260305,-93.15,39.87,0.332,-0.57,1,0,0.336,-0.93,1,0,0.384,-1.02,1,0,0.45,-1.05,1,0,0.436,,,,0.334,-0.72,1,0,0.388,,,
13301,20260306,-93.15,39.87,0.334,-0.56,1,0,0.338,-0.92,1,0,0.385,-1.01,1,0,0.45,-1.06,1,0,0.437,,,,0.336,-0.71,1,0,0.389,,,
13301,20260307,-93.15,39.87,0.344,-0.49,0.887,0.024,0.346,-0.85,0.952,0,0.391,-0.96,0.952,0,0.452,-1.05,1,0,0.437,,,,0.345,-0.64,0.94,0,0.394,,,
13301,20260308,-93.15,39.87,0.359,-0.37,0.744,0.048,0.363,-0.69,0.81,0,0.401,-0.85,0.81,0,0.457,-1,1,0,0.437,,,,0.361,-0.5,0.798,0,0.404,,,
13301,20260309,-93.15,39.87,0.371,-0.28,0.601,0.048,0.375,-0.58,0.667,0,0.41,-0.75,0.679,0,0.462,-0.95,1,0,0.438,,,,0.373,-0.4,0.655,0,0.411,,,
13301,20260310,-93.15,39.87,0.38,-0.22,0.461,0.048,0.383,-0.5,0.569,0,0.419,-0.67,0.629,0,0.468,-0.9,1,0,0.438,,,,0.381,-0.33,0.515,0,0.417,,,
13301,20260311,-93.15,39.87,0.388,-0.16,0.317,0.048,0.392,-0.42,0.533,0,0.426,-0.59,0.605,0,0.473,-0.86,1,0,0.438,,,,0.39,-0.26,0.371,0,0.424,,,
13301,20260312,-93.15,39.87,0.403,-0.05,0.174,0.048,0.407,-0.29,0.389,0,0.437,-0.48,0.461,0,0.479,-0.8,1,0,0.438,,,,0.405,-0.15,0.228,0,0.433,,,
13301,20260313,-93.15,39.87,0.414,0.02,0.03,0.048,0.418,-0.19,0.246,0,0.445,-0.41,0.413,0,0.485,-0.76,1,0,0.439,,,,0.416,-0.07,0.084,0,0.44,,,
13301,20260314,-93.15,39.87,0.415,0.01,0,0.024,0.419,-0.19,0.263,0,0.447,-0.4,0.461,0,0.489,-0.72,1,0,0.439,,,,0.417,-0.08,0,0,0.442,,,
13301,20260315,-93.15,39.87,0.409,-0.05,0,0,0.41,-0.29,0.407,0,0.443,-0.47,0.605,0,0.489,-0.73,1,0,0.439,,,,0.41,-0.16,0.084,0,0.438,,,
13301,20260316,-93.15,39.87,0.407,-0.08,0,0,0.405,-0.35,0.551,0,0.441,-0.52,0.737,0,0.489,-0.73,1,0,0.439,,,,0.406,-0.21,0.228,0,0.436,,,
13301,20260317,-93.15,39.87,0.405,-0.11,0.06,0,0.401,-0.4,0.649,0,0.438,-0.58,0.786,0,0.489,-0.73,1,0,0.439,,,,0.403,-0.24,0.369,0,0.435,,,
13301,20260318,-93.15,39.87,0.402,-0.15,0.202,0,0.396,-0.45,0.685,0,0.435,-0.65,0.81,0,0.489,-0.73,1,0,0.439,,,,0.399,-0.29,0.512,0,0.432,,,
13301,20260319,-93.15,39.87,0.393,-0.22,0.333,0,0.386,-0.56,0.827,0,0.428,-0.75,0.952,0,0.489,-0.74,1,0,0.439,,,,0.39,-0.38,0.655,0,0.427,,,
13301,20260320,-93.15,39.87,0.389,-0.27,0.458,0,0.38,-0.62,0.97,0,0.424,-0.82,1,0,0.489,-0.74,1,0,0.439,,,,0.385,-0.43,0.798,0,0.424,,,
13301,20260321,-93.15,39.87,0.387,-0.29,0.601,0,0.378,-0.65,1,0,0.421,-0.89,1,0,0.489,-0.74,1,0,0.439,,,,0.382,-0.47,0.94,0,0.423,,,
13301,20260322,-93.15,39.87,0.385,-0.32,0.744,0,0.376,-0.67,1,0,0.42,-0.94,1,0,0.489,-0.74,1,0,0.439,,,,0.38,-0.49,1,0,0.422,,,
13301,20260323,-93.15,39.87,0.382,-0.35,0.887,0,0.374,-0.69,1,0,0.418,-0.99,1,0,0.489,-0.75,1,0,0.439,,,,0.378,-0.52,1,0,0.421,,,
13301,20260324,-93.15,39.87,0.38,-0.38,0.97,0,0.373,-0.71,1,0,0.417,-1.04,1,0,0.489,-0.75,1,0,0.439,,,,0.377,-0.54,1,0,0.42,,,
13301,20260325,-93.15,39.87,0.378,-0.41,0.97,0,0.372,-0.72,1,0,0.416,-1.09,1,0,0.49,-0.75,1,0,0.439,,,,0.375,-0.57,1,0,0.419,,,
13301,20260326,-93.15,39.87,0.374,-0.45,0.982,0,0.37,-0.75,1,0,0.415,-1.13,1,0,0.49,-0.75,1,0,0.439,,,,0.372,-0.61,1,0,0.418,,,
13301,20260327,-93.15,39.87,0.371,-0.49,1,0,0.367,-0.78,1,0,0.414,-1.17,1,0,0.49,-0.75,1,0,0.439,,,,0.369,-0.64,1,0,0.416,,,
13301,20260328,-93.15,39.87,0.37,-0.5,1,0,0.367,-0.79,1,0,0.413,-1.19,1,0,0.49,-0.75,1,0,0.439,,,,0.368,-0.65,1,0,0.416,,,
13301,20260329,-93.15,39.87,0.369,-0.52,1,0,0.366,-0.79,1,0,0.413,-1.21,1,0,0.49,-0.74,1,0,0.44,,,,0.367,-0.65,1,0,0.415,,,
13301,20260330,-93.15,39.87,0.368,-0.53,1,0,0.365,-0.79,1,0,0.412,-1.21,1,0,0.49,-0.74,1,0,0.44,,,,0.366,-0.66,1,0,0.415,,,
13301,20260331,-93.15,39.87,0.367,-0.54,1,0,0.365,-0.78,1,0,0.412,-1.2,1,0,0.49,-0.73,1,0,0.44,,,,0.366,-0.66,1,0,0.415,,,
13301,20260401,-93.15,39.87,0.369,-0.53,0.976,0.018,0.367,-0.74,0.976,0,0.414,-1.15,1,0,0.49,-0.72,1,0,0.44,,,,0.368,-0.62,0.976,0.018,0.416,,,
13301,20260402,-93.15,39.87,0.389,-0.33,0.833,0.161,0.384,-0.55,0.833,0.095,0.423,-0.99,0.875,0,0.49,-0.72,1,0,0.44,,,,0.387,-0.43,0.833,0.161,0.425,,,
13301,20260403,-93.15,39.87,0.409,-0.13,0.69,0.304,0.401,-0.36,0.69,0.238,0.432,-0.83,0.732,0,0.49,-0.71,1,0,0.44,,,,0.405,-0.23,0.69,0.304,0.435,,,
13301,20260404,-93.15,39.87,0.424,0.02,0.548,0.446,0.417,-0.19,0.548,0.375,0.441,-0.67,0.589,0,0.49,-0.7,1,0,0.441,,,,0.421,-0.07,0.548,0.446,0.443,,,
13301,20260405,-93.15,39.87,0.436,0.14,0.405,0.5,0.43,-0.04,0.405,0.375,0.449,-0.52,0.446,0,0.491,-0.69,1,0,0.441,,,,0.433,0.07,0.405,0.452,0.449,,,
13301,20260406,-93.15,39.87,0.445,0.24,0.262,0.5,0.438,0.07,0.262,0.375,0.456,-0.38,0.304,0,0.491,-0.68,1,0,0.441,,,,0.442,0.17,0.262,0.452,0.454,,,
13301,20260407,-93.15,39.87,0.453,0.32,0.119,0.5,0.444,0.15,0.119,0.375,0.462,-0.26,0.25,0,0.491,-0.67,1,0,0.441,,,,0.448,0.25,0.119,0.452,0.458,,,
13301,20260408,-93.15,39.87,0.457,0.38,0,0.482,0.446,0.19,0.006,0.375,0.465,-0.18,0.25,0,0.491,-0.66,1,0,0.441,,,,0.452,0.3,0,0.435,0.46,,,
13301,20260409,-93.15,39.87,0.442,0.24,0,0.339,0.433,0.08,0.143,0.28,0.46,-0.21,0.375,0,0.491,-0.66,1,0,0.441,,,,0.438,0.18,0,0.292,0.453,,,
13301,20260410,-93.15,39.87,0.429,0.13,0,0.232,0.421,-0.02,0.244,0.137,0.454,-0.26,0.488,0,0.491,-0.65,1,0,0.441,,,,0.425,0.07,0.012,0.179,0.447,,,
13301,20260411,-93.15,39.87,0.425,0.11,0,0.232,0.417,-0.03,0.244,0.131,0.453,-0.25,0.488,0,0.491,-0.65,1,0,0.441,,,,0.421,0.06,0.012,0.179,0.445,,,
13301,20260412,-93.15,39.87,0.425,0.13,0,0.321,0.416,-0.01,0.244,0.274,0.452,-0.24,0.488,0,0.491,-0.64,1,0,0.441,,,,0.42,0.07,0.012,0.315,0.445,,,
13301,20260413,-93.15,39.87,0.431,0.22,0,0.464,0.421,0.08,0.244,0.411,0.453,-0.2,0.488,0,0.491,-0.63,1,0,0.441,,,,0.426,0.16,0.012,0.458,0.448,,,
13301,20260414,-93.15,39.87,0.441,0.34,0,0.607,0.43,0.21,0.244,0.554,0.457,-0.13,0.399,0,0.491,-0.63,1,0,0.442,,,,0.436,0.29,0.012,0.601,0.452,,,
13301,20260415,-93.15,39.87,0.45,0.45,0,0.75,0.439,0.33,0.238,0.696,0.462,-0.05,0.256,0,0.49,-0.62,1,0,0.442,,,,0.444,0.4,0.012,0.744,0.457,,,
13301,20260416,-93.15,39.87,0.463,0.6,0,0.893,0.45,0.48,0.101,0.839,0.469,0.05,0.113,0.071,0.491,-0.62,1,0,0.442,,,,0.456,0.56,0.012,0.887,0.463,,,
13301,20260417,-93.15,39.87,0.475,0.74,0,1,0.46,0.61,0,0.982,0.476,0.16,0,0.161,0.491,-0.61,1,0,0.442,,,,0.467,0.7,0,1,0.469,,,
13301,20260418,-93.15,39.87,0.48,0.8,0,1,0.461,0.66,0,0.994,0.478,0.21,0,0.292,0.491,-0.6,1,0,0.442,,,,0.47,0.76,0,1,0.47,,,
13301,20260419,-93.15,39.87,0.484,0.86,0,1,0.463,0.7,0,0.994,0.482,0.26,0,0.435,0.491,-0.59,0.982,0,0.442,,,,0.473,0.81,0,1,0.472,,,
13301,20260420,-93.15,39.87,0.481,0.83,0,1,0.46,0.68,0,0.982,0.482,0.29,0,0.44,0.491,-0.58,0.94,0,0.442,,,,0.471,0.79,0,1,0.471,,,
13301,20260421,-93.15,39.87,0.474,0.76,0,1,0.453,0.62,0,0.839,0.481,0.28,0,0.44,0.491,-0.56,0.875,0,0.442,,,,0.463,0.73,0,0.935,0.468,,,
13301,20260422,-93.15,39.87,0.466,0.7,0,0.869,0.446,0.55,0,0.696,0.476,0.24,0,0.44,0.491,-0.54,0.786,0,0.443,,,,0.456,0.66,0,0.792,0.464,,,
13301,20260423,-93.15,39.87,0.455,0.6,0,0.726,0.437,0.45,0,0.554,0.47,0.18,0,0.369,0.491,-0.53,0.685,0,0.443,,,,0.446,0.56,0,0.649,0.459,,,
13301,20260424,-93.15,39.87,0.445,0.5,0,0.631,0.43,0.38,0,0.458,0.464,0.13,0,0.286,0.49,-0.51,0.565,0,0.443,,,,0.437,0.47,0,0.554,0.454,,,
13301,20260425,-93.15,39.87,0.443,0.49,0,0.631,0.431,0.39,0,0.458,0.463,0.13,0,0.28,0.49,-0.5,0.429,0,0.443,,,,0.437,0.46,0,0.554,0.454,,,
13301,20260426,-93.15,39.87,0.439,0.46,0,0.631,0.429,0.38,0,0.458,0.46,0.11,0,0.196,0.49,-0.49,0.304,0,0.443,,,,0.434,0.44,0,0.554,0.452,,,
13301,20260427,-93.15,39.87,0.439,0.47,0,0.631,0.429,0.39,0,0.476,0.459,0.11,0,0.256,0.49,-0.48,0.202,0,0.443,,,,0.434,0.45,0,0.554,0.452,,,
13301,20260428,-93.15,39.87,0.448,0.56,0,0.631,0.436,0.47,0,0.619,0.462,0.15,0,0.399,0.49,-0.47,0.125,0,0.443,,,,0.442,0.54,0,0.619,0.456,,,
13301,20260429,-93.15,39.87,0.458,0.66,0,0.762,0.445,0.57,0,0.762,0.468,0.23,0,0.542,0.49,-0.46,0.071,0,0.443,,,,0.452,0.63,0,0.762,0.461,,,
13301,20260430,-93.15,39.87,0.466,0.73,0,0.905,0.453,0.65,0,0.905,0.473,0.3,0,0.685,0.49,-0.44,0.03,0,0.443,,,,0.46,0.71,0,0.905,0.465,,,
13301,20260501,-93.15,39.87,0.469,0.76,0,1,0.455,0.68,0,1,0.476,0.35,0,0.815,0.49,-0.43,0.006,0,0.443,,,,0.462,0.74,0,1,0.467,,,
13301,20260502,-93.15,39.87,0.462,0.71,0,1,0.448,0.61,0,0.893,0.474,0.33,0,0.708,0.49,-0.41,0,0,0.443,,,,0.455,0.68,0,1,0.463,,,
13301,20260503,-93.15,39.87,0.456,0.66,0,1,0.441,0.55,0,0.75,0.47,0.3,0,0.649,0.49,-0.39,0,0,0.443,,,,0.448,0.63,0,0.982,0.46,,,
13301,20260504,-93.15,39.87,0.449,0.61,0,0.899,0.435,0.49,0,0.607,0.465,0.26,0,0.583,0.49,-0.38,0,0,0.443,,,,0.442,0.58,0,0.845,0.456,,,
13301,20260505,-93.15,39.87,0.433,0.49,0,0.756,0.424,0.4,0,0.464,0.458,0.19,0,0.44,0.489,-0.36,0,0,0.443,,,,0.429,0.47,0,0.702,0.45,,,
13301,20260506,-93.15,39.87,0.418,0.37,0,0.613,0.413,0.3,0,0.321,0.45,0.12,0,0.298,0.488,-0.35,0.012,0,0.443,,,,0.415,0.36,0,0.56,0.442,,,
13301,20260507,-93.15,39.87,0.403,0.26,0,0.47,0.403,0.21,0,0.179,0.443,0.05,0,0.155,0.488,-0.35,0.036,0,0.443,,,,0.403,0.26,0,0.417,0.436,,,
13301,20260508,-93.15,39.87,0.388,0.16,0,0.327,0.395,0.15,0,0.036,0.436,-0.01,0,0.018,0.488,-0.35,0.071,0,0.443,,,,0.392,0.17,0,0.274,0.43,,,
13301,20260509,-93.15,39.87,0.374,0.06,0,0.185,0.389,0.1,0,0,0.431,-0.05,0,0,0.487,-0.35,0.131,0,0.443,,,,0.382,0.09,0,0.131,0.425,,,
13301,20260510,-93.15,39.87,0.36,-0.04,0,0.042,0.384,0.06,0,0,0.427,-0.09,0,0,0.487,-0.35,0.179,0,0.443,,,,0.372,0.01,0,0.006,0.42,,,
13301,20260511,-93.15,39.87,0.344,-0.14,0.095,0,0.379,0.02,0,0,0.423,-0.13,0,0,0.487,-0.35,0.232,0,0.443,,,,0.362,-0.07,0,0,0.415,,,
13301,20260512,-93.15,39.87,0.327,-0.24,0.238,0,0.374,-0.02,0,0,0.418,-0.17,0,0,0.487,-0.34,0.256,0,0.443,,,,0.35,-0.15,0.048,0,0.41,,,
13301,20260513,-93.15,39.87,0.309,-0.36,0.381,0,0.367,-0.07,0,0,0.413,-0.21,0,0,0.487,-0.33,0.244,0,0.443,,,,0.338,-0.24,0.19,0,0.404,,,
13301,20260514,-93.15,39.87,0.29,-0.47,0.524,0,0.36,-0.13,0,0,0.408,-0.25,0,0,0.487,-0.32,0.22,0,0.443,,,,0.325,-0.33,0.333,0,0.397,,,
13301,20260515,-93.15,39.87,0.271,-0.59,0.667,0,0.351,-0.2,0.089,0,0.401,-0.3,0.131,0,0.487,-0.3,0.185,0,0.443,,,,0.311,-0.42,0.476,0,0.391,,,
13301,20260516,-93.15,39.87,0.252,-0.7,0.81,0,0.341,-0.27,0.232,0,0.393,-0.36,0.274,0,0.487,-0.27,0.125,0,0.443,,,,0.296,-0.52,0.619,0,0.383,,,
13301,20260517,-93.15,39.87,0.261,-0.65,0.833,0.065,0.343,-0.26,0.256,0.065,0.393,-0.36,0.345,0,0.487,-0.24,0.077,0,0.443,,,,0.302,-0.49,0.643,0.065,0.385,,,
13301,20260518,-93.15,39.87,0.287,-0.5,0.738,0.208,0.357,-0.17,0.256,0.208,0.401,-0.3,0.345,0,0.488,-0.2,0.024,0,0.443,,,,0.322,-0.36,0.643,0.208,0.395,,,
13301,20260519,-93.15,39.87,0.318,-0.32,0.595,0.351,0.372,-0.07,0.256,0.351,0.412,-0.22,0.345,0,0.488,-0.16,0,0,0.443,,,,0.345,-0.21,0.595,0.351,0.407,,,
13301,20260520,-93.15,39.87,0.352,-0.12,0.452,0.494,0.39,0.05,0.256,0.494,0.424,-0.13,0.345,0,0.489,-0.12,0,0,0.443,,,,0.371,-0.05,0.452,0.494,0.419,,,
13301,20260521,-93.15,39.87,0.387,0.08,0.31,0.637,0.408,0.17,0.256,0.637,0.437,-0.04,0.345,0,0.489,-0.09,0,0,0.443,,,,0.397,0.13,0.31,0.637,0.433,,,
13301,20260522,-93.15,39.87,0.421,0.29,0.167,0.78,0.426,0.29,0.167,0.78,0.449,0.05,0.214,0,0.49,-0.07,0,0,0.443,,,,0.423,0.3,0.167,0.78,0.446,,,
13301,20260523,-93.15,39.87,0.456,0.49,0.024,0.923,0.444,0.42,0.024,0.893,0.463,0.15,0.071,0,0.491,-0.05,0,0,0.444,,,,0.45,0.47,0.024,0.923,0.459,,,
13301,20260524,-93.15,39.87,0.463,0.54,0,0.905,0.448,0.45,0,0.833,0.469,0.2,0,0,0.491,-0.04,0,0,0.444,,,,0.456,0.51,0,0.911,0.463,,,
13301,20260525,-93.15,39.87,0.452,0.48,0,0.762,0.439,0.4,0,0.69,0.464,0.17,0,0,0.49,-0.05,0,0,0.444,,,,0.446,0.45,0,0.768,0.458,,,
13301,20260526,-93.15,39.87,0.436,0.4,0,0.619,0.428,0.33,0,0.548,0.458,0.13,0,0,0.49,-0.05,0,0,0.444,,,,0.432,0.37,0,0.625,0.451,,,
13301,20260527,-93.15,39.87,0.416,0.29,0,0.476,0.417,0.26,0,0.405,0.452,0.09,0,0,0.489,-0.06,0,0,0.444,,,,0.416,0.28,0,0.482,0.443,,,
13301,20260528,-93.15,39.87,0.395,0.18,0,0.333,0.405,0.18,0,0.262,0.445,0.05,0,0,0.488,-0.06,0,0,0.443,,,,0.4,0.18,0,0.339,0.435,,,
13301,20260529,-93.15,39.87,0.373,0.07,0,0.19,0.394,0.11,0,0.119,0.438,0,0,0,0.488,-0.07,0,0,0.443,,,,0.384,0.09,0,0.196,0.427,,,
13301,20260530,-93.15,39.87,0.351,-0.05,0,0.048,0.384,0.05,0,0.006,0.43,-0.05,0,0,0.488,-0.08,0,0,0.443,,,,0.368,-0.01,0,0.054,0.419,,,
13301,20260531,-93.15,39.87,0.344,-0.09,0,0,0.379,0.02,0,0,0.424,-0.1,0,0,0.487,-0.08,0,0,0.443,,,,0.361,-0.04,0,0,0.415,,,
13301,20260601,-93.15,39.87,0.341,-0.1,0,0,0.376,0,0,0,0.418,-0.13,0,0,0.487,-0.09,0,0,0.443,,,,0.358,-0.06,0,0,0.413,,,
13301,20260602,-93.15,39.87,0.343,-0.08,0,0,0.376,0,0,0,0.414,-0.16,0,0,0.487,-0.09,0,0,0.443,,,,0.359,-0.05,0,0,0.412,,,
13301,20260603,-93.15,39.87,0.344,-0.07,0,0,0.375,-0.01,0,0,0.409,-0.19,0,0,0.487,-0.1,0,0,0.443,,,,0.359,-0.05,0,0,0.412,,,
13301,20260604,-93.15,39.87,0.345,-0.06,0,0,0.373,-0.01,0,0,0.405,-0.22,0,0,0.487,-0.1,0,0,0.443,,,,0.359,-0.04,0,0,0.411,,,
13301,20260605,-93.15,39.87,0.347,-0.04,0,0.012,0.373,-0.01,0,0.012,0.401,-0.24,0,0,0.487,-0.09,0,0,0.443,,,,0.36,-0.03,0,0.012,0.41,,,
13301,20260606,-93.15,39.87,0.369,0.08,0,0.155,0.386,0.07,0,0.155,0.409,-0.18,0,0,0.488,-0.09,0,0,0.443,,,,0.377,0.08,0,0.155,0.419,,,
13301,20260607,-93.15,39.87,0.374,0.12,0,0.202,0.392,0.11,0,0.185,0.416,-0.13,0,0,0.488,-0.09,0,0,0.443,,,,0.383,0.12,0,0.202,0.422,,,
13301,20260608,-93.15,39.87,0.381,0.16,0,0.268,0.398,0.15,0,0.244,0.423,-0.07,0,0,0.489,-0.09,0,0,0.443,,,,0.39,0.16,0,0.268,0.427,,,
13301,20260609,-93.15,39.87,0.388,0.21,0,0.411,0.405,0.2,0,0.387,0.432,-0.01,0,0,0.489,-0.09,0,0,0.443,,,,0.397,0.21,0,0.411,0.431,,,
13301,20260610,-93.15,39.87,0.396,0.26,0,0.446,0.412,0.24,0,0.423,0.439,0.05,0,0,0.49,-0.09,0,0,0.442,,,,0.404,0.26,0,0.464,0.436,,,
13301,20260611,-93.15,39.87,0.418,0.38,0,0.571,0.425,0.32,0,0.548,0.452,0.13,0,0.119,0.49,-0.09,0,0,0.443,,,,0.421,0.37,0,0.589,0.446,,,
13301,20260612,-93.15,39.87,0.443,0.51,0,0.702,0.439,0.41,0,0.679,0.466,0.22,0,0.262,0.491,-0.09,0,0,0.443,,,,0.441,0.49,0,0.72,0.456,,,
13301,20260613,-93.15,39.87,0.447,0.54,0,0.702,0.441,0.42,0,0.679,0.47,0.24,0,0.369,0.491,-0.1,0,0,0.443,,,,0.444,0.51,0,0.72,0.458,,,
13301,20260614,-93.15,39.87,0.456,0.59,0,0.798,0.447,0.46,0,0.792,0.474,0.27,0,0.476,0.491,-0.11,0.006,0,0.443,,,,0.452,0.56,0,0.815,0.462,,,
13301,20260615,-93.15,39.87,0.46,0.61,0,0.875,0.451,0.49,0,0.875,0.478,0.29,0,0.56,0.491,-0.11,0.048,0,0.443,,,,0.456,0.59,0,0.893,0.465,,,
13301,20260616,-93.15,39.87,0.459,0.61,0,0.875,0.449,0.48,0,0.875,0.477,0.28,0,0.56,0.491,-0.12,0.107,0,0.443,,,,0.454,0.58,0,0.893,0.464,,,
13301,20260617,-93.15,39.87,0.458,0.61,0,0.911,0.449,0.48,0,0.863,0.477,0.28,0,0.56,0.491,-0.13,0.196,0,0.443,,,,0.453,0.59,0,0.976,0.464,,,
13301,20260618,-93.15,39.87,0.443,0.54,0,0.786,0.441,0.44,0,0.738,0.47,0.25,0,0.44,0.491,-0.14,0.315,0,0.443,,,,0.442,0.53,0,0.851,0.458,,,
13301,20260619,-93.15,39.87,0.423,0.44,0,0.643,0.431,0.39,0,0.595,0.462,0.2,0,0.298,0.491,-0.15,0.417,0,0.443,,,,0.427,0.45,0,0.708,0.45,,,
13301,20260620,-93.15,39.87,0.405,0.35,0,0.5,0.421,0.34,0,0.452,0.454,0.16,0,0.19,0.49,-0.16,0.5,0,0.443,,,,0.413,0.38,0,0.565,0.443,,,
13301,20260621,-93.15,39.87,0.382,0.23,0,0.357,0.409,0.27,0,0.31,0.445,0.11,0,0.083,0.49,-0.17,0.518,0,0.443,,,,0.396,0.28,0,0.423,0.434,,,
13301,20260622,-93.15,39.87,0.385,0.26,0,0.357,0.41,0.28,0,0.31,0.445,0.12,0,0.131,0.49,-0.17,0.476,0,0.443,,,,0.398,0.3,0,0.423,0.435,,,
13301,20260623,-93.15,39.87,0.388,0.28,0,0.357,0.413,0.31,0,0.31,0.447,0.13,0,0.167,0.49,-0.17,0.417,0,0.443,,,,0.4,0.33,0,0.423,0.436,,,
13301,20260624,-93.15,39.87,0.386,0.28,0,0.356,0.414,0.31,0,0.356,0.447,0.13,0,0.188,0.49,-0.17,0.369,0,0.443,,,,0.4,0.33,0,0.356,0.436,,,
