WBANNO,USDM_WEEK,LONGITUDE,LATITUDE,SMVWC_5_CM_MEAN,SMANOM_5_CM_MEAN,SMPERC_5_CM_30COUNTS,SMPERC_5_CM_70COUNTS,SMVWC_10_CM_MEAN,SMANOM_10_CM_MEAN,SMPERC_10_CM_30COUNTS,SMPERC_10_CM_70COUNTS,SMVWC_20_CM_MEAN,SMANOM_20_CM_MEAN,SMPERC_20_CM_30COUNTS,SMPERC_20_CM_70COUNTS,SMVWC_50_CM_MEAN,SMANOM_50_CM_MEAN,SMPERC_50_CM_30COUNTS,SMPERC_50_CM_70COUNTS,SMVWC_100_CM_MEAN,SMANOM_100_CM_MEAN,SMPERC_100_CM_30COUNTS,SMPERC_100_CM_70COUNTS,SMVWC_TOP_CM_MEAN,SMANOM_TOP_CM_MEAN,SMPERC_TOP_CM_30COUNTS,SMPERC_TOP_CM_70COUNTS,SMVWC_COLUMN_CM_MEAN,SMANOM_COLUMN_CM_MEAN,SMPERC_COLUMN_CM_30COUNTS,SMPERC_COLUMN_CM_70COUNTS
94996,20090604,-96.85,40.7,,,,,,,,,,,,,,,,,,,,,,,,,,,,
94996,20090605,-96.85,40.7,,,,,,,,,,,,,,,,,,,,,,,,,,,,
94996,20090606,-96.85,40.7,,,,,,,,,,,,,,,,,,,,,,,,,,,,
94996,20090607,-96.85,40.7,,,,,,,,,,,,,,,,,,,,,,,,,,,,
94996,20090608,-96.85,40.7,,,,,,,,,,,,,,,,,,,,,,,,,,,,
94996,20090609,-96.85,40.7,0.293,0.08,0,0.081,0.277,-0.22,0.452,0.259,0.239,-0.57,0.637,0,0.314,0.05,0,0,0.382,0.39,0,0.548,0.285,-0.09,0.444,0.044,0.301,-0.07,0,0
94996,20090610,-96.85,40.7,0.297,0.11,0,0.069,0.289,-0.14,0.384,0.22,0.244,-0.54,0.541,0,0.314,0.06,0,0,0.38,0.38,0,0.465,0.293,-0.03,0.377,0.038,0.305,-0.03,0,0
94996,20090611,-96.85,40.7,0.301,0.15,0,0.065,0.309,0.01,0.274,0.226,0.251,-0.5,0.423,0,0.314,0.07,0,0,0.377,0.36,0,0.369,0.305,0.06,0.268,0.036,0.311,0.02,0,0
94996,20090612,-96.85,40.7,0.307,0.2,0,0.065,0.334,0.19,0.131,0.232,0.259,-0.45,0.28,0,0.314,0.08,0,0,0.374,0.35,0,0.256,0.321,0.17,0.125,0.036,0.318,0.09,0,0
94996,20090613,-96.85,40.7,0.314,0.27,0,0.065,0.356,0.35,0,0.238,0.268,-0.4,0.137,0,0.314,0.09,0,0,0.372,0.34,0,0.196,0.335,0.28,0,0.036,0.325,0.16,0,0
94996,20090614,-96.85,40.7,0.312,0.27,0,0.036,0.358,0.37,0,0.262,0.276,-0.35,0,0,0.314,0.1,0,0,0.37,0.35,0,0.244,0.335,0.3,0,0.024,0.326,0.18,0,0
94996,20090615,-96.85,40.7,0.304,0.24,0,0,0.356,0.36,0,0.19,0.28,-0.32,0,0,0.314,0.1,0,0,0.368,0.35,0,0.363,0.33,0.28,0,0.012,0.324,0.18,0,0
94996,20090616,-96.85,40.7,0.302,0.26,0,0.054,0.356,0.37,0,0.179,0.285,-0.27,0,0,0.314,0.11,0,0,0.367,0.36,0,0.506,0.329,0.3,0,0.054,0.325,0.2,0,0.036
94996,20090617,-96.85,40.7,0.308,0.32,0,0.196,0.361,0.42,0,0.321,0.302,-0.17,0,0.042,0.314,0.11,0,0,0.366,0.37,0,0.649,0.335,0.36,0,0.196,0.33,0.26,0,0.179
94996,20090618,-96.85,40.7,0.311,0.36,0,0.339,0.365,0.46,0,0.446,0.318,-0.07,0,0.095,0.315,0.12,0,0.006,0.365,0.38,0,0.774,0.338,0.41,0,0.339,0.335,0.31,0,0.321
94996,20090619,-96.85,40.7,0.312,0.39,0,0.387,0.367,0.49,0,0.583,0.333,0.02,0,0.125,0.316,0.14,0,0.042,0.365,0.39,0,0.887,0.339,0.45,0,0.482,0.338,0.35,0,0.423
94996,20090620,-96.85,40.7,0.314,0.42,0,0.494,0.369,0.51,0,0.72,0.346,0.11,0,0.125,0.316,0.15,0,0.155,0.364,0.39,0,0.958,0.341,0.49,0,0.625,0.342,0.4,0,0.536
94996,20090621,-96.85,40.7,0.32,0.48,0,0.637,0.372,0.55,0,0.821,0.361,0.21,0,0.149,0.318,0.17,0,0.28,0.364,0.39,0,0.982,0.346,0.54,0,0.768,0.347,0.45,0,0.679
94996,20090622,-96.85,40.7,0.33,0.56,0,0.78,0.379,0.61,0,0.917,0.382,0.33,0,0.292,0.323,0.21,0,0.423,0.363,0.39,0,0.994,0.354,0.62,0,0.911,0.355,0.54,0,0.821
94996,20090623,-96.85,40.7,0.331,0.57,0,0.851,0.382,0.64,0,1,0.398,0.43,0,0.435,0.332,0.27,0,0.565,0.363,0.39,0,0.982,0.356,0.64,0,1,0.361,0.61,0,0.929
94996,20090624,-96.85,40.7,0.323,0.52,0,0.708,0.379,0.63,0,1,0.401,0.45,0,0.536,0.341,0.34,0,0.708,0.363,0.4,0,0.982,0.351,0.61,0,0.952,0.361,0.62,0,0.929
94996,20090625,-96.85,40.7,0.319,0.49,0,0.565,0.376,0.62,0,1,0.403,0.47,0,0.613,0.35,0.4,0,0.845,0.362,0.4,0,0.982,0.348,0.59,0,0.851,0.362,0.64,0,0.929
94996,20090626,-96.85,40.7,0.315,0.47,0,0.518,0.372,0.6,0,0.929,0.404,0.48,0,0.589,0.359,0.46,0,0.952,0.362,0.4,0,0.976,0.344,0.56,0,0.708,0.363,0.65,0,0.964
94996,20090627,-96.85,40.7,0.305,0.4,0,0.411,0.367,0.56,0,0.786,0.404,0.48,0,0.589,0.368,0.52,0,0.982,0.362,0.41,0,0.976,0.336,0.51,0,0.565,0.361,0.65,0,0.911
94996,20090628,-96.85,40.7,0.289,0.29,0,0.268,0.357,0.49,0,0.643,0.4,0.46,0,0.565,0.377,0.58,0,1,0.363,0.42,0,0.958,0.323,0.42,0,0.423,0.357,0.62,0,0.768
94996,20090629,-96.85,40.7,0.269,0.14,0.012,0.125,0.34,0.38,0,0.5,0.387,0.39,0,0.423,0.38,0.6,0,1,0.364,0.43,0,0.958,0.304,0.28,0,0.28,0.348,0.55,0,0.625
94996,20090630,-96.85,40.7,0.25,0.02,0.143,0,0.322,0.25,0,0.357,0.373,0.31,0,0.28,0.38,0.6,0,1,0.364,0.43,0,0.97,0.286,0.16,0.012,0.137,0.338,0.48,0,0.482
94996,20090701,-96.85,40.7,0.235,-0.09,0.286,0,0.305,0.13,0.036,0.214,0.357,0.22,0,0.137,0.379,0.6,0,1,0.364,0.44,0,0.97,0.27,0.04,0.119,0.042,0.328,0.4,0,0.339
94996,20090702,-96.85,40.7,0.218,-0.2,0.429,0,0.287,0,0.179,0.071,0.341,0.13,0,0.006,0.376,0.59,0,1,0.365,0.45,0,0.97,0.252,-0.08,0.262,0,0.317,0.32,0,0.196
94996,20090703,-96.85,40.7,0.204,-0.29,0.571,0,0.27,-0.11,0.321,0,0.324,0.04,0.006,0,0.373,0.58,0,1,0.365,0.45,0,0.958,0.237,-0.19,0.405,0,0.307,0.25,0,0.06
94996,20090704,-96.85,40.7,0.198,-0.33,0.655,0,0.256,-0.21,0.464,0,0.308,-0.05,0.024,0,0.369,0.57,0,1,0.365,0.46,0,0.958,0.227,-0.26,0.494,0,0.299,0.19,0,0
94996,20090705,-96.85,40.7,0.199,-0.3,0.655,0,0.246,-0.27,0.607,0,0.295,-0.12,0.03,0,0.365,0.56,0,1,0.364,0.47,0,0.976,0.223,-0.28,0.494,0,0.294,0.16,0,0
94996,20090706,-96.85,40.7,0.2,-0.28,0.643,0,0.239,-0.31,0.69,0,0.283,-0.17,0.03,0,0.362,0.55,0,1,0.364,0.49,0,0.982,0.219,-0.29,0.494,0,0.289,0.14,0,0
94996,20090707,-96.85,40.7,0.199,-0.27,0.512,0,0.234,-0.33,0.75,0,0.275,-0.2,0.03,0,0.358,0.55,0,1,0.363,0.51,0,0.982,0.216,-0.29,0.494,0,0.286,0.12,0,0
94996,20090708,-96.85,40.7,0.198,-0.26,0.435,0,0.231,-0.34,0.792,0,0.268,-0.22,0.03,0,0.354,0.55,0,1,0.363,0.53,0,0.982,0.215,-0.29,0.44,0,0.283,0.12,0,0
94996,20090709,-96.85,40.7,0.198,-0.25,0.435,0,0.229,-0.33,0.768,0,0.264,-0.23,0.03,0,0.35,0.54,0,1,0.362,0.56,0,0.982,0.213,-0.29,0.44,0,0.28,0.12,0,0
94996,20090710,-96.85,40.7,0.197,-0.24,0.435,0,0.228,-0.33,0.762,0,0.26,-0.23,0.03,0,0.346,0.54,0,1,0.362,0.61,0,1,0.212,-0.28,0.44,0,0.278,0.12,0,0
94996,20090711,-96.85,40.7,0.193,-0.26,0.494,0,0.226,-0.32,0.756,0,0.257,-0.23,0.089,0,0.342,0.54,0,1,0.362,0.65,0,1,0.209,-0.3,0.494,0,0.276,0.11,0,0
94996,20090712,-96.85,40.7,0.182,-0.32,0.637,0,0.223,-0.32,0.756,0,0.253,-0.24,0.185,0,0.338,0.54,0,1,0.361,0.68,0,1,0.203,-0.34,0.637,0,0.272,0.09,0,0
94996,20090713,-96.85,40.7,0.175,-0.37,0.78,0,0.22,-0.33,0.798,0,0.249,-0.25,0.315,0,0.334,0.53,0,1,0.361,0.72,0,1,0.198,-0.37,0.78,0,0.268,0.07,0,0
94996,20090714,-96.85,40.7,0.171,-0.38,0.905,0,0.217,-0.33,0.821,0,0.245,-0.26,0.417,0,0.33,0.52,0,1,0.361,0.75,0,1,0.194,-0.39,0.893,0,0.265,0.05,0,0
94996,20090715,-96.85,40.7,0.171,-0.37,0.839,0,0.215,-0.32,0.744,0,0.242,-0.26,0.423,0,0.326,0.51,0,1,0.36,0.78,0,1,0.193,-0.38,0.839,0,0.263,0.06,0,0
94996,20090716,-96.85,40.7,0.171,-0.36,0.714,0,0.214,-0.31,0.625,0,0.241,-0.26,0.423,0,0.323,0.5,0,1,0.359,0.79,0,1,0.192,-0.37,0.696,0,0.261,0.06,0,0
94996,20090717,-96.85,40.7,0.17,-0.36,0.696,0,0.212,-0.3,0.488,0,0.239,-0.26,0.458,0,0.32,0.5,0,1,0.358,0.81,0,1,0.191,-0.37,0.661,0,0.26,0.06,0,0
94996,20090718,-96.85,40.7,0.169,-0.36,0.696,0,0.21,-0.28,0.351,0,0.237,-0.26,0.518,0,0.317,0.49,0,1,0.357,0.82,0,1,0.19,-0.37,0.637,0,0.258,0.06,0,0
94996,20090719,-96.85,40.7,0.168,-0.36,0.696,0,0.209,-0.27,0.214,0,0.235,-0.26,0.56,0,0.315,0.49,0,1,0.356,0.83,0,1,0.188,-0.36,0.637,0,0.256,0.06,0,0
94996,20090720,-96.85,40.7,0.167,-0.36,0.696,0,0.208,-0.26,0.107,0,0.234,-0.26,0.571,0,0.312,0.49,0,1,0.354,0.84,0,1,0.187,-0.36,0.637,0,0.255,0.06,0,0
94996,20090721,-96.85,40.7,0.166,-0.36,0.673,0,0.206,-0.26,0.137,0,0.232,-0.26,0.613,0,0.31,0.49,0,1,0.353,0.85,0,1,0.186,-0.36,0.643,0,0.253,0.06,0,0
94996,20090722,-96.85,40.7,0.164,-0.37,0.673,0,0.204,-0.26,0.161,0,0.23,-0.27,0.75,0,0.308,0.48,0,1,0.351,0.86,0,1,0.184,-0.37,0.696,0,0.251,0.05,0,0
94996,20090723,-96.85,40.7,0.163,-0.37,0.679,0,0.202,-0.26,0.167,0,0.229,-0.28,0.893,0,0.306,0.48,0,1,0.35,0.86,0,1,0.182,-0.37,0.744,0,0.25,0.04,0,0
94996,20090724,-96.85,40.7,0.162,-0.37,0.637,0,0.201,-0.26,0.167,0,0.228,-0.28,0.97,0,0.304,0.48,0,1,0.348,0.86,0,1,0.182,-0.37,0.708,0,0.249,0.03,0,0
94996,20090725,-96.85,40.7,0.162,-0.37,0.607,0,0.201,-0.26,0.167,0,0.228,-0.27,0.863,0,0.302,0.49,0,1,0.346,0.85,0,1,0.181,-0.36,0.69,0,0.248,0.03,0,0
94996,20090726,-96.85,40.7,0.162,-0.36,0.565,0,0.201,-0.25,0.161,0,0.228,-0.25,0.72,0,0.301,0.49,0,1,0.345,0.85,0,1,0.182,-0.36,0.613,0,0.248,0.03,0,0
94996,20090727,-96.85,40.7,0.163,-0.35,0.512,0,0.201,-0.23,0.143,0,0.229,-0.23,0.577,0,0.301,0.5,0,1,0.344,0.86,0,1,0.182,-0.35,0.53,0,0.248,0.04,0,0
94996,20090728,-96.85,40.7,0.163,-0.35,0.542,0,0.202,-0.22,0.03,0,0.229,-0.21,0.435,0,0.3,0.51,0,1,0.344,0.87,0,1,0.182,-0.34,0.458,0,0.248,0.06,0,0
94996,20090729,-96.85,40.7,0.161,-0.36,0.685,0,0.201,-0.21,0.012,0,0.229,-0.19,0.292,0,0.3,0.51,0,1,0.343,0.88,0,1,0.181,-0.34,0.542,0,0.247,0.06,0,0
94996,20090730,-96.85,40.7,0.159,-0.37,0.804,0,0.2,-0.21,0.018,0,0.229,-0.17,0.149,0,0.299,0.52,0,1,0.343,0.89,0,1,0.179,-0.35,0.637,0,0.246,0.06,0,0
94996,20090731,-96.85,40.7,0.157,-0.37,0.851,0,0.199,-0.22,0.06,0,0.228,-0.16,0.03,0,0.299,0.52,0,1,0.342,0.91,0,1,0.178,-0.36,0.708,0,0.245,0.05,0,0
94996,20090801,-96.85,40.7,0.157,-0.37,0.839,0,0.198,-0.22,0.113,0,0.227,-0.15,0,0,0.298,0.52,0,1,0.342,0.92,0,1,0.177,-0.36,0.726,0,0.244,0.05,0,0
94996,20090802,-96.85,40.7,0.157,-0.36,0.744,0,0.197,-0.23,0.179,0,0.225,-0.15,0,0,0.297,0.51,0,1,0.342,0.94,0,1,0.177,-0.36,0.786,0,0.243,0.05,0,0
94996,20090803,-96.85,40.7,0.157,-0.36,0.685,0,0.196,-0.23,0.214,0,0.224,-0.15,0,0,0.296,0.51,0,1,0.341,0.94,0,1,0.176,-0.36,0.833,0,0.243,0.04,0,0
94996,20090804,-96.85,40.7,0.157,-0.35,0.625,0,0.196,-0.23,0.214,0,0.224,-0.13,0,0.012,0.295,0.51,0,1,0.34,0.94,0,1,0.176,-0.36,0.881,0,0.243,0.05,0,0.012
94996,20090805,-96.85,40.7,0.163,-0.29,0.482,0,0.202,-0.16,0.208,0,0.236,-0.02,0,0.155,0.298,0.54,0,1,0.339,0.94,0,1,0.182,-0.3,0.744,0,0.247,0.14,0,0.155
94996,20090806,-96.85,40.7,0.167,-0.26,0.339,0,0.207,-0.11,0.196,0,0.246,0.08,0,0.298,0.299,0.55,0,1,0.338,0.93,0,1,0.187,-0.25,0.601,0,0.251,0.22,0,0.298
94996,20090807,-96.85,40.7,0.17,-0.23,0.208,0,0.211,-0.06,0.155,0,0.255,0.16,0,0.31,0.301,0.57,0,1,0.338,0.93,0,1,0.19,-0.2,0.458,0,0.255,0.28,0,0.44
94996,20090808,-96.85,40.7,0.172,-0.21,0.107,0,0.215,-0.02,0.101,0,0.262,0.23,0,0.31,0.302,0.58,0,1,0.337,0.93,0,1,0.193,-0.17,0.339,0,0.258,0.33,0,0.583
94996,20090809,-96.85,40.7,0.172,-0.2,0.119,0,0.217,0,0.036,0,0.266,0.27,0,0.31,0.303,0.59,0,1,0.337,0.92,0,1,0.195,-0.15,0.226,0,0.259,0.36,0,0.595
94996,20090810,-96.85,40.7,0.174,-0.19,0.125,0,0.219,0.02,0,0,0.269,0.3,0,0.31,0.304,0.6,0,1,0.336,0.92,0,1,0.196,-0.14,0.161,0,0.26,0.39,0,0.595
94996,20090811,-96.85,40.7,0.175,-0.18,0.054,0,0.22,0.03,0,0,0.27,0.31,0,0.298,0.305,0.61,0,1,0.336,0.92,0,1,0.197,-0.12,0.065,0,0.261,0.41,0,0.583
94996,20090812,-96.85,40.7,0.171,-0.21,0.054,0,0.215,-0.03,0,0,0.26,0.22,0,0.155,0.303,0.59,0,1,0.336,0.92,0,1,0.193,-0.16,0.113,0,0.257,0.33,0,0.44
94996,20090813,-96.85,40.7,0.169,-0.24,0.095,0,0.212,-0.06,0,0,0.251,0.14,0,0.012,0.301,0.58,0,1,0.337,0.92,0,1,0.19,-0.19,0.196,0,0.254,0.28,0,0.298
94996,20090814,-96.85,40.7,0.166,-0.26,0.238,0,0.209,-0.1,0.006,0,0.244,0.08,0,0,0.3,0.57,0,1,0.336,0.92,0,1,0.187,-0.22,0.339,0,0.251,0.23,0,0.155
94996,20090815,-96.85,40.7,0.164,-0.28,0.381,0,0.206,-0.13,0.06,0,0.238,0.02,0,0,0.299,0.56,0,1,0.336,0.92,0,1,0.185,-0.24,0.482,0,0.249,0.19,0,0.012
94996,20090816,-96.85,40.7,0.165,-0.26,0.435,0,0.206,-0.13,0.161,0.018,0.236,0.01,0,0.024,0.298,0.55,0,1,0.337,0.92,0,1,0.186,-0.22,0.583,0.018,0.248,0.18,0,0.024
94996,20090817,-96.85,40.7,0.174,-0.17,0.399,0,0.223,0.05,0.161,0.161,0.249,0.12,0,0.167,0.297,0.54,0,1,0.337,0.93,0,1,0.198,-0.08,0.542,0.161,0.256,0.29,0,0.167
94996,20090818,-96.85,40.7,0.181,-0.1,0.399,0,0.236,0.19,0.161,0.304,0.261,0.21,0,0.31,0.297,0.54,0,1,0.337,0.93,0,1,0.209,0.04,0.53,0.262,0.262,0.38,0,0.31
94996,20090819,-96.85,40.7,0.187,-0.05,0.399,0,0.247,0.31,0.161,0.44,0.271,0.3,0,0.452,0.296,0.55,0,1,0.337,0.93,0,1,0.217,0.13,0.482,0.262,0.268,0.45,0,0.452
94996,20090820,-96.85,40.7,0.191,-0.01,0.357,0,0.256,0.41,0.161,0.464,0.281,0.38,0,0.595,0.296,0.56,0,1,0.337,0.92,0,1,0.224,0.2,0.399,0.262,0.272,0.5,0,0.595
94996,20090821,-96.85,40.7,0.194,0.02,0.214,0,0.264,0.49,0.155,0.464,0.289,0.45,0,0.69,0.295,0.57,0,1,0.337,0.91,0,1,0.229,0.26,0.256,0.262,0.276,0.55,0,0.738
94996,20090822,-96.85,40.7,0.197,0.05,0.071,0,0.269,0.55,0.101,0.464,0.296,0.51,0,0.69,0.295,0.58,0,1,0.337,0.9,0,1,0.233,0.31,0.113,0.262,0.279,0.59,0,0.821
94996,20090823,-96.85,40.7,0.197,0.04,0,0,0.27,0.57,0,0.446,0.299,0.54,0,0.667,0.295,0.59,0,1,0.337,0.87,0,1,0.233,0.32,0,0.244,0.279,0.6,0,0.798
94996,20090824,-96.85,40.7,0.186,-0.05,0.018,0,0.255,0.41,0,0.304,0.288,0.44,0,0.524,0.294,0.6,0,1,0.336,0.84,0,1,0.221,0.19,0,0.101,0.272,0.48,0,0.655
94996,20090825,-96.85,40.7,0.178,-0.13,0.036,0,0.242,0.28,0,0.161,0.277,0.35,0,0.381,0.294,0.61,0,1,0.336,0.81,0,1,0.21,0.08,0,0,0.265,0.38,0,0.512
94996,20090826,-96.85,40.7,0.171,-0.18,0.119,0,0.23,0.16,0,0.024,0.267,0.27,0,0.238,0.294,0.6,0,1,0.335,0.78,0,1,0.201,-0.01,0,0,0.26,0.3,0,0.369
94996,20090827,-96.85,40.7,0.174,-0.15,0.119,0,0.221,0.08,0,0,0.258,0.2,0,0.095,0.294,0.6,0,1,0.335,0.76,0,1,0.198,-0.03,0,0,0.257,0.25,0,0.226
94996,20090828,-96.85,40.7,0.177,-0.12,0.119,0,0.215,0.01,0,0,0.251,0.14,0,0,0.294,0.59,0,1,0.335,0.74,0,1,0.196,-0.05,0,0,0.254,0.22,0,0.083
94996,20090829,-96.85,40.7,0.178,-0.1,0.119,0,0.211,-0.02,0,0,0.245,0.09,0,0,0.294,0.58,0,1,0.334,0.73,0,1,0.194,-0.06,0,0,0.252,0.19,0,0
94996,20090830,-96.85,40.7,0.179,-0.09,0.119,0,0.208,-0.05,0,0,0.241,0.06,0,0,0.294,0.58,0,1,0.334,0.71,0,1,0.193,-0.07,0,0,0.251,0.17,0,0
94996,20090831,-96.85,40.7,0.178,-0.09,0.119,0,0.206,-0.06,0,0,0.238,0.03,0,0,0.294,0.57,0,1,0.334,0.71,0,1,0.192,-0.07,0,0,0.25,0.15,0,0
94996,20090901,-96.85,40.7,0.178,-0.09,0.173,0,0.205,-0.08,0,0,0.235,0.01,0,0,0.293,0.55,0,1,0.334,0.7,0,1,0.191,-0.08,0,0,0.249,0.13,0,0
94996,20090902,-96.85,40.7,0.177,-0.09,0.226,0,0.203,-0.09,0,0,0.233,0,0,0,0.293,0.54,0,1,0.334,0.69,0,1,0.19,-0.09,0.006,0,0.248,0.11,0,0
94996,20090903,-96.85,40.7,0.168,-0.16,0.363,0,0.201,-0.1,0,0,0.231,-0.02,0,0,0.292,0.52,0,0.976,0.333,0.68,0,1,0.185,-0.13,0.018,0,0.245,0.07,0,0
94996,20090904,-96.85,40.7,0.167,-0.17,0.417,0,0.199,-0.12,0,0,0.228,-0.04,0,0,0.291,0.51,0,0.94,0.333,0.67,0,1,0.183,-0.15,0.048,0,0.244,0.05,0,0
94996,20090905,-96.85,40.7,0.172,-0.13,0.417,0,0.198,-0.13,0,0,0.227,-0.06,0,0,0.291,0.49,0,0.827,0.333,0.66,0,1,0.185,-0.13,0.048,0,0.244,0.06,0,0
94996,20090906,-96.85,40.7,0.176,-0.09,0.417,0,0.198,-0.13,0,0,0.225,-0.06,0,0,0.29,0.48,0,0.774,0.333,0.66,0,1,0.187,-0.11,0.048,0,0.244,0.06,0,0
94996,20090907,-96.85,40.7,0.179,-0.05,0.399,0,0.198,-0.13,0,0,0.225,-0.06,0,0,0.289,0.47,0,0.768,0.332,0.65,0,1,0.188,-0.09,0.048,0,0.245,0.07,0,0
94996,20090908,-96.85,40.7,0.181,-0.03,0.327,0,0.199,-0.12,0,0,0.225,-0.05,0,0,0.289,0.47,0,0.768,0.333,0.64,0,1,0.19,-0.08,0.048,0,0.245,0.08,0,0
94996,20090909,-96.85,40.7,0.183,-0.02,0.19,0,0.2,-0.11,0,0,0.225,-0.04,0,0,0.289,0.47,0,0.768,0.333,0.64,0,1,0.191,-0.07,0.042,0,0.246,0.1,0,0
94996,20090910,-96.85,40.7,0.184,-0.02,0.06,0,0.201,-0.1,0,0,0.226,-0.03,0,0,0.29,0.48,0,0.792,0.333,0.64,0,1,0.193,-0.06,0.03,0,0.247,0.11,0,0
94996,20090911,-96.85,40.7,0.18,-0.06,0.077,0,0.202,-0.1,0,0,0.227,-0.02,0,0,0.29,0.49,0,0.827,0.333,0.64,0,1,0.191,-0.09,0.036,0,0.246,0.11,0,0
94996,20090912,-96.85,40.7,0.172,-0.14,0.208,0,0.202,-0.1,0,0,0.227,-0.02,0,0,0.291,0.49,0,0.94,0.333,0.64,0,1,0.187,-0.14,0.131,0,0.245,0.09,0,0
94996,20090913,-96.85,40.7,0.167,-0.2,0.327,0,0.202,-0.11,0,0,0.227,-0.02,0,0,0.291,0.5,0,0.994,0.333,0.64,0,1,0.184,-0.18,0.22,0,0.244,0.08,0,0
94996,20090914,-96.85,40.7,0.164,-0.24,0.458,0,0.201,-0.13,0,0,0.226,-0.02,0,0,0.291,0.5,0,1,0.333,0.65,0,1,0.183,-0.21,0.327,0,0.243,0.07,0,0
94996,20090915,-96.85,40.7,0.162,-0.26,0.601,0,0.2,-0.14,0,0,0.226,-0.02,0,0,0.291,0.5,0,1,0.333,0.65,0,1,0.181,-0.23,0.47,0,0.243,0.07,0,0
94996,20090916,-96.85,40.7,0.161,-0.28,0.744,0,0.199,-0.15,0.012,0,0.225,-0.03,0,0,0.291,0.5,0,1,0.334,0.66,0,1,0.18,-0.25,0.613,0,0.242,0.06,0,0
94996,20090917,-96.85,40.7,0.16,-0.29,0.881,0,0.199,-0.16,0.03,0,0.224,-0.03,0,0,0.291,0.5,0,1,0.333,0.66,0,1,0.179,-0.27,0.75,0,0.241,0.06,0,0
94996,20090918,-96.85,40.7,0.159,-0.31,0.952,0,0.198,-0.17,0.095,0,0.224,-0.04,0,0,0.291,0.5,0,1,0.332,0.65,0,1,0.178,-0.28,0.839,0,0.241,0.06,0,0
94996,20090919,-96.85,40.7,0.157,-0.32,0.964,0,0.196,-0.18,0.196,0,0.223,-0.05,0,0,0.29,0.51,0,1,0.331,0.64,0,1,0.177,-0.28,0.887,0,0.24,0.05,0,0
94996,20090920,-96.85,40.7,0.155,-0.33,0.988,0,0.195,-0.19,0.333,0,0.222,-0.06,0,0,0.29,0.51,0,1,0.33,0.64,0,1,0.175,-0.29,0.94,0,0.238,0.05,0,0
94996,20090921,-96.85,40.7,0.152,-0.34,1,0,0.193,-0.2,0.452,0,0.221,-0.07,0,0,0.29,0.51,0,1,0.33,0.63,0,1,0.173,-0.3,0.976,0,0.237,0.04,0,0
94996,20090922,-96.85,40.7,0.152,-0.33,0.857,0,0.192,-0.21,0.595,0,0.219,-0.08,0,0,0.29,0.51,0,1,0.329,0.61,0,1,0.172,-0.29,0.833,0,0.236,0.04,0,0
94996,20090923,-96.85,40.7,0.153,-0.31,0.719,0,0.19,-0.22,0.725,0,0.218,-0.09,0,0,0.289,0.5,0,1,0.328,0.59,0,1,0.171,-0.29,0.695,0,0.236,0.03,0,0
94996,20090924,-96.85,40.7,0.154,-0.29,0.575,0,0.188,-0.23,0.85,0,0.216,-0.11,0,0,0.289,0.49,0,1,0.327,0.58,0,1,0.171,-0.28,0.563,0,0.235,0.03,0,0
94996,20090925,-96.85,40.7,0.155,-0.27,0.431,0,0.187,-0.23,0.874,0,0.215,-0.12,0,0,0.288,0.48,0,1,0.327,0.57,0,1,0.171,-0.27,0.437,0,0.235,0.03,0,0
94996,20090926,-96.85,40.7,0.157,-0.24,0.287,0,0.186,-0.23,0.868,0,0.214,-0.13,0,0,0.287,0.46,0,1,0.327,0.56,0,1,0.172,-0.25,0.293,0,0.235,0.03,0,0
94996,20090927,-96.85,40.7,0.162,-0.19,0.144,0,0.186,-0.22,0.766,0,0.214,-0.13,0,0,0.287,0.44,0,1,0.327,0.54,0,1,0.174,-0.23,0.15,0,0.235,0.04,0,0
94996,20090928,-96.85,40.7,0.165,-0.16,0,0,0.186,-0.21,0.701,0,0.213,-0.13,0,0,0.287,0.43,0,1,0.326,0.53,0,1,0.176,-0.2,0.006,0,0.236,0.05,0,0
94996,20090929,-96.85,40.7,0.166,-0.15,0,0,0.186,-0.21,0.677,0,0.212,-0.13,0,0,0.286,0.41,0,1,0.326,0.52,0,1,0.176,-0.2,0.006,0,0.235,0.05,0,0
94996,20090930,-96.85,40.7,0.166,-0.15,0,0,0.186,-0.2,0.643,0,0.212,-0.13,0,0,0.285,0.4,0,1,0.326,0.52,0,1,0.176,-0.2,0.054,0,0.235,0.05,0,0
94996,20091001,-96.85,40.7,0.165,-0.16,0.012,0,0.186,-0.19,0.613,0,0.212,-0.13,0,0,0.285,0.39,0,1,0.325,0.51,0,1,0.175,-0.21,0.185,0,0.235,0.05,0,0
94996,20091002,-96.85,40.7,0.164,-0.17,0.143,0,0.186,-0.19,0.601,0,0.212,-0.12,0,0,0.285,0.38,0,1,0.325,0.5,0,1,0.175,-0.22,0.321,0,0.234,0.05,0,0
94996,20091003,-96.85,40.7,0.162,-0.19,0.286,0,0.185,-0.19,0.649,0,0.211,-0.12,0,0,0.284,0.37,0,1,0.324,0.5,0,1,0.174,-0.23,0.464,0,0.233,0.04,0,0
94996,20091004,-96.85,40.7,0.157,-0.23,0.429,0,0.184,-0.2,0.756,0,0.211,-0.11,0,0,0.284,0.35,0,0.988,0.324,0.49,0,1,0.171,-0.26,0.607,0,0.232,0.03,0,0
94996,20091005,-96.85,40.7,0.153,-0.26,0.571,0,0.183,-0.2,0.845,0,0.21,-0.11,0,0,0.283,0.34,0,0.964,0.324,0.49,0,1,0.168,-0.29,0.75,0,0.231,0.01,0,0
94996,20091006,-96.85,40.7,0.151,-0.28,0.685,0,0.183,-0.21,0.869,0,0.209,-0.1,0,0,0.282,0.33,0,0.929,0.323,0.48,0,0.994,0.167,-0.3,0.875,0,0.23,0,0,0
94996,20091007,-96.85,40.7,0.152,-0.28,0.685,0,0.182,-0.21,0.905,0,0.209,-0.09,0,0,0.282,0.32,0,0.929,0.322,0.47,0,0.982,0.167,-0.29,0.827,0,0.229,0,0,0
94996,20091008,-96.85,40.7,0.153,-0.26,0.673,0,0.181,-0.21,0.917,0,0.208,-0.08,0,0,0.281,0.31,0,0.827,0.322,0.46,0,0.917,0.167,-0.28,0.69,0,0.229,0,0,0
94996,20091009,-96.85,40.7,0.155,-0.24,0.542,0,0.18,-0.21,0.964,0,0.207,-0.08,0,0,0.28,0.29,0,0.708,0.321,0.45,0,0.857,0.167,-0.27,0.554,0,0.229,0,0,0
94996,20091010,-96.85,40.7,0.157,-0.21,0.399,0,0.18,-0.2,0.893,0,0.207,-0.07,0,0,0.28,0.28,0,0.583,0.32,0.45,0,0.857,0.168,-0.25,0.411,0,0.229,0,0,0
94996,20091011,-96.85,40.7,0.159,-0.18,0.256,0,0.179,-0.2,0.881,0,0.206,-0.07,0,0,0.279,0.28,0,0.452,0.32,0.44,0,0.845,0.169,-0.23,0.268,0,0.228,0,0,0
94996,20091012,-96.85,40.7,0.161,-0.15,0.113,0,0.178,-0.19,0.851,0,0.205,-0.07,0,0,0.278,0.27,0,0.333,0.319,0.43,0,0.821,0.17,-0.21,0.125,0,0.228,0,0,0
94996,20091013,-96.85,40.7,0.164,-0.12,0,0,0.177,-0.18,0.72,0,0.203,-0.07,0,0,0.277,0.25,0,0.226,0.319,0.43,0,0.815,0.17,-0.19,0,0,0.228,0,0,0
94996,20091014,-96.85,40.7,0.167,-0.09,0,0,0.176,-0.18,0.583,0,0.202,-0.08,0,0,0.276,0.24,0,0.083,0.319,0.42,0,0.708,0.171,-0.17,0,0,0.228,0,0,0
94996,20091015,-96.85,40.7,0.177,-0.02,0,0,0.175,-0.17,0.458,0,0.201,-0.08,0,0,0.275,0.23,0,0.042,0.319,0.42,0,0.72,0.176,-0.12,0,0,0.229,0.01,0,0
94996,20091016,-96.85,40.7,0.188,0.06,0,0,0.176,-0.15,0.333,0,0.2,-0.08,0,0,0.274,0.22,0,0.018,0.318,0.42,0,0.673,0.182,-0.07,0,0,0.231,0.03,0,0
94996,20091017,-96.85,40.7,0.199,0.13,0,0,0.177,-0.13,0.262,0,0.2,-0.08,0,0,0.273,0.21,0,0,0.318,0.41,0,0.53,0.188,-0.03,0,0,0.233,0.04,0,0
94996,20091018,-96.85,40.7,0.209,0.19,0,0,0.179,-0.11,0.131,0,0.2,-0.08,0,0,0.273,0.21,0,0,0.317,0.4,0,0.399,0.194,0.02,0,0,0.236,0.06,0,0
94996,20091019,-96.85,40.7,0.218,0.25,0,0,0.182,-0.09,0.018,0,0.201,-0.07,0,0,0.273,0.2,0,0,0.316,0.39,0,0.28,0.2,0.06,0,0,0.238,0.08,0,0
94996,20091020,-96.85,40.7,0.226,0.29,0,0,0.185,-0.07,0.006,0,0.202,-0.06,0,0,0.273,0.19,0,0,0.316,0.38,0,0.149,0.205,0.09,0,0,0.24,0.1,0,0
94996,20091021,-96.85,40.7,0.23,0.31,0,0,0.189,-0.05,0,0,0.203,-0.05,0,0,0.273,0.19,0,0,0.316,0.37,0,0.125,0.209,0.12,0,0,0.242,0.11,0,0
94996,20091022,-96.85,40.7,0.237,0.34,0,0.071,0.197,0,0,0.042,0.206,-0.02,0,0,0.273,0.18,0,0,0.315,0.36,0,0.036,0.217,0.16,0,0.048,0.246,0.14,0,0.024
94996,20091023,-96.85,40.7,0.248,0.4,0,0.214,0.225,0.18,0,0.185,0.231,0.15,0,0.137,0.274,0.18,0,0.036,0.315,0.35,0,0,0.237,0.29,0,0.19,0.259,0.24,0,0.167
94996,20091024,-96.85,40.7,0.257,0.45,0,0.357,0.25,0.34,0,0.327,0.26,0.35,0,0.28,0.279,0.21,0,0.179,0.314,0.34,0,0,0.253,0.4,0,0.333,0.272,0.34,0,0.31
94996,20091025,-96.85,40.7,0.265,0.5,0,0.5,0.273,0.48,0,0.47,0.288,0.53,0,0.423,0.285,0.25,0,0.321,0.314,0.34,0,0,0.269,0.5,0,0.476,0.285,0.45,0,0.452
94996,20091026,-96.85,40.7,0.275,0.55,0,0.643,0.295,0.62,0,0.613,0.314,0.71,0,0.565,0.292,0.3,0,0.464,0.314,0.33,0,0,0.285,0.6,0,0.619,0.298,0.55,0,0.595
94996,20091027,-96.85,40.7,0.284,0.6,0,0.784,0.315,0.74,0,0.754,0.34,0.88,0,0.707,0.299,0.35,0,0.605,0.314,0.33,0,0,0.299,0.69,0,0.76,0.31,0.64,0,0.737
94996,20091028,-96.85,40.7,0.292,0.65,0,0.928,0.335,0.87,0,0.898,0.364,1.05,0,0.85,0.306,0.4,0,0.749,0.314,0.33,0,0,0.314,0.78,0,0.904,0.322,0.73,0,0.88
94996,20091029,-96.85,40.7,0.293,0.64,0,0.958,0.349,0.95,0,1,0.387,1.21,0,0.994,0.313,0.46,0,0.892,0.313,0.33,0,0,0.321,0.82,0,1,0.331,0.8,0,1
94996,20091030,-96.85,40.7,0.295,0.64,0,0.958,0.351,0.96,0,1,0.396,1.27,0,1,0.328,0.58,0,1,0.315,0.35,0,0.048,0.323,0.83,0,1,0.337,0.84,0,1
94996,20091031,-96.85,40.7,0.297,0.64,0,0.958,0.352,0.95,0,1,0.397,1.28,0,1,0.343,0.69,0,1,0.32,0.39,0,0.192,0.324,0.83,0,1,0.342,0.88,0,1
94996,20091101,-96.85,40.7,0.298,0.63,0,0.958,0.353,0.95,0,1,0.399,1.3,0,1,0.357,0.8,0,1,0.323,0.41,0,0.335,0.325,0.84,0,1,0.346,0.91,0,1
94996,20091102,-96.85,40.7,0.299,0.63,0,0.958,0.354,0.96,0,1,0.401,1.31,0,1,0.37,0.9,0,1,0.326,0.44,0,0.479,0.326,0.84,0,1,0.35,0.94,0,1
94996,20091103,-96.85,40.7,0.299,0.62,0,0.958,0.355,0.96,0,1,0.402,1.32,0,1,0.382,1,0,1,0.328,0.46,0,0.619,0.327,0.83,0,1,0.353,0.96,0,1
94996,20091104,-96.85,40.7,0.299,0.61,0,0.958,0.356,0.95,0,1,0.404,1.33,0,1,0.394,1.09,0,1,0.33,0.48,0,0.762,0.328,0.82,0,1,0.357,0.99,0,1
94996,20091105,-96.85,40.7,0.298,0.6,0,1,0.356,0.95,0,1,0.405,1.33,0,1,0.405,1.18,0,1,0.333,0.5,0,0.905,0.327,0.8,0,1,0.359,1.01,0,1
94996,20091106,-96.85,40.7,0.288,0.53,0,0.994,0.348,0.88,0,1,0.397,1.27,0,1,0.408,1.2,0,1,0.333,0.5,0,1,0.318,0.72,0,1,0.355,0.97,0,1
94996,20091107,-96.85,40.7,0.282,0.49,0,0.982,0.343,0.84,0,1,0.393,1.21,0,1,0.406,1.2,0,1,0.33,0.48,0,1,0.313,0.66,0,1,0.351,0.93,0,1
94996,20091108,-96.85,40.7,0.278,0.45,0,0.899,0.34,0.8,0,1,0.391,1.17,0,1,0.404,1.19,0,1,0.328,0.46,0,1,0.309,0.61,0,1,0.348,0.9,0,1
94996,20091109,-96.85,40.7,0.273,0.41,0,0.768,0.337,0.75,0,1,0.388,1.13,0,1,0.403,1.19,0,1,0.326,0.45,0,1,0.305,0.55,0,1,0.345,0.88,0,1
94996,20091110,-96.85,40.7,0.27,0.37,0,0.625,0.334,0.71,0,1,0.386,1.09,0,1,0.402,1.19,0,1,0.325,0.44,0,1,0.302,0.5,0,1,0.343,0.85,0,1
94996,20091111,-96.85,40.7,0.266,0.33,0,0.482,0.332,0.65,0,1,0.384,1.05,0,1,0.401,1.19,0,1,0.324,0.44,0,1,0.299,0.46,0,1,0.341,0.83,0,1
94996,20091112,-96.85,40.7,0.263,0.3,0,0.339,0.33,0.6,0,1,0.383,1.01,0,1,0.4,1.19,0,1,0.324,0.44,0,1,0.296,0.43,0,1,0.34,0.81,0,1
94996,20091113,-96.85,40.7,0.261,0.26,0,0.202,0.328,0.55,0,1,0.382,0.99,0,1,0.399,1.2,0,1,0.323,0.44,0,1,0.294,0.4,0,1,0.338,0.79,0,1
94996,20091114,-96.85,40.7,0.258,0.23,0,0.071,0.326,0.5,0,1,0.38,0.98,0,1,0.398,1.2,0,1,0.323,0.44,0,1,0.292,0.36,0,1,0.337,0.77,0,1
94996,20091115,-96.85,40.7,0.255,0.19,0,0.012,0.324,0.45,0,1,0.379,0.97,0,1,0.398,1.21,0,1,0.323,0.45,0,1,0.289,0.33,0,0.923,0.336,0.76,0,1
94996,20091116,-96.85,40.7,0.251,0.16,0,0,0.321,0.41,0,1,0.377,0.97,0,1,0.397,1.21,0,1,0.323,0.46,0,1,0.286,0.3,0,0.78,0.334,0.75,0,1
94996,20091117,-96.85,40.7,0.249,0.13,0,0,0.318,0.37,0,1,0.375,0.96,0,1,0.396,1.22,0,1,0.322,0.47,0,1,0.284,0.28,0,0.637,0.332,0.73,0,1
94996,20091118,-96.85,40.7,0.246,0.1,0,0,0.316,0.35,0,1,0.373,0.97,0,1,0.395,1.22,0,1,0.322,0.48,0,1,0.281,0.25,0,0.494,0.331,0.72,0,1
94996,20091119,-96.85,40.7,0.243,0.07,0,0,0.314,0.32,0,1,0.372,0.97,0,1,0.394,1.22,0,1,0.323,0.49,0,1,0.279,0.23,0,0.351,0.329,0.71,0,1
94996,20091120,-96.85,40.7,0.241,0.05,0,0,0.311,0.3,0,1,0.37,0.97,0,1,0.393,1.23,0,1,0.323,0.5,0,1,0.276,0.2,0,0.208,0.328,0.7,0,1
94996,20091121,-96.85,40.7,0.238,0.02,0,0,0.309,0.28,0,1,0.368,0.97,0,1,0.392,1.23,0,1,0.322,0.51,0,1,0.273,0.17,0,0.065,0.326,0.68,0,1
94996,20091122,-96.85,40.7,0.236,0,0,0,0.307,0.27,0,1,0.366,0.96,0,1,0.391,1.23,0,1,0.322,0.51,0,1,0.271,0.15,0,0,0.324,0.66,0,1
94996,20091123,-96.85,40.7,0.234,-0.02,0,0,0.306,0.26,0,1,0.365,0.96,0,1,0.39,1.23,0,1,0.322,0.52,0,1,0.27,0.14,0,0,0.323,0.65,0,1
94996,20091124,-96.85,40.7,0.233,-0.03,0,0,0.305,0.25,0,1,0.364,0.95,0,1,0.389,1.23,0,1,0.322,0.52,0,1,0.269,0.13,0,0,0.322,0.63,0,1
94996,20091125,-96.85,40.7,0.231,-0.05,0,0,0.304,0.24,0,1,0.363,0.95,0,1,0.389,1.23,0,1,0.322,0.52,0,1,0.267,0.12,0,0,0.322,0.62,0,1
94996,20091126,-96.85,40.7,0.23,-0.07,0,0,0.303,0.24,0,1,0.362,0.94,0,1,0.388,1.23,0,1,0.321,0.53,0,1,0.266,0.12,0,0,0.321,0.61,0,1
94996,20091127,-96.85,40.7,0.229,-0.08,0,0,0.301,0.22,0,0.988,0.361,0.93,0,1,0.387,1.23,0,1,0.321,0.53,0,1,0.265,0.11,0,0,0.32,0.59,0,1
94996,20091128,-96.85,40.7,0.229,-0.09,0,0,0.3,0.21,0,0.97,0.36,0.91,0,1,0.386,1.22,0,1,0.321,0.53,0,1,0.264,0.11,0,0,0.319,0.59,0,1
94996,20091129,-96.85,40.7,0.229,-0.09,0,0,0.299,0.2,0,0.964,0.359,0.91,0,1,0.385,1.22,0,1,0.321,0.53,0,1,0.264,0.12,0,0,0.319,0.58,0,1
94996,20091130,-96.85,40.7,0.228,-0.1,0,0,0.297,0.19,0,0.917,0.358,0.89,0,1,0.385,1.22,0,1,0.322,0.54,0,1,0.263,0.11,0,0,0.318,0.57,0,1
94996,20091201,-96.85,40.7,0.228,-0.12,0,0,0.295,0.17,0,0.815,0.356,0.87,0,1,0.384,1.21,0,1,0.322,0.54,0,1,0.261,0.1,0,0,0.317,0.56,0,1
94996,20091202,-96.85,40.7,0.227,-0.14,0,0,0.293,0.16,0,0.696,0.355,0.86,0,1,0.382,1.2,0,1,0.321,0.53,0,1,0.26,0.09,0,0,0.316,0.55,0,1
94996,20091203,-96.85,40.7,0.226,-0.17,0.012,0,0.292,0.14,0,0.554,0.353,0.84,0,1,0.382,1.2,0,1,0.321,0.53,0,1,0.259,0.07,0,0,0.315,0.53,0,1
94996,20091204,-96.85,40.7,0.225,-0.2,0.024,0,0.29,0.13,0,0.423,0.352,0.82,0,1,0.381,1.2,0,1,0.321,0.53,0,1,0.257,0.05,0,0,0.314,0.52,0,1
94996,20091205,-96.85,40.7,0.224,-0.22,0.027,0,0.287,0.1,0,0.298,0.35,0.79,0,1,0.38,1.19,0,1,0.32,0.53,0,1,0.256,0.04,0,0,0.313,0.51,0,1
94996,20091206,-96.85,40.7,,,,,0.285,0.08,0,0.161,0.348,0.76,0,1,0.379,1.19,0,1,0.32,0.52,0,1,,,,,,,,
94996,20091207,-96.85,40.7,,,,,0.283,0.06,0,0.065,0.346,0.73,0,1,0.378,1.18,0,1,0.319,0.51,0,1,,,,,,,,
94996,20091208,-96.85,40.7,,,,,0.281,0.05,0,0.024,0.344,0.7,0,1,0.377,1.17,0,1,0.319,0.51,0,1,,,,,,,,
94996,20091209,-96.85,40.7,,,,,0.279,0.04,0,0,0.343,0.66,0,1,0.375,1.16,0,1,0.318,0.5,0,1,,,,,,,,
94996,20091210,-96.85,40.7,,,,,0.278,0.03,0,0,0.342,0.63,0,1,0.374,1.15,0,1,0.317,0.5,0,1,,,,,,,,
94996,20091211,-96.85,40.7,,,,,0.277,0.02,0,0,0.341,0.59,0,1,0.373,1.14,0,1,0.316,0.49,0,1,,,,,,,,
94996,20091212,-96.85,40.7,0.213,-0.44,0.574,0,0.277,0.02,0,0,0.34,0.56,0,1,0.372,1.14,0,1,0.316,0.49,0,1,0.245,-0.12,0,0,0.304,0.35,0,1
94996,20091213,-96.85,40.7,0.211,-0.46,0.643,0,0.277,0.02,0,0,0.34,0.53,0,1,0.372,1.13,0,1,0.316,0.49,0,1,0.244,-0.14,0,0,0.303,0.35,0,1
94996,20091214,-96.85,40.7,0.209,-0.5,0.741,0,0.277,0.02,0,0,0.34,0.5,0,1,0.371,1.13,0,1,0.316,0.48,0,1,0.243,-0.16,0,0,0.303,0.34,0,1
94996,20091215,-96.85,40.7,0.209,-0.52,0.774,0,0.277,0.01,0,0,0.34,0.49,0,1,0.371,1.12,0,1,0.315,0.48,0,1,0.243,-0.17,0,0,0.302,0.34,0,1
94996,20091216,-96.85,40.7,0.215,-0.47,0.631,0,0.277,0,0,0,0.339,0.47,0,1,0.371,1.11,0,1,0.315,0.47,0,1,0.246,-0.15,0,0,0.303,0.37,0,1
94996,20091217,-96.85,40.7,0.218,-0.46,0.63,0,0.276,0,0,0,0.339,0.47,0,1,0.37,1.11,0,1,0.314,0.47,0,1,0.247,-0.15,0,0,0.304,0.38,0,1
94996,20091218,-96.85,40.7,0.218,-0.49,0.693,0,0.276,-0.02,0,0,0.338,0.46,0,1,0.37,1.1,0,1,0.314,0.47,0,1,0.247,-0.16,0,0,0.303,0.39,0,1
94996,20091219,-96.85,40.7,0.219,-0.48,0.649,0,0.276,-0.03,0,0,0.338,0.46,0,1,0.37,1.09,0,1,0.314,0.47,0,1,0.247,-0.16,0.007,0,0.303,0.4,0,1
94996,20091220,-96.85,40.7,0.222,-0.46,0.573,0,0.275,-0.06,0,0,0.338,0.46,0,1,0.369,1.08,0,1,0.313,0.47,0,1,0.249,-0.16,0.009,0,0.304,0.42,0,1
94996,20091221,-96.85,40.7,0.227,-0.42,0.453,0,0.275,-0.1,0,0,0.337,0.47,0,1,0.369,1.08,0,1,0.313,0.47,0,1,0.251,-0.14,0.012,0,0.304,0.44,0,1
94996,20091222,-96.85,40.7,0.234,-0.36,0.323,0,0.277,-0.11,0,0,0.337,0.47,0,1,0.368,1.08,0,1,0.313,0.47,0,1,0.256,-0.11,0.016,0,0.306,0.46,0,1
94996,20091223,-96.85,40.7,0.238,-0.46,0.526,0,0.281,-0.1,0,0,0.337,0.48,0,1,0.368,1.08,0,1,0.314,0.47,0,1,0.26,-0.17,0.026,0,0.308,0.44,0,1
94996,20091224,-96.85,40.7,0.248,-0.68,1,0,0.292,0,0,0.113,0.342,0.53,0,1,0.368,1.09,0,1,0.314,0.47,0,0.994,0.27,-0.32,0.059,0,0.313,0.39,0,1
94996,20091225,-96.85,40.7,0.261,-0.67,1,0,0.303,0.1,0,0.256,0.349,0.59,0,1,0.368,1.1,0,1,0.314,0.45,0,0.917,0.282,-0.36,0.2,0,0.319,0.4,0,1
94996,20091226,-96.85,40.7,0.275,,,,0.312,0.17,0,0.327,0.355,0.65,0,1,0.368,1.11,0,1,0.314,0.42,0,0.774,0.294,,,,0.325,,,
94996,20091227,-96.85,40.7,0.288,,,,0.321,0.25,0,0.337,0.361,0.7,0,1,0.368,1.12,0,1,0.313,0.39,0,0.631,0.304,,,,0.33,,,
94996,20091228,-96.85,40.7,0.297,,,,0.33,0.33,0,0.396,0.367,0.74,0,1,0.368,1.13,0,1,0.313,0.35,0,0.488,0.314,,,,0.335,,,
94996,20091229,-96.85,40.7,0.304,,,,0.337,0.43,0,0.478,0.373,0.78,0,1,0.369,1.14,0,1,0.313,0.32,0,0.345,0.321,,,,0.339,,,
94996,20091230,-96.85,40.7,0.308,,,,0.342,0.53,0,0.604,0.378,0.82,0,1,0.369,1.15,0,1,0.312,0.29,0,0.202,0.325,,,,0.342,,,
94996,20091231,-96.85,40.7,0.307,,,,0.34,0.48,0,0.537,0.379,0.82,0,1,0.37,1.17,0,1,0.312,0.26,0,0.065,0.324,,,,0.342,,,
94996,20100101,-96.85,40.7,0.308,,,,0.338,0.41,0,0.279,0.377,0.8,0,1,0.371,1.18,0,1,0.311,0.26,0,0,0.323,,,,0.341,,,
94996,20100102,-96.85,40.7,0.309,,,,0.338,0.37,0,0,0.377,0.79,0,1,0.372,1.2,0,1,0.311,0.26,0,0,0.324,,,,0.341,,,
94996,20100103,-96.85,40.7,0.311,,,,0.339,,,,0.376,0.78,0,1,0.372,1.21,0,1,0.311,0.26,0,0,0.325,,,,0.342,,,
94996,20100104,-96.85,40.7,0.313,,,,0.339,,,,0.375,0.77,0,1,0.373,1.22,0,1,0.311,0.26,0,0,0.326,,,,0.342,,,
94996,20100105,-96.85,40.7,0.314,,,,0.339,,,,0.374,0.75,0,1,0.372,1.23,0,1,0.311,0.26,0,0,0.326,,,,0.342,,,
94996,20100106,-96.85,40.7,0.315,,,,0.339,,,,0.373,0.73,0,1,0.372,1.23,0,1,0.311,0.26,0,0,0.327,,,,0.342,,,
94996,20100107,-96.85,40.7,0.316,,,,0.339,,,,0.371,0.7,0,1,0.372,1.24,0,1,0.311,0.27,0,0.077,0.327,,,,0.342,,,
94996,20100108,-96.85,40.7,0.317,,,,0.338,,,,0.37,0.67,0,1,0.372,1.25,0,1,0.311,0.27,0,0.131,0.327,,,,0.341,,,
94996,20100109,-96.85,40.7,0.314,,,,0.34,,,,0.369,0.65,0,1,0.371,1.26,0,1,0.311,0.28,0,0.185,0.327,,,,0.341,,,
94996,20100110,-96.85,40.7,0.312,,,,0.34,,,,0.368,0.63,0,1,0.371,1.28,0,1,0.311,0.28,0,0.31,0.326,,,,0.34,,,
94996,20100111,-96.85,40.7,,,,,0.341,,,,0.367,0.61,0,1,0.371,1.31,0,1,0.311,0.29,0,0.446,,,,,,,,
94996,20100112,-96.85,40.7,,,,,0.341,,,,0.365,0.59,0,1,0.371,1.35,0,1,0.311,0.3,0,0.571,,,,,,,,
94996,20100113,-96.85,40.7,,,,,0.341,,,,0.365,0.56,0,1,0.371,1.4,0,1,0.311,0.31,0,0.613,,,,,,,,
94996,20100114,-96.85,40.7,,,,,0.341,,,,0.364,0.55,0,1,0.371,1.46,0,1,0.311,0.3,0,0.542,,,,,,,,
94996,20100115,-96.85,40.7,,,,,0.342,,,,0.363,,,,0.371,1.51,0,1,0.31,0.3,0,0.488,,,,,,,,
94996,20100116,-96.85,40.7,,,,,0.341,,,,0.362,,,,0.371,1.57,0,1,0.31,0.29,0,0.435,,,,,,,,
94996,20100117,-96.85,40.7,,,,,0.341,,,,0.362,,,,0.372,1.63,0,1,0.309,0.29,0,0.31,,,,,,,,
94996,20100118,-96.85,40.7,,,,,0.34,,,,0.361,,,,0.372,1.68,0,1,0.309,0.28,0,0.173,,,,,,,,
94996,20100119,-96.85,40.7,0.315,,,,0.339,,,,0.361,,,,0.372,1.73,0,1,0.308,0.27,0,0.048,0.327,,,,0.339,,,
94996,20100120,-96.85,40.7,0.318,,,,0.339,,,,0.362,,,,0.372,1.76,0,1,0.308,0.27,0,0.006,0.329,,,,0.34,,,
94996,20100121,-96.85,40.7,0.32,,,,0.342,,,,0.365,,,,0.372,1.79,0,1,0.308,0.27,0,0,0.331,,,,0.341,,,
94996,20100122,-96.85,40.7,0.324,,,,0.346,,,,0.37,,,,0.372,1.82,0,1,0.308,0.27,0,0,0.335,,,,0.344,,,
94996,20100123,-96.85,40.7,0.328,,,,0.351,,,,0.377,,,,0.375,1.86,0,1,0.309,0.27,0,0.006,0.34,,,,0.348,,,
94996,20100124,-96.85,40.7,0.331,,,,0.358,,,,0.386,,,,0.38,1.95,0,1,0.324,0.52,0,0.149,0.344,,,,0.356,,,
94996,20100125,-96.85,40.7,0.33,,,,0.361,,,,0.392,,,,0.385,2.01,0,1,0.343,0.82,0,0.292,0.345,,,,0.362,,,
94996,20100126,-96.85,40.7,0.329,,,,0.364,,,,0.396,,,,0.389,2.05,0,1,0.361,1.1,0,0.435,0.347,,,,0.366,,,
94996,20100127,-96.85,40.7,,,,,0.366,,,,0.4,,,,0.392,2.1,0,1,0.377,1.37,0,0.577,,,,,,,,
94996,20100128,-96.85,40.7,,,,,0.367,,,,0.4,,,,0.395,2.14,0,1,0.393,1.63,0,0.72,,,,,,,,
94996,20100129,-96.85,40.7,,,,,,,,,0.398,,,,0.398,2.17,0,1,0.409,1.88,0,0.863,,,,,,,,
94996,20100130,-96.85,40.7,,,,,,,,,0.394,,,,0.398,2.18,0,1,0.424,2.12,0,1,,,,,,,,
94996,20100131,-96.85,40.7,,,,,,,,,,,,,0.395,2.13,0,1,0.423,2.12,0,1,,,,,,,,
94996,20100201,-96.85,40.7,,,,,,,,,,,,,0.393,2.1,0,1,0.419,2.05,0,1,,,,,,,,
94996,20100202,-96.85,40.7,,,,,,,,,,,,,0.391,2.08,0,1,0.416,1.99,0,1,,,,,,,,
94996,20100203,-96.85,40.7,,,,,,,,,,,,,0.39,2.05,0,1,0.414,1.93,0,1,,,,,,,,
94996,20100204,-96.85,40.7,,,,,,,,,,,,,0.389,2.03,0,1,0.413,1.89,0,1,,,,,,,,
94996,20100205,-96.85,40.7,,,,,,,,,,,,,0.388,2.01,0,1,0.412,1.83,0,1,,,,,,,,
94996,20100206,-96.85,40.7,,,,,,,,,,,,,0.387,2.01,0,1,0.411,1.77,0,1,,,,,,,,
94996,20100207,-96.85,40.7,,,,,,,,,,,,,0.386,2.01,0,1,0.41,1.72,0,1,,,,,,,,
94996,20100208,-96.85,40.7,,,,,,,,,,,,,0.385,2.03,0,1,0.409,1.66,0,1,,,,,,,,
94996,20100209,-96.85,40.7,,,,,,,,,,,,,0.385,2.05,0,1,0.408,1.62,0,1,,,,,,,,
94996,20100210,-96.85,40.7,,,,,,,,,,,,,0.384,2.08,0,1,0.408,1.58,0,1,,,,,,,,
94996,20100211,-96.85,40.7,,,,,,,,,,,,,0.384,2.12,0,1,0.407,1.54,0,1,,,,,,,,
94996,20100212,-96.85,40.7,,,,,,,,,,,,,0.384,2.15,0,1,0.407,1.52,0,1,,,,,,,,
94996,20100213,-96.85,40.7,,,,,,,,,,,,,0.384,2.17,0,1,0.407,1.49,0,1,,,,,,,,
94996,20100214,-96.85,40.7,,,,,,,,,,,,,0.384,2.19,0,1,0.407,1.47,0,1,,,,,,,,
94996,20100215,-96.85,40.7,,,,,,,,,0.389,,,,0.384,2.19,0,1,0.407,1.46,0,1,,,,,,,,
94996,20100216,-96.85,40.7,,,,,,,,,0.389,,,,0.384,2.2,0,1,0.407,1.44,0,1,,,,,,,,
94996,20100217,-96.85,40.7,,,,,,,,,,,,,0.384,2.2,0,1,0.407,1.42,0,1,,,,,,,,
94996,20100218,-96.85,40.7,,,,,,,,,,,,,0.384,2.19,0,1,0.407,1.4,0,1,,,,,,,,
94996,20100219,-96.85,40.7,,,,,,,,,,,,,0.384,2.19,0,1,0.407,1.39,0,1,,,,,,,,
94996,20100220,-96.85,40.7,,,,,,,,,,,,,0.384,2.18,0,1,0.407,1.4,0,1,,,,,,,,
94996,20100221,-96.85,40.7,,,,,,,,,,,,,0.384,2.17,0,1,0.408,1.41,0,1,,,,,,,,
94996,20100222,-96.85,40.7,,,,,,,,,,,,,0.384,2.15,0,1,0.408,1.42,0,1,,,,,,,,
94996,20100223,-96.85,40.7,,,,,,,,,,,,,0.385,2.13,0,1,0.409,1.44,0,1,,,,,,,,
94996,20100224,-96.85,40.7,,,,,,,,,,,,,0.385,2.11,0,1,0.409,1.46,0,1,,,,,,,,
94996,20100225,-96.85,40.7,,,,,,,,,,,,,0.385,2.09,0,1,0.41,1.49,0,1,,,,,,,,
94996,20100226,-96.85,40.7,,,,,,,,,,,,,0.384,2.07,0,1,0.41,1.52,0,1,,,,,,,,
94996,20100227,-96.85,40.7,,,,,,,,,,,,,0.384,2.05,0,1,0.409,1.54,0,1,,,,,,,,
94996,20100228,-96.85,40.7,,,,,,,,,,,,,0.383,2.04,0,1,0.408,1.56,0,1,,,,,,,,
94996,20100301,-96.85,40.7,,,,,,,,,,,,,0.383,2.04,0,1,0.408,1.59,0,1,,,,,,,,
94996,20100302,-96.85,40.7,,,,,,,,,,,,,0.383,2.03,0,1,0.408,1.64,0,1,,,,,,,,
94996,20100303,-96.85,40.7,,,,,,,,,,,,,0.383,2.02,0,1,0.408,1.68,0,1,,,,,,,,
94996,20100304,-96.85,40.7,,,,,,,,,,,,,0.383,2.02,0,1,0.408,1.72,0,1,,,,,,,,
94996,20100305,-96.85,40.7,,,,,,,,,,,,,0.383,2.01,0,1,0.407,1.74,0,1,,,,,,,,
94996,20100306,-96.85,40.7,,,,,,,,,,,,,0.383,2,0,1,0.407,1.76,0,1,,,,,,,,
94996,20100307,-96.85,40.7,,,,,,,,,,,,,0.384,2,0,1,0.407,1.78,0,1,,,,,,,,
94996,20100308,-96.85,40.7,,,,,,,,,,,,,0.384,1.99,0,1,0.409,1.81,0,1,,,,,,,,
94996,20100309,-96.85,40.7,,,,,,,,,,,,,0.386,1.97,0,1,0.41,1.83,0,1,,,,,,,,
94996,20100310,-96.85,40.7,,,,,,,,,,,,,0.389,1.97,0,1,0.414,1.88,0,1,,,,,,,,
94996,20100311,-96.85,40.7,,,,,,,,,,,,,0.392,1.95,0,1,0.417,1.92,0,1,,,,,,,,
94996,20100312,-96.85,40.7,0.348,0.98,0,1,0.388,2.01,0,1,0.424,1.16,0,1,0.4,1.99,0,1,0.422,1.98,0,1,0.366,1.54,0,1,0.397,2.54,0,1
94996,20100313,-96.85,40.7,0.344,0.97,0,1,0.389,2,0,1,0.428,1.2,0,1,0.405,2.01,0,1,0.428,2.05,0,1,0.366,1.52,0,1,0.399,2.51,0,1
94996,20100314,-96.85,40.7,0.34,0.91,0,1,0.388,1.91,0,1,0.427,1.18,0,1,0.41,2.01,0,1,0.433,2.12,0,1,0.364,1.41,0,1,0.4,2.4,0,1
94996,20100315,-96.85,40.7,0.338,0.85,0,1,0.387,1.81,0,1,0.428,1.18,0,1,0.414,1.97,0,1,0.436,2.14,0,1,0.362,1.32,0,1,0.401,2.29,0,1
94996,20100316,-96.85,40.7,0.336,0.81,0,1,0.385,1.7,0,1,0.426,1.16,0,1,0.415,1.9,0,1,0.439,2.15,0,1,0.36,1.24,0,1,0.4,2.19,0,1
94996,20100317,-96.85,40.7,0.332,0.74,0,0.982,0.381,1.55,0,1,0.423,1.11,0,1,0.415,1.82,0,1,0.439,2.11,0,1,0.356,1.15,0,1,0.398,2.09,0,1
94996,20100318,-96.85,40.7,0.329,0.68,0,0.97,0.378,1.44,0,1,0.421,1.06,0,1,0.414,1.75,0,1,0.439,2.08,0,1,0.354,1.07,0,1,0.396,1.98,0,1
94996,20100319,-96.85,40.7,0.323,0.56,0,0.863,0.372,1.22,0,1,0.413,0.93,0,1,0.41,1.62,0,1,0.437,2.03,0,1,0.347,0.89,0,1,0.391,1.78,0,1
94996,20100320,-96.85,40.7,0.317,0.45,0,0.72,0.366,1.02,0,0.988,0.405,0.81,0,1,0.406,1.52,0,1,0.434,1.94,0,1,0.342,0.73,0,0.905,0.386,1.6,0,1
94996,20100321,-96.85,40.7,0.314,0.39,0,0.643,0.363,0.92,0,0.976,0.402,0.75,0,1,0.403,1.43,0,1,0.431,1.86,0,1,0.339,0.65,0,0.863,0.383,1.47,0,1
94996,20100322,-96.85,40.7,0.312,0.35,0,0.548,0.361,0.84,0,0.976,0.4,0.7,0,1,0.401,1.38,0,1,0.429,1.8,0,1,0.336,0.59,0,0.839,0.381,1.37,0,1
94996,20100323,-96.85,40.7,0.31,0.31,0,0.405,0.359,0.78,0,0.976,0.398,0.65,0,1,0.4,1.35,0,1,0.427,1.74,0,1,0.334,0.53,0,0.798,0.379,1.29,0,1
94996,20100324,-96.85,40.7,0.308,0.28,0,0.28,0.358,0.73,0,0.976,0.397,0.62,0,1,0.4,1.33,0,1,0.424,1.68,0,1,0.333,0.49,0,0.685,0.377,1.24,0,1
94996,20100325,-96.85,40.7,0.306,0.24,0,0.149,0.356,0.67,0,0.952,0.396,0.6,0,1,0.399,1.31,0,1,0.422,1.63,0,1,0.331,0.44,0,0.542,0.376,1.19,0,1
94996,20100326,-96.85,40.7,0.304,0.21,0,0.113,0.355,0.62,0,0.857,0.395,0.59,0,1,0.399,1.29,0,1,0.421,1.6,0,1,0.329,0.4,0,0.399,0.375,1.15,0,1
94996,20100327,-96.85,40.7,0.303,0.19,0,0.119,0.354,0.59,0,0.732,0.394,0.57,0,1,0.399,1.27,0,1,0.42,1.59,0,1,0.328,0.37,0,0.357,0.374,1.13,0,1
94996,20100328,-96.85,40.7,0.308,0.27,0,0.196,0.358,0.7,0,0.744,0.399,0.63,0,1,0.4,1.26,0,1,0.421,1.58,0,1,0.333,0.46,0,0.399,0.377,1.18,0,1
94996,20100329,-96.85,40.7,0.31,0.32,0,0.292,0.361,0.75,0,0.744,0.402,0.66,0,1,0.401,1.25,0,1,0.422,1.61,0,1,0.336,0.5,0,0.423,0.379,1.21,0,1
94996,20100330,-96.85,40.7,0.312,0.35,0,0.435,0.363,0.79,0,0.744,0.404,0.69,0,1,0.402,1.24,0,1,0.425,1.67,0,1,0.337,0.54,0,0.464,0.381,1.23,0,1
94996,20100331,-96.85,40.7,0.313,0.37,0,0.518,0.364,0.81,0,0.744,0.406,0.71,0,1,0.403,1.23,0,1,0.427,1.72,0,1,0.338,0.55,0,0.577,0.383,1.25,0,1
94996,20100401,-96.85,40.7,0.312,0.38,0,0.518,0.364,0.82,0,0.768,0.407,0.73,0,1,0.405,1.23,0,1,0.429,1.77,0,1,0.338,0.56,0,0.607,0.383,1.25,0,1
94996,20100402,-96.85,40.7,0.311,0.38,0,0.518,0.364,0.82,0,0.786,0.408,0.75,0,1,0.406,1.22,0,1,0.43,1.79,0,1,0.338,0.55,0,0.607,0.384,1.24,0,1
94996,20100403,-96.85,40.7,0.308,0.35,0,0.512,0.364,0.8,0,0.78,0.409,0.76,0,1,0.407,1.21,0,1,0.43,1.82,0,1,0.336,0.53,0,0.601,0.384,1.23,0,1
94996,20100404,-96.85,40.7,0.295,0.18,0,0.369,0.355,0.6,0,0.637,0.403,0.7,0,1,0.407,1.19,0,1,0.431,1.83,0,1,0.325,0.34,0,0.458,0.378,1.13,0,1
94996,20100405,-96.85,40.7,0.284,0.03,0.03,0.226,0.347,0.41,0,0.494,0.399,0.65,0,1,0.406,1.16,0,1,0.43,1.82,0,1,0.315,0.18,0,0.315,0.373,1.02,0,1
94996,20100406,-96.85,40.7,0.273,-0.11,0.149,0.083,0.339,0.25,0,0.351,0.394,0.6,0,1,0.405,1.14,0,1,0.428,1.78,0,1,0.306,0.04,0,0.173,0.368,0.92,0,1
94996,20100407,-96.85,40.7,0.263,-0.23,0.256,0,0.333,0.1,0,0.208,0.39,0.56,0,1,0.405,1.12,0,1,0.426,1.74,0,1,0.298,-0.09,0,0.03,0.363,0.83,0,1
94996,20100408,-96.85,40.7,0.255,-0.32,0.304,0,0.326,-0.03,0.012,0.065,0.387,0.52,0,1,0.404,1.11,0,1,0.424,1.71,0,1,0.29,-0.19,0.012,0,0.359,0.75,0,1
94996,20100409,-96.85,40.7,0.248,-0.39,0.393,0,0.321,-0.14,0.083,0,0.383,0.48,0,0.97,0.403,1.09,0,1,0.423,1.69,0,1,0.284,-0.28,0.06,0,0.356,0.67,0,1
94996,20100410,-96.85,40.7,0.243,-0.45,0.536,0,0.315,-0.23,0.22,0,0.379,0.44,0,0.857,0.402,1.07,0,1,0.422,1.66,0,1,0.279,-0.35,0.202,0,0.352,0.61,0,1
94996,20100411,-96.85,40.7,0.238,-0.49,0.679,0,0.311,-0.32,0.363,0,0.376,0.42,0,0.714,0.401,1.06,0,1,0.421,1.64,0,1,0.275,-0.4,0.345,0,0.349,0.56,0,1
94996,20100412,-96.85,40.7,0.234,-0.53,0.792,0,0.306,-0.39,0.506,0,0.373,0.39,0,0.571,0.4,1.04,0,1,0.42,1.62,0,1,0.27,-0.45,0.488,0,0.347,0.51,0,0.929
94996,20100413,-96.85,40.7,0.23,-0.57,0.815,0,0.301,-0.46,0.649,0,0.369,0.36,0,0.429,0.399,1.03,0,1,0.419,1.6,0,1,0.266,-0.5,0.631,0,0.344,0.47,0,0.786
94996,20100414,-96.85,40.7,0.225,-0.62,0.851,0,0.295,-0.56,0.792,0,0.365,0.31,0,0.286,0.399,1.01,0,1,0.418,1.59,0,1,0.26,-0.57,0.774,0,0.34,0.41,0,0.643
94996,20100415,-96.85,40.7,0.218,-0.67,0.946,0,0.288,-0.66,0.923,0,0.361,0.27,0,0.143,0.398,0.98,0,1,0.418,1.58,0,1,0.253,-0.64,0.905,0,0.336,0.34,0,0.5
94996,20100416,-96.85,40.7,0.212,-0.73,1,0,0.28,-0.77,0.994,0,0.356,0.22,0,0.03,0.397,0.96,0,1,0.417,1.58,0,1,0.246,-0.72,1,0,0.332,0.28,0,0.357
94996,20100417,-96.85,40.7,0.205,-0.78,1,0,0.272,-0.88,1,0,0.351,0.16,0,0,0.396,0.94,0,1,0.417,1.56,0,1,0.238,-0.8,1,0,0.328,0.2,0,0.214
94996,20100418,-96.85,40.7,0.199,-0.82,1,0,0.263,-0.99,1,0,0.345,0.1,0,0,0.395,0.91,0,1,0.416,1.54,0,1,0.231,-0.87,1,0,0.324,0.13,0,0.071
94996,20100419,-96.85,40.7,0.194,-0.86,1,0,0.255,-1.1,1,0,0.339,0.04,0,0,0.394,0.89,0,1,0.415,1.51,0,1,0.224,-0.94,1,0,0.319,0.06,0,0
94996,20100420,-96.85,40.7,0.19,-0.89,1,0,0.246,-1.2,1,0,0.332,-0.03,0,0,0.393,0.86,0,1,0.414,1.49,0,1,0.218,-1,1,0,0.315,-0.01,0,0
94996,20100421,-96.85,40.7,0.186,-0.92,1,0,0.24,-1.28,1,0,0.326,-0.09,0,0,0.391,0.84,0,1,0.413,1.46,0,1,0.213,-1.05,1,0,0.311,-0.07,0,0
94996,20100422,-96.85,40.7,0.184,-0.94,1,0,0.234,-1.34,1,0,0.32,-0.15,0,0,0.39,0.82,0,1,0.412,1.43,0,1,0.209,-1.09,1,0,0.308,-0.12,0,0
94996,20100423,-96.85,40.7,0.185,-0.92,0.976,0.018,0.231,-1.38,0.988,0,0.315,-0.2,0,0,0.389,0.8,0,1,0.411,1.39,0,1,0.208,-1.09,0.982,0,0.306,-0.16,0,0.012
94996,20100424,-96.85,40.7,0.203,-0.74,0.833,0.131,0.24,-1.23,0.845,0,0.311,-0.25,0,0,0.387,0.77,0,1,0.41,1.36,0,1,0.222,-0.91,0.839,0,0.31,-0.1,0,0.155
94996,20100425,-96.85,40.7,0.22,-0.57,0.69,0.131,0.249,-1.08,0.702,0,0.308,-0.28,0,0,0.385,0.75,0,1,0.41,1.33,0,1,0.234,-0.75,0.696,0,0.314,-0.04,0,0.214
94996,20100426,-96.85,40.7,0.235,-0.42,0.548,0.131,0.258,-0.93,0.56,0,0.306,-0.3,0,0,0.384,0.73,0,1,0.409,1.29,0,1,0.246,-0.6,0.554,0,0.318,0.02,0,0.214
94996,20100427,-96.85,40.7,0.25,-0.27,0.405,0.131,0.266,-0.79,0.5,0,0.304,-0.31,0.036,0,0.383,0.71,0,1,0.408,1.24,0,1,0.258,-0.45,0.411,0,0.322,0.07,0,0.214
94996,20100428,-96.85,40.7,0.264,-0.12,0.262,0.131,0.274,-0.65,0.482,0,0.303,-0.32,0.071,0,0.382,0.7,0,1,0.406,1.19,0,1,0.269,-0.3,0.268,0,0.326,0.13,0,0.214
94996,20100429,-96.85,40.7,0.276,0,0.119,0.131,0.281,-0.52,0.482,0,0.302,-0.33,0.185,0,0.381,0.68,0,1,0.406,1.14,0,1,0.278,-0.18,0.125,0,0.329,0.18,0,0.214
94996,20100430,-96.85,40.7,0.29,0.14,0,0.173,0.293,-0.33,0.435,0.06,0.308,-0.27,0.256,0.054,0.38,0.67,0,1,0.405,1.09,0,1,0.292,-0.02,0,0.06,0.335,0.26,0,0.262
94996,20100501,-96.85,40.7,0.293,0.16,0,0.202,0.301,-0.22,0.435,0.202,0.324,-0.12,0.256,0.196,0.379,0.65,0,1,0.404,1.03,0,1,0.297,0.04,0,0.202,0.34,0.33,0,0.262
94996,20100502,-96.85,40.7,0.294,0.17,0,0.268,0.307,-0.13,0.435,0.274,0.338,0.01,0.256,0.339,0.378,0.64,0,1,0.403,0.97,0,1,0.301,0.09,0,0.28,0.344,0.37,0,0.345
94996,20100503,-96.85,40.7,0.295,0.18,0,0.278,0.312,-0.06,0.451,0.284,0.348,0.11,0.265,0.463,0.377,0.62,0,1,0.403,0.93,0,1,0.303,0.12,0,0.29,0.347,0.41,0,0.469
94996,20100504,-96.85,40.7,0.295,0.18,0,0.278,0.318,0.02,0.364,0.284,0.36,0.22,0.228,0.593,0.375,0.6,0,1,0.403,0.9,0,1,0.306,0.16,0,0.29,0.35,0.45,0,0.617
94996,20100505,-96.85,40.7,0.292,0.17,0,0.278,0.322,0.08,0.235,0.284,0.371,0.32,0.191,0.593,0.374,0.58,0,1,0.402,0.88,0,1,0.307,0.18,0,0.29,0.352,0.48,0,0.722
94996,20100506,-96.85,40.7,0.29,0.15,0,0.278,0.325,0.13,0.086,0.284,0.38,0.4,0.074,0.593,0.373,0.56,0,1,0.402,0.85,0,1,0.307,0.19,0,0.29,0.354,0.5,0,0.722
94996,20100507,-96.85,40.7,0.285,0.1,0,0.253,0.321,0.1,0,0.247,0.381,0.41,0,0.537,0.372,0.54,0,1,0.402,0.82,0,1,0.303,0.15,0,0.259,0.352,0.47,0,0.691
94996,20100508,-96.85,40.7,0.286,0.11,0,0.253,0.316,0.04,0,0.099,0.375,0.33,0,0.389,0.372,0.53,0,1,0.402,0.8,0,1,0.301,0.13,0,0.253,0.35,0.43,0,0.691
94996,20100509,-96.85,40.7,0.287,0.11,0,0.278,0.312,0,0,0.025,0.37,0.27,0,0.241,0.371,0.5,0,1,0.402,0.78,0,1,0.3,0.12,0,0.198,0.348,0.4,0,0.691
94996,20100510,-96.85,40.7,0.288,0.12,0,0.268,0.31,-0.02,0,0.024,0.367,0.23,0,0.125,0.37,0.49,0,1,0.401,0.75,0,1,0.299,0.11,0,0.19,0.347,0.37,0,0.643
94996,20100511,-96.85,40.7,0.299,0.2,0,0.399,0.316,0.03,0,0.149,0.366,0.2,0,0,0.369,0.47,0,1,0.401,0.72,0,1,0.307,0.18,0,0.321,0.35,0.39,0,0.631
94996,20100512,-96.85,40.7,0.311,0.29,0,0.542,0.324,0.1,0,0.292,0.368,0.2,0,0,0.369,0.45,0,1,0.4,0.68,0,1,0.317,0.26,0,0.464,0.354,0.42,0,0.673
94996,20100513,-96.85,40.7,0.333,0.46,0,0.685,0.34,0.25,0,0.435,0.38,0.28,0,0.119,0.375,0.48,0,1,0.403,0.68,0,1,0.336,0.41,0,0.607,0.366,0.53,0,0.815
94996,20100514,-96.85,40.7,0.348,0.57,0,0.792,0.355,0.38,0,0.554,0.395,0.37,0,0.262,0.386,0.56,0,1,0.413,0.75,0,1,0.351,0.53,0,0.72,0.379,0.65,0,0.929
94996,20100515,-96.85,40.7,0.349,0.56,0,0.786,0.36,0.42,0,0.685,0.402,0.41,0,0.405,0.395,0.61,0,1,0.421,0.81,0,1,0.355,0.53,0,0.72,0.386,0.69,0,0.929
94996,20100516,-96.85,40.7,0.351,0.56,0,0.75,0.366,0.46,0,0.714,0.409,0.45,0,0.536,0.404,0.66,0,1,0.428,0.84,0,1,0.358,0.55,0,0.762,0.391,0.72,0,0.929
94996,20100517,-96.85,40.7,0.358,0.6,0,0.827,0.373,0.52,0,0.78,0.416,0.49,0,0.661,0.411,0.71,0,1,0.435,0.88,0,1,0.366,0.59,0,0.833,0.399,0.77,0,0.988
94996,20100518,-96.85,40.7,0.359,0.6,0,0.839,0.375,0.53,0,0.798,0.423,0.52,0,0.804,0.419,0.75,0,1,0.442,0.92,0,1,0.367,0.58,0,0.845,0.404,0.79,0,1
94996,20100519,-96.85,40.7,0.359,0.59,0,0.833,0.375,0.52,0,0.75,0.427,0.54,0,0.946,0.426,0.79,0,1,0.448,0.96,0,1,0.367,0.57,0,0.821,0.407,0.81,0,1
94996,20100520,-96.85,40.7,0.351,0.53,0,0.786,0.368,0.45,0,0.619,0.421,0.49,0,0.964,0.427,0.78,0,1,0.451,0.97,0,1,0.359,0.5,0,0.708,0.403,0.76,0,1
94996,20100521,-96.85,40.7,0.356,0.56,0,0.786,0.372,0.49,0,0.619,0.424,0.5,0,0.964,0.427,0.77,0,1,0.448,0.91,0,1,0.364,0.53,0,0.708,0.406,0.76,0,1
94996,20100522,-96.85,40.7,0.361,0.58,0,0.792,0.377,0.52,0,0.631,0.429,0.53,0,0.964,0.43,0.78,0,1,0.449,0.89,0,1,0.369,0.55,0,0.714,0.409,0.78,0,1
94996,20100523,-96.85,40.7,0.364,0.61,0,0.881,0.38,0.54,0,0.744,0.431,0.54,0,0.976,0.431,0.79,0,1,0.451,0.89,0,1,0.372,0.57,0,0.792,0.411,0.81,0,1
94996,20100524,-96.85,40.7,0.362,0.59,0,0.917,0.378,0.53,0,0.738,0.432,0.54,0,0.994,0.432,0.79,0,1,0.452,0.87,0,1,0.37,0.55,0,0.786,0.411,0.81,0,1
94996,20100525,-96.85,40.7,0.356,0.54,0,0.774,0.373,0.49,0,0.595,0.43,0.53,0,0.994,0.433,0.79,0,1,0.452,0.86,0,1,0.365,0.5,0,0.643,0.409,0.79,0,1
94996,20100526,-96.85,40.7,0.352,0.51,0,0.637,0.368,0.45,0,0.5,0.428,0.51,0,0.946,0.433,0.8,0,1,0.451,0.84,0,1,0.36,0.46,0,0.524,0.406,0.78,0,1
94996,20100527,-96.85,40.7,0.347,0.47,0,0.542,0.363,0.41,0,0.488,0.426,0.5,0,0.857,0.434,0.81,0,1,0.45,0.83,0,1,0.355,0.42,0,0.494,0.404,0.77,0,1
94996,20100528,-96.85,40.7,0.331,0.36,0,0.399,0.346,0.28,0,0.345,0.412,0.41,0,0.714,0.428,0.77,0,1,0.447,0.81,0,1,0.338,0.29,0,0.351,0.393,0.68,0,1
94996,20100529,-96.85,40.7,0.316,0.26,0,0.256,0.331,0.16,0,0.202,0.4,0.34,0,0.571,0.423,0.73,0,1,0.442,0.79,0,1,0.323,0.18,0,0.208,0.383,0.6,0,0.929
94996,20100530,-96.85,40.7,0.303,0.17,0,0.113,0.318,0.06,0,0.06,0.391,0.29,0,0.429,0.419,0.7,0,1,0.437,0.76,0,1,0.31,0.09,0,0.065,0.374,0.53,0,0.786
94996,20100531,-96.85,40.7,0.29,0.08,0,0,0.305,-0.03,0,0,0.382,0.24,0,0.286,0.417,0.68,0,1,0.433,0.74,0,1,0.297,0,0,0,0.365,0.46,0,0.643
94996,20100601,-96.85,40.7,0.278,-0.01,0,0,0.294,-0.11,0,0,0.374,0.19,0,0.143,0.414,0.65,0,1,0.431,0.74,0,1,0.286,-0.08,0,0,0.358,0.4,0,0.5
94996,20100602,-96.85,40.7,0.276,-0.02,0,0.071,0.293,-0.12,0,0.065,0.371,0.17,0,0.107,0.412,0.63,0,1,0.429,0.74,0,1,0.284,-0.09,0,0.071,0.356,0.39,0,0.429
94996,20100603,-96.85,40.7,0.283,0.02,0,0.19,0.301,-0.06,0,0.196,0.372,0.18,0,0.155,0.41,0.62,0,1,0.429,0.75,0,1,0.292,-0.04,0,0.19,0.359,0.41,0,0.429
94996,20100604,-96.85,40.7,0.289,0.06,0,0.274,0.307,-0.01,0,0.196,0.373,0.18,0,0.155,0.409,0.61,0,1,0.429,0.75,0,1,0.298,0,0,0.196,0.361,0.43,0,0.429
94996,20100605,-96.85,40.7,0.298,0.12,0,0.321,0.314,0.03,0,0.196,0.375,0.19,0,0.155,0.407,0.6,0,1,0.427,0.75,0,1,0.306,0.05,0,0.196,0.364,0.45,0,0.5
94996,20100606,-96.85,40.7,0.306,0.17,0,0.321,0.32,0.08,0,0.196,0.377,0.19,0,0.155,0.407,0.59,0,1,0.427,0.75,0,1,0.313,0.1,0,0.196,0.367,0.47,0,0.619
94996,20100607,-96.85,40.7,0.313,0.22,0,0.321,0.326,0.12,0,0.196,0.379,0.2,0,0.155,0.406,0.59,0,1,0.426,0.75,0,1,0.32,0.14,0,0.196,0.37,0.49,0,0.619
94996,20100608,-96.85,40.7,0.326,0.3,0,0.339,0.335,0.18,0,0.214,0.382,0.21,0,0.155,0.404,0.59,0,1,0.425,0.75,0,1,0.33,0.21,0,0.214,0.374,0.52,0,0.643
94996,20100609,-96.85,40.7,0.336,0.37,0,0.411,0.345,0.25,0,0.292,0.387,0.23,0,0.101,0.403,0.59,0,1,0.424,0.75,0,1,0.34,0.28,0,0.286,0.379,0.56,0,0.714
94996,20100610,-96.85,40.7,0.334,0.36,0,0.417,0.344,0.25,0,0.274,0.385,0.23,0,0.006,0.401,0.58,0,1,0.422,0.74,0,1,0.339,0.28,0,0.268,0.377,0.55,0,0.714
94996,20100611,-96.85,40.7,0.332,0.36,0,0.381,0.344,0.25,0,0.274,0.384,0.22,0,0.006,0.399,0.58,0,1,0.421,0.74,0,1,0.338,0.28,0,0.262,0.376,0.55,0,0.714
94996,20100612,-96.85,40.7,0.33,0.36,0,0.351,0.345,0.26,0,0.292,0.383,0.23,0,0.006,0.397,0.58,0,1,0.42,0.75,0,1,0.338,0.29,0,0.28,0.375,0.56,0,0.714
94996,20100613,-96.85,40.7,0.339,0.43,0,0.494,0.354,0.33,0,0.435,0.387,0.25,0,0.042,0.395,0.57,0,1,0.419,0.76,0,1,0.346,0.36,0,0.423,0.379,0.6,0,0.738
94996,20100614,-96.85,40.7,0.35,0.53,0,0.637,0.366,0.42,0,0.577,0.393,0.29,0,0.089,0.394,0.58,0,1,0.419,0.78,0,1,0.358,0.46,0,0.565,0.384,0.66,0,0.881
94996,20100615,-96.85,40.7,0.358,0.61,0,0.762,0.377,0.5,0,0.702,0.401,0.35,0,0.232,0.394,0.59,0,1,0.42,0.82,0,1,0.367,0.54,0,0.69,0.39,0.72,0,1
94996,20100616,-96.85,40.7,0.357,0.63,0,0.762,0.375,0.51,0,0.702,0.403,0.37,0,0.369,0.394,0.6,0,1,0.421,0.86,0,1,0.366,0.56,0,0.69,0.39,0.74,0,1
94996,20100617,-96.85,40.7,0.356,0.65,0,0.78,0.375,0.51,0,0.732,0.405,0.39,0,0.512,0.394,0.61,0,1,0.421,0.88,0,1,0.365,0.58,0,0.732,0.39,0.75,0,1
94996,20100618,-96.85,40.7,0.354,0.66,0,0.875,0.373,0.51,0,0.786,0.406,0.41,0,0.631,0.394,0.61,0,1,0.421,0.91,0,1,0.363,0.59,0,0.875,0.389,0.76,0,1
94996,20100619,-96.85,40.7,0.351,0.66,0,0.988,0.37,0.51,0,0.768,0.407,0.43,0,0.643,0.393,0.62,0,1,0.42,0.92,0,1,0.361,0.6,0,0.97,0.388,0.77,0,1
94996,20100620,-96.85,40.7,0.339,0.6,0,0.845,0.359,0.45,0,0.625,0.403,0.42,0,0.607,0.392,0.62,0,1,0.42,0.93,0,1,0.349,0.54,0,0.827,0.383,0.74,0,1
94996,20100621,-96.85,40.7,0.343,0.64,0,0.839,0.361,0.47,0,0.601,0.408,0.46,0,0.679,0.394,0.64,0,1,0.42,0.95,0,1,0.352,0.58,0,0.815,0.385,0.78,0,1
94996,20100622,-96.85,40.7,0.349,0.69,0,0.839,0.365,0.51,0,0.601,0.415,0.52,0,0.679,0.404,0.72,0,1,0.426,1.02,0,1,0.357,0.63,0,0.815,0.392,0.85,0,1
94996,20100623,-96.85,40.7,0.353,0.72,0,0.839,0.368,0.55,0,0.601,0.42,0.55,0,0.679,0.412,0.77,0,1,0.432,1.09,0,1,0.361,0.67,0,0.815,0.397,0.91,0,1
94996,20100624,-96.85,40.7,0.363,0.79,0,0.839,0.376,0.61,0,0.601,0.429,0.61,0,0.679,0.422,0.85,0,1,0.439,1.17,0,1,0.37,0.74,0,0.815,0.406,1,0,1
94996,20100625,-96.85,40.7,0.371,0.84,0,0.839,0.383,0.67,0,0.69,0.435,0.65,0,0.702,0.43,0.9,0,1,0.446,1.25,0,1,0.377,0.8,0,0.815,0.413,1.07,0,1
94996,20100626,-96.85,40.7,0.376,0.88,0,0.851,0.39,0.72,0,0.833,0.44,0.69,0,0.833,0.436,0.95,0,1,0.453,1.32,0,1,0.383,0.84,0,0.845,0.419,1.13,0,1
94996,20100627,-96.85,40.7,0.379,0.9,0,0.917,0.396,0.77,0,0.964,0.445,0.72,0,0.976,0.442,0.99,0,1,0.458,1.38,0,1,0.387,0.87,0,0.935,0.424,1.19,0,1
94996,20100628,-96.85,40.7,0.364,0.79,0,0.78,0.387,0.71,0,0.845,0.44,0.7,0,1,0.445,1.01,0,1,0.461,1.43,0,1,0.375,0.79,0,0.804,0.42,1.16,0,1
94996,20100629,-96.85,40.7,0.343,0.65,0,0.637,0.373,0.61,0,0.702,0.428,0.63,0,0.946,0.439,0.96,0,1,0.456,1.38,0,1,0.358,0.67,0,0.661,0.408,1.08,0,1
94996,20100630,-96.85,40.7,0.324,0.53,0,0.494,0.359,0.52,0,0.56,0.419,0.59,0,0.804,0.434,0.94,0,1,0.452,1.35,0,1,0.342,0.56,0,0.518,0.398,1.01,0,1
94996,20100701,-96.85,40.7,0.301,0.37,0,0.351,0.341,0.4,0,0.417,0.405,0.51,0,0.661,0.426,0.89,0,1,0.447,1.3,0,1,0.321,0.41,0,0.375,0.384,0.91,0,1
94996,20100702,-96.85,40.7,0.281,0.25,0,0.208,0.324,0.29,0,0.274,0.394,0.46,0,0.518,0.42,0.86,0,1,0.441,1.25,0,1,0.303,0.29,0,0.232,0.372,0.83,0,1
94996,20100703,-96.85,40.7,0.263,0.13,0,0.065,0.308,0.18,0,0.131,0.383,0.41,0,0.375,0.415,0.84,0,1,0.437,1.21,0,1,0.286,0.18,0,0.089,0.361,0.76,0,1
94996,20100704,-96.85,40.7,0.251,0.06,0,0.012,0.295,0.09,0,0.006,0.371,0.36,0,0.232,0.409,0.81,0,1,0.433,1.19,0,1,0.273,0.09,0,0.012,0.352,0.7,0,0.988
94996,20100705,-96.85,40.7,0.268,0.2,0,0.155,0.307,0.21,0,0.149,0.379,0.45,0,0.226,0.408,0.82,0,1,0.431,1.19,0,1,0.287,0.23,0,0.155,0.359,0.8,0,0.988
94996,20100706,-96.85,40.7,0.283,0.33,0,0.298,0.318,0.33,0,0.292,0.386,0.53,0,0.28,0.409,0.86,0,1,0.431,1.21,0,1,0.3,0.35,0,0.298,0.365,0.91,0,0.988
94996,20100707,-96.85,40.7,0.298,0.47,0,0.44,0.33,0.45,0,0.435,0.392,0.62,0,0.423,0.411,0.89,0,1,0.429,1.23,0,1,0.314,0.48,0,0.44,0.372,1.02,0,0.988
94996,20100708,-96.85,40.7,0.313,0.61,0,0.583,0.344,0.59,0,0.577,0.399,0.71,0,0.565,0.413,0.93,0,1,0.428,1.26,0,1,0.328,0.62,0,0.583,0.379,1.14,0,0.988
94996,20100709,-96.85,40.7,0.33,0.75,0,0.726,0.358,0.73,0,0.72,0.408,0.8,0,0.708,0.415,0.98,0,1,0.427,1.3,0,1,0.344,0.77,0,0.726,0.388,1.27,0,0.988
94996,20100710,-96.85,40.7,0.344,0.88,0,0.869,0.373,0.88,0,0.863,0.417,0.9,0,0.851,0.418,1.03,0,1,0.427,1.34,0,1,0.358,0.9,0,0.869,0.396,1.4,0,0.988
94996,20100711,-96.85,40.7,0.357,0.99,0,1,0.388,1.03,0,1,0.428,1.01,0,0.994,0.422,1.09,0,1,0.427,1.4,0,1,0.372,1.04,0,1,0.404,1.54,0,1
94996,20100712,-96.85,40.7,0.352,0.98,0,1,0.385,1.04,0,1,0.426,1.02,0,1,0.422,1.12,0,1,0.425,1.43,0,1,0.369,1.03,0,1,0.402,1.58,0,1
94996,20100713,-96.85,40.7,0.352,0.99,0,1,0.384,1.07,0,1,0.424,1.04,0,1,0.421,1.15,0,1,0.424,1.45,0,1,0.368,1.05,0,1,0.401,1.62,0,1
94996,20100714,-96.85,40.7,0.35,1,0,1,0.384,1.1,0,1,0.424,1.07,0,1,0.421,1.18,0,1,0.423,1.47,0,1,0.367,1.08,0,1,0.4,1.68,0,1
94996,20100715,-96.85,40.7,0.351,1.02,0,1,0.385,1.15,0,1,0.423,1.1,0,1,0.42,1.2,0,1,0.421,1.5,0,1,0.368,1.12,0,1,0.4,1.74,0,1
94996,20100716,-96.85,40.7,0.353,1.05,0,1,0.387,1.22,0,1,0.424,1.14,0,1,0.419,1.23,0,1,0.42,1.51,0,1,0.37,1.17,0,1,0.401,1.83,0,1
94996,20100717,-96.85,40.7,0.354,1.07,0,1,0.388,1.28,0,1,0.424,1.17,0,1,0.419,1.25,0,1,0.419,1.53,0,1,0.371,1.22,0,1,0.401,1.91,0,1
94996,20100718,-96.85,40.7,0.354,1.08,0,1,0.389,1.33,0,1,0.424,1.21,0,1,0.418,1.28,0,1,0.419,1.56,0,1,0.372,1.25,0,1,0.401,1.99,0,1
94996,20100719,-96.85,40.7,0.348,1.04,0,1,0.385,1.33,0,1,0.418,1.2,0,1,0.417,1.3,0,1,0.419,1.6,0,1,0.366,1.24,0,1,0.397,2.02,0,1
94996,20100720,-96.85,40.7,0.34,0.99,0,1,0.381,1.33,0,1,0.413,1.21,0,1,0.415,1.32,0,1,0.418,1.63,0,1,0.361,1.21,0,1,0.393,2.05,0,1
94996,20100721,-96.85,40.7,0.341,1.02,0,1,0.383,1.37,0,1,0.41,1.23,0,1,0.413,1.34,0,1,0.418,1.67,0,1,0.362,1.25,0,1,0.393,2.13,0,1
94996,20100722,-96.85,40.7,0.344,1.06,0,1,0.386,1.42,0,1,0.413,1.3,0,1,0.411,1.37,0,1,0.419,1.71,0,1,0.365,1.3,0,1,0.395,2.22,0,1
94996,20100723,-96.85,40.7,0.34,1.04,0,1,0.386,1.44,0,1,0.414,1.35,0,1,0.41,1.39,0,1,0.418,1.74,0,1,0.363,1.3,0,1,0.394,2.25,0,1
94996,20100724,-96.85,40.7,0.335,1.03,0,1,0.384,1.46,0,1,0.415,1.41,0,1,0.409,1.42,0,1,0.418,1.77,0,1,0.36,1.29,0,1,0.392,2.28,0,1
94996,20100725,-96.85,40.7,0.329,1.02,0,1,0.382,1.46,0,1,0.415,1.45,0,1,0.408,1.44,0,1,0.416,1.78,0,1,0.356,1.29,0,1,0.39,2.29,0,1
94996,20100726,-96.85,40.7,0.321,0.98,0,1,0.377,1.44,0,1,0.414,1.49,0,1,0.407,1.46,0,1,0.415,1.8,0,1,0.349,1.25,0,1,0.387,2.28,0,1
94996,20100727,-96.85,40.7,0.311,0.93,0,1,0.37,1.41,0,1,0.412,1.5,0,1,0.405,1.46,0,1,0.414,1.81,0,1,0.34,1.21,0,1,0.382,2.25,0,1
94996,20100728,-96.85,40.7,0.293,0.81,0,0.923,0.356,1.32,0,1,0.407,1.48,0,1,0.403,1.46,0,1,0.412,1.83,0,1,0.325,1.1,0,1,0.374,2.16,0,1
94996,20100729,-96.85,40.7,0.272,0.65,0,0.78,0.338,1.18,0,1,0.395,1.4,0,1,0.401,1.45,0,1,0.411,1.84,0,1,0.305,0.93,0,1,0.363,2.02,0,1
94996,20100730,-96.85,40.7,0.257,0.55,0,0.637,0.321,1.05,0,1,0.384,1.32,0,1,0.398,1.43,0,1,0.41,1.87,0,1,0.289,0.81,0,0.988,0.354,1.9,0,1
94996,20100731,-96.85,40.7,0.245,0.47,0,0.494,0.307,0.93,0,1,0.372,1.23,0,1,0.394,1.4,0,1,0.41,1.9,0,1,0.276,0.7,0,0.923,0.346,1.8,0,1
94996,20100801,-96.85,40.7,0.236,0.39,0,0.351,0.293,0.81,0,0.946,0.361,1.13,0,1,0.39,1.36,0,1,0.409,1.92,0,1,0.265,0.6,0,0.78,0.338,1.68,0,1
94996,20100802,-96.85,40.7,0.228,0.33,0,0.208,0.28,0.7,0,0.804,0.349,1.03,0,1,0.386,1.32,0,1,0.407,1.94,0,1,0.254,0.5,0,0.637,0.33,1.57,0,1
94996,20100803,-96.85,40.7,0.221,0.26,0,0.065,0.269,0.58,0,0.661,0.337,0.92,0,1,0.382,1.28,0,1,0.406,1.94,0,1,0.245,0.4,0,0.494,0.323,1.46,0,1
94996,20100804,-96.85,40.7,0.218,0.24,0,0.024,0.26,0.49,0,0.518,0.327,0.83,0,1,0.377,1.24,0,1,0.404,1.94,0,1,0.239,0.34,0,0.375,0.317,1.37,0,1
94996,20100805,-96.85,40.7,0.229,0.35,0,0.167,0.253,0.42,0,0.375,0.318,0.75,0,1,0.374,1.21,0,1,0.403,1.94,0,1,0.241,0.37,0,0.375,0.315,1.34,0,1
94996,20100806,-96.85,40.7,0.235,0.41,0,0.31,0.248,0.37,0,0.232,0.31,0.69,0,1,0.37,1.18,0,1,0.401,1.93,0,1,0.242,0.37,0,0.357,0.313,1.31,0,1
94996,20100807,-96.85,40.7,0.237,0.43,0,0.339,0.244,0.33,0,0.089,0.304,0.63,0,1,0.367,1.15,0,1,0.399,1.91,0,1,0.241,0.36,0,0.28,0.31,1.27,0,1
94996,20100808,-96.85,40.7,0.237,0.43,0,0.339,0.241,0.29,0,0,0.299,0.58,0,0.982,0.364,1.12,0,1,0.398,1.89,0,1,0.239,0.35,0,0.28,0.308,1.23,0,1
94996,20100809,-96.85,40.7,0.236,0.42,0,0.339,0.239,0.27,0,0,0.295,0.54,0,0.845,0.361,1.1,0,1,0.396,1.87,0,1,0.238,0.34,0,0.28,0.306,1.19,0,1
94996,20100810,-96.85,40.7,0.235,0.41,0,0.339,0.238,0.25,0,0,0.292,0.51,0,0.702,0.358,1.07,0,1,0.395,1.85,0,1,0.236,0.32,0,0.28,0.304,1.15,0,1
94996,20100811,-96.85,40.7,0.231,0.37,0,0.315,0.236,0.23,0,0,0.288,0.47,0,0.56,0.356,1.05,0,1,0.393,1.82,0,1,0.233,0.29,0,0.256,0.301,1.1,0,1
94996,20100812,-96.85,40.7,0.213,0.2,0,0.173,0.234,0.2,0,0,0.284,0.43,0,0.417,0.353,1.02,0,1,0.391,1.78,0,1,0.224,0.19,0,0.113,0.295,0.99,0,1
94996,20100813,-96.85,40.7,0.201,0.08,0,0.03,0.23,0.16,0,0,0.279,0.39,0,0.274,0.35,1,0,1,0.389,1.74,0,1,0.216,0.1,0,0,0.29,0.9,0,1
94996,20100814,-96.85,40.7,0.193,0,0,0,0.227,0.12,0,0,0.274,0.34,0,0.131,0.346,0.97,0,1,0.386,1.7,0,1,0.21,0.04,0,0,0.285,0.81,0,1
94996,20100815,-96.85,40.7,0.187,-0.05,0,0,0.223,0.07,0,0,0.269,0.29,0,0.006,0.342,0.93,0,1,0.384,1.67,0,1,0.205,-0.01,0,0,0.281,0.72,0,1
94996,20100816,-96.85,40.7,0.182,-0.1,0,0,0.219,0.03,0,0,0.264,0.24,0,0,0.339,0.9,0,1,0.381,1.62,0,1,0.2,-0.05,0,0,0.277,0.64,0,0.988
94996,20100817,-96.85,40.7,0.178,-0.14,0,0,0.215,-0.02,0,0,0.259,0.2,0,0,0.335,0.87,0,1,0.378,1.58,0,1,0.196,-0.09,0,0,0.273,0.57,0,0.964
94996,20100818,-96.85,40.7,0.175,-0.16,0,0,0.211,-0.06,0,0,0.254,0.15,0,0,0.332,0.85,0,1,0.376,1.54,0,1,0.193,-0.12,0,0,0.27,0.5,0,0.845
94996,20100819,-96.85,40.7,0.173,-0.18,0,0,0.208,-0.08,0,0,0.25,0.12,0,0,0.329,0.83,0,1,0.374,1.51,0,1,0.191,-0.14,0,0,0.267,0.45,0,0.702
94996,20100820,-96.85,40.7,0.172,-0.19,0,0,0.207,-0.1,0,0,0.247,0.1,0,0,0.326,0.83,0,1,0.372,1.47,0,1,0.189,-0.15,0,0,0.265,0.4,0,0.56
94996,20100821,-96.85,40.7,0.172,-0.19,0,0,0.205,-0.12,0,0,0.245,0.08,0,0,0.323,0.82,0,1,0.37,1.42,0,1,0.189,-0.16,0,0,0.263,0.37,0,0.423
94996,20100822,-96.85,40.7,0.172,-0.19,0,0,0.205,-0.12,0,0,0.243,0.06,0,0,0.321,0.82,0,1,0.368,1.37,0,1,0.188,-0.15,0,0,0.262,0.35,0,0.28
94996,20100823,-96.85,40.7,0.172,-0.18,0,0,0.204,-0.12,0,0,0.242,0.06,0,0,0.319,0.82,0,1,0.367,1.31,0,1,0.188,-0.15,0,0,0.261,0.33,0,0.149
94996,20100824,-96.85,40.7,0.177,-0.14,0,0.03,0.207,-0.09,0,0.03,0.242,0.05,0,0,0.317,0.83,0,1,0.365,1.25,0,1,0.192,-0.11,0,0.03,0.262,0.33,0,0.065
94996,20100825,-96.85,40.7,0.193,0.01,0,0.173,0.218,0.02,0,0.101,0.241,0.05,0,0,0.316,0.83,0,1,0.363,1.19,0,1,0.205,0.03,0,0.173,0.266,0.39,0,0.185
94996,20100826,-96.85,40.7,0.203,0.11,0,0.22,0.225,0.1,0,0.101,0.24,0.05,0,0,0.314,0.81,0,1,0.361,1.13,0,1,0.214,0.12,0,0.202,0.269,0.42,0,0.327
94996,20100827,-96.85,40.7,0.209,0.17,0,0.22,0.23,0.16,0,0.101,0.24,0.04,0,0,0.313,0.8,0,1,0.36,1.08,0,1,0.219,0.18,0,0.202,0.27,0.44,0,0.47
94996,20100828,-96.85,40.7,0.211,0.19,0,0.22,0.233,0.19,0,0.101,0.239,0.04,0,0,0.312,0.78,0,1,0.359,1.04,0,1,0.222,0.21,0,0.202,0.271,0.44,0,0.506
94996,20100829,-96.85,40.7,0.212,0.21,0,0.22,0.233,0.2,0,0.101,0.238,0.03,0,0,0.31,0.76,0,1,0.357,1,0,1,0.223,0.22,0,0.202,0.27,0.43,0,0.506
94996,20100830,-96.85,40.7,0.213,0.22,0,0.22,0.233,0.2,0,0.101,0.237,0.03,0,0,0.309,0.74,0,1,0.356,0.98,0,1,0.223,0.23,0,0.202,0.27,0.42,0,0.506
94996,20100831,-96.85,40.7,0.208,0.18,0,0.19,0.23,0.17,0,0.071,0.237,0.02,0,0,0.308,0.72,0,1,0.356,0.96,0,1,0.219,0.19,0,0.173,0.268,0.39,0,0.47
94996,20100901,-96.85,40.7,0.194,0.06,0,0.048,0.219,0.06,0,0,0.236,0.02,0,0,0.307,0.69,0,1,0.354,0.94,0,1,0.206,0.06,0,0.03,0.262,0.3,0,0.327
94996,20100902,-96.85,40.7,0.194,0.07,0,0.054,0.212,-0.01,0,0,0.236,0.02,0,0,0.306,0.67,0,1,0.354,0.92,0,1,0.203,0.03,0,0.042,0.26,0.28,0,0.238
94996,20100903,-96.85,40.7,0.205,0.17,0,0.196,0.208,-0.04,0,0,0.235,0.02,0,0,0.305,0.65,0,1,0.352,0.9,0,1,0.207,0.06,0,0.06,0.261,0.29,0,0.238
94996,20100904,-96.85,40.7,0.213,0.24,0,0.256,0.206,-0.06,0,0,0.234,0.01,0,0,0.304,0.64,0,1,0.352,0.88,0,1,0.21,0.09,0,0.06,0.262,0.29,0,0.274
94996,20100905,-96.85,40.7,0.217,0.28,0,0.256,0.206,-0.06,0,0,0.233,0,0,0,0.303,0.62,0,1,0.351,0.86,0,1,0.212,0.11,0,0.06,0.262,0.29,0,0.274
94996,20100906,-96.85,40.7,0.219,0.31,0,0.256,0.205,-0.06,0,0,0.233,0,0,0,0.302,0.6,0,1,0.35,0.84,0,1,0.212,0.12,0,0.06,0.262,0.29,0,0.274
94996,20100907,-96.85,40.7,0.22,0.32,0,0.256,0.205,-0.06,0,0,0.232,0,0,0,0.3,0.58,0,1,0.349,0.82,0,1,0.212,0.13,0,0.06,0.261,0.29,0,0.274
94996,20100908,-96.85,40.7,0.217,0.29,0,0.256,0.204,-0.07,0,0,0.231,0,0,0,0.299,0.57,0,1,0.349,0.81,0,1,0.211,0.11,0,0.06,0.26,0.28,0,0.274
94996,20100909,-96.85,40.7,0.205,0.17,0.012,0.202,0.202,-0.09,0.119,0,0.23,-0.01,0,0,0.298,0.56,0,1,0.348,0.79,0,1,0.203,0.04,0.065,0.018,0.256,0.23,0,0.22
94996,20100910,-96.85,40.7,0.186,0,0.089,0.06,0.198,-0.13,0.25,0,0.229,-0.01,0,0,0.297,0.55,0,1,0.347,0.78,0,1,0.192,-0.07,0.202,0,0.251,0.17,0,0.077
94996,20100911,-96.85,40.7,0.174,-0.12,0.214,0,0.195,-0.16,0.393,0,0.228,-0.01,0,0,0.296,0.55,0,1,0.346,0.76,0,1,0.185,-0.15,0.345,0,0.248,0.13,0,0
94996,20100912,-96.85,40.7,0.166,-0.2,0.357,0,0.193,-0.19,0.536,0,0.228,-0.01,0,0,0.295,0.54,0,1,0.345,0.76,0,1,0.18,-0.21,0.488,0,0.246,0.1,0,0
94996,20100913,-96.85,40.7,0.162,-0.25,0.5,0,0.191,-0.22,0.679,0,0.227,-0.01,0,0,0.294,0.53,0,1,0.344,0.75,0,1,0.176,-0.25,0.631,0,0.244,0.08,0,0
94996,20100914,-96.85,40.7,0.162,-0.26,0.56,0,0.19,-0.24,0.821,0,0.227,-0.01,0,0,0.294,0.53,0,1,0.343,0.74,0,1,0.176,-0.27,0.702,0,0.243,0.07,0,0
94996,20100915,-96.85,40.7,0.164,-0.25,0.56,0,0.19,-0.24,0.964,0,0.228,0,0,0,0.293,0.52,0,1,0.342,0.74,0,1,0.177,-0.27,0.75,0,0.243,0.08,0,0
94996,20100916,-96.85,40.7,0.165,-0.24,0.548,0,0.191,-0.24,0.982,0,0.229,0.01,0,0,0.293,0.52,0,1,0.342,0.74,0,1,0.178,-0.27,0.75,0,0.244,0.09,0,0
94996,20100917,-96.85,40.7,0.166,-0.24,0.47,0,0.191,-0.24,0.994,0,0.229,0.02,0,0,0.293,0.52,0,1,0.342,0.74,0,1,0.178,-0.28,0.738,0,0.244,0.1,0,0
94996,20100918,-96.85,40.7,0.166,-0.23,0.345,0,0.191,-0.24,0.994,0,0.229,0.02,0,0,0.292,0.52,0,1,0.341,0.74,0,1,0.178,-0.27,0.625,0,0.244,0.11,0,0
94996,20100919,-96.85,40.7,0.167,-0.22,0.22,0,0.19,-0.24,0.994,0,0.229,0.02,0,0,0.292,0.52,0,1,0.341,0.74,0,1,0.179,-0.26,0.53,0,0.244,0.11,0,0
94996,20100920,-96.85,40.7,0.167,-0.21,0.083,0,0.19,-0.24,0.994,0,0.229,0.02,0,0,0.291,0.52,0,1,0.341,0.73,0,1,0.179,-0.25,0.452,0,0.244,0.12,0,0
94996,20100921,-96.85,40.7,0.165,-0.22,0.024,0,0.19,-0.24,0.994,0,0.228,0.01,0,0,0.291,0.52,0,1,0.34,0.73,0,1,0.178,-0.25,0.381,0,0.243,0.12,0,0
94996,20100922,-96.85,40.7,0.163,-0.22,0.024,0,0.189,-0.24,0.988,0,0.227,0,0,0,0.29,0.51,0,1,0.34,0.71,0,1,0.176,-0.25,0.333,0,0.242,0.11,0,0
94996,20100923,-96.85,40.7,0.161,-0.23,0.024,0,0.189,-0.23,0.905,0,0.226,0,0,0,0.289,0.5,0,1,0.339,0.7,0,1,0.175,-0.25,0.268,0,0.241,0.11,0,0
94996,20100924,-96.85,40.7,0.164,-0.19,0.024,0,0.194,-0.16,0.762,0.077,0.225,-0.01,0,0,0.289,0.49,0,1,0.339,0.69,0,1,0.179,-0.19,0.143,0,0.242,0.13,0,0.077
94996,20100925,-96.85,40.7,0.168,-0.14,0.024,0,0.201,-0.06,0.623,0.084,0.225,-0.01,0,0,0.289,0.48,0,1,0.339,0.68,0,1,0.185,-0.12,0.114,0,0.245,0.17,0,0.21
94996,20100926,-96.85,40.7,0.18,-0.03,0.006,0.054,0.213,0.08,0.479,0.228,0.225,0,0,0,0.288,0.47,0,1,0.339,0.67,0,1,0.196,0.01,0.066,0.114,0.249,0.23,0,0.353
94996,20100927,-96.85,40.7,0.19,0.06,0,0.054,0.222,0.2,0.335,0.329,0.226,0.01,0,0,0.288,0.45,0,1,0.339,0.65,0,1,0.206,0.11,0,0.114,0.253,0.29,0,0.497
94996,20100928,-96.85,40.7,0.197,0.13,0,0.054,0.231,0.3,0.192,0.335,0.227,0.02,0,0,0.288,0.44,0,1,0.339,0.64,0,1,0.214,0.2,0,0.114,0.256,0.33,0,0.641
94996,20100929,-96.85,40.7,0.203,0.19,0,0.054,0.238,0.4,0.054,0.335,0.228,0.03,0,0,0.287,0.43,0,1,0.339,0.64,0,1,0.221,0.27,0,0.114,0.259,0.37,0,0.766
94996,20100930,-96.85,40.7,0.208,0.23,0,0.054,0.244,0.48,0,0.335,0.228,0.04,0,0,0.287,0.42,0,1,0.338,0.63,0,1,0.226,0.33,0,0.114,0.261,0.4,0,0.772
94996,20101001,-96.85,40.7,0.207,0.22,0,0.054,0.243,0.47,0,0.257,0.229,0.05,0,0,0.286,0.4,0,1,0.337,0.62,0,1,0.225,0.31,0,0.114,0.261,0.39,0,0.695
94996,20101002,-96.85,40.7,0.204,0.2,0,0.054,0.239,0.43,0,0.25,0.23,0.07,0,0,0.286,0.39,0,1,0.337,0.61,0,1,0.222,0.27,0,0.113,0.259,0.37,0,0.56
94996,20101003,-96.85,40.7,0.194,0.1,0,0,0.23,0.34,0,0.107,0.229,0.07,0,0,0.285,0.37,0,1,0.336,0.6,0,1,0.212,0.17,0,0,0.255,0.32,0,0.417
94996,20101004,-96.85,40.7,0.185,0.02,0,0,0.223,0.25,0,0.006,0.229,0.07,0,0,0.284,0.36,0,1,0.335,0.59,0,1,0.204,0.08,0,0,0.251,0.27,0,0.274
94996,20101005,-96.85,40.7,0.177,-0.05,0,0,0.215,0.18,0,0,0.228,0.07,0,0,0.284,0.35,0,0.994,0.335,0.59,0,1,0.196,0.01,0,0,0.248,0.23,0,0.131
94996,20101006,-96.85,40.7,0.171,-0.11,0,0,0.209,0.11,0,0,0.227,0.07,0,0,0.283,0.33,0,0.964,0.334,0.58,0,1,0.19,-0.06,0,0,0.245,0.19,0,0.006
94996,20101007,-96.85,40.7,0.167,-0.15,0,0,0.203,0.04,0,0,0.226,0.07,0,0,0.282,0.32,0,0.893,0.334,0.57,0,1,0.185,-0.11,0,0,0.242,0.16,0,0
94996,20101008,-96.85,40.7,0.163,-0.18,0.006,0,0.198,-0.01,0,0,0.224,0.06,0,0,0.281,0.31,0,0.851,0.334,0.56,0,1,0.18,-0.15,0,0,0.24,0.13,0,0
94996,20101009,-96.85,40.7,0.16,-0.19,0.006,0,0.194,-0.05,0,0,0.223,0.06,0,0,0.281,0.3,0,0.804,0.333,0.56,0,1,0.177,-0.17,0,0,0.238,0.11,0,0
94996,20101010,-96.85,40.7,0.158,-0.2,0.006,0,0.191,-0.08,0,0,0.222,0.06,0,0,0.281,0.3,0,0.804,0.332,0.54,0,1,0.174,-0.19,0,0,0.237,0.09,0,0
94996,20101011,-96.85,40.7,0.156,-0.2,0.006,0,0.188,-0.09,0,0,0.222,0.06,0,0,0.281,0.29,0,0.804,0.331,0.54,0,1,0.172,-0.2,0,0,0.236,0.08,0,0
94996,20101012,-96.85,40.7,0.155,-0.2,0.006,0,0.186,-0.1,0,0,0.221,0.06,0,0,0.281,0.28,0,0.792,0.33,0.53,0,1,0.171,-0.2,0,0,0.235,0.07,0,0
94996,20101013,-96.85,40.7,0.153,-0.2,0.006,0,0.185,-0.11,0,0,0.22,0.06,0,0,0.281,0.28,0,0.792,0.329,0.52,0,1,0.169,-0.2,0,0,0.234,0.06,0,0
94996,20101014,-96.85,40.7,0.151,-0.2,0.006,0,0.183,-0.11,0,0,0.219,0.05,0,0,0.281,0.28,0,0.792,0.328,0.51,0,1,0.167,-0.2,0,0,0.232,0.04,0,0
94996,20101015,-96.85,40.7,0.149,-0.2,0,0,0.181,-0.12,0,0,0.218,0.04,0,0,0.28,0.27,0,0.738,0.328,0.5,0,1,0.165,-0.2,0,0,0.231,0.03,0,0
94996,20101016,-96.85,40.7,0.148,-0.21,0,0,0.18,-0.12,0,0,0.217,0.04,0,0,0.28,0.27,0,0.655,0.328,0.5,0,1,0.164,-0.2,0,0,0.23,0.02,0,0
94996,20101017,-96.85,40.7,0.146,-0.21,0,0,0.178,-0.12,0,0,0.215,0.03,0,0,0.279,0.26,0,0.512,0.327,0.49,0,1,0.162,-0.2,0.006,0,0.229,0.01,0,0
94996,20101018,-96.85,40.7,0.144,-0.22,0.042,0,0.177,-0.13,0,0,0.214,0.03,0,0,0.278,0.25,0,0.369,0.327,0.48,0,1,0.161,-0.21,0.089,0,0.228,0,0,0
94996,20101019,-96.85,40.7,0.143,-0.24,0.185,0,0.175,-0.14,0.024,0,0.213,0.02,0,0,0.277,0.23,0,0.244,0.326,0.47,0,1,0.159,-0.22,0.232,0,0.227,-0.01,0,0
94996,20101020,-96.85,40.7,0.141,-0.25,0.327,0,0.174,-0.15,0.131,0,0.212,0.01,0,0,0.276,0.22,0,0.131,0.326,0.47,0,0.988,0.157,-0.23,0.375,0,0.226,-0.02,0,0
94996,20101021,-96.85,40.7,0.14,-0.27,0.47,0,0.173,-0.16,0.268,0,0.21,0.01,0,0,0.275,0.21,0,0.06,0.325,0.46,0,0.923,0.156,-0.24,0.518,0,0.225,-0.02,0,0
94996,20101022,-96.85,40.7,0.139,-0.28,0.613,0,0.172,-0.18,0.411,0,0.209,0,0,0,0.274,0.19,0,0.012,0.325,0.44,0,0.839,0.155,-0.25,0.661,0,0.224,-0.03,0,0
94996,20101023,-96.85,40.7,0.138,-0.3,0.756,0,0.171,-0.19,0.554,0,0.209,0,0,0,0.274,0.18,0,0,0.324,0.43,0,0.696,0.155,-0.27,0.804,0,0.223,-0.04,0,0
94996,20101024,-96.85,40.7,0.137,-0.31,0.899,0,0.171,-0.2,0.69,0,0.208,0,0,0,0.273,0.17,0,0,0.323,0.42,0,0.565,0.154,-0.28,0.94,0,0.223,-0.04,0,0
94996,20101025,-96.85,40.7,0.137,-0.32,1,0,0.171,-0.22,0.833,0,0.208,-0.01,0,0,0.273,0.17,0,0,0.322,0.41,0,0.429,0.154,-0.29,1,0,0.222,-0.05,0,0
94996,20101026,-96.85,40.7,0.137,-0.34,1,0,0.171,-0.23,0.952,0,0.208,-0.01,0,0,0.273,0.16,0,0,0.322,0.4,0,0.363,0.154,-0.3,1,0,0.222,-0.05,0,0
94996,20101027,-96.85,40.7,0.136,-0.35,1,0,0.17,-0.24,0.988,0,0.208,-0.01,0,0,0.273,0.16,0,0,0.322,0.39,0,0.375,0.153,-0.31,1,0,0.222,-0.06,0,0
94996,20101028,-96.85,40.7,0.135,-0.36,1,0,0.17,-0.26,0.994,0,0.207,-0.01,0,0,0.272,0.16,0,0,0.321,0.39,0,0.381,0.153,-0.32,1,0,0.221,-0.07,0,0
94996,20101029,-96.85,40.7,0.134,-0.38,1,0,0.169,-0.27,0.994,0,0.207,-0.02,0,0,0.272,0.17,0,0,0.321,0.39,0,0.411,0.152,-0.33,1,0,0.221,-0.08,0,0
94996,20101030,-96.85,40.7,0.134,-0.41,1,0,0.168,-0.29,0.994,0,0.206,-0.03,0,0,0.271,0.17,0,0,0.32,0.39,0,0.476,0.151,-0.35,1,0,0.22,-0.09,0,0
94996,20101031,-96.85,40.7,0.133,-0.43,1,0,0.167,-0.31,1,0,0.205,-0.04,0,0,0.27,0.17,0,0,0.32,0.39,0,0.554,0.15,-0.36,1,0,0.219,-0.11,0,0
94996,20101101,-96.85,40.7,0.132,-0.45,1,0,0.166,-0.32,1,0,0.204,-0.05,0,0,0.27,0.17,0,0,0.32,0.39,0,0.649,0.149,-0.38,1,0,0.218,-0.12,0,0
94996,20101102,-96.85,40.7,0.13,-0.48,1,0,0.165,-0.34,1,0,0.203,-0.06,0,0,0.269,0.17,0,0.024,0.319,0.39,0,0.583,0.148,-0.4,1,0,0.217,-0.14,0,0
94996,20101103,-96.85,40.7,0.13,-0.5,1,0,0.164,-0.36,1,0,0.202,-0.08,0,0,0.268,0.17,0,0.024,0.319,0.38,0,0.512,0.147,-0.42,1,0,0.216,-0.16,0,0
94996,20101104,-96.85,40.7,0.129,-0.52,1,0,0.164,-0.38,1,0,0.201,-0.09,0,0,0.267,0.16,0,0.024,0.318,0.38,0,0.452,0.147,-0.45,1,0,0.216,-0.17,0,0
94996,20101105,-96.85,40.7,0.129,-0.54,1,0,0.164,-0.4,1,0,0.201,-0.11,0,0,0.266,0.16,0,0.024,0.317,0.37,0,0.369,0.146,-0.48,1,0,0.215,-0.18,0,0
94996,20101106,-96.85,40.7,0.127,-0.57,1,0,0.163,-0.42,1,0,0.2,-0.15,0,0,0.265,0.16,0,0.024,0.317,0.37,0,0.357,0.145,-0.52,1,0,0.214,-0.2,0,0
94996,20101107,-96.85,40.7,0.127,-0.59,1,0,0.162,-0.45,1,0,0.199,-0.19,0,0,0.265,0.16,0,0.024,0.316,0.37,0,0.31,0.144,-0.56,1,0,0.214,-0.21,0,0
94996,20101108,-96.85,40.7,0.127,-0.62,1,0,0.162,-0.47,1,0,0.199,-0.23,0,0,0.264,0.16,0,0.024,0.316,0.36,0,0.208,0.144,-0.6,1,0,0.213,-0.23,0,0
94996,20101109,-96.85,40.7,0.127,-0.65,1,0,0.162,-0.5,1,0,0.199,-0.27,0,0,0.263,0.15,0,0,0.315,0.36,0,0.196,0.144,-0.64,1,0,0.213,-0.24,0,0
94996,20101110,-96.85,40.7,0.127,-0.69,1,0,0.163,-0.54,1,0,0.199,-0.31,0,0,0.263,0.16,0,0.024,0.314,0.36,0,0.125,0.145,-0.68,1,0,0.213,-0.26,0,0
94996,20101111,-96.85,40.7,0.127,-0.73,1,0,0.163,-0.58,1,0,0.199,-0.34,0.006,0,0.263,0.16,0,0.042,0.314,0.36,0,0.101,0.145,-0.72,1,0,0.213,-0.28,0,0
94996,20101112,-96.85,40.7,0.13,-0.74,0.97,0,0.165,-0.61,0.976,0,0.199,-0.37,0.065,0,0.263,0.16,0,0.095,0.314,0.36,0,0.095,0.148,-0.73,0.976,0,0.214,-0.29,0,0
94996,20101113,-96.85,40.7,0.152,-0.58,0.827,0.083,0.185,-0.5,0.833,0.077,0.201,-0.38,0.149,0,0.262,0.16,0,0.119,0.313,0.35,0,0.042,0.169,-0.59,0.833,0.083,0.223,-0.23,0,0.042
94996,20101114,-96.85,40.7,0.177,-0.41,0.685,0.226,0.206,-0.39,0.69,0.22,0.21,-0.32,0.149,0,0.262,0.16,0,0.137,0.313,0.36,0,0.071,0.191,-0.43,0.69,0.226,0.234,-0.15,0,0.185
94996,20101115,-96.85,40.7,0.201,-0.24,0.542,0.369,0.226,-0.28,0.548,0.351,0.218,-0.27,0.149,0,0.261,0.16,0,0.137,0.312,0.36,0,0.101,0.213,-0.27,0.548,0.369,0.244,-0.07,0,0.321
94996,20101116,-96.85,40.7,0.223,-0.07,0.399,0.512,0.246,-0.15,0.405,0.494,0.226,-0.21,0.149,0,0.26,0.16,0,0.137,0.312,0.36,0,0.119,0.234,-0.11,0.405,0.512,0.253,0.01,0,0.464
94996,20101117,-96.85,40.7,0.244,0.1,0.256,0.655,0.267,-0.02,0.262,0.637,0.234,-0.15,0.149,0,0.26,0.16,0,0.113,0.311,0.37,0,0.185,0.255,0.05,0.262,0.655,0.263,0.08,0,0.548
94996,20101118,-96.85,40.7,0.266,0.27,0.113,0.798,0.287,0.13,0.119,0.78,0.242,-0.1,0.143,0,0.259,0.15,0,0.095,0.311,0.37,0,0.321,0.277,0.22,0.119,0.798,0.273,0.16,0,0.595
94996,20101119,-96.85,40.7,0.284,0.41,0,0.929,0.305,0.26,0,0.923,0.25,-0.03,0.083,0,0.258,0.15,0,0.042,0.311,0.38,0,0.44,0.294,0.36,0,0.94,0.282,0.23,0,0.595
94996,20101120,-96.85,40.7,0.282,0.39,0,0.881,0.306,0.26,0,0.988,0.256,0.01,0,0,0.257,0.14,0,0.024,0.31,0.38,0,0.44,0.294,0.35,0,1,0.282,0.23,0,0.554
94996,20101121,-96.85,40.7,0.277,0.35,0,0.744,0.305,0.26,0,0.988,0.256,0.01,0,0,0.257,0.14,0,0.006,0.309,0.38,0,0.47,0.291,0.33,0,0.988,0.281,0.21,0,0.411
94996,20101122,-96.85,40.7,0.273,0.32,0,0.601,0.304,0.25,0,1,0.256,0.01,0,0,0.256,0.13,0,0.006,0.309,0.39,0,0.518,0.289,0.31,0,0.94,0.28,0.19,0,0.274
94996,20101123,-96.85,40.7,0.27,0.29,0,0.458,0.303,0.24,0,0.982,0.256,0.01,0,0,0.256,0.13,0,0.006,0.309,0.39,0,0.565,0.286,0.29,0,0.804,0.279,0.17,0,0.131
94996,20101124,-96.85,40.7,0.266,0.26,0,0.315,0.301,0.22,0,0.893,0.256,0,0,0,0.255,0.13,0,0.006,0.308,0.39,0,0.619,0.284,0.26,0,0.667,0.277,0.15,0,0.048
94996,20101125,-96.85,40.7,0.263,0.23,0,0.173,0.299,0.2,0,0.821,0.255,-0.01,0,0,0.255,0.12,0,0.006,0.307,0.38,0,0.53,0.281,0.25,0,0.554,0.276,0.13,0,0
94996,20101126,-96.85,40.7,0.26,0.21,0,0.042,0.297,0.18,0,0.679,0.255,-0.01,0,0,0.254,0.11,0,0.006,0.307,0.38,0,0.417,0.278,0.23,0,0.417,0.274,0.1,0,0
94996,20101127,-96.85,40.7,0.257,0.19,0,0.006,0.295,0.17,0,0.536,0.254,-0.02,0,0,0.253,0.11,0,0,0.306,0.38,0,0.446,0.276,0.22,0,0.274,0.273,0.08,0,0
94996,20101128,-96.85,40.7,0.255,0.17,0,0,0.293,0.15,0,0.399,0.253,-0.03,0,0,0.253,0.1,0,0,0.306,0.37,0,0.351,0.274,0.21,0,0.202,0.272,0.07,0,0
94996,20101129,-96.85,40.7,0.253,0.17,0,0,0.292,0.14,0,0.304,0.253,-0.03,0,0,0.252,0.1,0,0,0.305,0.37,0,0.28,0.272,0.21,0,0.244,0.271,0.06,0,0
94996,20101130,-96.85,40.7,0.251,0.16,0,0,0.291,0.14,0,0.202,0.253,-0.03,0,0,0.252,0.09,0,0,0.305,0.37,0,0.214,0.271,0.21,0,0.31,0.27,0.05,0,0
94996,20101201,-96.85,40.7,0.249,0.15,0,0,0.29,0.13,0,0.149,0.253,-0.03,0,0,0.252,0.09,0,0,0.304,0.36,0,0.095,0.269,0.2,0,0.304,0.269,0.04,0,0
94996,20101202,-96.85,40.7,0.245,0.09,0,0,0.289,0.11,0,0.077,0.252,-0.04,0,0,0.252,0.09,0,0,0.303,0.35,0,0.048,0.267,0.17,0,0.274,0.268,0.02,0,0
94996,20101203,-96.85,40.7,0.243,0.06,0,0,0.288,0.11,0,0.077,0.252,-0.04,0,0,0.251,0.09,0,0,0.303,0.35,0,0.042,0.266,0.16,0,0.268,0.268,0.01,0,0
94996,20101204,-96.85,40.7,0.243,0.04,0,0,0.287,0.1,0,0.077,0.252,-0.04,0,0,0.251,0.08,0,0,0.303,0.34,0,0.012,0.265,0.15,0,0.268,0.267,0.01,0,0
94996,20101205,-96.85,40.7,0.241,0,0,0,0.286,0.09,0,0.071,0.252,-0.05,0,0,0.251,0.08,0,0,0.302,0.34,0,0.006,0.263,0.14,0,0.208,0.266,0,0,0
94996,20101206,-96.85,40.7,0.237,-0.07,0,0,0.284,0.08,0,0.024,0.251,-0.06,0,0,0.251,0.08,0,0,0.302,0.33,0,0,0.261,0.1,0,0.074,0.265,-0.02,0,0
94996,20101207,-96.85,40.7,0.235,-0.11,0,0,0.283,0.07,0,0.024,0.25,-0.07,0,0,0.25,0.07,0,0,0.301,0.33,0,0,0.259,0.08,0,0,0.264,-0.03,0,0
94996,20101208,-96.85,40.7,,,,,0.282,0.07,0,0.031,0.25,-0.08,0,0,0.25,0.06,0,0,0.301,0.32,0,0,,,,,,,,
94996,20101209,-96.85,40.7,,,,,0.282,0.06,0,0.036,0.249,-0.09,0,0,0.249,0.06,0,0,0.301,0.32,0,0,,,,,,,,
94996,20101210,-96.85,40.7,,,,,0.282,0.06,0,0.036,0.249,-0.1,0,0,0.249,0.05,0,0,0.3,0.31,0,0,,,,,,,,
94996,20101211,-96.85,40.7,,,,,0.281,0.06,0,0.066,0.249,-0.11,0,0,0.249,0.05,0,0,0.3,0.31,0,0,,,,,,,,
94996,20101212,-96.85,40.7,,,,,0.28,0.05,0,0.066,0.249,-0.12,0,0,0.248,0.04,0,0,0.299,0.31,0,0,,,,,,,,
94996,20101213,-96.85,40.7,,,,,,,,,0.248,-0.13,0,0,0.248,0.03,0,0,0.298,0.3,0,0,,,,,,,,
94996,20101214,-96.85,40.7,,,,,,,,,0.248,-0.14,0,0,0.248,0.03,0,0,0.298,0.3,0,0,,,,,,,,
94996,20101215,-96.85,40.7,,,,,,,,,0.248,-0.16,0,0,0.247,0.02,0,0,0.298,0.29,0,0,,,,,,,,
94996,20101216,-96.85,40.7,,,,,,,,,0.248,-0.17,0,0,0.247,0.02,0,0,0.297,0.29,0,0,,,,,,,,
94996,20101217,-96.85,40.7,,,,,,,,,0.248,-0.19,0,0,0.247,0.01,0,0,0.297,0.29,0,0,,,,,,,,
94996,20101218,-96.85,40.7,,,,,,,,,0.247,-0.2,0,0,0.247,0.01,0,0,0.297,0.28,0,0,,,,,,,,
94996,20101219,-96.85,40.7,,,,,,,,,0.249,-0.21,0,0,0.247,0.01,0,0,0.296,0.28,0,0,,,,,,,,
94996,20101220,-96.85,40.7,,,,,,,,,0.25,-0.21,0,0,0.246,0,0,0,0.296,0.28,0,0,,,,,,,,
94996,20101221,-96.85,40.7,,,,,,,,,0.25,-0.22,0,0,0.246,0,0,0,0.296,0.28,0,0,,,,,,,,
94996,20101222,-96.85,40.7,,,,,,,,,0.25,-0.23,0,0,0.246,0,0,0,0.295,0.27,0,0,,,,,,,,
94996,20101223,-96.85,40.7,,,,,,,,,0.25,-0.24,0,0,0.246,0,0,0,0.295,0.27,0,0,,,,,,,,
94996,20101224,-96.85,40.7,,,,,,,,,0.25,-0.26,0.006,0,0.246,0,0,0,0.295,0.26,0,0,,,,,,,,
94996,20101225,-96.85,40.7,,,,,,,,,0.25,-0.27,0.03,0,0.246,0,0,0,0.295,0.24,0,0,,,,,,,,
94996,20101226,-96.85,40.7,,,,,,,,,0.248,-0.3,0.042,0,0.246,0,0,0,0.295,0.2,0,0,,,,,,,,
94996,20101227,-96.85,40.7,,,,,,,,,0.247,-0.33,0.077,0,0.246,0,0,0,0.295,0.17,0,0,,,,,,,,
94996,20101228,-96.85,40.7,,,,,,,,,0.25,-0.32,0.077,0,0.246,0,0,0,0.295,0.14,0,0,,,,,,,,
94996,20101229,-96.85,40.7,,,,,,,,,0.26,-0.25,0.077,0,0.246,0,0,0,0.295,0.1,0,0,,,,,,,,
94996,20101230,-96.85,40.7,,,,,,,,,0.264,-0.23,0.077,0,0.246,0,0,0,0.294,0.07,0,0,,,,,,,,
94996,20101231,-96.85,40.7,,,,,,,,,0.265,-0.25,0.179,0,0.246,0,0,0,0.294,0.04,0,0,,,,,,,,
94996,20110101,-96.85,40.7,,,,,,,,,0.265,-0.27,0.298,0,0.246,0,0,0,0.293,0.02,0,0,,,,,,,,
94996,20110102,-96.85,40.7,,,,,,,,,0.268,-0.26,0.387,0,0.246,0,0,0,0.293,0.02,0,0,,,,,,,,
94996,20110103,-96.85,40.7,,,,,,,,,0.279,-0.17,0.351,0,0.246,0,0,0,0.293,0.02,0,0,,,,,,,,
94996,20110104,-96.85,40.7,,,,,,,,,0.287,-0.11,0.351,0,0.246,0,0,0,0.293,0.01,0,0,,,,,,,,
94996,20110105,-96.85,40.7,,,,,,,,,0.281,-0.17,0.41,0,0.245,0,0,0,0.293,0.01,0,0,,,,,,,,
94996,20110106,-96.85,40.7,,,,,,,,,,,,,0.245,0,0,0,0.293,0.01,0,0,,,,,,,,
94996,20110107,-96.85,40.7,,,,,,,,,,,,,0.245,0,0,0,0.293,0.02,0,0,,,,,,,,
94996,20110108,-96.85,40.7,,,,,,,,,,,,,0.245,0,0,0,0.293,0.02,0,0,,,,,,,,
94996,20110109,-96.85,40.7,,,,,,,,,,,,,0.245,0,0,0,0.293,0.01,0,0,,,,,,,,
94996,20110110,-96.85,40.7,,,,,,,,,,,,,0.244,0,0,0,0.293,0.01,0,0,,,,,,,,
94996,20110111,-96.85,40.7,,,,,,,,,,,,,0.244,0,0,0,0.292,0.01,0,0,,,,,,,,
94996,20110112,-96.85,40.7,,,,,,,,,,,,,0.244,0,0,0,0.292,0.01,0,0,,,,,,,,
94996,20110113,-96.85,40.7,,,,,,,,,,,,,0.244,0,0,0,0.292,0,0,0,,,,,,,,
94996,20110114,-96.85,40.7,,,,,,,,,,,,,0.244,0,0,0,0.292,0,0,0,,,,,,,,
94996,20110115,-96.85,40.7,,,,,,,,,,,,,0.244,0,0,0,0.291,-0.01,0,0,,,,,,,,
94996,20110116,-96.85,40.7,,,,,,,,,,,,,0.244,0,0,0,0.291,-0.01,0,0,,,,,,,,
94996,20110117,-96.85,40.7,,,,,,,,,,,,,0.244,0,0,0,0.291,-0.01,0,0,,,,,,,,
94996,20110118,-96.85,40.7,,,,,,,,,,,,,0.244,0,0,0,0.291,-0.01,0,0,,,,,,,,
94996,20110119,-96.85,40.7,,,,,,,,,,,,,0.244,-0.01,0,0,0.291,-0.01,0,0,,,,,,,,
94996,20110120,-96.85,40.7,,,,,,,,,,,,,0.244,-0.01,0,0,0.291,-0.02,0,0,,,,,,,,
94996,20110121,-96.85,40.7,,,,,,,,,,,,,0.243,-0.02,0,0,0.291,-0.02,0,0,,,,,,,,
94996,20110122,-96.85,40.7,,,,,,,,,,,,,0.243,-0.04,0,0,0.291,-0.01,0,0,,,,,,,,
94996,20110123,-96.85,40.7,,,,,,,,,,,,,0.243,-0.05,0,0,0.291,-0.01,0,0,,,,,,,,
94996,20110124,-96.85,40.7,,,,,,,,,,,,,0.243,-0.07,0,0,0.291,-0.01,0,0,,,,,,,,
94996,20110125,-96.85,40.7,,,,,,,,,,,,,0.243,-0.1,0,0,0.291,-0.02,0,0,,,,,,,,
94996,20110126,-96.85,40.7,,,,,,,,,,,,,0.243,-0.14,0,0,0.29,-0.03,0,0,,,,,,,,
94996,20110127,-96.85,40.7,,,,,,,,,,,,,0.243,-0.18,0,0,0.29,-0.04,0,0,,,,,,,,
94996,20110128,-96.85,40.7,,,,,,,,,,,,,0.244,-0.22,0,0,0.29,-0.05,0,0,,,,,,,,
94996,20110129,-96.85,40.7,,,,,,,,,,,,,0.244,-0.25,0,0,0.289,-0.05,0,0,,,,,,,,
94996,20110130,-96.85,40.7,,,,,,,,,,,,,0.244,-0.29,0,0,0.289,-0.06,0,0,,,,,,,,
94996,20110131,-96.85,40.7,,,,,,,,,,,,,0.244,-0.33,0.006,0,0.289,-0.06,0,0,,,,,,,,
94996,20110201,-96.85,40.7,,,,,,,,,,,,,0.244,-0.35,0.03,0,0.29,-0.06,0,0,,,,,,,,
94996,20110202,-96.85,40.7,,,,,,,,,,,,,0.244,-0.37,0.06,0,0.29,-0.07,0,0,,,,,,,,
94996,20110203,-96.85,40.7,,,,,,,,,,,,,0.244,-0.4,0.155,0,0.29,-0.08,0,0,,,,,,,,
94996,20110204,-96.85,40.7,,,,,,,,,,,,,0.243,-0.43,0.286,0,0.29,-0.1,0,0,,,,,,,,
94996,20110205,-96.85,40.7,,,,,,,,,,,,,0.241,-0.49,0.429,0,0.29,-0.13,0,0,,,,,,,,
94996,20110206,-96.85,40.7,,,,,,,,,,,,,0.24,-0.53,0.571,0,0.289,-0.15,0,0,,,,,,,,
94996,20110207,-96.85,40.7,,,,,,,,,,,,,0.238,-0.58,0.708,0,0.289,-0.18,0,0,,,,,,,,
94996,20110208,-96.85,40.7,,,,,,,,,,,,,0.238,-0.6,0.827,0,0.289,-0.2,0,0,,,,,,,,
94996,20110209,-96.85,40.7,,,,,,,,,,,,,0.238,-0.64,0.94,0,0.289,-0.22,0,0,,,,,,,,
94996,20110210,-96.85,40.7,,,,,,,,,,,,,0.236,-0.7,0.988,0,0.289,-0.23,0,0,,,,,,,,
94996,20110211,-96.85,40.7,,,,,,,,,,,,,0.235,-0.74,1,0,0.289,-0.23,0,0,,,,,,,,
94996,20110212,-96.85,40.7,,,,,,,,,,,,,0.236,-0.76,1,0,0.289,-0.23,0,0,,,,,,,,
94996,20110213,-96.85,40.7,,,,,,,,,,,,,0.236,-0.78,1,0,0.289,-0.23,0,0,,,,,,,,
94996,20110214,-96.85,40.7,,,,,,,,,,,,,0.235,-0.8,1,0,0.289,-0.23,0,0,,,,,,,,
94996,20110215,-96.85,40.7,,,,,,,,,,,,,0.234,-0.85,1,0,0.289,-0.24,0,0,,,,,,,,
94996,20110216,-96.85,40.7,,,,,,,,,,,,,0.234,-0.84,1,0,0.288,-0.26,0.006,0,,,,,,,,
94996,20110217,-96.85,40.7,,,,,,,,,,,,,0.236,-0.81,1,0,0.288,-0.28,0.03,0,,,,,,,,
94996,20110218,-96.85,40.7,,,,,,,,,,,,,0.238,-0.77,1,0,0.288,-0.3,0.06,0,,,,,,,,
94996,20110219,-96.85,40.7,,,,,,,,,,,,,0.24,-0.74,1,0,0.287,-0.33,0.095,0,,,,,,,,
94996,20110220,-96.85,40.7,,,,,,,,,,,,,0.242,-0.69,0.994,0,0.287,-0.35,0.143,0,,,,,,,,
94996,20110221,-96.85,40.7,,,,,,,,,,,,,0.244,-0.64,0.97,0,0.287,-0.37,0.173,0,,,,,,,,
94996,20110222,-96.85,40.7,0.337,,,,,,,,,,,,0.246,-0.59,0.905,0,0.288,-0.39,0.185,0,,,,,,,,
94996,20110223,-96.85,40.7,0.333,,,,0.358,,,,,,,,0.247,-0.57,0.845,0,0.288,-0.4,0.19,0,,,,,,,,
94996,20110224,-96.85,40.7,,,,,0.354,,,,0.377,,,,0.247,-0.55,0.744,0,0.288,-0.41,0.196,0,,,,,,,,
94996,20110225,-96.85,40.7,,,,,0.341,,,,0.377,,,,0.248,-0.53,0.69,0,0.288,-0.41,0.238,0,,,,,,,,
94996,20110226,-96.85,40.7,,,,,0.335,,,,0.374,,,,0.248,-0.53,0.679,0,0.289,-0.42,0.304,0,,,,,,,,
94996,20110227,-96.85,40.7,,,,,,,,,0.372,,,,0.248,-0.53,0.685,0,0.289,-0.43,0.333,0,,,,,,,,
94996,20110228,-96.85,40.7,,,,,,,,,0.372,,,,0.248,-0.53,0.708,0,0.289,-0.44,0.417,0,,,,,,,,
94996,20110301,-96.85,40.7,,,,,,,,,0.374,,,,0.248,-0.54,0.774,0,0.289,-0.46,0.542,0,,,,,,,,
94996,20110302,-96.85,40.7,,,,,,,,,0.377,,,,0.248,-0.54,0.833,0,0.288,-0.47,0.667,0,,,,,,,,
94996,20110303,-96.85,40.7,,,,,,,,,0.38,0.8,0,1,0.248,-0.55,0.935,0,0.288,-0.49,0.78,0,,,,,,,,
94996,20110304,-96.85,40.7,,,,,,,,,0.382,0.72,0,1,0.248,-0.56,0.988,0,0.288,-0.5,0.851,0,,,,,,,,
94996,20110305,-96.85,40.7,,,,,,,,,0.384,0.68,0,1,0.248,-0.57,1,0,0.288,-0.51,0.893,0,,,,,,,,
94996,20110306,-96.85,40.7,,,,,,,,,0.385,0.67,0,1,0.248,-0.57,1,0,0.288,-0.52,0.958,0,,,,,,,,
94996,20110307,-96.85,40.7,,,,,,,,,0.387,0.66,0,0.931,0.249,-0.57,1,0,0.289,-0.53,0.988,0,,,,,,,,
94996,20110308,-96.85,40.7,0.295,,,,0.348,1.1,0,1,0.387,0.65,0,0.91,0.249,-0.57,1,0,0.289,-0.54,0.994,0,,,,,,,,
94996,20110309,-96.85,40.7,0.298,0.48,0,1,0.35,1.19,0,1,0.386,0.66,0,0.926,0.249,-0.57,1,0,0.289,-0.54,1,0,0.324,,,,0.314,,,
94996,20110310,-96.85,40.7,0.3,0.36,0,0.857,0.352,1.1,0,1,0.384,0.67,0,0.937,0.25,-0.55,0.946,0,0.289,-0.54,1,0,0.326,0.62,0,0.857,0.315,,,
94996,20110311,-96.85,40.7,0.299,0.29,0,0.634,0.351,0.98,0,1,0.384,0.67,0,0.94,0.254,-0.5,0.804,0,0.289,-0.54,1,0,0.325,0.59,0,0.957,0.315,0.37,0,0.929
94996,20110312,-96.85,40.7,0.302,0.28,0,0.415,0.352,0.93,0,1,0.384,0.67,0,0.94,0.258,-0.43,0.661,0,0.289,-0.53,1,0,0.327,0.55,0,0.979,0.317,0.35,0,0.763
94996,20110313,-96.85,40.7,0.306,0.24,0,0.303,0.353,0.83,0,0.902,0.378,0.59,0,0.798,0.263,-0.35,0.518,0,0.289,-0.53,1,0,0.33,0.47,0,0.732,0.318,0.23,0,0.468
94996,20110314,-96.85,40.7,0.308,0.2,0,0.239,0.353,0.7,0,0.743,0.374,0.53,0,0.69,0.27,-0.26,0.375,0,0.289,-0.53,1,0,0.33,0.37,0,0.547,0.319,0.18,0,0.337
94996,20110315,-96.85,40.7,0.306,0.12,0.044,0.197,0.349,0.59,0,0.629,0.37,0.48,0,0.571,0.276,-0.17,0.232,0,0.289,-0.53,1,0,0.327,0.27,0,0.437,0.318,0.14,0,0.264
94996,20110316,-96.85,40.7,0.3,0.04,0.118,0.124,0.344,0.46,0,0.506,0.366,0.42,0,0.429,0.284,-0.07,0.089,0,0.289,-0.52,1,0,0.322,0.19,0,0.364,0.317,0.12,0,0.216
94996,20110317,-96.85,40.7,0.296,-0.03,0.183,0.055,0.34,0.31,0,0.363,0.361,0.35,0,0.286,0.291,0.02,0,0,0.289,-0.51,1,0,0.318,0.12,0.019,0.288,0.316,0.1,0,0.184
94996,20110318,-96.85,40.7,0.293,-0.1,0.244,0.006,0.337,0.21,0,0.22,0.358,0.29,0,0.143,0.296,0.08,0,0,0.29,-0.5,1,0,0.315,0.04,0.018,0.179,0.315,0.08,0,0.095
94996,20110319,-96.85,40.7,0.289,-0.18,0.366,0,0.333,0.09,0,0.079,0.354,0.22,0,0,0.301,0.13,0,0,0.29,-0.49,1,0,0.311,-0.07,0.079,0.037,0.313,0.03,0,0
94996,20110320,-96.85,40.7,0.285,-0.26,0.5,0,0.33,0,0,0,0.356,0.23,0,0,0.305,0.17,0,0,0.291,-0.47,1,0,0.307,-0.16,0.22,0,0.313,0.03,0,0
94996,20110321,-96.85,40.7,0.281,-0.31,0.634,0,0.329,-0.02,0,0,0.357,0.21,0,0,0.308,0.2,0,0,0.292,-0.46,1,0,0.305,-0.2,0.28,0,0.313,0.03,0,0
94996,20110322,-96.85,40.7,0.279,-0.33,0.707,0,0.329,-0.03,0,0,0.358,0.19,0,0,0.31,0.22,0,0,0.292,-0.45,1,0,0.304,-0.22,0.372,0,0.314,0.03,0,0
94996,20110323,-96.85,40.7,0.278,-0.34,0.75,0,0.328,-0.04,0,0,0.359,0.18,0,0,0.313,0.24,0,0,0.293,-0.43,1,0,0.303,-0.23,0.427,0,0.314,0.03,0,0
94996,20110324,-96.85,40.7,0.275,-0.38,0.823,0,0.327,-0.08,0.006,0,0.358,0.16,0,0,0.314,0.25,0,0,0.294,-0.42,1,0,0.301,-0.27,0.555,0,0.314,0.02,0,0
94996,20110325,-96.85,40.7,0.271,-0.43,0.902,0,0.325,-0.13,0.128,0,0.357,0.13,0,0,0.316,0.25,0,0,0.295,-0.41,1,0,0.298,-0.32,0.701,0,0.313,0,0,0
94996,20110326,-96.85,40.7,0.272,-0.39,0.798,0,0.323,-0.17,0.173,0,0.356,0.12,0,0,0.316,0.24,0,0,0.295,-0.4,1,0,0.298,-0.31,0.655,0,0.313,0,0,0
94996,20110327,-96.85,40.7,0.274,-0.35,0.667,0,0.322,-0.18,0.173,0,0.355,0.1,0,0,0.316,0.23,0,0,0.296,-0.4,1,0,0.298,-0.29,0.518,0,0.313,0,0,0
94996,20110328,-96.85,40.7,0.275,-0.32,0.536,0,0.321,-0.21,0.173,0,0.353,0.08,0,0,0.316,0.22,0,0,0.296,-0.4,1,0,0.298,-0.28,0.458,0,0.312,-0.01,0,0
94996,20110329,-96.85,40.7,0.276,-0.28,0.429,0,0.32,-0.23,0.173,0,0.351,0.07,0,0,0.316,0.2,0,0,0.296,-0.41,1,0,0.298,-0.27,0.369,0,0.312,-0.02,0,0
94996,20110330,-96.85,40.7,0.277,-0.25,0.315,0,0.319,-0.26,0.173,0,0.35,0.05,0,0,0.315,0.17,0,0,0.297,-0.41,1,0,0.298,-0.26,0.315,0,0.311,-0.03,0,0
94996,20110331,-96.85,40.7,0.279,-0.18,0.173,0,0.319,-0.25,0.167,0,0.349,0.04,0,0,0.315,0.15,0,0,0.297,-0.41,1,0,0.299,-0.22,0.173,0,0.312,-0.03,0,0
94996,20110401,-96.85,40.7,0.282,-0.11,0.03,0,0.319,-0.23,0.048,0,0.348,0.04,0,0,0.314,0.12,0,0,0.297,-0.42,1,0,0.301,-0.16,0.03,0,0.312,-0.02,0,0
94996,20110402,-96.85,40.7,0.28,-0.12,0,0,0.32,-0.22,0,0,0.348,0.04,0,0,0.313,0.1,0,0,0.298,-0.43,1,0,0.3,-0.16,0,0,0.312,-0.03,0,0
94996,20110403,-96.85,40.7,0.277,-0.13,0,0,0.32,-0.21,0,0,0.349,0.05,0,0,0.313,0.08,0,0,0.298,-0.43,1,0,0.298,-0.16,0,0,0.311,-0.05,0,0
94996,20110404,-96.85,40.7,0.273,-0.16,0,0,0.319,-0.21,0,0,0.349,0.07,0,0,0.313,0.07,0,0,0.299,-0.44,1,0,0.296,-0.18,0,0,0.311,-0.06,0,0
94996,20110405,-96.85,40.7,0.268,-0.21,0.083,0,0.318,-0.23,0.113,0,0.35,0.08,0,0,0.313,0.07,0,0,0.299,-0.45,1,0,0.293,-0.21,0.113,0,0.31,-0.09,0,0
94996,20110406,-96.85,40.7,0.261,-0.27,0.226,0,0.316,-0.27,0.256,0,0.35,0.09,0,0,0.314,0.07,0,0,0.299,-0.45,1,0,0.288,-0.26,0.256,0,0.308,-0.12,0,0
94996,20110407,-96.85,40.7,0.253,-0.35,0.369,0,0.313,-0.31,0.399,0,0.35,0.09,0,0,0.314,0.07,0,0,0.299,-0.46,1,0,0.283,-0.32,0.399,0,0.306,-0.16,0,0
94996,20110408,-96.85,40.7,0.25,-0.39,0.435,0,0.31,-0.36,0.53,0,0.349,0.09,0,0,0.315,0.07,0,0,0.299,-0.47,1,0,0.28,-0.36,0.464,0,0.305,-0.19,0.024,0
94996,20110409,-96.85,40.7,0.251,-0.37,0.435,0,0.309,-0.38,0.589,0,0.348,0.09,0,0,0.315,0.08,0,0,0.299,-0.47,1,0,0.28,-0.35,0.464,0,0.304,-0.2,0.024,0
94996,20110410,-96.85,40.7,0.251,-0.35,0.435,0,0.308,-0.39,0.589,0,0.348,0.09,0,0,0.316,0.09,0,0,0.299,-0.48,1,0,0.28,-0.35,0.464,0,0.305,-0.2,0.024,0
94996,20110411,-96.85,40.7,0.251,-0.35,0.435,0,0.307,-0.4,0.607,0,0.348,0.09,0,0,0.316,0.09,0,0,0.3,-0.48,1,0,0.279,-0.34,0.464,0,0.304,-0.2,0.024,0
94996,20110412,-96.85,40.7,0.25,-0.35,0.458,0,0.306,-0.41,0.637,0,0.347,0.1,0,0,0.317,0.1,0,0,0.3,-0.47,0.988,0,0.278,-0.35,0.452,0,0.304,-0.21,0.024,0
94996,20110413,-96.85,40.7,0.248,-0.36,0.458,0,0.303,-0.43,0.637,0,0.346,0.09,0,0,0.318,0.11,0,0,0.301,-0.46,0.976,0,0.276,-0.36,0.452,0,0.303,-0.22,0.024,0
94996,20110414,-96.85,40.7,0.246,-0.38,0.458,0,0.301,-0.45,0.637,0,0.345,0.09,0,0,0.318,0.11,0,0,0.302,-0.46,0.97,0,0.273,-0.38,0.452,0,0.302,-0.24,0.083,0
94996,20110415,-96.85,40.7,0.243,-0.4,0.476,0,0.298,-0.47,0.607,0,0.344,0.08,0,0,0.318,0.12,0,0,0.302,-0.45,0.964,0,0.271,-0.4,0.47,0,0.301,-0.25,0.137,0
94996,20110416,-96.85,40.7,0.25,-0.32,0.476,0.131,0.307,-0.32,0.548,0.125,0.349,0.14,0,0.107,0.318,0.12,0,0,0.303,-0.45,0.958,0,0.279,-0.29,0.47,0.131,0.306,-0.18,0.137,0.119
94996,20110417,-96.85,40.7,0.255,-0.25,0.476,0.19,0.313,-0.21,0.548,0.268,0.355,0.2,0,0.25,0.318,0.12,0,0,0.303,-0.45,0.94,0,0.284,-0.2,0.47,0.274,0.309,-0.12,0.137,0.149
94996,20110418,-96.85,40.7,0.261,-0.19,0.476,0.19,0.319,-0.11,0.53,0.375,0.36,0.25,0,0.393,0.319,0.12,0,0,0.304,-0.45,0.94,0,0.29,-0.12,0.47,0.286,0.312,-0.06,0.137,0.149
94996,20110419,-96.85,40.7,0.27,-0.08,0.369,0.208,0.325,0.01,0.387,0.399,0.365,0.31,0,0.536,0.32,0.13,0,0,0.304,-0.45,0.952,0,0.297,-0.01,0.369,0.304,0.317,0.01,0.137,0.167
94996,20110420,-96.85,40.7,0.286,0.09,0.226,0.351,0.337,0.2,0.244,0.542,0.374,0.4,0,0.679,0.323,0.16,0,0.143,0.304,-0.45,0.964,0,0.312,0.18,0.226,0.446,0.325,0.14,0.137,0.31
94996,20110421,-96.85,40.7,0.301,0.26,0.083,0.47,0.347,0.38,0.101,0.685,0.381,0.48,0,0.821,0.328,0.21,0,0.286,0.304,-0.46,0.97,0,0.324,0.36,0.083,0.589,0.332,0.26,0.077,0.452
94996,20110422,-96.85,40.7,0.311,0.36,0,0.476,0.356,0.52,0,0.815,0.389,0.55,0,0.964,0.334,0.27,0,0.429,0.304,-0.47,0.976,0,0.333,0.48,0,0.643,0.339,0.36,0,0.565
94996,20110423,-96.85,40.7,0.305,0.3,0,0.345,0.352,0.45,0,0.726,0.389,0.55,0,1,0.341,0.33,0,0.571,0.304,-0.47,0.982,0,0.328,0.42,0,0.512,0.338,0.35,0,0.5
94996,20110424,-96.85,40.7,0.3,0.25,0,0.286,0.348,0.4,0,0.583,0.388,0.54,0,0.97,0.348,0.39,0,0.714,0.304,-0.48,1,0,0.324,0.37,0,0.369,0.337,0.33,0,0.47
94996,20110425,-96.85,40.7,0.297,0.21,0,0.286,0.345,0.36,0,0.476,0.387,0.52,0,0.827,0.353,0.45,0,0.857,0.303,-0.48,1,0,0.321,0.33,0,0.357,0.337,0.32,0,0.47
94996,20110426,-96.85,40.7,0.3,0.24,0,0.345,0.345,0.37,0,0.524,0.387,0.51,0,0.75,0.359,0.49,0,1,0.304,-0.48,1,0,0.323,0.35,0,0.417,0.339,0.35,0,0.53
94996,20110427,-96.85,40.7,0.301,0.24,0,0.345,0.345,0.36,0,0.524,0.386,0.5,0,0.75,0.363,0.53,0,1,0.304,-0.47,1,0,0.323,0.35,0,0.417,0.34,0.35,0,0.53
94996,20110428,-96.85,40.7,0.302,0.25,0,0.369,0.345,0.36,0,0.524,0.386,0.5,0,0.75,0.367,0.56,0,1,0.304,-0.47,1,0,0.324,0.35,0,0.417,0.341,0.36,0,0.53
94996,20110429,-96.85,40.7,0.303,0.25,0,0.381,0.345,0.36,0,0.5,0.386,0.5,0,0.75,0.369,0.57,0,1,0.304,-0.46,1,0,0.324,0.35,0,0.423,0.342,0.36,0,0.494
94996,20110430,-96.85,40.7,0.301,0.23,0,0.381,0.344,0.35,0,0.464,0.386,0.49,0,0.738,0.371,0.58,0,1,0.305,-0.44,1,0,0.322,0.33,0,0.423,0.341,0.35,0,0.44
94996,20110501,-96.85,40.7,0.296,0.19,0,0.381,0.342,0.33,0,0.464,0.386,0.49,0,0.625,0.372,0.59,0,1,0.305,-0.43,1,0,0.319,0.3,0,0.423,0.34,0.33,0,0.44
94996,20110502,-96.85,40.7,0.289,0.13,0.125,0.381,0.339,0.3,0,0.464,0.385,0.47,0,0.625,0.374,0.6,0,1,0.306,-0.42,1,0,0.314,0.25,0,0.423,0.338,0.31,0,0.44
94996,20110503,-96.85,40.7,0.273,-0.01,0.268,0.304,0.33,0.2,0,0.393,0.382,0.44,0,0.56,0.375,0.6,0,1,0.306,-0.41,1,0,0.302,0.13,0.012,0.345,0.333,0.23,0,0.363
94996,20110504,-96.85,40.7,0.253,-0.19,0.411,0.161,0.317,0.04,0.03,0.25,0.375,0.37,0,0.417,0.374,0.59,0,1,0.306,-0.4,1,0,0.285,-0.05,0.155,0.202,0.325,0.12,0,0.22
94996,20110505,-96.85,40.7,0.234,-0.36,0.554,0.018,0.303,-0.11,0.173,0.107,0.369,0.31,0,0.274,0.372,0.57,0,1,0.306,-0.4,1,0,0.269,-0.22,0.298,0.06,0.317,0,0,0.077
94996,20110506,-96.85,40.7,0.217,-0.51,0.696,0,0.289,-0.26,0.315,0,0.362,0.24,0,0.131,0.371,0.54,0,1,0.306,-0.4,1,0,0.253,-0.37,0.44,0,0.309,-0.1,0,0
94996,20110507,-96.85,40.7,0.203,-0.63,0.839,0,0.275,-0.4,0.458,0,0.355,0.16,0,0,0.369,0.51,0,1,0.306,-0.4,0.964,0,0.239,-0.5,0.583,0,0.302,-0.19,0,0
94996,20110508,-96.85,40.7,0.194,-0.71,0.982,0,0.262,-0.53,0.601,0,0.348,0.08,0,0,0.366,0.48,0,1,0.306,-0.39,0.863,0,0.228,-0.61,0.726,0,0.295,-0.27,0.012,0
94996,20110509,-96.85,40.7,0.187,-0.77,1,0,0.249,-0.65,0.744,0,0.34,0,0,0,0.364,0.44,0,1,0.306,-0.38,0.762,0,0.218,-0.7,0.869,0,0.289,-0.34,0.137,0
94996,20110510,-96.85,40.7,0.182,-0.8,1,0,0.238,-0.75,0.887,0,0.332,-0.08,0,0,0.361,0.41,0,0.94,0.307,-0.37,0.619,0,0.21,-0.77,1,0,0.284,-0.39,0.28,0
94996,20110511,-96.85,40.7,0.178,-0.82,1,0,0.229,-0.83,1,0,0.323,-0.17,0.036,0,0.358,0.37,0,0.833,0.307,-0.36,0.5,0,0.203,-0.82,1,0,0.279,-0.44,0.423,0
94996,20110512,-96.85,40.7,0.184,-0.77,0.905,0,0.224,-0.87,1,0,0.314,-0.26,0.179,0,0.356,0.34,0,0.69,0.308,-0.36,0.446,0,0.204,-0.8,0.952,0,0.277,-0.46,0.476,0
94996,20110513,-96.85,40.7,0.197,-0.66,0.762,0,0.224,-0.86,1,0,0.306,-0.34,0.298,0,0.353,0.3,0,0.548,0.309,-0.36,0.423,0,0.21,-0.73,0.81,0,0.278,-0.45,0.476,0
94996,20110514,-96.85,40.7,0.209,-0.56,0.619,0,0.224,-0.84,1,0,0.299,-0.4,0.411,0,0.351,0.27,0,0.405,0.31,-0.36,0.435,0,0.216,-0.67,0.667,0,0.278,-0.44,0.476,0
94996,20110515,-96.85,40.7,0.218,-0.48,0.476,0,0.224,-0.82,1,0,0.293,-0.45,0.554,0,0.348,0.24,0,0.262,0.311,-0.36,0.482,0,0.221,-0.62,0.643,0,0.279,-0.43,0.464,0
94996,20110516,-96.85,40.7,0.226,-0.4,0.375,0,0.225,-0.79,1,0,0.288,-0.5,0.696,0,0.346,0.21,0,0.119,0.312,-0.36,0.536,0,0.226,-0.56,0.643,0,0.279,-0.43,0.345,0
94996,20110517,-96.85,40.7,0.231,-0.36,0.375,0,0.226,-0.77,1,0,0.284,-0.53,0.839,0,0.343,0.18,0,0.036,0.312,-0.37,0.548,0,0.229,-0.53,0.643,0,0.279,-0.43,0.31,0
94996,20110518,-96.85,40.7,0.233,-0.33,0.375,0,0.227,-0.75,1,0,0.281,-0.55,0.946,0,0.341,0.15,0,0,0.313,-0.37,0.548,0,0.23,-0.5,0.643,0,0.279,-0.43,0.31,0
94996,20110519,-96.85,40.7,0.225,-0.39,0.47,0,0.224,-0.76,1,0,0.279,-0.56,0.946,0,0.338,0.12,0,0,0.313,-0.37,0.476,0,0.225,-0.54,0.69,0,0.276,-0.46,0.399,0
94996,20110520,-96.85,40.7,0.222,-0.41,0.554,0.048,0.229,-0.71,0.946,0.048,0.282,-0.53,0.923,0.03,0.335,0.09,0,0,0.313,-0.36,0.357,0,0.226,-0.53,0.774,0.048,0.276,-0.45,0.482,0.03
94996,20110521,-96.85,40.7,0.239,-0.28,0.554,0.19,0.252,-0.52,0.804,0.19,0.305,-0.36,0.81,0.173,0.337,0.11,0,0.071,0.313,-0.35,0.238,0,0.246,-0.38,0.774,0.19,0.289,-0.33,0.482,0.149
94996,20110522,-96.85,40.7,0.253,-0.18,0.554,0.292,0.272,-0.34,0.661,0.333,0.326,-0.21,0.667,0.315,0.345,0.16,0,0.214,0.313,-0.34,0.149,0,0.263,-0.25,0.655,0.298,0.302,-0.21,0.482,0.214
94996,20110523,-96.85,40.7,0.264,-0.11,0.512,0.292,0.291,-0.19,0.518,0.363,0.344,-0.08,0.524,0.458,0.353,0.22,0,0.357,0.313,-0.33,0.054,0,0.278,-0.14,0.512,0.298,0.313,-0.1,0.476,0.214
94996,20110524,-96.85,40.7,0.274,-0.04,0.369,0.292,0.307,-0.05,0.375,0.363,0.361,0.05,0.381,0.512,0.36,0.27,0,0.5,0.313,-0.33,0.042,0,0.29,-0.05,0.369,0.298,0.323,0,0.369,0.214
94996,20110525,-96.85,40.7,0.295,0.11,0.226,0.405,0.328,0.12,0.232,0.47,0.38,0.18,0.238,0.589,0.368,0.33,0,0.643,0.313,-0.31,0.018,0,0.312,0.11,0.226,0.405,0.337,0.14,0.226,0.28
94996,20110526,-96.85,40.7,0.319,0.28,0.083,0.548,0.351,0.31,0.089,0.607,0.4,0.32,0.095,0.732,0.376,0.39,0,0.786,0.313,-0.3,0,0,0.335,0.28,0.083,0.53,0.352,0.29,0.083,0.387
94996,20110527,-96.85,40.7,0.328,0.34,0,0.506,0.362,0.4,0,0.589,0.412,0.41,0,0.845,0.383,0.45,0,0.929,0.314,-0.29,0,0,0.345,0.34,0,0.482,0.36,0.38,0,0.357
94996,20110528,-96.85,40.7,0.317,0.26,0,0.363,0.354,0.34,0,0.446,0.405,0.36,0,0.833,0.386,0.47,0,1,0.315,-0.28,0,0,0.335,0.27,0,0.339,0.355,0.35,0,0.238
94996,20110529,-96.85,40.7,0.308,0.2,0,0.262,0.348,0.29,0,0.304,0.4,0.33,0,0.774,0.383,0.45,0,1,0.315,-0.28,0,0,0.328,0.21,0,0.232,0.351,0.32,0,0.173
94996,20110530,-96.85,40.7,0.304,0.17,0,0.262,0.344,0.27,0,0.274,0.397,0.32,0,0.631,0.381,0.44,0,1,0.316,-0.26,0,0,0.324,0.19,0,0.232,0.348,0.31,0,0.173
94996,20110531,-96.85,40.7,0.306,0.19,0,0.304,0.344,0.27,0,0.31,0.394,0.31,0,0.577,0.379,0.42,0,1,0.316,-0.26,0,0,0.325,0.19,0,0.274,0.348,0.31,0,0.208
94996,20110601,-96.85,40.7,0.302,0.16,0,0.22,0.343,0.26,0,0.244,0.392,0.29,0,0.5,0.377,0.41,0,1,0.316,-0.25,0,0,0.323,0.18,0,0.202,0.346,0.3,0,0.167
94996,20110602,-96.85,40.7,0.291,0.09,0,0.077,0.338,0.21,0,0.107,0.386,0.26,0,0.357,0.375,0.4,0,1,0.317,-0.24,0,0,0.314,0.12,0,0.077,0.341,0.26,0,0.06
94996,20110603,-96.85,40.7,0.281,0.01,0,0.071,0.331,0.16,0,0.077,0.38,0.23,0,0.214,0.373,0.38,0,1,0.317,-0.22,0,0,0.306,0.06,0,0.077,0.336,0.22,0,0.06
94996,20110604,-96.85,40.7,0.269,-0.08,0.131,0.071,0.322,0.1,0,0.077,0.372,0.18,0,0.083,0.37,0.37,0,1,0.317,-0.21,0,0,0.295,-0.02,0,0.077,0.33,0.17,0,0.06
94996,20110605,-96.85,40.7,0.258,-0.16,0.274,0.071,0.311,0.02,0,0.077,0.363,0.12,0,0,0.367,0.35,0,1,0.318,-0.2,0,0,0.285,-0.09,0.113,0.077,0.323,0.11,0,0.06
94996,20110606,-96.85,40.7,0.246,-0.24,0.417,0.071,0.299,-0.06,0.083,0.077,0.352,0.06,0,0,0.364,0.33,0,1,0.318,-0.19,0,0,0.273,-0.18,0.256,0.077,0.316,0.05,0,0.06
94996,20110607,-96.85,40.7,0.232,-0.34,0.56,0.03,0.285,-0.17,0.226,0.042,0.339,-0.02,0,0,0.359,0.31,0,0.976,0.318,-0.18,0,0,0.258,-0.27,0.399,0.036,0.307,-0.03,0,0.024
94996,20110608,-96.85,40.7,0.213,-0.47,0.702,0,0.265,-0.31,0.369,0,0.323,-0.11,0,0,0.354,0.28,0,0.833,0.319,-0.17,0,0,0.239,-0.41,0.542,0,0.295,-0.13,0,0
94996,20110609,-96.85,40.7,0.199,-0.55,0.845,0,0.248,-0.43,0.512,0,0.308,-0.2,0,0,0.348,0.25,0,0.69,0.319,-0.16,0,0,0.223,-0.51,0.685,0,0.284,-0.21,0,0
94996,20110610,-96.85,40.7,0.189,-0.62,0.988,0,0.233,-0.53,0.655,0,0.293,-0.28,0,0,0.341,0.22,0,0.548,0.32,-0.14,0,0,0.211,-0.59,0.827,0,0.275,-0.27,0.036,0
94996,20110611,-96.85,40.7,0.182,-0.65,1,0,0.222,-0.59,0.798,0,0.281,-0.34,0,0,0.335,0.19,0,0.405,0.32,-0.13,0,0,0.202,-0.64,0.97,0,0.268,-0.32,0.101,0
94996,20110612,-96.85,40.7,0.177,-0.67,1,0,0.214,-0.65,0.94,0,0.27,-0.39,0.054,0,0.329,0.17,0,0.262,0.32,-0.12,0,0,0.195,-0.68,1,0,0.262,-0.36,0.208,0
94996,20110613,-96.85,40.7,0.173,-0.68,1,0,0.207,-0.68,1,0,0.26,-0.44,0.196,0,0.323,0.14,0,0.119,0.32,-0.11,0,0,0.19,-0.71,1,0,0.257,-0.39,0.351,0
94996,20110614,-96.85,40.7,0.17,-0.68,1,0,0.203,-0.7,1,0,0.253,-0.47,0.339,0,0.318,0.12,0,0,0.32,-0.09,0,0,0.186,-0.72,1,0,0.253,-0.41,0.494,0
94996,20110615,-96.85,40.7,0.173,-0.64,0.946,0,0.2,-0.71,1,0,0.248,-0.49,0.464,0,0.314,0.1,0,0,0.32,-0.08,0,0,0.187,-0.71,0.946,0,0.251,-0.42,0.583,0
94996,20110616,-96.85,40.7,0.178,-0.59,0.874,0,0.199,-0.71,1,0,0.245,-0.49,0.593,0,0.31,0.09,0,0,0.32,-0.07,0,0,0.189,-0.68,0.928,0,0.251,-0.42,0.587,0
94996,20110617,-96.85,40.7,0.184,-0.53,0.743,0,0.199,-0.7,1,0,0.243,-0.5,0.671,0,0.307,0.07,0,0,0.32,-0.06,0,0,0.191,-0.64,0.916,0,0.251,-0.41,0.551,0
94996,20110618,-96.85,40.7,0.189,-0.48,0.719,0.018,0.201,-0.67,0.982,0.012,0.241,-0.5,0.719,0,0.304,0.06,0,0,0.32,-0.05,0,0,0.195,-0.59,0.898,0.012,0.251,-0.39,0.485,0
94996,20110619,-96.85,40.7,0.209,-0.32,0.575,0.078,0.222,-0.51,0.838,0.078,0.239,-0.49,0.671,0,0.302,0.05,0,0,0.32,-0.04,0,0,0.216,-0.42,0.754,0.126,0.259,-0.32,0.377,0
94996,20110620,-96.85,40.7,0.223,-0.21,0.431,0.078,0.238,-0.39,0.695,0.078,0.239,-0.48,0.527,0,0.3,0.05,0,0,0.321,-0.03,0,0,0.231,-0.3,0.611,0.126,0.264,-0.26,0.234,0
94996,20110621,-96.85,40.7,0.24,-0.07,0.287,0.144,0.255,-0.26,0.551,0.132,0.239,-0.47,0.383,0,0.299,0.05,0,0,0.321,-0.03,0,0,0.248,-0.16,0.467,0.186,0.271,-0.19,0.09,0
94996,20110622,-96.85,40.7,0.257,0.05,0.198,0.275,0.276,-0.1,0.407,0.222,0.239,-0.46,0.263,0,0.298,0.05,0,0,0.322,-0.02,0,0,0.266,-0.01,0.377,0.311,0.278,-0.11,0,0
94996,20110623,-96.85,40.7,0.264,0.11,0.131,0.274,0.291,0.01,0.268,0.22,0.239,-0.46,0.214,0,0.297,0.06,0,0,0.322,-0.01,0,0,0.278,0.09,0.256,0.31,0.283,-0.06,0,0
94996,20110624,-96.85,40.7,0.265,0.13,0.119,0.274,0.302,0.09,0.125,0.22,0.24,-0.46,0.274,0,0.297,0.06,0,0,0.323,0,0,0,0.284,0.14,0.125,0.31,0.285,-0.02,0,0
94996,20110625,-96.85,40.7,0.267,0.14,0.048,0.268,0.308,0.14,0,0.214,0.24,-0.46,0.369,0,0.297,0.07,0,0,0.324,0.01,0,0,0.287,0.17,0,0.31,0.287,0,0,0
94996,20110626,-96.85,40.7,0.269,0.16,0.048,0.274,0.309,0.15,0,0.226,0.247,-0.43,0.363,0,0.296,0.07,0,0,0.324,0.01,0,0,0.289,0.18,0,0.262,0.289,0.02,0,0
94996,20110627,-96.85,40.7,0.28,0.23,0.048,0.333,0.316,0.21,0,0.286,0.26,-0.36,0.363,0.03,0.296,0.07,0,0,0.324,0.02,0,0,0.298,0.24,0,0.321,0.295,0.08,0,0.042
94996,20110628,-96.85,40.7,0.286,0.27,0.048,0.375,0.324,0.27,0,0.375,0.285,-0.21,0.363,0.173,0.296,0.08,0,0,0.324,0.02,0,0,0.305,0.3,0,0.387,0.303,0.16,0,0.185
94996,20110629,-96.85,40.7,0.283,0.25,0.048,0.244,0.324,0.27,0,0.339,0.307,-0.08,0.357,0.232,0.297,0.08,0,0,0.325,0.03,0,0,0.303,0.28,0,0.268,0.307,0.21,0,0.208
94996,20110630,-96.85,40.7,0.281,0.24,0.048,0.244,0.325,0.29,0,0.339,0.327,0.04,0.28,0.232,0.298,0.09,0,0,0.325,0.02,0,0,0.303,0.28,0,0.268,0.311,0.25,0,0.208
94996,20110701,-96.85,40.7,0.281,0.24,0.048,0.244,0.327,0.3,0,0.339,0.343,0.14,0.143,0.232,0.299,0.1,0,0,0.324,0.02,0,0,0.304,0.29,0,0.268,0.315,0.29,0,0.208
94996,20110702,-96.85,40.7,0.278,0.22,0.119,0.232,0.327,0.31,0,0.333,0.355,0.22,0,0.232,0.3,0.12,0,0,0.325,0.03,0,0,0.303,0.29,0.024,0.256,0.317,0.32,0,0.208
94996,20110703,-96.85,40.7,0.261,0.11,0.244,0.179,0.311,0.2,0.071,0.256,0.357,0.24,0,0.232,0.301,0.13,0,0,0.325,0.03,0,0,0.286,0.17,0.149,0.19,0.311,0.28,0,0.208
94996,20110704,-96.85,40.7,0.258,0.11,0.244,0.226,0.297,0.11,0.071,0.196,0.352,0.23,0,0.202,0.302,0.15,0,0,0.325,0.04,0,0,0.278,0.13,0.149,0.131,0.307,0.26,0,0.167
94996,20110705,-96.85,40.7,0.249,0.06,0.244,0.119,0.281,0,0.071,0.054,0.333,0.14,0,0.06,0.302,0.16,0,0,0.325,0.06,0,0,0.265,0.05,0.149,0.006,0.298,0.2,0,0.024
94996,20110706,-96.85,40.7,0.252,0.1,0.244,0.196,0.278,0,0.071,0.071,0.321,0.08,0,0,0.301,0.17,0,0.042,0.326,0.08,0,0,0.265,0.07,0.149,0.077,0.296,0.2,0,0.071
94996,20110707,-96.85,40.7,0.264,0.21,0.244,0.339,0.285,0.09,0.071,0.214,0.315,0.08,0,0.018,0.302,0.19,0,0.143,0.326,0.1,0,0,0.275,0.17,0.149,0.22,0.298,0.26,0,0.214
94996,20110708,-96.85,40.7,0.284,0.39,0.244,0.482,0.299,0.22,0.071,0.357,0.327,0.2,0,0.161,0.31,0.27,0,0.286,0.33,0.17,0,0.143,0.292,0.33,0.149,0.363,0.31,0.42,0,0.357
94996,20110709,-96.85,40.7,0.301,0.54,0.125,0.625,0.313,0.36,0.071,0.5,0.34,0.32,0,0.304,0.319,0.34,0,0.429,0.333,0.24,0,0.286,0.307,0.47,0.125,0.506,0.321,0.57,0,0.5
94996,20110710,-96.85,40.7,0.313,0.64,0,0.679,0.327,0.5,0,0.643,0.353,0.45,0,0.446,0.326,0.42,0,0.571,0.336,0.32,0,0.429,0.32,0.59,0,0.649,0.331,0.7,0,0.643
94996,20110711,-96.85,40.7,0.303,0.59,0,0.571,0.335,0.6,0,0.786,0.365,0.56,0,0.589,0.333,0.48,0,0.714,0.339,0.39,0,0.571,0.319,0.61,0,0.702,0.335,0.78,0,0.786
94996,20110712,-96.85,40.7,0.298,0.57,0,0.571,0.342,0.67,0,0.863,0.376,0.66,0,0.732,0.34,0.56,0,0.857,0.342,0.46,0,0.714,0.32,0.63,0,0.702,0.339,0.86,0,0.929
94996,20110713,-96.85,40.7,0.291,0.53,0,0.53,0.34,0.69,0,0.827,0.383,0.74,0,0.875,0.347,0.63,0,0.958,0.344,0.52,0,0.857,0.316,0.61,0,0.661,0.341,0.92,0,1
94996,20110714,-96.85,40.7,0.292,0.55,0,0.53,0.339,0.71,0,0.827,0.389,0.81,0,1,0.354,0.7,0,1,0.346,0.58,0,1,0.316,0.64,0,0.661,0.344,1,0,1
94996,20110715,-96.85,40.7,0.285,0.51,0,0.53,0.332,0.7,0,0.827,0.379,0.77,0,1,0.352,0.7,0,1,0.345,0.6,0,1,0.308,0.61,0,0.661,0.338,0.98,0,1
94996,20110716,-96.85,40.7,0.278,0.47,0,0.452,0.327,0.69,0,0.827,0.371,0.74,0,1,0.349,0.7,0,1,0.344,0.61,0,1,0.302,0.59,0,0.661,0.334,0.98,0,1
94996,20110717,-96.85,40.7,0.273,0.44,0,0.387,0.322,0.68,0,0.827,0.364,0.71,0,1,0.346,0.7,0,1,0.343,0.63,0,1,0.297,0.57,0,0.625,0.33,0.98,0,1
94996,20110718,-96.85,40.7,0.27,0.42,0,0.387,0.316,0.67,0,0.774,0.356,0.68,0,1,0.345,0.7,0,1,0.343,0.66,0,1,0.293,0.55,0,0.571,0.326,0.98,0,1
94996,20110719,-96.85,40.7,0.266,0.41,0,0.387,0.311,0.65,0,0.696,0.348,0.64,0,1,0.341,0.7,0,1,0.343,0.68,0,1,0.289,0.53,0,0.571,0.322,0.97,0,1
94996,20110720,-96.85,40.7,0.257,0.34,0,0.351,0.302,0.6,0,0.661,0.338,0.58,0,0.863,0.338,0.69,0,1,0.343,0.7,0,1,0.28,0.47,0,0.536,0.315,0.92,0,1
94996,20110721,-96.85,40.7,0.235,0.18,0,0.208,0.284,0.46,0,0.518,0.323,0.48,0,0.72,0.333,0.67,0,1,0.343,0.73,0,1,0.26,0.31,0,0.393,0.304,0.79,0,1
94996,20110722,-96.85,40.7,0.218,0.05,0,0.065,0.268,0.33,0,0.375,0.308,0.38,0,0.577,0.329,0.66,0,1,0.343,0.75,0,1,0.243,0.17,0,0.25,0.293,0.67,0,0.952
94996,20110723,-96.85,40.7,0.205,-0.04,0,0,0.254,0.22,0,0.232,0.293,0.28,0,0.435,0.324,0.64,0,1,0.343,0.77,0,1,0.23,0.06,0,0.107,0.284,0.55,0,0.81
94996,20110724,-96.85,40.7,0.195,-0.11,0,0,0.241,0.11,0,0.089,0.28,0.17,0,0.292,0.319,0.61,0,1,0.343,0.79,0,1,0.218,-0.03,0,0,0.275,0.44,0,0.667
94996,20110725,-96.85,40.7,0.188,-0.15,0,0,0.23,0.02,0,0,0.267,0.09,0,0.149,0.314,0.59,0,1,0.342,0.8,0,1,0.209,-0.11,0,0,0.268,0.35,0,0.524
94996,20110726,-96.85,40.7,0.183,-0.19,0,0,0.222,-0.05,0,0,0.257,0.01,0,0.006,0.31,0.57,0,1,0.342,0.81,0,1,0.202,-0.16,0,0,0.263,0.27,0,0.381
94996,20110727,-96.85,40.7,0.178,-0.22,0,0,0.216,-0.1,0,0,0.25,-0.04,0,0,0.306,0.54,0,0.994,0.341,0.81,0,1,0.197,-0.2,0,0,0.258,0.21,0,0.238
94996,20110728,-96.85,40.7,0.176,-0.23,0,0,0.211,-0.13,0,0,0.244,-0.07,0,0,0.302,0.52,0,0.994,0.341,0.82,0,1,0.193,-0.23,0,0,0.255,0.17,0,0.095
94996,20110729,-96.85,40.7,0.173,-0.24,0,0,0.208,-0.15,0,0,0.24,-0.09,0,0,0.299,0.5,0,0.994,0.34,0.83,0,1,0.19,-0.25,0,0,0.252,0.14,0,0
94996,20110730,-96.85,40.7,0.171,-0.26,0,0,0.205,-0.17,0,0,0.236,-0.1,0,0,0.296,0.48,0,0.994,0.34,0.85,0,1,0.188,-0.26,0,0,0.249,0.11,0,0
94996,20110731,-96.85,40.7,0.168,-0.27,0,0,0.202,-0.18,0,0,0.234,-0.1,0,0,0.293,0.47,0,0.994,0.339,0.86,0,1,0.185,-0.28,0,0,0.247,0.09,0,0
94996,20110801,-96.85,40.7,0.166,-0.28,0,0,0.201,-0.19,0,0,0.232,-0.1,0,0,0.291,0.46,0,0.994,0.338,0.86,0,1,0.184,-0.29,0.06,0,0.246,0.07,0,0
94996,20110802,-96.85,40.7,0.165,-0.28,0.024,0,0.199,-0.2,0,0,0.23,-0.1,0,0,0.289,0.44,0,0.994,0.337,0.87,0,1,0.182,-0.3,0.202,0,0.244,0.06,0,0
94996,20110803,-96.85,40.7,0.163,-0.29,0.161,0,0.198,-0.21,0.101,0,0.229,-0.1,0,0,0.287,0.44,0,1,0.337,0.88,0,1,0.18,-0.32,0.345,0,0.243,0.04,0,0
94996,20110804,-96.85,40.7,0.161,-0.31,0.304,0,0.196,-0.23,0.244,0,0.227,-0.11,0,0,0.285,0.43,0,1,0.336,0.88,0,1,0.178,-0.34,0.488,0,0.241,0.02,0,0
94996,20110805,-96.85,40.7,0.159,-0.33,0.446,0,0.194,-0.25,0.387,0,0.225,-0.12,0,0,0.284,0.41,0,1,0.335,0.87,0,1,0.177,-0.36,0.631,0,0.239,0,0,0
94996,20110806,-96.85,40.7,0.158,-0.34,0.583,0,0.193,-0.27,0.53,0,0.224,-0.12,0,0,0.282,0.4,0,1,0.334,0.86,0,1,0.175,-0.38,0.774,0,0.238,-0.02,0,0
94996,20110807,-96.85,40.7,0.165,-0.27,0.661,0.065,0.192,-0.29,0.673,0,0.223,-0.13,0,0,0.281,0.4,0,1,0.333,0.86,0,1,0.178,-0.34,0.851,0.006,0.239,-0.01,0,0.065
94996,20110808,-96.85,40.7,0.178,-0.14,0.661,0.19,0.191,-0.3,0.81,0,0.221,-0.13,0,0,0.28,0.39,0,1,0.332,0.85,0,1,0.185,-0.27,0.792,0.006,0.241,0.03,0,0.107
94996,20110809,-96.85,40.7,0.191,-0.02,0.637,0.292,0.192,-0.3,0.935,0,0.22,-0.14,0,0,0.279,0.38,0,1,0.332,0.84,0,1,0.191,-0.19,0.649,0.006,0.243,0.07,0,0.107
94996,20110810,-96.85,40.7,0.2,0.07,0.5,0.292,0.192,-0.3,0.976,0,0.22,-0.14,0,0,0.278,0.38,0,1,0.331,0.82,0,1,0.196,-0.13,0.506,0.006,0.244,0.1,0,0.107
94996,20110811,-96.85,40.7,0.208,0.14,0.357,0.292,0.193,-0.29,0.976,0,0.219,-0.14,0,0,0.278,0.37,0,0.994,0.33,0.82,0,1,0.2,-0.08,0.363,0.006,0.246,0.13,0,0.107
94996,20110812,-96.85,40.7,0.22,0.27,0.214,0.327,0.199,-0.22,0.94,0.036,0.22,-0.13,0,0,0.277,0.37,0,0.935,0.33,0.81,0,1,0.21,0.03,0.22,0.042,0.249,0.19,0,0.143
94996,20110813,-96.85,40.7,0.249,0.55,0.077,0.47,0.227,0.11,0.798,0.179,0.24,0.04,0,0.143,0.277,0.36,0,0.839,0.329,0.8,0,1,0.238,0.37,0.077,0.185,0.264,0.44,0,0.286
94996,20110814,-96.85,40.7,0.263,0.68,0,0.548,0.25,0.39,0.655,0.321,0.26,0.21,0,0.286,0.276,0.36,0,0.726,0.329,0.8,0,1,0.256,0.59,0,0.321,0.275,0.62,0,0.363
94996,20110815,-96.85,40.7,0.269,0.73,0,0.565,0.27,0.64,0.518,0.464,0.278,0.36,0,0.429,0.276,0.36,0,0.619,0.328,0.79,0,1,0.269,0.75,0,0.464,0.284,0.75,0,0.464
94996,20110816,-96.85,40.7,0.286,0.89,0,0.607,0.297,0.96,0.393,0.607,0.307,0.61,0,0.571,0.276,0.36,0,0.506,0.328,0.8,0,1,0.291,1,0,0.607,0.299,0.96,0,0.607
94996,20110817,-96.85,40.7,0.302,1.04,0,0.75,0.322,1.23,0.25,0.75,0.334,0.84,0,0.714,0.276,0.36,0,0.405,0.328,0.8,0,1,0.312,1.22,0,0.75,0.312,1.16,0,0.75
94996,20110818,-96.85,40.7,0.317,1.18,0,0.893,0.344,1.47,0.107,0.893,0.359,1.06,0,0.857,0.276,0.36,0,0.399,0.328,0.79,0,1,0.331,1.42,0,0.893,0.325,1.34,0,0.893
94996,20110819,-96.85,40.7,0.329,1.29,0,1,0.363,1.67,0,1,0.383,1.26,0,1,0.277,0.37,0,0.458,0.328,0.79,0,1,0.346,1.58,0,1,0.336,1.49,0,1
94996,20110820,-96.85,40.7,0.326,1.25,0,1,0.362,1.61,0,1,0.39,1.31,0,1,0.277,0.39,0,0.554,0.328,0.78,0,1,0.344,1.52,0,1,0.337,1.47,0,1
94996,20110821,-96.85,40.7,0.33,1.28,0,1,0.364,1.6,0,1,0.395,1.35,0,1,0.278,0.41,0,0.667,0.328,0.78,0,1,0.347,1.53,0,1,0.339,1.48,0,1
94996,20110822,-96.85,40.7,0.332,1.3,0,1,0.366,1.59,0,1,0.402,1.41,0,1,0.279,0.42,0,0.762,0.328,0.77,0,1,0.349,1.54,0,1,0.342,1.5,0,1
94996,20110823,-96.85,40.7,0.322,1.2,0,1,0.36,1.49,0,1,0.396,1.35,0,1,0.28,0.44,0,0.875,0.328,0.75,0,1,0.341,1.43,0,1,0.337,1.41,0,1
94996,20110824,-96.85,40.7,0.312,1.11,0,1,0.354,1.43,0,1,0.391,1.31,0,1,0.281,0.46,0,0.958,0.328,0.73,0,1,0.333,1.34,0,1,0.333,1.34,0,1
94996,20110825,-96.85,40.7,0.302,1.02,0,0.923,0.348,1.37,0,1,0.387,1.27,0,1,0.282,0.47,0,0.97,0.328,0.7,0,1,0.325,1.26,0,1,0.329,1.27,0,1
94996,20110826,-96.85,40.7,0.288,0.89,0,0.78,0.34,1.28,0,1,0.38,1.21,0,1,0.282,0.48,0,0.97,0.328,0.69,0,1,0.314,1.15,0,0.976,0.324,1.18,0,1
94996,20110827,-96.85,40.7,0.27,0.74,0,0.637,0.327,1.16,0,1,0.371,1.14,0,1,0.283,0.48,0,0.97,0.328,0.67,0,1,0.299,0.99,0,0.833,0.316,1.07,0,1
94996,20110828,-96.85,40.7,0.252,0.58,0,0.494,0.315,1.03,0,0.97,0.36,1.05,0,1,0.283,0.48,0,0.97,0.328,0.66,0,1,0.284,0.84,0,0.69,0.308,0.95,0,1
94996,20110829,-96.85,40.7,0.236,0.44,0,0.351,0.303,0.9,0,0.827,0.35,0.97,0,1,0.284,0.48,0,0.982,0.328,0.65,0,1,0.27,0.69,0,0.548,0.3,0.84,0,1
94996,20110830,-96.85,40.7,0.225,0.34,0,0.22,0.293,0.79,0,0.696,0.339,0.88,0,1,0.284,0.48,0,0.911,0.328,0.64,0,1,0.259,0.58,0,0.417,0.294,0.75,0,1
94996,20110831,-96.85,40.7,0.239,0.46,0,0.22,0.301,0.85,0,0.696,0.345,0.93,0,1,0.284,0.47,0,0.833,0.328,0.64,0,1,0.27,0.67,0,0.417,0.3,0.81,0,1
94996,20110901,-96.85,40.7,0.252,0.58,0,0.298,0.309,0.9,0,0.696,0.351,0.98,0,1,0.283,0.45,0,0.69,0.328,0.64,0,1,0.28,0.75,0,0.417,0.304,0.87,0,1
94996,20110902,-96.85,40.7,0.262,0.67,0,0.44,0.316,0.95,0,0.696,0.356,1.03,0,1,0.283,0.43,0,0.56,0.328,0.63,0,1,0.289,0.82,0,0.44,0.309,0.92,0,1
94996,20110903,-96.85,40.7,0.269,0.74,0,0.583,0.322,0.99,0,0.696,0.361,1.08,0,1,0.282,0.42,0,0.417,0.328,0.62,0,1,0.296,0.88,0,0.583,0.312,0.96,0,1
94996,20110904,-96.85,40.7,0.276,0.8,0,0.72,0.327,1.04,0,0.726,0.367,1.14,0,1,0.282,0.41,0,0.274,0.328,0.62,0,1,0.301,0.93,0,0.726,0.316,1,0,1
94996,20110905,-96.85,40.7,0.281,0.86,0,0.738,0.332,1.08,0,0.869,0.372,1.19,0,1,0.282,0.4,0,0.131,0.328,0.61,0,1,0.307,0.98,0,0.851,0.319,1.04,0,1
94996,20110906,-96.85,40.7,0.284,0.89,0,0.726,0.336,1.11,0,0.988,0.377,1.25,0,1,0.282,0.4,0,0.06,0.328,0.6,0,1,0.31,1.01,0,0.857,0.321,1.07,0,1
94996,20110907,-96.85,40.7,0.263,0.71,0,0.583,0.32,0.97,0,0.851,0.364,1.17,0,1,0.282,0.4,0,0.012,0.328,0.6,0,0.988,0.292,0.85,0,0.714,0.311,0.95,0,1
94996,20110908,-96.85,40.7,0.245,0.54,0,0.44,0.306,0.85,0,0.708,0.352,1.09,0,1,0.282,0.4,0,0.012,0.328,0.59,0,0.988,0.276,0.7,0,0.571,0.303,0.84,0,1
94996,20110909,-96.85,40.7,0.231,0.42,0,0.298,0.293,0.74,0,0.565,0.34,1.02,0,1,0.282,0.4,0,0,0.328,0.59,0,0.911,0.262,0.58,0,0.429,0.295,0.74,0,1
94996,20110910,-96.85,40.7,0.22,0.31,0,0.155,0.282,0.64,0,0.423,0.33,0.94,0,1,0.282,0.39,0,0,0.327,0.58,0,0.875,0.251,0.48,0,0.286,0.288,0.66,0,1
94996,20110911,-96.85,40.7,0.21,0.21,0,0.018,0.272,0.55,0,0.28,0.319,0.87,0,1,0.281,0.39,0,0,0.327,0.58,0,0.875,0.241,0.38,0,0.143,0.282,0.58,0,0.982
94996,20110912,-96.85,40.7,0.201,0.12,0,0,0.263,0.47,0,0.137,0.308,0.78,0,1,0.28,0.38,0,0,0.327,0.58,0,0.875,0.232,0.29,0,0.018,0.276,0.5,0,0.857
94996,20110913,-96.85,40.7,0.193,0.04,0,0,0.254,0.39,0,0.006,0.298,0.7,0,1,0.28,0.38,0,0,0.327,0.58,0,0.875,0.224,0.2,0,0,0.27,0.43,0,0.714
94996,20110914,-96.85,40.7,0.186,-0.03,0,0,0.247,0.32,0,0,0.288,0.61,0,0.923,0.279,0.37,0,0,0.327,0.58,0,0.887,0.217,0.12,0,0,0.265,0.37,0,0.571
94996,20110915,-96.85,40.7,0.18,-0.1,0.083,0,0.24,0.25,0,0,0.28,0.54,0,0.786,0.278,0.37,0,0.036,0.327,0.59,0,0.887,0.21,0.05,0,0,0.261,0.32,0,0.429
94996,20110916,-96.85,40.7,0.176,-0.14,0.202,0,0.233,0.19,0,0,0.272,0.46,0,0.643,0.278,0.37,0,0.065,0.326,0.59,0,0.964,0.204,-0.01,0,0,0.257,0.27,0,0.292
94996,20110917,-96.85,40.7,0.181,-0.09,0.202,0,0.227,0.13,0,0,0.265,0.39,0,0.5,0.277,0.37,0,0.077,0.327,0.6,0,1,0.204,-0.01,0,0,0.255,0.26,0,0.286
94996,20110918,-96.85,40.7,0.188,-0.02,0.202,0.024,0.222,0.08,0,0,0.259,0.34,0,0.357,0.277,0.36,0,0.107,0.326,0.59,0,1,0.205,0.01,0,0,0.254,0.25,0,0.304
94996,20110919,-96.85,40.7,0.207,0.19,0.202,0.167,0.226,0.14,0,0.119,0.255,0.3,0,0.214,0.276,0.36,0,0.208,0.325,0.59,0,1,0.216,0.15,0,0.137,0.258,0.32,0,0.429
94996,20110920,-96.85,40.7,0.224,0.37,0.202,0.31,0.231,0.22,0,0.262,0.252,0.28,0,0.071,0.276,0.36,0,0.333,0.325,0.59,0,1,0.227,0.28,0,0.28,0.262,0.38,0,0.571
94996,20110921,-96.85,40.7,0.238,0.51,0.202,0.452,0.235,0.3,0,0.405,0.25,0.26,0,0.006,0.275,0.36,0,0.423,0.324,0.58,0,0.994,0.237,0.4,0,0.423,0.265,0.44,0,0.714
94996,20110922,-96.85,40.7,0.249,0.64,0.119,0.595,0.24,0.36,0,0.446,0.249,0.25,0,0,0.275,0.36,0,0.429,0.324,0.56,0,0.994,0.245,0.5,0,0.518,0.267,0.48,0,0.857
94996,20110923,-96.85,40.7,0.257,0.72,0,0.595,0.243,0.42,0,0.446,0.248,0.24,0,0,0.274,0.35,0,0.435,0.324,0.55,0,0.994,0.25,0.58,0,0.518,0.269,0.52,0,0.994
94996,20110924,-96.85,40.7,0.254,0.69,0,0.595,0.246,0.46,0,0.446,0.248,0.24,0,0,0.274,0.34,0,0.429,0.323,0.54,0,0.994,0.25,0.59,0,0.518,0.269,0.51,0,0.94
94996,20110925,-96.85,40.7,0.248,0.64,0,0.571,0.248,0.49,0,0.446,0.247,0.23,0,0,0.274,0.33,0,0.399,0.323,0.52,0,0.994,0.248,0.57,0,0.518,0.268,0.5,0,0.798
94996,20110926,-96.85,40.7,0.228,0.44,0,0.429,0.241,0.42,0,0.327,0.245,0.22,0,0,0.273,0.32,0,0.298,0.322,0.51,0,0.994,0.234,0.43,0,0.381,0.262,0.42,0,0.655
94996,20110927,-96.85,40.7,0.21,0.27,0,0.286,0.232,0.32,0,0.185,0.243,0.2,0,0,0.272,0.3,0,0.173,0.322,0.5,0,0.976,0.221,0.28,0,0.238,0.256,0.33,0,0.512
94996,20110928,-96.85,40.7,0.195,0.13,0,0.143,0.224,0.24,0,0.042,0.241,0.17,0,0,0.271,0.29,0,0.083,0.322,0.49,0,0.982,0.21,0.16,0,0.095,0.251,0.26,0,0.369
94996,20110929,-96.85,40.7,0.184,0.02,0,0,0.218,0.17,0,0,0.238,0.15,0,0,0.271,0.27,0,0.042,0.322,0.48,0,0.982,0.201,0.06,0,0,0.247,0.21,0,0.226
94996,20110930,-96.85,40.7,0.174,-0.07,0.018,0,0.213,0.12,0,0,0.237,0.13,0,0,0.27,0.26,0,0.006,0.322,0.48,0,0.982,0.194,-0.01,0,0,0.243,0.16,0,0.083
94996,20111001,-96.85,40.7,0.167,-0.14,0.155,0,0.208,0.06,0,0,0.236,0.13,0,0,0.27,0.25,0,0,0.322,0.48,0,0.982,0.188,-0.08,0.036,0,0.241,0.13,0,0
94996,20111002,-96.85,40.7,0.161,-0.19,0.298,0,0.204,0.02,0,0,0.234,0.12,0,0,0.27,0.24,0,0,0.321,0.47,0,0.923,0.182,-0.14,0.179,0,0.238,0.1,0,0
94996,20111003,-96.85,40.7,0.157,-0.23,0.44,0,0.2,-0.02,0,0,0.233,0.1,0,0,0.269,0.23,0,0,0.321,0.46,0,0.786,0.179,-0.18,0.321,0,0.236,0.07,0,0
94996,20111004,-96.85,40.7,0.154,-0.26,0.583,0,0.197,-0.05,0,0,0.232,0.1,0,0,0.269,0.22,0,0,0.32,0.46,0,0.762,0.176,-0.21,0.464,0,0.234,0.06,0,0
94996,20111005,-96.85,40.7,0.152,-0.28,0.726,0,0.194,-0.07,0,0,0.232,0.11,0,0,0.268,0.21,0,0,0.32,0.45,0,0.655,0.173,-0.24,0.607,0,0.233,0.04,0,0
94996,20111006,-96.85,40.7,0.149,-0.3,0.869,0,0.192,-0.09,0,0,0.232,0.11,0,0,0.268,0.2,0,0,0.319,0.44,0,0.554,0.171,-0.26,0.75,0,0.232,0.03,0,0
94996,20111007,-96.85,40.7,0.147,-0.31,0.994,0,0.19,-0.11,0.012,0,0.231,0.12,0,0,0.267,0.19,0,0,0.319,0.43,0,0.452,0.169,-0.28,0.893,0,0.231,0.02,0,0
94996,20111008,-96.85,40.7,0.146,-0.32,1,0,0.188,-0.12,0.012,0,0.23,0.11,0,0,0.267,0.19,0,0,0.318,0.43,0,0.423,0.167,-0.28,1,0,0.23,0.01,0,0
94996,20111009,-96.85,40.7,0.145,-0.31,1,0,0.187,-0.13,0.012,0,0.23,0.12,0,0,0.267,0.18,0,0,0.318,0.43,0,0.458,0.166,-0.28,1,0,0.229,0.01,0,0
94996,20111010,-96.85,40.7,0.15,-0.26,0.952,0.03,0.186,-0.13,0.018,0,0.229,0.12,0,0,0.267,0.18,0,0,0.319,0.43,0,0.571,0.168,-0.25,0.952,0.018,0.23,0.02,0,0.006
94996,20111011,-96.85,40.7,0.173,-0.09,0.81,0.173,0.193,-0.06,0.018,0,0.229,0.12,0,0,0.267,0.18,0,0,0.319,0.43,0,0.613,0.183,-0.11,0.81,0.161,0.236,0.08,0,0.101
94996,20111012,-96.85,40.7,0.194,0.07,0.667,0.315,0.201,0.01,0.018,0,0.228,0.12,0,0,0.267,0.18,0,0,0.319,0.43,0,0.685,0.198,0.02,0.667,0.304,0.242,0.13,0,0.113
94996,20111013,-96.85,40.7,0.218,0.25,0.524,0.458,0.211,0.09,0.018,0,0.228,0.12,0,0,0.267,0.17,0,0,0.319,0.43,0,0.75,0.214,0.16,0.524,0.446,0.248,0.19,0,0.196
94996,20111014,-96.85,40.7,0.24,0.41,0.381,0.601,0.22,0.16,0.006,0,0.227,0.11,0,0,0.268,0.18,0,0,0.319,0.43,0,0.827,0.23,0.28,0.381,0.524,0.255,0.24,0,0.196
94996,20111015,-96.85,40.7,0.259,0.55,0.238,0.744,0.228,0.23,0.006,0,0.226,0.11,0,0,0.268,0.17,0,0,0.319,0.42,0,0.851,0.243,0.39,0.238,0.524,0.26,0.29,0,0.196
94996,20111016,-96.85,40.7,0.277,0.67,0.095,0.756,0.235,0.29,0.006,0,0.225,0.1,0,0,0.267,0.17,0,0,0.319,0.42,0,0.815,0.256,0.49,0.095,0.524,0.265,0.33,0,0.196
94996,20111017,-96.85,40.7,0.286,0.73,0,0.726,0.242,0.34,0,0,0.224,0.1,0,0,0.267,0.16,0,0,0.319,0.42,0,0.726,0.264,0.55,0,0.506,0.268,0.35,0,0.19
94996,20111018,-96.85,40.7,0.278,0.66,0,0.583,0.239,0.32,0,0,0.223,0.09,0,0,0.266,0.15,0,0,0.318,0.41,0,0.601,0.258,0.49,0,0.363,0.265,0.32,0,0.095
94996,20111019,-96.85,40.7,0.269,0.59,0,0.44,0.236,0.29,0,0,0.222,0.09,0,0,0.266,0.15,0,0,0.318,0.41,0,0.518,0.252,0.43,0,0.22,0.262,0.29,0,0.083
94996,20111020,-96.85,40.7,0.255,0.49,0,0.299,0.231,0.25,0,0,0.221,0.08,0,0,0.265,0.14,0,0,0.318,0.4,0,0.413,0.243,0.35,0,0.078,0.258,0.25,0,0
94996,20111021,-96.85,40.7,0.244,0.4,0,0.156,0.226,0.2,0,0,0.219,0.07,0,0,0.264,0.12,0,0,0.317,0.39,0,0.293,0.235,0.29,0,0,0.254,0.21,0,0
94996,20111022,-96.85,40.7,0.233,0.32,0,0.012,0.221,0.16,0,0,0.218,0.06,0,0,0.263,0.11,0,0,0.317,0.38,0,0.156,0.227,0.23,0,0,0.25,0.18,0,0
94996,20111023,-96.85,40.7,0.224,0.25,0,0,0.216,0.12,0,0,0.217,0.06,0,0,0.262,0.09,0,0,0.316,0.36,0,0.072,0.22,0.17,0,0,0.247,0.15,0,0
94996,20111024,-96.85,40.7,0.215,0.18,0,0,0.212,0.08,0,0,0.216,0.05,0,0,0.261,0.08,0,0,0.316,0.36,0,0.042,0.214,0.12,0,0,0.244,0.12,0,0
94996,20111025,-96.85,40.7,0.206,0.12,0,0,0.209,0.04,0,0,0.216,0.05,0,0,0.26,0.07,0,0,0.315,0.34,0,0.024,0.207,0.07,0,0,0.241,0.1,0,0
94996,20111026,-96.85,40.7,0.198,0.06,0,0,0.206,0.01,0,0,0.216,0.05,0,0,0.259,0.07,0,0,0.314,0.34,0,0,0.202,0.03,0,0,0.239,0.08,0,0
94996,20111027,-96.85,40.7,0.19,0,0,0,0.203,-0.02,0,0,0.216,0.05,0,0,0.259,0.07,0,0,0.314,0.33,0,0,0.197,-0.01,0,0,0.236,0.06,0,0
94996,20111028,-96.85,40.7,0.183,-0.06,0,0,0.2,-0.05,0,0,0.216,0.05,0,0,0.259,0.07,0,0,0.314,0.33,0,0,0.191,-0.06,0,0,0.234,0.04,0,0
94996,20111029,-96.85,40.7,0.176,-0.12,0.006,0,0.197,-0.09,0,0,0.216,0.04,0,0,0.259,0.07,0,0,0.313,0.33,0,0,0.186,-0.1,0,0,0.232,0.01,0,0
94996,20111030,-96.85,40.7,0.169,-0.17,0.149,0,0.193,-0.12,0,0,0.216,0.04,0,0,0.259,0.08,0,0,0.313,0.33,0,0,0.181,-0.14,0,0,0.23,-0.01,0,0
94996,20111031,-96.85,40.7,0.164,-0.23,0.292,0,0.19,-0.15,0.018,0,0.215,0.03,0,0,0.259,0.09,0,0,0.313,0.33,0,0,0.177,-0.18,0.024,0,0.228,-0.03,0,0
94996,20111101,-96.85,40.7,0.159,-0.28,0.435,0,0.187,-0.18,0.095,0,0.215,0.02,0,0,0.259,0.09,0,0,0.312,0.33,0,0,0.173,-0.21,0.143,0,0.227,-0.06,0,0
94996,20111102,-96.85,40.7,0.156,-0.31,0.577,0,0.184,-0.21,0.131,0,0.214,0.01,0,0,0.259,0.09,0,0,0.312,0.33,0,0,0.17,-0.24,0.28,0,0.225,-0.08,0,0
94996,20111103,-96.85,40.7,0.162,-0.29,0.619,0,0.187,-0.21,0.167,0,0.213,0,0,0,0.258,0.1,0,0,0.312,0.33,0,0,0.174,-0.23,0.321,0,0.226,-0.07,0,0
94996,20111104,-96.85,40.7,0.173,-0.22,0.619,0,0.192,-0.18,0.167,0,0.212,-0.01,0,0,0.258,0.1,0,0,0.312,0.33,0,0,0.183,-0.19,0.321,0,0.229,-0.06,0,0
94996,20111105,-96.85,40.7,0.185,-0.16,0.613,0,0.198,-0.15,0.167,0,0.212,-0.04,0,0,0.257,0.1,0,0,0.311,0.32,0,0,0.192,-0.15,0.321,0,0.233,-0.04,0,0
94996,20111106,-96.85,40.7,0.197,-0.09,0.47,0,0.204,-0.13,0.167,0,0.211,-0.07,0,0,0.257,0.1,0,0,0.311,0.32,0,0,0.201,-0.11,0.321,0,0.236,-0.02,0,0
94996,20111107,-96.85,40.7,0.209,-0.02,0.327,0,0.211,-0.1,0.149,0,0.211,-0.1,0,0,0.256,0.1,0,0,0.31,0.32,0,0,0.21,-0.08,0.298,0,0.239,0,0,0
94996,20111108,-96.85,40.7,0.229,0.12,0.185,0.077,0.228,0,0.071,0.077,0.215,-0.11,0,0,0.256,0.1,0,0,0.31,0.32,0,0,0.228,0.03,0.179,0.077,0.248,0.06,0,0.077
94996,20111109,-96.85,40.7,0.255,0.29,0.042,0.22,0.252,0.15,0.036,0.22,0.225,-0.08,0,0,0.255,0.1,0,0,0.31,0.32,0,0,0.253,0.18,0.042,0.22,0.259,0.15,0,0.22
94996,20111110,-96.85,40.7,0.269,0.38,0,0.363,0.27,0.25,0,0.363,0.236,-0.03,0,0,0.255,0.09,0,0,0.31,0.32,0,0,0.27,0.27,0,0.363,0.268,0.21,0,0.363
94996,20111111,-96.85,40.7,0.278,0.43,0,0.506,0.284,0.31,0,0.506,0.248,0.03,0,0,0.254,0.09,0,0,0.309,0.32,0,0,0.281,0.34,0,0.506,0.275,0.26,0,0.506
94996,20111112,-96.85,40.7,0.286,0.49,0,0.649,0.298,0.37,0,0.649,0.26,0.09,0,0,0.254,0.1,0,0,0.309,0.32,0,0,0.292,0.4,0,0.649,0.281,0.3,0,0.649
94996,20111113,-96.85,40.7,0.294,0.53,0,0.792,0.311,0.43,0,0.792,0.273,0.17,0,0,0.254,0.1,0,0,0.308,0.31,0,0,0.303,0.47,0,0.792,0.288,0.35,0,0.792
94996,20111114,-96.85,40.7,0.302,0.59,0,0.935,0.324,0.49,0,0.935,0.285,0.25,0,0.018,0.253,0.1,0,0,0.308,0.31,0,0,0.313,0.54,0,0.935,0.295,0.39,0,0.935
94996,20111115,-96.85,40.7,0.301,0.57,0,1,0.326,0.47,0,1,0.294,0.31,0,0.089,0.253,0.1,0,0,0.307,0.32,0,0,0.314,0.53,0,1,0.296,0.4,0,1
94996,20111116,-96.85,40.7,0.294,0.51,0,1,0.32,0.4,0,1,0.296,0.33,0,0.232,0.253,0.1,0,0,0.307,0.32,0,0,0.307,0.48,0,1,0.294,0.37,0,1
94996,20111117,-96.85,40.7,0.288,0.46,0,0.929,0.316,0.35,0,1,0.297,0.34,0,0.298,0.253,0.1,0,0,0.306,0.32,0,0,0.302,0.43,0,1,0.292,0.35,0,1
94996,20111118,-96.85,40.7,0.284,0.41,0,0.792,0.312,0.32,0,0.988,0.297,0.34,0,0.315,0.253,0.1,0,0,0.306,0.33,0,0.006,0.298,0.39,0,1,0.29,0.32,0,1
94996,20111119,-96.85,40.7,0.279,0.37,0,0.661,0.309,0.29,0,0.988,0.296,0.34,0,0.351,0.252,0.1,0,0,0.306,0.34,0,0.006,0.294,0.36,0,0.994,0.289,0.3,0,0.988
94996,20111120,-96.85,40.7,0.275,0.33,0,0.518,0.306,0.26,0,0.929,0.296,0.35,0,0.429,0.252,0.1,0,0,0.306,0.34,0,0.006,0.29,0.32,0,0.875,0.287,0.28,0,0.905
94996,20111121,-96.85,40.7,0.27,0.29,0,0.375,0.303,0.23,0,0.786,0.295,0.34,0,0.411,0.252,0.1,0,0,0.306,0.35,0,0.012,0.286,0.28,0,0.732,0.285,0.25,0,0.768
94996,20111122,-96.85,40.7,0.265,0.25,0,0.232,0.299,0.21,0,0.643,0.293,0.33,0,0.339,0.251,0.09,0,0,0.305,0.35,0,0.012,0.282,0.25,0,0.589,0.283,0.22,0,0.625
94996,20111123,-96.85,40.7,0.261,0.21,0,0.089,0.297,0.18,0,0.5,0.292,0.32,0,0.196,0.251,0.09,0,0,0.305,0.35,0,0.012,0.279,0.22,0,0.446,0.281,0.2,0,0.482
94996,20111124,-96.85,40.7,0.258,0.18,0,0.018,0.295,0.17,0,0.357,0.291,0.31,0,0.131,0.25,0.08,0,0,0.305,0.35,0,0.012,0.276,0.2,0,0.304,0.28,0.17,0,0.339
94996,20111125,-96.85,40.7,0.255,0.16,0,0.012,0.294,0.16,0,0.244,0.291,0.31,0,0.131,0.25,0.08,0,0,0.304,0.35,0,0.006,0.274,0.19,0,0.161,0.279,0.15,0,0.196
94996,20111126,-96.85,40.7,0.252,0.14,0,0,0.293,0.15,0,0.149,0.291,0.31,0,0.238,0.25,0.08,0,0,0.303,0.34,0,0.006,0.272,0.18,0,0.024,0.278,0.14,0,0.065
94996,20111127,-96.85,40.7,0.25,0.12,0,0,0.291,0.14,0,0.065,0.291,0.31,0,0.25,0.25,0.07,0,0,0.303,0.34,0,0.006,0.27,0.17,0,0,0.277,0.13,0,0.006
94996,20111128,-96.85,40.7,0.247,0.1,0,0,0.29,0.12,0,0.065,0.291,0.31,0,0.25,0.25,0.07,0,0,0.303,0.35,0,0,0.269,0.16,0,0,0.276,0.11,0,0
94996,20111129,-96.85,40.7,0.245,0.08,0,0,0.289,0.11,0,0.065,0.291,0.31,0,0.25,0.25,0.07,0,0,0.303,0.35,0,0.006,0.267,0.15,0,0,0.275,0.1,0,0
94996,20111130,-96.85,40.7,0.242,0.05,0,0,0.287,0.1,0,0.065,0.291,0.3,0,0.25,0.25,0.07,0,0,0.302,0.34,0,0.006,0.265,0.13,0,0,0.274,0.09,0,0
94996,20111201,-96.85,40.7,0.24,0.03,0,0,0.286,0.09,0,0.065,0.29,0.3,0,0.25,0.249,0.07,0,0,0.302,0.34,0,0.006,0.263,0.12,0,0,0.273,0.08,0,0
94996,20111202,-96.85,40.7,0.238,-0.01,0,0,0.284,0.07,0,0.048,0.289,0.29,0,0.232,0.249,0.07,0,0,0.302,0.34,0,0.006,0.261,0.09,0,0,0.272,0.07,0,0
94996,20111203,-96.85,40.7,0.234,-0.06,0.006,0,0.281,0.05,0,0,0.287,0.27,0,0.089,0.249,0.07,0,0,0.302,0.34,0,0.006,0.258,0.06,0,0,0.271,0.05,0,0
94996,20111204,-96.85,40.7,0.234,-0.08,0.006,0,0.279,0.03,0,0,0.286,0.25,0,0,0.248,0.06,0,0,0.302,0.33,0,0.006,0.257,0.05,0,0,0.27,0.04,0,0
94996,20111205,-96.85,40.7,0.236,-0.06,0.006,0,0.278,0.02,0,0,0.285,0.24,0,0,0.248,0.05,0,0,0.301,0.33,0,0.006,0.257,0.06,0,0,0.27,0.04,0,0
94996,20111206,-96.85,40.7,0.238,-0.05,0.006,0,0.277,0.01,0,0,0.284,0.22,0,0,0.247,0.05,0,0,0.3,0.32,0,0,0.257,0.06,0,0,0.269,0.03,0,0
94996,20111207,-96.85,40.7,0.237,-0.08,0.006,0,0.275,0,0,0,0.283,0.21,0,0,0.247,0.04,0,0,0.3,0.32,0,0,0.256,0.05,0,0,0.269,0.02,0,0
94996,20111208,-96.85,40.7,0.238,-0.08,0.007,0,0.276,0.01,0,0,0.282,0.19,0,0,0.246,0.03,0,0,0.3,0.31,0,0,0.256,0.05,0,0,0.269,0.02,0,0
94996,20111209,-96.85,40.7,,,,,0.276,0.01,0,0,0.281,0.17,0,0,0.246,0.03,0,0,0.299,0.31,0,0,,,,,,,,
94996,20111210,-96.85,40.7,,,,,0.276,0.01,0,0,0.281,0.15,0,0,0.245,0.02,0,0,0.299,0.3,0,0,,,,,,,,
94996,20111211,-96.85,40.7,,,,,0.274,-0.01,0,0,0.28,0.13,0,0,0.245,0.01,0,0,0.298,0.3,0,0,,,,,,,,
94996,20111212,-96.85,40.7,,,,,0.273,-0.02,0,0,0.279,0.1,0,0,0.244,0,0,0,0.298,0.29,0,0,,,,,,,,
94996,20111213,-96.85,40.7,,,,,0.279,0.03,0,0.095,0.282,0.11,0,0,0.244,0,0,0,0.297,0.29,0,0,,,,,,,,
94996,20111214,-96.85,40.7,,,,,0.288,0.13,0,0.238,0.29,0.15,0,0.071,0.243,-0.01,0,0,0.297,0.29,0,0,,,,,,,,
94996,20111215,-96.85,40.7,0.268,0.15,0,0.349,0.299,0.25,0,0.381,0.305,0.25,0,0.214,0.244,-0.01,0,0,0.297,0.28,0,0,0.285,0.32,0,0.434,0.283,0.18,0,0.428
94996,20111216,-96.85,40.7,0.276,0.23,0,0.452,0.309,0.36,0,0.524,0.319,0.34,0,0.357,0.246,0.01,0,0,0.296,0.28,0,0,0.293,0.4,0,0.536,0.289,0.25,0,0.53
94996,20111217,-96.85,40.7,0.287,0.32,0,0.533,0.317,0.46,0,0.667,0.331,0.42,0,0.5,0.248,0.03,0,0,0.296,0.28,0,0,0.302,0.49,0,0.673,0.296,0.32,0,0.667
94996,20111218,-96.85,40.7,0.298,0.42,0,0.634,0.328,0.57,0,0.81,0.343,0.51,0,0.643,0.252,0.05,0,0,0.296,0.28,0,0,0.313,0.59,0,0.804,0.303,0.4,0,0.797
94996,20111219,-96.85,40.7,0.307,0.51,0,0.761,0.338,0.68,0,0.952,0.355,0.6,0,0.786,0.255,0.08,0,0,0.296,0.28,0,0,0.322,0.7,0,0.955,0.31,0.48,0,0.948
94996,20111220,-96.85,40.7,0.311,0.58,0,0.882,0.342,0.72,0,1,0.363,0.66,0,0.929,0.259,0.11,0,0,0.296,0.28,0,0,0.326,0.76,0,1,0.314,0.54,0,1
94996,20111221,-96.85,40.7,0.308,0.55,0,0.849,0.341,0.7,0,1,0.367,0.7,0,1,0.262,0.14,0,0,0.295,0.27,0,0,0.325,0.75,0,1,0.315,0.59,0,1
94996,20111222,-96.85,40.7,0.302,0.43,0,0.79,0.337,0.64,0,1,0.364,0.69,0,1,0.265,0.17,0,0,0.295,0.27,0,0,0.32,0.65,0,1,0.313,0.56,0,1
94996,20111223,-96.85,40.7,0.299,0.38,0,0.684,0.335,0.59,0,0.982,0.362,0.68,0,1,0.267,0.19,0,0,0.295,0.26,0,0,0.317,0.58,0,1,0.312,0.54,0,1
94996,20111224,-96.85,40.7,0.294,0.4,0,0.824,0.334,0.54,0,0.839,0.36,0.68,0,1,0.268,0.2,0,0,0.294,0.25,0,0,0.314,0.55,0,1,0.31,0.55,0,1
94996,20111225,-96.85,40.7,0.289,0.41,0,1,0.333,0.48,0,0.696,0.359,0.67,0,1,0.269,0.21,0,0,0.294,0.22,0,0,0.311,0.5,0,1,0.309,0.57,0,1
94996,20111226,-96.85,40.7,0.285,,,,0.331,0.42,0,0.554,0.358,0.66,0,1,0.27,0.22,0,0,0.294,0.19,0,0,0.308,,,,0.307,,,
94996,20111227,-96.85,40.7,0.282,,,,0.33,0.37,0,0.423,0.356,0.65,0,1,0.27,0.22,0,0,0.294,0.16,0,0,0.306,,,,0.306,,,
94996,20111228,-96.85,40.7,0.28,,,,0.329,0.34,0,0.324,0.355,0.63,0,1,0.271,0.23,0,0,0.294,0.13,0,0,0.305,,,,0.306,,,
94996,20111229,-96.85,40.7,0.279,,,,0.328,0.31,0,0.183,0.354,0.61,0,1,0.271,0.24,0,0,0.293,0.09,0,0,0.304,,,,0.305,,,
94996,20111230,-96.85,40.7,0.278,,,,0.328,0.28,0,0,0.353,0.59,0,1,0.271,0.24,0,0,0.293,0.05,0,0,0.303,,,,0.305,,,
94996,20111231,-96.85,40.7,0.28,,,,0.328,0.26,0,0,0.353,0.58,0,1,0.272,0.25,0,0,0.293,0.03,0,0,0.304,,,,0.305,,,
94996,20120101,-96.85,40.7,0.282,,,,0.329,0.24,0,0,0.353,0.57,0,1,0.273,0.25,0,0,0.293,0.02,0,0,0.306,,,,0.306,,,
94996,20120102,-96.85,40.7,0.283,,,,0.329,0.22,0,0,0.352,0.56,0,1,0.273,0.27,0,0,0.293,0.02,0,0,0.306,,,,0.306,,,
94996,20120103,-96.85,40.7,0.28,,,,0.328,,,,0.352,0.55,0,1,0.274,0.28,0,0,0.293,0.02,0,0,0.304,,,,0.306,,,
94996,20120104,-96.85,40.7,0.277,,,,0.328,,,,0.351,0.53,0,1,0.275,0.28,0,0,0.294,0.02,0,0,0.303,,,,0.305,,,
94996,20120105,-96.85,40.7,0.276,,,,0.327,,,,0.35,0.51,0,0.994,0.275,0.28,0,0,0.294,0.03,0,0,0.301,,,,0.304,,,
94996,20120106,-96.85,40.7,0.274,,,,0.326,,,,0.349,0.49,0,0.964,0.275,0.29,0,0,0.294,0.03,0,0,0.3,,,,0.304,,,
94996,20120107,-96.85,40.7,0.272,,,,0.325,,,,0.349,0.46,0,0.845,0.275,0.29,0,0,0.294,0.03,0,0,0.299,,,,0.303,,,
94996,20120108,-96.85,40.7,0.27,,,,0.324,,,,0.348,0.44,0,0.724,0.275,0.3,0,0,0.294,0.03,0,0,0.297,,,,0.302,,,
94996,20120109,-96.85,40.7,0.269,,,,0.324,,,,0.347,0.42,0,0.676,0.275,0.3,0,0,0.294,0.03,0,0,0.296,,,,0.302,,,
94996,20120110,-96.85,40.7,0.269,,,,0.323,,,,0.347,0.41,0,0.609,0.275,0.31,0,0.012,0.294,0.03,0,0,0.296,,,,0.302,,,
94996,20120111,-96.85,40.7,0.27,,,,0.323,,,,0.347,0.39,0,0.505,0.275,0.32,0,0.018,0.294,0.02,0,0,0.297,,,,0.302,,,
94996,20120112,-96.85,40.7,0.269,,,,0.323,,,,0.347,0.38,0,0.343,0.275,0.33,0,0.125,0.293,0.02,0,0,0.296,,,,0.301,,,
94996,20120113,-96.85,40.7,0.267,,,,0.321,,,,0.346,0.35,0,0.093,0.275,0.35,0,0.268,0.294,0.03,0,0,0.295,,,,0.301,,,
94996,20120114,-96.85,40.7,,,,,0.321,,,,0.345,0.33,0,0,0.275,0.36,0,0.387,0.294,0.03,0,0,,,,,,,,
94996,20120115,-96.85,40.7,,,,,,,,,0.344,,,,0.275,0.37,0,0.53,0.293,0.02,0,0,,,,,,,,
94996,20120116,-96.85,40.7,,,,,,,,,0.343,,,,0.275,0.38,0,0.673,0.293,0.02,0,0,,,,,,,,
94996,20120117,-96.85,40.7,,,,,,,,,0.342,,,,0.275,0.39,0,0.804,0.293,0.02,0,0,,,,,,,,
94996,20120118,-96.85,40.7,,,,,,,,,0.341,,,,0.275,0.4,0,0.94,0.293,0.02,0,0,,,,,,,,
94996,20120119,-96.85,40.7,,,,,,,,,0.34,,,,0.275,0.41,0,0.976,0.293,0.02,0,0,,,,,,,,
94996,20120120,-96.85,40.7,,,,,,,,,0.338,,,,0.274,0.41,0,0.97,0.293,0.02,0,0,,,,,,,,
94996,20120121,-96.85,40.7,,,,,,,,,0.337,,,,0.274,0.41,0,0.976,0.293,0.01,0,0,,,,,,,,
94996,20120122,-96.85,40.7,,,,,,,,,0.336,,,,0.274,0.41,0,0.929,0.293,0.01,0,0,,,,,,,,
94996,20120123,-96.85,40.7,,,,,,,,,0.335,,,,0.274,0.4,0,0.857,0.293,0.01,0,0,,,,,,,,
94996,20120124,-96.85,40.7,,,,,,,,,0.334,,,,0.273,0.38,0,0.75,0.292,0,0,0,,,,,,,,
94996,20120125,-96.85,40.7,,,,,,,,,0.332,,,,0.273,0.35,0,0.607,0.291,-0.01,0,0,,,,,,,,
94996,20120126,-96.85,40.7,,,,,,,,,0.331,,,,0.273,0.31,0,0.464,0.291,-0.02,0,0,,,,,,,,
94996,20120127,-96.85,40.7,,,,,,,,,0.331,,,,0.273,0.28,0,0.327,0.291,-0.02,0,0,,,,,,,,
94996,20120128,-96.85,40.7,,,,,,,,,0.33,,,,0.273,0.24,0,0.202,0.291,-0.02,0,0,,,,,,,,
94996,20120129,-96.85,40.7,,,,,,,,,0.33,,,,0.273,0.21,0,0.107,0.291,-0.03,0,0,,,,,,,,
94996,20120130,-96.85,40.7,,,,,,,,,0.33,,,,0.273,0.18,0,0.036,0.291,-0.03,0,0,,,,,,,,
94996,20120131,-96.85,40.7,,,,,,,,,0.33,,,,0.273,0.15,0,0,0.291,-0.04,0,0,,,,,,,,
94996,20120201,-96.85,40.7,,,,,,,,,0.33,,,,0.273,0.13,0,0,0.291,-0.04,0,0,,,,,,,,
94996,20120202,-96.85,40.7,,,,,,,,,0.331,,,,0.273,0.11,0,0,0.291,-0.05,0,0,,,,,,,,
94996,20120203,-96.85,40.7,,,,,,,,,0.332,,,,0.274,0.1,0,0,0.291,-0.07,0,0,,,,,,,,
94996,20120204,-96.85,40.7,,,,,,,,,0.334,,,,0.274,0.09,0,0,0.291,-0.09,0,0,,,,,,,,
94996,20120205,-96.85,40.7,0.269,,,,0.314,,,,0.341,,,,0.275,0.09,0,0,0.291,-0.11,0,0,0.292,,,,0.299,,,
94996,20120206,-96.85,40.7,0.276,,,,0.32,,,,0.348,,,,0.275,0.08,0,0,0.291,-0.13,0,0,0.298,,,,0.302,,,
94996,20120207,-96.85,40.7,0.286,,,,0.328,,,,0.355,,,,0.275,0.07,0,0,0.291,-0.15,0,0,0.307,,,,0.307,,,
94996,20120208,-96.85,40.7,0.296,,,,0.336,,,,0.361,,,,0.276,0.08,0,0,0.292,-0.16,0,0,0.316,,,,0.312,,,
94996,20120209,-96.85,40.7,0.305,,,,0.343,,,,0.367,,,,0.277,0.08,0,0,0.292,-0.17,0,0,0.324,,,,0.317,,,
94996,20120210,-96.85,40.7,0.315,,,,0.351,,,,0.373,,,,0.277,0.08,0,0,0.292,-0.18,0,0,0.333,,,,0.321,,,
94996,20120211,-96.85,40.7,0.314,,,,0.354,,,,0.377,,,,0.278,0.08,0,0,0.292,-0.18,0,0,0.334,,,,0.323,,,
94996,20120212,-96.85,40.7,0.313,,,,0.352,,,,0.377,,,,0.279,0.09,0,0,0.292,-0.18,0,0,0.332,,,,0.323,,,
94996,20120213,-96.85,40.7,0.313,,,,0.351,,,,0.376,,,,0.28,0.11,0,0,0.292,-0.18,0,0,0.332,,,,0.323,,,
94996,20120214,-96.85,40.7,0.313,,,,0.351,,,,0.375,,,,0.283,0.15,0,0.095,0.292,-0.19,0,0,0.332,,,,0.323,,,
94996,20120215,-96.85,40.7,0.314,,,,0.351,,,,0.374,,,,0.285,0.2,0,0.238,0.292,-0.2,0,0,0.332,,,,0.323,,,
94996,20120216,-96.85,40.7,0.315,,,,0.352,,,,0.373,,,,0.288,0.26,0,0.381,0.292,-0.21,0,0,0.333,,,,0.324,,,
94996,20120217,-96.85,40.7,0.317,,,,0.352,,,,0.373,,,,0.292,0.33,0,0.524,0.292,-0.23,0,0,0.334,,,,0.325,,,
94996,20120218,-96.85,40.7,0.319,,,,0.353,,,,0.374,,,,0.297,0.42,0,0.667,0.292,-0.25,0,0,0.336,,,,0.327,,,
94996,20120219,-96.85,40.7,0.322,,,,0.355,,,,0.376,,,,0.302,0.53,0,0.81,0.292,-0.26,0,0,0.338,,,,0.329,,,
94996,20120220,-96.85,40.7,0.323,,,,0.355,,,,0.377,,,,0.307,0.62,0,0.952,0.292,-0.28,0,0,0.339,,,,0.331,,,
94996,20120221,-96.85,40.7,0.325,,,,0.357,,,,0.38,,,,0.312,0.71,0,1,0.292,-0.31,0,0,0.341,,,,0.333,,,
94996,20120222,-96.85,40.7,0.327,,,,0.359,,,,0.383,,,,0.321,0.89,0,1,0.291,-0.33,0.006,0,0.343,,,,0.336,,,
94996,20120223,-96.85,40.7,0.329,,,,0.361,,,,0.387,,,,0.333,1.11,0,1,0.291,-0.35,0.024,0,0.345,,,,0.34,,,
94996,20120224,-96.85,40.7,0.33,,,,0.364,,,,0.391,,,,0.347,1.37,0,1,0.297,-0.27,0.024,0.107,0.347,,,,0.346,,,
94996,20120225,-96.85,40.7,0.329,,,,0.364,,,,0.392,,,,0.358,1.58,0,1,0.304,-0.15,0.024,0.25,0.346,,,,0.349,,,
94996,20120226,-96.85,40.7,0.327,,,,0.363,,,,0.392,,,,0.368,1.76,0,1,0.312,-0.03,0.024,0.393,0.345,,,,0.352,,,
94996,20120227,-96.85,40.7,0.324,,,,0.362,,,,0.391,,,,0.377,1.92,0,1,0.32,0.09,0.024,0.536,0.343,,,,0.355,,,
94996,20120228,-96.85,40.7,0.321,,,,0.358,,,,0.389,,,,0.384,2.06,0,1,0.327,0.22,0.024,0.679,0.34,,,,0.356,,,
94996,20120229,-96.85,40.7,0.322,,,,0.358,,,,0.388,,,,0.387,2.11,0,1,0.335,0.35,0.018,0.821,0.34,,,,0.358,,,
94996,20120301,-96.85,40.7,0.322,,,,0.357,,,,0.388,,,,0.388,2.11,0,1,0.342,0.48,0,0.964,0.339,,,,0.359,,,
94996,20120302,-96.85,40.7,0.321,,,,0.355,,,,0.386,,,,0.385,2.06,0,1,0.344,0.52,0,1,0.338,,,,0.358,,,
94996,20120303,-96.85,40.7,0.321,,,,0.354,,,,0.385,0.68,0,1,0.384,2.03,0,1,0.344,0.53,0,1,0.337,,,,0.358,,,
94996,20120304,-96.85,40.7,0.321,,,,0.353,,,,0.385,0.64,0,1,0.384,2.03,0,1,0.343,0.53,0,1,0.337,,,,0.357,,,
94996,20120305,-96.85,40.7,0.321,,,,0.353,,,,0.385,0.63,0,1,0.384,2.02,0,1,0.343,0.52,0,1,0.337,,,,0.357,,,
94996,20120306,-96.85,40.7,0.322,,,,0.353,,,,0.385,0.62,0,1,0.383,2.01,0,1,0.342,0.51,0,1,0.337,,,,0.357,,,
94996,20120307,-96.85,40.7,0.319,,,,0.351,,,,0.384,0.62,0,1,0.383,1.99,0,1,0.341,0.49,0,1,0.335,,,,0.355,,,
94996,20120308,-96.85,40.7,0.315,,,,0.347,0.43,0,0,0.382,0.62,0,1,0.382,1.94,0,1,0.34,0.47,0,0.982,0.331,,,,0.353,,,
94996,20120309,-96.85,40.7,0.311,0.05,0,0,0.345,0.29,0,0,0.38,0.61,0,1,0.381,1.89,0,1,0.339,0.45,0,0.911,0.328,,,,0.351,,,
94996,20120310,-96.85,40.7,0.308,0.03,0,0,0.342,0.26,0,0,0.379,0.6,0,0.956,0.381,1.82,0,1,0.338,0.42,0,0.804,0.325,0.1,0,0,0.35,,,
94996,20120311,-96.85,40.7,0.306,-0.01,0,0,0.341,0.23,0,0,0.378,0.59,0,0.917,0.38,1.74,0,1,0.338,0.4,0,0.696,0.323,0.08,0,0,0.348,0.93,0,1
94996,20120312,-96.85,40.7,0.305,0.08,0,0.123,0.339,0.21,0,0,0.377,0.58,0,0.881,0.379,1.66,0,1,0.338,0.38,0,0.613,0.322,0.15,0,0.149,0.348,0.92,0,1
94996,20120313,-96.85,40.7,0.308,0.24,0,0.36,0.339,0.25,0,0.045,0.377,0.58,0,0.881,0.379,1.59,0,1,0.338,0.38,0,0.524,0.323,0.31,0,0.437,0.348,0.97,0,1
94996,20120314,-96.85,40.7,0.309,0.3,0,0.496,0.34,0.3,0,0.14,0.378,0.57,0,0.881,0.379,1.52,0,1,0.338,0.37,0,0.44,0.324,0.37,0,0.579,0.349,0.99,0,1
94996,20120315,-96.85,40.7,0.311,0.32,0,0.555,0.34,0.33,0,0.195,0.378,0.57,0,0.881,0.379,1.44,0,1,0.338,0.36,0,0.315,0.325,0.39,0,0.613,0.349,0.99,0,1
94996,20120316,-96.85,40.7,0.312,0.33,0,0.497,0.341,0.34,0,0.19,0.379,0.58,0,0.881,0.38,1.37,0,1,0.339,0.36,0,0.244,0.326,0.38,0,0.524,0.35,0.98,0,1
94996,20120317,-96.85,40.7,0.313,0.33,0,0.463,0.342,0.37,0,0.19,0.38,0.58,0,0.923,0.38,1.31,0,1,0.339,0.36,0,0.214,0.327,0.38,0,0.469,0.351,0.95,0,1
94996,20120318,-96.85,40.7,0.313,0.34,0,0.452,0.343,0.39,0,0.19,0.381,0.58,0,0.94,0.381,1.27,0,1,0.34,0.37,0,0.196,0.328,0.39,0,0.446,0.352,0.93,0,1
94996,20120319,-96.85,40.7,0.311,0.3,0,0.405,0.344,0.39,0,0.19,0.383,0.57,0,0.905,0.382,1.24,0,1,0.341,0.37,0,0.185,0.327,0.36,0,0.405,0.352,0.9,0,1
94996,20120320,-96.85,40.7,0.306,0.21,0,0.262,0.342,0.34,0,0.161,0.383,0.55,0,0.768,0.384,1.21,0,1,0.342,0.38,0,0.131,0.324,0.27,0,0.262,0.351,0.85,0,1
94996,20120321,-96.85,40.7,0.309,0.26,0,0.238,0.342,0.32,0,0.155,0.384,0.53,0,0.661,0.385,1.19,0,1,0.342,0.38,0,0.071,0.325,0.3,0,0.238,0.352,0.83,0,1
94996,20120322,-96.85,40.7,0.316,0.4,0,0.262,0.346,0.43,0,0.226,0.387,0.54,0,0.661,0.385,1.18,0,1,0.344,0.39,0,0.083,0.331,0.43,0,0.274,0.356,0.86,0,1
94996,20120323,-96.85,40.7,0.322,0.51,0,0.405,0.351,0.54,0,0.363,0.391,0.57,0,0.661,0.387,1.18,0,1,0.345,0.41,0,0.119,0.336,0.54,0,0.405,0.359,0.9,0,1
94996,20120324,-96.85,40.7,0.327,0.61,0,0.548,0.355,0.62,0,0.506,0.395,0.59,0,0.661,0.389,1.19,0,1,0.346,0.42,0,0.131,0.341,0.64,0,0.548,0.362,0.94,0,1
94996,20120325,-96.85,40.7,0.33,0.67,0,0.69,0.358,0.69,0,0.649,0.397,0.61,0,0.685,0.39,1.2,0,1,0.347,0.43,0,0.119,0.344,0.7,0,0.69,0.364,0.97,0,1
94996,20120326,-96.85,40.7,0.333,0.73,0,0.732,0.36,0.74,0,0.786,0.398,0.62,0,0.756,0.392,1.2,0,1,0.348,0.43,0,0.071,0.346,0.76,0,0.756,0.366,0.99,0,1
94996,20120327,-96.85,40.7,0.332,0.73,0,0.732,0.362,0.79,0,0.815,0.399,0.63,0,0.893,0.392,1.18,0,1,0.349,0.45,0,0.095,0.347,0.78,0,0.756,0.367,1,0,1
94996,20120328,-96.85,40.7,0.322,0.55,0.077,0.613,0.36,0.74,0,0.738,0.4,0.64,0,1,0.393,1.17,0,1,0.35,0.46,0,0.167,0.341,0.65,0,0.637,0.365,0.96,0,1
94996,20120329,-96.85,40.7,0.306,0.27,0.22,0.47,0.351,0.53,0.024,0.595,0.396,0.59,0,0.994,0.393,1.15,0,1,0.351,0.47,0,0.256,0.329,0.39,0.137,0.494,0.359,0.85,0,0.917
94996,20120330,-96.85,40.7,0.291,0.02,0.363,0.327,0.342,0.3,0.149,0.452,0.39,0.53,0,0.893,0.392,1.12,0,1,0.352,0.48,0,0.333,0.316,0.14,0.28,0.351,0.353,0.74,0,0.78
94996,20120331,-96.85,40.7,0.276,-0.21,0.506,0.185,0.332,0.07,0.292,0.31,0.385,0.47,0,0.768,0.391,1.08,0,1,0.353,0.5,0,0.435,0.304,-0.09,0.423,0.208,0.347,0.62,0,0.637
94996,20120401,-96.85,40.7,0.261,-0.42,0.649,0.042,0.321,-0.17,0.435,0.167,0.38,0.42,0,0.625,0.389,1.04,0,1,0.353,0.5,0,0.512,0.291,-0.31,0.565,0.065,0.341,0.5,0,0.494
94996,20120402,-96.85,40.7,0.247,-0.61,0.792,0,0.31,-0.42,0.577,0.03,0.375,0.36,0,0.482,0.388,1,0,1,0.354,0.52,0,0.649,0.279,-0.52,0.708,0,0.335,0.38,0,0.351
94996,20120403,-96.85,40.7,0.234,-0.77,0.935,0,0.298,-0.67,0.72,0,0.369,0.3,0,0.339,0.387,0.96,0,1,0.354,0.52,0,0.744,0.266,-0.71,0.851,0,0.328,0.26,0,0.208
94996,20120404,-96.85,40.7,0.223,-0.88,1,0,0.287,-0.91,0.863,0,0.363,0.22,0,0.196,0.385,0.93,0,1,0.355,0.53,0,0.804,0.255,-0.87,0.994,0,0.322,0.15,0,0.065
94996,20120405,-96.85,40.7,0.213,-0.96,1,0,0.276,-1.11,0.982,0,0.355,0.15,0,0.06,0.383,0.9,0,1,0.355,0.53,0,0.839,0.245,-0.99,1,0,0.317,0.04,0,0.006
94996,20120406,-96.85,40.7,0.205,-1.02,1,0,0.265,-1.31,1,0,0.347,0.06,0,0.018,0.382,0.86,0,1,0.356,0.53,0,0.863,0.235,-1.1,1,0,0.311,-0.06,0.006,0
94996,20120407,-96.85,40.7,0.197,-1.07,1,0,0.256,-1.48,1,0,0.339,-0.03,0,0,0.38,0.84,0,1,0.356,0.53,0,0.866,0.227,-1.19,1,0,0.306,-0.16,0.122,0
94996,20120408,-96.85,40.7,0.191,-1.11,1,0,0.247,-1.63,1,0,0.33,-0.13,0.091,0,0.378,0.8,0,1,0.357,0.53,0,0.896,0.219,-1.27,1,0,0.3,-0.26,0.268,0
94996,20120409,-96.85,40.7,0.185,-1.14,1,0,0.239,-1.76,1,0,0.319,-0.24,0.232,0,0.375,0.77,0,1,0.357,0.53,0,0.89,0.212,-1.34,1,0,0.295,-0.36,0.415,0
94996,20120410,-96.85,40.7,0.18,-1.18,1,0,0.232,-1.87,1,0,0.309,-0.35,0.378,0,0.372,0.73,0,1,0.357,0.53,0,0.841,0.206,-1.4,1,0,0.29,-0.44,0.561,0
94996,20120411,-96.85,40.7,0.176,-1.2,1,0,0.226,-1.94,1,0,0.3,-0.45,0.524,0,0.369,0.69,0,1,0.357,0.52,0,0.817,0.201,-1.44,1,0,0.286,-0.52,0.707,0
94996,20120412,-96.85,40.7,0.173,-1.23,1,0,0.22,-2.01,1,0,0.291,-0.54,0.671,0,0.365,0.65,0,1,0.357,0.52,0,0.811,0.196,-1.49,1,0,0.281,-0.6,0.854,0
94996,20120413,-96.85,40.7,0.17,-1.25,1,0,0.215,-2.06,1,0,0.284,-0.62,0.817,0,0.362,0.6,0,1,0.357,0.51,0,0.774,0.192,-1.52,1,0,0.277,-0.66,0.994,0
94996,20120414,-96.85,40.7,0.167,-1.26,1,0,0.212,-2.07,1,0,0.278,-0.67,0.94,0,0.359,0.57,0,1,0.356,0.5,0,0.732,0.19,-1.54,1,0,0.274,-0.71,1,0
94996,20120415,-96.85,40.7,0.188,-1.03,0.887,0.095,0.229,-1.75,0.899,0.095,0.289,-0.54,0.905,0.089,0.358,0.55,0,1,0.357,0.51,0,0.738,0.208,-1.27,0.887,0.095,0.284,-0.54,0.887,0.095
94996,20120416,-96.85,40.7,0.212,-0.76,0.744,0.238,0.25,-1.35,0.756,0.238,0.307,-0.34,0.768,0.232,0.359,0.56,0,1,0.358,0.53,0,0.75,0.231,-0.95,0.744,0.238,0.298,-0.32,0.744,0.238
94996,20120417,-96.85,40.7,0.234,-0.51,0.601,0.381,0.271,-0.97,0.613,0.381,0.325,-0.14,0.625,0.375,0.361,0.56,0,1,0.359,0.54,0,0.821,0.252,-0.65,0.601,0.381,0.31,-0.12,0.601,0.381
94996,20120418,-96.85,40.7,0.255,-0.26,0.458,0.524,0.29,-0.61,0.47,0.44,0.341,0.04,0.482,0.518,0.363,0.58,0,1,0.36,0.54,0,0.857,0.273,-0.36,0.458,0.524,0.322,0.08,0.458,0.524
94996,20120419,-96.85,40.7,0.274,-0.04,0.315,0.53,0.309,-0.28,0.327,0.44,0.357,0.22,0.339,0.661,0.365,0.59,0,1,0.36,0.54,0,0.869,0.292,-0.1,0.315,0.53,0.333,0.27,0.315,0.667
94996,20120420,-96.85,40.7,0.292,0.16,0.173,0.53,0.326,0.03,0.185,0.44,0.374,0.4,0.196,0.804,0.367,0.6,0,1,0.36,0.54,0,0.911,0.309,0.15,0.173,0.53,0.344,0.45,0.173,0.81
94996,20120421,-96.85,40.7,0.308,0.33,0.03,0.53,0.343,0.32,0.042,0.44,0.389,0.56,0.054,0.81,0.37,0.63,0,1,0.361,0.55,0,0.976,0.325,0.38,0.03,0.53,0.354,0.61,0.03,0.935
94996,20120422,-96.85,40.7,0.299,0.24,0,0.435,0.337,0.24,0,0.345,0.387,0.54,0,0.72,0.37,0.62,0,1,0.361,0.54,0,0.994,0.318,0.29,0,0.435,0.351,0.56,0,0.839
94996,20120423,-96.85,40.7,0.285,0.1,0,0.292,0.326,0.07,0.054,0.202,0.378,0.44,0,0.577,0.368,0.6,0,1,0.361,0.51,0,0.988,0.305,0.13,0,0.292,0.344,0.44,0,0.696
94996,20120424,-96.85,40.7,0.272,-0.04,0.113,0.149,0.315,-0.09,0.196,0.06,0.37,0.36,0,0.435,0.367,0.58,0,1,0.36,0.5,0,0.982,0.293,-0.01,0.125,0.149,0.337,0.33,0,0.554
94996,20120425,-96.85,40.7,0.257,-0.18,0.256,0.006,0.304,-0.25,0.339,0,0.362,0.27,0,0.292,0.365,0.56,0,1,0.36,0.49,0,0.958,0.28,-0.17,0.268,0.006,0.33,0.21,0,0.411
94996,20120426,-96.85,40.7,0.243,-0.32,0.399,0,0.293,-0.4,0.482,0,0.353,0.17,0,0.149,0.364,0.54,0,1,0.36,0.48,0,0.899,0.268,-0.32,0.411,0,0.322,0.09,0,0.268
94996,20120427,-96.85,40.7,0.228,-0.46,0.542,0,0.281,-0.55,0.625,0,0.342,0.06,0.054,0.006,0.362,0.52,0,1,0.36,0.46,0,0.78,0.254,-0.47,0.554,0,0.314,-0.03,0.054,0.125
94996,20120428,-96.85,40.7,0.214,-0.59,0.685,0,0.269,-0.69,0.768,0,0.33,-0.05,0.19,0,0.361,0.5,0,1,0.36,0.44,0,0.637,0.242,-0.61,0.696,0,0.307,-0.15,0.185,0
94996,20120429,-96.85,40.7,0.204,-0.68,0.827,0,0.259,-0.8,0.911,0,0.32,-0.16,0.333,0,0.359,0.48,0,1,0.36,0.42,0,0.5,0.231,-0.72,0.839,0,0.3,-0.26,0.327,0
94996,20120430,-96.85,40.7,0.204,-0.67,0.863,0,0.251,-0.87,1,0,0.31,-0.25,0.476,0,0.358,0.46,0,1,0.36,0.4,0,0.363,0.228,-0.74,0.911,0,0.297,-0.31,0.363,0
94996,20120501,-96.85,40.7,0.209,-0.62,0.75,0,0.247,-0.89,1,0,0.302,-0.34,0.619,0,0.356,0.45,0,1,0.36,0.38,0,0.226,0.228,-0.73,0.786,0,0.295,-0.34,0.363,0
94996,20120502,-96.85,40.7,0.214,-0.57,0.607,0,0.245,-0.89,1,0,0.295,-0.4,0.762,0,0.355,0.43,0,1,0.36,0.35,0,0.107,0.229,-0.7,0.702,0,0.294,-0.35,0.363,0
94996,20120503,-96.85,40.7,0.225,-0.46,0.53,0.042,0.25,-0.8,0.958,0.03,0.293,-0.42,0.881,0.024,0.354,0.42,0,1,0.36,0.34,0,0.024,0.237,-0.6,0.661,0.042,0.296,-0.31,0.363,0.03
94996,20120504,-96.85,40.7,0.249,-0.24,0.387,0.185,0.269,-0.56,0.815,0.173,0.31,-0.26,0.827,0.167,0.355,0.42,0,1,0.36,0.32,0,0,0.259,-0.36,0.518,0.185,0.308,-0.15,0.31,0.173
94996,20120505,-96.85,40.7,0.269,-0.05,0.244,0.327,0.286,-0.35,0.673,0.315,0.325,-0.12,0.69,0.31,0.355,0.41,0,1,0.36,0.31,0,0,0.278,-0.14,0.375,0.327,0.319,0,0.179,0.315
94996,20120506,-96.85,40.7,0.287,0.11,0.101,0.369,0.301,-0.16,0.53,0.357,0.339,0.01,0.548,0.44,0.356,0.41,0,1,0.359,0.3,0,0,0.294,0.04,0.232,0.399,0.328,0.14,0.036,0.458
94996,20120507,-96.85,40.7,0.299,0.22,0.065,0.512,0.315,0.01,0.387,0.405,0.352,0.13,0.405,0.44,0.356,0.4,0,1,0.359,0.28,0,0,0.307,0.18,0.161,0.542,0.336,0.24,0,0.601
94996,20120508,-96.85,40.7,0.305,0.27,0.065,0.53,0.326,0.13,0.244,0.405,0.364,0.23,0.262,0.44,0.357,0.4,0,1,0.359,0.27,0,0,0.315,0.27,0.161,0.565,0.342,0.32,0,0.655
94996,20120509,-96.85,40.7,0.31,0.32,0.065,0.53,0.334,0.23,0.101,0.405,0.374,0.31,0.119,0.44,0.357,0.39,0,0.994,0.359,0.26,0,0,0.322,0.35,0.101,0.565,0.347,0.38,0,0.655
94996,20120510,-96.85,40.7,0.307,0.3,0,0.488,0.336,0.25,0,0.375,0.379,0.35,0,0.417,0.357,0.37,0,0.887,0.359,0.25,0,0,0.321,0.34,0,0.524,0.348,0.39,0,0.625
94996,20120511,-96.85,40.7,0.29,0.14,0.06,0.345,0.322,0.11,0,0.232,0.365,0.2,0,0.274,0.355,0.34,0,0.75,0.359,0.24,0,0,0.306,0.19,0,0.381,0.338,0.27,0,0.482
94996,20120512,-96.85,40.7,0.274,0,0.202,0.202,0.309,-0.03,0.012,0.089,0.351,0.07,0,0.131,0.353,0.31,0,0.607,0.359,0.22,0,0,0.291,0.04,0.083,0.238,0.329,0.15,0,0.339
94996,20120513,-96.85,40.7,0.258,-0.13,0.345,0.161,0.298,-0.13,0.012,0.048,0.338,-0.06,0.054,0,0.35,0.28,0,0.464,0.359,0.2,0,0,0.278,-0.08,0.226,0.167,0.321,0.05,0,0.196
94996,20120514,-96.85,40.7,0.238,-0.29,0.488,0.018,0.285,-0.25,0.131,0,0.324,-0.19,0.19,0,0.347,0.24,0,0.321,0.359,0.17,0,0,0.262,-0.23,0.369,0.024,0.311,-0.07,0,0.054
94996,20120515,-96.85,40.7,0.219,-0.44,0.631,0,0.274,-0.36,0.274,0,0.31,-0.32,0.333,0,0.344,0.2,0,0.179,0.358,0.14,0,0,0.246,-0.37,0.512,0,0.301,-0.19,0.012,0
94996,20120516,-96.85,40.7,0.203,-0.57,0.774,0,0.263,-0.45,0.417,0,0.296,-0.43,0.476,0,0.341,0.16,0,0.042,0.358,0.12,0,0,0.233,-0.48,0.655,0,0.292,-0.28,0.131,0
94996,20120517,-96.85,40.7,0.189,-0.66,0.917,0,0.253,-0.53,0.56,0,0.283,-0.53,0.619,0,0.337,0.13,0,0.006,0.358,0.1,0,0,0.221,-0.58,0.798,0,0.284,-0.37,0.274,0
94996,20120518,-96.85,40.7,0.179,-0.73,1,0,0.244,-0.6,0.702,0,0.271,-0.62,0.762,0,0.334,0.1,0,0,0.358,0.08,0,0,0.211,-0.65,0.94,0,0.277,-0.44,0.417,0
94996,20120519,-96.85,40.7,0.171,-0.79,1,0,0.236,-0.66,0.833,0,0.262,-0.68,0.905,0,0.331,0.07,0,0,0.357,0.07,0,0,0.203,-0.71,1,0,0.271,-0.5,0.56,0
94996,20120520,-96.85,40.7,0.166,-0.81,1,0,0.23,-0.7,0.976,0,0.254,-0.73,0.994,0,0.328,0.04,0,0,0.357,0.06,0,0,0.198,-0.74,1,0,0.267,-0.54,0.702,0
94996,20120521,-96.85,40.7,0.165,-0.81,1,0,0.226,-0.72,1,0,0.247,-0.77,1,0,0.325,0.02,0,0,0.357,0.06,0,0,0.196,-0.75,1,0,0.264,-0.56,0.845,0
94996,20120522,-96.85,40.7,0.164,-0.82,1,0,0.222,-0.74,1,0,0.241,-0.79,1,0,0.322,0,0,0,0.357,0.06,0,0,0.193,-0.77,1,0,0.261,-0.58,0.976,0
94996,20120523,-96.85,40.7,0.163,-0.83,1,0,0.218,-0.76,1,0,0.237,-0.8,1,0,0.32,-0.02,0,0,0.357,0.05,0,0,0.191,-0.78,1,0,0.259,-0.59,1,0
94996,20120524,-96.85,40.7,0.163,-0.84,1,0,0.215,-0.77,1,0,0.233,-0.8,1,0,0.318,-0.03,0,0,0.356,0.05,0,0,0.189,-0.8,1,0,0.257,-0.59,1,0
94996,20120525,-96.85,40.7,0.162,-0.84,1,0,0.212,-0.78,1,0,0.231,-0.8,1,0,0.316,-0.04,0,0,0.356,0.05,0,0,0.187,-0.81,1,0,0.255,-0.59,1,0
94996,20120526,-96.85,40.7,0.161,-0.85,1,0,0.21,-0.79,1,0,0.228,-0.79,1,0,0.314,-0.05,0,0,0.355,0.04,0,0,0.185,-0.82,1,0,0.254,-0.58,1,0
94996,20120527,-96.85,40.7,0.158,-0.87,1,0,0.206,-0.81,1,0,0.226,-0.78,1,0,0.312,-0.06,0,0,0.355,0.04,0,0,0.182,-0.84,1,0,0.251,-0.58,1,0
94996,20120528,-96.85,40.7,0.155,-0.89,1,0,0.202,-0.84,1,0,0.225,-0.76,1,0,0.31,-0.07,0,0,0.354,0.04,0,0,0.179,-0.87,1,0,0.249,-0.58,1,0
94996,20120529,-96.85,40.7,0.156,-0.88,1,0,0.2,-0.85,1,0,0.224,-0.75,1,0,0.308,-0.07,0,0,0.353,0.04,0,0,0.178,-0.87,1,0,0.248,-0.58,1,0
94996,20120530,-96.85,40.7,0.156,-0.88,1,0,0.198,-0.85,1,0,0.222,-0.74,1,0,0.306,-0.07,0,0,0.352,0.04,0,0,0.177,-0.87,1,0,0.247,-0.57,1,0
94996,20120531,-96.85,40.7,0.161,-0.83,0.958,0,0.197,-0.85,1,0,0.221,-0.73,1,0,0.305,-0.07,0,0,0.352,0.05,0,0,0.179,-0.85,1,0,0.247,-0.56,0.917,0
94996,20120601,-96.85,40.7,0.172,-0.75,0.815,0,0.2,-0.82,1,0,0.22,-0.72,1,0,0.304,-0.07,0,0,0.352,0.06,0,0,0.186,-0.79,1,0,0.249,-0.53,0.774,0
94996,20120602,-96.85,40.7,0.181,-0.68,0.75,0,0.204,-0.79,1,0,0.218,-0.71,1,0,0.302,-0.08,0,0,0.351,0.06,0,0,0.193,-0.74,1,0,0.251,-0.5,0.631,0
94996,20120603,-96.85,40.7,0.188,-0.63,0.75,0,0.207,-0.75,1,0,0.217,-0.7,1,0,0.301,-0.07,0,0,0.351,0.07,0,0,0.197,-0.7,1,0,0.253,-0.48,0.5,0
94996,20120604,-96.85,40.7,0.191,-0.61,0.75,0,0.209,-0.73,1,0,0.217,-0.7,1,0,0.3,-0.07,0,0,0.35,0.07,0,0,0.2,-0.68,1,0,0.253,-0.47,0.494,0
94996,20120605,-96.85,40.7,0.189,-0.63,0.75,0,0.209,-0.72,1,0,0.216,-0.7,1,0,0.299,-0.07,0,0,0.35,0.08,0,0,0.199,-0.68,1,0,0.252,-0.48,0.494,0
94996,20120606,-96.85,40.7,0.187,-0.64,0.75,0,0.209,-0.71,1,0,0.216,-0.69,1,0,0.298,-0.07,0,0,0.349,0.08,0,0,0.198,-0.69,1,0,0.252,-0.48,0.494,0
94996,20120607,-96.85,40.7,0.18,-0.69,0.792,0,0.207,-0.72,1,0,0.216,-0.69,1,0,0.297,-0.07,0,0,0.348,0.07,0,0,0.194,-0.71,1,0,0.25,-0.5,0.577,0
94996,20120608,-96.85,40.7,0.168,-0.77,0.935,0,0.202,-0.75,1,0,0.216,-0.69,1,0,0.296,-0.07,0,0,0.346,0.07,0,0,0.185,-0.77,1,0,0.246,-0.52,0.72,0
94996,20120609,-96.85,40.7,0.157,-0.84,1,0,0.197,-0.79,1,0,0.216,-0.69,1,0,0.295,-0.07,0,0,0.345,0.07,0,0,0.177,-0.83,1,0,0.242,-0.55,0.863,0
94996,20120610,-96.85,40.7,0.148,-0.89,1,0,0.191,-0.82,1,0,0.216,-0.69,1,0,0.294,-0.06,0,0,0.344,0.06,0,0,0.17,-0.87,1,0,0.239,-0.57,0.994,0
94996,20120611,-96.85,40.7,0.143,-0.91,1,0,0.186,-0.84,1,0,0.215,-0.69,1,0,0.293,-0.06,0,0,0.343,0.07,0,0,0.165,-0.9,1,0,0.236,-0.58,1,0
94996,20120612,-96.85,40.7,0.139,-0.92,1,0,0.183,-0.86,1,0,0.214,-0.69,1,0,0.291,-0.06,0,0,0.342,0.07,0,0,0.161,-0.92,1,0,0.234,-0.59,1,0
94996,20120613,-96.85,40.7,0.137,-0.92,1,0,0.179,-0.87,1,0,0.213,-0.7,1,0,0.29,-0.06,0,0,0.341,0.08,0,0,0.158,-0.93,1,0,0.232,-0.59,1,0
94996,20120614,-96.85,40.7,0.135,-0.92,1,0,0.177,-0.88,1,0,0.212,-0.7,1,0,0.289,-0.06,0,0,0.341,0.09,0,0,0.156,-0.93,1,0,0.231,-0.59,1,0
94996,20120615,-96.85,40.7,0.15,-0.8,0.929,0.071,0.191,-0.78,0.929,0.054,0.219,-0.65,0.958,0.03,0.288,-0.06,0,0,0.34,0.1,0,0,0.17,-0.82,0.929,0.06,0.237,-0.53,0.929,0.042
94996,20120616,-96.85,40.7,0.178,-0.58,0.786,0.214,0.22,-0.57,0.786,0.196,0.249,-0.47,0.815,0.173,0.287,-0.06,0,0,0.34,0.11,0,0,0.199,-0.6,0.786,0.202,0.255,-0.38,0.786,0.113
94996,20120617,-96.85,40.7,0.203,-0.39,0.643,0.339,0.246,-0.37,0.643,0.339,0.277,-0.31,0.673,0.315,0.286,-0.06,0,0,0.339,0.12,0,0,0.224,-0.4,0.643,0.345,0.27,-0.24,0.643,0.113
94996,20120618,-96.85,40.7,0.224,-0.23,0.5,0.339,0.27,-0.2,0.5,0.393,0.302,-0.16,0.53,0.339,0.285,-0.06,0,0,0.339,0.13,0,0,0.247,-0.22,0.5,0.357,0.284,-0.11,0.5,0.113
94996,20120619,-96.85,40.7,0.241,-0.09,0.357,0.339,0.291,-0.04,0.357,0.393,0.325,-0.02,0.387,0.339,0.284,-0.06,0,0,0.339,0.14,0,0,0.266,-0.07,0.357,0.357,0.296,0,0.357,0.113
94996,20120620,-96.85,40.7,0.254,0.01,0.214,0.339,0.309,0.1,0.214,0.393,0.345,0.11,0.244,0.339,0.284,-0.05,0,0,0.339,0.14,0,0,0.281,0.06,0.214,0.357,0.306,0.1,0.214,0.113
94996,20120621,-96.85,40.7,0.264,0.1,0.071,0.339,0.324,0.22,0.071,0.393,0.364,0.22,0.101,0.339,0.284,-0.04,0,0,0.338,0.14,0,0,0.294,0.18,0.071,0.357,0.315,0.18,0.071,0.113
94996,20120622,-96.85,40.7,0.257,0.06,0,0.268,0.322,0.22,0,0.339,0.371,0.27,0,0.31,0.284,-0.03,0,0,0.339,0.15,0,0,0.29,0.16,0,0.298,0.315,0.2,0,0.071
94996,20120623,-96.85,40.7,0.235,-0.08,0.143,0.125,0.303,0.09,0,0.196,0.353,0.18,0,0.167,0.284,-0.03,0,0,0.339,0.16,0,0,0.269,0.03,0.024,0.155,0.303,0.11,0,0
94996,20120624,-96.85,40.7,0.233,-0.09,0.149,0.018,0.301,0.09,0,0.143,0.342,0.12,0,0.024,0.284,-0.02,0,0,0.339,0.16,0,0,0.267,0.02,0.03,0.065,0.3,0.1,0,0.006
94996,20120625,-96.85,40.7,0.23,-0.1,0.149,0.018,0.3,0.08,0,0.089,0.332,0.06,0,0,0.283,-0.02,0,0,0.34,0.17,0,0,0.265,0.01,0.03,0.054,0.297,0.08,0,0.006
94996,20120626,-96.85,40.7,0.228,-0.12,0.149,0.018,0.298,0.07,0,0.089,0.324,0.02,0,0,0.284,-0.01,0,0,0.34,0.17,0,0,0.263,0,0.03,0.054,0.295,0.07,0,0.006
94996,20120627,-96.85,40.7,0.225,-0.14,0.149,0.018,0.296,0.07,0,0.089,0.317,-0.03,0,0,0.284,0,0,0,0.34,0.17,0,0,0.261,-0.02,0.03,0.054,0.293,0.06,0,0.006
94996,20120628,-96.85,40.7,0.221,-0.17,0.292,0.018,0.294,0.05,0,0.089,0.309,-0.08,0,0,0.284,0,0,0,0.34,0.18,0,0,0.258,-0.04,0.107,0.054,0.29,0.04,0,0.006
94996,20120629,-96.85,40.7,0.217,-0.21,0.435,0.018,0.291,0.03,0.077,0.089,0.301,-0.13,0.125,0,0.284,0,0,0,0.339,0.18,0,0,0.254,-0.08,0.25,0.054,0.287,0.01,0.048,0.006
94996,20120630,-96.85,40.7,0.213,-0.24,0.435,0.018,0.288,0,0.22,0.089,0.293,-0.18,0.268,0,0.285,0.01,0,0,0.34,0.18,0,0,0.251,-0.11,0.369,0.054,0.284,-0.01,0.167,0.006
94996,20120701,-96.85,40.7,0.191,-0.39,0.571,0,0.268,-0.15,0.363,0,0.28,-0.25,0.411,0,0.286,0.02,0,0,0.34,0.18,0,0,0.23,-0.26,0.506,0,0.273,-0.1,0.31,0
94996,20120702,-96.85,40.7,0.174,-0.51,0.714,0,0.25,-0.27,0.506,0,0.267,-0.33,0.554,0,0.286,0.03,0,0,0.339,0.18,0,0,0.212,-0.39,0.649,0,0.263,-0.18,0.452,0
94996,20120703,-96.85,40.7,0.16,-0.6,0.857,0,0.233,-0.39,0.649,0,0.254,-0.41,0.696,0,0.286,0.04,0,0,0.339,0.18,0,0,0.197,-0.5,0.792,0,0.254,-0.25,0.595,0
94996,20120704,-96.85,40.7,0.15,-0.67,1,0,0.219,-0.5,0.792,0,0.242,-0.47,0.839,0,0.286,0.05,0,0,0.339,0.19,0,0,0.184,-0.58,0.935,0,0.247,-0.31,0.738,0
94996,20120705,-96.85,40.7,0.144,-0.71,1,0,0.207,-0.58,0.935,0,0.233,-0.52,0.982,0,0.285,0.06,0,0,0.338,0.19,0,0,0.175,-0.64,1,0,0.241,-0.35,0.881,0
94996,20120706,-96.85,40.7,0.14,-0.73,1,0,0.198,-0.64,1,0,0.226,-0.55,1,0,0.285,0.07,0,0,0.337,0.2,0,0,0.169,-0.69,1,0,0.237,-0.39,0.976,0
94996,20120707,-96.85,40.7,0.137,-0.74,1,0,0.191,-0.68,1,0,0.221,-0.57,1,0,0.284,0.08,0,0,0.336,0.21,0,0,0.164,-0.71,1,0,0.234,-0.41,1,0
94996,20120708,-96.85,40.7,0.134,-0.75,1,0,0.185,-0.71,1,0,0.217,-0.58,1,0,0.283,0.09,0,0,0.335,0.22,0,0,0.159,-0.74,1,0,0.231,-0.43,1,0
94996,20120709,-96.85,40.7,0.131,-0.76,1,0,0.181,-0.73,1,0,0.214,-0.58,1,0,0.283,0.1,0,0,0.334,0.25,0,0,0.156,-0.75,1,0,0.228,-0.44,1,0
94996,20120710,-96.85,40.7,0.129,-0.76,1,0,0.177,-0.75,1,0,0.212,-0.58,1,0,0.282,0.11,0,0,0.332,0.27,0,0.012,0.153,-0.77,1,0,0.226,-0.45,1,0
94996,20120711,-96.85,40.7,0.126,-0.77,1,0,0.174,-0.75,1,0,0.21,-0.57,1,0,0.281,0.12,0,0,0.331,0.3,0,0.018,0.15,-0.78,1,0,0.224,-0.46,1,0
94996,20120712,-96.85,40.7,0.124,-0.77,1,0,0.172,-0.75,1,0,0.208,-0.57,1,0,0.28,0.13,0,0,0.331,0.33,0,0.03,0.148,-0.79,1,0,0.223,-0.47,1,0
94996,20120713,-96.85,40.7,0.123,-0.77,1,0,0.17,-0.75,1,0,0.207,-0.56,1,0,0.279,0.14,0,0,0.329,0.35,0,0.048,0.146,-0.8,1,0,0.221,-0.47,1,0
94996,20120714,-96.85,40.7,0.122,-0.77,1,0,0.168,-0.75,1,0,0.206,-0.55,1,0,0.278,0.14,0,0,0.328,0.37,0,0.083,0.145,-0.8,1,0,0.22,-0.47,1,0
94996,20120715,-96.85,40.7,0.121,-0.77,1,0,0.167,-0.74,1,0,0.205,-0.54,1,0,0.277,0.15,0,0,0.327,0.39,0,0.143,0.144,-0.8,1,0,0.219,-0.48,1,0
94996,20120716,-96.85,40.7,0.12,-0.76,1,0,0.166,-0.73,1,0,0.204,-0.54,1,0,0.276,0.15,0,0,0.326,0.4,0,0.208,0.143,-0.8,1,0,0.218,-0.48,1,0
94996,20120717,-96.85,40.7,0.119,-0.76,1,0,0.166,-0.71,1,0,0.204,-0.53,1,0,0.276,0.16,0,0,0.325,0.41,0,0.208,0.142,-0.8,1,0,0.218,-0.49,1,0
94996,20120718,-96.85,40.7,0.119,-0.75,1,0,0.165,-0.69,1,0,0.203,-0.52,1,0,0.275,0.17,0,0,0.324,0.43,0,0.321,0.142,-0.79,1,0,0.217,-0.49,1,0
94996,20120719,-96.85,40.7,0.118,-0.75,1,0,0.165,-0.67,1,0,0.203,-0.51,1,0,0.275,0.17,0,0,0.323,0.44,0,0.44,0.141,-0.79,1,0,0.217,-0.49,1,0
94996,20120720,-96.85,40.7,0.117,-0.75,1,0,0.165,-0.66,1,0,0.203,-0.51,1,0,0.274,0.18,0,0,0.322,0.45,0,0.536,0.141,-0.78,1,0,0.216,-0.49,1,0
94996,20120721,-96.85,40.7,0.116,-0.75,1,0,0.164,-0.65,1,0,0.202,-0.51,1,0,0.274,0.19,0,0,0.321,0.45,0,0.601,0.14,-0.78,1,0,0.215,-0.5,1,0
94996,20120722,-96.85,40.7,0.115,-0.76,1,0,0.163,-0.64,1,0,0.202,-0.51,1,0,0.273,0.19,0,0,0.32,0.46,0,0.637,0.139,-0.78,1,0,0.215,-0.51,1,0
94996,20120723,-96.85,40.7,0.114,-0.76,1,0,0.163,-0.63,1,0,0.202,-0.51,1,0,0.273,0.2,0,0,0.319,0.47,0,0.696,0.138,-0.78,1,0,0.214,-0.51,1,0
94996,20120724,-96.85,40.7,0.113,-0.77,1,0,0.162,-0.63,1,0,0.201,-0.52,1,0,0.272,0.2,0,0.006,0.319,0.47,0,0.75,0.137,-0.78,1,0,0.213,-0.52,1,0
94996,20120725,-96.85,40.7,0.112,-0.79,1,0,0.162,-0.63,1,0,0.201,-0.51,1,0,0.272,0.21,0,0.006,0.318,0.47,0,0.667,0.137,-0.79,1,0,0.213,-0.53,1,0
94996,20120726,-96.85,40.7,0.114,-0.77,0.97,0,0.164,-0.6,0.94,0,0.201,-0.51,1,0,0.271,0.22,0,0.024,0.316,0.46,0,0.554,0.139,-0.77,0.952,0,0.213,-0.52,0.94,0
94996,20120727,-96.85,40.7,0.12,-0.72,0.958,0,0.169,-0.55,0.857,0,0.201,-0.5,1,0,0.271,0.23,0,0.042,0.316,0.46,0,0.518,0.145,-0.71,0.929,0,0.215,-0.49,0.798,0
94996,20120728,-96.85,40.7,0.125,-0.67,0.958,0,0.172,-0.51,0.857,0,0.2,-0.48,1,0,0.271,0.23,0,0.077,0.315,0.47,0,0.548,0.149,-0.67,0.929,0,0.217,-0.46,0.655,0
94996,20120729,-96.85,40.7,0.13,-0.64,0.958,0,0.175,-0.48,0.857,0,0.2,-0.47,1,0,0.27,0.24,0,0.095,0.315,0.47,0,0.595,0.152,-0.64,0.929,0,0.218,-0.43,0.512,0
94996,20120730,-96.85,40.7,0.132,-0.61,0.958,0,0.176,-0.46,0.857,0,0.2,-0.45,1,0,0.27,0.25,0,0.149,0.314,0.48,0,0.613,0.154,-0.61,0.929,0,0.219,-0.41,0.369,0
94996,20120731,-96.85,40.7,0.135,-0.58,0.958,0,0.177,-0.45,0.857,0,0.2,-0.43,1,0,0.27,0.26,0,0.185,0.314,0.49,0,0.69,0.156,-0.6,0.929,0,0.219,-0.4,0.232,0
94996,20120801,-96.85,40.7,0.137,-0.56,0.958,0,0.178,-0.44,0.857,0,0.2,-0.41,1,0,0.27,0.26,0,0.244,0.314,0.5,0,0.792,0.157,-0.58,0.929,0,0.22,-0.38,0.143,0
94996,20120802,-96.85,40.7,0.136,-0.56,0.988,0,0.176,-0.46,0.917,0,0.2,-0.39,1,0,0.269,0.27,0,0.238,0.314,0.51,0,0.905,0.156,-0.6,0.976,0,0.219,-0.38,0.161,0
94996,20120803,-96.85,40.7,0.13,-0.61,1,0,0.171,-0.51,1,0,0.2,-0.38,1,0,0.268,0.27,0,0.238,0.314,0.52,0,0.97,0.151,-0.65,1,0,0.217,-0.42,0.304,0
94996,20120804,-96.85,40.7,0.126,-0.65,1,0,0.168,-0.55,1,0,0.2,-0.36,1,0,0.268,0.27,0,0.202,0.313,0.52,0,0.982,0.147,-0.69,1,0,0.215,-0.44,0.435,0
94996,20120805,-96.85,40.7,0.123,-0.68,1,0,0.166,-0.58,1,0,0.2,-0.35,1,0,0.268,0.27,0,0.202,0.313,0.52,0,0.982,0.144,-0.73,1,0,0.214,-0.46,0.577,0
94996,20120806,-96.85,40.7,0.121,-0.71,1,0,0.164,-0.61,1,0,0.2,-0.35,1,0,0.267,0.27,0,0.155,0.312,0.52,0,0.976,0.142,-0.75,1,0,0.213,-0.47,0.72,0
94996,20120807,-96.85,40.7,0.119,-0.72,1,0,0.163,-0.63,1,0,0.199,-0.34,1,0,0.267,0.28,0,0.113,0.311,0.51,0,0.958,0.141,-0.77,1,0,0.212,-0.49,0.857,0
94996,20120808,-96.85,40.7,0.118,-0.74,1,0,0.162,-0.65,1,0,0.199,-0.34,1,0,0.267,0.27,0,0.054,0.311,0.51,0,0.964,0.14,-0.78,1,0,0.211,-0.49,0.946,0
94996,20120809,-96.85,40.7,0.117,-0.75,1,0,0.161,-0.66,1,0,0.199,-0.33,1,0,0.267,0.28,0,0.042,0.311,0.5,0,0.976,0.139,-0.79,1,0,0.211,-0.5,0.988,0
94996,20120810,-96.85,40.7,0.116,-0.76,1,0,0.16,-0.68,1,0,0.199,-0.33,1,0,0.266,0.28,0,0.024,0.31,0.5,0,0.958,0.138,-0.81,1,0,0.21,-0.5,0.988,0
94996,20120811,-96.85,40.7,0.114,-0.78,1,0,0.159,-0.71,1,0,0.198,-0.33,1,0,0.266,0.28,0,0.024,0.309,0.49,0,0.917,0.136,-0.83,1,0,0.209,-0.51,1,0
94996,20120812,-96.85,40.7,0.112,-0.79,1,0,0.158,-0.72,1,0,0.198,-0.33,1,0,0.266,0.27,0,0.006,0.309,0.48,0,0.881,0.135,-0.84,1,0,0.209,-0.51,1,0
94996,20120813,-96.85,40.7,0.111,-0.8,1,0,0.157,-0.74,1,0,0.197,-0.33,1,0,0.266,0.27,0,0,0.308,0.47,0,0.863,0.134,-0.85,1,0,0.208,-0.51,1,0
94996,20120814,-96.85,40.7,0.109,-0.81,1,0,0.156,-0.75,1,0,0.197,-0.34,1,0,0.265,0.26,0,0,0.308,0.47,0,0.81,0.133,-0.86,1,0,0.207,-0.51,1,0
94996,20120815,-96.85,40.7,0.107,-0.82,1,0,0.155,-0.76,1,0,0.196,-0.34,1,0,0.264,0.26,0,0,0.307,0.46,0,0.762,0.131,-0.87,1,0,0.206,-0.51,1,0
94996,20120816,-96.85,40.7,0.106,-0.83,1,0,0.155,-0.75,1,0,0.195,-0.35,1,0,0.263,0.25,0,0,0.306,0.45,0,0.726,0.13,-0.87,1,0,0.205,-0.51,1,0
94996,20120817,-96.85,40.7,0.104,-0.84,1,0,0.154,-0.75,1,0,0.195,-0.35,1,0,0.263,0.24,0,0,0.306,0.44,0,0.69,0.129,-0.86,1,0,0.204,-0.51,1,0
94996,20120818,-96.85,40.7,0.103,-0.84,1,0,0.153,-0.74,1,0,0.194,-0.36,1,0,0.262,0.24,0,0,0.305,0.43,0,0.601,0.128,-0.85,1,0,0.203,-0.52,1,0
94996,20120819,-96.85,40.7,0.102,-0.85,1,0,0.152,-0.73,1,0,0.193,-0.36,1,0,0.262,0.24,0,0,0.305,0.42,0,0.494,0.127,-0.85,1,0,0.203,-0.52,1,0
94996,20120820,-96.85,40.7,0.101,-0.85,1,0,0.151,-0.72,1,0,0.192,-0.37,1,0,0.261,0.23,0,0,0.304,0.41,0,0.375,0.126,-0.84,1,0,0.202,-0.53,1,0
94996,20120821,-96.85,40.7,0.1,-0.85,1,0,0.151,-0.71,1,0,0.192,-0.37,1,0,0.26,0.23,0,0,0.303,0.4,0,0.304,0.125,-0.83,1,0,0.201,-0.53,1,0
94996,20120822,-96.85,40.7,0.099,-0.86,1,0,0.15,-0.7,1,0,0.191,-0.37,1,0,0.259,0.23,0,0,0.302,0.38,0,0.208,0.125,-0.82,1,0,0.201,-0.54,1,0
94996,20120823,-96.85,40.7,0.099,-0.87,1,0,0.15,-0.69,1,0,0.191,-0.37,1,0,0.259,0.23,0,0,0.302,0.36,0,0.101,0.124,-0.81,1,0,0.2,-0.54,1,0
94996,20120824,-96.85,40.7,0.098,-0.87,1,0,0.149,-0.68,1,0,0.191,-0.37,1,0,0.259,0.23,0,0,0.301,0.34,0,0.012,0.124,-0.81,1,0,0.2,-0.54,1,0
94996,20120825,-96.85,40.7,0.098,-0.86,1,0,0.149,-0.68,1,0,0.191,-0.37,1,0,0.258,0.23,0,0,0.3,0.33,0,0,0.124,-0.8,1,0,0.199,-0.54,1,0
94996,20120826,-96.85,40.7,0.098,-0.86,1,0,0.149,-0.67,1,0,0.191,-0.36,1,0,0.258,0.22,0,0,0.3,0.32,0,0,0.124,-0.79,1,0,0.199,-0.54,1,0
94996,20120827,-96.85,40.7,0.098,-0.85,1,0,0.149,-0.66,1,0,0.191,-0.36,1,0,0.258,0.22,0,0,0.3,0.31,0,0,0.124,-0.78,1,0,0.199,-0.53,1,0
94996,20120828,-96.85,40.7,0.098,-0.84,1,0,0.149,-0.65,1,0,0.191,-0.36,1,0,0.258,0.22,0,0,0.299,0.31,0,0,0.124,-0.77,1,0,0.199,-0.53,1,0
94996,20120829,-96.85,40.7,0.099,-0.82,1,0,0.149,-0.64,1,0,0.191,-0.36,1,0,0.258,0.21,0,0,0.299,0.3,0,0,0.124,-0.75,1,0,0.199,-0.53,1,0
94996,20120830,-96.85,40.7,0.099,-0.81,1,0,0.149,-0.63,1,0,0.192,-0.36,1,0,0.258,0.2,0,0,0.298,0.29,0,0,0.124,-0.74,1,0,0.199,-0.53,1,0
94996,20120831,-96.85,40.7,0.099,-0.8,1,0,0.149,-0.62,1,0,0.192,-0.36,1,0,0.258,0.2,0,0,0.298,0.29,0,0,0.124,-0.73,1,0,0.199,-0.53,1,0
94996,20120901,-96.85,40.7,0.1,-0.79,1,0,0.149,-0.6,1,0,0.192,-0.36,1,0,0.258,0.18,0,0,0.297,0.29,0,0,0.124,-0.72,1,0,0.199,-0.54,1,0
94996,20120902,-96.85,40.7,0.1,-0.78,1,0,0.15,-0.59,1,0,0.192,-0.35,1,0,0.258,0.18,0,0,0.297,0.28,0,0,0.125,-0.7,1,0,0.199,-0.53,1,0
94996,20120903,-96.85,40.7,0.101,-0.77,1,0,0.15,-0.58,1,0,0.192,-0.35,0.982,0,0.258,0.17,0,0,0.296,0.28,0,0,0.125,-0.69,1,0,0.199,-0.53,1,0
94996,20120904,-96.85,40.7,0.101,-0.77,1,0,0.15,-0.57,1,0,0.193,-0.35,0.964,0,0.258,0.16,0,0,0.296,0.27,0,0,0.125,-0.68,1,0,0.199,-0.53,1,0
94996,20120905,-96.85,40.7,0.1,-0.77,1,0,0.15,-0.56,1,0,0.193,-0.35,0.952,0,0.258,0.15,0,0,0.295,0.26,0,0,0.125,-0.67,1,0,0.199,-0.53,1,0
94996,20120906,-96.85,40.7,0.1,-0.77,1,0,0.15,-0.56,1,0,0.193,-0.34,0.952,0,0.258,0.15,0,0,0.295,0.26,0,0,0.125,-0.67,1,0,0.199,-0.53,0.994,0
94996,20120907,-96.85,40.7,0.099,-0.77,1,0,0.15,-0.56,1,0,0.193,-0.35,0.952,0,0.258,0.15,0,0,0.295,0.26,0,0,0.125,-0.67,1,0,0.199,-0.53,0.994,0
94996,20120908,-96.85,40.7,0.098,-0.78,1,0,0.149,-0.57,1,0,0.193,-0.35,0.952,0,0.258,0.15,0,0,0.295,0.25,0,0,0.124,-0.69,1,0,0.199,-0.53,0.994,0
94996,20120909,-96.85,40.7,0.097,-0.79,1,0,0.148,-0.58,1,0,0.192,-0.36,0.952,0,0.258,0.15,0,0,0.295,0.25,0,0,0.123,-0.7,1,0,0.198,-0.54,0.994,0
94996,20120910,-96.85,40.7,0.096,-0.81,1,0,0.147,-0.6,1,0,0.191,-0.37,0.97,0,0.258,0.15,0,0,0.294,0.25,0,0,0.122,-0.73,1,0,0.197,-0.54,0.994,0
94996,20120911,-96.85,40.7,0.095,-0.83,1,0,0.146,-0.62,1,0,0.19,-0.38,0.988,0,0.257,0.15,0,0,0.294,0.25,0,0,0.121,-0.75,1,0,0.197,-0.55,0.994,0
94996,20120912,-96.85,40.7,0.094,-0.85,1,0,0.146,-0.64,1,0,0.19,-0.39,1,0,0.257,0.14,0,0,0.294,0.25,0,0,0.12,-0.78,1,0,0.196,-0.57,0.994,0
94996,20120913,-96.85,40.7,0.109,-0.73,0.935,0.065,0.156,-0.56,0.935,0.054,0.194,-0.35,0.94,0.042,0.256,0.14,0,0,0.294,0.26,0,0,0.132,-0.67,0.935,0.065,0.202,-0.49,0.935,0.06
94996,20120914,-96.85,40.7,0.136,-0.49,0.792,0.208,0.182,-0.3,0.792,0.196,0.203,-0.26,0.798,0.042,0.255,0.13,0,0,0.293,0.26,0,0,0.159,-0.42,0.792,0.208,0.214,-0.32,0.792,0.202
94996,20120915,-96.85,40.7,0.161,-0.26,0.649,0.351,0.208,-0.04,0.649,0.339,0.211,-0.17,0.655,0.042,0.255,0.13,0,0,0.293,0.26,0,0,0.185,-0.18,0.649,0.351,0.226,-0.16,0.649,0.345
94996,20120916,-96.85,40.7,0.186,-0.03,0.506,0.494,0.233,0.21,0.506,0.482,0.22,-0.07,0.512,0.042,0.254,0.12,0,0,0.293,0.27,0,0,0.209,0.07,0.506,0.494,0.237,0.01,0.506,0.488
94996,20120917,-96.85,40.7,0.209,0.2,0.363,0.637,0.257,0.47,0.363,0.625,0.229,0.02,0.369,0.042,0.253,0.12,0,0,0.292,0.27,0,0,0.233,0.31,0.363,0.637,0.248,0.17,0.363,0.631
94996,20120918,-96.85,40.7,0.231,0.41,0.22,0.78,0.28,0.72,0.22,0.768,0.237,0.11,0.226,0.042,0.253,0.12,0,0,0.292,0.27,0,0,0.255,0.55,0.22,0.78,0.259,0.32,0.22,0.774
94996,20120919,-96.85,40.7,0.253,0.63,0.077,0.923,0.301,0.97,0.077,0.911,0.245,0.2,0.083,0.042,0.252,0.12,0,0,0.291,0.27,0,0,0.277,0.79,0.077,0.923,0.269,0.47,0.077,0.917
94996,20120920,-96.85,40.7,0.258,0.69,0,0.994,0.312,1.11,0,1,0.249,0.24,0,0,0.252,0.12,0,0,0.291,0.26,0,0,0.285,0.89,0,1,0.272,0.54,0,1
94996,20120921,-96.85,40.7,0.249,0.62,0,0.851,0.305,1.07,0,1,0.247,0.23,0,0,0.251,0.12,0,0,0.29,0.26,0,0,0.277,0.83,0,1,0.268,0.49,0,1
94996,20120922,-96.85,40.7,0.241,0.55,0,0.708,0.298,1.02,0,1,0.246,0.21,0,0,0.251,0.12,0,0,0.29,0.25,0,0,0.269,0.77,0,0.94,0.265,0.45,0,0.97
94996,20120923,-96.85,40.7,0.232,0.47,0,0.565,0.291,0.97,0,1,0.245,0.2,0,0,0.25,0.11,0,0,0.29,0.23,0,0,0.261,0.7,0,0.798,0.261,0.4,0,0.827
94996,20120924,-96.85,40.7,0.222,0.38,0,0.423,0.283,0.9,0,1,0.243,0.19,0,0,0.25,0.11,0,0,0.289,0.22,0,0,0.252,0.62,0,0.655,0.257,0.35,0,0.685
94996,20120925,-96.85,40.7,0.212,0.29,0,0.28,0.275,0.82,0,0.917,0.241,0.17,0,0,0.25,0.1,0,0,0.289,0.21,0,0,0.244,0.53,0,0.512,0.253,0.3,0,0.542
94996,20120926,-96.85,40.7,0.202,0.2,0,0.137,0.268,0.74,0,0.774,0.24,0.16,0,0,0.249,0.09,0,0,0.289,0.2,0,0,0.235,0.43,0,0.369,0.25,0.25,0,0.399
94996,20120927,-96.85,40.7,0.192,0.1,0,0,0.259,0.65,0,0.631,0.238,0.14,0,0,0.249,0.08,0,0,0.289,0.19,0,0,0.226,0.33,0,0.226,0.246,0.19,0,0.256
94996,20120928,-96.85,40.7,0.183,0.01,0.018,0,0.25,0.55,0,0.488,0.236,0.12,0,0,0.249,0.07,0,0,0.288,0.18,0,0,0.217,0.23,0,0.083,0.241,0.13,0,0.113
94996,20120929,-96.85,40.7,0.174,-0.08,0.161,0,0.241,0.44,0,0.345,0.234,0.1,0,0,0.249,0.06,0,0,0.288,0.17,0,0,0.208,0.13,0,0,0.237,0.08,0,0
94996,20120930,-96.85,40.7,0.166,-0.15,0.304,0,0.233,0.35,0,0.202,0.232,0.08,0,0,0.248,0.06,0,0,0.288,0.17,0,0,0.199,0.04,0,0,0.233,0.03,0,0
94996,20121001,-96.85,40.7,0.159,-0.21,0.446,0,0.225,0.25,0,0.06,0.23,0.06,0,0,0.248,0.05,0,0,0.287,0.16,0,0,0.192,-0.04,0.113,0,0.23,-0.01,0,0
94996,20121002,-96.85,40.7,0.152,-0.27,0.589,0,0.216,0.16,0,0,0.227,0.04,0,0,0.248,0.04,0,0,0.287,0.16,0,0,0.184,-0.12,0.256,0,0.226,-0.06,0,0
94996,20121003,-96.85,40.7,0.146,-0.33,0.732,0,0.208,0.08,0.012,0,0.224,0.01,0,0,0.248,0.04,0,0,0.286,0.15,0,0,0.177,-0.19,0.399,0,0.222,-0.1,0,0
94996,20121004,-96.85,40.7,0.141,-0.37,0.875,0,0.201,0,0.137,0,0.221,-0.01,0,0,0.247,0.03,0,0,0.286,0.15,0,0,0.171,-0.26,0.542,0,0.219,-0.13,0,0
94996,20121005,-96.85,40.7,0.137,-0.41,1,0,0.195,-0.07,0.28,0,0.218,-0.03,0,0,0.247,0.03,0,0,0.286,0.15,0,0,0.166,-0.31,0.685,0,0.216,-0.16,0,0
94996,20121006,-96.85,40.7,0.133,-0.44,1,0,0.189,-0.13,0.423,0,0.215,-0.05,0,0,0.247,0.02,0,0,0.286,0.14,0,0,0.161,-0.36,0.827,0,0.214,-0.19,0,0
94996,20121007,-96.85,40.7,0.129,-0.47,1,0,0.183,-0.19,0.565,0,0.211,-0.06,0,0,0.246,0.02,0,0,0.286,0.14,0,0,0.156,-0.4,0.97,0,0.211,-0.21,0,0
94996,20121008,-96.85,40.7,0.126,-0.49,1,0,0.179,-0.24,0.708,0,0.208,-0.08,0,0,0.246,0.01,0,0,0.285,0.14,0,0,0.152,-0.44,1,0,0.209,-0.23,0,0
94996,20121009,-96.85,40.7,0.123,-0.49,1,0,0.175,-0.27,0.851,0,0.205,-0.09,0,0,0.245,0.01,0,0,0.285,0.13,0,0,0.149,-0.46,1,0,0.207,-0.25,0,0
94996,20121010,-96.85,40.7,0.121,-0.5,1,0,0.171,-0.3,0.982,0,0.203,-0.1,0,0,0.245,0,0,0,0.285,0.13,0,0,0.146,-0.47,1,0,0.205,-0.26,0,0
94996,20121011,-96.85,40.7,0.119,-0.49,1,0,0.168,-0.32,1,0,0.201,-0.11,0,0,0.244,-0.01,0,0,0.285,0.13,0,0,0.143,-0.48,1,0,0.203,-0.27,0,0
94996,20121012,-96.85,40.7,0.117,-0.49,1,0,0.165,-0.32,1,0,0.198,-0.12,0,0,0.243,-0.01,0,0,0.284,0.12,0,0,0.141,-0.47,1,0,0.202,-0.28,0,0
94996,20121013,-96.85,40.7,0.116,-0.47,1,0,0.163,-0.31,0.982,0,0.197,-0.12,0,0,0.243,-0.02,0,0,0.283,0.12,0,0,0.14,-0.46,1,0,0.2,-0.28,0,0
94996,20121014,-96.85,40.7,0.12,-0.43,0.958,0,0.164,-0.28,0.839,0,0.196,-0.13,0,0,0.242,-0.03,0,0,0.282,0.11,0,0,0.142,-0.42,0.917,0,0.201,-0.26,0,0
94996,20121015,-96.85,40.7,0.13,-0.35,0.815,0,0.166,-0.25,0.696,0,0.196,-0.12,0,0,0.242,-0.03,0,0,0.282,0.1,0,0,0.148,-0.35,0.774,0,0.203,-0.23,0,0
94996,20121016,-96.85,40.7,0.139,-0.28,0.673,0,0.167,-0.22,0.554,0,0.195,-0.12,0,0,0.243,-0.03,0,0,0.282,0.1,0,0,0.153,-0.3,0.631,0,0.205,-0.21,0,0
94996,20121017,-96.85,40.7,0.146,-0.22,0.53,0,0.17,-0.19,0.411,0,0.195,-0.12,0,0,0.243,-0.03,0,0,0.281,0.09,0,0,0.158,-0.24,0.488,0,0.207,-0.18,0,0
94996,20121018,-96.85,40.7,0.153,-0.17,0.387,0,0.172,-0.16,0.268,0,0.196,-0.11,0,0,0.243,-0.03,0,0,0.281,0.09,0,0,0.162,-0.2,0.345,0,0.209,-0.16,0,0
94996,20121019,-96.85,40.7,0.158,-0.14,0.244,0,0.173,-0.15,0.155,0,0.196,-0.1,0,0,0.243,-0.02,0,0,0.281,0.09,0,0,0.166,-0.17,0.202,0,0.21,-0.15,0,0
94996,20121020,-96.85,40.7,0.163,-0.11,0.137,0,0.175,-0.14,0.119,0,0.195,-0.1,0,0,0.243,-0.02,0,0,0.281,0.08,0,0,0.169,-0.15,0.161,0,0.211,-0.13,0,0
94996,20121021,-96.85,40.7,0.162,-0.12,0.179,0,0.174,-0.15,0.262,0,0.195,-0.1,0,0,0.243,-0.03,0,0,0.281,0.08,0,0,0.168,-0.16,0.244,0,0.211,-0.13,0,0
94996,20121022,-96.85,40.7,0.155,-0.18,0.321,0,0.174,-0.16,0.405,0,0.195,-0.1,0,0,0.243,-0.04,0,0,0.281,0.08,0,0,0.164,-0.19,0.387,0,0.21,-0.15,0,0
94996,20121023,-96.85,40.7,0.149,-0.23,0.464,0,0.173,-0.18,0.548,0,0.195,-0.09,0,0,0.243,-0.04,0,0,0.281,0.07,0,0,0.161,-0.22,0.53,0,0.208,-0.16,0,0
94996,20121024,-96.85,40.7,0.144,-0.27,0.605,0,0.172,-0.2,0.689,0,0.195,-0.09,0,0,0.243,-0.05,0,0,0.281,0.07,0,0,0.158,-0.25,0.671,0,0.207,-0.17,0,0
94996,20121025,-96.85,40.7,0.144,-0.28,0.713,0,0.172,-0.21,0.802,0,0.195,-0.09,0,0,0.243,-0.05,0,0,0.282,0.07,0,0,0.158,-0.26,0.778,0,0.207,-0.17,0,0
94996,20121026,-96.85,40.7,0.158,-0.2,0.713,0,0.181,-0.16,0.772,0,0.195,-0.09,0,0,0.243,-0.05,0,0,0.282,0.07,0,0,0.169,-0.19,0.778,0,0.212,-0.13,0,0
94996,20121027,-96.85,40.7,0.17,-0.13,0.677,0,0.188,-0.12,0.683,0,0.195,-0.1,0,0,0.243,-0.05,0,0,0.283,0.08,0,0,0.179,-0.13,0.677,0,0.216,-0.11,0,0
94996,20121028,-96.85,40.7,0.181,-0.07,0.533,0,0.195,-0.09,0.539,0,0.194,-0.1,0,0,0.242,-0.05,0,0,0.282,0.08,0,0,0.188,-0.08,0.533,0,0.219,-0.08,0,0
94996,20121029,-96.85,40.7,0.191,-0.02,0.389,0,0.201,-0.05,0.395,0,0.193,-0.11,0,0,0.242,-0.05,0,0,0.282,0.08,0,0,0.196,-0.03,0.389,0,0.222,-0.07,0,0
94996,20121030,-96.85,40.7,0.2,0.02,0.246,0,0.207,-0.02,0.251,0,0.192,-0.12,0,0,0.241,-0.05,0,0,0.282,0.08,0,0,0.204,0.01,0.246,0,0.224,-0.05,0,0
94996,20121031,-96.85,40.7,0.207,0.05,0.107,0,0.212,0,0.113,0,0.192,-0.13,0,0,0.24,-0.05,0,0,0.282,0.08,0,0,0.21,0.05,0.107,0,0.227,-0.05,0,0
94996,20121101,-96.85,40.7,0.21,0.05,0,0,0.216,0.01,0,0,0.191,-0.14,0,0,0.239,-0.05,0,0,0.281,0.07,0,0,0.213,0.06,0,0,0.227,-0.05,0,0
94996,20121102,-96.85,40.7,0.199,-0.03,0,0,0.212,-0.02,0,0,0.19,-0.15,0,0,0.239,-0.05,0,0,0.28,0.06,0,0,0.206,0,0,0,0.224,-0.09,0,0
94996,20121103,-96.85,40.7,0.19,-0.1,0.006,0,0.209,-0.05,0,0,0.19,-0.16,0,0,0.238,-0.05,0,0,0.279,0.06,0,0,0.199,-0.06,0.006,0,0.221,-0.12,0,0
94996,20121104,-96.85,40.7,0.181,-0.18,0.125,0,0.205,-0.09,0,0,0.19,-0.17,0,0,0.237,-0.05,0,0,0.279,0.06,0,0,0.193,-0.12,0.143,0,0.219,-0.15,0,0
94996,20121105,-96.85,40.7,0.173,-0.24,0.268,0,0.202,-0.13,0,0,0.191,-0.19,0,0,0.237,-0.05,0,0,0.278,0.06,0,0,0.187,-0.19,0.286,0,0.216,-0.18,0,0
94996,20121106,-96.85,40.7,0.166,-0.31,0.411,0,0.198,-0.17,0.071,0,0.191,-0.21,0.006,0,0.237,-0.05,0,0,0.278,0.06,0,0,0.182,-0.26,0.429,0,0.214,-0.2,0,0
94996,20121107,-96.85,40.7,0.16,-0.37,0.554,0,0.194,-0.22,0.214,0,0.191,-0.25,0.113,0,0.237,-0.04,0,0,0.278,0.05,0,0,0.177,-0.32,0.571,0,0.212,-0.23,0,0
94996,20121108,-96.85,40.7,0.154,-0.43,0.696,0,0.191,-0.27,0.357,0,0.191,-0.29,0.244,0,0.237,-0.04,0,0,0.278,0.05,0,0,0.172,-0.39,0.714,0,0.21,-0.26,0,0
94996,20121109,-96.85,40.7,0.149,-0.49,0.839,0,0.187,-0.32,0.5,0,0.191,-0.33,0.387,0,0.237,-0.04,0,0,0.277,0.05,0,0,0.168,-0.47,0.857,0,0.208,-0.29,0,0
94996,20121110,-96.85,40.7,0.145,-0.56,0.976,0,0.184,-0.38,0.643,0,0.191,-0.37,0.53,0,0.237,-0.04,0,0,0.277,0.05,0,0,0.164,-0.53,0.994,0,0.207,-0.31,0,0
94996,20121111,-96.85,40.7,0.142,-0.61,1,0,0.182,-0.44,0.786,0,0.191,-0.4,0.673,0,0.237,-0.03,0,0,0.276,0.05,0,0,0.162,-0.59,1,0,0.206,-0.34,0,0
94996,20121112,-96.85,40.7,0.138,-0.67,1,0,0.179,-0.51,0.929,0,0.192,-0.43,0.815,0,0.237,-0.03,0,0,0.276,0.04,0,0,0.159,-0.65,1,0,0.204,-0.37,0.03,0
94996,20121113,-96.85,40.7,0.135,-0.73,1,0,0.176,-0.58,1,0,0.191,-0.45,0.952,0,0.237,-0.03,0,0,0.276,0.04,0,0,0.155,-0.7,1,0,0.203,-0.41,0.173,0
94996,20121114,-96.85,40.7,0.132,-0.78,1,0,0.173,-0.64,1,0,0.191,-0.47,0.988,0,0.237,-0.03,0,0,0.275,0.04,0,0,0.153,-0.75,1,0,0.202,-0.44,0.315,0
94996,20121115,-96.85,40.7,0.13,-0.82,1,0,0.171,-0.7,1,0,0.19,-0.49,1,0,0.236,-0.03,0,0,0.275,0.04,0,0,0.151,-0.79,1,0,0.201,-0.48,0.458,0
94996,20121116,-96.85,40.7,0.129,-0.85,1,0,0.17,-0.76,1,0,0.19,-0.5,1,0,0.236,-0.03,0,0,0.275,0.05,0,0,0.149,-0.83,1,0,0.2,-0.51,0.601,0
94996,20121117,-96.85,40.7,0.127,-0.88,1,0,0.168,-0.81,1,0,0.189,-0.52,1,0,0.236,-0.03,0,0,0.276,0.05,0,0,0.147,-0.86,1,0,0.199,-0.55,0.744,0
94996,20121118,-96.85,40.7,0.125,-0.9,1,0,0.166,-0.85,1,0,0.189,-0.54,1,0,0.236,-0.03,0,0,0.275,0.05,0,0,0.146,-0.89,1,0,0.198,-0.59,0.887,0
94996,20121119,-96.85,40.7,0.125,-0.92,1,0,0.165,-0.88,1,0,0.188,-0.55,1,0,0.235,-0.03,0,0,0.275,0.05,0,0,0.145,-0.91,1,0,0.198,-0.62,1,0
94996,20121120,-96.85,40.7,0.125,-0.93,1,0,0.165,-0.91,1,0,0.189,-0.56,1,0,0.235,-0.04,0,0,0.275,0.05,0,0,0.145,-0.93,1,0,0.198,-0.65,1,0
94996,20121121,-96.85,40.7,0.124,-0.94,1,0,0.164,-0.93,1,0,0.189,-0.57,1,0,0.235,-0.04,0,0,0.275,0.05,0,0,0.144,-0.95,1,0,0.197,-0.67,1,0
94996,20121122,-96.85,40.7,0.124,-0.95,1,0,0.164,-0.95,1,0,0.19,-0.57,1,0,0.235,-0.04,0,0,0.275,0.06,0,0,0.144,-0.96,1,0,0.197,-0.69,1,0
94996,20121123,-96.85,40.7,0.123,-0.96,1,0,0.163,-0.96,1,0,0.19,-0.57,1,0,0.235,-0.04,0,0,0.275,0.05,0,0,0.143,-0.98,1,0,0.197,-0.7,1,0
94996,20121124,-96.85,40.7,0.122,-0.98,1,0,0.162,-0.98,1,0,0.19,-0.57,1,0,0.236,-0.04,0,0,0.274,0.05,0,0,0.142,-1.01,1,0,0.197,-0.72,1,0
94996,20121125,-96.85,40.7,0.121,-1.03,1,0,0.161,-1,1,0,0.19,-0.58,1,0,0.236,-0.04,0,0,0.274,0.06,0,0,0.141,-1.04,1,0,0.196,-0.74,1,0
94996,20121126,-96.85,40.7,0.119,-1.09,1,0,0.159,-1.01,1,0,0.189,-0.59,1,0,0.236,-0.04,0,0,0.274,0.06,0,0,0.139,-1.09,1,0,0.196,-0.75,1,0
94996,20121127,-96.85,40.7,0.118,-1.18,1,0,0.158,-1.03,1,0,0.188,-0.6,1,0,0.235,-0.05,0,0,0.274,0.06,0,0,0.138,-1.15,1,0,0.195,-0.77,1,0
94996,20121128,-96.85,40.7,0.116,-1.28,1,0,0.156,-1.05,1,0,0.187,-0.61,1,0,0.235,-0.05,0,0,0.274,0.06,0,0,0.136,-1.22,1,0,0.194,-0.79,1,0
94996,20121129,-96.85,40.7,0.115,-1.38,1,0,0.155,-1.06,1,0,0.186,-0.62,1,0,0.234,-0.06,0,0,0.274,0.06,0,0,0.135,-1.29,1,0,0.193,-0.8,1,0
94996,20121130,-96.85,40.7,0.114,-1.48,1,0,0.153,-1.08,1,0,0.185,-0.63,1,0,0.234,-0.06,0,0,0.274,0.05,0,0,0.134,-1.36,1,0,0.192,-0.81,1,0
94996,20121201,-96.85,40.7,0.113,-1.57,1,0,0.153,-1.08,1,0,0.184,-0.63,1,0,0.233,-0.07,0,0,0.273,0.05,0,0,0.133,-1.42,1,0,0.191,-0.82,1,0
94996,20121202,-96.85,40.7,0.113,-1.64,1,0,0.153,-1.08,1,0,0.184,-0.63,1,0,0.233,-0.07,0,0,0.273,0.05,0,0,0.133,-1.48,1,0,0.191,-0.83,1,0
94996,20121203,-96.85,40.7,0.113,-1.68,1,0,0.153,-1.09,1,0,0.184,-0.63,1,0,0.232,-0.08,0,0,0.272,0.04,0,0,0.133,-1.52,1,0,0.191,-0.83,1,0
94996,20121204,-96.85,40.7,0.113,-1.69,1,0,0.153,-1.08,1,0,0.184,-0.63,1,0,0.232,-0.08,0,0,0.272,0.03,0,0,0.133,-1.55,1,0,0.191,-0.83,1,0
94996,20121205,-96.85,40.7,0.113,-1.7,1,0,0.153,-1.08,1,0,0.185,-0.62,1,0,0.232,-0.08,0,0,0.271,0.02,0,0,0.133,-1.57,1,0,0.191,-0.83,1,0
94996,20121206,-96.85,40.7,0.113,-1.7,1,0,0.154,-1.07,1,0,0.186,-0.62,1,0,0.232,-0.08,0,0,0.271,0.02,0,0,0.134,-1.58,1,0,0.191,-0.82,1,0
94996,20121207,-96.85,40.7,0.113,-1.7,1,0,0.154,-1.07,1,0,0.186,-0.61,1,0,0.233,-0.08,0,0,0.271,0.02,0,0,0.133,-1.59,1,0,0.191,-0.81,1,0
94996,20121208,-96.85,40.7,0.113,-1.7,1,0,0.153,-1.09,1,0,0.186,-0.61,1,0,0.233,-0.08,0,0,0.271,0.01,0,0,0.133,-1.59,1,0,0.191,-0.8,1,0
94996,20121209,-96.85,40.7,0.112,-1.7,1,0,0.153,-1.13,1,0,0.186,-0.6,1,0,0.233,-0.08,0,0,0.271,0.01,0,0,0.132,-1.6,1,0,0.191,-0.78,1,0
94996,20121210,-96.85,40.7,0.111,-1.7,1,0,0.152,-1.16,1,0,0.185,-0.6,1,0,0.233,-0.09,0,0,0.271,0.01,0,0,0.131,-1.6,1,0,0.19,-0.77,1,0
94996,20121211,-96.85,40.7,0.111,-1.69,1,0,0.15,-1.21,1,0,0.184,-0.6,1,0,0.233,-0.09,0,0,0.271,0.01,0,0,0.131,-1.6,1,0,0.19,-0.75,1,0
94996,20121212,-96.85,40.7,0.11,-1.68,1,0,0.149,-1.25,1,0,0.183,-0.6,1,0,0.232,-0.1,0,0,0.271,0.01,0,0,0.13,-1.6,1,0,0.189,-0.74,1,0
94996,20121213,-96.85,40.7,0.109,-1.67,1,0,0.148,-1.29,1,0,0.182,-0.6,1,0,0.232,-0.11,0,0,0.271,0.01,0,0,0.129,-1.6,1,0,0.188,-0.74,1,0
94996,20121214,-96.85,40.7,0.109,-1.68,1,0,0.147,-1.33,1,0,0.181,-0.61,1,0,0.231,-0.12,0,0,0.27,0.01,0,0,0.128,-1.6,1,0,0.188,-0.74,1,0
94996,20121215,-96.85,40.7,0.112,-1.64,0.988,0,0.148,-1.34,0.994,0,0.181,-0.63,1,0,0.23,-0.13,0,0,0.27,0,0,0,0.13,-1.57,0.988,0,0.188,-0.76,0.982,0
94996,20121216,-96.85,40.7,0.134,-1.4,0.845,0.006,0.163,-1.2,0.851,0,0.18,-0.65,1,0,0.23,-0.14,0,0,0.27,0,0,0,0.148,-1.35,0.845,0,0.195,-0.71,0.845,0
94996,20121217,-96.85,40.7,0.154,-1.21,0.715,0.006,0.176,-1.08,0.714,0,0.18,-0.67,1,0,0.23,-0.14,0,0,0.27,0,0,0,0.165,-1.17,0.715,0,0.202,-0.67,0.721,0
94996,20121218,-96.85,40.7,0.172,-1.09,0.614,0.007,0.189,-0.96,0.661,0,0.18,-0.7,1,0,0.229,-0.14,0,0,0.27,-0.01,0,0,0.181,-1.03,0.641,0,0.208,-0.65,0.621,0
94996,20121219,-96.85,40.7,0.191,-0.96,0.522,0.007,0.202,-0.84,0.655,0,0.181,-0.72,1,0,0.229,-0.14,0,0,0.269,-0.01,0,0,0.197,-0.9,0.59,0,0.214,-0.63,0.552,0
94996,20121220,-96.85,40.7,0.211,-0.8,0.418,0.009,0.216,-0.75,0.649,0,0.181,-0.74,1,0,0.229,-0.15,0,0,0.269,-0.02,0,0,0.213,-0.75,0.5,0,0.221,-0.6,0.455,0
94996,20121221,-96.85,40.7,0.233,-0.54,0.256,0.012,0.231,-0.62,0.583,0,0.18,-0.77,1,0,0.229,-0.14,0,0,0.268,-0.02,0,0,0.232,-0.52,0.36,0,0.228,-0.54,0.302,0
94996,20121222,-96.85,40.7,0.25,-0.18,0,0.016,0.247,-0.48,0.446,0,0.18,-0.79,1,0,0.229,-0.15,0,0,0.268,-0.03,0,0,0.249,-0.2,0.145,0,0.235,-0.42,0.081,0
94996,20121223,-96.85,40.7,0.248,-0.29,0,0,0.251,-0.48,0.446,0,0.18,-0.82,1,0,0.229,-0.15,0,0,0.268,-0.03,0,0,0.25,-0.28,0.237,0,0.235,-0.45,0.105,0
94996,20121224,-96.85,40.7,0.248,-0.37,0,0,0.257,-0.46,0.44,0,0.18,-0.85,1,0,0.229,-0.15,0,0,0.268,-0.04,0,0,0.253,-0.37,0.529,0,0.236,-0.49,0.176,0
94996,20121225,-96.85,40.7,0.254,-0.39,0,0,0.263,-0.43,0.351,0,0.18,-0.88,1,0,0.228,-0.16,0,0,0.268,-0.07,0,0,0.258,-0.44,1,0,0.239,-0.51,0.6,0
94996,20121226,-96.85,40.7,0.259,,,,0.271,-0.39,0.214,0,0.18,-0.9,1,0,0.228,-0.16,0,0,0.267,-0.11,0,0,0.265,,,,0.241,,,
94996,20121227,-96.85,40.7,0.262,,,,0.279,-0.33,0.08,0,0.18,-0.93,1,0,0.228,-0.16,0,0,0.268,-0.15,0,0,0.271,,,,0.243,,,
94996,20121228,-96.85,40.7,0.264,,,,0.285,-0.29,0,0,0.18,-0.96,1,0,0.227,-0.17,0,0,0.267,-0.19,0,0,0.274,,,,0.245,,,
94996,20121229,-96.85,40.7,0.266,,,,0.288,-0.28,0,0,0.18,-0.98,1,0,0.227,-0.18,0,0,0.267,-0.23,0,0,0.277,,,,0.245,,,
94996,20121230,-96.85,40.7,0.268,,,,0.29,-0.28,0,0,0.18,-1.01,1,0,0.227,-0.18,0,0,0.267,-0.27,0,0,0.279,,,,0.246,,,
94996,20121231,-96.85,40.7,0.271,,,,0.291,-0.28,0,0,0.181,-1.04,1,0,0.226,-0.18,0,0,0.266,-0.31,0,0,0.281,,,,0.247,,,
94996,20130101,-96.85,40.7,0.269,,,,0.293,-0.24,0,0,0.181,-1.07,1,0,0.226,-0.18,0,0,0.266,-0.33,0,0,0.281,,,,0.247,,,
94996,20130102,-96.85,40.7,0.269,,,,0.294,-0.23,0,0,0.18,-1.11,1,0,0.226,-0.18,0,0,0.266,-0.34,0,0,0.281,,,,0.247,,,
94996,20130103,-96.85,40.7,0.268,,,,0.294,,,,0.179,-1.15,1,0,0.226,-0.19,0,0,0.266,-0.35,0,0,0.281,,,,0.246,,,
94996,20130104,-96.85,40.7,0.267,,,,0.294,,,,0.179,-1.19,1,0,0.226,-0.19,0,0,0.266,-0.36,0,0,0.281,,,,0.246,,,
94996,20130105,-96.85,40.7,0.267,,,,0.294,,,,0.178,-1.23,1,0,0.226,-0.19,0,0,0.265,-0.36,0,0,0.281,,,,0.246,,,
94996,20130106,-96.85,40.7,0.266,,,,0.295,,,,0.177,-1.27,1,0,0.226,-0.19,0,0,0.265,-0.38,0,0,0.281,,,,0.246,,,
94996,20130107,-96.85,40.7,0.266,,,,0.295,,,,0.176,-1.33,1,0,0.225,-0.19,0,0,0.265,-0.39,0,0,0.281,,,,0.245,,,
94996,20130108,-96.85,40.7,0.265,,,,0.295,,,,0.175,-1.38,1,0,0.225,-0.2,0,0,0.264,-0.39,0,0,0.28,,,,0.245,,,
94996,20130109,-96.85,40.7,0.265,,,,0.295,,,,0.174,-1.41,1,0,0.225,-0.2,0,0,0.264,-0.4,0,0,0.28,,,,0.245,,,
94996,20130110,-96.85,40.7,0.265,,,,0.295,,,,0.175,-1.43,1,0,0.225,-0.2,0,0,0.264,-0.41,0,0,0.28,,,,0.245,,,
94996,20130111,-96.85,40.7,0.268,,,,0.297,,,,0.176,-1.46,1,0,0.225,-0.2,0,0,0.264,-0.43,0,0,0.282,,,,0.246,,,
94996,20130112,-96.85,40.7,0.277,,,,0.305,,,,0.189,-1.51,1,0,0.224,-0.21,0,0,0.263,-0.44,0.006,0,0.291,,,,0.252,,,
94996,20130113,-96.85,40.7,0.281,,,,0.309,,,,0.21,-1.56,1,0,0.225,-0.21,0,0,0.263,-0.45,0.018,0,0.295,,,,0.258,,,
94996,20130114,-96.85,40.7,0.284,,,,0.311,,,,0.231,-1.58,1,0,0.227,-0.19,0,0,0.263,-0.47,0.036,0,0.298,,,,0.26,,,
94996,20130115,-96.85,40.7,,,,,0.312,,,,0.252,,,,0.229,-0.18,0,0,0.263,-0.47,0.042,0,,,,,,,,
94996,20130116,-96.85,40.7,,,,,0.315,,,,0.274,,,,0.231,-0.16,0,0,0.262,-0.49,0.077,0,,,,,,,,
94996,20130117,-96.85,40.7,,,,,,,,,0.296,,,,0.233,-0.14,0,0,0.262,-0.5,0.131,0,,,,,,,,
94996,20130118,-96.85,40.7,,,,,,,,,0.317,,,,0.235,-0.12,0,0,0.262,-0.5,0.161,0,,,,,,,,
94996,20130119,-96.85,40.7,,,,,,,,,0.326,,,,0.237,-0.1,0,0,0.262,-0.5,0.161,0,,,,,,,,
94996,20130120,-96.85,40.7,,,,,,,,,0.325,,,,0.238,-0.08,0,0,0.262,-0.5,0.155,0,,,,,,,,
94996,20130121,-96.85,40.7,,,,,,,,,0.325,,,,0.239,-0.08,0,0,0.262,-0.5,0.137,0,,,,,,,,
94996,20130122,-96.85,40.7,,,,,,,,,0.324,,,,0.24,-0.08,0,0,0.261,-0.51,0.137,0,,,,,,,,
94996,20130123,-96.85,40.7,,,,,,,,,0.323,,,,0.24,-0.09,0,0,0.261,-0.5,0.101,0,,,,,,,,
94996,20130124,-96.85,40.7,,,,,,,,,0.323,,,,0.24,-0.11,0,0,0.261,-0.5,0.06,0,,,,,,,,
94996,20130125,-96.85,40.7,,,,,,,,,0.323,,,,0.24,-0.14,0,0,0.261,-0.5,0.06,0,,,,,,,,
94996,20130126,-96.85,40.7,,,,,,,,,0.324,,,,0.241,-0.18,0,0,0.261,-0.5,0.113,0,,,,,,,,
94996,20130127,-96.85,40.7,,,,,,,,,0.325,,,,0.241,-0.21,0,0,0.261,-0.5,0.202,0,,,,,,,,
94996,20130128,-96.85,40.7,,,,,,,,,0.326,,,,0.241,-0.25,0.006,0,0.261,-0.51,0.333,0,,,,,,,,
94996,20130129,-96.85,40.7,,,,,,,,,0.327,,,,0.242,-0.29,0.006,0,0.261,-0.52,0.464,0,,,,,,,,
94996,20130130,-96.85,40.7,,,,,,,,,0.328,,,,0.242,-0.32,0.006,0,0.261,-0.52,0.601,0,,,,,,,,
94996,20130131,-96.85,40.7,,,,,,,,,0.327,,,,0.242,-0.36,0.065,0,0.26,-0.53,0.732,0,,,,,,,,
94996,20130201,-96.85,40.7,,,,,,,,,0.326,,,,0.242,-0.38,0.167,0,0.26,-0.54,0.845,0,,,,,,,,
94996,20130202,-96.85,40.7,,,,,,,,,0.325,,,,0.242,-0.4,0.28,0,0.26,-0.55,0.929,0,,,,,,,,
94996,20130203,-96.85,40.7,,,,,,,,,0.324,,,,0.242,-0.42,0.411,0,0.26,-0.57,0.976,0,,,,,,,,
94996,20130204,-96.85,40.7,0.295,,,,0.315,,,,0.323,,,,0.242,-0.45,0.548,0,0.26,-0.59,0.988,0,0.305,,,,0.287,,,
94996,20130205,-96.85,40.7,0.294,,,,0.317,,,,0.324,,,,0.242,-0.46,0.69,0,0.26,-0.6,0.994,0,0.306,,,,0.288,,,
94996,20130206,-96.85,40.7,0.293,,,,0.32,,,,0.326,,,,0.242,-0.49,0.833,0,0.26,-0.62,1,0,0.306,,,,0.288,,,
94996,20130207,-96.85,40.7,0.295,,,,0.324,,,,0.33,,,,0.242,-0.51,0.917,0,0.261,-0.63,1,0,0.309,,,,0.29,,,
94996,20130208,-96.85,40.7,0.296,,,,0.327,,,,0.336,,,,0.243,-0.53,0.958,0,0.261,-0.64,1,0,0.312,,,,0.292,,,
94996,20130209,-96.85,40.7,0.296,,,,0.329,,,,0.342,,,,0.243,-0.54,0.988,0,0.261,-0.64,1,0,0.313,,,,0.294,,,
94996,20130210,-96.85,40.7,0.296,,,,0.329,,,,0.348,,,,0.245,-0.53,0.929,0,0.261,-0.64,1,0,0.313,,,,0.296,,,
94996,20130211,-96.85,40.7,0.294,,,,0.329,,,,0.354,,,,0.248,-0.49,0.786,0,0.261,-0.64,1,0,0.312,,,,0.297,,,
94996,20130212,-96.85,40.7,0.291,,,,0.327,,,,0.357,,,,0.251,-0.45,0.643,0,0.261,-0.64,1,0,0.309,,,,0.298,,,
94996,20130213,-96.85,40.7,0.285,,,,0.324,,,,0.359,,,,0.255,-0.39,0.5,0,0.261,-0.63,1,0,0.305,,,,0.297,,,
94996,20130214,-96.85,40.7,0.277,,,,0.319,,,,0.359,,,,0.259,-0.33,0.357,0,0.261,-0.63,1,0,0.298,,,,0.295,,,
94996,20130215,-96.85,40.7,0.269,,,,0.314,,,,0.357,,,,0.262,-0.26,0.214,0,0.261,-0.63,1,0,0.291,,,,0.293,,,
94996,20130216,-96.85,40.7,0.262,,,,0.31,,,,0.356,,,,0.266,-0.2,0.071,0,0.261,-0.64,1,0,0.286,,,,0.291,,,
94996,20130217,-96.85,40.7,0.258,,,,0.307,,,,0.355,,,,0.268,-0.16,0,0,0.261,-0.66,1,0,0.282,,,,0.29,,,
94996,20130218,-96.85,40.7,0.255,,,,0.305,,,,0.353,,,,0.269,-0.14,0,0,0.261,-0.68,1,0,0.28,,,,0.289,,,
94996,20130219,-96.85,40.7,0.253,,,,0.303,,,,0.351,,,,0.27,-0.13,0,0,0.261,-0.71,1,0,0.278,,,,0.287,,,
94996,20130220,-96.85,40.7,0.251,,,,0.3,,,,0.35,,,,0.27,-0.11,0,0,0.261,-0.73,1,0,0.276,,,,0.287,,,
94996,20130221,-96.85,40.7,0.25,,,,0.299,,,,0.348,,,,0.271,-0.1,0,0,0.261,-0.76,1,0,0.275,,,,0.286,,,
94996,20130222,-96.85,40.7,,,,,0.298,,,,0.346,,,,0.271,-0.1,0,0,0.261,-0.79,1,0,,,,,,,,
94996,20130223,-96.85,40.7,,,,,0.297,,,,0.345,,,,0.271,-0.1,0,0,0.261,-0.81,1,0,,,,,,,,
94996,20130224,-96.85,40.7,,,,,0.296,,,,0.343,,,,0.271,-0.1,0,0,0.261,-0.82,1,0,,,,,,,,
94996,20130225,-96.85,40.7,,,,,0.295,,,,0.342,,,,0.271,-0.1,0,0,0.262,-0.83,1,0,,,,,,,,
94996,20130226,-96.85,40.7,,,,,0.297,,,,0.342,,,,0.27,-0.11,0,0,0.262,-0.85,1,0,,,,,,,,
94996,20130227,-96.85,40.7,,,,,0.301,,,,0.343,,,,0.27,-0.12,0,0,0.262,-0.87,1,0,,,,,,,,
94996,20130228,-96.85,40.7,,,,,0.305,,,,0.345,,,,0.27,-0.13,0,0,0.262,-0.89,1,0,,,,,,,,
94996,20130301,-96.85,40.7,,,,,0.309,,,,0.347,,,,0.27,-0.13,0,0,0.262,-0.91,1,0,,,,,,,,
94996,20130302,-96.85,40.7,,,,,0.313,,,,0.35,,,,0.27,-0.14,0,0,0.262,-0.94,1,0,,,,,,,,
94996,20130303,-96.85,40.7,,,,,0.316,,,,0.352,0.32,0,0,0.27,-0.14,0,0,0.262,-0.97,1,0,,,,,,,,
94996,20130304,-96.85,40.7,,,,,0.319,,,,0.354,0.3,0,0,0.27,-0.14,0,0,0.262,-1,1,0,,,,,,,,
94996,20130305,-96.85,40.7,0.283,,,,0.319,,,,0.355,0.31,0,0,0.271,-0.14,0,0,0.262,-1.02,1,0,0.302,,,,0.298,,,
94996,20130306,-96.85,40.7,0.283,,,,0.317,,,,0.355,0.31,0,0,0.271,-0.14,0,0,0.262,-1.03,1,0,0.3,,,,0.298,,,
94996,20130307,-96.85,40.7,0.282,,,,0.314,,,,0.355,0.3,0,0,0.272,-0.13,0,0,0.262,-1.05,1,0,0.298,,,,0.297,,,
94996,20130308,-96.85,40.7,0.278,,,,0.311,-0.8,1,0,0.354,0.3,0,0,0.273,-0.12,0,0,0.262,-1.05,1,0,0.295,,,,0.296,,,
94996,20130309,-96.85,40.7,0.273,-1.04,1,0,0.31,-0.67,1,0,0.354,0.3,0,0,0.274,-0.12,0,0,0.263,-1.05,1,0,0.291,,,,0.295,,,
94996,20130310,-96.85,40.7,0.273,-0.73,0.952,0,0.31,-0.44,0.7,0,0.355,0.31,0,0,0.275,-0.11,0,0,0.263,-1.05,1,0,0.292,-0.46,1,0,0.295,,,
94996,20130311,-96.85,40.7,0.273,-0.58,0.927,0,0.311,-0.32,0.438,0,0.358,0.34,0,0,0.276,-0.1,0,0,0.263,-1.04,1,0,0.292,-0.36,0.957,0,0.296,-0.19,0,0
94996,20130312,-96.85,40.7,0.272,-0.55,0.954,0,0.312,-0.3,0.341,0,0.36,0.36,0,0,0.277,-0.1,0,0,0.263,-1.03,1,0,0.292,-0.38,0.979,0,0.297,-0.2,0.132,0
94996,20130313,-96.85,40.7,0.272,-0.53,0.966,0,0.315,-0.29,0.295,0,0.362,0.38,0,0,0.278,-0.09,0,0,0.263,-1.02,1,0,0.294,-0.39,0.986,0,0.298,-0.2,0.129,0
94996,20130314,-96.85,40.7,0.273,-0.5,0.903,0,0.318,-0.25,0.25,0,0.365,0.42,0,0.083,0.28,-0.09,0,0,0.263,-1.01,1,0,0.296,-0.36,0.832,0,0.3,-0.18,0.105,0
94996,20130315,-96.85,40.7,0.277,-0.44,0.774,0,0.323,-0.18,0.208,0,0.369,0.47,0,0.226,0.282,-0.07,0,0,0.263,-0.99,1,0,0.3,-0.29,0.664,0,0.303,-0.13,0.082,0
94996,20130316,-96.85,40.7,0.282,-0.35,0.641,0,0.328,-0.07,0.107,0.012,0.374,0.52,0,0.369,0.289,0,0,0.101,0.269,-0.88,0.893,0,0.305,-0.23,0.552,0.007,0.308,-0.03,0.067,0.134
94996,20130317,-96.85,40.7,0.282,-0.35,0.659,0,0.329,-0.04,0.036,0.012,0.377,0.54,0,0.494,0.297,0.09,0,0.244,0.277,-0.73,0.75,0,0.306,-0.23,0.569,0.006,0.312,0.02,0.057,0.127
94996,20130318,-96.85,40.7,0.281,-0.37,0.679,0,0.328,-0.06,0.036,0.012,0.377,0.53,0,0.512,0.305,0.18,0,0.387,0.285,-0.59,0.607,0,0.305,-0.25,0.595,0.006,0.315,0.07,0.054,0.119
94996,20130319,-96.85,40.7,0.28,-0.38,0.679,0,0.328,-0.06,0.137,0.012,0.378,0.51,0,0.512,0.314,0.29,0,0.53,0.293,-0.45,0.464,0,0.304,-0.26,0.595,0.006,0.318,0.13,0.024,0.119
94996,20130320,-96.85,40.7,0.278,-0.4,0.679,0,0.327,-0.08,0.262,0.012,0.378,0.48,0,0.512,0.323,0.4,0,0.673,0.301,-0.32,0.321,0,0.302,-0.29,0.595,0.006,0.321,0.19,0.006,0.119
94996,20130321,-96.85,40.7,0.274,-0.45,0.726,0,0.325,-0.14,0.399,0.012,0.376,0.44,0,0.429,0.332,0.51,0,0.815,0.308,-0.19,0.179,0,0.3,-0.34,0.685,0.006,0.323,0.23,0,0.119
94996,20130322,-96.85,40.7,0.27,-0.52,0.845,0,0.321,-0.24,0.542,0.012,0.373,0.38,0,0.286,0.341,0.62,0,0.958,0.315,-0.07,0.036,0,0.295,-0.43,0.827,0.006,0.324,0.24,0,0.119
94996,20130323,-96.85,40.7,0.265,-0.6,0.988,0,0.317,-0.35,0.685,0,0.369,0.31,0,0.143,0.345,0.65,0,1,0.317,-0.05,0,0,0.291,-0.53,0.97,0,0.323,0.2,0,0.012
94996,20130324,-96.85,40.7,0.262,-0.63,1,0,0.314,-0.41,0.827,0,0.367,0.26,0,0.018,0.348,0.67,0,1,0.316,-0.06,0,0,0.288,-0.57,1,0,0.322,0.17,0,0
94996,20130325,-96.85,40.7,0.26,-0.64,1,0,0.312,-0.45,0.97,0,0.365,0.23,0,0,0.35,0.69,0,1,0.316,-0.07,0,0,0.286,-0.59,1,0,0.321,0.15,0,0
94996,20130326,-96.85,40.7,0.259,-0.64,1,0,0.311,-0.48,1,0,0.363,0.21,0,0,0.352,0.69,0,1,0.316,-0.08,0,0,0.285,-0.6,1,0,0.32,0.14,0,0
94996,20130327,-96.85,40.7,0.259,-0.61,0.976,0,0.311,-0.47,0.911,0,0.362,0.19,0,0,0.352,0.68,0,1,0.315,-0.09,0,0,0.285,-0.57,0.988,0,0.32,0.13,0,0
94996,20130328,-96.85,40.7,0.26,-0.57,0.97,0,0.311,-0.45,0.81,0,0.362,0.19,0,0,0.352,0.67,0,1,0.315,-0.1,0,0,0.286,-0.54,0.982,0,0.32,0.14,0,0
94996,20130329,-96.85,40.7,0.261,-0.53,0.97,0,0.312,-0.43,0.762,0,0.363,0.2,0,0,0.353,0.65,0,1,0.315,-0.11,0,0,0.287,-0.5,0.982,0,0.321,0.14,0,0
94996,20130330,-96.85,40.7,0.263,-0.47,0.94,0.03,0.314,-0.38,0.732,0.03,0.364,0.22,0,0.024,0.353,0.63,0,1,0.315,-0.12,0.036,0,0.289,-0.44,0.952,0.03,0.322,0.16,0,0.03
94996,20130331,-96.85,40.7,0.269,-0.36,0.798,0.065,0.32,-0.24,0.589,0.107,0.368,0.27,0,0.167,0.355,0.64,0,1,0.315,-0.13,0.042,0,0.294,-0.32,0.81,0.065,0.325,0.22,0,0.173
94996,20130401,-96.85,40.7,0.272,-0.28,0.655,0.065,0.323,-0.16,0.446,0.107,0.372,0.32,0,0.31,0.359,0.67,0,1,0.315,-0.14,0.054,0,0.297,-0.24,0.667,0.065,0.328,0.26,0,0.22
94996,20130402,-96.85,40.7,0.275,-0.21,0.512,0.065,0.326,-0.08,0.304,0.107,0.375,0.36,0,0.452,0.362,0.69,0,1,0.315,-0.14,0.054,0,0.3,-0.16,0.524,0.065,0.331,0.3,0,0.226
94996,20130403,-96.85,40.7,0.275,-0.18,0.393,0.065,0.327,-0.05,0.25,0.107,0.377,0.39,0,0.583,0.365,0.71,0,1,0.316,-0.14,0.054,0,0.301,-0.13,0.393,0.065,0.332,0.32,0,0.226
94996,20130404,-96.85,40.7,0.274,-0.16,0.256,0.065,0.327,-0.04,0.208,0.107,0.378,0.41,0,0.655,0.368,0.73,0,1,0.316,-0.14,0.054,0,0.301,-0.1,0.256,0.065,0.333,0.32,0,0.226
94996,20130405,-96.85,40.7,0.273,-0.14,0.113,0.065,0.327,-0.03,0.113,0.107,0.379,0.42,0,0.661,0.371,0.75,0,1,0.317,-0.13,0.054,0,0.3,-0.09,0.113,0.065,0.333,0.33,0,0.226
94996,20130406,-96.85,40.7,0.27,-0.16,0,0.036,0.325,-0.07,0.113,0.077,0.379,0.42,0,0.637,0.373,0.76,0,1,0.318,-0.13,0.018,0,0.297,-0.11,0,0.036,0.333,0.31,0,0.196
94996,20130407,-96.85,40.7,0.261,-0.26,0.107,0,0.319,-0.19,0.256,0,0.375,0.38,0,0.494,0.373,0.76,0,1,0.318,-0.12,0.018,0,0.29,-0.22,0.113,0,0.329,0.24,0,0.054
94996,20130408,-96.85,40.7,0.259,-0.28,0.196,0.024,0.317,-0.22,0.345,0.054,0.373,0.36,0,0.399,0.372,0.74,0,1,0.319,-0.12,0.006,0,0.288,-0.24,0.202,0.03,0.328,0.21,0,0.06
94996,20130409,-96.85,40.7,0.262,-0.24,0.196,0.024,0.319,-0.17,0.345,0.06,0.374,0.38,0,0.399,0.372,0.73,0,1,0.319,-0.13,0.006,0,0.291,-0.2,0.202,0.03,0.329,0.22,0,0.196
94996,20130410,-96.85,40.7,0.269,-0.15,0.196,0.101,0.325,-0.06,0.345,0.137,0.379,0.44,0,0.411,0.374,0.75,0,1,0.32,-0.12,0.006,0,0.297,-0.1,0.202,0.107,0.333,0.29,0,0.339
94996,20130411,-96.85,40.7,0.275,-0.07,0.196,0.149,0.331,0.05,0.345,0.28,0.383,0.5,0,0.482,0.379,0.8,0,1,0.322,-0.09,0.006,0,0.303,-0.01,0.202,0.208,0.338,0.36,0,0.482
94996,20130412,-96.85,40.7,0.281,0,0.196,0.149,0.335,0.14,0.345,0.387,0.387,0.55,0,0.619,0.382,0.84,0,1,0.323,-0.06,0.006,0,0.308,0.08,0.202,0.214,0.342,0.43,0,0.625
94996,20130413,-96.85,40.7,0.286,0.07,0.196,0.149,0.34,0.23,0.232,0.387,0.39,0.59,0,0.762,0.385,0.87,0,1,0.325,-0.04,0.006,0,0.313,0.15,0.202,0.214,0.345,0.49,0,0.768
94996,20130414,-96.85,40.7,0.292,0.14,0.089,0.149,0.343,0.31,0.089,0.387,0.392,0.62,0,0.905,0.388,0.88,0,1,0.326,-0.03,0,0,0.318,0.23,0.089,0.214,0.348,0.54,0,0.911
94996,20130415,-96.85,40.7,0.293,0.16,0,0.125,0.344,0.33,0,0.333,0.393,0.64,0,1,0.39,0.9,0,1,0.327,-0.02,0,0,0.318,0.25,0,0.185,0.349,0.56,0,0.929
94996,20130416,-96.85,40.7,0.288,0.11,0,0.125,0.34,0.28,0,0.327,0.392,0.62,0,1,0.391,0.9,0,1,0.327,-0.02,0,0,0.314,0.21,0,0.185,0.348,0.53,0,0.786
94996,20130417,-96.85,40.7,0.281,0.04,0,0.06,0.334,0.18,0,0.262,0.387,0.56,0,0.94,0.389,0.87,0,1,0.327,-0.02,0,0,0.307,0.13,0,0.119,0.344,0.46,0,0.655
94996,20130418,-96.85,40.7,0.284,0.08,0,0.155,0.337,0.22,0,0.262,0.389,0.57,0,0.94,0.39,0.86,0,1,0.328,-0.03,0,0.018,0.311,0.17,0,0.161,0.346,0.49,0,0.655
94996,20130419,-96.85,40.7,0.285,0.09,0,0.22,0.339,0.24,0,0.298,0.39,0.59,0,0.94,0.394,0.88,0,1,0.341,0.19,0,0.161,0.312,0.19,0,0.292,0.35,0.55,0,0.655
94996,20130420,-96.85,40.7,0.286,0.1,0,0.22,0.339,0.25,0,0.327,0.391,0.59,0,0.94,0.395,0.89,0,1,0.355,0.42,0,0.304,0.312,0.2,0,0.292,0.353,0.6,0,0.655
94996,20130421,-96.85,40.7,0.286,0.1,0,0.22,0.339,0.25,0,0.327,0.392,0.59,0,0.94,0.396,0.88,0,1,0.369,0.66,0,0.446,0.313,0.21,0,0.292,0.356,0.64,0,0.655
94996,20130422,-96.85,40.7,0.289,0.14,0,0.28,0.342,0.3,0,0.387,0.393,0.6,0,0.94,0.396,0.88,0,1,0.382,0.89,0,0.589,0.316,0.26,0,0.351,0.361,0.71,0,0.726
94996,20130423,-96.85,40.7,0.3,0.24,0,0.423,0.35,0.43,0,0.53,0.403,0.69,0,0.94,0.401,0.92,0,1,0.4,1.19,0,0.732,0.325,0.37,0,0.494,0.371,0.87,0,0.869
94996,20130424,-96.85,40.7,0.305,0.29,0,0.417,0.355,0.51,0,0.661,0.41,0.76,0,1,0.406,0.96,0,1,0.418,1.49,0,0.875,0.33,0.44,0,0.583,0.379,0.99,0,1
94996,20130425,-96.85,40.7,0.299,0.23,0,0.274,0.35,0.44,0,0.595,0.407,0.72,0,1,0.405,0.94,0,1,0.433,1.73,0,1,0.325,0.37,0,0.44,0.379,0.98,0,1
94996,20130426,-96.85,40.7,0.294,0.18,0,0.208,0.346,0.38,0,0.452,0.405,0.69,0,1,0.401,0.89,0,1,0.435,1.72,0,1,0.32,0.32,0,0.304,0.376,0.92,0,1
94996,20130427,-96.85,40.7,0.29,0.14,0,0.208,0.343,0.35,0,0.423,0.403,0.67,0,1,0.399,0.86,0,1,0.435,1.69,0,1,0.317,0.27,0,0.304,0.374,0.88,0,1
94996,20130428,-96.85,40.7,0.285,0.09,0,0.208,0.341,0.32,0,0.423,0.403,0.66,0,0.988,0.399,0.85,0,1,0.435,1.65,0,1,0.313,0.24,0,0.304,0.373,0.85,0,1
94996,20130429,-96.85,40.7,0.276,0.01,0.095,0.149,0.335,0.26,0,0.363,0.4,0.64,0,0.845,0.399,0.85,0,1,0.435,1.61,0,1,0.306,0.15,0,0.244,0.369,0.79,0,0.97
94996,20130430,-96.85,40.7,0.258,-0.16,0.238,0.006,0.323,0.1,0,0.22,0.389,0.53,0,0.702,0.394,0.79,0,1,0.431,1.49,0,1,0.291,-0.02,0.054,0.101,0.359,0.63,0,0.827
94996,20130501,-96.85,40.7,0.243,-0.3,0.381,0,0.313,-0.03,0,0.077,0.381,0.44,0,0.56,0.39,0.75,0,1,0.427,1.37,0,1,0.278,-0.15,0.196,0,0.351,0.49,0,0.685
94996,20130502,-96.85,40.7,0.241,-0.31,0.429,0.065,0.31,-0.07,0,0.018,0.377,0.39,0,0.452,0.387,0.72,0,1,0.423,1.27,0,1,0.275,-0.18,0.232,0.06,0.347,0.43,0,0.631
94996,20130503,-96.85,40.7,0.248,-0.25,0.429,0.161,0.315,-0.01,0,0.149,0.381,0.43,0,0.452,0.39,0.74,0,1,0.425,1.24,0,1,0.281,-0.12,0.232,0.19,0.352,0.48,0,0.631
94996,20130504,-96.85,40.7,0.252,-0.2,0.429,0.161,0.318,0.03,0,0.292,0.385,0.46,0,0.452,0.393,0.76,0,1,0.429,1.25,0,1,0.285,-0.07,0.232,0.256,0.355,0.52,0,0.631
94996,20130505,-96.85,40.7,0.258,-0.15,0.429,0.161,0.322,0.08,0,0.304,0.387,0.48,0,0.464,0.395,0.76,0,1,0.431,1.24,0,1,0.29,-0.01,0.232,0.256,0.358,0.55,0,0.631
94996,20130506,-96.85,40.7,0.264,-0.09,0.333,0.161,0.326,0.13,0,0.304,0.389,0.49,0,0.607,0.396,0.76,0,1,0.432,1.24,0,1,0.295,0.05,0.232,0.256,0.361,0.59,0,0.661
94996,20130507,-96.85,40.7,0.272,-0.02,0.19,0.161,0.33,0.18,0,0.304,0.392,0.5,0,0.744,0.396,0.76,0,1,0.433,1.22,0,1,0.301,0.12,0.179,0.256,0.365,0.62,0,0.804
94996,20130508,-96.85,40.7,0.279,0.05,0.048,0.161,0.335,0.24,0,0.304,0.395,0.52,0,0.774,0.397,0.75,0,1,0.434,1.2,0,1,0.307,0.19,0.036,0.256,0.368,0.66,0,0.946
94996,20130509,-96.85,40.7,0.274,0.01,0,0.095,0.335,0.24,0,0.286,0.396,0.51,0,0.738,0.398,0.74,0,1,0.435,1.19,0,1,0.305,0.17,0,0.196,0.367,0.65,0,0.988
94996,20130510,-96.85,40.7,0.263,-0.09,0,0,0.328,0.16,0,0.16,0.391,0.45,0,0.613,0.394,0.7,0,1,0.431,1.12,0,1,0.295,0.08,0,0.067,0.361,0.56,0,0.945
94996,20130511,-96.85,40.7,0.255,-0.16,0,0,0.322,0.1,0,0.012,0.387,0.38,0,0.466,0.391,0.65,0,1,0.427,1.03,0,1,0.289,0.01,0,0,0.356,0.48,0,0.798
94996,20130512,-96.85,40.7,0.247,-0.23,0.055,0,0.318,0.05,0,0,0.384,0.34,0,0.319,0.389,0.62,0,1,0.425,0.96,0,1,0.282,-0.05,0,0,0.352,0.41,0,0.65
94996,20130513,-96.85,40.7,0.24,-0.29,0.141,0,0.313,0.01,0,0,0.381,0.29,0,0.172,0.388,0.6,0,1,0.423,0.9,0,1,0.277,-0.11,0,0,0.349,0.35,0,0.503
94996,20130514,-96.85,40.7,0.235,-0.33,0.178,0,0.31,-0.03,0,0,0.379,0.26,0,0.031,0.388,0.58,0,1,0.421,0.85,0,1,0.272,-0.16,0,0,0.347,0.31,0,0.356
94996,20130515,-96.85,40.7,0.233,-0.35,0.178,0,0.308,-0.05,0,0,0.378,0.23,0,0,0.387,0.56,0,1,0.42,0.8,0,1,0.27,-0.18,0,0,0.345,0.27,0,0.209
94996,20130516,-96.85,40.7,0.232,-0.35,0.178,0,0.305,-0.08,0,0,0.377,0.2,0,0,0.387,0.54,0,1,0.419,0.75,0,1,0.268,-0.2,0,0,0.344,0.24,0,0.074
94996,20130517,-96.85,40.7,0.231,-0.35,0.179,0,0.302,-0.1,0,0,0.375,0.17,0,0,0.387,0.52,0,1,0.418,0.72,0,1,0.267,-0.21,0,0,0.343,0.21,0,0
94996,20130518,-96.85,40.7,0.231,-0.36,0.226,0,0.299,-0.13,0,0,0.373,0.14,0,0,0.387,0.51,0,1,0.417,0.68,0,1,0.265,-0.23,0,0,0.341,0.18,0,0
94996,20130519,-96.85,40.7,0.235,-0.32,0.202,0.006,0.297,-0.15,0,0,0.371,0.13,0,0,0.387,0.49,0,1,0.416,0.65,0,1,0.266,-0.23,0,0,0.341,0.17,0,0
94996,20130520,-96.85,40.7,0.249,-0.22,0.119,0.03,0.301,-0.11,0,0,0.373,0.13,0,0,0.387,0.48,0,1,0.415,0.62,0,1,0.275,-0.16,0,0.006,0.345,0.2,0,0.06
94996,20130521,-96.85,40.7,0.261,-0.13,0.083,0.03,0.306,-0.07,0,0,0.374,0.14,0,0,0.388,0.48,0,1,0.415,0.6,0,1,0.283,-0.09,0,0.006,0.349,0.23,0,0.119
94996,20130522,-96.85,40.7,0.269,-0.07,0.083,0.03,0.309,-0.03,0,0,0.374,0.15,0,0,0.389,0.49,0,1,0.414,0.58,0,1,0.289,-0.05,0,0.006,0.351,0.25,0,0.119
94996,20130523,-96.85,40.7,0.277,-0.02,0.083,0.03,0.313,0,0,0,0.374,0.15,0,0,0.39,0.49,0,1,0.414,0.56,0,1,0.295,-0.01,0,0.006,0.353,0.27,0,0.119
94996,20130524,-96.85,40.7,0.283,0.02,0.077,0.03,0.316,0.03,0,0,0.374,0.15,0,0,0.391,0.49,0,1,0.413,0.54,0,1,0.3,0.02,0,0.006,0.355,0.3,0,0.119
94996,20130525,-96.85,40.7,0.29,0.07,0.03,0.03,0.319,0.06,0,0,0.375,0.16,0,0,0.391,0.5,0,1,0.413,0.53,0,1,0.304,0.06,0,0.006,0.357,0.33,0,0.125
94996,20130526,-96.85,40.7,0.299,0.13,0,0.03,0.325,0.11,0,0,0.376,0.17,0,0,0.391,0.5,0,1,0.412,0.52,0,1,0.312,0.11,0,0.006,0.361,0.37,0,0.25
94996,20130527,-96.85,40.7,0.299,0.13,0,0.03,0.328,0.14,0,0.024,0.378,0.19,0,0.024,0.394,0.52,0,1,0.413,0.53,0,1,0.314,0.12,0,0.024,0.362,0.4,0,0.298
94996,20130528,-96.85,40.7,0.315,0.25,0,0.173,0.345,0.27,0,0.167,0.396,0.3,0,0.167,0.409,0.62,0,1,0.422,0.61,0,1,0.33,0.23,0,0.167,0.377,0.54,0,0.381
94996,20130529,-96.85,40.7,0.324,0.32,0,0.315,0.356,0.35,0,0.31,0.409,0.38,0,0.31,0.419,0.69,0,1,0.431,0.7,0,1,0.34,0.3,0,0.31,0.388,0.64,0,0.524
94996,20130530,-96.85,40.7,0.345,0.47,0,0.458,0.373,0.48,0,0.452,0.425,0.48,0,0.452,0.431,0.77,0,1,0.44,0.79,0,1,0.359,0.43,0,0.452,0.403,0.77,0,0.667
94996,20130531,-96.85,40.7,0.366,0.61,0,0.601,0.394,0.64,0,0.595,0.446,0.61,0,0.595,0.446,0.86,0,1,0.45,0.89,0,1,0.38,0.58,0,0.595,0.421,0.93,0,0.81
94996,20130601,-96.85,40.7,0.378,0.69,0,0.726,0.407,0.73,0,0.738,0.459,0.69,0,0.738,0.458,0.93,0,1,0.46,0.99,0,1,0.392,0.67,0,0.738,0.432,1.03,0,0.946
94996,20130602,-96.85,40.7,0.379,0.7,0,0.72,0.411,0.76,0,0.869,0.467,0.73,0,0.881,0.465,0.97,0,1,0.47,1.09,0,1,0.395,0.68,0,0.827,0.438,1.08,0,0.964
94996,20130603,-96.85,40.7,0.377,0.68,0,0.696,0.411,0.76,0,0.857,0.469,0.74,0,1,0.467,0.98,0,1,0.477,1.17,0,1,0.394,0.67,0,0.804,0.44,1.09,0,1
94996,20130604,-96.85,40.7,0.359,0.54,0,0.554,0.394,0.63,0,0.714,0.454,0.64,0,0.887,0.454,0.89,0,1,0.473,1.14,0,1,0.377,0.55,0,0.661,0.427,0.97,0,1
94996,20130605,-96.85,40.7,0.349,0.47,0,0.423,0.386,0.56,0,0.571,0.444,0.58,0,0.744,0.445,0.84,0,1,0.468,1.1,0,1,0.367,0.48,0,0.524,0.418,0.9,0,1
94996,20130606,-96.85,40.7,0.335,0.37,0,0.333,0.375,0.47,0,0.494,0.434,0.51,0,0.696,0.436,0.77,0,1,0.462,1.06,0,1,0.355,0.39,0,0.435,0.408,0.81,0,1
94996,20130607,-96.85,40.7,0.319,0.25,0,0.19,0.358,0.35,0,0.351,0.418,0.41,0,0.554,0.422,0.7,0,1,0.455,1,0,1,0.339,0.27,0,0.292,0.394,0.69,0,1
94996,20130608,-96.85,40.7,0.309,0.19,0,0.065,0.349,0.29,0,0.208,0.408,0.35,0,0.411,0.412,0.63,0,1,0.447,0.94,0,1,0.329,0.21,0,0.149,0.385,0.61,0,0.994
94996,20130609,-96.85,40.7,0.301,0.14,0,0.065,0.343,0.24,0,0.077,0.403,0.32,0,0.268,0.407,0.61,0,1,0.44,0.89,0,1,0.322,0.16,0,0.06,0.379,0.56,0,0.94
94996,20130610,-96.85,40.7,0.295,0.1,0,0.065,0.338,0.21,0,0.065,0.399,0.3,0,0.125,0.404,0.6,0,1,0.434,0.84,0,1,0.317,0.13,0,0.06,0.374,0.53,0,0.798
94996,20130611,-96.85,40.7,0.289,0.07,0,0.065,0.334,0.18,0,0.065,0.395,0.28,0,0.095,0.402,0.6,0,1,0.431,0.83,0,1,0.311,0.1,0,0.06,0.37,0.51,0,0.655
94996,20130612,-96.85,40.7,0.282,0.04,0,0.054,0.329,0.15,0,0.065,0.411,0.37,0,0.214,0.371,0.42,0.119,0.881,0.43,0.83,0,1,0.305,0.07,0,0.054,0.369,0.5,0,0.581
94996,20130613,-96.85,40.7,0.266,-0.06,0,0,0.318,0.09,0,0,0.429,0.48,0,0.262,0.334,0.2,0.262,0.738,,,,,0.292,-0.01,0,0,,,,
94996,20130614,-96.85,40.7,0.262,-0.06,0.024,0.048,0.31,0.03,0,0,0.446,0.58,0,0.405,0.297,-0.02,0.405,0.595,,,,,0.286,-0.04,0,0,,,,
94996,20130615,-96.85,40.7,0.262,-0.04,0.024,0.048,0.304,0,0,0,0.466,0.7,0,0.548,0.26,-0.24,0.548,0.452,,,,,0.283,-0.04,0,0,,,,
94996,20130616,-96.85,40.7,0.261,-0.02,0.024,0.048,0.299,-0.02,0,0,0.486,0.82,0,0.69,0.223,-0.45,0.69,0.31,,,,,0.28,-0.04,0,0,,,,
94996,20130617,-96.85,40.7,0.258,-0.02,0.024,0.048,0.294,-0.04,0,0,0.507,0.95,0,0.833,0.187,-0.67,0.833,0.167,,,,,0.276,-0.04,0,0,,,,
94996,20130618,-96.85,40.7,0.254,-0.03,0.024,0.048,0.289,-0.06,0,0,0.527,1.08,0,0.976,0.151,-0.89,0.976,0.024,,,,,0.271,-0.05,0,0,,,,
94996,20130619,-96.85,40.7,0.252,-0.02,0.024,0.048,0.284,-0.09,0,0,0.528,1.1,0,1,0.145,-0.92,1,0,,,,,0.268,-0.06,0,0,,,,
94996,20130620,-96.85,40.7,0.251,-0.01,0.024,0.048,0.279,-0.11,0,0,0.524,1.09,0,1,0.145,-0.92,1,0,,,,,0.265,-0.05,0,0,,,,
94996,20130621,-96.85,40.7,0.24,-0.07,0,0,0.274,-0.13,0,0,0.519,1.08,0,1,0.144,-0.92,1,0,,,,,0.257,-0.09,0,0,,,,
94996,20130622,-96.85,40.7,0.225,-0.16,0.071,0,0.265,-0.18,0,0,0.513,1.06,0,1,0.144,-0.91,1,0,,,,,0.245,-0.16,0.012,0,,,,
94996,20130623,-96.85,40.7,0.211,-0.24,0.214,0,0.256,-0.23,0.024,0,0.503,1.02,0,1,0.144,-0.9,1,0,,,,,0.234,-0.22,0.155,0,,,,
94996,20130624,-96.85,40.7,0.202,-0.3,0.345,0,0.248,-0.28,0.143,0,0.493,0.97,0,1,0.144,-0.9,1,0,,,,,0.225,-0.27,0.298,0,,,,
94996,20130625,-96.85,40.7,0.205,-0.28,0.351,0,0.24,-0.33,0.286,0,0.483,0.92,0,1,0.143,-0.89,1,0,,,,,0.223,-0.29,0.31,0,,,,
94996,20130626,-96.85,40.7,0.208,-0.26,0.351,0,0.235,-0.37,0.429,0,0.475,0.88,0,1,0.143,-0.89,1,0,,,,,0.221,-0.3,0.31,0,,,,
94996,20130627,-96.85,40.7,0.208,-0.25,0.351,0,0.23,-0.41,0.571,0,0.467,0.85,0,1,0.143,-0.89,1,0,,,,,0.219,-0.32,0.363,0,,,,
94996,20130628,-96.85,40.7,0.225,-0.14,0.351,0.042,0.245,-0.3,0.571,0.077,0.466,0.85,0,1,0.143,-0.88,1,0,,,,,0.235,-0.2,0.363,0.065,,,,
94996,20130629,-96.85,40.7,0.237,-0.06,0.28,0.042,0.256,-0.21,0.571,0.077,0.462,0.84,0,0.97,0.142,-0.88,1,0,,,,,0.247,-0.12,0.351,0.065,,,,
94996,20130630,-96.85,40.7,0.246,0,0.137,0.042,0.267,-0.14,0.548,0.077,0.467,0.88,0,0.97,0.142,-0.87,1,0,,,,,0.256,-0.05,0.208,0.065,,,,
94996,20130701,-96.85,40.7,0.249,0.02,0.018,0.042,0.275,-0.07,0.429,0.077,0.471,0.92,0,0.97,0.142,-0.87,1,0,,,,,0.262,-0.01,0.065,0.065,,,,
94996,20130702,-96.85,40.7,0.242,-0.03,0.155,0.042,0.282,-0.02,0.286,0.077,0.473,0.96,0,0.97,0.142,-0.86,1,0,,,,,0.262,-0.01,0.077,0.065,,,,
94996,20130703,-96.85,40.7,0.232,-0.09,0.298,0.042,0.286,0.01,0.143,0.077,0.475,1,0,0.97,0.141,-0.86,1,0,,,,,0.259,-0.03,0.22,0.065,,,,
94996,20130704,-96.85,40.7,0.224,-0.14,0.44,0.042,0.288,0.04,0.077,0.077,0.475,1.03,0,0.97,0.141,-0.85,1,0,,,,,0.256,-0.04,0.31,0.065,,,,
94996,20130705,-96.85,40.7,0.202,-0.29,0.583,0,0.27,-0.08,0.22,0,0.468,1.03,0,0.97,0.14,-0.85,1,0,,,,,0.236,-0.18,0.452,0,,,,
94996,20130706,-96.85,40.7,0.186,-0.39,0.726,0,0.255,-0.19,0.363,0,0.464,1.04,0,1,0.14,-0.85,1,0,,,,,0.22,-0.29,0.595,0,,,,
94996,20130707,-96.85,40.7,0.174,-0.47,0.869,0,0.241,-0.27,0.506,0,0.452,1.01,0,1,0.139,-0.85,1,0,,,,,0.208,-0.37,0.738,0,,,,
94996,20130708,-96.85,40.7,0.165,-0.52,1,0,0.23,-0.35,0.649,0,0.441,0.99,0,1,0.138,-0.85,1,0,,,,,0.197,-0.44,0.881,0,,,,
94996,20130709,-96.85,40.7,0.158,-0.55,1,0,0.219,-0.42,0.792,0,0.431,0.96,0,1,0.138,-0.85,1,0,,,,,0.189,-0.49,1,0,,,,
94996,20130710,-96.85,40.7,0.153,-0.58,1,0,0.211,-0.47,0.935,0,0.421,0.93,0,1,0.137,-0.86,1,0,,,,,0.182,-0.53,1,0,,,,
94996,20130711,-96.85,40.7,0.149,-0.6,1,0,0.202,-0.52,1,0,0.412,0.9,0,1,0.136,-0.86,1,0,,,,,0.176,-0.57,1,0,,,,
94996,20130712,-96.85,40.7,0.145,-0.61,1,0,0.196,-0.56,1,0,0.404,0.86,0,1,0.136,-0.87,1,0,,,,,0.17,-0.6,1,0,,,,
94996,20130713,-96.85,40.7,0.143,-0.62,1,0,0.19,-0.58,1,0,0.397,0.84,0,1,0.135,-0.88,1,0,,,,,0.166,-0.63,1,0,,,,
94996,20130714,-96.85,40.7,0.14,-0.62,1,0,0.185,-0.61,1,0,0.391,0.82,0,1,0.134,-0.89,1,0,,,,,0.163,-0.65,1,0,,,,
94996,20130715,-96.85,40.7,0.138,-0.63,1,0,0.18,-0.62,1,0,0.385,0.81,0,1,0.134,-0.91,1,0,,,,,0.159,-0.68,1,0,,,,
94996,20130716,-96.85,40.7,0.135,-0.64,1,0,0.176,-0.64,1,0,0.379,0.8,0,1,0.133,-0.92,1,0,,,,,0.156,-0.69,1,0,,,,
94996,20130717,-96.85,40.7,0.133,-0.65,1,0,0.173,-0.65,1,0,0.375,0.79,0,1,0.132,-0.93,1,0,,,,,0.153,-0.71,1,0,,,,
94996,20130718,-96.85,40.7,0.131,-0.65,1,0,0.17,-0.65,1,0,0.371,0.8,0,1,0.132,-0.95,1,0,,,,,0.151,-0.72,1,0,,,,
94996,20130719,-96.85,40.7,0.13,-0.66,1,0,0.168,-0.65,1,0,0.368,0.81,0,1,0.132,-0.97,1,0,,,,,0.149,-0.72,1,0,,,,
94996,20130720,-96.85,40.7,0.128,-0.66,1,0,0.165,-0.65,1,0,0.365,0.82,0,1,0.131,-0.98,1,0,,,,,0.147,-0.73,1,0,,,,
94996,20130721,-96.85,40.7,0.126,-0.67,1,0,0.163,-0.65,1,0,0.363,0.83,0,1,0.131,-1,1,0,,,,,0.145,-0.74,1,0,,,,
94996,20130722,-96.85,40.7,0.125,-0.68,1,0,0.161,-0.65,1,0,0.361,0.85,0,1,0.131,-1.02,1,0,,,,,0.143,-0.74,1,0,,,,
94996,20130723,-96.85,40.7,0.124,-0.68,1,0,0.16,-0.65,1,0,0.359,0.87,0,1,0.13,-1.04,1,0,0.28,-0.04,0,0,0.142,-0.74,1,0,0.21,-0.57,1,0
94996,20130724,-96.85,40.7,0.124,-0.68,1,0,0.159,-0.66,1,0,0.358,0.89,0,1,0.13,-1.06,1,0,0.28,-0.04,0,0,0.141,-0.75,1,0,0.21,-0.57,1,0
94996,20130725,-96.85,40.7,0.124,-0.68,1,0,0.157,-0.67,1,0,0.356,0.91,0,1,0.13,-1.07,1,0,0.28,-0.03,0,0,0.141,-0.75,1,0,0.209,-0.58,1,0
94996,20130726,-96.85,40.7,0.126,-0.66,0.94,0,0.157,-0.67,1,0,0.354,0.93,0,1,0.13,-1.08,1,0,0.28,-0.03,0,0,0.142,-0.74,1,0,0.21,-0.58,0.946,0
94996,20130727,-96.85,40.7,0.132,-0.62,0.881,0,0.158,-0.66,1,0,0.353,0.95,0,1,0.13,-1.08,1,0,0.28,-0.02,0,0,0.145,-0.71,1,0,0.211,-0.56,0.899,0
94996,20130728,-96.85,40.7,0.135,-0.58,0.881,0,0.159,-0.65,1,0,0.352,0.96,0,1,0.13,-1.08,1,0,0.28,-0.02,0,0,0.147,-0.69,1,0,0.211,-0.55,0.899,0
94996,20130729,-96.85,40.7,0.137,-0.57,0.881,0,0.159,-0.65,1,0,0.351,0.97,0,1,0.129,-1.07,1,0,0.28,-0.02,0,0,0.148,-0.68,1,0,0.211,-0.54,0.899,0
94996,20130730,-96.85,40.7,0.156,-0.39,0.75,0.113,0.164,-0.59,0.899,0,0.349,0.98,0,1,0.129,-1.05,1,0,0.28,-0.01,0,0,0.16,-0.55,0.869,0,0.216,-0.46,0.768,0
94996,20130731,-96.85,40.7,0.174,-0.21,0.607,0.244,0.172,-0.5,0.756,0,0.348,0.99,0,1,0.129,-1.04,1,0,0.28,-0.01,0,0,0.173,-0.41,0.726,0,0.221,-0.37,0.625,0
94996,20130801,-96.85,40.7,0.188,-0.06,0.464,0.244,0.179,-0.42,0.613,0,0.347,1,0,1,0.129,-1.02,1,0,0.28,-0.01,0,0,0.184,-0.28,0.583,0,0.225,-0.29,0.482,0
94996,20130802,-96.85,40.7,0.204,0.1,0.381,0.31,0.192,-0.27,0.47,0.06,0.348,1.01,0,1,0.129,-1,1,0,0.28,0,0,0,0.198,-0.12,0.44,0.06,0.231,-0.18,0.393,0.06
94996,20130803,-96.85,40.7,0.22,0.26,0.298,0.452,0.213,-0.03,0.327,0.202,0.35,1.04,0,1,0.129,-0.98,1,0,0.28,0,0,0,0.217,0.1,0.298,0.202,0.238,-0.03,0.298,0.202
94996,20130804,-96.85,40.7,0.235,0.4,0.155,0.56,0.231,0.18,0.185,0.345,0.354,1.09,0,1,0.129,-0.96,1,0,0.28,0,0,0,0.233,0.28,0.155,0.345,0.246,0.11,0.155,0.345
94996,20130805,-96.85,40.7,0.248,0.53,0.012,0.56,0.248,0.38,0.042,0.488,0.358,1.13,0,1,0.129,-0.95,1,0,0.28,0,0,0,0.248,0.45,0.012,0.458,0.253,0.24,0.012,0.488
94996,20130806,-96.85,40.7,0.242,0.48,0,0.446,0.259,0.5,0,0.625,0.364,1.18,0,1,0.129,-0.93,1,0,0.28,0.01,0,0,0.251,0.48,0,0.464,0.255,0.28,0,0.542
94996,20130807,-96.85,40.7,0.234,0.4,0,0.315,0.265,0.57,0,0.667,0.37,1.23,0,1,0.129,-0.92,1,0,0.28,0.01,0,0,0.25,0.47,0,0.464,0.256,0.3,0,0.542
94996,20130808,-96.85,40.7,0.227,0.33,0,0.315,0.27,0.62,0,0.667,0.375,1.27,0,1,0.129,-0.92,1,0,0.28,0.01,0,0,0.248,0.45,0,0.464,0.256,0.31,0,0.542
94996,20130809,-96.85,40.7,0.214,0.2,0,0.25,0.266,0.58,0,0.607,0.38,1.31,0,1,0.129,-0.91,1,0,0.28,0.01,0,0,0.24,0.36,0,0.405,0.254,0.27,0,0.482
94996,20130810,-96.85,40.7,0.197,0.04,0.119,0.107,0.252,0.41,0,0.464,0.381,1.31,0,1,0.129,-0.91,1,0,0.28,0.02,0,0,0.224,0.18,0.077,0.262,0.248,0.16,0,0.339
94996,20130811,-96.85,40.7,0.183,-0.1,0.262,0,0.239,0.26,0.071,0.321,0.381,1.29,0,1,0.129,-0.91,1,0,0.28,0.02,0,0,0.211,0.03,0.22,0.119,0.242,0.07,0,0.196
94996,20130812,-96.85,40.7,0.17,-0.22,0.405,0,0.227,0.11,0.214,0.179,0.379,1.27,0,1,0.129,-0.91,1,0,0.28,0.02,0,0,0.199,-0.1,0.363,0.006,0.237,-0.01,0,0.054
94996,20130813,-96.85,40.7,0.16,-0.32,0.548,0,0.215,-0.03,0.357,0.042,0.377,1.24,0,1,0.129,-0.91,1,0,0.28,0.02,0,0,0.187,-0.23,0.506,0,0.232,-0.09,0,0
94996,20130814,-96.85,40.7,0.151,-0.4,0.69,0,0.204,-0.16,0.5,0,0.373,1.19,0,1,0.129,-0.91,1,0,0.279,0.02,0,0,0.178,-0.33,0.649,0,0.227,-0.16,0,0
94996,20130815,-96.85,40.7,0.145,-0.46,0.833,0,0.195,-0.27,0.643,0,0.368,1.15,0,1,0.129,-0.91,1,0,0.279,0.02,0,0,0.17,-0.41,0.792,0,0.223,-0.22,0,0
94996,20130816,-96.85,40.7,0.141,-0.49,0.976,0,0.187,-0.35,0.786,0,0.365,1.11,0,1,0.129,-0.91,1,0,0.279,0.02,0,0,0.164,-0.47,0.935,0,0.22,-0.27,0,0
94996,20130817,-96.85,40.7,0.139,-0.51,1,0,0.181,-0.42,0.929,0,0.361,1.08,0,1,0.129,-0.91,1,0,0.279,0.02,0,0,0.16,-0.51,1,0,0.218,-0.3,0,0
94996,20130818,-96.85,40.7,0.138,-0.51,1,0,0.177,-0.46,1,0,0.359,1.06,0,1,0.129,-0.92,1,0,0.279,0.02,0,0,0.157,-0.52,1,0,0.216,-0.32,0,0
94996,20130819,-96.85,40.7,0.137,-0.52,1,0,0.173,-0.49,1,0,0.357,1.03,0,1,0.129,-0.94,1,0,0.279,0.02,0,0,0.155,-0.54,1,0,0.215,-0.34,0,0
94996,20130820,-96.85,40.7,0.136,-0.52,1,0,0.17,-0.5,1,0,0.355,1.01,0,1,0.129,-0.97,1,0,0.279,0.02,0,0,0.153,-0.54,1,0,0.214,-0.35,0,0
94996,20130821,-96.85,40.7,0.135,-0.53,1,0,0.168,-0.51,1,0,0.354,1,0,1,0.129,-1,1,0,0.278,0.02,0,0,0.152,-0.55,1,0,0.213,-0.36,0,0
94996,20130822,-96.85,40.7,0.134,-0.53,1,0,0.167,-0.52,1,0,0.354,1,0,1,0.129,-1.03,1,0,0.278,0.02,0,0,0.151,-0.55,1,0,0.212,-0.36,0,0
94996,20130823,-96.85,40.7,0.133,-0.55,1,0,0.165,-0.53,1,0,0.353,0.99,0,1,0.129,-1.06,1,0,0.278,0.02,0,0,0.149,-0.56,1,0,0.212,-0.37,0,0
94996,20130824,-96.85,40.7,0.131,-0.57,1,0,0.163,-0.54,1,0,0.353,0.99,0,1,0.129,-1.1,1,0,0.278,0.02,0,0,0.147,-0.57,1,0,0.211,-0.38,0,0
94996,20130825,-96.85,40.7,0.129,-0.58,1,0,0.162,-0.55,1,0,0.352,0.98,0,1,0.129,-1.12,1,0,0.277,0.02,0,0,0.145,-0.58,1,0,0.21,-0.39,0,0
94996,20130826,-96.85,40.7,0.127,-0.59,1,0,0.16,-0.56,1,0,0.352,0.97,0,1,0.129,-1.13,1,0,0.277,0.02,0,0,0.144,-0.59,1,0,0.209,-0.4,0,0
94996,20130827,-96.85,40.7,0.126,-0.59,1,0,0.159,-0.56,1,0,0.351,0.98,0,1,0.128,-1.14,1,0,0.277,0.02,0,0,0.142,-0.59,1,0,0.208,-0.41,0,0
94996,20130828,-96.85,40.7,0.125,-0.6,1,0,0.157,-0.57,1,0,0.351,0.97,0,1,0.128,-1.14,1,0,0.276,0.03,0,0,0.141,-0.6,1,0,0.207,-0.42,0,0
94996,20130829,-96.85,40.7,0.123,-0.6,1,0,0.155,-0.57,1,0,0.35,0.97,0,1,0.128,-1.15,1,0,0.276,0.03,0,0,0.139,-0.6,1,0,0.207,-0.43,0,0
94996,20130830,-96.85,40.7,0.122,-0.6,1,0,0.154,-0.58,1,0,0.35,0.97,0,1,0.128,-1.15,1,0,0.276,0.03,0,0,0.138,-0.6,1,0,0.206,-0.44,0.012,0
94996,20130831,-96.85,40.7,0.121,-0.6,1,0,0.153,-0.58,1,0,0.349,0.97,0,1,0.128,-1.16,1,0,0.276,0.04,0,0,0.137,-0.6,1,0,0.205,-0.45,0.06,0
94996,20130901,-96.85,40.7,0.12,-0.61,1,0,0.152,-0.58,1,0,0.349,0.97,0,1,0.128,-1.16,1,0,0.275,0.04,0,0,0.136,-0.61,1,0,0.205,-0.46,0.155,0
94996,20130902,-96.85,40.7,0.118,-0.62,1,0,0.15,-0.58,1,0,0.348,0.97,0,1,0.128,-1.17,1,0,0.275,0.04,0,0,0.134,-0.61,1,0,0.204,-0.47,0.286,0
94996,20130903,-96.85,40.7,0.117,-0.63,1,0,0.149,-0.58,1,0,0.347,0.96,0,1,0.128,-1.17,1,0,0.275,0.04,0,0,0.133,-0.62,1,0,0.203,-0.48,0.429,0
94996,20130904,-96.85,40.7,0.115,-0.64,1,0,0.147,-0.59,1,0,0.345,0.96,0,1,0.128,-1.18,1,0,0.275,0.04,0,0,0.131,-0.63,1,0,0.202,-0.5,0.571,0
94996,20130905,-96.85,40.7,0.114,-0.65,1,0,0.146,-0.6,1,0,0.344,0.95,0,1,0.127,-1.18,1,0,0.274,0.04,0,0,0.13,-0.63,1,0,0.201,-0.51,0.714,0
94996,20130906,-96.85,40.7,0.112,-0.66,1,0,0.145,-0.6,1,0,0.342,0.96,0,1,0.127,-1.19,1,0,0.274,0.04,0,0,0.129,-0.64,1,0,0.2,-0.52,0.845,0
94996,20130907,-96.85,40.7,0.111,-0.66,1,0,0.144,-0.61,1,0,0.341,0.98,0,1,0.127,-1.19,1,0,0.274,0.03,0,0,0.128,-0.65,1,0,0.199,-0.52,0.94,0
94996,20130908,-96.85,40.7,0.111,-0.67,1,0,0.143,-0.62,1,0,0.34,0.99,0,1,0.127,-1.2,1,0,0.273,0.03,0,0,0.127,-0.66,1,0,0.199,-0.53,0.988,0
94996,20130909,-96.85,40.7,0.11,-0.68,1,0,0.143,-0.63,1,0,0.339,1.02,0,1,0.127,-1.2,1,0,0.273,0.03,0,0,0.126,-0.67,1,0,0.198,-0.53,1,0
94996,20130910,-96.85,40.7,0.11,-0.69,1,0,0.143,-0.64,1,0,0.339,1.05,0,1,0.126,-1.2,1,0,0.272,0.03,0,0,0.126,-0.68,1,0,0.198,-0.53,1,0
94996,20130911,-96.85,40.7,0.112,-0.68,0.994,0,0.143,-0.66,1,0,0.34,1.08,0,1,0.126,-1.2,1,0,0.272,0.03,0,0,0.127,-0.69,1,0,0.198,-0.53,0.97,0
94996,20130912,-96.85,40.7,0.123,-0.59,0.851,0,0.144,-0.66,1,0,0.34,1.11,0,1,0.126,-1.2,1,0,0.272,0.03,0,0,0.133,-0.65,0.97,0,0.201,-0.5,0.827,0
94996,20130913,-96.85,40.7,0.139,-0.45,0.708,0,0.146,-0.65,1,0,0.34,1.13,0,1,0.126,-1.2,1,0,0.271,0.04,0,0,0.143,-0.57,0.827,0,0.204,-0.45,0.685,0
94996,20130914,-96.85,40.7,0.152,-0.35,0.565,0,0.148,-0.64,1,0,0.339,1.14,0,1,0.126,-1.2,1,0,0.271,0.04,0,0,0.15,-0.52,0.792,0,0.207,-0.42,0.542,0
94996,20130915,-96.85,40.7,0.162,-0.26,0.423,0,0.15,-0.64,1,0,0.338,1.15,0,1,0.126,-1.19,1,0,0.271,0.05,0,0,0.156,-0.48,0.792,0,0.209,-0.39,0.399,0
94996,20130916,-96.85,40.7,0.171,-0.18,0.28,0,0.152,-0.63,1,0,0.336,1.14,0,1,0.126,-1.19,1,0,0.271,0.06,0,0,0.161,-0.44,0.792,0,0.211,-0.37,0.321,0
94996,20130917,-96.85,40.7,0.179,-0.11,0.143,0,0.153,-0.63,1,0,0.335,1.14,0,1,0.126,-1.19,1,0,0.271,0.06,0,0,0.166,-0.4,0.792,0,0.213,-0.34,0.321,0
94996,20130918,-96.85,40.7,0.194,0.04,0.006,0.048,0.159,-0.58,1,0,0.333,1.13,0,1,0.126,-1.18,1,0,0.27,0.06,0,0,0.177,-0.29,0.655,0,0.216,-0.29,0.214,0
94996,20130919,-96.85,40.7,0.198,0.09,0.006,0.048,0.163,-0.54,1,0,0.332,1.13,0,1,0.125,-1.17,1,0,0.27,0.07,0,0,0.181,-0.24,0.542,0,0.218,-0.26,0.214,0
94996,20130920,-96.85,40.7,0.202,0.14,0.006,0.149,0.171,-0.44,0.899,0,0.331,1.14,0,1,0.125,-1.17,1,0,0.27,0.07,0,0,0.186,-0.17,0.542,0.077,0.22,-0.22,0.214,0
94996,20130921,-96.85,40.7,0.206,0.2,0.006,0.232,0.18,-0.34,0.756,0,0.331,1.14,0,1,0.125,-1.16,1,0,0.27,0.07,0,0,0.193,-0.07,0.435,0.077,0.223,-0.17,0.214,0
94996,20130922,-96.85,40.7,0.211,0.25,0.006,0.232,0.188,-0.24,0.613,0,0.331,1.14,0,1,0.125,-1.15,1,0,0.27,0.06,0,0,0.199,0.01,0.292,0.077,0.225,-0.13,0.214,0
94996,20130923,-96.85,40.7,0.213,0.29,0.006,0.232,0.195,-0.16,0.47,0,0.331,1.15,0,1,0.125,-1.15,1,0,0.27,0.05,0,0,0.204,0.07,0.149,0.077,0.227,-0.1,0.149,0
94996,20130924,-96.85,40.7,0.215,0.31,0,0.232,0.2,-0.08,0.333,0,0.331,1.16,0,1,0.125,-1.14,1,0,0.27,0.04,0,0,0.207,0.12,0.006,0.077,0.228,-0.07,0.006,0
94996,20130925,-96.85,40.7,0.205,0.22,0,0.185,0.201,-0.06,0.292,0,0.332,1.17,0,1,0.124,-1.14,1,0,0.27,0.03,0,0,0.203,0.08,0,0.077,0.226,-0.09,0,0
94996,20130926,-96.85,40.7,0.196,0.14,0.048,0.185,0.201,-0.05,0.292,0,0.332,1.17,0,1,0.124,-1.13,1,0,0.27,0.02,0,0,0.199,0.04,0.125,0.077,0.225,-0.11,0,0
94996,20130927,-96.85,40.7,0.182,0.01,0.19,0.083,0.194,-0.12,0.393,0,0.332,1.17,0,1,0.124,-1.13,1,0,0.27,0.01,0,0,0.188,-0.07,0.268,0,0.22,-0.16,0.012,0
94996,20130928,-96.85,40.7,0.169,-0.12,0.333,0,0.186,-0.21,0.536,0,0.333,1.18,0,1,0.124,-1.12,1,0,0.27,0.01,0,0,0.177,-0.18,0.411,0,0.216,-0.21,0.071,0
94996,20130929,-96.85,40.7,0.158,-0.22,0.476,0,0.178,-0.29,0.679,0,0.333,1.19,0,1,0.124,-1.12,1,0,0.27,0,0,0,0.168,-0.28,0.554,0,0.213,-0.26,0.173,0
94996,20130930,-96.85,40.7,0.149,-0.31,0.619,0,0.171,-0.37,0.821,0,0.333,1.18,0,1,0.124,-1.1,1,0,0.27,0,0,0,0.16,-0.37,0.696,0,0.209,-0.29,0.31,0
94996,20131001,-96.85,40.7,0.142,-0.37,0.762,0,0.166,-0.43,0.958,0,0.333,1.17,0,1,0.124,-1.09,1,0,0.269,0,0,0,0.154,-0.43,0.839,0,0.207,-0.32,0.452,0
94996,20131002,-96.85,40.7,0.136,-0.42,0.905,0,0.161,-0.48,1,0,0.333,1.15,0,1,0.124,-1.08,1,0,0.269,0,0,0,0.149,-0.49,0.982,0,0.205,-0.33,0.595,0
94996,20131003,-96.85,40.7,0.136,-0.42,0.976,0.018,0.159,-0.51,0.982,0.006,0.333,1.13,0,1,0.124,-1.07,1,0,0.269,0,0,0,0.147,-0.51,0.976,0.012,0.204,-0.33,0.708,0.006
94996,20131004,-96.85,40.7,0.159,-0.22,0.833,0.161,0.181,-0.23,0.839,0.149,0.341,1.17,0,1,0.124,-1.06,1,0,0.269,0,0,0,0.17,-0.27,0.833,0.155,0.215,-0.2,0.696,0.149
94996,20131005,-96.85,40.7,0.181,-0.03,0.69,0.304,0.206,0.07,0.696,0.292,0.369,1.39,0,1,0.124,-1.04,1,0,0.27,0,0,0,0.193,-0.03,0.69,0.298,0.23,-0.01,0.637,0.292
94996,20131006,-96.85,40.7,0.201,0.13,0.548,0.446,0.228,0.35,0.554,0.435,0.396,1.6,0,1,0.124,-1.03,1,0,0.27,0,0,0,0.215,0.19,0.548,0.44,0.244,0.16,0.536,0.435
94996,20131007,-96.85,40.7,0.22,0.3,0.405,0.589,0.25,0.61,0.411,0.577,0.422,1.8,0,1,0.124,-1.01,1,0,0.27,0,0,0,0.235,0.41,0.405,0.583,0.257,0.32,0.399,0.577
94996,20131008,-96.85,40.7,0.238,0.45,0.262,0.708,0.271,0.87,0.268,0.72,0.447,1.98,0,1,0.124,-1,1,0,0.27,0,0,0,0.255,0.61,0.262,0.726,0.27,0.46,0.256,0.72
94996,20131009,-96.85,40.7,0.255,0.58,0.119,0.708,0.291,1.1,0.125,0.863,0.471,2.16,0,1,0.124,-0.99,1,0,0.27,0,0,0,0.273,0.8,0.119,0.869,0.282,0.6,0.113,0.863
94996,20131010,-96.85,40.7,0.265,0.67,0,0.69,0.309,1.28,0,1,0.494,2.32,0,1,0.124,-0.99,1,0,0.27,0,0,0,0.287,0.94,0,0.976,0.292,0.71,0,1
94996,20131011,-96.85,40.7,0.25,0.55,0,0.548,0.301,1.15,0,1,0.509,2.4,0,1,0.123,-0.98,1,0,0.27,0,0,0,0.276,0.82,0,0.833,0.291,0.69,0,0.994
94996,20131012,-96.85,40.7,0.237,0.44,0,0.405,0.291,1,0,0.952,0.503,2.3,0,1,0.123,-0.98,1,0,0.27,0,0,0,0.264,0.69,0,0.69,0.285,0.6,0,0.851
94996,20131013,-96.85,40.7,0.224,0.34,0,0.262,0.283,0.86,0,0.81,0.496,2.2,0,1,0.123,-0.98,1,0,0.27,0,0,0,0.253,0.58,0,0.548,0.279,0.53,0,0.708
94996,20131014,-96.85,40.7,0.211,0.24,0,0.119,0.275,0.72,0,0.667,0.49,2.11,0,1,0.123,-0.97,1,0,0.27,0,0,0,0.243,0.47,0,0.405,0.274,0.45,0,0.565
94996,20131015,-96.85,40.7,0.208,0.21,0,0.06,0.267,0.61,0,0.524,0.483,2.03,0,1,0.123,-0.97,1,0,0.27,0,0,0,0.238,0.4,0,0.262,0.27,0.4,0,0.423
94996,20131016,-96.85,40.7,0.212,0.23,0,0.065,0.262,0.52,0,0.381,0.477,1.96,0,1,0.123,-0.96,1,0,0.27,0,0,0,0.237,0.36,0,0.119,0.269,0.37,0,0.28
94996,20131017,-96.85,40.7,0.215,0.24,0,0.065,0.258,0.46,0,0.238,0.471,1.9,0,1,0.123,-0.96,1,0,0.27,0,0,0,0.237,0.34,0,0,0.267,0.34,0,0.137
94996,20131018,-96.85,40.7,0.219,0.26,0,0.065,0.255,0.43,0,0.095,0.465,1.84,0,1,0.123,-0.95,1,0,0.27,-0.01,0,0,0.237,0.33,0,0,0.266,0.32,0,0
94996,20131019,-96.85,40.7,0.223,0.28,0,0.065,0.254,0.41,0,0,0.459,1.77,0,1,0.123,-0.94,1,0,0.27,-0.01,0,0,0.239,0.33,0,0,0.266,0.31,0,0
94996,20131020,-96.85,40.7,0.228,0.3,0,0.065,0.253,0.4,0,0,0.453,1.72,0,1,0.123,-0.93,1,0,0.27,-0.01,0,0,0.241,0.33,0,0,0.265,0.3,0,0
94996,20131021,-96.85,40.7,0.233,0.33,0,0.065,0.253,0.39,0,0,0.449,1.67,0,1,0.122,-0.92,1,0,0.27,-0.02,0,0,0.243,0.34,0,0,0.265,0.3,0,0
94996,20131022,-96.85,40.7,0.229,0.29,0,0.006,0.253,0.38,0,0,0.446,1.63,0,1,0.122,-0.92,1,0,0.269,-0.02,0,0,0.241,0.32,0,0,0.264,0.28,0,0
94996,20131023,-96.85,40.7,0.219,0.22,0,0,0.252,0.36,0,0,0.442,1.59,0,1,0.122,-0.91,1,0,0.269,-0.03,0,0,0.236,0.28,0,0,0.261,0.26,0,0
94996,20131024,-96.85,40.7,0.211,0.16,0,0,0.25,0.34,0,0,0.438,1.56,0,1,0.122,-0.91,1,0,0.269,-0.03,0,0,0.23,0.24,0,0,0.258,0.23,0,0
94996,20131025,-96.85,40.7,0.204,0.1,0,0,0.247,0.3,0,0,0.434,1.52,0,1,0.122,-0.91,1,0,0.269,-0.03,0,0,0.225,0.2,0,0,0.255,0.21,0,0
94996,20131026,-96.85,40.7,0.197,0.05,0,0,0.244,0.27,0,0,0.43,1.49,0,1,0.121,-0.91,1,0,0.269,-0.04,0,0,0.22,0.16,0,0,0.252,0.18,0,0
94996,20131027,-96.85,40.7,0.191,0,0,0,0.24,0.23,0,0,0.426,1.47,0,1,0.121,-0.91,1,0,0.269,-0.04,0,0,0.216,0.12,0,0,0.25,0.16,0,0
94996,20131028,-96.85,40.7,0.185,-0.04,0,0,0.237,0.2,0,0,0.422,1.44,0,1,0.121,-0.91,1,0,0.269,-0.04,0,0,0.211,0.08,0,0,0.247,0.14,0,0
94996,20131029,-96.85,40.7,0.18,-0.09,0,0,0.234,0.16,0,0,0.418,1.42,0,1,0.121,-0.91,1,0,0.268,-0.04,0,0,0.207,0.04,0,0,0.244,0.11,0,0
94996,20131030,-96.85,40.7,0.176,-0.13,0,0,0.23,0.13,0,0,0.415,1.4,0,1,0.121,-0.91,1,0,0.268,-0.03,0,0,0.203,0.01,0,0,0.242,0.08,0,0
94996,20131031,-96.85,40.7,0.174,-0.16,0,0,0.228,0.11,0,0,0.412,1.39,0,1,0.121,-0.9,1,0,0.268,-0.03,0,0,0.201,-0.01,0,0,0.241,0.06,0,0
94996,20131101,-96.85,40.7,0.173,-0.18,0,0,0.225,0.08,0,0,0.41,1.37,0,1,0.121,-0.9,1,0,0.268,-0.03,0,0,0.199,-0.03,0,0,0.239,0.05,0,0
94996,20131102,-96.85,40.7,0.172,-0.2,0,0,0.223,0.06,0,0,0.408,1.36,0,1,0.121,-0.9,1,0,0.268,-0.03,0,0,0.198,-0.05,0,0,0.238,0.03,0,0
94996,20131103,-96.85,40.7,0.172,-0.22,0,0,0.221,0.03,0,0,0.405,1.34,0,1,0.121,-0.9,1,0,0.268,-0.03,0,0,0.196,-0.08,0,0,0.237,0.01,0,0
94996,20131104,-96.85,40.7,0.171,-0.24,0,0,0.219,0.01,0,0,0.403,1.33,0,1,0.121,-0.9,1,0,0.268,-0.03,0,0,0.195,-0.11,0,0,0.236,0,0,0
94996,20131105,-96.85,40.7,0.171,-0.25,0.006,0,0.218,-0.02,0,0,0.402,1.31,0,1,0.121,-0.9,1,0,0.268,-0.03,0,0,0.194,-0.14,0.006,0,0.236,-0.01,0,0
94996,20131106,-96.85,40.7,0.189,-0.14,0.006,0.119,0.231,0.06,0,0.107,0.409,1.35,0,1,0.121,-0.9,1,0,0.268,-0.03,0,0,0.21,-0.05,0.006,0.113,0.243,0.04,0,0.113
94996,20131107,-96.85,40.7,0.205,-0.04,0.006,0.262,0.246,0.15,0,0.25,0.421,1.42,0,1,0.121,-0.9,1,0,0.268,-0.03,0,0,0.225,0.03,0.006,0.256,0.252,0.11,0,0.256
94996,20131108,-96.85,40.7,0.218,0.05,0.006,0.405,0.259,0.23,0,0.393,0.431,1.47,0,1,0.121,-0.9,1,0,0.267,-0.03,0,0,0.239,0.11,0.006,0.399,0.259,0.16,0,0.399
94996,20131109,-96.85,40.7,0.232,0.12,0.006,0.429,0.273,0.3,0,0.536,0.442,1.53,0,1,0.121,-0.9,1,0,0.267,-0.03,0,0,0.252,0.17,0.006,0.536,0.267,0.22,0,0.542
94996,20131110,-96.85,40.7,0.245,0.2,0.006,0.429,0.286,0.36,0,0.679,0.453,1.58,0,1,0.121,-0.9,1,0,0.267,-0.03,0,0,0.265,0.24,0.006,0.577,0.274,0.27,0,0.685
94996,20131111,-96.85,40.7,0.257,0.27,0.006,0.429,0.299,0.42,0,0.81,0.463,1.64,0,1,0.12,-0.91,1,0,0.267,-0.03,0,0,0.278,0.31,0.006,0.577,0.281,0.31,0,0.798
94996,20131112,-96.85,40.7,0.269,0.34,0,0.429,0.312,0.47,0,0.875,0.473,1.7,0,1,0.12,-0.91,1,0,0.267,-0.03,0,0,0.29,0.38,0,0.577,0.288,0.36,0,0.839
94996,20131113,-96.85,40.7,0.262,0.27,0,0.31,0.308,0.41,0,0.768,0.473,1.68,0,1,0.12,-0.91,1,0,0.267,-0.03,0,0,0.285,0.32,0,0.464,0.286,0.32,0,0.726
94996,20131114,-96.85,40.7,0.256,0.21,0,0.167,0.304,0.34,0,0.631,0.467,1.64,0,1,0.12,-0.92,1,0,0.267,-0.03,0,0,0.28,0.27,0,0.321,0.283,0.28,0,0.583
94996,20131115,-96.85,40.7,0.251,0.17,0,0.024,0.3,0.28,0,0.488,0.463,1.61,0,1,0.12,-0.92,1,0,0.267,-0.03,0,0,0.276,0.23,0,0.179,0.28,0.25,0,0.44
94996,20131116,-96.85,40.7,0.248,0.13,0,0,0.298,0.23,0,0.345,0.459,1.61,0,1,0.12,-0.93,1,0,0.267,-0.03,0,0,0.273,0.19,0,0.042,0.278,0.22,0,0.298
94996,20131117,-96.85,40.7,0.245,0.1,0,0,0.296,0.19,0,0.202,0.457,1.62,0,1,0.119,-0.93,1,0,0.266,-0.03,0,0,0.27,0.17,0,0,0.277,0.2,0,0.155
94996,20131118,-96.85,40.7,0.243,0.07,0,0,0.294,0.17,0,0.071,0.456,1.64,0,1,0.119,-0.94,1,0,0.266,-0.03,0,0,0.268,0.14,0,0,0.276,0.18,0,0.042
94996,20131119,-96.85,40.7,0.24,0.05,0,0,0.292,0.15,0,0.006,0.454,1.65,0,1,0.119,-0.95,1,0,0.266,-0.03,0,0,0.266,0.12,0,0,0.274,0.16,0,0
94996,20131120,-96.85,40.7,0.239,0.03,0,0,0.292,0.14,0,0.006,0.454,1.68,0,1,0.119,-0.96,1,0,0.266,-0.03,0,0,0.265,0.11,0,0,0.274,0.15,0,0
94996,20131121,-96.85,40.7,0.237,0.01,0,0,0.291,0.13,0,0,0.455,1.71,0,1,0.119,-0.97,1,0,0.266,-0.03,0,0,0.264,0.09,0,0,0.273,0.13,0,0
94996,20131122,-96.85,40.7,0.234,-0.01,0,0,0.289,0.12,0,0,0.455,1.73,0,1,0.12,-0.98,1,0,0.266,-0.03,0,0,0.262,0.07,0,0,0.273,0.11,0,0
94996,20131123,-96.85,40.7,0.231,-0.04,0,0,0.287,0.1,0,0,0.453,1.73,0,1,0.12,-0.99,1,0,0.266,-0.03,0,0,0.259,0.05,0,0,0.271,0.09,0,0
94996,20131124,-96.85,40.7,0.228,-0.08,0,0,0.285,0.08,0,0,0.449,1.7,0,1,0.12,-1,1,0,0.266,-0.03,0,0,0.256,0.02,0,0,0.269,0.06,0,0
94996,20131125,-96.85,40.7,0.224,-0.12,0,0,0.283,0.07,0,0,0.445,1.67,0,1,0.119,-1.01,1,0,0.266,-0.03,0,0,0.253,-0.01,0,0,0.267,0.03,0,0
94996,20131126,-96.85,40.7,0.221,-0.15,0,0,0.281,0.05,0,0,0.441,1.63,0,1,0.119,-1.01,1,0,0.265,-0.03,0,0,0.251,-0.03,0,0,0.266,0.01,0,0
94996,20131127,-96.85,40.7,0.219,-0.19,0,0,0.28,0.03,0,0,0.437,1.6,0,1,0.119,-1.02,1,0,0.265,-0.03,0,0,0.249,-0.05,0,0,0.264,-0.02,0,0
94996,20131128,-96.85,40.7,0.215,-0.24,0.077,0,0.278,0.02,0,0,0.433,1.56,0,1,0.119,-1.03,1,0,0.265,-0.03,0,0,0.246,-0.07,0,0,0.262,-0.04,0,0
94996,20131129,-96.85,40.7,0.213,-0.28,0.131,0,0.277,0.01,0,0,0.429,1.52,0,1,0.118,-1.04,1,0,0.265,-0.03,0,0,0.245,-0.09,0.006,0,0.26,-0.06,0,0
94996,20131130,-96.85,40.7,0.209,-0.34,0.19,0,0.276,0,0,0,0.426,1.49,0,1,0.118,-1.04,1,0,0.264,-0.04,0,0,0.242,-0.12,0.042,0,0.259,-0.08,0,0
94996,20131201,-96.85,40.7,0.208,-0.37,0.232,0,0.275,0,0,0,0.425,1.48,0,1,0.118,-1.05,1,0,0.264,-0.04,0,0,0.242,-0.13,0.042,0,0.258,-0.09,0,0
94996,20131202,-96.85,40.7,0.209,-0.39,0.321,0,0.274,-0.01,0,0,0.424,1.47,0,1,0.118,-1.05,1,0,0.264,-0.05,0,0,0.241,-0.14,0.042,0,0.258,-0.09,0,0
94996,20131203,-96.85,40.7,0.208,-0.41,0.411,0,0.273,-0.02,0,0,0.425,1.46,0,1,0.117,-1.06,1,0,0.263,-0.05,0,0,0.241,-0.15,0.042,0,0.257,-0.1,0,0
94996,20131204,-96.85,40.7,0.208,-0.42,0.542,0,0.273,-0.02,0,0,0.425,1.45,0,1,0.117,-1.07,1,0,0.263,-0.06,0,0,0.241,-0.16,0.042,0,0.257,-0.1,0,0
94996,20131205,-96.85,40.7,0.208,-0.43,0.607,0,0.272,-0.03,0,0,0.426,1.44,0,1,0.117,-1.07,1,0,0.263,-0.06,0,0,0.24,-0.16,0.042,0,0.257,-0.1,0,0
94996,20131206,-96.85,40.7,0.206,-0.47,0.681,0,0.272,-0.03,0,0,0.425,1.42,0,1,0.118,-1.08,1,0,0.263,-0.07,0,0,0.239,-0.18,0.075,0,0.257,-0.11,0,0
94996,20131207,-96.85,40.7,0.208,-0.46,0.728,0,0.27,-0.04,0,0,0.424,1.39,0,1,0.117,-1.08,1,0,0.263,-0.07,0,0,0.24,-0.18,0.044,0,0.257,-0.1,0,0
94996,20131208,-96.85,40.7,,,,,0.27,-0.05,0,0,0.422,1.35,0,1,0.117,-1.09,1,0,0.262,-0.08,0,0,,,,,,,,
94996,20131209,-96.85,40.7,,,,,,,,,0.42,1.29,0,1,0.117,-1.1,1,0,0.262,-0.08,0,0,,,,,,,,
94996,20131210,-96.85,40.7,,,,,,,,,0.417,1.22,0,1,0.117,-1.11,1,0,0.262,-0.08,0,0,,,,,,,,
94996,20131211,-96.85,40.7,,,,,,,,,0.413,1.14,0,1,0.117,-1.11,1,0,0.261,-0.09,0,0,,,,,,,,
94996,20131212,-96.85,40.7,,,,,,,,,0.41,1.07,0,1,0.117,-1.12,1,0,0.261,-0.09,0,0,,,,,,,,
94996,20131213,-96.85,40.7,,,,,,,,,0.408,1.02,0,1,0.116,-1.13,1,0,0.261,-0.1,0,0,,,,,,,,
94996,20131214,-96.85,40.7,,,,,,,,,0.407,0.97,0,1,0.116,-1.14,1,0,0.261,-0.1,0,0,,,,,,,,
94996,20131215,-96.85,40.7,,,,,,,,,0.407,0.95,0,1,0.116,-1.14,1,0,0.26,-0.1,0,0,,,,,,,,
94996,20131216,-96.85,40.7,,,,,,,,,0.409,0.97,0,1,0.116,-1.14,1,0,0.26,-0.11,0,0,,,,,,,,
94996,20131217,-96.85,40.7,,,,,,,,,0.408,0.97,0,1,0.116,-1.15,1,0,0.26,-0.11,0,0,,,,,,,,
94996,20131218,-96.85,40.7,,,,,,,,,0.408,0.98,0,1,0.116,-1.15,1,0,0.26,-0.11,0,0,,,,,,,,
94996,20131219,-96.85,40.7,,,,,,,,,0.408,0.99,0,1,0.116,-1.14,1,0,0.259,-0.12,0,0,,,,,,,,
94996,20131220,-96.85,40.7,,,,,,,,,0.408,1.01,0,1,0.116,-1.14,1,0,0.259,-0.12,0,0,,,,,,,,
94996,20131221,-96.85,40.7,,,,,,,,,0.409,1.03,0,1,0.116,-1.14,1,0,0.259,-0.13,0,0,,,,,,,,
94996,20131222,-96.85,40.7,,,,,,,,,0.408,1.05,0,1,0.116,-1.14,1,0,0.259,-0.13,0,0,,,,,,,,
94996,20131223,-96.85,40.7,,,,,,,,,0.406,1.05,0,1,0.116,-1.15,1,0,0.259,-0.14,0,0,,,,,,,,
94996,20131224,-96.85,40.7,,,,,,,,,0.417,1.17,0,1,0.116,-1.16,1,0,0.258,-0.15,0,0,,,,,,,,
94996,20131225,-96.85,40.7,,,,,,,,,0.419,1.2,0,1,0.116,-1.17,1,0,0.258,-0.18,0,0,,,,,,,,
94996,20131226,-96.85,40.7,,,,,,,,,,,,,0.116,-1.18,1,0,0.258,-0.22,0,0,,,,,,,,
94996,20131227,-96.85,40.7,,,,,,,,,,,,,0.116,-1.19,1,0,0.258,-0.26,0,0,,,,,,,,
94996,20131228,-96.85,40.7,,,,,,,,,,,,,0.116,-1.2,1,0,0.258,-0.3,0,0,,,,,,,,
94996,20131229,-96.85,40.7,,,,,,,,,,,,,0.116,-1.21,1,0,0.258,-0.34,0,0,,,,,,,,
94996,20131230,-96.85,40.7,,,,,,,,,,,,,0.116,-1.21,1,0,0.258,-0.38,0,0,,,,,,,,
94996,20131231,-96.85,40.7,,,,,,,,,,,,,0.116,-1.22,1,0,0.257,-0.42,0.006,0,,,,,,,,
94996,20140101,-96.85,40.7,,,,,,,,,,,,,0.116,-1.22,1,0,0.257,-0.44,0.006,0,,,,,,,,
94996,20140102,-96.85,40.7,,,,,,,,,,,,,0.116,-1.23,1,0,0.257,-0.45,0.006,0,,,,,,,,
94996,20140103,-96.85,40.7,,,,,,,,,,,,,0.116,-1.24,1,0,0.257,-0.47,0.012,0,,,,,,,,
94996,20140104,-96.85,40.7,,,,,,,,,,,,,0.116,-1.25,1,0,0.257,-0.48,0.012,0,,,,,,,,
94996,20140105,-96.85,40.7,,,,,,,,,,,,,0.116,-1.25,1,0,0.257,-0.49,0.036,0,,,,,,,,
94996,20140106,-96.85,40.7,,,,,,,,,,,,,0.116,-1.26,1,0,0.257,-0.49,0.054,0,,,,,,,,
94996,20140107,-96.85,40.7,,,,,,,,,,,,,0.116,-1.26,1,0,0.257,-0.5,0.071,0,,,,,,,,
94996,20140108,-96.85,40.7,,,,,,,,,,,,,0.116,-1.27,1,0,0.256,-0.51,0.113,0,,,,,,,,
94996,20140109,-96.85,40.7,,,,,,,,,,,,,0.116,-1.28,1,0,0.256,-0.52,0.173,0,,,,,,,,
94996,20140110,-96.85,40.7,,,,,,,,,,,,,0.116,-1.3,1,0,0.256,-0.53,0.256,0,,,,,,,,
94996,20140111,-96.85,40.7,,,,,,,,,,,,,0.115,-1.33,1,0,0.256,-0.54,0.387,0,,,,,,,,
94996,20140112,-96.85,40.7,,,,,,,,,,,,,0.115,-1.37,1,0,0.256,-0.55,0.5,0,,,,,,,,
94996,20140113,-96.85,40.7,,,,,,,,,,,,,0.115,-1.42,1,0,0.256,-0.57,0.619,0,,,,,,,,
94996,20140114,-96.85,40.7,,,,,,,,,,,,,0.115,-1.48,1,0,0.256,-0.58,0.738,0,,,,,,,,
94996,20140115,-96.85,40.7,,,,,,,,,,,,,0.115,-1.53,1,0,0.256,-0.59,0.839,0,,,,,,,,
94996,20140116,-96.85,40.7,,,,,,,,,,,,,0.115,-1.59,1,0,0.255,-0.6,0.923,0,,,,,,,,
94996,20140117,-96.85,40.7,,,,,,,,,,,,,0.115,-1.64,1,0,0.255,-0.61,0.976,0,,,,,,,,
94996,20140118,-96.85,40.7,,,,,,,,,,,,,0.115,-1.7,1,0,0.255,-0.61,0.988,0,,,,,,,,
94996,20140119,-96.85,40.7,,,,,,,,,,,,,0.116,-1.74,1,0,0.255,-0.62,0.994,0,,,,,,,,
94996,20140120,-96.85,40.7,,,,,,,,,,,,,0.116,-1.78,1,0,0.255,-0.61,1,0,,,,,,,,
94996,20140121,-96.85,40.7,,,,,,,,,,,,,0.116,-1.82,1,0,0.255,-0.61,1,0,,,,,,,,
94996,20140122,-96.85,40.7,,,,,,,,,,,,,0.116,-1.86,1,0,0.255,-0.61,1,0,,,,,,,,
94996,20140123,-96.85,40.7,,,,,,,,,,,,,0.116,-1.9,1,0,0.255,-0.6,1,0,,,,,,,,
94996,20140124,-96.85,40.7,,,,,,,,,,,,,0.116,-1.94,1,0,0.255,-0.6,0.994,0,,,,,,,,
94996,20140125,-96.85,40.7,,,,,,,,,,,,,0.116,-1.99,1,0,0.255,-0.6,0.994,0,,,,,,,,
94996,20140126,-96.85,40.7,,,,,,,,,,,,,0.116,-2.05,1,0,0.255,-0.6,0.994,0,,,,,,,,
94996,20140127,-96.85,40.7,,,,,,,,,,,,,0.116,-2.13,1,0,0.255,-0.6,0.994,0,,,,,,,,
94996,20140128,-96.85,40.7,,,,,,,,,,,,,0.116,-2.2,1,0,0.255,-0.61,0.994,0,,,,,,,,
94996,20140129,-96.85,40.7,,,,,,,,,,,,,0.116,-2.27,1,0,0.255,-0.62,0.994,0,,,,,,,,
94996,20140130,-96.85,40.7,,,,,,,,,,,,,0.116,-2.35,1,0,0.255,-0.62,0.994,0,,,,,,,,
94996,20140131,-96.85,40.7,,,,,,,,,,,,,0.116,-2.41,1,0,0.254,-0.63,1,0,,,,,,,,
94996,20140201,-96.85,40.7,,,,,,,,,,,,,0.116,-2.46,1,0,0.254,-0.64,1,0,,,,,,,,
94996,20140202,-96.85,40.7,,,,,,,,,,,,,0.116,-2.51,1,0,0.254,-0.65,1,0,,,,,,,,
94996,20140203,-96.85,40.7,,,,,,,,,,,,,0.116,-2.54,1,0,0.254,-0.66,1,0,,,,,,,,
94996,20140204,-96.85,40.7,,,,,,,,,,,,,0.116,-2.57,1,0,0.254,-0.68,1,0,,,,,,,,
94996,20140205,-96.85,40.7,,,,,,,,,,,,,0.116,-2.61,1,0,0.254,-0.7,1,0,,,,,,,,
94996,20140206,-96.85,40.7,,,,,,,,,,,,,0.116,-2.66,1,0,0.254,-0.72,1,0,,,,,,,,
94996,20140207,-96.85,40.7,,,,,,,,,,,,,0.116,-2.72,1,0,0.254,-0.74,1,0,,,,,,,,
94996,20140208,-96.85,40.7,,,,,,,,,,,,,0.116,-2.8,1,0,0.254,-0.75,1,0,,,,,,,,
94996,20140209,-96.85,40.7,,,,,,,,,,,,,0.116,-2.88,1,0,0.254,-0.76,1,0,,,,,,,,
94996,20140210,-96.85,40.7,,,,,,,,,,,,,0.116,-2.96,1,0,0.254,-0.76,1,0,,,,,,,,
94996,20140211,-96.85,40.7,,,,,,,,,,,,,0.116,-3.04,1,0,0.253,-0.75,1,0,,,,,,,,
94996,20140212,-96.85,40.7,,,,,,,,,,,,,0.116,-3.11,1,0,0.253,-0.75,1,0,,,,,,,,
94996,20140213,-96.85,40.7,,,,,,,,,,,,,0.116,-3.17,1,0,0.253,-0.75,1,0,,,,,,,,
94996,20140214,-96.85,40.7,,,,,,,,,,,,,0.115,-3.21,1,0,0.253,-0.75,1,0,,,,,,,,
94996,20140215,-96.85,40.7,,,,,,,,,,,,,0.115,-3.24,1,0,0.253,-0.75,1,0,,,,,,,,
94996,20140216,-96.85,40.7,,,,,,,,,,,,,0.115,-3.26,1,0,0.253,-0.76,1,0,,,,,,,,
94996,20140217,-96.85,40.7,,,,,,,,,,,,,0.116,-3.28,1,0,0.253,-0.78,1,0,,,,,,,,
94996,20140218,-96.85,40.7,,,,,,,,,,,,,0.116,-3.28,1,0,0.253,-0.8,1,0,,,,,,,,
94996,20140219,-96.85,40.7,,,,,,,,,,,,,0.116,-3.26,1,0,0.253,-0.83,1,0,,,,,,,,
94996,20140220,-96.85,40.7,,,,,,,,,,,,,0.116,-3.23,1,0,0.253,-0.85,1,0,,,,,,,,
94996,20140221,-96.85,40.7,,,,,,,,,,,,,0.116,-3.2,1,0,0.253,-0.88,1,0,,,,,,,,
94996,20140222,-96.85,40.7,,,,,,,,,,,,,0.116,-3.16,1,0,0.253,-0.91,1,0,,,,,,,,
94996,20140223,-96.85,40.7,,,,,,,,,,,,,0.116,-3.12,1,0,0.253,-0.93,1,0,,,,,,,,
94996,20140224,-96.85,40.7,,,,,,,,,,,,,0.116,-3.09,1,0,0.253,-0.95,1,0,,,,,,,,
94996,20140225,-96.85,40.7,,,,,,,,,,,,,0.116,-3.06,1,0,0.253,-0.97,1,0,,,,,,,,
94996,20140226,-96.85,40.7,,,,,,,,,,,,,0.116,-3.05,1,0,0.253,-0.99,1,0,,,,,,,,
94996,20140227,-96.85,40.7,,,,,,,,,,,,,0.116,-3.05,1,0,0.253,-1.01,1,0,,,,,,,,
94996,20140228,-96.85,40.7,,,,,,,,,,,,,0.116,-3.05,1,0,0.253,-1.03,1,0,,,,,,,,
94996,20140301,-96.85,40.7,,,,,,,,,,,,,0.116,-3.06,1,0,0.253,-1.06,1,0,,,,,,,,
94996,20140302,-96.85,40.7,,,,,,,,,,,,,0.116,-3.07,1,0,0.254,-1.09,1,0,,,,,,,,
94996,20140303,-96.85,40.7,,,,,,,,,,,,,0.116,-3.08,1,0,0.254,-1.11,1,0,,,,,,,,
94996,20140304,-96.85,40.7,,,,,,,,,,,,,0.116,-3.09,1,0,0.254,-1.14,1,0,,,,,,,,
94996,20140305,-96.85,40.7,,,,,,,,,,,,,0.116,-3.1,1,0,0.254,-1.16,1,0,,,,,,,,
94996,20140306,-96.85,40.7,,,,,,,,,,,,,0.116,-3.11,1,0,0.254,-1.19,1,0,,,,,,,,
94996,20140307,-96.85,40.7,,,,,,,,,,,,,0.116,-3.1,1,0,0.254,-1.21,1,0,,,,,,,,
94996,20140308,-96.85,40.7,,,,,,,,,,,,,0.116,-3.08,1,0,0.254,-1.22,1,0,,,,,,,,
94996,20140309,-96.85,40.7,,,,,,,,,,,,,0.116,-3.05,1,0,0.254,-1.22,1,0,,,,,,,,
94996,20140310,-96.85,40.7,,,,,,,,,,,,,0.116,-2.99,1,0,0.254,-1.22,1,0,,,,,,,,
94996,20140311,-96.85,40.7,,,,,,,,,,,,,0.116,-2.92,1,0,0.254,-1.22,1,0,,,,,,,,
94996,20140312,-96.85,40.7,,,,,,,,,,,,,0.116,-2.85,1,0,0.253,-1.21,1,0,,,,,,,,
94996,20140313,-96.85,40.7,,,,,,,,,,,,,0.116,-2.79,1,0,0.253,-1.2,1,0,,,,,,,,
94996,20140314,-96.85,40.7,,,,,,,,,,,,,0.116,-2.71,1,0,0.253,-1.18,1,0,,,,,,,,
94996,20140315,-96.85,40.7,,,,,,,,,,,,,0.117,-2.62,1,0,0.254,-1.17,1,0,,,,,,,,
94996,20140316,-96.85,40.7,0.264,-0.76,0.971,0,,,,,,,,,0.117,-2.53,1,0,0.254,-1.15,1,0,,,,,,,,
94996,20140317,-96.85,40.7,0.262,-0.79,0.976,0,0.305,-0.74,1,0,0.456,1.49,0,1,0.117,-2.46,1,0,0.254,-1.13,1,0,0.284,-0.81,1,0,0.279,-0.77,1,0
94996,20140318,-96.85,40.7,0.26,-0.84,1,0,0.305,-0.75,1,0,0.451,1.42,0,1,0.118,-2.39,1,0,0.254,-1.11,1,0,0.282,-0.85,1,0,0.278,-0.78,1,0
94996,20140319,-96.85,40.7,0.258,-0.86,1,0,0.304,-0.77,1,0,0.442,1.29,0,1,0.118,-2.33,1,0,0.255,-1.09,1,0,0.281,-0.87,1,0,0.275,-0.81,1,0
94996,20140320,-96.85,40.7,0.256,-0.89,1,0,0.302,-0.8,1,0,0.437,1.19,0,1,0.118,-2.28,1,0,0.255,-1.07,1,0,0.279,-0.9,1,0,0.274,-0.82,1,0
94996,20140321,-96.85,40.7,0.253,-0.91,1,0,0.3,-0.83,1,0,0.438,1.18,0,1,0.119,-2.24,1,0,0.256,-1.06,1,0,0.276,-0.94,1,0,0.273,-0.81,1,0
94996,20140322,-96.85,40.7,0.25,-0.94,1,0,0.298,-0.87,1,0,0.439,1.16,0,1,0.119,-2.22,1,0,0.256,-1.04,1,0,0.274,-0.97,1,0,0.272,-0.8,1,0
94996,20140323,-96.85,40.7,0.247,-0.97,1,0,0.296,-0.91,1,0,0.438,1.13,0,1,0.119,-2.22,1,0,0.257,-1.03,1,0,0.271,-1,1,0,0.271,-0.8,1,0
94996,20140324,-96.85,40.7,0.244,-0.98,1,0,0.294,-0.95,1,0,0.437,1.1,0,1,0.119,-2.23,1,0,0.257,-1.02,1,0,0.269,-1.03,1,0,0.27,-0.81,1,0
94996,20140325,-96.85,40.7,0.241,-1,1,0,0.291,-0.98,1,0,0.437,1.09,0,1,0.12,-2.23,1,0,0.257,-1.02,1,0,0.266,-1.04,1,0,0.269,-0.82,1,0
94996,20140326,-96.85,40.7,0.238,-1.01,1,0,0.289,-1.01,1,0,0.436,1.07,0,1,0.12,-2.23,1,0,0.257,-1.01,1,0,0.264,-1.06,1,0,0.268,-0.83,1,0
94996,20140327,-96.85,40.7,0.236,-1.02,1,0,0.288,-1.04,1,0,0.435,1.06,0,1,0.12,-2.23,1,0,0.258,-1.01,1,0,0.262,-1.07,1,0,0.267,-0.84,1,0
94996,20140328,-96.85,40.7,0.233,-1.04,1,0,0.286,-1.07,1,0,0.433,1.04,0,1,0.12,-2.23,1,0,0.258,-1.01,1,0,0.26,-1.08,1,0,0.266,-0.86,1,0
94996,20140329,-96.85,40.7,0.231,-1.05,1,0,0.285,-1.09,1,0,0.431,1.02,0,1,0.12,-2.24,1,0,0.258,-1.02,1,0,0.258,-1.09,1,0,0.265,-0.87,1,0
94996,20140330,-96.85,40.7,0.23,-1.03,1,0,0.284,-1.11,1,0,0.431,1.01,0,1,0.12,-2.24,1,0,0.258,-1.04,1,0,0.257,-1.08,1,0,0.265,-0.87,1,0
94996,20140331,-96.85,40.7,0.229,-1.01,1,0,0.283,-1.1,1,0,0.433,1.03,0,1,0.12,-2.24,1,0,0.258,-1.05,1,0,0.256,-1.06,1,0,0.265,-0.87,1,0
94996,20140401,-96.85,40.7,0.227,-1,1,0,0.283,-1.09,1,0,0.436,1.07,0,1,0.12,-2.24,1,0,0.259,-1.07,1,0,0.255,-1.03,1,0,0.265,-0.86,1,0
94996,20140402,-96.85,40.7,0.225,-0.98,1,0,0.282,-1.08,1,0,0.437,1.09,0,1,0.12,-2.24,1,0,0.259,-1.08,1,0,0.254,-1.01,1,0,0.265,-0.87,1,0
94996,20140403,-96.85,40.7,0.222,-0.96,1,0,0.281,-1.09,1,0,0.439,1.11,0,1,0.121,-2.23,1,0,0.259,-1.1,1,0,0.252,-0.99,1,0,0.264,-0.87,1,0
94996,20140404,-96.85,40.7,0.222,-0.92,0.976,0,0.28,-1.08,1,0,0.439,1.11,0,1,0.121,-2.22,1,0,0.26,-1.11,1,0,0.251,-0.96,0.994,0,0.264,-0.88,1,0
94996,20140405,-96.85,40.7,0.227,-0.81,0.833,0,0.282,-1.02,1,0,0.44,1.13,0,1,0.121,-2.21,1,0,0.26,-1.12,1,0,0.254,-0.87,0.94,0,0.266,-0.85,1,0
94996,20140406,-96.85,40.7,0.231,-0.71,0.69,0,0.283,-0.96,1,0,0.441,1.14,0,1,0.121,-2.2,1,0,0.26,-1.13,1,0,0.257,-0.78,0.887,0,0.267,-0.83,1,0
94996,20140407,-96.85,40.7,0.234,-0.63,0.548,0,0.285,-0.9,1,0,0.442,1.15,0,1,0.121,-2.19,1,0,0.26,-1.13,1,0,0.259,-0.71,0.875,0,0.268,-0.81,1,0
94996,20140408,-96.85,40.7,0.237,-0.56,0.411,0,0.286,-0.86,1,0,0.442,1.16,0,1,0.121,-2.18,1,0,0.26,-1.14,1,0,0.262,-0.65,0.875,0,0.269,-0.8,1,0
94996,20140409,-96.85,40.7,0.24,-0.5,0.405,0,0.287,-0.82,1,0,0.444,1.18,0,1,0.121,-2.16,1,0,0.26,-1.14,1,0,0.264,-0.59,0.875,0,0.271,-0.78,1,0
94996,20140410,-96.85,40.7,0.242,-0.46,0.405,0,0.288,-0.77,1,0,0.446,1.21,0,1,0.122,-2.14,1,0,0.261,-1.15,1,0,0.265,-0.55,0.875,0,0.272,-0.76,1,0
94996,20140411,-96.85,40.7,0.241,-0.46,0.429,0,0.288,-0.75,1,0,0.449,1.25,0,1,0.122,-2.13,1,0,0.261,-1.15,1,0,0.265,-0.54,0.881,0,0.272,-0.75,1,0
94996,20140412,-96.85,40.7,0.234,-0.54,0.571,0,0.285,-0.78,1,0,0.451,1.29,0,1,0.122,-2.11,1,0,0.261,-1.16,1,0,0.259,-0.6,0.935,0,0.271,-0.78,1,0
94996,20140413,-96.85,40.7,0.225,-0.62,0.714,0,0.282,-0.82,1,0,0.454,1.32,0,1,0.123,-2.08,1,0,0.261,-1.16,1,0,0.254,-0.67,0.988,0,0.269,-0.8,1,0
94996,20140414,-96.85,40.7,0.231,-0.55,0.744,0.042,0.288,-0.69,0.887,0.101,0.463,1.42,0,1,0.123,-2.05,1,0,0.261,-1.16,1,0,0.26,-0.57,0.887,0.089,0.273,-0.73,0.887,0
94996,20140415,-96.85,40.7,0.238,-0.46,0.738,0.042,0.296,-0.55,0.744,0.131,0.469,1.48,0,1,0.123,-2.01,1,0,0.262,-1.17,1,0,0.267,-0.47,0.744,0.089,0.278,-0.65,0.744,0
94996,20140416,-96.85,40.7,0.245,-0.38,0.601,0.042,0.302,-0.42,0.601,0.131,0.474,1.53,0,1,0.123,-1.97,1,0,0.262,-1.17,1,0,0.274,-0.36,0.601,0.089,0.281,-0.59,0.601,0
94996,20140417,-96.85,40.7,0.251,-0.3,0.458,0.042,0.308,-0.3,0.458,0.131,0.479,1.57,0,1,0.123,-1.93,1,0,0.262,-1.17,1,0,0.28,-0.27,0.458,0.089,0.285,-0.52,0.458,0
94996,20140418,-96.85,40.7,0.257,-0.22,0.315,0.042,0.314,-0.19,0.315,0.131,0.482,1.59,0,1,0.124,-1.89,1,0,0.263,-1.18,1,0,0.285,-0.17,0.315,0.089,0.288,-0.46,0.333,0
94996,20140419,-96.85,40.7,0.264,-0.13,0.173,0.042,0.319,-0.08,0.173,0.131,0.485,1.61,0,1,0.124,-1.85,1,0,0.263,-1.18,1,0,0.291,-0.08,0.173,0.089,0.291,-0.4,0.31,0
94996,20140420,-96.85,40.7,0.27,-0.06,0.03,0.042,0.324,0.02,0.03,0.131,0.488,1.62,0,1,0.125,-1.82,1,0,0.263,-1.18,1,0,0.297,0.01,0.03,0.089,0.294,-0.35,0.298,0
94996,20140421,-96.85,40.7,0.266,-0.1,0,0,0.32,-0.04,0,0.03,0.485,1.57,0,1,0.126,-1.79,1,0,0.264,-1.17,1,0,0.293,-0.04,0,0,0.292,-0.38,0.327,0
94996,20140422,-96.85,40.7,0.262,-0.14,0,0,0.315,-0.11,0,0,0.484,1.54,0,1,0.127,-1.75,1,0,0.264,-1.17,1,0,0.289,-0.08,0,0,0.29,-0.41,0.339,0
94996,20140423,-96.85,40.7,0.257,-0.19,0,0,0.31,-0.17,0,0,0.484,1.52,0,1,0.128,-1.72,1,0,0.264,-1.16,1,0,0.284,-0.14,0,0,0.289,-0.43,0.476,0
94996,20140424,-96.85,40.7,0.254,-0.22,0,0.006,0.307,-0.22,0,0,0.483,1.5,0,1,0.129,-1.68,1,0,0.264,-1.16,1,0,0.28,-0.18,0,0.006,0.287,-0.45,0.595,0
94996,20140425,-96.85,40.7,0.26,-0.16,0,0.03,0.31,-0.16,0,0.06,0.487,1.53,0,1,0.13,-1.65,1,0,0.264,-1.15,1,0,0.285,-0.12,0,0.065,0.29,-0.41,0.577,0
94996,20140426,-96.85,40.7,0.264,-0.12,0,0.03,0.312,-0.12,0,0.06,0.491,1.55,0,1,0.131,-1.63,1,0,0.265,-1.13,1,0,0.288,-0.08,0,0.065,0.292,-0.38,0.458,0
94996,20140427,-96.85,40.7,0.267,-0.09,0,0.03,0.313,-0.1,0,0.06,0.494,1.57,0,1,0.131,-1.61,1,0,0.265,-1.12,1,0,0.29,-0.05,0,0.065,0.294,-0.36,0.327,0
94996,20140428,-96.85,40.7,0.275,-0.01,0,0.137,0.321,0.02,0,0.196,0.502,1.65,0,1,0.132,-1.59,1,0,0.265,-1.09,1,0,0.298,0.05,0,0.202,0.299,-0.28,0.268,0.018
94996,20140429,-96.85,40.7,0.281,0.04,0,0.167,0.328,0.12,0,0.333,0.508,1.7,0,1,0.134,-1.57,1,0,0.265,-1.07,1,0,0.304,0.12,0,0.262,0.303,-0.22,0.256,0.018
94996,20140430,-96.85,40.7,0.291,0.14,0,0.232,0.337,0.25,0,0.476,0.516,1.77,0,1,0.135,-1.55,1,0,0.266,-1.04,1,0,0.314,0.23,0,0.387,0.309,-0.13,0.119,0.018
94996,20140501,-96.85,40.7,0.298,0.2,0,0.226,0.344,0.35,0,0.607,0.521,1.81,0,1,0.137,-1.54,1,0,0.266,-1.01,1,0,0.321,0.31,0,0.393,0.313,-0.07,0,0.018
94996,20140502,-96.85,40.7,0.295,0.18,0,0.202,0.345,0.35,0,0.583,0.52,1.79,0,1,0.138,-1.52,1,0,0.266,-0.98,1,0,0.32,0.3,0,0.333,0.313,-0.07,0,0.018
94996,20140503,-96.85,40.7,0.294,0.17,0,0.202,0.346,0.37,0,0.583,0.521,1.78,0,1,0.14,-1.51,1,0,0.266,-0.96,1,0,0.32,0.31,0,0.333,0.313,-0.06,0,0.018
94996,20140504,-96.85,40.7,0.293,0.17,0,0.202,0.347,0.39,0,0.583,0.521,1.78,0,1,0.141,-1.49,1,0,0.266,-0.94,1,0,0.32,0.32,0,0.333,0.314,-0.05,0,0.018
94996,20140505,-96.85,40.7,0.28,0.05,0.048,0.095,0.34,0.3,0,0.446,0.514,1.69,0,1,0.142,-1.48,1,0,0.266,-0.92,1,0,0.31,0.21,0,0.196,0.308,-0.12,0,0
94996,20140506,-96.85,40.7,0.266,-0.07,0.19,0.065,0.333,0.22,0,0.31,0.508,1.61,0,1,0.142,-1.48,1,0,0.266,-0.91,1,0,0.299,0.11,0,0.137,0.303,-0.18,0,0
94996,20140507,-96.85,40.7,0.249,-0.22,0.333,0,0.322,0.11,0,0.167,0.501,1.52,0,1,0.142,-1.48,1,0,0.266,-0.9,1,0,0.286,-0.02,0.042,0.012,0.296,-0.26,0.071,0
94996,20140508,-96.85,40.7,0.235,-0.34,0.476,0,0.312,0,0,0.036,0.498,1.46,0,1,0.142,-1.49,1,0,0.267,-0.88,1,0,0.273,-0.15,0.155,0,0.291,-0.33,0.185,0
94996,20140509,-96.85,40.7,0.225,-0.43,0.619,0,0.301,-0.11,0,0,0.495,1.41,0,1,0.142,-1.48,1,0,0.267,-0.86,1,0,0.263,-0.24,0.214,0,0.286,-0.38,0.244,0
94996,20140510,-96.85,40.7,0.214,-0.52,0.762,0,0.291,-0.21,0.077,0,0.491,1.34,0,1,0.142,-1.48,1,0,0.267,-0.84,1,0,0.253,-0.34,0.357,0,0.281,-0.43,0.381,0
94996,20140511,-96.85,40.7,0.206,-0.59,0.893,0,0.28,-0.31,0.22,0,0.487,1.26,0,1,0.142,-1.48,1,0,0.267,-0.83,1,0,0.243,-0.43,0.488,0,0.276,-0.48,0.512,0
94996,20140512,-96.85,40.7,0.221,-0.47,0.845,0.071,0.285,-0.27,0.232,0.071,0.487,1.22,0,1,0.142,-1.48,1,0,0.268,-0.81,1,0,0.253,-0.35,0.488,0.071,0.28,-0.43,0.512,0
94996,20140513,-96.85,40.7,0.236,-0.34,0.702,0.119,0.294,-0.19,0.232,0.214,0.495,1.25,0,1,0.143,-1.46,1,0,0.269,-0.8,1,0,0.265,-0.24,0.488,0.173,0.287,-0.35,0.512,0
94996,20140514,-96.85,40.7,0.251,-0.23,0.56,0.119,0.303,-0.11,0.232,0.262,0.501,1.25,0,1,0.143,-1.45,1,0,0.27,-0.78,1,0,0.277,-0.14,0.446,0.173,0.294,-0.29,0.44,0
94996,20140515,-96.85,40.7,0.262,-0.13,0.417,0.119,0.312,-0.03,0.232,0.262,0.505,1.25,0,1,0.143,-1.44,1,0,0.272,-0.77,1,0,0.287,-0.06,0.333,0.173,0.299,-0.23,0.327,0
94996,20140516,-96.85,40.7,0.268,-0.08,0.274,0.119,0.321,0.05,0.232,0.262,0.508,1.24,0,1,0.144,-1.42,1,0,0.275,-0.75,1,0,0.295,0.01,0.274,0.173,0.303,-0.19,0.268,0
94996,20140517,-96.85,40.7,0.276,-0.02,0.131,0.119,0.33,0.13,0.155,0.262,0.511,1.23,0,1,0.144,-1.4,1,0,0.277,-0.73,1,0,0.303,0.08,0.131,0.173,0.307,-0.15,0.131,0
94996,20140518,-96.85,40.7,0.282,0.03,0.018,0.119,0.339,0.21,0.012,0.262,0.514,1.22,0,1,0.144,-1.38,1,0,0.279,-0.71,1,0,0.31,0.14,0,0.173,0.312,-0.11,0,0
94996,20140519,-96.85,40.7,0.265,-0.09,0.161,0.048,0.332,0.16,0,0.19,0.513,1.19,0,1,0.144,-1.35,1,0,0.281,-0.68,1,0,0.298,0.04,0,0.101,0.307,-0.16,0,0
94996,20140520,-96.85,40.7,0.247,-0.23,0.304,0,0.32,0.06,0,0.048,0.505,1.1,0,1,0.144,-1.34,1,0,0.282,-0.65,1,0,0.284,-0.08,0.042,0,0.3,-0.23,0,0
94996,20140521,-96.85,40.7,0.231,-0.34,0.446,0,0.309,-0.03,0,0,0.499,1.05,0,1,0.143,-1.32,1,0,0.283,-0.63,1,0,0.27,-0.19,0.185,0,0.293,-0.29,0,0
94996,20140522,-96.85,40.7,0.216,-0.45,0.589,0,0.297,-0.12,0.065,0,0.494,1,0,1,0.143,-1.31,1,0,0.284,-0.61,1,0,0.257,-0.29,0.327,0,0.287,-0.34,0.083,0
94996,20140523,-96.85,40.7,0.204,-0.54,0.732,0,0.286,-0.21,0.208,0,0.49,0.95,0,1,0.143,-1.3,1,0,0.284,-0.59,1,0,0.245,-0.38,0.47,0,0.281,-0.38,0.131,0
94996,20140524,-96.85,40.7,0.193,-0.62,0.875,0,0.276,-0.29,0.351,0,0.487,0.92,0,1,0.143,-1.29,1,0,0.284,-0.57,1,0,0.234,-0.46,0.613,0,0.277,-0.41,0.202,0
94996,20140525,-96.85,40.7,0.184,-0.69,1,0,0.266,-0.36,0.494,0,0.484,0.89,0,1,0.143,-1.28,1,0,0.285,-0.55,1,0,0.225,-0.53,0.756,0,0.272,-0.43,0.238,0
94996,20140526,-96.85,40.7,0.189,-0.65,0.929,0.03,0.262,-0.38,0.577,0,0.481,0.86,0,1,0.143,-1.28,1,0,0.285,-0.54,1,0,0.226,-0.52,0.827,0,0.272,-0.42,0.25,0
94996,20140527,-96.85,40.7,0.204,-0.55,0.786,0.03,0.269,-0.32,0.577,0,0.482,0.85,0,1,0.143,-1.27,1,0,0.285,-0.54,1,0,0.236,-0.45,0.786,0,0.276,-0.36,0.25,0
94996,20140528,-96.85,40.7,0.215,-0.47,0.643,0.03,0.275,-0.27,0.577,0,0.482,0.84,0,1,0.142,-1.25,1,0,0.285,-0.53,1,0,0.245,-0.39,0.643,0,0.28,-0.32,0.25,0
94996,20140529,-96.85,40.7,0.223,-0.4,0.512,0.03,0.28,-0.23,0.512,0,0.483,0.84,0,1,0.142,-1.22,1,0,0.285,-0.53,1,0,0.252,-0.34,0.5,0,0.283,-0.28,0.167,0
94996,20140530,-96.85,40.7,0.228,-0.36,0.506,0.03,0.285,-0.19,0.369,0,0.483,0.84,0,1,0.142,-1.2,1,0,0.285,-0.53,1,0,0.256,-0.3,0.357,0,0.285,-0.25,0.119,0
94996,20140531,-96.85,40.7,0.231,-0.34,0.506,0.03,0.288,-0.16,0.226,0,0.483,0.83,0,1,0.142,-1.17,1,0,0.285,-0.52,1,0,0.26,-0.27,0.268,0,0.286,-0.22,0.048,0
94996,20140601,-96.85,40.7,0.232,-0.32,0.506,0.03,0.29,-0.14,0.083,0,0.481,0.82,0,1,0.142,-1.14,1,0,0.285,-0.52,1,0,0.261,-0.26,0.268,0,0.286,-0.21,0.012,0
94996,20140602,-96.85,40.7,0.231,-0.33,0.5,0.006,0.287,-0.15,0.006,0,0.479,0.8,0,1,0.142,-1.11,1,0,0.284,-0.51,1,0,0.259,-0.26,0.262,0,0.285,-0.22,0,0
94996,20140603,-96.85,40.7,0.229,-0.35,0.5,0.006,0.279,-0.22,0.006,0,0.472,0.76,0,1,0.142,-1.08,1,0,0.284,-0.51,1,0,0.254,-0.3,0.262,0,0.281,-0.24,0,0
94996,20140604,-96.85,40.7,0.234,-0.31,0.5,0.06,0.281,-0.2,0.006,0.06,0.464,0.7,0,0.994,0.141,-1.06,1,0,0.284,-0.5,0.988,0,0.257,-0.28,0.262,0.06,0.281,-0.24,0,0
94996,20140605,-96.85,40.7,0.247,-0.23,0.488,0.06,0.291,-0.13,0.006,0.161,0.454,0.64,0,0.952,0.142,-1.05,1,0,0.284,-0.49,0.935,0,0.269,-0.2,0.262,0.095,0.284,-0.22,0,0
94996,20140606,-96.85,40.7,0.26,-0.14,0.351,0.06,0.301,-0.06,0.006,0.161,0.452,0.61,0,0.887,0.142,-1.03,1,0,0.284,-0.48,0.827,0,0.281,-0.12,0.262,0.095,0.288,-0.18,0,0
94996,20140607,-96.85,40.7,0.275,-0.04,0.208,0.071,0.313,0.02,0.006,0.173,0.456,0.62,0,0.845,0.143,-1.01,1,0,0.284,-0.48,0.756,0,0.294,-0.03,0.208,0.107,0.294,-0.14,0,0.012
94996,20140608,-96.85,40.7,0.3,0.13,0.065,0.167,0.334,0.18,0.006,0.315,0.46,0.63,0,0.845,0.144,-0.99,1,0,0.282,-0.49,0.756,0,0.317,0.13,0.065,0.214,0.304,-0.05,0,0.03
94996,20140609,-96.85,40.7,0.31,0.2,0,0.161,0.349,0.28,0,0.363,0.464,0.65,0,0.821,0.145,-0.98,1,0,0.28,-0.49,0.756,0,0.33,0.21,0,0.214,0.31,0,0,0.03
94996,20140610,-96.85,40.7,0.314,0.23,0,0.161,0.36,0.36,0,0.363,0.477,0.73,0,0.804,0.146,-0.96,1,0,0.279,-0.5,0.756,0,0.337,0.27,0,0.214,0.315,0.05,0,0.03
94996,20140611,-96.85,40.7,0.312,0.23,0,0.107,0.363,0.38,0,0.304,0.489,0.79,0,0.786,0.146,-0.94,1,0,0.278,-0.5,0.744,0,0.337,0.27,0,0.155,0.318,0.08,0,0.03
94996,20140612,-96.85,40.7,0.305,0.19,0,0.107,0.357,0.35,0,0.202,0.506,0.89,0,0.827,0.147,-0.93,1,0,0.278,-0.49,0.708,0,0.331,0.24,0,0.119,0.318,0.1,0,0.03
94996,20140613,-96.85,40.7,0.297,0.16,0,0.107,0.352,0.32,0,0.202,0.516,0.95,0,0.893,0.147,-0.92,1,0,0.277,-0.49,0.69,0,0.325,0.21,0,0.119,0.318,0.1,0,0.03
94996,20140614,-96.85,40.7,0.288,0.11,0,0.095,0.345,0.28,0,0.19,0.518,0.97,0,0.935,0.147,-0.92,1,0,0.277,-0.48,0.625,0,0.316,0.17,0,0.107,0.315,0.09,0,0.018
94996,20140615,-96.85,40.7,0.269,0,0,0,0.328,0.17,0,0.048,0.521,1,0,0.935,0.146,-0.92,1,0,0.278,-0.46,0.494,0,0.299,0.06,0,0,0.308,0.05,0,0
94996,20140616,-96.85,40.7,0.263,-0.02,0,0,0.316,0.1,0,0,0.524,1.03,0,0.958,0.145,-0.92,1,0,0.279,-0.45,0.381,0,0.289,0.02,0,0,0.305,0.04,0,0
94996,20140617,-96.85,40.7,0.254,-0.05,0,0,0.305,0.03,0,0,0.519,1.01,0,0.976,0.145,-0.92,1,0,0.28,-0.43,0.263,0,0.28,-0.02,0,0,0.301,0.01,0,0
94996,20140618,-96.85,40.7,0.245,-0.09,0,0,0.294,-0.03,0,0,0.515,1.01,0,1,0.145,-0.93,1,0,0.28,-0.43,0.198,0,0.27,-0.07,0,0,0.296,-0.02,0,0
94996,20140619,-96.85,40.7,0.235,-0.14,0,0,0.284,-0.09,0,0,0.508,0.99,0,1,0.145,-0.92,1,0,0.281,-0.43,0.186,0,0.259,-0.12,0,0,0.29,-0.05,0,0
94996,20140620,-96.85,40.7,0.226,-0.18,0.108,0,0.274,-0.14,0,0,0.501,0.97,0,1,0.145,-0.92,1,0,0.281,-0.43,0.198,0,0.25,-0.16,0,0,0.285,-0.08,0,0
94996,20140621,-96.85,40.7,0.224,-0.18,0.21,0.018,0.268,-0.17,0,0,0.494,0.94,0,1,0.144,-0.92,1,0,0.281,-0.43,0.228,0,0.246,-0.17,0.024,0.012,0.282,-0.09,0,0
94996,20140622,-96.85,40.7,0.236,-0.09,0.21,0.102,0.274,-0.12,0,0.006,0.491,0.94,0,1,0.144,-0.91,1,0,0.281,-0.42,0.228,0,0.255,-0.09,0.024,0.072,0.285,-0.05,0,0
94996,20140623,-96.85,40.7,0.239,-0.06,0.21,0.102,0.28,-0.06,0,0.006,0.489,0.94,0,1,0.144,-0.9,1,0,0.281,-0.42,0.198,0,0.26,-0.04,0.024,0.072,0.287,-0.03,0,0
94996,20140624,-96.85,40.7,0.243,-0.03,0.208,0.101,0.284,-0.03,0,0.006,0.485,0.93,0,1,0.144,-0.9,1,0,0.281,-0.42,0.196,0,0.264,-0.01,0.024,0.071,0.287,-0.01,0,0
94996,20140625,-96.85,40.7,0.247,0,0.208,0.101,0.288,0,0,0.006,0.48,0.91,0,1,0.143,-0.89,1,0,0.281,-0.42,0.173,0,0.267,0.02,0.024,0.071,0.288,0.01,0,0
94996,20140626,-96.85,40.7,0.251,0.03,0.208,0.101,0.291,0.03,0,0.006,0.476,0.89,0,1,0.143,-0.89,1,0,0.281,-0.42,0.185,0,0.271,0.05,0.024,0.071,0.289,0.02,0,0
94996,20140627,-96.85,40.7,0.255,0.06,0.101,0.101,0.295,0.05,0,0.006,0.473,0.88,0,1,0.143,-0.88,1,0,0.281,-0.42,0.214,0,0.275,0.08,0.024,0.071,0.289,0.03,0,0
94996,20140628,-96.85,40.7,0.255,0.06,0,0.083,0.297,0.07,0,0.006,0.471,0.88,0,1,0.143,-0.88,1,0,0.282,-0.42,0.226,0,0.276,0.08,0,0.06,0.289,0.03,0,0
94996,20140629,-96.85,40.7,0.245,-0.02,0,0,0.287,-0.01,0,0,0.465,0.85,0,1,0.143,-0.87,1,0,0.282,-0.42,0.298,0,0.266,0.01,0,0,0.284,-0.01,0,0
94996,20140630,-96.85,40.7,0.235,-0.09,0,0,0.278,-0.07,0,0,0.459,0.83,0,1,0.143,-0.87,1,0,0.282,-0.42,0.399,0,0.256,-0.06,0,0,0.279,-0.04,0,0
94996,20140701,-96.85,40.7,0.225,-0.15,0.006,0,0.27,-0.12,0,0,0.454,0.82,0,1,0.142,-0.86,1,0,0.282,-0.42,0.494,0,0.248,-0.12,0,0,0.275,-0.07,0,0
94996,20140702,-96.85,40.7,0.216,-0.21,0.143,0,0.263,-0.17,0.065,0,0.45,0.81,0,1,0.142,-0.86,1,0,0.282,-0.42,0.583,0,0.24,-0.18,0.131,0,0.271,-0.1,0.018,0
94996,20140703,-96.85,40.7,0.209,-0.25,0.286,0,0.256,-0.22,0.208,0,0.444,0.8,0,1,0.142,-0.85,1,0,0.282,-0.42,0.649,0,0.232,-0.22,0.274,0,0.266,-0.13,0.113,0
94996,20140704,-96.85,40.7,0.203,-0.29,0.429,0,0.249,-0.26,0.351,0,0.438,0.79,0,1,0.142,-0.85,1,0,0.282,-0.41,0.726,0,0.226,-0.27,0.417,0,0.263,-0.16,0.25,0
94996,20140705,-96.85,40.7,0.196,-0.33,0.571,0,0.241,-0.31,0.494,0,0.432,0.79,0,1,0.141,-0.85,1,0,0.282,-0.41,0.798,0,0.219,-0.31,0.56,0,0.258,-0.19,0.393,0
94996,20140706,-96.85,40.7,0.186,-0.39,0.714,0,0.234,-0.35,0.637,0,0.426,0.8,0,1,0.141,-0.84,1,0,0.282,-0.4,0.786,0,0.21,-0.36,0.702,0,0.254,-0.22,0.536,0
94996,20140707,-96.85,40.7,0.178,-0.44,0.857,0,0.226,-0.4,0.78,0,0.421,0.8,0,1,0.14,-0.84,1,0,0.282,-0.38,0.69,0,0.202,-0.41,0.845,0,0.249,-0.25,0.661,0
94996,20140708,-96.85,40.7,0.171,-0.47,0.994,0,0.218,-0.44,0.923,0,0.415,0.81,0,1,0.14,-0.84,1,0,0.282,-0.36,0.571,0,0.194,-0.46,0.988,0,0.245,-0.28,0.762,0
94996,20140709,-96.85,40.7,0.166,-0.49,1,0,0.211,-0.48,1,0,0.41,0.81,0,1,0.139,-0.84,1,0,0.282,-0.33,0.452,0,0.189,-0.49,1,0,0.242,-0.3,0.875,0
94996,20140710,-96.85,40.7,0.163,-0.5,1,0,0.205,-0.51,1,0,0.405,0.81,0,1,0.139,-0.85,1,0,0.282,-0.3,0.333,0,0.184,-0.51,1,0,0.239,-0.32,0.911,0
94996,20140711,-96.85,40.7,0.16,-0.51,1,0,0.201,-0.53,1,0,0.401,0.82,0,1,0.138,-0.85,1,0,0.282,-0.27,0.196,0,0.18,-0.53,1,0,0.236,-0.33,0.875,0
94996,20140712,-96.85,40.7,0.158,-0.51,1,0,0.197,-0.54,1,0,0.398,0.82,0,1,0.138,-0.86,1,0,0.282,-0.23,0.077,0,0.178,-0.54,1,0,0.235,-0.33,0.756,0
94996,20140713,-96.85,40.7,0.157,-0.51,1,0,0.194,-0.55,1,0,0.395,0.82,0,1,0.137,-0.87,1,0,0.282,-0.2,0.006,0,0.175,-0.55,1,0,0.233,-0.34,0.631,0
94996,20140714,-96.85,40.7,0.155,-0.51,1,0,0.192,-0.55,1,0,0.391,0.82,0,1,0.137,-0.88,1,0,0.282,-0.17,0,0,0.173,-0.56,1,0,0.231,-0.34,0.542,0
94996,20140715,-96.85,40.7,0.155,-0.5,1,0,0.19,-0.54,1,0,0.387,0.83,0,1,0.136,-0.89,1,0,0.282,-0.14,0,0,0.172,-0.56,1,0,0.23,-0.35,0.446,0
94996,20140716,-96.85,40.7,0.154,-0.5,1,0,0.188,-0.54,1,0,0.384,0.84,0,1,0.136,-0.9,1,0,0.282,-0.11,0,0,0.171,-0.56,1,0,0.229,-0.35,0.375,0
94996,20140717,-96.85,40.7,0.153,-0.49,1,0,0.186,-0.53,1,0,0.381,0.85,0,1,0.136,-0.91,1,0,0.282,-0.09,0,0,0.17,-0.56,1,0,0.228,-0.36,0.357,0
94996,20140718,-96.85,40.7,0.152,-0.49,1,0,0.184,-0.52,1,0,0.379,0.86,0,1,0.135,-0.92,1,0,0.282,-0.07,0,0,0.168,-0.56,1,0,0.227,-0.36,0.357,0
94996,20140719,-96.85,40.7,0.151,-0.49,1,0,0.183,-0.51,1,0,0.375,0.86,0,1,0.135,-0.94,1,0,0.282,-0.05,0,0,0.167,-0.56,1,0,0.225,-0.37,0.47,0
94996,20140720,-96.85,40.7,0.15,-0.5,1,0,0.181,-0.5,1,0,0.372,0.88,0,1,0.134,-0.96,1,0,0.283,-0.04,0,0,0.166,-0.56,1,0,0.224,-0.38,0.577,0
94996,20140721,-96.85,40.7,0.149,-0.49,1,0,0.18,-0.49,1,0,0.37,0.89,0,1,0.134,-0.98,1,0,0.283,-0.02,0,0,0.165,-0.55,1,0,0.223,-0.39,0.649,0
94996,20140722,-96.85,40.7,0.147,-0.5,1,0,0.18,-0.48,1,0,0.368,0.91,0,1,0.134,-1,1,0,0.283,-0.01,0,0,0.163,-0.55,1,0,0.222,-0.39,0.726,0
94996,20140723,-96.85,40.7,0.145,-0.51,1,0,0.18,-0.47,1,0,0.367,0.94,0,1,0.133,-1.01,1,0,0.283,-0.01,0,0,0.162,-0.55,1,0,0.222,-0.4,0.744,0
94996,20140724,-96.85,40.7,0.143,-0.52,1,0,0.179,-0.47,1,0,0.367,0.97,0,1,0.133,-1.03,1,0,0.283,0,0,0,0.161,-0.56,1,0,0.221,-0.4,0.774,0
94996,20140725,-96.85,40.7,0.142,-0.54,1,0,0.178,-0.47,1,0,0.366,1,0,1,0.133,-1.05,1,0,0.283,0,0,0,0.16,-0.57,1,0,0.22,-0.41,0.815,0
94996,20140726,-96.85,40.7,0.14,-0.55,1,0,0.178,-0.47,1,0,0.365,1.03,0,1,0.132,-1.06,1,0,0.282,0,0,0,0.159,-0.58,1,0,0.219,-0.42,0.821,0
94996,20140727,-96.85,40.7,0.139,-0.57,1,0,0.177,-0.47,1,0,0.364,1.05,0,1,0.132,-1.06,1,0,0.282,0.01,0,0,0.158,-0.59,1,0,0.219,-0.43,0.833,0
94996,20140728,-96.85,40.7,0.136,-0.58,1,0,0.176,-0.48,1,0,0.363,1.07,0,1,0.132,-1.06,1,0,0.282,0.01,0,0,0.156,-0.6,1,0,0.218,-0.44,0.869,0
94996,20140729,-96.85,40.7,0.134,-0.6,1,0,0.174,-0.49,1,0,0.361,1.08,0,1,0.131,-1.05,1,0,0.282,0.01,0,0,0.154,-0.62,1,0,0.216,-0.46,0.929,0
94996,20140730,-96.85,40.7,0.132,-0.62,1,0,0.172,-0.51,1,0,0.358,1.07,0,1,0.131,-1.04,1,0,0.282,0.01,0,0,0.152,-0.64,1,0,0.215,-0.48,0.994,0
94996,20140731,-96.85,40.7,0.13,-0.63,1,0,0.17,-0.53,1,0,0.356,1.07,0,1,0.131,-1.02,1,0,0.282,0.01,0,0,0.15,-0.66,1,0,0.214,-0.49,0.994,0
94996,20140801,-96.85,40.7,0.128,-0.64,1,0,0.169,-0.54,1,0,0.354,1.07,0,1,0.13,-1,1,0,0.281,0.01,0,0,0.148,-0.68,1,0,0.213,-0.5,0.994,0
94996,20140802,-96.85,40.7,0.126,-0.66,1,0,0.167,-0.55,1,0,0.352,1.06,0,1,0.13,-0.99,1,0,0.281,0.01,0,0,0.147,-0.7,1,0,0.211,-0.51,0.994,0
94996,20140803,-96.85,40.7,0.124,-0.67,1,0,0.166,-0.57,1,0,0.351,1.05,0,1,0.13,-0.97,1,0,0.281,0.01,0,0,0.145,-0.71,1,0,0.21,-0.53,1,0
94996,20140804,-96.85,40.7,0.123,-0.68,1,0,0.165,-0.59,1,0,0.349,1.05,0,1,0.13,-0.96,1,0,0.281,0.01,0,0,0.144,-0.73,1,0,0.209,-0.54,1,0
94996,20140805,-96.85,40.7,0.122,-0.69,1,0,0.164,-0.6,1,0,0.349,1.04,0,1,0.129,-0.94,1,0,0.281,0.01,0,0,0.143,-0.74,1,0,0.209,-0.54,1,0
94996,20140806,-96.85,40.7,0.121,-0.7,1,0,0.164,-0.61,1,0,0.348,1.04,0,1,0.129,-0.93,1,0,0.28,0.01,0,0,0.142,-0.75,1,0,0.208,-0.55,1,0
94996,20140807,-96.85,40.7,0.12,-0.71,1,0,0.163,-0.62,1,0,0.348,1.03,0,1,0.129,-0.92,1,0,0.28,0.01,0,0,0.142,-0.76,1,0,0.208,-0.55,1,0
94996,20140808,-96.85,40.7,0.12,-0.72,1,0,0.162,-0.64,1,0,0.348,1.03,0,1,0.129,-0.92,1,0,0.28,0.01,0,0,0.141,-0.77,1,0,0.208,-0.56,1,0
94996,20140809,-96.85,40.7,0.122,-0.7,0.982,0,0.162,-0.65,1,0,0.348,1.02,0,1,0.129,-0.91,1,0,0.28,0.01,0,0,0.142,-0.76,0.988,0,0.208,-0.55,0.976,0
94996,20140810,-96.85,40.7,0.141,-0.52,0.839,0.042,0.168,-0.59,0.964,0.036,0.348,1.01,0,1,0.129,-0.91,1,0,0.28,0.01,0,0,0.154,-0.62,0.845,0.042,0.213,-0.46,0.833,0.042
94996,20140811,-96.85,40.7,0.165,-0.28,0.696,0.185,0.19,-0.33,0.821,0.179,0.348,1,0,1,0.129,-0.91,1,0,0.279,0.01,0,0,0.178,-0.34,0.702,0.185,0.222,-0.29,0.69,0.185
94996,20140812,-96.85,40.7,0.187,-0.06,0.554,0.327,0.209,-0.09,0.679,0.321,0.348,0.99,0,1,0.129,-0.91,1,0,0.279,0.01,0,0,0.198,-0.1,0.56,0.327,0.231,-0.15,0.548,0.327
94996,20140813,-96.85,40.7,0.205,0.11,0.411,0.429,0.227,0.12,0.536,0.464,0.349,0.99,0,1,0.129,-0.91,1,0,0.279,0.01,0,0,0.216,0.12,0.417,0.47,0.238,-0.02,0.405,0.44
94996,20140814,-96.85,40.7,0.219,0.26,0.268,0.429,0.243,0.32,0.393,0.607,0.35,1,0,1,0.129,-0.92,1,0,0.279,0.01,0,0,0.231,0.3,0.274,0.583,0.244,0.1,0.262,0.44
94996,20140815,-96.85,40.7,0.231,0.37,0.125,0.429,0.259,0.51,0.25,0.75,0.352,1,0,1,0.129,-0.91,1,0,0.279,0.01,0,0,0.245,0.46,0.131,0.583,0.25,0.2,0.119,0.44
94996,20140816,-96.85,40.7,0.239,0.46,0,0.429,0.273,0.68,0.107,0.821,0.353,1.01,0,1,0.129,-0.91,1,0,0.279,0.01,0,0,0.256,0.6,0,0.583,0.255,0.28,0,0.44
94996,20140817,-96.85,40.7,0.231,0.38,0,0.387,0.28,0.76,0,0.792,0.356,1.03,0,1,0.129,-0.91,1,0,0.279,0.01,0,0,0.256,0.6,0,0.542,0.255,0.29,0,0.399
94996,20140818,-96.85,40.7,0.217,0.24,0,0.244,0.271,0.64,0,0.649,0.358,1.04,0,1,0.129,-0.92,1,0,0.278,0.01,0,0,0.244,0.46,0,0.399,0.251,0.21,0,0.256
94996,20140819,-96.85,40.7,0.209,0.16,0,0.101,0.264,0.55,0,0.506,0.36,1.06,0,1,0.129,-0.94,1,0,0.278,0.01,0,0,0.236,0.37,0,0.256,0.248,0.16,0,0.113
94996,20140820,-96.85,40.7,0.202,0.09,0,0,0.258,0.47,0,0.363,0.362,1.07,0,1,0.129,-0.97,1,0,0.278,0.01,0,0,0.23,0.29,0,0.113,0.246,0.12,0,0
94996,20140821,-96.85,40.7,0.197,0.05,0,0,0.254,0.41,0,0.22,0.364,1.09,0,1,0.129,-1,1,0,0.278,0.01,0,0,0.226,0.24,0,0,0.245,0.1,0,0
94996,20140822,-96.85,40.7,0.196,0.04,0,0,0.251,0.37,0,0.08,0.365,1.1,0,1,0.129,-1.03,1,0,0.278,0.01,0,0,0.224,0.22,0,0,0.244,0.09,0,0
94996,20140823,-96.85,40.7,0.19,-0.02,0.137,0,0.25,0.36,0,0.006,0.352,0.98,0,0.863,0.139,-0.95,0.894,0,0.279,0.03,0,0.006,0.22,0.18,0,0,0.242,0.06,0,0
94996,20140824,-96.85,40.7,0.183,-0.09,0.286,0,0.249,0.34,0,0,0.337,0.85,0,0.714,0.15,-0.87,0.752,0,0.282,0.07,0,0.006,0.216,0.14,0,0,0.24,0.03,0,0
94996,20140825,-96.85,40.7,0.176,-0.15,0.435,0,0.248,0.34,0,0,0.321,0.72,0,0.565,0.162,-0.77,0.602,0,0.284,0.09,0,0.006,0.212,0.1,0,0,0.238,0,0,0
94996,20140826,-96.85,40.7,0.165,-0.24,0.584,0,0.247,0.33,0,0,0.306,0.59,0,0.416,0.174,-0.66,0.453,0,0.286,0.13,0,0.012,0.206,0.05,0,0,0.236,-0.03,0,0
94996,20140827,-96.85,40.7,0.157,-0.31,0.733,0,0.246,0.33,0,0,0.29,0.46,0,0.267,0.185,-0.55,0.304,0,0.287,0.15,0,0.012,0.201,0.01,0,0,0.233,-0.07,0,0
94996,20140828,-96.85,40.7,0.156,-0.31,0.845,0.031,0.249,0.35,0,0.031,0.275,0.34,0,0.137,0.2,-0.39,0.155,0.025,0.289,0.18,0,0.012,0.202,0.02,0,0.031,0.234,-0.06,0,0.031
94996,20140829,-96.85,40.7,0.175,-0.13,0.819,0.175,0.264,0.49,0,0.175,0.264,0.25,0,0.03,0.226,-0.12,0.036,0.169,0.291,0.21,0,0.012,0.219,0.18,0,0.175,0.244,0.07,0,0.175
94996,20140830,-96.85,40.7,0.194,0.05,0.679,0.315,0.276,0.6,0,0.315,0.269,0.29,0,0.065,0.242,0.03,0.006,0.31,0.291,0.21,0,0.006,0.235,0.33,0,0.315,0.254,0.21,0,0.315
94996,20140831,-96.85,40.7,0.212,0.22,0.536,0.458,0.287,0.7,0,0.458,0.274,0.33,0,0.101,0.257,0.18,0,0.452,0.291,0.21,0,0.006,0.25,0.46,0,0.458,0.264,0.33,0,0.458
94996,20140901,-96.85,40.7,0.236,0.43,0.393,0.601,0.302,0.83,0,0.601,0.281,0.39,0,0.161,0.274,0.35,0,0.595,0.297,0.28,0,0.083,0.269,0.64,0,0.601,0.278,0.51,0,0.601
94996,20140902,-96.85,40.7,0.26,0.66,0.25,0.744,0.318,0.97,0,0.744,0.282,0.41,0,0.161,0.291,0.52,0,0.738,0.307,0.39,0,0.22,0.289,0.82,0,0.744,0.292,0.69,0,0.744
94996,20140903,-96.85,40.7,0.284,0.87,0.107,0.887,0.333,1.1,0,0.887,0.286,0.44,0,0.179,0.307,0.68,0,0.881,0.317,0.5,0,0.363,0.308,1,0,0.887,0.305,0.87,0,0.887
94996,20140904,-96.85,40.7,0.3,1.02,0,1,0.343,1.19,0,1,0.292,0.5,0,0.208,0.32,0.8,0,1,0.326,0.59,0,0.506,0.321,1.12,0,1,0.316,1.01,0,1
94996,20140905,-96.85,40.7,0.296,1,0,1,0.341,1.16,0,1,0.293,0.51,0,0.226,0.318,0.77,0,1,0.335,0.68,0,0.649,0.319,1.09,0,1,0.317,1.01,0,1
94996,20140906,-96.85,40.7,0.294,0.98,0,1,0.339,1.14,0,1,0.301,0.6,0,0.28,0.318,0.76,0,1,0.343,0.76,0,0.792,0.317,1.07,0,1,0.319,1.04,0,1
94996,20140907,-96.85,40.7,0.293,0.98,0,1,0.338,1.13,0,1,0.311,0.72,0,0.351,0.317,0.76,0,1,0.351,0.85,0,0.935,0.315,1.07,0,1,0.322,1.09,0,1
94996,20140908,-96.85,40.7,0.287,0.92,0,1,0.332,1.09,0,1,0.324,0.87,0,0.435,0.315,0.73,0,1,0.353,0.86,0,1,0.309,1.02,0,1,0.322,1.09,0,1
94996,20140909,-96.85,40.7,0.278,0.84,0,0.988,0.325,1.04,0,1,0.341,1.06,0,0.577,0.312,0.7,0,1,0.35,0.82,0,1,0.301,0.95,0,1,0.321,1.09,0,1
94996,20140910,-96.85,40.7,0.274,0.8,0,0.946,0.32,1,0,1,0.354,1.21,0,0.679,0.31,0.68,0,0.994,0.348,0.79,0,0.988,0.297,0.91,0,1,0.321,1.09,0,1
94996,20140911,-96.85,40.7,0.273,0.79,0,0.946,0.319,1,0,1,0.364,1.33,0,0.744,0.309,0.68,0,0.994,0.346,0.77,0,0.988,0.296,0.9,0,1,0.322,1.12,0,1
94996,20140912,-96.85,40.7,0.275,0.8,0,0.946,0.318,1,0,1,0.38,1.51,0,0.857,0.309,0.68,0,0.994,0.345,0.76,0,0.988,0.296,0.91,0,1,0.325,1.17,0,1
94996,20140913,-96.85,40.7,0.284,0.89,0,0.946,0.324,1.08,0,1,0.386,1.6,0,0.911,0.311,0.71,0,0.994,0.346,0.76,0,0.988,0.304,0.98,0,1,0.33,1.25,0,1
94996,20140914,-96.85,40.7,0.291,0.95,0,0.946,0.329,1.13,0,1,0.391,1.68,0,0.946,0.313,0.72,0,0.994,0.346,0.77,0,0.988,0.31,1.04,0,1,0.334,1.31,0,1
94996,20140915,-96.85,40.7,0.297,1.01,0,0.946,0.334,1.19,0,1,0.392,1.71,0,0.946,0.314,0.74,0,0.994,0.346,0.77,0,0.988,0.315,1.1,0,1,0.336,1.37,0,1
94996,20140916,-96.85,40.7,0.302,1.06,0,0.958,0.339,1.26,0,1,0.392,1.73,0,0.94,0.316,0.75,0,0.994,0.346,0.78,0,0.988,0.321,1.16,0,1,0.339,1.42,0,1
94996,20140917,-96.85,40.7,0.304,1.09,0,1,0.342,1.32,0,1,0.395,1.78,0,0.958,0.316,0.76,0,1,0.347,0.79,0,1,0.323,1.2,0,1,0.341,1.46,0,1
94996,20140918,-96.85,40.7,0.301,1.07,0,1,0.343,1.37,0,1,0.398,1.83,0,0.976,0.316,0.76,0,1,0.347,0.79,0,1,0.322,1.22,0,1,0.341,1.49,0,1
94996,20140919,-96.85,40.7,0.295,1.04,0,1,0.342,1.4,0,1,0.394,1.8,0,0.946,0.316,0.77,0,1,0.347,0.79,0,1,0.319,1.22,0,1,0.339,1.48,0,1
94996,20140920,-96.85,40.7,0.282,0.92,0,1,0.335,1.36,0,1,0.391,1.78,0,0.911,0.313,0.74,0,1,0.346,0.79,0,1,0.308,1.14,0,1,0.333,1.42,0,1
94996,20140921,-96.85,40.7,0.27,0.83,0,0.952,0.329,1.35,0,1,0.387,1.75,0,0.911,0.311,0.73,0,1,0.345,0.77,0,1,0.3,1.08,0,1,0.328,1.36,0,1
94996,20140922,-96.85,40.7,0.258,0.72,0,0.81,0.324,1.32,0,1,0.382,1.7,0,0.911,0.31,0.71,0,1,0.345,0.76,0,1,0.291,1.01,0,1,0.324,1.3,0,1
94996,20140923,-96.85,40.7,0.246,0.61,0,0.667,0.317,1.28,0,1,0.383,1.72,0,0.911,0.308,0.69,0,1,0.344,0.74,0,1,0.282,0.92,0,1,0.32,1.24,0,1
94996,20140924,-96.85,40.7,0.237,0.53,0,0.524,0.312,1.24,0,1,0.381,1.7,0,0.917,0.306,0.66,0,1,0.344,0.73,0,1,0.274,0.86,0,1,0.316,1.19,0,1
94996,20140925,-96.85,40.7,0.236,0.51,0,0.524,0.308,1.2,0,1,0.382,1.72,0,0.929,0.304,0.64,0,1,0.343,0.71,0,1,0.272,0.83,0,1,0.315,1.16,0,1
94996,20140926,-96.85,40.7,0.235,0.5,0,0.524,0.305,1.18,0,1,0.388,1.79,0,0.958,0.302,0.61,0,1,0.343,0.7,0,1,0.27,0.81,0,1,0.315,1.16,0,1
94996,20140927,-96.85,40.7,0.234,0.48,0,0.405,0.303,1.15,0,1,0.392,1.84,0,0.994,0.302,0.58,0,1,0.342,0.68,0,1,0.268,0.78,0,1,0.315,1.15,0,1
94996,20140928,-96.85,40.7,0.232,0.46,0,0.31,0.3,1.13,0,1,0.386,1.77,0,0.988,0.3,0.56,0,1,0.341,0.67,0,1,0.266,0.76,0,1,0.312,1.11,0,1
94996,20140929,-96.85,40.7,0.231,0.44,0,0.31,0.299,1.11,0,1,0.371,1.61,0,0.976,0.298,0.53,0,0.994,0.341,0.66,0,1,0.265,0.73,0,0.97,0.308,1.04,0,1
94996,20140930,-96.85,40.7,0.23,0.43,0,0.31,0.297,1.09,0,1,0.351,1.39,0,0.97,0.297,0.51,0,0.994,0.341,0.65,0,1,0.263,0.71,0,0.845,0.303,0.97,0,1
94996,20141001,-96.85,40.7,0.253,0.64,0,0.417,0.313,1.3,0,1,0.357,1.43,0,0.952,0.305,0.57,0,0.994,0.347,0.71,0,1,0.283,0.92,0,0.81,0.315,1.11,0,1
94996,20141002,-96.85,40.7,0.271,0.79,0,0.417,0.329,1.5,0,1,0.354,1.37,0,0.952,0.313,0.63,0,0.994,0.359,0.81,0,1,0.3,1.09,0,0.81,0.325,1.22,0,1
94996,20141003,-96.85,40.7,0.288,0.93,0,0.417,0.342,1.67,0,1,0.345,1.24,0,0.952,0.32,0.68,0,0.994,0.37,0.9,0,1,0.315,1.24,0,0.81,0.333,1.29,0,1
94996,20141004,-96.85,40.7,0.303,1.05,0,0.533,0.351,1.8,0,1,0.332,1.08,0,0.952,0.324,0.71,0,0.994,0.38,0.99,0,1,0.327,1.37,0,0.808,0.338,1.34,0,1
94996,20141005,-96.85,40.7,0.317,1.17,0,0.677,0.361,1.92,0,1,0.329,1.03,0,0.958,0.328,0.73,0,0.994,0.389,1.06,0,1,0.339,1.49,0,0.808,0.345,1.4,0,1
94996,20141006,-96.85,40.7,0.333,1.29,0,0.82,0.37,2.05,0,1,0.334,1.07,0,0.97,0.333,0.76,0,1,0.397,1.13,0,1,0.351,1.62,0,0.838,0.353,1.49,0,1
94996,20141007,-96.85,40.7,0.348,1.41,0,0.964,0.38,2.19,0,1,0.339,1.12,0,0.982,0.337,0.78,0,1,0.404,1.2,0,1,0.364,1.75,0,0.964,0.362,1.58,0,1
94996,20141008,-96.85,40.7,0.335,1.29,0,1,0.371,2.08,0,1,0.32,0.92,0,1,0.331,0.72,0,1,0.405,1.2,0,1,0.353,1.63,0,1,0.353,1.45,0,1
94996,20141009,-96.85,40.7,0.321,1.14,0,1,0.361,1.93,0,1,0.307,0.78,0,1,0.326,0.67,0,1,0.401,1.16,0,1,0.341,1.49,0,1,0.343,1.31,0,1
94996,20141010,-96.85,40.7,0.308,1.01,0,1,0.354,1.79,0,1,0.299,0.7,0,1,0.321,0.62,0,1,0.398,1.13,0,1,0.331,1.37,0,1,0.336,1.2,0,1
94996,20141011,-96.85,40.7,0.297,0.91,0,0.988,0.348,1.66,0,1,0.295,0.66,0,0.994,0.318,0.59,0,1,0.395,1.1,0,1,0.323,1.27,0,1,0.331,1.11,0,1
94996,20141012,-96.85,40.7,0.287,0.82,0,0.881,0.344,1.53,0,1,0.292,0.62,0,0.94,0.316,0.57,0,1,0.394,1.08,0,1,0.316,1.17,0,1,0.326,1.04,0,1
94996,20141013,-96.85,40.7,0.279,0.74,0,0.839,0.339,1.39,0,1,0.289,0.59,0,0.899,0.314,0.55,0,1,0.392,1.06,0,1,0.309,1.07,0,1,0.323,0.96,0,1
94996,20141014,-96.85,40.7,0.28,0.73,0,0.833,0.336,1.25,0,1,0.287,0.57,0,0.851,0.312,0.53,0,1,0.391,1.05,0,1,0.308,1,0,1,0.321,0.91,0,1
94996,20141015,-96.85,40.7,0.282,0.72,0,0.833,0.334,1.13,0,1,0.285,0.55,0,0.792,0.31,0.51,0,1,0.389,1.04,0,1,0.308,0.94,0,1,0.32,0.86,0,1
94996,20141016,-96.85,40.7,0.287,0.74,0,0.833,0.332,1.04,0,1,0.284,0.54,0,0.738,0.309,0.49,0,1,0.389,1.02,0,1,0.309,0.91,0,1,0.32,0.82,0,1
94996,20141017,-96.85,40.7,0.293,0.76,0,0.833,0.33,0.98,0,1,0.284,0.53,0,0.708,0.307,0.48,0,1,0.387,1.01,0,1,0.311,0.88,0,1,0.32,0.8,0,1
94996,20141018,-96.85,40.7,0.3,0.8,0,0.845,0.329,0.95,0,1,0.284,0.53,0,0.649,0.306,0.46,0,1,0.387,1,0,1,0.315,0.87,0,1,0.321,0.79,0,1
94996,20141019,-96.85,40.7,0.309,0.84,0,0.952,0.328,0.93,0,1,0.284,0.53,0,0.589,0.305,0.45,0,1,0.386,0.98,0,1,0.319,0.88,0,1,0.322,0.78,0,1
94996,20141020,-96.85,40.7,0.317,0.88,0,0.994,0.327,0.9,0,1,0.284,0.53,0,0.488,0.304,0.43,0,1,0.385,0.97,0,1,0.322,0.88,0,1,0.324,0.77,0,1
94996,20141021,-96.85,40.7,0.316,0.86,0,1,0.324,0.88,0,1,0.284,0.52,0,0.399,0.303,0.41,0,1,0.385,0.96,0,1,0.32,0.86,0,1,0.323,0.76,0,1
94996,20141022,-96.85,40.7,0.314,0.83,0,1,0.321,0.85,0,1,0.284,0.52,0,0.315,0.302,0.39,0,1,0.384,0.94,0,1,0.318,0.84,0,1,0.321,0.74,0,1
94996,20141023,-96.85,40.7,0.318,0.85,0,1,0.322,0.84,0,1,0.284,0.51,0,0.28,0.303,0.39,0,1,0.384,0.92,0,1,0.32,0.85,0,1,0.322,0.74,0,1
94996,20141024,-96.85,40.7,0.327,0.9,0,1,0.326,0.86,0,1,0.286,0.52,0,0.31,0.304,0.39,0,1,0.383,0.91,0,1,0.327,0.89,0,1,0.325,0.76,0,1
94996,20141025,-96.85,40.7,0.335,0.94,0,1,0.329,0.86,0,1,0.287,0.53,0,0.369,0.305,0.4,0,1,0.383,0.9,0,1,0.332,0.92,0,1,0.328,0.78,0,1
94996,20141026,-96.85,40.7,0.34,0.97,0,1,0.332,0.87,0,1,0.289,0.54,0,0.482,0.306,0.4,0,1,0.382,0.89,0,1,0.336,0.94,0,1,0.33,0.8,0,1
94996,20141027,-96.85,40.7,0.346,1,0,1,0.334,0.88,0,1,0.29,0.54,0,0.625,0.308,0.41,0,1,0.382,0.88,0,1,0.34,0.97,0,1,0.332,0.81,0,1
94996,20141028,-96.85,40.7,0.352,1.03,0,1,0.337,0.88,0,1,0.291,0.55,0,0.762,0.308,0.42,0,1,0.382,0.88,0,1,0.345,0.99,0,1,0.334,0.82,0,1
94996,20141029,-96.85,40.7,0.359,1.06,0,1,0.339,0.88,0,1,0.291,0.55,0,0.893,0.309,0.43,0,1,0.382,0.89,0,1,0.349,1.01,0,1,0.336,0.84,0,1
94996,20141030,-96.85,40.7,0.357,1.04,0,1,0.337,0.86,0,1,0.291,0.55,0,0.97,0.307,0.42,0,1,0.381,0.88,0,1,0.347,0.99,0,1,0.334,0.82,0,1
94996,20141031,-96.85,40.7,0.349,0.98,0,1,0.33,0.81,0,1,0.288,0.53,0,0.97,0.304,0.41,0,1,0.38,0.88,0,1,0.34,0.94,0,1,0.331,0.78,0,1
94996,20141101,-96.85,40.7,0.342,0.92,0,1,0.325,0.76,0,1,0.286,0.51,0,0.952,0.302,0.4,0,1,0.38,0.88,0,1,0.334,0.89,0,1,0.327,0.75,0,1
94996,20141102,-96.85,40.7,0.335,0.87,0,1,0.321,0.72,0,1,0.283,0.49,0,0.869,0.299,0.39,0,1,0.38,0.88,0,1,0.328,0.85,0,1,0.324,0.72,0,1
94996,20141103,-96.85,40.7,0.329,0.82,0,1,0.316,0.69,0,1,0.281,0.48,0,0.833,0.297,0.37,0,1,0.379,0.87,0,1,0.323,0.8,0,1,0.32,0.69,0,1
94996,20141104,-96.85,40.7,0.323,0.77,0,1,0.314,0.66,0,1,0.279,0.46,0,0.762,0.295,0.37,0,1,0.378,0.87,0,1,0.319,0.76,0,1,0.318,0.67,0,1
94996,20141105,-96.85,40.7,0.319,0.74,0,1,0.311,0.63,0,1,0.278,0.44,0,0.661,0.293,0.36,0,1,0.378,0.86,0,1,0.315,0.72,0,1,0.316,0.65,0,1
94996,20141106,-96.85,40.7,0.314,0.71,0,1,0.309,0.61,0,1,0.277,0.4,0,0.53,0.291,0.35,0,1,0.377,0.86,0,1,0.311,0.67,0,1,0.313,0.63,0,1
94996,20141107,-96.85,40.7,0.31,0.68,0,1,0.306,0.57,0,1,0.275,0.36,0,0.387,0.289,0.33,0,1,0.376,0.86,0,1,0.308,0.63,0,1,0.311,0.6,0,1
94996,20141108,-96.85,40.7,0.307,0.66,0,1,0.304,0.54,0,1,0.274,0.32,0,0.268,0.287,0.33,0,1,0.375,0.85,0,1,0.306,0.58,0,1,0.31,0.58,0,1
94996,20141109,-96.85,40.7,0.305,0.63,0,1,0.301,0.5,0,0.988,0.273,0.28,0,0.208,0.287,0.33,0,1,0.375,0.85,0,1,0.303,0.54,0,1,0.308,0.56,0,1
94996,20141110,-96.85,40.7,0.302,0.61,0,1,0.299,0.45,0,0.881,0.272,0.24,0,0.101,0.286,0.33,0,1,0.374,0.85,0,1,0.301,0.49,0,0.994,0.307,0.54,0,1
94996,20141111,-96.85,40.7,0.298,0.57,0,1,0.295,0.39,0,0.743,0.271,0.2,0,0.03,0.285,0.33,0,1,0.374,0.85,0,1,0.297,0.44,0,0.988,0.305,0.51,0,1
94996,20141112,-96.85,40.7,0.294,0.53,0,1,0.291,0.32,0,0.599,0.27,0.16,0,0,0.284,0.32,0,1,0.374,0.85,0,1,0.292,0.39,0,0.862,0.302,0.48,0,1
94996,20141113,-96.85,40.7,0.289,0.48,0,0.988,0.287,0.25,0,0.455,0.268,0.13,0,0,0.283,0.32,0,1,0.374,0.86,0,1,0.288,0.35,0,0.719,0.3,0.45,0,1
94996,20141114,-96.85,40.7,0.28,0.41,0,0.873,0.284,0.18,0,0.311,0.266,0.1,0,0,0.282,0.32,0,0.994,0.373,0.87,0,1,0.282,0.28,0,0.582,0.297,0.41,0,0.915
94996,20141115,-96.85,40.7,0.27,0.31,0.006,0.755,0.277,0.1,0,0.168,0.263,0.08,0,0,0.281,0.31,0,0.994,0.372,0.87,0,1,0.274,0.21,0,0.453,0.293,0.37,0,0.799
94996,20141116,-96.85,40.7,0.259,0.22,0.013,0.604,0.272,0.03,0,0.036,0.261,0.06,0,0,0.279,0.3,0,0.994,0.371,0.88,0,1,0.267,0.14,0,0.302,0.289,0.32,0,0.679
94996,20141117,-96.85,40.7,0.255,0.18,0.013,0.453,0.269,-0.01,0,0,0.259,0.04,0,0,0.277,0.29,0,0.994,0.369,0.88,0,1,0.262,0.1,0,0.157,0.286,0.28,0,0.635
94996,20141118,-96.85,40.7,0.25,0.14,0.013,0.306,0.266,-0.05,0,0,0.257,0.02,0,0,0.275,0.28,0,0.982,0.369,0.9,0,1,0.259,0.06,0,0.019,0.284,0.26,0,0.606
94996,20141119,-96.85,40.7,0.248,0.11,0.013,0.181,0.265,-0.07,0,0,0.256,0.01,0,0,0.274,0.28,0,0.982,0.367,0.9,0,1,0.257,0.04,0,0,0.282,0.23,0,0.569
94996,20141120,-96.85,40.7,0.247,0.1,0.013,0.044,0.263,-0.09,0,0,0.255,0,0,0,0.273,0.27,0,0.982,0.366,0.91,0,1,0.255,0.02,0,0,0.281,0.22,0,0.531
94996,20141121,-96.85,40.7,0.25,0.13,0.012,0.025,0.263,-0.1,0,0,0.255,-0.01,0,0,0.273,0.27,0,0.988,0.365,0.91,0,1,0.257,0.03,0,0,0.281,0.21,0,0.593
94996,20141122,-96.85,40.7,0.258,0.19,0.006,0.113,0.265,-0.09,0,0,0.254,-0.01,0,0,0.273,0.27,0,0.982,0.364,0.92,0,1,0.261,0.07,0,0,0.283,0.22,0,0.685
94996,20141123,-96.85,40.7,0.266,0.25,0,0.256,0.268,-0.06,0,0,0.255,-0.01,0,0,0.273,0.27,0,0.982,0.363,0.92,0,1,0.267,0.12,0,0.083,0.285,0.24,0,0.798
94996,20141124,-96.85,40.7,0.269,0.28,0,0.399,0.27,-0.05,0,0,0.255,-0.01,0,0,0.274,0.28,0,0.982,0.363,0.93,0,1,0.27,0.14,0,0.226,0.286,0.24,0,0.839
94996,20141125,-96.85,40.7,0.272,0.32,0,0.542,0.272,-0.03,0,0,0.255,-0.01,0,0,0.274,0.28,0,0.994,0.362,0.92,0,1,0.272,0.17,0,0.333,0.287,0.25,0,0.869
94996,20141126,-96.85,40.7,0.273,0.34,0,0.661,0.274,-0.02,0,0,0.255,-0.01,0,0,0.274,0.28,0,0.994,0.361,0.92,0,1,0.274,0.19,0,0.44,0.287,0.25,0,0.905
94996,20141127,-96.85,40.7,0.275,0.37,0,0.804,0.275,-0.01,0,0,0.255,-0.01,0,0,0.274,0.28,0,0.994,0.361,0.92,0,1,0.275,0.21,0,0.565,0.288,0.25,0,0.94
94996,20141128,-96.85,40.7,0.273,0.37,0,0.869,0.276,0,0,0,0.255,-0.01,0,0,0.273,0.27,0,0.988,0.36,0.92,0,1,0.274,0.22,0,0.583,0.287,0.24,0,0.911
94996,20141129,-96.85,40.7,0.272,0.37,0,0.881,0.276,0.01,0,0,0.255,-0.01,0,0,0.273,0.27,0,0.994,0.359,0.91,0,1,0.274,0.22,0,0.685,0.287,0.23,0,0.899
94996,20141130,-96.85,40.7,0.27,0.39,0,0.881,0.276,0,0,0,0.255,-0.01,0,0,0.273,0.27,0,0.994,0.358,0.91,0,1,0.273,0.23,0,0.744,0.286,0.22,0,0.899
94996,20141201,-96.85,40.7,0.266,0.35,0,0.815,0.274,-0.01,0,0,0.254,-0.02,0,0,0.273,0.27,0,0.994,0.358,0.9,0,1,0.27,0.2,0,0.673,0.285,0.21,0,0.839
94996,20141202,-96.85,40.7,0.259,0.27,0.055,0.689,0.27,-0.05,0,0,0.253,-0.03,0,0,0.272,0.26,0,0.976,0.358,0.91,0,1,0.265,0.14,0.03,0.579,0.283,0.18,0,0.713
94996,20141203,-96.85,40.7,0.251,0.17,0.149,0.578,0.266,-0.09,0,0,0.253,-0.04,0,0,0.271,0.26,0,0.964,0.357,0.9,0,1,0.259,0.08,0.104,0.5,0.28,0.15,0,0.604
94996,20141204,-96.85,40.7,0.242,0.03,0.282,0.436,0.262,-0.12,0,0,0.252,-0.04,0,0,0.27,0.25,0,0.94,0.357,0.9,0,1,0.253,-0.01,0.215,0.376,0.277,0.12,0,0.463
94996,20141205,-96.85,40.7,0.236,-0.06,0.342,0.362,0.259,-0.15,0,0,0.252,-0.05,0,0,0.27,0.24,0,0.923,0.357,0.9,0,1,0.248,-0.07,0.268,0.356,0.275,0.09,0,0.369
94996,20141206,-96.85,40.7,0.233,-0.12,0.342,0.248,0.258,-0.15,0,0,0.251,-0.06,0,0,0.27,0.24,0,0.911,0.357,0.9,0,1,0.246,-0.1,0.268,0.242,0.274,0.08,0,0.322
94996,20141207,-96.85,40.7,0.229,-0.19,0.342,0.087,0.256,-0.17,0,0,0.251,-0.07,0,0,0.27,0.24,0,0.899,0.357,0.9,0,1,0.243,-0.13,0.268,0.081,0.273,0.07,0,0.242
94996,20141208,-96.85,40.7,0.229,-0.22,0.342,0,0.256,-0.17,0,0,0.25,-0.08,0,0,0.269,0.23,0,0.881,0.356,0.9,0,1,0.243,-0.14,0.268,0,0.272,0.06,0,0.228
94996,20141209,-96.85,40.7,0.233,-0.17,0.275,0,0.259,-0.15,0,0,0.251,-0.08,0,0,0.27,0.24,0,0.899,0.356,0.89,0,1,0.246,-0.09,0.229,0,0.274,0.08,0,0.301
94996,20141210,-96.85,40.7,0.237,-0.13,0.172,0,0.261,-0.13,0,0,0.251,-0.09,0,0,0.27,0.24,0,0.893,0.355,0.89,0,1,0.249,-0.06,0.147,0,0.275,0.08,0,0.294
94996,20141211,-96.85,40.7,0.242,-0.08,0.054,0,0.263,-0.12,0,0,0.25,-0.1,0,0,0.27,0.23,0,0.875,0.355,0.89,0,1,0.252,-0.02,0.048,0,0.276,0.1,0,0.292
94996,20141212,-96.85,40.7,0.246,-0.03,0,0,0.265,-0.1,0,0,0.251,-0.1,0,0,0.27,0.23,0,0.821,0.355,0.89,0,1,0.256,0.02,0,0,0.277,0.11,0,0.31
94996,20141213,-96.85,40.7,0.247,-0.03,0,0,0.266,-0.1,0,0,0.251,-0.11,0,0,0.269,0.22,0,0.726,0.354,0.89,0,1,0.256,0.02,0,0,0.277,0.11,0,0.268
94996,20141214,-96.85,40.7,0.247,-0.05,0,0,0.266,-0.09,0,0,0.252,-0.12,0,0,0.269,0.22,0,0.679,0.354,0.89,0,1,0.257,0.01,0,0,0.278,0.11,0,0.28
94996,20141215,-96.85,40.7,0.254,0,0,0.06,0.27,-0.06,0,0.024,0.254,-0.11,0,0,0.27,0.22,0,0.69,0.354,0.89,0,1,0.262,0.05,0,0.06,0.28,0.14,0,0.345
94996,20141216,-96.85,40.7,0.269,0.15,0,0.202,0.282,0.07,0,0.167,0.264,-0.05,0,0.048,0.276,0.27,0,0.69,0.354,0.89,0,1,0.276,0.2,0,0.202,0.289,0.25,0,0.417
94996,20141217,-96.85,40.7,0.281,0.25,0,0.333,0.293,0.19,0,0.31,0.271,-0.01,0,0.048,0.282,0.32,0,0.708,0.355,0.91,0,1,0.287,0.3,0,0.333,0.296,0.33,0,0.539
94996,20141218,-96.85,40.7,0.293,0.34,0,0.438,0.303,0.3,0,0.452,0.278,0.02,0,0.048,0.287,0.37,0,0.75,0.355,0.91,0,1,0.298,0.39,0,0.438,0.303,0.4,0,0.654
94996,20141219,-96.85,40.7,0.305,0.43,0,0.537,0.314,0.42,0,0.595,0.283,0.06,0,0.048,0.292,0.41,0,0.827,0.355,0.91,0,1,0.31,0.47,0,0.537,0.31,0.46,0,0.761
94996,20141220,-96.85,40.7,0.318,0.53,0,0.655,0.325,0.54,0,0.738,0.29,0.1,0,0.048,0.298,0.46,0,0.935,0.356,0.93,0,1,0.321,0.57,0,0.655,0.317,0.54,0,0.9
94996,20141221,-96.85,40.7,0.329,0.69,0,0.837,0.335,0.64,0,0.881,0.295,0.14,0,0.048,0.302,0.5,0,0.994,0.356,0.94,0,1,0.332,0.72,0,0.837,0.324,0.66,0,0.988
94996,20141222,-96.85,40.7,0.335,0.82,0,1,0.343,0.71,0,1,0.299,0.16,0,0.048,0.306,0.53,0,1,0.356,0.94,0,1,0.339,0.86,0,1,0.328,0.78,0,1
94996,20141223,-96.85,40.7,0.334,0.69,0,1,0.342,0.69,0,1,0.296,0.14,0,0,0.305,0.52,0,1,0.356,0.94,0,1,0.338,0.73,0,1,0.326,0.71,0,1
94996,20141224,-96.85,40.7,0.337,0.67,0,1,0.346,0.7,0,1,0.296,0.14,0,0,0.305,0.53,0,1,0.355,0.93,0,1,0.342,0.67,0,1,0.328,0.68,0,1
94996,20141225,-96.85,40.7,0.341,0.83,0,1,0.349,0.71,0,1,0.298,0.15,0,0,0.306,0.55,0,1,0.354,0.91,0,1,0.345,0.71,0,1,0.33,0.74,0,1
94996,20141226,-96.85,40.7,0.341,,,,0.35,0.68,0,1,0.299,0.15,0,0,0.307,0.56,0,1,0.355,0.89,0,1,0.346,,,,0.331,,,
94996,20141227,-96.85,40.7,0.341,,,,0.351,0.66,0,0.988,0.3,0.14,0,0,0.308,0.57,0,1,0.355,0.87,0,1,0.346,,,,0.331,,,
94996,20141228,-96.85,40.7,0.34,,,,0.351,0.66,0,0.986,0.3,0.13,0,0,0.308,0.58,0,1,0.355,0.85,0,1,0.346,,,,0.331,,,
94996,20141229,-96.85,40.7,0.335,,,,0.35,0.67,0,0.983,0.299,0.11,0,0,0.308,0.58,0,1,0.356,0.84,0,1,0.342,,,,0.33,,,
94996,20141230,-96.85,40.7,0.328,,,,0.347,0.65,0,0.978,0.298,0.08,0,0,0.307,0.57,0,1,0.357,0.84,0,1,0.337,,,,0.327,,,
94996,20141231,-96.85,40.7,0.32,,,,0.343,0.6,0,0.97,0.296,0.04,0,0,0.305,0.56,0,1,0.357,0.83,0,1,0.332,,,,0.324,,,
94996,20150101,-96.85,40.7,0.316,,,,0.339,0.55,0,0.953,0.293,0,0,0,0.303,0.54,0,1,0.357,0.84,0,1,0.328,,,,0.323,,,
94996,20150102,-96.85,40.7,,,,,0.337,0.53,0,0.895,0.291,-0.04,0,0,0.301,0.52,0,1,0.357,0.86,0,1,,,,,,,,
94996,20150103,-96.85,40.7,,,,,,,,,0.291,-0.05,0,0.03,0.299,0.51,0,1,0.357,0.88,0,1,,,,,,,,
94996,20150104,-96.85,40.7,,,,,,,,,0.304,0.07,0,0.173,0.296,0.49,0,0.988,0.356,0.88,0,1,,,,,,,,
94996,20150105,-96.85,40.7,,,,,,,,,0.317,0.18,0,0.315,0.294,0.47,0,0.964,0.356,0.89,0,1,,,,,,,,
94996,20150106,-96.85,40.7,,,,,,,,,0.329,0.29,0,0.458,0.292,0.45,0,0.917,0.355,0.89,0,1,,,,,,,,
94996,20150107,-96.85,40.7,,,,,,,,,0.34,0.39,0,0.584,0.289,0.43,0,0.875,0.355,0.9,0,1,,,,,,,,
94996,20150108,-96.85,40.7,,,,,,,,,0.349,0.47,0,0.686,0.287,0.42,0,0.827,0.355,0.91,0,1,,,,,,,,
94996,20150109,-96.85,40.7,,,,,,,,,,,,,0.285,0.4,0,0.744,0.355,0.92,0,1,,,,,,,,
94996,20150110,-96.85,40.7,,,,,,,,,,,,,0.265,0.19,0.125,0.607,0.354,0.91,0,1,,,,,,,,
94996,20150111,-96.85,40.7,,,,,,,,,,,,,0.244,-0.04,0.268,0.476,0.353,0.93,0,1,,,,,,,,
94996,20150112,-96.85,40.7,,,,,,,,,,,,,0.223,-0.28,0.411,0.357,0.352,0.93,0,1,,,,,,,,
94996,20150113,-96.85,40.7,,,,,,,,,,,,,0.202,-0.52,0.554,0.262,0.352,0.94,0,1,,,,,,,,
94996,20150114,-96.85,40.7,,,,,,,,,,,,,0.181,-0.77,0.696,0.161,0.351,0.95,0,1,,,,,,,,
94996,20150115,-96.85,40.7,,,,,,,,,,,,,0.16,-1.03,0.839,0.065,0.351,0.96,0,1,,,,,,,,
94996,20150116,-96.85,40.7,,,,,,,,,,,,,0.14,-1.28,0.982,0.006,0.35,0.96,0,1,,,,,,,,
94996,20150117,-96.85,40.7,,,,,,,,,,,,,0.138,-1.36,1,0,0.349,0.96,0,1,,,,,,,,
94996,20150118,-96.85,40.7,,,,,,,,,,,,,0.138,-1.4,1,0,0.349,0.96,0,1,,,,,,,,
94996,20150119,-96.85,40.7,,,,,,,,,,,,,0.138,-1.44,1,0,0.349,0.95,0,1,,,,,,,,
94996,20150120,-96.85,40.7,,,,,,,,,,,,,0.138,-1.48,1,0,0.348,0.93,0,1,,,,,,,,
94996,20150121,-96.85,40.7,,,,,,,,,,,,,0.138,-1.51,1,0,0.348,0.92,0,1,,,,,,,,
94996,20150122,-96.85,40.7,,,,,,,,,,,,,0.138,-1.55,1,0,0.347,0.91,0,1,,,,,,,,
94996,20150123,-96.85,40.7,,,,,,,,,,,,,0.138,-1.58,1,0,0.348,0.91,0,1,,,,,,,,
94996,20150124,-96.85,40.7,,,,,,,,,,,,,0.145,-1.51,0.946,0.006,0.348,0.91,0,1,,,,,,,,
94996,20150125,-96.85,40.7,,,,,,,,,,,,,0.163,-1.27,0.804,0.012,0.348,0.9,0,1,,,,,,,,
94996,20150126,-96.85,40.7,,,,,,,,,,,,,0.183,-1.03,0.661,0.012,0.349,0.9,0,1,,,,,,,,
94996,20150127,-96.85,40.7,,,,,,,,,,,,,0.202,-0.78,0.518,0.012,0.349,0.91,0,1,,,,,,,,
94996,20150128,-96.85,40.7,,,,,,,,,,,,,0.222,-0.53,0.375,0.012,0.349,0.91,0,1,,,,,,,,
94996,20150129,-96.85,40.7,,,,,,,,,,,,,0.241,-0.27,0.232,0.012,0.349,0.91,0,1,,,,,,,,
94996,20150130,-96.85,40.7,,,,,,,,,,,,,0.261,0,0.089,0.018,0.35,0.92,0,1,,,,,,,,
94996,20150131,-96.85,40.7,,,,,0.313,,,,,,,,0.274,0.16,0,0.012,0.35,0.93,0,1,,,,,,,,
94996,20150201,-96.85,40.7,0.263,,,,0.315,,,,0.224,,,,0.275,0.16,0,0.006,0.35,0.93,0,1,0.29,,,,0.286,,,
94996,20150202,-96.85,40.7,0.269,,,,0.32,,,,0.232,,,,0.278,0.18,0,0.095,0.35,0.91,0,1,0.295,,,,0.29,,,
94996,20150203,-96.85,40.7,0.275,,,,0.324,,,,0.245,,,,0.28,0.21,0,0.179,0.35,0.89,0,1,0.3,,,,0.295,,,
94996,20150204,-96.85,40.7,0.281,,,,0.328,,,,0.262,,,,0.282,0.23,0,0.25,0.351,0.88,0,1,0.305,,,,0.301,,,
94996,20150205,-96.85,40.7,0.284,,,,0.331,,,,0.27,,,,0.284,0.25,0,0.304,0.352,0.86,0,1,0.307,,,,0.304,,,
94996,20150206,-96.85,40.7,0.287,,,,0.334,,,,0.272,,,,0.286,0.27,0,0.399,0.352,0.83,0,1,0.31,,,,0.306,,,
94996,20150207,-96.85,40.7,0.295,,,,0.338,,,,0.275,,,,0.289,0.31,0,0.506,0.353,0.82,0,1,0.316,,,,0.31,,,
94996,20150208,-96.85,40.7,0.301,,,,0.344,,,,0.282,,,,0.293,0.37,0,0.649,0.355,0.83,0,1,0.323,,,,0.315,,,
94996,20150209,-96.85,40.7,0.308,,,,0.351,,,,0.298,,,,0.297,0.46,0,0.702,0.363,0.92,0,1,0.329,,,,0.323,,,
94996,20150210,-96.85,40.7,0.313,,,,0.356,,,,0.309,,,,0.302,0.55,0,0.762,0.372,1.02,0,1,0.334,,,,0.33,,,
94996,20150211,-96.85,40.7,0.319,,,,0.361,,,,0.319,,,,0.306,0.63,0,0.833,0.38,1.12,0,1,0.34,,,,0.337,,,
94996,20150212,-96.85,40.7,0.323,,,,0.365,,,,0.328,,,,0.31,0.71,0,0.923,0.388,1.23,0,1,0.344,,,,0.343,,,
94996,20150213,-96.85,40.7,0.328,,,,0.367,,,,0.333,,,,0.313,0.76,0,0.964,0.395,1.32,0,1,0.348,,,,0.348,,,
94996,20150214,-96.85,40.7,,,,,0.366,,,,0.337,,,,0.315,0.79,0,1,0.402,1.4,0,1,,,,,,,,
94996,20150215,-96.85,40.7,,,,,0.362,,,,0.335,,,,0.315,0.79,0,1,0.407,1.46,0,1,,,,,,,,
94996,20150216,-96.85,40.7,,,,,0.357,,,,0.329,,,,0.312,0.73,0,0.982,0.406,1.42,0,1,,,,,,,,
94996,20150217,-96.85,40.7,,,,,,,,,0.334,,,,0.308,0.65,0,0.94,0.401,1.33,0,1,,,,,,,,
94996,20150218,-96.85,40.7,,,,,,,,,0.339,,,,0.304,0.56,0,0.887,0.396,1.24,0,1,,,,,,,,
94996,20150219,-96.85,40.7,,,,,,,,,0.344,,,,0.299,0.47,0,0.774,0.39,1.15,0,1,,,,,,,,
94996,20150220,-96.85,40.7,,,,,,,,,0.349,,,,0.296,0.41,0,0.637,0.385,1.07,0,1,,,,,,,,
94996,20150221,-96.85,40.7,,,,,,,,,,,,,0.293,0.34,0,0.5,0.38,0.99,0,1,,,,,,,,
94996,20150222,-96.85,40.7,,,,,,,,,,,,,0.29,0.28,0,0.363,0.375,0.92,0,1,,,,,,,,
94996,20150223,-96.85,40.7,,,,,,,,,,,,,0.287,0.22,0,0.238,0.372,0.87,0,1,,,,,,,,
94996,20150224,-96.85,40.7,,,,,,,,,,,,,0.276,0.01,0.065,0.137,0.371,0.87,0,1,,,,,,,,
94996,20150225,-96.85,40.7,,,,,,,,,,,,,0.254,-0.4,0.208,0.048,0.371,0.88,0,1,,,,,,,,
94996,20150226,-96.85,40.7,,,,,,,,,,,,,0.233,-0.8,0.351,0.018,0.371,0.9,0,1,,,,,,,,
94996,20150227,-96.85,40.7,,,,,,,,,,,,,0.213,-1.2,0.494,0.012,0.371,0.93,0,1,,,,,,,,
94996,20150228,-96.85,40.7,,,,,,,,,,,,,0.192,-1.6,0.637,0.006,0.372,0.95,0,1,,,,,,,,
94996,20150301,-96.85,40.7,,,,,,,,,,,,,0.172,-1.99,0.78,0,0.372,0.98,0,1,,,,,,,,
94996,20150302,-96.85,40.7,,,,,,,,,,,,,0.152,-2.38,0.923,0,0.371,1,0,1,,,,,,,,
94996,20150303,-96.85,40.7,,,,,,,,,,,,,0.141,-2.61,1,0,0.371,1.01,0,1,,,,,,,,
94996,20150304,-96.85,40.7,,,,,,,,,,,,,0.141,-2.62,1,0,0.37,1.02,0,1,,,,,,,,
94996,20150305,-96.85,40.7,,,,,,,,,,,,,0.14,-2.63,1,0,0.369,1,0,1,,,,,,,,
94996,20150306,-96.85,40.7,,,,,,,,,,,,,0.14,-2.64,1,0,0.367,0.99,0,1,,,,,,,,
94996,20150307,-96.85,40.7,,,,,,,,,,,,,0.14,-2.64,1,0,0.371,1.08,0,1,,,,,,,,
94996,20150308,-96.85,40.7,,,,,,,,,,,,,0.14,-2.63,1,0,0.377,1.2,0,1,,,,,,,,
94996,20150309,-96.85,40.7,,,,,,,,,,,,,0.14,-2.6,1,0,0.383,1.3,0,1,,,,,,,,
94996,20150310,-96.85,40.7,,,,,,,,,,,,,0.14,-2.55,1,0,0.387,1.35,0,1,,,,,,,,
94996,20150311,-96.85,40.7,,,,,,,,,,,,,0.14,-2.5,1,0,0.388,1.36,0,1,,,,,,,,
94996,20150312,-96.85,40.7,,,,,,,,,,,,,0.157,-2.18,0.935,0,0.39,1.37,0,1,,,,,,,,
94996,20150313,-96.85,40.7,,,,,,,,,,,,,0.18,-1.77,0.792,0,0.391,1.39,0,1,,,,,,,,
94996,20150314,-96.85,40.7,,,,,,,,,,,,,0.203,-1.38,0.649,0,0.388,1.3,0,1,,,,,,,,
94996,20150315,-96.85,40.7,0.313,0.3,0.022,0.385,0.363,1.03,0,0.934,,,,,0.224,-1.02,0.506,0,0.382,1.17,0,1,,,,,,,,
94996,20150316,-96.85,40.7,0.31,0.24,0.013,0.303,0.36,0.92,0,0.903,0.241,-1.1,1,0,0.246,-0.66,0.363,0,0.378,1.07,0,1,0.335,0.53,0.007,0.573,0.311,0.04,0.201,0.291
94996,20150317,-96.85,40.7,0.306,0.18,0.006,0.238,0.356,0.78,0,0.811,0.251,-0.98,1,0,0.269,-0.32,0.22,0,0.375,1,0,1,0.331,0.45,0.006,0.469,0.312,0.05,0.171,0.247
94996,20150318,-96.85,40.7,0.301,0.07,0.065,0.155,0.352,0.66,0,0.685,0.267,-0.79,1,0,0.292,0.02,0.077,0,0.375,0.98,0,1,0.327,0.34,0.006,0.381,0.318,0.14,0.077,0.232
94996,20150319,-96.85,40.7,0.296,-0.03,0.19,0.042,0.349,0.55,0,0.571,0.276,-0.71,1,0,0.297,0.09,0,0,0.375,0.96,0,1,0.322,0.23,0.018,0.268,0.319,0.16,0,0.173
94996,20150320,-96.85,40.7,0.291,-0.13,0.321,0,0.345,0.42,0,0.429,0.274,-0.76,1,0,0.296,0.06,0,0,0.374,0.93,0,1,0.318,0.11,0.054,0.125,0.316,0.1,0,0.048
94996,20150321,-96.85,40.7,0.286,-0.21,0.464,0,0.341,0.32,0,0.286,0.272,-0.81,1,0,0.296,0.04,0,0,0.374,0.9,0,1,0.314,0.01,0.077,0.018,0.314,0.04,0,0
94996,20150322,-96.85,40.7,0.282,-0.28,0.607,0,0.338,0.23,0,0.155,0.271,-0.85,1,0,0.296,0.03,0,0,0.373,0.88,0,1,0.31,-0.07,0.149,0,0.312,-0.01,0,0
94996,20150323,-96.85,40.7,0.277,-0.34,0.75,0,0.335,0.14,0,0.048,0.269,-0.89,1,0,0.296,0.03,0,0,0.373,0.86,0,1,0.306,-0.15,0.274,0,0.31,-0.04,0,0
94996,20150324,-96.85,40.7,0.274,-0.4,0.887,0.006,0.332,0.06,0.006,0.006,0.268,-0.93,1,0,0.295,0.01,0,0,0.372,0.84,0,1,0.303,-0.22,0.411,0.006,0.308,-0.08,0,0
94996,20150325,-96.85,40.7,0.283,-0.22,0.827,0.149,0.34,0.26,0.006,0.149,0.275,-0.85,0.863,0,0.298,0.03,0,0.036,0.374,0.86,0,1,0.312,-0.03,0.411,0.149,0.314,0.03,0,0.143
94996,20150326,-96.85,40.7,0.289,-0.09,0.696,0.292,0.346,0.41,0.006,0.292,0.281,-0.78,0.786,0,0.301,0.05,0,0.06,0.375,0.87,0,1,0.318,0.11,0.393,0.292,0.319,0.11,0,0.262
94996,20150327,-96.85,40.7,0.295,0.03,0.565,0.435,0.352,0.53,0.006,0.435,0.286,-0.71,0.762,0,0.303,0.07,0,0.06,0.377,0.89,0,1,0.323,0.24,0.357,0.435,0.323,0.18,0,0.333
94996,20150328,-96.85,40.7,0.301,0.13,0.423,0.536,0.356,0.63,0.006,0.577,0.291,-0.66,0.75,0,0.305,0.08,0,0.06,0.378,0.91,0,1,0.328,0.34,0.333,0.577,0.326,0.24,0,0.339
94996,20150329,-96.85,40.7,0.306,0.24,0.28,0.577,0.359,0.72,0.006,0.714,0.295,-0.61,0.75,0,0.307,0.08,0,0.06,0.38,0.93,0,1,0.333,0.44,0.262,0.696,0.329,0.3,0,0.339
94996,20150330,-96.85,40.7,0.311,0.34,0.137,0.577,0.363,0.81,0.006,0.851,0.298,-0.56,0.75,0,0.308,0.08,0,0.06,0.38,0.94,0,1,0.337,0.54,0.137,0.774,0.332,0.35,0,0.339
94996,20150331,-96.85,40.7,0.315,0.43,0,0.571,0.367,0.9,0,0.97,0.302,-0.51,0.75,0,0.31,0.09,0,0.06,0.381,0.96,0,1,0.341,0.63,0,0.768,0.335,0.4,0,0.339
94996,20150401,-96.85,40.7,0.306,0.29,0,0.429,0.36,0.73,0,0.911,0.303,-0.49,0.815,0.071,0.307,0.04,0,0.024,0.379,0.94,0,1,0.333,0.47,0,0.625,0.331,0.32,0,0.25
94996,20150402,-96.85,40.7,0.303,0.25,0,0.333,0.358,0.66,0,0.833,0.315,-0.35,0.75,0.214,0.306,0.01,0,0,0.378,0.93,0,1,0.331,0.42,0,0.53,0.332,0.33,0,0.226
94996,20150403,-96.85,40.7,0.306,0.29,0,0.333,0.36,0.69,0,0.833,0.33,-0.16,0.631,0.357,0.308,0.01,0,0,0.378,0.92,0,1,0.333,0.44,0,0.53,0.336,0.39,0,0.298
94996,20150404,-96.85,40.7,0.308,0.32,0,0.375,0.362,0.72,0,0.833,0.347,0.03,0.5,0.5,0.309,0.02,0,0,0.377,0.91,0,1,0.335,0.48,0,0.53,0.341,0.46,0,0.435
94996,20150405,-96.85,40.7,0.309,0.33,0,0.399,0.363,0.74,0,0.839,0.361,0.21,0.357,0.643,0.31,0.02,0,0,0.378,0.91,0,1,0.336,0.49,0,0.554,0.344,0.51,0,0.577
94996,20150406,-96.85,40.7,0.31,0.33,0,0.399,0.364,0.75,0,0.845,0.376,0.38,0.214,0.786,0.31,0.02,0,0,0.377,0.9,0,1,0.337,0.5,0,0.524,0.347,0.56,0,0.72
94996,20150407,-96.85,40.7,0.31,0.35,0,0.399,0.365,0.76,0,0.863,0.39,0.56,0.071,0.929,0.311,0.03,0,0,0.377,0.9,0,1,0.338,0.51,0,0.524,0.351,0.61,0,0.863
94996,20150408,-96.85,40.7,0.312,0.37,0,0.399,0.366,0.77,0,0.917,0.398,0.65,0,1,0.311,0.03,0,0,0.379,0.91,0,1,0.339,0.53,0,0.524,0.353,0.64,0,0.946
94996,20150409,-96.85,40.7,0.311,0.35,0,0.351,0.365,0.75,0,0.982,0.398,0.65,0,1,0.311,0.03,0,0,0.379,0.91,0,1,0.338,0.51,0,0.476,0.353,0.63,0,0.994
94996,20150410,-96.85,40.7,0.307,0.3,0,0.238,0.362,0.66,0,0.982,0.395,0.63,0,1,0.309,0,0,0,0.379,0.9,0,1,0.334,0.45,0,0.423,0.35,0.58,0,0.994
94996,20150411,-96.85,40.7,0.304,0.26,0,0.179,0.359,0.6,0,0.982,0.392,0.61,0,1,0.307,-0.02,0,0,0.378,0.89,0,1,0.331,0.4,0,0.417,0.348,0.54,0,0.994
94996,20150412,-96.85,40.7,0.302,0.24,0,0.113,0.357,0.56,0,0.982,0.392,0.61,0,1,0.306,-0.03,0,0,0.377,0.87,0,1,0.33,0.38,0,0.357,0.347,0.52,0,0.994
94996,20150413,-96.85,40.7,0.301,0.23,0,0.113,0.355,0.53,0,0.976,0.393,0.62,0,1,0.305,-0.03,0,0,0.377,0.87,0,1,0.328,0.37,0,0.321,0.346,0.51,0,0.994
94996,20150414,-96.85,40.7,0.299,0.21,0,0.113,0.353,0.5,0,0.881,0.393,0.63,0,1,0.304,-0.04,0,0,0.377,0.87,0,1,0.326,0.35,0,0.321,0.345,0.49,0,0.97
94996,20150415,-96.85,40.7,0.296,0.19,0,0.113,0.351,0.45,0,0.744,0.393,0.63,0,1,0.303,-0.05,0,0,0.376,0.84,0,1,0.323,0.31,0,0.321,0.344,0.46,0,0.833
94996,20150416,-96.85,40.7,0.292,0.15,0,0.113,0.348,0.4,0,0.613,0.393,0.63,0,1,0.302,-0.05,0,0,0.375,0.83,0,1,0.32,0.28,0,0.321,0.342,0.44,0,0.702
94996,20150417,-96.85,40.7,0.286,0.09,0,0.083,0.343,0.33,0,0.47,0.393,0.62,0,1,0.301,-0.06,0,0,0.375,0.81,0,1,0.314,0.22,0,0.232,0.339,0.39,0,0.56
94996,20150418,-96.85,40.7,0.279,0.03,0,0,0.339,0.25,0,0.327,0.392,0.61,0,1,0.3,-0.07,0,0,0.375,0.81,0,1,0.309,0.15,0,0.095,0.337,0.35,0,0.423
94996,20150419,-96.85,40.7,0.287,0.11,0,0.137,0.345,0.35,0,0.321,0.401,0.7,0,1,0.303,-0.04,0,0.065,0.376,0.82,0,1,0.316,0.25,0,0.149,0.343,0.43,0,0.417
94996,20150420,-96.85,40.7,0.296,0.21,0,0.28,0.352,0.45,0,0.327,0.409,0.77,0,1,0.307,0,0,0.155,0.381,0.9,0,1,0.324,0.35,0,0.28,0.349,0.53,0,0.417
94996,20150421,-96.85,40.7,0.304,0.29,0,0.423,0.357,0.53,0,0.423,0.413,0.81,0,1,0.31,0.03,0,0.167,0.384,0.94,0,1,0.331,0.44,0,0.423,0.354,0.6,0,0.44
94996,20150422,-96.85,40.7,0.312,0.36,0,0.565,0.362,0.61,0,0.565,0.418,0.85,0,1,0.313,0.06,0,0.167,0.386,0.96,0,1,0.337,0.52,0,0.565,0.358,0.67,0,0.583
94996,20150423,-96.85,40.7,0.318,0.43,0,0.679,0.366,0.67,0,0.708,0.422,0.88,0,1,0.315,0.08,0,0.167,0.387,0.97,0,1,0.342,0.59,0,0.708,0.362,0.72,0,0.714
94996,20150424,-96.85,40.7,0.325,0.49,0,0.708,0.37,0.73,0,0.851,0.425,0.91,0,1,0.317,0.1,0,0.167,0.388,0.98,0,1,0.347,0.65,0,0.851,0.365,0.77,0,0.857
94996,20150425,-96.85,40.7,0.332,0.55,0,0.732,0.374,0.8,0,0.994,0.427,0.93,0,1,0.319,0.13,0,0.167,0.39,0.99,0,1,0.353,0.72,0,0.994,0.368,0.81,0,0.994
94996,20150426,-96.85,40.7,0.333,0.56,0,0.738,0.374,0.78,0,1,0.424,0.89,0,1,0.319,0.12,0,0.101,0.389,0.96,0,1,0.353,0.72,0,1,0.368,0.79,0,1
94996,20150427,-96.85,40.7,0.33,0.53,0,0.738,0.37,0.73,0,1,0.421,0.85,0,1,0.317,0.1,0,0.012,0.385,0.86,0,1,0.35,0.67,0,1,0.365,0.73,0,1
94996,20150428,-96.85,40.7,0.328,0.5,0,0.738,0.368,0.7,0,1,0.42,0.83,0,1,0.316,0.09,0,0,0.383,0.8,0,1,0.348,0.64,0,1,0.363,0.7,0,1
94996,20150429,-96.85,40.7,0.327,0.48,0,0.69,0.367,0.67,0,1,0.419,0.82,0,1,0.315,0.08,0,0,0.382,0.77,0,1,0.347,0.62,0,1,0.362,0.67,0,1
94996,20150430,-96.85,40.7,0.325,0.46,0,0.577,0.365,0.65,0,1,0.419,0.82,0,1,0.315,0.08,0,0,0.382,0.72,0,1,0.345,0.6,0,0.935,0.361,0.65,0,1
94996,20150501,-96.85,40.7,0.323,0.44,0,0.548,0.364,0.62,0,0.911,0.42,0.82,0,1,0.315,0.07,0,0,0.381,0.69,0,0.994,0.343,0.57,0,0.792,0.36,0.63,0,1
94996,20150502,-96.85,40.7,0.317,0.39,0,0.524,0.36,0.57,0,0.774,0.419,0.8,0,1,0.314,0.06,0,0,0.381,0.65,0,0.976,0.339,0.52,0,0.649,0.358,0.59,0,0.881
94996,20150503,-96.85,40.7,0.303,0.26,0,0.381,0.351,0.44,0,0.631,0.415,0.76,0,1,0.311,0.03,0,0,0.38,0.62,0,0.964,0.327,0.39,0,0.506,0.352,0.5,0,0.738
94996,20150504,-96.85,40.7,0.292,0.16,0,0.238,0.343,0.34,0,0.488,0.411,0.72,0,1,0.308,0,0,0,0.379,0.59,0,0.94,0.317,0.29,0,0.363,0.347,0.42,0,0.595
94996,20150505,-96.85,40.7,0.282,0.08,0,0.095,0.335,0.25,0,0.345,0.409,0.69,0,1,0.306,-0.02,0,0,0.378,0.56,0,0.893,0.309,0.2,0,0.22,0.342,0.35,0,0.452
94996,20150506,-96.85,40.7,0.274,0,0,0,0.328,0.17,0,0.202,0.406,0.65,0,1,0.304,-0.05,0,0,0.377,0.53,0,0.81,0.301,0.12,0,0.077,0.338,0.29,0,0.31
94996,20150507,-96.85,40.7,0.288,0.13,0,0.065,0.335,0.24,0,0.125,0.408,0.65,0,1,0.31,-0.01,0,0.06,0.38,0.54,0,0.768,0.312,0.23,0,0.065,0.344,0.35,0,0.232
94996,20150508,-96.85,40.7,0.317,0.37,0,0.208,0.357,0.45,0,0.214,0.41,0.65,0,0.988,0.322,0.09,0,0.202,0.388,0.62,0,0.774,0.337,0.48,0,0.208,0.359,0.52,0,0.232
94996,20150509,-96.85,40.7,0.332,0.51,0,0.351,0.37,0.59,0,0.351,0.405,0.59,0,0.869,0.328,0.13,0,0.238,0.397,0.7,0,0.792,0.351,0.62,0,0.351,0.367,0.6,0,0.351
94996,20150510,-96.85,40.7,0.346,0.62,0,0.494,0.381,0.68,0,0.494,0.412,0.62,0,0.869,0.333,0.16,0,0.238,0.403,0.76,0,0.804,0.363,0.73,0,0.494,0.375,0.69,0,0.494
94996,20150511,-96.85,40.7,0.366,0.77,0,0.637,0.396,0.82,0,0.637,0.41,0.58,0,0.792,0.339,0.2,0,0.28,0.41,0.81,0,0.827,0.381,0.88,0,0.637,0.384,0.78,0,0.637
94996,20150512,-96.85,40.7,0.381,0.89,0,0.78,0.408,0.93,0,0.78,0.416,0.61,0,0.792,0.344,0.24,0,0.28,0.417,0.87,0,0.875,0.395,1,0,0.78,0.393,0.87,0,0.78
94996,20150513,-96.85,40.7,0.396,1,0,0.922,0.419,1.02,0,0.922,0.419,0.61,0,0.79,0.348,0.26,0,0.281,0.421,0.88,0,0.946,0.407,1.1,0,0.922,0.401,0.93,0,0.922
94996,20150514,-96.85,40.7,0.393,0.95,0,1,0.419,1,0,1,0.419,0.58,0,0.772,0.346,0.23,0,0.234,0.421,0.85,0,0.952,0.406,1.05,0,1,0.4,0.89,0,1
94996,20150515,-96.85,40.7,0.388,0.87,0,1,0.413,0.91,0,1,0.415,0.52,0,0.707,0.344,0.2,0,0.18,0.42,0.8,0,0.952,0.401,0.94,0,1,0.396,0.81,0,1
94996,20150516,-96.85,40.7,0.411,1.01,0,1,0.421,0.95,0,1,0.422,0.56,0,0.82,0.352,0.24,0,0.269,0.42,0.77,0,0.952,0.416,1.02,0,1,0.405,0.86,0,1
94996,20150517,-96.85,40.7,0.424,1.08,0,1,0.431,1.01,0,1,0.415,0.48,0,0.719,0.357,0.28,0,0.341,0.421,0.75,0,0.952,0.427,1.07,0,1,0.409,0.87,0,1
94996,20150518,-96.85,40.7,0.428,1.1,0,1,0.434,1.02,0,1,0.412,0.45,0,0.683,0.359,0.28,0,0.365,0.423,0.73,0,0.952,0.431,1.08,0,1,0.411,0.86,0,1
94996,20150519,-96.85,40.7,0.434,1.13,0,1,0.438,1.04,0,1,0.4,0.35,0,0.557,0.361,0.29,0,0.383,0.424,0.72,0,0.952,0.436,1.1,0,1,0.411,0.84,0,1
94996,20150520,-96.85,40.7,0.439,1.16,0,1,0.441,1.06,0,1,0.403,0.36,0,0.56,0.364,0.31,0,0.381,0.428,0.74,0,0.964,0.44,1.11,0,1,0.415,0.86,0,1
94996,20150521,-96.85,40.7,0.439,1.15,0,1,0.441,1.06,0,1,0.404,0.36,0,0.577,0.363,0.3,0,0.369,0.429,0.74,0,0.988,0.44,1.1,0,1,0.415,0.86,0,1
94996,20150522,-96.85,40.7,0.427,1.06,0,1,0.432,0.97,0,1,0.409,0.39,0,0.655,0.356,0.24,0,0.28,0.425,0.68,0,0.923,0.429,1.01,0,1,0.41,0.8,0,1
94996,20150523,-96.85,40.7,0.401,0.87,0,1,0.418,0.85,0,1,0.409,0.39,0,0.661,0.345,0.16,0,0.155,0.42,0.62,0,0.798,0.409,0.85,0,1,0.399,0.69,0,1
94996,20150524,-96.85,40.7,0.39,0.79,0,1,0.407,0.76,0,1,0.414,0.41,0,0.762,0.338,0.11,0,0.083,0.415,0.56,0,0.679,0.398,0.76,0,1,0.393,0.64,0,1
94996,20150525,-96.85,40.7,0.385,0.75,0,1,0.402,0.72,0,1,0.424,0.48,0,0.869,0.333,0.08,0,0.018,0.41,0.51,0,0.589,0.393,0.71,0,1,0.391,0.63,0,1
94996,20150526,-96.85,40.7,0.381,0.72,0,1,0.397,0.68,0,1,0.434,0.55,0,0.982,0.33,0.06,0,0,0.405,0.46,0,0.518,0.389,0.67,0,1,0.389,0.63,0,1
94996,20150527,-96.85,40.7,0.378,0.69,0,1,0.394,0.65,0,1,0.431,0.53,0,0.976,0.328,0.05,0,0,0.4,0.42,0,0.458,0.386,0.64,0,1,0.386,0.61,0,0.994
94996,20150528,-96.85,40.7,0.373,0.66,0,1,0.392,0.63,0,1,0.429,0.51,0,0.964,0.326,0.05,0,0,0.397,0.4,0,0.423,0.383,0.61,0,1,0.384,0.59,0,0.982
94996,20150529,-96.85,40.7,0.378,0.7,0,1,0.396,0.66,0,1,0.421,0.47,0,0.869,0.328,0.06,0,0.006,0.396,0.4,0,0.488,0.387,0.64,0,1,0.384,0.61,0,0.982
94996,20150530,-96.85,40.7,0.382,0.73,0,1,0.399,0.68,0,1,0.411,0.4,0,0.75,0.329,0.08,0,0.042,0.395,0.41,0,0.595,0.391,0.66,0,1,0.383,0.61,0,0.982
94996,20150531,-96.85,40.7,0.381,0.72,0,1,0.399,0.68,0,1,0.413,0.42,0,0.744,0.33,0.09,0,0.042,0.395,0.42,0,0.714,0.39,0.66,0,1,0.384,0.62,0,0.982
94996,20150601,-96.85,40.7,0.374,0.67,0,0.982,0.395,0.65,0,1,0.412,0.41,0,0.75,0.328,0.09,0,0.042,0.394,0.42,0,0.804,0.385,0.61,0,1,0.381,0.59,0,0.982
94996,20150602,-96.85,40.7,0.368,0.62,0,0.893,0.392,0.62,0,1,0.412,0.41,0,0.756,0.326,0.08,0,0.042,0.393,0.42,0,0.863,0.38,0.58,0,0.97,0.378,0.57,0,0.976
94996,20150603,-96.85,40.7,0.363,0.58,0,0.768,0.39,0.6,0,1,0.412,0.41,0,0.762,0.325,0.08,0,0.048,0.392,0.43,0,0.917,0.376,0.55,0,0.845,0.376,0.56,0,0.952
94996,20150604,-96.85,40.7,0.376,0.66,0,0.768,0.398,0.65,0,1,0.41,0.39,0,0.685,0.331,0.12,0,0.143,0.397,0.48,0,0.964,0.387,0.61,0,0.845,0.382,0.6,0,0.964
94996,20150605,-96.85,40.7,0.396,0.78,0,0.768,0.409,0.71,0,1,0.427,0.47,0,0.78,0.342,0.19,0,0.28,0.403,0.54,0,0.964,0.402,0.71,0,0.845,0.395,0.7,0,0.964
94996,20150606,-96.85,40.7,0.409,0.87,0,0.758,0.417,0.77,0,1,0.443,0.56,0,0.894,0.349,0.24,0,0.36,0.409,0.6,0,0.981,0.413,0.78,0,0.839,0.406,0.78,0,0.963
94996,20150607,-96.85,40.7,0.433,1.03,0,0.758,0.431,0.86,0,1,0.447,0.57,0,0.901,0.361,0.31,0,0.509,0.418,0.68,0,0.981,0.432,0.9,0,0.839,0.418,0.88,0,0.963
94996,20150608,-96.85,40.7,0.447,1.13,0,0.776,0.441,0.93,0,1,0.446,0.56,0,0.857,0.365,0.35,0,0.658,0.425,0.75,0,0.981,0.444,0.99,0,0.839,0.425,0.93,0,0.963
94996,20150609,-96.85,40.7,0.459,1.21,0,0.87,0.447,0.97,0,1,0.441,0.53,0,0.727,0.368,0.37,0,0.752,0.428,0.78,0,0.994,0.453,1.05,0,0.87,0.429,0.97,0,0.969
94996,20150610,-96.85,40.7,0.467,1.27,0,1,0.452,1.01,0,1,0.434,0.49,0,0.578,0.371,0.4,0,0.807,0.427,0.78,0,0.975,0.46,1.1,0,1,0.43,0.99,0,1
94996,20150611,-96.85,40.7,0.467,1.28,0,1,0.45,0.99,0,1,0.435,0.5,0,0.571,0.37,0.41,0,0.783,0.423,0.76,0,0.969,0.458,1.1,0,1,0.429,0.99,0,1
94996,20150612,-96.85,40.7,0.467,1.28,0,1,0.449,0.98,0,1,0.438,0.52,0,0.571,0.37,0.41,0,0.783,0.427,0.81,0,0.969,0.458,1.11,0,1,0.43,1.01,0,1
94996,20150613,-96.85,40.7,0.461,1.26,0,1,0.447,0.98,0,1,0.44,0.54,0,0.589,0.365,0.39,0,0.792,0.429,0.85,0,0.97,0.454,1.1,0,1,0.428,1.01,0,1
94996,20150614,-96.85,40.7,0.447,1.18,0,1,0.44,0.93,0,1,0.434,0.52,0,0.589,0.357,0.36,0,0.792,0.425,0.84,0,0.97,0.443,1.04,0,1,0.421,0.96,0,1
94996,20150615,-96.85,40.7,0.449,1.22,0,1,0.438,0.93,0,1,0.435,0.53,0,0.625,0.357,0.36,0,0.792,0.422,0.85,0,0.97,0.443,1.07,0,1,0.42,0.97,0,1
94996,20150616,-96.85,40.7,0.468,1.39,0,1,0.447,1,0,1,0.451,0.63,0,0.756,0.369,0.45,0,0.845,0.429,0.94,0,0.97,0.458,1.19,0,1,0.433,1.1,0,1
94996,20150617,-96.85,40.7,0.48,1.5,0,1,0.456,1.07,0,1,0.462,0.71,0,0.899,0.374,0.48,0,0.929,0.44,1.07,0,0.994,0.468,1.29,0,1,0.442,1.19,0,1
94996,20150618,-96.85,40.7,0.48,1.52,0,1,0.458,1.1,0,1,0.464,0.73,0,0.994,0.372,0.48,0,1,0.442,1.11,0,1,0.469,1.33,0,1,0.443,1.21,0,1
94996,20150619,-96.85,40.7,0.474,1.5,0,1,0.454,1.09,0,1,0.46,0.72,0,0.994,0.366,0.45,0,1,0.441,1.12,0,1,0.464,1.33,0,1,0.439,1.2,0,1
94996,20150620,-96.85,40.7,0.473,1.52,0,1,0.452,1.09,0,1,0.456,0.72,0,0.994,0.366,0.46,0,1,0.437,1.11,0,1,0.462,1.35,0,1,0.437,1.2,0,1
94996,20150621,-96.85,40.7,0.473,1.54,0,1,0.45,1.09,0,1,0.455,0.72,0,0.994,0.365,0.46,0,1,0.434,1.09,0,1,0.462,1.37,0,1,0.435,1.21,0,1
94996,20150622,-96.85,40.7,0.468,1.51,0,1,0.447,1.08,0,1,0.451,0.72,0,1,0.363,0.46,0,1,0.429,1.05,0,1,0.457,1.35,0,1,0.432,1.19,0,1
94996,20150623,-96.85,40.7,0.444,1.35,0,1,0.435,1.01,0,1,0.436,0.64,0,0.988,0.351,0.39,0,1,0.419,0.96,0,1,0.439,1.24,0,1,0.417,1.08,0,1
94996,20150624,-96.85,40.7,0.433,1.27,0,1,0.424,0.94,0,1,0.425,0.59,0,0.917,0.346,0.37,0,1,0.409,0.87,0,1,0.428,1.16,0,1,0.407,1.01,0,1
94996,20150625,-96.85,40.7,0.427,1.23,0,1,0.418,0.91,0,1,0.421,0.57,0,0.845,0.343,0.36,0,0.994,0.405,0.83,0,1,0.422,1.12,0,1,0.403,0.98,0,1
94996,20150626,-96.85,40.7,0.411,1.12,0,1,0.406,0.83,0,1,0.408,0.5,0,0.75,0.336,0.32,0,0.976,0.395,0.73,0,1,0.409,1.02,0,1,0.391,0.9,0,1
94996,20150627,-96.85,40.7,0.398,1.03,0,1,0.396,0.77,0,1,0.402,0.47,0,0.661,0.332,0.29,0,0.911,0.388,0.67,0,1,0.397,0.94,0,1,0.383,0.84,0,1
94996,20150628,-96.85,40.7,0.382,0.92,0,0.935,0.386,0.71,0,0.946,0.399,0.45,0,0.583,0.328,0.27,0,0.827,0.384,0.64,0,0.994,0.384,0.85,0,0.94,0.376,0.79,0,1
94996,20150629,-96.85,40.7,0.363,0.79,0,0.792,0.374,0.62,0,0.804,0.396,0.44,0,0.482,0.325,0.26,0,0.69,0.382,0.62,0,0.988,0.368,0.74,0,0.798,0.368,0.73,0,0.923
94996,20150630,-96.85,40.7,0.344,0.67,0,0.649,0.359,0.52,0,0.661,0.393,0.43,0,0.351,0.322,0.24,0,0.548,0.38,0.6,0,0.964,0.351,0.63,0,0.655,0.36,0.67,0,0.78
94996,20150701,-96.85,40.7,0.322,0.52,0,0.506,0.342,0.41,0,0.518,0.39,0.42,0,0.28,0.318,0.22,0,0.405,0.378,0.58,0,0.946,0.332,0.49,0,0.512,0.35,0.6,0,0.637
94996,20150702,-96.85,40.7,0.297,0.35,0,0.363,0.324,0.28,0,0.375,0.384,0.4,0,0.208,0.314,0.21,0,0.268,0.375,0.56,0,0.935,0.31,0.34,0,0.369,0.339,0.52,0,0.494
94996,20150703,-96.85,40.7,0.274,0.2,0,0.22,0.306,0.16,0,0.232,0.379,0.39,0,0.161,0.31,0.19,0,0.143,0.373,0.54,0,0.929,0.29,0.2,0,0.226,0.328,0.45,0,0.351
94996,20150704,-96.85,40.7,0.254,0.07,0,0.077,0.289,0.05,0,0.089,0.373,0.37,0,0.107,0.306,0.18,0,0.065,0.371,0.54,0,0.929,0.271,0.08,0,0.083,0.319,0.38,0,0.208
94996,20150705,-96.85,40.7,0.238,-0.02,0,0,0.274,-0.05,0,0,0.365,0.35,0,0.042,0.302,0.16,0,0.006,0.37,0.53,0,0.923,0.256,-0.02,0,0,0.31,0.31,0,0.065
94996,20150706,-96.85,40.7,0.227,-0.08,0,0,0.262,-0.13,0,0,0.356,0.32,0,0,0.297,0.14,0,0,0.368,0.53,0,0.923,0.244,-0.09,0,0,0.302,0.26,0,0
94996,20150707,-96.85,40.7,0.225,-0.08,0,0,0.253,-0.18,0.042,0,0.348,0.3,0,0,0.292,0.13,0,0,0.366,0.54,0,0.929,0.239,-0.12,0,0,0.297,0.24,0,0
94996,20150708,-96.85,40.7,0.225,-0.06,0,0,0.247,-0.21,0.083,0,0.341,0.29,0,0,0.288,0.12,0,0,0.365,0.56,0,0.946,0.236,-0.13,0,0,0.293,0.22,0,0
94996,20150709,-96.85,40.7,0.222,-0.06,0,0,0.241,-0.23,0.113,0,0.334,0.27,0,0,0.283,0.1,0,0,0.363,0.58,0,0.958,0.232,-0.14,0,0,0.289,0.2,0,0
94996,20150710,-96.85,40.7,0.219,-0.07,0,0,0.237,-0.25,0.119,0,0.326,0.24,0,0,0.277,0.08,0,0,0.361,0.59,0,0.964,0.228,-0.16,0,0,0.284,0.18,0,0
94996,20150711,-96.85,40.7,0.215,-0.09,0,0,0.232,-0.27,0.119,0,0.319,0.22,0,0,0.272,0.06,0,0,0.359,0.61,0,0.964,0.224,-0.18,0,0,0.279,0.15,0,0
94996,20150712,-96.85,40.7,0.212,-0.1,0,0,0.229,-0.27,0.119,0,0.312,0.19,0,0,0.267,0.04,0,0,0.357,0.63,0,0.976,0.22,-0.19,0,0,0.275,0.13,0,0
94996,20150713,-96.85,40.7,0.209,-0.11,0,0,0.226,-0.27,0.119,0,0.305,0.16,0,0,0.262,0.02,0,0,0.355,0.65,0,0.982,0.218,-0.2,0,0,0.271,0.11,0,0
94996,20150714,-96.85,40.7,0.2,-0.16,0,0,0.224,-0.27,0.077,0,0.298,0.13,0,0,0.256,-0.02,0,0,0.353,0.67,0,1,0.212,-0.23,0.006,0,0.266,0.07,0,0
94996,20150715,-96.85,40.7,0.192,-0.21,0.006,0,0.221,-0.27,0.036,0,0.29,0.1,0,0,0.25,-0.05,0,0,0.351,0.67,0,0.994,0.207,-0.27,0.048,0,0.261,0.03,0,0
94996,20150716,-96.85,40.7,0.192,-0.2,0.054,0.042,0.221,-0.25,0.018,0,0.285,0.08,0,0,0.245,-0.08,0,0,0.349,0.68,0,0.994,0.206,-0.25,0.143,0.042,0.258,0.02,0,0.042
94996,20150717,-96.85,40.7,0.202,-0.11,0.054,0.113,0.223,-0.2,0.012,0,0.283,0.08,0,0,0.244,-0.08,0,0,0.347,0.68,0,0.994,0.213,-0.18,0.143,0.054,0.26,0.07,0,0.185
94996,20150718,-96.85,40.7,0.208,-0.06,0.054,0.113,0.224,-0.16,0.012,0,0.28,0.08,0,0,0.242,-0.09,0,0,0.344,0.67,0,0.994,0.216,-0.13,0.143,0.054,0.26,0.09,0,0.22
94996,20150719,-96.85,40.7,0.209,-0.04,0.054,0.113,0.224,-0.14,0.012,0,0.276,0.07,0,0,0.239,-0.11,0,0,0.341,0.66,0,0.994,0.217,-0.11,0.143,0.054,0.258,0.09,0,0.22
94996,20150720,-96.85,40.7,0.209,-0.03,0.054,0.113,0.223,-0.12,0.012,0,0.272,0.05,0,0,0.236,-0.13,0,0,0.339,0.65,0,0.988,0.216,-0.1,0.143,0.054,0.256,0.08,0,0.22
94996,20150721,-96.85,40.7,0.209,-0.02,0.054,0.113,0.222,-0.11,0.012,0,0.269,0.04,0,0,0.234,-0.15,0.065,0,0.336,0.63,0,0.988,0.216,-0.09,0.137,0.054,0.254,0.07,0,0.22
94996,20150722,-96.85,40.7,0.209,-0.02,0.048,0.113,0.222,-0.1,0.012,0,0.266,0.03,0,0,0.232,-0.17,0.208,0,0.332,0.61,0,0.982,0.215,-0.08,0.095,0.054,0.252,0.05,0,0.22
94996,20150723,-96.85,40.7,0.203,-0.06,0.006,0.071,0.219,-0.11,0,0,0.262,0,0,0,0.228,-0.2,0.351,0,0.327,0.57,0,0.857,0.211,-0.11,0,0.012,0.248,0,0,0.179
94996,20150724,-96.85,40.7,0.187,-0.18,0.065,0,0.213,-0.15,0,0,0.254,-0.05,0,0,0.222,-0.25,0.494,0,0.323,0.53,0,0.744,0.2,-0.2,0.018,0,0.24,-0.12,0,0.036
94996,20150725,-96.85,40.7,0.185,-0.17,0.131,0.042,0.215,-0.12,0,0.042,0.25,-0.07,0,0.006,0.219,-0.27,0.595,0,0.319,0.48,0,0.607,0.2,-0.19,0.071,0.042,0.237,-0.14,0.024,0.042
94996,20150726,-96.85,40.7,0.206,0.04,0.131,0.185,0.23,0.05,0,0.185,0.255,0,0,0.131,0.223,-0.23,0.595,0,0.314,0.43,0,0.47,0.218,0.02,0.071,0.185,0.245,0.01,0.024,0.185
94996,20150727,-96.85,40.7,0.227,0.25,0.131,0.327,0.245,0.22,0,0.327,0.264,0.1,0,0.274,0.229,-0.16,0.595,0.018,0.31,0.38,0,0.339,0.236,0.23,0.071,0.327,0.255,0.18,0.024,0.327
94996,20150728,-96.85,40.7,0.246,0.44,0.131,0.47,0.259,0.38,0,0.47,0.272,0.2,0,0.417,0.235,-0.1,0.53,0.03,0.307,0.35,0,0.202,0.252,0.41,0.071,0.47,0.264,0.34,0.024,0.47
94996,20150729,-96.85,40.7,0.261,0.6,0.131,0.613,0.271,0.52,0,0.613,0.279,0.29,0,0.56,0.241,-0.03,0.387,0.03,0.304,0.31,0,0.077,0.266,0.57,0.071,0.613,0.271,0.49,0.024,0.613
94996,20150730,-96.85,40.7,0.273,0.73,0.125,0.738,0.28,0.64,0,0.756,0.286,0.38,0,0.702,0.247,0.03,0.244,0.03,0.302,0.3,0,0.06,0.277,0.7,0.071,0.756,0.278,0.61,0.024,0.756
94996,20150731,-96.85,40.7,0.282,0.82,0.065,0.738,0.286,0.72,0,0.762,0.291,0.45,0,0.72,0.251,0.08,0.101,0.03,0.301,0.29,0,0.03,0.284,0.79,0.054,0.78,0.282,0.69,0.024,0.827
94996,20150801,-96.85,40.7,0.279,0.8,0,0.696,0.284,0.71,0,0.72,0.293,0.48,0,0.714,0.252,0.1,0,0.03,0.3,0.29,0,0.024,0.281,0.77,0,0.738,0.282,0.7,0,0.786
94996,20150802,-96.85,40.7,0.257,0.6,0,0.554,0.268,0.56,0,0.577,0.286,0.43,0,0.589,0.247,0.07,0,0.03,0.299,0.28,0,0.018,0.263,0.58,0,0.595,0.271,0.54,0,0.643
94996,20150803,-96.85,40.7,0.235,0.39,0,0.411,0.253,0.4,0,0.435,0.275,0.34,0,0.446,0.241,0.02,0,0.012,0.298,0.27,0,0.018,0.244,0.38,0,0.452,0.26,0.35,0,0.5
94996,20150804,-96.85,40.7,0.216,0.22,0,0.268,0.239,0.25,0,0.292,0.264,0.24,0,0.304,0.234,-0.03,0,0,0.297,0.26,0,0.012,0.227,0.21,0,0.31,0.25,0.17,0,0.357
94996,20150805,-96.85,40.7,0.2,0.07,0,0.125,0.227,0.13,0,0.149,0.255,0.16,0,0.161,0.227,-0.08,0,0,0.295,0.24,0,0.006,0.214,0.06,0,0.167,0.241,0.02,0,0.214
94996,20150806,-96.85,40.7,0.189,-0.04,0,0,0.218,0.02,0,0.006,0.246,0.09,0,0.018,0.222,-0.12,0,0,0.293,0.22,0,0.006,0.204,-0.05,0,0.024,0.234,-0.1,0,0.071
94996,20150807,-96.85,40.7,0.182,-0.11,0,0,0.212,-0.05,0,0,0.24,0.03,0,0,0.218,-0.15,0,0,0.291,0.19,0,0.006,0.197,-0.13,0,0,0.229,-0.19,0,0
94996,20150808,-96.85,40.7,0.18,-0.13,0,0.024,0.209,-0.09,0,0,0.235,-0.01,0,0,0.215,-0.17,0,0,0.289,0.16,0,0.006,0.195,-0.16,0,0,0.226,-0.24,0,0
94996,20150809,-96.85,40.7,0.187,-0.07,0,0.065,0.207,-0.12,0,0,0.231,-0.04,0,0,0.212,-0.19,0.006,0,0.287,0.13,0,0.006,0.197,-0.13,0,0,0.225,-0.25,0,0
94996,20150810,-96.85,40.7,0.19,-0.03,0,0.065,0.206,-0.14,0,0,0.229,-0.06,0,0,0.211,-0.2,0.006,0,0.285,0.1,0,0,0.198,-0.11,0,0,0.224,-0.26,0,0
94996,20150811,-96.85,40.7,0.191,-0.02,0,0.065,0.205,-0.14,0,0,0.228,-0.07,0,0,0.21,-0.21,0.006,0,0.284,0.08,0,0,0.198,-0.11,0,0,0.224,-0.26,0,0
94996,20150812,-96.85,40.7,0.191,-0.02,0,0.065,0.205,-0.16,0,0,0.226,-0.08,0,0,0.209,-0.22,0.006,0,0.282,0.06,0,0,0.198,-0.11,0.054,0,0.223,-0.27,0,0
94996,20150813,-96.85,40.7,0.19,-0.03,0,0.065,0.204,-0.17,0.042,0,0.225,-0.09,0,0,0.208,-0.23,0.006,0,0.281,0.03,0,0,0.197,-0.12,0.19,0,0.221,-0.28,0.012,0
94996,20150814,-96.85,40.7,0.188,-0.04,0.054,0.065,0.203,-0.17,0.131,0,0.223,-0.11,0,0,0.207,-0.24,0.006,0,0.278,0,0,0,0.196,-0.12,0.333,0,0.22,-0.29,0.071,0
94996,20150815,-96.85,40.7,0.184,-0.08,0.173,0.042,0.202,-0.18,0.25,0,0.221,-0.12,0,0,0.206,-0.25,0.012,0,0.276,-0.03,0,0,0.193,-0.15,0.476,0,0.218,-0.31,0.155,0
94996,20150816,-96.85,40.7,0.172,-0.19,0.315,0,0.201,-0.2,0.393,0,0.219,-0.14,0,0,0.204,-0.26,0.006,0,0.274,-0.06,0,0,0.186,-0.21,0.619,0,0.214,-0.36,0.286,0
94996,20150817,-96.85,40.7,0.165,-0.26,0.458,0,0.198,-0.21,0.536,0,0.216,-0.16,0,0,0.203,-0.27,0.006,0,0.271,-0.1,0,0,0.181,-0.26,0.762,0,0.211,-0.41,0.417,0
94996,20150818,-96.85,40.7,0.185,-0.07,0.47,0.131,0.207,-0.12,0.548,0.036,0.224,-0.1,0,0.048,0.206,-0.24,0.006,0,0.269,-0.14,0,0,0.196,-0.1,0.774,0.131,0.218,-0.3,0.429,0.113
94996,20150819,-96.85,40.7,0.208,0.15,0.47,0.274,0.224,0.06,0.548,0.179,0.234,-0.02,0,0.107,0.211,-0.2,0.006,0,0.266,-0.18,0,0,0.216,0.11,0.72,0.274,0.229,-0.14,0.429,0.256
94996,20150820,-96.85,40.7,0.228,0.33,0.47,0.417,0.238,0.22,0.506,0.321,0.243,0.06,0,0.107,0.215,-0.17,0.006,0,0.265,-0.2,0,0,0.233,0.29,0.583,0.417,0.238,-0.01,0.417,0.399
94996,20150821,-96.85,40.7,0.243,0.47,0.417,0.542,0.251,0.35,0.417,0.452,0.251,0.13,0,0.107,0.219,-0.14,0.006,0,0.263,-0.22,0,0,0.247,0.44,0.44,0.56,0.245,0.1,0.357,0.446
94996,20150822,-96.85,40.7,0.254,0.57,0.298,0.542,0.261,0.46,0.298,0.452,0.258,0.19,0,0.107,0.222,-0.12,0,0,0.262,-0.23,0,0,0.257,0.56,0.298,0.601,0.251,0.19,0.274,0.446
94996,20150823,-96.85,40.7,0.262,0.64,0.155,0.542,0.269,0.54,0.155,0.452,0.265,0.25,0,0.107,0.224,-0.11,0,0,0.261,-0.22,0,0,0.265,0.64,0.155,0.601,0.256,0.26,0.143,0.446
94996,20150824,-96.85,40.7,0.267,0.69,0.012,0.542,0.274,0.6,0.012,0.452,0.27,0.29,0,0.107,0.226,-0.1,0,0,0.261,-0.22,0,0,0.27,0.7,0.012,0.601,0.26,0.31,0.012,0.446
94996,20150825,-96.85,40.7,0.245,0.49,0,0.411,0.266,0.52,0,0.417,0.264,0.24,0,0.06,0.222,-0.15,0,0,0.26,-0.21,0,0,0.256,0.55,0,0.47,0.252,0.19,0,0.333
94996,20150826,-96.85,40.7,0.221,0.28,0,0.268,0.25,0.37,0,0.274,0.255,0.17,0,0,0.216,-0.21,0.048,0,0.26,-0.2,0,0,0.236,0.35,0,0.327,0.241,0.04,0,0.19
94996,20150827,-96.85,40.7,0.202,0.11,0,0.125,0.235,0.22,0,0.131,0.248,0.11,0,0,0.211,-0.27,0.185,0,0.259,-0.2,0,0,0.218,0.18,0,0.185,0.231,-0.09,0,0.048
94996,20150828,-96.85,40.7,0.186,-0.03,0.006,0,0.222,0.09,0,0,0.24,0.05,0,0,0.207,-0.32,0.31,0,0.259,-0.19,0,0,0.204,0.04,0,0.042,0.223,-0.21,0,0
94996,20150829,-96.85,40.7,0.175,-0.12,0.024,0,0.212,0,0,0,0.233,-0.01,0,0,0.203,-0.36,0.446,0,0.259,-0.18,0,0,0.194,-0.06,0.024,0,0.217,-0.29,0,0
94996,20150830,-96.85,40.7,0.167,-0.19,0.137,0,0.204,-0.08,0.042,0,0.227,-0.06,0,0,0.2,-0.4,0.589,0,0.258,-0.17,0,0,0.186,-0.13,0.131,0,0.212,-0.36,0.042,0
94996,20150831,-96.85,40.7,0.163,-0.23,0.226,0,0.199,-0.13,0.089,0,0.222,-0.1,0,0,0.198,-0.43,0.732,0,0.258,-0.17,0,0,0.181,-0.18,0.22,0,0.208,-0.41,0.113,0
94996,20150901,-96.85,40.7,0.16,-0.25,0.292,0,0.197,-0.15,0.119,0,0.218,-0.13,0,0,0.197,-0.45,0.875,0,0.258,-0.16,0,0,0.178,-0.21,0.268,0,0.206,-0.45,0.244,0
94996,20150902,-96.85,40.7,0.158,-0.26,0.351,0,0.195,-0.17,0.137,0,0.215,-0.16,0,0,0.196,-0.47,0.97,0,0.257,-0.16,0,0,0.176,-0.22,0.31,0,0.204,-0.47,0.381,0
94996,20150903,-96.85,40.7,0.157,-0.27,0.464,0,0.193,-0.18,0.149,0,0.212,-0.18,0,0,0.195,-0.48,0.976,0,0.257,-0.16,0,0,0.175,-0.23,0.387,0,0.203,-0.49,0.524,0
94996,20150904,-96.85,40.7,0.155,-0.28,0.595,0,0.193,-0.18,0.167,0,0.21,-0.2,0,0,0.195,-0.49,0.994,0,0.256,-0.17,0,0,0.174,-0.23,0.482,0,0.202,-0.5,0.667,0
94996,20150905,-96.85,40.7,0.154,-0.28,0.72,0,0.192,-0.19,0.25,0,0.207,-0.22,0,0,0.194,-0.5,1,0,0.255,-0.17,0,0,0.173,-0.24,0.601,0,0.2,-0.52,0.81,0
94996,20150906,-96.85,40.7,0.153,-0.29,0.75,0,0.191,-0.19,0.31,0,0.205,-0.24,0,0,0.194,-0.51,1,0,0.254,-0.17,0.006,0,0.172,-0.25,0.637,0,0.199,-0.53,0.911,0
94996,20150907,-96.85,40.7,0.164,-0.19,0.726,0.071,0.197,-0.13,0.333,0.036,0.21,-0.19,0,0.071,0.198,-0.47,0.929,0,0.253,-0.18,0.006,0,0.18,-0.16,0.619,0.071,0.204,-0.46,0.911,0.071
94996,20150908,-96.85,40.7,0.187,0.03,0.661,0.214,0.211,0,0.304,0.089,0.222,-0.07,0,0.214,0.207,-0.37,0.786,0.006,0.252,-0.18,0.006,0,0.199,0.01,0.571,0.214,0.216,-0.3,0.78,0.214
94996,20150909,-96.85,40.7,0.212,0.25,0.601,0.357,0.226,0.14,0.286,0.232,0.235,0.07,0,0.357,0.219,-0.25,0.643,0.006,0.252,-0.19,0.006,0,0.219,0.2,0.53,0.357,0.229,-0.13,0.643,0.357
94996,20150910,-96.85,40.7,0.236,0.46,0.488,0.5,0.24,0.27,0.274,0.357,0.247,0.19,0,0.5,0.229,-0.15,0.5,0.006,0.251,-0.19,0.006,0,0.238,0.37,0.452,0.5,0.24,0.03,0.5,0.5
94996,20150911,-96.85,40.7,0.263,0.71,0.355,0.639,0.256,0.43,0.259,0.494,0.259,0.31,0,0.639,0.24,-0.03,0.361,0.066,0.251,-0.19,0.006,0,0.26,0.58,0.361,0.639,0.254,0.21,0.361,0.639
94996,20150912,-96.85,40.7,0.289,0.93,0.211,0.783,0.274,0.59,0.175,0.639,0.272,0.44,0,0.783,0.253,0.1,0.217,0.12,0.25,-0.18,0.006,0,0.281,0.77,0.217,0.783,0.267,0.4,0.217,0.783
94996,20150913,-96.85,40.7,0.311,1.13,0.066,0.928,0.289,0.74,0.072,0.783,0.285,0.58,0,0.928,0.264,0.22,0.072,0.12,0.25,-0.18,0,0,0.3,0.94,0.072,0.928,0.28,0.56,0.072,0.928
94996,20150914,-96.85,40.7,0.318,1.2,0,1,0.296,0.81,0,0.892,0.291,0.65,0,1,0.269,0.28,0,0.12,0.249,-0.17,0,0,0.307,1.01,0,1,0.285,0.64,0,1
94996,20150915,-96.85,40.7,0.309,1.11,0,1,0.294,0.79,0,0.922,0.289,0.64,0,1,0.269,0.27,0,0.114,0.249,-0.17,0.006,0,0.302,0.95,0,0.958,0.282,0.61,0,1
94996,20150916,-96.85,40.7,0.296,0.99,0,0.88,0.288,0.74,0,0.783,0.286,0.61,0,1,0.265,0.24,0,0.114,0.249,-0.16,0.006,0,0.292,0.86,0,0.819,0.277,0.54,0,0.88
94996,20150917,-96.85,40.7,0.28,0.85,0,0.735,0.282,0.69,0,0.657,0.282,0.58,0,0.964,0.262,0.21,0,0.114,0.248,-0.16,0.006,0,0.281,0.76,0,0.675,0.271,0.47,0,0.735
94996,20150918,-96.85,40.7,0.259,0.66,0,0.595,0.27,0.59,0,0.518,0.278,0.54,0,0.833,0.256,0.15,0,0.054,0.248,-0.15,0.006,0,0.265,0.61,0,0.536,0.262,0.36,0,0.595
94996,20150919,-96.85,40.7,0.239,0.48,0,0.452,0.258,0.48,0,0.375,0.271,0.48,0,0.69,0.248,0.08,0,0,0.248,-0.14,0.006,0,0.249,0.47,0,0.393,0.253,0.24,0,0.452
94996,20150920,-96.85,40.7,0.222,0.33,0,0.31,0.247,0.38,0,0.232,0.264,0.4,0,0.548,0.242,0.02,0,0,0.248,-0.14,0.006,0,0.235,0.34,0,0.25,0.245,0.13,0,0.31
94996,20150921,-96.85,40.7,0.208,0.21,0,0.167,0.237,0.29,0,0.089,0.257,0.33,0,0.405,0.235,-0.05,0,0,0.248,-0.14,0.006,0,0.222,0.23,0,0.107,0.237,0.03,0,0.167
94996,20150922,-96.85,40.7,0.196,0.1,0,0.024,0.228,0.21,0,0.006,0.25,0.26,0,0.262,0.228,-0.11,0,0,0.247,-0.15,0,0,0.212,0.14,0,0.006,0.23,-0.06,0,0.024
94996,20150923,-96.85,40.7,0.187,0.03,0,0,0.221,0.14,0,0,0.244,0.19,0,0.119,0.223,-0.16,0,0,0.247,-0.16,0,0,0.204,0.07,0,0,0.224,-0.13,0,0
94996,20150924,-96.85,40.7,0.182,-0.01,0,0.012,0.216,0.1,0,0,0.239,0.14,0,0.024,0.218,-0.21,0,0,0.247,-0.17,0,0,0.199,0.03,0,0,0.221,-0.18,0,0
94996,20150925,-96.85,40.7,0.188,0.04,0,0.042,0.215,0.1,0,0,0.243,0.19,0,0.155,0.215,-0.24,0,0,0.247,-0.18,0,0,0.201,0.06,0,0,0.221,-0.16,0,0
94996,20150926,-96.85,40.7,0.193,0.09,0,0.042,0.215,0.11,0,0,0.246,0.22,0,0.298,0.212,-0.27,0,0,0.247,-0.19,0,0,0.204,0.09,0,0,0.222,-0.14,0,0
94996,20150927,-96.85,40.7,0.195,0.12,0,0.042,0.215,0.13,0,0,0.248,0.25,0,0.435,0.21,-0.3,0,0,0.246,-0.2,0,0,0.205,0.11,0,0,0.223,-0.13,0,0
94996,20150928,-96.85,40.7,0.196,0.13,0,0.042,0.215,0.13,0,0,0.25,0.28,0,0.452,0.209,-0.32,0,0,0.246,-0.21,0,0,0.206,0.11,0,0,0.223,-0.12,0,0
94996,20150929,-96.85,40.7,0.196,0.12,0,0.042,0.215,0.13,0,0,0.251,0.29,0,0.452,0.207,-0.33,0,0,0.247,-0.21,0.006,0,0.205,0.11,0,0,0.223,-0.11,0,0
94996,20150930,-96.85,40.7,0.195,0.12,0,0.042,0.214,0.13,0,0,0.251,0.29,0,0.452,0.206,-0.34,0,0,0.246,-0.21,0.006,0,0.205,0.1,0,0,0.222,-0.11,0,0
94996,20151001,-96.85,40.7,0.193,0.1,0,0.03,0.213,0.12,0,0,0.249,0.28,0,0.44,0.204,-0.35,0,0,0.246,-0.21,0.006,0,0.203,0.08,0,0,0.221,-0.12,0.006,0
94996,20151002,-96.85,40.7,0.182,0,0.012,0,0.208,0.07,0,0,0.24,0.19,0,0.298,0.202,-0.37,0,0,0.246,-0.21,0.006,0,0.195,0,0,0,0.216,-0.19,0.095,0
94996,20151003,-96.85,40.7,0.173,-0.09,0.119,0,0.204,0.03,0,0,0.231,0.1,0,0.155,0.2,-0.38,0,0,0.246,-0.22,0.006,0,0.188,-0.08,0.089,0,0.211,-0.24,0.238,0
94996,20151004,-96.85,40.7,0.166,-0.15,0.262,0,0.2,-0.02,0,0,0.223,0.02,0,0.018,0.198,-0.4,0,0,0.245,-0.22,0.006,0,0.183,-0.14,0.232,0,0.206,-0.29,0.381,0
94996,20151005,-96.85,40.7,0.161,-0.2,0.405,0,0.196,-0.05,0,0,0.216,-0.05,0,0,0.196,-0.41,0,0,0.245,-0.22,0.006,0,0.178,-0.18,0.375,0,0.203,-0.33,0.524,0
94996,20151006,-96.85,40.7,0.157,-0.23,0.548,0,0.193,-0.08,0.006,0,0.21,-0.09,0,0,0.194,-0.43,0,0,0.244,-0.23,0,0,0.175,-0.21,0.518,0,0.2,-0.36,0.667,0
94996,20151007,-96.85,40.7,0.155,-0.25,0.679,0,0.191,-0.1,0.006,0,0.205,-0.12,0,0,0.192,-0.44,0,0,0.244,-0.23,0,0,0.173,-0.23,0.649,0,0.197,-0.38,0.81,0
94996,20151008,-96.85,40.7,0.153,-0.26,0.798,0,0.189,-0.11,0.006,0,0.201,-0.14,0,0,0.191,-0.44,0,0,0.244,-0.23,0,0,0.171,-0.24,0.72,0,0.195,-0.39,0.946,0
94996,20151009,-96.85,40.7,0.151,-0.27,0.869,0,0.188,-0.12,0.006,0,0.197,-0.16,0,0,0.19,-0.45,0,0,0.243,-0.23,0,0,0.169,-0.25,0.821,0,0.194,-0.4,1,0
94996,20151010,-96.85,40.7,0.149,-0.27,0.863,0,0.186,-0.13,0.006,0,0.195,-0.17,0,0,0.189,-0.46,0,0,0.243,-0.24,0,0,0.168,-0.25,0.875,0,0.192,-0.4,1,0
94996,20151011,-96.85,40.7,0.148,-0.27,0.72,0,0.185,-0.13,0.006,0,0.193,-0.17,0,0,0.188,-0.46,0,0,0.243,-0.24,0,0,0.167,-0.25,0.798,0,0.191,-0.4,1,0
94996,20151012,-96.85,40.7,0.147,-0.26,0.577,0,0.185,-0.12,0.006,0,0.192,-0.17,0,0,0.187,-0.47,0,0,0.242,-0.24,0,0,0.166,-0.24,0.655,0,0.191,-0.39,0.875,0
94996,20151013,-96.85,40.7,0.145,-0.26,0.458,0,0.184,-0.12,0,0,0.191,-0.17,0,0,0.186,-0.47,0,0,0.242,-0.24,0,0,0.164,-0.24,0.512,0,0.19,-0.39,0.78,0
94996,20151014,-96.85,40.7,0.144,-0.26,0.399,0,0.182,-0.12,0,0,0.189,-0.18,0,0,0.186,-0.48,0,0,0.242,-0.25,0,0,0.163,-0.23,0.387,0,0.189,-0.38,0.679,0
94996,20151015,-96.85,40.7,0.141,-0.26,0.393,0,0.18,-0.12,0,0,0.188,-0.18,0,0,0.185,-0.48,0,0,0.242,-0.25,0,0,0.161,-0.23,0.333,0,0.187,-0.38,0.56,0
94996,20151016,-96.85,40.7,0.139,-0.26,0.435,0,0.179,-0.13,0,0,0.186,-0.19,0,0,0.184,-0.49,0,0,0.241,-0.25,0,0,0.159,-0.23,0.31,0,0.186,-0.38,0.458,0
94996,20151017,-96.85,40.7,0.138,-0.27,0.476,0,0.177,-0.13,0,0,0.184,-0.19,0,0,0.182,-0.49,0,0,0.24,-0.26,0.006,0,0.157,-0.24,0.31,0,0.184,-0.37,0.429,0
94996,20151018,-96.85,40.7,0.136,-0.28,0.619,0,0.176,-0.13,0.012,0,0.183,-0.2,0,0,0.182,-0.5,0,0,0.239,-0.27,0.006,0,0.156,-0.24,0.387,0,0.183,-0.38,0.423,0
94996,20151019,-96.85,40.7,0.134,-0.3,0.762,0,0.174,-0.14,0.024,0,0.181,-0.2,0,0,0.18,-0.5,0,0,0.238,-0.28,0.006,0,0.154,-0.25,0.53,0,0.182,-0.38,0.512,0
94996,20151020,-96.85,40.7,0.132,-0.31,0.881,0,0.173,-0.15,0.065,0,0.18,-0.21,0,0,0.18,-0.5,0,0,0.238,-0.28,0.018,0,0.153,-0.26,0.673,0,0.181,-0.38,0.512,0
94996,20151021,-96.85,40.7,0.131,-0.32,0.952,0,0.173,-0.16,0.119,0,0.179,-0.21,0,0,0.179,-0.5,0,0,0.237,-0.29,0.065,0,0.152,-0.27,0.81,0,0.18,-0.38,0.536,0
94996,20151022,-96.85,40.7,0.13,-0.33,0.982,0,0.172,-0.17,0.226,0,0.179,-0.21,0,0,0.179,-0.5,0,0,0.236,-0.3,0.095,0,0.151,-0.28,0.935,0,0.179,-0.38,0.619,0
94996,20151023,-96.85,40.7,0.13,-0.35,1,0,0.172,-0.18,0.369,0,0.178,-0.21,0,0,0.178,-0.51,0,0,0.236,-0.31,0.119,0,0.151,-0.29,1,0,0.179,-0.39,0.702,0
94996,20151024,-96.85,40.7,0.13,-0.36,1,0,0.172,-0.2,0.512,0,0.178,-0.2,0,0,0.178,-0.51,0,0,0.235,-0.31,0.119,0,0.151,-0.3,1,0,0.179,-0.39,0.69,0
94996,20151025,-96.85,40.7,0.13,-0.37,1,0,0.172,-0.21,0.643,0,0.178,-0.2,0,0,0.178,-0.51,0,0,0.235,-0.31,0.131,0,0.151,-0.31,1,0,0.179,-0.39,0.679,0
94996,20151026,-96.85,40.7,0.131,-0.37,1,0,0.171,-0.23,0.774,0,0.178,-0.21,0,0,0.178,-0.51,0,0,0.235,-0.31,0.143,0,0.151,-0.32,1,0,0.178,-0.39,0.714,0
94996,20151027,-96.85,40.7,0.131,-0.38,1,0,0.17,-0.25,0.875,0,0.177,-0.22,0,0,0.177,-0.51,0,0,0.235,-0.31,0.143,0,0.15,-0.33,1,0,0.178,-0.4,0.81,0
94996,20151028,-96.85,40.7,0.131,-0.39,1,0,0.169,-0.26,0.964,0,0.176,-0.23,0,0,0.177,-0.52,0,0,0.234,-0.32,0.137,0,0.15,-0.34,1,0,0.177,-0.41,0.887,0
94996,20151029,-96.85,40.7,0.131,-0.41,1,0,0.168,-0.28,1,0,0.175,-0.24,0,0,0.176,-0.52,0,0,0.234,-0.32,0.119,0,0.149,-0.35,1,0,0.177,-0.43,0.923,0
94996,20151030,-96.85,40.7,0.131,-0.43,1,0,0.167,-0.3,1,0,0.174,-0.25,0,0,0.175,-0.52,0,0,0.233,-0.32,0.125,0,0.149,-0.36,1,0,0.176,-0.44,0.94,0
94996,20151031,-96.85,40.7,0.131,-0.44,1,0,0.166,-0.32,1,0,0.172,-0.27,0,0,0.174,-0.53,0,0,0.232,-0.32,0.143,0,0.148,-0.38,1,0,0.175,-0.46,0.982,0
94996,20151101,-96.85,40.7,0.132,-0.45,1,0,0.165,-0.33,1,0,0.171,-0.28,0,0,0.173,-0.53,0,0,0.232,-0.33,0.167,0,0.149,-0.38,1,0,0.175,-0.47,1,0
94996,20151102,-96.85,40.7,0.134,-0.45,1,0,0.165,-0.34,1,0,0.17,-0.29,0,0,0.173,-0.53,0,0,0.231,-0.33,0.173,0,0.15,-0.39,1,0,0.175,-0.49,1,0
94996,20151103,-96.85,40.7,0.136,-0.46,1,0,0.165,-0.35,1,0,0.17,-0.3,0,0,0.173,-0.53,0,0,0.231,-0.33,0.173,0,0.15,-0.4,1,0,0.175,-0.49,1,0
94996,20151104,-96.85,40.7,0.137,-0.47,1,0,0.166,-0.36,1,0,0.17,-0.31,0.006,0,0.173,-0.52,0,0,0.231,-0.33,0.131,0,0.151,-0.41,1,0,0.175,-0.5,1,0
94996,20151105,-96.85,40.7,0.139,-0.48,1,0,0.167,-0.37,1,0,0.171,-0.33,0.054,0,0.173,-0.52,0,0,0.231,-0.33,0.119,0,0.153,-0.43,1,0,0.176,-0.51,1,0
94996,20151106,-96.85,40.7,0.14,-0.48,1,0,0.168,-0.38,1,0,0.171,-0.35,0.196,0,0.174,-0.51,0,0,0.231,-0.33,0.089,0,0.154,-0.45,1,0,0.177,-0.51,1,0
94996,20151107,-96.85,40.7,0.14,-0.5,1,0,0.169,-0.4,1,0,0.172,-0.38,0.339,0,0.174,-0.51,0,0,0.231,-0.33,0.065,0,0.154,-0.48,1,0,0.177,-0.52,1,0
94996,20151108,-96.85,40.7,0.138,-0.54,1,0,0.169,-0.43,1,0,0.172,-0.42,0.482,0,0.174,-0.51,0,0,0.231,-0.33,0.03,0,0.153,-0.53,1,0,0.177,-0.54,1,0
94996,20151109,-96.85,40.7,0.136,-0.59,1,0,0.168,-0.46,1,0,0.172,-0.47,0.625,0,0.174,-0.51,0,0,0.231,-0.33,0.012,0,0.152,-0.58,1,0,0.176,-0.56,1,0
94996,20151110,-96.85,40.7,0.134,-0.64,1,0,0.168,-0.5,1,0,0.171,-0.51,0.768,0,0.174,-0.51,0,0,0.231,-0.33,0,0,0.151,-0.63,1,0,0.175,-0.58,1,0
94996,20151111,-96.85,40.7,0.132,-0.69,1,0,0.167,-0.55,1,0,0.17,-0.56,0.905,0,0.173,-0.51,0,0,0.231,-0.33,0,0,0.15,-0.68,1,0,0.175,-0.61,1,0
94996,20151112,-96.85,40.7,0.135,-0.7,1,0,0.17,-0.57,0.994,0,0.174,-0.56,0.887,0,0.176,-0.49,0,0,0.23,-0.34,0.018,0,0.152,-0.69,1,0,0.177,-0.61,0.905,0
94996,20151113,-96.85,40.7,0.138,-0.7,1,0,0.174,-0.59,0.994,0,0.178,-0.55,0.75,0,0.179,-0.47,0,0,0.23,-0.34,0.042,0,0.156,-0.69,1,0,0.18,-0.61,0.905,0
94996,20151114,-96.85,40.7,0.142,-0.7,1,0,0.177,-0.61,0.994,0,0.182,-0.53,0.708,0,0.181,-0.45,0,0,0.229,-0.35,0.083,0,0.16,-0.69,1,0,0.182,-0.61,0.905,0
94996,20151115,-96.85,40.7,0.146,-0.69,1,0,0.181,-0.63,0.994,0,0.186,-0.52,0.708,0,0.183,-0.44,0,0,0.229,-0.36,0.125,0,0.163,-0.69,1,0,0.185,-0.62,0.905,0
94996,20151116,-96.85,40.7,0.149,-0.68,1,0,0.184,-0.64,0.994,0,0.19,-0.5,0.708,0,0.185,-0.42,0,0,0.229,-0.36,0.155,0,0.167,-0.68,1,0,0.187,-0.63,0.905,0
94996,20151117,-96.85,40.7,0.157,-0.63,0.97,0.012,0.189,-0.64,0.964,0,0.195,-0.47,0.679,0.006,0.188,-0.4,0,0,0.228,-0.37,0.22,0,0.173,-0.64,0.97,0.006,0.191,-0.62,0.875,0
94996,20151118,-96.85,40.7,0.182,-0.43,0.827,0.155,0.207,-0.51,0.821,0.006,0.211,-0.35,0.536,0.018,0.196,-0.34,0,0,0.228,-0.38,0.28,0,0.195,-0.47,0.827,0.143,0.205,-0.52,0.732,0
94996,20151119,-96.85,40.7,0.203,-0.26,0.685,0.298,0.221,-0.41,0.685,0.018,0.22,-0.28,0.506,0.018,0.202,-0.3,0,0,0.228,-0.39,0.327,0,0.212,-0.33,0.685,0.286,0.215,-0.44,0.685,0
94996,20151120,-96.85,40.7,0.22,-0.12,0.542,0.44,0.233,-0.32,0.542,0.018,0.229,-0.21,0.5,0.018,0.208,-0.25,0,0,0.228,-0.39,0.369,0,0.227,-0.22,0.542,0.363,0.224,-0.37,0.542,0
94996,20151121,-96.85,40.7,0.237,0.02,0.399,0.583,0.246,-0.23,0.399,0.018,0.238,-0.14,0.399,0.018,0.214,-0.2,0,0,0.228,-0.4,0.417,0,0.241,-0.1,0.399,0.375,0.233,-0.29,0.399,0
94996,20151122,-96.85,40.7,0.253,0.15,0.256,0.69,0.258,-0.13,0.256,0.018,0.247,-0.06,0.256,0.018,0.221,-0.15,0,0,0.228,-0.4,0.464,0,0.256,0.02,0.256,0.375,0.242,-0.21,0.256,0
94996,20151123,-96.85,40.7,0.27,0.29,0.113,0.72,0.271,-0.04,0.113,0.018,0.257,0.01,0.113,0.018,0.228,-0.1,0,0,0.227,-0.41,0.53,0,0.27,0.15,0.113,0.375,0.25,-0.13,0.113,0
94996,20151124,-96.85,40.7,0.282,0.39,0,0.714,0.281,0.05,0,0.018,0.264,0.07,0,0.012,0.234,-0.05,0,0,0.227,-0.41,0.595,0,0.282,0.25,0,0.369,0.258,-0.07,0,0
94996,20151125,-96.85,40.7,0.276,0.34,0,0.619,0.278,0.02,0,0.012,0.261,0.05,0,0,0.234,-0.05,0,0,0.227,-0.42,0.661,0,0.277,0.21,0,0.232,0.255,-0.1,0,0
94996,20151126,-96.85,40.7,0.271,0.31,0,0.577,0.276,0,0,0,0.26,0.04,0,0,0.234,-0.06,0,0,0.226,-0.42,0.72,0,0.273,0.18,0,0.089,0.253,-0.13,0,0
94996,20151127,-96.85,40.7,0.274,0.37,0,0.577,0.276,0.01,0,0.089,0.26,0.03,0,0,0.234,-0.06,0,0,0.226,-0.42,0.744,0,0.275,0.22,0,0.137,0.254,-0.12,0,0
94996,20151128,-96.85,40.7,0.275,0.42,0,0.577,0.278,0.02,0,0.137,0.261,0.04,0,0,0.234,-0.06,0,0,0.226,-0.43,0.768,0,0.277,0.25,0,0.268,0.255,-0.12,0,0
94996,20151129,-96.85,40.7,0.277,0.47,0,0.613,0.28,0.04,0,0.19,0.262,0.05,0,0,0.234,-0.06,0,0,0.225,-0.43,0.798,0,0.279,0.29,0,0.411,0.256,-0.11,0,0
94996,20151130,-96.85,40.7,0.281,0.55,0,0.726,0.284,0.07,0,0.327,0.265,0.08,0,0,0.235,-0.05,0,0,0.225,-0.44,0.833,0,0.283,0.35,0,0.554,0.258,-0.09,0,0
94996,20151201,-96.85,40.7,0.289,0.67,0,0.863,0.291,0.14,0,0.47,0.273,0.14,0,0.107,0.24,-0.01,0,0.101,0.224,-0.44,0.845,0,0.29,0.46,0,0.696,0.263,-0.03,0,0.107
94996,20151202,-96.85,40.7,0.294,0.74,0,0.958,0.3,0.21,0,0.613,0.281,0.21,0,0.25,0.244,0.03,0,0.19,0.224,-0.45,0.863,0,0.297,0.55,0,0.839,0.269,0.03,0,0.25
94996,20151203,-96.85,40.7,0.298,0.8,0,1,0.307,0.28,0,0.756,0.289,0.28,0,0.393,0.249,0.06,0,0.292,0.224,-0.46,0.881,0,0.303,0.64,0,0.982,0.273,0.08,0,0.393
94996,20151204,-96.85,40.7,0.296,0.75,0,1,0.312,0.32,0,0.81,0.296,0.34,0,0.536,0.252,0.09,0,0.321,0.223,-0.47,0.935,0,0.304,0.66,0,1,0.276,0.1,0,0.44
94996,20151205,-96.85,40.7,0.296,0.73,0,1,0.315,0.35,0,0.905,0.302,0.38,0,0.679,0.254,0.11,0,0.339,0.223,-0.48,0.964,0,0.306,0.69,0,1,0.278,0.13,0,0.518
94996,20151206,-96.85,40.7,0.295,0.7,0,1,0.32,0.39,0,0.994,0.308,0.42,0,0.821,0.258,0.14,0,0.363,0.222,-0.48,0.988,0,0.307,0.72,0,1,0.28,0.15,0,0.601
94996,20151207,-96.85,40.7,0.292,0.64,0,1,0.322,0.41,0,1,0.313,0.45,0,0.952,0.26,0.15,0,0.369,0.222,-0.49,1,0,0.307,0.72,0,1,0.282,0.17,0,0.631
94996,20151208,-96.85,40.7,0.287,0.54,0,0.976,0.32,0.4,0,1,0.312,0.43,0,0.935,0.259,0.14,0,0.268,0.222,-0.49,1,0,0.303,0.67,0,1,0.28,0.15,0,0.524
94996,20151209,-96.85,40.7,0.283,0.47,0,0.893,0.317,0.39,0,1,0.31,0.4,0,0.804,0.258,0.13,0,0.179,0.222,-0.49,0.994,0,0.3,0.62,0,1,0.278,0.12,0,0.381
94996,20151210,-96.85,40.7,0.28,0.41,0,0.762,0.315,0.37,0,1,0.309,0.37,0,0.667,0.257,0.12,0,0.089,0.222,-0.49,0.994,0,0.297,0.58,0,1,0.277,0.11,0,0.244
94996,20151211,-96.85,40.7,0.278,0.37,0,0.619,0.313,0.37,0,1,0.308,0.34,0,0.524,0.256,0.11,0,0.071,0.223,-0.49,0.994,0,0.296,0.55,0,1,0.276,0.09,0,0.196
94996,20151212,-96.85,40.7,0.275,0.32,0,0.476,0.312,0.36,0,1,0.307,0.31,0,0.381,0.255,0.1,0,0.054,0.223,-0.49,0.994,0,0.293,0.5,0,0.994,0.274,0.08,0,0.119
94996,20151213,-96.85,40.7,0.277,0.32,0,0.393,0.313,0.38,0,0.976,0.309,0.31,0,0.286,0.257,0.11,0,0.083,0.223,-0.49,0.994,0,0.295,0.51,0,0.964,0.276,0.09,0,0.095
94996,20151214,-96.85,40.7,0.289,0.44,0,0.393,0.324,0.51,0,0.976,0.32,0.36,0,0.298,0.264,0.18,0,0.22,0.232,-0.4,0.899,0.065,0.307,0.62,0,0.964,0.286,0.19,0,0.208
94996,20151215,-96.85,40.7,0.298,0.52,0,0.417,0.333,0.61,0,0.976,0.329,0.42,0,0.351,0.272,0.24,0,0.363,0.249,-0.22,0.756,0.208,0.316,0.71,0,0.964,0.296,0.31,0,0.351
94996,20151216,-96.85,40.7,0.304,0.55,0,0.5,0.34,0.69,0,0.976,0.336,0.46,0,0.482,0.277,0.28,0,0.506,0.264,-0.06,0.619,0.351,0.322,0.76,0,0.964,0.304,0.41,0,0.494
94996,20151217,-96.85,40.7,0.308,0.57,0,0.594,0.345,0.75,0,0.976,0.342,0.5,0,0.619,0.282,0.32,0,0.637,0.279,0.1,0.476,0.494,0.327,0.79,0,0.964,0.311,0.49,0,0.624
94996,20151218,-96.85,40.7,0.312,0.6,0,0.647,0.35,0.81,0,0.976,0.347,0.53,0,0.762,0.286,0.35,0,0.756,0.293,0.24,0.333,0.637,0.331,0.83,0,0.941,0.317,0.56,0,0.752
94996,20151219,-96.85,40.7,0.314,0.66,0,0.739,0.354,0.85,0,0.976,0.351,0.56,0,0.905,0.289,0.38,0,0.899,0.306,0.39,0.19,0.78,0.334,0.89,0,0.903,0.323,0.65,0,0.896
94996,20151220,-96.85,40.7,0.311,0.7,0,0.809,0.353,0.85,0,1,0.352,0.57,0,0.97,0.291,0.39,0,0.97,0.319,0.53,0.048,0.923,0.332,0.94,0,0.927,0.325,0.75,0,1
94996,20151221,-96.85,40.7,0.3,0.54,0,0.756,0.345,0.74,0,1,0.344,0.52,0,0.946,0.286,0.35,0,0.94,0.323,0.57,0,1,0.323,0.81,0,0.907,0.32,0.73,0,1
94996,20151222,-96.85,40.7,0.292,0.41,0,0.661,0.338,0.65,0,0.952,0.339,0.48,0,0.911,0.282,0.32,0,0.905,0.32,0.54,0,0.994,0.315,0.68,0,0.871,0.314,0.66,0,1
94996,20151223,-96.85,40.7,0.288,0.33,0,0.447,0.334,0.57,0,0.869,0.335,0.46,0,0.851,0.279,0.29,0,0.821,0.317,0.51,0,0.988,0.311,0.59,0,0.789,0.311,0.6,0,1
94996,20151224,-96.85,40.7,0.294,0.23,0,0.059,0.338,0.6,0,0.869,0.338,0.5,0,0.851,0.282,0.33,0,0.821,0.318,0.52,0,0.988,0.316,0.47,0,0.529,0.314,0.54,0,1
94996,20151225,-96.85,40.7,0.296,0.18,0,0,0.34,0.59,0,0.869,0.34,0.51,0,0.851,0.283,0.34,0,0.833,0.319,0.5,0,0.982,0.318,0.36,0,0,0.316,0.5,0,1
94996,20151226,-96.85,40.7,0.3,,,,0.343,0.58,0,0.857,0.341,0.52,0,0.851,0.285,0.35,0,0.833,0.32,0.49,0,0.97,0.321,,,,0.318,,,
94996,20151227,-96.85,40.7,0.305,,,,0.346,0.6,0,0.853,0.344,0.54,0,0.881,0.287,0.38,0,0.851,0.321,0.48,0,0.952,0.326,,,,0.321,,,
94996,20151228,-96.85,40.7,0.307,,,,0.348,0.61,0,0.827,0.346,0.55,0,0.887,0.288,0.39,0,0.881,0.322,0.46,0,0.935,0.327,,,,0.322,,,
94996,20151229,-96.85,40.7,0.31,,,,0.349,0.65,0,0.861,0.347,0.54,0,0.821,0.288,0.4,0,0.839,0.324,0.45,0,0.94,0.331,,,,0.324,,,
94996,20151230,-96.85,40.7,,,,,0.348,0.72,0,0.978,0.348,0.54,0,0.744,0.289,0.4,0,0.815,0.325,0.45,0,0.935,,,,,,,,
94996,20151231,-96.85,40.7,,,,,0.341,0.62,0,0.97,0.342,0.47,0,0.601,0.284,0.36,0,0.673,0.323,0.41,0,0.911,,,,,,,,
94996,20160101,-96.85,40.7,,,,,0.335,0.58,0,0.953,0.339,0.43,0,0.458,0.282,0.34,0,0.536,0.322,0.4,0,0.893,,,,,,,,
94996,20160102,-96.85,40.7,,,,,0.33,0.62,0,1,0.336,0.39,0,0.315,0.28,0.33,0,0.393,0.321,0.39,0,0.881,,,,,,,,
94996,20160103,-96.85,40.7,,,,,0.324,,,,0.332,0.35,0,0.173,0.278,0.31,0,0.25,0.32,0.38,0,0.875,,,,,,,,
94996,20160104,-96.85,40.7,,,,,0.32,,,,0.329,0.31,0,0.048,0.275,0.29,0,0.107,0.319,0.37,0,0.845,,,,,,,,
94996,20160105,-96.85,40.7,,,,,0.317,,,,0.327,0.28,0,0.006,0.274,0.28,0,0.042,0.318,0.36,0,0.798,,,,,,,,
94996,20160106,-96.85,40.7,,,,,0.314,,,,0.325,0.25,0,0,0.273,0.27,0,0.006,0.317,0.35,0,0.762,,,,,,,,
94996,20160107,-96.85,40.7,,,,,0.312,,,,0.324,0.21,0,0,0.272,0.26,0,0.006,0.316,0.35,0,0.72,,,,,,,,
94996,20160108,-96.85,40.7,,,,,0.317,,,,0.327,0.21,0,0.067,0.274,0.29,0,0.095,0.316,0.35,0,0.714,,,,,,,,
94996,20160109,-96.85,40.7,,,,,0.324,,,,0.332,0.19,0,0.079,0.277,0.33,0,0.238,0.317,0.37,0,0.738,,,,,,,,
94996,20160110,-96.85,40.7,,,,,0.327,,,,0.335,0.18,0,0.096,0.28,0.36,0,0.381,0.318,0.4,0,0.762,,,,,,,,
94996,20160111,-96.85,40.7,,,,,0.329,,,,0.339,0.17,0,0.121,0.281,0.38,0,0.518,0.32,0.43,0,0.81,,,,,,,,
94996,20160112,-96.85,40.7,,,,,,,,,0.346,0.16,0,0.164,0.282,0.4,0,0.625,0.321,0.45,0,0.851,,,,,,,,
94996,20160113,-96.85,40.7,,,,,,,,,0.353,0.18,0,0.256,0.283,0.42,0,0.726,0.321,0.47,0,0.899,,,,,,,,
94996,20160114,-96.85,40.7,,,,,,,,,0.359,0.34,0,0.579,0.283,0.44,0,0.81,0.322,0.49,0,0.964,,,,,,,,
94996,20160115,-96.85,40.7,,,,,,,,,0.363,,,,0.281,0.43,0,0.821,0.323,0.5,0,0.994,,,,,,,,
94996,20160116,-96.85,40.7,,,,,,,,,0.364,,,,0.277,0.4,0,0.768,0.322,0.49,0,0.988,,,,,,,,
94996,20160117,-96.85,40.7,,,,,,,,,0.367,,,,0.275,0.39,0,0.732,0.32,0.47,0,0.982,,,,,,,,
94996,20160118,-96.85,40.7,,,,,,,,,0.369,,,,0.274,0.39,0,0.696,0.319,0.46,0,0.964,,,,,,,,
94996,20160119,-96.85,40.7,,,,,,,,,0.367,,,,0.273,0.39,0,0.685,0.319,0.45,0,0.94,,,,,,,,
94996,20160120,-96.85,40.7,,,,,,,,,0.365,,,,0.272,0.39,0,0.661,0.318,0.43,0,0.899,,,,,,,,
94996,20160121,-96.85,40.7,,,,,,,,,0.363,,,,0.272,0.38,0,0.643,0.317,0.42,0,0.857,,,,,,,,
94996,20160122,-96.85,40.7,,,,,,,,,0.36,,,,0.272,0.37,0,0.595,0.316,0.4,0,0.792,,,,,,,,
94996,20160123,-96.85,40.7,,,,,,,,,0.358,,,,0.271,0.36,0,0.542,0.316,0.39,0,0.732,,,,,,,,
94996,20160124,-96.85,40.7,,,,,,,,,0.356,,,,0.271,0.34,0,0.464,0.315,0.38,0,0.673,,,,,,,,
94996,20160125,-96.85,40.7,,,,,,,,,0.356,,,,0.271,0.31,0,0.369,0.314,0.36,0,0.613,,,,,,,,
94996,20160126,-96.85,40.7,,,,,,,,,0.357,,,,0.271,0.28,0,0.274,0.314,0.35,0,0.571,,,,,,,,
94996,20160127,-96.85,40.7,,,,,,,,,0.357,,,,0.271,0.24,0,0.202,0.314,0.34,0,0.554,,,,,,,,
94996,20160128,-96.85,40.7,,,,,,,,,0.359,,,,0.271,0.21,0,0.137,0.313,0.33,0,0.506,,,,,,,,
94996,20160129,-96.85,40.7,,,,,,,,,0.364,,,,0.271,0.18,0,0.077,0.313,0.34,0,0.518,,,,,,,,
94996,20160130,-96.85,40.7,,,,,,,,,0.37,,,,0.273,0.17,0,0.06,0.314,0.35,0,0.577,,,,,,,,
94996,20160131,-96.85,40.7,,,,,,,,,0.375,,,,0.274,0.17,0,0.048,0.315,0.36,0,0.643,,,,,,,,
94996,20160201,-96.85,40.7,,,,,,,,,0.375,,,,0.277,0.18,0,0.071,0.316,0.37,0,0.69,,,,,,,,
94996,20160202,-96.85,40.7,,,,,,,,,0.372,,,,0.278,0.2,0,0.083,0.317,0.37,0,0.702,,,,,,,,
94996,20160203,-96.85,40.7,,,,,,,,,0.371,,,,0.28,0.21,0,0.083,0.317,0.36,0,0.643,,,,,,,,
94996,20160204,-96.85,40.7,,,,,,,,,0.367,,,,0.282,0.23,0,0.107,0.319,0.36,0,0.625,,,,,,,,
94996,20160205,-96.85,40.7,,,,,,,,,0.361,,,,0.283,0.23,0,0.107,0.319,0.34,0,0.554,,,,,,,,
94996,20160206,-96.85,40.7,,,,,0.341,,,,0.353,,,,0.283,0.22,0,0.089,0.319,0.32,0,0.44,,,,,,,,
94996,20160207,-96.85,40.7,0.262,,,,0.341,,,,0.345,,,,0.283,0.21,0,0.077,0.319,0.28,0,0.315,0.301,,,,0.31,,,
94996,20160208,-96.85,40.7,0.269,,,,0.343,,,,0.343,,,,0.283,0.2,0,0.071,0.319,0.26,0,0.214,0.306,,,,0.311,,,
94996,20160209,-96.85,40.7,0.276,,,,0.346,,,,0.343,,,,0.284,0.2,0,0.095,0.319,0.25,0,0.161,0.311,,,,0.314,,,
94996,20160210,-96.85,40.7,0.284,,,,0.347,,,,0.343,,,,0.284,0.21,0,0.107,0.32,0.24,0,0.149,0.316,,,,0.315,,,
94996,20160211,-96.85,40.7,0.293,,,,0.348,,,,0.342,,,,0.284,0.2,0,0.095,0.32,0.24,0,0.143,0.32,,,,0.317,,,
94996,20160212,-96.85,40.7,0.301,,,,0.349,,,,0.343,,,,0.285,0.21,0,0.107,0.32,0.24,0,0.167,0.325,,,,0.32,,,
94996,20160213,-96.85,40.7,0.306,,,,0.349,,,,0.343,,,,0.285,0.21,0,0.107,0.321,0.23,0,0.185,0.327,,,,0.321,,,
94996,20160214,-96.85,40.7,0.307,,,,0.347,,,,0.343,,,,0.285,0.2,0,0.101,0.321,0.23,0,0.179,0.328,,,,0.321,,,
94996,20160215,-96.85,40.7,,,,,0.346,,,,0.342,,,,0.284,0.18,0,0.077,0.321,0.22,0,0.179,,,,,,,,
94996,20160216,-96.85,40.7,,,,,0.351,,,,0.344,,,,0.286,0.21,0,0.149,0.323,0.23,0,0.226,,,,,,,,
94996,20160217,-96.85,40.7,,,,,0.358,,,,0.351,,,,0.289,0.27,0,0.274,0.326,0.26,0,0.357,,,,,,,,
94996,20160218,-96.85,40.7,,,,,0.361,,,,0.357,,,,0.292,0.32,0,0.405,0.327,0.27,0,0.417,,,,,,,,
94996,20160219,-96.85,40.7,,,,,0.363,,,,0.361,,,,0.293,0.35,0,0.524,0.329,0.27,0,0.435,,,,,,,,
94996,20160220,-96.85,40.7,,,,,0.366,,,,0.363,,,,0.295,0.39,0,0.655,0.33,0.27,0,0.452,,,,,,,,
94996,20160221,-96.85,40.7,,,,,0.369,,,,0.365,,,,0.297,0.41,0,0.685,0.331,0.27,0,0.47,,,,,,,,
94996,20160222,-96.85,40.7,0.314,,,,0.369,,,,0.367,,,,0.298,0.44,0,0.69,0.332,0.27,0,0.512,0.339,,,,0.335,,,
94996,20160223,-96.85,40.7,0.311,,,,0.362,,,,0.364,,,,0.296,0.4,0,0.595,0.331,0.26,0,0.458,0.336,,,,0.332,,,
94996,20160224,-96.85,40.7,0.304,,,,0.355,,,,0.357,,,,0.292,0.32,0,0.452,0.329,0.22,0,0.333,0.329,,,,0.327,,,
94996,20160225,-96.85,40.7,0.298,,,,0.349,,,,0.35,,,,0.289,0.26,0,0.31,0.328,0.2,0,0.262,0.324,,,,0.323,,,
94996,20160226,-96.85,40.7,0.293,,,,0.344,,,,0.345,,,,0.286,0.2,0,0.179,0.326,0.19,0,0.208,0.319,,,,0.319,,,
94996,20160227,-96.85,40.7,0.289,,,,0.34,,,,0.341,,,,0.284,0.15,0,0.048,0.325,0.17,0,0.149,0.315,,,,0.316,,,
94996,20160228,-96.85,40.7,0.286,,,,0.337,,,,0.339,,,,0.282,0.12,0,0.018,0.324,0.15,0,0.131,0.312,,,,0.314,,,
94996,20160229,-96.85,40.7,0.283,,,,0.335,,,,0.337,,,,0.281,0.09,0,0.012,0.323,0.14,0.006,0.107,0.309,,,,0.312,,,
94996,20160301,-96.85,40.7,0.28,,,,0.333,,,,0.335,,,,0.28,0.07,0,0,0.323,0.14,0.012,0.095,0.306,,,,0.31,,,
94996,20160302,-96.85,40.7,0.276,,,,0.33,,,,0.334,,,,0.279,0.04,0,0,0.322,0.12,0.012,0.077,0.303,,,,0.308,,,
94996,20160303,-96.85,40.7,0.273,,,,0.328,,,,0.333,0,0,0,0.279,0.02,0,0,0.321,0.11,0.012,0.065,0.301,,,,0.307,,,
94996,20160304,-96.85,40.7,0.27,,,,0.326,,,,0.332,-0.02,0,0,0.278,0,0,0,0.321,0.11,0.012,0.06,0.298,,,,0.305,,,
94996,20160305,-96.85,40.7,0.267,,,,0.324,,,,0.331,-0.04,0,0,0.278,-0.01,0,0,0.321,0.1,0.012,0.06,0.296,,,,0.304,,,
94996,20160306,-96.85,40.7,0.264,,,,0.322,,,,0.33,-0.05,0,0,0.277,-0.03,0,0,0.32,0.09,0.012,0.048,0.293,,,,0.303,,,
94996,20160307,-96.85,40.7,0.261,,,,0.32,,,,0.329,-0.04,0,0,0.277,-0.04,0,0,0.32,0.08,0.006,0.018,0.291,,,,0.301,,,
94996,20160308,-96.85,40.7,0.26,,,,0.32,-0.07,0,0,0.329,-0.03,0,0,0.277,-0.05,0,0,0.32,0.07,0,0.006,0.29,,,,0.301,,,
94996,20160309,-96.85,40.7,0.259,-1.02,1,0,0.32,-0.3,0.563,0,0.329,-0.02,0,0,0.277,-0.06,0,0,0.32,0.06,0,0.006,0.289,,,,0.301,,,
94996,20160310,-96.85,40.7,0.256,-1.11,1,0,0.319,-0.37,0.75,0,0.329,-0.02,0,0,0.277,-0.06,0,0,0.32,0.06,0,0.006,0.288,-0.86,1,0,0.3,,,
94996,20160311,-96.85,40.7,0.254,-1.16,1,0,0.318,-0.41,0.844,0,0.329,-0.02,0,0,0.277,-0.07,0,0,0.32,0.05,0,0.006,0.286,-0.92,1,0,0.3,-0.37,1,0
94996,20160312,-96.85,40.7,0.251,-1.24,1,0,0.317,-0.46,0.886,0,0.329,-0.02,0,0,0.278,-0.09,0,0,0.32,0.05,0,0.006,0.284,-1.01,1,0,0.299,-0.39,1,0
94996,20160313,-96.85,40.7,0.248,-1.28,1,0,0.316,-0.49,0.911,0,0.329,-0.02,0,0,0.278,-0.09,0,0,0.321,0.06,0,0.006,0.282,-1.05,1,0,0.298,-0.4,1,0
94996,20160314,-96.85,40.7,0.245,-1.3,1,0,0.315,-0.51,0.926,0,0.329,-0.02,0,0,0.278,-0.11,0,0,0.321,0.06,0,0.006,0.28,-1.06,1,0,0.298,-0.4,1,0
94996,20160315,-96.85,40.7,0.245,-1.22,0.942,0.007,0.315,-0.48,0.893,0,0.329,-0.02,0,0,0.278,-0.13,0,0,0.321,0.05,0,0.006,0.28,-0.98,0.933,0,0.297,-0.37,0.927,0
94996,20160316,-96.85,40.7,0.25,-1.06,0.791,0.007,0.316,-0.42,0.792,0,0.329,-0.03,0,0,0.277,-0.15,0,0,0.321,0.04,0,0.006,0.283,-0.83,0.776,0,0.299,-0.31,0.761,0
94996,20160317,-96.85,40.7,0.254,-0.96,0.774,0.006,0.317,-0.39,0.696,0,0.329,-0.04,0,0,0.277,-0.17,0,0,0.32,0.03,0.006,0,0.286,-0.75,0.781,0,0.299,-0.29,0.646,0
94996,20160318,-96.85,40.7,0.258,-0.88,0.78,0.006,0.318,-0.37,0.679,0,0.329,-0.06,0,0,0.276,-0.19,0,0,0.32,0.03,0.006,0,0.288,-0.7,0.792,0,0.3,-0.27,0.589,0
94996,20160319,-96.85,40.7,0.261,-0.79,0.78,0.006,0.318,-0.35,0.673,0,0.328,-0.09,0.006,0,0.275,-0.2,0,0,0.32,0.02,0.012,0,0.289,-0.65,0.792,0,0.3,-0.26,0.571,0
94996,20160320,-96.85,40.7,0.263,-0.72,0.78,0.006,0.318,-0.35,0.673,0,0.327,-0.12,0.012,0,0.274,-0.23,0.006,0,0.319,0,0.018,0,0.29,-0.6,0.792,0,0.3,-0.25,0.571,0
94996,20160321,-96.85,40.7,0.265,-0.65,0.78,0.006,0.317,-0.36,0.673,0,0.326,-0.16,0.018,0,0.273,-0.25,0.024,0,0.318,-0.02,0.048,0,0.291,-0.56,0.792,0,0.3,-0.25,0.571,0
94996,20160322,-96.85,40.7,0.263,-0.66,0.827,0,0.315,-0.4,0.72,0,0.324,-0.21,0.036,0,0.272,-0.27,0.03,0,0.318,-0.03,0.054,0,0.289,-0.58,0.839,0,0.298,-0.27,0.619,0
94996,20160323,-96.85,40.7,0.257,-0.76,0.97,0,0.311,-0.5,0.863,0,0.322,-0.26,0.054,0,0.271,-0.29,0.048,0,0.317,-0.04,0.065,0,0.284,-0.69,0.982,0,0.295,-0.33,0.762,0
94996,20160324,-96.85,40.7,0.25,-0.85,1,0,0.307,-0.58,0.976,0,0.32,-0.3,0.071,0,0.27,-0.32,0.077,0,0.317,-0.05,0.065,0,0.279,-0.78,1,0,0.293,-0.37,0.905,0
94996,20160325,-96.85,40.7,0.244,-0.93,1,0,0.304,-0.66,0.994,0,0.318,-0.33,0.101,0,0.269,-0.34,0.161,0,0.316,-0.07,0.089,0,0.274,-0.86,1,0,0.29,-0.42,0.982,0
94996,20160326,-96.85,40.7,0.24,-0.99,1,0,0.3,-0.74,1,0,0.317,-0.35,0.149,0,0.268,-0.36,0.28,0,0.315,-0.08,0.125,0,0.27,-0.92,1,0,0.288,-0.46,1,0
94996,20160327,-96.85,40.7,0.243,-0.89,0.887,0,0.3,-0.74,0.982,0,0.315,-0.37,0.232,0,0.267,-0.38,0.399,0,0.315,-0.1,0.131,0,0.272,-0.86,0.905,0,0.288,-0.45,0.911,0
94996,20160328,-96.85,40.7,0.248,-0.79,0.744,0,0.3,-0.72,0.976,0,0.314,-0.38,0.28,0,0.267,-0.4,0.5,0,0.315,-0.1,0.119,0,0.274,-0.79,0.804,0,0.289,-0.44,0.845,0
94996,20160329,-96.85,40.7,0.251,-0.71,0.637,0,0.301,-0.71,0.976,0,0.313,-0.39,0.298,0,0.266,-0.42,0.637,0,0.315,-0.11,0.155,0,0.276,-0.73,0.798,0,0.289,-0.44,0.833,0
94996,20160330,-96.85,40.7,0.253,-0.65,0.631,0,0.3,-0.71,0.976,0,0.312,-0.4,0.327,0,0.265,-0.44,0.75,0,0.314,-0.13,0.196,0,0.277,-0.69,0.798,0,0.289,-0.44,0.833,0
94996,20160331,-96.85,40.7,0.255,-0.58,0.631,0,0.3,-0.71,0.976,0,0.311,-0.41,0.31,0,0.264,-0.47,0.863,0,0.313,-0.15,0.268,0,0.278,-0.64,0.798,0,0.289,-0.44,0.833,0
94996,20160401,-96.85,40.7,0.258,-0.49,0.631,0,0.3,-0.69,0.976,0,0.31,-0.41,0.292,0,0.264,-0.49,0.923,0,0.313,-0.17,0.28,0,0.279,-0.57,0.798,0,0.289,-0.43,0.833,0
94996,20160402,-96.85,40.7,0.26,-0.41,0.631,0,0.3,-0.68,0.976,0,0.309,-0.41,0.256,0,0.263,-0.51,0.946,0,0.312,-0.18,0.327,0,0.28,-0.51,0.798,0,0.289,-0.43,0.833,0
94996,20160403,-96.85,40.7,0.255,-0.46,0.744,0,0.297,-0.72,0.994,0,0.308,-0.42,0.232,0,0.263,-0.53,0.964,0,0.311,-0.21,0.411,0,0.276,-0.55,0.893,0,0.287,-0.48,0.923,0
94996,20160404,-96.85,40.7,0.248,-0.53,0.887,0,0.292,-0.79,1,0,0.307,-0.43,0.25,0,0.262,-0.54,0.988,0,0.311,-0.23,0.512,0,0.27,-0.62,0.994,0,0.284,-0.53,0.988,0
94996,20160405,-96.85,40.7,0.241,-0.59,0.994,0,0.287,-0.88,1,0,0.305,-0.44,0.333,0,0.261,-0.55,0.988,0,0.31,-0.25,0.554,0,0.264,-0.68,1,0,0.281,-0.58,1,0
94996,20160406,-96.85,40.7,0.234,-0.64,1,0,0.282,-0.97,1,0,0.303,-0.45,0.411,0,0.26,-0.57,1,0,0.31,-0.27,0.607,0,0.258,-0.74,1,0,0.278,-0.64,1,0
94996,20160407,-96.85,40.7,0.227,-0.69,1,0,0.276,-1.07,1,0,0.301,-0.47,0.536,0,0.258,-0.58,1,0,0.309,-0.28,0.631,0,0.251,-0.81,1,0,0.274,-0.71,1,0
94996,20160408,-96.85,40.7,0.219,-0.76,1,0,0.269,-1.17,1,0,0.298,-0.5,0.667,0,0.256,-0.6,1,0,0.308,-0.32,0.738,0,0.244,-0.88,1,0,0.27,-0.78,1,0
94996,20160409,-96.85,40.7,0.211,-0.83,1,0,0.263,-1.29,1,0,0.294,-0.54,0.792,0,0.254,-0.62,1,0,0.307,-0.33,0.744,0,0.237,-0.97,1,0,0.266,-0.85,1,0
94996,20160410,-96.85,40.7,0.203,-0.91,1,0,0.255,-1.41,1,0,0.29,-0.57,0.869,0,0.252,-0.65,1,0,0.307,-0.35,0.768,0,0.229,-1.07,1,0,0.261,-0.93,1,0
94996,20160411,-96.85,40.7,0.195,-0.98,1,0,0.247,-1.53,1,0,0.286,-0.61,0.94,0,0.249,-0.67,1,0,0.305,-0.37,0.786,0,0.221,-1.16,1,0,0.257,-1.02,1,0
94996,20160412,-96.85,40.7,0.189,-1.05,1,0,0.24,-1.64,1,0,0.282,-0.65,0.964,0,0.246,-0.71,1,0,0.304,-0.4,0.833,0,0.214,-1.24,1,0,0.252,-1.09,1,0
94996,20160413,-96.85,40.7,0.183,-1.1,1,0,0.233,-1.73,1,0,0.277,-0.7,0.982,0,0.242,-0.74,1,0,0.303,-0.43,0.869,0,0.208,-1.31,1,0,0.247,-1.17,1,0
94996,20160414,-96.85,40.7,0.177,-1.15,1,0,0.227,-1.79,1,0,0.272,-0.74,1,0,0.238,-0.77,1,0,0.301,-0.47,0.911,0,0.202,-1.37,1,0,0.243,-1.24,1,0
94996,20160415,-96.85,40.7,0.173,-1.18,1,0,0.222,-1.84,1,0,0.267,-0.78,1,0,0.234,-0.8,1,0,0.3,-0.5,0.911,0,0.197,-1.41,1,0,0.239,-1.3,1,0
94996,20160416,-96.85,40.7,0.169,-1.2,1,0,0.217,-1.86,1,0,0.263,-0.82,1,0,0.23,-0.83,1,0,0.298,-0.54,0.958,0,0.193,-1.43,1,0,0.235,-1.35,1,0
94996,20160417,-96.85,40.7,0.166,-1.2,1,0,0.214,-1.87,1,0,0.258,-0.86,1,0,0.226,-0.85,1,0,0.296,-0.59,0.982,0,0.19,-1.45,1,0,0.232,-1.39,1,0
94996,20160418,-96.85,40.7,0.163,-1.2,1,0,0.211,-1.86,1,0,0.254,-0.89,1,0,0.222,-0.87,1,0,0.294,-0.62,0.988,0,0.187,-1.45,1,0,0.229,-1.43,1,0
94996,20160419,-96.85,40.7,0.189,-0.93,0.857,0.137,0.227,-1.58,0.863,0.006,0.255,-0.87,1,0,0.223,-0.85,1,0,0.292,-0.66,1,0,0.208,-1.17,0.863,0.137,0.237,-1.29,0.863,0
94996,20160420,-96.85,40.7,0.212,-0.68,0.714,0.25,0.244,-1.27,0.72,0.024,0.258,-0.82,0.988,0,0.226,-0.81,0.982,0,0.291,-0.69,1,0,0.228,-0.89,0.72,0.202,0.246,-1.13,0.726,0.012
94996,20160421,-96.85,40.7,0.24,-0.38,0.571,0.393,0.27,-0.85,0.577,0.167,0.275,-0.64,0.845,0.06,0.237,-0.69,0.839,0,0.295,-0.62,0.869,0,0.255,-0.53,0.577,0.345,0.263,-0.85,0.583,0.155
94996,20160422,-96.85,40.7,0.264,-0.12,0.429,0.536,0.292,-0.49,0.435,0.31,0.29,-0.47,0.702,0.065,0.248,-0.58,0.696,0,0.299,-0.55,0.726,0,0.278,-0.23,0.435,0.488,0.279,-0.6,0.44,0.202
94996,20160423,-96.85,40.7,0.286,0.1,0.286,0.601,0.313,-0.15,0.292,0.452,0.305,-0.32,0.56,0.065,0.259,-0.47,0.554,0,0.304,-0.48,0.583,0,0.299,0.05,0.292,0.625,0.293,-0.37,0.298,0.202
94996,20160424,-96.85,40.7,0.305,0.29,0.143,0.601,0.332,0.15,0.149,0.488,0.319,-0.17,0.417,0.065,0.269,-0.36,0.411,0,0.308,-0.41,0.446,0,0.318,0.29,0.149,0.625,0.306,-0.16,0.155,0.202
94996,20160425,-96.85,40.7,0.32,0.44,0,0.601,0.349,0.42,0.006,0.488,0.332,-0.03,0.274,0.065,0.279,-0.26,0.268,0,0.311,-0.35,0.327,0,0.335,0.5,0.006,0.625,0.318,0.03,0.012,0.202
94996,20160426,-96.85,40.7,0.307,0.31,0,0.464,0.347,0.41,0,0.482,0.341,0.06,0.131,0.065,0.285,-0.2,0.125,0,0.315,-0.29,0.238,0,0.327,0.41,0,0.488,0.319,0.04,0.006,0.202
94996,20160427,-96.85,40.7,0.307,0.3,0,0.429,0.35,0.45,0,0.542,0.352,0.16,0,0.107,0.292,-0.13,0,0,0.318,-0.23,0.185,0,0.329,0.42,0,0.5,0.324,0.11,0,0.268
94996,20160428,-96.85,40.7,0.306,0.29,0,0.429,0.35,0.44,0,0.542,0.352,0.16,0,0.119,0.293,-0.12,0,0,0.32,-0.21,0.173,0,0.328,0.4,0,0.5,0.324,0.11,0,0.268
94996,20160429,-96.85,40.7,0.307,0.29,0,0.429,0.351,0.43,0,0.542,0.352,0.16,0,0.113,0.294,-0.11,0,0,0.321,-0.21,0.173,0,0.329,0.4,0,0.5,0.325,0.11,0,0.28
94996,20160430,-96.85,40.7,0.312,0.33,0,0.503,0.353,0.46,0,0.539,0.354,0.18,0,0.132,0.296,-0.1,0,0.006,0.322,-0.19,0.174,0.006,0.332,0.44,0,0.503,0.327,0.14,0,0.317
94996,20160501,-96.85,40.7,0.327,0.48,0,0.647,0.364,0.58,0,0.647,0.365,0.28,0,0.275,0.303,-0.04,0,0.006,0.331,-0.07,0.168,0.084,0.345,0.58,0,0.647,0.338,0.29,0,0.461
94996,20160502,-96.85,40.7,0.343,0.63,0,0.79,0.374,0.71,0,0.79,0.376,0.38,0,0.419,0.31,0.03,0,0.036,0.345,0.12,0.144,0.228,0.359,0.72,0,0.79,0.35,0.45,0,0.605
94996,20160503,-96.85,40.7,0.357,0.76,0,0.934,0.384,0.82,0,0.934,0.384,0.46,0,0.557,0.317,0.08,0,0.036,0.358,0.29,0.09,0.371,0.371,0.85,0,0.934,0.36,0.6,0,0.749
94996,20160504,-96.85,40.7,0.357,0.75,0,1,0.385,0.82,0,1,0.386,0.47,0,0.533,0.321,0.11,0,0.036,0.369,0.43,0,0.491,0.371,0.85,0,1,0.363,0.64,0,0.814
94996,20160505,-96.85,40.7,0.348,0.67,0,0.868,0.379,0.74,0,0.994,0.382,0.43,0,0.461,0.32,0.1,0,0.036,0.374,0.49,0,0.515,0.364,0.78,0,0.952,0.361,0.6,0,0.701
94996,20160506,-96.85,40.7,0.339,0.59,0,0.725,0.374,0.68,0,0.856,0.38,0.4,0,0.461,0.321,0.1,0,0.036,0.378,0.54,0,0.515,0.357,0.71,0,0.808,0.359,0.57,0,0.641
94996,20160507,-96.85,40.7,0.326,0.47,0,0.583,0.367,0.6,0,0.714,0.377,0.36,0,0.44,0.321,0.09,0,0.03,0.382,0.58,0,0.506,0.346,0.6,0,0.667,0.354,0.51,0,0.601
94996,20160508,-96.85,40.7,0.303,0.26,0,0.44,0.351,0.42,0,0.571,0.364,0.23,0,0.298,0.316,0.04,0,0.03,0.378,0.52,0,0.429,0.327,0.4,0,0.524,0.342,0.35,0,0.458
94996,20160509,-96.85,40.7,0.288,0.13,0.089,0.339,0.338,0.28,0,0.47,0.353,0.12,0,0.155,0.311,-0.01,0,0,0.37,0.41,0,0.286,0.313,0.26,0,0.423,0.332,0.21,0,0.351
94996,20160510,-96.85,40.7,0.298,0.2,0.089,0.339,0.342,0.3,0,0.47,0.357,0.14,0,0.095,0.314,0,0,0.077,0.369,0.37,0,0.22,0.32,0.31,0,0.423,0.336,0.23,0,0.351
94996,20160511,-96.85,40.7,0.31,0.28,0.089,0.339,0.35,0.36,0,0.47,0.365,0.18,0,0.22,0.319,0.03,0,0.173,0.374,0.4,0,0.244,0.33,0.38,0,0.423,0.343,0.3,0,0.351
94996,20160512,-96.85,40.7,0.336,0.48,0.089,0.47,0.368,0.52,0,0.476,0.383,0.31,0,0.363,0.33,0.11,0,0.315,0.383,0.48,0,0.363,0.352,0.56,0,0.47,0.36,0.46,0,0.464
94996,20160513,-96.85,40.7,0.351,0.59,0.089,0.613,0.379,0.6,0,0.613,0.392,0.37,0,0.488,0.337,0.16,0,0.375,0.392,0.55,0,0.506,0.365,0.65,0,0.613,0.37,0.55,0,0.607
94996,20160514,-96.85,40.7,0.365,0.69,0.089,0.756,0.387,0.68,0,0.756,0.398,0.4,0,0.488,0.342,0.19,0,0.375,0.397,0.57,0,0.571,0.376,0.74,0,0.756,0.378,0.62,0,0.69
94996,20160515,-96.85,40.7,0.377,0.79,0.089,0.786,0.396,0.75,0,0.869,0.402,0.43,0,0.488,0.345,0.21,0,0.375,0.399,0.58,0,0.571,0.387,0.82,0,0.821,0.384,0.68,0,0.69
94996,20160516,-96.85,40.7,0.382,0.82,0,0.744,0.401,0.79,0,0.827,0.407,0.45,0,0.488,0.35,0.24,0,0.375,0.401,0.57,0,0.571,0.391,0.85,0,0.78,0.388,0.71,0,0.655
94996,20160517,-96.85,40.7,0.372,0.72,0,0.714,0.396,0.73,0,0.792,0.398,0.36,0,0.411,0.348,0.22,0,0.298,0.397,0.51,0,0.494,0.384,0.75,0,0.75,0.382,0.62,0,0.512
94996,20160518,-96.85,40.7,0.363,0.64,0,0.673,0.389,0.65,0,0.768,0.389,0.28,0,0.268,0.344,0.18,0,0.202,0.388,0.4,0,0.351,0.376,0.66,0,0.714,0.375,0.52,0,0.369
94996,20160519,-96.85,40.7,0.34,0.45,0,0.53,0.37,0.48,0,0.637,0.372,0.13,0,0.125,0.335,0.1,0,0.06,0.377,0.27,0,0.208,0.355,0.48,0,0.577,0.359,0.34,0,0.226
94996,20160520,-96.85,40.7,0.328,0.36,0,0.387,0.361,0.39,0,0.494,0.363,0.06,0,0,0.331,0.06,0,0,0.368,0.17,0,0.065,0.344,0.38,0,0.435,0.35,0.25,0,0.083
94996,20160521,-96.85,40.7,0.32,0.29,0,0.244,0.354,0.34,0,0.351,0.357,0.02,0,0,0.328,0.04,0,0,0.363,0.12,0,0,0.337,0.32,0,0.292,0.344,0.19,0,0
94996,20160522,-96.85,40.7,0.312,0.24,0,0.214,0.349,0.3,0,0.238,0.353,0,0,0,0.327,0.03,0,0,0.36,0.09,0,0,0.331,0.27,0,0.226,0.34,0.15,0,0
94996,20160523,-96.85,40.7,0.304,0.18,0,0.214,0.343,0.25,0,0.238,0.35,-0.02,0,0,0.325,0.02,0,0,0.358,0.07,0,0,0.324,0.21,0,0.226,0.336,0.12,0,0
94996,20160524,-96.85,40.7,0.294,0.1,0,0.149,0.336,0.19,0,0.161,0.345,-0.04,0,0,0.322,0,0,0,0.356,0.05,0,0,0.315,0.14,0,0.161,0.331,0.08,0,0
94996,20160525,-96.85,40.7,0.295,0.1,0,0.161,0.333,0.17,0,0.048,0.342,-0.06,0,0,0.319,-0.02,0,0,0.355,0.04,0,0,0.314,0.13,0,0.107,0.329,0.07,0,0
94996,20160526,-96.85,40.7,0.302,0.15,0,0.304,0.337,0.2,0,0.179,0.34,-0.06,0,0,0.318,-0.02,0,0,0.354,0.04,0,0,0.319,0.16,0,0.244,0.33,0.1,0,0
94996,20160527,-96.85,40.7,0.33,0.36,0,0.446,0.352,0.32,0,0.321,0.358,0.05,0,0.101,0.324,0.03,0,0.101,0.362,0.1,0,0.101,0.341,0.31,0,0.387,0.345,0.24,0,0.101
94996,20160528,-96.85,40.7,0.363,0.59,0,0.589,0.373,0.48,0,0.464,0.384,0.22,0,0.244,0.334,0.09,0,0.244,0.373,0.21,0,0.244,0.368,0.5,0,0.53,0.365,0.43,0,0.244
94996,20160529,-96.85,40.7,0.391,0.79,0,0.732,0.393,0.64,0,0.607,0.408,0.37,0,0.387,0.343,0.16,0,0.387,0.385,0.32,0,0.387,0.392,0.67,0,0.673,0.384,0.6,0,0.387
94996,20160530,-96.85,40.7,0.412,0.94,0,0.875,0.409,0.76,0,0.75,0.423,0.47,0,0.53,0.35,0.21,0,0.53,0.395,0.41,0,0.53,0.41,0.8,0,0.815,0.398,0.73,0,0.53
94996,20160531,-96.85,40.7,0.422,1.01,0,0.97,0.418,0.83,0,0.863,0.432,0.53,0,0.655,0.356,0.26,0,0.673,0.402,0.48,0,0.673,0.42,0.87,0,0.911,0.406,0.81,0,0.673
94996,20160601,-96.85,40.7,0.421,1.01,0,0.952,0.42,0.85,0,1,0.439,0.57,0,0.655,0.36,0.3,0,0.81,0.406,0.52,0,0.714,0.421,0.88,0,0.97,0.409,0.84,0,0.786
94996,20160602,-96.85,40.7,0.413,0.95,0,0.81,0.417,0.82,0,0.869,0.443,0.6,0,0.655,0.363,0.32,0,0.857,0.409,0.56,0,0.714,0.415,0.83,0,0.827,0.409,0.84,0,0.786
94996,20160603,-96.85,40.7,0.383,0.73,0,0.667,0.401,0.69,0,0.726,0.427,0.51,0,0.554,0.358,0.29,0,0.756,0.403,0.52,0,0.613,0.392,0.66,0,0.685,0.394,0.71,0,0.685
94996,20160604,-96.85,40.7,0.346,0.46,0,0.524,0.377,0.51,0,0.583,0.401,0.35,0,0.411,0.349,0.24,0,0.613,0.392,0.44,0,0.47,0.362,0.45,0,0.542,0.373,0.53,0,0.542
94996,20160605,-96.85,40.7,0.314,0.22,0,0.381,0.352,0.31,0,0.44,0.376,0.2,0,0.268,0.34,0.18,0,0.47,0.382,0.35,0,0.327,0.333,0.24,0,0.399,0.353,0.35,0,0.399
94996,20160606,-96.85,40.7,0.29,0.06,0.071,0.238,0.331,0.16,0,0.298,0.361,0.11,0,0.125,0.332,0.14,0,0.327,0.372,0.28,0,0.185,0.31,0.08,0,0.256,0.337,0.22,0,0.256
94996,20160607,-96.85,40.7,0.269,-0.09,0.214,0.095,0.311,0.02,0.054,0.155,0.348,0.03,0,0,0.325,0.1,0,0.185,0.366,0.23,0,0.042,0.29,-0.06,0.107,0.113,0.324,0.11,0,0.113
94996,20160608,-96.85,40.7,0.249,-0.22,0.357,0,0.293,-0.11,0.196,0.012,0.335,-0.04,0,0,0.317,0.06,0,0.048,0.361,0.2,0,0,0.271,-0.19,0.25,0,0.311,0.01,0,0
94996,20160609,-96.85,40.7,0.233,-0.33,0.5,0,0.275,-0.23,0.339,0,0.323,-0.11,0,0,0.308,0.01,0,0,0.357,0.17,0,0,0.254,-0.3,0.393,0,0.299,-0.08,0,0
94996,20160610,-96.85,40.7,0.218,-0.41,0.643,0,0.259,-0.35,0.482,0,0.31,-0.18,0,0,0.299,-0.04,0,0,0.352,0.14,0,0,0.239,-0.4,0.536,0,0.288,-0.17,0.024,0
94996,20160611,-96.85,40.7,0.207,-0.48,0.786,0,0.245,-0.44,0.625,0,0.297,-0.25,0,0,0.289,-0.09,0,0,0.347,0.1,0,0,0.226,-0.48,0.679,0,0.277,-0.25,0.167,0
94996,20160612,-96.85,40.7,0.197,-0.53,0.929,0,0.234,-0.51,0.768,0,0.284,-0.31,0.101,0,0.278,-0.14,0,0,0.341,0.06,0,0,0.216,-0.54,0.821,0,0.267,-0.32,0.31,0
94996,20160613,-96.85,40.7,0.189,-0.57,1,0,0.225,-0.56,0.911,0,0.271,-0.38,0.244,0,0.268,-0.19,0,0,0.333,0.01,0,0,0.207,-0.59,0.964,0,0.257,-0.39,0.452,0
94996,20160614,-96.85,40.7,0.183,-0.59,1,0,0.219,-0.59,1,0,0.259,-0.44,0.387,0,0.258,-0.24,0,0,0.326,-0.05,0,0,0.201,-0.62,1,0,0.249,-0.44,0.595,0
94996,20160615,-96.85,40.7,0.179,-0.6,1,0,0.214,-0.62,1,0,0.248,-0.49,0.53,0,0.25,-0.29,0,0,0.318,-0.11,0,0,0.196,-0.64,1,0,0.242,-0.5,0.738,0
94996,20160616,-96.85,40.7,0.175,-0.61,1,0,0.209,-0.64,1,0,0.238,-0.53,0.673,0,0.242,-0.33,0,0,0.309,-0.18,0.06,0,0.192,-0.65,1,0,0.235,-0.55,0.881,0
94996,20160617,-96.85,40.7,0.171,-0.62,1,0,0.206,-0.65,1,0,0.229,-0.57,0.815,0,0.236,-0.37,0,0,0.3,-0.25,0.196,0,0.189,-0.66,1,0,0.228,-0.59,1,0
94996,20160618,-96.85,40.7,0.178,-0.55,0.964,0.036,0.211,-0.6,0.964,0.03,0.224,-0.59,0.939,0,0.234,-0.38,0,0.012,0.292,-0.33,0.327,0,0.195,-0.6,0.964,0.036,0.228,-0.59,0.964,0.012
94996,20160619,-96.85,40.7,0.204,-0.35,0.818,0.182,0.234,-0.43,0.818,0.176,0.235,-0.51,0.836,0,0.246,-0.3,0,0.145,0.284,-0.4,0.473,0,0.219,-0.4,0.818,0.182,0.241,-0.47,0.818,0.018
94996,20160620,-96.85,40.7,0.223,-0.21,0.673,0.236,0.252,-0.29,0.673,0.218,0.245,-0.45,0.691,0,0.257,-0.22,0,0.17,0.278,-0.46,0.618,0,0.238,-0.25,0.673,0.236,0.251,-0.37,0.673,0.018
94996,20160621,-96.85,40.7,0.236,-0.1,0.527,0.236,0.266,-0.18,0.527,0.218,0.254,-0.39,0.545,0,0.268,-0.15,0,0.17,0.273,-0.51,0.764,0,0.251,-0.13,0.527,0.236,0.259,-0.28,0.527,0.018
94996,20160622,-96.85,40.7,0.245,-0.03,0.382,0.236,0.276,-0.1,0.382,0.218,0.26,-0.35,0.4,0,0.277,-0.08,0,0.17,0.269,-0.55,0.909,0,0.261,-0.04,0.382,0.236,0.266,-0.21,0.382,0.018
94996,20160623,-96.85,40.7,0.25,0.02,0.236,0.236,0.283,-0.04,0.236,0.218,0.265,-0.32,0.255,0,0.285,-0.02,0,0.17,0.266,-0.57,0.994,0,0.266,0.01,0.236,0.236,0.27,-0.16,0.236,0.018
94996,20160624,-96.85,40.7,0.253,0.05,0.224,0.236,0.287,-0.01,0.139,0.218,0.27,-0.29,0.248,0,0.293,0.04,0,0.17,0.265,-0.59,1,0,0.27,0.05,0.23,0.236,0.274,-0.12,0.206,0.018
94996,20160625,-96.85,40.7,0.244,-0.01,0.274,0.196,0.282,-0.05,0.19,0.185,0.269,-0.3,0.28,0,0.296,0.06,0,0.155,0.265,-0.59,1,0,0.263,0,0.28,0.196,0.271,-0.14,0.256,0.006
94996,20160626,-96.85,40.7,0.218,-0.19,0.417,0.054,0.259,-0.21,0.333,0.042,0.255,-0.39,0.423,0,0.286,0,0,0.024,0.264,-0.6,1,0,0.238,-0.18,0.423,0.054,0.256,-0.26,0.399,0
94996,20160627,-96.85,40.7,0.199,-0.32,0.56,0,0.241,-0.33,0.476,0,0.243,-0.46,0.565,0,0.277,-0.04,0,0,0.263,-0.61,1,0,0.22,-0.31,0.565,0,0.245,-0.36,0.542,0
94996,20160628,-96.85,40.7,0.185,-0.42,0.702,0,0.227,-0.44,0.619,0,0.232,-0.53,0.708,0,0.27,-0.09,0,0,0.263,-0.61,1,0,0.206,-0.42,0.708,0,0.235,-0.44,0.685,0
94996,20160629,-96.85,40.7,0.175,-0.49,0.845,0,0.216,-0.52,0.762,0,0.223,-0.6,0.851,0,0.263,-0.13,0,0,0.262,-0.62,1,0,0.196,-0.49,0.851,0,0.228,-0.5,0.827,0
94996,20160630,-96.85,40.7,0.169,-0.54,0.988,0,0.209,-0.57,0.905,0,0.216,-0.64,0.994,0,0.257,-0.16,0,0,0.261,-0.63,1,0,0.189,-0.55,0.994,0,0.222,-0.55,0.97,0
94996,20160701,-96.85,40.7,0.165,-0.57,1,0,0.204,-0.61,1,0,0.21,-0.68,1,0,0.251,-0.19,0,0,0.26,-0.65,1,0,0.184,-0.58,1,0,0.218,-0.59,1,0
94996,20160702,-96.85,40.7,0.162,-0.59,0.988,0,0.2,-0.65,1,0,0.205,-0.72,1,0,0.247,-0.21,0,0,0.259,-0.66,1,0,0.181,-0.61,1,0,0.214,-0.62,1,0
94996,20160703,-96.85,40.7,0.186,-0.4,0.845,0.095,0.214,-0.53,0.869,0.042,0.201,-0.74,1,0,0.242,-0.23,0,0,0.258,-0.67,1,0,0.2,-0.46,0.857,0.089,0.22,-0.56,0.905,0
94996,20160704,-96.85,40.7,0.211,-0.21,0.702,0.238,0.235,-0.36,0.726,0.185,0.197,-0.76,1,0,0.238,-0.25,0.006,0,0.257,-0.68,1,0,0.223,-0.27,0.714,0.232,0.227,-0.48,0.762,0
94996,20160705,-96.85,40.7,0.233,-0.04,0.56,0.381,0.253,-0.2,0.583,0.28,0.193,-0.78,1,0,0.235,-0.26,0.006,0,0.256,-0.69,1,0,0.243,-0.1,0.571,0.375,0.234,-0.41,0.619,0
94996,20160706,-96.85,40.7,0.249,0.09,0.417,0.387,0.267,-0.07,0.44,0.28,0.191,-0.79,1,0,0.232,-0.27,0.006,0,0.255,-0.69,1,0,0.258,0.03,0.429,0.387,0.239,-0.36,0.56,0
94996,20160707,-96.85,40.7,0.264,0.22,0.274,0.417,0.281,0.06,0.298,0.31,0.193,-0.75,0.97,0,0.232,-0.26,0.006,0,0.255,-0.68,1,0,0.273,0.16,0.286,0.417,0.245,-0.28,0.53,0.03
94996,20160708,-96.85,40.7,0.292,0.45,0.131,0.56,0.307,0.29,0.155,0.452,0.211,-0.61,0.827,0,0.241,-0.18,0.006,0.131,0.257,-0.64,1,0,0.299,0.39,0.143,0.56,0.262,-0.09,0.387,0.173
94996,20160709,-96.85,40.7,0.313,0.62,0,0.702,0.328,0.48,0.012,0.595,0.227,-0.48,0.685,0,0.251,-0.1,0.006,0.274,0.259,-0.59,0.97,0,0.32,0.58,0,0.702,0.276,0.07,0.244,0.274
94996,20160710,-96.85,40.7,0.302,0.56,0,0.625,0.327,0.5,0,0.601,0.242,-0.35,0.542,0,0.26,-0.03,0.006,0.315,0.261,-0.54,0.917,0,0.314,0.55,0,0.655,0.278,0.12,0.196,0.274
94996,20160711,-96.85,40.7,0.286,0.45,0,0.482,0.316,0.43,0,0.458,0.255,-0.24,0.399,0,0.268,0.04,0,0.315,0.263,-0.48,0.857,0,0.301,0.45,0,0.512,0.277,0.13,0.196,0.274
94996,20160712,-96.85,40.7,0.27,0.35,0,0.339,0.303,0.35,0,0.363,0.266,-0.14,0.256,0,0.274,0.1,0,0.315,0.265,-0.43,0.821,0,0.287,0.35,0,0.369,0.276,0.13,0.196,0.274
94996,20160713,-96.85,40.7,0.259,0.28,0,0.333,0.294,0.29,0,0.363,0.274,-0.06,0.113,0,0.279,0.14,0,0.315,0.266,-0.39,0.762,0,0.276,0.28,0,0.357,0.275,0.14,0.113,0.274
94996,20160714,-96.85,40.7,0.248,0.21,0,0.304,0.283,0.23,0,0.333,0.277,-0.03,0.077,0,0.282,0.17,0,0.315,0.267,-0.35,0.69,0,0.265,0.21,0,0.327,0.271,0.11,0,0.244
94996,20160715,-96.85,40.7,0.223,0.03,0,0.161,0.261,0.06,0,0.19,0.263,-0.11,0.22,0,0.275,0.13,0,0.185,0.265,-0.34,0.643,0,0.242,0.03,0.006,0.185,0.257,-0.03,0.077,0.101
94996,20160716,-96.85,40.7,0.204,-0.11,0.018,0.018,0.243,-0.06,0.006,0.048,0.251,-0.19,0.363,0,0.268,0.09,0,0.042,0.263,-0.34,0.655,0,0.223,-0.11,0.065,0.042,0.246,-0.15,0.22,0
94996,20160717,-96.85,40.7,0.19,-0.2,0.048,0,0.228,-0.16,0.006,0,0.239,-0.26,0.506,0,0.262,0.05,0,0,0.262,-0.33,0.702,0,0.209,-0.22,0.107,0,0.236,-0.26,0.363,0
94996,20160718,-96.85,40.7,0.182,-0.26,0.113,0,0.219,-0.21,0.006,0,0.23,-0.32,0.649,0,0.256,0.02,0,0,0.26,-0.34,0.762,0,0.2,-0.28,0.179,0,0.229,-0.33,0.506,0
94996,20160719,-96.85,40.7,0.176,-0.3,0.214,0,0.213,-0.24,0.006,0,0.222,-0.36,0.792,0,0.252,-0.01,0,0,0.259,-0.34,0.792,0,0.195,-0.31,0.232,0,0.225,-0.38,0.649,0
94996,20160720,-96.85,40.7,0.172,-0.32,0.339,0,0.209,-0.25,0.006,0,0.216,-0.41,0.935,0,0.249,-0.03,0,0,0.258,-0.34,0.851,0,0.19,-0.33,0.339,0,0.221,-0.43,0.792,0
94996,20160721,-96.85,40.7,0.168,-0.34,0.482,0,0.206,-0.26,0.071,0,0.21,-0.45,1,0,0.246,-0.05,0,0,0.257,-0.34,0.923,0,0.187,-0.35,0.476,0,0.217,-0.47,0.935,0
94996,20160722,-96.85,40.7,0.166,-0.36,0.625,0,0.203,-0.27,0.196,0,0.206,-0.48,1,0,0.243,-0.07,0,0,0.256,-0.36,0.97,0,0.184,-0.36,0.613,0,0.215,-0.51,1,0
94996,20160723,-96.85,40.7,0.163,-0.37,0.75,0,0.201,-0.28,0.333,0,0.202,-0.52,1,0,0.239,-0.09,0,0,0.255,-0.37,0.988,0,0.182,-0.38,0.696,0,0.212,-0.55,1,0
94996,20160724,-96.85,40.7,0.16,-0.39,0.863,0,0.198,-0.29,0.476,0,0.198,-0.55,1,0,0.236,-0.12,0.006,0,0.254,-0.38,0.994,0,0.179,-0.39,0.798,0,0.209,-0.59,1,0
94996,20160725,-96.85,40.7,0.157,-0.41,0.94,0,0.195,-0.31,0.619,0,0.194,-0.58,1,0,0.232,-0.15,0.018,0,0.253,-0.4,0.994,0,0.176,-0.42,0.869,0,0.206,-0.64,1,0
94996,20160726,-96.85,40.7,0.154,-0.43,0.982,0,0.192,-0.33,0.762,0,0.19,-0.61,1,0,0.229,-0.18,0.06,0,0.252,-0.41,1,0,0.173,-0.44,0.958,0,0.203,-0.69,1,0
94996,20160727,-96.85,40.7,0.151,-0.46,1,0,0.19,-0.35,0.905,0,0.187,-0.63,1,0,0.225,-0.2,0.149,0,0.25,-0.43,1,0,0.17,-0.47,0.994,0,0.201,-0.73,1,0
94996,20160728,-96.85,40.7,0.148,-0.48,1,0,0.187,-0.37,0.982,0,0.184,-0.64,1,0,0.221,-0.23,0.226,0,0.249,-0.46,1,0,0.168,-0.49,1,0,0.198,-0.78,1,0
94996,20160729,-96.85,40.7,0.146,-0.49,1,0,0.185,-0.38,1,0,0.182,-0.64,1,0,0.218,-0.25,0.298,0,0.248,-0.48,1,0,0.166,-0.5,1,0,0.196,-0.81,1,0
94996,20160730,-96.85,40.7,0.144,-0.5,1,0,0.183,-0.4,1,0,0.18,-0.64,1,0,0.215,-0.26,0.333,0,0.246,-0.5,1,0,0.163,-0.52,1,0,0.194,-0.84,1,0
94996,20160731,-96.85,40.7,0.142,-0.51,1,0,0.181,-0.41,1,0,0.178,-0.63,1,0,0.213,-0.27,0.381,0,0.245,-0.52,1,0,0.162,-0.54,1,0,0.192,-0.87,1,0
94996,20160801,-96.85,40.7,0.141,-0.51,1,0,0.18,-0.42,1,0,0.177,-0.62,1,0,0.211,-0.27,0.369,0,0.244,-0.55,1,0,0.161,-0.54,1,0,0.191,-0.88,1,0
94996,20160802,-96.85,40.7,0.146,-0.47,0.976,0.018,0.182,-0.39,0.982,0.018,0.176,-0.62,1,0,0.21,-0.27,0.327,0,0.243,-0.57,1,0,0.164,-0.5,0.982,0.018,0.191,-0.87,0.982,0.018
94996,20160803,-96.85,40.7,0.174,-0.19,0.833,0.161,0.207,-0.1,0.839,0.161,0.175,-0.61,1,0,0.209,-0.26,0.238,0,0.243,-0.58,1,0,0.19,-0.2,0.839,0.161,0.201,-0.68,0.839,0.149
94996,20160804,-96.85,40.7,0.194,0.01,0.69,0.304,0.227,0.13,0.696,0.304,0.176,-0.6,1,0,0.209,-0.26,0.161,0,0.242,-0.6,1,0,0.211,0.03,0.696,0.304,0.209,-0.54,0.696,0.149
94996,20160805,-96.85,40.7,0.224,0.31,0.548,0.44,0.253,0.44,0.554,0.446,0.193,-0.43,0.923,0.077,0.22,-0.15,0.089,0.077,0.249,-0.49,0.923,0.03,0.239,0.34,0.554,0.446,0.228,-0.2,0.554,0.232
94996,20160806,-96.85,40.7,0.255,0.61,0.405,0.583,0.282,0.77,0.411,0.589,0.22,-0.17,0.78,0.22,0.238,0.01,0.054,0.22,0.265,-0.23,0.78,0.173,0.269,0.68,0.411,0.589,0.252,0.23,0.411,0.375
94996,20160807,-96.85,40.7,0.282,0.87,0.262,0.726,0.307,1.07,0.268,0.732,0.246,0.07,0.637,0.363,0.255,0.17,0,0.363,0.28,0.01,0.637,0.315,0.295,0.98,0.268,0.732,0.274,0.63,0.268,0.518
94996,20160808,-96.85,40.7,0.309,1.13,0.119,0.869,0.331,1.35,0.125,0.875,0.27,0.3,0.494,0.506,0.271,0.31,0,0.506,0.294,0.24,0.494,0.458,0.32,1.27,0.125,0.875,0.295,1,0.125,0.661
94996,20160809,-96.85,40.7,0.328,1.32,0,0.994,0.35,1.59,0,1,0.293,0.51,0.351,0.649,0.286,0.44,0,0.649,0.308,0.46,0.351,0.601,0.339,1.49,0,1,0.313,1.32,0,0.786
94996,20160810,-96.85,40.7,0.32,1.25,0,0.994,0.345,1.53,0,1,0.315,0.71,0.208,0.792,0.3,0.57,0,0.792,0.321,0.67,0.208,0.744,0.332,1.43,0,1,0.32,1.45,0,0.798
94996,20160811,-96.85,40.7,0.315,1.2,0,0.982,0.342,1.5,0,1,0.335,0.89,0.065,0.935,0.313,0.68,0,0.935,0.333,0.87,0.065,0.887,0.328,1.39,0,1,0.328,1.58,0,0.94
94996,20160812,-96.85,40.7,0.304,1.09,0,0.911,0.332,1.4,0,1,0.338,0.91,0,1,0.314,0.69,0,1,0.338,0.94,0,1,0.318,1.29,0,1,0.325,1.53,0,1
94996,20160813,-96.85,40.7,0.299,1.04,0,0.911,0.327,1.34,0,1,0.33,0.83,0,1,0.308,0.64,0,1,0.332,0.85,0,1,0.313,1.25,0,1,0.319,1.4,0,1
94996,20160814,-96.85,40.7,0.294,0.99,0,0.911,0.321,1.28,0,1,0.324,0.77,0,1,0.304,0.6,0,1,0.328,0.78,0,1,0.308,1.19,0,1,0.314,1.29,0,1
94996,20160815,-96.85,40.7,0.284,0.89,0,0.911,0.314,1.19,0,1,0.316,0.7,0,0.97,0.299,0.56,0,1,0.323,0.71,0,1,0.299,1.1,0,1,0.307,1.16,0,1
94996,20160816,-96.85,40.7,0.275,0.79,0,0.804,0.305,1.07,0,0.982,0.309,0.63,0,0.827,0.295,0.52,0,1,0.319,0.64,0,0.994,0.29,0.99,0,0.982,0.3,1.02,0,1
94996,20160817,-96.85,40.7,0.265,0.7,0,0.661,0.295,0.95,0,0.839,0.3,0.56,0,0.685,0.29,0.48,0,0.935,0.315,0.58,0,0.893,0.28,0.88,0,0.839,0.293,0.89,0,0.97
94996,20160818,-96.85,40.7,0.258,0.64,0,0.53,0.287,0.84,0,0.696,0.291,0.48,0,0.542,0.286,0.45,0,0.804,0.311,0.52,0,0.75,0.272,0.79,0,0.696,0.287,0.78,0,0.827
94996,20160819,-96.85,40.7,0.246,0.52,0,0.464,0.276,0.7,0,0.554,0.281,0.39,0,0.399,0.282,0.42,0,0.661,0.307,0.46,0,0.607,0.261,0.66,0,0.554,0.279,0.64,0,0.685
94996,20160820,-96.85,40.7,0.23,0.36,0,0.321,0.259,0.49,0,0.411,0.27,0.29,0,0.256,0.278,0.39,0,0.518,0.303,0.4,0,0.464,0.245,0.46,0,0.411,0.268,0.46,0,0.542
94996,20160821,-96.85,40.7,0.219,0.26,0,0.179,0.245,0.32,0,0.268,0.259,0.2,0,0.113,0.273,0.35,0,0.375,0.3,0.34,0,0.321,0.232,0.32,0,0.268,0.259,0.32,0,0.399
94996,20160822,-96.85,40.7,0.21,0.17,0,0.036,0.234,0.19,0,0.125,0.249,0.12,0,0,0.268,0.31,0,0.232,0.296,0.29,0,0.179,0.222,0.2,0,0.125,0.251,0.2,0,0.256
94996,20160823,-96.85,40.7,0.201,0.08,0,0,0.225,0.1,0,0,0.239,0.03,0,0,0.263,0.27,0,0.089,0.292,0.23,0,0.042,0.213,0.11,0,0,0.244,0.09,0,0.113
94996,20160824,-96.85,40.7,0.194,0.02,0,0,0.219,0.03,0,0,0.231,-0.04,0,0,0.258,0.22,0,0.012,0.288,0.17,0,0,0.207,0.04,0,0,0.238,0,0,0
94996,20160825,-96.85,40.7,0.19,-0.02,0,0,0.214,-0.01,0,0,0.223,-0.1,0.024,0,0.253,0.17,0,0,0.284,0.12,0,0,0.202,0,0,0,0.233,-0.07,0,0
94996,20160826,-96.85,40.7,0.186,-0.05,0,0,0.21,-0.05,0,0,0.216,-0.16,0.131,0,0.248,0.12,0,0,0.281,0.08,0,0,0.198,-0.03,0,0,0.228,-0.13,0,0
94996,20160827,-96.85,40.7,0.18,-0.09,0,0,0.207,-0.07,0,0,0.21,-0.2,0.268,0,0.244,0.08,0,0,0.277,0.03,0,0,0.194,-0.07,0,0,0.224,-0.2,0,0
94996,20160828,-96.85,40.7,0.173,-0.15,0,0,0.205,-0.09,0,0,0.205,-0.25,0.411,0,0.24,0.03,0,0,0.273,-0.01,0,0,0.189,-0.11,0,0,0.219,-0.26,0,0
94996,20160829,-96.85,40.7,0.169,-0.18,0,0,0.203,-0.1,0,0,0.2,-0.28,0.554,0,0.237,-0.01,0,0,0.269,-0.05,0,0,0.186,-0.14,0,0,0.216,-0.31,0,0
94996,20160830,-96.85,40.7,0.186,-0.02,0,0.089,0.213,0,0,0.089,0.199,-0.29,0.613,0,0.234,-0.05,0,0,0.266,-0.08,0,0,0.2,-0.01,0,0.089,0.22,-0.26,0,0.089
94996,20160831,-96.85,40.7,0.212,0.22,0,0.232,0.232,0.17,0,0.232,0.2,-0.28,0.613,0,0.232,-0.08,0,0,0.263,-0.11,0,0,0.222,0.2,0,0.232,0.228,-0.15,0,0.232
94996,20160901,-96.85,40.7,0.233,0.41,0,0.375,0.249,0.32,0,0.375,0.202,-0.27,0.589,0,0.23,-0.1,0,0,0.26,-0.13,0,0,0.241,0.38,0,0.375,0.235,-0.06,0,0.28
94996,20160902,-96.85,40.7,0.249,0.56,0,0.518,0.262,0.44,0,0.506,0.203,-0.26,0.482,0,0.229,-0.12,0,0,0.258,-0.15,0,0,0.256,0.51,0,0.518,0.24,0.01,0,0.28
94996,20160903,-96.85,40.7,0.262,0.68,0,0.661,0.273,0.54,0,0.506,0.205,-0.24,0.345,0,0.228,-0.14,0,0,0.256,-0.16,0,0,0.267,0.62,0,0.607,0.245,0.06,0,0.28
94996,20160904,-96.85,40.7,0.273,0.78,0,0.702,0.282,0.62,0,0.506,0.206,-0.23,0.202,0,0.227,-0.16,0,0,0.255,-0.17,0,0,0.277,0.71,0,0.607,0.249,0.11,0,0.28
94996,20160905,-96.85,40.7,0.282,0.87,0,0.702,0.289,0.69,0,0.506,0.208,-0.22,0.06,0,0.226,-0.17,0,0,0.254,-0.18,0,0,0.286,0.79,0,0.607,0.252,0.16,0,0.28
94996,20160906,-96.85,40.7,0.269,0.75,0,0.613,0.281,0.62,0,0.417,0.206,-0.23,0.03,0,0.226,-0.18,0,0,0.253,-0.18,0,0,0.275,0.69,0,0.518,0.247,0.1,0,0.19
94996,20160907,-96.85,40.7,0.245,0.54,0,0.47,0.263,0.46,0,0.274,0.203,-0.26,0.155,0,0.225,-0.18,0,0,0.253,-0.19,0,0,0.254,0.5,0,0.375,0.238,-0.02,0,0.048
94996,20160908,-96.85,40.7,0.225,0.36,0,0.327,0.247,0.31,0,0.131,0.2,-0.28,0.298,0,0.225,-0.19,0,0,0.252,-0.19,0,0,0.236,0.34,0,0.232,0.23,-0.12,0,0
94996,20160909,-96.85,40.7,0.211,0.23,0,0.185,0.234,0.2,0,0,0.197,-0.31,0.44,0,0.225,-0.19,0,0,0.251,-0.19,0,0,0.222,0.21,0,0.089,0.223,-0.2,0,0
94996,20160910,-96.85,40.7,0.219,0.31,0,0.137,0.235,0.22,0,0.095,0.195,-0.33,0.583,0,0.224,-0.2,0,0,0.25,-0.2,0,0,0.227,0.26,0,0.095,0.225,-0.18,0,0.095
94996,20160911,-96.85,40.7,0.232,0.42,0,0.238,0.24,0.27,0,0.238,0.193,-0.35,0.726,0,0.223,-0.2,0,0,0.249,-0.2,0,0,0.236,0.35,0,0.238,0.228,-0.14,0,0.107
94996,20160912,-96.85,40.7,0.241,0.5,0,0.381,0.245,0.31,0,0.286,0.192,-0.37,0.869,0,0.222,-0.21,0,0,0.248,-0.2,0,0,0.243,0.41,0,0.381,0.23,-0.11,0,0.107
94996,20160913,-96.85,40.7,0.25,0.57,0,0.524,0.25,0.36,0,0.286,0.19,-0.39,0.982,0,0.222,-0.22,0,0,0.248,-0.2,0,0,0.25,0.46,0,0.417,0.232,-0.08,0,0.107
94996,20160914,-96.85,40.7,0.279,0.85,0,0.667,0.268,0.54,0,0.423,0.189,-0.4,1,0,0.221,-0.22,0,0,0.247,-0.2,0,0,0.274,0.7,0,0.56,0.241,0.04,0,0.244
94996,20160915,-96.85,40.7,0.307,1.11,0,0.81,0.287,0.74,0,0.565,0.191,-0.38,0.887,0,0.219,-0.23,0,0,0.246,-0.19,0,0,0.297,0.93,0,0.702,0.25,0.18,0,0.387
94996,20160916,-96.85,40.7,0.336,1.38,0,0.952,0.307,0.95,0,0.708,0.195,-0.35,0.744,0,0.219,-0.24,0,0,0.245,-0.19,0,0,0.321,1.18,0,0.845,0.26,0.33,0,0.53
94996,20160917,-96.85,40.7,0.346,1.5,0,1,0.318,1.08,0,0.756,0.201,-0.28,0.601,0,0.222,-0.21,0,0,0.245,-0.19,0,0,0.332,1.31,0,0.893,0.266,0.42,0,0.577
94996,20160918,-96.85,40.7,0.349,1.55,0,1,0.322,1.16,0,0.756,0.207,-0.21,0.458,0,0.225,-0.16,0,0,0.244,-0.18,0,0,0.335,1.38,0,0.893,0.27,0.48,0,0.708
94996,20160919,-96.85,40.7,0.354,1.62,0,1,0.327,1.25,0,0.851,0.212,-0.16,0.315,0,0.23,-0.11,0,0,0.244,-0.18,0,0,0.34,1.46,0,0.893,0.273,0.54,0,0.851
94996,20160920,-96.85,40.7,0.36,1.7,0,1,0.331,1.32,0,0.994,0.218,-0.1,0.173,0,0.233,-0.07,0,0,0.244,-0.18,0,0,0.346,1.54,0,1,0.277,0.61,0,0.994
94996,20160921,-96.85,40.7,0.344,1.56,0,1,0.322,1.26,0,1,0.222,-0.05,0.03,0,0.237,-0.03,0,0,0.244,-0.18,0,0,0.333,1.44,0,1,0.274,0.57,0,0.929
94996,20160922,-96.85,40.7,0.328,1.42,0,1,0.311,1.17,0,1,0.224,-0.02,0,0,0.24,0.01,0,0,0.244,-0.18,0,0,0.32,1.32,0,1,0.27,0.52,0,0.786
94996,20160923,-96.85,40.7,0.309,1.24,0,0.988,0.297,1.04,0,0.893,0.224,-0.02,0,0,0.243,0.03,0,0,0.244,-0.19,0,0,0.303,1.16,0,0.905,0.263,0.43,0,0.643
94996,20160924,-96.85,40.7,0.286,1.01,0,0.845,0.279,0.85,0,0.75,0.22,-0.06,0,0,0.242,0.02,0,0,0.245,-0.19,0,0,0.283,0.95,0,0.762,0.254,0.31,0,0.5
94996,20160925,-96.85,40.7,0.269,0.84,0,0.738,0.264,0.68,0,0.607,0.216,-0.1,0,0,0.239,-0.01,0,0,0.245,-0.2,0,0,0.266,0.77,0,0.655,0.247,0.2,0,0.357
94996,20160926,-96.85,40.7,0.26,0.75,0,0.738,0.251,0.54,0,0.464,0.213,-0.14,0,0,0.236,-0.04,0,0,0.245,-0.2,0,0,0.255,0.66,0,0.548,0.241,0.13,0,0.214
94996,20160927,-96.85,40.7,0.253,0.66,0,0.738,0.239,0.41,0,0.321,0.209,-0.18,0.065,0,0.233,-0.08,0,0,0.245,-0.21,0,0,0.246,0.55,0,0.405,0.236,0.05,0,0.071
94996,20160928,-96.85,40.7,0.246,0.59,0,0.601,0.23,0.3,0,0.179,0.205,-0.22,0.208,0,0.23,-0.11,0,0,0.245,-0.22,0,0,0.238,0.46,0,0.262,0.231,-0.01,0,0
94996,20160929,-96.85,40.7,0.24,0.53,0,0.458,0.222,0.21,0,0.036,0.201,-0.26,0.351,0,0.227,-0.14,0,0,0.245,-0.23,0,0,0.231,0.38,0,0.119,0.227,-0.06,0,0
94996,20160930,-96.85,40.7,0.235,0.48,0,0.327,0.216,0.15,0,0,0.197,-0.29,0.494,0,0.224,-0.17,0,0,0.244,-0.23,0.006,0,0.225,0.32,0,0.071,0.223,-0.11,0,0
94996,20161001,-96.85,40.7,0.232,0.45,0,0.327,0.211,0.1,0,0,0.194,-0.32,0.637,0,0.221,-0.2,0,0,0.243,-0.24,0.042,0,0.221,0.27,0,0.071,0.22,-0.14,0,0
94996,20161002,-96.85,40.7,0.226,0.39,0,0.292,0.207,0.06,0,0,0.19,-0.34,0.78,0,0.219,-0.22,0,0,0.242,-0.25,0.113,0,0.217,0.22,0,0.036,0.217,-0.17,0,0
94996,20161003,-96.85,40.7,0.214,0.28,0,0.149,0.204,0.03,0,0,0.187,-0.36,0.923,0,0.217,-0.23,0,0,0.241,-0.26,0.137,0,0.209,0.14,0,0,0.213,-0.22,0.012,0
94996,20161004,-96.85,40.7,0.205,0.2,0,0.006,0.201,0,0,0,0.185,-0.37,1,0,0.215,-0.25,0,0,0.24,-0.27,0.208,0,0.203,0.07,0,0,0.209,-0.26,0.065,0
94996,20161005,-96.85,40.7,0.221,0.32,0,0.137,0.211,0.12,0,0.071,0.195,-0.26,0.911,0.071,0.217,-0.23,0,0,0.239,-0.27,0.268,0,0.216,0.21,0,0.071,0.217,-0.16,0.065,0.071
94996,20161006,-96.85,40.7,0.243,0.5,0,0.28,0.232,0.39,0,0.214,0.213,-0.09,0.768,0.214,0.223,-0.18,0,0,0.239,-0.28,0.327,0,0.238,0.43,0,0.214,0.23,0,0.065,0.214
94996,20161007,-96.85,40.7,0.273,0.75,0,0.423,0.259,0.72,0,0.357,0.236,0.12,0.625,0.357,0.237,-0.07,0,0.113,0.241,-0.25,0.339,0,0.266,0.72,0,0.357,0.249,0.22,0.065,0.357
94996,20161008,-96.85,40.7,0.3,0.95,0,0.565,0.283,1.02,0,0.5,0.257,0.31,0.482,0.5,0.252,0.05,0,0.256,0.246,-0.21,0.304,0,0.292,0.98,0,0.5,0.268,0.43,0.065,0.5
94996,20161009,-96.85,40.7,0.324,1.14,0,0.708,0.307,1.28,0,0.643,0.277,0.49,0.339,0.643,0.265,0.16,0,0.399,0.25,-0.18,0.232,0,0.316,1.22,0,0.643,0.285,0.62,0.065,0.643
94996,20161010,-96.85,40.7,0.347,1.31,0,0.851,0.329,1.49,0,0.786,0.297,0.66,0.196,0.786,0.278,0.27,0,0.542,0.254,-0.14,0.208,0,0.338,1.43,0,0.786,0.301,0.79,0.054,0.786
94996,20161011,-96.85,40.7,0.372,1.49,0,0.994,0.353,1.69,0,0.929,0.316,0.82,0.054,0.929,0.291,0.37,0,0.685,0.258,-0.11,0.137,0,0.362,1.65,0,0.929,0.318,0.96,0,0.929
94996,20161012,-96.85,40.7,0.372,1.47,0,1,0.363,1.72,0,1,0.322,0.86,0,1,0.3,0.44,0,0.827,0.261,-0.08,0.077,0,0.368,1.65,0,1,0.324,1,0,1
94996,20161013,-96.85,40.7,0.368,1.4,0,1,0.362,1.61,0,1,0.321,0.84,0,1,0.305,0.47,0,0.97,0.265,-0.05,0.018,0,0.365,1.57,0,1,0.324,0.98,0,1
94996,20161014,-96.85,40.7,0.356,1.28,0,1,0.355,1.42,0,1,0.314,0.78,0,1,0.301,0.44,0,1,0.265,-0.04,0,0,0.355,1.41,0,1,0.318,0.88,0,1
94996,20161015,-96.85,40.7,0.349,1.2,0,1,0.35,1.27,0,1,0.31,0.73,0,1,0.297,0.4,0,1,0.263,-0.06,0,0,0.35,1.29,0,1,0.314,0.81,0,1
94996,20161016,-96.85,40.7,0.344,1.14,0,1,0.347,1.16,0,1,0.306,0.7,0,1,0.294,0.38,0,1,0.262,-0.07,0,0,0.346,1.2,0,1,0.311,0.75,0,1
94996,20161017,-96.85,40.7,0.342,1.1,0,1,0.345,1.1,0,1,0.304,0.68,0,1,0.292,0.36,0,1,0.261,-0.08,0,0,0.344,1.13,0,1,0.309,0.71,0,1
94996,20161018,-96.85,40.7,0.338,1.05,0,1,0.342,1.04,0,1,0.302,0.66,0,1,0.291,0.34,0,1,0.26,-0.09,0,0,0.34,1.06,0,1,0.306,0.67,0,1
94996,20161019,-96.85,40.7,0.333,1,0,1,0.338,0.99,0,1,0.299,0.64,0,1,0.289,0.33,0,0.988,0.259,-0.1,0,0,0.336,1,0,1,0.304,0.63,0,1
94996,20161020,-96.85,40.7,0.332,0.97,0,1,0.335,0.96,0,1,0.297,0.62,0,0.982,0.288,0.31,0,0.898,0.258,-0.11,0,0,0.333,0.96,0,1,0.302,0.6,0,1
94996,20161021,-96.85,40.7,0.335,0.98,0,1,0.333,0.94,0,1,0.295,0.6,0,0.856,0.287,0.29,0,0.754,0.257,-0.12,0,0,0.334,0.95,0,1,0.301,0.59,0,1
94996,20161022,-96.85,40.7,0.337,0.98,0,1,0.331,0.91,0,1,0.293,0.58,0,0.713,0.285,0.27,0,0.611,0.257,-0.13,0,0,0.334,0.95,0,1,0.301,0.58,0,1
94996,20161023,-96.85,40.7,0.339,0.98,0,1,0.329,0.89,0,1,0.291,0.56,0,0.569,0.283,0.25,0,0.467,0.256,-0.13,0,0,0.334,0.94,0,1,0.3,0.56,0,1
94996,20161024,-96.85,40.7,0.339,0.98,0,1,0.327,0.86,0,1,0.289,0.54,0,0.425,0.281,0.23,0,0.329,0.256,-0.14,0,0,0.333,0.93,0,1,0.298,0.55,0,1
94996,20161025,-96.85,40.7,0.34,0.98,0,1,0.324,0.83,0,1,0.286,0.52,0,0.281,0.279,0.21,0,0.186,0.255,-0.15,0,0,0.332,0.92,0,1,0.297,0.54,0,1
94996,20161026,-96.85,40.7,0.341,0.97,0,1,0.323,0.81,0,1,0.283,0.5,0,0.143,0.278,0.2,0,0.06,0.254,-0.16,0,0,0.332,0.91,0,1,0.296,0.53,0,1
94996,20161027,-96.85,40.7,0.339,0.96,0,1,0.321,0.78,0,1,0.281,0.49,0,0.018,0.276,0.19,0,0.012,0.254,-0.16,0,0,0.33,0.9,0,1,0.294,0.51,0,1
94996,20161028,-96.85,40.7,0.333,0.91,0,1,0.318,0.75,0,1,0.279,0.47,0,0,0.275,0.18,0,0.012,0.253,-0.16,0,0,0.326,0.86,0,1,0.292,0.49,0,0.988
94996,20161029,-96.85,40.7,0.327,0.86,0,1,0.315,0.72,0,1,0.278,0.46,0,0,0.274,0.18,0,0.036,0.252,-0.17,0,0,0.321,0.82,0,1,0.289,0.47,0,0.976
94996,20161030,-96.85,40.7,0.322,0.82,0,1,0.312,0.69,0,1,0.276,0.45,0,0,0.274,0.18,0,0.071,0.252,-0.17,0,0,0.317,0.79,0,1,0.287,0.44,0,0.899
94996,20161031,-96.85,40.7,0.317,0.77,0,1,0.309,0.66,0,1,0.274,0.44,0,0,0.273,0.18,0,0.101,0.252,-0.17,0,0,0.313,0.76,0,1,0.285,0.42,0,0.756
94996,20161101,-96.85,40.7,0.313,0.73,0,1,0.306,0.63,0,1,0.272,0.42,0,0,0.272,0.18,0,0.101,0.251,-0.17,0,0,0.309,0.73,0,1,0.283,0.4,0,0.613
94996,20161102,-96.85,40.7,0.308,0.69,0,1,0.303,0.6,0,1,0.27,0.4,0,0,0.271,0.18,0,0.107,0.251,-0.17,0,0,0.305,0.69,0,1,0.281,0.37,0,0.47
94996,20161103,-96.85,40.7,0.303,0.65,0,1,0.299,0.57,0,1,0.268,0.38,0,0,0.27,0.18,0,0.119,0.251,-0.17,0,0,0.301,0.65,0,1,0.278,0.35,0,0.327
94996,20161104,-96.85,40.7,0.298,0.6,0,1,0.295,0.53,0,0.964,0.265,0.36,0,0,0.268,0.18,0,0.119,0.251,-0.17,0,0,0.296,0.6,0,0.994,0.276,0.32,0,0.196
94996,20161105,-96.85,40.7,0.292,0.56,0,0.97,0.29,0.49,0,0.833,0.263,0.32,0,0,0.267,0.17,0,0.095,0.251,-0.17,0,0,0.291,0.55,0,0.887,0.273,0.29,0,0.065
94996,20161106,-96.85,40.7,0.285,0.51,0,0.851,0.285,0.44,0,0.69,0.26,0.28,0,0,0.265,0.16,0,0.06,0.25,-0.17,0,0,0.285,0.48,0,0.744,0.269,0.26,0,0
94996,20161107,-96.85,40.7,0.279,0.46,0,0.708,0.281,0.39,0,0.548,0.257,0.23,0,0,0.264,0.15,0,0.024,0.25,-0.18,0,0,0.28,0.42,0,0.601,0.266,0.22,0,0
94996,20161108,-96.85,40.7,0.273,0.41,0,0.565,0.276,0.34,0,0.405,0.254,0.17,0,0,0.262,0.14,0,0.024,0.249,-0.18,0,0,0.274,0.35,0,0.458,0.263,0.19,0,0
94996,20161109,-96.85,40.7,0.267,0.36,0,0.423,0.271,0.28,0,0.262,0.251,0.12,0,0,0.26,0.13,0,0.018,0.249,-0.18,0,0,0.269,0.29,0,0.315,0.26,0.15,0,0
94996,20161110,-96.85,40.7,0.262,0.31,0,0.28,0.267,0.22,0,0.119,0.248,0.06,0,0,0.258,0.12,0,0,0.248,-0.18,0,0,0.264,0.22,0,0.173,0.257,0.11,0,0
94996,20161111,-96.85,40.7,0.257,0.26,0,0.137,0.262,0.15,0,0.012,0.245,0,0,0,0.257,0.11,0,0,0.248,-0.19,0,0,0.26,0.16,0,0.036,0.254,0.07,0,0
94996,20161112,-96.85,40.7,0.253,0.22,0,0.024,0.258,0.08,0,0,0.242,-0.05,0,0,0.255,0.1,0,0,0.247,-0.19,0,0,0.256,0.11,0,0,0.251,0.04,0,0
94996,20161113,-96.85,40.7,0.25,0.18,0,0,0.255,0.01,0,0,0.24,-0.09,0,0,0.253,0.09,0,0,0.247,-0.2,0,0,0.252,0.06,0,0,0.249,0,0,0
94996,20161114,-96.85,40.7,0.247,0.14,0,0,0.251,-0.06,0,0,0.237,-0.12,0,0,0.251,0.08,0,0,0.246,-0.21,0,0,0.249,0.02,0,0,0.246,-0.04,0,0
94996,20161115,-96.85,40.7,0.243,0.1,0,0,0.248,-0.12,0,0,0.234,-0.15,0,0,0.249,0.07,0,0,0.245,-0.21,0,0,0.246,-0.02,0,0,0.244,-0.08,0,0
94996,20161116,-96.85,40.7,0.24,0.06,0,0,0.245,-0.18,0,0,0.232,-0.18,0,0,0.247,0.06,0,0,0.245,-0.22,0,0,0.242,-0.06,0,0,0.242,-0.12,0,0
94996,20161117,-96.85,40.7,0.236,0.03,0,0,0.243,-0.22,0,0,0.229,-0.2,0,0,0.245,0.05,0,0,0.244,-0.23,0,0,0.239,-0.09,0,0,0.24,-0.16,0,0
94996,20161118,-96.85,40.7,0.233,-0.01,0,0,0.24,-0.26,0,0,0.227,-0.22,0,0,0.244,0.04,0,0,0.243,-0.24,0,0,0.236,-0.13,0,0,0.238,-0.2,0,0
94996,20161119,-96.85,40.7,0.229,-0.05,0,0,0.238,-0.29,0,0,0.225,-0.24,0,0,0.243,0.03,0,0,0.243,-0.25,0,0,0.233,-0.16,0,0,0.236,-0.24,0,0
94996,20161120,-96.85,40.7,0.226,-0.08,0,0,0.235,-0.32,0,0,0.223,-0.27,0,0,0.241,0.02,0,0,0.242,-0.26,0,0,0.231,-0.19,0,0,0.234,-0.27,0,0
94996,20161121,-96.85,40.7,0.223,-0.11,0,0,0.233,-0.35,0,0,0.221,-0.29,0,0,0.24,0,0,0,0.242,-0.26,0,0,0.228,-0.22,0,0,0.232,-0.31,0.054,0
94996,20161122,-96.85,40.7,0.22,-0.14,0,0,0.231,-0.38,0,0,0.219,-0.32,0,0,0.238,-0.01,0,0,0.241,-0.27,0,0,0.225,-0.25,0,0,0.23,-0.34,0.143,0
94996,20161123,-96.85,40.7,0.219,-0.15,0,0,0.229,-0.4,0,0,0.217,-0.33,0,0,0.236,-0.03,0,0,0.241,-0.27,0,0,0.224,-0.27,0,0,0.228,-0.37,0.173,0
94996,20161124,-96.85,40.7,0.22,-0.14,0,0,0.227,-0.41,0,0,0.216,-0.35,0,0,0.235,-0.04,0,0,0.24,-0.28,0,0,0.224,-0.27,0,0,0.228,-0.39,0.185,0
94996,20161125,-96.85,40.7,0.223,-0.12,0,0,0.226,-0.43,0,0,0.214,-0.36,0,0,0.234,-0.06,0,0,0.24,-0.28,0,0,0.224,-0.27,0,0,0.227,-0.4,0.185,0
94996,20161126,-96.85,40.7,0.226,-0.09,0,0,0.226,-0.44,0,0,0.213,-0.38,0,0,0.233,-0.07,0,0,0.239,-0.29,0,0,0.226,-0.26,0,0,0.227,-0.41,0.185,0
94996,20161127,-96.85,40.7,0.23,-0.05,0,0,0.225,-0.44,0.006,0,0.213,-0.38,0,0,0.232,-0.08,0,0,0.239,-0.29,0,0,0.228,-0.25,0,0,0.228,-0.41,0.185,0
94996,20161128,-96.85,40.7,0.242,0.08,0,0.095,0.227,-0.42,0.006,0,0.212,-0.39,0,0,0.232,-0.08,0,0,0.239,-0.3,0,0,0.235,-0.18,0,0.089,0.23,-0.39,0.131,0
94996,20161129,-96.85,40.7,0.255,0.24,0,0.238,0.232,-0.39,0.006,0,0.212,-0.39,0,0,0.231,-0.08,0,0,0.238,-0.3,0,0,0.243,-0.09,0,0.232,0.234,-0.35,0.042,0
94996,20161130,-96.85,40.7,0.266,0.38,0,0.381,0.235,-0.35,0.006,0,0.211,-0.4,0.024,0,0.231,-0.09,0,0,0.238,-0.31,0,0,0.251,-0.01,0,0.375,0.236,-0.33,0.012,0
94996,20161201,-96.85,40.7,0.274,0.49,0,0.524,0.239,-0.33,0.006,0,0.21,-0.4,0.089,0,0.23,-0.09,0,0,0.238,-0.31,0,0,0.256,0.06,0,0.5,0.238,-0.31,0,0
94996,20161202,-96.85,40.7,0.281,0.58,0,0.667,0.242,-0.3,0.006,0,0.21,-0.41,0.232,0,0.23,-0.1,0,0,0.237,-0.32,0,0,0.261,0.12,0,0.536,0.24,-0.29,0,0
94996,20161203,-96.85,40.7,0.287,0.65,0,0.81,0.246,-0.27,0.006,0,0.209,-0.42,0.375,0,0.229,-0.11,0,0,0.237,-0.32,0,0,0.266,0.17,0,0.577,0.241,-0.27,0,0
94996,20161204,-96.85,40.7,0.295,0.73,0,0.952,0.249,-0.23,0,0,0.208,-0.43,0.518,0,0.228,-0.12,0,0,0.236,-0.33,0,0,0.272,0.25,0,0.661,0.243,-0.25,0,0
94996,20161205,-96.85,40.7,0.3,0.78,0,1,0.253,-0.19,0,0,0.207,-0.43,0.625,0,0.227,-0.13,0,0,0.236,-0.34,0,0,0.277,0.31,0,0.714,0.245,-0.24,0,0
94996,20161206,-96.85,40.7,0.308,0.86,0,1,0.264,-0.1,0,0.113,0.212,-0.39,0.625,0,0.226,-0.14,0,0,0.235,-0.35,0,0,0.286,0.43,0,0.714,0.249,-0.19,0,0.107
94996,20161207,-96.85,40.7,0.316,0.93,0,1,0.275,0,0,0.256,0.218,-0.34,0.601,0,0.226,-0.14,0,0,0.235,-0.35,0,0,0.295,0.56,0,0.714,0.254,-0.14,0,0.19
94996,20161208,-96.85,40.7,0.323,1,0,1,0.286,0.11,0,0.399,0.224,-0.3,0.536,0,0.225,-0.15,0,0,0.235,-0.36,0,0,0.305,0.68,0,0.732,0.259,-0.09,0,0.196
94996,20161209,-96.85,40.7,0.33,1.06,0,1,0.296,0.21,0,0.542,0.23,-0.26,0.393,0,0.225,-0.15,0,0,0.234,-0.37,0,0,0.313,0.78,0,0.833,0.263,-0.04,0,0.21
94996,20161210,-96.85,40.7,0.338,1.15,0,1,0.306,0.3,0,0.685,0.235,-0.21,0.25,0,0.225,-0.15,0,0,0.234,-0.38,0,0,0.32,0.88,0,0.928,0.267,0,0,0.246
94996,20161211,-96.85,40.7,,,,,0.314,0.38,0,0.827,0.241,-0.17,0.107,0,0.226,-0.16,0,0,0.233,-0.38,0.018,0,,,,,,,,
94996,20161212,-96.85,40.7,,,,,0.32,0.44,0,0.97,0.247,-0.13,0,0,0.226,-0.15,0,0,0.233,-0.39,0.024,0,,,,,,,,
94996,20161213,-96.85,40.7,,,,,0.318,0.43,0,1,0.246,-0.15,0,0,0.226,-0.16,0,0,0.232,-0.4,0.048,0,,,,,,,,
94996,20161214,-96.85,40.7,,,,,0.312,0.38,0,0.881,0.245,-0.16,0,0,0.227,-0.16,0,0,0.231,-0.41,0.071,0,,,,,,,,
94996,20161215,-96.85,40.7,,,,,0.31,0.35,0,0.861,0.252,-0.13,0,0,0.227,-0.16,0,0,0.231,-0.41,0.071,0,,,,,,,,
94996,20161216,-96.85,40.7,,,,,,,,,0.259,-0.09,0,0,0.227,-0.16,0,0,0.23,-0.42,0.131,0,,,,,,,,
94996,20161217,-96.85,40.7,,,,,,,,,0.265,-0.05,0,0,0.227,-0.16,0,0,0.23,-0.43,0.167,0,,,,,,,,
94996,20161218,-96.85,40.7,,,,,,,,,0.272,-0.01,0,0,0.227,-0.16,0,0,0.229,-0.44,0.214,0,,,,,,,,
94996,20161219,-96.85,40.7,,,,,,,,,0.278,0.02,0,0,0.225,-0.18,0.095,0,0.229,-0.45,0.28,0,,,,,,,,
94996,20161220,-96.85,40.7,,,,,,,,,,,,,0.223,-0.2,0.19,0,0.228,-0.46,0.363,0,,,,,,,,
94996,20161221,-96.85,40.7,,,,,,,,,,,,,0.221,-0.22,0.262,0,0.228,-0.47,0.464,0,,,,,,,,
94996,20161222,-96.85,40.7,,,,,,,,,,,,,0.219,-0.24,0.357,0,0.228,-0.48,0.595,0,,,,,,,,
94996,20161223,-96.85,40.7,,,,,,,,,,,,,0.217,-0.26,0.458,0,0.227,-0.49,0.673,0,,,,,,,,
94996,20161224,-96.85,40.7,,,,,,,,,,,,,0.215,-0.27,0.536,0,0.227,-0.51,0.78,0,,,,,,,,
94996,20161225,-96.85,40.7,,,,,,,,,,,,,0.215,-0.28,0.536,0,0.227,-0.53,0.857,0,,,,,,,,
94996,20161226,-96.85,40.7,,,,,,,,,,,,,0.224,-0.19,0.44,0.083,0.227,-0.57,0.929,0,,,,,,,,
94996,20161227,-96.85,40.7,,,,,,,,,0.298,0.12,0,0.048,0.236,-0.09,0.345,0.226,0.228,-0.6,0.964,0,,,,,,,,
94996,20161228,-96.85,40.7,,,,,,,,,0.299,0.12,0,0.042,0.247,0.01,0.274,0.369,0.23,-0.62,0.982,0,,,,,,,,
94996,20161229,-96.85,40.7,,,,,,,,,0.301,0.12,0,0.042,0.258,0.12,0.179,0.512,0.232,-0.64,0.994,0,,,,,,,,
94996,20161230,-96.85,40.7,,,,,,,,,0.304,0.13,0,0.042,0.269,0.22,0.077,0.655,0.234,-0.67,1,0,,,,,,,,
94996,20161231,-96.85,40.7,,,,,,,,,0.306,0.13,0,0.042,0.279,0.32,0,0.798,0.236,-0.68,1,0,,,,,,,,
94996,20170101,-96.85,40.7,,,,,0.34,0.65,0,1,0.308,0.14,0,0.042,0.288,0.4,0,0.94,0.238,-0.68,1,0,,,,,,,,
94996,20170102,-96.85,40.7,0.351,,,,0.338,0.65,0,1,0.304,0.09,0,0,0.289,0.41,0,1,0.24,-0.68,1,0,0.342,,,,0.303,,,
94996,20170103,-96.85,40.7,0.351,,,,0.334,,,,0.302,0.05,0,0,0.288,0.4,0,1,0.242,-0.67,1,0,0.342,,,,0.303,,,
94996,20170104,-96.85,40.7,0.349,,,,0.33,,,,0.301,0.03,0,0,0.287,0.4,0,1,0.242,-0.68,1,0,0.34,,,,0.302,,,
94996,20170105,-96.85,40.7,0.348,,,,0.326,,,,0.299,0,0,0,0.286,0.39,0,0.982,0.243,-0.68,1,0,0.339,,,,0.301,,,
94996,20170106,-96.85,40.7,,,,,0.322,,,,0.301,0,0,0,0.285,0.38,0,0.869,0.243,-0.68,1,0,,,,,,,,
94996,20170107,-96.85,40.7,,,,,0.321,,,,0.306,0.03,0,0,0.284,0.38,0,0.738,0.243,-0.68,1,0,,,,,,,,
94996,20170108,-96.85,40.7,,,,,,,,,0.312,0.05,0,0,0.283,0.37,0,0.607,0.244,-0.69,1,0,,,,,,,,
94996,20170109,-96.85,40.7,,,,,,,,,0.317,0.06,0,0,0.282,0.37,0,0.476,0.244,-0.7,1,0,,,,,,,,
94996,20170110,-96.85,40.7,,,,,,,,,0.322,0.08,0,0,0.28,0.36,0,0.351,0.244,-0.71,1,0,,,,,,,,
94996,20170111,-96.85,40.7,,,,,,,,,0.327,0.11,0,0,0.279,0.35,0,0.262,0.244,-0.73,1,0,,,,,,,,
94996,20170112,-96.85,40.7,,,,,,,,,0.333,0.19,0,0,0.277,0.35,0,0.232,0.244,-0.75,1,0,,,,,,,,
94996,20170113,-96.85,40.7,,,,,,,,,0.335,0.26,0,0,0.277,0.36,0,0.333,0.244,-0.76,1,0,,,,,,,,
94996,20170114,-96.85,40.7,,,,,,,,,0.334,0.24,0,0,0.276,0.36,0,0.464,0.244,-0.78,1,0,,,,,,,,
94996,20170115,-96.85,40.7,,,,,,,,,0.333,,,,0.275,0.37,0,0.554,0.243,-0.79,1,0,,,,,,,,
94996,20170116,-96.85,40.7,,,,,,,,,0.331,,,,0.274,0.37,0,0.661,0.243,-0.81,1,0,,,,,,,,
94996,20170117,-96.85,40.7,,,,,,,,,0.339,,,,0.278,0.44,0,0.78,0.249,-0.72,0.875,0,,,,,,,,
94996,20170118,-96.85,40.7,,,,,,,,,0.346,,,,0.283,0.52,0,0.869,0.253,-0.66,0.732,0,,,,,,,,
94996,20170119,-96.85,40.7,,,,,,,,,0.353,,,,0.287,0.59,0,0.917,0.257,-0.59,0.589,0,,,,,,,,
94996,20170120,-96.85,40.7,,,,,,,,,0.361,,,,0.291,0.66,0,0.929,0.261,-0.52,0.446,0,,,,,,,,
94996,20170121,-96.85,40.7,,,,,,,,,0.37,,,,0.297,0.74,0,0.929,0.267,-0.42,0.304,0,,,,,,,,
94996,20170122,-96.85,40.7,,,,,,,,,0.377,,,,0.302,0.82,0,0.97,0.276,-0.26,0.161,0.012,,,,,,,,
94996,20170123,-96.85,40.7,,,,,,,,,0.376,,,,0.307,0.88,0,0.994,0.286,-0.1,0.018,0.119,,,,,,,,
94996,20170124,-96.85,40.7,,,,,,,,,0.366,,,,0.307,0.87,0,1,0.291,-0.02,0,0.232,,,,,,,,
94996,20170125,-96.85,40.7,,,,,,,,,0.357,,,,0.307,0.84,0,1,0.297,0.07,0,0.244,,,,,,,,
94996,20170126,-96.85,40.7,,,,,,,,,0.346,,,,0.306,0.81,0,1,0.302,0.16,0,0.244,,,,,,,,
94996,20170127,-96.85,40.7,0.36,,,,0.347,,,,0.335,,,,0.305,0.76,0,1,0.307,0.24,0,0.244,0.353,,,,0.33,,,
94996,20170128,-96.85,40.7,0.356,,,,0.342,,,,0.323,,,,0.303,0.7,0,1,0.31,0.29,0,0.244,0.35,,,,0.328,,,
94996,20170129,-96.85,40.7,0.35,,,,0.338,,,,0.314,,,,0.301,0.64,0,1,0.311,0.29,0,0.232,0.345,,,,0.323,,,
94996,20170130,-96.85,40.7,0.347,,,,0.336,,,,0.312,,,,0.299,0.6,0,1,0.31,0.27,0,0.125,0.342,,,,0.321,,,
94996,20170131,-96.85,40.7,0.345,,,,0.334,,,,0.311,,,,0.299,0.56,0,1,0.309,0.26,0,0.012,0.34,,,,0.32,,,
94996,20170201,-96.85,40.7,0.343,,,,0.333,,,,0.31,,,,0.298,0.53,0,1,0.308,0.24,0,0,0.338,,,,0.318,,,
94996,20170202,-96.85,40.7,0.341,,,,0.332,,,,0.309,,,,0.297,0.51,0,1,0.308,0.22,0,0,0.337,,,,0.317,,,
94996,20170203,-96.85,40.7,0.34,,,,0.331,,,,0.308,,,,0.296,0.48,0,1,0.307,0.2,0,0,0.336,,,,0.316,,,
94996,20170204,-96.85,40.7,0.339,,,,0.33,,,,0.307,,,,0.296,0.46,0,0.994,0.307,0.17,0,0,0.335,,,,0.316,,,
94996,20170205,-96.85,40.7,0.337,,,,0.328,,,,0.306,,,,0.295,0.43,0,0.964,0.307,0.14,0,0,0.333,,,,0.315,,,
94996,20170206,-96.85,40.7,0.334,,,,0.326,,,,0.305,,,,0.294,0.4,0,0.935,0.307,0.12,0,0,0.33,,,,0.313,,,
94996,20170207,-96.85,40.7,0.332,,,,0.324,,,,0.304,,,,0.293,0.38,0,0.899,0.306,0.09,0,0,0.328,,,,0.312,,,
94996,20170208,-96.85,40.7,0.33,,,,0.323,,,,0.302,,,,0.292,0.36,0,0.881,0.306,0.06,0,0,0.326,,,,0.311,,,
94996,20170209,-96.85,40.7,0.325,,,,0.321,,,,0.301,,,,0.291,0.34,0,0.78,0.305,0.04,0,0,0.323,,,,0.309,,,
94996,20170210,-96.85,40.7,0.324,,,,0.319,,,,0.3,,,,0.29,0.32,0,0.649,0.305,0.02,0,0,0.322,,,,0.308,,,
94996,20170211,-96.85,40.7,,,,,0.318,,,,0.299,,,,0.29,0.31,0,0.524,0.304,0.01,0,0,,,,,,,,
94996,20170212,-96.85,40.7,0.325,,,,0.318,,,,0.299,,,,0.29,0.3,0,0.458,0.304,0,0,0,0.323,,,,0.308,,,
94996,20170213,-96.85,40.7,0.324,,,,0.318,,,,0.299,,,,0.29,0.3,0,0.375,0.304,-0.02,0,0,0.322,,,,0.308,,,
94996,20170214,-96.85,40.7,0.324,,,,0.317,,,,0.299,,,,0.289,0.29,0,0.286,0.303,-0.03,0,0,0.322,,,,0.307,,,
94996,20170215,-96.85,40.7,0.323,,,,0.317,,,,0.298,,,,0.289,0.28,0,0.161,0.303,-0.04,0,0,0.321,,,,0.307,,,
94996,20170216,-96.85,40.7,0.326,,,,0.317,,,,0.298,,,,0.289,0.27,0,0.119,0.303,-0.05,0,0,0.322,,,,0.307,,,
94996,20170217,-96.85,40.7,0.325,,,,0.319,,,,0.299,,,,0.289,0.27,0,0.119,0.303,-0.07,0,0,0.322,,,,0.307,,,
94996,20170218,-96.85,40.7,0.326,,,,0.32,,,,0.299,,,,0.29,0.28,0,0.137,0.303,-0.08,0,0,0.323,,,,0.308,,,
94996,20170219,-96.85,40.7,0.325,,,,0.319,,,,0.3,,,,0.29,0.28,0,0.101,0.303,-0.1,0,0,0.322,,,,0.307,,,
94996,20170220,-96.85,40.7,0.325,,,,0.319,,,,0.3,,,,0.29,0.28,0,0.095,0.303,-0.12,0,0,0.322,,,,0.307,,,
94996,20170221,-96.85,40.7,0.324,,,,0.32,,,,0.301,,,,0.29,0.29,0,0.161,0.303,-0.13,0,0,0.322,,,,0.308,,,
94996,20170222,-96.85,40.7,0.324,,,,0.32,,,,0.301,,,,0.291,0.3,0,0.202,0.304,-0.14,0,0,0.322,,,,0.308,,,
94996,20170223,-96.85,40.7,0.323,,,,0.32,,,,0.302,,,,0.291,0.31,0,0.244,0.304,-0.15,0,0,0.321,,,,0.308,,,
94996,20170224,-96.85,40.7,0.323,,,,0.32,,,,0.302,,,,0.292,0.31,0,0.256,0.305,-0.15,0,0,0.322,,,,0.308,,,
94996,20170225,-96.85,40.7,0.328,,,,0.323,,,,0.302,,,,0.292,0.32,0,0.351,0.305,-0.16,0,0,0.325,,,,0.31,,,
94996,20170226,-96.85,40.7,0.336,,,,0.328,,,,0.303,,,,0.295,0.36,0,0.482,0.305,-0.16,0,0,0.332,,,,0.313,,,
94996,20170227,-96.85,40.7,0.346,,,,0.334,,,,0.307,,,,0.298,0.43,0,0.601,0.305,-0.17,0,0,0.34,,,,0.318,,,
94996,20170228,-96.85,40.7,0.353,,,,0.34,,,,0.311,,,,0.301,0.48,0,0.661,0.305,-0.16,0,0,0.346,,,,0.322,,,
94996,20170301,-96.85,40.7,0.36,,,,0.345,,,,0.314,,,,0.304,0.52,0,0.762,0.307,-0.14,0,0,0.353,,,,0.326,,,
94996,20170302,-96.85,40.7,0.366,,,,0.349,,,,0.317,,,,0.306,0.55,0,0.863,0.308,-0.11,0,0,0.358,,,,0.329,,,
94996,20170303,-96.85,40.7,0.37,,,,0.352,,,,0.319,-0.16,0,0,0.308,0.58,0,0.982,0.31,-0.09,0,0,0.361,,,,0.332,,,
94996,20170304,-96.85,40.7,0.369,,,,0.352,,,,0.321,-0.2,0,0,0.309,0.59,0,1,0.312,-0.06,0,0,0.361,,,,0.332,,,
94996,20170305,-96.85,40.7,0.365,,,,0.35,,,,0.322,-0.21,0,0,0.308,0.58,0,1,0.313,-0.04,0,0,0.357,,,,0.332,,,
94996,20170306,-96.85,40.7,0.359,,,,0.347,,,,0.32,-0.2,0,0,0.306,0.53,0,1,0.315,-0.01,0,0,0.353,,,,0.329,,,
94996,20170307,-96.85,40.7,0.355,,,,0.344,,,,0.318,-0.19,0,0,0.305,0.5,0,1,0.316,0,0,0,0.349,,,,0.327,,,
94996,20170308,-96.85,40.7,0.351,,,,0.341,0.13,0,0,0.317,-0.19,0,0,0.304,0.46,0,0.976,0.316,-0.01,0,0,0.346,,,,0.325,,,
94996,20170309,-96.85,40.7,0.347,0.78,0,1,0.338,0.05,0,0,0.315,-0.2,0,0,0.303,0.42,0,0.845,0.316,-0.02,0,0,0.342,,,,0.324,,,
94996,20170310,-96.85,40.7,0.343,0.71,0,1,0.336,0,0,0,0.314,-0.21,0,0,0.302,0.39,0,0.702,0.315,-0.03,0,0,0.34,0.4,0,0.857,0.322,,,
94996,20170311,-96.85,40.7,0.339,0.62,0,1,0.334,-0.08,0,0,0.313,-0.22,0,0,0.301,0.35,0,0.56,0.315,-0.04,0,0,0.336,0.29,0,0.261,0.32,0.05,0,0
94996,20170312,-96.85,40.7,0.335,0.56,0,0.969,0.331,-0.14,0.148,0,0.312,-0.24,0,0,0.3,0.3,0,0.417,0.315,-0.05,0,0,0.333,0.22,0,0.128,0.318,0.01,0,0
94996,20170313,-96.85,40.7,0.33,0.52,0,0.955,0.328,-0.19,0.33,0,0.31,-0.26,0,0,0.298,0.25,0,0.274,0.314,-0.06,0,0,0.329,0.18,0,0.085,0.316,-0.02,0,0
94996,20170314,-96.85,40.7,0.325,0.48,0,0.832,0.324,-0.23,0.449,0,0.307,-0.29,0,0,0.296,0.19,0,0.131,0.314,-0.08,0,0,0.325,0.15,0,0.063,0.313,-0.04,0,0
94996,20170315,-96.85,40.7,0.321,0.45,0,0.693,0.321,-0.27,0.535,0,0.305,-0.31,0.018,0,0.295,0.14,0,0.012,0.313,-0.1,0,0,0.321,0.11,0,0.05,0.311,-0.07,0,0
94996,20170316,-96.85,40.7,0.318,0.4,0,0.569,0.319,-0.33,0.649,0,0.303,-0.34,0.101,0,0.293,0.09,0,0,0.312,-0.12,0,0,0.318,0.08,0,0.042,0.309,-0.09,0,0
94996,20170317,-96.85,40.7,0.315,0.38,0,0.524,0.317,-0.38,0.78,0,0.302,-0.36,0.214,0,0.292,0.05,0,0,0.311,-0.13,0.012,0,0.316,0.06,0,0,0.307,-0.1,0,0
94996,20170318,-96.85,40.7,0.314,0.36,0,0.5,0.317,-0.4,0.923,0,0.301,-0.39,0.351,0,0.291,0.03,0,0,0.31,-0.15,0.018,0,0.315,0.04,0,0,0.307,-0.11,0,0
94996,20170319,-96.85,40.7,0.313,0.33,0,0.381,0.316,-0.41,0.988,0,0.3,-0.42,0.494,0,0.291,0.01,0,0,0.309,-0.16,0.036,0,0.314,0.01,0,0,0.306,-0.13,0,0
94996,20170320,-96.85,40.7,0.311,0.31,0,0.25,0.316,-0.41,0.988,0,0.3,-0.44,0.637,0,0.291,-0.01,0,0,0.309,-0.17,0.06,0,0.313,-0.01,0,0,0.305,-0.14,0,0
94996,20170321,-96.85,40.7,0.309,0.27,0,0.196,0.315,-0.41,0.988,0,0.301,-0.46,0.78,0,0.291,-0.02,0,0,0.308,-0.18,0.065,0,0.312,-0.03,0,0,0.305,-0.15,0,0
94996,20170322,-96.85,40.7,0.306,0.23,0,0.19,0.315,-0.41,0.988,0,0.301,-0.49,0.905,0,0.291,-0.02,0,0,0.308,-0.19,0.083,0,0.31,-0.06,0.048,0,0.304,-0.16,0,0
94996,20170323,-96.85,40.7,0.303,0.17,0,0.19,0.314,-0.43,0.988,0,0.301,-0.51,0.964,0,0.291,-0.04,0,0,0.308,-0.19,0.107,0,0.308,-0.1,0.19,0,0.303,-0.17,0.071,0
94996,20170324,-96.85,40.7,0.299,0.1,0,0.119,0.312,-0.45,1,0,0.301,-0.53,0.994,0,0.291,-0.05,0,0,0.308,-0.19,0.149,0,0.306,-0.15,0.304,0,0.302,-0.19,0.167,0
94996,20170325,-96.85,40.7,0.294,0.03,0,0.012,0.311,-0.48,1,0,0.301,-0.54,1,0,0.291,-0.06,0,0,0.308,-0.2,0.179,0,0.303,-0.21,0.435,0,0.301,-0.22,0.238,0
94996,20170326,-96.85,40.7,0.3,0.13,0,0.137,0.313,-0.41,0.863,0,0.301,-0.54,1,0,0.29,-0.08,0,0,0.308,-0.2,0.179,0,0.307,-0.11,0.435,0.131,0.303,-0.19,0.238,0
94996,20170327,-96.85,40.7,0.307,0.25,0,0.28,0.316,-0.34,0.72,0,0.3,-0.55,1,0,0.289,-0.1,0,0,0.308,-0.2,0.202,0,0.312,-0.01,0.435,0.274,0.304,-0.16,0.238,0
94996,20170328,-96.85,40.7,0.314,0.37,0,0.423,0.319,-0.28,0.577,0,0.299,-0.56,1,0,0.289,-0.13,0,0,0.308,-0.21,0.28,0,0.316,0.09,0.435,0.417,0.306,-0.13,0.238,0
94996,20170329,-96.85,40.7,0.324,0.53,0,0.565,0.322,-0.19,0.435,0.024,0.299,-0.56,1,0,0.288,-0.15,0,0,0.308,-0.22,0.369,0,0.323,0.23,0.387,0.56,0.308,-0.09,0.238,0.012
94996,20170330,-96.85,40.7,0.344,0.88,0,0.708,0.335,0.12,0.292,0.167,0.306,-0.47,0.857,0,0.295,-0.09,0,0.089,0.313,-0.15,0.399,0.083,0.34,0.56,0.244,0.702,0.319,0.1,0.167,0.155
94996,20170331,-96.85,40.7,0.361,1.16,0,0.851,0.345,0.37,0.149,0.31,0.313,-0.39,0.714,0,0.3,-0.03,0,0.113,0.32,-0.03,0.345,0.208,0.353,0.82,0.131,0.845,0.328,0.26,0.071,0.298
94996,20170401,-96.85,40.7,0.376,1.39,0,0.994,0.354,0.56,0.006,0.452,0.318,-0.32,0.571,0,0.304,0,0,0.113,0.326,0.05,0.31,0.208,0.365,1.04,0,0.988,0.336,0.39,0,0.44
94996,20170402,-96.85,40.7,0.382,1.46,0,1,0.358,0.66,0,0.595,0.323,-0.25,0.429,0,0.309,0.04,0,0.113,0.33,0.12,0.292,0.208,0.37,1.12,0,1,0.34,0.47,0,0.583
94996,20170403,-96.85,40.7,0.389,1.54,0,1,0.364,0.78,0,0.738,0.329,-0.17,0.286,0,0.314,0.09,0,0.113,0.335,0.19,0.244,0.208,0.376,1.22,0,1,0.346,0.56,0,0.726
94996,20170404,-96.85,40.7,0.394,1.58,0,1,0.369,0.89,0,0.881,0.335,-0.1,0.143,0,0.318,0.13,0,0.113,0.339,0.26,0.161,0.208,0.382,1.29,0,1,0.351,0.64,0,0.869
94996,20170405,-96.85,40.7,0.397,1.59,0,1,0.372,0.95,0,1,0.34,-0.04,0,0,0.322,0.17,0,0.113,0.344,0.34,0.054,0.208,0.385,1.32,0,1,0.355,0.71,0,1
94996,20170406,-96.85,40.7,0.389,1.4,0,1,0.365,0.78,0,0.923,0.337,-0.06,0,0,0.319,0.13,0,0.024,0.344,0.33,0,0.125,0.377,1.15,0,1,0.351,0.62,0,0.887
94996,20170407,-96.85,40.7,0.382,1.27,0,1,0.36,0.67,0,0.78,0.333,-0.1,0,0,0.317,0.1,0,0,0.341,0.26,0,0,0.371,1.04,0,1,0.347,0.54,0,0.744
94996,20170408,-96.85,40.7,0.377,1.17,0,1,0.357,0.59,0,0.637,0.331,-0.11,0,0,0.315,0.08,0,0,0.339,0.23,0,0,0.367,0.96,0,1,0.344,0.49,0,0.601
94996,20170409,-96.85,40.7,0.37,1.05,0,1,0.353,0.5,0,0.494,0.329,-0.13,0,0,0.313,0.05,0,0,0.338,0.21,0,0,0.361,0.85,0,1,0.341,0.42,0,0.458
94996,20170410,-96.85,40.7,0.36,0.92,0,1,0.347,0.39,0,0.351,0.326,-0.16,0,0,0.311,0.03,0,0,0.337,0.18,0,0,0.354,0.73,0,0.982,0.336,0.34,0,0.315
94996,20170411,-96.85,40.7,0.351,0.8,0,1,0.342,0.29,0,0.208,0.323,-0.18,0,0,0.309,0.01,0,0,0.335,0.15,0,0,0.346,0.62,0,0.839,0.332,0.26,0,0.173
94996,20170412,-96.85,40.7,0.341,0.69,0,1,0.338,0.2,0,0.065,0.32,-0.21,0,0,0.306,-0.02,0,0,0.334,0.12,0,0,0.339,0.52,0,0.696,0.328,0.2,0,0.03
94996,20170413,-96.85,40.7,0.333,0.6,0,0.97,0.334,0.13,0,0,0.318,-0.23,0,0,0.305,-0.04,0,0,0.332,0.09,0,0,0.333,0.44,0,0.554,0.324,0.14,0,0
94996,20170414,-96.85,40.7,0.326,0.51,0,0.893,0.33,0.08,0,0,0.316,-0.24,0,0,0.303,-0.05,0,0,0.331,0.06,0,0,0.328,0.37,0,0.411,0.321,0.08,0,0
94996,20170415,-96.85,40.7,0.331,0.57,0,0.881,0.334,0.15,0,0.119,0.316,-0.23,0,0,0.302,-0.06,0,0,0.33,0.04,0,0,0.333,0.44,0,0.393,0.323,0.11,0,0.119
94996,20170416,-96.85,40.7,0.337,0.63,0,0.881,0.338,0.22,0,0.262,0.316,-0.22,0,0,0.302,-0.05,0,0,0.329,0.02,0,0,0.337,0.51,0,0.393,0.325,0.14,0,0.262
94996,20170417,-96.85,40.7,0.34,0.67,0,0.881,0.341,0.27,0,0.405,0.316,-0.22,0,0,0.302,-0.05,0,0,0.329,0,0,0,0.341,0.56,0,0.411,0.326,0.16,0,0.28
94996,20170418,-96.85,40.7,0.343,0.69,0,0.881,0.343,0.31,0,0.458,0.316,-0.21,0,0,0.302,-0.05,0,0,0.328,-0.02,0,0,0.343,0.59,0,0.554,0.327,0.17,0,0.28
94996,20170419,-96.85,40.7,0.345,0.72,0,0.881,0.345,0.35,0,0.458,0.316,-0.21,0,0,0.302,-0.05,0,0,0.327,-0.04,0,0,0.345,0.62,0,0.696,0.327,0.18,0,0.28
94996,20170420,-96.85,40.7,0.356,0.82,0,0.911,0.352,0.46,0,0.542,0.319,-0.17,0,0,0.304,-0.03,0,0,0.326,-0.06,0,0,0.354,0.74,0,0.839,0.332,0.25,0,0.363
94996,20170421,-96.85,40.7,0.367,0.94,0,0.988,0.36,0.58,0,0.685,0.323,-0.12,0,0,0.307,0.01,0,0,0.326,-0.08,0,0,0.363,0.86,0,0.982,0.337,0.33,0,0.506
94996,20170422,-96.85,40.7,0.364,0.9,0,1,0.36,0.57,0,0.708,0.325,-0.11,0,0,0.31,0.03,0,0,0.325,-0.1,0,0,0.362,0.84,0,1,0.337,0.33,0,0.512
94996,20170423,-96.85,40.7,0.36,0.85,0,1,0.358,0.54,0,0.708,0.325,-0.1,0,0,0.31,0.04,0,0,0.324,-0.12,0,0,0.359,0.8,0,1,0.336,0.31,0,0.381
94996,20170424,-96.85,40.7,0.356,0.8,0,1,0.356,0.52,0,0.631,0.325,-0.1,0,0,0.311,0.04,0,0,0.323,-0.13,0,0,0.356,0.76,0,1,0.334,0.28,0,0.363
94996,20170425,-96.85,40.7,0.35,0.74,0,0.875,0.353,0.49,0,0.577,0.325,-0.11,0,0,0.311,0.05,0,0,0.323,-0.15,0,0,0.352,0.71,0,0.881,0.332,0.25,0,0.363
94996,20170426,-96.85,40.7,0.344,0.68,0,0.732,0.351,0.46,0,0.577,0.324,-0.11,0,0,0.311,0.05,0,0,0.322,-0.17,0,0,0.348,0.66,0,0.738,0.33,0.22,0,0.363
94996,20170427,-96.85,40.7,0.33,0.53,0,0.589,0.343,0.35,0,0.494,0.32,-0.16,0.006,0,0.308,0.02,0,0,0.321,-0.18,0,0,0.336,0.52,0,0.595,0.324,0.12,0,0.28
94996,20170428,-96.85,40.7,0.314,0.37,0,0.452,0.334,0.23,0,0.351,0.314,-0.21,0.054,0,0.304,-0.02,0,0,0.321,-0.2,0,0,0.324,0.37,0,0.452,0.317,0.01,0,0.137
94996,20170429,-96.85,40.7,0.317,0.39,0,0.452,0.335,0.24,0,0.345,0.31,-0.26,0.119,0,0.302,-0.04,0,0,0.32,-0.21,0,0,0.326,0.38,0,0.452,0.317,-0.01,0,0.054
94996,20170430,-96.85,40.7,0.327,0.48,0,0.452,0.341,0.3,0,0.345,0.307,-0.28,0.161,0,0.303,-0.03,0,0,0.319,-0.23,0.006,0,0.334,0.46,0,0.452,0.32,0.03,0,0.179
94996,20170501,-96.85,40.7,0.349,0.68,0,0.452,0.355,0.46,0,0.423,0.318,-0.18,0.161,0.137,0.311,0.03,0,0.137,0.328,-0.1,0.006,0.131,0.352,0.64,0,0.452,0.332,0.2,0,0.321
94996,20170502,-96.85,40.7,0.369,0.86,0,0.577,0.367,0.6,0,0.565,0.327,-0.09,0.161,0.226,0.317,0.08,0,0.226,0.338,0.02,0.006,0.274,0.368,0.81,0,0.571,0.344,0.36,0,0.464
94996,20170503,-96.85,40.7,0.385,1.01,0,0.72,0.376,0.71,0,0.708,0.335,-0.02,0.161,0.226,0.322,0.13,0,0.226,0.347,0.14,0.006,0.417,0.381,0.95,0,0.714,0.353,0.49,0,0.607
94996,20170504,-96.85,40.7,0.405,1.19,0,0.863,0.388,0.85,0,0.851,0.343,0.06,0.155,0.262,0.328,0.18,0,0.292,0.356,0.26,0.006,0.56,0.397,1.12,0,0.857,0.364,0.64,0,0.75
94996,20170505,-96.85,40.7,0.424,1.36,0,1,0.4,0.98,0,0.994,0.352,0.14,0.107,0.262,0.334,0.23,0,0.292,0.366,0.38,0.006,0.702,0.412,1.28,0,1,0.375,0.79,0,0.893
94996,20170506,-96.85,40.7,0.423,1.34,0,1,0.4,0.97,0,1,0.358,0.2,0.042,0.262,0.338,0.25,0,0.292,0.372,0.46,0.006,0.744,0.411,1.27,0,1,0.378,0.82,0,0.994
94996,20170507,-96.85,40.7,0.414,1.26,0,1,0.395,0.9,0,1,0.362,0.23,0,0.262,0.338,0.24,0,0.292,0.377,0.51,0,0.744,0.404,1.2,0,1,0.377,0.8,0,0.94
94996,20170508,-96.85,40.7,0.394,1.07,0,1,0.383,0.76,0,0.929,0.354,0.14,0,0.125,0.332,0.18,0,0.155,0.37,0.42,0,0.613,0.388,1.02,0,1,0.367,0.65,0,0.798
94996,20170509,-96.85,40.7,0.376,0.91,0,0.929,0.37,0.62,0,0.786,0.346,0.06,0,0.036,0.327,0.13,0,0.065,0.364,0.33,0,0.47,0.373,0.86,0,0.917,0.357,0.51,0,0.655
94996,20170510,-96.85,40.7,0.361,0.77,0,0.786,0.359,0.49,0,0.643,0.34,0,0,0.036,0.323,0.08,0,0.065,0.358,0.24,0,0.327,0.36,0.72,0,0.774,0.348,0.4,0,0.512
94996,20170511,-96.85,40.7,0.342,0.59,0,0.647,0.345,0.34,0,0.503,0.334,-0.08,0,0,0.318,0.02,0,0,0.351,0.16,0,0.186,0.344,0.56,0,0.635,0.338,0.27,0,0.371
94996,20170512,-96.85,40.7,0.325,0.43,0,0.503,0.332,0.2,0,0.359,0.327,-0.15,0,0,0.312,-0.03,0,0,0.345,0.06,0,0.042,0.328,0.39,0,0.491,0.328,0.14,0,0.228
94996,20170513,-96.85,40.7,0.309,0.29,0,0.359,0.319,0.07,0,0.216,0.322,-0.2,0,0,0.307,-0.08,0,0,0.341,0,0,0,0.314,0.25,0,0.347,0.32,0.03,0,0.084
94996,20170514,-96.85,40.7,0.295,0.16,0,0.216,0.307,-0.04,0,0.072,0.317,-0.26,0,0,0.302,-0.13,0,0,0.338,-0.05,0,0,0.301,0.11,0,0.204,0.312,-0.06,0,0
94996,20170515,-96.85,40.7,0.282,0.05,0,0.072,0.296,-0.15,0.024,0,0.311,-0.31,0,0,0.297,-0.18,0,0,0.336,-0.09,0,0,0.289,-0.01,0,0.06,0.304,-0.15,0,0
94996,20170516,-96.85,40.7,0.27,-0.05,0,0,0.285,-0.25,0.156,0,0.305,-0.37,0.12,0,0.292,-0.23,0,0,0.333,-0.14,0,0,0.277,-0.11,0.036,0,0.297,-0.24,0.078,0
94996,20170517,-96.85,40.7,0.271,-0.05,0.036,0.06,0.281,-0.28,0.234,0,0.298,-0.42,0.263,0,0.286,-0.27,0,0,0.33,-0.18,0,0,0.276,-0.13,0.114,0.048,0.293,-0.28,0.156,0
94996,20170518,-96.85,40.7,0.29,0.08,0.036,0.202,0.289,-0.22,0.232,0.042,0.293,-0.46,0.387,0,0.28,-0.32,0,0,0.328,-0.21,0,0,0.289,-0.04,0.113,0.19,0.296,-0.26,0.155,0
94996,20170519,-96.85,40.7,0.309,0.21,0.036,0.345,0.301,-0.12,0.232,0.149,0.291,-0.47,0.435,0,0.278,-0.33,0,0,0.325,-0.24,0,0,0.305,0.07,0.113,0.333,0.301,-0.22,0.155,0
94996,20170520,-96.85,40.7,0.339,0.43,0.036,0.488,0.323,0.07,0.232,0.292,0.306,-0.36,0.435,0.071,0.287,-0.27,0,0.077,0.33,-0.2,0,0.065,0.331,0.27,0.113,0.476,0.317,-0.08,0.155,0.089
94996,20170521,-96.85,40.7,0.376,0.7,0.036,0.631,0.353,0.31,0.232,0.435,0.334,-0.16,0.435,0.214,0.299,-0.18,0,0.208,0.343,-0.09,0,0.208,0.365,0.52,0.113,0.619,0.341,0.14,0.155,0.232
94996,20170522,-96.85,40.7,0.406,0.91,0.036,0.774,0.377,0.51,0.208,0.577,0.351,-0.03,0.435,0.345,0.31,-0.1,0,0.22,0.353,0,0,0.274,0.391,0.71,0.113,0.762,0.359,0.31,0.155,0.375
94996,20170523,-96.85,40.7,0.438,1.13,0.036,0.917,0.402,0.71,0.077,0.72,0.37,0.11,0.315,0.423,0.321,-0.01,0,0.286,0.364,0.1,0,0.28,0.42,0.92,0.077,0.905,0.379,0.5,0.077,0.518
94996,20170524,-96.85,40.7,0.459,1.28,0,1,0.422,0.88,0,0.863,0.39,0.24,0.173,0.56,0.335,0.09,0,0.375,0.375,0.2,0,0.357,0.441,1.07,0,1,0.396,0.67,0,0.661
94996,20170525,-96.85,40.7,0.46,1.29,0,1,0.43,0.94,0,0.964,0.405,0.36,0.048,0.565,0.347,0.18,0,0.375,0.386,0.29,0,0.375,0.445,1.09,0,1,0.406,0.76,0,0.804
94996,20170526,-96.85,40.7,0.459,1.27,0,1,0.431,0.94,0,1,0.415,0.43,0,0.565,0.355,0.24,0,0.375,0.394,0.37,0,0.375,0.445,1.08,0,1,0.411,0.82,0,0.946
94996,20170527,-96.85,40.7,0.445,1.17,0,1,0.421,0.86,0,1,0.405,0.37,0,0.494,0.351,0.22,0,0.298,0.393,0.36,0,0.31,0.433,0.99,0,1,0.403,0.76,0,0.917
94996,20170528,-96.85,40.7,0.432,1.08,0,1,0.408,0.76,0,1,0.385,0.24,0,0.351,0.346,0.18,0,0.167,0.384,0.29,0,0.167,0.42,0.88,0,1,0.391,0.66,0,0.917
94996,20170529,-96.85,40.7,0.425,1.03,0,1,0.401,0.7,0,1,0.375,0.18,0,0.22,0.342,0.17,0,0.155,0.377,0.24,0,0.101,0.413,0.83,0,1,0.384,0.61,0,0.899
94996,20170530,-96.85,40.7,0.413,0.95,0,1,0.391,0.63,0,0.982,0.364,0.12,0,0.143,0.337,0.14,0,0.089,0.371,0.19,0,0.095,0.402,0.75,0,1,0.375,0.54,0,0.756
94996,20170531,-96.85,40.7,0.399,0.85,0,1,0.379,0.53,0,0.839,0.352,0.06,0,0.006,0.332,0.11,0,0,0.363,0.14,0,0.018,0.389,0.65,0,0.964,0.365,0.46,0,0.613
94996,20170601,-96.85,40.7,0.386,0.75,0,0.952,0.367,0.44,0,0.696,0.343,0.01,0,0,0.326,0.08,0,0,0.355,0.09,0,0,0.377,0.56,0,0.821,0.356,0.38,0,0.47
94996,20170602,-96.85,40.7,0.374,0.66,0,0.81,0.357,0.36,0,0.554,0.336,-0.03,0,0,0.322,0.06,0,0,0.35,0.05,0,0,0.365,0.48,0,0.679,0.348,0.32,0,0.327
94996,20170603,-96.85,40.7,0.36,0.56,0,0.667,0.345,0.28,0,0.411,0.33,-0.06,0,0,0.318,0.04,0,0,0.347,0.04,0,0,0.353,0.39,0,0.536,0.34,0.25,0,0.268
94996,20170604,-96.85,40.7,0.338,0.4,0,0.524,0.328,0.15,0,0.268,0.323,-0.1,0,0,0.313,0.01,0,0,0.344,0.02,0,0,0.333,0.25,0,0.393,0.329,0.16,0,0.125
94996,20170605,-96.85,40.7,0.319,0.26,0,0.381,0.312,0.03,0,0.125,0.316,-0.14,0,0,0.307,-0.02,0,0,0.341,0,0,0,0.315,0.12,0,0.25,0.319,0.08,0,0
94996,20170606,-96.85,40.7,0.3,0.13,0,0.238,0.298,-0.08,0,0,0.308,-0.19,0,0,0.302,-0.05,0,0,0.338,-0.02,0,0,0.299,0,0,0.107,0.309,-0.01,0,0
94996,20170607,-96.85,40.7,0.283,0.01,0,0.095,0.284,-0.17,0.071,0,0.3,-0.23,0,0,0.297,-0.07,0,0,0.335,-0.04,0,0,0.283,-0.1,0.024,0,0.3,-0.09,0,0
94996,20170608,-96.85,40.7,0.266,-0.1,0.048,0,0.272,-0.26,0.214,0,0.291,-0.28,0,0,0.29,-0.1,0,0,0.331,-0.06,0,0,0.269,-0.2,0.149,0,0.29,-0.16,0,0
94996,20170609,-96.85,40.7,0.251,-0.2,0.19,0,0.26,-0.34,0.357,0,0.282,-0.33,0,0,0.284,-0.13,0,0,0.327,-0.09,0,0,0.256,-0.29,0.292,0,0.281,-0.23,0,0
94996,20170610,-96.85,40.7,0.239,-0.27,0.333,0,0.251,-0.4,0.5,0,0.273,-0.38,0.131,0,0.277,-0.17,0,0,0.323,-0.12,0,0,0.245,-0.36,0.435,0,0.273,-0.29,0.125,0
94996,20170611,-96.85,40.7,0.229,-0.33,0.476,0,0.243,-0.45,0.643,0,0.264,-0.43,0.274,0,0.27,-0.2,0,0,0.319,-0.15,0,0,0.236,-0.41,0.577,0,0.265,-0.35,0.268,0
94996,20170612,-96.85,40.7,0.22,-0.38,0.619,0,0.237,-0.49,0.786,0,0.256,-0.47,0.417,0,0.263,-0.23,0,0,0.314,-0.17,0,0,0.229,-0.45,0.72,0,0.258,-0.39,0.411,0
94996,20170613,-96.85,40.7,0.245,-0.19,0.619,0.143,0.254,-0.36,0.786,0.137,0.259,-0.44,0.417,0,0.264,-0.22,0,0,0.31,-0.2,0,0,0.25,-0.29,0.72,0.143,0.267,-0.31,0.411,0
94996,20170614,-96.85,40.7,0.266,-0.03,0.619,0.286,0.27,-0.24,0.714,0.19,0.265,-0.4,0.417,0.006,0.266,-0.2,0,0.006,0.307,-0.22,0,0,0.268,-0.15,0.696,0.286,0.275,-0.23,0.411,0.006
94996,20170615,-96.85,40.7,0.294,0.18,0.571,0.429,0.293,-0.07,0.571,0.333,0.28,-0.31,0.417,0.012,0.276,-0.13,0,0.149,0.303,-0.24,0,0,0.294,0.04,0.571,0.429,0.289,-0.1,0.411,0.125
94996,20170616,-96.85,40.7,0.318,0.37,0.429,0.571,0.314,0.08,0.429,0.476,0.293,-0.23,0.417,0.012,0.285,-0.07,0,0.244,0.3,-0.25,0,0,0.316,0.21,0.429,0.571,0.302,0.02,0.411,0.125
94996,20170617,-96.85,40.7,0.345,0.58,0.286,0.714,0.337,0.25,0.286,0.619,0.31,-0.13,0.286,0.036,0.297,0.01,0,0.304,0.302,-0.22,0,0.054,0.341,0.41,0.286,0.714,0.318,0.16,0.286,0.19
94996,20170618,-96.85,40.7,0.375,0.81,0.143,0.857,0.361,0.44,0.143,0.762,0.329,-0.01,0.143,0.042,0.309,0.09,0,0.446,0.307,-0.17,0,0.06,0.368,0.63,0.143,0.857,0.336,0.32,0.143,0.333
94996,20170619,-96.85,40.7,0.402,1.01,0,1,0.384,0.6,0,0.905,0.348,0.11,0,0.042,0.322,0.17,0,0.589,0.311,-0.13,0,0.06,0.393,0.83,0,1,0.353,0.48,0,0.476
94996,20170620,-96.85,40.7,0.393,0.96,0,1,0.381,0.6,0,0.911,0.354,0.15,0,0.042,0.326,0.21,0,0.661,0.314,-0.09,0,0.06,0.387,0.81,0,1,0.354,0.5,0,0.554
94996,20170621,-96.85,40.7,0.386,0.93,0,1,0.379,0.6,0,0.952,0.358,0.19,0,0.036,0.329,0.23,0,0.667,0.318,-0.06,0,0.06,0.382,0.8,0,1,0.354,0.51,0,0.548
94996,20170622,-96.85,40.7,0.37,0.84,0,0.896,0.369,0.54,0,0.829,0.354,0.17,0,0.03,0.323,0.21,0,0.537,0.32,-0.03,0,0.061,0.369,0.73,0,0.89,0.347,0.47,0,0.439
94996,20170623,-96.85,40.7,0.355,0.74,0,0.75,0.359,0.48,0,0.683,0.35,0.16,0,0.03,0.318,0.19,0,0.439,0.323,-0.01,0,0.061,0.357,0.65,0,0.744,0.341,0.44,0,0.439
94996,20170624,-96.85,40.7,0.333,0.59,0,0.604,0.345,0.39,0,0.537,0.343,0.12,0,0.006,0.312,0.15,0,0.378,0.32,-0.03,0,0.006,0.339,0.53,0,0.598,0.33,0.36,0,0.372
94996,20170625,-96.85,40.7,0.308,0.42,0,0.457,0.328,0.28,0,0.39,0.331,0.06,0,0,0.302,0.1,0,0.232,0.315,-0.08,0,0,0.318,0.38,0,0.451,0.317,0.25,0,0.226
94996,20170626,-96.85,40.7,0.284,0.26,0,0.311,0.312,0.17,0,0.244,0.32,-0.01,0,0,0.294,0.05,0,0.085,0.311,-0.12,0,0,0.298,0.24,0,0.305,0.304,0.15,0,0.079
94996,20170627,-96.85,40.7,0.264,0.12,0,0.165,0.298,0.08,0,0.098,0.311,-0.07,0,0,0.286,0.01,0,0.012,0.307,-0.16,0,0,0.281,0.12,0,0.159,0.293,0.06,0,0
94996,20170628,-96.85,40.7,0.256,0.07,0,0.055,0.292,0.03,0,0.037,0.303,-0.12,0,0,0.281,-0.02,0,0.03,0.304,-0.19,0,0,0.274,0.07,0,0.049,0.287,0.02,0,0.03
94996,20170629,-96.85,40.7,0.274,0.19,0,0.179,0.303,0.12,0,0.179,0.304,-0.11,0,0,0.285,0.01,0,0.161,0.301,-0.22,0.012,0,0.288,0.18,0,0.179,0.293,0.08,0,0.173
94996,20170630,-96.85,40.7,0.289,0.3,0,0.321,0.313,0.2,0,0.321,0.304,-0.1,0,0,0.289,0.04,0,0.196,0.298,-0.25,0.012,0,0.301,0.27,0,0.321,0.299,0.14,0,0.286
94996,20170701,-96.85,40.7,0.305,0.41,0,0.464,0.322,0.28,0,0.464,0.305,-0.09,0,0,0.293,0.07,0,0.202,0.296,-0.27,0.012,0,0.314,0.37,0,0.464,0.304,0.2,0,0.298
94996,20170702,-96.85,40.7,0.32,0.53,0,0.607,0.332,0.36,0,0.607,0.307,-0.08,0,0,0.296,0.09,0,0.202,0.294,-0.29,0.018,0,0.326,0.47,0,0.607,0.31,0.27,0,0.298
94996,20170703,-96.85,40.7,0.35,0.76,0,0.75,0.354,0.54,0,0.75,0.319,0.02,0,0.071,0.307,0.17,0,0.339,0.293,-0.3,0.018,0,0.352,0.68,0,0.75,0.324,0.43,0,0.435
94996,20170704,-96.85,40.7,0.376,0.96,0,0.893,0.372,0.7,0,0.893,0.33,0.11,0,0.077,0.316,0.24,0,0.482,0.293,-0.3,0.018,0,0.374,0.87,0,0.893,0.337,0.57,0,0.577
94996,20170705,-96.85,40.7,0.39,1.09,0,1,0.384,0.82,0,1,0.339,0.19,0,0.077,0.322,0.29,0,0.595,0.293,-0.29,0.018,0,0.387,1,0,1,0.346,0.67,0,0.69
94996,20170706,-96.85,40.7,0.384,1.08,0,1,0.381,0.82,0,1,0.34,0.22,0,0.077,0.321,0.29,0,0.607,0.293,-0.27,0.006,0,0.382,0.99,0,1,0.344,0.69,0,0.69
94996,20170707,-96.85,40.7,0.379,1.07,0,1,0.378,0.83,0,1,0.341,0.26,0,0.077,0.319,0.3,0,0.708,0.293,-0.26,0.006,0,0.379,0.99,0,1,0.342,0.7,0,0.72
94996,20170708,-96.85,40.7,0.374,1.06,0,1,0.376,0.84,0,1,0.343,0.3,0,0.077,0.317,0.31,0,0.792,0.294,-0.23,0.006,0,0.375,0.99,0,1,0.341,0.72,0,0.851
94996,20170709,-96.85,40.7,0.369,1.04,0,1,0.373,0.84,0,1,0.344,0.34,0,0.077,0.315,0.31,0,0.81,0.294,-0.2,0,0,0.371,0.98,0,1,0.339,0.73,0,0.994
94996,20170710,-96.85,40.7,0.347,0.9,0,0.994,0.358,0.75,0,0.97,0.334,0.3,0,0.006,0.307,0.28,0,0.673,0.294,-0.17,0,0,0.352,0.85,0,1,0.328,0.65,0,0.952
94996,20170711,-96.85,40.7,0.329,0.78,0,0.851,0.344,0.66,0,0.827,0.325,0.26,0,0,0.299,0.24,0,0.53,0.293,-0.15,0,0,0.336,0.74,0,0.875,0.318,0.57,0,0.81
94996,20170712,-96.85,40.7,0.31,0.66,0,0.708,0.33,0.57,0,0.685,0.316,0.22,0,0,0.291,0.21,0,0.387,0.291,-0.13,0,0,0.32,0.63,0,0.732,0.308,0.49,0,0.667
94996,20170713,-96.85,40.7,0.298,0.58,0,0.601,0.318,0.5,0,0.571,0.308,0.18,0,0,0.284,0.17,0,0.244,0.29,-0.11,0,0,0.308,0.55,0,0.619,0.299,0.43,0,0.554
94996,20170714,-96.85,40.7,0.306,0.66,0,0.601,0.316,0.52,0,0.571,0.3,0.15,0,0,0.278,0.14,0,0.107,0.288,-0.1,0,0,0.311,0.61,0,0.619,0.298,0.45,0,0.554
94996,20170715,-96.85,40.7,0.315,0.74,0,0.601,0.315,0.55,0,0.571,0.293,0.12,0,0,0.272,0.11,0,0.018,0.287,-0.08,0,0,0.315,0.67,0,0.619,0.297,0.47,0,0.554
94996,20170716,-96.85,40.7,0.322,0.81,0,0.601,0.314,0.58,0,0.571,0.287,0.1,0,0,0.268,0.09,0,0,0.286,-0.07,0,0,0.318,0.73,0,0.619,0.295,0.5,0,0.554
94996,20170717,-96.85,40.7,0.328,0.87,0,0.607,0.314,0.62,0,0.601,0.282,0.08,0,0,0.264,0.07,0,0,0.284,-0.07,0,0,0.321,0.79,0,0.619,0.295,0.53,0,0.601
94996,20170718,-96.85,40.7,0.333,0.92,0,0.75,0.315,0.66,0,0.744,0.277,0.06,0,0,0.262,0.06,0,0,0.283,-0.06,0,0,0.324,0.84,0,0.744,0.294,0.55,0,0.744
94996,20170719,-96.85,40.7,0.344,1.01,0,0.893,0.318,0.72,0,0.887,0.273,0.05,0,0,0.26,0.05,0,0,0.282,-0.06,0,0,0.331,0.92,0,0.887,0.295,0.61,0,0.887
94996,20170720,-96.85,40.7,0.348,1.06,0,1,0.32,0.76,0,1,0.27,0.03,0,0,0.258,0.05,0,0,0.281,-0.06,0,0,0.334,0.97,0,1,0.295,0.63,0,1
94996,20170721,-96.85,40.7,0.331,0.93,0,1,0.312,0.72,0,1,0.265,0.02,0,0,0.256,0.04,0,0,0.28,-0.06,0,0,0.321,0.87,0,1,0.289,0.58,0,1
94996,20170722,-96.85,40.7,0.314,0.81,0,0.958,0.304,0.67,0,1,0.261,-0.01,0,0,0.254,0.03,0,0,0.278,-0.08,0,0,0.309,0.78,0,1,0.282,0.51,0,0.899
94996,20170723,-96.85,40.7,0.298,0.7,0,0.857,0.298,0.62,0,0.988,0.256,-0.04,0,0,0.253,0.02,0,0,0.277,-0.09,0.006,0,0.298,0.7,0,0.97,0.276,0.44,0,0.756
94996,20170724,-96.85,40.7,0.285,0.62,0,0.714,0.292,0.58,0,0.958,0.251,-0.07,0,0,0.25,0.01,0,0,0.275,-0.1,0.006,0,0.288,0.62,0,0.905,0.271,0.37,0,0.613
94996,20170725,-96.85,40.7,0.276,0.57,0,0.571,0.286,0.55,0,0.911,0.246,-0.1,0.012,0,0.247,-0.01,0,0,0.273,-0.12,0.006,0,0.281,0.57,0,0.815,0.266,0.31,0,0.47
94996,20170726,-96.85,40.7,0.262,0.48,0,0.44,0.28,0.51,0,0.833,0.242,-0.13,0.042,0,0.245,-0.03,0,0,0.271,-0.15,0.048,0,0.271,0.5,0,0.714,0.26,0.23,0,0.339
94996,20170727,-96.85,40.7,0.276,0.66,0,0.44,0.288,0.63,0,0.833,0.243,-0.1,0.042,0,0.242,-0.04,0,0,0.269,-0.17,0.071,0,0.282,0.66,0,0.714,0.264,0.31,0,0.339
94996,20170728,-96.85,40.7,0.292,0.84,0,0.44,0.302,0.8,0,0.833,0.244,-0.07,0.042,0,0.244,-0.02,0,0,0.268,-0.2,0.101,0,0.297,0.86,0,0.714,0.27,0.43,0,0.339
94996,20170729,-96.85,40.7,0.307,1.02,0,0.482,0.314,0.97,0,0.833,0.244,-0.04,0.042,0,0.246,0.01,0,0.006,0.266,-0.22,0.149,0,0.31,1.04,0,0.714,0.275,0.55,0,0.44
94996,20170730,-96.85,40.7,0.322,1.19,0,0.583,0.325,1.13,0,0.845,0.245,-0.01,0.042,0,0.247,0.03,0,0.006,0.265,-0.24,0.185,0,0.324,1.21,0,0.744,0.281,0.67,0,0.583
94996,20170731,-96.85,40.7,0.338,1.36,0,0.726,0.337,1.28,0,0.875,0.246,0.02,0.042,0,0.249,0.07,0,0.006,0.264,-0.26,0.238,0,0.337,1.38,0,0.81,0.287,0.78,0,0.726
94996,20170801,-96.85,40.7,0.352,1.5,0,0.869,0.348,1.43,0,0.923,0.248,0.05,0.03,0,0.252,0.1,0,0.006,0.263,-0.27,0.292,0,0.35,1.54,0,0.899,0.292,0.89,0,0.869
94996,20170802,-96.85,40.7,0.362,1.62,0,1,0.358,1.56,0,1,0.248,0.07,0,0,0.254,0.13,0,0.006,0.262,-0.28,0.321,0,0.36,1.68,0,1,0.297,0.99,0,1
94996,20170803,-96.85,40.7,0.346,1.47,0,1,0.353,1.54,0,1,0.244,0.04,0,0,0.255,0.15,0,0.006,0.262,-0.29,0.369,0,0.35,1.57,0,1,0.292,0.91,0,1
94996,20170804,-96.85,40.7,0.329,1.31,0,1,0.343,1.45,0,1,0.239,0.01,0,0,0.253,0.14,0,0.006,0.261,-0.29,0.381,0,0.336,1.43,0,1,0.285,0.8,0,1
94996,20170805,-96.85,40.7,0.312,1.16,0,1,0.334,1.36,0,1,0.235,-0.03,0,0,0.251,0.12,0,0,0.261,-0.3,0.429,0,0.323,1.3,0,1,0.278,0.69,0,0.982
94996,20170806,-96.85,40.7,0.297,1.01,0,1,0.325,1.27,0,1,0.231,-0.06,0,0,0.248,0.1,0,0,0.26,-0.31,0.464,0,0.311,1.16,0,1,0.272,0.58,0,0.839
94996,20170807,-96.85,40.7,0.284,0.89,0,1,0.317,1.18,0,1,0.227,-0.08,0,0,0.245,0.08,0,0,0.259,-0.32,0.512,0,0.301,1.05,0,1,0.267,0.49,0,0.696
94996,20170808,-96.85,40.7,0.273,0.78,0,1,0.309,1.09,0,1,0.224,-0.11,0,0,0.242,0.06,0,0,0.258,-0.33,0.56,0,0.291,0.95,0,1,0.262,0.4,0,0.554
94996,20170809,-96.85,40.7,0.265,0.7,0,1,0.302,1.01,0,1,0.221,-0.13,0,0,0.24,0.05,0,0,0.258,-0.34,0.589,0,0.284,0.86,0,1,0.257,0.33,0,0.411
94996,20170810,-96.85,40.7,0.258,0.64,0,0.964,0.296,0.94,0,1,0.219,-0.15,0,0,0.238,0.03,0,0,0.257,-0.35,0.649,0,0.277,0.79,0,1,0.253,0.26,0,0.268
94996,20170811,-96.85,40.7,0.254,0.59,0,0.917,0.291,0.88,0,1,0.216,-0.17,0,0,0.236,0.01,0,0,0.256,-0.36,0.732,0,0.272,0.74,0,1,0.25,0.21,0,0.125
94996,20170812,-96.85,40.7,0.251,0.57,0,0.857,0.286,0.84,0,1,0.215,-0.18,0.006,0,0.234,0,0,0,0.255,-0.37,0.774,0,0.268,0.71,0,1,0.248,0.18,0,0
94996,20170813,-96.85,40.7,0.248,0.55,0,0.78,0.282,0.79,0,1,0.213,-0.2,0.048,0,0.233,-0.02,0,0,0.254,-0.38,0.833,0,0.265,0.69,0,1,0.246,0.15,0,0
94996,20170814,-96.85,40.7,0.245,0.52,0,0.655,0.278,0.75,0,1,0.211,-0.21,0.113,0,0.232,-0.03,0,0,0.254,-0.39,0.869,0,0.262,0.66,0,1,0.244,0.11,0,0
94996,20170815,-96.85,40.7,0.243,0.49,0,0.512,0.274,0.7,0,0.994,0.209,-0.23,0.202,0,0.23,-0.04,0,0,0.253,-0.4,0.905,0,0.258,0.62,0,0.982,0.242,0.08,0,0
94996,20170816,-96.85,40.7,0.24,0.46,0,0.369,0.271,0.66,0,0.94,0.208,-0.24,0.31,0,0.229,-0.05,0,0,0.252,-0.4,0.94,0,0.255,0.59,0,0.893,0.24,0.05,0,0
94996,20170817,-96.85,40.7,0.242,0.48,0,0.393,0.267,0.61,0,0.815,0.208,-0.23,0.31,0,0.228,-0.05,0,0,0.252,-0.41,0.946,0,0.255,0.58,0,0.875,0.24,0.04,0,0
94996,20170818,-96.85,40.7,0.244,0.5,0,0.44,0.265,0.57,0,0.673,0.208,-0.23,0.31,0,0.228,-0.06,0,0,0.251,-0.41,0.946,0,0.255,0.57,0,0.851,0.239,0.04,0,0
94996,20170819,-96.85,40.7,0.247,0.52,0,0.47,0.263,0.53,0,0.53,0.208,-0.24,0.327,0,0.227,-0.07,0,0,0.251,-0.41,0.923,0,0.255,0.57,0,0.792,0.239,0.03,0,0
94996,20170820,-96.85,40.7,0.256,0.6,0,0.506,0.267,0.55,0,0.423,0.214,-0.18,0.339,0.036,0.231,-0.03,0,0.036,0.251,-0.41,0.899,0,0.261,0.62,0,0.726,0.244,0.09,0,0.036
94996,20170821,-96.85,40.7,0.28,0.81,0,0.631,0.284,0.72,0,0.423,0.237,0,0.274,0.179,0.245,0.11,0,0.179,0.251,-0.41,0.881,0,0.282,0.83,0,0.726,0.259,0.3,0,0.179
94996,20170822,-96.85,40.7,0.3,1,0,0.774,0.3,0.87,0,0.429,0.257,0.17,0.185,0.321,0.258,0.25,0,0.321,0.251,-0.39,0.768,0,0.3,1.01,0,0.744,0.273,0.5,0,0.321
94996,20170823,-96.85,40.7,0.319,1.17,0,0.917,0.315,1.03,0,0.482,0.275,0.33,0.077,0.464,0.27,0.37,0,0.464,0.251,-0.38,0.631,0,0.317,1.18,0,0.833,0.286,0.67,0,0.464
94996,20170824,-96.85,40.7,0.33,1.28,0,0.929,0.329,1.17,0,0.607,0.289,0.45,0.077,0.607,0.282,0.48,0,0.607,0.25,-0.37,0.494,0,0.329,1.3,0,0.851,0.296,0.81,0,0.607
94996,20170825,-96.85,40.7,0.338,1.36,0,0.929,0.341,1.3,0,0.75,0.303,0.56,0.077,0.738,0.293,0.59,0,0.75,0.25,-0.35,0.369,0,0.34,1.41,0,0.875,0.305,0.93,0,0.75
94996,20170826,-96.85,40.7,0.346,1.43,0,0.958,0.353,1.41,0,0.893,0.313,0.65,0.054,0.738,0.303,0.69,0,0.893,0.25,-0.33,0.256,0,0.349,1.51,0,0.935,0.313,1.03,0,0.893
94996,20170827,-96.85,40.7,0.345,1.43,0,1,0.358,1.47,0,1,0.316,0.68,0,0.702,0.308,0.75,0,1,0.251,-0.31,0.143,0,0.352,1.53,0,1,0.316,1.07,0,1
94996,20170828,-96.85,40.7,0.331,1.3,0,1,0.35,1.38,0,1,0.303,0.57,0,0.56,0.303,0.69,0,1,0.251,-0.29,0.024,0,0.34,1.4,0,1,0.307,0.95,0,1
94996,20170829,-96.85,40.7,0.317,1.18,0,1,0.342,1.29,0,1,0.291,0.47,0,0.417,0.298,0.63,0,1,0.251,-0.28,0,0,0.33,1.29,0,1,0.3,0.84,0,1
94996,20170830,-96.85,40.7,0.305,1.06,0,1,0.335,1.2,0,1,0.279,0.38,0,0.274,0.293,0.57,0,0.863,0.25,-0.26,0,0,0.32,1.18,0,1,0.293,0.73,0,1
94996,20170831,-96.85,40.7,0.294,0.97,0,1,0.328,1.12,0,1,0.268,0.29,0,0.131,0.289,0.52,0,0.72,0.251,-0.25,0,0,0.311,1.07,0,1,0.286,0.63,0,0.976
94996,20170901,-96.85,40.7,0.285,0.88,0,1,0.322,1.04,0,1,0.259,0.21,0,0,0.284,0.46,0,0.577,0.25,-0.25,0,0,0.303,0.98,0,1,0.28,0.54,0,0.833
94996,20170902,-96.85,40.7,0.276,0.8,0,0.94,0.316,0.96,0,1,0.252,0.15,0,0,0.279,0.4,0,0.435,0.25,-0.24,0,0,0.296,0.9,0,1,0.275,0.47,0,0.69
94996,20170903,-96.85,40.7,0.268,0.73,0,0.821,0.309,0.89,0,0.994,0.246,0.1,0,0,0.274,0.34,0,0.292,0.25,-0.24,0,0,0.288,0.82,0,0.97,0.269,0.39,0,0.548
94996,20170904,-96.85,40.7,0.258,0.65,0,0.679,0.303,0.83,0,0.899,0.24,0.06,0,0,0.269,0.28,0,0.149,0.25,-0.23,0,0,0.281,0.75,0,0.827,0.264,0.32,0,0.405
94996,20170905,-96.85,40.7,0.249,0.57,0,0.536,0.297,0.77,0,0.768,0.234,0.01,0,0,0.264,0.22,0,0.006,0.249,-0.23,0,0,0.273,0.68,0,0.685,0.259,0.25,0,0.262
94996,20170906,-96.85,40.7,0.241,0.5,0,0.393,0.291,0.71,0,0.625,0.229,-0.03,0,0,0.259,0.16,0,0,0.249,-0.23,0,0,0.266,0.61,0,0.542,0.254,0.19,0,0.119
94996,20170907,-96.85,40.7,0.232,0.43,0,0.25,0.285,0.66,0,0.482,0.224,-0.07,0,0,0.253,0.1,0,0,0.249,-0.23,0,0,0.258,0.55,0,0.399,0.249,0.12,0,0
94996,20170908,-96.85,40.7,0.224,0.36,0,0.107,0.278,0.6,0,0.339,0.219,-0.12,0,0,0.248,0.05,0,0,0.248,-0.23,0,0,0.251,0.48,0,0.256,0.244,0.06,0,0
94996,20170909,-96.85,40.7,0.217,0.29,0,0.024,0.273,0.56,0,0.196,0.214,-0.16,0,0,0.243,0,0,0,0.248,-0.23,0.018,0,0.245,0.43,0,0.113,0.239,0.01,0,0
94996,20170910,-96.85,40.7,0.211,0.23,0,0,0.268,0.52,0,0.06,0.21,-0.2,0.065,0,0.239,-0.04,0,0,0.247,-0.22,0.024,0,0.239,0.37,0,0,0.235,-0.05,0,0
94996,20170911,-96.85,40.7,0.205,0.17,0,0,0.263,0.47,0,0.012,0.206,-0.23,0.202,0,0.235,-0.08,0,0,0.247,-0.22,0.03,0,0.234,0.32,0,0,0.231,-0.1,0,0
94996,20170912,-96.85,40.7,0.2,0.11,0,0,0.257,0.42,0,0,0.202,-0.27,0.345,0,0.231,-0.12,0,0,0.246,-0.22,0.03,0,0.229,0.26,0,0,0.227,-0.15,0,0
94996,20170913,-96.85,40.7,0.196,0.07,0,0,0.253,0.38,0,0,0.199,-0.3,0.488,0,0.228,-0.15,0,0,0.246,-0.22,0.03,0,0.224,0.21,0,0,0.224,-0.19,0,0
94996,20170914,-96.85,40.7,0.192,0.03,0,0,0.248,0.34,0,0,0.197,-0.32,0.631,0,0.226,-0.17,0,0,0.245,-0.21,0.03,0,0.22,0.16,0,0,0.222,-0.22,0,0
94996,20170915,-96.85,40.7,0.189,-0.01,0,0,0.244,0.3,0,0,0.195,-0.35,0.774,0,0.224,-0.19,0,0,0.245,-0.21,0.03,0,0.217,0.12,0,0,0.219,-0.26,0,0
94996,20170916,-96.85,40.7,0.186,-0.04,0,0,0.24,0.26,0,0,0.193,-0.37,0.917,0,0.222,-0.21,0,0,0.244,-0.2,0.012,0,0.213,0.08,0,0,0.217,-0.29,0.048,0
94996,20170917,-96.85,40.7,0.183,-0.07,0,0,0.236,0.23,0,0,0.192,-0.38,0.994,0,0.22,-0.22,0,0,0.244,-0.2,0.006,0,0.21,0.04,0,0,0.215,-0.31,0.173,0
94996,20170918,-96.85,40.7,0.18,-0.1,0,0,0.233,0.2,0,0,0.19,-0.4,1,0,0.219,-0.23,0,0,0.244,-0.19,0,0,0.206,0.02,0,0,0.213,-0.33,0.315,0
94996,20170919,-96.85,40.7,0.19,0.01,0,0.119,0.23,0.18,0,0,0.195,-0.35,0.863,0,0.218,-0.24,0,0,0.243,-0.19,0,0,0.21,0.07,0,0.113,0.215,-0.3,0.321,0
94996,20170920,-96.85,40.7,0.202,0.14,0,0.262,0.228,0.18,0,0,0.199,-0.3,0.72,0,0.217,-0.24,0,0,0.243,-0.19,0,0,0.215,0.14,0,0.256,0.218,-0.25,0.321,0
94996,20170921,-96.85,40.7,0.212,0.26,0,0.405,0.227,0.19,0,0,0.203,-0.26,0.577,0,0.216,-0.23,0,0,0.243,-0.19,0,0,0.22,0.21,0,0.31,0.22,-0.21,0.321,0
94996,20170922,-96.85,40.7,0.221,0.36,0,0.548,0.227,0.2,0,0,0.206,-0.23,0.435,0,0.216,-0.23,0,0,0.243,-0.19,0,0,0.224,0.28,0,0.31,0.222,-0.17,0.321,0
94996,20170923,-96.85,40.7,0.229,0.44,0,0.565,0.227,0.22,0,0,0.208,-0.2,0.292,0,0.216,-0.23,0,0,0.243,-0.2,0,0,0.228,0.34,0,0.31,0.225,-0.13,0.274,0
94996,20170924,-96.85,40.7,0.236,0.51,0,0.565,0.227,0.24,0,0,0.209,-0.18,0.149,0,0.216,-0.23,0,0,0.243,-0.21,0,0,0.232,0.39,0,0.31,0.226,-0.09,0.149,0
94996,20170925,-96.85,40.7,0.252,0.67,0,0.625,0.235,0.34,0,0.048,0.213,-0.14,0.065,0.006,0.22,-0.2,0,0.03,0.243,-0.22,0,0,0.244,0.52,0,0.363,0.233,0,0.006,0.048
94996,20170926,-96.85,40.7,0.275,0.87,0,0.649,0.262,0.66,0,0.19,0.229,0.04,0.06,0.149,0.239,-0.02,0,0.173,0.243,-0.23,0,0,0.269,0.78,0,0.393,0.25,0.24,0,0.19
94996,20170927,-96.85,40.7,0.292,1.01,0,0.649,0.286,0.95,0,0.333,0.246,0.22,0.06,0.292,0.256,0.13,0,0.315,0.243,-0.23,0,0,0.289,1,0,0.393,0.265,0.44,0,0.333
94996,20170928,-96.85,40.7,0.309,1.16,0,0.649,0.309,1.21,0,0.476,0.262,0.4,0.06,0.435,0.272,0.28,0,0.458,0.243,-0.24,0.006,0,0.309,1.2,0,0.482,0.279,0.63,0,0.476
94996,20170929,-96.85,40.7,0.325,1.3,0,0.649,0.329,1.45,0,0.619,0.278,0.58,0.06,0.577,0.287,0.42,0,0.601,0.243,-0.24,0.006,0,0.327,1.39,0,0.625,0.293,0.82,0,0.619
94996,20170930,-96.85,40.7,0.342,1.45,0,0.774,0.349,1.69,0,0.762,0.294,0.75,0.06,0.72,0.302,0.54,0,0.744,0.242,-0.25,0.006,0,0.345,1.57,0,0.768,0.306,0.99,0,0.762
94996,20171001,-96.85,40.7,0.359,1.6,0,0.917,0.367,1.92,0,0.905,0.311,0.92,0.06,0.863,0.315,0.67,0,0.887,0.242,-0.25,0.006,0,0.363,1.76,0,0.911,0.319,1.16,0,0.905
94996,20171002,-96.85,40.7,0.376,1.74,0,1,0.385,2.14,0,1,0.327,1.09,0,1,0.328,0.78,0,1,0.242,-0.25,0.006,0,0.38,1.93,0,1,0.332,1.32,0,1
94996,20171003,-96.85,40.7,0.373,1.7,0,1,0.383,2.14,0,1,0.33,1.09,0,1,0.327,0.75,0,1,0.242,-0.25,0.012,0,0.378,1.9,0,1,0.331,1.28,0,1
94996,20171004,-96.85,40.7,0.374,1.69,0,1,0.383,2.16,0,1,0.331,1.07,0,1,0.327,0.74,0,1,0.241,-0.26,0.042,0,0.378,1.9,0,1,0.331,1.26,0,1
94996,20171005,-96.85,40.7,0.375,1.68,0,1,0.383,2.19,0,1,0.332,1.07,0,1,0.327,0.73,0,1,0.241,-0.26,0.042,0,0.379,1.91,0,1,0.332,1.25,0,1
94996,20171006,-96.85,40.7,0.383,1.73,0,1,0.389,2.28,0,1,0.339,1.11,0,1,0.331,0.74,0,1,0.246,-0.22,0.054,0.042,0.386,1.98,0,1,0.338,1.3,0,1
94996,20171007,-96.85,40.7,0.401,1.85,0,1,0.4,2.43,0,1,0.352,1.2,0,1,0.337,0.78,0,1,0.265,-0.04,0.054,0.185,0.401,2.12,0,1,0.351,1.44,0,1
94996,20171008,-96.85,40.7,0.421,1.99,0,1,0.414,2.58,0,1,0.369,1.32,0,1,0.345,0.83,0,1,0.29,0.18,0.054,0.327,0.417,2.28,0,1,0.368,1.6,0,1
94996,20171009,-96.85,40.7,0.423,1.97,0,1,0.415,2.56,0,1,0.377,1.37,0,1,0.347,0.84,0,1,0.313,0.37,0.054,0.47,0.419,2.27,0,1,0.375,1.66,0,1
94996,20171010,-96.85,40.7,0.427,1.96,0,1,0.415,2.49,0,1,0.38,1.37,0,1,0.348,0.84,0,1,0.333,0.55,0.048,0.613,0.421,2.26,0,1,0.381,1.69,0,1
94996,20171011,-96.85,40.7,0.437,1.99,0,1,0.42,2.43,0,1,0.388,1.41,0,1,0.352,0.86,0,1,0.357,0.76,0.018,0.756,0.429,2.29,0,1,0.391,1.75,0,1
94996,20171012,-96.85,40.7,0.441,1.99,0,1,0.422,2.33,0,1,0.393,1.42,0,1,0.354,0.87,0,1,0.379,0.96,0.012,0.899,0.432,2.25,0,1,0.398,1.78,0,1
94996,20171013,-96.85,40.7,0.438,1.92,0,1,0.418,2.16,0,1,0.391,1.39,0,1,0.353,0.86,0,1,0.393,1.07,0,1,0.428,2.14,0,1,0.398,1.73,0,1
94996,20171014,-96.85,40.7,0.427,1.79,0,1,0.41,1.92,0,1,0.383,1.31,0,1,0.349,0.82,0,1,0.39,1.04,0,1,0.418,1.95,0,1,0.392,1.6,0,1
94996,20171015,-96.85,40.7,0.419,1.69,0,1,0.402,1.7,0,1,0.374,1.22,0,1,0.346,0.79,0,1,0.381,0.97,0,1,0.411,1.78,0,1,0.385,1.47,0,1
94996,20171016,-96.85,40.7,0.416,1.63,0,1,0.4,1.56,0,1,0.37,1.17,0,1,0.344,0.77,0,1,0.376,0.91,0,1,0.408,1.68,0,1,0.381,1.38,0,1
94996,20171017,-96.85,40.7,0.41,1.56,0,1,0.396,1.47,0,1,0.366,1.13,0,1,0.341,0.74,0,1,0.372,0.88,0,1,0.403,1.57,0,1,0.377,1.3,0,1
94996,20171018,-96.85,40.7,0.398,1.45,0,1,0.388,1.37,0,1,0.358,1.07,0,1,0.336,0.7,0,1,0.364,0.8,0,1,0.393,1.43,0,1,0.369,1.19,0,1
94996,20171019,-96.85,40.7,0.392,1.38,0,1,0.384,1.31,0,1,0.354,1.03,0,1,0.334,0.67,0,1,0.357,0.74,0,1,0.388,1.35,0,1,0.364,1.13,0,1
94996,20171020,-96.85,40.7,0.386,1.32,0,1,0.38,1.27,0,1,0.352,1,0,1,0.332,0.64,0,1,0.354,0.7,0,1,0.383,1.3,0,1,0.361,1.08,0,1
94996,20171021,-96.85,40.7,0.379,1.26,0,1,0.377,1.24,0,1,0.35,0.98,0,1,0.33,0.61,0,1,0.352,0.68,0,1,0.378,1.25,0,1,0.358,1.04,0,1
94996,20171022,-96.85,40.7,0.366,1.16,0,1,0.371,1.19,0,1,0.346,0.95,0,1,0.327,0.58,0,1,0.35,0.65,0,1,0.369,1.18,0,1,0.352,0.98,0,1
94996,20171023,-96.85,40.7,0.355,1.08,0,1,0.367,1.14,0,1,0.343,0.92,0,1,0.324,0.55,0,1,0.348,0.63,0,1,0.361,1.12,0,1,0.347,0.94,0,1
94996,20171024,-96.85,40.7,0.344,1.01,0,1,0.362,1.1,0,1,0.341,0.9,0,1,0.322,0.52,0,1,0.347,0.61,0,1,0.353,1.06,0,1,0.343,0.9,0,1
94996,20171025,-96.85,40.7,0.332,0.92,0,1,0.358,1.06,0,1,0.338,0.88,0,1,0.32,0.5,0,1,0.346,0.6,0,1,0.345,1.01,0,1,0.339,0.87,0,1
94996,20171026,-96.85,40.7,0.32,0.84,0,1,0.354,1.02,0,1,0.337,0.86,0,1,0.318,0.48,0,1,0.345,0.58,0,1,0.337,0.95,0,1,0.335,0.83,0,1
94996,20171027,-96.85,40.7,0.308,0.76,0,0.887,0.349,0.98,0,1,0.335,0.85,0,1,0.316,0.47,0,1,0.344,0.57,0,1,0.329,0.89,0,1,0.33,0.8,0,1
94996,20171028,-96.85,40.7,0.295,0.66,0,0.744,0.344,0.93,0,1,0.333,0.83,0,1,0.313,0.45,0,1,0.343,0.57,0,1,0.32,0.82,0,1,0.326,0.76,0,1
94996,20171029,-96.85,40.7,0.283,0.57,0,0.601,0.339,0.88,0,1,0.33,0.82,0,1,0.311,0.44,0,1,0.342,0.56,0,1,0.311,0.75,0,1,0.321,0.72,0,1
94996,20171030,-96.85,40.7,0.272,0.49,0,0.458,0.334,0.84,0,1,0.328,0.8,0,1,0.309,0.43,0,1,0.341,0.56,0,1,0.303,0.69,0,1,0.317,0.68,0,1
94996,20171031,-96.85,40.7,0.263,0.41,0,0.315,0.329,0.8,0,1,0.326,0.79,0,1,0.307,0.43,0,1,0.34,0.55,0,1,0.296,0.64,0,1,0.313,0.64,0,1
94996,20171101,-96.85,40.7,0.254,0.35,0,0.173,0.324,0.75,0,1,0.324,0.78,0,1,0.305,0.42,0,1,0.339,0.54,0,1,0.289,0.58,0,1,0.309,0.61,0,1
94996,20171102,-96.85,40.7,0.248,0.3,0,0.03,0.319,0.71,0,1,0.322,0.76,0,1,0.303,0.42,0,1,0.338,0.54,0,1,0.283,0.54,0,1,0.306,0.58,0,1
94996,20171103,-96.85,40.7,0.244,0.25,0,0,0.315,0.68,0,1,0.32,0.75,0,1,0.302,0.41,0,1,0.338,0.54,0,1,0.279,0.5,0,0.958,0.303,0.55,0,1
94996,20171104,-96.85,40.7,0.241,0.22,0,0,0.311,0.64,0,1,0.318,0.73,0,1,0.3,0.41,0,1,0.337,0.53,0,1,0.276,0.46,0,0.821,0.301,0.53,0,1
94996,20171105,-96.85,40.7,0.238,0.2,0,0,0.307,0.61,0,1,0.317,0.71,0,1,0.299,0.4,0,1,0.337,0.53,0,1,0.273,0.42,0,0.679,0.3,0.51,0,1
94996,20171106,-96.85,40.7,0.235,0.17,0,0,0.304,0.58,0,1,0.316,0.68,0,1,0.298,0.4,0,1,0.336,0.53,0,1,0.27,0.38,0,0.536,0.298,0.5,0,1
94996,20171107,-96.85,40.7,0.233,0.14,0,0,0.302,0.54,0,1,0.314,0.65,0,1,0.297,0.4,0,1,0.336,0.52,0,1,0.268,0.33,0,0.393,0.296,0.48,0,1
94996,20171108,-96.85,40.7,0.231,0.11,0,0,0.3,0.51,0,1,0.313,0.61,0,1,0.296,0.39,0,1,0.335,0.52,0,1,0.265,0.29,0,0.25,0.295,0.46,0,1
94996,20171109,-96.85,40.7,0.227,0.07,0,0,0.298,0.48,0,1,0.312,0.56,0,1,0.295,0.39,0,1,0.335,0.52,0,1,0.263,0.24,0,0.107,0.293,0.44,0,1
94996,20171110,-96.85,40.7,0.224,0.03,0,0,0.296,0.43,0,0.899,0.31,0.52,0,1,0.294,0.38,0,1,0.334,0.52,0,1,0.26,0.19,0,0.006,0.292,0.41,0,1
94996,20171111,-96.85,40.7,0.22,-0.02,0,0,0.294,0.38,0,0.756,0.309,0.48,0,0.988,0.292,0.38,0,1,0.334,0.52,0,1,0.257,0.14,0,0,0.29,0.38,0,1
94996,20171112,-96.85,40.7,0.217,-0.06,0,0,0.293,0.33,0,0.613,0.307,0.44,0,0.958,0.291,0.37,0,1,0.333,0.52,0,1,0.255,0.1,0,0,0.288,0.36,0,0.994
94996,20171113,-96.85,40.7,0.215,-0.1,0,0,0.292,0.28,0,0.47,0.306,0.42,0,0.958,0.29,0.37,0,1,0.333,0.52,0,1,0.253,0.07,0,0,0.287,0.33,0,0.994
94996,20171114,-96.85,40.7,0.213,-0.13,0,0,0.291,0.24,0,0.327,0.305,0.4,0,0.958,0.288,0.37,0,1,0.333,0.52,0,1,0.252,0.05,0,0,0.286,0.31,0,0.976
94996,20171115,-96.85,40.7,0.213,-0.15,0,0,0.291,0.21,0,0.185,0.304,0.39,0,0.958,0.288,0.37,0,1,0.332,0.53,0,1,0.252,0.03,0,0,0.285,0.3,0,0.976
94996,20171116,-96.85,40.7,0.212,-0.17,0,0,0.291,0.18,0,0.042,0.304,0.39,0,0.958,0.287,0.37,0,1,0.332,0.54,0,1,0.251,0.02,0,0,0.285,0.29,0,0.976
94996,20171117,-96.85,40.7,0.211,-0.18,0,0,0.291,0.16,0,0,0.303,0.39,0,0.958,0.286,0.37,0,1,0.331,0.54,0,1,0.251,0,0,0,0.284,0.27,0,0.935
94996,20171118,-96.85,40.7,0.212,-0.18,0,0,0.291,0.15,0,0,0.303,0.4,0,0.97,0.286,0.37,0,1,0.331,0.55,0,1,0.251,0,0,0,0.285,0.27,0,0.929
94996,20171119,-96.85,40.7,0.212,-0.19,0,0,0.29,0.13,0,0,0.303,0.4,0,1,0.286,0.37,0,1,0.33,0.56,0,1,0.251,-0.01,0,0,0.284,0.26,0,0.911
94996,20171120,-96.85,40.7,0.212,-0.19,0,0,0.289,0.12,0,0,0.302,0.4,0,1,0.285,0.36,0,1,0.33,0.57,0,1,0.25,-0.02,0,0,0.284,0.24,0,0.804
94996,20171121,-96.85,40.7,0.212,-0.2,0,0,0.288,0.11,0,0,0.302,0.4,0,1,0.284,0.36,0,1,0.329,0.57,0,1,0.25,-0.03,0,0,0.283,0.23,0,0.702
94996,20171122,-96.85,40.7,0.212,-0.21,0,0,0.286,0.09,0,0,0.301,0.39,0,1,0.283,0.35,0,1,0.329,0.58,0,1,0.249,-0.04,0,0,0.282,0.21,0,0.565
94996,20171123,-96.85,40.7,0.211,-0.21,0,0,0.284,0.07,0,0,0.299,0.38,0,0.893,0.282,0.34,0,1,0.328,0.58,0,1,0.248,-0.06,0,0,0.281,0.19,0,0.423
94996,20171124,-96.85,40.7,0.212,-0.21,0,0,0.283,0.07,0,0,0.298,0.37,0,0.839,0.281,0.33,0,1,0.328,0.58,0,1,0.248,-0.06,0,0,0.28,0.18,0,0.333
94996,20171125,-96.85,40.7,0.213,-0.21,0,0,0.282,0.06,0,0,0.297,0.36,0,0.833,0.28,0.33,0,1,0.328,0.58,0,1,0.247,-0.06,0,0,0.28,0.17,0,0.22
94996,20171126,-96.85,40.7,0.213,-0.22,0,0,0.282,0.05,0,0,0.296,0.36,0,0.827,0.279,0.32,0,1,0.328,0.59,0,1,0.247,-0.06,0,0,0.279,0.16,0,0.101
94996,20171127,-96.85,40.7,0.213,-0.24,0,0,0.281,0.05,0,0,0.296,0.35,0,0.815,0.278,0.31,0,1,0.327,0.59,0,1,0.247,-0.06,0,0,0.279,0.15,0,0.095
94996,20171128,-96.85,40.7,0.213,-0.25,0,0,0.281,0.05,0,0,0.296,0.35,0,0.804,0.278,0.31,0,1,0.327,0.59,0,1,0.247,-0.06,0,0,0.279,0.15,0,0.155
94996,20171129,-96.85,40.7,0.213,-0.27,0.012,0,0.282,0.05,0,0,0.295,0.35,0,0.786,0.277,0.31,0,1,0.327,0.59,0,1,0.248,-0.06,0,0,0.279,0.14,0,0.179
94996,20171130,-96.85,40.7,0.213,-0.29,0.077,0,0.282,0.05,0,0,0.295,0.34,0,0.762,0.277,0.31,0,1,0.327,0.59,0,1,0.247,-0.06,0,0,0.279,0.14,0,0.179
94996,20171201,-96.85,40.7,0.212,-0.33,0.214,0,0.281,0.05,0,0,0.295,0.34,0,0.673,0.277,0.3,0,1,0.327,0.59,0,1,0.246,-0.08,0,0,0.278,0.13,0,0.167
94996,20171202,-96.85,40.7,0.21,-0.37,0.357,0,0.279,0.03,0,0,0.294,0.32,0,0.536,0.276,0.29,0,1,0.327,0.59,0,1,0.245,-0.1,0,0,0.277,0.12,0,0.143
94996,20171203,-96.85,40.7,0.209,-0.4,0.5,0,0.278,0.02,0,0,0.292,0.31,0,0.399,0.274,0.28,0,1,0.327,0.59,0,1,0.243,-0.12,0,0,0.276,0.11,0,0.143
94996,20171204,-96.85,40.7,0.208,-0.43,0.643,0,0.277,0.01,0,0,0.291,0.29,0,0.268,0.274,0.28,0,1,0.326,0.58,0,1,0.242,-0.14,0,0,0.275,0.1,0,0.113
94996,20171205,-96.85,40.7,0.206,-0.46,0.786,0,0.276,0,0,0,0.29,0.28,0,0.137,0.273,0.27,0,1,0.326,0.58,0,1,0.241,-0.16,0,0,0.274,0.08,0,0.03
94996,20171206,-96.85,40.7,0.205,-0.5,0.917,0,0.274,-0.01,0,0,0.288,0.26,0,0.012,0.272,0.26,0,1,0.325,0.57,0,1,0.239,-0.18,0,0,0.273,0.07,0,0
94996,20171207,-96.85,40.7,0.204,-0.52,0.994,0,0.272,-0.03,0,0,0.287,0.24,0,0,0.271,0.25,0,1,0.325,0.57,0,1,0.238,-0.2,0,0,0.272,0.06,0,0
94996,20171208,-96.85,40.7,0.202,-0.55,1,0,0.271,-0.04,0,0,0.286,0.22,0,0,0.269,0.24,0,0.97,0.324,0.56,0,1,0.236,-0.22,0,0,0.27,0.04,0,0
94996,20171209,-96.85,40.7,0.2,-0.58,1,0,0.269,-0.06,0,0,0.284,0.19,0,0,0.268,0.22,0,0.917,0.324,0.56,0,1,0.235,-0.24,0,0,0.269,0.03,0,0
94996,20171210,-96.85,40.7,0.199,-0.6,1,0,0.268,-0.07,0,0,0.283,0.17,0,0,0.267,0.21,0,0.851,0.323,0.56,0,1,0.233,-0.26,0,0,0.268,0.02,0,0
94996,20171211,-96.85,40.7,0.197,-0.62,1,0,0.266,-0.09,0,0,0.282,0.14,0,0,0.266,0.2,0,0.726,0.323,0.56,0,1,0.232,-0.28,0,0,0.267,0.01,0,0
94996,20171212,-96.85,40.7,0.196,-0.64,1,0,0.265,-0.1,0,0,0.28,0.12,0,0,0.265,0.19,0,0.613,0.323,0.56,0,1,0.23,-0.31,0,0,0.266,0,0,0
94996,20171213,-96.85,40.7,0.195,-0.66,1,0,0.264,-0.12,0,0,0.279,0.09,0,0,0.264,0.18,0,0.47,0.323,0.55,0,1,0.229,-0.33,0.024,0,0.265,-0.01,0,0
94996,20171214,-96.85,40.7,0.195,-0.67,1,0,0.263,-0.13,0,0,0.279,0.07,0,0,0.264,0.17,0,0.327,0.322,0.55,0,1,0.229,-0.34,0.03,0,0.264,-0.02,0,0
94996,20171215,-96.85,40.7,0.195,-0.68,1,0,0.263,-0.13,0,0,0.278,0.05,0,0,0.263,0.16,0,0.214,0.322,0.55,0,1,0.229,-0.35,0.036,0,0.264,-0.02,0,0
94996,20171216,-96.85,40.7,0.194,-0.71,1,0,0.263,-0.14,0,0,0.278,0.04,0,0,0.263,0.16,0,0.125,0.322,0.55,0,1,0.229,-0.36,0.107,0,0.264,-0.03,0,0
94996,20171217,-96.85,40.7,0.194,-0.74,1,0,0.263,-0.15,0,0,0.278,0.03,0,0,0.263,0.15,0,0.048,0.322,0.55,0,1,0.228,-0.37,0.23,0,0.264,-0.04,0,0
94996,20171218,-96.85,40.7,0.193,-0.77,1,0,0.262,-0.17,0,0,0.278,0.02,0,0,0.262,0.15,0,0.03,0.322,0.55,0,1,0.228,-0.39,0.327,0,0.264,-0.05,0,0
94996,20171219,-96.85,40.7,0.193,-0.79,1,0,0.262,-0.2,0,0,0.278,0.01,0,0,0.262,0.14,0,0,0.322,0.55,0,1,0.227,-0.4,0.41,0,0.263,-0.05,0,0
94996,20171220,-96.85,40.7,0.193,-0.81,1,0,0.261,-0.23,0,0,0.278,0,0,0,0.262,0.14,0,0,0.321,0.55,0,1,0.227,-0.41,0.464,0,0.263,-0.06,0,0
94996,20171221,-96.85,40.7,0.193,-0.84,1,0,0.26,-0.28,0,0,0.277,-0.01,0,0,0.261,0.13,0,0,0.321,0.55,0,1,0.227,-0.42,0.581,0,0.262,-0.06,0,0
94996,20171222,-96.85,40.7,0.193,-0.87,1,0,0.26,-0.33,0.06,0,0.277,-0.02,0,0,0.261,0.13,0,0,0.321,0.55,0,1,0.226,-0.44,0.79,0,0.262,-0.07,0,0
94996,20171223,-96.85,40.7,0.192,-0.89,1,0,0.259,-0.39,0.196,0,0.276,-0.03,0,0,0.26,0.13,0,0,0.321,0.55,0,1,0.226,-0.46,0.974,0,0.262,-0.08,0,0
94996,20171224,-96.85,40.7,0.192,-0.9,1,0,0.258,-0.46,0.339,0,0.275,-0.04,0,0,0.26,0.12,0,0,0.32,0.54,0,1,0.225,-0.51,1,0,0.261,-0.1,0,0
94996,20171225,-96.85,40.7,0.193,-0.91,1,0,0.257,-0.52,0.482,0,0.274,-0.06,0,0,0.259,0.12,0,0,0.32,0.52,0,0.994,0.225,-0.56,1,0,0.261,-0.1,0,0
94996,20171226,-96.85,40.7,0.195,,,,0.257,-0.58,0.625,0,0.273,-0.09,0,0,0.258,0.11,0,0,0.32,0.49,0,0.988,0.226,,,,0.26,,,
94996,20171227,-96.85,40.7,0.196,,,,0.258,-0.63,0.742,0,0.272,-0.11,0,0,0.257,0.11,0,0,0.32,0.46,0,0.97,0.226,,,,0.26,,,
94996,20171228,-96.85,40.7,,,,,0.261,-0.65,0.871,0,0.275,-0.09,0,0,0.256,0.1,0,0,0.319,0.42,0,0.929,,,,,,,,
94996,20171229,-96.85,40.7,,,,,,,,,0.279,-0.08,0,0,0.255,0.09,0,0,0.319,0.39,0,0.917,,,,,,,,
94996,20171230,-96.85,40.7,,,,,,,,,0.283,-0.06,0,0,0.255,0.08,0,0,0.318,0.36,0,0.917,,,,,,,,
94996,20171231,-96.85,40.7,,,,,,,,,0.287,-0.04,0,0,0.252,0.06,0,0,0.318,0.34,0,0.905,,,,,,,,
94996,20180101,-96.85,40.7,,,,,,,,,0.29,-0.02,0,0,0.249,0.03,0,0,0.317,0.33,0,0.875,,,,,,,,
94996,20180102,-96.85,40.7,,,,,,,,,0.294,0.01,0,0,0.246,0,0,0,0.317,0.33,0,0.839,,,,,,,,
94996,20180103,-96.85,40.7,,,,,,,,,,,,,0.234,-0.11,0.089,0,0.316,0.33,0,0.827,,,,,,,,
94996,20180104,-96.85,40.7,,,,,,,,,,,,,0.218,-0.26,0.226,0,0.315,0.32,0,0.81,,,,,,,,
94996,20180105,-96.85,40.7,,,,,,,,,,,,,0.202,-0.42,0.369,0,0.315,0.32,0,0.75,,,,,,,,
94996,20180106,-96.85,40.7,,,,,,,,,,,,,0.186,-0.58,0.512,0,0.314,0.31,0,0.696,,,,,,,,
94996,20180107,-96.85,40.7,,,,,,,,,,,,,0.171,-0.72,0.655,0,0.314,0.31,0,0.69,,,,,,,,
94996,20180108,-96.85,40.7,,,,,,,,,,,,,0.157,-0.86,0.798,0,0.313,0.3,0,0.649,,,,,,,,
94996,20180109,-96.85,40.7,,,,,,,,,,,,,0.147,-0.97,0.905,0,0.313,0.3,0,0.625,,,,,,,,
94996,20180110,-96.85,40.7,,,,,,,,,,,,,0.155,-0.88,0.815,0,0.312,0.3,0,0.619,,,,,,,,
94996,20180111,-96.85,40.7,,,,,,,,,,,,,0.169,-0.76,0.679,0,0.312,0.31,0,0.649,,,,,,,,
94996,20180112,-96.85,40.7,,,,,,,,,,,,,0.182,-0.63,0.536,0,0.312,0.31,0,0.696,,,,,,,,
94996,20180113,-96.85,40.7,,,,,,,,,,,,,0.196,-0.49,0.393,0,0.312,0.32,0,0.726,,,,,,,,
94996,20180114,-96.85,40.7,,,,,,,,,,,,,0.21,-0.36,0.25,0,0.312,0.33,0,0.738,,,,,,,,
94996,20180115,-96.85,40.7,,,,,,,,,,,,,0.223,-0.23,0.107,0,0.312,0.33,0,0.798,,,,,,,,
94996,20180116,-96.85,40.7,,,,,,,,,,,,,0.233,-0.13,0,0,0.312,0.34,0,0.833,,,,,,,,
94996,20180117,-96.85,40.7,,,,,,,,,,,,,0.226,-0.25,0.083,0,0.312,0.34,0,0.827,,,,,,,,
94996,20180118,-96.85,40.7,,,,,,,,,,,,,0.212,-0.45,0.226,0,0.312,0.34,0,0.78,,,,,,,,
94996,20180119,-96.85,40.7,,,,,,,,,,,,,0.198,-0.65,0.369,0,0.312,0.34,0,0.75,,,,,,,,
94996,20180120,-96.85,40.7,,,,,,,,,,,,,0.184,-0.86,0.512,0,0.312,0.33,0,0.685,,,,,,,,
94996,20180121,-96.85,40.7,,,,,,,,,,,,,0.171,-1.06,0.649,0,0.312,0.33,0,0.631,,,,,,,,
94996,20180122,-96.85,40.7,,,,,,,,,,,,,0.17,-1.09,0.661,0,0.312,0.32,0,0.542,,,,,,,,
94996,20180123,-96.85,40.7,,,,,,,,,,,,,0.17,-1.1,0.661,0,0.312,0.32,0,0.476,,,,,,,,
94996,20180124,-96.85,40.7,,,,,,,,,,,,,0.178,-1.01,0.589,0,0.312,0.32,0,0.458,,,,,,,,
94996,20180125,-96.85,40.7,,,,,,,,,,,,,0.194,-0.82,0.452,0,0.312,0.32,0,0.47,,,,,,,,
94996,20180126,-96.85,40.7,,,,,,,,,,,,,0.214,-0.56,0.31,0.077,0.312,0.32,0,0.5,,,,,,,,
94996,20180127,-96.85,40.7,,,,,,,,,,,,,0.237,-0.25,0.167,0.22,0.313,0.33,0,0.577,,,,,,,,
94996,20180128,-96.85,40.7,,,,,,,,,,,,,0.26,0.05,0.03,0.363,0.314,0.35,0,0.637,,,,,,,,
94996,20180129,-96.85,40.7,,,,,,,,,,,,,0.269,0.17,0.018,0.506,0.315,0.36,0,0.744,,,,,,,,
94996,20180130,-96.85,40.7,,,,,,,,,0.289,,,,0.278,0.26,0.018,0.649,0.316,0.38,0,0.839,,,,,,,,
94996,20180131,-96.85,40.7,,,,,,,,,0.287,,,,0.285,0.35,0.006,0.78,0.317,0.39,0,0.899,,,,,,,,
94996,20180201,-96.85,40.7,,,,,,,,,0.284,,,,0.291,0.42,0,0.833,0.318,0.39,0,0.946,,,,,,,,
94996,20180202,-96.85,40.7,,,,,,,,,0.28,,,,0.293,0.43,0,0.839,0.318,0.4,0,0.929,,,,,,,,
94996,20180203,-96.85,40.7,,,,,,,,,0.283,,,,0.29,0.38,0,0.696,0.319,0.39,0,0.827,,,,,,,,
94996,20180204,-96.85,40.7,,,,,,,,,0.285,,,,0.289,0.34,0,0.554,0.319,0.36,0,0.685,,,,,,,,
94996,20180205,-96.85,40.7,,,,,,,,,0.29,,,,0.287,0.3,0,0.411,0.319,0.34,0,0.542,,,,,,,,
94996,20180206,-96.85,40.7,,,,,,,,,0.295,,,,0.286,0.27,0,0.268,0.319,0.31,0,0.399,,,,,,,,
94996,20180207,-96.85,40.7,,,,,,,,,0.301,,,,0.285,0.24,0,0.137,0.319,0.28,0,0.256,,,,,,,,
94996,20180208,-96.85,40.7,,,,,,,,,0.308,,,,0.284,0.22,0,0.083,0.319,0.26,0,0.131,,,,,,,,
94996,20180209,-96.85,40.7,,,,,,,,,0.315,,,,0.283,0.19,0,0,0.318,0.24,0,0.03,,,,,,,,
94996,20180210,-96.85,40.7,,,,,,,,,0.316,,,,0.282,0.16,0,0,0.318,0.22,0,0,,,,,,,,
94996,20180211,-96.85,40.7,,,,,,,,,,,,,0.279,0.09,0,0,0.318,0.21,0,0,,,,,,,,
94996,20180212,-96.85,40.7,,,,,,,,,,,,,0.276,0.02,0,0,0.318,0.2,0,0,,,,,,,,
94996,20180213,-96.85,40.7,,,,,,,,,,,,,0.272,-0.05,0,0,0.318,0.19,0,0,,,,,,,,
94996,20180214,-96.85,40.7,,,,,,,,,,,,,0.271,-0.09,0,0,0.318,0.18,0,0,,,,,,,,
94996,20180215,-96.85,40.7,,,,,,,,,,,,,0.271,-0.1,0,0,0.317,0.17,0,0,,,,,,,,
94996,20180216,-96.85,40.7,,,,,,,,,,,,,0.271,-0.1,0,0,0.317,0.15,0,0,,,,,,,,
94996,20180217,-96.85,40.7,,,,,,,,,,,,,0.271,-0.1,0,0,0.317,0.14,0,0,,,,,,,,
94996,20180218,-96.85,40.7,,,,,,,,,,,,,0.273,-0.06,0,0.018,0.317,0.12,0,0,,,,,,,,
94996,20180219,-96.85,40.7,,,,,,,,,,,,,0.278,0.03,0,0.155,0.317,0.1,0,0,,,,,,,,
94996,20180220,-96.85,40.7,,,,,,,,,,,,,0.283,0.13,0,0.298,0.318,0.09,0,0,,,,,,,,
94996,20180221,-96.85,40.7,,,,,,,,,,,,,0.286,0.2,0,0.429,0.318,0.08,0,0,,,,,,,,
94996,20180222,-96.85,40.7,,,,,,,,,,,,,0.288,0.24,0,0.5,0.318,0.06,0,0,,,,,,,,
94996,20180223,-96.85,40.7,,,,,,,,,0.32,,,,0.289,0.26,0,0.506,0.318,0.06,0,0,,,,,,,,
94996,20180224,-96.85,40.7,,,,,,,,,0.322,,,,0.291,0.3,0,0.53,0.318,0.06,0,0,,,,,,,,
94996,20180225,-96.85,40.7,,,,,,,,,0.327,,,,0.293,0.34,0,0.583,0.318,0.05,0,0,,,,,,,,
94996,20180226,-96.85,40.7,,,,,,,,,0.332,,,,0.293,0.34,0,0.56,0.318,0.05,0,0,,,,,,,,
94996,20180227,-96.85,40.7,,,,,,,,,0.335,,,,0.294,0.35,0,0.56,0.318,0.05,0,0,,,,,,,,
94996,20180228,-96.85,40.7,,,,,,,,,0.332,,,,0.296,0.37,0,0.571,0.318,0.05,0,0,,,,,,,,
94996,20180301,-96.85,40.7,,,,,,,,,0.329,,,,0.298,0.41,0,0.643,0.318,0.06,0,0,,,,,,,,
94996,20180302,-96.85,40.7,,,,,,,,,0.326,,,,0.3,0.45,0,0.78,0.319,0.07,0,0,,,,,,,,
94996,20180303,-96.85,40.7,,,,,,,,,0.324,-0.15,0,0,0.302,0.48,0,0.899,0.32,0.09,0,0,,,,,,,,
94996,20180304,-96.85,40.7,,,,,,,,,0.322,-0.15,0,0,0.304,0.5,0,0.97,0.321,0.11,0,0,,,,,,,,
94996,20180305,-96.85,40.7,0.322,,,,,,,,0.319,-0.14,0,0,0.305,0.52,0,1,0.322,0.13,0,0,,,,,,,,
94996,20180306,-96.85,40.7,0.322,,,,0.328,,,,0.315,-0.14,0,0,0.306,0.53,0,1,0.324,0.15,0,0,0.324,,,,0.319,,,
94996,20180307,-96.85,40.7,0.319,,,,0.325,,,,0.315,-0.16,0,0,0.306,0.51,0,1,0.325,0.18,0,0,0.322,,,,0.318,,,
94996,20180308,-96.85,40.7,0.319,,,,0.325,-0.23,0,0,0.316,-0.18,0,0,0.305,0.48,0,0.958,0.326,0.19,0,0,0.322,,,,0.318,,,
94996,20180309,-96.85,40.7,0.318,0.25,0,0,0.326,-0.22,0,0,0.316,-0.19,0,0,0.304,0.45,0,0.827,0.326,0.19,0,0,0.322,,,,0.318,,,
94996,20180310,-96.85,40.7,0.316,0.25,0,0.048,0.326,-0.2,0.05,0,0.315,-0.2,0,0,0.303,0.41,0,0.685,0.326,0.19,0,0,0.321,0.09,0,0,0.317,,,
94996,20180311,-96.85,40.7,0.313,0.22,0,0.024,0.326,-0.21,0.031,0,0.314,-0.2,0,0,0.302,0.37,0,0.542,0.326,0.18,0,0,0.32,0.06,0,0,0.316,0.08,0,0
94996,20180312,-96.85,40.7,0.311,0.18,0,0.015,0.324,-0.24,0.193,0,0.313,-0.22,0,0,0.301,0.32,0,0.399,0.326,0.17,0,0,0.318,0,0,0,0.315,0.04,0,0
94996,20180313,-96.85,40.7,0.308,0.16,0,0.011,0.322,-0.26,0.33,0,0.312,-0.24,0,0,0.3,0.27,0,0.256,0.326,0.16,0,0,0.315,-0.02,0,0,0.314,0.03,0,0
94996,20180314,-96.85,40.7,0.306,0.15,0,0.009,0.321,-0.28,0.449,0,0.311,-0.25,0,0,0.299,0.23,0,0.113,0.326,0.15,0,0,0.314,-0.05,0,0,0.313,0.01,0,0
94996,20180315,-96.85,40.7,0.305,0.13,0,0.007,0.32,-0.29,0.509,0,0.31,-0.25,0,0,0.298,0.19,0,0.012,0.326,0.14,0,0,0.313,-0.06,0,0,0.312,0,0,0
94996,20180316,-96.85,40.7,0.304,0.12,0,0.007,0.32,-0.3,0.595,0,0.31,-0.25,0,0,0.298,0.16,0,0,0.325,0.13,0,0,0.312,-0.07,0,0,0.311,0,0,0
94996,20180317,-96.85,40.7,0.304,0.13,0,0.049,0.32,-0.31,0.661,0,0.31,-0.26,0,0,0.298,0.13,0,0,0.325,0.12,0,0,0.312,-0.06,0,0,0.311,0,0,0
94996,20180318,-96.85,40.7,0.306,0.17,0,0.19,0.32,-0.29,0.661,0,0.31,-0.28,0.018,0,0.297,0.11,0,0,0.325,0.11,0,0,0.313,-0.03,0,0,0.312,0,0,0
94996,20180319,-96.85,40.7,0.313,0.35,0,0.333,0.325,-0.15,0.571,0.054,0.312,-0.28,0.083,0,0.3,0.12,0,0.048,0.326,0.12,0,0.012,0.319,0.14,0,0.065,0.315,0.06,0,0.054
94996,20180320,-96.85,40.7,0.324,0.58,0,0.476,0.334,0.08,0.452,0.196,0.32,-0.21,0.083,0,0.304,0.17,0,0.19,0.332,0.22,0,0.155,0.329,0.38,0,0.208,0.323,0.2,0,0.196
94996,20180321,-96.85,40.7,0.334,0.79,0,0.619,0.342,0.3,0.31,0.339,0.327,-0.15,0.083,0,0.309,0.21,0,0.321,0.34,0.34,0,0.298,0.338,0.6,0,0.351,0.33,0.34,0,0.339
94996,20180322,-96.85,40.7,0.342,0.95,0,0.762,0.348,0.47,0.19,0.482,0.333,-0.11,0.083,0,0.312,0.24,0,0.327,0.344,0.4,0,0.435,0.345,0.77,0,0.494,0.336,0.44,0,0.482
94996,20180323,-96.85,40.7,0.349,1.08,0,0.905,0.354,0.63,0.077,0.625,0.338,-0.07,0.083,0,0.315,0.26,0,0.327,0.348,0.46,0,0.518,0.352,0.93,0,0.637,0.341,0.53,0,0.625
94996,20180324,-96.85,40.7,0.357,1.23,0,1,0.362,0.81,0,0.768,0.345,-0.01,0.083,0,0.319,0.3,0,0.369,0.352,0.51,0,0.548,0.359,1.1,0,0.78,0.347,0.64,0,0.768
94996,20180325,-96.85,40.7,0.366,1.37,0,1,0.369,1,0,0.911,0.353,0.08,0.065,0,0.323,0.35,0,0.512,0.361,0.65,0,0.69,0.368,1.27,0,0.923,0.354,0.78,0,0.911
94996,20180326,-96.85,40.7,0.367,1.37,0,1,0.372,1.05,0,1,0.357,0.13,0,0,0.325,0.36,0,0.512,0.369,0.77,0,0.821,0.369,1.28,0,1,0.358,0.84,0,1
94996,20180327,-96.85,40.7,0.37,1.39,0,1,0.375,1.1,0,1,0.36,0.16,0,0.137,0.327,0.36,0,0.512,0.372,0.81,0,0.821,0.373,1.31,0,1,0.361,0.88,0,1
94996,20180328,-96.85,40.7,0.373,1.41,0,1,0.376,1.14,0,1,0.363,0.2,0,0.268,0.328,0.36,0,0.524,0.374,0.85,0,0.821,0.375,1.32,0,1,0.363,0.91,0,1
94996,20180329,-96.85,40.7,0.376,1.45,0,1,0.379,1.19,0,1,0.367,0.24,0,0.274,0.33,0.37,0,0.661,0.38,0.93,0,0.827,0.377,1.36,0,1,0.366,0.97,0,1
94996,20180330,-96.85,40.7,0.379,1.49,0,1,0.381,1.24,0,1,0.37,0.28,0,0.274,0.332,0.38,0,0.732,0.385,1.03,0,0.887,0.38,1.4,0,1,0.369,1.02,0,1
94996,20180331,-96.85,40.7,0.378,1.47,0,1,0.381,1.23,0,1,0.37,0.29,0,0.274,0.333,0.37,0,0.69,0.391,1.12,0,1,0.38,1.38,0,1,0.371,1.03,0,1
94996,20180401,-96.85,40.7,0.375,1.4,0,1,0.379,1.17,0,1,0.368,0.28,0,0.274,0.332,0.34,0,0.548,0.388,1.08,0,1,0.377,1.3,0,1,0.368,0.98,0,1
94996,20180402,-96.85,40.7,0.374,1.36,0,1,0.378,1.14,0,1,0.367,0.27,0,0.274,0.331,0.31,0,0.5,0.384,1.02,0,1,0.376,1.26,0,1,0.367,0.95,0,1
94996,20180403,-96.85,40.7,0.368,1.24,0,1,0.373,1.01,0,1,0.362,0.21,0,0.137,0.328,0.26,0,0.357,0.379,0.93,0,1,0.37,1.14,0,1,0.362,0.85,0,1
94996,20180404,-96.85,40.7,0.364,1.15,0,1,0.369,0.91,0,1,0.357,0.15,0,0.006,0.325,0.21,0,0.214,0.373,0.83,0,0.923,0.367,1.04,0,1,0.358,0.76,0,1
94996,20180405,-96.85,40.7,0.36,1.06,0,1,0.366,0.81,0,1,0.352,0.11,0,0,0.322,0.17,0,0.071,0.367,0.73,0,0.786,0.363,0.95,0,1,0.353,0.68,0,1
94996,20180406,-96.85,40.7,0.357,0.98,0,1,0.363,0.74,0,1,0.348,0.07,0,0,0.32,0.14,0,0,0.361,0.63,0,0.643,0.36,0.88,0,1,0.35,0.61,0,1
94996,20180407,-96.85,40.7,0.355,0.91,0,1,0.36,0.67,0,0.976,0.345,0.04,0,0,0.318,0.11,0,0,0.356,0.52,0,0.5,0.358,0.82,0,1,0.347,0.54,0,0.875
94996,20180408,-96.85,40.7,0.353,0.87,0,1,0.358,0.62,0,0.923,0.342,0.01,0,0,0.316,0.09,0,0,0.352,0.45,0,0.357,0.356,0.78,0,1,0.344,0.49,0,0.732
94996,20180409,-96.85,40.7,0.351,0.82,0,1,0.356,0.57,0,0.905,0.34,0,0,0,0.315,0.07,0,0,0.351,0.42,0,0.214,0.354,0.73,0,1,0.343,0.45,0,0.589
94996,20180410,-96.85,40.7,0.348,0.77,0,1,0.354,0.51,0,0.863,0.339,-0.02,0,0,0.313,0.05,0,0,0.349,0.39,0,0.071,0.351,0.68,0,1,0.34,0.41,0,0.446
94996,20180411,-96.85,40.7,0.345,0.73,0,1,0.352,0.47,0,0.821,0.337,-0.03,0,0,0.312,0.04,0,0,0.347,0.35,0,0.006,0.348,0.64,0,1,0.338,0.37,0,0.304
94996,20180412,-96.85,40.7,0.342,0.7,0,1,0.351,0.45,0,0.821,0.336,-0.03,0,0,0.311,0.03,0,0,0.346,0.33,0,0,0.346,0.62,0,1,0.337,0.35,0,0.161
94996,20180413,-96.85,40.7,0.339,0.67,0,1,0.35,0.42,0,0.821,0.335,-0.04,0,0,0.31,0.03,0,0,0.345,0.3,0,0,0.344,0.59,0,1,0.336,0.33,0,0.018
94996,20180414,-96.85,40.7,0.337,0.64,0,1,0.349,0.42,0,0.839,0.335,-0.03,0,0,0.31,0.02,0,0,0.344,0.29,0,0,0.343,0.58,0,1,0.335,0.31,0,0
94996,20180415,-96.85,40.7,0.336,0.63,0,1,0.35,0.44,0,0.887,0.335,-0.03,0,0,0.309,0.02,0,0,0.344,0.28,0,0,0.343,0.59,0,1,0.335,0.31,0,0.101
94996,20180416,-96.85,40.7,0.338,0.65,0,1,0.352,0.46,0,0.905,0.335,-0.02,0,0,0.309,0.02,0,0,0.343,0.27,0,0,0.345,0.61,0,1,0.335,0.32,0,0.22
94996,20180417,-96.85,40.7,0.341,0.68,0,1,0.354,0.49,0,0.946,0.335,-0.01,0,0,0.309,0.02,0,0,0.343,0.25,0,0,0.347,0.65,0,1,0.336,0.34,0,0.363
94996,20180418,-96.85,40.7,0.343,0.69,0,1,0.355,0.51,0,0.988,0.335,0,0,0,0.31,0.03,0,0,0.342,0.23,0,0,0.349,0.67,0,1,0.337,0.35,0,0.506
94996,20180419,-96.85,40.7,0.344,0.71,0,1,0.356,0.52,0,0.988,0.335,0,0,0,0.309,0.03,0,0,0.342,0.22,0,0,0.35,0.69,0,1,0.337,0.35,0,0.571
94996,20180420,-96.85,40.7,0.345,0.72,0,1,0.356,0.52,0,0.988,0.335,0,0,0,0.309,0.02,0,0,0.342,0.21,0,0,0.351,0.7,0,1,0.337,0.35,0,0.571
94996,20180421,-96.85,40.7,0.347,0.72,0,1,0.356,0.52,0,0.994,0.335,-0.01,0,0,0.308,0.02,0,0,0.341,0.19,0,0,0.351,0.71,0,1,0.337,0.34,0,0.571
94996,20180422,-96.85,40.7,0.345,0.7,0,1,0.354,0.49,0,1,0.334,-0.01,0,0,0.308,0.01,0,0,0.34,0.17,0,0,0.35,0.68,0,1,0.336,0.32,0,0.47
94996,20180423,-96.85,40.7,0.34,0.65,0,1,0.352,0.46,0,0.976,0.334,-0.02,0,0,0.307,0.01,0,0,0.34,0.16,0,0,0.346,0.64,0,1,0.335,0.29,0,0.351
94996,20180424,-96.85,40.7,0.334,0.59,0,0.994,0.349,0.41,0,0.899,0.333,-0.02,0,0,0.306,0,0,0,0.34,0.15,0,0,0.342,0.58,0,1,0.332,0.26,0,0.208
94996,20180425,-96.85,40.7,0.328,0.52,0,0.869,0.346,0.38,0,0.774,0.332,-0.03,0,0,0.305,-0.01,0,0,0.34,0.14,0,0,0.337,0.53,0,0.976,0.33,0.22,0,0.065
94996,20180426,-96.85,40.7,0.325,0.49,0,0.869,0.345,0.36,0,0.756,0.331,-0.04,0,0,0.304,-0.02,0,0,0.34,0.13,0,0,0.335,0.5,0,0.976,0.329,0.19,0,0
94996,20180427,-96.85,40.7,0.323,0.46,0,0.869,0.344,0.35,0,0.756,0.331,-0.05,0,0,0.303,-0.03,0,0,0.339,0.11,0,0,0.333,0.47,0,0.976,0.328,0.17,0,0
94996,20180428,-96.85,40.7,0.32,0.42,0,0.786,0.343,0.34,0,0.726,0.33,-0.06,0,0,0.302,-0.04,0,0,0.339,0.1,0,0,0.332,0.45,0,0.946,0.327,0.15,0,0
94996,20180429,-96.85,40.7,0.316,0.38,0,0.643,0.342,0.33,0,0.583,0.329,-0.06,0,0,0.301,-0.05,0,0,0.339,0.09,0,0,0.329,0.42,0,0.804,0.326,0.12,0,0
94996,20180430,-96.85,40.7,0.312,0.34,0,0.5,0.34,0.31,0,0.464,0.328,-0.07,0,0,0.299,-0.06,0,0,0.339,0.08,0,0,0.326,0.38,0,0.661,0.324,0.09,0,0
94996,20180501,-96.85,40.7,0.307,0.29,0,0.363,0.339,0.29,0,0.399,0.328,-0.08,0,0,0.298,-0.08,0,0,0.339,0.06,0,0,0.323,0.34,0,0.518,0.322,0.06,0,0
94996,20180502,-96.85,40.7,0.301,0.24,0,0.345,0.336,0.26,0,0.381,0.327,-0.09,0,0,0.296,-0.1,0,0,0.338,0.05,0,0,0.319,0.3,0,0.399,0.32,0.03,0,0
94996,20180503,-96.85,40.7,0.294,0.18,0,0.202,0.333,0.22,0,0.256,0.326,-0.1,0,0,0.295,-0.12,0,0,0.338,0.04,0,0,0.314,0.25,0,0.256,0.317,0,0,0
94996,20180504,-96.85,40.7,0.292,0.15,0,0.06,0.33,0.18,0,0.113,0.324,-0.11,0,0,0.293,-0.14,0,0,0.338,0.03,0,0,0.311,0.21,0,0.113,0.315,-0.03,0,0
94996,20180505,-96.85,40.7,0.289,0.14,0,0,0.327,0.15,0,0,0.323,-0.13,0,0,0.291,-0.15,0,0,0.337,0.02,0,0,0.308,0.19,0,0,0.314,-0.05,0,0
94996,20180506,-96.85,40.7,0.287,0.12,0,0,0.324,0.12,0,0,0.322,-0.14,0,0,0.29,-0.18,0,0,0.337,0,0,0,0.306,0.17,0,0,0.312,-0.07,0,0
94996,20180507,-96.85,40.7,0.284,0.09,0,0,0.322,0.09,0,0,0.32,-0.16,0,0,0.288,-0.2,0,0,0.336,-0.01,0,0,0.303,0.14,0,0,0.31,-0.09,0,0
94996,20180508,-96.85,40.7,0.28,0.05,0,0,0.318,0.06,0,0,0.319,-0.19,0,0,0.286,-0.22,0,0,0.335,-0.03,0,0,0.299,0.11,0,0,0.308,-0.11,0,0
94996,20180509,-96.85,40.7,0.275,0.01,0,0,0.315,0.02,0,0,0.316,-0.21,0,0,0.284,-0.25,0,0,0.334,-0.04,0,0,0.295,0.07,0,0,0.305,-0.14,0,0
94996,20180510,-96.85,40.7,0.267,-0.06,0.083,0,0.31,-0.02,0,0,0.313,-0.25,0,0,0.281,-0.29,0.06,0,0.332,-0.07,0,0,0.288,0.01,0,0,0.3,-0.19,0,0
94996,20180511,-96.85,40.7,0.253,-0.17,0.226,0,0.304,-0.08,0,0,0.309,-0.29,0,0,0.277,-0.32,0.179,0,0.33,-0.09,0,0,0.278,-0.08,0.012,0,0.295,-0.25,0.071,0
94996,20180512,-96.85,40.7,0.24,-0.29,0.369,0,0.296,-0.16,0,0,0.305,-0.33,0.048,0,0.273,-0.36,0.321,0,0.328,-0.13,0,0,0.268,-0.18,0.137,0,0.288,-0.32,0.214,0
94996,20180513,-96.85,40.7,0.228,-0.39,0.512,0,0.288,-0.23,0,0,0.301,-0.38,0.125,0,0.27,-0.4,0.464,0,0.326,-0.17,0,0,0.258,-0.27,0.28,0,0.283,-0.39,0.357,0
94996,20180514,-96.85,40.7,0.219,-0.46,0.655,0,0.281,-0.29,0,0,0.298,-0.41,0.232,0,0.266,-0.43,0.607,0,0.323,-0.21,0,0,0.25,-0.35,0.423,0,0.277,-0.44,0.5,0
94996,20180515,-96.85,40.7,0.212,-0.51,0.798,0,0.275,-0.35,0,0,0.294,-0.45,0.298,0,0.263,-0.46,0.75,0,0.322,-0.24,0,0,0.243,-0.41,0.565,0,0.273,-0.49,0.643,0
94996,20180516,-96.85,40.7,0.207,-0.54,0.94,0,0.27,-0.39,0.054,0,0.291,-0.47,0.387,0,0.26,-0.48,0.875,0,0.32,-0.27,0,0,0.238,-0.45,0.708,0,0.27,-0.52,0.786,0
94996,20180517,-96.85,40.7,0.203,-0.57,1,0,0.265,-0.43,0.196,0,0.288,-0.5,0.53,0,0.258,-0.5,0.952,0,0.318,-0.31,0.065,0,0.234,-0.48,0.851,0,0.266,-0.55,0.929,0
94996,20180518,-96.85,40.7,0.2,-0.58,1,0,0.26,-0.46,0.339,0,0.285,-0.52,0.673,0,0.256,-0.51,0.97,0,0.316,-0.33,0.196,0,0.23,-0.51,0.982,0,0.264,-0.58,1,0
94996,20180519,-96.85,40.7,0.199,-0.58,0.982,0,0.256,-0.49,0.482,0,0.282,-0.53,0.768,0,0.253,-0.52,0.97,0,0.314,-0.35,0.339,0,0.228,-0.52,0.994,0,0.261,-0.6,1,0
94996,20180520,-96.85,40.7,0.206,-0.53,0.839,0,0.252,-0.51,0.625,0,0.28,-0.55,0.833,0,0.251,-0.53,0.97,0,0.312,-0.37,0.476,0,0.229,-0.5,0.851,0,0.26,-0.61,1,0
94996,20180521,-96.85,40.7,0.213,-0.47,0.696,0,0.249,-0.53,0.768,0,0.277,-0.55,0.869,0,0.249,-0.54,0.97,0,0.31,-0.38,0.601,0,0.231,-0.49,0.708,0,0.259,-0.61,1,0
94996,20180522,-96.85,40.7,0.219,-0.43,0.554,0,0.246,-0.55,0.911,0,0.274,-0.56,0.929,0,0.247,-0.55,0.97,0,0.307,-0.39,0.738,0,0.232,-0.48,0.583,0,0.259,-0.61,1,0
94996,20180523,-96.85,40.7,0.225,-0.39,0.411,0,0.243,-0.56,1,0,0.272,-0.56,0.869,0,0.245,-0.56,0.988,0,0.305,-0.4,0.863,0,0.234,-0.46,0.5,0,0.258,-0.6,1,0
94996,20180524,-96.85,40.7,0.228,-0.37,0.363,0,0.241,-0.57,1,0,0.27,-0.55,0.744,0,0.242,-0.57,0.994,0,0.303,-0.41,0.94,0,0.235,-0.46,0.5,0,0.257,-0.59,1,0
94996,20180525,-96.85,40.7,0.23,-0.36,0.363,0,0.24,-0.57,1,0,0.269,-0.55,0.607,0,0.241,-0.58,1,0,0.301,-0.42,0.952,0,0.235,-0.46,0.5,0,0.256,-0.58,1,0
94996,20180526,-96.85,40.7,0.23,-0.36,0.381,0,0.239,-0.56,1,0,0.267,-0.54,0.482,0,0.239,-0.58,1,0,0.298,-0.43,0.952,0,0.234,-0.46,0.506,0,0.255,-0.57,1,0
94996,20180527,-96.85,40.7,0.22,-0.43,0.524,0,0.238,-0.57,1,0,0.265,-0.53,0.375,0,0.238,-0.59,1,0,0.295,-0.45,0.958,0,0.229,-0.5,0.649,0,0.251,-0.58,1,0
94996,20180528,-96.85,40.7,0.21,-0.5,0.667,0,0.235,-0.58,1,0,0.262,-0.53,0.369,0,0.235,-0.59,1,0,0.291,-0.48,0.976,0,0.223,-0.55,0.792,0,0.247,-0.6,1,0
94996,20180529,-96.85,40.7,0.2,-0.57,0.81,0,0.232,-0.6,1,0,0.258,-0.54,0.387,0,0.233,-0.59,1,0,0.286,-0.52,0.982,0,0.216,-0.59,0.917,0,0.242,-0.63,1,0
94996,20180530,-96.85,40.7,0.202,-0.55,0.899,0.048,0.231,-0.6,0.958,0,0.254,-0.55,0.446,0,0.23,-0.6,1,0,0.281,-0.56,1,0,0.216,-0.59,0.946,0,0.239,-0.64,0.952,0
94996,20180531,-96.85,40.7,0.219,-0.43,0.804,0.149,0.235,-0.56,0.815,0,0.251,-0.55,0.429,0,0.228,-0.59,0.964,0,0.276,-0.6,1,0,0.227,-0.51,0.804,0,0.242,-0.6,0.81,0
94996,20180601,-96.85,40.7,0.233,-0.33,0.661,0.149,0.238,-0.54,0.673,0,0.248,-0.55,0.423,0,0.226,-0.59,0.875,0,0.272,-0.63,1,0,0.235,-0.45,0.661,0,0.243,-0.58,0.667,0
94996,20180602,-96.85,40.7,0.249,-0.22,0.518,0.185,0.246,-0.48,0.53,0.036,0.249,-0.54,0.417,0,0.228,-0.55,0.738,0.012,0.268,-0.66,1,0,0.247,-0.36,0.518,0.036,0.248,-0.53,0.619,0
94996,20180603,-96.85,40.7,0.275,-0.04,0.375,0.327,0.266,-0.32,0.387,0.155,0.261,-0.46,0.381,0,0.241,-0.46,0.595,0.012,0.265,-0.68,1,0,0.271,-0.2,0.375,0.167,0.262,-0.41,0.476,0
94996,20180604,-96.85,40.7,0.296,0.1,0.232,0.351,0.284,-0.19,0.244,0.155,0.271,-0.4,0.244,0,0.251,-0.38,0.452,0.012,0.263,-0.69,1,0,0.29,-0.06,0.232,0.167,0.273,-0.31,0.333,0
94996,20180605,-96.85,40.7,0.314,0.22,0.089,0.351,0.3,-0.07,0.101,0.155,0.281,-0.34,0.101,0,0.262,-0.31,0.31,0.012,0.262,-0.69,1,0,0.307,0.06,0.089,0.167,0.284,-0.22,0.19,0
94996,20180606,-96.85,40.7,0.318,0.25,0,0.304,0.312,0.02,0,0.155,0.29,-0.29,0.012,0,0.271,-0.24,0.167,0.012,0.261,-0.68,1,0,0.315,0.11,0,0.167,0.291,-0.16,0.095,0
94996,20180607,-96.85,40.7,0.304,0.15,0,0.202,0.316,0.05,0,0.155,0.297,-0.25,0.012,0,0.279,-0.18,0.06,0.012,0.261,-0.68,1,0,0.31,0.08,0,0.167,0.292,-0.16,0.095,0
94996,20180608,-96.85,40.7,0.294,0.09,0.006,0.202,0.32,0.08,0,0.155,0.302,-0.22,0.012,0,0.286,-0.13,0.006,0.012,0.261,-0.67,1,0,0.307,0.06,0,0.167,0.293,-0.14,0.095,0
94996,20180609,-96.85,40.7,0.284,0.02,0.119,0.179,0.317,0.06,0,0.119,0.304,-0.22,0,0,0.288,-0.11,0,0,0.26,-0.67,1,0,0.301,0.02,0.012,0.131,0.291,-0.15,0.024,0
94996,20180610,-96.85,40.7,0.277,-0.02,0.119,0.065,0.302,-0.05,0,0,0.294,-0.27,0,0,0.279,-0.16,0,0,0.26,-0.67,1,0,0.29,-0.06,0.012,0,0.282,-0.21,0.024,0
94996,20180611,-96.85,40.7,0.27,-0.06,0.119,0.042,0.29,-0.13,0,0,0.285,-0.32,0,0,0.271,-0.19,0,0,0.259,-0.66,1,0,0.28,-0.12,0.012,0,0.275,-0.26,0.024,0
94996,20180612,-96.85,40.7,0.26,-0.11,0.119,0.042,0.278,-0.2,0,0,0.277,-0.35,0,0,0.264,-0.23,0,0,0.259,-0.66,1,0,0.269,-0.18,0.012,0,0.268,-0.31,0.131,0
94996,20180613,-96.85,40.7,0.251,-0.16,0.173,0.042,0.268,-0.26,0.054,0,0.269,-0.39,0.03,0,0.257,-0.26,0,0,0.258,-0.65,1,0,0.259,-0.24,0.125,0,0.26,-0.36,0.274,0
94996,20180614,-96.85,40.7,0.243,-0.19,0.315,0.042,0.258,-0.32,0.196,0,0.261,-0.42,0.167,0,0.25,-0.29,0,0,0.258,-0.65,1,0,0.251,-0.28,0.268,0,0.254,-0.4,0.417,0
94996,20180615,-96.85,40.7,0.237,-0.21,0.452,0.042,0.25,-0.37,0.339,0,0.254,-0.46,0.31,0,0.244,-0.33,0,0,0.257,-0.66,1,0,0.244,-0.32,0.411,0,0.248,-0.44,0.56,0
94996,20180616,-96.85,40.7,0.229,-0.25,0.482,0.03,0.243,-0.41,0.482,0,0.247,-0.48,0.452,0,0.238,-0.36,0,0,0.255,-0.67,1,0,0.236,-0.35,0.542,0,0.242,-0.49,0.679,0
94996,20180617,-96.85,40.7,0.208,-0.37,0.625,0,0.235,-0.45,0.625,0,0.24,-0.51,0.595,0,0.232,-0.39,0.018,0,0.254,-0.68,1,0,0.222,-0.43,0.685,0,0.234,-0.55,0.821,0
94996,20180618,-96.85,40.7,0.194,-0.44,0.768,0,0.228,-0.49,0.768,0,0.233,-0.54,0.738,0,0.227,-0.42,0.036,0,0.252,-0.7,1,0,0.211,-0.48,0.827,0,0.227,-0.6,0.964,0
94996,20180619,-96.85,40.7,0.186,-0.48,0.905,0.006,0.222,-0.52,0.911,0,0.228,-0.55,0.875,0,0.222,-0.45,0.036,0,0.25,-0.73,1,0,0.204,-0.51,0.964,0,0.222,-0.63,0.994,0
94996,20180620,-96.85,40.7,0.216,-0.26,0.851,0.149,0.235,-0.41,0.881,0.077,0.237,-0.49,0.845,0.018,0.229,-0.4,0.036,0.077,0.248,-0.75,1,0,0.225,-0.33,0.851,0.083,0.233,-0.52,0.851,0.077
94996,20180621,-96.85,40.7,0.248,-0.02,0.708,0.292,0.261,-0.21,0.738,0.22,0.259,-0.36,0.708,0.095,0.246,-0.28,0.036,0.22,0.266,-0.57,0.857,0.137,0.254,-0.11,0.708,0.226,0.256,-0.31,0.708,0.22
94996,20180622,-96.85,40.7,0.277,0.19,0.569,0.431,0.285,-0.04,0.599,0.359,0.278,-0.24,0.569,0.096,0.262,-0.17,0.036,0.359,0.28,-0.43,0.719,0.186,0.281,0.09,0.569,0.365,0.276,-0.12,0.569,0.359
94996,20180623,-96.85,40.7,0.305,0.39,0.425,0.575,0.309,0.14,0.455,0.503,0.298,-0.13,0.425,0.096,0.278,-0.07,0.036,0.503,0.295,-0.28,0.575,0.198,0.307,0.29,0.425,0.509,0.297,0.07,0.425,0.503
94996,20180624,-96.85,40.7,0.332,0.58,0.281,0.719,0.332,0.3,0.311,0.647,0.318,-0.01,0.281,0.096,0.293,0.04,0.018,0.641,0.31,-0.13,0.431,0.198,0.332,0.47,0.281,0.653,0.317,0.25,0.281,0.641
94996,20180625,-96.85,40.7,0.356,0.74,0.138,0.85,0.353,0.46,0.168,0.79,0.337,0.1,0.138,0.096,0.308,0.14,0,0.677,0.324,0.02,0.287,0.198,0.355,0.64,0.138,0.796,0.336,0.41,0.138,0.677
94996,20180626,-96.85,40.7,0.392,0.99,0,0.982,0.384,0.68,0.024,0.934,0.364,0.25,0,0.198,0.327,0.27,0,0.796,0.346,0.24,0.144,0.317,0.388,0.88,0,0.94,0.363,0.65,0,0.808
94996,20180627,-96.85,40.7,0.388,0.96,0,0.982,0.393,0.75,0,1,0.374,0.31,0,0.18,0.335,0.31,0,0.862,0.364,0.42,0,0.461,0.391,0.9,0,1,0.371,0.73,0,0.874
94996,20180628,-96.85,40.7,0.38,0.91,0,0.982,0.388,0.72,0,1,0.371,0.29,0,0.102,0.331,0.29,0,0.862,0.361,0.39,0,0.347,0.384,0.85,0,1,0.366,0.7,0,0.874
94996,20180629,-96.85,40.7,0.372,0.86,0,0.976,0.384,0.7,0,1,0.369,0.28,0,0.101,0.329,0.28,0,0.798,0.36,0.39,0,0.298,0.378,0.82,0,1,0.363,0.69,0,0.875
94996,20180630,-96.85,40.7,0.361,0.79,0,0.839,0.379,0.67,0,0.935,0.368,0.28,0,0.101,0.327,0.27,0,0.661,0.36,0.39,0,0.286,0.37,0.77,0,0.899,0.359,0.67,0,0.768
94996,20180701,-96.85,40.7,0.362,0.81,0,0.768,0.381,0.7,0,0.863,0.371,0.31,0,0.173,0.328,0.29,0,0.595,0.361,0.41,0,0.345,0.371,0.79,0,0.827,0.361,0.71,0,0.702
94996,20180702,-96.85,40.7,0.372,0.89,0,0.78,0.387,0.77,0,0.863,0.377,0.36,0,0.298,0.332,0.32,0,0.702,0.365,0.45,0,0.488,0.379,0.86,0,0.827,0.366,0.78,0,0.81
94996,20180703,-96.85,40.7,0.362,0.84,0,0.786,0.381,0.74,0,0.863,0.372,0.35,0,0.22,0.329,0.31,0,0.726,0.36,0.4,0,0.452,0.372,0.83,0,0.827,0.361,0.76,0,0.821
94996,20180704,-96.85,40.7,0.353,0.8,0,0.786,0.376,0.73,0,0.863,0.369,0.35,0,0.22,0.327,0.31,0,0.726,0.358,0.39,0,0.327,0.365,0.8,0,0.827,0.357,0.75,0,0.821
94996,20180705,-96.85,40.7,0.347,0.78,0,0.744,0.372,0.72,0,0.863,0.367,0.37,0,0.22,0.326,0.31,0,0.726,0.357,0.39,0,0.304,0.36,0.78,0,0.827,0.354,0.75,0,0.821
94996,20180706,-96.85,40.7,0.354,0.85,0,0.75,0.37,0.74,0,0.863,0.366,0.39,0,0.274,0.327,0.33,0,0.792,0.356,0.4,0,0.304,0.362,0.83,0,0.827,0.355,0.79,0,0.821
94996,20180707,-96.85,40.7,0.361,0.93,0,0.887,0.37,0.76,0,0.929,0.366,0.43,0,0.345,0.327,0.35,0,0.929,0.355,0.41,0,0.327,0.365,0.88,0,0.929,0.356,0.84,0,0.929
94996,20180708,-96.85,40.7,0.353,0.89,0,0.958,0.362,0.73,0,1,0.361,0.43,0,0.298,0.324,0.35,0,1,0.352,0.42,0,0.298,0.358,0.85,0,1,0.351,0.82,0,1
94996,20180709,-96.85,40.7,0.335,0.79,0,0.881,0.35,0.65,0,0.929,0.353,0.41,0,0.173,0.319,0.34,0,1,0.348,0.41,0,0.202,0.342,0.75,0,0.935,0.341,0.76,0,1
94996,20180710,-96.85,40.7,0.319,0.69,0,0.738,0.337,0.58,0,0.786,0.346,0.39,0,0.149,0.314,0.33,0,1,0.344,0.4,0,0.125,0.328,0.66,0,0.792,0.332,0.7,0,1
94996,20180711,-96.85,40.7,0.306,0.61,0,0.595,0.325,0.5,0,0.643,0.338,0.36,0,0.149,0.31,0.32,0,0.929,0.34,0.4,0,0.113,0.315,0.57,0,0.649,0.324,0.64,0,0.887
94996,20180712,-96.85,40.7,0.292,0.51,0,0.494,0.312,0.42,0,0.5,0.33,0.32,0,0.149,0.305,0.3,0,0.786,0.336,0.39,0,0.113,0.302,0.48,0,0.506,0.315,0.57,0,0.744
94996,20180713,-96.85,40.7,0.266,0.33,0,0.351,0.297,0.32,0,0.357,0.32,0.27,0,0.095,0.297,0.27,0,0.643,0.332,0.38,0,0.113,0.281,0.32,0,0.363,0.302,0.46,0,0.601
94996,20180714,-96.85,40.7,0.245,0.18,0,0.208,0.282,0.22,0,0.214,0.309,0.21,0,0.024,0.291,0.23,0,0.5,0.327,0.36,0,0.089,0.263,0.19,0,0.22,0.291,0.35,0,0.458
94996,20180715,-96.85,40.7,0.228,0.07,0,0.065,0.268,0.13,0,0.071,0.298,0.15,0,0,0.284,0.2,0,0.357,0.322,0.33,0,0.06,0.248,0.08,0,0.077,0.28,0.25,0,0.315
94996,20180716,-96.85,40.7,0.215,-0.02,0,0,0.256,0.05,0,0,0.287,0.09,0,0,0.277,0.16,0,0.214,0.317,0.3,0,0.012,0.236,0,0,0,0.27,0.16,0,0.173
94996,20180717,-96.85,40.7,0.206,-0.08,0,0,0.246,0,0,0,0.276,0.03,0,0,0.27,0.12,0,0.071,0.312,0.26,0,0.006,0.226,-0.07,0,0,0.262,0.08,0,0.03
94996,20180718,-96.85,40.7,0.203,-0.09,0,0,0.238,-0.04,0,0,0.268,-0.02,0,0,0.264,0.08,0,0,0.308,0.23,0,0,0.22,-0.1,0,0,0.256,0.03,0,0
94996,20180719,-96.85,40.7,0.207,-0.06,0,0.024,0.236,-0.03,0,0.024,0.262,-0.04,0,0.024,0.262,0.07,0,0.024,0.304,0.2,0,0,0.221,-0.07,0,0.024,0.254,0.03,0,0.024
94996,20180720,-96.85,40.7,0.227,0.11,0,0.167,0.251,0.14,0,0.167,0.264,-0.01,0,0.06,0.267,0.13,0,0.167,0.3,0.18,0,0,0.239,0.11,0,0.167,0.262,0.18,0,0.167
94996,20180721,-96.85,40.7,0.243,0.25,0,0.31,0.265,0.28,0,0.31,0.266,0.03,0,0.06,0.273,0.18,0,0.31,0.297,0.16,0,0,0.254,0.26,0,0.31,0.269,0.31,0,0.31
94996,20180722,-96.85,40.7,0.255,0.36,0,0.452,0.276,0.41,0,0.452,0.269,0.07,0,0.06,0.278,0.24,0,0.452,0.295,0.14,0,0,0.266,0.39,0,0.452,0.275,0.41,0,0.452
94996,20180723,-96.85,40.7,0.264,0.44,0,0.506,0.286,0.51,0,0.595,0.271,0.1,0,0.06,0.283,0.29,0,0.595,0.292,0.12,0,0,0.275,0.49,0,0.595,0.279,0.5,0,0.595
94996,20180724,-96.85,40.7,0.271,0.51,0,0.506,0.293,0.6,0,0.738,0.274,0.14,0,0.06,0.287,0.34,0,0.738,0.291,0.1,0,0,0.282,0.57,0,0.696,0.283,0.58,0,0.738
94996,20180725,-96.85,40.7,0.273,0.54,0,0.506,0.298,0.66,0,0.756,0.276,0.17,0,0.06,0.291,0.38,0,0.839,0.289,0.08,0,0,0.286,0.61,0,0.696,0.285,0.62,0,0.821
94996,20180726,-96.85,40.7,0.269,0.53,0,0.482,0.298,0.68,0,0.732,0.276,0.19,0,0.036,0.292,0.41,0,0.839,0.287,0.06,0,0,0.283,0.61,0,0.673,0.284,0.62,0,0.798
94996,20180727,-96.85,40.7,0.249,0.39,0,0.339,0.281,0.54,0,0.589,0.269,0.15,0,0,0.285,0.35,0,0.696,0.285,0.04,0,0,0.265,0.46,0,0.53,0.274,0.47,0,0.655
94996,20180728,-96.85,40.7,0.233,0.28,0,0.196,0.266,0.41,0,0.446,0.263,0.11,0,0,0.278,0.3,0,0.554,0.283,0.02,0,0,0.25,0.34,0,0.387,0.265,0.33,0,0.512
94996,20180729,-96.85,40.7,0.221,0.2,0,0.054,0.253,0.31,0,0.304,0.257,0.08,0,0,0.272,0.25,0,0.411,0.281,0,0,0,0.237,0.23,0,0.244,0.257,0.22,0,0.369
94996,20180730,-96.85,40.7,0.213,0.14,0,0,0.242,0.22,0,0.161,0.251,0.04,0,0,0.266,0.21,0,0.268,0.279,-0.03,0,0,0.228,0.16,0,0.101,0.25,0.12,0,0.226
94996,20180731,-96.85,40.7,0.212,0.15,0,0.071,0.235,0.16,0,0.018,0.247,0.02,0,0,0.259,0.16,0,0.125,0.277,-0.06,0,0,0.223,0.13,0,0.036,0.246,0.07,0,0.089
94996,20180801,-96.85,40.7,0.213,0.17,0,0.107,0.229,0.12,0,0,0.244,0.01,0,0,0.254,0.12,0,0.024,0.275,-0.09,0,0,0.221,0.12,0,0.036,0.243,0.03,0,0.006
94996,20180802,-96.85,40.7,0.211,0.16,0,0.107,0.224,0.08,0,0,0.24,-0.01,0,0,0.249,0.09,0,0,0.272,-0.12,0,0,0.218,0.09,0,0.036,0.239,-0.02,0,0.006
94996,20180803,-96.85,40.7,0.208,0.14,0,0.107,0.221,0.05,0,0,0.236,-0.03,0,0,0.244,0.05,0,0,0.27,-0.16,0.03,0,0.215,0.06,0,0.036,0.236,-0.08,0,0.006
94996,20180804,-96.85,40.7,0.208,0.14,0,0.125,0.219,0.03,0,0.018,0.233,-0.05,0,0,0.24,0.02,0,0,0.267,-0.2,0.137,0,0.214,0.06,0,0.054,0.233,-0.11,0,0.024
94996,20180805,-96.85,40.7,0.221,0.27,0,0.268,0.223,0.08,0,0.054,0.232,-0.05,0,0,0.236,0,0,0,0.265,-0.24,0.274,0,0.222,0.15,0,0.196,0.235,-0.07,0,0.065
94996,20180806,-96.85,40.7,0.228,0.34,0,0.315,0.225,0.11,0,0.054,0.231,-0.05,0,0,0.233,-0.02,0,0,0.262,-0.28,0.399,0,0.227,0.2,0,0.22,0.236,-0.06,0,0.065
94996,20180807,-96.85,40.7,0.227,0.33,0,0.244,0.226,0.11,0,0.054,0.229,-0.07,0,0,0.231,-0.04,0,0,0.26,-0.31,0.542,0,0.226,0.2,0,0.185,0.235,-0.08,0,0.06
94996,20180808,-96.85,40.7,0.226,0.32,0,0.208,0.226,0.11,0,0.054,0.226,-0.09,0,0,0.229,-0.05,0,0,0.258,-0.33,0.673,0,0.226,0.2,0,0.185,0.233,-0.11,0,0.06
94996,20180809,-96.85,40.7,0.226,0.32,0,0.208,0.226,0.1,0,0.054,0.224,-0.11,0,0,0.228,-0.06,0,0,0.257,-0.36,0.815,0,0.226,0.2,0,0.185,0.232,-0.12,0,0.06
94996,20180810,-96.85,40.7,0.226,0.32,0,0.208,0.225,0.1,0,0.054,0.222,-0.12,0,0,0.227,-0.07,0,0,0.255,-0.38,0.923,0,0.226,0.2,0,0.185,0.231,-0.14,0,0.06
94996,20180811,-96.85,40.7,0.222,0.29,0,0.19,0.224,0.08,0,0.036,0.22,-0.14,0.048,0,0.226,-0.08,0,0,0.254,-0.39,0.958,0,0.223,0.17,0,0.167,0.229,-0.16,0,0.042
94996,20180812,-96.85,40.7,0.206,0.13,0,0.048,0.217,0,0,0,0.215,-0.18,0.19,0,0.225,-0.09,0,0,0.253,-0.4,0.964,0,0.212,0.05,0,0.024,0.223,-0.25,0.101,0
94996,20180813,-96.85,40.7,0.197,0.04,0,0,0.212,-0.06,0.006,0,0.21,-0.22,0.333,0,0.223,-0.1,0,0,0.252,-0.42,0.982,0,0.205,-0.03,0.012,0,0.219,-0.32,0.244,0
94996,20180814,-96.85,40.7,0.193,0,0,0.024,0.209,-0.1,0.036,0.006,0.208,-0.24,0.452,0,0.221,-0.11,0,0,0.25,-0.45,0.982,0,0.201,-0.06,0.036,0.024,0.216,-0.35,0.363,0.006
94996,20180815,-96.85,40.7,0.215,0.22,0,0.167,0.224,0.08,0.036,0.149,0.214,-0.19,0.452,0,0.226,-0.07,0,0,0.248,-0.47,0.994,0,0.22,0.16,0.036,0.167,0.225,-0.21,0.363,0.149
94996,20180816,-96.85,40.7,0.238,0.43,0,0.31,0.24,0.27,0.036,0.292,0.219,-0.14,0.452,0,0.232,-0.03,0,0,0.246,-0.5,0.994,0,0.239,0.38,0.036,0.31,0.235,-0.05,0.363,0.292
94996,20180817,-96.85,40.7,0.263,0.67,0,0.452,0.259,0.48,0.036,0.435,0.224,-0.1,0.452,0,0.238,0.03,0,0,0.245,-0.52,1,0,0.261,0.63,0.036,0.452,0.246,0.11,0.363,0.435
94996,20180818,-96.85,40.7,0.283,0.85,0,0.595,0.275,0.65,0.036,0.577,0.229,-0.06,0.405,0,0.243,0.08,0,0,0.244,-0.53,1,0,0.279,0.82,0.036,0.595,0.255,0.25,0.363,0.577
94996,20180819,-96.85,40.7,0.298,0.99,0,0.738,0.288,0.79,0.036,0.72,0.234,-0.02,0.262,0,0.248,0.12,0,0,0.243,-0.54,1,0,0.293,0.97,0.036,0.738,0.262,0.36,0.262,0.637
94996,20180820,-96.85,40.7,0.331,1.3,0,0.881,0.315,1.07,0.03,0.863,0.255,0.17,0.119,0.113,0.263,0.28,0,0.113,0.243,-0.53,0.964,0,0.323,1.28,0.024,0.881,0.282,0.64,0.119,0.762
94996,20180821,-96.85,40.7,0.361,1.58,0,1,0.343,1.36,0,1,0.279,0.37,0,0.256,0.281,0.45,0,0.256,0.252,-0.4,0.821,0.077,0.352,1.59,0,1,0.303,0.95,0,0.899
94996,20180822,-96.85,40.7,0.36,1.56,0,1,0.351,1.42,0,1,0.293,0.48,0,0.399,0.29,0.55,0,0.399,0.262,-0.24,0.679,0.22,0.355,1.6,0,1,0.311,1.05,0,0.899
94996,20180823,-96.85,40.7,0.358,1.53,0,1,0.354,1.44,0,1,0.306,0.59,0,0.542,0.297,0.63,0,0.542,0.272,-0.09,0.536,0.363,0.356,1.59,0,1,0.318,1.12,0,0.899
94996,20180824,-96.85,40.7,0.353,1.49,0,1,0.355,1.44,0,1,0.319,0.7,0,0.685,0.304,0.71,0,0.685,0.283,0.05,0.393,0.506,0.354,1.56,0,1,0.323,1.19,0,0.899
94996,20180825,-96.85,40.7,0.364,1.59,0,1,0.364,1.53,0,1,0.334,0.83,0,0.827,0.313,0.8,0,0.827,0.292,0.19,0.25,0.649,0.364,1.66,0,1,0.334,1.33,0,0.899
94996,20180826,-96.85,40.7,0.374,1.69,0,1,0.373,1.63,0,1,0.35,0.96,0,0.97,0.322,0.9,0,0.97,0.302,0.33,0.107,0.786,0.374,1.75,0,1,0.344,1.47,0,0.982
94996,20180827,-96.85,40.7,0.365,1.6,0,1,0.368,1.57,0,1,0.349,0.96,0,1,0.321,0.88,0,1,0.311,0.46,0,0.921,0.366,1.67,0,1,0.343,1.44,0,1
94996,20180828,-96.85,40.7,0.349,1.46,0,1,0.359,1.46,0,1,0.343,0.91,0,1,0.317,0.83,0,1,0.312,0.46,0,0.878,0.354,1.54,0,1,0.336,1.34,0,1
94996,20180829,-96.85,40.7,0.337,1.35,0,1,0.352,1.38,0,1,0.34,0.88,0,1,0.315,0.8,0,1,0.31,0.44,0,0.732,0.344,1.43,0,1,0.331,1.25,0,1
94996,20180830,-96.85,40.7,0.326,1.25,0,1,0.346,1.31,0,1,0.337,0.86,0,1,0.313,0.78,0,1,0.308,0.42,0,0.585,0.336,1.33,0,1,0.326,1.18,0,1
94996,20180831,-96.85,40.7,0.317,1.17,0,1,0.339,1.22,0,1,0.334,0.84,0,1,0.311,0.75,0,1,0.307,0.4,0,0.439,0.328,1.24,0,1,0.322,1.11,0,1
94996,20180901,-96.85,40.7,0.298,1,0,1,0.327,1.09,0,1,0.331,0.81,0,1,0.307,0.7,0,1,0.305,0.38,0,0.293,0.313,1.07,0,1,0.314,0.99,0,1
94996,20180902,-96.85,40.7,0.299,1,0,1,0.328,1.07,0,1,0.333,0.83,0,1,0.309,0.7,0,1,0.311,0.43,0,0.213,0.313,1.06,0,1,0.316,1.01,0,1
94996,20180903,-96.85,40.7,0.319,1.19,0,1,0.342,1.18,0,1,0.344,0.94,0,1,0.316,0.77,0,1,0.324,0.57,0,0.238,0.33,1.2,0,1,0.329,1.18,0,1
94996,20180904,-96.85,40.7,0.343,1.41,0,1,0.358,1.32,0,1,0.357,1.06,0,1,0.324,0.84,0,1,0.339,0.72,0,0.345,0.351,1.38,0,1,0.344,1.37,0,1
94996,20180905,-96.85,40.7,0.379,1.73,0,1,0.383,1.53,0,1,0.377,1.25,0,1,0.336,0.95,0,1,0.358,0.91,0,0.488,0.381,1.65,0,1,0.366,1.66,0,1
94996,20180906,-96.85,40.7,0.407,2,0,1,0.405,1.73,0,1,0.394,1.43,0,1,0.347,1.06,0,1,0.376,1.1,0,0.631,0.406,1.89,0,1,0.386,1.92,0,1
94996,20180907,-96.85,40.7,0.431,2.21,0,1,0.422,1.89,0,1,0.407,1.57,0,1,0.356,1.15,0,1,0.393,1.27,0,0.774,0.426,2.08,0,1,0.402,2.13,0,1
94996,20180908,-96.85,40.7,0.454,2.42,0,1,0.438,2.06,0,1,0.416,1.69,0,1,0.364,1.24,0,1,0.409,1.42,0,0.917,0.446,2.27,0,1,0.416,2.33,0,1
94996,20180909,-96.85,40.7,0.462,2.5,0,1,0.444,2.13,0,1,0.42,1.76,0,1,0.367,1.27,0,1,0.416,1.49,0,1,0.453,2.35,0,1,0.422,2.41,0,1
94996,20180910,-96.85,40.7,0.452,2.41,0,1,0.437,2.09,0,1,0.413,1.74,0,1,0.364,1.24,0,1,0.412,1.44,0,1,0.445,2.28,0,1,0.416,2.34,0,1
94996,20180911,-96.85,40.7,0.437,2.27,0,1,0.428,2.02,0,1,0.405,1.71,0,1,0.359,1.2,0,1,0.406,1.37,0,1,0.432,2.18,0,1,0.407,2.24,0,1
94996,20180912,-96.85,40.7,0.41,2.03,0,1,0.41,1.88,0,1,0.39,1.6,0,1,0.351,1.11,0,1,0.396,1.26,0,1,0.41,1.98,0,1,0.391,2.04,0,1
94996,20180913,-96.85,40.7,0.388,1.83,0,1,0.394,1.75,0,1,0.377,1.5,0,1,0.343,1.03,0,1,0.385,1.15,0,1,0.391,1.81,0,1,0.377,1.88,0,1
94996,20180914,-96.85,40.7,0.37,1.67,0,1,0.383,1.65,0,1,0.368,1.44,0,1,0.338,0.98,0,1,0.376,1.06,0,1,0.377,1.68,0,1,0.367,1.75,0,1
94996,20180915,-96.85,40.7,0.35,1.5,0,1,0.371,1.55,0,1,0.362,1.39,0,1,0.333,0.93,0,1,0.367,0.98,0,1,0.36,1.53,0,1,0.357,1.63,0,1
94996,20180916,-96.85,40.7,0.33,1.31,0,1,0.358,1.45,0,1,0.355,1.34,0,1,0.328,0.88,0,1,0.361,0.92,0,1,0.344,1.38,0,1,0.346,1.51,0,1
94996,20180917,-96.85,40.7,0.31,1.14,0,1,0.345,1.34,0,1,0.35,1.3,0,1,0.324,0.84,0,1,0.356,0.88,0,1,0.327,1.24,0,1,0.337,1.4,0,1
94996,20180918,-96.85,40.7,0.293,0.99,0,1,0.331,1.23,0,1,0.344,1.25,0,1,0.321,0.81,0,1,0.353,0.85,0,1,0.312,1.11,0,1,0.328,1.3,0,1
94996,20180919,-96.85,40.7,0.277,0.86,0,1,0.318,1.13,0,1,0.339,1.2,0,1,0.317,0.78,0,1,0.349,0.82,0,1,0.298,0.99,0,1,0.32,1.21,0,1
94996,20180920,-96.85,40.7,0.264,0.75,0,0.958,0.306,1.03,0,1,0.333,1.15,0,1,0.313,0.74,0,1,0.346,0.79,0,1,0.285,0.89,0,1,0.312,1.11,0,1
94996,20180921,-96.85,40.7,0.261,0.74,0,0.881,0.295,0.95,0,1,0.327,1.09,0,1,0.309,0.7,0,1,0.343,0.75,0,1,0.278,0.84,0,0.976,0.307,1.05,0,1
94996,20180922,-96.85,40.7,0.269,0.82,0,0.881,0.288,0.91,0,1,0.321,1.03,0,1,0.304,0.66,0,1,0.34,0.72,0,1,0.278,0.87,0,0.976,0.304,1.02,0,1
94996,20180923,-96.85,40.7,0.276,0.89,0,0.881,0.282,0.86,0,1,0.314,0.97,0,1,0.3,0.61,0,1,0.337,0.68,0,1,0.279,0.89,0,0.976,0.302,0.98,0,1
94996,20180924,-96.85,40.7,0.281,0.94,0,0.881,0.277,0.83,0,1,0.308,0.9,0,1,0.296,0.57,0,1,0.334,0.64,0,1,0.279,0.9,0,0.976,0.299,0.95,0,1
94996,20180925,-96.85,40.7,0.285,0.97,0,0.881,0.274,0.81,0,1,0.302,0.85,0,1,0.293,0.52,0,1,0.331,0.61,0,1,0.279,0.91,0,0.976,0.297,0.92,0,1
94996,20180926,-96.85,40.7,0.289,1.01,0,0.881,0.272,0.79,0,1,0.297,0.79,0,1,0.289,0.48,0,1,0.329,0.57,0,1,0.28,0.92,0,0.976,0.295,0.89,0,1
94996,20180927,-96.85,40.7,0.293,1.04,0,0.923,0.27,0.77,0,1,0.293,0.74,0,1,0.287,0.44,0,1,0.326,0.54,0,0.97,0.282,0.93,0,0.976,0.294,0.86,0,1
94996,20180928,-96.85,40.7,0.287,0.98,0,1,0.268,0.75,0,1,0.288,0.69,0,1,0.284,0.41,0,0.929,0.324,0.51,0,0.851,0.278,0.88,0,1,0.29,0.81,0,1
94996,20180929,-96.85,40.7,0.273,0.83,0,0.917,0.264,0.7,0,1,0.283,0.64,0,1,0.282,0.37,0,0.786,0.322,0.49,0,0.708,0.268,0.77,0,0.857,0.285,0.73,0,1
94996,20180930,-96.85,40.7,0.261,0.72,0,0.774,0.26,0.66,0,1,0.28,0.6,0,1,0.279,0.35,0,0.643,0.32,0.46,0,0.565,0.261,0.69,0,0.714,0.28,0.66,0,1
94996,20181001,-96.85,40.7,0.253,0.64,0,0.631,0.257,0.63,0,1,0.276,0.56,0,1,0.277,0.32,0,0.5,0.318,0.45,0,0.423,0.255,0.62,0,0.571,0.276,0.6,0,1
94996,20181002,-96.85,40.7,0.253,0.63,0,0.619,0.254,0.61,0,1,0.273,0.52,0,1,0.275,0.3,0,0.357,0.317,0.43,0,0.28,0.254,0.61,0,0.554,0.274,0.57,0,1
94996,20181003,-96.85,40.7,0.255,0.64,0,0.619,0.253,0.6,0,1,0.27,0.48,0,1,0.274,0.27,0,0.214,0.315,0.41,0,0.137,0.254,0.6,0,0.554,0.273,0.55,0,1
94996,20181004,-96.85,40.7,0.256,0.64,0,0.619,0.252,0.6,0,1,0.268,0.46,0,1,0.273,0.26,0,0.071,0.314,0.4,0,0.024,0.254,0.61,0,0.554,0.272,0.53,0,1
94996,20181005,-96.85,40.7,0.257,0.65,0,0.619,0.251,0.6,0,1,0.266,0.43,0,0.923,0.271,0.24,0,0,0.313,0.39,0,0,0.254,0.6,0,0.554,0.272,0.52,0,1
94996,20181006,-96.85,40.7,0.26,0.66,0,0.702,0.25,0.61,0,1,0.264,0.42,0,0.78,0.271,0.23,0,0,0.312,0.38,0,0,0.255,0.61,0,0.696,0.271,0.51,0,1
94996,20181007,-96.85,40.7,0.266,0.7,0,0.845,0.25,0.62,0,1,0.263,0.4,0,0.637,0.27,0.21,0,0,0.312,0.37,0,0,0.258,0.65,0,0.839,0.272,0.51,0,1
94996,20181008,-96.85,40.7,0.281,0.82,0,0.988,0.256,0.69,0,1,0.261,0.39,0,0.494,0.27,0.22,0,0.048,0.311,0.36,0,0,0.269,0.76,0,0.982,0.276,0.55,0,1
94996,20181009,-96.85,40.7,0.3,0.94,0,1,0.277,0.91,0,1,0.265,0.42,0,0.464,0.279,0.28,0,0.19,0.31,0.35,0,0,0.289,0.94,0,1,0.286,0.65,0,1
94996,20181010,-96.85,40.7,0.319,1.07,0,1,0.3,1.11,0,1,0.277,0.5,0,0.464,0.289,0.36,0,0.333,0.314,0.39,0,0.089,0.31,1.13,0,1,0.3,0.77,0,1
94996,20181011,-96.85,40.7,0.336,1.18,0,1,0.32,1.25,0,1,0.289,0.6,0,0.464,0.298,0.43,0,0.476,0.321,0.45,0,0.232,0.328,1.28,0,1,0.313,0.89,0,1
94996,20181012,-96.85,40.7,0.353,1.29,0,1,0.338,1.36,0,1,0.301,0.68,0,0.542,0.307,0.49,0,0.619,0.327,0.5,0,0.375,0.346,1.4,0,1,0.325,0.99,0,1
94996,20181013,-96.85,40.7,0.373,1.42,0,1,0.359,1.48,0,1,0.314,0.77,0,0.685,0.316,0.56,0,0.762,0.333,0.55,0,0.518,0.366,1.53,0,1,0.339,1.1,0,1
94996,20181014,-96.85,40.7,0.386,1.49,0,1,0.378,1.58,0,1,0.327,0.86,0,0.827,0.325,0.63,0,0.905,0.339,0.6,0,0.661,0.382,1.62,0,1,0.351,1.18,0,1
94996,20181015,-96.85,40.7,0.393,1.51,0,1,0.391,1.61,0,1,0.34,0.95,0,0.97,0.332,0.68,0,1,0.345,0.65,0,0.804,0.392,1.63,0,1,0.36,1.23,0,1
94996,20181016,-96.85,40.7,0.392,1.46,0,1,0.392,1.5,0,1,0.349,1.01,0,1,0.334,0.69,0,1,0.355,0.74,0,0.946,0.392,1.55,0,1,0.364,1.23,0,1
94996,20181017,-96.85,40.7,0.388,1.41,0,1,0.388,1.41,0,1,0.351,1.02,0,1,0.333,0.67,0,1,0.36,0.77,0,1,0.388,1.45,0,1,0.364,1.18,0,1
94996,20181018,-96.85,40.7,0.386,1.37,0,1,0.387,1.36,0,1,0.35,1.01,0,1,0.331,0.66,0,1,0.36,0.77,0,1,0.387,1.38,0,1,0.363,1.14,0,1
94996,20181019,-96.85,40.7,0.384,1.34,0,1,0.386,1.33,0,1,0.35,1,0,1,0.331,0.64,0,1,0.36,0.76,0,1,0.385,1.34,0,1,0.362,1.11,0,1
94996,20181020,-96.85,40.7,0.378,1.27,0,1,0.383,1.29,0,1,0.349,0.98,0,1,0.329,0.62,0,1,0.36,0.76,0,1,0.38,1.28,0,1,0.36,1.07,0,1
94996,20181021,-96.85,40.7,0.371,1.21,0,1,0.38,1.26,0,1,0.348,0.97,0,1,0.327,0.59,0,1,0.359,0.74,0,1,0.375,1.23,0,1,0.357,1.03,0,1
94996,20181022,-96.85,40.7,0.361,1.13,0,1,0.375,1.21,0,1,0.345,0.94,0,1,0.325,0.56,0,1,0.358,0.72,0,1,0.368,1.17,0,1,0.353,0.99,0,1
94996,20181023,-96.85,40.7,0.348,1.04,0,1,0.368,1.15,0,1,0.341,0.91,0,1,0.32,0.52,0,1,0.353,0.67,0,1,0.358,1.1,0,1,0.346,0.93,0,1
94996,20181024,-96.85,40.7,0.335,0.95,0,1,0.361,1.1,0,1,0.336,0.87,0,1,0.316,0.48,0,1,0.349,0.63,0,1,0.348,1.03,0,1,0.34,0.88,0,1
94996,20181025,-96.85,40.7,0.324,0.87,0,1,0.356,1.04,0,1,0.332,0.83,0,1,0.313,0.45,0,1,0.346,0.6,0,1,0.34,0.97,0,1,0.334,0.83,0,1
94996,20181026,-96.85,40.7,0.323,0.86,0,1,0.353,1.01,0,1,0.329,0.81,0,1,0.311,0.43,0,1,0.344,0.58,0,1,0.338,0.95,0,1,0.332,0.81,0,1
94996,20181027,-96.85,40.7,0.326,0.87,0,1,0.351,0.99,0,1,0.327,0.79,0,1,0.31,0.43,0,1,0.342,0.56,0,1,0.339,0.95,0,1,0.331,0.8,0,1
94996,20181028,-96.85,40.7,0.329,0.89,0,1,0.35,0.97,0,1,0.325,0.78,0,1,0.309,0.43,0,1,0.341,0.55,0,1,0.34,0.96,0,1,0.331,0.8,0,1
94996,20181029,-96.85,40.7,0.333,0.9,0,1,0.35,0.96,0,1,0.323,0.77,0,1,0.309,0.43,0,1,0.34,0.54,0,1,0.341,0.96,0,1,0.331,0.8,0,1
94996,20181030,-96.85,40.7,0.336,0.9,0,1,0.349,0.94,0,1,0.322,0.77,0,1,0.309,0.43,0,1,0.338,0.54,0,1,0.342,0.96,0,1,0.331,0.79,0,1
94996,20181031,-96.85,40.7,0.339,0.91,0,1,0.349,0.93,0,1,0.321,0.76,0,1,0.308,0.44,0,1,0.337,0.53,0,1,0.344,0.97,0,1,0.331,0.79,0,1
94996,20181101,-96.85,40.7,0.341,0.91,0,1,0.348,0.92,0,1,0.32,0.75,0,1,0.308,0.44,0,1,0.336,0.52,0,1,0.344,0.97,0,1,0.331,0.78,0,1
94996,20181102,-96.85,40.7,0.333,0.85,0,1,0.345,0.89,0,1,0.318,0.74,0,1,0.306,0.44,0,1,0.336,0.52,0,1,0.339,0.92,0,1,0.328,0.75,0,1
94996,20181103,-96.85,40.7,0.323,0.78,0,1,0.34,0.85,0,1,0.316,0.72,0,1,0.304,0.43,0,1,0.335,0.51,0,1,0.332,0.86,0,1,0.324,0.72,0,1
94996,20181104,-96.85,40.7,0.315,0.72,0,1,0.336,0.82,0,1,0.314,0.7,0,1,0.302,0.42,0,1,0.334,0.5,0,1,0.326,0.81,0,1,0.32,0.69,0,1
94996,20181105,-96.85,40.7,0.308,0.67,0,1,0.333,0.78,0,1,0.312,0.67,0,1,0.301,0.41,0,1,0.333,0.5,0,1,0.32,0.76,0,1,0.317,0.66,0,1
94996,20181106,-96.85,40.7,0.313,0.7,0,1,0.332,0.77,0,1,0.31,0.64,0,1,0.301,0.42,0,1,0.332,0.5,0,1,0.322,0.75,0,1,0.317,0.66,0,1
94996,20181107,-96.85,40.7,0.319,0.75,0,1,0.332,0.76,0,1,0.309,0.61,0,1,0.301,0.42,0,1,0.332,0.49,0,1,0.325,0.75,0,1,0.318,0.66,0,1
94996,20181108,-96.85,40.7,0.325,0.79,0,1,0.332,0.75,0,1,0.307,0.57,0,1,0.301,0.43,0,1,0.331,0.49,0,1,0.329,0.76,0,1,0.319,0.66,0,1
94996,20181109,-96.85,40.7,0.331,0.84,0,1,0.334,0.73,0,1,0.306,0.52,0,0.964,0.301,0.43,0,1,0.33,0.49,0,1,0.332,0.76,0,1,0.32,0.67,0,1
94996,20181110,-96.85,40.7,0.338,0.89,0,1,0.335,0.71,0,1,0.305,0.48,0,0.844,0.301,0.44,0,1,0.33,0.49,0,1,0.337,0.77,0,1,0.322,0.67,0,1
94996,20181111,-96.85,40.7,0.345,0.94,0,1,0.336,0.69,0,1,0.303,0.44,0,0.701,0.301,0.44,0,1,0.329,0.48,0,1,0.341,0.78,0,1,0.323,0.67,0,1
94996,20181112,-96.85,40.7,0.352,0.98,0,1,0.338,0.66,0,1,0.302,0.4,0,0.557,0.301,0.45,0,1,0.329,0.48,0,1,0.345,0.8,0,1,0.324,0.67,0,1
94996,20181113,-96.85,40.7,0.349,0.96,0,1,0.337,0.62,0,1,0.301,0.38,0,0.413,0.3,0.45,0,1,0.328,0.48,0,1,0.343,0.78,0,1,0.323,0.65,0,1
94996,20181114,-96.85,40.7,0.345,0.93,0,1,0.336,0.58,0,1,0.3,0.36,0,0.274,0.298,0.44,0,1,0.327,0.48,0,1,0.341,0.76,0,1,0.321,0.63,0,1
94996,20181115,-96.85,40.7,0.343,0.91,0,1,0.335,0.54,0,1,0.299,0.35,0,0.143,0.297,0.44,0,1,0.326,0.48,0,1,0.339,0.74,0,1,0.32,0.62,0,1
94996,20181116,-96.85,40.7,0.342,0.9,0,1,0.335,0.52,0,1,0.298,0.35,0,0.173,0.296,0.44,0,1,0.326,0.48,0,1,0.339,0.74,0,1,0.319,0.61,0,1
94996,20181117,-96.85,40.7,0.34,0.88,0,1,0.336,0.51,0,1,0.298,0.35,0,0.292,0.296,0.44,0,1,0.325,0.49,0,1,0.338,0.73,0,1,0.319,0.61,0,1
94996,20181118,-96.85,40.7,0.339,0.87,0,1,0.336,0.51,0,1,0.298,0.36,0,0.435,0.295,0.44,0,1,0.325,0.5,0,1,0.338,0.73,0,1,0.319,0.61,0,1
94996,20181119,-96.85,40.7,0.338,0.86,0,1,0.336,0.51,0,1,0.298,0.36,0,0.577,0.295,0.44,0,1,0.325,0.51,0,1,0.337,0.73,0,1,0.318,0.6,0,1
94996,20181120,-96.85,40.7,0.338,0.86,0,1,0.337,0.52,0,1,0.298,0.37,0,0.72,0.295,0.44,0,1,0.324,0.52,0,1,0.338,0.73,0,1,0.318,0.61,0,1
94996,20181121,-96.85,40.7,0.339,0.87,0,1,0.339,0.53,0,1,0.299,0.37,0,0.863,0.295,0.45,0,1,0.324,0.52,0,1,0.339,0.74,0,1,0.319,0.61,0,1
94996,20181122,-96.85,40.7,0.34,0.88,0,1,0.339,0.55,0,1,0.299,0.38,0,0.994,0.295,0.45,0,1,0.324,0.53,0,1,0.34,0.75,0,1,0.32,0.61,0,1
94996,20181123,-96.85,40.7,0.341,0.9,0,1,0.34,0.55,0,1,0.3,0.39,0,1,0.296,0.46,0,1,0.324,0.54,0,1,0.341,0.77,0,1,0.32,0.61,0,1
94996,20181124,-96.85,40.7,0.343,0.92,0,1,0.341,0.56,0,1,0.3,0.39,0,1,0.296,0.46,0,1,0.324,0.54,0,1,0.342,0.79,0,1,0.321,0.62,0,1
94996,20181125,-96.85,40.7,0.345,0.96,0,1,0.342,0.57,0,1,0.301,0.4,0,1,0.297,0.47,0,1,0.324,0.54,0,1,0.343,0.83,0,1,0.322,0.62,0,1
94996,20181126,-96.85,40.7,0.348,1.03,0,1,0.344,0.59,0,1,0.302,0.4,0,1,0.297,0.47,0,1,0.324,0.55,0,1,0.346,0.88,0,1,0.323,0.63,0,1
94996,20181127,-96.85,40.7,0.35,1.12,0,1,0.345,0.6,0,1,0.302,0.41,0,1,0.298,0.48,0,1,0.324,0.55,0,1,0.347,0.94,0,1,0.324,0.64,0,1
94996,20181128,-96.85,40.7,0.352,1.22,0,1,0.345,0.61,0,1,0.303,0.41,0,1,0.298,0.48,0,1,0.324,0.56,0,1,0.349,1,0,1,0.324,0.64,0,1
94996,20181129,-96.85,40.7,0.354,1.32,0,1,0.346,0.61,0,1,0.303,0.41,0,1,0.298,0.48,0,1,0.324,0.56,0,1,0.35,1.06,0,1,0.325,0.65,0,1
94996,20181130,-96.85,40.7,0.356,1.43,0,1,0.346,0.62,0,1,0.302,0.4,0,1,0.298,0.49,0,1,0.324,0.56,0,1,0.351,1.13,0,1,0.325,0.65,0,1
94996,20181201,-96.85,40.7,0.363,1.6,0,1,0.351,0.67,0,1,0.307,0.44,0,1,0.301,0.51,0,1,0.326,0.58,0,1,0.357,1.25,0,1,0.33,0.7,0,1
94996,20181202,-96.85,40.7,0.393,2.04,0,1,0.373,0.86,0,1,0.327,0.62,0,1,0.312,0.61,0,1,0.342,0.75,0,1,0.383,1.62,0,1,0.349,0.92,0,1
94996,20181203,-96.85,40.7,0.416,2.37,0,1,0.393,1.04,0,1,0.348,0.79,0,1,0.324,0.71,0,1,0.358,0.91,0,1,0.405,1.96,0,1,0.368,1.12,0,1
94996,20181204,-96.85,40.7,0.433,2.58,0,1,0.412,1.21,0,1,0.366,0.94,0,1,0.334,0.8,0,1,0.373,1.07,0,1,0.423,2.23,0,1,0.384,1.29,0,1
94996,20181205,-96.85,40.7,0.446,2.73,0,1,0.429,1.35,0,1,0.383,1.07,0,1,0.343,0.88,0,1,0.389,1.23,0,1,0.438,2.45,0,1,0.398,1.44,0,1
94996,20181206,-96.85,40.7,0.457,2.83,0,1,0.443,1.47,0,1,0.399,1.19,0,1,0.35,0.94,0,1,0.404,1.39,0,1,0.45,2.63,0,1,0.411,1.57,0,1
94996,20181207,-96.85,40.7,0.466,2.9,0,1,0.454,1.57,0,1,0.413,1.29,0,1,0.356,0.99,0,1,0.418,1.53,0,1,0.46,2.76,0,1,0.421,1.68,0,1
94996,20181208,-96.85,40.7,0.467,2.88,0,1,0.458,1.64,0,1,0.42,1.33,0,1,0.359,1.02,0,1,0.428,1.64,0,1,0.463,2.79,0,1,0.427,1.72,0,1
94996,20181209,-96.85,40.7,0.446,2.55,0,1,0.445,1.55,0,1,0.409,1.21,0,1,0.353,0.97,0,1,0.423,1.59,0,1,0.445,2.55,0,1,0.415,1.56,0,1
94996,20181210,-96.85,40.7,0.428,2.27,0,1,0.43,1.44,0,1,0.397,1.07,0,1,0.346,0.91,0,1,0.418,1.54,0,1,0.429,2.32,0,1,0.404,1.41,0,1
94996,20181211,-96.85,40.7,0.417,2.09,0,1,0.417,1.35,0,1,0.386,0.95,0,1,0.34,0.85,0,1,0.411,1.48,0,1,0.417,2.13,0,1,0.394,1.27,0,1
94996,20181212,-96.85,40.7,0.409,1.95,0,1,0.407,1.29,0,1,0.376,0.83,0,1,0.335,0.81,0,1,0.405,1.41,0,1,0.408,1.98,0,1,0.386,1.17,0,1
94996,20181213,-96.85,40.7,0.405,1.86,0,1,0.399,1.25,0,1,0.369,0.74,0,1,0.332,0.78,0,1,0.398,1.35,0,1,0.402,1.87,0,1,0.381,1.09,0,1
94996,20181214,-96.85,40.7,0.403,1.78,0,1,0.395,1.24,0,1,0.363,0.67,0,1,0.329,0.75,0,1,0.394,1.3,0,1,0.399,1.79,0,1,0.377,1.04,0,1
94996,20181215,-96.85,40.7,0.401,1.72,0,1,0.392,1.22,0,1,0.358,0.61,0,1,0.327,0.73,0,1,0.389,1.26,0,1,0.397,1.72,0,1,0.373,1.03,0,1
94996,20181216,-96.85,40.7,0.401,1.66,0,1,0.39,1.21,0,1,0.355,0.58,0,1,0.325,0.71,0,1,0.383,1.2,0,1,0.395,1.66,0,1,0.371,1.04,0,1
94996,20181217,-96.85,40.7,0.4,1.62,0,1,0.389,1.22,0,1,0.353,0.56,0,1,0.324,0.7,0,1,0.377,1.14,0,1,0.394,1.61,0,1,0.369,1.06,0,1
94996,20181218,-96.85,40.7,0.399,1.59,0,1,0.388,1.23,0,1,0.351,0.56,0,1,0.323,0.68,0,1,0.372,1.1,0,1,0.394,1.56,0,1,0.367,1.08,0,1
94996,20181219,-96.85,40.7,0.398,1.56,0,1,0.388,1.25,0,1,0.35,0.55,0,1,0.322,0.67,0,1,0.367,1.05,0,1,0.393,1.53,0,1,0.365,1.11,0,1
94996,20181220,-96.85,40.7,0.395,1.52,0,1,0.386,1.24,0,1,0.348,0.54,0,1,0.32,0.65,0,1,0.362,1,0,1,0.39,1.49,0,1,0.362,1.13,0,1
94996,20181221,-96.85,40.7,0.392,1.47,0,1,0.384,1.22,0,1,0.346,0.53,0,1,0.318,0.63,0,1,0.357,0.94,0,1,0.388,1.44,0,1,0.359,1.14,0,1
94996,20181222,-96.85,40.7,0.39,1.44,0,1,0.382,1.2,0,1,0.344,0.52,0,1,0.316,0.62,0,1,0.353,0.9,0,1,0.386,1.4,0,1,0.357,1.14,0,1
94996,20181223,-96.85,40.7,0.387,1.42,0,1,0.38,1.17,0,1,0.342,0.52,0,1,0.315,0.61,0,1,0.35,0.88,0,1,0.384,1.35,0,1,0.355,1.13,0,1
94996,20181224,-96.85,40.7,0.385,1.39,0,1,0.378,1.12,0,1,0.34,0.51,0,1,0.314,0.61,0,1,0.348,0.86,0,1,0.382,1.28,0,1,0.353,1.11,0,1
94996,20181225,-96.85,40.7,0.383,1.41,0,1,0.377,1.07,0,1,0.338,0.5,0,1,0.313,0.6,0,1,0.347,0.82,0,1,0.38,1.22,0,1,0.352,1.12,0,1
94996,20181226,-96.85,40.7,0.38,,,,0.375,1.02,0,1,0.337,0.48,0,0.881,0.312,0.6,0,1,0.345,0.78,0,1,0.378,,,,0.35,,,
94996,20181227,-96.85,40.7,0.388,,,,0.38,1.02,0,1,0.342,0.52,0,0.827,0.315,0.63,0,1,0.349,0.8,0,1,0.384,,,,0.355,,,
94996,20181228,-96.85,40.7,0.406,,,,0.391,1.01,0,1,0.354,0.62,0,0.827,0.321,0.69,0,1,0.36,0.91,0,1,0.399,,,,0.366,,,
94996,20181229,-96.85,40.7,0.419,,,,0.401,0.99,0,1,0.365,0.72,0,0.827,0.327,0.75,0,1,0.37,1.03,0,1,0.41,,,,0.376,,,
94996,20181230,-96.85,40.7,0.427,,,,0.408,0.98,0,1,0.373,0.78,0,0.827,0.331,0.8,0,1,0.381,1.16,0,1,0.418,,,,0.384,,,
94996,20181231,-96.85,40.7,0.44,,,,0.413,0.99,0,1,0.379,0.82,0,0.827,0.334,0.83,0,1,0.39,1.27,0,1,0.427,,,,0.391,,,
94996,20190101,-96.85,40.7,0.45,,,,0.418,1.04,0,1,0.383,0.86,0,0.827,0.337,0.86,0,1,0.398,1.38,0,1,0.435,,,,0.398,,,
94996,20190102,-96.85,40.7,,,,,0.419,1.27,0,1,0.385,0.87,0,0.935,0.339,0.89,0,1,0.403,1.47,0,1,,,,,,,,
94996,20190103,-96.85,40.7,,,,,0.412,,,,0.381,0.82,0,0.887,0.337,0.87,0,1,0.401,1.47,0,1,,,,,,,,
94996,20190104,-96.85,40.7,,,,,0.399,,,,0.375,0.76,0,0.851,0.331,0.82,0,1,0.392,1.37,0,1,,,,,,,,
94996,20190105,-96.85,40.7,,,,,0.387,,,,0.363,0.64,0,0.708,0.325,0.77,0,1,0.382,1.25,0,1,,,,,,,,
94996,20190106,-96.85,40.7,,,,,0.38,,,,0.355,0.55,0,0.565,0.321,0.74,0,1,0.372,1.12,0,1,,,,,,,,
94996,20190107,-96.85,40.7,,,,,0.379,,,,0.351,0.48,0,0.423,0.318,0.72,0,1,0.364,1.02,0,1,,,,,,,,
94996,20190108,-96.85,40.7,,,,,0.378,,,,0.348,0.44,0,0.288,0.317,0.71,0,1,0.357,0.94,0,1,,,,,,,,
94996,20190109,-96.85,40.7,,,,,0.38,,,,0.348,0.43,0,0.18,0.316,0.71,0,1,0.353,0.89,0,1,,,,,,,,
94996,20190110,-96.85,40.7,,,,,0.382,,,,0.347,0.42,0,0.157,0.316,0.72,0,1,0.351,0.87,0,1,,,,,,,,
94996,20190111,-96.85,40.7,,,,,0.385,,,,0.341,0.32,0,0,0.315,0.73,0,1,0.349,0.86,0,1,,,,,,,,
94996,20190112,-96.85,40.7,0.381,,,,0.387,,,,0.341,0.32,0,0,0.315,0.76,0,1,0.347,0.86,0,1,0.385,,,,0.355,,,
94996,20190113,-96.85,40.7,0.38,,,,0.388,,,,0.34,0.32,0,0,0.315,0.78,0,1,0.346,0.86,0,1,0.384,,,,0.354,,,
94996,20190114,-96.85,40.7,0.381,,,,0.385,,,,0.339,0.35,0,0,0.315,0.8,0,1,0.345,0.85,0,1,0.383,,,,0.353,,,
94996,20190115,-96.85,40.7,0.38,,,,0.383,,,,0.337,,,,0.313,0.82,0,1,0.344,0.85,0,1,0.381,,,,0.351,,,
94996,20190116,-96.85,40.7,0.379,,,,0.382,,,,0.336,,,,0.312,0.84,0,1,0.343,0.84,0,1,0.38,,,,0.35,,,
94996,20190117,-96.85,40.7,0.38,,,,0.382,,,,0.335,,,,0.312,0.86,0,1,0.342,0.83,0,1,0.381,,,,0.35,,,
94996,20190118,-96.85,40.7,0.381,,,,0.383,,,,0.335,,,,0.312,0.89,0,1,0.341,0.82,0,1,0.382,,,,0.351,,,
94996,20190119,-96.85,40.7,0.383,,,,0.384,,,,0.336,,,,0.312,0.92,0,1,0.341,0.81,0,1,0.383,,,,0.351,,,
94996,20190120,-96.85,40.7,0.384,,,,0.384,,,,0.336,,,,0.312,0.94,0,1,0.34,0.81,0,1,0.384,,,,0.351,,,
94996,20190121,-96.85,40.7,0.388,,,,0.384,,,,0.336,,,,0.312,0.95,0,1,0.34,0.8,0,1,0.386,,,,0.352,,,
94996,20190122,-96.85,40.7,0.398,,,,0.384,,,,0.335,,,,0.312,0.95,0,1,0.34,0.79,0,1,0.391,,,,0.354,,,
94996,20190123,-96.85,40.7,0.406,,,,0.382,,,,0.334,,,,0.312,0.95,0,1,0.34,0.78,0,1,0.394,,,,0.355,,,
94996,20190124,-96.85,40.7,0.413,,,,0.38,,,,0.333,,,,0.311,0.93,0,1,0.339,0.77,0,1,0.397,,,,0.355,,,
94996,20190125,-96.85,40.7,0.415,,,,0.378,,,,0.331,,,,0.31,0.9,0,1,0.34,0.76,0,1,0.397,,,,0.355,,,
94996,20190126,-96.85,40.7,0.413,,,,0.377,,,,0.33,,,,0.31,0.86,0,1,0.339,0.76,0,1,0.395,,,,0.354,,,
94996,20190127,-96.85,40.7,0.412,,,,0.376,,,,0.329,,,,0.309,0.82,0,1,0.339,0.75,0,1,0.394,,,,0.353,,,
94996,20190128,-96.85,40.7,0.408,,,,0.375,,,,0.328,,,,0.308,0.79,0,1,0.339,0.74,0,1,0.392,,,,0.352,,,
94996,20190129,-96.85,40.7,0.4,,,,0.377,,,,0.329,,,,0.308,0.76,0,1,0.339,0.74,0,1,0.389,,,,0.35,,,
94996,20190130,-96.85,40.7,0.395,,,,0.378,,,,0.329,,,,0.308,0.74,0,1,0.339,0.74,0,1,0.386,,,,0.35,,,
94996,20190131,-96.85,40.7,0.388,,,,0.377,,,,0.336,,,,0.308,0.72,0,1,0.339,0.74,0,1,0.383,,,,0.35,,,
94996,20190201,-96.85,40.7,0.381,,,,0.375,,,,0.345,,,,0.308,0.71,0,1,0.339,0.74,0,1,0.378,,,,0.35,,,
94996,20190202,-96.85,40.7,0.376,,,,0.374,,,,0.354,,,,0.308,0.7,0,1,0.339,0.73,0,1,0.375,,,,0.35,,,
94996,20190203,-96.85,40.7,0.386,,,,0.38,,,,0.372,,,,0.314,0.78,0,1,0.348,0.85,0,1,0.383,,,,0.36,,,
94996,20190204,-96.85,40.7,0.405,,,,0.39,,,,0.389,,,,0.321,0.89,0,1,0.36,1.02,0,1,0.397,,,,0.373,,,
94996,20190205,-96.85,40.7,0.416,,,,0.398,,,,0.399,,,,0.328,1,0,1,0.372,1.18,0,1,0.407,,,,0.382,,,
94996,20190206,-96.85,40.7,0.418,,,,0.401,,,,0.411,,,,0.332,1.08,0,1,0.383,1.32,0,1,0.409,,,,0.387,,,
94996,20190207,-96.85,40.7,,,,,0.403,,,,0.419,,,,0.335,1.13,0,1,0.392,1.42,0,1,,,,,,,,
94996,20190208,-96.85,40.7,,,,,0.41,,,,0.423,,,,0.337,1.16,0,1,0.399,1.5,0,1,,,,,,,,
94996,20190209,-96.85,40.7,,,,,,,,,0.425,,,,0.338,1.19,0,1,0.402,1.52,0,1,,,,,,,,
94996,20190210,-96.85,40.7,,,,,,,,,0.417,,,,0.333,1.11,0,1,0.396,1.41,0,1,,,,,,,,
94996,20190211,-96.85,40.7,,,,,,,,,0.41,,,,0.327,1,0,1,0.386,1.23,0,1,,,,,,,,
94996,20190212,-96.85,40.7,,,,,,,,,0.41,,,,0.32,0.89,0,1,0.375,1.06,0,1,,,,,,,,
94996,20190213,-96.85,40.7,,,,,,,,,0.406,,,,0.315,0.81,0,1,0.365,0.89,0,1,,,,,,,,
94996,20190214,-96.85,40.7,,,,,,,,,0.401,,,,0.312,0.74,0,1,0.357,0.76,0,1,,,,,,,,
94996,20190215,-96.85,40.7,,,,,,,,,0.397,,,,0.31,0.69,0,1,0.351,0.65,0,1,,,,,,,,
94996,20190216,-96.85,40.7,,,,,,,,,,,,,0.307,0.63,0,0.952,0.348,0.6,0,1,,,,,,,,
94996,20190217,-96.85,40.7,,,,,,,,,,,,,0.302,0.54,0,0.81,0.346,0.55,0,1,,,,,,,,
94996,20190218,-96.85,40.7,,,,,,,,,,,,,0.298,0.44,0,0.667,0.345,0.51,0,1,,,,,,,,
94996,20190219,-96.85,40.7,,,,,,,,,,,,,0.293,0.35,0,0.524,0.343,0.48,0,1,,,,,,,,
94996,20190220,-96.85,40.7,,,,,,,,,,,,,0.289,0.26,0,0.381,0.342,0.45,0,1,,,,,,,,
94996,20190221,-96.85,40.7,,,,,,,,,,,,,0.285,0.18,0,0.238,0.341,0.43,0,1,,,,,,,,
94996,20190222,-96.85,40.7,,,,,,,,,,,,,0.28,0.09,0,0.095,0.341,0.4,0,1,,,,,,,,
94996,20190223,-96.85,40.7,,,,,,,,,,,,,0.277,0.03,0,0,0.34,0.39,0,1,,,,,,,,
94996,20190224,-96.85,40.7,,,,,,,,,,,,,0.276,0.02,0,0,0.339,0.38,0,1,,,,,,,,
94996,20190225,-96.85,40.7,,,,,,,,,,,,,0.276,0.01,0,0,0.339,0.38,0,1,,,,,,,,
94996,20190226,-96.85,40.7,,,,,,,,,,,,,0.277,0.02,0,0.03,0.338,0.38,0,1,,,,,,,,
94996,20190227,-96.85,40.7,,,,,,,,,,,,,0.279,0.06,0,0.119,0.338,0.38,0,1,,,,,,,,
94996,20190228,-96.85,40.7,,,,,,,,,,,,,0.282,0.11,0,0.25,0.337,0.38,0,1,,,,,,,,
94996,20190301,-96.85,40.7,,,,,,,,,,,,,0.286,0.18,0,0.393,0.337,0.38,0,1,,,,,,,,
94996,20190302,-96.85,40.7,,,,,,,,,,,,,0.289,0.24,0,0.536,0.337,0.39,0,1,,,,,,,,
94996,20190303,-96.85,40.7,,,,,,,,,,,,,0.293,0.31,0,0.679,0.337,0.39,0,1,,,,,,,,
94996,20190304,-96.85,40.7,,,,,,,,,,,,,0.297,0.37,0,0.821,0.336,0.39,0,1,,,,,,,,
94996,20190305,-96.85,40.7,,,,,,,,,,,,,0.3,0.42,0,0.935,0.336,0.39,0,1,,,,,,,,
94996,20190306,-96.85,40.7,,,,,,,,,,,,,0.301,0.44,0,0.988,0.336,0.39,0,0.988,,,,,,,,
94996,20190307,-96.85,40.7,,,,,,,,,0.387,0.69,0,1,0.302,0.44,0,1,0.336,0.38,0,0.94,,,,,,,,
94996,20190308,-96.85,40.7,,,,,,,,,0.386,0.69,0,1,0.302,0.43,0,1,0.335,0.38,0,0.845,,,,,,,,
94996,20190309,-96.85,40.7,,,,,,,,,0.385,0.68,0,1,0.302,0.42,0,0.887,0.335,0.37,0,0.702,,,,,,,,
94996,20190310,-96.85,40.7,,,,,,,,,0.39,0.75,0,1,0.304,0.42,0,0.881,0.339,0.42,0,0.667,,,,,,,,
94996,20190311,-96.85,40.7,,,,,,,,,0.398,0.84,0,1,0.306,0.43,0,0.881,0.344,0.51,0,0.667,,,,,,,,
94996,20190312,-96.85,40.7,,,,,,,,,0.408,0.95,0,1,0.31,0.45,0,0.881,0.35,0.61,0,0.667,,,,,,,,
94996,20190313,-96.85,40.7,,,,,,,,,0.42,1.1,0,1,0.317,0.54,0,0.881,0.361,0.79,0,0.679,,,,,,,,
94996,20190314,-96.85,40.7,,,,,,,,,0.431,1.22,0,1,0.324,0.61,0,0.87,0.371,0.96,0,0.716,,,,,,,,
94996,20190315,-96.85,40.7,,,,,,,,,0.443,1.36,0,1,0.332,0.69,0,0.86,0.382,1.15,0,0.809,,,,,,,,
94996,20190316,-96.85,40.7,,,,,,,,,0.456,1.51,0,1,0.34,0.76,0,0.981,0.395,1.35,0,0.962,,,,,,,,
94996,20190317,-96.85,40.7,,,,,,,,,0.455,1.49,0,1,0.345,0.8,0,0.987,0.404,1.49,0,1,,,,,,,,
94996,20190318,-96.85,40.7,,,,,,,,,0.446,1.36,0,0.962,0.349,0.82,0,0.987,0.41,1.57,0,1,,,,,,,,
94996,20190319,-96.85,40.7,,,,,,,,,0.434,1.19,0,0.809,0.351,0.81,0,0.987,0.413,1.61,0,1,,,,,,,,
94996,20190320,-96.85,40.7,0.448,3.27,0,1,0.438,3.04,0,1,0.427,1.07,0,0.79,0.351,0.78,0,0.987,0.415,1.6,0,1,0.442,3.33,0,1,0.414,2.17,0,1
94996,20190321,-96.85,40.7,0.449,3.24,0,1,0.44,3.05,0,1,0.422,0.99,0,0.798,0.351,0.75,0,0.994,0.415,1.59,0,1,0.444,3.33,0,1,0.415,2.13,0,1
94996,20190322,-96.85,40.7,0.445,3.1,0,1,0.439,2.95,0,1,0.416,0.88,0,0.804,0.35,0.72,0,1,0.416,1.58,0,1,0.442,3.2,0,1,0.413,2.01,0,1
94996,20190323,-96.85,40.7,0.443,3,0,1,0.438,2.86,0,1,0.406,0.74,0,0.804,0.349,0.7,0,1,0.416,1.56,0,1,0.44,3.09,0,1,0.41,1.89,0,1
94996,20190324,-96.85,40.7,0.445,2.97,0,1,0.438,2.81,0,1,0.403,0.69,0,0.804,0.349,0.69,0,1,0.415,1.54,0,1,0.441,3.04,0,1,0.41,1.85,0,1
94996,20190325,-96.85,40.7,0.452,3.03,0,1,0.442,2.86,0,1,0.408,0.74,0,0.839,0.351,0.7,0,1,0.417,1.54,0,1,0.447,3.09,0,1,0.414,1.9,0,1
94996,20190326,-96.85,40.7,0.458,3.07,0,1,0.446,2.92,0,1,0.412,0.78,0,0.982,0.354,0.72,0,1,0.42,1.58,0,1,0.452,3.13,0,1,0.418,1.95,0,1
94996,20190327,-96.85,40.7,0.449,2.84,0,1,0.443,2.8,0,1,0.408,0.74,0,1,0.352,0.69,0,1,0.419,1.56,0,1,0.446,2.92,0,1,0.414,1.87,0,1
94996,20190328,-96.85,40.7,0.441,2.63,0,1,0.439,2.67,0,1,0.402,0.67,0,1,0.35,0.64,0,1,0.417,1.52,0,1,0.44,2.72,0,1,0.41,1.78,0,1
94996,20190329,-96.85,40.7,0.436,2.49,0,1,0.434,2.54,0,1,0.397,0.61,0,0.946,0.348,0.6,0,1,0.414,1.48,0,1,0.435,2.56,0,1,0.406,1.7,0,1
94996,20190330,-96.85,40.7,0.434,2.44,0,1,0.432,2.47,0,1,0.395,0.58,0,0.905,0.348,0.57,0,1,0.411,1.44,0,1,0.433,2.48,0,1,0.404,1.64,0,1
94996,20190331,-96.85,40.7,0.432,2.37,0,1,0.43,2.4,0,1,0.393,0.56,0,0.905,0.347,0.54,0,1,0.409,1.41,0,1,0.431,2.39,0,1,0.402,1.6,0,1
94996,20190401,-96.85,40.7,0.425,2.21,0,1,0.425,2.24,0,1,0.386,0.49,0,0.851,0.344,0.49,0,1,0.406,1.38,0,1,0.425,2.22,0,1,0.397,1.5,0,1
94996,20190402,-96.85,40.7,0.42,2.08,0,1,0.42,2.1,0,1,0.381,0.43,0,0.708,0.342,0.44,0,0.982,0.402,1.33,0,1,0.42,2.07,0,1,0.393,1.41,0,1
94996,20190403,-96.85,40.7,0.416,1.97,0,1,0.416,1.97,0,1,0.377,0.39,0,0.565,0.34,0.4,0,0.875,0.4,1.29,0,1,0.416,1.95,0,1,0.39,1.34,0,1
94996,20190404,-96.85,40.7,0.412,1.85,0,1,0.412,1.85,0,1,0.373,0.35,0,0.423,0.338,0.37,0,0.732,0.395,1.21,0,1,0.412,1.83,0,1,0.386,1.26,0,1
94996,20190405,-96.85,40.7,0.409,1.74,0,1,0.409,1.75,0,1,0.37,0.31,0,0.333,0.336,0.34,0,0.589,0.39,1.13,0,1,0.409,1.72,0,1,0.383,1.19,0,1
94996,20190406,-96.85,40.7,0.404,1.61,0,1,0.405,1.62,0,1,0.366,0.28,0,0.232,0.333,0.3,0,0.446,0.385,1.04,0,1,0.404,1.59,0,1,0.378,1.1,0,1
94996,20190407,-96.85,40.7,0.401,1.51,0,1,0.402,1.53,0,1,0.363,0.24,0,0.137,0.332,0.27,0,0.357,0.38,0.94,0,1,0.402,1.5,0,1,0.376,1.04,0,1
94996,20190408,-96.85,40.7,0.402,1.46,0,1,0.403,1.51,0,1,0.363,0.25,0,0.143,0.332,0.27,0,0.357,0.378,0.91,0,1,0.402,1.47,0,1,0.376,1.03,0,1
94996,20190409,-96.85,40.7,0.402,1.42,0,1,0.402,1.47,0,1,0.362,0.25,0,0.143,0.332,0.27,0,0.375,0.375,0.85,0,1,0.402,1.43,0,1,0.375,1,0,1
94996,20190410,-96.85,40.7,0.4,1.37,0,1,0.4,1.42,0,1,0.362,0.25,0,0.143,0.331,0.26,0,0.446,0.371,0.78,0,1,0.4,1.39,0,1,0.373,0.96,0,1
94996,20190411,-96.85,40.7,0.397,1.32,0,1,0.398,1.36,0,1,0.361,0.25,0,0.143,0.331,0.26,0,0.47,0.37,0.76,0,1,0.398,1.34,0,1,0.372,0.94,0,1
94996,20190412,-96.85,40.7,0.393,1.28,0,1,0.396,1.31,0,1,0.36,0.24,0,0.143,0.33,0.25,0,0.47,0.369,0.73,0,1,0.395,1.29,0,1,0.37,0.91,0,1
94996,20190413,-96.85,40.7,0.389,1.23,0,1,0.394,1.25,0,1,0.359,0.24,0,0.143,0.329,0.24,0,0.47,0.368,0.71,0,0.946,0.392,1.25,0,1,0.368,0.87,0,1
94996,20190414,-96.85,40.7,0.382,1.15,0,1,0.389,1.15,0,1,0.356,0.21,0,0.095,0.327,0.21,0,0.417,0.366,0.67,0,0.804,0.386,1.17,0,1,0.364,0.81,0,1
94996,20190415,-96.85,40.7,0.372,1.04,0,1,0.382,1.01,0,1,0.351,0.16,0,0,0.323,0.17,0,0.274,0.36,0.57,0,0.661,0.377,1.05,0,1,0.357,0.7,0,1
94996,20190416,-96.85,40.7,0.363,0.93,0,1,0.376,0.89,0,1,0.347,0.12,0,0,0.32,0.14,0,0.131,0.356,0.5,0,0.518,0.369,0.95,0,1,0.352,0.61,0,1
94996,20190417,-96.85,40.7,0.355,0.84,0,1,0.371,0.8,0,1,0.344,0.09,0,0,0.317,0.11,0,0.024,0.354,0.44,0,0.375,0.363,0.86,0,1,0.348,0.54,0,0.911
94996,20190418,-96.85,40.7,0.347,0.75,0,1,0.366,0.71,0,1,0.342,0.06,0,0,0.316,0.09,0,0,0.351,0.39,0,0.232,0.357,0.78,0,1,0.344,0.47,0,0.774
94996,20190419,-96.85,40.7,0.338,0.65,0,0.869,0.361,0.62,0,0.899,0.339,0.04,0,0,0.314,0.07,0,0,0.349,0.35,0,0.089,0.349,0.69,0,0.923,0.34,0.4,0,0.631
94996,20190420,-96.85,40.7,0.327,0.53,0,0.726,0.355,0.52,0,0.756,0.337,0.02,0,0,0.312,0.06,0,0,0.348,0.32,0,0,0.341,0.58,0,0.78,0.336,0.33,0,0.488
94996,20190421,-96.85,40.7,0.315,0.41,0,0.583,0.349,0.41,0,0.613,0.335,0,0,0,0.31,0.04,0,0,0.347,0.29,0,0,0.332,0.46,0,0.637,0.331,0.25,0,0.345
94996,20190422,-96.85,40.7,0.302,0.27,0,0.44,0.34,0.29,0,0.47,0.332,-0.03,0,0,0.308,0.02,0,0,0.346,0.26,0,0,0.321,0.33,0,0.494,0.326,0.16,0,0.202
94996,20190423,-96.85,40.7,0.289,0.13,0,0.298,0.332,0.16,0,0.327,0.33,-0.06,0,0,0.306,0,0,0,0.345,0.24,0,0,0.31,0.2,0,0.351,0.32,0.07,0,0.06
94996,20190424,-96.85,40.7,0.277,0.01,0,0.155,0.323,0.03,0,0.185,0.326,-0.09,0,0,0.304,-0.02,0,0,0.344,0.22,0,0,0.3,0.07,0,0.208,0.315,-0.02,0,0.006
94996,20190425,-96.85,40.7,0.265,-0.1,0,0.012,0.313,-0.11,0.125,0.042,0.322,-0.13,0,0,0.301,-0.04,0,0,0.343,0.19,0,0,0.289,-0.06,0.018,0.065,0.309,-0.12,0,0
94996,20190426,-96.85,40.7,0.255,-0.21,0.018,0,0.304,-0.23,0.268,0,0.318,-0.17,0,0,0.298,-0.07,0,0,0.341,0.16,0,0,0.279,-0.18,0.113,0,0.303,-0.2,0.065,0
94996,20190427,-96.85,40.7,0.245,-0.3,0.161,0,0.295,-0.35,0.411,0,0.314,-0.21,0.089,0,0.295,-0.1,0,0,0.34,0.12,0,0,0.27,-0.28,0.256,0,0.298,-0.29,0.208,0
94996,20190428,-96.85,40.7,0.237,-0.37,0.304,0,0.287,-0.44,0.554,0,0.31,-0.26,0.232,0,0.293,-0.12,0,0,0.338,0.09,0,0,0.262,-0.37,0.399,0,0.293,-0.37,0.351,0
94996,20190429,-96.85,40.7,0.23,-0.43,0.446,0,0.28,-0.52,0.696,0,0.305,-0.3,0.375,0,0.29,-0.15,0,0,0.337,0.06,0,0,0.255,-0.44,0.542,0,0.288,-0.44,0.494,0
94996,20190430,-96.85,40.7,0.225,-0.47,0.589,0,0.273,-0.58,0.839,0,0.3,-0.35,0.518,0,0.287,-0.18,0,0,0.336,0.03,0,0,0.249,-0.5,0.685,0,0.284,-0.5,0.637,0
94996,20190501,-96.85,40.7,0.22,-0.52,0.732,0,0.267,-0.63,0.982,0,0.296,-0.39,0.661,0,0.284,-0.21,0,0,0.334,0,0,0,0.243,-0.55,0.827,0,0.28,-0.55,0.78,0
94996,20190502,-96.85,40.7,0.216,-0.55,0.875,0,0.263,-0.66,1,0,0.292,-0.43,0.804,0,0.281,-0.24,0,0,0.333,-0.02,0,0,0.239,-0.58,0.952,0,0.277,-0.59,0.923,0
94996,20190503,-96.85,40.7,0.213,-0.57,1,0,0.259,-0.68,1,0,0.289,-0.46,0.946,0,0.279,-0.26,0,0,0.332,-0.04,0,0,0.236,-0.6,1,0,0.274,-0.62,1,0
94996,20190504,-96.85,40.7,0.211,-0.58,1,0,0.256,-0.69,1,0,0.286,-0.48,1,0,0.277,-0.28,0,0,0.331,-0.06,0,0,0.233,-0.61,1,0,0.272,-0.64,1,0
94996,20190505,-96.85,40.7,0.209,-0.59,1,0,0.253,-0.69,1,0,0.283,-0.51,1,0,0.275,-0.31,0,0,0.33,-0.08,0,0,0.231,-0.62,1,0,0.27,-0.65,1,0
94996,20190506,-96.85,40.7,0.224,-0.45,0.923,0.077,0.26,-0.6,0.923,0.071,0.281,-0.53,0.976,0,0.276,-0.3,0.012,0,0.328,-0.11,0,0,0.242,-0.49,0.923,0.077,0.274,-0.58,0.923,0.03
94996,20190507,-96.85,40.7,0.256,-0.17,0.78,0.22,0.28,-0.38,0.78,0.214,0.291,-0.44,0.839,0.065,0.285,-0.23,0.012,0.06,0.329,-0.1,0,0,0.268,-0.22,0.78,0.22,0.288,-0.39,0.78,0.131
94996,20190508,-96.85,40.7,0.287,0.11,0.637,0.363,0.303,-0.13,0.637,0.357,0.305,-0.32,0.696,0.077,0.295,-0.15,0.012,0.077,0.334,-0.05,0,0.006,0.295,0.06,0.637,0.363,0.305,-0.18,0.637,0.274
94996,20190509,-96.85,40.7,0.33,0.48,0.494,0.506,0.335,0.2,0.494,0.5,0.328,-0.13,0.554,0.22,0.309,-0.04,0.012,0.22,0.348,0.1,0,0.149,0.333,0.43,0.494,0.506,0.33,0.13,0.494,0.417
94996,20190510,-96.85,40.7,0.366,0.78,0.351,0.649,0.364,0.49,0.351,0.643,0.348,0.03,0.411,0.363,0.321,0.05,0.012,0.357,0.362,0.26,0,0.292,0.365,0.73,0.351,0.649,0.352,0.39,0.351,0.56
94996,20190511,-96.85,40.7,0.397,1.03,0.208,0.792,0.389,0.74,0.208,0.786,0.364,0.16,0.268,0.429,0.332,0.14,0.012,0.381,0.374,0.38,0,0.435,0.393,0.99,0.208,0.792,0.371,0.61,0.208,0.702
94996,20190512,-96.85,40.7,0.429,1.29,0.065,0.935,0.415,0.98,0.065,0.929,0.38,0.29,0.125,0.44,0.343,0.22,0.012,0.387,0.385,0.49,0,0.577,0.422,1.25,0.065,0.935,0.39,0.82,0.065,0.845
94996,20190513,-96.85,40.7,0.446,1.41,0,1,0.432,1.14,0,1,0.397,0.42,0.006,0.482,0.351,0.29,0,0.423,0.397,0.61,0,0.72,0.439,1.38,0,1,0.405,0.97,0,0.958
94996,20190514,-96.85,40.7,0.443,1.36,0,1,0.434,1.13,0,1,0.4,0.43,0,0.417,0.351,0.28,0,0.363,0.406,0.68,0,0.827,0.439,1.33,0,1,0.407,0.97,0,1
94996,20190515,-96.85,40.7,0.438,1.28,0,1,0.431,1.09,0,1,0.399,0.4,0,0.405,0.35,0.25,0,0.345,0.408,0.67,0,0.821,0.435,1.26,0,1,0.405,0.92,0,1
94996,20190516,-96.85,40.7,0.418,1.08,0,1,0.419,0.94,0,1,0.387,0.29,0,0.262,0.344,0.19,0,0.202,0.398,0.55,0,0.679,0.418,1.06,0,1,0.393,0.76,0,0.881
94996,20190517,-96.85,40.7,0.4,0.93,0,0.917,0.407,0.82,0,0.994,0.379,0.21,0,0.119,0.339,0.14,0,0.065,0.389,0.43,0,0.536,0.403,0.91,0,0.94,0.383,0.62,0,0.738
94996,20190518,-96.85,40.7,0.383,0.78,0,0.774,0.397,0.72,0,0.881,0.373,0.15,0,0.054,0.335,0.11,0,0.042,0.381,0.33,0,0.393,0.39,0.77,0,0.798,0.374,0.51,0,0.595
94996,20190519,-96.85,40.7,0.364,0.63,0,0.631,0.385,0.61,0,0.738,0.367,0.1,0,0.042,0.331,0.07,0,0.036,0.374,0.24,0,0.25,0.375,0.63,0,0.655,0.364,0.4,0,0.452
94996,20190520,-96.85,40.7,0.344,0.48,0,0.488,0.372,0.49,0,0.595,0.359,0.04,0,0,0.325,0.02,0,0,0.366,0.15,0,0.107,0.358,0.49,0,0.512,0.353,0.28,0,0.31
94996,20190521,-96.85,40.7,0.326,0.34,0,0.345,0.36,0.39,0,0.452,0.353,-0.01,0,0,0.32,-0.02,0,0,0.359,0.08,0,0,0.343,0.37,0,0.369,0.344,0.19,0,0.167
94996,20190522,-96.85,40.7,0.326,0.34,0,0.321,0.357,0.36,0,0.417,0.348,-0.04,0,0,0.319,-0.03,0,0,0.356,0.05,0,0,0.342,0.35,0,0.339,0.341,0.16,0,0.095
94996,20190523,-96.85,40.7,0.331,0.37,0,0.321,0.357,0.36,0,0.417,0.347,-0.04,0,0,0.319,-0.02,0,0,0.353,0.03,0,0,0.344,0.36,0,0.339,0.342,0.17,0,0.131
94996,20190524,-96.85,40.7,0.346,0.47,0,0.405,0.363,0.4,0,0.423,0.353,0,0,0.048,0.322,0,0,0.048,0.355,0.04,0,0.042,0.354,0.43,0,0.399,0.348,0.23,0,0.196
94996,20190525,-96.85,40.7,0.37,0.64,0,0.548,0.378,0.52,0,0.536,0.366,0.09,0,0.19,0.328,0.04,0,0.19,0.365,0.12,0,0.185,0.374,0.57,0,0.542,0.361,0.36,0,0.339
94996,20190526,-96.85,40.7,0.39,0.78,0,0.69,0.391,0.62,0,0.679,0.374,0.15,0,0.333,0.333,0.09,0,0.321,0.372,0.18,0,0.327,0.391,0.68,0,0.685,0.372,0.47,0,0.482
94996,20190527,-96.85,40.7,0.413,0.94,0,0.833,0.406,0.73,0,0.821,0.385,0.22,0,0.393,0.339,0.13,0,0.399,0.38,0.25,0,0.47,0.409,0.81,0,0.827,0.384,0.59,0,0.625
94996,20190528,-96.85,40.7,0.446,1.18,0,0.976,0.427,0.9,0,0.964,0.408,0.37,0,0.536,0.349,0.21,0,0.542,0.391,0.36,0,0.613,0.436,1,0,0.97,0.404,0.77,0,0.768
94996,20190529,-96.85,40.7,0.467,1.33,0,1,0.444,1.03,0,1,0.433,0.53,0,0.679,0.358,0.27,0,0.685,0.403,0.47,0,0.756,0.456,1.13,0,1,0.421,0.93,0,0.839
94996,20190530,-96.85,40.7,0.486,1.46,0,1,0.458,1.14,0,1,0.456,0.67,0,0.821,0.365,0.32,0,0.827,0.416,0.58,0,0.899,0.472,1.24,0,1,0.436,1.06,0,0.923
94996,20190531,-96.85,40.7,0.491,1.5,0,1,0.466,1.19,0,1,0.467,0.74,0,0.917,0.37,0.36,0,0.923,0.424,0.66,0,1,0.478,1.28,0,1,0.444,1.13,0,1
94996,20190601,-96.85,40.7,0.486,1.45,0,1,0.462,1.15,0,1,0.467,0.73,0,0.917,0.368,0.35,0,0.923,0.423,0.67,0,1,0.474,1.25,0,1,0.441,1.11,0,1
94996,20190602,-96.85,40.7,0.482,1.42,0,1,0.46,1.13,0,1,0.469,0.75,0,0.917,0.367,0.35,0,0.935,0.42,0.66,0,0.946,0.471,1.22,0,1,0.44,1.09,0,1
94996,20190603,-96.85,40.7,0.472,1.34,0,1,0.455,1.08,0,1,0.468,0.74,0,0.964,0.365,0.33,0,0.863,0.415,0.63,0,0.804,0.463,1.16,0,1,0.435,1.05,0,1
94996,20190604,-96.85,40.7,0.466,1.28,0,1,0.451,1.04,0,1,0.464,0.7,0,0.958,0.362,0.32,0,0.857,0.413,0.62,0,0.792,0.459,1.11,0,1,0.431,1.01,0,1
94996,20190605,-96.85,40.7,0.451,1.16,0,1,0.444,0.97,0,1,0.453,0.63,0,0.958,0.358,0.29,0,0.857,0.408,0.59,0,0.792,0.447,1.02,0,1,0.423,0.93,0,1
94996,20190606,-96.85,40.7,0.432,1.03,0,1,0.434,0.89,0,1,0.438,0.53,0,0.958,0.352,0.26,0,0.792,0.401,0.53,0,0.685,0.433,0.92,0,1,0.411,0.83,0,1
94996,20190607,-96.85,40.7,0.418,0.93,0,1,0.425,0.82,0,1,0.428,0.47,0,0.845,0.347,0.23,0,0.649,0.392,0.46,0,0.542,0.422,0.84,0,1,0.402,0.75,0,1
94996,20190608,-96.85,40.7,0.407,0.85,0,0.982,0.418,0.77,0,1,0.423,0.43,0,0.702,0.344,0.22,0,0.506,0.385,0.4,0,0.399,0.413,0.77,0,0.994,0.395,0.69,0,0.946
94996,20190609,-96.85,40.7,0.397,0.79,0,0.869,0.412,0.72,0,1,0.418,0.41,0,0.56,0.341,0.21,0,0.363,0.38,0.37,0,0.31,0.404,0.72,0,0.905,0.39,0.65,0,0.827
94996,20190610,-96.85,40.7,0.4,0.81,0,0.869,0.408,0.69,0,0.994,0.415,0.39,0,0.452,0.338,0.2,0,0.357,0.378,0.36,0,0.31,0.404,0.72,0,0.905,0.388,0.64,0,0.821
94996,20190611,-96.85,40.7,0.384,0.71,0,0.869,0.393,0.6,0,0.857,0.402,0.32,0,0.315,0.332,0.17,0,0.22,0.369,0.29,0,0.179,0.389,0.62,0,0.893,0.376,0.56,0,0.685
94996,20190612,-96.85,40.7,0.374,0.66,0,0.869,0.381,0.51,0,0.714,0.393,0.28,0,0.173,0.326,0.15,0,0.077,0.361,0.24,0,0.036,0.377,0.56,0,0.851,0.367,0.49,0,0.548
94996,20190613,-96.85,40.7,0.371,0.65,0,0.869,0.371,0.45,0,0.571,0.386,0.25,0,0.03,0.321,0.13,0,0,0.357,0.21,0,0,0.371,0.53,0,0.851,0.361,0.46,0,0.405
94996,20190614,-96.85,40.7,0.366,0.63,0,0.869,0.361,0.39,0,0.429,0.379,0.22,0,0,0.317,0.11,0,0,0.353,0.2,0,0,0.363,0.49,0,0.786,0.355,0.42,0,0.262
94996,20190615,-96.85,40.7,0.369,0.68,0,0.887,0.356,0.36,0,0.333,0.378,0.22,0,0.048,0.315,0.11,0,0.048,0.353,0.22,0,0.048,0.362,0.5,0,0.696,0.354,0.43,0,0.22
94996,20190616,-96.85,40.7,0.381,0.79,0,1,0.362,0.41,0,0.333,0.382,0.25,0,0.19,0.318,0.13,0,0.19,0.356,0.26,0,0.173,0.372,0.6,0,0.786,0.36,0.49,0,0.339
94996,20190617,-96.85,40.7,0.382,0.82,0,1,0.365,0.45,0,0.339,0.385,0.28,0,0.333,0.32,0.15,0,0.333,0.356,0.28,0,0.173,0.373,0.64,0,0.786,0.362,0.52,0,0.345
94996,20190618,-96.85,40.7,0.383,0.86,0,1,0.368,0.48,0,0.476,0.388,0.31,0,0.476,0.322,0.17,0,0.476,0.356,0.29,0,0.173,0.375,0.68,0,0.798,0.363,0.55,0,0.482
94996,20190619,-96.85,40.7,0.394,0.96,0,1,0.379,0.57,0,0.619,0.398,0.38,0,0.589,0.327,0.21,0,0.619,0.361,0.35,0,0.256,0.387,0.79,0,0.839,0.372,0.63,0,0.619
94996,20190620,-96.85,40.7,0.404,1.04,0,1,0.392,0.68,0,0.762,0.408,0.45,0,0.732,0.334,0.26,0,0.762,0.367,0.42,0,0.399,0.398,0.89,0,0.839,0.381,0.73,0,0.762
94996,20190621,-96.85,40.7,0.417,1.15,0,1,0.405,0.78,0,0.905,0.418,0.52,0,0.875,0.34,0.3,0,0.905,0.372,0.48,0,0.542,0.411,1.01,0,0.905,0.39,0.83,0,0.905
94996,20190622,-96.85,40.7,0.435,1.28,0,1,0.421,0.91,0,1,0.432,0.61,0,0.97,0.347,0.36,0,1,0.381,0.57,0,0.637,0.428,1.14,0,1,0.403,0.95,0,1
94996,20190623,-96.85,40.7,0.447,1.36,0,1,0.432,0.99,0,1,0.445,0.69,0,0.97,0.352,0.4,0,1,0.388,0.65,0,0.655,0.44,1.23,0,1,0.413,1.05,0,1
94996,20190624,-96.85,40.7,0.464,1.47,0,1,0.446,1.1,0,1,0.46,0.79,0,0.97,0.359,0.45,0,1,0.399,0.77,0,0.798,0.455,1.34,0,1,0.426,1.17,0,1
94996,20190625,-96.85,40.7,0.478,1.56,0,1,0.457,1.18,0,1,0.469,0.85,0,0.97,0.365,0.5,0,1,0.409,0.88,0,0.94,0.467,1.43,0,1,0.436,1.26,0,1
94996,20190626,-96.85,40.7,0.479,1.58,0,1,0.46,1.21,0,1,0.47,0.86,0,1,0.366,0.51,0,1,0.413,0.92,0,1,0.469,1.45,0,1,0.438,1.29,0,1
94996,20190627,-96.85,40.7,0.491,1.66,0,1,0.467,1.28,0,1,0.481,0.93,0,1,0.371,0.54,0,1,0.417,0.97,0,1,0.479,1.52,0,1,0.445,1.38,0,1
94996,20190628,-96.85,40.7,0.496,1.7,0,1,0.472,1.33,0,1,0.486,0.97,0,1,0.374,0.56,0,1,0.423,1.04,0,1,0.484,1.57,0,1,0.45,1.44,0,1
94996,20190629,-96.85,40.7,0.488,1.65,0,1,0.468,1.3,0,1,0.479,0.94,0,1,0.372,0.55,0,1,0.42,1.01,0,1,0.478,1.53,0,1,0.445,1.41,0,1
94996,20190630,-96.85,40.7,0.471,1.55,0,1,0.457,1.25,0,1,0.467,0.88,0,1,0.367,0.52,0,1,0.413,0.94,0,1,0.464,1.45,0,1,0.435,1.35,0,1
94996,20190701,-96.85,40.7,0.449,1.41,0,1,0.444,1.17,0,1,0.453,0.81,0,1,0.36,0.48,0,1,0.404,0.85,0,1,0.447,1.34,0,1,0.422,1.26,0,1
94996,20190702,-96.85,40.7,0.43,1.29,0,1,0.432,1.1,0,1,0.444,0.78,0,1,0.355,0.46,0,1,0.396,0.78,0,0.994,0.431,1.24,0,1,0.411,1.19,0,1
94996,20190703,-96.85,40.7,0.408,1.16,0,0.958,0.418,1.02,0,1,0.436,0.74,0,1,0.35,0.44,0,1,0.389,0.71,0,0.935,0.413,1.13,0,0.994,0.4,1.12,0,1
94996,20190704,-96.85,40.7,0.374,0.94,0,0.815,0.395,0.87,0,0.94,0.417,0.66,0,1,0.34,0.39,0,1,0.379,0.61,0,0.833,0.385,0.94,0,0.869,0.381,0.97,0,1
94996,20190705,-96.85,40.7,0.362,0.88,0,0.798,0.375,0.74,0,0.804,0.404,0.61,0,1,0.332,0.35,0,1,0.369,0.53,0,0.75,0.369,0.85,0,0.851,0.369,0.89,0,1
94996,20190706,-96.85,40.7,0.36,0.9,0,0.798,0.359,0.64,0,0.702,0.394,0.58,0,1,0.326,0.33,0,1,0.363,0.48,0,0.702,0.359,0.8,0,0.851,0.36,0.84,0,1
94996,20190707,-96.85,40.7,0.362,0.94,0,0.798,0.345,0.56,0,0.673,0.386,0.56,0,1,0.321,0.31,0,1,0.359,0.46,0,0.69,0.354,0.79,0,0.851,0.355,0.83,0,1
94996,20190708,-96.85,40.7,0.365,0.99,0,0.798,0.334,0.5,0,0.667,0.378,0.55,0,1,0.316,0.3,0,1,0.356,0.46,0,0.685,0.349,0.78,0,0.851,0.35,0.82,0,1
94996,20190709,-96.85,40.7,0.369,1.05,0,0.798,0.327,0.47,0,0.565,0.371,0.53,0,1,0.312,0.29,0,1,0.353,0.47,0,0.69,0.348,0.8,0,0.851,0.346,0.82,0,1
94996,20190710,-96.85,40.7,0.385,1.2,0,0.839,0.329,0.52,0,0.565,0.366,0.53,0,1,0.309,0.3,0,1,0.351,0.48,0,0.75,0.357,0.9,0,0.857,0.348,0.88,0,1
94996,20190711,-96.85,40.7,0.398,1.32,0,0.982,0.331,0.56,0,0.625,0.361,0.53,0,1,0.307,0.3,0,1,0.349,0.49,0,0.851,0.365,0.98,0,0.982,0.349,0.93,0,1
94996,20190712,-96.85,40.7,0.392,1.28,0,1,0.331,0.59,0,0.762,0.355,0.51,0,1,0.305,0.31,0,1,0.346,0.51,0,0.935,0.361,0.97,0,1,0.346,0.93,0,1
94996,20190713,-96.85,40.7,0.376,1.18,0,1,0.328,0.59,0,0.821,0.348,0.48,0,0.863,0.303,0.31,0,1,0.343,0.51,0,0.982,0.352,0.92,0,1,0.34,0.9,0,1
94996,20190714,-96.85,40.7,0.357,1.05,0,1,0.323,0.58,0,0.708,0.34,0.45,0,0.72,0.3,0.3,0,1,0.34,0.51,0,0.976,0.34,0.84,0,1,0.332,0.85,0,1
94996,20190715,-96.85,40.7,0.34,0.94,0,0.958,0.316,0.55,0,0.571,0.332,0.41,0,0.577,0.297,0.3,0,0.899,0.337,0.5,0,0.905,0.328,0.77,0,0.911,0.324,0.8,0,1
94996,20190716,-96.85,40.7,0.324,0.83,0,0.815,0.307,0.51,0,0.53,0.323,0.37,0,0.435,0.294,0.29,0,0.762,0.333,0.48,0,0.768,0.316,0.69,0,0.768,0.316,0.74,0,1
94996,20190717,-96.85,40.7,0.298,0.63,0,0.673,0.291,0.4,0,0.387,0.312,0.3,0,0.292,0.29,0.26,0,0.619,0.329,0.46,0,0.625,0.295,0.53,0,0.625,0.304,0.62,0,1
94996,20190718,-96.85,40.7,0.277,0.48,0,0.53,0.277,0.31,0,0.244,0.301,0.24,0,0.149,0.284,0.23,0,0.476,0.324,0.43,0,0.482,0.277,0.4,0,0.482,0.293,0.52,0,0.905
94996,20190719,-96.85,40.7,0.26,0.35,0,0.387,0.265,0.24,0,0.101,0.29,0.18,0,0.006,0.279,0.2,0,0.333,0.319,0.38,0,0.339,0.262,0.3,0,0.339,0.282,0.41,0,0.762
94996,20190720,-96.85,40.7,0.246,0.26,0,0.244,0.255,0.17,0,0,0.279,0.1,0,0,0.273,0.16,0,0.19,0.313,0.33,0,0.196,0.251,0.21,0,0.196,0.273,0.31,0,0.619
94996,20190721,-96.85,40.7,0.234,0.18,0,0.101,0.247,0.12,0,0,0.268,0.03,0.065,0,0.267,0.12,0,0.048,0.307,0.28,0,0.071,0.241,0.14,0,0.054,0.265,0.22,0,0.476
94996,20190722,-96.85,40.7,0.258,0.38,0,0.143,0.262,0.27,0,0.143,0.272,0.09,0.065,0.143,0.274,0.2,0,0.143,0.302,0.22,0,0.006,0.26,0.33,0,0.143,0.273,0.38,0,0.476
94996,20190723,-96.85,40.7,0.276,0.55,0,0.286,0.275,0.42,0,0.286,0.276,0.14,0.065,0.286,0.28,0.27,0,0.28,0.297,0.18,0,0,0.276,0.5,0,0.286,0.281,0.52,0,0.476
94996,20190724,-96.85,40.7,0.291,0.69,0,0.429,0.287,0.55,0,0.429,0.28,0.21,0.065,0.429,0.285,0.33,0,0.423,0.293,0.13,0,0,0.289,0.65,0,0.429,0.287,0.65,0,0.476
94996,20190725,-96.85,40.7,0.302,0.82,0,0.571,0.298,0.67,0,0.571,0.285,0.27,0.065,0.571,0.29,0.39,0,0.565,0.289,0.09,0,0,0.3,0.78,0,0.571,0.293,0.76,0,0.571
94996,20190726,-96.85,40.7,0.312,0.93,0,0.714,0.307,0.79,0,0.714,0.291,0.34,0.065,0.714,0.295,0.44,0,0.708,0.286,0.05,0,0,0.31,0.9,0,0.714,0.298,0.86,0,0.714
94996,20190727,-96.85,40.7,0.319,1.02,0,0.857,0.315,0.88,0,0.857,0.296,0.41,0.065,0.75,0.301,0.5,0,0.851,0.284,0.03,0,0,0.317,1,0,0.857,0.303,0.95,0,0.857
94996,20190728,-96.85,40.7,0.326,1.1,0,0.97,0.322,0.97,0,0.994,0.302,0.48,0,0.764,0.306,0.56,0,0.994,0.283,0.02,0,0,0.324,1.08,0,0.988,0.308,1.04,0,1
94996,20190729,-96.85,40.7,0.299,0.9,0,0.877,0.305,0.84,0,0.92,0.293,0.42,0,0.626,0.297,0.49,0,0.994,0.282,0,0,0,0.302,0.9,0,0.957,0.295,0.86,0,1
94996,20190730,-96.85,40.7,0.277,0.74,0,0.767,0.29,0.72,0,0.804,0.284,0.36,0,0.479,0.29,0.43,0,0.945,0.28,-0.01,0,0,0.284,0.75,0,0.89,0.284,0.71,0,0.988
94996,20190731,-96.85,40.7,0.26,0.6,0,0.62,0.277,0.61,0,0.656,0.276,0.31,0,0.331,0.283,0.38,0,0.84,0.279,-0.03,0,0,0.269,0.62,0,0.742,0.275,0.57,0,0.89
94996,20190801,-96.85,40.7,0.247,0.5,0,0.472,0.265,0.51,0,0.509,0.269,0.25,0,0.184,0.277,0.34,0,0.693,0.278,-0.04,0,0,0.256,0.5,0,0.595,0.267,0.45,0,0.742
94996,20190802,-96.85,40.7,0.236,0.4,0,0.325,0.255,0.41,0,0.362,0.262,0.2,0,0.037,0.272,0.29,0,0.546,0.277,-0.05,0,0,0.246,0.4,0,0.448,0.26,0.34,0,0.595
94996,20190803,-96.85,40.7,0.232,0.37,0,0.19,0.248,0.35,0,0.227,0.258,0.18,0,0.012,0.268,0.26,0,0.411,0.277,-0.05,0,0.012,0.24,0.35,0,0.313,0.257,0.29,0,0.46
94996,20190804,-96.85,40.7,0.255,0.6,0,0.235,0.26,0.5,0,0.247,0.277,0.36,0,0.157,0.276,0.34,0,0.422,0.285,0.08,0,0.157,0.257,0.55,0,0.337,0.271,0.55,0,0.47
94996,20190805,-96.85,40.7,0.274,0.79,0,0.333,0.272,0.65,0,0.327,0.294,0.52,0,0.298,0.282,0.4,0,0.435,0.291,0.18,0,0.298,0.273,0.73,0,0.375,0.283,0.77,0,0.476
94996,20190806,-96.85,40.7,0.29,0.94,0,0.44,0.284,0.79,0,0.44,0.31,0.67,0,0.44,0.289,0.46,0,0.482,0.296,0.27,0,0.44,0.287,0.89,0,0.44,0.294,0.97,0,0.488
94996,20190807,-96.85,40.7,0.308,1.13,0,0.583,0.297,0.95,0,0.583,0.327,0.83,0,0.583,0.296,0.52,0,0.583,0.302,0.35,0,0.577,0.303,1.07,0,0.583,0.306,1.2,0,0.583
94996,20190808,-96.85,40.7,0.337,1.41,0,0.726,0.318,1.21,0,0.726,0.351,1.04,0,0.726,0.307,0.63,0,0.726,0.308,0.46,0,0.72,0.328,1.36,0,0.726,0.324,1.52,0,0.726
94996,20190809,-96.85,40.7,0.361,1.65,0,0.869,0.339,1.46,0,0.869,0.373,1.24,0,0.869,0.318,0.72,0,0.869,0.313,0.55,0,0.863,0.35,1.63,0,0.869,0.341,1.82,0,0.869
94996,20190810,-96.85,40.7,0.38,1.83,0,1,0.357,1.69,0,1,0.391,1.4,0,1,0.328,0.81,0,1,0.317,0.61,0,0.988,0.369,1.85,0,1,0.355,2.06,0,1
94996,20190811,-96.85,40.7,0.371,1.75,0,1,0.36,1.73,0,1,0.389,1.37,0,1,0.327,0.8,0,1,0.313,0.55,0,0.94,0.366,1.83,0,1,0.352,2,0,1
94996,20190812,-96.85,40.7,0.371,1.75,0,1,0.363,1.77,0,1,0.39,1.37,0,1,0.328,0.81,0,1,0.312,0.53,0,0.93,0.367,1.85,0,1,0.353,2.01,0,1
94996,20190813,-96.85,40.7,,,,,,,,,,,,,,,,,,,,,,,,,,,,
94996,20190814,-96.85,40.7,,,,,,,,,,,,,,,,,,,,,,,,,,,,
94996,20190815,-96.85,40.7,,,,,,,,,,,,,,,,,,,,,,,,,,,,
94996,20190816,-96.85,40.7,,,,,,,,,,,,,,,,,,,,,,,,,,,,
94996,20190817,-96.85,40.7,,,,,,,,,,,,,,,,,,,,,,,,,,,,
94996,20190818,-96.85,40.7,,,,,,,,,,,,,,,,,,,,,,,,,,,,
94996,20190819,-96.85,40.7,,,,,,,,,,,,,,,,,,,,,,,,,,,,
94996,20190820,-96.85,40.7,,,,,,,,,,,,,,,,,,,,,,,,,,,,
94996,20190821,-96.85,40.7,,,,,,,,,,,,,,,,,,,,,,,,,,,,
94996,20190822,-96.85,40.7,,,,,,,,,,,,,,,,,,,,,,,,,,,,
94996,20190823,-96.85,40.7,,,,,,,,,,,,,,,,,,,,,,,,,,,,
94996,20190824,-96.85,40.7,,,,,,,,,,,,,,,,,,,,,,,,,,,,
94996,20190825,-96.85,40.7,,,,,,,,,,,,,,,,,,,,,,,,,,,,
94996,20190826,-96.85,40.7,,,,,,,,,,,,,,,,,,,,,,,,,,,,
94996,20190827,-96.85,40.7,,,,,,,,,,,,,,,,,,,,,,,,,,,,
94996,20190828,-96.85,40.7,,,,,,,,,,,,,,,,,,,,,,,,,,,,
94996,20190829,-96.85,40.7,,,,,,,,,,,,,,,,,,,,,,,,,,,,
94996,20190830,-96.85,40.7,,,,,,,,,,,,,,,,,,,,,,,,,,,,
94996,20190831,-96.85,40.7,,,,,,,,,,,,,,,,,,,,,,,,,,,,
94996,20190901,-96.85,40.7,,,,,,,,,,,,,,,,,,,,,,,,,,,,
94996,20190902,-96.85,40.7,,,,,,,,,,,,,,,,,,,,,,,,,,,,
94996,20190903,-96.85,40.7,,,,,,,,,,,,,,,,,,,,,,,,,,,,
94996,20190904,-96.85,40.7,,,,,,,,,,,,,,,,,,,,,,,,,,,,
94996,20190905,-96.85,40.7,,,,,,,,,,,,,,,,,,,,,,,,,,,,
94996,20190906,-96.85,40.7,,,,,,,,,,,,,,,,,,,,,,,,,,,,
94996,20190907,-96.85,40.7,,,,,,,,,,,,,,,,,,,,,,,,,,,,
94996,20190908,-96.85,40.7,,,,,,,,,,,,,,,,,,,,,,,,,,,,
94996,20190909,-96.85,40.7,,,,,,,,,,,,,,,,,,,,,,,,,,,,
94996,20190910,-96.85,40.7,,,,,,,,,,,,,,,,,,,,,,,,,,,,
94996,20190911,-96.85,40.7,,,,,,,,,,,,,,,,,,,,,,,,,,,,
94996,20190912,-96.85,40.7,,,,,,,,,,,,,,,,,,,,,,,,,,,,
94996,20190913,-96.85,40.7,,,,,,,,,,,,,,,,,,,,,,,,,,,,
94996,20190914,-96.85,40.7,,,,,,,,,,,,,,,,,,,,,,,,,,,,
94996,20190915,-96.85,40.7,,,,,,,,,,,,,,,,,,,,,,,,,,,,
94996,20190916,-96.85,40.7,,,,,,,,,,,,,,,,,,,,,,,,,,,,
94996,20190917,-96.85,40.7,,,,,,,,,,,,,,,,,,,,,,,,,,,,
94996,20190918,-96.85,40.7,,,,,,,,,,,,,,,,,,,,,,,,,,,,
94996,20190919,-96.85,40.7,,,,,,,,,,,,,,,,,,,,,,,,,,,,
94996,20190920,-96.85,40.7,,,,,,,,,,,,,,,,,,,,,,,,,,,,
94996,20190921,-96.85,40.7,,,,,,,,,,,,,,,,,,,,,,,,,,,,
94996,20190922,-96.85,40.7,,,,,,,,,,,,,,,,,,,,,,,,,,,,
94996,20190923,-96.85,40.7,,,,,,,,,,,,,,,,,,,,,,,,,,,,
94996,20190924,-96.85,40.7,,,,,,,,,,,,,,,,,,,,,,,,,,,,
94996,20190925,-96.85,40.7,,,,,,,,,,,,,,,,,,,,,,,,,,,,
94996,20190926,-96.85,40.7,,,,,,,,,,,,,,,,,,,,,,,,,,,,
94996,20190927,-96.85,40.7,,,,,,,,,,,,,,,,,,,,,,,,,,,,
94996,20190928,-96.85,40.7,,,,,,,,,,,,,,,,,,,,,,,,,,,,
94996,20190929,-96.85,40.7,,,,,,,,,,,,,,,,,,,,,,,,,,,,
94996,20190930,-96.85,40.7,,,,,,,,,,,,,,,,,,,,,,,,,,,,
94996,20191001,-96.85,40.7,,,,,,,,,,,,,,,,,,,,,,,,,,,,
94996,20191002,-96.85,40.7,,,,,,,,,,,,,,,,,,,,,,,,,,,,
94996,20191003,-96.85,40.7,,,,,,,,,,,,,,,,,,,,,,,,,,,,
94996,20191004,-96.85,40.7,,,,,,,,,,,,,,,,,,,,,,,,,,,,
94996,20191005,-96.85,40.7,,,,,,,,,,,,,,,,,,,,,,,,,,,,
94996,20191006,-96.85,40.7,,,,,,,,,,,,,,,,,,,,,,,,,,,,
94996,20191007,-96.85,40.7,,,,,,,,,,,,,,,,,,,,,,,,,,,,
94996,20191008,-96.85,40.7,,,,,,,,,,,,,,,,,,,,,,,,,,,,
94996,20191009,-96.85,40.7,,,,,,,,,,,,,,,,,,,,,,,,,,,,
94996,20191010,-96.85,40.7,,,,,,,,,,,,,,,,,,,,,,,,,,,,
94996,20191011,-96.85,40.7,,,,,,,,,,,,,,,,,,,,,,,,,,,,
94996,20191012,-96.85,40.7,,,,,,,,,,,,,,,,,,,,,,,,,,,,
94996,20191013,-96.85,40.7,,,,,,,,,,,,,,,,,,,,,,,,,,,,
94996,20191014,-96.85,40.7,,,,,,,,,,,,,,,,,,,,,,,,,,,,
94996,20191015,-96.85,40.7,,,,,,,,,,,,,,,,,,,,,,,,,,,,
94996,20191016,-96.85,40.7,,,,,,,,,,,,,,,,,,,,,,,,,,,,
94996,20191017,-96.85,40.7,,,,,,,,,,,,,,,,,,,,,,,,,,,,
94996,20191018,-96.85,40.7,,,,,,,,,,,,,,,,,,,,,,,,,,,,
94996,20191019,-96.85,40.7,,,,,,,,,,,,,,,,,,,,,,,,,,,,
94996,20191020,-96.85,40.7,,,,,,,,,,,,,,,,,,,,,,,,,,,,
94996,20191021,-96.85,40.7,,,,,,,,,,,,,,,,,,,,,,,,,,,,
94996,20191022,-96.85,40.7,,,,,,,,,,,,,,,,,,,,,,,,,,,,
94996,20191023,-96.85,40.7,,,,,,,,,,,,,,,,,,,,,,,,,,,,
94996,20191024,-96.85,40.7,,,,,,,,,,,,,,,,,,,,,,,,,,,,
94996,20191025,-96.85,40.7,,,,,,,,,,,,,,,,,,,,,,,,,,,,
94996,20191026,-96.85,40.7,,,,,,,,,,,,,,,,,,,,,,,,,,,,
94996,20191027,-96.85,40.7,,,,,,,,,,,,,,,,,,,,,,,,,,,,
94996,20191028,-96.85,40.7,,,,,,,,,,,,,,,,,,,,,,,,,,,,
94996,20191029,-96.85,40.7,,,,,,,,,,,,,,,,,,,,,,,,,,,,
94996,20191030,-96.85,40.7,,,,,,,,,,,,,,,,,,,,,,,,,,,,
94996,20191031,-96.85,40.7,,,,,,,,,,,,,,,,,,,,,,,,,,,,
94996,20191101,-96.85,40.7,,,,,,,,,,,,,,,,,,,,,,,,,,,,
94996,20191102,-96.85,40.7,,,,,,,,,,,,,,,,,,,,,,,,,,,,
94996,20191103,-96.85,40.7,,,,,,,,,,,,,,,,,,,,,,,,,,,,
94996,20191104,-96.85,40.7,,,,,,,,,,,,,,,,,,,,,,,,,,,,
94996,20191105,-96.85,40.7,,,,,,,,,,,,,,,,,,,,,,,,,,,,
94996,20191106,-96.85,40.7,,,,,,,,,,,,,,,,,,,,,,,,,,,,
94996,20191107,-96.85,40.7,,,,,,,,,,,,,,,,,,,,,,,,,,,,
94996,20191108,-96.85,40.7,,,,,,,,,,,,,,,,,,,,,,,,,,,,
94996,20191109,-96.85,40.7,,,,,,,,,,,,,,,,,,,,,,,,,,,,
94996,20191110,-96.85,40.7,,,,,,,,,,,,,,,,,,,,,,,,,,,,
94996,20191111,-96.85,40.7,,,,,,,,,,,,,,,,,,,,,,,,,,,,
94996,20191112,-96.85,40.7,,,,,,,,,,,,,,,,,,,,,,,,,,,,
94996,20191113,-96.85,40.7,,,,,,,,,,,,,,,,,,,,,,,,,,,,
94996,20191114,-96.85,40.7,,,,,,,,,,,,,,,,,,,,,,,,,,,,
94996,20191115,-96.85,40.7,,,,,,,,,,,,,,,,,,,,,,,,,,,,
94996,20191116,-96.85,40.7,,,,,,,,,,,,,,,,,,,,,,,,,,,,
94996,20191117,-96.85,40.7,,,,,,,,,,,,,,,,,,,,,,,,,,,,
94996,20191118,-96.85,40.7,,,,,,,,,,,,,,,,,,,,,,,,,,,,
94996,20191119,-96.85,40.7,,,,,,,,,,,,,,,,,,,,,,,,,,,,
94996,20191120,-96.85,40.7,,,,,,,,,,,,,,,,,,,,,,,,,,,,
94996,20191121,-96.85,40.7,,,,,,,,,,,,,,,,,,,,,,,,,,,,
94996,20191122,-96.85,40.7,,,,,,,,,,,,,,,,,,,,,,,,,,,,
94996,20191123,-96.85,40.7,,,,,,,,,,,,,,,,,,,,,,,,,,,,
94996,20191124,-96.85,40.7,,,,,,,,,,,,,,,,,,,,,,,,,,,,
94996,20191125,-96.85,40.7,,,,,,,,,,,,,,,,,,,,,,,,,,,,
94996,20191126,-96.85,40.7,,,,,,,,,,,,,,,,,,,,,,,,,,,,
94996,20191127,-96.85,40.7,,,,,,,,,,,,,,,,,,,,,,,,,,,,
94996,20191128,-96.85,40.7,,,,,,,,,,,,,,,,,,,,,,,,,,,,
94996,20191129,-96.85,40.7,,,,,,,,,,,,,,,,,,,,,,,,,,,,
94996,20191130,-96.85,40.7,,,,,,,,,,,,,,,,,,,,,,,,,,,,
94996,20191201,-96.85,40.7,,,,,,,,,,,,,,,,,,,,,,,,,,,,
94996,20191202,-96.85,40.7,,,,,,,,,,,,,,,,,,,,,,,,,,,,
94996,20191203,-96.85,40.7,,,,,,,,,,,,,,,,,,,,,,,,,,,,
94996,20191204,-96.85,40.7,,,,,,,,,,,,,,,,,,,,,,,,,,,,
94996,20191205,-96.85,40.7,,,,,,,,,,,,,,,,,,,,,,,,,,,,
94996,20191206,-96.85,40.7,,,,,,,,,,,,,,,,,,,,,,,,,,,,
94996,20191207,-96.85,40.7,,,,,,,,,,,,,,,,,,,,,,,,,,,,
94996,20191208,-96.85,40.7,,,,,,,,,,,,,,,,,,,,,,,,,,,,
94996,20191209,-96.85,40.7,,,,,,,,,,,,,,,,,,,,,,,,,,,,
94996,20191210,-96.85,40.7,,,,,,,,,,,,,,,,,,,,,,,,,,,,
94996,20191211,-96.85,40.7,,,,,,,,,,,,,,,,,,,,,,,,,,,,
94996,20191212,-96.85,40.7,,,,,,,,,,,,,,,,,,,,,,,,,,,,
94996,20191213,-96.85,40.7,,,,,,,,,,,,,,,,,,,,,,,,,,,,
94996,20191214,-96.85,40.7,,,,,,,,,,,,,,,,,,,,,,,,,,,,
94996,20191215,-96.85,40.7,,,,,,,,,,,,,,,,,,,,,,,,,,,,
94996,20191216,-96.85,40.7,,,,,,,,,,,,,,,,,,,,,,,,,,,,
94996,20191217,-96.85,40.7,,,,,,,,,,,,,,,,,,,,,,,,,,,,
94996,20191218,-96.85,40.7,,,,,,,,,,,,,,,,,,,,,,,,,,,,
94996,20191219,-96.85,40.7,,,,,,,,,,,,,,,,,,,,,,,,,,,,
94996,20191220,-96.85,40.7,,,,,,,,,,,,,,,,,,,,,,,,,,,,
94996,20191221,-96.85,40.7,,,,,,,,,,,,,,,,,,,,,,,,,,,,
94996,20191222,-96.85,40.7,,,,,,,,,,,,,,,,,,,,,,,,,,,,
94996,20191223,-96.85,40.7,,,,,,,,,,,,,,,,,,,,,,,,,,,,
94996,20191224,-96.85,40.7,,,,,,,,,,,,,,,,,,,,,,,,,,,,
94996,20191225,-96.85,40.7,,,,,,,,,,,,,,,,,,,,,,,,,,,,
94996,20191226,-96.85,40.7,,,,,,,,,,,,,,,,,,,,,,,,,,,,
94996,20191227,-96.85,40.7,,,,,,,,,,,,,,,,,,,,,,,,,,,,
94996,20191228,-96.85,40.7,,,,,,,,,,,,,,,,,,,,,,,,,,,,
94996,20191229,-96.85,40.7,,,,,,,,,,,,,,,,,,,,,,,,,,,,
94996,20191230,-96.85,40.7,,,,,,,,,,,,,,,,,,,,,,,,,,,,
94996,20191231,-96.85,40.7,,,,,,,,,,,,,,,,,,,,,,,,,,,,
94996,20200101,-96.85,40.7,,,,,,,,,,,,,,,,,,,,,,,,,,,,
94996,20200102,-96.85,40.7,,,,,,,,,,,,,,,,,,,,,,,,,,,,
94996,20200103,-96.85,40.7,,,,,,,,,,,,,,,,,,,,,,,,,,,,
94996,20200104,-96.85,40.7,,,,,,,,,,,,,,,,,,,,,,,,,,,,
94996,20200105,-96.85,40.7,,,,,,,,,,,,,,,,,,,,,,,,,,,,
94996,20200106,-96.85,40.7,,,,,,,,,,,,,,,,,,,,,,,,,,,,
94996,20200107,-96.85,40.7,,,,,,,,,,,,,,,,,,,,,,,,,,,,
94996,20200108,-96.85,40.7,,,,,,,,,,,,,,,,,,,,,,,,,,,,
94996,20200109,-96.85,40.7,,,,,,,,,,,,,,,,,,,,,,,,,,,,
94996,20200110,-96.85,40.7,,,,,,,,,,,,,,,,,,,,,,,,,,,,
94996,20200111,-96.85,40.7,,,,,,,,,,,,,,,,,,,,,,,,,,,,
94996,20200112,-96.85,40.7,,,,,,,,,,,,,,,,,,,,,,,,,,,,
94996,20200113,-96.85,40.7,,,,,,,,,,,,,,,,,,,,,,,,,,,,
94996,20200114,-96.85,40.7,,,,,,,,,,,,,,,,,,,,,,,,,,,,
94996,20200115,-96.85,40.7,,,,,,,,,,,,,,,,,,,,,,,,,,,,
94996,20200116,-96.85,40.7,,,,,,,,,,,,,,,,,,,,,,,,,,,,
94996,20200117,-96.85,40.7,,,,,,,,,,,,,,,,,,,,,,,,,,,,
94996,20200118,-96.85,40.7,,,,,,,,,,,,,,,,,,,,,,,,,,,,
94996,20200119,-96.85,40.7,,,,,,,,,,,,,,,,,,,,,,,,,,,,
94996,20200120,-96.85,40.7,,,,,,,,,,,,,,,,,,,,,,,,,,,,
94996,20200121,-96.85,40.7,,,,,,,,,,,,,,,,,,,,,,,,,,,,
94996,20200122,-96.85,40.7,,,,,,,,,,,,,,,,,,,,,,,,,,,,
94996,20200123,-96.85,40.7,,,,,,,,,,,,,,,,,,,,,,,,,,,,
94996,20200124,-96.85,40.7,,,,,,,,,,,,,,,,,,,,,,,,,,,,
94996,20200125,-96.85,40.7,,,,,,,,,,,,,,,,,,,,,,,,,,,,
94996,20200126,-96.85,40.7,,,,,,,,,,,,,,,,,,,,,,,,,,,,
94996,20200127,-96.85,40.7,,,,,,,,,,,,,,,,,,,,,,,,,,,,
94996,20200128,-96.85,40.7,,,,,,,,,,,,,,,,,,,,,,,,,,,,
94996,20200129,-96.85,40.7,,,,,,,,,,,,,,,,,,,,,,,,,,,,
94996,20200130,-96.85,40.7,,,,,,,,,,,,,,,,,,,,,,,,,,,,
94996,20200131,-96.85,40.7,,,,,,,,,,,,,,,,,,,,,,,,,,,,
94996,20200201,-96.85,40.7,,,,,,,,,,,,,,,,,,,,,,,,,,,,
94996,20200202,-96.85,40.7,,,,,,,,,,,,,,,,,,,,,,,,,,,,
94996,20200203,-96.85,40.7,,,,,,,,,,,,,,,,,,,,,,,,,,,,
94996,20200204,-96.85,40.7,,,,,,,,,,,,,,,,,,,,,,,,,,,,
94996,20200205,-96.85,40.7,,,,,,,,,,,,,,,,,,,,,,,,,,,,
94996,20200206,-96.85,40.7,,,,,,,,,,,,,,,,,,,,,,,,,,,,
94996,20200207,-96.85,40.7,,,,,,,,,,,,,,,,,,,,,,,,,,,,
94996,20200208,-96.85,40.7,,,,,,,,,,,,,,,,,,,,,,,,,,,,
94996,20200209,-96.85,40.7,,,,,,,,,,,,,,,,,,,,,,,,,,,,
94996,20200210,-96.85,40.7,,,,,,,,,,,,,,,,,,,,,,,,,,,,
94996,20200211,-96.85,40.7,,,,,,,,,,,,,,,,,,,,,,,,,,,,
94996,20200212,-96.85,40.7,,,,,,,,,,,,,,,,,,,,,,,,,,,,
94996,20200213,-96.85,40.7,,,,,,,,,,,,,,,,,,,,,,,,,,,,
94996,20200214,-96.85,40.7,,,,,,,,,,,,,,,,,,,,,,,,,,,,
94996,20200215,-96.85,40.7,,,,,,,,,,,,,,,,,,,,,,,,,,,,
94996,20200216,-96.85,40.7,,,,,,,,,,,,,,,,,,,,,,,,,,,,
94996,20200217,-96.85,40.7,,,,,,,,,,,,,,,,,,,,,,,,,,,,
94996,20200218,-96.85,40.7,,,,,,,,,,,,,,,,,,,,,,,,,,,,
94996,20200219,-96.85,40.7,,,,,,,,,,,,,,,,,,,,,,,,,,,,
94996,20200220,-96.85,40.7,,,,,,,,,,,,,,,,,,,,,,,,,,,,
94996,20200221,-96.85,40.7,,,,,,,,,,,,,,,,,,,,,,,,,,,,
94996,20200222,-96.85,40.7,,,,,,,,,,,,,,,,,,,,,,,,,,,,
94996,20200223,-96.85,40.7,,,,,,,,,,,,,,,,,,,,,,,,,,,,
94996,20200224,-96.85,40.7,,,,,,,,,,,,,,,,,,,,,,,,,,,,
94996,20200225,-96.85,40.7,,,,,,,,,,,,,,,,,,,,,,,,,,,,
94996,20200226,-96.85,40.7,,,,,,,,,,,,,,,,,,,,,,,,,,,,
94996,20200227,-96.85,40.7,,,,,,,,,,,,,,,,,,,,,,,,,,,,
94996,20200228,-96.85,40.7,,,,,,,,,,,,,,,,,,,,,,,,,,,,
94996,20200229,-96.85,40.7,,,,,,,,,,,,,,,,,,,,,,,,,,,,
94996,20200301,-96.85,40.7,,,,,,,,,,,,,,,,,,,,,,,,,,,,
94996,20200302,-96.85,40.7,,,,,,,,,,,,,,,,,,,,,,,,,,,,
94996,20200303,-96.85,40.7,,,,,,,,,,,,,,,,,,,,,,,,,,,,
94996,20200304,-96.85,40.7,,,,,,,,,,,,,,,,,,,,,,,,,,,,
94996,20200305,-96.85,40.7,,,,,,,,,,,,,,,,,,,,,,,,,,,,
94996,20200306,-96.85,40.7,,,,,,,,,,,,,,,,,,,,,,,,,,,,
94996,20200307,-96.85,40.7,,,,,,,,,,,,,,,,,,,,,,,,,,,,
94996,20200308,-96.85,40.7,,,,,,,,,,,,,,,,,,,,,,,,,,,,
94996,20200309,-96.85,40.7,,,,,,,,,,,,,,,,,,,,,,,,,,,,
94996,20200310,-96.85,40.7,,,,,,,,,,,,,,,,,,,,,,,,,,,,
94996,20200311,-96.85,40.7,,,,,,,,,,,,,,,,,,,,,,,,,,,,
94996,20200312,-96.85,40.7,,,,,,,,,,,,,,,,,,,,,,,,,,,,
94996,20200313,-96.85,40.7,,,,,,,,,,,,,,,,,,,,,,,,,,,,
94996,20200314,-96.85,40.7,,,,,,,,,,,,,,,,,,,,,,,,,,,,
94996,20200315,-96.85,40.7,,,,,,,,,,,,,,,,,,,,,,,,,,,,
94996,20200316,-96.85,40.7,,,,,,,,,,,,,,,,,,,,,,,,,,,,
94996,20200317,-96.85,40.7,,,,,,,,,,,,,,,,,,,,,,,,,,,,
94996,20200318,-96.85,40.7,,,,,,,,,,,,,,,,,,,,,,,,,,,,
94996,20200319,-96.85,40.7,,,,,,,,,,,,,,,,,,,,,,,,,,,,
94996,20200320,-96.85,40.7,,,,,,,,,,,,,,,,,,,,,,,,,,,,
94996,20200321,-96.85,40.7,,,,,,,,,,,,,,,,,,,,,,,,,,,,
94996,20200322,-96.85,40.7,,,,,,,,,,,,,,,,,,,,,,,,,,,,
94996,20200323,-96.85,40.7,,,,,,,,,,,,,,,,,,,,,,,,,,,,
94996,20200324,-96.85,40.7,,,,,,,,,,,,,,,,,,,,,,,,,,,,
94996,20200325,-96.85,40.7,,,,,,,,,,,,,,,,,,,,,,,,,,,,
94996,20200326,-96.85,40.7,,,,,,,,,,,,,,,,,,,,,,,,,,,,
94996,20200327,-96.85,40.7,,,,,,,,,,,,,,,,,,,,,,,,,,,,
94996,20200328,-96.85,40.7,,,,,,,,,,,,,,,,,,,,,,,,,,,,
94996,20200329,-96.85,40.7,,,,,,,,,,,,,,,,,,,,,,,,,,,,
94996,20200330,-96.85,40.7,,,,,,,,,,,,,,,,,,,,,,,,,,,,
94996,20200331,-96.85,40.7,,,,,,,,,,,,,,,,,,,,,,,,,,,,
94996,20200401,-96.85,40.7,,,,,,,,,,,,,,,,,,,,,,,,,,,,
94996,20200402,-96.85,40.7,,,,,,,,,,,,,,,,,,,,,,,,,,,,
94996,20200403,-96.85,40.7,,,,,,,,,,,,,,,,,,,,,,,,,,,,
94996,20200404,-96.85,40.7,,,,,,,,,,,,,,,,,,,,,,,,,,,,
94996,20200405,-96.85,40.7,,,,,,,,,,,,,,,,,,,,,,,,,,,,
94996,20200406,-96.85,40.7,,,,,,,,,,,,,,,,,,,,,,,,,,,,
94996,20200407,-96.85,40.7,,,,,,,,,,,,,,,,,,,,,,,,,,,,
94996,20200408,-96.85,40.7,,,,,,,,,,,,,,,,,,,,,,,,,,,,
94996,20200409,-96.85,40.7,,,,,,,,,,,,,,,,,,,,,,,,,,,,
94996,20200410,-96.85,40.7,,,,,,,,,,,,,,,,,,,,,,,,,,,,
94996,20200411,-96.85,40.7,,,,,,,,,,,,,,,,,,,,,,,,,,,,
94996,20200412,-96.85,40.7,,,,,,,,,,,,,,,,,,,,,,,,,,,,
94996,20200413,-96.85,40.7,,,,,,,,,,,,,,,,,,,,,,,,,,,,
94996,20200414,-96.85,40.7,,,,,,,,,,,,,,,,,,,,,,,,,,,,
94996,20200415,-96.85,40.7,,,,,,,,,,,,,,,,,,,,,,,,,,,,
94996,20200416,-96.85,40.7,,,,,,,,,,,,,,,,,,,,,,,,,,,,
94996,20200417,-96.85,40.7,,,,,,,,,,,,,,,,,,,,,,,,,,,,
94996,20200418,-96.85,40.7,,,,,,,,,,,,,,,,,,,,,,,,,,,,
94996,20200419,-96.85,40.7,,,,,,,,,,,,,,,,,,,,,,,,,,,,
94996,20200420,-96.85,40.7,,,,,,,,,,,,,,,,,,,,,,,,,,,,
94996,20200421,-96.85,40.7,,,,,,,,,,,,,,,,,,,,,,,,,,,,
94996,20200422,-96.85,40.7,,,,,,,,,,,,,,,,,,,,,,,,,,,,
94996,20200423,-96.85,40.7,,,,,,,,,,,,,,,,,,,,,,,,,,,,
94996,20200424,-96.85,40.7,,,,,,,,,,,,,,,,,,,,,,,,,,,,
94996,20200425,-96.85,40.7,,,,,,,,,,,,,,,,,,,,,,,,,,,,
94996,20200426,-96.85,40.7,,,,,,,,,,,,,,,,,,,,,,,,,,,,
94996,20200427,-96.85,40.7,,,,,,,,,,,,,,,,,,,,,,,,,,,,
94996,20200428,-96.85,40.7,,,,,,,,,,,,,,,,,,,,,,,,,,,,
94996,20200429,-96.85,40.7,,,,,,,,,,,,,,,,,,,,,,,,,,,,
94996,20200430,-96.85,40.7,,,,,,,,,,,,,,,,,,,,,,,,,,,,
94996,20200501,-96.85,40.7,,,,,,,,,,,,,,,,,,,,,,,,,,,,
94996,20200502,-96.85,40.7,,,,,,,,,,,,,,,,,,,,,,,,,,,,
94996,20200503,-96.85,40.7,,,,,,,,,,,,,,,,,,,,,,,,,,,,
94996,20200504,-96.85,40.7,,,,,,,,,,,,,,,,,,,,,,,,,,,,
94996,20200505,-96.85,40.7,,,,,,,,,,,,,,,,,,,,,,,,,,,,
94996,20200506,-96.85,40.7,,,,,,,,,,,,,,,,,,,,,,,,,,,,
94996,20200507,-96.85,40.7,,,,,,,,,,,,,,,,,,,,,,,,,,,,
94996,20200508,-96.85,40.7,,,,,,,,,,,,,,,,,,,,,,,,,,,,
94996,20200509,-96.85,40.7,,,,,,,,,,,,,,,,,,,,,,,,,,,,
94996,20200510,-96.85,40.7,,,,,,,,,,,,,,,,,,,,,,,,,,,,
94996,20200511,-96.85,40.7,,,,,,,,,,,,,,,,,,,,,,,,,,,,
94996,20200512,-96.85,40.7,,,,,,,,,,,,,,,,,,,,,,,,,,,,
94996,20200513,-96.85,40.7,,,,,,,,,,,,,,,,,,,,,,,,,,,,
94996,20200514,-96.85,40.7,,,,,,,,,,,,,,,,,,,,,,,,,,,,
94996,20200515,-96.85,40.7,,,,,,,,,,,,,,,,,,,,,,,,,,,,
94996,20200516,-96.85,40.7,,,,,,,,,,,,,,,,,,,,,,,,,,,,
94996,20200517,-96.85,40.7,,,,,,,,,,,,,,,,,,,,,,,,,,,,
94996,20200518,-96.85,40.7,,,,,,,,,,,,,,,,,,,,,,,,,,,,
94996,20200519,-96.85,40.7,,,,,,,,,,,,,,,,,,,,,,,,,,,,
94996,20200520,-96.85,40.7,,,,,,,,,,,,,,,,,,,,,,,,,,,,
94996,20200521,-96.85,40.7,,,,,,,,,,,,,,,,,,,,,,,,,,,,
94996,20200522,-96.85,40.7,,,,,,,,,,,,,,,,,,,,,,,,,,,,
94996,20200523,-96.85,40.7,,,,,,,,,,,,,,,,,,,,,,,,,,,,
94996,20200524,-96.85,40.7,,,,,,,,,,,,,,,,,,,,,,,,,,,,
94996,20200525,-96.85,40.7,,,,,,,,,,,,,,,,,,,,,,,,,,,,
94996,20200526,-96.85,40.7,,,,,,,,,,,,,,,,,,,,,,,,,,,,
94996,20200527,-96.85,40.7,,,,,,,,,,,,,,,,,,,,,,,,,,,,
94996,20200528,-96.85,40.7,,,,,,,,,,,,,,,,,,,,,,,,,,,,
94996,20200529,-96.85,40.7,,,,,,,,,,,,,,,,,,,,,,,,,,,,
94996,20200530,-96.85,40.7,,,,,,,,,,,,,,,,,,,,,,,,,,,,
94996,20200531,-96.85,40.7,,,,,,,,,,,,,,,,,,,,,,,,,,,,
94996,20200601,-96.85,40.7,,,,,,,,,,,,,,,,,,,,,,,,,,,,
94996,20200602,-96.85,40.7,,,,,,,,,,,,,,,,,,,,,,,,,,,,
94996,20200603,-96.85,40.7,,,,,,,,,,,,,,,,,,,,,,,,,,,,
94996,20200604,-96.85,40.7,,,,,,,,,,,,,,,,,,,,,,,,,,,,
94996,20200605,-96.85,40.7,,,,,,,,,,,,,,,,,,,,,,,,,,,,
94996,20200606,-96.85,40.7,,,,,,,,,,,,,,,,,,,,,,,,,,,,
94996,20200607,-96.85,40.7,,,,,,,,,,,,,,,,,,,,,,,,,,,,
94996,20200608,-96.85,40.7,,,,,,,,,,,,,,,,,,,,,,,,,,,,
94996,20200609,-96.85,40.7,,,,,,,,,,,,,,,,,,,,,,,,,,,,
94996,20200610,-96.85,40.7,,,,,,,,,,,,,,,,,,,,,,,,,,,,
94996,20200611,-96.85,40.7,,,,,,,,,,,,,,,,,,,,,,,,,,,,
94996,20200612,-96.85,40.7,,,,,,,,,,,,,,,,,,,,,,,,,,,,
94996,20200613,-96.85,40.7,,,,,,,,,,,,,,,,,,,,,,,,,,,,
94996,20200614,-96.85,40.7,,,,,,,,,,,,,,,,,,,,,,,,,,,,
94996,20200615,-96.85,40.7,,,,,,,,,,,,,,,,,,,,,,,,,,,,
94996,20200616,-96.85,40.7,,,,,,,,,,,,,,,,,,,,,,,,,,,,
94996,20200617,-96.85,40.7,,,,,,,,,,,,,,,,,,,,,,,,,,,,
94996,20200618,-96.85,40.7,,,,,,,,,,,,,,,,,,,,,,,,,,,,
94996,20200619,-96.85,40.7,,,,,,,,,,,,,,,,,,,,,,,,,,,,
94996,20200620,-96.85,40.7,,,,,,,,,,,,,,,,,,,,,,,,,,,,
94996,20200621,-96.85,40.7,,,,,,,,,,,,,,,,,,,,,,,,,,,,
94996,20200622,-96.85,40.7,,,,,,,,,,,,,,,,,,,,,,,,,,,,
94996,20200623,-96.85,40.7,,,,,,,,,,,,,,,,,,,,,,,,,,,,
94996,20200624,-96.85,40.7,,,,,,,,,,,,,,,,,,,,,,,,,,,,
94996,20200625,-96.85,40.7,,,,,,,,,,,,,,,,,,,,,,,,,,,,
94996,20200626,-96.85,40.7,,,,,,,,,,,,,,,,,,,,,,,,,,,,
94996,20200627,-96.85,40.7,,,,,,,,,,,,,,,,,,,,,,,,,,,,
94996,20200628,-96.85,40.7,,,,,,,,,,,,,,,,,,,,,,,,,,,,
94996,20200629,-96.85,40.7,,,,,,,,,,,,,,,,,,,,,,,,,,,,
94996,20200630,-96.85,40.7,,,,,,,,,,,,,,,,,,,,,,,,,,,,
94996,20200701,-96.85,40.7,,,,,,,,,,,,,,,,,,,,,,,,,,,,
94996,20200702,-96.85,40.7,,,,,,,,,,,,,,,,,,,,,,,,,,,,
94996,20200703,-96.85,40.7,,,,,,,,,,,,,,,,,,,,,,,,,,,,
94996,20200704,-96.85,40.7,,,,,,,,,,,,,,,,,,,,,,,,,,,,
94996,20200705,-96.85,40.7,,,,,,,,,,,,,,,,,,,,,,,,,,,,
94996,20200706,-96.85,40.7,,,,,,,,,,,,,,,,,,,,,,,,,,,,
94996,20200707,-96.85,40.7,,,,,,,,,,,,,,,,,,,,,,,,,,,,
94996,20200708,-96.85,40.7,,,,,,,,,,,,,,,,,,,,,,,,,,,,
94996,20200709,-96.85,40.7,,,,,,,,,,,,,,,,,,,,,,,,,,,,
94996,20200710,-96.85,40.7,,,,,,,,,,,,,,,,,,,,,,,,,,,,
94996,20200711,-96.85,40.7,,,,,,,,,,,,,,,,,,,,,,,,,,,,
94996,20200712,-96.85,40.7,,,,,,,,,,,,,,,,,,,,,,,,,,,,
94996,20200713,-96.85,40.7,,,,,,,,,,,,,,,,,,,,,,,,,,,,
94996,20200714,-96.85,40.7,,,,,,,,,,,,,,,,,,,,,,,,,,,,
94996,20200715,-96.85,40.7,,,,,,,,,,,,,,,,,,,,,,,,,,,,
94996,20200716,-96.85,40.7,,,,,,,,,,,,,,,,,,,,,,,,,,,,
94996,20200717,-96.85,40.7,,,,,,,,,,,,,,,,,,,,,,,,,,,,
94996,20200718,-96.85,40.7,,,,,,,,,,,,,,,,,,,,,,,,,,,,
94996,20200719,-96.85,40.7,,,,,,,,,,,,,,,,,,,,,,,,,,,,
94996,20200720,-96.85,40.7,,,,,,,,,,,,,,,,,,,,,,,,,,,,
94996,20200721,-96.85,40.7,,,,,,,,,,,,,,,,,,,,,,,,,,,,
94996,20200722,-96.85,40.7,,,,,,,,,,,,,,,,,,,,,,,,,,,,
94996,20200723,-96.85,40.7,,,,,,,,,,,,,,,,,,,,,,,,,,,,
94996,20200724,-96.85,40.7,,,,,,,,,,,,,,,,,,,,,,,,,,,,
94996,20200725,-96.85,40.7,,,,,,,,,,,,,,,,,,,,,,,,,,,,
94996,20200726,-96.85,40.7,,,,,,,,,,,,,,,,,,,,,,,,,,,,
94996,20200727,-96.85,40.7,,,,,,,,,,,,,,,,,,,,,,,,,,,,
94996,20200728,-96.85,40.7,,,,,,,,,,,,,,,,,,,,,,,,,,,,
94996,20200729,-96.85,40.7,,,,,,,,,,,,,,,,,,,,,,,,,,,,
94996,20200730,-96.85,40.7,,,,,,,,,,,,,,,,,,,,,,,,,,,,
94996,20200731,-96.85,40.7,,,,,,,,,,,,,,,,,,,,,,,,,,,,
94996,20200801,-96.85,40.7,,,,,,,,,,,,,,,,,,,,,,,,,,,,
94996,20200802,-96.85,40.7,,,,,,,,,,,,,,,,,,,,,,,,,,,,
94996,20200803,-96.85,40.7,,,,,,,,,,,,,,,,,,,,,,,,,,,,
94996,20200804,-96.85,40.7,,,,,,,,,,,,,,,,,,,,,,,,,,,,
94996,20200805,-96.85,40.7,,,,,,,,,,,,,,,,,,,,,,,,,,,,
94996,20200806,-96.85,40.7,,,,,,,,,,,,,,,,,,,,,,,,,,,,
94996,20200807,-96.85,40.7,,,,,,,,,,,,,,,,,,,,,,,,,,,,
94996,20200808,-96.85,40.7,,,,,,,,,,,,,,,,,,,,,,,,,,,,
94996,20200809,-96.85,40.7,,,,,,,,,,,,,,,,,,,,,,,,,,,,
94996,20200810,-96.85,40.7,,,,,,,,,,,,,,,,,,,,,,,,,,,,
94996,20200811,-96.85,40.7,,,,,,,,,,,,,,,,,,,,,,,,,,,,
94996,20200812,-96.85,40.7,,,,,,,,,,,,,,,,,,,,,,,,,,,,
94996,20200813,-96.85,40.7,,,,,,,,,,,,,,,,,,,,,,,,,,,,
94996,20200814,-96.85,40.7,,,,,,,,,,,,,,,,,,,,,,,,,,,,
94996,20200815,-96.85,40.7,,,,,,,,,,,,,,,,,,,,,,,,,,,,
94996,20200816,-96.85,40.7,,,,,,,,,,,,,,,,,,,,,,,,,,,,
94996,20200817,-96.85,40.7,,,,,,,,,,,,,,,,,,,,,,,,,,,,
94996,20200818,-96.85,40.7,,,,,,,,,,,,,,,,,,,,,,,,,,,,
94996,20200819,-96.85,40.7,,,,,,,,,,,,,,,,,,,,,,,,,,,,
94996,20200820,-96.85,40.7,,,,,,,,,,,,,,,,,,,,,,,,,,,,
94996,20200821,-96.85,40.7,,,,,,,,,,,,,,,,,,,,,,,,,,,,
94996,20200822,-96.85,40.7,,,,,,,,,,,,,,,,,,,,,,,,,,,,
94996,20200823,-96.85,40.7,,,,,,,,,,,,,,,,,,,,,,,,,,,,
94996,20200824,-96.85,40.7,,,,,,,,,,,,,,,,,,,,,,,,,,,,
94996,20200825,-96.85,40.7,,,,,,,,,,,,,,,,,,,,,,,,,,,,
94996,20200826,-96.85,40.7,,,,,,,,,,,,,,,,,,,,,,,,,,,,
94996,20200827,-96.85,40.7,,,,,,,,,,,,,,,,,,,,,,,,,,,,
94996,20200828,-96.85,40.7,,,,,,,,,,,,,,,,,,,,,,,,,,,,
94996,20200829,-96.85,40.7,,,,,,,,,,,,,,,,,,,,,,,,,,,,
94996,20200830,-96.85,40.7,,,,,,,,,,,,,,,,,,,,,,,,,,,,
94996,20200831,-96.85,40.7,,,,,,,,,,,,,,,,,,,,,,,,,,,,
94996,20200901,-96.85,40.7,,,,,,,,,,,,,,,,,,,,,,,,,,,,
94996,20200902,-96.85,40.7,,,,,,,,,,,,,,,,,,,,,,,,,,,,
94996,20200903,-96.85,40.7,,,,,,,,,,,,,,,,,,,,,,,,,,,,
94996,20200904,-96.85,40.7,,,,,,,,,,,,,,,,,,,,,,,,,,,,
94996,20200905,-96.85,40.7,,,,,,,,,,,,,,,,,,,,,,,,,,,,
94996,20200906,-96.85,40.7,,,,,,,,,,,,,,,,,,,,,,,,,,,,
94996,20200907,-96.85,40.7,,,,,,,,,,,,,,,,,,,,,,,,,,,,
94996,20200908,-96.85,40.7,,,,,,,,,,,,,,,,,,,,,,,,,,,,
94996,20200909,-96.85,40.7,,,,,,,,,,,,,,,,,,,,,,,,,,,,
94996,20200910,-96.85,40.7,,,,,,,,,,,,,,,,,,,,,,,,,,,,
94996,20200911,-96.85,40.7,,,,,,,,,,,,,,,,,,,,,,,,,,,,
94996,20200912,-96.85,40.7,,,,,,,,,,,,,,,,,,,,,,,,,,,,
94996,20200913,-96.85,40.7,,,,,,,,,,,,,,,,,,,,,,,,,,,,
94996,20200914,-96.85,40.7,,,,,,,,,,,,,,,,,,,,,,,,,,,,
94996,20200915,-96.85,40.7,,,,,,,,,,,,,,,,,,,,,,,,,,,,
94996,20200916,-96.85,40.7,,,,,,,,,,,,,,,,,,,,,,,,,,,,
94996,20200917,-96.85,40.7,,,,,,,,,,,,,,,,,,,,,,,,,,,,
94996,20200918,-96.85,40.7,,,,,,,,,,,,,,,,,,,,,,,,,,,,
94996,20200919,-96.85,40.7,,,,,,,,,,,,,,,,,,,,,,,,,,,,
94996,20200920,-96.85,40.7,,,,,,,,,,,,,,,,,,,,,,,,,,,,
94996,20200921,-96.85,40.7,,,,,,,,,,,,,,,,,,,,,,,,,,,,
94996,20200922,-96.85,40.7,,,,,,,,,,,,,,,,,,,,,,,,,,,,
94996,20200923,-96.85,40.7,,,,,,,,,,,,,,,,,,,,,,,,,,,,
94996,20200924,-96.85,40.7,,,,,,,,,,,,,,,,,,,,,,,,,,,,
94996,20200925,-96.85,40.7,,,,,,,,,,,,,,,,,,,,,,,,,,,,
94996,20200926,-96.85,40.7,,,,,,,,,,,,,,,,,,,,,,,,,,,,
94996,20200927,-96.85,40.7,,,,,,,,,,,,,,,,,,,,,,,,,,,,
94996,20200928,-96.85,40.7,,,,,,,,,,,,,,,,,,,,,,,,,,,,
94996,20200929,-96.85,40.7,,,,,,,,,,,,,,,,,,,,,,,,,,,,
94996,20200930,-96.85,40.7,,,,,,,,,,,,,,,,,,,,,,,,,,,,
94996,20201001,-96.85,40.7,,,,,,,,,,,,,,,,,,,,,,,,,,,,
94996,20201002,-96.85,40.7,,,,,,,,,,,,,,,,,,,,,,,,,,,,
94996,20201003,-96.85,40.7,,,,,,,,,,,,,,,,,,,,,,,,,,,,
94996,20201004,-96.85,40.7,,,,,,,,,,,,,,,,,,,,,,,,,,,,
94996,20201005,-96.85,40.7,,,,,,,,,,,,,,,,,,,,,,,,,,,,
94996,20201006,-96.85,40.7,,,,,,,,,,,,,,,,,,,,,,,,,,,,
94996,20201007,-96.85,40.7,,,,,,,,,,,,,,,,,,,,,,,,,,,,
94996,20201008,-96.85,40.7,,,,,,,,,,,,,,,,,,,,,,,,,,,,
94996,20201009,-96.85,40.7,,,,,,,,,,,,,,,,,,,,,,,,,,,,
94996,20201010,-96.85,40.7,,,,,,,,,,,,,,,,,,,,,,,,,,,,
94996,20201011,-96.85,40.7,,,,,,,,,,,,,,,,,,,,,,,,,,,,
94996,20201012,-96.85,40.7,,,,,,,,,,,,,,,,,,,,,,,,,,,,
94996,20201013,-96.85,40.7,,,,,,,,,,,,,,,,,,,,,,,,,,,,
94996,20201014,-96.85,40.7,,,,,,,,,,,,,,,,,,,,,,,,,,,,
94996,20201015,-96.85,40.7,,,,,,,,,,,,,,,,,,,,,,,,,,,,
94996,20201016,-96.85,40.7,,,,,,,,,,,,,,,,,,,,,,,,,,,,
94996,20201017,-96.85,40.7,,,,,,,,,,,,,,,,,,,,,,,,,,,,
94996,20201018,-96.85,40.7,,,,,,,,,,,,,,,,,,,,,,,,,,,,
94996,20201019,-96.85,40.7,,,,,,,,,,,,,,,,,,,,,,,,,,,,
94996,20201020,-96.85,40.7,,,,,,,,,,,,,,,,,,,,,,,,,,,,
94996,20201021,-96.85,40.7,,,,,,,,,,,,,,,,,,,,,,,,,,,,
94996,20201022,-96.85,40.7,,,,,,,,,,,,,,,,,,,,,,,,,,,,
94996,20201023,-96.85,40.7,,,,,,,,,,,,,,,,,,,,,,,,,,,,
94996,20201024,-96.85,40.7,,,,,,,,,,,,,,,,,,,,,,,,,,,,
94996,20201025,-96.85,40.7,,,,,,,,,,,,,,,,,,,,,,,,,,,,
94996,20201026,-96.85,40.7,,,,,,,,,,,,,,,,,,,,,,,,,,,,
94996,20201027,-96.85,40.7,,,,,,,,,,,,,,,,,,,,,,,,,,,,
94996,20201028,-96.85,40.7,,,,,,,,,,,,,,,,,,,,,,,,,,,,
94996,20201029,-96.85,40.7,,,,,,,,,,,,,,,,,,,,,,,,,,,,
94996,20201030,-96.85,40.7,,,,,,,,,,,,,,,,,,,,,,,,,,,,
94996,20201031,-96.85,40.7,,,,,,,,,,,,,,,,,,,,,,,,,,,,
94996,20201101,-96.85,40.7,,,,,,,,,,,,,,,,,,,,,,,,,,,,
94996,20201102,-96.85,40.7,,,,,,,,,,,,,,,,,,,,,,,,,,,,
94996,20201103,-96.85,40.7,,,,,,,,,,,,,,,,,,,,,,,,,,,,
94996,20201104,-96.85,40.7,,,,,,,,,,,,,,,,,,,,,,,,,,,,
94996,20201105,-96.85,40.7,,,,,,,,,,,,,,,,,,,,,,,,,,,,
94996,20201106,-96.85,40.7,,,,,,,,,,,,,,,,,,,,,,,,,,,,
94996,20201107,-96.85,40.7,,,,,,,,,,,,,,,,,,,,,,,,,,,,
94996,20201108,-96.85,40.7,,,,,,,,,,,,,,,,,,,,,,,,,,,,
94996,20201109,-96.85,40.7,,,,,,,,,,,,,,,,,,,,,,,,,,,,
94996,20201110,-96.85,40.7,,,,,,,,,,,,,,,,,,,,,,,,,,,,
94996,20201111,-96.85,40.7,,,,,,,,,,,,,,,,,,,,,,,,,,,,
94996,20201112,-96.85,40.7,,,,,,,,,,,,,,,,,,,,,,,,,,,,
94996,20201113,-96.85,40.7,,,,,,,,,,,,,,,,,,,,,,,,,,,,
94996,20201114,-96.85,40.7,,,,,,,,,,,,,,,,,,,,,,,,,,,,
94996,20201115,-96.85,40.7,,,,,,,,,,,,,,,,,,,,,,,,,,,,
94996,20201116,-96.85,40.7,,,,,,,,,,,,,,,,,,,,,,,,,,,,
94996,20201117,-96.85,40.7,,,,,,,,,,,,,,,,,,,,,,,,,,,,
94996,20201118,-96.85,40.7,,,,,,,,,,,,,,,,,,,,,,,,,,,,
94996,20201119,-96.85,40.7,,,,,,,,,,,,,,,,,,,,,,,,,,,,
94996,20201120,-96.85,40.7,,,,,,,,,,,,,,,,,,,,,,,,,,,,
94996,20201121,-96.85,40.7,,,,,,,,,,,,,,,,,,,,,,,,,,,,
94996,20201122,-96.85,40.7,,,,,,,,,,,,,,,,,,,,,,,,,,,,
94996,20201123,-96.85,40.7,,,,,,,,,,,,,,,,,,,,,,,,,,,,
94996,20201124,-96.85,40.7,,,,,,,,,,,,,,,,,,,,,,,,,,,,
94996,20201125,-96.85,40.7,,,,,,,,,,,,,,,,,,,,,,,,,,,,
94996,20201126,-96.85,40.7,,,,,,,,,,,,,,,,,,,,,,,,,,,,
94996,20201127,-96.85,40.7,,,,,,,,,,,,,,,,,,,,,,,,,,,,
94996,20201128,-96.85,40.7,,,,,,,,,,,,,,,,,,,,,,,,,,,,
94996,20201129,-96.85,40.7,,,,,,,,,,,,,,,,,,,,,,,,,,,,
94996,20201130,-96.85,40.7,,,,,,,,,,,,,,,,,,,,,,,,,,,,
94996,20201201,-96.85,40.7,,,,,,,,,,,,,,,,,,,,,,,,,,,,
94996,20201202,-96.85,40.7,,,,,,,,,,,,,,,,,,,,,,,,,,,,
94996,20201203,-96.85,40.7,,,,,,,,,,,,,,,,,,,,,,,,,,,,
94996,20201204,-96.85,40.7,,,,,,,,,,,,,,,,,,,,,,,,,,,,
94996,20201205,-96.85,40.7,,,,,,,,,,,,,,,,,,,,,,,,,,,,
94996,20201206,-96.85,40.7,,,,,,,,,,,,,,,,,,,,,,,,,,,,
94996,20201207,-96.85,40.7,,,,,,,,,,,,,,,,,,,,,,,,,,,,
94996,20201208,-96.85,40.7,,,,,,,,,,,,,,,,,,,,,,,,,,,,
94996,20201209,-96.85,40.7,,,,,,,,,,,,,,,,,,,,,,,,,,,,
94996,20201210,-96.85,40.7,,,,,,,,,,,,,,,,,,,,,,,,,,,,
94996,20201211,-96.85,40.7,,,,,,,,,,,,,,,,,,,,,,,,,,,,
94996,20201212,-96.85,40.7,,,,,,,,,,,,,,,,,,,,,,,,,,,,
94996,20201213,-96.85,40.7,,,,,,,,,,,,,,,,,,,,,,,,,,,,
94996,20201214,-96.85,40.7,,,,,,,,,,,,,,,,,,,,,,,,,,,,
94996,20201215,-96.85,40.7,,,,,,,,,,,,,,,,,,,,,,,,,,,,
94996,20201216,-96.85,40.7,,,,,,,,,,,,,,,,,,,,,,,,,,,,
94996,20201217,-96.85,40.7,,,,,,,,,,,,,,,,,,,,,,,,,,,,
94996,20201218,-96.85,40.7,,,,,,,,,,,,,,,,,,,,,,,,,,,,
94996,20201219,-96.85,40.7,,,,,,,,,,,,,,,,,,,,,,,,,,,,
94996,20201220,-96.85,40.7,,,,,,,,,,,,,,,,,,,,,,,,,,,,
94996,20201221,-96.85,40.7,,,,,,,,,,,,,,,,,,,,,,,,,,,,
94996,20201222,-96.85,40.7,,,,,,,,,,,,,,,,,,,,,,,,,,,,
94996,20201223,-96.85,40.7,,,,,,,,,,,,,,,,,,,,,,,,,,,,
94996,20201224,-96.85,40.7,,,,,,,,,,,,,,,,,,,,,,,,,,,,
94996,20201225,-96.85,40.7,,,,,,,,,,,,,,,,,,,,,,,,,,,,
94996,20201226,-96.85,40.7,,,,,,,,,,,,,,,,,,,,,,,,,,,,
94996,20201227,-96.85,40.7,,,,,,,,,,,,,,,,,,,,,,,,,,,,
94996,20201228,-96.85,40.7,,,,,,,,,,,,,,,,,,,,,,,,,,,,
94996,20201229,-96.85,40.7,,,,,,,,,,,,,,,,,,,,,,,,,,,,
94996,20201230,-96.85,40.7,,,,,,,,,,,,,,,,,,,,,,,,,,,,
94996,20201231,-96.85,40.7,,,,,,,,,,,,,,,,,,,,,,,,,,,,
94996,20210101,-96.85,40.7,,,,,,,,,,,,,,,,,,,,,,,,,,,,
94996,20210102,-96.85,40.7,,,,,,,,,,,,,,,,,,,,,,,,,,,,
94996,20210103,-96.85,40.7,,,,,,,,,,,,,,,,,,,,,,,,,,,,
94996,20210104,-96.85,40.7,,,,,,,,,,,,,,,,,,,,,,,,,,,,
94996,20210105,-96.85,40.7,,,,,,,,,,,,,,,,,,,,,,,,,,,,
94996,20210106,-96.85,40.7,,,,,,,,,,,,,,,,,,,,,,,,,,,,
94996,20210107,-96.85,40.7,,,,,,,,,,,,,,,,,,,,,,,,,,,,
94996,20210108,-96.85,40.7,,,,,,,,,,,,,,,,,,,,,,,,,,,,
94996,20210109,-96.85,40.7,,,,,,,,,,,,,,,,,,,,,,,,,,,,
94996,20210110,-96.85,40.7,,,,,,,,,,,,,,,,,,,,,,,,,,,,
94996,20210111,-96.85,40.7,,,,,,,,,,,,,,,,,,,,,,,,,,,,
94996,20210112,-96.85,40.7,,,,,,,,,,,,,,,,,,,,,,,,,,,,
94996,20210113,-96.85,40.7,,,,,,,,,,,,,,,,,,,,,,,,,,,,
94996,20210114,-96.85,40.7,,,,,,,,,,,,,,,,,,,,,,,,,,,,
94996,20210115,-96.85,40.7,,,,,,,,,,,,,,,,,,,,,,,,,,,,
94996,20210116,-96.85,40.7,,,,,,,,,,,,,,,,,,,,,,,,,,,,
94996,20210117,-96.85,40.7,,,,,,,,,,,,,,,,,,,,,,,,,,,,
94996,20210118,-96.85,40.7,,,,,,,,,,,,,,,,,,,,,,,,,,,,
94996,20210119,-96.85,40.7,,,,,,,,,,,,,,,,,,,,,,,,,,,,
94996,20210120,-96.85,40.7,,,,,,,,,,,,,,,,,,,,,,,,,,,,
94996,20210121,-96.85,40.7,,,,,,,,,,,,,,,,,,,,,,,,,,,,
94996,20210122,-96.85,40.7,,,,,,,,,,,,,,,,,,,,,,,,,,,,
94996,20210123,-96.85,40.7,,,,,,,,,,,,,,,,,,,,,,,,,,,,
94996,20210124,-96.85,40.7,,,,,,,,,,,,,,,,,,,,,,,,,,,,
94996,20210125,-96.85,40.7,,,,,,,,,,,,,,,,,,,,,,,,,,,,
94996,20210126,-96.85,40.7,,,,,,,,,,,,,,,,,,,,,,,,,,,,
94996,20210127,-96.85,40.7,,,,,,,,,,,,,,,,,,,,,,,,,,,,
94996,20210128,-96.85,40.7,,,,,,,,,,,,,,,,,,,,,,,,,,,,
94996,20210129,-96.85,40.7,,,,,,,,,,,,,,,,,,,,,,,,,,,,
94996,20210130,-96.85,40.7,,,,,,,,,,,,,,,,,,,,,,,,,,,,
94996,20210131,-96.85,40.7,,,,,,,,,,,,,,,,,,,,,,,,,,,,
94996,20210201,-96.85,40.7,,,,,,,,,,,,,,,,,,,,,,,,,,,,
94996,20210202,-96.85,40.7,,,,,,,,,,,,,,,,,,,,,,,,,,,,
94996,20210203,-96.85,40.7,,,,,,,,,,,,,,,,,,,,,,,,,,,,
94996,20210204,-96.85,40.7,,,,,,,,,,,,,,,,,,,,,,,,,,,,
94996,20210205,-96.85,40.7,,,,,,,,,,,,,,,,,,,,,,,,,,,,
94996,20210206,-96.85,40.7,,,,,,,,,,,,,,,,,,,,,,,,,,,,
94996,20210207,-96.85,40.7,,,,,,,,,,,,,,,,,,,,,,,,,,,,
94996,20210208,-96.85,40.7,,,,,,,,,,,,,,,,,,,,,,,,,,,,
94996,20210209,-96.85,40.7,,,,,,,,,,,,,,,,,,,,,,,,,,,,
94996,20210210,-96.85,40.7,,,,,,,,,,,,,,,,,,,,,,,,,,,,
94996,20210211,-96.85,40.7,,,,,,,,,,,,,,,,,,,,,,,,,,,,
94996,20210212,-96.85,40.7,,,,,,,,,,,,,,,,,,,,,,,,,,,,
94996,20210213,-96.85,40.7,,,,,,,,,,,,,,,,,,,,,,,,,,,,
94996,20210214,-96.85,40.7,,,,,,,,,,,,,,,,,,,,,,,,,,,,
94996,20210215,-96.85,40.7,,,,,,,,,,,,,,,,,,,,,,,,,,,,
94996,20210216,-96.85,40.7,,,,,,,,,,,,,,,,,,,,,,,,,,,,
94996,20210217,-96.85,40.7,,,,,,,,,,,,,,,,,,,,,,,,,,,,
94996,20210218,-96.85,40.7,,,,,,,,,,,,,,,,,,,,,,,,,,,,
94996,20210219,-96.85,40.7,,,,,,,,,,,,,,,,,,,,,,,,,,,,
94996,20210220,-96.85,40.7,,,,,,,,,,,,,,,,,,,,,,,,,,,,
94996,20210221,-96.85,40.7,,,,,,,,,,,,,,,,,,,,,,,,,,,,
94996,20210222,-96.85,40.7,,,,,,,,,,,,,,,,,,,,,,,,,,,,
94996,20210223,-96.85,40.7,,,,,,,,,,,,,,,,,,,,,,,,,,,,
94996,20210224,-96.85,40.7,,,,,,,,,,,,,,,,,,,,,,,,,,,,
94996,20210225,-96.85,40.7,,,,,,,,,,,,,,,,,,,,,,,,,,,,
94996,20210226,-96.85,40.7,,,,,,,,,,,,,,,,,,,,,,,,,,,,
94996,20210227,-96.85,40.7,,,,,,,,,,,,,,,,,,,,,,,,,,,,
94996,20210228,-96.85,40.7,,,,,,,,,,,,,,,,,,,,,,,,,,,,
94996,20210301,-96.85,40.7,,,,,,,,,,,,,,,,,,,,,,,,,,,,
94996,20210302,-96.85,40.7,,,,,,,,,,,,,,,,,,,,,,,,,,,,
94996,20210303,-96.85,40.7,,,,,,,,,,,,,,,,,,,,,,,,,,,,
94996,20210304,-96.85,40.7,,,,,,,,,,,,,,,,,,,,,,,,,,,,
94996,20210305,-96.85,40.7,,,,,,,,,,,,,,,,,,,,,,,,,,,,
94996,20210306,-96.85,40.7,,,,,,,,,,,,,,,,,,,,,,,,,,,,
94996,20210307,-96.85,40.7,,,,,,,,,,,,,,,,,,,,,,,,,,,,
94996,20210308,-96.85,40.7,,,,,,,,,,,,,,,,,,,,,,,,,,,,
94996,20210309,-96.85,40.7,,,,,,,,,,,,,,,,,,,,,,,,,,,,
94996,20210310,-96.85,40.7,,,,,,,,,,,,,,,,,,,,,,,,,,,,
94996,20210311,-96.85,40.7,,,,,,,,,,,,,,,,,,,,,,,,,,,,
94996,20210312,-96.85,40.7,,,,,,,,,,,,,,,,,,,,,,,,,,,,
94996,20210313,-96.85,40.7,,,,,,,,,,,,,,,,,,,,,,,,,,,,
94996,20210314,-96.85,40.7,,,,,,,,,,,,,,,,,,,,,,,,,,,,
94996,20210315,-96.85,40.7,,,,,,,,,,,,,,,,,,,,,,,,,,,,
94996,20210316,-96.85,40.7,,,,,,,,,,,,,,,,,,,,,,,,,,,,
94996,20210317,-96.85,40.7,,,,,,,,,,,,,,,,,,,,,,,,,,,,
94996,20210318,-96.85,40.7,,,,,,,,,,,,,,,,,,,,,,,,,,,,
94996,20210319,-96.85,40.7,,,,,,,,,,,,,,,,,,,,,,,,,,,,
94996,20210320,-96.85,40.7,,,,,,,,,,,,,,,,,,,,,,,,,,,,
94996,20210321,-96.85,40.7,,,,,,,,,,,,,,,,,,,,,,,,,,,,
94996,20210322,-96.85,40.7,,,,,,,,,,,,,,,,,,,,,,,,,,,,
94996,20210323,-96.85,40.7,,,,,,,,,,,,,,,,,,,,,,,,,,,,
94996,20210324,-96.85,40.7,,,,,,,,,,,,,,,,,,,,,,,,,,,,
94996,20210325,-96.85,40.7,,,,,,,,,,,,,,,,,,,,,,,,,,,,
94996,20210326,-96.85,40.7,,,,,,,,,,,,,,,,,,,,,,,,,,,,
94996,20210327,-96.85,40.7,,,,,,,,,,,,,,,,,,,,,,,,,,,,
94996,20210328,-96.85,40.7,,,,,,,,,,,,,,,,,,,,,,,,,,,,
94996,20210329,-96.85,40.7,,,,,,,,,,,,,,,,,,,,,,,,,,,,
94996,20210330,-96.85,40.7,,,,,,,,,,,,,,,,,,,,,,,,,,,,
94996,20210331,-96.85,40.7,,,,,,,,,,,,,,,,,,,,,,,,,,,,
94996,20210401,-96.85,40.7,,,,,,,,,,,,,,,,,,,,,,,,,,,,
94996,20210402,-96.85,40.7,,,,,,,,,,,,,,,,,,,,,,,,,,,,
94996,20210403,-96.85,40.7,,,,,,,,,,,,,,,,,,,,,,,,,,,,
94996,20210404,-96.85,40.7,,,,,,,,,,,,,,,,,,,,,,,,,,,,
94996,20210405,-96.85,40.7,,,,,,,,,,,,,,,,,,,,,,,,,,,,
94996,20210406,-96.85,40.7,,,,,,,,,,,,,,,,,,,,,,,,,,,,
94996,20210407,-96.85,40.7,,,,,,,,,,,,,,,,,,,,,,,,,,,,
94996,20210408,-96.85,40.7,,,,,,,,,,,,,,,,,,,,,,,,,,,,
94996,20210409,-96.85,40.7,,,,,,,,,,,,,,,,,,,,,,,,,,,,
94996,20210410,-96.85,40.7,,,,,,,,,,,,,,,,,,,,,,,,,,,,
94996,20210411,-96.85,40.7,,,,,,,,,,,,,,,,,,,,,,,,,,,,
94996,20210412,-96.85,40.7,,,,,,,,,,,,,,,,,,,,,,,,,,,,
94996,20210413,-96.85,40.7,,,,,,,,,,,,,,,,,,,,,,,,,,,,
94996,20210414,-96.85,40.7,,,,,,,,,,,,,,,,,,,,,,,,,,,,
94996,20210415,-96.85,40.7,,,,,,,,,,,,,,,,,,,,,,,,,,,,
94996,20210416,-96.85,40.7,,,,,,,,,,,,,,,,,,,,,,,,,,,,
94996,20210417,-96.85,40.7,,,,,,,,,,,,,,,,,,,,,,,,,,,,
94996,20210418,-96.85,40.7,,,,,,,,,,,,,,,,,,,,,,,,,,,,
94996,20210419,-96.85,40.7,,,,,,,,,,,,,,,,,,,,,,,,,,,,
94996,20210420,-96.85,40.7,,,,,,,,,,,,,,,,,,,,,,,,,,,,
94996,20210421,-96.85,40.7,,,,,,,,,,,,,,,,,,,,,,,,,,,,
94996,20210422,-96.85,40.7,,,,,,,,,,,,,,,,,,,,,,,,,,,,
94996,20210423,-96.85,40.7,,,,,,,,,,,,,,,,,,,,,,,,,,,,
94996,20210424,-96.85,40.7,,,,,,,,,,,,,,,,,,,,,,,,,,,,
94996,20210425,-96.85,40.7,,,,,,,,,,,,,,,,,,,,,,,,,,,,
94996,20210426,-96.85,40.7,,,,,,,,,,,,,,,,,,,,,,,,,,,,
94996,20210427,-96.85,40.7,,,,,,,,,,,,,,,,,,,,,,,,,,,,
94996,20210428,-96.85,40.7,,,,,,,,,,,,,,,,,,,,,,,,,,,,
94996,20210429,-96.85,40.7,,,,,,,,,,,,,,,,,,,,,,,,,,,,
94996,20210430,-96.85,40.7,,,,,,,,,,,,,,,,,,,,,,,,,,,,
94996,20210501,-96.85,40.7,,,,,,,,,,,,,,,,,,,,,,,,,,,,
94996,20210502,-96.85,40.7,,,,,,,,,,,,,,,,,,,,,,,,,,,,
94996,20210503,-96.85,40.7,,,,,,,,,,,,,,,,,,,,,,,,,,,,
94996,20210504,-96.85,40.7,,,,,,,,,,,,,,,,,,,,,,,,,,,,
94996,20210505,-96.85,40.7,,,,,,,,,,,,,,,,,,,,,,,,,,,,
94996,20210506,-96.85,40.7,,,,,,,,,,,,,,,,,,,,,,,,,,,,
94996,20210507,-96.85,40.7,,,,,,,,,,,,,,,,,,,,,,,,,,,,
94996,20210508,-96.85,40.7,,,,,,,,,,,,,,,,,,,,,,,,,,,,
94996,20210509,-96.85,40.7,,,,,,,,,,,,,,,,,,,,,,,,,,,,
94996,20210510,-96.85,40.7,,,,,,,,,,,,,,,,,,,,,,,,,,,,
94996,20210511,-96.85,40.7,,,,,,,,,,,,,,,,,,,,,,,,,,,,
94996,20210512,-96.85,40.7,,,,,,,,,,,,,,,,,,,,,,,,,,,,
94996,20210513,-96.85,40.7,,,,,,,,,,,,,,,,,,,,,,,,,,,,
94996,20210514,-96.85,40.7,,,,,,,,,,,,,,,,,,,,,,,,,,,,
94996,20210515,-96.85,40.7,,,,,,,,,,,,,,,,,,,,,,,,,,,,
94996,20210516,-96.85,40.7,,,,,,,,,,,,,,,,,,,,,,,,,,,,
94996,20210517,-96.85,40.7,,,,,,,,,,,,,,,,,,,,,,,,,,,,
94996,20210518,-96.85,40.7,,,,,,,,,,,,,,,,,,,,,,,,,,,,
94996,20210519,-96.85,40.7,,,,,,,,,,,,,,,,,,,,,,,,,,,,
94996,20210520,-96.85,40.7,,,,,,,,,,,,,,,,,,,,,,,,,,,,
94996,20210521,-96.85,40.7,,,,,,,,,,,,,,,,,,,,,,,,,,,,
94996,20210522,-96.85,40.7,,,,,,,,,,,,,,,,,,,,,,,,,,,,
94996,20210523,-96.85,40.7,,,,,,,,,,,,,,,,,,,,,,,,,,,,
94996,20210524,-96.85,40.7,,,,,,,,,,,,,,,,,,,,,,,,,,,,
94996,20210525,-96.85,40.7,,,,,,,,,,,,,,,,,,,,,,,,,,,,
94996,20210526,-96.85,40.7,,,,,,,,,,,,,,,,,,,,,,,,,,,,
94996,20210527,-96.85,40.7,,,,,,,,,,,,,,,,,,,,,,,,,,,,
94996,20210528,-96.85,40.7,,,,,,,,,,,,,,,,,,,,,,,,,,,,
94996,20210529,-96.85,40.7,,,,,,,,,,,,,,,,,,,,,,,,,,,,
94996,20210530,-96.85,40.7,,,,,,,,,,,,,,,,,,,,,,,,,,,,
94996,20210531,-96.85,40.7,,,,,,,,,,,,,,,,,,,,,,,,,,,,
94996,20210601,-96.85,40.7,,,,,,,,,,,,,,,,,,,,,,,,,,,,
94996,20210602,-96.85,40.7,,,,,,,,,,,,,,,,,,,,,,,,,,,,
94996,20210603,-96.85,40.7,,,,,,,,,,,,,,,,,,,,,,,,,,,,
94996,20210604,-96.85,40.7,,,,,,,,,,,,,,,,,,,,,,,,,,,,
94996,20210605,-96.85,40.7,,,,,,,,,,,,,,,,,,,,,,,,,,,,
94996,20210606,-96.85,40.7,,,,,,,,,,,,,,,,,,,,,,,,,,,,
94996,20210607,-96.85,40.7,,,,,,,,,,,,,,,,,,,,,,,,,,,,
94996,20210608,-96.85,40.7,,,,,,,,,,,,,,,,,,,,,,,,,,,,
94996,20210609,-96.85,40.7,,,,,,,,,,,,,,,,,,,,,,,,,,,,
94996,20210610,-96.85,40.7,,,,,,,,,,,,,,,,,,,,,,,,,,,,
94996,20210611,-96.85,40.7,,,,,,,,,,,,,,,,,,,,,,,,,,,,
94996,20210612,-96.85,40.7,,,,,,,,,,,,,,,,,,,,,,,,,,,,
94996,20210613,-96.85,40.7,,,,,,,,,,,,,,,,,,,,,,,,,,,,
94996,20210614,-96.85,40.7,,,,,,,,,,,,,,,,,,,,,,,,,,,,
94996,20210615,-96.85,40.7,,,,,,,,,,,,,,,,,,,,,,,,,,,,
94996,20210616,-96.85,40.7,,,,,,,,,,,,,,,,,,,,,,,,,,,,
94996,20210617,-96.85,40.7,,,,,,,,,,,,,,,,,,,,,,,,,,,,
94996,20210618,-96.85,40.7,,,,,,,,,,,,,,,,,,,,,,,,,,,,
94996,20210619,-96.85,40.7,,,,,,,,,,,,,,,,,,,,,,,,,,,,
94996,20210620,-96.85,40.7,,,,,,,,,,,,,,,,,,,,,,,,,,,,
94996,20210621,-96.85,40.7,,,,,,,,,,,,,,,,,,,,,,,,,,,,
94996,20210622,-96.85,40.7,,,,,,,,,,,,,,,,,,,,,,,,,,,,
94996,20210623,-96.85,40.7,,,,,,,,,,,,,,,,,,,,,,,,,,,,
94996,20210624,-96.85,40.7,,,,,,,,,,,,,,,,,,,,,,,,,,,,
94996,20210625,-96.85,40.7,,,,,,,,,,,,,,,,,,,,,,,,,,,,
94996,20210626,-96.85,40.7,,,,,,,,,,,,,,,,,,,,,,,,,,,,
94996,20210627,-96.85,40.7,,,,,,,,,,,,,,,,,,,,,,,,,,,,
94996,20210628,-96.85,40.7,,,,,,,,,,,,,,,,,,,,,,,,,,,,
94996,20210629,-96.85,40.7,,,,,,,,,,,,,,,,,,,,,,,,,,,,
94996,20210630,-96.85,40.7,,,,,,,,,,,,,,,,,,,,,,,,,,,,
94996,20210701,-96.85,40.7,,,,,,,,,,,,,,,,,,,,,,,,,,,,
94996,20210702,-96.85,40.7,,,,,,,,,,,,,,,,,,,,,,,,,,,,
94996,20210703,-96.85,40.7,,,,,,,,,,,,,,,,,,,,,,,,,,,,
94996,20210704,-96.85,40.7,,,,,,,,,,,,,,,,,,,,,,,,,,,,
94996,20210705,-96.85,40.7,,,,,,,,,,,,,,,,,,,,,,,,,,,,
94996,20210706,-96.85,40.7,,,,,,,,,,,,,,,,,,,,,,,,,,,,
94996,20210707,-96.85,40.7,,,,,,,,,,,,,,,,,,,,,,,,,,,,
94996,20210708,-96.85,40.7,,,,,,,,,,,,,,,,,,,,,,,,,,,,
94996,20210709,-96.85,40.7,,,,,,,,,,,,,,,,,,,,,,,,,,,,
94996,20210710,-96.85,40.7,,,,,,,,,,,,,,,,,,,,,,,,,,,,
94996,20210711,-96.85,40.7,,,,,,,,,,,,,,,,,,,,,,,,,,,,
94996,20210712,-96.85,40.7,,,,,,,,,,,,,,,,,,,,,,,,,,,,
94996,20210713,-96.85,40.7,,,,,,,,,,,,,,,,,,,,,,,,,,,,
94996,20210714,-96.85,40.7,,,,,,,,,,,,,,,,,,,,,,,,,,,,
94996,20210715,-96.85,40.7,,,,,,,,,,,,,,,,,,,,,,,,,,,,
94996,20210716,-96.85,40.7,,,,,,,,,,,,,,,,,,,,,,,,,,,,
94996,20210717,-96.85,40.7,,,,,,,,,,,,,,,,,,,,,,,,,,,,
94996,20210718,-96.85,40.7,,,,,,,,,,,,,,,,,,,,,,,,,,,,
94996,20210719,-96.85,40.7,,,,,,,,,,,,,,,,,,,,,,,,,,,,
94996,20210720,-96.85,40.7,,,,,,,,,,,,,,,,,,,,,,,,,,,,
94996,20210721,-96.85,40.7,,,,,,,,,,,,,,,,,,,,,,,,,,,,
94996,20210722,-96.85,40.7,,,,,,,,,,,,,,,,,,,,,,,,,,,,
94996,20210723,-96.85,40.7,,,,,,,,,,,,,,,,,,,,,,,,,,,,
94996,20210724,-96.85,40.7,,,,,,,,,,,,,,,,,,,,,,,,,,,,
94996,20210725,-96.85,40.7,,,,,,,,,,,,,,,,,,,,,,,,,,,,
94996,20210726,-96.85,40.7,,,,,,,,,,,,,,,,,,,,,,,,,,,,
94996,20210727,-96.85,40.7,,,,,,,,,,,,,,,,,,,,,,,,,,,,
94996,20210728,-96.85,40.7,,,,,,,,,,,,,,,,,,,,,,,,,,,,
94996,20210729,-96.85,40.7,,,,,,,,,,,,,,,,,,,,,,,,,,,,
94996,20210730,-96.85,40.7,,,,,,,,,,,,,,,,,,,,,,,,,,,,
94996,20210731,-96.85,40.7,,,,,,,,,,,,,,,,,,,,,,,,,,,,
94996,20210801,-96.85,40.7,,,,,,,,,,,,,,,,,,,,,,,,,,,,
94996,20210802,-96.85,40.7,,,,,,,,,,,,,,,,,,,,,,,,,,,,
94996,20210803,-96.85,40.7,,,,,,,,,,,,,,,,,,,,,,,,,,,,
94996,20210804,-96.85,40.7,,,,,,,,,,,,,,,,,,,,,,,,,,,,
94996,20210805,-96.85,40.7,,,,,,,,,,,,,,,,,,,,,,,,,,,,
94996,20210806,-96.85,40.7,,,,,,,,,,,,,,,,,,,,,,,,,,,,
94996,20210807,-96.85,40.7,,,,,,,,,,,,,,,,,,,,,,,,,,,,
94996,20210808,-96.85,40.7,,,,,,,,,,,,,,,,,,,,,,,,,,,,
94996,20210809,-96.85,40.7,,,,,,,,,,,,,,,,,,,,,,,,,,,,
94996,20210810,-96.85,40.7,,,,,,,,,,,,,,,,,,,,,,,,,,,,
94996,20210811,-96.85,40.7,,,,,,,,,,,,,,,,,,,,,,,,,,,,
94996,20210812,-96.85,40.7,,,,,,,,,,,,,,,,,,,,,,,,,,,,
94996,20210813,-96.85,40.7,,,,,,,,,,,,,,,,,,,,,,,,,,,,
94996,20210814,-96.85,40.7,,,,,,,,,,,,,,,,,,,,,,,,,,,,
94996,20210815,-96.85,40.7,,,,,,,,,,,,,,,,,,,,,,,,,,,,
94996,20210816,-96.85,40.7,,,,,,,,,,,,,,,,,,,,,,,,,,,,
94996,20210817,-96.85,40.7,,,,,,,,,,,,,,,,,,,,,,,,,,,,
94996,20210818,-96.85,40.7,,,,,,,,,,,,,,,,,,,,,,,,,,,,
94996,20210819,-96.85,40.7,,,,,,,,,,,,,,,,,,,,,,,,,,,,
94996,20210820,-96.85,40.7,,,,,,,,,,,,,,,,,,,,,,,,,,,,
94996,20210821,-96.85,40.7,,,,,,,,,,,,,,,,,,,,,,,,,,,,
94996,20210822,-96.85,40.7,,,,,,,,,,,,,,,,,,,,,,,,,,,,
94996,20210823,-96.85,40.7,,,,,,,,,,,,,,,,,,,,,,,,,,,,
94996,20210824,-96.85,40.7,,,,,,,,,,,,,,,,,,,,,,,,,,,,
94996,20210825,-96.85,40.7,,,,,,,,,,,,,,,,,,,,,,,,,,,,
94996,20210826,-96.85,40.7,,,,,,,,,,,,,,,,,,,,,,,,,,,,
94996,20210827,-96.85,40.7,,,,,,,,,,,,,,,,,,,,,,,,,,,,
94996,20210828,-96.85,40.7,,,,,,,,,,,,,,,,,,,,,,,,,,,,
94996,20210829,-96.85,40.7,,,,,,,,,,,,,,,,,,,,,,,,,,,,
94996,20210830,-96.85,40.7,,,,,,,,,,,,,,,,,,,,,,,,,,,,
94996,20210831,-96.85,40.7,,,,,,,,,,,,,,,,,,,,,,,,,,,,
94996,20210901,-96.85,40.7,,,,,,,,,,,,,,,,,,,,,,,,,,,,
94996,20210902,-96.85,40.7,,,,,,,,,,,,,,,,,,,,,,,,,,,,
94996,20210903,-96.85,40.7,,,,,,,,,,,,,,,,,,,,,,,,,,,,
94996,20210904,-96.85,40.7,,,,,,,,,,,,,,,,,,,,,,,,,,,,
94996,20210905,-96.85,40.7,,,,,,,,,,,,,,,,,,,,,,,,,,,,
94996,20210906,-96.85,40.7,,,,,,,,,,,,,,,,,,,,,,,,,,,,
94996,20210907,-96.85,40.7,,,,,,,,,,,,,,,,,,,,,,,,,,,,
94996,20210908,-96.85,40.7,,,,,,,,,,,,,,,,,,,,,,,,,,,,
94996,20210909,-96.85,40.7,,,,,,,,,,,,,,,,,,,,,,,,,,,,
94996,20210910,-96.85,40.7,,,,,,,,,,,,,,,,,,,,,,,,,,,,
94996,20210911,-96.85,40.7,,,,,,,,,,,,,,,,,,,,,,,,,,,,
94996,20210912,-96.85,40.7,,,,,,,,,,,,,,,,,,,,,,,,,,,,
94996,20210913,-96.85,40.7,,,,,,,,,,,,,,,,,,,,,,,,,,,,
94996,20210914,-96.85,40.7,,,,,,,,,,,,,,,,,,,,,,,,,,,,
94996,20210915,-96.85,40.7,,,,,,,,,,,,,,,,,,,,,,,,,,,,
94996,20210916,-96.85,40.7,,,,,,,,,,,,,,,,,,,,,,,,,,,,
94996,20210917,-96.85,40.7,,,,,,,,,,,,,,,,,,,,,,,,,,,,
94996,20210918,-96.85,40.7,,,,,,,,,,,,,,,,,,,,,,,,,,,,
94996,20210919,-96.85,40.7,,,,,,,,,,,,,,,,,,,,,,,,,,,,
94996,20210920,-96.85,40.7,,,,,,,,,,,,,,,,,,,,,,,,,,,,
94996,20210921,-96.85,40.7,,,,,,,,,,,,,,,,,,,,,,,,,,,,
94996,20210922,-96.85,40.7,,,,,,,,,,,,,,,,,,,,,,,,,,,,
94996,20210923,-96.85,40.7,,,,,,,,,,,,,,,,,,,,,,,,,,,,
94996,20210924,-96.85,40.7,,,,,,,,,,,,,,,,,,,,,,,,,,,,
94996,20210925,-96.85,40.7,,,,,,,,,,,,,,,,,,,,,,,,,,,,
94996,20210926,-96.85,40.7,,,,,,,,,,,,,,,,,,,,,,,,,,,,
94996,20210927,-96.85,40.7,,,,,,,,,,,,,,,,,,,,,,,,,,,,
94996,20210928,-96.85,40.7,,,,,,,,,,,,,,,,,,,,,,,,,,,,
94996,20210929,-96.85,40.7,,,,,,,,,,,,,,,,,,,,,,,,,,,,
94996,20210930,-96.85,40.7,,,,,,,,,,,,,,,,,,,,,,,,,,,,
94996,20211001,-96.85,40.7,,,,,,,,,,,,,,,,,,,,,,,,,,,,
94996,20211002,-96.85,40.7,,,,,,,,,,,,,,,,,,,,,,,,,,,,
94996,20211003,-96.85,40.7,,,,,,,,,,,,,,,,,,,,,,,,,,,,
94996,20211004,-96.85,40.7,,,,,,,,,,,,,,,,,,,,,,,,,,,,
94996,20211005,-96.85,40.7,,,,,,,,,,,,,,,,,,,,,,,,,,,,
94996,20211006,-96.85,40.7,,,,,,,,,,,,,,,,,,,,,,,,,,,,
94996,20211007,-96.85,40.7,,,,,,,,,,,,,,,,,,,,,,,,,,,,
94996,20211008,-96.85,40.7,,,,,,,,,,,,,,,,,,,,,,,,,,,,
94996,20211009,-96.85,40.7,,,,,,,,,,,,,,,,,,,,,,,,,,,,
94996,20211010,-96.85,40.7,,,,,,,,,,,,,,,,,,,,,,,,,,,,
94996,20211011,-96.85,40.7,,,,,,,,,,,,,,,,,,,,,,,,,,,,
94996,20211012,-96.85,40.7,,,,,,,,,,,,,,,,,,,,,,,,,,,,
94996,20211013,-96.85,40.7,,,,,,,,,,,,,,,,,,,,,,,,,,,,
94996,20211014,-96.85,40.7,,,,,,,,,,,,,,,,,,,,,,,,,,,,
94996,20211015,-96.85,40.7,,,,,,,,,,,,,,,,,,,,,,,,,,,,
94996,20211016,-96.85,40.7,,,,,,,,,,,,,,,,,,,,,,,,,,,,
94996,20211017,-96.85,40.7,,,,,,,,,,,,,,,,,,,,,,,,,,,,
94996,20211018,-96.85,40.7,,,,,,,,,,,,,,,,,,,,,,,,,,,,
94996,20211019,-96.85,40.7,,,,,,,,,,,,,,,,,,,,,,,,,,,,
94996,20211020,-96.85,40.7,,,,,,,,,,,,,,,,,,,,,,,,,,,,
94996,20211021,-96.85,40.7,,,,,,,,,,,,,,,,,,,,,,,,,,,,
94996,20211022,-96.85,40.7,,,,,,,,,,,,,,,,,,,,,,,,,,,,
94996,20211023,-96.85,40.7,,,,,,,,,,,,,,,,,,,,,,,,,,,,
94996,20211024,-96.85,40.7,,,,,,,,,,,,,,,,,,,,,,,,,,,,
94996,20211025,-96.85,40.7,,,,,,,,,,,,,,,,,,,,,,,,,,,,
94996,20211026,-96.85,40.7,,,,,,,,,,,,,,,,,,,,,,,,,,,,
94996,20211027,-96.85,40.7,,,,,,,,,,,,,,,,,,,,,,,,,,,,
94996,20211028,-96.85,40.7,,,,,,,,,,,,,,,,,,,,,,,,,,,,
94996,20211029,-96.85,40.7,,,,,,,,,,,,,,,,,,,,,,,,,,,,
94996,20211030,-96.85,40.7,,,,,,,,,,,,,,,,,,,,,,,,,,,,
94996,20211031,-96.85,40.7,,,,,,,,,,,,,,,,,,,,,,,,,,,,
94996,20211101,-96.85,40.7,,,,,,,,,,,,,,,,,,,,,,,,,,,,
94996,20211102,-96.85,40.7,,,,,,,,,,,,,,,,,,,,,,,,,,,,
94996,20211103,-96.85,40.7,,,,,,,,,,,,,,,,,,,,,,,,,,,,
94996,20211104,-96.85,40.7,,,,,,,,,,,,,,,,,,,,,,,,,,,,
94996,20211105,-96.85,40.7,,,,,,,,,,,,,,,,,,,,,,,,,,,,
94996,20211106,-96.85,40.7,,,,,,,,,,,,,,,,,,,,,,,,,,,,
94996,20211107,-96.85,40.7,,,,,,,,,,,,,,,,,,,,,,,,,,,,
94996,20211108,-96.85,40.7,,,,,,,,,,,,,,,,,,,,,,,,,,,,
94996,20211109,-96.85,40.7,,,,,,,,,,,,,,,,,,,,,,,,,,,,
94996,20211110,-96.85,40.7,,,,,,,,,,,,,,,,,,,,,,,,,,,,
94996,20211111,-96.85,40.7,,,,,,,,,,,,,,,,,,,,,,,,,,,,
94996,20211112,-96.85,40.7,,,,,,,,,,,,,,,,,,,,,,,,,,,,
94996,20211113,-96.85,40.7,,,,,,,,,,,,,,,,,,,,,,,,,,,,
94996,20211114,-96.85,40.7,,,,,,,,,,,,,,,,,,,,,,,,,,,,
94996,20211115,-96.85,40.7,,,,,,,,,,,,,,,,,,,,,,,,,,,,
94996,20211116,-96.85,40.7,,,,,,,,,,,,,,,,,,,,,,,,,,,,
94996,20211117,-96.85,40.7,,,,,,,,,,,,,,,,,,,,,,,,,,,,
94996,20211118,-96.85,40.7,,,,,,,,,,,,,,,,,,,,,,,,,,,,
94996,20211119,-96.85,40.7,,,,,,,,,,,,,,,,,,,,,,,,,,,,
94996,20211120,-96.85,40.7,,,,,,,,,,,,,,,,,,,,,,,,,,,,
94996,20211121,-96.85,40.7,,,,,,,,,,,,,,,,,,,,,,,,,,,,
94996,20211122,-96.85,40.7,,,,,,,,,,,,,,,,,,,,,,,,,,,,
94996,20211123,-96.85,40.7,,,,,,,,,,,,,,,,,,,,,,,,,,,,
94996,20211124,-96.85,40.7,,,,,,,,,,,,,,,,,,,,,,,,,,,,
94996,20211125,-96.85,40.7,,,,,,,,,,,,,,,,,,,,,,,,,,,,
94996,20211126,-96.85,40.7,,,,,,,,,,,,,,,,,,,,,,,,,,,,
94996,20211127,-96.85,40.7,,,,,,,,,,,,,,,,,,,,,,,,,,,,
94996,20211128,-96.85,40.7,,,,,,,,,,,,,,,,,,,,,,,,,,,,
94996,20211129,-96.85,40.7,,,,,,,,,,,,,,,,,,,,,,,,,,,,
94996,20211130,-96.85,40.7,,,,,,,,,,,,,,,,,,,,,,,,,,,,
94996,20211201,-96.85,40.7,,,,,,,,,,,,,,,,,,,,,,,,,,,,
94996,20211202,-96.85,40.7,,,,,,,,,,,,,,,,,,,,,,,,,,,,
94996,20211203,-96.85,40.7,,,,,,,,,,,,,,,,,,,,,,,,,,,,
94996,20211204,-96.85,40.7,,,,,,,,,,,,,,,,,,,,,,,,,,,,
94996,20211205,-96.85,40.7,,,,,,,,,,,,,,,,,,,,,,,,,,,,
94996,20211206,-96.85,40.7,,,,,,,,,,,,,,,,,,,,,,,,,,,,
94996,20211207,-96.85,40.7,,,,,,,,,,,,,,,,,,,,,,,,,,,,
94996,20211208,-96.85,40.7,,,,,,,,,,,,,,,,,,,,,,,,,,,,
94996,20211209,-96.85,40.7,,,,,,,,,,,,,,,,,,,,,,,,,,,,
94996,20211210,-96.85,40.7,,,,,,,,,,,,,,,,,,,,,,,,,,,,
94996,20211211,-96.85,40.7,,,,,,,,,,,,,,,,,,,,,,,,,,,,
94996,20211212,-96.85,40.7,,,,,,,,,,,,,,,,,,,,,,,,,,,,
94996,20211213,-96.85,40.7,,,,,,,,,,,,,,,,,,,,,,,,,,,,
94996,20211214,-96.85,40.7,,,,,,,,,,,,,,,,,,,,,,,,,,,,
94996,20211215,-96.85,40.7,,,,,,,,,,,,,,,,,,,,,,,,,,,,
94996,20211216,-96.85,40.7,,,,,,,,,,,,,,,,,,,,,,,,,,,,
94996,20211217,-96.85,40.7,,,,,,,,,,,,,,,,,,,,,,,,,,,,
94996,20211218,-96.85,40.7,,,,,,,,,,,,,,,,,,,,,,,,,,,,
94996,20211219,-96.85,40.7,,,,,,,,,,,,,,,,,,,,,,,,,,,,
94996,20211220,-96.85,40.7,,,,,,,,,,,,,,,,,,,,,,,,,,,,
94996,20211221,-96.85,40.7,,,,,,,,,,,,,,,,,,,,,,,,,,,,
94996,20211222,-96.85,40.7,,,,,,,,,,,,,,,,,,,,,,,,,,,,
94996,20211223,-96.85,40.7,,,,,,,,,,,,,,,,,,,,,,,,,,,,
94996,20211224,-96.85,40.7,,,,,,,,,,,,,,,,,,,,,,,,,,,,
94996,20211225,-96.85,40.7,,,,,,,,,,,,,,,,,,,,,,,,,,,,
94996,20211226,-96.85,40.7,,,,,,,,,,,,,,,,,,,,,,,,,,,,
94996,20211227,-96.85,40.7,,,,,,,,,,,,,,,,,,,,,,,,,,,,
94996,20211228,-96.85,40.7,,,,,,,,,,,,,,,,,,,,,,,,,,,,
94996,20211229,-96.85,40.7,,,,,,,,,,,,,,,,,,,,,,,,,,,,
94996,20211230,-96.85,40.7,,,,,,,,,,,,,,,,,,,,,,,,,,,,
94996,20211231,-96.85,40.7,,,,,,,,,,,,,,,,,,,,,,,,,,,,
94996,20220101,-96.85,40.7,,,,,,,,,,,,,,,,,,,,,,,,,,,,
94996,20220102,-96.85,40.7,,,,,,,,,,,,,,,,,,,,,,,,,,,,
94996,20220103,-96.85,40.7,,,,,,,,,,,,,,,,,,,,,,,,,,,,
94996,20220104,-96.85,40.7,,,,,,,,,,,,,,,,,,,,,,,,,,,,
94996,20220105,-96.85,40.7,,,,,,,,,,,,,,,,,,,,,,,,,,,,
94996,20220106,-96.85,40.7,,,,,,,,,,,,,,,,,,,,,,,,,,,,
94996,20220107,-96.85,40.7,,,,,,,,,,,,,,,,,,,,,,,,,,,,
94996,20220108,-96.85,40.7,,,,,,,,,,,,,,,,,,,,,,,,,,,,
94996,20220109,-96.85,40.7,,,,,,,,,,,,,,,,,,,,,,,,,,,,
94996,20220110,-96.85,40.7,,,,,,,,,,,,,,,,,,,,,,,,,,,,
94996,20220111,-96.85,40.7,,,,,,,,,,,,,,,,,,,,,,,,,,,,
94996,20220112,-96.85,40.7,,,,,,,,,,,,,,,,,,,,,,,,,,,,
94996,20220113,-96.85,40.7,,,,,,,,,,,,,,,,,,,,,,,,,,,,
94996,20220114,-96.85,40.7,,,,,,,,,,,,,,,,,,,,,,,,,,,,
94996,20220115,-96.85,40.7,,,,,,,,,,,,,,,,,,,,,,,,,,,,
94996,20220116,-96.85,40.7,,,,,,,,,,,,,,,,,,,,,,,,,,,,
94996,20220117,-96.85,40.7,,,,,,,,,,,,,,,,,,,,,,,,,,,,
94996,20220118,-96.85,40.7,,,,,,,,,,,,,,,,,,,,,,,,,,,,
94996,20220119,-96.85,40.7,,,,,,,,,,,,,,,,,,,,,,,,,,,,
94996,20220120,-96.85,40.7,,,,,,,,,,,,,,,,,,,,,,,,,,,,
94996,20220121,-96.85,40.7,,,,,,,,,,,,,,,,,,,,,,,,,,,,
94996,20220122,-96.85,40.7,,,,,,,,,,,,,,,,,,,,,,,,,,,,
94996,20220123,-96.85,40.7,,,,,,,,,,,,,,,,,,,,,,,,,,,,
94996,20220124,-96.85,40.7,,,,,,,,,,,,,,,,,,,,,,,,,,,,
94996,20220125,-96.85,40.7,,,,,,,,,,,,,,,,,,,,,,,,,,,,
94996,20220126,-96.85,40.7,,,,,,,,,,,,,,,,,,,,,,,,,,,,
94996,20220127,-96.85,40.7,,,,,,,,,,,,,,,,,,,,,,,,,,,,
94996,20220128,-96.85,40.7,,,,,,,,,,,,,,,,,,,,,,,,,,,,
94996,20220129,-96.85,40.7,,,,,,,,,,,,,,,,,,,,,,,,,,,,
94996,20220130,-96.85,40.7,,,,,,,,,,,,,,,,,,,,,,,,,,,,
94996,20220131,-96.85,40.7,,,,,,,,,,,,,,,,,,,,,,,,,,,,
94996,20220201,-96.85,40.7,,,,,,,,,,,,,,,,,,,,,,,,,,,,
94996,20220202,-96.85,40.7,,,,,,,,,,,,,,,,,,,,,,,,,,,,
94996,20220203,-96.85,40.7,,,,,,,,,,,,,,,,,,,,,,,,,,,,
94996,20220204,-96.85,40.7,,,,,,,,,,,,,,,,,,,,,,,,,,,,
94996,20220205,-96.85,40.7,,,,,,,,,,,,,,,,,,,,,,,,,,,,
94996,20220206,-96.85,40.7,,,,,,,,,,,,,,,,,,,,,,,,,,,,
94996,20220207,-96.85,40.7,,,,,,,,,,,,,,,,,,,,,,,,,,,,
94996,20220208,-96.85,40.7,,,,,,,,,,,,,,,,,,,,,,,,,,,,
94996,20220209,-96.85,40.7,,,,,,,,,,,,,,,,,,,,,,,,,,,,
94996,20220210,-96.85,40.7,,,,,,,,,,,,,,,,,,,,,,,,,,,,
94996,20220211,-96.85,40.7,,,,,,,,,,,,,,,,,,,,,,,,,,,,
94996,20220212,-96.85,40.7,,,,,,,,,,,,,,,,,,,,,,,,,,,,
94996,20220213,-96.85,40.7,,,,,,,,,,,,,,,,,,,,,,,,,,,,
94996,20220214,-96.85,40.7,,,,,,,,,,,,,,,,,,,,,,,,,,,,
94996,20220215,-96.85,40.7,,,,,,,,,,,,,,,,,,,,,,,,,,,,
94996,20220216,-96.85,40.7,,,,,,,,,,,,,,,,,,,,,,,,,,,,
94996,20220217,-96.85,40.7,,,,,,,,,,,,,,,,,,,,,,,,,,,,
94996,20220218,-96.85,40.7,,,,,,,,,,,,,,,,,,,,,,,,,,,,
94996,20220219,-96.85,40.7,,,,,,,,,,,,,,,,,,,,,,,,,,,,
94996,20220220,-96.85,40.7,,,,,,,,,,,,,,,,,,,,,,,,,,,,
94996,20220221,-96.85,40.7,,,,,,,,,,,,,,,,,,,,,,,,,,,,
94996,20220222,-96.85,40.7,,,,,,,,,,,,,,,,,,,,,,,,,,,,
94996,20220223,-96.85,40.7,,,,,,,,,,,,,,,,,,,,,,,,,,,,
94996,20220224,-96.85,40.7,,,,,,,,,,,,,,,,,,,,,,,,,,,,
94996,20220225,-96.85,40.7,,,,,,,,,,,,,,,,,,,,,,,,,,,,
94996,20220226,-96.85,40.7,,,,,,,,,,,,,,,,,,,,,,,,,,,,
94996,20220227,-96.85,40.7,,,,,,,,,,,,,,,,,,,,,,,,,,,,
94996,20220228,-96.85,40.7,,,,,,,,,,,,,,,,,,,,,,,,,,,,
94996,20220301,-96.85,40.7,,,,,,,,,,,,,,,,,,,,,,,,,,,,
94996,20220302,-96.85,40.7,,,,,,,,,,,,,,,,,,,,,,,,,,,,
94996,20220303,-96.85,40.7,,,,,,,,,,,,,,,,,,,,,,,,,,,,
94996,20220304,-96.85,40.7,,,,,,,,,,,,,,,,,,,,,,,,,,,,
94996,20220305,-96.85,40.7,,,,,,,,,,,,,,,,,,,,,,,,,,,,
94996,20220306,-96.85,40.7,,,,,,,,,,,,,,,,,,,,,,,,,,,,
94996,20220307,-96.85,40.7,,,,,,,,,,,,,,,,,,,,,,,,,,,,
94996,20220308,-96.85,40.7,,,,,,,,,,,,,,,,,,,,,,,,,,,,
94996,20220309,-96.85,40.7,,,,,,,,,,,,,,,,,,,,,,,,,,,,
94996,20220310,-96.85,40.7,,,,,,,,,,,,,,,,,,,,,,,,,,,,
94996,20220311,-96.85,40.7,,,,,,,,,,,,,,,,,,,,,,,,,,,,
94996,20220312,-96.85,40.7,,,,,,,,,,,,,,,,,,,,,,,,,,,,
94996,20220313,-96.85,40.7,,,,,,,,,,,,,,,,,,,,,,,,,,,,
94996,20220314,-96.85,40.7,,,,,,,,,,,,,,,,,,,,,,,,,,,,
94996,20220315,-96.85,40.7,,,,,,,,,,,,,,,,,,,,,,,,,,,,
94996,20220316,-96.85,40.7,,,,,,,,,,,,,,,,,,,,,,,,,,,,
94996,20220317,-96.85,40.7,,,,,,,,,,,,,,,,,,,,,,,,,,,,
94996,20220318,-96.85,40.7,,,,,,,,,,,,,,,,,,,,,,,,,,,,
94996,20220319,-96.85,40.7,,,,,,,,,,,,,,,,,,,,,,,,,,,,
94996,20220320,-96.85,40.7,,,,,,,,,,,,,,,,,,,,,,,,,,,,
94996,20220321,-96.85,40.7,,,,,,,,,,,,,,,,,,,,,,,,,,,,
94996,20220322,-96.85,40.7,,,,,,,,,,,,,,,,,,,,,,,,,,,,
94996,20220323,-96.85,40.7,,,,,,,,,,,,,,,,,,,,,,,,,,,,
94996,20220324,-96.85,40.7,,,,,,,,,,,,,,,,,,,,,,,,,,,,
94996,20220325,-96.85,40.7,,,,,,,,,,,,,,,,,,,,,,,,,,,,
94996,20220326,-96.85,40.7,,,,,,,,,,,,,,,,,,,,,,,,,,,,
94996,20220327,-96.85,40.7,,,,,,,,,,,,,,,,,,,,,,,,,,,,
94996,20220328,-96.85,40.7,,,,,,,,,,,,,,,,,,,,,,,,,,,,
94996,20220329,-96.85,40.7,,,,,,,,,,,,,,,,,,,,,,,,,,,,
94996,20220330,-96.85,40.7,,,,,,,,,,,,,,,,,,,,,,,,,,,,
94996,20220331,-96.85,40.7,,,,,,,,,,,,,,,,,,,,,,,,,,,,
94996,20220401,-96.85,40.7,,,,,,,,,,,,,,,,,,,,,,,,,,,,
94996,20220402,-96.85,40.7,,,,,,,,,,,,,,,,,,,,,,,,,,,,
94996,20220403,-96.85,40.7,,,,,,,,,,,,,,,,,,,,,,,,,,,,
94996,20220404,-96.85,40.7,,,,,,,,,,,,,,,,,,,,,,,,,,,,
94996,20220405,-96.85,40.7,,,,,,,,,,,,,,,,,,,,,,,,,,,,
94996,20220406,-96.85,40.7,,,,,,,,,,,,,,,,,,,,,,,,,,,,
94996,20220407,-96.85,40.7,,,,,,,,,,,,,,,,,,,,,,,,,,,,
94996,20220408,-96.85,40.7,,,,,,,,,,,,,,,,,,,,,,,,,,,,
94996,20220409,-96.85,40.7,,,,,,,,,,,,,,,,,,,,,,,,,,,,
94996,20220410,-96.85,40.7,,,,,,,,,,,,,,,,,,,,,,,,,,,,
94996,20220411,-96.85,40.7,,,,,,,,,,,,,,,,,,,,,,,,,,,,
94996,20220412,-96.85,40.7,,,,,,,,,,,,,,,,,,,,,,,,,,,,
94996,20220413,-96.85,40.7,,,,,,,,,,,,,,,,,,,,,,,,,,,,
94996,20220414,-96.85,40.7,,,,,,,,,,,,,,,,,,,,,,,,,,,,
94996,20220415,-96.85,40.7,,,,,,,,,,,,,,,,,,,,,,,,,,,,
94996,20220416,-96.85,40.7,,,,,,,,,,,,,,,,,,,,,,,,,,,,
94996,20220417,-96.85,40.7,,,,,,,,,,,,,,,,,,,,,,,,,,,,
94996,20220418,-96.85,40.7,,,,,,,,,,,,,,,,,,,,,,,,,,,,
94996,20220419,-96.85,40.7,,,,,,,,,,,,,,,,,,,,,,,,,,,,
94996,20220420,-96.85,40.7,,,,,,,,,,,,,,,,,,,,,,,,,,,,
94996,20220421,-96.85,40.7,,,,,,,,,,,,,,,,,,,,,,,,,,,,
94996,20220422,-96.85,40.7,,,,,,,,,,,,,,,,,,,,,,,,,,,,
94996,20220423,-96.85,40.7,,,,,,,,,,,,,,,,,,,,,,,,,,,,
94996,20220424,-96.85,40.7,,,,,,,,,,,,,,,,,,,,,,,,,,,,
94996,20220425,-96.85,40.7,,,,,,,,,,,,,,,,,,,,,,,,,,,,
94996,20220426,-96.85,40.7,,,,,,,,,,,,,,,,,,,,,,,,,,,,
94996,20220427,-96.85,40.7,,,,,,,,,,,,,,,,,,,,,,,,,,,,
94996,20220428,-96.85,40.7,,,,,,,,,,,,,,,,,,,,,,,,,,,,
94996,20220429,-96.85,40.7,,,,,,,,,,,,,,,,,,,,,,,,,,,,
94996,20220430,-96.85,40.7,,,,,,,,,,,,,,,,,,,,,,,,,,,,
94996,20220501,-96.85,40.7,,,,,,,,,,,,,,,,,,,,,,,,,,,,
94996,20220502,-96.85,40.7,,,,,,,,,,,,,,,,,,,,,,,,,,,,
94996,20220503,-96.85,40.7,,,,,,,,,,,,,,,,,,,,,,,,,,,,
94996,20220504,-96.85,40.7,,,,,,,,,,,,,,,,,,,,,,,,,,,,
94996,20220505,-96.85,40.7,,,,,,,,,,,,,,,,,,,,,,,,,,,,
94996,20220506,-96.85,40.7,,,,,,,,,,,,,,,,,,,,,,,,,,,,
94996,20220507,-96.85,40.7,,,,,,,,,,,,,,,,,,,,,,,,,,,,
94996,20220508,-96.85,40.7,,,,,,,,,,,,,,,,,,,,,,,,,,,,
94996,20220509,-96.85,40.7,,,,,,,,,,,,,,,,,,,,,,,,,,,,
94996,20220510,-96.85,40.7,,,,,,,,,,,,,,,,,,,,,,,,,,,,
94996,20220511,-96.85,40.7,,,,,,,,,,,,,,,,,,,,,,,,,,,,
94996,20220512,-96.85,40.7,,,,,,,,,,,,,,,,,,,,,,,,,,,,
94996,20220513,-96.85,40.7,,,,,,,,,,,,,,,,,,,,,,,,,,,,
94996,20220514,-96.85,40.7,,,,,,,,,,,,,,,,,,,,,,,,,,,,
94996,20220515,-96.85,40.7,,,,,,,,,,,,,,,,,,,,,,,,,,,,
94996,20220516,-96.85,40.7,,,,,,,,,,,,,,,,,,,,,,,,,,,,
94996,20220517,-96.85,40.7,,,,,,,,,,,,,,,,,,,,,,,,,,,,
94996,20220518,-96.85,40.7,,,,,,,,,,,,,,,,,,,,,,,,,,,,
94996,20220519,-96.85,40.7,,,,,,,,,,,,,,,,,,,,,,,,,,,,
94996,20220520,-96.85,40.7,,,,,,,,,,,,,,,,,,,,,,,,,,,,
94996,20220521,-96.85,40.7,,,,,,,,,,,,,,,,,,,,,,,,,,,,
94996,20220522,-96.85,40.7,,,,,,,,,,,,,,,,,,,,,,,,,,,,
94996,20220523,-96.85,40.7,,,,,,,,,,,,,,,,,,,,,,,,,,,,
94996,20220524,-96.85,40.7,,,,,,,,,,,,,,,,,,,,,,,,,,,,
94996,20220525,-96.85,40.7,,,,,,,,,,,,,,,,,,,,,,,,,,,,
94996,20220526,-96.85,40.7,,,,,,,,,,,,,,,,,,,,,,,,,,,,
94996,20220527,-96.85,40.7,,,,,,,,,,,,,,,,,,,,,,,,,,,,
94996,20220528,-96.85,40.7,,,,,,,,,,,,,,,,,,,,,,,,,,,,
94996,20220529,-96.85,40.7,,,,,,,,,,,,,,,,,,,,,,,,,,,,
94996,20220530,-96.85,40.7,,,,,,,,,,,,,,,,,,,,,,,,,,,,
94996,20220531,-96.85,40.7,,,,,,,,,,,,,,,,,,,,,,,,,,,,
94996,20220601,-96.85,40.7,,,,,,,,,,,,,,,,,,,,,,,,,,,,
94996,20220602,-96.85,40.7,,,,,,,,,,,,,,,,,,,,,,,,,,,,
94996,20220603,-96.85,40.7,,,,,,,,,,,,,,,,,,,,,,,,,,,,
94996,20220604,-96.85,40.7,,,,,,,,,,,,,,,,,,,,,,,,,,,,
94996,20220605,-96.85,40.7,,,,,,,,,,,,,,,,,,,,,,,,,,,,
94996,20220606,-96.85,40.7,,,,,,,,,,,,,,,,,,,,,,,,,,,,
94996,20220607,-96.85,40.7,,,,,,,,,,,,,,,,,,,,,,,,,,,,
94996,20220608,-96.85,40.7,,,,,,,,,,,,,,,,,,,,,,,,,,,,
94996,20220609,-96.85,40.7,,,,,,,,,,,,,,,,,,,,,,,,,,,,
94996,20220610,-96.85,40.7,,,,,,,,,,,,,,,,,,,,,,,,,,,,
94996,20220611,-96.85,40.7,,,,,,,,,,,,,,,,,,,,,,,,,,,,
94996,20220612,-96.85,40.7,,,,,,,,,,,,,,,,,,,,,,,,,,,,
94996,20220613,-96.85,40.7,,,,,,,,,,,,,,,,,,,,,,,,,,,,
94996,20220614,-96.85,40.7,,,,,,,,,,,,,,,,,,,,,,,,,,,,
94996,20220615,-96.85,40.7,,,,,,,,,,,,,,,,,,,,,,,,,,,,
94996,20220616,-96.85,40.7,,,,,,,,,,,,,,,,,,,,,,,,,,,,
94996,20220617,-96.85,40.7,,,,,,,,,,,,,,,,,,,,,,,,,,,,
94996,20220618,-96.85,40.7,,,,,,,,,,,,,,,,,,,,,,,,,,,,
94996,20220619,-96.85,40.7,,,,,,,,,,,,,,,,,,,,,,,,,,,,
94996,20220620,-96.85,40.7,,,,,,,,,,,,,,,,,,,,,,,,,,,,
94996,20220621,-96.85,40.7,,,,,,,,,,,,,,,,,,,,,,,,,,,,
94996,20220622,-96.85,40.7,,,,,,,,,,,,,,,,,,,,,,,,,,,,
94996,20220623,-96.85,40.7,,,,,,,,,,,,,,,,,,,,,,,,,,,,
94996,20220624,-96.85,40.7,,,,,,,,,,,,,,,,,,,,,,,,,,,,
94996,20220625,-96.85,40.7,,,,,,,,,,,,,,,,,,,,,,,,,,,,
94996,20220626,-96.85,40.7,,,,,,,,,,,,,,,,,,,,,,,,,,,,
94996,20220627,-96.85,40.7,,,,,,,,,,,,,,,,,,,,,,,,,,,,
94996,20220628,-96.85,40.7,0.201,-0.31,0.19,0,0.293,0.04,0,0,0.253,-0.41,0.281,0,0.24,-0.27,0,0,0.306,-0.17,0.131,0,0.247,-0.12,0,0,0.259,-0.23,0.039,0
94996,20220629,-96.85,40.7,0.203,-0.29,0.162,0,0.294,0.05,0,0,0.253,-0.41,0.401,0,0.24,-0.27,0,0,0.306,-0.17,0.132,0,0.249,-0.11,0,0,0.259,-0.22,0.048,0
94996,20220630,-96.85,40.7,0.206,-0.28,0.143,0,0.293,0.05,0,0,0.253,-0.42,0.536,0,0.241,-0.26,0,0,0.306,-0.17,0.131,0,0.249,-0.11,0,0,0.26,-0.22,0.071,0
94996,20220701,-96.85,40.7,0.208,-0.27,0.113,0,0.292,0.04,0.006,0,0.252,-0.42,0.679,0,0.241,-0.25,0,0,0.304,-0.19,0.161,0.006,0.25,-0.1,0.012,0,0.259,-0.21,0.125,0
94996,20220702,-96.85,40.7,0.208,-0.26,0.137,0,0.291,0.05,0.006,0,0.251,-0.43,0.815,0,0.241,-0.25,0,0,0.303,-0.2,0.155,0.006,0.25,-0.1,0.012,0,0.259,-0.21,0.173,0
94996,20220703,-96.85,40.7,0.21,-0.24,0.137,0,0.292,0.06,0.006,0,0.249,-0.43,0.935,0,0.241,-0.24,0,0,0.302,-0.21,0.167,0.006,0.251,-0.08,0.012,0,0.259,-0.2,0.202,0
94996,20220704,-96.85,40.7,0.212,-0.22,0.137,0,0.292,0.08,0.006,0,0.248,-0.43,1,0,0.241,-0.23,0,0,0.302,-0.2,0.173,0.006,0.252,-0.06,0.012,0,0.259,-0.19,0.202,0
94996,20220705,-96.85,40.7,0.214,-0.19,0.137,0,0.294,0.11,0.006,0,0.247,-0.43,1,0,0.241,-0.22,0,0,0.302,-0.19,0.155,0.006,0.254,-0.03,0.012,0,0.259,-0.17,0.173,0
94996,20220706,-96.85,40.7,0.217,-0.16,0.125,0,0.293,0.13,0.006,0,0.245,-0.42,0.988,0,0.242,-0.21,0,0,0.301,-0.19,0.173,0.012,0.255,-0.01,0.012,0,0.26,-0.16,0.173,0
94996,20220707,-96.85,40.7,0.227,-0.06,0.101,0.012,0.293,0.15,0.006,0,0.248,-0.38,0.863,0,0.241,-0.19,0.006,0,0.302,-0.16,0.155,0.012,0.26,0.05,0.012,0,0.262,-0.11,0.149,0
94996,20220708,-96.85,40.7,0.239,0.05,0.071,0.113,0.295,0.19,0,0.024,0.254,-0.31,0.72,0,0.242,-0.18,0.006,0,0.302,-0.13,0.131,0.006,0.267,0.13,0,0.054,0.267,-0.05,0.095,0.048
94996,20220709,-96.85,40.7,0.253,0.17,0.012,0.256,0.298,0.24,0,0.095,0.264,-0.21,0.577,0,0.246,-0.14,0.006,0,0.304,-0.09,0.119,0.006,0.276,0.22,0,0.19,0.273,0.04,0.042,0.137
94996,20220710,-96.85,40.7,0.263,0.26,0,0.387,0.301,0.28,0,0.185,0.276,-0.11,0.435,0,0.25,-0.1,0.006,0,0.304,-0.05,0.095,0.006,0.282,0.28,0,0.321,0.279,0.13,0.012,0.25
94996,20220711,-96.85,40.7,0.269,0.33,0,0.405,0.3,0.3,0,0.202,0.284,-0.03,0.292,0,0.251,-0.08,0.006,0,0.302,-0.04,0.071,0.006,0.285,0.33,0,0.333,0.281,0.18,0.012,0.262
94996,20220712,-96.85,40.7,0.273,0.38,0,0.405,0.299,0.32,0,0.202,0.29,0.03,0.149,0,0.252,-0.06,0.006,0,0.298,-0.05,0.054,0.006,0.286,0.35,0,0.333,0.282,0.22,0.012,0.262
94996,20220713,-96.85,40.7,0.275,0.4,0,0.405,0.298,0.34,0,0.202,0.296,0.09,0.018,0,0.252,-0.05,0.006,0,0.295,-0.06,0.024,0,0.287,0.37,0,0.333,0.283,0.24,0,0.262
94996,20220714,-96.85,40.7,0.268,0.37,0,0.393,0.298,0.36,0,0.22,0.296,0.12,0,0,0.252,-0.04,0,0,0.29,-0.07,0.024,0,0.283,0.37,0,0.333,0.281,0.24,0,0.268
94996,20220715,-96.85,40.7,0.259,0.31,0,0.292,0.299,0.4,0,0.327,0.295,0.13,0,0,0.253,-0.03,0,0,0.29,-0.05,0.012,0.006,0.279,0.35,0,0.31,0.279,0.25,0,0.298
94996,20220716,-96.85,40.7,0.247,0.23,0,0.149,0.295,0.4,0,0.315,0.286,0.08,0,0,0.249,-0.05,0,0,0.285,-0.08,0.018,0.006,0.271,0.31,0,0.173,0.272,0.19,0,0.208
94996,20220717,-96.85,40.7,0.235,0.15,0,0.018,0.291,0.41,0,0.339,0.276,0.03,0,0,0.245,-0.08,0,0,0.281,-0.1,0.012,0.006,0.263,0.26,0,0.042,0.266,0.13,0,0.095
94996,20220718,-96.85,40.7,0.226,0.08,0,0,0.289,0.42,0,0.446,0.27,0,0,0,0.242,-0.09,0,0,0.28,-0.1,0.012,0.006,0.257,0.23,0,0.03,0.261,0.1,0,0.083
94996,20220719,-96.85,40.7,0.218,0.03,0,0,0.287,0.44,0,0.56,0.264,-0.03,0,0,0.24,-0.1,0,0,0.279,-0.09,0.012,0.006,0.253,0.21,0,0.03,0.258,0.08,0,0.083
94996,20220720,-96.85,40.7,0.21,-0.02,0,0,0.287,0.47,0,0.673,0.26,-0.04,0,0,0.239,-0.11,0,0,0.281,-0.05,0.012,0.006,0.249,0.2,0,0.03,0.256,0.07,0,0.083
94996,20220721,-96.85,40.7,0.203,-0.07,0,0,0.286,0.48,0,0.708,0.256,-0.06,0,0,0.238,-0.12,0,0,0.281,-0.04,0.012,0.006,0.244,0.17,0,0.03,0.253,0.05,0,0.077
94996,20220722,-96.85,40.7,0.196,-0.12,0,0,0.282,0.46,0,0.649,0.25,-0.1,0,0,0.234,-0.14,0,0,0.279,-0.06,0.012,0,0.239,0.14,0,0,0.248,0,0,0
94996,20220723,-96.85,40.7,0.189,-0.16,0,0,0.279,0.45,0,0.601,0.246,-0.13,0.095,0,0.232,-0.15,0,0,0.279,-0.06,0,0,0.234,0.11,0,0,0.245,-0.04,0,0
94996,20220724,-96.85,40.7,0.184,-0.19,0,0,0.278,0.45,0,0.554,0.244,-0.14,0.149,0,0.232,-0.15,0,0,0.28,-0.04,0,0,0.231,0.09,0,0,0.243,-0.05,0,0
94996,20220725,-96.85,40.7,0.178,-0.24,0.131,0,0.274,0.44,0,0.446,0.24,-0.16,0.274,0,0.23,-0.16,0,0,0.278,-0.06,0.071,0,0.226,0.06,0,0,0.24,-0.1,0,0
94996,20220726,-96.85,40.7,0.172,-0.28,0.274,0,0.271,0.42,0,0.345,0.235,-0.19,0.411,0,0.229,-0.18,0,0,0.277,-0.08,0.125,0,0.222,0.03,0,0,0.237,-0.15,0,0
94996,20220727,-96.85,40.7,0.169,-0.3,0.351,0,0.266,0.4,0,0.262,0.232,-0.2,0.482,0,0.226,-0.19,0,0,0.273,-0.12,0.22,0,0.217,0,0,0,0.233,-0.2,0,0
94996,20220728,-96.85,40.7,0.167,-0.31,0.351,0,0.262,0.39,0,0.22,0.23,-0.2,0.482,0,0.224,-0.2,0,0,0.27,-0.16,0.339,0,0.215,-0.01,0,0,0.231,-0.23,0,0
94996,20220729,-96.85,40.7,0.165,-0.31,0.351,0,0.26,0.39,0,0.238,0.229,-0.19,0.482,0,0.223,-0.2,0,0,0.269,-0.17,0.381,0,0.213,-0.01,0,0,0.229,-0.24,0,0
94996,20220730,-96.85,40.7,0.165,-0.31,0.351,0,0.26,0.42,0,0.363,0.229,-0.17,0.387,0,0.224,-0.18,0,0,0.272,-0.14,0.387,0,0.212,0,0,0,0.23,-0.22,0,0
94996,20220731,-96.85,40.7,0.164,-0.31,0.351,0,0.257,0.41,0,0.327,0.227,-0.17,0.333,0,0.222,-0.18,0,0,0.269,-0.17,0.446,0,0.21,-0.01,0,0,0.228,-0.25,0,0
94996,20220801,-96.85,40.7,0.163,-0.31,0.262,0,0.256,0.41,0,0.321,0.226,-0.16,0.208,0,0.221,-0.18,0,0,0.269,-0.18,0.458,0,0.21,-0.01,0,0,0.227,-0.25,0,0
94996,20220802,-96.85,40.7,0.163,-0.3,0.214,0,0.255,0.42,0,0.321,0.225,-0.15,0.077,0,0.22,-0.18,0,0,0.269,-0.17,0.446,0,0.209,0,0,0,0.227,-0.25,0,0
94996,20220803,-96.85,40.7,0.162,-0.3,0.268,0,0.254,0.43,0,0.315,0.224,-0.15,0.018,0,0.22,-0.16,0,0,0.27,-0.15,0.351,0,0.208,-0.01,0,0,0.226,-0.25,0,0
94996,20220804,-96.85,40.7,0.159,-0.33,0.411,0,0.253,0.42,0,0.321,0.22,-0.17,0.125,0,0.219,-0.16,0,0,0.271,-0.15,0.333,0,0.206,-0.03,0,0,0.224,-0.27,0.107,0
94996,20220805,-96.85,40.7,0.157,-0.35,0.554,0,0.25,0.39,0,0.232,0.216,-0.21,0.268,0,0.217,-0.17,0,0,0.268,-0.19,0.387,0,0.203,-0.06,0,0,0.221,-0.32,0.22,0
94996,20220806,-96.85,40.7,0.153,-0.39,0.696,0,0.245,0.33,0,0.095,0.21,-0.25,0.411,0,0.213,-0.2,0,0,0.263,-0.26,0.482,0,0.199,-0.11,0,0,0.217,-0.4,0.363,0
94996,20220807,-96.85,40.7,0.151,-0.42,0.839,0,0.242,0.31,0,0.065,0.205,-0.29,0.554,0,0.212,-0.2,0,0,0.261,-0.29,0.53,0,0.197,-0.13,0,0,0.214,-0.44,0.494,0
94996,20220808,-96.85,40.7,0.148,-0.44,0.94,0,0.24,0.28,0,0.054,0.201,-0.32,0.696,0,0.211,-0.2,0,0,0.261,-0.29,0.512,0,0.194,-0.16,0,0,0.212,-0.48,0.631,0
94996,20220809,-96.85,40.7,0.146,-0.47,0.988,0,0.238,0.25,0,0.042,0.196,-0.35,0.833,0,0.211,-0.21,0,0,0.259,-0.31,0.56,0,0.192,-0.19,0.095,0,0.21,-0.51,0.756,0
94996,20220810,-96.85,40.7,0.143,-0.49,1,0,0.234,0.2,0,0.018,0.192,-0.39,0.964,0,0.208,-0.23,0,0,0.255,-0.37,0.702,0,0.189,-0.23,0.238,0,0.206,-0.57,0.899,0
94996,20220811,-96.85,40.7,0.141,-0.51,1,0,0.231,0.17,0,0,0.187,-0.42,1,0,0.207,-0.24,0,0,0.253,-0.41,0.744,0,0.186,-0.25,0.381,0,0.204,-0.61,0.935,0
94996,20220812,-96.85,40.7,0.139,-0.53,1,0,0.228,0.13,0,0,0.184,-0.45,1,0,0.206,-0.25,0,0,0.251,-0.44,0.786,0,0.184,-0.27,0.524,0,0.202,-0.63,0.964,0
94996,20220813,-96.85,40.7,0.137,-0.54,1,0,0.226,0.1,0,0,0.181,-0.48,1,0,0.205,-0.26,0,0,0.249,-0.46,0.827,0,0.181,-0.3,0.667,0,0.199,-0.65,0.964,0
94996,20220814,-96.85,40.7,0.136,-0.55,1,0,0.222,0.06,0,0,0.178,-0.5,1,0,0.204,-0.27,0,0,0.247,-0.49,0.863,0,0.179,-0.32,0.81,0,0.197,-0.67,0.976,0
94996,20220815,-96.85,40.7,0.134,-0.56,1,0,0.219,0.02,0,0,0.175,-0.52,1,0,0.202,-0.28,0,0,0.244,-0.53,0.94,0,0.176,-0.34,0.952,0,0.195,-0.69,0.982,0
94996,20220816,-96.85,40.7,0.135,-0.55,0.964,0,0.216,0,0,0,0.175,-0.52,0.964,0,0.202,-0.28,0,0,0.242,-0.56,0.97,0,0.176,-0.34,0.964,0,0.194,-0.69,0.964,0
94996,20220817,-96.85,40.7,0.145,-0.45,0.821,0,0.217,0.01,0,0,0.184,-0.45,0.821,0,0.207,-0.23,0,0,0.244,-0.53,0.881,0,0.181,-0.27,0.821,0,0.2,-0.59,0.821,0
94996,20220818,-96.85,40.7,0.153,-0.37,0.679,0,0.217,0,0,0,0.19,-0.39,0.679,0,0.21,-0.22,0,0,0.244,-0.53,0.863,0,0.185,-0.22,0.679,0,0.203,-0.54,0.679,0
94996,20220819,-96.85,40.7,0.161,-0.3,0.536,0,0.216,-0.01,0,0,0.196,-0.34,0.536,0,0.211,-0.21,0,0,0.242,-0.55,0.869,0,0.188,-0.18,0.536,0,0.205,-0.49,0.536,0
94996,20220820,-96.85,40.7,0.167,-0.24,0.393,0,0.216,0,0,0,0.202,-0.29,0.393,0,0.212,-0.2,0,0,0.242,-0.55,0.869,0,0.191,-0.14,0.393,0,0.208,-0.44,0.393,0
94996,20220821,-96.85,40.7,0.172,-0.19,0.256,0,0.218,0.01,0,0,0.208,-0.24,0.25,0,0.214,-0.2,0,0,0.241,-0.55,0.869,0,0.195,-0.1,0.25,0,0.21,-0.4,0.25,0
94996,20220822,-96.85,40.7,0.176,-0.15,0.208,0,0.219,0.03,0,0,0.214,-0.19,0.107,0,0.215,-0.2,0,0,0.24,-0.55,0.869,0,0.198,-0.06,0.107,0,0.213,-0.36,0.107,0
94996,20220823,-96.85,40.7,0.178,-0.13,0.244,0,0.22,0.04,0,0,0.217,-0.15,0,0,0.215,-0.21,0,0,0.239,-0.55,0.893,0,0.199,-0.04,0,0,0.214,-0.34,0,0
94996,20220824,-96.85,40.7,0.171,-0.2,0.387,0,0.218,0.03,0,0,0.211,-0.2,0.113,0,0.211,-0.26,0,0,0.235,-0.58,0.982,0,0.194,-0.08,0,0,0.209,-0.4,0.095,0
94996,20220825,-96.85,40.7,0.164,-0.25,0.53,0,0.218,0.03,0,0,0.207,-0.23,0.256,0,0.21,-0.28,0,0,0.234,-0.57,1,0,0.191,-0.11,0,0,0.207,-0.43,0.22,0
94996,20220826,-96.85,40.7,0.159,-0.29,0.673,0,0.219,0.04,0,0,0.204,-0.26,0.399,0,0.209,-0.29,0,0,0.233,-0.55,1,0,0.189,-0.13,0,0,0.205,-0.46,0.363,0
94996,20220827,-96.85,40.7,0.155,-0.33,0.815,0,0.218,0.04,0,0,0.2,-0.29,0.542,0,0.208,-0.3,0,0,0.233,-0.53,1,0,0.186,-0.15,0,0,0.203,-0.48,0.506,0
94996,20220828,-96.85,40.7,0.151,-0.35,0.952,0,0.216,0.03,0,0,0.196,-0.32,0.685,0,0.207,-0.32,0.012,0,0.232,-0.52,1,0,0.184,-0.17,0.077,0,0.2,-0.51,0.649,0
94996,20220829,-96.85,40.7,0.148,-0.38,1,0,0.215,0.02,0,0,0.192,-0.35,0.827,0,0.206,-0.34,0.089,0,0.232,-0.5,0.988,0,0.181,-0.18,0.19,0,0.198,-0.54,0.786,0
94996,20220830,-96.85,40.7,0.145,-0.4,1,0,0.213,0,0,0,0.188,-0.39,0.97,0,0.204,-0.36,0.226,0,0.231,-0.49,0.988,0,0.179,-0.2,0.333,0,0.196,-0.57,0.929,0
94996,20220831,-96.85,40.7,0.142,-0.41,1,0,0.211,-0.02,0,0,0.183,-0.42,1,0,0.203,-0.38,0.369,0,0.23,-0.49,0.988,0,0.176,-0.22,0.476,0,0.194,-0.6,0.976,0
94996,20220901,-96.85,40.7,0.14,-0.43,1,0,0.208,-0.04,0,0,0.18,-0.46,1,0,0.201,-0.4,0.512,0,0.229,-0.49,0.988,0,0.174,-0.24,0.619,0,0.192,-0.64,0.994,0
94996,20220902,-96.85,40.7,0.138,-0.44,1,0,0.206,-0.06,0,0,0.176,-0.49,1,0,0.199,-0.43,0.655,0,0.228,-0.49,0.988,0,0.172,-0.26,0.762,0,0.19,-0.66,0.994,0
94996,20220903,-96.85,40.7,0.137,-0.45,1,0,0.204,-0.08,0,0,0.173,-0.52,1,0,0.198,-0.45,0.798,0,0.227,-0.49,0.988,0,0.17,-0.27,0.905,0,0.188,-0.69,0.994,0
94996,20220904,-96.85,40.7,0.135,-0.46,1,0,0.202,-0.1,0,0,0.17,-0.54,1,0,0.197,-0.47,0.929,0,0.226,-0.49,0.988,0,0.169,-0.28,0.97,0,0.186,-0.71,0.994,0
94996,20220905,-96.85,40.7,0.134,-0.47,1,0,0.199,-0.12,0,0,0.167,-0.57,1,0,0.195,-0.49,0.994,0,0.225,-0.49,1,0,0.167,-0.3,1,0,0.184,-0.73,1,0
94996,20220906,-96.85,40.7,0.132,-0.47,1,0,0.197,-0.13,0,0,0.165,-0.59,1,0,0.194,-0.5,1,0,0.224,-0.49,1,0,0.165,-0.31,1,0,0.183,-0.74,1,0
94996,20220907,-96.85,40.7,0.131,-0.48,1,0,0.196,-0.15,0,0,0.164,-0.61,1,0,0.194,-0.51,1,0,0.224,-0.49,1,0,0.163,-0.32,1,0,0.182,-0.76,1,0
94996,20220908,-96.85,40.7,0.13,-0.49,1,0,0.194,-0.16,0.03,0,0.163,-0.62,1,0,0.193,-0.52,1,0,0.223,-0.49,1,0,0.162,-0.33,1,0,0.181,-0.77,1,0
94996,20220909,-96.85,40.7,0.129,-0.51,1,0,0.193,-0.17,0.143,0,0.162,-0.64,1,0,0.192,-0.53,1,0,0.223,-0.48,1,0,0.161,-0.35,1,0,0.18,-0.78,1,0
94996,20220910,-96.85,40.7,0.127,-0.53,1,0,0.192,-0.19,0.268,0,0.16,-0.66,1,0,0.191,-0.53,1,0,0.222,-0.48,1,0,0.16,-0.37,1,0,0.179,-0.79,1,0
94996,20220911,-96.85,40.7,0.135,-0.46,0.869,0,0.192,-0.19,0.369,0,0.162,-0.65,1,0,0.191,-0.53,0.994,0,0.223,-0.47,0.976,0,0.164,-0.34,0.863,0,0.181,-0.77,0.988,0
94996,20220912,-96.85,40.7,0.143,-0.4,0.726,0,0.192,-0.2,0.5,0,0.165,-0.64,1,0,0.19,-0.54,0.994,0,0.222,-0.46,0.976,0,0.167,-0.32,0.72,0,0.182,-0.75,0.988,0
94996,20220913,-96.85,40.7,0.15,-0.35,0.583,0,0.191,-0.21,0.643,0,0.167,-0.62,1,0,0.189,-0.55,0.994,0,0.221,-0.46,0.976,0,0.171,-0.3,0.577,0,0.184,-0.73,0.988,0
94996,20220914,-96.85,40.7,0.156,-0.31,0.44,0,0.192,-0.22,0.786,0,0.169,-0.6,1,0,0.189,-0.55,0.994,0,0.221,-0.45,0.976,0,0.174,-0.29,0.53,0,0.185,-0.72,0.988,0
94996,20220915,-96.85,40.7,0.161,-0.27,0.435,0,0.192,-0.22,0.893,0,0.172,-0.58,1,0,0.189,-0.55,0.994,0,0.22,-0.45,0.976,0,0.176,-0.28,0.53,0,0.187,-0.71,0.988,0
94996,20220916,-96.85,40.7,0.166,-0.24,0.435,0,0.192,-0.23,0.923,0,0.175,-0.56,1,0,0.188,-0.55,0.994,0,0.219,-0.44,0.976,0,0.179,-0.27,0.53,0,0.188,-0.69,0.988,0
94996,20220917,-96.85,40.7,0.169,-0.2,0.435,0,0.192,-0.23,0.923,0,0.177,-0.53,1,0,0.188,-0.55,0.994,0,0.219,-0.44,0.976,0,0.181,-0.25,0.53,0,0.189,-0.68,0.988,0
94996,20220918,-96.85,40.7,0.165,-0.25,0.565,0,0.192,-0.23,0.911,0,0.177,-0.54,1,0,0.188,-0.55,1,0,0.217,-0.44,1,0,0.178,-0.27,0.655,0,0.188,-0.69,1,0
94996,20220919,-96.85,40.7,0.16,-0.29,0.708,0,0.192,-0.22,0.857,0,0.176,-0.55,1,0,0.188,-0.54,0.964,0,0.217,-0.44,1,0,0.176,-0.29,0.798,0,0.187,-0.71,1,0
94996,20220920,-96.85,40.7,0.156,-0.32,0.851,0,0.193,-0.21,0.714,0,0.175,-0.56,1,0,0.188,-0.53,0.875,0,0.217,-0.43,0.988,0,0.175,-0.3,0.893,0,0.186,-0.71,1,0
94996,20220921,-96.85,40.7,0.152,-0.35,0.994,0,0.193,-0.2,0.577,0,0.174,-0.58,1,0,0.189,-0.52,0.762,0,0.217,-0.43,0.988,0,0.173,-0.3,0.935,0,0.185,-0.72,1,0
94996,20220922,-96.85,40.7,0.149,-0.37,1,0,0.193,-0.19,0.446,0,0.172,-0.59,1,0,0.189,-0.51,0.631,0,0.217,-0.43,0.988,0,0.171,-0.31,0.935,0,0.184,-0.72,1,0
94996,20220923,-96.85,40.7,0.146,-0.38,1,0,0.193,-0.18,0.315,0,0.17,-0.62,1,0,0.189,-0.5,0.583,0,0.217,-0.44,0.988,0,0.169,-0.31,0.935,0,0.183,-0.72,1,0
94996,20220924,-96.85,40.7,0.144,-0.38,1,0,0.192,-0.18,0.19,0,0.168,-0.64,1,0,0.189,-0.51,0.571,0,0.217,-0.45,0.988,0,0.168,-0.31,0.935,0,0.182,-0.73,1,0
94996,20220925,-96.85,40.7,0.141,-0.4,1,0,0.192,-0.17,0.107,0,0.166,-0.66,1,0,0.188,-0.51,0.571,0,0.216,-0.46,0.988,0,0.167,-0.31,0.946,0,0.181,-0.74,1,0
94996,20220926,-96.85,40.7,0.139,-0.41,1,0,0.191,-0.17,0.03,0,0.164,-0.69,1,0,0.187,-0.52,0.601,0,0.216,-0.48,0.988,0,0.165,-0.32,0.946,0,0.179,-0.75,1,0
94996,20220927,-96.85,40.7,0.137,-0.43,1,0,0.191,-0.17,0.03,0,0.161,-0.71,1,0,0.187,-0.53,0.679,0,0.215,-0.49,1,0,0.164,-0.33,0.994,0,0.178,-0.75,1,0
94996,20220928,-96.85,40.7,0.135,-0.44,1,0,0.19,-0.17,0.036,0,0.159,-0.72,1,0,0.186,-0.53,0.792,0,0.214,-0.51,1,0,0.162,-0.34,1,0,0.177,-0.76,1,0
94996,20220929,-96.85,40.7,0.134,-0.44,1,0,0.189,-0.17,0.077,0,0.158,-0.73,1,0,0.184,-0.54,0.923,0,0.213,-0.51,1,0,0.161,-0.35,1,0,0.176,-0.76,1,0
94996,20220930,-96.85,40.7,0.133,-0.45,1,0,0.189,-0.17,0.125,0,0.156,-0.73,1,0,0.183,-0.55,0.97,0,0.213,-0.52,1,0,0.161,-0.36,1,0,0.175,-0.76,1,0
94996,20221001,-96.85,40.7,0.131,-0.46,1,0,0.188,-0.17,0.22,0,0.155,-0.73,1,0,0.182,-0.56,0.982,0,0.212,-0.52,1,0,0.16,-0.37,1,0,0.174,-0.75,1,0
94996,20221002,-96.85,40.7,0.13,-0.48,1,0,0.188,-0.17,0.315,0,0.154,-0.73,1,0,0.182,-0.56,0.982,0,0.211,-0.53,1,0,0.159,-0.39,1,0,0.173,-0.75,1,0
94996,20221003,-96.85,40.7,0.128,-0.49,1,0,0.187,-0.17,0.411,0,0.152,-0.72,1,0,0.181,-0.56,0.988,0,0.211,-0.53,1,0,0.157,-0.4,1,0,0.172,-0.74,1,0
94996,20221004,-96.85,40.7,0.126,-0.5,1,0,0.186,-0.17,0.506,0,0.151,-0.7,1,0,0.18,-0.56,0.988,0,0.21,-0.54,1,0,0.156,-0.41,1,0,0.171,-0.74,1,0
94996,20221005,-96.85,40.7,0.125,-0.52,1,0,0.186,-0.17,0.595,0,0.149,-0.69,1,0,0.179,-0.56,0.929,0,0.209,-0.54,1,0,0.155,-0.42,1,0,0.17,-0.74,1,0
94996,20221006,-96.85,40.7,0.123,-0.53,1,0,0.185,-0.17,0.679,0,0.148,-0.67,1,0,0.178,-0.56,0.833,0,0.209,-0.54,1,0,0.154,-0.43,1,0,0.169,-0.73,1,0
94996,20221007,-96.85,40.7,0.122,-0.53,1,0,0.185,-0.17,0.756,0,0.146,-0.66,1,0,0.177,-0.56,0.744,0,0.208,-0.55,1,0,0.153,-0.44,1,0,0.168,-0.73,1,0
94996,20221008,-96.85,40.7,0.12,-0.54,1,0,0.184,-0.17,0.738,0,0.145,-0.64,1,0,0.177,-0.56,0.649,0,0.208,-0.55,1,0,0.152,-0.43,1,0,0.167,-0.72,1,0
94996,20221009,-96.85,40.7,0.119,-0.53,1,0,0.184,-0.17,0.762,0,0.143,-0.62,1,0,0.176,-0.57,0.631,0,0.208,-0.55,1,0,0.151,-0.43,1,0,0.166,-0.72,1,0
94996,20221010,-96.85,40.7,0.118,-0.52,1,0,0.183,-0.16,0.714,0,0.142,-0.61,1,0,0.175,-0.57,0.589,0,0.207,-0.55,1,0,0.15,-0.43,1,0,0.165,-0.71,1,0
94996,20221011,-96.85,40.7,0.117,-0.51,1,0,0.182,-0.16,0.625,0,0.141,-0.6,1,0,0.173,-0.58,0.601,0,0.207,-0.56,1,0,0.15,-0.42,1,0,0.164,-0.69,1,0
94996,20221012,-96.85,40.7,0.12,-0.47,0.952,0,0.184,-0.14,0.524,0,0.14,-0.58,1,0,0.172,-0.59,0.655,0,0.206,-0.56,1,0,0.152,-0.38,0.952,0,0.164,-0.67,0.982,0
94996,20221013,-96.85,40.7,0.127,-0.4,0.81,0,0.191,-0.08,0.393,0,0.141,-0.56,1,0,0.171,-0.59,0.679,0,0.205,-0.56,1,0,0.159,-0.3,0.81,0,0.167,-0.62,0.964,0
94996,20221014,-96.85,40.7,0.134,-0.33,0.667,0,0.197,-0.02,0.256,0,0.142,-0.54,1,0,0.17,-0.6,0.714,0,0.205,-0.57,1,0,0.166,-0.23,0.667,0,0.17,-0.57,0.935,0
94996,20221015,-96.85,40.7,0.141,-0.27,0.524,0,0.203,0.03,0.179,0,0.142,-0.53,1,0,0.169,-0.61,0.762,0,0.205,-0.57,0.988,0,0.172,-0.17,0.524,0,0.172,-0.53,0.911,0
94996,20221016,-96.85,40.7,0.147,-0.22,0.381,0,0.209,0.09,0.054,0,0.143,-0.51,1,0,0.168,-0.61,0.738,0,0.204,-0.57,0.988,0,0.178,-0.11,0.381,0,0.174,-0.49,0.869,0
94996,20221017,-96.85,40.7,0.152,-0.18,0.238,0,0.216,0.14,0.006,0,0.143,-0.5,1,0,0.166,-0.62,0.714,0,0.204,-0.57,0.988,0,0.184,-0.06,0.238,0,0.176,-0.45,0.839,0
94996,20221018,-96.85,40.7,0.157,-0.14,0.095,0,0.222,0.19,0,0,0.144,-0.48,1,0,0.165,-0.62,0.637,0,0.204,-0.57,0.988,0,0.189,-0.01,0.095,0,0.178,-0.42,0.821,0
94996,20221019,-96.85,40.7,0.158,-0.14,0,0,0.227,0.22,0,0,0.144,-0.47,1,0,0.165,-0.62,0.53,0,0.206,-0.56,0.964,0,0.192,0.01,0,0,0.18,-0.39,0.762,0
94996,20221020,-96.85,40.7,0.154,-0.17,0.065,0,0.225,0.2,0,0,0.143,-0.47,1,0,0.162,-0.63,0.589,0,0.205,-0.56,0.958,0,0.189,-0.01,0,0,0.178,-0.4,0.774,0
94996,20221021,-96.85,40.7,0.15,-0.2,0.185,0,0.223,0.18,0,0,0.143,-0.46,1,0,0.16,-0.65,0.637,0,0.204,-0.56,0.958,0,0.187,-0.04,0,0,0.176,-0.41,0.804,0
94996,20221022,-96.85,40.7,0.147,-0.23,0.327,0,0.221,0.16,0,0,0.142,-0.46,1,0,0.158,-0.66,0.643,0,0.203,-0.58,0.97,0,0.184,-0.06,0,0,0.174,-0.42,0.827,0
94996,20221023,-96.85,40.7,0.145,-0.25,0.47,0,0.219,0.14,0,0,0.142,-0.45,1,0,0.157,-0.66,0.649,0,0.203,-0.58,0.97,0,0.182,-0.08,0,0,0.173,-0.43,0.869,0
94996,20221024,-96.85,40.7,0.142,-0.28,0.613,0,0.217,0.11,0,0,0.143,-0.45,1,0,0.156,-0.67,0.595,0,0.202,-0.58,0.97,0,0.18,-0.1,0,0,0.172,-0.44,0.899,0
94996,20221025,-96.85,40.7,0.141,-0.3,0.756,0,0.216,0.09,0,0,0.143,-0.44,1,0,0.157,-0.66,0.53,0,0.202,-0.59,0.97,0,0.178,-0.12,0,0,0.172,-0.45,0.917,0
94996,20221026,-96.85,40.7,0.139,-0.32,0.899,0,0.213,0.06,0,0,0.143,-0.45,1,0,0.156,-0.67,0.542,0,0.2,-0.6,0.994,0,0.176,-0.14,0,0,0.17,-0.46,0.994,0
94996,20221027,-96.85,40.7,0.138,-0.34,0.976,0,0.212,0.04,0,0,0.143,-0.45,1,0,0.156,-0.66,0.512,0,0.2,-0.6,1,0,0.175,-0.16,0,0,0.17,-0.47,1,0
94996,20221028,-96.85,40.7,0.137,-0.36,1,0,0.211,0.02,0,0,0.143,-0.45,1,0,0.156,-0.66,0.518,0,0.2,-0.6,1,0,0.174,-0.18,0,0,0.169,-0.48,1,0
94996,20221029,-96.85,40.7,0.136,-0.37,1,0,0.209,0,0,0,0.142,-0.46,1,0,0.156,-0.66,0.56,0,0.2,-0.6,1,0,0.173,-0.19,0,0,0.169,-0.49,1,0
94996,20221030,-96.85,40.7,0.135,-0.4,1,0,0.208,-0.02,0,0,0.142,-0.47,1,0,0.155,-0.66,0.595,0,0.199,-0.59,1,0,0.171,-0.21,0,0,0.168,-0.51,1,0
94996,20221031,-96.85,40.7,0.134,-0.42,1,0,0.207,-0.04,0,0,0.141,-0.48,1,0,0.154,-0.67,0.69,0,0.199,-0.6,1,0,0.17,-0.22,0.006,0,0.167,-0.52,1,0
94996,20221101,-96.85,40.7,0.133,-0.44,1,0,0.205,-0.06,0,0,0.14,-0.49,1,0,0.152,-0.68,0.827,0,0.199,-0.6,1,0,0.169,-0.24,0.095,0,0.166,-0.55,1,0
94996,20221102,-96.85,40.7,0.133,-0.46,1,0,0.204,-0.08,0,0,0.14,-0.5,1,0,0.151,-0.69,0.917,0,0.198,-0.6,1,0,0.168,-0.26,0.226,0,0.165,-0.56,1,0
94996,20221103,-96.85,40.7,0.132,-0.49,1,0,0.202,-0.1,0,0,0.14,-0.51,1,0,0.151,-0.68,0.899,0,0.198,-0.6,1,0,0.167,-0.28,0.369,0,0.165,-0.58,1,0
94996,20221104,-96.85,40.7,0.131,-0.51,1,0,0.202,-0.12,0,0,0.14,-0.52,1,0,0.152,-0.67,0.762,0,0.198,-0.6,1,0,0.167,-0.31,0.512,0,0.165,-0.59,1,0
94996,20221105,-96.85,40.7,0.136,-0.49,0.875,0,0.201,-0.13,0,0,0.141,-0.54,1,0,0.154,-0.66,0.661,0,0.199,-0.59,1,0,0.169,-0.32,0.577,0,0.166,-0.59,0.982,0
94996,20221106,-96.85,40.7,0.141,-0.47,0.75,0,0.2,-0.16,0,0,0.14,-0.57,1,0,0.153,-0.66,0.649,0,0.199,-0.59,1,0,0.171,-0.33,0.72,0,0.167,-0.59,0.982,0
94996,20221107,-96.85,40.7,0.146,-0.46,0.732,0,0.199,-0.18,0,0,0.14,-0.61,1,0,0.153,-0.66,0.673,0,0.199,-0.59,1,0,0.173,-0.35,0.857,0,0.167,-0.6,0.982,0
94996,20221108,-96.85,40.7,0.15,-0.45,0.732,0,0.198,-0.22,0.089,0,0.14,-0.66,1,0,0.152,-0.67,0.679,0,0.199,-0.59,1,0,0.174,-0.38,0.911,0,0.168,-0.61,0.982,0
94996,20221109,-96.85,40.7,0.154,-0.45,0.732,0,0.197,-0.25,0.232,0,0.139,-0.7,1,0,0.152,-0.67,0.69,0,0.199,-0.59,1,0,0.176,-0.41,0.923,0,0.168,-0.62,0.982,0
94996,20221110,-96.85,40.7,0.158,-0.46,0.732,0,0.197,-0.29,0.375,0,0.14,-0.75,1,0,0.152,-0.67,0.744,0,0.199,-0.59,1,0,0.177,-0.44,0.923,0,0.169,-0.64,0.982,0
94996,20221111,-96.85,40.7,0.161,-0.47,0.732,0,0.197,-0.33,0.518,0,0.14,-0.79,1,0,0.151,-0.67,0.78,0,0.199,-0.59,1,0,0.179,-0.46,0.923,0,0.17,-0.65,0.982,0
94996,20221112,-96.85,40.7,0.159,-0.51,0.857,0,0.197,-0.37,0.619,0,0.14,-0.82,1,0,0.151,-0.68,0.821,0,0.199,-0.59,0.976,0,0.178,-0.49,1,0,0.169,-0.68,1,0
94996,20221113,-96.85,40.7,0.158,-0.55,0.982,0,0.198,-0.41,0.744,0,0.14,-0.84,1,0,0.152,-0.67,0.756,0,0.202,-0.57,0.935,0,0.178,-0.52,1,0,0.17,-0.69,1,0
94996,20221114,-96.85,40.7,0.156,-0.59,1,0,0.198,-0.46,0.887,0,0.14,-0.86,1,0,0.153,-0.67,0.744,0,0.202,-0.57,0.935,0,0.177,-0.55,1,0,0.17,-0.73,1,0
94996,20221115,-96.85,40.7,0.154,-0.62,1,0,0.198,-0.5,0.94,0,0.14,-0.87,1,0,0.153,-0.67,0.744,0,0.202,-0.58,0.935,0,0.176,-0.58,1,0,0.17,-0.76,1,0
94996,20221116,-96.85,40.7,0.154,-0.64,1,0,0.2,-0.53,0.94,0,0.141,-0.89,1,0,0.154,-0.66,0.738,0,0.204,-0.58,0.929,0,0.177,-0.6,1,0,0.17,-0.79,1,0
94996,20221117,-96.85,40.7,0.153,-0.66,1,0,0.199,-0.56,0.94,0,0.14,-0.91,1,0,0.153,-0.67,0.744,0,0.204,-0.59,0.929,0,0.176,-0.62,1,0,0.17,-0.83,1,0
94996,20221118,-96.85,40.7,0.153,-0.67,1,0,0.198,-0.59,0.94,0,0.14,-0.93,1,0,0.152,-0.68,0.845,0,0.204,-0.59,0.929,0,0.176,-0.63,1,0,0.17,-0.86,1,0
94996,20221119,-96.85,40.7,0.153,-0.68,1,0,0.197,-0.62,0.982,0,0.14,-0.95,1,0,0.152,-0.69,0.905,0,0.204,-0.61,0.946,0,0.175,-0.65,1,0,0.169,-0.89,1,0
94996,20221120,-96.85,40.7,,,,,0.196,-0.64,1,0,0.139,-0.98,1,0,0.15,-0.71,0.982,0,0.202,-0.63,0.988,0,,,,,,,,
94996,20221121,-96.85,40.7,,,,,0.195,-0.67,1,0,0.138,-1,1,0,0.149,-0.73,0.994,0,0.201,-0.65,0.988,0,,,,,,,,
94996,20221122,-96.85,40.7,,,,,0.194,-0.69,1,0,0.138,-1.02,1,0,0.149,-0.74,0.994,0,0.2,-0.67,0.988,0,,,,,,,,
94996,20221123,-96.85,40.7,,,,,0.192,-0.71,1,0,0.137,-1.04,1,0,0.147,-0.76,1,0,0.197,-0.7,0.994,0,,,,,,,,
94996,20221124,-96.85,40.7,,,,,0.191,-0.73,1,0,0.137,-1.05,1,0,0.146,-0.77,1,0,0.196,-0.71,0.994,0,,,,,,,,
94996,20221125,-96.85,40.7,,,,,0.189,-0.75,1,0,0.136,-1.06,1,0,0.145,-0.79,1,0,0.194,-0.74,0.994,0,,,,,,,,
94996,20221126,-96.85,40.7,,,,,0.188,-0.77,1,0,0.135,-1.06,1,0,0.144,-0.81,1,0,0.192,-0.76,1,0,,,,,,,,
94996,20221127,-96.85,40.7,0.144,-0.93,1,0,0.186,-0.78,1,0,0.135,-1.07,1,0,0.143,-0.82,1,0,0.19,-0.78,1,0,0.165,-0.89,1,0,0.16,-1.15,1,0
94996,20221128,-96.85,40.7,0.144,-0.99,1,0,0.186,-0.79,1,0,0.135,-1.06,1,0,0.143,-0.82,1,0,0.19,-0.78,1,0,0.165,-0.93,1,0,0.16,-1.16,1,0
94996,20221129,-96.85,40.7,0.143,-1.06,1,0,0.186,-0.79,1,0,0.136,-1.06,1,0,0.143,-0.83,1,0,0.19,-0.78,1,0,0.164,-0.97,1,0,0.16,-1.16,1,0
94996,20221130,-96.85,40.7,0.143,-1.12,1,0,0.186,-0.79,1,0,0.136,-1.06,1,0,0.143,-0.83,1,0,0.19,-0.79,1,0,0.164,-1.01,1,0,0.16,-1.17,1,0
94996,20221201,-96.85,40.7,0.143,-1.18,1,0,0.186,-0.8,1,0,0.136,-1.06,1,0,0.143,-0.83,1,0,0.191,-0.79,1,0,0.164,-1.04,1,0,0.16,-1.17,1,0
94996,20221202,-96.85,40.7,0.141,-1.25,1,0,0.185,-0.8,1,0,0.136,-1.06,1,0,0.143,-0.84,1,0,0.19,-0.79,1,0,0.163,-1.09,1,0,0.159,-1.18,1,0
94996,20221203,-96.85,40.7,0.14,-1.3,1,0,0.185,-0.8,1,0,0.135,-1.05,1,0,0.143,-0.84,1,0,0.19,-0.8,1,0,0.163,-1.13,1,0,0.159,-1.18,1,0
94996,20221204,-96.85,40.7,,,,,0.185,-0.8,1,0,0.135,-1.05,1,0,0.143,-0.85,1,0,0.19,-0.8,1,0,,,,,,,,
94996,20221205,-96.85,40.7,,,,,0.184,-0.81,1,0,0.135,-1.05,1,0,0.143,-0.86,1,0,0.19,-0.81,1,0,,,,,,,,
94996,20221206,-96.85,40.7,,,,,0.184,-0.81,1,0,0.135,-1.05,1,0,0.142,-0.86,1,0,0.19,-0.82,1,0,,,,,,,,
94996,20221207,-96.85,40.7,,,,,0.183,-0.81,1,0,0.135,-1.04,1,0,0.142,-0.87,1,0,0.189,-0.82,1,0,,,,,,,,
94996,20221208,-96.85,40.7,0.139,-1.36,1,0,0.183,-0.83,1,0,0.135,-1.03,1,0,0.142,-0.88,1,0,0.189,-0.83,1,0,0.161,-1.21,1,0,0.158,-1.15,1,0
94996,20221209,-96.85,40.7,0.139,-1.35,1,0,0.183,-0.85,1,0,0.135,-1.02,1,0,0.142,-0.88,1,0,0.189,-0.84,1,0,0.161,-1.21,1,0,0.158,-1.12,1,0
94996,20221210,-96.85,40.7,0.138,-1.36,1,0,0.183,-0.87,1,0,0.135,-1,1,0,0.142,-0.89,1,0,0.189,-0.84,1,0,0.16,-1.21,1,0,0.157,-1.09,1,0
94996,20221211,-96.85,40.7,0.138,-1.35,1,0,0.183,-0.89,1,0,0.135,-0.97,1,0,0.142,-0.89,1,0,0.189,-0.84,1,0,0.16,-1.21,1,0,0.157,-1.07,1,0
94996,20221212,-96.85,40.7,0.136,-1.36,1,0,0.182,-0.92,1,0,0.135,-0.96,1,0,0.142,-0.9,1,0,0.189,-0.85,1,0,0.159,-1.21,1,0,0.157,-1.05,1,0
94996,20221213,-96.85,40.7,0.139,-1.33,1,0,0.183,-0.93,1,0,0.137,-0.93,0.994,0,0.142,-0.9,1,0,0.189,-0.85,1,0,0.161,-1.19,1,0,0.158,-1.02,1,0
94996,20221214,-96.85,40.7,0.148,-1.21,1,0,0.189,-0.9,1,0,0.149,-0.84,0.94,0,0.144,-0.89,1,0,0.189,-0.86,1,0,0.169,-1.09,1,0,0.164,-0.96,0.974,0
94996,20221215,-96.85,40.7,0.157,-1.12,1,0,0.196,-0.84,1,0,0.16,-0.77,0.94,0,0.146,-0.87,1,0,0.189,-0.86,1,0,0.177,-1,1,0,0.17,-0.92,0.975,0
94996,20221216,-96.85,40.7,0.17,-1,0.885,0,0.202,-0.79,1,0,0.172,-0.7,0.94,0,0.149,-0.85,1,0,0.189,-0.86,1,0,0.186,-0.89,0.968,0,0.176,-0.89,0.974,0
94996,20221217,-96.85,40.7,,,,,0.207,-0.75,1,0,0.183,-0.64,0.94,0,0.152,-0.83,1,0,0.189,-0.87,1,0,,,,,,,,
94996,20221218,-96.85,40.7,,,,,0.213,-0.71,0.988,0,0.195,-0.58,0.94,0,0.154,-0.81,1,0,0.189,-0.87,1,0,,,,,,,,
94996,20221219,-96.85,40.7,,,,,0.221,-0.64,0.929,0,0.206,-0.52,0.94,0,0.157,-0.78,1,0,0.189,-0.88,1,0,,,,,,,,
94996,20221220,-96.85,40.7,,,,,0.232,-0.56,0.815,0,0.215,-0.48,0.946,0,0.16,-0.75,1,0,0.188,-0.89,1,0,,,,,,,,
94996,20221221,-96.85,40.7,,,,,,,,,0.211,-0.53,1,0,0.163,-0.72,1,0,0.19,-0.88,1,0,,,,,,,,
94996,20221222,-96.85,40.7,,,,,,,,,0.21,-0.54,1,0,0.167,-0.7,1,0,0.194,-0.85,1,0,,,,,,,,
94996,20221223,-96.85,40.7,,,,,,,,,,,,,0.169,-0.67,1,0,0.196,-0.83,1,0,,,,,,,,
94996,20221224,-96.85,40.7,,,,,,,,,,,,,0.171,-0.67,1,0,0.199,-0.81,1,0,,,,,,,,
94996,20221225,-96.85,40.7,,,,,,,,,,,,,0.17,-0.68,1,0,0.203,-0.81,1,0,,,,,,,,
94996,20221226,-96.85,40.7,,,,,,,,,,,,,0.171,-0.67,1,0,0.204,-0.84,1,0,,,,,,,,
94996,20221227,-96.85,40.7,,,,,,,,,,,,,,,,,0.203,-0.89,1,0,,,,,,,,
94996,20221228,-96.85,40.7,,,,,,,,,,,,,,,,,0.201,-0.97,1,0,,,,,,,,
94996,20221229,-96.85,40.7,,,,,,,,,,,,,,,,,0.197,-1.07,1,0,,,,,,,,
94996,20221230,-96.85,40.7,,,,,,,,,,,,,,,,,0.194,-1.17,1,0,,,,,,,,
94996,20221231,-96.85,40.7,,,,,,,,,,,,,,,,,0.19,-1.27,1,0,,,,,,,,
94996,20230101,-96.85,40.7,,,,,,,,,,,,,,,,,0.186,-1.36,1,0,,,,,,,,
94996,20230102,-96.85,40.7,,,,,,,,,,,,,,,,,0.185,-1.41,1,0,,,,,,,,
94996,20230103,-96.85,40.7,,,,,,,,,,,,,,,,,0.185,-1.44,1,0,,,,,,,,
94996,20230104,-96.85,40.7,,,,,,,,,,,,,0.161,-0.81,1,0,0.185,-1.47,1,0,,,,,,,,
94996,20230105,-96.85,40.7,,,,,,,,,,,,,0.164,-0.78,1,0,0.185,-1.48,1,0,,,,,,,,
94996,20230106,-96.85,40.7,,,,,0.249,,,,0.219,-0.85,1,0,0.168,-0.75,1,0,0.185,-1.49,1,0,,,,,,,,
94996,20230107,-96.85,40.7,,,,,0.252,,,,0.221,-0.85,1,0,0.17,-0.73,1,0,0.186,-1.5,1,0,,,,,,,,
94996,20230108,-96.85,40.7,,,,,0.255,,,,0.227,-0.84,1,0,0.172,-0.71,1,0,0.186,-1.52,1,0,,,,,,,,
94996,20230109,-96.85,40.7,,,,,0.262,,,,0.23,-0.81,1,0,0.174,-0.7,1,0,0.186,-1.54,1,0,,,,,,,,
94996,20230110,-96.85,40.7,,,,,0.268,,,,0.232,-0.79,1,0,0.176,-0.69,1,0,0.186,-1.57,1,0,,,,,,,,
94996,20230111,-96.85,40.7,,,,,0.269,,,,0.23,-0.83,1,0,0.176,-0.7,1,0,0.186,-1.6,1,0,,,,,,,,
94996,20230112,-96.85,40.7,,,,,0.269,,,,0.228,-0.88,1,0,0.177,-0.72,1,0,0.186,-1.64,1,0,,,,,,,,
94996,20230113,-96.85,40.7,,,,,0.268,,,,0.227,-0.93,1,0,0.176,-0.75,1,0,0.186,-1.67,1,0,,,,,,,,
94996,20230114,-96.85,40.7,,,,,0.268,,,,0.226,-0.97,1,0,0.176,-0.78,1,0,0.186,-1.7,1,0,,,,,,,,
94996,20230115,-96.85,40.7,,,,,0.268,,,,0.225,,,,0.176,-0.81,1,0,0.186,-1.73,1,0,,,,,,,,
94996,20230116,-96.85,40.7,,,,,0.267,,,,0.225,,,,0.176,-0.84,1,0,0.186,-1.75,1,0,,,,,,,,
94996,20230117,-96.85,40.7,,,,,0.267,,,,0.224,,,,0.176,-0.87,1,0,0.186,-1.76,1,0,,,,,,,,
94996,20230118,-96.85,40.7,,,,,0.267,,,,0.224,,,,0.176,-0.9,1,0,0.186,-1.76,1,0,,,,,,,,
94996,20230119,-96.85,40.7,,,,,0.267,,,,0.225,,,,0.176,-0.92,1,0,0.187,-1.76,1,0,,,,,,,,
94996,20230120,-96.85,40.7,,,,,0.268,,,,0.229,,,,0.177,-0.93,1,0,0.187,-1.75,1,0,,,,,,,,
94996,20230121,-96.85,40.7,0.262,,,,0.269,,,,0.236,,,,0.18,-0.91,1,0,0.187,-1.74,1,0,0.265,,,,0.227,,,
94996,20230122,-96.85,40.7,0.264,,,,0.271,,,,0.242,,,,0.183,-0.89,1,0,0.187,-1.73,1,0,0.268,,,,0.23,,,
94996,20230123,-96.85,40.7,0.268,,,,0.273,,,,0.248,,,,0.187,-0.86,1,0,0.187,-1.71,1,0,0.271,,,,0.233,,,
94996,20230124,-96.85,40.7,0.273,,,,0.276,,,,0.253,,,,0.191,-0.84,1,0,0.187,-1.7,1,0,0.274,,,,0.236,,,
94996,20230125,-96.85,40.7,0.28,,,,0.279,,,,0.26,,,,0.195,-0.81,1,0,0.187,-1.69,1,0,0.28,,,,0.24,,,
94996,20230126,-96.85,40.7,0.283,,,,0.284,,,,0.267,,,,0.2,-0.78,1,0,0.187,-1.69,1,0,0.283,,,,0.244,,,
94996,20230127,-96.85,40.7,0.283,,,,0.288,,,,0.269,,,,0.205,-0.76,1,0,0.187,-1.7,1,0,0.284,,,,0.245,,,
94996,20230128,-96.85,40.7,,,,,0.291,,,,0.269,,,,0.208,-0.77,1,0,0.187,-1.7,1,0,,,,,,,,
94996,20230129,-96.85,40.7,,,,,0.294,,,,0.27,,,,0.21,-0.78,1,0,0.187,-1.71,1,0,,,,,,,,
94996,20230130,-96.85,40.7,,,,,0.297,,,,0.271,,,,0.213,-0.79,1,0,0.187,-1.72,1,0,,,,,,,,
94996,20230131,-96.85,40.7,,,,,,,,,0.27,,,,0.215,-0.79,1,0,0.187,-1.73,1,0,,,,,,,,
94996,20230201,-96.85,40.7,,,,,,,,,0.27,,,,0.217,-0.8,1,0,0.187,-1.74,1,0,,,,,,,,
94996,20230202,-96.85,40.7,,,,,,,,,,,,,0.217,-0.82,1,0,0.186,-1.75,1,0,,,,,,,,
94996,20230203,-96.85,40.7,,,,,,,,,,,,,0.213,-0.92,1,0,0.186,-1.76,1,0,,,,,,,,
94996,20230204,-96.85,40.7,,,,,,,,,,,,,0.21,-0.98,1,0,0.186,-1.78,1,0,,,,,,,,
94996,20230205,-96.85,40.7,,,,,,,,,,,,,,,,,0.186,-1.79,1,0,,,,,,,,
94996,20230206,-96.85,40.7,,,,,,,,,,,,,,,,,0.186,-1.8,1,0,,,,,,,,
94996,20230207,-96.85,40.7,,,,,,,,,,,,,,,,,0.186,-1.8,1,0,,,,,,,,
94996,20230208,-96.85,40.7,,,,,,,,,,,,,,,,,0.186,-1.8,1,0,,,,,,,,
94996,20230209,-96.85,40.7,,,,,,,,,,,,,,,,,0.186,-1.79,1,0,,,,,,,,
94996,20230210,-96.85,40.7,,,,,,,,,,,,,,,,,0.186,-1.78,1,0,,,,,,,,
94996,20230211,-96.85,40.7,,,,,,,,,,,,,,,,,0.186,-1.76,1,0,,,,,,,,
94996,20230212,-96.85,40.7,,,,,,,,,,,,,0.202,-1.44,1,0,0.186,-1.75,1,0,,,,,,,,
94996,20230213,-96.85,40.7,,,,,,,,,,,,,0.203,-1.42,1,0,0.186,-1.73,1,0,,,,,,,,
94996,20230214,-96.85,40.7,,,,,,,,,,,,,0.207,-1.37,1,0,0.186,-1.72,1,0,,,,,,,,
94996,20230215,-96.85,40.7,,,,,,,,,,,,,0.212,-1.29,1,0,0.186,-1.71,1,0,,,,,,,,
94996,20230216,-96.85,40.7,,,,,,,,,0.258,,,,0.214,-1.27,1,0,0.186,-1.71,1,0,,,,,,,,
94996,20230217,-96.85,40.7,,,,,,,,,0.261,,,,0.215,-1.25,1,0,0.186,-1.73,1,0,,,,,,,,
94996,20230218,-96.85,40.7,,,,,,,,,0.264,,,,0.216,-1.23,1,0,0.187,-1.75,1,0,,,,,,,,
94996,20230219,-96.85,40.7,,,,,,,,,0.269,,,,0.218,-1.19,1,0,0.187,-1.78,1,0,,,,,,,,
94996,20230220,-96.85,40.7,,,,,0.32,,,,0.276,,,,0.222,-1.1,0.929,0,0.187,-1.81,1,0,,,,,,,,
94996,20230221,-96.85,40.7,,,,,0.324,,,,0.285,,,,0.229,-0.95,0.798,0,0.187,-1.85,1,0,,,,,,,,
94996,20230222,-96.85,40.7,,,,,0.326,,,,0.292,,,,0.236,-0.8,0.655,0,0.189,-1.86,1,0,,,,,,,,
94996,20230223,-96.85,40.7,,,,,0.327,,,,0.296,,,,0.242,-0.67,0.512,0,0.192,-1.86,1,0,,,,,,,,
94996,20230224,-96.85,40.7,,,,,0.328,,,,0.298,,,,0.247,-0.56,0.369,0,0.195,-1.84,1,0,,,,,,,,
94996,20230225,-96.85,40.7,,,,,0.329,,,,0.301,,,,0.252,-0.46,0.226,0,0.199,-1.82,1,0,,,,,,,,
94996,20230226,-96.85,40.7,,,,,0.331,,,,0.301,,,,0.255,-0.39,0.167,0,0.203,-1.8,1,0,,,,,,,,
94996,20230227,-96.85,40.7,,,,,,,,,0.299,,,,0.257,-0.36,0.19,0,0.207,-1.77,1,0,,,,,,,,
94996,20230228,-96.85,40.7,,,,,,,,,0.298,,,,0.257,-0.37,0.179,0,0.211,-1.74,1,0,,,,,,,,
94996,20230301,-96.85,40.7,,,,,,,,,0.297,,,,0.257,-0.37,0.179,0,0.214,-1.73,1,0,,,,,,,,
94996,20230302,-96.85,40.7,,,,,,,,,0.297,,,,0.257,-0.38,0.179,0,0.218,-1.72,1,0,,,,,,,,
94996,20230303,-96.85,40.7,,,,,,,,,0.297,-0.44,1,0,0.257,-0.38,0.19,0,0.221,-1.7,1,0,,,,,,,,
94996,20230304,-96.85,40.7,0.301,,,,,,,,0.297,-0.49,1,0,0.257,-0.39,0.292,0,0.224,-1.68,1,0,,,,,,,,
94996,20230305,-96.85,40.7,0.299,,,,0.334,,,,0.298,-0.5,1,0,0.258,-0.39,0.345,0,0.228,-1.66,1,0,0.316,,,,0.284,,,
94996,20230306,-96.85,40.7,0.295,,,,0.332,,,,0.298,-0.51,1,0,0.258,-0.4,0.393,0,0.231,-1.63,1,0,0.314,,,,0.283,,,
94996,20230307,-96.85,40.7,0.289,,,,0.33,,,,0.294,-0.51,1,0,0.256,-0.44,0.536,0,0.234,-1.59,1,0,0.31,,,,0.281,,,
94996,20230308,-96.85,40.7,0.285,,,,0.327,-0.2,0,0,0.292,-0.52,1,0,0.254,-0.48,0.679,0,0.237,-1.55,1,0,0.306,,,,0.279,,,
94996,20230309,-96.85,40.7,0.282,-0.57,1,0,0.326,-0.22,0,0,0.29,-0.53,1,0,0.252,-0.51,0.821,0,0.239,-1.51,1,0,0.304,,,,0.278,,,
94996,20230310,-96.85,40.7,0.282,-0.31,0.381,0,0.325,-0.22,0,0,0.288,-0.54,1,0,0.251,-0.53,0.952,0,0.241,-1.46,1,0,0.303,-0.19,0,0,0.277,,,
94996,20230311,-96.85,40.7,0.282,-0.29,0.22,0,0.324,-0.2,0,0,0.287,-0.54,1,0,0.25,-0.55,0.994,0,0.243,-1.42,1,0,0.303,-0.22,0.217,0,0.277,-0.87,1,0
94996,20230312,-96.85,40.7,0.285,-0.1,0.138,0.092,0.325,-0.13,0,0,0.288,-0.54,0.935,0,0.25,-0.56,1,0,0.245,-1.38,1,0,0.305,-0.02,0.106,0,0.278,-0.71,1,0
94996,20230313,-96.85,40.7,0.288,-0.05,0.101,0.067,0.326,-0.08,0,0,0.29,-0.51,0.792,0,0.25,-0.56,1,0,0.246,-1.34,1,0,0.307,0.03,0.07,0,0.28,-0.65,1,0
94996,20230314,-96.85,40.7,0.291,-0.03,0.08,0.053,0.328,-0.01,0,0.044,0.292,-0.47,0.661,0,0.252,-0.54,0.923,0,0.248,-1.28,1,0,0.31,0.06,0.053,0.032,0.282,-0.58,0.884,0
94996,20230315,-96.85,40.7,0.293,-0.06,0.08,0.044,0.329,-0.01,0,0.038,0.294,-0.46,0.613,0,0.253,-0.52,0.893,0,0.25,-1.24,1,0,0.311,0.03,0.042,0.025,0.284,-0.59,0.909,0
94996,20230316,-96.85,40.7,0.295,-0.05,0.02,0.039,0.33,0.01,0,0.036,0.295,-0.44,0.607,0,0.253,-0.51,0.875,0,0.251,-1.2,1,0,0.313,0.01,0.035,0.021,0.285,-0.6,0.925,0
94996,20230317,-96.85,40.7,0.297,-0.02,0.018,0.037,0.332,0.05,0,0.036,0.296,-0.43,0.595,0,0.254,-0.49,0.863,0,0.252,-1.16,1,0,0.314,0.02,0.031,0.019,0.286,-0.59,0.937,0
94996,20230318,-96.85,40.7,0.299,0.03,0.012,0.048,0.333,0.09,0,0.042,0.298,-0.42,0.583,0,0.256,-0.47,0.845,0,0.254,-1.12,1,0,0.316,0.06,0,0.03,0.288,-0.55,0.929,0
94996,20230319,-96.85,40.7,0.297,-0.01,0.012,0.012,0.334,0.12,0,0.071,0.299,-0.43,0.613,0,0.258,-0.44,0.774,0,0.256,-1.07,1,0,0.315,0.04,0,0.031,0.289,-0.52,0.895,0
94996,20230320,-96.85,40.7,0.295,-0.03,0.019,0.013,0.334,0.1,0,0.071,0.298,-0.47,0.756,0,0.258,-0.44,0.762,0,0.258,-1.03,1,0,0.314,0.02,0.006,0.032,0.288,-0.51,0.89,0
94996,20230321,-96.85,40.7,0.293,-0.06,0.019,0.013,0.332,0.05,0,0.036,0.296,-0.52,0.887,0,0.256,-0.46,0.839,0,0.258,-1.02,1,0,0.312,-0.02,0.006,0.013,0.287,-0.53,0.955,0
94996,20230322,-96.85,40.7,0.292,-0.06,0.006,0.013,0.332,0.05,0,0.036,0.295,-0.56,0.935,0,0.256,-0.47,0.869,0,0.259,-1,1,0,0.312,-0.03,0.006,0.013,0.286,-0.52,0.955,0
94996,20230323,-96.85,40.7,0.291,-0.06,0.006,0.013,0.332,0.05,0,0.036,0.294,-0.59,0.94,0,0.256,-0.49,0.887,0,0.26,-0.97,1,0,0.311,-0.03,0.006,0.013,0.286,-0.51,0.955,0
94996,20230324,-96.85,40.7,0.288,-0.11,0.006,0.013,0.331,0.03,0,0.036,0.293,-0.62,0.952,0,0.255,-0.5,0.899,0,0.261,-0.96,1,0,0.309,-0.07,0.006,0.013,0.285,-0.52,0.955,0
94996,20230325,-96.85,40.7,0.285,-0.16,0.006,0,0.33,0,0,0.03,0.292,-0.65,0.964,0,0.255,-0.52,0.917,0,0.262,-0.94,1,0,0.307,-0.11,0.006,0,0.284,-0.54,0.968,0
94996,20230326,-96.85,40.7,0.283,-0.18,0.006,0,0.328,-0.05,0,0,0.29,-0.67,1,0,0.253,-0.55,0.988,0,0.262,-0.94,1,0,0.305,-0.14,0.006,0,0.283,-0.55,1,0
94996,20230327,-96.85,40.7,0.285,-0.14,0,0,0.328,-0.06,0,0,0.289,-0.68,1,0,0.252,-0.57,1,0,0.262,-0.94,1,0,0.306,-0.11,0,0,0.283,-0.54,1,0
94996,20230328,-96.85,40.7,0.286,-0.11,0,0,0.328,-0.05,0,0,0.289,-0.68,1,0,0.252,-0.59,1,0,0.263,-0.93,1,0,0.307,-0.09,0,0,0.284,-0.54,1,0
94996,20230329,-96.85,40.7,0.287,-0.08,0,0,0.328,-0.04,0,0,0.289,-0.68,1,0,0.252,-0.6,1,0,0.264,-0.93,1,0,0.308,-0.07,0,0,0.284,-0.53,1,0
94996,20230330,-96.85,40.7,0.288,-0.06,0,0,0.328,-0.03,0,0,0.288,-0.68,1,0,0.251,-0.62,1,0,0.264,-0.94,1,0,0.308,-0.05,0,0,0.284,-0.52,1,0
94996,20230331,-96.85,40.7,0.288,-0.03,0,0,0.329,-0.02,0,0,0.288,-0.68,1,0,0.251,-0.64,1,0,0.265,-0.95,1,0,0.308,-0.03,0,0,0.284,-0.52,1,0
94996,20230401,-96.85,40.7,0.288,-0.01,0,0,0.329,-0.01,0,0,0.288,-0.67,1,0,0.251,-0.65,1,0,0.265,-0.96,1,0,0.309,-0.01,0,0,0.284,-0.52,1,0
94996,20230402,-96.85,40.7,0.287,0,0,0,0.329,0.01,0,0,0.288,-0.66,1,0,0.25,-0.67,1,0,0.266,-0.97,1,0,0.308,0,0,0,0.284,-0.52,1,0
94996,20230403,-96.85,40.7,0.282,-0.05,0,0,0.329,0,0,0,0.287,-0.66,1,0,0.25,-0.68,1,0,0.266,-0.98,1,0,0.306,-0.03,0,0,0.283,-0.54,1,0
94996,20230404,-96.85,40.7,0.277,-0.1,0,0,0.328,-0.01,0,0,0.287,-0.66,1,0,0.25,-0.68,1,0,0.266,-0.99,1,0,0.303,-0.06,0,0,0.282,-0.57,1,0
94996,20230405,-96.85,40.7,0.272,-0.15,0,0,0.327,-0.03,0,0,0.286,-0.66,1,0,0.249,-0.69,1,0,0.267,-1,1,0,0.3,-0.1,0,0,0.28,-0.6,1,0
94996,20230406,-96.85,40.7,0.267,-0.2,0,0,0.327,-0.03,0,0,0.286,-0.65,0.988,0,0.25,-0.69,0.988,0,0.268,-0.98,1,0,0.297,-0.13,0,0,0.28,-0.61,0.988,0
94996,20230407,-96.85,40.7,0.262,-0.26,0,0,0.326,-0.04,0,0,0.285,-0.66,0.988,0,0.25,-0.69,0.988,0,0.269,-0.98,1,0,0.294,-0.16,0,0,0.278,-0.64,0.988,0
94996,20230408,-96.85,40.7,0.255,-0.32,0.137,0,0.324,-0.07,0,0,0.283,-0.67,0.988,0,0.249,-0.69,0.988,0,0.269,-0.98,1,0,0.29,-0.21,0,0,0.276,-0.68,0.988,0
94996,20230409,-96.85,40.7,0.248,-0.39,0.28,0,0.323,-0.09,0,0,0.281,-0.68,0.988,0,0.248,-0.7,0.988,0,0.269,-0.99,1,0,0.286,-0.26,0.137,0,0.274,-0.72,0.988,0
94996,20230410,-96.85,40.7,0.241,-0.47,0.423,0,0.322,-0.11,0,0,0.28,-0.69,0.988,0,0.248,-0.7,0.982,0,0.27,-0.98,1,0,0.282,-0.31,0.262,0,0.272,-0.75,0.988,0
94996,20230411,-96.85,40.7,0.235,-0.54,0.565,0,0.321,-0.12,0,0,0.279,-0.69,0.988,0,0.247,-0.69,0.982,0,0.271,-0.97,1,0,0.278,-0.36,0.381,0,0.271,-0.78,0.988,0
94996,20230412,-96.85,40.7,0.227,-0.61,0.708,0,0.32,-0.13,0,0,0.277,-0.7,0.988,0,0.247,-0.7,0.982,0,0.271,-0.98,1,0,0.274,-0.4,0.524,0,0.268,-0.81,0.988,0
94996,20230413,-96.85,40.7,0.219,-0.69,0.851,0,0.318,-0.16,0,0,0.274,-0.73,1,0,0.245,-0.71,0.994,0,0.27,-1.01,1,0,0.268,-0.47,0.667,0,0.265,-0.87,1,0
94996,20230414,-96.85,40.7,0.21,-0.78,0.994,0,0.316,-0.19,0,0,0.271,-0.75,1,0,0.243,-0.71,0.994,0,0.269,-1.03,1,0,0.263,-0.53,0.81,0,0.262,-0.92,1,0
94996,20230415,-96.85,40.7,0.201,-0.86,1,0,0.314,-0.2,0,0,0.269,-0.77,1,0,0.242,-0.71,0.994,0,0.269,-1.03,1,0,0.258,-0.58,0.952,0,0.259,-0.96,1,0
94996,20230416,-96.85,40.7,0.196,-0.91,1,0,0.312,-0.22,0,0,0.266,-0.79,1,0,0.241,-0.71,0.994,0,0.269,-1.04,1,0,0.254,-0.61,0.958,0,0.257,-0.99,1,0
94996,20230417,-96.85,40.7,0.191,-0.93,1,0,0.31,-0.24,0.006,0,0.262,-0.81,1,0,0.24,-0.71,1,0,0.269,-1.06,1,0,0.25,-0.64,0.976,0,0.254,-1.02,1,0
94996,20230418,-96.85,40.7,0.186,-0.96,1,0,0.307,-0.28,0.006,0,0.259,-0.84,1,0,0.238,-0.72,0.994,0,0.268,-1.09,1,0,0.247,-0.67,1,0,0.251,-1.06,1,0
94996,20230419,-96.85,40.7,0.182,-0.99,1,0,0.304,-0.31,0.006,0,0.255,-0.86,1,0,0.236,-0.72,0.994,0,0.267,-1.1,1,0,0.243,-0.7,1,0,0.249,-1.09,1,0
94996,20230420,-96.85,40.7,0.181,-0.99,0.988,0,0.302,-0.33,0.03,0,0.253,-0.87,1,0,0.235,-0.72,0.994,0,0.267,-1.11,1,0,0.241,-0.71,0.982,0,0.247,-1.1,1,0
94996,20230421,-96.85,40.7,0.187,-0.91,0.976,0,0.3,-0.35,0.03,0,0.25,-0.89,1,0,0.233,-0.72,0.994,0,0.267,-1.12,1,0,0.243,-0.67,0.869,0,0.247,-1.1,1,0
94996,20230422,-96.85,40.7,0.192,-0.85,0.976,0,0.299,-0.36,0.03,0,0.248,-0.9,1,0,0.233,-0.72,0.994,0,0.267,-1.11,1,0,0.246,-0.63,0.821,0,0.248,-1.09,1,0
94996,20230423,-96.85,40.7,0.196,-0.81,0.976,0,0.297,-0.37,0.048,0,0.246,-0.91,1,0,0.232,-0.71,0.994,0,0.267,-1.11,1,0,0.247,-0.61,0.815,0,0.248,-1.08,1,0
94996,20230424,-96.85,40.7,0.198,-0.78,0.976,0,0.296,-0.38,0.095,0,0.244,-0.92,1,0,0.231,-0.71,0.994,0,0.267,-1.1,1,0,0.247,-0.59,0.815,0,0.247,-1.08,1,0
94996,20230425,-96.85,40.7,0.2,-0.75,0.976,0,0.295,-0.38,0.125,0,0.243,-0.93,1,0,0.23,-0.71,1,0,0.267,-1.1,1,0,0.248,-0.57,0.815,0,0.247,-1.09,1,0
94996,20230426,-96.85,40.7,0.202,-0.72,0.976,0,0.294,-0.38,0.196,0,0.241,-0.95,1,0,0.229,-0.71,1,0,0.267,-1.1,1,0,0.248,-0.56,0.815,0,0.247,-1.09,1,0
94996,20230427,-96.85,40.7,0.203,-0.71,0.988,0,0.293,-0.39,0.226,0,0.238,-0.97,1,0,0.228,-0.72,1,0,0.266,-1.1,1,0,0.248,-0.55,0.833,0,0.245,-1.1,1,0
94996,20230428,-96.85,40.7,0.196,-0.76,1,0,0.29,-0.4,0.363,0,0.236,-0.99,1,0,0.227,-0.73,1,0,0.265,-1.1,1,0,0.243,-0.59,0.946,0,0.243,-1.14,1,0
94996,20230429,-96.85,40.7,0.19,-0.81,1,0,0.287,-0.42,0.506,0,0.233,-1.02,1,0,0.225,-0.74,1,0,0.263,-1.1,1,0,0.239,-0.63,0.994,0,0.24,-1.17,1,0
94996,20230430,-96.85,40.7,0.185,-0.85,1,0,0.285,-0.43,0.631,0,0.23,-1.04,1,0,0.223,-0.76,1,0,0.261,-1.1,1,0,0.235,-0.66,1,0,0.237,-1.21,1,0
94996,20230501,-96.85,40.7,0.18,-0.88,1,0,0.281,-0.45,0.72,0,0.227,-1.07,1,0,0.221,-0.77,1,0,0.26,-1.1,1,0,0.231,-0.69,1,0,0.234,-1.24,1,0
94996,20230502,-96.85,40.7,0.176,-0.92,1,0,0.277,-0.48,0.833,0,0.223,-1.1,1,0,0.219,-0.79,1,0,0.258,-1.1,1,0,0.226,-0.72,1,0,0.231,-1.26,1,0
94996,20230503,-96.85,40.7,0.172,-0.94,1,0,0.273,-0.5,0.893,0,0.22,-1.13,1,0,0.218,-0.8,1,0,0.257,-1.08,1,0,0.223,-0.74,1,0,0.228,-1.28,1,0
94996,20230504,-96.85,40.7,0.169,-0.96,1,0,0.269,-0.53,0.982,0,0.216,-1.15,1,0,0.217,-0.82,1,0,0.256,-1.07,1,0,0.219,-0.76,1,0,0.225,-1.29,1,0
94996,20230505,-96.85,40.7,0.166,-0.98,1,0,0.265,-0.56,0.988,0,0.212,-1.18,1,0,0.215,-0.83,1,0,0.256,-1.06,1,0,0.215,-0.78,1,0,0.223,-1.3,1,0
94996,20230506,-96.85,40.7,0.163,-1,1,0,0.261,-0.59,0.988,0,0.208,-1.22,1,0,0.214,-0.85,1,0,0.255,-1.06,1,0,0.212,-0.8,1,0,0.22,-1.3,1,0
94996,20230507,-96.85,40.7,0.16,-1.02,1,0,0.256,-0.62,0.988,0,0.204,-1.25,1,0,0.212,-0.87,1,0,0.254,-1.05,1,0,0.208,-0.83,1,0,0.217,-1.3,1,0
94996,20230508,-96.85,40.7,0.16,-1.01,1,0,0.252,-0.65,0.988,0,0.2,-1.27,1,0,0.21,-0.89,1,0,0.253,-1.05,1,0,0.206,-0.84,1,0,0.215,-1.3,1,0
94996,20230509,-96.85,40.7,0.165,-0.96,1,0,0.248,-0.68,0.988,0,0.197,-1.29,1,0,0.208,-0.91,1,0,0.253,-1.03,1,0,0.206,-0.82,1,0,0.214,-1.28,1,0
94996,20230510,-96.85,40.7,0.169,-0.92,1,0,0.244,-0.7,1,0,0.194,-1.31,1,0,0.206,-0.93,1,0,0.252,-1.02,1,0,0.207,-0.81,1,0,0.213,-1.26,1,0
94996,20230511,-96.85,40.7,0.171,-0.88,1,0,0.242,-0.71,1,0,0.192,-1.32,1,0,0.204,-0.95,1,0,0.251,-1.01,1,0,0.207,-0.79,1,0,0.212,-1.24,1,0
94996,20230512,-96.85,40.7,0.174,-0.86,1,0,0.239,-0.72,1,0,0.191,-1.32,1,0,0.203,-0.96,1,0,0.25,-1.02,1,0,0.206,-0.78,1,0,0.211,-1.23,1,0
94996,20230513,-96.85,40.7,0.176,-0.83,1,0,0.237,-0.73,1,0,0.189,-1.32,1,0,0.201,-0.97,1,0,0.249,-1.02,1,0,0.206,-0.76,1,0,0.21,-1.21,1,0
94996,20230514,-96.85,40.7,0.177,-0.8,1,0,0.234,-0.74,1,0,0.188,-1.32,1,0,0.2,-0.98,1,0,0.248,-1.03,1,0,0.206,-0.75,1,0,0.209,-1.19,1,0
94996,20230515,-96.85,40.7,0.175,-0.8,1,0,0.232,-0.74,1,0,0.186,-1.32,1,0,0.199,-0.98,1,0,0.247,-1.04,1,0,0.204,-0.75,1,0,0.208,-1.18,1,0
94996,20230516,-96.85,40.7,0.169,-0.83,1,0,0.23,-0.75,1,0,0.185,-1.32,1,0,0.198,-0.99,1,0,0.246,-1.05,1,0,0.199,-0.77,1,0,0.205,-1.19,1,0
94996,20230517,-96.85,40.7,0.163,-0.86,1,0,0.227,-0.76,1,0,0.183,-1.31,1,0,0.196,-0.99,1,0,0.244,-1.06,1,0,0.195,-0.79,1,0,0.203,-1.19,1,0
94996,20230518,-96.85,40.7,0.159,-0.89,1,0,0.223,-0.78,1,0,0.181,-1.31,1,0,0.195,-0.98,1,0,0.243,-1.07,1,0,0.191,-0.82,1,0,0.2,-1.2,1,0
94996,20230519,-96.85,40.7,0.155,-0.91,1,0,0.219,-0.8,1,0,0.179,-1.3,1,0,0.193,-0.98,1,0,0.241,-1.07,1,0,0.187,-0.84,1,0,0.198,-1.22,1,0
94996,20230520,-96.85,40.7,0.152,-0.92,1,0,0.215,-0.82,1,0,0.177,-1.3,1,0,0.191,-0.99,1,0,0.239,-1.07,1,0,0.183,-0.85,1,0,0.195,-1.23,1,0
94996,20230521,-96.85,40.7,0.149,-0.94,1,0,0.211,-0.84,1,0,0.175,-1.29,1,0,0.189,-0.99,1,0,0.237,-1.06,1,0,0.18,-0.87,1,0,0.192,-1.24,1,0
94996,20230522,-96.85,40.7,0.146,-0.95,1,0,0.207,-0.86,1,0,0.172,-1.28,1,0,0.186,-0.99,1,0,0.234,-1.05,1,0,0.177,-0.89,1,0,0.189,-1.25,1,0
94996,20230523,-96.85,40.7,0.144,-0.97,1,0,0.203,-0.88,1,0,0.17,-1.27,1,0,0.184,-1,1,0,0.232,-1.04,1,0,0.173,-0.91,1,0,0.186,-1.25,1,0
94996,20230524,-96.85,40.7,0.141,-0.99,1,0,0.199,-0.9,1,0,0.167,-1.25,1,0,0.182,-1.01,1,0,0.229,-1.04,1,0,0.17,-0.94,1,0,0.184,-1.26,1,0
94996,20230525,-96.85,40.7,0.139,-1.01,1,0,0.196,-0.92,1,0,0.164,-1.24,1,0,0.179,-1.02,1,0,0.226,-1.04,1,0,0.167,-0.95,1,0,0.181,-1.26,1,0
94996,20230526,-96.85,40.7,0.152,-0.92,0.911,0,0.201,-0.86,0.911,0,0.168,-1.18,1,0,0.177,-1.03,1,0,0.224,-1.05,1,0,0.176,-0.89,0.911,0,0.185,-1.2,1,0
94996,20230527,-96.85,40.7,0.17,-0.79,0.768,0,0.212,-0.77,0.768,0,0.176,-1.1,1,0,0.175,-1.03,1,0,0.223,-1.05,1,0,0.191,-0.78,0.768,0,0.191,-1.12,1,0
94996,20230528,-96.85,40.7,0.184,-0.68,0.625,0,0.222,-0.68,0.625,0,0.184,-1.02,1,0,0.174,-1.03,1,0,0.221,-1.06,1,0,0.203,-0.69,0.625,0,0.197,-1.04,1,0
94996,20230529,-96.85,40.7,0.195,-0.6,0.548,0,0.23,-0.61,0.482,0,0.192,-0.95,1,0,0.172,-1.01,1,0,0.22,-1.07,1,0,0.213,-0.62,0.482,0,0.202,-0.98,1,0
94996,20230530,-96.85,40.7,0.204,-0.53,0.548,0,0.237,-0.55,0.446,0,0.199,-0.88,1,0,0.172,-0.99,1,0,0.22,-1.07,1,0,0.221,-0.56,0.452,0,0.206,-0.93,1,0
94996,20230531,-96.85,40.7,0.21,-0.48,0.548,0,0.243,-0.5,0.446,0,0.206,-0.82,1,0,0.172,-0.97,1,0,0.22,-1.08,1,0,0.226,-0.51,0.452,0,0.21,-0.87,1,0
94996,20230601,-96.85,40.7,0.214,-0.44,0.548,0,0.247,-0.46,0.446,0,0.212,-0.76,1,0,0.172,-0.94,1,0,0.22,-1.08,1,0,0.231,-0.47,0.452,0,0.213,-0.83,1,0
94996,20230602,-96.85,40.7,0.203,-0.52,0.637,0,0.242,-0.49,0.536,0,0.209,-0.76,1,0,0.173,-0.91,1,0,0.22,-1.07,1,0,0.223,-0.52,0.542,0,0.209,-0.85,1,0
94996,20230603,-96.85,40.7,0.186,-0.63,0.78,0,0.231,-0.56,0.679,0,0.202,-0.79,1,0,0.174,-0.88,1,0,0.22,-1.07,1,0,0.209,-0.61,0.685,0,0.203,-0.9,1,0
94996,20230604,-96.85,40.7,0.173,-0.73,0.923,0,0.222,-0.63,0.821,0,0.195,-0.82,1,0,0.175,-0.85,1,0,0.219,-1.07,1,0,0.197,-0.69,0.827,0,0.197,-0.94,1,0
94996,20230605,-96.85,40.7,0.162,-0.81,1,0,0.214,-0.68,0.964,0,0.188,-0.85,1,0,0.175,-0.84,1,0,0.219,-1.06,1,0,0.188,-0.75,0.97,0,0.192,-0.98,1,0
94996,20230606,-96.85,40.7,0.154,-0.86,1,0,0.207,-0.72,1,0,0.182,-0.88,1,0,0.175,-0.83,1,0,0.219,-1.05,1,0,0.181,-0.8,1,0,0.187,-1.01,1,0
94996,20230607,-96.85,40.7,0.149,-0.9,1,0,0.201,-0.76,1,0,0.175,-0.92,1,0,0.175,-0.81,1,0,0.218,-1.05,1,0,0.175,-0.84,1,0,0.184,-1.04,1,0
94996,20230608,-96.85,40.7,0.144,-0.93,1,0,0.197,-0.79,1,0,0.169,-0.95,1,0,0.175,-0.8,1,0,0.217,-1.05,1,0,0.171,-0.87,1,0,0.181,-1.05,1,0
94996,20230609,-96.85,40.7,0.141,-0.95,1,0,0.193,-0.81,1,0,0.164,-0.98,1,0,0.175,-0.8,1,0,0.216,-1.05,1,0,0.167,-0.89,1,0,0.178,-1.07,1,0
94996,20230610,-96.85,40.7,0.138,-0.96,1,0,0.19,-0.83,1,0,0.16,-1,1,0,0.174,-0.79,1,0,0.215,-1.06,1,0,0.164,-0.91,1,0,0.175,-1.08,1,0
94996,20230611,-96.85,40.7,0.135,-0.96,1,0,0.187,-0.84,1,0,0.155,-1.02,1,0,0.173,-0.78,1,0,0.214,-1.05,1,0,0.161,-0.92,1,0,0.173,-1.09,1,0
94996,20230612,-96.85,40.7,0.133,-0.96,1,0,0.184,-0.85,1,0,0.151,-1.04,1,0,0.172,-0.78,1,0,0.213,-1.06,1,0,0.159,-0.93,1,0,0.171,-1.1,1,0
94996,20230613,-96.85,40.7,0.131,-0.96,1,0,0.182,-0.86,1,0,0.148,-1.05,1,0,0.17,-0.78,1,0,0.211,-1.07,1,0,0.156,-0.94,1,0,0.168,-1.11,1,0
94996,20230614,-96.85,40.7,0.129,-0.95,1,0,0.179,-0.87,1,0,0.145,-1.06,1,0,0.168,-0.79,1,0,0.209,-1.08,1,0,0.154,-0.94,1,0,0.166,-1.12,1,0
94996,20230615,-96.85,40.7,0.128,-0.95,1,0,0.178,-0.87,1,0,0.143,-1.06,1,0,0.166,-0.8,1,0,0.208,-1.1,1,0,0.153,-0.94,1,0,0.164,-1.13,1,0
94996,20230616,-96.85,40.7,0.126,-0.94,1,0,0.176,-0.87,1,0,0.141,-1.06,1,0,0.163,-0.81,1,0,0.207,-1.11,1,0,0.151,-0.94,1,0,0.163,-1.14,1,0
94996,20230617,-96.85,40.7,0.125,-0.93,1,0,0.175,-0.86,1,0,0.14,-1.06,1,0,0.161,-0.83,1,0,0.205,-1.13,1,0,0.15,-0.93,1,0,0.161,-1.15,1,0
94996,20230618,-96.85,40.7,0.124,-0.92,1,0,0.174,-0.86,1,0,0.139,-1.05,1,0,0.16,-0.83,1,0,0.204,-1.15,1,0,0.149,-0.92,1,0,0.16,-1.15,1,0
94996,20230619,-96.85,40.7,0.123,-0.91,1,0,0.173,-0.85,1,0,0.139,-1.05,1,0,0.159,-0.84,1,0,0.203,-1.17,1,0,0.148,-0.9,1,0,0.159,-1.15,1,0
94996,20230620,-96.85,40.7,0.123,-0.89,1,0,0.173,-0.84,1,0,0.138,-1.04,1,0,0.159,-0.83,1,0,0.203,-1.19,1,0,0.148,-0.89,1,0,0.159,-1.15,1,0
94996,20230621,-96.85,40.7,0.123,-0.88,1,0,0.172,-0.83,1,0,0.138,-1.04,1,0,0.159,-0.83,1,0,0.202,-1.2,1,0,0.147,-0.87,1,0,0.159,-1.14,1,0
94996,20230622,-96.85,40.7,0.122,-0.87,1,0,0.172,-0.82,1,0,0.138,-1.03,1,0,0.159,-0.82,1,0,0.202,-1.21,1,0,0.147,-0.85,1,0,0.159,-1.12,1,0
94996,20230623,-96.85,40.7,0.122,-0.85,1,0,0.172,-0.82,1,0,0.137,-1.04,1,0,0.159,-0.81,1,0,0.202,-1.22,1,0,0.147,-0.84,1,0,0.158,-1.11,1,0
94996,20230624,-96.85,40.7,0.122,-0.84,1,0,0.172,-0.81,1,0,0.137,-1.04,1,0,0.158,-0.81,1,0,0.201,-1.23,1,0,0.147,-0.83,1,0,0.158,-1.11,1,0
94996,20230625,-96.85,40.7,0.121,-0.84,1,0,0.171,-0.82,1,0,0.136,-1.06,1,0,0.157,-0.81,1,0,0.2,-1.24,1,0,0.146,-0.83,1,0,0.157,-1.11,1,0
94996,20230626,-96.85,40.7,0.12,-0.85,1,0,0.17,-0.83,1,0,0.136,-1.07,1,0,0.156,-0.81,1,0,0.199,-1.25,1,0,0.145,-0.84,1,0,0.156,-1.11,1,0
94996,20230627,-96.85,40.7,0.119,-0.86,1,0,0.169,-0.84,1,0,0.135,-1.09,1,0,0.155,-0.81,1,0,0.199,-1.27,1,0,0.144,-0.85,1,0,0.155,-1.12,1,0
94996,20230628,-96.85,40.7,0.117,-0.88,1,0,0.168,-0.85,1,0,0.135,-1.11,1,0,0.154,-0.81,1,0,0.198,-1.28,1,0,0.143,-0.86,1,0,0.154,-1.14,1,0
94996,20230629,-96.85,40.7,0.116,-0.89,1,0,0.167,-0.87,1,0,0.134,-1.13,1,0,0.153,-0.81,1,0,0.197,-1.29,1,0,0.142,-0.88,1,0,0.153,-1.15,1,0
94996,20230630,-96.85,40.7,0.118,-0.89,0.982,0,0.167,-0.88,1,0,0.134,-1.14,1,0,0.153,-0.8,1,0,0.197,-1.3,1,0,0.143,-0.88,0.988,0,0.154,-1.16,1,0
94996,20230701,-96.85,40.7,0.14,-0.73,0.839,0,0.169,-0.88,1,0,0.134,-1.15,1,0,0.153,-0.8,1,0,0.196,-1.31,1,0,0.154,-0.8,0.863,0,0.158,-1.13,1,0
94996,20230702,-96.85,40.7,0.164,-0.56,0.696,0,0.17,-0.87,1,0,0.134,-1.16,1,0,0.153,-0.79,1,0,0.196,-1.32,1,0,0.167,-0.71,0.75,0,0.163,-1.09,1,0
94996,20230703,-96.85,40.7,0.186,-0.4,0.554,0,0.171,-0.86,1,0,0.134,-1.16,1,0,0.152,-0.79,1,0,0.195,-1.33,1,0,0.179,-0.62,0.649,0,0.168,-1.05,1,0
94996,20230704,-96.85,40.7,0.204,-0.27,0.411,0,0.173,-0.85,1,0,0.134,-1.17,1,0,0.153,-0.78,1,0,0.195,-1.33,1,0,0.189,-0.54,0.649,0,0.172,-1.02,1,0
94996,20230705,-96.85,40.7,0.227,-0.1,0.268,0.065,0.18,-0.78,0.946,0,0.141,-1.12,1,0,0.153,-0.77,1,0,0.195,-1.34,1,0,0.203,-0.42,0.583,0,0.179,-0.95,1,0
94996,20230706,-96.85,40.7,0.252,0.11,0.125,0.155,0.195,-0.65,0.804,0,0.155,-1.01,1,0,0.153,-0.77,1,0,0.195,-1.33,1,0,0.224,-0.25,0.44,0,0.19,-0.85,1,0
94996,20230707,-96.85,40.7,0.272,0.27,0,0.155,0.209,-0.52,0.661,0,0.168,-0.91,1,0,0.153,-0.76,1,0,0.195,-1.33,1,0,0.241,-0.1,0.31,0,0.199,-0.75,1,0
94996,20230708,-96.85,40.7,0.278,0.34,0,0.292,0.234,-0.3,0.518,0.131,0.191,-0.74,0.869,0,0.163,-0.69,0.881,0,0.196,-1.32,1,0,0.256,0.04,0.292,0.131,0.212,-0.61,0.869,0
94996,20230709,-96.85,40.7,0.279,0.37,0,0.435,0.257,-0.09,0.375,0.274,0.213,-0.57,0.726,0,0.176,-0.59,0.738,0,0.196,-1.3,1,0,0.268,0.16,0.262,0.274,0.224,-0.47,0.726,0
94996,20230710,-96.85,40.7,0.28,0.39,0,0.458,0.28,0.12,0.232,0.417,0.234,-0.4,0.583,0,0.189,-0.5,0.595,0,0.196,-1.28,1,0,0.28,0.27,0.22,0.417,0.236,-0.33,0.583,0
94996,20230711,-96.85,40.7,0.282,0.42,0,0.458,0.301,0.31,0.089,0.56,0.254,-0.24,0.44,0,0.201,-0.41,0.452,0,0.196,-1.26,1,0,0.291,0.38,0.077,0.518,0.247,-0.2,0.44,0
94996,20230712,-96.85,40.7,0.277,0.41,0,0.393,0.316,0.46,0,0.702,0.268,-0.13,0.298,0,0.212,-0.33,0.31,0,0.196,-1.23,1,0,0.297,0.44,0,0.518,0.254,-0.11,0.298,0
94996,20230713,-96.85,40.7,0.276,0.41,0,0.429,0.323,0.55,0,0.845,0.273,-0.08,0.155,0,0.224,-0.24,0.167,0,0.196,-1.2,1,0,0.3,0.48,0,0.655,0.258,-0.04,0.155,0
94996,20230714,-96.85,40.7,0.276,0.43,0,0.512,0.33,0.64,0,0.988,0.278,-0.02,0.012,0,0.235,-0.16,0.024,0,0.196,-1.17,1,0,0.303,0.53,0,0.798,0.263,0.03,0.012,0
94996,20230715,-96.85,40.7,0.273,0.42,0,0.476,0.325,0.63,0,1,0.273,-0.03,0,0,0.236,-0.15,0,0,0.197,-1.14,1,0,0.299,0.53,0,0.798,0.261,0.03,0,0
94996,20230716,-96.85,40.7,0.272,0.43,0,0.476,0.321,0.63,0,1,0.269,-0.04,0,0,0.234,-0.16,0,0,0.197,-1.12,1,0,0.296,0.53,0,0.798,0.259,0.03,0,0
94996,20230717,-96.85,40.7,0.28,0.5,0,0.595,0.323,0.7,0,1,0.27,-0.01,0,0,0.233,-0.17,0,0,0.197,-1.1,1,0,0.302,0.61,0,0.798,0.261,0.08,0,0.137
94996,20230718,-96.85,40.7,0.287,0.56,0,0.738,0.327,0.77,0,1,0.273,0.03,0,0.006,0.233,-0.16,0,0,0.198,-1.08,1,0,0.307,0.68,0,0.839,0.263,0.15,0,0.28
94996,20230719,-96.85,40.7,0.297,0.65,0,0.881,0.331,0.84,0,1,0.276,0.07,0,0.006,0.233,-0.16,0,0,0.198,-1.07,1,0,0.314,0.77,0,0.982,0.267,0.22,0,0.423
94996,20230720,-96.85,40.7,0.3,0.68,0,0.899,0.333,0.89,0,1,0.278,0.11,0,0.006,0.233,-0.16,0,0,0.199,-1.07,1,0,0.317,0.82,0,0.988,0.269,0.27,0,0.565
94996,20230721,-96.85,40.7,0.302,0.71,0,0.958,0.336,0.94,0,1,0.281,0.15,0,0.006,0.233,-0.16,0,0,0.199,-1.07,1,0,0.319,0.85,0,0.988,0.27,0.31,0,0.655
94996,20230722,-96.85,40.7,0.298,0.69,0,0.964,0.338,0.98,0,1,0.283,0.18,0,0.012,0.232,-0.16,0,0,0.199,-1.08,1,0,0.318,0.86,0,1,0.27,0.33,0,0.671
94996,20230723,-96.85,40.7,0.293,0.66,0,0.821,0.339,1,0,1,0.284,0.21,0,0.012,0.232,-0.15,0,0,0.199,-1.08,1,0,0.316,0.86,0,1,0.27,0.34,0,0.671
94996,20230724,-96.85,40.7,0.28,0.58,0,0.679,0.332,0.96,0,1,0.28,0.18,0,0.012,0.232,-0.16,0,0,0.2,-1.09,1,0,0.306,0.79,0,1,0.265,0.27,0,0.53
94996,20230725,-96.85,40.7,0.268,0.51,0,0.536,0.323,0.9,0,1,0.272,0.14,0,0.006,0.229,-0.18,0.083,0,0.2,-1.1,1,0,0.296,0.71,0,0.988,0.258,0.19,0,0.384
94996,20230726,-96.85,40.7,0.254,0.41,0,0.393,0.314,0.84,0,1,0.265,0.09,0,0.006,0.226,-0.2,0.185,0,0.2,-1.1,1,0,0.284,0.62,0,0.89,0.252,0.09,0,0.238
94996,20230727,-96.85,40.7,0.239,0.31,0,0.25,0.302,0.75,0,0.909,0.256,0.03,0.054,0.006,0.223,-0.22,0.327,0,0.201,-1.11,1,0,0.27,0.52,0,0.744,0.244,-0.02,0.061,0.091
94996,20230728,-96.85,40.7,0.226,0.21,0,0.107,0.289,0.65,0,0.774,0.246,-0.05,0.167,0.006,0.219,-0.24,0.464,0,0.201,-1.12,1,0,0.257,0.41,0,0.598,0.236,-0.15,0.195,0
94996,20230729,-96.85,40.7,0.213,0.12,0,0,0.277,0.55,0,0.637,0.235,-0.13,0.31,0,0.215,-0.27,0.595,0,0.202,-1.13,1,0,0.245,0.31,0,0.464,0.228,-0.27,0.333,0
94996,20230730,-96.85,40.7,0.222,0.23,0,0.131,0.285,0.68,0,0.625,0.241,-0.05,0.321,0.131,0.224,-0.18,0.607,0.131,0.21,-1.03,0.935,0,0.254,0.44,0,0.452,0.236,-0.11,0.345,0.131
94996,20230731,-96.85,40.7,0.234,0.36,0,0.274,0.293,0.81,0,0.625,0.249,0.05,0.321,0.274,0.233,-0.09,0.607,0.274,0.219,-0.9,0.821,0,0.264,0.58,0,0.452,0.246,0.07,0.345,0.274
94996,20230801,-96.85,40.7,0.25,0.53,0,0.417,0.305,0.97,0,0.625,0.261,0.18,0.321,0.417,0.242,0.01,0.524,0.417,0.228,-0.78,0.702,0,0.278,0.75,0,0.464,0.257,0.28,0.345,0.417
94996,20230802,-96.85,40.7,0.264,0.67,0,0.56,0.317,1.13,0,0.625,0.273,0.3,0.321,0.56,0.252,0.1,0.423,0.56,0.237,-0.65,0.56,0,0.291,0.92,0,0.56,0.269,0.5,0.345,0.56
94996,20230803,-96.85,40.7,0.279,0.82,0,0.702,0.332,1.32,0,0.714,0.286,0.44,0.268,0.702,0.261,0.2,0.28,0.702,0.246,-0.52,0.417,0,0.305,1.09,0,0.702,0.281,0.72,0.286,0.702
94996,20230804,-96.85,40.7,0.294,0.98,0,0.845,0.347,1.51,0,0.845,0.3,0.58,0.155,0.845,0.271,0.3,0.143,0.845,0.255,-0.38,0.274,0,0.321,1.27,0,0.845,0.294,0.96,0.155,0.845
94996,20230805,-96.85,40.7,0.311,1.14,0,0.988,0.364,1.71,0,0.988,0.316,0.74,0.012,0.988,0.281,0.39,0.012,0.988,0.265,-0.24,0.131,0,0.337,1.46,0,0.988,0.307,1.21,0.012,0.988
94996,20230806,-96.85,40.7,0.305,1.09,0,1,0.36,1.67,0,1,0.314,0.72,0,1,0.279,0.38,0,0.929,0.267,-0.2,0.054,0,0.333,1.41,0,1,0.305,1.17,0,1
94996,20230807,-96.85,40.7,0.299,1.03,0,1,0.355,1.63,0,1,0.311,0.69,0,1,0.276,0.35,0,0.792,0.267,-0.19,0.024,0,0.327,1.35,0,1,0.302,1.12,0,1
94996,20230808,-96.85,40.7,0.288,0.93,0,1,0.349,1.56,0,1,0.305,0.64,0,0.935,0.273,0.33,0,0.649,0.268,-0.17,0,0,0.319,1.26,0,1,0.297,1.03,0,1
94996,20230809,-96.85,40.7,0.279,0.84,0,1,0.342,1.49,0,1,0.3,0.58,0,0.804,0.269,0.3,0,0.506,0.269,-0.16,0,0,0.311,1.17,0,1,0.292,0.95,0,1
94996,20230810,-96.85,40.7,0.277,0.82,0,1,0.335,1.41,0,1,0.294,0.53,0,0.661,0.266,0.27,0,0.363,0.269,-0.15,0,0,0.306,1.12,0,1,0.288,0.88,0,1
94996,20230811,-96.85,40.7,0.273,0.79,0,1,0.328,1.33,0,1,0.288,0.47,0,0.518,0.262,0.24,0,0.22,0.269,-0.15,0,0,0.301,1.07,0,1,0.284,0.81,0,1
94996,20230812,-96.85,40.7,0.268,0.74,0,1,0.32,1.24,0,1,0.283,0.42,0,0.375,0.258,0.21,0,0.077,0.269,-0.15,0,0,0.294,1.01,0,1,0.28,0.72,0,1
94996,20230813,-96.85,40.7,0.263,0.69,0,0.976,0.31,1.13,0,1,0.276,0.36,0,0.232,0.254,0.17,0,0.006,0.268,-0.16,0,0,0.287,0.93,0,1,0.274,0.63,0,0.94
94996,20230814,-96.85,40.7,0.267,0.72,0,0.976,0.301,1.03,0,1,0.271,0.31,0,0.089,0.25,0.14,0,0,0.267,-0.17,0,0,0.284,0.91,0,1,0.271,0.57,0,0.94
94996,20230815,-96.85,40.7,0.269,0.74,0,0.976,0.292,0.93,0,1,0.265,0.26,0,0.012,0.247,0.11,0,0,0.267,-0.18,0,0,0.281,0.88,0,1,0.268,0.51,0,0.839
94996,20230816,-96.85,40.7,0.27,0.75,0,0.97,0.284,0.82,0,0.917,0.26,0.21,0,0,0.243,0.07,0,0,0.265,-0.2,0,0,0.277,0.84,0,0.988,0.264,0.45,0,0.696
94996,20230817,-96.85,40.7,0.263,0.69,0,0.827,0.275,0.7,0,0.774,0.255,0.16,0,0,0.239,0.04,0,0,0.264,-0.21,0,0,0.269,0.75,0,0.845,0.259,0.35,0,0.554
94996,20230818,-96.85,40.7,0.256,0.61,0,0.685,0.266,0.58,0,0.631,0.249,0.11,0,0,0.234,0,0,0,0.263,-0.23,0,0,0.261,0.65,0,0.702,0.253,0.26,0,0.411
94996,20230819,-96.85,40.7,0.249,0.54,0,0.542,0.256,0.47,0,0.488,0.243,0.06,0,0,0.229,-0.05,0,0,0.261,-0.26,0.006,0,0.253,0.55,0,0.56,0.248,0.16,0,0.268
94996,20230820,-96.85,40.7,0.242,0.47,0,0.423,0.248,0.36,0,0.345,0.237,0.01,0,0,0.225,-0.1,0,0,0.259,-0.28,0.101,0,0.245,0.46,0,0.417,0.242,0.08,0,0.185
94996,20230821,-96.85,40.7,0.227,0.33,0,0.28,0.239,0.26,0,0.202,0.23,-0.05,0.083,0,0.22,-0.15,0,0,0.257,-0.3,0.238,0,0.233,0.33,0,0.274,0.235,-0.04,0,0.042
94996,20230822,-96.85,40.7,0.214,0.2,0,0.137,0.231,0.16,0,0.06,0.222,-0.12,0.226,0,0.214,-0.21,0.089,0,0.254,-0.34,0.381,0,0.222,0.21,0,0.131,0.227,-0.15,0.089,0
94996,20230823,-96.85,40.7,0.202,0.09,0,0,0.223,0.08,0,0,0.213,-0.19,0.369,0,0.209,-0.27,0.232,0,0.251,-0.36,0.524,0,0.213,0.1,0,0,0.22,-0.26,0.232,0
94996,20230824,-96.85,40.7,0.192,-0.01,0,0,0.216,0.01,0.018,0,0.204,-0.26,0.512,0,0.204,-0.33,0.375,0,0.248,-0.39,0.667,0,0.204,0.01,0,0,0.213,-0.35,0.375,0
94996,20230825,-96.85,40.7,0.183,-0.08,0.018,0,0.209,-0.06,0.137,0,0.195,-0.33,0.655,0,0.2,-0.38,0.518,0,0.245,-0.41,0.81,0,0.196,-0.06,0.113,0,0.206,-0.44,0.518,0
94996,20230826,-96.85,40.7,0.182,-0.08,0.042,0.036,0.208,-0.07,0.22,0.03,0.191,-0.36,0.768,0.024,0.197,-0.41,0.637,0.006,0.242,-0.43,0.935,0,0.195,-0.07,0.185,0.03,0.204,-0.47,0.625,0.03
94996,20230827,-96.85,40.7,0.197,0.06,0.042,0.164,0.225,0.11,0.224,0.158,0.204,-0.25,0.782,0.152,0.207,-0.32,0.648,0.115,0.238,-0.46,0.982,0,0.211,0.09,0.188,0.158,0.214,-0.33,0.636,0.158
94996,20230828,-96.85,40.7,0.212,0.2,0.042,0.309,0.244,0.29,0.224,0.303,0.219,-0.12,0.697,0.297,0.217,-0.22,0.648,0.115,0.235,-0.47,0.988,0,0.228,0.26,0.188,0.303,0.226,-0.18,0.636,0.303
94996,20230829,-96.85,40.7,0.226,0.33,0.042,0.455,0.262,0.47,0.224,0.448,0.234,0,0.552,0.394,0.226,-0.13,0.558,0.115,0.233,-0.49,0.988,0,0.244,0.42,0.188,0.448,0.236,-0.03,0.545,0.448
94996,20230830,-96.85,40.7,0.239,0.45,0.042,0.6,0.279,0.63,0.224,0.594,0.249,0.13,0.406,0.394,0.235,-0.04,0.412,0.115,0.231,-0.49,0.988,0,0.259,0.56,0.188,0.594,0.247,0.1,0.4,0.588
94996,20230831,-96.85,40.7,0.25,0.56,0.042,0.673,0.295,0.78,0.206,0.739,0.264,0.25,0.261,0.394,0.244,0.04,0.267,0.115,0.229,-0.5,0.988,0,0.273,0.69,0.188,0.739,0.257,0.23,0.255,0.594
94996,20230901,-96.85,40.7,0.26,0.66,0.024,0.673,0.31,0.92,0.085,0.885,0.278,0.37,0.115,0.394,0.252,0.12,0.121,0.115,0.228,-0.5,0.988,0,0.285,0.8,0.073,0.806,0.266,0.35,0.109,0.594
94996,20230902,-96.85,40.7,0.262,0.68,0,0.636,0.318,0.99,0,0.879,0.287,0.44,0,0.37,0.258,0.18,0,0.109,0.227,-0.5,1,0,0.29,0.85,0,0.776,0.27,0.41,0,0.564
94996,20230903,-96.85,40.7,0.247,0.54,0,0.5,0.304,0.85,0,0.738,0.276,0.35,0,0.238,0.25,0.09,0,0,0.227,-0.49,1,0,0.275,0.71,0,0.637,0.261,0.28,0,0.429
94996,20230904,-96.85,40.7,0.232,0.41,0,0.357,0.289,0.7,0,0.595,0.264,0.26,0,0.095,0.242,0,0,0,0.226,-0.49,1,0,0.261,0.56,0,0.494,0.251,0.14,0,0.286
94996,20230905,-96.85,40.7,0.218,0.29,0,0.214,0.273,0.55,0,0.452,0.252,0.16,0,0,0.234,-0.09,0.018,0,0.226,-0.48,1,0,0.246,0.43,0,0.351,0.241,0.01,0,0.143
94996,20230906,-96.85,40.7,0.206,0.18,0,0.071,0.257,0.41,0,0.31,0.24,0.06,0.006,0,0.227,-0.17,0.137,0,0.225,-0.48,1,0,0.231,0.3,0,0.208,0.231,-0.11,0.065,0.006
94996,20230907,-96.85,40.7,0.194,0.09,0,0,0.242,0.27,0,0.167,0.227,-0.05,0.137,0,0.219,-0.26,0.28,0,0.225,-0.48,1,0,0.218,0.18,0,0.065,0.221,-0.23,0.208,0
94996,20230908,-96.85,40.7,0.185,0,0,0,0.229,0.15,0,0.024,0.215,-0.16,0.28,0,0.211,-0.33,0.423,0,0.224,-0.48,1,0,0.207,0.07,0,0,0.213,-0.34,0.351,0
94996,20230909,-96.85,40.7,0.176,-0.08,0.042,0,0.217,0.05,0,0,0.204,-0.26,0.423,0,0.204,-0.41,0.565,0,0.223,-0.48,1,0,0.197,-0.02,0.018,0,0.205,-0.45,0.494,0
94996,20230910,-96.85,40.7,0.17,-0.15,0.185,0,0.208,-0.04,0.119,0,0.194,-0.35,0.565,0,0.197,-0.47,0.708,0,0.222,-0.48,1,0,0.189,-0.1,0.161,0,0.198,-0.53,0.637,0
94996,20230911,-96.85,40.7,0.164,-0.2,0.327,0,0.201,-0.11,0.262,0,0.185,-0.44,0.708,0,0.192,-0.53,0.851,0,0.221,-0.48,1,0,0.183,-0.17,0.304,0,0.193,-0.61,0.78,0
94996,20230912,-96.85,40.7,0.16,-0.25,0.47,0,0.196,-0.17,0.405,0,0.178,-0.51,0.851,0,0.186,-0.58,0.976,0,0.22,-0.48,1,0,0.178,-0.23,0.446,0,0.188,-0.67,0.923,0
94996,20230913,-96.85,40.7,0.157,-0.29,0.613,0,0.191,-0.22,0.548,0,0.172,-0.58,0.988,0,0.181,-0.63,1,0,0.219,-0.48,1,0,0.174,-0.28,0.589,0,0.184,-0.74,1,0
94996,20230914,-96.85,40.7,0.154,-0.33,0.756,0,0.187,-0.26,0.69,0,0.167,-0.64,1,0,0.176,-0.68,1,0,0.217,-0.49,1,0,0.171,-0.32,0.732,0,0.18,-0.79,1,0
94996,20230915,-96.85,40.7,0.152,-0.36,0.899,0,0.184,-0.3,0.833,0,0.162,-0.69,1,0,0.171,-0.73,1,0,0.215,-0.49,1,0,0.168,-0.37,0.875,0,0.177,-0.84,1,0
94996,20230916,-96.85,40.7,0.15,-0.39,1,0,0.181,-0.34,0.976,0,0.157,-0.74,1,0,0.167,-0.77,1,0,0.214,-0.49,1,0,0.166,-0.4,1,0,0.174,-0.89,1,0
94996,20230917,-96.85,40.7,0.148,-0.4,1,0,0.179,-0.36,1,0,0.154,-0.79,1,0,0.164,-0.8,1,0,0.212,-0.5,1,0,0.164,-0.43,1,0,0.171,-0.93,1,0
94996,20230918,-96.85,40.7,0.147,-0.42,1,0,0.177,-0.39,1,0,0.15,-0.83,1,0,0.16,-0.83,1,0,0.211,-0.51,1,0,0.162,-0.44,1,0,0.169,-0.96,1,0
94996,20230919,-96.85,40.7,0.146,-0.42,1,0,0.175,-0.41,1,0,0.146,-0.88,1,0,0.157,-0.85,1,0,0.209,-0.51,1,0,0.161,-0.45,1,0,0.167,-0.99,1,0
94996,20230920,-96.85,40.7,0.145,-0.42,1,0,0.173,-0.43,1,0,0.143,-0.91,1,0,0.154,-0.87,1,0,0.207,-0.52,1,0,0.159,-0.46,1,0,0.165,-1.02,1,0
94996,20230921,-96.85,40.7,0.144,-0.42,1,0,0.172,-0.44,1,0,0.141,-0.94,1,0,0.152,-0.89,1,0,0.206,-0.54,1,0,0.158,-0.46,1,0,0.163,-1.04,1,0
94996,20230922,-96.85,40.7,0.144,-0.41,0.976,0,0.171,-0.45,1,0,0.139,-0.96,1,0,0.151,-0.9,1,0,0.204,-0.55,1,0,0.158,-0.45,0.982,0,0.162,-1.04,1,0
94996,20230923,-96.85,40.7,0.15,-0.34,0.833,0,0.17,-0.46,1,0,0.137,-0.98,1,0,0.149,-0.91,1,0,0.203,-0.57,1,0,0.16,-0.41,0.839,0,0.162,-1.03,1,0
94996,20230924,-96.85,40.7,0.155,-0.28,0.69,0,0.169,-0.46,1,0,0.136,-0.99,1,0,0.147,-0.92,1,0,0.202,-0.59,1,0,0.162,-0.38,0.696,0,0.162,-1.02,1,0
94996,20230925,-96.85,40.7,0.159,-0.23,0.548,0,0.168,-0.46,1,0,0.136,-1,1,0,0.146,-0.92,1,0,0.201,-0.6,1,0,0.164,-0.35,0.649,0,0.162,-1,1,0
94996,20230926,-96.85,40.7,0.161,-0.21,0.405,0,0.168,-0.45,1,0,0.135,-1,1,0,0.146,-0.92,1,0,0.201,-0.61,1,0,0.164,-0.33,0.649,0,0.162,-0.99,1,0
94996,20230927,-96.85,40.7,0.163,-0.19,0.363,0,0.167,-0.45,1,0,0.134,-1,1,0,0.145,-0.93,1,0,0.201,-0.63,1,0,0.165,-0.32,0.649,0,0.162,-0.98,1,0
94996,20230928,-96.85,40.7,0.163,-0.18,0.363,0,0.166,-0.44,1,0,0.134,-1,1,0,0.145,-0.92,1,0,0.2,-0.63,1,0,0.165,-0.32,0.649,0,0.162,-0.97,1,0
94996,20230929,-96.85,40.7,0.163,-0.18,0.387,0,0.166,-0.44,1,0,0.133,-1,1,0,0.144,-0.92,1,0,0.2,-0.64,1,0,0.164,-0.32,0.667,0,0.161,-0.95,1,0
94996,20230930,-96.85,40.7,0.156,-0.24,0.53,0,0.166,-0.43,1,0,0.133,-0.99,1,0,0.144,-0.92,1,0,0.2,-0.64,1,0,0.161,-0.36,0.81,0,0.16,-0.96,1,0
94996,20231001,-96.85,40.7,0.15,-0.29,0.673,0,0.165,-0.43,1,0,0.133,-0.97,1,0,0.144,-0.91,1,0,0.199,-0.64,1,0,0.158,-0.39,0.952,0,0.158,-0.96,1,0
94996,20231002,-96.85,40.7,0.146,-0.33,0.815,0,0.165,-0.43,1,0,0.132,-0.95,1,0,0.144,-0.9,1,0,0.198,-0.65,1,0,0.155,-0.42,1,0,0.157,-0.95,1,0
94996,20231003,-96.85,40.7,0.142,-0.36,0.958,0,0.164,-0.44,1,0,0.132,-0.93,1,0,0.143,-0.89,1,0,0.198,-0.65,1,0,0.153,-0.44,1,0,0.156,-0.95,1,0
94996,20231004,-96.85,40.7,0.146,-0.33,0.935,0,0.165,-0.42,1,0,0.132,-0.9,1,0,0.143,-0.88,1,0,0.198,-0.65,1,0,0.156,-0.42,0.94,0,0.157,-0.91,1,0
94996,20231005,-96.85,40.7,0.157,-0.24,0.792,0,0.168,-0.39,1,0,0.131,-0.86,1,0,0.143,-0.87,1,0,0.197,-0.65,1,0,0.162,-0.35,0.798,0,0.159,-0.87,1,0
94996,20231006,-96.85,40.7,0.167,-0.15,0.649,0,0.17,-0.36,1,0,0.131,-0.83,1,0,0.143,-0.87,1,0,0.197,-0.65,1,0,0.168,-0.28,0.655,0,0.161,-0.82,1,0
94996,20231007,-96.85,40.7,0.176,-0.08,0.506,0,0.171,-0.34,1,0,0.13,-0.8,1,0,0.142,-0.86,1,0,0.197,-0.65,1,0,0.173,-0.23,0.512,0,0.163,-0.79,1,0
94996,20231008,-96.85,40.7,0.183,-0.01,0.363,0,0.172,-0.31,1,0,0.13,-0.77,1,0,0.142,-0.85,1,0,0.196,-0.65,1,0,0.178,-0.17,0.369,0,0.165,-0.75,1,0
94996,20231009,-96.85,40.7,0.19,0.05,0.22,0,0.173,-0.29,1,0,0.129,-0.75,1,0,0.141,-0.85,1,0,0.195,-0.66,1,0,0.182,-0.13,0.226,0,0.166,-0.72,1,0
94996,20231010,-96.85,40.7,0.195,0.11,0.077,0,0.174,-0.26,1,0,0.129,-0.72,1,0,0.141,-0.85,1,0,0.195,-0.66,1,0,0.185,-0.08,0.083,0,0.167,-0.69,1,0
94996,20231011,-96.85,40.7,0.194,0.1,0,0,0.174,-0.25,1,0,0.128,-0.7,1,0,0.14,-0.85,1,0,0.194,-0.67,1,0,0.184,-0.08,0,0,0.166,-0.67,1,0
94996,20231012,-96.85,40.7,0.184,0.04,0,0,0.172,-0.25,1,0,0.128,-0.68,1,0,0.139,-0.85,1,0,0.193,-0.67,1,0,0.178,-0.12,0,0,0.163,-0.67,1,0
94996,20231013,-96.85,40.7,0.178,-0.01,0,0,0.17,-0.24,0.976,0,0.128,-0.66,1,0,0.139,-0.85,1,0,0.193,-0.67,1,0,0.174,-0.15,0,0,0.162,-0.67,1,0
94996,20231014,-96.85,40.7,0.173,-0.04,0,0,0.169,-0.23,0.976,0,0.128,-0.65,1,0,0.139,-0.85,1,0,0.193,-0.68,1,0,0.171,-0.16,0,0,0.16,-0.65,1,0
94996,20231015,-96.85,40.7,0.17,-0.06,0,0,0.168,-0.22,0.976,0,0.128,-0.63,1,0,0.139,-0.84,1,0,0.192,-0.68,1,0,0.169,-0.17,0,0,0.159,-0.64,1,0
94996,20231016,-96.85,40.7,0.168,-0.07,0,0,0.168,-0.21,0.976,0,0.128,-0.62,1,0,0.139,-0.84,1,0,0.192,-0.68,1,0,0.168,-0.17,0,0,0.159,-0.62,1,0
94996,20231017,-96.85,40.7,0.167,-0.07,0,0,0.168,-0.2,0.893,0,0.128,-0.61,1,0,0.139,-0.83,1,0,0.192,-0.68,1,0,0.167,-0.17,0,0,0.159,-0.6,1,0
94996,20231018,-96.85,40.7,0.166,-0.08,0,0,0.167,-0.19,0.893,0,0.128,-0.6,1,0,0.139,-0.82,1,0,0.192,-0.68,1,0,0.167,-0.16,0,0,0.158,-0.58,1,0
94996,20231019,-96.85,40.7,0.166,-0.09,0,0,0.167,-0.19,0.893,0,0.128,-0.59,1,0,0.139,-0.81,1,0,0.191,-0.68,1,0,0.166,-0.17,0,0,0.158,-0.57,1,0
94996,20231020,-96.85,40.7,0.164,-0.11,0,0,0.166,-0.2,0.917,0,0.128,-0.58,1,0,0.138,-0.81,1,0,0.191,-0.68,1,0,0.165,-0.18,0.113,0,0.157,-0.57,1,0
94996,20231021,-96.85,40.7,0.16,-0.14,0.006,0,0.166,-0.21,0.917,0,0.128,-0.57,1,0,0.138,-0.81,1,0,0.191,-0.68,1,0,0.163,-0.19,0.25,0,0.157,-0.57,1,0
94996,20231022,-96.85,40.7,0.157,-0.17,0.137,0,0.166,-0.22,0.917,0,0.127,-0.56,1,0,0.138,-0.8,1,0,0.191,-0.68,1,0,0.161,-0.21,0.393,0,0.156,-0.57,1,0
94996,20231023,-96.85,40.7,0.152,-0.2,0.28,0,0.165,-0.23,0.917,0,0.127,-0.55,1,0,0.138,-0.8,1,0,0.19,-0.68,1,0,0.159,-0.24,0.536,0,0.155,-0.58,1,0
94996,20231024,-96.85,40.7,0.149,-0.24,0.419,0,0.164,-0.25,1,0,0.127,-0.55,1,0,0.138,-0.8,1,0,0.19,-0.68,1,0,0.157,-0.26,0.677,0,0.154,-0.59,1,0
94996,20231025,-96.85,40.7,0.146,-0.27,0.563,0,0.164,-0.26,1,0,0.128,-0.55,1,0,0.138,-0.79,1,0,0.19,-0.68,1,0,0.155,-0.28,0.82,0,0.153,-0.59,1,0
94996,20231026,-96.85,40.7,0.143,-0.29,0.707,0,0.164,-0.28,1,0,0.128,-0.55,1,0,0.138,-0.79,1,0,0.19,-0.68,1,0,0.153,-0.3,0.964,0,0.153,-0.6,1,0
94996,20231027,-96.85,40.7,0.141,-0.32,0.85,0,0.164,-0.29,1,0,0.128,-0.55,1,0,0.138,-0.79,1,0,0.19,-0.68,1,0,0.152,-0.31,0.994,0,0.152,-0.61,1,0
94996,20231028,-96.85,40.7,0.139,-0.34,0.988,0,0.163,-0.3,1,0,0.128,-0.55,1,0,0.139,-0.79,1,0,0.19,-0.67,1,0,0.151,-0.33,1,0,0.152,-0.61,1,0
94996,20231029,-96.85,40.7,0.138,-0.36,1,0,0.163,-0.32,1,0,0.128,-0.56,1,0,0.139,-0.78,1,0,0.191,-0.67,1,0,0.15,-0.34,1,0,0.151,-0.63,1,0
94996,20231030,-96.85,40.7,0.136,-0.39,1,0,0.162,-0.33,1,0,0.127,-0.57,1,0,0.138,-0.78,1,0,0.19,-0.67,1,0,0.149,-0.36,1,0,0.151,-0.64,1,0
94996,20231031,-96.85,40.7,0.134,-0.42,1,0,0.161,-0.35,1,0,0.126,-0.58,1,0,0.138,-0.78,1,0,0.19,-0.67,1,0,0.148,-0.38,1,0,0.15,-0.66,1,0
94996,20231101,-96.85,40.7,0.133,-0.44,1,0,0.161,-0.36,1,0,0.125,-0.59,1,0,0.137,-0.79,1,0,0.19,-0.67,1,0,0.147,-0.39,1,0,0.149,-0.68,1,0
94996,20231102,-96.85,40.7,0.132,-0.47,1,0,0.159,-0.38,1,0,0.124,-0.61,1,0,0.136,-0.79,1,0,0.19,-0.67,1,0,0.146,-0.41,1,0,0.148,-0.7,1,0
94996,20231103,-96.85,40.7,0.131,-0.49,1,0,0.158,-0.4,1,0,0.124,-0.62,1,0,0.135,-0.8,1,0,0.189,-0.67,1,0,0.145,-0.44,1,0,0.147,-0.72,1,0
94996,20231104,-96.85,40.7,0.13,-0.52,1,0,0.158,-0.42,1,0,0.123,-0.64,1,0,0.134,-0.8,1,0,0.189,-0.68,1,0,0.144,-0.47,1,0,0.147,-0.74,1,0
94996,20231105,-96.85,40.7,0.13,-0.53,1,0,0.157,-0.44,1,0,0.122,-0.67,1,0,0.134,-0.81,1,0,0.188,-0.68,1,0,0.143,-0.5,1,0,0.146,-0.75,1,0
94996,20231106,-96.85,40.7,0.13,-0.55,1,0,0.157,-0.46,1,0,0.122,-0.7,1,0,0.133,-0.81,1,0,0.188,-0.68,1,0,0.143,-0.53,1,0,0.146,-0.77,1,0
94996,20231107,-96.85,40.7,0.13,-0.57,1,0,0.157,-0.48,1,0,0.122,-0.74,1,0,0.133,-0.81,1,0,0.187,-0.69,1,0,0.143,-0.56,1,0,0.146,-0.78,1,0
94996,20231108,-96.85,40.7,0.13,-0.6,1,0,0.157,-0.51,1,0,0.122,-0.79,1,0,0.133,-0.81,1,0,0.187,-0.69,1,0,0.144,-0.6,1,0,0.146,-0.79,1,0
94996,20231109,-96.85,40.7,0.13,-0.63,1,0,0.157,-0.54,1,0,0.123,-0.83,1,0,0.133,-0.81,1,0,0.187,-0.69,1,0,0.144,-0.64,1,0,0.146,-0.81,1,0
94996,20231110,-96.85,40.7,0.13,-0.66,1,0,0.158,-0.57,1,0,0.123,-0.87,1,0,0.134,-0.8,1,0,0.188,-0.68,1,0,0.144,-0.68,1,0,0.147,-0.83,1,0
94996,20231111,-96.85,40.7,0.13,-0.7,1,0,0.159,-0.61,1,0,0.123,-0.91,1,0,0.135,-0.8,1,0,0.188,-0.68,1,0,0.144,-0.72,1,0,0.147,-0.85,1,0
94996,20231112,-96.85,40.7,0.13,-0.74,1,0,0.159,-0.66,1,0,0.123,-0.94,1,0,0.135,-0.8,1,0,0.188,-0.68,1,0,0.144,-0.76,1,0,0.147,-0.87,1,0
94996,20231113,-96.85,40.7,0.129,-0.78,1,0,0.158,-0.71,1,0,0.123,-0.97,1,0,0.135,-0.8,1,0,0.188,-0.69,1,0,0.144,-0.79,1,0,0.147,-0.9,1,0
94996,20231114,-96.85,40.7,0.129,-0.81,1,0,0.158,-0.75,1,0,0.124,-0.98,1,0,0.135,-0.81,1,0,0.188,-0.69,1,0,0.144,-0.82,1,0,0.147,-0.94,1,0
94996,20231115,-96.85,40.7,0.129,-0.83,1,0,0.159,-0.8,1,0,0.124,-1,1,0,0.135,-0.81,1,0,0.188,-0.7,1,0,0.144,-0.85,1,0,0.147,-0.97,1,0
94996,20231116,-96.85,40.7,0.128,-0.85,1,0,0.158,-0.84,1,0,0.124,-1.02,1,0,0.135,-0.81,1,0,0.188,-0.71,1,0,0.143,-0.87,1,0,0.147,-1.02,1,0
94996,20231117,-96.85,40.7,0.128,-0.87,1,0,0.158,-0.88,1,0,0.123,-1.04,1,0,0.134,-0.82,1,0,0.188,-0.73,1,0,0.143,-0.89,1,0,0.146,-1.06,1,0
94996,20231118,-96.85,40.7,0.128,-0.88,1,0,0.158,-0.91,1,0,0.123,-1.07,1,0,0.134,-0.82,1,0,0.187,-0.75,1,0,0.143,-0.92,1,0,0.146,-1.1,1,0
94996,20231119,-96.85,40.7,0.128,-0.89,1,0,0.158,-0.94,1,0,0.124,-1.09,1,0,0.134,-0.83,1,0,0.187,-0.76,1,0,0.143,-0.93,1,0,0.146,-1.14,1,0
94996,20231120,-96.85,40.7,0.132,-0.87,0.958,0,0.158,-0.96,1,0,0.124,-1.11,1,0,0.134,-0.84,1,0,0.187,-0.77,1,0,0.145,-0.93,1,0,0.147,-1.17,1,0
94996,20231121,-96.85,40.7,0.152,-0.7,0.815,0.083,0.158,-0.98,1,0,0.124,-1.13,1,0,0.134,-0.85,1,0,0.187,-0.78,1,0,0.155,-0.85,0.869,0,0.151,-1.16,1,0
94996,20231122,-96.85,40.7,0.172,-0.54,0.673,0.137,0.157,-1,1,0,0.123,-1.15,1,0,0.134,-0.86,1,0,0.187,-0.79,1,0,0.165,-0.78,0.726,0,0.155,-1.14,1,0
94996,20231123,-96.85,40.7,0.192,-0.38,0.53,0.143,0.157,-1.01,1,0,0.123,-1.16,1,0,0.134,-0.87,1,0,0.187,-0.8,1,0,0.174,-0.7,0.583,0,0.158,-1.12,1,0
94996,20231124,-96.85,40.7,0.21,-0.22,0.387,0.143,0.156,-1.03,1,0,0.123,-1.17,1,0,0.133,-0.88,1,0,0.186,-0.81,1,0,0.183,-0.63,0.494,0,0.162,-1.1,1,0
94996,20231125,-96.85,40.7,0.228,-0.07,0.244,0.143,0.156,-1.04,1,0,0.122,-1.18,1,0,0.132,-0.9,1,0,0.186,-0.82,1,0,0.192,-0.57,0.482,0,0.165,-1.08,1,0
94996,20231126,-96.85,40.7,0.245,0.08,0.101,0.143,0.155,-1.05,1,0,0.122,-1.19,1,0,0.132,-0.91,1,0,0.186,-0.82,1,0,0.2,-0.51,0.482,0,0.168,-1.06,1,0
94996,20231127,-96.85,40.7,0.259,0.21,0,0.226,0.154,-1.06,1,0,0.121,-1.19,1,0,0.131,-0.92,1,0,0.185,-0.83,1,0,0.207,-0.47,0.482,0,0.17,-1.04,1,0
94996,20231128,-96.85,40.7,0.257,0.21,0,0.238,0.153,-1.07,1,0,0.121,-1.19,1,0,0.13,-0.93,1,0,0.185,-0.84,1,0,0.205,-0.5,0.613,0,0.169,-1.05,1,0
94996,20231129,-96.85,40.7,0.255,0.2,0,0.268,0.152,-1.09,1,0,0.12,-1.2,1,0,0.129,-0.94,1,0,0.184,-0.85,1,0,0.204,-0.54,0.756,0,0.168,-1.07,1,0
94996,20231130,-96.85,40.7,0.254,0.21,0,0.357,0.152,-1.09,1,0,0.12,-1.2,1,0,0.129,-0.95,1,0,0.183,-0.86,1,0,0.203,-0.57,0.899,0,0.168,-1.08,1,0
94996,20231201,-96.85,40.7,0.254,0.22,0,0.357,0.151,-1.1,1,0,0.12,-1.2,1,0,0.128,-0.96,1,0,0.183,-0.87,1,0,0.203,-0.59,0.988,0,0.167,-1.09,1,0
94996,20231202,-96.85,40.7,0.255,0.22,0,0.357,0.151,-1.1,1,0,0.12,-1.19,1,0,0.128,-0.97,1,0,0.182,-0.88,1,0,0.203,-0.61,1,0,0.167,-1.09,1,0
94996,20231203,-96.85,40.7,0.255,0.22,0,0.357,0.151,-1.1,1,0,0.12,-1.19,1,0,0.128,-0.97,1,0,0.181,-0.89,1,0,0.203,-0.63,1,0,0.167,-1.1,1,0
94996,20231204,-96.85,40.7,0.254,0.19,0,0.274,0.151,-1.1,1,0,0.12,-1.19,1,0,0.127,-0.98,1,0,0.181,-0.9,1,0,0.202,-0.65,1,0,0.167,-1.1,1,0
94996,20231205,-96.85,40.7,0.258,0.22,0,0.28,0.151,-1.1,1,0,0.12,-1.18,1,0,0.127,-0.99,1,0,0.18,-0.91,1,0,0.204,-0.64,0.994,0,0.167,-1.09,1,0
94996,20231206,-96.85,40.7,0.261,0.25,0,0.339,0.151,-1.09,1,0,0.12,-1.17,1,0,0.127,-0.99,1,0,0.18,-0.92,1,0,0.206,-0.62,0.994,0,0.168,-1.07,1,0
94996,20231207,-96.85,40.7,0.264,0.26,0,0.387,0.152,-1.09,1,0,0.12,-1.16,1,0,0.127,-1,1,0,0.18,-0.92,1,0,0.208,-0.6,0.994,0,0.169,-1.06,1,0
94996,20231208,-96.85,40.7,0.267,0.28,0,0.47,0.152,-1.1,1,0,0.12,-1.15,1,0,0.127,-1.01,1,0,0.18,-0.93,1,0,0.21,-0.58,0.994,0,0.169,-1.03,1,0
94996,20231209,-96.85,40.7,0.269,0.29,0,0.482,0.153,-1.12,1,0,0.12,-1.13,1,0,0.128,-1.01,1,0,0.18,-0.93,1,0,0.211,-0.56,0.994,0,0.17,-1,1,0
94996,20231210,-96.85,40.7,0.272,0.31,0,0.482,0.154,-1.14,1,0,0.121,-1.1,1,0,0.128,-1.01,1,0,0.18,-0.94,1,0,0.213,-0.53,0.994,0,0.171,-0.97,1,0
94996,20231211,-96.85,40.7,0.273,0.31,0,0.482,0.155,-1.16,1,0,0.121,-1.08,1,0,0.128,-1.02,1,0,0.18,-0.94,1,0,0.214,-0.52,0.994,0,0.171,-0.93,1,0
94996,20231212,-96.85,40.7,0.27,0.26,0,0.381,0.155,-1.18,1,0,0.121,-1.06,1,0,0.128,-1.02,1,0,0.18,-0.94,1,0,0.213,-0.54,1,0,0.171,-0.92,1,0
94996,20231213,-96.85,40.7,0.266,0.19,0,0.238,0.156,-1.21,1,0,0.121,-1.04,1,0,0.128,-1.03,1,0,0.18,-0.95,1,0,0.211,-0.56,1,0,0.17,-0.91,1,0
94996,20231214,-96.85,40.7,0.263,0.13,0,0.095,0.156,-1.24,1,0,0.121,-1.04,1,0,0.128,-1.03,1,0,0.18,-0.95,1,0,0.209,-0.58,1,0,0.17,-0.91,1,0
94996,20231215,-96.85,40.7,0.261,0.09,0,0.036,0.156,-1.26,1,0,0.121,-1.05,1,0,0.128,-1.03,1,0,0.18,-0.95,1,0,0.209,-0.6,0.976,0,0.169,-0.94,1,0
94996,20231216,-96.85,40.7,0.268,0.14,0,0.167,0.159,-1.25,1,0,0.123,-1.06,1,0,0.128,-1.04,1,0,0.18,-0.96,1,0,0.213,-0.55,0.833,0,0.172,-0.96,1,0
94996,20231217,-96.85,40.7,0.272,0.15,0,0.188,0.166,-1.2,1,0,0.126,-1.06,1,0,0.128,-1.04,1,0,0.18,-0.96,1,0,0.219,-0.5,0.703,0,0.174,-0.97,1,0
94996,20231218,-96.85,40.7,0.275,0.15,0,0.203,0.173,-1.15,1,0,0.131,-1.06,1,0,0.128,-1.04,1,0,0.18,-0.97,1,0,0.224,-0.47,0.601,0,0.177,-0.99,1,0
94996,20231219,-96.85,40.7,0.278,0.17,0,0.231,0.181,-1.1,1,0,0.136,-1.05,1,0,0.128,-1.03,1,0,0.18,-0.98,1,0,0.23,-0.43,0.507,0,0.181,-1.01,1,0
94996,20231220,-96.85,40.7,0.281,0.2,0,0.282,0.189,-1.06,1,0,0.14,-1.05,1,0,0.128,-1.03,1,0,0.18,-0.99,1,0,0.235,-0.39,0.4,0,0.184,-1.02,1,0
94996,20231221,-96.85,40.7,0.284,0.27,0,0.36,0.198,-1.03,1,0,0.145,-1.04,1,0,0.128,-1.03,1,0,0.179,-1,1,0,0.241,-0.32,0.233,0,0.187,-1.02,1,0
94996,20231222,-96.85,40.7,0.286,0.36,0,0.435,0.206,-1,1,0,0.151,-1.03,1,0,0.129,-1.03,1,0,0.18,-1.01,1,0,0.246,-0.21,0,0,0.19,-0.99,1,0
94996,20231223,-96.85,40.7,0.28,0.23,0,0.079,0.212,-1,1,0,0.155,-1.03,1,0,0.129,-1.03,1,0,0.18,-1.02,1,0,0.246,-0.22,0,0,0.191,-0.98,1,0
94996,20231224,-96.85,40.7,0.277,0.14,0,0,0.214,-1.04,1,0,0.156,-1.05,1,0,0.129,-1.04,1,0,0.18,-1.04,1,0,0.245,-0.28,0,0,0.191,-0.99,1,0
94996,20231225,-96.85,40.7,0.282,0.11,0,0,0.22,-1.02,0.964,0,0.16,-1.04,1,0,0.13,-1.04,1,0,0.18,-1.07,1,0,0.251,-0.35,0,0,0.194,-1.01,1,0
94996,20231226,-96.85,40.7,0.286,,,,0.23,-0.94,0.821,0,0.167,-1.01,1,0,0.13,-1.04,1,0,0.18,-1.11,1,0,0.258,,,,0.199,,,
94996,20231227,-96.85,40.7,0.289,,,,0.242,-0.85,0.699,0,0.175,-0.97,1,0,0.132,-1.04,1,0,0.181,-1.15,1,0,0.265,,,,0.204,,,
94996,20231228,-96.85,40.7,0.292,,,,0.254,-0.81,0.647,0,0.184,-0.92,1,0,0.134,-1.04,1,0,0.181,-1.2,1,0,0.273,,,,0.209,,,
94996,20231229,-96.85,40.7,0.294,,,,0.267,-0.75,0.574,0,0.194,-0.86,1,0,0.136,-1.02,1,0,0.181,-1.26,1,0,0.28,,,,0.214,,,
94996,20231230,-96.85,40.7,0.297,,,,0.279,-0.65,0.462,0,0.204,-0.78,1,0,0.139,-0.99,1,0,0.181,-1.32,1,0,0.288,,,,0.22,,,
94996,20231231,-96.85,40.7,0.302,,,,0.293,-0.46,0.269,0,0.217,-0.69,0.958,0,0.144,-0.95,1,0,0.181,-1.38,1,0,0.298,,,,0.228,,,
94996,20240101,-96.85,40.7,0.299,,,,0.302,-0.32,0,0,0.229,-0.6,0.815,0,0.15,-0.9,1,0,0.181,-1.43,1,0,0.3,,,,0.232,,,
94996,20240102,-96.85,40.7,0.296,,,,0.307,-0.25,0,0,0.237,-0.55,0.708,0,0.156,-0.85,1,0,0.18,-1.47,1,0,0.301,,,,0.235,,,
94996,20240103,-96.85,40.7,0.294,,,,0.31,,,,0.244,-0.51,0.649,0,0.161,-0.8,1,0,0.18,-1.51,1,0,0.302,,,,0.238,,,
94996,20240104,-96.85,40.7,0.293,,,,0.312,,,,0.25,-0.47,0.619,0,0.167,-0.76,1,0,0.18,-1.54,1,0,0.302,,,,0.24,,,
94996,20240105,-96.85,40.7,0.293,,,,0.313,,,,0.255,-0.45,0.607,0,0.172,-0.71,1,0,0.179,-1.56,1,0,0.303,,,,0.242,,,
94996,20240106,-96.85,40.7,0.292,,,,0.315,,,,0.258,-0.44,0.601,0,0.176,-0.68,1,0,0.179,-1.58,1,0,0.303,,,,0.244,,,
94996,20240107,-96.85,40.7,0.289,,,,0.315,,,,0.26,-0.46,0.643,0,0.179,-0.65,1,0,0.179,-1.6,1,0,0.302,,,,0.244,,,
94996,20240108,-96.85,40.7,0.287,,,,0.314,,,,0.259,-0.5,0.779,0,0.181,-0.63,1,0,0.179,-1.62,1,0,0.301,,,,0.244,,,
94996,20240109,-96.85,40.7,0.287,,,,0.314,,,,0.259,-0.51,0.871,0,0.182,-0.62,1,0,0.178,-1.65,1,0,0.3,,,,0.244,,,
94996,20240110,-96.85,40.7,0.287,,,,0.314,,,,0.259,-0.53,0.93,0,0.184,-0.61,1,0,0.178,-1.68,1,0,0.3,,,,0.244,,,
94996,20240111,-96.85,40.7,0.287,,,,0.314,,,,0.259,-0.56,0.967,0,0.186,-0.6,1,0,0.178,-1.72,1,0,0.301,,,,0.245,,,
94996,20240112,-96.85,40.7,0.288,,,,0.314,,,,0.26,-0.59,0.985,0,0.189,-0.59,1,0,0.178,-1.76,1,0,0.301,,,,0.246,,,
94996,20240113,-96.85,40.7,0.288,,,,0.314,,,,0.262,-0.62,1,0,0.191,-0.58,1,0,0.178,-1.79,1,0,0.301,,,,0.247,,,
94996,20240114,-96.85,40.7,0.288,,,,0.315,,,,0.264,-0.64,1,0,0.194,-0.57,1,0,0.178,-1.83,1,0,0.301,,,,0.248,,,
94996,20240115,-96.85,40.7,0.287,,,,0.315,,,,0.266,,,,0.196,-0.56,1,0,0.179,-1.85,1,0,0.301,,,,0.249,,,
94996,20240116,-96.85,40.7,0.288,,,,0.315,,,,0.269,,,,0.202,-0.5,0.869,0,0.182,-1.82,1,0,0.302,,,,0.249,,,
94996,20240117,-96.85,40.7,0.287,,,,,,,,0.271,,,,0.208,-0.45,0.732,0,0.184,-1.8,1,0,,,,,,,,
94996,20240118,-96.85,40.7,0.287,,,,,,,,0.273,,,,0.213,-0.4,0.601,0,0.185,-1.78,1,0,,,,,,,,
94996,20240119,-96.85,40.7,0.287,,,,,,,,0.274,,,,0.219,-0.34,0.458,0,0.186,-1.76,1,0,,,,,,,,
94996,20240120,-96.85,40.7,0.287,,,,,,,,0.275,,,,0.223,-0.29,0.315,0,0.187,-1.75,1,0,,,,,,,,
94996,20240121,-96.85,40.7,0.286,,,,,,,,0.274,,,,0.226,-0.27,0.19,0,0.187,-1.73,1,0,,,,,,,,
94996,20240122,-96.85,40.7,0.285,,,,,,,,0.273,,,,0.228,-0.25,0.137,0,0.187,-1.72,1,0,,,,,,,,
94996,20240123,-96.85,40.7,0.283,,,,,,,,0.271,,,,0.226,-0.31,0.268,0,0.184,-1.76,1,0,,,,,,,,
94996,20240124,-96.85,40.7,0.283,,,,,,,,0.269,,,,0.223,-0.36,0.405,0,0.182,-1.79,1,0,,,,,,,,
94996,20240125,-96.85,40.7,0.283,,,,,,,,0.268,,,,0.221,-0.43,0.536,0,0.18,-1.81,1,0,,,,,,,,
94996,20240126,-96.85,40.7,0.286,,,,,,,,0.269,,,,0.22,-0.5,0.679,0,0.179,-1.82,1,0,,,,,,,,
94996,20240127,-96.85,40.7,0.29,,,,,,,,0.271,,,,0.22,-0.53,0.774,0,0.178,-1.84,1,0,,,,,,,,
94996,20240128,-96.85,40.7,0.295,,,,0.32,,,,0.274,,,,0.223,-0.54,0.786,0,0.178,-1.85,1,0,0.308,,,,0.258,,,
94996,20240129,-96.85,40.7,0.301,,,,0.323,,,,0.279,,,,0.227,-0.51,0.696,0,0.177,-1.87,1,0,0.312,,,,0.261,,,
94996,20240130,-96.85,40.7,0.309,,,,0.329,,,,0.286,,,,0.235,-0.43,0.554,0,0.178,-1.86,1,0,0.319,,,,0.267,,,
94996,20240131,-96.85,40.7,0.315,,,,0.335,,,,0.293,,,,0.244,-0.32,0.411,0.012,0.184,-1.78,1,0,0.325,,,,0.274,,,
94996,20240201,-96.85,40.7,0.319,,,,0.34,,,,0.301,,,,0.254,-0.19,0.268,0.06,0.203,-1.48,0.899,0.095,0.33,,,,0.283,,,
94996,20240202,-96.85,40.7,0.319,,,,0.343,,,,0.304,,,,0.261,-0.1,0.125,0.06,0.224,-1.15,0.756,0.238,0.331,,,,0.29,,,
94996,20240203,-96.85,40.7,0.317,,,,0.343,,,,0.305,,,,0.265,-0.04,0.03,0.06,0.244,-0.83,0.613,0.315,0.33,,,,0.295,,,
94996,20240204,-96.85,40.7,0.318,,,,0.344,,,,0.306,,,,0.269,0.01,0,0.06,0.265,-0.51,0.47,0.363,0.331,,,,0.301,,,
94996,20240205,-96.85,40.7,0.317,,,,0.346,,,,0.308,,,,0.273,0.06,0,0.06,0.287,-0.18,0.327,0.506,0.331,,,,0.306,,,
94996,20240206,-96.85,40.7,0.314,,,,0.344,,,,0.306,,,,0.273,0.05,0,0.06,0.308,0.13,0.185,0.649,0.329,,,,0.309,,,
94996,20240207,-96.85,40.7,0.31,,,,0.342,,,,0.303,,,,0.272,0.01,0,0.048,0.323,0.35,0.042,0.756,0.326,,,,0.31,,,
94996,20240208,-96.85,40.7,0.307,,,,0.339,,,,0.299,,,,0.269,-0.06,0,0,0.325,0.36,0,0.685,0.323,,,,0.308,,,
94996,20240209,-96.85,40.7,0.304,,,,0.338,,,,0.297,,,,0.268,-0.09,0,0,0.325,0.34,0,0.554,0.321,,,,0.306,,,
94996,20240210,-96.85,40.7,0.303,,,,0.337,,,,0.296,,,,0.267,-0.12,0,0,0.325,0.33,0,0.476,0.32,,,,0.306,,,
94996,20240211,-96.85,40.7,0.298,,,,0.335,,,,0.293,,,,0.266,-0.16,0,0,0.325,0.32,0,0.429,0.316,,,,0.303,,,
94996,20240212,-96.85,40.7,0.294,,,,0.332,,,,0.29,,,,0.263,-0.23,0,0,0.323,0.28,0,0.286,0.313,,,,0.3,,,
94996,20240213,-96.85,40.7,0.291,,,,0.33,,,,0.287,,,,0.261,-0.27,0,0,0.322,0.26,0,0.143,0.31,,,,0.298,,,
94996,20240214,-96.85,40.7,0.288,,,,0.328,,,,0.286,,,,0.26,-0.31,0,0,0.321,0.23,0,0.036,0.308,,,,0.297,,,
94996,20240215,-96.85,40.7,0.287,,,,0.327,,,,0.284,,,,0.259,-0.34,0,0,0.32,0.21,0,0.012,0.307,,,,0.295,,,
94996,20240216,-96.85,40.7,0.285,,,,0.326,,,,0.283,,,,0.258,-0.36,0,0,0.32,0.19,0,0,0.305,,,,0.294,,,
94996,20240217,-96.85,40.7,0.284,,,,0.324,,,,0.282,,,,0.257,-0.38,0,0,0.319,0.16,0,0,0.304,,,,0.293,,,
94996,20240218,-96.85,40.7,0.284,,,,0.323,,,,0.281,,,,0.256,-0.4,0,0,0.319,0.14,0,0,0.304,,,,0.293,,,
94996,20240219,-96.85,40.7,0.284,,,,0.322,,,,0.28,,,,0.256,-0.41,0,0,0.318,0.11,0,0,0.303,,,,0.292,,,
94996,20240220,-96.85,40.7,0.284,,,,0.321,,,,0.279,,,,0.255,-0.42,0,0,0.317,0.09,0,0,0.303,,,,0.292,,,
94996,20240221,-96.85,40.7,0.283,,,,0.321,,,,0.279,,,,0.255,-0.42,0,0,0.317,0.07,0,0,0.302,,,,0.291,,,
94996,20240222,-96.85,40.7,0.282,,,,0.32,,,,0.278,,,,0.254,-0.43,0,0,0.317,0.04,0,0,0.301,,,,0.29,,,
94996,20240223,-96.85,40.7,0.281,,,,0.319,,,,0.277,,,,0.254,-0.43,0,0,0.316,0.03,0,0,0.3,,,,0.29,,,
94996,20240224,-96.85,40.7,0.28,,,,0.319,,,,0.277,,,,0.253,-0.43,0,0,0.316,0.02,0,0,0.3,,,,0.289,,,
94996,20240225,-96.85,40.7,0.279,,,,0.319,,,,0.277,,,,0.253,-0.43,0,0,0.315,0.01,0,0,0.299,,,,0.289,,,
94996,20240226,-96.85,40.7,0.278,,,,0.319,,,,0.277,,,,0.253,-0.44,0,0,0.315,0.01,0,0,0.298,,,,0.288,,,
94996,20240227,-96.85,40.7,0.276,,,,0.318,,,,0.276,,,,0.253,-0.44,0.024,0,0.315,0.01,0,0,0.297,,,,0.288,,,
94996,20240228,-96.85,40.7,0.275,,,,0.318,,,,0.276,,,,0.252,-0.45,0.113,0,0.315,0,0,0,0.296,,,,0.287,,,
94996,20240229,-96.85,40.7,0.273,,,,0.318,,,,0.276,,,,0.252,-0.47,0.25,0,0.315,0,0.03,0,0.295,,,,0.287,,,
94996,20240301,-96.85,40.7,0.271,,,,0.317,,,,0.275,,,,0.252,-0.48,0.393,0,0.315,0,0.065,0,0.294,,,,0.286,,,
94996,20240302,-96.85,40.7,0.27,,,,0.316,,,,0.275,,,,0.251,-0.49,0.536,0,0.315,-0.01,0.065,0,0.293,,,,0.285,,,
94996,20240303,-96.85,40.7,0.268,,,,0.316,,,,0.274,-0.69,1,0,0.251,-0.51,0.679,0,0.314,-0.02,0.065,0,0.292,,,,0.285,,,
94996,20240304,-96.85,40.7,0.267,,,,0.315,,,,0.274,-0.72,1,0,0.251,-0.52,0.821,0,0.314,-0.02,0.065,0,0.291,,,,0.284,,,
94996,20240305,-96.85,40.7,0.265,,,,0.315,,,,0.274,-0.73,1,0,0.25,-0.53,0.94,0,0.314,-0.03,0.065,0,0.29,,,,0.283,,,
94996,20240306,-96.85,40.7,0.263,,,,0.314,,,,0.273,-0.74,1,0,0.25,-0.54,0.994,0,0.314,-0.04,0.065,0,0.289,,,,0.283,,,
94996,20240307,-96.85,40.7,0.261,,,,0.314,,,,0.273,-0.74,1,0,0.25,-0.55,1,0,0.313,-0.05,0.036,0,0.287,,,,0.282,,,
94996,20240308,-96.85,40.7,0.259,,,,0.313,-0.63,1,0,0.272,-0.75,1,0,0.25,-0.56,1,0,0.313,-0.06,0,0,0.286,,,,0.281,,,
94996,20240309,-96.85,40.7,0.257,-1.15,1,0,0.313,-0.64,1,0,0.272,-0.75,1,0,0.249,-0.57,1,0,0.313,-0.07,0,0,0.285,,,,0.281,,,
94996,20240310,-96.85,40.7,0.255,-1.14,1,0,0.312,-0.65,1,0,0.271,-0.75,1,0,0.249,-0.57,1,0,0.313,-0.08,0,0,0.283,-0.96,1,0,0.28,,,
94996,20240311,-96.85,40.7,0.252,-1.14,1,0,0.311,-0.66,1,0,0.271,-0.75,1,0,0.249,-0.58,1,0,0.313,-0.09,0,0,0.282,-0.97,1,0,0.279,-0.89,1,0
94996,20240312,-96.85,40.7,0.25,-1.15,1,0,0.31,-0.66,1,0,0.27,-0.76,1,0,0.248,-0.58,1,0,0.312,-0.1,0,0,0.28,-1,1,0,0.278,-0.88,1,0
94996,20240313,-96.85,40.7,0.248,-1.19,1,0,0.31,-0.66,1,0,0.27,-0.76,1,0,0.248,-0.59,1,0,0.312,-0.1,0,0,0.279,-1.03,1,0,0.277,-0.88,1,0
94996,20240314,-96.85,40.7,0.249,-1.13,0.956,0.035,0.309,-0.65,0.993,0,0.269,-0.75,1,0,0.248,-0.59,0.994,0,0.312,-0.11,0,0,0.279,-0.97,0.958,0.011,0.278,-0.85,1,0
94996,20240315,-96.85,40.7,0.26,-0.81,0.788,0.204,0.315,-0.48,0.843,0.088,0.274,-0.7,0.875,0,0.249,-0.57,0.94,0,0.312,-0.11,0,0,0.287,-0.65,0.765,0.21,0.282,-0.68,0.782,0
94996,20240316,-96.85,40.7,0.269,-0.61,0.654,0.229,0.319,-0.34,0.708,0.083,0.278,-0.65,0.821,0,0.252,-0.54,0.798,0,0.313,-0.1,0,0,0.294,-0.48,0.636,0.203,0.286,-0.58,0.642,0
94996,20240317,-96.85,40.7,0.277,-0.46,0.53,0.213,0.324,-0.21,0.565,0.083,0.281,-0.61,0.821,0,0.254,-0.51,0.655,0,0.314,-0.08,0,0,0.3,-0.35,0.525,0.181,0.29,-0.51,0.544,0
94996,20240318,-96.85,40.7,0.284,-0.31,0.399,0.208,0.328,-0.09,0.423,0.083,0.284,-0.59,0.821,0,0.255,-0.48,0.548,0,0.315,-0.07,0,0,0.306,-0.23,0.405,0.173,0.293,-0.44,0.488,0
94996,20240319,-96.85,40.7,0.291,-0.14,0.256,0.208,0.331,0.02,0.28,0.083,0.287,-0.58,0.821,0,0.257,-0.46,0.482,0,0.316,-0.05,0,0,0.311,-0.08,0.262,0.173,0.296,-0.36,0.446,0
94996,20240320,-96.85,40.7,0.298,0.04,0.113,0.208,0.334,0.12,0.137,0.083,0.289,-0.58,0.821,0,0.259,-0.43,0.464,0,0.317,-0.03,0,0,0.316,0.07,0.119,0.173,0.299,-0.27,0.417,0
94996,20240321,-96.85,40.7,0.302,0.14,0,0.185,0.337,0.2,0,0.083,0.291,-0.58,0.821,0,0.26,-0.42,0.47,0,0.318,-0.02,0,0,0.32,0.17,0,0.167,0.302,-0.21,0.417,0
94996,20240322,-96.85,40.7,0.295,0.01,0.018,0.042,0.334,0.12,0,0,0.288,-0.64,0.946,0,0.26,-0.43,0.524,0,0.319,-0.01,0,0,0.315,0.05,0,0.024,0.299,-0.25,0.56,0
94996,20240323,-96.85,40.7,0.29,-0.08,0.048,0,0.332,0.06,0,0,0.286,-0.69,1,0,0.259,-0.45,0.667,0,0.319,-0.01,0,0,0.311,-0.03,0.012,0,0.297,-0.29,0.702,0
94996,20240324,-96.85,40.7,0.287,-0.14,0.077,0.006,0.33,0.01,0,0,0.284,-0.73,1,0,0.258,-0.47,0.81,0,0.319,-0.02,0,0,0.308,-0.09,0.024,0.006,0.296,-0.32,0.833,0
94996,20240325,-96.85,40.7,0.291,-0.05,0.077,0.149,0.331,0.03,0,0.012,0.285,-0.73,0.994,0,0.258,-0.48,0.899,0,0.319,-0.02,0,0,0.311,-0.02,0.024,0.143,0.297,-0.3,0.774,0
94996,20240326,-96.85,40.7,0.295,0.02,0.077,0.292,0.333,0.07,0,0.018,0.287,-0.71,0.994,0,0.259,-0.47,0.94,0,0.319,-0.03,0,0,0.314,0.04,0.024,0.25,0.299,-0.26,0.673,0
94996,20240327,-96.85,40.7,0.299,0.1,0.077,0.387,0.335,0.13,0,0.065,0.289,-0.68,0.958,0,0.261,-0.46,0.893,0,0.32,-0.01,0,0,0.317,0.11,0.024,0.31,0.301,-0.22,0.56,0
94996,20240328,-96.85,40.7,0.302,0.17,0.077,0.452,0.337,0.18,0,0.119,0.292,-0.65,0.946,0,0.263,-0.45,0.827,0,0.321,0,0,0,0.32,0.17,0.024,0.357,0.303,-0.18,0.417,0
94996,20240329,-96.85,40.7,0.306,0.24,0.06,0.464,0.339,0.22,0,0.131,0.293,-0.62,0.94,0,0.264,-0.44,0.815,0,0.322,0,0,0,0.322,0.23,0.024,0.369,0.305,-0.15,0.274,0
94996,20240330,-96.85,40.7,0.309,0.3,0.03,0.464,0.34,0.24,0,0.131,0.295,-0.6,0.94,0,0.265,-0.44,0.815,0,0.322,0.01,0,0,0.324,0.28,0.012,0.369,0.306,-0.12,0.131,0
94996,20240331,-96.85,40.7,0.311,0.35,0,0.458,0.341,0.27,0,0.131,0.296,-0.58,0.94,0,0.266,-0.45,0.815,0,0.323,0.01,0,0,0.326,0.32,0,0.363,0.307,-0.1,0,0
94996,20240401,-96.85,40.7,0.304,0.26,0,0.315,0.339,0.24,0,0.119,0.295,-0.59,0.946,0,0.266,-0.46,0.833,0,0.323,0.01,0,0,0.322,0.25,0,0.226,0.306,-0.13,0.006,0
94996,20240402,-96.85,40.7,0.299,0.19,0,0.173,0.337,0.19,0,0.113,0.293,-0.61,0.946,0,0.266,-0.48,0.857,0,0.323,0,0,0,0.318,0.19,0,0.119,0.304,-0.17,0.024,0
94996,20240403,-96.85,40.7,0.294,0.13,0,0.077,0.335,0.13,0,0.065,0.29,-0.63,0.982,0,0.264,-0.51,0.923,0,0.323,-0.02,0,0,0.314,0.13,0,0.06,0.301,-0.22,0.054,0
94996,20240404,-96.85,40.7,0.289,0.07,0,0.012,0.332,0.08,0,0.012,0.288,-0.65,0.994,0,0.262,-0.54,0.988,0,0.322,-0.04,0,0,0.311,0.07,0,0.012,0.299,-0.27,0.143,0
94996,20240405,-96.85,40.7,0.284,0,0,0,0.33,0.04,0,0,0.286,-0.65,1,0,0.261,-0.55,1,0,0.322,-0.05,0,0,0.307,0.03,0,0,0.297,-0.31,0.262,0
94996,20240406,-96.85,40.7,0.279,-0.05,0,0,0.329,0.01,0,0,0.285,-0.66,1,0,0.26,-0.56,1,0,0.321,-0.07,0,0,0.304,-0.02,0,0,0.295,-0.35,0.405,0
94996,20240407,-96.85,40.7,0.279,-0.04,0,0.071,0.329,0.01,0,0.006,0.285,-0.65,0.94,0,0.26,-0.57,0.958,0,0.321,-0.08,0,0,0.304,-0.01,0,0.065,0.295,-0.35,0.476,0
94996,20240408,-96.85,40.7,0.284,0.01,0,0.179,0.331,0.05,0,0.006,0.288,-0.61,0.827,0,0.261,-0.55,0.821,0,0.321,-0.08,0,0,0.307,0.04,0,0.095,0.297,-0.32,0.47,0
94996,20240409,-96.85,40.7,0.287,0.05,0,0.179,0.332,0.08,0,0.024,0.29,-0.58,0.786,0,0.262,-0.53,0.69,0,0.322,-0.08,0,0,0.31,0.08,0,0.095,0.299,-0.3,0.452,0
94996,20240410,-96.85,40.7,0.289,0.08,0,0.179,0.333,0.1,0,0.024,0.291,-0.56,0.786,0,0.263,-0.52,0.595,0,0.322,-0.07,0,0,0.311,0.1,0,0.095,0.3,-0.28,0.423,0
94996,20240411,-96.85,40.7,0.29,0.1,0,0.179,0.334,0.13,0,0.024,0.292,-0.54,0.768,0,0.264,-0.5,0.5,0,0.323,-0.07,0,0,0.312,0.12,0,0.095,0.301,-0.27,0.333,0
94996,20240412,-96.85,40.7,0.29,0.11,0,0.179,0.335,0.14,0,0.024,0.293,-0.52,0.768,0,0.265,-0.49,0.446,0,0.324,-0.06,0,0,0.312,0.14,0,0.095,0.301,-0.26,0.214,0
94996,20240413,-96.85,40.7,0.29,0.11,0,0.179,0.335,0.16,0,0.024,0.294,-0.51,0.768,0,0.265,-0.48,0.357,0,0.324,-0.06,0,0,0.313,0.15,0,0.095,0.302,-0.25,0.125,0
94996,20240414,-96.85,40.7,0.283,0.04,0,0.107,0.334,0.14,0,0.018,0.292,-0.52,0.827,0,0.266,-0.46,0.292,0,0.324,-0.06,0,0,0.308,0.1,0,0.03,0.3,-0.28,0.179,0
94996,20240415,-96.85,40.7,0.271,-0.08,0.036,0,0.33,0.09,0,0.018,0.289,-0.54,0.94,0,0.264,-0.47,0.298,0,0.325,-0.05,0,0,0.301,0.01,0,0,0.296,-0.34,0.31,0
94996,20240416,-96.85,40.7,0.259,-0.2,0.179,0,0.326,0.03,0,0,0.286,-0.57,0.982,0,0.263,-0.47,0.345,0,0.324,-0.08,0,0,0.293,-0.09,0.03,0,0.292,-0.41,0.452,0
94996,20240417,-96.85,40.7,0.248,-0.31,0.321,0,0.322,-0.03,0,0,0.283,-0.59,0.982,0,0.262,-0.48,0.417,0,0.323,-0.09,0,0,0.285,-0.17,0.03,0,0.288,-0.47,0.595,0
94996,20240418,-96.85,40.7,0.239,-0.39,0.464,0,0.318,-0.1,0,0,0.28,-0.61,1,0,0.26,-0.48,0.488,0,0.323,-0.11,0,0,0.278,-0.25,0.143,0,0.284,-0.52,0.738,0
94996,20240419,-96.85,40.7,0.231,-0.47,0.607,0,0.314,-0.15,0,0,0.277,-0.63,1,0,0.259,-0.49,0.506,0,0.322,-0.13,0,0,0.273,-0.31,0.241,0,0.281,-0.57,0.873,0
94996,20240420,-96.85,40.7,0.224,-0.54,0.75,0,0.309,-0.22,0.089,0,0.275,-0.64,1,0,0.258,-0.49,0.557,0,0.322,-0.13,0,0,0.267,-0.38,0.386,0,0.278,-0.62,0.968,0
94996,20240421,-96.85,40.7,0.217,-0.6,0.893,0,0.303,-0.3,0.234,0,0.271,-0.67,1,0,0.256,-0.5,0.671,0,0.322,-0.15,0,0,0.26,-0.45,0.538,0,0.274,-0.67,0.987,0
94996,20240422,-96.85,40.7,0.212,-0.64,1,0,0.297,-0.39,0.386,0,0.267,-0.71,1,0,0.254,-0.51,0.81,0,0.32,-0.19,0.006,0,0.254,-0.52,0.69,0,0.27,-0.74,1,0
94996,20240423,-96.85,40.7,0.209,-0.67,1,0,0.29,-0.47,0.538,0,0.263,-0.73,1,0,0.253,-0.51,0.886,0,0.319,-0.2,0.063,0,0.249,-0.57,0.81,0,0.267,-0.78,1,0
94996,20240424,-96.85,40.7,0.204,-0.71,1,0,0.283,-0.58,0.69,0,0.259,-0.77,1,0,0.25,-0.53,0.911,0,0.318,-0.23,0.146,0,0.243,-0.64,0.962,0,0.263,-0.84,1,0
94996,20240425,-96.85,40.7,0.2,-0.75,1,0,0.274,-0.68,0.842,0,0.254,-0.81,1,0,0.248,-0.54,0.937,0,0.316,-0.26,0.291,0,0.237,-0.71,0.994,0,0.258,-0.91,1,0
94996,20240426,-96.85,40.7,0.2,-0.74,0.964,0,0.268,-0.76,0.935,0,0.251,-0.84,1,0,0.246,-0.56,0.946,0,0.315,-0.28,0.393,0,0.234,-0.73,0.958,0,0.256,-0.94,1,0
94996,20240427,-96.85,40.7,0.216,-0.58,0.821,0.095,0.263,-0.82,0.993,0,0.248,-0.88,1,0,0.244,-0.57,0.987,0,0.313,-0.31,0.48,0,0.233,-0.74,0.92,0,0.254,-0.97,1,0
94996,20240428,-96.85,40.7,0.236,-0.39,0.679,0.232,,,,,,,,,,,,,,,,,,,,,,,,
94996,20240429,-96.85,40.7,0.256,-0.2,0.536,0.369,,,,,,,,,,,,,,,,,,,,,,,,
94996,20240430,-96.85,40.7,0.276,-0.01,0.393,0.5,,,,,,,,,,,,,,,,,,,,,,,,
94996,20240501,-96.85,40.7,0.297,0.19,0.25,0.637,,,,,,,,,,,,,,,,,,,,,,,,
94996,20240502,-96.85,40.7,0.317,0.38,0.107,0.762,,,,,,,,,,,,,,,,,,,,,,,,
94996,20240503,-96.85,40.7,0.333,0.53,0,0.893,,,,,,,,,,,,,,,,,,,,,,,,
94996,20240504,-96.85,40.7,0.336,0.56,0,0.917,,,,,,,,,,,,,,,,,,,,,,,,
94996,20240505,-96.85,40.7,0.338,0.58,0,0.905,,,,,,,,,,,,,,,,,,,,,,,,
94996,20240506,-96.85,40.7,0.335,0.55,0,0.881,,,,,,,,,,,,,,,,,,,,,,,,
94996,20240507,-96.85,40.7,0.337,0.56,0,0.869,,,,,,,,,,,,,,,,,,,,,,,,
94996,20240508,-96.85,40.7,0.337,0.56,0,0.875,,,,,,,,,,,,,,,,,,,,,,,,
94996,20240509,-96.85,40.7,0.336,0.55,0,0.821,,,,,,,,,,,,,,,,,,,,,,,,
94996,20240510,-96.85,40.7,0.332,0.51,0,0.714,,,,,,,,,,,,,,,,,,,,,,,,
94996,20240511,-96.85,40.7,0.324,0.43,0,0.595,,,,,,,,,,,,,,,,,,,,,,,,
94996,20240512,-96.85,40.7,0.311,0.31,0,0.47,,,,,,,,,,,,,,,,,,,,,,,,
94996,20240513,-96.85,40.7,0.3,0.22,0,0.357,,,,,,,,,,,,,,,,,,,,,,,,
94996,20240514,-96.85,40.7,0.289,0.11,0,0.238,,,,,,,,,,,,,,,,,,,,,,,,
94996,20240515,-96.85,40.7,0.275,0,0,0.095,,,,,,,,,,,,,,,,,,,,,,,,
94996,20240516,-96.85,40.7,0.265,-0.09,0,0.024,,,,,,,,,,,,,,,,,,,,,,,,
94996,20240517,-96.85,40.7,0.257,-0.16,0,0,,,,,,,,,,,,,,,,,,,,,,,,
94996,20240518,-96.85,40.7,0.248,-0.23,0.077,0,,,,,,,,,,,,,,,,,,,,,,,,
94996,20240519,-96.85,40.7,0.24,-0.28,0.214,0,,,,,,,,,,,,,,,,,,,,,,,,
94996,20240520,-96.85,40.7,0.244,-0.25,0.274,0.03,,,,,,,,,,,,,,,,,,,,,,,,
94996,20240521,-96.85,40.7,0.252,-0.19,0.274,0.03,,,,,,,,,,,,,,,,,,,,,,,,
94996,20240522,-96.85,40.7,0.26,-0.14,0.274,0.03,,,,,,,,,,,,,,,,,,,,,,,,
94996,20240523,-96.85,40.7,0.264,-0.11,0.274,0.03,,,,,,,,,,,,,,,,,,,,,,,,
94996,20240524,-96.85,40.7,0.27,-0.07,0.274,0.054,,,,,,,,,,,,,,,,,,,,,,,,
94996,20240525,-96.85,40.7,0.284,0.03,0.196,0.083,,,,,,,,,,,,,,,,,,,,,,,,
94996,20240526,-96.85,40.7,0.296,0.11,0.06,0.083,,,,,,,,,,,,,,,,,,,,,,,,
94996,20240527,-96.85,40.7,0.296,0.11,0,0.054,,,,,,,,,,,,,,,,,,,,,,,,
94996,20240528,-96.85,40.7,0.287,0.04,0,0.054,,,,,,,,,,,,,,,,,,,,,,,,
94996,20240529,-96.85,40.7,0.278,-0.01,0,0.054,,,,,,,,,,,,,,,,,,,,,,,,
94996,20240530,-96.85,40.7,0.271,-0.06,0.006,0.054,,,,,,,,,,,,,,,,,,,,,,,,
94996,20240531,-96.85,40.7,0.262,-0.12,0.06,0.03,,,,,,,,,,,,,,,,,,,,,,,,
94996,20240601,-96.85,40.7,0.248,-0.21,0.101,0,,,,,,,,,,,,,,,,,,,,,,,,
94996,20240602,-96.85,40.7,0.239,-0.27,0.107,0,,,,,,,,,,,,,,,,,,,,,,,,
94996,20240603,-96.85,40.7,0.235,-0.31,0.119,0,,,,,,,,,,,,,,,,,,,,,,,,
94996,20240604,-96.85,40.7,0.241,-0.27,0.119,0,,,,,,,,,,,,,,,,,,,,,,,,
94996,20240605,-96.85,40.7,0.244,-0.25,0.119,0,,,,,,,,,,,,,,,,,,,,,,,,
94996,20240606,-96.85,40.7,0.246,-0.24,0.149,0,,,,,,,,,,,,,,,,,,,,,,,,
94996,20240607,-96.85,40.7,0.245,-0.25,0.238,0,,,,,,,,,,,,,,,,,,,,,,,,
94996,20240608,-96.85,40.7,0.242,-0.26,0.339,0,,,,,,,,,,,,,,,,,,,,,,,,
94996,20240609,-96.85,40.7,0.239,-0.28,0.476,0,,,,,,,,,,,,,,,,,,,,,,,,
94996,20240610,-96.85,40.7,0.232,-0.32,0.607,0,,,,,,,,,,,,,,,,,,,,,,,,
94996,20240611,-96.85,40.7,0.217,-0.41,0.75,0,,,,,,,,,,,,,,,,,,,,,,,,
94996,20240612,-96.85,40.7,0.205,-0.48,0.893,0,,,,,,,,,,,,,,,,,,,,,,,,
94996,20240613,-96.85,40.7,0.197,-0.52,1,0,,,,,,,,,,,,,,,,,,,,,,,,
94996,20240614,-96.85,40.7,0.191,-0.54,1,0,0.203,-0.7,1,0,0.192,-0.8,1,0,0.198,-0.61,0.98,0,0.279,-0.46,0.459,0,0.197,-0.65,1,0,0.213,-0.74,1,0
94996,20240615,-96.85,40.7,0.189,-0.53,0.976,0.018,0.201,-0.71,1,0,0.19,-0.81,1,0,0.197,-0.61,0.987,0,0.277,-0.48,0.551,0,0.194,-0.66,1,0,0.21,-0.76,1,0
94996,20240616,-96.85,40.7,0.206,-0.39,0.833,0.149,,,,,,,,,,,,,,,,,,,,,,,,
94996,20240617,-96.85,40.7,0.221,-0.27,0.69,0.214,,,,,,,,,,,,,,,,,,,,,,,,
94996,20240618,-96.85,40.7,0.231,-0.19,0.548,0.214,,,,,,,,,,,,,,,,,,,,,,,,
94996,20240619,-96.85,40.7,0.239,-0.11,0.405,0.214,,,,,,,,,,,,,,,,,,,,,,,,
94996,20240620,-96.85,40.7,0.248,-0.03,0.262,0.214,,,,,,,,,,,,,,,,,,,,,,,,
94996,20240621,-96.85,40.7,0.255,0.04,0.119,0.214,,,,,,,,,,,,,,,,,,,,,,,,
94996,20240622,-96.85,40.7,0.257,0.06,0.006,0.196,,,,,,,,,,,,,,,,,,,,,,,,
94996,20240623,-96.85,40.7,0.238,-0.06,0.024,0.065,,,,,,,,,,,,,,,,,,,,,,,,
94996,20240624,-96.85,40.7,0.221,-0.17,0.143,0,,,,,,,,,,,,,,,,,,,,,,,,
94996,20240625,-96.85,40.7,0.209,-0.25,0.286,0,,,,,,,,,,,,,,,,,,,,,,,,
94996,20240626,-96.85,40.7,0.2,-0.31,0.399,0,,,,,,,,,,,,,,,,,,,,,,,,
94996,20240627,-96.85,40.7,0.194,-0.35,0.458,0,,,,,,,,,,,,,,,,,,,,,,,,
94996,20240628,-96.85,40.7,0.188,-0.4,0.601,0,,,,,,,,,,,,,,,,,,,,,,,,
94996,20240629,-96.85,40.7,0.183,-0.44,0.738,0,,,,,,,,,,,,,,,,,,,,,,,,
94996,20240630,-96.85,40.7,0.178,-0.48,0.863,0,,,,,,,,,,,,,,,,,,,,,,,,
94996,20240701,-96.85,40.7,0.174,-0.51,0.881,0,,,,,,,,,,,,,,,,,,,,,,,,
94996,20240702,-96.85,40.7,0.194,-0.36,0.738,0.054,,,,,,,,,,,,,,,,,,,,,,,,
94996,20240703,-96.85,40.7,0.215,-0.2,0.625,0.196,,,,,,,,,,,,,,,,,,,,,,,,
94996,20240704,-96.85,40.7,0.232,-0.07,0.565,0.327,0.203,-0.6,0.949,0,0.177,-0.88,0.978,0,0.156,-0.76,1,0,0.227,-1,1,0,0.223,-0.27,0.474,0.036,0.201,-0.74,0.964,0
94996,20240705,-96.85,40.7,0.251,0.09,0.423,0.47,0.218,-0.47,0.807,0,0.19,-0.79,0.851,0,0.159,-0.73,1,0,0.226,-1,1,0,0.236,-0.15,0.404,0.118,0.21,-0.65,0.82,0
94996,20240706,-96.85,40.7,0.268,0.23,0.28,0.476,0.232,-0.35,0.673,0,0.202,-0.69,0.821,0,0.161,-0.72,1,0,0.225,-1.01,1,0,0.25,-0.03,0.286,0.113,0.218,-0.56,0.78,0
94996,20240707,-96.85,40.7,0.29,0.41,0.137,0.548,0.249,-0.2,0.53,0.048,0.218,-0.58,0.756,0,0.164,-0.69,1,0,0.224,-1.01,1,0,0.27,0.14,0.143,0.185,0.229,-0.44,0.708,0
94996,20240708,-96.85,40.7,0.314,0.61,0,0.69,0.27,-0.01,0.387,0.173,0.237,-0.42,0.613,0,0.168,-0.65,1,0,0.224,-1,1,0,0.292,0.33,0,0.327,0.243,-0.29,0.565,0
94996,20240709,-96.85,40.7,0.312,0.61,0,0.78,0.285,0.13,0.244,0.196,0.252,-0.3,0.47,0,0.173,-0.61,1,0,0.224,-0.98,1,0,0.298,0.4,0,0.44,0.249,-0.21,0.423,0
94996,20240710,-96.85,40.7,0.303,0.57,0,0.643,0.294,0.22,0.113,0.196,0.262,-0.21,0.327,0,0.177,-0.58,1,0,0.223,-0.97,1,0,0.299,0.42,0,0.44,0.252,-0.17,0.28,0
94996,20240711,-96.85,40.7,0.301,0.57,0,0.589,0.301,0.31,0,0.244,0.268,-0.15,0.202,0,0.181,-0.56,1,0,0.224,-0.94,1,0,0.301,0.46,0,0.488,0.255,-0.12,0.167,0
94996,20240712,-96.85,40.7,0.301,0.59,0,0.589,0.301,0.33,0,0.292,0.266,-0.14,0.185,0,0.182,-0.55,1,0,0.224,-0.91,1,0,0.301,0.48,0,0.548,0.255,-0.1,0.167,0
94996,20240713,-96.85,40.7,0.301,0.61,0,0.726,0.301,0.36,0,0.292,0.263,-0.14,0.179,0,0.183,-0.54,1,0,0.224,-0.88,1,0,0.301,0.5,0,0.673,0.255,-0.09,0.071,0
94996,20240714,-96.85,40.7,0.294,0.57,0,0.696,0.298,0.36,0,0.244,0.258,-0.17,0.232,0,0.184,-0.54,1,0,0.224,-0.85,1,0,0.296,0.48,0,0.613,0.252,-0.11,0,0
94996,20240715,-96.85,40.7,0.283,0.49,0,0.554,0.288,0.31,0,0.119,0.247,-0.23,0.375,0,0.183,-0.54,1,0,0.224,-0.82,1,0,0.286,0.41,0,0.47,0.245,-0.17,0.107,0
94996,20240716,-96.85,40.7,0.273,0.43,0,0.411,0.278,0.25,0,0.095,0.236,-0.3,0.518,0,0.182,-0.55,1,0,0.224,-0.79,1,0,0.275,0.34,0,0.357,0.239,-0.24,0.25,0
94996,20240717,-96.85,40.7,0.264,0.37,0,0.405,0.267,0.19,0,0.095,0.226,-0.36,0.661,0,0.181,-0.56,1,0,0.225,-0.77,1,0,0.266,0.28,0,0.357,0.233,-0.3,0.387,0
94996,20240718,-96.85,40.7,0.25,0.27,0,0.327,0.255,0.11,0,0.048,0.216,-0.43,0.804,0,0.18,-0.58,1,0,0.225,-0.76,1,0,0.252,0.18,0,0.28,0.225,-0.4,0.53,0
94996,20240719,-96.85,40.7,0.232,0.14,0,0.185,0.241,0.01,0.006,0,0.206,-0.49,0.946,0,0.179,-0.59,1,0,0.225,-0.75,1,0,0.237,0.07,0,0.137,0.217,-0.51,0.673,0
94996,20240720,-96.85,40.7,0.218,0.04,0,0.042,0.228,-0.08,0.089,0,0.197,-0.56,0.988,0,0.177,-0.61,1,0,0.225,-0.74,1,0,0.223,-0.04,0,0.012,0.209,-0.6,0.815,0
94996,20240721,-96.85,40.7,0.206,-0.05,0,0,0.217,-0.16,0.208,0,0.189,-0.63,1,0,0.176,-0.63,1,0,0.226,-0.74,1,0,0.211,-0.13,0,0,0.203,-0.7,0.958,0
94996,20240722,-96.85,40.7,0.196,-0.12,0,0,0.208,-0.23,0.351,0,0.182,-0.69,1,0,0.173,-0.66,1,0,0.225,-0.74,1,0,0.202,-0.2,0.077,0,0.197,-0.78,0.994,0
94996,20240723,-96.85,40.7,0.189,-0.17,0,0,0.201,-0.28,0.494,0,0.175,-0.75,1,0,0.171,-0.69,1,0,0.224,-0.76,1,0,0.195,-0.26,0.202,0,0.192,-0.86,0.994,0
94996,20240724,-96.85,40.7,0.183,-0.2,0,0,0.195,-0.33,0.637,0,0.17,-0.8,1,0,0.168,-0.72,1,0,0.223,-0.78,1,0,0.189,-0.31,0.345,0,0.188,-0.93,1,0
94996,20240725,-96.85,40.7,0.178,-0.24,0.006,0,0.19,-0.36,0.78,0,0.165,-0.85,1,0,0.165,-0.76,1,0,0.222,-0.81,1,0,0.184,-0.34,0.488,0,0.184,-1,1,0
94996,20240726,-96.85,40.7,0.174,-0.27,0.107,0,0.186,-0.39,0.917,0,0.161,-0.88,1,0,0.162,-0.79,1,0,0.221,-0.83,1,0,0.18,-0.38,0.631,0,0.181,-1.06,1,0
94996,20240727,-96.85,40.7,0.17,-0.29,0.25,0,0.182,-0.42,0.976,0,0.158,-0.91,1,0,0.158,-0.82,1,0,0.219,-0.87,1,0,0.176,-0.41,0.774,0,0.177,-1.12,1,0
94996,20240728,-96.85,40.7,0.167,-0.31,0.387,0,0.179,-0.45,1,0,0.155,-0.92,1,0,0.155,-0.84,1,0,0.216,-0.91,1,0,0.173,-0.44,0.917,0,0.174,-1.17,1,0
94996,20240729,-96.85,40.7,0.163,-0.33,0.524,0,0.176,-0.47,1,0,0.152,-0.92,1,0,0.153,-0.85,1,0,0.215,-0.95,1,0,0.17,-0.46,0.982,0,0.172,-1.22,1,0
94996,20240730,-96.85,40.7,0.161,-0.35,0.667,0,0.174,-0.49,1,0,0.15,-0.92,1,0,0.151,-0.85,1,0,0.213,-0.98,1,0,0.167,-0.48,1,0,0.17,-1.25,1,0
94996,20240731,-96.85,40.7,0.158,-0.36,0.81,0,0.172,-0.51,1,0,0.148,-0.92,1,0,0.149,-0.85,1,0,0.212,-1.02,1,0,0.165,-0.5,1,0,0.168,-1.29,1,0
94996,20240801,-96.85,40.7,0.169,-0.25,0.851,0.083,0.171,-0.51,1,0,0.147,-0.91,1,0,0.148,-0.84,1,0,0.212,-1.03,1,0,0.17,-0.44,0.917,0.006,0.169,-1.26,1,0
94996,20240802,-96.85,40.7,0.184,-0.1,0.75,0.226,0.171,-0.51,0.994,0,0.146,-0.9,1,0,0.149,-0.82,1,0,0.214,-1.01,1,0,0.178,-0.35,0.774,0.012,0.173,-1.19,1,0
94996,20240803,-96.85,40.7,0.193,0,0.607,0.25,0.172,-0.51,0.994,0,0.145,-0.89,1,0,0.15,-0.79,1,0,0.215,-1.01,1,0,0.183,-0.29,0.631,0.012,0.175,-1.15,1,0
94996,20240804,-96.85,40.7,0.198,0.05,0.47,0.25,0.172,-0.51,0.994,0,0.145,-0.89,1,0,0.15,-0.78,1,0,0.216,-1.01,1,0,0.185,-0.26,0.571,0.012,0.176,-1.13,1,0
94996,20240805,-96.85,40.7,0.2,0.07,0.357,0.25,0.172,-0.51,0.994,0,0.144,-0.88,1,0,0.15,-0.76,1,0,0.216,-1.01,1,0,0.186,-0.25,0.565,0.012,0.176,-1.12,1,0
94996,20240806,-96.85,40.7,0.2,0.06,0.351,0.25,0.171,-0.52,0.994,0,0.144,-0.87,1,0,0.15,-0.75,1,0,0.216,-1.02,1,0,0.186,-0.26,0.565,0.012,0.176,-1.13,1,0
94996,20240807,-96.85,40.7,0.199,0.05,0.351,0.25,0.171,-0.53,0.994,0,0.143,-0.86,1,0,0.15,-0.74,1,0,0.216,-1.02,1,0,0.185,-0.26,0.565,0.012,0.176,-1.13,1,0
94996,20240808,-96.85,40.7,0.186,-0.08,0.446,0.167,0.17,-0.55,0.994,0,0.142,-0.86,1,0,0.149,-0.74,1,0,0.214,-1.04,1,0,0.178,-0.35,0.649,0.006,0.172,-1.19,1,0
94996,20240809,-96.85,40.7,0.168,-0.25,0.589,0.024,0.168,-0.58,1,0,0.141,-0.86,1,0,0.148,-0.75,1,0,0.212,-1.08,1,0,0.168,-0.46,0.792,0,0.168,-1.27,1,0
94996,20240810,-96.85,40.7,0.157,-0.36,0.732,0,0.166,-0.61,1,0,0.14,-0.86,1,0,0.147,-0.76,1,0,0.209,-1.11,1,0,0.161,-0.54,0.935,0,0.164,-1.33,1,0
94996,20240811,-96.85,40.7,0.149,-0.43,0.875,0,0.165,-0.64,1,0,0.139,-0.86,1,0,0.147,-0.76,1,0,0.208,-1.12,1,0,0.157,-0.58,0.994,0,0.162,-1.35,1,0
94996,20240812,-96.85,40.7,0.146,-0.46,0.994,0,0.164,-0.66,1,0,0.138,-0.86,1,0,0.146,-0.77,1,0,0.207,-1.14,1,0,0.155,-0.61,1,0,0.16,-1.36,1,0
94996,20240813,-96.85,40.7,0.144,-0.47,1,0,0.163,-0.67,1,0,0.137,-0.86,1,0,0.145,-0.77,1,0,0.206,-1.15,1,0,0.153,-0.62,1,0,0.159,-1.35,1,0
94996,20240814,-96.85,40.7,0.147,-0.45,0.976,0.018,0.162,-0.68,1,0,0.136,-0.86,1,0,0.145,-0.78,1,0,0.205,-1.16,1,0,0.154,-0.61,0.982,0,0.159,-1.32,1,0
94996,20240815,-96.85,40.7,0.165,-0.27,0.833,0.161,0.162,-0.68,1,0,0.136,-0.86,1,0,0.145,-0.78,1,0,0.204,-1.17,1,0,0.163,-0.5,0.839,0,0.162,-1.24,1,0
94996,20240816,-96.85,40.7,0.18,-0.13,0.69,0.226,0.161,-0.68,1,0,0.135,-0.86,1,0,0.144,-0.78,1,0,0.203,-1.19,1,0,0.17,-0.41,0.696,0,0.164,-1.17,1,0
94996,20240817,-96.85,40.7,0.19,-0.03,0.548,0.226,0.161,-0.66,1,0,0.136,-0.86,1,0,0.144,-0.79,1,0,0.202,-1.19,1,0,0.175,-0.34,0.565,0,0.166,-1.12,1,0
94996,20240818,-96.85,40.7,0.196,0.03,0.405,0.226,0.161,-0.65,1,0,0.136,-0.86,1,0,0.143,-0.8,1,0,0.201,-1.2,1,0,0.178,-0.29,0.56,0,0.167,-1.08,1,0
94996,20240819,-96.85,40.7,0.201,0.08,0.262,0.226,0.162,-0.62,1,0,0.137,-0.85,1,0,0.144,-0.81,1,0,0.202,-1.17,1,0,0.181,-0.24,0.56,0,0.169,-1.03,1,0
94996,20240820,-96.85,40.7,0.205,0.12,0.149,0.226,0.162,-0.6,1,0,0.137,-0.84,1,0,0.143,-0.83,1,0,0.202,-1.16,1,0,0.183,-0.21,0.56,0,0.17,-1,1,0
94996,20240821,-96.85,40.7,0.204,0.11,0.173,0.208,0.162,-0.58,1,0,0.137,-0.84,1,0,0.143,-0.86,1,0,0.202,-1.15,1,0,0.183,-0.21,0.577,0,0.17,-0.99,1,0
94996,20240822,-96.85,40.7,0.186,-0.06,0.315,0.065,0.162,-0.57,1,0,0.137,-0.83,1,0,0.143,-0.89,1,0,0.202,-1.12,1,0,0.174,-0.3,0.72,0,0.166,-1.03,1,0
94996,20240823,-96.85,40.7,0.172,-0.19,0.458,0,0.162,-0.56,1,0,0.137,-0.83,1,0,0.142,-0.93,1,0,0.202,-1.09,1,0,0.167,-0.37,0.863,0,0.163,-1.06,1,0
94996,20240824,-96.85,40.7,0.163,-0.27,0.591,0,0.162,-0.55,1,0,0.137,-0.82,1,0,0.143,-0.95,1,0,0.202,-1.05,1,0,0.162,-0.41,0.994,0,0.161,-1.08,1,0
94996,20240825,-96.85,40.7,0.157,-0.32,0.738,0,0.162,-0.55,1,0,0.137,-0.82,1,0,0.143,-0.98,1,0,0.202,-1.01,1,0,0.159,-0.44,1,0,0.16,-1.09,1,0
94996,20240826,-96.85,40.7,0.152,-0.36,0.884,0,0.16,-0.56,1,0,0.136,-0.82,1,0,0.141,-1,1,0,0.2,-0.99,1,0,0.156,-0.46,1,0,0.158,-1.11,1,0
94996,20240827,-96.85,40.7,0.148,-0.39,1,0,0.16,-0.55,1,0,0.136,-0.82,1,0,0.141,-1,1,0,0.2,-0.95,1,0,0.154,-0.47,1,0,0.157,-1.11,1,0
94996,20240828,-96.85,40.7,0.146,-0.4,1,0,0.159,-0.55,1,0,0.136,-0.82,1,0,0.141,-1.01,1,0,0.2,-0.91,1,0,0.152,-0.48,1,0,0.156,-1.12,1,0
94996,20240829,-96.85,40.7,0.143,-0.42,1,0,0.159,-0.54,1,0,0.136,-0.82,1,0,0.141,-1.01,1,0,0.2,-0.88,1,0,0.151,-0.48,1,0,0.156,-1.12,1,0
94996,20240830,-96.85,40.7,0.154,-0.32,0.927,0.067,0.161,-0.51,1,0,0.135,-0.83,1,0,0.142,-1.01,1,0,0.2,-0.86,1,0,0.157,-0.42,0.927,0,0.158,-1.08,1,0
94996,20240831,-96.85,40.7,0.173,-0.13,0.786,0.208,0.165,-0.47,0.994,0,0.135,-0.83,1,0,0.141,-1.02,1,0,0.2,-0.84,1,0,0.169,-0.3,0.786,0,0.163,-1.02,1,0
94996,20240901,-96.85,40.7,0.19,0.02,0.643,0.333,0.169,-0.42,0.994,0,0.135,-0.83,1,0,0.141,-1.03,1,0,0.199,-0.83,1,0,0.179,-0.2,0.643,0,0.167,-0.97,1,0
94996,20240902,-96.85,40.7,0.203,0.14,0.5,0.345,0.173,-0.38,0.994,0,0.135,-0.84,1,0,0.141,-1.03,1,0,0.199,-0.81,1,0,0.188,-0.12,0.5,0,0.17,-0.92,1,0
94996,20240903,-96.85,40.7,0.213,0.24,0.357,0.345,0.176,-0.34,0.994,0,0.134,-0.84,1,0,0.141,-1.03,1,0,0.199,-0.8,1,0,0.195,-0.05,0.357,0,0.173,-0.88,1,0
94996,20240904,-96.85,40.7,0.222,0.32,0.214,0.345,0.179,-0.3,0.988,0,0.134,-0.85,1,0,0.141,-1.04,1,0,0.199,-0.78,1,0,0.2,0.01,0.214,0,0.175,-0.85,1,0
94996,20240905,-96.85,40.7,0.227,0.37,0.071,0.345,0.182,-0.27,0.988,0,0.134,-0.86,1,0,0.141,-1.05,1,0,0.199,-0.77,1,0,0.204,0.05,0.119,0,0.176,-0.83,1,0
94996,20240906,-96.85,40.7,0.218,0.3,0,0.28,0.182,-0.27,0.988,0,0.133,-0.87,1,0,0.14,-1.06,1,0,0.199,-0.76,1,0,0.2,0.01,0.179,0,0.174,-0.85,1,0
94996,20240907,-96.85,40.7,0.199,0.13,0.054,0.137,0.179,-0.3,0.994,0,0.133,-0.88,1,0,0.14,-1.06,1,0,0.198,-0.75,1,0,0.189,-0.09,0.321,0,0.17,-0.91,1,0
94996,20240908,-96.85,40.7,0.183,-0.01,0.196,0.012,0.176,-0.33,0.994,0,0.133,-0.89,1,0,0.14,-1.06,1,0,0.198,-0.74,1,0,0.18,-0.18,0.464,0,0.166,-0.96,1,0
94996,20240909,-96.85,40.7,0.17,-0.13,0.339,0,0.173,-0.36,0.994,0,0.133,-0.91,1,0,0.139,-1.07,1,0,0.198,-0.73,1,0,0.172,-0.25,0.607,0,0.163,-1,1,0
94996,20240910,-96.85,40.7,0.16,-0.24,0.482,0,0.17,-0.39,0.994,0,0.133,-0.93,1,0,0.139,-1.07,1,0,0.198,-0.72,1,0,0.165,-0.32,0.75,0,0.16,-1.04,1,0
94996,20240911,-96.85,40.7,0.152,-0.32,0.625,0,0.167,-0.43,1,0,0.132,-0.95,1,0,0.139,-1.07,1,0,0.198,-0.71,1,0,0.16,-0.39,0.893,0,0.158,-1.07,1,0
94996,20240912,-96.85,40.7,0.146,-0.38,0.768,0,0.165,-0.46,1,0,0.132,-0.96,1,0,0.139,-1.07,1,0,0.197,-0.7,1,0,0.156,-0.44,0.988,0,0.156,-1.1,1,0
94996,20240913,-96.85,40.7,0.142,-0.43,0.911,0,0.163,-0.49,1,0,0.132,-0.98,1,0,0.138,-1.07,1,0,0.197,-0.69,1,0,0.153,-0.48,1,0,0.155,-1.13,1,0
94996,20240914,-96.85,40.7,0.139,-0.47,1,0,0.162,-0.52,1,0,0.131,-0.99,1,0,0.138,-1.07,1,0,0.197,-0.69,1,0,0.15,-0.52,1,0,0.153,-1.16,1,0
94996,20240915,-96.85,40.7,0.136,-0.51,1,0,0.16,-0.54,1,0,0.131,-1.01,1,0,0.138,-1.07,1,0,0.196,-0.68,1,0,0.148,-0.56,1,0,0.152,-1.18,1,0
94996,20240916,-96.85,40.7,0.134,-0.53,1,0,0.159,-0.56,1,0,0.131,-1.02,1,0,0.137,-1.07,1,0,0.196,-0.67,1,0,0.147,-0.59,1,0,0.152,-1.2,1,0
94996,20240917,-96.85,40.7,0.133,-0.55,1,0,0.158,-0.58,1,0,0.131,-1.03,1,0,0.137,-1.07,1,0,0.195,-0.66,1,0,0.145,-0.61,1,0,0.151,-1.22,1,0
94996,20240918,-96.85,40.7,0.132,-0.57,1,0,0.157,-0.6,1,0,0.13,-1.04,1,0,0.137,-1.07,1,0,0.195,-0.65,1,0,0.144,-0.63,1,0,0.15,-1.23,1,0
94996,20240919,-96.85,40.7,0.131,-0.57,1,0,0.157,-0.61,1,0,0.13,-1.05,1,0,0.137,-1.06,1,0,0.195,-0.65,1,0,0.144,-0.63,1,0,0.15,-1.23,1,0
94996,20240920,-96.85,40.7,0.13,-0.57,1,0,0.156,-0.62,1,0,0.13,-1.05,1,0,0.136,-1.05,1,0,0.195,-0.64,1,0,0.143,-0.63,1,0,0.15,-1.24,1,0
94996,20240921,-96.85,40.7,0.13,-0.56,1,0,0.156,-0.62,1,0,0.13,-1.06,1,0,0.136,-1.05,1,0,0.194,-0.64,1,0,0.143,-0.63,1,0,0.149,-1.23,1,0
94996,20240922,-96.85,40.7,0.13,-0.55,1,0,0.156,-0.62,1,0,0.13,-1.06,1,0,0.136,-1.04,1,0,0.194,-0.65,1,0,0.143,-0.61,1,0,0.149,-1.22,1,0
94996,20240923,-96.85,40.7,0.13,-0.54,1,0,0.156,-0.62,1,0,0.13,-1.06,1,0,0.136,-1.03,1,0,0.194,-0.65,1,0,0.143,-0.6,1,0,0.149,-1.21,1,0
94996,20240924,-96.85,40.7,0.13,-0.52,1,0,0.155,-0.62,1,0,0.13,-1.06,1,0,0.136,-1.03,1,0,0.194,-0.66,1,0,0.143,-0.58,1,0,0.149,-1.2,1,0
94996,20240925,-96.85,40.7,0.13,-0.5,1,0,0.155,-0.61,1,0,0.129,-1.06,1,0,0.136,-1.03,1,0,0.194,-0.67,1,0,0.143,-0.57,1,0,0.149,-1.19,1,0
94996,20240926,-96.85,40.7,0.131,-0.49,1,0,0.155,-0.6,1,0,0.129,-1.07,1,0,0.135,-1.03,1,0,0.193,-0.68,1,0,0.143,-0.57,1,0,0.149,-1.18,1,0
94996,20240927,-96.85,40.7,0.131,-0.48,1,0,0.154,-0.59,1,0,0.129,-1.07,1,0,0.135,-1.03,1,0,0.193,-0.7,1,0,0.143,-0.56,1,0,0.148,-1.17,1,0
94996,20240928,-96.85,40.7,0.131,-0.48,1,0,0.154,-0.59,1,0,0.129,-1.06,1,0,0.134,-1.02,1,0,0.193,-0.7,1,0,0.142,-0.56,1,0,0.148,-1.15,1,0
94996,20240929,-96.85,40.7,0.131,-0.47,1,0,0.153,-0.58,1,0,0.128,-1.05,1,0,0.134,-1.02,1,0,0.192,-0.71,1,0,0.142,-0.56,1,0,0.148,-1.14,1,0
94996,20240930,-96.85,40.7,0.13,-0.47,1,0,0.153,-0.58,1,0,0.128,-1.04,1,0,0.134,-1.01,1,0,0.192,-0.71,1,0,0.142,-0.56,1,0,0.147,-1.12,1,0
94996,20241001,-96.85,40.7,0.13,-0.47,1,0,0.153,-0.58,1,0,0.128,-1.02,1,0,0.134,-1.01,1,0,0.191,-0.71,1,0,0.141,-0.56,1,0,0.147,-1.11,1,0
94996,20241002,-96.85,40.7,0.129,-0.48,1,0,0.153,-0.58,1,0,0.128,-1,1,0,0.133,-1,1,0,0.191,-0.71,1,0,0.141,-0.57,1,0,0.147,-1.09,1,0
94996,20241003,-96.85,40.7,0.128,-0.49,1,0,0.152,-0.58,1,0,0.127,-0.97,1,0,0.133,-0.99,1,0,0.191,-0.71,1,0,0.14,-0.58,1,0,0.146,-1.07,1,0
94996,20241004,-96.85,40.7,0.127,-0.49,1,0,0.152,-0.58,1,0,0.127,-0.94,1,0,0.133,-0.98,1,0,0.19,-0.72,1,0,0.14,-0.59,1,0,0.146,-1.05,1,0
94996,20241005,-96.85,40.7,0.127,-0.5,1,0,0.151,-0.58,1,0,0.127,-0.91,1,0,0.133,-0.97,1,0,0.19,-0.72,1,0,0.139,-0.59,1,0,0.145,-1.03,1,0
94996,20241006,-96.85,40.7,0.126,-0.5,1,0,0.151,-0.58,1,0,0.126,-0.87,1,0,0.132,-0.95,1,0,0.189,-0.72,1,0,0.138,-0.59,1,0,0.145,-1.02,1,0
94996,20241007,-96.85,40.7,0.125,-0.5,1,0,0.15,-0.59,1,0,0.126,-0.84,1,0,0.132,-0.95,1,0,0.189,-0.72,1,0,0.138,-0.6,1,0,0.144,-1.01,1,0
94996,20241008,-96.85,40.7,0.124,-0.5,1,0,0.15,-0.59,1,0,0.125,-0.81,1,0,0.132,-0.94,1,0,0.188,-0.72,1,0,0.137,-0.59,1,0,0.144,-0.99,1,0
94996,20241009,-96.85,40.7,0.123,-0.5,1,0,0.149,-0.58,1,0,0.125,-0.78,1,0,0.131,-0.93,1,0,0.188,-0.73,1,0,0.136,-0.59,1,0,0.143,-0.97,1,0
94996,20241010,-96.85,40.7,0.123,-0.48,1,0,0.148,-0.56,1,0,0.124,-0.76,1,0,0.131,-0.92,1,0,0.187,-0.73,1,0,0.136,-0.57,1,0,0.143,-0.95,1,0
94996,20241011,-96.85,40.7,0.122,-0.47,1,0,0.148,-0.54,1,0,0.124,-0.73,1,0,0.131,-0.92,1,0,0.187,-0.73,1,0,0.135,-0.56,1,0,0.142,-0.93,1,0
94996,20241012,-96.85,40.7,0.122,-0.45,1,0,0.148,-0.5,1,0,0.124,-0.71,1,0,0.131,-0.91,1,0,0.186,-0.73,1,0,0.135,-0.54,1,0,0.142,-0.9,1,0
94996,20241013,-96.85,40.7,0.121,-0.44,1,0,0.147,-0.47,1,0,0.123,-0.7,1,0,0.131,-0.91,1,0,0.186,-0.74,1,0,0.134,-0.51,1,0,0.142,-0.87,1,0
94996,20241014,-96.85,40.7,0.121,-0.42,1,0,0.147,-0.44,1,0,0.123,-0.68,1,0,0.131,-0.91,1,0,0.185,-0.74,1,0,0.134,-0.48,1,0,0.141,-0.84,1,0
94996,20241015,-96.85,40.7,0.12,-0.41,1,0,0.147,-0.4,1,0,0.123,-0.67,1,0,0.131,-0.9,1,0,0.185,-0.74,1,0,0.133,-0.46,1,0,0.141,-0.81,1,0
94996,20241016,-96.85,40.7,0.119,-0.4,1,0,0.147,-0.37,1,0,0.122,-0.66,1,0,0.132,-0.9,1,0,0.185,-0.74,1,0,0.133,-0.44,1,0,0.141,-0.78,1,0
94996,20241017,-96.85,40.7,0.118,-0.4,1,0,0.146,-0.36,1,0,0.122,-0.65,1,0,0.131,-0.89,1,0,0.185,-0.74,1,0,0.132,-0.42,1,0,0.14,-0.76,1,0
94996,20241018,-96.85,40.7,0.117,-0.4,1,0,0.146,-0.35,1,0,0.121,-0.64,1,0,0.131,-0.88,1,0,0.184,-0.74,1,0,0.132,-0.41,1,0,0.14,-0.74,1,0
94996,20241019,-96.85,40.7,0.117,-0.41,1,0,0.145,-0.35,1,0,0.121,-0.64,1,0,0.131,-0.88,1,0,0.183,-0.75,1,0,0.131,-0.41,1,0,0.139,-0.73,1,0
94996,20241020,-96.85,40.7,0.116,-0.41,1,0,0.144,-0.35,1,0,0.12,-0.63,1,0,0.13,-0.87,1,0,0.183,-0.75,1,0,0.13,-0.41,1,0,0.139,-0.72,1,0
94996,20241021,-96.85,40.7,0.116,-0.42,1,0,0.144,-0.36,1,0,0.12,-0.62,1,0,0.13,-0.87,1,0,0.182,-0.76,1,0,0.13,-0.42,1,0,0.138,-0.71,1,0
94996,20241022,-96.85,40.7,0.119,-0.41,0.958,0,0.144,-0.36,1,0,0.12,-0.61,1,0,0.13,-0.86,1,0,0.182,-0.76,1,0,0.131,-0.41,0.988,0,0.139,-0.71,1,0
94996,20241023,-96.85,40.7,0.128,-0.36,0.814,0,0.144,-0.38,1,0,0.12,-0.61,1,0,0.129,-0.86,1,0,0.181,-0.76,1,0,0.136,-0.39,0.874,0,0.14,-0.69,1,0
94996,20241024,-96.85,40.7,0.137,-0.31,0.671,0,0.144,-0.39,1,0,0.12,-0.6,1,0,0.129,-0.86,1,0,0.181,-0.76,1,0,0.14,-0.37,0.856,0,0.142,-0.68,1,0
94996,20241025,-96.85,40.7,0.145,-0.27,0.527,0,0.144,-0.4,1,0,0.12,-0.6,1,0,0.13,-0.85,1,0,0.181,-0.76,1,0,0.145,-0.35,0.85,0,0.144,-0.66,1,0
94996,20241026,-96.85,40.7,0.153,-0.23,0.387,0,0.145,-0.41,1,0,0.12,-0.6,1,0,0.13,-0.85,1,0,0.181,-0.76,1,0,0.149,-0.33,0.851,0,0.146,-0.65,1,0
94996,20241027,-96.85,40.7,0.16,-0.19,0.244,0,0.145,-0.42,1,0,0.12,-0.6,1,0,0.13,-0.85,1,0,0.181,-0.75,1,0,0.152,-0.31,0.851,0,0.147,-0.64,1,0
94996,20241028,-96.85,40.7,0.166,-0.16,0.101,0,0.144,-0.43,1,0,0.12,-0.6,1,0,0.13,-0.85,1,0,0.181,-0.75,1,0,0.155,-0.3,0.851,0,0.148,-0.64,1,0
94996,20241029,-96.85,40.7,0.17,-0.15,0,0,0.144,-0.44,1,0,0.12,-0.61,1,0,0.129,-0.85,1,0,0.18,-0.75,1,0,0.157,-0.3,0.863,0,0.149,-0.65,1,0
94996,20241030,-96.85,40.7,0.167,-0.19,0.089,0,0.144,-0.45,1,0,0.12,-0.62,1,0,0.129,-0.85,1,0,0.18,-0.75,1,0,0.156,-0.32,0.976,0,0.148,-0.66,1,0
94996,20241031,-96.85,40.7,0.181,-0.12,0.107,0.107,0.147,-0.45,1,0,0.12,-0.62,1,0,0.129,-0.85,1,0,0.18,-0.75,1,0,0.164,-0.27,0.875,0,0.151,-0.65,1,0
94996,20241101,-96.85,40.7,0.196,-0.03,0.107,0.25,0.151,-0.43,1,0,0.12,-0.63,1,0,0.129,-0.85,1,0,0.179,-0.76,1,0,0.174,-0.21,0.738,0,0.155,-0.63,1,0
94996,20241102,-96.85,40.7,0.211,0.06,0.107,0.393,0.155,-0.41,1,0,0.12,-0.64,1,0,0.128,-0.85,1,0,0.179,-0.76,1,0,0.183,-0.15,0.595,0,0.159,-0.61,1,0
94996,20241103,-96.85,40.7,0.227,0.15,0.107,0.524,0.16,-0.39,1,0,0.12,-0.65,1,0,0.128,-0.85,1,0,0.178,-0.76,1,0,0.193,-0.09,0.452,0,0.163,-0.59,1,0
94996,20241104,-96.85,40.7,0.249,0.28,0.107,0.667,0.166,-0.36,0.946,0,0.124,-0.64,0.946,0,0.128,-0.85,1,0,0.178,-0.76,1,0,0.208,-0.01,0.31,0.036,0.169,-0.55,0.94,0
94996,20241105,-96.85,40.7,0.274,0.45,0.108,0.808,0.182,-0.26,0.808,0.036,0.137,-0.56,0.808,0,0.131,-0.83,1,0,0.179,-0.76,1,0,0.228,0.11,0.168,0.138,0.18,-0.47,0.802,0
94996,20241106,-96.85,40.7,0.299,0.61,0.018,0.952,0.207,-0.1,0.665,0.18,0.156,-0.45,0.665,0,0.136,-0.79,0.856,0,0.179,-0.75,1,0,0.253,0.26,0.024,0.281,0.196,-0.35,0.659,0
94996,20241107,-96.85,40.7,0.305,0.65,0,0.988,0.229,0.03,0.521,0.323,0.176,-0.34,0.521,0,0.142,-0.74,0.713,0,0.181,-0.74,1,0,0.267,0.34,0,0.425,0.207,-0.27,0.515,0
94996,20241108,-96.85,40.7,0.306,0.66,0,0.982,0.248,0.15,0.377,0.455,0.195,-0.24,0.377,0,0.147,-0.7,0.581,0,0.181,-0.74,1,0,0.277,0.39,0,0.563,0.216,-0.2,0.371,0
94996,20241109,-96.85,40.7,0.312,0.69,0,0.976,0.269,0.27,0.234,0.599,0.216,-0.13,0.234,0,0.153,-0.66,0.443,0,0.181,-0.73,1,0,0.29,0.45,0,0.707,0.226,-0.13,0.228,0
94996,20241110,-96.85,40.7,0.319,0.73,0,0.988,0.293,0.41,0.09,0.743,0.24,0.01,0.09,0,0.16,-0.61,0.299,0,0.181,-0.74,1,0,0.306,0.54,0,0.85,0.239,-0.04,0.084,0
94996,20241111,-96.85,40.7,0.318,0.73,0,0.988,0.314,0.53,0,0.886,0.26,0.12,0,0,0.167,-0.55,0.156,0,0.181,-0.74,1,0,0.316,0.6,0,0.958,0.248,0.03,0,0
94996,20241112,-96.85,40.7,0.313,0.68,0,0.988,0.325,0.57,0,0.988,0.27,0.16,0,0,0.173,-0.52,0.018,0,0.18,-0.75,1,0,0.319,0.6,0,0.994,0.252,0.04,0,0
94996,20241113,-96.85,40.7,0.308,0.64,0,0.988,0.325,0.53,0,0.964,0.272,0.16,0,0,0.175,-0.49,0.018,0,0.179,-0.76,1,0,0.317,0.58,0,0.994,0.252,0.03,0,0
94996,20241114,-96.85,40.7,0.308,0.63,0,0.976,0.326,0.5,0,0.935,0.276,0.18,0,0.018,0.178,-0.47,0.024,0,0.18,-0.76,1,0,0.317,0.57,0,0.982,0.254,0.02,0,0
94996,20241115,-96.85,40.7,0.309,0.63,0,0.97,0.328,0.49,0,0.917,0.28,0.2,0,0.054,0.182,-0.44,0.024,0,0.182,-0.75,1,0,0.318,0.57,0,0.976,0.256,0.03,0,0
94996,20241116,-96.85,40.7,0.308,0.62,0,0.97,0.328,0.46,0,0.881,0.283,0.23,0,0.119,0.186,-0.42,0.024,0,0.183,-0.75,1,0,0.318,0.57,0,0.964,0.258,0.03,0,0
94996,20241117,-96.85,40.7,0.306,0.6,0,0.97,0.327,0.44,0,0.875,0.284,0.24,0,0.196,0.189,-0.39,0.024,0,0.185,-0.75,1,0,0.317,0.55,0,0.958,0.258,0.02,0,0
94996,20241118,-96.85,40.7,0.303,0.58,0,0.958,0.326,0.42,0,0.856,0.283,0.24,0,0.246,0.193,-0.36,0.024,0,0.187,-0.75,1,0,0.314,0.53,0,0.952,0.258,0.01,0,0
94996,20241119,-96.85,40.7,0.31,0.63,0,0.958,0.329,0.45,0,0.844,0.29,0.3,0,0.365,0.205,-0.27,0.024,0.096,0.19,-0.73,1,0,0.32,0.58,0,0.952,0.265,0.07,0,0.12
94996,20241120,-96.85,40.7,0.313,0.65,0,0.958,0.333,0.49,0,0.856,0.295,0.34,0,0.479,0.217,-0.18,0.024,0.168,0.195,-0.7,0.994,0,0.323,0.61,0,0.946,0.271,0.11,0,0.216
94996,20241121,-96.85,40.7,0.313,0.65,0,0.958,0.336,0.52,0,0.868,0.297,0.36,0,0.533,0.227,-0.1,0.018,0.257,0.198,-0.68,0.976,0,0.325,0.62,0,0.952,0.274,0.14,0,0.311
94996,20241122,-96.85,40.7,0.312,0.65,0,0.946,0.337,0.53,0,0.868,0.298,0.37,0,0.557,0.236,-0.03,0.006,0.317,0.202,-0.65,0.94,0,0.325,0.62,0,0.94,0.277,0.16,0,0.377
94996,20241123,-96.85,40.7,0.31,0.63,0,0.934,0.337,0.53,0,0.874,0.297,0.36,0,0.557,0.244,0.04,0,0.377,0.207,-0.6,0.874,0,0.324,0.62,0,0.94,0.279,0.18,0,0.425
94996,20241124,-96.85,40.7,0.31,0.63,0,0.934,0.336,0.52,0,0.862,0.296,0.35,0,0.533,0.252,0.09,0,0.431,0.213,-0.54,0.784,0,0.323,0.62,0,0.946,0.281,0.19,0,0.479
94996,20241125,-96.85,40.7,0.309,0.63,0,0.917,0.337,0.53,0,0.857,0.296,0.35,0,0.53,0.258,0.14,0,0.464,0.219,-0.49,0.696,0,0.323,0.63,0,0.952,0.284,0.21,0,0.524
94996,20241126,-96.85,40.7,0.301,0.58,0,0.899,0.332,0.49,0,0.845,0.289,0.29,0.006,0.458,0.255,0.12,0,0.417,0.225,-0.43,0.577,0,0.317,0.59,0,0.94,0.28,0.17,0,0.482
94996,20241127,-96.85,40.7,0.296,0.57,0,0.899,0.329,0.46,0,0.851,0.283,0.24,0.006,0.363,0.252,0.09,0,0.369,0.227,-0.41,0.488,0,0.312,0.58,0,0.946,0.278,0.13,0,0.417
94996,20241128,-96.85,40.7,0.293,0.57,0,0.899,0.326,0.43,0,0.851,0.279,0.2,0.006,0.304,0.248,0.06,0,0.292,0.229,-0.39,0.417,0,0.309,0.58,0,0.952,0.275,0.1,0,0.327
94996,20241129,-96.85,40.7,0.291,0.6,0,0.911,0.323,0.41,0,0.845,0.276,0.17,0.006,0.262,0.247,0.04,0,0.262,0.231,-0.38,0.369,0,0.307,0.58,0,0.976,0.273,0.08,0,0.292
94996,20241130,-96.85,40.7,0.289,0.61,0,0.923,0.322,0.4,0,0.851,0.273,0.14,0.006,0.202,0.243,0.01,0.006,0.214,0.232,-0.37,0.333,0,0.305,0.59,0,0.988,0.272,0.06,0,0.262
94996,20241201,-96.85,40.7,0.286,0.6,0,0.898,0.32,0.39,0,0.838,0.27,0.12,0.006,0.156,0.24,-0.01,0.024,0.18,0.232,-0.36,0.323,0,0.303,0.59,0,0.982,0.27,0.04,0,0.222
94996,20241202,-96.85,40.7,0.286,0.63,0,0.916,0.317,0.37,0,0.844,0.266,0.09,0.006,0.114,0.239,-0.02,0.048,0.18,0.234,-0.35,0.299,0,0.302,0.6,0,0.982,0.269,0.03,0,0.192
94996,20241203,-96.85,40.7,0.285,0.62,0,0.922,0.315,0.34,0,0.844,0.263,0.05,0.006,0.066,0.237,-0.04,0.066,0.138,0.233,-0.36,0.329,0,0.3,0.6,0,0.994,0.267,0,0,0.114
94996,20241204,-96.85,40.7,0.285,0.6,0,0.904,0.312,0.32,0,0.796,0.261,0.03,0.006,0.048,0.235,-0.05,0.084,0.12,0.234,-0.36,0.329,0,0.299,0.59,0,0.982,0.265,-0.01,0,0.102
94996,20241205,-96.85,40.7,0.285,0.58,0,0.88,0.311,0.31,0,0.796,0.261,0.03,0.006,0.042,0.236,-0.05,0.096,0.126,0.235,-0.35,0.305,0,0.298,0.59,0,0.982,0.266,-0.01,0,0.139
94996,20241206,-96.85,40.7,0.284,0.55,0,0.86,0.31,0.31,0,0.814,0.259,0.01,0.006,0.024,0.234,-0.07,0.12,0.108,0.237,-0.33,0.263,0,0.297,0.59,0,0.976,0.265,-0.01,0,0.122
94996,20241207,-96.85,40.7,0.285,0.54,0,0.854,0.309,0.3,0,0.778,0.258,0,0.006,0.018,0.236,-0.06,0.126,0.126,0.238,-0.32,0.263,0,0.297,0.59,0,0.968,0.265,-0.01,0,0.115
94996,20241208,-96.85,40.7,0.285,0.52,0,0.842,0.309,0.3,0,0.786,0.26,0,0.006,0.012,0.237,-0.05,0.113,0.143,0.239,-0.32,0.244,0,0.297,0.58,0,0.968,0.266,0,0,0.165
94996,20241209,-96.85,40.7,0.285,0.49,0,0.842,0.309,0.31,0,0.786,0.263,0.01,0.006,0.006,0.239,-0.03,0.089,0.155,0.241,-0.3,0.226,0,0.297,0.58,0,0.962,0.267,0.01,0,0.222
94996,20241210,-96.85,40.7,0.284,0.46,0,0.804,0.308,0.31,0,0.774,0.265,0.02,0,0.006,0.24,-0.03,0.077,0.155,0.242,-0.29,0.196,0,0.296,0.56,0,0.943,0.268,0.01,0,0.253
94996,20241211,-96.85,40.7,0.284,0.44,0,0.761,0.307,0.31,0,0.786,0.267,0.02,0,0.006,0.24,-0.03,0.071,0.161,0.244,-0.27,0.173,0,0.295,0.54,0,0.925,0.268,0.02,0,0.264
94996,20241212,-96.85,40.7,0.283,0.41,0,0.736,0.306,0.3,0,0.75,0.265,0,0,0,0.24,-0.04,0.071,0.143,0.244,-0.27,0.185,0,0.295,0.51,0,0.893,0.268,0.01,0,0.22
94996,20241213,-96.85,40.7,0.283,0.39,0,0.702,0.305,0.3,0,0.696,0.264,-0.02,0.012,0,0.238,-0.05,0.113,0.137,0.242,-0.3,0.226,0,0.295,0.5,0,0.874,0.268,0.01,0,0.225
94996,20241214,-96.85,40.7,,,,,0.305,0.3,0,0.679,0.262,-0.04,0.036,0,0.236,-0.08,0.149,0.107,0.241,-0.31,0.274,0,,,,,,,,
94996,20241215,-96.85,40.7,,,,,0.303,0.28,0,0.601,0.257,-0.1,0.083,0,0.232,-0.11,0.19,0.071,0.239,-0.33,0.304,0,,,,,,,,
94996,20241216,-96.85,40.7,,,,,0.303,0.28,0,0.583,0.253,-0.14,0.107,0,0.23,-0.14,0.202,0.024,0.237,-0.35,0.315,0,,,,,,,,
94996,20241217,-96.85,40.7,,,,,0.306,0.33,0,0.607,0.254,-0.14,0.119,0,0.231,-0.13,0.214,0.036,0.24,-0.33,0.298,0,,,,,,,,
94996,20241218,-96.85,40.7,,,,,0.308,0.35,0,0.589,0.252,-0.17,0.137,0,0.23,-0.14,0.232,0.024,0.238,-0.34,0.321,0,,,,,,,,
94996,20241219,-96.85,40.7,,,,,0.312,0.39,0,0.595,0.253,-0.18,0.149,0,0.231,-0.13,0.238,0.036,0.239,-0.34,0.304,0,,,,,,,,
94996,20241220,-96.85,40.7,0.299,0.44,0.012,0.75,0.313,0.39,0,0.589,0.256,-0.16,0.143,0,0.233,-0.11,0.208,0.03,0.239,-0.33,0.304,0,0.308,0.52,0,0.833,0.27,0.04,0.012,0.286
94996,20241221,-96.85,40.7,0.298,0.44,0.012,0.75,0.315,0.38,0,0.548,0.257,-0.16,0.143,0,0.234,-0.11,0.173,0.03,0.241,-0.32,0.262,0,0.307,0.52,0,0.833,0.27,0.04,0.012,0.286
94996,20241222,-96.85,40.7,,,,,0.316,0.37,0,0.518,0.257,-0.18,0.173,0,0.236,-0.09,0.149,0.03,0.242,-0.31,0.25,0,,,,,,,,
94996,20241223,-96.85,40.7,,,,,0.314,0.31,0,0.429,0.257,-0.18,0.173,0,0.236,-0.08,0.155,0.03,0.244,-0.3,0.244,0,,,,,,,,
94996,20241224,-96.85,40.7,,,,,0.31,0.23,0.006,0.304,0.256,-0.2,0.173,0,0.235,-0.09,0.149,0.012,0.243,-0.33,0.286,0,,,,,,,,
94996,20241225,-96.85,40.7,,,,,0.307,0.14,0.03,0.226,0.256,-0.22,0.185,0,0.236,-0.09,0.131,0.012,0.244,-0.34,0.298,0,,,,,,,,
94996,20241226,-96.85,40.7,,,,,0.302,0.03,0.048,0.131,0.253,-0.26,0.232,0,0.234,-0.11,0.143,0,0.244,-0.38,0.339,0,,,,,,,,
94996,20241227,-96.85,40.7,,,,,0.3,-0.03,0.067,0.067,0.253,-0.27,0.232,0,0.234,-0.11,0.131,0,0.247,-0.39,0.327,0,,,,,,,,
94996,20241228,-96.85,40.7,,,,,0.301,-0.06,0.079,0.05,0.256,-0.27,0.232,0,0.236,-0.09,0.119,0,0.248,-0.41,0.351,0,,,,,,,,
94996,20241229,-96.85,40.7,0.284,,,,0.3,-0.1,0.096,0.043,0.26,-0.25,0.185,0,0.237,-0.08,0.101,0.006,0.249,-0.44,0.393,0,0.292,,,,0.266,,,
94996,20241230,-96.85,40.7,0.285,,,,0.301,-0.14,0.121,0.022,0.263,-0.24,0.179,0,0.239,-0.06,0.089,0.006,0.25,-0.47,0.423,0,0.293,,,,0.267,,,
94996,20241231,-96.85,40.7,0.288,,,,0.299,-0.19,0.149,0.015,0.262,-0.27,0.214,0,0.239,-0.06,0.083,0.006,0.25,-0.5,0.458,0,0.294,,,,0.268,,,
94996,20250101,-96.85,40.7,0.291,,,,0.305,-0.16,0.14,0,0.263,-0.29,0.268,0,0.238,-0.07,0.089,0.006,0.249,-0.54,0.506,0,0.298,,,,0.269,,,
94996,20250102,-96.85,40.7,0.295,,,,0.311,-0.14,0.158,0,0.266,-0.27,0.25,0,0.239,-0.06,0.071,0.006,0.25,-0.55,0.512,0,0.303,,,,0.272,,,
94996,20250103,-96.85,40.7,0.296,,,,0.316,,,,0.265,-0.3,0.323,0,0.238,-0.07,0.078,0.006,0.249,-0.57,0.557,0,0.306,,,,0.273,,,
94996,20250104,-96.85,40.7,0.296,,,,0.32,,,,0.264,-0.34,0.377,0,0.236,-0.09,0.09,0.006,0.248,-0.61,0.599,0,0.308,,,,0.273,,,
94996,20250105,-96.85,40.7,0.297,,,,0.324,,,,0.261,-0.38,0.443,0,0.233,-0.12,0.126,0,0.247,-0.62,0.599,0,0.31,,,,0.272,,,
94996,20250106,-96.85,40.7,,,,,0.325,,,,0.258,-0.44,0.563,0,0.228,-0.17,0.174,0,0.246,-0.64,0.605,0,,,,,,,,
94996,20250107,-96.85,40.7,,,,,0.329,,,,0.256,-0.49,0.641,0,0.225,-0.2,0.21,0,0.246,-0.64,0.611,0,,,,,,,,
94996,20250108,-96.85,40.7,,,,,0.328,,,,0.254,-0.54,0.691,0,0.224,-0.2,0.21,0,0.248,-0.63,0.581,0,,,,,,,,
94996,20250109,-96.85,40.7,,,,,0.324,,,,0.251,-0.59,0.761,0,0.222,-0.22,0.228,0,0.248,-0.63,0.593,0.006,,,,,,,,
94996,20250110,-96.85,40.7,,,,,0.319,,,,0.249,-0.62,0.8,0,0.222,-0.22,0.214,0,0.25,-0.62,0.571,0.006,,,,,,,,
94996,20250111,-96.85,40.7,,,,,0.315,,,,0.249,-0.66,0.868,0,0.224,-0.21,0.208,0,0.253,-0.59,0.53,0.006,,,,,,,,
94996,20250112,-96.85,40.7,,,,,0.314,,,,0.25,-0.71,0.94,0,0.225,-0.2,0.185,0,0.255,-0.56,0.506,0.012,,,,,,,,
94996,20250113,-96.85,40.7,,,,,0.315,,,,0.249,-0.76,0.93,0,0.227,-0.18,0.161,0.006,0.256,-0.55,0.53,0.012,,,,,,,,
94996,20250114,-96.85,40.7,,,,,0.314,,,,0.251,-0.85,1,0,0.23,-0.15,0.131,0.018,0.257,-0.55,0.524,0.012,,,,,,,,
94996,20250115,-96.85,40.7,,,,,0.313,,,,0.251,,,,0.229,-0.17,0.167,0.018,0.258,-0.56,0.53,0.012,,,,,,,,
94996,20250116,-96.85,40.7,,,,,,,,,0.251,,,,0.232,-0.15,0.155,0.03,0.26,-0.53,0.506,0.006,,,,,,,,
94996,20250117,-96.85,40.7,,,,,,,,,0.252,,,,0.235,-0.12,0.155,0.03,0.261,-0.52,0.5,0.006,,,,,,,,
94996,20250118,-96.85,40.7,,,,,,,,,0.254,,,,0.234,-0.13,0.167,0.036,0.262,-0.5,0.464,0.006,,,,,,,,
94996,20250119,-96.85,40.7,,,,,,,,,0.252,,,,0.233,-0.15,0.196,0.036,0.261,-0.52,0.494,0,,,,,,,,
94996,20250120,-96.85,40.7,,,,,,,,,0.251,,,,0.235,-0.13,0.196,0.048,0.261,-0.51,0.476,0.006,,,,,,,,
94996,20250121,-96.85,40.7,,,,,,,,,0.247,,,,0.235,-0.14,0.202,0.042,0.264,-0.46,0.423,0.018,,,,,,,,
94996,20250122,-96.85,40.7,,,,,,,,,0.248,,,,0.235,-0.14,0.196,0.042,0.267,-0.41,0.381,0.024,,,,,,,,
94996,20250123,-96.85,40.7,,,,,,,,,,,,,0.232,-0.21,0.262,0.03,0.268,-0.39,0.369,0.03,,,,,,,,
94996,20250124,-96.85,40.7,,,,,,,,,,,,,0.229,-0.28,0.333,0.03,0.269,-0.37,0.333,0.036,,,,,,,,
94996,20250125,-96.85,40.7,,,,,,,,,,,,,0.227,-0.34,0.399,0.024,0.271,-0.35,0.327,0.054,,,,,,,,
94996,20250126,-96.85,40.7,,,,,,,,,,,,,0.227,-0.38,0.458,0.024,0.273,-0.3,0.28,0.06,,,,,,,,
94996,20250127,-96.85,40.7,,,,,,,,,,,,,0.225,-0.46,0.524,0.006,0.274,-0.29,0.274,0.065,,,,,,,,
94996,20250128,-96.85,40.7,,,,,,,,,,,,,0.225,-0.51,0.565,0,0.275,-0.29,0.268,0.06,,,,,,,,
94996,20250129,-96.85,40.7,,,,,,,,,,,,,0.227,-0.51,0.589,0,0.273,-0.31,0.292,0.054,,,,,,,,
94996,20250130,-96.85,40.7,,,,,,,,,,,,,0.231,-0.49,0.56,0,0.273,-0.31,0.28,0.048,,,,,,,,
94996,20250131,-96.85,40.7,,,,,,,,,,,,,0.233,-0.49,0.56,0,0.273,-0.32,0.292,0.042,,,,,,,,
94996,20250201,-96.85,40.7,,,,,,,,,,,,,0.236,-0.48,0.548,0,0.272,-0.35,0.298,0.024,,,,,,,,
94996,20250202,-96.85,40.7,,,,,,,,,,,,,0.238,-0.47,0.542,0,0.271,-0.37,0.327,0.018,,,,,,,,
94996,20250203,-96.85,40.7,,,,,,,,,,,,,0.241,-0.44,0.506,0,0.272,-0.38,0.327,0.006,,,,,,,,
94996,20250204,-96.85,40.7,,,,,,,,,,,,,0.241,-0.46,0.554,0,0.27,-0.42,0.399,0,,,,,,,,
94996,20250205,-96.85,40.7,,,,,,,,,,,,,0.239,-0.52,0.595,0,0.269,-0.45,0.446,0,,,,,,,,
94996,20250206,-96.85,40.7,,,,,,,,,,,,,0.237,-0.58,0.679,0,0.268,-0.49,0.512,0,,,,,,,,
94996,20250207,-96.85,40.7,,,,,,,,,,,,,0.236,-0.61,0.696,0,0.267,-0.52,0.554,0,,,,,,,,
94996,20250208,-96.85,40.7,,,,,,,,,0.25,,,,0.235,-0.65,0.732,0,0.267,-0.54,0.595,0,,,,,,,,
94996,20250209,-96.85,40.7,,,,,,,,,0.249,,,,0.235,-0.7,0.744,0,0.266,-0.56,0.643,0,,,,,,,,
94996,20250210,-96.85,40.7,,,,,,,,,0.248,,,,0.232,-0.78,0.81,0,0.266,-0.57,0.685,0,,,,,,,,
94996,20250211,-96.85,40.7,,,,,,,,,0.245,,,,0.231,-0.82,0.839,0,0.266,-0.56,0.667,0,,,,,,,,
94996,20250212,-96.85,40.7,,,,,,,,,0.245,,,,0.231,-0.86,0.863,0,0.267,-0.55,0.661,0.006,,,,,,,,
94996,20250213,-96.85,40.7,,,,,,,,,0.245,,,,0.23,-0.89,0.857,0,0.267,-0.55,0.661,0.012,,,,,,,,
94996,20250214,-96.85,40.7,,,,,,,,,0.245,,,,0.23,-0.92,0.893,0,0.267,-0.55,0.667,0.018,,,,,,,,
94996,20250215,-96.85,40.7,,,,,,,,,0.245,,,,0.229,-0.93,0.904,0,0.268,-0.53,0.659,0.024,,,,,,,,
94996,20250216,-96.85,40.7,,,,,,,,,0.246,,,,0.229,-0.95,0.916,0,0.271,-0.51,0.629,0.024,,,,,,,,
94996,20250217,-96.85,40.7,,,,,,,,,0.247,,,,0.23,-0.93,0.904,0,0.273,-0.5,0.593,0.03,,,,,,,,
94996,20250218,-96.85,40.7,,,,,,,,,,,,,0.232,-0.89,0.862,0,0.276,-0.47,0.587,0.042,,,,,,,,
94996,20250219,-96.85,40.7,,,,,,,,,,,,,0.234,-0.85,0.82,0,0.279,-0.45,0.557,0.042,,,,,,,,
94996,20250220,-96.85,40.7,,,,,,,,,,,,,0.237,-0.79,0.778,0.006,0.282,-0.42,0.527,0.036,,,,,,,,
94996,20250221,-96.85,40.7,,,,,,,,,,,,,0.235,-0.82,0.741,0.006,0.284,-0.42,0.533,0.036,,,,,,,,
94996,20250222,-96.85,40.7,,,,,,,,,,,,,0.234,-0.83,0.745,0.006,0.287,-0.39,0.524,0.048,,,,,,,,
94996,20250223,-96.85,40.7,,,,,,,,,,,,,,,,,0.287,-0.41,0.536,0.048,,,,,,,,
94996,20250224,-96.85,40.7,,,,,,,,,,,,,,,,,0.289,-0.38,0.524,0.071,,,,,,,,
94996,20250225,-96.85,40.7,,,,,,,,,,,,,,,,,0.293,-0.34,0.47,0.071,,,,,,,,
94996,20250226,-96.85,40.7,,,,,,,,,,,,,,,,,0.296,-0.28,0.417,0.077,,,,,,,,
94996,20250227,-96.85,40.7,,,,,,,,,,,,,,,,,0.299,-0.25,0.381,0.089,,,,,,,,
94996,20250228,-96.85,40.7,,,,,,,,,,,,,,,,,0.303,-0.2,0.298,0.089,,,,,,,,
94996,20250301,-96.85,40.7,,,,,,,,,,,,,,,,,0.303,-0.19,0.256,0.083,,,,,,,,
94996,20250302,-96.85,40.7,,,,,,,,,,,,,,,,,0.307,-0.15,0.196,0.083,,,,,,,,
94996,20250303,-96.85,40.7,,,,,,,,,,,,,,,,,0.307,-0.15,0.196,0.071,,,,,,,,
94996,20250304,-96.85,40.7,0.308,,,,,,,,0.289,-0.69,0.933,0,0.258,-0.37,0.368,0,0.305,-0.19,0.214,0.071,,,,,,,,
94996,20250305,-96.85,40.7,0.307,,,,0.328,,,,0.289,-0.61,0.846,0,0.256,-0.41,0.411,0,0.304,-0.21,0.238,0.077,0.316,,,,0.296,,,
94996,20250306,-96.85,40.7,0.306,,,,0.329,,,,0.287,-0.65,0.825,0,0.255,-0.44,0.464,0,0.304,-0.23,0.25,0.077,0.317,,,,0.295,,,
94996,20250307,-96.85,40.7,0.304,,,,0.329,,,,0.285,-0.62,0.805,0,0.253,-0.48,0.536,0,0.303,-0.25,0.286,0.077,0.316,,,,0.295,,,
94996,20250308,-96.85,40.7,0.303,,,,0.329,-1.87,1,0,0.284,-0.6,0.811,0,0.254,-0.48,0.53,0,0.303,-0.26,0.315,0.101,0.316,,,,0.294,,,
94996,20250309,-96.85,40.7,0.304,0.38,0,0.625,0.331,0.18,0.25,0.5,0.289,-0.53,0.733,0,0.257,-0.43,0.488,0.024,0.307,-0.19,0.286,0.149,0.317,,,,0.297,,,
94996,20250310,-96.85,40.7,0.305,0.46,0,0.81,0.332,0.34,0.175,0.575,0.293,-0.48,0.646,0,0.26,-0.39,0.458,0.024,0.309,-0.15,0.268,0.143,0.319,0.65,0,0.857,0.3,,,
94996,20250311,-96.85,40.7,0.309,0.47,0,0.854,0.337,0.51,0.109,0.719,0.297,-0.42,0.536,0,0.265,-0.32,0.393,0.024,0.313,-0.08,0.232,0.137,0.323,0.64,0,0.913,0.304,0.3,0,0.214
94996,20250312,-96.85,40.7,0.309,0.32,0.092,0.692,0.338,0.4,0.159,0.648,0.299,-0.39,0.482,0,0.268,-0.25,0.345,0.024,0.316,-0.03,0.208,0.137,0.323,0.36,0.128,0.681,0.306,0.04,0.289,0.158
94996,20250313,-96.85,40.7,0.309,0.32,0.067,0.596,0.34,0.44,0.134,0.643,0.305,-0.32,0.369,0,0.274,-0.17,0.25,0.024,0.32,0.03,0.161,0.131,0.324,0.4,0.085,0.676,0.309,0.08,0.177,0.097
94996,20250314,-96.85,40.7,0.309,0.26,0.097,0.496,0.34,0.36,0.169,0.603,0.306,-0.31,0.31,0,0.277,-0.12,0.173,0.024,0.32,0.05,0.161,0.125,0.325,0.31,0.137,0.589,0.31,-0.01,0.244,0.07
94996,20250315,-96.85,40.7,0.31,0.24,0.088,0.423,0.34,0.34,0.176,0.56,0.307,-0.29,0.244,0,0.279,-0.11,0.161,0.024,0.322,0.07,0.143,0.095,0.325,0.27,0.143,0.521,0.311,-0.04,0.273,0.055
94996,20250316,-96.85,40.7,0.308,0.2,0.098,0.373,0.338,0.26,0.208,0.518,0.302,-0.35,0.274,0,0.277,-0.15,0.19,0,0.321,0.05,0.161,0.06,0.323,0.22,0.175,0.455,0.309,-0.09,0.313,0.045
94996,20250317,-96.85,40.7,0.305,0.15,0.116,0.287,0.336,0.19,0.244,0.44,0.298,-0.4,0.339,0,0.274,-0.19,0.22,0,0.319,0.02,0.173,0.048,0.321,0.16,0.194,0.375,0.307,-0.12,0.361,0.038
94996,20250318,-96.85,40.7,0.302,0.09,0.137,0.185,0.333,0.09,0.274,0.315,0.296,-0.44,0.417,0,0.272,-0.24,0.244,0,0.317,-0.02,0.208,0.042,0.317,0.09,0.22,0.268,0.304,-0.17,0.387,0.018
94996,20250319,-96.85,40.7,0.3,0.07,0.113,0.125,0.333,0.1,0.262,0.262,0.296,-0.46,0.458,0,0.272,-0.24,0.226,0,0.316,-0.05,0.22,0.024,0.317,0.08,0.214,0.202,0.304,-0.17,0.357,0
94996,20250320,-96.85,40.7,0.3,0.07,0.113,0.161,0.33,0,0.268,0.179,0.293,-0.53,0.601,0,0.268,-0.31,0.321,0,0.314,-0.09,0.25,0.018,0.315,0.04,0.226,0.113,0.301,-0.23,0.435,0
94996,20250321,-96.85,40.7,0.304,0.17,0.083,0.286,0.334,0.1,0.22,0.208,0.299,-0.49,0.601,0,0.271,-0.27,0.333,0,0.32,0,0.238,0.101,0.319,0.14,0.185,0.19,0.305,-0.14,0.375,0.083
94996,20250322,-96.85,40.7,0.309,0.26,0.077,0.387,0.342,0.29,0.185,0.286,0.303,-0.46,0.583,0,0.273,-0.25,0.333,0.018,0.328,0.13,0.214,0.208,0.325,0.28,0.161,0.28,0.311,-0.04,0.327,0.179
94996,20250323,-96.85,40.7,0.31,0.29,0.089,0.435,0.347,0.43,0.125,0.363,0.307,-0.43,0.56,0,0.276,-0.23,0.321,0.018,0.329,0.15,0.214,0.238,0.328,0.36,0.119,0.357,0.314,0.02,0.274,0.208
94996,20250324,-96.85,40.7,0.312,0.34,0.071,0.518,0.351,0.52,0.089,0.458,0.31,-0.42,0.524,0,0.278,-0.21,0.292,0.018,0.333,0.2,0.19,0.262,0.331,0.43,0.095,0.452,0.317,0.08,0.208,0.208
94996,20250325,-96.85,40.7,0.313,0.38,0.054,0.565,0.353,0.58,0.077,0.53,0.31,-0.43,0.5,0,0.278,-0.22,0.315,0.018,0.335,0.23,0.202,0.274,0.333,0.47,0.065,0.53,0.318,0.1,0.208,0.208
94996,20250326,-96.85,40.7,0.315,0.41,0.042,0.625,0.354,0.61,0.065,0.613,0.31,-0.43,0.464,0,0.279,-0.23,0.327,0.018,0.336,0.24,0.19,0.28,0.335,0.51,0.042,0.595,0.319,0.12,0.202,0.208
94996,20250327,-96.85,40.7,0.314,0.39,0.048,0.589,0.355,0.63,0.095,0.667,0.312,-0.4,0.405,0,0.282,-0.2,0.268,0.018,0.339,0.28,0.185,0.286,0.334,0.51,0.054,0.637,0.32,0.15,0.155,0.208
94996,20250328,-96.85,40.7,0.31,0.32,0.054,0.458,0.353,0.59,0.095,0.661,0.309,-0.44,0.381,0,0.28,-0.23,0.232,0.018,0.337,0.25,0.149,0.202,0.332,0.44,0.06,0.542,0.318,0.1,0.155,0.125
94996,20250329,-96.85,40.7,0.305,0.23,0.054,0.345,0.347,0.42,0.101,0.589,0.307,-0.47,0.399,0,0.279,-0.27,0.22,0,0.331,0.15,0.161,0.089,0.326,0.31,0.06,0.429,0.313,0.02,0.155,0.03
94996,20250330,-96.85,40.7,0.303,0.21,0.024,0.31,0.341,0.29,0.149,0.494,0.305,-0.48,0.417,0,0.276,-0.31,0.268,0,0.328,0.1,0.179,0.054,0.322,0.24,0.06,0.345,0.311,-0.03,0.179,0
94996,20250331,-96.85,40.7,0.299,0.15,0.03,0.232,0.337,0.18,0.179,0.399,0.302,-0.51,0.506,0,0.272,-0.37,0.369,0,0.325,0.04,0.238,0.048,0.318,0.16,0.077,0.244,0.307,-0.1,0.238,0
94996,20250401,-96.85,40.7,0.298,0.15,0.03,0.226,0.334,0.11,0.202,0.327,0.302,-0.5,0.506,0,0.272,-0.38,0.363,0,0.324,0.02,0.214,0.042,0.316,0.13,0.077,0.167,0.306,-0.12,0.226,0
94996,20250402,-96.85,40.7,0.295,0.12,0.036,0.179,0.33,0.02,0.238,0.244,0.3,-0.52,0.542,0,0.269,-0.44,0.44,0,0.324,0,0.25,0.048,0.312,0.08,0.089,0.107,0.303,-0.17,0.268,0
94996,20250403,-96.85,40.7,0.294,0.12,0.036,0.179,0.328,-0.02,0.238,0.19,0.299,-0.53,0.53,0,0.267,-0.47,0.458,0,0.323,-0.01,0.25,0.042,0.311,0.07,0.077,0.065,0.302,-0.2,0.28,0
94996,20250404,-96.85,40.7,0.293,0.11,0.036,0.185,0.324,-0.1,0.268,0.113,0.297,-0.54,0.565,0,0.265,-0.5,0.512,0,0.321,-0.05,0.28,0.042,0.308,0.03,0.083,0.042,0.3,-0.24,0.31,0
94996,20250405,-96.85,40.7,0.292,0.11,0.036,0.208,0.32,-0.18,0.321,0.065,0.293,-0.57,0.619,0,0.262,-0.54,0.565,0,0.32,-0.08,0.298,0.06,0.306,0,0.101,0.036,0.297,-0.29,0.369,0
94996,20250406,-96.85,40.7,0.292,0.12,0.036,0.185,0.319,-0.18,0.321,0.06,0.292,-0.58,0.631,0,0.261,-0.55,0.542,0,0.323,-0.04,0.256,0.071,0.306,0.01,0.107,0.024,0.297,-0.3,0.381,0
94996,20250407,-96.85,40.7,0.293,0.13,0.03,0.167,0.319,-0.17,0.315,0.048,0.293,-0.55,0.56,0,0.262,-0.53,0.476,0,0.324,-0.03,0.22,0.054,0.306,0.03,0.089,0.024,0.298,-0.29,0.345,0
94996,20250408,-96.85,40.7,0.292,0.11,0.03,0.113,0.318,-0.19,0.298,0.036,0.293,-0.55,0.565,0,0.262,-0.54,0.476,0,0.324,-0.03,0.214,0.054,0.305,0.02,0.101,0.024,0.298,-0.3,0.345,0
94996,20250409,-96.85,40.7,0.291,0.11,0.03,0.101,0.318,-0.19,0.292,0.024,0.293,-0.54,0.554,0,0.263,-0.51,0.417,0,0.324,-0.04,0.19,0.048,0.305,0.01,0.107,0.018,0.298,-0.31,0.321,0
94996,20250410,-96.85,40.7,0.287,0.07,0.024,0.054,0.317,-0.2,0.304,0.018,0.293,-0.54,0.589,0,0.262,-0.52,0.423,0,0.322,-0.08,0.226,0.048,0.302,-0.01,0.125,0.012,0.296,-0.33,0.345,0
94996,20250411,-96.85,40.7,0.283,0.02,0.024,0.036,0.317,-0.2,0.327,0.012,0.292,-0.54,0.637,0,0.262,-0.52,0.405,0,0.321,-0.1,0.244,0.048,0.3,-0.05,0.125,0.006,0.295,-0.36,0.381,0
94996,20250412,-96.85,40.7,0.278,-0.03,0.024,0.012,0.317,-0.18,0.292,0.012,0.292,-0.53,0.631,0,0.263,-0.51,0.399,0,0.322,-0.09,0.226,0.03,0.298,-0.07,0.113,0,0.294,-0.37,0.381,0
94996,20250413,-96.85,40.7,0.27,-0.12,0.024,0,0.318,-0.15,0.244,0.006,0.292,-0.52,0.685,0,0.265,-0.48,0.339,0,0.321,-0.1,0.22,0.012,0.294,-0.11,0.101,0,0.293,-0.39,0.411,0
94996,20250414,-96.85,40.7,0.261,-0.21,0.131,0,0.316,-0.19,0.25,0.006,0.29,-0.54,0.756,0,0.264,-0.47,0.315,0,0.322,-0.1,0.214,0.012,0.288,-0.17,0.155,0,0.291,-0.43,0.494,0
94996,20250415,-96.85,40.7,0.252,-0.29,0.262,0,0.311,-0.25,0.339,0.006,0.286,-0.57,0.833,0,0.263,-0.48,0.345,0,0.321,-0.12,0.244,0.006,0.282,-0.25,0.28,0,0.287,-0.49,0.601,0
94996,20250416,-96.85,40.7,0.243,-0.38,0.399,0,0.307,-0.29,0.399,0.006,0.283,-0.59,0.887,0,0.262,-0.48,0.339,0,0.321,-0.13,0.238,0,0.275,-0.32,0.393,0,0.283,-0.55,0.696,0
94996,20250417,-96.85,40.7,0.233,-0.48,0.542,0,0.302,-0.36,0.476,0.006,0.28,-0.61,0.923,0,0.262,-0.47,0.351,0,0.322,-0.11,0.208,0,0.268,-0.4,0.506,0,0.28,-0.59,0.774,0
94996,20250418,-96.85,40.7,0.222,-0.57,0.679,0,0.297,-0.44,0.565,0.006,0.276,-0.64,0.958,0,0.26,-0.48,0.399,0,0.323,-0.1,0.167,0,0.259,-0.49,0.637,0,0.276,-0.65,0.851,0
94996,20250419,-96.85,40.7,0.213,-0.66,0.821,0,0.288,-0.56,0.685,0.006,0.271,-0.69,1,0,0.257,-0.5,0.458,0,0.321,-0.15,0.19,0.006,0.25,-0.6,0.774,0,0.27,-0.74,0.929,0
94996,20250420,-96.85,40.7,0.204,-0.74,0.964,0,0.278,-0.7,0.827,0,0.266,-0.73,1,0,0.253,-0.53,0.577,0,0.318,-0.21,0.25,0.006,0.241,-0.7,0.917,0,0.264,-0.83,0.988,0
94996,20250421,-96.85,40.7,0.208,-0.7,0.887,0,0.269,-0.82,0.923,0,0.261,-0.77,1,0,0.25,-0.56,0.667,0,0.318,-0.22,0.268,0.006,0.239,-0.73,0.935,0,0.261,-0.88,1,0
94996,20250422,-96.85,40.7,0.215,-0.62,0.75,0,0.264,-0.88,0.952,0,0.258,-0.79,1,0,0.249,-0.56,0.726,0,0.318,-0.22,0.268,0.006,0.24,-0.7,0.827,0,0.261,-0.88,1,0
94996,20250423,-96.85,40.7,0.222,-0.55,0.619,0,0.259,-0.95,0.988,0,0.255,-0.82,1,0,0.247,-0.57,0.81,0,0.318,-0.22,0.262,0.006,0.24,-0.69,0.762,0,0.26,-0.88,1,0
94996,20250424,-96.85,40.7,0.227,-0.49,0.482,0,0.255,-1,1,0,0.252,-0.84,1,0,0.244,-0.58,0.881,0,0.317,-0.24,0.268,0.006,0.241,-0.67,0.762,0,0.259,-0.9,1,0
94996,20250425,-96.85,40.7,0.243,-0.33,0.339,0.06,0.251,-1.03,1,0,0.249,-0.86,1,0,0.242,-0.6,0.923,0,0.316,-0.27,0.327,0.006,0.247,-0.58,0.625,0,0.26,-0.88,1,0
94996,20250426,-96.85,40.7,0.261,-0.16,0.196,0.143,0.25,-1.03,1,0,0.249,-0.86,1,0,0.242,-0.59,0.923,0,0.317,-0.25,0.327,0.006,0.255,-0.48,0.494,0,0.264,-0.82,1,0
94996,20250427,-96.85,40.7,0.276,0,0.054,0.143,0.249,-1.02,1,0,0.248,-0.88,1,0,0.241,-0.6,0.935,0,0.318,-0.24,0.327,0.012,0.263,-0.38,0.351,0,0.266,-0.78,1,0
94996,20250428,-96.85,40.7,0.281,0.04,0.018,0.143,0.249,-0.98,1,0,0.247,-0.88,1,0,0.241,-0.6,0.952,0,0.319,-0.23,0.292,0.012,0.265,-0.34,0.28,0,0.267,-0.76,1,0
94996,20250429,-96.85,40.7,0.279,0.03,0.018,0.143,0.249,-0.95,1,0,0.246,-0.89,1,0,0.241,-0.6,0.946,0,0.319,-0.23,0.244,0.012,0.264,-0.34,0.298,0,0.267,-0.77,1,0
94996,20250430,-96.85,40.7,0.277,0.01,0.024,0.143,0.248,-0.93,1,0,0.244,-0.91,1,0,0.24,-0.6,0.952,0,0.319,-0.23,0.244,0.012,0.262,-0.35,0.363,0,0.265,-0.78,1,0
94996,20250501,-96.85,40.7,0.285,0.09,0.03,0.214,0.245,-0.92,1,0,0.243,-0.92,1,0,0.239,-0.61,0.952,0,0.318,-0.24,0.292,0.012,0.265,-0.31,0.244,0,0.266,-0.76,1,0
94996,20250502,-96.85,40.7,0.285,0.09,0.03,0.202,0.243,-0.91,1,0,0.241,-0.93,1,0,0.238,-0.62,0.964,0,0.319,-0.23,0.274,0.012,0.264,-0.31,0.238,0,0.265,-0.76,1,0
94996,20250503,-96.85,40.7,0.284,0.08,0.03,0.149,0.242,-0.89,1,0,0.239,-0.94,1,0,0.237,-0.63,0.982,0,0.318,-0.24,0.28,0.006,0.263,-0.31,0.232,0,0.264,-0.77,1,0
94996,20250504,-96.85,40.7,0.284,0.08,0.03,0.167,0.241,-0.87,1,0,0.238,-0.94,1,0,0.237,-0.64,0.988,0,0.318,-0.24,0.274,0,0.262,-0.31,0.232,0,0.263,-0.76,1,0
94996,20250505,-96.85,40.7,0.281,0.07,0.03,0.167,0.239,-0.85,1,0,0.236,-0.95,1,0,0.236,-0.65,0.988,0,0.316,-0.27,0.31,0,0.26,-0.31,0.256,0,0.262,-0.77,1,0
94996,20250506,-96.85,40.7,0.278,0.04,0.042,0.168,0.237,-0.85,1,0,0.234,-0.97,1,0,0.235,-0.66,1,0,0.314,-0.3,0.371,0,0.258,-0.33,0.311,0,0.26,-0.77,1,0
94996,20250507,-96.85,40.7,0.276,0.02,0.126,0.168,0.236,-0.84,1,0,0.232,-0.98,1,0,0.233,-0.68,1,0,0.311,-0.33,0.431,0,0.256,-0.33,0.317,0,0.258,-0.77,1,0
94996,20250508,-96.85,40.7,0.262,-0.1,0.257,0.096,0.235,-0.83,1,0,0.23,-1,1,0,0.232,-0.69,1,0,0.31,-0.33,0.419,0,0.249,-0.4,0.437,0,0.254,-0.8,1,0
94996,20250509,-96.85,40.7,0.247,-0.23,0.401,0.048,0.234,-0.83,1,0,0.227,-1.02,1,0,0.231,-0.71,1,0,0.309,-0.34,0.413,0,0.24,-0.47,0.581,0,0.25,-0.83,1,0
94996,20250510,-96.85,40.7,0.229,-0.38,0.545,0.018,0.231,-0.83,1,0,0.223,-1.05,1,0,0.228,-0.74,1,0,0.308,-0.35,0.461,0,0.23,-0.56,0.719,0,0.244,-0.88,1,0
94996,20250511,-96.85,40.7,0.212,-0.52,0.689,0,0.227,-0.85,1,0,0.219,-1.08,1,0,0.227,-0.76,1,0,0.305,-0.38,0.527,0,0.22,-0.65,0.862,0,0.238,-0.93,1,0
94996,20250512,-96.85,40.7,0.198,-0.64,0.832,0,0.223,-0.87,1,0,0.215,-1.11,1,0,0.224,-0.78,1,0,0.304,-0.4,0.605,0,0.211,-0.73,0.97,0,0.233,-0.97,1,0
94996,20250513,-96.85,40.7,0.186,-0.73,0.958,0,0.219,-0.89,1,0,0.21,-1.15,1,0,0.221,-0.8,1,0,0.302,-0.43,0.679,0,0.203,-0.79,1,0,0.228,-1.01,1,0
94996,20250514,-96.85,40.7,0.177,-0.8,1,0,0.214,-0.92,1,0,0.204,-1.18,1,0,0.218,-0.83,1,0,0.3,-0.46,0.738,0,0.195,-0.84,1,0,0.223,-1.04,1,0
94996,20250515,-96.85,40.7,0.169,-0.85,1,0,0.21,-0.94,1,0,0.199,-1.21,1,0,0.215,-0.85,1,0,0.296,-0.51,0.81,0,0.189,-0.87,1,0,0.218,-1.07,1,0
94996,20250516,-96.85,40.7,0.163,-0.88,1,0,0.205,-0.97,1,0,0.193,-1.25,1,0,0.211,-0.87,1,0,0.292,-0.57,0.911,0,0.184,-0.9,1,0,0.213,-1.11,1,0
94996,20250517,-96.85,40.7,0.159,-0.9,1,0,0.202,-0.98,1,0,0.188,-1.27,1,0,0.208,-0.89,1,0,0.287,-0.62,0.958,0,0.18,-0.91,1,0,0.209,-1.13,1,0
94996,20250518,-96.85,40.7,0.155,-0.92,1,0,0.198,-1,1,0,0.183,-1.3,1,0,0.203,-0.92,1,0,0.283,-0.66,0.982,0,0.177,-0.93,1,0,0.204,-1.16,1,0
94996,20250519,-96.85,40.7,0.163,-0.85,0.952,0.048,0.198,-0.99,0.994,0,0.179,-1.3,1,0,0.198,-0.94,1,0,0.278,-0.7,0.994,0,0.18,-0.89,0.952,0,0.203,-1.16,1,0
94996,20250520,-96.85,40.7,0.189,-0.65,0.81,0.143,0.212,-0.86,0.851,0,0.182,-1.26,1,0,0.193,-0.96,1,0,0.272,-0.74,1,0,0.2,-0.73,0.81,0.012,0.21,-1.09,1,0
94996,20250521,-96.85,40.7,0.213,-0.47,0.667,0.161,0.231,-0.69,0.708,0,0.19,-1.19,1,0,0.19,-0.97,1,0,0.267,-0.77,1,0,0.222,-0.56,0.667,0.012,0.218,-1,0.982,0
94996,20250522,-96.85,40.7,0.234,-0.32,0.527,0.162,0.248,-0.54,0.569,0,0.197,-1.12,1,0,0.187,-0.99,1,0,0.262,-0.8,1,0,0.241,-0.42,0.527,0.012,0.225,-0.92,0.982,0
94996,20250523,-96.85,40.7,0.252,-0.2,0.383,0.162,0.263,-0.4,0.425,0,0.203,-1.04,1,0,0.184,-1,1,0,0.256,-0.83,1,0,0.258,-0.29,0.383,0.012,0.232,-0.84,0.982,0
94996,20250524,-96.85,40.7,0.269,-0.08,0.24,0.162,0.279,-0.27,0.281,0,0.21,-0.97,1,0,0.182,-1.01,1,0,0.251,-0.85,1,0,0.274,-0.17,0.24,0.012,0.238,-0.77,0.982,0
94996,20250525,-96.85,40.7,0.285,0.03,0.096,0.162,0.293,-0.14,0.138,0,0.216,-0.9,1,0,0.18,-1.01,1,0,0.246,-0.87,1,0,0.289,-0.06,0.096,0.012,0.244,-0.69,0.982,0
94996,20250526,-96.85,40.7,0.299,0.13,0,0.114,0.306,-0.04,0,0,0.222,-0.83,1,0,0.18,-1.01,1,0,0.244,-0.88,1,0,0.302,0.04,0,0.012,0.25,-0.61,0.976,0
94996,20250527,-96.85,40.7,0.297,0.12,0,0.114,0.305,-0.04,0,0,0.222,-0.8,1,0,0.18,-1,1,0,0.242,-0.89,1,0,0.301,0.02,0,0,0.249,-0.6,0.964,0
94996,20250528,-96.85,40.7,0.298,0.12,0,0.18,0.303,-0.06,0,0,0.221,-0.79,1,0,0.178,-1,1,0,0.24,-0.91,1,0,0.3,0.01,0,0,0.248,-0.6,0.904,0
94996,20250529,-96.85,40.7,0.299,0.14,0,0.179,0.302,-0.06,0,0,0.221,-0.76,1,0,0.177,-0.98,1,0,0.238,-0.92,1,0,0.301,0.02,0,0,0.248,-0.58,0.869,0
94996,20250530,-96.85,40.7,0.302,0.16,0,0.179,0.303,-0.05,0,0,0.223,-0.74,1,0,0.177,-0.96,1,0,0.238,-0.92,1,0,0.302,0.03,0,0,0.248,-0.56,0.845,0
94996,20250531,-96.85,40.7,0.302,0.16,0,0.179,0.302,-0.05,0,0,0.224,-0.71,1,0,0.176,-0.94,1,0,0.238,-0.92,1,0,0.302,0.03,0,0,0.248,-0.55,0.845,0
94996,20250601,-96.85,40.7,0.3,0.15,0,0.179,0.302,-0.05,0,0,0.224,-0.69,1,0,0.177,-0.91,1,0,0.238,-0.92,1,0,0.301,0.02,0,0,0.248,-0.54,0.845,0
94996,20250602,-96.85,40.7,0.286,0.06,0.077,0.179,0.299,-0.07,0,0,0.224,-0.68,1,0,0.176,-0.89,1,0,0.238,-0.92,1,0,0.293,-0.03,0,0,0.245,-0.56,0.851,0
94996,20250603,-96.85,40.7,0.271,-0.05,0.179,0.083,0.294,-0.1,0,0,0.223,-0.67,1,0,0.176,-0.86,1,0,0.238,-0.91,1,0,0.283,-0.1,0.042,0,0.24,-0.58,0.863,0
94996,20250604,-96.85,40.7,0.275,-0.03,0.179,0.089,0.29,-0.14,0,0,0.22,-0.68,1,0,0.178,-0.83,1,0,0.24,-0.88,1,0,0.282,-0.11,0.042,0,0.24,-0.58,0.821,0
94996,20250605,-96.85,40.7,0.276,-0.03,0.179,0.089,0.288,-0.15,0,0,0.217,-0.69,1,0,0.179,-0.81,1,0,0.242,-0.86,1,0,0.282,-0.11,0.042,0,0.241,-0.57,0.774,0
94996,20250606,-96.85,40.7,0.278,-0.02,0.179,0.089,0.287,-0.15,0,0,0.214,-0.71,1,0,0.181,-0.79,1,0,0.244,-0.83,1,0,0.283,-0.11,0.042,0,0.241,-0.57,0.738,0
94996,20250607,-96.85,40.7,0.282,0,0.179,0.089,0.287,-0.16,0,0,0.212,-0.72,1,0,0.182,-0.78,0.994,0,0.246,-0.81,1,0,0.284,-0.1,0.042,0,0.242,-0.56,0.726,0
94996,20250608,-96.85,40.7,0.294,0.09,0.179,0.131,0.29,-0.13,0,0,0.211,-0.72,1,0,0.182,-0.76,0.994,0,0.247,-0.79,1,0,0.292,-0.04,0.042,0,0.245,-0.53,0.667,0
94996,20250609,-96.85,40.7,0.307,0.18,0.101,0.131,0.295,-0.1,0,0,0.21,-0.73,1,0,0.182,-0.75,0.994,0,0.246,-0.79,1,0,0.301,0.02,0.042,0,0.248,-0.5,0.655,0
94996,20250610,-96.85,40.7,0.314,0.23,0,0.131,0.3,-0.06,0,0,0.21,-0.73,1,0,0.181,-0.75,0.994,0,0.244,-0.8,1,0,0.307,0.06,0,0,0.25,-0.48,0.655,0
94996,20250611,-96.85,40.7,0.299,0.14,0,0.042,0.298,-0.07,0,0,0.208,-0.73,1,0,0.178,-0.75,0.994,0,0.241,-0.82,1,0,0.299,0.01,0,0,0.245,-0.51,0.774,0
94996,20250612,-96.85,40.7,0.284,0.05,0.024,0.042,0.291,-0.11,0,0,0.205,-0.75,1,0,0.176,-0.75,0.994,0,0.239,-0.83,1,0,0.287,-0.06,0.065,0,0.239,-0.55,0.857,0
94996,20250613,-96.85,40.7,0.268,-0.04,0.167,0.042,0.281,-0.17,0.131,0,0.2,-0.76,1,0,0.174,-0.76,0.994,0,0.236,-0.85,1,0,0.274,-0.13,0.208,0,0.232,-0.59,0.917,0
94996,20250614,-96.85,40.7,0.252,-0.13,0.31,0.042,0.271,-0.23,0.274,0,0.196,-0.78,1,0,0.173,-0.76,1,0,0.233,-0.87,1,0,0.261,-0.21,0.351,0,0.225,-0.64,0.929,0
94996,20250615,-96.85,40.7,0.23,-0.27,0.452,0,0.256,-0.33,0.417,0,0.191,-0.8,1,0,0.171,-0.77,1,0,0.231,-0.89,1,0,0.243,-0.32,0.494,0,0.216,-0.71,0.988,0
94996,20250616,-96.85,40.7,0.209,-0.38,0.595,0,0.241,-0.42,0.56,0,0.185,-0.82,1,0,0.17,-0.77,1,0,0.229,-0.9,1,0,0.225,-0.43,0.637,0,0.207,-0.78,1,0
94996,20250617,-96.85,40.7,0.195,-0.45,0.708,0,0.227,-0.51,0.702,0,0.18,-0.84,1,0,0.169,-0.78,1,0,0.228,-0.91,1,0,0.211,-0.5,0.756,0,0.2,-0.83,1,0
94996,20250618,-96.85,40.7,0.195,-0.44,0.708,0,0.214,-0.59,0.845,0,0.175,-0.86,1,0,0.168,-0.78,1,0,0.227,-0.93,1,0,0.204,-0.53,0.851,0,0.196,-0.85,1,0
94996,20250619,-96.85,40.7,0.207,-0.34,0.685,0.071,0.204,-0.64,0.988,0,0.172,-0.87,1,0,0.168,-0.78,1,0,0.226,-0.95,1,0,0.205,-0.5,0.798,0,0.195,-0.85,1,0
94996,20250620,-96.85,40.7,0.214,-0.27,0.542,0.071,0.197,-0.67,1,0,0.169,-0.87,1,0,0.167,-0.78,1,0,0.225,-0.97,1,0,0.206,-0.47,0.655,0,0.194,-0.85,1,0
94996,20250621,-96.85,40.7,0.216,-0.24,0.423,0.071,0.192,-0.7,1,0,0.167,-0.88,1,0,0.165,-0.79,1,0,0.224,-0.99,1,0,0.204,-0.47,0.655,0,0.193,-0.85,1,0
94996,20250622,-96.85,40.7,0.215,-0.23,0.423,0.071,0.188,-0.71,1,0,0.164,-0.89,1,0,0.164,-0.79,1,0,0.222,-1.02,1,0,0.201,-0.47,0.655,0,0.191,-0.85,1,0
94996,20250623,-96.85,40.7,0.213,-0.23,0.423,0.071,0.185,-0.72,1,0,0.161,-0.9,1,0,0.162,-0.79,1,0,0.22,-1.03,1,0,0.199,-0.47,0.655,0,0.188,-0.86,1,0
94996,20250624,-96.85,40.7,0.209,-0.25,0.452,0.071,0.184,-0.73,1,0,0.159,-0.92,1,0,0.161,-0.79,1,0,0.22,-1.04,1,0,0.196,-0.48,0.679,0,0.187,-0.86,1,0
94996,20250625,-96.85,40.7,0.2,-0.31,0.56,0.071,0.183,-0.73,1,0,0.158,-0.93,1,0,0.16,-0.79,1,0,0.221,-1.04,1,0,0.191,-0.51,0.702,0,0.184,-0.88,1,0
94996,20250626,-96.85,40.7,0.191,-0.37,0.56,0,0.182,-0.74,1,0,0.156,-0.96,1,0,0.158,-0.8,1,0,0.219,-1.05,1,0,0.186,-0.54,0.786,0,0.181,-0.9,1,0
94996,20250627,-96.85,40.7,0.184,-0.42,0.631,0,0.181,-0.76,1,0,0.154,-0.98,1,0,0.157,-0.8,1,0,0.219,-1.06,1,0,0.182,-0.58,0.929,0,0.179,-0.92,1,0
94996,20250628,-96.85,40.7,0.18,-0.45,0.75,0,0.18,-0.77,1,0,0.152,-1,1,0,0.155,-0.8,1,0,0.218,-1.07,1,0,0.18,-0.6,0.929,0,0.177,-0.94,1,0
94996,20250629,-96.85,40.7,0.178,-0.47,0.75,0,0.179,-0.79,1,0,0.151,-1.03,1,0,0.153,-0.81,1,0,0.217,-1.09,1,0,0.178,-0.62,0.929,0,0.176,-0.96,1,0
94996,20250630,-96.85,40.7,0.179,-0.47,0.75,0,0.178,-0.8,1,0,0.151,-1.04,1,0,0.153,-0.81,1,0,0.217,-1.09,1,0,0.179,-0.62,0.929,0,0.175,-0.97,1,0
94996,20250701,-96.85,40.7,0.179,-0.47,0.75,0,0.178,-0.81,1,0,0.15,-1.05,1,0,0.151,-0.81,1,0,0.215,-1.12,1,0,0.178,-0.63,0.929,0,0.175,-0.98,1,0
94996,20250702,-96.85,40.7,0.174,-0.51,0.786,0,0.176,-0.82,1,0,0.149,-1.06,1,0,0.15,-0.81,1,0,0.212,-1.15,1,0,0.175,-0.65,0.952,0,0.172,-1.01,1,0
94996,20250703,-96.85,40.7,0.164,-0.58,0.929,0,0.175,-0.83,1,0,0.148,-1.07,1,0,0.15,-0.81,1,0,0.211,-1.16,1,0,0.169,-0.7,1,0,0.169,-1.04,1,0
94996,20250704,-96.85,40.7,0.156,-0.62,1,0,0.174,-0.84,1,0,0.147,-1.08,1,0,0.149,-0.81,1,0,0.209,-1.19,1,0,0.165,-0.73,1,0,0.167,-1.07,1,0
94996,20250705,-96.85,40.7,0.154,-0.64,0.988,0.006,0.173,-0.84,1,0,0.146,-1.09,1,0,0.148,-0.8,1,0,0.208,-1.2,1,0,0.163,-0.74,0.994,0,0.166,-1.09,1,0
94996,20250706,-96.85,40.7,0.171,-0.5,0.845,0.036,0.172,-0.84,1,0,0.145,-1.09,1,0,0.148,-0.8,1,0,0.207,-1.21,1,0,0.172,-0.66,0.851,0,0.169,-1.07,1,0
94996,20250707,-96.85,40.7,0.18,-0.41,0.702,0.036,0.171,-0.83,1,0,0.144,-1.09,1,0,0.147,-0.8,1,0,0.206,-1.21,1,0,0.176,-0.61,0.833,0,0.17,-1.06,1,0
94996,20250708,-96.85,40.7,0.192,-0.31,0.595,0.071,0.174,-0.8,0.97,0,0.145,-1.08,1,0,0.147,-0.79,1,0,0.205,-1.21,1,0,0.183,-0.55,0.792,0.024,0.173,-1.03,1,0
94996,20250709,-96.85,40.7,0.214,-0.13,0.452,0.185,0.187,-0.68,0.827,0,0.148,-1.04,1,0,0.147,-0.79,1,0,0.205,-1.2,1,0,0.2,-0.39,0.649,0.03,0.18,-0.95,1,0
94996,20250710,-96.85,40.7,0.229,0,0.31,0.214,0.197,-0.57,0.685,0,0.151,-1.01,1,0,0.147,-0.79,1,0,0.205,-1.18,1,0,0.213,-0.27,0.506,0.042,0.186,-0.88,1,0
94996,20250711,-96.85,40.7,0.251,0.18,0.168,0.353,0.208,-0.47,0.545,0,0.154,-0.98,1,0,0.147,-0.79,1,0,0.206,-1.14,1,0,0.229,-0.13,0.365,0.042,0.193,-0.8,1,0
94996,20250712,-96.85,40.7,0.272,0.36,0.036,0.491,0.218,-0.36,0.401,0,0.157,-0.94,1,0,0.148,-0.79,1,0,0.207,-1.11,1,0,0.245,0.01,0.228,0.048,0.2,-0.72,1,0
94996,20250713,-96.85,40.7,0.27,0.36,0.036,0.479,0.225,-0.29,0.257,0,0.159,-0.91,1,0,0.147,-0.79,1,0,0.207,-1.08,1,0,0.247,0.05,0.228,0.048,0.202,-0.7,1,0
94996,20250714,-96.85,40.7,0.271,0.38,0.036,0.479,0.23,-0.22,0.198,0,0.161,-0.89,1,0,0.147,-0.8,1,0,0.207,-1.05,1,0,0.251,0.09,0.102,0.048,0.203,-0.68,1,0
94996,20250715,-96.85,40.7,0.266,0.36,0,0.443,0.231,-0.19,0.222,0,0.161,-0.88,1,0,0.147,-0.81,1,0,0.207,-1.03,1,0,0.248,0.08,0,0.024,0.202,-0.7,1,0
94996,20250716,-96.85,40.7,0.255,0.29,0.018,0.365,0.221,-0.25,0.359,0,0.158,-0.89,1,0,0.147,-0.82,1,0,0.207,-1,1,0,0.238,0.01,0.108,0.048,0.197,-0.76,1,0
94996,20250717,-96.85,40.7,0.262,0.35,0.018,0.479,0.216,-0.27,0.359,0,0.156,-0.9,1,0,0.147,-0.83,1,0,0.207,-0.98,1,0,0.239,0.04,0.108,0.066,0.197,-0.76,1,0
94996,20250718,-96.85,40.7,0.259,0.34,0.018,0.464,0.21,-0.29,0.357,0,0.154,-0.91,1,0,0.146,-0.84,1,0,0.206,-0.98,1,0,0.235,0.03,0.107,0.065,0.195,-0.79,1,0
94996,20250719,-96.85,40.7,0.254,0.3,0.018,0.321,0.206,-0.3,0.393,0,0.152,-0.92,1,0,0.146,-0.85,1,0,0.206,-0.98,1,0,0.23,0.01,0.107,0.06,0.193,-0.82,1,0
94996,20250720,-96.85,40.7,0.251,0.29,0.018,0.304,0.203,-0.3,0.429,0,0.152,-0.93,1,0,0.147,-0.86,1,0,0.208,-0.95,1,0,0.227,0,0.107,0.06,0.192,-0.83,1,0
94996,20250721,-96.85,40.7,0.249,0.28,0.018,0.304,0.201,-0.3,0.452,0,0.151,-0.94,1,0,0.147,-0.87,1,0,0.208,-0.95,1,0,0.225,-0.01,0.107,0.06,0.191,-0.85,1,0
94996,20250722,-96.85,40.7,0.249,0.3,0.018,0.304,0.202,-0.28,0.381,0,0.151,-0.95,1,0,0.148,-0.87,1,0,0.211,-0.93,1,0,0.225,0.01,0.107,0.06,0.192,-0.85,1,0
94996,20250723,-96.85,40.7,0.245,0.28,0,0.268,0.203,-0.26,0.321,0,0.152,-0.95,1,0,0.149,-0.88,1,0,0.213,-0.91,1,0,0.224,0.01,0,0.03,0.192,-0.85,1,0
94996,20250724,-96.85,40.7,0.232,0.19,0,0.167,0.201,-0.27,0.399,0,0.152,-0.96,1,0,0.15,-0.88,1,0,0.215,-0.88,1,0,0.217,-0.05,0.03,0.042,0.19,-0.89,0.964,0
94996,20250725,-96.85,40.7,0.239,0.28,0,0.185,0.2,-0.26,0.417,0,0.154,-0.95,1,0,0.152,-0.87,1,0,0.22,-0.83,1,0,0.22,0,0.03,0.167,0.193,-0.84,0.917,0
94996,20250726,-96.85,40.7,0.248,0.39,0,0.327,0.2,-0.25,0.399,0,0.155,-0.94,1,0,0.155,-0.85,1,0,0.223,-0.79,1,0,0.224,0.07,0.03,0.304,0.196,-0.79,0.887,0
94996,20250727,-96.85,40.7,0.257,0.51,0,0.47,0.201,-0.24,0.363,0,0.155,-0.93,1,0,0.156,-0.84,1,0,0.225,-0.79,1,0,0.229,0.14,0.03,0.446,0.199,-0.75,0.887,0
94996,20250728,-96.85,40.7,0.265,0.6,0,0.611,0.202,-0.22,0.257,0,0.156,-0.9,1,0,0.158,-0.82,1,0,0.228,-0.75,1,0,0.233,0.2,0.03,0.461,0.202,-0.71,0.886,0
94996,20250729,-96.85,40.7,0.269,0.66,0,0.653,0.203,-0.2,0.198,0,0.157,-0.88,1,0,0.159,-0.79,1,0,0.23,-0.73,1,0,0.236,0.24,0.03,0.461,0.204,-0.67,0.886,0
94996,20250730,-96.85,40.7,0.276,0.74,0,0.689,0.203,-0.18,0.12,0,0.158,-0.84,1,0,0.162,-0.75,1,0,0.232,-0.7,1,0,0.24,0.29,0.03,0.497,0.206,-0.63,0.856,0
94996,20250731,-96.85,40.7,0.292,0.9,0,0.79,0.204,-0.17,0.042,0,0.159,-0.81,1,0,0.164,-0.72,1,0,0.233,-0.7,1,0,0.248,0.39,0,0.599,0.21,-0.55,0.754,0
94996,20250801,-96.85,40.7,0.291,0.91,0,0.79,0.203,-0.17,0.03,0,0.159,-0.8,1,0,0.164,-0.7,1,0,0.232,-0.72,1,0,0.247,0.4,0,0.617,0.21,-0.55,0.731,0
94996,20250802,-96.85,40.7,0.286,0.89,0,0.79,0.202,-0.17,0.036,0,0.158,-0.79,1,0,0.163,-0.69,1,0,0.232,-0.75,1,0,0.244,0.39,0,0.545,0.208,-0.57,0.749,0
94996,20250803,-96.85,40.7,0.281,0.84,0,0.79,0.2,-0.19,0.114,0,0.157,-0.78,1,0,0.162,-0.68,1,0,0.231,-0.76,1,0,0.241,0.36,0,0.401,0.206,-0.6,0.749,0
94996,20250804,-96.85,40.7,0.28,0.83,0,0.792,0.198,-0.2,0.22,0,0.156,-0.78,1,0,0.161,-0.67,1,0,0.23,-0.79,1,0,0.239,0.34,0,0.387,0.205,-0.62,0.75,0
94996,20250805,-96.85,40.7,0.283,0.87,0,0.893,0.197,-0.22,0.321,0,0.155,-0.78,1,0,0.159,-0.68,1,0,0.227,-0.83,1,0,0.24,0.35,0,0.387,0.204,-0.63,0.75,0
94996,20250806,-96.85,40.7,0.282,0.86,0,0.905,0.196,-0.24,0.452,0,0.153,-0.78,1,0,0.157,-0.69,1,0,0.225,-0.87,1,0,0.239,0.34,0,0.351,0.202,-0.66,0.78,0
94996,20250807,-96.85,40.7,0.27,0.75,0,0.893,0.194,-0.26,0.577,0,0.152,-0.78,1,0,0.154,-0.7,1,0,0.223,-0.89,1,0,0.232,0.27,0,0.208,0.199,-0.72,0.917,0
94996,20250808,-96.85,40.7,0.257,0.62,0,0.756,0.193,-0.27,0.679,0,0.152,-0.77,1,0,0.153,-0.71,1,0,0.223,-0.89,1,0,0.225,0.19,0,0.065,0.196,-0.77,0.988,0
94996,20250809,-96.85,40.7,0.244,0.49,0,0.613,0.193,-0.28,0.768,0,0.152,-0.76,1,0,0.153,-0.7,1,0,0.224,-0.87,1,0,0.218,0.11,0,0,0.193,-0.81,1,0
94996,20250810,-96.85,40.7,0.239,0.44,0,0.5,0.196,-0.26,0.786,0.024,0.153,-0.75,1,0,0.154,-0.69,1,0,0.225,-0.86,1,0,0.217,0.1,0,0.03,0.193,-0.81,0.97,0
94996,20250811,-96.85,40.7,0.25,0.55,0,0.5,0.209,-0.1,0.679,0.167,0.153,-0.73,1,0,0.156,-0.68,1,0,0.226,-0.84,1,0,0.229,0.25,0,0.173,0.199,-0.7,0.827,0
94996,20250812,-96.85,40.7,0.258,0.64,0,0.5,0.221,0.05,0.571,0.31,0.154,-0.72,1,0,0.157,-0.67,1,0,0.226,-0.83,1,0,0.24,0.38,0,0.315,0.203,-0.62,0.685,0
94996,20250813,-96.85,40.7,0.266,0.71,0,0.595,0.232,0.18,0.44,0.452,0.154,-0.71,1,0,0.158,-0.67,1,0,0.227,-0.82,1,0,0.249,0.5,0,0.458,0.207,-0.53,0.542,0
94996,20250814,-96.85,40.7,0.268,0.73,0,0.607,0.241,0.29,0.315,0.548,0.155,-0.7,1,0,0.158,-0.66,1,0,0.227,-0.8,1,0,0.255,0.57,0,0.601,0.21,-0.47,0.405,0
94996,20250815,-96.85,40.7,0.272,0.77,0,0.72,0.248,0.38,0.208,0.548,0.155,-0.7,1,0,0.159,-0.66,1,0,0.227,-0.8,1,0,0.26,0.64,0,0.708,0.212,-0.42,0.339,0
94996,20250816,-96.85,40.7,0.277,0.82,0,0.72,0.252,0.43,0.095,0.548,0.156,-0.69,1,0,0.159,-0.65,1,0,0.227,-0.8,1,0,0.265,0.7,0,0.708,0.214,-0.36,0.31,0
94996,20250817,-96.85,40.7,0.274,0.79,0,0.69,0.254,0.46,0,0.524,0.157,-0.68,1,0,0.16,-0.64,1,0,0.228,-0.78,1,0,0.264,0.7,0,0.679,0.215,-0.34,0.333,0
94996,20250818,-96.85,40.7,0.254,0.6,0,0.554,0.243,0.32,0.006,0.381,0.157,-0.68,1,0,0.16,-0.65,1,0,0.229,-0.77,1,0,0.249,0.52,0,0.536,0.208,-0.43,0.476,0
94996,20250819,-96.85,40.7,0.246,0.51,0,0.488,0.233,0.2,0.03,0.238,0.157,-0.67,1,0,0.162,-0.65,1,0,0.231,-0.73,1,0,0.239,0.41,0,0.393,0.206,-0.47,0.56,0
94996,20250820,-96.85,40.7,0.235,0.41,0,0.345,0.224,0.1,0.048,0.095,0.157,-0.67,1,0,0.163,-0.65,1,0,0.232,-0.7,1,0,0.23,0.29,0,0.25,0.202,-0.52,0.702,0
94996,20250821,-96.85,40.7,0.226,0.31,0,0.202,0.216,0.01,0.107,0,0.157,-0.67,1,0,0.164,-0.66,1,0,0.233,-0.68,1,0,0.221,0.19,0,0.107,0.199,-0.56,0.839,0
94996,20250822,-96.85,40.7,0.216,0.22,0,0.083,0.209,-0.07,0.185,0,0.156,-0.67,1,0,0.165,-0.68,1,0,0.233,-0.66,1,0,0.213,0.1,0.006,0,0.196,-0.6,0.905,0
94996,20250823,-96.85,40.7,0.213,0.2,0,0.143,0.205,-0.12,0.292,0,0.155,-0.68,1,0,0.165,-0.71,1,0,0.233,-0.64,0.994,0,0.209,0.06,0.036,0,0.194,-0.62,0.911,0
94996,20250824,-96.85,40.7,0.217,0.23,0,0.173,0.2,-0.16,0.429,0,0.154,-0.69,1,0,0.163,-0.75,1,0,0.231,-0.63,0.988,0,0.208,0.06,0.036,0,0.193,-0.63,0.917,0
94996,20250825,-96.85,40.7,0.219,0.25,0,0.167,0.196,-0.19,0.565,0,0.153,-0.69,1,0,0.162,-0.77,1,0,0.23,-0.62,0.988,0,0.208,0.06,0.036,0,0.192,-0.64,0.917,0
94996,20250826,-96.85,40.7,0.211,0.18,0,0.089,0.193,-0.22,0.679,0,0.152,-0.69,1,0,0.16,-0.8,1,0,0.229,-0.61,0.982,0,0.202,0.01,0.036,0,0.189,-0.68,0.976,0
94996,20250827,-96.85,40.7,0.205,0.13,0,0.089,0.19,-0.24,0.804,0,0.15,-0.7,1,0,0.158,-0.83,1,0,0.227,-0.6,0.982,0,0.198,-0.03,0.036,0,0.186,-0.71,0.976,0
94996,20250828,-96.85,40.7,0.2,0.09,0,0.089,0.188,-0.26,0.887,0,0.149,-0.71,1,0,0.156,-0.85,1,0,0.225,-0.6,0.982,0,0.194,-0.07,0.137,0,0.184,-0.74,0.976,0
94996,20250829,-96.85,40.7,0.196,0.07,0,0.089,0.185,-0.28,0.952,0,0.148,-0.72,1,0,0.155,-0.87,1,0,0.224,-0.59,0.982,0,0.191,-0.09,0.244,0,0.182,-0.77,0.976,0
94996,20250830,-96.85,40.7,0.188,0,0.06,0.03,0.184,-0.29,0.976,0,0.148,-0.72,1,0,0.154,-0.88,1,0,0.223,-0.59,0.982,0,0.186,-0.14,0.345,0,0.179,-0.8,1,0
94996,20250831,-96.85,40.7,0.178,-0.09,0.095,0,0.182,-0.29,0.976,0,0.147,-0.73,1,0,0.154,-0.89,1,0,0.222,-0.59,0.988,0,0.18,-0.19,0.417,0,0.176,-0.84,1,0
94996,20250901,-96.85,40.7,0.177,-0.09,0.095,0.018,0.184,-0.27,0.958,0.012,0.149,-0.72,0.988,0,0.154,-0.89,1,0,0.222,-0.57,0.958,0,0.181,-0.18,0.417,0.018,0.177,-0.83,0.982,0.012
94996,20250902,-96.85,40.7,0.201,0.12,0.095,0.161,0.212,-0.02,0.821,0.155,0.173,-0.51,0.845,0.113,0.165,-0.79,0.869,0,0.22,-0.58,0.964,0,0.207,0.05,0.417,0.161,0.194,-0.61,0.839,0.155
94996,20250903,-96.85,40.7,0.222,0.32,0.095,0.304,0.238,0.22,0.679,0.298,0.198,-0.3,0.702,0.256,0.178,-0.65,0.726,0,0.217,-0.59,0.964,0,0.23,0.27,0.417,0.304,0.211,-0.39,0.696,0.298
94996,20250904,-96.85,40.7,0.243,0.52,0.095,0.446,0.263,0.44,0.536,0.44,0.221,-0.1,0.56,0.399,0.192,-0.52,0.583,0,0.215,-0.61,0.964,0,0.253,0.48,0.315,0.446,0.227,-0.17,0.554,0.44
94996,20250905,-96.85,40.7,0.263,0.7,0.095,0.589,0.286,0.65,0.393,0.583,0.242,0.09,0.417,0.542,0.203,-0.41,0.44,0,0.212,-0.62,0.964,0,0.275,0.68,0.202,0.589,0.241,0.02,0.411,0.583
94996,20250906,-96.85,40.7,0.283,0.88,0.036,0.731,0.308,0.86,0.263,0.725,0.263,0.28,0.275,0.683,0.215,-0.29,0.299,0,0.21,-0.64,0.97,0,0.295,0.88,0.072,0.731,0.256,0.21,0.269,0.701
94996,20250907,-96.85,40.7,0.299,1.03,0,0.874,0.33,1.07,0.126,0.868,0.284,0.47,0.132,0.826,0.227,-0.17,0.156,0,0.209,-0.64,0.97,0,0.315,1.06,0,0.874,0.27,0.4,0.126,0.784
94996,20250908,-96.85,40.7,0.308,1.11,0,1,0.349,1.24,0,1,0.301,0.64,0,0.97,0.238,-0.06,0.012,0,0.206,-0.66,1,0,0.329,1.19,0,1,0.281,0.55,0,0.844
94996,20250909,-96.85,40.7,0.294,0.98,0,1,0.34,1.17,0,1,0.294,0.59,0,1,0.237,-0.06,0,0,0.205,-0.66,1,0,0.317,1.09,0,1,0.274,0.47,0,0.707
94996,20250910,-96.85,40.7,0.287,0.91,0,1,0.333,1.13,0,1,0.288,0.55,0,0.988,0.235,-0.08,0,0,0.205,-0.65,1,0,0.31,1.03,0,1,0.27,0.41,0,0.623
94996,20250911,-96.85,40.7,0.279,0.84,0,1,0.327,1.08,0,1,0.281,0.51,0,0.904,0.232,-0.11,0,0,0.205,-0.64,1,0,0.303,0.97,0,1,0.265,0.35,0,0.491
94996,20250912,-96.85,40.7,0.273,0.78,0,0.958,0.323,1.05,0,1,0.278,0.49,0,0.856,0.231,-0.12,0,0,0.206,-0.62,1,0,0.298,0.92,0,1,0.262,0.32,0,0.365
94996,20250913,-96.85,40.7,0.266,0.72,0,0.839,0.318,1.01,0,0.994,0.274,0.47,0,0.81,0.23,-0.13,0,0,0.207,-0.59,1,0,0.292,0.86,0,0.976,0.259,0.28,0,0.25
94996,20250914,-96.85,40.7,0.259,0.64,0,0.696,0.312,0.96,0,0.994,0.269,0.42,0,0.679,0.228,-0.15,0,0,0.207,-0.58,1,0,0.286,0.8,0,0.851,0.255,0.23,0,0.167
94996,20250915,-96.85,40.7,0.252,0.58,0,0.554,0.304,0.89,0,0.911,0.263,0.37,0,0.536,0.225,-0.18,0,0,0.207,-0.57,1,0,0.278,0.72,0,0.708,0.25,0.17,0,0.095
94996,20250916,-96.85,40.7,0.245,0.52,0,0.411,0.297,0.83,0,0.863,0.26,0.33,0,0.393,0.225,-0.18,0,0,0.21,-0.54,1,0,0.271,0.66,0,0.571,0.247,0.13,0,0.089
94996,20250917,-96.85,40.7,0.236,0.44,0,0.268,0.288,0.75,0,0.738,0.254,0.28,0,0.262,0.223,-0.19,0,0,0.211,-0.51,1,0,0.262,0.57,0,0.429,0.242,0.07,0,0.03
94996,20250918,-96.85,40.7,0.228,0.37,0,0.125,0.277,0.66,0,0.595,0.248,0.22,0,0.202,0.22,-0.21,0,0,0.212,-0.49,1,0,0.252,0.49,0,0.286,0.237,0,0,0.018
94996,20250919,-96.85,40.7,0.22,0.3,0,0.024,0.265,0.56,0,0.452,0.24,0.13,0,0.107,0.216,-0.25,0,0,0.211,-0.49,1,0,0.243,0.41,0,0.143,0.23,-0.08,0.006,0
94996,20250920,-96.85,40.7,0.22,0.31,0,0.054,0.255,0.47,0,0.315,0.232,0.06,0,0.012,0.213,-0.28,0,0,0.21,-0.5,1,0,0.237,0.38,0,0.071,0.226,-0.13,0.042,0
94996,20250921,-96.85,40.7,0.232,0.45,0,0.196,0.247,0.4,0,0.173,0.226,-0.01,0,0,0.209,-0.3,0,0,0.209,-0.5,1,0,0.239,0.42,0,0.196,0.225,-0.14,0.042,0.006
94996,20250922,-96.85,40.7,0.243,0.56,0,0.339,0.24,0.35,0,0.113,0.221,-0.06,0,0,0.207,-0.32,0,0,0.209,-0.51,1,0,0.242,0.47,0,0.339,0.224,-0.14,0.042,0.006
94996,20250923,-96.85,40.7,0.252,0.65,0,0.482,0.234,0.3,0,0.018,0.215,-0.12,0,0,0.203,-0.36,0,0,0.207,-0.53,1,0,0.243,0.5,0,0.476,0.222,-0.16,0.042,0.006
94996,20250924,-96.85,40.7,0.265,0.78,0,0.625,0.23,0.27,0,0,0.21,-0.17,0,0,0.2,-0.39,0,0,0.206,-0.55,1,0,0.247,0.55,0,0.619,0.222,-0.16,0.042,0.006
94996,20250925,-96.85,40.7,0.277,0.9,0,0.768,0.228,0.26,0,0,0.208,-0.2,0,0,0.198,-0.41,0,0,0.205,-0.56,1,0,0.252,0.62,0,0.762,0.223,-0.14,0.042,0.006
94996,20250926,-96.85,40.7,0.287,0.99,0,0.911,0.226,0.25,0,0,0.205,-0.23,0.071,0,0.197,-0.42,0,0,0.205,-0.57,1,0,0.257,0.66,0,0.804,0.224,-0.12,0.036,0.006
94996,20250927,-96.85,40.7,0.289,1,0,1,0.224,0.23,0,0,0.202,-0.26,0.208,0,0.195,-0.45,0.006,0,0.205,-0.59,1,0,0.256,0.66,0,0.756,0.223,-0.13,0,0.006
94996,20250928,-96.85,40.7,0.277,0.88,0,0.899,0.222,0.21,0,0,0.199,-0.28,0.351,0,0.193,-0.46,0.006,0,0.204,-0.6,1,0,0.25,0.58,0,0.613,0.219,-0.17,0.065,0
94996,20250929,-96.85,40.7,0.268,0.78,0,0.756,0.219,0.18,0,0,0.197,-0.31,0.494,0,0.191,-0.48,0.113,0,0.204,-0.6,1,0,0.243,0.51,0,0.47,0.216,-0.21,0.208,0
94996,20250930,-96.85,40.7,0.258,0.7,0,0.613,0.216,0.16,0,0,0.194,-0.33,0.637,0,0.189,-0.5,0.202,0,0.204,-0.6,1,0,0.237,0.44,0,0.327,0.212,-0.25,0.351,0
94996,20251001,-96.85,40.7,0.245,0.57,0,0.47,0.213,0.12,0,0,0.191,-0.35,0.78,0,0.187,-0.51,0.244,0,0.204,-0.6,1,0,0.229,0.35,0,0.185,0.208,-0.3,0.494,0
94996,20251002,-96.85,40.7,0.232,0.45,0,0.327,0.209,0.08,0,0,0.188,-0.37,0.923,0,0.185,-0.53,0.375,0,0.203,-0.6,1,0,0.221,0.26,0,0.042,0.204,-0.35,0.637,0
94996,20251003,-96.85,40.7,0.221,0.34,0,0.185,0.205,0.04,0,0,0.185,-0.38,0.994,0,0.183,-0.54,0.494,0,0.203,-0.6,1,0,0.213,0.18,0,0,0.2,-0.39,0.78,0
94996,20251004,-96.85,40.7,0.21,0.24,0,0.042,0.201,0,0,0,0.182,-0.39,1,0,0.181,-0.55,0.625,0,0.203,-0.6,1,0,0.206,0.1,0,0,0.196,-0.43,0.923,0
94996,20251005,-96.85,40.7,0.201,0.15,0,0,0.197,-0.04,0.095,0,0.179,-0.4,1,0,0.179,-0.56,0.768,0,0.203,-0.6,1,0,0.199,0.03,0,0,0.192,-0.46,1,0
94996,20251006,-96.85,40.7,0.197,0.11,0,0.03,0.194,-0.07,0.173,0,0.176,-0.4,1,0,0.178,-0.56,0.75,0,0.204,-0.59,1,0,0.195,0,0,0.012,0.19,-0.48,0.976,0
94996,20251007,-96.85,40.7,0.216,0.27,0,0.173,0.193,-0.07,0.173,0,0.174,-0.4,1,0,0.177,-0.56,0.732,0,0.205,-0.57,1,0,0.205,0.1,0,0.155,0.193,-0.43,0.833,0
94996,20251008,-96.85,40.7,0.233,0.4,0,0.315,0.192,-0.08,0.173,0,0.172,-0.4,1,0,0.175,-0.58,0.81,0,0.206,-0.57,1,0,0.212,0.18,0,0.298,0.195,-0.39,0.69,0
94996,20251009,-96.85,40.7,0.247,0.51,0,0.458,0.191,-0.08,0.173,0,0.169,-0.4,1,0,0.172,-0.59,0.821,0,0.206,-0.57,1,0,0.219,0.25,0,0.381,0.197,-0.36,0.548,0
94996,20251010,-96.85,40.7,0.261,0.61,0,0.601,0.191,-0.08,0.173,0,0.167,-0.4,1,0,0.17,-0.61,0.845,0,0.205,-0.57,1,0,0.226,0.31,0,0.381,0.199,-0.34,0.405,0
94996,20251011,-96.85,40.7,0.273,0.7,0,0.744,0.191,-0.07,0.173,0,0.165,-0.4,1,0,0.167,-0.63,0.851,0,0.205,-0.57,1,0,0.232,0.38,0,0.381,0.2,-0.3,0.262,0
94996,20251012,-96.85,40.7,0.285,0.79,0,0.81,0.192,-0.05,0.077,0,0.164,-0.39,1,0,0.166,-0.64,0.851,0,0.205,-0.57,1,0,0.238,0.44,0,0.381,0.202,-0.27,0.119,0
94996,20251013,-96.85,40.7,0.291,0.84,0,0.78,0.192,-0.04,0,0,0.164,-0.38,1,0,0.164,-0.65,0.905,0,0.204,-0.57,1,0,0.242,0.47,0,0.369,0.203,-0.24,0,0
94996,20251014,-96.85,40.7,0.273,0.69,0,0.637,0.19,-0.05,0,0,0.162,-0.38,1,0,0.161,-0.67,0.976,0,0.203,-0.59,1,0,0.232,0.36,0,0.226,0.198,-0.29,0,0
94996,20251015,-96.85,40.7,0.26,0.58,0,0.494,0.189,-0.06,0,0,0.161,-0.38,1,0,0.16,-0.68,1,0,0.202,-0.59,1,0,0.224,0.29,0,0.083,0.194,-0.31,0,0
94996,20251016,-96.85,40.7,0.249,0.49,0,0.351,0.188,-0.06,0,0,0.161,-0.37,1,0,0.16,-0.68,1,0,0.202,-0.59,1,0,0.218,0.23,0,0,0.192,-0.32,0,0
94996,20251017,-96.85,40.7,0.239,0.41,0,0.208,0.187,-0.06,0,0,0.161,-0.37,1,0,0.159,-0.67,0.988,0,0.202,-0.59,1,0,0.213,0.17,0,0,0.19,-0.33,0,0
94996,20251018,-96.85,40.7,0.23,0.34,0,0.065,0.186,-0.06,0,0,0.161,-0.36,0.988,0,0.16,-0.66,0.869,0,0.202,-0.58,1,0,0.208,0.13,0,0,0.188,-0.33,0,0
94996,20251019,-96.85,40.7,0.222,0.28,0,0,0.186,-0.06,0,0,0.161,-0.35,0.988,0,0.16,-0.66,0.738,0,0.202,-0.58,1,0,0.204,0.09,0,0,0.186,-0.34,0,0
94996,20251020,-96.85,40.7,0.215,0.22,0,0,0.185,-0.07,0,0,0.16,-0.35,0.988,0,0.159,-0.66,0.661,0,0.202,-0.58,1,0,0.2,0.06,0,0,0.184,-0.35,0.095,0
94996,20251021,-96.85,40.7,0.208,0.17,0,0,0.184,-0.09,0,0,0.16,-0.34,0.988,0,0.159,-0.66,0.637,0,0.202,-0.58,1,0,0.196,0.03,0,0,0.182,-0.36,0.232,0
94996,20251022,-96.85,40.7,0.201,0.11,0,0,0.182,-0.1,0.012,0,0.159,-0.34,0.988,0,0.158,-0.66,0.631,0,0.202,-0.59,1,0,0.192,-0.01,0,0,0.18,-0.38,0.375,0
94996,20251023,-96.85,40.7,0.194,0.06,0,0,0.181,-0.12,0.113,0,0.158,-0.35,0.988,0,0.157,-0.66,0.631,0,0.202,-0.59,1,0,0.187,-0.05,0,0,0.178,-0.39,0.518,0
94996,20251024,-96.85,40.7,0.187,0.01,0,0,0.179,-0.15,0.256,0,0.156,-0.35,0.988,0,0.156,-0.67,0.643,0,0.202,-0.59,1,0,0.183,-0.08,0,0,0.176,-0.41,0.661,0
94996,20251025,-96.85,40.7,0.18,-0.04,0,0,0.177,-0.17,0.399,0,0.155,-0.37,1,0,0.154,-0.68,0.762,0,0.201,-0.59,1,0,0.179,-0.12,0,0,0.173,-0.43,0.804,0
94996,20251026,-96.85,40.7,0.175,-0.09,0,0,0.176,-0.2,0.542,0,0.153,-0.37,1,0,0.152,-0.69,0.893,0,0.2,-0.6,1,0,0.176,-0.15,0,0,0.171,-0.45,0.946,0
94996,20251027,-96.85,40.7,0.171,-0.12,0,0,0.175,-0.22,0.685,0,0.152,-0.38,1,0,0.151,-0.7,0.97,0,0.2,-0.6,1,0,0.173,-0.17,0,0,0.17,-0.47,0.994,0
94996,20251028,-96.85,40.7,0.169,-0.15,0,0,0.174,-0.23,0.827,0,0.151,-0.39,1,0,0.15,-0.7,0.994,0,0.199,-0.6,1,0,0.171,-0.19,0,0,0.169,-0.48,1,0
94996,20251029,-96.85,40.7,0.174,-0.13,0,0,0.173,-0.25,0.958,0,0.151,-0.4,1,0,0.149,-0.71,1,0,0.199,-0.6,1,0,0.173,-0.19,0,0,0.169,-0.49,1,0
94996,20251030,-96.85,40.7,0.179,-0.11,0,0,0.172,-0.26,1,0,0.15,-0.41,1,0,0.149,-0.71,1,0,0.199,-0.6,1,0,0.176,-0.18,0,0,0.17,-0.49,1,0
94996,20251031,-96.85,40.7,0.184,-0.1,0,0,0.172,-0.27,1,0,0.15,-0.42,1,0,0.148,-0.71,1,0,0.199,-0.6,1,0,0.178,-0.17,0,0,0.171,-0.5,1,0
94996,20251101,-96.85,40.7,0.188,-0.08,0,0,0.172,-0.29,1,0,0.15,-0.43,1,0,0.148,-0.71,1,0,0.198,-0.6,1,0,0.18,-0.16,0,0,0.171,-0.5,1,0
94996,20251102,-96.85,40.7,0.192,-0.07,0,0,0.171,-0.3,1,0,0.15,-0.43,1,0,0.148,-0.71,1,0,0.198,-0.6,1,0,0.182,-0.16,0,0,0.172,-0.51,1,0
94996,20251103,-96.85,40.7,0.196,-0.06,0,0,0.171,-0.31,1,0,0.149,-0.44,1,0,0.147,-0.71,1,0,0.198,-0.61,1,0,0.183,-0.17,0.006,0,0.172,-0.52,1,0
94996,20251104,-96.85,40.7,0.198,-0.06,0,0,0.171,-0.33,1,0,0.149,-0.46,1,0,0.147,-0.71,1,0,0.197,-0.61,1,0,0.184,-0.18,0.126,0,0.172,-0.53,1,0
94996,20251105,-96.85,40.7,0.193,-0.11,0,0,0.17,-0.35,1,0,0.149,-0.48,1,0,0.147,-0.71,1,0,0.196,-0.61,1,0,0.182,-0.23,0.269,0,0.171,-0.55,1,0
94996,20251106,-96.85,40.7,0.188,-0.15,0,0,0.17,-0.37,1,0,0.149,-0.51,1,0,0.146,-0.71,1,0,0.196,-0.62,1,0,0.179,-0.28,0.413,0,0.17,-0.57,1,0
94996,20251107,-96.85,40.7,0.183,-0.2,0.054,0,0.17,-0.39,1,0,0.149,-0.55,1,0,0.146,-0.71,1,0,0.196,-0.62,1,0,0.177,-0.33,0.554,0,0.169,-0.59,1,0
94996,20251108,-96.85,40.7,0.179,-0.25,0.196,0,0.17,-0.42,1,0,0.148,-0.59,1,0,0.146,-0.71,1,0,0.195,-0.62,1,0,0.174,-0.38,0.696,0,0.168,-0.61,1,0
94996,20251109,-96.85,40.7,0.175,-0.31,0.339,0,0.17,-0.45,1,0,0.148,-0.64,1,0,0.146,-0.72,1,0,0.195,-0.62,1,0,0.172,-0.43,0.839,0,0.167,-0.64,1,0
94996,20251110,-96.85,40.7,0.171,-0.36,0.482,0,0.17,-0.49,1,0,0.15,-0.67,1,0,0.147,-0.71,0.946,0,0.197,-0.61,0.97,0,0.17,-0.49,0.976,0,0.167,-0.65,1,0
94996,20251111,-96.85,40.7,0.168,-0.41,0.625,0,0.17,-0.53,1,0,0.15,-0.71,1,0,0.148,-0.7,0.911,0,0.198,-0.6,0.964,0,0.169,-0.53,1,0,0.167,-0.68,1,0
94996,20251112,-96.85,40.7,0.166,-0.46,0.768,0,0.17,-0.58,1,0,0.15,-0.74,1,0,0.148,-0.7,0.893,0,0.199,-0.59,0.958,0,0.168,-0.58,1,0,0.166,-0.7,1,0
94996,20251113,-96.85,40.7,0.164,-0.5,0.911,0,0.169,-0.63,1,0,0.15,-0.77,1,0,0.148,-0.7,0.893,0,0.199,-0.6,0.958,0,0.167,-0.61,1,0,0.166,-0.73,1,0
94996,20251114,-96.85,40.7,0.162,-0.54,1,0,0.169,-0.67,1,0,0.149,-0.79,1,0,0.148,-0.71,0.893,0,0.198,-0.61,0.958,0,0.166,-0.65,1,0,0.165,-0.77,1,0
94996,20251115,-96.85,40.7,0.161,-0.57,1,0,0.169,-0.72,1,0,0.149,-0.8,1,0,0.147,-0.71,0.893,0,0.198,-0.62,0.958,0,0.165,-0.68,1,0,0.165,-0.81,1,0
94996,20251116,-96.85,40.7,0.16,-0.59,1,0,0.169,-0.76,1,0,0.149,-0.82,1,0,0.147,-0.71,0.892,0,0.197,-0.64,0.958,0,0.165,-0.7,1,0,0.165,-0.85,1,0
94996,20251117,-96.85,40.7,0.159,-0.61,1,0,0.169,-0.8,1,0,0.148,-0.85,1,0,0.146,-0.73,0.946,0,0.195,-0.67,0.988,0,0.164,-0.72,1,0,0.163,-0.9,1,0
94996,20251118,-96.85,40.7,0.158,-0.63,1,0,0.168,-0.83,1,0,0.147,-0.88,1,0,0.145,-0.74,0.982,0,0.194,-0.69,0.994,0,0.163,-0.74,1,0,0.162,-0.94,1,0
94996,20251119,-96.85,40.7,0.157,-0.65,1,0,0.168,-0.86,1,0,0.146,-0.9,1,0,0.144,-0.75,1,0,0.193,-0.71,1,0,0.163,-0.76,1,0,0.162,-0.99,1,0
94996,20251120,-96.85,40.7,0.156,-0.66,1,0,0.168,-0.88,1,0,0.146,-0.92,1,0,0.144,-0.76,1,0,0.193,-0.72,1,0,0.162,-0.78,1,0,0.162,-1.02,1,0
94996,20251121,-96.85,40.7,0.156,-0.67,1,0,0.168,-0.9,1,0,0.146,-0.94,1,0,0.144,-0.77,1,0,0.193,-0.73,1,0,0.162,-0.79,1,0,0.161,-1.05,1,0
94996,20251122,-96.85,40.7,0.155,-0.68,1,0,0.168,-0.91,1,0,0.146,-0.96,1,0,0.144,-0.78,1,0,0.193,-0.73,1,0,0.161,-0.81,1,0,0.161,-1.07,1,0
94996,20251123,-96.85,40.7,0.155,-0.69,1,0,0.168,-0.92,1,0,0.145,-0.96,1,0,0.144,-0.79,1,0,0.194,-0.73,1,0,0.161,-0.82,1,0,0.161,-1.09,1,0
94996,20251124,-96.85,40.7,0.155,-0.7,1,0,0.168,-0.93,1,0,0.145,-0.97,1,0,0.145,-0.79,1,0,0.194,-0.73,1,0,0.161,-0.83,1,0,0.161,-1.1,1,0
94996,20251125,-96.85,40.7,0.155,-0.72,1,0,0.168,-0.93,1,0,0.146,-0.97,1,0,0.145,-0.79,1,0,0.195,-0.72,1,0,0.162,-0.85,1,0,0.162,-1.11,1,0
94996,20251126,-96.85,40.7,0.155,-0.75,1,0,0.168,-0.93,1,0,0.146,-0.97,1,0,0.146,-0.79,1,0,0.197,-0.71,0.994,0,0.162,-0.87,1,0,0.163,-1.11,1,0
94996,20251127,-96.85,40.7,0.155,-0.8,1,0,0.17,-0.93,1,0,0.148,-0.96,1,0,0.148,-0.78,1,0,0.199,-0.69,0.994,0,0.162,-0.9,1,0,0.164,-1.11,1,0
94996,20251128,-96.85,40.7,0.155,-0.86,1,0,0.171,-0.92,1,0,0.148,-0.95,1,0,0.149,-0.77,1,0,0.201,-0.67,0.994,0,0.163,-0.94,1,0,0.165,-1.1,1,0
94996,20251129,-96.85,40.7,0.155,-0.92,1,0,0.173,-0.9,1,0,0.15,-0.94,1,0,0.152,-0.75,1,0,0.206,-0.63,0.952,0,0.164,-0.97,1,0,0.167,-1.08,1,0
94996,20251130,-96.85,40.7,0.155,-0.98,1,0,0.175,-0.89,1,0,0.151,-0.93,1,0,0.153,-0.74,1,0,0.209,-0.6,0.94,0,0.165,-1,1,0,0.169,-1.07,1,0
94996,20251201,-96.85,40.7,0.155,-1.04,1,0,0.177,-0.87,1,0,0.151,-0.92,1,0,0.154,-0.74,1,0,0.211,-0.58,0.94,0,0.166,-1.03,1,0,0.17,-1.06,1,0
94996,20251202,-96.85,40.7,0.154,-1.09,1,0,0.178,-0.86,1,0,0.152,-0.92,1,0,0.156,-0.73,1,0,0.213,-0.56,0.94,0,0.166,-1.06,1,0,0.171,-1.05,1,0
94996,20251203,-96.85,40.7,0.154,-1.13,1,0,0.18,-0.85,1,0,0.151,-0.92,1,0,0.156,-0.73,1,0,0.213,-0.56,0.946,0,0.167,-1.09,1,0,0.171,-1.05,1,0
94996,20251204,-96.85,40.7,0.154,-1.15,1,0,0.18,-0.84,1,0,0.15,-0.93,1,0,0.157,-0.73,1,0,0.214,-0.56,0.946,0,0.167,-1.11,1,0,0.171,-1.05,1,0
94996,20251205,-96.85,40.7,0.154,-1.16,1,0,0.18,-0.84,1,0,0.149,-0.93,1,0,0.157,-0.73,1,0,0.214,-0.56,0.934,0,0.167,-1.12,1,0,0.171,-1.05,1,0
94996,20251206,-96.85,40.7,0.157,-1.12,1,0,0.179,-0.85,1,0,0.148,-0.94,1,0,0.156,-0.75,1,0,0.211,-0.6,0.976,0,0.168,-1.12,1,0,0.17,-1.05,1,0
94996,20251207,-96.85,40.7,0.165,-1.04,1,0,0.178,-0.85,1,0,0.147,-0.94,1,0,0.155,-0.76,1,0,0.21,-0.61,0.988,0,0.171,-1.09,1,0,0.171,-1.03,1,0
94996,20251208,-96.85,40.7,0.174,-0.93,0.968,0,0.178,-0.88,1,0,0.147,-0.93,1,0,0.154,-0.77,1,0,0.21,-0.62,0.988,0,0.176,-1.03,1,0,0.172,-1,1,0
94996,20251209,-96.85,40.7,0.183,-0.81,0.854,0,0.176,-0.91,1,0,0.146,-0.92,1,0,0.153,-0.78,1,0,0.209,-0.63,0.988,0,0.179,-0.98,1,0,0.173,-0.97,1,0
94996,20251210,-96.85,40.7,0.192,-0.69,0.715,0,0.175,-0.95,1,0,0.145,-0.91,1,0,0.152,-0.8,1,0,0.207,-0.65,0.988,0,0.183,-0.92,1,0,0.174,-0.93,1,0
94996,20251211,-96.85,40.7,0.202,-0.57,0.563,0,0.173,-0.99,1,0,0.145,-0.9,1,0,0.151,-0.82,1,0,0.205,-0.68,0.988,0,0.187,-0.86,1,0,0.175,-0.9,1,0
94996,20251212,-96.85,40.7,0.209,-0.49,0.446,0,0.172,-1.02,1,0,0.144,-0.89,1,0,0.15,-0.83,1,0,0.203,-0.7,1,0,0.191,-0.82,1,0,0.176,-0.87,1,0
94996,20251213,-96.85,40.7,0.216,-0.41,0.31,0,0.172,-1.04,1,0,0.145,-0.87,1,0,0.15,-0.83,1,0,0.204,-0.69,1,0,0.194,-0.77,1,0,0.177,-0.84,1,0
94996,20251214,-96.85,40.7,0.219,-0.38,0.19,0,0.172,-1.07,1,0,0.145,-0.87,1,0,0.151,-0.82,1,0,0.205,-0.68,1,0,0.196,-0.76,1,0,0.178,-0.83,1,0
94996,20251215,-96.85,40.7,,,,,0.172,-1.1,1,0,0.144,-0.89,1,0,0.151,-0.83,1,0,0.204,-0.7,1,0,,,,,,,,
94996,20251216,-96.85,40.7,,,,,0.171,-1.12,1,0,0.143,-0.91,1,0,0.149,-0.85,1,0,0.203,-0.72,1,0,,,,,,,,
94996,20251217,-96.85,40.7,,,,,0.172,-1.15,1,0,0.143,-0.94,1,0,0.149,-0.85,1,0,0.204,-0.71,1,0,,,,,,,,
94996,20251218,-96.85,40.7,,,,,0.171,-1.19,1,0,0.143,-0.97,1,0,0.149,-0.85,1,0,0.203,-0.72,1,0,,,,,,,,
94996,20251219,-96.85,40.7,,,,,0.17,-1.25,1,0,0.142,-1.01,1,0,0.147,-0.87,1,0,0.202,-0.74,1,0,,,,,,,,
94996,20251220,-96.85,40.7,,,,,0.168,-1.33,1,0,0.141,-1.05,1,0,0.146,-0.88,1,0,0.199,-0.77,1,0,,,,,,,,
94996,20251221,-96.85,40.7,,,,,0.167,-1.41,1,0,0.14,-1.09,1,0,0.144,-0.89,1,0,0.197,-0.81,1,0,,,,,,,,
94996,20251222,-96.85,40.7,,,,,0.167,-1.5,1,0,0.14,-1.11,1,0,0.144,-0.9,1,0,0.195,-0.83,1,0,,,,,,,,
94996,20251223,-96.85,40.7,0.221,-0.63,1,0,0.167,-1.58,1,0,0.14,-1.14,1,0,0.144,-0.9,1,0,0.194,-0.85,1,0,0.193,-0.92,1,0,0.173,-1.29,1,0
94996,20251224,-96.85,40.7,0.222,-0.63,1,0,0.166,-1.66,1,0,0.141,-1.18,1,0,0.143,-0.91,1,0,0.193,-0.89,1,0,0.194,-0.92,1,0,0.173,-1.29,1,0
94996,20251225,-96.85,40.7,0.224,-0.55,1,0,0.167,-1.73,1,0,0.141,-1.21,1,0,0.144,-0.91,1,0,0.193,-0.92,1,0,0.196,-0.95,1,0,0.174,-1.31,1,0
94996,20251226,-96.85,40.7,0.225,,,,0.167,-1.8,1,0,0.142,-1.24,1,0,0.144,-0.92,1,0,0.193,-0.96,1,0,0.196,,,,0.174,,,
94996,20251227,-96.85,40.7,0.228,,,,0.167,-1.85,1,0,0.142,-1.27,1,0,0.144,-0.93,1,0,0.193,-1.01,1,0,0.197,,,,0.175,,,
94996,20251228,-96.85,40.7,0.227,,,,0.167,-1.88,1,0,0.142,-1.31,1,0,0.143,-0.95,1,0,0.192,-1.07,1,0,0.197,,,,0.174,,,
94996,20251229,-96.85,40.7,0.227,,,,0.167,-1.91,1,0,0.142,-1.34,1,0,0.143,-0.96,1,0,0.192,-1.13,1,0,0.197,,,,0.174,,,
94996,20251230,-96.85,40.7,0.226,,,,0.167,-1.94,1,0,0.142,-1.37,1,0,0.143,-0.96,1,0,0.192,-1.18,1,0,0.197,,,,0.174,,,
94996,20251231,-96.85,40.7,0.226,,,,0.167,-1.97,1,0,0.142,-1.4,1,0,0.143,-0.96,1,0,0.193,-1.23,1,0,0.197,,,,0.174,,,
94996,20260101,-96.85,40.7,0.224,,,,0.168,-2.02,1,0,0.142,-1.43,0.976,0,0.144,-0.96,1,0,0.194,-1.25,1,0,0.196,,,,0.175,,,
94996,20260102,-96.85,40.7,0.225,,,,0.169,-2.07,1,0,0.143,-1.47,0.934,0,0.146,-0.95,1,0,0.196,-1.25,1,0,0.197,,,,0.176,,,
94996,20260103,-96.85,40.7,0.225,,,,0.171,,,,0.143,-1.5,0.892,0,0.148,-0.93,1,0,0.199,-1.25,1,0,0.198,,,,0.178,,,
94996,20260104,-96.85,40.7,0.224,,,,0.172,,,,0.144,-1.53,0.784,0,0.149,-0.93,1,0,0.201,-1.24,1,0,0.199,,,,0.179,,,
94996,20260105,-96.85,40.7,0.223,,,,0.172,,,,0.143,-1.58,0.641,0,0.148,-0.94,1,0,0.201,-1.27,1,0,0.198,,,,0.178,,,
94996,20260106,-96.85,40.7,0.224,,,,0.173,,,,0.144,-1.61,0.521,0,0.149,-0.93,1,0,0.201,-1.27,1,0,0.198,,,,0.179,,,
94996,20260107,-96.85,40.7,0.223,,,,0.173,,,,0.144,-1.66,0.377,0,0.149,-0.94,1,0,0.201,-1.29,1,0,0.198,,,,0.178,,,
94996,20260108,-96.85,40.7,0.223,,,,0.173,,,,0.144,-1.7,0.27,0,0.149,-0.94,1,0,0.201,-1.31,1,0,0.198,,,,0.178,,,
94996,20260109,-96.85,40.7,0.233,,,,0.178,,,,0.145,-1.72,0.194,0,0.149,-0.95,1,0,0.201,-1.32,1,0,0.206,,,,0.181,,,
94996,20260110,-96.85,40.7,0.246,,,,0.186,,,,0.145,-1.75,0.087,0,0.148,-0.97,1,0,0.2,-1.36,1,0,0.216,,,,0.185,,,
94996,20260111,-96.85,40.7,0.256,,,,0.194,,,,0.147,-1.79,0.044,0,0.148,-0.99,1,0,0.201,-1.37,1,0,0.225,,,,0.189,,,
94996,20260112,-96.85,40.7,0.267,,,,0.204,,,,0.149,-1.82,0.06,0,0.15,-1.01,1,0,0.203,-1.37,1,0,0.235,,,,0.195,,,
94996,20260113,-96.85,40.7,0.278,,,,0.212,,,,0.149,-1.88,0,0,0.149,-1.04,1,0,0.204,-1.39,1,0,0.245,,,,0.198,,,
94996,20260114,-96.85,40.7,0.289,,,,0.222,,,,0.15,-1.9,0,0,0.149,-1.09,1,0,0.204,-1.41,1,0,0.255,,,,0.203,,,
94996,20260115,-96.85,40.7,0.299,,,,0.231,,,,0.152,,,,0.149,-1.13,1,0,0.205,-1.43,1,0,0.265,,,,0.207,,,
94996,20260116,-96.85,40.7,0.298,,,,0.235,,,,0.152,,,,0.149,-1.18,1,0,0.205,-1.44,1,0,0.266,,,,0.208,,,
94996,20260117,-96.85,40.7,0.296,,,,0.235,,,,0.152,,,,0.149,-1.21,1,0,0.206,-1.44,1,0,0.265,,,,0.208,,,
94996,20260118,-96.85,40.7,0.297,,,,0.237,,,,0.151,,,,0.148,-1.26,1,0,0.205,-1.45,1,0,0.266,,,,0.208,,,
94996,20260119,-96.85,40.7,,,,,0.237,,,,0.152,,,,0.149,-1.3,1,0,0.205,-1.45,1,0,,,,,,,,
94996,20260120,-96.85,40.7,,,,,0.238,,,,0.152,,,,0.149,-1.33,1,0,0.206,-1.44,1,0,,,,,,,,
94996,20260121,-96.85,40.7,,,,,0.239,,,,0.153,,,,0.15,-1.34,1,0,0.207,-1.4,1,0,,,,,,,,
94996,20260122,-96.85,40.7,,,,,0.243,,,,0.153,,,,0.15,-1.37,1,0,0.208,-1.39,1,0,,,,,,,,
94996,20260123,-96.85,40.7,,,,,0.245,,,,0.153,,,,0.15,-1.4,1,0,0.208,-1.37,1,0,,,,,,,,
94996,20260124,-96.85,40.7,,,,,0.246,,,,0.151,,,,0.151,-1.42,1,0,0.209,-1.35,1,0,,,,,,,,
94996,20260125,-96.85,40.7,,,,,,,,,0.151,,,,0.152,-1.45,1,0,0.21,-1.33,1,0,,,,,,,,
94996,20260126,-96.85,40.7,,,,,,,,,,,,,0.152,-1.5,1,0,0.21,-1.33,1,0,,,,,,,,
94996,20260127,-96.85,40.7,,,,,,,,,,,,,0.152,-1.57,1,0,0.21,-1.33,1,0,,,,,,,,
94996,20260128,-96.85,40.7,,,,,,,,,,,,,0.15,-1.68,1,0,0.209,-1.35,1,0,,,,,,,,
94996,20260129,-96.85,40.7,,,,,,,,,,,,,0.148,-1.78,1,0,0.208,-1.37,1,0,,,,,,,,
94996,20260130,-96.85,40.7,,,,,,,,,,,,,0.146,-1.87,1,0,0.208,-1.38,1,0,,,,,,,,
94996,20260131,-96.85,40.7,,,,,,,,,,,,,0.144,-1.96,1,0,0.207,-1.41,1,0,,,,,,,,
94996,20260201,-96.85,40.7,,,,,,,,,,,,,0.142,-2.02,1,0,0.205,-1.43,1,0,,,,,,,,
94996,20260202,-96.85,40.7,,,,,,,,,,,,,,,,,0.204,-1.47,1,0,,,,,,,,
94996,20260203,-96.85,40.7,,,,,,,,,,,,,,,,,0.203,-1.49,1,0,,,,,,,,
94996,20260204,-96.85,40.7,,,,,,,,,,,,,,,,,0.203,-1.5,1,0,,,,,,,,
94996,20260205,-96.85,40.7,,,,,,,,,,,,,,,,,0.204,-1.5,1,0,,,,,,,,
94996,20260206,-96.85,40.7,,,,,,,,,,,,,,,,,0.202,-1.54,1,0,,,,,,,,
94996,20260207,-96.85,40.7,,,,,,,,,,,,,,,,,0.2,-1.57,1,0,,,,,,,,
94996,20260208,-96.85,40.7,,,,,,,,,,,,,,,,,0.199,-1.6,1,0,,,,,,,,
94996,20260209,-96.85,40.7,,,,,,,,,,,,,,,,,0.198,-1.61,1,0,,,,,,,,
94996,20260210,-96.85,40.7,,,,,,,,,,,,,0.14,-2.52,1,0,0.196,-1.63,1,0,,,,,,,,
94996,20260211,-96.85,40.7,,,,,,,,,,,,,0.14,-2.57,1,0,0.194,-1.65,1,0,,,,,,,,
94996,20260212,-96.85,40.7,,,,,,,,,,,,,0.14,-2.64,1,0,0.191,-1.67,1,0,,,,,,,,
94996,20260213,-96.85,40.7,,,,,,,,,,,,,0.14,-2.69,1,0,0.191,-1.66,1,0,,,,,,,,
94996,20260214,-96.85,40.7,,,,,,,,,,,,,0.14,-2.73,1,0,0.19,-1.66,1,0,,,,,,,,
94996,20260215,-96.85,40.7,0.276,,,,,,,,0.145,,,,0.14,-2.74,1,0,0.191,-1.65,1,0,,,,,,,,
94996,20260216,-96.85,40.7,0.276,,,,0.234,,,,0.145,,,,0.14,-2.76,1,0,0.19,-1.66,1,0,0.255,,,,0.198,,,
94996,20260217,-96.85,40.7,0.275,,,,0.235,,,,0.147,,,,0.141,-2.76,1,0,0.19,-1.67,1,0,0.255,,,,0.198,,,
94996,20260218,-96.85,40.7,0.275,,,,0.236,,,,0.148,,,,0.142,-2.75,1,0,0.19,-1.7,1,0,0.255,,,,0.198,,,
94996,20260219,-96.85,40.7,0.274,,,,0.236,,,,0.149,,,,0.143,-2.72,1,0,0.19,-1.73,1,0,0.255,,,,0.199,,,
94996,20260220,-96.85,40.7,0.274,,,,0.237,,,,0.151,,,,0.144,-2.66,1,0,0.192,-1.74,1,0,0.255,,,,0.2,,,
94996,20260221,-96.85,40.7,0.274,,,,0.238,,,,0.152,,,,0.146,-2.6,1,0,0.194,-1.75,1,0,0.256,,,,0.201,,,
94996,20260222,-96.85,40.7,0.275,,,,0.238,,,,0.153,,,,0.146,-2.56,1,0,0.195,-1.78,0.97,0,0.256,,,,0.201,,,
94996,20260223,-96.85,40.7,0.277,,,,0.239,,,,0.155,,,,0.148,-2.51,1,0,0.197,-1.79,0.94,0,0.258,,,,0.203,,,
94996,20260224,-96.85,40.7,0.278,,,,0.239,,,,0.157,,,,0.148,-2.46,1,0,0.199,-1.79,0.905,0,0.258,,,,0.204,,,
94996,20260225,-96.85,40.7,0.283,,,,0.241,,,,0.159,,,,0.149,-2.43,1,0,0.201,-1.79,0.845,0,0.262,,,,0.206,,,
94996,20260226,-96.85,40.7,0.289,,,,0.244,,,,0.16,,,,0.149,-2.41,1,0,0.201,-1.83,0.732,0,0.267,,,,0.209,,,
94996,20260227,-96.85,40.7,0.294,,,,0.247,,,,0.16,,,,0.148,-2.44,1,0,0.2,-1.9,0.625,0,0.271,,,,0.21,,,
94996,20260228,-96.85,40.7,0.299,,,,0.251,,,,0.161,,,,0.147,-2.46,1,0,0.199,-1.96,0.506,0,0.276,,,,0.211,,,
94996,20260301,-96.85,40.7,0.301,,,,0.255,,,,0.162,,,,0.147,-2.47,1,0,0.198,-2.02,0.405,0,0.279,,,,0.213,,,
94996,20260302,-96.85,40.7,0.301,,,,0.259,,,,0.163,,,,0.147,-2.47,1,0,0.198,-2.07,0.317,0,0.282,,,,0.214,,,
94996,20260303,-96.85,40.7,0.3,,,,0.262,,,,0.164,-2,1,0,0.147,-2.48,1,0,0.197,-2.14,0.228,0,0.282,,,,0.214,,,
94996,20260304,-96.85,40.7,0.296,,,,0.265,,,,0.164,-2.08,0.933,0,0.147,-2.5,1,0,0.196,-2.21,0.15,0,0.281,,,,0.214,,,
94996,20260305,-96.85,40.7,0.294,,,,0.267,,,,0.165,-2.1,0.923,0,0.147,-2.51,1,0,0.196,-2.26,0.138,0,0.28,,,,0.214,,,
94996,20260306,-96.85,40.7,0.291,,,,0.267,,,,0.165,-2.13,0.81,0,0.147,-2.52,1,0,0.195,-2.31,0.108,0,0.279,,,,0.213,,,
94996,20260307,-96.85,40.7,0.292,,,,0.268,,,,0.165,-2.13,0.828,0,0.146,-2.52,1,0,0.195,-2.36,0.084,0,0.28,,,,0.213,,,
94996,20260308,-96.85,40.7,0.296,,,,0.271,-1.3,1,0,0.165,-2.13,0.856,0,0.146,-2.52,1,0,0.194,-2.39,0.072,0,0.283,,,,0.214,,,
94996,20260309,-96.85,40.7,0.297,0.24,0,0.125,0.275,-0.99,0.813,0,0.164,-2.11,0.881,0,0.145,-2.51,1,0,0.192,-2.43,0.048,0,0.286,,,,0.215,,,
94996,20260310,-96.85,40.7,0.299,0.05,0,0.048,0.278,-1.15,0.513,0,0.164,-2.1,0.898,0,0.144,-2.49,1,0,0.191,-2.44,0.03,0,0.288,-0.57,1,0,0.215,,,
94996,20260311,-96.85,40.7,0.299,-0.05,0,0.024,0.281,-1.19,0.46,0,0.164,-2.09,0.91,0,0.143,-2.44,1,0,0.19,-2.44,0.024,0,0.29,-0.61,1,0,0.216,-2.52,0,0
94996,20260312,-96.85,40.7,0.3,-0.05,0,0.015,0.284,-1.22,0.425,0,0.165,-2.07,0.922,0,0.143,-2.4,1,0,0.189,-2.43,0.006,0,0.292,-0.59,1,0,0.216,-2.43,0,0
94996,20260313,-96.85,40.7,0.302,-0.06,0,0.011,0.288,-1.23,0.414,0,0.166,-2.04,0.976,0,0.142,-2.35,1,0,0.189,-2.4,0,0,0.295,-0.6,1,0,0.217,-2.39,0,0
94996,20260314,-96.85,40.7,0.299,-0.09,0,0.009,0.291,-1.23,0.444,0,0.167,-2.01,0.994,0,0.143,-2.29,1,0,0.189,-2.37,0,0,0.295,-0.62,1,0,0.218,-2.37,0,0
94996,20260315,-96.85,40.7,0.295,-0.12,0.029,0.007,0.291,-1.22,0.481,0,0.168,-1.99,1,0,0.143,-2.22,1,0,0.19,-2.33,0,0,0.293,-0.63,1,0,0.217,-2.35,0,0
94996,20260316,-96.85,40.7,0.291,-0.17,0.15,0,0.289,-1.24,0.479,0,0.168,-1.98,1,0,0.142,-2.15,1,0,0.189,-2.3,0,0,0.29,-0.65,1,0,0.216,-2.32,0,0
94996,20260317,-96.85,40.7,0.289,-0.21,0.238,0,0.289,-1.24,0.5,0,0.168,-1.97,1,0,0.142,-2.1,1,0,0.189,-2.26,0,0,0.289,-0.68,1,0,0.215,-2.29,0,0
94996,20260318,-96.85,40.7,0.287,-0.23,0.333,0,0.288,-1.25,0.518,0,0.168,-1.98,0.988,0,0.142,-2.06,1,0,0.189,-2.24,0,0,0.288,-0.7,1,0,0.215,-2.23,0,0
94996,20260319,-96.85,40.7,0.285,-0.27,0.464,0,0.287,-1.24,0.595,0,0.168,-2,0.976,0,0.142,-2.01,1,0,0.189,-2.21,0,0,0.286,-0.73,1,0,0.214,-2.17,0,0
94996,20260320,-96.85,40.7,0.282,-0.31,0.595,0,0.287,-1.22,0.685,0,0.168,-2.02,0.976,0,0.141,-1.97,1,0,0.189,-2.19,0,0,0.285,-0.75,1,0,0.214,-2.11,0,0
94996,20260321,-96.85,40.7,0.28,-0.34,0.738,0,0.287,-1.2,0.744,0,0.168,-2.05,0.976,0,0.142,-1.94,1,0,0.189,-2.17,0,0,0.283,-0.77,1,0,0.213,-2.05,0,0
94996,20260322,-96.85,40.7,0.277,-0.38,0.857,0,0.287,-1.19,0.786,0,0.169,-2.07,0.976,0,0.142,-1.94,1,0,0.189,-2.15,0,0,0.282,-0.78,1,0,0.212,-2,0,0
94996,20260323,-96.85,40.7,0.274,-0.42,0.887,0,0.286,-1.17,0.833,0,0.169,-2.09,0.976,0,0.142,-1.94,1,0,0.189,-2.13,0,0,0.28,-0.79,1,0,0.212,-1.95,0,0
94996,20260324,-96.85,40.7,0.27,-0.46,0.935,0,0.286,-1.16,0.911,0,0.169,-2.11,0.976,0,0.142,-1.94,1,0,0.189,-2.12,0.006,0,0.278,-0.81,1,0,0.211,-1.93,0,0
94996,20260325,-96.85,40.7,0.266,-0.52,0.976,0,0.285,-1.14,0.982,0,0.169,-2.11,0.988,0,0.143,-1.94,1,0,0.19,-2.1,0.012,0,0.276,-0.83,1,0,0.211,-1.92,0,0
94996,20260326,-96.85,40.7,0.261,-0.59,0.988,0,0.284,-1.14,1,0,0.17,-2.11,0.976,0,0.143,-1.93,1,0,0.19,-2.08,0.012,0,0.273,-0.86,1,0,0.21,-1.91,0,0
94996,20260327,-96.85,40.7,0.256,-0.66,1,0,0.283,-1.16,1,0,0.17,-2.1,0.899,0,0.144,-1.93,1,0,0.191,-2.07,0.012,0,0.269,-0.9,1,0,0.209,-1.92,0,0
94996,20260328,-96.85,40.7,0.251,-0.73,1,0,0.281,-1.2,1,0,0.169,-2.1,0.756,0,0.144,-1.93,1,0,0.192,-2.06,0.012,0,0.266,-0.95,1,0,0.207,-1.93,0,0
94996,20260329,-96.85,40.7,0.246,-0.79,1,0,0.278,-1.25,1,0,0.169,-2.1,0.613,0,0.144,-1.93,1,0,0.193,-2.07,0.012,0,0.262,-1,1,0,0.206,-1.95,0,0
94996,20260330,-96.85,40.7,0.241,-0.85,1,0,0.275,-1.32,1,0,0.168,-2.1,0.47,0,0.144,-1.94,1,0,0.193,-2.1,0.012,0,0.258,-1.06,1,0,0.204,-1.97,0,0
94996,20260331,-96.85,40.7,0.236,-0.9,1,0,0.271,-1.39,1,0,0.168,-2.09,0.327,0,0.144,-1.94,1,0,0.193,-2.13,0.006,0,0.253,-1.1,1,0,0.202,-1.98,0,0
94996,20260401,-96.85,40.7,0.23,-0.94,1,0,0.268,-1.44,1,0,0.167,-2.09,0.185,0,0.145,-1.94,1,0,0.193,-2.16,0,0,0.249,-1.14,1,0,0.201,-2.01,0,0
94996,20260402,-96.85,40.7,0.225,-0.97,0.994,0,0.264,-1.5,1,0,0.167,-2.08,0.065,0,0.145,-1.94,1,0,0.194,-2.18,0,0,0.245,-1.17,1,0,0.199,-2.03,0,0
94996,20260403,-96.85,40.7,0.235,-0.8,0.851,0.024,0.261,-1.54,1,0,0.167,-2.07,0,0,0.145,-1.94,1,0,0.194,-2.21,0,0,0.248,-1.07,0.911,0,0.2,-2,0,0
94996,20260404,-96.85,40.7,0.245,-0.63,0.708,0.024,0.258,-1.57,1,0,0.166,-2.06,0,0,0.145,-1.93,1,0,0.194,-2.23,0,0,0.251,-0.97,0.839,0,0.202,-1.97,0,0
94996,20260405,-96.85,40.7,0.255,-0.46,0.565,0.024,0.256,-1.57,1,0,0.166,-2.05,0,0,0.145,-1.93,1,0,0.194,-2.25,0,0,0.255,-0.86,0.81,0,0.203,-1.94,0,0
94996,20260406,-96.85,40.7,0.264,-0.3,0.423,0.024,0.254,-1.57,1,0,0.165,-2.04,0,0,0.145,-1.92,1,0,0.194,-2.26,0,0,0.259,-0.76,0.81,0,0.205,-1.91,0,0
94996,20260407,-96.85,40.7,0.273,-0.16,0.28,0.024,0.253,-1.56,1,0,0.165,-2.03,0,0,0.145,-1.91,1,0,0.194,-2.27,0,0,0.263,-0.66,0.81,0,0.206,-1.88,0,0
94996,20260408,-96.85,40.7,0.281,-0.02,0.137,0.024,0.251,-1.55,1,0,0.165,-2.02,0,0,0.145,-1.9,1,0,0.194,-2.28,0,0,0.266,-0.57,0.81,0,0.207,-1.86,0,0
94996,20260409,-96.85,40.7,0.288,0.08,0,0.024,0.25,-1.54,1,0,0.165,-2.01,0,0,0.144,-1.89,1,0,0.194,-2.29,0,0,0.269,-0.5,0.81,0,0.208,-1.83,0,0
94996,20260410,-96.85,40.7,0.28,-0.01,0,0,0.249,-1.54,1,0,0.164,-2.01,0,0,0.144,-1.88,1,0,0.194,-2.3,0,0,0.265,-0.56,0.899,0,0.206,-1.87,0,0
94996,20260411,-96.85,40.7,0.272,-0.11,0.006,0,0.247,-1.54,1,0,0.164,-2,0,0,0.144,-1.87,1,0,0.194,-2.31,0,0,0.259,-0.62,0.97,0,0.204,-1.91,0,0
94996,20260412,-96.85,40.7,0.269,-0.14,0.006,0,0.245,-1.54,1,0,0.164,-1.99,0,0,0.145,-1.85,1,0,0.194,-2.32,0,0,0.257,-0.64,1,0,0.203,-1.92,0,0
94996,20260413,-96.85,40.7,0.266,-0.16,0.006,0,0.244,-1.54,1,0,0.164,-1.98,0,0,0.145,-1.83,1,0,0.194,-2.33,0,0,0.255,-0.66,1,0,0.203,-1.93,0,0
94996,20260414,-96.85,40.7,0.262,-0.2,0.006,0,0.242,-1.53,1,0,0.164,-1.97,0,0,0.145,-1.8,1,0,0.195,-2.33,0,0,0.252,-0.68,1,0,0.202,-1.94,0,0
94996,20260415,-96.85,40.7,0.257,-0.24,0.03,0,0.24,-1.52,1,0,0.164,-1.94,0,0,0.146,-1.76,1,0,0.195,-2.34,0,0,0.248,-0.71,1,0,0.2,-1.95,0,0
94996,20260416,-96.85,40.7,0.252,-0.29,0.173,0,0.237,-1.52,1,0,0.164,-1.92,0,0,0.146,-1.73,1,0,0.196,-2.34,0,0,0.245,-0.74,1,0,0.199,-1.96,0,0
94996,20260417,-96.85,40.7,0.246,-0.34,0.315,0,0.234,-1.52,1,0,0.164,-1.9,0,0,0.146,-1.69,1,0,0.197,-2.34,0,0,0.24,-0.78,1,0,0.197,-1.97,0,0
94996,20260418,-96.85,40.7,0.239,-0.39,0.452,0,0.23,-1.54,1,0,0.164,-1.87,0,0,0.147,-1.66,1,0,0.198,-2.33,0,0,0.235,-0.82,1,0,0.196,-1.97,0,0
94996,20260419,-96.85,40.7,0.226,-0.51,0.595,0,0.226,-1.57,1,0,0.163,-1.85,0,0,0.147,-1.62,1,0,0.199,-2.32,0,0,0.226,-0.91,1,0,0.192,-2.01,0,0
94996,20260420,-96.85,40.7,0.213,-0.64,0.738,0,0.22,-1.62,1,0,0.162,-1.84,0,0,0.147,-1.6,1,0,0.199,-2.31,0,0,0.217,-1.01,1,0,0.188,-2.05,0,0
94996,20260421,-96.85,40.7,0.201,-0.76,0.881,0,0.214,-1.69,1,0,0.16,-1.83,0,0,0.147,-1.58,1,0,0.199,-2.3,0,0,0.208,-1.12,1,0,0.184,-2.11,0,0
94996,20260422,-96.85,40.7,0.191,-0.86,1,0,0.207,-1.76,1,0,0.158,-1.83,0,0,0.147,-1.56,1,0,0.199,-2.29,0,0,0.199,-1.21,1,0,0.18,-2.16,0,0
94996,20260423,-96.85,40.7,0.182,-0.95,1,0,0.2,-1.84,0.988,0,0.155,-1.84,0,0,0.147,-1.54,1,0,0.199,-2.28,0,0,0.191,-1.3,1,0,0.177,-2.21,0,0
94996,20260424,-96.85,40.7,0.179,-0.97,1,0,0.195,-1.9,0.988,0,0.153,-1.84,0,0,0.147,-1.51,1,0,0.2,-2.26,0,0,0.187,-1.34,1,0,0.175,-2.23,0,0
94996,20260425,-96.85,40.7,0.177,-0.98,1,0,0.192,-1.92,0.988,0,0.152,-1.85,0,0,0.148,-1.49,1,0,0.201,-2.23,0,0,0.184,-1.35,1,0,0.174,-2.23,0,0
94996,20260426,-96.85,40.7,0.187,-0.88,0.935,0.06,0.19,-1.92,0.988,0,0.151,-1.85,0,0,0.148,-1.47,1,0,0.202,-2.19,0,0,0.188,-1.29,0.94,0,0.175,-2.2,0.006,0
94996,20260427,-96.85,40.7,0.208,-0.67,0.792,0.173,0.192,-1.85,0.988,0,0.152,-1.83,0,0,0.149,-1.45,1,0,0.203,-2.14,0,0,0.2,-1.14,0.798,0,0.181,-2.11,0.071,0
94996,20260428,-96.85,40.7,0.23,-0.45,0.649,0.315,0.195,-1.76,0.988,0,0.153,-1.81,0,0,0.149,-1.44,1,0,0.203,-2.1,0,0,0.213,-0.97,0.655,0,0.186,-2.01,0.071,0
94996,20260429,-96.85,40.7,0.253,-0.23,0.506,0.423,0.199,-1.65,0.988,0,0.155,-1.79,0,0,0.149,-1.44,1,0,0.203,-2.04,0,0,0.226,-0.8,0.512,0,0.192,-1.9,0.071,0
94996,20260430,-96.85,40.7,0.275,-0.02,0.363,0.464,0.205,-1.52,1,0,0.157,-1.76,0,0,0.149,-1.43,1,0,0.203,-1.99,0,0,0.24,-0.62,0.369,0,0.198,-1.8,0.071,0
94996,20260501,-96.85,40.7,0.29,0.13,0.22,0.464,0.209,-1.4,1,0,0.159,-1.74,0,0,0.148,-1.44,1,0,0.202,-1.94,0,0,0.25,-0.49,0.226,0,0.202,-1.72,0.071,0
94996,20260502,-96.85,40.7,0.302,0.25,0.077,0.464,0.213,-1.29,1,0,0.16,-1.71,0,0,0.147,-1.44,1,0,0.201,-1.91,0,0,0.258,-0.38,0.196,0,0.205,-1.64,0.071,0
94996,20260503,-96.85,40.7,0.303,0.26,0,0.405,0.216,-1.21,1,0,0.162,-1.69,0,0,0.146,-1.45,1,0,0.2,-1.88,0,0,0.259,-0.34,0.256,0,0.205,-1.61,0.071,0
94996,20260504,-96.85,40.7,0.289,0.14,0.065,0.292,0.215,-1.18,1,0,0.161,-1.68,0,0,0.145,-1.46,1,0,0.198,-1.86,0,0,0.252,-0.41,0.399,0,0.202,-1.63,0.006,0
94996,20260505,-96.85,40.7,0.272,-0.01,0.208,0.149,0.214,-1.15,1,0,0.16,-1.68,0,0,0.145,-1.46,1,0,0.198,-1.83,0,0,0.243,-0.49,0.542,0,0.198,-1.64,0.006,0
94996,20260506,-96.85,40.7,0.255,-0.17,0.351,0.042,0.212,-1.14,1,0,0.159,-1.68,0,0,0.145,-1.46,1,0,0.198,-1.8,0,0,0.233,-0.58,0.685,0,0.194,-1.66,0.006,0
94996,20260507,-96.85,40.7,0.236,-0.33,0.494,0,0.209,-1.14,1,0,0.158,-1.68,0,0,0.145,-1.46,1,0,0.198,-1.77,0,0,0.223,-0.68,0.827,0,0.189,-1.67,0.006,0
94996,20260508,-96.85,40.7,0.219,-0.48,0.637,0,0.205,-1.15,1,0,0.156,-1.68,0,0,0.145,-1.46,1,0,0.198,-1.74,0,0,0.212,-0.77,0.946,0,0.185,-1.69,0.006,0
94996,20260509,-96.85,40.7,0.203,-0.62,0.78,0,0.202,-1.16,0.893,0,0.154,-1.68,0,0,0.145,-1.46,1,0,0.198,-1.7,0,0,0.203,-0.85,0.833,0,0.18,-1.7,0.006,0
94996,20260510,-96.85,40.7,0.19,-0.73,0.923,0,0.198,-1.17,0.768,0,0.152,-1.68,0,0,0.145,-1.46,1,0,0.198,-1.67,0,0,0.194,-0.93,0.69,0,0.176,-1.71,0,0
94996,20260511,-96.85,40.7,0.178,-0.82,1,0,0.193,-1.19,0.643,0,0.15,-1.68,0,0,0.145,-1.46,1,0,0.198,-1.63,0,0,0.186,-0.98,0.548,0,0.173,-1.71,0,0
94996,20260512,-96.85,40.7,0.17,-0.88,1,0,0.189,-1.21,0.506,0,0.148,-1.69,0,0,0.144,-1.46,1,0,0.197,-1.61,0,0,0.179,-1.03,0.405,0,0.17,-1.7,0,0
94996,20260513,-96.85,40.7,0.162,-0.93,1,0,0.185,-1.23,0.363,0,0.146,-1.69,0,0,0.144,-1.45,1,0,0.197,-1.59,0,0,0.173,-1.06,0.262,0,0.167,-1.69,0,0
94996,20260514,-96.85,40.7,0.156,-0.97,1,0,0.181,-1.24,0.22,0,0.144,-1.68,0,0,0.143,-1.45,0.994,0,0.196,-1.58,0,0,0.169,-1.08,0.119,0,0.164,-1.68,0,0
94996,20260515,-96.85,40.7,0.152,-0.98,1,0,0.177,-1.25,0.077,0,0.141,-1.68,0,0,0.143,-1.44,0.994,0,0.195,-1.58,0,0,0.164,-1.09,0,0,0.162,-1.67,0,0
94996,20260516,-96.85,40.7,0.148,-0.99,1,0,0.173,-1.25,0.042,0,0.139,-1.68,0,0,0.142,-1.43,0.994,0,0.195,-1.58,0,0,0.161,-1.09,0,0,0.159,-1.66,0,0
94996,20260517,-96.85,40.7,0.155,-0.93,0.958,0.042,0.18,-1.18,0.024,0.042,0.142,-1.64,0.042,0,0.144,-1.4,0.994,0,0.194,-1.58,0,0,0.168,-1.02,0.012,0.042,0.163,-1.6,0.006,0
94996,20260518,-96.85,40.7,0.183,-0.72,0.82,0.174,0.208,-0.93,0.006,0.18,0.164,-1.45,0.114,0,0.158,-1.27,0.928,0,0.194,-1.57,0,0,0.195,-0.8,0.012,0.18,0.181,-1.4,0.024,0
94996,20260519,-96.85,40.7,0.214,-0.48,0.677,0.317,0.239,-0.66,0,0.317,0.194,-1.21,0.114,0,0.181,-1.09,0.784,0,0.195,-1.53,0,0,0.227,-0.55,0.012,0.323,0.205,-1.17,0.024,0
94996,20260520,-96.85,40.7,0.243,-0.27,0.533,0.419,0.268,-0.41,0,0.431,0.222,-0.99,0.114,0,0.204,-0.91,0.641,0,0.198,-1.47,0.03,0,0.255,-0.32,0.012,0.431,0.227,-0.94,0.024,0
94996,20260521,-96.85,40.7,0.27,-0.07,0.389,0.503,0.296,-0.16,0,0.533,0.248,-0.78,0.114,0,0.224,-0.74,0.509,0,0.202,-1.4,0.108,0,0.283,-0.1,0.012,0.521,0.248,-0.73,0.024,0
94996,20260522,-96.85,40.7,0.298,0.14,0.246,0.575,0.323,0.07,0,0.623,0.274,-0.57,0.114,0,0.244,-0.58,0.377,0,0.205,-1.32,0.222,0,0.311,0.11,0.012,0.617,0.269,-0.52,0.024,0
94996,20260523,-96.85,40.7,0.33,0.36,0.102,0.707,0.353,0.33,0,0.737,0.302,-0.36,0.114,0,0.265,-0.42,0.234,0,0.209,-1.25,0.311,0,0.342,0.34,0.012,0.749,0.292,-0.29,0.024,0
94996,20260524,-96.85,40.7,0.348,0.48,0,0.737,0.372,0.48,0,0.814,0.323,-0.19,0.072,0,0.283,-0.29,0.09,0,0.213,-1.19,0.395,0,0.36,0.47,0,0.754,0.308,-0.13,0.018,0
94996,20260525,-96.85,40.7,0.34,0.43,0,0.601,0.368,0.45,0,0.673,0.322,-0.19,0,0,0.284,-0.27,0.018,0,0.215,-1.15,0.399,0,0.354,0.42,0,0.613,0.306,-0.13,0,0
94996,20260526,-96.85,40.7,0.327,0.34,0,0.458,0.36,0.38,0,0.536,0.313,-0.23,0,0,0.278,-0.31,0.018,0,0.216,-1.12,0.417,0,0.344,0.34,0,0.47,0.299,-0.18,0,0
94996,20260527,-96.85,40.7,0.314,0.24,0,0.357,0.353,0.33,0,0.423,0.306,-0.27,0,0,0.273,-0.34,0.018,0,0.216,-1.11,0.417,0,0.333,0.26,0,0.363,0.292,-0.22,0,0
94996,20260528,-96.85,40.7,0.3,0.14,0,0.274,0.345,0.27,0,0.321,0.298,-0.3,0,0,0.268,-0.36,0.012,0,0.215,-1.11,0.399,0,0.322,0.18,0,0.274,0.285,-0.27,0.101,0
94996,20260529,-96.85,40.7,0.283,0.02,0,0.202,0.337,0.21,0,0.232,0.291,-0.33,0,0,0.264,-0.38,0,0,0.214,-1.12,0.375,0,0.31,0.09,0,0.179,0.278,-0.32,0.244,0
94996,20260530,-96.85,40.7,0.282,0.02,0,0.208,0.33,0.16,0,0.143,0.287,-0.34,0,0,0.261,-0.38,0,0,0.216,-1.11,0.423,0,0.306,0.06,0,0.113,0.275,-0.33,0.244,0
94996,20260531,-96.85,40.7,0.285,0.04,0,0.28,0.329,0.15,0,0.101,0.288,-0.33,0,0,0.26,-0.37,0,0,0.217,-1.09,0.482,0,0.307,0.06,0,0.196,0.276,-0.31,0.244,0
94996,20260601,-96.85,40.7,0.29,0.07,0,0.351,0.33,0.15,0,0.137,0.29,-0.31,0,0,0.261,-0.36,0,0,0.219,-1.08,0.619,0,0.31,0.08,0,0.25,0.278,-0.29,0.244,0
94996,20260602,-96.85,40.7,0.298,0.12,0,0.387,0.333,0.18,0,0.179,0.295,-0.27,0,0,0.264,-0.32,0,0,0.222,-1.05,0.744,0,0.316,0.12,0,0.28,0.282,-0.24,0.244,0
94996,20260603,-96.85,40.7,0.311,0.21,0,0.491,0.34,0.22,0,0.311,0.302,-0.23,0,0,0.268,-0.28,0,0,0.223,-1.04,0.856,0,0.325,0.19,0,0.389,0.289,-0.18,0.246,0
94996,20260604,-96.85,40.7,0.324,0.3,0,0.491,0.346,0.27,0,0.311,0.307,-0.19,0,0,0.271,-0.25,0,0,0.225,-1.01,0.94,0,0.335,0.25,0,0.389,0.295,-0.13,0.144,0
94996,20260605,-96.85,40.7,0.343,0.42,0,0.599,0.356,0.34,0,0.413,0.316,-0.14,0,0,0.276,-0.22,0,0,0.228,-0.98,0.994,0,0.35,0.35,0,0.497,0.304,-0.05,0,0
94996,20260606,-96.85,40.7,0.345,0.43,0,0.605,0.365,0.4,0,0.527,0.322,-0.11,0,0,0.281,-0.18,0,0.006,0.234,-0.92,0.976,0,0.355,0.38,0,0.569,0.309,-0.01,0,0.006
94996,20260607,-96.85,40.7,0.346,0.44,0,0.605,0.368,0.42,0,0.593,0.324,-0.1,0,0,0.286,-0.14,0,0.006,0.247,-0.79,0.832,0,0.357,0.4,0,0.569,0.314,0.03,0,0.006
94996,20260608,-96.85,40.7,0.346,0.44,0,0.599,0.37,0.43,0,0.617,0.325,-0.1,0,0,0.289,-0.11,0,0.006,0.263,-0.65,0.689,0,0.358,0.41,0,0.575,0.319,0.07,0,0.006
94996,20260609,-96.85,40.7,0.344,0.43,0,0.563,0.369,0.42,0,0.581,0.323,-0.11,0,0,0.288,-0.11,0,0.006,0.276,-0.53,0.545,0,0.357,0.4,0,0.545,0.32,0.09,0,0.006
94996,20260610,-96.85,40.7,0.337,0.39,0,0.458,0.365,0.4,0,0.452,0.32,-0.13,0,0,0.287,-0.11,0,0.006,0.29,-0.4,0.405,0,0.351,0.36,0,0.435,0.32,0.09,0,0.006
94996,20260611,-96.85,40.7,0.333,0.37,0,0.47,0.363,0.38,0,0.458,0.318,-0.14,0,0,0.287,-0.1,0,0.006,0.304,-0.27,0.262,0,0.348,0.34,0,0.446,0.321,0.11,0,0.006
94996,20260612,-96.85,40.7,0.333,0.38,0,0.506,0.364,0.4,0,0.494,0.318,-0.13,0,0,0.287,-0.09,0,0.006,0.319,-0.13,0.119,0,0.349,0.36,0,0.482,0.324,0.15,0,0.006
94996,20260613,-96.85,40.7,0.327,0.36,0,0.464,0.361,0.38,0,0.458,0.314,-0.15,0,0,0.284,-0.1,0,0,0.329,-0.03,0,0,0.344,0.35,0,0.435,0.323,0.15,0,0
94996,20260614,-96.85,40.7,0.319,0.32,0,0.321,0.357,0.36,0,0.321,0.307,-0.18,0,0,0.277,-0.13,0,0,0.327,-0.04,0,0,0.338,0.32,0,0.304,0.317,0.11,0,0
94996,20260615,-96.85,40.7,0.311,0.29,0,0.256,0.353,0.34,0,0.262,0.301,-0.2,0,0,0.273,-0.15,0,0,0.323,-0.05,0,0,0.332,0.29,0,0.244,0.312,0.08,0,0
94996,20260616,-96.85,40.7,0.303,0.26,0,0.256,0.348,0.32,0,0.256,0.296,-0.22,0,0,0.269,-0.17,0,0,0.32,-0.07,0,0,0.326,0.27,0,0.244,0.307,0.05,0,0
94996,20260617,-96.85,40.7,0.297,0.24,0,0.256,0.343,0.29,0,0.25,0.29,-0.24,0,0,0.264,-0.19,0,0,0.317,-0.09,0,0,0.32,0.26,0,0.244,0.302,0.02,0,0
94996,20260618,-96.85,40.7,0.29,0.21,0,0.244,0.336,0.26,0,0.244,0.283,-0.26,0,0,0.26,-0.22,0,0,0.313,-0.12,0,0,0.313,0.23,0,0.232,0.296,-0.02,0,0
94996,20260619,-96.85,40.7,0.271,0.1,0,0.102,0.321,0.17,0,0.108,0.271,-0.32,0.006,0,0.252,-0.26,0,0,0.306,-0.19,0,0,0.296,0.14,0,0.09,0.284,-0.1,0,0
94996,20260620,-96.85,40.7,0.256,0.02,0,0,0.308,0.09,0,0.006,0.261,-0.36,0.048,0,0.245,-0.3,0,0,0.3,-0.24,0,0,0.282,0.06,0,0,0.274,-0.18,0,0
94996,20260621,-96.85,40.7,0.255,0.03,0,0.066,0.298,0.04,0,0,0.254,-0.39,0.084,0,0.241,-0.31,0,0,0.299,-0.25,0,0,0.277,0.05,0,0.06,0.269,-0.2,0,0
94996,20260622,-96.85,40.7,0.265,0.11,0,0.21,0.29,0,0,0,0.247,-0.42,0.174,0,0.237,-0.33,0,0,0.298,-0.26,0,0,0.278,0.07,0,0.096,0.267,-0.2,0,0
94996,20260623,-96.85,40.7,0.274,0.18,0,0.341,0.284,-0.04,0,0,0.242,-0.45,0.317,0,0.232,-0.35,0,0,0.295,-0.28,0,0,0.279,0.1,0,0.096,0.265,-0.2,0,0
94996,20260624,-96.85,40.7,0.279,0.22,0,0.385,0.28,-0.06,0,0,0.238,-0.47,0.392,0,0.23,-0.36,0,0,0.294,-0.29,0,0,0.28,0.11,0,0.108,0.264,-0.21,0,0
